  0
SECTION
2
HEADER
9
$ACADVER
1
AC1009
  0
ENDSEC
  0
SECTION
2
TABLES
  0
TABLE
  2
LAYER
70
17
  0
LAYER
2
BOARD_OUTLINE
70
0
62
1
6
CONTINUOUS
  0
LAYER
2
LAYNR1
70
0
62
2
6
CONTINUOUS
  0
LAYER
2
LAYNR2
70
0
62
3
6
CONTINUOUS
  0
LAYER
2
2DLINES_1
70
0
62
4
6
CONTINUOUS
  0
LAYER
2
PLACEMENT_OUTLINE_TOP
70
0
62
5
6
CONTINUOUS
  0
LAYER
2
PADLAYER_TOP
70
0
62
6
6
CONTINUOUS
  0
LAYER
2
Top
70
0
62
7
6
CONTINUOUS
  0
LAYER
2
Bottom
70
0
62
8
6
CONTINUOUS
  0
LAYER
2
LAYNR8
70
0
62
9
6
CONTINUOUS
  0
LAYER
2
PADLAYER_BOTTOM
70
0
62
10
6
CONTINUOUS
  0
LAYER
2
TOOL_TOP
70
0
62
11
6
CONTINUOUS
  0
LAYER
2
TOOLCODE_TOP
70
0
62
12
6
CONTINUOUS
  0
LAYER
2
2DLINES_2
70
0
62
13
6
CONTINUOUS
  0
LAYER
2
PLACEMENT_OUTLINE_BOTTOM
70
0
62
14
6
CONTINUOUS
  0
LAYER
2
TOOL_BOT
70
0
62
15
6
CONTINUOUS
  0
LAYER
2
TOOLCODE_BOT
70
0
62
1
6
CONTINUOUS
  0
LAYER
2
DRILLHOLE
70
0
62
2
6
CONTINUOUS
  0
ENDTAB
  0
ENDSEC
  0
SECTION
2
BLOCKS
  0
ENDSEC
  0
SECTION
2
ENTITIES
  0
POLYLINE
 5
1
  8
BOARD_OUTLINE
 66
1
 40
0.200000
 41
0.200000
  0
VERTEX
 5
2
  8
BOARD_OUTLINE
 10
96.00000
 20
82.00000
 42
0.414214
  0
VERTEX
 5
3
  8
BOARD_OUTLINE
 10
93.00000
 20
85.00000
  0
SEQEND
  8
BOARD_OUTLINE
  0
POLYLINE
 5
4
  8
BOARD_OUTLINE
 66
1
 70
1
 40
0.100000
 41
0.100000
  0
VERTEX
 5
5
  8
BOARD_OUTLINE
 10
95.95000
 20
82.00000
 42
1.0
  0
VERTEX
 5
6
  8
BOARD_OUTLINE
 10
96.05000
 20
82.00000
 42
1.0
  0
SEQEND
  8
BOARD_OUTLINE
  0
POLYLINE
 5
7
  8
BOARD_OUTLINE
 66
1
 70
1
 40
0.100000
 41
0.100000
  0
VERTEX
 5
8
  8
BOARD_OUTLINE
 10
92.95000
 20
85.00000
 42
1.0
  0
VERTEX
 5
9
  8
BOARD_OUTLINE
 10
93.05000
 20
85.00000
 42
1.0
  0
SEQEND
  8
BOARD_OUTLINE
  0
POLYLINE
 5
A
  8
BOARD_OUTLINE
 66
1
 40
0.200000
 41
0.200000
  0
VERTEX
 5
B
  8
BOARD_OUTLINE
 10
93.00000
 20
85.00000
  0
VERTEX
 5
C
  8
BOARD_OUTLINE
 10
3.00000
 20
85.00000
 42
0.414214
  0
SEQEND
  8
BOARD_OUTLINE
  0
POLYLINE
 5
D
  8
BOARD_OUTLINE
 66
1
 70
1
 40
0.100000
 41
0.100000
  0
VERTEX
 5
E
  8
BOARD_OUTLINE
 10
92.95000
 20
85.00000
 42
1.0
  0
VERTEX
 5
F
  8
BOARD_OUTLINE
 10
93.05000
 20
85.00000
 42
1.0
  0
SEQEND
  8
BOARD_OUTLINE
  0
POLYLINE
 5
10
  8
BOARD_OUTLINE
 66
1
 70
1
 40
0.100000
 41
0.100000
  0
VERTEX
 5
11
  8
BOARD_OUTLINE
 10
2.95000
 20
85.00000
 42
1.0
  0
VERTEX
 5
12
  8
BOARD_OUTLINE
 10
3.05000
 20
85.00000
 42
1.0
  0
SEQEND
  8
BOARD_OUTLINE
  0
POLYLINE
 5
13
  8
BOARD_OUTLINE
 66
1
 40
0.200000
 41
0.200000
  0
VERTEX
 5
14
  8
BOARD_OUTLINE
 10
3.00000
 20
85.00000
 42
0.414214
  0
VERTEX
 5
15
  8
BOARD_OUTLINE
 10
0.00000
 20
82.00000
  0
SEQEND
  8
BOARD_OUTLINE
  0
POLYLINE
 5
16
  8
BOARD_OUTLINE
 66
1
 70
1
 40
0.100000
 41
0.100000
  0
VERTEX
 5
17
  8
BOARD_OUTLINE
 10
2.95000
 20
85.00000
 42
1.0
  0
VERTEX
 5
18
  8
BOARD_OUTLINE
 10
3.05000
 20
85.00000
 42
1.0
  0
SEQEND
  8
BOARD_OUTLINE
  0
POLYLINE
 5
19
  8
BOARD_OUTLINE
 66
1
 70
1
 40
0.100000
 41
0.100000
  0
VERTEX
 5
1A
  8
BOARD_OUTLINE
 10
-0.05000
 20
82.00000
 42
1.0
  0
VERTEX
 5
1B
  8
BOARD_OUTLINE
 10
0.05000
 20
82.00000
 42
1.0
  0
SEQEND
  8
BOARD_OUTLINE
  0
POLYLINE
 5
1C
  8
BOARD_OUTLINE
 66
1
 40
0.200000
 41
0.200000
  0
VERTEX
 5
1D
  8
BOARD_OUTLINE
 10
0.00000
 20
82.00000
  0
VERTEX
 5
1E
  8
BOARD_OUTLINE
 10
0.00000
 20
3.00000
 42
0.414214
  0
SEQEND
  8
BOARD_OUTLINE
  0
POLYLINE
 5
1F
  8
BOARD_OUTLINE
 66
1
 70
1
 40
0.100000
 41
0.100000
  0
VERTEX
 5
20
  8
BOARD_OUTLINE
 10
-0.05000
 20
82.00000
 42
1.0
  0
VERTEX
 5
21
  8
BOARD_OUTLINE
 10
0.05000
 20
82.00000
 42
1.0
  0
SEQEND
  8
BOARD_OUTLINE
  0
POLYLINE
 5
22
  8
BOARD_OUTLINE
 66
1
 70
1
 40
0.100000
 41
0.100000
  0
VERTEX
 5
23
  8
BOARD_OUTLINE
 10
-0.05000
 20
3.00000
 42
1.0
  0
VERTEX
 5
24
  8
BOARD_OUTLINE
 10
0.05000
 20
3.00000
 42
1.0
  0
SEQEND
  8
BOARD_OUTLINE
  0
POLYLINE
 5
25
  8
BOARD_OUTLINE
 66
1
 40
0.200000
 41
0.200000
  0
VERTEX
 5
26
  8
BOARD_OUTLINE
 10
0.00000
 20
3.00000
 42
0.414214
  0
VERTEX
 5
27
  8
BOARD_OUTLINE
 10
3.00000
 20
0.00000
  0
SEQEND
  8
BOARD_OUTLINE
  0
POLYLINE
 5
28
  8
BOARD_OUTLINE
 66
1
 70
1
 40
0.100000
 41
0.100000
  0
VERTEX
 5
29
  8
BOARD_OUTLINE
 10
-0.05000
 20
3.00000
 42
1.0
  0
VERTEX
 5
2A
  8
BOARD_OUTLINE
 10
0.05000
 20
3.00000
 42
1.0
  0
SEQEND
  8
BOARD_OUTLINE
  0
POLYLINE
 5
2B
  8
BOARD_OUTLINE
 66
1
 70
1
 40
0.100000
 41
0.100000
  0
VERTEX
 5
2C
  8
BOARD_OUTLINE
 10
2.95000
 20
0.00000
 42
1.0
  0
VERTEX
 5
2D
  8
BOARD_OUTLINE
 10
3.05000
 20
0.00000
 42
1.0
  0
SEQEND
  8
BOARD_OUTLINE
  0
POLYLINE
 5
2E
  8
BOARD_OUTLINE
 66
1
 40
0.200000
 41
0.200000
  0
VERTEX
 5
2F
  8
BOARD_OUTLINE
 10
3.00000
 20
0.00000
  0
VERTEX
 5
30
  8
BOARD_OUTLINE
 10
93.00000
 20
0.00000
 42
0.414214
  0
SEQEND
  8
BOARD_OUTLINE
  0
POLYLINE
 5
31
  8
BOARD_OUTLINE
 66
1
 70
1
 40
0.100000
 41
0.100000
  0
VERTEX
 5
32
  8
BOARD_OUTLINE
 10
2.95000
 20
0.00000
 42
1.0
  0
VERTEX
 5
33
  8
BOARD_OUTLINE
 10
3.05000
 20
0.00000
 42
1.0
  0
SEQEND
  8
BOARD_OUTLINE
  0
POLYLINE
 5
34
  8
BOARD_OUTLINE
 66
1
 70
1
 40
0.100000
 41
0.100000
  0
VERTEX
 5
35
  8
BOARD_OUTLINE
 10
92.95000
 20
0.00000
 42
1.0
  0
VERTEX
 5
36
  8
BOARD_OUTLINE
 10
93.05000
 20
0.00000
 42
1.0
  0
SEQEND
  8
BOARD_OUTLINE
  0
POLYLINE
 5
37
  8
BOARD_OUTLINE
 66
1
 40
0.200000
 41
0.200000
  0
VERTEX
 5
38
  8
BOARD_OUTLINE
 10
93.00000
 20
0.00000
 42
0.414214
  0
VERTEX
 5
39
  8
BOARD_OUTLINE
 10
96.00000
 20
3.00000
  0
SEQEND
  8
BOARD_OUTLINE
  0
POLYLINE
 5
3A
  8
BOARD_OUTLINE
 66
1
 70
1
 40
0.100000
 41
0.100000
  0
VERTEX
 5
3B
  8
BOARD_OUTLINE
 10
92.95000
 20
0.00000
 42
1.0
  0
VERTEX
 5
3C
  8
BOARD_OUTLINE
 10
93.05000
 20
0.00000
 42
1.0
  0
SEQEND
  8
BOARD_OUTLINE
  0
POLYLINE
 5
3D
  8
BOARD_OUTLINE
 66
1
 70
1
 40
0.100000
 41
0.100000
  0
VERTEX
 5
3E
  8
BOARD_OUTLINE
 10
95.95000
 20
3.00000
 42
1.0
  0
VERTEX
 5
3F
  8
BOARD_OUTLINE
 10
96.05000
 20
3.00000
 42
1.0
  0
SEQEND
  8
BOARD_OUTLINE
  0
POLYLINE
 5
40
  8
BOARD_OUTLINE
 66
1
 40
0.200000
 41
0.200000
  0
VERTEX
 5
41
  8
BOARD_OUTLINE
 10
96.00000
 20
3.00000
  0
VERTEX
 5
42
  8
BOARD_OUTLINE
 10
96.00000
 20
82.00000
  0
SEQEND
  8
BOARD_OUTLINE
  0
POLYLINE
 5
43
  8
BOARD_OUTLINE
 66
1
 70
1
 40
0.100000
 41
0.100000
  0
VERTEX
 5
44
  8
BOARD_OUTLINE
 10
95.95000
 20
3.00000
 42
1.0
  0
VERTEX
 5
45
  8
BOARD_OUTLINE
 10
96.05000
 20
3.00000
 42
1.0
  0
SEQEND
  8
BOARD_OUTLINE
  0
POLYLINE
 5
46
  8
BOARD_OUTLINE
 66
1
 70
1
 40
0.100000
 41
0.100000
  0
VERTEX
 5
47
  8
BOARD_OUTLINE
 10
95.95000
 20
82.00000
 42
1.0
  0
VERTEX
 5
48
  8
BOARD_OUTLINE
 10
96.05000
 20
82.00000
 42
1.0
  0
SEQEND
  8
BOARD_OUTLINE
  0
POLYLINE
 5
49
  8
BOARD_OUTLINE
 66
1
 40
0.200000
 41
0.200000
  0
VERTEX
 5
4A
  8
BOARD_OUTLINE
 10
96.00000
 20
82.00000
 42
0.414214
  0
VERTEX
 5
4B
  8
BOARD_OUTLINE
 10
93.00000
 20
85.00000
  0
SEQEND
  8
BOARD_OUTLINE
  0
POLYLINE
 5
4C
  8
BOARD_OUTLINE
 66
1
 70
1
 40
0.100000
 41
0.100000
  0
VERTEX
 5
4D
  8
BOARD_OUTLINE
 10
95.95000
 20
82.00000
 42
1.0
  0
VERTEX
 5
4E
  8
BOARD_OUTLINE
 10
96.05000
 20
82.00000
 42
1.0
  0
SEQEND
  8
BOARD_OUTLINE
  0
POLYLINE
 5
4F
  8
BOARD_OUTLINE
 66
1
 70
1
 40
0.100000
 41
0.100000
  0
VERTEX
 5
50
  8
BOARD_OUTLINE
 10
92.95000
 20
85.00000
 42
1.0
  0
VERTEX
 5
51
  8
BOARD_OUTLINE
 10
93.05000
 20
85.00000
 42
1.0
  0
SEQEND
  8
BOARD_OUTLINE
  0
POLYLINE
 5
52
  8
BOARD_OUTLINE
 66
1
 40
0.200000
 41
0.200000
  0
VERTEX
 5
53
  8
BOARD_OUTLINE
 10
93.00000
 20
85.00000
  0
VERTEX
 5
54
  8
BOARD_OUTLINE
 10
3.00000
 20
85.00000
 42
0.414214
  0
SEQEND
  8
BOARD_OUTLINE
  0
POLYLINE
 5
55
  8
BOARD_OUTLINE
 66
1
 70
1
 40
0.100000
 41
0.100000
  0
VERTEX
 5
56
  8
BOARD_OUTLINE
 10
92.95000
 20
85.00000
 42
1.0
  0
VERTEX
 5
57
  8
BOARD_OUTLINE
 10
93.05000
 20
85.00000
 42
1.0
  0
SEQEND
  8
BOARD_OUTLINE
  0
POLYLINE
 5
58
  8
BOARD_OUTLINE
 66
1
 70
1
 40
0.100000
 41
0.100000
  0
VERTEX
 5
59
  8
BOARD_OUTLINE
 10
2.95000
 20
85.00000
 42
1.0
  0
VERTEX
 5
5A
  8
BOARD_OUTLINE
 10
3.05000
 20
85.00000
 42
1.0
  0
SEQEND
  8
BOARD_OUTLINE
  0
POLYLINE
 5
5B
  8
BOARD_OUTLINE
 66
1
 40
0.200000
 41
0.200000
  0
VERTEX
 5
5C
  8
BOARD_OUTLINE
 10
3.00000
 20
85.00000
 42
0.414214
  0
VERTEX
 5
5D
  8
BOARD_OUTLINE
 10
0.00000
 20
82.00000
  0
SEQEND
  8
BOARD_OUTLINE
  0
POLYLINE
 5
5E
  8
BOARD_OUTLINE
 66
1
 70
1
 40
0.100000
 41
0.100000
  0
VERTEX
 5
5F
  8
BOARD_OUTLINE
 10
2.95000
 20
85.00000
 42
1.0
  0
VERTEX
 5
60
  8
BOARD_OUTLINE
 10
3.05000
 20
85.00000
 42
1.0
  0
SEQEND
  8
BOARD_OUTLINE
  0
POLYLINE
 5
61
  8
BOARD_OUTLINE
 66
1
 70
1
 40
0.100000
 41
0.100000
  0
VERTEX
 5
62
  8
BOARD_OUTLINE
 10
-0.05000
 20
82.00000
 42
1.0
  0
VERTEX
 5
63
  8
BOARD_OUTLINE
 10
0.05000
 20
82.00000
 42
1.0
  0
SEQEND
  8
BOARD_OUTLINE
  0
POLYLINE
 5
64
  8
BOARD_OUTLINE
 66
1
 40
0.200000
 41
0.200000
  0
VERTEX
 5
65
  8
BOARD_OUTLINE
 10
0.00000
 20
82.00000
  0
VERTEX
 5
66
  8
BOARD_OUTLINE
 10
0.00000
 20
3.00000
 42
0.414214
  0
SEQEND
  8
BOARD_OUTLINE
  0
POLYLINE
 5
67
  8
BOARD_OUTLINE
 66
1
 70
1
 40
0.100000
 41
0.100000
  0
VERTEX
 5
68
  8
BOARD_OUTLINE
 10
-0.05000
 20
82.00000
 42
1.0
  0
VERTEX
 5
69
  8
BOARD_OUTLINE
 10
0.05000
 20
82.00000
 42
1.0
  0
SEQEND
  8
BOARD_OUTLINE
  0
POLYLINE
 5
6A
  8
BOARD_OUTLINE
 66
1
 70
1
 40
0.100000
 41
0.100000
  0
VERTEX
 5
6B
  8
BOARD_OUTLINE
 10
-0.05000
 20
3.00000
 42
1.0
  0
VERTEX
 5
6C
  8
BOARD_OUTLINE
 10
0.05000
 20
3.00000
 42
1.0
  0
SEQEND
  8
BOARD_OUTLINE
  0
POLYLINE
 5
6D
  8
BOARD_OUTLINE
 66
1
 40
0.200000
 41
0.200000
  0
VERTEX
 5
6E
  8
BOARD_OUTLINE
 10
0.00000
 20
3.00000
 42
0.414214
  0
VERTEX
 5
6F
  8
BOARD_OUTLINE
 10
3.00000
 20
0.00000
  0
SEQEND
  8
BOARD_OUTLINE
  0
POLYLINE
 5
70
  8
BOARD_OUTLINE
 66
1
 70
1
 40
0.100000
 41
0.100000
  0
VERTEX
 5
71
  8
BOARD_OUTLINE
 10
-0.05000
 20
3.00000
 42
1.0
  0
VERTEX
 5
72
  8
BOARD_OUTLINE
 10
0.05000
 20
3.00000
 42
1.0
  0
SEQEND
  8
BOARD_OUTLINE
  0
POLYLINE
 5
73
  8
BOARD_OUTLINE
 66
1
 70
1
 40
0.100000
 41
0.100000
  0
VERTEX
 5
74
  8
BOARD_OUTLINE
 10
2.95000
 20
0.00000
 42
1.0
  0
VERTEX
 5
75
  8
BOARD_OUTLINE
 10
3.05000
 20
0.00000
 42
1.0
  0
SEQEND
  8
BOARD_OUTLINE
  0
POLYLINE
 5
76
  8
BOARD_OUTLINE
 66
1
 40
0.200000
 41
0.200000
  0
VERTEX
 5
77
  8
BOARD_OUTLINE
 10
3.00000
 20
0.00000
  0
VERTEX
 5
78
  8
BOARD_OUTLINE
 10
93.00000
 20
0.00000
 42
0.414214
  0
SEQEND
  8
BOARD_OUTLINE
  0
POLYLINE
 5
79
  8
BOARD_OUTLINE
 66
1
 70
1
 40
0.100000
 41
0.100000
  0
VERTEX
 5
7A
  8
BOARD_OUTLINE
 10
2.95000
 20
0.00000
 42
1.0
  0
VERTEX
 5
7B
  8
BOARD_OUTLINE
 10
3.05000
 20
0.00000
 42
1.0
  0
SEQEND
  8
BOARD_OUTLINE
  0
POLYLINE
 5
7C
  8
BOARD_OUTLINE
 66
1
 70
1
 40
0.100000
 41
0.100000
  0
VERTEX
 5
7D
  8
BOARD_OUTLINE
 10
92.95000
 20
0.00000
 42
1.0
  0
VERTEX
 5
7E
  8
BOARD_OUTLINE
 10
93.05000
 20
0.00000
 42
1.0
  0
SEQEND
  8
BOARD_OUTLINE
  0
POLYLINE
 5
7F
  8
BOARD_OUTLINE
 66
1
 40
0.200000
 41
0.200000
  0
VERTEX
 5
80
  8
BOARD_OUTLINE
 10
93.00000
 20
0.00000
 42
0.414214
  0
VERTEX
 5
81
  8
BOARD_OUTLINE
 10
96.00000
 20
3.00000
  0
SEQEND
  8
BOARD_OUTLINE
  0
POLYLINE
 5
82
  8
BOARD_OUTLINE
 66
1
 70
1
 40
0.100000
 41
0.100000
  0
VERTEX
 5
83
  8
BOARD_OUTLINE
 10
92.95000
 20
0.00000
 42
1.0
  0
VERTEX
 5
84
  8
BOARD_OUTLINE
 10
93.05000
 20
0.00000
 42
1.0
  0
SEQEND
  8
BOARD_OUTLINE
  0
POLYLINE
 5
85
  8
BOARD_OUTLINE
 66
1
 70
1
 40
0.100000
 41
0.100000
  0
VERTEX
 5
86
  8
BOARD_OUTLINE
 10
95.95000
 20
3.00000
 42
1.0
  0
VERTEX
 5
87
  8
BOARD_OUTLINE
 10
96.05000
 20
3.00000
 42
1.0
  0
SEQEND
  8
BOARD_OUTLINE
  0
POLYLINE
 5
88
  8
BOARD_OUTLINE
 66
1
 40
0.200000
 41
0.200000
  0
VERTEX
 5
89
  8
BOARD_OUTLINE
 10
96.00000
 20
3.00000
  0
VERTEX
 5
8A
  8
BOARD_OUTLINE
 10
96.00000
 20
82.00000
  0
SEQEND
  8
BOARD_OUTLINE
  0
POLYLINE
 5
8B
  8
BOARD_OUTLINE
 66
1
 70
1
 40
0.100000
 41
0.100000
  0
VERTEX
 5
8C
  8
BOARD_OUTLINE
 10
95.95000
 20
3.00000
 42
1.0
  0
VERTEX
 5
8D
  8
BOARD_OUTLINE
 10
96.05000
 20
3.00000
 42
1.0
  0
SEQEND
  8
BOARD_OUTLINE
  0
POLYLINE
 5
8E
  8
BOARD_OUTLINE
 66
1
 70
1
 40
0.100000
 41
0.100000
  0
VERTEX
 5
8F
  8
BOARD_OUTLINE
 10
95.95000
 20
82.00000
 42
1.0
  0
VERTEX
 5
90
  8
BOARD_OUTLINE
 10
96.05000
 20
82.00000
 42
1.0
  0
SEQEND
  8
BOARD_OUTLINE
  0
POLYLINE
 5
91
  8
LAYNR1
 66
1
 40
0.800000
 41
0.800000
  0
VERTEX
 5
92
  8
LAYNR1
 10
36.71900
 20
6.31400
  0
VERTEX
 5
93
  8
LAYNR1
 10
36.71900
 20
0.70400
  0
SEQEND
  8
LAYNR1
  0
POLYLINE
 5
94
  8
LAYNR1
 66
1
 70
1
 40
0.400000
 41
0.400000
  0
VERTEX
 5
95
  8
LAYNR1
 10
36.51900
 20
6.31400
 42
1.0
  0
VERTEX
 5
96
  8
LAYNR1
 10
36.91900
 20
6.31400
 42
1.0
  0
SEQEND
  8
LAYNR1
  0
POLYLINE
 5
97
  8
LAYNR1
 66
1
 70
1
 40
0.400000
 41
0.400000
  0
VERTEX
 5
98
  8
LAYNR1
 10
36.51900
 20
0.70400
 42
1.0
  0
VERTEX
 5
99
  8
LAYNR1
 10
36.91900
 20
0.70400
 42
1.0
  0
SEQEND
  8
LAYNR1
  0
POLYLINE
 5
9A
  8
LAYNR1
 66
1
 40
0.800000
 41
0.800000
  0
VERTEX
 5
9B
  8
LAYNR1
 10
36.71900
 20
0.70400
  0
VERTEX
 5
9C
  8
LAYNR1
 10
19.91900
 20
0.70400
  0
SEQEND
  8
LAYNR1
  0
POLYLINE
 5
9D
  8
LAYNR1
 66
1
 70
1
 40
0.400000
 41
0.400000
  0
VERTEX
 5
9E
  8
LAYNR1
 10
36.51900
 20
0.70400
 42
1.0
  0
VERTEX
 5
9F
  8
LAYNR1
 10
36.91900
 20
0.70400
 42
1.0
  0
SEQEND
  8
LAYNR1
  0
POLYLINE
 5
A0
  8
LAYNR1
 66
1
 70
1
 40
0.400000
 41
0.400000
  0
VERTEX
 5
A1
  8
LAYNR1
 10
19.71900
 20
0.70400
 42
1.0
  0
VERTEX
 5
A2
  8
LAYNR1
 10
20.11900
 20
0.70400
 42
1.0
  0
SEQEND
  8
LAYNR1
  0
POLYLINE
 5
A3
  8
LAYNR1
 66
1
 40
0.800000
 41
0.800000
  0
VERTEX
 5
A4
  8
LAYNR1
 10
19.91900
 20
0.70400
  0
VERTEX
 5
A5
  8
LAYNR1
 10
19.91900
 20
6.31400
  0
SEQEND
  8
LAYNR1
  0
POLYLINE
 5
A6
  8
LAYNR1
 66
1
 70
1
 40
0.400000
 41
0.400000
  0
VERTEX
 5
A7
  8
LAYNR1
 10
19.71900
 20
0.70400
 42
1.0
  0
VERTEX
 5
A8
  8
LAYNR1
 10
20.11900
 20
0.70400
 42
1.0
  0
SEQEND
  8
LAYNR1
  0
POLYLINE
 5
A9
  8
LAYNR1
 66
1
 70
1
 40
0.400000
 41
0.400000
  0
VERTEX
 5
AA
  8
LAYNR1
 10
19.71900
 20
6.31400
 42
1.0
  0
VERTEX
 5
AB
  8
LAYNR1
 10
20.11900
 20
6.31400
 42
1.0
  0
SEQEND
  8
LAYNR1
  0
POLYLINE
 5
AC
  8
LAYNR1
 66
1
 40
0.800000
 41
0.800000
  0
VERTEX
 5
AD
  8
LAYNR1
 10
19.91900
 20
6.31400
  0
VERTEX
 5
AE
  8
LAYNR1
 10
36.71900
 20
6.31400
  0
SEQEND
  8
LAYNR1
  0
POLYLINE
 5
AF
  8
LAYNR1
 66
1
 70
1
 40
0.400000
 41
0.400000
  0
VERTEX
 5
B0
  8
LAYNR1
 10
19.71900
 20
6.31400
 42
1.0
  0
VERTEX
 5
B1
  8
LAYNR1
 10
20.11900
 20
6.31400
 42
1.0
  0
SEQEND
  8
LAYNR1
  0
POLYLINE
 5
B2
  8
LAYNR1
 66
1
 70
1
 40
0.400000
 41
0.400000
  0
VERTEX
 5
B3
  8
LAYNR1
 10
36.51900
 20
6.31400
 42
1.0
  0
VERTEX
 5
B4
  8
LAYNR1
 10
36.91900
 20
6.31400
 42
1.0
  0
SEQEND
  8
LAYNR1
  0
POLYLINE
 5
B5
  8
LAYNR1
 66
1
 40
0.700000
 41
0.700000
  0
VERTEX
 5
B6
  8
LAYNR1
 10
38.41900
 20
4.80900
  0
VERTEX
 5
B7
  8
LAYNR1
 10
38.41900
 20
2.20900
  0
SEQEND
  8
LAYNR1
  0
POLYLINE
 5
B8
  8
LAYNR1
 66
1
 70
1
 40
0.350000
 41
0.350000
  0
VERTEX
 5
B9
  8
LAYNR1
 10
38.24400
 20
4.80900
 42
1.0
  0
VERTEX
 5
BA
  8
LAYNR1
 10
38.59400
 20
4.80900
 42
1.0
  0
SEQEND
  8
LAYNR1
  0
POLYLINE
 5
BB
  8
LAYNR1
 66
1
 70
1
 40
0.350000
 41
0.350000
  0
VERTEX
 5
BC
  8
LAYNR1
 10
38.24400
 20
2.20900
 42
1.0
  0
VERTEX
 5
BD
  8
LAYNR1
 10
38.59400
 20
2.20900
 42
1.0
  0
SEQEND
  8
LAYNR1
  0
POLYLINE
 5
BE
  8
LAYNR1
 66
1
 40
0.700000
 41
0.700000
  0
VERTEX
 5
BF
  8
LAYNR1
 10
38.41900
 20
2.20900
  0
VERTEX
 5
C0
  8
LAYNR1
 10
36.71900
 20
2.20900
  0
SEQEND
  8
LAYNR1
  0
POLYLINE
 5
C1
  8
LAYNR1
 66
1
 70
1
 40
0.350000
 41
0.350000
  0
VERTEX
 5
C2
  8
LAYNR1
 10
38.24400
 20
2.20900
 42
1.0
  0
VERTEX
 5
C3
  8
LAYNR1
 10
38.59400
 20
2.20900
 42
1.0
  0
SEQEND
  8
LAYNR1
  0
POLYLINE
 5
C4
  8
LAYNR1
 66
1
 70
1
 40
0.350000
 41
0.350000
  0
VERTEX
 5
C5
  8
LAYNR1
 10
36.54400
 20
2.20900
 42
1.0
  0
VERTEX
 5
C6
  8
LAYNR1
 10
36.89400
 20
2.20900
 42
1.0
  0
SEQEND
  8
LAYNR1
  0
POLYLINE
 5
C7
  8
LAYNR1
 66
1
 40
0.700000
 41
0.700000
  0
VERTEX
 5
C8
  8
LAYNR1
 10
36.71900
 20
2.20900
  0
VERTEX
 5
C9
  8
LAYNR1
 10
36.71900
 20
4.80900
  0
SEQEND
  8
LAYNR1
  0
POLYLINE
 5
CA
  8
LAYNR1
 66
1
 70
1
 40
0.350000
 41
0.350000
  0
VERTEX
 5
CB
  8
LAYNR1
 10
36.54400
 20
2.20900
 42
1.0
  0
VERTEX
 5
CC
  8
LAYNR1
 10
36.89400
 20
2.20900
 42
1.0
  0
SEQEND
  8
LAYNR1
  0
POLYLINE
 5
CD
  8
LAYNR1
 66
1
 70
1
 40
0.350000
 41
0.350000
  0
VERTEX
 5
CE
  8
LAYNR1
 10
36.54400
 20
4.80900
 42
1.0
  0
VERTEX
 5
CF
  8
LAYNR1
 10
36.89400
 20
4.80900
 42
1.0
  0
SEQEND
  8
LAYNR1
  0
POLYLINE
 5
D0
  8
LAYNR1
 66
1
 40
0.700000
 41
0.700000
  0
VERTEX
 5
D1
  8
LAYNR1
 10
36.71900
 20
4.80900
  0
VERTEX
 5
D2
  8
LAYNR1
 10
38.41900
 20
4.80900
  0
SEQEND
  8
LAYNR1
  0
POLYLINE
 5
D3
  8
LAYNR1
 66
1
 70
1
 40
0.350000
 41
0.350000
  0
VERTEX
 5
D4
  8
LAYNR1
 10
36.54400
 20
4.80900
 42
1.0
  0
VERTEX
 5
D5
  8
LAYNR1
 10
36.89400
 20
4.80900
 42
1.0
  0
SEQEND
  8
LAYNR1
  0
POLYLINE
 5
D6
  8
LAYNR1
 66
1
 70
1
 40
0.350000
 41
0.350000
  0
VERTEX
 5
D7
  8
LAYNR1
 10
38.24400
 20
4.80900
 42
1.0
  0
VERTEX
 5
D8
  8
LAYNR1
 10
38.59400
 20
4.80900
 42
1.0
  0
SEQEND
  8
LAYNR1
  0
POLYLINE
 5
D9
  8
LAYNR1
 66
1
 40
0.450000
 41
0.450000
  0
VERTEX
 5
DA
  8
LAYNR1
 10
40.00000
 20
0.00000
  0
VERTEX
 5
DB
  8
LAYNR1
 10
40.00000
 20
85.00000
  0
SEQEND
  8
LAYNR1
  0
POLYLINE
 5
DC
  8
LAYNR1
 66
1
 70
1
 40
0.225000
 41
0.225000
  0
VERTEX
 5
DD
  8
LAYNR1
 10
39.88750
 20
0.00000
 42
1.0
  0
VERTEX
 5
DE
  8
LAYNR1
 10
40.11250
 20
0.00000
 42
1.0
  0
SEQEND
  8
LAYNR1
  0
POLYLINE
 5
DF
  8
LAYNR1
 66
1
 70
1
 40
0.225000
 41
0.225000
  0
VERTEX
 5
E0
  8
LAYNR1
 10
39.88750
 20
85.00000
 42
1.0
  0
VERTEX
 5
E1
  8
LAYNR1
 10
40.11250
 20
85.00000
 42
1.0
  0
SEQEND
  8
LAYNR1
  0
POLYLINE
 5
E2
  8
LAYNR1
 66
1
 40
0.200000
 41
0.200000
  0
VERTEX
 5
E3
  8
LAYNR1
 10
43.77000
 20
12.18000
  0
VERTEX
 5
E4
  8
LAYNR1
 10
45.77000
 20
12.18000
  0
SEQEND
  8
LAYNR1
  0
POLYLINE
 5
E5
  8
LAYNR1
 66
1
 70
1
 40
0.100000
 41
0.100000
  0
VERTEX
 5
E6
  8
LAYNR1
 10
43.72000
 20
12.18000
 42
1.0
  0
VERTEX
 5
E7
  8
LAYNR1
 10
43.82000
 20
12.18000
 42
1.0
  0
SEQEND
  8
LAYNR1
  0
POLYLINE
 5
E8
  8
LAYNR1
 66
1
 70
1
 40
0.100000
 41
0.100000
  0
VERTEX
 5
E9
  8
LAYNR1
 10
45.72000
 20
12.18000
 42
1.0
  0
VERTEX
 5
EA
  8
LAYNR1
 10
45.82000
 20
12.18000
 42
1.0
  0
SEQEND
  8
LAYNR1
  0
TEXT
  8
LAYNR1
 10
58.70000
 20
4.00000
 40
1.571438
  1
CHG
 72
 1
 73
 2
 11
58.70000
 21
4.00000
  0
TEXT
  8
LAYNR1
 10
58.65200
 20
57.14200
 40
2.142869
  1
Technologies
 72
 1
 73
 2
 11
58.65200
 21
57.14200
  50
270.000001
  0
TEXT
  8
LAYNR1
 10
58.65200
 20
74.52200
 40
2.142869
  1
T
 72
 1
 73
 2
 11
58.65200
 21
74.52200
  50
270.000001
  0
TEXT
  8
LAYNR1
 10
58.65200
 20
77.34200
 40
2.142869
  1
Sup
 72
 1
 73
 2
 11
58.65200
 21
77.34200
  50
270.000001
  0
TEXT
  8
LAYNR1
 10
58.65200
 20
70.04200
 40
2.142869
  1
ronics
 72
 1
 73
 2
 11
58.65200
 21
70.04200
  50
270.000001
  0
TEXT
  8
LAYNR1
 10
59.74200
 20
75.05200
 40
2.142869
  1
l
 72
 1
 73
 2
 11
59.74200
 21
75.05200
  0
TEXT
  8
LAYNR1
 10
53.99700
 20
79.22200
 40
2.000012
  1
5V UPS Shield
 73
 2
 11
53.99700
 21
79.22200
  50
270.000001
  0
TEXT
  8
LAYNR1
 10
49.82000
 20
4.00000
 40
1.571438
  1
5V0
 72
 1
 73
 2
 11
49.82000
 21
4.00000
  0
TEXT
  8
LAYNR1
 10
54.20000
 20
4.00000
 40
1.571438
  1
PI5
 72
 1
 73
 2
 11
54.20000
 21
4.00000
  0
TEXT
  8
LAYNR1
 10
49.99700
 20
79.22200
 40
2.000012
  1
X1202 V1.1
 73
 2
 11
49.99700
 21
79.22200
  50
270.000001
  0
TEXT
  8
LAYNR1
 10
88.32700
 20
53.52200
 40
1.571438
  1
PWR
 72
 1
 73
 2
 11
88.32700
 21
53.52200
  50
89.999982
  0
TEXT
  8
LAYNR1
 10
88.32700
 20
57.03200
 40
1.571438
  1
In
 72
 1
 73
 2
 11
88.32700
 21
57.03200
  50
89.999982
  0
TEXT
  8
LAYNR2
 10
78.35000
 20
46.00500
 40
3.571450
  1
18650
 72
 1
 73
 2
 11
78.35000
 21
46.00500
  50
89.999982
 71
2
  0
TEXT
  8
LAYNR2
 10
59.25000
 20
46.00500
 40
3.571450
  1
18650
 72
 1
 73
 2
 11
59.25000
 21
46.00500
  50
89.999982
 71
2
  0
TEXT
  8
LAYNR1
 10
13.20500
 20
10.46000
 40
2.500015
  1
PSW
 72
 1
 73
 2
 11
13.20500
 21
10.46000
  50
270.000001
  0
TEXT
  8
LAYNR2
 10
36.55000
 20
46.00500
 40
3.571450
  1
18650
 72
 1
 73
 2
 11
36.55000
 21
46.00500
  50
89.999982
 71
2
  0
TEXT
  8
LAYNR2
 10
17.45000
 20
46.00500
 40
3.571450
  1
18650
 72
 1
 73
 2
 11
17.45000
 21
46.00500
  50
89.999982
 71
2
  0
TEXT
  8
LAYNR1
 10
25.71000
 20
21.63000
 40
3.571450
  1
-
 72
 1
 73
 2
 11
25.71000
 21
21.63000
  50
270.000001
  0
TEXT
  8
LAYNR1
 10
24.68000
 20
27.08000
 40
2.857160
  1
+
 72
 1
 73
 2
 11
24.68000
 21
27.08000
  50
180.000019
  0
TEXT
  8
LAYNR1
 10
25.71000
 20
33.66000
 40
3.571450
  1
-
 72
 1
 73
 2
 11
25.71000
 21
33.66000
  50
270.000001
  0
TEXT
  8
LAYNR1
 10
24.68000
 20
39.11000
 40
2.857160
  1
+
 72
 1
 73
 2
 11
24.68000
 21
39.11000
  50
180.000019
  0
TEXT
  8
LAYNR1
 10
27.53000
 20
25.93000
 40
1.571438
  1
5V
 72
 1
 73
 2
 11
27.53000
 21
25.93000
  50
270.000001
  0
TEXT
  8
LAYNR1
 10
27.53000
 20
22.85000
 40
1.571438
  1
Out
 72
 1
 73
 2
 11
27.53000
 21
22.85000
  50
270.000001
  0
TEXT
  8
LAYNR1
 10
27.53000
 20
35.16000
 40
1.571438
  1
Out
 72
 1
 73
 2
 11
27.53000
 21
35.16000
  50
270.000001
  0
TEXT
  8
LAYNR1
 10
27.53000
 20
38.24000
 40
1.571438
  1
5V
 72
 1
 73
 2
 11
27.53000
 21
38.24000
  50
270.000001
  0
TEXT
  8
LAYNR1
 10
21.17000
 20
68.71000
 40
3.571450
  1
-
 72
 1
 73
 2
 11
21.17000
 21
68.71000
  50
270.000001
  0
TEXT
  8
LAYNR1
 10
20.14000
 20
74.16000
 40
2.857160
  1
+
 72
 1
 73
 2
 11
20.14000
 21
74.16000
  50
180.000019
  0
TEXT
  8
LAYNR1
 10
15.83700
 20
78.63200
 40
2.285728
  1
6-18V
 72
 1
 73
 2
 11
15.83700
 21
78.63200
  0
TEXT
  8
LAYNR1
 10
15.21700
 20
81.91200
 40
2.285728
  1
DC
 72
 1
 73
 2
 11
15.21700
 21
81.91200
  0
POLYLINE
 5
EB
  8
2DLINES_1
 66
1
 40
0.200000
 41
0.200000
  0
VERTEX
 5
EC
  8
2DLINES_1
 10
22.82500
 20
28.25000
  0
VERTEX
 5
ED
  8
2DLINES_1
 10
22.82500
 20
20.75000
  0
SEQEND
  8
2DLINES_1
  0
POLYLINE
 5
EE
  8
2DLINES_1
 66
1
 70
1
 40
0.100000
 41
0.100000
  0
VERTEX
 5
EF
  8
2DLINES_1
 10
22.77500
 20
28.25000
 42
1.0
  0
VERTEX
 5
F0
  8
2DLINES_1
 10
22.87500
 20
28.25000
 42
1.0
  0
SEQEND
  8
2DLINES_1
  0
POLYLINE
 5
F1
  8
2DLINES_1
 66
1
 70
1
 40
0.100000
 41
0.100000
  0
VERTEX
 5
F2
  8
2DLINES_1
 10
22.77500
 20
20.75000
 42
1.0
  0
VERTEX
 5
F3
  8
2DLINES_1
 10
22.87500
 20
20.75000
 42
1.0
  0
SEQEND
  8
2DLINES_1
  0
POLYLINE
 5
F4
  8
2DLINES_1
 66
1
 40
0.200000
 41
0.200000
  0
VERTEX
 5
F5
  8
2DLINES_1
 10
22.82500
 20
20.75000
  0
VERTEX
 5
F6
  8
2DLINES_1
 10
16.67500
 20
20.75000
  0
SEQEND
  8
2DLINES_1
  0
POLYLINE
 5
F7
  8
2DLINES_1
 66
1
 70
1
 40
0.100000
 41
0.100000
  0
VERTEX
 5
F8
  8
2DLINES_1
 10
22.77500
 20
20.75000
 42
1.0
  0
VERTEX
 5
F9
  8
2DLINES_1
 10
22.87500
 20
20.75000
 42
1.0
  0
SEQEND
  8
2DLINES_1
  0
POLYLINE
 5
FA
  8
2DLINES_1
 66
1
 70
1
 40
0.100000
 41
0.100000
  0
VERTEX
 5
FB
  8
2DLINES_1
 10
16.62500
 20
20.75000
 42
1.0
  0
VERTEX
 5
FC
  8
2DLINES_1
 10
16.72500
 20
20.75000
 42
1.0
  0
SEQEND
  8
2DLINES_1
  0
POLYLINE
 5
FD
  8
2DLINES_1
 66
1
 40
0.200000
 41
0.200000
  0
VERTEX
 5
FE
  8
2DLINES_1
 10
16.67500
 20
20.75000
  0
VERTEX
 5
FF
  8
2DLINES_1
 10
16.67500
 20
28.25000
  0
SEQEND
  8
2DLINES_1
  0
POLYLINE
 5
100
  8
2DLINES_1
 66
1
 70
1
 40
0.100000
 41
0.100000
  0
VERTEX
 5
101
  8
2DLINES_1
 10
16.62500
 20
20.75000
 42
1.0
  0
VERTEX
 5
102
  8
2DLINES_1
 10
16.72500
 20
20.75000
 42
1.0
  0
SEQEND
  8
2DLINES_1
  0
POLYLINE
 5
103
  8
2DLINES_1
 66
1
 70
1
 40
0.100000
 41
0.100000
  0
VERTEX
 5
104
  8
2DLINES_1
 10
16.62500
 20
28.25000
 42
1.0
  0
VERTEX
 5
105
  8
2DLINES_1
 10
16.72500
 20
28.25000
 42
1.0
  0
SEQEND
  8
2DLINES_1
  0
POLYLINE
 5
106
  8
2DLINES_1
 66
1
 40
0.200000
 41
0.200000
  0
VERTEX
 5
107
  8
2DLINES_1
 10
16.67500
 20
28.25000
  0
VERTEX
 5
108
  8
2DLINES_1
 10
22.82500
 20
28.25000
  0
SEQEND
  8
2DLINES_1
  0
POLYLINE
 5
109
  8
2DLINES_1
 66
1
 70
1
 40
0.100000
 41
0.100000
  0
VERTEX
 5
10A
  8
2DLINES_1
 10
16.62500
 20
28.25000
 42
1.0
  0
VERTEX
 5
10B
  8
2DLINES_1
 10
16.72500
 20
28.25000
 42
1.0
  0
SEQEND
  8
2DLINES_1
  0
POLYLINE
 5
10C
  8
2DLINES_1
 66
1
 70
1
 40
0.100000
 41
0.100000
  0
VERTEX
 5
10D
  8
2DLINES_1
 10
22.77500
 20
28.25000
 42
1.0
  0
VERTEX
 5
10E
  8
2DLINES_1
 10
22.87500
 20
28.25000
 42
1.0
  0
SEQEND
  8
2DLINES_1
  0
POLYLINE
 5
10F
  8
PLACEMENT_OUTLINE_TOP
 66
1
 40
0.200000
 41
0.200000
  0
VERTEX
 5
110
  8
PLACEMENT_OUTLINE_TOP
 10
22.82500
 20
28.25000
  0
VERTEX
 5
111
  8
PLACEMENT_OUTLINE_TOP
 10
22.82500
 20
20.75000
  0
SEQEND
  8
PLACEMENT_OUTLINE_TOP
  0
POLYLINE
 5
112
  8
PLACEMENT_OUTLINE_TOP
 66
1
 70
1
 40
0.100000
 41
0.100000
  0
VERTEX
 5
113
  8
PLACEMENT_OUTLINE_TOP
 10
22.77500
 20
28.25000
 42
1.0
  0
VERTEX
 5
114
  8
PLACEMENT_OUTLINE_TOP
 10
22.87500
 20
28.25000
 42
1.0
  0
SEQEND
  8
PLACEMENT_OUTLINE_TOP
  0
POLYLINE
 5
115
  8
PLACEMENT_OUTLINE_TOP
 66
1
 70
1
 40
0.100000
 41
0.100000
  0
VERTEX
 5
116
  8
PLACEMENT_OUTLINE_TOP
 10
22.77500
 20
20.75000
 42
1.0
  0
VERTEX
 5
117
  8
PLACEMENT_OUTLINE_TOP
 10
22.87500
 20
20.75000
 42
1.0
  0
SEQEND
  8
PLACEMENT_OUTLINE_TOP
  0
POLYLINE
 5
118
  8
PLACEMENT_OUTLINE_TOP
 66
1
 40
0.200000
 41
0.200000
  0
VERTEX
 5
119
  8
PLACEMENT_OUTLINE_TOP
 10
22.82500
 20
20.75000
  0
VERTEX
 5
11A
  8
PLACEMENT_OUTLINE_TOP
 10
16.67500
 20
20.75000
  0
SEQEND
  8
PLACEMENT_OUTLINE_TOP
  0
POLYLINE
 5
11B
  8
PLACEMENT_OUTLINE_TOP
 66
1
 70
1
 40
0.100000
 41
0.100000
  0
VERTEX
 5
11C
  8
PLACEMENT_OUTLINE_TOP
 10
22.77500
 20
20.75000
 42
1.0
  0
VERTEX
 5
11D
  8
PLACEMENT_OUTLINE_TOP
 10
22.87500
 20
20.75000
 42
1.0
  0
SEQEND
  8
PLACEMENT_OUTLINE_TOP
  0
POLYLINE
 5
11E
  8
PLACEMENT_OUTLINE_TOP
 66
1
 70
1
 40
0.100000
 41
0.100000
  0
VERTEX
 5
11F
  8
PLACEMENT_OUTLINE_TOP
 10
16.62500
 20
20.75000
 42
1.0
  0
VERTEX
 5
120
  8
PLACEMENT_OUTLINE_TOP
 10
16.72500
 20
20.75000
 42
1.0
  0
SEQEND
  8
PLACEMENT_OUTLINE_TOP
  0
POLYLINE
 5
121
  8
PLACEMENT_OUTLINE_TOP
 66
1
 40
0.200000
 41
0.200000
  0
VERTEX
 5
122
  8
PLACEMENT_OUTLINE_TOP
 10
16.67500
 20
20.75000
  0
VERTEX
 5
123
  8
PLACEMENT_OUTLINE_TOP
 10
16.67500
 20
28.25000
  0
SEQEND
  8
PLACEMENT_OUTLINE_TOP
  0
POLYLINE
 5
124
  8
PLACEMENT_OUTLINE_TOP
 66
1
 70
1
 40
0.100000
 41
0.100000
  0
VERTEX
 5
125
  8
PLACEMENT_OUTLINE_TOP
 10
16.62500
 20
20.75000
 42
1.0
  0
VERTEX
 5
126
  8
PLACEMENT_OUTLINE_TOP
 10
16.72500
 20
20.75000
 42
1.0
  0
SEQEND
  8
PLACEMENT_OUTLINE_TOP
  0
POLYLINE
 5
127
  8
PLACEMENT_OUTLINE_TOP
 66
1
 70
1
 40
0.100000
 41
0.100000
  0
VERTEX
 5
128
  8
PLACEMENT_OUTLINE_TOP
 10
16.62500
 20
28.25000
 42
1.0
  0
VERTEX
 5
129
  8
PLACEMENT_OUTLINE_TOP
 10
16.72500
 20
28.25000
 42
1.0
  0
SEQEND
  8
PLACEMENT_OUTLINE_TOP
  0
POLYLINE
 5
12A
  8
PLACEMENT_OUTLINE_TOP
 66
1
 40
0.200000
 41
0.200000
  0
VERTEX
 5
12B
  8
PLACEMENT_OUTLINE_TOP
 10
16.67500
 20
28.25000
  0
VERTEX
 5
12C
  8
PLACEMENT_OUTLINE_TOP
 10
22.82500
 20
28.25000
  0
SEQEND
  8
PLACEMENT_OUTLINE_TOP
  0
POLYLINE
 5
12D
  8
PLACEMENT_OUTLINE_TOP
 66
1
 70
1
 40
0.100000
 41
0.100000
  0
VERTEX
 5
12E
  8
PLACEMENT_OUTLINE_TOP
 10
16.62500
 20
28.25000
 42
1.0
  0
VERTEX
 5
12F
  8
PLACEMENT_OUTLINE_TOP
 10
16.72500
 20
28.25000
 42
1.0
  0
SEQEND
  8
PLACEMENT_OUTLINE_TOP
  0
POLYLINE
 5
130
  8
PLACEMENT_OUTLINE_TOP
 66
1
 70
1
 40
0.100000
 41
0.100000
  0
VERTEX
 5
131
  8
PLACEMENT_OUTLINE_TOP
 10
22.77500
 20
28.25000
 42
1.0
  0
VERTEX
 5
132
  8
PLACEMENT_OUTLINE_TOP
 10
22.87500
 20
28.25000
 42
1.0
  0
SEQEND
  8
PLACEMENT_OUTLINE_TOP
  0
SOLID
 5
133
  8
PADLAYER_TOP
 10
20.90000
 20
25.15000
 11
25.40000
 21
25.15000
 12
20.90000
 22
26.35000
 13
25.40000
 23
26.35000
  0
SOLID
 5
134
  8
PADLAYER_TOP
 10
20.90000
 20
22.65000
 11
25.40000
 21
22.65000
 12
20.90000
 22
23.85000
 13
25.40000
 23
23.85000
  0
SOLID
 5
135
  8
PADLAYER_TOP
 10
17.40000
 20
19.35000
 11
20.40000
 21
19.35000
 12
17.40000
 22
20.95000
 13
20.40000
 23
20.95000
  0
SOLID
 5
136
  8
PADLAYER_TOP
 10
17.40000
 20
28.05000
 11
20.40000
 21
28.05000
 12
17.40000
 22
29.65000
 13
20.40000
 23
29.65000
  0
POLYLINE
 5
137
  8
LAYNR1
 66
1
 40
0.150000
 41
0.150000
  0
VERTEX
 5
138
  8
LAYNR1
 10
90.16700
 20
68.65700
  0
VERTEX
 5
139
  8
LAYNR1
 10
90.16700
 20
67.95700
  0
SEQEND
  8
LAYNR1
  0
POLYLINE
 5
13A
  8
LAYNR1
 66
1
 70
1
 40
0.075000
 41
0.075000
  0
VERTEX
 5
13B
  8
LAYNR1
 10
90.12950
 20
68.65700
 42
1.0
  0
VERTEX
 5
13C
  8
LAYNR1
 10
90.20450
 20
68.65700
 42
1.0
  0
SEQEND
  8
LAYNR1
  0
POLYLINE
 5
13D
  8
LAYNR1
 66
1
 70
1
 40
0.075000
 41
0.075000
  0
VERTEX
 5
13E
  8
LAYNR1
 10
90.12950
 20
67.95700
 42
1.0
  0
VERTEX
 5
13F
  8
LAYNR1
 10
90.20450
 20
67.95700
 42
1.0
  0
SEQEND
  8
LAYNR1
  0
POLYLINE
 5
140
  8
PLACEMENT_OUTLINE_TOP
 66
1
 40
0.100000
 41
0.100000
  0
VERTEX
 5
141
  8
PLACEMENT_OUTLINE_TOP
 10
88.77000
 20
67.67200
  0
VERTEX
 5
142
  8
PLACEMENT_OUTLINE_TOP
 10
91.56400
 20
67.67200
  0
SEQEND
  8
PLACEMENT_OUTLINE_TOP
  0
POLYLINE
 5
143
  8
PLACEMENT_OUTLINE_TOP
 66
1
 70
1
 40
0.050000
 41
0.050000
  0
VERTEX
 5
144
  8
PLACEMENT_OUTLINE_TOP
 10
88.74500
 20
67.67200
 42
1.0
  0
VERTEX
 5
145
  8
PLACEMENT_OUTLINE_TOP
 10
88.79500
 20
67.67200
 42
1.0
  0
SEQEND
  8
PLACEMENT_OUTLINE_TOP
  0
POLYLINE
 5
146
  8
PLACEMENT_OUTLINE_TOP
 66
1
 70
1
 40
0.050000
 41
0.050000
  0
VERTEX
 5
147
  8
PLACEMENT_OUTLINE_TOP
 10
91.53900
 20
67.67200
 42
1.0
  0
VERTEX
 5
148
  8
PLACEMENT_OUTLINE_TOP
 10
91.58900
 20
67.67200
 42
1.0
  0
SEQEND
  8
PLACEMENT_OUTLINE_TOP
  0
POLYLINE
 5
149
  8
PLACEMENT_OUTLINE_TOP
 66
1
 40
0.100000
 41
0.100000
  0
VERTEX
 5
14A
  8
PLACEMENT_OUTLINE_TOP
 10
91.56400
 20
67.67200
  0
VERTEX
 5
14B
  8
PLACEMENT_OUTLINE_TOP
 10
91.56400
 20
68.94200
  0
SEQEND
  8
PLACEMENT_OUTLINE_TOP
  0
POLYLINE
 5
14C
  8
PLACEMENT_OUTLINE_TOP
 66
1
 70
1
 40
0.050000
 41
0.050000
  0
VERTEX
 5
14D
  8
PLACEMENT_OUTLINE_TOP
 10
91.53900
 20
67.67200
 42
1.0
  0
VERTEX
 5
14E
  8
PLACEMENT_OUTLINE_TOP
 10
91.58900
 20
67.67200
 42
1.0
  0
SEQEND
  8
PLACEMENT_OUTLINE_TOP
  0
POLYLINE
 5
14F
  8
PLACEMENT_OUTLINE_TOP
 66
1
 70
1
 40
0.050000
 41
0.050000
  0
VERTEX
 5
150
  8
PLACEMENT_OUTLINE_TOP
 10
91.53900
 20
68.94200
 42
1.0
  0
VERTEX
 5
151
  8
PLACEMENT_OUTLINE_TOP
 10
91.58900
 20
68.94200
 42
1.0
  0
SEQEND
  8
PLACEMENT_OUTLINE_TOP
  0
POLYLINE
 5
152
  8
PLACEMENT_OUTLINE_TOP
 66
1
 40
0.100000
 41
0.100000
  0
VERTEX
 5
153
  8
PLACEMENT_OUTLINE_TOP
 10
91.56400
 20
68.94200
  0
VERTEX
 5
154
  8
PLACEMENT_OUTLINE_TOP
 10
88.77000
 20
68.94200
  0
SEQEND
  8
PLACEMENT_OUTLINE_TOP
  0
POLYLINE
 5
155
  8
PLACEMENT_OUTLINE_TOP
 66
1
 70
1
 40
0.050000
 41
0.050000
  0
VERTEX
 5
156
  8
PLACEMENT_OUTLINE_TOP
 10
91.53900
 20
68.94200
 42
1.0
  0
VERTEX
 5
157
  8
PLACEMENT_OUTLINE_TOP
 10
91.58900
 20
68.94200
 42
1.0
  0
SEQEND
  8
PLACEMENT_OUTLINE_TOP
  0
POLYLINE
 5
158
  8
PLACEMENT_OUTLINE_TOP
 66
1
 70
1
 40
0.050000
 41
0.050000
  0
VERTEX
 5
159
  8
PLACEMENT_OUTLINE_TOP
 10
88.74500
 20
68.94200
 42
1.0
  0
VERTEX
 5
15A
  8
PLACEMENT_OUTLINE_TOP
 10
88.79500
 20
68.94200
 42
1.0
  0
SEQEND
  8
PLACEMENT_OUTLINE_TOP
  0
POLYLINE
 5
15B
  8
PLACEMENT_OUTLINE_TOP
 66
1
 40
0.100000
 41
0.100000
  0
VERTEX
 5
15C
  8
PLACEMENT_OUTLINE_TOP
 10
88.77000
 20
68.94200
  0
VERTEX
 5
15D
  8
PLACEMENT_OUTLINE_TOP
 10
88.77000
 20
67.67200
  0
SEQEND
  8
PLACEMENT_OUTLINE_TOP
  0
POLYLINE
 5
15E
  8
PLACEMENT_OUTLINE_TOP
 66
1
 70
1
 40
0.050000
 41
0.050000
  0
VERTEX
 5
15F
  8
PLACEMENT_OUTLINE_TOP
 10
88.74500
 20
68.94200
 42
1.0
  0
VERTEX
 5
160
  8
PLACEMENT_OUTLINE_TOP
 10
88.79500
 20
68.94200
 42
1.0
  0
SEQEND
  8
PLACEMENT_OUTLINE_TOP
  0
POLYLINE
 5
161
  8
PLACEMENT_OUTLINE_TOP
 66
1
 70
1
 40
0.050000
 41
0.050000
  0
VERTEX
 5
162
  8
PLACEMENT_OUTLINE_TOP
 10
88.74500
 20
67.67200
 42
1.0
  0
VERTEX
 5
163
  8
PLACEMENT_OUTLINE_TOP
 10
88.79500
 20
67.67200
 42
1.0
  0
SEQEND
  8
PLACEMENT_OUTLINE_TOP
  0
SOLID
 5
164
  8
PADLAYER_TOP
 10
91.38620
 20
68.76420
 11
90.47180
 21
68.76420
 12
91.38620
 22
67.84980
 13
90.47180
 23
67.84980
  0
SOLID
 5
165
  8
PADLAYER_TOP
 10
89.86220
 20
68.76420
 11
88.94780
 21
68.76420
 12
89.86220
 22
67.84980
 13
88.94780
 23
67.84980
  0
POLYLINE
 5
166
  8
LAYNR1
 66
1
 40
0.150000
 41
0.150000
  0
VERTEX
 5
167
  8
LAYNR1
 10
90.16700
 20
70.15700
  0
VERTEX
 5
168
  8
LAYNR1
 10
90.16700
 20
69.45700
  0
SEQEND
  8
LAYNR1
  0
POLYLINE
 5
169
  8
LAYNR1
 66
1
 70
1
 40
0.075000
 41
0.075000
  0
VERTEX
 5
16A
  8
LAYNR1
 10
90.12950
 20
70.15700
 42
1.0
  0
VERTEX
 5
16B
  8
LAYNR1
 10
90.20450
 20
70.15700
 42
1.0
  0
SEQEND
  8
LAYNR1
  0
POLYLINE
 5
16C
  8
LAYNR1
 66
1
 70
1
 40
0.075000
 41
0.075000
  0
VERTEX
 5
16D
  8
LAYNR1
 10
90.12950
 20
69.45700
 42
1.0
  0
VERTEX
 5
16E
  8
LAYNR1
 10
90.20450
 20
69.45700
 42
1.0
  0
SEQEND
  8
LAYNR1
  0
POLYLINE
 5
16F
  8
PLACEMENT_OUTLINE_TOP
 66
1
 40
0.100000
 41
0.100000
  0
VERTEX
 5
170
  8
PLACEMENT_OUTLINE_TOP
 10
88.77000
 20
69.17200
  0
VERTEX
 5
171
  8
PLACEMENT_OUTLINE_TOP
 10
91.56400
 20
69.17200
  0
SEQEND
  8
PLACEMENT_OUTLINE_TOP
  0
POLYLINE
 5
172
  8
PLACEMENT_OUTLINE_TOP
 66
1
 70
1
 40
0.050000
 41
0.050000
  0
VERTEX
 5
173
  8
PLACEMENT_OUTLINE_TOP
 10
88.74500
 20
69.17200
 42
1.0
  0
VERTEX
 5
174
  8
PLACEMENT_OUTLINE_TOP
 10
88.79500
 20
69.17200
 42
1.0
  0
SEQEND
  8
PLACEMENT_OUTLINE_TOP
  0
POLYLINE
 5
175
  8
PLACEMENT_OUTLINE_TOP
 66
1
 70
1
 40
0.050000
 41
0.050000
  0
VERTEX
 5
176
  8
PLACEMENT_OUTLINE_TOP
 10
91.53900
 20
69.17200
 42
1.0
  0
VERTEX
 5
177
  8
PLACEMENT_OUTLINE_TOP
 10
91.58900
 20
69.17200
 42
1.0
  0
SEQEND
  8
PLACEMENT_OUTLINE_TOP
  0
POLYLINE
 5
178
  8
PLACEMENT_OUTLINE_TOP
 66
1
 40
0.100000
 41
0.100000
  0
VERTEX
 5
179
  8
PLACEMENT_OUTLINE_TOP
 10
91.56400
 20
69.17200
  0
VERTEX
 5
17A
  8
PLACEMENT_OUTLINE_TOP
 10
91.56400
 20
70.44200
  0
SEQEND
  8
PLACEMENT_OUTLINE_TOP
  0
POLYLINE
 5
17B
  8
PLACEMENT_OUTLINE_TOP
 66
1
 70
1
 40
0.050000
 41
0.050000
  0
VERTEX
 5
17C
  8
PLACEMENT_OUTLINE_TOP
 10
91.53900
 20
69.17200
 42
1.0
  0
VERTEX
 5
17D
  8
PLACEMENT_OUTLINE_TOP
 10
91.58900
 20
69.17200
 42
1.0
  0
SEQEND
  8
PLACEMENT_OUTLINE_TOP
  0
POLYLINE
 5
17E
  8
PLACEMENT_OUTLINE_TOP
 66
1
 70
1
 40
0.050000
 41
0.050000
  0
VERTEX
 5
17F
  8
PLACEMENT_OUTLINE_TOP
 10
91.53900
 20
70.44200
 42
1.0
  0
VERTEX
 5
180
  8
PLACEMENT_OUTLINE_TOP
 10
91.58900
 20
70.44200
 42
1.0
  0
SEQEND
  8
PLACEMENT_OUTLINE_TOP
  0
POLYLINE
 5
181
  8
PLACEMENT_OUTLINE_TOP
 66
1
 40
0.100000
 41
0.100000
  0
VERTEX
 5
182
  8
PLACEMENT_OUTLINE_TOP
 10
91.56400
 20
70.44200
  0
VERTEX
 5
183
  8
PLACEMENT_OUTLINE_TOP
 10
88.77000
 20
70.44200
  0
SEQEND
  8
PLACEMENT_OUTLINE_TOP
  0
POLYLINE
 5
184
  8
PLACEMENT_OUTLINE_TOP
 66
1
 70
1
 40
0.050000
 41
0.050000
  0
VERTEX
 5
185
  8
PLACEMENT_OUTLINE_TOP
 10
91.53900
 20
70.44200
 42
1.0
  0
VERTEX
 5
186
  8
PLACEMENT_OUTLINE_TOP
 10
91.58900
 20
70.44200
 42
1.0
  0
SEQEND
  8
PLACEMENT_OUTLINE_TOP
  0
POLYLINE
 5
187
  8
PLACEMENT_OUTLINE_TOP
 66
1
 70
1
 40
0.050000
 41
0.050000
  0
VERTEX
 5
188
  8
PLACEMENT_OUTLINE_TOP
 10
88.74500
 20
70.44200
 42
1.0
  0
VERTEX
 5
189
  8
PLACEMENT_OUTLINE_TOP
 10
88.79500
 20
70.44200
 42
1.0
  0
SEQEND
  8
PLACEMENT_OUTLINE_TOP
  0
POLYLINE
 5
18A
  8
PLACEMENT_OUTLINE_TOP
 66
1
 40
0.100000
 41
0.100000
  0
VERTEX
 5
18B
  8
PLACEMENT_OUTLINE_TOP
 10
88.77000
 20
70.44200
  0
VERTEX
 5
18C
  8
PLACEMENT_OUTLINE_TOP
 10
88.77000
 20
69.17200
  0
SEQEND
  8
PLACEMENT_OUTLINE_TOP
  0
POLYLINE
 5
18D
  8
PLACEMENT_OUTLINE_TOP
 66
1
 70
1
 40
0.050000
 41
0.050000
  0
VERTEX
 5
18E
  8
PLACEMENT_OUTLINE_TOP
 10
88.74500
 20
70.44200
 42
1.0
  0
VERTEX
 5
18F
  8
PLACEMENT_OUTLINE_TOP
 10
88.79500
 20
70.44200
 42
1.0
  0
SEQEND
  8
PLACEMENT_OUTLINE_TOP
  0
POLYLINE
 5
190
  8
PLACEMENT_OUTLINE_TOP
 66
1
 70
1
 40
0.050000
 41
0.050000
  0
VERTEX
 5
191
  8
PLACEMENT_OUTLINE_TOP
 10
88.74500
 20
69.17200
 42
1.0
  0
VERTEX
 5
192
  8
PLACEMENT_OUTLINE_TOP
 10
88.79500
 20
69.17200
 42
1.0
  0
SEQEND
  8
PLACEMENT_OUTLINE_TOP
  0
SOLID
 5
193
  8
PADLAYER_TOP
 10
91.38620
 20
70.26420
 11
90.47180
 21
70.26420
 12
91.38620
 22
69.34980
 13
90.47180
 23
69.34980
  0
SOLID
 5
194
  8
PADLAYER_TOP
 10
89.86220
 20
70.26420
 11
88.94780
 21
70.26420
 12
89.86220
 22
69.34980
 13
88.94780
 23
69.34980
  0
POLYLINE
 5
195
  8
Top
 66
1
 40
0.200000
 41
0.200000
  0
VERTEX
 5
196
  8
Top
 10
40.25000
 20
61.50000
 42
1.000000
  0
VERTEX
 5
197
  8
Top
 10
46.75000
 20
61.50000
 42
1.000000
  0
VERTEX
 5
198
  8
Top
 10
40.25000
 20
61.50000
  0
SEQEND
  8
Top
  0
POLYLINE
 5
199
  8
Bottom
 66
1
 40
0.200000
 41
0.200000
  0
VERTEX
 5
19A
  8
Bottom
 10
40.25000
 20
61.50000
 42
1.000000
  0
VERTEX
 5
19B
  8
Bottom
 10
46.75000
 20
61.50000
 42
1.000000
  0
VERTEX
 5
19C
  8
Bottom
 10
40.25000
 20
61.50000
  0
SEQEND
  8
Bottom
  0
POLYLINE
 5
19D
  8
LAYNR2
 66
1
 70
1
 40
2.950000
 41
2.950000
  0
VERTEX
 5
19E
  8
LAYNR2
 10
42.02500
 20
61.50000
 42
1.0
  0
VERTEX
 5
19F
  8
LAYNR2
 10
44.97500
 20
61.50000
 42
1.0
  0
SEQEND
  8
LAYNR2
  0
POLYLINE
 5
1A0
  8
PLACEMENT_OUTLINE_TOP
 66
1
 40
0.025400
 41
0.025400
  0
VERTEX
 5
1A1
  8
PLACEMENT_OUTLINE_TOP
 10
40.40000
 20
58.40000
  0
VERTEX
 5
1A2
  8
PLACEMENT_OUTLINE_TOP
 10
40.40000
 20
64.60000
  0
SEQEND
  8
PLACEMENT_OUTLINE_TOP
  0
POLYLINE
 5
1A3
  8
PLACEMENT_OUTLINE_TOP
 66
1
 70
1
 40
0.012700
 41
0.012700
  0
VERTEX
 5
1A4
  8
PLACEMENT_OUTLINE_TOP
 10
40.39365
 20
58.40000
 42
1.0
  0
VERTEX
 5
1A5
  8
PLACEMENT_OUTLINE_TOP
 10
40.40635
 20
58.40000
 42
1.0
  0
SEQEND
  8
PLACEMENT_OUTLINE_TOP
  0
POLYLINE
 5
1A6
  8
PLACEMENT_OUTLINE_TOP
 66
1
 70
1
 40
0.012700
 41
0.012700
  0
VERTEX
 5
1A7
  8
PLACEMENT_OUTLINE_TOP
 10
40.39365
 20
64.60000
 42
1.0
  0
VERTEX
 5
1A8
  8
PLACEMENT_OUTLINE_TOP
 10
40.40635
 20
64.60000
 42
1.0
  0
SEQEND
  8
PLACEMENT_OUTLINE_TOP
  0
POLYLINE
 5
1A9
  8
PLACEMENT_OUTLINE_TOP
 66
1
 40
0.025400
 41
0.025400
  0
VERTEX
 5
1AA
  8
PLACEMENT_OUTLINE_TOP
 10
40.40000
 20
64.60000
  0
VERTEX
 5
1AB
  8
PLACEMENT_OUTLINE_TOP
 10
46.60000
 20
64.60000
  0
SEQEND
  8
PLACEMENT_OUTLINE_TOP
  0
POLYLINE
 5
1AC
  8
PLACEMENT_OUTLINE_TOP
 66
1
 70
1
 40
0.012700
 41
0.012700
  0
VERTEX
 5
1AD
  8
PLACEMENT_OUTLINE_TOP
 10
40.39365
 20
64.60000
 42
1.0
  0
VERTEX
 5
1AE
  8
PLACEMENT_OUTLINE_TOP
 10
40.40635
 20
64.60000
 42
1.0
  0
SEQEND
  8
PLACEMENT_OUTLINE_TOP
  0
POLYLINE
 5
1AF
  8
PLACEMENT_OUTLINE_TOP
 66
1
 70
1
 40
0.012700
 41
0.012700
  0
VERTEX
 5
1B0
  8
PLACEMENT_OUTLINE_TOP
 10
46.59365
 20
64.60000
 42
1.0
  0
VERTEX
 5
1B1
  8
PLACEMENT_OUTLINE_TOP
 10
46.60635
 20
64.60000
 42
1.0
  0
SEQEND
  8
PLACEMENT_OUTLINE_TOP
  0
POLYLINE
 5
1B2
  8
PLACEMENT_OUTLINE_TOP
 66
1
 40
0.025400
 41
0.025400
  0
VERTEX
 5
1B3
  8
PLACEMENT_OUTLINE_TOP
 10
46.60000
 20
64.60000
  0
VERTEX
 5
1B4
  8
PLACEMENT_OUTLINE_TOP
 10
46.60000
 20
58.40000
  0
SEQEND
  8
PLACEMENT_OUTLINE_TOP
  0
POLYLINE
 5
1B5
  8
PLACEMENT_OUTLINE_TOP
 66
1
 70
1
 40
0.012700
 41
0.012700
  0
VERTEX
 5
1B6
  8
PLACEMENT_OUTLINE_TOP
 10
46.59365
 20
64.60000
 42
1.0
  0
VERTEX
 5
1B7
  8
PLACEMENT_OUTLINE_TOP
 10
46.60635
 20
64.60000
 42
1.0
  0
SEQEND
  8
PLACEMENT_OUTLINE_TOP
  0
POLYLINE
 5
1B8
  8
PLACEMENT_OUTLINE_TOP
 66
1
 70
1
 40
0.012700
 41
0.012700
  0
VERTEX
 5
1B9
  8
PLACEMENT_OUTLINE_TOP
 10
46.59365
 20
58.40000
 42
1.0
  0
VERTEX
 5
1BA
  8
PLACEMENT_OUTLINE_TOP
 10
46.60635
 20
58.40000
 42
1.0
  0
SEQEND
  8
PLACEMENT_OUTLINE_TOP
  0
POLYLINE
 5
1BB
  8
PLACEMENT_OUTLINE_TOP
 66
1
 40
0.025400
 41
0.025400
  0
VERTEX
 5
1BC
  8
PLACEMENT_OUTLINE_TOP
 10
46.60000
 20
58.40000
  0
VERTEX
 5
1BD
  8
PLACEMENT_OUTLINE_TOP
 10
40.40000
 20
58.40000
  0
SEQEND
  8
PLACEMENT_OUTLINE_TOP
  0
POLYLINE
 5
1BE
  8
PLACEMENT_OUTLINE_TOP
 66
1
 70
1
 40
0.012700
 41
0.012700
  0
VERTEX
 5
1BF
  8
PLACEMENT_OUTLINE_TOP
 10
46.59365
 20
58.40000
 42
1.0
  0
VERTEX
 5
1C0
  8
PLACEMENT_OUTLINE_TOP
 10
46.60635
 20
58.40000
 42
1.0
  0
SEQEND
  8
PLACEMENT_OUTLINE_TOP
  0
POLYLINE
 5
1C1
  8
PLACEMENT_OUTLINE_TOP
 66
1
 70
1
 40
0.012700
 41
0.012700
  0
VERTEX
 5
1C2
  8
PLACEMENT_OUTLINE_TOP
 10
40.39365
 20
58.40000
 42
1.0
  0
VERTEX
 5
1C3
  8
PLACEMENT_OUTLINE_TOP
 10
40.40635
 20
58.40000
 42
1.0
  0
SEQEND
  8
PLACEMENT_OUTLINE_TOP
  0
TEXT
  8
LAYNR8
 10
43.10000
 20
62.20000
 40
0.725718
  1
FM
 73
 1
 11
43.10000
 21
62.20000
  0
POLYLINE
 5
1C4
  8
PADLAYER_TOP
 66
1
 70
1
 40
3.100000
 41
3.100000
  0
VERTEX
 5
1C5
  8
PADLAYER_TOP
 10
41.95000
 20
61.50000
 42
1.0
  0
VERTEX
 5
1C6
  8
PADLAYER_TOP
 10
45.05000
 20
61.50000
 42
1.0
  0
SEQEND
  8
PADLAYER_TOP
  0
POLYLINE
 5
1C7
  8
PADLAYER_BOTTOM
 66
1
 70
1
 40
3.100000
 41
3.100000
  0
VERTEX
 5
1C8
  8
PADLAYER_BOTTOM
 10
41.95000
 20
61.50000
 42
1.0
  0
VERTEX
 5
1C9
  8
PADLAYER_BOTTOM
 10
45.05000
 20
61.50000
 42
1.0
  0
SEQEND
  8
PADLAYER_BOTTOM
  0
POLYLINE
 5
1CA
  8
TOOL_TOP
 66
1
 40
0.025400
 41
0.025400
  0
VERTEX
 5
1CB
  8
TOOL_TOP
 10
41.40500
 20
61.50000
 42
1.000000
  0
VERTEX
 5
1CC
  8
TOOL_TOP
 10
45.59500
 20
61.50000
 42
1.000000
  0
VERTEX
 5
1CD
  8
TOOL_TOP
 10
41.40500
 20
61.50000
  0
SEQEND
  8
TOOL_TOP
  0
TEXT
  8
TOOLCODE_TOP
 10
41.30025
 20
60.45250
 40
2.095000
  1
T00
  0
POLYLINE
 5
1CE
  8
Top
 66
1
 40
0.200000
 41
0.200000
  0
VERTEX
 5
1CF
  8
Top
 10
40.25000
 20
3.50000
 42
1.000000
  0
VERTEX
 5
1D0
  8
Top
 10
46.75000
 20
3.50000
 42
1.000000
  0
VERTEX
 5
1D1
  8
Top
 10
40.25000
 20
3.50000
  0
SEQEND
  8
Top
  0
POLYLINE
 5
1D2
  8
Bottom
 66
1
 40
0.200000
 41
0.200000
  0
VERTEX
 5
1D3
  8
Bottom
 10
40.25000
 20
3.50000
 42
1.000000
  0
VERTEX
 5
1D4
  8
Bottom
 10
46.75000
 20
3.50000
 42
1.000000
  0
VERTEX
 5
1D5
  8
Bottom
 10
40.25000
 20
3.50000
  0
SEQEND
  8
Bottom
  0
POLYLINE
 5
1D6
  8
LAYNR2
 66
1
 70
1
 40
2.950000
 41
2.950000
  0
VERTEX
 5
1D7
  8
LAYNR2
 10
42.02500
 20
3.50000
 42
1.0
  0
VERTEX
 5
1D8
  8
LAYNR2
 10
44.97500
 20
3.50000
 42
1.0
  0
SEQEND
  8
LAYNR2
  0
POLYLINE
 5
1D9
  8
PLACEMENT_OUTLINE_TOP
 66
1
 40
0.025400
 41
0.025400
  0
VERTEX
 5
1DA
  8
PLACEMENT_OUTLINE_TOP
 10
40.40000
 20
0.40000
  0
VERTEX
 5
1DB
  8
PLACEMENT_OUTLINE_TOP
 10
40.40000
 20
6.60000
  0
SEQEND
  8
PLACEMENT_OUTLINE_TOP
  0
POLYLINE
 5
1DC
  8
PLACEMENT_OUTLINE_TOP
 66
1
 70
1
 40
0.012700
 41
0.012700
  0
VERTEX
 5
1DD
  8
PLACEMENT_OUTLINE_TOP
 10
40.39365
 20
0.40000
 42
1.0
  0
VERTEX
 5
1DE
  8
PLACEMENT_OUTLINE_TOP
 10
40.40635
 20
0.40000
 42
1.0
  0
SEQEND
  8
PLACEMENT_OUTLINE_TOP
  0
POLYLINE
 5
1DF
  8
PLACEMENT_OUTLINE_TOP
 66
1
 70
1
 40
0.012700
 41
0.012700
  0
VERTEX
 5
1E0
  8
PLACEMENT_OUTLINE_TOP
 10
40.39365
 20
6.60000
 42
1.0
  0
VERTEX
 5
1E1
  8
PLACEMENT_OUTLINE_TOP
 10
40.40635
 20
6.60000
 42
1.0
  0
SEQEND
  8
PLACEMENT_OUTLINE_TOP
  0
POLYLINE
 5
1E2
  8
PLACEMENT_OUTLINE_TOP
 66
1
 40
0.025400
 41
0.025400
  0
VERTEX
 5
1E3
  8
PLACEMENT_OUTLINE_TOP
 10
40.40000
 20
6.60000
  0
VERTEX
 5
1E4
  8
PLACEMENT_OUTLINE_TOP
 10
46.60000
 20
6.60000
  0
SEQEND
  8
PLACEMENT_OUTLINE_TOP
  0
POLYLINE
 5
1E5
  8
PLACEMENT_OUTLINE_TOP
 66
1
 70
1
 40
0.012700
 41
0.012700
  0
VERTEX
 5
1E6
  8
PLACEMENT_OUTLINE_TOP
 10
40.39365
 20
6.60000
 42
1.0
  0
VERTEX
 5
1E7
  8
PLACEMENT_OUTLINE_TOP
 10
40.40635
 20
6.60000
 42
1.0
  0
SEQEND
  8
PLACEMENT_OUTLINE_TOP
  0
POLYLINE
 5
1E8
  8
PLACEMENT_OUTLINE_TOP
 66
1
 70
1
 40
0.012700
 41
0.012700
  0
VERTEX
 5
1E9
  8
PLACEMENT_OUTLINE_TOP
 10
46.59365
 20
6.60000
 42
1.0
  0
VERTEX
 5
1EA
  8
PLACEMENT_OUTLINE_TOP
 10
46.60635
 20
6.60000
 42
1.0
  0
SEQEND
  8
PLACEMENT_OUTLINE_TOP
  0
POLYLINE
 5
1EB
  8
PLACEMENT_OUTLINE_TOP
 66
1
 40
0.025400
 41
0.025400
  0
VERTEX
 5
1EC
  8
PLACEMENT_OUTLINE_TOP
 10
46.60000
 20
6.60000
  0
VERTEX
 5
1ED
  8
PLACEMENT_OUTLINE_TOP
 10
46.60000
 20
0.40000
  0
SEQEND
  8
PLACEMENT_OUTLINE_TOP
  0
POLYLINE
 5
1EE
  8
PLACEMENT_OUTLINE_TOP
 66
1
 70
1
 40
0.012700
 41
0.012700
  0
VERTEX
 5
1EF
  8
PLACEMENT_OUTLINE_TOP
 10
46.59365
 20
6.60000
 42
1.0
  0
VERTEX
 5
1F0
  8
PLACEMENT_OUTLINE_TOP
 10
46.60635
 20
6.60000
 42
1.0
  0
SEQEND
  8
PLACEMENT_OUTLINE_TOP
  0
POLYLINE
 5
1F1
  8
PLACEMENT_OUTLINE_TOP
 66
1
 70
1
 40
0.012700
 41
0.012700
  0
VERTEX
 5
1F2
  8
PLACEMENT_OUTLINE_TOP
 10
46.59365
 20
0.40000
 42
1.0
  0
VERTEX
 5
1F3
  8
PLACEMENT_OUTLINE_TOP
 10
46.60635
 20
0.40000
 42
1.0
  0
SEQEND
  8
PLACEMENT_OUTLINE_TOP
  0
POLYLINE
 5
1F4
  8
PLACEMENT_OUTLINE_TOP
 66
1
 40
0.025400
 41
0.025400
  0
VERTEX
 5
1F5
  8
PLACEMENT_OUTLINE_TOP
 10
46.60000
 20
0.40000
  0
VERTEX
 5
1F6
  8
PLACEMENT_OUTLINE_TOP
 10
40.40000
 20
0.40000
  0
SEQEND
  8
PLACEMENT_OUTLINE_TOP
  0
POLYLINE
 5
1F7
  8
PLACEMENT_OUTLINE_TOP
 66
1
 70
1
 40
0.012700
 41
0.012700
  0
VERTEX
 5
1F8
  8
PLACEMENT_OUTLINE_TOP
 10
46.59365
 20
0.40000
 42
1.0
  0
VERTEX
 5
1F9
  8
PLACEMENT_OUTLINE_TOP
 10
46.60635
 20
0.40000
 42
1.0
  0
SEQEND
  8
PLACEMENT_OUTLINE_TOP
  0
POLYLINE
 5
1FA
  8
PLACEMENT_OUTLINE_TOP
 66
1
 70
1
 40
0.012700
 41
0.012700
  0
VERTEX
 5
1FB
  8
PLACEMENT_OUTLINE_TOP
 10
40.39365
 20
0.40000
 42
1.0
  0
VERTEX
 5
1FC
  8
PLACEMENT_OUTLINE_TOP
 10
40.40635
 20
0.40000
 42
1.0
  0
SEQEND
  8
PLACEMENT_OUTLINE_TOP
  0
TEXT
  8
LAYNR8
 10
43.10000
 20
4.20000
 40
0.725718
  1
FM
 73
 1
 11
43.10000
 21
4.20000
  0
POLYLINE
 5
1FD
  8
PADLAYER_TOP
 66
1
 70
1
 40
3.100000
 41
3.100000
  0
VERTEX
 5
1FE
  8
PADLAYER_TOP
 10
41.95000
 20
3.50000
 42
1.0
  0
VERTEX
 5
1FF
  8
PADLAYER_TOP
 10
45.05000
 20
3.50000
 42
1.0
  0
SEQEND
  8
PADLAYER_TOP
  0
POLYLINE
 5
200
  8
PADLAYER_BOTTOM
 66
1
 70
1
 40
3.100000
 41
3.100000
  0
VERTEX
 5
201
  8
PADLAYER_BOTTOM
 10
41.95000
 20
3.50000
 42
1.0
  0
VERTEX
 5
202
  8
PADLAYER_BOTTOM
 10
45.05000
 20
3.50000
 42
1.0
  0
SEQEND
  8
PADLAYER_BOTTOM
  0
POLYLINE
 5
203
  8
TOOL_TOP
 66
1
 40
0.025400
 41
0.025400
  0
VERTEX
 5
204
  8
TOOL_TOP
 10
41.40500
 20
3.50000
 42
1.000000
  0
VERTEX
 5
205
  8
TOOL_TOP
 10
45.59500
 20
3.50000
 42
1.000000
  0
VERTEX
 5
206
  8
TOOL_TOP
 10
41.40500
 20
3.50000
  0
SEQEND
  8
TOOL_TOP
  0
TEXT
  8
TOOLCODE_TOP
 10
41.30025
 20
2.45250
 40
2.095000
  1
T00
  0
POLYLINE
 5
207
  8
2DLINES_1
 66
1
 40
0.100000
 41
0.100000
  0
VERTEX
 5
208
  8
2DLINES_1
 10
22.59400
 20
2.40000
  0
VERTEX
 5
209
  8
2DLINES_1
 10
22.59400
 20
1.60000
  0
SEQEND
  8
2DLINES_1
  0
POLYLINE
 5
20A
  8
2DLINES_1
 66
1
 70
1
 40
0.050000
 41
0.050000
  0
VERTEX
 5
20B
  8
2DLINES_1
 10
22.56900
 20
2.40000
 42
1.0
  0
VERTEX
 5
20C
  8
2DLINES_1
 10
22.61900
 20
2.40000
 42
1.0
  0
SEQEND
  8
2DLINES_1
  0
POLYLINE
 5
20D
  8
2DLINES_1
 66
1
 70
1
 40
0.050000
 41
0.050000
  0
VERTEX
 5
20E
  8
2DLINES_1
 10
22.56900
 20
1.60000
 42
1.0
  0
VERTEX
 5
20F
  8
2DLINES_1
 10
22.61900
 20
1.60000
 42
1.0
  0
SEQEND
  8
2DLINES_1
  0
POLYLINE
 5
210
  8
2DLINES_1
 66
1
 40
0.100000
 41
0.100000
  0
VERTEX
 5
211
  8
2DLINES_1
 10
22.59400
 20
2.00000
  0
VERTEX
 5
212
  8
2DLINES_1
 10
22.26900
 20
2.30000
  0
SEQEND
  8
2DLINES_1
  0
POLYLINE
 5
213
  8
2DLINES_1
 66
1
 70
1
 40
0.050000
 41
0.050000
  0
VERTEX
 5
214
  8
2DLINES_1
 10
22.56900
 20
2.00000
 42
1.0
  0
VERTEX
 5
215
  8
2DLINES_1
 10
22.61900
 20
2.00000
 42
1.0
  0
SEQEND
  8
2DLINES_1
  0
POLYLINE
 5
216
  8
2DLINES_1
 66
1
 70
1
 40
0.050000
 41
0.050000
  0
VERTEX
 5
217
  8
2DLINES_1
 10
22.24400
 20
2.30000
 42
1.0
  0
VERTEX
 5
218
  8
2DLINES_1
 10
22.29400
 20
2.30000
 42
1.0
  0
SEQEND
  8
2DLINES_1
  0
POLYLINE
 5
219
  8
2DLINES_1
 66
1
 40
0.100000
 41
0.100000
  0
VERTEX
 5
21A
  8
2DLINES_1
 10
22.26900
 20
2.30000
  0
VERTEX
 5
21B
  8
2DLINES_1
 10
22.26900
 20
1.70000
  0
SEQEND
  8
2DLINES_1
  0
POLYLINE
 5
21C
  8
2DLINES_1
 66
1
 70
1
 40
0.050000
 41
0.050000
  0
VERTEX
 5
21D
  8
2DLINES_1
 10
22.24400
 20
2.30000
 42
1.0
  0
VERTEX
 5
21E
  8
2DLINES_1
 10
22.29400
 20
2.30000
 42
1.0
  0
SEQEND
  8
2DLINES_1
  0
POLYLINE
 5
21F
  8
2DLINES_1
 66
1
 70
1
 40
0.050000
 41
0.050000
  0
VERTEX
 5
220
  8
2DLINES_1
 10
22.24400
 20
1.70000
 42
1.0
  0
VERTEX
 5
221
  8
2DLINES_1
 10
22.29400
 20
1.70000
 42
1.0
  0
SEQEND
  8
2DLINES_1
  0
POLYLINE
 5
222
  8
2DLINES_1
 66
1
 40
0.100000
 41
0.100000
  0
VERTEX
 5
223
  8
2DLINES_1
 10
22.26900
 20
1.70000
  0
VERTEX
 5
224
  8
2DLINES_1
 10
22.58150
 20
2.01250
  0
SEQEND
  8
2DLINES_1
  0
POLYLINE
 5
225
  8
2DLINES_1
 66
1
 70
1
 40
0.050000
 41
0.050000
  0
VERTEX
 5
226
  8
2DLINES_1
 10
22.24400
 20
1.70000
 42
1.0
  0
VERTEX
 5
227
  8
2DLINES_1
 10
22.29400
 20
1.70000
 42
1.0
  0
SEQEND
  8
2DLINES_1
  0
POLYLINE
 5
228
  8
2DLINES_1
 66
1
 70
1
 40
0.050000
 41
0.050000
  0
VERTEX
 5
229
  8
2DLINES_1
 10
22.55650
 20
2.01250
 42
1.0
  0
VERTEX
 5
22A
  8
2DLINES_1
 10
22.60650
 20
2.01250
 42
1.0
  0
SEQEND
  8
2DLINES_1
  0
POLYLINE
 5
22B
  8
PLACEMENT_OUTLINE_TOP
 66
1
 40
0.025400
 41
0.025400
  0
VERTEX
 5
22C
  8
PLACEMENT_OUTLINE_TOP
 10
20.94400
 20
1.50000
  0
VERTEX
 5
22D
  8
PLACEMENT_OUTLINE_TOP
 10
20.94400
 20
2.50000
  0
SEQEND
  8
PLACEMENT_OUTLINE_TOP
  0
POLYLINE
 5
22E
  8
PLACEMENT_OUTLINE_TOP
 66
1
 70
1
 40
0.012700
 41
0.012700
  0
VERTEX
 5
22F
  8
PLACEMENT_OUTLINE_TOP
 10
20.93765
 20
1.50000
 42
1.0
  0
VERTEX
 5
230
  8
PLACEMENT_OUTLINE_TOP
 10
20.95035
 20
1.50000
 42
1.0
  0
SEQEND
  8
PLACEMENT_OUTLINE_TOP
  0
POLYLINE
 5
231
  8
PLACEMENT_OUTLINE_TOP
 66
1
 70
1
 40
0.012700
 41
0.012700
  0
VERTEX
 5
232
  8
PLACEMENT_OUTLINE_TOP
 10
20.93765
 20
2.50000
 42
1.0
  0
VERTEX
 5
233
  8
PLACEMENT_OUTLINE_TOP
 10
20.95035
 20
2.50000
 42
1.0
  0
SEQEND
  8
PLACEMENT_OUTLINE_TOP
  0
POLYLINE
 5
234
  8
PLACEMENT_OUTLINE_TOP
 66
1
 40
0.025400
 41
0.025400
  0
VERTEX
 5
235
  8
PLACEMENT_OUTLINE_TOP
 10
20.94400
 20
2.50000
  0
VERTEX
 5
236
  8
PLACEMENT_OUTLINE_TOP
 10
23.84400
 20
2.50000
  0
SEQEND
  8
PLACEMENT_OUTLINE_TOP
  0
POLYLINE
 5
237
  8
PLACEMENT_OUTLINE_TOP
 66
1
 70
1
 40
0.012700
 41
0.012700
  0
VERTEX
 5
238
  8
PLACEMENT_OUTLINE_TOP
 10
20.93765
 20
2.50000
 42
1.0
  0
VERTEX
 5
239
  8
PLACEMENT_OUTLINE_TOP
 10
20.95035
 20
2.50000
 42
1.0
  0
SEQEND
  8
PLACEMENT_OUTLINE_TOP
  0
POLYLINE
 5
23A
  8
PLACEMENT_OUTLINE_TOP
 66
1
 70
1
 40
0.012700
 41
0.012700
  0
VERTEX
 5
23B
  8
PLACEMENT_OUTLINE_TOP
 10
23.83765
 20
2.50000
 42
1.0
  0
VERTEX
 5
23C
  8
PLACEMENT_OUTLINE_TOP
 10
23.85035
 20
2.50000
 42
1.0
  0
SEQEND
  8
PLACEMENT_OUTLINE_TOP
  0
POLYLINE
 5
23D
  8
PLACEMENT_OUTLINE_TOP
 66
1
 40
0.025400
 41
0.025400
  0
VERTEX
 5
23E
  8
PLACEMENT_OUTLINE_TOP
 10
23.84400
 20
2.50000
  0
VERTEX
 5
23F
  8
PLACEMENT_OUTLINE_TOP
 10
23.84400
 20
1.50000
  0
SEQEND
  8
PLACEMENT_OUTLINE_TOP
  0
POLYLINE
 5
240
  8
PLACEMENT_OUTLINE_TOP
 66
1
 70
1
 40
0.012700
 41
0.012700
  0
VERTEX
 5
241
  8
PLACEMENT_OUTLINE_TOP
 10
23.83765
 20
2.50000
 42
1.0
  0
VERTEX
 5
242
  8
PLACEMENT_OUTLINE_TOP
 10
23.85035
 20
2.50000
 42
1.0
  0
SEQEND
  8
PLACEMENT_OUTLINE_TOP
  0
POLYLINE
 5
243
  8
PLACEMENT_OUTLINE_TOP
 66
1
 70
1
 40
0.012700
 41
0.012700
  0
VERTEX
 5
244
  8
PLACEMENT_OUTLINE_TOP
 10
23.83765
 20
1.50000
 42
1.0
  0
VERTEX
 5
245
  8
PLACEMENT_OUTLINE_TOP
 10
23.85035
 20
1.50000
 42
1.0
  0
SEQEND
  8
PLACEMENT_OUTLINE_TOP
  0
POLYLINE
 5
246
  8
PLACEMENT_OUTLINE_TOP
 66
1
 40
0.025400
 41
0.025400
  0
VERTEX
 5
247
  8
PLACEMENT_OUTLINE_TOP
 10
23.84400
 20
1.50000
  0
VERTEX
 5
248
  8
PLACEMENT_OUTLINE_TOP
 10
20.94400
 20
1.50000
  0
SEQEND
  8
PLACEMENT_OUTLINE_TOP
  0
POLYLINE
 5
249
  8
PLACEMENT_OUTLINE_TOP
 66
1
 70
1
 40
0.012700
 41
0.012700
  0
VERTEX
 5
24A
  8
PLACEMENT_OUTLINE_TOP
 10
23.83765
 20
1.50000
 42
1.0
  0
VERTEX
 5
24B
  8
PLACEMENT_OUTLINE_TOP
 10
23.85035
 20
1.50000
 42
1.0
  0
SEQEND
  8
PLACEMENT_OUTLINE_TOP
  0
POLYLINE
 5
24C
  8
PLACEMENT_OUTLINE_TOP
 66
1
 70
1
 40
0.012700
 41
0.012700
  0
VERTEX
 5
24D
  8
PLACEMENT_OUTLINE_TOP
 10
20.93765
 20
1.50000
 42
1.0
  0
VERTEX
 5
24E
  8
PLACEMENT_OUTLINE_TOP
 10
20.95035
 20
1.50000
 42
1.0
  0
SEQEND
  8
PLACEMENT_OUTLINE_TOP
  0
SOLID
 5
24F
  8
PADLAYER_TOP
 10
20.94400
 20
1.50000
 11
21.94400
 21
1.50000
 12
20.94400
 22
2.50000
 13
21.94400
 23
2.50000
  0
SOLID
 5
250
  8
LAYNR1
 10
20.94400
 20
1.50000
 11
21.94400
 21
1.50000
 12
20.94400
 22
2.50000
 13
21.94400
 23
2.50000
  0
SOLID
 5
251
  8
PADLAYER_TOP
 10
22.84400
 20
1.50000
 11
23.84400
 21
1.50000
 12
22.84400
 22
2.50000
 13
23.84400
 23
2.50000
  0
SOLID
 5
252
  8
LAYNR1
 10
22.84400
 20
1.50000
 11
23.84400
 21
1.50000
 12
22.84400
 22
2.50000
 13
23.84400
 23
2.50000
  0
POLYLINE
 5
253
  8
2DLINES_1
 66
1
 40
0.100000
 41
0.100000
  0
VERTEX
 5
254
  8
2DLINES_1
 10
26.59400
 20
2.40000
  0
VERTEX
 5
255
  8
2DLINES_1
 10
26.59400
 20
1.60000
  0
SEQEND
  8
2DLINES_1
  0
POLYLINE
 5
256
  8
2DLINES_1
 66
1
 70
1
 40
0.050000
 41
0.050000
  0
VERTEX
 5
257
  8
2DLINES_1
 10
26.56900
 20
2.40000
 42
1.0
  0
VERTEX
 5
258
  8
2DLINES_1
 10
26.61900
 20
2.40000
 42
1.0
  0
SEQEND
  8
2DLINES_1
  0
POLYLINE
 5
259
  8
2DLINES_1
 66
1
 70
1
 40
0.050000
 41
0.050000
  0
VERTEX
 5
25A
  8
2DLINES_1
 10
26.56900
 20
1.60000
 42
1.0
  0
VERTEX
 5
25B
  8
2DLINES_1
 10
26.61900
 20
1.60000
 42
1.0
  0
SEQEND
  8
2DLINES_1
  0
POLYLINE
 5
25C
  8
2DLINES_1
 66
1
 40
0.100000
 41
0.100000
  0
VERTEX
 5
25D
  8
2DLINES_1
 10
26.59400
 20
2.00000
  0
VERTEX
 5
25E
  8
2DLINES_1
 10
26.26900
 20
2.30000
  0
SEQEND
  8
2DLINES_1
  0
POLYLINE
 5
25F
  8
2DLINES_1
 66
1
 70
1
 40
0.050000
 41
0.050000
  0
VERTEX
 5
260
  8
2DLINES_1
 10
26.56900
 20
2.00000
 42
1.0
  0
VERTEX
 5
261
  8
2DLINES_1
 10
26.61900
 20
2.00000
 42
1.0
  0
SEQEND
  8
2DLINES_1
  0
POLYLINE
 5
262
  8
2DLINES_1
 66
1
 70
1
 40
0.050000
 41
0.050000
  0
VERTEX
 5
263
  8
2DLINES_1
 10
26.24400
 20
2.30000
 42
1.0
  0
VERTEX
 5
264
  8
2DLINES_1
 10
26.29400
 20
2.30000
 42
1.0
  0
SEQEND
  8
2DLINES_1
  0
POLYLINE
 5
265
  8
2DLINES_1
 66
1
 40
0.100000
 41
0.100000
  0
VERTEX
 5
266
  8
2DLINES_1
 10
26.26900
 20
2.30000
  0
VERTEX
 5
267
  8
2DLINES_1
 10
26.26900
 20
1.70000
  0
SEQEND
  8
2DLINES_1
  0
POLYLINE
 5
268
  8
2DLINES_1
 66
1
 70
1
 40
0.050000
 41
0.050000
  0
VERTEX
 5
269
  8
2DLINES_1
 10
26.24400
 20
2.30000
 42
1.0
  0
VERTEX
 5
26A
  8
2DLINES_1
 10
26.29400
 20
2.30000
 42
1.0
  0
SEQEND
  8
2DLINES_1
  0
POLYLINE
 5
26B
  8
2DLINES_1
 66
1
 70
1
 40
0.050000
 41
0.050000
  0
VERTEX
 5
26C
  8
2DLINES_1
 10
26.24400
 20
1.70000
 42
1.0
  0
VERTEX
 5
26D
  8
2DLINES_1
 10
26.29400
 20
1.70000
 42
1.0
  0
SEQEND
  8
2DLINES_1
  0
POLYLINE
 5
26E
  8
2DLINES_1
 66
1
 40
0.100000
 41
0.100000
  0
VERTEX
 5
26F
  8
2DLINES_1
 10
26.26900
 20
1.70000
  0
VERTEX
 5
270
  8
2DLINES_1
 10
26.58150
 20
2.01250
  0
SEQEND
  8
2DLINES_1
  0
POLYLINE
 5
271
  8
2DLINES_1
 66
1
 70
1
 40
0.050000
 41
0.050000
  0
VERTEX
 5
272
  8
2DLINES_1
 10
26.24400
 20
1.70000
 42
1.0
  0
VERTEX
 5
273
  8
2DLINES_1
 10
26.29400
 20
1.70000
 42
1.0
  0
SEQEND
  8
2DLINES_1
  0
POLYLINE
 5
274
  8
2DLINES_1
 66
1
 70
1
 40
0.050000
 41
0.050000
  0
VERTEX
 5
275
  8
2DLINES_1
 10
26.55650
 20
2.01250
 42
1.0
  0
VERTEX
 5
276
  8
2DLINES_1
 10
26.60650
 20
2.01250
 42
1.0
  0
SEQEND
  8
2DLINES_1
  0
POLYLINE
 5
277
  8
PLACEMENT_OUTLINE_TOP
 66
1
 40
0.025400
 41
0.025400
  0
VERTEX
 5
278
  8
PLACEMENT_OUTLINE_TOP
 10
24.94400
 20
1.50000
  0
VERTEX
 5
279
  8
PLACEMENT_OUTLINE_TOP
 10
24.94400
 20
2.50000
  0
SEQEND
  8
PLACEMENT_OUTLINE_TOP
  0
POLYLINE
 5
27A
  8
PLACEMENT_OUTLINE_TOP
 66
1
 70
1
 40
0.012700
 41
0.012700
  0
VERTEX
 5
27B
  8
PLACEMENT_OUTLINE_TOP
 10
24.93765
 20
1.50000
 42
1.0
  0
VERTEX
 5
27C
  8
PLACEMENT_OUTLINE_TOP
 10
24.95035
 20
1.50000
 42
1.0
  0
SEQEND
  8
PLACEMENT_OUTLINE_TOP
  0
POLYLINE
 5
27D
  8
PLACEMENT_OUTLINE_TOP
 66
1
 70
1
 40
0.012700
 41
0.012700
  0
VERTEX
 5
27E
  8
PLACEMENT_OUTLINE_TOP
 10
24.93765
 20
2.50000
 42
1.0
  0
VERTEX
 5
27F
  8
PLACEMENT_OUTLINE_TOP
 10
24.95035
 20
2.50000
 42
1.0
  0
SEQEND
  8
PLACEMENT_OUTLINE_TOP
  0
POLYLINE
 5
280
  8
PLACEMENT_OUTLINE_TOP
 66
1
 40
0.025400
 41
0.025400
  0
VERTEX
 5
281
  8
PLACEMENT_OUTLINE_TOP
 10
24.94400
 20
2.50000
  0
VERTEX
 5
282
  8
PLACEMENT_OUTLINE_TOP
 10
27.84400
 20
2.50000
  0
SEQEND
  8
PLACEMENT_OUTLINE_TOP
  0
POLYLINE
 5
283
  8
PLACEMENT_OUTLINE_TOP
 66
1
 70
1
 40
0.012700
 41
0.012700
  0
VERTEX
 5
284
  8
PLACEMENT_OUTLINE_TOP
 10
24.93765
 20
2.50000
 42
1.0
  0
VERTEX
 5
285
  8
PLACEMENT_OUTLINE_TOP
 10
24.95035
 20
2.50000
 42
1.0
  0
SEQEND
  8
PLACEMENT_OUTLINE_TOP
  0
POLYLINE
 5
286
  8
PLACEMENT_OUTLINE_TOP
 66
1
 70
1
 40
0.012700
 41
0.012700
  0
VERTEX
 5
287
  8
PLACEMENT_OUTLINE_TOP
 10
27.83765
 20
2.50000
 42
1.0
  0
VERTEX
 5
288
  8
PLACEMENT_OUTLINE_TOP
 10
27.85035
 20
2.50000
 42
1.0
  0
SEQEND
  8
PLACEMENT_OUTLINE_TOP
  0
POLYLINE
 5
289
  8
PLACEMENT_OUTLINE_TOP
 66
1
 40
0.025400
 41
0.025400
  0
VERTEX
 5
28A
  8
PLACEMENT_OUTLINE_TOP
 10
27.84400
 20
2.50000
  0
VERTEX
 5
28B
  8
PLACEMENT_OUTLINE_TOP
 10
27.84400
 20
1.50000
  0
SEQEND
  8
PLACEMENT_OUTLINE_TOP
  0
POLYLINE
 5
28C
  8
PLACEMENT_OUTLINE_TOP
 66
1
 70
1
 40
0.012700
 41
0.012700
  0
VERTEX
 5
28D
  8
PLACEMENT_OUTLINE_TOP
 10
27.83765
 20
2.50000
 42
1.0
  0
VERTEX
 5
28E
  8
PLACEMENT_OUTLINE_TOP
 10
27.85035
 20
2.50000
 42
1.0
  0
SEQEND
  8
PLACEMENT_OUTLINE_TOP
  0
POLYLINE
 5
28F
  8
PLACEMENT_OUTLINE_TOP
 66
1
 70
1
 40
0.012700
 41
0.012700
  0
VERTEX
 5
290
  8
PLACEMENT_OUTLINE_TOP
 10
27.83765
 20
1.50000
 42
1.0
  0
VERTEX
 5
291
  8
PLACEMENT_OUTLINE_TOP
 10
27.85035
 20
1.50000
 42
1.0
  0
SEQEND
  8
PLACEMENT_OUTLINE_TOP
  0
POLYLINE
 5
292
  8
PLACEMENT_OUTLINE_TOP
 66
1
 40
0.025400
 41
0.025400
  0
VERTEX
 5
293
  8
PLACEMENT_OUTLINE_TOP
 10
27.84400
 20
1.50000
  0
VERTEX
 5
294
  8
PLACEMENT_OUTLINE_TOP
 10
24.94400
 20
1.50000
  0
SEQEND
  8
PLACEMENT_OUTLINE_TOP
  0
POLYLINE
 5
295
  8
PLACEMENT_OUTLINE_TOP
 66
1
 70
1
 40
0.012700
 41
0.012700
  0
VERTEX
 5
296
  8
PLACEMENT_OUTLINE_TOP
 10
27.83765
 20
1.50000
 42
1.0
  0
VERTEX
 5
297
  8
PLACEMENT_OUTLINE_TOP
 10
27.85035
 20
1.50000
 42
1.0
  0
SEQEND
  8
PLACEMENT_OUTLINE_TOP
  0
POLYLINE
 5
298
  8
PLACEMENT_OUTLINE_TOP
 66
1
 70
1
 40
0.012700
 41
0.012700
  0
VERTEX
 5
299
  8
PLACEMENT_OUTLINE_TOP
 10
24.93765
 20
1.50000
 42
1.0
  0
VERTEX
 5
29A
  8
PLACEMENT_OUTLINE_TOP
 10
24.95035
 20
1.50000
 42
1.0
  0
SEQEND
  8
PLACEMENT_OUTLINE_TOP
  0
SOLID
 5
29B
  8
PADLAYER_TOP
 10
24.94400
 20
1.50000
 11
25.94400
 21
1.50000
 12
24.94400
 22
2.50000
 13
25.94400
 23
2.50000
  0
SOLID
 5
29C
  8
LAYNR1
 10
24.94400
 20
1.50000
 11
25.94400
 21
1.50000
 12
24.94400
 22
2.50000
 13
25.94400
 23
2.50000
  0
SOLID
 5
29D
  8
PADLAYER_TOP
 10
26.84400
 20
1.50000
 11
27.84400
 21
1.50000
 12
26.84400
 22
2.50000
 13
27.84400
 23
2.50000
  0
SOLID
 5
29E
  8
LAYNR1
 10
26.84400
 20
1.50000
 11
27.84400
 21
1.50000
 12
26.84400
 22
2.50000
 13
27.84400
 23
2.50000
  0
POLYLINE
 5
29F
  8
2DLINES_1
 66
1
 40
0.100000
 41
0.100000
  0
VERTEX
 5
2A0
  8
2DLINES_1
 10
30.59400
 20
2.40000
  0
VERTEX
 5
2A1
  8
2DLINES_1
 10
30.59400
 20
1.60000
  0
SEQEND
  8
2DLINES_1
  0
POLYLINE
 5
2A2
  8
2DLINES_1
 66
1
 70
1
 40
0.050000
 41
0.050000
  0
VERTEX
 5
2A3
  8
2DLINES_1
 10
30.56900
 20
2.40000
 42
1.0
  0
VERTEX
 5
2A4
  8
2DLINES_1
 10
30.61900
 20
2.40000
 42
1.0
  0
SEQEND
  8
2DLINES_1
  0
POLYLINE
 5
2A5
  8
2DLINES_1
 66
1
 70
1
 40
0.050000
 41
0.050000
  0
VERTEX
 5
2A6
  8
2DLINES_1
 10
30.56900
 20
1.60000
 42
1.0
  0
VERTEX
 5
2A7
  8
2DLINES_1
 10
30.61900
 20
1.60000
 42
1.0
  0
SEQEND
  8
2DLINES_1
  0
POLYLINE
 5
2A8
  8
2DLINES_1
 66
1
 40
0.100000
 41
0.100000
  0
VERTEX
 5
2A9
  8
2DLINES_1
 10
30.59400
 20
2.00000
  0
VERTEX
 5
2AA
  8
2DLINES_1
 10
30.26900
 20
2.30000
  0
SEQEND
  8
2DLINES_1
  0
POLYLINE
 5
2AB
  8
2DLINES_1
 66
1
 70
1
 40
0.050000
 41
0.050000
  0
VERTEX
 5
2AC
  8
2DLINES_1
 10
30.56900
 20
2.00000
 42
1.0
  0
VERTEX
 5
2AD
  8
2DLINES_1
 10
30.61900
 20
2.00000
 42
1.0
  0
SEQEND
  8
2DLINES_1
  0
POLYLINE
 5
2AE
  8
2DLINES_1
 66
1
 70
1
 40
0.050000
 41
0.050000
  0
VERTEX
 5
2AF
  8
2DLINES_1
 10
30.24400
 20
2.30000
 42
1.0
  0
VERTEX
 5
2B0
  8
2DLINES_1
 10
30.29400
 20
2.30000
 42
1.0
  0
SEQEND
  8
2DLINES_1
  0
POLYLINE
 5
2B1
  8
2DLINES_1
 66
1
 40
0.100000
 41
0.100000
  0
VERTEX
 5
2B2
  8
2DLINES_1
 10
30.26900
 20
2.30000
  0
VERTEX
 5
2B3
  8
2DLINES_1
 10
30.26900
 20
1.70000
  0
SEQEND
  8
2DLINES_1
  0
POLYLINE
 5
2B4
  8
2DLINES_1
 66
1
 70
1
 40
0.050000
 41
0.050000
  0
VERTEX
 5
2B5
  8
2DLINES_1
 10
30.24400
 20
2.30000
 42
1.0
  0
VERTEX
 5
2B6
  8
2DLINES_1
 10
30.29400
 20
2.30000
 42
1.0
  0
SEQEND
  8
2DLINES_1
  0
POLYLINE
 5
2B7
  8
2DLINES_1
 66
1
 70
1
 40
0.050000
 41
0.050000
  0
VERTEX
 5
2B8
  8
2DLINES_1
 10
30.24400
 20
1.70000
 42
1.0
  0
VERTEX
 5
2B9
  8
2DLINES_1
 10
30.29400
 20
1.70000
 42
1.0
  0
SEQEND
  8
2DLINES_1
  0
POLYLINE
 5
2BA
  8
2DLINES_1
 66
1
 40
0.100000
 41
0.100000
  0
VERTEX
 5
2BB
  8
2DLINES_1
 10
30.26900
 20
1.70000
  0
VERTEX
 5
2BC
  8
2DLINES_1
 10
30.58150
 20
2.01250
  0
SEQEND
  8
2DLINES_1
  0
POLYLINE
 5
2BD
  8
2DLINES_1
 66
1
 70
1
 40
0.050000
 41
0.050000
  0
VERTEX
 5
2BE
  8
2DLINES_1
 10
30.24400
 20
1.70000
 42
1.0
  0
VERTEX
 5
2BF
  8
2DLINES_1
 10
30.29400
 20
1.70000
 42
1.0
  0
SEQEND
  8
2DLINES_1
  0
POLYLINE
 5
2C0
  8
2DLINES_1
 66
1
 70
1
 40
0.050000
 41
0.050000
  0
VERTEX
 5
2C1
  8
2DLINES_1
 10
30.55650
 20
2.01250
 42
1.0
  0
VERTEX
 5
2C2
  8
2DLINES_1
 10
30.60650
 20
2.01250
 42
1.0
  0
SEQEND
  8
2DLINES_1
  0
POLYLINE
 5
2C3
  8
PLACEMENT_OUTLINE_TOP
 66
1
 40
0.025400
 41
0.025400
  0
VERTEX
 5
2C4
  8
PLACEMENT_OUTLINE_TOP
 10
28.94400
 20
1.50000
  0
VERTEX
 5
2C5
  8
PLACEMENT_OUTLINE_TOP
 10
28.94400
 20
2.50000
  0
SEQEND
  8
PLACEMENT_OUTLINE_TOP
  0
POLYLINE
 5
2C6
  8
PLACEMENT_OUTLINE_TOP
 66
1
 70
1
 40
0.012700
 41
0.012700
  0
VERTEX
 5
2C7
  8
PLACEMENT_OUTLINE_TOP
 10
28.93765
 20
1.50000
 42
1.0
  0
VERTEX
 5
2C8
  8
PLACEMENT_OUTLINE_TOP
 10
28.95035
 20
1.50000
 42
1.0
  0
SEQEND
  8
PLACEMENT_OUTLINE_TOP
  0
POLYLINE
 5
2C9
  8
PLACEMENT_OUTLINE_TOP
 66
1
 70
1
 40
0.012700
 41
0.012700
  0
VERTEX
 5
2CA
  8
PLACEMENT_OUTLINE_TOP
 10
28.93765
 20
2.50000
 42
1.0
  0
VERTEX
 5
2CB
  8
PLACEMENT_OUTLINE_TOP
 10
28.95035
 20
2.50000
 42
1.0
  0
SEQEND
  8
PLACEMENT_OUTLINE_TOP
  0
POLYLINE
 5
2CC
  8
PLACEMENT_OUTLINE_TOP
 66
1
 40
0.025400
 41
0.025400
  0
VERTEX
 5
2CD
  8
PLACEMENT_OUTLINE_TOP
 10
28.94400
 20
2.50000
  0
VERTEX
 5
2CE
  8
PLACEMENT_OUTLINE_TOP
 10
31.84400
 20
2.50000
  0
SEQEND
  8
PLACEMENT_OUTLINE_TOP
  0
POLYLINE
 5
2CF
  8
PLACEMENT_OUTLINE_TOP
 66
1
 70
1
 40
0.012700
 41
0.012700
  0
VERTEX
 5
2D0
  8
PLACEMENT_OUTLINE_TOP
 10
28.93765
 20
2.50000
 42
1.0
  0
VERTEX
 5
2D1
  8
PLACEMENT_OUTLINE_TOP
 10
28.95035
 20
2.50000
 42
1.0
  0
SEQEND
  8
PLACEMENT_OUTLINE_TOP
  0
POLYLINE
 5
2D2
  8
PLACEMENT_OUTLINE_TOP
 66
1
 70
1
 40
0.012700
 41
0.012700
  0
VERTEX
 5
2D3
  8
PLACEMENT_OUTLINE_TOP
 10
31.83765
 20
2.50000
 42
1.0
  0
VERTEX
 5
2D4
  8
PLACEMENT_OUTLINE_TOP
 10
31.85035
 20
2.50000
 42
1.0
  0
SEQEND
  8
PLACEMENT_OUTLINE_TOP
  0
POLYLINE
 5
2D5
  8
PLACEMENT_OUTLINE_TOP
 66
1
 40
0.025400
 41
0.025400
  0
VERTEX
 5
2D6
  8
PLACEMENT_OUTLINE_TOP
 10
31.84400
 20
2.50000
  0
VERTEX
 5
2D7
  8
PLACEMENT_OUTLINE_TOP
 10
31.84400
 20
1.50000
  0
SEQEND
  8
PLACEMENT_OUTLINE_TOP
  0
POLYLINE
 5
2D8
  8
PLACEMENT_OUTLINE_TOP
 66
1
 70
1
 40
0.012700
 41
0.012700
  0
VERTEX
 5
2D9
  8
PLACEMENT_OUTLINE_TOP
 10
31.83765
 20
2.50000
 42
1.0
  0
VERTEX
 5
2DA
  8
PLACEMENT_OUTLINE_TOP
 10
31.85035
 20
2.50000
 42
1.0
  0
SEQEND
  8
PLACEMENT_OUTLINE_TOP
  0
POLYLINE
 5
2DB
  8
PLACEMENT_OUTLINE_TOP
 66
1
 70
1
 40
0.012700
 41
0.012700
  0
VERTEX
 5
2DC
  8
PLACEMENT_OUTLINE_TOP
 10
31.83765
 20
1.50000
 42
1.0
  0
VERTEX
 5
2DD
  8
PLACEMENT_OUTLINE_TOP
 10
31.85035
 20
1.50000
 42
1.0
  0
SEQEND
  8
PLACEMENT_OUTLINE_TOP
  0
POLYLINE
 5
2DE
  8
PLACEMENT_OUTLINE_TOP
 66
1
 40
0.025400
 41
0.025400
  0
VERTEX
 5
2DF
  8
PLACEMENT_OUTLINE_TOP
 10
31.84400
 20
1.50000
  0
VERTEX
 5
2E0
  8
PLACEMENT_OUTLINE_TOP
 10
28.94400
 20
1.50000
  0
SEQEND
  8
PLACEMENT_OUTLINE_TOP
  0
POLYLINE
 5
2E1
  8
PLACEMENT_OUTLINE_TOP
 66
1
 70
1
 40
0.012700
 41
0.012700
  0
VERTEX
 5
2E2
  8
PLACEMENT_OUTLINE_TOP
 10
31.83765
 20
1.50000
 42
1.0
  0
VERTEX
 5
2E3
  8
PLACEMENT_OUTLINE_TOP
 10
31.85035
 20
1.50000
 42
1.0
  0
SEQEND
  8
PLACEMENT_OUTLINE_TOP
  0
POLYLINE
 5
2E4
  8
PLACEMENT_OUTLINE_TOP
 66
1
 70
1
 40
0.012700
 41
0.012700
  0
VERTEX
 5
2E5
  8
PLACEMENT_OUTLINE_TOP
 10
28.93765
 20
1.50000
 42
1.0
  0
VERTEX
 5
2E6
  8
PLACEMENT_OUTLINE_TOP
 10
28.95035
 20
1.50000
 42
1.0
  0
SEQEND
  8
PLACEMENT_OUTLINE_TOP
  0
SOLID
 5
2E7
  8
PADLAYER_TOP
 10
28.94400
 20
1.50000
 11
29.94400
 21
1.50000
 12
28.94400
 22
2.50000
 13
29.94400
 23
2.50000
  0
SOLID
 5
2E8
  8
LAYNR1
 10
28.94400
 20
1.50000
 11
29.94400
 21
1.50000
 12
28.94400
 22
2.50000
 13
29.94400
 23
2.50000
  0
SOLID
 5
2E9
  8
PADLAYER_TOP
 10
30.84400
 20
1.50000
 11
31.84400
 21
1.50000
 12
30.84400
 22
2.50000
 13
31.84400
 23
2.50000
  0
SOLID
 5
2EA
  8
LAYNR1
 10
30.84400
 20
1.50000
 11
31.84400
 21
1.50000
 12
30.84400
 22
2.50000
 13
31.84400
 23
2.50000
  0
POLYLINE
 5
2EB
  8
2DLINES_1
 66
1
 40
0.100000
 41
0.100000
  0
VERTEX
 5
2EC
  8
2DLINES_1
 10
34.59400
 20
2.40000
  0
VERTEX
 5
2ED
  8
2DLINES_1
 10
34.59400
 20
1.60000
  0
SEQEND
  8
2DLINES_1
  0
POLYLINE
 5
2EE
  8
2DLINES_1
 66
1
 70
1
 40
0.050000
 41
0.050000
  0
VERTEX
 5
2EF
  8
2DLINES_1
 10
34.56900
 20
2.40000
 42
1.0
  0
VERTEX
 5
2F0
  8
2DLINES_1
 10
34.61900
 20
2.40000
 42
1.0
  0
SEQEND
  8
2DLINES_1
  0
POLYLINE
 5
2F1
  8
2DLINES_1
 66
1
 70
1
 40
0.050000
 41
0.050000
  0
VERTEX
 5
2F2
  8
2DLINES_1
 10
34.56900
 20
1.60000
 42
1.0
  0
VERTEX
 5
2F3
  8
2DLINES_1
 10
34.61900
 20
1.60000
 42
1.0
  0
SEQEND
  8
2DLINES_1
  0
POLYLINE
 5
2F4
  8
2DLINES_1
 66
1
 40
0.100000
 41
0.100000
  0
VERTEX
 5
2F5
  8
2DLINES_1
 10
34.59400
 20
2.00000
  0
VERTEX
 5
2F6
  8
2DLINES_1
 10
34.26900
 20
2.30000
  0
SEQEND
  8
2DLINES_1
  0
POLYLINE
 5
2F7
  8
2DLINES_1
 66
1
 70
1
 40
0.050000
 41
0.050000
  0
VERTEX
 5
2F8
  8
2DLINES_1
 10
34.56900
 20
2.00000
 42
1.0
  0
VERTEX
 5
2F9
  8
2DLINES_1
 10
34.61900
 20
2.00000
 42
1.0
  0
SEQEND
  8
2DLINES_1
  0
POLYLINE
 5
2FA
  8
2DLINES_1
 66
1
 70
1
 40
0.050000
 41
0.050000
  0
VERTEX
 5
2FB
  8
2DLINES_1
 10
34.24400
 20
2.30000
 42
1.0
  0
VERTEX
 5
2FC
  8
2DLINES_1
 10
34.29400
 20
2.30000
 42
1.0
  0
SEQEND
  8
2DLINES_1
  0
POLYLINE
 5
2FD
  8
2DLINES_1
 66
1
 40
0.100000
 41
0.100000
  0
VERTEX
 5
2FE
  8
2DLINES_1
 10
34.26900
 20
2.30000
  0
VERTEX
 5
2FF
  8
2DLINES_1
 10
34.26900
 20
1.70000
  0
SEQEND
  8
2DLINES_1
  0
POLYLINE
 5
300
  8
2DLINES_1
 66
1
 70
1
 40
0.050000
 41
0.050000
  0
VERTEX
 5
301
  8
2DLINES_1
 10
34.24400
 20
2.30000
 42
1.0
  0
VERTEX
 5
302
  8
2DLINES_1
 10
34.29400
 20
2.30000
 42
1.0
  0
SEQEND
  8
2DLINES_1
  0
POLYLINE
 5
303
  8
2DLINES_1
 66
1
 70
1
 40
0.050000
 41
0.050000
  0
VERTEX
 5
304
  8
2DLINES_1
 10
34.24400
 20
1.70000
 42
1.0
  0
VERTEX
 5
305
  8
2DLINES_1
 10
34.29400
 20
1.70000
 42
1.0
  0
SEQEND
  8
2DLINES_1
  0
POLYLINE
 5
306
  8
2DLINES_1
 66
1
 40
0.100000
 41
0.100000
  0
VERTEX
 5
307
  8
2DLINES_1
 10
34.26900
 20
1.70000
  0
VERTEX
 5
308
  8
2DLINES_1
 10
34.58150
 20
2.01250
  0
SEQEND
  8
2DLINES_1
  0
POLYLINE
 5
309
  8
2DLINES_1
 66
1
 70
1
 40
0.050000
 41
0.050000
  0
VERTEX
 5
30A
  8
2DLINES_1
 10
34.24400
 20
1.70000
 42
1.0
  0
VERTEX
 5
30B
  8
2DLINES_1
 10
34.29400
 20
1.70000
 42
1.0
  0
SEQEND
  8
2DLINES_1
  0
POLYLINE
 5
30C
  8
2DLINES_1
 66
1
 70
1
 40
0.050000
 41
0.050000
  0
VERTEX
 5
30D
  8
2DLINES_1
 10
34.55650
 20
2.01250
 42
1.0
  0
VERTEX
 5
30E
  8
2DLINES_1
 10
34.60650
 20
2.01250
 42
1.0
  0
SEQEND
  8
2DLINES_1
  0
POLYLINE
 5
30F
  8
PLACEMENT_OUTLINE_TOP
 66
1
 40
0.025400
 41
0.025400
  0
VERTEX
 5
310
  8
PLACEMENT_OUTLINE_TOP
 10
32.94400
 20
1.50000
  0
VERTEX
 5
311
  8
PLACEMENT_OUTLINE_TOP
 10
32.94400
 20
2.50000
  0
SEQEND
  8
PLACEMENT_OUTLINE_TOP
  0
POLYLINE
 5
312
  8
PLACEMENT_OUTLINE_TOP
 66
1
 70
1
 40
0.012700
 41
0.012700
  0
VERTEX
 5
313
  8
PLACEMENT_OUTLINE_TOP
 10
32.93765
 20
1.50000
 42
1.0
  0
VERTEX
 5
314
  8
PLACEMENT_OUTLINE_TOP
 10
32.95035
 20
1.50000
 42
1.0
  0
SEQEND
  8
PLACEMENT_OUTLINE_TOP
  0
POLYLINE
 5
315
  8
PLACEMENT_OUTLINE_TOP
 66
1
 70
1
 40
0.012700
 41
0.012700
  0
VERTEX
 5
316
  8
PLACEMENT_OUTLINE_TOP
 10
32.93765
 20
2.50000
 42
1.0
  0
VERTEX
 5
317
  8
PLACEMENT_OUTLINE_TOP
 10
32.95035
 20
2.50000
 42
1.0
  0
SEQEND
  8
PLACEMENT_OUTLINE_TOP
  0
POLYLINE
 5
318
  8
PLACEMENT_OUTLINE_TOP
 66
1
 40
0.025400
 41
0.025400
  0
VERTEX
 5
319
  8
PLACEMENT_OUTLINE_TOP
 10
32.94400
 20
2.50000
  0
VERTEX
 5
31A
  8
PLACEMENT_OUTLINE_TOP
 10
35.84400
 20
2.50000
  0
SEQEND
  8
PLACEMENT_OUTLINE_TOP
  0
POLYLINE
 5
31B
  8
PLACEMENT_OUTLINE_TOP
 66
1
 70
1
 40
0.012700
 41
0.012700
  0
VERTEX
 5
31C
  8
PLACEMENT_OUTLINE_TOP
 10
32.93765
 20
2.50000
 42
1.0
  0
VERTEX
 5
31D
  8
PLACEMENT_OUTLINE_TOP
 10
32.95035
 20
2.50000
 42
1.0
  0
SEQEND
  8
PLACEMENT_OUTLINE_TOP
  0
POLYLINE
 5
31E
  8
PLACEMENT_OUTLINE_TOP
 66
1
 70
1
 40
0.012700
 41
0.012700
  0
VERTEX
 5
31F
  8
PLACEMENT_OUTLINE_TOP
 10
35.83765
 20
2.50000
 42
1.0
  0
VERTEX
 5
320
  8
PLACEMENT_OUTLINE_TOP
 10
35.85035
 20
2.50000
 42
1.0
  0
SEQEND
  8
PLACEMENT_OUTLINE_TOP
  0
POLYLINE
 5
321
  8
PLACEMENT_OUTLINE_TOP
 66
1
 40
0.025400
 41
0.025400
  0
VERTEX
 5
322
  8
PLACEMENT_OUTLINE_TOP
 10
35.84400
 20
2.50000
  0
VERTEX
 5
323
  8
PLACEMENT_OUTLINE_TOP
 10
35.84400
 20
1.50000
  0
SEQEND
  8
PLACEMENT_OUTLINE_TOP
  0
POLYLINE
 5
324
  8
PLACEMENT_OUTLINE_TOP
 66
1
 70
1
 40
0.012700
 41
0.012700
  0
VERTEX
 5
325
  8
PLACEMENT_OUTLINE_TOP
 10
35.83765
 20
2.50000
 42
1.0
  0
VERTEX
 5
326
  8
PLACEMENT_OUTLINE_TOP
 10
35.85035
 20
2.50000
 42
1.0
  0
SEQEND
  8
PLACEMENT_OUTLINE_TOP
  0
POLYLINE
 5
327
  8
PLACEMENT_OUTLINE_TOP
 66
1
 70
1
 40
0.012700
 41
0.012700
  0
VERTEX
 5
328
  8
PLACEMENT_OUTLINE_TOP
 10
35.83765
 20
1.50000
 42
1.0
  0
VERTEX
 5
329
  8
PLACEMENT_OUTLINE_TOP
 10
35.85035
 20
1.50000
 42
1.0
  0
SEQEND
  8
PLACEMENT_OUTLINE_TOP
  0
POLYLINE
 5
32A
  8
PLACEMENT_OUTLINE_TOP
 66
1
 40
0.025400
 41
0.025400
  0
VERTEX
 5
32B
  8
PLACEMENT_OUTLINE_TOP
 10
35.84400
 20
1.50000
  0
VERTEX
 5
32C
  8
PLACEMENT_OUTLINE_TOP
 10
32.94400
 20
1.50000
  0
SEQEND
  8
PLACEMENT_OUTLINE_TOP
  0
POLYLINE
 5
32D
  8
PLACEMENT_OUTLINE_TOP
 66
1
 70
1
 40
0.012700
 41
0.012700
  0
VERTEX
 5
32E
  8
PLACEMENT_OUTLINE_TOP
 10
35.83765
 20
1.50000
 42
1.0
  0
VERTEX
 5
32F
  8
PLACEMENT_OUTLINE_TOP
 10
35.85035
 20
1.50000
 42
1.0
  0
SEQEND
  8
PLACEMENT_OUTLINE_TOP
  0
POLYLINE
 5
330
  8
PLACEMENT_OUTLINE_TOP
 66
1
 70
1
 40
0.012700
 41
0.012700
  0
VERTEX
 5
331
  8
PLACEMENT_OUTLINE_TOP
 10
32.93765
 20
1.50000
 42
1.0
  0
VERTEX
 5
332
  8
PLACEMENT_OUTLINE_TOP
 10
32.95035
 20
1.50000
 42
1.0
  0
SEQEND
  8
PLACEMENT_OUTLINE_TOP
  0
SOLID
 5
333
  8
PADLAYER_TOP
 10
32.94400
 20
1.50000
 11
33.94400
 21
1.50000
 12
32.94400
 22
2.50000
 13
33.94400
 23
2.50000
  0
SOLID
 5
334
  8
LAYNR1
 10
32.94400
 20
1.50000
 11
33.94400
 21
1.50000
 12
32.94400
 22
2.50000
 13
33.94400
 23
2.50000
  0
SOLID
 5
335
  8
PADLAYER_TOP
 10
34.84400
 20
1.50000
 11
35.84400
 21
1.50000
 12
34.84400
 22
2.50000
 13
35.84400
 23
2.50000
  0
SOLID
 5
336
  8
LAYNR1
 10
34.84400
 20
1.50000
 11
35.84400
 21
1.50000
 12
34.84400
 22
2.50000
 13
35.84400
 23
2.50000
  0
POLYLINE
 5
337
  8
2DLINES_1
 66
1
 40
0.254000
 41
0.254000
  0
VERTEX
 5
338
  8
2DLINES_1
 10
28.38000
 20
17.25000
  0
VERTEX
 5
339
  8
2DLINES_1
 10
27.71300
 20
17.25300
  0
SEQEND
  8
2DLINES_1
  0
POLYLINE
 5
33A
  8
2DLINES_1
 66
1
 70
1
 40
0.127000
 41
0.127000
  0
VERTEX
 5
33B
  8
2DLINES_1
 10
28.31650
 20
17.25000
 42
1.0
  0
VERTEX
 5
33C
  8
2DLINES_1
 10
28.44350
 20
17.25000
 42
1.0
  0
SEQEND
  8
2DLINES_1
  0
POLYLINE
 5
33D
  8
2DLINES_1
 66
1
 70
1
 40
0.127000
 41
0.127000
  0
VERTEX
 5
33E
  8
2DLINES_1
 10
27.64950
 20
17.25300
 42
1.0
  0
VERTEX
 5
33F
  8
2DLINES_1
 10
27.77650
 20
17.25300
 42
1.0
  0
SEQEND
  8
2DLINES_1
  0
POLYLINE
 5
340
  8
2DLINES_1
 66
1
 40
0.254000
 41
0.254000
  0
VERTEX
 5
341
  8
2DLINES_1
 10
27.71300
 20
17.25300
  0
VERTEX
 5
342
  8
2DLINES_1
 10
27.71300
 20
16.93500
  0
SEQEND
  8
2DLINES_1
  0
POLYLINE
 5
343
  8
2DLINES_1
 66
1
 70
1
 40
0.127000
 41
0.127000
  0
VERTEX
 5
344
  8
2DLINES_1
 10
27.64950
 20
17.25300
 42
1.0
  0
VERTEX
 5
345
  8
2DLINES_1
 10
27.77650
 20
17.25300
 42
1.0
  0
SEQEND
  8
2DLINES_1
  0
POLYLINE
 5
346
  8
2DLINES_1
 66
1
 70
1
 40
0.127000
 41
0.127000
  0
VERTEX
 5
347
  8
2DLINES_1
 10
27.64950
 20
16.93500
 42
1.0
  0
VERTEX
 5
348
  8
2DLINES_1
 10
27.77650
 20
16.93500
 42
1.0
  0
SEQEND
  8
2DLINES_1
  0
POLYLINE
 5
349
  8
2DLINES_1
 66
1
 40
0.254000
 41
0.254000
  0
VERTEX
 5
34A
  8
2DLINES_1
 10
27.71300
 20
16.93500
  0
VERTEX
 5
34B
  8
2DLINES_1
 10
27.08700
 20
16.93500
  0
SEQEND
  8
2DLINES_1
  0
POLYLINE
 5
34C
  8
2DLINES_1
 66
1
 70
1
 40
0.127000
 41
0.127000
  0
VERTEX
 5
34D
  8
2DLINES_1
 10
27.64950
 20
16.93500
 42
1.0
  0
VERTEX
 5
34E
  8
2DLINES_1
 10
27.77650
 20
16.93500
 42
1.0
  0
SEQEND
  8
2DLINES_1
  0
POLYLINE
 5
34F
  8
2DLINES_1
 66
1
 70
1
 40
0.127000
 41
0.127000
  0
VERTEX
 5
350
  8
2DLINES_1
 10
27.02350
 20
16.93500
 42
1.0
  0
VERTEX
 5
351
  8
2DLINES_1
 10
27.15050
 20
16.93500
 42
1.0
  0
SEQEND
  8
2DLINES_1
  0
POLYLINE
 5
352
  8
2DLINES_1
 66
1
 40
0.254000
 41
0.254000
  0
VERTEX
 5
353
  8
2DLINES_1
 10
27.08700
 20
16.93500
  0
VERTEX
 5
354
  8
2DLINES_1
 10
27.08700
 20
17.25300
  0
SEQEND
  8
2DLINES_1
  0
POLYLINE
 5
355
  8
2DLINES_1
 66
1
 70
1
 40
0.127000
 41
0.127000
  0
VERTEX
 5
356
  8
2DLINES_1
 10
27.02350
 20
16.93500
 42
1.0
  0
VERTEX
 5
357
  8
2DLINES_1
 10
27.15050
 20
16.93500
 42
1.0
  0
SEQEND
  8
2DLINES_1
  0
POLYLINE
 5
358
  8
2DLINES_1
 66
1
 70
1
 40
0.127000
 41
0.127000
  0
VERTEX
 5
359
  8
2DLINES_1
 10
27.02350
 20
17.25300
 42
1.0
  0
VERTEX
 5
35A
  8
2DLINES_1
 10
27.15050
 20
17.25300
 42
1.0
  0
SEQEND
  8
2DLINES_1
  0
POLYLINE
 5
35B
  8
2DLINES_1
 66
1
 40
0.254000
 41
0.254000
  0
VERTEX
 5
35C
  8
2DLINES_1
 10
27.08700
 20
17.25300
  0
VERTEX
 5
35D
  8
2DLINES_1
 10
26.38000
 20
17.25000
  0
SEQEND
  8
2DLINES_1
  0
POLYLINE
 5
35E
  8
2DLINES_1
 66
1
 70
1
 40
0.127000
 41
0.127000
  0
VERTEX
 5
35F
  8
2DLINES_1
 10
27.02350
 20
17.25300
 42
1.0
  0
VERTEX
 5
360
  8
2DLINES_1
 10
27.15050
 20
17.25300
 42
1.0
  0
SEQEND
  8
2DLINES_1
  0
POLYLINE
 5
361
  8
2DLINES_1
 66
1
 70
1
 40
0.127000
 41
0.127000
  0
VERTEX
 5
362
  8
2DLINES_1
 10
26.31650
 20
17.25000
 42
1.0
  0
VERTEX
 5
363
  8
2DLINES_1
 10
26.44350
 20
17.25000
 42
1.0
  0
SEQEND
  8
2DLINES_1
  0
POLYLINE
 5
364
  8
2DLINES_1
 66
1
 40
0.254000
 41
0.254000
  0
VERTEX
 5
365
  8
2DLINES_1
 10
28.38000
 20
13.85000
  0
VERTEX
 5
366
  8
2DLINES_1
 10
26.38000
 20
13.85000
  0
SEQEND
  8
2DLINES_1
  0
POLYLINE
 5
367
  8
2DLINES_1
 66
1
 70
1
 40
0.127000
 41
0.127000
  0
VERTEX
 5
368
  8
2DLINES_1
 10
28.31650
 20
13.85000
 42
1.0
  0
VERTEX
 5
369
  8
2DLINES_1
 10
28.44350
 20
13.85000
 42
1.0
  0
SEQEND
  8
2DLINES_1
  0
POLYLINE
 5
36A
  8
2DLINES_1
 66
1
 70
1
 40
0.127000
 41
0.127000
  0
VERTEX
 5
36B
  8
2DLINES_1
 10
26.31650
 20
13.85000
 42
1.0
  0
VERTEX
 5
36C
  8
2DLINES_1
 10
26.44350
 20
13.85000
 42
1.0
  0
SEQEND
  8
2DLINES_1
  0
POLYLINE
 5
36D
  8
PLACEMENT_OUTLINE_TOP
 66
1
 40
0.025400
 41
0.025400
  0
VERTEX
 5
36E
  8
PLACEMENT_OUTLINE_TOP
 10
25.47200
 20
16.81750
  0
VERTEX
 5
36F
  8
PLACEMENT_OUTLINE_TOP
 10
29.18800
 20
16.81750
  0
SEQEND
  8
PLACEMENT_OUTLINE_TOP
  0
POLYLINE
 5
370
  8
PLACEMENT_OUTLINE_TOP
 66
1
 70
1
 40
0.012700
 41
0.012700
  0
VERTEX
 5
371
  8
PLACEMENT_OUTLINE_TOP
 10
25.46565
 20
16.81750
 42
1.0
  0
VERTEX
 5
372
  8
PLACEMENT_OUTLINE_TOP
 10
25.47835
 20
16.81750
 42
1.0
  0
SEQEND
  8
PLACEMENT_OUTLINE_TOP
  0
POLYLINE
 5
373
  8
PLACEMENT_OUTLINE_TOP
 66
1
 70
1
 40
0.012700
 41
0.012700
  0
VERTEX
 5
374
  8
PLACEMENT_OUTLINE_TOP
 10
29.18165
 20
16.81750
 42
1.0
  0
VERTEX
 5
375
  8
PLACEMENT_OUTLINE_TOP
 10
29.19435
 20
16.81750
 42
1.0
  0
SEQEND
  8
PLACEMENT_OUTLINE_TOP
  0
POLYLINE
 5
376
  8
PLACEMENT_OUTLINE_TOP
 66
1
 40
0.025400
 41
0.025400
  0
VERTEX
 5
377
  8
PLACEMENT_OUTLINE_TOP
 10
29.18800
 20
16.81750
  0
VERTEX
 5
378
  8
PLACEMENT_OUTLINE_TOP
 10
29.18800
 20
14.28250
  0
SEQEND
  8
PLACEMENT_OUTLINE_TOP
  0
POLYLINE
 5
379
  8
PLACEMENT_OUTLINE_TOP
 66
1
 70
1
 40
0.012700
 41
0.012700
  0
VERTEX
 5
37A
  8
PLACEMENT_OUTLINE_TOP
 10
29.18165
 20
16.81750
 42
1.0
  0
VERTEX
 5
37B
  8
PLACEMENT_OUTLINE_TOP
 10
29.19435
 20
16.81750
 42
1.0
  0
SEQEND
  8
PLACEMENT_OUTLINE_TOP
  0
POLYLINE
 5
37C
  8
PLACEMENT_OUTLINE_TOP
 66
1
 70
1
 40
0.012700
 41
0.012700
  0
VERTEX
 5
37D
  8
PLACEMENT_OUTLINE_TOP
 10
29.18165
 20
14.28250
 42
1.0
  0
VERTEX
 5
37E
  8
PLACEMENT_OUTLINE_TOP
 10
29.19435
 20
14.28250
 42
1.0
  0
SEQEND
  8
PLACEMENT_OUTLINE_TOP
  0
POLYLINE
 5
37F
  8
PLACEMENT_OUTLINE_TOP
 66
1
 40
0.025400
 41
0.025400
  0
VERTEX
 5
380
  8
PLACEMENT_OUTLINE_TOP
 10
29.18800
 20
14.28250
  0
VERTEX
 5
381
  8
PLACEMENT_OUTLINE_TOP
 10
25.47200
 20
14.28250
  0
SEQEND
  8
PLACEMENT_OUTLINE_TOP
  0
POLYLINE
 5
382
  8
PLACEMENT_OUTLINE_TOP
 66
1
 70
1
 40
0.012700
 41
0.012700
  0
VERTEX
 5
383
  8
PLACEMENT_OUTLINE_TOP
 10
29.18165
 20
14.28250
 42
1.0
  0
VERTEX
 5
384
  8
PLACEMENT_OUTLINE_TOP
 10
29.19435
 20
14.28250
 42
1.0
  0
SEQEND
  8
PLACEMENT_OUTLINE_TOP
  0
POLYLINE
 5
385
  8
PLACEMENT_OUTLINE_TOP
 66
1
 70
1
 40
0.012700
 41
0.012700
  0
VERTEX
 5
386
  8
PLACEMENT_OUTLINE_TOP
 10
25.46565
 20
14.28250
 42
1.0
  0
VERTEX
 5
387
  8
PLACEMENT_OUTLINE_TOP
 10
25.47835
 20
14.28250
 42
1.0
  0
SEQEND
  8
PLACEMENT_OUTLINE_TOP
  0
POLYLINE
 5
388
  8
PLACEMENT_OUTLINE_TOP
 66
1
 40
0.025400
 41
0.025400
  0
VERTEX
 5
389
  8
PLACEMENT_OUTLINE_TOP
 10
25.47200
 20
14.28250
  0
VERTEX
 5
38A
  8
PLACEMENT_OUTLINE_TOP
 10
25.47200
 20
16.81750
  0
SEQEND
  8
PLACEMENT_OUTLINE_TOP
  0
POLYLINE
 5
38B
  8
PLACEMENT_OUTLINE_TOP
 66
1
 70
1
 40
0.012700
 41
0.012700
  0
VERTEX
 5
38C
  8
PLACEMENT_OUTLINE_TOP
 10
25.46565
 20
14.28250
 42
1.0
  0
VERTEX
 5
38D
  8
PLACEMENT_OUTLINE_TOP
 10
25.47835
 20
14.28250
 42
1.0
  0
SEQEND
  8
PLACEMENT_OUTLINE_TOP
  0
POLYLINE
 5
38E
  8
PLACEMENT_OUTLINE_TOP
 66
1
 70
1
 40
0.012700
 41
0.012700
  0
VERTEX
 5
38F
  8
PLACEMENT_OUTLINE_TOP
 10
25.46565
 20
16.81750
 42
1.0
  0
VERTEX
 5
390
  8
PLACEMENT_OUTLINE_TOP
 10
25.47835
 20
16.81750
 42
1.0
  0
SEQEND
  8
PLACEMENT_OUTLINE_TOP
  0
SOLID
 5
391
  8
PADLAYER_TOP
 10
25.47200
 20
16.18250
 11
26.48800
 21
16.18250
 12
25.47200
 22
16.81750
 13
26.48800
 23
16.81750
  0
SOLID
 5
392
  8
PADLAYER_TOP
 10
25.47200
 20
15.23250
 11
26.48800
 21
15.23250
 12
25.47200
 22
15.86750
 13
26.48800
 23
15.86750
  0
SOLID
 5
393
  8
PADLAYER_TOP
 10
25.47200
 20
14.28250
 11
26.48800
 21
14.28250
 12
25.47200
 22
14.91750
 13
26.48800
 23
14.91750
  0
SOLID
 5
394
  8
PADLAYER_TOP
 10
28.17200
 20
14.28250
 11
29.18800
 21
14.28250
 12
28.17200
 22
14.91750
 13
29.18800
 23
14.91750
  0
SOLID
 5
395
  8
PADLAYER_TOP
 10
28.17200
 20
15.23250
 11
29.18800
 21
15.23250
 12
28.17200
 22
15.86750
 13
29.18800
 23
15.86750
  0
SOLID
 5
396
  8
PADLAYER_TOP
 10
28.17200
 20
16.18250
 11
29.18800
 21
16.18250
 12
28.17200
 22
16.81750
 13
29.18800
 23
16.81750
  0
POLYLINE
 5
397
  8
LAYNR1
 66
1
 40
0.203200
 41
0.203200
  0
VERTEX
 5
398
  8
LAYNR1
 10
23.81000
 20
15.74000
  0
VERTEX
 5
399
  8
LAYNR1
 10
24.51000
 20
15.74000
  0
SEQEND
  8
LAYNR1
  0
POLYLINE
 5
39A
  8
LAYNR1
 66
1
 70
1
 40
0.101600
 41
0.101600
  0
VERTEX
 5
39B
  8
LAYNR1
 10
23.75920
 20
15.74000
 42
1.0
  0
VERTEX
 5
39C
  8
LAYNR1
 10
23.86080
 20
15.74000
 42
1.0
  0
SEQEND
  8
LAYNR1
  0
POLYLINE
 5
39D
  8
LAYNR1
 66
1
 70
1
 40
0.101600
 41
0.101600
  0
VERTEX
 5
39E
  8
LAYNR1
 10
24.45920
 20
15.74000
 42
1.0
  0
VERTEX
 5
39F
  8
LAYNR1
 10
24.56080
 20
15.74000
 42
1.0
  0
SEQEND
  8
LAYNR1
  0
POLYLINE
 5
3A0
  8
PLACEMENT_OUTLINE_TOP
 66
1
 40
0.100000
 41
0.100000
  0
VERTEX
 5
3A1
  8
PLACEMENT_OUTLINE_TOP
 10
23.52500
 20
17.13700
  0
VERTEX
 5
3A2
  8
PLACEMENT_OUTLINE_TOP
 10
23.52500
 20
14.34300
  0
SEQEND
  8
PLACEMENT_OUTLINE_TOP
  0
POLYLINE
 5
3A3
  8
PLACEMENT_OUTLINE_TOP
 66
1
 70
1
 40
0.050000
 41
0.050000
  0
VERTEX
 5
3A4
  8
PLACEMENT_OUTLINE_TOP
 10
23.50000
 20
17.13700
 42
1.0
  0
VERTEX
 5
3A5
  8
PLACEMENT_OUTLINE_TOP
 10
23.55000
 20
17.13700
 42
1.0
  0
SEQEND
  8
PLACEMENT_OUTLINE_TOP
  0
POLYLINE
 5
3A6
  8
PLACEMENT_OUTLINE_TOP
 66
1
 70
1
 40
0.050000
 41
0.050000
  0
VERTEX
 5
3A7
  8
PLACEMENT_OUTLINE_TOP
 10
23.50000
 20
14.34300
 42
1.0
  0
VERTEX
 5
3A8
  8
PLACEMENT_OUTLINE_TOP
 10
23.55000
 20
14.34300
 42
1.0
  0
SEQEND
  8
PLACEMENT_OUTLINE_TOP
  0
POLYLINE
 5
3A9
  8
PLACEMENT_OUTLINE_TOP
 66
1
 40
0.100000
 41
0.100000
  0
VERTEX
 5
3AA
  8
PLACEMENT_OUTLINE_TOP
 10
23.52500
 20
14.34300
  0
VERTEX
 5
3AB
  8
PLACEMENT_OUTLINE_TOP
 10
24.79500
 20
14.34300
  0
SEQEND
  8
PLACEMENT_OUTLINE_TOP
  0
POLYLINE
 5
3AC
  8
PLACEMENT_OUTLINE_TOP
 66
1
 70
1
 40
0.050000
 41
0.050000
  0
VERTEX
 5
3AD
  8
PLACEMENT_OUTLINE_TOP
 10
23.50000
 20
14.34300
 42
1.0
  0
VERTEX
 5
3AE
  8
PLACEMENT_OUTLINE_TOP
 10
23.55000
 20
14.34300
 42
1.0
  0
SEQEND
  8
PLACEMENT_OUTLINE_TOP
  0
POLYLINE
 5
3AF
  8
PLACEMENT_OUTLINE_TOP
 66
1
 70
1
 40
0.050000
 41
0.050000
  0
VERTEX
 5
3B0
  8
PLACEMENT_OUTLINE_TOP
 10
24.77000
 20
14.34300
 42
1.0
  0
VERTEX
 5
3B1
  8
PLACEMENT_OUTLINE_TOP
 10
24.82000
 20
14.34300
 42
1.0
  0
SEQEND
  8
PLACEMENT_OUTLINE_TOP
  0
POLYLINE
 5
3B2
  8
PLACEMENT_OUTLINE_TOP
 66
1
 40
0.100000
 41
0.100000
  0
VERTEX
 5
3B3
  8
PLACEMENT_OUTLINE_TOP
 10
24.79500
 20
14.34300
  0
VERTEX
 5
3B4
  8
PLACEMENT_OUTLINE_TOP
 10
24.79500
 20
17.13700
  0
SEQEND
  8
PLACEMENT_OUTLINE_TOP
  0
POLYLINE
 5
3B5
  8
PLACEMENT_OUTLINE_TOP
 66
1
 70
1
 40
0.050000
 41
0.050000
  0
VERTEX
 5
3B6
  8
PLACEMENT_OUTLINE_TOP
 10
24.77000
 20
14.34300
 42
1.0
  0
VERTEX
 5
3B7
  8
PLACEMENT_OUTLINE_TOP
 10
24.82000
 20
14.34300
 42
1.0
  0
SEQEND
  8
PLACEMENT_OUTLINE_TOP
  0
POLYLINE
 5
3B8
  8
PLACEMENT_OUTLINE_TOP
 66
1
 70
1
 40
0.050000
 41
0.050000
  0
VERTEX
 5
3B9
  8
PLACEMENT_OUTLINE_TOP
 10
24.77000
 20
17.13700
 42
1.0
  0
VERTEX
 5
3BA
  8
PLACEMENT_OUTLINE_TOP
 10
24.82000
 20
17.13700
 42
1.0
  0
SEQEND
  8
PLACEMENT_OUTLINE_TOP
  0
POLYLINE
 5
3BB
  8
PLACEMENT_OUTLINE_TOP
 66
1
 40
0.100000
 41
0.100000
  0
VERTEX
 5
3BC
  8
PLACEMENT_OUTLINE_TOP
 10
24.79500
 20
17.13700
  0
VERTEX
 5
3BD
  8
PLACEMENT_OUTLINE_TOP
 10
23.52500
 20
17.13700
  0
SEQEND
  8
PLACEMENT_OUTLINE_TOP
  0
POLYLINE
 5
3BE
  8
PLACEMENT_OUTLINE_TOP
 66
1
 70
1
 40
0.050000
 41
0.050000
  0
VERTEX
 5
3BF
  8
PLACEMENT_OUTLINE_TOP
 10
24.77000
 20
17.13700
 42
1.0
  0
VERTEX
 5
3C0
  8
PLACEMENT_OUTLINE_TOP
 10
24.82000
 20
17.13700
 42
1.0
  0
SEQEND
  8
PLACEMENT_OUTLINE_TOP
  0
POLYLINE
 5
3C1
  8
PLACEMENT_OUTLINE_TOP
 66
1
 70
1
 40
0.050000
 41
0.050000
  0
VERTEX
 5
3C2
  8
PLACEMENT_OUTLINE_TOP
 10
23.50000
 20
17.13700
 42
1.0
  0
VERTEX
 5
3C3
  8
PLACEMENT_OUTLINE_TOP
 10
23.55000
 20
17.13700
 42
1.0
  0
SEQEND
  8
PLACEMENT_OUTLINE_TOP
  0
SOLID
 5
3C4
  8
PADLAYER_TOP
 10
24.61720
 20
14.52080
 11
24.61720
 21
15.43520
 12
23.70280
 22
14.52080
 13
23.70280
 23
15.43520
  0
SOLID
 5
3C5
  8
PADLAYER_TOP
 10
24.61720
 20
16.04480
 11
24.61720
 21
16.95920
 12
23.70280
 22
16.04480
 13
23.70280
 23
16.95920
  0
POLYLINE
 5
3C6
  8
LAYNR1
 66
1
 40
0.150000
 41
0.150000
  0
VERTEX
 5
3C7
  8
LAYNR1
 10
81.55700
 20
42.96300
  0
VERTEX
 5
3C8
  8
LAYNR1
 10
80.85700
 20
42.96300
  0
SEQEND
  8
LAYNR1
  0
POLYLINE
 5
3C9
  8
LAYNR1
 66
1
 70
1
 40
0.075000
 41
0.075000
  0
VERTEX
 5
3CA
  8
LAYNR1
 10
81.51950
 20
42.96300
 42
1.0
  0
VERTEX
 5
3CB
  8
LAYNR1
 10
81.59450
 20
42.96300
 42
1.0
  0
SEQEND
  8
LAYNR1
  0
POLYLINE
 5
3CC
  8
LAYNR1
 66
1
 70
1
 40
0.075000
 41
0.075000
  0
VERTEX
 5
3CD
  8
LAYNR1
 10
80.81950
 20
42.96300
 42
1.0
  0
VERTEX
 5
3CE
  8
LAYNR1
 10
80.89450
 20
42.96300
 42
1.0
  0
SEQEND
  8
LAYNR1
  0
POLYLINE
 5
3CF
  8
PLACEMENT_OUTLINE_TOP
 66
1
 40
0.100000
 41
0.100000
  0
VERTEX
 5
3D0
  8
PLACEMENT_OUTLINE_TOP
 10
80.57200
 20
44.36000
  0
VERTEX
 5
3D1
  8
PLACEMENT_OUTLINE_TOP
 10
80.57200
 20
41.56600
  0
SEQEND
  8
PLACEMENT_OUTLINE_TOP
  0
POLYLINE
 5
3D2
  8
PLACEMENT_OUTLINE_TOP
 66
1
 70
1
 40
0.050000
 41
0.050000
  0
VERTEX
 5
3D3
  8
PLACEMENT_OUTLINE_TOP
 10
80.54700
 20
44.36000
 42
1.0
  0
VERTEX
 5
3D4
  8
PLACEMENT_OUTLINE_TOP
 10
80.59700
 20
44.36000
 42
1.0
  0
SEQEND
  8
PLACEMENT_OUTLINE_TOP
  0
POLYLINE
 5
3D5
  8
PLACEMENT_OUTLINE_TOP
 66
1
 70
1
 40
0.050000
 41
0.050000
  0
VERTEX
 5
3D6
  8
PLACEMENT_OUTLINE_TOP
 10
80.54700
 20
41.56600
 42
1.0
  0
VERTEX
 5
3D7
  8
PLACEMENT_OUTLINE_TOP
 10
80.59700
 20
41.56600
 42
1.0
  0
SEQEND
  8
PLACEMENT_OUTLINE_TOP
  0
POLYLINE
 5
3D8
  8
PLACEMENT_OUTLINE_TOP
 66
1
 40
0.100000
 41
0.100000
  0
VERTEX
 5
3D9
  8
PLACEMENT_OUTLINE_TOP
 10
80.57200
 20
41.56600
  0
VERTEX
 5
3DA
  8
PLACEMENT_OUTLINE_TOP
 10
81.84200
 20
41.56600
  0
SEQEND
  8
PLACEMENT_OUTLINE_TOP
  0
POLYLINE
 5
3DB
  8
PLACEMENT_OUTLINE_TOP
 66
1
 70
1
 40
0.050000
 41
0.050000
  0
VERTEX
 5
3DC
  8
PLACEMENT_OUTLINE_TOP
 10
80.54700
 20
41.56600
 42
1.0
  0
VERTEX
 5
3DD
  8
PLACEMENT_OUTLINE_TOP
 10
80.59700
 20
41.56600
 42
1.0
  0
SEQEND
  8
PLACEMENT_OUTLINE_TOP
  0
POLYLINE
 5
3DE
  8
PLACEMENT_OUTLINE_TOP
 66
1
 70
1
 40
0.050000
 41
0.050000
  0
VERTEX
 5
3DF
  8
PLACEMENT_OUTLINE_TOP
 10
81.81700
 20
41.56600
 42
1.0
  0
VERTEX
 5
3E0
  8
PLACEMENT_OUTLINE_TOP
 10
81.86700
 20
41.56600
 42
1.0
  0
SEQEND
  8
PLACEMENT_OUTLINE_TOP
  0
POLYLINE
 5
3E1
  8
PLACEMENT_OUTLINE_TOP
 66
1
 40
0.100000
 41
0.100000
  0
VERTEX
 5
3E2
  8
PLACEMENT_OUTLINE_TOP
 10
81.84200
 20
41.56600
  0
VERTEX
 5
3E3
  8
PLACEMENT_OUTLINE_TOP
 10
81.84200
 20
44.36000
  0
SEQEND
  8
PLACEMENT_OUTLINE_TOP
  0
POLYLINE
 5
3E4
  8
PLACEMENT_OUTLINE_TOP
 66
1
 70
1
 40
0.050000
 41
0.050000
  0
VERTEX
 5
3E5
  8
PLACEMENT_OUTLINE_TOP
 10
81.81700
 20
41.56600
 42
1.0
  0
VERTEX
 5
3E6
  8
PLACEMENT_OUTLINE_TOP
 10
81.86700
 20
41.56600
 42
1.0
  0
SEQEND
  8
PLACEMENT_OUTLINE_TOP
  0
POLYLINE
 5
3E7
  8
PLACEMENT_OUTLINE_TOP
 66
1
 70
1
 40
0.050000
 41
0.050000
  0
VERTEX
 5
3E8
  8
PLACEMENT_OUTLINE_TOP
 10
81.81700
 20
44.36000
 42
1.0
  0
VERTEX
 5
3E9
  8
PLACEMENT_OUTLINE_TOP
 10
81.86700
 20
44.36000
 42
1.0
  0
SEQEND
  8
PLACEMENT_OUTLINE_TOP
  0
POLYLINE
 5
3EA
  8
PLACEMENT_OUTLINE_TOP
 66
1
 40
0.100000
 41
0.100000
  0
VERTEX
 5
3EB
  8
PLACEMENT_OUTLINE_TOP
 10
81.84200
 20
44.36000
  0
VERTEX
 5
3EC
  8
PLACEMENT_OUTLINE_TOP
 10
80.57200
 20
44.36000
  0
SEQEND
  8
PLACEMENT_OUTLINE_TOP
  0
POLYLINE
 5
3ED
  8
PLACEMENT_OUTLINE_TOP
 66
1
 70
1
 40
0.050000
 41
0.050000
  0
VERTEX
 5
3EE
  8
PLACEMENT_OUTLINE_TOP
 10
81.81700
 20
44.36000
 42
1.0
  0
VERTEX
 5
3EF
  8
PLACEMENT_OUTLINE_TOP
 10
81.86700
 20
44.36000
 42
1.0
  0
SEQEND
  8
PLACEMENT_OUTLINE_TOP
  0
POLYLINE
 5
3F0
  8
PLACEMENT_OUTLINE_TOP
 66
1
 70
1
 40
0.050000
 41
0.050000
  0
VERTEX
 5
3F1
  8
PLACEMENT_OUTLINE_TOP
 10
80.54700
 20
44.36000
 42
1.0
  0
VERTEX
 5
3F2
  8
PLACEMENT_OUTLINE_TOP
 10
80.59700
 20
44.36000
 42
1.0
  0
SEQEND
  8
PLACEMENT_OUTLINE_TOP
  0
SOLID
 5
3F3
  8
PADLAYER_TOP
 10
81.66420
 20
41.74380
 11
81.66420
 21
42.65820
 12
80.74980
 22
41.74380
 13
80.74980
 23
42.65820
  0
SOLID
 5
3F4
  8
PADLAYER_TOP
 10
81.66420
 20
43.26780
 11
81.66420
 21
44.18220
 12
80.74980
 22
43.26780
 13
80.74980
 23
44.18220
  0
POLYLINE
 5
3F5
  8
LAYNR1
 66
1
 40
0.150000
 41
0.150000
  0
VERTEX
 5
3F6
  8
LAYNR1
 10
87.15700
 20
42.96300
  0
VERTEX
 5
3F7
  8
LAYNR1
 10
86.45700
 20
42.96300
  0
SEQEND
  8
LAYNR1
  0
POLYLINE
 5
3F8
  8
LAYNR1
 66
1
 70
1
 40
0.075000
 41
0.075000
  0
VERTEX
 5
3F9
  8
LAYNR1
 10
87.11950
 20
42.96300
 42
1.0
  0
VERTEX
 5
3FA
  8
LAYNR1
 10
87.19450
 20
42.96300
 42
1.0
  0
SEQEND
  8
LAYNR1
  0
POLYLINE
 5
3FB
  8
LAYNR1
 66
1
 70
1
 40
0.075000
 41
0.075000
  0
VERTEX
 5
3FC
  8
LAYNR1
 10
86.41950
 20
42.96300
 42
1.0
  0
VERTEX
 5
3FD
  8
LAYNR1
 10
86.49450
 20
42.96300
 42
1.0
  0
SEQEND
  8
LAYNR1
  0
POLYLINE
 5
3FE
  8
PLACEMENT_OUTLINE_TOP
 66
1
 40
0.100000
 41
0.100000
  0
VERTEX
 5
3FF
  8
PLACEMENT_OUTLINE_TOP
 10
86.17200
 20
44.36000
  0
VERTEX
 5
400
  8
PLACEMENT_OUTLINE_TOP
 10
86.17200
 20
41.56600
  0
SEQEND
  8
PLACEMENT_OUTLINE_TOP
  0
POLYLINE
 5
401
  8
PLACEMENT_OUTLINE_TOP
 66
1
 70
1
 40
0.050000
 41
0.050000
  0
VERTEX
 5
402
  8
PLACEMENT_OUTLINE_TOP
 10
86.14700
 20
44.36000
 42
1.0
  0
VERTEX
 5
403
  8
PLACEMENT_OUTLINE_TOP
 10
86.19700
 20
44.36000
 42
1.0
  0
SEQEND
  8
PLACEMENT_OUTLINE_TOP
  0
POLYLINE
 5
404
  8
PLACEMENT_OUTLINE_TOP
 66
1
 70
1
 40
0.050000
 41
0.050000
  0
VERTEX
 5
405
  8
PLACEMENT_OUTLINE_TOP
 10
86.14700
 20
41.56600
 42
1.0
  0
VERTEX
 5
406
  8
PLACEMENT_OUTLINE_TOP
 10
86.19700
 20
41.56600
 42
1.0
  0
SEQEND
  8
PLACEMENT_OUTLINE_TOP
  0
POLYLINE
 5
407
  8
PLACEMENT_OUTLINE_TOP
 66
1
 40
0.100000
 41
0.100000
  0
VERTEX
 5
408
  8
PLACEMENT_OUTLINE_TOP
 10
86.17200
 20
41.56600
  0
VERTEX
 5
409
  8
PLACEMENT_OUTLINE_TOP
 10
87.44200
 20
41.56600
  0
SEQEND
  8
PLACEMENT_OUTLINE_TOP
  0
POLYLINE
 5
40A
  8
PLACEMENT_OUTLINE_TOP
 66
1
 70
1
 40
0.050000
 41
0.050000
  0
VERTEX
 5
40B
  8
PLACEMENT_OUTLINE_TOP
 10
86.14700
 20
41.56600
 42
1.0
  0
VERTEX
 5
40C
  8
PLACEMENT_OUTLINE_TOP
 10
86.19700
 20
41.56600
 42
1.0
  0
SEQEND
  8
PLACEMENT_OUTLINE_TOP
  0
POLYLINE
 5
40D
  8
PLACEMENT_OUTLINE_TOP
 66
1
 70
1
 40
0.050000
 41
0.050000
  0
VERTEX
 5
40E
  8
PLACEMENT_OUTLINE_TOP
 10
87.41700
 20
41.56600
 42
1.0
  0
VERTEX
 5
40F
  8
PLACEMENT_OUTLINE_TOP
 10
87.46700
 20
41.56600
 42
1.0
  0
SEQEND
  8
PLACEMENT_OUTLINE_TOP
  0
POLYLINE
 5
410
  8
PLACEMENT_OUTLINE_TOP
 66
1
 40
0.100000
 41
0.100000
  0
VERTEX
 5
411
  8
PLACEMENT_OUTLINE_TOP
 10
87.44200
 20
41.56600
  0
VERTEX
 5
412
  8
PLACEMENT_OUTLINE_TOP
 10
87.44200
 20
44.36000
  0
SEQEND
  8
PLACEMENT_OUTLINE_TOP
  0
POLYLINE
 5
413
  8
PLACEMENT_OUTLINE_TOP
 66
1
 70
1
 40
0.050000
 41
0.050000
  0
VERTEX
 5
414
  8
PLACEMENT_OUTLINE_TOP
 10
87.41700
 20
41.56600
 42
1.0
  0
VERTEX
 5
415
  8
PLACEMENT_OUTLINE_TOP
 10
87.46700
 20
41.56600
 42
1.0
  0
SEQEND
  8
PLACEMENT_OUTLINE_TOP
  0
POLYLINE
 5
416
  8
PLACEMENT_OUTLINE_TOP
 66
1
 70
1
 40
0.050000
 41
0.050000
  0
VERTEX
 5
417
  8
PLACEMENT_OUTLINE_TOP
 10
87.41700
 20
44.36000
 42
1.0
  0
VERTEX
 5
418
  8
PLACEMENT_OUTLINE_TOP
 10
87.46700
 20
44.36000
 42
1.0
  0
SEQEND
  8
PLACEMENT_OUTLINE_TOP
  0
POLYLINE
 5
419
  8
PLACEMENT_OUTLINE_TOP
 66
1
 40
0.100000
 41
0.100000
  0
VERTEX
 5
41A
  8
PLACEMENT_OUTLINE_TOP
 10
87.44200
 20
44.36000
  0
VERTEX
 5
41B
  8
PLACEMENT_OUTLINE_TOP
 10
86.17200
 20
44.36000
  0
SEQEND
  8
PLACEMENT_OUTLINE_TOP
  0
POLYLINE
 5
41C
  8
PLACEMENT_OUTLINE_TOP
 66
1
 70
1
 40
0.050000
 41
0.050000
  0
VERTEX
 5
41D
  8
PLACEMENT_OUTLINE_TOP
 10
87.41700
 20
44.36000
 42
1.0
  0
VERTEX
 5
41E
  8
PLACEMENT_OUTLINE_TOP
 10
87.46700
 20
44.36000
 42
1.0
  0
SEQEND
  8
PLACEMENT_OUTLINE_TOP
  0
POLYLINE
 5
41F
  8
PLACEMENT_OUTLINE_TOP
 66
1
 70
1
 40
0.050000
 41
0.050000
  0
VERTEX
 5
420
  8
PLACEMENT_OUTLINE_TOP
 10
86.14700
 20
44.36000
 42
1.0
  0
VERTEX
 5
421
  8
PLACEMENT_OUTLINE_TOP
 10
86.19700
 20
44.36000
 42
1.0
  0
SEQEND
  8
PLACEMENT_OUTLINE_TOP
  0
SOLID
 5
422
  8
PADLAYER_TOP
 10
87.26420
 20
41.74380
 11
87.26420
 21
42.65820
 12
86.34980
 22
41.74380
 13
86.34980
 23
42.65820
  0
SOLID
 5
423
  8
PADLAYER_TOP
 10
87.26420
 20
43.26780
 11
87.26420
 21
44.18220
 12
86.34980
 22
43.26780
 13
86.34980
 23
44.18220
  0
POLYLINE
 5
424
  8
LAYNR1
 66
1
 40
0.150000
 41
0.150000
  0
VERTEX
 5
425
  8
LAYNR1
 10
66.42820
 20
72.42400
  0
VERTEX
 5
426
  8
LAYNR1
 10
67.12820
 20
72.42400
  0
SEQEND
  8
LAYNR1
  0
POLYLINE
 5
427
  8
LAYNR1
 66
1
 70
1
 40
0.075000
 41
0.075000
  0
VERTEX
 5
428
  8
LAYNR1
 10
66.39070
 20
72.42400
 42
1.0
  0
VERTEX
 5
429
  8
LAYNR1
 10
66.46570
 20
72.42400
 42
1.0
  0
SEQEND
  8
LAYNR1
  0
POLYLINE
 5
42A
  8
LAYNR1
 66
1
 70
1
 40
0.075000
 41
0.075000
  0
VERTEX
 5
42B
  8
LAYNR1
 10
67.09070
 20
72.42400
 42
1.0
  0
VERTEX
 5
42C
  8
LAYNR1
 10
67.16570
 20
72.42400
 42
1.0
  0
SEQEND
  8
LAYNR1
  0
POLYLINE
 5
42D
  8
PLACEMENT_OUTLINE_TOP
 66
1
 40
0.100000
 41
0.100000
  0
VERTEX
 5
42E
  8
PLACEMENT_OUTLINE_TOP
 10
67.41320
 20
71.02700
  0
VERTEX
 5
42F
  8
PLACEMENT_OUTLINE_TOP
 10
67.41320
 20
73.82100
  0
SEQEND
  8
PLACEMENT_OUTLINE_TOP
  0
POLYLINE
 5
430
  8
PLACEMENT_OUTLINE_TOP
 66
1
 70
1
 40
0.050000
 41
0.050000
  0
VERTEX
 5
431
  8
PLACEMENT_OUTLINE_TOP
 10
67.38820
 20
71.02700
 42
1.0
  0
VERTEX
 5
432
  8
PLACEMENT_OUTLINE_TOP
 10
67.43820
 20
71.02700
 42
1.0
  0
SEQEND
  8
PLACEMENT_OUTLINE_TOP
  0
POLYLINE
 5
433
  8
PLACEMENT_OUTLINE_TOP
 66
1
 70
1
 40
0.050000
 41
0.050000
  0
VERTEX
 5
434
  8
PLACEMENT_OUTLINE_TOP
 10
67.38820
 20
73.82100
 42
1.0
  0
VERTEX
 5
435
  8
PLACEMENT_OUTLINE_TOP
 10
67.43820
 20
73.82100
 42
1.0
  0
SEQEND
  8
PLACEMENT_OUTLINE_TOP
  0
POLYLINE
 5
436
  8
PLACEMENT_OUTLINE_TOP
 66
1
 40
0.100000
 41
0.100000
  0
VERTEX
 5
437
  8
PLACEMENT_OUTLINE_TOP
 10
67.41320
 20
73.82100
  0
VERTEX
 5
438
  8
PLACEMENT_OUTLINE_TOP
 10
66.14320
 20
73.82100
  0
SEQEND
  8
PLACEMENT_OUTLINE_TOP
  0
POLYLINE
 5
439
  8
PLACEMENT_OUTLINE_TOP
 66
1
 70
1
 40
0.050000
 41
0.050000
  0
VERTEX
 5
43A
  8
PLACEMENT_OUTLINE_TOP
 10
67.38820
 20
73.82100
 42
1.0
  0
VERTEX
 5
43B
  8
PLACEMENT_OUTLINE_TOP
 10
67.43820
 20
73.82100
 42
1.0
  0
SEQEND
  8
PLACEMENT_OUTLINE_TOP
  0
POLYLINE
 5
43C
  8
PLACEMENT_OUTLINE_TOP
 66
1
 70
1
 40
0.050000
 41
0.050000
  0
VERTEX
 5
43D
  8
PLACEMENT_OUTLINE_TOP
 10
66.11820
 20
73.82100
 42
1.0
  0
VERTEX
 5
43E
  8
PLACEMENT_OUTLINE_TOP
 10
66.16820
 20
73.82100
 42
1.0
  0
SEQEND
  8
PLACEMENT_OUTLINE_TOP
  0
POLYLINE
 5
43F
  8
PLACEMENT_OUTLINE_TOP
 66
1
 40
0.100000
 41
0.100000
  0
VERTEX
 5
440
  8
PLACEMENT_OUTLINE_TOP
 10
66.14320
 20
73.82100
  0
VERTEX
 5
441
  8
PLACEMENT_OUTLINE_TOP
 10
66.14320
 20
71.02700
  0
SEQEND
  8
PLACEMENT_OUTLINE_TOP
  0
POLYLINE
 5
442
  8
PLACEMENT_OUTLINE_TOP
 66
1
 70
1
 40
0.050000
 41
0.050000
  0
VERTEX
 5
443
  8
PLACEMENT_OUTLINE_TOP
 10
66.11820
 20
73.82100
 42
1.0
  0
VERTEX
 5
444
  8
PLACEMENT_OUTLINE_TOP
 10
66.16820
 20
73.82100
 42
1.0
  0
SEQEND
  8
PLACEMENT_OUTLINE_TOP
  0
POLYLINE
 5
445
  8
PLACEMENT_OUTLINE_TOP
 66
1
 70
1
 40
0.050000
 41
0.050000
  0
VERTEX
 5
446
  8
PLACEMENT_OUTLINE_TOP
 10
66.11820
 20
71.02700
 42
1.0
  0
VERTEX
 5
447
  8
PLACEMENT_OUTLINE_TOP
 10
66.16820
 20
71.02700
 42
1.0
  0
SEQEND
  8
PLACEMENT_OUTLINE_TOP
  0
POLYLINE
 5
448
  8
PLACEMENT_OUTLINE_TOP
 66
1
 40
0.100000
 41
0.100000
  0
VERTEX
 5
449
  8
PLACEMENT_OUTLINE_TOP
 10
66.14320
 20
71.02700
  0
VERTEX
 5
44A
  8
PLACEMENT_OUTLINE_TOP
 10
67.41320
 20
71.02700
  0
SEQEND
  8
PLACEMENT_OUTLINE_TOP
  0
POLYLINE
 5
44B
  8
PLACEMENT_OUTLINE_TOP
 66
1
 70
1
 40
0.050000
 41
0.050000
  0
VERTEX
 5
44C
  8
PLACEMENT_OUTLINE_TOP
 10
66.11820
 20
71.02700
 42
1.0
  0
VERTEX
 5
44D
  8
PLACEMENT_OUTLINE_TOP
 10
66.16820
 20
71.02700
 42
1.0
  0
SEQEND
  8
PLACEMENT_OUTLINE_TOP
  0
POLYLINE
 5
44E
  8
PLACEMENT_OUTLINE_TOP
 66
1
 70
1
 40
0.050000
 41
0.050000
  0
VERTEX
 5
44F
  8
PLACEMENT_OUTLINE_TOP
 10
67.38820
 20
71.02700
 42
1.0
  0
VERTEX
 5
450
  8
PLACEMENT_OUTLINE_TOP
 10
67.43820
 20
71.02700
 42
1.0
  0
SEQEND
  8
PLACEMENT_OUTLINE_TOP
  0
SOLID
 5
451
  8
PADLAYER_TOP
 10
66.32100
 20
73.64320
 11
66.32100
 21
72.72880
 12
67.23540
 22
73.64320
 13
67.23540
 23
72.72880
  0
SOLID
 5
452
  8
PADLAYER_TOP
 10
66.32100
 20
72.11920
 11
66.32100
 21
71.20480
 12
67.23540
 22
72.11920
 13
67.23540
 23
71.20480
  0
POLYLINE
 5
453
  8
LAYNR1
 66
1
 40
0.150000
 41
0.150000
  0
VERTEX
 5
454
  8
LAYNR1
 10
36.92000
 20
15.87500
  0
VERTEX
 5
455
  8
LAYNR1
 10
36.22000
 20
15.87500
  0
SEQEND
  8
LAYNR1
  0
POLYLINE
 5
456
  8
LAYNR1
 66
1
 70
1
 40
0.075000
 41
0.075000
  0
VERTEX
 5
457
  8
LAYNR1
 10
36.88250
 20
15.87500
 42
1.0
  0
VERTEX
 5
458
  8
LAYNR1
 10
36.95750
 20
15.87500
 42
1.0
  0
SEQEND
  8
LAYNR1
  0
POLYLINE
 5
459
  8
LAYNR1
 66
1
 70
1
 40
0.075000
 41
0.075000
  0
VERTEX
 5
45A
  8
LAYNR1
 10
36.18250
 20
15.87500
 42
1.0
  0
VERTEX
 5
45B
  8
LAYNR1
 10
36.25750
 20
15.87500
 42
1.0
  0
SEQEND
  8
LAYNR1
  0
POLYLINE
 5
45C
  8
PLACEMENT_OUTLINE_TOP
 66
1
 40
0.100000
 41
0.100000
  0
VERTEX
 5
45D
  8
PLACEMENT_OUTLINE_TOP
 10
35.93500
 20
17.27200
  0
VERTEX
 5
45E
  8
PLACEMENT_OUTLINE_TOP
 10
35.93500
 20
14.47800
  0
SEQEND
  8
PLACEMENT_OUTLINE_TOP
  0
POLYLINE
 5
45F
  8
PLACEMENT_OUTLINE_TOP
 66
1
 70
1
 40
0.050000
 41
0.050000
  0
VERTEX
 5
460
  8
PLACEMENT_OUTLINE_TOP
 10
35.91000
 20
17.27200
 42
1.0
  0
VERTEX
 5
461
  8
PLACEMENT_OUTLINE_TOP
 10
35.96000
 20
17.27200
 42
1.0
  0
SEQEND
  8
PLACEMENT_OUTLINE_TOP
  0
POLYLINE
 5
462
  8
PLACEMENT_OUTLINE_TOP
 66
1
 70
1
 40
0.050000
 41
0.050000
  0
VERTEX
 5
463
  8
PLACEMENT_OUTLINE_TOP
 10
35.91000
 20
14.47800
 42
1.0
  0
VERTEX
 5
464
  8
PLACEMENT_OUTLINE_TOP
 10
35.96000
 20
14.47800
 42
1.0
  0
SEQEND
  8
PLACEMENT_OUTLINE_TOP
  0
POLYLINE
 5
465
  8
PLACEMENT_OUTLINE_TOP
 66
1
 40
0.100000
 41
0.100000
  0
VERTEX
 5
466
  8
PLACEMENT_OUTLINE_TOP
 10
35.93500
 20
14.47800
  0
VERTEX
 5
467
  8
PLACEMENT_OUTLINE_TOP
 10
37.20500
 20
14.47800
  0
SEQEND
  8
PLACEMENT_OUTLINE_TOP
  0
POLYLINE
 5
468
  8
PLACEMENT_OUTLINE_TOP
 66
1
 70
1
 40
0.050000
 41
0.050000
  0
VERTEX
 5
469
  8
PLACEMENT_OUTLINE_TOP
 10
35.91000
 20
14.47800
 42
1.0
  0
VERTEX
 5
46A
  8
PLACEMENT_OUTLINE_TOP
 10
35.96000
 20
14.47800
 42
1.0
  0
SEQEND
  8
PLACEMENT_OUTLINE_TOP
  0
POLYLINE
 5
46B
  8
PLACEMENT_OUTLINE_TOP
 66
1
 70
1
 40
0.050000
 41
0.050000
  0
VERTEX
 5
46C
  8
PLACEMENT_OUTLINE_TOP
 10
37.18000
 20
14.47800
 42
1.0
  0
VERTEX
 5
46D
  8
PLACEMENT_OUTLINE_TOP
 10
37.23000
 20
14.47800
 42
1.0
  0
SEQEND
  8
PLACEMENT_OUTLINE_TOP
  0
POLYLINE
 5
46E
  8
PLACEMENT_OUTLINE_TOP
 66
1
 40
0.100000
 41
0.100000
  0
VERTEX
 5
46F
  8
PLACEMENT_OUTLINE_TOP
 10
37.20500
 20
14.47800
  0
VERTEX
 5
470
  8
PLACEMENT_OUTLINE_TOP
 10
37.20500
 20
17.27200
  0
SEQEND
  8
PLACEMENT_OUTLINE_TOP
  0
POLYLINE
 5
471
  8
PLACEMENT_OUTLINE_TOP
 66
1
 70
1
 40
0.050000
 41
0.050000
  0
VERTEX
 5
472
  8
PLACEMENT_OUTLINE_TOP
 10
37.18000
 20
14.47800
 42
1.0
  0
VERTEX
 5
473
  8
PLACEMENT_OUTLINE_TOP
 10
37.23000
 20
14.47800
 42
1.0
  0
SEQEND
  8
PLACEMENT_OUTLINE_TOP
  0
POLYLINE
 5
474
  8
PLACEMENT_OUTLINE_TOP
 66
1
 70
1
 40
0.050000
 41
0.050000
  0
VERTEX
 5
475
  8
PLACEMENT_OUTLINE_TOP
 10
37.18000
 20
17.27200
 42
1.0
  0
VERTEX
 5
476
  8
PLACEMENT_OUTLINE_TOP
 10
37.23000
 20
17.27200
 42
1.0
  0
SEQEND
  8
PLACEMENT_OUTLINE_TOP
  0
POLYLINE
 5
477
  8
PLACEMENT_OUTLINE_TOP
 66
1
 40
0.100000
 41
0.100000
  0
VERTEX
 5
478
  8
PLACEMENT_OUTLINE_TOP
 10
37.20500
 20
17.27200
  0
VERTEX
 5
479
  8
PLACEMENT_OUTLINE_TOP
 10
35.93500
 20
17.27200
  0
SEQEND
  8
PLACEMENT_OUTLINE_TOP
  0
POLYLINE
 5
47A
  8
PLACEMENT_OUTLINE_TOP
 66
1
 70
1
 40
0.050000
 41
0.050000
  0
VERTEX
 5
47B
  8
PLACEMENT_OUTLINE_TOP
 10
37.18000
 20
17.27200
 42
1.0
  0
VERTEX
 5
47C
  8
PLACEMENT_OUTLINE_TOP
 10
37.23000
 20
17.27200
 42
1.0
  0
SEQEND
  8
PLACEMENT_OUTLINE_TOP
  0
POLYLINE
 5
47D
  8
PLACEMENT_OUTLINE_TOP
 66
1
 70
1
 40
0.050000
 41
0.050000
  0
VERTEX
 5
47E
  8
PLACEMENT_OUTLINE_TOP
 10
35.91000
 20
17.27200
 42
1.0
  0
VERTEX
 5
47F
  8
PLACEMENT_OUTLINE_TOP
 10
35.96000
 20
17.27200
 42
1.0
  0
SEQEND
  8
PLACEMENT_OUTLINE_TOP
  0
SOLID
 5
480
  8
PADLAYER_TOP
 10
37.02720
 20
14.65580
 11
37.02720
 21
15.57020
 12
36.11280
 22
14.65580
 13
36.11280
 23
15.57020
  0
SOLID
 5
481
  8
PADLAYER_TOP
 10
37.02720
 20
16.17980
 11
37.02720
 21
17.09420
 12
36.11280
 22
16.17980
 13
36.11280
 23
17.09420
  0
POLYLINE
 5
482
  8
LAYNR1
 66
1
 40
0.203200
 41
0.203200
  0
VERTEX
 5
483
  8
LAYNR1
 10
90.71100
 20
35.04800
  0
VERTEX
 5
484
  8
LAYNR1
 10
90.71100
 20
35.74800
  0
SEQEND
  8
LAYNR1
  0
POLYLINE
 5
485
  8
LAYNR1
 66
1
 70
1
 40
0.101600
 41
0.101600
  0
VERTEX
 5
486
  8
LAYNR1
 10
90.66020
 20
35.04800
 42
1.0
  0
VERTEX
 5
487
  8
LAYNR1
 10
90.76180
 20
35.04800
 42
1.0
  0
SEQEND
  8
LAYNR1
  0
POLYLINE
 5
488
  8
LAYNR1
 66
1
 70
1
 40
0.101600
 41
0.101600
  0
VERTEX
 5
489
  8
LAYNR1
 10
90.66020
 20
35.74800
 42
1.0
  0
VERTEX
 5
48A
  8
LAYNR1
 10
90.76180
 20
35.74800
 42
1.0
  0
SEQEND
  8
LAYNR1
  0
POLYLINE
 5
48B
  8
PLACEMENT_OUTLINE_TOP
 66
1
 40
0.100000
 41
0.100000
  0
VERTEX
 5
48C
  8
PLACEMENT_OUTLINE_TOP
 10
89.31400
 20
34.76300
  0
VERTEX
 5
48D
  8
PLACEMENT_OUTLINE_TOP
 10
92.10800
 20
34.76300
  0
SEQEND
  8
PLACEMENT_OUTLINE_TOP
  0
POLYLINE
 5
48E
  8
PLACEMENT_OUTLINE_TOP
 66
1
 70
1
 40
0.050000
 41
0.050000
  0
VERTEX
 5
48F
  8
PLACEMENT_OUTLINE_TOP
 10
89.28900
 20
34.76300
 42
1.0
  0
VERTEX
 5
490
  8
PLACEMENT_OUTLINE_TOP
 10
89.33900
 20
34.76300
 42
1.0
  0
SEQEND
  8
PLACEMENT_OUTLINE_TOP
  0
POLYLINE
 5
491
  8
PLACEMENT_OUTLINE_TOP
 66
1
 70
1
 40
0.050000
 41
0.050000
  0
VERTEX
 5
492
  8
PLACEMENT_OUTLINE_TOP
 10
92.08300
 20
34.76300
 42
1.0
  0
VERTEX
 5
493
  8
PLACEMENT_OUTLINE_TOP
 10
92.13300
 20
34.76300
 42
1.0
  0
SEQEND
  8
PLACEMENT_OUTLINE_TOP
  0
POLYLINE
 5
494
  8
PLACEMENT_OUTLINE_TOP
 66
1
 40
0.100000
 41
0.100000
  0
VERTEX
 5
495
  8
PLACEMENT_OUTLINE_TOP
 10
92.10800
 20
34.76300
  0
VERTEX
 5
496
  8
PLACEMENT_OUTLINE_TOP
 10
92.10800
 20
36.03300
  0
SEQEND
  8
PLACEMENT_OUTLINE_TOP
  0
POLYLINE
 5
497
  8
PLACEMENT_OUTLINE_TOP
 66
1
 70
1
 40
0.050000
 41
0.050000
  0
VERTEX
 5
498
  8
PLACEMENT_OUTLINE_TOP
 10
92.08300
 20
34.76300
 42
1.0
  0
VERTEX
 5
499
  8
PLACEMENT_OUTLINE_TOP
 10
92.13300
 20
34.76300
 42
1.0
  0
SEQEND
  8
PLACEMENT_OUTLINE_TOP
  0
POLYLINE
 5
49A
  8
PLACEMENT_OUTLINE_TOP
 66
1
 70
1
 40
0.050000
 41
0.050000
  0
VERTEX
 5
49B
  8
PLACEMENT_OUTLINE_TOP
 10
92.08300
 20
36.03300
 42
1.0
  0
VERTEX
 5
49C
  8
PLACEMENT_OUTLINE_TOP
 10
92.13300
 20
36.03300
 42
1.0
  0
SEQEND
  8
PLACEMENT_OUTLINE_TOP
  0
POLYLINE
 5
49D
  8
PLACEMENT_OUTLINE_TOP
 66
1
 40
0.100000
 41
0.100000
  0
VERTEX
 5
49E
  8
PLACEMENT_OUTLINE_TOP
 10
92.10800
 20
36.03300
  0
VERTEX
 5
49F
  8
PLACEMENT_OUTLINE_TOP
 10
89.31400
 20
36.03300
  0
SEQEND
  8
PLACEMENT_OUTLINE_TOP
  0
POLYLINE
 5
4A0
  8
PLACEMENT_OUTLINE_TOP
 66
1
 70
1
 40
0.050000
 41
0.050000
  0
VERTEX
 5
4A1
  8
PLACEMENT_OUTLINE_TOP
 10
92.08300
 20
36.03300
 42
1.0
  0
VERTEX
 5
4A2
  8
PLACEMENT_OUTLINE_TOP
 10
92.13300
 20
36.03300
 42
1.0
  0
SEQEND
  8
PLACEMENT_OUTLINE_TOP
  0
POLYLINE
 5
4A3
  8
PLACEMENT_OUTLINE_TOP
 66
1
 70
1
 40
0.050000
 41
0.050000
  0
VERTEX
 5
4A4
  8
PLACEMENT_OUTLINE_TOP
 10
89.28900
 20
36.03300
 42
1.0
  0
VERTEX
 5
4A5
  8
PLACEMENT_OUTLINE_TOP
 10
89.33900
 20
36.03300
 42
1.0
  0
SEQEND
  8
PLACEMENT_OUTLINE_TOP
  0
POLYLINE
 5
4A6
  8
PLACEMENT_OUTLINE_TOP
 66
1
 40
0.100000
 41
0.100000
  0
VERTEX
 5
4A7
  8
PLACEMENT_OUTLINE_TOP
 10
89.31400
 20
36.03300
  0
VERTEX
 5
4A8
  8
PLACEMENT_OUTLINE_TOP
 10
89.31400
 20
34.76300
  0
SEQEND
  8
PLACEMENT_OUTLINE_TOP
  0
POLYLINE
 5
4A9
  8
PLACEMENT_OUTLINE_TOP
 66
1
 70
1
 40
0.050000
 41
0.050000
  0
VERTEX
 5
4AA
  8
PLACEMENT_OUTLINE_TOP
 10
89.28900
 20
36.03300
 42
1.0
  0
VERTEX
 5
4AB
  8
PLACEMENT_OUTLINE_TOP
 10
89.33900
 20
36.03300
 42
1.0
  0
SEQEND
  8
PLACEMENT_OUTLINE_TOP
  0
POLYLINE
 5
4AC
  8
PLACEMENT_OUTLINE_TOP
 66
1
 70
1
 40
0.050000
 41
0.050000
  0
VERTEX
 5
4AD
  8
PLACEMENT_OUTLINE_TOP
 10
89.28900
 20
34.76300
 42
1.0
  0
VERTEX
 5
4AE
  8
PLACEMENT_OUTLINE_TOP
 10
89.33900
 20
34.76300
 42
1.0
  0
SEQEND
  8
PLACEMENT_OUTLINE_TOP
  0
SOLID
 5
4AF
  8
PADLAYER_TOP
 10
91.93020
 20
35.85520
 11
91.01580
 21
35.85520
 12
91.93020
 22
34.94080
 13
91.01580
 23
34.94080
  0
SOLID
 5
4B0
  8
PADLAYER_TOP
 10
90.40620
 20
35.85520
 11
89.49180
 21
35.85520
 12
90.40620
 22
34.94080
 13
89.49180
 23
34.94080
  0
POLYLINE
 5
4B1
  8
Top
 66
1
 70
1
 40
0.000000
 41
0.000000
  0
VERTEX
 5
4B2
  8
Top
 10
92.32370
 20
36.45800
 42
-0.414214
  0
VERTEX
 5
4B3
  8
Top
 10
92.31100
 20
36.44530
  0
VERTEX
 5
4B4
  8
Top
 10
89.12100
 20
36.44530
 42
-0.414214
  0
VERTEX
 5
4B5
  8
Top
 10
89.10830
 20
36.45800
  0
VERTEX
 5
4B6
  8
Top
 10
89.10830
 20
37.95800
 42
-0.414214
  0
VERTEX
 5
4B7
  8
Top
 10
89.12100
 20
37.97070
  0
VERTEX
 5
4B8
  8
Top
 10
92.31100
 20
37.97070
 42
-0.414214
  0
VERTEX
 5
4B9
  8
Top
 10
92.32370
 20
37.95800
  0
VERTEX
 5
4BA
  8
Top
 10
92.32370
 20
36.45800
  0
SEQEND
  8
Top
  0
POLYLINE
 5
4BB
  8
2DLINES_1
 66
1
 40
0.152400
 41
0.152400
  0
VERTEX
 5
4BC
  8
2DLINES_1
 10
90.71100
 20
37.84800
  0
VERTEX
 5
4BD
  8
2DLINES_1
 10
90.71100
 20
36.54800
  0
SEQEND
  8
2DLINES_1
  0
POLYLINE
 5
4BE
  8
2DLINES_1
 66
1
 70
1
 40
0.076200
 41
0.076200
  0
VERTEX
 5
4BF
  8
2DLINES_1
 10
90.67290
 20
37.84800
 42
1.0
  0
VERTEX
 5
4C0
  8
2DLINES_1
 10
90.74910
 20
37.84800
 42
1.0
  0
SEQEND
  8
2DLINES_1
  0
POLYLINE
 5
4C1
  8
2DLINES_1
 66
1
 70
1
 40
0.076200
 41
0.076200
  0
VERTEX
 5
4C2
  8
2DLINES_1
 10
90.67290
 20
36.54800
 42
1.0
  0
VERTEX
 5
4C3
  8
2DLINES_1
 10
90.74910
 20
36.54800
 42
1.0
  0
SEQEND
  8
2DLINES_1
  0
POLYLINE
 5
4C4
  8
PLACEMENT_OUTLINE_TOP
 66
1
 40
0.025400
 41
0.025400
  0
VERTEX
 5
4C5
  8
PLACEMENT_OUTLINE_TOP
 10
92.31100
 20
37.94800
  0
VERTEX
 5
4C6
  8
PLACEMENT_OUTLINE_TOP
 10
92.31100
 20
36.44800
  0
SEQEND
  8
PLACEMENT_OUTLINE_TOP
  0
POLYLINE
 5
4C7
  8
PLACEMENT_OUTLINE_TOP
 66
1
 70
1
 40
0.012700
 41
0.012700
  0
VERTEX
 5
4C8
  8
PLACEMENT_OUTLINE_TOP
 10
92.30465
 20
37.94800
 42
1.0
  0
VERTEX
 5
4C9
  8
PLACEMENT_OUTLINE_TOP
 10
92.31735
 20
37.94800
 42
1.0
  0
SEQEND
  8
PLACEMENT_OUTLINE_TOP
  0
POLYLINE
 5
4CA
  8
PLACEMENT_OUTLINE_TOP
 66
1
 70
1
 40
0.012700
 41
0.012700
  0
VERTEX
 5
4CB
  8
PLACEMENT_OUTLINE_TOP
 10
92.30465
 20
36.44800
 42
1.0
  0
VERTEX
 5
4CC
  8
PLACEMENT_OUTLINE_TOP
 10
92.31735
 20
36.44800
 42
1.0
  0
SEQEND
  8
PLACEMENT_OUTLINE_TOP
  0
POLYLINE
 5
4CD
  8
PLACEMENT_OUTLINE_TOP
 66
1
 40
0.025400
 41
0.025400
  0
VERTEX
 5
4CE
  8
PLACEMENT_OUTLINE_TOP
 10
92.31100
 20
36.44800
  0
VERTEX
 5
4CF
  8
PLACEMENT_OUTLINE_TOP
 10
89.11100
 20
36.44800
  0
SEQEND
  8
PLACEMENT_OUTLINE_TOP
  0
POLYLINE
 5
4D0
  8
PLACEMENT_OUTLINE_TOP
 66
1
 70
1
 40
0.012700
 41
0.012700
  0
VERTEX
 5
4D1
  8
PLACEMENT_OUTLINE_TOP
 10
92.30465
 20
36.44800
 42
1.0
  0
VERTEX
 5
4D2
  8
PLACEMENT_OUTLINE_TOP
 10
92.31735
 20
36.44800
 42
1.0
  0
SEQEND
  8
PLACEMENT_OUTLINE_TOP
  0
POLYLINE
 5
4D3
  8
PLACEMENT_OUTLINE_TOP
 66
1
 70
1
 40
0.012700
 41
0.012700
  0
VERTEX
 5
4D4
  8
PLACEMENT_OUTLINE_TOP
 10
89.10465
 20
36.44800
 42
1.0
  0
VERTEX
 5
4D5
  8
PLACEMENT_OUTLINE_TOP
 10
89.11735
 20
36.44800
 42
1.0
  0
SEQEND
  8
PLACEMENT_OUTLINE_TOP
  0
POLYLINE
 5
4D6
  8
PLACEMENT_OUTLINE_TOP
 66
1
 40
0.025400
 41
0.025400
  0
VERTEX
 5
4D7
  8
PLACEMENT_OUTLINE_TOP
 10
89.11100
 20
36.44800
  0
VERTEX
 5
4D8
  8
PLACEMENT_OUTLINE_TOP
 10
89.11100
 20
37.94800
  0
SEQEND
  8
PLACEMENT_OUTLINE_TOP
  0
POLYLINE
 5
4D9
  8
PLACEMENT_OUTLINE_TOP
 66
1
 70
1
 40
0.012700
 41
0.012700
  0
VERTEX
 5
4DA
  8
PLACEMENT_OUTLINE_TOP
 10
89.10465
 20
36.44800
 42
1.0
  0
VERTEX
 5
4DB
  8
PLACEMENT_OUTLINE_TOP
 10
89.11735
 20
36.44800
 42
1.0
  0
SEQEND
  8
PLACEMENT_OUTLINE_TOP
  0
POLYLINE
 5
4DC
  8
PLACEMENT_OUTLINE_TOP
 66
1
 70
1
 40
0.012700
 41
0.012700
  0
VERTEX
 5
4DD
  8
PLACEMENT_OUTLINE_TOP
 10
89.10465
 20
37.94800
 42
1.0
  0
VERTEX
 5
4DE
  8
PLACEMENT_OUTLINE_TOP
 10
89.11735
 20
37.94800
 42
1.0
  0
SEQEND
  8
PLACEMENT_OUTLINE_TOP
  0
POLYLINE
 5
4DF
  8
PLACEMENT_OUTLINE_TOP
 66
1
 40
0.025400
 41
0.025400
  0
VERTEX
 5
4E0
  8
PLACEMENT_OUTLINE_TOP
 10
89.11100
 20
37.94800
  0
VERTEX
 5
4E1
  8
PLACEMENT_OUTLINE_TOP
 10
92.31100
 20
37.94800
  0
SEQEND
  8
PLACEMENT_OUTLINE_TOP
  0
POLYLINE
 5
4E2
  8
PLACEMENT_OUTLINE_TOP
 66
1
 70
1
 40
0.012700
 41
0.012700
  0
VERTEX
 5
4E3
  8
PLACEMENT_OUTLINE_TOP
 10
89.10465
 20
37.94800
 42
1.0
  0
VERTEX
 5
4E4
  8
PLACEMENT_OUTLINE_TOP
 10
89.11735
 20
37.94800
 42
1.0
  0
SEQEND
  8
PLACEMENT_OUTLINE_TOP
  0
POLYLINE
 5
4E5
  8
PLACEMENT_OUTLINE_TOP
 66
1
 70
1
 40
0.012700
 41
0.012700
  0
VERTEX
 5
4E6
  8
PLACEMENT_OUTLINE_TOP
 10
92.30465
 20
37.94800
 42
1.0
  0
VERTEX
 5
4E7
  8
PLACEMENT_OUTLINE_TOP
 10
92.31735
 20
37.94800
 42
1.0
  0
SEQEND
  8
PLACEMENT_OUTLINE_TOP
  0
SOLID
 5
4E8
  8
PADLAYER_TOP
 10
91.01100
 20
37.94800
 11
91.01100
 21
36.44800
 12
92.31100
 22
37.94800
 13
92.31100
 23
36.44800
  0
SOLID
 5
4E9
  8
PADLAYER_TOP
 10
89.11100
 20
37.94800
 11
89.11100
 21
36.44800
 12
90.41100
 22
37.94800
 13
90.41100
 23
36.44800
  0
POLYLINE
 5
4EA
  8
LAYNR1
 66
1
 40
0.203200
 41
0.203200
  0
VERTEX
 5
4EB
  8
LAYNR1
 10
72.80186
 20
22.54500
  0
VERTEX
 5
4EC
  8
LAYNR1
 10
72.80183
 20
23.94500
  0
SEQEND
  8
LAYNR1
  0
POLYLINE
 5
4ED
  8
LAYNR1
 66
1
 70
1
 40
0.101600
 41
0.101600
  0
VERTEX
 5
4EE
  8
LAYNR1
 10
72.75106
 20
22.54500
 42
1.0
  0
VERTEX
 5
4EF
  8
LAYNR1
 10
72.85266
 20
22.54500
 42
1.0
  0
SEQEND
  8
LAYNR1
  0
POLYLINE
 5
4F0
  8
LAYNR1
 66
1
 70
1
 40
0.101600
 41
0.101600
  0
VERTEX
 5
4F1
  8
LAYNR1
 10
72.75103
 20
23.94500
 42
1.0
  0
VERTEX
 5
4F2
  8
LAYNR1
 10
72.85263
 20
23.94500
 42
1.0
  0
SEQEND
  8
LAYNR1
  0
POLYLINE
 5
4F3
  8
PLACEMENT_OUTLINE_TOP
 66
1
 40
0.100000
 41
0.100000
  0
VERTEX
 5
4F4
  8
PLACEMENT_OUTLINE_TOP
 10
70.23646
 20
22.17811
  0
VERTEX
 5
4F5
  8
PLACEMENT_OUTLINE_TOP
 10
75.36731
 20
22.17830
  0
SEQEND
  8
PLACEMENT_OUTLINE_TOP
  0
POLYLINE
 5
4F6
  8
PLACEMENT_OUTLINE_TOP
 66
1
 70
1
 40
0.050000
 41
0.050000
  0
VERTEX
 5
4F7
  8
PLACEMENT_OUTLINE_TOP
 10
70.21146
 20
22.17811
 42
1.0
  0
VERTEX
 5
4F8
  8
PLACEMENT_OUTLINE_TOP
 10
70.26146
 20
22.17811
 42
1.0
  0
SEQEND
  8
PLACEMENT_OUTLINE_TOP
  0
POLYLINE
 5
4F9
  8
PLACEMENT_OUTLINE_TOP
 66
1
 70
1
 40
0.050000
 41
0.050000
  0
VERTEX
 5
4FA
  8
PLACEMENT_OUTLINE_TOP
 10
75.34231
 20
22.17830
 42
1.0
  0
VERTEX
 5
4FB
  8
PLACEMENT_OUTLINE_TOP
 10
75.39231
 20
22.17830
 42
1.0
  0
SEQEND
  8
PLACEMENT_OUTLINE_TOP
  0
POLYLINE
 5
4FC
  8
PLACEMENT_OUTLINE_TOP
 66
1
 40
0.100000
 41
0.100000
  0
VERTEX
 5
4FD
  8
PLACEMENT_OUTLINE_TOP
 10
75.36731
 20
22.17830
  0
VERTEX
 5
4FE
  8
PLACEMENT_OUTLINE_TOP
 10
75.36731
 20
24.31177
  0
SEQEND
  8
PLACEMENT_OUTLINE_TOP
  0
POLYLINE
 5
4FF
  8
PLACEMENT_OUTLINE_TOP
 66
1
 70
1
 40
0.050000
 41
0.050000
  0
VERTEX
 5
500
  8
PLACEMENT_OUTLINE_TOP
 10
75.34231
 20
22.17830
 42
1.0
  0
VERTEX
 5
501
  8
PLACEMENT_OUTLINE_TOP
 10
75.39231
 20
22.17830
 42
1.0
  0
SEQEND
  8
PLACEMENT_OUTLINE_TOP
  0
POLYLINE
 5
502
  8
PLACEMENT_OUTLINE_TOP
 66
1
 70
1
 40
0.050000
 41
0.050000
  0
VERTEX
 5
503
  8
PLACEMENT_OUTLINE_TOP
 10
75.34231
 20
24.31177
 42
1.0
  0
VERTEX
 5
504
  8
PLACEMENT_OUTLINE_TOP
 10
75.39231
 20
24.31177
 42
1.0
  0
SEQEND
  8
PLACEMENT_OUTLINE_TOP
  0
POLYLINE
 5
505
  8
PLACEMENT_OUTLINE_TOP
 66
1
 40
0.100000
 41
0.100000
  0
VERTEX
 5
506
  8
PLACEMENT_OUTLINE_TOP
 10
75.36731
 20
24.31177
  0
VERTEX
 5
507
  8
PLACEMENT_OUTLINE_TOP
 10
70.23657
 20
24.31192
  0
SEQEND
  8
PLACEMENT_OUTLINE_TOP
  0
POLYLINE
 5
508
  8
PLACEMENT_OUTLINE_TOP
 66
1
 70
1
 40
0.050000
 41
0.050000
  0
VERTEX
 5
509
  8
PLACEMENT_OUTLINE_TOP
 10
75.34231
 20
24.31177
 42
1.0
  0
VERTEX
 5
50A
  8
PLACEMENT_OUTLINE_TOP
 10
75.39231
 20
24.31177
 42
1.0
  0
SEQEND
  8
PLACEMENT_OUTLINE_TOP
  0
POLYLINE
 5
50B
  8
PLACEMENT_OUTLINE_TOP
 66
1
 70
1
 40
0.050000
 41
0.050000
  0
VERTEX
 5
50C
  8
PLACEMENT_OUTLINE_TOP
 10
70.21157
 20
24.31192
 42
1.0
  0
VERTEX
 5
50D
  8
PLACEMENT_OUTLINE_TOP
 10
70.26157
 20
24.31192
 42
1.0
  0
SEQEND
  8
PLACEMENT_OUTLINE_TOP
  0
POLYLINE
 5
50E
  8
PLACEMENT_OUTLINE_TOP
 66
1
 40
0.100000
 41
0.100000
  0
VERTEX
 5
50F
  8
PLACEMENT_OUTLINE_TOP
 10
70.23657
 20
24.31192
  0
VERTEX
 5
510
  8
PLACEMENT_OUTLINE_TOP
 10
70.23646
 20
22.17811
  0
SEQEND
  8
PLACEMENT_OUTLINE_TOP
  0
POLYLINE
 5
511
  8
PLACEMENT_OUTLINE_TOP
 66
1
 70
1
 40
0.050000
 41
0.050000
  0
VERTEX
 5
512
  8
PLACEMENT_OUTLINE_TOP
 10
70.21157
 20
24.31192
 42
1.0
  0
VERTEX
 5
513
  8
PLACEMENT_OUTLINE_TOP
 10
70.26157
 20
24.31192
 42
1.0
  0
SEQEND
  8
PLACEMENT_OUTLINE_TOP
  0
POLYLINE
 5
514
  8
PLACEMENT_OUTLINE_TOP
 66
1
 70
1
 40
0.050000
 41
0.050000
  0
VERTEX
 5
515
  8
PLACEMENT_OUTLINE_TOP
 10
70.21146
 20
22.17811
 42
1.0
  0
VERTEX
 5
516
  8
PLACEMENT_OUTLINE_TOP
 10
70.26146
 20
22.17811
 42
1.0
  0
SEQEND
  8
PLACEMENT_OUTLINE_TOP
  0
SOLID
 5
517
  8
PADLAYER_TOP
 10
73.80530
 20
24.13391
 11
73.80530
 21
22.35591
 12
75.20230
 22
24.13391
 13
75.20230
 23
22.35591
  0
SOLID
 5
518
  8
PADLAYER_TOP
 10
70.40170
 20
24.13409
 11
70.40170
 21
22.35609
 12
71.79870
 22
24.13409
 13
71.79870
 23
22.35609
  0
POLYLINE
 5
519
  8
LAYNR1
 66
1
 40
0.203200
 41
0.203200
  0
VERTEX
 5
51A
  8
LAYNR1
 10
72.80186
 20
20.04500
  0
VERTEX
 5
51B
  8
LAYNR1
 10
72.80183
 20
21.44500
  0
SEQEND
  8
LAYNR1
  0
POLYLINE
 5
51C
  8
LAYNR1
 66
1
 70
1
 40
0.101600
 41
0.101600
  0
VERTEX
 5
51D
  8
LAYNR1
 10
72.75106
 20
20.04500
 42
1.0
  0
VERTEX
 5
51E
  8
LAYNR1
 10
72.85266
 20
20.04500
 42
1.0
  0
SEQEND
  8
LAYNR1
  0
POLYLINE
 5
51F
  8
LAYNR1
 66
1
 70
1
 40
0.101600
 41
0.101600
  0
VERTEX
 5
520
  8
LAYNR1
 10
72.75103
 20
21.44500
 42
1.0
  0
VERTEX
 5
521
  8
LAYNR1
 10
72.85263
 20
21.44500
 42
1.0
  0
SEQEND
  8
LAYNR1
  0
POLYLINE
 5
522
  8
PLACEMENT_OUTLINE_TOP
 66
1
 40
0.100000
 41
0.100000
  0
VERTEX
 5
523
  8
PLACEMENT_OUTLINE_TOP
 10
70.23646
 20
19.67811
  0
VERTEX
 5
524
  8
PLACEMENT_OUTLINE_TOP
 10
75.36731
 20
19.67830
  0
SEQEND
  8
PLACEMENT_OUTLINE_TOP
  0
POLYLINE
 5
525
  8
PLACEMENT_OUTLINE_TOP
 66
1
 70
1
 40
0.050000
 41
0.050000
  0
VERTEX
 5
526
  8
PLACEMENT_OUTLINE_TOP
 10
70.21146
 20
19.67811
 42
1.0
  0
VERTEX
 5
527
  8
PLACEMENT_OUTLINE_TOP
 10
70.26146
 20
19.67811
 42
1.0
  0
SEQEND
  8
PLACEMENT_OUTLINE_TOP
  0
POLYLINE
 5
528
  8
PLACEMENT_OUTLINE_TOP
 66
1
 70
1
 40
0.050000
 41
0.050000
  0
VERTEX
 5
529
  8
PLACEMENT_OUTLINE_TOP
 10
75.34231
 20
19.67830
 42
1.0
  0
VERTEX
 5
52A
  8
PLACEMENT_OUTLINE_TOP
 10
75.39231
 20
19.67830
 42
1.0
  0
SEQEND
  8
PLACEMENT_OUTLINE_TOP
  0
POLYLINE
 5
52B
  8
PLACEMENT_OUTLINE_TOP
 66
1
 40
0.100000
 41
0.100000
  0
VERTEX
 5
52C
  8
PLACEMENT_OUTLINE_TOP
 10
75.36731
 20
19.67830
  0
VERTEX
 5
52D
  8
PLACEMENT_OUTLINE_TOP
 10
75.36731
 20
21.81177
  0
SEQEND
  8
PLACEMENT_OUTLINE_TOP
  0
POLYLINE
 5
52E
  8
PLACEMENT_OUTLINE_TOP
 66
1
 70
1
 40
0.050000
 41
0.050000
  0
VERTEX
 5
52F
  8
PLACEMENT_OUTLINE_TOP
 10
75.34231
 20
19.67830
 42
1.0
  0
VERTEX
 5
530
  8
PLACEMENT_OUTLINE_TOP
 10
75.39231
 20
19.67830
 42
1.0
  0
SEQEND
  8
PLACEMENT_OUTLINE_TOP
  0
POLYLINE
 5
531
  8
PLACEMENT_OUTLINE_TOP
 66
1
 70
1
 40
0.050000
 41
0.050000
  0
VERTEX
 5
532
  8
PLACEMENT_OUTLINE_TOP
 10
75.34231
 20
21.81177
 42
1.0
  0
VERTEX
 5
533
  8
PLACEMENT_OUTLINE_TOP
 10
75.39231
 20
21.81177
 42
1.0
  0
SEQEND
  8
PLACEMENT_OUTLINE_TOP
  0
POLYLINE
 5
534
  8
PLACEMENT_OUTLINE_TOP
 66
1
 40
0.100000
 41
0.100000
  0
VERTEX
 5
535
  8
PLACEMENT_OUTLINE_TOP
 10
75.36731
 20
21.81177
  0
VERTEX
 5
536
  8
PLACEMENT_OUTLINE_TOP
 10
70.23657
 20
21.81192
  0
SEQEND
  8
PLACEMENT_OUTLINE_TOP
  0
POLYLINE
 5
537
  8
PLACEMENT_OUTLINE_TOP
 66
1
 70
1
 40
0.050000
 41
0.050000
  0
VERTEX
 5
538
  8
PLACEMENT_OUTLINE_TOP
 10
75.34231
 20
21.81177
 42
1.0
  0
VERTEX
 5
539
  8
PLACEMENT_OUTLINE_TOP
 10
75.39231
 20
21.81177
 42
1.0
  0
SEQEND
  8
PLACEMENT_OUTLINE_TOP
  0
POLYLINE
 5
53A
  8
PLACEMENT_OUTLINE_TOP
 66
1
 70
1
 40
0.050000
 41
0.050000
  0
VERTEX
 5
53B
  8
PLACEMENT_OUTLINE_TOP
 10
70.21157
 20
21.81192
 42
1.0
  0
VERTEX
 5
53C
  8
PLACEMENT_OUTLINE_TOP
 10
70.26157
 20
21.81192
 42
1.0
  0
SEQEND
  8
PLACEMENT_OUTLINE_TOP
  0
POLYLINE
 5
53D
  8
PLACEMENT_OUTLINE_TOP
 66
1
 40
0.100000
 41
0.100000
  0
VERTEX
 5
53E
  8
PLACEMENT_OUTLINE_TOP
 10
70.23657
 20
21.81192
  0
VERTEX
 5
53F
  8
PLACEMENT_OUTLINE_TOP
 10
70.23646
 20
19.67811
  0
SEQEND
  8
PLACEMENT_OUTLINE_TOP
  0
POLYLINE
 5
540
  8
PLACEMENT_OUTLINE_TOP
 66
1
 70
1
 40
0.050000
 41
0.050000
  0
VERTEX
 5
541
  8
PLACEMENT_OUTLINE_TOP
 10
70.21157
 20
21.81192
 42
1.0
  0
VERTEX
 5
542
  8
PLACEMENT_OUTLINE_TOP
 10
70.26157
 20
21.81192
 42
1.0
  0
SEQEND
  8
PLACEMENT_OUTLINE_TOP
  0
POLYLINE
 5
543
  8
PLACEMENT_OUTLINE_TOP
 66
1
 70
1
 40
0.050000
 41
0.050000
  0
VERTEX
 5
544
  8
PLACEMENT_OUTLINE_TOP
 10
70.21146
 20
19.67811
 42
1.0
  0
VERTEX
 5
545
  8
PLACEMENT_OUTLINE_TOP
 10
70.26146
 20
19.67811
 42
1.0
  0
SEQEND
  8
PLACEMENT_OUTLINE_TOP
  0
SOLID
 5
546
  8
PADLAYER_TOP
 10
73.80530
 20
21.63391
 11
73.80530
 21
19.85591
 12
75.20230
 22
21.63391
 13
75.20230
 23
19.85591
  0
SOLID
 5
547
  8
PADLAYER_TOP
 10
70.40170
 20
21.63409
 11
70.40170
 21
19.85609
 12
71.79870
 22
21.63409
 13
71.79870
 23
19.85609
  0
POLYLINE
 5
548
  8
LAYNR1
 66
1
 40
0.203200
 41
0.203200
  0
VERTEX
 5
549
  8
LAYNR1
 10
69.10300
 20
28.10600
  0
VERTEX
 5
54A
  8
LAYNR1
 10
69.10300
 20
27.40600
  0
SEQEND
  8
LAYNR1
  0
POLYLINE
 5
54B
  8
LAYNR1
 66
1
 70
1
 40
0.101600
 41
0.101600
  0
VERTEX
 5
54C
  8
LAYNR1
 10
69.05220
 20
28.10600
 42
1.0
  0
VERTEX
 5
54D
  8
LAYNR1
 10
69.15380
 20
28.10600
 42
1.0
  0
SEQEND
  8
LAYNR1
  0
POLYLINE
 5
54E
  8
LAYNR1
 66
1
 70
1
 40
0.101600
 41
0.101600
  0
VERTEX
 5
54F
  8
LAYNR1
 10
69.05220
 20
27.40600
 42
1.0
  0
VERTEX
 5
550
  8
LAYNR1
 10
69.15380
 20
27.40600
 42
1.0
  0
SEQEND
  8
LAYNR1
  0
POLYLINE
 5
551
  8
PLACEMENT_OUTLINE_TOP
 66
1
 40
0.100000
 41
0.100000
  0
VERTEX
 5
552
  8
PLACEMENT_OUTLINE_TOP
 10
70.50000
 20
28.39100
  0
VERTEX
 5
553
  8
PLACEMENT_OUTLINE_TOP
 10
67.70600
 20
28.39100
  0
SEQEND
  8
PLACEMENT_OUTLINE_TOP
  0
POLYLINE
 5
554
  8
PLACEMENT_OUTLINE_TOP
 66
1
 70
1
 40
0.050000
 41
0.050000
  0
VERTEX
 5
555
  8
PLACEMENT_OUTLINE_TOP
 10
70.47500
 20
28.39100
 42
1.0
  0
VERTEX
 5
556
  8
PLACEMENT_OUTLINE_TOP
 10
70.52500
 20
28.39100
 42
1.0
  0
SEQEND
  8
PLACEMENT_OUTLINE_TOP
  0
POLYLINE
 5
557
  8
PLACEMENT_OUTLINE_TOP
 66
1
 70
1
 40
0.050000
 41
0.050000
  0
VERTEX
 5
558
  8
PLACEMENT_OUTLINE_TOP
 10
67.68100
 20
28.39100
 42
1.0
  0
VERTEX
 5
559
  8
PLACEMENT_OUTLINE_TOP
 10
67.73100
 20
28.39100
 42
1.0
  0
SEQEND
  8
PLACEMENT_OUTLINE_TOP
  0
POLYLINE
 5
55A
  8
PLACEMENT_OUTLINE_TOP
 66
1
 40
0.100000
 41
0.100000
  0
VERTEX
 5
55B
  8
PLACEMENT_OUTLINE_TOP
 10
67.70600
 20
28.39100
  0
VERTEX
 5
55C
  8
PLACEMENT_OUTLINE_TOP
 10
67.70600
 20
27.12100
  0
SEQEND
  8
PLACEMENT_OUTLINE_TOP
  0
POLYLINE
 5
55D
  8
PLACEMENT_OUTLINE_TOP
 66
1
 70
1
 40
0.050000
 41
0.050000
  0
VERTEX
 5
55E
  8
PLACEMENT_OUTLINE_TOP
 10
67.68100
 20
28.39100
 42
1.0
  0
VERTEX
 5
55F
  8
PLACEMENT_OUTLINE_TOP
 10
67.73100
 20
28.39100
 42
1.0
  0
SEQEND
  8
PLACEMENT_OUTLINE_TOP
  0
POLYLINE
 5
560
  8
PLACEMENT_OUTLINE_TOP
 66
1
 70
1
 40
0.050000
 41
0.050000
  0
VERTEX
 5
561
  8
PLACEMENT_OUTLINE_TOP
 10
67.68100
 20
27.12100
 42
1.0
  0
VERTEX
 5
562
  8
PLACEMENT_OUTLINE_TOP
 10
67.73100
 20
27.12100
 42
1.0
  0
SEQEND
  8
PLACEMENT_OUTLINE_TOP
  0
POLYLINE
 5
563
  8
PLACEMENT_OUTLINE_TOP
 66
1
 40
0.100000
 41
0.100000
  0
VERTEX
 5
564
  8
PLACEMENT_OUTLINE_TOP
 10
67.70600
 20
27.12100
  0
VERTEX
 5
565
  8
PLACEMENT_OUTLINE_TOP
 10
70.50000
 20
27.12100
  0
SEQEND
  8
PLACEMENT_OUTLINE_TOP
  0
POLYLINE
 5
566
  8
PLACEMENT_OUTLINE_TOP
 66
1
 70
1
 40
0.050000
 41
0.050000
  0
VERTEX
 5
567
  8
PLACEMENT_OUTLINE_TOP
 10
67.68100
 20
27.12100
 42
1.0
  0
VERTEX
 5
568
  8
PLACEMENT_OUTLINE_TOP
 10
67.73100
 20
27.12100
 42
1.0
  0
SEQEND
  8
PLACEMENT_OUTLINE_TOP
  0
POLYLINE
 5
569
  8
PLACEMENT_OUTLINE_TOP
 66
1
 70
1
 40
0.050000
 41
0.050000
  0
VERTEX
 5
56A
  8
PLACEMENT_OUTLINE_TOP
 10
70.47500
 20
27.12100
 42
1.0
  0
VERTEX
 5
56B
  8
PLACEMENT_OUTLINE_TOP
 10
70.52500
 20
27.12100
 42
1.0
  0
SEQEND
  8
PLACEMENT_OUTLINE_TOP
  0
POLYLINE
 5
56C
  8
PLACEMENT_OUTLINE_TOP
 66
1
 40
0.100000
 41
0.100000
  0
VERTEX
 5
56D
  8
PLACEMENT_OUTLINE_TOP
 10
70.50000
 20
27.12100
  0
VERTEX
 5
56E
  8
PLACEMENT_OUTLINE_TOP
 10
70.50000
 20
28.39100
  0
SEQEND
  8
PLACEMENT_OUTLINE_TOP
  0
POLYLINE
 5
56F
  8
PLACEMENT_OUTLINE_TOP
 66
1
 70
1
 40
0.050000
 41
0.050000
  0
VERTEX
 5
570
  8
PLACEMENT_OUTLINE_TOP
 10
70.47500
 20
27.12100
 42
1.0
  0
VERTEX
 5
571
  8
PLACEMENT_OUTLINE_TOP
 10
70.52500
 20
27.12100
 42
1.0
  0
SEQEND
  8
PLACEMENT_OUTLINE_TOP
  0
POLYLINE
 5
572
  8
PLACEMENT_OUTLINE_TOP
 66
1
 70
1
 40
0.050000
 41
0.050000
  0
VERTEX
 5
573
  8
PLACEMENT_OUTLINE_TOP
 10
70.47500
 20
28.39100
 42
1.0
  0
VERTEX
 5
574
  8
PLACEMENT_OUTLINE_TOP
 10
70.52500
 20
28.39100
 42
1.0
  0
SEQEND
  8
PLACEMENT_OUTLINE_TOP
  0
SOLID
 5
575
  8
PADLAYER_TOP
 10
67.88380
 20
27.29880
 11
68.79820
 21
27.29880
 12
67.88380
 22
28.21320
 13
68.79820
 23
28.21320
  0
SOLID
 5
576
  8
PADLAYER_TOP
 10
69.40780
 20
27.29880
 11
70.32220
 21
27.29880
 12
69.40780
 22
28.21320
 13
70.32220
 23
28.21320
  0
POLYLINE
 5
577
  8
2DLINES_2
 66
1
 40
0.200000
 41
0.200000
  0
VERTEX
 5
578
  8
2DLINES_2
 10
88.95001
 20
7.45001
  0
VERTEX
 5
579
  8
2DLINES_2
 10
88.94999
 20
84.55001
  0
SEQEND
  8
2DLINES_2
  0
POLYLINE
 5
57A
  8
2DLINES_2
 66
1
 70
1
 40
0.100000
 41
0.100000
  0
VERTEX
 5
57B
  8
2DLINES_2
 10
88.90001
 20
7.45001
 42
1.0
  0
VERTEX
 5
57C
  8
2DLINES_2
 10
89.00001
 20
7.45001
 42
1.0
  0
SEQEND
  8
2DLINES_2
  0
POLYLINE
 5
57D
  8
2DLINES_2
 66
1
 70
1
 40
0.100000
 41
0.100000
  0
VERTEX
 5
57E
  8
2DLINES_2
 10
88.89999
 20
84.55001
 42
1.0
  0
VERTEX
 5
57F
  8
2DLINES_2
 10
88.99999
 20
84.55001
 42
1.0
  0
SEQEND
  8
2DLINES_2
  0
POLYLINE
 5
580
  8
2DLINES_2
 66
1
 40
0.200000
 41
0.200000
  0
VERTEX
 5
581
  8
2DLINES_2
 10
88.94999
 20
84.55001
  0
VERTEX
 5
582
  8
2DLINES_2
 10
49.04999
 20
84.54999
  0
SEQEND
  8
2DLINES_2
  0
POLYLINE
 5
583
  8
2DLINES_2
 66
1
 70
1
 40
0.100000
 41
0.100000
  0
VERTEX
 5
584
  8
2DLINES_2
 10
88.89999
 20
84.55001
 42
1.0
  0
VERTEX
 5
585
  8
2DLINES_2
 10
88.99999
 20
84.55001
 42
1.0
  0
SEQEND
  8
2DLINES_2
  0
POLYLINE
 5
586
  8
2DLINES_2
 66
1
 70
1
 40
0.100000
 41
0.100000
  0
VERTEX
 5
587
  8
2DLINES_2
 10
48.99999
 20
84.54999
 42
1.0
  0
VERTEX
 5
588
  8
2DLINES_2
 10
49.09999
 20
84.54999
 42
1.0
  0
SEQEND
  8
2DLINES_2
  0
POLYLINE
 5
589
  8
2DLINES_2
 66
1
 40
0.200000
 41
0.200000
  0
VERTEX
 5
58A
  8
2DLINES_2
 10
49.04999
 20
84.54999
  0
VERTEX
 5
58B
  8
2DLINES_2
 10
49.05001
 20
7.44999
  0
SEQEND
  8
2DLINES_2
  0
POLYLINE
 5
58C
  8
2DLINES_2
 66
1
 70
1
 40
0.100000
 41
0.100000
  0
VERTEX
 5
58D
  8
2DLINES_2
 10
48.99999
 20
84.54999
 42
1.0
  0
VERTEX
 5
58E
  8
2DLINES_2
 10
49.09999
 20
84.54999
 42
1.0
  0
SEQEND
  8
2DLINES_2
  0
POLYLINE
 5
58F
  8
2DLINES_2
 66
1
 70
1
 40
0.100000
 41
0.100000
  0
VERTEX
 5
590
  8
2DLINES_2
 10
49.00001
 20
7.44999
 42
1.0
  0
VERTEX
 5
591
  8
2DLINES_2
 10
49.10001
 20
7.44999
 42
1.0
  0
SEQEND
  8
2DLINES_2
  0
POLYLINE
 5
592
  8
2DLINES_2
 66
1
 40
0.200000
 41
0.200000
  0
VERTEX
 5
593
  8
2DLINES_2
 10
49.05001
 20
7.44999
  0
VERTEX
 5
594
  8
2DLINES_2
 10
88.95001
 20
7.45001
  0
SEQEND
  8
2DLINES_2
  0
POLYLINE
 5
595
  8
2DLINES_2
 66
1
 70
1
 40
0.100000
 41
0.100000
  0
VERTEX
 5
596
  8
2DLINES_2
 10
49.00001
 20
7.44999
 42
1.0
  0
VERTEX
 5
597
  8
2DLINES_2
 10
49.10001
 20
7.44999
 42
1.0
  0
SEQEND
  8
2DLINES_2
  0
POLYLINE
 5
598
  8
2DLINES_2
 66
1
 70
1
 40
0.100000
 41
0.100000
  0
VERTEX
 5
599
  8
2DLINES_2
 10
88.90001
 20
7.45001
 42
1.0
  0
VERTEX
 5
59A
  8
2DLINES_2
 10
89.00001
 20
7.45001
 42
1.0
  0
SEQEND
  8
2DLINES_2
  0
POLYLINE
 5
59B
  8
LAYNR2
 66
1
 40
0.300000
 41
0.300000
  0
VERTEX
 5
59C
  8
LAYNR2
 10
75.05001
 20
20.50000
 42
1.000000
  0
VERTEX
 5
59D
  8
LAYNR2
 10
82.05001
 20
20.50000
 42
1.000000
  0
VERTEX
 5
59E
  8
LAYNR2
 10
75.05001
 20
20.50000
  0
SEQEND
  8
LAYNR2
  0
POLYLINE
 5
59F
  8
LAYNR2
 66
1
 40
0.300000
 41
0.300000
  0
VERTEX
 5
5A0
  8
LAYNR2
 10
75.04999
 20
71.50000
 42
1.000000
  0
VERTEX
 5
5A1
  8
LAYNR2
 10
82.04999
 20
71.50000
 42
1.000000
  0
VERTEX
 5
5A2
  8
LAYNR2
 10
75.04999
 20
71.50000
  0
SEQEND
  8
LAYNR2
  0
POLYLINE
 5
5A3
  8
LAYNR2
 66
1
 40
0.300000
 41
0.300000
  0
VERTEX
 5
5A4
  8
LAYNR2
 10
55.80991
 20
20.50000
 42
1.000000
  0
VERTEX
 5
5A5
  8
LAYNR2
 10
62.80991
 20
20.50000
 42
1.000000
  0
VERTEX
 5
5A6
  8
LAYNR2
 10
55.80991
 20
20.50000
  0
SEQEND
  8
LAYNR2
  0
POLYLINE
 5
5A7
  8
LAYNR2
 66
1
 40
0.300000
 41
0.300000
  0
VERTEX
 5
5A8
  8
LAYNR2
 10
55.80989
 20
71.50000
 42
1.000000
  0
VERTEX
 5
5A9
  8
LAYNR2
 10
62.80989
 20
71.50000
 42
1.000000
  0
VERTEX
 5
5AA
  8
LAYNR2
 10
55.80989
 20
71.50000
  0
SEQEND
  8
LAYNR2
  0
POLYLINE
 5
5AB
  8
Bottom
 66
1
 40
0.000000
 41
0.000000
  0
VERTEX
 5
5AC
  8
Bottom
 10
75.74999
 20
82.40500
 42
1.000000
  0
VERTEX
 5
5AD
  8
Bottom
 10
81.34999
 20
82.40500
 42
1.000000
  0
VERTEX
 5
5AE
  8
Bottom
 10
75.74999
 20
82.40500
  0
SEQEND
  8
Bottom
  0
POLYLINE
 5
5AF
  8
Top
 66
1
 40
0.000000
 41
0.000000
  0
VERTEX
 5
5B0
  8
Top
 10
75.74999
 20
82.40500
 42
1.000000
  0
VERTEX
 5
5B1
  8
Top
 10
81.34999
 20
82.40500
 42
1.000000
  0
VERTEX
 5
5B2
  8
Top
 10
75.74999
 20
82.40500
  0
SEQEND
  8
Top
  0
POLYLINE
 5
5B3
  8
Bottom
 66
1
 40
0.000000
 41
0.000000
  0
VERTEX
 5
5B4
  8
Bottom
 10
75.75001
 20
9.59500
 42
1.000000
  0
VERTEX
 5
5B5
  8
Bottom
 10
81.35001
 20
9.59500
 42
1.000000
  0
VERTEX
 5
5B6
  8
Bottom
 10
75.75001
 20
9.59500
  0
SEQEND
  8
Bottom
  0
POLYLINE
 5
5B7
  8
Top
 66
1
 40
0.000000
 41
0.000000
  0
VERTEX
 5
5B8
  8
Top
 10
75.75001
 20
9.59500
 42
1.000000
  0
VERTEX
 5
5B9
  8
Top
 10
81.35001
 20
9.59500
 42
1.000000
  0
VERTEX
 5
5BA
  8
Top
 10
75.75001
 20
9.59500
  0
SEQEND
  8
Top
  0
POLYLINE
 5
5BB
  8
Bottom
 66
1
 40
0.000000
 41
0.000000
  0
VERTEX
 5
5BC
  8
Bottom
 10
56.65001
 20
9.59500
 42
1.000000
  0
VERTEX
 5
5BD
  8
Bottom
 10
62.25001
 20
9.59500
 42
1.000000
  0
VERTEX
 5
5BE
  8
Bottom
 10
56.65001
 20
9.59500
  0
SEQEND
  8
Bottom
  0
POLYLINE
 5
5BF
  8
Top
 66
1
 40
0.000000
 41
0.000000
  0
VERTEX
 5
5C0
  8
Top
 10
56.65001
 20
9.59500
 42
1.000000
  0
VERTEX
 5
5C1
  8
Top
 10
62.25001
 20
9.59500
 42
1.000000
  0
VERTEX
 5
5C2
  8
Top
 10
56.65001
 20
9.59500
  0
SEQEND
  8
Top
  0
POLYLINE
 5
5C3
  8
Bottom
 66
1
 40
0.000000
 41
0.000000
  0
VERTEX
 5
5C4
  8
Bottom
 10
56.64999
 20
82.40500
 42
1.000000
  0
VERTEX
 5
5C5
  8
Bottom
 10
62.24999
 20
82.40500
 42
1.000000
  0
VERTEX
 5
5C6
  8
Bottom
 10
56.64999
 20
82.40500
  0
SEQEND
  8
Bottom
  0
POLYLINE
 5
5C7
  8
Top
 66
1
 40
0.000000
 41
0.000000
  0
VERTEX
 5
5C8
  8
Top
 10
56.64999
 20
82.40500
 42
1.000000
  0
VERTEX
 5
5C9
  8
Top
 10
62.24999
 20
82.40500
 42
1.000000
  0
VERTEX
 5
5CA
  8
Top
 10
56.64999
 20
82.40500
  0
SEQEND
  8
Top
  0
POLYLINE
 5
5CB
  8
PLACEMENT_OUTLINE_BOTTOM
 66
1
 40
0.200000
 41
0.200000
  0
VERTEX
 5
5CC
  8
PLACEMENT_OUTLINE_BOTTOM
 10
88.95001
 20
7.45001
  0
VERTEX
 5
5CD
  8
PLACEMENT_OUTLINE_BOTTOM
 10
88.94999
 20
84.55001
  0
SEQEND
  8
PLACEMENT_OUTLINE_BOTTOM
  0
POLYLINE
 5
5CE
  8
PLACEMENT_OUTLINE_BOTTOM
 66
1
 70
1
 40
0.100000
 41
0.100000
  0
VERTEX
 5
5CF
  8
PLACEMENT_OUTLINE_BOTTOM
 10
88.90001
 20
7.45001
 42
1.0
  0
VERTEX
 5
5D0
  8
PLACEMENT_OUTLINE_BOTTOM
 10
89.00001
 20
7.45001
 42
1.0
  0
SEQEND
  8
PLACEMENT_OUTLINE_BOTTOM
  0
POLYLINE
 5
5D1
  8
PLACEMENT_OUTLINE_BOTTOM
 66
1
 70
1
 40
0.100000
 41
0.100000
  0
VERTEX
 5
5D2
  8
PLACEMENT_OUTLINE_BOTTOM
 10
88.89999
 20
84.55001
 42
1.0
  0
VERTEX
 5
5D3
  8
PLACEMENT_OUTLINE_BOTTOM
 10
88.99999
 20
84.55001
 42
1.0
  0
SEQEND
  8
PLACEMENT_OUTLINE_BOTTOM
  0
POLYLINE
 5
5D4
  8
PLACEMENT_OUTLINE_BOTTOM
 66
1
 40
0.200000
 41
0.200000
  0
VERTEX
 5
5D5
  8
PLACEMENT_OUTLINE_BOTTOM
 10
88.94999
 20
84.55001
  0
VERTEX
 5
5D6
  8
PLACEMENT_OUTLINE_BOTTOM
 10
49.04999
 20
84.54999
  0
SEQEND
  8
PLACEMENT_OUTLINE_BOTTOM
  0
POLYLINE
 5
5D7
  8
PLACEMENT_OUTLINE_BOTTOM
 66
1
 70
1
 40
0.100000
 41
0.100000
  0
VERTEX
 5
5D8
  8
PLACEMENT_OUTLINE_BOTTOM
 10
88.89999
 20
84.55001
 42
1.0
  0
VERTEX
 5
5D9
  8
PLACEMENT_OUTLINE_BOTTOM
 10
88.99999
 20
84.55001
 42
1.0
  0
SEQEND
  8
PLACEMENT_OUTLINE_BOTTOM
  0
POLYLINE
 5
5DA
  8
PLACEMENT_OUTLINE_BOTTOM
 66
1
 70
1
 40
0.100000
 41
0.100000
  0
VERTEX
 5
5DB
  8
PLACEMENT_OUTLINE_BOTTOM
 10
48.99999
 20
84.54999
 42
1.0
  0
VERTEX
 5
5DC
  8
PLACEMENT_OUTLINE_BOTTOM
 10
49.09999
 20
84.54999
 42
1.0
  0
SEQEND
  8
PLACEMENT_OUTLINE_BOTTOM
  0
POLYLINE
 5
5DD
  8
PLACEMENT_OUTLINE_BOTTOM
 66
1
 40
0.200000
 41
0.200000
  0
VERTEX
 5
5DE
  8
PLACEMENT_OUTLINE_BOTTOM
 10
49.04999
 20
84.54999
  0
VERTEX
 5
5DF
  8
PLACEMENT_OUTLINE_BOTTOM
 10
49.05001
 20
7.44999
  0
SEQEND
  8
PLACEMENT_OUTLINE_BOTTOM
  0
POLYLINE
 5
5E0
  8
PLACEMENT_OUTLINE_BOTTOM
 66
1
 70
1
 40
0.100000
 41
0.100000
  0
VERTEX
 5
5E1
  8
PLACEMENT_OUTLINE_BOTTOM
 10
48.99999
 20
84.54999
 42
1.0
  0
VERTEX
 5
5E2
  8
PLACEMENT_OUTLINE_BOTTOM
 10
49.09999
 20
84.54999
 42
1.0
  0
SEQEND
  8
PLACEMENT_OUTLINE_BOTTOM
  0
POLYLINE
 5
5E3
  8
PLACEMENT_OUTLINE_BOTTOM
 66
1
 70
1
 40
0.100000
 41
0.100000
  0
VERTEX
 5
5E4
  8
PLACEMENT_OUTLINE_BOTTOM
 10
49.00001
 20
7.44999
 42
1.0
  0
VERTEX
 5
5E5
  8
PLACEMENT_OUTLINE_BOTTOM
 10
49.10001
 20
7.44999
 42
1.0
  0
SEQEND
  8
PLACEMENT_OUTLINE_BOTTOM
  0
POLYLINE
 5
5E6
  8
PLACEMENT_OUTLINE_BOTTOM
 66
1
 40
0.200000
 41
0.200000
  0
VERTEX
 5
5E7
  8
PLACEMENT_OUTLINE_BOTTOM
 10
49.05001
 20
7.44999
  0
VERTEX
 5
5E8
  8
PLACEMENT_OUTLINE_BOTTOM
 10
88.95001
 20
7.45001
  0
SEQEND
  8
PLACEMENT_OUTLINE_BOTTOM
  0
POLYLINE
 5
5E9
  8
PLACEMENT_OUTLINE_BOTTOM
 66
1
 70
1
 40
0.100000
 41
0.100000
  0
VERTEX
 5
5EA
  8
PLACEMENT_OUTLINE_BOTTOM
 10
49.00001
 20
7.44999
 42
1.0
  0
VERTEX
 5
5EB
  8
PLACEMENT_OUTLINE_BOTTOM
 10
49.10001
 20
7.44999
 42
1.0
  0
SEQEND
  8
PLACEMENT_OUTLINE_BOTTOM
  0
POLYLINE
 5
5EC
  8
PLACEMENT_OUTLINE_BOTTOM
 66
1
 70
1
 40
0.100000
 41
0.100000
  0
VERTEX
 5
5ED
  8
PLACEMENT_OUTLINE_BOTTOM
 10
88.90001
 20
7.45001
 42
1.0
  0
VERTEX
 5
5EE
  8
PLACEMENT_OUTLINE_BOTTOM
 10
89.00001
 20
7.45001
 42
1.0
  0
SEQEND
  8
PLACEMENT_OUTLINE_BOTTOM
  0
TEXT
  8
LAYNR2
 10
78.26001
 20
17.10000
 40
12.857220
  1
-
 72
 1
 73
 2
 11
78.26001
 21
17.10000
  50
180.000036
 71
2
  0
TEXT
  8
LAYNR2
 10
59.44999
 20
70.20000
 40
9.285769
  1
+
 72
 1
 73
 2
 11
59.44999
 21
70.20000
  50
180.000036
 71
2
  0
TEXT
  8
LAYNR2
 10
59.16001
 20
17.10000
 40
12.857220
  1
-
 72
 1
 73
 2
 11
59.16001
 21
17.10000
  50
180.000036
 71
2
  0
TEXT
  8
LAYNR2
 10
78.54999
 20
70.20000
 40
9.285769
  1
+
 72
 1
 73
 2
 11
78.54999
 21
70.20000
  50
180.000036
 71
2
  0
POLYLINE
 5
5EF
  8
PADLAYER_BOTTOM
 66
1
 70
1
 40
1.800000
 41
1.800000
  0
VERTEX
 5
5F0
  8
PADLAYER_BOTTOM
 10
77.65001
 20
9.59500
 42
1.0
  0
VERTEX
 5
5F1
  8
PADLAYER_BOTTOM
 10
79.45001
 20
9.59500
 42
1.0
  0
SEQEND
  8
PADLAYER_BOTTOM
  0
POLYLINE
 5
5F2
  8
PADLAYER_TOP
 66
1
 70
1
 40
1.800000
 41
1.800000
  0
VERTEX
 5
5F3
  8
PADLAYER_TOP
 10
77.65001
 20
9.59500
 42
1.0
  0
VERTEX
 5
5F4
  8
PADLAYER_TOP
 10
79.45001
 20
9.59500
 42
1.0
  0
SEQEND
  8
PADLAYER_TOP
  0
POLYLINE
 5
5F5
  8
TOOL_BOT
 66
1
 40
0.200000
 41
0.200000
  0
VERTEX
 5
5F6
  8
TOOL_BOT
 10
77.65001
 20
9.59500
 42
1.000000
  0
VERTEX
 5
5F7
  8
TOOL_BOT
 10
79.45001
 20
9.59500
 42
1.000000
  0
VERTEX
 5
5F8
  8
TOOL_BOT
 10
77.65001
 20
9.59500
  0
SEQEND
  8
TOOL_BOT
  0
TEXT
  8
TOOLCODE_BOT
 10
77.60501
 20
9.14500
 40
0.900000
  1
T00
  0
POLYLINE
 5
5F9
  8
PADLAYER_BOTTOM
 66
1
 70
1
 40
1.800000
 41
1.800000
  0
VERTEX
 5
5FA
  8
PADLAYER_BOTTOM
 10
77.64999
 20
82.40500
 42
1.0
  0
VERTEX
 5
5FB
  8
PADLAYER_BOTTOM
 10
79.44999
 20
82.40500
 42
1.0
  0
SEQEND
  8
PADLAYER_BOTTOM
  0
POLYLINE
 5
5FC
  8
PADLAYER_TOP
 66
1
 70
1
 40
1.800000
 41
1.800000
  0
VERTEX
 5
5FD
  8
PADLAYER_TOP
 10
77.64999
 20
82.40500
 42
1.0
  0
VERTEX
 5
5FE
  8
PADLAYER_TOP
 10
79.44999
 20
82.40500
 42
1.0
  0
SEQEND
  8
PADLAYER_TOP
  0
POLYLINE
 5
5FF
  8
TOOL_BOT
 66
1
 40
0.200000
 41
0.200000
  0
VERTEX
 5
600
  8
TOOL_BOT
 10
77.64999
 20
82.40500
 42
1.000000
  0
VERTEX
 5
601
  8
TOOL_BOT
 10
79.44999
 20
82.40500
 42
1.000000
  0
VERTEX
 5
602
  8
TOOL_BOT
 10
77.64999
 20
82.40500
  0
SEQEND
  8
TOOL_BOT
  0
TEXT
  8
TOOLCODE_BOT
 10
77.60499
 20
81.95500
 40
0.900000
  1
T00
  0
POLYLINE
 5
603
  8
PADLAYER_BOTTOM
 66
1
 70
1
 40
1.800000
 41
1.800000
  0
VERTEX
 5
604
  8
PADLAYER_BOTTOM
 10
58.55001
 20
9.59500
 42
1.0
  0
VERTEX
 5
605
  8
PADLAYER_BOTTOM
 10
60.35001
 20
9.59500
 42
1.0
  0
SEQEND
  8
PADLAYER_BOTTOM
  0
POLYLINE
 5
606
  8
PADLAYER_TOP
 66
1
 70
1
 40
1.800000
 41
1.800000
  0
VERTEX
 5
607
  8
PADLAYER_TOP
 10
58.55001
 20
9.59500
 42
1.0
  0
VERTEX
 5
608
  8
PADLAYER_TOP
 10
60.35001
 20
9.59500
 42
1.0
  0
SEQEND
  8
PADLAYER_TOP
  0
POLYLINE
 5
609
  8
TOOL_BOT
 66
1
 40
0.200000
 41
0.200000
  0
VERTEX
 5
60A
  8
TOOL_BOT
 10
58.55001
 20
9.59500
 42
1.000000
  0
VERTEX
 5
60B
  8
TOOL_BOT
 10
60.35001
 20
9.59500
 42
1.000000
  0
VERTEX
 5
60C
  8
TOOL_BOT
 10
58.55001
 20
9.59500
  0
SEQEND
  8
TOOL_BOT
  0
TEXT
  8
TOOLCODE_BOT
 10
58.50501
 20
9.14500
 40
0.900000
  1
T00
  0
POLYLINE
 5
60D
  8
PADLAYER_BOTTOM
 66
1
 70
1
 40
1.800000
 41
1.800000
  0
VERTEX
 5
60E
  8
PADLAYER_BOTTOM
 10
58.54999
 20
82.40500
 42
1.0
  0
VERTEX
 5
60F
  8
PADLAYER_BOTTOM
 10
60.34999
 20
82.40500
 42
1.0
  0
SEQEND
  8
PADLAYER_BOTTOM
  0
POLYLINE
 5
610
  8
PADLAYER_TOP
 66
1
 70
1
 40
1.800000
 41
1.800000
  0
VERTEX
 5
611
  8
PADLAYER_TOP
 10
58.54999
 20
82.40500
 42
1.0
  0
VERTEX
 5
612
  8
PADLAYER_TOP
 10
60.34999
 20
82.40500
 42
1.0
  0
SEQEND
  8
PADLAYER_TOP
  0
POLYLINE
 5
613
  8
TOOL_BOT
 66
1
 40
0.200000
 41
0.200000
  0
VERTEX
 5
614
  8
TOOL_BOT
 10
58.54999
 20
82.40500
 42
1.000000
  0
VERTEX
 5
615
  8
TOOL_BOT
 10
60.34999
 20
82.40500
 42
1.000000
  0
VERTEX
 5
616
  8
TOOL_BOT
 10
58.54999
 20
82.40500
  0
SEQEND
  8
TOOL_BOT
  0
TEXT
  8
TOOLCODE_BOT
 10
58.50499
 20
81.95500
 40
0.900000
  1
T00
  0
POLYLINE
 5
617
  8
TOOL_BOT
 66
1
 40
0.200000
 41
0.200000
  0
VERTEX
 5
618
  8
TOOL_BOT
 10
49.70001
 20
18.39999
 42
1.000000
  0
VERTEX
 5
619
  8
TOOL_BOT
 10
53.30001
 20
18.39999
 42
1.000000
  0
VERTEX
 5
61A
  8
TOOL_BOT
 10
49.70001
 20
18.39999
  0
SEQEND
  8
TOOL_BOT
  0
TEXT
  8
TOOLCODE_BOT
 10
49.61001
 20
17.49999
 40
1.800000
  1
T00
  0
POLYLINE
 5
61B
  8
TOOL_BOT
 66
1
 40
0.200000
 41
0.200000
  0
VERTEX
 5
61C
  8
TOOL_BOT
 10
84.69999
 20
73.60001
 42
1.000000
  0
VERTEX
 5
61D
  8
TOOL_BOT
 10
88.29999
 20
73.60001
 42
1.000000
  0
VERTEX
 5
61E
  8
TOOL_BOT
 10
84.69999
 20
73.60001
  0
SEQEND
  8
TOOL_BOT
  0
TEXT
  8
TOOLCODE_BOT
 10
84.60999
 20
72.70001
 40
1.800000
  1
T00
  0
POLYLINE
 5
61F
  8
TOOL_BOT
 66
1
 40
0.200000
 41
0.200000
  0
VERTEX
 5
620
  8
TOOL_BOT
 10
50.40999
 20
81.90000
 42
1.000000
  0
VERTEX
 5
621
  8
TOOL_BOT
 10
52.78999
 20
81.90000
 42
1.000000
  0
VERTEX
 5
622
  8
TOOL_BOT
 10
50.40999
 20
81.90000
  0
SEQEND
  8
TOOL_BOT
  0
TEXT
  8
TOOLCODE_BOT
 10
50.35049
 20
81.30500
 40
1.190000
  1
T00
  0
POLYLINE
 5
623
  8
2DLINES_1
 66
1
 40
0.200000
 41
0.200000
  0
VERTEX
 5
624
  8
2DLINES_1
 10
53.65120
 20
38.11480
 42
1.000000
  0
VERTEX
 5
625
  8
2DLINES_1
 10
53.88120
 20
38.11480
 42
1.000000
  0
VERTEX
 5
626
  8
2DLINES_1
 10
53.65120
 20
38.11480
  0
SEQEND
  8
2DLINES_1
  0
POLYLINE
 5
627
  8
PLACEMENT_OUTLINE_TOP
 66
1
 40
0.200000
 41
0.200000
  0
VERTEX
 5
628
  8
PLACEMENT_OUTLINE_TOP
 10
53.65120
 20
38.11480
 42
1.000000
  0
VERTEX
 5
629
  8
PLACEMENT_OUTLINE_TOP
 10
53.88120
 20
38.11480
 42
1.000000
  0
VERTEX
 5
62A
  8
PLACEMENT_OUTLINE_TOP
 10
53.65120
 20
38.11480
  0
SEQEND
  8
PLACEMENT_OUTLINE_TOP
  0
SOLID
 5
62B
  8
PADLAYER_TOP
 10
53.36620
 20
38.26480
 11
52.66620
 21
38.26480
 12
53.36620
 22
37.96480
 13
52.66620
 23
37.96480
  0
SOLID
 5
62C
  8
PADLAYER_TOP
 10
53.36620
 20
38.76480
 11
52.66620
 21
38.76480
 12
53.36620
 22
38.46480
 13
52.66620
 23
38.46480
  0
SOLID
 5
62D
  8
PADLAYER_TOP
 10
53.36620
 20
39.26480
 11
52.66620
 21
39.26480
 12
53.36620
 22
38.96480
 13
52.66620
 23
38.96480
  0
SOLID
 5
62E
  8
PADLAYER_TOP
 10
53.36620
 20
39.76480
 11
52.66620
 21
39.76480
 12
53.36620
 22
39.46480
 13
52.66620
 23
39.46480
  0
SOLID
 5
62F
  8
PADLAYER_TOP
 10
50.46620
 20
39.76480
 11
49.76620
 21
39.76480
 12
50.46620
 22
39.46480
 13
49.76620
 23
39.46480
  0
SOLID
 5
630
  8
PADLAYER_TOP
 10
50.46620
 20
39.26480
 11
49.76620
 21
39.26480
 12
50.46620
 22
38.96480
 13
49.76620
 23
38.96480
  0
SOLID
 5
631
  8
PADLAYER_TOP
 10
50.46620
 20
38.76480
 11
49.76620
 21
38.76480
 12
50.46620
 22
38.46480
 13
49.76620
 23
38.46480
  0
SOLID
 5
632
  8
PADLAYER_TOP
 10
50.46620
 20
38.26480
 11
49.76620
 21
38.26480
 12
50.46620
 22
37.96480
 13
49.76620
 23
37.96480
  0
SOLID
 5
633
  8
PADLAYER_TOP
 10
52.44120
 20
39.67980
 11
50.69120
 21
39.67980
 12
52.44120
 22
38.04980
 13
50.69120
 23
38.04980
  0
POLYLINE
 5
634
  8
Top
 66
1
 40
0.200000
 41
0.200000
  0
VERTEX
 5
635
  8
Top
 10
89.25000
 20
61.50000
 42
1.000000
  0
VERTEX
 5
636
  8
Top
 10
95.75000
 20
61.50000
 42
1.000000
  0
VERTEX
 5
637
  8
Top
 10
89.25000
 20
61.50000
  0
SEQEND
  8
Top
  0
POLYLINE
 5
638
  8
Bottom
 66
1
 40
0.200000
 41
0.200000
  0
VERTEX
 5
639
  8
Bottom
 10
89.25000
 20
61.50000
 42
1.000000
  0
VERTEX
 5
63A
  8
Bottom
 10
95.75000
 20
61.50000
 42
1.000000
  0
VERTEX
 5
63B
  8
Bottom
 10
89.25000
 20
61.50000
  0
SEQEND
  8
Bottom
  0
POLYLINE
 5
63C
  8
LAYNR2
 66
1
 70
1
 40
2.950000
 41
2.950000
  0
VERTEX
 5
63D
  8
LAYNR2
 10
91.02500
 20
61.50000
 42
1.0
  0
VERTEX
 5
63E
  8
LAYNR2
 10
93.97500
 20
61.50000
 42
1.0
  0
SEQEND
  8
LAYNR2
  0
POLYLINE
 5
63F
  8
PLACEMENT_OUTLINE_TOP
 66
1
 40
0.025400
 41
0.025400
  0
VERTEX
 5
640
  8
PLACEMENT_OUTLINE_TOP
 10
89.40000
 20
58.40000
  0
VERTEX
 5
641
  8
PLACEMENT_OUTLINE_TOP
 10
89.40000
 20
64.60000
  0
SEQEND
  8
PLACEMENT_OUTLINE_TOP
  0
POLYLINE
 5
642
  8
PLACEMENT_OUTLINE_TOP
 66
1
 70
1
 40
0.012700
 41
0.012700
  0
VERTEX
 5
643
  8
PLACEMENT_OUTLINE_TOP
 10
89.39365
 20
58.40000
 42
1.0
  0
VERTEX
 5
644
  8
PLACEMENT_OUTLINE_TOP
 10
89.40635
 20
58.40000
 42
1.0
  0
SEQEND
  8
PLACEMENT_OUTLINE_TOP
  0
POLYLINE
 5
645
  8
PLACEMENT_OUTLINE_TOP
 66
1
 70
1
 40
0.012700
 41
0.012700
  0
VERTEX
 5
646
  8
PLACEMENT_OUTLINE_TOP
 10
89.39365
 20
64.60000
 42
1.0
  0
VERTEX
 5
647
  8
PLACEMENT_OUTLINE_TOP
 10
89.40635
 20
64.60000
 42
1.0
  0
SEQEND
  8
PLACEMENT_OUTLINE_TOP
  0
POLYLINE
 5
648
  8
PLACEMENT_OUTLINE_TOP
 66
1
 40
0.025400
 41
0.025400
  0
VERTEX
 5
649
  8
PLACEMENT_OUTLINE_TOP
 10
89.40000
 20
64.60000
  0
VERTEX
 5
64A
  8
PLACEMENT_OUTLINE_TOP
 10
95.60000
 20
64.60000
  0
SEQEND
  8
PLACEMENT_OUTLINE_TOP
  0
POLYLINE
 5
64B
  8
PLACEMENT_OUTLINE_TOP
 66
1
 70
1
 40
0.012700
 41
0.012700
  0
VERTEX
 5
64C
  8
PLACEMENT_OUTLINE_TOP
 10
89.39365
 20
64.60000
 42
1.0
  0
VERTEX
 5
64D
  8
PLACEMENT_OUTLINE_TOP
 10
89.40635
 20
64.60000
 42
1.0
  0
SEQEND
  8
PLACEMENT_OUTLINE_TOP
  0
POLYLINE
 5
64E
  8
PLACEMENT_OUTLINE_TOP
 66
1
 70
1
 40
0.012700
 41
0.012700
  0
VERTEX
 5
64F
  8
PLACEMENT_OUTLINE_TOP
 10
95.59365
 20
64.60000
 42
1.0
  0
VERTEX
 5
650
  8
PLACEMENT_OUTLINE_TOP
 10
95.60635
 20
64.60000
 42
1.0
  0
SEQEND
  8
PLACEMENT_OUTLINE_TOP
  0
POLYLINE
 5
651
  8
PLACEMENT_OUTLINE_TOP
 66
1
 40
0.025400
 41
0.025400
  0
VERTEX
 5
652
  8
PLACEMENT_OUTLINE_TOP
 10
95.60000
 20
64.60000
  0
VERTEX
 5
653
  8
PLACEMENT_OUTLINE_TOP
 10
95.60000
 20
58.40000
  0
SEQEND
  8
PLACEMENT_OUTLINE_TOP
  0
POLYLINE
 5
654
  8
PLACEMENT_OUTLINE_TOP
 66
1
 70
1
 40
0.012700
 41
0.012700
  0
VERTEX
 5
655
  8
PLACEMENT_OUTLINE_TOP
 10
95.59365
 20
64.60000
 42
1.0
  0
VERTEX
 5
656
  8
PLACEMENT_OUTLINE_TOP
 10
95.60635
 20
64.60000
 42
1.0
  0
SEQEND
  8
PLACEMENT_OUTLINE_TOP
  0
POLYLINE
 5
657
  8
PLACEMENT_OUTLINE_TOP
 66
1
 70
1
 40
0.012700
 41
0.012700
  0
VERTEX
 5
658
  8
PLACEMENT_OUTLINE_TOP
 10
95.59365
 20
58.40000
 42
1.0
  0
VERTEX
 5
659
  8
PLACEMENT_OUTLINE_TOP
 10
95.60635
 20
58.40000
 42
1.0
  0
SEQEND
  8
PLACEMENT_OUTLINE_TOP
  0
POLYLINE
 5
65A
  8
PLACEMENT_OUTLINE_TOP
 66
1
 40
0.025400
 41
0.025400
  0
VERTEX
 5
65B
  8
PLACEMENT_OUTLINE_TOP
 10
95.60000
 20
58.40000
  0
VERTEX
 5
65C
  8
PLACEMENT_OUTLINE_TOP
 10
89.40000
 20
58.40000
  0
SEQEND
  8
PLACEMENT_OUTLINE_TOP
  0
POLYLINE
 5
65D
  8
PLACEMENT_OUTLINE_TOP
 66
1
 70
1
 40
0.012700
 41
0.012700
  0
VERTEX
 5
65E
  8
PLACEMENT_OUTLINE_TOP
 10
95.59365
 20
58.40000
 42
1.0
  0
VERTEX
 5
65F
  8
PLACEMENT_OUTLINE_TOP
 10
95.60635
 20
58.40000
 42
1.0
  0
SEQEND
  8
PLACEMENT_OUTLINE_TOP
  0
POLYLINE
 5
660
  8
PLACEMENT_OUTLINE_TOP
 66
1
 70
1
 40
0.012700
 41
0.012700
  0
VERTEX
 5
661
  8
PLACEMENT_OUTLINE_TOP
 10
89.39365
 20
58.40000
 42
1.0
  0
VERTEX
 5
662
  8
PLACEMENT_OUTLINE_TOP
 10
89.40635
 20
58.40000
 42
1.0
  0
SEQEND
  8
PLACEMENT_OUTLINE_TOP
  0
TEXT
  8
LAYNR8
 10
92.10000
 20
62.20000
 40
0.725718
  1
FM
 73
 1
 11
92.10000
 21
62.20000
  0
POLYLINE
 5
663
  8
PADLAYER_TOP
 66
1
 70
1
 40
3.100000
 41
3.100000
  0
VERTEX
 5
664
  8
PADLAYER_TOP
 10
90.95000
 20
61.50000
 42
1.0
  0
VERTEX
 5
665
  8
PADLAYER_TOP
 10
94.05000
 20
61.50000
 42
1.0
  0
SEQEND
  8
PADLAYER_TOP
  0
POLYLINE
 5
666
  8
PADLAYER_BOTTOM
 66
1
 70
1
 40
3.100000
 41
3.100000
  0
VERTEX
 5
667
  8
PADLAYER_BOTTOM
 10
90.95000
 20
61.50000
 42
1.0
  0
VERTEX
 5
668
  8
PADLAYER_BOTTOM
 10
94.05000
 20
61.50000
 42
1.0
  0
SEQEND
  8
PADLAYER_BOTTOM
  0
POLYLINE
 5
669
  8
TOOL_TOP
 66
1
 40
0.025400
 41
0.025400
  0
VERTEX
 5
66A
  8
TOOL_TOP
 10
90.40500
 20
61.50000
 42
1.000000
  0
VERTEX
 5
66B
  8
TOOL_TOP
 10
94.59500
 20
61.50000
 42
1.000000
  0
VERTEX
 5
66C
  8
TOOL_TOP
 10
90.40500
 20
61.50000
  0
SEQEND
  8
TOOL_TOP
  0
TEXT
  8
TOOLCODE_TOP
 10
90.30025
 20
60.45250
 40
2.095000
  1
T00
  0
POLYLINE
 5
66D
  8
Top
 66
1
 40
0.200000
 41
0.200000
  0
VERTEX
 5
66E
  8
Top
 10
89.25000
 20
3.50000
 42
1.000000
  0
VERTEX
 5
66F
  8
Top
 10
95.75000
 20
3.50000
 42
1.000000
  0
VERTEX
 5
670
  8
Top
 10
89.25000
 20
3.50000
  0
SEQEND
  8
Top
  0
POLYLINE
 5
671
  8
Bottom
 66
1
 40
0.200000
 41
0.200000
  0
VERTEX
 5
672
  8
Bottom
 10
89.25000
 20
3.50000
 42
1.000000
  0
VERTEX
 5
673
  8
Bottom
 10
95.75000
 20
3.50000
 42
1.000000
  0
VERTEX
 5
674
  8
Bottom
 10
89.25000
 20
3.50000
  0
SEQEND
  8
Bottom
  0
POLYLINE
 5
675
  8
LAYNR2
 66
1
 70
1
 40
2.950000
 41
2.950000
  0
VERTEX
 5
676
  8
LAYNR2
 10
91.02500
 20
3.50000
 42
1.0
  0
VERTEX
 5
677
  8
LAYNR2
 10
93.97500
 20
3.50000
 42
1.0
  0
SEQEND
  8
LAYNR2
  0
POLYLINE
 5
678
  8
PLACEMENT_OUTLINE_TOP
 66
1
 40
0.025400
 41
0.025400
  0
VERTEX
 5
679
  8
PLACEMENT_OUTLINE_TOP
 10
89.40000
 20
0.40000
  0
VERTEX
 5
67A
  8
PLACEMENT_OUTLINE_TOP
 10
89.40000
 20
6.60000
  0
SEQEND
  8
PLACEMENT_OUTLINE_TOP
  0
POLYLINE
 5
67B
  8
PLACEMENT_OUTLINE_TOP
 66
1
 70
1
 40
0.012700
 41
0.012700
  0
VERTEX
 5
67C
  8
PLACEMENT_OUTLINE_TOP
 10
89.39365
 20
0.40000
 42
1.0
  0
VERTEX
 5
67D
  8
PLACEMENT_OUTLINE_TOP
 10
89.40635
 20
0.40000
 42
1.0
  0
SEQEND
  8
PLACEMENT_OUTLINE_TOP
  0
POLYLINE
 5
67E
  8
PLACEMENT_OUTLINE_TOP
 66
1
 70
1
 40
0.012700
 41
0.012700
  0
VERTEX
 5
67F
  8
PLACEMENT_OUTLINE_TOP
 10
89.39365
 20
6.60000
 42
1.0
  0
VERTEX
 5
680
  8
PLACEMENT_OUTLINE_TOP
 10
89.40635
 20
6.60000
 42
1.0
  0
SEQEND
  8
PLACEMENT_OUTLINE_TOP
  0
POLYLINE
 5
681
  8
PLACEMENT_OUTLINE_TOP
 66
1
 40
0.025400
 41
0.025400
  0
VERTEX
 5
682
  8
PLACEMENT_OUTLINE_TOP
 10
89.40000
 20
6.60000
  0
VERTEX
 5
683
  8
PLACEMENT_OUTLINE_TOP
 10
95.60000
 20
6.60000
  0
SEQEND
  8
PLACEMENT_OUTLINE_TOP
  0
POLYLINE
 5
684
  8
PLACEMENT_OUTLINE_TOP
 66
1
 70
1
 40
0.012700
 41
0.012700
  0
VERTEX
 5
685
  8
PLACEMENT_OUTLINE_TOP
 10
89.39365
 20
6.60000
 42
1.0
  0
VERTEX
 5
686
  8
PLACEMENT_OUTLINE_TOP
 10
89.40635
 20
6.60000
 42
1.0
  0
SEQEND
  8
PLACEMENT_OUTLINE_TOP
  0
POLYLINE
 5
687
  8
PLACEMENT_OUTLINE_TOP
 66
1
 70
1
 40
0.012700
 41
0.012700
  0
VERTEX
 5
688
  8
PLACEMENT_OUTLINE_TOP
 10
95.59365
 20
6.60000
 42
1.0
  0
VERTEX
 5
689
  8
PLACEMENT_OUTLINE_TOP
 10
95.60635
 20
6.60000
 42
1.0
  0
SEQEND
  8
PLACEMENT_OUTLINE_TOP
  0
POLYLINE
 5
68A
  8
PLACEMENT_OUTLINE_TOP
 66
1
 40
0.025400
 41
0.025400
  0
VERTEX
 5
68B
  8
PLACEMENT_OUTLINE_TOP
 10
95.60000
 20
6.60000
  0
VERTEX
 5
68C
  8
PLACEMENT_OUTLINE_TOP
 10
95.60000
 20
0.40000
  0
SEQEND
  8
PLACEMENT_OUTLINE_TOP
  0
POLYLINE
 5
68D
  8
PLACEMENT_OUTLINE_TOP
 66
1
 70
1
 40
0.012700
 41
0.012700
  0
VERTEX
 5
68E
  8
PLACEMENT_OUTLINE_TOP
 10
95.59365
 20
6.60000
 42
1.0
  0
VERTEX
 5
68F
  8
PLACEMENT_OUTLINE_TOP
 10
95.60635
 20
6.60000
 42
1.0
  0
SEQEND
  8
PLACEMENT_OUTLINE_TOP
  0
POLYLINE
 5
690
  8
PLACEMENT_OUTLINE_TOP
 66
1
 70
1
 40
0.012700
 41
0.012700
  0
VERTEX
 5
691
  8
PLACEMENT_OUTLINE_TOP
 10
95.59365
 20
0.40000
 42
1.0
  0
VERTEX
 5
692
  8
PLACEMENT_OUTLINE_TOP
 10
95.60635
 20
0.40000
 42
1.0
  0
SEQEND
  8
PLACEMENT_OUTLINE_TOP
  0
POLYLINE
 5
693
  8
PLACEMENT_OUTLINE_TOP
 66
1
 40
0.025400
 41
0.025400
  0
VERTEX
 5
694
  8
PLACEMENT_OUTLINE_TOP
 10
95.60000
 20
0.40000
  0
VERTEX
 5
695
  8
PLACEMENT_OUTLINE_TOP
 10
89.40000
 20
0.40000
  0
SEQEND
  8
PLACEMENT_OUTLINE_TOP
  0
POLYLINE
 5
696
  8
PLACEMENT_OUTLINE_TOP
 66
1
 70
1
 40
0.012700
 41
0.012700
  0
VERTEX
 5
697
  8
PLACEMENT_OUTLINE_TOP
 10
95.59365
 20
0.40000
 42
1.0
  0
VERTEX
 5
698
  8
PLACEMENT_OUTLINE_TOP
 10
95.60635
 20
0.40000
 42
1.0
  0
SEQEND
  8
PLACEMENT_OUTLINE_TOP
  0
POLYLINE
 5
699
  8
PLACEMENT_OUTLINE_TOP
 66
1
 70
1
 40
0.012700
 41
0.012700
  0
VERTEX
 5
69A
  8
PLACEMENT_OUTLINE_TOP
 10
89.39365
 20
0.40000
 42
1.0
  0
VERTEX
 5
69B
  8
PLACEMENT_OUTLINE_TOP
 10
89.40635
 20
0.40000
 42
1.0
  0
SEQEND
  8
PLACEMENT_OUTLINE_TOP
  0
TEXT
  8
LAYNR8
 10
92.10000
 20
4.20000
 40
0.725718
  1
FM
 73
 1
 11
92.10000
 21
4.20000
  0
POLYLINE
 5
69C
  8
PADLAYER_TOP
 66
1
 70
1
 40
3.100000
 41
3.100000
  0
VERTEX
 5
69D
  8
PADLAYER_TOP
 10
90.95000
 20
3.50000
 42
1.0
  0
VERTEX
 5
69E
  8
PADLAYER_TOP
 10
94.05000
 20
3.50000
 42
1.0
  0
SEQEND
  8
PADLAYER_TOP
  0
POLYLINE
 5
69F
  8
PADLAYER_BOTTOM
 66
1
 70
1
 40
3.100000
 41
3.100000
  0
VERTEX
 5
6A0
  8
PADLAYER_BOTTOM
 10
90.95000
 20
3.50000
 42
1.0
  0
VERTEX
 5
6A1
  8
PADLAYER_BOTTOM
 10
94.05000
 20
3.50000
 42
1.0
  0
SEQEND
  8
PADLAYER_BOTTOM
  0
POLYLINE
 5
6A2
  8
TOOL_TOP
 66
1
 40
0.025400
 41
0.025400
  0
VERTEX
 5
6A3
  8
TOOL_TOP
 10
90.40500
 20
3.50000
 42
1.000000
  0
VERTEX
 5
6A4
  8
TOOL_TOP
 10
94.59500
 20
3.50000
 42
1.000000
  0
VERTEX
 5
6A5
  8
TOOL_TOP
 10
90.40500
 20
3.50000
  0
SEQEND
  8
TOOL_TOP
  0
TEXT
  8
TOOLCODE_TOP
 10
90.30025
 20
2.45250
 40
2.095000
  1
T00
  0
POLYLINE
 5
6A6
  8
2DLINES_1
 66
1
 40
0.150000
 41
0.150000
  0
VERTEX
 5
6A7
  8
2DLINES_1
 10
90.65000
 20
47.33000
  0
VERTEX
 5
6A8
  8
2DLINES_1
 10
90.65000
 20
56.27000
  0
SEQEND
  8
2DLINES_1
  0
POLYLINE
 5
6A9
  8
2DLINES_1
 66
1
 70
1
 40
0.075000
 41
0.075000
  0
VERTEX
 5
6AA
  8
2DLINES_1
 10
90.61250
 20
47.33000
 42
1.0
  0
VERTEX
 5
6AB
  8
2DLINES_1
 10
90.68750
 20
47.33000
 42
1.0
  0
SEQEND
  8
2DLINES_1
  0
POLYLINE
 5
6AC
  8
2DLINES_1
 66
1
 70
1
 40
0.075000
 41
0.075000
  0
VERTEX
 5
6AD
  8
2DLINES_1
 10
90.61250
 20
56.27000
 42
1.0
  0
VERTEX
 5
6AE
  8
2DLINES_1
 10
90.68750
 20
56.27000
 42
1.0
  0
SEQEND
  8
2DLINES_1
  0
POLYLINE
 5
6AF
  8
2DLINES_1
 66
1
 40
0.150000
 41
0.150000
  0
VERTEX
 5
6B0
  8
2DLINES_1
 10
90.65000
 20
56.27000
  0
VERTEX
 5
6B1
  8
2DLINES_1
 10
97.50000
 20
56.27000
  0
SEQEND
  8
2DLINES_1
  0
POLYLINE
 5
6B2
  8
2DLINES_1
 66
1
 70
1
 40
0.075000
 41
0.075000
  0
VERTEX
 5
6B3
  8
2DLINES_1
 10
90.61250
 20
56.27000
 42
1.0
  0
VERTEX
 5
6B4
  8
2DLINES_1
 10
90.68750
 20
56.27000
 42
1.0
  0
SEQEND
  8
2DLINES_1
  0
POLYLINE
 5
6B5
  8
2DLINES_1
 66
1
 70
1
 40
0.075000
 41
0.075000
  0
VERTEX
 5
6B6
  8
2DLINES_1
 10
97.46250
 20
56.27000
 42
1.0
  0
VERTEX
 5
6B7
  8
2DLINES_1
 10
97.53750
 20
56.27000
 42
1.0
  0
SEQEND
  8
2DLINES_1
  0
POLYLINE
 5
6B8
  8
2DLINES_1
 66
1
 40
0.150000
 41
0.150000
  0
VERTEX
 5
6B9
  8
2DLINES_1
 10
97.50000
 20
56.27000
  0
VERTEX
 5
6BA
  8
2DLINES_1
 10
97.50000
 20
47.33000
  0
SEQEND
  8
2DLINES_1
  0
POLYLINE
 5
6BB
  8
2DLINES_1
 66
1
 70
1
 40
0.075000
 41
0.075000
  0
VERTEX
 5
6BC
  8
2DLINES_1
 10
97.46250
 20
56.27000
 42
1.0
  0
VERTEX
 5
6BD
  8
2DLINES_1
 10
97.53750
 20
56.27000
 42
1.0
  0
SEQEND
  8
2DLINES_1
  0
POLYLINE
 5
6BE
  8
2DLINES_1
 66
1
 70
1
 40
0.075000
 41
0.075000
  0
VERTEX
 5
6BF
  8
2DLINES_1
 10
97.46250
 20
47.33000
 42
1.0
  0
VERTEX
 5
6C0
  8
2DLINES_1
 10
97.53750
 20
47.33000
 42
1.0
  0
SEQEND
  8
2DLINES_1
  0
POLYLINE
 5
6C1
  8
2DLINES_1
 66
1
 40
0.150000
 41
0.150000
  0
VERTEX
 5
6C2
  8
2DLINES_1
 10
97.50000
 20
47.33000
  0
VERTEX
 5
6C3
  8
2DLINES_1
 10
90.65000
 20
47.33000
  0
SEQEND
  8
2DLINES_1
  0
POLYLINE
 5
6C4
  8
2DLINES_1
 66
1
 70
1
 40
0.075000
 41
0.075000
  0
VERTEX
 5
6C5
  8
2DLINES_1
 10
97.46250
 20
47.33000
 42
1.0
  0
VERTEX
 5
6C6
  8
2DLINES_1
 10
97.53750
 20
47.33000
 42
1.0
  0
SEQEND
  8
2DLINES_1
  0
POLYLINE
 5
6C7
  8
2DLINES_1
 66
1
 70
1
 40
0.075000
 41
0.075000
  0
VERTEX
 5
6C8
  8
2DLINES_1
 10
90.61250
 20
47.33000
 42
1.0
  0
VERTEX
 5
6C9
  8
2DLINES_1
 10
90.68750
 20
47.33000
 42
1.0
  0
SEQEND
  8
2DLINES_1
  0
POLYLINE
 5
6CA
  8
PLACEMENT_OUTLINE_TOP
 66
1
 40
0.150000
 41
0.150000
  0
VERTEX
 5
6CB
  8
PLACEMENT_OUTLINE_TOP
 10
90.65000
 20
47.33000
  0
VERTEX
 5
6CC
  8
PLACEMENT_OUTLINE_TOP
 10
90.65000
 20
56.27000
  0
SEQEND
  8
PLACEMENT_OUTLINE_TOP
  0
POLYLINE
 5
6CD
  8
PLACEMENT_OUTLINE_TOP
 66
1
 70
1
 40
0.075000
 41
0.075000
  0
VERTEX
 5
6CE
  8
PLACEMENT_OUTLINE_TOP
 10
90.61250
 20
47.33000
 42
1.0
  0
VERTEX
 5
6CF
  8
PLACEMENT_OUTLINE_TOP
 10
90.68750
 20
47.33000
 42
1.0
  0
SEQEND
  8
PLACEMENT_OUTLINE_TOP
  0
POLYLINE
 5
6D0
  8
PLACEMENT_OUTLINE_TOP
 66
1
 70
1
 40
0.075000
 41
0.075000
  0
VERTEX
 5
6D1
  8
PLACEMENT_OUTLINE_TOP
 10
90.61250
 20
56.27000
 42
1.0
  0
VERTEX
 5
6D2
  8
PLACEMENT_OUTLINE_TOP
 10
90.68750
 20
56.27000
 42
1.0
  0
SEQEND
  8
PLACEMENT_OUTLINE_TOP
  0
POLYLINE
 5
6D3
  8
PLACEMENT_OUTLINE_TOP
 66
1
 40
0.150000
 41
0.150000
  0
VERTEX
 5
6D4
  8
PLACEMENT_OUTLINE_TOP
 10
90.65000
 20
56.27000
  0
VERTEX
 5
6D5
  8
PLACEMENT_OUTLINE_TOP
 10
97.50000
 20
56.27000
  0
SEQEND
  8
PLACEMENT_OUTLINE_TOP
  0
POLYLINE
 5
6D6
  8
PLACEMENT_OUTLINE_TOP
 66
1
 70
1
 40
0.075000
 41
0.075000
  0
VERTEX
 5
6D7
  8
PLACEMENT_OUTLINE_TOP
 10
90.61250
 20
56.27000
 42
1.0
  0
VERTEX
 5
6D8
  8
PLACEMENT_OUTLINE_TOP
 10
90.68750
 20
56.27000
 42
1.0
  0
SEQEND
  8
PLACEMENT_OUTLINE_TOP
  0
POLYLINE
 5
6D9
  8
PLACEMENT_OUTLINE_TOP
 66
1
 70
1
 40
0.075000
 41
0.075000
  0
VERTEX
 5
6DA
  8
PLACEMENT_OUTLINE_TOP
 10
97.46250
 20
56.27000
 42
1.0
  0
VERTEX
 5
6DB
  8
PLACEMENT_OUTLINE_TOP
 10
97.53750
 20
56.27000
 42
1.0
  0
SEQEND
  8
PLACEMENT_OUTLINE_TOP
  0
POLYLINE
 5
6DC
  8
PLACEMENT_OUTLINE_TOP
 66
1
 40
0.150000
 41
0.150000
  0
VERTEX
 5
6DD
  8
PLACEMENT_OUTLINE_TOP
 10
97.50000
 20
56.27000
  0
VERTEX
 5
6DE
  8
PLACEMENT_OUTLINE_TOP
 10
97.50000
 20
47.33000
  0
SEQEND
  8
PLACEMENT_OUTLINE_TOP
  0
POLYLINE
 5
6DF
  8
PLACEMENT_OUTLINE_TOP
 66
1
 70
1
 40
0.075000
 41
0.075000
  0
VERTEX
 5
6E0
  8
PLACEMENT_OUTLINE_TOP
 10
97.46250
 20
56.27000
 42
1.0
  0
VERTEX
 5
6E1
  8
PLACEMENT_OUTLINE_TOP
 10
97.53750
 20
56.27000
 42
1.0
  0
SEQEND
  8
PLACEMENT_OUTLINE_TOP
  0
POLYLINE
 5
6E2
  8
PLACEMENT_OUTLINE_TOP
 66
1
 70
1
 40
0.075000
 41
0.075000
  0
VERTEX
 5
6E3
  8
PLACEMENT_OUTLINE_TOP
 10
97.46250
 20
47.33000
 42
1.0
  0
VERTEX
 5
6E4
  8
PLACEMENT_OUTLINE_TOP
 10
97.53750
 20
47.33000
 42
1.0
  0
SEQEND
  8
PLACEMENT_OUTLINE_TOP
  0
POLYLINE
 5
6E5
  8
PLACEMENT_OUTLINE_TOP
 66
1
 40
0.150000
 41
0.150000
  0
VERTEX
 5
6E6
  8
PLACEMENT_OUTLINE_TOP
 10
97.50000
 20
47.33000
  0
VERTEX
 5
6E7
  8
PLACEMENT_OUTLINE_TOP
 10
90.65000
 20
47.33000
  0
SEQEND
  8
PLACEMENT_OUTLINE_TOP
  0
POLYLINE
 5
6E8
  8
PLACEMENT_OUTLINE_TOP
 66
1
 70
1
 40
0.075000
 41
0.075000
  0
VERTEX
 5
6E9
  8
PLACEMENT_OUTLINE_TOP
 10
97.46250
 20
47.33000
 42
1.0
  0
VERTEX
 5
6EA
  8
PLACEMENT_OUTLINE_TOP
 10
97.53750
 20
47.33000
 42
1.0
  0
SEQEND
  8
PLACEMENT_OUTLINE_TOP
  0
POLYLINE
 5
6EB
  8
PLACEMENT_OUTLINE_TOP
 66
1
 70
1
 40
0.075000
 41
0.075000
  0
VERTEX
 5
6EC
  8
PLACEMENT_OUTLINE_TOP
 10
90.61250
 20
47.33000
 42
1.0
  0
VERTEX
 5
6ED
  8
PLACEMENT_OUTLINE_TOP
 10
90.68750
 20
47.33000
 42
1.0
  0
SEQEND
  8
PLACEMENT_OUTLINE_TOP
  0
SOLID
 5
6EE
  8
PADLAYER_TOP
 10
91.70000
 20
51.65000
 11
89.90000
 21
51.65000
 12
91.70000
 22
50.95000
 13
89.90000
 23
50.95000
  0
SOLID
 5
6EF
  8
PADLAYER_TOP
 10
91.70000
 20
52.65000
 11
89.90000
 21
52.65000
 12
91.70000
 22
51.95000
 13
89.90000
 23
51.95000
  0
SOLID
 5
6F0
  8
PADLAYER_TOP
 10
91.70000
 20
53.67000
 11
89.90000
 21
53.67000
 12
91.70000
 22
52.97000
 13
89.90000
 23
52.97000
  0
SOLID
 5
6F1
  8
PADLAYER_TOP
 10
91.70000
 20
50.63000
 11
89.90000
 21
50.63000
 12
91.70000
 22
49.93000
 13
89.90000
 23
49.93000
  0
SOLID
 5
6F2
  8
PADLAYER_TOP
 10
91.70000
 20
49.45000
 11
89.90000
 21
49.45000
 12
91.70000
 22
48.65000
 13
89.90000
 23
48.65000
  0
SOLID
 5
6F3
  8
PADLAYER_TOP
 10
91.70000
 20
54.95000
 11
89.90000
 21
54.95000
 12
91.70000
 22
54.15000
 13
89.90000
 23
54.15000
  0
SOLID
 5
6F4
  8
PADLAYER_TOP
 10
91.40000
 20
48.03000
 11
90.80000
 21
48.03000
 12
91.40000
 22
46.93000
 13
90.80000
 23
46.93000
  0
POLYLINE
 5
6F5
  8
PADLAYER_TOP
 66
1
 70
1
 40
0.550000
 41
0.550000
  0
VERTEX
 5
6F6
  8
PADLAYER_TOP
 10
91.12500
 20
47.48000
 42
1.0
  0
VERTEX
 5
6F7
  8
PADLAYER_TOP
 10
91.67500
 20
47.48000
 42
1.0
  0
SEQEND
  8
PADLAYER_TOP
  0
POLYLINE
 5
6F8
  8
PADLAYER_TOP
 66
1
 70
1
 40
0.550000
 41
0.550000
  0
VERTEX
 5
6F9
  8
PADLAYER_TOP
 10
90.52500
 20
47.48000
 42
1.0
  0
VERTEX
 5
6FA
  8
PADLAYER_TOP
 10
91.07500
 20
47.48000
 42
1.0
  0
SEQEND
  8
PADLAYER_TOP
  0
SOLID
 5
6FB
  8
PADLAYER_BOTTOM
 10
91.40000
 20
48.03000
 11
90.80000
 21
48.03000
 12
91.40000
 22
46.93000
 13
90.80000
 23
46.93000
  0
POLYLINE
 5
6FC
  8
PADLAYER_BOTTOM
 66
1
 70
1
 40
0.550000
 41
0.550000
  0
VERTEX
 5
6FD
  8
PADLAYER_BOTTOM
 10
91.12500
 20
47.48000
 42
1.0
  0
VERTEX
 5
6FE
  8
PADLAYER_BOTTOM
 10
91.67500
 20
47.48000
 42
1.0
  0
SEQEND
  8
PADLAYER_BOTTOM
  0
POLYLINE
 5
6FF
  8
PADLAYER_BOTTOM
 66
1
 70
1
 40
0.550000
 41
0.550000
  0
VERTEX
 5
700
  8
PADLAYER_BOTTOM
 10
90.52500
 20
47.48000
 42
1.0
  0
VERTEX
 5
701
  8
PADLAYER_BOTTOM
 10
91.07500
 20
47.48000
 42
1.0
  0
SEQEND
  8
PADLAYER_BOTTOM
  0
POLYLINE
 5
702
  8
DRILLHOLE
 66
1
 40
0.001000
 41
0.001000
  0
VERTEX
 5
703
  8
DRILLHOLE
 10
90.80000
 20
47.18000
 42
-1.000000
  0
VERTEX
 5
704
  8
DRILLHOLE
 10
90.80000
 20
47.78000
  0
SEQEND
  8
DRILLHOLE
  0
POLYLINE
 5
705
  8
DRILLHOLE
 66
1
 70
1
 40
0.000500
 41
0.000500
  0
VERTEX
 5
706
  8
DRILLHOLE
 10
90.79975
 20
47.18000
 42
1.0
  0
VERTEX
 5
707
  8
DRILLHOLE
 10
90.80025
 20
47.18000
 42
1.0
  0
SEQEND
  8
DRILLHOLE
  0
POLYLINE
 5
708
  8
DRILLHOLE
 66
1
 70
1
 40
0.000500
 41
0.000500
  0
VERTEX
 5
709
  8
DRILLHOLE
 10
90.79975
 20
47.78000
 42
1.0
  0
VERTEX
 5
70A
  8
DRILLHOLE
 10
90.80025
 20
47.78000
 42
1.0
  0
SEQEND
  8
DRILLHOLE
  0
POLYLINE
 5
70B
  8
DRILLHOLE
 66
1
 40
0.001000
 41
0.001000
  0
VERTEX
 5
70C
  8
DRILLHOLE
 10
90.80000
 20
47.78000
  0
VERTEX
 5
70D
  8
DRILLHOLE
 10
91.40000
 20
47.78000
 42
-1.000000
  0
SEQEND
  8
DRILLHOLE
  0
POLYLINE
 5
70E
  8
DRILLHOLE
 66
1
 70
1
 40
0.000500
 41
0.000500
  0
VERTEX
 5
70F
  8
DRILLHOLE
 10
90.79975
 20
47.78000
 42
1.0
  0
VERTEX
 5
710
  8
DRILLHOLE
 10
90.80025
 20
47.78000
 42
1.0
  0
SEQEND
  8
DRILLHOLE
  0
POLYLINE
 5
711
  8
DRILLHOLE
 66
1
 70
1
 40
0.000500
 41
0.000500
  0
VERTEX
 5
712
  8
DRILLHOLE
 10
91.39975
 20
47.78000
 42
1.0
  0
VERTEX
 5
713
  8
DRILLHOLE
 10
91.40025
 20
47.78000
 42
1.0
  0
SEQEND
  8
DRILLHOLE
  0
POLYLINE
 5
714
  8
DRILLHOLE
 66
1
 40
0.001000
 41
0.001000
  0
VERTEX
 5
715
  8
DRILLHOLE
 10
91.40000
 20
47.78000
 42
-1.000000
  0
VERTEX
 5
716
  8
DRILLHOLE
 10
91.40000
 20
47.18000
  0
SEQEND
  8
DRILLHOLE
  0
POLYLINE
 5
717
  8
DRILLHOLE
 66
1
 70
1
 40
0.000500
 41
0.000500
  0
VERTEX
 5
718
  8
DRILLHOLE
 10
91.39975
 20
47.78000
 42
1.0
  0
VERTEX
 5
719
  8
DRILLHOLE
 10
91.40025
 20
47.78000
 42
1.0
  0
SEQEND
  8
DRILLHOLE
  0
POLYLINE
 5
71A
  8
DRILLHOLE
 66
1
 70
1
 40
0.000500
 41
0.000500
  0
VERTEX
 5
71B
  8
DRILLHOLE
 10
91.39975
 20
47.18000
 42
1.0
  0
VERTEX
 5
71C
  8
DRILLHOLE
 10
91.40025
 20
47.18000
 42
1.0
  0
SEQEND
  8
DRILLHOLE
  0
POLYLINE
 5
71D
  8
DRILLHOLE
 66
1
 40
0.001000
 41
0.001000
  0
VERTEX
 5
71E
  8
DRILLHOLE
 10
91.40000
 20
47.18000
  0
VERTEX
 5
71F
  8
DRILLHOLE
 10
90.80000
 20
47.18000
  0
SEQEND
  8
DRILLHOLE
  0
POLYLINE
 5
720
  8
DRILLHOLE
 66
1
 70
1
 40
0.000500
 41
0.000500
  0
VERTEX
 5
721
  8
DRILLHOLE
 10
91.39975
 20
47.18000
 42
1.0
  0
VERTEX
 5
722
  8
DRILLHOLE
 10
91.40025
 20
47.18000
 42
1.0
  0
SEQEND
  8
DRILLHOLE
  0
POLYLINE
 5
723
  8
DRILLHOLE
 66
1
 70
1
 40
0.000500
 41
0.000500
  0
VERTEX
 5
724
  8
DRILLHOLE
 10
90.79975
 20
47.18000
 42
1.0
  0
VERTEX
 5
725
  8
DRILLHOLE
 10
90.80025
 20
47.18000
 42
1.0
  0
SEQEND
  8
DRILLHOLE
  0
SOLID
 5
726
  8
PADLAYER_TOP
 10
91.40000
 20
56.67000
 11
90.80000
 21
56.67000
 12
91.40000
 22
55.57000
 13
90.80000
 23
55.57000
  0
POLYLINE
 5
727
  8
PADLAYER_TOP
 66
1
 70
1
 40
0.550000
 41
0.550000
  0
VERTEX
 5
728
  8
PADLAYER_TOP
 10
91.12500
 20
56.12000
 42
1.0
  0
VERTEX
 5
729
  8
PADLAYER_TOP
 10
91.67500
 20
56.12000
 42
1.0
  0
SEQEND
  8
PADLAYER_TOP
  0
POLYLINE
 5
72A
  8
PADLAYER_TOP
 66
1
 70
1
 40
0.550000
 41
0.550000
  0
VERTEX
 5
72B
  8
PADLAYER_TOP
 10
90.52500
 20
56.12000
 42
1.0
  0
VERTEX
 5
72C
  8
PADLAYER_TOP
 10
91.07500
 20
56.12000
 42
1.0
  0
SEQEND
  8
PADLAYER_TOP
  0
SOLID
 5
72D
  8
PADLAYER_BOTTOM
 10
91.40000
 20
56.67000
 11
90.80000
 21
56.67000
 12
91.40000
 22
55.57000
 13
90.80000
 23
55.57000
  0
POLYLINE
 5
72E
  8
PADLAYER_BOTTOM
 66
1
 70
1
 40
0.550000
 41
0.550000
  0
VERTEX
 5
72F
  8
PADLAYER_BOTTOM
 10
91.12500
 20
56.12000
 42
1.0
  0
VERTEX
 5
730
  8
PADLAYER_BOTTOM
 10
91.67500
 20
56.12000
 42
1.0
  0
SEQEND
  8
PADLAYER_BOTTOM
  0
POLYLINE
 5
731
  8
PADLAYER_BOTTOM
 66
1
 70
1
 40
0.550000
 41
0.550000
  0
VERTEX
 5
732
  8
PADLAYER_BOTTOM
 10
90.52500
 20
56.12000
 42
1.0
  0
VERTEX
 5
733
  8
PADLAYER_BOTTOM
 10
91.07500
 20
56.12000
 42
1.0
  0
SEQEND
  8
PADLAYER_BOTTOM
  0
POLYLINE
 5
734
  8
DRILLHOLE
 66
1
 40
0.001000
 41
0.001000
  0
VERTEX
 5
735
  8
DRILLHOLE
 10
90.80000
 20
55.82000
 42
-1.000000
  0
VERTEX
 5
736
  8
DRILLHOLE
 10
90.80000
 20
56.42000
  0
SEQEND
  8
DRILLHOLE
  0
POLYLINE
 5
737
  8
DRILLHOLE
 66
1
 70
1
 40
0.000500
 41
0.000500
  0
VERTEX
 5
738
  8
DRILLHOLE
 10
90.79975
 20
55.82000
 42
1.0
  0
VERTEX
 5
739
  8
DRILLHOLE
 10
90.80025
 20
55.82000
 42
1.0
  0
SEQEND
  8
DRILLHOLE
  0
POLYLINE
 5
73A
  8
DRILLHOLE
 66
1
 70
1
 40
0.000500
 41
0.000500
  0
VERTEX
 5
73B
  8
DRILLHOLE
 10
90.79975
 20
56.42000
 42
1.0
  0
VERTEX
 5
73C
  8
DRILLHOLE
 10
90.80025
 20
56.42000
 42
1.0
  0
SEQEND
  8
DRILLHOLE
  0
POLYLINE
 5
73D
  8
DRILLHOLE
 66
1
 40
0.001000
 41
0.001000
  0
VERTEX
 5
73E
  8
DRILLHOLE
 10
90.80000
 20
56.42000
  0
VERTEX
 5
73F
  8
DRILLHOLE
 10
91.40000
 20
56.42000
 42
-1.000000
  0
SEQEND
  8
DRILLHOLE
  0
POLYLINE
 5
740
  8
DRILLHOLE
 66
1
 70
1
 40
0.000500
 41
0.000500
  0
VERTEX
 5
741
  8
DRILLHOLE
 10
90.79975
 20
56.42000
 42
1.0
  0
VERTEX
 5
742
  8
DRILLHOLE
 10
90.80025
 20
56.42000
 42
1.0
  0
SEQEND
  8
DRILLHOLE
  0
POLYLINE
 5
743
  8
DRILLHOLE
 66
1
 70
1
 40
0.000500
 41
0.000500
  0
VERTEX
 5
744
  8
DRILLHOLE
 10
91.39975
 20
56.42000
 42
1.0
  0
VERTEX
 5
745
  8
DRILLHOLE
 10
91.40025
 20
56.42000
 42
1.0
  0
SEQEND
  8
DRILLHOLE
  0
POLYLINE
 5
746
  8
DRILLHOLE
 66
1
 40
0.001000
 41
0.001000
  0
VERTEX
 5
747
  8
DRILLHOLE
 10
91.40000
 20
56.42000
 42
-1.000000
  0
VERTEX
 5
748
  8
DRILLHOLE
 10
91.40000
 20
55.82000
  0
SEQEND
  8
DRILLHOLE
  0
POLYLINE
 5
749
  8
DRILLHOLE
 66
1
 70
1
 40
0.000500
 41
0.000500
  0
VERTEX
 5
74A
  8
DRILLHOLE
 10
91.39975
 20
56.42000
 42
1.0
  0
VERTEX
 5
74B
  8
DRILLHOLE
 10
91.40025
 20
56.42000
 42
1.0
  0
SEQEND
  8
DRILLHOLE
  0
POLYLINE
 5
74C
  8
DRILLHOLE
 66
1
 70
1
 40
0.000500
 41
0.000500
  0
VERTEX
 5
74D
  8
DRILLHOLE
 10
91.39975
 20
55.82000
 42
1.0
  0
VERTEX
 5
74E
  8
DRILLHOLE
 10
91.40025
 20
55.82000
 42
1.0
  0
SEQEND
  8
DRILLHOLE
  0
POLYLINE
 5
74F
  8
DRILLHOLE
 66
1
 40
0.001000
 41
0.001000
  0
VERTEX
 5
750
  8
DRILLHOLE
 10
91.40000
 20
55.82000
  0
VERTEX
 5
751
  8
DRILLHOLE
 10
90.80000
 20
55.82000
  0
SEQEND
  8
DRILLHOLE
  0
POLYLINE
 5
752
  8
DRILLHOLE
 66
1
 70
1
 40
0.000500
 41
0.000500
  0
VERTEX
 5
753
  8
DRILLHOLE
 10
91.39975
 20
55.82000
 42
1.0
  0
VERTEX
 5
754
  8
DRILLHOLE
 10
91.40025
 20
55.82000
 42
1.0
  0
SEQEND
  8
DRILLHOLE
  0
POLYLINE
 5
755
  8
DRILLHOLE
 66
1
 70
1
 40
0.000500
 41
0.000500
  0
VERTEX
 5
756
  8
DRILLHOLE
 10
90.79975
 20
55.82000
 42
1.0
  0
VERTEX
 5
757
  8
DRILLHOLE
 10
90.80025
 20
55.82000
 42
1.0
  0
SEQEND
  8
DRILLHOLE
  0
SOLID
 5
758
  8
PADLAYER_TOP
 10
95.20000
 20
48.03000
 11
94.60000
 21
48.03000
 12
95.20000
 22
46.93000
 13
94.60000
 23
46.93000
  0
POLYLINE
 5
759
  8
PADLAYER_TOP
 66
1
 70
1
 40
0.550000
 41
0.550000
  0
VERTEX
 5
75A
  8
PADLAYER_TOP
 10
94.92500
 20
47.48000
 42
1.0
  0
VERTEX
 5
75B
  8
PADLAYER_TOP
 10
95.47500
 20
47.48000
 42
1.0
  0
SEQEND
  8
PADLAYER_TOP
  0
POLYLINE
 5
75C
  8
PADLAYER_TOP
 66
1
 70
1
 40
0.550000
 41
0.550000
  0
VERTEX
 5
75D
  8
PADLAYER_TOP
 10
94.32500
 20
47.48000
 42
1.0
  0
VERTEX
 5
75E
  8
PADLAYER_TOP
 10
94.87500
 20
47.48000
 42
1.0
  0
SEQEND
  8
PADLAYER_TOP
  0
SOLID
 5
75F
  8
PADLAYER_BOTTOM
 10
95.20000
 20
48.03000
 11
94.60000
 21
48.03000
 12
95.20000
 22
46.93000
 13
94.60000
 23
46.93000
  0
POLYLINE
 5
760
  8
PADLAYER_BOTTOM
 66
1
 70
1
 40
0.550000
 41
0.550000
  0
VERTEX
 5
761
  8
PADLAYER_BOTTOM
 10
94.92500
 20
47.48000
 42
1.0
  0
VERTEX
 5
762
  8
PADLAYER_BOTTOM
 10
95.47500
 20
47.48000
 42
1.0
  0
SEQEND
  8
PADLAYER_BOTTOM
  0
POLYLINE
 5
763
  8
PADLAYER_BOTTOM
 66
1
 70
1
 40
0.550000
 41
0.550000
  0
VERTEX
 5
764
  8
PADLAYER_BOTTOM
 10
94.32500
 20
47.48000
 42
1.0
  0
VERTEX
 5
765
  8
PADLAYER_BOTTOM
 10
94.87500
 20
47.48000
 42
1.0
  0
SEQEND
  8
PADLAYER_BOTTOM
  0
POLYLINE
 5
766
  8
DRILLHOLE
 66
1
 40
0.001000
 41
0.001000
  0
VERTEX
 5
767
  8
DRILLHOLE
 10
94.60000
 20
47.18000
 42
-1.000000
  0
VERTEX
 5
768
  8
DRILLHOLE
 10
94.60000
 20
47.78000
  0
SEQEND
  8
DRILLHOLE
  0
POLYLINE
 5
769
  8
DRILLHOLE
 66
1
 70
1
 40
0.000500
 41
0.000500
  0
VERTEX
 5
76A
  8
DRILLHOLE
 10
94.59975
 20
47.18000
 42
1.0
  0
VERTEX
 5
76B
  8
DRILLHOLE
 10
94.60025
 20
47.18000
 42
1.0
  0
SEQEND
  8
DRILLHOLE
  0
POLYLINE
 5
76C
  8
DRILLHOLE
 66
1
 70
1
 40
0.000500
 41
0.000500
  0
VERTEX
 5
76D
  8
DRILLHOLE
 10
94.59975
 20
47.78000
 42
1.0
  0
VERTEX
 5
76E
  8
DRILLHOLE
 10
94.60025
 20
47.78000
 42
1.0
  0
SEQEND
  8
DRILLHOLE
  0
POLYLINE
 5
76F
  8
DRILLHOLE
 66
1
 40
0.001000
 41
0.001000
  0
VERTEX
 5
770
  8
DRILLHOLE
 10
94.60000
 20
47.78000
  0
VERTEX
 5
771
  8
DRILLHOLE
 10
95.20000
 20
47.78000
 42
-1.000000
  0
SEQEND
  8
DRILLHOLE
  0
POLYLINE
 5
772
  8
DRILLHOLE
 66
1
 70
1
 40
0.000500
 41
0.000500
  0
VERTEX
 5
773
  8
DRILLHOLE
 10
94.59975
 20
47.78000
 42
1.0
  0
VERTEX
 5
774
  8
DRILLHOLE
 10
94.60025
 20
47.78000
 42
1.0
  0
SEQEND
  8
DRILLHOLE
  0
POLYLINE
 5
775
  8
DRILLHOLE
 66
1
 70
1
 40
0.000500
 41
0.000500
  0
VERTEX
 5
776
  8
DRILLHOLE
 10
95.19975
 20
47.78000
 42
1.0
  0
VERTEX
 5
777
  8
DRILLHOLE
 10
95.20025
 20
47.78000
 42
1.0
  0
SEQEND
  8
DRILLHOLE
  0
POLYLINE
 5
778
  8
DRILLHOLE
 66
1
 40
0.001000
 41
0.001000
  0
VERTEX
 5
779
  8
DRILLHOLE
 10
95.20000
 20
47.78000
 42
-1.000000
  0
VERTEX
 5
77A
  8
DRILLHOLE
 10
95.20000
 20
47.18000
  0
SEQEND
  8
DRILLHOLE
  0
POLYLINE
 5
77B
  8
DRILLHOLE
 66
1
 70
1
 40
0.000500
 41
0.000500
  0
VERTEX
 5
77C
  8
DRILLHOLE
 10
95.19975
 20
47.78000
 42
1.0
  0
VERTEX
 5
77D
  8
DRILLHOLE
 10
95.20025
 20
47.78000
 42
1.0
  0
SEQEND
  8
DRILLHOLE
  0
POLYLINE
 5
77E
  8
DRILLHOLE
 66
1
 70
1
 40
0.000500
 41
0.000500
  0
VERTEX
 5
77F
  8
DRILLHOLE
 10
95.19975
 20
47.18000
 42
1.0
  0
VERTEX
 5
780
  8
DRILLHOLE
 10
95.20025
 20
47.18000
 42
1.0
  0
SEQEND
  8
DRILLHOLE
  0
POLYLINE
 5
781
  8
DRILLHOLE
 66
1
 40
0.001000
 41
0.001000
  0
VERTEX
 5
782
  8
DRILLHOLE
 10
95.20000
 20
47.18000
  0
VERTEX
 5
783
  8
DRILLHOLE
 10
94.60000
 20
47.18000
  0
SEQEND
  8
DRILLHOLE
  0
POLYLINE
 5
784
  8
DRILLHOLE
 66
1
 70
1
 40
0.000500
 41
0.000500
  0
VERTEX
 5
785
  8
DRILLHOLE
 10
95.19975
 20
47.18000
 42
1.0
  0
VERTEX
 5
786
  8
DRILLHOLE
 10
95.20025
 20
47.18000
 42
1.0
  0
SEQEND
  8
DRILLHOLE
  0
POLYLINE
 5
787
  8
DRILLHOLE
 66
1
 70
1
 40
0.000500
 41
0.000500
  0
VERTEX
 5
788
  8
DRILLHOLE
 10
94.59975
 20
47.18000
 42
1.0
  0
VERTEX
 5
789
  8
DRILLHOLE
 10
94.60025
 20
47.18000
 42
1.0
  0
SEQEND
  8
DRILLHOLE
  0
SOLID
 5
78A
  8
PADLAYER_TOP
 10
95.20000
 20
56.67000
 11
94.60000
 21
56.67000
 12
95.20000
 22
55.57000
 13
94.60000
 23
55.57000
  0
POLYLINE
 5
78B
  8
PADLAYER_TOP
 66
1
 70
1
 40
0.550000
 41
0.550000
  0
VERTEX
 5
78C
  8
PADLAYER_TOP
 10
94.92500
 20
56.12000
 42
1.0
  0
VERTEX
 5
78D
  8
PADLAYER_TOP
 10
95.47500
 20
56.12000
 42
1.0
  0
SEQEND
  8
PADLAYER_TOP
  0
POLYLINE
 5
78E
  8
PADLAYER_TOP
 66
1
 70
1
 40
0.550000
 41
0.550000
  0
VERTEX
 5
78F
  8
PADLAYER_TOP
 10
94.32500
 20
56.12000
 42
1.0
  0
VERTEX
 5
790
  8
PADLAYER_TOP
 10
94.87500
 20
56.12000
 42
1.0
  0
SEQEND
  8
PADLAYER_TOP
  0
SOLID
 5
791
  8
PADLAYER_BOTTOM
 10
95.20000
 20
56.67000
 11
94.60000
 21
56.67000
 12
95.20000
 22
55.57000
 13
94.60000
 23
55.57000
  0
POLYLINE
 5
792
  8
PADLAYER_BOTTOM
 66
1
 70
1
 40
0.550000
 41
0.550000
  0
VERTEX
 5
793
  8
PADLAYER_BOTTOM
 10
94.92500
 20
56.12000
 42
1.0
  0
VERTEX
 5
794
  8
PADLAYER_BOTTOM
 10
95.47500
 20
56.12000
 42
1.0
  0
SEQEND
  8
PADLAYER_BOTTOM
  0
POLYLINE
 5
795
  8
PADLAYER_BOTTOM
 66
1
 70
1
 40
0.550000
 41
0.550000
  0
VERTEX
 5
796
  8
PADLAYER_BOTTOM
 10
94.32500
 20
56.12000
 42
1.0
  0
VERTEX
 5
797
  8
PADLAYER_BOTTOM
 10
94.87500
 20
56.12000
 42
1.0
  0
SEQEND
  8
PADLAYER_BOTTOM
  0
POLYLINE
 5
798
  8
DRILLHOLE
 66
1
 40
0.001000
 41
0.001000
  0
VERTEX
 5
799
  8
DRILLHOLE
 10
94.60000
 20
55.82000
 42
-1.000000
  0
VERTEX
 5
79A
  8
DRILLHOLE
 10
94.60000
 20
56.42000
  0
SEQEND
  8
DRILLHOLE
  0
POLYLINE
 5
79B
  8
DRILLHOLE
 66
1
 70
1
 40
0.000500
 41
0.000500
  0
VERTEX
 5
79C
  8
DRILLHOLE
 10
94.59975
 20
55.82000
 42
1.0
  0
VERTEX
 5
79D
  8
DRILLHOLE
 10
94.60025
 20
55.82000
 42
1.0
  0
SEQEND
  8
DRILLHOLE
  0
POLYLINE
 5
79E
  8
DRILLHOLE
 66
1
 70
1
 40
0.000500
 41
0.000500
  0
VERTEX
 5
79F
  8
DRILLHOLE
 10
94.59975
 20
56.42000
 42
1.0
  0
VERTEX
 5
7A0
  8
DRILLHOLE
 10
94.60025
 20
56.42000
 42
1.0
  0
SEQEND
  8
DRILLHOLE
  0
POLYLINE
 5
7A1
  8
DRILLHOLE
 66
1
 40
0.001000
 41
0.001000
  0
VERTEX
 5
7A2
  8
DRILLHOLE
 10
94.60000
 20
56.42000
  0
VERTEX
 5
7A3
  8
DRILLHOLE
 10
95.20000
 20
56.42000
 42
-1.000000
  0
SEQEND
  8
DRILLHOLE
  0
POLYLINE
 5
7A4
  8
DRILLHOLE
 66
1
 70
1
 40
0.000500
 41
0.000500
  0
VERTEX
 5
7A5
  8
DRILLHOLE
 10
94.59975
 20
56.42000
 42
1.0
  0
VERTEX
 5
7A6
  8
DRILLHOLE
 10
94.60025
 20
56.42000
 42
1.0
  0
SEQEND
  8
DRILLHOLE
  0
POLYLINE
 5
7A7
  8
DRILLHOLE
 66
1
 70
1
 40
0.000500
 41
0.000500
  0
VERTEX
 5
7A8
  8
DRILLHOLE
 10
95.19975
 20
56.42000
 42
1.0
  0
VERTEX
 5
7A9
  8
DRILLHOLE
 10
95.20025
 20
56.42000
 42
1.0
  0
SEQEND
  8
DRILLHOLE
  0
POLYLINE
 5
7AA
  8
DRILLHOLE
 66
1
 40
0.001000
 41
0.001000
  0
VERTEX
 5
7AB
  8
DRILLHOLE
 10
95.20000
 20
56.42000
 42
-1.000000
  0
VERTEX
 5
7AC
  8
DRILLHOLE
 10
95.20000
 20
55.82000
  0
SEQEND
  8
DRILLHOLE
  0
POLYLINE
 5
7AD
  8
DRILLHOLE
 66
1
 70
1
 40
0.000500
 41
0.000500
  0
VERTEX
 5
7AE
  8
DRILLHOLE
 10
95.19975
 20
56.42000
 42
1.0
  0
VERTEX
 5
7AF
  8
DRILLHOLE
 10
95.20025
 20
56.42000
 42
1.0
  0
SEQEND
  8
DRILLHOLE
  0
POLYLINE
 5
7B0
  8
DRILLHOLE
 66
1
 70
1
 40
0.000500
 41
0.000500
  0
VERTEX
 5
7B1
  8
DRILLHOLE
 10
95.19975
 20
55.82000
 42
1.0
  0
VERTEX
 5
7B2
  8
DRILLHOLE
 10
95.20025
 20
55.82000
 42
1.0
  0
SEQEND
  8
DRILLHOLE
  0
POLYLINE
 5
7B3
  8
DRILLHOLE
 66
1
 40
0.001000
 41
0.001000
  0
VERTEX
 5
7B4
  8
DRILLHOLE
 10
95.20000
 20
55.82000
  0
VERTEX
 5
7B5
  8
DRILLHOLE
 10
94.60000
 20
55.82000
  0
SEQEND
  8
DRILLHOLE
  0
POLYLINE
 5
7B6
  8
DRILLHOLE
 66
1
 70
1
 40
0.000500
 41
0.000500
  0
VERTEX
 5
7B7
  8
DRILLHOLE
 10
95.19975
 20
55.82000
 42
1.0
  0
VERTEX
 5
7B8
  8
DRILLHOLE
 10
95.20025
 20
55.82000
 42
1.0
  0
SEQEND
  8
DRILLHOLE
  0
POLYLINE
 5
7B9
  8
DRILLHOLE
 66
1
 70
1
 40
0.000500
 41
0.000500
  0
VERTEX
 5
7BA
  8
DRILLHOLE
 10
94.59975
 20
55.82000
 42
1.0
  0
VERTEX
 5
7BB
  8
DRILLHOLE
 10
94.60025
 20
55.82000
 42
1.0
  0
SEQEND
  8
DRILLHOLE
  0
POLYLINE
 5
7BC
  8
2DLINES_1
 66
1
 40
0.200000
 41
0.200000
  0
VERTEX
 5
7BD
  8
2DLINES_1
 10
22.82500
 20
40.25000
  0
VERTEX
 5
7BE
  8
2DLINES_1
 10
22.82500
 20
32.75000
  0
SEQEND
  8
2DLINES_1
  0
POLYLINE
 5
7BF
  8
2DLINES_1
 66
1
 70
1
 40
0.100000
 41
0.100000
  0
VERTEX
 5
7C0
  8
2DLINES_1
 10
22.77500
 20
40.25000
 42
1.0
  0
VERTEX
 5
7C1
  8
2DLINES_1
 10
22.87500
 20
40.25000
 42
1.0
  0
SEQEND
  8
2DLINES_1
  0
POLYLINE
 5
7C2
  8
2DLINES_1
 66
1
 70
1
 40
0.100000
 41
0.100000
  0
VERTEX
 5
7C3
  8
2DLINES_1
 10
22.77500
 20
32.75000
 42
1.0
  0
VERTEX
 5
7C4
  8
2DLINES_1
 10
22.87500
 20
32.75000
 42
1.0
  0
SEQEND
  8
2DLINES_1
  0
POLYLINE
 5
7C5
  8
2DLINES_1
 66
1
 40
0.200000
 41
0.200000
  0
VERTEX
 5
7C6
  8
2DLINES_1
 10
22.82500
 20
32.75000
  0
VERTEX
 5
7C7
  8
2DLINES_1
 10
16.67500
 20
32.75000
  0
SEQEND
  8
2DLINES_1
  0
POLYLINE
 5
7C8
  8
2DLINES_1
 66
1
 70
1
 40
0.100000
 41
0.100000
  0
VERTEX
 5
7C9
  8
2DLINES_1
 10
22.77500
 20
32.75000
 42
1.0
  0
VERTEX
 5
7CA
  8
2DLINES_1
 10
22.87500
 20
32.75000
 42
1.0
  0
SEQEND
  8
2DLINES_1
  0
POLYLINE
 5
7CB
  8
2DLINES_1
 66
1
 70
1
 40
0.100000
 41
0.100000
  0
VERTEX
 5
7CC
  8
2DLINES_1
 10
16.62500
 20
32.75000
 42
1.0
  0
VERTEX
 5
7CD
  8
2DLINES_1
 10
16.72500
 20
32.75000
 42
1.0
  0
SEQEND
  8
2DLINES_1
  0
POLYLINE
 5
7CE
  8
2DLINES_1
 66
1
 40
0.200000
 41
0.200000
  0
VERTEX
 5
7CF
  8
2DLINES_1
 10
16.67500
 20
32.75000
  0
VERTEX
 5
7D0
  8
2DLINES_1
 10
16.67500
 20
40.25000
  0
SEQEND
  8
2DLINES_1
  0
POLYLINE
 5
7D1
  8
2DLINES_1
 66
1
 70
1
 40
0.100000
 41
0.100000
  0
VERTEX
 5
7D2
  8
2DLINES_1
 10
16.62500
 20
32.75000
 42
1.0
  0
VERTEX
 5
7D3
  8
2DLINES_1
 10
16.72500
 20
32.75000
 42
1.0
  0
SEQEND
  8
2DLINES_1
  0
POLYLINE
 5
7D4
  8
2DLINES_1
 66
1
 70
1
 40
0.100000
 41
0.100000
  0
VERTEX
 5
7D5
  8
2DLINES_1
 10
16.62500
 20
40.25000
 42
1.0
  0
VERTEX
 5
7D6
  8
2DLINES_1
 10
16.72500
 20
40.25000
 42
1.0
  0
SEQEND
  8
2DLINES_1
  0
POLYLINE
 5
7D7
  8
2DLINES_1
 66
1
 40
0.200000
 41
0.200000
  0
VERTEX
 5
7D8
  8
2DLINES_1
 10
16.67500
 20
40.25000
  0
VERTEX
 5
7D9
  8
2DLINES_1
 10
22.82500
 20
40.25000
  0
SEQEND
  8
2DLINES_1
  0
POLYLINE
 5
7DA
  8
2DLINES_1
 66
1
 70
1
 40
0.100000
 41
0.100000
  0
VERTEX
 5
7DB
  8
2DLINES_1
 10
16.62500
 20
40.25000
 42
1.0
  0
VERTEX
 5
7DC
  8
2DLINES_1
 10
16.72500
 20
40.25000
 42
1.0
  0
SEQEND
  8
2DLINES_1
  0
POLYLINE
 5
7DD
  8
2DLINES_1
 66
1
 70
1
 40
0.100000
 41
0.100000
  0
VERTEX
 5
7DE
  8
2DLINES_1
 10
22.77500
 20
40.25000
 42
1.0
  0
VERTEX
 5
7DF
  8
2DLINES_1
 10
22.87500
 20
40.25000
 42
1.0
  0
SEQEND
  8
2DLINES_1
  0
POLYLINE
 5
7E0
  8
PLACEMENT_OUTLINE_TOP
 66
1
 40
0.200000
 41
0.200000
  0
VERTEX
 5
7E1
  8
PLACEMENT_OUTLINE_TOP
 10
22.82500
 20
40.25000
  0
VERTEX
 5
7E2
  8
PLACEMENT_OUTLINE_TOP
 10
22.82500
 20
32.75000
  0
SEQEND
  8
PLACEMENT_OUTLINE_TOP
  0
POLYLINE
 5
7E3
  8
PLACEMENT_OUTLINE_TOP
 66
1
 70
1
 40
0.100000
 41
0.100000
  0
VERTEX
 5
7E4
  8
PLACEMENT_OUTLINE_TOP
 10
22.77500
 20
40.25000
 42
1.0
  0
VERTEX
 5
7E5
  8
PLACEMENT_OUTLINE_TOP
 10
22.87500
 20
40.25000
 42
1.0
  0
SEQEND
  8
PLACEMENT_OUTLINE_TOP
  0
POLYLINE
 5
7E6
  8
PLACEMENT_OUTLINE_TOP
 66
1
 70
1
 40
0.100000
 41
0.100000
  0
VERTEX
 5
7E7
  8
PLACEMENT_OUTLINE_TOP
 10
22.77500
 20
32.75000
 42
1.0
  0
VERTEX
 5
7E8
  8
PLACEMENT_OUTLINE_TOP
 10
22.87500
 20
32.75000
 42
1.0
  0
SEQEND
  8
PLACEMENT_OUTLINE_TOP
  0
POLYLINE
 5
7E9
  8
PLACEMENT_OUTLINE_TOP
 66
1
 40
0.200000
 41
0.200000
  0
VERTEX
 5
7EA
  8
PLACEMENT_OUTLINE_TOP
 10
22.82500
 20
32.75000
  0
VERTEX
 5
7EB
  8
PLACEMENT_OUTLINE_TOP
 10
16.67500
 20
32.75000
  0
SEQEND
  8
PLACEMENT_OUTLINE_TOP
  0
POLYLINE
 5
7EC
  8
PLACEMENT_OUTLINE_TOP
 66
1
 70
1
 40
0.100000
 41
0.100000
  0
VERTEX
 5
7ED
  8
PLACEMENT_OUTLINE_TOP
 10
22.77500
 20
32.75000
 42
1.0
  0
VERTEX
 5
7EE
  8
PLACEMENT_OUTLINE_TOP
 10
22.87500
 20
32.75000
 42
1.0
  0
SEQEND
  8
PLACEMENT_OUTLINE_TOP
  0
POLYLINE
 5
7EF
  8
PLACEMENT_OUTLINE_TOP
 66
1
 70
1
 40
0.100000
 41
0.100000
  0
VERTEX
 5
7F0
  8
PLACEMENT_OUTLINE_TOP
 10
16.62500
 20
32.75000
 42
1.0
  0
VERTEX
 5
7F1
  8
PLACEMENT_OUTLINE_TOP
 10
16.72500
 20
32.75000
 42
1.0
  0
SEQEND
  8
PLACEMENT_OUTLINE_TOP
  0
POLYLINE
 5
7F2
  8
PLACEMENT_OUTLINE_TOP
 66
1
 40
0.200000
 41
0.200000
  0
VERTEX
 5
7F3
  8
PLACEMENT_OUTLINE_TOP
 10
16.67500
 20
32.75000
  0
VERTEX
 5
7F4
  8
PLACEMENT_OUTLINE_TOP
 10
16.67500
 20
40.25000
  0
SEQEND
  8
PLACEMENT_OUTLINE_TOP
  0
POLYLINE
 5
7F5
  8
PLACEMENT_OUTLINE_TOP
 66
1
 70
1
 40
0.100000
 41
0.100000
  0
VERTEX
 5
7F6
  8
PLACEMENT_OUTLINE_TOP
 10
16.62500
 20
32.75000
 42
1.0
  0
VERTEX
 5
7F7
  8
PLACEMENT_OUTLINE_TOP
 10
16.72500
 20
32.75000
 42
1.0
  0
SEQEND
  8
PLACEMENT_OUTLINE_TOP
  0
POLYLINE
 5
7F8
  8
PLACEMENT_OUTLINE_TOP
 66
1
 70
1
 40
0.100000
 41
0.100000
  0
VERTEX
 5
7F9
  8
PLACEMENT_OUTLINE_TOP
 10
16.62500
 20
40.25000
 42
1.0
  0
VERTEX
 5
7FA
  8
PLACEMENT_OUTLINE_TOP
 10
16.72500
 20
40.25000
 42
1.0
  0
SEQEND
  8
PLACEMENT_OUTLINE_TOP
  0
POLYLINE
 5
7FB
  8
PLACEMENT_OUTLINE_TOP
 66
1
 40
0.200000
 41
0.200000
  0
VERTEX
 5
7FC
  8
PLACEMENT_OUTLINE_TOP
 10
16.67500
 20
40.25000
  0
VERTEX
 5
7FD
  8
PLACEMENT_OUTLINE_TOP
 10
22.82500
 20
40.25000
  0
SEQEND
  8
PLACEMENT_OUTLINE_TOP
  0
POLYLINE
 5
7FE
  8
PLACEMENT_OUTLINE_TOP
 66
1
 70
1
 40
0.100000
 41
0.100000
  0
VERTEX
 5
7FF
  8
PLACEMENT_OUTLINE_TOP
 10
16.62500
 20
40.25000
 42
1.0
  0
VERTEX
 5
800
  8
PLACEMENT_OUTLINE_TOP
 10
16.72500
 20
40.25000
 42
1.0
  0
SEQEND
  8
PLACEMENT_OUTLINE_TOP
  0
POLYLINE
 5
801
  8
PLACEMENT_OUTLINE_TOP
 66
1
 70
1
 40
0.100000
 41
0.100000
  0
VERTEX
 5
802
  8
PLACEMENT_OUTLINE_TOP
 10
22.77500
 20
40.25000
 42
1.0
  0
VERTEX
 5
803
  8
PLACEMENT_OUTLINE_TOP
 10
22.87500
 20
40.25000
 42
1.0
  0
SEQEND
  8
PLACEMENT_OUTLINE_TOP
  0
SOLID
 5
804
  8
PADLAYER_TOP
 10
20.90000
 20
37.15000
 11
25.40000
 21
37.15000
 12
20.90000
 22
38.35000
 13
25.40000
 23
38.35000
  0
SOLID
 5
805
  8
PADLAYER_TOP
 10
20.90000
 20
34.65000
 11
25.40000
 21
34.65000
 12
20.90000
 22
35.85000
 13
25.40000
 23
35.85000
  0
SOLID
 5
806
  8
PADLAYER_TOP
 10
17.40000
 20
31.35000
 11
20.40000
 21
31.35000
 12
17.40000
 22
32.95000
 13
20.40000
 23
32.95000
  0
SOLID
 5
807
  8
PADLAYER_TOP
 10
17.40000
 20
40.05000
 11
20.40000
 21
40.05000
 12
17.40000
 22
41.65000
 13
20.40000
 23
41.65000
  0
POLYLINE
 5
808
  8
2DLINES_1
 66
1
 40
0.299970
 41
0.299970
  0
VERTEX
 5
809
  8
2DLINES_1
 10
51.72300
 20
47.85200
 42
1.000000
  0
VERTEX
 5
80A
  8
2DLINES_1
 10
51.92300
 20
47.85200
 42
1.000000
  0
VERTEX
 5
80B
  8
2DLINES_1
 10
51.72300
 20
47.85200
  0
SEQEND
  8
2DLINES_1
  0
POLYLINE
 5
80C
  8
PLACEMENT_OUTLINE_TOP
 66
1
 40
0.299970
 41
0.299970
  0
VERTEX
 5
80D
  8
PLACEMENT_OUTLINE_TOP
 10
51.72300
 20
47.85200
 42
1.000000
  0
VERTEX
 5
80E
  8
PLACEMENT_OUTLINE_TOP
 10
51.92300
 20
47.85200
 42
1.000000
  0
VERTEX
 5
80F
  8
PLACEMENT_OUTLINE_TOP
 10
51.72300
 20
47.85200
  0
SEQEND
  8
PLACEMENT_OUTLINE_TOP
  0
SOLID
 5
810
  8
PADLAYER_TOP
 10
51.61300
 20
47.45200
 11
51.61300
 21
46.85200
 12
52.03300
 22
47.45200
 13
52.03300
 23
46.85200
  0
SOLID
 5
811
  8
PADLAYER_TOP
 10
50.96300
 20
47.45200
 11
50.96300
 21
46.85200
 12
51.38300
 22
47.45200
 13
51.38300
 23
46.85200
  0
SOLID
 5
812
  8
PADLAYER_TOP
 10
50.31300
 20
47.45200
 11
50.31300
 21
46.85200
 12
50.73300
 22
47.45200
 13
50.73300
 23
46.85200
  0
SOLID
 5
813
  8
PADLAYER_TOP
 10
50.31300
 20
45.55200
 11
50.31300
 21
44.95200
 12
50.73300
 22
45.55200
 13
50.73300
 23
44.95200
  0
SOLID
 5
814
  8
PADLAYER_TOP
 10
50.96300
 20
45.55200
 11
50.96300
 21
44.95200
 12
51.38300
 22
45.55200
 13
51.38300
 23
44.95200
  0
SOLID
 5
815
  8
PADLAYER_TOP
 10
51.61300
 20
45.55200
 11
51.61300
 21
44.95200
 12
52.03300
 22
45.55200
 13
52.03300
 23
44.95200
  0
POLYLINE
 5
816
  8
LAYNR1
 66
1
 40
0.150000
 41
0.150000
  0
VERTEX
 5
817
  8
LAYNR1
 10
49.26300
 20
46.20200
  0
VERTEX
 5
818
  8
LAYNR1
 10
48.56300
 20
46.20200
  0
SEQEND
  8
LAYNR1
  0
POLYLINE
 5
819
  8
LAYNR1
 66
1
 70
1
 40
0.075000
 41
0.075000
  0
VERTEX
 5
81A
  8
LAYNR1
 10
49.22550
 20
46.20200
 42
1.0
  0
VERTEX
 5
81B
  8
LAYNR1
 10
49.30050
 20
46.20200
 42
1.0
  0
SEQEND
  8
LAYNR1
  0
POLYLINE
 5
81C
  8
LAYNR1
 66
1
 70
1
 40
0.075000
 41
0.075000
  0
VERTEX
 5
81D
  8
LAYNR1
 10
48.52550
 20
46.20200
 42
1.0
  0
VERTEX
 5
81E
  8
LAYNR1
 10
48.60050
 20
46.20200
 42
1.0
  0
SEQEND
  8
LAYNR1
  0
POLYLINE
 5
81F
  8
PLACEMENT_OUTLINE_TOP
 66
1
 40
0.100000
 41
0.100000
  0
VERTEX
 5
820
  8
PLACEMENT_OUTLINE_TOP
 10
48.27800
 20
47.59900
  0
VERTEX
 5
821
  8
PLACEMENT_OUTLINE_TOP
 10
48.27800
 20
44.80500
  0
SEQEND
  8
PLACEMENT_OUTLINE_TOP
  0
POLYLINE
 5
822
  8
PLACEMENT_OUTLINE_TOP
 66
1
 70
1
 40
0.050000
 41
0.050000
  0
VERTEX
 5
823
  8
PLACEMENT_OUTLINE_TOP
 10
48.25300
 20
47.59900
 42
1.0
  0
VERTEX
 5
824
  8
PLACEMENT_OUTLINE_TOP
 10
48.30300
 20
47.59900
 42
1.0
  0
SEQEND
  8
PLACEMENT_OUTLINE_TOP
  0
POLYLINE
 5
825
  8
PLACEMENT_OUTLINE_TOP
 66
1
 70
1
 40
0.050000
 41
0.050000
  0
VERTEX
 5
826
  8
PLACEMENT_OUTLINE_TOP
 10
48.25300
 20
44.80500
 42
1.0
  0
VERTEX
 5
827
  8
PLACEMENT_OUTLINE_TOP
 10
48.30300
 20
44.80500
 42
1.0
  0
SEQEND
  8
PLACEMENT_OUTLINE_TOP
  0
POLYLINE
 5
828
  8
PLACEMENT_OUTLINE_TOP
 66
1
 40
0.100000
 41
0.100000
  0
VERTEX
 5
829
  8
PLACEMENT_OUTLINE_TOP
 10
48.27800
 20
44.80500
  0
VERTEX
 5
82A
  8
PLACEMENT_OUTLINE_TOP
 10
49.54800
 20
44.80500
  0
SEQEND
  8
PLACEMENT_OUTLINE_TOP
  0
POLYLINE
 5
82B
  8
PLACEMENT_OUTLINE_TOP
 66
1
 70
1
 40
0.050000
 41
0.050000
  0
VERTEX
 5
82C
  8
PLACEMENT_OUTLINE_TOP
 10
48.25300
 20
44.80500
 42
1.0
  0
VERTEX
 5
82D
  8
PLACEMENT_OUTLINE_TOP
 10
48.30300
 20
44.80500
 42
1.0
  0
SEQEND
  8
PLACEMENT_OUTLINE_TOP
  0
POLYLINE
 5
82E
  8
PLACEMENT_OUTLINE_TOP
 66
1
 70
1
 40
0.050000
 41
0.050000
  0
VERTEX
 5
82F
  8
PLACEMENT_OUTLINE_TOP
 10
49.52300
 20
44.80500
 42
1.0
  0
VERTEX
 5
830
  8
PLACEMENT_OUTLINE_TOP
 10
49.57300
 20
44.80500
 42
1.0
  0
SEQEND
  8
PLACEMENT_OUTLINE_TOP
  0
POLYLINE
 5
831
  8
PLACEMENT_OUTLINE_TOP
 66
1
 40
0.100000
 41
0.100000
  0
VERTEX
 5
832
  8
PLACEMENT_OUTLINE_TOP
 10
49.54800
 20
44.80500
  0
VERTEX
 5
833
  8
PLACEMENT_OUTLINE_TOP
 10
49.54800
 20
47.59900
  0
SEQEND
  8
PLACEMENT_OUTLINE_TOP
  0
POLYLINE
 5
834
  8
PLACEMENT_OUTLINE_TOP
 66
1
 70
1
 40
0.050000
 41
0.050000
  0
VERTEX
 5
835
  8
PLACEMENT_OUTLINE_TOP
 10
49.52300
 20
44.80500
 42
1.0
  0
VERTEX
 5
836
  8
PLACEMENT_OUTLINE_TOP
 10
49.57300
 20
44.80500
 42
1.0
  0
SEQEND
  8
PLACEMENT_OUTLINE_TOP
  0
POLYLINE
 5
837
  8
PLACEMENT_OUTLINE_TOP
 66
1
 70
1
 40
0.050000
 41
0.050000
  0
VERTEX
 5
838
  8
PLACEMENT_OUTLINE_TOP
 10
49.52300
 20
47.59900
 42
1.0
  0
VERTEX
 5
839
  8
PLACEMENT_OUTLINE_TOP
 10
49.57300
 20
47.59900
 42
1.0
  0
SEQEND
  8
PLACEMENT_OUTLINE_TOP
  0
POLYLINE
 5
83A
  8
PLACEMENT_OUTLINE_TOP
 66
1
 40
0.100000
 41
0.100000
  0
VERTEX
 5
83B
  8
PLACEMENT_OUTLINE_TOP
 10
49.54800
 20
47.59900
  0
VERTEX
 5
83C
  8
PLACEMENT_OUTLINE_TOP
 10
48.27800
 20
47.59900
  0
SEQEND
  8
PLACEMENT_OUTLINE_TOP
  0
POLYLINE
 5
83D
  8
PLACEMENT_OUTLINE_TOP
 66
1
 70
1
 40
0.050000
 41
0.050000
  0
VERTEX
 5
83E
  8
PLACEMENT_OUTLINE_TOP
 10
49.52300
 20
47.59900
 42
1.0
  0
VERTEX
 5
83F
  8
PLACEMENT_OUTLINE_TOP
 10
49.57300
 20
47.59900
 42
1.0
  0
SEQEND
  8
PLACEMENT_OUTLINE_TOP
  0
POLYLINE
 5
840
  8
PLACEMENT_OUTLINE_TOP
 66
1
 70
1
 40
0.050000
 41
0.050000
  0
VERTEX
 5
841
  8
PLACEMENT_OUTLINE_TOP
 10
48.25300
 20
47.59900
 42
1.0
  0
VERTEX
 5
842
  8
PLACEMENT_OUTLINE_TOP
 10
48.30300
 20
47.59900
 42
1.0
  0
SEQEND
  8
PLACEMENT_OUTLINE_TOP
  0
SOLID
 5
843
  8
PADLAYER_TOP
 10
49.37020
 20
44.98280
 11
49.37020
 21
45.89720
 12
48.45580
 22
44.98280
 13
48.45580
 23
45.89720
  0
SOLID
 5
844
  8
PADLAYER_TOP
 10
49.37020
 20
46.50680
 11
49.37020
 21
47.42120
 12
48.45580
 22
46.50680
 13
48.45580
 23
47.42120
  0
POLYLINE
 5
845
  8
LAYNR1
 66
1
 40
0.150000
 41
0.150000
  0
VERTEX
 5
846
  8
LAYNR1
 10
49.76300
 20
48.62200
  0
VERTEX
 5
847
  8
LAYNR1
 10
49.76300
 20
49.32200
  0
SEQEND
  8
LAYNR1
  0
POLYLINE
 5
848
  8
LAYNR1
 66
1
 70
1
 40
0.075000
 41
0.075000
  0
VERTEX
 5
849
  8
LAYNR1
 10
49.72550
 20
48.62200
 42
1.0
  0
VERTEX
 5
84A
  8
LAYNR1
 10
49.80050
 20
48.62200
 42
1.0
  0
SEQEND
  8
LAYNR1
  0
POLYLINE
 5
84B
  8
LAYNR1
 66
1
 70
1
 40
0.075000
 41
0.075000
  0
VERTEX
 5
84C
  8
LAYNR1
 10
49.72550
 20
49.32200
 42
1.0
  0
VERTEX
 5
84D
  8
LAYNR1
 10
49.80050
 20
49.32200
 42
1.0
  0
SEQEND
  8
LAYNR1
  0
POLYLINE
 5
84E
  8
PLACEMENT_OUTLINE_TOP
 66
1
 40
0.100000
 41
0.100000
  0
VERTEX
 5
84F
  8
PLACEMENT_OUTLINE_TOP
 10
51.16000
 20
49.60700
  0
VERTEX
 5
850
  8
PLACEMENT_OUTLINE_TOP
 10
48.36600
 20
49.60700
  0
SEQEND
  8
PLACEMENT_OUTLINE_TOP
  0
POLYLINE
 5
851
  8
PLACEMENT_OUTLINE_TOP
 66
1
 70
1
 40
0.050000
 41
0.050000
  0
VERTEX
 5
852
  8
PLACEMENT_OUTLINE_TOP
 10
51.13500
 20
49.60700
 42
1.0
  0
VERTEX
 5
853
  8
PLACEMENT_OUTLINE_TOP
 10
51.18500
 20
49.60700
 42
1.0
  0
SEQEND
  8
PLACEMENT_OUTLINE_TOP
  0
POLYLINE
 5
854
  8
PLACEMENT_OUTLINE_TOP
 66
1
 70
1
 40
0.050000
 41
0.050000
  0
VERTEX
 5
855
  8
PLACEMENT_OUTLINE_TOP
 10
48.34100
 20
49.60700
 42
1.0
  0
VERTEX
 5
856
  8
PLACEMENT_OUTLINE_TOP
 10
48.39100
 20
49.60700
 42
1.0
  0
SEQEND
  8
PLACEMENT_OUTLINE_TOP
  0
POLYLINE
 5
857
  8
PLACEMENT_OUTLINE_TOP
 66
1
 40
0.100000
 41
0.100000
  0
VERTEX
 5
858
  8
PLACEMENT_OUTLINE_TOP
 10
48.36600
 20
49.60700
  0
VERTEX
 5
859
  8
PLACEMENT_OUTLINE_TOP
 10
48.36600
 20
48.33700
  0
SEQEND
  8
PLACEMENT_OUTLINE_TOP
  0
POLYLINE
 5
85A
  8
PLACEMENT_OUTLINE_TOP
 66
1
 70
1
 40
0.050000
 41
0.050000
  0
VERTEX
 5
85B
  8
PLACEMENT_OUTLINE_TOP
 10
48.34100
 20
49.60700
 42
1.0
  0
VERTEX
 5
85C
  8
PLACEMENT_OUTLINE_TOP
 10
48.39100
 20
49.60700
 42
1.0
  0
SEQEND
  8
PLACEMENT_OUTLINE_TOP
  0
POLYLINE
 5
85D
  8
PLACEMENT_OUTLINE_TOP
 66
1
 70
1
 40
0.050000
 41
0.050000
  0
VERTEX
 5
85E
  8
PLACEMENT_OUTLINE_TOP
 10
48.34100
 20
48.33700
 42
1.0
  0
VERTEX
 5
85F
  8
PLACEMENT_OUTLINE_TOP
 10
48.39100
 20
48.33700
 42
1.0
  0
SEQEND
  8
PLACEMENT_OUTLINE_TOP
  0
POLYLINE
 5
860
  8
PLACEMENT_OUTLINE_TOP
 66
1
 40
0.100000
 41
0.100000
  0
VERTEX
 5
861
  8
PLACEMENT_OUTLINE_TOP
 10
48.36600
 20
48.33700
  0
VERTEX
 5
862
  8
PLACEMENT_OUTLINE_TOP
 10
51.16000
 20
48.33700
  0
SEQEND
  8
PLACEMENT_OUTLINE_TOP
  0
POLYLINE
 5
863
  8
PLACEMENT_OUTLINE_TOP
 66
1
 70
1
 40
0.050000
 41
0.050000
  0
VERTEX
 5
864
  8
PLACEMENT_OUTLINE_TOP
 10
48.34100
 20
48.33700
 42
1.0
  0
VERTEX
 5
865
  8
PLACEMENT_OUTLINE_TOP
 10
48.39100
 20
48.33700
 42
1.0
  0
SEQEND
  8
PLACEMENT_OUTLINE_TOP
  0
POLYLINE
 5
866
  8
PLACEMENT_OUTLINE_TOP
 66
1
 70
1
 40
0.050000
 41
0.050000
  0
VERTEX
 5
867
  8
PLACEMENT_OUTLINE_TOP
 10
51.13500
 20
48.33700
 42
1.0
  0
VERTEX
 5
868
  8
PLACEMENT_OUTLINE_TOP
 10
51.18500
 20
48.33700
 42
1.0
  0
SEQEND
  8
PLACEMENT_OUTLINE_TOP
  0
POLYLINE
 5
869
  8
PLACEMENT_OUTLINE_TOP
 66
1
 40
0.100000
 41
0.100000
  0
VERTEX
 5
86A
  8
PLACEMENT_OUTLINE_TOP
 10
51.16000
 20
48.33700
  0
VERTEX
 5
86B
  8
PLACEMENT_OUTLINE_TOP
 10
51.16000
 20
49.60700
  0
SEQEND
  8
PLACEMENT_OUTLINE_TOP
  0
POLYLINE
 5
86C
  8
PLACEMENT_OUTLINE_TOP
 66
1
 70
1
 40
0.050000
 41
0.050000
  0
VERTEX
 5
86D
  8
PLACEMENT_OUTLINE_TOP
 10
51.13500
 20
48.33700
 42
1.0
  0
VERTEX
 5
86E
  8
PLACEMENT_OUTLINE_TOP
 10
51.18500
 20
48.33700
 42
1.0
  0
SEQEND
  8
PLACEMENT_OUTLINE_TOP
  0
POLYLINE
 5
86F
  8
PLACEMENT_OUTLINE_TOP
 66
1
 70
1
 40
0.050000
 41
0.050000
  0
VERTEX
 5
870
  8
PLACEMENT_OUTLINE_TOP
 10
51.13500
 20
49.60700
 42
1.0
  0
VERTEX
 5
871
  8
PLACEMENT_OUTLINE_TOP
 10
51.18500
 20
49.60700
 42
1.0
  0
SEQEND
  8
PLACEMENT_OUTLINE_TOP
  0
SOLID
 5
872
  8
PADLAYER_TOP
 10
48.54380
 20
48.51480
 11
49.45820
 21
48.51480
 12
48.54380
 22
49.42920
 13
49.45820
 23
49.42920
  0
SOLID
 5
873
  8
PADLAYER_TOP
 10
50.06780
 20
48.51480
 11
50.98220
 21
48.51480
 12
50.06780
 22
49.42920
 13
50.98220
 23
49.42920
  0
POLYLINE
 5
874
  8
LAYNR1
 66
1
 40
0.150000
 41
0.150000
  0
VERTEX
 5
875
  8
LAYNR1
 10
48.65700
 20
26.23400
  0
VERTEX
 5
876
  8
LAYNR1
 10
48.65700
 20
25.53400
  0
SEQEND
  8
LAYNR1
  0
POLYLINE
 5
877
  8
LAYNR1
 66
1
 70
1
 40
0.075000
 41
0.075000
  0
VERTEX
 5
878
  8
LAYNR1
 10
48.61950
 20
26.23400
 42
1.0
  0
VERTEX
 5
879
  8
LAYNR1
 10
48.69450
 20
26.23400
 42
1.0
  0
SEQEND
  8
LAYNR1
  0
POLYLINE
 5
87A
  8
LAYNR1
 66
1
 70
1
 40
0.075000
 41
0.075000
  0
VERTEX
 5
87B
  8
LAYNR1
 10
48.61950
 20
25.53400
 42
1.0
  0
VERTEX
 5
87C
  8
LAYNR1
 10
48.69450
 20
25.53400
 42
1.0
  0
SEQEND
  8
LAYNR1
  0
POLYLINE
 5
87D
  8
PLACEMENT_OUTLINE_TOP
 66
1
 40
0.100000
 41
0.100000
  0
VERTEX
 5
87E
  8
PLACEMENT_OUTLINE_TOP
 10
47.26000
 20
25.24900
  0
VERTEX
 5
87F
  8
PLACEMENT_OUTLINE_TOP
 10
50.05400
 20
25.24900
  0
SEQEND
  8
PLACEMENT_OUTLINE_TOP
  0
POLYLINE
 5
880
  8
PLACEMENT_OUTLINE_TOP
 66
1
 70
1
 40
0.050000
 41
0.050000
  0
VERTEX
 5
881
  8
PLACEMENT_OUTLINE_TOP
 10
47.23500
 20
25.24900
 42
1.0
  0
VERTEX
 5
882
  8
PLACEMENT_OUTLINE_TOP
 10
47.28500
 20
25.24900
 42
1.0
  0
SEQEND
  8
PLACEMENT_OUTLINE_TOP
  0
POLYLINE
 5
883
  8
PLACEMENT_OUTLINE_TOP
 66
1
 70
1
 40
0.050000
 41
0.050000
  0
VERTEX
 5
884
  8
PLACEMENT_OUTLINE_TOP
 10
50.02900
 20
25.24900
 42
1.0
  0
VERTEX
 5
885
  8
PLACEMENT_OUTLINE_TOP
 10
50.07900
 20
25.24900
 42
1.0
  0
SEQEND
  8
PLACEMENT_OUTLINE_TOP
  0
POLYLINE
 5
886
  8
PLACEMENT_OUTLINE_TOP
 66
1
 40
0.100000
 41
0.100000
  0
VERTEX
 5
887
  8
PLACEMENT_OUTLINE_TOP
 10
50.05400
 20
25.24900
  0
VERTEX
 5
888
  8
PLACEMENT_OUTLINE_TOP
 10
50.05400
 20
26.51900
  0
SEQEND
  8
PLACEMENT_OUTLINE_TOP
  0
POLYLINE
 5
889
  8
PLACEMENT_OUTLINE_TOP
 66
1
 70
1
 40
0.050000
 41
0.050000
  0
VERTEX
 5
88A
  8
PLACEMENT_OUTLINE_TOP
 10
50.02900
 20
25.24900
 42
1.0
  0
VERTEX
 5
88B
  8
PLACEMENT_OUTLINE_TOP
 10
50.07900
 20
25.24900
 42
1.0
  0
SEQEND
  8
PLACEMENT_OUTLINE_TOP
  0
POLYLINE
 5
88C
  8
PLACEMENT_OUTLINE_TOP
 66
1
 70
1
 40
0.050000
 41
0.050000
  0
VERTEX
 5
88D
  8
PLACEMENT_OUTLINE_TOP
 10
50.02900
 20
26.51900
 42
1.0
  0
VERTEX
 5
88E
  8
PLACEMENT_OUTLINE_TOP
 10
50.07900
 20
26.51900
 42
1.0
  0
SEQEND
  8
PLACEMENT_OUTLINE_TOP
  0
POLYLINE
 5
88F
  8
PLACEMENT_OUTLINE_TOP
 66
1
 40
0.100000
 41
0.100000
  0
VERTEX
 5
890
  8
PLACEMENT_OUTLINE_TOP
 10
50.05400
 20
26.51900
  0
VERTEX
 5
891
  8
PLACEMENT_OUTLINE_TOP
 10
47.26000
 20
26.51900
  0
SEQEND
  8
PLACEMENT_OUTLINE_TOP
  0
POLYLINE
 5
892
  8
PLACEMENT_OUTLINE_TOP
 66
1
 70
1
 40
0.050000
 41
0.050000
  0
VERTEX
 5
893
  8
PLACEMENT_OUTLINE_TOP
 10
50.02900
 20
26.51900
 42
1.0
  0
VERTEX
 5
894
  8
PLACEMENT_OUTLINE_TOP
 10
50.07900
 20
26.51900
 42
1.0
  0
SEQEND
  8
PLACEMENT_OUTLINE_TOP
  0
POLYLINE
 5
895
  8
PLACEMENT_OUTLINE_TOP
 66
1
 70
1
 40
0.050000
 41
0.050000
  0
VERTEX
 5
896
  8
PLACEMENT_OUTLINE_TOP
 10
47.23500
 20
26.51900
 42
1.0
  0
VERTEX
 5
897
  8
PLACEMENT_OUTLINE_TOP
 10
47.28500
 20
26.51900
 42
1.0
  0
SEQEND
  8
PLACEMENT_OUTLINE_TOP
  0
POLYLINE
 5
898
  8
PLACEMENT_OUTLINE_TOP
 66
1
 40
0.100000
 41
0.100000
  0
VERTEX
 5
899
  8
PLACEMENT_OUTLINE_TOP
 10
47.26000
 20
26.51900
  0
VERTEX
 5
89A
  8
PLACEMENT_OUTLINE_TOP
 10
47.26000
 20
25.24900
  0
SEQEND
  8
PLACEMENT_OUTLINE_TOP
  0
POLYLINE
 5
89B
  8
PLACEMENT_OUTLINE_TOP
 66
1
 70
1
 40
0.050000
 41
0.050000
  0
VERTEX
 5
89C
  8
PLACEMENT_OUTLINE_TOP
 10
47.23500
 20
26.51900
 42
1.0
  0
VERTEX
 5
89D
  8
PLACEMENT_OUTLINE_TOP
 10
47.28500
 20
26.51900
 42
1.0
  0
SEQEND
  8
PLACEMENT_OUTLINE_TOP
  0
POLYLINE
 5
89E
  8
PLACEMENT_OUTLINE_TOP
 66
1
 70
1
 40
0.050000
 41
0.050000
  0
VERTEX
 5
89F
  8
PLACEMENT_OUTLINE_TOP
 10
47.23500
 20
25.24900
 42
1.0
  0
VERTEX
 5
8A0
  8
PLACEMENT_OUTLINE_TOP
 10
47.28500
 20
25.24900
 42
1.0
  0
SEQEND
  8
PLACEMENT_OUTLINE_TOP
  0
SOLID
 5
8A1
  8
PADLAYER_TOP
 10
49.87620
 20
26.34120
 11
48.96180
 21
26.34120
 12
49.87620
 22
25.42680
 13
48.96180
 23
25.42680
  0
SOLID
 5
8A2
  8
PADLAYER_TOP
 10
48.35220
 20
26.34120
 11
47.43780
 21
26.34120
 12
48.35220
 22
25.42680
 13
47.43780
 23
25.42680
  0
POLYLINE
 5
8A3
  8
LAYNR1
 66
1
 40
0.150000
 41
0.150000
  0
VERTEX
 5
8A4
  8
LAYNR1
 10
48.65700
 20
27.73400
  0
VERTEX
 5
8A5
  8
LAYNR1
 10
48.65700
 20
27.03400
  0
SEQEND
  8
LAYNR1
  0
POLYLINE
 5
8A6
  8
LAYNR1
 66
1
 70
1
 40
0.075000
 41
0.075000
  0
VERTEX
 5
8A7
  8
LAYNR1
 10
48.61950
 20
27.73400
 42
1.0
  0
VERTEX
 5
8A8
  8
LAYNR1
 10
48.69450
 20
27.73400
 42
1.0
  0
SEQEND
  8
LAYNR1
  0
POLYLINE
 5
8A9
  8
LAYNR1
 66
1
 70
1
 40
0.075000
 41
0.075000
  0
VERTEX
 5
8AA
  8
LAYNR1
 10
48.61950
 20
27.03400
 42
1.0
  0
VERTEX
 5
8AB
  8
LAYNR1
 10
48.69450
 20
27.03400
 42
1.0
  0
SEQEND
  8
LAYNR1
  0
POLYLINE
 5
8AC
  8
PLACEMENT_OUTLINE_TOP
 66
1
 40
0.100000
 41
0.100000
  0
VERTEX
 5
8AD
  8
PLACEMENT_OUTLINE_TOP
 10
47.26000
 20
26.74900
  0
VERTEX
 5
8AE
  8
PLACEMENT_OUTLINE_TOP
 10
50.05400
 20
26.74900
  0
SEQEND
  8
PLACEMENT_OUTLINE_TOP
  0
POLYLINE
 5
8AF
  8
PLACEMENT_OUTLINE_TOP
 66
1
 70
1
 40
0.050000
 41
0.050000
  0
VERTEX
 5
8B0
  8
PLACEMENT_OUTLINE_TOP
 10
47.23500
 20
26.74900
 42
1.0
  0
VERTEX
 5
8B1
  8
PLACEMENT_OUTLINE_TOP
 10
47.28500
 20
26.74900
 42
1.0
  0
SEQEND
  8
PLACEMENT_OUTLINE_TOP
  0
POLYLINE
 5
8B2
  8
PLACEMENT_OUTLINE_TOP
 66
1
 70
1
 40
0.050000
 41
0.050000
  0
VERTEX
 5
8B3
  8
PLACEMENT_OUTLINE_TOP
 10
50.02900
 20
26.74900
 42
1.0
  0
VERTEX
 5
8B4
  8
PLACEMENT_OUTLINE_TOP
 10
50.07900
 20
26.74900
 42
1.0
  0
SEQEND
  8
PLACEMENT_OUTLINE_TOP
  0
POLYLINE
 5
8B5
  8
PLACEMENT_OUTLINE_TOP
 66
1
 40
0.100000
 41
0.100000
  0
VERTEX
 5
8B6
  8
PLACEMENT_OUTLINE_TOP
 10
50.05400
 20
26.74900
  0
VERTEX
 5
8B7
  8
PLACEMENT_OUTLINE_TOP
 10
50.05400
 20
28.01900
  0
SEQEND
  8
PLACEMENT_OUTLINE_TOP
  0
POLYLINE
 5
8B8
  8
PLACEMENT_OUTLINE_TOP
 66
1
 70
1
 40
0.050000
 41
0.050000
  0
VERTEX
 5
8B9
  8
PLACEMENT_OUTLINE_TOP
 10
50.02900
 20
26.74900
 42
1.0
  0
VERTEX
 5
8BA
  8
PLACEMENT_OUTLINE_TOP
 10
50.07900
 20
26.74900
 42
1.0
  0
SEQEND
  8
PLACEMENT_OUTLINE_TOP
  0
POLYLINE
 5
8BB
  8
PLACEMENT_OUTLINE_TOP
 66
1
 70
1
 40
0.050000
 41
0.050000
  0
VERTEX
 5
8BC
  8
PLACEMENT_OUTLINE_TOP
 10
50.02900
 20
28.01900
 42
1.0
  0
VERTEX
 5
8BD
  8
PLACEMENT_OUTLINE_TOP
 10
50.07900
 20
28.01900
 42
1.0
  0
SEQEND
  8
PLACEMENT_OUTLINE_TOP
  0
POLYLINE
 5
8BE
  8
PLACEMENT_OUTLINE_TOP
 66
1
 40
0.100000
 41
0.100000
  0
VERTEX
 5
8BF
  8
PLACEMENT_OUTLINE_TOP
 10
50.05400
 20
28.01900
  0
VERTEX
 5
8C0
  8
PLACEMENT_OUTLINE_TOP
 10
47.26000
 20
28.01900
  0
SEQEND
  8
PLACEMENT_OUTLINE_TOP
  0
POLYLINE
 5
8C1
  8
PLACEMENT_OUTLINE_TOP
 66
1
 70
1
 40
0.050000
 41
0.050000
  0
VERTEX
 5
8C2
  8
PLACEMENT_OUTLINE_TOP
 10
50.02900
 20
28.01900
 42
1.0
  0
VERTEX
 5
8C3
  8
PLACEMENT_OUTLINE_TOP
 10
50.07900
 20
28.01900
 42
1.0
  0
SEQEND
  8
PLACEMENT_OUTLINE_TOP
  0
POLYLINE
 5
8C4
  8
PLACEMENT_OUTLINE_TOP
 66
1
 70
1
 40
0.050000
 41
0.050000
  0
VERTEX
 5
8C5
  8
PLACEMENT_OUTLINE_TOP
 10
47.23500
 20
28.01900
 42
1.0
  0
VERTEX
 5
8C6
  8
PLACEMENT_OUTLINE_TOP
 10
47.28500
 20
28.01900
 42
1.0
  0
SEQEND
  8
PLACEMENT_OUTLINE_TOP
  0
POLYLINE
 5
8C7
  8
PLACEMENT_OUTLINE_TOP
 66
1
 40
0.100000
 41
0.100000
  0
VERTEX
 5
8C8
  8
PLACEMENT_OUTLINE_TOP
 10
47.26000
 20
28.01900
  0
VERTEX
 5
8C9
  8
PLACEMENT_OUTLINE_TOP
 10
47.26000
 20
26.74900
  0
SEQEND
  8
PLACEMENT_OUTLINE_TOP
  0
POLYLINE
 5
8CA
  8
PLACEMENT_OUTLINE_TOP
 66
1
 70
1
 40
0.050000
 41
0.050000
  0
VERTEX
 5
8CB
  8
PLACEMENT_OUTLINE_TOP
 10
47.23500
 20
28.01900
 42
1.0
  0
VERTEX
 5
8CC
  8
PLACEMENT_OUTLINE_TOP
 10
47.28500
 20
28.01900
 42
1.0
  0
SEQEND
  8
PLACEMENT_OUTLINE_TOP
  0
POLYLINE
 5
8CD
  8
PLACEMENT_OUTLINE_TOP
 66
1
 70
1
 40
0.050000
 41
0.050000
  0
VERTEX
 5
8CE
  8
PLACEMENT_OUTLINE_TOP
 10
47.23500
 20
26.74900
 42
1.0
  0
VERTEX
 5
8CF
  8
PLACEMENT_OUTLINE_TOP
 10
47.28500
 20
26.74900
 42
1.0
  0
SEQEND
  8
PLACEMENT_OUTLINE_TOP
  0
SOLID
 5
8D0
  8
PADLAYER_TOP
 10
49.87620
 20
27.84120
 11
48.96180
 21
27.84120
 12
49.87620
 22
26.92680
 13
48.96180
 23
26.92680
  0
SOLID
 5
8D1
  8
PADLAYER_TOP
 10
48.35220
 20
27.84120
 11
47.43780
 21
27.84120
 12
48.35220
 22
26.92680
 13
47.43780
 23
26.92680
  0
POLYLINE
 5
8D2
  8
LAYNR1
 66
1
 40
0.150000
 41
0.150000
  0
VERTEX
 5
8D3
  8
LAYNR1
 10
55.56620
 20
38.46480
  0
VERTEX
 5
8D4
  8
LAYNR1
 10
55.56620
 20
37.76480
  0
SEQEND
  8
LAYNR1
  0
POLYLINE
 5
8D5
  8
LAYNR1
 66
1
 70
1
 40
0.075000
 41
0.075000
  0
VERTEX
 5
8D6
  8
LAYNR1
 10
55.52870
 20
38.46480
 42
1.0
  0
VERTEX
 5
8D7
  8
LAYNR1
 10
55.60370
 20
38.46480
 42
1.0
  0
SEQEND
  8
LAYNR1
  0
POLYLINE
 5
8D8
  8
LAYNR1
 66
1
 70
1
 40
0.075000
 41
0.075000
  0
VERTEX
 5
8D9
  8
LAYNR1
 10
55.52870
 20
37.76480
 42
1.0
  0
VERTEX
 5
8DA
  8
LAYNR1
 10
55.60370
 20
37.76480
 42
1.0
  0
SEQEND
  8
LAYNR1
  0
POLYLINE
 5
8DB
  8
PLACEMENT_OUTLINE_TOP
 66
1
 40
0.100000
 41
0.100000
  0
VERTEX
 5
8DC
  8
PLACEMENT_OUTLINE_TOP
 10
54.16920
 20
37.47980
  0
VERTEX
 5
8DD
  8
PLACEMENT_OUTLINE_TOP
 10
56.96320
 20
37.47980
  0
SEQEND
  8
PLACEMENT_OUTLINE_TOP
  0
POLYLINE
 5
8DE
  8
PLACEMENT_OUTLINE_TOP
 66
1
 70
1
 40
0.050000
 41
0.050000
  0
VERTEX
 5
8DF
  8
PLACEMENT_OUTLINE_TOP
 10
54.14420
 20
37.47980
 42
1.0
  0
VERTEX
 5
8E0
  8
PLACEMENT_OUTLINE_TOP
 10
54.19420
 20
37.47980
 42
1.0
  0
SEQEND
  8
PLACEMENT_OUTLINE_TOP
  0
POLYLINE
 5
8E1
  8
PLACEMENT_OUTLINE_TOP
 66
1
 70
1
 40
0.050000
 41
0.050000
  0
VERTEX
 5
8E2
  8
PLACEMENT_OUTLINE_TOP
 10
56.93820
 20
37.47980
 42
1.0
  0
VERTEX
 5
8E3
  8
PLACEMENT_OUTLINE_TOP
 10
56.98820
 20
37.47980
 42
1.0
  0
SEQEND
  8
PLACEMENT_OUTLINE_TOP
  0
POLYLINE
 5
8E4
  8
PLACEMENT_OUTLINE_TOP
 66
1
 40
0.100000
 41
0.100000
  0
VERTEX
 5
8E5
  8
PLACEMENT_OUTLINE_TOP
 10
56.96320
 20
37.47980
  0
VERTEX
 5
8E6
  8
PLACEMENT_OUTLINE_TOP
 10
56.96320
 20
38.74980
  0
SEQEND
  8
PLACEMENT_OUTLINE_TOP
  0
POLYLINE
 5
8E7
  8
PLACEMENT_OUTLINE_TOP
 66
1
 70
1
 40
0.050000
 41
0.050000
  0
VERTEX
 5
8E8
  8
PLACEMENT_OUTLINE_TOP
 10
56.93820
 20
37.47980
 42
1.0
  0
VERTEX
 5
8E9
  8
PLACEMENT_OUTLINE_TOP
 10
56.98820
 20
37.47980
 42
1.0
  0
SEQEND
  8
PLACEMENT_OUTLINE_TOP
  0
POLYLINE
 5
8EA
  8
PLACEMENT_OUTLINE_TOP
 66
1
 70
1
 40
0.050000
 41
0.050000
  0
VERTEX
 5
8EB
  8
PLACEMENT_OUTLINE_TOP
 10
56.93820
 20
38.74980
 42
1.0
  0
VERTEX
 5
8EC
  8
PLACEMENT_OUTLINE_TOP
 10
56.98820
 20
38.74980
 42
1.0
  0
SEQEND
  8
PLACEMENT_OUTLINE_TOP
  0
POLYLINE
 5
8ED
  8
PLACEMENT_OUTLINE_TOP
 66
1
 40
0.100000
 41
0.100000
  0
VERTEX
 5
8EE
  8
PLACEMENT_OUTLINE_TOP
 10
56.96320
 20
38.74980
  0
VERTEX
 5
8EF
  8
PLACEMENT_OUTLINE_TOP
 10
54.16920
 20
38.74980
  0
SEQEND
  8
PLACEMENT_OUTLINE_TOP
  0
POLYLINE
 5
8F0
  8
PLACEMENT_OUTLINE_TOP
 66
1
 70
1
 40
0.050000
 41
0.050000
  0
VERTEX
 5
8F1
  8
PLACEMENT_OUTLINE_TOP
 10
56.93820
 20
38.74980
 42
1.0
  0
VERTEX
 5
8F2
  8
PLACEMENT_OUTLINE_TOP
 10
56.98820
 20
38.74980
 42
1.0
  0
SEQEND
  8
PLACEMENT_OUTLINE_TOP
  0
POLYLINE
 5
8F3
  8
PLACEMENT_OUTLINE_TOP
 66
1
 70
1
 40
0.050000
 41
0.050000
  0
VERTEX
 5
8F4
  8
PLACEMENT_OUTLINE_TOP
 10
54.14420
 20
38.74980
 42
1.0
  0
VERTEX
 5
8F5
  8
PLACEMENT_OUTLINE_TOP
 10
54.19420
 20
38.74980
 42
1.0
  0
SEQEND
  8
PLACEMENT_OUTLINE_TOP
  0
POLYLINE
 5
8F6
  8
PLACEMENT_OUTLINE_TOP
 66
1
 40
0.100000
 41
0.100000
  0
VERTEX
 5
8F7
  8
PLACEMENT_OUTLINE_TOP
 10
54.16920
 20
38.74980
  0
VERTEX
 5
8F8
  8
PLACEMENT_OUTLINE_TOP
 10
54.16920
 20
37.47980
  0
SEQEND
  8
PLACEMENT_OUTLINE_TOP
  0
POLYLINE
 5
8F9
  8
PLACEMENT_OUTLINE_TOP
 66
1
 70
1
 40
0.050000
 41
0.050000
  0
VERTEX
 5
8FA
  8
PLACEMENT_OUTLINE_TOP
 10
54.14420
 20
38.74980
 42
1.0
  0
VERTEX
 5
8FB
  8
PLACEMENT_OUTLINE_TOP
 10
54.19420
 20
38.74980
 42
1.0
  0
SEQEND
  8
PLACEMENT_OUTLINE_TOP
  0
POLYLINE
 5
8FC
  8
PLACEMENT_OUTLINE_TOP
 66
1
 70
1
 40
0.050000
 41
0.050000
  0
VERTEX
 5
8FD
  8
PLACEMENT_OUTLINE_TOP
 10
54.14420
 20
37.47980
 42
1.0
  0
VERTEX
 5
8FE
  8
PLACEMENT_OUTLINE_TOP
 10
54.19420
 20
37.47980
 42
1.0
  0
SEQEND
  8
PLACEMENT_OUTLINE_TOP
  0
SOLID
 5
8FF
  8
PADLAYER_TOP
 10
56.78540
 20
38.57200
 11
55.87100
 21
38.57200
 12
56.78540
 22
37.65760
 13
55.87100
 23
37.65760
  0
SOLID
 5
900
  8
PADLAYER_TOP
 10
55.26140
 20
38.57200
 11
54.34700
 21
38.57200
 12
55.26140
 22
37.65760
 13
54.34700
 23
37.65760
  0
POLYLINE
 5
901
  8
LAYNR1
 66
1
 40
0.150000
 41
0.150000
  0
VERTEX
 5
902
  8
LAYNR1
 10
55.56620
 20
39.26480
  0
VERTEX
 5
903
  8
LAYNR1
 10
55.56620
 20
39.96480
  0
SEQEND
  8
LAYNR1
  0
POLYLINE
 5
904
  8
LAYNR1
 66
1
 70
1
 40
0.075000
 41
0.075000
  0
VERTEX
 5
905
  8
LAYNR1
 10
55.52870
 20
39.26480
 42
1.0
  0
VERTEX
 5
906
  8
LAYNR1
 10
55.60370
 20
39.26480
 42
1.0
  0
SEQEND
  8
LAYNR1
  0
POLYLINE
 5
907
  8
LAYNR1
 66
1
 70
1
 40
0.075000
 41
0.075000
  0
VERTEX
 5
908
  8
LAYNR1
 10
55.52870
 20
39.96480
 42
1.0
  0
VERTEX
 5
909
  8
LAYNR1
 10
55.60370
 20
39.96480
 42
1.0
  0
SEQEND
  8
LAYNR1
  0
POLYLINE
 5
90A
  8
PLACEMENT_OUTLINE_TOP
 66
1
 40
0.100000
 41
0.100000
  0
VERTEX
 5
90B
  8
PLACEMENT_OUTLINE_TOP
 10
56.96320
 20
40.24980
  0
VERTEX
 5
90C
  8
PLACEMENT_OUTLINE_TOP
 10
54.16920
 20
40.24980
  0
SEQEND
  8
PLACEMENT_OUTLINE_TOP
  0
POLYLINE
 5
90D
  8
PLACEMENT_OUTLINE_TOP
 66
1
 70
1
 40
0.050000
 41
0.050000
  0
VERTEX
 5
90E
  8
PLACEMENT_OUTLINE_TOP
 10
56.93820
 20
40.24980
 42
1.0
  0
VERTEX
 5
90F
  8
PLACEMENT_OUTLINE_TOP
 10
56.98820
 20
40.24980
 42
1.0
  0
SEQEND
  8
PLACEMENT_OUTLINE_TOP
  0
POLYLINE
 5
910
  8
PLACEMENT_OUTLINE_TOP
 66
1
 70
1
 40
0.050000
 41
0.050000
  0
VERTEX
 5
911
  8
PLACEMENT_OUTLINE_TOP
 10
54.14420
 20
40.24980
 42
1.0
  0
VERTEX
 5
912
  8
PLACEMENT_OUTLINE_TOP
 10
54.19420
 20
40.24980
 42
1.0
  0
SEQEND
  8
PLACEMENT_OUTLINE_TOP
  0
POLYLINE
 5
913
  8
PLACEMENT_OUTLINE_TOP
 66
1
 40
0.100000
 41
0.100000
  0
VERTEX
 5
914
  8
PLACEMENT_OUTLINE_TOP
 10
54.16920
 20
40.24980
  0
VERTEX
 5
915
  8
PLACEMENT_OUTLINE_TOP
 10
54.16920
 20
38.97980
  0
SEQEND
  8
PLACEMENT_OUTLINE_TOP
  0
POLYLINE
 5
916
  8
PLACEMENT_OUTLINE_TOP
 66
1
 70
1
 40
0.050000
 41
0.050000
  0
VERTEX
 5
917
  8
PLACEMENT_OUTLINE_TOP
 10
54.14420
 20
40.24980
 42
1.0
  0
VERTEX
 5
918
  8
PLACEMENT_OUTLINE_TOP
 10
54.19420
 20
40.24980
 42
1.0
  0
SEQEND
  8
PLACEMENT_OUTLINE_TOP
  0
POLYLINE
 5
919
  8
PLACEMENT_OUTLINE_TOP
 66
1
 70
1
 40
0.050000
 41
0.050000
  0
VERTEX
 5
91A
  8
PLACEMENT_OUTLINE_TOP
 10
54.14420
 20
38.97980
 42
1.0
  0
VERTEX
 5
91B
  8
PLACEMENT_OUTLINE_TOP
 10
54.19420
 20
38.97980
 42
1.0
  0
SEQEND
  8
PLACEMENT_OUTLINE_TOP
  0
POLYLINE
 5
91C
  8
PLACEMENT_OUTLINE_TOP
 66
1
 40
0.100000
 41
0.100000
  0
VERTEX
 5
91D
  8
PLACEMENT_OUTLINE_TOP
 10
54.16920
 20
38.97980
  0
VERTEX
 5
91E
  8
PLACEMENT_OUTLINE_TOP
 10
56.96320
 20
38.97980
  0
SEQEND
  8
PLACEMENT_OUTLINE_TOP
  0
POLYLINE
 5
91F
  8
PLACEMENT_OUTLINE_TOP
 66
1
 70
1
 40
0.050000
 41
0.050000
  0
VERTEX
 5
920
  8
PLACEMENT_OUTLINE_TOP
 10
54.14420
 20
38.97980
 42
1.0
  0
VERTEX
 5
921
  8
PLACEMENT_OUTLINE_TOP
 10
54.19420
 20
38.97980
 42
1.0
  0
SEQEND
  8
PLACEMENT_OUTLINE_TOP
  0
POLYLINE
 5
922
  8
PLACEMENT_OUTLINE_TOP
 66
1
 70
1
 40
0.050000
 41
0.050000
  0
VERTEX
 5
923
  8
PLACEMENT_OUTLINE_TOP
 10
56.93820
 20
38.97980
 42
1.0
  0
VERTEX
 5
924
  8
PLACEMENT_OUTLINE_TOP
 10
56.98820
 20
38.97980
 42
1.0
  0
SEQEND
  8
PLACEMENT_OUTLINE_TOP
  0
POLYLINE
 5
925
  8
PLACEMENT_OUTLINE_TOP
 66
1
 40
0.100000
 41
0.100000
  0
VERTEX
 5
926
  8
PLACEMENT_OUTLINE_TOP
 10
56.96320
 20
38.97980
  0
VERTEX
 5
927
  8
PLACEMENT_OUTLINE_TOP
 10
56.96320
 20
40.24980
  0
SEQEND
  8
PLACEMENT_OUTLINE_TOP
  0
POLYLINE
 5
928
  8
PLACEMENT_OUTLINE_TOP
 66
1
 70
1
 40
0.050000
 41
0.050000
  0
VERTEX
 5
929
  8
PLACEMENT_OUTLINE_TOP
 10
56.93820
 20
38.97980
 42
1.0
  0
VERTEX
 5
92A
  8
PLACEMENT_OUTLINE_TOP
 10
56.98820
 20
38.97980
 42
1.0
  0
SEQEND
  8
PLACEMENT_OUTLINE_TOP
  0
POLYLINE
 5
92B
  8
PLACEMENT_OUTLINE_TOP
 66
1
 70
1
 40
0.050000
 41
0.050000
  0
VERTEX
 5
92C
  8
PLACEMENT_OUTLINE_TOP
 10
56.93820
 20
40.24980
 42
1.0
  0
VERTEX
 5
92D
  8
PLACEMENT_OUTLINE_TOP
 10
56.98820
 20
40.24980
 42
1.0
  0
SEQEND
  8
PLACEMENT_OUTLINE_TOP
  0
SOLID
 5
92E
  8
PADLAYER_TOP
 10
54.34700
 20
39.15760
 11
55.26140
 21
39.15760
 12
54.34700
 22
40.07200
 13
55.26140
 23
40.07200
  0
SOLID
 5
92F
  8
PADLAYER_TOP
 10
55.87100
 20
39.15760
 11
56.78540
 21
39.15760
 12
55.87100
 22
40.07200
 13
56.78540
 23
40.07200
  0
POLYLINE
 5
930
  8
LAYNR1
 66
1
 40
0.203200
 41
0.203200
  0
VERTEX
 5
931
  8
LAYNR1
 10
55.56620
 20
36.26480
  0
VERTEX
 5
932
  8
LAYNR1
 10
55.56620
 20
36.96480
  0
SEQEND
  8
LAYNR1
  0
POLYLINE
 5
933
  8
LAYNR1
 66
1
 70
1
 40
0.101600
 41
0.101600
  0
VERTEX
 5
934
  8
LAYNR1
 10
55.51540
 20
36.26480
 42
1.0
  0
VERTEX
 5
935
  8
LAYNR1
 10
55.61700
 20
36.26480
 42
1.0
  0
SEQEND
  8
LAYNR1
  0
POLYLINE
 5
936
  8
LAYNR1
 66
1
 70
1
 40
0.101600
 41
0.101600
  0
VERTEX
 5
937
  8
LAYNR1
 10
55.51540
 20
36.96480
 42
1.0
  0
VERTEX
 5
938
  8
LAYNR1
 10
55.61700
 20
36.96480
 42
1.0
  0
SEQEND
  8
LAYNR1
  0
POLYLINE
 5
939
  8
PLACEMENT_OUTLINE_TOP
 66
1
 40
0.100000
 41
0.100000
  0
VERTEX
 5
93A
  8
PLACEMENT_OUTLINE_TOP
 10
54.16920
 20
35.97980
  0
VERTEX
 5
93B
  8
PLACEMENT_OUTLINE_TOP
 10
56.96320
 20
35.97980
  0
SEQEND
  8
PLACEMENT_OUTLINE_TOP
  0
POLYLINE
 5
93C
  8
PLACEMENT_OUTLINE_TOP
 66
1
 70
1
 40
0.050000
 41
0.050000
  0
VERTEX
 5
93D
  8
PLACEMENT_OUTLINE_TOP
 10
54.14420
 20
35.97980
 42
1.0
  0
VERTEX
 5
93E
  8
PLACEMENT_OUTLINE_TOP
 10
54.19420
 20
35.97980
 42
1.0
  0
SEQEND
  8
PLACEMENT_OUTLINE_TOP
  0
POLYLINE
 5
93F
  8
PLACEMENT_OUTLINE_TOP
 66
1
 70
1
 40
0.050000
 41
0.050000
  0
VERTEX
 5
940
  8
PLACEMENT_OUTLINE_TOP
 10
56.93820
 20
35.97980
 42
1.0
  0
VERTEX
 5
941
  8
PLACEMENT_OUTLINE_TOP
 10
56.98820
 20
35.97980
 42
1.0
  0
SEQEND
  8
PLACEMENT_OUTLINE_TOP
  0
POLYLINE
 5
942
  8
PLACEMENT_OUTLINE_TOP
 66
1
 40
0.100000
 41
0.100000
  0
VERTEX
 5
943
  8
PLACEMENT_OUTLINE_TOP
 10
56.96320
 20
35.97980
  0
VERTEX
 5
944
  8
PLACEMENT_OUTLINE_TOP
 10
56.96320
 20
37.24980
  0
SEQEND
  8
PLACEMENT_OUTLINE_TOP
  0
POLYLINE
 5
945
  8
PLACEMENT_OUTLINE_TOP
 66
1
 70
1
 40
0.050000
 41
0.050000
  0
VERTEX
 5
946
  8
PLACEMENT_OUTLINE_TOP
 10
56.93820
 20
35.97980
 42
1.0
  0
VERTEX
 5
947
  8
PLACEMENT_OUTLINE_TOP
 10
56.98820
 20
35.97980
 42
1.0
  0
SEQEND
  8
PLACEMENT_OUTLINE_TOP
  0
POLYLINE
 5
948
  8
PLACEMENT_OUTLINE_TOP
 66
1
 70
1
 40
0.050000
 41
0.050000
  0
VERTEX
 5
949
  8
PLACEMENT_OUTLINE_TOP
 10
56.93820
 20
37.24980
 42
1.0
  0
VERTEX
 5
94A
  8
PLACEMENT_OUTLINE_TOP
 10
56.98820
 20
37.24980
 42
1.0
  0
SEQEND
  8
PLACEMENT_OUTLINE_TOP
  0
POLYLINE
 5
94B
  8
PLACEMENT_OUTLINE_TOP
 66
1
 40
0.100000
 41
0.100000
  0
VERTEX
 5
94C
  8
PLACEMENT_OUTLINE_TOP
 10
56.96320
 20
37.24980
  0
VERTEX
 5
94D
  8
PLACEMENT_OUTLINE_TOP
 10
54.16920
 20
37.24980
  0
SEQEND
  8
PLACEMENT_OUTLINE_TOP
  0
POLYLINE
 5
94E
  8
PLACEMENT_OUTLINE_TOP
 66
1
 70
1
 40
0.050000
 41
0.050000
  0
VERTEX
 5
94F
  8
PLACEMENT_OUTLINE_TOP
 10
56.93820
 20
37.24980
 42
1.0
  0
VERTEX
 5
950
  8
PLACEMENT_OUTLINE_TOP
 10
56.98820
 20
37.24980
 42
1.0
  0
SEQEND
  8
PLACEMENT_OUTLINE_TOP
  0
POLYLINE
 5
951
  8
PLACEMENT_OUTLINE_TOP
 66
1
 70
1
 40
0.050000
 41
0.050000
  0
VERTEX
 5
952
  8
PLACEMENT_OUTLINE_TOP
 10
54.14420
 20
37.24980
 42
1.0
  0
VERTEX
 5
953
  8
PLACEMENT_OUTLINE_TOP
 10
54.19420
 20
37.24980
 42
1.0
  0
SEQEND
  8
PLACEMENT_OUTLINE_TOP
  0
POLYLINE
 5
954
  8
PLACEMENT_OUTLINE_TOP
 66
1
 40
0.100000
 41
0.100000
  0
VERTEX
 5
955
  8
PLACEMENT_OUTLINE_TOP
 10
54.16920
 20
37.24980
  0
VERTEX
 5
956
  8
PLACEMENT_OUTLINE_TOP
 10
54.16920
 20
35.97980
  0
SEQEND
  8
PLACEMENT_OUTLINE_TOP
  0
POLYLINE
 5
957
  8
PLACEMENT_OUTLINE_TOP
 66
1
 70
1
 40
0.050000
 41
0.050000
  0
VERTEX
 5
958
  8
PLACEMENT_OUTLINE_TOP
 10
54.14420
 20
37.24980
 42
1.0
  0
VERTEX
 5
959
  8
PLACEMENT_OUTLINE_TOP
 10
54.19420
 20
37.24980
 42
1.0
  0
SEQEND
  8
PLACEMENT_OUTLINE_TOP
  0
POLYLINE
 5
95A
  8
PLACEMENT_OUTLINE_TOP
 66
1
 70
1
 40
0.050000
 41
0.050000
  0
VERTEX
 5
95B
  8
PLACEMENT_OUTLINE_TOP
 10
54.14420
 20
35.97980
 42
1.0
  0
VERTEX
 5
95C
  8
PLACEMENT_OUTLINE_TOP
 10
54.19420
 20
35.97980
 42
1.0
  0
SEQEND
  8
PLACEMENT_OUTLINE_TOP
  0
SOLID
 5
95D
  8
PADLAYER_TOP
 10
56.78540
 20
37.07200
 11
55.87100
 21
37.07200
 12
56.78540
 22
36.15760
 13
55.87100
 23
36.15760
  0
SOLID
 5
95E
  8
PADLAYER_TOP
 10
55.26140
 20
37.07200
 11
54.34700
 21
37.07200
 12
55.26140
 22
36.15760
 13
54.34700
 23
36.15760
  0
POLYLINE
 5
95F
  8
LAYNR1
 66
1
 40
0.203200
 41
0.203200
  0
VERTEX
 5
960
  8
LAYNR1
 10
55.56620
 20
40.76480
  0
VERTEX
 5
961
  8
LAYNR1
 10
55.56620
 20
41.46480
  0
SEQEND
  8
LAYNR1
  0
POLYLINE
 5
962
  8
LAYNR1
 66
1
 70
1
 40
0.101600
 41
0.101600
  0
VERTEX
 5
963
  8
LAYNR1
 10
55.51540
 20
40.76480
 42
1.0
  0
VERTEX
 5
964
  8
LAYNR1
 10
55.61700
 20
40.76480
 42
1.0
  0
SEQEND
  8
LAYNR1
  0
POLYLINE
 5
965
  8
LAYNR1
 66
1
 70
1
 40
0.101600
 41
0.101600
  0
VERTEX
 5
966
  8
LAYNR1
 10
55.51540
 20
41.46480
 42
1.0
  0
VERTEX
 5
967
  8
LAYNR1
 10
55.61700
 20
41.46480
 42
1.0
  0
SEQEND
  8
LAYNR1
  0
POLYLINE
 5
968
  8
PLACEMENT_OUTLINE_TOP
 66
1
 40
0.100000
 41
0.100000
  0
VERTEX
 5
969
  8
PLACEMENT_OUTLINE_TOP
 10
54.16920
 20
40.47980
  0
VERTEX
 5
96A
  8
PLACEMENT_OUTLINE_TOP
 10
56.96320
 20
40.47980
  0
SEQEND
  8
PLACEMENT_OUTLINE_TOP
  0
POLYLINE
 5
96B
  8
PLACEMENT_OUTLINE_TOP
 66
1
 70
1
 40
0.050000
 41
0.050000
  0
VERTEX
 5
96C
  8
PLACEMENT_OUTLINE_TOP
 10
54.14420
 20
40.47980
 42
1.0
  0
VERTEX
 5
96D
  8
PLACEMENT_OUTLINE_TOP
 10
54.19420
 20
40.47980
 42
1.0
  0
SEQEND
  8
PLACEMENT_OUTLINE_TOP
  0
POLYLINE
 5
96E
  8
PLACEMENT_OUTLINE_TOP
 66
1
 70
1
 40
0.050000
 41
0.050000
  0
VERTEX
 5
96F
  8
PLACEMENT_OUTLINE_TOP
 10
56.93820
 20
40.47980
 42
1.0
  0
VERTEX
 5
970
  8
PLACEMENT_OUTLINE_TOP
 10
56.98820
 20
40.47980
 42
1.0
  0
SEQEND
  8
PLACEMENT_OUTLINE_TOP
  0
POLYLINE
 5
971
  8
PLACEMENT_OUTLINE_TOP
 66
1
 40
0.100000
 41
0.100000
  0
VERTEX
 5
972
  8
PLACEMENT_OUTLINE_TOP
 10
56.96320
 20
40.47980
  0
VERTEX
 5
973
  8
PLACEMENT_OUTLINE_TOP
 10
56.96320
 20
41.74980
  0
SEQEND
  8
PLACEMENT_OUTLINE_TOP
  0
POLYLINE
 5
974
  8
PLACEMENT_OUTLINE_TOP
 66
1
 70
1
 40
0.050000
 41
0.050000
  0
VERTEX
 5
975
  8
PLACEMENT_OUTLINE_TOP
 10
56.93820
 20
40.47980
 42
1.0
  0
VERTEX
 5
976
  8
PLACEMENT_OUTLINE_TOP
 10
56.98820
 20
40.47980
 42
1.0
  0
SEQEND
  8
PLACEMENT_OUTLINE_TOP
  0
POLYLINE
 5
977
  8
PLACEMENT_OUTLINE_TOP
 66
1
 70
1
 40
0.050000
 41
0.050000
  0
VERTEX
 5
978
  8
PLACEMENT_OUTLINE_TOP
 10
56.93820
 20
41.74980
 42
1.0
  0
VERTEX
 5
979
  8
PLACEMENT_OUTLINE_TOP
 10
56.98820
 20
41.74980
 42
1.0
  0
SEQEND
  8
PLACEMENT_OUTLINE_TOP
  0
POLYLINE
 5
97A
  8
PLACEMENT_OUTLINE_TOP
 66
1
 40
0.100000
 41
0.100000
  0
VERTEX
 5
97B
  8
PLACEMENT_OUTLINE_TOP
 10
56.96320
 20
41.74980
  0
VERTEX
 5
97C
  8
PLACEMENT_OUTLINE_TOP
 10
54.16920
 20
41.74980
  0
SEQEND
  8
PLACEMENT_OUTLINE_TOP
  0
POLYLINE
 5
97D
  8
PLACEMENT_OUTLINE_TOP
 66
1
 70
1
 40
0.050000
 41
0.050000
  0
VERTEX
 5
97E
  8
PLACEMENT_OUTLINE_TOP
 10
56.93820
 20
41.74980
 42
1.0
  0
VERTEX
 5
97F
  8
PLACEMENT_OUTLINE_TOP
 10
56.98820
 20
41.74980
 42
1.0
  0
SEQEND
  8
PLACEMENT_OUTLINE_TOP
  0
POLYLINE
 5
980
  8
PLACEMENT_OUTLINE_TOP
 66
1
 70
1
 40
0.050000
 41
0.050000
  0
VERTEX
 5
981
  8
PLACEMENT_OUTLINE_TOP
 10
54.14420
 20
41.74980
 42
1.0
  0
VERTEX
 5
982
  8
PLACEMENT_OUTLINE_TOP
 10
54.19420
 20
41.74980
 42
1.0
  0
SEQEND
  8
PLACEMENT_OUTLINE_TOP
  0
POLYLINE
 5
983
  8
PLACEMENT_OUTLINE_TOP
 66
1
 40
0.100000
 41
0.100000
  0
VERTEX
 5
984
  8
PLACEMENT_OUTLINE_TOP
 10
54.16920
 20
41.74980
  0
VERTEX
 5
985
  8
PLACEMENT_OUTLINE_TOP
 10
54.16920
 20
40.47980
  0
SEQEND
  8
PLACEMENT_OUTLINE_TOP
  0
POLYLINE
 5
986
  8
PLACEMENT_OUTLINE_TOP
 66
1
 70
1
 40
0.050000
 41
0.050000
  0
VERTEX
 5
987
  8
PLACEMENT_OUTLINE_TOP
 10
54.14420
 20
41.74980
 42
1.0
  0
VERTEX
 5
988
  8
PLACEMENT_OUTLINE_TOP
 10
54.19420
 20
41.74980
 42
1.0
  0
SEQEND
  8
PLACEMENT_OUTLINE_TOP
  0
POLYLINE
 5
989
  8
PLACEMENT_OUTLINE_TOP
 66
1
 70
1
 40
0.050000
 41
0.050000
  0
VERTEX
 5
98A
  8
PLACEMENT_OUTLINE_TOP
 10
54.14420
 20
40.47980
 42
1.0
  0
VERTEX
 5
98B
  8
PLACEMENT_OUTLINE_TOP
 10
54.19420
 20
40.47980
 42
1.0
  0
SEQEND
  8
PLACEMENT_OUTLINE_TOP
  0
SOLID
 5
98C
  8
PADLAYER_TOP
 10
56.78540
 20
41.57200
 11
55.87100
 21
41.57200
 12
56.78540
 22
40.65760
 13
55.87100
 23
40.65760
  0
SOLID
 5
98D
  8
PADLAYER_TOP
 10
55.26140
 20
41.57200
 11
54.34700
 21
41.57200
 12
55.26140
 22
40.65760
 13
54.34700
 23
40.65760
  0
POLYLINE
 5
98E
  8
2DLINES_1
 66
1
 40
0.203200
 41
0.203200
  0
VERTEX
 5
98F
  8
2DLINES_1
 10
71.18520
 20
68.51400
  0
VERTEX
 5
990
  8
2DLINES_1
 10
71.18520
 20
67.28380
  0
SEQEND
  8
2DLINES_1
  0
POLYLINE
 5
991
  8
2DLINES_1
 66
1
 70
1
 40
0.101600
 41
0.101600
  0
VERTEX
 5
992
  8
2DLINES_1
 10
71.13440
 20
68.51400
 42
1.0
  0
VERTEX
 5
993
  8
2DLINES_1
 10
71.23600
 20
68.51400
 42
1.0
  0
SEQEND
  8
2DLINES_1
  0
POLYLINE
 5
994
  8
2DLINES_1
 66
1
 70
1
 40
0.101600
 41
0.101600
  0
VERTEX
 5
995
  8
2DLINES_1
 10
71.13440
 20
67.28380
 42
1.0
  0
VERTEX
 5
996
  8
2DLINES_1
 10
71.23600
 20
67.28380
 42
1.0
  0
SEQEND
  8
2DLINES_1
  0
POLYLINE
 5
997
  8
2DLINES_1
 66
1
 40
0.203200
 41
0.203200
  0
VERTEX
 5
998
  8
2DLINES_1
 10
71.18520
 20
67.28380
  0
VERTEX
 5
999
  8
2DLINES_1
 10
70.87207
 20
67.28380
  0
SEQEND
  8
2DLINES_1
  0
POLYLINE
 5
99A
  8
2DLINES_1
 66
1
 70
1
 40
0.101600
 41
0.101600
  0
VERTEX
 5
99B
  8
2DLINES_1
 10
71.13440
 20
67.28380
 42
1.0
  0
VERTEX
 5
99C
  8
2DLINES_1
 10
71.23600
 20
67.28380
 42
1.0
  0
SEQEND
  8
2DLINES_1
  0
POLYLINE
 5
99D
  8
2DLINES_1
 66
1
 70
1
 40
0.101600
 41
0.101600
  0
VERTEX
 5
99E
  8
2DLINES_1
 10
70.82127
 20
67.28380
 42
1.0
  0
VERTEX
 5
99F
  8
2DLINES_1
 10
70.92287
 20
67.28380
 42
1.0
  0
SEQEND
  8
2DLINES_1
  0
POLYLINE
 5
9A0
  8
2DLINES_1
 66
1
 40
0.203200
 41
0.203200
  0
VERTEX
 5
9A1
  8
2DLINES_1
 10
70.87207
 20
67.28380
  0
VERTEX
 5
9A2
  8
2DLINES_1
 10
70.87207
 20
66.85200
  0
SEQEND
  8
2DLINES_1
  0
POLYLINE
 5
9A3
  8
2DLINES_1
 66
1
 70
1
 40
0.101600
 41
0.101600
  0
VERTEX
 5
9A4
  8
2DLINES_1
 10
70.82127
 20
67.28380
 42
1.0
  0
VERTEX
 5
9A5
  8
2DLINES_1
 10
70.92287
 20
67.28380
 42
1.0
  0
SEQEND
  8
2DLINES_1
  0
POLYLINE
 5
9A6
  8
2DLINES_1
 66
1
 70
1
 40
0.101600
 41
0.101600
  0
VERTEX
 5
9A7
  8
2DLINES_1
 10
70.82127
 20
66.85200
 42
1.0
  0
VERTEX
 5
9A8
  8
2DLINES_1
 10
70.92287
 20
66.85200
 42
1.0
  0
SEQEND
  8
2DLINES_1
  0
POLYLINE
 5
9A9
  8
2DLINES_1
 66
1
 40
0.203200
 41
0.203200
  0
VERTEX
 5
9AA
  8
2DLINES_1
 10
70.87207
 20
66.85200
  0
VERTEX
 5
9AB
  8
2DLINES_1
 10
71.18520
 20
66.85200
  0
SEQEND
  8
2DLINES_1
  0
POLYLINE
 5
9AC
  8
2DLINES_1
 66
1
 70
1
 40
0.101600
 41
0.101600
  0
VERTEX
 5
9AD
  8
2DLINES_1
 10
70.82127
 20
66.85200
 42
1.0
  0
VERTEX
 5
9AE
  8
2DLINES_1
 10
70.92287
 20
66.85200
 42
1.0
  0
SEQEND
  8
2DLINES_1
  0
POLYLINE
 5
9AF
  8
2DLINES_1
 66
1
 70
1
 40
0.101600
 41
0.101600
  0
VERTEX
 5
9B0
  8
2DLINES_1
 10
71.13440
 20
66.85200
 42
1.0
  0
VERTEX
 5
9B1
  8
2DLINES_1
 10
71.23600
 20
66.85200
 42
1.0
  0
SEQEND
  8
2DLINES_1
  0
POLYLINE
 5
9B2
  8
2DLINES_1
 66
1
 40
0.203200
 41
0.203200
  0
VERTEX
 5
9B3
  8
2DLINES_1
 10
71.18520
 20
66.85200
  0
VERTEX
 5
9B4
  8
2DLINES_1
 10
71.18520
 20
65.67800
  0
SEQEND
  8
2DLINES_1
  0
POLYLINE
 5
9B5
  8
2DLINES_1
 66
1
 70
1
 40
0.101600
 41
0.101600
  0
VERTEX
 5
9B6
  8
2DLINES_1
 10
71.13440
 20
66.85200
 42
1.0
  0
VERTEX
 5
9B7
  8
2DLINES_1
 10
71.23600
 20
66.85200
 42
1.0
  0
SEQEND
  8
2DLINES_1
  0
POLYLINE
 5
9B8
  8
2DLINES_1
 66
1
 70
1
 40
0.101600
 41
0.101600
  0
VERTEX
 5
9B9
  8
2DLINES_1
 10
71.13440
 20
65.67800
 42
1.0
  0
VERTEX
 5
9BA
  8
2DLINES_1
 10
71.23600
 20
65.67800
 42
1.0
  0
SEQEND
  8
2DLINES_1
  0
POLYLINE
 5
9BB
  8
2DLINES_1
 66
1
 40
0.203200
 41
0.203200
  0
VERTEX
 5
9BC
  8
2DLINES_1
 10
71.18520
 20
65.67800
  0
VERTEX
 5
9BD
  8
2DLINES_1
 10
66.17520
 20
65.67800
  0
SEQEND
  8
2DLINES_1
  0
POLYLINE
 5
9BE
  8
2DLINES_1
 66
1
 70
1
 40
0.101600
 41
0.101600
  0
VERTEX
 5
9BF
  8
2DLINES_1
 10
71.13440
 20
65.67800
 42
1.0
  0
VERTEX
 5
9C0
  8
2DLINES_1
 10
71.23600
 20
65.67800
 42
1.0
  0
SEQEND
  8
2DLINES_1
  0
POLYLINE
 5
9C1
  8
2DLINES_1
 66
1
 70
1
 40
0.101600
 41
0.101600
  0
VERTEX
 5
9C2
  8
2DLINES_1
 10
66.12440
 20
65.67800
 42
1.0
  0
VERTEX
 5
9C3
  8
2DLINES_1
 10
66.22600
 20
65.67800
 42
1.0
  0
SEQEND
  8
2DLINES_1
  0
POLYLINE
 5
9C4
  8
2DLINES_1
 66
1
 40
0.203200
 41
0.203200
  0
VERTEX
 5
9C5
  8
2DLINES_1
 10
66.17520
 20
65.67800
  0
VERTEX
 5
9C6
  8
2DLINES_1
 10
66.17520
 20
68.51400
  0
SEQEND
  8
2DLINES_1
  0
POLYLINE
 5
9C7
  8
2DLINES_1
 66
1
 70
1
 40
0.101600
 41
0.101600
  0
VERTEX
 5
9C8
  8
2DLINES_1
 10
66.12440
 20
65.67800
 42
1.0
  0
VERTEX
 5
9C9
  8
2DLINES_1
 10
66.22600
 20
65.67800
 42
1.0
  0
SEQEND
  8
2DLINES_1
  0
POLYLINE
 5
9CA
  8
2DLINES_1
 66
1
 70
1
 40
0.101600
 41
0.101600
  0
VERTEX
 5
9CB
  8
2DLINES_1
 10
66.12440
 20
68.51400
 42
1.0
  0
VERTEX
 5
9CC
  8
2DLINES_1
 10
66.22600
 20
68.51400
 42
1.0
  0
SEQEND
  8
2DLINES_1
  0
POLYLINE
 5
9CD
  8
2DLINES_1
 66
1
 40
0.203200
 41
0.203200
  0
VERTEX
 5
9CE
  8
2DLINES_1
 10
66.17520
 20
68.51400
  0
VERTEX
 5
9CF
  8
2DLINES_1
 10
71.18520
 20
68.51400
  0
SEQEND
  8
2DLINES_1
  0
POLYLINE
 5
9D0
  8
2DLINES_1
 66
1
 70
1
 40
0.101600
 41
0.101600
  0
VERTEX
 5
9D1
  8
2DLINES_1
 10
66.12440
 20
68.51400
 42
1.0
  0
VERTEX
 5
9D2
  8
2DLINES_1
 10
66.22600
 20
68.51400
 42
1.0
  0
SEQEND
  8
2DLINES_1
  0
POLYLINE
 5
9D3
  8
2DLINES_1
 66
1
 70
1
 40
0.101600
 41
0.101600
  0
VERTEX
 5
9D4
  8
2DLINES_1
 10
71.13440
 20
68.51400
 42
1.0
  0
VERTEX
 5
9D5
  8
2DLINES_1
 10
71.23600
 20
68.51400
 42
1.0
  0
SEQEND
  8
2DLINES_1
  0
POLYLINE
 5
9D6
  8
PLACEMENT_OUTLINE_TOP
 66
1
 40
0.203200
 41
0.203200
  0
VERTEX
 5
9D7
  8
PLACEMENT_OUTLINE_TOP
 10
71.18520
 20
68.51400
  0
VERTEX
 5
9D8
  8
PLACEMENT_OUTLINE_TOP
 10
71.18520
 20
67.28380
  0
SEQEND
  8
PLACEMENT_OUTLINE_TOP
  0
POLYLINE
 5
9D9
  8
PLACEMENT_OUTLINE_TOP
 66
1
 70
1
 40
0.101600
 41
0.101600
  0
VERTEX
 5
9DA
  8
PLACEMENT_OUTLINE_TOP
 10
71.13440
 20
68.51400
 42
1.0
  0
VERTEX
 5
9DB
  8
PLACEMENT_OUTLINE_TOP
 10
71.23600
 20
68.51400
 42
1.0
  0
SEQEND
  8
PLACEMENT_OUTLINE_TOP
  0
POLYLINE
 5
9DC
  8
PLACEMENT_OUTLINE_TOP
 66
1
 70
1
 40
0.101600
 41
0.101600
  0
VERTEX
 5
9DD
  8
PLACEMENT_OUTLINE_TOP
 10
71.13440
 20
67.28380
 42
1.0
  0
VERTEX
 5
9DE
  8
PLACEMENT_OUTLINE_TOP
 10
71.23600
 20
67.28380
 42
1.0
  0
SEQEND
  8
PLACEMENT_OUTLINE_TOP
  0
POLYLINE
 5
9DF
  8
PLACEMENT_OUTLINE_TOP
 66
1
 40
0.203200
 41
0.203200
  0
VERTEX
 5
9E0
  8
PLACEMENT_OUTLINE_TOP
 10
71.18520
 20
67.28380
  0
VERTEX
 5
9E1
  8
PLACEMENT_OUTLINE_TOP
 10
70.87207
 20
67.28380
  0
SEQEND
  8
PLACEMENT_OUTLINE_TOP
  0
POLYLINE
 5
9E2
  8
PLACEMENT_OUTLINE_TOP
 66
1
 70
1
 40
0.101600
 41
0.101600
  0
VERTEX
 5
9E3
  8
PLACEMENT_OUTLINE_TOP
 10
71.13440
 20
67.28380
 42
1.0
  0
VERTEX
 5
9E4
  8
PLACEMENT_OUTLINE_TOP
 10
71.23600
 20
67.28380
 42
1.0
  0
SEQEND
  8
PLACEMENT_OUTLINE_TOP
  0
POLYLINE
 5
9E5
  8
PLACEMENT_OUTLINE_TOP
 66
1
 70
1
 40
0.101600
 41
0.101600
  0
VERTEX
 5
9E6
  8
PLACEMENT_OUTLINE_TOP
 10
70.82127
 20
67.28380
 42
1.0
  0
VERTEX
 5
9E7
  8
PLACEMENT_OUTLINE_TOP
 10
70.92287
 20
67.28380
 42
1.0
  0
SEQEND
  8
PLACEMENT_OUTLINE_TOP
  0
POLYLINE
 5
9E8
  8
PLACEMENT_OUTLINE_TOP
 66
1
 40
0.203200
 41
0.203200
  0
VERTEX
 5
9E9
  8
PLACEMENT_OUTLINE_TOP
 10
70.87207
 20
67.28380
  0
VERTEX
 5
9EA
  8
PLACEMENT_OUTLINE_TOP
 10
70.87207
 20
66.85200
  0
SEQEND
  8
PLACEMENT_OUTLINE_TOP
  0
POLYLINE
 5
9EB
  8
PLACEMENT_OUTLINE_TOP
 66
1
 70
1
 40
0.101600
 41
0.101600
  0
VERTEX
 5
9EC
  8
PLACEMENT_OUTLINE_TOP
 10
70.82127
 20
67.28380
 42
1.0
  0
VERTEX
 5
9ED
  8
PLACEMENT_OUTLINE_TOP
 10
70.92287
 20
67.28380
 42
1.0
  0
SEQEND
  8
PLACEMENT_OUTLINE_TOP
  0
POLYLINE
 5
9EE
  8
PLACEMENT_OUTLINE_TOP
 66
1
 70
1
 40
0.101600
 41
0.101600
  0
VERTEX
 5
9EF
  8
PLACEMENT_OUTLINE_TOP
 10
70.82127
 20
66.85200
 42
1.0
  0
VERTEX
 5
9F0
  8
PLACEMENT_OUTLINE_TOP
 10
70.92287
 20
66.85200
 42
1.0
  0
SEQEND
  8
PLACEMENT_OUTLINE_TOP
  0
POLYLINE
 5
9F1
  8
PLACEMENT_OUTLINE_TOP
 66
1
 40
0.203200
 41
0.203200
  0
VERTEX
 5
9F2
  8
PLACEMENT_OUTLINE_TOP
 10
70.87207
 20
66.85200
  0
VERTEX
 5
9F3
  8
PLACEMENT_OUTLINE_TOP
 10
71.18520
 20
66.85200
  0
SEQEND
  8
PLACEMENT_OUTLINE_TOP
  0
POLYLINE
 5
9F4
  8
PLACEMENT_OUTLINE_TOP
 66
1
 70
1
 40
0.101600
 41
0.101600
  0
VERTEX
 5
9F5
  8
PLACEMENT_OUTLINE_TOP
 10
70.82127
 20
66.85200
 42
1.0
  0
VERTEX
 5
9F6
  8
PLACEMENT_OUTLINE_TOP
 10
70.92287
 20
66.85200
 42
1.0
  0
SEQEND
  8
PLACEMENT_OUTLINE_TOP
  0
POLYLINE
 5
9F7
  8
PLACEMENT_OUTLINE_TOP
 66
1
 70
1
 40
0.101600
 41
0.101600
  0
VERTEX
 5
9F8
  8
PLACEMENT_OUTLINE_TOP
 10
71.13440
 20
66.85200
 42
1.0
  0
VERTEX
 5
9F9
  8
PLACEMENT_OUTLINE_TOP
 10
71.23600
 20
66.85200
 42
1.0
  0
SEQEND
  8
PLACEMENT_OUTLINE_TOP
  0
POLYLINE
 5
9FA
  8
PLACEMENT_OUTLINE_TOP
 66
1
 40
0.203200
 41
0.203200
  0
VERTEX
 5
9FB
  8
PLACEMENT_OUTLINE_TOP
 10
71.18520
 20
66.85200
  0
VERTEX
 5
9FC
  8
PLACEMENT_OUTLINE_TOP
 10
71.18520
 20
65.67800
  0
SEQEND
  8
PLACEMENT_OUTLINE_TOP
  0
POLYLINE
 5
9FD
  8
PLACEMENT_OUTLINE_TOP
 66
1
 70
1
 40
0.101600
 41
0.101600
  0
VERTEX
 5
9FE
  8
PLACEMENT_OUTLINE_TOP
 10
71.13440
 20
66.85200
 42
1.0
  0
VERTEX
 5
9FF
  8
PLACEMENT_OUTLINE_TOP
 10
71.23600
 20
66.85200
 42
1.0
  0
SEQEND
  8
PLACEMENT_OUTLINE_TOP
  0
POLYLINE
 5
A00
  8
PLACEMENT_OUTLINE_TOP
 66
1
 70
1
 40
0.101600
 41
0.101600
  0
VERTEX
 5
A01
  8
PLACEMENT_OUTLINE_TOP
 10
71.13440
 20
65.67800
 42
1.0
  0
VERTEX
 5
A02
  8
PLACEMENT_OUTLINE_TOP
 10
71.23600
 20
65.67800
 42
1.0
  0
SEQEND
  8
PLACEMENT_OUTLINE_TOP
  0
POLYLINE
 5
A03
  8
PLACEMENT_OUTLINE_TOP
 66
1
 40
0.203200
 41
0.203200
  0
VERTEX
 5
A04
  8
PLACEMENT_OUTLINE_TOP
 10
71.18520
 20
65.67800
  0
VERTEX
 5
A05
  8
PLACEMENT_OUTLINE_TOP
 10
66.17520
 20
65.67800
  0
SEQEND
  8
PLACEMENT_OUTLINE_TOP
  0
POLYLINE
 5
A06
  8
PLACEMENT_OUTLINE_TOP
 66
1
 70
1
 40
0.101600
 41
0.101600
  0
VERTEX
 5
A07
  8
PLACEMENT_OUTLINE_TOP
 10
71.13440
 20
65.67800
 42
1.0
  0
VERTEX
 5
A08
  8
PLACEMENT_OUTLINE_TOP
 10
71.23600
 20
65.67800
 42
1.0
  0
SEQEND
  8
PLACEMENT_OUTLINE_TOP
  0
POLYLINE
 5
A09
  8
PLACEMENT_OUTLINE_TOP
 66
1
 70
1
 40
0.101600
 41
0.101600
  0
VERTEX
 5
A0A
  8
PLACEMENT_OUTLINE_TOP
 10
66.12440
 20
65.67800
 42
1.0
  0
VERTEX
 5
A0B
  8
PLACEMENT_OUTLINE_TOP
 10
66.22600
 20
65.67800
 42
1.0
  0
SEQEND
  8
PLACEMENT_OUTLINE_TOP
  0
POLYLINE
 5
A0C
  8
PLACEMENT_OUTLINE_TOP
 66
1
 40
0.203200
 41
0.203200
  0
VERTEX
 5
A0D
  8
PLACEMENT_OUTLINE_TOP
 10
66.17520
 20
65.67800
  0
VERTEX
 5
A0E
  8
PLACEMENT_OUTLINE_TOP
 10
66.17520
 20
68.51400
  0
SEQEND
  8
PLACEMENT_OUTLINE_TOP
  0
POLYLINE
 5
A0F
  8
PLACEMENT_OUTLINE_TOP
 66
1
 70
1
 40
0.101600
 41
0.101600
  0
VERTEX
 5
A10
  8
PLACEMENT_OUTLINE_TOP
 10
66.12440
 20
65.67800
 42
1.0
  0
VERTEX
 5
A11
  8
PLACEMENT_OUTLINE_TOP
 10
66.22600
 20
65.67800
 42
1.0
  0
SEQEND
  8
PLACEMENT_OUTLINE_TOP
  0
POLYLINE
 5
A12
  8
PLACEMENT_OUTLINE_TOP
 66
1
 70
1
 40
0.101600
 41
0.101600
  0
VERTEX
 5
A13
  8
PLACEMENT_OUTLINE_TOP
 10
66.12440
 20
68.51400
 42
1.0
  0
VERTEX
 5
A14
  8
PLACEMENT_OUTLINE_TOP
 10
66.22600
 20
68.51400
 42
1.0
  0
SEQEND
  8
PLACEMENT_OUTLINE_TOP
  0
POLYLINE
 5
A15
  8
PLACEMENT_OUTLINE_TOP
 66
1
 40
0.203200
 41
0.203200
  0
VERTEX
 5
A16
  8
PLACEMENT_OUTLINE_TOP
 10
66.17520
 20
68.51400
  0
VERTEX
 5
A17
  8
PLACEMENT_OUTLINE_TOP
 10
71.18520
 20
68.51400
  0
SEQEND
  8
PLACEMENT_OUTLINE_TOP
  0
POLYLINE
 5
A18
  8
PLACEMENT_OUTLINE_TOP
 66
1
 70
1
 40
0.101600
 41
0.101600
  0
VERTEX
 5
A19
  8
PLACEMENT_OUTLINE_TOP
 10
66.12440
 20
68.51400
 42
1.0
  0
VERTEX
 5
A1A
  8
PLACEMENT_OUTLINE_TOP
 10
66.22600
 20
68.51400
 42
1.0
  0
SEQEND
  8
PLACEMENT_OUTLINE_TOP
  0
POLYLINE
 5
A1B
  8
PLACEMENT_OUTLINE_TOP
 66
1
 70
1
 40
0.101600
 41
0.101600
  0
VERTEX
 5
A1C
  8
PLACEMENT_OUTLINE_TOP
 10
71.13440
 20
68.51400
 42
1.0
  0
VERTEX
 5
A1D
  8
PLACEMENT_OUTLINE_TOP
 10
71.23600
 20
68.51400
 42
1.0
  0
SEQEND
  8
PLACEMENT_OUTLINE_TOP
  0
SOLID
 5
A1E
  8
PADLAYER_TOP
 10
70.28520
 20
70.65600
 11
70.28520
 21
68.95600
 12
70.88520
 22
70.65600
 13
70.88520
 23
68.95600
  0
SOLID
 5
A1F
  8
PADLAYER_TOP
 10
69.01520
 20
70.65600
 11
69.01520
 21
68.95600
 12
69.61520
 22
70.65600
 13
69.61520
 23
68.95600
  0
SOLID
 5
A20
  8
PADLAYER_TOP
 10
67.74520
 20
70.65600
 11
67.74520
 21
68.95600
 12
68.34520
 22
70.65600
 13
68.34520
 23
68.95600
  0
SOLID
 5
A21
  8
PADLAYER_TOP
 10
66.47520
 20
70.65600
 11
66.47520
 21
68.95600
 12
67.07520
 22
70.65600
 13
67.07520
 23
68.95600
  0
SOLID
 5
A22
  8
PADLAYER_TOP
 10
66.47520
 20
65.25600
 11
66.47520
 21
63.55600
 12
67.07520
 22
65.25600
 13
67.07520
 23
63.55600
  0
SOLID
 5
A23
  8
PADLAYER_TOP
 10
67.74520
 20
65.25600
 11
67.74520
 21
63.55600
 12
68.34520
 22
65.25600
 13
68.34520
 23
63.55600
  0
SOLID
 5
A24
  8
PADLAYER_TOP
 10
69.01520
 20
65.25600
 11
69.01520
 21
63.55600
 12
69.61520
 22
65.25600
 13
69.61520
 23
63.55600
  0
SOLID
 5
A25
  8
PADLAYER_TOP
 10
70.28520
 20
65.25600
 11
70.28520
 21
63.55600
 12
70.88520
 22
65.25600
 13
70.88520
 23
63.55600
  0
SOLID
 5
A26
  8
PADLAYER_TOP
 10
70.35520
 20
68.33100
 11
67.00520
 21
68.33100
 12
70.35520
 22
65.88100
 13
67.00520
 23
65.88100
  0
POLYLINE
 5
A27
  8
LAYNR8
 66
1
 40
0.025400
 41
0.025400
  0
VERTEX
 5
A28
  8
LAYNR8
 10
89.22130
 20
41.99510
  0
VERTEX
 5
A29
  8
LAYNR8
 10
89.22130
 20
44.20490
  0
SEQEND
  8
LAYNR8
  0
POLYLINE
 5
A2A
  8
LAYNR8
 66
1
 70
1
 40
0.012700
 41
0.012700
  0
VERTEX
 5
A2B
  8
LAYNR8
 10
89.21495
 20
41.99510
 42
1.0
  0
VERTEX
 5
A2C
  8
LAYNR8
 10
89.22765
 20
41.99510
 42
1.0
  0
SEQEND
  8
LAYNR8
  0
POLYLINE
 5
A2D
  8
LAYNR8
 66
1
 70
1
 40
0.012700
 41
0.012700
  0
VERTEX
 5
A2E
  8
LAYNR8
 10
89.21495
 20
44.20490
 42
1.0
  0
VERTEX
 5
A2F
  8
LAYNR8
 10
89.22765
 20
44.20490
 42
1.0
  0
SEQEND
  8
LAYNR8
  0
POLYLINE
 5
A30
  8
LAYNR8
 66
1
 40
0.025400
 41
0.025400
  0
VERTEX
 5
A31
  8
LAYNR8
 10
89.22130
 20
44.20490
  0
VERTEX
 5
A32
  8
LAYNR8
 10
88.72600
 20
44.20490
  0
SEQEND
  8
LAYNR8
  0
POLYLINE
 5
A33
  8
LAYNR8
 66
1
 70
1
 40
0.012700
 41
0.012700
  0
VERTEX
 5
A34
  8
LAYNR8
 10
89.21495
 20
44.20490
 42
1.0
  0
VERTEX
 5
A35
  8
LAYNR8
 10
89.22765
 20
44.20490
 42
1.0
  0
SEQEND
  8
LAYNR8
  0
POLYLINE
 5
A36
  8
LAYNR8
 66
1
 70
1
 40
0.012700
 41
0.012700
  0
VERTEX
 5
A37
  8
LAYNR8
 10
88.71965
 20
44.20490
 42
1.0
  0
VERTEX
 5
A38
  8
LAYNR8
 10
88.73235
 20
44.20490
 42
1.0
  0
SEQEND
  8
LAYNR8
  0
POLYLINE
 5
A39
  8
LAYNR8
 66
1
 40
0.025400
 41
0.025400
  0
VERTEX
 5
A3A
  8
LAYNR8
 10
88.72600
 20
44.20490
  0
VERTEX
 5
A3B
  8
LAYNR8
 10
88.72600
 20
41.99510
  0
SEQEND
  8
LAYNR8
  0
POLYLINE
 5
A3C
  8
LAYNR8
 66
1
 70
1
 40
0.012700
 41
0.012700
  0
VERTEX
 5
A3D
  8
LAYNR8
 10
88.71965
 20
44.20490
 42
1.0
  0
VERTEX
 5
A3E
  8
LAYNR8
 10
88.73235
 20
44.20490
 42
1.0
  0
SEQEND
  8
LAYNR8
  0
POLYLINE
 5
A3F
  8
LAYNR8
 66
1
 70
1
 40
0.012700
 41
0.012700
  0
VERTEX
 5
A40
  8
LAYNR8
 10
88.71965
 20
41.99510
 42
1.0
  0
VERTEX
 5
A41
  8
LAYNR8
 10
88.73235
 20
41.99510
 42
1.0
  0
SEQEND
  8
LAYNR8
  0
POLYLINE
 5
A42
  8
LAYNR8
 66
1
 40
0.025400
 41
0.025400
  0
VERTEX
 5
A43
  8
LAYNR8
 10
88.72600
 20
41.99510
  0
VERTEX
 5
A44
  8
LAYNR8
 10
89.22130
 20
41.99510
  0
SEQEND
  8
LAYNR8
  0
POLYLINE
 5
A45
  8
LAYNR8
 66
1
 70
1
 40
0.012700
 41
0.012700
  0
VERTEX
 5
A46
  8
LAYNR8
 10
88.71965
 20
41.99510
 42
1.0
  0
VERTEX
 5
A47
  8
LAYNR8
 10
88.73235
 20
41.99510
 42
1.0
  0
SEQEND
  8
LAYNR8
  0
POLYLINE
 5
A48
  8
LAYNR8
 66
1
 70
1
 40
0.012700
 41
0.012700
  0
VERTEX
 5
A49
  8
LAYNR8
 10
89.21495
 20
41.99510
 42
1.0
  0
VERTEX
 5
A4A
  8
LAYNR8
 10
89.22765
 20
41.99510
 42
1.0
  0
SEQEND
  8
LAYNR8
  0
POLYLINE
 5
A4B
  8
LAYNR8
 66
1
 40
0.025400
 41
0.025400
  0
VERTEX
 5
A4C
  8
LAYNR8
 10
93.81870
 20
44.20490
  0
VERTEX
 5
A4D
  8
LAYNR8
 10
93.81870
 20
41.99510
  0
SEQEND
  8
LAYNR8
  0
POLYLINE
 5
A4E
  8
LAYNR8
 66
1
 70
1
 40
0.012700
 41
0.012700
  0
VERTEX
 5
A4F
  8
LAYNR8
 10
93.81235
 20
44.20490
 42
1.0
  0
VERTEX
 5
A50
  8
LAYNR8
 10
93.82505
 20
44.20490
 42
1.0
  0
SEQEND
  8
LAYNR8
  0
POLYLINE
 5
A51
  8
LAYNR8
 66
1
 70
1
 40
0.012700
 41
0.012700
  0
VERTEX
 5
A52
  8
LAYNR8
 10
93.81235
 20
41.99510
 42
1.0
  0
VERTEX
 5
A53
  8
LAYNR8
 10
93.82505
 20
41.99510
 42
1.0
  0
SEQEND
  8
LAYNR8
  0
POLYLINE
 5
A54
  8
LAYNR8
 66
1
 40
0.025400
 41
0.025400
  0
VERTEX
 5
A55
  8
LAYNR8
 10
93.81870
 20
41.99510
  0
VERTEX
 5
A56
  8
LAYNR8
 10
94.31400
 20
41.99510
  0
SEQEND
  8
LAYNR8
  0
POLYLINE
 5
A57
  8
LAYNR8
 66
1
 70
1
 40
0.012700
 41
0.012700
  0
VERTEX
 5
A58
  8
LAYNR8
 10
93.81235
 20
41.99510
 42
1.0
  0
VERTEX
 5
A59
  8
LAYNR8
 10
93.82505
 20
41.99510
 42
1.0
  0
SEQEND
  8
LAYNR8
  0
POLYLINE
 5
A5A
  8
LAYNR8
 66
1
 70
1
 40
0.012700
 41
0.012700
  0
VERTEX
 5
A5B
  8
LAYNR8
 10
94.30765
 20
41.99510
 42
1.0
  0
VERTEX
 5
A5C
  8
LAYNR8
 10
94.32035
 20
41.99510
 42
1.0
  0
SEQEND
  8
LAYNR8
  0
POLYLINE
 5
A5D
  8
LAYNR8
 66
1
 40
0.025400
 41
0.025400
  0
VERTEX
 5
A5E
  8
LAYNR8
 10
94.31400
 20
41.99510
  0
VERTEX
 5
A5F
  8
LAYNR8
 10
94.31400
 20
44.20490
  0
SEQEND
  8
LAYNR8
  0
POLYLINE
 5
A60
  8
LAYNR8
 66
1
 70
1
 40
0.012700
 41
0.012700
  0
VERTEX
 5
A61
  8
LAYNR8
 10
94.30765
 20
41.99510
 42
1.0
  0
VERTEX
 5
A62
  8
LAYNR8
 10
94.32035
 20
41.99510
 42
1.0
  0
SEQEND
  8
LAYNR8
  0
POLYLINE
 5
A63
  8
LAYNR8
 66
1
 70
1
 40
0.012700
 41
0.012700
  0
VERTEX
 5
A64
  8
LAYNR8
 10
94.30765
 20
44.20490
 42
1.0
  0
VERTEX
 5
A65
  8
LAYNR8
 10
94.32035
 20
44.20490
 42
1.0
  0
SEQEND
  8
LAYNR8
  0
POLYLINE
 5
A66
  8
LAYNR8
 66
1
 40
0.025400
 41
0.025400
  0
VERTEX
 5
A67
  8
LAYNR8
 10
94.31400
 20
44.20490
  0
VERTEX
 5
A68
  8
LAYNR8
 10
93.81870
 20
44.20490
  0
SEQEND
  8
LAYNR8
  0
POLYLINE
 5
A69
  8
LAYNR8
 66
1
 70
1
 40
0.012700
 41
0.012700
  0
VERTEX
 5
A6A
  8
LAYNR8
 10
94.30765
 20
44.20490
 42
1.0
  0
VERTEX
 5
A6B
  8
LAYNR8
 10
94.32035
 20
44.20490
 42
1.0
  0
SEQEND
  8
LAYNR8
  0
POLYLINE
 5
A6C
  8
LAYNR8
 66
1
 70
1
 40
0.012700
 41
0.012700
  0
VERTEX
 5
A6D
  8
LAYNR8
 10
93.81235
 20
44.20490
 42
1.0
  0
VERTEX
 5
A6E
  8
LAYNR8
 10
93.82505
 20
44.20490
 42
1.0
  0
SEQEND
  8
LAYNR8
  0
POLYLINE
 5
A6F
  8
LAYNR1
 66
1
 40
0.152400
 41
0.152400
  0
VERTEX
 5
A70
  8
LAYNR1
 10
93.94570
 20
44.56263
  0
VERTEX
 5
A71
  8
LAYNR1
 10
93.94570
 20
45.20820
  0
SEQEND
  8
LAYNR1
  0
POLYLINE
 5
A72
  8
LAYNR1
 66
1
 70
1
 40
0.076200
 41
0.076200
  0
VERTEX
 5
A73
  8
LAYNR1
 10
93.90760
 20
44.56263
 42
1.0
  0
VERTEX
 5
A74
  8
LAYNR1
 10
93.98380
 20
44.56263
 42
1.0
  0
SEQEND
  8
LAYNR1
  0
POLYLINE
 5
A75
  8
LAYNR1
 66
1
 70
1
 40
0.076200
 41
0.076200
  0
VERTEX
 5
A76
  8
LAYNR1
 10
93.90760
 20
45.20820
 42
1.0
  0
VERTEX
 5
A77
  8
LAYNR1
 10
93.98380
 20
45.20820
 42
1.0
  0
SEQEND
  8
LAYNR1
  0
POLYLINE
 5
A78
  8
LAYNR1
 66
1
 40
0.152400
 41
0.152400
  0
VERTEX
 5
A79
  8
LAYNR1
 10
89.09430
 20
41.63737
  0
VERTEX
 5
A7A
  8
LAYNR1
 10
89.09430
 20
40.99180
  0
SEQEND
  8
LAYNR1
  0
POLYLINE
 5
A7B
  8
LAYNR1
 66
1
 70
1
 40
0.076200
 41
0.076200
  0
VERTEX
 5
A7C
  8
LAYNR1
 10
89.05620
 20
41.63737
 42
1.0
  0
VERTEX
 5
A7D
  8
LAYNR1
 10
89.13240
 20
41.63737
 42
1.0
  0
SEQEND
  8
LAYNR1
  0
POLYLINE
 5
A7E
  8
LAYNR1
 66
1
 70
1
 40
0.076200
 41
0.076200
  0
VERTEX
 5
A7F
  8
LAYNR1
 10
89.05620
 20
40.99180
 42
1.0
  0
VERTEX
 5
A80
  8
LAYNR1
 10
89.13240
 20
40.99180
 42
1.0
  0
SEQEND
  8
LAYNR1
  0
POLYLINE
 5
A81
  8
LAYNR8
 66
1
 40
0.025400
 41
0.025400
  0
VERTEX
 5
A82
  8
LAYNR8
 10
87.74101
 20
43.10000
  0
VERTEX
 5
A83
  8
LAYNR8
 10
86.47101
 20
43.10000
  0
SEQEND
  8
LAYNR8
  0
POLYLINE
 5
A84
  8
LAYNR8
 66
1
 70
1
 40
0.012700
 41
0.012700
  0
VERTEX
 5
A85
  8
LAYNR8
 10
87.73466
 20
43.10000
 42
1.0
  0
VERTEX
 5
A86
  8
LAYNR8
 10
87.74736
 20
43.10000
 42
1.0
  0
SEQEND
  8
LAYNR8
  0
POLYLINE
 5
A87
  8
LAYNR8
 66
1
 70
1
 40
0.012700
 41
0.012700
  0
VERTEX
 5
A88
  8
LAYNR8
 10
86.46466
 20
43.10000
 42
1.0
  0
VERTEX
 5
A89
  8
LAYNR8
 10
86.47736
 20
43.10000
 42
1.0
  0
SEQEND
  8
LAYNR8
  0
POLYLINE
 5
A8A
  8
LAYNR8
 66
1
 40
0.025400
 41
0.025400
  0
VERTEX
 5
A8B
  8
LAYNR8
 10
86.72501
 20
43.73500
  0
VERTEX
 5
A8C
  8
LAYNR8
 10
86.72501
 20
42.46500
  0
SEQEND
  8
LAYNR8
  0
POLYLINE
 5
A8D
  8
LAYNR8
 66
1
 70
1
 40
0.012700
 41
0.012700
  0
VERTEX
 5
A8E
  8
LAYNR8
 10
86.71866
 20
43.73500
 42
1.0
  0
VERTEX
 5
A8F
  8
LAYNR8
 10
86.73136
 20
43.73500
 42
1.0
  0
SEQEND
  8
LAYNR8
  0
POLYLINE
 5
A90
  8
LAYNR8
 66
1
 70
1
 40
0.012700
 41
0.012700
  0
VERTEX
 5
A91
  8
LAYNR8
 10
86.71866
 20
42.46500
 42
1.0
  0
VERTEX
 5
A92
  8
LAYNR8
 10
86.73136
 20
42.46500
 42
1.0
  0
SEQEND
  8
LAYNR8
  0
POLYLINE
 5
A93
  8
LAYNR8
 66
1
 40
0.025400
 41
0.025400
  0
VERTEX
 5
A94
  8
LAYNR8
 10
86.72501
 20
43.10000
  0
VERTEX
 5
A95
  8
LAYNR8
 10
87.48701
 20
43.73500
  0
SEQEND
  8
LAYNR8
  0
POLYLINE
 5
A96
  8
LAYNR8
 66
1
 70
1
 40
0.012700
 41
0.012700
  0
VERTEX
 5
A97
  8
LAYNR8
 10
86.71866
 20
43.10000
 42
1.0
  0
VERTEX
 5
A98
  8
LAYNR8
 10
86.73136
 20
43.10000
 42
1.0
  0
SEQEND
  8
LAYNR8
  0
POLYLINE
 5
A99
  8
LAYNR8
 66
1
 70
1
 40
0.012700
 41
0.012700
  0
VERTEX
 5
A9A
  8
LAYNR8
 10
87.48066
 20
43.73500
 42
1.0
  0
VERTEX
 5
A9B
  8
LAYNR8
 10
87.49336
 20
43.73500
 42
1.0
  0
SEQEND
  8
LAYNR8
  0
POLYLINE
 5
A9C
  8
LAYNR8
 66
1
 40
0.025400
 41
0.025400
  0
VERTEX
 5
A9D
  8
LAYNR8
 10
86.72501
 20
43.10000
  0
VERTEX
 5
A9E
  8
LAYNR8
 10
87.48701
 20
43.60800
  0
SEQEND
  8
LAYNR8
  0
POLYLINE
 5
A9F
  8
LAYNR8
 66
1
 70
1
 40
0.012700
 41
0.012700
  0
VERTEX
 5
AA0
  8
LAYNR8
 10
86.71866
 20
43.10000
 42
1.0
  0
VERTEX
 5
AA1
  8
LAYNR8
 10
86.73136
 20
43.10000
 42
1.0
  0
SEQEND
  8
LAYNR8
  0
POLYLINE
 5
AA2
  8
LAYNR8
 66
1
 70
1
 40
0.012700
 41
0.012700
  0
VERTEX
 5
AA3
  8
LAYNR8
 10
87.48066
 20
43.60800
 42
1.0
  0
VERTEX
 5
AA4
  8
LAYNR8
 10
87.49336
 20
43.60800
 42
1.0
  0
SEQEND
  8
LAYNR8
  0
POLYLINE
 5
AA5
  8
LAYNR8
 66
1
 40
0.025400
 41
0.025400
  0
VERTEX
 5
AA6
  8
LAYNR8
 10
86.72501
 20
43.10000
  0
VERTEX
 5
AA7
  8
LAYNR8
 10
87.48701
 20
43.48100
  0
SEQEND
  8
LAYNR8
  0
POLYLINE
 5
AA8
  8
LAYNR8
 66
1
 70
1
 40
0.012700
 41
0.012700
  0
VERTEX
 5
AA9
  8
LAYNR8
 10
86.71866
 20
43.10000
 42
1.0
  0
VERTEX
 5
AAA
  8
LAYNR8
 10
86.73136
 20
43.10000
 42
1.0
  0
SEQEND
  8
LAYNR8
  0
POLYLINE
 5
AAB
  8
LAYNR8
 66
1
 70
1
 40
0.012700
 41
0.012700
  0
VERTEX
 5
AAC
  8
LAYNR8
 10
87.48066
 20
43.48100
 42
1.0
  0
VERTEX
 5
AAD
  8
LAYNR8
 10
87.49336
 20
43.48100
 42
1.0
  0
SEQEND
  8
LAYNR8
  0
POLYLINE
 5
AAE
  8
LAYNR8
 66
1
 40
0.025400
 41
0.025400
  0
VERTEX
 5
AAF
  8
LAYNR8
 10
86.72501
 20
43.10000
  0
VERTEX
 5
AB0
  8
LAYNR8
 10
87.48701
 20
43.35400
  0
SEQEND
  8
LAYNR8
  0
POLYLINE
 5
AB1
  8
LAYNR8
 66
1
 70
1
 40
0.012700
 41
0.012700
  0
VERTEX
 5
AB2
  8
LAYNR8
 10
86.71866
 20
43.10000
 42
1.0
  0
VERTEX
 5
AB3
  8
LAYNR8
 10
86.73136
 20
43.10000
 42
1.0
  0
SEQEND
  8
LAYNR8
  0
POLYLINE
 5
AB4
  8
LAYNR8
 66
1
 70
1
 40
0.012700
 41
0.012700
  0
VERTEX
 5
AB5
  8
LAYNR8
 10
87.48066
 20
43.35400
 42
1.0
  0
VERTEX
 5
AB6
  8
LAYNR8
 10
87.49336
 20
43.35400
 42
1.0
  0
SEQEND
  8
LAYNR8
  0
POLYLINE
 5
AB7
  8
LAYNR8
 66
1
 40
0.025400
 41
0.025400
  0
VERTEX
 5
AB8
  8
LAYNR8
 10
86.72501
 20
43.10000
  0
VERTEX
 5
AB9
  8
LAYNR8
 10
87.48701
 20
43.22700
  0
SEQEND
  8
LAYNR8
  0
POLYLINE
 5
ABA
  8
LAYNR8
 66
1
 70
1
 40
0.012700
 41
0.012700
  0
VERTEX
 5
ABB
  8
LAYNR8
 10
86.71866
 20
43.10000
 42
1.0
  0
VERTEX
 5
ABC
  8
LAYNR8
 10
86.73136
 20
43.10000
 42
1.0
  0
SEQEND
  8
LAYNR8
  0
POLYLINE
 5
ABD
  8
LAYNR8
 66
1
 70
1
 40
0.012700
 41
0.012700
  0
VERTEX
 5
ABE
  8
LAYNR8
 10
87.48066
 20
43.22700
 42
1.0
  0
VERTEX
 5
ABF
  8
LAYNR8
 10
87.49336
 20
43.22700
 42
1.0
  0
SEQEND
  8
LAYNR8
  0
POLYLINE
 5
AC0
  8
LAYNR8
 66
1
 40
0.025400
 41
0.025400
  0
VERTEX
 5
AC1
  8
LAYNR8
 10
86.72501
 20
43.10000
  0
VERTEX
 5
AC2
  8
LAYNR8
 10
87.48701
 20
42.46500
  0
SEQEND
  8
LAYNR8
  0
POLYLINE
 5
AC3
  8
LAYNR8
 66
1
 70
1
 40
0.012700
 41
0.012700
  0
VERTEX
 5
AC4
  8
LAYNR8
 10
86.71866
 20
43.10000
 42
1.0
  0
VERTEX
 5
AC5
  8
LAYNR8
 10
86.73136
 20
43.10000
 42
1.0
  0
SEQEND
  8
LAYNR8
  0
POLYLINE
 5
AC6
  8
LAYNR8
 66
1
 70
1
 40
0.012700
 41
0.012700
  0
VERTEX
 5
AC7
  8
LAYNR8
 10
87.48066
 20
42.46500
 42
1.0
  0
VERTEX
 5
AC8
  8
LAYNR8
 10
87.49336
 20
42.46500
 42
1.0
  0
SEQEND
  8
LAYNR8
  0
POLYLINE
 5
AC9
  8
LAYNR8
 66
1
 40
0.025400
 41
0.025400
  0
VERTEX
 5
ACA
  8
LAYNR8
 10
86.72501
 20
43.10000
  0
VERTEX
 5
ACB
  8
LAYNR8
 10
87.48701
 20
42.59200
  0
SEQEND
  8
LAYNR8
  0
POLYLINE
 5
ACC
  8
LAYNR8
 66
1
 70
1
 40
0.012700
 41
0.012700
  0
VERTEX
 5
ACD
  8
LAYNR8
 10
86.71866
 20
43.10000
 42
1.0
  0
VERTEX
 5
ACE
  8
LAYNR8
 10
86.73136
 20
43.10000
 42
1.0
  0
SEQEND
  8
LAYNR8
  0
POLYLINE
 5
ACF
  8
LAYNR8
 66
1
 70
1
 40
0.012700
 41
0.012700
  0
VERTEX
 5
AD0
  8
LAYNR8
 10
87.48066
 20
42.59200
 42
1.0
  0
VERTEX
 5
AD1
  8
LAYNR8
 10
87.49336
 20
42.59200
 42
1.0
  0
SEQEND
  8
LAYNR8
  0
POLYLINE
 5
AD2
  8
LAYNR8
 66
1
 40
0.025400
 41
0.025400
  0
VERTEX
 5
AD3
  8
LAYNR8
 10
86.72501
 20
43.10000
  0
VERTEX
 5
AD4
  8
LAYNR8
 10
87.48701
 20
42.71900
  0
SEQEND
  8
LAYNR8
  0
POLYLINE
 5
AD5
  8
LAYNR8
 66
1
 70
1
 40
0.012700
 41
0.012700
  0
VERTEX
 5
AD6
  8
LAYNR8
 10
86.71866
 20
43.10000
 42
1.0
  0
VERTEX
 5
AD7
  8
LAYNR8
 10
86.73136
 20
43.10000
 42
1.0
  0
SEQEND
  8
LAYNR8
  0
POLYLINE
 5
AD8
  8
LAYNR8
 66
1
 70
1
 40
0.012700
 41
0.012700
  0
VERTEX
 5
AD9
  8
LAYNR8
 10
87.48066
 20
42.71900
 42
1.0
  0
VERTEX
 5
ADA
  8
LAYNR8
 10
87.49336
 20
42.71900
 42
1.0
  0
SEQEND
  8
LAYNR8
  0
POLYLINE
 5
ADB
  8
LAYNR8
 66
1
 40
0.025400
 41
0.025400
  0
VERTEX
 5
ADC
  8
LAYNR8
 10
86.72501
 20
43.10000
  0
VERTEX
 5
ADD
  8
LAYNR8
 10
87.48701
 20
42.84600
  0
SEQEND
  8
LAYNR8
  0
POLYLINE
 5
ADE
  8
LAYNR8
 66
1
 70
1
 40
0.012700
 41
0.012700
  0
VERTEX
 5
ADF
  8
LAYNR8
 10
86.71866
 20
43.10000
 42
1.0
  0
VERTEX
 5
AE0
  8
LAYNR8
 10
86.73136
 20
43.10000
 42
1.0
  0
SEQEND
  8
LAYNR8
  0
POLYLINE
 5
AE1
  8
LAYNR8
 66
1
 70
1
 40
0.012700
 41
0.012700
  0
VERTEX
 5
AE2
  8
LAYNR8
 10
87.48066
 20
42.84600
 42
1.0
  0
VERTEX
 5
AE3
  8
LAYNR8
 10
87.49336
 20
42.84600
 42
1.0
  0
SEQEND
  8
LAYNR8
  0
POLYLINE
 5
AE4
  8
LAYNR8
 66
1
 40
0.025400
 41
0.025400
  0
VERTEX
 5
AE5
  8
LAYNR8
 10
86.72501
 20
43.10000
  0
VERTEX
 5
AE6
  8
LAYNR8
 10
87.48701
 20
42.97300
  0
SEQEND
  8
LAYNR8
  0
POLYLINE
 5
AE7
  8
LAYNR8
 66
1
 70
1
 40
0.012700
 41
0.012700
  0
VERTEX
 5
AE8
  8
LAYNR8
 10
86.71866
 20
43.10000
 42
1.0
  0
VERTEX
 5
AE9
  8
LAYNR8
 10
86.73136
 20
43.10000
 42
1.0
  0
SEQEND
  8
LAYNR8
  0
POLYLINE
 5
AEA
  8
LAYNR8
 66
1
 70
1
 40
0.012700
 41
0.012700
  0
VERTEX
 5
AEB
  8
LAYNR8
 10
87.48066
 20
42.97300
 42
1.0
  0
VERTEX
 5
AEC
  8
LAYNR8
 10
87.49336
 20
42.97300
 42
1.0
  0
SEQEND
  8
LAYNR8
  0
POLYLINE
 5
AED
  8
LAYNR8
 66
1
 40
0.025400
 41
0.025400
  0
VERTEX
 5
AEE
  8
LAYNR8
 10
87.48701
 20
43.73500
  0
VERTEX
 5
AEF
  8
LAYNR8
 10
87.48701
 20
42.46500
  0
SEQEND
  8
LAYNR8
  0
POLYLINE
 5
AF0
  8
LAYNR8
 66
1
 70
1
 40
0.012700
 41
0.012700
  0
VERTEX
 5
AF1
  8
LAYNR8
 10
87.48066
 20
43.73500
 42
1.0
  0
VERTEX
 5
AF2
  8
LAYNR8
 10
87.49336
 20
43.73500
 42
1.0
  0
SEQEND
  8
LAYNR8
  0
POLYLINE
 5
AF3
  8
LAYNR8
 66
1
 70
1
 40
0.012700
 41
0.012700
  0
VERTEX
 5
AF4
  8
LAYNR8
 10
87.48066
 20
42.46500
 42
1.0
  0
VERTEX
 5
AF5
  8
LAYNR8
 10
87.49336
 20
42.46500
 42
1.0
  0
SEQEND
  8
LAYNR8
  0
POLYLINE
 5
AF6
  8
LAYNR1
 66
1
 40
0.152400
 41
0.152400
  0
VERTEX
 5
AF7
  8
LAYNR1
 10
92.18101
 20
43.10800
  0
VERTEX
 5
AF8
  8
LAYNR1
 10
90.91101
 20
43.10800
  0
SEQEND
  8
LAYNR1
  0
POLYLINE
 5
AF9
  8
LAYNR1
 66
1
 70
1
 40
0.076200
 41
0.076200
  0
VERTEX
 5
AFA
  8
LAYNR1
 10
92.14291
 20
43.10800
 42
1.0
  0
VERTEX
 5
AFB
  8
LAYNR1
 10
92.21911
 20
43.10800
 42
1.0
  0
SEQEND
  8
LAYNR1
  0
POLYLINE
 5
AFC
  8
LAYNR1
 66
1
 70
1
 40
0.076200
 41
0.076200
  0
VERTEX
 5
AFD
  8
LAYNR1
 10
90.87291
 20
43.10800
 42
1.0
  0
VERTEX
 5
AFE
  8
LAYNR1
 10
90.94911
 20
43.10800
 42
1.0
  0
SEQEND
  8
LAYNR1
  0
POLYLINE
 5
AFF
  8
LAYNR1
 66
1
 40
0.152400
 41
0.152400
  0
VERTEX
 5
B00
  8
LAYNR1
 10
91.16501
 20
43.74300
  0
VERTEX
 5
B01
  8
LAYNR1
 10
91.16501
 20
42.47300
  0
SEQEND
  8
LAYNR1
  0
POLYLINE
 5
B02
  8
LAYNR1
 66
1
 70
1
 40
0.076200
 41
0.076200
  0
VERTEX
 5
B03
  8
LAYNR1
 10
91.12691
 20
43.74300
 42
1.0
  0
VERTEX
 5
B04
  8
LAYNR1
 10
91.20311
 20
43.74300
 42
1.0
  0
SEQEND
  8
LAYNR1
  0
POLYLINE
 5
B05
  8
LAYNR1
 66
1
 70
1
 40
0.076200
 41
0.076200
  0
VERTEX
 5
B06
  8
LAYNR1
 10
91.12691
 20
42.47300
 42
1.0
  0
VERTEX
 5
B07
  8
LAYNR1
 10
91.20311
 20
42.47300
 42
1.0
  0
SEQEND
  8
LAYNR1
  0
POLYLINE
 5
B08
  8
LAYNR1
 66
1
 40
0.152400
 41
0.152400
  0
VERTEX
 5
B09
  8
LAYNR1
 10
91.16501
 20
43.10800
  0
VERTEX
 5
B0A
  8
LAYNR1
 10
91.92701
 20
43.74300
  0
SEQEND
  8
LAYNR1
  0
POLYLINE
 5
B0B
  8
LAYNR1
 66
1
 70
1
 40
0.076200
 41
0.076200
  0
VERTEX
 5
B0C
  8
LAYNR1
 10
91.12691
 20
43.10800
 42
1.0
  0
VERTEX
 5
B0D
  8
LAYNR1
 10
91.20311
 20
43.10800
 42
1.0
  0
SEQEND
  8
LAYNR1
  0
POLYLINE
 5
B0E
  8
LAYNR1
 66
1
 70
1
 40
0.076200
 41
0.076200
  0
VERTEX
 5
B0F
  8
LAYNR1
 10
91.88891
 20
43.74300
 42
1.0
  0
VERTEX
 5
B10
  8
LAYNR1
 10
91.96511
 20
43.74300
 42
1.0
  0
SEQEND
  8
LAYNR1
  0
POLYLINE
 5
B11
  8
LAYNR1
 66
1
 40
0.152400
 41
0.152400
  0
VERTEX
 5
B12
  8
LAYNR1
 10
91.16501
 20
43.10800
  0
VERTEX
 5
B13
  8
LAYNR1
 10
91.92701
 20
43.61600
  0
SEQEND
  8
LAYNR1
  0
POLYLINE
 5
B14
  8
LAYNR1
 66
1
 70
1
 40
0.076200
 41
0.076200
  0
VERTEX
 5
B15
  8
LAYNR1
 10
91.12691
 20
43.10800
 42
1.0
  0
VERTEX
 5
B16
  8
LAYNR1
 10
91.20311
 20
43.10800
 42
1.0
  0
SEQEND
  8
LAYNR1
  0
POLYLINE
 5
B17
  8
LAYNR1
 66
1
 70
1
 40
0.076200
 41
0.076200
  0
VERTEX
 5
B18
  8
LAYNR1
 10
91.88891
 20
43.61600
 42
1.0
  0
VERTEX
 5
B19
  8
LAYNR1
 10
91.96511
 20
43.61600
 42
1.0
  0
SEQEND
  8
LAYNR1
  0
POLYLINE
 5
B1A
  8
LAYNR1
 66
1
 40
0.152400
 41
0.152400
  0
VERTEX
 5
B1B
  8
LAYNR1
 10
91.16501
 20
43.10800
  0
VERTEX
 5
B1C
  8
LAYNR1
 10
91.92701
 20
43.48900
  0
SEQEND
  8
LAYNR1
  0
POLYLINE
 5
B1D
  8
LAYNR1
 66
1
 70
1
 40
0.076200
 41
0.076200
  0
VERTEX
 5
B1E
  8
LAYNR1
 10
91.12691
 20
43.10800
 42
1.0
  0
VERTEX
 5
B1F
  8
LAYNR1
 10
91.20311
 20
43.10800
 42
1.0
  0
SEQEND
  8
LAYNR1
  0
POLYLINE
 5
B20
  8
LAYNR1
 66
1
 70
1
 40
0.076200
 41
0.076200
  0
VERTEX
 5
B21
  8
LAYNR1
 10
91.88891
 20
43.48900
 42
1.0
  0
VERTEX
 5
B22
  8
LAYNR1
 10
91.96511
 20
43.48900
 42
1.0
  0
SEQEND
  8
LAYNR1
  0
POLYLINE
 5
B23
  8
LAYNR1
 66
1
 40
0.152400
 41
0.152400
  0
VERTEX
 5
B24
  8
LAYNR1
 10
91.16501
 20
43.10800
  0
VERTEX
 5
B25
  8
LAYNR1
 10
91.92701
 20
43.36200
  0
SEQEND
  8
LAYNR1
  0
POLYLINE
 5
B26
  8
LAYNR1
 66
1
 70
1
 40
0.076200
 41
0.076200
  0
VERTEX
 5
B27
  8
LAYNR1
 10
91.12691
 20
43.10800
 42
1.0
  0
VERTEX
 5
B28
  8
LAYNR1
 10
91.20311
 20
43.10800
 42
1.0
  0
SEQEND
  8
LAYNR1
  0
POLYLINE
 5
B29
  8
LAYNR1
 66
1
 70
1
 40
0.076200
 41
0.076200
  0
VERTEX
 5
B2A
  8
LAYNR1
 10
91.88891
 20
43.36200
 42
1.0
  0
VERTEX
 5
B2B
  8
LAYNR1
 10
91.96511
 20
43.36200
 42
1.0
  0
SEQEND
  8
LAYNR1
  0
POLYLINE
 5
B2C
  8
LAYNR1
 66
1
 40
0.152400
 41
0.152400
  0
VERTEX
 5
B2D
  8
LAYNR1
 10
91.16501
 20
43.10800
  0
VERTEX
 5
B2E
  8
LAYNR1
 10
91.92701
 20
43.23500
  0
SEQEND
  8
LAYNR1
  0
POLYLINE
 5
B2F
  8
LAYNR1
 66
1
 70
1
 40
0.076200
 41
0.076200
  0
VERTEX
 5
B30
  8
LAYNR1
 10
91.12691
 20
43.10800
 42
1.0
  0
VERTEX
 5
B31
  8
LAYNR1
 10
91.20311
 20
43.10800
 42
1.0
  0
SEQEND
  8
LAYNR1
  0
POLYLINE
 5
B32
  8
LAYNR1
 66
1
 70
1
 40
0.076200
 41
0.076200
  0
VERTEX
 5
B33
  8
LAYNR1
 10
91.88891
 20
43.23500
 42
1.0
  0
VERTEX
 5
B34
  8
LAYNR1
 10
91.96511
 20
43.23500
 42
1.0
  0
SEQEND
  8
LAYNR1
  0
POLYLINE
 5
B35
  8
LAYNR1
 66
1
 40
0.152400
 41
0.152400
  0
VERTEX
 5
B36
  8
LAYNR1
 10
91.16501
 20
43.10800
  0
VERTEX
 5
B37
  8
LAYNR1
 10
91.92701
 20
42.47300
  0
SEQEND
  8
LAYNR1
  0
POLYLINE
 5
B38
  8
LAYNR1
 66
1
 70
1
 40
0.076200
 41
0.076200
  0
VERTEX
 5
B39
  8
LAYNR1
 10
91.12691
 20
43.10800
 42
1.0
  0
VERTEX
 5
B3A
  8
LAYNR1
 10
91.20311
 20
43.10800
 42
1.0
  0
SEQEND
  8
LAYNR1
  0
POLYLINE
 5
B3B
  8
LAYNR1
 66
1
 70
1
 40
0.076200
 41
0.076200
  0
VERTEX
 5
B3C
  8
LAYNR1
 10
91.88891
 20
42.47300
 42
1.0
  0
VERTEX
 5
B3D
  8
LAYNR1
 10
91.96511
 20
42.47300
 42
1.0
  0
SEQEND
  8
LAYNR1
  0
POLYLINE
 5
B3E
  8
LAYNR1
 66
1
 40
0.152400
 41
0.152400
  0
VERTEX
 5
B3F
  8
LAYNR1
 10
91.16501
 20
43.10800
  0
VERTEX
 5
B40
  8
LAYNR1
 10
91.92701
 20
42.60000
  0
SEQEND
  8
LAYNR1
  0
POLYLINE
 5
B41
  8
LAYNR1
 66
1
 70
1
 40
0.076200
 41
0.076200
  0
VERTEX
 5
B42
  8
LAYNR1
 10
91.12691
 20
43.10800
 42
1.0
  0
VERTEX
 5
B43
  8
LAYNR1
 10
91.20311
 20
43.10800
 42
1.0
  0
SEQEND
  8
LAYNR1
  0
POLYLINE
 5
B44
  8
LAYNR1
 66
1
 70
1
 40
0.076200
 41
0.076200
  0
VERTEX
 5
B45
  8
LAYNR1
 10
91.88891
 20
42.60000
 42
1.0
  0
VERTEX
 5
B46
  8
LAYNR1
 10
91.96511
 20
42.60000
 42
1.0
  0
SEQEND
  8
LAYNR1
  0
POLYLINE
 5
B47
  8
LAYNR1
 66
1
 40
0.152400
 41
0.152400
  0
VERTEX
 5
B48
  8
LAYNR1
 10
91.16501
 20
43.10800
  0
VERTEX
 5
B49
  8
LAYNR1
 10
91.92701
 20
42.72700
  0
SEQEND
  8
LAYNR1
  0
POLYLINE
 5
B4A
  8
LAYNR1
 66
1
 70
1
 40
0.076200
 41
0.076200
  0
VERTEX
 5
B4B
  8
LAYNR1
 10
91.12691
 20
43.10800
 42
1.0
  0
VERTEX
 5
B4C
  8
LAYNR1
 10
91.20311
 20
43.10800
 42
1.0
  0
SEQEND
  8
LAYNR1
  0
POLYLINE
 5
B4D
  8
LAYNR1
 66
1
 70
1
 40
0.076200
 41
0.076200
  0
VERTEX
 5
B4E
  8
LAYNR1
 10
91.88891
 20
42.72700
 42
1.0
  0
VERTEX
 5
B4F
  8
LAYNR1
 10
91.96511
 20
42.72700
 42
1.0
  0
SEQEND
  8
LAYNR1
  0
POLYLINE
 5
B50
  8
LAYNR1
 66
1
 40
0.152400
 41
0.152400
  0
VERTEX
 5
B51
  8
LAYNR1
 10
91.16501
 20
43.10800
  0
VERTEX
 5
B52
  8
LAYNR1
 10
91.92701
 20
42.85400
  0
SEQEND
  8
LAYNR1
  0
POLYLINE
 5
B53
  8
LAYNR1
 66
1
 70
1
 40
0.076200
 41
0.076200
  0
VERTEX
 5
B54
  8
LAYNR1
 10
91.12691
 20
43.10800
 42
1.0
  0
VERTEX
 5
B55
  8
LAYNR1
 10
91.20311
 20
43.10800
 42
1.0
  0
SEQEND
  8
LAYNR1
  0
POLYLINE
 5
B56
  8
LAYNR1
 66
1
 70
1
 40
0.076200
 41
0.076200
  0
VERTEX
 5
B57
  8
LAYNR1
 10
91.88891
 20
42.85400
 42
1.0
  0
VERTEX
 5
B58
  8
LAYNR1
 10
91.96511
 20
42.85400
 42
1.0
  0
SEQEND
  8
LAYNR1
  0
POLYLINE
 5
B59
  8
LAYNR1
 66
1
 40
0.152400
 41
0.152400
  0
VERTEX
 5
B5A
  8
LAYNR1
 10
91.16501
 20
43.10800
  0
VERTEX
 5
B5B
  8
LAYNR1
 10
91.92701
 20
42.98100
  0
SEQEND
  8
LAYNR1
  0
POLYLINE
 5
B5C
  8
LAYNR1
 66
1
 70
1
 40
0.076200
 41
0.076200
  0
VERTEX
 5
B5D
  8
LAYNR1
 10
91.12691
 20
43.10800
 42
1.0
  0
VERTEX
 5
B5E
  8
LAYNR1
 10
91.20311
 20
43.10800
 42
1.0
  0
SEQEND
  8
LAYNR1
  0
POLYLINE
 5
B5F
  8
LAYNR1
 66
1
 70
1
 40
0.076200
 41
0.076200
  0
VERTEX
 5
B60
  8
LAYNR1
 10
91.88891
 20
42.98100
 42
1.0
  0
VERTEX
 5
B61
  8
LAYNR1
 10
91.96511
 20
42.98100
 42
1.0
  0
SEQEND
  8
LAYNR1
  0
POLYLINE
 5
B62
  8
LAYNR1
 66
1
 40
0.152400
 41
0.152400
  0
VERTEX
 5
B63
  8
LAYNR1
 10
91.92701
 20
43.74300
  0
VERTEX
 5
B64
  8
LAYNR1
 10
91.92701
 20
42.47300
  0
SEQEND
  8
LAYNR1
  0
POLYLINE
 5
B65
  8
LAYNR1
 66
1
 70
1
 40
0.076200
 41
0.076200
  0
VERTEX
 5
B66
  8
LAYNR1
 10
91.88891
 20
43.74300
 42
1.0
  0
VERTEX
 5
B67
  8
LAYNR1
 10
91.96511
 20
43.74300
 42
1.0
  0
SEQEND
  8
LAYNR1
  0
POLYLINE
 5
B68
  8
LAYNR1
 66
1
 70
1
 40
0.076200
 41
0.076200
  0
VERTEX
 5
B69
  8
LAYNR1
 10
91.88891
 20
42.47300
 42
1.0
  0
VERTEX
 5
B6A
  8
LAYNR1
 10
91.96511
 20
42.47300
 42
1.0
  0
SEQEND
  8
LAYNR1
  0
POLYLINE
 5
B6B
  8
LAYNR8
 66
1
 40
0.025400
 41
0.025400
  0
VERTEX
 5
B6C
  8
LAYNR8
 10
89.22130
 20
44.09060
  0
VERTEX
 5
B6D
  8
LAYNR8
 10
90.21190
 20
45.08120
  0
SEQEND
  8
LAYNR8
  0
POLYLINE
 5
B6E
  8
LAYNR8
 66
1
 70
1
 40
0.012700
 41
0.012700
  0
VERTEX
 5
B6F
  8
LAYNR8
 10
89.21495
 20
44.09060
 42
1.0
  0
VERTEX
 5
B70
  8
LAYNR8
 10
89.22765
 20
44.09060
 42
1.0
  0
SEQEND
  8
LAYNR8
  0
POLYLINE
 5
B71
  8
LAYNR8
 66
1
 70
1
 40
0.012700
 41
0.012700
  0
VERTEX
 5
B72
  8
LAYNR8
 10
90.20555
 20
45.08120
 42
1.0
  0
VERTEX
 5
B73
  8
LAYNR8
 10
90.21825
 20
45.08120
 42
1.0
  0
SEQEND
  8
LAYNR8
  0
POLYLINE
 5
B74
  8
LAYNR8
 66
1
 40
0.025400
 41
0.025400
  0
VERTEX
 5
B75
  8
LAYNR8
 10
89.22130
 20
42.10940
  0
VERTEX
 5
B76
  8
LAYNR8
 10
90.21190
 20
41.11880
  0
SEQEND
  8
LAYNR8
  0
POLYLINE
 5
B77
  8
LAYNR8
 66
1
 70
1
 40
0.012700
 41
0.012700
  0
VERTEX
 5
B78
  8
LAYNR8
 10
89.21495
 20
42.10940
 42
1.0
  0
VERTEX
 5
B79
  8
LAYNR8
 10
89.22765
 20
42.10940
 42
1.0
  0
SEQEND
  8
LAYNR8
  0
POLYLINE
 5
B7A
  8
LAYNR8
 66
1
 70
1
 40
0.012700
 41
0.012700
  0
VERTEX
 5
B7B
  8
LAYNR8
 10
90.20555
 20
41.11880
 42
1.0
  0
VERTEX
 5
B7C
  8
LAYNR8
 10
90.21825
 20
41.11880
 42
1.0
  0
SEQEND
  8
LAYNR8
  0
POLYLINE
 5
B7D
  8
LAYNR1
 66
1
 40
0.152400
 41
0.152400
  0
VERTEX
 5
B7E
  8
LAYNR1
 10
89.09430
 20
40.99180
  0
VERTEX
 5
B7F
  8
LAYNR1
 10
93.94570
 20
40.99180
  0
SEQEND
  8
LAYNR1
  0
POLYLINE
 5
B80
  8
LAYNR1
 66
1
 70
1
 40
0.076200
 41
0.076200
  0
VERTEX
 5
B81
  8
LAYNR1
 10
89.05620
 20
40.99180
 42
1.0
  0
VERTEX
 5
B82
  8
LAYNR1
 10
89.13240
 20
40.99180
 42
1.0
  0
SEQEND
  8
LAYNR1
  0
POLYLINE
 5
B83
  8
LAYNR1
 66
1
 70
1
 40
0.076200
 41
0.076200
  0
VERTEX
 5
B84
  8
LAYNR1
 10
93.90760
 20
40.99180
 42
1.0
  0
VERTEX
 5
B85
  8
LAYNR1
 10
93.98380
 20
40.99180
 42
1.0
  0
SEQEND
  8
LAYNR1
  0
POLYLINE
 5
B86
  8
LAYNR1
 66
1
 40
0.152400
 41
0.152400
  0
VERTEX
 5
B87
  8
LAYNR1
 10
93.94570
 20
40.99180
  0
VERTEX
 5
B88
  8
LAYNR1
 10
93.94570
 20
41.63737
  0
SEQEND
  8
LAYNR1
  0
POLYLINE
 5
B89
  8
LAYNR1
 66
1
 70
1
 40
0.076200
 41
0.076200
  0
VERTEX
 5
B8A
  8
LAYNR1
 10
93.90760
 20
40.99180
 42
1.0
  0
VERTEX
 5
B8B
  8
LAYNR1
 10
93.98380
 20
40.99180
 42
1.0
  0
SEQEND
  8
LAYNR1
  0
POLYLINE
 5
B8C
  8
LAYNR1
 66
1
 70
1
 40
0.076200
 41
0.076200
  0
VERTEX
 5
B8D
  8
LAYNR1
 10
93.90760
 20
41.63737
 42
1.0
  0
VERTEX
 5
B8E
  8
LAYNR1
 10
93.98380
 20
41.63737
 42
1.0
  0
SEQEND
  8
LAYNR1
  0
POLYLINE
 5
B8F
  8
LAYNR1
 66
1
 40
0.152400
 41
0.152400
  0
VERTEX
 5
B90
  8
LAYNR1
 10
93.94570
 20
45.20820
  0
VERTEX
 5
B91
  8
LAYNR1
 10
89.09430
 20
45.20820
  0
SEQEND
  8
LAYNR1
  0
POLYLINE
 5
B92
  8
LAYNR1
 66
1
 70
1
 40
0.076200
 41
0.076200
  0
VERTEX
 5
B93
  8
LAYNR1
 10
93.90760
 20
45.20820
 42
1.0
  0
VERTEX
 5
B94
  8
LAYNR1
 10
93.98380
 20
45.20820
 42
1.0
  0
SEQEND
  8
LAYNR1
  0
POLYLINE
 5
B95
  8
LAYNR1
 66
1
 70
1
 40
0.076200
 41
0.076200
  0
VERTEX
 5
B96
  8
LAYNR1
 10
89.05620
 20
45.20820
 42
1.0
  0
VERTEX
 5
B97
  8
LAYNR1
 10
89.13240
 20
45.20820
 42
1.0
  0
SEQEND
  8
LAYNR1
  0
POLYLINE
 5
B98
  8
LAYNR1
 66
1
 40
0.152400
 41
0.152400
  0
VERTEX
 5
B99
  8
LAYNR1
 10
89.09430
 20
45.20820
  0
VERTEX
 5
B9A
  8
LAYNR1
 10
89.09430
 20
44.56263
  0
SEQEND
  8
LAYNR1
  0
POLYLINE
 5
B9B
  8
LAYNR1
 66
1
 70
1
 40
0.076200
 41
0.076200
  0
VERTEX
 5
B9C
  8
LAYNR1
 10
89.05620
 20
45.20820
 42
1.0
  0
VERTEX
 5
B9D
  8
LAYNR1
 10
89.13240
 20
45.20820
 42
1.0
  0
SEQEND
  8
LAYNR1
  0
POLYLINE
 5
B9E
  8
LAYNR1
 66
1
 70
1
 40
0.076200
 41
0.076200
  0
VERTEX
 5
B9F
  8
LAYNR1
 10
89.05620
 20
44.56263
 42
1.0
  0
VERTEX
 5
BA0
  8
LAYNR1
 10
89.13240
 20
44.56263
 42
1.0
  0
SEQEND
  8
LAYNR1
  0
POLYLINE
 5
BA1
  8
LAYNR8
 66
1
 40
0.025400
 41
0.025400
  0
VERTEX
 5
BA2
  8
LAYNR8
 10
89.22130
 20
41.11880
  0
VERTEX
 5
BA3
  8
LAYNR8
 10
93.81870
 20
41.11880
  0
SEQEND
  8
LAYNR8
  0
POLYLINE
 5
BA4
  8
LAYNR8
 66
1
 70
1
 40
0.012700
 41
0.012700
  0
VERTEX
 5
BA5
  8
LAYNR8
 10
89.21495
 20
41.11880
 42
1.0
  0
VERTEX
 5
BA6
  8
LAYNR8
 10
89.22765
 20
41.11880
 42
1.0
  0
SEQEND
  8
LAYNR8
  0
POLYLINE
 5
BA7
  8
LAYNR8
 66
1
 70
1
 40
0.012700
 41
0.012700
  0
VERTEX
 5
BA8
  8
LAYNR8
 10
93.81235
 20
41.11880
 42
1.0
  0
VERTEX
 5
BA9
  8
LAYNR8
 10
93.82505
 20
41.11880
 42
1.0
  0
SEQEND
  8
LAYNR8
  0
POLYLINE
 5
BAA
  8
LAYNR8
 66
1
 40
0.025400
 41
0.025400
  0
VERTEX
 5
BAB
  8
LAYNR8
 10
93.81870
 20
41.11880
  0
VERTEX
 5
BAC
  8
LAYNR8
 10
93.81870
 20
45.08120
  0
SEQEND
  8
LAYNR8
  0
POLYLINE
 5
BAD
  8
LAYNR8
 66
1
 70
1
 40
0.012700
 41
0.012700
  0
VERTEX
 5
BAE
  8
LAYNR8
 10
93.81235
 20
41.11880
 42
1.0
  0
VERTEX
 5
BAF
  8
LAYNR8
 10
93.82505
 20
41.11880
 42
1.0
  0
SEQEND
  8
LAYNR8
  0
POLYLINE
 5
BB0
  8
LAYNR8
 66
1
 70
1
 40
0.012700
 41
0.012700
  0
VERTEX
 5
BB1
  8
LAYNR8
 10
93.81235
 20
45.08120
 42
1.0
  0
VERTEX
 5
BB2
  8
LAYNR8
 10
93.82505
 20
45.08120
 42
1.0
  0
SEQEND
  8
LAYNR8
  0
POLYLINE
 5
BB3
  8
LAYNR8
 66
1
 40
0.025400
 41
0.025400
  0
VERTEX
 5
BB4
  8
LAYNR8
 10
93.81870
 20
45.08120
  0
VERTEX
 5
BB5
  8
LAYNR8
 10
89.22130
 20
45.08120
  0
SEQEND
  8
LAYNR8
  0
POLYLINE
 5
BB6
  8
LAYNR8
 66
1
 70
1
 40
0.012700
 41
0.012700
  0
VERTEX
 5
BB7
  8
LAYNR8
 10
93.81235
 20
45.08120
 42
1.0
  0
VERTEX
 5
BB8
  8
LAYNR8
 10
93.82505
 20
45.08120
 42
1.0
  0
SEQEND
  8
LAYNR8
  0
POLYLINE
 5
BB9
  8
LAYNR8
 66
1
 70
1
 40
0.012700
 41
0.012700
  0
VERTEX
 5
BBA
  8
LAYNR8
 10
89.21495
 20
45.08120
 42
1.0
  0
VERTEX
 5
BBB
  8
LAYNR8
 10
89.22765
 20
45.08120
 42
1.0
  0
SEQEND
  8
LAYNR8
  0
POLYLINE
 5
BBC
  8
LAYNR8
 66
1
 40
0.025400
 41
0.025400
  0
VERTEX
 5
BBD
  8
LAYNR8
 10
89.22130
 20
45.08120
  0
VERTEX
 5
BBE
  8
LAYNR8
 10
89.22130
 20
41.11880
  0
SEQEND
  8
LAYNR8
  0
POLYLINE
 5
BBF
  8
LAYNR8
 66
1
 70
1
 40
0.012700
 41
0.012700
  0
VERTEX
 5
BC0
  8
LAYNR8
 10
89.21495
 20
45.08120
 42
1.0
  0
VERTEX
 5
BC1
  8
LAYNR8
 10
89.22765
 20
45.08120
 42
1.0
  0
SEQEND
  8
LAYNR8
  0
POLYLINE
 5
BC2
  8
LAYNR8
 66
1
 70
1
 40
0.012700
 41
0.012700
  0
VERTEX
 5
BC3
  8
LAYNR8
 10
89.21495
 20
41.11880
 42
1.0
  0
VERTEX
 5
BC4
  8
LAYNR8
 10
89.22765
 20
41.11880
 42
1.0
  0
SEQEND
  8
LAYNR8
  0
POLYLINE
 5
BC5
  8
PLACEMENT_OUTLINE_TOP
 66
1
 40
0.100000
 41
0.100000
  0
VERTEX
 5
BC6
  8
PLACEMENT_OUTLINE_TOP
 10
88.12201
 20
41.71611
  0
VERTEX
 5
BC7
  8
PLACEMENT_OUTLINE_TOP
 10
88.12201
 20
44.48389
  0
SEQEND
  8
PLACEMENT_OUTLINE_TOP
  0
POLYLINE
 5
BC8
  8
PLACEMENT_OUTLINE_TOP
 66
1
 70
1
 40
0.050000
 41
0.050000
  0
VERTEX
 5
BC9
  8
PLACEMENT_OUTLINE_TOP
 10
88.09701
 20
41.71611
 42
1.0
  0
VERTEX
 5
BCA
  8
PLACEMENT_OUTLINE_TOP
 10
88.14701
 20
41.71611
 42
1.0
  0
SEQEND
  8
PLACEMENT_OUTLINE_TOP
  0
POLYLINE
 5
BCB
  8
PLACEMENT_OUTLINE_TOP
 66
1
 70
1
 40
0.050000
 41
0.050000
  0
VERTEX
 5
BCC
  8
PLACEMENT_OUTLINE_TOP
 10
88.09701
 20
44.48389
 42
1.0
  0
VERTEX
 5
BCD
  8
PLACEMENT_OUTLINE_TOP
 10
88.14701
 20
44.48389
 42
1.0
  0
SEQEND
  8
PLACEMENT_OUTLINE_TOP
  0
POLYLINE
 5
BCE
  8
PLACEMENT_OUTLINE_TOP
 66
1
 40
0.100000
 41
0.100000
  0
VERTEX
 5
BCF
  8
PLACEMENT_OUTLINE_TOP
 10
88.12201
 20
44.48389
  0
VERTEX
 5
BD0
  8
PLACEMENT_OUTLINE_TOP
 10
88.96730
 20
44.48389
  0
SEQEND
  8
PLACEMENT_OUTLINE_TOP
  0
POLYLINE
 5
BD1
  8
PLACEMENT_OUTLINE_TOP
 66
1
 70
1
 40
0.050000
 41
0.050000
  0
VERTEX
 5
BD2
  8
PLACEMENT_OUTLINE_TOP
 10
88.09701
 20
44.48389
 42
1.0
  0
VERTEX
 5
BD3
  8
PLACEMENT_OUTLINE_TOP
 10
88.14701
 20
44.48389
 42
1.0
  0
SEQEND
  8
PLACEMENT_OUTLINE_TOP
  0
POLYLINE
 5
BD4
  8
PLACEMENT_OUTLINE_TOP
 66
1
 70
1
 40
0.050000
 41
0.050000
  0
VERTEX
 5
BD5
  8
PLACEMENT_OUTLINE_TOP
 10
88.94230
 20
44.48389
 42
1.0
  0
VERTEX
 5
BD6
  8
PLACEMENT_OUTLINE_TOP
 10
88.99230
 20
44.48389
 42
1.0
  0
SEQEND
  8
PLACEMENT_OUTLINE_TOP
  0
POLYLINE
 5
BD7
  8
PLACEMENT_OUTLINE_TOP
 66
1
 40
0.100000
 41
0.100000
  0
VERTEX
 5
BD8
  8
PLACEMENT_OUTLINE_TOP
 10
88.96730
 20
44.48389
  0
VERTEX
 5
BD9
  8
PLACEMENT_OUTLINE_TOP
 10
88.96730
 20
45.33520
  0
SEQEND
  8
PLACEMENT_OUTLINE_TOP
  0
POLYLINE
 5
BDA
  8
PLACEMENT_OUTLINE_TOP
 66
1
 70
1
 40
0.050000
 41
0.050000
  0
VERTEX
 5
BDB
  8
PLACEMENT_OUTLINE_TOP
 10
88.94230
 20
44.48389
 42
1.0
  0
VERTEX
 5
BDC
  8
PLACEMENT_OUTLINE_TOP
 10
88.99230
 20
44.48389
 42
1.0
  0
SEQEND
  8
PLACEMENT_OUTLINE_TOP
  0
POLYLINE
 5
BDD
  8
PLACEMENT_OUTLINE_TOP
 66
1
 70
1
 40
0.050000
 41
0.050000
  0
VERTEX
 5
BDE
  8
PLACEMENT_OUTLINE_TOP
 10
88.94230
 20
45.33520
 42
1.0
  0
VERTEX
 5
BDF
  8
PLACEMENT_OUTLINE_TOP
 10
88.99230
 20
45.33520
 42
1.0
  0
SEQEND
  8
PLACEMENT_OUTLINE_TOP
  0
POLYLINE
 5
BE0
  8
PLACEMENT_OUTLINE_TOP
 66
1
 40
0.100000
 41
0.100000
  0
VERTEX
 5
BE1
  8
PLACEMENT_OUTLINE_TOP
 10
88.96730
 20
45.33520
  0
VERTEX
 5
BE2
  8
PLACEMENT_OUTLINE_TOP
 10
94.07270
 20
45.33520
  0
SEQEND
  8
PLACEMENT_OUTLINE_TOP
  0
POLYLINE
 5
BE3
  8
PLACEMENT_OUTLINE_TOP
 66
1
 70
1
 40
0.050000
 41
0.050000
  0
VERTEX
 5
BE4
  8
PLACEMENT_OUTLINE_TOP
 10
88.94230
 20
45.33520
 42
1.0
  0
VERTEX
 5
BE5
  8
PLACEMENT_OUTLINE_TOP
 10
88.99230
 20
45.33520
 42
1.0
  0
SEQEND
  8
PLACEMENT_OUTLINE_TOP
  0
POLYLINE
 5
BE6
  8
PLACEMENT_OUTLINE_TOP
 66
1
 70
1
 40
0.050000
 41
0.050000
  0
VERTEX
 5
BE7
  8
PLACEMENT_OUTLINE_TOP
 10
94.04770
 20
45.33520
 42
1.0
  0
VERTEX
 5
BE8
  8
PLACEMENT_OUTLINE_TOP
 10
94.09770
 20
45.33520
 42
1.0
  0
SEQEND
  8
PLACEMENT_OUTLINE_TOP
  0
POLYLINE
 5
BE9
  8
PLACEMENT_OUTLINE_TOP
 66
1
 40
0.100000
 41
0.100000
  0
VERTEX
 5
BEA
  8
PLACEMENT_OUTLINE_TOP
 10
94.07270
 20
45.33520
  0
VERTEX
 5
BEB
  8
PLACEMENT_OUTLINE_TOP
 10
94.07270
 20
44.48389
  0
SEQEND
  8
PLACEMENT_OUTLINE_TOP
  0
POLYLINE
 5
BEC
  8
PLACEMENT_OUTLINE_TOP
 66
1
 70
1
 40
0.050000
 41
0.050000
  0
VERTEX
 5
BED
  8
PLACEMENT_OUTLINE_TOP
 10
94.04770
 20
45.33520
 42
1.0
  0
VERTEX
 5
BEE
  8
PLACEMENT_OUTLINE_TOP
 10
94.09770
 20
45.33520
 42
1.0
  0
SEQEND
  8
PLACEMENT_OUTLINE_TOP
  0
POLYLINE
 5
BEF
  8
PLACEMENT_OUTLINE_TOP
 66
1
 70
1
 40
0.050000
 41
0.050000
  0
VERTEX
 5
BF0
  8
PLACEMENT_OUTLINE_TOP
 10
94.04770
 20
44.48389
 42
1.0
  0
VERTEX
 5
BF1
  8
PLACEMENT_OUTLINE_TOP
 10
94.09770
 20
44.48389
 42
1.0
  0
SEQEND
  8
PLACEMENT_OUTLINE_TOP
  0
POLYLINE
 5
BF2
  8
PLACEMENT_OUTLINE_TOP
 66
1
 40
0.100000
 41
0.100000
  0
VERTEX
 5
BF3
  8
PLACEMENT_OUTLINE_TOP
 10
94.07270
 20
44.48389
  0
VERTEX
 5
BF4
  8
PLACEMENT_OUTLINE_TOP
 10
94.91798
 20
44.48389
  0
SEQEND
  8
PLACEMENT_OUTLINE_TOP
  0
POLYLINE
 5
BF5
  8
PLACEMENT_OUTLINE_TOP
 66
1
 70
1
 40
0.050000
 41
0.050000
  0
VERTEX
 5
BF6
  8
PLACEMENT_OUTLINE_TOP
 10
94.04770
 20
44.48389
 42
1.0
  0
VERTEX
 5
BF7
  8
PLACEMENT_OUTLINE_TOP
 10
94.09770
 20
44.48389
 42
1.0
  0
SEQEND
  8
PLACEMENT_OUTLINE_TOP
  0
POLYLINE
 5
BF8
  8
PLACEMENT_OUTLINE_TOP
 66
1
 70
1
 40
0.050000
 41
0.050000
  0
VERTEX
 5
BF9
  8
PLACEMENT_OUTLINE_TOP
 10
94.89298
 20
44.48389
 42
1.0
  0
VERTEX
 5
BFA
  8
PLACEMENT_OUTLINE_TOP
 10
94.94298
 20
44.48389
 42
1.0
  0
SEQEND
  8
PLACEMENT_OUTLINE_TOP
  0
POLYLINE
 5
BFB
  8
PLACEMENT_OUTLINE_TOP
 66
1
 40
0.100000
 41
0.100000
  0
VERTEX
 5
BFC
  8
PLACEMENT_OUTLINE_TOP
 10
94.91798
 20
44.48389
  0
VERTEX
 5
BFD
  8
PLACEMENT_OUTLINE_TOP
 10
94.91798
 20
41.71611
  0
SEQEND
  8
PLACEMENT_OUTLINE_TOP
  0
POLYLINE
 5
BFE
  8
PLACEMENT_OUTLINE_TOP
 66
1
 70
1
 40
0.050000
 41
0.050000
  0
VERTEX
 5
BFF
  8
PLACEMENT_OUTLINE_TOP
 10
94.89298
 20
44.48389
 42
1.0
  0
VERTEX
 5
C00
  8
PLACEMENT_OUTLINE_TOP
 10
94.94298
 20
44.48389
 42
1.0
  0
SEQEND
  8
PLACEMENT_OUTLINE_TOP
  0
POLYLINE
 5
C01
  8
PLACEMENT_OUTLINE_TOP
 66
1
 70
1
 40
0.050000
 41
0.050000
  0
VERTEX
 5
C02
  8
PLACEMENT_OUTLINE_TOP
 10
94.89298
 20
41.71611
 42
1.0
  0
VERTEX
 5
C03
  8
PLACEMENT_OUTLINE_TOP
 10
94.94298
 20
41.71611
 42
1.0
  0
SEQEND
  8
PLACEMENT_OUTLINE_TOP
  0
POLYLINE
 5
C04
  8
PLACEMENT_OUTLINE_TOP
 66
1
 40
0.100000
 41
0.100000
  0
VERTEX
 5
C05
  8
PLACEMENT_OUTLINE_TOP
 10
94.91798
 20
41.71611
  0
VERTEX
 5
C06
  8
PLACEMENT_OUTLINE_TOP
 10
94.07270
 20
41.71611
  0
SEQEND
  8
PLACEMENT_OUTLINE_TOP
  0
POLYLINE
 5
C07
  8
PLACEMENT_OUTLINE_TOP
 66
1
 70
1
 40
0.050000
 41
0.050000
  0
VERTEX
 5
C08
  8
PLACEMENT_OUTLINE_TOP
 10
94.89298
 20
41.71611
 42
1.0
  0
VERTEX
 5
C09
  8
PLACEMENT_OUTLINE_TOP
 10
94.94298
 20
41.71611
 42
1.0
  0
SEQEND
  8
PLACEMENT_OUTLINE_TOP
  0
POLYLINE
 5
C0A
  8
PLACEMENT_OUTLINE_TOP
 66
1
 70
1
 40
0.050000
 41
0.050000
  0
VERTEX
 5
C0B
  8
PLACEMENT_OUTLINE_TOP
 10
94.04770
 20
41.71611
 42
1.0
  0
VERTEX
 5
C0C
  8
PLACEMENT_OUTLINE_TOP
 10
94.09770
 20
41.71611
 42
1.0
  0
SEQEND
  8
PLACEMENT_OUTLINE_TOP
  0
POLYLINE
 5
C0D
  8
PLACEMENT_OUTLINE_TOP
 66
1
 40
0.100000
 41
0.100000
  0
VERTEX
 5
C0E
  8
PLACEMENT_OUTLINE_TOP
 10
94.07270
 20
41.71611
  0
VERTEX
 5
C0F
  8
PLACEMENT_OUTLINE_TOP
 10
94.07270
 20
40.86480
  0
SEQEND
  8
PLACEMENT_OUTLINE_TOP
  0
POLYLINE
 5
C10
  8
PLACEMENT_OUTLINE_TOP
 66
1
 70
1
 40
0.050000
 41
0.050000
  0
VERTEX
 5
C11
  8
PLACEMENT_OUTLINE_TOP
 10
94.04770
 20
41.71611
 42
1.0
  0
VERTEX
 5
C12
  8
PLACEMENT_OUTLINE_TOP
 10
94.09770
 20
41.71611
 42
1.0
  0
SEQEND
  8
PLACEMENT_OUTLINE_TOP
  0
POLYLINE
 5
C13
  8
PLACEMENT_OUTLINE_TOP
 66
1
 70
1
 40
0.050000
 41
0.050000
  0
VERTEX
 5
C14
  8
PLACEMENT_OUTLINE_TOP
 10
94.04770
 20
40.86480
 42
1.0
  0
VERTEX
 5
C15
  8
PLACEMENT_OUTLINE_TOP
 10
94.09770
 20
40.86480
 42
1.0
  0
SEQEND
  8
PLACEMENT_OUTLINE_TOP
  0
POLYLINE
 5
C16
  8
PLACEMENT_OUTLINE_TOP
 66
1
 40
0.100000
 41
0.100000
  0
VERTEX
 5
C17
  8
PLACEMENT_OUTLINE_TOP
 10
94.07270
 20
40.86480
  0
VERTEX
 5
C18
  8
PLACEMENT_OUTLINE_TOP
 10
88.96730
 20
40.86480
  0
SEQEND
  8
PLACEMENT_OUTLINE_TOP
  0
POLYLINE
 5
C19
  8
PLACEMENT_OUTLINE_TOP
 66
1
 70
1
 40
0.050000
 41
0.050000
  0
VERTEX
 5
C1A
  8
PLACEMENT_OUTLINE_TOP
 10
94.04770
 20
40.86480
 42
1.0
  0
VERTEX
 5
C1B
  8
PLACEMENT_OUTLINE_TOP
 10
94.09770
 20
40.86480
 42
1.0
  0
SEQEND
  8
PLACEMENT_OUTLINE_TOP
  0
POLYLINE
 5
C1C
  8
PLACEMENT_OUTLINE_TOP
 66
1
 70
1
 40
0.050000
 41
0.050000
  0
VERTEX
 5
C1D
  8
PLACEMENT_OUTLINE_TOP
 10
88.94230
 20
40.86480
 42
1.0
  0
VERTEX
 5
C1E
  8
PLACEMENT_OUTLINE_TOP
 10
88.99230
 20
40.86480
 42
1.0
  0
SEQEND
  8
PLACEMENT_OUTLINE_TOP
  0
POLYLINE
 5
C1F
  8
PLACEMENT_OUTLINE_TOP
 66
1
 40
0.100000
 41
0.100000
  0
VERTEX
 5
C20
  8
PLACEMENT_OUTLINE_TOP
 10
88.96730
 20
40.86480
  0
VERTEX
 5
C21
  8
PLACEMENT_OUTLINE_TOP
 10
88.96730
 20
41.71611
  0
SEQEND
  8
PLACEMENT_OUTLINE_TOP
  0
POLYLINE
 5
C22
  8
PLACEMENT_OUTLINE_TOP
 66
1
 70
1
 40
0.050000
 41
0.050000
  0
VERTEX
 5
C23
  8
PLACEMENT_OUTLINE_TOP
 10
88.94230
 20
40.86480
 42
1.0
  0
VERTEX
 5
C24
  8
PLACEMENT_OUTLINE_TOP
 10
88.99230
 20
40.86480
 42
1.0
  0
SEQEND
  8
PLACEMENT_OUTLINE_TOP
  0
POLYLINE
 5
C25
  8
PLACEMENT_OUTLINE_TOP
 66
1
 70
1
 40
0.050000
 41
0.050000
  0
VERTEX
 5
C26
  8
PLACEMENT_OUTLINE_TOP
 10
88.94230
 20
41.71611
 42
1.0
  0
VERTEX
 5
C27
  8
PLACEMENT_OUTLINE_TOP
 10
88.99230
 20
41.71611
 42
1.0
  0
SEQEND
  8
PLACEMENT_OUTLINE_TOP
  0
POLYLINE
 5
C28
  8
PLACEMENT_OUTLINE_TOP
 66
1
 40
0.100000
 41
0.100000
  0
VERTEX
 5
C29
  8
PLACEMENT_OUTLINE_TOP
 10
88.96730
 20
41.71611
  0
VERTEX
 5
C2A
  8
PLACEMENT_OUTLINE_TOP
 10
88.12201
 20
41.71611
  0
SEQEND
  8
PLACEMENT_OUTLINE_TOP
  0
POLYLINE
 5
C2B
  8
PLACEMENT_OUTLINE_TOP
 66
1
 70
1
 40
0.050000
 41
0.050000
  0
VERTEX
 5
C2C
  8
PLACEMENT_OUTLINE_TOP
 10
88.94230
 20
41.71611
 42
1.0
  0
VERTEX
 5
C2D
  8
PLACEMENT_OUTLINE_TOP
 10
88.99230
 20
41.71611
 42
1.0
  0
SEQEND
  8
PLACEMENT_OUTLINE_TOP
  0
POLYLINE
 5
C2E
  8
PLACEMENT_OUTLINE_TOP
 66
1
 70
1
 40
0.050000
 41
0.050000
  0
VERTEX
 5
C2F
  8
PLACEMENT_OUTLINE_TOP
 10
88.09701
 20
41.71611
 42
1.0
  0
VERTEX
 5
C30
  8
PLACEMENT_OUTLINE_TOP
 10
88.14701
 20
41.71611
 42
1.0
  0
SEQEND
  8
PLACEMENT_OUTLINE_TOP
  0
SOLID
 5
C31
  8
PADLAYER_TOP
 10
90.57460
 20
41.97010
 11
90.57460
 21
44.22989
 12
88.37600
 22
41.97010
 13
88.37600
 23
44.22989
  0
SOLID
 5
C32
  8
PADLAYER_TOP
 10
94.66400
 20
41.97010
 11
94.66400
 21
44.22989
 12
92.46540
 22
41.97010
 13
92.46540
 23
44.22989
  0
POLYLINE
 5
C33
  8
Top
 66
1
 70
1
 40
0.000000
 41
0.000000
  0
VERTEX
 5
C34
  8
Top
 10
75.67020
 20
67.07270
 42
-0.414214
  0
VERTEX
 5
C35
  8
Top
 10
75.68290
 20
67.06000
  0
VERTEX
 5
C36
  8
Top
 10
75.68290
 20
63.87000
 42
-0.414214
  0
VERTEX
 5
C37
  8
Top
 10
75.67020
 20
63.85730
  0
VERTEX
 5
C38
  8
Top
 10
74.17020
 20
63.85730
 42
-0.414214
  0
VERTEX
 5
C39
  8
Top
 10
74.15750
 20
63.87000
  0
VERTEX
 5
C3A
  8
Top
 10
74.15750
 20
67.06000
 42
-0.414214
  0
VERTEX
 5
C3B
  8
Top
 10
74.17020
 20
67.07270
  0
VERTEX
 5
C3C
  8
Top
 10
75.67020
 20
67.07270
  0
SEQEND
  8
Top
  0
POLYLINE
 5
C3D
  8
2DLINES_1
 66
1
 40
0.152400
 41
0.152400
  0
VERTEX
 5
C3E
  8
2DLINES_1
 10
74.28020
 20
65.46000
  0
VERTEX
 5
C3F
  8
2DLINES_1
 10
75.58020
 20
65.46000
  0
SEQEND
  8
2DLINES_1
  0
POLYLINE
 5
C40
  8
2DLINES_1
 66
1
 70
1
 40
0.076200
 41
0.076200
  0
VERTEX
 5
C41
  8
2DLINES_1
 10
74.24210
 20
65.46000
 42
1.0
  0
VERTEX
 5
C42
  8
2DLINES_1
 10
74.31830
 20
65.46000
 42
1.0
  0
SEQEND
  8
2DLINES_1
  0
POLYLINE
 5
C43
  8
2DLINES_1
 66
1
 70
1
 40
0.076200
 41
0.076200
  0
VERTEX
 5
C44
  8
2DLINES_1
 10
75.54210
 20
65.46000
 42
1.0
  0
VERTEX
 5
C45
  8
2DLINES_1
 10
75.61830
 20
65.46000
 42
1.0
  0
SEQEND
  8
2DLINES_1
  0
POLYLINE
 5
C46
  8
PLACEMENT_OUTLINE_TOP
 66
1
 40
0.025400
 41
0.025400
  0
VERTEX
 5
C47
  8
PLACEMENT_OUTLINE_TOP
 10
74.18020
 20
67.06000
  0
VERTEX
 5
C48
  8
PLACEMENT_OUTLINE_TOP
 10
75.68020
 20
67.06000
  0
SEQEND
  8
PLACEMENT_OUTLINE_TOP
  0
POLYLINE
 5
C49
  8
PLACEMENT_OUTLINE_TOP
 66
1
 70
1
 40
0.012700
 41
0.012700
  0
VERTEX
 5
C4A
  8
PLACEMENT_OUTLINE_TOP
 10
74.17385
 20
67.06000
 42
1.0
  0
VERTEX
 5
C4B
  8
PLACEMENT_OUTLINE_TOP
 10
74.18655
 20
67.06000
 42
1.0
  0
SEQEND
  8
PLACEMENT_OUTLINE_TOP
  0
POLYLINE
 5
C4C
  8
PLACEMENT_OUTLINE_TOP
 66
1
 70
1
 40
0.012700
 41
0.012700
  0
VERTEX
 5
C4D
  8
PLACEMENT_OUTLINE_TOP
 10
75.67385
 20
67.06000
 42
1.0
  0
VERTEX
 5
C4E
  8
PLACEMENT_OUTLINE_TOP
 10
75.68655
 20
67.06000
 42
1.0
  0
SEQEND
  8
PLACEMENT_OUTLINE_TOP
  0
POLYLINE
 5
C4F
  8
PLACEMENT_OUTLINE_TOP
 66
1
 40
0.025400
 41
0.025400
  0
VERTEX
 5
C50
  8
PLACEMENT_OUTLINE_TOP
 10
75.68020
 20
67.06000
  0
VERTEX
 5
C51
  8
PLACEMENT_OUTLINE_TOP
 10
75.68020
 20
63.86000
  0
SEQEND
  8
PLACEMENT_OUTLINE_TOP
  0
POLYLINE
 5
C52
  8
PLACEMENT_OUTLINE_TOP
 66
1
 70
1
 40
0.012700
 41
0.012700
  0
VERTEX
 5
C53
  8
PLACEMENT_OUTLINE_TOP
 10
75.67385
 20
67.06000
 42
1.0
  0
VERTEX
 5
C54
  8
PLACEMENT_OUTLINE_TOP
 10
75.68655
 20
67.06000
 42
1.0
  0
SEQEND
  8
PLACEMENT_OUTLINE_TOP
  0
POLYLINE
 5
C55
  8
PLACEMENT_OUTLINE_TOP
 66
1
 70
1
 40
0.012700
 41
0.012700
  0
VERTEX
 5
C56
  8
PLACEMENT_OUTLINE_TOP
 10
75.67385
 20
63.86000
 42
1.0
  0
VERTEX
 5
C57
  8
PLACEMENT_OUTLINE_TOP
 10
75.68655
 20
63.86000
 42
1.0
  0
SEQEND
  8
PLACEMENT_OUTLINE_TOP
  0
POLYLINE
 5
C58
  8
PLACEMENT_OUTLINE_TOP
 66
1
 40
0.025400
 41
0.025400
  0
VERTEX
 5
C59
  8
PLACEMENT_OUTLINE_TOP
 10
75.68020
 20
63.86000
  0
VERTEX
 5
C5A
  8
PLACEMENT_OUTLINE_TOP
 10
74.18020
 20
63.86000
  0
SEQEND
  8
PLACEMENT_OUTLINE_TOP
  0
POLYLINE
 5
C5B
  8
PLACEMENT_OUTLINE_TOP
 66
1
 70
1
 40
0.012700
 41
0.012700
  0
VERTEX
 5
C5C
  8
PLACEMENT_OUTLINE_TOP
 10
75.67385
 20
63.86000
 42
1.0
  0
VERTEX
 5
C5D
  8
PLACEMENT_OUTLINE_TOP
 10
75.68655
 20
63.86000
 42
1.0
  0
SEQEND
  8
PLACEMENT_OUTLINE_TOP
  0
POLYLINE
 5
C5E
  8
PLACEMENT_OUTLINE_TOP
 66
1
 70
1
 40
0.012700
 41
0.012700
  0
VERTEX
 5
C5F
  8
PLACEMENT_OUTLINE_TOP
 10
74.17385
 20
63.86000
 42
1.0
  0
VERTEX
 5
C60
  8
PLACEMENT_OUTLINE_TOP
 10
74.18655
 20
63.86000
 42
1.0
  0
SEQEND
  8
PLACEMENT_OUTLINE_TOP
  0
POLYLINE
 5
C61
  8
PLACEMENT_OUTLINE_TOP
 66
1
 40
0.025400
 41
0.025400
  0
VERTEX
 5
C62
  8
PLACEMENT_OUTLINE_TOP
 10
74.18020
 20
63.86000
  0
VERTEX
 5
C63
  8
PLACEMENT_OUTLINE_TOP
 10
74.18020
 20
67.06000
  0
SEQEND
  8
PLACEMENT_OUTLINE_TOP
  0
POLYLINE
 5
C64
  8
PLACEMENT_OUTLINE_TOP
 66
1
 70
1
 40
0.012700
 41
0.012700
  0
VERTEX
 5
C65
  8
PLACEMENT_OUTLINE_TOP
 10
74.17385
 20
63.86000
 42
1.0
  0
VERTEX
 5
C66
  8
PLACEMENT_OUTLINE_TOP
 10
74.18655
 20
63.86000
 42
1.0
  0
SEQEND
  8
PLACEMENT_OUTLINE_TOP
  0
POLYLINE
 5
C67
  8
PLACEMENT_OUTLINE_TOP
 66
1
 70
1
 40
0.012700
 41
0.012700
  0
VERTEX
 5
C68
  8
PLACEMENT_OUTLINE_TOP
 10
74.17385
 20
67.06000
 42
1.0
  0
VERTEX
 5
C69
  8
PLACEMENT_OUTLINE_TOP
 10
74.18655
 20
67.06000
 42
1.0
  0
SEQEND
  8
PLACEMENT_OUTLINE_TOP
  0
SOLID
 5
C6A
  8
PADLAYER_TOP
 10
74.18020
 20
65.76000
 11
75.68020
 21
65.76000
 12
74.18020
 22
67.06000
 13
75.68020
 23
67.06000
  0
SOLID
 5
C6B
  8
PADLAYER_TOP
 10
74.18020
 20
63.86000
 11
75.68020
 21
63.86000
 12
74.18020
 22
65.16000
 13
75.68020
 23
65.16000
  0
POLYLINE
 5
C6C
  8
Top
 66
1
 70
1
 40
0.000000
 41
0.000000
  0
VERTEX
 5
C6D
  8
Top
 10
73.67020
 20
67.07270
 42
-0.414214
  0
VERTEX
 5
C6E
  8
Top
 10
73.68290
 20
67.06000
  0
VERTEX
 5
C6F
  8
Top
 10
73.68290
 20
63.87000
 42
-0.414214
  0
VERTEX
 5
C70
  8
Top
 10
73.67020
 20
63.85730
  0
VERTEX
 5
C71
  8
Top
 10
72.17020
 20
63.85730
 42
-0.414214
  0
VERTEX
 5
C72
  8
Top
 10
72.15750
 20
63.87000
  0
VERTEX
 5
C73
  8
Top
 10
72.15750
 20
67.06000
 42
-0.414214
  0
VERTEX
 5
C74
  8
Top
 10
72.17020
 20
67.07270
  0
VERTEX
 5
C75
  8
Top
 10
73.67020
 20
67.07270
  0
SEQEND
  8
Top
  0
POLYLINE
 5
C76
  8
2DLINES_1
 66
1
 40
0.152400
 41
0.152400
  0
VERTEX
 5
C77
  8
2DLINES_1
 10
72.28020
 20
65.46000
  0
VERTEX
 5
C78
  8
2DLINES_1
 10
73.58020
 20
65.46000
  0
SEQEND
  8
2DLINES_1
  0
POLYLINE
 5
C79
  8
2DLINES_1
 66
1
 70
1
 40
0.076200
 41
0.076200
  0
VERTEX
 5
C7A
  8
2DLINES_1
 10
72.24210
 20
65.46000
 42
1.0
  0
VERTEX
 5
C7B
  8
2DLINES_1
 10
72.31830
 20
65.46000
 42
1.0
  0
SEQEND
  8
2DLINES_1
  0
POLYLINE
 5
C7C
  8
2DLINES_1
 66
1
 70
1
 40
0.076200
 41
0.076200
  0
VERTEX
 5
C7D
  8
2DLINES_1
 10
73.54210
 20
65.46000
 42
1.0
  0
VERTEX
 5
C7E
  8
2DLINES_1
 10
73.61830
 20
65.46000
 42
1.0
  0
SEQEND
  8
2DLINES_1
  0
POLYLINE
 5
C7F
  8
PLACEMENT_OUTLINE_TOP
 66
1
 40
0.025400
 41
0.025400
  0
VERTEX
 5
C80
  8
PLACEMENT_OUTLINE_TOP
 10
72.18020
 20
67.06000
  0
VERTEX
 5
C81
  8
PLACEMENT_OUTLINE_TOP
 10
73.68020
 20
67.06000
  0
SEQEND
  8
PLACEMENT_OUTLINE_TOP
  0
POLYLINE
 5
C82
  8
PLACEMENT_OUTLINE_TOP
 66
1
 70
1
 40
0.012700
 41
0.012700
  0
VERTEX
 5
C83
  8
PLACEMENT_OUTLINE_TOP
 10
72.17385
 20
67.06000
 42
1.0
  0
VERTEX
 5
C84
  8
PLACEMENT_OUTLINE_TOP
 10
72.18655
 20
67.06000
 42
1.0
  0
SEQEND
  8
PLACEMENT_OUTLINE_TOP
  0
POLYLINE
 5
C85
  8
PLACEMENT_OUTLINE_TOP
 66
1
 70
1
 40
0.012700
 41
0.012700
  0
VERTEX
 5
C86
  8
PLACEMENT_OUTLINE_TOP
 10
73.67385
 20
67.06000
 42
1.0
  0
VERTEX
 5
C87
  8
PLACEMENT_OUTLINE_TOP
 10
73.68655
 20
67.06000
 42
1.0
  0
SEQEND
  8
PLACEMENT_OUTLINE_TOP
  0
POLYLINE
 5
C88
  8
PLACEMENT_OUTLINE_TOP
 66
1
 40
0.025400
 41
0.025400
  0
VERTEX
 5
C89
  8
PLACEMENT_OUTLINE_TOP
 10
73.68020
 20
67.06000
  0
VERTEX
 5
C8A
  8
PLACEMENT_OUTLINE_TOP
 10
73.68020
 20
63.86000
  0
SEQEND
  8
PLACEMENT_OUTLINE_TOP
  0
POLYLINE
 5
C8B
  8
PLACEMENT_OUTLINE_TOP
 66
1
 70
1
 40
0.012700
 41
0.012700
  0
VERTEX
 5
C8C
  8
PLACEMENT_OUTLINE_TOP
 10
73.67385
 20
67.06000
 42
1.0
  0
VERTEX
 5
C8D
  8
PLACEMENT_OUTLINE_TOP
 10
73.68655
 20
67.06000
 42
1.0
  0
SEQEND
  8
PLACEMENT_OUTLINE_TOP
  0
POLYLINE
 5
C8E
  8
PLACEMENT_OUTLINE_TOP
 66
1
 70
1
 40
0.012700
 41
0.012700
  0
VERTEX
 5
C8F
  8
PLACEMENT_OUTLINE_TOP
 10
73.67385
 20
63.86000
 42
1.0
  0
VERTEX
 5
C90
  8
PLACEMENT_OUTLINE_TOP
 10
73.68655
 20
63.86000
 42
1.0
  0
SEQEND
  8
PLACEMENT_OUTLINE_TOP
  0
POLYLINE
 5
C91
  8
PLACEMENT_OUTLINE_TOP
 66
1
 40
0.025400
 41
0.025400
  0
VERTEX
 5
C92
  8
PLACEMENT_OUTLINE_TOP
 10
73.68020
 20
63.86000
  0
VERTEX
 5
C93
  8
PLACEMENT_OUTLINE_TOP
 10
72.18020
 20
63.86000
  0
SEQEND
  8
PLACEMENT_OUTLINE_TOP
  0
POLYLINE
 5
C94
  8
PLACEMENT_OUTLINE_TOP
 66
1
 70
1
 40
0.012700
 41
0.012700
  0
VERTEX
 5
C95
  8
PLACEMENT_OUTLINE_TOP
 10
73.67385
 20
63.86000
 42
1.0
  0
VERTEX
 5
C96
  8
PLACEMENT_OUTLINE_TOP
 10
73.68655
 20
63.86000
 42
1.0
  0
SEQEND
  8
PLACEMENT_OUTLINE_TOP
  0
POLYLINE
 5
C97
  8
PLACEMENT_OUTLINE_TOP
 66
1
 70
1
 40
0.012700
 41
0.012700
  0
VERTEX
 5
C98
  8
PLACEMENT_OUTLINE_TOP
 10
72.17385
 20
63.86000
 42
1.0
  0
VERTEX
 5
C99
  8
PLACEMENT_OUTLINE_TOP
 10
72.18655
 20
63.86000
 42
1.0
  0
SEQEND
  8
PLACEMENT_OUTLINE_TOP
  0
POLYLINE
 5
C9A
  8
PLACEMENT_OUTLINE_TOP
 66
1
 40
0.025400
 41
0.025400
  0
VERTEX
 5
C9B
  8
PLACEMENT_OUTLINE_TOP
 10
72.18020
 20
63.86000
  0
VERTEX
 5
C9C
  8
PLACEMENT_OUTLINE_TOP
 10
72.18020
 20
67.06000
  0
SEQEND
  8
PLACEMENT_OUTLINE_TOP
  0
POLYLINE
 5
C9D
  8
PLACEMENT_OUTLINE_TOP
 66
1
 70
1
 40
0.012700
 41
0.012700
  0
VERTEX
 5
C9E
  8
PLACEMENT_OUTLINE_TOP
 10
72.17385
 20
63.86000
 42
1.0
  0
VERTEX
 5
C9F
  8
PLACEMENT_OUTLINE_TOP
 10
72.18655
 20
63.86000
 42
1.0
  0
SEQEND
  8
PLACEMENT_OUTLINE_TOP
  0
POLYLINE
 5
CA0
  8
PLACEMENT_OUTLINE_TOP
 66
1
 70
1
 40
0.012700
 41
0.012700
  0
VERTEX
 5
CA1
  8
PLACEMENT_OUTLINE_TOP
 10
72.17385
 20
67.06000
 42
1.0
  0
VERTEX
 5
CA2
  8
PLACEMENT_OUTLINE_TOP
 10
72.18655
 20
67.06000
 42
1.0
  0
SEQEND
  8
PLACEMENT_OUTLINE_TOP
  0
SOLID
 5
CA3
  8
PADLAYER_TOP
 10
72.18020
 20
65.76000
 11
73.68020
 21
65.76000
 12
72.18020
 22
67.06000
 13
73.68020
 23
67.06000
  0
SOLID
 5
CA4
  8
PADLAYER_TOP
 10
72.18020
 20
63.86000
 11
73.68020
 21
63.86000
 12
72.18020
 22
65.16000
 13
73.68020
 23
65.16000
  0
POLYLINE
 5
CA5
  8
LAYNR1
 66
1
 40
0.150000
 41
0.150000
  0
VERTEX
 5
CA6
  8
LAYNR1
 10
67.79520
 20
61.78800
  0
VERTEX
 5
CA7
  8
LAYNR1
 10
68.49520
 20
61.78800
  0
SEQEND
  8
LAYNR1
  0
POLYLINE
 5
CA8
  8
LAYNR1
 66
1
 70
1
 40
0.075000
 41
0.075000
  0
VERTEX
 5
CA9
  8
LAYNR1
 10
67.75770
 20
61.78800
 42
1.0
  0
VERTEX
 5
CAA
  8
LAYNR1
 10
67.83270
 20
61.78800
 42
1.0
  0
SEQEND
  8
LAYNR1
  0
POLYLINE
 5
CAB
  8
LAYNR1
 66
1
 70
1
 40
0.075000
 41
0.075000
  0
VERTEX
 5
CAC
  8
LAYNR1
 10
68.45770
 20
61.78800
 42
1.0
  0
VERTEX
 5
CAD
  8
LAYNR1
 10
68.53270
 20
61.78800
 42
1.0
  0
SEQEND
  8
LAYNR1
  0
POLYLINE
 5
CAE
  8
PLACEMENT_OUTLINE_TOP
 66
1
 40
0.100000
 41
0.100000
  0
VERTEX
 5
CAF
  8
PLACEMENT_OUTLINE_TOP
 10
68.78020
 20
60.39100
  0
VERTEX
 5
CB0
  8
PLACEMENT_OUTLINE_TOP
 10
68.78020
 20
63.18500
  0
SEQEND
  8
PLACEMENT_OUTLINE_TOP
  0
POLYLINE
 5
CB1
  8
PLACEMENT_OUTLINE_TOP
 66
1
 70
1
 40
0.050000
 41
0.050000
  0
VERTEX
 5
CB2
  8
PLACEMENT_OUTLINE_TOP
 10
68.75520
 20
60.39100
 42
1.0
  0
VERTEX
 5
CB3
  8
PLACEMENT_OUTLINE_TOP
 10
68.80520
 20
60.39100
 42
1.0
  0
SEQEND
  8
PLACEMENT_OUTLINE_TOP
  0
POLYLINE
 5
CB4
  8
PLACEMENT_OUTLINE_TOP
 66
1
 70
1
 40
0.050000
 41
0.050000
  0
VERTEX
 5
CB5
  8
PLACEMENT_OUTLINE_TOP
 10
68.75520
 20
63.18500
 42
1.0
  0
VERTEX
 5
CB6
  8
PLACEMENT_OUTLINE_TOP
 10
68.80520
 20
63.18500
 42
1.0
  0
SEQEND
  8
PLACEMENT_OUTLINE_TOP
  0
POLYLINE
 5
CB7
  8
PLACEMENT_OUTLINE_TOP
 66
1
 40
0.100000
 41
0.100000
  0
VERTEX
 5
CB8
  8
PLACEMENT_OUTLINE_TOP
 10
68.78020
 20
63.18500
  0
VERTEX
 5
CB9
  8
PLACEMENT_OUTLINE_TOP
 10
67.51020
 20
63.18500
  0
SEQEND
  8
PLACEMENT_OUTLINE_TOP
  0
POLYLINE
 5
CBA
  8
PLACEMENT_OUTLINE_TOP
 66
1
 70
1
 40
0.050000
 41
0.050000
  0
VERTEX
 5
CBB
  8
PLACEMENT_OUTLINE_TOP
 10
68.75520
 20
63.18500
 42
1.0
  0
VERTEX
 5
CBC
  8
PLACEMENT_OUTLINE_TOP
 10
68.80520
 20
63.18500
 42
1.0
  0
SEQEND
  8
PLACEMENT_OUTLINE_TOP
  0
POLYLINE
 5
CBD
  8
PLACEMENT_OUTLINE_TOP
 66
1
 70
1
 40
0.050000
 41
0.050000
  0
VERTEX
 5
CBE
  8
PLACEMENT_OUTLINE_TOP
 10
67.48520
 20
63.18500
 42
1.0
  0
VERTEX
 5
CBF
  8
PLACEMENT_OUTLINE_TOP
 10
67.53520
 20
63.18500
 42
1.0
  0
SEQEND
  8
PLACEMENT_OUTLINE_TOP
  0
POLYLINE
 5
CC0
  8
PLACEMENT_OUTLINE_TOP
 66
1
 40
0.100000
 41
0.100000
  0
VERTEX
 5
CC1
  8
PLACEMENT_OUTLINE_TOP
 10
67.51020
 20
63.18500
  0
VERTEX
 5
CC2
  8
PLACEMENT_OUTLINE_TOP
 10
67.51020
 20
60.39100
  0
SEQEND
  8
PLACEMENT_OUTLINE_TOP
  0
POLYLINE
 5
CC3
  8
PLACEMENT_OUTLINE_TOP
 66
1
 70
1
 40
0.050000
 41
0.050000
  0
VERTEX
 5
CC4
  8
PLACEMENT_OUTLINE_TOP
 10
67.48520
 20
63.18500
 42
1.0
  0
VERTEX
 5
CC5
  8
PLACEMENT_OUTLINE_TOP
 10
67.53520
 20
63.18500
 42
1.0
  0
SEQEND
  8
PLACEMENT_OUTLINE_TOP
  0
POLYLINE
 5
CC6
  8
PLACEMENT_OUTLINE_TOP
 66
1
 70
1
 40
0.050000
 41
0.050000
  0
VERTEX
 5
CC7
  8
PLACEMENT_OUTLINE_TOP
 10
67.48520
 20
60.39100
 42
1.0
  0
VERTEX
 5
CC8
  8
PLACEMENT_OUTLINE_TOP
 10
67.53520
 20
60.39100
 42
1.0
  0
SEQEND
  8
PLACEMENT_OUTLINE_TOP
  0
POLYLINE
 5
CC9
  8
PLACEMENT_OUTLINE_TOP
 66
1
 40
0.100000
 41
0.100000
  0
VERTEX
 5
CCA
  8
PLACEMENT_OUTLINE_TOP
 10
67.51020
 20
60.39100
  0
VERTEX
 5
CCB
  8
PLACEMENT_OUTLINE_TOP
 10
68.78020
 20
60.39100
  0
SEQEND
  8
PLACEMENT_OUTLINE_TOP
  0
POLYLINE
 5
CCC
  8
PLACEMENT_OUTLINE_TOP
 66
1
 70
1
 40
0.050000
 41
0.050000
  0
VERTEX
 5
CCD
  8
PLACEMENT_OUTLINE_TOP
 10
67.48520
 20
60.39100
 42
1.0
  0
VERTEX
 5
CCE
  8
PLACEMENT_OUTLINE_TOP
 10
67.53520
 20
60.39100
 42
1.0
  0
SEQEND
  8
PLACEMENT_OUTLINE_TOP
  0
POLYLINE
 5
CCF
  8
PLACEMENT_OUTLINE_TOP
 66
1
 70
1
 40
0.050000
 41
0.050000
  0
VERTEX
 5
CD0
  8
PLACEMENT_OUTLINE_TOP
 10
68.75520
 20
60.39100
 42
1.0
  0
VERTEX
 5
CD1
  8
PLACEMENT_OUTLINE_TOP
 10
68.80520
 20
60.39100
 42
1.0
  0
SEQEND
  8
PLACEMENT_OUTLINE_TOP
  0
SOLID
 5
CD2
  8
PADLAYER_TOP
 10
67.68800
 20
63.00720
 11
67.68800
 21
62.09280
 12
68.60240
 22
63.00720
 13
68.60240
 23
62.09280
  0
SOLID
 5
CD3
  8
PADLAYER_TOP
 10
67.68800
 20
61.48320
 11
67.68800
 21
60.56880
 12
68.60240
 22
61.48320
 13
68.60240
 23
60.56880
  0
POLYLINE
 5
CD4
  8
LAYNR1
 66
1
 40
0.150000
 41
0.150000
  0
VERTEX
 5
CD5
  8
LAYNR1
 10
67.82820
 20
72.42400
  0
VERTEX
 5
CD6
  8
LAYNR1
 10
68.52820
 20
72.42400
  0
SEQEND
  8
LAYNR1
  0
POLYLINE
 5
CD7
  8
LAYNR1
 66
1
 70
1
 40
0.075000
 41
0.075000
  0
VERTEX
 5
CD8
  8
LAYNR1
 10
67.79070
 20
72.42400
 42
1.0
  0
VERTEX
 5
CD9
  8
LAYNR1
 10
67.86570
 20
72.42400
 42
1.0
  0
SEQEND
  8
LAYNR1
  0
POLYLINE
 5
CDA
  8
LAYNR1
 66
1
 70
1
 40
0.075000
 41
0.075000
  0
VERTEX
 5
CDB
  8
LAYNR1
 10
68.49070
 20
72.42400
 42
1.0
  0
VERTEX
 5
CDC
  8
LAYNR1
 10
68.56570
 20
72.42400
 42
1.0
  0
SEQEND
  8
LAYNR1
  0
POLYLINE
 5
CDD
  8
PLACEMENT_OUTLINE_TOP
 66
1
 40
0.100000
 41
0.100000
  0
VERTEX
 5
CDE
  8
PLACEMENT_OUTLINE_TOP
 10
68.81320
 20
71.02700
  0
VERTEX
 5
CDF
  8
PLACEMENT_OUTLINE_TOP
 10
68.81320
 20
73.82100
  0
SEQEND
  8
PLACEMENT_OUTLINE_TOP
  0
POLYLINE
 5
CE0
  8
PLACEMENT_OUTLINE_TOP
 66
1
 70
1
 40
0.050000
 41
0.050000
  0
VERTEX
 5
CE1
  8
PLACEMENT_OUTLINE_TOP
 10
68.78820
 20
71.02700
 42
1.0
  0
VERTEX
 5
CE2
  8
PLACEMENT_OUTLINE_TOP
 10
68.83820
 20
71.02700
 42
1.0
  0
SEQEND
  8
PLACEMENT_OUTLINE_TOP
  0
POLYLINE
 5
CE3
  8
PLACEMENT_OUTLINE_TOP
 66
1
 70
1
 40
0.050000
 41
0.050000
  0
VERTEX
 5
CE4
  8
PLACEMENT_OUTLINE_TOP
 10
68.78820
 20
73.82100
 42
1.0
  0
VERTEX
 5
CE5
  8
PLACEMENT_OUTLINE_TOP
 10
68.83820
 20
73.82100
 42
1.0
  0
SEQEND
  8
PLACEMENT_OUTLINE_TOP
  0
POLYLINE
 5
CE6
  8
PLACEMENT_OUTLINE_TOP
 66
1
 40
0.100000
 41
0.100000
  0
VERTEX
 5
CE7
  8
PLACEMENT_OUTLINE_TOP
 10
68.81320
 20
73.82100
  0
VERTEX
 5
CE8
  8
PLACEMENT_OUTLINE_TOP
 10
67.54320
 20
73.82100
  0
SEQEND
  8
PLACEMENT_OUTLINE_TOP
  0
POLYLINE
 5
CE9
  8
PLACEMENT_OUTLINE_TOP
 66
1
 70
1
 40
0.050000
 41
0.050000
  0
VERTEX
 5
CEA
  8
PLACEMENT_OUTLINE_TOP
 10
68.78820
 20
73.82100
 42
1.0
  0
VERTEX
 5
CEB
  8
PLACEMENT_OUTLINE_TOP
 10
68.83820
 20
73.82100
 42
1.0
  0
SEQEND
  8
PLACEMENT_OUTLINE_TOP
  0
POLYLINE
 5
CEC
  8
PLACEMENT_OUTLINE_TOP
 66
1
 70
1
 40
0.050000
 41
0.050000
  0
VERTEX
 5
CED
  8
PLACEMENT_OUTLINE_TOP
 10
67.51820
 20
73.82100
 42
1.0
  0
VERTEX
 5
CEE
  8
PLACEMENT_OUTLINE_TOP
 10
67.56820
 20
73.82100
 42
1.0
  0
SEQEND
  8
PLACEMENT_OUTLINE_TOP
  0
POLYLINE
 5
CEF
  8
PLACEMENT_OUTLINE_TOP
 66
1
 40
0.100000
 41
0.100000
  0
VERTEX
 5
CF0
  8
PLACEMENT_OUTLINE_TOP
 10
67.54320
 20
73.82100
  0
VERTEX
 5
CF1
  8
PLACEMENT_OUTLINE_TOP
 10
67.54320
 20
71.02700
  0
SEQEND
  8
PLACEMENT_OUTLINE_TOP
  0
POLYLINE
 5
CF2
  8
PLACEMENT_OUTLINE_TOP
 66
1
 70
1
 40
0.050000
 41
0.050000
  0
VERTEX
 5
CF3
  8
PLACEMENT_OUTLINE_TOP
 10
67.51820
 20
73.82100
 42
1.0
  0
VERTEX
 5
CF4
  8
PLACEMENT_OUTLINE_TOP
 10
67.56820
 20
73.82100
 42
1.0
  0
SEQEND
  8
PLACEMENT_OUTLINE_TOP
  0
POLYLINE
 5
CF5
  8
PLACEMENT_OUTLINE_TOP
 66
1
 70
1
 40
0.050000
 41
0.050000
  0
VERTEX
 5
CF6
  8
PLACEMENT_OUTLINE_TOP
 10
67.51820
 20
71.02700
 42
1.0
  0
VERTEX
 5
CF7
  8
PLACEMENT_OUTLINE_TOP
 10
67.56820
 20
71.02700
 42
1.0
  0
SEQEND
  8
PLACEMENT_OUTLINE_TOP
  0
POLYLINE
 5
CF8
  8
PLACEMENT_OUTLINE_TOP
 66
1
 40
0.100000
 41
0.100000
  0
VERTEX
 5
CF9
  8
PLACEMENT_OUTLINE_TOP
 10
67.54320
 20
71.02700
  0
VERTEX
 5
CFA
  8
PLACEMENT_OUTLINE_TOP
 10
68.81320
 20
71.02700
  0
SEQEND
  8
PLACEMENT_OUTLINE_TOP
  0
POLYLINE
 5
CFB
  8
PLACEMENT_OUTLINE_TOP
 66
1
 70
1
 40
0.050000
 41
0.050000
  0
VERTEX
 5
CFC
  8
PLACEMENT_OUTLINE_TOP
 10
67.51820
 20
71.02700
 42
1.0
  0
VERTEX
 5
CFD
  8
PLACEMENT_OUTLINE_TOP
 10
67.56820
 20
71.02700
 42
1.0
  0
SEQEND
  8
PLACEMENT_OUTLINE_TOP
  0
POLYLINE
 5
CFE
  8
PLACEMENT_OUTLINE_TOP
 66
1
 70
1
 40
0.050000
 41
0.050000
  0
VERTEX
 5
CFF
  8
PLACEMENT_OUTLINE_TOP
 10
68.78820
 20
71.02700
 42
1.0
  0
VERTEX
 5
D00
  8
PLACEMENT_OUTLINE_TOP
 10
68.83820
 20
71.02700
 42
1.0
  0
SEQEND
  8
PLACEMENT_OUTLINE_TOP
  0
SOLID
 5
D01
  8
PADLAYER_TOP
 10
67.72100
 20
73.64320
 11
67.72100
 21
72.72880
 12
68.63540
 22
73.64320
 13
68.63540
 23
72.72880
  0
SOLID
 5
D02
  8
PADLAYER_TOP
 10
67.72100
 20
72.11920
 11
67.72100
 21
71.20480
 12
68.63540
 22
72.11920
 13
68.63540
 23
71.20480
  0
POLYLINE
 5
D03
  8
LAYNR1
 66
1
 40
0.150000
 41
0.150000
  0
VERTEX
 5
D04
  8
LAYNR1
 10
70.62820
 20
72.42400
  0
VERTEX
 5
D05
  8
LAYNR1
 10
71.32820
 20
72.42400
  0
SEQEND
  8
LAYNR1
  0
POLYLINE
 5
D06
  8
LAYNR1
 66
1
 70
1
 40
0.075000
 41
0.075000
  0
VERTEX
 5
D07
  8
LAYNR1
 10
70.59070
 20
72.42400
 42
1.0
  0
VERTEX
 5
D08
  8
LAYNR1
 10
70.66570
 20
72.42400
 42
1.0
  0
SEQEND
  8
LAYNR1
  0
POLYLINE
 5
D09
  8
LAYNR1
 66
1
 70
1
 40
0.075000
 41
0.075000
  0
VERTEX
 5
D0A
  8
LAYNR1
 10
71.29070
 20
72.42400
 42
1.0
  0
VERTEX
 5
D0B
  8
LAYNR1
 10
71.36570
 20
72.42400
 42
1.0
  0
SEQEND
  8
LAYNR1
  0
POLYLINE
 5
D0C
  8
PLACEMENT_OUTLINE_TOP
 66
1
 40
0.100000
 41
0.100000
  0
VERTEX
 5
D0D
  8
PLACEMENT_OUTLINE_TOP
 10
71.61320
 20
71.02700
  0
VERTEX
 5
D0E
  8
PLACEMENT_OUTLINE_TOP
 10
71.61320
 20
73.82100
  0
SEQEND
  8
PLACEMENT_OUTLINE_TOP
  0
POLYLINE
 5
D0F
  8
PLACEMENT_OUTLINE_TOP
 66
1
 70
1
 40
0.050000
 41
0.050000
  0
VERTEX
 5
D10
  8
PLACEMENT_OUTLINE_TOP
 10
71.58820
 20
71.02700
 42
1.0
  0
VERTEX
 5
D11
  8
PLACEMENT_OUTLINE_TOP
 10
71.63820
 20
71.02700
 42
1.0
  0
SEQEND
  8
PLACEMENT_OUTLINE_TOP
  0
POLYLINE
 5
D12
  8
PLACEMENT_OUTLINE_TOP
 66
1
 70
1
 40
0.050000
 41
0.050000
  0
VERTEX
 5
D13
  8
PLACEMENT_OUTLINE_TOP
 10
71.58820
 20
73.82100
 42
1.0
  0
VERTEX
 5
D14
  8
PLACEMENT_OUTLINE_TOP
 10
71.63820
 20
73.82100
 42
1.0
  0
SEQEND
  8
PLACEMENT_OUTLINE_TOP
  0
POLYLINE
 5
D15
  8
PLACEMENT_OUTLINE_TOP
 66
1
 40
0.100000
 41
0.100000
  0
VERTEX
 5
D16
  8
PLACEMENT_OUTLINE_TOP
 10
71.61320
 20
73.82100
  0
VERTEX
 5
D17
  8
PLACEMENT_OUTLINE_TOP
 10
70.34320
 20
73.82100
  0
SEQEND
  8
PLACEMENT_OUTLINE_TOP
  0
POLYLINE
 5
D18
  8
PLACEMENT_OUTLINE_TOP
 66
1
 70
1
 40
0.050000
 41
0.050000
  0
VERTEX
 5
D19
  8
PLACEMENT_OUTLINE_TOP
 10
71.58820
 20
73.82100
 42
1.0
  0
VERTEX
 5
D1A
  8
PLACEMENT_OUTLINE_TOP
 10
71.63820
 20
73.82100
 42
1.0
  0
SEQEND
  8
PLACEMENT_OUTLINE_TOP
  0
POLYLINE
 5
D1B
  8
PLACEMENT_OUTLINE_TOP
 66
1
 70
1
 40
0.050000
 41
0.050000
  0
VERTEX
 5
D1C
  8
PLACEMENT_OUTLINE_TOP
 10
70.31820
 20
73.82100
 42
1.0
  0
VERTEX
 5
D1D
  8
PLACEMENT_OUTLINE_TOP
 10
70.36820
 20
73.82100
 42
1.0
  0
SEQEND
  8
PLACEMENT_OUTLINE_TOP
  0
POLYLINE
 5
D1E
  8
PLACEMENT_OUTLINE_TOP
 66
1
 40
0.100000
 41
0.100000
  0
VERTEX
 5
D1F
  8
PLACEMENT_OUTLINE_TOP
 10
70.34320
 20
73.82100
  0
VERTEX
 5
D20
  8
PLACEMENT_OUTLINE_TOP
 10
70.34320
 20
71.02700
  0
SEQEND
  8
PLACEMENT_OUTLINE_TOP
  0
POLYLINE
 5
D21
  8
PLACEMENT_OUTLINE_TOP
 66
1
 70
1
 40
0.050000
 41
0.050000
  0
VERTEX
 5
D22
  8
PLACEMENT_OUTLINE_TOP
 10
70.31820
 20
73.82100
 42
1.0
  0
VERTEX
 5
D23
  8
PLACEMENT_OUTLINE_TOP
 10
70.36820
 20
73.82100
 42
1.0
  0
SEQEND
  8
PLACEMENT_OUTLINE_TOP
  0
POLYLINE
 5
D24
  8
PLACEMENT_OUTLINE_TOP
 66
1
 70
1
 40
0.050000
 41
0.050000
  0
VERTEX
 5
D25
  8
PLACEMENT_OUTLINE_TOP
 10
70.31820
 20
71.02700
 42
1.0
  0
VERTEX
 5
D26
  8
PLACEMENT_OUTLINE_TOP
 10
70.36820
 20
71.02700
 42
1.0
  0
SEQEND
  8
PLACEMENT_OUTLINE_TOP
  0
POLYLINE
 5
D27
  8
PLACEMENT_OUTLINE_TOP
 66
1
 40
0.100000
 41
0.100000
  0
VERTEX
 5
D28
  8
PLACEMENT_OUTLINE_TOP
 10
70.34320
 20
71.02700
  0
VERTEX
 5
D29
  8
PLACEMENT_OUTLINE_TOP
 10
71.61320
 20
71.02700
  0
SEQEND
  8
PLACEMENT_OUTLINE_TOP
  0
POLYLINE
 5
D2A
  8
PLACEMENT_OUTLINE_TOP
 66
1
 70
1
 40
0.050000
 41
0.050000
  0
VERTEX
 5
D2B
  8
PLACEMENT_OUTLINE_TOP
 10
70.31820
 20
71.02700
 42
1.0
  0
VERTEX
 5
D2C
  8
PLACEMENT_OUTLINE_TOP
 10
70.36820
 20
71.02700
 42
1.0
  0
SEQEND
  8
PLACEMENT_OUTLINE_TOP
  0
POLYLINE
 5
D2D
  8
PLACEMENT_OUTLINE_TOP
 66
1
 70
1
 40
0.050000
 41
0.050000
  0
VERTEX
 5
D2E
  8
PLACEMENT_OUTLINE_TOP
 10
71.58820
 20
71.02700
 42
1.0
  0
VERTEX
 5
D2F
  8
PLACEMENT_OUTLINE_TOP
 10
71.63820
 20
71.02700
 42
1.0
  0
SEQEND
  8
PLACEMENT_OUTLINE_TOP
  0
SOLID
 5
D30
  8
PADLAYER_TOP
 10
70.52100
 20
73.64320
 11
70.52100
 21
72.72880
 12
71.43540
 22
73.64320
 13
71.43540
 23
72.72880
  0
SOLID
 5
D31
  8
PADLAYER_TOP
 10
70.52100
 20
72.11920
 11
70.52100
 21
71.20480
 12
71.43540
 22
72.11920
 13
71.43540
 23
71.20480
  0
POLYLINE
 5
D32
  8
LAYNR1
 66
1
 40
0.150000
 41
0.150000
  0
VERTEX
 5
D33
  8
LAYNR1
 10
69.92820
 20
72.42400
  0
VERTEX
 5
D34
  8
LAYNR1
 10
69.22820
 20
72.42400
  0
SEQEND
  8
LAYNR1
  0
POLYLINE
 5
D35
  8
LAYNR1
 66
1
 70
1
 40
0.075000
 41
0.075000
  0
VERTEX
 5
D36
  8
LAYNR1
 10
69.89070
 20
72.42400
 42
1.0
  0
VERTEX
 5
D37
  8
LAYNR1
 10
69.96570
 20
72.42400
 42
1.0
  0
SEQEND
  8
LAYNR1
  0
POLYLINE
 5
D38
  8
LAYNR1
 66
1
 70
1
 40
0.075000
 41
0.075000
  0
VERTEX
 5
D39
  8
LAYNR1
 10
69.19070
 20
72.42400
 42
1.0
  0
VERTEX
 5
D3A
  8
LAYNR1
 10
69.26570
 20
72.42400
 42
1.0
  0
SEQEND
  8
LAYNR1
  0
POLYLINE
 5
D3B
  8
PLACEMENT_OUTLINE_TOP
 66
1
 40
0.100000
 41
0.100000
  0
VERTEX
 5
D3C
  8
PLACEMENT_OUTLINE_TOP
 10
68.94320
 20
73.82100
  0
VERTEX
 5
D3D
  8
PLACEMENT_OUTLINE_TOP
 10
68.94320
 20
71.02700
  0
SEQEND
  8
PLACEMENT_OUTLINE_TOP
  0
POLYLINE
 5
D3E
  8
PLACEMENT_OUTLINE_TOP
 66
1
 70
1
 40
0.050000
 41
0.050000
  0
VERTEX
 5
D3F
  8
PLACEMENT_OUTLINE_TOP
 10
68.91820
 20
73.82100
 42
1.0
  0
VERTEX
 5
D40
  8
PLACEMENT_OUTLINE_TOP
 10
68.96820
 20
73.82100
 42
1.0
  0
SEQEND
  8
PLACEMENT_OUTLINE_TOP
  0
POLYLINE
 5
D41
  8
PLACEMENT_OUTLINE_TOP
 66
1
 70
1
 40
0.050000
 41
0.050000
  0
VERTEX
 5
D42
  8
PLACEMENT_OUTLINE_TOP
 10
68.91820
 20
71.02700
 42
1.0
  0
VERTEX
 5
D43
  8
PLACEMENT_OUTLINE_TOP
 10
68.96820
 20
71.02700
 42
1.0
  0
SEQEND
  8
PLACEMENT_OUTLINE_TOP
  0
POLYLINE
 5
D44
  8
PLACEMENT_OUTLINE_TOP
 66
1
 40
0.100000
 41
0.100000
  0
VERTEX
 5
D45
  8
PLACEMENT_OUTLINE_TOP
 10
68.94320
 20
71.02700
  0
VERTEX
 5
D46
  8
PLACEMENT_OUTLINE_TOP
 10
70.21320
 20
71.02700
  0
SEQEND
  8
PLACEMENT_OUTLINE_TOP
  0
POLYLINE
 5
D47
  8
PLACEMENT_OUTLINE_TOP
 66
1
 70
1
 40
0.050000
 41
0.050000
  0
VERTEX
 5
D48
  8
PLACEMENT_OUTLINE_TOP
 10
68.91820
 20
71.02700
 42
1.0
  0
VERTEX
 5
D49
  8
PLACEMENT_OUTLINE_TOP
 10
68.96820
 20
71.02700
 42
1.0
  0
SEQEND
  8
PLACEMENT_OUTLINE_TOP
  0
POLYLINE
 5
D4A
  8
PLACEMENT_OUTLINE_TOP
 66
1
 70
1
 40
0.050000
 41
0.050000
  0
VERTEX
 5
D4B
  8
PLACEMENT_OUTLINE_TOP
 10
70.18820
 20
71.02700
 42
1.0
  0
VERTEX
 5
D4C
  8
PLACEMENT_OUTLINE_TOP
 10
70.23820
 20
71.02700
 42
1.0
  0
SEQEND
  8
PLACEMENT_OUTLINE_TOP
  0
POLYLINE
 5
D4D
  8
PLACEMENT_OUTLINE_TOP
 66
1
 40
0.100000
 41
0.100000
  0
VERTEX
 5
D4E
  8
PLACEMENT_OUTLINE_TOP
 10
70.21320
 20
71.02700
  0
VERTEX
 5
D4F
  8
PLACEMENT_OUTLINE_TOP
 10
70.21320
 20
73.82100
  0
SEQEND
  8
PLACEMENT_OUTLINE_TOP
  0
POLYLINE
 5
D50
  8
PLACEMENT_OUTLINE_TOP
 66
1
 70
1
 40
0.050000
 41
0.050000
  0
VERTEX
 5
D51
  8
PLACEMENT_OUTLINE_TOP
 10
70.18820
 20
71.02700
 42
1.0
  0
VERTEX
 5
D52
  8
PLACEMENT_OUTLINE_TOP
 10
70.23820
 20
71.02700
 42
1.0
  0
SEQEND
  8
PLACEMENT_OUTLINE_TOP
  0
POLYLINE
 5
D53
  8
PLACEMENT_OUTLINE_TOP
 66
1
 70
1
 40
0.050000
 41
0.050000
  0
VERTEX
 5
D54
  8
PLACEMENT_OUTLINE_TOP
 10
70.18820
 20
73.82100
 42
1.0
  0
VERTEX
 5
D55
  8
PLACEMENT_OUTLINE_TOP
 10
70.23820
 20
73.82100
 42
1.0
  0
SEQEND
  8
PLACEMENT_OUTLINE_TOP
  0
POLYLINE
 5
D56
  8
PLACEMENT_OUTLINE_TOP
 66
1
 40
0.100000
 41
0.100000
  0
VERTEX
 5
D57
  8
PLACEMENT_OUTLINE_TOP
 10
70.21320
 20
73.82100
  0
VERTEX
 5
D58
  8
PLACEMENT_OUTLINE_TOP
 10
68.94320
 20
73.82100
  0
SEQEND
  8
PLACEMENT_OUTLINE_TOP
  0
POLYLINE
 5
D59
  8
PLACEMENT_OUTLINE_TOP
 66
1
 70
1
 40
0.050000
 41
0.050000
  0
VERTEX
 5
D5A
  8
PLACEMENT_OUTLINE_TOP
 10
70.18820
 20
73.82100
 42
1.0
  0
VERTEX
 5
D5B
  8
PLACEMENT_OUTLINE_TOP
 10
70.23820
 20
73.82100
 42
1.0
  0
SEQEND
  8
PLACEMENT_OUTLINE_TOP
  0
POLYLINE
 5
D5C
  8
PLACEMENT_OUTLINE_TOP
 66
1
 70
1
 40
0.050000
 41
0.050000
  0
VERTEX
 5
D5D
  8
PLACEMENT_OUTLINE_TOP
 10
68.91820
 20
73.82100
 42
1.0
  0
VERTEX
 5
D5E
  8
PLACEMENT_OUTLINE_TOP
 10
68.96820
 20
73.82100
 42
1.0
  0
SEQEND
  8
PLACEMENT_OUTLINE_TOP
  0
SOLID
 5
D5F
  8
PADLAYER_TOP
 10
70.03540
 20
71.20480
 11
70.03540
 21
72.11920
 12
69.12100
 22
71.20480
 13
69.12100
 23
72.11920
  0
SOLID
 5
D60
  8
PADLAYER_TOP
 10
70.03540
 20
72.72880
 11
70.03540
 21
73.64320
 12
69.12100
 22
72.72880
 13
69.12100
 23
73.64320
  0
POLYLINE
 5
D61
  8
Top
 66
1
 70
1
 40
0.000000
 41
0.000000
  0
VERTEX
 5
D62
  8
Top
 10
63.41520
 20
63.58790
 42
-0.414214
  0
VERTEX
 5
D63
  8
Top
 10
63.42790
 20
63.57520
  0
VERTEX
 5
D64
  8
Top
 10
63.42790
 20
60.38520
 42
-0.414214
  0
VERTEX
 5
D65
  8
Top
 10
63.41520
 20
60.37250
  0
VERTEX
 5
D66
  8
Top
 10
61.91520
 20
60.37250
 42
-0.414214
  0
VERTEX
 5
D67
  8
Top
 10
61.90250
 20
60.38520
  0
VERTEX
 5
D68
  8
Top
 10
61.90250
 20
63.57520
 42
-0.414214
  0
VERTEX
 5
D69
  8
Top
 10
61.91520
 20
63.58790
  0
VERTEX
 5
D6A
  8
Top
 10
63.41520
 20
63.58790
  0
SEQEND
  8
Top
  0
POLYLINE
 5
D6B
  8
2DLINES_1
 66
1
 40
0.152400
 41
0.152400
  0
VERTEX
 5
D6C
  8
2DLINES_1
 10
62.02520
 20
61.97520
  0
VERTEX
 5
D6D
  8
2DLINES_1
 10
63.32520
 20
61.97520
  0
SEQEND
  8
2DLINES_1
  0
POLYLINE
 5
D6E
  8
2DLINES_1
 66
1
 70
1
 40
0.076200
 41
0.076200
  0
VERTEX
 5
D6F
  8
2DLINES_1
 10
61.98710
 20
61.97520
 42
1.0
  0
VERTEX
 5
D70
  8
2DLINES_1
 10
62.06330
 20
61.97520
 42
1.0
  0
SEQEND
  8
2DLINES_1
  0
POLYLINE
 5
D71
  8
2DLINES_1
 66
1
 70
1
 40
0.076200
 41
0.076200
  0
VERTEX
 5
D72
  8
2DLINES_1
 10
63.28710
 20
61.97520
 42
1.0
  0
VERTEX
 5
D73
  8
2DLINES_1
 10
63.36330
 20
61.97520
 42
1.0
  0
SEQEND
  8
2DLINES_1
  0
POLYLINE
 5
D74
  8
PLACEMENT_OUTLINE_TOP
 66
1
 40
0.025400
 41
0.025400
  0
VERTEX
 5
D75
  8
PLACEMENT_OUTLINE_TOP
 10
61.92520
 20
63.57520
  0
VERTEX
 5
D76
  8
PLACEMENT_OUTLINE_TOP
 10
63.42520
 20
63.57520
  0
SEQEND
  8
PLACEMENT_OUTLINE_TOP
  0
POLYLINE
 5
D77
  8
PLACEMENT_OUTLINE_TOP
 66
1
 70
1
 40
0.012700
 41
0.012700
  0
VERTEX
 5
D78
  8
PLACEMENT_OUTLINE_TOP
 10
61.91885
 20
63.57520
 42
1.0
  0
VERTEX
 5
D79
  8
PLACEMENT_OUTLINE_TOP
 10
61.93155
 20
63.57520
 42
1.0
  0
SEQEND
  8
PLACEMENT_OUTLINE_TOP
  0
POLYLINE
 5
D7A
  8
PLACEMENT_OUTLINE_TOP
 66
1
 70
1
 40
0.012700
 41
0.012700
  0
VERTEX
 5
D7B
  8
PLACEMENT_OUTLINE_TOP
 10
63.41885
 20
63.57520
 42
1.0
  0
VERTEX
 5
D7C
  8
PLACEMENT_OUTLINE_TOP
 10
63.43155
 20
63.57520
 42
1.0
  0
SEQEND
  8
PLACEMENT_OUTLINE_TOP
  0
POLYLINE
 5
D7D
  8
PLACEMENT_OUTLINE_TOP
 66
1
 40
0.025400
 41
0.025400
  0
VERTEX
 5
D7E
  8
PLACEMENT_OUTLINE_TOP
 10
63.42520
 20
63.57520
  0
VERTEX
 5
D7F
  8
PLACEMENT_OUTLINE_TOP
 10
63.42520
 20
60.37520
  0
SEQEND
  8
PLACEMENT_OUTLINE_TOP
  0
POLYLINE
 5
D80
  8
PLACEMENT_OUTLINE_TOP
 66
1
 70
1
 40
0.012700
 41
0.012700
  0
VERTEX
 5
D81
  8
PLACEMENT_OUTLINE_TOP
 10
63.41885
 20
63.57520
 42
1.0
  0
VERTEX
 5
D82
  8
PLACEMENT_OUTLINE_TOP
 10
63.43155
 20
63.57520
 42
1.0
  0
SEQEND
  8
PLACEMENT_OUTLINE_TOP
  0
POLYLINE
 5
D83
  8
PLACEMENT_OUTLINE_TOP
 66
1
 70
1
 40
0.012700
 41
0.012700
  0
VERTEX
 5
D84
  8
PLACEMENT_OUTLINE_TOP
 10
63.41885
 20
60.37520
 42
1.0
  0
VERTEX
 5
D85
  8
PLACEMENT_OUTLINE_TOP
 10
63.43155
 20
60.37520
 42
1.0
  0
SEQEND
  8
PLACEMENT_OUTLINE_TOP
  0
POLYLINE
 5
D86
  8
PLACEMENT_OUTLINE_TOP
 66
1
 40
0.025400
 41
0.025400
  0
VERTEX
 5
D87
  8
PLACEMENT_OUTLINE_TOP
 10
63.42520
 20
60.37520
  0
VERTEX
 5
D88
  8
PLACEMENT_OUTLINE_TOP
 10
61.92520
 20
60.37520
  0
SEQEND
  8
PLACEMENT_OUTLINE_TOP
  0
POLYLINE
 5
D89
  8
PLACEMENT_OUTLINE_TOP
 66
1
 70
1
 40
0.012700
 41
0.012700
  0
VERTEX
 5
D8A
  8
PLACEMENT_OUTLINE_TOP
 10
63.41885
 20
60.37520
 42
1.0
  0
VERTEX
 5
D8B
  8
PLACEMENT_OUTLINE_TOP
 10
63.43155
 20
60.37520
 42
1.0
  0
SEQEND
  8
PLACEMENT_OUTLINE_TOP
  0
POLYLINE
 5
D8C
  8
PLACEMENT_OUTLINE_TOP
 66
1
 70
1
 40
0.012700
 41
0.012700
  0
VERTEX
 5
D8D
  8
PLACEMENT_OUTLINE_TOP
 10
61.91885
 20
60.37520
 42
1.0
  0
VERTEX
 5
D8E
  8
PLACEMENT_OUTLINE_TOP
 10
61.93155
 20
60.37520
 42
1.0
  0
SEQEND
  8
PLACEMENT_OUTLINE_TOP
  0
POLYLINE
 5
D8F
  8
PLACEMENT_OUTLINE_TOP
 66
1
 40
0.025400
 41
0.025400
  0
VERTEX
 5
D90
  8
PLACEMENT_OUTLINE_TOP
 10
61.92520
 20
60.37520
  0
VERTEX
 5
D91
  8
PLACEMENT_OUTLINE_TOP
 10
61.92520
 20
63.57520
  0
SEQEND
  8
PLACEMENT_OUTLINE_TOP
  0
POLYLINE
 5
D92
  8
PLACEMENT_OUTLINE_TOP
 66
1
 70
1
 40
0.012700
 41
0.012700
  0
VERTEX
 5
D93
  8
PLACEMENT_OUTLINE_TOP
 10
61.91885
 20
60.37520
 42
1.0
  0
VERTEX
 5
D94
  8
PLACEMENT_OUTLINE_TOP
 10
61.93155
 20
60.37520
 42
1.0
  0
SEQEND
  8
PLACEMENT_OUTLINE_TOP
  0
POLYLINE
 5
D95
  8
PLACEMENT_OUTLINE_TOP
 66
1
 70
1
 40
0.012700
 41
0.012700
  0
VERTEX
 5
D96
  8
PLACEMENT_OUTLINE_TOP
 10
61.91885
 20
63.57520
 42
1.0
  0
VERTEX
 5
D97
  8
PLACEMENT_OUTLINE_TOP
 10
61.93155
 20
63.57520
 42
1.0
  0
SEQEND
  8
PLACEMENT_OUTLINE_TOP
  0
SOLID
 5
D98
  8
PADLAYER_TOP
 10
61.92520
 20
62.27520
 11
63.42520
 21
62.27520
 12
61.92520
 22
63.57520
 13
63.42520
 23
63.57520
  0
SOLID
 5
D99
  8
PADLAYER_TOP
 10
61.92520
 20
60.37520
 11
63.42520
 21
60.37520
 12
61.92520
 22
61.67520
 13
63.42520
 23
61.67520
  0
POLYLINE
 5
D9A
  8
LAYNR1
 66
1
 40
0.150000
 41
0.150000
  0
VERTEX
 5
D9B
  8
LAYNR1
 10
66.32520
 20
61.78820
  0
VERTEX
 5
D9C
  8
LAYNR1
 10
67.02520
 20
61.78820
  0
SEQEND
  8
LAYNR1
  0
POLYLINE
 5
D9D
  8
LAYNR1
 66
1
 70
1
 40
0.075000
 41
0.075000
  0
VERTEX
 5
D9E
  8
LAYNR1
 10
66.28770
 20
61.78820
 42
1.0
  0
VERTEX
 5
D9F
  8
LAYNR1
 10
66.36270
 20
61.78820
 42
1.0
  0
SEQEND
  8
LAYNR1
  0
POLYLINE
 5
DA0
  8
LAYNR1
 66
1
 70
1
 40
0.075000
 41
0.075000
  0
VERTEX
 5
DA1
  8
LAYNR1
 10
66.98770
 20
61.78820
 42
1.0
  0
VERTEX
 5
DA2
  8
LAYNR1
 10
67.06270
 20
61.78820
 42
1.0
  0
SEQEND
  8
LAYNR1
  0
POLYLINE
 5
DA3
  8
PLACEMENT_OUTLINE_TOP
 66
1
 40
0.100000
 41
0.100000
  0
VERTEX
 5
DA4
  8
PLACEMENT_OUTLINE_TOP
 10
67.31020
 20
60.39120
  0
VERTEX
 5
DA5
  8
PLACEMENT_OUTLINE_TOP
 10
67.31020
 20
63.18520
  0
SEQEND
  8
PLACEMENT_OUTLINE_TOP
  0
POLYLINE
 5
DA6
  8
PLACEMENT_OUTLINE_TOP
 66
1
 70
1
 40
0.050000
 41
0.050000
  0
VERTEX
 5
DA7
  8
PLACEMENT_OUTLINE_TOP
 10
67.28520
 20
60.39120
 42
1.0
  0
VERTEX
 5
DA8
  8
PLACEMENT_OUTLINE_TOP
 10
67.33520
 20
60.39120
 42
1.0
  0
SEQEND
  8
PLACEMENT_OUTLINE_TOP
  0
POLYLINE
 5
DA9
  8
PLACEMENT_OUTLINE_TOP
 66
1
 70
1
 40
0.050000
 41
0.050000
  0
VERTEX
 5
DAA
  8
PLACEMENT_OUTLINE_TOP
 10
67.28520
 20
63.18520
 42
1.0
  0
VERTEX
 5
DAB
  8
PLACEMENT_OUTLINE_TOP
 10
67.33520
 20
63.18520
 42
1.0
  0
SEQEND
  8
PLACEMENT_OUTLINE_TOP
  0
POLYLINE
 5
DAC
  8
PLACEMENT_OUTLINE_TOP
 66
1
 40
0.100000
 41
0.100000
  0
VERTEX
 5
DAD
  8
PLACEMENT_OUTLINE_TOP
 10
67.31020
 20
63.18520
  0
VERTEX
 5
DAE
  8
PLACEMENT_OUTLINE_TOP
 10
66.04020
 20
63.18520
  0
SEQEND
  8
PLACEMENT_OUTLINE_TOP
  0
POLYLINE
 5
DAF
  8
PLACEMENT_OUTLINE_TOP
 66
1
 70
1
 40
0.050000
 41
0.050000
  0
VERTEX
 5
DB0
  8
PLACEMENT_OUTLINE_TOP
 10
67.28520
 20
63.18520
 42
1.0
  0
VERTEX
 5
DB1
  8
PLACEMENT_OUTLINE_TOP
 10
67.33520
 20
63.18520
 42
1.0
  0
SEQEND
  8
PLACEMENT_OUTLINE_TOP
  0
POLYLINE
 5
DB2
  8
PLACEMENT_OUTLINE_TOP
 66
1
 70
1
 40
0.050000
 41
0.050000
  0
VERTEX
 5
DB3
  8
PLACEMENT_OUTLINE_TOP
 10
66.01520
 20
63.18520
 42
1.0
  0
VERTEX
 5
DB4
  8
PLACEMENT_OUTLINE_TOP
 10
66.06520
 20
63.18520
 42
1.0
  0
SEQEND
  8
PLACEMENT_OUTLINE_TOP
  0
POLYLINE
 5
DB5
  8
PLACEMENT_OUTLINE_TOP
 66
1
 40
0.100000
 41
0.100000
  0
VERTEX
 5
DB6
  8
PLACEMENT_OUTLINE_TOP
 10
66.04020
 20
63.18520
  0
VERTEX
 5
DB7
  8
PLACEMENT_OUTLINE_TOP
 10
66.04020
 20
60.39120
  0
SEQEND
  8
PLACEMENT_OUTLINE_TOP
  0
POLYLINE
 5
DB8
  8
PLACEMENT_OUTLINE_TOP
 66
1
 70
1
 40
0.050000
 41
0.050000
  0
VERTEX
 5
DB9
  8
PLACEMENT_OUTLINE_TOP
 10
66.01520
 20
63.18520
 42
1.0
  0
VERTEX
 5
DBA
  8
PLACEMENT_OUTLINE_TOP
 10
66.06520
 20
63.18520
 42
1.0
  0
SEQEND
  8
PLACEMENT_OUTLINE_TOP
  0
POLYLINE
 5
DBB
  8
PLACEMENT_OUTLINE_TOP
 66
1
 70
1
 40
0.050000
 41
0.050000
  0
VERTEX
 5
DBC
  8
PLACEMENT_OUTLINE_TOP
 10
66.01520
 20
60.39120
 42
1.0
  0
VERTEX
 5
DBD
  8
PLACEMENT_OUTLINE_TOP
 10
66.06520
 20
60.39120
 42
1.0
  0
SEQEND
  8
PLACEMENT_OUTLINE_TOP
  0
POLYLINE
 5
DBE
  8
PLACEMENT_OUTLINE_TOP
 66
1
 40
0.100000
 41
0.100000
  0
VERTEX
 5
DBF
  8
PLACEMENT_OUTLINE_TOP
 10
66.04020
 20
60.39120
  0
VERTEX
 5
DC0
  8
PLACEMENT_OUTLINE_TOP
 10
67.31020
 20
60.39120
  0
SEQEND
  8
PLACEMENT_OUTLINE_TOP
  0
POLYLINE
 5
DC1
  8
PLACEMENT_OUTLINE_TOP
 66
1
 70
1
 40
0.050000
 41
0.050000
  0
VERTEX
 5
DC2
  8
PLACEMENT_OUTLINE_TOP
 10
66.01520
 20
60.39120
 42
1.0
  0
VERTEX
 5
DC3
  8
PLACEMENT_OUTLINE_TOP
 10
66.06520
 20
60.39120
 42
1.0
  0
SEQEND
  8
PLACEMENT_OUTLINE_TOP
  0
POLYLINE
 5
DC4
  8
PLACEMENT_OUTLINE_TOP
 66
1
 70
1
 40
0.050000
 41
0.050000
  0
VERTEX
 5
DC5
  8
PLACEMENT_OUTLINE_TOP
 10
67.28520
 20
60.39120
 42
1.0
  0
VERTEX
 5
DC6
  8
PLACEMENT_OUTLINE_TOP
 10
67.33520
 20
60.39120
 42
1.0
  0
SEQEND
  8
PLACEMENT_OUTLINE_TOP
  0
SOLID
 5
DC7
  8
PADLAYER_TOP
 10
66.21800
 20
63.00740
 11
66.21800
 21
62.09300
 12
67.13240
 22
63.00740
 13
67.13240
 23
62.09300
  0
SOLID
 5
DC8
  8
PADLAYER_TOP
 10
66.21800
 20
61.48340
 11
66.21800
 21
60.56900
 12
67.13240
 22
61.48340
 13
67.13240
 23
60.56900
  0
POLYLINE
 5
DC9
  8
2DLINES_1
 66
1
 40
0.254000
 41
0.254000
  0
VERTEX
 5
DCA
  8
2DLINES_1
 10
34.56200
 20
14.83400
  0
VERTEX
 5
DCB
  8
2DLINES_1
 10
35.19700
 20
14.83400
  0
SEQEND
  8
2DLINES_1
  0
POLYLINE
 5
DCC
  8
2DLINES_1
 66
1
 70
1
 40
0.127000
 41
0.127000
  0
VERTEX
 5
DCD
  8
2DLINES_1
 10
34.49850
 20
14.83400
 42
1.0
  0
VERTEX
 5
DCE
  8
2DLINES_1
 10
34.62550
 20
14.83400
 42
1.0
  0
SEQEND
  8
2DLINES_1
  0
POLYLINE
 5
DCF
  8
2DLINES_1
 66
1
 70
1
 40
0.127000
 41
0.127000
  0
VERTEX
 5
DD0
  8
2DLINES_1
 10
35.13350
 20
14.83400
 42
1.0
  0
VERTEX
 5
DD1
  8
2DLINES_1
 10
35.26050
 20
14.83400
 42
1.0
  0
SEQEND
  8
2DLINES_1
  0
POLYLINE
 5
DD2
  8
2DLINES_1
 66
1
 40
0.254000
 41
0.254000
  0
VERTEX
 5
DD3
  8
2DLINES_1
 10
35.19700
 20
14.83400
  0
VERTEX
 5
DD4
  8
2DLINES_1
 10
35.19700
 20
16.10400
  0
SEQEND
  8
2DLINES_1
  0
POLYLINE
 5
DD5
  8
2DLINES_1
 66
1
 70
1
 40
0.127000
 41
0.127000
  0
VERTEX
 5
DD6
  8
2DLINES_1
 10
35.13350
 20
14.83400
 42
1.0
  0
VERTEX
 5
DD7
  8
2DLINES_1
 10
35.26050
 20
14.83400
 42
1.0
  0
SEQEND
  8
2DLINES_1
  0
POLYLINE
 5
DD8
  8
2DLINES_1
 66
1
 70
1
 40
0.127000
 41
0.127000
  0
VERTEX
 5
DD9
  8
2DLINES_1
 10
35.13350
 20
16.10400
 42
1.0
  0
VERTEX
 5
DDA
  8
2DLINES_1
 10
35.26050
 20
16.10400
 42
1.0
  0
SEQEND
  8
2DLINES_1
  0
POLYLINE
 5
DDB
  8
2DLINES_1
 66
1
 40
0.254000
 41
0.254000
  0
VERTEX
 5
DDC
  8
2DLINES_1
 10
33.03800
 20
14.83400
  0
VERTEX
 5
DDD
  8
2DLINES_1
 10
32.40300
 20
14.83400
  0
SEQEND
  8
2DLINES_1
  0
POLYLINE
 5
DDE
  8
2DLINES_1
 66
1
 70
1
 40
0.127000
 41
0.127000
  0
VERTEX
 5
DDF
  8
2DLINES_1
 10
32.97450
 20
14.83400
 42
1.0
  0
VERTEX
 5
DE0
  8
2DLINES_1
 10
33.10150
 20
14.83400
 42
1.0
  0
SEQEND
  8
2DLINES_1
  0
POLYLINE
 5
DE1
  8
2DLINES_1
 66
1
 70
1
 40
0.127000
 41
0.127000
  0
VERTEX
 5
DE2
  8
2DLINES_1
 10
32.33950
 20
14.83400
 42
1.0
  0
VERTEX
 5
DE3
  8
2DLINES_1
 10
32.46650
 20
14.83400
 42
1.0
  0
SEQEND
  8
2DLINES_1
  0
POLYLINE
 5
DE4
  8
2DLINES_1
 66
1
 40
0.254000
 41
0.254000
  0
VERTEX
 5
DE5
  8
2DLINES_1
 10
32.40300
 20
14.83400
  0
VERTEX
 5
DE6
  8
2DLINES_1
 10
32.40300
 20
16.10400
  0
SEQEND
  8
2DLINES_1
  0
POLYLINE
 5
DE7
  8
2DLINES_1
 66
1
 70
1
 40
0.127000
 41
0.127000
  0
VERTEX
 5
DE8
  8
2DLINES_1
 10
32.33950
 20
14.83400
 42
1.0
  0
VERTEX
 5
DE9
  8
2DLINES_1
 10
32.46650
 20
14.83400
 42
1.0
  0
SEQEND
  8
2DLINES_1
  0
POLYLINE
 5
DEA
  8
2DLINES_1
 66
1
 70
1
 40
0.127000
 41
0.127000
  0
VERTEX
 5
DEB
  8
2DLINES_1
 10
32.33950
 20
16.10400
 42
1.0
  0
VERTEX
 5
DEC
  8
2DLINES_1
 10
32.46650
 20
16.10400
 42
1.0
  0
SEQEND
  8
2DLINES_1
  0
POLYLINE
 5
DED
  8
2DLINES_1
 66
1
 40
0.254000
 41
0.254000
  0
VERTEX
 5
DEE
  8
2DLINES_1
 10
33.92700
 20
17.12000
  0
VERTEX
 5
DEF
  8
2DLINES_1
 10
33.67300
 20
17.12000
  0
SEQEND
  8
2DLINES_1
  0
POLYLINE
 5
DF0
  8
2DLINES_1
 66
1
 70
1
 40
0.127000
 41
0.127000
  0
VERTEX
 5
DF1
  8
2DLINES_1
 10
33.86350
 20
17.12000
 42
1.0
  0
VERTEX
 5
DF2
  8
2DLINES_1
 10
33.99050
 20
17.12000
 42
1.0
  0
SEQEND
  8
2DLINES_1
  0
POLYLINE
 5
DF3
  8
2DLINES_1
 66
1
 70
1
 40
0.127000
 41
0.127000
  0
VERTEX
 5
DF4
  8
2DLINES_1
 10
33.60950
 20
17.12000
 42
1.0
  0
VERTEX
 5
DF5
  8
2DLINES_1
 10
33.73650
 20
17.12000
 42
1.0
  0
SEQEND
  8
2DLINES_1
  0
POLYLINE
 5
DF6
  8
PLACEMENT_OUTLINE_TOP
 66
1
 40
0.025400
 41
0.025400
  0
VERTEX
 5
DF7
  8
PLACEMENT_OUTLINE_TOP
 10
35.20970
 20
17.29780
  0
VERTEX
 5
DF8
  8
PLACEMENT_OUTLINE_TOP
 10
35.20970
 20
14.17360
  0
SEQEND
  8
PLACEMENT_OUTLINE_TOP
  0
POLYLINE
 5
DF9
  8
PLACEMENT_OUTLINE_TOP
 66
1
 70
1
 40
0.012700
 41
0.012700
  0
VERTEX
 5
DFA
  8
PLACEMENT_OUTLINE_TOP
 10
35.20335
 20
17.29780
 42
1.0
  0
VERTEX
 5
DFB
  8
PLACEMENT_OUTLINE_TOP
 10
35.21605
 20
17.29780
 42
1.0
  0
SEQEND
  8
PLACEMENT_OUTLINE_TOP
  0
POLYLINE
 5
DFC
  8
PLACEMENT_OUTLINE_TOP
 66
1
 70
1
 40
0.012700
 41
0.012700
  0
VERTEX
 5
DFD
  8
PLACEMENT_OUTLINE_TOP
 10
35.20335
 20
14.17360
 42
1.0
  0
VERTEX
 5
DFE
  8
PLACEMENT_OUTLINE_TOP
 10
35.21605
 20
14.17360
 42
1.0
  0
SEQEND
  8
PLACEMENT_OUTLINE_TOP
  0
POLYLINE
 5
DFF
  8
PLACEMENT_OUTLINE_TOP
 66
1
 40
0.025400
 41
0.025400
  0
VERTEX
 5
E00
  8
PLACEMENT_OUTLINE_TOP
 10
35.20970
 20
14.17360
  0
VERTEX
 5
E01
  8
PLACEMENT_OUTLINE_TOP
 10
32.39030
 20
14.17360
  0
SEQEND
  8
PLACEMENT_OUTLINE_TOP
  0
POLYLINE
 5
E02
  8
PLACEMENT_OUTLINE_TOP
 66
1
 70
1
 40
0.012700
 41
0.012700
  0
VERTEX
 5
E03
  8
PLACEMENT_OUTLINE_TOP
 10
35.20335
 20
14.17360
 42
1.0
  0
VERTEX
 5
E04
  8
PLACEMENT_OUTLINE_TOP
 10
35.21605
 20
14.17360
 42
1.0
  0
SEQEND
  8
PLACEMENT_OUTLINE_TOP
  0
POLYLINE
 5
E05
  8
PLACEMENT_OUTLINE_TOP
 66
1
 70
1
 40
0.012700
 41
0.012700
  0
VERTEX
 5
E06
  8
PLACEMENT_OUTLINE_TOP
 10
32.38395
 20
14.17360
 42
1.0
  0
VERTEX
 5
E07
  8
PLACEMENT_OUTLINE_TOP
 10
32.39665
 20
14.17360
 42
1.0
  0
SEQEND
  8
PLACEMENT_OUTLINE_TOP
  0
POLYLINE
 5
E08
  8
PLACEMENT_OUTLINE_TOP
 66
1
 40
0.025400
 41
0.025400
  0
VERTEX
 5
E09
  8
PLACEMENT_OUTLINE_TOP
 10
32.39030
 20
14.17360
  0
VERTEX
 5
E0A
  8
PLACEMENT_OUTLINE_TOP
 10
32.39030
 20
17.29780
  0
SEQEND
  8
PLACEMENT_OUTLINE_TOP
  0
POLYLINE
 5
E0B
  8
PLACEMENT_OUTLINE_TOP
 66
1
 70
1
 40
0.012700
 41
0.012700
  0
VERTEX
 5
E0C
  8
PLACEMENT_OUTLINE_TOP
 10
32.38395
 20
14.17360
 42
1.0
  0
VERTEX
 5
E0D
  8
PLACEMENT_OUTLINE_TOP
 10
32.39665
 20
14.17360
 42
1.0
  0
SEQEND
  8
PLACEMENT_OUTLINE_TOP
  0
POLYLINE
 5
E0E
  8
PLACEMENT_OUTLINE_TOP
 66
1
 70
1
 40
0.012700
 41
0.012700
  0
VERTEX
 5
E0F
  8
PLACEMENT_OUTLINE_TOP
 10
32.38395
 20
17.29780
 42
1.0
  0
VERTEX
 5
E10
  8
PLACEMENT_OUTLINE_TOP
 10
32.39665
 20
17.29780
 42
1.0
  0
SEQEND
  8
PLACEMENT_OUTLINE_TOP
  0
POLYLINE
 5
E11
  8
PLACEMENT_OUTLINE_TOP
 66
1
 40
0.025400
 41
0.025400
  0
VERTEX
 5
E12
  8
PLACEMENT_OUTLINE_TOP
 10
32.39030
 20
17.29780
  0
VERTEX
 5
E13
  8
PLACEMENT_OUTLINE_TOP
 10
35.20970
 20
17.29780
  0
SEQEND
  8
PLACEMENT_OUTLINE_TOP
  0
POLYLINE
 5
E14
  8
PLACEMENT_OUTLINE_TOP
 66
1
 70
1
 40
0.012700
 41
0.012700
  0
VERTEX
 5
E15
  8
PLACEMENT_OUTLINE_TOP
 10
32.38395
 20
17.29780
 42
1.0
  0
VERTEX
 5
E16
  8
PLACEMENT_OUTLINE_TOP
 10
32.39665
 20
17.29780
 42
1.0
  0
SEQEND
  8
PLACEMENT_OUTLINE_TOP
  0
POLYLINE
 5
E17
  8
PLACEMENT_OUTLINE_TOP
 66
1
 70
1
 40
0.012700
 41
0.012700
  0
VERTEX
 5
E18
  8
PLACEMENT_OUTLINE_TOP
 10
35.20335
 20
17.29780
 42
1.0
  0
VERTEX
 5
E19
  8
PLACEMENT_OUTLINE_TOP
 10
35.21605
 20
17.29780
 42
1.0
  0
SEQEND
  8
PLACEMENT_OUTLINE_TOP
  0
SOLID
 5
E1A
  8
PADLAYER_TOP
 10
35.20970
 20
17.29780
 11
34.29530
 21
17.29780
 12
35.20970
 22
16.38340
 13
34.29530
 23
16.38340
  0
SOLID
 5
E1B
  8
PADLAYER_TOP
 10
33.30470
 20
17.29780
 11
32.39030
 21
17.29780
 12
33.30470
 22
16.38340
 13
32.39030
 23
16.38340
  0
SOLID
 5
E1C
  8
PADLAYER_TOP
 10
33.34280
 20
15.44360
 11
33.34280
 21
14.17360
 12
34.25720
 22
15.44360
 13
34.25720
 23
14.17360
  0
POLYLINE
 5
E1D
  8
Top
 66
1
 70
1
 40
0.000000
 41
0.000000
  0
VERTEX
 5
E1E
  8
Top
 10
65.41520
 20
63.58970
 42
-0.414214
  0
VERTEX
 5
E1F
  8
Top
 10
65.42790
 20
63.57700
  0
VERTEX
 5
E20
  8
Top
 10
65.42790
 20
60.38700
 42
-0.414214
  0
VERTEX
 5
E21
  8
Top
 10
65.41520
 20
60.37430
  0
VERTEX
 5
E22
  8
Top
 10
63.91520
 20
60.37430
 42
-0.414214
  0
VERTEX
 5
E23
  8
Top
 10
63.90250
 20
60.38700
  0
VERTEX
 5
E24
  8
Top
 10
63.90250
 20
63.57700
 42
-0.414214
  0
VERTEX
 5
E25
  8
Top
 10
63.91520
 20
63.58970
  0
VERTEX
 5
E26
  8
Top
 10
65.41520
 20
63.58970
  0
SEQEND
  8
Top
  0
POLYLINE
 5
E27
  8
2DLINES_1
 66
1
 40
0.152400
 41
0.152400
  0
VERTEX
 5
E28
  8
2DLINES_1
 10
64.02520
 20
61.97700
  0
VERTEX
 5
E29
  8
2DLINES_1
 10
65.32520
 20
61.97700
  0
SEQEND
  8
2DLINES_1
  0
POLYLINE
 5
E2A
  8
2DLINES_1
 66
1
 70
1
 40
0.076200
 41
0.076200
  0
VERTEX
 5
E2B
  8
2DLINES_1
 10
63.98710
 20
61.97700
 42
1.0
  0
VERTEX
 5
E2C
  8
2DLINES_1
 10
64.06330
 20
61.97700
 42
1.0
  0
SEQEND
  8
2DLINES_1
  0
POLYLINE
 5
E2D
  8
2DLINES_1
 66
1
 70
1
 40
0.076200
 41
0.076200
  0
VERTEX
 5
E2E
  8
2DLINES_1
 10
65.28710
 20
61.97700
 42
1.0
  0
VERTEX
 5
E2F
  8
2DLINES_1
 10
65.36330
 20
61.97700
 42
1.0
  0
SEQEND
  8
2DLINES_1
  0
POLYLINE
 5
E30
  8
PLACEMENT_OUTLINE_TOP
 66
1
 40
0.025400
 41
0.025400
  0
VERTEX
 5
E31
  8
PLACEMENT_OUTLINE_TOP
 10
63.92520
 20
63.57700
  0
VERTEX
 5
E32
  8
PLACEMENT_OUTLINE_TOP
 10
65.42520
 20
63.57700
  0
SEQEND
  8
PLACEMENT_OUTLINE_TOP
  0
POLYLINE
 5
E33
  8
PLACEMENT_OUTLINE_TOP
 66
1
 70
1
 40
0.012700
 41
0.012700
  0
VERTEX
 5
E34
  8
PLACEMENT_OUTLINE_TOP
 10
63.91885
 20
63.57700
 42
1.0
  0
VERTEX
 5
E35
  8
PLACEMENT_OUTLINE_TOP
 10
63.93155
 20
63.57700
 42
1.0
  0
SEQEND
  8
PLACEMENT_OUTLINE_TOP
  0
POLYLINE
 5
E36
  8
PLACEMENT_OUTLINE_TOP
 66
1
 70
1
 40
0.012700
 41
0.012700
  0
VERTEX
 5
E37
  8
PLACEMENT_OUTLINE_TOP
 10
65.41885
 20
63.57700
 42
1.0
  0
VERTEX
 5
E38
  8
PLACEMENT_OUTLINE_TOP
 10
65.43155
 20
63.57700
 42
1.0
  0
SEQEND
  8
PLACEMENT_OUTLINE_TOP
  0
POLYLINE
 5
E39
  8
PLACEMENT_OUTLINE_TOP
 66
1
 40
0.025400
 41
0.025400
  0
VERTEX
 5
E3A
  8
PLACEMENT_OUTLINE_TOP
 10
65.42520
 20
63.57700
  0
VERTEX
 5
E3B
  8
PLACEMENT_OUTLINE_TOP
 10
65.42520
 20
60.37700
  0
SEQEND
  8
PLACEMENT_OUTLINE_TOP
  0
POLYLINE
 5
E3C
  8
PLACEMENT_OUTLINE_TOP
 66
1
 70
1
 40
0.012700
 41
0.012700
  0
VERTEX
 5
E3D
  8
PLACEMENT_OUTLINE_TOP
 10
65.41885
 20
63.57700
 42
1.0
  0
VERTEX
 5
E3E
  8
PLACEMENT_OUTLINE_TOP
 10
65.43155
 20
63.57700
 42
1.0
  0
SEQEND
  8
PLACEMENT_OUTLINE_TOP
  0
POLYLINE
 5
E3F
  8
PLACEMENT_OUTLINE_TOP
 66
1
 70
1
 40
0.012700
 41
0.012700
  0
VERTEX
 5
E40
  8
PLACEMENT_OUTLINE_TOP
 10
65.41885
 20
60.37700
 42
1.0
  0
VERTEX
 5
E41
  8
PLACEMENT_OUTLINE_TOP
 10
65.43155
 20
60.37700
 42
1.0
  0
SEQEND
  8
PLACEMENT_OUTLINE_TOP
  0
POLYLINE
 5
E42
  8
PLACEMENT_OUTLINE_TOP
 66
1
 40
0.025400
 41
0.025400
  0
VERTEX
 5
E43
  8
PLACEMENT_OUTLINE_TOP
 10
65.42520
 20
60.37700
  0
VERTEX
 5
E44
  8
PLACEMENT_OUTLINE_TOP
 10
63.92520
 20
60.37700
  0
SEQEND
  8
PLACEMENT_OUTLINE_TOP
  0
POLYLINE
 5
E45
  8
PLACEMENT_OUTLINE_TOP
 66
1
 70
1
 40
0.012700
 41
0.012700
  0
VERTEX
 5
E46
  8
PLACEMENT_OUTLINE_TOP
 10
65.41885
 20
60.37700
 42
1.0
  0
VERTEX
 5
E47
  8
PLACEMENT_OUTLINE_TOP
 10
65.43155
 20
60.37700
 42
1.0
  0
SEQEND
  8
PLACEMENT_OUTLINE_TOP
  0
POLYLINE
 5
E48
  8
PLACEMENT_OUTLINE_TOP
 66
1
 70
1
 40
0.012700
 41
0.012700
  0
VERTEX
 5
E49
  8
PLACEMENT_OUTLINE_TOP
 10
63.91885
 20
60.37700
 42
1.0
  0
VERTEX
 5
E4A
  8
PLACEMENT_OUTLINE_TOP
 10
63.93155
 20
60.37700
 42
1.0
  0
SEQEND
  8
PLACEMENT_OUTLINE_TOP
  0
POLYLINE
 5
E4B
  8
PLACEMENT_OUTLINE_TOP
 66
1
 40
0.025400
 41
0.025400
  0
VERTEX
 5
E4C
  8
PLACEMENT_OUTLINE_TOP
 10
63.92520
 20
60.37700
  0
VERTEX
 5
E4D
  8
PLACEMENT_OUTLINE_TOP
 10
63.92520
 20
63.57700
  0
SEQEND
  8
PLACEMENT_OUTLINE_TOP
  0
POLYLINE
 5
E4E
  8
PLACEMENT_OUTLINE_TOP
 66
1
 70
1
 40
0.012700
 41
0.012700
  0
VERTEX
 5
E4F
  8
PLACEMENT_OUTLINE_TOP
 10
63.91885
 20
60.37700
 42
1.0
  0
VERTEX
 5
E50
  8
PLACEMENT_OUTLINE_TOP
 10
63.93155
 20
60.37700
 42
1.0
  0
SEQEND
  8
PLACEMENT_OUTLINE_TOP
  0
POLYLINE
 5
E51
  8
PLACEMENT_OUTLINE_TOP
 66
1
 70
1
 40
0.012700
 41
0.012700
  0
VERTEX
 5
E52
  8
PLACEMENT_OUTLINE_TOP
 10
63.91885
 20
63.57700
 42
1.0
  0
VERTEX
 5
E53
  8
PLACEMENT_OUTLINE_TOP
 10
63.93155
 20
63.57700
 42
1.0
  0
SEQEND
  8
PLACEMENT_OUTLINE_TOP
  0
SOLID
 5
E54
  8
PADLAYER_TOP
 10
63.92520
 20
62.27700
 11
65.42520
 21
62.27700
 12
63.92520
 22
63.57700
 13
65.42520
 23
63.57700
  0
SOLID
 5
E55
  8
PADLAYER_TOP
 10
63.92520
 20
60.37700
 11
65.42520
 21
60.37700
 12
63.92520
 22
61.67700
 13
65.42520
 23
61.67700
  0
POLYLINE
 5
E56
  8
Top
 66
1
 40
0.000000
 41
0.000000
  0
VERTEX
 5
E57
  8
Top
 10
43.47000
 20
10.91000
 42
1.000000
  0
VERTEX
 5
E58
  8
Top
 10
46.07000
 20
10.91000
 42
1.000000
  0
VERTEX
 5
E59
  8
Top
 10
43.47000
 20
10.91000
  0
SEQEND
  8
Top
  0
POLYLINE
 5
E5A
  8
Bottom
 66
1
 40
0.000000
 41
0.000000
  0
VERTEX
 5
E5B
  8
Bottom
 10
43.47000
 20
10.91000
 42
1.000000
  0
VERTEX
 5
E5C
  8
Bottom
 10
46.07000
 20
10.91000
 42
1.000000
  0
VERTEX
 5
E5D
  8
Bottom
 10
43.47000
 20
10.91000
  0
SEQEND
  8
Bottom
  0
POLYLINE
 5
E5E
  8
PLACEMENT_OUTLINE_TOP
 66
1
 40
0.025400
 41
0.025400
  0
VERTEX
 5
E5F
  8
PLACEMENT_OUTLINE_TOP
 10
43.67000
 20
9.81000
  0
VERTEX
 5
E60
  8
PLACEMENT_OUTLINE_TOP
 10
43.67000
 20
12.01000
  0
SEQEND
  8
PLACEMENT_OUTLINE_TOP
  0
POLYLINE
 5
E61
  8
PLACEMENT_OUTLINE_TOP
 66
1
 70
1
 40
0.012700
 41
0.012700
  0
VERTEX
 5
E62
  8
PLACEMENT_OUTLINE_TOP
 10
43.66365
 20
9.81000
 42
1.0
  0
VERTEX
 5
E63
  8
PLACEMENT_OUTLINE_TOP
 10
43.67635
 20
9.81000
 42
1.0
  0
SEQEND
  8
PLACEMENT_OUTLINE_TOP
  0
POLYLINE
 5
E64
  8
PLACEMENT_OUTLINE_TOP
 66
1
 70
1
 40
0.012700
 41
0.012700
  0
VERTEX
 5
E65
  8
PLACEMENT_OUTLINE_TOP
 10
43.66365
 20
12.01000
 42
1.0
  0
VERTEX
 5
E66
  8
PLACEMENT_OUTLINE_TOP
 10
43.67635
 20
12.01000
 42
1.0
  0
SEQEND
  8
PLACEMENT_OUTLINE_TOP
  0
POLYLINE
 5
E67
  8
PLACEMENT_OUTLINE_TOP
 66
1
 40
0.025400
 41
0.025400
  0
VERTEX
 5
E68
  8
PLACEMENT_OUTLINE_TOP
 10
43.67000
 20
12.01000
  0
VERTEX
 5
E69
  8
PLACEMENT_OUTLINE_TOP
 10
45.87000
 20
12.01000
  0
SEQEND
  8
PLACEMENT_OUTLINE_TOP
  0
POLYLINE
 5
E6A
  8
PLACEMENT_OUTLINE_TOP
 66
1
 70
1
 40
0.012700
 41
0.012700
  0
VERTEX
 5
E6B
  8
PLACEMENT_OUTLINE_TOP
 10
43.66365
 20
12.01000
 42
1.0
  0
VERTEX
 5
E6C
  8
PLACEMENT_OUTLINE_TOP
 10
43.67635
 20
12.01000
 42
1.0
  0
SEQEND
  8
PLACEMENT_OUTLINE_TOP
  0
POLYLINE
 5
E6D
  8
PLACEMENT_OUTLINE_TOP
 66
1
 70
1
 40
0.012700
 41
0.012700
  0
VERTEX
 5
E6E
  8
PLACEMENT_OUTLINE_TOP
 10
45.86365
 20
12.01000
 42
1.0
  0
VERTEX
 5
E6F
  8
PLACEMENT_OUTLINE_TOP
 10
45.87635
 20
12.01000
 42
1.0
  0
SEQEND
  8
PLACEMENT_OUTLINE_TOP
  0
POLYLINE
 5
E70
  8
PLACEMENT_OUTLINE_TOP
 66
1
 40
0.025400
 41
0.025400
  0
VERTEX
 5
E71
  8
PLACEMENT_OUTLINE_TOP
 10
45.87000
 20
12.01000
  0
VERTEX
 5
E72
  8
PLACEMENT_OUTLINE_TOP
 10
45.87000
 20
9.81000
  0
SEQEND
  8
PLACEMENT_OUTLINE_TOP
  0
POLYLINE
 5
E73
  8
PLACEMENT_OUTLINE_TOP
 66
1
 70
1
 40
0.012700
 41
0.012700
  0
VERTEX
 5
E74
  8
PLACEMENT_OUTLINE_TOP
 10
45.86365
 20
12.01000
 42
1.0
  0
VERTEX
 5
E75
  8
PLACEMENT_OUTLINE_TOP
 10
45.87635
 20
12.01000
 42
1.0
  0
SEQEND
  8
PLACEMENT_OUTLINE_TOP
  0
POLYLINE
 5
E76
  8
PLACEMENT_OUTLINE_TOP
 66
1
 70
1
 40
0.012700
 41
0.012700
  0
VERTEX
 5
E77
  8
PLACEMENT_OUTLINE_TOP
 10
45.86365
 20
9.81000
 42
1.0
  0
VERTEX
 5
E78
  8
PLACEMENT_OUTLINE_TOP
 10
45.87635
 20
9.81000
 42
1.0
  0
SEQEND
  8
PLACEMENT_OUTLINE_TOP
  0
POLYLINE
 5
E79
  8
PLACEMENT_OUTLINE_TOP
 66
1
 40
0.025400
 41
0.025400
  0
VERTEX
 5
E7A
  8
PLACEMENT_OUTLINE_TOP
 10
45.87000
 20
9.81000
  0
VERTEX
 5
E7B
  8
PLACEMENT_OUTLINE_TOP
 10
43.67000
 20
9.81000
  0
SEQEND
  8
PLACEMENT_OUTLINE_TOP
  0
POLYLINE
 5
E7C
  8
PLACEMENT_OUTLINE_TOP
 66
1
 70
1
 40
0.012700
 41
0.012700
  0
VERTEX
 5
E7D
  8
PLACEMENT_OUTLINE_TOP
 10
45.86365
 20
9.81000
 42
1.0
  0
VERTEX
 5
E7E
  8
PLACEMENT_OUTLINE_TOP
 10
45.87635
 20
9.81000
 42
1.0
  0
SEQEND
  8
PLACEMENT_OUTLINE_TOP
  0
POLYLINE
 5
E7F
  8
PLACEMENT_OUTLINE_TOP
 66
1
 70
1
 40
0.012700
 41
0.012700
  0
VERTEX
 5
E80
  8
PLACEMENT_OUTLINE_TOP
 10
43.66365
 20
9.81000
 42
1.0
  0
VERTEX
 5
E81
  8
PLACEMENT_OUTLINE_TOP
 10
43.67635
 20
9.81000
 42
1.0
  0
SEQEND
  8
PLACEMENT_OUTLINE_TOP
  0
POLYLINE
 5
E82
  8
PADLAYER_TOP
 66
1
 70
1
 40
1.100000
 41
1.100000
  0
VERTEX
 5
E83
  8
PADLAYER_TOP
 10
44.22000
 20
10.91000
 42
1.0
  0
VERTEX
 5
E84
  8
PADLAYER_TOP
 10
45.32000
 20
10.91000
 42
1.0
  0
SEQEND
  8
PADLAYER_TOP
  0
POLYLINE
 5
E85
  8
PADLAYER_BOTTOM
 66
1
 70
1
 40
0.550000
 41
0.550000
  0
VERTEX
 5
E86
  8
PADLAYER_BOTTOM
 10
44.49500
 20
10.91000
 42
1.0
  0
VERTEX
 5
E87
  8
PADLAYER_BOTTOM
 10
45.04500
 20
10.91000
 42
1.0
  0
SEQEND
  8
PADLAYER_BOTTOM
  0
POLYLINE
 5
E88
  8
TOOL_TOP
 66
1
 40
0.025400
 41
0.025400
  0
VERTEX
 5
E89
  8
TOOL_TOP
 10
44.32000
 20
10.91000
 42
1.000000
  0
VERTEX
 5
E8A
  8
TOOL_TOP
 10
45.22000
 20
10.91000
 42
1.000000
  0
VERTEX
 5
E8B
  8
TOOL_TOP
 10
44.32000
 20
10.91000
  0
SEQEND
  8
TOOL_TOP
  0
TEXT
  8
TOOLCODE_TOP
 10
44.29750
 20
10.68500
 40
0.450000
  1
T00
  0
POLYLINE
 5
E8C
  8
Top
 66
1
 40
0.000000
 41
0.000000
  0
VERTEX
 5
E8D
  8
Top
 10
43.47000
 20
13.45000
 42
1.000000
  0
VERTEX
 5
E8E
  8
Top
 10
46.07000
 20
13.45000
 42
1.000000
  0
VERTEX
 5
E8F
  8
Top
 10
43.47000
 20
13.45000
  0
SEQEND
  8
Top
  0
POLYLINE
 5
E90
  8
Bottom
 66
1
 40
0.000000
 41
0.000000
  0
VERTEX
 5
E91
  8
Bottom
 10
43.47000
 20
13.45000
 42
1.000000
  0
VERTEX
 5
E92
  8
Bottom
 10
46.07000
 20
13.45000
 42
1.000000
  0
VERTEX
 5
E93
  8
Bottom
 10
43.47000
 20
13.45000
  0
SEQEND
  8
Bottom
  0
POLYLINE
 5
E94
  8
PLACEMENT_OUTLINE_TOP
 66
1
 40
0.025400
 41
0.025400
  0
VERTEX
 5
E95
  8
PLACEMENT_OUTLINE_TOP
 10
43.67000
 20
12.35000
  0
VERTEX
 5
E96
  8
PLACEMENT_OUTLINE_TOP
 10
43.67000
 20
14.55000
  0
SEQEND
  8
PLACEMENT_OUTLINE_TOP
  0
POLYLINE
 5
E97
  8
PLACEMENT_OUTLINE_TOP
 66
1
 70
1
 40
0.012700
 41
0.012700
  0
VERTEX
 5
E98
  8
PLACEMENT_OUTLINE_TOP
 10
43.66365
 20
12.35000
 42
1.0
  0
VERTEX
 5
E99
  8
PLACEMENT_OUTLINE_TOP
 10
43.67635
 20
12.35000
 42
1.0
  0
SEQEND
  8
PLACEMENT_OUTLINE_TOP
  0
POLYLINE
 5
E9A
  8
PLACEMENT_OUTLINE_TOP
 66
1
 70
1
 40
0.012700
 41
0.012700
  0
VERTEX
 5
E9B
  8
PLACEMENT_OUTLINE_TOP
 10
43.66365
 20
14.55000
 42
1.0
  0
VERTEX
 5
E9C
  8
PLACEMENT_OUTLINE_TOP
 10
43.67635
 20
14.55000
 42
1.0
  0
SEQEND
  8
PLACEMENT_OUTLINE_TOP
  0
POLYLINE
 5
E9D
  8
PLACEMENT_OUTLINE_TOP
 66
1
 40
0.025400
 41
0.025400
  0
VERTEX
 5
E9E
  8
PLACEMENT_OUTLINE_TOP
 10
43.67000
 20
14.55000
  0
VERTEX
 5
E9F
  8
PLACEMENT_OUTLINE_TOP
 10
45.87000
 20
14.55000
  0
SEQEND
  8
PLACEMENT_OUTLINE_TOP
  0
POLYLINE
 5
EA0
  8
PLACEMENT_OUTLINE_TOP
 66
1
 70
1
 40
0.012700
 41
0.012700
  0
VERTEX
 5
EA1
  8
PLACEMENT_OUTLINE_TOP
 10
43.66365
 20
14.55000
 42
1.0
  0
VERTEX
 5
EA2
  8
PLACEMENT_OUTLINE_TOP
 10
43.67635
 20
14.55000
 42
1.0
  0
SEQEND
  8
PLACEMENT_OUTLINE_TOP
  0
POLYLINE
 5
EA3
  8
PLACEMENT_OUTLINE_TOP
 66
1
 70
1
 40
0.012700
 41
0.012700
  0
VERTEX
 5
EA4
  8
PLACEMENT_OUTLINE_TOP
 10
45.86365
 20
14.55000
 42
1.0
  0
VERTEX
 5
EA5
  8
PLACEMENT_OUTLINE_TOP
 10
45.87635
 20
14.55000
 42
1.0
  0
SEQEND
  8
PLACEMENT_OUTLINE_TOP
  0
POLYLINE
 5
EA6
  8
PLACEMENT_OUTLINE_TOP
 66
1
 40
0.025400
 41
0.025400
  0
VERTEX
 5
EA7
  8
PLACEMENT_OUTLINE_TOP
 10
45.87000
 20
14.55000
  0
VERTEX
 5
EA8
  8
PLACEMENT_OUTLINE_TOP
 10
45.87000
 20
12.35000
  0
SEQEND
  8
PLACEMENT_OUTLINE_TOP
  0
POLYLINE
 5
EA9
  8
PLACEMENT_OUTLINE_TOP
 66
1
 70
1
 40
0.012700
 41
0.012700
  0
VERTEX
 5
EAA
  8
PLACEMENT_OUTLINE_TOP
 10
45.86365
 20
14.55000
 42
1.0
  0
VERTEX
 5
EAB
  8
PLACEMENT_OUTLINE_TOP
 10
45.87635
 20
14.55000
 42
1.0
  0
SEQEND
  8
PLACEMENT_OUTLINE_TOP
  0
POLYLINE
 5
EAC
  8
PLACEMENT_OUTLINE_TOP
 66
1
 70
1
 40
0.012700
 41
0.012700
  0
VERTEX
 5
EAD
  8
PLACEMENT_OUTLINE_TOP
 10
45.86365
 20
12.35000
 42
1.0
  0
VERTEX
 5
EAE
  8
PLACEMENT_OUTLINE_TOP
 10
45.87635
 20
12.35000
 42
1.0
  0
SEQEND
  8
PLACEMENT_OUTLINE_TOP
  0
POLYLINE
 5
EAF
  8
PLACEMENT_OUTLINE_TOP
 66
1
 40
0.025400
 41
0.025400
  0
VERTEX
 5
EB0
  8
PLACEMENT_OUTLINE_TOP
 10
45.87000
 20
12.35000
  0
VERTEX
 5
EB1
  8
PLACEMENT_OUTLINE_TOP
 10
43.67000
 20
12.35000
  0
SEQEND
  8
PLACEMENT_OUTLINE_TOP
  0
POLYLINE
 5
EB2
  8
PLACEMENT_OUTLINE_TOP
 66
1
 70
1
 40
0.012700
 41
0.012700
  0
VERTEX
 5
EB3
  8
PLACEMENT_OUTLINE_TOP
 10
45.86365
 20
12.35000
 42
1.0
  0
VERTEX
 5
EB4
  8
PLACEMENT_OUTLINE_TOP
 10
45.87635
 20
12.35000
 42
1.0
  0
SEQEND
  8
PLACEMENT_OUTLINE_TOP
  0
POLYLINE
 5
EB5
  8
PLACEMENT_OUTLINE_TOP
 66
1
 70
1
 40
0.012700
 41
0.012700
  0
VERTEX
 5
EB6
  8
PLACEMENT_OUTLINE_TOP
 10
43.66365
 20
12.35000
 42
1.0
  0
VERTEX
 5
EB7
  8
PLACEMENT_OUTLINE_TOP
 10
43.67635
 20
12.35000
 42
1.0
  0
SEQEND
  8
PLACEMENT_OUTLINE_TOP
  0
POLYLINE
 5
EB8
  8
PADLAYER_TOP
 66
1
 70
1
 40
1.100000
 41
1.100000
  0
VERTEX
 5
EB9
  8
PADLAYER_TOP
 10
44.22000
 20
13.45000
 42
1.0
  0
VERTEX
 5
EBA
  8
PADLAYER_TOP
 10
45.32000
 20
13.45000
 42
1.0
  0
SEQEND
  8
PADLAYER_TOP
  0
POLYLINE
 5
EBB
  8
PADLAYER_BOTTOM
 66
1
 70
1
 40
0.550000
 41
0.550000
  0
VERTEX
 5
EBC
  8
PADLAYER_BOTTOM
 10
44.49500
 20
13.45000
 42
1.0
  0
VERTEX
 5
EBD
  8
PADLAYER_BOTTOM
 10
45.04500
 20
13.45000
 42
1.0
  0
SEQEND
  8
PADLAYER_BOTTOM
  0
POLYLINE
 5
EBE
  8
TOOL_TOP
 66
1
 40
0.025400
 41
0.025400
  0
VERTEX
 5
EBF
  8
TOOL_TOP
 10
44.32000
 20
13.45000
 42
1.000000
  0
VERTEX
 5
EC0
  8
TOOL_TOP
 10
45.22000
 20
13.45000
 42
1.000000
  0
VERTEX
 5
EC1
  8
TOOL_TOP
 10
44.32000
 20
13.45000
  0
SEQEND
  8
TOOL_TOP
  0
TEXT
  8
TOOLCODE_TOP
 10
44.29750
 20
13.22500
 40
0.450000
  1
T00
  0
POLYLINE
 5
EC2
  8
2DLINES_1
 66
1
 40
0.100000
 41
0.100000
  0
VERTEX
 5
EC3
  8
2DLINES_1
 10
54.20000
 20
2.40000
  0
VERTEX
 5
EC4
  8
2DLINES_1
 10
54.20000
 20
1.60000
  0
SEQEND
  8
2DLINES_1
  0
POLYLINE
 5
EC5
  8
2DLINES_1
 66
1
 70
1
 40
0.050000
 41
0.050000
  0
VERTEX
 5
EC6
  8
2DLINES_1
 10
54.17500
 20
2.40000
 42
1.0
  0
VERTEX
 5
EC7
  8
2DLINES_1
 10
54.22500
 20
2.40000
 42
1.0
  0
SEQEND
  8
2DLINES_1
  0
POLYLINE
 5
EC8
  8
2DLINES_1
 66
1
 70
1
 40
0.050000
 41
0.050000
  0
VERTEX
 5
EC9
  8
2DLINES_1
 10
54.17500
 20
1.60000
 42
1.0
  0
VERTEX
 5
ECA
  8
2DLINES_1
 10
54.22500
 20
1.60000
 42
1.0
  0
SEQEND
  8
2DLINES_1
  0
POLYLINE
 5
ECB
  8
2DLINES_1
 66
1
 40
0.100000
 41
0.100000
  0
VERTEX
 5
ECC
  8
2DLINES_1
 10
54.20000
 20
2.00000
  0
VERTEX
 5
ECD
  8
2DLINES_1
 10
53.87500
 20
2.30000
  0
SEQEND
  8
2DLINES_1
  0
POLYLINE
 5
ECE
  8
2DLINES_1
 66
1
 70
1
 40
0.050000
 41
0.050000
  0
VERTEX
 5
ECF
  8
2DLINES_1
 10
54.17500
 20
2.00000
 42
1.0
  0
VERTEX
 5
ED0
  8
2DLINES_1
 10
54.22500
 20
2.00000
 42
1.0
  0
SEQEND
  8
2DLINES_1
  0
POLYLINE
 5
ED1
  8
2DLINES_1
 66
1
 70
1
 40
0.050000
 41
0.050000
  0
VERTEX
 5
ED2
  8
2DLINES_1
 10
53.85000
 20
2.30000
 42
1.0
  0
VERTEX
 5
ED3
  8
2DLINES_1
 10
53.90000
 20
2.30000
 42
1.0
  0
SEQEND
  8
2DLINES_1
  0
POLYLINE
 5
ED4
  8
2DLINES_1
 66
1
 40
0.100000
 41
0.100000
  0
VERTEX
 5
ED5
  8
2DLINES_1
 10
53.87500
 20
2.30000
  0
VERTEX
 5
ED6
  8
2DLINES_1
 10
53.87500
 20
1.70000
  0
SEQEND
  8
2DLINES_1
  0
POLYLINE
 5
ED7
  8
2DLINES_1
 66
1
 70
1
 40
0.050000
 41
0.050000
  0
VERTEX
 5
ED8
  8
2DLINES_1
 10
53.85000
 20
2.30000
 42
1.0
  0
VERTEX
 5
ED9
  8
2DLINES_1
 10
53.90000
 20
2.30000
 42
1.0
  0
SEQEND
  8
2DLINES_1
  0
POLYLINE
 5
EDA
  8
2DLINES_1
 66
1
 70
1
 40
0.050000
 41
0.050000
  0
VERTEX
 5
EDB
  8
2DLINES_1
 10
53.85000
 20
1.70000
 42
1.0
  0
VERTEX
 5
EDC
  8
2DLINES_1
 10
53.90000
 20
1.70000
 42
1.0
  0
SEQEND
  8
2DLINES_1
  0
POLYLINE
 5
EDD
  8
2DLINES_1
 66
1
 40
0.100000
 41
0.100000
  0
VERTEX
 5
EDE
  8
2DLINES_1
 10
53.87500
 20
1.70000
  0
VERTEX
 5
EDF
  8
2DLINES_1
 10
54.18750
 20
2.01250
  0
SEQEND
  8
2DLINES_1
  0
POLYLINE
 5
EE0
  8
2DLINES_1
 66
1
 70
1
 40
0.050000
 41
0.050000
  0
VERTEX
 5
EE1
  8
2DLINES_1
 10
53.85000
 20
1.70000
 42
1.0
  0
VERTEX
 5
EE2
  8
2DLINES_1
 10
53.90000
 20
1.70000
 42
1.0
  0
SEQEND
  8
2DLINES_1
  0
POLYLINE
 5
EE3
  8
2DLINES_1
 66
1
 70
1
 40
0.050000
 41
0.050000
  0
VERTEX
 5
EE4
  8
2DLINES_1
 10
54.16250
 20
2.01250
 42
1.0
  0
VERTEX
 5
EE5
  8
2DLINES_1
 10
54.21250
 20
2.01250
 42
1.0
  0
SEQEND
  8
2DLINES_1
  0
POLYLINE
 5
EE6
  8
PLACEMENT_OUTLINE_TOP
 66
1
 40
0.025400
 41
0.025400
  0
VERTEX
 5
EE7
  8
PLACEMENT_OUTLINE_TOP
 10
52.55000
 20
1.50000
  0
VERTEX
 5
EE8
  8
PLACEMENT_OUTLINE_TOP
 10
52.55000
 20
2.50000
  0
SEQEND
  8
PLACEMENT_OUTLINE_TOP
  0
POLYLINE
 5
EE9
  8
PLACEMENT_OUTLINE_TOP
 66
1
 70
1
 40
0.012700
 41
0.012700
  0
VERTEX
 5
EEA
  8
PLACEMENT_OUTLINE_TOP
 10
52.54365
 20
1.50000
 42
1.0
  0
VERTEX
 5
EEB
  8
PLACEMENT_OUTLINE_TOP
 10
52.55635
 20
1.50000
 42
1.0
  0
SEQEND
  8
PLACEMENT_OUTLINE_TOP
  0
POLYLINE
 5
EEC
  8
PLACEMENT_OUTLINE_TOP
 66
1
 70
1
 40
0.012700
 41
0.012700
  0
VERTEX
 5
EED
  8
PLACEMENT_OUTLINE_TOP
 10
52.54365
 20
2.50000
 42
1.0
  0
VERTEX
 5
EEE
  8
PLACEMENT_OUTLINE_TOP
 10
52.55635
 20
2.50000
 42
1.0
  0
SEQEND
  8
PLACEMENT_OUTLINE_TOP
  0
POLYLINE
 5
EEF
  8
PLACEMENT_OUTLINE_TOP
 66
1
 40
0.025400
 41
0.025400
  0
VERTEX
 5
EF0
  8
PLACEMENT_OUTLINE_TOP
 10
52.55000
 20
2.50000
  0
VERTEX
 5
EF1
  8
PLACEMENT_OUTLINE_TOP
 10
55.45000
 20
2.50000
  0
SEQEND
  8
PLACEMENT_OUTLINE_TOP
  0
POLYLINE
 5
EF2
  8
PLACEMENT_OUTLINE_TOP
 66
1
 70
1
 40
0.012700
 41
0.012700
  0
VERTEX
 5
EF3
  8
PLACEMENT_OUTLINE_TOP
 10
52.54365
 20
2.50000
 42
1.0
  0
VERTEX
 5
EF4
  8
PLACEMENT_OUTLINE_TOP
 10
52.55635
 20
2.50000
 42
1.0
  0
SEQEND
  8
PLACEMENT_OUTLINE_TOP
  0
POLYLINE
 5
EF5
  8
PLACEMENT_OUTLINE_TOP
 66
1
 70
1
 40
0.012700
 41
0.012700
  0
VERTEX
 5
EF6
  8
PLACEMENT_OUTLINE_TOP
 10
55.44365
 20
2.50000
 42
1.0
  0
VERTEX
 5
EF7
  8
PLACEMENT_OUTLINE_TOP
 10
55.45635
 20
2.50000
 42
1.0
  0
SEQEND
  8
PLACEMENT_OUTLINE_TOP
  0
POLYLINE
 5
EF8
  8
PLACEMENT_OUTLINE_TOP
 66
1
 40
0.025400
 41
0.025400
  0
VERTEX
 5
EF9
  8
PLACEMENT_OUTLINE_TOP
 10
55.45000
 20
2.50000
  0
VERTEX
 5
EFA
  8
PLACEMENT_OUTLINE_TOP
 10
55.45000
 20
1.50000
  0
SEQEND
  8
PLACEMENT_OUTLINE_TOP
  0
POLYLINE
 5
EFB
  8
PLACEMENT_OUTLINE_TOP
 66
1
 70
1
 40
0.012700
 41
0.012700
  0
VERTEX
 5
EFC
  8
PLACEMENT_OUTLINE_TOP
 10
55.44365
 20
2.50000
 42
1.0
  0
VERTEX
 5
EFD
  8
PLACEMENT_OUTLINE_TOP
 10
55.45635
 20
2.50000
 42
1.0
  0
SEQEND
  8
PLACEMENT_OUTLINE_TOP
  0
POLYLINE
 5
EFE
  8
PLACEMENT_OUTLINE_TOP
 66
1
 70
1
 40
0.012700
 41
0.012700
  0
VERTEX
 5
EFF
  8
PLACEMENT_OUTLINE_TOP
 10
55.44365
 20
1.50000
 42
1.0
  0
VERTEX
 5
F00
  8
PLACEMENT_OUTLINE_TOP
 10
55.45635
 20
1.50000
 42
1.0
  0
SEQEND
  8
PLACEMENT_OUTLINE_TOP
  0
POLYLINE
 5
F01
  8
PLACEMENT_OUTLINE_TOP
 66
1
 40
0.025400
 41
0.025400
  0
VERTEX
 5
F02
  8
PLACEMENT_OUTLINE_TOP
 10
55.45000
 20
1.50000
  0
VERTEX
 5
F03
  8
PLACEMENT_OUTLINE_TOP
 10
52.55000
 20
1.50000
  0
SEQEND
  8
PLACEMENT_OUTLINE_TOP
  0
POLYLINE
 5
F04
  8
PLACEMENT_OUTLINE_TOP
 66
1
 70
1
 40
0.012700
 41
0.012700
  0
VERTEX
 5
F05
  8
PLACEMENT_OUTLINE_TOP
 10
55.44365
 20
1.50000
 42
1.0
  0
VERTEX
 5
F06
  8
PLACEMENT_OUTLINE_TOP
 10
55.45635
 20
1.50000
 42
1.0
  0
SEQEND
  8
PLACEMENT_OUTLINE_TOP
  0
POLYLINE
 5
F07
  8
PLACEMENT_OUTLINE_TOP
 66
1
 70
1
 40
0.012700
 41
0.012700
  0
VERTEX
 5
F08
  8
PLACEMENT_OUTLINE_TOP
 10
52.54365
 20
1.50000
 42
1.0
  0
VERTEX
 5
F09
  8
PLACEMENT_OUTLINE_TOP
 10
52.55635
 20
1.50000
 42
1.0
  0
SEQEND
  8
PLACEMENT_OUTLINE_TOP
  0
SOLID
 5
F0A
  8
PADLAYER_TOP
 10
52.55000
 20
1.50000
 11
53.55000
 21
1.50000
 12
52.55000
 22
2.50000
 13
53.55000
 23
2.50000
  0
SOLID
 5
F0B
  8
LAYNR1
 10
52.55000
 20
1.50000
 11
53.55000
 21
1.50000
 12
52.55000
 22
2.50000
 13
53.55000
 23
2.50000
  0
SOLID
 5
F0C
  8
PADLAYER_TOP
 10
54.45000
 20
1.50000
 11
55.45000
 21
1.50000
 12
54.45000
 22
2.50000
 13
55.45000
 23
2.50000
  0
SOLID
 5
F0D
  8
LAYNR1
 10
54.45000
 20
1.50000
 11
55.45000
 21
1.50000
 12
54.45000
 22
2.50000
 13
55.45000
 23
2.50000
  0
POLYLINE
 5
F0E
  8
2DLINES_1
 66
1
 40
0.200000
 41
0.200000
  0
VERTEX
 5
F0F
  8
2DLINES_1
 10
72.10000
 20
16.57400
  0
VERTEX
 5
F10
  8
2DLINES_1
 10
72.10000
 20
9.17400
  0
SEQEND
  8
2DLINES_1
  0
POLYLINE
 5
F11
  8
2DLINES_1
 66
1
 70
1
 40
0.100000
 41
0.100000
  0
VERTEX
 5
F12
  8
2DLINES_1
 10
72.05000
 20
16.57400
 42
1.0
  0
VERTEX
 5
F13
  8
2DLINES_1
 10
72.15000
 20
16.57400
 42
1.0
  0
SEQEND
  8
2DLINES_1
  0
POLYLINE
 5
F14
  8
2DLINES_1
 66
1
 70
1
 40
0.100000
 41
0.100000
  0
VERTEX
 5
F15
  8
2DLINES_1
 10
72.05000
 20
9.17400
 42
1.0
  0
VERTEX
 5
F16
  8
2DLINES_1
 10
72.15000
 20
9.17400
 42
1.0
  0
SEQEND
  8
2DLINES_1
  0
POLYLINE
 5
F17
  8
2DLINES_1
 66
1
 40
0.200000
 41
0.200000
  0
VERTEX
 5
F18
  8
2DLINES_1
 10
72.10000
 20
9.17400
  0
VERTEX
 5
F19
  8
2DLINES_1
 10
65.90000
 20
9.17400
  0
SEQEND
  8
2DLINES_1
  0
POLYLINE
 5
F1A
  8
2DLINES_1
 66
1
 70
1
 40
0.100000
 41
0.100000
  0
VERTEX
 5
F1B
  8
2DLINES_1
 10
72.05000
 20
9.17400
 42
1.0
  0
VERTEX
 5
F1C
  8
2DLINES_1
 10
72.15000
 20
9.17400
 42
1.0
  0
SEQEND
  8
2DLINES_1
  0
POLYLINE
 5
F1D
  8
2DLINES_1
 66
1
 70
1
 40
0.100000
 41
0.100000
  0
VERTEX
 5
F1E
  8
2DLINES_1
 10
65.85000
 20
9.17400
 42
1.0
  0
VERTEX
 5
F1F
  8
2DLINES_1
 10
65.95000
 20
9.17400
 42
1.0
  0
SEQEND
  8
2DLINES_1
  0
POLYLINE
 5
F20
  8
2DLINES_1
 66
1
 40
0.200000
 41
0.200000
  0
VERTEX
 5
F21
  8
2DLINES_1
 10
65.90000
 20
9.17400
  0
VERTEX
 5
F22
  8
2DLINES_1
 10
65.90000
 20
16.57400
  0
SEQEND
  8
2DLINES_1
  0
POLYLINE
 5
F23
  8
2DLINES_1
 66
1
 70
1
 40
0.100000
 41
0.100000
  0
VERTEX
 5
F24
  8
2DLINES_1
 10
65.85000
 20
9.17400
 42
1.0
  0
VERTEX
 5
F25
  8
2DLINES_1
 10
65.95000
 20
9.17400
 42
1.0
  0
SEQEND
  8
2DLINES_1
  0
POLYLINE
 5
F26
  8
2DLINES_1
 66
1
 70
1
 40
0.100000
 41
0.100000
  0
VERTEX
 5
F27
  8
2DLINES_1
 10
65.85000
 20
16.57400
 42
1.0
  0
VERTEX
 5
F28
  8
2DLINES_1
 10
65.95000
 20
16.57400
 42
1.0
  0
SEQEND
  8
2DLINES_1
  0
POLYLINE
 5
F29
  8
2DLINES_1
 66
1
 40
0.200000
 41
0.200000
  0
VERTEX
 5
F2A
  8
2DLINES_1
 10
65.90000
 20
16.57400
  0
VERTEX
 5
F2B
  8
2DLINES_1
 10
72.10000
 20
16.57400
  0
SEQEND
  8
2DLINES_1
  0
POLYLINE
 5
F2C
  8
2DLINES_1
 66
1
 70
1
 40
0.100000
 41
0.100000
  0
VERTEX
 5
F2D
  8
2DLINES_1
 10
65.85000
 20
16.57400
 42
1.0
  0
VERTEX
 5
F2E
  8
2DLINES_1
 10
65.95000
 20
16.57400
 42
1.0
  0
SEQEND
  8
2DLINES_1
  0
POLYLINE
 5
F2F
  8
2DLINES_1
 66
1
 70
1
 40
0.100000
 41
0.100000
  0
VERTEX
 5
F30
  8
2DLINES_1
 10
72.05000
 20
16.57400
 42
1.0
  0
VERTEX
 5
F31
  8
2DLINES_1
 10
72.15000
 20
16.57400
 42
1.0
  0
SEQEND
  8
2DLINES_1
  0
POLYLINE
 5
F32
  8
2DLINES_1
 66
1
 40
0.200000
 41
0.200000
  0
VERTEX
 5
F33
  8
2DLINES_1
 10
71.47600
 20
15.57400
 42
1.000000
  0
VERTEX
 5
F34
  8
2DLINES_1
 10
71.82400
 20
15.57400
 42
1.000000
  0
VERTEX
 5
F35
  8
2DLINES_1
 10
71.47600
 20
15.57400
  0
SEQEND
  8
2DLINES_1
  0
POLYLINE
 5
F36
  8
PLACEMENT_OUTLINE_TOP
 66
1
 40
0.200000
 41
0.200000
  0
VERTEX
 5
F37
  8
PLACEMENT_OUTLINE_TOP
 10
72.10000
 20
16.57400
  0
VERTEX
 5
F38
  8
PLACEMENT_OUTLINE_TOP
 10
72.10000
 20
9.17400
  0
SEQEND
  8
PLACEMENT_OUTLINE_TOP
  0
POLYLINE
 5
F39
  8
PLACEMENT_OUTLINE_TOP
 66
1
 70
1
 40
0.100000
 41
0.100000
  0
VERTEX
 5
F3A
  8
PLACEMENT_OUTLINE_TOP
 10
72.05000
 20
16.57400
 42
1.0
  0
VERTEX
 5
F3B
  8
PLACEMENT_OUTLINE_TOP
 10
72.15000
 20
16.57400
 42
1.0
  0
SEQEND
  8
PLACEMENT_OUTLINE_TOP
  0
POLYLINE
 5
F3C
  8
PLACEMENT_OUTLINE_TOP
 66
1
 70
1
 40
0.100000
 41
0.100000
  0
VERTEX
 5
F3D
  8
PLACEMENT_OUTLINE_TOP
 10
72.05000
 20
9.17400
 42
1.0
  0
VERTEX
 5
F3E
  8
PLACEMENT_OUTLINE_TOP
 10
72.15000
 20
9.17400
 42
1.0
  0
SEQEND
  8
PLACEMENT_OUTLINE_TOP
  0
POLYLINE
 5
F3F
  8
PLACEMENT_OUTLINE_TOP
 66
1
 40
0.200000
 41
0.200000
  0
VERTEX
 5
F40
  8
PLACEMENT_OUTLINE_TOP
 10
72.10000
 20
9.17400
  0
VERTEX
 5
F41
  8
PLACEMENT_OUTLINE_TOP
 10
65.90000
 20
9.17400
  0
SEQEND
  8
PLACEMENT_OUTLINE_TOP
  0
POLYLINE
 5
F42
  8
PLACEMENT_OUTLINE_TOP
 66
1
 70
1
 40
0.100000
 41
0.100000
  0
VERTEX
 5
F43
  8
PLACEMENT_OUTLINE_TOP
 10
72.05000
 20
9.17400
 42
1.0
  0
VERTEX
 5
F44
  8
PLACEMENT_OUTLINE_TOP
 10
72.15000
 20
9.17400
 42
1.0
  0
SEQEND
  8
PLACEMENT_OUTLINE_TOP
  0
POLYLINE
 5
F45
  8
PLACEMENT_OUTLINE_TOP
 66
1
 70
1
 40
0.100000
 41
0.100000
  0
VERTEX
 5
F46
  8
PLACEMENT_OUTLINE_TOP
 10
65.85000
 20
9.17400
 42
1.0
  0
VERTEX
 5
F47
  8
PLACEMENT_OUTLINE_TOP
 10
65.95000
 20
9.17400
 42
1.0
  0
SEQEND
  8
PLACEMENT_OUTLINE_TOP
  0
POLYLINE
 5
F48
  8
PLACEMENT_OUTLINE_TOP
 66
1
 40
0.200000
 41
0.200000
  0
VERTEX
 5
F49
  8
PLACEMENT_OUTLINE_TOP
 10
65.90000
 20
9.17400
  0
VERTEX
 5
F4A
  8
PLACEMENT_OUTLINE_TOP
 10
65.90000
 20
16.57400
  0
SEQEND
  8
PLACEMENT_OUTLINE_TOP
  0
POLYLINE
 5
F4B
  8
PLACEMENT_OUTLINE_TOP
 66
1
 70
1
 40
0.100000
 41
0.100000
  0
VERTEX
 5
F4C
  8
PLACEMENT_OUTLINE_TOP
 10
65.85000
 20
9.17400
 42
1.0
  0
VERTEX
 5
F4D
  8
PLACEMENT_OUTLINE_TOP
 10
65.95000
 20
9.17400
 42
1.0
  0
SEQEND
  8
PLACEMENT_OUTLINE_TOP
  0
POLYLINE
 5
F4E
  8
PLACEMENT_OUTLINE_TOP
 66
1
 70
1
 40
0.100000
 41
0.100000
  0
VERTEX
 5
F4F
  8
PLACEMENT_OUTLINE_TOP
 10
65.85000
 20
16.57400
 42
1.0
  0
VERTEX
 5
F50
  8
PLACEMENT_OUTLINE_TOP
 10
65.95000
 20
16.57400
 42
1.0
  0
SEQEND
  8
PLACEMENT_OUTLINE_TOP
  0
POLYLINE
 5
F51
  8
PLACEMENT_OUTLINE_TOP
 66
1
 40
0.200000
 41
0.200000
  0
VERTEX
 5
F52
  8
PLACEMENT_OUTLINE_TOP
 10
65.90000
 20
16.57400
  0
VERTEX
 5
F53
  8
PLACEMENT_OUTLINE_TOP
 10
72.10000
 20
16.57400
  0
SEQEND
  8
PLACEMENT_OUTLINE_TOP
  0
POLYLINE
 5
F54
  8
PLACEMENT_OUTLINE_TOP
 66
1
 70
1
 40
0.100000
 41
0.100000
  0
VERTEX
 5
F55
  8
PLACEMENT_OUTLINE_TOP
 10
65.85000
 20
16.57400
 42
1.0
  0
VERTEX
 5
F56
  8
PLACEMENT_OUTLINE_TOP
 10
65.95000
 20
16.57400
 42
1.0
  0
SEQEND
  8
PLACEMENT_OUTLINE_TOP
  0
POLYLINE
 5
F57
  8
PLACEMENT_OUTLINE_TOP
 66
1
 70
1
 40
0.100000
 41
0.100000
  0
VERTEX
 5
F58
  8
PLACEMENT_OUTLINE_TOP
 10
72.05000
 20
16.57400
 42
1.0
  0
VERTEX
 5
F59
  8
PLACEMENT_OUTLINE_TOP
 10
72.15000
 20
16.57400
 42
1.0
  0
SEQEND
  8
PLACEMENT_OUTLINE_TOP
  0
POLYLINE
 5
F5A
  8
PLACEMENT_OUTLINE_TOP
 66
1
 40
0.200000
 41
0.200000
  0
VERTEX
 5
F5B
  8
PLACEMENT_OUTLINE_TOP
 10
71.47600
 20
15.57400
 42
1.000000
  0
VERTEX
 5
F5C
  8
PLACEMENT_OUTLINE_TOP
 10
71.82400
 20
15.57400
 42
1.000000
  0
VERTEX
 5
F5D
  8
PLACEMENT_OUTLINE_TOP
 10
71.47600
 20
15.57400
  0
SEQEND
  8
PLACEMENT_OUTLINE_TOP
  0
SOLID
 5
F5E
  8
PADLAYER_TOP
 10
70.65000
 20
16.34900
 11
70.65000
 21
14.79900
 12
71.25000
 22
16.34900
 13
71.25000
 23
14.79900
  0
SOLID
 5
F5F
  8
PADLAYER_TOP
 10
69.35000
 20
16.34900
 11
69.35000
 21
14.79900
 12
69.95000
 22
16.34900
 13
69.95000
 23
14.79900
  0
SOLID
 5
F60
  8
PADLAYER_TOP
 10
68.05000
 20
16.34900
 11
68.05000
 21
14.79900
 12
68.65000
 22
16.34900
 13
68.65000
 23
14.79900
  0
SOLID
 5
F61
  8
PADLAYER_TOP
 10
66.75000
 20
16.34900
 11
66.75000
 21
14.79900
 12
67.35000
 22
16.34900
 13
67.35000
 23
14.79900
  0
SOLID
 5
F62
  8
PADLAYER_TOP
 10
66.75000
 20
10.94900
 11
66.75000
 21
9.39900
 12
67.35000
 22
10.94900
 13
67.35000
 23
9.39900
  0
SOLID
 5
F63
  8
PADLAYER_TOP
 10
68.05000
 20
10.94900
 11
68.05000
 21
9.39900
 12
68.65000
 22
10.94900
 13
68.65000
 23
9.39900
  0
SOLID
 5
F64
  8
PADLAYER_TOP
 10
69.35000
 20
10.94900
 11
69.35000
 21
9.39900
 12
69.95000
 22
10.94900
 13
69.95000
 23
9.39900
  0
SOLID
 5
F65
  8
PADLAYER_TOP
 10
70.65000
 20
10.94900
 11
70.65000
 21
9.39900
 12
71.25000
 22
10.94900
 13
71.25000
 23
9.39900
  0
SOLID
 5
F66
  8
PADLAYER_TOP
 10
67.45000
 20
11.57400
 11
70.55000
 21
11.57400
 12
67.45000
 22
14.17400
 13
70.55000
 23
14.17400
  0
POLYLINE
 5
F67
  8
LAYNR1
 66
1
 40
0.203200
 41
0.203200
  0
VERTEX
 5
F68
  8
LAYNR1
 10
72.10000
 20
78.40500
  0
VERTEX
 5
F69
  8
LAYNR1
 10
69.90000
 20
78.40500
  0
SEQEND
  8
LAYNR1
  0
POLYLINE
 5
F6A
  8
LAYNR1
 66
1
 70
1
 40
0.101600
 41
0.101600
  0
VERTEX
 5
F6B
  8
LAYNR1
 10
72.04920
 20
78.40500
 42
1.0
  0
VERTEX
 5
F6C
  8
LAYNR1
 10
72.15080
 20
78.40500
 42
1.0
  0
SEQEND
  8
LAYNR1
  0
POLYLINE
 5
F6D
  8
LAYNR1
 66
1
 70
1
 40
0.101600
 41
0.101600
  0
VERTEX
 5
F6E
  8
LAYNR1
 10
69.84920
 20
78.40500
 42
1.0
  0
VERTEX
 5
F6F
  8
LAYNR1
 10
69.95080
 20
78.40500
 42
1.0
  0
SEQEND
  8
LAYNR1
  0
POLYLINE
 5
F70
  8
PLACEMENT_OUTLINE_TOP
 66
1
 40
0.100000
 41
0.100000
  0
VERTEX
 5
F71
  8
PLACEMENT_OUTLINE_TOP
 10
72.75500
 20
82.09000
  0
VERTEX
 5
F72
  8
PLACEMENT_OUTLINE_TOP
 10
72.75500
 20
74.72000
  0
SEQEND
  8
PLACEMENT_OUTLINE_TOP
  0
POLYLINE
 5
F73
  8
PLACEMENT_OUTLINE_TOP
 66
1
 70
1
 40
0.050000
 41
0.050000
  0
VERTEX
 5
F74
  8
PLACEMENT_OUTLINE_TOP
 10
72.73000
 20
82.09000
 42
1.0
  0
VERTEX
 5
F75
  8
PLACEMENT_OUTLINE_TOP
 10
72.78000
 20
82.09000
 42
1.0
  0
SEQEND
  8
PLACEMENT_OUTLINE_TOP
  0
POLYLINE
 5
F76
  8
PLACEMENT_OUTLINE_TOP
 66
1
 70
1
 40
0.050000
 41
0.050000
  0
VERTEX
 5
F77
  8
PLACEMENT_OUTLINE_TOP
 10
72.73000
 20
74.72000
 42
1.0
  0
VERTEX
 5
F78
  8
PLACEMENT_OUTLINE_TOP
 10
72.78000
 20
74.72000
 42
1.0
  0
SEQEND
  8
PLACEMENT_OUTLINE_TOP
  0
POLYLINE
 5
F79
  8
PLACEMENT_OUTLINE_TOP
 66
1
 40
0.100000
 41
0.100000
  0
VERTEX
 5
F7A
  8
PLACEMENT_OUTLINE_TOP
 10
72.75500
 20
74.72000
  0
VERTEX
 5
F7B
  8
PLACEMENT_OUTLINE_TOP
 10
69.24500
 20
74.72000
  0
SEQEND
  8
PLACEMENT_OUTLINE_TOP
  0
POLYLINE
 5
F7C
  8
PLACEMENT_OUTLINE_TOP
 66
1
 70
1
 40
0.050000
 41
0.050000
  0
VERTEX
 5
F7D
  8
PLACEMENT_OUTLINE_TOP
 10
72.73000
 20
74.72000
 42
1.0
  0
VERTEX
 5
F7E
  8
PLACEMENT_OUTLINE_TOP
 10
72.78000
 20
74.72000
 42
1.0
  0
SEQEND
  8
PLACEMENT_OUTLINE_TOP
  0
POLYLINE
 5
F7F
  8
PLACEMENT_OUTLINE_TOP
 66
1
 70
1
 40
0.050000
 41
0.050000
  0
VERTEX
 5
F80
  8
PLACEMENT_OUTLINE_TOP
 10
69.22000
 20
74.72000
 42
1.0
  0
VERTEX
 5
F81
  8
PLACEMENT_OUTLINE_TOP
 10
69.27000
 20
74.72000
 42
1.0
  0
SEQEND
  8
PLACEMENT_OUTLINE_TOP
  0
POLYLINE
 5
F82
  8
PLACEMENT_OUTLINE_TOP
 66
1
 40
0.100000
 41
0.100000
  0
VERTEX
 5
F83
  8
PLACEMENT_OUTLINE_TOP
 10
69.24500
 20
74.72000
  0
VERTEX
 5
F84
  8
PLACEMENT_OUTLINE_TOP
 10
69.24500
 20
82.09000
  0
SEQEND
  8
PLACEMENT_OUTLINE_TOP
  0
POLYLINE
 5
F85
  8
PLACEMENT_OUTLINE_TOP
 66
1
 70
1
 40
0.050000
 41
0.050000
  0
VERTEX
 5
F86
  8
PLACEMENT_OUTLINE_TOP
 10
69.22000
 20
74.72000
 42
1.0
  0
VERTEX
 5
F87
  8
PLACEMENT_OUTLINE_TOP
 10
69.27000
 20
74.72000
 42
1.0
  0
SEQEND
  8
PLACEMENT_OUTLINE_TOP
  0
POLYLINE
 5
F88
  8
PLACEMENT_OUTLINE_TOP
 66
1
 70
1
 40
0.050000
 41
0.050000
  0
VERTEX
 5
F89
  8
PLACEMENT_OUTLINE_TOP
 10
69.22000
 20
82.09000
 42
1.0
  0
VERTEX
 5
F8A
  8
PLACEMENT_OUTLINE_TOP
 10
69.27000
 20
82.09000
 42
1.0
  0
SEQEND
  8
PLACEMENT_OUTLINE_TOP
  0
POLYLINE
 5
F8B
  8
PLACEMENT_OUTLINE_TOP
 66
1
 40
0.100000
 41
0.100000
  0
VERTEX
 5
F8C
  8
PLACEMENT_OUTLINE_TOP
 10
69.24500
 20
82.09000
  0
VERTEX
 5
F8D
  8
PLACEMENT_OUTLINE_TOP
 10
72.75500
 20
82.09000
  0
SEQEND
  8
PLACEMENT_OUTLINE_TOP
  0
POLYLINE
 5
F8E
  8
PLACEMENT_OUTLINE_TOP
 66
1
 70
1
 40
0.050000
 41
0.050000
  0
VERTEX
 5
F8F
  8
PLACEMENT_OUTLINE_TOP
 10
69.22000
 20
82.09000
 42
1.0
  0
VERTEX
 5
F90
  8
PLACEMENT_OUTLINE_TOP
 10
69.27000
 20
82.09000
 42
1.0
  0
SEQEND
  8
PLACEMENT_OUTLINE_TOP
  0
POLYLINE
 5
F91
  8
PLACEMENT_OUTLINE_TOP
 66
1
 70
1
 40
0.050000
 41
0.050000
  0
VERTEX
 5
F92
  8
PLACEMENT_OUTLINE_TOP
 10
72.73000
 20
82.09000
 42
1.0
  0
VERTEX
 5
F93
  8
PLACEMENT_OUTLINE_TOP
 10
72.78000
 20
82.09000
 42
1.0
  0
SEQEND
  8
PLACEMENT_OUTLINE_TOP
  0
SOLID
 5
F94
  8
PADLAYER_TOP
 10
69.75000
 20
79.40500
 11
72.25000
 21
79.40500
 12
69.75000
 22
80.40500
 13
72.25000
 23
80.40500
  0
SOLID
 5
F95
  8
PADLAYER_TOP
 10
69.75000
 20
76.40500
 11
72.25000
 21
76.40500
 12
69.75000
 22
77.40500
 13
72.25000
 23
77.40500
  0
POLYLINE
 5
F96
  8
LAYNR1
 66
1
 40
0.203200
 41
0.203200
  0
VERTEX
 5
F97
  8
LAYNR1
 10
68.10000
 20
78.40500
  0
VERTEX
 5
F98
  8
LAYNR1
 10
65.90000
 20
78.40500
  0
SEQEND
  8
LAYNR1
  0
POLYLINE
 5
F99
  8
LAYNR1
 66
1
 70
1
 40
0.101600
 41
0.101600
  0
VERTEX
 5
F9A
  8
LAYNR1
 10
68.04920
 20
78.40500
 42
1.0
  0
VERTEX
 5
F9B
  8
LAYNR1
 10
68.15080
 20
78.40500
 42
1.0
  0
SEQEND
  8
LAYNR1
  0
POLYLINE
 5
F9C
  8
LAYNR1
 66
1
 70
1
 40
0.101600
 41
0.101600
  0
VERTEX
 5
F9D
  8
LAYNR1
 10
65.84920
 20
78.40500
 42
1.0
  0
VERTEX
 5
F9E
  8
LAYNR1
 10
65.95080
 20
78.40500
 42
1.0
  0
SEQEND
  8
LAYNR1
  0
POLYLINE
 5
F9F
  8
PLACEMENT_OUTLINE_TOP
 66
1
 40
0.100000
 41
0.100000
  0
VERTEX
 5
FA0
  8
PLACEMENT_OUTLINE_TOP
 10
68.75500
 20
82.09000
  0
VERTEX
 5
FA1
  8
PLACEMENT_OUTLINE_TOP
 10
68.75500
 20
74.72000
  0
SEQEND
  8
PLACEMENT_OUTLINE_TOP
  0
POLYLINE
 5
FA2
  8
PLACEMENT_OUTLINE_TOP
 66
1
 70
1
 40
0.050000
 41
0.050000
  0
VERTEX
 5
FA3
  8
PLACEMENT_OUTLINE_TOP
 10
68.73000
 20
82.09000
 42
1.0
  0
VERTEX
 5
FA4
  8
PLACEMENT_OUTLINE_TOP
 10
68.78000
 20
82.09000
 42
1.0
  0
SEQEND
  8
PLACEMENT_OUTLINE_TOP
  0
POLYLINE
 5
FA5
  8
PLACEMENT_OUTLINE_TOP
 66
1
 70
1
 40
0.050000
 41
0.050000
  0
VERTEX
 5
FA6
  8
PLACEMENT_OUTLINE_TOP
 10
68.73000
 20
74.72000
 42
1.0
  0
VERTEX
 5
FA7
  8
PLACEMENT_OUTLINE_TOP
 10
68.78000
 20
74.72000
 42
1.0
  0
SEQEND
  8
PLACEMENT_OUTLINE_TOP
  0
POLYLINE
 5
FA8
  8
PLACEMENT_OUTLINE_TOP
 66
1
 40
0.100000
 41
0.100000
  0
VERTEX
 5
FA9
  8
PLACEMENT_OUTLINE_TOP
 10
68.75500
 20
74.72000
  0
VERTEX
 5
FAA
  8
PLACEMENT_OUTLINE_TOP
 10
65.24500
 20
74.72000
  0
SEQEND
  8
PLACEMENT_OUTLINE_TOP
  0
POLYLINE
 5
FAB
  8
PLACEMENT_OUTLINE_TOP
 66
1
 70
1
 40
0.050000
 41
0.050000
  0
VERTEX
 5
FAC
  8
PLACEMENT_OUTLINE_TOP
 10
68.73000
 20
74.72000
 42
1.0
  0
VERTEX
 5
FAD
  8
PLACEMENT_OUTLINE_TOP
 10
68.78000
 20
74.72000
 42
1.0
  0
SEQEND
  8
PLACEMENT_OUTLINE_TOP
  0
POLYLINE
 5
FAE
  8
PLACEMENT_OUTLINE_TOP
 66
1
 70
1
 40
0.050000
 41
0.050000
  0
VERTEX
 5
FAF
  8
PLACEMENT_OUTLINE_TOP
 10
65.22000
 20
74.72000
 42
1.0
  0
VERTEX
 5
FB0
  8
PLACEMENT_OUTLINE_TOP
 10
65.27000
 20
74.72000
 42
1.0
  0
SEQEND
  8
PLACEMENT_OUTLINE_TOP
  0
POLYLINE
 5
FB1
  8
PLACEMENT_OUTLINE_TOP
 66
1
 40
0.100000
 41
0.100000
  0
VERTEX
 5
FB2
  8
PLACEMENT_OUTLINE_TOP
 10
65.24500
 20
74.72000
  0
VERTEX
 5
FB3
  8
PLACEMENT_OUTLINE_TOP
 10
65.24500
 20
82.09000
  0
SEQEND
  8
PLACEMENT_OUTLINE_TOP
  0
POLYLINE
 5
FB4
  8
PLACEMENT_OUTLINE_TOP
 66
1
 70
1
 40
0.050000
 41
0.050000
  0
VERTEX
 5
FB5
  8
PLACEMENT_OUTLINE_TOP
 10
65.22000
 20
74.72000
 42
1.0
  0
VERTEX
 5
FB6
  8
PLACEMENT_OUTLINE_TOP
 10
65.27000
 20
74.72000
 42
1.0
  0
SEQEND
  8
PLACEMENT_OUTLINE_TOP
  0
POLYLINE
 5
FB7
  8
PLACEMENT_OUTLINE_TOP
 66
1
 70
1
 40
0.050000
 41
0.050000
  0
VERTEX
 5
FB8
  8
PLACEMENT_OUTLINE_TOP
 10
65.22000
 20
82.09000
 42
1.0
  0
VERTEX
 5
FB9
  8
PLACEMENT_OUTLINE_TOP
 10
65.27000
 20
82.09000
 42
1.0
  0
SEQEND
  8
PLACEMENT_OUTLINE_TOP
  0
POLYLINE
 5
FBA
  8
PLACEMENT_OUTLINE_TOP
 66
1
 40
0.100000
 41
0.100000
  0
VERTEX
 5
FBB
  8
PLACEMENT_OUTLINE_TOP
 10
65.24500
 20
82.09000
  0
VERTEX
 5
FBC
  8
PLACEMENT_OUTLINE_TOP
 10
68.75500
 20
82.09000
  0
SEQEND
  8
PLACEMENT_OUTLINE_TOP
  0
POLYLINE
 5
FBD
  8
PLACEMENT_OUTLINE_TOP
 66
1
 70
1
 40
0.050000
 41
0.050000
  0
VERTEX
 5
FBE
  8
PLACEMENT_OUTLINE_TOP
 10
65.22000
 20
82.09000
 42
1.0
  0
VERTEX
 5
FBF
  8
PLACEMENT_OUTLINE_TOP
 10
65.27000
 20
82.09000
 42
1.0
  0
SEQEND
  8
PLACEMENT_OUTLINE_TOP
  0
POLYLINE
 5
FC0
  8
PLACEMENT_OUTLINE_TOP
 66
1
 70
1
 40
0.050000
 41
0.050000
  0
VERTEX
 5
FC1
  8
PLACEMENT_OUTLINE_TOP
 10
68.73000
 20
82.09000
 42
1.0
  0
VERTEX
 5
FC2
  8
PLACEMENT_OUTLINE_TOP
 10
68.78000
 20
82.09000
 42
1.0
  0
SEQEND
  8
PLACEMENT_OUTLINE_TOP
  0
SOLID
 5
FC3
  8
PADLAYER_TOP
 10
65.75000
 20
79.40500
 11
68.25000
 21
79.40500
 12
65.75000
 22
80.40500
 13
68.25000
 23
80.40500
  0
SOLID
 5
FC4
  8
PADLAYER_TOP
 10
65.75000
 20
76.40500
 11
68.25000
 21
76.40500
 12
65.75000
 22
77.40500
 13
68.25000
 23
77.40500
  0
POLYLINE
 5
FC5
  8
2DLINES_1
 66
1
 40
0.152400
 41
0.152400
  0
VERTEX
 5
FC6
  8
2DLINES_1
 10
65.19800
 20
43.86300
  0
VERTEX
 5
FC7
  8
2DLINES_1
 10
76.69800
 20
43.86300
  0
SEQEND
  8
2DLINES_1
  0
POLYLINE
 5
FC8
  8
2DLINES_1
 66
1
 70
1
 40
0.076200
 41
0.076200
  0
VERTEX
 5
FC9
  8
2DLINES_1
 10
65.15990
 20
43.86300
 42
1.0
  0
VERTEX
 5
FCA
  8
2DLINES_1
 10
65.23610
 20
43.86300
 42
1.0
  0
SEQEND
  8
2DLINES_1
  0
POLYLINE
 5
FCB
  8
2DLINES_1
 66
1
 70
1
 40
0.076200
 41
0.076200
  0
VERTEX
 5
FCC
  8
2DLINES_1
 10
76.65990
 20
43.86300
 42
1.0
  0
VERTEX
 5
FCD
  8
2DLINES_1
 10
76.73610
 20
43.86300
 42
1.0
  0
SEQEND
  8
2DLINES_1
  0
POLYLINE
 5
FCE
  8
2DLINES_1
 66
1
 40
0.152400
 41
0.152400
  0
VERTEX
 5
FCF
  8
2DLINES_1
 10
76.69800
 20
43.86300
  0
VERTEX
 5
FD0
  8
2DLINES_1
 10
76.69800
 20
33.36300
  0
SEQEND
  8
2DLINES_1
  0
POLYLINE
 5
FD1
  8
2DLINES_1
 66
1
 70
1
 40
0.076200
 41
0.076200
  0
VERTEX
 5
FD2
  8
2DLINES_1
 10
76.65990
 20
43.86300
 42
1.0
  0
VERTEX
 5
FD3
  8
2DLINES_1
 10
76.73610
 20
43.86300
 42
1.0
  0
SEQEND
  8
2DLINES_1
  0
POLYLINE
 5
FD4
  8
2DLINES_1
 66
1
 70
1
 40
0.076200
 41
0.076200
  0
VERTEX
 5
FD5
  8
2DLINES_1
 10
76.65990
 20
33.36300
 42
1.0
  0
VERTEX
 5
FD6
  8
2DLINES_1
 10
76.73610
 20
33.36300
 42
1.0
  0
SEQEND
  8
2DLINES_1
  0
POLYLINE
 5
FD7
  8
2DLINES_1
 66
1
 40
0.152400
 41
0.152400
  0
VERTEX
 5
FD8
  8
2DLINES_1
 10
76.69800
 20
33.36300
  0
VERTEX
 5
FD9
  8
2DLINES_1
 10
65.19800
 20
33.36300
  0
SEQEND
  8
2DLINES_1
  0
POLYLINE
 5
FDA
  8
2DLINES_1
 66
1
 70
1
 40
0.076200
 41
0.076200
  0
VERTEX
 5
FDB
  8
2DLINES_1
 10
76.65990
 20
33.36300
 42
1.0
  0
VERTEX
 5
FDC
  8
2DLINES_1
 10
76.73610
 20
33.36300
 42
1.0
  0
SEQEND
  8
2DLINES_1
  0
POLYLINE
 5
FDD
  8
2DLINES_1
 66
1
 70
1
 40
0.076200
 41
0.076200
  0
VERTEX
 5
FDE
  8
2DLINES_1
 10
65.15990
 20
33.36300
 42
1.0
  0
VERTEX
 5
FDF
  8
2DLINES_1
 10
65.23610
 20
33.36300
 42
1.0
  0
SEQEND
  8
2DLINES_1
  0
POLYLINE
 5
FE0
  8
2DLINES_1
 66
1
 40
0.152400
 41
0.152400
  0
VERTEX
 5
FE1
  8
2DLINES_1
 10
65.19800
 20
33.36300
  0
VERTEX
 5
FE2
  8
2DLINES_1
 10
65.19800
 20
43.86300
  0
SEQEND
  8
2DLINES_1
  0
POLYLINE
 5
FE3
  8
2DLINES_1
 66
1
 70
1
 40
0.076200
 41
0.076200
  0
VERTEX
 5
FE4
  8
2DLINES_1
 10
65.15990
 20
33.36300
 42
1.0
  0
VERTEX
 5
FE5
  8
2DLINES_1
 10
65.23610
 20
33.36300
 42
1.0
  0
SEQEND
  8
2DLINES_1
  0
POLYLINE
 5
FE6
  8
2DLINES_1
 66
1
 70
1
 40
0.076200
 41
0.076200
  0
VERTEX
 5
FE7
  8
2DLINES_1
 10
65.15990
 20
43.86300
 42
1.0
  0
VERTEX
 5
FE8
  8
2DLINES_1
 10
65.23610
 20
43.86300
 42
1.0
  0
SEQEND
  8
2DLINES_1
  0
POLYLINE
 5
FE9
  8
PLACEMENT_OUTLINE_TOP
 66
1
 40
0.152400
 41
0.152400
  0
VERTEX
 5
FEA
  8
PLACEMENT_OUTLINE_TOP
 10
65.19800
 20
43.86300
  0
VERTEX
 5
FEB
  8
PLACEMENT_OUTLINE_TOP
 10
76.69800
 20
43.86300
  0
SEQEND
  8
PLACEMENT_OUTLINE_TOP
  0
POLYLINE
 5
FEC
  8
PLACEMENT_OUTLINE_TOP
 66
1
 70
1
 40
0.076200
 41
0.076200
  0
VERTEX
 5
FED
  8
PLACEMENT_OUTLINE_TOP
 10
65.15990
 20
43.86300
 42
1.0
  0
VERTEX
 5
FEE
  8
PLACEMENT_OUTLINE_TOP
 10
65.23610
 20
43.86300
 42
1.0
  0
SEQEND
  8
PLACEMENT_OUTLINE_TOP
  0
POLYLINE
 5
FEF
  8
PLACEMENT_OUTLINE_TOP
 66
1
 70
1
 40
0.076200
 41
0.076200
  0
VERTEX
 5
FF0
  8
PLACEMENT_OUTLINE_TOP
 10
76.65990
 20
43.86300
 42
1.0
  0
VERTEX
 5
FF1
  8
PLACEMENT_OUTLINE_TOP
 10
76.73610
 20
43.86300
 42
1.0
  0
SEQEND
  8
PLACEMENT_OUTLINE_TOP
  0
POLYLINE
 5
FF2
  8
PLACEMENT_OUTLINE_TOP
 66
1
 40
0.152400
 41
0.152400
  0
VERTEX
 5
FF3
  8
PLACEMENT_OUTLINE_TOP
 10
76.69800
 20
43.86300
  0
VERTEX
 5
FF4
  8
PLACEMENT_OUTLINE_TOP
 10
76.69800
 20
33.36300
  0
SEQEND
  8
PLACEMENT_OUTLINE_TOP
  0
POLYLINE
 5
FF5
  8
PLACEMENT_OUTLINE_TOP
 66
1
 70
1
 40
0.076200
 41
0.076200
  0
VERTEX
 5
FF6
  8
PLACEMENT_OUTLINE_TOP
 10
76.65990
 20
43.86300
 42
1.0
  0
VERTEX
 5
FF7
  8
PLACEMENT_OUTLINE_TOP
 10
76.73610
 20
43.86300
 42
1.0
  0
SEQEND
  8
PLACEMENT_OUTLINE_TOP
  0
POLYLINE
 5
FF8
  8
PLACEMENT_OUTLINE_TOP
 66
1
 70
1
 40
0.076200
 41
0.076200
  0
VERTEX
 5
FF9
  8
PLACEMENT_OUTLINE_TOP
 10
76.65990
 20
33.36300
 42
1.0
  0
VERTEX
 5
FFA
  8
PLACEMENT_OUTLINE_TOP
 10
76.73610
 20
33.36300
 42
1.0
  0
SEQEND
  8
PLACEMENT_OUTLINE_TOP
  0
POLYLINE
 5
FFB
  8
PLACEMENT_OUTLINE_TOP
 66
1
 40
0.152400
 41
0.152400
  0
VERTEX
 5
FFC
  8
PLACEMENT_OUTLINE_TOP
 10
76.69800
 20
33.36300
  0
VERTEX
 5
FFD
  8
PLACEMENT_OUTLINE_TOP
 10
65.19800
 20
33.36300
  0
SEQEND
  8
PLACEMENT_OUTLINE_TOP
  0
POLYLINE
 5
FFE
  8
PLACEMENT_OUTLINE_TOP
 66
1
 70
1
 40
0.076200
 41
0.076200
  0
VERTEX
 5
FFF
  8
PLACEMENT_OUTLINE_TOP
 10
76.65990
 20
33.36300
 42
1.0
  0
VERTEX
 5
1000
  8
PLACEMENT_OUTLINE_TOP
 10
76.73610
 20
33.36300
 42
1.0
  0
SEQEND
  8
PLACEMENT_OUTLINE_TOP
  0
POLYLINE
 5
1001
  8
PLACEMENT_OUTLINE_TOP
 66
1
 70
1
 40
0.076200
 41
0.076200
  0
VERTEX
 5
1002
  8
PLACEMENT_OUTLINE_TOP
 10
65.15990
 20
33.36300
 42
1.0
  0
VERTEX
 5
1003
  8
PLACEMENT_OUTLINE_TOP
 10
65.23610
 20
33.36300
 42
1.0
  0
SEQEND
  8
PLACEMENT_OUTLINE_TOP
  0
POLYLINE
 5
1004
  8
PLACEMENT_OUTLINE_TOP
 66
1
 40
0.152400
 41
0.152400
  0
VERTEX
 5
1005
  8
PLACEMENT_OUTLINE_TOP
 10
65.19800
 20
33.36300
  0
VERTEX
 5
1006
  8
PLACEMENT_OUTLINE_TOP
 10
65.19800
 20
43.86300
  0
SEQEND
  8
PLACEMENT_OUTLINE_TOP
  0
POLYLINE
 5
1007
  8
PLACEMENT_OUTLINE_TOP
 66
1
 70
1
 40
0.076200
 41
0.076200
  0
VERTEX
 5
1008
  8
PLACEMENT_OUTLINE_TOP
 10
65.15990
 20
33.36300
 42
1.0
  0
VERTEX
 5
1009
  8
PLACEMENT_OUTLINE_TOP
 10
65.23610
 20
33.36300
 42
1.0
  0
SEQEND
  8
PLACEMENT_OUTLINE_TOP
  0
POLYLINE
 5
100A
  8
PLACEMENT_OUTLINE_TOP
 66
1
 70
1
 40
0.076200
 41
0.076200
  0
VERTEX
 5
100B
  8
PLACEMENT_OUTLINE_TOP
 10
65.15990
 20
43.86300
 42
1.0
  0
VERTEX
 5
100C
  8
PLACEMENT_OUTLINE_TOP
 10
65.23610
 20
43.86300
 42
1.0
  0
SEQEND
  8
PLACEMENT_OUTLINE_TOP
  0
SOLID
 5
100D
  8
PADLAYER_TOP
 10
67.94800
 20
36.61300
 11
67.94800
 21
40.61300
 12
64.44800
 22
36.61300
 13
64.44800
 23
40.61300
  0
SOLID
 5
100E
  8
PADLAYER_TOP
 10
77.44800
 20
36.61300
 11
77.44800
 21
40.61300
 12
73.94800
 22
36.61300
 13
73.94800
 23
40.61300
  0
POLYLINE
 5
100F
  8
2DLINES_1
 66
1
 40
0.300000
 41
0.300000
  0
VERTEX
 5
1010
  8
2DLINES_1
 10
77.97800
 20
28.47400
 42
1.000000
  0
VERTEX
 5
1011
  8
2DLINES_1
 10
78.21800
 20
28.47400
 42
1.000000
  0
VERTEX
 5
1012
  8
2DLINES_1
 10
77.97800
 20
28.47400
  0
SEQEND
  8
2DLINES_1
  0
POLYLINE
 5
1013
  8
PLACEMENT_OUTLINE_TOP
 66
1
 40
0.300000
 41
0.300000
  0
VERTEX
 5
1014
  8
PLACEMENT_OUTLINE_TOP
 10
77.97800
 20
28.47400
 42
1.000000
  0
VERTEX
 5
1015
  8
PLACEMENT_OUTLINE_TOP
 10
78.21800
 20
28.47400
 42
1.000000
  0
VERTEX
 5
1016
  8
PLACEMENT_OUTLINE_TOP
 10
77.97800
 20
28.47400
  0
SEQEND
  8
PLACEMENT_OUTLINE_TOP
  0
SOLID
 5
1017
  8
PADLAYER_TOP
 10
77.54800
 20
27.70400
 11
78.14800
 21
27.70400
 12
77.54800
 22
27.94400
 13
78.14800
 23
27.94400
  0
SOLID
 5
1018
  8
PADLAYER_TOP
 10
77.32800
 20
29.02400
 11
77.32800
 21
28.42400
 12
77.56800
 22
29.02400
 13
77.56800
 23
28.42400
  0
SOLID
 5
1019
  8
PADLAYER_TOP
 10
76.82800
 20
29.02400
 11
76.82800
 21
28.42400
 12
77.06800
 22
29.02400
 13
77.06800
 23
28.42400
  0
SOLID
 5
101A
  8
PADLAYER_TOP
 10
76.32800
 20
29.02400
 11
76.32800
 21
28.42400
 12
76.56800
 22
29.02400
 13
76.56800
 23
28.42400
  0
SOLID
 5
101B
  8
PADLAYER_TOP
 10
75.82800
 20
29.02400
 11
75.82800
 21
28.42400
 12
76.06800
 22
29.02400
 13
76.06800
 23
28.42400
  0
SOLID
 5
101C
  8
PADLAYER_TOP
 10
75.32800
 20
29.02400
 11
75.32800
 21
28.42400
 12
75.56800
 22
29.02400
 13
75.56800
 23
28.42400
  0
SOLID
 5
101D
  8
PADLAYER_TOP
 10
74.82800
 20
29.02400
 11
74.82800
 21
28.42400
 12
75.06800
 22
29.02400
 13
75.06800
 23
28.42400
  0
SOLID
 5
101E
  8
PADLAYER_TOP
 10
74.32800
 20
29.02400
 11
74.32800
 21
28.42400
 12
74.56800
 22
29.02400
 13
74.56800
 23
28.42400
  0
SOLID
 5
101F
  8
PADLAYER_TOP
 10
73.82800
 20
29.02400
 11
73.82800
 21
28.42400
 12
74.06800
 22
29.02400
 13
74.06800
 23
28.42400
  0
SOLID
 5
1020
  8
PADLAYER_TOP
 10
73.24800
 20
27.70400
 11
73.84800
 21
27.70400
 12
73.24800
 22
27.94400
 13
73.84800
 23
27.94400
  0
SOLID
 5
1021
  8
PADLAYER_TOP
 10
73.24800
 20
26.20400
 11
73.84800
 21
26.20400
 12
73.24800
 22
26.44400
 13
73.84800
 23
26.44400
  0
SOLID
 5
1022
  8
PADLAYER_TOP
 10
73.82800
 20
25.72400
 11
73.82800
 21
25.12400
 12
74.06800
 22
25.72400
 13
74.06800
 23
25.12400
  0
SOLID
 5
1023
  8
PADLAYER_TOP
 10
74.32800
 20
25.72400
 11
74.32800
 21
25.12400
 12
74.56800
 22
25.72400
 13
74.56800
 23
25.12400
  0
SOLID
 5
1024
  8
PADLAYER_TOP
 10
74.82800
 20
25.72400
 11
74.82800
 21
25.12400
 12
75.06800
 22
25.72400
 13
75.06800
 23
25.12400
  0
SOLID
 5
1025
  8
PADLAYER_TOP
 10
75.32800
 20
25.72400
 11
75.32800
 21
25.12400
 12
75.56800
 22
25.72400
 13
75.56800
 23
25.12400
  0
SOLID
 5
1026
  8
PADLAYER_TOP
 10
75.82800
 20
25.72400
 11
75.82800
 21
25.12400
 12
76.06800
 22
25.72400
 13
76.06800
 23
25.12400
  0
SOLID
 5
1027
  8
PADLAYER_TOP
 10
76.32800
 20
25.72400
 11
76.32800
 21
25.12400
 12
76.56800
 22
25.72400
 13
76.56800
 23
25.12400
  0
SOLID
 5
1028
  8
PADLAYER_TOP
 10
76.82800
 20
25.72400
 11
76.82800
 21
25.12400
 12
77.06800
 22
25.72400
 13
77.06800
 23
25.12400
  0
SOLID
 5
1029
  8
PADLAYER_TOP
 10
77.32800
 20
25.72400
 11
77.32800
 21
25.12400
 12
77.56800
 22
25.72400
 13
77.56800
 23
25.12400
  0
SOLID
 5
102A
  8
PADLAYER_TOP
 10
77.54800
 20
26.20400
 11
78.14800
 21
26.20400
 12
77.54800
 22
26.44400
 13
78.14800
 23
26.44400
  0
SOLID
 5
102B
  8
PADLAYER_TOP
 10
74.17300
 20
26.04900
 11
77.22300
 21
26.04900
 12
74.17300
 22
28.09900
 13
77.22300
 23
28.09900
  0
POLYLINE
 5
102C
  8
LAYNR1
 66
1
 40
0.203200
 41
0.203200
  0
VERTEX
 5
102D
  8
LAYNR1
 10
71.61100
 20
27.07400
  0
VERTEX
 5
102E
  8
LAYNR1
 10
72.31100
 20
27.07400
  0
SEQEND
  8
LAYNR1
  0
POLYLINE
 5
102F
  8
LAYNR1
 66
1
 70
1
 40
0.101600
 41
0.101600
  0
VERTEX
 5
1030
  8
LAYNR1
 10
71.56020
 20
27.07400
 42
1.0
  0
VERTEX
 5
1031
  8
LAYNR1
 10
71.66180
 20
27.07400
 42
1.0
  0
SEQEND
  8
LAYNR1
  0
POLYLINE
 5
1032
  8
LAYNR1
 66
1
 70
1
 40
0.101600
 41
0.101600
  0
VERTEX
 5
1033
  8
LAYNR1
 10
72.26020
 20
27.07400
 42
1.0
  0
VERTEX
 5
1034
  8
LAYNR1
 10
72.36180
 20
27.07400
 42
1.0
  0
SEQEND
  8
LAYNR1
  0
POLYLINE
 5
1035
  8
PLACEMENT_OUTLINE_TOP
 66
1
 40
0.100000
 41
0.100000
  0
VERTEX
 5
1036
  8
PLACEMENT_OUTLINE_TOP
 10
71.32600
 20
28.47100
  0
VERTEX
 5
1037
  8
PLACEMENT_OUTLINE_TOP
 10
71.32600
 20
25.67700
  0
SEQEND
  8
PLACEMENT_OUTLINE_TOP
  0
POLYLINE
 5
1038
  8
PLACEMENT_OUTLINE_TOP
 66
1
 70
1
 40
0.050000
 41
0.050000
  0
VERTEX
 5
1039
  8
PLACEMENT_OUTLINE_TOP
 10
71.30100
 20
28.47100
 42
1.0
  0
VERTEX
 5
103A
  8
PLACEMENT_OUTLINE_TOP
 10
71.35100
 20
28.47100
 42
1.0
  0
SEQEND
  8
PLACEMENT_OUTLINE_TOP
  0
POLYLINE
 5
103B
  8
PLACEMENT_OUTLINE_TOP
 66
1
 70
1
 40
0.050000
 41
0.050000
  0
VERTEX
 5
103C
  8
PLACEMENT_OUTLINE_TOP
 10
71.30100
 20
25.67700
 42
1.0
  0
VERTEX
 5
103D
  8
PLACEMENT_OUTLINE_TOP
 10
71.35100
 20
25.67700
 42
1.0
  0
SEQEND
  8
PLACEMENT_OUTLINE_TOP
  0
POLYLINE
 5
103E
  8
PLACEMENT_OUTLINE_TOP
 66
1
 40
0.100000
 41
0.100000
  0
VERTEX
 5
103F
  8
PLACEMENT_OUTLINE_TOP
 10
71.32600
 20
25.67700
  0
VERTEX
 5
1040
  8
PLACEMENT_OUTLINE_TOP
 10
72.59600
 20
25.67700
  0
SEQEND
  8
PLACEMENT_OUTLINE_TOP
  0
POLYLINE
 5
1041
  8
PLACEMENT_OUTLINE_TOP
 66
1
 70
1
 40
0.050000
 41
0.050000
  0
VERTEX
 5
1042
  8
PLACEMENT_OUTLINE_TOP
 10
71.30100
 20
25.67700
 42
1.0
  0
VERTEX
 5
1043
  8
PLACEMENT_OUTLINE_TOP
 10
71.35100
 20
25.67700
 42
1.0
  0
SEQEND
  8
PLACEMENT_OUTLINE_TOP
  0
POLYLINE
 5
1044
  8
PLACEMENT_OUTLINE_TOP
 66
1
 70
1
 40
0.050000
 41
0.050000
  0
VERTEX
 5
1045
  8
PLACEMENT_OUTLINE_TOP
 10
72.57100
 20
25.67700
 42
1.0
  0
VERTEX
 5
1046
  8
PLACEMENT_OUTLINE_TOP
 10
72.62100
 20
25.67700
 42
1.0
  0
SEQEND
  8
PLACEMENT_OUTLINE_TOP
  0
POLYLINE
 5
1047
  8
PLACEMENT_OUTLINE_TOP
 66
1
 40
0.100000
 41
0.100000
  0
VERTEX
 5
1048
  8
PLACEMENT_OUTLINE_TOP
 10
72.59600
 20
25.67700
  0
VERTEX
 5
1049
  8
PLACEMENT_OUTLINE_TOP
 10
72.59600
 20
28.47100
  0
SEQEND
  8
PLACEMENT_OUTLINE_TOP
  0
POLYLINE
 5
104A
  8
PLACEMENT_OUTLINE_TOP
 66
1
 70
1
 40
0.050000
 41
0.050000
  0
VERTEX
 5
104B
  8
PLACEMENT_OUTLINE_TOP
 10
72.57100
 20
25.67700
 42
1.0
  0
VERTEX
 5
104C
  8
PLACEMENT_OUTLINE_TOP
 10
72.62100
 20
25.67700
 42
1.0
  0
SEQEND
  8
PLACEMENT_OUTLINE_TOP
  0
POLYLINE
 5
104D
  8
PLACEMENT_OUTLINE_TOP
 66
1
 70
1
 40
0.050000
 41
0.050000
  0
VERTEX
 5
104E
  8
PLACEMENT_OUTLINE_TOP
 10
72.57100
 20
28.47100
 42
1.0
  0
VERTEX
 5
104F
  8
PLACEMENT_OUTLINE_TOP
 10
72.62100
 20
28.47100
 42
1.0
  0
SEQEND
  8
PLACEMENT_OUTLINE_TOP
  0
POLYLINE
 5
1050
  8
PLACEMENT_OUTLINE_TOP
 66
1
 40
0.100000
 41
0.100000
  0
VERTEX
 5
1051
  8
PLACEMENT_OUTLINE_TOP
 10
72.59600
 20
28.47100
  0
VERTEX
 5
1052
  8
PLACEMENT_OUTLINE_TOP
 10
71.32600
 20
28.47100
  0
SEQEND
  8
PLACEMENT_OUTLINE_TOP
  0
POLYLINE
 5
1053
  8
PLACEMENT_OUTLINE_TOP
 66
1
 70
1
 40
0.050000
 41
0.050000
  0
VERTEX
 5
1054
  8
PLACEMENT_OUTLINE_TOP
 10
72.57100
 20
28.47100
 42
1.0
  0
VERTEX
 5
1055
  8
PLACEMENT_OUTLINE_TOP
 10
72.62100
 20
28.47100
 42
1.0
  0
SEQEND
  8
PLACEMENT_OUTLINE_TOP
  0
POLYLINE
 5
1056
  8
PLACEMENT_OUTLINE_TOP
 66
1
 70
1
 40
0.050000
 41
0.050000
  0
VERTEX
 5
1057
  8
PLACEMENT_OUTLINE_TOP
 10
71.30100
 20
28.47100
 42
1.0
  0
VERTEX
 5
1058
  8
PLACEMENT_OUTLINE_TOP
 10
71.35100
 20
28.47100
 42
1.0
  0
SEQEND
  8
PLACEMENT_OUTLINE_TOP
  0
SOLID
 5
1059
  8
PADLAYER_TOP
 10
72.41820
 20
25.85480
 11
72.41820
 21
26.76920
 12
71.50380
 22
25.85480
 13
71.50380
 23
26.76920
  0
SOLID
 5
105A
  8
PADLAYER_TOP
 10
72.41820
 20
27.37880
 11
72.41820
 21
28.29320
 12
71.50380
 22
27.37880
 13
71.50380
 23
28.29320
  0
POLYLINE
 5
105B
  8
LAYNR1
 66
1
 40
0.203200
 41
0.203200
  0
VERTEX
 5
105C
  8
LAYNR1
 10
80.25000
 20
27.47400
  0
VERTEX
 5
105D
  8
LAYNR1
 10
80.25000
 20
28.17400
  0
SEQEND
  8
LAYNR1
  0
POLYLINE
 5
105E
  8
LAYNR1
 66
1
 70
1
 40
0.101600
 41
0.101600
  0
VERTEX
 5
105F
  8
LAYNR1
 10
80.19920
 20
27.47400
 42
1.0
  0
VERTEX
 5
1060
  8
LAYNR1
 10
80.30080
 20
27.47400
 42
1.0
  0
SEQEND
  8
LAYNR1
  0
POLYLINE
 5
1061
  8
LAYNR1
 66
1
 70
1
 40
0.101600
 41
0.101600
  0
VERTEX
 5
1062
  8
LAYNR1
 10
80.19920
 20
28.17400
 42
1.0
  0
VERTEX
 5
1063
  8
LAYNR1
 10
80.30080
 20
28.17400
 42
1.0
  0
SEQEND
  8
LAYNR1
  0
POLYLINE
 5
1064
  8
PLACEMENT_OUTLINE_TOP
 66
1
 40
0.100000
 41
0.100000
  0
VERTEX
 5
1065
  8
PLACEMENT_OUTLINE_TOP
 10
78.85300
 20
27.18900
  0
VERTEX
 5
1066
  8
PLACEMENT_OUTLINE_TOP
 10
81.64700
 20
27.18900
  0
SEQEND
  8
PLACEMENT_OUTLINE_TOP
  0
POLYLINE
 5
1067
  8
PLACEMENT_OUTLINE_TOP
 66
1
 70
1
 40
0.050000
 41
0.050000
  0
VERTEX
 5
1068
  8
PLACEMENT_OUTLINE_TOP
 10
78.82800
 20
27.18900
 42
1.0
  0
VERTEX
 5
1069
  8
PLACEMENT_OUTLINE_TOP
 10
78.87800
 20
27.18900
 42
1.0
  0
SEQEND
  8
PLACEMENT_OUTLINE_TOP
  0
POLYLINE
 5
106A
  8
PLACEMENT_OUTLINE_TOP
 66
1
 70
1
 40
0.050000
 41
0.050000
  0
VERTEX
 5
106B
  8
PLACEMENT_OUTLINE_TOP
 10
81.62200
 20
27.18900
 42
1.0
  0
VERTEX
 5
106C
  8
PLACEMENT_OUTLINE_TOP
 10
81.67200
 20
27.18900
 42
1.0
  0
SEQEND
  8
PLACEMENT_OUTLINE_TOP
  0
POLYLINE
 5
106D
  8
PLACEMENT_OUTLINE_TOP
 66
1
 40
0.100000
 41
0.100000
  0
VERTEX
 5
106E
  8
PLACEMENT_OUTLINE_TOP
 10
81.64700
 20
27.18900
  0
VERTEX
 5
106F
  8
PLACEMENT_OUTLINE_TOP
 10
81.64700
 20
28.45900
  0
SEQEND
  8
PLACEMENT_OUTLINE_TOP
  0
POLYLINE
 5
1070
  8
PLACEMENT_OUTLINE_TOP
 66
1
 70
1
 40
0.050000
 41
0.050000
  0
VERTEX
 5
1071
  8
PLACEMENT_OUTLINE_TOP
 10
81.62200
 20
27.18900
 42
1.0
  0
VERTEX
 5
1072
  8
PLACEMENT_OUTLINE_TOP
 10
81.67200
 20
27.18900
 42
1.0
  0
SEQEND
  8
PLACEMENT_OUTLINE_TOP
  0
POLYLINE
 5
1073
  8
PLACEMENT_OUTLINE_TOP
 66
1
 70
1
 40
0.050000
 41
0.050000
  0
VERTEX
 5
1074
  8
PLACEMENT_OUTLINE_TOP
 10
81.62200
 20
28.45900
 42
1.0
  0
VERTEX
 5
1075
  8
PLACEMENT_OUTLINE_TOP
 10
81.67200
 20
28.45900
 42
1.0
  0
SEQEND
  8
PLACEMENT_OUTLINE_TOP
  0
POLYLINE
 5
1076
  8
PLACEMENT_OUTLINE_TOP
 66
1
 40
0.100000
 41
0.100000
  0
VERTEX
 5
1077
  8
PLACEMENT_OUTLINE_TOP
 10
81.64700
 20
28.45900
  0
VERTEX
 5
1078
  8
PLACEMENT_OUTLINE_TOP
 10
78.85300
 20
28.45900
  0
SEQEND
  8
PLACEMENT_OUTLINE_TOP
  0
POLYLINE
 5
1079
  8
PLACEMENT_OUTLINE_TOP
 66
1
 70
1
 40
0.050000
 41
0.050000
  0
VERTEX
 5
107A
  8
PLACEMENT_OUTLINE_TOP
 10
81.62200
 20
28.45900
 42
1.0
  0
VERTEX
 5
107B
  8
PLACEMENT_OUTLINE_TOP
 10
81.67200
 20
28.45900
 42
1.0
  0
SEQEND
  8
PLACEMENT_OUTLINE_TOP
  0
POLYLINE
 5
107C
  8
PLACEMENT_OUTLINE_TOP
 66
1
 70
1
 40
0.050000
 41
0.050000
  0
VERTEX
 5
107D
  8
PLACEMENT_OUTLINE_TOP
 10
78.82800
 20
28.45900
 42
1.0
  0
VERTEX
 5
107E
  8
PLACEMENT_OUTLINE_TOP
 10
78.87800
 20
28.45900
 42
1.0
  0
SEQEND
  8
PLACEMENT_OUTLINE_TOP
  0
POLYLINE
 5
107F
  8
PLACEMENT_OUTLINE_TOP
 66
1
 40
0.100000
 41
0.100000
  0
VERTEX
 5
1080
  8
PLACEMENT_OUTLINE_TOP
 10
78.85300
 20
28.45900
  0
VERTEX
 5
1081
  8
PLACEMENT_OUTLINE_TOP
 10
78.85300
 20
27.18900
  0
SEQEND
  8
PLACEMENT_OUTLINE_TOP
  0
POLYLINE
 5
1082
  8
PLACEMENT_OUTLINE_TOP
 66
1
 70
1
 40
0.050000
 41
0.050000
  0
VERTEX
 5
1083
  8
PLACEMENT_OUTLINE_TOP
 10
78.82800
 20
28.45900
 42
1.0
  0
VERTEX
 5
1084
  8
PLACEMENT_OUTLINE_TOP
 10
78.87800
 20
28.45900
 42
1.0
  0
SEQEND
  8
PLACEMENT_OUTLINE_TOP
  0
POLYLINE
 5
1085
  8
PLACEMENT_OUTLINE_TOP
 66
1
 70
1
 40
0.050000
 41
0.050000
  0
VERTEX
 5
1086
  8
PLACEMENT_OUTLINE_TOP
 10
78.82800
 20
27.18900
 42
1.0
  0
VERTEX
 5
1087
  8
PLACEMENT_OUTLINE_TOP
 10
78.87800
 20
27.18900
 42
1.0
  0
SEQEND
  8
PLACEMENT_OUTLINE_TOP
  0
SOLID
 5
1088
  8
PADLAYER_TOP
 10
81.46920
 20
28.28120
 11
80.55480
 21
28.28120
 12
81.46920
 22
27.36680
 13
80.55480
 23
27.36680
  0
SOLID
 5
1089
  8
PADLAYER_TOP
 10
79.94520
 20
28.28120
 11
79.03080
 21
28.28120
 12
79.94520
 22
27.36680
 13
79.03080
 23
27.36680
  0
POLYLINE
 5
108A
  8
LAYNR1
 66
1
 40
0.203200
 41
0.203200
  0
VERTEX
 5
108B
  8
LAYNR1
 10
81.78800
 20
22.77400
  0
VERTEX
 5
108C
  8
LAYNR1
 10
81.78800
 20
22.07400
  0
SEQEND
  8
LAYNR1
  0
POLYLINE
 5
108D
  8
LAYNR1
 66
1
 70
1
 40
0.101600
 41
0.101600
  0
VERTEX
 5
108E
  8
LAYNR1
 10
81.73720
 20
22.77400
 42
1.0
  0
VERTEX
 5
108F
  8
LAYNR1
 10
81.83880
 20
22.77400
 42
1.0
  0
SEQEND
  8
LAYNR1
  0
POLYLINE
 5
1090
  8
LAYNR1
 66
1
 70
1
 40
0.101600
 41
0.101600
  0
VERTEX
 5
1091
  8
LAYNR1
 10
81.73720
 20
22.07400
 42
1.0
  0
VERTEX
 5
1092
  8
LAYNR1
 10
81.83880
 20
22.07400
 42
1.0
  0
SEQEND
  8
LAYNR1
  0
POLYLINE
 5
1093
  8
PLACEMENT_OUTLINE_TOP
 66
1
 40
0.100000
 41
0.100000
  0
VERTEX
 5
1094
  8
PLACEMENT_OUTLINE_TOP
 10
83.18500
 20
23.05900
  0
VERTEX
 5
1095
  8
PLACEMENT_OUTLINE_TOP
 10
80.39100
 20
23.05900
  0
SEQEND
  8
PLACEMENT_OUTLINE_TOP
  0
POLYLINE
 5
1096
  8
PLACEMENT_OUTLINE_TOP
 66
1
 70
1
 40
0.050000
 41
0.050000
  0
VERTEX
 5
1097
  8
PLACEMENT_OUTLINE_TOP
 10
83.16000
 20
23.05900
 42
1.0
  0
VERTEX
 5
1098
  8
PLACEMENT_OUTLINE_TOP
 10
83.21000
 20
23.05900
 42
1.0
  0
SEQEND
  8
PLACEMENT_OUTLINE_TOP
  0
POLYLINE
 5
1099
  8
PLACEMENT_OUTLINE_TOP
 66
1
 70
1
 40
0.050000
 41
0.050000
  0
VERTEX
 5
109A
  8
PLACEMENT_OUTLINE_TOP
 10
80.36600
 20
23.05900
 42
1.0
  0
VERTEX
 5
109B
  8
PLACEMENT_OUTLINE_TOP
 10
80.41600
 20
23.05900
 42
1.0
  0
SEQEND
  8
PLACEMENT_OUTLINE_TOP
  0
POLYLINE
 5
109C
  8
PLACEMENT_OUTLINE_TOP
 66
1
 40
0.100000
 41
0.100000
  0
VERTEX
 5
109D
  8
PLACEMENT_OUTLINE_TOP
 10
80.39100
 20
23.05900
  0
VERTEX
 5
109E
  8
PLACEMENT_OUTLINE_TOP
 10
80.39100
 20
21.78900
  0
SEQEND
  8
PLACEMENT_OUTLINE_TOP
  0
POLYLINE
 5
109F
  8
PLACEMENT_OUTLINE_TOP
 66
1
 70
1
 40
0.050000
 41
0.050000
  0
VERTEX
 5
10A0
  8
PLACEMENT_OUTLINE_TOP
 10
80.36600
 20
23.05900
 42
1.0
  0
VERTEX
 5
10A1
  8
PLACEMENT_OUTLINE_TOP
 10
80.41600
 20
23.05900
 42
1.0
  0
SEQEND
  8
PLACEMENT_OUTLINE_TOP
  0
POLYLINE
 5
10A2
  8
PLACEMENT_OUTLINE_TOP
 66
1
 70
1
 40
0.050000
 41
0.050000
  0
VERTEX
 5
10A3
  8
PLACEMENT_OUTLINE_TOP
 10
80.36600
 20
21.78900
 42
1.0
  0
VERTEX
 5
10A4
  8
PLACEMENT_OUTLINE_TOP
 10
80.41600
 20
21.78900
 42
1.0
  0
SEQEND
  8
PLACEMENT_OUTLINE_TOP
  0
POLYLINE
 5
10A5
  8
PLACEMENT_OUTLINE_TOP
 66
1
 40
0.100000
 41
0.100000
  0
VERTEX
 5
10A6
  8
PLACEMENT_OUTLINE_TOP
 10
80.39100
 20
21.78900
  0
VERTEX
 5
10A7
  8
PLACEMENT_OUTLINE_TOP
 10
83.18500
 20
21.78900
  0
SEQEND
  8
PLACEMENT_OUTLINE_TOP
  0
POLYLINE
 5
10A8
  8
PLACEMENT_OUTLINE_TOP
 66
1
 70
1
 40
0.050000
 41
0.050000
  0
VERTEX
 5
10A9
  8
PLACEMENT_OUTLINE_TOP
 10
80.36600
 20
21.78900
 42
1.0
  0
VERTEX
 5
10AA
  8
PLACEMENT_OUTLINE_TOP
 10
80.41600
 20
21.78900
 42
1.0
  0
SEQEND
  8
PLACEMENT_OUTLINE_TOP
  0
POLYLINE
 5
10AB
  8
PLACEMENT_OUTLINE_TOP
 66
1
 70
1
 40
0.050000
 41
0.050000
  0
VERTEX
 5
10AC
  8
PLACEMENT_OUTLINE_TOP
 10
83.16000
 20
21.78900
 42
1.0
  0
VERTEX
 5
10AD
  8
PLACEMENT_OUTLINE_TOP
 10
83.21000
 20
21.78900
 42
1.0
  0
SEQEND
  8
PLACEMENT_OUTLINE_TOP
  0
POLYLINE
 5
10AE
  8
PLACEMENT_OUTLINE_TOP
 66
1
 40
0.100000
 41
0.100000
  0
VERTEX
 5
10AF
  8
PLACEMENT_OUTLINE_TOP
 10
83.18500
 20
21.78900
  0
VERTEX
 5
10B0
  8
PLACEMENT_OUTLINE_TOP
 10
83.18500
 20
23.05900
  0
SEQEND
  8
PLACEMENT_OUTLINE_TOP
  0
POLYLINE
 5
10B1
  8
PLACEMENT_OUTLINE_TOP
 66
1
 70
1
 40
0.050000
 41
0.050000
  0
VERTEX
 5
10B2
  8
PLACEMENT_OUTLINE_TOP
 10
83.16000
 20
21.78900
 42
1.0
  0
VERTEX
 5
10B3
  8
PLACEMENT_OUTLINE_TOP
 10
83.21000
 20
21.78900
 42
1.0
  0
SEQEND
  8
PLACEMENT_OUTLINE_TOP
  0
POLYLINE
 5
10B4
  8
PLACEMENT_OUTLINE_TOP
 66
1
 70
1
 40
0.050000
 41
0.050000
  0
VERTEX
 5
10B5
  8
PLACEMENT_OUTLINE_TOP
 10
83.16000
 20
23.05900
 42
1.0
  0
VERTEX
 5
10B6
  8
PLACEMENT_OUTLINE_TOP
 10
83.21000
 20
23.05900
 42
1.0
  0
SEQEND
  8
PLACEMENT_OUTLINE_TOP
  0
SOLID
 5
10B7
  8
PADLAYER_TOP
 10
80.56880
 20
21.96680
 11
81.48320
 21
21.96680
 12
80.56880
 22
22.88120
 13
81.48320
 23
22.88120
  0
SOLID
 5
10B8
  8
PADLAYER_TOP
 10
82.09280
 20
21.96680
 11
83.00720
 21
21.96680
 12
82.09280
 22
22.88120
 13
83.00720
 23
22.88120
  0
POLYLINE
 5
10B9
  8
LAYNR1
 66
1
 40
0.203200
 41
0.203200
  0
VERTEX
 5
10BA
  8
LAYNR1
 10
74.09800
 20
31.02400
  0
VERTEX
 5
10BB
  8
LAYNR1
 10
74.09800
 20
30.32400
  0
SEQEND
  8
LAYNR1
  0
POLYLINE
 5
10BC
  8
LAYNR1
 66
1
 70
1
 40
0.101600
 41
0.101600
  0
VERTEX
 5
10BD
  8
LAYNR1
 10
74.04720
 20
31.02400
 42
1.0
  0
VERTEX
 5
10BE
  8
LAYNR1
 10
74.14880
 20
31.02400
 42
1.0
  0
SEQEND
  8
LAYNR1
  0
POLYLINE
 5
10BF
  8
LAYNR1
 66
1
 70
1
 40
0.101600
 41
0.101600
  0
VERTEX
 5
10C0
  8
LAYNR1
 10
74.04720
 20
30.32400
 42
1.0
  0
VERTEX
 5
10C1
  8
LAYNR1
 10
74.14880
 20
30.32400
 42
1.0
  0
SEQEND
  8
LAYNR1
  0
POLYLINE
 5
10C2
  8
PLACEMENT_OUTLINE_TOP
 66
1
 40
0.100000
 41
0.100000
  0
VERTEX
 5
10C3
  8
PLACEMENT_OUTLINE_TOP
 10
75.49500
 20
31.30900
  0
VERTEX
 5
10C4
  8
PLACEMENT_OUTLINE_TOP
 10
72.70100
 20
31.30900
  0
SEQEND
  8
PLACEMENT_OUTLINE_TOP
  0
POLYLINE
 5
10C5
  8
PLACEMENT_OUTLINE_TOP
 66
1
 70
1
 40
0.050000
 41
0.050000
  0
VERTEX
 5
10C6
  8
PLACEMENT_OUTLINE_TOP
 10
75.47000
 20
31.30900
 42
1.0
  0
VERTEX
 5
10C7
  8
PLACEMENT_OUTLINE_TOP
 10
75.52000
 20
31.30900
 42
1.0
  0
SEQEND
  8
PLACEMENT_OUTLINE_TOP
  0
POLYLINE
 5
10C8
  8
PLACEMENT_OUTLINE_TOP
 66
1
 70
1
 40
0.050000
 41
0.050000
  0
VERTEX
 5
10C9
  8
PLACEMENT_OUTLINE_TOP
 10
72.67600
 20
31.30900
 42
1.0
  0
VERTEX
 5
10CA
  8
PLACEMENT_OUTLINE_TOP
 10
72.72600
 20
31.30900
 42
1.0
  0
SEQEND
  8
PLACEMENT_OUTLINE_TOP
  0
POLYLINE
 5
10CB
  8
PLACEMENT_OUTLINE_TOP
 66
1
 40
0.100000
 41
0.100000
  0
VERTEX
 5
10CC
  8
PLACEMENT_OUTLINE_TOP
 10
72.70100
 20
31.30900
  0
VERTEX
 5
10CD
  8
PLACEMENT_OUTLINE_TOP
 10
72.70100
 20
30.03900
  0
SEQEND
  8
PLACEMENT_OUTLINE_TOP
  0
POLYLINE
 5
10CE
  8
PLACEMENT_OUTLINE_TOP
 66
1
 70
1
 40
0.050000
 41
0.050000
  0
VERTEX
 5
10CF
  8
PLACEMENT_OUTLINE_TOP
 10
72.67600
 20
31.30900
 42
1.0
  0
VERTEX
 5
10D0
  8
PLACEMENT_OUTLINE_TOP
 10
72.72600
 20
31.30900
 42
1.0
  0
SEQEND
  8
PLACEMENT_OUTLINE_TOP
  0
POLYLINE
 5
10D1
  8
PLACEMENT_OUTLINE_TOP
 66
1
 70
1
 40
0.050000
 41
0.050000
  0
VERTEX
 5
10D2
  8
PLACEMENT_OUTLINE_TOP
 10
72.67600
 20
30.03900
 42
1.0
  0
VERTEX
 5
10D3
  8
PLACEMENT_OUTLINE_TOP
 10
72.72600
 20
30.03900
 42
1.0
  0
SEQEND
  8
PLACEMENT_OUTLINE_TOP
  0
POLYLINE
 5
10D4
  8
PLACEMENT_OUTLINE_TOP
 66
1
 40
0.100000
 41
0.100000
  0
VERTEX
 5
10D5
  8
PLACEMENT_OUTLINE_TOP
 10
72.70100
 20
30.03900
  0
VERTEX
 5
10D6
  8
PLACEMENT_OUTLINE_TOP
 10
75.49500
 20
30.03900
  0
SEQEND
  8
PLACEMENT_OUTLINE_TOP
  0
POLYLINE
 5
10D7
  8
PLACEMENT_OUTLINE_TOP
 66
1
 70
1
 40
0.050000
 41
0.050000
  0
VERTEX
 5
10D8
  8
PLACEMENT_OUTLINE_TOP
 10
72.67600
 20
30.03900
 42
1.0
  0
VERTEX
 5
10D9
  8
PLACEMENT_OUTLINE_TOP
 10
72.72600
 20
30.03900
 42
1.0
  0
SEQEND
  8
PLACEMENT_OUTLINE_TOP
  0
POLYLINE
 5
10DA
  8
PLACEMENT_OUTLINE_TOP
 66
1
 70
1
 40
0.050000
 41
0.050000
  0
VERTEX
 5
10DB
  8
PLACEMENT_OUTLINE_TOP
 10
75.47000
 20
30.03900
 42
1.0
  0
VERTEX
 5
10DC
  8
PLACEMENT_OUTLINE_TOP
 10
75.52000
 20
30.03900
 42
1.0
  0
SEQEND
  8
PLACEMENT_OUTLINE_TOP
  0
POLYLINE
 5
10DD
  8
PLACEMENT_OUTLINE_TOP
 66
1
 40
0.100000
 41
0.100000
  0
VERTEX
 5
10DE
  8
PLACEMENT_OUTLINE_TOP
 10
75.49500
 20
30.03900
  0
VERTEX
 5
10DF
  8
PLACEMENT_OUTLINE_TOP
 10
75.49500
 20
31.30900
  0
SEQEND
  8
PLACEMENT_OUTLINE_TOP
  0
POLYLINE
 5
10E0
  8
PLACEMENT_OUTLINE_TOP
 66
1
 70
1
 40
0.050000
 41
0.050000
  0
VERTEX
 5
10E1
  8
PLACEMENT_OUTLINE_TOP
 10
75.47000
 20
30.03900
 42
1.0
  0
VERTEX
 5
10E2
  8
PLACEMENT_OUTLINE_TOP
 10
75.52000
 20
30.03900
 42
1.0
  0
SEQEND
  8
PLACEMENT_OUTLINE_TOP
  0
POLYLINE
 5
10E3
  8
PLACEMENT_OUTLINE_TOP
 66
1
 70
1
 40
0.050000
 41
0.050000
  0
VERTEX
 5
10E4
  8
PLACEMENT_OUTLINE_TOP
 10
75.47000
 20
31.30900
 42
1.0
  0
VERTEX
 5
10E5
  8
PLACEMENT_OUTLINE_TOP
 10
75.52000
 20
31.30900
 42
1.0
  0
SEQEND
  8
PLACEMENT_OUTLINE_TOP
  0
SOLID
 5
10E6
  8
PADLAYER_TOP
 10
72.87880
 20
30.21680
 11
73.79320
 21
30.21680
 12
72.87880
 22
31.13120
 13
73.79320
 23
31.13120
  0
SOLID
 5
10E7
  8
PADLAYER_TOP
 10
74.40280
 20
30.21680
 11
75.31720
 21
30.21680
 12
74.40280
 22
31.13120
 13
75.31720
 23
31.13120
  0
POLYLINE
 5
10E8
  8
Top
 66
1
 70
1
 40
0.000000
 41
0.000000
  0
VERTEX
 5
10E9
  8
Top
 10
67.49030
 20
30.19600
 42
-0.414214
  0
VERTEX
 5
10EA
  8
Top
 10
67.50300
 20
30.20870
  0
VERTEX
 5
10EB
  8
Top
 10
70.69300
 20
30.20870
 42
-0.414214
  0
VERTEX
 5
10EC
  8
Top
 10
70.70570
 20
30.19600
  0
VERTEX
 5
10ED
  8
Top
 10
70.70570
 20
28.69600
 42
-0.414214
  0
VERTEX
 5
10EE
  8
Top
 10
70.69300
 20
28.68330
  0
VERTEX
 5
10EF
  8
Top
 10
67.50300
 20
28.68330
 42
-0.414214
  0
VERTEX
 5
10F0
  8
Top
 10
67.49030
 20
28.69600
  0
VERTEX
 5
10F1
  8
Top
 10
67.49030
 20
30.19600
  0
SEQEND
  8
Top
  0
POLYLINE
 5
10F2
  8
2DLINES_1
 66
1
 40
0.152400
 41
0.152400
  0
VERTEX
 5
10F3
  8
2DLINES_1
 10
69.10300
 20
28.80600
  0
VERTEX
 5
10F4
  8
2DLINES_1
 10
69.10300
 20
30.10600
  0
SEQEND
  8
2DLINES_1
  0
POLYLINE
 5
10F5
  8
2DLINES_1
 66
1
 70
1
 40
0.076200
 41
0.076200
  0
VERTEX
 5
10F6
  8
2DLINES_1
 10
69.06490
 20
28.80600
 42
1.0
  0
VERTEX
 5
10F7
  8
2DLINES_1
 10
69.14110
 20
28.80600
 42
1.0
  0
SEQEND
  8
2DLINES_1
  0
POLYLINE
 5
10F8
  8
2DLINES_1
 66
1
 70
1
 40
0.076200
 41
0.076200
  0
VERTEX
 5
10F9
  8
2DLINES_1
 10
69.06490
 20
30.10600
 42
1.0
  0
VERTEX
 5
10FA
  8
2DLINES_1
 10
69.14110
 20
30.10600
 42
1.0
  0
SEQEND
  8
2DLINES_1
  0
POLYLINE
 5
10FB
  8
PLACEMENT_OUTLINE_TOP
 66
1
 40
0.025400
 41
0.025400
  0
VERTEX
 5
10FC
  8
PLACEMENT_OUTLINE_TOP
 10
67.50300
 20
28.70600
  0
VERTEX
 5
10FD
  8
PLACEMENT_OUTLINE_TOP
 10
67.50300
 20
30.20600
  0
SEQEND
  8
PLACEMENT_OUTLINE_TOP
  0
POLYLINE
 5
10FE
  8
PLACEMENT_OUTLINE_TOP
 66
1
 70
1
 40
0.012700
 41
0.012700
  0
VERTEX
 5
10FF
  8
PLACEMENT_OUTLINE_TOP
 10
67.49665
 20
28.70600
 42
1.0
  0
VERTEX
 5
1100
  8
PLACEMENT_OUTLINE_TOP
 10
67.50935
 20
28.70600
 42
1.0
  0
SEQEND
  8
PLACEMENT_OUTLINE_TOP
  0
POLYLINE
 5
1101
  8
PLACEMENT_OUTLINE_TOP
 66
1
 70
1
 40
0.012700
 41
0.012700
  0
VERTEX
 5
1102
  8
PLACEMENT_OUTLINE_TOP
 10
67.49665
 20
30.20600
 42
1.0
  0
VERTEX
 5
1103
  8
PLACEMENT_OUTLINE_TOP
 10
67.50935
 20
30.20600
 42
1.0
  0
SEQEND
  8
PLACEMENT_OUTLINE_TOP
  0
POLYLINE
 5
1104
  8
PLACEMENT_OUTLINE_TOP
 66
1
 40
0.025400
 41
0.025400
  0
VERTEX
 5
1105
  8
PLACEMENT_OUTLINE_TOP
 10
67.50300
 20
30.20600
  0
VERTEX
 5
1106
  8
PLACEMENT_OUTLINE_TOP
 10
70.70300
 20
30.20600
  0
SEQEND
  8
PLACEMENT_OUTLINE_TOP
  0
POLYLINE
 5
1107
  8
PLACEMENT_OUTLINE_TOP
 66
1
 70
1
 40
0.012700
 41
0.012700
  0
VERTEX
 5
1108
  8
PLACEMENT_OUTLINE_TOP
 10
67.49665
 20
30.20600
 42
1.0
  0
VERTEX
 5
1109
  8
PLACEMENT_OUTLINE_TOP
 10
67.50935
 20
30.20600
 42
1.0
  0
SEQEND
  8
PLACEMENT_OUTLINE_TOP
  0
POLYLINE
 5
110A
  8
PLACEMENT_OUTLINE_TOP
 66
1
 70
1
 40
0.012700
 41
0.012700
  0
VERTEX
 5
110B
  8
PLACEMENT_OUTLINE_TOP
 10
70.69665
 20
30.20600
 42
1.0
  0
VERTEX
 5
110C
  8
PLACEMENT_OUTLINE_TOP
 10
70.70935
 20
30.20600
 42
1.0
  0
SEQEND
  8
PLACEMENT_OUTLINE_TOP
  0
POLYLINE
 5
110D
  8
PLACEMENT_OUTLINE_TOP
 66
1
 40
0.025400
 41
0.025400
  0
VERTEX
 5
110E
  8
PLACEMENT_OUTLINE_TOP
 10
70.70300
 20
30.20600
  0
VERTEX
 5
110F
  8
PLACEMENT_OUTLINE_TOP
 10
70.70300
 20
28.70600
  0
SEQEND
  8
PLACEMENT_OUTLINE_TOP
  0
POLYLINE
 5
1110
  8
PLACEMENT_OUTLINE_TOP
 66
1
 70
1
 40
0.012700
 41
0.012700
  0
VERTEX
 5
1111
  8
PLACEMENT_OUTLINE_TOP
 10
70.69665
 20
30.20600
 42
1.0
  0
VERTEX
 5
1112
  8
PLACEMENT_OUTLINE_TOP
 10
70.70935
 20
30.20600
 42
1.0
  0
SEQEND
  8
PLACEMENT_OUTLINE_TOP
  0
POLYLINE
 5
1113
  8
PLACEMENT_OUTLINE_TOP
 66
1
 70
1
 40
0.012700
 41
0.012700
  0
VERTEX
 5
1114
  8
PLACEMENT_OUTLINE_TOP
 10
70.69665
 20
28.70600
 42
1.0
  0
VERTEX
 5
1115
  8
PLACEMENT_OUTLINE_TOP
 10
70.70935
 20
28.70600
 42
1.0
  0
SEQEND
  8
PLACEMENT_OUTLINE_TOP
  0
POLYLINE
 5
1116
  8
PLACEMENT_OUTLINE_TOP
 66
1
 40
0.025400
 41
0.025400
  0
VERTEX
 5
1117
  8
PLACEMENT_OUTLINE_TOP
 10
70.70300
 20
28.70600
  0
VERTEX
 5
1118
  8
PLACEMENT_OUTLINE_TOP
 10
67.50300
 20
28.70600
  0
SEQEND
  8
PLACEMENT_OUTLINE_TOP
  0
POLYLINE
 5
1119
  8
PLACEMENT_OUTLINE_TOP
 66
1
 70
1
 40
0.012700
 41
0.012700
  0
VERTEX
 5
111A
  8
PLACEMENT_OUTLINE_TOP
 10
70.69665
 20
28.70600
 42
1.0
  0
VERTEX
 5
111B
  8
PLACEMENT_OUTLINE_TOP
 10
70.70935
 20
28.70600
 42
1.0
  0
SEQEND
  8
PLACEMENT_OUTLINE_TOP
  0
POLYLINE
 5
111C
  8
PLACEMENT_OUTLINE_TOP
 66
1
 70
1
 40
0.012700
 41
0.012700
  0
VERTEX
 5
111D
  8
PLACEMENT_OUTLINE_TOP
 10
67.49665
 20
28.70600
 42
1.0
  0
VERTEX
 5
111E
  8
PLACEMENT_OUTLINE_TOP
 10
67.50935
 20
28.70600
 42
1.0
  0
SEQEND
  8
PLACEMENT_OUTLINE_TOP
  0
SOLID
 5
111F
  8
PADLAYER_TOP
 10
68.80300
 20
28.70600
 11
68.80300
 21
30.20600
 12
67.50300
 22
28.70600
 13
67.50300
 23
30.20600
  0
SOLID
 5
1120
  8
PADLAYER_TOP
 10
70.70300
 20
28.70600
 11
70.70300
 21
30.20600
 12
69.40300
 22
28.70600
 13
69.40300
 23
30.20600
  0
POLYLINE
 5
1121
  8
Top
 66
1
 70
1
 40
0.000000
 41
0.000000
  0
VERTEX
 5
1122
  8
Top
 10
67.45030
 20
32.27200
 42
-0.414214
  0
VERTEX
 5
1123
  8
Top
 10
67.46300
 20
32.28470
  0
VERTEX
 5
1124
  8
Top
 10
70.65300
 20
32.28470
 42
-0.414214
  0
VERTEX
 5
1125
  8
Top
 10
70.66570
 20
32.27200
  0
VERTEX
 5
1126
  8
Top
 10
70.66570
 20
30.77200
 42
-0.414214
  0
VERTEX
 5
1127
  8
Top
 10
70.65300
 20
30.75930
  0
VERTEX
 5
1128
  8
Top
 10
67.46300
 20
30.75930
 42
-0.414214
  0
VERTEX
 5
1129
  8
Top
 10
67.45030
 20
30.77200
  0
VERTEX
 5
112A
  8
Top
 10
67.45030
 20
32.27200
  0
SEQEND
  8
Top
  0
POLYLINE
 5
112B
  8
2DLINES_1
 66
1
 40
0.152400
 41
0.152400
  0
VERTEX
 5
112C
  8
2DLINES_1
 10
69.06300
 20
30.88200
  0
VERTEX
 5
112D
  8
2DLINES_1
 10
69.06300
 20
32.18200
  0
SEQEND
  8
2DLINES_1
  0
POLYLINE
 5
112E
  8
2DLINES_1
 66
1
 70
1
 40
0.076200
 41
0.076200
  0
VERTEX
 5
112F
  8
2DLINES_1
 10
69.02490
 20
30.88200
 42
1.0
  0
VERTEX
 5
1130
  8
2DLINES_1
 10
69.10110
 20
30.88200
 42
1.0
  0
SEQEND
  8
2DLINES_1
  0
POLYLINE
 5
1131
  8
2DLINES_1
 66
1
 70
1
 40
0.076200
 41
0.076200
  0
VERTEX
 5
1132
  8
2DLINES_1
 10
69.02490
 20
32.18200
 42
1.0
  0
VERTEX
 5
1133
  8
2DLINES_1
 10
69.10110
 20
32.18200
 42
1.0
  0
SEQEND
  8
2DLINES_1
  0
POLYLINE
 5
1134
  8
PLACEMENT_OUTLINE_TOP
 66
1
 40
0.025400
 41
0.025400
  0
VERTEX
 5
1135
  8
PLACEMENT_OUTLINE_TOP
 10
67.46300
 20
30.78200
  0
VERTEX
 5
1136
  8
PLACEMENT_OUTLINE_TOP
 10
67.46300
 20
32.28200
  0
SEQEND
  8
PLACEMENT_OUTLINE_TOP
  0
POLYLINE
 5
1137
  8
PLACEMENT_OUTLINE_TOP
 66
1
 70
1
 40
0.012700
 41
0.012700
  0
VERTEX
 5
1138
  8
PLACEMENT_OUTLINE_TOP
 10
67.45665
 20
30.78200
 42
1.0
  0
VERTEX
 5
1139
  8
PLACEMENT_OUTLINE_TOP
 10
67.46935
 20
30.78200
 42
1.0
  0
SEQEND
  8
PLACEMENT_OUTLINE_TOP
  0
POLYLINE
 5
113A
  8
PLACEMENT_OUTLINE_TOP
 66
1
 70
1
 40
0.012700
 41
0.012700
  0
VERTEX
 5
113B
  8
PLACEMENT_OUTLINE_TOP
 10
67.45665
 20
32.28200
 42
1.0
  0
VERTEX
 5
113C
  8
PLACEMENT_OUTLINE_TOP
 10
67.46935
 20
32.28200
 42
1.0
  0
SEQEND
  8
PLACEMENT_OUTLINE_TOP
  0
POLYLINE
 5
113D
  8
PLACEMENT_OUTLINE_TOP
 66
1
 40
0.025400
 41
0.025400
  0
VERTEX
 5
113E
  8
PLACEMENT_OUTLINE_TOP
 10
67.46300
 20
32.28200
  0
VERTEX
 5
113F
  8
PLACEMENT_OUTLINE_TOP
 10
70.66300
 20
32.28200
  0
SEQEND
  8
PLACEMENT_OUTLINE_TOP
  0
POLYLINE
 5
1140
  8
PLACEMENT_OUTLINE_TOP
 66
1
 70
1
 40
0.012700
 41
0.012700
  0
VERTEX
 5
1141
  8
PLACEMENT_OUTLINE_TOP
 10
67.45665
 20
32.28200
 42
1.0
  0
VERTEX
 5
1142
  8
PLACEMENT_OUTLINE_TOP
 10
67.46935
 20
32.28200
 42
1.0
  0
SEQEND
  8
PLACEMENT_OUTLINE_TOP
  0
POLYLINE
 5
1143
  8
PLACEMENT_OUTLINE_TOP
 66
1
 70
1
 40
0.012700
 41
0.012700
  0
VERTEX
 5
1144
  8
PLACEMENT_OUTLINE_TOP
 10
70.65665
 20
32.28200
 42
1.0
  0
VERTEX
 5
1145
  8
PLACEMENT_OUTLINE_TOP
 10
70.66935
 20
32.28200
 42
1.0
  0
SEQEND
  8
PLACEMENT_OUTLINE_TOP
  0
POLYLINE
 5
1146
  8
PLACEMENT_OUTLINE_TOP
 66
1
 40
0.025400
 41
0.025400
  0
VERTEX
 5
1147
  8
PLACEMENT_OUTLINE_TOP
 10
70.66300
 20
32.28200
  0
VERTEX
 5
1148
  8
PLACEMENT_OUTLINE_TOP
 10
70.66300
 20
30.78200
  0
SEQEND
  8
PLACEMENT_OUTLINE_TOP
  0
POLYLINE
 5
1149
  8
PLACEMENT_OUTLINE_TOP
 66
1
 70
1
 40
0.012700
 41
0.012700
  0
VERTEX
 5
114A
  8
PLACEMENT_OUTLINE_TOP
 10
70.65665
 20
32.28200
 42
1.0
  0
VERTEX
 5
114B
  8
PLACEMENT_OUTLINE_TOP
 10
70.66935
 20
32.28200
 42
1.0
  0
SEQEND
  8
PLACEMENT_OUTLINE_TOP
  0
POLYLINE
 5
114C
  8
PLACEMENT_OUTLINE_TOP
 66
1
 70
1
 40
0.012700
 41
0.012700
  0
VERTEX
 5
114D
  8
PLACEMENT_OUTLINE_TOP
 10
70.65665
 20
30.78200
 42
1.0
  0
VERTEX
 5
114E
  8
PLACEMENT_OUTLINE_TOP
 10
70.66935
 20
30.78200
 42
1.0
  0
SEQEND
  8
PLACEMENT_OUTLINE_TOP
  0
POLYLINE
 5
114F
  8
PLACEMENT_OUTLINE_TOP
 66
1
 40
0.025400
 41
0.025400
  0
VERTEX
 5
1150
  8
PLACEMENT_OUTLINE_TOP
 10
70.66300
 20
30.78200
  0
VERTEX
 5
1151
  8
PLACEMENT_OUTLINE_TOP
 10
67.46300
 20
30.78200
  0
SEQEND
  8
PLACEMENT_OUTLINE_TOP
  0
POLYLINE
 5
1152
  8
PLACEMENT_OUTLINE_TOP
 66
1
 70
1
 40
0.012700
 41
0.012700
  0
VERTEX
 5
1153
  8
PLACEMENT_OUTLINE_TOP
 10
70.65665
 20
30.78200
 42
1.0
  0
VERTEX
 5
1154
  8
PLACEMENT_OUTLINE_TOP
 10
70.66935
 20
30.78200
 42
1.0
  0
SEQEND
  8
PLACEMENT_OUTLINE_TOP
  0
POLYLINE
 5
1155
  8
PLACEMENT_OUTLINE_TOP
 66
1
 70
1
 40
0.012700
 41
0.012700
  0
VERTEX
 5
1156
  8
PLACEMENT_OUTLINE_TOP
 10
67.45665
 20
30.78200
 42
1.0
  0
VERTEX
 5
1157
  8
PLACEMENT_OUTLINE_TOP
 10
67.46935
 20
30.78200
 42
1.0
  0
SEQEND
  8
PLACEMENT_OUTLINE_TOP
  0
SOLID
 5
1158
  8
PADLAYER_TOP
 10
68.76300
 20
30.78200
 11
68.76300
 21
32.28200
 12
67.46300
 22
30.78200
 13
67.46300
 23
32.28200
  0
SOLID
 5
1159
  8
PADLAYER_TOP
 10
70.66300
 20
30.78200
 11
70.66300
 21
32.28200
 12
69.36300
 22
30.78200
 13
69.36300
 23
32.28200
  0
POLYLINE
 5
115A
  8
LAYNR1
 66
1
 40
0.150000
 41
0.150000
  0
VERTEX
 5
115B
  8
LAYNR1
 10
77.29800
 20
31.02400
  0
VERTEX
 5
115C
  8
LAYNR1
 10
77.29800
 20
30.32400
  0
SEQEND
  8
LAYNR1
  0
POLYLINE
 5
115D
  8
LAYNR1
 66
1
 70
1
 40
0.075000
 41
0.075000
  0
VERTEX
 5
115E
  8
LAYNR1
 10
77.26050
 20
31.02400
 42
1.0
  0
VERTEX
 5
115F
  8
LAYNR1
 10
77.33550
 20
31.02400
 42
1.0
  0
SEQEND
  8
LAYNR1
  0
POLYLINE
 5
1160
  8
LAYNR1
 66
1
 70
1
 40
0.075000
 41
0.075000
  0
VERTEX
 5
1161
  8
LAYNR1
 10
77.26050
 20
30.32400
 42
1.0
  0
VERTEX
 5
1162
  8
LAYNR1
 10
77.33550
 20
30.32400
 42
1.0
  0
SEQEND
  8
LAYNR1
  0
POLYLINE
 5
1163
  8
PLACEMENT_OUTLINE_TOP
 66
1
 40
0.100000
 41
0.100000
  0
VERTEX
 5
1164
  8
PLACEMENT_OUTLINE_TOP
 10
75.90100
 20
30.03900
  0
VERTEX
 5
1165
  8
PLACEMENT_OUTLINE_TOP
 10
78.69500
 20
30.03900
  0
SEQEND
  8
PLACEMENT_OUTLINE_TOP
  0
POLYLINE
 5
1166
  8
PLACEMENT_OUTLINE_TOP
 66
1
 70
1
 40
0.050000
 41
0.050000
  0
VERTEX
 5
1167
  8
PLACEMENT_OUTLINE_TOP
 10
75.87600
 20
30.03900
 42
1.0
  0
VERTEX
 5
1168
  8
PLACEMENT_OUTLINE_TOP
 10
75.92600
 20
30.03900
 42
1.0
  0
SEQEND
  8
PLACEMENT_OUTLINE_TOP
  0
POLYLINE
 5
1169
  8
PLACEMENT_OUTLINE_TOP
 66
1
 70
1
 40
0.050000
 41
0.050000
  0
VERTEX
 5
116A
  8
PLACEMENT_OUTLINE_TOP
 10
78.67000
 20
30.03900
 42
1.0
  0
VERTEX
 5
116B
  8
PLACEMENT_OUTLINE_TOP
 10
78.72000
 20
30.03900
 42
1.0
  0
SEQEND
  8
PLACEMENT_OUTLINE_TOP
  0
POLYLINE
 5
116C
  8
PLACEMENT_OUTLINE_TOP
 66
1
 40
0.100000
 41
0.100000
  0
VERTEX
 5
116D
  8
PLACEMENT_OUTLINE_TOP
 10
78.69500
 20
30.03900
  0
VERTEX
 5
116E
  8
PLACEMENT_OUTLINE_TOP
 10
78.69500
 20
31.30900
  0
SEQEND
  8
PLACEMENT_OUTLINE_TOP
  0
POLYLINE
 5
116F
  8
PLACEMENT_OUTLINE_TOP
 66
1
 70
1
 40
0.050000
 41
0.050000
  0
VERTEX
 5
1170
  8
PLACEMENT_OUTLINE_TOP
 10
78.67000
 20
30.03900
 42
1.0
  0
VERTEX
 5
1171
  8
PLACEMENT_OUTLINE_TOP
 10
78.72000
 20
30.03900
 42
1.0
  0
SEQEND
  8
PLACEMENT_OUTLINE_TOP
  0
POLYLINE
 5
1172
  8
PLACEMENT_OUTLINE_TOP
 66
1
 70
1
 40
0.050000
 41
0.050000
  0
VERTEX
 5
1173
  8
PLACEMENT_OUTLINE_TOP
 10
78.67000
 20
31.30900
 42
1.0
  0
VERTEX
 5
1174
  8
PLACEMENT_OUTLINE_TOP
 10
78.72000
 20
31.30900
 42
1.0
  0
SEQEND
  8
PLACEMENT_OUTLINE_TOP
  0
POLYLINE
 5
1175
  8
PLACEMENT_OUTLINE_TOP
 66
1
 40
0.100000
 41
0.100000
  0
VERTEX
 5
1176
  8
PLACEMENT_OUTLINE_TOP
 10
78.69500
 20
31.30900
  0
VERTEX
 5
1177
  8
PLACEMENT_OUTLINE_TOP
 10
75.90100
 20
31.30900
  0
SEQEND
  8
PLACEMENT_OUTLINE_TOP
  0
POLYLINE
 5
1178
  8
PLACEMENT_OUTLINE_TOP
 66
1
 70
1
 40
0.050000
 41
0.050000
  0
VERTEX
 5
1179
  8
PLACEMENT_OUTLINE_TOP
 10
78.67000
 20
31.30900
 42
1.0
  0
VERTEX
 5
117A
  8
PLACEMENT_OUTLINE_TOP
 10
78.72000
 20
31.30900
 42
1.0
  0
SEQEND
  8
PLACEMENT_OUTLINE_TOP
  0
POLYLINE
 5
117B
  8
PLACEMENT_OUTLINE_TOP
 66
1
 70
1
 40
0.050000
 41
0.050000
  0
VERTEX
 5
117C
  8
PLACEMENT_OUTLINE_TOP
 10
75.87600
 20
31.30900
 42
1.0
  0
VERTEX
 5
117D
  8
PLACEMENT_OUTLINE_TOP
 10
75.92600
 20
31.30900
 42
1.0
  0
SEQEND
  8
PLACEMENT_OUTLINE_TOP
  0
POLYLINE
 5
117E
  8
PLACEMENT_OUTLINE_TOP
 66
1
 40
0.100000
 41
0.100000
  0
VERTEX
 5
117F
  8
PLACEMENT_OUTLINE_TOP
 10
75.90100
 20
31.30900
  0
VERTEX
 5
1180
  8
PLACEMENT_OUTLINE_TOP
 10
75.90100
 20
30.03900
  0
SEQEND
  8
PLACEMENT_OUTLINE_TOP
  0
POLYLINE
 5
1181
  8
PLACEMENT_OUTLINE_TOP
 66
1
 70
1
 40
0.050000
 41
0.050000
  0
VERTEX
 5
1182
  8
PLACEMENT_OUTLINE_TOP
 10
75.87600
 20
31.30900
 42
1.0
  0
VERTEX
 5
1183
  8
PLACEMENT_OUTLINE_TOP
 10
75.92600
 20
31.30900
 42
1.0
  0
SEQEND
  8
PLACEMENT_OUTLINE_TOP
  0
POLYLINE
 5
1184
  8
PLACEMENT_OUTLINE_TOP
 66
1
 70
1
 40
0.050000
 41
0.050000
  0
VERTEX
 5
1185
  8
PLACEMENT_OUTLINE_TOP
 10
75.87600
 20
30.03900
 42
1.0
  0
VERTEX
 5
1186
  8
PLACEMENT_OUTLINE_TOP
 10
75.92600
 20
30.03900
 42
1.0
  0
SEQEND
  8
PLACEMENT_OUTLINE_TOP
  0
SOLID
 5
1187
  8
PADLAYER_TOP
 10
78.51720
 20
31.13120
 11
77.60280
 21
31.13120
 12
78.51720
 22
30.21680
 13
77.60280
 23
30.21680
  0
SOLID
 5
1188
  8
PADLAYER_TOP
 10
76.99320
 20
31.13120
 11
76.07880
 21
31.13120
 12
76.99320
 22
30.21680
 13
76.07880
 23
30.21680
  0
POLYLINE
 5
1189
  8
LAYNR1
 66
1
 40
0.150000
 41
0.150000
  0
VERTEX
 5
118A
  8
LAYNR1
 10
80.25000
 20
25.77400
  0
VERTEX
 5
118B
  8
LAYNR1
 10
80.25000
 20
25.07400
  0
SEQEND
  8
LAYNR1
  0
POLYLINE
 5
118C
  8
LAYNR1
 66
1
 70
1
 40
0.075000
 41
0.075000
  0
VERTEX
 5
118D
  8
LAYNR1
 10
80.21250
 20
25.77400
 42
1.0
  0
VERTEX
 5
118E
  8
LAYNR1
 10
80.28750
 20
25.77400
 42
1.0
  0
SEQEND
  8
LAYNR1
  0
POLYLINE
 5
118F
  8
LAYNR1
 66
1
 70
1
 40
0.075000
 41
0.075000
  0
VERTEX
 5
1190
  8
LAYNR1
 10
80.21250
 20
25.07400
 42
1.0
  0
VERTEX
 5
1191
  8
LAYNR1
 10
80.28750
 20
25.07400
 42
1.0
  0
SEQEND
  8
LAYNR1
  0
POLYLINE
 5
1192
  8
PLACEMENT_OUTLINE_TOP
 66
1
 40
0.100000
 41
0.100000
  0
VERTEX
 5
1193
  8
PLACEMENT_OUTLINE_TOP
 10
78.85300
 20
24.78900
  0
VERTEX
 5
1194
  8
PLACEMENT_OUTLINE_TOP
 10
81.64700
 20
24.78900
  0
SEQEND
  8
PLACEMENT_OUTLINE_TOP
  0
POLYLINE
 5
1195
  8
PLACEMENT_OUTLINE_TOP
 66
1
 70
1
 40
0.050000
 41
0.050000
  0
VERTEX
 5
1196
  8
PLACEMENT_OUTLINE_TOP
 10
78.82800
 20
24.78900
 42
1.0
  0
VERTEX
 5
1197
  8
PLACEMENT_OUTLINE_TOP
 10
78.87800
 20
24.78900
 42
1.0
  0
SEQEND
  8
PLACEMENT_OUTLINE_TOP
  0
POLYLINE
 5
1198
  8
PLACEMENT_OUTLINE_TOP
 66
1
 70
1
 40
0.050000
 41
0.050000
  0
VERTEX
 5
1199
  8
PLACEMENT_OUTLINE_TOP
 10
81.62200
 20
24.78900
 42
1.0
  0
VERTEX
 5
119A
  8
PLACEMENT_OUTLINE_TOP
 10
81.67200
 20
24.78900
 42
1.0
  0
SEQEND
  8
PLACEMENT_OUTLINE_TOP
  0
POLYLINE
 5
119B
  8
PLACEMENT_OUTLINE_TOP
 66
1
 40
0.100000
 41
0.100000
  0
VERTEX
 5
119C
  8
PLACEMENT_OUTLINE_TOP
 10
81.64700
 20
24.78900
  0
VERTEX
 5
119D
  8
PLACEMENT_OUTLINE_TOP
 10
81.64700
 20
26.05900
  0
SEQEND
  8
PLACEMENT_OUTLINE_TOP
  0
POLYLINE
 5
119E
  8
PLACEMENT_OUTLINE_TOP
 66
1
 70
1
 40
0.050000
 41
0.050000
  0
VERTEX
 5
119F
  8
PLACEMENT_OUTLINE_TOP
 10
81.62200
 20
24.78900
 42
1.0
  0
VERTEX
 5
11A0
  8
PLACEMENT_OUTLINE_TOP
 10
81.67200
 20
24.78900
 42
1.0
  0
SEQEND
  8
PLACEMENT_OUTLINE_TOP
  0
POLYLINE
 5
11A1
  8
PLACEMENT_OUTLINE_TOP
 66
1
 70
1
 40
0.050000
 41
0.050000
  0
VERTEX
 5
11A2
  8
PLACEMENT_OUTLINE_TOP
 10
81.62200
 20
26.05900
 42
1.0
  0
VERTEX
 5
11A3
  8
PLACEMENT_OUTLINE_TOP
 10
81.67200
 20
26.05900
 42
1.0
  0
SEQEND
  8
PLACEMENT_OUTLINE_TOP
  0
POLYLINE
 5
11A4
  8
PLACEMENT_OUTLINE_TOP
 66
1
 40
0.100000
 41
0.100000
  0
VERTEX
 5
11A5
  8
PLACEMENT_OUTLINE_TOP
 10
81.64700
 20
26.05900
  0
VERTEX
 5
11A6
  8
PLACEMENT_OUTLINE_TOP
 10
78.85300
 20
26.05900
  0
SEQEND
  8
PLACEMENT_OUTLINE_TOP
  0
POLYLINE
 5
11A7
  8
PLACEMENT_OUTLINE_TOP
 66
1
 70
1
 40
0.050000
 41
0.050000
  0
VERTEX
 5
11A8
  8
PLACEMENT_OUTLINE_TOP
 10
81.62200
 20
26.05900
 42
1.0
  0
VERTEX
 5
11A9
  8
PLACEMENT_OUTLINE_TOP
 10
81.67200
 20
26.05900
 42
1.0
  0
SEQEND
  8
PLACEMENT_OUTLINE_TOP
  0
POLYLINE
 5
11AA
  8
PLACEMENT_OUTLINE_TOP
 66
1
 70
1
 40
0.050000
 41
0.050000
  0
VERTEX
 5
11AB
  8
PLACEMENT_OUTLINE_TOP
 10
78.82800
 20
26.05900
 42
1.0
  0
VERTEX
 5
11AC
  8
PLACEMENT_OUTLINE_TOP
 10
78.87800
 20
26.05900
 42
1.0
  0
SEQEND
  8
PLACEMENT_OUTLINE_TOP
  0
POLYLINE
 5
11AD
  8
PLACEMENT_OUTLINE_TOP
 66
1
 40
0.100000
 41
0.100000
  0
VERTEX
 5
11AE
  8
PLACEMENT_OUTLINE_TOP
 10
78.85300
 20
26.05900
  0
VERTEX
 5
11AF
  8
PLACEMENT_OUTLINE_TOP
 10
78.85300
 20
24.78900
  0
SEQEND
  8
PLACEMENT_OUTLINE_TOP
  0
POLYLINE
 5
11B0
  8
PLACEMENT_OUTLINE_TOP
 66
1
 70
1
 40
0.050000
 41
0.050000
  0
VERTEX
 5
11B1
  8
PLACEMENT_OUTLINE_TOP
 10
78.82800
 20
26.05900
 42
1.0
  0
VERTEX
 5
11B2
  8
PLACEMENT_OUTLINE_TOP
 10
78.87800
 20
26.05900
 42
1.0
  0
SEQEND
  8
PLACEMENT_OUTLINE_TOP
  0
POLYLINE
 5
11B3
  8
PLACEMENT_OUTLINE_TOP
 66
1
 70
1
 40
0.050000
 41
0.050000
  0
VERTEX
 5
11B4
  8
PLACEMENT_OUTLINE_TOP
 10
78.82800
 20
24.78900
 42
1.0
  0
VERTEX
 5
11B5
  8
PLACEMENT_OUTLINE_TOP
 10
78.87800
 20
24.78900
 42
1.0
  0
SEQEND
  8
PLACEMENT_OUTLINE_TOP
  0
SOLID
 5
11B6
  8
PADLAYER_TOP
 10
81.46920
 20
25.88120
 11
80.55480
 21
25.88120
 12
81.46920
 22
24.96680
 13
80.55480
 23
24.96680
  0
SOLID
 5
11B7
  8
PADLAYER_TOP
 10
79.94520
 20
25.88120
 11
79.03080
 21
25.88120
 12
79.94520
 22
24.96680
 13
79.03080
 23
24.96680
  0
POLYLINE
 5
11B8
  8
LAYNR1
 66
1
 40
0.150000
 41
0.150000
  0
VERTEX
 5
11B9
  8
LAYNR1
 10
81.78800
 20
24.27400
  0
VERTEX
 5
11BA
  8
LAYNR1
 10
81.78800
 20
23.57400
  0
SEQEND
  8
LAYNR1
  0
POLYLINE
 5
11BB
  8
LAYNR1
 66
1
 70
1
 40
0.075000
 41
0.075000
  0
VERTEX
 5
11BC
  8
LAYNR1
 10
81.75050
 20
24.27400
 42
1.0
  0
VERTEX
 5
11BD
  8
LAYNR1
 10
81.82550
 20
24.27400
 42
1.0
  0
SEQEND
  8
LAYNR1
  0
POLYLINE
 5
11BE
  8
LAYNR1
 66
1
 70
1
 40
0.075000
 41
0.075000
  0
VERTEX
 5
11BF
  8
LAYNR1
 10
81.75050
 20
23.57400
 42
1.0
  0
VERTEX
 5
11C0
  8
LAYNR1
 10
81.82550
 20
23.57400
 42
1.0
  0
SEQEND
  8
LAYNR1
  0
POLYLINE
 5
11C1
  8
PLACEMENT_OUTLINE_TOP
 66
1
 40
0.100000
 41
0.100000
  0
VERTEX
 5
11C2
  8
PLACEMENT_OUTLINE_TOP
 10
80.39100
 20
23.28900
  0
VERTEX
 5
11C3
  8
PLACEMENT_OUTLINE_TOP
 10
83.18500
 20
23.28900
  0
SEQEND
  8
PLACEMENT_OUTLINE_TOP
  0
POLYLINE
 5
11C4
  8
PLACEMENT_OUTLINE_TOP
 66
1
 70
1
 40
0.050000
 41
0.050000
  0
VERTEX
 5
11C5
  8
PLACEMENT_OUTLINE_TOP
 10
80.36600
 20
23.28900
 42
1.0
  0
VERTEX
 5
11C6
  8
PLACEMENT_OUTLINE_TOP
 10
80.41600
 20
23.28900
 42
1.0
  0
SEQEND
  8
PLACEMENT_OUTLINE_TOP
  0
POLYLINE
 5
11C7
  8
PLACEMENT_OUTLINE_TOP
 66
1
 70
1
 40
0.050000
 41
0.050000
  0
VERTEX
 5
11C8
  8
PLACEMENT_OUTLINE_TOP
 10
83.16000
 20
23.28900
 42
1.0
  0
VERTEX
 5
11C9
  8
PLACEMENT_OUTLINE_TOP
 10
83.21000
 20
23.28900
 42
1.0
  0
SEQEND
  8
PLACEMENT_OUTLINE_TOP
  0
POLYLINE
 5
11CA
  8
PLACEMENT_OUTLINE_TOP
 66
1
 40
0.100000
 41
0.100000
  0
VERTEX
 5
11CB
  8
PLACEMENT_OUTLINE_TOP
 10
83.18500
 20
23.28900
  0
VERTEX
 5
11CC
  8
PLACEMENT_OUTLINE_TOP
 10
83.18500
 20
24.55900
  0
SEQEND
  8
PLACEMENT_OUTLINE_TOP
  0
POLYLINE
 5
11CD
  8
PLACEMENT_OUTLINE_TOP
 66
1
 70
1
 40
0.050000
 41
0.050000
  0
VERTEX
 5
11CE
  8
PLACEMENT_OUTLINE_TOP
 10
83.16000
 20
23.28900
 42
1.0
  0
VERTEX
 5
11CF
  8
PLACEMENT_OUTLINE_TOP
 10
83.21000
 20
23.28900
 42
1.0
  0
SEQEND
  8
PLACEMENT_OUTLINE_TOP
  0
POLYLINE
 5
11D0
  8
PLACEMENT_OUTLINE_TOP
 66
1
 70
1
 40
0.050000
 41
0.050000
  0
VERTEX
 5
11D1
  8
PLACEMENT_OUTLINE_TOP
 10
83.16000
 20
24.55900
 42
1.0
  0
VERTEX
 5
11D2
  8
PLACEMENT_OUTLINE_TOP
 10
83.21000
 20
24.55900
 42
1.0
  0
SEQEND
  8
PLACEMENT_OUTLINE_TOP
  0
POLYLINE
 5
11D3
  8
PLACEMENT_OUTLINE_TOP
 66
1
 40
0.100000
 41
0.100000
  0
VERTEX
 5
11D4
  8
PLACEMENT_OUTLINE_TOP
 10
83.18500
 20
24.55900
  0
VERTEX
 5
11D5
  8
PLACEMENT_OUTLINE_TOP
 10
80.39100
 20
24.55900
  0
SEQEND
  8
PLACEMENT_OUTLINE_TOP
  0
POLYLINE
 5
11D6
  8
PLACEMENT_OUTLINE_TOP
 66
1
 70
1
 40
0.050000
 41
0.050000
  0
VERTEX
 5
11D7
  8
PLACEMENT_OUTLINE_TOP
 10
83.16000
 20
24.55900
 42
1.0
  0
VERTEX
 5
11D8
  8
PLACEMENT_OUTLINE_TOP
 10
83.21000
 20
24.55900
 42
1.0
  0
SEQEND
  8
PLACEMENT_OUTLINE_TOP
  0
POLYLINE
 5
11D9
  8
PLACEMENT_OUTLINE_TOP
 66
1
 70
1
 40
0.050000
 41
0.050000
  0
VERTEX
 5
11DA
  8
PLACEMENT_OUTLINE_TOP
 10
80.36600
 20
24.55900
 42
1.0
  0
VERTEX
 5
11DB
  8
PLACEMENT_OUTLINE_TOP
 10
80.41600
 20
24.55900
 42
1.0
  0
SEQEND
  8
PLACEMENT_OUTLINE_TOP
  0
POLYLINE
 5
11DC
  8
PLACEMENT_OUTLINE_TOP
 66
1
 40
0.100000
 41
0.100000
  0
VERTEX
 5
11DD
  8
PLACEMENT_OUTLINE_TOP
 10
80.39100
 20
24.55900
  0
VERTEX
 5
11DE
  8
PLACEMENT_OUTLINE_TOP
 10
80.39100
 20
23.28900
  0
SEQEND
  8
PLACEMENT_OUTLINE_TOP
  0
POLYLINE
 5
11DF
  8
PLACEMENT_OUTLINE_TOP
 66
1
 70
1
 40
0.050000
 41
0.050000
  0
VERTEX
 5
11E0
  8
PLACEMENT_OUTLINE_TOP
 10
80.36600
 20
24.55900
 42
1.0
  0
VERTEX
 5
11E1
  8
PLACEMENT_OUTLINE_TOP
 10
80.41600
 20
24.55900
 42
1.0
  0
SEQEND
  8
PLACEMENT_OUTLINE_TOP
  0
POLYLINE
 5
11E2
  8
PLACEMENT_OUTLINE_TOP
 66
1
 70
1
 40
0.050000
 41
0.050000
  0
VERTEX
 5
11E3
  8
PLACEMENT_OUTLINE_TOP
 10
80.36600
 20
23.28900
 42
1.0
  0
VERTEX
 5
11E4
  8
PLACEMENT_OUTLINE_TOP
 10
80.41600
 20
23.28900
 42
1.0
  0
SEQEND
  8
PLACEMENT_OUTLINE_TOP
  0
SOLID
 5
11E5
  8
PADLAYER_TOP
 10
83.00720
 20
24.38120
 11
82.09280
 21
24.38120
 12
83.00720
 22
23.46680
 13
82.09280
 23
23.46680
  0
SOLID
 5
11E6
  8
PADLAYER_TOP
 10
81.48320
 20
24.38120
 11
80.56880
 21
24.38120
 12
81.48320
 22
23.46680
 13
80.56880
 23
23.46680
  0
POLYLINE
 5
11E7
  8
LAYNR1
 66
1
 40
0.150000
 41
0.150000
  0
VERTEX
 5
11E8
  8
LAYNR1
 10
78.17900
 20
22.48300
  0
VERTEX
 5
11E9
  8
LAYNR1
 10
77.47900
 20
22.48300
  0
SEQEND
  8
LAYNR1
  0
POLYLINE
 5
11EA
  8
LAYNR1
 66
1
 70
1
 40
0.075000
 41
0.075000
  0
VERTEX
 5
11EB
  8
LAYNR1
 10
78.14150
 20
22.48300
 42
1.0
  0
VERTEX
 5
11EC
  8
LAYNR1
 10
78.21650
 20
22.48300
 42
1.0
  0
SEQEND
  8
LAYNR1
  0
POLYLINE
 5
11ED
  8
LAYNR1
 66
1
 70
1
 40
0.075000
 41
0.075000
  0
VERTEX
 5
11EE
  8
LAYNR1
 10
77.44150
 20
22.48300
 42
1.0
  0
VERTEX
 5
11EF
  8
LAYNR1
 10
77.51650
 20
22.48300
 42
1.0
  0
SEQEND
  8
LAYNR1
  0
POLYLINE
 5
11F0
  8
PLACEMENT_OUTLINE_TOP
 66
1
 40
0.100000
 41
0.100000
  0
VERTEX
 5
11F1
  8
PLACEMENT_OUTLINE_TOP
 10
77.19400
 20
23.88000
  0
VERTEX
 5
11F2
  8
PLACEMENT_OUTLINE_TOP
 10
77.19400
 20
21.08600
  0
SEQEND
  8
PLACEMENT_OUTLINE_TOP
  0
POLYLINE
 5
11F3
  8
PLACEMENT_OUTLINE_TOP
 66
1
 70
1
 40
0.050000
 41
0.050000
  0
VERTEX
 5
11F4
  8
PLACEMENT_OUTLINE_TOP
 10
77.16900
 20
23.88000
 42
1.0
  0
VERTEX
 5
11F5
  8
PLACEMENT_OUTLINE_TOP
 10
77.21900
 20
23.88000
 42
1.0
  0
SEQEND
  8
PLACEMENT_OUTLINE_TOP
  0
POLYLINE
 5
11F6
  8
PLACEMENT_OUTLINE_TOP
 66
1
 70
1
 40
0.050000
 41
0.050000
  0
VERTEX
 5
11F7
  8
PLACEMENT_OUTLINE_TOP
 10
77.16900
 20
21.08600
 42
1.0
  0
VERTEX
 5
11F8
  8
PLACEMENT_OUTLINE_TOP
 10
77.21900
 20
21.08600
 42
1.0
  0
SEQEND
  8
PLACEMENT_OUTLINE_TOP
  0
POLYLINE
 5
11F9
  8
PLACEMENT_OUTLINE_TOP
 66
1
 40
0.100000
 41
0.100000
  0
VERTEX
 5
11FA
  8
PLACEMENT_OUTLINE_TOP
 10
77.19400
 20
21.08600
  0
VERTEX
 5
11FB
  8
PLACEMENT_OUTLINE_TOP
 10
78.46400
 20
21.08600
  0
SEQEND
  8
PLACEMENT_OUTLINE_TOP
  0
POLYLINE
 5
11FC
  8
PLACEMENT_OUTLINE_TOP
 66
1
 70
1
 40
0.050000
 41
0.050000
  0
VERTEX
 5
11FD
  8
PLACEMENT_OUTLINE_TOP
 10
77.16900
 20
21.08600
 42
1.0
  0
VERTEX
 5
11FE
  8
PLACEMENT_OUTLINE_TOP
 10
77.21900
 20
21.08600
 42
1.0
  0
SEQEND
  8
PLACEMENT_OUTLINE_TOP
  0
POLYLINE
 5
11FF
  8
PLACEMENT_OUTLINE_TOP
 66
1
 70
1
 40
0.050000
 41
0.050000
  0
VERTEX
 5
1200
  8
PLACEMENT_OUTLINE_TOP
 10
78.43900
 20
21.08600
 42
1.0
  0
VERTEX
 5
1201
  8
PLACEMENT_OUTLINE_TOP
 10
78.48900
 20
21.08600
 42
1.0
  0
SEQEND
  8
PLACEMENT_OUTLINE_TOP
  0
POLYLINE
 5
1202
  8
PLACEMENT_OUTLINE_TOP
 66
1
 40
0.100000
 41
0.100000
  0
VERTEX
 5
1203
  8
PLACEMENT_OUTLINE_TOP
 10
78.46400
 20
21.08600
  0
VERTEX
 5
1204
  8
PLACEMENT_OUTLINE_TOP
 10
78.46400
 20
23.88000
  0
SEQEND
  8
PLACEMENT_OUTLINE_TOP
  0
POLYLINE
 5
1205
  8
PLACEMENT_OUTLINE_TOP
 66
1
 70
1
 40
0.050000
 41
0.050000
  0
VERTEX
 5
1206
  8
PLACEMENT_OUTLINE_TOP
 10
78.43900
 20
21.08600
 42
1.0
  0
VERTEX
 5
1207
  8
PLACEMENT_OUTLINE_TOP
 10
78.48900
 20
21.08600
 42
1.0
  0
SEQEND
  8
PLACEMENT_OUTLINE_TOP
  0
POLYLINE
 5
1208
  8
PLACEMENT_OUTLINE_TOP
 66
1
 70
1
 40
0.050000
 41
0.050000
  0
VERTEX
 5
1209
  8
PLACEMENT_OUTLINE_TOP
 10
78.43900
 20
23.88000
 42
1.0
  0
VERTEX
 5
120A
  8
PLACEMENT_OUTLINE_TOP
 10
78.48900
 20
23.88000
 42
1.0
  0
SEQEND
  8
PLACEMENT_OUTLINE_TOP
  0
POLYLINE
 5
120B
  8
PLACEMENT_OUTLINE_TOP
 66
1
 40
0.100000
 41
0.100000
  0
VERTEX
 5
120C
  8
PLACEMENT_OUTLINE_TOP
 10
78.46400
 20
23.88000
  0
VERTEX
 5
120D
  8
PLACEMENT_OUTLINE_TOP
 10
77.19400
 20
23.88000
  0
SEQEND
  8
PLACEMENT_OUTLINE_TOP
  0
POLYLINE
 5
120E
  8
PLACEMENT_OUTLINE_TOP
 66
1
 70
1
 40
0.050000
 41
0.050000
  0
VERTEX
 5
120F
  8
PLACEMENT_OUTLINE_TOP
 10
78.43900
 20
23.88000
 42
1.0
  0
VERTEX
 5
1210
  8
PLACEMENT_OUTLINE_TOP
 10
78.48900
 20
23.88000
 42
1.0
  0
SEQEND
  8
PLACEMENT_OUTLINE_TOP
  0
POLYLINE
 5
1211
  8
PLACEMENT_OUTLINE_TOP
 66
1
 70
1
 40
0.050000
 41
0.050000
  0
VERTEX
 5
1212
  8
PLACEMENT_OUTLINE_TOP
 10
77.16900
 20
23.88000
 42
1.0
  0
VERTEX
 5
1213
  8
PLACEMENT_OUTLINE_TOP
 10
77.21900
 20
23.88000
 42
1.0
  0
SEQEND
  8
PLACEMENT_OUTLINE_TOP
  0
SOLID
 5
1214
  8
PADLAYER_TOP
 10
78.28620
 20
21.26380
 11
78.28620
 21
22.17820
 12
77.37180
 22
21.26380
 13
77.37180
 23
22.17820
  0
SOLID
 5
1215
  8
PADLAYER_TOP
 10
78.28620
 20
22.78780
 11
78.28620
 21
23.70220
 12
77.37180
 22
22.78780
 13
77.37180
 23
23.70220
  0
POLYLINE
 5
1216
  8
LAYNR1
 66
1
 40
0.150000
 41
0.150000
  0
VERTEX
 5
1217
  8
LAYNR1
 10
76.09900
 20
22.48300
  0
VERTEX
 5
1218
  8
LAYNR1
 10
76.79900
 20
22.48300
  0
SEQEND
  8
LAYNR1
  0
POLYLINE
 5
1219
  8
LAYNR1
 66
1
 70
1
 40
0.075000
 41
0.075000
  0
VERTEX
 5
121A
  8
LAYNR1
 10
76.06150
 20
22.48300
 42
1.0
  0
VERTEX
 5
121B
  8
LAYNR1
 10
76.13650
 20
22.48300
 42
1.0
  0
SEQEND
  8
LAYNR1
  0
POLYLINE
 5
121C
  8
LAYNR1
 66
1
 70
1
 40
0.075000
 41
0.075000
  0
VERTEX
 5
121D
  8
LAYNR1
 10
76.76150
 20
22.48300
 42
1.0
  0
VERTEX
 5
121E
  8
LAYNR1
 10
76.83650
 20
22.48300
 42
1.0
  0
SEQEND
  8
LAYNR1
  0
POLYLINE
 5
121F
  8
PLACEMENT_OUTLINE_TOP
 66
1
 40
0.100000
 41
0.100000
  0
VERTEX
 5
1220
  8
PLACEMENT_OUTLINE_TOP
 10
77.08400
 20
21.08600
  0
VERTEX
 5
1221
  8
PLACEMENT_OUTLINE_TOP
 10
77.08400
 20
23.88000
  0
SEQEND
  8
PLACEMENT_OUTLINE_TOP
  0
POLYLINE
 5
1222
  8
PLACEMENT_OUTLINE_TOP
 66
1
 70
1
 40
0.050000
 41
0.050000
  0
VERTEX
 5
1223
  8
PLACEMENT_OUTLINE_TOP
 10
77.05900
 20
21.08600
 42
1.0
  0
VERTEX
 5
1224
  8
PLACEMENT_OUTLINE_TOP
 10
77.10900
 20
21.08600
 42
1.0
  0
SEQEND
  8
PLACEMENT_OUTLINE_TOP
  0
POLYLINE
 5
1225
  8
PLACEMENT_OUTLINE_TOP
 66
1
 70
1
 40
0.050000
 41
0.050000
  0
VERTEX
 5
1226
  8
PLACEMENT_OUTLINE_TOP
 10
77.05900
 20
23.88000
 42
1.0
  0
VERTEX
 5
1227
  8
PLACEMENT_OUTLINE_TOP
 10
77.10900
 20
23.88000
 42
1.0
  0
SEQEND
  8
PLACEMENT_OUTLINE_TOP
  0
POLYLINE
 5
1228
  8
PLACEMENT_OUTLINE_TOP
 66
1
 40
0.100000
 41
0.100000
  0
VERTEX
 5
1229
  8
PLACEMENT_OUTLINE_TOP
 10
77.08400
 20
23.88000
  0
VERTEX
 5
122A
  8
PLACEMENT_OUTLINE_TOP
 10
75.81400
 20
23.88000
  0
SEQEND
  8
PLACEMENT_OUTLINE_TOP
  0
POLYLINE
 5
122B
  8
PLACEMENT_OUTLINE_TOP
 66
1
 70
1
 40
0.050000
 41
0.050000
  0
VERTEX
 5
122C
  8
PLACEMENT_OUTLINE_TOP
 10
77.05900
 20
23.88000
 42
1.0
  0
VERTEX
 5
122D
  8
PLACEMENT_OUTLINE_TOP
 10
77.10900
 20
23.88000
 42
1.0
  0
SEQEND
  8
PLACEMENT_OUTLINE_TOP
  0
POLYLINE
 5
122E
  8
PLACEMENT_OUTLINE_TOP
 66
1
 70
1
 40
0.050000
 41
0.050000
  0
VERTEX
 5
122F
  8
PLACEMENT_OUTLINE_TOP
 10
75.78900
 20
23.88000
 42
1.0
  0
VERTEX
 5
1230
  8
PLACEMENT_OUTLINE_TOP
 10
75.83900
 20
23.88000
 42
1.0
  0
SEQEND
  8
PLACEMENT_OUTLINE_TOP
  0
POLYLINE
 5
1231
  8
PLACEMENT_OUTLINE_TOP
 66
1
 40
0.100000
 41
0.100000
  0
VERTEX
 5
1232
  8
PLACEMENT_OUTLINE_TOP
 10
75.81400
 20
23.88000
  0
VERTEX
 5
1233
  8
PLACEMENT_OUTLINE_TOP
 10
75.81400
 20
21.08600
  0
SEQEND
  8
PLACEMENT_OUTLINE_TOP
  0
POLYLINE
 5
1234
  8
PLACEMENT_OUTLINE_TOP
 66
1
 70
1
 40
0.050000
 41
0.050000
  0
VERTEX
 5
1235
  8
PLACEMENT_OUTLINE_TOP
 10
75.78900
 20
23.88000
 42
1.0
  0
VERTEX
 5
1236
  8
PLACEMENT_OUTLINE_TOP
 10
75.83900
 20
23.88000
 42
1.0
  0
SEQEND
  8
PLACEMENT_OUTLINE_TOP
  0
POLYLINE
 5
1237
  8
PLACEMENT_OUTLINE_TOP
 66
1
 70
1
 40
0.050000
 41
0.050000
  0
VERTEX
 5
1238
  8
PLACEMENT_OUTLINE_TOP
 10
75.78900
 20
21.08600
 42
1.0
  0
VERTEX
 5
1239
  8
PLACEMENT_OUTLINE_TOP
 10
75.83900
 20
21.08600
 42
1.0
  0
SEQEND
  8
PLACEMENT_OUTLINE_TOP
  0
POLYLINE
 5
123A
  8
PLACEMENT_OUTLINE_TOP
 66
1
 40
0.100000
 41
0.100000
  0
VERTEX
 5
123B
  8
PLACEMENT_OUTLINE_TOP
 10
75.81400
 20
21.08600
  0
VERTEX
 5
123C
  8
PLACEMENT_OUTLINE_TOP
 10
77.08400
 20
21.08600
  0
SEQEND
  8
PLACEMENT_OUTLINE_TOP
  0
POLYLINE
 5
123D
  8
PLACEMENT_OUTLINE_TOP
 66
1
 70
1
 40
0.050000
 41
0.050000
  0
VERTEX
 5
123E
  8
PLACEMENT_OUTLINE_TOP
 10
75.78900
 20
21.08600
 42
1.0
  0
VERTEX
 5
123F
  8
PLACEMENT_OUTLINE_TOP
 10
75.83900
 20
21.08600
 42
1.0
  0
SEQEND
  8
PLACEMENT_OUTLINE_TOP
  0
POLYLINE
 5
1240
  8
PLACEMENT_OUTLINE_TOP
 66
1
 70
1
 40
0.050000
 41
0.050000
  0
VERTEX
 5
1241
  8
PLACEMENT_OUTLINE_TOP
 10
77.05900
 20
21.08600
 42
1.0
  0
VERTEX
 5
1242
  8
PLACEMENT_OUTLINE_TOP
 10
77.10900
 20
21.08600
 42
1.0
  0
SEQEND
  8
PLACEMENT_OUTLINE_TOP
  0
SOLID
 5
1243
  8
PADLAYER_TOP
 10
75.99180
 20
23.70220
 11
75.99180
 21
22.78780
 12
76.90620
 22
23.70220
 13
76.90620
 23
22.78780
  0
SOLID
 5
1244
  8
PADLAYER_TOP
 10
75.99180
 20
22.17820
 11
75.99180
 21
21.26380
 12
76.90620
 22
22.17820
 13
76.90620
 23
21.26380
  0
POLYLINE
 5
1245
  8
2DLINES_1
 66
1
 40
0.299970
 41
0.299970
  0
VERTEX
 5
1246
  8
2DLINES_1
 10
83.92600
 20
13.31900
  0
VERTEX
 5
1247
  8
2DLINES_1
 10
83.02600
 20
13.31900
  0
SEQEND
  8
2DLINES_1
  0
POLYLINE
 5
1248
  8
2DLINES_1
 66
1
 70
1
 40
0.149985
 41
0.149985
  0
VERTEX
 5
1249
  8
2DLINES_1
 10
83.85101
 20
13.31900
 42
1.0
  0
VERTEX
 5
124A
  8
2DLINES_1
 10
84.00099
 20
13.31900
 42
1.0
  0
SEQEND
  8
2DLINES_1
  0
POLYLINE
 5
124B
  8
2DLINES_1
 66
1
 70
1
 40
0.149985
 41
0.149985
  0
VERTEX
 5
124C
  8
2DLINES_1
 10
82.95101
 20
13.31900
 42
1.0
  0
VERTEX
 5
124D
  8
2DLINES_1
 10
83.10099
 20
13.31900
 42
1.0
  0
SEQEND
  8
2DLINES_1
  0
POLYLINE
 5
124E
  8
2DLINES_1
 66
1
 40
0.299970
 41
0.299970
  0
VERTEX
 5
124F
  8
2DLINES_1
 10
83.02600
 20
13.31900
  0
VERTEX
 5
1250
  8
2DLINES_1
 10
83.02600
 20
10.91900
  0
SEQEND
  8
2DLINES_1
  0
POLYLINE
 5
1251
  8
2DLINES_1
 66
1
 70
1
 40
0.149985
 41
0.149985
  0
VERTEX
 5
1252
  8
2DLINES_1
 10
82.95101
 20
13.31900
 42
1.0
  0
VERTEX
 5
1253
  8
2DLINES_1
 10
83.10099
 20
13.31900
 42
1.0
  0
SEQEND
  8
2DLINES_1
  0
POLYLINE
 5
1254
  8
2DLINES_1
 66
1
 70
1
 40
0.149985
 41
0.149985
  0
VERTEX
 5
1255
  8
2DLINES_1
 10
82.95101
 20
10.91900
 42
1.0
  0
VERTEX
 5
1256
  8
2DLINES_1
 10
83.10099
 20
10.91900
 42
1.0
  0
SEQEND
  8
2DLINES_1
  0
POLYLINE
 5
1257
  8
2DLINES_1
 66
1
 40
0.299970
 41
0.299970
  0
VERTEX
 5
1258
  8
2DLINES_1
 10
85.32600
 20
13.31900
  0
VERTEX
 5
1259
  8
2DLINES_1
 10
86.22600
 20
13.31900
  0
SEQEND
  8
2DLINES_1
  0
POLYLINE
 5
125A
  8
2DLINES_1
 66
1
 70
1
 40
0.149985
 41
0.149985
  0
VERTEX
 5
125B
  8
2DLINES_1
 10
85.25101
 20
13.31900
 42
1.0
  0
VERTEX
 5
125C
  8
2DLINES_1
 10
85.40099
 20
13.31900
 42
1.0
  0
SEQEND
  8
2DLINES_1
  0
POLYLINE
 5
125D
  8
2DLINES_1
 66
1
 70
1
 40
0.149985
 41
0.149985
  0
VERTEX
 5
125E
  8
2DLINES_1
 10
86.15101
 20
13.31900
 42
1.0
  0
VERTEX
 5
125F
  8
2DLINES_1
 10
86.30099
 20
13.31900
 42
1.0
  0
SEQEND
  8
2DLINES_1
  0
POLYLINE
 5
1260
  8
2DLINES_1
 66
1
 40
0.299970
 41
0.299970
  0
VERTEX
 5
1261
  8
2DLINES_1
 10
86.22600
 20
13.31900
  0
VERTEX
 5
1262
  8
2DLINES_1
 10
86.22600
 20
10.91900
  0
SEQEND
  8
2DLINES_1
  0
POLYLINE
 5
1263
  8
2DLINES_1
 66
1
 70
1
 40
0.149985
 41
0.149985
  0
VERTEX
 5
1264
  8
2DLINES_1
 10
86.15101
 20
13.31900
 42
1.0
  0
VERTEX
 5
1265
  8
2DLINES_1
 10
86.30099
 20
13.31900
 42
1.0
  0
SEQEND
  8
2DLINES_1
  0
POLYLINE
 5
1266
  8
2DLINES_1
 66
1
 70
1
 40
0.149985
 41
0.149985
  0
VERTEX
 5
1267
  8
2DLINES_1
 10
86.15101
 20
10.91900
 42
1.0
  0
VERTEX
 5
1268
  8
2DLINES_1
 10
86.30099
 20
10.91900
 42
1.0
  0
SEQEND
  8
2DLINES_1
  0
POLYLINE
 5
1269
  8
PLACEMENT_OUTLINE_TOP
 66
1
 40
0.299970
 41
0.299970
  0
VERTEX
 5
126A
  8
PLACEMENT_OUTLINE_TOP
 10
82.72100
 20
11.80150
  0
VERTEX
 5
126B
  8
PLACEMENT_OUTLINE_TOP
 10
82.72100
 20
9.89650
  0
SEQEND
  8
PLACEMENT_OUTLINE_TOP
  0
POLYLINE
 5
126C
  8
PLACEMENT_OUTLINE_TOP
 66
1
 70
1
 40
0.149985
 41
0.149985
  0
VERTEX
 5
126D
  8
PLACEMENT_OUTLINE_TOP
 10
82.64601
 20
11.80150
 42
1.0
  0
VERTEX
 5
126E
  8
PLACEMENT_OUTLINE_TOP
 10
82.79599
 20
11.80150
 42
1.0
  0
SEQEND
  8
PLACEMENT_OUTLINE_TOP
  0
POLYLINE
 5
126F
  8
PLACEMENT_OUTLINE_TOP
 66
1
 70
1
 40
0.149985
 41
0.149985
  0
VERTEX
 5
1270
  8
PLACEMENT_OUTLINE_TOP
 10
82.64601
 20
9.89650
 42
1.0
  0
VERTEX
 5
1271
  8
PLACEMENT_OUTLINE_TOP
 10
82.79599
 20
9.89650
 42
1.0
  0
SEQEND
  8
PLACEMENT_OUTLINE_TOP
  0
POLYLINE
 5
1272
  8
PLACEMENT_OUTLINE_TOP
 66
1
 40
0.299970
 41
0.299970
  0
VERTEX
 5
1273
  8
PLACEMENT_OUTLINE_TOP
 10
82.72100
 20
9.89650
  0
VERTEX
 5
1274
  8
PLACEMENT_OUTLINE_TOP
 10
86.53100
 20
9.89650
  0
SEQEND
  8
PLACEMENT_OUTLINE_TOP
  0
POLYLINE
 5
1275
  8
PLACEMENT_OUTLINE_TOP
 66
1
 70
1
 40
0.149985
 41
0.149985
  0
VERTEX
 5
1276
  8
PLACEMENT_OUTLINE_TOP
 10
82.64601
 20
9.89650
 42
1.0
  0
VERTEX
 5
1277
  8
PLACEMENT_OUTLINE_TOP
 10
82.79599
 20
9.89650
 42
1.0
  0
SEQEND
  8
PLACEMENT_OUTLINE_TOP
  0
POLYLINE
 5
1278
  8
PLACEMENT_OUTLINE_TOP
 66
1
 70
1
 40
0.149985
 41
0.149985
  0
VERTEX
 5
1279
  8
PLACEMENT_OUTLINE_TOP
 10
86.45601
 20
9.89650
 42
1.0
  0
VERTEX
 5
127A
  8
PLACEMENT_OUTLINE_TOP
 10
86.60599
 20
9.89650
 42
1.0
  0
SEQEND
  8
PLACEMENT_OUTLINE_TOP
  0
POLYLINE
 5
127B
  8
PLACEMENT_OUTLINE_TOP
 66
1
 40
0.299970
 41
0.299970
  0
VERTEX
 5
127C
  8
PLACEMENT_OUTLINE_TOP
 10
86.53100
 20
9.89650
  0
VERTEX
 5
127D
  8
PLACEMENT_OUTLINE_TOP
 10
86.53100
 20
14.34150
  0
SEQEND
  8
PLACEMENT_OUTLINE_TOP
  0
POLYLINE
 5
127E
  8
PLACEMENT_OUTLINE_TOP
 66
1
 70
1
 40
0.149985
 41
0.149985
  0
VERTEX
 5
127F
  8
PLACEMENT_OUTLINE_TOP
 10
86.45601
 20
9.89650
 42
1.0
  0
VERTEX
 5
1280
  8
PLACEMENT_OUTLINE_TOP
 10
86.60599
 20
9.89650
 42
1.0
  0
SEQEND
  8
PLACEMENT_OUTLINE_TOP
  0
POLYLINE
 5
1281
  8
PLACEMENT_OUTLINE_TOP
 66
1
 70
1
 40
0.149985
 41
0.149985
  0
VERTEX
 5
1282
  8
PLACEMENT_OUTLINE_TOP
 10
86.45601
 20
14.34150
 42
1.0
  0
VERTEX
 5
1283
  8
PLACEMENT_OUTLINE_TOP
 10
86.60599
 20
14.34150
 42
1.0
  0
SEQEND
  8
PLACEMENT_OUTLINE_TOP
  0
POLYLINE
 5
1284
  8
PLACEMENT_OUTLINE_TOP
 66
1
 40
0.299970
 41
0.299970
  0
VERTEX
 5
1285
  8
PLACEMENT_OUTLINE_TOP
 10
86.53100
 20
14.34150
  0
VERTEX
 5
1286
  8
PLACEMENT_OUTLINE_TOP
 10
82.72100
 20
14.34150
  0
SEQEND
  8
PLACEMENT_OUTLINE_TOP
  0
POLYLINE
 5
1287
  8
PLACEMENT_OUTLINE_TOP
 66
1
 70
1
 40
0.149985
 41
0.149985
  0
VERTEX
 5
1288
  8
PLACEMENT_OUTLINE_TOP
 10
86.45601
 20
14.34150
 42
1.0
  0
VERTEX
 5
1289
  8
PLACEMENT_OUTLINE_TOP
 10
86.60599
 20
14.34150
 42
1.0
  0
SEQEND
  8
PLACEMENT_OUTLINE_TOP
  0
POLYLINE
 5
128A
  8
PLACEMENT_OUTLINE_TOP
 66
1
 70
1
 40
0.149985
 41
0.149985
  0
VERTEX
 5
128B
  8
PLACEMENT_OUTLINE_TOP
 10
82.64601
 20
14.34150
 42
1.0
  0
VERTEX
 5
128C
  8
PLACEMENT_OUTLINE_TOP
 10
82.79599
 20
14.34150
 42
1.0
  0
SEQEND
  8
PLACEMENT_OUTLINE_TOP
  0
POLYLINE
 5
128D
  8
PLACEMENT_OUTLINE_TOP
 66
1
 40
0.299970
 41
0.299970
  0
VERTEX
 5
128E
  8
PLACEMENT_OUTLINE_TOP
 10
82.72100
 20
14.34150
  0
VERTEX
 5
128F
  8
PLACEMENT_OUTLINE_TOP
 10
82.72100
 20
11.80150
  0
SEQEND
  8
PLACEMENT_OUTLINE_TOP
  0
POLYLINE
 5
1290
  8
PLACEMENT_OUTLINE_TOP
 66
1
 70
1
 40
0.149985
 41
0.149985
  0
VERTEX
 5
1291
  8
PLACEMENT_OUTLINE_TOP
 10
82.64601
 20
14.34150
 42
1.0
  0
VERTEX
 5
1292
  8
PLACEMENT_OUTLINE_TOP
 10
82.79599
 20
14.34150
 42
1.0
  0
SEQEND
  8
PLACEMENT_OUTLINE_TOP
  0
POLYLINE
 5
1293
  8
PLACEMENT_OUTLINE_TOP
 66
1
 70
1
 40
0.149985
 41
0.149985
  0
VERTEX
 5
1294
  8
PLACEMENT_OUTLINE_TOP
 10
82.64601
 20
11.80150
 42
1.0
  0
VERTEX
 5
1295
  8
PLACEMENT_OUTLINE_TOP
 10
82.79599
 20
11.80150
 42
1.0
  0
SEQEND
  8
PLACEMENT_OUTLINE_TOP
  0
SOLID
 5
1296
  8
PADLAYER_TOP
 10
84.05700
 20
10.34750
 11
84.05700
 21
11.49050
 12
83.29500
 22
10.34750
 13
83.29500
 23
11.49050
  0
SOLID
 5
1297
  8
PADLAYER_TOP
 10
85.95700
 20
10.34750
 11
85.95700
 21
11.49050
 12
85.19500
 22
10.34750
 13
85.19500
 23
11.49050
  0
SOLID
 5
1298
  8
PADLAYER_TOP
 10
85.00700
 20
12.74750
 11
85.00700
 21
13.89050
 12
84.24500
 22
12.74750
 13
84.24500
 23
13.89050
  0
POLYLINE
 5
1299
  8
LAYNR1
 66
1
 40
0.150000
 41
0.150000
  0
VERTEX
 5
129A
  8
LAYNR1
 10
81.17000
 20
15.80300
  0
VERTEX
 5
129B
  8
LAYNR1
 10
81.87000
 20
15.80300
  0
SEQEND
  8
LAYNR1
  0
POLYLINE
 5
129C
  8
LAYNR1
 66
1
 70
1
 40
0.075000
 41
0.075000
  0
VERTEX
 5
129D
  8
LAYNR1
 10
81.13250
 20
15.80300
 42
1.0
  0
VERTEX
 5
129E
  8
LAYNR1
 10
81.20750
 20
15.80300
 42
1.0
  0
SEQEND
  8
LAYNR1
  0
POLYLINE
 5
129F
  8
LAYNR1
 66
1
 70
1
 40
0.075000
 41
0.075000
  0
VERTEX
 5
12A0
  8
LAYNR1
 10
81.83250
 20
15.80300
 42
1.0
  0
VERTEX
 5
12A1
  8
LAYNR1
 10
81.90750
 20
15.80300
 42
1.0
  0
SEQEND
  8
LAYNR1
  0
POLYLINE
 5
12A2
  8
PLACEMENT_OUTLINE_TOP
 66
1
 40
0.100000
 41
0.100000
  0
VERTEX
 5
12A3
  8
PLACEMENT_OUTLINE_TOP
 10
82.15500
 20
14.40600
  0
VERTEX
 5
12A4
  8
PLACEMENT_OUTLINE_TOP
 10
82.15500
 20
17.20000
  0
SEQEND
  8
PLACEMENT_OUTLINE_TOP
  0
POLYLINE
 5
12A5
  8
PLACEMENT_OUTLINE_TOP
 66
1
 70
1
 40
0.050000
 41
0.050000
  0
VERTEX
 5
12A6
  8
PLACEMENT_OUTLINE_TOP
 10
82.13000
 20
14.40600
 42
1.0
  0
VERTEX
 5
12A7
  8
PLACEMENT_OUTLINE_TOP
 10
82.18000
 20
14.40600
 42
1.0
  0
SEQEND
  8
PLACEMENT_OUTLINE_TOP
  0
POLYLINE
 5
12A8
  8
PLACEMENT_OUTLINE_TOP
 66
1
 70
1
 40
0.050000
 41
0.050000
  0
VERTEX
 5
12A9
  8
PLACEMENT_OUTLINE_TOP
 10
82.13000
 20
17.20000
 42
1.0
  0
VERTEX
 5
12AA
  8
PLACEMENT_OUTLINE_TOP
 10
82.18000
 20
17.20000
 42
1.0
  0
SEQEND
  8
PLACEMENT_OUTLINE_TOP
  0
POLYLINE
 5
12AB
  8
PLACEMENT_OUTLINE_TOP
 66
1
 40
0.100000
 41
0.100000
  0
VERTEX
 5
12AC
  8
PLACEMENT_OUTLINE_TOP
 10
82.15500
 20
17.20000
  0
VERTEX
 5
12AD
  8
PLACEMENT_OUTLINE_TOP
 10
80.88500
 20
17.20000
  0
SEQEND
  8
PLACEMENT_OUTLINE_TOP
  0
POLYLINE
 5
12AE
  8
PLACEMENT_OUTLINE_TOP
 66
1
 70
1
 40
0.050000
 41
0.050000
  0
VERTEX
 5
12AF
  8
PLACEMENT_OUTLINE_TOP
 10
82.13000
 20
17.20000
 42
1.0
  0
VERTEX
 5
12B0
  8
PLACEMENT_OUTLINE_TOP
 10
82.18000
 20
17.20000
 42
1.0
  0
SEQEND
  8
PLACEMENT_OUTLINE_TOP
  0
POLYLINE
 5
12B1
  8
PLACEMENT_OUTLINE_TOP
 66
1
 70
1
 40
0.050000
 41
0.050000
  0
VERTEX
 5
12B2
  8
PLACEMENT_OUTLINE_TOP
 10
80.86000
 20
17.20000
 42
1.0
  0
VERTEX
 5
12B3
  8
PLACEMENT_OUTLINE_TOP
 10
80.91000
 20
17.20000
 42
1.0
  0
SEQEND
  8
PLACEMENT_OUTLINE_TOP
  0
POLYLINE
 5
12B4
  8
PLACEMENT_OUTLINE_TOP
 66
1
 40
0.100000
 41
0.100000
  0
VERTEX
 5
12B5
  8
PLACEMENT_OUTLINE_TOP
 10
80.88500
 20
17.20000
  0
VERTEX
 5
12B6
  8
PLACEMENT_OUTLINE_TOP
 10
80.88500
 20
14.40600
  0
SEQEND
  8
PLACEMENT_OUTLINE_TOP
  0
POLYLINE
 5
12B7
  8
PLACEMENT_OUTLINE_TOP
 66
1
 70
1
 40
0.050000
 41
0.050000
  0
VERTEX
 5
12B8
  8
PLACEMENT_OUTLINE_TOP
 10
80.86000
 20
17.20000
 42
1.0
  0
VERTEX
 5
12B9
  8
PLACEMENT_OUTLINE_TOP
 10
80.91000
 20
17.20000
 42
1.0
  0
SEQEND
  8
PLACEMENT_OUTLINE_TOP
  0
POLYLINE
 5
12BA
  8
PLACEMENT_OUTLINE_TOP
 66
1
 70
1
 40
0.050000
 41
0.050000
  0
VERTEX
 5
12BB
  8
PLACEMENT_OUTLINE_TOP
 10
80.86000
 20
14.40600
 42
1.0
  0
VERTEX
 5
12BC
  8
PLACEMENT_OUTLINE_TOP
 10
80.91000
 20
14.40600
 42
1.0
  0
SEQEND
  8
PLACEMENT_OUTLINE_TOP
  0
POLYLINE
 5
12BD
  8
PLACEMENT_OUTLINE_TOP
 66
1
 40
0.100000
 41
0.100000
  0
VERTEX
 5
12BE
  8
PLACEMENT_OUTLINE_TOP
 10
80.88500
 20
14.40600
  0
VERTEX
 5
12BF
  8
PLACEMENT_OUTLINE_TOP
 10
82.15500
 20
14.40600
  0
SEQEND
  8
PLACEMENT_OUTLINE_TOP
  0
POLYLINE
 5
12C0
  8
PLACEMENT_OUTLINE_TOP
 66
1
 70
1
 40
0.050000
 41
0.050000
  0
VERTEX
 5
12C1
  8
PLACEMENT_OUTLINE_TOP
 10
80.86000
 20
14.40600
 42
1.0
  0
VERTEX
 5
12C2
  8
PLACEMENT_OUTLINE_TOP
 10
80.91000
 20
14.40600
 42
1.0
  0
SEQEND
  8
PLACEMENT_OUTLINE_TOP
  0
POLYLINE
 5
12C3
  8
PLACEMENT_OUTLINE_TOP
 66
1
 70
1
 40
0.050000
 41
0.050000
  0
VERTEX
 5
12C4
  8
PLACEMENT_OUTLINE_TOP
 10
82.13000
 20
14.40600
 42
1.0
  0
VERTEX
 5
12C5
  8
PLACEMENT_OUTLINE_TOP
 10
82.18000
 20
14.40600
 42
1.0
  0
SEQEND
  8
PLACEMENT_OUTLINE_TOP
  0
SOLID
 5
12C6
  8
PADLAYER_TOP
 10
81.06280
 20
17.02220
 11
81.06280
 21
16.10780
 12
81.97720
 22
17.02220
 13
81.97720
 23
16.10780
  0
SOLID
 5
12C7
  8
PADLAYER_TOP
 10
81.06280
 20
15.49820
 11
81.06280
 21
14.58380
 12
81.97720
 22
15.49820
 13
81.97720
 23
14.58380
  0
POLYLINE
 5
12C8
  8
2DLINES_1
 66
1
 40
0.200000
 41
0.200000
  0
VERTEX
 5
12C9
  8
2DLINES_1
 10
9.85000
 20
6.80000
  0
VERTEX
 5
12CA
  8
2DLINES_1
 10
17.15000
 20
6.80000
  0
SEQEND
  8
2DLINES_1
  0
POLYLINE
 5
12CB
  8
2DLINES_1
 66
1
 70
1
 40
0.100000
 41
0.100000
  0
VERTEX
 5
12CC
  8
2DLINES_1
 10
9.80000
 20
6.80000
 42
1.0
  0
VERTEX
 5
12CD
  8
2DLINES_1
 10
9.90000
 20
6.80000
 42
1.0
  0
SEQEND
  8
2DLINES_1
  0
POLYLINE
 5
12CE
  8
2DLINES_1
 66
1
 70
1
 40
0.100000
 41
0.100000
  0
VERTEX
 5
12CF
  8
2DLINES_1
 10
17.10000
 20
6.80000
 42
1.0
  0
VERTEX
 5
12D0
  8
2DLINES_1
 10
17.20000
 20
6.80000
 42
1.0
  0
SEQEND
  8
2DLINES_1
  0
POLYLINE
 5
12D1
  8
2DLINES_1
 66
1
 40
0.200000
 41
0.200000
  0
VERTEX
 5
12D2
  8
2DLINES_1
 10
17.15000
 20
6.80000
  0
VERTEX
 5
12D3
  8
2DLINES_1
 10
17.15000
 20
0.30000
  0
SEQEND
  8
2DLINES_1
  0
POLYLINE
 5
12D4
  8
2DLINES_1
 66
1
 70
1
 40
0.100000
 41
0.100000
  0
VERTEX
 5
12D5
  8
2DLINES_1
 10
17.10000
 20
6.80000
 42
1.0
  0
VERTEX
 5
12D6
  8
2DLINES_1
 10
17.20000
 20
6.80000
 42
1.0
  0
SEQEND
  8
2DLINES_1
  0
POLYLINE
 5
12D7
  8
2DLINES_1
 66
1
 70
1
 40
0.100000
 41
0.100000
  0
VERTEX
 5
12D8
  8
2DLINES_1
 10
17.10000
 20
0.30000
 42
1.0
  0
VERTEX
 5
12D9
  8
2DLINES_1
 10
17.20000
 20
0.30000
 42
1.0
  0
SEQEND
  8
2DLINES_1
  0
POLYLINE
 5
12DA
  8
2DLINES_1
 66
1
 40
0.200000
 41
0.200000
  0
VERTEX
 5
12DB
  8
2DLINES_1
 10
17.15000
 20
0.30000
  0
VERTEX
 5
12DC
  8
2DLINES_1
 10
9.85000
 20
0.30000
  0
SEQEND
  8
2DLINES_1
  0
POLYLINE
 5
12DD
  8
2DLINES_1
 66
1
 70
1
 40
0.100000
 41
0.100000
  0
VERTEX
 5
12DE
  8
2DLINES_1
 10
17.10000
 20
0.30000
 42
1.0
  0
VERTEX
 5
12DF
  8
2DLINES_1
 10
17.20000
 20
0.30000
 42
1.0
  0
SEQEND
  8
2DLINES_1
  0
POLYLINE
 5
12E0
  8
2DLINES_1
 66
1
 70
1
 40
0.100000
 41
0.100000
  0
VERTEX
 5
12E1
  8
2DLINES_1
 10
9.80000
 20
0.30000
 42
1.0
  0
VERTEX
 5
12E2
  8
2DLINES_1
 10
9.90000
 20
0.30000
 42
1.0
  0
SEQEND
  8
2DLINES_1
  0
POLYLINE
 5
12E3
  8
2DLINES_1
 66
1
 40
0.200000
 41
0.200000
  0
VERTEX
 5
12E4
  8
2DLINES_1
 10
9.85000
 20
0.30000
  0
VERTEX
 5
12E5
  8
2DLINES_1
 10
9.85000
 20
6.80000
  0
SEQEND
  8
2DLINES_1
  0
POLYLINE
 5
12E6
  8
2DLINES_1
 66
1
 70
1
 40
0.100000
 41
0.100000
  0
VERTEX
 5
12E7
  8
2DLINES_1
 10
9.80000
 20
0.30000
 42
1.0
  0
VERTEX
 5
12E8
  8
2DLINES_1
 10
9.90000
 20
0.30000
 42
1.0
  0
SEQEND
  8
2DLINES_1
  0
POLYLINE
 5
12E9
  8
2DLINES_1
 66
1
 70
1
 40
0.100000
 41
0.100000
  0
VERTEX
 5
12EA
  8
2DLINES_1
 10
9.80000
 20
6.80000
 42
1.0
  0
VERTEX
 5
12EB
  8
2DLINES_1
 10
9.90000
 20
6.80000
 42
1.0
  0
SEQEND
  8
2DLINES_1
  0
POLYLINE
 5
12EC
  8
2DLINES_1
 66
1
 40
0.200000
 41
0.200000
  0
VERTEX
 5
12ED
  8
2DLINES_1
 10
11.75000
 20
0.30000
  0
VERTEX
 5
12EE
  8
2DLINES_1
 10
15.25000
 20
0.30000
  0
SEQEND
  8
2DLINES_1
  0
POLYLINE
 5
12EF
  8
2DLINES_1
 66
1
 70
1
 40
0.100000
 41
0.100000
  0
VERTEX
 5
12F0
  8
2DLINES_1
 10
11.70000
 20
0.30000
 42
1.0
  0
VERTEX
 5
12F1
  8
2DLINES_1
 10
11.80000
 20
0.30000
 42
1.0
  0
SEQEND
  8
2DLINES_1
  0
POLYLINE
 5
12F2
  8
2DLINES_1
 66
1
 70
1
 40
0.100000
 41
0.100000
  0
VERTEX
 5
12F3
  8
2DLINES_1
 10
15.20000
 20
0.30000
 42
1.0
  0
VERTEX
 5
12F4
  8
2DLINES_1
 10
15.30000
 20
0.30000
 42
1.0
  0
SEQEND
  8
2DLINES_1
  0
POLYLINE
 5
12F5
  8
2DLINES_1
 66
1
 40
0.200000
 41
0.200000
  0
VERTEX
 5
12F6
  8
2DLINES_1
 10
15.25000
 20
0.30000
  0
VERTEX
 5
12F7
  8
2DLINES_1
 10
15.25000
 20
-9.21800
  0
SEQEND
  8
2DLINES_1
  0
POLYLINE
 5
12F8
  8
2DLINES_1
 66
1
 70
1
 40
0.100000
 41
0.100000
  0
VERTEX
 5
12F9
  8
2DLINES_1
 10
15.20000
 20
0.30000
 42
1.0
  0
VERTEX
 5
12FA
  8
2DLINES_1
 10
15.30000
 20
0.30000
 42
1.0
  0
SEQEND
  8
2DLINES_1
  0
POLYLINE
 5
12FB
  8
2DLINES_1
 66
1
 70
1
 40
0.100000
 41
0.100000
  0
VERTEX
 5
12FC
  8
2DLINES_1
 10
15.20000
 20
-9.21800
 42
1.0
  0
VERTEX
 5
12FD
  8
2DLINES_1
 10
15.30000
 20
-9.21800
 42
1.0
  0
SEQEND
  8
2DLINES_1
  0
POLYLINE
 5
12FE
  8
2DLINES_1
 66
1
 40
0.200000
 41
0.200000
  0
VERTEX
 5
12FF
  8
2DLINES_1
 10
15.25000
 20
-9.21800
  0
VERTEX
 5
1300
  8
2DLINES_1
 10
11.75000
 20
-9.21800
  0
SEQEND
  8
2DLINES_1
  0
POLYLINE
 5
1301
  8
2DLINES_1
 66
1
 70
1
 40
0.100000
 41
0.100000
  0
VERTEX
 5
1302
  8
2DLINES_1
 10
15.20000
 20
-9.21800
 42
1.0
  0
VERTEX
 5
1303
  8
2DLINES_1
 10
15.30000
 20
-9.21800
 42
1.0
  0
SEQEND
  8
2DLINES_1
  0
POLYLINE
 5
1304
  8
2DLINES_1
 66
1
 70
1
 40
0.100000
 41
0.100000
  0
VERTEX
 5
1305
  8
2DLINES_1
 10
11.70000
 20
-9.21800
 42
1.0
  0
VERTEX
 5
1306
  8
2DLINES_1
 10
11.80000
 20
-9.21800
 42
1.0
  0
SEQEND
  8
2DLINES_1
  0
POLYLINE
 5
1307
  8
2DLINES_1
 66
1
 40
0.200000
 41
0.200000
  0
VERTEX
 5
1308
  8
2DLINES_1
 10
11.75000
 20
-9.21800
  0
VERTEX
 5
1309
  8
2DLINES_1
 10
11.75000
 20
0.30000
  0
SEQEND
  8
2DLINES_1
  0
POLYLINE
 5
130A
  8
2DLINES_1
 66
1
 70
1
 40
0.100000
 41
0.100000
  0
VERTEX
 5
130B
  8
2DLINES_1
 10
11.70000
 20
-9.21800
 42
1.0
  0
VERTEX
 5
130C
  8
2DLINES_1
 10
11.80000
 20
-9.21800
 42
1.0
  0
SEQEND
  8
2DLINES_1
  0
POLYLINE
 5
130D
  8
2DLINES_1
 66
1
 70
1
 40
0.100000
 41
0.100000
  0
VERTEX
 5
130E
  8
2DLINES_1
 10
11.70000
 20
0.30000
 42
1.0
  0
VERTEX
 5
130F
  8
2DLINES_1
 10
11.80000
 20
0.30000
 42
1.0
  0
SEQEND
  8
2DLINES_1
  0
POLYLINE
 5
1310
  8
PLACEMENT_OUTLINE_TOP
 66
1
 40
0.200000
 41
0.200000
  0
VERTEX
 5
1311
  8
PLACEMENT_OUTLINE_TOP
 10
9.85000
 20
6.80000
  0
VERTEX
 5
1312
  8
PLACEMENT_OUTLINE_TOP
 10
17.15000
 20
6.80000
  0
SEQEND
  8
PLACEMENT_OUTLINE_TOP
  0
POLYLINE
 5
1313
  8
PLACEMENT_OUTLINE_TOP
 66
1
 70
1
 40
0.100000
 41
0.100000
  0
VERTEX
 5
1314
  8
PLACEMENT_OUTLINE_TOP
 10
9.80000
 20
6.80000
 42
1.0
  0
VERTEX
 5
1315
  8
PLACEMENT_OUTLINE_TOP
 10
9.90000
 20
6.80000
 42
1.0
  0
SEQEND
  8
PLACEMENT_OUTLINE_TOP
  0
POLYLINE
 5
1316
  8
PLACEMENT_OUTLINE_TOP
 66
1
 70
1
 40
0.100000
 41
0.100000
  0
VERTEX
 5
1317
  8
PLACEMENT_OUTLINE_TOP
 10
17.10000
 20
6.80000
 42
1.0
  0
VERTEX
 5
1318
  8
PLACEMENT_OUTLINE_TOP
 10
17.20000
 20
6.80000
 42
1.0
  0
SEQEND
  8
PLACEMENT_OUTLINE_TOP
  0
POLYLINE
 5
1319
  8
PLACEMENT_OUTLINE_TOP
 66
1
 40
0.200000
 41
0.200000
  0
VERTEX
 5
131A
  8
PLACEMENT_OUTLINE_TOP
 10
17.15000
 20
6.80000
  0
VERTEX
 5
131B
  8
PLACEMENT_OUTLINE_TOP
 10
17.15000
 20
0.30000
  0
SEQEND
  8
PLACEMENT_OUTLINE_TOP
  0
POLYLINE
 5
131C
  8
PLACEMENT_OUTLINE_TOP
 66
1
 70
1
 40
0.100000
 41
0.100000
  0
VERTEX
 5
131D
  8
PLACEMENT_OUTLINE_TOP
 10
17.10000
 20
6.80000
 42
1.0
  0
VERTEX
 5
131E
  8
PLACEMENT_OUTLINE_TOP
 10
17.20000
 20
6.80000
 42
1.0
  0
SEQEND
  8
PLACEMENT_OUTLINE_TOP
  0
POLYLINE
 5
131F
  8
PLACEMENT_OUTLINE_TOP
 66
1
 70
1
 40
0.100000
 41
0.100000
  0
VERTEX
 5
1320
  8
PLACEMENT_OUTLINE_TOP
 10
17.10000
 20
0.30000
 42
1.0
  0
VERTEX
 5
1321
  8
PLACEMENT_OUTLINE_TOP
 10
17.20000
 20
0.30000
 42
1.0
  0
SEQEND
  8
PLACEMENT_OUTLINE_TOP
  0
POLYLINE
 5
1322
  8
PLACEMENT_OUTLINE_TOP
 66
1
 40
0.200000
 41
0.200000
  0
VERTEX
 5
1323
  8
PLACEMENT_OUTLINE_TOP
 10
17.15000
 20
0.30000
  0
VERTEX
 5
1324
  8
PLACEMENT_OUTLINE_TOP
 10
9.85000
 20
0.30000
  0
SEQEND
  8
PLACEMENT_OUTLINE_TOP
  0
POLYLINE
 5
1325
  8
PLACEMENT_OUTLINE_TOP
 66
1
 70
1
 40
0.100000
 41
0.100000
  0
VERTEX
 5
1326
  8
PLACEMENT_OUTLINE_TOP
 10
17.10000
 20
0.30000
 42
1.0
  0
VERTEX
 5
1327
  8
PLACEMENT_OUTLINE_TOP
 10
17.20000
 20
0.30000
 42
1.0
  0
SEQEND
  8
PLACEMENT_OUTLINE_TOP
  0
POLYLINE
 5
1328
  8
PLACEMENT_OUTLINE_TOP
 66
1
 70
1
 40
0.100000
 41
0.100000
  0
VERTEX
 5
1329
  8
PLACEMENT_OUTLINE_TOP
 10
9.80000
 20
0.30000
 42
1.0
  0
VERTEX
 5
132A
  8
PLACEMENT_OUTLINE_TOP
 10
9.90000
 20
0.30000
 42
1.0
  0
SEQEND
  8
PLACEMENT_OUTLINE_TOP
  0
POLYLINE
 5
132B
  8
PLACEMENT_OUTLINE_TOP
 66
1
 40
0.200000
 41
0.200000
  0
VERTEX
 5
132C
  8
PLACEMENT_OUTLINE_TOP
 10
9.85000
 20
0.30000
  0
VERTEX
 5
132D
  8
PLACEMENT_OUTLINE_TOP
 10
9.85000
 20
6.80000
  0
SEQEND
  8
PLACEMENT_OUTLINE_TOP
  0
POLYLINE
 5
132E
  8
PLACEMENT_OUTLINE_TOP
 66
1
 70
1
 40
0.100000
 41
0.100000
  0
VERTEX
 5
132F
  8
PLACEMENT_OUTLINE_TOP
 10
9.80000
 20
0.30000
 42
1.0
  0
VERTEX
 5
1330
  8
PLACEMENT_OUTLINE_TOP
 10
9.90000
 20
0.30000
 42
1.0
  0
SEQEND
  8
PLACEMENT_OUTLINE_TOP
  0
POLYLINE
 5
1331
  8
PLACEMENT_OUTLINE_TOP
 66
1
 70
1
 40
0.100000
 41
0.100000
  0
VERTEX
 5
1332
  8
PLACEMENT_OUTLINE_TOP
 10
9.80000
 20
6.80000
 42
1.0
  0
VERTEX
 5
1333
  8
PLACEMENT_OUTLINE_TOP
 10
9.90000
 20
6.80000
 42
1.0
  0
SEQEND
  8
PLACEMENT_OUTLINE_TOP
  0
POLYLINE
 5
1334
  8
PLACEMENT_OUTLINE_TOP
 66
1
 40
0.200000
 41
0.200000
  0
VERTEX
 5
1335
  8
PLACEMENT_OUTLINE_TOP
 10
11.75000
 20
0.30000
  0
VERTEX
 5
1336
  8
PLACEMENT_OUTLINE_TOP
 10
15.25000
 20
0.30000
  0
SEQEND
  8
PLACEMENT_OUTLINE_TOP
  0
POLYLINE
 5
1337
  8
PLACEMENT_OUTLINE_TOP
 66
1
 70
1
 40
0.100000
 41
0.100000
  0
VERTEX
 5
1338
  8
PLACEMENT_OUTLINE_TOP
 10
11.70000
 20
0.30000
 42
1.0
  0
VERTEX
 5
1339
  8
PLACEMENT_OUTLINE_TOP
 10
11.80000
 20
0.30000
 42
1.0
  0
SEQEND
  8
PLACEMENT_OUTLINE_TOP
  0
POLYLINE
 5
133A
  8
PLACEMENT_OUTLINE_TOP
 66
1
 70
1
 40
0.100000
 41
0.100000
  0
VERTEX
 5
133B
  8
PLACEMENT_OUTLINE_TOP
 10
15.20000
 20
0.30000
 42
1.0
  0
VERTEX
 5
133C
  8
PLACEMENT_OUTLINE_TOP
 10
15.30000
 20
0.30000
 42
1.0
  0
SEQEND
  8
PLACEMENT_OUTLINE_TOP
  0
POLYLINE
 5
133D
  8
PLACEMENT_OUTLINE_TOP
 66
1
 40
0.200000
 41
0.200000
  0
VERTEX
 5
133E
  8
PLACEMENT_OUTLINE_TOP
 10
15.25000
 20
0.30000
  0
VERTEX
 5
133F
  8
PLACEMENT_OUTLINE_TOP
 10
15.25000
 20
-9.21800
  0
SEQEND
  8
PLACEMENT_OUTLINE_TOP
  0
POLYLINE
 5
1340
  8
PLACEMENT_OUTLINE_TOP
 66
1
 70
1
 40
0.100000
 41
0.100000
  0
VERTEX
 5
1341
  8
PLACEMENT_OUTLINE_TOP
 10
15.20000
 20
0.30000
 42
1.0
  0
VERTEX
 5
1342
  8
PLACEMENT_OUTLINE_TOP
 10
15.30000
 20
0.30000
 42
1.0
  0
SEQEND
  8
PLACEMENT_OUTLINE_TOP
  0
POLYLINE
 5
1343
  8
PLACEMENT_OUTLINE_TOP
 66
1
 70
1
 40
0.100000
 41
0.100000
  0
VERTEX
 5
1344
  8
PLACEMENT_OUTLINE_TOP
 10
15.20000
 20
-9.21800
 42
1.0
  0
VERTEX
 5
1345
  8
PLACEMENT_OUTLINE_TOP
 10
15.30000
 20
-9.21800
 42
1.0
  0
SEQEND
  8
PLACEMENT_OUTLINE_TOP
  0
POLYLINE
 5
1346
  8
PLACEMENT_OUTLINE_TOP
 66
1
 40
0.200000
 41
0.200000
  0
VERTEX
 5
1347
  8
PLACEMENT_OUTLINE_TOP
 10
15.25000
 20
-9.21800
  0
VERTEX
 5
1348
  8
PLACEMENT_OUTLINE_TOP
 10
11.75000
 20
-9.21800
  0
SEQEND
  8
PLACEMENT_OUTLINE_TOP
  0
POLYLINE
 5
1349
  8
PLACEMENT_OUTLINE_TOP
 66
1
 70
1
 40
0.100000
 41
0.100000
  0
VERTEX
 5
134A
  8
PLACEMENT_OUTLINE_TOP
 10
15.20000
 20
-9.21800
 42
1.0
  0
VERTEX
 5
134B
  8
PLACEMENT_OUTLINE_TOP
 10
15.30000
 20
-9.21800
 42
1.0
  0
SEQEND
  8
PLACEMENT_OUTLINE_TOP
  0
POLYLINE
 5
134C
  8
PLACEMENT_OUTLINE_TOP
 66
1
 70
1
 40
0.100000
 41
0.100000
  0
VERTEX
 5
134D
  8
PLACEMENT_OUTLINE_TOP
 10
11.70000
 20
-9.21800
 42
1.0
  0
VERTEX
 5
134E
  8
PLACEMENT_OUTLINE_TOP
 10
11.80000
 20
-9.21800
 42
1.0
  0
SEQEND
  8
PLACEMENT_OUTLINE_TOP
  0
POLYLINE
 5
134F
  8
PLACEMENT_OUTLINE_TOP
 66
1
 40
0.200000
 41
0.200000
  0
VERTEX
 5
1350
  8
PLACEMENT_OUTLINE_TOP
 10
11.75000
 20
-9.21800
  0
VERTEX
 5
1351
  8
PLACEMENT_OUTLINE_TOP
 10
11.75000
 20
0.30000
  0
SEQEND
  8
PLACEMENT_OUTLINE_TOP
  0
POLYLINE
 5
1352
  8
PLACEMENT_OUTLINE_TOP
 66
1
 70
1
 40
0.100000
 41
0.100000
  0
VERTEX
 5
1353
  8
PLACEMENT_OUTLINE_TOP
 10
11.70000
 20
-9.21800
 42
1.0
  0
VERTEX
 5
1354
  8
PLACEMENT_OUTLINE_TOP
 10
11.80000
 20
-9.21800
 42
1.0
  0
SEQEND
  8
PLACEMENT_OUTLINE_TOP
  0
POLYLINE
 5
1355
  8
PLACEMENT_OUTLINE_TOP
 66
1
 70
1
 40
0.100000
 41
0.100000
  0
VERTEX
 5
1356
  8
PLACEMENT_OUTLINE_TOP
 10
11.70000
 20
0.30000
 42
1.0
  0
VERTEX
 5
1357
  8
PLACEMENT_OUTLINE_TOP
 10
11.80000
 20
0.30000
 42
1.0
  0
SEQEND
  8
PLACEMENT_OUTLINE_TOP
  0
POLYLINE
 5
1358
  8
PADLAYER_TOP
 66
1
 70
1
 40
1.000000
 41
1.000000
  0
VERTEX
 5
1359
  8
PADLAYER_TOP
 10
10.75000
 20
2.80000
 42
1.0
  0
VERTEX
 5
135A
  8
PADLAYER_TOP
 10
11.75000
 20
2.80000
 42
1.0
  0
SEQEND
  8
PADLAYER_TOP
  0
POLYLINE
 5
135B
  8
PADLAYER_BOTTOM
 66
1
 70
1
 40
1.000000
 41
1.000000
  0
VERTEX
 5
135C
  8
PADLAYER_BOTTOM
 10
10.75000
 20
2.80000
 42
1.0
  0
VERTEX
 5
135D
  8
PADLAYER_BOTTOM
 10
11.75000
 20
2.80000
 42
1.0
  0
SEQEND
  8
PADLAYER_BOTTOM
  0
POLYLINE
 5
135E
  8
TOOL_TOP
 66
1
 40
0.200000
 41
0.200000
  0
VERTEX
 5
135F
  8
TOOL_TOP
 10
10.75000
 20
2.80000
 42
1.000000
  0
VERTEX
 5
1360
  8
TOOL_TOP
 10
11.75000
 20
2.80000
 42
1.000000
  0
VERTEX
 5
1361
  8
TOOL_TOP
 10
10.75000
 20
2.80000
  0
SEQEND
  8
TOOL_TOP
  0
TEXT
  8
TOOLCODE_TOP
 10
10.72500
 20
2.55000
 40
0.500000
  1
T00
  0
POLYLINE
 5
1362
  8
PADLAYER_TOP
 66
1
 70
1
 40
1.000000
 41
1.000000
  0
VERTEX
 5
1363
  8
PADLAYER_TOP
 10
15.25000
 20
2.80000
 42
1.0
  0
VERTEX
 5
1364
  8
PADLAYER_TOP
 10
16.25000
 20
2.80000
 42
1.0
  0
SEQEND
  8
PADLAYER_TOP
  0
POLYLINE
 5
1365
  8
PADLAYER_BOTTOM
 66
1
 70
1
 40
1.000000
 41
1.000000
  0
VERTEX
 5
1366
  8
PADLAYER_BOTTOM
 10
15.25000
 20
2.80000
 42
1.0
  0
VERTEX
 5
1367
  8
PADLAYER_BOTTOM
 10
16.25000
 20
2.80000
 42
1.0
  0
SEQEND
  8
PADLAYER_BOTTOM
  0
POLYLINE
 5
1368
  8
TOOL_TOP
 66
1
 40
0.200000
 41
0.200000
  0
VERTEX
 5
1369
  8
TOOL_TOP
 10
15.25000
 20
2.80000
 42
1.000000
  0
VERTEX
 5
136A
  8
TOOL_TOP
 10
16.25000
 20
2.80000
 42
1.000000
  0
VERTEX
 5
136B
  8
TOOL_TOP
 10
15.25000
 20
2.80000
  0
SEQEND
  8
TOOL_TOP
  0
TEXT
  8
TOOLCODE_TOP
 10
15.22500
 20
2.55000
 40
0.500000
  1
T00
  0
POLYLINE
 5
136C
  8
PADLAYER_TOP
 66
1
 70
1
 40
1.000000
 41
1.000000
  0
VERTEX
 5
136D
  8
PADLAYER_TOP
 10
16.50000
 20
5.30000
 42
1.0
  0
VERTEX
 5
136E
  8
PADLAYER_TOP
 10
17.50000
 20
5.30000
 42
1.0
  0
SEQEND
  8
PADLAYER_TOP
  0
POLYLINE
 5
136F
  8
PADLAYER_BOTTOM
 66
1
 70
1
 40
1.000000
 41
1.000000
  0
VERTEX
 5
1370
  8
PADLAYER_BOTTOM
 10
16.50000
 20
5.30000
 42
1.0
  0
VERTEX
 5
1371
  8
PADLAYER_BOTTOM
 10
17.50000
 20
5.30000
 42
1.0
  0
SEQEND
  8
PADLAYER_BOTTOM
  0
POLYLINE
 5
1372
  8
TOOL_TOP
 66
1
 40
0.200000
 41
0.200000
  0
VERTEX
 5
1373
  8
TOOL_TOP
 10
16.40000
 20
5.30000
 42
1.000000
  0
VERTEX
 5
1374
  8
TOOL_TOP
 10
17.60000
 20
5.30000
 42
1.000000
  0
VERTEX
 5
1375
  8
TOOL_TOP
 10
16.40000
 20
5.30000
  0
SEQEND
  8
TOOL_TOP
  0
TEXT
  8
TOOLCODE_TOP
 10
16.37000
 20
5.00000
 40
0.600000
  1
T00
  0
POLYLINE
 5
1376
  8
PADLAYER_TOP
 66
1
 70
1
 40
1.000000
 41
1.000000
  0
VERTEX
 5
1377
  8
PADLAYER_TOP
 10
9.50000
 20
5.30000
 42
1.0
  0
VERTEX
 5
1378
  8
PADLAYER_TOP
 10
10.50000
 20
5.30000
 42
1.0
  0
SEQEND
  8
PADLAYER_TOP
  0
POLYLINE
 5
1379
  8
PADLAYER_BOTTOM
 66
1
 70
1
 40
1.000000
 41
1.000000
  0
VERTEX
 5
137A
  8
PADLAYER_BOTTOM
 10
9.50000
 20
5.30000
 42
1.0
  0
VERTEX
 5
137B
  8
PADLAYER_BOTTOM
 10
10.50000
 20
5.30000
 42
1.0
  0
SEQEND
  8
PADLAYER_BOTTOM
  0
POLYLINE
 5
137C
  8
TOOL_TOP
 66
1
 40
0.200000
 41
0.200000
  0
VERTEX
 5
137D
  8
TOOL_TOP
 10
9.40000
 20
5.30000
 42
1.000000
  0
VERTEX
 5
137E
  8
TOOL_TOP
 10
10.60000
 20
5.30000
 42
1.000000
  0
VERTEX
 5
137F
  8
TOOL_TOP
 10
9.40000
 20
5.30000
  0
SEQEND
  8
TOOL_TOP
  0
TEXT
  8
TOOLCODE_TOP
 10
9.37000
 20
5.00000
 40
0.600000
  1
T00
  0
POLYLINE
 5
1380
  8
LAYNR1
 66
1
 40
0.150000
 41
0.150000
  0
VERTEX
 5
1381
  8
LAYNR1
 10
72.20000
 20
7.53300
  0
VERTEX
 5
1382
  8
LAYNR1
 10
72.20000
 20
8.23300
  0
SEQEND
  8
LAYNR1
  0
POLYLINE
 5
1383
  8
LAYNR1
 66
1
 70
1
 40
0.075000
 41
0.075000
  0
VERTEX
 5
1384
  8
LAYNR1
 10
72.16250
 20
7.53300
 42
1.0
  0
VERTEX
 5
1385
  8
LAYNR1
 10
72.23750
 20
7.53300
 42
1.0
  0
SEQEND
  8
LAYNR1
  0
POLYLINE
 5
1386
  8
LAYNR1
 66
1
 70
1
 40
0.075000
 41
0.075000
  0
VERTEX
 5
1387
  8
LAYNR1
 10
72.16250
 20
8.23300
 42
1.0
  0
VERTEX
 5
1388
  8
LAYNR1
 10
72.23750
 20
8.23300
 42
1.0
  0
SEQEND
  8
LAYNR1
  0
POLYLINE
 5
1389
  8
PLACEMENT_OUTLINE_TOP
 66
1
 40
0.100000
 41
0.100000
  0
VERTEX
 5
138A
  8
PLACEMENT_OUTLINE_TOP
 10
73.59700
 20
8.51800
  0
VERTEX
 5
138B
  8
PLACEMENT_OUTLINE_TOP
 10
70.80300
 20
8.51800
  0
SEQEND
  8
PLACEMENT_OUTLINE_TOP
  0
POLYLINE
 5
138C
  8
PLACEMENT_OUTLINE_TOP
 66
1
 70
1
 40
0.050000
 41
0.050000
  0
VERTEX
 5
138D
  8
PLACEMENT_OUTLINE_TOP
 10
73.57200
 20
8.51800
 42
1.0
  0
VERTEX
 5
138E
  8
PLACEMENT_OUTLINE_TOP
 10
73.62200
 20
8.51800
 42
1.0
  0
SEQEND
  8
PLACEMENT_OUTLINE_TOP
  0
POLYLINE
 5
138F
  8
PLACEMENT_OUTLINE_TOP
 66
1
 70
1
 40
0.050000
 41
0.050000
  0
VERTEX
 5
1390
  8
PLACEMENT_OUTLINE_TOP
 10
70.77800
 20
8.51800
 42
1.0
  0
VERTEX
 5
1391
  8
PLACEMENT_OUTLINE_TOP
 10
70.82800
 20
8.51800
 42
1.0
  0
SEQEND
  8
PLACEMENT_OUTLINE_TOP
  0
POLYLINE
 5
1392
  8
PLACEMENT_OUTLINE_TOP
 66
1
 40
0.100000
 41
0.100000
  0
VERTEX
 5
1393
  8
PLACEMENT_OUTLINE_TOP
 10
70.80300
 20
8.51800
  0
VERTEX
 5
1394
  8
PLACEMENT_OUTLINE_TOP
 10
70.80300
 20
7.24800
  0
SEQEND
  8
PLACEMENT_OUTLINE_TOP
  0
POLYLINE
 5
1395
  8
PLACEMENT_OUTLINE_TOP
 66
1
 70
1
 40
0.050000
 41
0.050000
  0
VERTEX
 5
1396
  8
PLACEMENT_OUTLINE_TOP
 10
70.77800
 20
8.51800
 42
1.0
  0
VERTEX
 5
1397
  8
PLACEMENT_OUTLINE_TOP
 10
70.82800
 20
8.51800
 42
1.0
  0
SEQEND
  8
PLACEMENT_OUTLINE_TOP
  0
POLYLINE
 5
1398
  8
PLACEMENT_OUTLINE_TOP
 66
1
 70
1
 40
0.050000
 41
0.050000
  0
VERTEX
 5
1399
  8
PLACEMENT_OUTLINE_TOP
 10
70.77800
 20
7.24800
 42
1.0
  0
VERTEX
 5
139A
  8
PLACEMENT_OUTLINE_TOP
 10
70.82800
 20
7.24800
 42
1.0
  0
SEQEND
  8
PLACEMENT_OUTLINE_TOP
  0
POLYLINE
 5
139B
  8
PLACEMENT_OUTLINE_TOP
 66
1
 40
0.100000
 41
0.100000
  0
VERTEX
 5
139C
  8
PLACEMENT_OUTLINE_TOP
 10
70.80300
 20
7.24800
  0
VERTEX
 5
139D
  8
PLACEMENT_OUTLINE_TOP
 10
73.59700
 20
7.24800
  0
SEQEND
  8
PLACEMENT_OUTLINE_TOP
  0
POLYLINE
 5
139E
  8
PLACEMENT_OUTLINE_TOP
 66
1
 70
1
 40
0.050000
 41
0.050000
  0
VERTEX
 5
139F
  8
PLACEMENT_OUTLINE_TOP
 10
70.77800
 20
7.24800
 42
1.0
  0
VERTEX
 5
13A0
  8
PLACEMENT_OUTLINE_TOP
 10
70.82800
 20
7.24800
 42
1.0
  0
SEQEND
  8
PLACEMENT_OUTLINE_TOP
  0
POLYLINE
 5
13A1
  8
PLACEMENT_OUTLINE_TOP
 66
1
 70
1
 40
0.050000
 41
0.050000
  0
VERTEX
 5
13A2
  8
PLACEMENT_OUTLINE_TOP
 10
73.57200
 20
7.24800
 42
1.0
  0
VERTEX
 5
13A3
  8
PLACEMENT_OUTLINE_TOP
 10
73.62200
 20
7.24800
 42
1.0
  0
SEQEND
  8
PLACEMENT_OUTLINE_TOP
  0
POLYLINE
 5
13A4
  8
PLACEMENT_OUTLINE_TOP
 66
1
 40
0.100000
 41
0.100000
  0
VERTEX
 5
13A5
  8
PLACEMENT_OUTLINE_TOP
 10
73.59700
 20
7.24800
  0
VERTEX
 5
13A6
  8
PLACEMENT_OUTLINE_TOP
 10
73.59700
 20
8.51800
  0
SEQEND
  8
PLACEMENT_OUTLINE_TOP
  0
POLYLINE
 5
13A7
  8
PLACEMENT_OUTLINE_TOP
 66
1
 70
1
 40
0.050000
 41
0.050000
  0
VERTEX
 5
13A8
  8
PLACEMENT_OUTLINE_TOP
 10
73.57200
 20
7.24800
 42
1.0
  0
VERTEX
 5
13A9
  8
PLACEMENT_OUTLINE_TOP
 10
73.62200
 20
7.24800
 42
1.0
  0
SEQEND
  8
PLACEMENT_OUTLINE_TOP
  0
POLYLINE
 5
13AA
  8
PLACEMENT_OUTLINE_TOP
 66
1
 70
1
 40
0.050000
 41
0.050000
  0
VERTEX
 5
13AB
  8
PLACEMENT_OUTLINE_TOP
 10
73.57200
 20
8.51800
 42
1.0
  0
VERTEX
 5
13AC
  8
PLACEMENT_OUTLINE_TOP
 10
73.62200
 20
8.51800
 42
1.0
  0
SEQEND
  8
PLACEMENT_OUTLINE_TOP
  0
SOLID
 5
13AD
  8
PADLAYER_TOP
 10
70.98080
 20
7.42580
 11
71.89520
 21
7.42580
 12
70.98080
 22
8.34020
 13
71.89520
 23
8.34020
  0
SOLID
 5
13AE
  8
PADLAYER_TOP
 10
72.50480
 20
7.42580
 11
73.41920
 21
7.42580
 12
72.50480
 22
8.34020
 13
73.41920
 23
8.34020
  0
POLYLINE
 5
13AF
  8
LAYNR1
 66
1
 40
0.203200
 41
0.203200
  0
VERTEX
 5
13B0
  8
LAYNR1
 10
69.00000
 20
8.23300
  0
VERTEX
 5
13B1
  8
LAYNR1
 10
69.00000
 20
7.53300
  0
SEQEND
  8
LAYNR1
  0
POLYLINE
 5
13B2
  8
LAYNR1
 66
1
 70
1
 40
0.101600
 41
0.101600
  0
VERTEX
 5
13B3
  8
LAYNR1
 10
68.94920
 20
8.23300
 42
1.0
  0
VERTEX
 5
13B4
  8
LAYNR1
 10
69.05080
 20
8.23300
 42
1.0
  0
SEQEND
  8
LAYNR1
  0
POLYLINE
 5
13B5
  8
LAYNR1
 66
1
 70
1
 40
0.101600
 41
0.101600
  0
VERTEX
 5
13B6
  8
LAYNR1
 10
68.94920
 20
7.53300
 42
1.0
  0
VERTEX
 5
13B7
  8
LAYNR1
 10
69.05080
 20
7.53300
 42
1.0
  0
SEQEND
  8
LAYNR1
  0
POLYLINE
 5
13B8
  8
PLACEMENT_OUTLINE_TOP
 66
1
 40
0.100000
 41
0.100000
  0
VERTEX
 5
13B9
  8
PLACEMENT_OUTLINE_TOP
 10
70.39700
 20
8.51800
  0
VERTEX
 5
13BA
  8
PLACEMENT_OUTLINE_TOP
 10
67.60300
 20
8.51800
  0
SEQEND
  8
PLACEMENT_OUTLINE_TOP
  0
POLYLINE
 5
13BB
  8
PLACEMENT_OUTLINE_TOP
 66
1
 70
1
 40
0.050000
 41
0.050000
  0
VERTEX
 5
13BC
  8
PLACEMENT_OUTLINE_TOP
 10
70.37200
 20
8.51800
 42
1.0
  0
VERTEX
 5
13BD
  8
PLACEMENT_OUTLINE_TOP
 10
70.42200
 20
8.51800
 42
1.0
  0
SEQEND
  8
PLACEMENT_OUTLINE_TOP
  0
POLYLINE
 5
13BE
  8
PLACEMENT_OUTLINE_TOP
 66
1
 70
1
 40
0.050000
 41
0.050000
  0
VERTEX
 5
13BF
  8
PLACEMENT_OUTLINE_TOP
 10
67.57800
 20
8.51800
 42
1.0
  0
VERTEX
 5
13C0
  8
PLACEMENT_OUTLINE_TOP
 10
67.62800
 20
8.51800
 42
1.0
  0
SEQEND
  8
PLACEMENT_OUTLINE_TOP
  0
POLYLINE
 5
13C1
  8
PLACEMENT_OUTLINE_TOP
 66
1
 40
0.100000
 41
0.100000
  0
VERTEX
 5
13C2
  8
PLACEMENT_OUTLINE_TOP
 10
67.60300
 20
8.51800
  0
VERTEX
 5
13C3
  8
PLACEMENT_OUTLINE_TOP
 10
67.60300
 20
7.24800
  0
SEQEND
  8
PLACEMENT_OUTLINE_TOP
  0
POLYLINE
 5
13C4
  8
PLACEMENT_OUTLINE_TOP
 66
1
 70
1
 40
0.050000
 41
0.050000
  0
VERTEX
 5
13C5
  8
PLACEMENT_OUTLINE_TOP
 10
67.57800
 20
8.51800
 42
1.0
  0
VERTEX
 5
13C6
  8
PLACEMENT_OUTLINE_TOP
 10
67.62800
 20
8.51800
 42
1.0
  0
SEQEND
  8
PLACEMENT_OUTLINE_TOP
  0
POLYLINE
 5
13C7
  8
PLACEMENT_OUTLINE_TOP
 66
1
 70
1
 40
0.050000
 41
0.050000
  0
VERTEX
 5
13C8
  8
PLACEMENT_OUTLINE_TOP
 10
67.57800
 20
7.24800
 42
1.0
  0
VERTEX
 5
13C9
  8
PLACEMENT_OUTLINE_TOP
 10
67.62800
 20
7.24800
 42
1.0
  0
SEQEND
  8
PLACEMENT_OUTLINE_TOP
  0
POLYLINE
 5
13CA
  8
PLACEMENT_OUTLINE_TOP
 66
1
 40
0.100000
 41
0.100000
  0
VERTEX
 5
13CB
  8
PLACEMENT_OUTLINE_TOP
 10
67.60300
 20
7.24800
  0
VERTEX
 5
13CC
  8
PLACEMENT_OUTLINE_TOP
 10
70.39700
 20
7.24800
  0
SEQEND
  8
PLACEMENT_OUTLINE_TOP
  0
POLYLINE
 5
13CD
  8
PLACEMENT_OUTLINE_TOP
 66
1
 70
1
 40
0.050000
 41
0.050000
  0
VERTEX
 5
13CE
  8
PLACEMENT_OUTLINE_TOP
 10
67.57800
 20
7.24800
 42
1.0
  0
VERTEX
 5
13CF
  8
PLACEMENT_OUTLINE_TOP
 10
67.62800
 20
7.24800
 42
1.0
  0
SEQEND
  8
PLACEMENT_OUTLINE_TOP
  0
POLYLINE
 5
13D0
  8
PLACEMENT_OUTLINE_TOP
 66
1
 70
1
 40
0.050000
 41
0.050000
  0
VERTEX
 5
13D1
  8
PLACEMENT_OUTLINE_TOP
 10
70.37200
 20
7.24800
 42
1.0
  0
VERTEX
 5
13D2
  8
PLACEMENT_OUTLINE_TOP
 10
70.42200
 20
7.24800
 42
1.0
  0
SEQEND
  8
PLACEMENT_OUTLINE_TOP
  0
POLYLINE
 5
13D3
  8
PLACEMENT_OUTLINE_TOP
 66
1
 40
0.100000
 41
0.100000
  0
VERTEX
 5
13D4
  8
PLACEMENT_OUTLINE_TOP
 10
70.39700
 20
7.24800
  0
VERTEX
 5
13D5
  8
PLACEMENT_OUTLINE_TOP
 10
70.39700
 20
8.51800
  0
SEQEND
  8
PLACEMENT_OUTLINE_TOP
  0
POLYLINE
 5
13D6
  8
PLACEMENT_OUTLINE_TOP
 66
1
 70
1
 40
0.050000
 41
0.050000
  0
VERTEX
 5
13D7
  8
PLACEMENT_OUTLINE_TOP
 10
70.37200
 20
7.24800
 42
1.0
  0
VERTEX
 5
13D8
  8
PLACEMENT_OUTLINE_TOP
 10
70.42200
 20
7.24800
 42
1.0
  0
SEQEND
  8
PLACEMENT_OUTLINE_TOP
  0
POLYLINE
 5
13D9
  8
PLACEMENT_OUTLINE_TOP
 66
1
 70
1
 40
0.050000
 41
0.050000
  0
VERTEX
 5
13DA
  8
PLACEMENT_OUTLINE_TOP
 10
70.37200
 20
8.51800
 42
1.0
  0
VERTEX
 5
13DB
  8
PLACEMENT_OUTLINE_TOP
 10
70.42200
 20
8.51800
 42
1.0
  0
SEQEND
  8
PLACEMENT_OUTLINE_TOP
  0
SOLID
 5
13DC
  8
PADLAYER_TOP
 10
67.78080
 20
7.42580
 11
68.69520
 21
7.42580
 12
67.78080
 22
8.34020
 13
68.69520
 23
8.34020
  0
SOLID
 5
13DD
  8
PADLAYER_TOP
 10
69.30480
 20
7.42580
 11
70.21920
 21
7.42580
 12
69.30480
 22
8.34020
 13
70.21920
 23
8.34020
  0
POLYLINE
 5
13DE
  8
2DLINES_1
 66
1
 40
0.100000
 41
0.100000
  0
VERTEX
 5
13DF
  8
2DLINES_1
 10
58.70000
 20
2.40000
  0
VERTEX
 5
13E0
  8
2DLINES_1
 10
58.70000
 20
1.60000
  0
SEQEND
  8
2DLINES_1
  0
POLYLINE
 5
13E1
  8
2DLINES_1
 66
1
 70
1
 40
0.050000
 41
0.050000
  0
VERTEX
 5
13E2
  8
2DLINES_1
 10
58.67500
 20
2.40000
 42
1.0
  0
VERTEX
 5
13E3
  8
2DLINES_1
 10
58.72500
 20
2.40000
 42
1.0
  0
SEQEND
  8
2DLINES_1
  0
POLYLINE
 5
13E4
  8
2DLINES_1
 66
1
 70
1
 40
0.050000
 41
0.050000
  0
VERTEX
 5
13E5
  8
2DLINES_1
 10
58.67500
 20
1.60000
 42
1.0
  0
VERTEX
 5
13E6
  8
2DLINES_1
 10
58.72500
 20
1.60000
 42
1.0
  0
SEQEND
  8
2DLINES_1
  0
POLYLINE
 5
13E7
  8
2DLINES_1
 66
1
 40
0.100000
 41
0.100000
  0
VERTEX
 5
13E8
  8
2DLINES_1
 10
58.70000
 20
2.00000
  0
VERTEX
 5
13E9
  8
2DLINES_1
 10
58.37500
 20
2.30000
  0
SEQEND
  8
2DLINES_1
  0
POLYLINE
 5
13EA
  8
2DLINES_1
 66
1
 70
1
 40
0.050000
 41
0.050000
  0
VERTEX
 5
13EB
  8
2DLINES_1
 10
58.67500
 20
2.00000
 42
1.0
  0
VERTEX
 5
13EC
  8
2DLINES_1
 10
58.72500
 20
2.00000
 42
1.0
  0
SEQEND
  8
2DLINES_1
  0
POLYLINE
 5
13ED
  8
2DLINES_1
 66
1
 70
1
 40
0.050000
 41
0.050000
  0
VERTEX
 5
13EE
  8
2DLINES_1
 10
58.35000
 20
2.30000
 42
1.0
  0
VERTEX
 5
13EF
  8
2DLINES_1
 10
58.40000
 20
2.30000
 42
1.0
  0
SEQEND
  8
2DLINES_1
  0
POLYLINE
 5
13F0
  8
2DLINES_1
 66
1
 40
0.100000
 41
0.100000
  0
VERTEX
 5
13F1
  8
2DLINES_1
 10
58.37500
 20
2.30000
  0
VERTEX
 5
13F2
  8
2DLINES_1
 10
58.37500
 20
1.70000
  0
SEQEND
  8
2DLINES_1
  0
POLYLINE
 5
13F3
  8
2DLINES_1
 66
1
 70
1
 40
0.050000
 41
0.050000
  0
VERTEX
 5
13F4
  8
2DLINES_1
 10
58.35000
 20
2.30000
 42
1.0
  0
VERTEX
 5
13F5
  8
2DLINES_1
 10
58.40000
 20
2.30000
 42
1.0
  0
SEQEND
  8
2DLINES_1
  0
POLYLINE
 5
13F6
  8
2DLINES_1
 66
1
 70
1
 40
0.050000
 41
0.050000
  0
VERTEX
 5
13F7
  8
2DLINES_1
 10
58.35000
 20
1.70000
 42
1.0
  0
VERTEX
 5
13F8
  8
2DLINES_1
 10
58.40000
 20
1.70000
 42
1.0
  0
SEQEND
  8
2DLINES_1
  0
POLYLINE
 5
13F9
  8
2DLINES_1
 66
1
 40
0.100000
 41
0.100000
  0
VERTEX
 5
13FA
  8
2DLINES_1
 10
58.37500
 20
1.70000
  0
VERTEX
 5
13FB
  8
2DLINES_1
 10
58.68750
 20
2.01250
  0
SEQEND
  8
2DLINES_1
  0
POLYLINE
 5
13FC
  8
2DLINES_1
 66
1
 70
1
 40
0.050000
 41
0.050000
  0
VERTEX
 5
13FD
  8
2DLINES_1
 10
58.35000
 20
1.70000
 42
1.0
  0
VERTEX
 5
13FE
  8
2DLINES_1
 10
58.40000
 20
1.70000
 42
1.0
  0
SEQEND
  8
2DLINES_1
  0
POLYLINE
 5
13FF
  8
2DLINES_1
 66
1
 70
1
 40
0.050000
 41
0.050000
  0
VERTEX
 5
1400
  8
2DLINES_1
 10
58.66250
 20
2.01250
 42
1.0
  0
VERTEX
 5
1401
  8
2DLINES_1
 10
58.71250
 20
2.01250
 42
1.0
  0
SEQEND
  8
2DLINES_1
  0
POLYLINE
 5
1402
  8
PLACEMENT_OUTLINE_TOP
 66
1
 40
0.025400
 41
0.025400
  0
VERTEX
 5
1403
  8
PLACEMENT_OUTLINE_TOP
 10
57.05000
 20
1.50000
  0
VERTEX
 5
1404
  8
PLACEMENT_OUTLINE_TOP
 10
57.05000
 20
2.50000
  0
SEQEND
  8
PLACEMENT_OUTLINE_TOP
  0
POLYLINE
 5
1405
  8
PLACEMENT_OUTLINE_TOP
 66
1
 70
1
 40
0.012700
 41
0.012700
  0
VERTEX
 5
1406
  8
PLACEMENT_OUTLINE_TOP
 10
57.04365
 20
1.50000
 42
1.0
  0
VERTEX
 5
1407
  8
PLACEMENT_OUTLINE_TOP
 10
57.05635
 20
1.50000
 42
1.0
  0
SEQEND
  8
PLACEMENT_OUTLINE_TOP
  0
POLYLINE
 5
1408
  8
PLACEMENT_OUTLINE_TOP
 66
1
 70
1
 40
0.012700
 41
0.012700
  0
VERTEX
 5
1409
  8
PLACEMENT_OUTLINE_TOP
 10
57.04365
 20
2.50000
 42
1.0
  0
VERTEX
 5
140A
  8
PLACEMENT_OUTLINE_TOP
 10
57.05635
 20
2.50000
 42
1.0
  0
SEQEND
  8
PLACEMENT_OUTLINE_TOP
  0
POLYLINE
 5
140B
  8
PLACEMENT_OUTLINE_TOP
 66
1
 40
0.025400
 41
0.025400
  0
VERTEX
 5
140C
  8
PLACEMENT_OUTLINE_TOP
 10
57.05000
 20
2.50000
  0
VERTEX
 5
140D
  8
PLACEMENT_OUTLINE_TOP
 10
59.95000
 20
2.50000
  0
SEQEND
  8
PLACEMENT_OUTLINE_TOP
  0
POLYLINE
 5
140E
  8
PLACEMENT_OUTLINE_TOP
 66
1
 70
1
 40
0.012700
 41
0.012700
  0
VERTEX
 5
140F
  8
PLACEMENT_OUTLINE_TOP
 10
57.04365
 20
2.50000
 42
1.0
  0
VERTEX
 5
1410
  8
PLACEMENT_OUTLINE_TOP
 10
57.05635
 20
2.50000
 42
1.0
  0
SEQEND
  8
PLACEMENT_OUTLINE_TOP
  0
POLYLINE
 5
1411
  8
PLACEMENT_OUTLINE_TOP
 66
1
 70
1
 40
0.012700
 41
0.012700
  0
VERTEX
 5
1412
  8
PLACEMENT_OUTLINE_TOP
 10
59.94365
 20
2.50000
 42
1.0
  0
VERTEX
 5
1413
  8
PLACEMENT_OUTLINE_TOP
 10
59.95635
 20
2.50000
 42
1.0
  0
SEQEND
  8
PLACEMENT_OUTLINE_TOP
  0
POLYLINE
 5
1414
  8
PLACEMENT_OUTLINE_TOP
 66
1
 40
0.025400
 41
0.025400
  0
VERTEX
 5
1415
  8
PLACEMENT_OUTLINE_TOP
 10
59.95000
 20
2.50000
  0
VERTEX
 5
1416
  8
PLACEMENT_OUTLINE_TOP
 10
59.95000
 20
1.50000
  0
SEQEND
  8
PLACEMENT_OUTLINE_TOP
  0
POLYLINE
 5
1417
  8
PLACEMENT_OUTLINE_TOP
 66
1
 70
1
 40
0.012700
 41
0.012700
  0
VERTEX
 5
1418
  8
PLACEMENT_OUTLINE_TOP
 10
59.94365
 20
2.50000
 42
1.0
  0
VERTEX
 5
1419
  8
PLACEMENT_OUTLINE_TOP
 10
59.95635
 20
2.50000
 42
1.0
  0
SEQEND
  8
PLACEMENT_OUTLINE_TOP
  0
POLYLINE
 5
141A
  8
PLACEMENT_OUTLINE_TOP
 66
1
 70
1
 40
0.012700
 41
0.012700
  0
VERTEX
 5
141B
  8
PLACEMENT_OUTLINE_TOP
 10
59.94365
 20
1.50000
 42
1.0
  0
VERTEX
 5
141C
  8
PLACEMENT_OUTLINE_TOP
 10
59.95635
 20
1.50000
 42
1.0
  0
SEQEND
  8
PLACEMENT_OUTLINE_TOP
  0
POLYLINE
 5
141D
  8
PLACEMENT_OUTLINE_TOP
 66
1
 40
0.025400
 41
0.025400
  0
VERTEX
 5
141E
  8
PLACEMENT_OUTLINE_TOP
 10
59.95000
 20
1.50000
  0
VERTEX
 5
141F
  8
PLACEMENT_OUTLINE_TOP
 10
57.05000
 20
1.50000
  0
SEQEND
  8
PLACEMENT_OUTLINE_TOP
  0
POLYLINE
 5
1420
  8
PLACEMENT_OUTLINE_TOP
 66
1
 70
1
 40
0.012700
 41
0.012700
  0
VERTEX
 5
1421
  8
PLACEMENT_OUTLINE_TOP
 10
59.94365
 20
1.50000
 42
1.0
  0
VERTEX
 5
1422
  8
PLACEMENT_OUTLINE_TOP
 10
59.95635
 20
1.50000
 42
1.0
  0
SEQEND
  8
PLACEMENT_OUTLINE_TOP
  0
POLYLINE
 5
1423
  8
PLACEMENT_OUTLINE_TOP
 66
1
 70
1
 40
0.012700
 41
0.012700
  0
VERTEX
 5
1424
  8
PLACEMENT_OUTLINE_TOP
 10
57.04365
 20
1.50000
 42
1.0
  0
VERTEX
 5
1425
  8
PLACEMENT_OUTLINE_TOP
 10
57.05635
 20
1.50000
 42
1.0
  0
SEQEND
  8
PLACEMENT_OUTLINE_TOP
  0
SOLID
 5
1426
  8
PADLAYER_TOP
 10
57.05000
 20
1.50000
 11
58.05000
 21
1.50000
 12
57.05000
 22
2.50000
 13
58.05000
 23
2.50000
  0
SOLID
 5
1427
  8
LAYNR1
 10
57.05000
 20
1.50000
 11
58.05000
 21
1.50000
 12
57.05000
 22
2.50000
 13
58.05000
 23
2.50000
  0
SOLID
 5
1428
  8
PADLAYER_TOP
 10
58.95000
 20
1.50000
 11
59.95000
 21
1.50000
 12
58.95000
 22
2.50000
 13
59.95000
 23
2.50000
  0
SOLID
 5
1429
  8
LAYNR1
 10
58.95000
 20
1.50000
 11
59.95000
 21
1.50000
 12
58.95000
 22
2.50000
 13
59.95000
 23
2.50000
  0
POLYLINE
 5
142A
  8
LAYNR1
 66
1
 40
0.150000
 41
0.150000
  0
VERTEX
 5
142B
  8
LAYNR1
 10
48.65700
 20
28.53400
  0
VERTEX
 5
142C
  8
LAYNR1
 10
48.65700
 20
29.23400
  0
SEQEND
  8
LAYNR1
  0
POLYLINE
 5
142D
  8
LAYNR1
 66
1
 70
1
 40
0.075000
 41
0.075000
  0
VERTEX
 5
142E
  8
LAYNR1
 10
48.61950
 20
28.53400
 42
1.0
  0
VERTEX
 5
142F
  8
LAYNR1
 10
48.69450
 20
28.53400
 42
1.0
  0
SEQEND
  8
LAYNR1
  0
POLYLINE
 5
1430
  8
LAYNR1
 66
1
 70
1
 40
0.075000
 41
0.075000
  0
VERTEX
 5
1431
  8
LAYNR1
 10
48.61950
 20
29.23400
 42
1.0
  0
VERTEX
 5
1432
  8
LAYNR1
 10
48.69450
 20
29.23400
 42
1.0
  0
SEQEND
  8
LAYNR1
  0
POLYLINE
 5
1433
  8
PLACEMENT_OUTLINE_TOP
 66
1
 40
0.100000
 41
0.100000
  0
VERTEX
 5
1434
  8
PLACEMENT_OUTLINE_TOP
 10
50.05400
 20
29.51900
  0
VERTEX
 5
1435
  8
PLACEMENT_OUTLINE_TOP
 10
47.26000
 20
29.51900
  0
SEQEND
  8
PLACEMENT_OUTLINE_TOP
  0
POLYLINE
 5
1436
  8
PLACEMENT_OUTLINE_TOP
 66
1
 70
1
 40
0.050000
 41
0.050000
  0
VERTEX
 5
1437
  8
PLACEMENT_OUTLINE_TOP
 10
50.02900
 20
29.51900
 42
1.0
  0
VERTEX
 5
1438
  8
PLACEMENT_OUTLINE_TOP
 10
50.07900
 20
29.51900
 42
1.0
  0
SEQEND
  8
PLACEMENT_OUTLINE_TOP
  0
POLYLINE
 5
1439
  8
PLACEMENT_OUTLINE_TOP
 66
1
 70
1
 40
0.050000
 41
0.050000
  0
VERTEX
 5
143A
  8
PLACEMENT_OUTLINE_TOP
 10
47.23500
 20
29.51900
 42
1.0
  0
VERTEX
 5
143B
  8
PLACEMENT_OUTLINE_TOP
 10
47.28500
 20
29.51900
 42
1.0
  0
SEQEND
  8
PLACEMENT_OUTLINE_TOP
  0
POLYLINE
 5
143C
  8
PLACEMENT_OUTLINE_TOP
 66
1
 40
0.100000
 41
0.100000
  0
VERTEX
 5
143D
  8
PLACEMENT_OUTLINE_TOP
 10
47.26000
 20
29.51900
  0
VERTEX
 5
143E
  8
PLACEMENT_OUTLINE_TOP
 10
47.26000
 20
28.24900
  0
SEQEND
  8
PLACEMENT_OUTLINE_TOP
  0
POLYLINE
 5
143F
  8
PLACEMENT_OUTLINE_TOP
 66
1
 70
1
 40
0.050000
 41
0.050000
  0
VERTEX
 5
1440
  8
PLACEMENT_OUTLINE_TOP
 10
47.23500
 20
29.51900
 42
1.0
  0
VERTEX
 5
1441
  8
PLACEMENT_OUTLINE_TOP
 10
47.28500
 20
29.51900
 42
1.0
  0
SEQEND
  8
PLACEMENT_OUTLINE_TOP
  0
POLYLINE
 5
1442
  8
PLACEMENT_OUTLINE_TOP
 66
1
 70
1
 40
0.050000
 41
0.050000
  0
VERTEX
 5
1443
  8
PLACEMENT_OUTLINE_TOP
 10
47.23500
 20
28.24900
 42
1.0
  0
VERTEX
 5
1444
  8
PLACEMENT_OUTLINE_TOP
 10
47.28500
 20
28.24900
 42
1.0
  0
SEQEND
  8
PLACEMENT_OUTLINE_TOP
  0
POLYLINE
 5
1445
  8
PLACEMENT_OUTLINE_TOP
 66
1
 40
0.100000
 41
0.100000
  0
VERTEX
 5
1446
  8
PLACEMENT_OUTLINE_TOP
 10
47.26000
 20
28.24900
  0
VERTEX
 5
1447
  8
PLACEMENT_OUTLINE_TOP
 10
50.05400
 20
28.24900
  0
SEQEND
  8
PLACEMENT_OUTLINE_TOP
  0
POLYLINE
 5
1448
  8
PLACEMENT_OUTLINE_TOP
 66
1
 70
1
 40
0.050000
 41
0.050000
  0
VERTEX
 5
1449
  8
PLACEMENT_OUTLINE_TOP
 10
47.23500
 20
28.24900
 42
1.0
  0
VERTEX
 5
144A
  8
PLACEMENT_OUTLINE_TOP
 10
47.28500
 20
28.24900
 42
1.0
  0
SEQEND
  8
PLACEMENT_OUTLINE_TOP
  0
POLYLINE
 5
144B
  8
PLACEMENT_OUTLINE_TOP
 66
1
 70
1
 40
0.050000
 41
0.050000
  0
VERTEX
 5
144C
  8
PLACEMENT_OUTLINE_TOP
 10
50.02900
 20
28.24900
 42
1.0
  0
VERTEX
 5
144D
  8
PLACEMENT_OUTLINE_TOP
 10
50.07900
 20
28.24900
 42
1.0
  0
SEQEND
  8
PLACEMENT_OUTLINE_TOP
  0
POLYLINE
 5
144E
  8
PLACEMENT_OUTLINE_TOP
 66
1
 40
0.100000
 41
0.100000
  0
VERTEX
 5
144F
  8
PLACEMENT_OUTLINE_TOP
 10
50.05400
 20
28.24900
  0
VERTEX
 5
1450
  8
PLACEMENT_OUTLINE_TOP
 10
50.05400
 20
29.51900
  0
SEQEND
  8
PLACEMENT_OUTLINE_TOP
  0
POLYLINE
 5
1451
  8
PLACEMENT_OUTLINE_TOP
 66
1
 70
1
 40
0.050000
 41
0.050000
  0
VERTEX
 5
1452
  8
PLACEMENT_OUTLINE_TOP
 10
50.02900
 20
28.24900
 42
1.0
  0
VERTEX
 5
1453
  8
PLACEMENT_OUTLINE_TOP
 10
50.07900
 20
28.24900
 42
1.0
  0
SEQEND
  8
PLACEMENT_OUTLINE_TOP
  0
POLYLINE
 5
1454
  8
PLACEMENT_OUTLINE_TOP
 66
1
 70
1
 40
0.050000
 41
0.050000
  0
VERTEX
 5
1455
  8
PLACEMENT_OUTLINE_TOP
 10
50.02900
 20
29.51900
 42
1.0
  0
VERTEX
 5
1456
  8
PLACEMENT_OUTLINE_TOP
 10
50.07900
 20
29.51900
 42
1.0
  0
SEQEND
  8
PLACEMENT_OUTLINE_TOP
  0
SOLID
 5
1457
  8
PADLAYER_TOP
 10
47.43780
 20
28.42680
 11
48.35220
 21
28.42680
 12
47.43780
 22
29.34120
 13
48.35220
 23
29.34120
  0
SOLID
 5
1458
  8
PADLAYER_TOP
 10
48.96180
 20
28.42680
 11
49.87620
 21
28.42680
 12
48.96180
 22
29.34120
 13
49.87620
 23
29.34120
  0
POLYLINE
 5
1459
  8
LAYNR1
 66
1
 40
0.150000
 41
0.150000
  0
VERTEX
 5
145A
  8
LAYNR1
 10
51.44200
 20
34.00400
  0
VERTEX
 5
145B
  8
LAYNR1
 10
51.44200
 20
34.70400
  0
SEQEND
  8
LAYNR1
  0
POLYLINE
 5
145C
  8
LAYNR1
 66
1
 70
1
 40
0.075000
 41
0.075000
  0
VERTEX
 5
145D
  8
LAYNR1
 10
51.40450
 20
34.00400
 42
1.0
  0
VERTEX
 5
145E
  8
LAYNR1
 10
51.47950
 20
34.00400
 42
1.0
  0
SEQEND
  8
LAYNR1
  0
POLYLINE
 5
145F
  8
LAYNR1
 66
1
 70
1
 40
0.075000
 41
0.075000
  0
VERTEX
 5
1460
  8
LAYNR1
 10
51.40450
 20
34.70400
 42
1.0
  0
VERTEX
 5
1461
  8
LAYNR1
 10
51.47950
 20
34.70400
 42
1.0
  0
SEQEND
  8
LAYNR1
  0
POLYLINE
 5
1462
  8
PLACEMENT_OUTLINE_TOP
 66
1
 40
0.100000
 41
0.100000
  0
VERTEX
 5
1463
  8
PLACEMENT_OUTLINE_TOP
 10
52.83900
 20
34.98900
  0
VERTEX
 5
1464
  8
PLACEMENT_OUTLINE_TOP
 10
50.04500
 20
34.98900
  0
SEQEND
  8
PLACEMENT_OUTLINE_TOP
  0
POLYLINE
 5
1465
  8
PLACEMENT_OUTLINE_TOP
 66
1
 70
1
 40
0.050000
 41
0.050000
  0
VERTEX
 5
1466
  8
PLACEMENT_OUTLINE_TOP
 10
52.81400
 20
34.98900
 42
1.0
  0
VERTEX
 5
1467
  8
PLACEMENT_OUTLINE_TOP
 10
52.86400
 20
34.98900
 42
1.0
  0
SEQEND
  8
PLACEMENT_OUTLINE_TOP
  0
POLYLINE
 5
1468
  8
PLACEMENT_OUTLINE_TOP
 66
1
 70
1
 40
0.050000
 41
0.050000
  0
VERTEX
 5
1469
  8
PLACEMENT_OUTLINE_TOP
 10
50.02000
 20
34.98900
 42
1.0
  0
VERTEX
 5
146A
  8
PLACEMENT_OUTLINE_TOP
 10
50.07000
 20
34.98900
 42
1.0
  0
SEQEND
  8
PLACEMENT_OUTLINE_TOP
  0
POLYLINE
 5
146B
  8
PLACEMENT_OUTLINE_TOP
 66
1
 40
0.100000
 41
0.100000
  0
VERTEX
 5
146C
  8
PLACEMENT_OUTLINE_TOP
 10
50.04500
 20
34.98900
  0
VERTEX
 5
146D
  8
PLACEMENT_OUTLINE_TOP
 10
50.04500
 20
33.71900
  0
SEQEND
  8
PLACEMENT_OUTLINE_TOP
  0
POLYLINE
 5
146E
  8
PLACEMENT_OUTLINE_TOP
 66
1
 70
1
 40
0.050000
 41
0.050000
  0
VERTEX
 5
146F
  8
PLACEMENT_OUTLINE_TOP
 10
50.02000
 20
34.98900
 42
1.0
  0
VERTEX
 5
1470
  8
PLACEMENT_OUTLINE_TOP
 10
50.07000
 20
34.98900
 42
1.0
  0
SEQEND
  8
PLACEMENT_OUTLINE_TOP
  0
POLYLINE
 5
1471
  8
PLACEMENT_OUTLINE_TOP
 66
1
 70
1
 40
0.050000
 41
0.050000
  0
VERTEX
 5
1472
  8
PLACEMENT_OUTLINE_TOP
 10
50.02000
 20
33.71900
 42
1.0
  0
VERTEX
 5
1473
  8
PLACEMENT_OUTLINE_TOP
 10
50.07000
 20
33.71900
 42
1.0
  0
SEQEND
  8
PLACEMENT_OUTLINE_TOP
  0
POLYLINE
 5
1474
  8
PLACEMENT_OUTLINE_TOP
 66
1
 40
0.100000
 41
0.100000
  0
VERTEX
 5
1475
  8
PLACEMENT_OUTLINE_TOP
 10
50.04500
 20
33.71900
  0
VERTEX
 5
1476
  8
PLACEMENT_OUTLINE_TOP
 10
52.83900
 20
33.71900
  0
SEQEND
  8
PLACEMENT_OUTLINE_TOP
  0
POLYLINE
 5
1477
  8
PLACEMENT_OUTLINE_TOP
 66
1
 70
1
 40
0.050000
 41
0.050000
  0
VERTEX
 5
1478
  8
PLACEMENT_OUTLINE_TOP
 10
50.02000
 20
33.71900
 42
1.0
  0
VERTEX
 5
1479
  8
PLACEMENT_OUTLINE_TOP
 10
50.07000
 20
33.71900
 42
1.0
  0
SEQEND
  8
PLACEMENT_OUTLINE_TOP
  0
POLYLINE
 5
147A
  8
PLACEMENT_OUTLINE_TOP
 66
1
 70
1
 40
0.050000
 41
0.050000
  0
VERTEX
 5
147B
  8
PLACEMENT_OUTLINE_TOP
 10
52.81400
 20
33.71900
 42
1.0
  0
VERTEX
 5
147C
  8
PLACEMENT_OUTLINE_TOP
 10
52.86400
 20
33.71900
 42
1.0
  0
SEQEND
  8
PLACEMENT_OUTLINE_TOP
  0
POLYLINE
 5
147D
  8
PLACEMENT_OUTLINE_TOP
 66
1
 40
0.100000
 41
0.100000
  0
VERTEX
 5
147E
  8
PLACEMENT_OUTLINE_TOP
 10
52.83900
 20
33.71900
  0
VERTEX
 5
147F
  8
PLACEMENT_OUTLINE_TOP
 10
52.83900
 20
34.98900
  0
SEQEND
  8
PLACEMENT_OUTLINE_TOP
  0
POLYLINE
 5
1480
  8
PLACEMENT_OUTLINE_TOP
 66
1
 70
1
 40
0.050000
 41
0.050000
  0
VERTEX
 5
1481
  8
PLACEMENT_OUTLINE_TOP
 10
52.81400
 20
33.71900
 42
1.0
  0
VERTEX
 5
1482
  8
PLACEMENT_OUTLINE_TOP
 10
52.86400
 20
33.71900
 42
1.0
  0
SEQEND
  8
PLACEMENT_OUTLINE_TOP
  0
POLYLINE
 5
1483
  8
PLACEMENT_OUTLINE_TOP
 66
1
 70
1
 40
0.050000
 41
0.050000
  0
VERTEX
 5
1484
  8
PLACEMENT_OUTLINE_TOP
 10
52.81400
 20
34.98900
 42
1.0
  0
VERTEX
 5
1485
  8
PLACEMENT_OUTLINE_TOP
 10
52.86400
 20
34.98900
 42
1.0
  0
SEQEND
  8
PLACEMENT_OUTLINE_TOP
  0
SOLID
 5
1486
  8
PADLAYER_TOP
 10
50.22280
 20
33.89680
 11
51.13720
 21
33.89680
 12
50.22280
 22
34.81120
 13
51.13720
 23
34.81120
  0
SOLID
 5
1487
  8
PADLAYER_TOP
 10
51.74680
 20
33.89680
 11
52.66120
 21
33.89680
 12
51.74680
 22
34.81120
 13
52.66120
 23
34.81120
  0
POLYLINE
 5
1488
  8
LAYNR1
 66
1
 40
0.150000
 41
0.150000
  0
VERTEX
 5
1489
  8
LAYNR1
 10
51.44200
 20
36.20400
  0
VERTEX
 5
148A
  8
LAYNR1
 10
51.44200
 20
35.50400
  0
SEQEND
  8
LAYNR1
  0
POLYLINE
 5
148B
  8
LAYNR1
 66
1
 70
1
 40
0.075000
 41
0.075000
  0
VERTEX
 5
148C
  8
LAYNR1
 10
51.40450
 20
36.20400
 42
1.0
  0
VERTEX
 5
148D
  8
LAYNR1
 10
51.47950
 20
36.20400
 42
1.0
  0
SEQEND
  8
LAYNR1
  0
POLYLINE
 5
148E
  8
LAYNR1
 66
1
 70
1
 40
0.075000
 41
0.075000
  0
VERTEX
 5
148F
  8
LAYNR1
 10
51.40450
 20
35.50400
 42
1.0
  0
VERTEX
 5
1490
  8
LAYNR1
 10
51.47950
 20
35.50400
 42
1.0
  0
SEQEND
  8
LAYNR1
  0
POLYLINE
 5
1491
  8
PLACEMENT_OUTLINE_TOP
 66
1
 40
0.100000
 41
0.100000
  0
VERTEX
 5
1492
  8
PLACEMENT_OUTLINE_TOP
 10
50.04500
 20
35.21900
  0
VERTEX
 5
1493
  8
PLACEMENT_OUTLINE_TOP
 10
52.83900
 20
35.21900
  0
SEQEND
  8
PLACEMENT_OUTLINE_TOP
  0
POLYLINE
 5
1494
  8
PLACEMENT_OUTLINE_TOP
 66
1
 70
1
 40
0.050000
 41
0.050000
  0
VERTEX
 5
1495
  8
PLACEMENT_OUTLINE_TOP
 10
50.02000
 20
35.21900
 42
1.0
  0
VERTEX
 5
1496
  8
PLACEMENT_OUTLINE_TOP
 10
50.07000
 20
35.21900
 42
1.0
  0
SEQEND
  8
PLACEMENT_OUTLINE_TOP
  0
POLYLINE
 5
1497
  8
PLACEMENT_OUTLINE_TOP
 66
1
 70
1
 40
0.050000
 41
0.050000
  0
VERTEX
 5
1498
  8
PLACEMENT_OUTLINE_TOP
 10
52.81400
 20
35.21900
 42
1.0
  0
VERTEX
 5
1499
  8
PLACEMENT_OUTLINE_TOP
 10
52.86400
 20
35.21900
 42
1.0
  0
SEQEND
  8
PLACEMENT_OUTLINE_TOP
  0
POLYLINE
 5
149A
  8
PLACEMENT_OUTLINE_TOP
 66
1
 40
0.100000
 41
0.100000
  0
VERTEX
 5
149B
  8
PLACEMENT_OUTLINE_TOP
 10
52.83900
 20
35.21900
  0
VERTEX
 5
149C
  8
PLACEMENT_OUTLINE_TOP
 10
52.83900
 20
36.48900
  0
SEQEND
  8
PLACEMENT_OUTLINE_TOP
  0
POLYLINE
 5
149D
  8
PLACEMENT_OUTLINE_TOP
 66
1
 70
1
 40
0.050000
 41
0.050000
  0
VERTEX
 5
149E
  8
PLACEMENT_OUTLINE_TOP
 10
52.81400
 20
35.21900
 42
1.0
  0
VERTEX
 5
149F
  8
PLACEMENT_OUTLINE_TOP
 10
52.86400
 20
35.21900
 42
1.0
  0
SEQEND
  8
PLACEMENT_OUTLINE_TOP
  0
POLYLINE
 5
14A0
  8
PLACEMENT_OUTLINE_TOP
 66
1
 70
1
 40
0.050000
 41
0.050000
  0
VERTEX
 5
14A1
  8
PLACEMENT_OUTLINE_TOP
 10
52.81400
 20
36.48900
 42
1.0
  0
VERTEX
 5
14A2
  8
PLACEMENT_OUTLINE_TOP
 10
52.86400
 20
36.48900
 42
1.0
  0
SEQEND
  8
PLACEMENT_OUTLINE_TOP
  0
POLYLINE
 5
14A3
  8
PLACEMENT_OUTLINE_TOP
 66
1
 40
0.100000
 41
0.100000
  0
VERTEX
 5
14A4
  8
PLACEMENT_OUTLINE_TOP
 10
52.83900
 20
36.48900
  0
VERTEX
 5
14A5
  8
PLACEMENT_OUTLINE_TOP
 10
50.04500
 20
36.48900
  0
SEQEND
  8
PLACEMENT_OUTLINE_TOP
  0
POLYLINE
 5
14A6
  8
PLACEMENT_OUTLINE_TOP
 66
1
 70
1
 40
0.050000
 41
0.050000
  0
VERTEX
 5
14A7
  8
PLACEMENT_OUTLINE_TOP
 10
52.81400
 20
36.48900
 42
1.0
  0
VERTEX
 5
14A8
  8
PLACEMENT_OUTLINE_TOP
 10
52.86400
 20
36.48900
 42
1.0
  0
SEQEND
  8
PLACEMENT_OUTLINE_TOP
  0
POLYLINE
 5
14A9
  8
PLACEMENT_OUTLINE_TOP
 66
1
 70
1
 40
0.050000
 41
0.050000
  0
VERTEX
 5
14AA
  8
PLACEMENT_OUTLINE_TOP
 10
50.02000
 20
36.48900
 42
1.0
  0
VERTEX
 5
14AB
  8
PLACEMENT_OUTLINE_TOP
 10
50.07000
 20
36.48900
 42
1.0
  0
SEQEND
  8
PLACEMENT_OUTLINE_TOP
  0
POLYLINE
 5
14AC
  8
PLACEMENT_OUTLINE_TOP
 66
1
 40
0.100000
 41
0.100000
  0
VERTEX
 5
14AD
  8
PLACEMENT_OUTLINE_TOP
 10
50.04500
 20
36.48900
  0
VERTEX
 5
14AE
  8
PLACEMENT_OUTLINE_TOP
 10
50.04500
 20
35.21900
  0
SEQEND
  8
PLACEMENT_OUTLINE_TOP
  0
POLYLINE
 5
14AF
  8
PLACEMENT_OUTLINE_TOP
 66
1
 70
1
 40
0.050000
 41
0.050000
  0
VERTEX
 5
14B0
  8
PLACEMENT_OUTLINE_TOP
 10
50.02000
 20
36.48900
 42
1.0
  0
VERTEX
 5
14B1
  8
PLACEMENT_OUTLINE_TOP
 10
50.07000
 20
36.48900
 42
1.0
  0
SEQEND
  8
PLACEMENT_OUTLINE_TOP
  0
POLYLINE
 5
14B2
  8
PLACEMENT_OUTLINE_TOP
 66
1
 70
1
 40
0.050000
 41
0.050000
  0
VERTEX
 5
14B3
  8
PLACEMENT_OUTLINE_TOP
 10
50.02000
 20
35.21900
 42
1.0
  0
VERTEX
 5
14B4
  8
PLACEMENT_OUTLINE_TOP
 10
50.07000
 20
35.21900
 42
1.0
  0
SEQEND
  8
PLACEMENT_OUTLINE_TOP
  0
SOLID
 5
14B5
  8
PADLAYER_TOP
 10
52.66120
 20
36.31120
 11
51.74680
 21
36.31120
 12
52.66120
 22
35.39680
 13
51.74680
 23
35.39680
  0
SOLID
 5
14B6
  8
PADLAYER_TOP
 10
51.13720
 20
36.31120
 11
50.22280
 21
36.31120
 12
51.13720
 22
35.39680
 13
50.22280
 23
35.39680
  0
POLYLINE
 5
14B7
  8
LAYNR1
 66
1
 40
0.200000
 41
0.200000
  0
VERTEX
 5
14B8
  8
LAYNR1
 10
56.56400
 20
30.66280
  0
VERTEX
 5
14B9
  8
LAYNR1
 10
56.56400
 20
28.66280
  0
SEQEND
  8
LAYNR1
  0
POLYLINE
 5
14BA
  8
LAYNR1
 66
1
 70
1
 40
0.100000
 41
0.100000
  0
VERTEX
 5
14BB
  8
LAYNR1
 10
56.51400
 20
30.66280
 42
1.0
  0
VERTEX
 5
14BC
  8
LAYNR1
 10
56.61400
 20
30.66280
 42
1.0
  0
SEQEND
  8
LAYNR1
  0
POLYLINE
 5
14BD
  8
LAYNR1
 66
1
 70
1
 40
0.100000
 41
0.100000
  0
VERTEX
 5
14BE
  8
LAYNR1
 10
56.51400
 20
28.66280
 42
1.0
  0
VERTEX
 5
14BF
  8
LAYNR1
 10
56.61400
 20
28.66280
 42
1.0
  0
SEQEND
  8
LAYNR1
  0
POLYLINE
 5
14C0
  8
LAYNR1
 66
1
 40
0.200000
 41
0.200000
  0
VERTEX
 5
14C1
  8
LAYNR1
 10
56.56400
 20
28.66280
  0
VERTEX
 5
14C2
  8
LAYNR1
 10
51.66400
 20
28.66280
  0
SEQEND
  8
LAYNR1
  0
POLYLINE
 5
14C3
  8
LAYNR1
 66
1
 70
1
 40
0.100000
 41
0.100000
  0
VERTEX
 5
14C4
  8
LAYNR1
 10
56.51400
 20
28.66280
 42
1.0
  0
VERTEX
 5
14C5
  8
LAYNR1
 10
56.61400
 20
28.66280
 42
1.0
  0
SEQEND
  8
LAYNR1
  0
POLYLINE
 5
14C6
  8
LAYNR1
 66
1
 70
1
 40
0.100000
 41
0.100000
  0
VERTEX
 5
14C7
  8
LAYNR1
 10
51.61400
 20
28.66280
 42
1.0
  0
VERTEX
 5
14C8
  8
LAYNR1
 10
51.71400
 20
28.66280
 42
1.0
  0
SEQEND
  8
LAYNR1
  0
POLYLINE
 5
14C9
  8
LAYNR1
 66
1
 40
0.200000
 41
0.200000
  0
VERTEX
 5
14CA
  8
LAYNR1
 10
51.66400
 20
28.66280
  0
VERTEX
 5
14CB
  8
LAYNR1
 10
51.66400
 20
30.66280
  0
SEQEND
  8
LAYNR1
  0
POLYLINE
 5
14CC
  8
LAYNR1
 66
1
 70
1
 40
0.100000
 41
0.100000
  0
VERTEX
 5
14CD
  8
LAYNR1
 10
51.61400
 20
28.66280
 42
1.0
  0
VERTEX
 5
14CE
  8
LAYNR1
 10
51.71400
 20
28.66280
 42
1.0
  0
SEQEND
  8
LAYNR1
  0
POLYLINE
 5
14CF
  8
LAYNR1
 66
1
 70
1
 40
0.100000
 41
0.100000
  0
VERTEX
 5
14D0
  8
LAYNR1
 10
51.61400
 20
30.66280
 42
1.0
  0
VERTEX
 5
14D1
  8
LAYNR1
 10
51.71400
 20
30.66280
 42
1.0
  0
SEQEND
  8
LAYNR1
  0
POLYLINE
 5
14D2
  8
LAYNR1
 66
1
 40
0.200000
 41
0.200000
  0
VERTEX
 5
14D3
  8
LAYNR1
 10
51.66400
 20
30.66280
  0
VERTEX
 5
14D4
  8
LAYNR1
 10
56.56400
 20
30.66280
  0
SEQEND
  8
LAYNR1
  0
POLYLINE
 5
14D5
  8
LAYNR1
 66
1
 70
1
 40
0.100000
 41
0.100000
  0
VERTEX
 5
14D6
  8
LAYNR1
 10
51.61400
 20
30.66280
 42
1.0
  0
VERTEX
 5
14D7
  8
LAYNR1
 10
51.71400
 20
30.66280
 42
1.0
  0
SEQEND
  8
LAYNR1
  0
POLYLINE
 5
14D8
  8
LAYNR1
 66
1
 70
1
 40
0.100000
 41
0.100000
  0
VERTEX
 5
14D9
  8
LAYNR1
 10
56.51400
 20
30.66280
 42
1.0
  0
VERTEX
 5
14DA
  8
LAYNR1
 10
56.61400
 20
30.66280
 42
1.0
  0
SEQEND
  8
LAYNR1
  0
POLYLINE
 5
14DB
  8
LAYNR1
 66
1
 40
0.200000
 41
0.200000
  0
VERTEX
 5
14DC
  8
LAYNR1
 10
55.60494
 20
29.97280
 42
1.000000
  0
VERTEX
 5
14DD
  8
LAYNR1
 10
56.24306
 20
29.97280
 42
1.000000
  0
VERTEX
 5
14DE
  8
LAYNR1
 10
55.60494
 20
29.97280
  0
SEQEND
  8
LAYNR1
  0
POLYLINE
 5
14DF
  8
PLACEMENT_OUTLINE_TOP
 66
1
 40
0.025400
 41
0.025400
  0
VERTEX
 5
14E0
  8
PLACEMENT_OUTLINE_TOP
 10
51.84900
 20
33.25280
  0
VERTEX
 5
14E1
  8
PLACEMENT_OUTLINE_TOP
 10
56.37900
 20
33.25280
  0
SEQEND
  8
PLACEMENT_OUTLINE_TOP
  0
POLYLINE
 5
14E2
  8
PLACEMENT_OUTLINE_TOP
 66
1
 70
1
 40
0.012700
 41
0.012700
  0
VERTEX
 5
14E3
  8
PLACEMENT_OUTLINE_TOP
 10
51.84265
 20
33.25280
 42
1.0
  0
VERTEX
 5
14E4
  8
PLACEMENT_OUTLINE_TOP
 10
51.85535
 20
33.25280
 42
1.0
  0
SEQEND
  8
PLACEMENT_OUTLINE_TOP
  0
POLYLINE
 5
14E5
  8
PLACEMENT_OUTLINE_TOP
 66
1
 70
1
 40
0.012700
 41
0.012700
  0
VERTEX
 5
14E6
  8
PLACEMENT_OUTLINE_TOP
 10
56.37265
 20
33.25280
 42
1.0
  0
VERTEX
 5
14E7
  8
PLACEMENT_OUTLINE_TOP
 10
56.38535
 20
33.25280
 42
1.0
  0
SEQEND
  8
PLACEMENT_OUTLINE_TOP
  0
POLYLINE
 5
14E8
  8
PLACEMENT_OUTLINE_TOP
 66
1
 40
0.025400
 41
0.025400
  0
VERTEX
 5
14E9
  8
PLACEMENT_OUTLINE_TOP
 10
56.37900
 20
33.25280
  0
VERTEX
 5
14EA
  8
PLACEMENT_OUTLINE_TOP
 10
56.37900
 20
26.07280
  0
SEQEND
  8
PLACEMENT_OUTLINE_TOP
  0
POLYLINE
 5
14EB
  8
PLACEMENT_OUTLINE_TOP
 66
1
 70
1
 40
0.012700
 41
0.012700
  0
VERTEX
 5
14EC
  8
PLACEMENT_OUTLINE_TOP
 10
56.37265
 20
33.25280
 42
1.0
  0
VERTEX
 5
14ED
  8
PLACEMENT_OUTLINE_TOP
 10
56.38535
 20
33.25280
 42
1.0
  0
SEQEND
  8
PLACEMENT_OUTLINE_TOP
  0
POLYLINE
 5
14EE
  8
PLACEMENT_OUTLINE_TOP
 66
1
 70
1
 40
0.012700
 41
0.012700
  0
VERTEX
 5
14EF
  8
PLACEMENT_OUTLINE_TOP
 10
56.37265
 20
26.07280
 42
1.0
  0
VERTEX
 5
14F0
  8
PLACEMENT_OUTLINE_TOP
 10
56.38535
 20
26.07280
 42
1.0
  0
SEQEND
  8
PLACEMENT_OUTLINE_TOP
  0
POLYLINE
 5
14F1
  8
PLACEMENT_OUTLINE_TOP
 66
1
 40
0.025400
 41
0.025400
  0
VERTEX
 5
14F2
  8
PLACEMENT_OUTLINE_TOP
 10
56.37900
 20
26.07280
  0
VERTEX
 5
14F3
  8
PLACEMENT_OUTLINE_TOP
 10
51.84900
 20
26.07280
  0
SEQEND
  8
PLACEMENT_OUTLINE_TOP
  0
POLYLINE
 5
14F4
  8
PLACEMENT_OUTLINE_TOP
 66
1
 70
1
 40
0.012700
 41
0.012700
  0
VERTEX
 5
14F5
  8
PLACEMENT_OUTLINE_TOP
 10
56.37265
 20
26.07280
 42
1.0
  0
VERTEX
 5
14F6
  8
PLACEMENT_OUTLINE_TOP
 10
56.38535
 20
26.07280
 42
1.0
  0
SEQEND
  8
PLACEMENT_OUTLINE_TOP
  0
POLYLINE
 5
14F7
  8
PLACEMENT_OUTLINE_TOP
 66
1
 70
1
 40
0.012700
 41
0.012700
  0
VERTEX
 5
14F8
  8
PLACEMENT_OUTLINE_TOP
 10
51.84265
 20
26.07280
 42
1.0
  0
VERTEX
 5
14F9
  8
PLACEMENT_OUTLINE_TOP
 10
51.85535
 20
26.07280
 42
1.0
  0
SEQEND
  8
PLACEMENT_OUTLINE_TOP
  0
POLYLINE
 5
14FA
  8
PLACEMENT_OUTLINE_TOP
 66
1
 40
0.025400
 41
0.025400
  0
VERTEX
 5
14FB
  8
PLACEMENT_OUTLINE_TOP
 10
51.84900
 20
26.07280
  0
VERTEX
 5
14FC
  8
PLACEMENT_OUTLINE_TOP
 10
51.84900
 20
33.25280
  0
SEQEND
  8
PLACEMENT_OUTLINE_TOP
  0
POLYLINE
 5
14FD
  8
PLACEMENT_OUTLINE_TOP
 66
1
 70
1
 40
0.012700
 41
0.012700
  0
VERTEX
 5
14FE
  8
PLACEMENT_OUTLINE_TOP
 10
51.84265
 20
26.07280
 42
1.0
  0
VERTEX
 5
14FF
  8
PLACEMENT_OUTLINE_TOP
 10
51.85535
 20
26.07280
 42
1.0
  0
SEQEND
  8
PLACEMENT_OUTLINE_TOP
  0
POLYLINE
 5
1500
  8
PLACEMENT_OUTLINE_TOP
 66
1
 70
1
 40
0.012700
 41
0.012700
  0
VERTEX
 5
1501
  8
PLACEMENT_OUTLINE_TOP
 10
51.84265
 20
33.25280
 42
1.0
  0
VERTEX
 5
1502
  8
PLACEMENT_OUTLINE_TOP
 10
51.85535
 20
33.25280
 42
1.0
  0
SEQEND
  8
PLACEMENT_OUTLINE_TOP
  0
SOLID
 5
1503
  8
PADLAYER_TOP
 10
55.65900
 20
33.25280
 11
55.65900
 21
31.47280
 12
56.37900
 22
33.25280
 13
56.37900
 23
31.47280
  0
SOLID
 5
1504
  8
PADLAYER_TOP
 10
54.38900
 20
33.25280
 11
54.38900
 21
31.47280
 12
55.10900
 22
33.25280
 13
55.10900
 23
31.47280
  0
SOLID
 5
1505
  8
PADLAYER_TOP
 10
53.11900
 20
33.25280
 11
53.11900
 21
31.47280
 12
53.83900
 22
33.25280
 13
53.83900
 23
31.47280
  0
SOLID
 5
1506
  8
PADLAYER_TOP
 10
51.84900
 20
33.25280
 11
51.84900
 21
31.47280
 12
52.56900
 22
33.25280
 13
52.56900
 23
31.47280
  0
SOLID
 5
1507
  8
PADLAYER_TOP
 10
51.84900
 20
27.85280
 11
51.84900
 21
26.07280
 12
52.56900
 22
27.85280
 13
52.56900
 23
26.07280
  0
SOLID
 5
1508
  8
PADLAYER_TOP
 10
53.11900
 20
27.85280
 11
53.11900
 21
26.07280
 12
53.83900
 22
27.85280
 13
53.83900
 23
26.07280
  0
SOLID
 5
1509
  8
PADLAYER_TOP
 10
54.38900
 20
27.85280
 11
54.38900
 21
26.07280
 12
55.10900
 22
27.85280
 13
55.10900
 23
26.07280
  0
SOLID
 5
150A
  8
PADLAYER_TOP
 10
55.65900
 20
27.85280
 11
55.65900
 21
26.07280
 12
56.37900
 22
27.85280
 13
56.37900
 23
26.07280
  0
POLYLINE
 5
150B
  8
2DLINES_1
 66
1
 40
0.299970
 41
0.299970
  0
VERTEX
 5
150C
  8
2DLINES_1
 10
83.40300
 20
63.33000
  0
VERTEX
 5
150D
  8
2DLINES_1
 10
84.30300
 20
63.33000
  0
SEQEND
  8
2DLINES_1
  0
POLYLINE
 5
150E
  8
2DLINES_1
 66
1
 70
1
 40
0.149985
 41
0.149985
  0
VERTEX
 5
150F
  8
2DLINES_1
 10
83.32801
 20
63.33000
 42
1.0
  0
VERTEX
 5
1510
  8
2DLINES_1
 10
83.47800
 20
63.33000
 42
1.0
  0
SEQEND
  8
2DLINES_1
  0
POLYLINE
 5
1511
  8
2DLINES_1
 66
1
 70
1
 40
0.149985
 41
0.149985
  0
VERTEX
 5
1512
  8
2DLINES_1
 10
84.22801
 20
63.33000
 42
1.0
  0
VERTEX
 5
1513
  8
2DLINES_1
 10
84.37800
 20
63.33000
 42
1.0
  0
SEQEND
  8
2DLINES_1
  0
POLYLINE
 5
1514
  8
2DLINES_1
 66
1
 40
0.299970
 41
0.299970
  0
VERTEX
 5
1515
  8
2DLINES_1
 10
84.30300
 20
63.33000
  0
VERTEX
 5
1516
  8
2DLINES_1
 10
84.30300
 20
65.73000
  0
SEQEND
  8
2DLINES_1
  0
POLYLINE
 5
1517
  8
2DLINES_1
 66
1
 70
1
 40
0.149985
 41
0.149985
  0
VERTEX
 5
1518
  8
2DLINES_1
 10
84.22801
 20
63.33000
 42
1.0
  0
VERTEX
 5
1519
  8
2DLINES_1
 10
84.37800
 20
63.33000
 42
1.0
  0
SEQEND
  8
2DLINES_1
  0
POLYLINE
 5
151A
  8
2DLINES_1
 66
1
 70
1
 40
0.149985
 41
0.149985
  0
VERTEX
 5
151B
  8
2DLINES_1
 10
84.22801
 20
65.73000
 42
1.0
  0
VERTEX
 5
151C
  8
2DLINES_1
 10
84.37800
 20
65.73000
 42
1.0
  0
SEQEND
  8
2DLINES_1
  0
POLYLINE
 5
151D
  8
2DLINES_1
 66
1
 40
0.299970
 41
0.299970
  0
VERTEX
 5
151E
  8
2DLINES_1
 10
82.00300
 20
63.33000
  0
VERTEX
 5
151F
  8
2DLINES_1
 10
81.10300
 20
63.33000
  0
SEQEND
  8
2DLINES_1
  0
POLYLINE
 5
1520
  8
2DLINES_1
 66
1
 70
1
 40
0.149985
 41
0.149985
  0
VERTEX
 5
1521
  8
2DLINES_1
 10
81.92801
 20
63.33000
 42
1.0
  0
VERTEX
 5
1522
  8
2DLINES_1
 10
82.07800
 20
63.33000
 42
1.0
  0
SEQEND
  8
2DLINES_1
  0
POLYLINE
 5
1523
  8
2DLINES_1
 66
1
 70
1
 40
0.149985
 41
0.149985
  0
VERTEX
 5
1524
  8
2DLINES_1
 10
81.02801
 20
63.33000
 42
1.0
  0
VERTEX
 5
1525
  8
2DLINES_1
 10
81.17800
 20
63.33000
 42
1.0
  0
SEQEND
  8
2DLINES_1
  0
POLYLINE
 5
1526
  8
2DLINES_1
 66
1
 40
0.299970
 41
0.299970
  0
VERTEX
 5
1527
  8
2DLINES_1
 10
81.10300
 20
63.33000
  0
VERTEX
 5
1528
  8
2DLINES_1
 10
81.10300
 20
65.73000
  0
SEQEND
  8
2DLINES_1
  0
POLYLINE
 5
1529
  8
2DLINES_1
 66
1
 70
1
 40
0.149985
 41
0.149985
  0
VERTEX
 5
152A
  8
2DLINES_1
 10
81.02801
 20
63.33000
 42
1.0
  0
VERTEX
 5
152B
  8
2DLINES_1
 10
81.17800
 20
63.33000
 42
1.0
  0
SEQEND
  8
2DLINES_1
  0
POLYLINE
 5
152C
  8
2DLINES_1
 66
1
 70
1
 40
0.149985
 41
0.149985
  0
VERTEX
 5
152D
  8
2DLINES_1
 10
81.02801
 20
65.73000
 42
1.0
  0
VERTEX
 5
152E
  8
2DLINES_1
 10
81.17800
 20
65.73000
 42
1.0
  0
SEQEND
  8
2DLINES_1
  0
POLYLINE
 5
152F
  8
PLACEMENT_OUTLINE_TOP
 66
1
 40
0.299970
 41
0.299970
  0
VERTEX
 5
1530
  8
PLACEMENT_OUTLINE_TOP
 10
84.60800
 20
64.84750
  0
VERTEX
 5
1531
  8
PLACEMENT_OUTLINE_TOP
 10
84.60800
 20
66.75250
  0
SEQEND
  8
PLACEMENT_OUTLINE_TOP
  0
POLYLINE
 5
1532
  8
PLACEMENT_OUTLINE_TOP
 66
1
 70
1
 40
0.149985
 41
0.149985
  0
VERTEX
 5
1533
  8
PLACEMENT_OUTLINE_TOP
 10
84.53301
 20
64.84750
 42
1.0
  0
VERTEX
 5
1534
  8
PLACEMENT_OUTLINE_TOP
 10
84.68300
 20
64.84750
 42
1.0
  0
SEQEND
  8
PLACEMENT_OUTLINE_TOP
  0
POLYLINE
 5
1535
  8
PLACEMENT_OUTLINE_TOP
 66
1
 70
1
 40
0.149985
 41
0.149985
  0
VERTEX
 5
1536
  8
PLACEMENT_OUTLINE_TOP
 10
84.53301
 20
66.75250
 42
1.0
  0
VERTEX
 5
1537
  8
PLACEMENT_OUTLINE_TOP
 10
84.68299
 20
66.75250
 42
1.0
  0
SEQEND
  8
PLACEMENT_OUTLINE_TOP
  0
POLYLINE
 5
1538
  8
PLACEMENT_OUTLINE_TOP
 66
1
 40
0.299970
 41
0.299970
  0
VERTEX
 5
1539
  8
PLACEMENT_OUTLINE_TOP
 10
84.60800
 20
66.75250
  0
VERTEX
 5
153A
  8
PLACEMENT_OUTLINE_TOP
 10
80.79800
 20
66.75250
  0
SEQEND
  8
PLACEMENT_OUTLINE_TOP
  0
POLYLINE
 5
153B
  8
PLACEMENT_OUTLINE_TOP
 66
1
 70
1
 40
0.149985
 41
0.149985
  0
VERTEX
 5
153C
  8
PLACEMENT_OUTLINE_TOP
 10
84.53301
 20
66.75250
 42
1.0
  0
VERTEX
 5
153D
  8
PLACEMENT_OUTLINE_TOP
 10
84.68299
 20
66.75250
 42
1.0
  0
SEQEND
  8
PLACEMENT_OUTLINE_TOP
  0
POLYLINE
 5
153E
  8
PLACEMENT_OUTLINE_TOP
 66
1
 70
1
 40
0.149985
 41
0.149985
  0
VERTEX
 5
153F
  8
PLACEMENT_OUTLINE_TOP
 10
80.72301
 20
66.75250
 42
1.0
  0
VERTEX
 5
1540
  8
PLACEMENT_OUTLINE_TOP
 10
80.87299
 20
66.75250
 42
1.0
  0
SEQEND
  8
PLACEMENT_OUTLINE_TOP
  0
POLYLINE
 5
1541
  8
PLACEMENT_OUTLINE_TOP
 66
1
 40
0.299970
 41
0.299970
  0
VERTEX
 5
1542
  8
PLACEMENT_OUTLINE_TOP
 10
80.79800
 20
66.75250
  0
VERTEX
 5
1543
  8
PLACEMENT_OUTLINE_TOP
 10
80.79800
 20
62.30750
  0
SEQEND
  8
PLACEMENT_OUTLINE_TOP
  0
POLYLINE
 5
1544
  8
PLACEMENT_OUTLINE_TOP
 66
1
 70
1
 40
0.149985
 41
0.149985
  0
VERTEX
 5
1545
  8
PLACEMENT_OUTLINE_TOP
 10
80.72301
 20
66.75250
 42
1.0
  0
VERTEX
 5
1546
  8
PLACEMENT_OUTLINE_TOP
 10
80.87299
 20
66.75250
 42
1.0
  0
SEQEND
  8
PLACEMENT_OUTLINE_TOP
  0
POLYLINE
 5
1547
  8
PLACEMENT_OUTLINE_TOP
 66
1
 70
1
 40
0.149985
 41
0.149985
  0
VERTEX
 5
1548
  8
PLACEMENT_OUTLINE_TOP
 10
80.72301
 20
62.30750
 42
1.0
  0
VERTEX
 5
1549
  8
PLACEMENT_OUTLINE_TOP
 10
80.87300
 20
62.30750
 42
1.0
  0
SEQEND
  8
PLACEMENT_OUTLINE_TOP
  0
POLYLINE
 5
154A
  8
PLACEMENT_OUTLINE_TOP
 66
1
 40
0.299970
 41
0.299970
  0
VERTEX
 5
154B
  8
PLACEMENT_OUTLINE_TOP
 10
80.79800
 20
62.30750
  0
VERTEX
 5
154C
  8
PLACEMENT_OUTLINE_TOP
 10
84.60800
 20
62.30750
  0
SEQEND
  8
PLACEMENT_OUTLINE_TOP
  0
POLYLINE
 5
154D
  8
PLACEMENT_OUTLINE_TOP
 66
1
 70
1
 40
0.149985
 41
0.149985
  0
VERTEX
 5
154E
  8
PLACEMENT_OUTLINE_TOP
 10
80.72301
 20
62.30750
 42
1.0
  0
VERTEX
 5
154F
  8
PLACEMENT_OUTLINE_TOP
 10
80.87300
 20
62.30750
 42
1.0
  0
SEQEND
  8
PLACEMENT_OUTLINE_TOP
  0
POLYLINE
 5
1550
  8
PLACEMENT_OUTLINE_TOP
 66
1
 70
1
 40
0.149985
 41
0.149985
  0
VERTEX
 5
1551
  8
PLACEMENT_OUTLINE_TOP
 10
84.53301
 20
62.30750
 42
1.0
  0
VERTEX
 5
1552
  8
PLACEMENT_OUTLINE_TOP
 10
84.68300
 20
62.30750
 42
1.0
  0
SEQEND
  8
PLACEMENT_OUTLINE_TOP
  0
POLYLINE
 5
1553
  8
PLACEMENT_OUTLINE_TOP
 66
1
 40
0.299970
 41
0.299970
  0
VERTEX
 5
1554
  8
PLACEMENT_OUTLINE_TOP
 10
84.60800
 20
62.30750
  0
VERTEX
 5
1555
  8
PLACEMENT_OUTLINE_TOP
 10
84.60800
 20
64.84750
  0
SEQEND
  8
PLACEMENT_OUTLINE_TOP
  0
POLYLINE
 5
1556
  8
PLACEMENT_OUTLINE_TOP
 66
1
 70
1
 40
0.149985
 41
0.149985
  0
VERTEX
 5
1557
  8
PLACEMENT_OUTLINE_TOP
 10
84.53301
 20
62.30750
 42
1.0
  0
VERTEX
 5
1558
  8
PLACEMENT_OUTLINE_TOP
 10
84.68300
 20
62.30750
 42
1.0
  0
SEQEND
  8
PLACEMENT_OUTLINE_TOP
  0
POLYLINE
 5
1559
  8
PLACEMENT_OUTLINE_TOP
 66
1
 70
1
 40
0.149985
 41
0.149985
  0
VERTEX
 5
155A
  8
PLACEMENT_OUTLINE_TOP
 10
84.53301
 20
64.84750
 42
1.0
  0
VERTEX
 5
155B
  8
PLACEMENT_OUTLINE_TOP
 10
84.68300
 20
64.84750
 42
1.0
  0
SEQEND
  8
PLACEMENT_OUTLINE_TOP
  0
SOLID
 5
155C
  8
PADLAYER_TOP
 10
83.27200
 20
66.30150
 11
83.27200
 21
65.15850
 12
84.03400
 22
66.30150
 13
84.03400
 23
65.15850
  0
SOLID
 5
155D
  8
PADLAYER_TOP
 10
81.37200
 20
66.30150
 11
81.37200
 21
65.15850
 12
82.13400
 22
66.30150
 13
82.13400
 23
65.15850
  0
SOLID
 5
155E
  8
PADLAYER_TOP
 10
82.32200
 20
63.90150
 11
82.32200
 21
62.75850
 12
83.08400
 22
63.90150
 13
83.08400
 23
62.75850
  0
POLYLINE
 5
155F
  8
2DLINES_1
 66
1
 40
0.299970
 41
0.299970
  0
VERTEX
 5
1560
  8
2DLINES_1
 10
83.40300
 20
58.53100
  0
VERTEX
 5
1561
  8
2DLINES_1
 10
84.30300
 20
58.53100
  0
SEQEND
  8
2DLINES_1
  0
POLYLINE
 5
1562
  8
2DLINES_1
 66
1
 70
1
 40
0.149985
 41
0.149985
  0
VERTEX
 5
1563
  8
2DLINES_1
 10
83.32801
 20
58.53100
 42
1.0
  0
VERTEX
 5
1564
  8
2DLINES_1
 10
83.47800
 20
58.53100
 42
1.0
  0
SEQEND
  8
2DLINES_1
  0
POLYLINE
 5
1565
  8
2DLINES_1
 66
1
 70
1
 40
0.149985
 41
0.149985
  0
VERTEX
 5
1566
  8
2DLINES_1
 10
84.22801
 20
58.53100
 42
1.0
  0
VERTEX
 5
1567
  8
2DLINES_1
 10
84.37800
 20
58.53100
 42
1.0
  0
SEQEND
  8
2DLINES_1
  0
POLYLINE
 5
1568
  8
2DLINES_1
 66
1
 40
0.299970
 41
0.299970
  0
VERTEX
 5
1569
  8
2DLINES_1
 10
84.30300
 20
58.53100
  0
VERTEX
 5
156A
  8
2DLINES_1
 10
84.30300
 20
60.93100
  0
SEQEND
  8
2DLINES_1
  0
POLYLINE
 5
156B
  8
2DLINES_1
 66
1
 70
1
 40
0.149985
 41
0.149985
  0
VERTEX
 5
156C
  8
2DLINES_1
 10
84.22801
 20
58.53100
 42
1.0
  0
VERTEX
 5
156D
  8
2DLINES_1
 10
84.37800
 20
58.53100
 42
1.0
  0
SEQEND
  8
2DLINES_1
  0
POLYLINE
 5
156E
  8
2DLINES_1
 66
1
 70
1
 40
0.149985
 41
0.149985
  0
VERTEX
 5
156F
  8
2DLINES_1
 10
84.22801
 20
60.93100
 42
1.0
  0
VERTEX
 5
1570
  8
2DLINES_1
 10
84.37800
 20
60.93100
 42
1.0
  0
SEQEND
  8
2DLINES_1
  0
POLYLINE
 5
1571
  8
2DLINES_1
 66
1
 40
0.299970
 41
0.299970
  0
VERTEX
 5
1572
  8
2DLINES_1
 10
82.00300
 20
58.53100
  0
VERTEX
 5
1573
  8
2DLINES_1
 10
81.10300
 20
58.53100
  0
SEQEND
  8
2DLINES_1
  0
POLYLINE
 5
1574
  8
2DLINES_1
 66
1
 70
1
 40
0.149985
 41
0.149985
  0
VERTEX
 5
1575
  8
2DLINES_1
 10
81.92801
 20
58.53100
 42
1.0
  0
VERTEX
 5
1576
  8
2DLINES_1
 10
82.07800
 20
58.53100
 42
1.0
  0
SEQEND
  8
2DLINES_1
  0
POLYLINE
 5
1577
  8
2DLINES_1
 66
1
 70
1
 40
0.149985
 41
0.149985
  0
VERTEX
 5
1578
  8
2DLINES_1
 10
81.02801
 20
58.53100
 42
1.0
  0
VERTEX
 5
1579
  8
2DLINES_1
 10
81.17800
 20
58.53100
 42
1.0
  0
SEQEND
  8
2DLINES_1
  0
POLYLINE
 5
157A
  8
2DLINES_1
 66
1
 40
0.299970
 41
0.299970
  0
VERTEX
 5
157B
  8
2DLINES_1
 10
81.10300
 20
58.53100
  0
VERTEX
 5
157C
  8
2DLINES_1
 10
81.10300
 20
60.93100
  0
SEQEND
  8
2DLINES_1
  0
POLYLINE
 5
157D
  8
2DLINES_1
 66
1
 70
1
 40
0.149985
 41
0.149985
  0
VERTEX
 5
157E
  8
2DLINES_1
 10
81.02801
 20
58.53100
 42
1.0
  0
VERTEX
 5
157F
  8
2DLINES_1
 10
81.17800
 20
58.53100
 42
1.0
  0
SEQEND
  8
2DLINES_1
  0
POLYLINE
 5
1580
  8
2DLINES_1
 66
1
 70
1
 40
0.149985
 41
0.149985
  0
VERTEX
 5
1581
  8
2DLINES_1
 10
81.02801
 20
60.93100
 42
1.0
  0
VERTEX
 5
1582
  8
2DLINES_1
 10
81.17800
 20
60.93100
 42
1.0
  0
SEQEND
  8
2DLINES_1
  0
POLYLINE
 5
1583
  8
PLACEMENT_OUTLINE_TOP
 66
1
 40
0.299970
 41
0.299970
  0
VERTEX
 5
1584
  8
PLACEMENT_OUTLINE_TOP
 10
84.60800
 20
60.04850
  0
VERTEX
 5
1585
  8
PLACEMENT_OUTLINE_TOP
 10
84.60800
 20
61.95350
  0
SEQEND
  8
PLACEMENT_OUTLINE_TOP
  0
POLYLINE
 5
1586
  8
PLACEMENT_OUTLINE_TOP
 66
1
 70
1
 40
0.149985
 41
0.149985
  0
VERTEX
 5
1587
  8
PLACEMENT_OUTLINE_TOP
 10
84.53301
 20
60.04850
 42
1.0
  0
VERTEX
 5
1588
  8
PLACEMENT_OUTLINE_TOP
 10
84.68300
 20
60.04850
 42
1.0
  0
SEQEND
  8
PLACEMENT_OUTLINE_TOP
  0
POLYLINE
 5
1589
  8
PLACEMENT_OUTLINE_TOP
 66
1
 70
1
 40
0.149985
 41
0.149985
  0
VERTEX
 5
158A
  8
PLACEMENT_OUTLINE_TOP
 10
84.53301
 20
61.95350
 42
1.0
  0
VERTEX
 5
158B
  8
PLACEMENT_OUTLINE_TOP
 10
84.68299
 20
61.95350
 42
1.0
  0
SEQEND
  8
PLACEMENT_OUTLINE_TOP
  0
POLYLINE
 5
158C
  8
PLACEMENT_OUTLINE_TOP
 66
1
 40
0.299970
 41
0.299970
  0
VERTEX
 5
158D
  8
PLACEMENT_OUTLINE_TOP
 10
84.60800
 20
61.95350
  0
VERTEX
 5
158E
  8
PLACEMENT_OUTLINE_TOP
 10
80.79800
 20
61.95350
  0
SEQEND
  8
PLACEMENT_OUTLINE_TOP
  0
POLYLINE
 5
158F
  8
PLACEMENT_OUTLINE_TOP
 66
1
 70
1
 40
0.149985
 41
0.149985
  0
VERTEX
 5
1590
  8
PLACEMENT_OUTLINE_TOP
 10
84.53301
 20
61.95350
 42
1.0
  0
VERTEX
 5
1591
  8
PLACEMENT_OUTLINE_TOP
 10
84.68299
 20
61.95350
 42
1.0
  0
SEQEND
  8
PLACEMENT_OUTLINE_TOP
  0
POLYLINE
 5
1592
  8
PLACEMENT_OUTLINE_TOP
 66
1
 70
1
 40
0.149985
 41
0.149985
  0
VERTEX
 5
1593
  8
PLACEMENT_OUTLINE_TOP
 10
80.72301
 20
61.95350
 42
1.0
  0
VERTEX
 5
1594
  8
PLACEMENT_OUTLINE_TOP
 10
80.87299
 20
61.95350
 42
1.0
  0
SEQEND
  8
PLACEMENT_OUTLINE_TOP
  0
POLYLINE
 5
1595
  8
PLACEMENT_OUTLINE_TOP
 66
1
 40
0.299970
 41
0.299970
  0
VERTEX
 5
1596
  8
PLACEMENT_OUTLINE_TOP
 10
80.79800
 20
61.95350
  0
VERTEX
 5
1597
  8
PLACEMENT_OUTLINE_TOP
 10
80.79800
 20
57.50850
  0
SEQEND
  8
PLACEMENT_OUTLINE_TOP
  0
POLYLINE
 5
1598
  8
PLACEMENT_OUTLINE_TOP
 66
1
 70
1
 40
0.149985
 41
0.149985
  0
VERTEX
 5
1599
  8
PLACEMENT_OUTLINE_TOP
 10
80.72301
 20
61.95350
 42
1.0
  0
VERTEX
 5
159A
  8
PLACEMENT_OUTLINE_TOP
 10
80.87299
 20
61.95350
 42
1.0
  0
SEQEND
  8
PLACEMENT_OUTLINE_TOP
  0
POLYLINE
 5
159B
  8
PLACEMENT_OUTLINE_TOP
 66
1
 70
1
 40
0.149985
 41
0.149985
  0
VERTEX
 5
159C
  8
PLACEMENT_OUTLINE_TOP
 10
80.72301
 20
57.50850
 42
1.0
  0
VERTEX
 5
159D
  8
PLACEMENT_OUTLINE_TOP
 10
80.87300
 20
57.50850
 42
1.0
  0
SEQEND
  8
PLACEMENT_OUTLINE_TOP
  0
POLYLINE
 5
159E
  8
PLACEMENT_OUTLINE_TOP
 66
1
 40
0.299970
 41
0.299970
  0
VERTEX
 5
159F
  8
PLACEMENT_OUTLINE_TOP
 10
80.79800
 20
57.50850
  0
VERTEX
 5
15A0
  8
PLACEMENT_OUTLINE_TOP
 10
84.60800
 20
57.50850
  0
SEQEND
  8
PLACEMENT_OUTLINE_TOP
  0
POLYLINE
 5
15A1
  8
PLACEMENT_OUTLINE_TOP
 66
1
 70
1
 40
0.149985
 41
0.149985
  0
VERTEX
 5
15A2
  8
PLACEMENT_OUTLINE_TOP
 10
80.72301
 20
57.50850
 42
1.0
  0
VERTEX
 5
15A3
  8
PLACEMENT_OUTLINE_TOP
 10
80.87300
 20
57.50850
 42
1.0
  0
SEQEND
  8
PLACEMENT_OUTLINE_TOP
  0
POLYLINE
 5
15A4
  8
PLACEMENT_OUTLINE_TOP
 66
1
 70
1
 40
0.149985
 41
0.149985
  0
VERTEX
 5
15A5
  8
PLACEMENT_OUTLINE_TOP
 10
84.53301
 20
57.50850
 42
1.0
  0
VERTEX
 5
15A6
  8
PLACEMENT_OUTLINE_TOP
 10
84.68300
 20
57.50850
 42
1.0
  0
SEQEND
  8
PLACEMENT_OUTLINE_TOP
  0
POLYLINE
 5
15A7
  8
PLACEMENT_OUTLINE_TOP
 66
1
 40
0.299970
 41
0.299970
  0
VERTEX
 5
15A8
  8
PLACEMENT_OUTLINE_TOP
 10
84.60800
 20
57.50850
  0
VERTEX
 5
15A9
  8
PLACEMENT_OUTLINE_TOP
 10
84.60800
 20
60.04850
  0
SEQEND
  8
PLACEMENT_OUTLINE_TOP
  0
POLYLINE
 5
15AA
  8
PLACEMENT_OUTLINE_TOP
 66
1
 70
1
 40
0.149985
 41
0.149985
  0
VERTEX
 5
15AB
  8
PLACEMENT_OUTLINE_TOP
 10
84.53301
 20
57.50850
 42
1.0
  0
VERTEX
 5
15AC
  8
PLACEMENT_OUTLINE_TOP
 10
84.68300
 20
57.50850
 42
1.0
  0
SEQEND
  8
PLACEMENT_OUTLINE_TOP
  0
POLYLINE
 5
15AD
  8
PLACEMENT_OUTLINE_TOP
 66
1
 70
1
 40
0.149985
 41
0.149985
  0
VERTEX
 5
15AE
  8
PLACEMENT_OUTLINE_TOP
 10
84.53301
 20
60.04850
 42
1.0
  0
VERTEX
 5
15AF
  8
PLACEMENT_OUTLINE_TOP
 10
84.68300
 20
60.04850
 42
1.0
  0
SEQEND
  8
PLACEMENT_OUTLINE_TOP
  0
SOLID
 5
15B0
  8
PADLAYER_TOP
 10
83.27200
 20
61.50250
 11
83.27200
 21
60.35950
 12
84.03400
 22
61.50250
 13
84.03400
 23
60.35950
  0
SOLID
 5
15B1
  8
PADLAYER_TOP
 10
81.37200
 20
61.50250
 11
81.37200
 21
60.35950
 12
82.13400
 22
61.50250
 13
82.13400
 23
60.35950
  0
SOLID
 5
15B2
  8
PADLAYER_TOP
 10
82.32200
 20
59.10250
 11
82.32200
 21
57.95950
 12
83.08400
 22
59.10250
 13
83.08400
 23
57.95950
  0
POLYLINE
 5
15B3
  8
LAYNR1
 66
1
 40
0.150000
 41
0.150000
  0
VERTEX
 5
15B4
  8
LAYNR1
 10
86.36800
 20
55.08600
  0
VERTEX
 5
15B5
  8
LAYNR1
 10
85.66800
 20
55.08600
  0
SEQEND
  8
LAYNR1
  0
POLYLINE
 5
15B6
  8
LAYNR1
 66
1
 70
1
 40
0.075000
 41
0.075000
  0
VERTEX
 5
15B7
  8
LAYNR1
 10
86.33050
 20
55.08600
 42
1.0
  0
VERTEX
 5
15B8
  8
LAYNR1
 10
86.40550
 20
55.08600
 42
1.0
  0
SEQEND
  8
LAYNR1
  0
POLYLINE
 5
15B9
  8
LAYNR1
 66
1
 70
1
 40
0.075000
 41
0.075000
  0
VERTEX
 5
15BA
  8
LAYNR1
 10
85.63050
 20
55.08600
 42
1.0
  0
VERTEX
 5
15BB
  8
LAYNR1
 10
85.70550
 20
55.08600
 42
1.0
  0
SEQEND
  8
LAYNR1
  0
POLYLINE
 5
15BC
  8
PLACEMENT_OUTLINE_TOP
 66
1
 40
0.100000
 41
0.100000
  0
VERTEX
 5
15BD
  8
PLACEMENT_OUTLINE_TOP
 10
85.38300
 20
56.48300
  0
VERTEX
 5
15BE
  8
PLACEMENT_OUTLINE_TOP
 10
85.38300
 20
53.68900
  0
SEQEND
  8
PLACEMENT_OUTLINE_TOP
  0
POLYLINE
 5
15BF
  8
PLACEMENT_OUTLINE_TOP
 66
1
 70
1
 40
0.050000
 41
0.050000
  0
VERTEX
 5
15C0
  8
PLACEMENT_OUTLINE_TOP
 10
85.35800
 20
56.48300
 42
1.0
  0
VERTEX
 5
15C1
  8
PLACEMENT_OUTLINE_TOP
 10
85.40800
 20
56.48300
 42
1.0
  0
SEQEND
  8
PLACEMENT_OUTLINE_TOP
  0
POLYLINE
 5
15C2
  8
PLACEMENT_OUTLINE_TOP
 66
1
 70
1
 40
0.050000
 41
0.050000
  0
VERTEX
 5
15C3
  8
PLACEMENT_OUTLINE_TOP
 10
85.35800
 20
53.68900
 42
1.0
  0
VERTEX
 5
15C4
  8
PLACEMENT_OUTLINE_TOP
 10
85.40800
 20
53.68900
 42
1.0
  0
SEQEND
  8
PLACEMENT_OUTLINE_TOP
  0
POLYLINE
 5
15C5
  8
PLACEMENT_OUTLINE_TOP
 66
1
 40
0.100000
 41
0.100000
  0
VERTEX
 5
15C6
  8
PLACEMENT_OUTLINE_TOP
 10
85.38300
 20
53.68900
  0
VERTEX
 5
15C7
  8
PLACEMENT_OUTLINE_TOP
 10
86.65300
 20
53.68900
  0
SEQEND
  8
PLACEMENT_OUTLINE_TOP
  0
POLYLINE
 5
15C8
  8
PLACEMENT_OUTLINE_TOP
 66
1
 70
1
 40
0.050000
 41
0.050000
  0
VERTEX
 5
15C9
  8
PLACEMENT_OUTLINE_TOP
 10
85.35800
 20
53.68900
 42
1.0
  0
VERTEX
 5
15CA
  8
PLACEMENT_OUTLINE_TOP
 10
85.40800
 20
53.68900
 42
1.0
  0
SEQEND
  8
PLACEMENT_OUTLINE_TOP
  0
POLYLINE
 5
15CB
  8
PLACEMENT_OUTLINE_TOP
 66
1
 70
1
 40
0.050000
 41
0.050000
  0
VERTEX
 5
15CC
  8
PLACEMENT_OUTLINE_TOP
 10
86.62800
 20
53.68900
 42
1.0
  0
VERTEX
 5
15CD
  8
PLACEMENT_OUTLINE_TOP
 10
86.67800
 20
53.68900
 42
1.0
  0
SEQEND
  8
PLACEMENT_OUTLINE_TOP
  0
POLYLINE
 5
15CE
  8
PLACEMENT_OUTLINE_TOP
 66
1
 40
0.100000
 41
0.100000
  0
VERTEX
 5
15CF
  8
PLACEMENT_OUTLINE_TOP
 10
86.65300
 20
53.68900
  0
VERTEX
 5
15D0
  8
PLACEMENT_OUTLINE_TOP
 10
86.65300
 20
56.48300
  0
SEQEND
  8
PLACEMENT_OUTLINE_TOP
  0
POLYLINE
 5
15D1
  8
PLACEMENT_OUTLINE_TOP
 66
1
 70
1
 40
0.050000
 41
0.050000
  0
VERTEX
 5
15D2
  8
PLACEMENT_OUTLINE_TOP
 10
86.62800
 20
53.68900
 42
1.0
  0
VERTEX
 5
15D3
  8
PLACEMENT_OUTLINE_TOP
 10
86.67800
 20
53.68900
 42
1.0
  0
SEQEND
  8
PLACEMENT_OUTLINE_TOP
  0
POLYLINE
 5
15D4
  8
PLACEMENT_OUTLINE_TOP
 66
1
 70
1
 40
0.050000
 41
0.050000
  0
VERTEX
 5
15D5
  8
PLACEMENT_OUTLINE_TOP
 10
86.62800
 20
56.48300
 42
1.0
  0
VERTEX
 5
15D6
  8
PLACEMENT_OUTLINE_TOP
 10
86.67800
 20
56.48300
 42
1.0
  0
SEQEND
  8
PLACEMENT_OUTLINE_TOP
  0
POLYLINE
 5
15D7
  8
PLACEMENT_OUTLINE_TOP
 66
1
 40
0.100000
 41
0.100000
  0
VERTEX
 5
15D8
  8
PLACEMENT_OUTLINE_TOP
 10
86.65300
 20
56.48300
  0
VERTEX
 5
15D9
  8
PLACEMENT_OUTLINE_TOP
 10
85.38300
 20
56.48300
  0
SEQEND
  8
PLACEMENT_OUTLINE_TOP
  0
POLYLINE
 5
15DA
  8
PLACEMENT_OUTLINE_TOP
 66
1
 70
1
 40
0.050000
 41
0.050000
  0
VERTEX
 5
15DB
  8
PLACEMENT_OUTLINE_TOP
 10
86.62800
 20
56.48300
 42
1.0
  0
VERTEX
 5
15DC
  8
PLACEMENT_OUTLINE_TOP
 10
86.67800
 20
56.48300
 42
1.0
  0
SEQEND
  8
PLACEMENT_OUTLINE_TOP
  0
POLYLINE
 5
15DD
  8
PLACEMENT_OUTLINE_TOP
 66
1
 70
1
 40
0.050000
 41
0.050000
  0
VERTEX
 5
15DE
  8
PLACEMENT_OUTLINE_TOP
 10
85.35800
 20
56.48300
 42
1.0
  0
VERTEX
 5
15DF
  8
PLACEMENT_OUTLINE_TOP
 10
85.40800
 20
56.48300
 42
1.0
  0
SEQEND
  8
PLACEMENT_OUTLINE_TOP
  0
SOLID
 5
15E0
  8
PADLAYER_TOP
 10
86.47520
 20
53.86680
 11
86.47520
 21
54.78120
 12
85.56080
 22
53.86680
 13
85.56080
 23
54.78120
  0
SOLID
 5
15E1
  8
PADLAYER_TOP
 10
86.47520
 20
55.39080
 11
86.47520
 21
56.30520
 12
85.56080
 22
55.39080
 13
85.56080
 23
56.30520
  0
POLYLINE
 5
15E2
  8
LAYNR1
 66
1
 40
0.150000
 41
0.150000
  0
VERTEX
 5
15E3
  8
LAYNR1
 10
85.97800
 20
59.73100
  0
VERTEX
 5
15E4
  8
LAYNR1
 10
85.27800
 20
59.73100
  0
SEQEND
  8
LAYNR1
  0
POLYLINE
 5
15E5
  8
LAYNR1
 66
1
 70
1
 40
0.075000
 41
0.075000
  0
VERTEX
 5
15E6
  8
LAYNR1
 10
85.94050
 20
59.73100
 42
1.0
  0
VERTEX
 5
15E7
  8
LAYNR1
 10
86.01550
 20
59.73100
 42
1.0
  0
SEQEND
  8
LAYNR1
  0
POLYLINE
 5
15E8
  8
LAYNR1
 66
1
 70
1
 40
0.075000
 41
0.075000
  0
VERTEX
 5
15E9
  8
LAYNR1
 10
85.24050
 20
59.73100
 42
1.0
  0
VERTEX
 5
15EA
  8
LAYNR1
 10
85.31550
 20
59.73100
 42
1.0
  0
SEQEND
  8
LAYNR1
  0
POLYLINE
 5
15EB
  8
PLACEMENT_OUTLINE_TOP
 66
1
 40
0.100000
 41
0.100000
  0
VERTEX
 5
15EC
  8
PLACEMENT_OUTLINE_TOP
 10
84.99300
 20
61.12800
  0
VERTEX
 5
15ED
  8
PLACEMENT_OUTLINE_TOP
 10
84.99300
 20
58.33400
  0
SEQEND
  8
PLACEMENT_OUTLINE_TOP
  0
POLYLINE
 5
15EE
  8
PLACEMENT_OUTLINE_TOP
 66
1
 70
1
 40
0.050000
 41
0.050000
  0
VERTEX
 5
15EF
  8
PLACEMENT_OUTLINE_TOP
 10
84.96800
 20
61.12800
 42
1.0
  0
VERTEX
 5
15F0
  8
PLACEMENT_OUTLINE_TOP
 10
85.01800
 20
61.12800
 42
1.0
  0
SEQEND
  8
PLACEMENT_OUTLINE_TOP
  0
POLYLINE
 5
15F1
  8
PLACEMENT_OUTLINE_TOP
 66
1
 70
1
 40
0.050000
 41
0.050000
  0
VERTEX
 5
15F2
  8
PLACEMENT_OUTLINE_TOP
 10
84.96800
 20
58.33400
 42
1.0
  0
VERTEX
 5
15F3
  8
PLACEMENT_OUTLINE_TOP
 10
85.01800
 20
58.33400
 42
1.0
  0
SEQEND
  8
PLACEMENT_OUTLINE_TOP
  0
POLYLINE
 5
15F4
  8
PLACEMENT_OUTLINE_TOP
 66
1
 40
0.100000
 41
0.100000
  0
VERTEX
 5
15F5
  8
PLACEMENT_OUTLINE_TOP
 10
84.99300
 20
58.33400
  0
VERTEX
 5
15F6
  8
PLACEMENT_OUTLINE_TOP
 10
86.26300
 20
58.33400
  0
SEQEND
  8
PLACEMENT_OUTLINE_TOP
  0
POLYLINE
 5
15F7
  8
PLACEMENT_OUTLINE_TOP
 66
1
 70
1
 40
0.050000
 41
0.050000
  0
VERTEX
 5
15F8
  8
PLACEMENT_OUTLINE_TOP
 10
84.96800
 20
58.33400
 42
1.0
  0
VERTEX
 5
15F9
  8
PLACEMENT_OUTLINE_TOP
 10
85.01800
 20
58.33400
 42
1.0
  0
SEQEND
  8
PLACEMENT_OUTLINE_TOP
  0
POLYLINE
 5
15FA
  8
PLACEMENT_OUTLINE_TOP
 66
1
 70
1
 40
0.050000
 41
0.050000
  0
VERTEX
 5
15FB
  8
PLACEMENT_OUTLINE_TOP
 10
86.23800
 20
58.33400
 42
1.0
  0
VERTEX
 5
15FC
  8
PLACEMENT_OUTLINE_TOP
 10
86.28800
 20
58.33400
 42
1.0
  0
SEQEND
  8
PLACEMENT_OUTLINE_TOP
  0
POLYLINE
 5
15FD
  8
PLACEMENT_OUTLINE_TOP
 66
1
 40
0.100000
 41
0.100000
  0
VERTEX
 5
15FE
  8
PLACEMENT_OUTLINE_TOP
 10
86.26300
 20
58.33400
  0
VERTEX
 5
15FF
  8
PLACEMENT_OUTLINE_TOP
 10
86.26300
 20
61.12800
  0
SEQEND
  8
PLACEMENT_OUTLINE_TOP
  0
POLYLINE
 5
1600
  8
PLACEMENT_OUTLINE_TOP
 66
1
 70
1
 40
0.050000
 41
0.050000
  0
VERTEX
 5
1601
  8
PLACEMENT_OUTLINE_TOP
 10
86.23800
 20
58.33400
 42
1.0
  0
VERTEX
 5
1602
  8
PLACEMENT_OUTLINE_TOP
 10
86.28800
 20
58.33400
 42
1.0
  0
SEQEND
  8
PLACEMENT_OUTLINE_TOP
  0
POLYLINE
 5
1603
  8
PLACEMENT_OUTLINE_TOP
 66
1
 70
1
 40
0.050000
 41
0.050000
  0
VERTEX
 5
1604
  8
PLACEMENT_OUTLINE_TOP
 10
86.23800
 20
61.12800
 42
1.0
  0
VERTEX
 5
1605
  8
PLACEMENT_OUTLINE_TOP
 10
86.28800
 20
61.12800
 42
1.0
  0
SEQEND
  8
PLACEMENT_OUTLINE_TOP
  0
POLYLINE
 5
1606
  8
PLACEMENT_OUTLINE_TOP
 66
1
 40
0.100000
 41
0.100000
  0
VERTEX
 5
1607
  8
PLACEMENT_OUTLINE_TOP
 10
86.26300
 20
61.12800
  0
VERTEX
 5
1608
  8
PLACEMENT_OUTLINE_TOP
 10
84.99300
 20
61.12800
  0
SEQEND
  8
PLACEMENT_OUTLINE_TOP
  0
POLYLINE
 5
1609
  8
PLACEMENT_OUTLINE_TOP
 66
1
 70
1
 40
0.050000
 41
0.050000
  0
VERTEX
 5
160A
  8
PLACEMENT_OUTLINE_TOP
 10
86.23800
 20
61.12800
 42
1.0
  0
VERTEX
 5
160B
  8
PLACEMENT_OUTLINE_TOP
 10
86.28800
 20
61.12800
 42
1.0
  0
SEQEND
  8
PLACEMENT_OUTLINE_TOP
  0
POLYLINE
 5
160C
  8
PLACEMENT_OUTLINE_TOP
 66
1
 70
1
 40
0.050000
 41
0.050000
  0
VERTEX
 5
160D
  8
PLACEMENT_OUTLINE_TOP
 10
84.96800
 20
61.12800
 42
1.0
  0
VERTEX
 5
160E
  8
PLACEMENT_OUTLINE_TOP
 10
85.01800
 20
61.12800
 42
1.0
  0
SEQEND
  8
PLACEMENT_OUTLINE_TOP
  0
SOLID
 5
160F
  8
PADLAYER_TOP
 10
86.08520
 20
58.51180
 11
86.08520
 21
59.42620
 12
85.17080
 22
58.51180
 13
85.17080
 23
59.42620
  0
SOLID
 5
1610
  8
PADLAYER_TOP
 10
86.08520
 20
60.03580
 11
86.08520
 21
60.95020
 12
85.17080
 22
60.03580
 13
85.17080
 23
60.95020
  0
POLYLINE
 5
1611
  8
2DLINES_1
 66
1
 40
0.299970
 41
0.299970
  0
VERTEX
 5
1612
  8
2DLINES_1
 10
82.89100
 20
18.49800
 42
1.000000
  0
VERTEX
 5
1613
  8
2DLINES_1
 10
83.09100
 20
18.49800
 42
1.000000
  0
VERTEX
 5
1614
  8
2DLINES_1
 10
82.89100
 20
18.49800
  0
SEQEND
  8
2DLINES_1
  0
POLYLINE
 5
1615
  8
PLACEMENT_OUTLINE_TOP
 66
1
 40
0.299970
 41
0.299970
  0
VERTEX
 5
1616
  8
PLACEMENT_OUTLINE_TOP
 10
82.89100
 20
18.49800
 42
1.000000
  0
VERTEX
 5
1617
  8
PLACEMENT_OUTLINE_TOP
 10
83.09100
 20
18.49800
 42
1.000000
  0
VERTEX
 5
1618
  8
PLACEMENT_OUTLINE_TOP
 10
82.89100
 20
18.49800
  0
SEQEND
  8
PLACEMENT_OUTLINE_TOP
  0
SOLID
 5
1619
  8
PADLAYER_TOP
 10
85.97600
 20
15.67300
 11
85.97600
 21
18.12300
 12
83.99600
 22
15.67300
 13
83.99600
 23
18.12300
  0
SOLID
 5
161A
  8
PADLAYER_TOP
 10
85.97600
 20
17.02300
 11
86.47600
 21
17.02300
 12
85.97600
 22
17.42300
 13
86.47600
 23
17.42300
  0
SOLID
 5
161B
  8
PADLAYER_TOP
 10
85.97600
 20
17.67300
 11
86.47600
 21
17.67300
 12
85.97600
 22
18.07300
 13
86.47600
 23
18.07300
  0
SOLID
 5
161C
  8
PADLAYER_TOP
 10
85.97600
 20
16.37300
 11
86.47600
 21
16.37300
 12
85.97600
 22
16.77300
 13
86.47600
 23
16.77300
  0
SOLID
 5
161D
  8
PADLAYER_TOP
 10
85.97600
 20
15.72300
 11
86.47600
 21
15.72300
 12
85.97600
 22
16.12300
 13
86.47600
 23
16.12300
  0
SOLID
 5
161E
  8
PADLAYER_TOP
 10
82.77600
 20
17.04800
 11
83.47600
 21
17.04800
 12
82.77600
 22
17.39800
 13
83.47600
 23
17.39800
  0
SOLID
 5
161F
  8
PADLAYER_TOP
 10
82.77600
 20
17.69800
 11
83.47600
 21
17.69800
 12
82.77600
 22
18.04800
 13
83.47600
 23
18.04800
  0
SOLID
 5
1620
  8
PADLAYER_TOP
 10
82.77600
 20
16.39800
 11
83.47600
 21
16.39800
 12
82.77600
 22
16.74800
 13
83.47600
 23
16.74800
  0
SOLID
 5
1621
  8
PADLAYER_TOP
 10
82.77600
 20
15.74800
 11
83.47600
 21
15.74800
 12
82.77600
 22
16.09800
 13
83.47600
 23
16.09800
  0
SOLID
 5
1622
  8
PADLAYER_TOP
 10
84.41100
 20
18.12300
 11
84.84100
 21
18.12300
 12
84.41100
 22
18.50300
 13
84.84100
 23
18.50300
  0
SOLID
 5
1623
  8
PADLAYER_TOP
 10
84.41100
 20
15.29300
 11
84.84100
 21
15.29300
 12
84.41100
 22
15.67300
 13
84.84100
 23
15.67300
  0
POLYLINE
 5
1624
  8
2DLINES_1
 66
1
 40
0.299970
 41
0.299970
  0
VERTEX
 5
1625
  8
2DLINES_1
 10
57.64800
 20
44.60200
 42
1.000000
  0
VERTEX
 5
1626
  8
2DLINES_1
 10
57.84800
 20
44.60200
 42
1.000000
  0
VERTEX
 5
1627
  8
2DLINES_1
 10
57.64800
 20
44.60200
  0
SEQEND
  8
2DLINES_1
  0
POLYLINE
 5
1628
  8
PLACEMENT_OUTLINE_TOP
 66
1
 40
0.299970
 41
0.299970
  0
VERTEX
 5
1629
  8
PLACEMENT_OUTLINE_TOP
 10
57.64800
 20
44.60200
 42
1.000000
  0
VERTEX
 5
162A
  8
PLACEMENT_OUTLINE_TOP
 10
57.84800
 20
44.60200
 42
1.000000
  0
VERTEX
 5
162B
  8
PLACEMENT_OUTLINE_TOP
 10
57.64800
 20
44.60200
  0
SEQEND
  8
PLACEMENT_OUTLINE_TOP
  0
SOLID
 5
162C
  8
PADLAYER_TOP
 10
54.76300
 20
47.42700
 11
54.76300
 21
44.97700
 12
56.74300
 22
47.42700
 13
56.74300
 23
44.97700
  0
SOLID
 5
162D
  8
PADLAYER_TOP
 10
54.76300
 20
46.07700
 11
54.26300
 21
46.07700
 12
54.76300
 22
45.67700
 13
54.26300
 23
45.67700
  0
SOLID
 5
162E
  8
PADLAYER_TOP
 10
54.76300
 20
45.42700
 11
54.26300
 21
45.42700
 12
54.76300
 22
45.02700
 13
54.26300
 23
45.02700
  0
SOLID
 5
162F
  8
PADLAYER_TOP
 10
54.76300
 20
46.72700
 11
54.26300
 21
46.72700
 12
54.76300
 22
46.32700
 13
54.26300
 23
46.32700
  0
SOLID
 5
1630
  8
PADLAYER_TOP
 10
54.76300
 20
47.37700
 11
54.26300
 21
47.37700
 12
54.76300
 22
46.97700
 13
54.26300
 23
46.97700
  0
SOLID
 5
1631
  8
PADLAYER_TOP
 10
57.96300
 20
46.05200
 11
57.26300
 21
46.05200
 12
57.96300
 22
45.70200
 13
57.26300
 23
45.70200
  0
SOLID
 5
1632
  8
PADLAYER_TOP
 10
57.96300
 20
45.40200
 11
57.26300
 21
45.40200
 12
57.96300
 22
45.05200
 13
57.26300
 23
45.05200
  0
SOLID
 5
1633
  8
PADLAYER_TOP
 10
57.96300
 20
46.70200
 11
57.26300
 21
46.70200
 12
57.96300
 22
46.35200
 13
57.26300
 23
46.35200
  0
SOLID
 5
1634
  8
PADLAYER_TOP
 10
57.96300
 20
47.35200
 11
57.26300
 21
47.35200
 12
57.96300
 22
47.00200
 13
57.26300
 23
47.00200
  0
SOLID
 5
1635
  8
PADLAYER_TOP
 10
56.32800
 20
44.97700
 11
55.89800
 21
44.97700
 12
56.32800
 22
44.59700
 13
55.89800
 23
44.59700
  0
SOLID
 5
1636
  8
PADLAYER_TOP
 10
56.32800
 20
47.80700
 11
55.89800
 21
47.80700
 12
56.32800
 22
47.42700
 13
55.89800
 23
47.42700
  0
POLYLINE
 5
1637
  8
2DLINES_1
 66
1
 40
0.299970
 41
0.299970
  0
VERTEX
 5
1638
  8
2DLINES_1
 10
81.00300
 20
46.36300
 42
1.000000
  0
VERTEX
 5
1639
  8
2DLINES_1
 10
81.20300
 20
46.36300
 42
1.000000
  0
VERTEX
 5
163A
  8
2DLINES_1
 10
81.00300
 20
46.36300
  0
SEQEND
  8
2DLINES_1
  0
POLYLINE
 5
163B
  8
PLACEMENT_OUTLINE_TOP
 66
1
 40
0.299970
 41
0.299970
  0
VERTEX
 5
163C
  8
PLACEMENT_OUTLINE_TOP
 10
81.00300
 20
46.36300
 42
1.000000
  0
VERTEX
 5
163D
  8
PLACEMENT_OUTLINE_TOP
 10
81.20300
 20
46.36300
 42
1.000000
  0
VERTEX
 5
163E
  8
PLACEMENT_OUTLINE_TOP
 10
81.00300
 20
46.36300
  0
SEQEND
  8
PLACEMENT_OUTLINE_TOP
  0
SOLID
 5
163F
  8
PADLAYER_TOP
 10
83.92800
 20
49.34800
 11
81.47800
 21
49.34800
 12
83.92800
 22
47.36800
 13
81.47800
 23
47.36800
  0
SOLID
 5
1640
  8
PADLAYER_TOP
 10
82.57800
 20
49.34800
 11
82.57800
 21
49.84800
 12
82.17800
 22
49.34800
 13
82.17800
 23
49.84800
  0
SOLID
 5
1641
  8
PADLAYER_TOP
 10
81.92800
 20
49.34800
 11
81.92800
 21
49.84800
 12
81.52800
 22
49.34800
 13
81.52800
 23
49.84800
  0
SOLID
 5
1642
  8
PADLAYER_TOP
 10
83.22800
 20
49.34800
 11
83.22800
 21
49.84800
 12
82.82800
 22
49.34800
 13
82.82800
 23
49.84800
  0
SOLID
 5
1643
  8
PADLAYER_TOP
 10
83.87800
 20
49.34800
 11
83.87800
 21
49.84800
 12
83.47800
 22
49.34800
 13
83.47800
 23
49.84800
  0
SOLID
 5
1644
  8
PADLAYER_TOP
 10
82.55300
 20
46.14800
 11
82.55300
 21
46.84800
 12
82.20300
 22
46.14800
 13
82.20300
 23
46.84800
  0
SOLID
 5
1645
  8
PADLAYER_TOP
 10
81.90300
 20
46.14800
 11
81.90300
 21
46.84800
 12
81.55300
 22
46.14800
 13
81.55300
 23
46.84800
  0
SOLID
 5
1646
  8
PADLAYER_TOP
 10
83.20300
 20
46.14800
 11
83.20300
 21
46.84800
 12
82.85300
 22
46.14800
 13
82.85300
 23
46.84800
  0
SOLID
 5
1647
  8
PADLAYER_TOP
 10
83.85300
 20
46.14800
 11
83.85300
 21
46.84800
 12
83.50300
 22
46.14800
 13
83.50300
 23
46.84800
  0
SOLID
 5
1648
  8
PADLAYER_TOP
 10
81.47800
 20
47.78300
 11
81.47800
 21
48.21300
 12
81.09800
 22
47.78300
 13
81.09800
 23
48.21300
  0
SOLID
 5
1649
  8
PADLAYER_TOP
 10
84.30800
 20
47.78300
 11
84.30800
 21
48.21300
 12
83.92800
 22
47.78300
 13
83.92800
 23
48.21300
  0
POLYLINE
 5
164A
  8
2DLINES_1
 66
1
 40
0.299970
 41
0.299970
  0
VERTEX
 5
164B
  8
2DLINES_1
 10
84.23800
 20
52.39500
 42
1.000000
  0
VERTEX
 5
164C
  8
2DLINES_1
 10
84.43800
 20
52.39500
 42
1.000000
  0
VERTEX
 5
164D
  8
2DLINES_1
 10
84.23800
 20
52.39500
  0
SEQEND
  8
2DLINES_1
  0
POLYLINE
 5
164E
  8
PLACEMENT_OUTLINE_TOP
 66
1
 40
0.299970
 41
0.299970
  0
VERTEX
 5
164F
  8
PLACEMENT_OUTLINE_TOP
 10
84.23800
 20
52.39500
 42
1.000000
  0
VERTEX
 5
1650
  8
PLACEMENT_OUTLINE_TOP
 10
84.43800
 20
52.39500
 42
1.000000
  0
VERTEX
 5
1651
  8
PLACEMENT_OUTLINE_TOP
 10
84.23800
 20
52.39500
  0
SEQEND
  8
PLACEMENT_OUTLINE_TOP
  0
SOLID
 5
1652
  8
PADLAYER_TOP
 10
81.35300
 20
55.22000
 11
81.35300
 21
52.77000
 12
83.33300
 22
55.22000
 13
83.33300
 23
52.77000
  0
SOLID
 5
1653
  8
PADLAYER_TOP
 10
81.35300
 20
53.87000
 11
80.85300
 21
53.87000
 12
81.35300
 22
53.47000
 13
80.85300
 23
53.47000
  0
SOLID
 5
1654
  8
PADLAYER_TOP
 10
81.35300
 20
53.22000
 11
80.85300
 21
53.22000
 12
81.35300
 22
52.82000
 13
80.85300
 23
52.82000
  0
SOLID
 5
1655
  8
PADLAYER_TOP
 10
81.35300
 20
54.52000
 11
80.85300
 21
54.52000
 12
81.35300
 22
54.12000
 13
80.85300
 23
54.12000
  0
SOLID
 5
1656
  8
PADLAYER_TOP
 10
81.35300
 20
55.17000
 11
80.85300
 21
55.17000
 12
81.35300
 22
54.77000
 13
80.85300
 23
54.77000
  0
SOLID
 5
1657
  8
PADLAYER_TOP
 10
84.55300
 20
53.84500
 11
83.85300
 21
53.84500
 12
84.55300
 22
53.49500
 13
83.85300
 23
53.49500
  0
SOLID
 5
1658
  8
PADLAYER_TOP
 10
84.55300
 20
53.19500
 11
83.85300
 21
53.19500
 12
84.55300
 22
52.84500
 13
83.85300
 23
52.84500
  0
SOLID
 5
1659
  8
PADLAYER_TOP
 10
84.55300
 20
54.49500
 11
83.85300
 21
54.49500
 12
84.55300
 22
54.14500
 13
83.85300
 23
54.14500
  0
SOLID
 5
165A
  8
PADLAYER_TOP
 10
84.55300
 20
55.14500
 11
83.85300
 21
55.14500
 12
84.55300
 22
54.79500
 13
83.85300
 23
54.79500
  0
SOLID
 5
165B
  8
PADLAYER_TOP
 10
82.91800
 20
52.77000
 11
82.48800
 21
52.77000
 12
82.91800
 22
52.39000
 13
82.48800
 23
52.39000
  0
SOLID
 5
165C
  8
PADLAYER_TOP
 10
82.91800
 20
55.60000
 11
82.48800
 21
55.60000
 12
82.91800
 22
55.22000
 13
82.48800
 23
55.22000
  0
POLYLINE
 5
165D
  8
2DLINES_1
 66
1
 40
0.299970
 41
0.299970
  0
VERTEX
 5
165E
  8
2DLINES_1
 10
85.70700
 20
42.31300
 42
1.000000
  0
VERTEX
 5
165F
  8
2DLINES_1
 10
85.90700
 20
42.31300
 42
1.000000
  0
VERTEX
 5
1660
  8
2DLINES_1
 10
85.70700
 20
42.31300
  0
SEQEND
  8
2DLINES_1
  0
POLYLINE
 5
1661
  8
2DLINES_1
 66
1
 40
0.150110
 41
0.150110
  0
VERTEX
 5
1662
  8
2DLINES_1
 10
83.30700
 20
44.06300
  0
VERTEX
 5
1663
  8
2DLINES_1
 10
84.70700
 20
44.06300
  0
SEQEND
  8
2DLINES_1
  0
POLYLINE
 5
1664
  8
2DLINES_1
 66
1
 70
1
 40
0.075055
 41
0.075055
  0
VERTEX
 5
1665
  8
2DLINES_1
 10
83.26948
 20
44.06300
 42
1.0
  0
VERTEX
 5
1666
  8
2DLINES_1
 10
83.34453
 20
44.06300
 42
1.0
  0
SEQEND
  8
2DLINES_1
  0
POLYLINE
 5
1667
  8
2DLINES_1
 66
1
 70
1
 40
0.075055
 41
0.075055
  0
VERTEX
 5
1668
  8
2DLINES_1
 10
84.66948
 20
44.06300
 42
1.0
  0
VERTEX
 5
1669
  8
2DLINES_1
 10
84.74453
 20
44.06300
 42
1.0
  0
SEQEND
  8
2DLINES_1
  0
POLYLINE
 5
166A
  8
2DLINES_1
 66
1
 40
0.150110
 41
0.150110
  0
VERTEX
 5
166B
  8
2DLINES_1
 10
83.30700
 20
41.86300
  0
VERTEX
 5
166C
  8
2DLINES_1
 10
84.70700
 20
41.86300
  0
SEQEND
  8
2DLINES_1
  0
POLYLINE
 5
166D
  8
2DLINES_1
 66
1
 70
1
 40
0.075055
 41
0.075055
  0
VERTEX
 5
166E
  8
2DLINES_1
 10
83.26948
 20
41.86300
 42
1.0
  0
VERTEX
 5
166F
  8
2DLINES_1
 10
83.34453
 20
41.86300
 42
1.0
  0
SEQEND
  8
2DLINES_1
  0
POLYLINE
 5
1670
  8
2DLINES_1
 66
1
 70
1
 40
0.075055
 41
0.075055
  0
VERTEX
 5
1671
  8
2DLINES_1
 10
84.66948
 20
41.86300
 42
1.0
  0
VERTEX
 5
1672
  8
2DLINES_1
 10
84.74453
 20
41.86300
 42
1.0
  0
SEQEND
  8
2DLINES_1
  0
POLYLINE
 5
1673
  8
PLACEMENT_OUTLINE_TOP
 66
1
 40
0.299970
 41
0.299970
  0
VERTEX
 5
1674
  8
PLACEMENT_OUTLINE_TOP
 10
85.70700
 20
42.31300
 42
1.000000
  0
VERTEX
 5
1675
  8
PLACEMENT_OUTLINE_TOP
 10
85.90700
 20
42.31300
 42
1.000000
  0
VERTEX
 5
1676
  8
PLACEMENT_OUTLINE_TOP
 10
85.70700
 20
42.31300
  0
SEQEND
  8
PLACEMENT_OUTLINE_TOP
  0
SOLID
 5
1677
  8
PADLAYER_TOP
 10
85.35700
 20
42.52300
 11
84.45700
 21
42.52300
 12
85.35700
 22
42.10300
 13
84.45700
 23
42.10300
  0
SOLID
 5
1678
  8
PADLAYER_TOP
 10
85.35700
 20
43.17300
 11
84.45700
 21
43.17300
 12
85.35700
 22
42.75300
 13
84.45700
 23
42.75300
  0
SOLID
 5
1679
  8
PADLAYER_TOP
 10
85.35700
 20
43.82300
 11
84.45700
 21
43.82300
 12
85.35700
 22
43.40300
 13
84.45700
 23
43.40300
  0
SOLID
 5
167A
  8
PADLAYER_TOP
 10
83.55700
 20
43.82300
 11
82.65700
 21
43.82300
 12
83.55700
 22
43.40300
 13
82.65700
 23
43.40300
  0
SOLID
 5
167B
  8
PADLAYER_TOP
 10
83.55700
 20
43.17300
 11
82.65700
 21
43.17300
 12
83.55700
 22
42.75300
 13
82.65700
 23
42.75300
  0
SOLID
 5
167C
  8
PADLAYER_TOP
 10
83.55700
 20
42.52300
 11
82.65700
 21
42.52300
 12
83.55700
 22
42.10300
 13
82.65700
 23
42.10300
  0
POLYLINE
 5
167D
  8
2DLINES_1
 66
1
 40
0.152400
 41
0.152400
  0
VERTEX
 5
167E
  8
2DLINES_1
 10
73.15700
 20
48.76300
  0
VERTEX
 5
167F
  8
2DLINES_1
 10
61.65700
 20
48.76300
  0
SEQEND
  8
2DLINES_1
  0
POLYLINE
 5
1680
  8
2DLINES_1
 66
1
 70
1
 40
0.076200
 41
0.076200
  0
VERTEX
 5
1681
  8
2DLINES_1
 10
73.11890
 20
48.76300
 42
1.0
  0
VERTEX
 5
1682
  8
2DLINES_1
 10
73.19510
 20
48.76300
 42
1.0
  0
SEQEND
  8
2DLINES_1
  0
POLYLINE
 5
1683
  8
2DLINES_1
 66
1
 70
1
 40
0.076200
 41
0.076200
  0
VERTEX
 5
1684
  8
2DLINES_1
 10
61.61890
 20
48.76300
 42
1.0
  0
VERTEX
 5
1685
  8
2DLINES_1
 10
61.69510
 20
48.76300
 42
1.0
  0
SEQEND
  8
2DLINES_1
  0
POLYLINE
 5
1686
  8
2DLINES_1
 66
1
 40
0.152400
 41
0.152400
  0
VERTEX
 5
1687
  8
2DLINES_1
 10
61.65700
 20
48.76300
  0
VERTEX
 5
1688
  8
2DLINES_1
 10
61.65700
 20
59.26300
  0
SEQEND
  8
2DLINES_1
  0
POLYLINE
 5
1689
  8
2DLINES_1
 66
1
 70
1
 40
0.076200
 41
0.076200
  0
VERTEX
 5
168A
  8
2DLINES_1
 10
61.61890
 20
48.76300
 42
1.0
  0
VERTEX
 5
168B
  8
2DLINES_1
 10
61.69510
 20
48.76300
 42
1.0
  0
SEQEND
  8
2DLINES_1
  0
POLYLINE
 5
168C
  8
2DLINES_1
 66
1
 70
1
 40
0.076200
 41
0.076200
  0
VERTEX
 5
168D
  8
2DLINES_1
 10
61.61890
 20
59.26300
 42
1.0
  0
VERTEX
 5
168E
  8
2DLINES_1
 10
61.69510
 20
59.26300
 42
1.0
  0
SEQEND
  8
2DLINES_1
  0
POLYLINE
 5
168F
  8
2DLINES_1
 66
1
 40
0.152400
 41
0.152400
  0
VERTEX
 5
1690
  8
2DLINES_1
 10
61.65700
 20
59.26300
  0
VERTEX
 5
1691
  8
2DLINES_1
 10
73.15700
 20
59.26300
  0
SEQEND
  8
2DLINES_1
  0
POLYLINE
 5
1692
  8
2DLINES_1
 66
1
 70
1
 40
0.076200
 41
0.076200
  0
VERTEX
 5
1693
  8
2DLINES_1
 10
61.61890
 20
59.26300
 42
1.0
  0
VERTEX
 5
1694
  8
2DLINES_1
 10
61.69510
 20
59.26300
 42
1.0
  0
SEQEND
  8
2DLINES_1
  0
POLYLINE
 5
1695
  8
2DLINES_1
 66
1
 70
1
 40
0.076200
 41
0.076200
  0
VERTEX
 5
1696
  8
2DLINES_1
 10
73.11890
 20
59.26300
 42
1.0
  0
VERTEX
 5
1697
  8
2DLINES_1
 10
73.19510
 20
59.26300
 42
1.0
  0
SEQEND
  8
2DLINES_1
  0
POLYLINE
 5
1698
  8
2DLINES_1
 66
1
 40
0.152400
 41
0.152400
  0
VERTEX
 5
1699
  8
2DLINES_1
 10
73.15700
 20
59.26300
  0
VERTEX
 5
169A
  8
2DLINES_1
 10
73.15700
 20
48.76300
  0
SEQEND
  8
2DLINES_1
  0
POLYLINE
 5
169B
  8
2DLINES_1
 66
1
 70
1
 40
0.076200
 41
0.076200
  0
VERTEX
 5
169C
  8
2DLINES_1
 10
73.11890
 20
59.26300
 42
1.0
  0
VERTEX
 5
169D
  8
2DLINES_1
 10
73.19510
 20
59.26300
 42
1.0
  0
SEQEND
  8
2DLINES_1
  0
POLYLINE
 5
169E
  8
2DLINES_1
 66
1
 70
1
 40
0.076200
 41
0.076200
  0
VERTEX
 5
169F
  8
2DLINES_1
 10
73.11890
 20
48.76300
 42
1.0
  0
VERTEX
 5
16A0
  8
2DLINES_1
 10
73.19510
 20
48.76300
 42
1.0
  0
SEQEND
  8
2DLINES_1
  0
POLYLINE
 5
16A1
  8
PLACEMENT_OUTLINE_TOP
 66
1
 40
0.152400
 41
0.152400
  0
VERTEX
 5
16A2
  8
PLACEMENT_OUTLINE_TOP
 10
73.15700
 20
48.76300
  0
VERTEX
 5
16A3
  8
PLACEMENT_OUTLINE_TOP
 10
61.65700
 20
48.76300
  0
SEQEND
  8
PLACEMENT_OUTLINE_TOP
  0
POLYLINE
 5
16A4
  8
PLACEMENT_OUTLINE_TOP
 66
1
 70
1
 40
0.076200
 41
0.076200
  0
VERTEX
 5
16A5
  8
PLACEMENT_OUTLINE_TOP
 10
73.11890
 20
48.76300
 42
1.0
  0
VERTEX
 5
16A6
  8
PLACEMENT_OUTLINE_TOP
 10
73.19510
 20
48.76300
 42
1.0
  0
SEQEND
  8
PLACEMENT_OUTLINE_TOP
  0
POLYLINE
 5
16A7
  8
PLACEMENT_OUTLINE_TOP
 66
1
 70
1
 40
0.076200
 41
0.076200
  0
VERTEX
 5
16A8
  8
PLACEMENT_OUTLINE_TOP
 10
61.61890
 20
48.76300
 42
1.0
  0
VERTEX
 5
16A9
  8
PLACEMENT_OUTLINE_TOP
 10
61.69510
 20
48.76300
 42
1.0
  0
SEQEND
  8
PLACEMENT_OUTLINE_TOP
  0
POLYLINE
 5
16AA
  8
PLACEMENT_OUTLINE_TOP
 66
1
 40
0.152400
 41
0.152400
  0
VERTEX
 5
16AB
  8
PLACEMENT_OUTLINE_TOP
 10
61.65700
 20
48.76300
  0
VERTEX
 5
16AC
  8
PLACEMENT_OUTLINE_TOP
 10
61.65700
 20
59.26300
  0
SEQEND
  8
PLACEMENT_OUTLINE_TOP
  0
POLYLINE
 5
16AD
  8
PLACEMENT_OUTLINE_TOP
 66
1
 70
1
 40
0.076200
 41
0.076200
  0
VERTEX
 5
16AE
  8
PLACEMENT_OUTLINE_TOP
 10
61.61890
 20
48.76300
 42
1.0
  0
VERTEX
 5
16AF
  8
PLACEMENT_OUTLINE_TOP
 10
61.69510
 20
48.76300
 42
1.0
  0
SEQEND
  8
PLACEMENT_OUTLINE_TOP
  0
POLYLINE
 5
16B0
  8
PLACEMENT_OUTLINE_TOP
 66
1
 70
1
 40
0.076200
 41
0.076200
  0
VERTEX
 5
16B1
  8
PLACEMENT_OUTLINE_TOP
 10
61.61890
 20
59.26300
 42
1.0
  0
VERTEX
 5
16B2
  8
PLACEMENT_OUTLINE_TOP
 10
61.69510
 20
59.26300
 42
1.0
  0
SEQEND
  8
PLACEMENT_OUTLINE_TOP
  0
POLYLINE
 5
16B3
  8
PLACEMENT_OUTLINE_TOP
 66
1
 40
0.152400
 41
0.152400
  0
VERTEX
 5
16B4
  8
PLACEMENT_OUTLINE_TOP
 10
61.65700
 20
59.26300
  0
VERTEX
 5
16B5
  8
PLACEMENT_OUTLINE_TOP
 10
73.15700
 20
59.26300
  0
SEQEND
  8
PLACEMENT_OUTLINE_TOP
  0
POLYLINE
 5
16B6
  8
PLACEMENT_OUTLINE_TOP
 66
1
 70
1
 40
0.076200
 41
0.076200
  0
VERTEX
 5
16B7
  8
PLACEMENT_OUTLINE_TOP
 10
61.61890
 20
59.26300
 42
1.0
  0
VERTEX
 5
16B8
  8
PLACEMENT_OUTLINE_TOP
 10
61.69510
 20
59.26300
 42
1.0
  0
SEQEND
  8
PLACEMENT_OUTLINE_TOP
  0
POLYLINE
 5
16B9
  8
PLACEMENT_OUTLINE_TOP
 66
1
 70
1
 40
0.076200
 41
0.076200
  0
VERTEX
 5
16BA
  8
PLACEMENT_OUTLINE_TOP
 10
73.11890
 20
59.26300
 42
1.0
  0
VERTEX
 5
16BB
  8
PLACEMENT_OUTLINE_TOP
 10
73.19510
 20
59.26300
 42
1.0
  0
SEQEND
  8
PLACEMENT_OUTLINE_TOP
  0
POLYLINE
 5
16BC
  8
PLACEMENT_OUTLINE_TOP
 66
1
 40
0.152400
 41
0.152400
  0
VERTEX
 5
16BD
  8
PLACEMENT_OUTLINE_TOP
 10
73.15700
 20
59.26300
  0
VERTEX
 5
16BE
  8
PLACEMENT_OUTLINE_TOP
 10
73.15700
 20
48.76300
  0
SEQEND
  8
PLACEMENT_OUTLINE_TOP
  0
POLYLINE
 5
16BF
  8
PLACEMENT_OUTLINE_TOP
 66
1
 70
1
 40
0.076200
 41
0.076200
  0
VERTEX
 5
16C0
  8
PLACEMENT_OUTLINE_TOP
 10
73.11890
 20
59.26300
 42
1.0
  0
VERTEX
 5
16C1
  8
PLACEMENT_OUTLINE_TOP
 10
73.19510
 20
59.26300
 42
1.0
  0
SEQEND
  8
PLACEMENT_OUTLINE_TOP
  0
POLYLINE
 5
16C2
  8
PLACEMENT_OUTLINE_TOP
 66
1
 70
1
 40
0.076200
 41
0.076200
  0
VERTEX
 5
16C3
  8
PLACEMENT_OUTLINE_TOP
 10
73.11890
 20
48.76300
 42
1.0
  0
VERTEX
 5
16C4
  8
PLACEMENT_OUTLINE_TOP
 10
73.19510
 20
48.76300
 42
1.0
  0
SEQEND
  8
PLACEMENT_OUTLINE_TOP
  0
SOLID
 5
16C5
  8
PADLAYER_TOP
 10
70.40700
 20
56.01300
 11
70.40700
 21
52.01300
 12
73.90700
 22
56.01300
 13
73.90700
 23
52.01300
  0
SOLID
 5
16C6
  8
PADLAYER_TOP
 10
60.90700
 20
56.01300
 11
60.90700
 21
52.01300
 12
64.40700
 22
56.01300
 13
64.40700
 23
52.01300
  0
POLYLINE
 5
16C7
  8
LAYNR1
 66
1
 40
0.203200
 41
0.203200
  0
VERTEX
 5
16C8
  8
LAYNR1
 10
57.49000
 20
31.24000
  0
VERTEX
 5
16C9
  8
LAYNR1
 10
58.19000
 20
31.24000
  0
SEQEND
  8
LAYNR1
  0
POLYLINE
 5
16CA
  8
LAYNR1
 66
1
 70
1
 40
0.101600
 41
0.101600
  0
VERTEX
 5
16CB
  8
LAYNR1
 10
57.43920
 20
31.24000
 42
1.0
  0
VERTEX
 5
16CC
  8
LAYNR1
 10
57.54080
 20
31.24000
 42
1.0
  0
SEQEND
  8
LAYNR1
  0
POLYLINE
 5
16CD
  8
LAYNR1
 66
1
 70
1
 40
0.101600
 41
0.101600
  0
VERTEX
 5
16CE
  8
LAYNR1
 10
58.13920
 20
31.24000
 42
1.0
  0
VERTEX
 5
16CF
  8
LAYNR1
 10
58.24080
 20
31.24000
 42
1.0
  0
SEQEND
  8
LAYNR1
  0
POLYLINE
 5
16D0
  8
PLACEMENT_OUTLINE_TOP
 66
1
 40
0.100000
 41
0.100000
  0
VERTEX
 5
16D1
  8
PLACEMENT_OUTLINE_TOP
 10
57.20500
 20
32.63700
  0
VERTEX
 5
16D2
  8
PLACEMENT_OUTLINE_TOP
 10
57.20500
 20
29.84300
  0
SEQEND
  8
PLACEMENT_OUTLINE_TOP
  0
POLYLINE
 5
16D3
  8
PLACEMENT_OUTLINE_TOP
 66
1
 70
1
 40
0.050000
 41
0.050000
  0
VERTEX
 5
16D4
  8
PLACEMENT_OUTLINE_TOP
 10
57.18000
 20
32.63700
 42
1.0
  0
VERTEX
 5
16D5
  8
PLACEMENT_OUTLINE_TOP
 10
57.23000
 20
32.63700
 42
1.0
  0
SEQEND
  8
PLACEMENT_OUTLINE_TOP
  0
POLYLINE
 5
16D6
  8
PLACEMENT_OUTLINE_TOP
 66
1
 70
1
 40
0.050000
 41
0.050000
  0
VERTEX
 5
16D7
  8
PLACEMENT_OUTLINE_TOP
 10
57.18000
 20
29.84300
 42
1.0
  0
VERTEX
 5
16D8
  8
PLACEMENT_OUTLINE_TOP
 10
57.23000
 20
29.84300
 42
1.0
  0
SEQEND
  8
PLACEMENT_OUTLINE_TOP
  0
POLYLINE
 5
16D9
  8
PLACEMENT_OUTLINE_TOP
 66
1
 40
0.100000
 41
0.100000
  0
VERTEX
 5
16DA
  8
PLACEMENT_OUTLINE_TOP
 10
57.20500
 20
29.84300
  0
VERTEX
 5
16DB
  8
PLACEMENT_OUTLINE_TOP
 10
58.47500
 20
29.84300
  0
SEQEND
  8
PLACEMENT_OUTLINE_TOP
  0
POLYLINE
 5
16DC
  8
PLACEMENT_OUTLINE_TOP
 66
1
 70
1
 40
0.050000
 41
0.050000
  0
VERTEX
 5
16DD
  8
PLACEMENT_OUTLINE_TOP
 10
57.18000
 20
29.84300
 42
1.0
  0
VERTEX
 5
16DE
  8
PLACEMENT_OUTLINE_TOP
 10
57.23000
 20
29.84300
 42
1.0
  0
SEQEND
  8
PLACEMENT_OUTLINE_TOP
  0
POLYLINE
 5
16DF
  8
PLACEMENT_OUTLINE_TOP
 66
1
 70
1
 40
0.050000
 41
0.050000
  0
VERTEX
 5
16E0
  8
PLACEMENT_OUTLINE_TOP
 10
58.45000
 20
29.84300
 42
1.0
  0
VERTEX
 5
16E1
  8
PLACEMENT_OUTLINE_TOP
 10
58.50000
 20
29.84300
 42
1.0
  0
SEQEND
  8
PLACEMENT_OUTLINE_TOP
  0
POLYLINE
 5
16E2
  8
PLACEMENT_OUTLINE_TOP
 66
1
 40
0.100000
 41
0.100000
  0
VERTEX
 5
16E3
  8
PLACEMENT_OUTLINE_TOP
 10
58.47500
 20
29.84300
  0
VERTEX
 5
16E4
  8
PLACEMENT_OUTLINE_TOP
 10
58.47500
 20
32.63700
  0
SEQEND
  8
PLACEMENT_OUTLINE_TOP
  0
POLYLINE
 5
16E5
  8
PLACEMENT_OUTLINE_TOP
 66
1
 70
1
 40
0.050000
 41
0.050000
  0
VERTEX
 5
16E6
  8
PLACEMENT_OUTLINE_TOP
 10
58.45000
 20
29.84300
 42
1.0
  0
VERTEX
 5
16E7
  8
PLACEMENT_OUTLINE_TOP
 10
58.50000
 20
29.84300
 42
1.0
  0
SEQEND
  8
PLACEMENT_OUTLINE_TOP
  0
POLYLINE
 5
16E8
  8
PLACEMENT_OUTLINE_TOP
 66
1
 70
1
 40
0.050000
 41
0.050000
  0
VERTEX
 5
16E9
  8
PLACEMENT_OUTLINE_TOP
 10
58.45000
 20
32.63700
 42
1.0
  0
VERTEX
 5
16EA
  8
PLACEMENT_OUTLINE_TOP
 10
58.50000
 20
32.63700
 42
1.0
  0
SEQEND
  8
PLACEMENT_OUTLINE_TOP
  0
POLYLINE
 5
16EB
  8
PLACEMENT_OUTLINE_TOP
 66
1
 40
0.100000
 41
0.100000
  0
VERTEX
 5
16EC
  8
PLACEMENT_OUTLINE_TOP
 10
58.47500
 20
32.63700
  0
VERTEX
 5
16ED
  8
PLACEMENT_OUTLINE_TOP
 10
57.20500
 20
32.63700
  0
SEQEND
  8
PLACEMENT_OUTLINE_TOP
  0
POLYLINE
 5
16EE
  8
PLACEMENT_OUTLINE_TOP
 66
1
 70
1
 40
0.050000
 41
0.050000
  0
VERTEX
 5
16EF
  8
PLACEMENT_OUTLINE_TOP
 10
58.45000
 20
32.63700
 42
1.0
  0
VERTEX
 5
16F0
  8
PLACEMENT_OUTLINE_TOP
 10
58.50000
 20
32.63700
 42
1.0
  0
SEQEND
  8
PLACEMENT_OUTLINE_TOP
  0
POLYLINE
 5
16F1
  8
PLACEMENT_OUTLINE_TOP
 66
1
 70
1
 40
0.050000
 41
0.050000
  0
VERTEX
 5
16F2
  8
PLACEMENT_OUTLINE_TOP
 10
57.18000
 20
32.63700
 42
1.0
  0
VERTEX
 5
16F3
  8
PLACEMENT_OUTLINE_TOP
 10
57.23000
 20
32.63700
 42
1.0
  0
SEQEND
  8
PLACEMENT_OUTLINE_TOP
  0
SOLID
 5
16F4
  8
PADLAYER_TOP
 10
58.29720
 20
30.02080
 11
58.29720
 21
30.93520
 12
57.38280
 22
30.02080
 13
57.38280
 23
30.93520
  0
SOLID
 5
16F5
  8
PADLAYER_TOP
 10
58.29720
 20
31.54480
 11
58.29720
 21
32.45920
 12
57.38280
 22
31.54480
 13
57.38280
 23
32.45920
  0
POLYLINE
 5
16F6
  8
2DLINES_1
 66
1
 40
0.100000
 41
0.100000
  0
VERTEX
 5
16F7
  8
2DLINES_1
 10
49.70000
 20
2.40000
  0
VERTEX
 5
16F8
  8
2DLINES_1
 10
49.70000
 20
1.60000
  0
SEQEND
  8
2DLINES_1
  0
POLYLINE
 5
16F9
  8
2DLINES_1
 66
1
 70
1
 40
0.050000
 41
0.050000
  0
VERTEX
 5
16FA
  8
2DLINES_1
 10
49.67500
 20
2.40000
 42
1.0
  0
VERTEX
 5
16FB
  8
2DLINES_1
 10
49.72500
 20
2.40000
 42
1.0
  0
SEQEND
  8
2DLINES_1
  0
POLYLINE
 5
16FC
  8
2DLINES_1
 66
1
 70
1
 40
0.050000
 41
0.050000
  0
VERTEX
 5
16FD
  8
2DLINES_1
 10
49.67500
 20
1.60000
 42
1.0
  0
VERTEX
 5
16FE
  8
2DLINES_1
 10
49.72500
 20
1.60000
 42
1.0
  0
SEQEND
  8
2DLINES_1
  0
POLYLINE
 5
16FF
  8
2DLINES_1
 66
1
 40
0.100000
 41
0.100000
  0
VERTEX
 5
1700
  8
2DLINES_1
 10
49.70000
 20
2.00000
  0
VERTEX
 5
1701
  8
2DLINES_1
 10
49.37500
 20
2.30000
  0
SEQEND
  8
2DLINES_1
  0
POLYLINE
 5
1702
  8
2DLINES_1
 66
1
 70
1
 40
0.050000
 41
0.050000
  0
VERTEX
 5
1703
  8
2DLINES_1
 10
49.67500
 20
2.00000
 42
1.0
  0
VERTEX
 5
1704
  8
2DLINES_1
 10
49.72500
 20
2.00000
 42
1.0
  0
SEQEND
  8
2DLINES_1
  0
POLYLINE
 5
1705
  8
2DLINES_1
 66
1
 70
1
 40
0.050000
 41
0.050000
  0
VERTEX
 5
1706
  8
2DLINES_1
 10
49.35000
 20
2.30000
 42
1.0
  0
VERTEX
 5
1707
  8
2DLINES_1
 10
49.40000
 20
2.30000
 42
1.0
  0
SEQEND
  8
2DLINES_1
  0
POLYLINE
 5
1708
  8
2DLINES_1
 66
1
 40
0.100000
 41
0.100000
  0
VERTEX
 5
1709
  8
2DLINES_1
 10
49.37500
 20
2.30000
  0
VERTEX
 5
170A
  8
2DLINES_1
 10
49.37500
 20
1.70000
  0
SEQEND
  8
2DLINES_1
  0
POLYLINE
 5
170B
  8
2DLINES_1
 66
1
 70
1
 40
0.050000
 41
0.050000
  0
VERTEX
 5
170C
  8
2DLINES_1
 10
49.35000
 20
2.30000
 42
1.0
  0
VERTEX
 5
170D
  8
2DLINES_1
 10
49.40000
 20
2.30000
 42
1.0
  0
SEQEND
  8
2DLINES_1
  0
POLYLINE
 5
170E
  8
2DLINES_1
 66
1
 70
1
 40
0.050000
 41
0.050000
  0
VERTEX
 5
170F
  8
2DLINES_1
 10
49.35000
 20
1.70000
 42
1.0
  0
VERTEX
 5
1710
  8
2DLINES_1
 10
49.40000
 20
1.70000
 42
1.0
  0
SEQEND
  8
2DLINES_1
  0
POLYLINE
 5
1711
  8
2DLINES_1
 66
1
 40
0.100000
 41
0.100000
  0
VERTEX
 5
1712
  8
2DLINES_1
 10
49.37500
 20
1.70000
  0
VERTEX
 5
1713
  8
2DLINES_1
 10
49.68750
 20
2.01250
  0
SEQEND
  8
2DLINES_1
  0
POLYLINE
 5
1714
  8
2DLINES_1
 66
1
 70
1
 40
0.050000
 41
0.050000
  0
VERTEX
 5
1715
  8
2DLINES_1
 10
49.35000
 20
1.70000
 42
1.0
  0
VERTEX
 5
1716
  8
2DLINES_1
 10
49.40000
 20
1.70000
 42
1.0
  0
SEQEND
  8
2DLINES_1
  0
POLYLINE
 5
1717
  8
2DLINES_1
 66
1
 70
1
 40
0.050000
 41
0.050000
  0
VERTEX
 5
1718
  8
2DLINES_1
 10
49.66250
 20
2.01250
 42
1.0
  0
VERTEX
 5
1719
  8
2DLINES_1
 10
49.71250
 20
2.01250
 42
1.0
  0
SEQEND
  8
2DLINES_1
  0
POLYLINE
 5
171A
  8
PLACEMENT_OUTLINE_TOP
 66
1
 40
0.025400
 41
0.025400
  0
VERTEX
 5
171B
  8
PLACEMENT_OUTLINE_TOP
 10
48.05000
 20
1.50000
  0
VERTEX
 5
171C
  8
PLACEMENT_OUTLINE_TOP
 10
48.05000
 20
2.50000
  0
SEQEND
  8
PLACEMENT_OUTLINE_TOP
  0
POLYLINE
 5
171D
  8
PLACEMENT_OUTLINE_TOP
 66
1
 70
1
 40
0.012700
 41
0.012700
  0
VERTEX
 5
171E
  8
PLACEMENT_OUTLINE_TOP
 10
48.04365
 20
1.50000
 42
1.0
  0
VERTEX
 5
171F
  8
PLACEMENT_OUTLINE_TOP
 10
48.05635
 20
1.50000
 42
1.0
  0
SEQEND
  8
PLACEMENT_OUTLINE_TOP
  0
POLYLINE
 5
1720
  8
PLACEMENT_OUTLINE_TOP
 66
1
 70
1
 40
0.012700
 41
0.012700
  0
VERTEX
 5
1721
  8
PLACEMENT_OUTLINE_TOP
 10
48.04365
 20
2.50000
 42
1.0
  0
VERTEX
 5
1722
  8
PLACEMENT_OUTLINE_TOP
 10
48.05635
 20
2.50000
 42
1.0
  0
SEQEND
  8
PLACEMENT_OUTLINE_TOP
  0
POLYLINE
 5
1723
  8
PLACEMENT_OUTLINE_TOP
 66
1
 40
0.025400
 41
0.025400
  0
VERTEX
 5
1724
  8
PLACEMENT_OUTLINE_TOP
 10
48.05000
 20
2.50000
  0
VERTEX
 5
1725
  8
PLACEMENT_OUTLINE_TOP
 10
50.95000
 20
2.50000
  0
SEQEND
  8
PLACEMENT_OUTLINE_TOP
  0
POLYLINE
 5
1726
  8
PLACEMENT_OUTLINE_TOP
 66
1
 70
1
 40
0.012700
 41
0.012700
  0
VERTEX
 5
1727
  8
PLACEMENT_OUTLINE_TOP
 10
48.04365
 20
2.50000
 42
1.0
  0
VERTEX
 5
1728
  8
PLACEMENT_OUTLINE_TOP
 10
48.05635
 20
2.50000
 42
1.0
  0
SEQEND
  8
PLACEMENT_OUTLINE_TOP
  0
POLYLINE
 5
1729
  8
PLACEMENT_OUTLINE_TOP
 66
1
 70
1
 40
0.012700
 41
0.012700
  0
VERTEX
 5
172A
  8
PLACEMENT_OUTLINE_TOP
 10
50.94365
 20
2.50000
 42
1.0
  0
VERTEX
 5
172B
  8
PLACEMENT_OUTLINE_TOP
 10
50.95635
 20
2.50000
 42
1.0
  0
SEQEND
  8
PLACEMENT_OUTLINE_TOP
  0
POLYLINE
 5
172C
  8
PLACEMENT_OUTLINE_TOP
 66
1
 40
0.025400
 41
0.025400
  0
VERTEX
 5
172D
  8
PLACEMENT_OUTLINE_TOP
 10
50.95000
 20
2.50000
  0
VERTEX
 5
172E
  8
PLACEMENT_OUTLINE_TOP
 10
50.95000
 20
1.50000
  0
SEQEND
  8
PLACEMENT_OUTLINE_TOP
  0
POLYLINE
 5
172F
  8
PLACEMENT_OUTLINE_TOP
 66
1
 70
1
 40
0.012700
 41
0.012700
  0
VERTEX
 5
1730
  8
PLACEMENT_OUTLINE_TOP
 10
50.94365
 20
2.50000
 42
1.0
  0
VERTEX
 5
1731
  8
PLACEMENT_OUTLINE_TOP
 10
50.95635
 20
2.50000
 42
1.0
  0
SEQEND
  8
PLACEMENT_OUTLINE_TOP
  0
POLYLINE
 5
1732
  8
PLACEMENT_OUTLINE_TOP
 66
1
 70
1
 40
0.012700
 41
0.012700
  0
VERTEX
 5
1733
  8
PLACEMENT_OUTLINE_TOP
 10
50.94365
 20
1.50000
 42
1.0
  0
VERTEX
 5
1734
  8
PLACEMENT_OUTLINE_TOP
 10
50.95635
 20
1.50000
 42
1.0
  0
SEQEND
  8
PLACEMENT_OUTLINE_TOP
  0
POLYLINE
 5
1735
  8
PLACEMENT_OUTLINE_TOP
 66
1
 40
0.025400
 41
0.025400
  0
VERTEX
 5
1736
  8
PLACEMENT_OUTLINE_TOP
 10
50.95000
 20
1.50000
  0
VERTEX
 5
1737
  8
PLACEMENT_OUTLINE_TOP
 10
48.05000
 20
1.50000
  0
SEQEND
  8
PLACEMENT_OUTLINE_TOP
  0
POLYLINE
 5
1738
  8
PLACEMENT_OUTLINE_TOP
 66
1
 70
1
 40
0.012700
 41
0.012700
  0
VERTEX
 5
1739
  8
PLACEMENT_OUTLINE_TOP
 10
50.94365
 20
1.50000
 42
1.0
  0
VERTEX
 5
173A
  8
PLACEMENT_OUTLINE_TOP
 10
50.95635
 20
1.50000
 42
1.0
  0
SEQEND
  8
PLACEMENT_OUTLINE_TOP
  0
POLYLINE
 5
173B
  8
PLACEMENT_OUTLINE_TOP
 66
1
 70
1
 40
0.012700
 41
0.012700
  0
VERTEX
 5
173C
  8
PLACEMENT_OUTLINE_TOP
 10
48.04365
 20
1.50000
 42
1.0
  0
VERTEX
 5
173D
  8
PLACEMENT_OUTLINE_TOP
 10
48.05635
 20
1.50000
 42
1.0
  0
SEQEND
  8
PLACEMENT_OUTLINE_TOP
  0
SOLID
 5
173E
  8
PADLAYER_TOP
 10
48.05000
 20
1.50000
 11
49.05000
 21
1.50000
 12
48.05000
 22
2.50000
 13
49.05000
 23
2.50000
  0
SOLID
 5
173F
  8
LAYNR1
 10
48.05000
 20
1.50000
 11
49.05000
 21
1.50000
 12
48.05000
 22
2.50000
 13
49.05000
 23
2.50000
  0
SOLID
 5
1740
  8
PADLAYER_TOP
 10
49.95000
 20
1.50000
 11
50.95000
 21
1.50000
 12
49.95000
 22
2.50000
 13
50.95000
 23
2.50000
  0
SOLID
 5
1741
  8
LAYNR1
 10
49.95000
 20
1.50000
 11
50.95000
 21
1.50000
 12
49.95000
 22
2.50000
 13
50.95000
 23
2.50000
  0
POLYLINE
 5
1742
  8
LAYNR1
 66
1
 40
0.150000
 41
0.150000
  0
VERTEX
 5
1743
  8
LAYNR1
 10
52.55400
 20
23.30400
  0
VERTEX
 5
1744
  8
LAYNR1
 10
51.85400
 20
23.30400
  0
SEQEND
  8
LAYNR1
  0
POLYLINE
 5
1745
  8
LAYNR1
 66
1
 70
1
 40
0.075000
 41
0.075000
  0
VERTEX
 5
1746
  8
LAYNR1
 10
52.51650
 20
23.30400
 42
1.0
  0
VERTEX
 5
1747
  8
LAYNR1
 10
52.59150
 20
23.30400
 42
1.0
  0
SEQEND
  8
LAYNR1
  0
POLYLINE
 5
1748
  8
LAYNR1
 66
1
 70
1
 40
0.075000
 41
0.075000
  0
VERTEX
 5
1749
  8
LAYNR1
 10
51.81650
 20
23.30400
 42
1.0
  0
VERTEX
 5
174A
  8
LAYNR1
 10
51.89150
 20
23.30400
 42
1.0
  0
SEQEND
  8
LAYNR1
  0
POLYLINE
 5
174B
  8
PLACEMENT_OUTLINE_TOP
 66
1
 40
0.100000
 41
0.100000
  0
VERTEX
 5
174C
  8
PLACEMENT_OUTLINE_TOP
 10
51.56900
 20
24.70100
  0
VERTEX
 5
174D
  8
PLACEMENT_OUTLINE_TOP
 10
51.56900
 20
21.90700
  0
SEQEND
  8
PLACEMENT_OUTLINE_TOP
  0
POLYLINE
 5
174E
  8
PLACEMENT_OUTLINE_TOP
 66
1
 70
1
 40
0.050000
 41
0.050000
  0
VERTEX
 5
174F
  8
PLACEMENT_OUTLINE_TOP
 10
51.54400
 20
24.70100
 42
1.0
  0
VERTEX
 5
1750
  8
PLACEMENT_OUTLINE_TOP
 10
51.59400
 20
24.70100
 42
1.0
  0
SEQEND
  8
PLACEMENT_OUTLINE_TOP
  0
POLYLINE
 5
1751
  8
PLACEMENT_OUTLINE_TOP
 66
1
 70
1
 40
0.050000
 41
0.050000
  0
VERTEX
 5
1752
  8
PLACEMENT_OUTLINE_TOP
 10
51.54400
 20
21.90700
 42
1.0
  0
VERTEX
 5
1753
  8
PLACEMENT_OUTLINE_TOP
 10
51.59400
 20
21.90700
 42
1.0
  0
SEQEND
  8
PLACEMENT_OUTLINE_TOP
  0
POLYLINE
 5
1754
  8
PLACEMENT_OUTLINE_TOP
 66
1
 40
0.100000
 41
0.100000
  0
VERTEX
 5
1755
  8
PLACEMENT_OUTLINE_TOP
 10
51.56900
 20
21.90700
  0
VERTEX
 5
1756
  8
PLACEMENT_OUTLINE_TOP
 10
52.83900
 20
21.90700
  0
SEQEND
  8
PLACEMENT_OUTLINE_TOP
  0
POLYLINE
 5
1757
  8
PLACEMENT_OUTLINE_TOP
 66
1
 70
1
 40
0.050000
 41
0.050000
  0
VERTEX
 5
1758
  8
PLACEMENT_OUTLINE_TOP
 10
51.54400
 20
21.90700
 42
1.0
  0
VERTEX
 5
1759
  8
PLACEMENT_OUTLINE_TOP
 10
51.59400
 20
21.90700
 42
1.0
  0
SEQEND
  8
PLACEMENT_OUTLINE_TOP
  0
POLYLINE
 5
175A
  8
PLACEMENT_OUTLINE_TOP
 66
1
 70
1
 40
0.050000
 41
0.050000
  0
VERTEX
 5
175B
  8
PLACEMENT_OUTLINE_TOP
 10
52.81400
 20
21.90700
 42
1.0
  0
VERTEX
 5
175C
  8
PLACEMENT_OUTLINE_TOP
 10
52.86400
 20
21.90700
 42
1.0
  0
SEQEND
  8
PLACEMENT_OUTLINE_TOP
  0
POLYLINE
 5
175D
  8
PLACEMENT_OUTLINE_TOP
 66
1
 40
0.100000
 41
0.100000
  0
VERTEX
 5
175E
  8
PLACEMENT_OUTLINE_TOP
 10
52.83900
 20
21.90700
  0
VERTEX
 5
175F
  8
PLACEMENT_OUTLINE_TOP
 10
52.83900
 20
24.70100
  0
SEQEND
  8
PLACEMENT_OUTLINE_TOP
  0
POLYLINE
 5
1760
  8
PLACEMENT_OUTLINE_TOP
 66
1
 70
1
 40
0.050000
 41
0.050000
  0
VERTEX
 5
1761
  8
PLACEMENT_OUTLINE_TOP
 10
52.81400
 20
21.90700
 42
1.0
  0
VERTEX
 5
1762
  8
PLACEMENT_OUTLINE_TOP
 10
52.86400
 20
21.90700
 42
1.0
  0
SEQEND
  8
PLACEMENT_OUTLINE_TOP
  0
POLYLINE
 5
1763
  8
PLACEMENT_OUTLINE_TOP
 66
1
 70
1
 40
0.050000
 41
0.050000
  0
VERTEX
 5
1764
  8
PLACEMENT_OUTLINE_TOP
 10
52.81400
 20
24.70100
 42
1.0
  0
VERTEX
 5
1765
  8
PLACEMENT_OUTLINE_TOP
 10
52.86400
 20
24.70100
 42
1.0
  0
SEQEND
  8
PLACEMENT_OUTLINE_TOP
  0
POLYLINE
 5
1766
  8
PLACEMENT_OUTLINE_TOP
 66
1
 40
0.100000
 41
0.100000
  0
VERTEX
 5
1767
  8
PLACEMENT_OUTLINE_TOP
 10
52.83900
 20
24.70100
  0
VERTEX
 5
1768
  8
PLACEMENT_OUTLINE_TOP
 10
51.56900
 20
24.70100
  0
SEQEND
  8
PLACEMENT_OUTLINE_TOP
  0
POLYLINE
 5
1769
  8
PLACEMENT_OUTLINE_TOP
 66
1
 70
1
 40
0.050000
 41
0.050000
  0
VERTEX
 5
176A
  8
PLACEMENT_OUTLINE_TOP
 10
52.81400
 20
24.70100
 42
1.0
  0
VERTEX
 5
176B
  8
PLACEMENT_OUTLINE_TOP
 10
52.86400
 20
24.70100
 42
1.0
  0
SEQEND
  8
PLACEMENT_OUTLINE_TOP
  0
POLYLINE
 5
176C
  8
PLACEMENT_OUTLINE_TOP
 66
1
 70
1
 40
0.050000
 41
0.050000
  0
VERTEX
 5
176D
  8
PLACEMENT_OUTLINE_TOP
 10
51.54400
 20
24.70100
 42
1.0
  0
VERTEX
 5
176E
  8
PLACEMENT_OUTLINE_TOP
 10
51.59400
 20
24.70100
 42
1.0
  0
SEQEND
  8
PLACEMENT_OUTLINE_TOP
  0
SOLID
 5
176F
  8
PADLAYER_TOP
 10
52.66120
 20
22.08480
 11
52.66120
 21
22.99920
 12
51.74680
 22
22.08480
 13
51.74680
 23
22.99920
  0
SOLID
 5
1770
  8
PADLAYER_TOP
 10
52.66120
 20
23.60880
 11
52.66120
 21
24.52320
 12
51.74680
 22
23.60880
 13
51.74680
 23
24.52320
  0
POLYLINE
 5
1771
  8
LAYNR1
 66
1
 40
0.150000
 41
0.150000
  0
VERTEX
 5
1772
  8
LAYNR1
 10
48.65700
 20
24.73400
  0
VERTEX
 5
1773
  8
LAYNR1
 10
48.65700
 20
24.03400
  0
SEQEND
  8
LAYNR1
  0
POLYLINE
 5
1774
  8
LAYNR1
 66
1
 70
1
 40
0.075000
 41
0.075000
  0
VERTEX
 5
1775
  8
LAYNR1
 10
48.61950
 20
24.73400
 42
1.0
  0
VERTEX
 5
1776
  8
LAYNR1
 10
48.69450
 20
24.73400
 42
1.0
  0
SEQEND
  8
LAYNR1
  0
POLYLINE
 5
1777
  8
LAYNR1
 66
1
 70
1
 40
0.075000
 41
0.075000
  0
VERTEX
 5
1778
  8
LAYNR1
 10
48.61950
 20
24.03400
 42
1.0
  0
VERTEX
 5
1779
  8
LAYNR1
 10
48.69450
 20
24.03400
 42
1.0
  0
SEQEND
  8
LAYNR1
  0
POLYLINE
 5
177A
  8
PLACEMENT_OUTLINE_TOP
 66
1
 40
0.100000
 41
0.100000
  0
VERTEX
 5
177B
  8
PLACEMENT_OUTLINE_TOP
 10
47.26000
 20
23.74900
  0
VERTEX
 5
177C
  8
PLACEMENT_OUTLINE_TOP
 10
50.05400
 20
23.74900
  0
SEQEND
  8
PLACEMENT_OUTLINE_TOP
  0
POLYLINE
 5
177D
  8
PLACEMENT_OUTLINE_TOP
 66
1
 70
1
 40
0.050000
 41
0.050000
  0
VERTEX
 5
177E
  8
PLACEMENT_OUTLINE_TOP
 10
47.23500
 20
23.74900
 42
1.0
  0
VERTEX
 5
177F
  8
PLACEMENT_OUTLINE_TOP
 10
47.28500
 20
23.74900
 42
1.0
  0
SEQEND
  8
PLACEMENT_OUTLINE_TOP
  0
POLYLINE
 5
1780
  8
PLACEMENT_OUTLINE_TOP
 66
1
 70
1
 40
0.050000
 41
0.050000
  0
VERTEX
 5
1781
  8
PLACEMENT_OUTLINE_TOP
 10
50.02900
 20
23.74900
 42
1.0
  0
VERTEX
 5
1782
  8
PLACEMENT_OUTLINE_TOP
 10
50.07900
 20
23.74900
 42
1.0
  0
SEQEND
  8
PLACEMENT_OUTLINE_TOP
  0
POLYLINE
 5
1783
  8
PLACEMENT_OUTLINE_TOP
 66
1
 40
0.100000
 41
0.100000
  0
VERTEX
 5
1784
  8
PLACEMENT_OUTLINE_TOP
 10
50.05400
 20
23.74900
  0
VERTEX
 5
1785
  8
PLACEMENT_OUTLINE_TOP
 10
50.05400
 20
25.01900
  0
SEQEND
  8
PLACEMENT_OUTLINE_TOP
  0
POLYLINE
 5
1786
  8
PLACEMENT_OUTLINE_TOP
 66
1
 70
1
 40
0.050000
 41
0.050000
  0
VERTEX
 5
1787
  8
PLACEMENT_OUTLINE_TOP
 10
50.02900
 20
23.74900
 42
1.0
  0
VERTEX
 5
1788
  8
PLACEMENT_OUTLINE_TOP
 10
50.07900
 20
23.74900
 42
1.0
  0
SEQEND
  8
PLACEMENT_OUTLINE_TOP
  0
POLYLINE
 5
1789
  8
PLACEMENT_OUTLINE_TOP
 66
1
 70
1
 40
0.050000
 41
0.050000
  0
VERTEX
 5
178A
  8
PLACEMENT_OUTLINE_TOP
 10
50.02900
 20
25.01900
 42
1.0
  0
VERTEX
 5
178B
  8
PLACEMENT_OUTLINE_TOP
 10
50.07900
 20
25.01900
 42
1.0
  0
SEQEND
  8
PLACEMENT_OUTLINE_TOP
  0
POLYLINE
 5
178C
  8
PLACEMENT_OUTLINE_TOP
 66
1
 40
0.100000
 41
0.100000
  0
VERTEX
 5
178D
  8
PLACEMENT_OUTLINE_TOP
 10
50.05400
 20
25.01900
  0
VERTEX
 5
178E
  8
PLACEMENT_OUTLINE_TOP
 10
47.26000
 20
25.01900
  0
SEQEND
  8
PLACEMENT_OUTLINE_TOP
  0
POLYLINE
 5
178F
  8
PLACEMENT_OUTLINE_TOP
 66
1
 70
1
 40
0.050000
 41
0.050000
  0
VERTEX
 5
1790
  8
PLACEMENT_OUTLINE_TOP
 10
50.02900
 20
25.01900
 42
1.0
  0
VERTEX
 5
1791
  8
PLACEMENT_OUTLINE_TOP
 10
50.07900
 20
25.01900
 42
1.0
  0
SEQEND
  8
PLACEMENT_OUTLINE_TOP
  0
POLYLINE
 5
1792
  8
PLACEMENT_OUTLINE_TOP
 66
1
 70
1
 40
0.050000
 41
0.050000
  0
VERTEX
 5
1793
  8
PLACEMENT_OUTLINE_TOP
 10
47.23500
 20
25.01900
 42
1.0
  0
VERTEX
 5
1794
  8
PLACEMENT_OUTLINE_TOP
 10
47.28500
 20
25.01900
 42
1.0
  0
SEQEND
  8
PLACEMENT_OUTLINE_TOP
  0
POLYLINE
 5
1795
  8
PLACEMENT_OUTLINE_TOP
 66
1
 40
0.100000
 41
0.100000
  0
VERTEX
 5
1796
  8
PLACEMENT_OUTLINE_TOP
 10
47.26000
 20
25.01900
  0
VERTEX
 5
1797
  8
PLACEMENT_OUTLINE_TOP
 10
47.26000
 20
23.74900
  0
SEQEND
  8
PLACEMENT_OUTLINE_TOP
  0
POLYLINE
 5
1798
  8
PLACEMENT_OUTLINE_TOP
 66
1
 70
1
 40
0.050000
 41
0.050000
  0
VERTEX
 5
1799
  8
PLACEMENT_OUTLINE_TOP
 10
47.23500
 20
25.01900
 42
1.0
  0
VERTEX
 5
179A
  8
PLACEMENT_OUTLINE_TOP
 10
47.28500
 20
25.01900
 42
1.0
  0
SEQEND
  8
PLACEMENT_OUTLINE_TOP
  0
POLYLINE
 5
179B
  8
PLACEMENT_OUTLINE_TOP
 66
1
 70
1
 40
0.050000
 41
0.050000
  0
VERTEX
 5
179C
  8
PLACEMENT_OUTLINE_TOP
 10
47.23500
 20
23.74900
 42
1.0
  0
VERTEX
 5
179D
  8
PLACEMENT_OUTLINE_TOP
 10
47.28500
 20
23.74900
 42
1.0
  0
SEQEND
  8
PLACEMENT_OUTLINE_TOP
  0
SOLID
 5
179E
  8
PADLAYER_TOP
 10
49.87620
 20
24.84120
 11
48.96180
 21
24.84120
 12
49.87620
 22
23.92680
 13
48.96180
 23
23.92680
  0
SOLID
 5
179F
  8
PADLAYER_TOP
 10
48.35220
 20
24.84120
 11
47.43780
 21
24.84120
 12
48.35220
 22
23.92680
 13
47.43780
 23
23.92680
  0
POLYLINE
 5
17A0
  8
LAYNR1
 66
1
 40
0.150000
 41
0.150000
  0
VERTEX
 5
17A1
  8
LAYNR1
 10
48.65700
 20
42.04400
  0
VERTEX
 5
17A2
  8
LAYNR1
 10
48.65700
 20
41.34400
  0
SEQEND
  8
LAYNR1
  0
POLYLINE
 5
17A3
  8
LAYNR1
 66
1
 70
1
 40
0.075000
 41
0.075000
  0
VERTEX
 5
17A4
  8
LAYNR1
 10
48.61950
 20
42.04400
 42
1.0
  0
VERTEX
 5
17A5
  8
LAYNR1
 10
48.69450
 20
42.04400
 42
1.0
  0
SEQEND
  8
LAYNR1
  0
POLYLINE
 5
17A6
  8
LAYNR1
 66
1
 70
1
 40
0.075000
 41
0.075000
  0
VERTEX
 5
17A7
  8
LAYNR1
 10
48.61950
 20
41.34400
 42
1.0
  0
VERTEX
 5
17A8
  8
LAYNR1
 10
48.69450
 20
41.34400
 42
1.0
  0
SEQEND
  8
LAYNR1
  0
POLYLINE
 5
17A9
  8
PLACEMENT_OUTLINE_TOP
 66
1
 40
0.100000
 41
0.100000
  0
VERTEX
 5
17AA
  8
PLACEMENT_OUTLINE_TOP
 10
47.26000
 20
41.05900
  0
VERTEX
 5
17AB
  8
PLACEMENT_OUTLINE_TOP
 10
50.05400
 20
41.05900
  0
SEQEND
  8
PLACEMENT_OUTLINE_TOP
  0
POLYLINE
 5
17AC
  8
PLACEMENT_OUTLINE_TOP
 66
1
 70
1
 40
0.050000
 41
0.050000
  0
VERTEX
 5
17AD
  8
PLACEMENT_OUTLINE_TOP
 10
47.23500
 20
41.05900
 42
1.0
  0
VERTEX
 5
17AE
  8
PLACEMENT_OUTLINE_TOP
 10
47.28500
 20
41.05900
 42
1.0
  0
SEQEND
  8
PLACEMENT_OUTLINE_TOP
  0
POLYLINE
 5
17AF
  8
PLACEMENT_OUTLINE_TOP
 66
1
 70
1
 40
0.050000
 41
0.050000
  0
VERTEX
 5
17B0
  8
PLACEMENT_OUTLINE_TOP
 10
50.02900
 20
41.05900
 42
1.0
  0
VERTEX
 5
17B1
  8
PLACEMENT_OUTLINE_TOP
 10
50.07900
 20
41.05900
 42
1.0
  0
SEQEND
  8
PLACEMENT_OUTLINE_TOP
  0
POLYLINE
 5
17B2
  8
PLACEMENT_OUTLINE_TOP
 66
1
 40
0.100000
 41
0.100000
  0
VERTEX
 5
17B3
  8
PLACEMENT_OUTLINE_TOP
 10
50.05400
 20
41.05900
  0
VERTEX
 5
17B4
  8
PLACEMENT_OUTLINE_TOP
 10
50.05400
 20
42.32900
  0
SEQEND
  8
PLACEMENT_OUTLINE_TOP
  0
POLYLINE
 5
17B5
  8
PLACEMENT_OUTLINE_TOP
 66
1
 70
1
 40
0.050000
 41
0.050000
  0
VERTEX
 5
17B6
  8
PLACEMENT_OUTLINE_TOP
 10
50.02900
 20
41.05900
 42
1.0
  0
VERTEX
 5
17B7
  8
PLACEMENT_OUTLINE_TOP
 10
50.07900
 20
41.05900
 42
1.0
  0
SEQEND
  8
PLACEMENT_OUTLINE_TOP
  0
POLYLINE
 5
17B8
  8
PLACEMENT_OUTLINE_TOP
 66
1
 70
1
 40
0.050000
 41
0.050000
  0
VERTEX
 5
17B9
  8
PLACEMENT_OUTLINE_TOP
 10
50.02900
 20
42.32900
 42
1.0
  0
VERTEX
 5
17BA
  8
PLACEMENT_OUTLINE_TOP
 10
50.07900
 20
42.32900
 42
1.0
  0
SEQEND
  8
PLACEMENT_OUTLINE_TOP
  0
POLYLINE
 5
17BB
  8
PLACEMENT_OUTLINE_TOP
 66
1
 40
0.100000
 41
0.100000
  0
VERTEX
 5
17BC
  8
PLACEMENT_OUTLINE_TOP
 10
50.05400
 20
42.32900
  0
VERTEX
 5
17BD
  8
PLACEMENT_OUTLINE_TOP
 10
47.26000
 20
42.32900
  0
SEQEND
  8
PLACEMENT_OUTLINE_TOP
  0
POLYLINE
 5
17BE
  8
PLACEMENT_OUTLINE_TOP
 66
1
 70
1
 40
0.050000
 41
0.050000
  0
VERTEX
 5
17BF
  8
PLACEMENT_OUTLINE_TOP
 10
50.02900
 20
42.32900
 42
1.0
  0
VERTEX
 5
17C0
  8
PLACEMENT_OUTLINE_TOP
 10
50.07900
 20
42.32900
 42
1.0
  0
SEQEND
  8
PLACEMENT_OUTLINE_TOP
  0
POLYLINE
 5
17C1
  8
PLACEMENT_OUTLINE_TOP
 66
1
 70
1
 40
0.050000
 41
0.050000
  0
VERTEX
 5
17C2
  8
PLACEMENT_OUTLINE_TOP
 10
47.23500
 20
42.32900
 42
1.0
  0
VERTEX
 5
17C3
  8
PLACEMENT_OUTLINE_TOP
 10
47.28500
 20
42.32900
 42
1.0
  0
SEQEND
  8
PLACEMENT_OUTLINE_TOP
  0
POLYLINE
 5
17C4
  8
PLACEMENT_OUTLINE_TOP
 66
1
 40
0.100000
 41
0.100000
  0
VERTEX
 5
17C5
  8
PLACEMENT_OUTLINE_TOP
 10
47.26000
 20
42.32900
  0
VERTEX
 5
17C6
  8
PLACEMENT_OUTLINE_TOP
 10
47.26000
 20
41.05900
  0
SEQEND
  8
PLACEMENT_OUTLINE_TOP
  0
POLYLINE
 5
17C7
  8
PLACEMENT_OUTLINE_TOP
 66
1
 70
1
 40
0.050000
 41
0.050000
  0
VERTEX
 5
17C8
  8
PLACEMENT_OUTLINE_TOP
 10
47.23500
 20
42.32900
 42
1.0
  0
VERTEX
 5
17C9
  8
PLACEMENT_OUTLINE_TOP
 10
47.28500
 20
42.32900
 42
1.0
  0
SEQEND
  8
PLACEMENT_OUTLINE_TOP
  0
POLYLINE
 5
17CA
  8
PLACEMENT_OUTLINE_TOP
 66
1
 70
1
 40
0.050000
 41
0.050000
  0
VERTEX
 5
17CB
  8
PLACEMENT_OUTLINE_TOP
 10
47.23500
 20
41.05900
 42
1.0
  0
VERTEX
 5
17CC
  8
PLACEMENT_OUTLINE_TOP
 10
47.28500
 20
41.05900
 42
1.0
  0
SEQEND
  8
PLACEMENT_OUTLINE_TOP
  0
SOLID
 5
17CD
  8
PADLAYER_TOP
 10
49.87620
 20
42.15120
 11
48.96180
 21
42.15120
 12
49.87620
 22
41.23680
 13
48.96180
 23
41.23680
  0
SOLID
 5
17CE
  8
PADLAYER_TOP
 10
48.35220
 20
42.15120
 11
47.43780
 21
42.15120
 12
48.35220
 22
41.23680
 13
47.43780
 23
41.23680
  0
POLYLINE
 5
17CF
  8
LAYNR1
 66
1
 40
0.150000
 41
0.150000
  0
VERTEX
 5
17D0
  8
LAYNR1
 10
48.65700
 20
42.84400
  0
VERTEX
 5
17D1
  8
LAYNR1
 10
48.65700
 20
43.54400
  0
SEQEND
  8
LAYNR1
  0
POLYLINE
 5
17D2
  8
LAYNR1
 66
1
 70
1
 40
0.075000
 41
0.075000
  0
VERTEX
 5
17D3
  8
LAYNR1
 10
48.61950
 20
42.84400
 42
1.0
  0
VERTEX
 5
17D4
  8
LAYNR1
 10
48.69450
 20
42.84400
 42
1.0
  0
SEQEND
  8
LAYNR1
  0
POLYLINE
 5
17D5
  8
LAYNR1
 66
1
 70
1
 40
0.075000
 41
0.075000
  0
VERTEX
 5
17D6
  8
LAYNR1
 10
48.61950
 20
43.54400
 42
1.0
  0
VERTEX
 5
17D7
  8
LAYNR1
 10
48.69450
 20
43.54400
 42
1.0
  0
SEQEND
  8
LAYNR1
  0
POLYLINE
 5
17D8
  8
PLACEMENT_OUTLINE_TOP
 66
1
 40
0.100000
 41
0.100000
  0
VERTEX
 5
17D9
  8
PLACEMENT_OUTLINE_TOP
 10
50.05400
 20
43.82900
  0
VERTEX
 5
17DA
  8
PLACEMENT_OUTLINE_TOP
 10
47.26000
 20
43.82900
  0
SEQEND
  8
PLACEMENT_OUTLINE_TOP
  0
POLYLINE
 5
17DB
  8
PLACEMENT_OUTLINE_TOP
 66
1
 70
1
 40
0.050000
 41
0.050000
  0
VERTEX
 5
17DC
  8
PLACEMENT_OUTLINE_TOP
 10
50.02900
 20
43.82900
 42
1.0
  0
VERTEX
 5
17DD
  8
PLACEMENT_OUTLINE_TOP
 10
50.07900
 20
43.82900
 42
1.0
  0
SEQEND
  8
PLACEMENT_OUTLINE_TOP
  0
POLYLINE
 5
17DE
  8
PLACEMENT_OUTLINE_TOP
 66
1
 70
1
 40
0.050000
 41
0.050000
  0
VERTEX
 5
17DF
  8
PLACEMENT_OUTLINE_TOP
 10
47.23500
 20
43.82900
 42
1.0
  0
VERTEX
 5
17E0
  8
PLACEMENT_OUTLINE_TOP
 10
47.28500
 20
43.82900
 42
1.0
  0
SEQEND
  8
PLACEMENT_OUTLINE_TOP
  0
POLYLINE
 5
17E1
  8
PLACEMENT_OUTLINE_TOP
 66
1
 40
0.100000
 41
0.100000
  0
VERTEX
 5
17E2
  8
PLACEMENT_OUTLINE_TOP
 10
47.26000
 20
43.82900
  0
VERTEX
 5
17E3
  8
PLACEMENT_OUTLINE_TOP
 10
47.26000
 20
42.55900
  0
SEQEND
  8
PLACEMENT_OUTLINE_TOP
  0
POLYLINE
 5
17E4
  8
PLACEMENT_OUTLINE_TOP
 66
1
 70
1
 40
0.050000
 41
0.050000
  0
VERTEX
 5
17E5
  8
PLACEMENT_OUTLINE_TOP
 10
47.23500
 20
43.82900
 42
1.0
  0
VERTEX
 5
17E6
  8
PLACEMENT_OUTLINE_TOP
 10
47.28500
 20
43.82900
 42
1.0
  0
SEQEND
  8
PLACEMENT_OUTLINE_TOP
  0
POLYLINE
 5
17E7
  8
PLACEMENT_OUTLINE_TOP
 66
1
 70
1
 40
0.050000
 41
0.050000
  0
VERTEX
 5
17E8
  8
PLACEMENT_OUTLINE_TOP
 10
47.23500
 20
42.55900
 42
1.0
  0
VERTEX
 5
17E9
  8
PLACEMENT_OUTLINE_TOP
 10
47.28500
 20
42.55900
 42
1.0
  0
SEQEND
  8
PLACEMENT_OUTLINE_TOP
  0
POLYLINE
 5
17EA
  8
PLACEMENT_OUTLINE_TOP
 66
1
 40
0.100000
 41
0.100000
  0
VERTEX
 5
17EB
  8
PLACEMENT_OUTLINE_TOP
 10
47.26000
 20
42.55900
  0
VERTEX
 5
17EC
  8
PLACEMENT_OUTLINE_TOP
 10
50.05400
 20
42.55900
  0
SEQEND
  8
PLACEMENT_OUTLINE_TOP
  0
POLYLINE
 5
17ED
  8
PLACEMENT_OUTLINE_TOP
 66
1
 70
1
 40
0.050000
 41
0.050000
  0
VERTEX
 5
17EE
  8
PLACEMENT_OUTLINE_TOP
 10
47.23500
 20
42.55900
 42
1.0
  0
VERTEX
 5
17EF
  8
PLACEMENT_OUTLINE_TOP
 10
47.28500
 20
42.55900
 42
1.0
  0
SEQEND
  8
PLACEMENT_OUTLINE_TOP
  0
POLYLINE
 5
17F0
  8
PLACEMENT_OUTLINE_TOP
 66
1
 70
1
 40
0.050000
 41
0.050000
  0
VERTEX
 5
17F1
  8
PLACEMENT_OUTLINE_TOP
 10
50.02900
 20
42.55900
 42
1.0
  0
VERTEX
 5
17F2
  8
PLACEMENT_OUTLINE_TOP
 10
50.07900
 20
42.55900
 42
1.0
  0
SEQEND
  8
PLACEMENT_OUTLINE_TOP
  0
POLYLINE
 5
17F3
  8
PLACEMENT_OUTLINE_TOP
 66
1
 40
0.100000
 41
0.100000
  0
VERTEX
 5
17F4
  8
PLACEMENT_OUTLINE_TOP
 10
50.05400
 20
42.55900
  0
VERTEX
 5
17F5
  8
PLACEMENT_OUTLINE_TOP
 10
50.05400
 20
43.82900
  0
SEQEND
  8
PLACEMENT_OUTLINE_TOP
  0
POLYLINE
 5
17F6
  8
PLACEMENT_OUTLINE_TOP
 66
1
 70
1
 40
0.050000
 41
0.050000
  0
VERTEX
 5
17F7
  8
PLACEMENT_OUTLINE_TOP
 10
50.02900
 20
42.55900
 42
1.0
  0
VERTEX
 5
17F8
  8
PLACEMENT_OUTLINE_TOP
 10
50.07900
 20
42.55900
 42
1.0
  0
SEQEND
  8
PLACEMENT_OUTLINE_TOP
  0
POLYLINE
 5
17F9
  8
PLACEMENT_OUTLINE_TOP
 66
1
 70
1
 40
0.050000
 41
0.050000
  0
VERTEX
 5
17FA
  8
PLACEMENT_OUTLINE_TOP
 10
50.02900
 20
43.82900
 42
1.0
  0
VERTEX
 5
17FB
  8
PLACEMENT_OUTLINE_TOP
 10
50.07900
 20
43.82900
 42
1.0
  0
SEQEND
  8
PLACEMENT_OUTLINE_TOP
  0
SOLID
 5
17FC
  8
PADLAYER_TOP
 10
47.43780
 20
42.73680
 11
48.35220
 21
42.73680
 12
47.43780
 22
43.65120
 13
48.35220
 23
43.65120
  0
SOLID
 5
17FD
  8
PADLAYER_TOP
 10
48.96180
 20
42.73680
 11
49.87620
 21
42.73680
 12
48.96180
 22
43.65120
 13
49.87620
 23
43.65120
  0
POLYLINE
 5
17FE
  8
2DLINES_1
 66
1
 40
0.127000
 41
0.127000
  0
VERTEX
 5
17FF
  8
2DLINES_1
 10
82.94500
 20
71.11000
  0
VERTEX
 5
1800
  8
2DLINES_1
 10
74.81500
 20
71.11000
  0
SEQEND
  8
2DLINES_1
  0
POLYLINE
 5
1801
  8
2DLINES_1
 66
1
 70
1
 40
0.063500
 41
0.063500
  0
VERTEX
 5
1802
  8
2DLINES_1
 10
82.91325
 20
71.11000
 42
1.0
  0
VERTEX
 5
1803
  8
2DLINES_1
 10
82.97675
 20
71.11000
 42
1.0
  0
SEQEND
  8
2DLINES_1
  0
POLYLINE
 5
1804
  8
2DLINES_1
 66
1
 70
1
 40
0.063500
 41
0.063500
  0
VERTEX
 5
1805
  8
2DLINES_1
 10
74.78325
 20
71.11000
 42
1.0
  0
VERTEX
 5
1806
  8
2DLINES_1
 10
74.84675
 20
71.11000
 42
1.0
  0
SEQEND
  8
2DLINES_1
  0
POLYLINE
 5
1807
  8
2DLINES_1
 66
1
 40
0.127000
 41
0.127000
  0
VERTEX
 5
1808
  8
2DLINES_1
 10
74.81500
 20
71.11000
  0
VERTEX
 5
1809
  8
2DLINES_1
 10
74.81500
 20
77.33000
  0
SEQEND
  8
2DLINES_1
  0
POLYLINE
 5
180A
  8
2DLINES_1
 66
1
 70
1
 40
0.063500
 41
0.063500
  0
VERTEX
 5
180B
  8
2DLINES_1
 10
74.78325
 20
71.11000
 42
1.0
  0
VERTEX
 5
180C
  8
2DLINES_1
 10
74.84675
 20
71.11000
 42
1.0
  0
SEQEND
  8
2DLINES_1
  0
POLYLINE
 5
180D
  8
2DLINES_1
 66
1
 70
1
 40
0.063500
 41
0.063500
  0
VERTEX
 5
180E
  8
2DLINES_1
 10
74.78325
 20
77.33000
 42
1.0
  0
VERTEX
 5
180F
  8
2DLINES_1
 10
74.84675
 20
77.33000
 42
1.0
  0
SEQEND
  8
2DLINES_1
  0
POLYLINE
 5
1810
  8
2DLINES_1
 66
1
 40
0.127000
 41
0.127000
  0
VERTEX
 5
1811
  8
2DLINES_1
 10
74.81500
 20
77.33000
  0
VERTEX
 5
1812
  8
2DLINES_1
 10
82.94500
 20
77.33000
  0
SEQEND
  8
2DLINES_1
  0
POLYLINE
 5
1813
  8
2DLINES_1
 66
1
 70
1
 40
0.063500
 41
0.063500
  0
VERTEX
 5
1814
  8
2DLINES_1
 10
74.78325
 20
77.33000
 42
1.0
  0
VERTEX
 5
1815
  8
2DLINES_1
 10
74.84675
 20
77.33000
 42
1.0
  0
SEQEND
  8
2DLINES_1
  0
POLYLINE
 5
1816
  8
2DLINES_1
 66
1
 70
1
 40
0.063500
 41
0.063500
  0
VERTEX
 5
1817
  8
2DLINES_1
 10
82.91325
 20
77.33000
 42
1.0
  0
VERTEX
 5
1818
  8
2DLINES_1
 10
82.97675
 20
77.33000
 42
1.0
  0
SEQEND
  8
2DLINES_1
  0
POLYLINE
 5
1819
  8
2DLINES_1
 66
1
 40
0.127000
 41
0.127000
  0
VERTEX
 5
181A
  8
2DLINES_1
 10
82.94500
 20
77.33000
  0
VERTEX
 5
181B
  8
2DLINES_1
 10
82.94500
 20
71.11000
  0
SEQEND
  8
2DLINES_1
  0
POLYLINE
 5
181C
  8
2DLINES_1
 66
1
 70
1
 40
0.063500
 41
0.063500
  0
VERTEX
 5
181D
  8
2DLINES_1
 10
82.91325
 20
77.33000
 42
1.0
  0
VERTEX
 5
181E
  8
2DLINES_1
 10
82.97675
 20
77.33000
 42
1.0
  0
SEQEND
  8
2DLINES_1
  0
POLYLINE
 5
181F
  8
2DLINES_1
 66
1
 70
1
 40
0.063500
 41
0.063500
  0
VERTEX
 5
1820
  8
2DLINES_1
 10
82.91325
 20
71.11000
 42
1.0
  0
VERTEX
 5
1821
  8
2DLINES_1
 10
82.97675
 20
71.11000
 42
1.0
  0
SEQEND
  8
2DLINES_1
  0
POLYLINE
 5
1822
  8
2DLINES_1
 66
1
 40
0.350000
 41
0.350000
  0
VERTEX
 5
1823
  8
2DLINES_1
 10
77.38000
 20
71.22000
  0
VERTEX
 5
1824
  8
2DLINES_1
 10
77.38000
 20
77.22000
  0
SEQEND
  8
2DLINES_1
  0
POLYLINE
 5
1825
  8
2DLINES_1
 66
1
 70
1
 40
0.175000
 41
0.175000
  0
VERTEX
 5
1826
  8
2DLINES_1
 10
77.29250
 20
71.22000
 42
1.0
  0
VERTEX
 5
1827
  8
2DLINES_1
 10
77.46750
 20
71.22000
 42
1.0
  0
SEQEND
  8
2DLINES_1
  0
POLYLINE
 5
1828
  8
2DLINES_1
 66
1
 70
1
 40
0.175000
 41
0.175000
  0
VERTEX
 5
1829
  8
2DLINES_1
 10
77.29250
 20
77.22000
 42
1.0
  0
VERTEX
 5
182A
  8
2DLINES_1
 10
77.46750
 20
77.22000
 42
1.0
  0
SEQEND
  8
2DLINES_1
  0
POLYLINE
 5
182B
  8
PLACEMENT_OUTLINE_TOP
 66
1
 40
0.127000
 41
0.127000
  0
VERTEX
 5
182C
  8
PLACEMENT_OUTLINE_TOP
 10
82.94500
 20
71.11000
  0
VERTEX
 5
182D
  8
PLACEMENT_OUTLINE_TOP
 10
74.81500
 20
71.11000
  0
SEQEND
  8
PLACEMENT_OUTLINE_TOP
  0
POLYLINE
 5
182E
  8
PLACEMENT_OUTLINE_TOP
 66
1
 70
1
 40
0.063500
 41
0.063500
  0
VERTEX
 5
182F
  8
PLACEMENT_OUTLINE_TOP
 10
82.91325
 20
71.11000
 42
1.0
  0
VERTEX
 5
1830
  8
PLACEMENT_OUTLINE_TOP
 10
82.97675
 20
71.11000
 42
1.0
  0
SEQEND
  8
PLACEMENT_OUTLINE_TOP
  0
POLYLINE
 5
1831
  8
PLACEMENT_OUTLINE_TOP
 66
1
 70
1
 40
0.063500
 41
0.063500
  0
VERTEX
 5
1832
  8
PLACEMENT_OUTLINE_TOP
 10
74.78325
 20
71.11000
 42
1.0
  0
VERTEX
 5
1833
  8
PLACEMENT_OUTLINE_TOP
 10
74.84675
 20
71.11000
 42
1.0
  0
SEQEND
  8
PLACEMENT_OUTLINE_TOP
  0
POLYLINE
 5
1834
  8
PLACEMENT_OUTLINE_TOP
 66
1
 40
0.127000
 41
0.127000
  0
VERTEX
 5
1835
  8
PLACEMENT_OUTLINE_TOP
 10
74.81500
 20
71.11000
  0
VERTEX
 5
1836
  8
PLACEMENT_OUTLINE_TOP
 10
74.81500
 20
77.33000
  0
SEQEND
  8
PLACEMENT_OUTLINE_TOP
  0
POLYLINE
 5
1837
  8
PLACEMENT_OUTLINE_TOP
 66
1
 70
1
 40
0.063500
 41
0.063500
  0
VERTEX
 5
1838
  8
PLACEMENT_OUTLINE_TOP
 10
74.78325
 20
71.11000
 42
1.0
  0
VERTEX
 5
1839
  8
PLACEMENT_OUTLINE_TOP
 10
74.84675
 20
71.11000
 42
1.0
  0
SEQEND
  8
PLACEMENT_OUTLINE_TOP
  0
POLYLINE
 5
183A
  8
PLACEMENT_OUTLINE_TOP
 66
1
 70
1
 40
0.063500
 41
0.063500
  0
VERTEX
 5
183B
  8
PLACEMENT_OUTLINE_TOP
 10
74.78325
 20
77.33000
 42
1.0
  0
VERTEX
 5
183C
  8
PLACEMENT_OUTLINE_TOP
 10
74.84675
 20
77.33000
 42
1.0
  0
SEQEND
  8
PLACEMENT_OUTLINE_TOP
  0
POLYLINE
 5
183D
  8
PLACEMENT_OUTLINE_TOP
 66
1
 40
0.127000
 41
0.127000
  0
VERTEX
 5
183E
  8
PLACEMENT_OUTLINE_TOP
 10
74.81500
 20
77.33000
  0
VERTEX
 5
183F
  8
PLACEMENT_OUTLINE_TOP
 10
82.94500
 20
77.33000
  0
SEQEND
  8
PLACEMENT_OUTLINE_TOP
  0
POLYLINE
 5
1840
  8
PLACEMENT_OUTLINE_TOP
 66
1
 70
1
 40
0.063500
 41
0.063500
  0
VERTEX
 5
1841
  8
PLACEMENT_OUTLINE_TOP
 10
74.78325
 20
77.33000
 42
1.0
  0
VERTEX
 5
1842
  8
PLACEMENT_OUTLINE_TOP
 10
74.84675
 20
77.33000
 42
1.0
  0
SEQEND
  8
PLACEMENT_OUTLINE_TOP
  0
POLYLINE
 5
1843
  8
PLACEMENT_OUTLINE_TOP
 66
1
 70
1
 40
0.063500
 41
0.063500
  0
VERTEX
 5
1844
  8
PLACEMENT_OUTLINE_TOP
 10
82.91325
 20
77.33000
 42
1.0
  0
VERTEX
 5
1845
  8
PLACEMENT_OUTLINE_TOP
 10
82.97675
 20
77.33000
 42
1.0
  0
SEQEND
  8
PLACEMENT_OUTLINE_TOP
  0
POLYLINE
 5
1846
  8
PLACEMENT_OUTLINE_TOP
 66
1
 40
0.127000
 41
0.127000
  0
VERTEX
 5
1847
  8
PLACEMENT_OUTLINE_TOP
 10
82.94500
 20
77.33000
  0
VERTEX
 5
1848
  8
PLACEMENT_OUTLINE_TOP
 10
82.94500
 20
71.11000
  0
SEQEND
  8
PLACEMENT_OUTLINE_TOP
  0
POLYLINE
 5
1849
  8
PLACEMENT_OUTLINE_TOP
 66
1
 70
1
 40
0.063500
 41
0.063500
  0
VERTEX
 5
184A
  8
PLACEMENT_OUTLINE_TOP
 10
82.91325
 20
77.33000
 42
1.0
  0
VERTEX
 5
184B
  8
PLACEMENT_OUTLINE_TOP
 10
82.97675
 20
77.33000
 42
1.0
  0
SEQEND
  8
PLACEMENT_OUTLINE_TOP
  0
POLYLINE
 5
184C
  8
PLACEMENT_OUTLINE_TOP
 66
1
 70
1
 40
0.063500
 41
0.063500
  0
VERTEX
 5
184D
  8
PLACEMENT_OUTLINE_TOP
 10
82.91325
 20
71.11000
 42
1.0
  0
VERTEX
 5
184E
  8
PLACEMENT_OUTLINE_TOP
 10
82.97675
 20
71.11000
 42
1.0
  0
SEQEND
  8
PLACEMENT_OUTLINE_TOP
  0
SOLID
 5
184F
  8
PADLAYER_TOP
 10
81.03000
 20
75.87000
 11
81.03000
 21
72.57000
 12
83.53000
 22
75.87000
 13
83.53000
 23
72.57000
  0
SOLID
 5
1850
  8
PADLAYER_TOP
 10
74.23000
 20
75.87000
 11
74.23000
 21
72.57000
 12
76.73000
 22
75.87000
 13
76.73000
 23
72.57000
  0
POLYLINE
 5
1851
  8
Top
 66
1
 70
1
 40
0.000000
 41
0.000000
  0
VERTEX
 5
1852
  8
Top
 10
85.64700
 20
40.03270
 42
-0.414214
  0
VERTEX
 5
1853
  8
Top
 10
85.65970
 20
40.02000
  0
VERTEX
 5
1854
  8
Top
 10
85.65970
 20
36.83000
 42
-0.414214
  0
VERTEX
 5
1855
  8
Top
 10
85.64700
 20
36.81730
  0
VERTEX
 5
1856
  8
Top
 10
84.14700
 20
36.81730
 42
-0.414214
  0
VERTEX
 5
1857
  8
Top
 10
84.13430
 20
36.83000
  0
VERTEX
 5
1858
  8
Top
 10
84.13430
 20
40.02000
 42
-0.414214
  0
VERTEX
 5
1859
  8
Top
 10
84.14700
 20
40.03270
  0
VERTEX
 5
185A
  8
Top
 10
85.64700
 20
40.03270
  0
SEQEND
  8
Top
  0
POLYLINE
 5
185B
  8
2DLINES_1
 66
1
 40
0.152400
 41
0.152400
  0
VERTEX
 5
185C
  8
2DLINES_1
 10
84.25700
 20
38.42000
  0
VERTEX
 5
185D
  8
2DLINES_1
 10
85.55700
 20
38.42000
  0
SEQEND
  8
2DLINES_1
  0
POLYLINE
 5
185E
  8
2DLINES_1
 66
1
 70
1
 40
0.076200
 41
0.076200
  0
VERTEX
 5
185F
  8
2DLINES_1
 10
84.21890
 20
38.42000
 42
1.0
  0
VERTEX
 5
1860
  8
2DLINES_1
 10
84.29510
 20
38.42000
 42
1.0
  0
SEQEND
  8
2DLINES_1
  0
POLYLINE
 5
1861
  8
2DLINES_1
 66
1
 70
1
 40
0.076200
 41
0.076200
  0
VERTEX
 5
1862
  8
2DLINES_1
 10
85.51890
 20
38.42000
 42
1.0
  0
VERTEX
 5
1863
  8
2DLINES_1
 10
85.59510
 20
38.42000
 42
1.0
  0
SEQEND
  8
2DLINES_1
  0
POLYLINE
 5
1864
  8
PLACEMENT_OUTLINE_TOP
 66
1
 40
0.025400
 41
0.025400
  0
VERTEX
 5
1865
  8
PLACEMENT_OUTLINE_TOP
 10
84.15700
 20
40.02000
  0
VERTEX
 5
1866
  8
PLACEMENT_OUTLINE_TOP
 10
85.65700
 20
40.02000
  0
SEQEND
  8
PLACEMENT_OUTLINE_TOP
  0
POLYLINE
 5
1867
  8
PLACEMENT_OUTLINE_TOP
 66
1
 70
1
 40
0.012700
 41
0.012700
  0
VERTEX
 5
1868
  8
PLACEMENT_OUTLINE_TOP
 10
84.15065
 20
40.02000
 42
1.0
  0
VERTEX
 5
1869
  8
PLACEMENT_OUTLINE_TOP
 10
84.16335
 20
40.02000
 42
1.0
  0
SEQEND
  8
PLACEMENT_OUTLINE_TOP
  0
POLYLINE
 5
186A
  8
PLACEMENT_OUTLINE_TOP
 66
1
 70
1
 40
0.012700
 41
0.012700
  0
VERTEX
 5
186B
  8
PLACEMENT_OUTLINE_TOP
 10
85.65065
 20
40.02000
 42
1.0
  0
VERTEX
 5
186C
  8
PLACEMENT_OUTLINE_TOP
 10
85.66335
 20
40.02000
 42
1.0
  0
SEQEND
  8
PLACEMENT_OUTLINE_TOP
  0
POLYLINE
 5
186D
  8
PLACEMENT_OUTLINE_TOP
 66
1
 40
0.025400
 41
0.025400
  0
VERTEX
 5
186E
  8
PLACEMENT_OUTLINE_TOP
 10
85.65700
 20
40.02000
  0
VERTEX
 5
186F
  8
PLACEMENT_OUTLINE_TOP
 10
85.65700
 20
36.82000
  0
SEQEND
  8
PLACEMENT_OUTLINE_TOP
  0
POLYLINE
 5
1870
  8
PLACEMENT_OUTLINE_TOP
 66
1
 70
1
 40
0.012700
 41
0.012700
  0
VERTEX
 5
1871
  8
PLACEMENT_OUTLINE_TOP
 10
85.65065
 20
40.02000
 42
1.0
  0
VERTEX
 5
1872
  8
PLACEMENT_OUTLINE_TOP
 10
85.66335
 20
40.02000
 42
1.0
  0
SEQEND
  8
PLACEMENT_OUTLINE_TOP
  0
POLYLINE
 5
1873
  8
PLACEMENT_OUTLINE_TOP
 66
1
 70
1
 40
0.012700
 41
0.012700
  0
VERTEX
 5
1874
  8
PLACEMENT_OUTLINE_TOP
 10
85.65065
 20
36.82000
 42
1.0
  0
VERTEX
 5
1875
  8
PLACEMENT_OUTLINE_TOP
 10
85.66335
 20
36.82000
 42
1.0
  0
SEQEND
  8
PLACEMENT_OUTLINE_TOP
  0
POLYLINE
 5
1876
  8
PLACEMENT_OUTLINE_TOP
 66
1
 40
0.025400
 41
0.025400
  0
VERTEX
 5
1877
  8
PLACEMENT_OUTLINE_TOP
 10
85.65700
 20
36.82000
  0
VERTEX
 5
1878
  8
PLACEMENT_OUTLINE_TOP
 10
84.15700
 20
36.82000
  0
SEQEND
  8
PLACEMENT_OUTLINE_TOP
  0
POLYLINE
 5
1879
  8
PLACEMENT_OUTLINE_TOP
 66
1
 70
1
 40
0.012700
 41
0.012700
  0
VERTEX
 5
187A
  8
PLACEMENT_OUTLINE_TOP
 10
85.65065
 20
36.82000
 42
1.0
  0
VERTEX
 5
187B
  8
PLACEMENT_OUTLINE_TOP
 10
85.66335
 20
36.82000
 42
1.0
  0
SEQEND
  8
PLACEMENT_OUTLINE_TOP
  0
POLYLINE
 5
187C
  8
PLACEMENT_OUTLINE_TOP
 66
1
 70
1
 40
0.012700
 41
0.012700
  0
VERTEX
 5
187D
  8
PLACEMENT_OUTLINE_TOP
 10
84.15065
 20
36.82000
 42
1.0
  0
VERTEX
 5
187E
  8
PLACEMENT_OUTLINE_TOP
 10
84.16335
 20
36.82000
 42
1.0
  0
SEQEND
  8
PLACEMENT_OUTLINE_TOP
  0
POLYLINE
 5
187F
  8
PLACEMENT_OUTLINE_TOP
 66
1
 40
0.025400
 41
0.025400
  0
VERTEX
 5
1880
  8
PLACEMENT_OUTLINE_TOP
 10
84.15700
 20
36.82000
  0
VERTEX
 5
1881
  8
PLACEMENT_OUTLINE_TOP
 10
84.15700
 20
40.02000
  0
SEQEND
  8
PLACEMENT_OUTLINE_TOP
  0
POLYLINE
 5
1882
  8
PLACEMENT_OUTLINE_TOP
 66
1
 70
1
 40
0.012700
 41
0.012700
  0
VERTEX
 5
1883
  8
PLACEMENT_OUTLINE_TOP
 10
84.15065
 20
36.82000
 42
1.0
  0
VERTEX
 5
1884
  8
PLACEMENT_OUTLINE_TOP
 10
84.16335
 20
36.82000
 42
1.0
  0
SEQEND
  8
PLACEMENT_OUTLINE_TOP
  0
POLYLINE
 5
1885
  8
PLACEMENT_OUTLINE_TOP
 66
1
 70
1
 40
0.012700
 41
0.012700
  0
VERTEX
 5
1886
  8
PLACEMENT_OUTLINE_TOP
 10
84.15065
 20
40.02000
 42
1.0
  0
VERTEX
 5
1887
  8
PLACEMENT_OUTLINE_TOP
 10
84.16335
 20
40.02000
 42
1.0
  0
SEQEND
  8
PLACEMENT_OUTLINE_TOP
  0
SOLID
 5
1888
  8
PADLAYER_TOP
 10
84.15700
 20
38.72000
 11
85.65700
 21
38.72000
 12
84.15700
 22
40.02000
 13
85.65700
 23
40.02000
  0
SOLID
 5
1889
  8
PADLAYER_TOP
 10
84.15700
 20
36.82000
 11
85.65700
 21
36.82000
 12
84.15700
 22
38.12000
 13
85.65700
 23
38.12000
  0
POLYLINE
 5
188A
  8
LAYNR1
 66
1
 40
0.150000
 41
0.150000
  0
VERTEX
 5
188B
  8
LAYNR1
 10
86.45700
 20
38.42200
  0
VERTEX
 5
188C
  8
LAYNR1
 10
87.15700
 20
38.42200
  0
SEQEND
  8
LAYNR1
  0
POLYLINE
 5
188D
  8
LAYNR1
 66
1
 70
1
 40
0.075000
 41
0.075000
  0
VERTEX
 5
188E
  8
LAYNR1
 10
86.41950
 20
38.42200
 42
1.0
  0
VERTEX
 5
188F
  8
LAYNR1
 10
86.49450
 20
38.42200
 42
1.0
  0
SEQEND
  8
LAYNR1
  0
POLYLINE
 5
1890
  8
LAYNR1
 66
1
 70
1
 40
0.075000
 41
0.075000
  0
VERTEX
 5
1891
  8
LAYNR1
 10
87.11950
 20
38.42200
 42
1.0
  0
VERTEX
 5
1892
  8
LAYNR1
 10
87.19450
 20
38.42200
 42
1.0
  0
SEQEND
  8
LAYNR1
  0
POLYLINE
 5
1893
  8
PLACEMENT_OUTLINE_TOP
 66
1
 40
0.100000
 41
0.100000
  0
VERTEX
 5
1894
  8
PLACEMENT_OUTLINE_TOP
 10
87.44200
 20
37.02500
  0
VERTEX
 5
1895
  8
PLACEMENT_OUTLINE_TOP
 10
87.44200
 20
39.81900
  0
SEQEND
  8
PLACEMENT_OUTLINE_TOP
  0
POLYLINE
 5
1896
  8
PLACEMENT_OUTLINE_TOP
 66
1
 70
1
 40
0.050000
 41
0.050000
  0
VERTEX
 5
1897
  8
PLACEMENT_OUTLINE_TOP
 10
87.41700
 20
37.02500
 42
1.0
  0
VERTEX
 5
1898
  8
PLACEMENT_OUTLINE_TOP
 10
87.46700
 20
37.02500
 42
1.0
  0
SEQEND
  8
PLACEMENT_OUTLINE_TOP
  0
POLYLINE
 5
1899
  8
PLACEMENT_OUTLINE_TOP
 66
1
 70
1
 40
0.050000
 41
0.050000
  0
VERTEX
 5
189A
  8
PLACEMENT_OUTLINE_TOP
 10
87.41700
 20
39.81900
 42
1.0
  0
VERTEX
 5
189B
  8
PLACEMENT_OUTLINE_TOP
 10
87.46700
 20
39.81900
 42
1.0
  0
SEQEND
  8
PLACEMENT_OUTLINE_TOP
  0
POLYLINE
 5
189C
  8
PLACEMENT_OUTLINE_TOP
 66
1
 40
0.100000
 41
0.100000
  0
VERTEX
 5
189D
  8
PLACEMENT_OUTLINE_TOP
 10
87.44200
 20
39.81900
  0
VERTEX
 5
189E
  8
PLACEMENT_OUTLINE_TOP
 10
86.17200
 20
39.81900
  0
SEQEND
  8
PLACEMENT_OUTLINE_TOP
  0
POLYLINE
 5
189F
  8
PLACEMENT_OUTLINE_TOP
 66
1
 70
1
 40
0.050000
 41
0.050000
  0
VERTEX
 5
18A0
  8
PLACEMENT_OUTLINE_TOP
 10
87.41700
 20
39.81900
 42
1.0
  0
VERTEX
 5
18A1
  8
PLACEMENT_OUTLINE_TOP
 10
87.46700
 20
39.81900
 42
1.0
  0
SEQEND
  8
PLACEMENT_OUTLINE_TOP
  0
POLYLINE
 5
18A2
  8
PLACEMENT_OUTLINE_TOP
 66
1
 70
1
 40
0.050000
 41
0.050000
  0
VERTEX
 5
18A3
  8
PLACEMENT_OUTLINE_TOP
 10
86.14700
 20
39.81900
 42
1.0
  0
VERTEX
 5
18A4
  8
PLACEMENT_OUTLINE_TOP
 10
86.19700
 20
39.81900
 42
1.0
  0
SEQEND
  8
PLACEMENT_OUTLINE_TOP
  0
POLYLINE
 5
18A5
  8
PLACEMENT_OUTLINE_TOP
 66
1
 40
0.100000
 41
0.100000
  0
VERTEX
 5
18A6
  8
PLACEMENT_OUTLINE_TOP
 10
86.17200
 20
39.81900
  0
VERTEX
 5
18A7
  8
PLACEMENT_OUTLINE_TOP
 10
86.17200
 20
37.02500
  0
SEQEND
  8
PLACEMENT_OUTLINE_TOP
  0
POLYLINE
 5
18A8
  8
PLACEMENT_OUTLINE_TOP
 66
1
 70
1
 40
0.050000
 41
0.050000
  0
VERTEX
 5
18A9
  8
PLACEMENT_OUTLINE_TOP
 10
86.14700
 20
39.81900
 42
1.0
  0
VERTEX
 5
18AA
  8
PLACEMENT_OUTLINE_TOP
 10
86.19700
 20
39.81900
 42
1.0
  0
SEQEND
  8
PLACEMENT_OUTLINE_TOP
  0
POLYLINE
 5
18AB
  8
PLACEMENT_OUTLINE_TOP
 66
1
 70
1
 40
0.050000
 41
0.050000
  0
VERTEX
 5
18AC
  8
PLACEMENT_OUTLINE_TOP
 10
86.14700
 20
37.02500
 42
1.0
  0
VERTEX
 5
18AD
  8
PLACEMENT_OUTLINE_TOP
 10
86.19700
 20
37.02500
 42
1.0
  0
SEQEND
  8
PLACEMENT_OUTLINE_TOP
  0
POLYLINE
 5
18AE
  8
PLACEMENT_OUTLINE_TOP
 66
1
 40
0.100000
 41
0.100000
  0
VERTEX
 5
18AF
  8
PLACEMENT_OUTLINE_TOP
 10
86.17200
 20
37.02500
  0
VERTEX
 5
18B0
  8
PLACEMENT_OUTLINE_TOP
 10
87.44200
 20
37.02500
  0
SEQEND
  8
PLACEMENT_OUTLINE_TOP
  0
POLYLINE
 5
18B1
  8
PLACEMENT_OUTLINE_TOP
 66
1
 70
1
 40
0.050000
 41
0.050000
  0
VERTEX
 5
18B2
  8
PLACEMENT_OUTLINE_TOP
 10
86.14700
 20
37.02500
 42
1.0
  0
VERTEX
 5
18B3
  8
PLACEMENT_OUTLINE_TOP
 10
86.19700
 20
37.02500
 42
1.0
  0
SEQEND
  8
PLACEMENT_OUTLINE_TOP
  0
POLYLINE
 5
18B4
  8
PLACEMENT_OUTLINE_TOP
 66
1
 70
1
 40
0.050000
 41
0.050000
  0
VERTEX
 5
18B5
  8
PLACEMENT_OUTLINE_TOP
 10
87.41700
 20
37.02500
 42
1.0
  0
VERTEX
 5
18B6
  8
PLACEMENT_OUTLINE_TOP
 10
87.46700
 20
37.02500
 42
1.0
  0
SEQEND
  8
PLACEMENT_OUTLINE_TOP
  0
SOLID
 5
18B7
  8
PADLAYER_TOP
 10
86.34980
 20
39.64120
 11
86.34980
 21
38.72680
 12
87.26420
 22
39.64120
 13
87.26420
 23
38.72680
  0
SOLID
 5
18B8
  8
PADLAYER_TOP
 10
86.34980
 20
38.11720
 11
86.34980
 21
37.20280
 12
87.26420
 22
38.11720
 13
87.26420
 23
37.20280
  0
POLYLINE
 5
18B9
  8
Top
 66
1
 70
1
 40
0.000000
 41
0.000000
  0
VERTEX
 5
18BA
  8
Top
 10
92.32370
 20
38.75800
 42
-0.414214
  0
VERTEX
 5
18BB
  8
Top
 10
92.31100
 20
38.74530
  0
VERTEX
 5
18BC
  8
Top
 10
89.12100
 20
38.74530
 42
-0.414214
  0
VERTEX
 5
18BD
  8
Top
 10
89.10830
 20
38.75800
  0
VERTEX
 5
18BE
  8
Top
 10
89.10830
 20
40.25800
 42
-0.414214
  0
VERTEX
 5
18BF
  8
Top
 10
89.12100
 20
40.27070
  0
VERTEX
 5
18C0
  8
Top
 10
92.31100
 20
40.27070
 42
-0.414214
  0
VERTEX
 5
18C1
  8
Top
 10
92.32370
 20
40.25800
  0
VERTEX
 5
18C2
  8
Top
 10
92.32370
 20
38.75800
  0
SEQEND
  8
Top
  0
POLYLINE
 5
18C3
  8
2DLINES_1
 66
1
 40
0.152400
 41
0.152400
  0
VERTEX
 5
18C4
  8
2DLINES_1
 10
90.71100
 20
40.14800
  0
VERTEX
 5
18C5
  8
2DLINES_1
 10
90.71100
 20
38.84800
  0
SEQEND
  8
2DLINES_1
  0
POLYLINE
 5
18C6
  8
2DLINES_1
 66
1
 70
1
 40
0.076200
 41
0.076200
  0
VERTEX
 5
18C7
  8
2DLINES_1
 10
90.67290
 20
40.14800
 42
1.0
  0
VERTEX
 5
18C8
  8
2DLINES_1
 10
90.74910
 20
40.14800
 42
1.0
  0
SEQEND
  8
2DLINES_1
  0
POLYLINE
 5
18C9
  8
2DLINES_1
 66
1
 70
1
 40
0.076200
 41
0.076200
  0
VERTEX
 5
18CA
  8
2DLINES_1
 10
90.67290
 20
38.84800
 42
1.0
  0
VERTEX
 5
18CB
  8
2DLINES_1
 10
90.74910
 20
38.84800
 42
1.0
  0
SEQEND
  8
2DLINES_1
  0
POLYLINE
 5
18CC
  8
PLACEMENT_OUTLINE_TOP
 66
1
 40
0.025400
 41
0.025400
  0
VERTEX
 5
18CD
  8
PLACEMENT_OUTLINE_TOP
 10
92.31100
 20
40.24800
  0
VERTEX
 5
18CE
  8
PLACEMENT_OUTLINE_TOP
 10
92.31100
 20
38.74800
  0
SEQEND
  8
PLACEMENT_OUTLINE_TOP
  0
POLYLINE
 5
18CF
  8
PLACEMENT_OUTLINE_TOP
 66
1
 70
1
 40
0.012700
 41
0.012700
  0
VERTEX
 5
18D0
  8
PLACEMENT_OUTLINE_TOP
 10
92.30465
 20
40.24800
 42
1.0
  0
VERTEX
 5
18D1
  8
PLACEMENT_OUTLINE_TOP
 10
92.31735
 20
40.24800
 42
1.0
  0
SEQEND
  8
PLACEMENT_OUTLINE_TOP
  0
POLYLINE
 5
18D2
  8
PLACEMENT_OUTLINE_TOP
 66
1
 70
1
 40
0.012700
 41
0.012700
  0
VERTEX
 5
18D3
  8
PLACEMENT_OUTLINE_TOP
 10
92.30465
 20
38.74800
 42
1.0
  0
VERTEX
 5
18D4
  8
PLACEMENT_OUTLINE_TOP
 10
92.31735
 20
38.74800
 42
1.0
  0
SEQEND
  8
PLACEMENT_OUTLINE_TOP
  0
POLYLINE
 5
18D5
  8
PLACEMENT_OUTLINE_TOP
 66
1
 40
0.025400
 41
0.025400
  0
VERTEX
 5
18D6
  8
PLACEMENT_OUTLINE_TOP
 10
92.31100
 20
38.74800
  0
VERTEX
 5
18D7
  8
PLACEMENT_OUTLINE_TOP
 10
89.11100
 20
38.74800
  0
SEQEND
  8
PLACEMENT_OUTLINE_TOP
  0
POLYLINE
 5
18D8
  8
PLACEMENT_OUTLINE_TOP
 66
1
 70
1
 40
0.012700
 41
0.012700
  0
VERTEX
 5
18D9
  8
PLACEMENT_OUTLINE_TOP
 10
92.30465
 20
38.74800
 42
1.0
  0
VERTEX
 5
18DA
  8
PLACEMENT_OUTLINE_TOP
 10
92.31735
 20
38.74800
 42
1.0
  0
SEQEND
  8
PLACEMENT_OUTLINE_TOP
  0
POLYLINE
 5
18DB
  8
PLACEMENT_OUTLINE_TOP
 66
1
 70
1
 40
0.012700
 41
0.012700
  0
VERTEX
 5
18DC
  8
PLACEMENT_OUTLINE_TOP
 10
89.10465
 20
38.74800
 42
1.0
  0
VERTEX
 5
18DD
  8
PLACEMENT_OUTLINE_TOP
 10
89.11735
 20
38.74800
 42
1.0
  0
SEQEND
  8
PLACEMENT_OUTLINE_TOP
  0
POLYLINE
 5
18DE
  8
PLACEMENT_OUTLINE_TOP
 66
1
 40
0.025400
 41
0.025400
  0
VERTEX
 5
18DF
  8
PLACEMENT_OUTLINE_TOP
 10
89.11100
 20
38.74800
  0
VERTEX
 5
18E0
  8
PLACEMENT_OUTLINE_TOP
 10
89.11100
 20
40.24800
  0
SEQEND
  8
PLACEMENT_OUTLINE_TOP
  0
POLYLINE
 5
18E1
  8
PLACEMENT_OUTLINE_TOP
 66
1
 70
1
 40
0.012700
 41
0.012700
  0
VERTEX
 5
18E2
  8
PLACEMENT_OUTLINE_TOP
 10
89.10465
 20
38.74800
 42
1.0
  0
VERTEX
 5
18E3
  8
PLACEMENT_OUTLINE_TOP
 10
89.11735
 20
38.74800
 42
1.0
  0
SEQEND
  8
PLACEMENT_OUTLINE_TOP
  0
POLYLINE
 5
18E4
  8
PLACEMENT_OUTLINE_TOP
 66
1
 70
1
 40
0.012700
 41
0.012700
  0
VERTEX
 5
18E5
  8
PLACEMENT_OUTLINE_TOP
 10
89.10465
 20
40.24800
 42
1.0
  0
VERTEX
 5
18E6
  8
PLACEMENT_OUTLINE_TOP
 10
89.11735
 20
40.24800
 42
1.0
  0
SEQEND
  8
PLACEMENT_OUTLINE_TOP
  0
POLYLINE
 5
18E7
  8
PLACEMENT_OUTLINE_TOP
 66
1
 40
0.025400
 41
0.025400
  0
VERTEX
 5
18E8
  8
PLACEMENT_OUTLINE_TOP
 10
89.11100
 20
40.24800
  0
VERTEX
 5
18E9
  8
PLACEMENT_OUTLINE_TOP
 10
92.31100
 20
40.24800
  0
SEQEND
  8
PLACEMENT_OUTLINE_TOP
  0
POLYLINE
 5
18EA
  8
PLACEMENT_OUTLINE_TOP
 66
1
 70
1
 40
0.012700
 41
0.012700
  0
VERTEX
 5
18EB
  8
PLACEMENT_OUTLINE_TOP
 10
89.10465
 20
40.24800
 42
1.0
  0
VERTEX
 5
18EC
  8
PLACEMENT_OUTLINE_TOP
 10
89.11735
 20
40.24800
 42
1.0
  0
SEQEND
  8
PLACEMENT_OUTLINE_TOP
  0
POLYLINE
 5
18ED
  8
PLACEMENT_OUTLINE_TOP
 66
1
 70
1
 40
0.012700
 41
0.012700
  0
VERTEX
 5
18EE
  8
PLACEMENT_OUTLINE_TOP
 10
92.30465
 20
40.24800
 42
1.0
  0
VERTEX
 5
18EF
  8
PLACEMENT_OUTLINE_TOP
 10
92.31735
 20
40.24800
 42
1.0
  0
SEQEND
  8
PLACEMENT_OUTLINE_TOP
  0
SOLID
 5
18F0
  8
PADLAYER_TOP
 10
91.01100
 20
40.24800
 11
91.01100
 21
38.74800
 12
92.31100
 22
40.24800
 13
92.31100
 23
38.74800
  0
SOLID
 5
18F1
  8
PADLAYER_TOP
 10
89.11100
 20
40.24800
 11
89.11100
 21
38.74800
 12
90.41100
 22
40.24800
 13
90.41100
 23
38.74800
  0
POLYLINE
 5
18F2
  8
Top
 66
1
 40
0.000000
 41
0.000000
  0
VERTEX
 5
18F3
  8
Top
 10
43.47000
 20
46.47000
 42
1.000000
  0
VERTEX
 5
18F4
  8
Top
 10
46.07000
 20
46.47000
 42
1.000000
  0
VERTEX
 5
18F5
  8
Top
 10
43.47000
 20
46.47000
  0
SEQEND
  8
Top
  0
POLYLINE
 5
18F6
  8
Bottom
 66
1
 40
0.000000
 41
0.000000
  0
VERTEX
 5
18F7
  8
Bottom
 10
43.47000
 20
46.47000
 42
1.000000
  0
VERTEX
 5
18F8
  8
Bottom
 10
46.07000
 20
46.47000
 42
1.000000
  0
VERTEX
 5
18F9
  8
Bottom
 10
43.47000
 20
46.47000
  0
SEQEND
  8
Bottom
  0
POLYLINE
 5
18FA
  8
PLACEMENT_OUTLINE_TOP
 66
1
 40
0.025400
 41
0.025400
  0
VERTEX
 5
18FB
  8
PLACEMENT_OUTLINE_TOP
 10
43.67000
 20
45.37000
  0
VERTEX
 5
18FC
  8
PLACEMENT_OUTLINE_TOP
 10
43.67000
 20
47.57000
  0
SEQEND
  8
PLACEMENT_OUTLINE_TOP
  0
POLYLINE
 5
18FD
  8
PLACEMENT_OUTLINE_TOP
 66
1
 70
1
 40
0.012700
 41
0.012700
  0
VERTEX
 5
18FE
  8
PLACEMENT_OUTLINE_TOP
 10
43.66365
 20
45.37000
 42
1.0
  0
VERTEX
 5
18FF
  8
PLACEMENT_OUTLINE_TOP
 10
43.67635
 20
45.37000
 42
1.0
  0
SEQEND
  8
PLACEMENT_OUTLINE_TOP
  0
POLYLINE
 5
1900
  8
PLACEMENT_OUTLINE_TOP
 66
1
 70
1
 40
0.012700
 41
0.012700
  0
VERTEX
 5
1901
  8
PLACEMENT_OUTLINE_TOP
 10
43.66365
 20
47.57000
 42
1.0
  0
VERTEX
 5
1902
  8
PLACEMENT_OUTLINE_TOP
 10
43.67635
 20
47.57000
 42
1.0
  0
SEQEND
  8
PLACEMENT_OUTLINE_TOP
  0
POLYLINE
 5
1903
  8
PLACEMENT_OUTLINE_TOP
 66
1
 40
0.025400
 41
0.025400
  0
VERTEX
 5
1904
  8
PLACEMENT_OUTLINE_TOP
 10
43.67000
 20
47.57000
  0
VERTEX
 5
1905
  8
PLACEMENT_OUTLINE_TOP
 10
45.87000
 20
47.57000
  0
SEQEND
  8
PLACEMENT_OUTLINE_TOP
  0
POLYLINE
 5
1906
  8
PLACEMENT_OUTLINE_TOP
 66
1
 70
1
 40
0.012700
 41
0.012700
  0
VERTEX
 5
1907
  8
PLACEMENT_OUTLINE_TOP
 10
43.66365
 20
47.57000
 42
1.0
  0
VERTEX
 5
1908
  8
PLACEMENT_OUTLINE_TOP
 10
43.67635
 20
47.57000
 42
1.0
  0
SEQEND
  8
PLACEMENT_OUTLINE_TOP
  0
POLYLINE
 5
1909
  8
PLACEMENT_OUTLINE_TOP
 66
1
 70
1
 40
0.012700
 41
0.012700
  0
VERTEX
 5
190A
  8
PLACEMENT_OUTLINE_TOP
 10
45.86365
 20
47.57000
 42
1.0
  0
VERTEX
 5
190B
  8
PLACEMENT_OUTLINE_TOP
 10
45.87635
 20
47.57000
 42
1.0
  0
SEQEND
  8
PLACEMENT_OUTLINE_TOP
  0
POLYLINE
 5
190C
  8
PLACEMENT_OUTLINE_TOP
 66
1
 40
0.025400
 41
0.025400
  0
VERTEX
 5
190D
  8
PLACEMENT_OUTLINE_TOP
 10
45.87000
 20
47.57000
  0
VERTEX
 5
190E
  8
PLACEMENT_OUTLINE_TOP
 10
45.87000
 20
45.37000
  0
SEQEND
  8
PLACEMENT_OUTLINE_TOP
  0
POLYLINE
 5
190F
  8
PLACEMENT_OUTLINE_TOP
 66
1
 70
1
 40
0.012700
 41
0.012700
  0
VERTEX
 5
1910
  8
PLACEMENT_OUTLINE_TOP
 10
45.86365
 20
47.57000
 42
1.0
  0
VERTEX
 5
1911
  8
PLACEMENT_OUTLINE_TOP
 10
45.87635
 20
47.57000
 42
1.0
  0
SEQEND
  8
PLACEMENT_OUTLINE_TOP
  0
POLYLINE
 5
1912
  8
PLACEMENT_OUTLINE_TOP
 66
1
 70
1
 40
0.012700
 41
0.012700
  0
VERTEX
 5
1913
  8
PLACEMENT_OUTLINE_TOP
 10
45.86365
 20
45.37000
 42
1.0
  0
VERTEX
 5
1914
  8
PLACEMENT_OUTLINE_TOP
 10
45.87635
 20
45.37000
 42
1.0
  0
SEQEND
  8
PLACEMENT_OUTLINE_TOP
  0
POLYLINE
 5
1915
  8
PLACEMENT_OUTLINE_TOP
 66
1
 40
0.025400
 41
0.025400
  0
VERTEX
 5
1916
  8
PLACEMENT_OUTLINE_TOP
 10
45.87000
 20
45.37000
  0
VERTEX
 5
1917
  8
PLACEMENT_OUTLINE_TOP
 10
43.67000
 20
45.37000
  0
SEQEND
  8
PLACEMENT_OUTLINE_TOP
  0
POLYLINE
 5
1918
  8
PLACEMENT_OUTLINE_TOP
 66
1
 70
1
 40
0.012700
 41
0.012700
  0
VERTEX
 5
1919
  8
PLACEMENT_OUTLINE_TOP
 10
45.86365
 20
45.37000
 42
1.0
  0
VERTEX
 5
191A
  8
PLACEMENT_OUTLINE_TOP
 10
45.87635
 20
45.37000
 42
1.0
  0
SEQEND
  8
PLACEMENT_OUTLINE_TOP
  0
POLYLINE
 5
191B
  8
PLACEMENT_OUTLINE_TOP
 66
1
 70
1
 40
0.012700
 41
0.012700
  0
VERTEX
 5
191C
  8
PLACEMENT_OUTLINE_TOP
 10
43.66365
 20
45.37000
 42
1.0
  0
VERTEX
 5
191D
  8
PLACEMENT_OUTLINE_TOP
 10
43.67635
 20
45.37000
 42
1.0
  0
SEQEND
  8
PLACEMENT_OUTLINE_TOP
  0
POLYLINE
 5
191E
  8
PADLAYER_TOP
 66
1
 70
1
 40
1.100000
 41
1.100000
  0
VERTEX
 5
191F
  8
PADLAYER_TOP
 10
44.22000
 20
46.47000
 42
1.0
  0
VERTEX
 5
1920
  8
PADLAYER_TOP
 10
45.32000
 20
46.47000
 42
1.0
  0
SEQEND
  8
PADLAYER_TOP
  0
POLYLINE
 5
1921
  8
PADLAYER_BOTTOM
 66
1
 70
1
 40
0.550000
 41
0.550000
  0
VERTEX
 5
1922
  8
PADLAYER_BOTTOM
 10
44.49500
 20
46.47000
 42
1.0
  0
VERTEX
 5
1923
  8
PADLAYER_BOTTOM
 10
45.04500
 20
46.47000
 42
1.0
  0
SEQEND
  8
PADLAYER_BOTTOM
  0
POLYLINE
 5
1924
  8
TOOL_TOP
 66
1
 40
0.025400
 41
0.025400
  0
VERTEX
 5
1925
  8
TOOL_TOP
 10
44.32000
 20
46.47000
 42
1.000000
  0
VERTEX
 5
1926
  8
TOOL_TOP
 10
45.22000
 20
46.47000
 42
1.000000
  0
VERTEX
 5
1927
  8
TOOL_TOP
 10
44.32000
 20
46.47000
  0
SEQEND
  8
TOOL_TOP
  0
TEXT
  8
TOOLCODE_TOP
 10
44.29750
 20
46.24500
 40
0.450000
  1
T00
  0
POLYLINE
 5
1928
  8
Top
 66
1
 40
0.000000
 41
0.000000
  0
VERTEX
 5
1929
  8
Top
 10
40.93000
 20
51.55000
 42
1.000000
  0
VERTEX
 5
192A
  8
Top
 10
43.53000
 20
51.55000
 42
1.000000
  0
VERTEX
 5
192B
  8
Top
 10
40.93000
 20
51.55000
  0
SEQEND
  8
Top
  0
POLYLINE
 5
192C
  8
Bottom
 66
1
 40
0.000000
 41
0.000000
  0
VERTEX
 5
192D
  8
Bottom
 10
40.93000
 20
51.55000
 42
1.000000
  0
VERTEX
 5
192E
  8
Bottom
 10
43.53000
 20
51.55000
 42
1.000000
  0
VERTEX
 5
192F
  8
Bottom
 10
40.93000
 20
51.55000
  0
SEQEND
  8
Bottom
  0
POLYLINE
 5
1930
  8
PLACEMENT_OUTLINE_TOP
 66
1
 40
0.025400
 41
0.025400
  0
VERTEX
 5
1931
  8
PLACEMENT_OUTLINE_TOP
 10
41.13000
 20
50.45000
  0
VERTEX
 5
1932
  8
PLACEMENT_OUTLINE_TOP
 10
41.13000
 20
52.65000
  0
SEQEND
  8
PLACEMENT_OUTLINE_TOP
  0
POLYLINE
 5
1933
  8
PLACEMENT_OUTLINE_TOP
 66
1
 70
1
 40
0.012700
 41
0.012700
  0
VERTEX
 5
1934
  8
PLACEMENT_OUTLINE_TOP
 10
41.12365
 20
50.45000
 42
1.0
  0
VERTEX
 5
1935
  8
PLACEMENT_OUTLINE_TOP
 10
41.13635
 20
50.45000
 42
1.0
  0
SEQEND
  8
PLACEMENT_OUTLINE_TOP
  0
POLYLINE
 5
1936
  8
PLACEMENT_OUTLINE_TOP
 66
1
 70
1
 40
0.012700
 41
0.012700
  0
VERTEX
 5
1937
  8
PLACEMENT_OUTLINE_TOP
 10
41.12365
 20
52.65000
 42
1.0
  0
VERTEX
 5
1938
  8
PLACEMENT_OUTLINE_TOP
 10
41.13635
 20
52.65000
 42
1.0
  0
SEQEND
  8
PLACEMENT_OUTLINE_TOP
  0
POLYLINE
 5
1939
  8
PLACEMENT_OUTLINE_TOP
 66
1
 40
0.025400
 41
0.025400
  0
VERTEX
 5
193A
  8
PLACEMENT_OUTLINE_TOP
 10
41.13000
 20
52.65000
  0
VERTEX
 5
193B
  8
PLACEMENT_OUTLINE_TOP
 10
43.33000
 20
52.65000
  0
SEQEND
  8
PLACEMENT_OUTLINE_TOP
  0
POLYLINE
 5
193C
  8
PLACEMENT_OUTLINE_TOP
 66
1
 70
1
 40
0.012700
 41
0.012700
  0
VERTEX
 5
193D
  8
PLACEMENT_OUTLINE_TOP
 10
41.12365
 20
52.65000
 42
1.0
  0
VERTEX
 5
193E
  8
PLACEMENT_OUTLINE_TOP
 10
41.13635
 20
52.65000
 42
1.0
  0
SEQEND
  8
PLACEMENT_OUTLINE_TOP
  0
POLYLINE
 5
193F
  8
PLACEMENT_OUTLINE_TOP
 66
1
 70
1
 40
0.012700
 41
0.012700
  0
VERTEX
 5
1940
  8
PLACEMENT_OUTLINE_TOP
 10
43.32365
 20
52.65000
 42
1.0
  0
VERTEX
 5
1941
  8
PLACEMENT_OUTLINE_TOP
 10
43.33635
 20
52.65000
 42
1.0
  0
SEQEND
  8
PLACEMENT_OUTLINE_TOP
  0
POLYLINE
 5
1942
  8
PLACEMENT_OUTLINE_TOP
 66
1
 40
0.025400
 41
0.025400
  0
VERTEX
 5
1943
  8
PLACEMENT_OUTLINE_TOP
 10
43.33000
 20
52.65000
  0
VERTEX
 5
1944
  8
PLACEMENT_OUTLINE_TOP
 10
43.33000
 20
50.45000
  0
SEQEND
  8
PLACEMENT_OUTLINE_TOP
  0
POLYLINE
 5
1945
  8
PLACEMENT_OUTLINE_TOP
 66
1
 70
1
 40
0.012700
 41
0.012700
  0
VERTEX
 5
1946
  8
PLACEMENT_OUTLINE_TOP
 10
43.32365
 20
52.65000
 42
1.0
  0
VERTEX
 5
1947
  8
PLACEMENT_OUTLINE_TOP
 10
43.33635
 20
52.65000
 42
1.0
  0
SEQEND
  8
PLACEMENT_OUTLINE_TOP
  0
POLYLINE
 5
1948
  8
PLACEMENT_OUTLINE_TOP
 66
1
 70
1
 40
0.012700
 41
0.012700
  0
VERTEX
 5
1949
  8
PLACEMENT_OUTLINE_TOP
 10
43.32365
 20
50.45000
 42
1.0
  0
VERTEX
 5
194A
  8
PLACEMENT_OUTLINE_TOP
 10
43.33635
 20
50.45000
 42
1.0
  0
SEQEND
  8
PLACEMENT_OUTLINE_TOP
  0
POLYLINE
 5
194B
  8
PLACEMENT_OUTLINE_TOP
 66
1
 40
0.025400
 41
0.025400
  0
VERTEX
 5
194C
  8
PLACEMENT_OUTLINE_TOP
 10
43.33000
 20
50.45000
  0
VERTEX
 5
194D
  8
PLACEMENT_OUTLINE_TOP
 10
41.13000
 20
50.45000
  0
SEQEND
  8
PLACEMENT_OUTLINE_TOP
  0
POLYLINE
 5
194E
  8
PLACEMENT_OUTLINE_TOP
 66
1
 70
1
 40
0.012700
 41
0.012700
  0
VERTEX
 5
194F
  8
PLACEMENT_OUTLINE_TOP
 10
43.32365
 20
50.45000
 42
1.0
  0
VERTEX
 5
1950
  8
PLACEMENT_OUTLINE_TOP
 10
43.33635
 20
50.45000
 42
1.0
  0
SEQEND
  8
PLACEMENT_OUTLINE_TOP
  0
POLYLINE
 5
1951
  8
PLACEMENT_OUTLINE_TOP
 66
1
 70
1
 40
0.012700
 41
0.012700
  0
VERTEX
 5
1952
  8
PLACEMENT_OUTLINE_TOP
 10
41.12365
 20
50.45000
 42
1.0
  0
VERTEX
 5
1953
  8
PLACEMENT_OUTLINE_TOP
 10
41.13635
 20
50.45000
 42
1.0
  0
SEQEND
  8
PLACEMENT_OUTLINE_TOP
  0
POLYLINE
 5
1954
  8
PADLAYER_TOP
 66
1
 70
1
 40
1.100000
 41
1.100000
  0
VERTEX
 5
1955
  8
PADLAYER_TOP
 10
41.68000
 20
51.55000
 42
1.0
  0
VERTEX
 5
1956
  8
PADLAYER_TOP
 10
42.78000
 20
51.55000
 42
1.0
  0
SEQEND
  8
PADLAYER_TOP
  0
POLYLINE
 5
1957
  8
PADLAYER_BOTTOM
 66
1
 70
1
 40
0.550000
 41
0.550000
  0
VERTEX
 5
1958
  8
PADLAYER_BOTTOM
 10
41.95500
 20
51.55000
 42
1.0
  0
VERTEX
 5
1959
  8
PADLAYER_BOTTOM
 10
42.50500
 20
51.55000
 42
1.0
  0
SEQEND
  8
PADLAYER_BOTTOM
  0
POLYLINE
 5
195A
  8
TOOL_TOP
 66
1
 40
0.025400
 41
0.025400
  0
VERTEX
 5
195B
  8
TOOL_TOP
 10
41.78000
 20
51.55000
 42
1.000000
  0
VERTEX
 5
195C
  8
TOOL_TOP
 10
42.68000
 20
51.55000
 42
1.000000
  0
VERTEX
 5
195D
  8
TOOL_TOP
 10
41.78000
 20
51.55000
  0
SEQEND
  8
TOOL_TOP
  0
TEXT
  8
TOOLCODE_TOP
 10
41.75750
 20
51.32500
 40
0.450000
  1
T00
  0
POLYLINE
 5
195E
  8
Top
 66
1
 40
0.000000
 41
0.000000
  0
VERTEX
 5
195F
  8
Top
 10
43.47000
 20
38.85000
 42
1.000000
  0
VERTEX
 5
1960
  8
Top
 10
46.07000
 20
38.85000
 42
1.000000
  0
VERTEX
 5
1961
  8
Top
 10
43.47000
 20
38.85000
  0
SEQEND
  8
Top
  0
POLYLINE
 5
1962
  8
Bottom
 66
1
 40
0.000000
 41
0.000000
  0
VERTEX
 5
1963
  8
Bottom
 10
43.47000
 20
38.85000
 42
1.000000
  0
VERTEX
 5
1964
  8
Bottom
 10
46.07000
 20
38.85000
 42
1.000000
  0
VERTEX
 5
1965
  8
Bottom
 10
43.47000
 20
38.85000
  0
SEQEND
  8
Bottom
  0
POLYLINE
 5
1966
  8
PLACEMENT_OUTLINE_TOP
 66
1
 40
0.025400
 41
0.025400
  0
VERTEX
 5
1967
  8
PLACEMENT_OUTLINE_TOP
 10
43.67000
 20
37.75000
  0
VERTEX
 5
1968
  8
PLACEMENT_OUTLINE_TOP
 10
43.67000
 20
39.95000
  0
SEQEND
  8
PLACEMENT_OUTLINE_TOP
  0
POLYLINE
 5
1969
  8
PLACEMENT_OUTLINE_TOP
 66
1
 70
1
 40
0.012700
 41
0.012700
  0
VERTEX
 5
196A
  8
PLACEMENT_OUTLINE_TOP
 10
43.66365
 20
37.75000
 42
1.0
  0
VERTEX
 5
196B
  8
PLACEMENT_OUTLINE_TOP
 10
43.67635
 20
37.75000
 42
1.0
  0
SEQEND
  8
PLACEMENT_OUTLINE_TOP
  0
POLYLINE
 5
196C
  8
PLACEMENT_OUTLINE_TOP
 66
1
 70
1
 40
0.012700
 41
0.012700
  0
VERTEX
 5
196D
  8
PLACEMENT_OUTLINE_TOP
 10
43.66365
 20
39.95000
 42
1.0
  0
VERTEX
 5
196E
  8
PLACEMENT_OUTLINE_TOP
 10
43.67635
 20
39.95000
 42
1.0
  0
SEQEND
  8
PLACEMENT_OUTLINE_TOP
  0
POLYLINE
 5
196F
  8
PLACEMENT_OUTLINE_TOP
 66
1
 40
0.025400
 41
0.025400
  0
VERTEX
 5
1970
  8
PLACEMENT_OUTLINE_TOP
 10
43.67000
 20
39.95000
  0
VERTEX
 5
1971
  8
PLACEMENT_OUTLINE_TOP
 10
45.87000
 20
39.95000
  0
SEQEND
  8
PLACEMENT_OUTLINE_TOP
  0
POLYLINE
 5
1972
  8
PLACEMENT_OUTLINE_TOP
 66
1
 70
1
 40
0.012700
 41
0.012700
  0
VERTEX
 5
1973
  8
PLACEMENT_OUTLINE_TOP
 10
43.66365
 20
39.95000
 42
1.0
  0
VERTEX
 5
1974
  8
PLACEMENT_OUTLINE_TOP
 10
43.67635
 20
39.95000
 42
1.0
  0
SEQEND
  8
PLACEMENT_OUTLINE_TOP
  0
POLYLINE
 5
1975
  8
PLACEMENT_OUTLINE_TOP
 66
1
 70
1
 40
0.012700
 41
0.012700
  0
VERTEX
 5
1976
  8
PLACEMENT_OUTLINE_TOP
 10
45.86365
 20
39.95000
 42
1.0
  0
VERTEX
 5
1977
  8
PLACEMENT_OUTLINE_TOP
 10
45.87635
 20
39.95000
 42
1.0
  0
SEQEND
  8
PLACEMENT_OUTLINE_TOP
  0
POLYLINE
 5
1978
  8
PLACEMENT_OUTLINE_TOP
 66
1
 40
0.025400
 41
0.025400
  0
VERTEX
 5
1979
  8
PLACEMENT_OUTLINE_TOP
 10
45.87000
 20
39.95000
  0
VERTEX
 5
197A
  8
PLACEMENT_OUTLINE_TOP
 10
45.87000
 20
37.75000
  0
SEQEND
  8
PLACEMENT_OUTLINE_TOP
  0
POLYLINE
 5
197B
  8
PLACEMENT_OUTLINE_TOP
 66
1
 70
1
 40
0.012700
 41
0.012700
  0
VERTEX
 5
197C
  8
PLACEMENT_OUTLINE_TOP
 10
45.86365
 20
39.95000
 42
1.0
  0
VERTEX
 5
197D
  8
PLACEMENT_OUTLINE_TOP
 10
45.87635
 20
39.95000
 42
1.0
  0
SEQEND
  8
PLACEMENT_OUTLINE_TOP
  0
POLYLINE
 5
197E
  8
PLACEMENT_OUTLINE_TOP
 66
1
 70
1
 40
0.012700
 41
0.012700
  0
VERTEX
 5
197F
  8
PLACEMENT_OUTLINE_TOP
 10
45.86365
 20
37.75000
 42
1.0
  0
VERTEX
 5
1980
  8
PLACEMENT_OUTLINE_TOP
 10
45.87635
 20
37.75000
 42
1.0
  0
SEQEND
  8
PLACEMENT_OUTLINE_TOP
  0
POLYLINE
 5
1981
  8
PLACEMENT_OUTLINE_TOP
 66
1
 40
0.025400
 41
0.025400
  0
VERTEX
 5
1982
  8
PLACEMENT_OUTLINE_TOP
 10
45.87000
 20
37.75000
  0
VERTEX
 5
1983
  8
PLACEMENT_OUTLINE_TOP
 10
43.67000
 20
37.75000
  0
SEQEND
  8
PLACEMENT_OUTLINE_TOP
  0
POLYLINE
 5
1984
  8
PLACEMENT_OUTLINE_TOP
 66
1
 70
1
 40
0.012700
 41
0.012700
  0
VERTEX
 5
1985
  8
PLACEMENT_OUTLINE_TOP
 10
45.86365
 20
37.75000
 42
1.0
  0
VERTEX
 5
1986
  8
PLACEMENT_OUTLINE_TOP
 10
45.87635
 20
37.75000
 42
1.0
  0
SEQEND
  8
PLACEMENT_OUTLINE_TOP
  0
POLYLINE
 5
1987
  8
PLACEMENT_OUTLINE_TOP
 66
1
 70
1
 40
0.012700
 41
0.012700
  0
VERTEX
 5
1988
  8
PLACEMENT_OUTLINE_TOP
 10
43.66365
 20
37.75000
 42
1.0
  0
VERTEX
 5
1989
  8
PLACEMENT_OUTLINE_TOP
 10
43.67635
 20
37.75000
 42
1.0
  0
SEQEND
  8
PLACEMENT_OUTLINE_TOP
  0
POLYLINE
 5
198A
  8
PADLAYER_TOP
 66
1
 70
1
 40
1.100000
 41
1.100000
  0
VERTEX
 5
198B
  8
PADLAYER_TOP
 10
44.22000
 20
38.85000
 42
1.0
  0
VERTEX
 5
198C
  8
PADLAYER_TOP
 10
45.32000
 20
38.85000
 42
1.0
  0
SEQEND
  8
PADLAYER_TOP
  0
POLYLINE
 5
198D
  8
PADLAYER_BOTTOM
 66
1
 70
1
 40
0.550000
 41
0.550000
  0
VERTEX
 5
198E
  8
PADLAYER_BOTTOM
 10
44.49500
 20
38.85000
 42
1.0
  0
VERTEX
 5
198F
  8
PADLAYER_BOTTOM
 10
45.04500
 20
38.85000
 42
1.0
  0
SEQEND
  8
PADLAYER_BOTTOM
  0
POLYLINE
 5
1990
  8
TOOL_TOP
 66
1
 40
0.025400
 41
0.025400
  0
VERTEX
 5
1991
  8
TOOL_TOP
 10
44.32000
 20
38.85000
 42
1.000000
  0
VERTEX
 5
1992
  8
TOOL_TOP
 10
45.22000
 20
38.85000
 42
1.000000
  0
VERTEX
 5
1993
  8
TOOL_TOP
 10
44.32000
 20
38.85000
  0
SEQEND
  8
TOOL_TOP
  0
TEXT
  8
TOOLCODE_TOP
 10
44.29750
 20
38.62500
 40
0.450000
  1
T00
  0
POLYLINE
 5
1994
  8
2DLINES_2
 66
1
 40
0.200000
 41
0.200000
  0
VERTEX
 5
1995
  8
2DLINES_2
 10
49.05001
 20
7.45001
  0
VERTEX
 5
1996
  8
2DLINES_2
 10
49.04999
 20
84.55001
  0
SEQEND
  8
2DLINES_2
  0
POLYLINE
 5
1997
  8
2DLINES_2
 66
1
 70
1
 40
0.100000
 41
0.100000
  0
VERTEX
 5
1998
  8
2DLINES_2
 10
49.00001
 20
7.45001
 42
1.0
  0
VERTEX
 5
1999
  8
2DLINES_2
 10
49.10001
 20
7.45001
 42
1.0
  0
SEQEND
  8
2DLINES_2
  0
POLYLINE
 5
199A
  8
2DLINES_2
 66
1
 70
1
 40
0.100000
 41
0.100000
  0
VERTEX
 5
199B
  8
2DLINES_2
 10
48.99999
 20
84.55001
 42
1.0
  0
VERTEX
 5
199C
  8
2DLINES_2
 10
49.09999
 20
84.55001
 42
1.0
  0
SEQEND
  8
2DLINES_2
  0
POLYLINE
 5
199D
  8
2DLINES_2
 66
1
 40
0.200000
 41
0.200000
  0
VERTEX
 5
199E
  8
2DLINES_2
 10
49.04999
 20
84.55001
  0
VERTEX
 5
199F
  8
2DLINES_2
 10
9.14999
 20
84.54999
  0
SEQEND
  8
2DLINES_2
  0
POLYLINE
 5
19A0
  8
2DLINES_2
 66
1
 70
1
 40
0.100000
 41
0.100000
  0
VERTEX
 5
19A1
  8
2DLINES_2
 10
48.99999
 20
84.55001
 42
1.0
  0
VERTEX
 5
19A2
  8
2DLINES_2
 10
49.09999
 20
84.55001
 42
1.0
  0
SEQEND
  8
2DLINES_2
  0
POLYLINE
 5
19A3
  8
2DLINES_2
 66
1
 70
1
 40
0.100000
 41
0.100000
  0
VERTEX
 5
19A4
  8
2DLINES_2
 10
9.09999
 20
84.54999
 42
1.0
  0
VERTEX
 5
19A5
  8
2DLINES_2
 10
9.19999
 20
84.54999
 42
1.0
  0
SEQEND
  8
2DLINES_2
  0
POLYLINE
 5
19A6
  8
2DLINES_2
 66
1
 40
0.200000
 41
0.200000
  0
VERTEX
 5
19A7
  8
2DLINES_2
 10
9.14999
 20
84.54999
  0
VERTEX
 5
19A8
  8
2DLINES_2
 10
9.15001
 20
7.44999
  0
SEQEND
  8
2DLINES_2
  0
POLYLINE
 5
19A9
  8
2DLINES_2
 66
1
 70
1
 40
0.100000
 41
0.100000
  0
VERTEX
 5
19AA
  8
2DLINES_2
 10
9.09999
 20
84.54999
 42
1.0
  0
VERTEX
 5
19AB
  8
2DLINES_2
 10
9.19999
 20
84.54999
 42
1.0
  0
SEQEND
  8
2DLINES_2
  0
POLYLINE
 5
19AC
  8
2DLINES_2
 66
1
 70
1
 40
0.100000
 41
0.100000
  0
VERTEX
 5
19AD
  8
2DLINES_2
 10
9.10001
 20
7.44999
 42
1.0
  0
VERTEX
 5
19AE
  8
2DLINES_2
 10
9.20001
 20
7.44999
 42
1.0
  0
SEQEND
  8
2DLINES_2
  0
POLYLINE
 5
19AF
  8
2DLINES_2
 66
1
 40
0.200000
 41
0.200000
  0
VERTEX
 5
19B0
  8
2DLINES_2
 10
9.15001
 20
7.44999
  0
VERTEX
 5
19B1
  8
2DLINES_2
 10
49.05001
 20
7.45001
  0
SEQEND
  8
2DLINES_2
  0
POLYLINE
 5
19B2
  8
2DLINES_2
 66
1
 70
1
 40
0.100000
 41
0.100000
  0
VERTEX
 5
19B3
  8
2DLINES_2
 10
9.10001
 20
7.44999
 42
1.0
  0
VERTEX
 5
19B4
  8
2DLINES_2
 10
9.20001
 20
7.44999
 42
1.0
  0
SEQEND
  8
2DLINES_2
  0
POLYLINE
 5
19B5
  8
2DLINES_2
 66
1
 70
1
 40
0.100000
 41
0.100000
  0
VERTEX
 5
19B6
  8
2DLINES_2
 10
49.00001
 20
7.45001
 42
1.0
  0
VERTEX
 5
19B7
  8
2DLINES_2
 10
49.10001
 20
7.45001
 42
1.0
  0
SEQEND
  8
2DLINES_2
  0
POLYLINE
 5
19B8
  8
LAYNR2
 66
1
 40
0.300000
 41
0.300000
  0
VERTEX
 5
19B9
  8
LAYNR2
 10
35.15001
 20
20.50000
 42
1.000000
  0
VERTEX
 5
19BA
  8
LAYNR2
 10
42.15001
 20
20.50000
 42
1.000000
  0
VERTEX
 5
19BB
  8
LAYNR2
 10
35.15001
 20
20.50000
  0
SEQEND
  8
LAYNR2
  0
POLYLINE
 5
19BC
  8
LAYNR2
 66
1
 40
0.300000
 41
0.300000
  0
VERTEX
 5
19BD
  8
LAYNR2
 10
35.14999
 20
71.50000
 42
1.000000
  0
VERTEX
 5
19BE
  8
LAYNR2
 10
42.14999
 20
71.50000
 42
1.000000
  0
VERTEX
 5
19BF
  8
LAYNR2
 10
35.14999
 20
71.50000
  0
SEQEND
  8
LAYNR2
  0
POLYLINE
 5
19C0
  8
LAYNR2
 66
1
 40
0.300000
 41
0.300000
  0
VERTEX
 5
19C1
  8
LAYNR2
 10
15.90991
 20
20.50000
 42
1.000000
  0
VERTEX
 5
19C2
  8
LAYNR2
 10
22.90991
 20
20.50000
 42
1.000000
  0
VERTEX
 5
19C3
  8
LAYNR2
 10
15.90991
 20
20.50000
  0
SEQEND
  8
LAYNR2
  0
POLYLINE
 5
19C4
  8
LAYNR2
 66
1
 40
0.300000
 41
0.300000
  0
VERTEX
 5
19C5
  8
LAYNR2
 10
15.90989
 20
71.50000
 42
1.000000
  0
VERTEX
 5
19C6
  8
LAYNR2
 10
22.90989
 20
71.50000
 42
1.000000
  0
VERTEX
 5
19C7
  8
LAYNR2
 10
15.90989
 20
71.50000
  0
SEQEND
  8
LAYNR2
  0
POLYLINE
 5
19C8
  8
Bottom
 66
1
 40
0.000000
 41
0.000000
  0
VERTEX
 5
19C9
  8
Bottom
 10
35.84999
 20
82.40500
 42
1.000000
  0
VERTEX
 5
19CA
  8
Bottom
 10
41.44999
 20
82.40500
 42
1.000000
  0
VERTEX
 5
19CB
  8
Bottom
 10
35.84999
 20
82.40500
  0
SEQEND
  8
Bottom
  0
POLYLINE
 5
19CC
  8
Top
 66
1
 40
0.000000
 41
0.000000
  0
VERTEX
 5
19CD
  8
Top
 10
35.84999
 20
82.40500
 42
1.000000
  0
VERTEX
 5
19CE
  8
Top
 10
41.44999
 20
82.40500
 42
1.000000
  0
VERTEX
 5
19CF
  8
Top
 10
35.84999
 20
82.40500
  0
SEQEND
  8
Top
  0
POLYLINE
 5
19D0
  8
Bottom
 66
1
 40
0.000000
 41
0.000000
  0
VERTEX
 5
19D1
  8
Bottom
 10
35.85001
 20
9.59500
 42
1.000000
  0
VERTEX
 5
19D2
  8
Bottom
 10
41.45001
 20
9.59500
 42
1.000000
  0
VERTEX
 5
19D3
  8
Bottom
 10
35.85001
 20
9.59500
  0
SEQEND
  8
Bottom
  0
POLYLINE
 5
19D4
  8
Top
 66
1
 40
0.000000
 41
0.000000
  0
VERTEX
 5
19D5
  8
Top
 10
35.85001
 20
9.59500
 42
1.000000
  0
VERTEX
 5
19D6
  8
Top
 10
41.45001
 20
9.59500
 42
1.000000
  0
VERTEX
 5
19D7
  8
Top
 10
35.85001
 20
9.59500
  0
SEQEND
  8
Top
  0
POLYLINE
 5
19D8
  8
Bottom
 66
1
 40
0.000000
 41
0.000000
  0
VERTEX
 5
19D9
  8
Bottom
 10
16.75001
 20
9.59500
 42
1.000000
  0
VERTEX
 5
19DA
  8
Bottom
 10
22.35001
 20
9.59500
 42
1.000000
  0
VERTEX
 5
19DB
  8
Bottom
 10
16.75001
 20
9.59500
  0
SEQEND
  8
Bottom
  0
POLYLINE
 5
19DC
  8
Top
 66
1
 40
0.000000
 41
0.000000
  0
VERTEX
 5
19DD
  8
Top
 10
16.75001
 20
9.59500
 42
1.000000
  0
VERTEX
 5
19DE
  8
Top
 10
22.35001
 20
9.59500
 42
1.000000
  0
VERTEX
 5
19DF
  8
Top
 10
16.75001
 20
9.59500
  0
SEQEND
  8
Top
  0
POLYLINE
 5
19E0
  8
Bottom
 66
1
 40
0.000000
 41
0.000000
  0
VERTEX
 5
19E1
  8
Bottom
 10
16.74999
 20
82.40500
 42
1.000000
  0
VERTEX
 5
19E2
  8
Bottom
 10
22.34999
 20
82.40500
 42
1.000000
  0
VERTEX
 5
19E3
  8
Bottom
 10
16.74999
 20
82.40500
  0
SEQEND
  8
Bottom
  0
POLYLINE
 5
19E4
  8
Top
 66
1
 40
0.000000
 41
0.000000
  0
VERTEX
 5
19E5
  8
Top
 10
16.74999
 20
82.40500
 42
1.000000
  0
VERTEX
 5
19E6
  8
Top
 10
22.34999
 20
82.40500
 42
1.000000
  0
VERTEX
 5
19E7
  8
Top
 10
16.74999
 20
82.40500
  0
SEQEND
  8
Top
  0
POLYLINE
 5
19E8
  8
PLACEMENT_OUTLINE_BOTTOM
 66
1
 40
0.200000
 41
0.200000
  0
VERTEX
 5
19E9
  8
PLACEMENT_OUTLINE_BOTTOM
 10
49.05001
 20
7.45001
  0
VERTEX
 5
19EA
  8
PLACEMENT_OUTLINE_BOTTOM
 10
49.04999
 20
84.55001
  0
SEQEND
  8
PLACEMENT_OUTLINE_BOTTOM
  0
POLYLINE
 5
19EB
  8
PLACEMENT_OUTLINE_BOTTOM
 66
1
 70
1
 40
0.100000
 41
0.100000
  0
VERTEX
 5
19EC
  8
PLACEMENT_OUTLINE_BOTTOM
 10
49.00001
 20
7.45001
 42
1.0
  0
VERTEX
 5
19ED
  8
PLACEMENT_OUTLINE_BOTTOM
 10
49.10001
 20
7.45001
 42
1.0
  0
SEQEND
  8
PLACEMENT_OUTLINE_BOTTOM
  0
POLYLINE
 5
19EE
  8
PLACEMENT_OUTLINE_BOTTOM
 66
1
 70
1
 40
0.100000
 41
0.100000
  0
VERTEX
 5
19EF
  8
PLACEMENT_OUTLINE_BOTTOM
 10
48.99999
 20
84.55001
 42
1.0
  0
VERTEX
 5
19F0
  8
PLACEMENT_OUTLINE_BOTTOM
 10
49.09999
 20
84.55001
 42
1.0
  0
SEQEND
  8
PLACEMENT_OUTLINE_BOTTOM
  0
POLYLINE
 5
19F1
  8
PLACEMENT_OUTLINE_BOTTOM
 66
1
 40
0.200000
 41
0.200000
  0
VERTEX
 5
19F2
  8
PLACEMENT_OUTLINE_BOTTOM
 10
49.04999
 20
84.55001
  0
VERTEX
 5
19F3
  8
PLACEMENT_OUTLINE_BOTTOM
 10
9.14999
 20
84.54999
  0
SEQEND
  8
PLACEMENT_OUTLINE_BOTTOM
  0
POLYLINE
 5
19F4
  8
PLACEMENT_OUTLINE_BOTTOM
 66
1
 70
1
 40
0.100000
 41
0.100000
  0
VERTEX
 5
19F5
  8
PLACEMENT_OUTLINE_BOTTOM
 10
48.99999
 20
84.55001
 42
1.0
  0
VERTEX
 5
19F6
  8
PLACEMENT_OUTLINE_BOTTOM
 10
49.09999
 20
84.55001
 42
1.0
  0
SEQEND
  8
PLACEMENT_OUTLINE_BOTTOM
  0
POLYLINE
 5
19F7
  8
PLACEMENT_OUTLINE_BOTTOM
 66
1
 70
1
 40
0.100000
 41
0.100000
  0
VERTEX
 5
19F8
  8
PLACEMENT_OUTLINE_BOTTOM
 10
9.09999
 20
84.54999
 42
1.0
  0
VERTEX
 5
19F9
  8
PLACEMENT_OUTLINE_BOTTOM
 10
9.19999
 20
84.54999
 42
1.0
  0
SEQEND
  8
PLACEMENT_OUTLINE_BOTTOM
  0
POLYLINE
 5
19FA
  8
PLACEMENT_OUTLINE_BOTTOM
 66
1
 40
0.200000
 41
0.200000
  0
VERTEX
 5
19FB
  8
PLACEMENT_OUTLINE_BOTTOM
 10
9.14999
 20
84.54999
  0
VERTEX
 5
19FC
  8
PLACEMENT_OUTLINE_BOTTOM
 10
9.15001
 20
7.44999
  0
SEQEND
  8
PLACEMENT_OUTLINE_BOTTOM
  0
POLYLINE
 5
19FD
  8
PLACEMENT_OUTLINE_BOTTOM
 66
1
 70
1
 40
0.100000
 41
0.100000
  0
VERTEX
 5
19FE
  8
PLACEMENT_OUTLINE_BOTTOM
 10
9.09999
 20
84.54999
 42
1.0
  0
VERTEX
 5
19FF
  8
PLACEMENT_OUTLINE_BOTTOM
 10
9.19999
 20
84.54999
 42
1.0
  0
SEQEND
  8
PLACEMENT_OUTLINE_BOTTOM
  0
POLYLINE
 5
1A00
  8
PLACEMENT_OUTLINE_BOTTOM
 66
1
 70
1
 40
0.100000
 41
0.100000
  0
VERTEX
 5
1A01
  8
PLACEMENT_OUTLINE_BOTTOM
 10
9.10001
 20
7.44999
 42
1.0
  0
VERTEX
 5
1A02
  8
PLACEMENT_OUTLINE_BOTTOM
 10
9.20001
 20
7.44999
 42
1.0
  0
SEQEND
  8
PLACEMENT_OUTLINE_BOTTOM
  0
POLYLINE
 5
1A03
  8
PLACEMENT_OUTLINE_BOTTOM
 66
1
 40
0.200000
 41
0.200000
  0
VERTEX
 5
1A04
  8
PLACEMENT_OUTLINE_BOTTOM
 10
9.15001
 20
7.44999
  0
VERTEX
 5
1A05
  8
PLACEMENT_OUTLINE_BOTTOM
 10
49.05001
 20
7.45001
  0
SEQEND
  8
PLACEMENT_OUTLINE_BOTTOM
  0
POLYLINE
 5
1A06
  8
PLACEMENT_OUTLINE_BOTTOM
 66
1
 70
1
 40
0.100000
 41
0.100000
  0
VERTEX
 5
1A07
  8
PLACEMENT_OUTLINE_BOTTOM
 10
9.10001
 20
7.44999
 42
1.0
  0
VERTEX
 5
1A08
  8
PLACEMENT_OUTLINE_BOTTOM
 10
9.20001
 20
7.44999
 42
1.0
  0
SEQEND
  8
PLACEMENT_OUTLINE_BOTTOM
  0
POLYLINE
 5
1A09
  8
PLACEMENT_OUTLINE_BOTTOM
 66
1
 70
1
 40
0.100000
 41
0.100000
  0
VERTEX
 5
1A0A
  8
PLACEMENT_OUTLINE_BOTTOM
 10
49.00001
 20
7.45001
 42
1.0
  0
VERTEX
 5
1A0B
  8
PLACEMENT_OUTLINE_BOTTOM
 10
49.10001
 20
7.45001
 42
1.0
  0
SEQEND
  8
PLACEMENT_OUTLINE_BOTTOM
  0
TEXT
  8
LAYNR2
 10
38.36001
 20
17.10000
 40
12.857220
  1
-
 72
 1
 73
 2
 11
38.36001
 21
17.10000
  50
180.000036
 71
2
  0
TEXT
  8
LAYNR2
 10
19.54999
 20
70.20000
 40
9.285769
  1
+
 72
 1
 73
 2
 11
19.54999
 21
70.20000
  50
180.000036
 71
2
  0
TEXT
  8
LAYNR2
 10
19.26001
 20
17.10000
 40
12.857220
  1
-
 72
 1
 73
 2
 11
19.26001
 21
17.10000
  50
180.000036
 71
2
  0
TEXT
  8
LAYNR2
 10
38.64999
 20
70.20000
 40
9.285769
  1
+
 72
 1
 73
 2
 11
38.64999
 21
70.20000
  50
180.000036
 71
2
  0
POLYLINE
 5
1A0C
  8
PADLAYER_BOTTOM
 66
1
 70
1
 40
1.800000
 41
1.800000
  0
VERTEX
 5
1A0D
  8
PADLAYER_BOTTOM
 10
37.75001
 20
9.59500
 42
1.0
  0
VERTEX
 5
1A0E
  8
PADLAYER_BOTTOM
 10
39.55001
 20
9.59500
 42
1.0
  0
SEQEND
  8
PADLAYER_BOTTOM
  0
POLYLINE
 5
1A0F
  8
PADLAYER_TOP
 66
1
 70
1
 40
1.800000
 41
1.800000
  0
VERTEX
 5
1A10
  8
PADLAYER_TOP
 10
37.75001
 20
9.59500
 42
1.0
  0
VERTEX
 5
1A11
  8
PADLAYER_TOP
 10
39.55001
 20
9.59500
 42
1.0
  0
SEQEND
  8
PADLAYER_TOP
  0
POLYLINE
 5
1A12
  8
TOOL_BOT
 66
1
 40
0.200000
 41
0.200000
  0
VERTEX
 5
1A13
  8
TOOL_BOT
 10
37.75001
 20
9.59500
 42
1.000000
  0
VERTEX
 5
1A14
  8
TOOL_BOT
 10
39.55001
 20
9.59500
 42
1.000000
  0
VERTEX
 5
1A15
  8
TOOL_BOT
 10
37.75001
 20
9.59500
  0
SEQEND
  8
TOOL_BOT
  0
TEXT
  8
TOOLCODE_BOT
 10
37.70501
 20
9.14500
 40
0.900000
  1
T00
  0
POLYLINE
 5
1A16
  8
PADLAYER_BOTTOM
 66
1
 70
1
 40
1.800000
 41
1.800000
  0
VERTEX
 5
1A17
  8
PADLAYER_BOTTOM
 10
37.74999
 20
82.40500
 42
1.0
  0
VERTEX
 5
1A18
  8
PADLAYER_BOTTOM
 10
39.54999
 20
82.40500
 42
1.0
  0
SEQEND
  8
PADLAYER_BOTTOM
  0
POLYLINE
 5
1A19
  8
PADLAYER_TOP
 66
1
 70
1
 40
1.800000
 41
1.800000
  0
VERTEX
 5
1A1A
  8
PADLAYER_TOP
 10
37.74999
 20
82.40500
 42
1.0
  0
VERTEX
 5
1A1B
  8
PADLAYER_TOP
 10
39.54999
 20
82.40500
 42
1.0
  0
SEQEND
  8
PADLAYER_TOP
  0
POLYLINE
 5
1A1C
  8
TOOL_BOT
 66
1
 40
0.200000
 41
0.200000
  0
VERTEX
 5
1A1D
  8
TOOL_BOT
 10
37.74999
 20
82.40500
 42
1.000000
  0
VERTEX
 5
1A1E
  8
TOOL_BOT
 10
39.54999
 20
82.40500
 42
1.000000
  0
VERTEX
 5
1A1F
  8
TOOL_BOT
 10
37.74999
 20
82.40500
  0
SEQEND
  8
TOOL_BOT
  0
TEXT
  8
TOOLCODE_BOT
 10
37.70499
 20
81.95500
 40
0.900000
  1
T00
  0
POLYLINE
 5
1A20
  8
PADLAYER_BOTTOM
 66
1
 70
1
 40
1.800000
 41
1.800000
  0
VERTEX
 5
1A21
  8
PADLAYER_BOTTOM
 10
18.65001
 20
9.59500
 42
1.0
  0
VERTEX
 5
1A22
  8
PADLAYER_BOTTOM
 10
20.45001
 20
9.59500
 42
1.0
  0
SEQEND
  8
PADLAYER_BOTTOM
  0
POLYLINE
 5
1A23
  8
PADLAYER_TOP
 66
1
 70
1
 40
1.800000
 41
1.800000
  0
VERTEX
 5
1A24
  8
PADLAYER_TOP
 10
18.65001
 20
9.59500
 42
1.0
  0
VERTEX
 5
1A25
  8
PADLAYER_TOP
 10
20.45001
 20
9.59500
 42
1.0
  0
SEQEND
  8
PADLAYER_TOP
  0
POLYLINE
 5
1A26
  8
TOOL_BOT
 66
1
 40
0.200000
 41
0.200000
  0
VERTEX
 5
1A27
  8
TOOL_BOT
 10
18.65001
 20
9.59500
 42
1.000000
  0
VERTEX
 5
1A28
  8
TOOL_BOT
 10
20.45001
 20
9.59500
 42
1.000000
  0
VERTEX
 5
1A29
  8
TOOL_BOT
 10
18.65001
 20
9.59500
  0
SEQEND
  8
TOOL_BOT
  0
TEXT
  8
TOOLCODE_BOT
 10
18.60501
 20
9.14500
 40
0.900000
  1
T00
  0
POLYLINE
 5
1A2A
  8
PADLAYER_BOTTOM
 66
1
 70
1
 40
1.800000
 41
1.800000
  0
VERTEX
 5
1A2B
  8
PADLAYER_BOTTOM
 10
18.64999
 20
82.40500
 42
1.0
  0
VERTEX
 5
1A2C
  8
PADLAYER_BOTTOM
 10
20.44999
 20
82.40500
 42
1.0
  0
SEQEND
  8
PADLAYER_BOTTOM
  0
POLYLINE
 5
1A2D
  8
PADLAYER_TOP
 66
1
 70
1
 40
1.800000
 41
1.800000
  0
VERTEX
 5
1A2E
  8
PADLAYER_TOP
 10
18.64999
 20
82.40500
 42
1.0
  0
VERTEX
 5
1A2F
  8
PADLAYER_TOP
 10
20.44999
 20
82.40500
 42
1.0
  0
SEQEND
  8
PADLAYER_TOP
  0
POLYLINE
 5
1A30
  8
TOOL_BOT
 66
1
 40
0.200000
 41
0.200000
  0
VERTEX
 5
1A31
  8
TOOL_BOT
 10
18.64999
 20
82.40500
 42
1.000000
  0
VERTEX
 5
1A32
  8
TOOL_BOT
 10
20.44999
 20
82.40500
 42
1.000000
  0
VERTEX
 5
1A33
  8
TOOL_BOT
 10
18.64999
 20
82.40500
  0
SEQEND
  8
TOOL_BOT
  0
TEXT
  8
TOOLCODE_BOT
 10
18.60499
 20
81.95500
 40
0.900000
  1
T00
  0
POLYLINE
 5
1A34
  8
TOOL_BOT
 66
1
 40
0.200000
 41
0.200000
  0
VERTEX
 5
1A35
  8
TOOL_BOT
 10
9.80001
 20
18.39999
 42
1.000000
  0
VERTEX
 5
1A36
  8
TOOL_BOT
 10
13.40001
 20
18.39999
 42
1.000000
  0
VERTEX
 5
1A37
  8
TOOL_BOT
 10
9.80001
 20
18.39999
  0
SEQEND
  8
TOOL_BOT
  0
TEXT
  8
TOOLCODE_BOT
 10
9.71001
 20
17.49999
 40
1.800000
  1
T00
  0
POLYLINE
 5
1A38
  8
TOOL_BOT
 66
1
 40
0.200000
 41
0.200000
  0
VERTEX
 5
1A39
  8
TOOL_BOT
 10
44.79999
 20
73.60001
 42
1.000000
  0
VERTEX
 5
1A3A
  8
TOOL_BOT
 10
48.39999
 20
73.60001
 42
1.000000
  0
VERTEX
 5
1A3B
  8
TOOL_BOT
 10
44.79999
 20
73.60001
  0
SEQEND
  8
TOOL_BOT
  0
TEXT
  8
TOOLCODE_BOT
 10
44.70999
 20
72.70001
 40
1.800000
  1
T00
  0
POLYLINE
 5
1A3C
  8
TOOL_BOT
 66
1
 40
0.200000
 41
0.200000
  0
VERTEX
 5
1A3D
  8
TOOL_BOT
 10
10.50999
 20
81.90000
 42
1.000000
  0
VERTEX
 5
1A3E
  8
TOOL_BOT
 10
12.88999
 20
81.90000
 42
1.000000
  0
VERTEX
 5
1A3F
  8
TOOL_BOT
 10
10.50999
 20
81.90000
  0
SEQEND
  8
TOOL_BOT
  0
TEXT
  8
TOOLCODE_BOT
 10
10.45049
 20
81.30500
 40
1.190000
  1
T00
  0
POLYLINE
 5
1A40
  8
Top
 66
1
 40
0.200000
 41
0.200000
  0
VERTEX
 5
1A41
  8
Top
 10
0.25000
 20
3.50000
 42
1.000000
  0
VERTEX
 5
1A42
  8
Top
 10
6.75000
 20
3.50000
 42
1.000000
  0
VERTEX
 5
1A43
  8
Top
 10
0.25000
 20
3.50000
  0
SEQEND
  8
Top
  0
POLYLINE
 5
1A44
  8
Bottom
 66
1
 40
0.200000
 41
0.200000
  0
VERTEX
 5
1A45
  8
Bottom
 10
0.25000
 20
3.50000
 42
1.000000
  0
VERTEX
 5
1A46
  8
Bottom
 10
6.75000
 20
3.50000
 42
1.000000
  0
VERTEX
 5
1A47
  8
Bottom
 10
0.25000
 20
3.50000
  0
SEQEND
  8
Bottom
  0
POLYLINE
 5
1A48
  8
PLACEMENT_OUTLINE_TOP
 66
1
 40
0.025400
 41
0.025400
  0
VERTEX
 5
1A49
  8
PLACEMENT_OUTLINE_TOP
 10
0.40000
 20
0.40000
  0
VERTEX
 5
1A4A
  8
PLACEMENT_OUTLINE_TOP
 10
0.40000
 20
6.60000
  0
SEQEND
  8
PLACEMENT_OUTLINE_TOP
  0
POLYLINE
 5
1A4B
  8
PLACEMENT_OUTLINE_TOP
 66
1
 70
1
 40
0.012700
 41
0.012700
  0
VERTEX
 5
1A4C
  8
PLACEMENT_OUTLINE_TOP
 10
0.39365
 20
0.40000
 42
1.0
  0
VERTEX
 5
1A4D
  8
PLACEMENT_OUTLINE_TOP
 10
0.40635
 20
0.40000
 42
1.0
  0
SEQEND
  8
PLACEMENT_OUTLINE_TOP
  0
POLYLINE
 5
1A4E
  8
PLACEMENT_OUTLINE_TOP
 66
1
 70
1
 40
0.012700
 41
0.012700
  0
VERTEX
 5
1A4F
  8
PLACEMENT_OUTLINE_TOP
 10
0.39365
 20
6.60000
 42
1.0
  0
VERTEX
 5
1A50
  8
PLACEMENT_OUTLINE_TOP
 10
0.40635
 20
6.60000
 42
1.0
  0
SEQEND
  8
PLACEMENT_OUTLINE_TOP
  0
POLYLINE
 5
1A51
  8
PLACEMENT_OUTLINE_TOP
 66
1
 40
0.025400
 41
0.025400
  0
VERTEX
 5
1A52
  8
PLACEMENT_OUTLINE_TOP
 10
0.40000
 20
6.60000
  0
VERTEX
 5
1A53
  8
PLACEMENT_OUTLINE_TOP
 10
6.60000
 20
6.60000
  0
SEQEND
  8
PLACEMENT_OUTLINE_TOP
  0
POLYLINE
 5
1A54
  8
PLACEMENT_OUTLINE_TOP
 66
1
 70
1
 40
0.012700
 41
0.012700
  0
VERTEX
 5
1A55
  8
PLACEMENT_OUTLINE_TOP
 10
0.39365
 20
6.60000
 42
1.0
  0
VERTEX
 5
1A56
  8
PLACEMENT_OUTLINE_TOP
 10
0.40635
 20
6.60000
 42
1.0
  0
SEQEND
  8
PLACEMENT_OUTLINE_TOP
  0
POLYLINE
 5
1A57
  8
PLACEMENT_OUTLINE_TOP
 66
1
 70
1
 40
0.012700
 41
0.012700
  0
VERTEX
 5
1A58
  8
PLACEMENT_OUTLINE_TOP
 10
6.59365
 20
6.60000
 42
1.0
  0
VERTEX
 5
1A59
  8
PLACEMENT_OUTLINE_TOP
 10
6.60635
 20
6.60000
 42
1.0
  0
SEQEND
  8
PLACEMENT_OUTLINE_TOP
  0
POLYLINE
 5
1A5A
  8
PLACEMENT_OUTLINE_TOP
 66
1
 40
0.025400
 41
0.025400
  0
VERTEX
 5
1A5B
  8
PLACEMENT_OUTLINE_TOP
 10
6.60000
 20
6.60000
  0
VERTEX
 5
1A5C
  8
PLACEMENT_OUTLINE_TOP
 10
6.60000
 20
0.40000
  0
SEQEND
  8
PLACEMENT_OUTLINE_TOP
  0
POLYLINE
 5
1A5D
  8
PLACEMENT_OUTLINE_TOP
 66
1
 70
1
 40
0.012700
 41
0.012700
  0
VERTEX
 5
1A5E
  8
PLACEMENT_OUTLINE_TOP
 10
6.59365
 20
6.60000
 42
1.0
  0
VERTEX
 5
1A5F
  8
PLACEMENT_OUTLINE_TOP
 10
6.60635
 20
6.60000
 42
1.0
  0
SEQEND
  8
PLACEMENT_OUTLINE_TOP
  0
POLYLINE
 5
1A60
  8
PLACEMENT_OUTLINE_TOP
 66
1
 70
1
 40
0.012700
 41
0.012700
  0
VERTEX
 5
1A61
  8
PLACEMENT_OUTLINE_TOP
 10
6.59365
 20
0.40000
 42
1.0
  0
VERTEX
 5
1A62
  8
PLACEMENT_OUTLINE_TOP
 10
6.60635
 20
0.40000
 42
1.0
  0
SEQEND
  8
PLACEMENT_OUTLINE_TOP
  0
POLYLINE
 5
1A63
  8
PLACEMENT_OUTLINE_TOP
 66
1
 40
0.025400
 41
0.025400
  0
VERTEX
 5
1A64
  8
PLACEMENT_OUTLINE_TOP
 10
6.60000
 20
0.40000
  0
VERTEX
 5
1A65
  8
PLACEMENT_OUTLINE_TOP
 10
0.40000
 20
0.40000
  0
SEQEND
  8
PLACEMENT_OUTLINE_TOP
  0
POLYLINE
 5
1A66
  8
PLACEMENT_OUTLINE_TOP
 66
1
 70
1
 40
0.012700
 41
0.012700
  0
VERTEX
 5
1A67
  8
PLACEMENT_OUTLINE_TOP
 10
6.59365
 20
0.40000
 42
1.0
  0
VERTEX
 5
1A68
  8
PLACEMENT_OUTLINE_TOP
 10
6.60635
 20
0.40000
 42
1.0
  0
SEQEND
  8
PLACEMENT_OUTLINE_TOP
  0
POLYLINE
 5
1A69
  8
PLACEMENT_OUTLINE_TOP
 66
1
 70
1
 40
0.012700
 41
0.012700
  0
VERTEX
 5
1A6A
  8
PLACEMENT_OUTLINE_TOP
 10
0.39365
 20
0.40000
 42
1.0
  0
VERTEX
 5
1A6B
  8
PLACEMENT_OUTLINE_TOP
 10
0.40635
 20
0.40000
 42
1.0
  0
SEQEND
  8
PLACEMENT_OUTLINE_TOP
  0
TEXT
  8
LAYNR8
 10
3.10000
 20
4.20000
 40
0.725718
  1
FM
 73
 1
 11
3.10000
 21
4.20000
  0
POLYLINE
 5
1A6C
  8
TOOL_TOP
 66
1
 40
0.025400
 41
0.025400
  0
VERTEX
 5
1A6D
  8
TOOL_TOP
 10
2.15000
 20
3.50000
 42
1.000000
  0
VERTEX
 5
1A6E
  8
TOOL_TOP
 10
4.85000
 20
3.50000
 42
1.000000
  0
VERTEX
 5
1A6F
  8
TOOL_TOP
 10
2.15000
 20
3.50000
  0
SEQEND
  8
TOOL_TOP
  0
TEXT
  8
TOOLCODE_TOP
 10
2.08250
 20
2.82500
 40
1.350000
  1
T00
  0
POLYLINE
 5
1A70
  8
Top
 66
1
 40
0.200000
 41
0.200000
  0
VERTEX
 5
1A71
  8
Top
 10
0.25000
 20
61.50000
 42
1.000000
  0
VERTEX
 5
1A72
  8
Top
 10
6.75000
 20
61.50000
 42
1.000000
  0
VERTEX
 5
1A73
  8
Top
 10
0.25000
 20
61.50000
  0
SEQEND
  8
Top
  0
POLYLINE
 5
1A74
  8
Bottom
 66
1
 40
0.200000
 41
0.200000
  0
VERTEX
 5
1A75
  8
Bottom
 10
0.25000
 20
61.50000
 42
1.000000
  0
VERTEX
 5
1A76
  8
Bottom
 10
6.75000
 20
61.50000
 42
1.000000
  0
VERTEX
 5
1A77
  8
Bottom
 10
0.25000
 20
61.50000
  0
SEQEND
  8
Bottom
  0
POLYLINE
 5
1A78
  8
PLACEMENT_OUTLINE_TOP
 66
1
 40
0.025400
 41
0.025400
  0
VERTEX
 5
1A79
  8
PLACEMENT_OUTLINE_TOP
 10
0.40000
 20
58.40000
  0
VERTEX
 5
1A7A
  8
PLACEMENT_OUTLINE_TOP
 10
0.40000
 20
64.60000
  0
SEQEND
  8
PLACEMENT_OUTLINE_TOP
  0
POLYLINE
 5
1A7B
  8
PLACEMENT_OUTLINE_TOP
 66
1
 70
1
 40
0.012700
 41
0.012700
  0
VERTEX
 5
1A7C
  8
PLACEMENT_OUTLINE_TOP
 10
0.39365
 20
58.40000
 42
1.0
  0
VERTEX
 5
1A7D
  8
PLACEMENT_OUTLINE_TOP
 10
0.40635
 20
58.40000
 42
1.0
  0
SEQEND
  8
PLACEMENT_OUTLINE_TOP
  0
POLYLINE
 5
1A7E
  8
PLACEMENT_OUTLINE_TOP
 66
1
 70
1
 40
0.012700
 41
0.012700
  0
VERTEX
 5
1A7F
  8
PLACEMENT_OUTLINE_TOP
 10
0.39365
 20
64.60000
 42
1.0
  0
VERTEX
 5
1A80
  8
PLACEMENT_OUTLINE_TOP
 10
0.40635
 20
64.60000
 42
1.0
  0
SEQEND
  8
PLACEMENT_OUTLINE_TOP
  0
POLYLINE
 5
1A81
  8
PLACEMENT_OUTLINE_TOP
 66
1
 40
0.025400
 41
0.025400
  0
VERTEX
 5
1A82
  8
PLACEMENT_OUTLINE_TOP
 10
0.40000
 20
64.60000
  0
VERTEX
 5
1A83
  8
PLACEMENT_OUTLINE_TOP
 10
6.60000
 20
64.60000
  0
SEQEND
  8
PLACEMENT_OUTLINE_TOP
  0
POLYLINE
 5
1A84
  8
PLACEMENT_OUTLINE_TOP
 66
1
 70
1
 40
0.012700
 41
0.012700
  0
VERTEX
 5
1A85
  8
PLACEMENT_OUTLINE_TOP
 10
0.39365
 20
64.60000
 42
1.0
  0
VERTEX
 5
1A86
  8
PLACEMENT_OUTLINE_TOP
 10
0.40635
 20
64.60000
 42
1.0
  0
SEQEND
  8
PLACEMENT_OUTLINE_TOP
  0
POLYLINE
 5
1A87
  8
PLACEMENT_OUTLINE_TOP
 66
1
 70
1
 40
0.012700
 41
0.012700
  0
VERTEX
 5
1A88
  8
PLACEMENT_OUTLINE_TOP
 10
6.59365
 20
64.60000
 42
1.0
  0
VERTEX
 5
1A89
  8
PLACEMENT_OUTLINE_TOP
 10
6.60635
 20
64.60000
 42
1.0
  0
SEQEND
  8
PLACEMENT_OUTLINE_TOP
  0
POLYLINE
 5
1A8A
  8
PLACEMENT_OUTLINE_TOP
 66
1
 40
0.025400
 41
0.025400
  0
VERTEX
 5
1A8B
  8
PLACEMENT_OUTLINE_TOP
 10
6.60000
 20
64.60000
  0
VERTEX
 5
1A8C
  8
PLACEMENT_OUTLINE_TOP
 10
6.60000
 20
58.40000
  0
SEQEND
  8
PLACEMENT_OUTLINE_TOP
  0
POLYLINE
 5
1A8D
  8
PLACEMENT_OUTLINE_TOP
 66
1
 70
1
 40
0.012700
 41
0.012700
  0
VERTEX
 5
1A8E
  8
PLACEMENT_OUTLINE_TOP
 10
6.59365
 20
64.60000
 42
1.0
  0
VERTEX
 5
1A8F
  8
PLACEMENT_OUTLINE_TOP
 10
6.60635
 20
64.60000
 42
1.0
  0
SEQEND
  8
PLACEMENT_OUTLINE_TOP
  0
POLYLINE
 5
1A90
  8
PLACEMENT_OUTLINE_TOP
 66
1
 70
1
 40
0.012700
 41
0.012700
  0
VERTEX
 5
1A91
  8
PLACEMENT_OUTLINE_TOP
 10
6.59365
 20
58.40000
 42
1.0
  0
VERTEX
 5
1A92
  8
PLACEMENT_OUTLINE_TOP
 10
6.60635
 20
58.40000
 42
1.0
  0
SEQEND
  8
PLACEMENT_OUTLINE_TOP
  0
POLYLINE
 5
1A93
  8
PLACEMENT_OUTLINE_TOP
 66
1
 40
0.025400
 41
0.025400
  0
VERTEX
 5
1A94
  8
PLACEMENT_OUTLINE_TOP
 10
6.60000
 20
58.40000
  0
VERTEX
 5
1A95
  8
PLACEMENT_OUTLINE_TOP
 10
0.40000
 20
58.40000
  0
SEQEND
  8
PLACEMENT_OUTLINE_TOP
  0
POLYLINE
 5
1A96
  8
PLACEMENT_OUTLINE_TOP
 66
1
 70
1
 40
0.012700
 41
0.012700
  0
VERTEX
 5
1A97
  8
PLACEMENT_OUTLINE_TOP
 10
6.59365
 20
58.40000
 42
1.0
  0
VERTEX
 5
1A98
  8
PLACEMENT_OUTLINE_TOP
 10
6.60635
 20
58.40000
 42
1.0
  0
SEQEND
  8
PLACEMENT_OUTLINE_TOP
  0
POLYLINE
 5
1A99
  8
PLACEMENT_OUTLINE_TOP
 66
1
 70
1
 40
0.012700
 41
0.012700
  0
VERTEX
 5
1A9A
  8
PLACEMENT_OUTLINE_TOP
 10
0.39365
 20
58.40000
 42
1.0
  0
VERTEX
 5
1A9B
  8
PLACEMENT_OUTLINE_TOP
 10
0.40635
 20
58.40000
 42
1.0
  0
SEQEND
  8
PLACEMENT_OUTLINE_TOP
  0
TEXT
  8
LAYNR8
 10
3.10000
 20
62.20000
 40
0.725718
  1
FM
 73
 1
 11
3.10000
 21
62.20000
  0
POLYLINE
 5
1A9C
  8
TOOL_TOP
 66
1
 40
0.025400
 41
0.025400
  0
VERTEX
 5
1A9D
  8
TOOL_TOP
 10
2.15000
 20
61.50000
 42
1.000000
  0
VERTEX
 5
1A9E
  8
TOOL_TOP
 10
4.85000
 20
61.50000
 42
1.000000
  0
VERTEX
 5
1A9F
  8
TOOL_TOP
 10
2.15000
 20
61.50000
  0
SEQEND
  8
TOOL_TOP
  0
TEXT
  8
TOOLCODE_TOP
 10
2.08250
 20
60.82500
 40
1.350000
  1
T00
  0
POLYLINE
 5
1AA0
  8
2DLINES_1
 66
1
 40
0.127000
 41
0.127000
  0
VERTEX
 5
1AA1
  8
2DLINES_1
 10
30.23600
 20
65.09700
  0
VERTEX
 5
1AA2
  8
2DLINES_1
 10
30.23600
 20
73.22700
  0
SEQEND
  8
2DLINES_1
  0
POLYLINE
 5
1AA3
  8
2DLINES_1
 66
1
 70
1
 40
0.063500
 41
0.063500
  0
VERTEX
 5
1AA4
  8
2DLINES_1
 10
30.20425
 20
65.09700
 42
1.0
  0
VERTEX
 5
1AA5
  8
2DLINES_1
 10
30.26775
 20
65.09700
 42
1.0
  0
SEQEND
  8
2DLINES_1
  0
POLYLINE
 5
1AA6
  8
2DLINES_1
 66
1
 70
1
 40
0.063500
 41
0.063500
  0
VERTEX
 5
1AA7
  8
2DLINES_1
 10
30.20425
 20
73.22700
 42
1.0
  0
VERTEX
 5
1AA8
  8
2DLINES_1
 10
30.26775
 20
73.22700
 42
1.0
  0
SEQEND
  8
2DLINES_1
  0
POLYLINE
 5
1AA9
  8
2DLINES_1
 66
1
 40
0.127000
 41
0.127000
  0
VERTEX
 5
1AAA
  8
2DLINES_1
 10
30.23600
 20
73.22700
  0
VERTEX
 5
1AAB
  8
2DLINES_1
 10
36.45600
 20
73.22700
  0
SEQEND
  8
2DLINES_1
  0
POLYLINE
 5
1AAC
  8
2DLINES_1
 66
1
 70
1
 40
0.063500
 41
0.063500
  0
VERTEX
 5
1AAD
  8
2DLINES_1
 10
30.20425
 20
73.22700
 42
1.0
  0
VERTEX
 5
1AAE
  8
2DLINES_1
 10
30.26775
 20
73.22700
 42
1.0
  0
SEQEND
  8
2DLINES_1
  0
POLYLINE
 5
1AAF
  8
2DLINES_1
 66
1
 70
1
 40
0.063500
 41
0.063500
  0
VERTEX
 5
1AB0
  8
2DLINES_1
 10
36.42425
 20
73.22700
 42
1.0
  0
VERTEX
 5
1AB1
  8
2DLINES_1
 10
36.48775
 20
73.22700
 42
1.0
  0
SEQEND
  8
2DLINES_1
  0
POLYLINE
 5
1AB2
  8
2DLINES_1
 66
1
 40
0.127000
 41
0.127000
  0
VERTEX
 5
1AB3
  8
2DLINES_1
 10
36.45600
 20
73.22700
  0
VERTEX
 5
1AB4
  8
2DLINES_1
 10
36.45600
 20
65.09700
  0
SEQEND
  8
2DLINES_1
  0
POLYLINE
 5
1AB5
  8
2DLINES_1
 66
1
 70
1
 40
0.063500
 41
0.063500
  0
VERTEX
 5
1AB6
  8
2DLINES_1
 10
36.42425
 20
73.22700
 42
1.0
  0
VERTEX
 5
1AB7
  8
2DLINES_1
 10
36.48775
 20
73.22700
 42
1.0
  0
SEQEND
  8
2DLINES_1
  0
POLYLINE
 5
1AB8
  8
2DLINES_1
 66
1
 70
1
 40
0.063500
 41
0.063500
  0
VERTEX
 5
1AB9
  8
2DLINES_1
 10
36.42425
 20
65.09700
 42
1.0
  0
VERTEX
 5
1ABA
  8
2DLINES_1
 10
36.48775
 20
65.09700
 42
1.0
  0
SEQEND
  8
2DLINES_1
  0
POLYLINE
 5
1ABB
  8
2DLINES_1
 66
1
 40
0.127000
 41
0.127000
  0
VERTEX
 5
1ABC
  8
2DLINES_1
 10
36.45600
 20
65.09700
  0
VERTEX
 5
1ABD
  8
2DLINES_1
 10
30.23600
 20
65.09700
  0
SEQEND
  8
2DLINES_1
  0
POLYLINE
 5
1ABE
  8
2DLINES_1
 66
1
 70
1
 40
0.063500
 41
0.063500
  0
VERTEX
 5
1ABF
  8
2DLINES_1
 10
36.42425
 20
65.09700
 42
1.0
  0
VERTEX
 5
1AC0
  8
2DLINES_1
 10
36.48775
 20
65.09700
 42
1.0
  0
SEQEND
  8
2DLINES_1
  0
POLYLINE
 5
1AC1
  8
2DLINES_1
 66
1
 70
1
 40
0.063500
 41
0.063500
  0
VERTEX
 5
1AC2
  8
2DLINES_1
 10
30.20425
 20
65.09700
 42
1.0
  0
VERTEX
 5
1AC3
  8
2DLINES_1
 10
30.26775
 20
65.09700
 42
1.0
  0
SEQEND
  8
2DLINES_1
  0
POLYLINE
 5
1AC4
  8
2DLINES_1
 66
1
 40
0.350000
 41
0.350000
  0
VERTEX
 5
1AC5
  8
2DLINES_1
 10
30.34600
 20
70.66200
  0
VERTEX
 5
1AC6
  8
2DLINES_1
 10
36.34600
 20
70.66200
  0
SEQEND
  8
2DLINES_1
  0
POLYLINE
 5
1AC7
  8
2DLINES_1
 66
1
 70
1
 40
0.175000
 41
0.175000
  0
VERTEX
 5
1AC8
  8
2DLINES_1
 10
30.25850
 20
70.66200
 42
1.0
  0
VERTEX
 5
1AC9
  8
2DLINES_1
 10
30.43350
 20
70.66200
 42
1.0
  0
SEQEND
  8
2DLINES_1
  0
POLYLINE
 5
1ACA
  8
2DLINES_1
 66
1
 70
1
 40
0.175000
 41
0.175000
  0
VERTEX
 5
1ACB
  8
2DLINES_1
 10
36.25850
 20
70.66200
 42
1.0
  0
VERTEX
 5
1ACC
  8
2DLINES_1
 10
36.43350
 20
70.66200
 42
1.0
  0
SEQEND
  8
2DLINES_1
  0
POLYLINE
 5
1ACD
  8
PLACEMENT_OUTLINE_TOP
 66
1
 40
0.127000
 41
0.127000
  0
VERTEX
 5
1ACE
  8
PLACEMENT_OUTLINE_TOP
 10
30.23600
 20
65.09700
  0
VERTEX
 5
1ACF
  8
PLACEMENT_OUTLINE_TOP
 10
30.23600
 20
73.22700
  0
SEQEND
  8
PLACEMENT_OUTLINE_TOP
  0
POLYLINE
 5
1AD0
  8
PLACEMENT_OUTLINE_TOP
 66
1
 70
1
 40
0.063500
 41
0.063500
  0
VERTEX
 5
1AD1
  8
PLACEMENT_OUTLINE_TOP
 10
30.20425
 20
65.09700
 42
1.0
  0
VERTEX
 5
1AD2
  8
PLACEMENT_OUTLINE_TOP
 10
30.26775
 20
65.09700
 42
1.0
  0
SEQEND
  8
PLACEMENT_OUTLINE_TOP
  0
POLYLINE
 5
1AD3
  8
PLACEMENT_OUTLINE_TOP
 66
1
 70
1
 40
0.063500
 41
0.063500
  0
VERTEX
 5
1AD4
  8
PLACEMENT_OUTLINE_TOP
 10
30.20425
 20
73.22700
 42
1.0
  0
VERTEX
 5
1AD5
  8
PLACEMENT_OUTLINE_TOP
 10
30.26775
 20
73.22700
 42
1.0
  0
SEQEND
  8
PLACEMENT_OUTLINE_TOP
  0
POLYLINE
 5
1AD6
  8
PLACEMENT_OUTLINE_TOP
 66
1
 40
0.127000
 41
0.127000
  0
VERTEX
 5
1AD7
  8
PLACEMENT_OUTLINE_TOP
 10
30.23600
 20
73.22700
  0
VERTEX
 5
1AD8
  8
PLACEMENT_OUTLINE_TOP
 10
36.45600
 20
73.22700
  0
SEQEND
  8
PLACEMENT_OUTLINE_TOP
  0
POLYLINE
 5
1AD9
  8
PLACEMENT_OUTLINE_TOP
 66
1
 70
1
 40
0.063500
 41
0.063500
  0
VERTEX
 5
1ADA
  8
PLACEMENT_OUTLINE_TOP
 10
30.20425
 20
73.22700
 42
1.0
  0
VERTEX
 5
1ADB
  8
PLACEMENT_OUTLINE_TOP
 10
30.26775
 20
73.22700
 42
1.0
  0
SEQEND
  8
PLACEMENT_OUTLINE_TOP
  0
POLYLINE
 5
1ADC
  8
PLACEMENT_OUTLINE_TOP
 66
1
 70
1
 40
0.063500
 41
0.063500
  0
VERTEX
 5
1ADD
  8
PLACEMENT_OUTLINE_TOP
 10
36.42425
 20
73.22700
 42
1.0
  0
VERTEX
 5
1ADE
  8
PLACEMENT_OUTLINE_TOP
 10
36.48775
 20
73.22700
 42
1.0
  0
SEQEND
  8
PLACEMENT_OUTLINE_TOP
  0
POLYLINE
 5
1ADF
  8
PLACEMENT_OUTLINE_TOP
 66
1
 40
0.127000
 41
0.127000
  0
VERTEX
 5
1AE0
  8
PLACEMENT_OUTLINE_TOP
 10
36.45600
 20
73.22700
  0
VERTEX
 5
1AE1
  8
PLACEMENT_OUTLINE_TOP
 10
36.45600
 20
65.09700
  0
SEQEND
  8
PLACEMENT_OUTLINE_TOP
  0
POLYLINE
 5
1AE2
  8
PLACEMENT_OUTLINE_TOP
 66
1
 70
1
 40
0.063500
 41
0.063500
  0
VERTEX
 5
1AE3
  8
PLACEMENT_OUTLINE_TOP
 10
36.42425
 20
73.22700
 42
1.0
  0
VERTEX
 5
1AE4
  8
PLACEMENT_OUTLINE_TOP
 10
36.48775
 20
73.22700
 42
1.0
  0
SEQEND
  8
PLACEMENT_OUTLINE_TOP
  0
POLYLINE
 5
1AE5
  8
PLACEMENT_OUTLINE_TOP
 66
1
 70
1
 40
0.063500
 41
0.063500
  0
VERTEX
 5
1AE6
  8
PLACEMENT_OUTLINE_TOP
 10
36.42425
 20
65.09700
 42
1.0
  0
VERTEX
 5
1AE7
  8
PLACEMENT_OUTLINE_TOP
 10
36.48775
 20
65.09700
 42
1.0
  0
SEQEND
  8
PLACEMENT_OUTLINE_TOP
  0
POLYLINE
 5
1AE8
  8
PLACEMENT_OUTLINE_TOP
 66
1
 40
0.127000
 41
0.127000
  0
VERTEX
 5
1AE9
  8
PLACEMENT_OUTLINE_TOP
 10
36.45600
 20
65.09700
  0
VERTEX
 5
1AEA
  8
PLACEMENT_OUTLINE_TOP
 10
30.23600
 20
65.09700
  0
SEQEND
  8
PLACEMENT_OUTLINE_TOP
  0
POLYLINE
 5
1AEB
  8
PLACEMENT_OUTLINE_TOP
 66
1
 70
1
 40
0.063500
 41
0.063500
  0
VERTEX
 5
1AEC
  8
PLACEMENT_OUTLINE_TOP
 10
36.42425
 20
65.09700
 42
1.0
  0
VERTEX
 5
1AED
  8
PLACEMENT_OUTLINE_TOP
 10
36.48775
 20
65.09700
 42
1.0
  0
SEQEND
  8
PLACEMENT_OUTLINE_TOP
  0
POLYLINE
 5
1AEE
  8
PLACEMENT_OUTLINE_TOP
 66
1
 70
1
 40
0.063500
 41
0.063500
  0
VERTEX
 5
1AEF
  8
PLACEMENT_OUTLINE_TOP
 10
30.20425
 20
65.09700
 42
1.0
  0
VERTEX
 5
1AF0
  8
PLACEMENT_OUTLINE_TOP
 10
30.26775
 20
65.09700
 42
1.0
  0
SEQEND
  8
PLACEMENT_OUTLINE_TOP
  0
SOLID
 5
1AF1
  8
PADLAYER_TOP
 10
34.99600
 20
67.01200
 11
31.69600
 21
67.01200
 12
34.99600
 22
64.51200
 13
31.69600
 23
64.51200
  0
SOLID
 5
1AF2
  8
PADLAYER_TOP
 10
34.99600
 20
73.81200
 11
31.69600
 21
73.81200
 12
34.99600
 22
71.31200
 13
31.69600
 23
71.31200
  0
POLYLINE
 5
1AF3
  8
LAYNR1
 66
1
 40
0.203200
 41
0.203200
  0
VERTEX
 5
1AF4
  8
LAYNR1
 10
28.40000
 20
78.41000
  0
VERTEX
 5
1AF5
  8
LAYNR1
 10
26.20000
 20
78.41000
  0
SEQEND
  8
LAYNR1
  0
POLYLINE
 5
1AF6
  8
LAYNR1
 66
1
 70
1
 40
0.101600
 41
0.101600
  0
VERTEX
 5
1AF7
  8
LAYNR1
 10
28.34920
 20
78.41000
 42
1.0
  0
VERTEX
 5
1AF8
  8
LAYNR1
 10
28.45080
 20
78.41000
 42
1.0
  0
SEQEND
  8
LAYNR1
  0
POLYLINE
 5
1AF9
  8
LAYNR1
 66
1
 70
1
 40
0.101600
 41
0.101600
  0
VERTEX
 5
1AFA
  8
LAYNR1
 10
26.14920
 20
78.41000
 42
1.0
  0
VERTEX
 5
1AFB
  8
LAYNR1
 10
26.25080
 20
78.41000
 42
1.0
  0
SEQEND
  8
LAYNR1
  0
POLYLINE
 5
1AFC
  8
PLACEMENT_OUTLINE_TOP
 66
1
 40
0.100000
 41
0.100000
  0
VERTEX
 5
1AFD
  8
PLACEMENT_OUTLINE_TOP
 10
29.05500
 20
82.09500
  0
VERTEX
 5
1AFE
  8
PLACEMENT_OUTLINE_TOP
 10
29.05500
 20
74.72500
  0
SEQEND
  8
PLACEMENT_OUTLINE_TOP
  0
POLYLINE
 5
1AFF
  8
PLACEMENT_OUTLINE_TOP
 66
1
 70
1
 40
0.050000
 41
0.050000
  0
VERTEX
 5
1B00
  8
PLACEMENT_OUTLINE_TOP
 10
29.03000
 20
82.09500
 42
1.0
  0
VERTEX
 5
1B01
  8
PLACEMENT_OUTLINE_TOP
 10
29.08000
 20
82.09500
 42
1.0
  0
SEQEND
  8
PLACEMENT_OUTLINE_TOP
  0
POLYLINE
 5
1B02
  8
PLACEMENT_OUTLINE_TOP
 66
1
 70
1
 40
0.050000
 41
0.050000
  0
VERTEX
 5
1B03
  8
PLACEMENT_OUTLINE_TOP
 10
29.03000
 20
74.72500
 42
1.0
  0
VERTEX
 5
1B04
  8
PLACEMENT_OUTLINE_TOP
 10
29.08000
 20
74.72500
 42
1.0
  0
SEQEND
  8
PLACEMENT_OUTLINE_TOP
  0
POLYLINE
 5
1B05
  8
PLACEMENT_OUTLINE_TOP
 66
1
 40
0.100000
 41
0.100000
  0
VERTEX
 5
1B06
  8
PLACEMENT_OUTLINE_TOP
 10
29.05500
 20
74.72500
  0
VERTEX
 5
1B07
  8
PLACEMENT_OUTLINE_TOP
 10
25.54500
 20
74.72500
  0
SEQEND
  8
PLACEMENT_OUTLINE_TOP
  0
POLYLINE
 5
1B08
  8
PLACEMENT_OUTLINE_TOP
 66
1
 70
1
 40
0.050000
 41
0.050000
  0
VERTEX
 5
1B09
  8
PLACEMENT_OUTLINE_TOP
 10
29.03000
 20
74.72500
 42
1.0
  0
VERTEX
 5
1B0A
  8
PLACEMENT_OUTLINE_TOP
 10
29.08000
 20
74.72500
 42
1.0
  0
SEQEND
  8
PLACEMENT_OUTLINE_TOP
  0
POLYLINE
 5
1B0B
  8
PLACEMENT_OUTLINE_TOP
 66
1
 70
1
 40
0.050000
 41
0.050000
  0
VERTEX
 5
1B0C
  8
PLACEMENT_OUTLINE_TOP
 10
25.52000
 20
74.72500
 42
1.0
  0
VERTEX
 5
1B0D
  8
PLACEMENT_OUTLINE_TOP
 10
25.57000
 20
74.72500
 42
1.0
  0
SEQEND
  8
PLACEMENT_OUTLINE_TOP
  0
POLYLINE
 5
1B0E
  8
PLACEMENT_OUTLINE_TOP
 66
1
 40
0.100000
 41
0.100000
  0
VERTEX
 5
1B0F
  8
PLACEMENT_OUTLINE_TOP
 10
25.54500
 20
74.72500
  0
VERTEX
 5
1B10
  8
PLACEMENT_OUTLINE_TOP
 10
25.54500
 20
82.09500
  0
SEQEND
  8
PLACEMENT_OUTLINE_TOP
  0
POLYLINE
 5
1B11
  8
PLACEMENT_OUTLINE_TOP
 66
1
 70
1
 40
0.050000
 41
0.050000
  0
VERTEX
 5
1B12
  8
PLACEMENT_OUTLINE_TOP
 10
25.52000
 20
74.72500
 42
1.0
  0
VERTEX
 5
1B13
  8
PLACEMENT_OUTLINE_TOP
 10
25.57000
 20
74.72500
 42
1.0
  0
SEQEND
  8
PLACEMENT_OUTLINE_TOP
  0
POLYLINE
 5
1B14
  8
PLACEMENT_OUTLINE_TOP
 66
1
 70
1
 40
0.050000
 41
0.050000
  0
VERTEX
 5
1B15
  8
PLACEMENT_OUTLINE_TOP
 10
25.52000
 20
82.09500
 42
1.0
  0
VERTEX
 5
1B16
  8
PLACEMENT_OUTLINE_TOP
 10
25.57000
 20
82.09500
 42
1.0
  0
SEQEND
  8
PLACEMENT_OUTLINE_TOP
  0
POLYLINE
 5
1B17
  8
PLACEMENT_OUTLINE_TOP
 66
1
 40
0.100000
 41
0.100000
  0
VERTEX
 5
1B18
  8
PLACEMENT_OUTLINE_TOP
 10
25.54500
 20
82.09500
  0
VERTEX
 5
1B19
  8
PLACEMENT_OUTLINE_TOP
 10
29.05500
 20
82.09500
  0
SEQEND
  8
PLACEMENT_OUTLINE_TOP
  0
POLYLINE
 5
1B1A
  8
PLACEMENT_OUTLINE_TOP
 66
1
 70
1
 40
0.050000
 41
0.050000
  0
VERTEX
 5
1B1B
  8
PLACEMENT_OUTLINE_TOP
 10
25.52000
 20
82.09500
 42
1.0
  0
VERTEX
 5
1B1C
  8
PLACEMENT_OUTLINE_TOP
 10
25.57000
 20
82.09500
 42
1.0
  0
SEQEND
  8
PLACEMENT_OUTLINE_TOP
  0
POLYLINE
 5
1B1D
  8
PLACEMENT_OUTLINE_TOP
 66
1
 70
1
 40
0.050000
 41
0.050000
  0
VERTEX
 5
1B1E
  8
PLACEMENT_OUTLINE_TOP
 10
29.03000
 20
82.09500
 42
1.0
  0
VERTEX
 5
1B1F
  8
PLACEMENT_OUTLINE_TOP
 10
29.08000
 20
82.09500
 42
1.0
  0
SEQEND
  8
PLACEMENT_OUTLINE_TOP
  0
SOLID
 5
1B20
  8
PADLAYER_TOP
 10
26.05000
 20
79.41000
 11
28.55000
 21
79.41000
 12
26.05000
 22
80.41000
 13
28.55000
 23
80.41000
  0
SOLID
 5
1B21
  8
PADLAYER_TOP
 10
26.05000
 20
76.41000
 11
28.55000
 21
76.41000
 12
26.05000
 22
77.41000
 13
28.55000
 23
77.41000
  0
POLYLINE
 5
1B22
  8
LAYNR1
 66
1
 40
0.203200
 41
0.203200
  0
VERTEX
 5
1B23
  8
LAYNR1
 10
32.00000
 20
78.41000
  0
VERTEX
 5
1B24
  8
LAYNR1
 10
29.80000
 20
78.41000
  0
SEQEND
  8
LAYNR1
  0
POLYLINE
 5
1B25
  8
LAYNR1
 66
1
 70
1
 40
0.101600
 41
0.101600
  0
VERTEX
 5
1B26
  8
LAYNR1
 10
31.94920
 20
78.41000
 42
1.0
  0
VERTEX
 5
1B27
  8
LAYNR1
 10
32.05080
 20
78.41000
 42
1.0
  0
SEQEND
  8
LAYNR1
  0
POLYLINE
 5
1B28
  8
LAYNR1
 66
1
 70
1
 40
0.101600
 41
0.101600
  0
VERTEX
 5
1B29
  8
LAYNR1
 10
29.74920
 20
78.41000
 42
1.0
  0
VERTEX
 5
1B2A
  8
LAYNR1
 10
29.85080
 20
78.41000
 42
1.0
  0
SEQEND
  8
LAYNR1
  0
POLYLINE
 5
1B2B
  8
PLACEMENT_OUTLINE_TOP
 66
1
 40
0.100000
 41
0.100000
  0
VERTEX
 5
1B2C
  8
PLACEMENT_OUTLINE_TOP
 10
32.65500
 20
82.09500
  0
VERTEX
 5
1B2D
  8
PLACEMENT_OUTLINE_TOP
 10
32.65500
 20
74.72500
  0
SEQEND
  8
PLACEMENT_OUTLINE_TOP
  0
POLYLINE
 5
1B2E
  8
PLACEMENT_OUTLINE_TOP
 66
1
 70
1
 40
0.050000
 41
0.050000
  0
VERTEX
 5
1B2F
  8
PLACEMENT_OUTLINE_TOP
 10
32.63000
 20
82.09500
 42
1.0
  0
VERTEX
 5
1B30
  8
PLACEMENT_OUTLINE_TOP
 10
32.68000
 20
82.09500
 42
1.0
  0
SEQEND
  8
PLACEMENT_OUTLINE_TOP
  0
POLYLINE
 5
1B31
  8
PLACEMENT_OUTLINE_TOP
 66
1
 70
1
 40
0.050000
 41
0.050000
  0
VERTEX
 5
1B32
  8
PLACEMENT_OUTLINE_TOP
 10
32.63000
 20
74.72500
 42
1.0
  0
VERTEX
 5
1B33
  8
PLACEMENT_OUTLINE_TOP
 10
32.68000
 20
74.72500
 42
1.0
  0
SEQEND
  8
PLACEMENT_OUTLINE_TOP
  0
POLYLINE
 5
1B34
  8
PLACEMENT_OUTLINE_TOP
 66
1
 40
0.100000
 41
0.100000
  0
VERTEX
 5
1B35
  8
PLACEMENT_OUTLINE_TOP
 10
32.65500
 20
74.72500
  0
VERTEX
 5
1B36
  8
PLACEMENT_OUTLINE_TOP
 10
29.14500
 20
74.72500
  0
SEQEND
  8
PLACEMENT_OUTLINE_TOP
  0
POLYLINE
 5
1B37
  8
PLACEMENT_OUTLINE_TOP
 66
1
 70
1
 40
0.050000
 41
0.050000
  0
VERTEX
 5
1B38
  8
PLACEMENT_OUTLINE_TOP
 10
32.63000
 20
74.72500
 42
1.0
  0
VERTEX
 5
1B39
  8
PLACEMENT_OUTLINE_TOP
 10
32.68000
 20
74.72500
 42
1.0
  0
SEQEND
  8
PLACEMENT_OUTLINE_TOP
  0
POLYLINE
 5
1B3A
  8
PLACEMENT_OUTLINE_TOP
 66
1
 70
1
 40
0.050000
 41
0.050000
  0
VERTEX
 5
1B3B
  8
PLACEMENT_OUTLINE_TOP
 10
29.12000
 20
74.72500
 42
1.0
  0
VERTEX
 5
1B3C
  8
PLACEMENT_OUTLINE_TOP
 10
29.17000
 20
74.72500
 42
1.0
  0
SEQEND
  8
PLACEMENT_OUTLINE_TOP
  0
POLYLINE
 5
1B3D
  8
PLACEMENT_OUTLINE_TOP
 66
1
 40
0.100000
 41
0.100000
  0
VERTEX
 5
1B3E
  8
PLACEMENT_OUTLINE_TOP
 10
29.14500
 20
74.72500
  0
VERTEX
 5
1B3F
  8
PLACEMENT_OUTLINE_TOP
 10
29.14500
 20
82.09500
  0
SEQEND
  8
PLACEMENT_OUTLINE_TOP
  0
POLYLINE
 5
1B40
  8
PLACEMENT_OUTLINE_TOP
 66
1
 70
1
 40
0.050000
 41
0.050000
  0
VERTEX
 5
1B41
  8
PLACEMENT_OUTLINE_TOP
 10
29.12000
 20
74.72500
 42
1.0
  0
VERTEX
 5
1B42
  8
PLACEMENT_OUTLINE_TOP
 10
29.17000
 20
74.72500
 42
1.0
  0
SEQEND
  8
PLACEMENT_OUTLINE_TOP
  0
POLYLINE
 5
1B43
  8
PLACEMENT_OUTLINE_TOP
 66
1
 70
1
 40
0.050000
 41
0.050000
  0
VERTEX
 5
1B44
  8
PLACEMENT_OUTLINE_TOP
 10
29.12000
 20
82.09500
 42
1.0
  0
VERTEX
 5
1B45
  8
PLACEMENT_OUTLINE_TOP
 10
29.17000
 20
82.09500
 42
1.0
  0
SEQEND
  8
PLACEMENT_OUTLINE_TOP
  0
POLYLINE
 5
1B46
  8
PLACEMENT_OUTLINE_TOP
 66
1
 40
0.100000
 41
0.100000
  0
VERTEX
 5
1B47
  8
PLACEMENT_OUTLINE_TOP
 10
29.14500
 20
82.09500
  0
VERTEX
 5
1B48
  8
PLACEMENT_OUTLINE_TOP
 10
32.65500
 20
82.09500
  0
SEQEND
  8
PLACEMENT_OUTLINE_TOP
  0
POLYLINE
 5
1B49
  8
PLACEMENT_OUTLINE_TOP
 66
1
 70
1
 40
0.050000
 41
0.050000
  0
VERTEX
 5
1B4A
  8
PLACEMENT_OUTLINE_TOP
 10
29.12000
 20
82.09500
 42
1.0
  0
VERTEX
 5
1B4B
  8
PLACEMENT_OUTLINE_TOP
 10
29.17000
 20
82.09500
 42
1.0
  0
SEQEND
  8
PLACEMENT_OUTLINE_TOP
  0
POLYLINE
 5
1B4C
  8
PLACEMENT_OUTLINE_TOP
 66
1
 70
1
 40
0.050000
 41
0.050000
  0
VERTEX
 5
1B4D
  8
PLACEMENT_OUTLINE_TOP
 10
32.63000
 20
82.09500
 42
1.0
  0
VERTEX
 5
1B4E
  8
PLACEMENT_OUTLINE_TOP
 10
32.68000
 20
82.09500
 42
1.0
  0
SEQEND
  8
PLACEMENT_OUTLINE_TOP
  0
SOLID
 5
1B4F
  8
PADLAYER_TOP
 10
29.65000
 20
79.41000
 11
32.15000
 21
79.41000
 12
29.65000
 22
80.41000
 13
32.15000
 23
80.41000
  0
SOLID
 5
1B50
  8
PADLAYER_TOP
 10
29.65000
 20
76.41000
 11
32.15000
 21
76.41000
 12
29.65000
 22
77.41000
 13
32.15000
 23
77.41000
  0
POLYLINE
 5
1B51
  8
2DLINES_1
 66
1
 40
0.200000
 41
0.200000
  0
VERTEX
 5
1B52
  8
2DLINES_1
 10
7.85500
 20
16.25000
  0
VERTEX
 5
1B53
  8
2DLINES_1
 10
7.85500
 20
8.75000
  0
SEQEND
  8
2DLINES_1
  0
POLYLINE
 5
1B54
  8
2DLINES_1
 66
1
 70
1
 40
0.100000
 41
0.100000
  0
VERTEX
 5
1B55
  8
2DLINES_1
 10
7.80500
 20
16.25000
 42
1.0
  0
VERTEX
 5
1B56
  8
2DLINES_1
 10
7.90500
 20
16.25000
 42
1.0
  0
SEQEND
  8
2DLINES_1
  0
POLYLINE
 5
1B57
  8
2DLINES_1
 66
1
 70
1
 40
0.100000
 41
0.100000
  0
VERTEX
 5
1B58
  8
2DLINES_1
 10
7.80500
 20
8.75000
 42
1.0
  0
VERTEX
 5
1B59
  8
2DLINES_1
 10
7.90500
 20
8.75000
 42
1.0
  0
SEQEND
  8
2DLINES_1
  0
POLYLINE
 5
1B5A
  8
2DLINES_1
 66
1
 40
0.200000
 41
0.200000
  0
VERTEX
 5
1B5B
  8
2DLINES_1
 10
7.85500
 20
8.75000
  0
VERTEX
 5
1B5C
  8
2DLINES_1
 10
1.70500
 20
8.75000
  0
SEQEND
  8
2DLINES_1
  0
POLYLINE
 5
1B5D
  8
2DLINES_1
 66
1
 70
1
 40
0.100000
 41
0.100000
  0
VERTEX
 5
1B5E
  8
2DLINES_1
 10
7.80500
 20
8.75000
 42
1.0
  0
VERTEX
 5
1B5F
  8
2DLINES_1
 10
7.90500
 20
8.75000
 42
1.0
  0
SEQEND
  8
2DLINES_1
  0
POLYLINE
 5
1B60
  8
2DLINES_1
 66
1
 70
1
 40
0.100000
 41
0.100000
  0
VERTEX
 5
1B61
  8
2DLINES_1
 10
1.65500
 20
8.75000
 42
1.0
  0
VERTEX
 5
1B62
  8
2DLINES_1
 10
1.75500
 20
8.75000
 42
1.0
  0
SEQEND
  8
2DLINES_1
  0
POLYLINE
 5
1B63
  8
2DLINES_1
 66
1
 40
0.200000
 41
0.200000
  0
VERTEX
 5
1B64
  8
2DLINES_1
 10
1.70500
 20
8.75000
  0
VERTEX
 5
1B65
  8
2DLINES_1
 10
1.70500
 20
16.25000
  0
SEQEND
  8
2DLINES_1
  0
POLYLINE
 5
1B66
  8
2DLINES_1
 66
1
 70
1
 40
0.100000
 41
0.100000
  0
VERTEX
 5
1B67
  8
2DLINES_1
 10
1.65500
 20
8.75000
 42
1.0
  0
VERTEX
 5
1B68
  8
2DLINES_1
 10
1.75500
 20
8.75000
 42
1.0
  0
SEQEND
  8
2DLINES_1
  0
POLYLINE
 5
1B69
  8
2DLINES_1
 66
1
 70
1
 40
0.100000
 41
0.100000
  0
VERTEX
 5
1B6A
  8
2DLINES_1
 10
1.65500
 20
16.25000
 42
1.0
  0
VERTEX
 5
1B6B
  8
2DLINES_1
 10
1.75500
 20
16.25000
 42
1.0
  0
SEQEND
  8
2DLINES_1
  0
POLYLINE
 5
1B6C
  8
2DLINES_1
 66
1
 40
0.200000
 41
0.200000
  0
VERTEX
 5
1B6D
  8
2DLINES_1
 10
1.70500
 20
16.25000
  0
VERTEX
 5
1B6E
  8
2DLINES_1
 10
7.85500
 20
16.25000
  0
SEQEND
  8
2DLINES_1
  0
POLYLINE
 5
1B6F
  8
2DLINES_1
 66
1
 70
1
 40
0.100000
 41
0.100000
  0
VERTEX
 5
1B70
  8
2DLINES_1
 10
1.65500
 20
16.25000
 42
1.0
  0
VERTEX
 5
1B71
  8
2DLINES_1
 10
1.75500
 20
16.25000
 42
1.0
  0
SEQEND
  8
2DLINES_1
  0
POLYLINE
 5
1B72
  8
2DLINES_1
 66
1
 70
1
 40
0.100000
 41
0.100000
  0
VERTEX
 5
1B73
  8
2DLINES_1
 10
7.80500
 20
16.25000
 42
1.0
  0
VERTEX
 5
1B74
  8
2DLINES_1
 10
7.90500
 20
16.25000
 42
1.0
  0
SEQEND
  8
2DLINES_1
  0
POLYLINE
 5
1B75
  8
PLACEMENT_OUTLINE_TOP
 66
1
 40
0.200000
 41
0.200000
  0
VERTEX
 5
1B76
  8
PLACEMENT_OUTLINE_TOP
 10
7.85500
 20
16.25000
  0
VERTEX
 5
1B77
  8
PLACEMENT_OUTLINE_TOP
 10
7.85500
 20
8.75000
  0
SEQEND
  8
PLACEMENT_OUTLINE_TOP
  0
POLYLINE
 5
1B78
  8
PLACEMENT_OUTLINE_TOP
 66
1
 70
1
 40
0.100000
 41
0.100000
  0
VERTEX
 5
1B79
  8
PLACEMENT_OUTLINE_TOP
 10
7.80500
 20
16.25000
 42
1.0
  0
VERTEX
 5
1B7A
  8
PLACEMENT_OUTLINE_TOP
 10
7.90500
 20
16.25000
 42
1.0
  0
SEQEND
  8
PLACEMENT_OUTLINE_TOP
  0
POLYLINE
 5
1B7B
  8
PLACEMENT_OUTLINE_TOP
 66
1
 70
1
 40
0.100000
 41
0.100000
  0
VERTEX
 5
1B7C
  8
PLACEMENT_OUTLINE_TOP
 10
7.80500
 20
8.75000
 42
1.0
  0
VERTEX
 5
1B7D
  8
PLACEMENT_OUTLINE_TOP
 10
7.90500
 20
8.75000
 42
1.0
  0
SEQEND
  8
PLACEMENT_OUTLINE_TOP
  0
POLYLINE
 5
1B7E
  8
PLACEMENT_OUTLINE_TOP
 66
1
 40
0.200000
 41
0.200000
  0
VERTEX
 5
1B7F
  8
PLACEMENT_OUTLINE_TOP
 10
7.85500
 20
8.75000
  0
VERTEX
 5
1B80
  8
PLACEMENT_OUTLINE_TOP
 10
1.70500
 20
8.75000
  0
SEQEND
  8
PLACEMENT_OUTLINE_TOP
  0
POLYLINE
 5
1B81
  8
PLACEMENT_OUTLINE_TOP
 66
1
 70
1
 40
0.100000
 41
0.100000
  0
VERTEX
 5
1B82
  8
PLACEMENT_OUTLINE_TOP
 10
7.80500
 20
8.75000
 42
1.0
  0
VERTEX
 5
1B83
  8
PLACEMENT_OUTLINE_TOP
 10
7.90500
 20
8.75000
 42
1.0
  0
SEQEND
  8
PLACEMENT_OUTLINE_TOP
  0
POLYLINE
 5
1B84
  8
PLACEMENT_OUTLINE_TOP
 66
1
 70
1
 40
0.100000
 41
0.100000
  0
VERTEX
 5
1B85
  8
PLACEMENT_OUTLINE_TOP
 10
1.65500
 20
8.75000
 42
1.0
  0
VERTEX
 5
1B86
  8
PLACEMENT_OUTLINE_TOP
 10
1.75500
 20
8.75000
 42
1.0
  0
SEQEND
  8
PLACEMENT_OUTLINE_TOP
  0
POLYLINE
 5
1B87
  8
PLACEMENT_OUTLINE_TOP
 66
1
 40
0.200000
 41
0.200000
  0
VERTEX
 5
1B88
  8
PLACEMENT_OUTLINE_TOP
 10
1.70500
 20
8.75000
  0
VERTEX
 5
1B89
  8
PLACEMENT_OUTLINE_TOP
 10
1.70500
 20
16.25000
  0
SEQEND
  8
PLACEMENT_OUTLINE_TOP
  0
POLYLINE
 5
1B8A
  8
PLACEMENT_OUTLINE_TOP
 66
1
 70
1
 40
0.100000
 41
0.100000
  0
VERTEX
 5
1B8B
  8
PLACEMENT_OUTLINE_TOP
 10
1.65500
 20
8.75000
 42
1.0
  0
VERTEX
 5
1B8C
  8
PLACEMENT_OUTLINE_TOP
 10
1.75500
 20
8.75000
 42
1.0
  0
SEQEND
  8
PLACEMENT_OUTLINE_TOP
  0
POLYLINE
 5
1B8D
  8
PLACEMENT_OUTLINE_TOP
 66
1
 70
1
 40
0.100000
 41
0.100000
  0
VERTEX
 5
1B8E
  8
PLACEMENT_OUTLINE_TOP
 10
1.65500
 20
16.25000
 42
1.0
  0
VERTEX
 5
1B8F
  8
PLACEMENT_OUTLINE_TOP
 10
1.75500
 20
16.25000
 42
1.0
  0
SEQEND
  8
PLACEMENT_OUTLINE_TOP
  0
POLYLINE
 5
1B90
  8
PLACEMENT_OUTLINE_TOP
 66
1
 40
0.200000
 41
0.200000
  0
VERTEX
 5
1B91
  8
PLACEMENT_OUTLINE_TOP
 10
1.70500
 20
16.25000
  0
VERTEX
 5
1B92
  8
PLACEMENT_OUTLINE_TOP
 10
7.85500
 20
16.25000
  0
SEQEND
  8
PLACEMENT_OUTLINE_TOP
  0
POLYLINE
 5
1B93
  8
PLACEMENT_OUTLINE_TOP
 66
1
 70
1
 40
0.100000
 41
0.100000
  0
VERTEX
 5
1B94
  8
PLACEMENT_OUTLINE_TOP
 10
1.65500
 20
16.25000
 42
1.0
  0
VERTEX
 5
1B95
  8
PLACEMENT_OUTLINE_TOP
 10
1.75500
 20
16.25000
 42
1.0
  0
SEQEND
  8
PLACEMENT_OUTLINE_TOP
  0
POLYLINE
 5
1B96
  8
PLACEMENT_OUTLINE_TOP
 66
1
 70
1
 40
0.100000
 41
0.100000
  0
VERTEX
 5
1B97
  8
PLACEMENT_OUTLINE_TOP
 10
7.80500
 20
16.25000
 42
1.0
  0
VERTEX
 5
1B98
  8
PLACEMENT_OUTLINE_TOP
 10
7.90500
 20
16.25000
 42
1.0
  0
SEQEND
  8
PLACEMENT_OUTLINE_TOP
  0
SOLID
 5
1B99
  8
PADLAYER_TOP
 10
5.93000
 20
13.15000
 11
10.43000
 21
13.15000
 12
5.93000
 22
14.35000
 13
10.43000
 23
14.35000
  0
SOLID
 5
1B9A
  8
PADLAYER_TOP
 10
5.93000
 20
10.65000
 11
10.43000
 21
10.65000
 12
5.93000
 22
11.85000
 13
10.43000
 23
11.85000
  0
SOLID
 5
1B9B
  8
PADLAYER_TOP
 10
2.43000
 20
7.35000
 11
5.43000
 21
7.35000
 12
2.43000
 22
8.95000
 13
5.43000
 23
8.95000
  0
SOLID
 5
1B9C
  8
PADLAYER_TOP
 10
2.43000
 20
16.05000
 11
5.43000
 21
16.05000
 12
2.43000
 22
17.65000
 13
5.43000
 23
17.65000
  0
POLYLINE
 5
1B9D
  8
Top
 66
1
 70
1
 40
0.000000
 41
0.000000
  0
VERTEX
 5
1B9E
  8
Top
 10
11.38730
 20
38.64000
 42
-0.414214
  0
VERTEX
 5
1B9F
  8
Top
 10
11.40000
 20
38.65270
  0
VERTEX
 5
1BA0
  8
Top
 10
14.59000
 20
38.65270
 42
-0.414214
  0
VERTEX
 5
1BA1
  8
Top
 10
14.60270
 20
38.64000
  0
VERTEX
 5
1BA2
  8
Top
 10
14.60270
 20
37.14000
 42
-0.414214
  0
VERTEX
 5
1BA3
  8
Top
 10
14.59000
 20
37.12730
  0
VERTEX
 5
1BA4
  8
Top
 10
11.40000
 20
37.12730
 42
-0.414214
  0
VERTEX
 5
1BA5
  8
Top
 10
11.38730
 20
37.14000
  0
VERTEX
 5
1BA6
  8
Top
 10
11.38730
 20
38.64000
  0
SEQEND
  8
Top
  0
POLYLINE
 5
1BA7
  8
2DLINES_1
 66
1
 40
0.152400
 41
0.152400
  0
VERTEX
 5
1BA8
  8
2DLINES_1
 10
13.00000
 20
37.25000
  0
VERTEX
 5
1BA9
  8
2DLINES_1
 10
13.00000
 20
38.55000
  0
SEQEND
  8
2DLINES_1
  0
POLYLINE
 5
1BAA
  8
2DLINES_1
 66
1
 70
1
 40
0.076200
 41
0.076200
  0
VERTEX
 5
1BAB
  8
2DLINES_1
 10
12.96190
 20
37.25000
 42
1.0
  0
VERTEX
 5
1BAC
  8
2DLINES_1
 10
13.03810
 20
37.25000
 42
1.0
  0
SEQEND
  8
2DLINES_1
  0
POLYLINE
 5
1BAD
  8
2DLINES_1
 66
1
 70
1
 40
0.076200
 41
0.076200
  0
VERTEX
 5
1BAE
  8
2DLINES_1
 10
12.96190
 20
38.55000
 42
1.0
  0
VERTEX
 5
1BAF
  8
2DLINES_1
 10
13.03810
 20
38.55000
 42
1.0
  0
SEQEND
  8
2DLINES_1
  0
POLYLINE
 5
1BB0
  8
PLACEMENT_OUTLINE_TOP
 66
1
 40
0.025400
 41
0.025400
  0
VERTEX
 5
1BB1
  8
PLACEMENT_OUTLINE_TOP
 10
11.40000
 20
37.15000
  0
VERTEX
 5
1BB2
  8
PLACEMENT_OUTLINE_TOP
 10
11.40000
 20
38.65000
  0
SEQEND
  8
PLACEMENT_OUTLINE_TOP
  0
POLYLINE
 5
1BB3
  8
PLACEMENT_OUTLINE_TOP
 66
1
 70
1
 40
0.012700
 41
0.012700
  0
VERTEX
 5
1BB4
  8
PLACEMENT_OUTLINE_TOP
 10
11.39365
 20
37.15000
 42
1.0
  0
VERTEX
 5
1BB5
  8
PLACEMENT_OUTLINE_TOP
 10
11.40635
 20
37.15000
 42
1.0
  0
SEQEND
  8
PLACEMENT_OUTLINE_TOP
  0
POLYLINE
 5
1BB6
  8
PLACEMENT_OUTLINE_TOP
 66
1
 70
1
 40
0.012700
 41
0.012700
  0
VERTEX
 5
1BB7
  8
PLACEMENT_OUTLINE_TOP
 10
11.39365
 20
38.65000
 42
1.0
  0
VERTEX
 5
1BB8
  8
PLACEMENT_OUTLINE_TOP
 10
11.40635
 20
38.65000
 42
1.0
  0
SEQEND
  8
PLACEMENT_OUTLINE_TOP
  0
POLYLINE
 5
1BB9
  8
PLACEMENT_OUTLINE_TOP
 66
1
 40
0.025400
 41
0.025400
  0
VERTEX
 5
1BBA
  8
PLACEMENT_OUTLINE_TOP
 10
11.40000
 20
38.65000
  0
VERTEX
 5
1BBB
  8
PLACEMENT_OUTLINE_TOP
 10
14.60000
 20
38.65000
  0
SEQEND
  8
PLACEMENT_OUTLINE_TOP
  0
POLYLINE
 5
1BBC
  8
PLACEMENT_OUTLINE_TOP
 66
1
 70
1
 40
0.012700
 41
0.012700
  0
VERTEX
 5
1BBD
  8
PLACEMENT_OUTLINE_TOP
 10
11.39365
 20
38.65000
 42
1.0
  0
VERTEX
 5
1BBE
  8
PLACEMENT_OUTLINE_TOP
 10
11.40635
 20
38.65000
 42
1.0
  0
SEQEND
  8
PLACEMENT_OUTLINE_TOP
  0
POLYLINE
 5
1BBF
  8
PLACEMENT_OUTLINE_TOP
 66
1
 70
1
 40
0.012700
 41
0.012700
  0
VERTEX
 5
1BC0
  8
PLACEMENT_OUTLINE_TOP
 10
14.59365
 20
38.65000
 42
1.0
  0
VERTEX
 5
1BC1
  8
PLACEMENT_OUTLINE_TOP
 10
14.60635
 20
38.65000
 42
1.0
  0
SEQEND
  8
PLACEMENT_OUTLINE_TOP
  0
POLYLINE
 5
1BC2
  8
PLACEMENT_OUTLINE_TOP
 66
1
 40
0.025400
 41
0.025400
  0
VERTEX
 5
1BC3
  8
PLACEMENT_OUTLINE_TOP
 10
14.60000
 20
38.65000
  0
VERTEX
 5
1BC4
  8
PLACEMENT_OUTLINE_TOP
 10
14.60000
 20
37.15000
  0
SEQEND
  8
PLACEMENT_OUTLINE_TOP
  0
POLYLINE
 5
1BC5
  8
PLACEMENT_OUTLINE_TOP
 66
1
 70
1
 40
0.012700
 41
0.012700
  0
VERTEX
 5
1BC6
  8
PLACEMENT_OUTLINE_TOP
 10
14.59365
 20
38.65000
 42
1.0
  0
VERTEX
 5
1BC7
  8
PLACEMENT_OUTLINE_TOP
 10
14.60635
 20
38.65000
 42
1.0
  0
SEQEND
  8
PLACEMENT_OUTLINE_TOP
  0
POLYLINE
 5
1BC8
  8
PLACEMENT_OUTLINE_TOP
 66
1
 70
1
 40
0.012700
 41
0.012700
  0
VERTEX
 5
1BC9
  8
PLACEMENT_OUTLINE_TOP
 10
14.59365
 20
37.15000
 42
1.0
  0
VERTEX
 5
1BCA
  8
PLACEMENT_OUTLINE_TOP
 10
14.60635
 20
37.15000
 42
1.0
  0
SEQEND
  8
PLACEMENT_OUTLINE_TOP
  0
POLYLINE
 5
1BCB
  8
PLACEMENT_OUTLINE_TOP
 66
1
 40
0.025400
 41
0.025400
  0
VERTEX
 5
1BCC
  8
PLACEMENT_OUTLINE_TOP
 10
14.60000
 20
37.15000
  0
VERTEX
 5
1BCD
  8
PLACEMENT_OUTLINE_TOP
 10
11.40000
 20
37.15000
  0
SEQEND
  8
PLACEMENT_OUTLINE_TOP
  0
POLYLINE
 5
1BCE
  8
PLACEMENT_OUTLINE_TOP
 66
1
 70
1
 40
0.012700
 41
0.012700
  0
VERTEX
 5
1BCF
  8
PLACEMENT_OUTLINE_TOP
 10
14.59365
 20
37.15000
 42
1.0
  0
VERTEX
 5
1BD0
  8
PLACEMENT_OUTLINE_TOP
 10
14.60635
 20
37.15000
 42
1.0
  0
SEQEND
  8
PLACEMENT_OUTLINE_TOP
  0
POLYLINE
 5
1BD1
  8
PLACEMENT_OUTLINE_TOP
 66
1
 70
1
 40
0.012700
 41
0.012700
  0
VERTEX
 5
1BD2
  8
PLACEMENT_OUTLINE_TOP
 10
11.39365
 20
37.15000
 42
1.0
  0
VERTEX
 5
1BD3
  8
PLACEMENT_OUTLINE_TOP
 10
11.40635
 20
37.15000
 42
1.0
  0
SEQEND
  8
PLACEMENT_OUTLINE_TOP
  0
SOLID
 5
1BD4
  8
PADLAYER_TOP
 10
12.70000
 20
37.15000
 11
12.70000
 21
38.65000
 12
11.40000
 22
37.15000
 13
11.40000
 23
38.65000
  0
SOLID
 5
1BD5
  8
PADLAYER_TOP
 10
14.60000
 20
37.15000
 11
14.60000
 21
38.65000
 12
13.30000
 22
37.15000
 13
13.30000
 23
38.65000
  0
POLYLINE
 5
1BD6
  8
Top
 66
1
 70
1
 40
0.000000
 41
0.000000
  0
VERTEX
 5
1BD7
  8
Top
 10
11.38730
 20
41.04000
 42
-0.414214
  0
VERTEX
 5
1BD8
  8
Top
 10
11.40000
 20
41.05270
  0
VERTEX
 5
1BD9
  8
Top
 10
14.59000
 20
41.05270
 42
-0.414214
  0
VERTEX
 5
1BDA
  8
Top
 10
14.60270
 20
41.04000
  0
VERTEX
 5
1BDB
  8
Top
 10
14.60270
 20
39.54000
 42
-0.414214
  0
VERTEX
 5
1BDC
  8
Top
 10
14.59000
 20
39.52730
  0
VERTEX
 5
1BDD
  8
Top
 10
11.40000
 20
39.52730
 42
-0.414214
  0
VERTEX
 5
1BDE
  8
Top
 10
11.38730
 20
39.54000
  0
VERTEX
 5
1BDF
  8
Top
 10
11.38730
 20
41.04000
  0
SEQEND
  8
Top
  0
POLYLINE
 5
1BE0
  8
2DLINES_1
 66
1
 40
0.152400
 41
0.152400
  0
VERTEX
 5
1BE1
  8
2DLINES_1
 10
13.00000
 20
39.65000
  0
VERTEX
 5
1BE2
  8
2DLINES_1
 10
13.00000
 20
40.95000
  0
SEQEND
  8
2DLINES_1
  0
POLYLINE
 5
1BE3
  8
2DLINES_1
 66
1
 70
1
 40
0.076200
 41
0.076200
  0
VERTEX
 5
1BE4
  8
2DLINES_1
 10
12.96190
 20
39.65000
 42
1.0
  0
VERTEX
 5
1BE5
  8
2DLINES_1
 10
13.03810
 20
39.65000
 42
1.0
  0
SEQEND
  8
2DLINES_1
  0
POLYLINE
 5
1BE6
  8
2DLINES_1
 66
1
 70
1
 40
0.076200
 41
0.076200
  0
VERTEX
 5
1BE7
  8
2DLINES_1
 10
12.96190
 20
40.95000
 42
1.0
  0
VERTEX
 5
1BE8
  8
2DLINES_1
 10
13.03810
 20
40.95000
 42
1.0
  0
SEQEND
  8
2DLINES_1
  0
POLYLINE
 5
1BE9
  8
PLACEMENT_OUTLINE_TOP
 66
1
 40
0.025400
 41
0.025400
  0
VERTEX
 5
1BEA
  8
PLACEMENT_OUTLINE_TOP
 10
11.40000
 20
39.55000
  0
VERTEX
 5
1BEB
  8
PLACEMENT_OUTLINE_TOP
 10
11.40000
 20
41.05000
  0
SEQEND
  8
PLACEMENT_OUTLINE_TOP
  0
POLYLINE
 5
1BEC
  8
PLACEMENT_OUTLINE_TOP
 66
1
 70
1
 40
0.012700
 41
0.012700
  0
VERTEX
 5
1BED
  8
PLACEMENT_OUTLINE_TOP
 10
11.39365
 20
39.55000
 42
1.0
  0
VERTEX
 5
1BEE
  8
PLACEMENT_OUTLINE_TOP
 10
11.40635
 20
39.55000
 42
1.0
  0
SEQEND
  8
PLACEMENT_OUTLINE_TOP
  0
POLYLINE
 5
1BEF
  8
PLACEMENT_OUTLINE_TOP
 66
1
 70
1
 40
0.012700
 41
0.012700
  0
VERTEX
 5
1BF0
  8
PLACEMENT_OUTLINE_TOP
 10
11.39365
 20
41.05000
 42
1.0
  0
VERTEX
 5
1BF1
  8
PLACEMENT_OUTLINE_TOP
 10
11.40635
 20
41.05000
 42
1.0
  0
SEQEND
  8
PLACEMENT_OUTLINE_TOP
  0
POLYLINE
 5
1BF2
  8
PLACEMENT_OUTLINE_TOP
 66
1
 40
0.025400
 41
0.025400
  0
VERTEX
 5
1BF3
  8
PLACEMENT_OUTLINE_TOP
 10
11.40000
 20
41.05000
  0
VERTEX
 5
1BF4
  8
PLACEMENT_OUTLINE_TOP
 10
14.60000
 20
41.05000
  0
SEQEND
  8
PLACEMENT_OUTLINE_TOP
  0
POLYLINE
 5
1BF5
  8
PLACEMENT_OUTLINE_TOP
 66
1
 70
1
 40
0.012700
 41
0.012700
  0
VERTEX
 5
1BF6
  8
PLACEMENT_OUTLINE_TOP
 10
11.39365
 20
41.05000
 42
1.0
  0
VERTEX
 5
1BF7
  8
PLACEMENT_OUTLINE_TOP
 10
11.40635
 20
41.05000
 42
1.0
  0
SEQEND
  8
PLACEMENT_OUTLINE_TOP
  0
POLYLINE
 5
1BF8
  8
PLACEMENT_OUTLINE_TOP
 66
1
 70
1
 40
0.012700
 41
0.012700
  0
VERTEX
 5
1BF9
  8
PLACEMENT_OUTLINE_TOP
 10
14.59365
 20
41.05000
 42
1.0
  0
VERTEX
 5
1BFA
  8
PLACEMENT_OUTLINE_TOP
 10
14.60635
 20
41.05000
 42
1.0
  0
SEQEND
  8
PLACEMENT_OUTLINE_TOP
  0
POLYLINE
 5
1BFB
  8
PLACEMENT_OUTLINE_TOP
 66
1
 40
0.025400
 41
0.025400
  0
VERTEX
 5
1BFC
  8
PLACEMENT_OUTLINE_TOP
 10
14.60000
 20
41.05000
  0
VERTEX
 5
1BFD
  8
PLACEMENT_OUTLINE_TOP
 10
14.60000
 20
39.55000
  0
SEQEND
  8
PLACEMENT_OUTLINE_TOP
  0
POLYLINE
 5
1BFE
  8
PLACEMENT_OUTLINE_TOP
 66
1
 70
1
 40
0.012700
 41
0.012700
  0
VERTEX
 5
1BFF
  8
PLACEMENT_OUTLINE_TOP
 10
14.59365
 20
41.05000
 42
1.0
  0
VERTEX
 5
1C00
  8
PLACEMENT_OUTLINE_TOP
 10
14.60635
 20
41.05000
 42
1.0
  0
SEQEND
  8
PLACEMENT_OUTLINE_TOP
  0
POLYLINE
 5
1C01
  8
PLACEMENT_OUTLINE_TOP
 66
1
 70
1
 40
0.012700
 41
0.012700
  0
VERTEX
 5
1C02
  8
PLACEMENT_OUTLINE_TOP
 10
14.59365
 20
39.55000
 42
1.0
  0
VERTEX
 5
1C03
  8
PLACEMENT_OUTLINE_TOP
 10
14.60635
 20
39.55000
 42
1.0
  0
SEQEND
  8
PLACEMENT_OUTLINE_TOP
  0
POLYLINE
 5
1C04
  8
PLACEMENT_OUTLINE_TOP
 66
1
 40
0.025400
 41
0.025400
  0
VERTEX
 5
1C05
  8
PLACEMENT_OUTLINE_TOP
 10
14.60000
 20
39.55000
  0
VERTEX
 5
1C06
  8
PLACEMENT_OUTLINE_TOP
 10
11.40000
 20
39.55000
  0
SEQEND
  8
PLACEMENT_OUTLINE_TOP
  0
POLYLINE
 5
1C07
  8
PLACEMENT_OUTLINE_TOP
 66
1
 70
1
 40
0.012700
 41
0.012700
  0
VERTEX
 5
1C08
  8
PLACEMENT_OUTLINE_TOP
 10
14.59365
 20
39.55000
 42
1.0
  0
VERTEX
 5
1C09
  8
PLACEMENT_OUTLINE_TOP
 10
14.60635
 20
39.55000
 42
1.0
  0
SEQEND
  8
PLACEMENT_OUTLINE_TOP
  0
POLYLINE
 5
1C0A
  8
PLACEMENT_OUTLINE_TOP
 66
1
 70
1
 40
0.012700
 41
0.012700
  0
VERTEX
 5
1C0B
  8
PLACEMENT_OUTLINE_TOP
 10
11.39365
 20
39.55000
 42
1.0
  0
VERTEX
 5
1C0C
  8
PLACEMENT_OUTLINE_TOP
 10
11.40635
 20
39.55000
 42
1.0
  0
SEQEND
  8
PLACEMENT_OUTLINE_TOP
  0
SOLID
 5
1C0D
  8
PADLAYER_TOP
 10
12.70000
 20
39.55000
 11
12.70000
 21
41.05000
 12
11.40000
 22
39.55000
 13
11.40000
 23
41.05000
  0
SOLID
 5
1C0E
  8
PADLAYER_TOP
 10
14.60000
 20
39.55000
 11
14.60000
 21
41.05000
 12
13.30000
 22
39.55000
 13
13.30000
 23
41.05000
  0
POLYLINE
 5
1C0F
  8
2DLINES_1
 66
1
 40
0.299970
 41
0.299970
  0
VERTEX
 5
1C10
  8
2DLINES_1
 10
86.76600
 20
22.23800
  0
VERTEX
 5
1C11
  8
2DLINES_1
 10
86.76600
 20
23.13800
  0
SEQEND
  8
2DLINES_1
  0
POLYLINE
 5
1C12
  8
2DLINES_1
 66
1
 70
1
 40
0.149985
 41
0.149985
  0
VERTEX
 5
1C13
  8
2DLINES_1
 10
86.69101
 20
22.23800
 42
1.0
  0
VERTEX
 5
1C14
  8
2DLINES_1
 10
86.84099
 20
22.23800
 42
1.0
  0
SEQEND
  8
2DLINES_1
  0
POLYLINE
 5
1C15
  8
2DLINES_1
 66
1
 70
1
 40
0.149985
 41
0.149985
  0
VERTEX
 5
1C16
  8
2DLINES_1
 10
86.69101
 20
23.13800
 42
1.0
  0
VERTEX
 5
1C17
  8
2DLINES_1
 10
86.84099
 20
23.13800
 42
1.0
  0
SEQEND
  8
2DLINES_1
  0
POLYLINE
 5
1C18
  8
2DLINES_1
 66
1
 40
0.299970
 41
0.299970
  0
VERTEX
 5
1C19
  8
2DLINES_1
 10
86.76600
 20
23.13800
  0
VERTEX
 5
1C1A
  8
2DLINES_1
 10
84.36600
 20
23.13800
  0
SEQEND
  8
2DLINES_1
  0
POLYLINE
 5
1C1B
  8
2DLINES_1
 66
1
 70
1
 40
0.149985
 41
0.149985
  0
VERTEX
 5
1C1C
  8
2DLINES_1
 10
86.69101
 20
23.13800
 42
1.0
  0
VERTEX
 5
1C1D
  8
2DLINES_1
 10
86.84099
 20
23.13800
 42
1.0
  0
SEQEND
  8
2DLINES_1
  0
POLYLINE
 5
1C1E
  8
2DLINES_1
 66
1
 70
1
 40
0.149985
 41
0.149985
  0
VERTEX
 5
1C1F
  8
2DLINES_1
 10
84.29101
 20
23.13800
 42
1.0
  0
VERTEX
 5
1C20
  8
2DLINES_1
 10
84.44099
 20
23.13800
 42
1.0
  0
SEQEND
  8
2DLINES_1
  0
POLYLINE
 5
1C21
  8
2DLINES_1
 66
1
 40
0.299970
 41
0.299970
  0
VERTEX
 5
1C22
  8
2DLINES_1
 10
86.76600
 20
20.83800
  0
VERTEX
 5
1C23
  8
2DLINES_1
 10
86.76600
 20
19.93800
  0
SEQEND
  8
2DLINES_1
  0
POLYLINE
 5
1C24
  8
2DLINES_1
 66
1
 70
1
 40
0.149985
 41
0.149985
  0
VERTEX
 5
1C25
  8
2DLINES_1
 10
86.69101
 20
20.83800
 42
1.0
  0
VERTEX
 5
1C26
  8
2DLINES_1
 10
86.84099
 20
20.83800
 42
1.0
  0
SEQEND
  8
2DLINES_1
  0
POLYLINE
 5
1C27
  8
2DLINES_1
 66
1
 70
1
 40
0.149985
 41
0.149985
  0
VERTEX
 5
1C28
  8
2DLINES_1
 10
86.69101
 20
19.93800
 42
1.0
  0
VERTEX
 5
1C29
  8
2DLINES_1
 10
86.84099
 20
19.93800
 42
1.0
  0
SEQEND
  8
2DLINES_1
  0
POLYLINE
 5
1C2A
  8
2DLINES_1
 66
1
 40
0.299970
 41
0.299970
  0
VERTEX
 5
1C2B
  8
2DLINES_1
 10
86.76600
 20
19.93800
  0
VERTEX
 5
1C2C
  8
2DLINES_1
 10
84.36600
 20
19.93800
  0
SEQEND
  8
2DLINES_1
  0
POLYLINE
 5
1C2D
  8
2DLINES_1
 66
1
 70
1
 40
0.149985
 41
0.149985
  0
VERTEX
 5
1C2E
  8
2DLINES_1
 10
86.69101
 20
19.93800
 42
1.0
  0
VERTEX
 5
1C2F
  8
2DLINES_1
 10
86.84099
 20
19.93800
 42
1.0
  0
SEQEND
  8
2DLINES_1
  0
POLYLINE
 5
1C30
  8
2DLINES_1
 66
1
 70
1
 40
0.149985
 41
0.149985
  0
VERTEX
 5
1C31
  8
2DLINES_1
 10
84.29101
 20
19.93800
 42
1.0
  0
VERTEX
 5
1C32
  8
2DLINES_1
 10
84.44099
 20
19.93800
 42
1.0
  0
SEQEND
  8
2DLINES_1
  0
POLYLINE
 5
1C33
  8
PLACEMENT_OUTLINE_TOP
 66
1
 40
0.299970
 41
0.299970
  0
VERTEX
 5
1C34
  8
PLACEMENT_OUTLINE_TOP
 10
85.24850
 20
23.44300
  0
VERTEX
 5
1C35
  8
PLACEMENT_OUTLINE_TOP
 10
83.34350
 20
23.44300
  0
SEQEND
  8
PLACEMENT_OUTLINE_TOP
  0
POLYLINE
 5
1C36
  8
PLACEMENT_OUTLINE_TOP
 66
1
 70
1
 40
0.149985
 41
0.149985
  0
VERTEX
 5
1C37
  8
PLACEMENT_OUTLINE_TOP
 10
85.17351
 20
23.44300
 42
1.0
  0
VERTEX
 5
1C38
  8
PLACEMENT_OUTLINE_TOP
 10
85.32349
 20
23.44300
 42
1.0
  0
SEQEND
  8
PLACEMENT_OUTLINE_TOP
  0
POLYLINE
 5
1C39
  8
PLACEMENT_OUTLINE_TOP
 66
1
 70
1
 40
0.149985
 41
0.149985
  0
VERTEX
 5
1C3A
  8
PLACEMENT_OUTLINE_TOP
 10
83.26851
 20
23.44300
 42
1.0
  0
VERTEX
 5
1C3B
  8
PLACEMENT_OUTLINE_TOP
 10
83.41849
 20
23.44300
 42
1.0
  0
SEQEND
  8
PLACEMENT_OUTLINE_TOP
  0
POLYLINE
 5
1C3C
  8
PLACEMENT_OUTLINE_TOP
 66
1
 40
0.299970
 41
0.299970
  0
VERTEX
 5
1C3D
  8
PLACEMENT_OUTLINE_TOP
 10
83.34350
 20
23.44300
  0
VERTEX
 5
1C3E
  8
PLACEMENT_OUTLINE_TOP
 10
83.34350
 20
19.63300
  0
SEQEND
  8
PLACEMENT_OUTLINE_TOP
  0
POLYLINE
 5
1C3F
  8
PLACEMENT_OUTLINE_TOP
 66
1
 70
1
 40
0.149985
 41
0.149985
  0
VERTEX
 5
1C40
  8
PLACEMENT_OUTLINE_TOP
 10
83.26851
 20
23.44300
 42
1.0
  0
VERTEX
 5
1C41
  8
PLACEMENT_OUTLINE_TOP
 10
83.41849
 20
23.44300
 42
1.0
  0
SEQEND
  8
PLACEMENT_OUTLINE_TOP
  0
POLYLINE
 5
1C42
  8
PLACEMENT_OUTLINE_TOP
 66
1
 70
1
 40
0.149985
 41
0.149985
  0
VERTEX
 5
1C43
  8
PLACEMENT_OUTLINE_TOP
 10
83.26851
 20
19.63300
 42
1.0
  0
VERTEX
 5
1C44
  8
PLACEMENT_OUTLINE_TOP
 10
83.41849
 20
19.63300
 42
1.0
  0
SEQEND
  8
PLACEMENT_OUTLINE_TOP
  0
POLYLINE
 5
1C45
  8
PLACEMENT_OUTLINE_TOP
 66
1
 40
0.299970
 41
0.299970
  0
VERTEX
 5
1C46
  8
PLACEMENT_OUTLINE_TOP
 10
83.34350
 20
19.63300
  0
VERTEX
 5
1C47
  8
PLACEMENT_OUTLINE_TOP
 10
87.78850
 20
19.63300
  0
SEQEND
  8
PLACEMENT_OUTLINE_TOP
  0
POLYLINE
 5
1C48
  8
PLACEMENT_OUTLINE_TOP
 66
1
 70
1
 40
0.149985
 41
0.149985
  0
VERTEX
 5
1C49
  8
PLACEMENT_OUTLINE_TOP
 10
83.26851
 20
19.63300
 42
1.0
  0
VERTEX
 5
1C4A
  8
PLACEMENT_OUTLINE_TOP
 10
83.41849
 20
19.63300
 42
1.0
  0
SEQEND
  8
PLACEMENT_OUTLINE_TOP
  0
POLYLINE
 5
1C4B
  8
PLACEMENT_OUTLINE_TOP
 66
1
 70
1
 40
0.149985
 41
0.149985
  0
VERTEX
 5
1C4C
  8
PLACEMENT_OUTLINE_TOP
 10
87.71351
 20
19.63300
 42
1.0
  0
VERTEX
 5
1C4D
  8
PLACEMENT_OUTLINE_TOP
 10
87.86349
 20
19.63300
 42
1.0
  0
SEQEND
  8
PLACEMENT_OUTLINE_TOP
  0
POLYLINE
 5
1C4E
  8
PLACEMENT_OUTLINE_TOP
 66
1
 40
0.299970
 41
0.299970
  0
VERTEX
 5
1C4F
  8
PLACEMENT_OUTLINE_TOP
 10
87.78850
 20
19.63300
  0
VERTEX
 5
1C50
  8
PLACEMENT_OUTLINE_TOP
 10
87.78850
 20
23.44300
  0
SEQEND
  8
PLACEMENT_OUTLINE_TOP
  0
POLYLINE
 5
1C51
  8
PLACEMENT_OUTLINE_TOP
 66
1
 70
1
 40
0.149985
 41
0.149985
  0
VERTEX
 5
1C52
  8
PLACEMENT_OUTLINE_TOP
 10
87.71351
 20
19.63300
 42
1.0
  0
VERTEX
 5
1C53
  8
PLACEMENT_OUTLINE_TOP
 10
87.86349
 20
19.63300
 42
1.0
  0
SEQEND
  8
PLACEMENT_OUTLINE_TOP
  0
POLYLINE
 5
1C54
  8
PLACEMENT_OUTLINE_TOP
 66
1
 70
1
 40
0.149985
 41
0.149985
  0
VERTEX
 5
1C55
  8
PLACEMENT_OUTLINE_TOP
 10
87.71351
 20
23.44300
 42
1.0
  0
VERTEX
 5
1C56
  8
PLACEMENT_OUTLINE_TOP
 10
87.86349
 20
23.44300
 42
1.0
  0
SEQEND
  8
PLACEMENT_OUTLINE_TOP
  0
POLYLINE
 5
1C57
  8
PLACEMENT_OUTLINE_TOP
 66
1
 40
0.299970
 41
0.299970
  0
VERTEX
 5
1C58
  8
PLACEMENT_OUTLINE_TOP
 10
87.78850
 20
23.44300
  0
VERTEX
 5
1C59
  8
PLACEMENT_OUTLINE_TOP
 10
85.24850
 20
23.44300
  0
SEQEND
  8
PLACEMENT_OUTLINE_TOP
  0
POLYLINE
 5
1C5A
  8
PLACEMENT_OUTLINE_TOP
 66
1
 70
1
 40
0.149985
 41
0.149985
  0
VERTEX
 5
1C5B
  8
PLACEMENT_OUTLINE_TOP
 10
87.71351
 20
23.44300
 42
1.0
  0
VERTEX
 5
1C5C
  8
PLACEMENT_OUTLINE_TOP
 10
87.86349
 20
23.44300
 42
1.0
  0
SEQEND
  8
PLACEMENT_OUTLINE_TOP
  0
POLYLINE
 5
1C5D
  8
PLACEMENT_OUTLINE_TOP
 66
1
 70
1
 40
0.149985
 41
0.149985
  0
VERTEX
 5
1C5E
  8
PLACEMENT_OUTLINE_TOP
 10
85.17351
 20
23.44300
 42
1.0
  0
VERTEX
 5
1C5F
  8
PLACEMENT_OUTLINE_TOP
 10
85.32349
 20
23.44300
 42
1.0
  0
SEQEND
  8
PLACEMENT_OUTLINE_TOP
  0
SOLID
 5
1C60
  8
PADLAYER_TOP
 10
83.79450
 20
22.10700
 11
84.93750
 21
22.10700
 12
83.79450
 22
22.86900
 13
84.93750
 23
22.86900
  0
SOLID
 5
1C61
  8
PADLAYER_TOP
 10
83.79450
 20
20.20700
 11
84.93750
 21
20.20700
 12
83.79450
 22
20.96900
 13
84.93750
 23
20.96900
  0
SOLID
 5
1C62
  8
PADLAYER_TOP
 10
86.19450
 20
21.15700
 11
87.33750
 21
21.15700
 12
86.19450
 22
21.91900
 13
87.33750
 23
21.91900
  0
POLYLINE
 5
1C63
  8
Top
 66
1
 40
0.000000
 41
0.000000
  0
VERTEX
 5
1C64
  8
Top
 10
46.60000
 20
19.50000
 42
1.000000
  0
VERTEX
 5
1C65
  8
Top
 10
49.20000
 20
19.50000
 42
1.000000
  0
VERTEX
 5
1C66
  8
Top
 10
46.60000
 20
19.50000
  0
SEQEND
  8
Top
  0
POLYLINE
 5
1C67
  8
Bottom
 66
1
 40
0.000000
 41
0.000000
  0
VERTEX
 5
1C68
  8
Bottom
 10
46.60000
 20
19.50000
 42
1.000000
  0
VERTEX
 5
1C69
  8
Bottom
 10
49.20000
 20
19.50000
 42
1.000000
  0
VERTEX
 5
1C6A
  8
Bottom
 10
46.60000
 20
19.50000
  0
SEQEND
  8
Bottom
  0
POLYLINE
 5
1C6B
  8
PLACEMENT_OUTLINE_TOP
 66
1
 40
0.025400
 41
0.025400
  0
VERTEX
 5
1C6C
  8
PLACEMENT_OUTLINE_TOP
 10
46.80000
 20
18.40000
  0
VERTEX
 5
1C6D
  8
PLACEMENT_OUTLINE_TOP
 10
46.80000
 20
20.60000
  0
SEQEND
  8
PLACEMENT_OUTLINE_TOP
  0
POLYLINE
 5
1C6E
  8
PLACEMENT_OUTLINE_TOP
 66
1
 70
1
 40
0.012700
 41
0.012700
  0
VERTEX
 5
1C6F
  8
PLACEMENT_OUTLINE_TOP
 10
46.79365
 20
18.40000
 42
1.0
  0
VERTEX
 5
1C70
  8
PLACEMENT_OUTLINE_TOP
 10
46.80635
 20
18.40000
 42
1.0
  0
SEQEND
  8
PLACEMENT_OUTLINE_TOP
  0
POLYLINE
 5
1C71
  8
PLACEMENT_OUTLINE_TOP
 66
1
 70
1
 40
0.012700
 41
0.012700
  0
VERTEX
 5
1C72
  8
PLACEMENT_OUTLINE_TOP
 10
46.79365
 20
20.60000
 42
1.0
  0
VERTEX
 5
1C73
  8
PLACEMENT_OUTLINE_TOP
 10
46.80635
 20
20.60000
 42
1.0
  0
SEQEND
  8
PLACEMENT_OUTLINE_TOP
  0
POLYLINE
 5
1C74
  8
PLACEMENT_OUTLINE_TOP
 66
1
 40
0.025400
 41
0.025400
  0
VERTEX
 5
1C75
  8
PLACEMENT_OUTLINE_TOP
 10
46.80000
 20
20.60000
  0
VERTEX
 5
1C76
  8
PLACEMENT_OUTLINE_TOP
 10
49.00000
 20
20.60000
  0
SEQEND
  8
PLACEMENT_OUTLINE_TOP
  0
POLYLINE
 5
1C77
  8
PLACEMENT_OUTLINE_TOP
 66
1
 70
1
 40
0.012700
 41
0.012700
  0
VERTEX
 5
1C78
  8
PLACEMENT_OUTLINE_TOP
 10
46.79365
 20
20.60000
 42
1.0
  0
VERTEX
 5
1C79
  8
PLACEMENT_OUTLINE_TOP
 10
46.80635
 20
20.60000
 42
1.0
  0
SEQEND
  8
PLACEMENT_OUTLINE_TOP
  0
POLYLINE
 5
1C7A
  8
PLACEMENT_OUTLINE_TOP
 66
1
 70
1
 40
0.012700
 41
0.012700
  0
VERTEX
 5
1C7B
  8
PLACEMENT_OUTLINE_TOP
 10
48.99365
 20
20.60000
 42
1.0
  0
VERTEX
 5
1C7C
  8
PLACEMENT_OUTLINE_TOP
 10
49.00635
 20
20.60000
 42
1.0
  0
SEQEND
  8
PLACEMENT_OUTLINE_TOP
  0
POLYLINE
 5
1C7D
  8
PLACEMENT_OUTLINE_TOP
 66
1
 40
0.025400
 41
0.025400
  0
VERTEX
 5
1C7E
  8
PLACEMENT_OUTLINE_TOP
 10
49.00000
 20
20.60000
  0
VERTEX
 5
1C7F
  8
PLACEMENT_OUTLINE_TOP
 10
49.00000
 20
18.40000
  0
SEQEND
  8
PLACEMENT_OUTLINE_TOP
  0
POLYLINE
 5
1C80
  8
PLACEMENT_OUTLINE_TOP
 66
1
 70
1
 40
0.012700
 41
0.012700
  0
VERTEX
 5
1C81
  8
PLACEMENT_OUTLINE_TOP
 10
48.99365
 20
20.60000
 42
1.0
  0
VERTEX
 5
1C82
  8
PLACEMENT_OUTLINE_TOP
 10
49.00635
 20
20.60000
 42
1.0
  0
SEQEND
  8
PLACEMENT_OUTLINE_TOP
  0
POLYLINE
 5
1C83
  8
PLACEMENT_OUTLINE_TOP
 66
1
 70
1
 40
0.012700
 41
0.012700
  0
VERTEX
 5
1C84
  8
PLACEMENT_OUTLINE_TOP
 10
48.99365
 20
18.40000
 42
1.0
  0
VERTEX
 5
1C85
  8
PLACEMENT_OUTLINE_TOP
 10
49.00635
 20
18.40000
 42
1.0
  0
SEQEND
  8
PLACEMENT_OUTLINE_TOP
  0
POLYLINE
 5
1C86
  8
PLACEMENT_OUTLINE_TOP
 66
1
 40
0.025400
 41
0.025400
  0
VERTEX
 5
1C87
  8
PLACEMENT_OUTLINE_TOP
 10
49.00000
 20
18.40000
  0
VERTEX
 5
1C88
  8
PLACEMENT_OUTLINE_TOP
 10
46.80000
 20
18.40000
  0
SEQEND
  8
PLACEMENT_OUTLINE_TOP
  0
POLYLINE
 5
1C89
  8
PLACEMENT_OUTLINE_TOP
 66
1
 70
1
 40
0.012700
 41
0.012700
  0
VERTEX
 5
1C8A
  8
PLACEMENT_OUTLINE_TOP
 10
48.99365
 20
18.40000
 42
1.0
  0
VERTEX
 5
1C8B
  8
PLACEMENT_OUTLINE_TOP
 10
49.00635
 20
18.40000
 42
1.0
  0
SEQEND
  8
PLACEMENT_OUTLINE_TOP
  0
POLYLINE
 5
1C8C
  8
PLACEMENT_OUTLINE_TOP
 66
1
 70
1
 40
0.012700
 41
0.012700
  0
VERTEX
 5
1C8D
  8
PLACEMENT_OUTLINE_TOP
 10
46.79365
 20
18.40000
 42
1.0
  0
VERTEX
 5
1C8E
  8
PLACEMENT_OUTLINE_TOP
 10
46.80635
 20
18.40000
 42
1.0
  0
SEQEND
  8
PLACEMENT_OUTLINE_TOP
  0
POLYLINE
 5
1C8F
  8
PADLAYER_TOP
 66
1
 70
1
 40
1.100000
 41
1.100000
  0
VERTEX
 5
1C90
  8
PADLAYER_TOP
 10
47.35000
 20
19.50000
 42
1.0
  0
VERTEX
 5
1C91
  8
PADLAYER_TOP
 10
48.45000
 20
19.50000
 42
1.0
  0
SEQEND
  8
PADLAYER_TOP
  0
POLYLINE
 5
1C92
  8
PADLAYER_BOTTOM
 66
1
 70
1
 40
0.550000
 41
0.550000
  0
VERTEX
 5
1C93
  8
PADLAYER_BOTTOM
 10
47.62500
 20
19.50000
 42
1.0
  0
VERTEX
 5
1C94
  8
PADLAYER_BOTTOM
 10
48.17500
 20
19.50000
 42
1.0
  0
SEQEND
  8
PADLAYER_BOTTOM
  0
POLYLINE
 5
1C95
  8
TOOL_TOP
 66
1
 40
0.025400
 41
0.025400
  0
VERTEX
 5
1C96
  8
TOOL_TOP
 10
47.45000
 20
19.50000
 42
1.000000
  0
VERTEX
 5
1C97
  8
TOOL_TOP
 10
48.35000
 20
19.50000
 42
1.000000
  0
VERTEX
 5
1C98
  8
TOOL_TOP
 10
47.45000
 20
19.50000
  0
SEQEND
  8
TOOL_TOP
  0
TEXT
  8
TOOLCODE_TOP
 10
47.42750
 20
19.27500
 40
0.450000
  1
T00
  0
POLYLINE
 5
1C99
  8
Top
 66
1
 40
0.000000
 41
0.000000
  0
VERTEX
 5
1C9A
  8
Top
 10
54.00000
 20
22.00000
 42
1.000000
  0
VERTEX
 5
1C9B
  8
Top
 10
56.60000
 20
22.00000
 42
1.000000
  0
VERTEX
 5
1C9C
  8
Top
 10
54.00000
 20
22.00000
  0
SEQEND
  8
Top
  0
POLYLINE
 5
1C9D
  8
Bottom
 66
1
 40
0.000000
 41
0.000000
  0
VERTEX
 5
1C9E
  8
Bottom
 10
54.00000
 20
22.00000
 42
1.000000
  0
VERTEX
 5
1C9F
  8
Bottom
 10
56.60000
 20
22.00000
 42
1.000000
  0
VERTEX
 5
1CA0
  8
Bottom
 10
54.00000
 20
22.00000
  0
SEQEND
  8
Bottom
  0
POLYLINE
 5
1CA1
  8
PLACEMENT_OUTLINE_TOP
 66
1
 40
0.025400
 41
0.025400
  0
VERTEX
 5
1CA2
  8
PLACEMENT_OUTLINE_TOP
 10
54.20000
 20
20.90000
  0
VERTEX
 5
1CA3
  8
PLACEMENT_OUTLINE_TOP
 10
54.20000
 20
23.10000
  0
SEQEND
  8
PLACEMENT_OUTLINE_TOP
  0
POLYLINE
 5
1CA4
  8
PLACEMENT_OUTLINE_TOP
 66
1
 70
1
 40
0.012700
 41
0.012700
  0
VERTEX
 5
1CA5
  8
PLACEMENT_OUTLINE_TOP
 10
54.19365
 20
20.90000
 42
1.0
  0
VERTEX
 5
1CA6
  8
PLACEMENT_OUTLINE_TOP
 10
54.20635
 20
20.90000
 42
1.0
  0
SEQEND
  8
PLACEMENT_OUTLINE_TOP
  0
POLYLINE
 5
1CA7
  8
PLACEMENT_OUTLINE_TOP
 66
1
 70
1
 40
0.012700
 41
0.012700
  0
VERTEX
 5
1CA8
  8
PLACEMENT_OUTLINE_TOP
 10
54.19365
 20
23.10000
 42
1.0
  0
VERTEX
 5
1CA9
  8
PLACEMENT_OUTLINE_TOP
 10
54.20635
 20
23.10000
 42
1.0
  0
SEQEND
  8
PLACEMENT_OUTLINE_TOP
  0
POLYLINE
 5
1CAA
  8
PLACEMENT_OUTLINE_TOP
 66
1
 40
0.025400
 41
0.025400
  0
VERTEX
 5
1CAB
  8
PLACEMENT_OUTLINE_TOP
 10
54.20000
 20
23.10000
  0
VERTEX
 5
1CAC
  8
PLACEMENT_OUTLINE_TOP
 10
56.40000
 20
23.10000
  0
SEQEND
  8
PLACEMENT_OUTLINE_TOP
  0
POLYLINE
 5
1CAD
  8
PLACEMENT_OUTLINE_TOP
 66
1
 70
1
 40
0.012700
 41
0.012700
  0
VERTEX
 5
1CAE
  8
PLACEMENT_OUTLINE_TOP
 10
54.19365
 20
23.10000
 42
1.0
  0
VERTEX
 5
1CAF
  8
PLACEMENT_OUTLINE_TOP
 10
54.20635
 20
23.10000
 42
1.0
  0
SEQEND
  8
PLACEMENT_OUTLINE_TOP
  0
POLYLINE
 5
1CB0
  8
PLACEMENT_OUTLINE_TOP
 66
1
 70
1
 40
0.012700
 41
0.012700
  0
VERTEX
 5
1CB1
  8
PLACEMENT_OUTLINE_TOP
 10
56.39365
 20
23.10000
 42
1.0
  0
VERTEX
 5
1CB2
  8
PLACEMENT_OUTLINE_TOP
 10
56.40635
 20
23.10000
 42
1.0
  0
SEQEND
  8
PLACEMENT_OUTLINE_TOP
  0
POLYLINE
 5
1CB3
  8
PLACEMENT_OUTLINE_TOP
 66
1
 40
0.025400
 41
0.025400
  0
VERTEX
 5
1CB4
  8
PLACEMENT_OUTLINE_TOP
 10
56.40000
 20
23.10000
  0
VERTEX
 5
1CB5
  8
PLACEMENT_OUTLINE_TOP
 10
56.40000
 20
20.90000
  0
SEQEND
  8
PLACEMENT_OUTLINE_TOP
  0
POLYLINE
 5
1CB6
  8
PLACEMENT_OUTLINE_TOP
 66
1
 70
1
 40
0.012700
 41
0.012700
  0
VERTEX
 5
1CB7
  8
PLACEMENT_OUTLINE_TOP
 10
56.39365
 20
23.10000
 42
1.0
  0
VERTEX
 5
1CB8
  8
PLACEMENT_OUTLINE_TOP
 10
56.40635
 20
23.10000
 42
1.0
  0
SEQEND
  8
PLACEMENT_OUTLINE_TOP
  0
POLYLINE
 5
1CB9
  8
PLACEMENT_OUTLINE_TOP
 66
1
 70
1
 40
0.012700
 41
0.012700
  0
VERTEX
 5
1CBA
  8
PLACEMENT_OUTLINE_TOP
 10
56.39365
 20
20.90000
 42
1.0
  0
VERTEX
 5
1CBB
  8
PLACEMENT_OUTLINE_TOP
 10
56.40635
 20
20.90000
 42
1.0
  0
SEQEND
  8
PLACEMENT_OUTLINE_TOP
  0
POLYLINE
 5
1CBC
  8
PLACEMENT_OUTLINE_TOP
 66
1
 40
0.025400
 41
0.025400
  0
VERTEX
 5
1CBD
  8
PLACEMENT_OUTLINE_TOP
 10
56.40000
 20
20.90000
  0
VERTEX
 5
1CBE
  8
PLACEMENT_OUTLINE_TOP
 10
54.20000
 20
20.90000
  0
SEQEND
  8
PLACEMENT_OUTLINE_TOP
  0
POLYLINE
 5
1CBF
  8
PLACEMENT_OUTLINE_TOP
 66
1
 70
1
 40
0.012700
 41
0.012700
  0
VERTEX
 5
1CC0
  8
PLACEMENT_OUTLINE_TOP
 10
56.39365
 20
20.90000
 42
1.0
  0
VERTEX
 5
1CC1
  8
PLACEMENT_OUTLINE_TOP
 10
56.40635
 20
20.90000
 42
1.0
  0
SEQEND
  8
PLACEMENT_OUTLINE_TOP
  0
POLYLINE
 5
1CC2
  8
PLACEMENT_OUTLINE_TOP
 66
1
 70
1
 40
0.012700
 41
0.012700
  0
VERTEX
 5
1CC3
  8
PLACEMENT_OUTLINE_TOP
 10
54.19365
 20
20.90000
 42
1.0
  0
VERTEX
 5
1CC4
  8
PLACEMENT_OUTLINE_TOP
 10
54.20635
 20
20.90000
 42
1.0
  0
SEQEND
  8
PLACEMENT_OUTLINE_TOP
  0
POLYLINE
 5
1CC5
  8
PADLAYER_TOP
 66
1
 70
1
 40
1.100000
 41
1.100000
  0
VERTEX
 5
1CC6
  8
PADLAYER_TOP
 10
54.75000
 20
22.00000
 42
1.0
  0
VERTEX
 5
1CC7
  8
PADLAYER_TOP
 10
55.85000
 20
22.00000
 42
1.0
  0
SEQEND
  8
PADLAYER_TOP
  0
POLYLINE
 5
1CC8
  8
PADLAYER_BOTTOM
 66
1
 70
1
 40
0.550000
 41
0.550000
  0
VERTEX
 5
1CC9
  8
PADLAYER_BOTTOM
 10
55.02500
 20
22.00000
 42
1.0
  0
VERTEX
 5
1CCA
  8
PADLAYER_BOTTOM
 10
55.57500
 20
22.00000
 42
1.0
  0
SEQEND
  8
PADLAYER_BOTTOM
  0
POLYLINE
 5
1CCB
  8
TOOL_TOP
 66
1
 40
0.025400
 41
0.025400
  0
VERTEX
 5
1CCC
  8
TOOL_TOP
 10
54.85000
 20
22.00000
 42
1.000000
  0
VERTEX
 5
1CCD
  8
TOOL_TOP
 10
55.75000
 20
22.00000
 42
1.000000
  0
VERTEX
 5
1CCE
  8
TOOL_TOP
 10
54.85000
 20
22.00000
  0
SEQEND
  8
TOOL_TOP
  0
TEXT
  8
TOOLCODE_TOP
 10
54.82750
 20
21.77500
 40
0.450000
  1
T00
  0
POLYLINE
 5
1CCF
  8
Top
 66
1
 40
0.000000
 41
0.000000
  0
VERTEX
 5
1CD0
  8
Top
 10
92.90000
 20
25.00000
 42
1.000000
  0
VERTEX
 5
1CD1
  8
Top
 10
95.50000
 20
25.00000
 42
1.000000
  0
VERTEX
 5
1CD2
  8
Top
 10
92.90000
 20
25.00000
  0
SEQEND
  8
Top
  0
POLYLINE
 5
1CD3
  8
Bottom
 66
1
 40
0.000000
 41
0.000000
  0
VERTEX
 5
1CD4
  8
Bottom
 10
92.90000
 20
25.00000
 42
1.000000
  0
VERTEX
 5
1CD5
  8
Bottom
 10
95.50000
 20
25.00000
 42
1.000000
  0
VERTEX
 5
1CD6
  8
Bottom
 10
92.90000
 20
25.00000
  0
SEQEND
  8
Bottom
  0
POLYLINE
 5
1CD7
  8
PLACEMENT_OUTLINE_TOP
 66
1
 40
0.025400
 41
0.025400
  0
VERTEX
 5
1CD8
  8
PLACEMENT_OUTLINE_TOP
 10
93.10000
 20
23.90000
  0
VERTEX
 5
1CD9
  8
PLACEMENT_OUTLINE_TOP
 10
93.10000
 20
26.10000
  0
SEQEND
  8
PLACEMENT_OUTLINE_TOP
  0
POLYLINE
 5
1CDA
  8
PLACEMENT_OUTLINE_TOP
 66
1
 70
1
 40
0.012700
 41
0.012700
  0
VERTEX
 5
1CDB
  8
PLACEMENT_OUTLINE_TOP
 10
93.09365
 20
23.90000
 42
1.0
  0
VERTEX
 5
1CDC
  8
PLACEMENT_OUTLINE_TOP
 10
93.10635
 20
23.90000
 42
1.0
  0
SEQEND
  8
PLACEMENT_OUTLINE_TOP
  0
POLYLINE
 5
1CDD
  8
PLACEMENT_OUTLINE_TOP
 66
1
 70
1
 40
0.012700
 41
0.012700
  0
VERTEX
 5
1CDE
  8
PLACEMENT_OUTLINE_TOP
 10
93.09365
 20
26.10000
 42
1.0
  0
VERTEX
 5
1CDF
  8
PLACEMENT_OUTLINE_TOP
 10
93.10635
 20
26.10000
 42
1.0
  0
SEQEND
  8
PLACEMENT_OUTLINE_TOP
  0
POLYLINE
 5
1CE0
  8
PLACEMENT_OUTLINE_TOP
 66
1
 40
0.025400
 41
0.025400
  0
VERTEX
 5
1CE1
  8
PLACEMENT_OUTLINE_TOP
 10
93.10000
 20
26.10000
  0
VERTEX
 5
1CE2
  8
PLACEMENT_OUTLINE_TOP
 10
95.30000
 20
26.10000
  0
SEQEND
  8
PLACEMENT_OUTLINE_TOP
  0
POLYLINE
 5
1CE3
  8
PLACEMENT_OUTLINE_TOP
 66
1
 70
1
 40
0.012700
 41
0.012700
  0
VERTEX
 5
1CE4
  8
PLACEMENT_OUTLINE_TOP
 10
93.09365
 20
26.10000
 42
1.0
  0
VERTEX
 5
1CE5
  8
PLACEMENT_OUTLINE_TOP
 10
93.10635
 20
26.10000
 42
1.0
  0
SEQEND
  8
PLACEMENT_OUTLINE_TOP
  0
POLYLINE
 5
1CE6
  8
PLACEMENT_OUTLINE_TOP
 66
1
 70
1
 40
0.012700
 41
0.012700
  0
VERTEX
 5
1CE7
  8
PLACEMENT_OUTLINE_TOP
 10
95.29365
 20
26.10000
 42
1.0
  0
VERTEX
 5
1CE8
  8
PLACEMENT_OUTLINE_TOP
 10
95.30635
 20
26.10000
 42
1.0
  0
SEQEND
  8
PLACEMENT_OUTLINE_TOP
  0
POLYLINE
 5
1CE9
  8
PLACEMENT_OUTLINE_TOP
 66
1
 40
0.025400
 41
0.025400
  0
VERTEX
 5
1CEA
  8
PLACEMENT_OUTLINE_TOP
 10
95.30000
 20
26.10000
  0
VERTEX
 5
1CEB
  8
PLACEMENT_OUTLINE_TOP
 10
95.30000
 20
23.90000
  0
SEQEND
  8
PLACEMENT_OUTLINE_TOP
  0
POLYLINE
 5
1CEC
  8
PLACEMENT_OUTLINE_TOP
 66
1
 70
1
 40
0.012700
 41
0.012700
  0
VERTEX
 5
1CED
  8
PLACEMENT_OUTLINE_TOP
 10
95.29365
 20
26.10000
 42
1.0
  0
VERTEX
 5
1CEE
  8
PLACEMENT_OUTLINE_TOP
 10
95.30635
 20
26.10000
 42
1.0
  0
SEQEND
  8
PLACEMENT_OUTLINE_TOP
  0
POLYLINE
 5
1CEF
  8
PLACEMENT_OUTLINE_TOP
 66
1
 70
1
 40
0.012700
 41
0.012700
  0
VERTEX
 5
1CF0
  8
PLACEMENT_OUTLINE_TOP
 10
95.29365
 20
23.90000
 42
1.0
  0
VERTEX
 5
1CF1
  8
PLACEMENT_OUTLINE_TOP
 10
95.30635
 20
23.90000
 42
1.0
  0
SEQEND
  8
PLACEMENT_OUTLINE_TOP
  0
POLYLINE
 5
1CF2
  8
PLACEMENT_OUTLINE_TOP
 66
1
 40
0.025400
 41
0.025400
  0
VERTEX
 5
1CF3
  8
PLACEMENT_OUTLINE_TOP
 10
95.30000
 20
23.90000
  0
VERTEX
 5
1CF4
  8
PLACEMENT_OUTLINE_TOP
 10
93.10000
 20
23.90000
  0
SEQEND
  8
PLACEMENT_OUTLINE_TOP
  0
POLYLINE
 5
1CF5
  8
PLACEMENT_OUTLINE_TOP
 66
1
 70
1
 40
0.012700
 41
0.012700
  0
VERTEX
 5
1CF6
  8
PLACEMENT_OUTLINE_TOP
 10
95.29365
 20
23.90000
 42
1.0
  0
VERTEX
 5
1CF7
  8
PLACEMENT_OUTLINE_TOP
 10
95.30635
 20
23.90000
 42
1.0
  0
SEQEND
  8
PLACEMENT_OUTLINE_TOP
  0
POLYLINE
 5
1CF8
  8
PLACEMENT_OUTLINE_TOP
 66
1
 70
1
 40
0.012700
 41
0.012700
  0
VERTEX
 5
1CF9
  8
PLACEMENT_OUTLINE_TOP
 10
93.09365
 20
23.90000
 42
1.0
  0
VERTEX
 5
1CFA
  8
PLACEMENT_OUTLINE_TOP
 10
93.10635
 20
23.90000
 42
1.0
  0
SEQEND
  8
PLACEMENT_OUTLINE_TOP
  0
POLYLINE
 5
1CFB
  8
PADLAYER_TOP
 66
1
 70
1
 40
1.100000
 41
1.100000
  0
VERTEX
 5
1CFC
  8
PADLAYER_TOP
 10
93.65000
 20
25.00000
 42
1.0
  0
VERTEX
 5
1CFD
  8
PADLAYER_TOP
 10
94.75000
 20
25.00000
 42
1.0
  0
SEQEND
  8
PADLAYER_TOP
  0
POLYLINE
 5
1CFE
  8
PADLAYER_BOTTOM
 66
1
 70
1
 40
0.550000
 41
0.550000
  0
VERTEX
 5
1CFF
  8
PADLAYER_BOTTOM
 10
93.92500
 20
25.00000
 42
1.0
  0
VERTEX
 5
1D00
  8
PADLAYER_BOTTOM
 10
94.47500
 20
25.00000
 42
1.0
  0
SEQEND
  8
PADLAYER_BOTTOM
  0
POLYLINE
 5
1D01
  8
TOOL_TOP
 66
1
 40
0.025400
 41
0.025400
  0
VERTEX
 5
1D02
  8
TOOL_TOP
 10
93.75000
 20
25.00000
 42
1.000000
  0
VERTEX
 5
1D03
  8
TOOL_TOP
 10
94.65000
 20
25.00000
 42
1.000000
  0
VERTEX
 5
1D04
  8
TOOL_TOP
 10
93.75000
 20
25.00000
  0
SEQEND
  8
TOOL_TOP
  0
TEXT
  8
TOOLCODE_TOP
 10
93.72750
 20
24.77500
 40
0.450000
  1
T00
  0
POLYLINE
 5
1D05
  8
Top
 66
1
 40
0.000000
 41
0.000000
  0
VERTEX
 5
1D06
  8
Top
 10
91.20000
 20
17.00000
 42
1.000000
  0
VERTEX
 5
1D07
  8
Top
 10
93.80000
 20
17.00000
 42
1.000000
  0
VERTEX
 5
1D08
  8
Top
 10
91.20000
 20
17.00000
  0
SEQEND
  8
Top
  0
POLYLINE
 5
1D09
  8
Bottom
 66
1
 40
0.000000
 41
0.000000
  0
VERTEX
 5
1D0A
  8
Bottom
 10
91.20000
 20
17.00000
 42
1.000000
  0
VERTEX
 5
1D0B
  8
Bottom
 10
93.80000
 20
17.00000
 42
1.000000
  0
VERTEX
 5
1D0C
  8
Bottom
 10
91.20000
 20
17.00000
  0
SEQEND
  8
Bottom
  0
POLYLINE
 5
1D0D
  8
PLACEMENT_OUTLINE_TOP
 66
1
 40
0.025400
 41
0.025400
  0
VERTEX
 5
1D0E
  8
PLACEMENT_OUTLINE_TOP
 10
91.40000
 20
15.90000
  0
VERTEX
 5
1D0F
  8
PLACEMENT_OUTLINE_TOP
 10
91.40000
 20
18.10000
  0
SEQEND
  8
PLACEMENT_OUTLINE_TOP
  0
POLYLINE
 5
1D10
  8
PLACEMENT_OUTLINE_TOP
 66
1
 70
1
 40
0.012700
 41
0.012700
  0
VERTEX
 5
1D11
  8
PLACEMENT_OUTLINE_TOP
 10
91.39365
 20
15.90000
 42
1.0
  0
VERTEX
 5
1D12
  8
PLACEMENT_OUTLINE_TOP
 10
91.40635
 20
15.90000
 42
1.0
  0
SEQEND
  8
PLACEMENT_OUTLINE_TOP
  0
POLYLINE
 5
1D13
  8
PLACEMENT_OUTLINE_TOP
 66
1
 70
1
 40
0.012700
 41
0.012700
  0
VERTEX
 5
1D14
  8
PLACEMENT_OUTLINE_TOP
 10
91.39365
 20
18.10000
 42
1.0
  0
VERTEX
 5
1D15
  8
PLACEMENT_OUTLINE_TOP
 10
91.40635
 20
18.10000
 42
1.0
  0
SEQEND
  8
PLACEMENT_OUTLINE_TOP
  0
POLYLINE
 5
1D16
  8
PLACEMENT_OUTLINE_TOP
 66
1
 40
0.025400
 41
0.025400
  0
VERTEX
 5
1D17
  8
PLACEMENT_OUTLINE_TOP
 10
91.40000
 20
18.10000
  0
VERTEX
 5
1D18
  8
PLACEMENT_OUTLINE_TOP
 10
93.60000
 20
18.10000
  0
SEQEND
  8
PLACEMENT_OUTLINE_TOP
  0
POLYLINE
 5
1D19
  8
PLACEMENT_OUTLINE_TOP
 66
1
 70
1
 40
0.012700
 41
0.012700
  0
VERTEX
 5
1D1A
  8
PLACEMENT_OUTLINE_TOP
 10
91.39365
 20
18.10000
 42
1.0
  0
VERTEX
 5
1D1B
  8
PLACEMENT_OUTLINE_TOP
 10
91.40635
 20
18.10000
 42
1.0
  0
SEQEND
  8
PLACEMENT_OUTLINE_TOP
  0
POLYLINE
 5
1D1C
  8
PLACEMENT_OUTLINE_TOP
 66
1
 70
1
 40
0.012700
 41
0.012700
  0
VERTEX
 5
1D1D
  8
PLACEMENT_OUTLINE_TOP
 10
93.59365
 20
18.10000
 42
1.0
  0
VERTEX
 5
1D1E
  8
PLACEMENT_OUTLINE_TOP
 10
93.60635
 20
18.10000
 42
1.0
  0
SEQEND
  8
PLACEMENT_OUTLINE_TOP
  0
POLYLINE
 5
1D1F
  8
PLACEMENT_OUTLINE_TOP
 66
1
 40
0.025400
 41
0.025400
  0
VERTEX
 5
1D20
  8
PLACEMENT_OUTLINE_TOP
 10
93.60000
 20
18.10000
  0
VERTEX
 5
1D21
  8
PLACEMENT_OUTLINE_TOP
 10
93.60000
 20
15.90000
  0
SEQEND
  8
PLACEMENT_OUTLINE_TOP
  0
POLYLINE
 5
1D22
  8
PLACEMENT_OUTLINE_TOP
 66
1
 70
1
 40
0.012700
 41
0.012700
  0
VERTEX
 5
1D23
  8
PLACEMENT_OUTLINE_TOP
 10
93.59365
 20
18.10000
 42
1.0
  0
VERTEX
 5
1D24
  8
PLACEMENT_OUTLINE_TOP
 10
93.60635
 20
18.10000
 42
1.0
  0
SEQEND
  8
PLACEMENT_OUTLINE_TOP
  0
POLYLINE
 5
1D25
  8
PLACEMENT_OUTLINE_TOP
 66
1
 70
1
 40
0.012700
 41
0.012700
  0
VERTEX
 5
1D26
  8
PLACEMENT_OUTLINE_TOP
 10
93.59365
 20
15.90000
 42
1.0
  0
VERTEX
 5
1D27
  8
PLACEMENT_OUTLINE_TOP
 10
93.60635
 20
15.90000
 42
1.0
  0
SEQEND
  8
PLACEMENT_OUTLINE_TOP
  0
POLYLINE
 5
1D28
  8
PLACEMENT_OUTLINE_TOP
 66
1
 40
0.025400
 41
0.025400
  0
VERTEX
 5
1D29
  8
PLACEMENT_OUTLINE_TOP
 10
93.60000
 20
15.90000
  0
VERTEX
 5
1D2A
  8
PLACEMENT_OUTLINE_TOP
 10
91.40000
 20
15.90000
  0
SEQEND
  8
PLACEMENT_OUTLINE_TOP
  0
POLYLINE
 5
1D2B
  8
PLACEMENT_OUTLINE_TOP
 66
1
 70
1
 40
0.012700
 41
0.012700
  0
VERTEX
 5
1D2C
  8
PLACEMENT_OUTLINE_TOP
 10
93.59365
 20
15.90000
 42
1.0
  0
VERTEX
 5
1D2D
  8
PLACEMENT_OUTLINE_TOP
 10
93.60635
 20
15.90000
 42
1.0
  0
SEQEND
  8
PLACEMENT_OUTLINE_TOP
  0
POLYLINE
 5
1D2E
  8
PLACEMENT_OUTLINE_TOP
 66
1
 70
1
 40
0.012700
 41
0.012700
  0
VERTEX
 5
1D2F
  8
PLACEMENT_OUTLINE_TOP
 10
91.39365
 20
15.90000
 42
1.0
  0
VERTEX
 5
1D30
  8
PLACEMENT_OUTLINE_TOP
 10
91.40635
 20
15.90000
 42
1.0
  0
SEQEND
  8
PLACEMENT_OUTLINE_TOP
  0
POLYLINE
 5
1D31
  8
PADLAYER_TOP
 66
1
 70
1
 40
1.100000
 41
1.100000
  0
VERTEX
 5
1D32
  8
PADLAYER_TOP
 10
91.95000
 20
17.00000
 42
1.0
  0
VERTEX
 5
1D33
  8
PADLAYER_TOP
 10
93.05000
 20
17.00000
 42
1.0
  0
SEQEND
  8
PADLAYER_TOP
  0
POLYLINE
 5
1D34
  8
PADLAYER_BOTTOM
 66
1
 70
1
 40
0.550000
 41
0.550000
  0
VERTEX
 5
1D35
  8
PADLAYER_BOTTOM
 10
92.22500
 20
17.00000
 42
1.0
  0
VERTEX
 5
1D36
  8
PADLAYER_BOTTOM
 10
92.77500
 20
17.00000
 42
1.0
  0
SEQEND
  8
PADLAYER_BOTTOM
  0
POLYLINE
 5
1D37
  8
TOOL_TOP
 66
1
 40
0.025400
 41
0.025400
  0
VERTEX
 5
1D38
  8
TOOL_TOP
 10
92.05000
 20
17.00000
 42
1.000000
  0
VERTEX
 5
1D39
  8
TOOL_TOP
 10
92.95000
 20
17.00000
 42
1.000000
  0
VERTEX
 5
1D3A
  8
TOOL_TOP
 10
92.05000
 20
17.00000
  0
SEQEND
  8
TOOL_TOP
  0
TEXT
  8
TOOLCODE_TOP
 10
92.02750
 20
16.77500
 40
0.450000
  1
T00
  0
POLYLINE
 5
1D3B
  8
Top
 66
1
 40
0.000000
 41
0.000000
  0
VERTEX
 5
1D3C
  8
Top
 10
92.90000
 20
13.60000
 42
1.000000
  0
VERTEX
 5
1D3D
  8
Top
 10
95.50000
 20
13.60000
 42
1.000000
  0
VERTEX
 5
1D3E
  8
Top
 10
92.90000
 20
13.60000
  0
SEQEND
  8
Top
  0
POLYLINE
 5
1D3F
  8
Bottom
 66
1
 40
0.000000
 41
0.000000
  0
VERTEX
 5
1D40
  8
Bottom
 10
92.90000
 20
13.60000
 42
1.000000
  0
VERTEX
 5
1D41
  8
Bottom
 10
95.50000
 20
13.60000
 42
1.000000
  0
VERTEX
 5
1D42
  8
Bottom
 10
92.90000
 20
13.60000
  0
SEQEND
  8
Bottom
  0
POLYLINE
 5
1D43
  8
PLACEMENT_OUTLINE_TOP
 66
1
 40
0.025400
 41
0.025400
  0
VERTEX
 5
1D44
  8
PLACEMENT_OUTLINE_TOP
 10
93.10000
 20
12.50000
  0
VERTEX
 5
1D45
  8
PLACEMENT_OUTLINE_TOP
 10
93.10000
 20
14.70000
  0
SEQEND
  8
PLACEMENT_OUTLINE_TOP
  0
POLYLINE
 5
1D46
  8
PLACEMENT_OUTLINE_TOP
 66
1
 70
1
 40
0.012700
 41
0.012700
  0
VERTEX
 5
1D47
  8
PLACEMENT_OUTLINE_TOP
 10
93.09365
 20
12.50000
 42
1.0
  0
VERTEX
 5
1D48
  8
PLACEMENT_OUTLINE_TOP
 10
93.10635
 20
12.50000
 42
1.0
  0
SEQEND
  8
PLACEMENT_OUTLINE_TOP
  0
POLYLINE
 5
1D49
  8
PLACEMENT_OUTLINE_TOP
 66
1
 70
1
 40
0.012700
 41
0.012700
  0
VERTEX
 5
1D4A
  8
PLACEMENT_OUTLINE_TOP
 10
93.09365
 20
14.70000
 42
1.0
  0
VERTEX
 5
1D4B
  8
PLACEMENT_OUTLINE_TOP
 10
93.10635
 20
14.70000
 42
1.0
  0
SEQEND
  8
PLACEMENT_OUTLINE_TOP
  0
POLYLINE
 5
1D4C
  8
PLACEMENT_OUTLINE_TOP
 66
1
 40
0.025400
 41
0.025400
  0
VERTEX
 5
1D4D
  8
PLACEMENT_OUTLINE_TOP
 10
93.10000
 20
14.70000
  0
VERTEX
 5
1D4E
  8
PLACEMENT_OUTLINE_TOP
 10
95.30000
 20
14.70000
  0
SEQEND
  8
PLACEMENT_OUTLINE_TOP
  0
POLYLINE
 5
1D4F
  8
PLACEMENT_OUTLINE_TOP
 66
1
 70
1
 40
0.012700
 41
0.012700
  0
VERTEX
 5
1D50
  8
PLACEMENT_OUTLINE_TOP
 10
93.09365
 20
14.70000
 42
1.0
  0
VERTEX
 5
1D51
  8
PLACEMENT_OUTLINE_TOP
 10
93.10635
 20
14.70000
 42
1.0
  0
SEQEND
  8
PLACEMENT_OUTLINE_TOP
  0
POLYLINE
 5
1D52
  8
PLACEMENT_OUTLINE_TOP
 66
1
 70
1
 40
0.012700
 41
0.012700
  0
VERTEX
 5
1D53
  8
PLACEMENT_OUTLINE_TOP
 10
95.29365
 20
14.70000
 42
1.0
  0
VERTEX
 5
1D54
  8
PLACEMENT_OUTLINE_TOP
 10
95.30635
 20
14.70000
 42
1.0
  0
SEQEND
  8
PLACEMENT_OUTLINE_TOP
  0
POLYLINE
 5
1D55
  8
PLACEMENT_OUTLINE_TOP
 66
1
 40
0.025400
 41
0.025400
  0
VERTEX
 5
1D56
  8
PLACEMENT_OUTLINE_TOP
 10
95.30000
 20
14.70000
  0
VERTEX
 5
1D57
  8
PLACEMENT_OUTLINE_TOP
 10
95.30000
 20
12.50000
  0
SEQEND
  8
PLACEMENT_OUTLINE_TOP
  0
POLYLINE
 5
1D58
  8
PLACEMENT_OUTLINE_TOP
 66
1
 70
1
 40
0.012700
 41
0.012700
  0
VERTEX
 5
1D59
  8
PLACEMENT_OUTLINE_TOP
 10
95.29365
 20
14.70000
 42
1.0
  0
VERTEX
 5
1D5A
  8
PLACEMENT_OUTLINE_TOP
 10
95.30635
 20
14.70000
 42
1.0
  0
SEQEND
  8
PLACEMENT_OUTLINE_TOP
  0
POLYLINE
 5
1D5B
  8
PLACEMENT_OUTLINE_TOP
 66
1
 70
1
 40
0.012700
 41
0.012700
  0
VERTEX
 5
1D5C
  8
PLACEMENT_OUTLINE_TOP
 10
95.29365
 20
12.50000
 42
1.0
  0
VERTEX
 5
1D5D
  8
PLACEMENT_OUTLINE_TOP
 10
95.30635
 20
12.50000
 42
1.0
  0
SEQEND
  8
PLACEMENT_OUTLINE_TOP
  0
POLYLINE
 5
1D5E
  8
PLACEMENT_OUTLINE_TOP
 66
1
 40
0.025400
 41
0.025400
  0
VERTEX
 5
1D5F
  8
PLACEMENT_OUTLINE_TOP
 10
95.30000
 20
12.50000
  0
VERTEX
 5
1D60
  8
PLACEMENT_OUTLINE_TOP
 10
93.10000
 20
12.50000
  0
SEQEND
  8
PLACEMENT_OUTLINE_TOP
  0
POLYLINE
 5
1D61
  8
PLACEMENT_OUTLINE_TOP
 66
1
 70
1
 40
0.012700
 41
0.012700
  0
VERTEX
 5
1D62
  8
PLACEMENT_OUTLINE_TOP
 10
95.29365
 20
12.50000
 42
1.0
  0
VERTEX
 5
1D63
  8
PLACEMENT_OUTLINE_TOP
 10
95.30635
 20
12.50000
 42
1.0
  0
SEQEND
  8
PLACEMENT_OUTLINE_TOP
  0
POLYLINE
 5
1D64
  8
PLACEMENT_OUTLINE_TOP
 66
1
 70
1
 40
0.012700
 41
0.012700
  0
VERTEX
 5
1D65
  8
PLACEMENT_OUTLINE_TOP
 10
93.09365
 20
12.50000
 42
1.0
  0
VERTEX
 5
1D66
  8
PLACEMENT_OUTLINE_TOP
 10
93.10635
 20
12.50000
 42
1.0
  0
SEQEND
  8
PLACEMENT_OUTLINE_TOP
  0
POLYLINE
 5
1D67
  8
PADLAYER_TOP
 66
1
 70
1
 40
1.100000
 41
1.100000
  0
VERTEX
 5
1D68
  8
PADLAYER_TOP
 10
93.65000
 20
13.60000
 42
1.0
  0
VERTEX
 5
1D69
  8
PADLAYER_TOP
 10
94.75000
 20
13.60000
 42
1.0
  0
SEQEND
  8
PADLAYER_TOP
  0
POLYLINE
 5
1D6A
  8
PADLAYER_BOTTOM
 66
1
 70
1
 40
0.550000
 41
0.550000
  0
VERTEX
 5
1D6B
  8
PADLAYER_BOTTOM
 10
93.92500
 20
13.60000
 42
1.0
  0
VERTEX
 5
1D6C
  8
PADLAYER_BOTTOM
 10
94.47500
 20
13.60000
 42
1.0
  0
SEQEND
  8
PADLAYER_BOTTOM
  0
POLYLINE
 5
1D6D
  8
TOOL_TOP
 66
1
 40
0.025400
 41
0.025400
  0
VERTEX
 5
1D6E
  8
TOOL_TOP
 10
93.75000
 20
13.60000
 42
1.000000
  0
VERTEX
 5
1D6F
  8
TOOL_TOP
 10
94.65000
 20
13.60000
 42
1.000000
  0
VERTEX
 5
1D70
  8
TOOL_TOP
 10
93.75000
 20
13.60000
  0
SEQEND
  8
TOOL_TOP
  0
TEXT
  8
TOOLCODE_TOP
 10
93.72750
 20
13.37500
 40
0.450000
  1
T00
  0
POLYLINE
 5
1D71
  8
Top
 66
1
 40
0.000000
 41
0.000000
  0
VERTEX
 5
1D72
  8
Top
 10
92.90000
 20
11.20000
 42
1.000000
  0
VERTEX
 5
1D73
  8
Top
 10
95.50000
 20
11.20000
 42
1.000000
  0
VERTEX
 5
1D74
  8
Top
 10
92.90000
 20
11.20000
  0
SEQEND
  8
Top
  0
POLYLINE
 5
1D75
  8
Bottom
 66
1
 40
0.000000
 41
0.000000
  0
VERTEX
 5
1D76
  8
Bottom
 10
92.90000
 20
11.20000
 42
1.000000
  0
VERTEX
 5
1D77
  8
Bottom
 10
95.50000
 20
11.20000
 42
1.000000
  0
VERTEX
 5
1D78
  8
Bottom
 10
92.90000
 20
11.20000
  0
SEQEND
  8
Bottom
  0
POLYLINE
 5
1D79
  8
PLACEMENT_OUTLINE_TOP
 66
1
 40
0.025400
 41
0.025400
  0
VERTEX
 5
1D7A
  8
PLACEMENT_OUTLINE_TOP
 10
93.10000
 20
10.10000
  0
VERTEX
 5
1D7B
  8
PLACEMENT_OUTLINE_TOP
 10
93.10000
 20
12.30000
  0
SEQEND
  8
PLACEMENT_OUTLINE_TOP
  0
POLYLINE
 5
1D7C
  8
PLACEMENT_OUTLINE_TOP
 66
1
 70
1
 40
0.012700
 41
0.012700
  0
VERTEX
 5
1D7D
  8
PLACEMENT_OUTLINE_TOP
 10
93.09365
 20
10.10000
 42
1.0
  0
VERTEX
 5
1D7E
  8
PLACEMENT_OUTLINE_TOP
 10
93.10635
 20
10.10000
 42
1.0
  0
SEQEND
  8
PLACEMENT_OUTLINE_TOP
  0
POLYLINE
 5
1D7F
  8
PLACEMENT_OUTLINE_TOP
 66
1
 70
1
 40
0.012700
 41
0.012700
  0
VERTEX
 5
1D80
  8
PLACEMENT_OUTLINE_TOP
 10
93.09365
 20
12.30000
 42
1.0
  0
VERTEX
 5
1D81
  8
PLACEMENT_OUTLINE_TOP
 10
93.10635
 20
12.30000
 42
1.0
  0
SEQEND
  8
PLACEMENT_OUTLINE_TOP
  0
POLYLINE
 5
1D82
  8
PLACEMENT_OUTLINE_TOP
 66
1
 40
0.025400
 41
0.025400
  0
VERTEX
 5
1D83
  8
PLACEMENT_OUTLINE_TOP
 10
93.10000
 20
12.30000
  0
VERTEX
 5
1D84
  8
PLACEMENT_OUTLINE_TOP
 10
95.30000
 20
12.30000
  0
SEQEND
  8
PLACEMENT_OUTLINE_TOP
  0
POLYLINE
 5
1D85
  8
PLACEMENT_OUTLINE_TOP
 66
1
 70
1
 40
0.012700
 41
0.012700
  0
VERTEX
 5
1D86
  8
PLACEMENT_OUTLINE_TOP
 10
93.09365
 20
12.30000
 42
1.0
  0
VERTEX
 5
1D87
  8
PLACEMENT_OUTLINE_TOP
 10
93.10635
 20
12.30000
 42
1.0
  0
SEQEND
  8
PLACEMENT_OUTLINE_TOP
  0
POLYLINE
 5
1D88
  8
PLACEMENT_OUTLINE_TOP
 66
1
 70
1
 40
0.012700
 41
0.012700
  0
VERTEX
 5
1D89
  8
PLACEMENT_OUTLINE_TOP
 10
95.29365
 20
12.30000
 42
1.0
  0
VERTEX
 5
1D8A
  8
PLACEMENT_OUTLINE_TOP
 10
95.30635
 20
12.30000
 42
1.0
  0
SEQEND
  8
PLACEMENT_OUTLINE_TOP
  0
POLYLINE
 5
1D8B
  8
PLACEMENT_OUTLINE_TOP
 66
1
 40
0.025400
 41
0.025400
  0
VERTEX
 5
1D8C
  8
PLACEMENT_OUTLINE_TOP
 10
95.30000
 20
12.30000
  0
VERTEX
 5
1D8D
  8
PLACEMENT_OUTLINE_TOP
 10
95.30000
 20
10.10000
  0
SEQEND
  8
PLACEMENT_OUTLINE_TOP
  0
POLYLINE
 5
1D8E
  8
PLACEMENT_OUTLINE_TOP
 66
1
 70
1
 40
0.012700
 41
0.012700
  0
VERTEX
 5
1D8F
  8
PLACEMENT_OUTLINE_TOP
 10
95.29365
 20
12.30000
 42
1.0
  0
VERTEX
 5
1D90
  8
PLACEMENT_OUTLINE_TOP
 10
95.30635
 20
12.30000
 42
1.0
  0
SEQEND
  8
PLACEMENT_OUTLINE_TOP
  0
POLYLINE
 5
1D91
  8
PLACEMENT_OUTLINE_TOP
 66
1
 70
1
 40
0.012700
 41
0.012700
  0
VERTEX
 5
1D92
  8
PLACEMENT_OUTLINE_TOP
 10
95.29365
 20
10.10000
 42
1.0
  0
VERTEX
 5
1D93
  8
PLACEMENT_OUTLINE_TOP
 10
95.30635
 20
10.10000
 42
1.0
  0
SEQEND
  8
PLACEMENT_OUTLINE_TOP
  0
POLYLINE
 5
1D94
  8
PLACEMENT_OUTLINE_TOP
 66
1
 40
0.025400
 41
0.025400
  0
VERTEX
 5
1D95
  8
PLACEMENT_OUTLINE_TOP
 10
95.30000
 20
10.10000
  0
VERTEX
 5
1D96
  8
PLACEMENT_OUTLINE_TOP
 10
93.10000
 20
10.10000
  0
SEQEND
  8
PLACEMENT_OUTLINE_TOP
  0
POLYLINE
 5
1D97
  8
PLACEMENT_OUTLINE_TOP
 66
1
 70
1
 40
0.012700
 41
0.012700
  0
VERTEX
 5
1D98
  8
PLACEMENT_OUTLINE_TOP
 10
95.29365
 20
10.10000
 42
1.0
  0
VERTEX
 5
1D99
  8
PLACEMENT_OUTLINE_TOP
 10
95.30635
 20
10.10000
 42
1.0
  0
SEQEND
  8
PLACEMENT_OUTLINE_TOP
  0
POLYLINE
 5
1D9A
  8
PLACEMENT_OUTLINE_TOP
 66
1
 70
1
 40
0.012700
 41
0.012700
  0
VERTEX
 5
1D9B
  8
PLACEMENT_OUTLINE_TOP
 10
93.09365
 20
10.10000
 42
1.0
  0
VERTEX
 5
1D9C
  8
PLACEMENT_OUTLINE_TOP
 10
93.10635
 20
10.10000
 42
1.0
  0
SEQEND
  8
PLACEMENT_OUTLINE_TOP
  0
POLYLINE
 5
1D9D
  8
PADLAYER_TOP
 66
1
 70
1
 40
1.100000
 41
1.100000
  0
VERTEX
 5
1D9E
  8
PADLAYER_TOP
 10
93.65000
 20
11.20000
 42
1.0
  0
VERTEX
 5
1D9F
  8
PADLAYER_TOP
 10
94.75000
 20
11.20000
 42
1.0
  0
SEQEND
  8
PADLAYER_TOP
  0
POLYLINE
 5
1DA0
  8
PADLAYER_BOTTOM
 66
1
 70
1
 40
0.550000
 41
0.550000
  0
VERTEX
 5
1DA1
  8
PADLAYER_BOTTOM
 10
93.92500
 20
11.20000
 42
1.0
  0
VERTEX
 5
1DA2
  8
PADLAYER_BOTTOM
 10
94.47500
 20
11.20000
 42
1.0
  0
SEQEND
  8
PADLAYER_BOTTOM
  0
POLYLINE
 5
1DA3
  8
TOOL_TOP
 66
1
 40
0.025400
 41
0.025400
  0
VERTEX
 5
1DA4
  8
TOOL_TOP
 10
93.75000
 20
11.20000
 42
1.000000
  0
VERTEX
 5
1DA5
  8
TOOL_TOP
 10
94.65000
 20
11.20000
 42
1.000000
  0
VERTEX
 5
1DA6
  8
TOOL_TOP
 10
93.75000
 20
11.20000
  0
SEQEND
  8
TOOL_TOP
  0
TEXT
  8
TOOLCODE_TOP
 10
93.72750
 20
10.97500
 40
0.450000
  1
T00
  0
POLYLINE
 5
1DA7
  8
Top
 66
1
 40
0.000000
 41
0.000000
  0
VERTEX
 5
1DA8
  8
Top
 10
92.90000
 20
8.80000
 42
1.000000
  0
VERTEX
 5
1DA9
  8
Top
 10
95.50000
 20
8.80000
 42
1.000000
  0
VERTEX
 5
1DAA
  8
Top
 10
92.90000
 20
8.80000
  0
SEQEND
  8
Top
  0
POLYLINE
 5
1DAB
  8
Bottom
 66
1
 40
0.000000
 41
0.000000
  0
VERTEX
 5
1DAC
  8
Bottom
 10
92.90000
 20
8.80000
 42
1.000000
  0
VERTEX
 5
1DAD
  8
Bottom
 10
95.50000
 20
8.80000
 42
1.000000
  0
VERTEX
 5
1DAE
  8
Bottom
 10
92.90000
 20
8.80000
  0
SEQEND
  8
Bottom
  0
POLYLINE
 5
1DAF
  8
PLACEMENT_OUTLINE_TOP
 66
1
 40
0.025400
 41
0.025400
  0
VERTEX
 5
1DB0
  8
PLACEMENT_OUTLINE_TOP
 10
93.10000
 20
7.70000
  0
VERTEX
 5
1DB1
  8
PLACEMENT_OUTLINE_TOP
 10
93.10000
 20
9.90000
  0
SEQEND
  8
PLACEMENT_OUTLINE_TOP
  0
POLYLINE
 5
1DB2
  8
PLACEMENT_OUTLINE_TOP
 66
1
 70
1
 40
0.012700
 41
0.012700
  0
VERTEX
 5
1DB3
  8
PLACEMENT_OUTLINE_TOP
 10
93.09365
 20
7.70000
 42
1.0
  0
VERTEX
 5
1DB4
  8
PLACEMENT_OUTLINE_TOP
 10
93.10635
 20
7.70000
 42
1.0
  0
SEQEND
  8
PLACEMENT_OUTLINE_TOP
  0
POLYLINE
 5
1DB5
  8
PLACEMENT_OUTLINE_TOP
 66
1
 70
1
 40
0.012700
 41
0.012700
  0
VERTEX
 5
1DB6
  8
PLACEMENT_OUTLINE_TOP
 10
93.09365
 20
9.90000
 42
1.0
  0
VERTEX
 5
1DB7
  8
PLACEMENT_OUTLINE_TOP
 10
93.10635
 20
9.90000
 42
1.0
  0
SEQEND
  8
PLACEMENT_OUTLINE_TOP
  0
POLYLINE
 5
1DB8
  8
PLACEMENT_OUTLINE_TOP
 66
1
 40
0.025400
 41
0.025400
  0
VERTEX
 5
1DB9
  8
PLACEMENT_OUTLINE_TOP
 10
93.10000
 20
9.90000
  0
VERTEX
 5
1DBA
  8
PLACEMENT_OUTLINE_TOP
 10
95.30000
 20
9.90000
  0
SEQEND
  8
PLACEMENT_OUTLINE_TOP
  0
POLYLINE
 5
1DBB
  8
PLACEMENT_OUTLINE_TOP
 66
1
 70
1
 40
0.012700
 41
0.012700
  0
VERTEX
 5
1DBC
  8
PLACEMENT_OUTLINE_TOP
 10
93.09365
 20
9.90000
 42
1.0
  0
VERTEX
 5
1DBD
  8
PLACEMENT_OUTLINE_TOP
 10
93.10635
 20
9.90000
 42
1.0
  0
SEQEND
  8
PLACEMENT_OUTLINE_TOP
  0
POLYLINE
 5
1DBE
  8
PLACEMENT_OUTLINE_TOP
 66
1
 70
1
 40
0.012700
 41
0.012700
  0
VERTEX
 5
1DBF
  8
PLACEMENT_OUTLINE_TOP
 10
95.29365
 20
9.90000
 42
1.0
  0
VERTEX
 5
1DC0
  8
PLACEMENT_OUTLINE_TOP
 10
95.30635
 20
9.90000
 42
1.0
  0
SEQEND
  8
PLACEMENT_OUTLINE_TOP
  0
POLYLINE
 5
1DC1
  8
PLACEMENT_OUTLINE_TOP
 66
1
 40
0.025400
 41
0.025400
  0
VERTEX
 5
1DC2
  8
PLACEMENT_OUTLINE_TOP
 10
95.30000
 20
9.90000
  0
VERTEX
 5
1DC3
  8
PLACEMENT_OUTLINE_TOP
 10
95.30000
 20
7.70000
  0
SEQEND
  8
PLACEMENT_OUTLINE_TOP
  0
POLYLINE
 5
1DC4
  8
PLACEMENT_OUTLINE_TOP
 66
1
 70
1
 40
0.012700
 41
0.012700
  0
VERTEX
 5
1DC5
  8
PLACEMENT_OUTLINE_TOP
 10
95.29365
 20
9.90000
 42
1.0
  0
VERTEX
 5
1DC6
  8
PLACEMENT_OUTLINE_TOP
 10
95.30635
 20
9.90000
 42
1.0
  0
SEQEND
  8
PLACEMENT_OUTLINE_TOP
  0
POLYLINE
 5
1DC7
  8
PLACEMENT_OUTLINE_TOP
 66
1
 70
1
 40
0.012700
 41
0.012700
  0
VERTEX
 5
1DC8
  8
PLACEMENT_OUTLINE_TOP
 10
95.29365
 20
7.70000
 42
1.0
  0
VERTEX
 5
1DC9
  8
PLACEMENT_OUTLINE_TOP
 10
95.30635
 20
7.70000
 42
1.0
  0
SEQEND
  8
PLACEMENT_OUTLINE_TOP
  0
POLYLINE
 5
1DCA
  8
PLACEMENT_OUTLINE_TOP
 66
1
 40
0.025400
 41
0.025400
  0
VERTEX
 5
1DCB
  8
PLACEMENT_OUTLINE_TOP
 10
95.30000
 20
7.70000
  0
VERTEX
 5
1DCC
  8
PLACEMENT_OUTLINE_TOP
 10
93.10000
 20
7.70000
  0
SEQEND
  8
PLACEMENT_OUTLINE_TOP
  0
POLYLINE
 5
1DCD
  8
PLACEMENT_OUTLINE_TOP
 66
1
 70
1
 40
0.012700
 41
0.012700
  0
VERTEX
 5
1DCE
  8
PLACEMENT_OUTLINE_TOP
 10
95.29365
 20
7.70000
 42
1.0
  0
VERTEX
 5
1DCF
  8
PLACEMENT_OUTLINE_TOP
 10
95.30635
 20
7.70000
 42
1.0
  0
SEQEND
  8
PLACEMENT_OUTLINE_TOP
  0
POLYLINE
 5
1DD0
  8
PLACEMENT_OUTLINE_TOP
 66
1
 70
1
 40
0.012700
 41
0.012700
  0
VERTEX
 5
1DD1
  8
PLACEMENT_OUTLINE_TOP
 10
93.09365
 20
7.70000
 42
1.0
  0
VERTEX
 5
1DD2
  8
PLACEMENT_OUTLINE_TOP
 10
93.10635
 20
7.70000
 42
1.0
  0
SEQEND
  8
PLACEMENT_OUTLINE_TOP
  0
POLYLINE
 5
1DD3
  8
PADLAYER_TOP
 66
1
 70
1
 40
1.100000
 41
1.100000
  0
VERTEX
 5
1DD4
  8
PADLAYER_TOP
 10
93.65000
 20
8.80000
 42
1.0
  0
VERTEX
 5
1DD5
  8
PADLAYER_TOP
 10
94.75000
 20
8.80000
 42
1.0
  0
SEQEND
  8
PADLAYER_TOP
  0
POLYLINE
 5
1DD6
  8
PADLAYER_BOTTOM
 66
1
 70
1
 40
0.550000
 41
0.550000
  0
VERTEX
 5
1DD7
  8
PADLAYER_BOTTOM
 10
93.92500
 20
8.80000
 42
1.0
  0
VERTEX
 5
1DD8
  8
PADLAYER_BOTTOM
 10
94.47500
 20
8.80000
 42
1.0
  0
SEQEND
  8
PADLAYER_BOTTOM
  0
POLYLINE
 5
1DD9
  8
TOOL_TOP
 66
1
 40
0.025400
 41
0.025400
  0
VERTEX
 5
1DDA
  8
TOOL_TOP
 10
93.75000
 20
8.80000
 42
1.000000
  0
VERTEX
 5
1DDB
  8
TOOL_TOP
 10
94.65000
 20
8.80000
 42
1.000000
  0
VERTEX
 5
1DDC
  8
TOOL_TOP
 10
93.75000
 20
8.80000
  0
SEQEND
  8
TOOL_TOP
  0
TEXT
  8
TOOLCODE_TOP
 10
93.72750
 20
8.57500
 40
0.450000
  1
T00
  0
POLYLINE
 5
1DDD
  8
LAYNR1
 66
1
 40
0.203200
 41
0.203200
  0
VERTEX
 5
1DDE
  8
LAYNR1
 10
72.80186
 20
17.54500
  0
VERTEX
 5
1DDF
  8
LAYNR1
 10
72.80183
 20
18.94500
  0
SEQEND
  8
LAYNR1
  0
POLYLINE
 5
1DE0
  8
LAYNR1
 66
1
 70
1
 40
0.101600
 41
0.101600
  0
VERTEX
 5
1DE1
  8
LAYNR1
 10
72.75106
 20
17.54500
 42
1.0
  0
VERTEX
 5
1DE2
  8
LAYNR1
 10
72.85266
 20
17.54500
 42
1.0
  0
SEQEND
  8
LAYNR1
  0
POLYLINE
 5
1DE3
  8
LAYNR1
 66
1
 70
1
 40
0.101600
 41
0.101600
  0
VERTEX
 5
1DE4
  8
LAYNR1
 10
72.75103
 20
18.94500
 42
1.0
  0
VERTEX
 5
1DE5
  8
LAYNR1
 10
72.85263
 20
18.94500
 42
1.0
  0
SEQEND
  8
LAYNR1
  0
POLYLINE
 5
1DE6
  8
PLACEMENT_OUTLINE_TOP
 66
1
 40
0.100000
 41
0.100000
  0
VERTEX
 5
1DE7
  8
PLACEMENT_OUTLINE_TOP
 10
70.23646
 20
17.17811
  0
VERTEX
 5
1DE8
  8
PLACEMENT_OUTLINE_TOP
 10
75.36731
 20
17.17830
  0
SEQEND
  8
PLACEMENT_OUTLINE_TOP
  0
POLYLINE
 5
1DE9
  8
PLACEMENT_OUTLINE_TOP
 66
1
 70
1
 40
0.050000
 41
0.050000
  0
VERTEX
 5
1DEA
  8
PLACEMENT_OUTLINE_TOP
 10
70.21146
 20
17.17811
 42
1.0
  0
VERTEX
 5
1DEB
  8
PLACEMENT_OUTLINE_TOP
 10
70.26146
 20
17.17811
 42
1.0
  0
SEQEND
  8
PLACEMENT_OUTLINE_TOP
  0
POLYLINE
 5
1DEC
  8
PLACEMENT_OUTLINE_TOP
 66
1
 70
1
 40
0.050000
 41
0.050000
  0
VERTEX
 5
1DED
  8
PLACEMENT_OUTLINE_TOP
 10
75.34231
 20
17.17830
 42
1.0
  0
VERTEX
 5
1DEE
  8
PLACEMENT_OUTLINE_TOP
 10
75.39231
 20
17.17830
 42
1.0
  0
SEQEND
  8
PLACEMENT_OUTLINE_TOP
  0
POLYLINE
 5
1DEF
  8
PLACEMENT_OUTLINE_TOP
 66
1
 40
0.100000
 41
0.100000
  0
VERTEX
 5
1DF0
  8
PLACEMENT_OUTLINE_TOP
 10
75.36731
 20
17.17830
  0
VERTEX
 5
1DF1
  8
PLACEMENT_OUTLINE_TOP
 10
75.36731
 20
19.31177
  0
SEQEND
  8
PLACEMENT_OUTLINE_TOP
  0
POLYLINE
 5
1DF2
  8
PLACEMENT_OUTLINE_TOP
 66
1
 70
1
 40
0.050000
 41
0.050000
  0
VERTEX
 5
1DF3
  8
PLACEMENT_OUTLINE_TOP
 10
75.34231
 20
17.17830
 42
1.0
  0
VERTEX
 5
1DF4
  8
PLACEMENT_OUTLINE_TOP
 10
75.39231
 20
17.17830
 42
1.0
  0
SEQEND
  8
PLACEMENT_OUTLINE_TOP
  0
POLYLINE
 5
1DF5
  8
PLACEMENT_OUTLINE_TOP
 66
1
 70
1
 40
0.050000
 41
0.050000
  0
VERTEX
 5
1DF6
  8
PLACEMENT_OUTLINE_TOP
 10
75.34231
 20
19.31177
 42
1.0
  0
VERTEX
 5
1DF7
  8
PLACEMENT_OUTLINE_TOP
 10
75.39231
 20
19.31177
 42
1.0
  0
SEQEND
  8
PLACEMENT_OUTLINE_TOP
  0
POLYLINE
 5
1DF8
  8
PLACEMENT_OUTLINE_TOP
 66
1
 40
0.100000
 41
0.100000
  0
VERTEX
 5
1DF9
  8
PLACEMENT_OUTLINE_TOP
 10
75.36731
 20
19.31177
  0
VERTEX
 5
1DFA
  8
PLACEMENT_OUTLINE_TOP
 10
70.23657
 20
19.31192
  0
SEQEND
  8
PLACEMENT_OUTLINE_TOP
  0
POLYLINE
 5
1DFB
  8
PLACEMENT_OUTLINE_TOP
 66
1
 70
1
 40
0.050000
 41
0.050000
  0
VERTEX
 5
1DFC
  8
PLACEMENT_OUTLINE_TOP
 10
75.34231
 20
19.31177
 42
1.0
  0
VERTEX
 5
1DFD
  8
PLACEMENT_OUTLINE_TOP
 10
75.39231
 20
19.31177
 42
1.0
  0
SEQEND
  8
PLACEMENT_OUTLINE_TOP
  0
POLYLINE
 5
1DFE
  8
PLACEMENT_OUTLINE_TOP
 66
1
 70
1
 40
0.050000
 41
0.050000
  0
VERTEX
 5
1DFF
  8
PLACEMENT_OUTLINE_TOP
 10
70.21157
 20
19.31192
 42
1.0
  0
VERTEX
 5
1E00
  8
PLACEMENT_OUTLINE_TOP
 10
70.26157
 20
19.31192
 42
1.0
  0
SEQEND
  8
PLACEMENT_OUTLINE_TOP
  0
POLYLINE
 5
1E01
  8
PLACEMENT_OUTLINE_TOP
 66
1
 40
0.100000
 41
0.100000
  0
VERTEX
 5
1E02
  8
PLACEMENT_OUTLINE_TOP
 10
70.23657
 20
19.31192
  0
VERTEX
 5
1E03
  8
PLACEMENT_OUTLINE_TOP
 10
70.23646
 20
17.17811
  0
SEQEND
  8
PLACEMENT_OUTLINE_TOP
  0
POLYLINE
 5
1E04
  8
PLACEMENT_OUTLINE_TOP
 66
1
 70
1
 40
0.050000
 41
0.050000
  0
VERTEX
 5
1E05
  8
PLACEMENT_OUTLINE_TOP
 10
70.21157
 20
19.31192
 42
1.0
  0
VERTEX
 5
1E06
  8
PLACEMENT_OUTLINE_TOP
 10
70.26157
 20
19.31192
 42
1.0
  0
SEQEND
  8
PLACEMENT_OUTLINE_TOP
  0
POLYLINE
 5
1E07
  8
PLACEMENT_OUTLINE_TOP
 66
1
 70
1
 40
0.050000
 41
0.050000
  0
VERTEX
 5
1E08
  8
PLACEMENT_OUTLINE_TOP
 10
70.21146
 20
17.17811
 42
1.0
  0
VERTEX
 5
1E09
  8
PLACEMENT_OUTLINE_TOP
 10
70.26146
 20
17.17811
 42
1.0
  0
SEQEND
  8
PLACEMENT_OUTLINE_TOP
  0
SOLID
 5
1E0A
  8
PADLAYER_TOP
 10
73.80530
 20
19.13391
 11
73.80530
 21
17.35591
 12
75.20230
 22
19.13391
 13
75.20230
 23
17.35591
  0
SOLID
 5
1E0B
  8
PADLAYER_TOP
 10
70.40170
 20
19.13409
 11
70.40170
 21
17.35609
 12
71.79870
 22
19.13409
 13
71.79870
 23
17.35609
  0
POLYLINE
 5
1E0C
  8
LAYNR1
 66
1
 40
0.203200
 41
0.203200
  0
VERTEX
 5
1E0D
  8
LAYNR1
 10
79.13800
 20
23.16200
  0
VERTEX
 5
1E0E
  8
LAYNR1
 10
79.83800
 20
23.16200
  0
SEQEND
  8
LAYNR1
  0
POLYLINE
 5
1E0F
  8
LAYNR1
 66
1
 70
1
 40
0.101600
 41
0.101600
  0
VERTEX
 5
1E10
  8
LAYNR1
 10
79.08720
 20
23.16200
 42
1.0
  0
VERTEX
 5
1E11
  8
LAYNR1
 10
79.18880
 20
23.16200
 42
1.0
  0
SEQEND
  8
LAYNR1
  0
POLYLINE
 5
1E12
  8
LAYNR1
 66
1
 70
1
 40
0.101600
 41
0.101600
  0
VERTEX
 5
1E13
  8
LAYNR1
 10
79.78720
 20
23.16200
 42
1.0
  0
VERTEX
 5
1E14
  8
LAYNR1
 10
79.88880
 20
23.16200
 42
1.0
  0
SEQEND
  8
LAYNR1
  0
POLYLINE
 5
1E15
  8
PLACEMENT_OUTLINE_TOP
 66
1
 40
0.100000
 41
0.100000
  0
VERTEX
 5
1E16
  8
PLACEMENT_OUTLINE_TOP
 10
78.85300
 20
24.55900
  0
VERTEX
 5
1E17
  8
PLACEMENT_OUTLINE_TOP
 10
78.85300
 20
21.76500
  0
SEQEND
  8
PLACEMENT_OUTLINE_TOP
  0
POLYLINE
 5
1E18
  8
PLACEMENT_OUTLINE_TOP
 66
1
 70
1
 40
0.050000
 41
0.050000
  0
VERTEX
 5
1E19
  8
PLACEMENT_OUTLINE_TOP
 10
78.82800
 20
24.55900
 42
1.0
  0
VERTEX
 5
1E1A
  8
PLACEMENT_OUTLINE_TOP
 10
78.87800
 20
24.55900
 42
1.0
  0
SEQEND
  8
PLACEMENT_OUTLINE_TOP
  0
POLYLINE
 5
1E1B
  8
PLACEMENT_OUTLINE_TOP
 66
1
 70
1
 40
0.050000
 41
0.050000
  0
VERTEX
 5
1E1C
  8
PLACEMENT_OUTLINE_TOP
 10
78.82800
 20
21.76500
 42
1.0
  0
VERTEX
 5
1E1D
  8
PLACEMENT_OUTLINE_TOP
 10
78.87800
 20
21.76500
 42
1.0
  0
SEQEND
  8
PLACEMENT_OUTLINE_TOP
  0
POLYLINE
 5
1E1E
  8
PLACEMENT_OUTLINE_TOP
 66
1
 40
0.100000
 41
0.100000
  0
VERTEX
 5
1E1F
  8
PLACEMENT_OUTLINE_TOP
 10
78.85300
 20
21.76500
  0
VERTEX
 5
1E20
  8
PLACEMENT_OUTLINE_TOP
 10
80.12300
 20
21.76500
  0
SEQEND
  8
PLACEMENT_OUTLINE_TOP
  0
POLYLINE
 5
1E21
  8
PLACEMENT_OUTLINE_TOP
 66
1
 70
1
 40
0.050000
 41
0.050000
  0
VERTEX
 5
1E22
  8
PLACEMENT_OUTLINE_TOP
 10
78.82800
 20
21.76500
 42
1.0
  0
VERTEX
 5
1E23
  8
PLACEMENT_OUTLINE_TOP
 10
78.87800
 20
21.76500
 42
1.0
  0
SEQEND
  8
PLACEMENT_OUTLINE_TOP
  0
POLYLINE
 5
1E24
  8
PLACEMENT_OUTLINE_TOP
 66
1
 70
1
 40
0.050000
 41
0.050000
  0
VERTEX
 5
1E25
  8
PLACEMENT_OUTLINE_TOP
 10
80.09800
 20
21.76500
 42
1.0
  0
VERTEX
 5
1E26
  8
PLACEMENT_OUTLINE_TOP
 10
80.14800
 20
21.76500
 42
1.0
  0
SEQEND
  8
PLACEMENT_OUTLINE_TOP
  0
POLYLINE
 5
1E27
  8
PLACEMENT_OUTLINE_TOP
 66
1
 40
0.100000
 41
0.100000
  0
VERTEX
 5
1E28
  8
PLACEMENT_OUTLINE_TOP
 10
80.12300
 20
21.76500
  0
VERTEX
 5
1E29
  8
PLACEMENT_OUTLINE_TOP
 10
80.12300
 20
24.55900
  0
SEQEND
  8
PLACEMENT_OUTLINE_TOP
  0
POLYLINE
 5
1E2A
  8
PLACEMENT_OUTLINE_TOP
 66
1
 70
1
 40
0.050000
 41
0.050000
  0
VERTEX
 5
1E2B
  8
PLACEMENT_OUTLINE_TOP
 10
80.09800
 20
21.76500
 42
1.0
  0
VERTEX
 5
1E2C
  8
PLACEMENT_OUTLINE_TOP
 10
80.14800
 20
21.76500
 42
1.0
  0
SEQEND
  8
PLACEMENT_OUTLINE_TOP
  0
POLYLINE
 5
1E2D
  8
PLACEMENT_OUTLINE_TOP
 66
1
 70
1
 40
0.050000
 41
0.050000
  0
VERTEX
 5
1E2E
  8
PLACEMENT_OUTLINE_TOP
 10
80.09800
 20
24.55900
 42
1.0
  0
VERTEX
 5
1E2F
  8
PLACEMENT_OUTLINE_TOP
 10
80.14800
 20
24.55900
 42
1.0
  0
SEQEND
  8
PLACEMENT_OUTLINE_TOP
  0
POLYLINE
 5
1E30
  8
PLACEMENT_OUTLINE_TOP
 66
1
 40
0.100000
 41
0.100000
  0
VERTEX
 5
1E31
  8
PLACEMENT_OUTLINE_TOP
 10
80.12300
 20
24.55900
  0
VERTEX
 5
1E32
  8
PLACEMENT_OUTLINE_TOP
 10
78.85300
 20
24.55900
  0
SEQEND
  8
PLACEMENT_OUTLINE_TOP
  0
POLYLINE
 5
1E33
  8
PLACEMENT_OUTLINE_TOP
 66
1
 70
1
 40
0.050000
 41
0.050000
  0
VERTEX
 5
1E34
  8
PLACEMENT_OUTLINE_TOP
 10
80.09800
 20
24.55900
 42
1.0
  0
VERTEX
 5
1E35
  8
PLACEMENT_OUTLINE_TOP
 10
80.14800
 20
24.55900
 42
1.0
  0
SEQEND
  8
PLACEMENT_OUTLINE_TOP
  0
POLYLINE
 5
1E36
  8
PLACEMENT_OUTLINE_TOP
 66
1
 70
1
 40
0.050000
 41
0.050000
  0
VERTEX
 5
1E37
  8
PLACEMENT_OUTLINE_TOP
 10
78.82800
 20
24.55900
 42
1.0
  0
VERTEX
 5
1E38
  8
PLACEMENT_OUTLINE_TOP
 10
78.87800
 20
24.55900
 42
1.0
  0
SEQEND
  8
PLACEMENT_OUTLINE_TOP
  0
SOLID
 5
1E39
  8
PADLAYER_TOP
 10
79.94520
 20
21.94280
 11
79.94520
 21
22.85720
 12
79.03080
 22
21.94280
 13
79.03080
 23
22.85720
  0
SOLID
 5
1E3A
  8
PADLAYER_TOP
 10
79.94520
 20
23.46680
 11
79.94520
 21
24.38120
 12
79.03080
 22
23.46680
 13
79.03080
 23
24.38120
  0
POLYLINE
 5
1E3B
  8
2DLINES_1
 66
1
 40
0.200000
 41
0.200000
  0
VERTEX
 5
1E3C
  8
2DLINES_1
 10
18.35600
 20
75.21100
  0
VERTEX
 5
1E3D
  8
2DLINES_1
 10
18.35600
 20
67.71100
  0
SEQEND
  8
2DLINES_1
  0
POLYLINE
 5
1E3E
  8
2DLINES_1
 66
1
 70
1
 40
0.100000
 41
0.100000
  0
VERTEX
 5
1E3F
  8
2DLINES_1
 10
18.30600
 20
75.21100
 42
1.0
  0
VERTEX
 5
1E40
  8
2DLINES_1
 10
18.40600
 20
75.21100
 42
1.0
  0
SEQEND
  8
2DLINES_1
  0
POLYLINE
 5
1E41
  8
2DLINES_1
 66
1
 70
1
 40
0.100000
 41
0.100000
  0
VERTEX
 5
1E42
  8
2DLINES_1
 10
18.30600
 20
67.71100
 42
1.0
  0
VERTEX
 5
1E43
  8
2DLINES_1
 10
18.40600
 20
67.71100
 42
1.0
  0
SEQEND
  8
2DLINES_1
  0
POLYLINE
 5
1E44
  8
2DLINES_1
 66
1
 40
0.200000
 41
0.200000
  0
VERTEX
 5
1E45
  8
2DLINES_1
 10
18.35600
 20
67.71100
  0
VERTEX
 5
1E46
  8
2DLINES_1
 10
12.20600
 20
67.71100
  0
SEQEND
  8
2DLINES_1
  0
POLYLINE
 5
1E47
  8
2DLINES_1
 66
1
 70
1
 40
0.100000
 41
0.100000
  0
VERTEX
 5
1E48
  8
2DLINES_1
 10
18.30600
 20
67.71100
 42
1.0
  0
VERTEX
 5
1E49
  8
2DLINES_1
 10
18.40600
 20
67.71100
 42
1.0
  0
SEQEND
  8
2DLINES_1
  0
POLYLINE
 5
1E4A
  8
2DLINES_1
 66
1
 70
1
 40
0.100000
 41
0.100000
  0
VERTEX
 5
1E4B
  8
2DLINES_1
 10
12.15600
 20
67.71100
 42
1.0
  0
VERTEX
 5
1E4C
  8
2DLINES_1
 10
12.25600
 20
67.71100
 42
1.0
  0
SEQEND
  8
2DLINES_1
  0
POLYLINE
 5
1E4D
  8
2DLINES_1
 66
1
 40
0.200000
 41
0.200000
  0
VERTEX
 5
1E4E
  8
2DLINES_1
 10
12.20600
 20
67.71100
  0
VERTEX
 5
1E4F
  8
2DLINES_1
 10
12.20600
 20
75.21100
  0
SEQEND
  8
2DLINES_1
  0
POLYLINE
 5
1E50
  8
2DLINES_1
 66
1
 70
1
 40
0.100000
 41
0.100000
  0
VERTEX
 5
1E51
  8
2DLINES_1
 10
12.15600
 20
67.71100
 42
1.0
  0
VERTEX
 5
1E52
  8
2DLINES_1
 10
12.25600
 20
67.71100
 42
1.0
  0
SEQEND
  8
2DLINES_1
  0
POLYLINE
 5
1E53
  8
2DLINES_1
 66
1
 70
1
 40
0.100000
 41
0.100000
  0
VERTEX
 5
1E54
  8
2DLINES_1
 10
12.15600
 20
75.21100
 42
1.0
  0
VERTEX
 5
1E55
  8
2DLINES_1
 10
12.25600
 20
75.21100
 42
1.0
  0
SEQEND
  8
2DLINES_1
  0
POLYLINE
 5
1E56
  8
2DLINES_1
 66
1
 40
0.200000
 41
0.200000
  0
VERTEX
 5
1E57
  8
2DLINES_1
 10
12.20600
 20
75.21100
  0
VERTEX
 5
1E58
  8
2DLINES_1
 10
18.35600
 20
75.21100
  0
SEQEND
  8
2DLINES_1
  0
POLYLINE
 5
1E59
  8
2DLINES_1
 66
1
 70
1
 40
0.100000
 41
0.100000
  0
VERTEX
 5
1E5A
  8
2DLINES_1
 10
12.15600
 20
75.21100
 42
1.0
  0
VERTEX
 5
1E5B
  8
2DLINES_1
 10
12.25600
 20
75.21100
 42
1.0
  0
SEQEND
  8
2DLINES_1
  0
POLYLINE
 5
1E5C
  8
2DLINES_1
 66
1
 70
1
 40
0.100000
 41
0.100000
  0
VERTEX
 5
1E5D
  8
2DLINES_1
 10
18.30600
 20
75.21100
 42
1.0
  0
VERTEX
 5
1E5E
  8
2DLINES_1
 10
18.40600
 20
75.21100
 42
1.0
  0
SEQEND
  8
2DLINES_1
  0
POLYLINE
 5
1E5F
  8
PLACEMENT_OUTLINE_TOP
 66
1
 40
0.200000
 41
0.200000
  0
VERTEX
 5
1E60
  8
PLACEMENT_OUTLINE_TOP
 10
18.35600
 20
75.21100
  0
VERTEX
 5
1E61
  8
PLACEMENT_OUTLINE_TOP
 10
18.35600
 20
67.71100
  0
SEQEND
  8
PLACEMENT_OUTLINE_TOP
  0
POLYLINE
 5
1E62
  8
PLACEMENT_OUTLINE_TOP
 66
1
 70
1
 40
0.100000
 41
0.100000
  0
VERTEX
 5
1E63
  8
PLACEMENT_OUTLINE_TOP
 10
18.30600
 20
75.21100
 42
1.0
  0
VERTEX
 5
1E64
  8
PLACEMENT_OUTLINE_TOP
 10
18.40600
 20
75.21100
 42
1.0
  0
SEQEND
  8
PLACEMENT_OUTLINE_TOP
  0
POLYLINE
 5
1E65
  8
PLACEMENT_OUTLINE_TOP
 66
1
 70
1
 40
0.100000
 41
0.100000
  0
VERTEX
 5
1E66
  8
PLACEMENT_OUTLINE_TOP
 10
18.30600
 20
67.71100
 42
1.0
  0
VERTEX
 5
1E67
  8
PLACEMENT_OUTLINE_TOP
 10
18.40600
 20
67.71100
 42
1.0
  0
SEQEND
  8
PLACEMENT_OUTLINE_TOP
  0
POLYLINE
 5
1E68
  8
PLACEMENT_OUTLINE_TOP
 66
1
 40
0.200000
 41
0.200000
  0
VERTEX
 5
1E69
  8
PLACEMENT_OUTLINE_TOP
 10
18.35600
 20
67.71100
  0
VERTEX
 5
1E6A
  8
PLACEMENT_OUTLINE_TOP
 10
12.20600
 20
67.71100
  0
SEQEND
  8
PLACEMENT_OUTLINE_TOP
  0
POLYLINE
 5
1E6B
  8
PLACEMENT_OUTLINE_TOP
 66
1
 70
1
 40
0.100000
 41
0.100000
  0
VERTEX
 5
1E6C
  8
PLACEMENT_OUTLINE_TOP
 10
18.30600
 20
67.71100
 42
1.0
  0
VERTEX
 5
1E6D
  8
PLACEMENT_OUTLINE_TOP
 10
18.40600
 20
67.71100
 42
1.0
  0
SEQEND
  8
PLACEMENT_OUTLINE_TOP
  0
POLYLINE
 5
1E6E
  8
PLACEMENT_OUTLINE_TOP
 66
1
 70
1
 40
0.100000
 41
0.100000
  0
VERTEX
 5
1E6F
  8
PLACEMENT_OUTLINE_TOP
 10
12.15600
 20
67.71100
 42
1.0
  0
VERTEX
 5
1E70
  8
PLACEMENT_OUTLINE_TOP
 10
12.25600
 20
67.71100
 42
1.0
  0
SEQEND
  8
PLACEMENT_OUTLINE_TOP
  0
POLYLINE
 5
1E71
  8
PLACEMENT_OUTLINE_TOP
 66
1
 40
0.200000
 41
0.200000
  0
VERTEX
 5
1E72
  8
PLACEMENT_OUTLINE_TOP
 10
12.20600
 20
67.71100
  0
VERTEX
 5
1E73
  8
PLACEMENT_OUTLINE_TOP
 10
12.20600
 20
75.21100
  0
SEQEND
  8
PLACEMENT_OUTLINE_TOP
  0
POLYLINE
 5
1E74
  8
PLACEMENT_OUTLINE_TOP
 66
1
 70
1
 40
0.100000
 41
0.100000
  0
VERTEX
 5
1E75
  8
PLACEMENT_OUTLINE_TOP
 10
12.15600
 20
67.71100
 42
1.0
  0
VERTEX
 5
1E76
  8
PLACEMENT_OUTLINE_TOP
 10
12.25600
 20
67.71100
 42
1.0
  0
SEQEND
  8
PLACEMENT_OUTLINE_TOP
  0
POLYLINE
 5
1E77
  8
PLACEMENT_OUTLINE_TOP
 66
1
 70
1
 40
0.100000
 41
0.100000
  0
VERTEX
 5
1E78
  8
PLACEMENT_OUTLINE_TOP
 10
12.15600
 20
75.21100
 42
1.0
  0
VERTEX
 5
1E79
  8
PLACEMENT_OUTLINE_TOP
 10
12.25600
 20
75.21100
 42
1.0
  0
SEQEND
  8
PLACEMENT_OUTLINE_TOP
  0
POLYLINE
 5
1E7A
  8
PLACEMENT_OUTLINE_TOP
 66
1
 40
0.200000
 41
0.200000
  0
VERTEX
 5
1E7B
  8
PLACEMENT_OUTLINE_TOP
 10
12.20600
 20
75.21100
  0
VERTEX
 5
1E7C
  8
PLACEMENT_OUTLINE_TOP
 10
18.35600
 20
75.21100
  0
SEQEND
  8
PLACEMENT_OUTLINE_TOP
  0
POLYLINE
 5
1E7D
  8
PLACEMENT_OUTLINE_TOP
 66
1
 70
1
 40
0.100000
 41
0.100000
  0
VERTEX
 5
1E7E
  8
PLACEMENT_OUTLINE_TOP
 10
12.15600
 20
75.21100
 42
1.0
  0
VERTEX
 5
1E7F
  8
PLACEMENT_OUTLINE_TOP
 10
12.25600
 20
75.21100
 42
1.0
  0
SEQEND
  8
PLACEMENT_OUTLINE_TOP
  0
POLYLINE
 5
1E80
  8
PLACEMENT_OUTLINE_TOP
 66
1
 70
1
 40
0.100000
 41
0.100000
  0
VERTEX
 5
1E81
  8
PLACEMENT_OUTLINE_TOP
 10
18.30600
 20
75.21100
 42
1.0
  0
VERTEX
 5
1E82
  8
PLACEMENT_OUTLINE_TOP
 10
18.40600
 20
75.21100
 42
1.0
  0
SEQEND
  8
PLACEMENT_OUTLINE_TOP
  0
SOLID
 5
1E83
  8
PADLAYER_TOP
 10
16.43100
 20
72.11100
 11
20.93100
 21
72.11100
 12
16.43100
 22
73.31100
 13
20.93100
 23
73.31100
  0
SOLID
 5
1E84
  8
PADLAYER_TOP
 10
16.43100
 20
69.61100
 11
20.93100
 21
69.61100
 12
16.43100
 22
70.81100
 13
20.93100
 23
70.81100
  0
SOLID
 5
1E85
  8
PADLAYER_TOP
 10
12.93100
 20
66.31100
 11
15.93100
 21
66.31100
 12
12.93100
 22
67.91100
 13
15.93100
 23
67.91100
  0
SOLID
 5
1E86
  8
PADLAYER_TOP
 10
12.93100
 20
75.01100
 11
15.93100
 21
75.01100
 12
12.93100
 22
76.61100
 13
15.93100
 23
76.61100
  0
POLYLINE
 5
1E87
  8
2DLINES_1
 66
1
 40
0.200000
 41
0.200000
  0
VERTEX
 5
1E88
  8
2DLINES_1
 10
11.00000
 20
86.00000
  0
VERTEX
 5
1E89
  8
2DLINES_1
 10
11.00000
 20
71.70000
  0
SEQEND
  8
2DLINES_1
  0
POLYLINE
 5
1E8A
  8
2DLINES_1
 66
1
 70
1
 40
0.100000
 41
0.100000
  0
VERTEX
 5
1E8B
  8
2DLINES_1
 10
10.95000
 20
86.00000
 42
1.0
  0
VERTEX
 5
1E8C
  8
2DLINES_1
 10
11.05000
 20
86.00000
 42
1.0
  0
SEQEND
  8
2DLINES_1
  0
POLYLINE
 5
1E8D
  8
2DLINES_1
 66
1
 70
1
 40
0.100000
 41
0.100000
  0
VERTEX
 5
1E8E
  8
2DLINES_1
 10
10.95000
 20
71.70000
 42
1.0
  0
VERTEX
 5
1E8F
  8
2DLINES_1
 10
11.05000
 20
71.70000
 42
1.0
  0
SEQEND
  8
2DLINES_1
  0
POLYLINE
 5
1E90
  8
2DLINES_1
 66
1
 40
0.200000
 41
0.200000
  0
VERTEX
 5
1E91
  8
2DLINES_1
 10
11.00000
 20
71.70000
  0
VERTEX
 5
1E92
  8
2DLINES_1
 10
2.00000
 20
71.70000
  0
SEQEND
  8
2DLINES_1
  0
POLYLINE
 5
1E93
  8
2DLINES_1
 66
1
 70
1
 40
0.100000
 41
0.100000
  0
VERTEX
 5
1E94
  8
2DLINES_1
 10
10.95000
 20
71.70000
 42
1.0
  0
VERTEX
 5
1E95
  8
2DLINES_1
 10
11.05000
 20
71.70000
 42
1.0
  0
SEQEND
  8
2DLINES_1
  0
POLYLINE
 5
1E96
  8
2DLINES_1
 66
1
 70
1
 40
0.100000
 41
0.100000
  0
VERTEX
 5
1E97
  8
2DLINES_1
 10
1.95000
 20
71.70000
 42
1.0
  0
VERTEX
 5
1E98
  8
2DLINES_1
 10
2.05000
 20
71.70000
 42
1.0
  0
SEQEND
  8
2DLINES_1
  0
POLYLINE
 5
1E99
  8
2DLINES_1
 66
1
 40
0.200000
 41
0.200000
  0
VERTEX
 5
1E9A
  8
2DLINES_1
 10
2.00000
 20
71.70000
  0
VERTEX
 5
1E9B
  8
2DLINES_1
 10
2.00000
 20
86.00000
  0
SEQEND
  8
2DLINES_1
  0
POLYLINE
 5
1E9C
  8
2DLINES_1
 66
1
 70
1
 40
0.100000
 41
0.100000
  0
VERTEX
 5
1E9D
  8
2DLINES_1
 10
1.95000
 20
71.70000
 42
1.0
  0
VERTEX
 5
1E9E
  8
2DLINES_1
 10
2.05000
 20
71.70000
 42
1.0
  0
SEQEND
  8
2DLINES_1
  0
POLYLINE
 5
1E9F
  8
2DLINES_1
 66
1
 70
1
 40
0.100000
 41
0.100000
  0
VERTEX
 5
1EA0
  8
2DLINES_1
 10
1.95000
 20
86.00000
 42
1.0
  0
VERTEX
 5
1EA1
  8
2DLINES_1
 10
2.05000
 20
86.00000
 42
1.0
  0
SEQEND
  8
2DLINES_1
  0
POLYLINE
 5
1EA2
  8
2DLINES_1
 66
1
 40
0.200000
 41
0.200000
  0
VERTEX
 5
1EA3
  8
2DLINES_1
 10
2.00000
 20
86.00000
  0
VERTEX
 5
1EA4
  8
2DLINES_1
 10
11.00000
 20
86.00000
  0
SEQEND
  8
2DLINES_1
  0
POLYLINE
 5
1EA5
  8
2DLINES_1
 66
1
 70
1
 40
0.100000
 41
0.100000
  0
VERTEX
 5
1EA6
  8
2DLINES_1
 10
1.95000
 20
86.00000
 42
1.0
  0
VERTEX
 5
1EA7
  8
2DLINES_1
 10
2.05000
 20
86.00000
 42
1.0
  0
SEQEND
  8
2DLINES_1
  0
POLYLINE
 5
1EA8
  8
2DLINES_1
 66
1
 70
1
 40
0.100000
 41
0.100000
  0
VERTEX
 5
1EA9
  8
2DLINES_1
 10
10.95000
 20
86.00000
 42
1.0
  0
VERTEX
 5
1EAA
  8
2DLINES_1
 10
11.05000
 20
86.00000
 42
1.0
  0
SEQEND
  8
2DLINES_1
  0
POLYLINE
 5
1EAB
  8
PLACEMENT_OUTLINE_TOP
 66
1
 40
0.200000
 41
0.200000
  0
VERTEX
 5
1EAC
  8
PLACEMENT_OUTLINE_TOP
 10
11.00000
 20
86.00000
  0
VERTEX
 5
1EAD
  8
PLACEMENT_OUTLINE_TOP
 10
11.00000
 20
71.70000
  0
SEQEND
  8
PLACEMENT_OUTLINE_TOP
  0
POLYLINE
 5
1EAE
  8
PLACEMENT_OUTLINE_TOP
 66
1
 70
1
 40
0.100000
 41
0.100000
  0
VERTEX
 5
1EAF
  8
PLACEMENT_OUTLINE_TOP
 10
10.95000
 20
86.00000
 42
1.0
  0
VERTEX
 5
1EB0
  8
PLACEMENT_OUTLINE_TOP
 10
11.05000
 20
86.00000
 42
1.0
  0
SEQEND
  8
PLACEMENT_OUTLINE_TOP
  0
POLYLINE
 5
1EB1
  8
PLACEMENT_OUTLINE_TOP
 66
1
 70
1
 40
0.100000
 41
0.100000
  0
VERTEX
 5
1EB2
  8
PLACEMENT_OUTLINE_TOP
 10
10.95000
 20
71.70000
 42
1.0
  0
VERTEX
 5
1EB3
  8
PLACEMENT_OUTLINE_TOP
 10
11.05000
 20
71.70000
 42
1.0
  0
SEQEND
  8
PLACEMENT_OUTLINE_TOP
  0
POLYLINE
 5
1EB4
  8
PLACEMENT_OUTLINE_TOP
 66
1
 40
0.200000
 41
0.200000
  0
VERTEX
 5
1EB5
  8
PLACEMENT_OUTLINE_TOP
 10
11.00000
 20
71.70000
  0
VERTEX
 5
1EB6
  8
PLACEMENT_OUTLINE_TOP
 10
2.00000
 20
71.70000
  0
SEQEND
  8
PLACEMENT_OUTLINE_TOP
  0
POLYLINE
 5
1EB7
  8
PLACEMENT_OUTLINE_TOP
 66
1
 70
1
 40
0.100000
 41
0.100000
  0
VERTEX
 5
1EB8
  8
PLACEMENT_OUTLINE_TOP
 10
10.95000
 20
71.70000
 42
1.0
  0
VERTEX
 5
1EB9
  8
PLACEMENT_OUTLINE_TOP
 10
11.05000
 20
71.70000
 42
1.0
  0
SEQEND
  8
PLACEMENT_OUTLINE_TOP
  0
POLYLINE
 5
1EBA
  8
PLACEMENT_OUTLINE_TOP
 66
1
 70
1
 40
0.100000
 41
0.100000
  0
VERTEX
 5
1EBB
  8
PLACEMENT_OUTLINE_TOP
 10
1.95000
 20
71.70000
 42
1.0
  0
VERTEX
 5
1EBC
  8
PLACEMENT_OUTLINE_TOP
 10
2.05000
 20
71.70000
 42
1.0
  0
SEQEND
  8
PLACEMENT_OUTLINE_TOP
  0
POLYLINE
 5
1EBD
  8
PLACEMENT_OUTLINE_TOP
 66
1
 40
0.200000
 41
0.200000
  0
VERTEX
 5
1EBE
  8
PLACEMENT_OUTLINE_TOP
 10
2.00000
 20
71.70000
  0
VERTEX
 5
1EBF
  8
PLACEMENT_OUTLINE_TOP
 10
2.00000
 20
86.00000
  0
SEQEND
  8
PLACEMENT_OUTLINE_TOP
  0
POLYLINE
 5
1EC0
  8
PLACEMENT_OUTLINE_TOP
 66
1
 70
1
 40
0.100000
 41
0.100000
  0
VERTEX
 5
1EC1
  8
PLACEMENT_OUTLINE_TOP
 10
1.95000
 20
71.70000
 42
1.0
  0
VERTEX
 5
1EC2
  8
PLACEMENT_OUTLINE_TOP
 10
2.05000
 20
71.70000
 42
1.0
  0
SEQEND
  8
PLACEMENT_OUTLINE_TOP
  0
POLYLINE
 5
1EC3
  8
PLACEMENT_OUTLINE_TOP
 66
1
 70
1
 40
0.100000
 41
0.100000
  0
VERTEX
 5
1EC4
  8
PLACEMENT_OUTLINE_TOP
 10
1.95000
 20
86.00000
 42
1.0
  0
VERTEX
 5
1EC5
  8
PLACEMENT_OUTLINE_TOP
 10
2.05000
 20
86.00000
 42
1.0
  0
SEQEND
  8
PLACEMENT_OUTLINE_TOP
  0
POLYLINE
 5
1EC6
  8
PLACEMENT_OUTLINE_TOP
 66
1
 40
0.200000
 41
0.200000
  0
VERTEX
 5
1EC7
  8
PLACEMENT_OUTLINE_TOP
 10
2.00000
 20
86.00000
  0
VERTEX
 5
1EC8
  8
PLACEMENT_OUTLINE_TOP
 10
11.00000
 20
86.00000
  0
SEQEND
  8
PLACEMENT_OUTLINE_TOP
  0
POLYLINE
 5
1EC9
  8
PLACEMENT_OUTLINE_TOP
 66
1
 70
1
 40
0.100000
 41
0.100000
  0
VERTEX
 5
1ECA
  8
PLACEMENT_OUTLINE_TOP
 10
1.95000
 20
86.00000
 42
1.0
  0
VERTEX
 5
1ECB
  8
PLACEMENT_OUTLINE_TOP
 10
2.05000
 20
86.00000
 42
1.0
  0
SEQEND
  8
PLACEMENT_OUTLINE_TOP
  0
POLYLINE
 5
1ECC
  8
PLACEMENT_OUTLINE_TOP
 66
1
 70
1
 40
0.100000
 41
0.100000
  0
VERTEX
 5
1ECD
  8
PLACEMENT_OUTLINE_TOP
 10
10.95000
 20
86.00000
 42
1.0
  0
VERTEX
 5
1ECE
  8
PLACEMENT_OUTLINE_TOP
 10
11.05000
 20
86.00000
 42
1.0
  0
SEQEND
  8
PLACEMENT_OUTLINE_TOP
  0
SOLID
 5
1ECF
  8
PADLAYER_TOP
 10
5.30000
 20
78.20000
 11
7.70000
 21
78.20000
 12
5.30000
 22
79.60000
 13
7.70000
 23
79.60000
  0
POLYLINE
 5
1ED0
  8
PADLAYER_TOP
 66
1
 70
1
 40
0.700000
 41
0.700000
  0
VERTEX
 5
1ED1
  8
PADLAYER_TOP
 10
4.95000
 20
78.90000
 42
1.0
  0
VERTEX
 5
1ED2
  8
PADLAYER_TOP
 10
5.65000
 20
78.90000
 42
1.0
  0
SEQEND
  8
PADLAYER_TOP
  0
POLYLINE
 5
1ED3
  8
PADLAYER_TOP
 66
1
 70
1
 40
0.700000
 41
0.700000
  0
VERTEX
 5
1ED4
  8
PADLAYER_TOP
 10
7.35000
 20
78.90000
 42
1.0
  0
VERTEX
 5
1ED5
  8
PADLAYER_TOP
 10
8.05000
 20
78.90000
 42
1.0
  0
SEQEND
  8
PADLAYER_TOP
  0
SOLID
 5
1ED6
  8
PADLAYER_BOTTOM
 10
5.30000
 20
78.20000
 11
7.70000
 21
78.20000
 12
5.30000
 22
79.60000
 13
7.70000
 23
79.60000
  0
POLYLINE
 5
1ED7
  8
PADLAYER_BOTTOM
 66
1
 70
1
 40
0.700000
 41
0.700000
  0
VERTEX
 5
1ED8
  8
PADLAYER_BOTTOM
 10
4.95000
 20
78.90000
 42
1.0
  0
VERTEX
 5
1ED9
  8
PADLAYER_BOTTOM
 10
5.65000
 20
78.90000
 42
1.0
  0
SEQEND
  8
PADLAYER_BOTTOM
  0
POLYLINE
 5
1EDA
  8
PADLAYER_BOTTOM
 66
1
 70
1
 40
0.700000
 41
0.700000
  0
VERTEX
 5
1EDB
  8
PADLAYER_BOTTOM
 10
7.35000
 20
78.90000
 42
1.0
  0
VERTEX
 5
1EDC
  8
PADLAYER_BOTTOM
 10
8.05000
 20
78.90000
 42
1.0
  0
SEQEND
  8
PADLAYER_BOTTOM
  0
POLYLINE
 5
1EDD
  8
DRILLHOLE
 66
1
 40
0.001000
 41
0.001000
  0
VERTEX
 5
1EDE
  8
DRILLHOLE
 10
7.70000
 20
79.20000
 42
-1.000000
  0
VERTEX
 5
1EDF
  8
DRILLHOLE
 10
7.70000
 20
78.60000
  0
SEQEND
  8
DRILLHOLE
  0
POLYLINE
 5
1EE0
  8
DRILLHOLE
 66
1
 70
1
 40
0.000500
 41
0.000500
  0
VERTEX
 5
1EE1
  8
DRILLHOLE
 10
7.69975
 20
79.20000
 42
1.0
  0
VERTEX
 5
1EE2
  8
DRILLHOLE
 10
7.70025
 20
79.20000
 42
1.0
  0
SEQEND
  8
DRILLHOLE
  0
POLYLINE
 5
1EE3
  8
DRILLHOLE
 66
1
 70
1
 40
0.000500
 41
0.000500
  0
VERTEX
 5
1EE4
  8
DRILLHOLE
 10
7.69975
 20
78.60000
 42
1.0
  0
VERTEX
 5
1EE5
  8
DRILLHOLE
 10
7.70025
 20
78.60000
 42
1.0
  0
SEQEND
  8
DRILLHOLE
  0
POLYLINE
 5
1EE6
  8
DRILLHOLE
 66
1
 40
0.001000
 41
0.001000
  0
VERTEX
 5
1EE7
  8
DRILLHOLE
 10
7.70000
 20
78.60000
  0
VERTEX
 5
1EE8
  8
DRILLHOLE
 10
5.30000
 20
78.60000
 42
-1.000000
  0
SEQEND
  8
DRILLHOLE
  0
POLYLINE
 5
1EE9
  8
DRILLHOLE
 66
1
 70
1
 40
0.000500
 41
0.000500
  0
VERTEX
 5
1EEA
  8
DRILLHOLE
 10
7.69975
 20
78.60000
 42
1.0
  0
VERTEX
 5
1EEB
  8
DRILLHOLE
 10
7.70025
 20
78.60000
 42
1.0
  0
SEQEND
  8
DRILLHOLE
  0
POLYLINE
 5
1EEC
  8
DRILLHOLE
 66
1
 70
1
 40
0.000500
 41
0.000500
  0
VERTEX
 5
1EED
  8
DRILLHOLE
 10
5.29975
 20
78.60000
 42
1.0
  0
VERTEX
 5
1EEE
  8
DRILLHOLE
 10
5.30025
 20
78.60000
 42
1.0
  0
SEQEND
  8
DRILLHOLE
  0
POLYLINE
 5
1EEF
  8
DRILLHOLE
 66
1
 40
0.001000
 41
0.001000
  0
VERTEX
 5
1EF0
  8
DRILLHOLE
 10
5.30000
 20
78.60000
 42
-1.000000
  0
VERTEX
 5
1EF1
  8
DRILLHOLE
 10
5.30000
 20
79.20000
  0
SEQEND
  8
DRILLHOLE
  0
POLYLINE
 5
1EF2
  8
DRILLHOLE
 66
1
 70
1
 40
0.000500
 41
0.000500
  0
VERTEX
 5
1EF3
  8
DRILLHOLE
 10
5.29975
 20
78.60000
 42
1.0
  0
VERTEX
 5
1EF4
  8
DRILLHOLE
 10
5.30025
 20
78.60000
 42
1.0
  0
SEQEND
  8
DRILLHOLE
  0
POLYLINE
 5
1EF5
  8
DRILLHOLE
 66
1
 70
1
 40
0.000500
 41
0.000500
  0
VERTEX
 5
1EF6
  8
DRILLHOLE
 10
5.29975
 20
79.20000
 42
1.0
  0
VERTEX
 5
1EF7
  8
DRILLHOLE
 10
5.30025
 20
79.20000
 42
1.0
  0
SEQEND
  8
DRILLHOLE
  0
POLYLINE
 5
1EF8
  8
DRILLHOLE
 66
1
 40
0.001000
 41
0.001000
  0
VERTEX
 5
1EF9
  8
DRILLHOLE
 10
5.30000
 20
79.20000
  0
VERTEX
 5
1EFA
  8
DRILLHOLE
 10
7.70000
 20
79.20000
  0
SEQEND
  8
DRILLHOLE
  0
POLYLINE
 5
1EFB
  8
DRILLHOLE
 66
1
 70
1
 40
0.000500
 41
0.000500
  0
VERTEX
 5
1EFC
  8
DRILLHOLE
 10
5.29975
 20
79.20000
 42
1.0
  0
VERTEX
 5
1EFD
  8
DRILLHOLE
 10
5.30025
 20
79.20000
 42
1.0
  0
SEQEND
  8
DRILLHOLE
  0
POLYLINE
 5
1EFE
  8
DRILLHOLE
 66
1
 70
1
 40
0.000500
 41
0.000500
  0
VERTEX
 5
1EFF
  8
DRILLHOLE
 10
7.69975
 20
79.20000
 42
1.0
  0
VERTEX
 5
1F00
  8
DRILLHOLE
 10
7.70025
 20
79.20000
 42
1.0
  0
SEQEND
  8
DRILLHOLE
  0
SOLID
 5
1F01
  8
PADLAYER_TOP
 10
1.00000
 20
76.40000
 11
1.00000
 21
74.00000
 12
2.40000
 22
76.40000
 13
2.40000
 23
74.00000
  0
POLYLINE
 5
1F02
  8
PADLAYER_TOP
 66
1
 70
1
 40
0.700000
 41
0.700000
  0
VERTEX
 5
1F03
  8
PADLAYER_TOP
 10
1.35000
 20
76.40000
 42
1.0
  0
VERTEX
 5
1F04
  8
PADLAYER_TOP
 10
2.05000
 20
76.40000
 42
1.0
  0
SEQEND
  8
PADLAYER_TOP
  0
POLYLINE
 5
1F05
  8
PADLAYER_TOP
 66
1
 70
1
 40
0.700000
 41
0.700000
  0
VERTEX
 5
1F06
  8
PADLAYER_TOP
 10
1.35000
 20
74.00000
 42
1.0
  0
VERTEX
 5
1F07
  8
PADLAYER_TOP
 10
2.05000
 20
74.00000
 42
1.0
  0
SEQEND
  8
PADLAYER_TOP
  0
SOLID
 5
1F08
  8
PADLAYER_BOTTOM
 10
1.00000
 20
76.40000
 11
1.00000
 21
74.00000
 12
2.40000
 22
76.40000
 13
2.40000
 23
74.00000
  0
POLYLINE
 5
1F09
  8
PADLAYER_BOTTOM
 66
1
 70
1
 40
0.700000
 41
0.700000
  0
VERTEX
 5
1F0A
  8
PADLAYER_BOTTOM
 10
1.35000
 20
76.40000
 42
1.0
  0
VERTEX
 5
1F0B
  8
PADLAYER_BOTTOM
 10
2.05000
 20
76.40000
 42
1.0
  0
SEQEND
  8
PADLAYER_BOTTOM
  0
POLYLINE
 5
1F0C
  8
PADLAYER_BOTTOM
 66
1
 70
1
 40
0.700000
 41
0.700000
  0
VERTEX
 5
1F0D
  8
PADLAYER_BOTTOM
 10
1.35000
 20
74.00000
 42
1.0
  0
VERTEX
 5
1F0E
  8
PADLAYER_BOTTOM
 10
2.05000
 20
74.00000
 42
1.0
  0
SEQEND
  8
PADLAYER_BOTTOM
  0
POLYLINE
 5
1F0F
  8
DRILLHOLE
 66
1
 40
0.001000
 41
0.001000
  0
VERTEX
 5
1F10
  8
DRILLHOLE
 10
2.00000
 20
74.00000
 42
-1.000000
  0
VERTEX
 5
1F11
  8
DRILLHOLE
 10
1.40000
 20
74.00000
  0
SEQEND
  8
DRILLHOLE
  0
POLYLINE
 5
1F12
  8
DRILLHOLE
 66
1
 70
1
 40
0.000500
 41
0.000500
  0
VERTEX
 5
1F13
  8
DRILLHOLE
 10
1.99975
 20
74.00000
 42
1.0
  0
VERTEX
 5
1F14
  8
DRILLHOLE
 10
2.00025
 20
74.00000
 42
1.0
  0
SEQEND
  8
DRILLHOLE
  0
POLYLINE
 5
1F15
  8
DRILLHOLE
 66
1
 70
1
 40
0.000500
 41
0.000500
  0
VERTEX
 5
1F16
  8
DRILLHOLE
 10
1.39975
 20
74.00000
 42
1.0
  0
VERTEX
 5
1F17
  8
DRILLHOLE
 10
1.40025
 20
74.00000
 42
1.0
  0
SEQEND
  8
DRILLHOLE
  0
POLYLINE
 5
1F18
  8
DRILLHOLE
 66
1
 40
0.001000
 41
0.001000
  0
VERTEX
 5
1F19
  8
DRILLHOLE
 10
1.40000
 20
74.00000
  0
VERTEX
 5
1F1A
  8
DRILLHOLE
 10
1.40000
 20
76.40000
 42
-1.000000
  0
SEQEND
  8
DRILLHOLE
  0
POLYLINE
 5
1F1B
  8
DRILLHOLE
 66
1
 70
1
 40
0.000500
 41
0.000500
  0
VERTEX
 5
1F1C
  8
DRILLHOLE
 10
1.39975
 20
74.00000
 42
1.0
  0
VERTEX
 5
1F1D
  8
DRILLHOLE
 10
1.40025
 20
74.00000
 42
1.0
  0
SEQEND
  8
DRILLHOLE
  0
POLYLINE
 5
1F1E
  8
DRILLHOLE
 66
1
 70
1
 40
0.000500
 41
0.000500
  0
VERTEX
 5
1F1F
  8
DRILLHOLE
 10
1.39975
 20
76.40000
 42
1.0
  0
VERTEX
 5
1F20
  8
DRILLHOLE
 10
1.40025
 20
76.40000
 42
1.0
  0
SEQEND
  8
DRILLHOLE
  0
POLYLINE
 5
1F21
  8
DRILLHOLE
 66
1
 40
0.001000
 41
0.001000
  0
VERTEX
 5
1F22
  8
DRILLHOLE
 10
1.40000
 20
76.40000
 42
-1.000000
  0
VERTEX
 5
1F23
  8
DRILLHOLE
 10
2.00000
 20
76.40000
  0
SEQEND
  8
DRILLHOLE
  0
POLYLINE
 5
1F24
  8
DRILLHOLE
 66
1
 70
1
 40
0.000500
 41
0.000500
  0
VERTEX
 5
1F25
  8
DRILLHOLE
 10
1.39975
 20
76.40000
 42
1.0
  0
VERTEX
 5
1F26
  8
DRILLHOLE
 10
1.40025
 20
76.40000
 42
1.0
  0
SEQEND
  8
DRILLHOLE
  0
POLYLINE
 5
1F27
  8
DRILLHOLE
 66
1
 70
1
 40
0.000500
 41
0.000500
  0
VERTEX
 5
1F28
  8
DRILLHOLE
 10
1.99975
 20
76.40000
 42
1.0
  0
VERTEX
 5
1F29
  8
DRILLHOLE
 10
2.00025
 20
76.40000
 42
1.0
  0
SEQEND
  8
DRILLHOLE
  0
POLYLINE
 5
1F2A
  8
DRILLHOLE
 66
1
 40
0.001000
 41
0.001000
  0
VERTEX
 5
1F2B
  8
DRILLHOLE
 10
2.00000
 20
76.40000
  0
VERTEX
 5
1F2C
  8
DRILLHOLE
 10
2.00000
 20
74.00000
  0
SEQEND
  8
DRILLHOLE
  0
POLYLINE
 5
1F2D
  8
DRILLHOLE
 66
1
 70
1
 40
0.000500
 41
0.000500
  0
VERTEX
 5
1F2E
  8
DRILLHOLE
 10
1.99975
 20
76.40000
 42
1.0
  0
VERTEX
 5
1F2F
  8
DRILLHOLE
 10
2.00025
 20
76.40000
 42
1.0
  0
SEQEND
  8
DRILLHOLE
  0
POLYLINE
 5
1F30
  8
DRILLHOLE
 66
1
 70
1
 40
0.000500
 41
0.000500
  0
VERTEX
 5
1F31
  8
DRILLHOLE
 10
1.99975
 20
74.00000
 42
1.0
  0
VERTEX
 5
1F32
  8
DRILLHOLE
 10
2.00025
 20
74.00000
 42
1.0
  0
SEQEND
  8
DRILLHOLE
  0
SOLID
 5
1F33
  8
PADLAYER_TOP
 10
5.20000
 20
71.80000
 11
7.80000
 21
71.80000
 12
5.20000
 22
73.20000
 13
7.80000
 23
73.20000
  0
POLYLINE
 5
1F34
  8
PADLAYER_TOP
 66
1
 70
1
 40
0.700000
 41
0.700000
  0
VERTEX
 5
1F35
  8
PADLAYER_TOP
 10
4.85000
 20
72.50000
 42
1.0
  0
VERTEX
 5
1F36
  8
PADLAYER_TOP
 10
5.55000
 20
72.50000
 42
1.0
  0
SEQEND
  8
PADLAYER_TOP
  0
POLYLINE
 5
1F37
  8
PADLAYER_TOP
 66
1
 70
1
 40
0.700000
 41
0.700000
  0
VERTEX
 5
1F38
  8
PADLAYER_TOP
 10
7.45000
 20
72.50000
 42
1.0
  0
VERTEX
 5
1F39
  8
PADLAYER_TOP
 10
8.15000
 20
72.50000
 42
1.0
  0
SEQEND
  8
PADLAYER_TOP
  0
SOLID
 5
1F3A
  8
PADLAYER_BOTTOM
 10
5.20000
 20
71.80000
 11
7.80000
 21
71.80000
 12
5.20000
 22
73.20000
 13
7.80000
 23
73.20000
  0
POLYLINE
 5
1F3B
  8
PADLAYER_BOTTOM
 66
1
 70
1
 40
0.700000
 41
0.700000
  0
VERTEX
 5
1F3C
  8
PADLAYER_BOTTOM
 10
4.85000
 20
72.50000
 42
1.0
  0
VERTEX
 5
1F3D
  8
PADLAYER_BOTTOM
 10
5.55000
 20
72.50000
 42
1.0
  0
SEQEND
  8
PADLAYER_BOTTOM
  0
POLYLINE
 5
1F3E
  8
PADLAYER_BOTTOM
 66
1
 70
1
 40
0.700000
 41
0.700000
  0
VERTEX
 5
1F3F
  8
PADLAYER_BOTTOM
 10
7.45000
 20
72.50000
 42
1.0
  0
VERTEX
 5
1F40
  8
PADLAYER_BOTTOM
 10
8.15000
 20
72.50000
 42
1.0
  0
SEQEND
  8
PADLAYER_BOTTOM
  0
POLYLINE
 5
1F41
  8
DRILLHOLE
 66
1
 40
0.001000
 41
0.001000
  0
VERTEX
 5
1F42
  8
DRILLHOLE
 10
7.80000
 20
72.80000
 42
-1.000000
  0
VERTEX
 5
1F43
  8
DRILLHOLE
 10
7.80000
 20
72.20000
  0
SEQEND
  8
DRILLHOLE
  0
POLYLINE
 5
1F44
  8
DRILLHOLE
 66
1
 70
1
 40
0.000500
 41
0.000500
  0
VERTEX
 5
1F45
  8
DRILLHOLE
 10
7.79975
 20
72.80000
 42
1.0
  0
VERTEX
 5
1F46
  8
DRILLHOLE
 10
7.80025
 20
72.80000
 42
1.0
  0
SEQEND
  8
DRILLHOLE
  0
POLYLINE
 5
1F47
  8
DRILLHOLE
 66
1
 70
1
 40
0.000500
 41
0.000500
  0
VERTEX
 5
1F48
  8
DRILLHOLE
 10
7.79975
 20
72.20000
 42
1.0
  0
VERTEX
 5
1F49
  8
DRILLHOLE
 10
7.80025
 20
72.20000
 42
1.0
  0
SEQEND
  8
DRILLHOLE
  0
POLYLINE
 5
1F4A
  8
DRILLHOLE
 66
1
 40
0.001000
 41
0.001000
  0
VERTEX
 5
1F4B
  8
DRILLHOLE
 10
7.80000
 20
72.20000
  0
VERTEX
 5
1F4C
  8
DRILLHOLE
 10
5.20000
 20
72.20000
 42
-1.000000
  0
SEQEND
  8
DRILLHOLE
  0
POLYLINE
 5
1F4D
  8
DRILLHOLE
 66
1
 70
1
 40
0.000500
 41
0.000500
  0
VERTEX
 5
1F4E
  8
DRILLHOLE
 10
7.79975
 20
72.20000
 42
1.0
  0
VERTEX
 5
1F4F
  8
DRILLHOLE
 10
7.80025
 20
72.20000
 42
1.0
  0
SEQEND
  8
DRILLHOLE
  0
POLYLINE
 5
1F50
  8
DRILLHOLE
 66
1
 70
1
 40
0.000500
 41
0.000500
  0
VERTEX
 5
1F51
  8
DRILLHOLE
 10
5.19975
 20
72.20000
 42
1.0
  0
VERTEX
 5
1F52
  8
DRILLHOLE
 10
5.20025
 20
72.20000
 42
1.0
  0
SEQEND
  8
DRILLHOLE
  0
POLYLINE
 5
1F53
  8
DRILLHOLE
 66
1
 40
0.001000
 41
0.001000
  0
VERTEX
 5
1F54
  8
DRILLHOLE
 10
5.20000
 20
72.20000
 42
-1.000000
  0
VERTEX
 5
1F55
  8
DRILLHOLE
 10
5.20000
 20
72.80000
  0
SEQEND
  8
DRILLHOLE
  0
POLYLINE
 5
1F56
  8
DRILLHOLE
 66
1
 70
1
 40
0.000500
 41
0.000500
  0
VERTEX
 5
1F57
  8
DRILLHOLE
 10
5.19975
 20
72.20000
 42
1.0
  0
VERTEX
 5
1F58
  8
DRILLHOLE
 10
5.20025
 20
72.20000
 42
1.0
  0
SEQEND
  8
DRILLHOLE
  0
POLYLINE
 5
1F59
  8
DRILLHOLE
 66
1
 70
1
 40
0.000500
 41
0.000500
  0
VERTEX
 5
1F5A
  8
DRILLHOLE
 10
5.19975
 20
72.80000
 42
1.0
  0
VERTEX
 5
1F5B
  8
DRILLHOLE
 10
5.20025
 20
72.80000
 42
1.0
  0
SEQEND
  8
DRILLHOLE
  0
POLYLINE
 5
1F5C
  8
DRILLHOLE
 66
1
 40
0.001000
 41
0.001000
  0
VERTEX
 5
1F5D
  8
DRILLHOLE
 10
5.20000
 20
72.80000
  0
VERTEX
 5
1F5E
  8
DRILLHOLE
 10
7.80000
 20
72.80000
  0
SEQEND
  8
DRILLHOLE
  0
POLYLINE
 5
1F5F
  8
DRILLHOLE
 66
1
 70
1
 40
0.000500
 41
0.000500
  0
VERTEX
 5
1F60
  8
DRILLHOLE
 10
5.19975
 20
72.80000
 42
1.0
  0
VERTEX
 5
1F61
  8
DRILLHOLE
 10
5.20025
 20
72.80000
 42
1.0
  0
SEQEND
  8
DRILLHOLE
  0
POLYLINE
 5
1F62
  8
DRILLHOLE
 66
1
 70
1
 40
0.000500
 41
0.000500
  0
VERTEX
 5
1F63
  8
DRILLHOLE
 10
7.79975
 20
72.80000
 42
1.0
  0
VERTEX
 5
1F64
  8
DRILLHOLE
 10
7.80025
 20
72.80000
 42
1.0
  0
SEQEND
  8
DRILLHOLE
  0
POLYLINE
 5
1F65
  8
LAYNR8
 66
1
 40
0.025400
 41
0.025400
  0
VERTEX
 5
1F66
  8
LAYNR8
 10
8.79870
 20
69.52590
  0
VERTEX
 5
1F67
  8
LAYNR8
 10
8.79870
 20
67.31610
  0
SEQEND
  8
LAYNR8
  0
POLYLINE
 5
1F68
  8
LAYNR8
 66
1
 70
1
 40
0.012700
 41
0.012700
  0
VERTEX
 5
1F69
  8
LAYNR8
 10
8.79235
 20
69.52590
 42
1.0
  0
VERTEX
 5
1F6A
  8
LAYNR8
 10
8.80505
 20
69.52590
 42
1.0
  0
SEQEND
  8
LAYNR8
  0
POLYLINE
 5
1F6B
  8
LAYNR8
 66
1
 70
1
 40
0.012700
 41
0.012700
  0
VERTEX
 5
1F6C
  8
LAYNR8
 10
8.79235
 20
67.31610
 42
1.0
  0
VERTEX
 5
1F6D
  8
LAYNR8
 10
8.80505
 20
67.31610
 42
1.0
  0
SEQEND
  8
LAYNR8
  0
POLYLINE
 5
1F6E
  8
LAYNR8
 66
1
 40
0.025400
 41
0.025400
  0
VERTEX
 5
1F6F
  8
LAYNR8
 10
8.79870
 20
67.31610
  0
VERTEX
 5
1F70
  8
LAYNR8
 10
9.29400
 20
67.31610
  0
SEQEND
  8
LAYNR8
  0
POLYLINE
 5
1F71
  8
LAYNR8
 66
1
 70
1
 40
0.012700
 41
0.012700
  0
VERTEX
 5
1F72
  8
LAYNR8
 10
8.79235
 20
67.31610
 42
1.0
  0
VERTEX
 5
1F73
  8
LAYNR8
 10
8.80505
 20
67.31610
 42
1.0
  0
SEQEND
  8
LAYNR8
  0
POLYLINE
 5
1F74
  8
LAYNR8
 66
1
 70
1
 40
0.012700
 41
0.012700
  0
VERTEX
 5
1F75
  8
LAYNR8
 10
9.28765
 20
67.31610
 42
1.0
  0
VERTEX
 5
1F76
  8
LAYNR8
 10
9.30035
 20
67.31610
 42
1.0
  0
SEQEND
  8
LAYNR8
  0
POLYLINE
 5
1F77
  8
LAYNR8
 66
1
 40
0.025400
 41
0.025400
  0
VERTEX
 5
1F78
  8
LAYNR8
 10
9.29400
 20
67.31610
  0
VERTEX
 5
1F79
  8
LAYNR8
 10
9.29400
 20
69.52590
  0
SEQEND
  8
LAYNR8
  0
POLYLINE
 5
1F7A
  8
LAYNR8
 66
1
 70
1
 40
0.012700
 41
0.012700
  0
VERTEX
 5
1F7B
  8
LAYNR8
 10
9.28765
 20
67.31610
 42
1.0
  0
VERTEX
 5
1F7C
  8
LAYNR8
 10
9.30035
 20
67.31610
 42
1.0
  0
SEQEND
  8
LAYNR8
  0
POLYLINE
 5
1F7D
  8
LAYNR8
 66
1
 70
1
 40
0.012700
 41
0.012700
  0
VERTEX
 5
1F7E
  8
LAYNR8
 10
9.28765
 20
69.52590
 42
1.0
  0
VERTEX
 5
1F7F
  8
LAYNR8
 10
9.30035
 20
69.52590
 42
1.0
  0
SEQEND
  8
LAYNR8
  0
POLYLINE
 5
1F80
  8
LAYNR8
 66
1
 40
0.025400
 41
0.025400
  0
VERTEX
 5
1F81
  8
LAYNR8
 10
9.29400
 20
69.52590
  0
VERTEX
 5
1F82
  8
LAYNR8
 10
8.79870
 20
69.52590
  0
SEQEND
  8
LAYNR8
  0
POLYLINE
 5
1F83
  8
LAYNR8
 66
1
 70
1
 40
0.012700
 41
0.012700
  0
VERTEX
 5
1F84
  8
LAYNR8
 10
9.28765
 20
69.52590
 42
1.0
  0
VERTEX
 5
1F85
  8
LAYNR8
 10
9.30035
 20
69.52590
 42
1.0
  0
SEQEND
  8
LAYNR8
  0
POLYLINE
 5
1F86
  8
LAYNR8
 66
1
 70
1
 40
0.012700
 41
0.012700
  0
VERTEX
 5
1F87
  8
LAYNR8
 10
8.79235
 20
69.52590
 42
1.0
  0
VERTEX
 5
1F88
  8
LAYNR8
 10
8.80505
 20
69.52590
 42
1.0
  0
SEQEND
  8
LAYNR8
  0
POLYLINE
 5
1F89
  8
LAYNR8
 66
1
 40
0.025400
 41
0.025400
  0
VERTEX
 5
1F8A
  8
LAYNR8
 10
4.20130
 20
67.31610
  0
VERTEX
 5
1F8B
  8
LAYNR8
 10
4.20130
 20
69.52590
  0
SEQEND
  8
LAYNR8
  0
POLYLINE
 5
1F8C
  8
LAYNR8
 66
1
 70
1
 40
0.012700
 41
0.012700
  0
VERTEX
 5
1F8D
  8
LAYNR8
 10
4.19495
 20
67.31610
 42
1.0
  0
VERTEX
 5
1F8E
  8
LAYNR8
 10
4.20765
 20
67.31610
 42
1.0
  0
SEQEND
  8
LAYNR8
  0
POLYLINE
 5
1F8F
  8
LAYNR8
 66
1
 70
1
 40
0.012700
 41
0.012700
  0
VERTEX
 5
1F90
  8
LAYNR8
 10
4.19495
 20
69.52590
 42
1.0
  0
VERTEX
 5
1F91
  8
LAYNR8
 10
4.20765
 20
69.52590
 42
1.0
  0
SEQEND
  8
LAYNR8
  0
POLYLINE
 5
1F92
  8
LAYNR8
 66
1
 40
0.025400
 41
0.025400
  0
VERTEX
 5
1F93
  8
LAYNR8
 10
4.20130
 20
69.52590
  0
VERTEX
 5
1F94
  8
LAYNR8
 10
3.70600
 20
69.52590
  0
SEQEND
  8
LAYNR8
  0
POLYLINE
 5
1F95
  8
LAYNR8
 66
1
 70
1
 40
0.012700
 41
0.012700
  0
VERTEX
 5
1F96
  8
LAYNR8
 10
4.19495
 20
69.52590
 42
1.0
  0
VERTEX
 5
1F97
  8
LAYNR8
 10
4.20765
 20
69.52590
 42
1.0
  0
SEQEND
  8
LAYNR8
  0
POLYLINE
 5
1F98
  8
LAYNR8
 66
1
 70
1
 40
0.012700
 41
0.012700
  0
VERTEX
 5
1F99
  8
LAYNR8
 10
3.69965
 20
69.52590
 42
1.0
  0
VERTEX
 5
1F9A
  8
LAYNR8
 10
3.71235
 20
69.52590
 42
1.0
  0
SEQEND
  8
LAYNR8
  0
POLYLINE
 5
1F9B
  8
LAYNR8
 66
1
 40
0.025400
 41
0.025400
  0
VERTEX
 5
1F9C
  8
LAYNR8
 10
3.70600
 20
69.52590
  0
VERTEX
 5
1F9D
  8
LAYNR8
 10
3.70600
 20
67.31610
  0
SEQEND
  8
LAYNR8
  0
POLYLINE
 5
1F9E
  8
LAYNR8
 66
1
 70
1
 40
0.012700
 41
0.012700
  0
VERTEX
 5
1F9F
  8
LAYNR8
 10
3.69965
 20
69.52590
 42
1.0
  0
VERTEX
 5
1FA0
  8
LAYNR8
 10
3.71235
 20
69.52590
 42
1.0
  0
SEQEND
  8
LAYNR8
  0
POLYLINE
 5
1FA1
  8
LAYNR8
 66
1
 70
1
 40
0.012700
 41
0.012700
  0
VERTEX
 5
1FA2
  8
LAYNR8
 10
3.69965
 20
67.31610
 42
1.0
  0
VERTEX
 5
1FA3
  8
LAYNR8
 10
3.71235
 20
67.31610
 42
1.0
  0
SEQEND
  8
LAYNR8
  0
POLYLINE
 5
1FA4
  8
LAYNR8
 66
1
 40
0.025400
 41
0.025400
  0
VERTEX
 5
1FA5
  8
LAYNR8
 10
3.70600
 20
67.31610
  0
VERTEX
 5
1FA6
  8
LAYNR8
 10
4.20130
 20
67.31610
  0
SEQEND
  8
LAYNR8
  0
POLYLINE
 5
1FA7
  8
LAYNR8
 66
1
 70
1
 40
0.012700
 41
0.012700
  0
VERTEX
 5
1FA8
  8
LAYNR8
 10
3.69965
 20
67.31610
 42
1.0
  0
VERTEX
 5
1FA9
  8
LAYNR8
 10
3.71235
 20
67.31610
 42
1.0
  0
SEQEND
  8
LAYNR8
  0
POLYLINE
 5
1FAA
  8
LAYNR8
 66
1
 70
1
 40
0.012700
 41
0.012700
  0
VERTEX
 5
1FAB
  8
LAYNR8
 10
4.19495
 20
67.31610
 42
1.0
  0
VERTEX
 5
1FAC
  8
LAYNR8
 10
4.20765
 20
67.31610
 42
1.0
  0
SEQEND
  8
LAYNR8
  0
POLYLINE
 5
1FAD
  8
LAYNR1
 66
1
 40
0.152400
 41
0.152400
  0
VERTEX
 5
1FAE
  8
LAYNR1
 10
4.07430
 20
66.95836
  0
VERTEX
 5
1FAF
  8
LAYNR1
 10
4.07430
 20
66.31280
  0
SEQEND
  8
LAYNR1
  0
POLYLINE
 5
1FB0
  8
LAYNR1
 66
1
 70
1
 40
0.076200
 41
0.076200
  0
VERTEX
 5
1FB1
  8
LAYNR1
 10
4.03620
 20
66.95836
 42
1.0
  0
VERTEX
 5
1FB2
  8
LAYNR1
 10
4.11240
 20
66.95836
 42
1.0
  0
SEQEND
  8
LAYNR1
  0
POLYLINE
 5
1FB3
  8
LAYNR1
 66
1
 70
1
 40
0.076200
 41
0.076200
  0
VERTEX
 5
1FB4
  8
LAYNR1
 10
4.03620
 20
66.31280
 42
1.0
  0
VERTEX
 5
1FB5
  8
LAYNR1
 10
4.11240
 20
66.31280
 42
1.0
  0
SEQEND
  8
LAYNR1
  0
POLYLINE
 5
1FB6
  8
LAYNR1
 66
1
 40
0.152400
 41
0.152400
  0
VERTEX
 5
1FB7
  8
LAYNR1
 10
8.92570
 20
69.88363
  0
VERTEX
 5
1FB8
  8
LAYNR1
 10
8.92570
 20
70.52920
  0
SEQEND
  8
LAYNR1
  0
POLYLINE
 5
1FB9
  8
LAYNR1
 66
1
 70
1
 40
0.076200
 41
0.076200
  0
VERTEX
 5
1FBA
  8
LAYNR1
 10
8.88760
 20
69.88363
 42
1.0
  0
VERTEX
 5
1FBB
  8
LAYNR1
 10
8.96380
 20
69.88363
 42
1.0
  0
SEQEND
  8
LAYNR1
  0
POLYLINE
 5
1FBC
  8
LAYNR1
 66
1
 70
1
 40
0.076200
 41
0.076200
  0
VERTEX
 5
1FBD
  8
LAYNR1
 10
8.88760
 20
70.52920
 42
1.0
  0
VERTEX
 5
1FBE
  8
LAYNR1
 10
8.96380
 20
70.52920
 42
1.0
  0
SEQEND
  8
LAYNR1
  0
POLYLINE
 5
1FBF
  8
LAYNR8
 66
1
 40
0.025400
 41
0.025400
  0
VERTEX
 5
1FC0
  8
LAYNR8
 10
10.27899
 20
68.42100
  0
VERTEX
 5
1FC1
  8
LAYNR8
 10
11.54899
 20
68.42100
  0
SEQEND
  8
LAYNR8
  0
POLYLINE
 5
1FC2
  8
LAYNR8
 66
1
 70
1
 40
0.012700
 41
0.012700
  0
VERTEX
 5
1FC3
  8
LAYNR8
 10
10.27264
 20
68.42100
 42
1.0
  0
VERTEX
 5
1FC4
  8
LAYNR8
 10
10.28534
 20
68.42100
 42
1.0
  0
SEQEND
  8
LAYNR8
  0
POLYLINE
 5
1FC5
  8
LAYNR8
 66
1
 70
1
 40
0.012700
 41
0.012700
  0
VERTEX
 5
1FC6
  8
LAYNR8
 10
11.54264
 20
68.42100
 42
1.0
  0
VERTEX
 5
1FC7
  8
LAYNR8
 10
11.55534
 20
68.42100
 42
1.0
  0
SEQEND
  8
LAYNR8
  0
POLYLINE
 5
1FC8
  8
LAYNR8
 66
1
 40
0.025400
 41
0.025400
  0
VERTEX
 5
1FC9
  8
LAYNR8
 10
11.29499
 20
67.78600
  0
VERTEX
 5
1FCA
  8
LAYNR8
 10
11.29499
 20
69.05600
  0
SEQEND
  8
LAYNR8
  0
POLYLINE
 5
1FCB
  8
LAYNR8
 66
1
 70
1
 40
0.012700
 41
0.012700
  0
VERTEX
 5
1FCC
  8
LAYNR8
 10
11.28864
 20
67.78600
 42
1.0
  0
VERTEX
 5
1FCD
  8
LAYNR8
 10
11.30134
 20
67.78600
 42
1.0
  0
SEQEND
  8
LAYNR8
  0
POLYLINE
 5
1FCE
  8
LAYNR8
 66
1
 70
1
 40
0.012700
 41
0.012700
  0
VERTEX
 5
1FCF
  8
LAYNR8
 10
11.28864
 20
69.05600
 42
1.0
  0
VERTEX
 5
1FD0
  8
LAYNR8
 10
11.30134
 20
69.05600
 42
1.0
  0
SEQEND
  8
LAYNR8
  0
POLYLINE
 5
1FD1
  8
LAYNR8
 66
1
 40
0.025400
 41
0.025400
  0
VERTEX
 5
1FD2
  8
LAYNR8
 10
11.29499
 20
68.42100
  0
VERTEX
 5
1FD3
  8
LAYNR8
 10
10.53299
 20
67.78600
  0
SEQEND
  8
LAYNR8
  0
POLYLINE
 5
1FD4
  8
LAYNR8
 66
1
 70
1
 40
0.012700
 41
0.012700
  0
VERTEX
 5
1FD5
  8
LAYNR8
 10
11.28864
 20
68.42100
 42
1.0
  0
VERTEX
 5
1FD6
  8
LAYNR8
 10
11.30134
 20
68.42100
 42
1.0
  0
SEQEND
  8
LAYNR8
  0
POLYLINE
 5
1FD7
  8
LAYNR8
 66
1
 70
1
 40
0.012700
 41
0.012700
  0
VERTEX
 5
1FD8
  8
LAYNR8
 10
10.52664
 20
67.78600
 42
1.0
  0
VERTEX
 5
1FD9
  8
LAYNR8
 10
10.53934
 20
67.78600
 42
1.0
  0
SEQEND
  8
LAYNR8
  0
POLYLINE
 5
1FDA
  8
LAYNR8
 66
1
 40
0.025400
 41
0.025400
  0
VERTEX
 5
1FDB
  8
LAYNR8
 10
11.29499
 20
68.42100
  0
VERTEX
 5
1FDC
  8
LAYNR8
 10
10.53299
 20
67.91300
  0
SEQEND
  8
LAYNR8
  0
POLYLINE
 5
1FDD
  8
LAYNR8
 66
1
 70
1
 40
0.012700
 41
0.012700
  0
VERTEX
 5
1FDE
  8
LAYNR8
 10
11.28864
 20
68.42100
 42
1.0
  0
VERTEX
 5
1FDF
  8
LAYNR8
 10
11.30134
 20
68.42100
 42
1.0
  0
SEQEND
  8
LAYNR8
  0
POLYLINE
 5
1FE0
  8
LAYNR8
 66
1
 70
1
 40
0.012700
 41
0.012700
  0
VERTEX
 5
1FE1
  8
LAYNR8
 10
10.52664
 20
67.91300
 42
1.0
  0
VERTEX
 5
1FE2
  8
LAYNR8
 10
10.53934
 20
67.91300
 42
1.0
  0
SEQEND
  8
LAYNR8
  0
POLYLINE
 5
1FE3
  8
LAYNR8
 66
1
 40
0.025400
 41
0.025400
  0
VERTEX
 5
1FE4
  8
LAYNR8
 10
11.29499
 20
68.42100
  0
VERTEX
 5
1FE5
  8
LAYNR8
 10
10.53299
 20
68.04000
  0
SEQEND
  8
LAYNR8
  0
POLYLINE
 5
1FE6
  8
LAYNR8
 66
1
 70
1
 40
0.012700
 41
0.012700
  0
VERTEX
 5
1FE7
  8
LAYNR8
 10
11.28864
 20
68.42100
 42
1.0
  0
VERTEX
 5
1FE8
  8
LAYNR8
 10
11.30134
 20
68.42100
 42
1.0
  0
SEQEND
  8
LAYNR8
  0
POLYLINE
 5
1FE9
  8
LAYNR8
 66
1
 70
1
 40
0.012700
 41
0.012700
  0
VERTEX
 5
1FEA
  8
LAYNR8
 10
10.52664
 20
68.04000
 42
1.0
  0
VERTEX
 5
1FEB
  8
LAYNR8
 10
10.53934
 20
68.04000
 42
1.0
  0
SEQEND
  8
LAYNR8
  0
POLYLINE
 5
1FEC
  8
LAYNR8
 66
1
 40
0.025400
 41
0.025400
  0
VERTEX
 5
1FED
  8
LAYNR8
 10
11.29499
 20
68.42100
  0
VERTEX
 5
1FEE
  8
LAYNR8
 10
10.53299
 20
68.16700
  0
SEQEND
  8
LAYNR8
  0
POLYLINE
 5
1FEF
  8
LAYNR8
 66
1
 70
1
 40
0.012700
 41
0.012700
  0
VERTEX
 5
1FF0
  8
LAYNR8
 10
11.28864
 20
68.42100
 42
1.0
  0
VERTEX
 5
1FF1
  8
LAYNR8
 10
11.30134
 20
68.42100
 42
1.0
  0
SEQEND
  8
LAYNR8
  0
POLYLINE
 5
1FF2
  8
LAYNR8
 66
1
 70
1
 40
0.012700
 41
0.012700
  0
VERTEX
 5
1FF3
  8
LAYNR8
 10
10.52664
 20
68.16700
 42
1.0
  0
VERTEX
 5
1FF4
  8
LAYNR8
 10
10.53934
 20
68.16700
 42
1.0
  0
SEQEND
  8
LAYNR8
  0
POLYLINE
 5
1FF5
  8
LAYNR8
 66
1
 40
0.025400
 41
0.025400
  0
VERTEX
 5
1FF6
  8
LAYNR8
 10
11.29499
 20
68.42100
  0
VERTEX
 5
1FF7
  8
LAYNR8
 10
10.53299
 20
68.29400
  0
SEQEND
  8
LAYNR8
  0
POLYLINE
 5
1FF8
  8
LAYNR8
 66
1
 70
1
 40
0.012700
 41
0.012700
  0
VERTEX
 5
1FF9
  8
LAYNR8
 10
11.28864
 20
68.42100
 42
1.0
  0
VERTEX
 5
1FFA
  8
LAYNR8
 10
11.30134
 20
68.42100
 42
1.0
  0
SEQEND
  8
LAYNR8
  0
POLYLINE
 5
1FFB
  8
LAYNR8
 66
1
 70
1
 40
0.012700
 41
0.012700
  0
VERTEX
 5
1FFC
  8
LAYNR8
 10
10.52664
 20
68.29400
 42
1.0
  0
VERTEX
 5
1FFD
  8
LAYNR8
 10
10.53934
 20
68.29400
 42
1.0
  0
SEQEND
  8
LAYNR8
  0
POLYLINE
 5
1FFE
  8
LAYNR8
 66
1
 40
0.025400
 41
0.025400
  0
VERTEX
 5
1FFF
  8
LAYNR8
 10
11.29499
 20
68.42100
  0
VERTEX
 5
2000
  8
LAYNR8
 10
10.53299
 20
69.05600
  0
SEQEND
  8
LAYNR8
  0
POLYLINE
 5
2001
  8
LAYNR8
 66
1
 70
1
 40
0.012700
 41
0.012700
  0
VERTEX
 5
2002
  8
LAYNR8
 10
11.28864
 20
68.42100
 42
1.0
  0
VERTEX
 5
2003
  8
LAYNR8
 10
11.30134
 20
68.42100
 42
1.0
  0
SEQEND
  8
LAYNR8
  0
POLYLINE
 5
2004
  8
LAYNR8
 66
1
 70
1
 40
0.012700
 41
0.012700
  0
VERTEX
 5
2005
  8
LAYNR8
 10
10.52664
 20
69.05600
 42
1.0
  0
VERTEX
 5
2006
  8
LAYNR8
 10
10.53934
 20
69.05600
 42
1.0
  0
SEQEND
  8
LAYNR8
  0
POLYLINE
 5
2007
  8
LAYNR8
 66
1
 40
0.025400
 41
0.025400
  0
VERTEX
 5
2008
  8
LAYNR8
 10
11.29499
 20
68.42100
  0
VERTEX
 5
2009
  8
LAYNR8
 10
10.53299
 20
68.92900
  0
SEQEND
  8
LAYNR8
  0
POLYLINE
 5
200A
  8
LAYNR8
 66
1
 70
1
 40
0.012700
 41
0.012700
  0
VERTEX
 5
200B
  8
LAYNR8
 10
11.28864
 20
68.42100
 42
1.0
  0
VERTEX
 5
200C
  8
LAYNR8
 10
11.30134
 20
68.42100
 42
1.0
  0
SEQEND
  8
LAYNR8
  0
POLYLINE
 5
200D
  8
LAYNR8
 66
1
 70
1
 40
0.012700
 41
0.012700
  0
VERTEX
 5
200E
  8
LAYNR8
 10
10.52664
 20
68.92900
 42
1.0
  0
VERTEX
 5
200F
  8
LAYNR8
 10
10.53934
 20
68.92900
 42
1.0
  0
SEQEND
  8
LAYNR8
  0
POLYLINE
 5
2010
  8
LAYNR8
 66
1
 40
0.025400
 41
0.025400
  0
VERTEX
 5
2011
  8
LAYNR8
 10
11.29499
 20
68.42100
  0
VERTEX
 5
2012
  8
LAYNR8
 10
10.53299
 20
68.80200
  0
SEQEND
  8
LAYNR8
  0
POLYLINE
 5
2013
  8
LAYNR8
 66
1
 70
1
 40
0.012700
 41
0.012700
  0
VERTEX
 5
2014
  8
LAYNR8
 10
11.28864
 20
68.42100
 42
1.0
  0
VERTEX
 5
2015
  8
LAYNR8
 10
11.30134
 20
68.42100
 42
1.0
  0
SEQEND
  8
LAYNR8
  0
POLYLINE
 5
2016
  8
LAYNR8
 66
1
 70
1
 40
0.012700
 41
0.012700
  0
VERTEX
 5
2017
  8
LAYNR8
 10
10.52664
 20
68.80200
 42
1.0
  0
VERTEX
 5
2018
  8
LAYNR8
 10
10.53934
 20
68.80200
 42
1.0
  0
SEQEND
  8
LAYNR8
  0
POLYLINE
 5
2019
  8
LAYNR8
 66
1
 40
0.025400
 41
0.025400
  0
VERTEX
 5
201A
  8
LAYNR8
 10
11.29499
 20
68.42100
  0
VERTEX
 5
201B
  8
LAYNR8
 10
10.53299
 20
68.67500
  0
SEQEND
  8
LAYNR8
  0
POLYLINE
 5
201C
  8
LAYNR8
 66
1
 70
1
 40
0.012700
 41
0.012700
  0
VERTEX
 5
201D
  8
LAYNR8
 10
11.28864
 20
68.42100
 42
1.0
  0
VERTEX
 5
201E
  8
LAYNR8
 10
11.30134
 20
68.42100
 42
1.0
  0
SEQEND
  8
LAYNR8
  0
POLYLINE
 5
201F
  8
LAYNR8
 66
1
 70
1
 40
0.012700
 41
0.012700
  0
VERTEX
 5
2020
  8
LAYNR8
 10
10.52664
 20
68.67500
 42
1.0
  0
VERTEX
 5
2021
  8
LAYNR8
 10
10.53934
 20
68.67500
 42
1.0
  0
SEQEND
  8
LAYNR8
  0
POLYLINE
 5
2022
  8
LAYNR8
 66
1
 40
0.025400
 41
0.025400
  0
VERTEX
 5
2023
  8
LAYNR8
 10
11.29499
 20
68.42100
  0
VERTEX
 5
2024
  8
LAYNR8
 10
10.53299
 20
68.54800
  0
SEQEND
  8
LAYNR8
  0
POLYLINE
 5
2025
  8
LAYNR8
 66
1
 70
1
 40
0.012700
 41
0.012700
  0
VERTEX
 5
2026
  8
LAYNR8
 10
11.28864
 20
68.42100
 42
1.0
  0
VERTEX
 5
2027
  8
LAYNR8
 10
11.30134
 20
68.42100
 42
1.0
  0
SEQEND
  8
LAYNR8
  0
POLYLINE
 5
2028
  8
LAYNR8
 66
1
 70
1
 40
0.012700
 41
0.012700
  0
VERTEX
 5
2029
  8
LAYNR8
 10
10.52664
 20
68.54800
 42
1.0
  0
VERTEX
 5
202A
  8
LAYNR8
 10
10.53934
 20
68.54800
 42
1.0
  0
SEQEND
  8
LAYNR8
  0
POLYLINE
 5
202B
  8
LAYNR8
 66
1
 40
0.025400
 41
0.025400
  0
VERTEX
 5
202C
  8
LAYNR8
 10
10.53299
 20
67.78600
  0
VERTEX
 5
202D
  8
LAYNR8
 10
10.53299
 20
69.05600
  0
SEQEND
  8
LAYNR8
  0
POLYLINE
 5
202E
  8
LAYNR8
 66
1
 70
1
 40
0.012700
 41
0.012700
  0
VERTEX
 5
202F
  8
LAYNR8
 10
10.52664
 20
67.78600
 42
1.0
  0
VERTEX
 5
2030
  8
LAYNR8
 10
10.53934
 20
67.78600
 42
1.0
  0
SEQEND
  8
LAYNR8
  0
POLYLINE
 5
2031
  8
LAYNR8
 66
1
 70
1
 40
0.012700
 41
0.012700
  0
VERTEX
 5
2032
  8
LAYNR8
 10
10.52664
 20
69.05600
 42
1.0
  0
VERTEX
 5
2033
  8
LAYNR8
 10
10.53934
 20
69.05600
 42
1.0
  0
SEQEND
  8
LAYNR8
  0
POLYLINE
 5
2034
  8
LAYNR1
 66
1
 40
0.152400
 41
0.152400
  0
VERTEX
 5
2035
  8
LAYNR1
 10
5.83899
 20
68.41300
  0
VERTEX
 5
2036
  8
LAYNR1
 10
7.10899
 20
68.41300
  0
SEQEND
  8
LAYNR1
  0
POLYLINE
 5
2037
  8
LAYNR1
 66
1
 70
1
 40
0.076200
 41
0.076200
  0
VERTEX
 5
2038
  8
LAYNR1
 10
5.80089
 20
68.41300
 42
1.0
  0
VERTEX
 5
2039
  8
LAYNR1
 10
5.87709
 20
68.41300
 42
1.0
  0
SEQEND
  8
LAYNR1
  0
POLYLINE
 5
203A
  8
LAYNR1
 66
1
 70
1
 40
0.076200
 41
0.076200
  0
VERTEX
 5
203B
  8
LAYNR1
 10
7.07089
 20
68.41300
 42
1.0
  0
VERTEX
 5
203C
  8
LAYNR1
 10
7.14709
 20
68.41300
 42
1.0
  0
SEQEND
  8
LAYNR1
  0
POLYLINE
 5
203D
  8
LAYNR1
 66
1
 40
0.152400
 41
0.152400
  0
VERTEX
 5
203E
  8
LAYNR1
 10
6.85499
 20
67.77800
  0
VERTEX
 5
203F
  8
LAYNR1
 10
6.85499
 20
69.04800
  0
SEQEND
  8
LAYNR1
  0
POLYLINE
 5
2040
  8
LAYNR1
 66
1
 70
1
 40
0.076200
 41
0.076200
  0
VERTEX
 5
2041
  8
LAYNR1
 10
6.81689
 20
67.77800
 42
1.0
  0
VERTEX
 5
2042
  8
LAYNR1
 10
6.89309
 20
67.77800
 42
1.0
  0
SEQEND
  8
LAYNR1
  0
POLYLINE
 5
2043
  8
LAYNR1
 66
1
 70
1
 40
0.076200
 41
0.076200
  0
VERTEX
 5
2044
  8
LAYNR1
 10
6.81689
 20
69.04800
 42
1.0
  0
VERTEX
 5
2045
  8
LAYNR1
 10
6.89309
 20
69.04800
 42
1.0
  0
SEQEND
  8
LAYNR1
  0
POLYLINE
 5
2046
  8
LAYNR1
 66
1
 40
0.152400
 41
0.152400
  0
VERTEX
 5
2047
  8
LAYNR1
 10
6.85499
 20
68.41300
  0
VERTEX
 5
2048
  8
LAYNR1
 10
6.09299
 20
67.77800
  0
SEQEND
  8
LAYNR1
  0
POLYLINE
 5
2049
  8
LAYNR1
 66
1
 70
1
 40
0.076200
 41
0.076200
  0
VERTEX
 5
204A
  8
LAYNR1
 10
6.81689
 20
68.41300
 42
1.0
  0
VERTEX
 5
204B
  8
LAYNR1
 10
6.89309
 20
68.41300
 42
1.0
  0
SEQEND
  8
LAYNR1
  0
POLYLINE
 5
204C
  8
LAYNR1
 66
1
 70
1
 40
0.076200
 41
0.076200
  0
VERTEX
 5
204D
  8
LAYNR1
 10
6.05489
 20
67.77800
 42
1.0
  0
VERTEX
 5
204E
  8
LAYNR1
 10
6.13109
 20
67.77800
 42
1.0
  0
SEQEND
  8
LAYNR1
  0
POLYLINE
 5
204F
  8
LAYNR1
 66
1
 40
0.152400
 41
0.152400
  0
VERTEX
 5
2050
  8
LAYNR1
 10
6.85499
 20
68.41300
  0
VERTEX
 5
2051
  8
LAYNR1
 10
6.09299
 20
67.90500
  0
SEQEND
  8
LAYNR1
  0
POLYLINE
 5
2052
  8
LAYNR1
 66
1
 70
1
 40
0.076200
 41
0.076200
  0
VERTEX
 5
2053
  8
LAYNR1
 10
6.81689
 20
68.41300
 42
1.0
  0
VERTEX
 5
2054
  8
LAYNR1
 10
6.89309
 20
68.41300
 42
1.0
  0
SEQEND
  8
LAYNR1
  0
POLYLINE
 5
2055
  8
LAYNR1
 66
1
 70
1
 40
0.076200
 41
0.076200
  0
VERTEX
 5
2056
  8
LAYNR1
 10
6.05489
 20
67.90500
 42
1.0
  0
VERTEX
 5
2057
  8
LAYNR1
 10
6.13109
 20
67.90500
 42
1.0
  0
SEQEND
  8
LAYNR1
  0
POLYLINE
 5
2058
  8
LAYNR1
 66
1
 40
0.152400
 41
0.152400
  0
VERTEX
 5
2059
  8
LAYNR1
 10
6.85499
 20
68.41300
  0
VERTEX
 5
205A
  8
LAYNR1
 10
6.09299
 20
68.03200
  0
SEQEND
  8
LAYNR1
  0
POLYLINE
 5
205B
  8
LAYNR1
 66
1
 70
1
 40
0.076200
 41
0.076200
  0
VERTEX
 5
205C
  8
LAYNR1
 10
6.81689
 20
68.41300
 42
1.0
  0
VERTEX
 5
205D
  8
LAYNR1
 10
6.89309
 20
68.41300
 42
1.0
  0
SEQEND
  8
LAYNR1
  0
POLYLINE
 5
205E
  8
LAYNR1
 66
1
 70
1
 40
0.076200
 41
0.076200
  0
VERTEX
 5
205F
  8
LAYNR1
 10
6.05489
 20
68.03200
 42
1.0
  0
VERTEX
 5
2060
  8
LAYNR1
 10
6.13109
 20
68.03200
 42
1.0
  0
SEQEND
  8
LAYNR1
  0
POLYLINE
 5
2061
  8
LAYNR1
 66
1
 40
0.152400
 41
0.152400
  0
VERTEX
 5
2062
  8
LAYNR1
 10
6.85499
 20
68.41300
  0
VERTEX
 5
2063
  8
LAYNR1
 10
6.09299
 20
68.15900
  0
SEQEND
  8
LAYNR1
  0
POLYLINE
 5
2064
  8
LAYNR1
 66
1
 70
1
 40
0.076200
 41
0.076200
  0
VERTEX
 5
2065
  8
LAYNR1
 10
6.81689
 20
68.41300
 42
1.0
  0
VERTEX
 5
2066
  8
LAYNR1
 10
6.89309
 20
68.41300
 42
1.0
  0
SEQEND
  8
LAYNR1
  0
POLYLINE
 5
2067
  8
LAYNR1
 66
1
 70
1
 40
0.076200
 41
0.076200
  0
VERTEX
 5
2068
  8
LAYNR1
 10
6.05489
 20
68.15900
 42
1.0
  0
VERTEX
 5
2069
  8
LAYNR1
 10
6.13109
 20
68.15900
 42
1.0
  0
SEQEND
  8
LAYNR1
  0
POLYLINE
 5
206A
  8
LAYNR1
 66
1
 40
0.152400
 41
0.152400
  0
VERTEX
 5
206B
  8
LAYNR1
 10
6.85499
 20
68.41300
  0
VERTEX
 5
206C
  8
LAYNR1
 10
6.09299
 20
68.28600
  0
SEQEND
  8
LAYNR1
  0
POLYLINE
 5
206D
  8
LAYNR1
 66
1
 70
1
 40
0.076200
 41
0.076200
  0
VERTEX
 5
206E
  8
LAYNR1
 10
6.81689
 20
68.41300
 42
1.0
  0
VERTEX
 5
206F
  8
LAYNR1
 10
6.89309
 20
68.41300
 42
1.0
  0
SEQEND
  8
LAYNR1
  0
POLYLINE
 5
2070
  8
LAYNR1
 66
1
 70
1
 40
0.076200
 41
0.076200
  0
VERTEX
 5
2071
  8
LAYNR1
 10
6.05489
 20
68.28600
 42
1.0
  0
VERTEX
 5
2072
  8
LAYNR1
 10
6.13109
 20
68.28600
 42
1.0
  0
SEQEND
  8
LAYNR1
  0
POLYLINE
 5
2073
  8
LAYNR1
 66
1
 40
0.152400
 41
0.152400
  0
VERTEX
 5
2074
  8
LAYNR1
 10
6.85499
 20
68.41300
  0
VERTEX
 5
2075
  8
LAYNR1
 10
6.09299
 20
69.04800
  0
SEQEND
  8
LAYNR1
  0
POLYLINE
 5
2076
  8
LAYNR1
 66
1
 70
1
 40
0.076200
 41
0.076200
  0
VERTEX
 5
2077
  8
LAYNR1
 10
6.81689
 20
68.41300
 42
1.0
  0
VERTEX
 5
2078
  8
LAYNR1
 10
6.89309
 20
68.41300
 42
1.0
  0
SEQEND
  8
LAYNR1
  0
POLYLINE
 5
2079
  8
LAYNR1
 66
1
 70
1
 40
0.076200
 41
0.076200
  0
VERTEX
 5
207A
  8
LAYNR1
 10
6.05489
 20
69.04800
 42
1.0
  0
VERTEX
 5
207B
  8
LAYNR1
 10
6.13109
 20
69.04800
 42
1.0
  0
SEQEND
  8
LAYNR1
  0
POLYLINE
 5
207C
  8
LAYNR1
 66
1
 40
0.152400
 41
0.152400
  0
VERTEX
 5
207D
  8
LAYNR1
 10
6.85499
 20
68.41300
  0
VERTEX
 5
207E
  8
LAYNR1
 10
6.09299
 20
68.92100
  0
SEQEND
  8
LAYNR1
  0
POLYLINE
 5
207F
  8
LAYNR1
 66
1
 70
1
 40
0.076200
 41
0.076200
  0
VERTEX
 5
2080
  8
LAYNR1
 10
6.81689
 20
68.41300
 42
1.0
  0
VERTEX
 5
2081
  8
LAYNR1
 10
6.89309
 20
68.41300
 42
1.0
  0
SEQEND
  8
LAYNR1
  0
POLYLINE
 5
2082
  8
LAYNR1
 66
1
 70
1
 40
0.076200
 41
0.076200
  0
VERTEX
 5
2083
  8
LAYNR1
 10
6.05489
 20
68.92100
 42
1.0
  0
VERTEX
 5
2084
  8
LAYNR1
 10
6.13109
 20
68.92100
 42
1.0
  0
SEQEND
  8
LAYNR1
  0
POLYLINE
 5
2085
  8
LAYNR1
 66
1
 40
0.152400
 41
0.152400
  0
VERTEX
 5
2086
  8
LAYNR1
 10
6.85499
 20
68.41300
  0
VERTEX
 5
2087
  8
LAYNR1
 10
6.09299
 20
68.79400
  0
SEQEND
  8
LAYNR1
  0
POLYLINE
 5
2088
  8
LAYNR1
 66
1
 70
1
 40
0.076200
 41
0.076200
  0
VERTEX
 5
2089
  8
LAYNR1
 10
6.81689
 20
68.41300
 42
1.0
  0
VERTEX
 5
208A
  8
LAYNR1
 10
6.89309
 20
68.41300
 42
1.0
  0
SEQEND
  8
LAYNR1
  0
POLYLINE
 5
208B
  8
LAYNR1
 66
1
 70
1
 40
0.076200
 41
0.076200
  0
VERTEX
 5
208C
  8
LAYNR1
 10
6.05489
 20
68.79400
 42
1.0
  0
VERTEX
 5
208D
  8
LAYNR1
 10
6.13109
 20
68.79400
 42
1.0
  0
SEQEND
  8
LAYNR1
  0
POLYLINE
 5
208E
  8
LAYNR1
 66
1
 40
0.152400
 41
0.152400
  0
VERTEX
 5
208F
  8
LAYNR1
 10
6.85499
 20
68.41300
  0
VERTEX
 5
2090
  8
LAYNR1
 10
6.09299
 20
68.66700
  0
SEQEND
  8
LAYNR1
  0
POLYLINE
 5
2091
  8
LAYNR1
 66
1
 70
1
 40
0.076200
 41
0.076200
  0
VERTEX
 5
2092
  8
LAYNR1
 10
6.81689
 20
68.41300
 42
1.0
  0
VERTEX
 5
2093
  8
LAYNR1
 10
6.89309
 20
68.41300
 42
1.0
  0
SEQEND
  8
LAYNR1
  0
POLYLINE
 5
2094
  8
LAYNR1
 66
1
 70
1
 40
0.076200
 41
0.076200
  0
VERTEX
 5
2095
  8
LAYNR1
 10
6.05489
 20
68.66700
 42
1.0
  0
VERTEX
 5
2096
  8
LAYNR1
 10
6.13109
 20
68.66700
 42
1.0
  0
SEQEND
  8
LAYNR1
  0
POLYLINE
 5
2097
  8
LAYNR1
 66
1
 40
0.152400
 41
0.152400
  0
VERTEX
 5
2098
  8
LAYNR1
 10
6.85499
 20
68.41300
  0
VERTEX
 5
2099
  8
LAYNR1
 10
6.09299
 20
68.54000
  0
SEQEND
  8
LAYNR1
  0
POLYLINE
 5
209A
  8
LAYNR1
 66
1
 70
1
 40
0.076200
 41
0.076200
  0
VERTEX
 5
209B
  8
LAYNR1
 10
6.81689
 20
68.41300
 42
1.0
  0
VERTEX
 5
209C
  8
LAYNR1
 10
6.89309
 20
68.41300
 42
1.0
  0
SEQEND
  8
LAYNR1
  0
POLYLINE
 5
209D
  8
LAYNR1
 66
1
 70
1
 40
0.076200
 41
0.076200
  0
VERTEX
 5
209E
  8
LAYNR1
 10
6.05489
 20
68.54000
 42
1.0
  0
VERTEX
 5
209F
  8
LAYNR1
 10
6.13109
 20
68.54000
 42
1.0
  0
SEQEND
  8
LAYNR1
  0
POLYLINE
 5
20A0
  8
LAYNR1
 66
1
 40
0.152400
 41
0.152400
  0
VERTEX
 5
20A1
  8
LAYNR1
 10
6.09299
 20
67.77800
  0
VERTEX
 5
20A2
  8
LAYNR1
 10
6.09299
 20
69.04800
  0
SEQEND
  8
LAYNR1
  0
POLYLINE
 5
20A3
  8
LAYNR1
 66
1
 70
1
 40
0.076200
 41
0.076200
  0
VERTEX
 5
20A4
  8
LAYNR1
 10
6.05489
 20
67.77800
 42
1.0
  0
VERTEX
 5
20A5
  8
LAYNR1
 10
6.13109
 20
67.77800
 42
1.0
  0
SEQEND
  8
LAYNR1
  0
POLYLINE
 5
20A6
  8
LAYNR1
 66
1
 70
1
 40
0.076200
 41
0.076200
  0
VERTEX
 5
20A7
  8
LAYNR1
 10
6.05489
 20
69.04800
 42
1.0
  0
VERTEX
 5
20A8
  8
LAYNR1
 10
6.13109
 20
69.04800
 42
1.0
  0
SEQEND
  8
LAYNR1
  0
POLYLINE
 5
20A9
  8
LAYNR8
 66
1
 40
0.025400
 41
0.025400
  0
VERTEX
 5
20AA
  8
LAYNR8
 10
8.79870
 20
67.43040
  0
VERTEX
 5
20AB
  8
LAYNR8
 10
7.80810
 20
66.43980
  0
SEQEND
  8
LAYNR8
  0
POLYLINE
 5
20AC
  8
LAYNR8
 66
1
 70
1
 40
0.012700
 41
0.012700
  0
VERTEX
 5
20AD
  8
LAYNR8
 10
8.79235
 20
67.43040
 42
1.0
  0
VERTEX
 5
20AE
  8
LAYNR8
 10
8.80505
 20
67.43040
 42
1.0
  0
SEQEND
  8
LAYNR8
  0
POLYLINE
 5
20AF
  8
LAYNR8
 66
1
 70
1
 40
0.012700
 41
0.012700
  0
VERTEX
 5
20B0
  8
LAYNR8
 10
7.80175
 20
66.43980
 42
1.0
  0
VERTEX
 5
20B1
  8
LAYNR8
 10
7.81445
 20
66.43980
 42
1.0
  0
SEQEND
  8
LAYNR8
  0
POLYLINE
 5
20B2
  8
LAYNR8
 66
1
 40
0.025400
 41
0.025400
  0
VERTEX
 5
20B3
  8
LAYNR8
 10
8.79870
 20
69.41160
  0
VERTEX
 5
20B4
  8
LAYNR8
 10
7.80810
 20
70.40220
  0
SEQEND
  8
LAYNR8
  0
POLYLINE
 5
20B5
  8
LAYNR8
 66
1
 70
1
 40
0.012700
 41
0.012700
  0
VERTEX
 5
20B6
  8
LAYNR8
 10
8.79235
 20
69.41160
 42
1.0
  0
VERTEX
 5
20B7
  8
LAYNR8
 10
8.80505
 20
69.41160
 42
1.0
  0
SEQEND
  8
LAYNR8
  0
POLYLINE
 5
20B8
  8
LAYNR8
 66
1
 70
1
 40
0.012700
 41
0.012700
  0
VERTEX
 5
20B9
  8
LAYNR8
 10
7.80175
 20
70.40220
 42
1.0
  0
VERTEX
 5
20BA
  8
LAYNR8
 10
7.81445
 20
70.40220
 42
1.0
  0
SEQEND
  8
LAYNR8
  0
POLYLINE
 5
20BB
  8
LAYNR1
 66
1
 40
0.152400
 41
0.152400
  0
VERTEX
 5
20BC
  8
LAYNR1
 10
8.92570
 20
70.52920
  0
VERTEX
 5
20BD
  8
LAYNR1
 10
4.07430
 20
70.52920
  0
SEQEND
  8
LAYNR1
  0
POLYLINE
 5
20BE
  8
LAYNR1
 66
1
 70
1
 40
0.076200
 41
0.076200
  0
VERTEX
 5
20BF
  8
LAYNR1
 10
8.88760
 20
70.52920
 42
1.0
  0
VERTEX
 5
20C0
  8
LAYNR1
 10
8.96380
 20
70.52920
 42
1.0
  0
SEQEND
  8
LAYNR1
  0
POLYLINE
 5
20C1
  8
LAYNR1
 66
1
 70
1
 40
0.076200
 41
0.076200
  0
VERTEX
 5
20C2
  8
LAYNR1
 10
4.03620
 20
70.52920
 42
1.0
  0
VERTEX
 5
20C3
  8
LAYNR1
 10
4.11240
 20
70.52920
 42
1.0
  0
SEQEND
  8
LAYNR1
  0
POLYLINE
 5
20C4
  8
LAYNR1
 66
1
 40
0.152400
 41
0.152400
  0
VERTEX
 5
20C5
  8
LAYNR1
 10
4.07430
 20
70.52920
  0
VERTEX
 5
20C6
  8
LAYNR1
 10
4.07430
 20
69.88363
  0
SEQEND
  8
LAYNR1
  0
POLYLINE
 5
20C7
  8
LAYNR1
 66
1
 70
1
 40
0.076200
 41
0.076200
  0
VERTEX
 5
20C8
  8
LAYNR1
 10
4.03620
 20
70.52920
 42
1.0
  0
VERTEX
 5
20C9
  8
LAYNR1
 10
4.11240
 20
70.52920
 42
1.0
  0
SEQEND
  8
LAYNR1
  0
POLYLINE
 5
20CA
  8
LAYNR1
 66
1
 70
1
 40
0.076200
 41
0.076200
  0
VERTEX
 5
20CB
  8
LAYNR1
 10
4.03620
 20
69.88363
 42
1.0
  0
VERTEX
 5
20CC
  8
LAYNR1
 10
4.11240
 20
69.88363
 42
1.0
  0
SEQEND
  8
LAYNR1
  0
POLYLINE
 5
20CD
  8
LAYNR1
 66
1
 40
0.152400
 41
0.152400
  0
VERTEX
 5
20CE
  8
LAYNR1
 10
4.07430
 20
66.31280
  0
VERTEX
 5
20CF
  8
LAYNR1
 10
8.92570
 20
66.31280
  0
SEQEND
  8
LAYNR1
  0
POLYLINE
 5
20D0
  8
LAYNR1
 66
1
 70
1
 40
0.076200
 41
0.076200
  0
VERTEX
 5
20D1
  8
LAYNR1
 10
4.03620
 20
66.31280
 42
1.0
  0
VERTEX
 5
20D2
  8
LAYNR1
 10
4.11240
 20
66.31280
 42
1.0
  0
SEQEND
  8
LAYNR1
  0
POLYLINE
 5
20D3
  8
LAYNR1
 66
1
 70
1
 40
0.076200
 41
0.076200
  0
VERTEX
 5
20D4
  8
LAYNR1
 10
8.88760
 20
66.31280
 42
1.0
  0
VERTEX
 5
20D5
  8
LAYNR1
 10
8.96380
 20
66.31280
 42
1.0
  0
SEQEND
  8
LAYNR1
  0
POLYLINE
 5
20D6
  8
LAYNR1
 66
1
 40
0.152400
 41
0.152400
  0
VERTEX
 5
20D7
  8
LAYNR1
 10
8.92570
 20
66.31280
  0
VERTEX
 5
20D8
  8
LAYNR1
 10
8.92570
 20
66.95837
  0
SEQEND
  8
LAYNR1
  0
POLYLINE
 5
20D9
  8
LAYNR1
 66
1
 70
1
 40
0.076200
 41
0.076200
  0
VERTEX
 5
20DA
  8
LAYNR1
 10
8.88760
 20
66.31280
 42
1.0
  0
VERTEX
 5
20DB
  8
LAYNR1
 10
8.96380
 20
66.31280
 42
1.0
  0
SEQEND
  8
LAYNR1
  0
POLYLINE
 5
20DC
  8
LAYNR1
 66
1
 70
1
 40
0.076200
 41
0.076200
  0
VERTEX
 5
20DD
  8
LAYNR1
 10
8.88760
 20
66.95837
 42
1.0
  0
VERTEX
 5
20DE
  8
LAYNR1
 10
8.96380
 20
66.95837
 42
1.0
  0
SEQEND
  8
LAYNR1
  0
POLYLINE
 5
20DF
  8
LAYNR8
 66
1
 40
0.025400
 41
0.025400
  0
VERTEX
 5
20E0
  8
LAYNR8
 10
8.79870
 20
70.40220
  0
VERTEX
 5
20E1
  8
LAYNR8
 10
4.20130
 20
70.40220
  0
SEQEND
  8
LAYNR8
  0
POLYLINE
 5
20E2
  8
LAYNR8
 66
1
 70
1
 40
0.012700
 41
0.012700
  0
VERTEX
 5
20E3
  8
LAYNR8
 10
8.79235
 20
70.40220
 42
1.0
  0
VERTEX
 5
20E4
  8
LAYNR8
 10
8.80505
 20
70.40220
 42
1.0
  0
SEQEND
  8
LAYNR8
  0
POLYLINE
 5
20E5
  8
LAYNR8
 66
1
 70
1
 40
0.012700
 41
0.012700
  0
VERTEX
 5
20E6
  8
LAYNR8
 10
4.19495
 20
70.40220
 42
1.0
  0
VERTEX
 5
20E7
  8
LAYNR8
 10
4.20765
 20
70.40220
 42
1.0
  0
SEQEND
  8
LAYNR8
  0
POLYLINE
 5
20E8
  8
LAYNR8
 66
1
 40
0.025400
 41
0.025400
  0
VERTEX
 5
20E9
  8
LAYNR8
 10
4.20130
 20
70.40220
  0
VERTEX
 5
20EA
  8
LAYNR8
 10
4.20130
 20
66.43980
  0
SEQEND
  8
LAYNR8
  0
POLYLINE
 5
20EB
  8
LAYNR8
 66
1
 70
1
 40
0.012700
 41
0.012700
  0
VERTEX
 5
20EC
  8
LAYNR8
 10
4.19495
 20
70.40220
 42
1.0
  0
VERTEX
 5
20ED
  8
LAYNR8
 10
4.20765
 20
70.40220
 42
1.0
  0
SEQEND
  8
LAYNR8
  0
POLYLINE
 5
20EE
  8
LAYNR8
 66
1
 70
1
 40
0.012700
 41
0.012700
  0
VERTEX
 5
20EF
  8
LAYNR8
 10
4.19495
 20
66.43980
 42
1.0
  0
VERTEX
 5
20F0
  8
LAYNR8
 10
4.20765
 20
66.43980
 42
1.0
  0
SEQEND
  8
LAYNR8
  0
POLYLINE
 5
20F1
  8
LAYNR8
 66
1
 40
0.025400
 41
0.025400
  0
VERTEX
 5
20F2
  8
LAYNR8
 10
4.20130
 20
66.43980
  0
VERTEX
 5
20F3
  8
LAYNR8
 10
8.79870
 20
66.43980
  0
SEQEND
  8
LAYNR8
  0
POLYLINE
 5
20F4
  8
LAYNR8
 66
1
 70
1
 40
0.012700
 41
0.012700
  0
VERTEX
 5
20F5
  8
LAYNR8
 10
4.19495
 20
66.43980
 42
1.0
  0
VERTEX
 5
20F6
  8
LAYNR8
 10
4.20765
 20
66.43980
 42
1.0
  0
SEQEND
  8
LAYNR8
  0
POLYLINE
 5
20F7
  8
LAYNR8
 66
1
 70
1
 40
0.012700
 41
0.012700
  0
VERTEX
 5
20F8
  8
LAYNR8
 10
8.79235
 20
66.43980
 42
1.0
  0
VERTEX
 5
20F9
  8
LAYNR8
 10
8.80505
 20
66.43980
 42
1.0
  0
SEQEND
  8
LAYNR8
  0
POLYLINE
 5
20FA
  8
LAYNR8
 66
1
 40
0.025400
 41
0.025400
  0
VERTEX
 5
20FB
  8
LAYNR8
 10
8.79870
 20
66.43980
  0
VERTEX
 5
20FC
  8
LAYNR8
 10
8.79870
 20
70.40220
  0
SEQEND
  8
LAYNR8
  0
POLYLINE
 5
20FD
  8
LAYNR8
 66
1
 70
1
 40
0.012700
 41
0.012700
  0
VERTEX
 5
20FE
  8
LAYNR8
 10
8.79235
 20
66.43980
 42
1.0
  0
VERTEX
 5
20FF
  8
LAYNR8
 10
8.80505
 20
66.43980
 42
1.0
  0
SEQEND
  8
LAYNR8
  0
POLYLINE
 5
2100
  8
LAYNR8
 66
1
 70
1
 40
0.012700
 41
0.012700
  0
VERTEX
 5
2101
  8
LAYNR8
 10
8.79235
 20
70.40220
 42
1.0
  0
VERTEX
 5
2102
  8
LAYNR8
 10
8.80505
 20
70.40220
 42
1.0
  0
SEQEND
  8
LAYNR8
  0
POLYLINE
 5
2103
  8
PLACEMENT_OUTLINE_TOP
 66
1
 40
0.100000
 41
0.100000
  0
VERTEX
 5
2104
  8
PLACEMENT_OUTLINE_TOP
 10
9.89799
 20
69.80489
  0
VERTEX
 5
2105
  8
PLACEMENT_OUTLINE_TOP
 10
9.89799
 20
67.03711
  0
SEQEND
  8
PLACEMENT_OUTLINE_TOP
  0
POLYLINE
 5
2106
  8
PLACEMENT_OUTLINE_TOP
 66
1
 70
1
 40
0.050000
 41
0.050000
  0
VERTEX
 5
2107
  8
PLACEMENT_OUTLINE_TOP
 10
9.87299
 20
69.80489
 42
1.0
  0
VERTEX
 5
2108
  8
PLACEMENT_OUTLINE_TOP
 10
9.92299
 20
69.80489
 42
1.0
  0
SEQEND
  8
PLACEMENT_OUTLINE_TOP
  0
POLYLINE
 5
2109
  8
PLACEMENT_OUTLINE_TOP
 66
1
 70
1
 40
0.050000
 41
0.050000
  0
VERTEX
 5
210A
  8
PLACEMENT_OUTLINE_TOP
 10
9.87299
 20
67.03711
 42
1.0
  0
VERTEX
 5
210B
  8
PLACEMENT_OUTLINE_TOP
 10
9.92299
 20
67.03711
 42
1.0
  0
SEQEND
  8
PLACEMENT_OUTLINE_TOP
  0
POLYLINE
 5
210C
  8
PLACEMENT_OUTLINE_TOP
 66
1
 40
0.100000
 41
0.100000
  0
VERTEX
 5
210D
  8
PLACEMENT_OUTLINE_TOP
 10
9.89799
 20
67.03711
  0
VERTEX
 5
210E
  8
PLACEMENT_OUTLINE_TOP
 10
9.05270
 20
67.03711
  0
SEQEND
  8
PLACEMENT_OUTLINE_TOP
  0
POLYLINE
 5
210F
  8
PLACEMENT_OUTLINE_TOP
 66
1
 70
1
 40
0.050000
 41
0.050000
  0
VERTEX
 5
2110
  8
PLACEMENT_OUTLINE_TOP
 10
9.87299
 20
67.03711
 42
1.0
  0
VERTEX
 5
2111
  8
PLACEMENT_OUTLINE_TOP
 10
9.92299
 20
67.03711
 42
1.0
  0
SEQEND
  8
PLACEMENT_OUTLINE_TOP
  0
POLYLINE
 5
2112
  8
PLACEMENT_OUTLINE_TOP
 66
1
 70
1
 40
0.050000
 41
0.050000
  0
VERTEX
 5
2113
  8
PLACEMENT_OUTLINE_TOP
 10
9.02770
 20
67.03711
 42
1.0
  0
VERTEX
 5
2114
  8
PLACEMENT_OUTLINE_TOP
 10
9.07770
 20
67.03711
 42
1.0
  0
SEQEND
  8
PLACEMENT_OUTLINE_TOP
  0
POLYLINE
 5
2115
  8
PLACEMENT_OUTLINE_TOP
 66
1
 40
0.100000
 41
0.100000
  0
VERTEX
 5
2116
  8
PLACEMENT_OUTLINE_TOP
 10
9.05270
 20
67.03711
  0
VERTEX
 5
2117
  8
PLACEMENT_OUTLINE_TOP
 10
9.05270
 20
66.18580
  0
SEQEND
  8
PLACEMENT_OUTLINE_TOP
  0
POLYLINE
 5
2118
  8
PLACEMENT_OUTLINE_TOP
 66
1
 70
1
 40
0.050000
 41
0.050000
  0
VERTEX
 5
2119
  8
PLACEMENT_OUTLINE_TOP
 10
9.02770
 20
67.03711
 42
1.0
  0
VERTEX
 5
211A
  8
PLACEMENT_OUTLINE_TOP
 10
9.07770
 20
67.03711
 42
1.0
  0
SEQEND
  8
PLACEMENT_OUTLINE_TOP
  0
POLYLINE
 5
211B
  8
PLACEMENT_OUTLINE_TOP
 66
1
 70
1
 40
0.050000
 41
0.050000
  0
VERTEX
 5
211C
  8
PLACEMENT_OUTLINE_TOP
 10
9.02770
 20
66.18580
 42
1.0
  0
VERTEX
 5
211D
  8
PLACEMENT_OUTLINE_TOP
 10
9.07770
 20
66.18580
 42
1.0
  0
SEQEND
  8
PLACEMENT_OUTLINE_TOP
  0
POLYLINE
 5
211E
  8
PLACEMENT_OUTLINE_TOP
 66
1
 40
0.100000
 41
0.100000
  0
VERTEX
 5
211F
  8
PLACEMENT_OUTLINE_TOP
 10
9.05270
 20
66.18580
  0
VERTEX
 5
2120
  8
PLACEMENT_OUTLINE_TOP
 10
3.94730
 20
66.18580
  0
SEQEND
  8
PLACEMENT_OUTLINE_TOP
  0
POLYLINE
 5
2121
  8
PLACEMENT_OUTLINE_TOP
 66
1
 70
1
 40
0.050000
 41
0.050000
  0
VERTEX
 5
2122
  8
PLACEMENT_OUTLINE_TOP
 10
9.02770
 20
66.18580
 42
1.0
  0
VERTEX
 5
2123
  8
PLACEMENT_OUTLINE_TOP
 10
9.07770
 20
66.18580
 42
1.0
  0
SEQEND
  8
PLACEMENT_OUTLINE_TOP
  0
POLYLINE
 5
2124
  8
PLACEMENT_OUTLINE_TOP
 66
1
 70
1
 40
0.050000
 41
0.050000
  0
VERTEX
 5
2125
  8
PLACEMENT_OUTLINE_TOP
 10
3.92230
 20
66.18580
 42
1.0
  0
VERTEX
 5
2126
  8
PLACEMENT_OUTLINE_TOP
 10
3.97230
 20
66.18580
 42
1.0
  0
SEQEND
  8
PLACEMENT_OUTLINE_TOP
  0
POLYLINE
 5
2127
  8
PLACEMENT_OUTLINE_TOP
 66
1
 40
0.100000
 41
0.100000
  0
VERTEX
 5
2128
  8
PLACEMENT_OUTLINE_TOP
 10
3.94730
 20
66.18580
  0
VERTEX
 5
2129
  8
PLACEMENT_OUTLINE_TOP
 10
3.94730
 20
67.03710
  0
SEQEND
  8
PLACEMENT_OUTLINE_TOP
  0
POLYLINE
 5
212A
  8
PLACEMENT_OUTLINE_TOP
 66
1
 70
1
 40
0.050000
 41
0.050000
  0
VERTEX
 5
212B
  8
PLACEMENT_OUTLINE_TOP
 10
3.92230
 20
66.18580
 42
1.0
  0
VERTEX
 5
212C
  8
PLACEMENT_OUTLINE_TOP
 10
3.97230
 20
66.18580
 42
1.0
  0
SEQEND
  8
PLACEMENT_OUTLINE_TOP
  0
POLYLINE
 5
212D
  8
PLACEMENT_OUTLINE_TOP
 66
1
 70
1
 40
0.050000
 41
0.050000
  0
VERTEX
 5
212E
  8
PLACEMENT_OUTLINE_TOP
 10
3.92230
 20
67.03710
 42
1.0
  0
VERTEX
 5
212F
  8
PLACEMENT_OUTLINE_TOP
 10
3.97230
 20
67.03710
 42
1.0
  0
SEQEND
  8
PLACEMENT_OUTLINE_TOP
  0
POLYLINE
 5
2130
  8
PLACEMENT_OUTLINE_TOP
 66
1
 40
0.100000
 41
0.100000
  0
VERTEX
 5
2131
  8
PLACEMENT_OUTLINE_TOP
 10
3.94730
 20
67.03710
  0
VERTEX
 5
2132
  8
PLACEMENT_OUTLINE_TOP
 10
3.10201
 20
67.03710
  0
SEQEND
  8
PLACEMENT_OUTLINE_TOP
  0
POLYLINE
 5
2133
  8
PLACEMENT_OUTLINE_TOP
 66
1
 70
1
 40
0.050000
 41
0.050000
  0
VERTEX
 5
2134
  8
PLACEMENT_OUTLINE_TOP
 10
3.92230
 20
67.03710
 42
1.0
  0
VERTEX
 5
2135
  8
PLACEMENT_OUTLINE_TOP
 10
3.97230
 20
67.03710
 42
1.0
  0
SEQEND
  8
PLACEMENT_OUTLINE_TOP
  0
POLYLINE
 5
2136
  8
PLACEMENT_OUTLINE_TOP
 66
1
 70
1
 40
0.050000
 41
0.050000
  0
VERTEX
 5
2137
  8
PLACEMENT_OUTLINE_TOP
 10
3.07701
 20
67.03710
 42
1.0
  0
VERTEX
 5
2138
  8
PLACEMENT_OUTLINE_TOP
 10
3.12701
 20
67.03710
 42
1.0
  0
SEQEND
  8
PLACEMENT_OUTLINE_TOP
  0
POLYLINE
 5
2139
  8
PLACEMENT_OUTLINE_TOP
 66
1
 40
0.100000
 41
0.100000
  0
VERTEX
 5
213A
  8
PLACEMENT_OUTLINE_TOP
 10
3.10201
 20
67.03710
  0
VERTEX
 5
213B
  8
PLACEMENT_OUTLINE_TOP
 10
3.10201
 20
69.80489
  0
SEQEND
  8
PLACEMENT_OUTLINE_TOP
  0
POLYLINE
 5
213C
  8
PLACEMENT_OUTLINE_TOP
 66
1
 70
1
 40
0.050000
 41
0.050000
  0
VERTEX
 5
213D
  8
PLACEMENT_OUTLINE_TOP
 10
3.07701
 20
67.03710
 42
1.0
  0
VERTEX
 5
213E
  8
PLACEMENT_OUTLINE_TOP
 10
3.12701
 20
67.03710
 42
1.0
  0
SEQEND
  8
PLACEMENT_OUTLINE_TOP
  0
POLYLINE
 5
213F
  8
PLACEMENT_OUTLINE_TOP
 66
1
 70
1
 40
0.050000
 41
0.050000
  0
VERTEX
 5
2140
  8
PLACEMENT_OUTLINE_TOP
 10
3.07701
 20
69.80489
 42
1.0
  0
VERTEX
 5
2141
  8
PLACEMENT_OUTLINE_TOP
 10
3.12701
 20
69.80489
 42
1.0
  0
SEQEND
  8
PLACEMENT_OUTLINE_TOP
  0
POLYLINE
 5
2142
  8
PLACEMENT_OUTLINE_TOP
 66
1
 40
0.100000
 41
0.100000
  0
VERTEX
 5
2143
  8
PLACEMENT_OUTLINE_TOP
 10
3.10201
 20
69.80489
  0
VERTEX
 5
2144
  8
PLACEMENT_OUTLINE_TOP
 10
3.94730
 20
69.80489
  0
SEQEND
  8
PLACEMENT_OUTLINE_TOP
  0
POLYLINE
 5
2145
  8
PLACEMENT_OUTLINE_TOP
 66
1
 70
1
 40
0.050000
 41
0.050000
  0
VERTEX
 5
2146
  8
PLACEMENT_OUTLINE_TOP
 10
3.07701
 20
69.80489
 42
1.0
  0
VERTEX
 5
2147
  8
PLACEMENT_OUTLINE_TOP
 10
3.12701
 20
69.80489
 42
1.0
  0
SEQEND
  8
PLACEMENT_OUTLINE_TOP
  0
POLYLINE
 5
2148
  8
PLACEMENT_OUTLINE_TOP
 66
1
 70
1
 40
0.050000
 41
0.050000
  0
VERTEX
 5
2149
  8
PLACEMENT_OUTLINE_TOP
 10
3.92230
 20
69.80489
 42
1.0
  0
VERTEX
 5
214A
  8
PLACEMENT_OUTLINE_TOP
 10
3.97230
 20
69.80489
 42
1.0
  0
SEQEND
  8
PLACEMENT_OUTLINE_TOP
  0
POLYLINE
 5
214B
  8
PLACEMENT_OUTLINE_TOP
 66
1
 40
0.100000
 41
0.100000
  0
VERTEX
 5
214C
  8
PLACEMENT_OUTLINE_TOP
 10
3.94730
 20
69.80489
  0
VERTEX
 5
214D
  8
PLACEMENT_OUTLINE_TOP
 10
3.94730
 20
70.65620
  0
SEQEND
  8
PLACEMENT_OUTLINE_TOP
  0
POLYLINE
 5
214E
  8
PLACEMENT_OUTLINE_TOP
 66
1
 70
1
 40
0.050000
 41
0.050000
  0
VERTEX
 5
214F
  8
PLACEMENT_OUTLINE_TOP
 10
3.92230
 20
69.80489
 42
1.0
  0
VERTEX
 5
2150
  8
PLACEMENT_OUTLINE_TOP
 10
3.97230
 20
69.80489
 42
1.0
  0
SEQEND
  8
PLACEMENT_OUTLINE_TOP
  0
POLYLINE
 5
2151
  8
PLACEMENT_OUTLINE_TOP
 66
1
 70
1
 40
0.050000
 41
0.050000
  0
VERTEX
 5
2152
  8
PLACEMENT_OUTLINE_TOP
 10
3.92230
 20
70.65620
 42
1.0
  0
VERTEX
 5
2153
  8
PLACEMENT_OUTLINE_TOP
 10
3.97230
 20
70.65620
 42
1.0
  0
SEQEND
  8
PLACEMENT_OUTLINE_TOP
  0
POLYLINE
 5
2154
  8
PLACEMENT_OUTLINE_TOP
 66
1
 40
0.100000
 41
0.100000
  0
VERTEX
 5
2155
  8
PLACEMENT_OUTLINE_TOP
 10
3.94730
 20
70.65620
  0
VERTEX
 5
2156
  8
PLACEMENT_OUTLINE_TOP
 10
9.05270
 20
70.65620
  0
SEQEND
  8
PLACEMENT_OUTLINE_TOP
  0
POLYLINE
 5
2157
  8
PLACEMENT_OUTLINE_TOP
 66
1
 70
1
 40
0.050000
 41
0.050000
  0
VERTEX
 5
2158
  8
PLACEMENT_OUTLINE_TOP
 10
3.92230
 20
70.65620
 42
1.0
  0
VERTEX
 5
2159
  8
PLACEMENT_OUTLINE_TOP
 10
3.97230
 20
70.65620
 42
1.0
  0
SEQEND
  8
PLACEMENT_OUTLINE_TOP
  0
POLYLINE
 5
215A
  8
PLACEMENT_OUTLINE_TOP
 66
1
 70
1
 40
0.050000
 41
0.050000
  0
VERTEX
 5
215B
  8
PLACEMENT_OUTLINE_TOP
 10
9.02770
 20
70.65620
 42
1.0
  0
VERTEX
 5
215C
  8
PLACEMENT_OUTLINE_TOP
 10
9.07770
 20
70.65620
 42
1.0
  0
SEQEND
  8
PLACEMENT_OUTLINE_TOP
  0
POLYLINE
 5
215D
  8
PLACEMENT_OUTLINE_TOP
 66
1
 40
0.100000
 41
0.100000
  0
VERTEX
 5
215E
  8
PLACEMENT_OUTLINE_TOP
 10
9.05270
 20
70.65620
  0
VERTEX
 5
215F
  8
PLACEMENT_OUTLINE_TOP
 10
9.05270
 20
69.80489
  0
SEQEND
  8
PLACEMENT_OUTLINE_TOP
  0
POLYLINE
 5
2160
  8
PLACEMENT_OUTLINE_TOP
 66
1
 70
1
 40
0.050000
 41
0.050000
  0
VERTEX
 5
2161
  8
PLACEMENT_OUTLINE_TOP
 10
9.02770
 20
70.65620
 42
1.0
  0
VERTEX
 5
2162
  8
PLACEMENT_OUTLINE_TOP
 10
9.07770
 20
70.65620
 42
1.0
  0
SEQEND
  8
PLACEMENT_OUTLINE_TOP
  0
POLYLINE
 5
2163
  8
PLACEMENT_OUTLINE_TOP
 66
1
 70
1
 40
0.050000
 41
0.050000
  0
VERTEX
 5
2164
  8
PLACEMENT_OUTLINE_TOP
 10
9.02770
 20
69.80489
 42
1.0
  0
VERTEX
 5
2165
  8
PLACEMENT_OUTLINE_TOP
 10
9.07770
 20
69.80489
 42
1.0
  0
SEQEND
  8
PLACEMENT_OUTLINE_TOP
  0
POLYLINE
 5
2166
  8
PLACEMENT_OUTLINE_TOP
 66
1
 40
0.100000
 41
0.100000
  0
VERTEX
 5
2167
  8
PLACEMENT_OUTLINE_TOP
 10
9.05270
 20
69.80489
  0
VERTEX
 5
2168
  8
PLACEMENT_OUTLINE_TOP
 10
9.89799
 20
69.80489
  0
SEQEND
  8
PLACEMENT_OUTLINE_TOP
  0
POLYLINE
 5
2169
  8
PLACEMENT_OUTLINE_TOP
 66
1
 70
1
 40
0.050000
 41
0.050000
  0
VERTEX
 5
216A
  8
PLACEMENT_OUTLINE_TOP
 10
9.02770
 20
69.80489
 42
1.0
  0
VERTEX
 5
216B
  8
PLACEMENT_OUTLINE_TOP
 10
9.07770
 20
69.80489
 42
1.0
  0
SEQEND
  8
PLACEMENT_OUTLINE_TOP
  0
POLYLINE
 5
216C
  8
PLACEMENT_OUTLINE_TOP
 66
1
 70
1
 40
0.050000
 41
0.050000
  0
VERTEX
 5
216D
  8
PLACEMENT_OUTLINE_TOP
 10
9.87299
 20
69.80489
 42
1.0
  0
VERTEX
 5
216E
  8
PLACEMENT_OUTLINE_TOP
 10
9.92299
 20
69.80489
 42
1.0
  0
SEQEND
  8
PLACEMENT_OUTLINE_TOP
  0
SOLID
 5
216F
  8
PADLAYER_TOP
 10
7.44540
 20
69.55089
 11
7.44540
 21
67.29110
 12
9.64400
 22
69.55089
 13
9.64400
 23
67.29110
  0
SOLID
 5
2170
  8
PADLAYER_TOP
 10
3.35600
 20
69.55089
 11
3.35600
 21
67.29110
 12
5.55460
 22
69.55089
 13
5.55460
 23
67.29110
  0
POLYLINE
 5
2171
  8
LAYNR1
 66
1
 40
0.203200
 41
0.203200
  0
VERTEX
 5
2172
  8
LAYNR1
 10
15.85000
 20
56.05000
  0
VERTEX
 5
2173
  8
LAYNR1
 10
15.85000
 20
56.75000
  0
SEQEND
  8
LAYNR1
  0
POLYLINE
 5
2174
  8
LAYNR1
 66
1
 70
1
 40
0.101600
 41
0.101600
  0
VERTEX
 5
2175
  8
LAYNR1
 10
15.79920
 20
56.05000
 42
1.0
  0
VERTEX
 5
2176
  8
LAYNR1
 10
15.90080
 20
56.05000
 42
1.0
  0
SEQEND
  8
LAYNR1
  0
POLYLINE
 5
2177
  8
LAYNR1
 66
1
 70
1
 40
0.101600
 41
0.101600
  0
VERTEX
 5
2178
  8
LAYNR1
 10
15.79920
 20
56.75000
 42
1.0
  0
VERTEX
 5
2179
  8
LAYNR1
 10
15.90080
 20
56.75000
 42
1.0
  0
SEQEND
  8
LAYNR1
  0
POLYLINE
 5
217A
  8
PLACEMENT_OUTLINE_TOP
 66
1
 40
0.100000
 41
0.100000
  0
VERTEX
 5
217B
  8
PLACEMENT_OUTLINE_TOP
 10
14.45300
 20
55.76500
  0
VERTEX
 5
217C
  8
PLACEMENT_OUTLINE_TOP
 10
17.24700
 20
55.76500
  0
SEQEND
  8
PLACEMENT_OUTLINE_TOP
  0
POLYLINE
 5
217D
  8
PLACEMENT_OUTLINE_TOP
 66
1
 70
1
 40
0.050000
 41
0.050000
  0
VERTEX
 5
217E
  8
PLACEMENT_OUTLINE_TOP
 10
14.42800
 20
55.76500
 42
1.0
  0
VERTEX
 5
217F
  8
PLACEMENT_OUTLINE_TOP
 10
14.47800
 20
55.76500
 42
1.0
  0
SEQEND
  8
PLACEMENT_OUTLINE_TOP
  0
POLYLINE
 5
2180
  8
PLACEMENT_OUTLINE_TOP
 66
1
 70
1
 40
0.050000
 41
0.050000
  0
VERTEX
 5
2181
  8
PLACEMENT_OUTLINE_TOP
 10
17.22200
 20
55.76500
 42
1.0
  0
VERTEX
 5
2182
  8
PLACEMENT_OUTLINE_TOP
 10
17.27200
 20
55.76500
 42
1.0
  0
SEQEND
  8
PLACEMENT_OUTLINE_TOP
  0
POLYLINE
 5
2183
  8
PLACEMENT_OUTLINE_TOP
 66
1
 40
0.100000
 41
0.100000
  0
VERTEX
 5
2184
  8
PLACEMENT_OUTLINE_TOP
 10
17.24700
 20
55.76500
  0
VERTEX
 5
2185
  8
PLACEMENT_OUTLINE_TOP
 10
17.24700
 20
57.03500
  0
SEQEND
  8
PLACEMENT_OUTLINE_TOP
  0
POLYLINE
 5
2186
  8
PLACEMENT_OUTLINE_TOP
 66
1
 70
1
 40
0.050000
 41
0.050000
  0
VERTEX
 5
2187
  8
PLACEMENT_OUTLINE_TOP
 10
17.22200
 20
55.76500
 42
1.0
  0
VERTEX
 5
2188
  8
PLACEMENT_OUTLINE_TOP
 10
17.27200
 20
55.76500
 42
1.0
  0
SEQEND
  8
PLACEMENT_OUTLINE_TOP
  0
POLYLINE
 5
2189
  8
PLACEMENT_OUTLINE_TOP
 66
1
 70
1
 40
0.050000
 41
0.050000
  0
VERTEX
 5
218A
  8
PLACEMENT_OUTLINE_TOP
 10
17.22200
 20
57.03500
 42
1.0
  0
VERTEX
 5
218B
  8
PLACEMENT_OUTLINE_TOP
 10
17.27200
 20
57.03500
 42
1.0
  0
SEQEND
  8
PLACEMENT_OUTLINE_TOP
  0
POLYLINE
 5
218C
  8
PLACEMENT_OUTLINE_TOP
 66
1
 40
0.100000
 41
0.100000
  0
VERTEX
 5
218D
  8
PLACEMENT_OUTLINE_TOP
 10
17.24700
 20
57.03500
  0
VERTEX
 5
218E
  8
PLACEMENT_OUTLINE_TOP
 10
14.45300
 20
57.03500
  0
SEQEND
  8
PLACEMENT_OUTLINE_TOP
  0
POLYLINE
 5
218F
  8
PLACEMENT_OUTLINE_TOP
 66
1
 70
1
 40
0.050000
 41
0.050000
  0
VERTEX
 5
2190
  8
PLACEMENT_OUTLINE_TOP
 10
17.22200
 20
57.03500
 42
1.0
  0
VERTEX
 5
2191
  8
PLACEMENT_OUTLINE_TOP
 10
17.27200
 20
57.03500
 42
1.0
  0
SEQEND
  8
PLACEMENT_OUTLINE_TOP
  0
POLYLINE
 5
2192
  8
PLACEMENT_OUTLINE_TOP
 66
1
 70
1
 40
0.050000
 41
0.050000
  0
VERTEX
 5
2193
  8
PLACEMENT_OUTLINE_TOP
 10
14.42800
 20
57.03500
 42
1.0
  0
VERTEX
 5
2194
  8
PLACEMENT_OUTLINE_TOP
 10
14.47800
 20
57.03500
 42
1.0
  0
SEQEND
  8
PLACEMENT_OUTLINE_TOP
  0
POLYLINE
 5
2195
  8
PLACEMENT_OUTLINE_TOP
 66
1
 40
0.100000
 41
0.100000
  0
VERTEX
 5
2196
  8
PLACEMENT_OUTLINE_TOP
 10
14.45300
 20
57.03500
  0
VERTEX
 5
2197
  8
PLACEMENT_OUTLINE_TOP
 10
14.45300
 20
55.76500
  0
SEQEND
  8
PLACEMENT_OUTLINE_TOP
  0
POLYLINE
 5
2198
  8
PLACEMENT_OUTLINE_TOP
 66
1
 70
1
 40
0.050000
 41
0.050000
  0
VERTEX
 5
2199
  8
PLACEMENT_OUTLINE_TOP
 10
14.42800
 20
57.03500
 42
1.0
  0
VERTEX
 5
219A
  8
PLACEMENT_OUTLINE_TOP
 10
14.47800
 20
57.03500
 42
1.0
  0
SEQEND
  8
PLACEMENT_OUTLINE_TOP
  0
POLYLINE
 5
219B
  8
PLACEMENT_OUTLINE_TOP
 66
1
 70
1
 40
0.050000
 41
0.050000
  0
VERTEX
 5
219C
  8
PLACEMENT_OUTLINE_TOP
 10
14.42800
 20
55.76500
 42
1.0
  0
VERTEX
 5
219D
  8
PLACEMENT_OUTLINE_TOP
 10
14.47800
 20
55.76500
 42
1.0
  0
SEQEND
  8
PLACEMENT_OUTLINE_TOP
  0
SOLID
 5
219E
  8
PADLAYER_TOP
 10
17.06920
 20
56.85720
 11
16.15480
 21
56.85720
 12
17.06920
 22
55.94280
 13
16.15480
 23
55.94280
  0
SOLID
 5
219F
  8
PADLAYER_TOP
 10
15.54520
 20
56.85720
 11
14.63080
 21
56.85720
 12
15.54520
 22
55.94280
 13
14.63080
 23
55.94280
  0
POLYLINE
 5
21A0
  8
LAYNR1
 66
1
 40
0.203200
 41
0.203200
  0
VERTEX
 5
21A1
  8
LAYNR1
 10
23.04986
 20
60.57000
  0
VERTEX
 5
21A2
  8
LAYNR1
 10
23.04983
 20
61.97000
  0
SEQEND
  8
LAYNR1
  0
POLYLINE
 5
21A3
  8
LAYNR1
 66
1
 70
1
 40
0.101600
 41
0.101600
  0
VERTEX
 5
21A4
  8
LAYNR1
 10
22.99906
 20
60.57000
 42
1.0
  0
VERTEX
 5
21A5
  8
LAYNR1
 10
23.10066
 20
60.57000
 42
1.0
  0
SEQEND
  8
LAYNR1
  0
POLYLINE
 5
21A6
  8
LAYNR1
 66
1
 70
1
 40
0.101600
 41
0.101600
  0
VERTEX
 5
21A7
  8
LAYNR1
 10
22.99903
 20
61.97000
 42
1.0
  0
VERTEX
 5
21A8
  8
LAYNR1
 10
23.10063
 20
61.97000
 42
1.0
  0
SEQEND
  8
LAYNR1
  0
POLYLINE
 5
21A9
  8
PLACEMENT_OUTLINE_TOP
 66
1
 40
0.100000
 41
0.100000
  0
VERTEX
 5
21AA
  8
PLACEMENT_OUTLINE_TOP
 10
20.48446
 20
60.20311
  0
VERTEX
 5
21AB
  8
PLACEMENT_OUTLINE_TOP
 10
25.61531
 20
60.20330
  0
SEQEND
  8
PLACEMENT_OUTLINE_TOP
  0
POLYLINE
 5
21AC
  8
PLACEMENT_OUTLINE_TOP
 66
1
 70
1
 40
0.050000
 41
0.050000
  0
VERTEX
 5
21AD
  8
PLACEMENT_OUTLINE_TOP
 10
20.45946
 20
60.20311
 42
1.0
  0
VERTEX
 5
21AE
  8
PLACEMENT_OUTLINE_TOP
 10
20.50946
 20
60.20311
 42
1.0
  0
SEQEND
  8
PLACEMENT_OUTLINE_TOP
  0
POLYLINE
 5
21AF
  8
PLACEMENT_OUTLINE_TOP
 66
1
 70
1
 40
0.050000
 41
0.050000
  0
VERTEX
 5
21B0
  8
PLACEMENT_OUTLINE_TOP
 10
25.59031
 20
60.20330
 42
1.0
  0
VERTEX
 5
21B1
  8
PLACEMENT_OUTLINE_TOP
 10
25.64031
 20
60.20330
 42
1.0
  0
SEQEND
  8
PLACEMENT_OUTLINE_TOP
  0
POLYLINE
 5
21B2
  8
PLACEMENT_OUTLINE_TOP
 66
1
 40
0.100000
 41
0.100000
  0
VERTEX
 5
21B3
  8
PLACEMENT_OUTLINE_TOP
 10
25.61531
 20
60.20330
  0
VERTEX
 5
21B4
  8
PLACEMENT_OUTLINE_TOP
 10
25.61531
 20
62.33677
  0
SEQEND
  8
PLACEMENT_OUTLINE_TOP
  0
POLYLINE
 5
21B5
  8
PLACEMENT_OUTLINE_TOP
 66
1
 70
1
 40
0.050000
 41
0.050000
  0
VERTEX
 5
21B6
  8
PLACEMENT_OUTLINE_TOP
 10
25.59031
 20
60.20330
 42
1.0
  0
VERTEX
 5
21B7
  8
PLACEMENT_OUTLINE_TOP
 10
25.64031
 20
60.20330
 42
1.0
  0
SEQEND
  8
PLACEMENT_OUTLINE_TOP
  0
POLYLINE
 5
21B8
  8
PLACEMENT_OUTLINE_TOP
 66
1
 70
1
 40
0.050000
 41
0.050000
  0
VERTEX
 5
21B9
  8
PLACEMENT_OUTLINE_TOP
 10
25.59031
 20
62.33677
 42
1.0
  0
VERTEX
 5
21BA
  8
PLACEMENT_OUTLINE_TOP
 10
25.64031
 20
62.33677
 42
1.0
  0
SEQEND
  8
PLACEMENT_OUTLINE_TOP
  0
POLYLINE
 5
21BB
  8
PLACEMENT_OUTLINE_TOP
 66
1
 40
0.100000
 41
0.100000
  0
VERTEX
 5
21BC
  8
PLACEMENT_OUTLINE_TOP
 10
25.61531
 20
62.33677
  0
VERTEX
 5
21BD
  8
PLACEMENT_OUTLINE_TOP
 10
20.48457
 20
62.33692
  0
SEQEND
  8
PLACEMENT_OUTLINE_TOP
  0
POLYLINE
 5
21BE
  8
PLACEMENT_OUTLINE_TOP
 66
1
 70
1
 40
0.050000
 41
0.050000
  0
VERTEX
 5
21BF
  8
PLACEMENT_OUTLINE_TOP
 10
25.59031
 20
62.33677
 42
1.0
  0
VERTEX
 5
21C0
  8
PLACEMENT_OUTLINE_TOP
 10
25.64031
 20
62.33677
 42
1.0
  0
SEQEND
  8
PLACEMENT_OUTLINE_TOP
  0
POLYLINE
 5
21C1
  8
PLACEMENT_OUTLINE_TOP
 66
1
 70
1
 40
0.050000
 41
0.050000
  0
VERTEX
 5
21C2
  8
PLACEMENT_OUTLINE_TOP
 10
20.45957
 20
62.33692
 42
1.0
  0
VERTEX
 5
21C3
  8
PLACEMENT_OUTLINE_TOP
 10
20.50957
 20
62.33692
 42
1.0
  0
SEQEND
  8
PLACEMENT_OUTLINE_TOP
  0
POLYLINE
 5
21C4
  8
PLACEMENT_OUTLINE_TOP
 66
1
 40
0.100000
 41
0.100000
  0
VERTEX
 5
21C5
  8
PLACEMENT_OUTLINE_TOP
 10
20.48457
 20
62.33692
  0
VERTEX
 5
21C6
  8
PLACEMENT_OUTLINE_TOP
 10
20.48446
 20
60.20311
  0
SEQEND
  8
PLACEMENT_OUTLINE_TOP
  0
POLYLINE
 5
21C7
  8
PLACEMENT_OUTLINE_TOP
 66
1
 70
1
 40
0.050000
 41
0.050000
  0
VERTEX
 5
21C8
  8
PLACEMENT_OUTLINE_TOP
 10
20.45957
 20
62.33692
 42
1.0
  0
VERTEX
 5
21C9
  8
PLACEMENT_OUTLINE_TOP
 10
20.50957
 20
62.33692
 42
1.0
  0
SEQEND
  8
PLACEMENT_OUTLINE_TOP
  0
POLYLINE
 5
21CA
  8
PLACEMENT_OUTLINE_TOP
 66
1
 70
1
 40
0.050000
 41
0.050000
  0
VERTEX
 5
21CB
  8
PLACEMENT_OUTLINE_TOP
 10
20.45946
 20
60.20311
 42
1.0
  0
VERTEX
 5
21CC
  8
PLACEMENT_OUTLINE_TOP
 10
20.50946
 20
60.20311
 42
1.0
  0
SEQEND
  8
PLACEMENT_OUTLINE_TOP
  0
SOLID
 5
21CD
  8
PADLAYER_TOP
 10
24.05330
 20
62.15891
 11
24.05330
 21
60.38091
 12
25.45030
 22
62.15891
 13
25.45030
 23
60.38091
  0
SOLID
 5
21CE
  8
PADLAYER_TOP
 10
20.64970
 20
62.15909
 11
20.64970
 21
60.38109
 12
22.04670
 22
62.15909
 13
22.04670
 23
60.38109
  0
POLYLINE
 5
21CF
  8
LAYNR1
 66
1
 40
0.203200
 41
0.203200
  0
VERTEX
 5
21D0
  8
LAYNR1
 10
23.04986
 20
65.57000
  0
VERTEX
 5
21D1
  8
LAYNR1
 10
23.04983
 20
66.97000
  0
SEQEND
  8
LAYNR1
  0
POLYLINE
 5
21D2
  8
LAYNR1
 66
1
 70
1
 40
0.101600
 41
0.101600
  0
VERTEX
 5
21D3
  8
LAYNR1
 10
22.99906
 20
65.57000
 42
1.0
  0
VERTEX
 5
21D4
  8
LAYNR1
 10
23.10066
 20
65.57000
 42
1.0
  0
SEQEND
  8
LAYNR1
  0
POLYLINE
 5
21D5
  8
LAYNR1
 66
1
 70
1
 40
0.101600
 41
0.101600
  0
VERTEX
 5
21D6
  8
LAYNR1
 10
22.99903
 20
66.97000
 42
1.0
  0
VERTEX
 5
21D7
  8
LAYNR1
 10
23.10063
 20
66.97000
 42
1.0
  0
SEQEND
  8
LAYNR1
  0
POLYLINE
 5
21D8
  8
PLACEMENT_OUTLINE_TOP
 66
1
 40
0.100000
 41
0.100000
  0
VERTEX
 5
21D9
  8
PLACEMENT_OUTLINE_TOP
 10
20.48446
 20
65.20311
  0
VERTEX
 5
21DA
  8
PLACEMENT_OUTLINE_TOP
 10
25.61531
 20
65.20330
  0
SEQEND
  8
PLACEMENT_OUTLINE_TOP
  0
POLYLINE
 5
21DB
  8
PLACEMENT_OUTLINE_TOP
 66
1
 70
1
 40
0.050000
 41
0.050000
  0
VERTEX
 5
21DC
  8
PLACEMENT_OUTLINE_TOP
 10
20.45946
 20
65.20311
 42
1.0
  0
VERTEX
 5
21DD
  8
PLACEMENT_OUTLINE_TOP
 10
20.50946
 20
65.20311
 42
1.0
  0
SEQEND
  8
PLACEMENT_OUTLINE_TOP
  0
POLYLINE
 5
21DE
  8
PLACEMENT_OUTLINE_TOP
 66
1
 70
1
 40
0.050000
 41
0.050000
  0
VERTEX
 5
21DF
  8
PLACEMENT_OUTLINE_TOP
 10
25.59031
 20
65.20330
 42
1.0
  0
VERTEX
 5
21E0
  8
PLACEMENT_OUTLINE_TOP
 10
25.64031
 20
65.20330
 42
1.0
  0
SEQEND
  8
PLACEMENT_OUTLINE_TOP
  0
POLYLINE
 5
21E1
  8
PLACEMENT_OUTLINE_TOP
 66
1
 40
0.100000
 41
0.100000
  0
VERTEX
 5
21E2
  8
PLACEMENT_OUTLINE_TOP
 10
25.61531
 20
65.20330
  0
VERTEX
 5
21E3
  8
PLACEMENT_OUTLINE_TOP
 10
25.61531
 20
67.33677
  0
SEQEND
  8
PLACEMENT_OUTLINE_TOP
  0
POLYLINE
 5
21E4
  8
PLACEMENT_OUTLINE_TOP
 66
1
 70
1
 40
0.050000
 41
0.050000
  0
VERTEX
 5
21E5
  8
PLACEMENT_OUTLINE_TOP
 10
25.59031
 20
65.20330
 42
1.0
  0
VERTEX
 5
21E6
  8
PLACEMENT_OUTLINE_TOP
 10
25.64031
 20
65.20330
 42
1.0
  0
SEQEND
  8
PLACEMENT_OUTLINE_TOP
  0
POLYLINE
 5
21E7
  8
PLACEMENT_OUTLINE_TOP
 66
1
 70
1
 40
0.050000
 41
0.050000
  0
VERTEX
 5
21E8
  8
PLACEMENT_OUTLINE_TOP
 10
25.59031
 20
67.33677
 42
1.0
  0
VERTEX
 5
21E9
  8
PLACEMENT_OUTLINE_TOP
 10
25.64031
 20
67.33677
 42
1.0
  0
SEQEND
  8
PLACEMENT_OUTLINE_TOP
  0
POLYLINE
 5
21EA
  8
PLACEMENT_OUTLINE_TOP
 66
1
 40
0.100000
 41
0.100000
  0
VERTEX
 5
21EB
  8
PLACEMENT_OUTLINE_TOP
 10
25.61531
 20
67.33677
  0
VERTEX
 5
21EC
  8
PLACEMENT_OUTLINE_TOP
 10
20.48457
 20
67.33692
  0
SEQEND
  8
PLACEMENT_OUTLINE_TOP
  0
POLYLINE
 5
21ED
  8
PLACEMENT_OUTLINE_TOP
 66
1
 70
1
 40
0.050000
 41
0.050000
  0
VERTEX
 5
21EE
  8
PLACEMENT_OUTLINE_TOP
 10
25.59031
 20
67.33677
 42
1.0
  0
VERTEX
 5
21EF
  8
PLACEMENT_OUTLINE_TOP
 10
25.64031
 20
67.33677
 42
1.0
  0
SEQEND
  8
PLACEMENT_OUTLINE_TOP
  0
POLYLINE
 5
21F0
  8
PLACEMENT_OUTLINE_TOP
 66
1
 70
1
 40
0.050000
 41
0.050000
  0
VERTEX
 5
21F1
  8
PLACEMENT_OUTLINE_TOP
 10
20.45957
 20
67.33692
 42
1.0
  0
VERTEX
 5
21F2
  8
PLACEMENT_OUTLINE_TOP
 10
20.50957
 20
67.33692
 42
1.0
  0
SEQEND
  8
PLACEMENT_OUTLINE_TOP
  0
POLYLINE
 5
21F3
  8
PLACEMENT_OUTLINE_TOP
 66
1
 40
0.100000
 41
0.100000
  0
VERTEX
 5
21F4
  8
PLACEMENT_OUTLINE_TOP
 10
20.48457
 20
67.33692
  0
VERTEX
 5
21F5
  8
PLACEMENT_OUTLINE_TOP
 10
20.48446
 20
65.20311
  0
SEQEND
  8
PLACEMENT_OUTLINE_TOP
  0
POLYLINE
 5
21F6
  8
PLACEMENT_OUTLINE_TOP
 66
1
 70
1
 40
0.050000
 41
0.050000
  0
VERTEX
 5
21F7
  8
PLACEMENT_OUTLINE_TOP
 10
20.45957
 20
67.33692
 42
1.0
  0
VERTEX
 5
21F8
  8
PLACEMENT_OUTLINE_TOP
 10
20.50957
 20
67.33692
 42
1.0
  0
SEQEND
  8
PLACEMENT_OUTLINE_TOP
  0
POLYLINE
 5
21F9
  8
PLACEMENT_OUTLINE_TOP
 66
1
 70
1
 40
0.050000
 41
0.050000
  0
VERTEX
 5
21FA
  8
PLACEMENT_OUTLINE_TOP
 10
20.45946
 20
65.20311
 42
1.0
  0
VERTEX
 5
21FB
  8
PLACEMENT_OUTLINE_TOP
 10
20.50946
 20
65.20311
 42
1.0
  0
SEQEND
  8
PLACEMENT_OUTLINE_TOP
  0
SOLID
 5
21FC
  8
PADLAYER_TOP
 10
24.05330
 20
67.15891
 11
24.05330
 21
65.38091
 12
25.45030
 22
67.15891
 13
25.45030
 23
65.38091
  0
SOLID
 5
21FD
  8
PADLAYER_TOP
 10
20.64970
 20
67.15909
 11
20.64970
 21
65.38109
 12
22.04670
 22
67.15909
 13
22.04670
 23
65.38109
  0
POLYLINE
 5
21FE
  8
LAYNR1
 66
1
 40
0.203200
 41
0.203200
  0
VERTEX
 5
21FF
  8
LAYNR1
 10
23.04986
 20
43.37000
  0
VERTEX
 5
2200
  8
LAYNR1
 10
23.04983
 20
44.77000
  0
SEQEND
  8
LAYNR1
  0
POLYLINE
 5
2201
  8
LAYNR1
 66
1
 70
1
 40
0.101600
 41
0.101600
  0
VERTEX
 5
2202
  8
LAYNR1
 10
22.99906
 20
43.37000
 42
1.0
  0
VERTEX
 5
2203
  8
LAYNR1
 10
23.10066
 20
43.37000
 42
1.0
  0
SEQEND
  8
LAYNR1
  0
POLYLINE
 5
2204
  8
LAYNR1
 66
1
 70
1
 40
0.101600
 41
0.101600
  0
VERTEX
 5
2205
  8
LAYNR1
 10
22.99903
 20
44.77000
 42
1.0
  0
VERTEX
 5
2206
  8
LAYNR1
 10
23.10063
 20
44.77000
 42
1.0
  0
SEQEND
  8
LAYNR1
  0
POLYLINE
 5
2207
  8
PLACEMENT_OUTLINE_TOP
 66
1
 40
0.100000
 41
0.100000
  0
VERTEX
 5
2208
  8
PLACEMENT_OUTLINE_TOP
 10
20.48446
 20
43.00311
  0
VERTEX
 5
2209
  8
PLACEMENT_OUTLINE_TOP
 10
25.61531
 20
43.00330
  0
SEQEND
  8
PLACEMENT_OUTLINE_TOP
  0
POLYLINE
 5
220A
  8
PLACEMENT_OUTLINE_TOP
 66
1
 70
1
 40
0.050000
 41
0.050000
  0
VERTEX
 5
220B
  8
PLACEMENT_OUTLINE_TOP
 10
20.45946
 20
43.00311
 42
1.0
  0
VERTEX
 5
220C
  8
PLACEMENT_OUTLINE_TOP
 10
20.50946
 20
43.00311
 42
1.0
  0
SEQEND
  8
PLACEMENT_OUTLINE_TOP
  0
POLYLINE
 5
220D
  8
PLACEMENT_OUTLINE_TOP
 66
1
 70
1
 40
0.050000
 41
0.050000
  0
VERTEX
 5
220E
  8
PLACEMENT_OUTLINE_TOP
 10
25.59031
 20
43.00330
 42
1.0
  0
VERTEX
 5
220F
  8
PLACEMENT_OUTLINE_TOP
 10
25.64031
 20
43.00330
 42
1.0
  0
SEQEND
  8
PLACEMENT_OUTLINE_TOP
  0
POLYLINE
 5
2210
  8
PLACEMENT_OUTLINE_TOP
 66
1
 40
0.100000
 41
0.100000
  0
VERTEX
 5
2211
  8
PLACEMENT_OUTLINE_TOP
 10
25.61531
 20
43.00330
  0
VERTEX
 5
2212
  8
PLACEMENT_OUTLINE_TOP
 10
25.61531
 20
45.13677
  0
SEQEND
  8
PLACEMENT_OUTLINE_TOP
  0
POLYLINE
 5
2213
  8
PLACEMENT_OUTLINE_TOP
 66
1
 70
1
 40
0.050000
 41
0.050000
  0
VERTEX
 5
2214
  8
PLACEMENT_OUTLINE_TOP
 10
25.59031
 20
43.00330
 42
1.0
  0
VERTEX
 5
2215
  8
PLACEMENT_OUTLINE_TOP
 10
25.64031
 20
43.00330
 42
1.0
  0
SEQEND
  8
PLACEMENT_OUTLINE_TOP
  0
POLYLINE
 5
2216
  8
PLACEMENT_OUTLINE_TOP
 66
1
 70
1
 40
0.050000
 41
0.050000
  0
VERTEX
 5
2217
  8
PLACEMENT_OUTLINE_TOP
 10
25.59031
 20
45.13677
 42
1.0
  0
VERTEX
 5
2218
  8
PLACEMENT_OUTLINE_TOP
 10
25.64031
 20
45.13677
 42
1.0
  0
SEQEND
  8
PLACEMENT_OUTLINE_TOP
  0
POLYLINE
 5
2219
  8
PLACEMENT_OUTLINE_TOP
 66
1
 40
0.100000
 41
0.100000
  0
VERTEX
 5
221A
  8
PLACEMENT_OUTLINE_TOP
 10
25.61531
 20
45.13677
  0
VERTEX
 5
221B
  8
PLACEMENT_OUTLINE_TOP
 10
20.48457
 20
45.13692
  0
SEQEND
  8
PLACEMENT_OUTLINE_TOP
  0
POLYLINE
 5
221C
  8
PLACEMENT_OUTLINE_TOP
 66
1
 70
1
 40
0.050000
 41
0.050000
  0
VERTEX
 5
221D
  8
PLACEMENT_OUTLINE_TOP
 10
25.59031
 20
45.13677
 42
1.0
  0
VERTEX
 5
221E
  8
PLACEMENT_OUTLINE_TOP
 10
25.64031
 20
45.13677
 42
1.0
  0
SEQEND
  8
PLACEMENT_OUTLINE_TOP
  0
POLYLINE
 5
221F
  8
PLACEMENT_OUTLINE_TOP
 66
1
 70
1
 40
0.050000
 41
0.050000
  0
VERTEX
 5
2220
  8
PLACEMENT_OUTLINE_TOP
 10
20.45957
 20
45.13692
 42
1.0
  0
VERTEX
 5
2221
  8
PLACEMENT_OUTLINE_TOP
 10
20.50957
 20
45.13692
 42
1.0
  0
SEQEND
  8
PLACEMENT_OUTLINE_TOP
  0
POLYLINE
 5
2222
  8
PLACEMENT_OUTLINE_TOP
 66
1
 40
0.100000
 41
0.100000
  0
VERTEX
 5
2223
  8
PLACEMENT_OUTLINE_TOP
 10
20.48457
 20
45.13692
  0
VERTEX
 5
2224
  8
PLACEMENT_OUTLINE_TOP
 10
20.48446
 20
43.00311
  0
SEQEND
  8
PLACEMENT_OUTLINE_TOP
  0
POLYLINE
 5
2225
  8
PLACEMENT_OUTLINE_TOP
 66
1
 70
1
 40
0.050000
 41
0.050000
  0
VERTEX
 5
2226
  8
PLACEMENT_OUTLINE_TOP
 10
20.45957
 20
45.13692
 42
1.0
  0
VERTEX
 5
2227
  8
PLACEMENT_OUTLINE_TOP
 10
20.50957
 20
45.13692
 42
1.0
  0
SEQEND
  8
PLACEMENT_OUTLINE_TOP
  0
POLYLINE
 5
2228
  8
PLACEMENT_OUTLINE_TOP
 66
1
 70
1
 40
0.050000
 41
0.050000
  0
VERTEX
 5
2229
  8
PLACEMENT_OUTLINE_TOP
 10
20.45946
 20
43.00311
 42
1.0
  0
VERTEX
 5
222A
  8
PLACEMENT_OUTLINE_TOP
 10
20.50946
 20
43.00311
 42
1.0
  0
SEQEND
  8
PLACEMENT_OUTLINE_TOP
  0
SOLID
 5
222B
  8
PADLAYER_TOP
 10
24.05330
 20
44.95891
 11
24.05330
 21
43.18091
 12
25.45030
 22
44.95891
 13
25.45030
 23
43.18091
  0
SOLID
 5
222C
  8
PADLAYER_TOP
 10
20.64970
 20
44.95909
 11
20.64970
 21
43.18109
 12
22.04670
 22
44.95909
 13
22.04670
 23
43.18109
  0
POLYLINE
 5
222D
  8
LAYNR1
 66
1
 40
0.203200
 41
0.203200
  0
VERTEX
 5
222E
  8
LAYNR1
 10
23.04986
 20
50.87000
  0
VERTEX
 5
222F
  8
LAYNR1
 10
23.04983
 20
52.27000
  0
SEQEND
  8
LAYNR1
  0
POLYLINE
 5
2230
  8
LAYNR1
 66
1
 70
1
 40
0.101600
 41
0.101600
  0
VERTEX
 5
2231
  8
LAYNR1
 10
22.99906
 20
50.87000
 42
1.0
  0
VERTEX
 5
2232
  8
LAYNR1
 10
23.10066
 20
50.87000
 42
1.0
  0
SEQEND
  8
LAYNR1
  0
POLYLINE
 5
2233
  8
LAYNR1
 66
1
 70
1
 40
0.101600
 41
0.101600
  0
VERTEX
 5
2234
  8
LAYNR1
 10
22.99903
 20
52.27000
 42
1.0
  0
VERTEX
 5
2235
  8
LAYNR1
 10
23.10063
 20
52.27000
 42
1.0
  0
SEQEND
  8
LAYNR1
  0
POLYLINE
 5
2236
  8
PLACEMENT_OUTLINE_TOP
 66
1
 40
0.100000
 41
0.100000
  0
VERTEX
 5
2237
  8
PLACEMENT_OUTLINE_TOP
 10
20.48446
 20
50.50311
  0
VERTEX
 5
2238
  8
PLACEMENT_OUTLINE_TOP
 10
25.61531
 20
50.50330
  0
SEQEND
  8
PLACEMENT_OUTLINE_TOP
  0
POLYLINE
 5
2239
  8
PLACEMENT_OUTLINE_TOP
 66
1
 70
1
 40
0.050000
 41
0.050000
  0
VERTEX
 5
223A
  8
PLACEMENT_OUTLINE_TOP
 10
20.45946
 20
50.50311
 42
1.0
  0
VERTEX
 5
223B
  8
PLACEMENT_OUTLINE_TOP
 10
20.50946
 20
50.50311
 42
1.0
  0
SEQEND
  8
PLACEMENT_OUTLINE_TOP
  0
POLYLINE
 5
223C
  8
PLACEMENT_OUTLINE_TOP
 66
1
 70
1
 40
0.050000
 41
0.050000
  0
VERTEX
 5
223D
  8
PLACEMENT_OUTLINE_TOP
 10
25.59031
 20
50.50330
 42
1.0
  0
VERTEX
 5
223E
  8
PLACEMENT_OUTLINE_TOP
 10
25.64031
 20
50.50330
 42
1.0
  0
SEQEND
  8
PLACEMENT_OUTLINE_TOP
  0
POLYLINE
 5
223F
  8
PLACEMENT_OUTLINE_TOP
 66
1
 40
0.100000
 41
0.100000
  0
VERTEX
 5
2240
  8
PLACEMENT_OUTLINE_TOP
 10
25.61531
 20
50.50330
  0
VERTEX
 5
2241
  8
PLACEMENT_OUTLINE_TOP
 10
25.61531
 20
52.63677
  0
SEQEND
  8
PLACEMENT_OUTLINE_TOP
  0
POLYLINE
 5
2242
  8
PLACEMENT_OUTLINE_TOP
 66
1
 70
1
 40
0.050000
 41
0.050000
  0
VERTEX
 5
2243
  8
PLACEMENT_OUTLINE_TOP
 10
25.59031
 20
50.50330
 42
1.0
  0
VERTEX
 5
2244
  8
PLACEMENT_OUTLINE_TOP
 10
25.64031
 20
50.50330
 42
1.0
  0
SEQEND
  8
PLACEMENT_OUTLINE_TOP
  0
POLYLINE
 5
2245
  8
PLACEMENT_OUTLINE_TOP
 66
1
 70
1
 40
0.050000
 41
0.050000
  0
VERTEX
 5
2246
  8
PLACEMENT_OUTLINE_TOP
 10
25.59031
 20
52.63677
 42
1.0
  0
VERTEX
 5
2247
  8
PLACEMENT_OUTLINE_TOP
 10
25.64031
 20
52.63677
 42
1.0
  0
SEQEND
  8
PLACEMENT_OUTLINE_TOP
  0
POLYLINE
 5
2248
  8
PLACEMENT_OUTLINE_TOP
 66
1
 40
0.100000
 41
0.100000
  0
VERTEX
 5
2249
  8
PLACEMENT_OUTLINE_TOP
 10
25.61531
 20
52.63677
  0
VERTEX
 5
224A
  8
PLACEMENT_OUTLINE_TOP
 10
20.48457
 20
52.63692
  0
SEQEND
  8
PLACEMENT_OUTLINE_TOP
  0
POLYLINE
 5
224B
  8
PLACEMENT_OUTLINE_TOP
 66
1
 70
1
 40
0.050000
 41
0.050000
  0
VERTEX
 5
224C
  8
PLACEMENT_OUTLINE_TOP
 10
25.59031
 20
52.63677
 42
1.0
  0
VERTEX
 5
224D
  8
PLACEMENT_OUTLINE_TOP
 10
25.64031
 20
52.63677
 42
1.0
  0
SEQEND
  8
PLACEMENT_OUTLINE_TOP
  0
POLYLINE
 5
224E
  8
PLACEMENT_OUTLINE_TOP
 66
1
 70
1
 40
0.050000
 41
0.050000
  0
VERTEX
 5
224F
  8
PLACEMENT_OUTLINE_TOP
 10
20.45957
 20
52.63692
 42
1.0
  0
VERTEX
 5
2250
  8
PLACEMENT_OUTLINE_TOP
 10
20.50957
 20
52.63692
 42
1.0
  0
SEQEND
  8
PLACEMENT_OUTLINE_TOP
  0
POLYLINE
 5
2251
  8
PLACEMENT_OUTLINE_TOP
 66
1
 40
0.100000
 41
0.100000
  0
VERTEX
 5
2252
  8
PLACEMENT_OUTLINE_TOP
 10
20.48457
 20
52.63692
  0
VERTEX
 5
2253
  8
PLACEMENT_OUTLINE_TOP
 10
20.48446
 20
50.50311
  0
SEQEND
  8
PLACEMENT_OUTLINE_TOP
  0
POLYLINE
 5
2254
  8
PLACEMENT_OUTLINE_TOP
 66
1
 70
1
 40
0.050000
 41
0.050000
  0
VERTEX
 5
2255
  8
PLACEMENT_OUTLINE_TOP
 10
20.45957
 20
52.63692
 42
1.0
  0
VERTEX
 5
2256
  8
PLACEMENT_OUTLINE_TOP
 10
20.50957
 20
52.63692
 42
1.0
  0
SEQEND
  8
PLACEMENT_OUTLINE_TOP
  0
POLYLINE
 5
2257
  8
PLACEMENT_OUTLINE_TOP
 66
1
 70
1
 40
0.050000
 41
0.050000
  0
VERTEX
 5
2258
  8
PLACEMENT_OUTLINE_TOP
 10
20.45946
 20
50.50311
 42
1.0
  0
VERTEX
 5
2259
  8
PLACEMENT_OUTLINE_TOP
 10
20.50946
 20
50.50311
 42
1.0
  0
SEQEND
  8
PLACEMENT_OUTLINE_TOP
  0
SOLID
 5
225A
  8
PADLAYER_TOP
 10
24.05330
 20
52.45891
 11
24.05330
 21
50.68091
 12
25.45030
 22
52.45891
 13
25.45030
 23
50.68091
  0
SOLID
 5
225B
  8
PADLAYER_TOP
 10
20.64970
 20
52.45909
 11
20.64970
 21
50.68109
 12
22.04670
 22
52.45909
 13
22.04670
 23
50.68109
  0
POLYLINE
 5
225C
  8
LAYNR1
 66
1
 40
0.203200
 41
0.203200
  0
VERTEX
 5
225D
  8
LAYNR1
 10
23.04986
 20
48.37000
  0
VERTEX
 5
225E
  8
LAYNR1
 10
23.04983
 20
49.77000
  0
SEQEND
  8
LAYNR1
  0
POLYLINE
 5
225F
  8
LAYNR1
 66
1
 70
1
 40
0.101600
 41
0.101600
  0
VERTEX
 5
2260
  8
LAYNR1
 10
22.99906
 20
48.37000
 42
1.0
  0
VERTEX
 5
2261
  8
LAYNR1
 10
23.10066
 20
48.37000
 42
1.0
  0
SEQEND
  8
LAYNR1
  0
POLYLINE
 5
2262
  8
LAYNR1
 66
1
 70
1
 40
0.101600
 41
0.101600
  0
VERTEX
 5
2263
  8
LAYNR1
 10
22.99903
 20
49.77000
 42
1.0
  0
VERTEX
 5
2264
  8
LAYNR1
 10
23.10063
 20
49.77000
 42
1.0
  0
SEQEND
  8
LAYNR1
  0
POLYLINE
 5
2265
  8
PLACEMENT_OUTLINE_TOP
 66
1
 40
0.100000
 41
0.100000
  0
VERTEX
 5
2266
  8
PLACEMENT_OUTLINE_TOP
 10
20.48446
 20
48.00311
  0
VERTEX
 5
2267
  8
PLACEMENT_OUTLINE_TOP
 10
25.61531
 20
48.00330
  0
SEQEND
  8
PLACEMENT_OUTLINE_TOP
  0
POLYLINE
 5
2268
  8
PLACEMENT_OUTLINE_TOP
 66
1
 70
1
 40
0.050000
 41
0.050000
  0
VERTEX
 5
2269
  8
PLACEMENT_OUTLINE_TOP
 10
20.45946
 20
48.00311
 42
1.0
  0
VERTEX
 5
226A
  8
PLACEMENT_OUTLINE_TOP
 10
20.50946
 20
48.00311
 42
1.0
  0
SEQEND
  8
PLACEMENT_OUTLINE_TOP
  0
POLYLINE
 5
226B
  8
PLACEMENT_OUTLINE_TOP
 66
1
 70
1
 40
0.050000
 41
0.050000
  0
VERTEX
 5
226C
  8
PLACEMENT_OUTLINE_TOP
 10
25.59031
 20
48.00330
 42
1.0
  0
VERTEX
 5
226D
  8
PLACEMENT_OUTLINE_TOP
 10
25.64031
 20
48.00330
 42
1.0
  0
SEQEND
  8
PLACEMENT_OUTLINE_TOP
  0
POLYLINE
 5
226E
  8
PLACEMENT_OUTLINE_TOP
 66
1
 40
0.100000
 41
0.100000
  0
VERTEX
 5
226F
  8
PLACEMENT_OUTLINE_TOP
 10
25.61531
 20
48.00330
  0
VERTEX
 5
2270
  8
PLACEMENT_OUTLINE_TOP
 10
25.61531
 20
50.13677
  0
SEQEND
  8
PLACEMENT_OUTLINE_TOP
  0
POLYLINE
 5
2271
  8
PLACEMENT_OUTLINE_TOP
 66
1
 70
1
 40
0.050000
 41
0.050000
  0
VERTEX
 5
2272
  8
PLACEMENT_OUTLINE_TOP
 10
25.59031
 20
48.00330
 42
1.0
  0
VERTEX
 5
2273
  8
PLACEMENT_OUTLINE_TOP
 10
25.64031
 20
48.00330
 42
1.0
  0
SEQEND
  8
PLACEMENT_OUTLINE_TOP
  0
POLYLINE
 5
2274
  8
PLACEMENT_OUTLINE_TOP
 66
1
 70
1
 40
0.050000
 41
0.050000
  0
VERTEX
 5
2275
  8
PLACEMENT_OUTLINE_TOP
 10
25.59031
 20
50.13677
 42
1.0
  0
VERTEX
 5
2276
  8
PLACEMENT_OUTLINE_TOP
 10
25.64031
 20
50.13677
 42
1.0
  0
SEQEND
  8
PLACEMENT_OUTLINE_TOP
  0
POLYLINE
 5
2277
  8
PLACEMENT_OUTLINE_TOP
 66
1
 40
0.100000
 41
0.100000
  0
VERTEX
 5
2278
  8
PLACEMENT_OUTLINE_TOP
 10
25.61531
 20
50.13677
  0
VERTEX
 5
2279
  8
PLACEMENT_OUTLINE_TOP
 10
20.48457
 20
50.13692
  0
SEQEND
  8
PLACEMENT_OUTLINE_TOP
  0
POLYLINE
 5
227A
  8
PLACEMENT_OUTLINE_TOP
 66
1
 70
1
 40
0.050000
 41
0.050000
  0
VERTEX
 5
227B
  8
PLACEMENT_OUTLINE_TOP
 10
25.59031
 20
50.13677
 42
1.0
  0
VERTEX
 5
227C
  8
PLACEMENT_OUTLINE_TOP
 10
25.64031
 20
50.13677
 42
1.0
  0
SEQEND
  8
PLACEMENT_OUTLINE_TOP
  0
POLYLINE
 5
227D
  8
PLACEMENT_OUTLINE_TOP
 66
1
 70
1
 40
0.050000
 41
0.050000
  0
VERTEX
 5
227E
  8
PLACEMENT_OUTLINE_TOP
 10
20.45957
 20
50.13692
 42
1.0
  0
VERTEX
 5
227F
  8
PLACEMENT_OUTLINE_TOP
 10
20.50957
 20
50.13692
 42
1.0
  0
SEQEND
  8
PLACEMENT_OUTLINE_TOP
  0
POLYLINE
 5
2280
  8
PLACEMENT_OUTLINE_TOP
 66
1
 40
0.100000
 41
0.100000
  0
VERTEX
 5
2281
  8
PLACEMENT_OUTLINE_TOP
 10
20.48457
 20
50.13692
  0
VERTEX
 5
2282
  8
PLACEMENT_OUTLINE_TOP
 10
20.48446
 20
48.00311
  0
SEQEND
  8
PLACEMENT_OUTLINE_TOP
  0
POLYLINE
 5
2283
  8
PLACEMENT_OUTLINE_TOP
 66
1
 70
1
 40
0.050000
 41
0.050000
  0
VERTEX
 5
2284
  8
PLACEMENT_OUTLINE_TOP
 10
20.45957
 20
50.13692
 42
1.0
  0
VERTEX
 5
2285
  8
PLACEMENT_OUTLINE_TOP
 10
20.50957
 20
50.13692
 42
1.0
  0
SEQEND
  8
PLACEMENT_OUTLINE_TOP
  0
POLYLINE
 5
2286
  8
PLACEMENT_OUTLINE_TOP
 66
1
 70
1
 40
0.050000
 41
0.050000
  0
VERTEX
 5
2287
  8
PLACEMENT_OUTLINE_TOP
 10
20.45946
 20
48.00311
 42
1.0
  0
VERTEX
 5
2288
  8
PLACEMENT_OUTLINE_TOP
 10
20.50946
 20
48.00311
 42
1.0
  0
SEQEND
  8
PLACEMENT_OUTLINE_TOP
  0
SOLID
 5
2289
  8
PADLAYER_TOP
 10
24.05330
 20
49.95891
 11
24.05330
 21
48.18091
 12
25.45030
 22
49.95891
 13
25.45030
 23
48.18091
  0
SOLID
 5
228A
  8
PADLAYER_TOP
 10
20.64970
 20
49.95909
 11
20.64970
 21
48.18109
 12
22.04670
 22
49.95909
 13
22.04670
 23
48.18109
  0
POLYLINE
 5
228B
  8
LAYNR1
 66
1
 40
0.203200
 41
0.203200
  0
VERTEX
 5
228C
  8
LAYNR1
 10
23.04986
 20
45.87000
  0
VERTEX
 5
228D
  8
LAYNR1
 10
23.04983
 20
47.27000
  0
SEQEND
  8
LAYNR1
  0
POLYLINE
 5
228E
  8
LAYNR1
 66
1
 70
1
 40
0.101600
 41
0.101600
  0
VERTEX
 5
228F
  8
LAYNR1
 10
22.99906
 20
45.87000
 42
1.0
  0
VERTEX
 5
2290
  8
LAYNR1
 10
23.10066
 20
45.87000
 42
1.0
  0
SEQEND
  8
LAYNR1
  0
POLYLINE
 5
2291
  8
LAYNR1
 66
1
 70
1
 40
0.101600
 41
0.101600
  0
VERTEX
 5
2292
  8
LAYNR1
 10
22.99903
 20
47.27000
 42
1.0
  0
VERTEX
 5
2293
  8
LAYNR1
 10
23.10063
 20
47.27000
 42
1.0
  0
SEQEND
  8
LAYNR1
  0
POLYLINE
 5
2294
  8
PLACEMENT_OUTLINE_TOP
 66
1
 40
0.100000
 41
0.100000
  0
VERTEX
 5
2295
  8
PLACEMENT_OUTLINE_TOP
 10
20.48446
 20
45.50311
  0
VERTEX
 5
2296
  8
PLACEMENT_OUTLINE_TOP
 10
25.61531
 20
45.50330
  0
SEQEND
  8
PLACEMENT_OUTLINE_TOP
  0
POLYLINE
 5
2297
  8
PLACEMENT_OUTLINE_TOP
 66
1
 70
1
 40
0.050000
 41
0.050000
  0
VERTEX
 5
2298
  8
PLACEMENT_OUTLINE_TOP
 10
20.45946
 20
45.50311
 42
1.0
  0
VERTEX
 5
2299
  8
PLACEMENT_OUTLINE_TOP
 10
20.50946
 20
45.50311
 42
1.0
  0
SEQEND
  8
PLACEMENT_OUTLINE_TOP
  0
POLYLINE
 5
229A
  8
PLACEMENT_OUTLINE_TOP
 66
1
 70
1
 40
0.050000
 41
0.050000
  0
VERTEX
 5
229B
  8
PLACEMENT_OUTLINE_TOP
 10
25.59031
 20
45.50330
 42
1.0
  0
VERTEX
 5
229C
  8
PLACEMENT_OUTLINE_TOP
 10
25.64031
 20
45.50330
 42
1.0
  0
SEQEND
  8
PLACEMENT_OUTLINE_TOP
  0
POLYLINE
 5
229D
  8
PLACEMENT_OUTLINE_TOP
 66
1
 40
0.100000
 41
0.100000
  0
VERTEX
 5
229E
  8
PLACEMENT_OUTLINE_TOP
 10
25.61531
 20
45.50330
  0
VERTEX
 5
229F
  8
PLACEMENT_OUTLINE_TOP
 10
25.61531
 20
47.63677
  0
SEQEND
  8
PLACEMENT_OUTLINE_TOP
  0
POLYLINE
 5
22A0
  8
PLACEMENT_OUTLINE_TOP
 66
1
 70
1
 40
0.050000
 41
0.050000
  0
VERTEX
 5
22A1
  8
PLACEMENT_OUTLINE_TOP
 10
25.59031
 20
45.50330
 42
1.0
  0
VERTEX
 5
22A2
  8
PLACEMENT_OUTLINE_TOP
 10
25.64031
 20
45.50330
 42
1.0
  0
SEQEND
  8
PLACEMENT_OUTLINE_TOP
  0
POLYLINE
 5
22A3
  8
PLACEMENT_OUTLINE_TOP
 66
1
 70
1
 40
0.050000
 41
0.050000
  0
VERTEX
 5
22A4
  8
PLACEMENT_OUTLINE_TOP
 10
25.59031
 20
47.63677
 42
1.0
  0
VERTEX
 5
22A5
  8
PLACEMENT_OUTLINE_TOP
 10
25.64031
 20
47.63677
 42
1.0
  0
SEQEND
  8
PLACEMENT_OUTLINE_TOP
  0
POLYLINE
 5
22A6
  8
PLACEMENT_OUTLINE_TOP
 66
1
 40
0.100000
 41
0.100000
  0
VERTEX
 5
22A7
  8
PLACEMENT_OUTLINE_TOP
 10
25.61531
 20
47.63677
  0
VERTEX
 5
22A8
  8
PLACEMENT_OUTLINE_TOP
 10
20.48457
 20
47.63692
  0
SEQEND
  8
PLACEMENT_OUTLINE_TOP
  0
POLYLINE
 5
22A9
  8
PLACEMENT_OUTLINE_TOP
 66
1
 70
1
 40
0.050000
 41
0.050000
  0
VERTEX
 5
22AA
  8
PLACEMENT_OUTLINE_TOP
 10
25.59031
 20
47.63677
 42
1.0
  0
VERTEX
 5
22AB
  8
PLACEMENT_OUTLINE_TOP
 10
25.64031
 20
47.63677
 42
1.0
  0
SEQEND
  8
PLACEMENT_OUTLINE_TOP
  0
POLYLINE
 5
22AC
  8
PLACEMENT_OUTLINE_TOP
 66
1
 70
1
 40
0.050000
 41
0.050000
  0
VERTEX
 5
22AD
  8
PLACEMENT_OUTLINE_TOP
 10
20.45957
 20
47.63692
 42
1.0
  0
VERTEX
 5
22AE
  8
PLACEMENT_OUTLINE_TOP
 10
20.50957
 20
47.63692
 42
1.0
  0
SEQEND
  8
PLACEMENT_OUTLINE_TOP
  0
POLYLINE
 5
22AF
  8
PLACEMENT_OUTLINE_TOP
 66
1
 40
0.100000
 41
0.100000
  0
VERTEX
 5
22B0
  8
PLACEMENT_OUTLINE_TOP
 10
20.48457
 20
47.63692
  0
VERTEX
 5
22B1
  8
PLACEMENT_OUTLINE_TOP
 10
20.48446
 20
45.50311
  0
SEQEND
  8
PLACEMENT_OUTLINE_TOP
  0
POLYLINE
 5
22B2
  8
PLACEMENT_OUTLINE_TOP
 66
1
 70
1
 40
0.050000
 41
0.050000
  0
VERTEX
 5
22B3
  8
PLACEMENT_OUTLINE_TOP
 10
20.45957
 20
47.63692
 42
1.0
  0
VERTEX
 5
22B4
  8
PLACEMENT_OUTLINE_TOP
 10
20.50957
 20
47.63692
 42
1.0
  0
SEQEND
  8
PLACEMENT_OUTLINE_TOP
  0
POLYLINE
 5
22B5
  8
PLACEMENT_OUTLINE_TOP
 66
1
 70
1
 40
0.050000
 41
0.050000
  0
VERTEX
 5
22B6
  8
PLACEMENT_OUTLINE_TOP
 10
20.45946
 20
45.50311
 42
1.0
  0
VERTEX
 5
22B7
  8
PLACEMENT_OUTLINE_TOP
 10
20.50946
 20
45.50311
 42
1.0
  0
SEQEND
  8
PLACEMENT_OUTLINE_TOP
  0
SOLID
 5
22B8
  8
PADLAYER_TOP
 10
24.05330
 20
47.45891
 11
24.05330
 21
45.68091
 12
25.45030
 22
47.45891
 13
25.45030
 23
45.68091
  0
SOLID
 5
22B9
  8
PADLAYER_TOP
 10
20.64970
 20
47.45909
 11
20.64970
 21
45.68109
 12
22.04670
 22
47.45909
 13
22.04670
 23
45.68109
  0
POLYLINE
 5
22BA
  8
LAYNR1
 66
1
 40
0.203200
 41
0.203200
  0
VERTEX
 5
22BB
  8
LAYNR1
 10
23.04986
 20
63.07000
  0
VERTEX
 5
22BC
  8
LAYNR1
 10
23.04983
 20
64.47000
  0
SEQEND
  8
LAYNR1
  0
POLYLINE
 5
22BD
  8
LAYNR1
 66
1
 70
1
 40
0.101600
 41
0.101600
  0
VERTEX
 5
22BE
  8
LAYNR1
 10
22.99906
 20
63.07000
 42
1.0
  0
VERTEX
 5
22BF
  8
LAYNR1
 10
23.10066
 20
63.07000
 42
1.0
  0
SEQEND
  8
LAYNR1
  0
POLYLINE
 5
22C0
  8
LAYNR1
 66
1
 70
1
 40
0.101600
 41
0.101600
  0
VERTEX
 5
22C1
  8
LAYNR1
 10
22.99903
 20
64.47000
 42
1.0
  0
VERTEX
 5
22C2
  8
LAYNR1
 10
23.10063
 20
64.47000
 42
1.0
  0
SEQEND
  8
LAYNR1
  0
POLYLINE
 5
22C3
  8
PLACEMENT_OUTLINE_TOP
 66
1
 40
0.100000
 41
0.100000
  0
VERTEX
 5
22C4
  8
PLACEMENT_OUTLINE_TOP
 10
20.48446
 20
62.70311
  0
VERTEX
 5
22C5
  8
PLACEMENT_OUTLINE_TOP
 10
25.61531
 20
62.70330
  0
SEQEND
  8
PLACEMENT_OUTLINE_TOP
  0
POLYLINE
 5
22C6
  8
PLACEMENT_OUTLINE_TOP
 66
1
 70
1
 40
0.050000
 41
0.050000
  0
VERTEX
 5
22C7
  8
PLACEMENT_OUTLINE_TOP
 10
20.45946
 20
62.70311
 42
1.0
  0
VERTEX
 5
22C8
  8
PLACEMENT_OUTLINE_TOP
 10
20.50946
 20
62.70311
 42
1.0
  0
SEQEND
  8
PLACEMENT_OUTLINE_TOP
  0
POLYLINE
 5
22C9
  8
PLACEMENT_OUTLINE_TOP
 66
1
 70
1
 40
0.050000
 41
0.050000
  0
VERTEX
 5
22CA
  8
PLACEMENT_OUTLINE_TOP
 10
25.59031
 20
62.70330
 42
1.0
  0
VERTEX
 5
22CB
  8
PLACEMENT_OUTLINE_TOP
 10
25.64031
 20
62.70330
 42
1.0
  0
SEQEND
  8
PLACEMENT_OUTLINE_TOP
  0
POLYLINE
 5
22CC
  8
PLACEMENT_OUTLINE_TOP
 66
1
 40
0.100000
 41
0.100000
  0
VERTEX
 5
22CD
  8
PLACEMENT_OUTLINE_TOP
 10
25.61531
 20
62.70330
  0
VERTEX
 5
22CE
  8
PLACEMENT_OUTLINE_TOP
 10
25.61531
 20
64.83677
  0
SEQEND
  8
PLACEMENT_OUTLINE_TOP
  0
POLYLINE
 5
22CF
  8
PLACEMENT_OUTLINE_TOP
 66
1
 70
1
 40
0.050000
 41
0.050000
  0
VERTEX
 5
22D0
  8
PLACEMENT_OUTLINE_TOP
 10
25.59031
 20
62.70330
 42
1.0
  0
VERTEX
 5
22D1
  8
PLACEMENT_OUTLINE_TOP
 10
25.64031
 20
62.70330
 42
1.0
  0
SEQEND
  8
PLACEMENT_OUTLINE_TOP
  0
POLYLINE
 5
22D2
  8
PLACEMENT_OUTLINE_TOP
 66
1
 70
1
 40
0.050000
 41
0.050000
  0
VERTEX
 5
22D3
  8
PLACEMENT_OUTLINE_TOP
 10
25.59031
 20
64.83677
 42
1.0
  0
VERTEX
 5
22D4
  8
PLACEMENT_OUTLINE_TOP
 10
25.64031
 20
64.83677
 42
1.0
  0
SEQEND
  8
PLACEMENT_OUTLINE_TOP
  0
POLYLINE
 5
22D5
  8
PLACEMENT_OUTLINE_TOP
 66
1
 40
0.100000
 41
0.100000
  0
VERTEX
 5
22D6
  8
PLACEMENT_OUTLINE_TOP
 10
25.61531
 20
64.83677
  0
VERTEX
 5
22D7
  8
PLACEMENT_OUTLINE_TOP
 10
20.48457
 20
64.83692
  0
SEQEND
  8
PLACEMENT_OUTLINE_TOP
  0
POLYLINE
 5
22D8
  8
PLACEMENT_OUTLINE_TOP
 66
1
 70
1
 40
0.050000
 41
0.050000
  0
VERTEX
 5
22D9
  8
PLACEMENT_OUTLINE_TOP
 10
25.59031
 20
64.83677
 42
1.0
  0
VERTEX
 5
22DA
  8
PLACEMENT_OUTLINE_TOP
 10
25.64031
 20
64.83677
 42
1.0
  0
SEQEND
  8
PLACEMENT_OUTLINE_TOP
  0
POLYLINE
 5
22DB
  8
PLACEMENT_OUTLINE_TOP
 66
1
 70
1
 40
0.050000
 41
0.050000
  0
VERTEX
 5
22DC
  8
PLACEMENT_OUTLINE_TOP
 10
20.45957
 20
64.83692
 42
1.0
  0
VERTEX
 5
22DD
  8
PLACEMENT_OUTLINE_TOP
 10
20.50957
 20
64.83692
 42
1.0
  0
SEQEND
  8
PLACEMENT_OUTLINE_TOP
  0
POLYLINE
 5
22DE
  8
PLACEMENT_OUTLINE_TOP
 66
1
 40
0.100000
 41
0.100000
  0
VERTEX
 5
22DF
  8
PLACEMENT_OUTLINE_TOP
 10
20.48457
 20
64.83692
  0
VERTEX
 5
22E0
  8
PLACEMENT_OUTLINE_TOP
 10
20.48446
 20
62.70311
  0
SEQEND
  8
PLACEMENT_OUTLINE_TOP
  0
POLYLINE
 5
22E1
  8
PLACEMENT_OUTLINE_TOP
 66
1
 70
1
 40
0.050000
 41
0.050000
  0
VERTEX
 5
22E2
  8
PLACEMENT_OUTLINE_TOP
 10
20.45957
 20
64.83692
 42
1.0
  0
VERTEX
 5
22E3
  8
PLACEMENT_OUTLINE_TOP
 10
20.50957
 20
64.83692
 42
1.0
  0
SEQEND
  8
PLACEMENT_OUTLINE_TOP
  0
POLYLINE
 5
22E4
  8
PLACEMENT_OUTLINE_TOP
 66
1
 70
1
 40
0.050000
 41
0.050000
  0
VERTEX
 5
22E5
  8
PLACEMENT_OUTLINE_TOP
 10
20.45946
 20
62.70311
 42
1.0
  0
VERTEX
 5
22E6
  8
PLACEMENT_OUTLINE_TOP
 10
20.50946
 20
62.70311
 42
1.0
  0
SEQEND
  8
PLACEMENT_OUTLINE_TOP
  0
SOLID
 5
22E7
  8
PADLAYER_TOP
 10
24.05330
 20
64.65891
 11
24.05330
 21
62.88091
 12
25.45030
 22
64.65891
 13
25.45030
 23
62.88091
  0
SOLID
 5
22E8
  8
PADLAYER_TOP
 10
20.64970
 20
64.65909
 11
20.64970
 21
62.88109
 12
22.04670
 22
64.65909
 13
22.04670
 23
62.88109
  0
POLYLINE
 5
22E9
  8
2DLINES_1
 66
1
 40
0.200000
 41
0.200000
  0
VERTEX
 5
22EA
  8
2DLINES_1
 10
18.32000
 20
59.67000
  0
VERTEX
 5
22EB
  8
2DLINES_1
 10
25.72000
 20
59.67000
  0
SEQEND
  8
2DLINES_1
  0
POLYLINE
 5
22EC
  8
2DLINES_1
 66
1
 70
1
 40
0.100000
 41
0.100000
  0
VERTEX
 5
22ED
  8
2DLINES_1
 10
18.27000
 20
59.67000
 42
1.0
  0
VERTEX
 5
22EE
  8
2DLINES_1
 10
18.37000
 20
59.67000
 42
1.0
  0
SEQEND
  8
2DLINES_1
  0
POLYLINE
 5
22EF
  8
2DLINES_1
 66
1
 70
1
 40
0.100000
 41
0.100000
  0
VERTEX
 5
22F0
  8
2DLINES_1
 10
25.67000
 20
59.67000
 42
1.0
  0
VERTEX
 5
22F1
  8
2DLINES_1
 10
25.77000
 20
59.67000
 42
1.0
  0
SEQEND
  8
2DLINES_1
  0
POLYLINE
 5
22F2
  8
2DLINES_1
 66
1
 40
0.200000
 41
0.200000
  0
VERTEX
 5
22F3
  8
2DLINES_1
 10
25.72000
 20
59.67000
  0
VERTEX
 5
22F4
  8
2DLINES_1
 10
25.72000
 20
53.47000
  0
SEQEND
  8
2DLINES_1
  0
POLYLINE
 5
22F5
  8
2DLINES_1
 66
1
 70
1
 40
0.100000
 41
0.100000
  0
VERTEX
 5
22F6
  8
2DLINES_1
 10
25.67000
 20
59.67000
 42
1.0
  0
VERTEX
 5
22F7
  8
2DLINES_1
 10
25.77000
 20
59.67000
 42
1.0
  0
SEQEND
  8
2DLINES_1
  0
POLYLINE
 5
22F8
  8
2DLINES_1
 66
1
 70
1
 40
0.100000
 41
0.100000
  0
VERTEX
 5
22F9
  8
2DLINES_1
 10
25.67000
 20
53.47000
 42
1.0
  0
VERTEX
 5
22FA
  8
2DLINES_1
 10
25.77000
 20
53.47000
 42
1.0
  0
SEQEND
  8
2DLINES_1
  0
POLYLINE
 5
22FB
  8
2DLINES_1
 66
1
 40
0.200000
 41
0.200000
  0
VERTEX
 5
22FC
  8
2DLINES_1
 10
25.72000
 20
53.47000
  0
VERTEX
 5
22FD
  8
2DLINES_1
 10
18.32000
 20
53.47000
  0
SEQEND
  8
2DLINES_1
  0
POLYLINE
 5
22FE
  8
2DLINES_1
 66
1
 70
1
 40
0.100000
 41
0.100000
  0
VERTEX
 5
22FF
  8
2DLINES_1
 10
25.67000
 20
53.47000
 42
1.0
  0
VERTEX
 5
2300
  8
2DLINES_1
 10
25.77000
 20
53.47000
 42
1.0
  0
SEQEND
  8
2DLINES_1
  0
POLYLINE
 5
2301
  8
2DLINES_1
 66
1
 70
1
 40
0.100000
 41
0.100000
  0
VERTEX
 5
2302
  8
2DLINES_1
 10
18.27000
 20
53.47000
 42
1.0
  0
VERTEX
 5
2303
  8
2DLINES_1
 10
18.37000
 20
53.47000
 42
1.0
  0
SEQEND
  8
2DLINES_1
  0
POLYLINE
 5
2304
  8
2DLINES_1
 66
1
 40
0.200000
 41
0.200000
  0
VERTEX
 5
2305
  8
2DLINES_1
 10
18.32000
 20
53.47000
  0
VERTEX
 5
2306
  8
2DLINES_1
 10
18.32000
 20
59.67000
  0
SEQEND
  8
2DLINES_1
  0
POLYLINE
 5
2307
  8
2DLINES_1
 66
1
 70
1
 40
0.100000
 41
0.100000
  0
VERTEX
 5
2308
  8
2DLINES_1
 10
18.27000
 20
53.47000
 42
1.0
  0
VERTEX
 5
2309
  8
2DLINES_1
 10
18.37000
 20
53.47000
 42
1.0
  0
SEQEND
  8
2DLINES_1
  0
POLYLINE
 5
230A
  8
2DLINES_1
 66
1
 70
1
 40
0.100000
 41
0.100000
  0
VERTEX
 5
230B
  8
2DLINES_1
 10
18.27000
 20
59.67000
 42
1.0
  0
VERTEX
 5
230C
  8
2DLINES_1
 10
18.37000
 20
59.67000
 42
1.0
  0
SEQEND
  8
2DLINES_1
  0
POLYLINE
 5
230D
  8
2DLINES_1
 66
1
 40
0.200000
 41
0.200000
  0
VERTEX
 5
230E
  8
2DLINES_1
 10
19.14600
 20
59.22000
 42
1.000000
  0
VERTEX
 5
230F
  8
2DLINES_1
 10
19.49400
 20
59.22000
 42
1.000000
  0
VERTEX
 5
2310
  8
2DLINES_1
 10
19.14600
 20
59.22000
  0
SEQEND
  8
2DLINES_1
  0
POLYLINE
 5
2311
  8
PLACEMENT_OUTLINE_TOP
 66
1
 40
0.200000
 41
0.200000
  0
VERTEX
 5
2312
  8
PLACEMENT_OUTLINE_TOP
 10
18.32000
 20
59.67000
  0
VERTEX
 5
2313
  8
PLACEMENT_OUTLINE_TOP
 10
25.72000
 20
59.67000
  0
SEQEND
  8
PLACEMENT_OUTLINE_TOP
  0
POLYLINE
 5
2314
  8
PLACEMENT_OUTLINE_TOP
 66
1
 70
1
 40
0.100000
 41
0.100000
  0
VERTEX
 5
2315
  8
PLACEMENT_OUTLINE_TOP
 10
18.27000
 20
59.67000
 42
1.0
  0
VERTEX
 5
2316
  8
PLACEMENT_OUTLINE_TOP
 10
18.37000
 20
59.67000
 42
1.0
  0
SEQEND
  8
PLACEMENT_OUTLINE_TOP
  0
POLYLINE
 5
2317
  8
PLACEMENT_OUTLINE_TOP
 66
1
 70
1
 40
0.100000
 41
0.100000
  0
VERTEX
 5
2318
  8
PLACEMENT_OUTLINE_TOP
 10
25.67000
 20
59.67000
 42
1.0
  0
VERTEX
 5
2319
  8
PLACEMENT_OUTLINE_TOP
 10
25.77000
 20
59.67000
 42
1.0
  0
SEQEND
  8
PLACEMENT_OUTLINE_TOP
  0
POLYLINE
 5
231A
  8
PLACEMENT_OUTLINE_TOP
 66
1
 40
0.200000
 41
0.200000
  0
VERTEX
 5
231B
  8
PLACEMENT_OUTLINE_TOP
 10
25.72000
 20
59.67000
  0
VERTEX
 5
231C
  8
PLACEMENT_OUTLINE_TOP
 10
25.72000
 20
53.47000
  0
SEQEND
  8
PLACEMENT_OUTLINE_TOP
  0
POLYLINE
 5
231D
  8
PLACEMENT_OUTLINE_TOP
 66
1
 70
1
 40
0.100000
 41
0.100000
  0
VERTEX
 5
231E
  8
PLACEMENT_OUTLINE_TOP
 10
25.67000
 20
59.67000
 42
1.0
  0
VERTEX
 5
231F
  8
PLACEMENT_OUTLINE_TOP
 10
25.77000
 20
59.67000
 42
1.0
  0
SEQEND
  8
PLACEMENT_OUTLINE_TOP
  0
POLYLINE
 5
2320
  8
PLACEMENT_OUTLINE_TOP
 66
1
 70
1
 40
0.100000
 41
0.100000
  0
VERTEX
 5
2321
  8
PLACEMENT_OUTLINE_TOP
 10
25.67000
 20
53.47000
 42
1.0
  0
VERTEX
 5
2322
  8
PLACEMENT_OUTLINE_TOP
 10
25.77000
 20
53.47000
 42
1.0
  0
SEQEND
  8
PLACEMENT_OUTLINE_TOP
  0
POLYLINE
 5
2323
  8
PLACEMENT_OUTLINE_TOP
 66
1
 40
0.200000
 41
0.200000
  0
VERTEX
 5
2324
  8
PLACEMENT_OUTLINE_TOP
 10
25.72000
 20
53.47000
  0
VERTEX
 5
2325
  8
PLACEMENT_OUTLINE_TOP
 10
18.32000
 20
53.47000
  0
SEQEND
  8
PLACEMENT_OUTLINE_TOP
  0
POLYLINE
 5
2326
  8
PLACEMENT_OUTLINE_TOP
 66
1
 70
1
 40
0.100000
 41
0.100000
  0
VERTEX
 5
2327
  8
PLACEMENT_OUTLINE_TOP
 10
25.67000
 20
53.47000
 42
1.0
  0
VERTEX
 5
2328
  8
PLACEMENT_OUTLINE_TOP
 10
25.77000
 20
53.47000
 42
1.0
  0
SEQEND
  8
PLACEMENT_OUTLINE_TOP
  0
POLYLINE
 5
2329
  8
PLACEMENT_OUTLINE_TOP
 66
1
 70
1
 40
0.100000
 41
0.100000
  0
VERTEX
 5
232A
  8
PLACEMENT_OUTLINE_TOP
 10
18.27000
 20
53.47000
 42
1.0
  0
VERTEX
 5
232B
  8
PLACEMENT_OUTLINE_TOP
 10
18.37000
 20
53.47000
 42
1.0
  0
SEQEND
  8
PLACEMENT_OUTLINE_TOP
  0
POLYLINE
 5
232C
  8
PLACEMENT_OUTLINE_TOP
 66
1
 40
0.200000
 41
0.200000
  0
VERTEX
 5
232D
  8
PLACEMENT_OUTLINE_TOP
 10
18.32000
 20
53.47000
  0
VERTEX
 5
232E
  8
PLACEMENT_OUTLINE_TOP
 10
18.32000
 20
59.67000
  0
SEQEND
  8
PLACEMENT_OUTLINE_TOP
  0
POLYLINE
 5
232F
  8
PLACEMENT_OUTLINE_TOP
 66
1
 70
1
 40
0.100000
 41
0.100000
  0
VERTEX
 5
2330
  8
PLACEMENT_OUTLINE_TOP
 10
18.27000
 20
53.47000
 42
1.0
  0
VERTEX
 5
2331
  8
PLACEMENT_OUTLINE_TOP
 10
18.37000
 20
53.47000
 42
1.0
  0
SEQEND
  8
PLACEMENT_OUTLINE_TOP
  0
POLYLINE
 5
2332
  8
PLACEMENT_OUTLINE_TOP
 66
1
 70
1
 40
0.100000
 41
0.100000
  0
VERTEX
 5
2333
  8
PLACEMENT_OUTLINE_TOP
 10
18.27000
 20
59.67000
 42
1.0
  0
VERTEX
 5
2334
  8
PLACEMENT_OUTLINE_TOP
 10
18.37000
 20
59.67000
 42
1.0
  0
SEQEND
  8
PLACEMENT_OUTLINE_TOP
  0
POLYLINE
 5
2335
  8
PLACEMENT_OUTLINE_TOP
 66
1
 40
0.200000
 41
0.200000
  0
VERTEX
 5
2336
  8
PLACEMENT_OUTLINE_TOP
 10
19.14600
 20
59.22000
 42
1.000000
  0
VERTEX
 5
2337
  8
PLACEMENT_OUTLINE_TOP
 10
19.49400
 20
59.22000
 42
1.000000
  0
VERTEX
 5
2338
  8
PLACEMENT_OUTLINE_TOP
 10
19.14600
 20
59.22000
  0
SEQEND
  8
PLACEMENT_OUTLINE_TOP
  0
SOLID
 5
2339
  8
PADLAYER_TOP
 10
18.54500
 20
58.22000
 11
20.09500
 21
58.22000
 12
18.54500
 22
58.82000
 13
20.09500
 23
58.82000
  0
SOLID
 5
233A
  8
PADLAYER_TOP
 10
18.54500
 20
56.92000
 11
20.09500
 21
56.92000
 12
18.54500
 22
57.52000
 13
20.09500
 23
57.52000
  0
SOLID
 5
233B
  8
PADLAYER_TOP
 10
18.54500
 20
55.62000
 11
20.09500
 21
55.62000
 12
18.54500
 22
56.22000
 13
20.09500
 23
56.22000
  0
SOLID
 5
233C
  8
PADLAYER_TOP
 10
18.54500
 20
54.32000
 11
20.09500
 21
54.32000
 12
18.54500
 22
54.92000
 13
20.09500
 23
54.92000
  0
SOLID
 5
233D
  8
PADLAYER_TOP
 10
23.94500
 20
54.32000
 11
25.49500
 21
54.32000
 12
23.94500
 22
54.92000
 13
25.49500
 23
54.92000
  0
SOLID
 5
233E
  8
PADLAYER_TOP
 10
23.94500
 20
55.62000
 11
25.49500
 21
55.62000
 12
23.94500
 22
56.22000
 13
25.49500
 23
56.22000
  0
SOLID
 5
233F
  8
PADLAYER_TOP
 10
23.94500
 20
56.92000
 11
25.49500
 21
56.92000
 12
23.94500
 22
57.52000
 13
25.49500
 23
57.52000
  0
SOLID
 5
2340
  8
PADLAYER_TOP
 10
23.94500
 20
58.22000
 11
25.49500
 21
58.22000
 12
23.94500
 22
58.82000
 13
25.49500
 23
58.82000
  0
SOLID
 5
2341
  8
PADLAYER_TOP
 10
23.32000
 20
55.02000
 11
23.32000
 21
58.12000
 12
20.72000
 22
55.02000
 13
20.72000
 23
58.12000
  0
POLYLINE
 5
2342
  8
2DLINES_1
 66
1
 40
0.152400
 41
0.152400
  0
VERTEX
 5
2343
  8
2DLINES_1
 10
37.47000
 20
57.68000
  0
VERTEX
 5
2344
  8
2DLINES_1
 10
37.47000
 20
46.18000
  0
SEQEND
  8
2DLINES_1
  0
POLYLINE
 5
2345
  8
2DLINES_1
 66
1
 70
1
 40
0.076200
 41
0.076200
  0
VERTEX
 5
2346
  8
2DLINES_1
 10
37.43190
 20
57.68000
 42
1.0
  0
VERTEX
 5
2347
  8
2DLINES_1
 10
37.50810
 20
57.68000
 42
1.0
  0
SEQEND
  8
2DLINES_1
  0
POLYLINE
 5
2348
  8
2DLINES_1
 66
1
 70
1
 40
0.076200
 41
0.076200
  0
VERTEX
 5
2349
  8
2DLINES_1
 10
37.43190
 20
46.18000
 42
1.0
  0
VERTEX
 5
234A
  8
2DLINES_1
 10
37.50810
 20
46.18000
 42
1.0
  0
SEQEND
  8
2DLINES_1
  0
POLYLINE
 5
234B
  8
2DLINES_1
 66
1
 40
0.152400
 41
0.152400
  0
VERTEX
 5
234C
  8
2DLINES_1
 10
37.47000
 20
46.18000
  0
VERTEX
 5
234D
  8
2DLINES_1
 10
26.97000
 20
46.18000
  0
SEQEND
  8
2DLINES_1
  0
POLYLINE
 5
234E
  8
2DLINES_1
 66
1
 70
1
 40
0.076200
 41
0.076200
  0
VERTEX
 5
234F
  8
2DLINES_1
 10
37.43190
 20
46.18000
 42
1.0
  0
VERTEX
 5
2350
  8
2DLINES_1
 10
37.50810
 20
46.18000
 42
1.0
  0
SEQEND
  8
2DLINES_1
  0
POLYLINE
 5
2351
  8
2DLINES_1
 66
1
 70
1
 40
0.076200
 41
0.076200
  0
VERTEX
 5
2352
  8
2DLINES_1
 10
26.93190
 20
46.18000
 42
1.0
  0
VERTEX
 5
2353
  8
2DLINES_1
 10
27.00810
 20
46.18000
 42
1.0
  0
SEQEND
  8
2DLINES_1
  0
POLYLINE
 5
2354
  8
2DLINES_1
 66
1
 40
0.152400
 41
0.152400
  0
VERTEX
 5
2355
  8
2DLINES_1
 10
26.97000
 20
46.18000
  0
VERTEX
 5
2356
  8
2DLINES_1
 10
26.97000
 20
57.68000
  0
SEQEND
  8
2DLINES_1
  0
POLYLINE
 5
2357
  8
2DLINES_1
 66
1
 70
1
 40
0.076200
 41
0.076200
  0
VERTEX
 5
2358
  8
2DLINES_1
 10
26.93190
 20
46.18000
 42
1.0
  0
VERTEX
 5
2359
  8
2DLINES_1
 10
27.00810
 20
46.18000
 42
1.0
  0
SEQEND
  8
2DLINES_1
  0
POLYLINE
 5
235A
  8
2DLINES_1
 66
1
 70
1
 40
0.076200
 41
0.076200
  0
VERTEX
 5
235B
  8
2DLINES_1
 10
26.93190
 20
57.68000
 42
1.0
  0
VERTEX
 5
235C
  8
2DLINES_1
 10
27.00810
 20
57.68000
 42
1.0
  0
SEQEND
  8
2DLINES_1
  0
POLYLINE
 5
235D
  8
2DLINES_1
 66
1
 40
0.152400
 41
0.152400
  0
VERTEX
 5
235E
  8
2DLINES_1
 10
26.97000
 20
57.68000
  0
VERTEX
 5
235F
  8
2DLINES_1
 10
37.47000
 20
57.68000
  0
SEQEND
  8
2DLINES_1
  0
POLYLINE
 5
2360
  8
2DLINES_1
 66
1
 70
1
 40
0.076200
 41
0.076200
  0
VERTEX
 5
2361
  8
2DLINES_1
 10
26.93190
 20
57.68000
 42
1.0
  0
VERTEX
 5
2362
  8
2DLINES_1
 10
27.00810
 20
57.68000
 42
1.0
  0
SEQEND
  8
2DLINES_1
  0
POLYLINE
 5
2363
  8
2DLINES_1
 66
1
 70
1
 40
0.076200
 41
0.076200
  0
VERTEX
 5
2364
  8
2DLINES_1
 10
37.43190
 20
57.68000
 42
1.0
  0
VERTEX
 5
2365
  8
2DLINES_1
 10
37.50810
 20
57.68000
 42
1.0
  0
SEQEND
  8
2DLINES_1
  0
POLYLINE
 5
2366
  8
PLACEMENT_OUTLINE_TOP
 66
1
 40
0.152400
 41
0.152400
  0
VERTEX
 5
2367
  8
PLACEMENT_OUTLINE_TOP
 10
37.47000
 20
57.68000
  0
VERTEX
 5
2368
  8
PLACEMENT_OUTLINE_TOP
 10
37.47000
 20
46.18000
  0
SEQEND
  8
PLACEMENT_OUTLINE_TOP
  0
POLYLINE
 5
2369
  8
PLACEMENT_OUTLINE_TOP
 66
1
 70
1
 40
0.076200
 41
0.076200
  0
VERTEX
 5
236A
  8
PLACEMENT_OUTLINE_TOP
 10
37.43190
 20
57.68000
 42
1.0
  0
VERTEX
 5
236B
  8
PLACEMENT_OUTLINE_TOP
 10
37.50810
 20
57.68000
 42
1.0
  0
SEQEND
  8
PLACEMENT_OUTLINE_TOP
  0
POLYLINE
 5
236C
  8
PLACEMENT_OUTLINE_TOP
 66
1
 70
1
 40
0.076200
 41
0.076200
  0
VERTEX
 5
236D
  8
PLACEMENT_OUTLINE_TOP
 10
37.43190
 20
46.18000
 42
1.0
  0
VERTEX
 5
236E
  8
PLACEMENT_OUTLINE_TOP
 10
37.50810
 20
46.18000
 42
1.0
  0
SEQEND
  8
PLACEMENT_OUTLINE_TOP
  0
POLYLINE
 5
236F
  8
PLACEMENT_OUTLINE_TOP
 66
1
 40
0.152400
 41
0.152400
  0
VERTEX
 5
2370
  8
PLACEMENT_OUTLINE_TOP
 10
37.47000
 20
46.18000
  0
VERTEX
 5
2371
  8
PLACEMENT_OUTLINE_TOP
 10
26.97000
 20
46.18000
  0
SEQEND
  8
PLACEMENT_OUTLINE_TOP
  0
POLYLINE
 5
2372
  8
PLACEMENT_OUTLINE_TOP
 66
1
 70
1
 40
0.076200
 41
0.076200
  0
VERTEX
 5
2373
  8
PLACEMENT_OUTLINE_TOP
 10
37.43190
 20
46.18000
 42
1.0
  0
VERTEX
 5
2374
  8
PLACEMENT_OUTLINE_TOP
 10
37.50810
 20
46.18000
 42
1.0
  0
SEQEND
  8
PLACEMENT_OUTLINE_TOP
  0
POLYLINE
 5
2375
  8
PLACEMENT_OUTLINE_TOP
 66
1
 70
1
 40
0.076200
 41
0.076200
  0
VERTEX
 5
2376
  8
PLACEMENT_OUTLINE_TOP
 10
26.93190
 20
46.18000
 42
1.0
  0
VERTEX
 5
2377
  8
PLACEMENT_OUTLINE_TOP
 10
27.00810
 20
46.18000
 42
1.0
  0
SEQEND
  8
PLACEMENT_OUTLINE_TOP
  0
POLYLINE
 5
2378
  8
PLACEMENT_OUTLINE_TOP
 66
1
 40
0.152400
 41
0.152400
  0
VERTEX
 5
2379
  8
PLACEMENT_OUTLINE_TOP
 10
26.97000
 20
46.18000
  0
VERTEX
 5
237A
  8
PLACEMENT_OUTLINE_TOP
 10
26.97000
 20
57.68000
  0
SEQEND
  8
PLACEMENT_OUTLINE_TOP
  0
POLYLINE
 5
237B
  8
PLACEMENT_OUTLINE_TOP
 66
1
 70
1
 40
0.076200
 41
0.076200
  0
VERTEX
 5
237C
  8
PLACEMENT_OUTLINE_TOP
 10
26.93190
 20
46.18000
 42
1.0
  0
VERTEX
 5
237D
  8
PLACEMENT_OUTLINE_TOP
 10
27.00810
 20
46.18000
 42
1.0
  0
SEQEND
  8
PLACEMENT_OUTLINE_TOP
  0
POLYLINE
 5
237E
  8
PLACEMENT_OUTLINE_TOP
 66
1
 70
1
 40
0.076200
 41
0.076200
  0
VERTEX
 5
237F
  8
PLACEMENT_OUTLINE_TOP
 10
26.93190
 20
57.68000
 42
1.0
  0
VERTEX
 5
2380
  8
PLACEMENT_OUTLINE_TOP
 10
27.00810
 20
57.68000
 42
1.0
  0
SEQEND
  8
PLACEMENT_OUTLINE_TOP
  0
POLYLINE
 5
2381
  8
PLACEMENT_OUTLINE_TOP
 66
1
 40
0.152400
 41
0.152400
  0
VERTEX
 5
2382
  8
PLACEMENT_OUTLINE_TOP
 10
26.97000
 20
57.68000
  0
VERTEX
 5
2383
  8
PLACEMENT_OUTLINE_TOP
 10
37.47000
 20
57.68000
  0
SEQEND
  8
PLACEMENT_OUTLINE_TOP
  0
POLYLINE
 5
2384
  8
PLACEMENT_OUTLINE_TOP
 66
1
 70
1
 40
0.076200
 41
0.076200
  0
VERTEX
 5
2385
  8
PLACEMENT_OUTLINE_TOP
 10
26.93190
 20
57.68000
 42
1.0
  0
VERTEX
 5
2386
  8
PLACEMENT_OUTLINE_TOP
 10
27.00810
 20
57.68000
 42
1.0
  0
SEQEND
  8
PLACEMENT_OUTLINE_TOP
  0
POLYLINE
 5
2387
  8
PLACEMENT_OUTLINE_TOP
 66
1
 70
1
 40
0.076200
 41
0.076200
  0
VERTEX
 5
2388
  8
PLACEMENT_OUTLINE_TOP
 10
37.43190
 20
57.68000
 42
1.0
  0
VERTEX
 5
2389
  8
PLACEMENT_OUTLINE_TOP
 10
37.50810
 20
57.68000
 42
1.0
  0
SEQEND
  8
PLACEMENT_OUTLINE_TOP
  0
SOLID
 5
238A
  8
PADLAYER_TOP
 10
30.22000
 20
54.93000
 11
34.22000
 21
54.93000
 12
30.22000
 22
58.43000
 13
34.22000
 23
58.43000
  0
SOLID
 5
238B
  8
PADLAYER_TOP
 10
30.22000
 20
45.43000
 11
34.22000
 21
45.43000
 12
30.22000
 22
48.93000
 13
34.22000
 23
48.93000
  0
POLYLINE
 5
238C
  8
LAYNR1
 66
1
 40
0.203200
 41
0.203200
  0
VERTEX
 5
238D
  8
LAYNR1
 10
23.05000
 20
68.82000
  0
VERTEX
 5
238E
  8
LAYNR1
 10
23.05000
 20
68.12000
  0
SEQEND
  8
LAYNR1
  0
POLYLINE
 5
238F
  8
LAYNR1
 66
1
 70
1
 40
0.101600
 41
0.101600
  0
VERTEX
 5
2390
  8
LAYNR1
 10
22.99920
 20
68.82000
 42
1.0
  0
VERTEX
 5
2391
  8
LAYNR1
 10
23.10080
 20
68.82000
 42
1.0
  0
SEQEND
  8
LAYNR1
  0
POLYLINE
 5
2392
  8
LAYNR1
 66
1
 70
1
 40
0.101600
 41
0.101600
  0
VERTEX
 5
2393
  8
LAYNR1
 10
22.99920
 20
68.12000
 42
1.0
  0
VERTEX
 5
2394
  8
LAYNR1
 10
23.10080
 20
68.12000
 42
1.0
  0
SEQEND
  8
LAYNR1
  0
POLYLINE
 5
2395
  8
PLACEMENT_OUTLINE_TOP
 66
1
 40
0.100000
 41
0.100000
  0
VERTEX
 5
2396
  8
PLACEMENT_OUTLINE_TOP
 10
24.44700
 20
69.10500
  0
VERTEX
 5
2397
  8
PLACEMENT_OUTLINE_TOP
 10
21.65300
 20
69.10500
  0
SEQEND
  8
PLACEMENT_OUTLINE_TOP
  0
POLYLINE
 5
2398
  8
PLACEMENT_OUTLINE_TOP
 66
1
 70
1
 40
0.050000
 41
0.050000
  0
VERTEX
 5
2399
  8
PLACEMENT_OUTLINE_TOP
 10
24.42200
 20
69.10500
 42
1.0
  0
VERTEX
 5
239A
  8
PLACEMENT_OUTLINE_TOP
 10
24.47200
 20
69.10500
 42
1.0
  0
SEQEND
  8
PLACEMENT_OUTLINE_TOP
  0
POLYLINE
 5
239B
  8
PLACEMENT_OUTLINE_TOP
 66
1
 70
1
 40
0.050000
 41
0.050000
  0
VERTEX
 5
239C
  8
PLACEMENT_OUTLINE_TOP
 10
21.62800
 20
69.10500
 42
1.0
  0
VERTEX
 5
239D
  8
PLACEMENT_OUTLINE_TOP
 10
21.67800
 20
69.10500
 42
1.0
  0
SEQEND
  8
PLACEMENT_OUTLINE_TOP
  0
POLYLINE
 5
239E
  8
PLACEMENT_OUTLINE_TOP
 66
1
 40
0.100000
 41
0.100000
  0
VERTEX
 5
239F
  8
PLACEMENT_OUTLINE_TOP
 10
21.65300
 20
69.10500
  0
VERTEX
 5
23A0
  8
PLACEMENT_OUTLINE_TOP
 10
21.65300
 20
67.83500
  0
SEQEND
  8
PLACEMENT_OUTLINE_TOP
  0
POLYLINE
 5
23A1
  8
PLACEMENT_OUTLINE_TOP
 66
1
 70
1
 40
0.050000
 41
0.050000
  0
VERTEX
 5
23A2
  8
PLACEMENT_OUTLINE_TOP
 10
21.62800
 20
69.10500
 42
1.0
  0
VERTEX
 5
23A3
  8
PLACEMENT_OUTLINE_TOP
 10
21.67800
 20
69.10500
 42
1.0
  0
SEQEND
  8
PLACEMENT_OUTLINE_TOP
  0
POLYLINE
 5
23A4
  8
PLACEMENT_OUTLINE_TOP
 66
1
 70
1
 40
0.050000
 41
0.050000
  0
VERTEX
 5
23A5
  8
PLACEMENT_OUTLINE_TOP
 10
21.62800
 20
67.83500
 42
1.0
  0
VERTEX
 5
23A6
  8
PLACEMENT_OUTLINE_TOP
 10
21.67800
 20
67.83500
 42
1.0
  0
SEQEND
  8
PLACEMENT_OUTLINE_TOP
  0
POLYLINE
 5
23A7
  8
PLACEMENT_OUTLINE_TOP
 66
1
 40
0.100000
 41
0.100000
  0
VERTEX
 5
23A8
  8
PLACEMENT_OUTLINE_TOP
 10
21.65300
 20
67.83500
  0
VERTEX
 5
23A9
  8
PLACEMENT_OUTLINE_TOP
 10
24.44700
 20
67.83500
  0
SEQEND
  8
PLACEMENT_OUTLINE_TOP
  0
POLYLINE
 5
23AA
  8
PLACEMENT_OUTLINE_TOP
 66
1
 70
1
 40
0.050000
 41
0.050000
  0
VERTEX
 5
23AB
  8
PLACEMENT_OUTLINE_TOP
 10
21.62800
 20
67.83500
 42
1.0
  0
VERTEX
 5
23AC
  8
PLACEMENT_OUTLINE_TOP
 10
21.67800
 20
67.83500
 42
1.0
  0
SEQEND
  8
PLACEMENT_OUTLINE_TOP
  0
POLYLINE
 5
23AD
  8
PLACEMENT_OUTLINE_TOP
 66
1
 70
1
 40
0.050000
 41
0.050000
  0
VERTEX
 5
23AE
  8
PLACEMENT_OUTLINE_TOP
 10
24.42200
 20
67.83500
 42
1.0
  0
VERTEX
 5
23AF
  8
PLACEMENT_OUTLINE_TOP
 10
24.47200
 20
67.83500
 42
1.0
  0
SEQEND
  8
PLACEMENT_OUTLINE_TOP
  0
POLYLINE
 5
23B0
  8
PLACEMENT_OUTLINE_TOP
 66
1
 40
0.100000
 41
0.100000
  0
VERTEX
 5
23B1
  8
PLACEMENT_OUTLINE_TOP
 10
24.44700
 20
67.83500
  0
VERTEX
 5
23B2
  8
PLACEMENT_OUTLINE_TOP
 10
24.44700
 20
69.10500
  0
SEQEND
  8
PLACEMENT_OUTLINE_TOP
  0
POLYLINE
 5
23B3
  8
PLACEMENT_OUTLINE_TOP
 66
1
 70
1
 40
0.050000
 41
0.050000
  0
VERTEX
 5
23B4
  8
PLACEMENT_OUTLINE_TOP
 10
24.42200
 20
67.83500
 42
1.0
  0
VERTEX
 5
23B5
  8
PLACEMENT_OUTLINE_TOP
 10
24.47200
 20
67.83500
 42
1.0
  0
SEQEND
  8
PLACEMENT_OUTLINE_TOP
  0
POLYLINE
 5
23B6
  8
PLACEMENT_OUTLINE_TOP
 66
1
 70
1
 40
0.050000
 41
0.050000
  0
VERTEX
 5
23B7
  8
PLACEMENT_OUTLINE_TOP
 10
24.42200
 20
69.10500
 42
1.0
  0
VERTEX
 5
23B8
  8
PLACEMENT_OUTLINE_TOP
 10
24.47200
 20
69.10500
 42
1.0
  0
SEQEND
  8
PLACEMENT_OUTLINE_TOP
  0
SOLID
 5
23B9
  8
PADLAYER_TOP
 10
21.83080
 20
68.01280
 11
22.74520
 21
68.01280
 12
21.83080
 22
68.92720
 13
22.74520
 23
68.92720
  0
SOLID
 5
23BA
  8
PADLAYER_TOP
 10
23.35480
 20
68.01280
 11
24.26920
 21
68.01280
 12
23.35480
 22
68.92720
 13
24.26920
 23
68.92720
  0
POLYLINE
 5
23BB
  8
LAYNR1
 66
1
 40
0.203200
 41
0.203200
  0
VERTEX
 5
23BC
  8
LAYNR1
 10
15.85000
 20
55.25000
  0
VERTEX
 5
23BD
  8
LAYNR1
 10
15.85000
 20
54.55000
  0
SEQEND
  8
LAYNR1
  0
POLYLINE
 5
23BE
  8
LAYNR1
 66
1
 70
1
 40
0.101600
 41
0.101600
  0
VERTEX
 5
23BF
  8
LAYNR1
 10
15.79920
 20
55.25000
 42
1.0
  0
VERTEX
 5
23C0
  8
LAYNR1
 10
15.90080
 20
55.25000
 42
1.0
  0
SEQEND
  8
LAYNR1
  0
POLYLINE
 5
23C1
  8
LAYNR1
 66
1
 70
1
 40
0.101600
 41
0.101600
  0
VERTEX
 5
23C2
  8
LAYNR1
 10
15.79920
 20
54.55000
 42
1.0
  0
VERTEX
 5
23C3
  8
LAYNR1
 10
15.90080
 20
54.55000
 42
1.0
  0
SEQEND
  8
LAYNR1
  0
POLYLINE
 5
23C4
  8
PLACEMENT_OUTLINE_TOP
 66
1
 40
0.100000
 41
0.100000
  0
VERTEX
 5
23C5
  8
PLACEMENT_OUTLINE_TOP
 10
17.24700
 20
55.53500
  0
VERTEX
 5
23C6
  8
PLACEMENT_OUTLINE_TOP
 10
14.45300
 20
55.53500
  0
SEQEND
  8
PLACEMENT_OUTLINE_TOP
  0
POLYLINE
 5
23C7
  8
PLACEMENT_OUTLINE_TOP
 66
1
 70
1
 40
0.050000
 41
0.050000
  0
VERTEX
 5
23C8
  8
PLACEMENT_OUTLINE_TOP
 10
17.22200
 20
55.53500
 42
1.0
  0
VERTEX
 5
23C9
  8
PLACEMENT_OUTLINE_TOP
 10
17.27200
 20
55.53500
 42
1.0
  0
SEQEND
  8
PLACEMENT_OUTLINE_TOP
  0
POLYLINE
 5
23CA
  8
PLACEMENT_OUTLINE_TOP
 66
1
 70
1
 40
0.050000
 41
0.050000
  0
VERTEX
 5
23CB
  8
PLACEMENT_OUTLINE_TOP
 10
14.42800
 20
55.53500
 42
1.0
  0
VERTEX
 5
23CC
  8
PLACEMENT_OUTLINE_TOP
 10
14.47800
 20
55.53500
 42
1.0
  0
SEQEND
  8
PLACEMENT_OUTLINE_TOP
  0
POLYLINE
 5
23CD
  8
PLACEMENT_OUTLINE_TOP
 66
1
 40
0.100000
 41
0.100000
  0
VERTEX
 5
23CE
  8
PLACEMENT_OUTLINE_TOP
 10
14.45300
 20
55.53500
  0
VERTEX
 5
23CF
  8
PLACEMENT_OUTLINE_TOP
 10
14.45300
 20
54.26500
  0
SEQEND
  8
PLACEMENT_OUTLINE_TOP
  0
POLYLINE
 5
23D0
  8
PLACEMENT_OUTLINE_TOP
 66
1
 70
1
 40
0.050000
 41
0.050000
  0
VERTEX
 5
23D1
  8
PLACEMENT_OUTLINE_TOP
 10
14.42800
 20
55.53500
 42
1.0
  0
VERTEX
 5
23D2
  8
PLACEMENT_OUTLINE_TOP
 10
14.47800
 20
55.53500
 42
1.0
  0
SEQEND
  8
PLACEMENT_OUTLINE_TOP
  0
POLYLINE
 5
23D3
  8
PLACEMENT_OUTLINE_TOP
 66
1
 70
1
 40
0.050000
 41
0.050000
  0
VERTEX
 5
23D4
  8
PLACEMENT_OUTLINE_TOP
 10
14.42800
 20
54.26500
 42
1.0
  0
VERTEX
 5
23D5
  8
PLACEMENT_OUTLINE_TOP
 10
14.47800
 20
54.26500
 42
1.0
  0
SEQEND
  8
PLACEMENT_OUTLINE_TOP
  0
POLYLINE
 5
23D6
  8
PLACEMENT_OUTLINE_TOP
 66
1
 40
0.100000
 41
0.100000
  0
VERTEX
 5
23D7
  8
PLACEMENT_OUTLINE_TOP
 10
14.45300
 20
54.26500
  0
VERTEX
 5
23D8
  8
PLACEMENT_OUTLINE_TOP
 10
17.24700
 20
54.26500
  0
SEQEND
  8
PLACEMENT_OUTLINE_TOP
  0
POLYLINE
 5
23D9
  8
PLACEMENT_OUTLINE_TOP
 66
1
 70
1
 40
0.050000
 41
0.050000
  0
VERTEX
 5
23DA
  8
PLACEMENT_OUTLINE_TOP
 10
14.42800
 20
54.26500
 42
1.0
  0
VERTEX
 5
23DB
  8
PLACEMENT_OUTLINE_TOP
 10
14.47800
 20
54.26500
 42
1.0
  0
SEQEND
  8
PLACEMENT_OUTLINE_TOP
  0
POLYLINE
 5
23DC
  8
PLACEMENT_OUTLINE_TOP
 66
1
 70
1
 40
0.050000
 41
0.050000
  0
VERTEX
 5
23DD
  8
PLACEMENT_OUTLINE_TOP
 10
17.22200
 20
54.26500
 42
1.0
  0
VERTEX
 5
23DE
  8
PLACEMENT_OUTLINE_TOP
 10
17.27200
 20
54.26500
 42
1.0
  0
SEQEND
  8
PLACEMENT_OUTLINE_TOP
  0
POLYLINE
 5
23DF
  8
PLACEMENT_OUTLINE_TOP
 66
1
 40
0.100000
 41
0.100000
  0
VERTEX
 5
23E0
  8
PLACEMENT_OUTLINE_TOP
 10
17.24700
 20
54.26500
  0
VERTEX
 5
23E1
  8
PLACEMENT_OUTLINE_TOP
 10
17.24700
 20
55.53500
  0
SEQEND
  8
PLACEMENT_OUTLINE_TOP
  0
POLYLINE
 5
23E2
  8
PLACEMENT_OUTLINE_TOP
 66
1
 70
1
 40
0.050000
 41
0.050000
  0
VERTEX
 5
23E3
  8
PLACEMENT_OUTLINE_TOP
 10
17.22200
 20
54.26500
 42
1.0
  0
VERTEX
 5
23E4
  8
PLACEMENT_OUTLINE_TOP
 10
17.27200
 20
54.26500
 42
1.0
  0
SEQEND
  8
PLACEMENT_OUTLINE_TOP
  0
POLYLINE
 5
23E5
  8
PLACEMENT_OUTLINE_TOP
 66
1
 70
1
 40
0.050000
 41
0.050000
  0
VERTEX
 5
23E6
  8
PLACEMENT_OUTLINE_TOP
 10
17.22200
 20
55.53500
 42
1.0
  0
VERTEX
 5
23E7
  8
PLACEMENT_OUTLINE_TOP
 10
17.27200
 20
55.53500
 42
1.0
  0
SEQEND
  8
PLACEMENT_OUTLINE_TOP
  0
SOLID
 5
23E8
  8
PADLAYER_TOP
 10
14.63080
 20
54.44280
 11
15.54520
 21
54.44280
 12
14.63080
 22
55.35720
 13
15.54520
 23
55.35720
  0
SOLID
 5
23E9
  8
PADLAYER_TOP
 10
16.15480
 20
54.44280
 11
17.06920
 21
54.44280
 12
16.15480
 22
55.35720
 13
17.06920
 23
55.35720
  0
POLYLINE
 5
23EA
  8
LAYNR1
 66
1
 40
0.203200
 41
0.203200
  0
VERTEX
 5
23EB
  8
LAYNR1
 10
28.13000
 20
59.41000
  0
VERTEX
 5
23EC
  8
LAYNR1
 10
28.13000
 20
60.11000
  0
SEQEND
  8
LAYNR1
  0
POLYLINE
 5
23ED
  8
LAYNR1
 66
1
 70
1
 40
0.101600
 41
0.101600
  0
VERTEX
 5
23EE
  8
LAYNR1
 10
28.07920
 20
59.41000
 42
1.0
  0
VERTEX
 5
23EF
  8
LAYNR1
 10
28.18080
 20
59.41000
 42
1.0
  0
SEQEND
  8
LAYNR1
  0
POLYLINE
 5
23F0
  8
LAYNR1
 66
1
 70
1
 40
0.101600
 41
0.101600
  0
VERTEX
 5
23F1
  8
LAYNR1
 10
28.07920
 20
60.11000
 42
1.0
  0
VERTEX
 5
23F2
  8
LAYNR1
 10
28.18080
 20
60.11000
 42
1.0
  0
SEQEND
  8
LAYNR1
  0
POLYLINE
 5
23F3
  8
PLACEMENT_OUTLINE_TOP
 66
1
 40
0.100000
 41
0.100000
  0
VERTEX
 5
23F4
  8
PLACEMENT_OUTLINE_TOP
 10
26.73300
 20
59.12500
  0
VERTEX
 5
23F5
  8
PLACEMENT_OUTLINE_TOP
 10
29.52700
 20
59.12500
  0
SEQEND
  8
PLACEMENT_OUTLINE_TOP
  0
POLYLINE
 5
23F6
  8
PLACEMENT_OUTLINE_TOP
 66
1
 70
1
 40
0.050000
 41
0.050000
  0
VERTEX
 5
23F7
  8
PLACEMENT_OUTLINE_TOP
 10
26.70800
 20
59.12500
 42
1.0
  0
VERTEX
 5
23F8
  8
PLACEMENT_OUTLINE_TOP
 10
26.75800
 20
59.12500
 42
1.0
  0
SEQEND
  8
PLACEMENT_OUTLINE_TOP
  0
POLYLINE
 5
23F9
  8
PLACEMENT_OUTLINE_TOP
 66
1
 70
1
 40
0.050000
 41
0.050000
  0
VERTEX
 5
23FA
  8
PLACEMENT_OUTLINE_TOP
 10
29.50200
 20
59.12500
 42
1.0
  0
VERTEX
 5
23FB
  8
PLACEMENT_OUTLINE_TOP
 10
29.55200
 20
59.12500
 42
1.0
  0
SEQEND
  8
PLACEMENT_OUTLINE_TOP
  0
POLYLINE
 5
23FC
  8
PLACEMENT_OUTLINE_TOP
 66
1
 40
0.100000
 41
0.100000
  0
VERTEX
 5
23FD
  8
PLACEMENT_OUTLINE_TOP
 10
29.52700
 20
59.12500
  0
VERTEX
 5
23FE
  8
PLACEMENT_OUTLINE_TOP
 10
29.52700
 20
60.39500
  0
SEQEND
  8
PLACEMENT_OUTLINE_TOP
  0
POLYLINE
 5
23FF
  8
PLACEMENT_OUTLINE_TOP
 66
1
 70
1
 40
0.050000
 41
0.050000
  0
VERTEX
 5
2400
  8
PLACEMENT_OUTLINE_TOP
 10
29.50200
 20
59.12500
 42
1.0
  0
VERTEX
 5
2401
  8
PLACEMENT_OUTLINE_TOP
 10
29.55200
 20
59.12500
 42
1.0
  0
SEQEND
  8
PLACEMENT_OUTLINE_TOP
  0
POLYLINE
 5
2402
  8
PLACEMENT_OUTLINE_TOP
 66
1
 70
1
 40
0.050000
 41
0.050000
  0
VERTEX
 5
2403
  8
PLACEMENT_OUTLINE_TOP
 10
29.50200
 20
60.39500
 42
1.0
  0
VERTEX
 5
2404
  8
PLACEMENT_OUTLINE_TOP
 10
29.55200
 20
60.39500
 42
1.0
  0
SEQEND
  8
PLACEMENT_OUTLINE_TOP
  0
POLYLINE
 5
2405
  8
PLACEMENT_OUTLINE_TOP
 66
1
 40
0.100000
 41
0.100000
  0
VERTEX
 5
2406
  8
PLACEMENT_OUTLINE_TOP
 10
29.52700
 20
60.39500
  0
VERTEX
 5
2407
  8
PLACEMENT_OUTLINE_TOP
 10
26.73300
 20
60.39500
  0
SEQEND
  8
PLACEMENT_OUTLINE_TOP
  0
POLYLINE
 5
2408
  8
PLACEMENT_OUTLINE_TOP
 66
1
 70
1
 40
0.050000
 41
0.050000
  0
VERTEX
 5
2409
  8
PLACEMENT_OUTLINE_TOP
 10
29.50200
 20
60.39500
 42
1.0
  0
VERTEX
 5
240A
  8
PLACEMENT_OUTLINE_TOP
 10
29.55200
 20
60.39500
 42
1.0
  0
SEQEND
  8
PLACEMENT_OUTLINE_TOP
  0
POLYLINE
 5
240B
  8
PLACEMENT_OUTLINE_TOP
 66
1
 70
1
 40
0.050000
 41
0.050000
  0
VERTEX
 5
240C
  8
PLACEMENT_OUTLINE_TOP
 10
26.70800
 20
60.39500
 42
1.0
  0
VERTEX
 5
240D
  8
PLACEMENT_OUTLINE_TOP
 10
26.75800
 20
60.39500
 42
1.0
  0
SEQEND
  8
PLACEMENT_OUTLINE_TOP
  0
POLYLINE
 5
240E
  8
PLACEMENT_OUTLINE_TOP
 66
1
 40
0.100000
 41
0.100000
  0
VERTEX
 5
240F
  8
PLACEMENT_OUTLINE_TOP
 10
26.73300
 20
60.39500
  0
VERTEX
 5
2410
  8
PLACEMENT_OUTLINE_TOP
 10
26.73300
 20
59.12500
  0
SEQEND
  8
PLACEMENT_OUTLINE_TOP
  0
POLYLINE
 5
2411
  8
PLACEMENT_OUTLINE_TOP
 66
1
 70
1
 40
0.050000
 41
0.050000
  0
VERTEX
 5
2412
  8
PLACEMENT_OUTLINE_TOP
 10
26.70800
 20
60.39500
 42
1.0
  0
VERTEX
 5
2413
  8
PLACEMENT_OUTLINE_TOP
 10
26.75800
 20
60.39500
 42
1.0
  0
SEQEND
  8
PLACEMENT_OUTLINE_TOP
  0
POLYLINE
 5
2414
  8
PLACEMENT_OUTLINE_TOP
 66
1
 70
1
 40
0.050000
 41
0.050000
  0
VERTEX
 5
2415
  8
PLACEMENT_OUTLINE_TOP
 10
26.70800
 20
59.12500
 42
1.0
  0
VERTEX
 5
2416
  8
PLACEMENT_OUTLINE_TOP
 10
26.75800
 20
59.12500
 42
1.0
  0
SEQEND
  8
PLACEMENT_OUTLINE_TOP
  0
SOLID
 5
2417
  8
PADLAYER_TOP
 10
29.34920
 20
60.21720
 11
28.43480
 21
60.21720
 12
29.34920
 22
59.30280
 13
28.43480
 23
59.30280
  0
SOLID
 5
2418
  8
PADLAYER_TOP
 10
27.82520
 20
60.21720
 11
26.91080
 21
60.21720
 12
27.82520
 22
59.30280
 13
26.91080
 23
59.30280
  0
POLYLINE
 5
2419
  8
LAYNR1
 66
1
 40
0.203200
 41
0.203200
  0
VERTEX
 5
241A
  8
LAYNR1
 10
15.85000
 20
53.75000
  0
VERTEX
 5
241B
  8
LAYNR1
 10
15.85000
 20
53.05000
  0
SEQEND
  8
LAYNR1
  0
POLYLINE
 5
241C
  8
LAYNR1
 66
1
 70
1
 40
0.101600
 41
0.101600
  0
VERTEX
 5
241D
  8
LAYNR1
 10
15.79920
 20
53.75000
 42
1.0
  0
VERTEX
 5
241E
  8
LAYNR1
 10
15.90080
 20
53.75000
 42
1.0
  0
SEQEND
  8
LAYNR1
  0
POLYLINE
 5
241F
  8
LAYNR1
 66
1
 70
1
 40
0.101600
 41
0.101600
  0
VERTEX
 5
2420
  8
LAYNR1
 10
15.79920
 20
53.05000
 42
1.0
  0
VERTEX
 5
2421
  8
LAYNR1
 10
15.90080
 20
53.05000
 42
1.0
  0
SEQEND
  8
LAYNR1
  0
POLYLINE
 5
2422
  8
PLACEMENT_OUTLINE_TOP
 66
1
 40
0.100000
 41
0.100000
  0
VERTEX
 5
2423
  8
PLACEMENT_OUTLINE_TOP
 10
17.24700
 20
54.03500
  0
VERTEX
 5
2424
  8
PLACEMENT_OUTLINE_TOP
 10
14.45300
 20
54.03500
  0
SEQEND
  8
PLACEMENT_OUTLINE_TOP
  0
POLYLINE
 5
2425
  8
PLACEMENT_OUTLINE_TOP
 66
1
 70
1
 40
0.050000
 41
0.050000
  0
VERTEX
 5
2426
  8
PLACEMENT_OUTLINE_TOP
 10
17.22200
 20
54.03500
 42
1.0
  0
VERTEX
 5
2427
  8
PLACEMENT_OUTLINE_TOP
 10
17.27200
 20
54.03500
 42
1.0
  0
SEQEND
  8
PLACEMENT_OUTLINE_TOP
  0
POLYLINE
 5
2428
  8
PLACEMENT_OUTLINE_TOP
 66
1
 70
1
 40
0.050000
 41
0.050000
  0
VERTEX
 5
2429
  8
PLACEMENT_OUTLINE_TOP
 10
14.42800
 20
54.03500
 42
1.0
  0
VERTEX
 5
242A
  8
PLACEMENT_OUTLINE_TOP
 10
14.47800
 20
54.03500
 42
1.0
  0
SEQEND
  8
PLACEMENT_OUTLINE_TOP
  0
POLYLINE
 5
242B
  8
PLACEMENT_OUTLINE_TOP
 66
1
 40
0.100000
 41
0.100000
  0
VERTEX
 5
242C
  8
PLACEMENT_OUTLINE_TOP
 10
14.45300
 20
54.03500
  0
VERTEX
 5
242D
  8
PLACEMENT_OUTLINE_TOP
 10
14.45300
 20
52.76500
  0
SEQEND
  8
PLACEMENT_OUTLINE_TOP
  0
POLYLINE
 5
242E
  8
PLACEMENT_OUTLINE_TOP
 66
1
 70
1
 40
0.050000
 41
0.050000
  0
VERTEX
 5
242F
  8
PLACEMENT_OUTLINE_TOP
 10
14.42800
 20
54.03500
 42
1.0
  0
VERTEX
 5
2430
  8
PLACEMENT_OUTLINE_TOP
 10
14.47800
 20
54.03500
 42
1.0
  0
SEQEND
  8
PLACEMENT_OUTLINE_TOP
  0
POLYLINE
 5
2431
  8
PLACEMENT_OUTLINE_TOP
 66
1
 70
1
 40
0.050000
 41
0.050000
  0
VERTEX
 5
2432
  8
PLACEMENT_OUTLINE_TOP
 10
14.42800
 20
52.76500
 42
1.0
  0
VERTEX
 5
2433
  8
PLACEMENT_OUTLINE_TOP
 10
14.47800
 20
52.76500
 42
1.0
  0
SEQEND
  8
PLACEMENT_OUTLINE_TOP
  0
POLYLINE
 5
2434
  8
PLACEMENT_OUTLINE_TOP
 66
1
 40
0.100000
 41
0.100000
  0
VERTEX
 5
2435
  8
PLACEMENT_OUTLINE_TOP
 10
14.45300
 20
52.76500
  0
VERTEX
 5
2436
  8
PLACEMENT_OUTLINE_TOP
 10
17.24700
 20
52.76500
  0
SEQEND
  8
PLACEMENT_OUTLINE_TOP
  0
POLYLINE
 5
2437
  8
PLACEMENT_OUTLINE_TOP
 66
1
 70
1
 40
0.050000
 41
0.050000
  0
VERTEX
 5
2438
  8
PLACEMENT_OUTLINE_TOP
 10
14.42800
 20
52.76500
 42
1.0
  0
VERTEX
 5
2439
  8
PLACEMENT_OUTLINE_TOP
 10
14.47800
 20
52.76500
 42
1.0
  0
SEQEND
  8
PLACEMENT_OUTLINE_TOP
  0
POLYLINE
 5
243A
  8
PLACEMENT_OUTLINE_TOP
 66
1
 70
1
 40
0.050000
 41
0.050000
  0
VERTEX
 5
243B
  8
PLACEMENT_OUTLINE_TOP
 10
17.22200
 20
52.76500
 42
1.0
  0
VERTEX
 5
243C
  8
PLACEMENT_OUTLINE_TOP
 10
17.27200
 20
52.76500
 42
1.0
  0
SEQEND
  8
PLACEMENT_OUTLINE_TOP
  0
POLYLINE
 5
243D
  8
PLACEMENT_OUTLINE_TOP
 66
1
 40
0.100000
 41
0.100000
  0
VERTEX
 5
243E
  8
PLACEMENT_OUTLINE_TOP
 10
17.24700
 20
52.76500
  0
VERTEX
 5
243F
  8
PLACEMENT_OUTLINE_TOP
 10
17.24700
 20
54.03500
  0
SEQEND
  8
PLACEMENT_OUTLINE_TOP
  0
POLYLINE
 5
2440
  8
PLACEMENT_OUTLINE_TOP
 66
1
 70
1
 40
0.050000
 41
0.050000
  0
VERTEX
 5
2441
  8
PLACEMENT_OUTLINE_TOP
 10
17.22200
 20
52.76500
 42
1.0
  0
VERTEX
 5
2442
  8
PLACEMENT_OUTLINE_TOP
 10
17.27200
 20
52.76500
 42
1.0
  0
SEQEND
  8
PLACEMENT_OUTLINE_TOP
  0
POLYLINE
 5
2443
  8
PLACEMENT_OUTLINE_TOP
 66
1
 70
1
 40
0.050000
 41
0.050000
  0
VERTEX
 5
2444
  8
PLACEMENT_OUTLINE_TOP
 10
17.22200
 20
54.03500
 42
1.0
  0
VERTEX
 5
2445
  8
PLACEMENT_OUTLINE_TOP
 10
17.27200
 20
54.03500
 42
1.0
  0
SEQEND
  8
PLACEMENT_OUTLINE_TOP
  0
SOLID
 5
2446
  8
PADLAYER_TOP
 10
14.63080
 20
52.94280
 11
15.54520
 21
52.94280
 12
14.63080
 22
53.85720
 13
15.54520
 23
53.85720
  0
SOLID
 5
2447
  8
PADLAYER_TOP
 10
16.15480
 20
52.94280
 11
17.06920
 21
52.94280
 12
16.15480
 22
53.85720
 13
17.06920
 23
53.85720
  0
POLYLINE
 5
2448
  8
LAYNR1
 66
1
 40
0.150000
 41
0.150000
  0
VERTEX
 5
2449
  8
LAYNR1
 10
15.85000
 20
57.55000
  0
VERTEX
 5
244A
  8
LAYNR1
 10
15.85000
 20
58.25000
  0
SEQEND
  8
LAYNR1
  0
POLYLINE
 5
244B
  8
LAYNR1
 66
1
 70
1
 40
0.075000
 41
0.075000
  0
VERTEX
 5
244C
  8
LAYNR1
 10
15.81250
 20
57.55000
 42
1.0
  0
VERTEX
 5
244D
  8
LAYNR1
 10
15.88750
 20
57.55000
 42
1.0
  0
SEQEND
  8
LAYNR1
  0
POLYLINE
 5
244E
  8
LAYNR1
 66
1
 70
1
 40
0.075000
 41
0.075000
  0
VERTEX
 5
244F
  8
LAYNR1
 10
15.81250
 20
58.25000
 42
1.0
  0
VERTEX
 5
2450
  8
LAYNR1
 10
15.88750
 20
58.25000
 42
1.0
  0
SEQEND
  8
LAYNR1
  0
POLYLINE
 5
2451
  8
PLACEMENT_OUTLINE_TOP
 66
1
 40
0.100000
 41
0.100000
  0
VERTEX
 5
2452
  8
PLACEMENT_OUTLINE_TOP
 10
17.24700
 20
58.53500
  0
VERTEX
 5
2453
  8
PLACEMENT_OUTLINE_TOP
 10
14.45300
 20
58.53500
  0
SEQEND
  8
PLACEMENT_OUTLINE_TOP
  0
POLYLINE
 5
2454
  8
PLACEMENT_OUTLINE_TOP
 66
1
 70
1
 40
0.050000
 41
0.050000
  0
VERTEX
 5
2455
  8
PLACEMENT_OUTLINE_TOP
 10
17.22200
 20
58.53500
 42
1.0
  0
VERTEX
 5
2456
  8
PLACEMENT_OUTLINE_TOP
 10
17.27200
 20
58.53500
 42
1.0
  0
SEQEND
  8
PLACEMENT_OUTLINE_TOP
  0
POLYLINE
 5
2457
  8
PLACEMENT_OUTLINE_TOP
 66
1
 70
1
 40
0.050000
 41
0.050000
  0
VERTEX
 5
2458
  8
PLACEMENT_OUTLINE_TOP
 10
14.42800
 20
58.53500
 42
1.0
  0
VERTEX
 5
2459
  8
PLACEMENT_OUTLINE_TOP
 10
14.47800
 20
58.53500
 42
1.0
  0
SEQEND
  8
PLACEMENT_OUTLINE_TOP
  0
POLYLINE
 5
245A
  8
PLACEMENT_OUTLINE_TOP
 66
1
 40
0.100000
 41
0.100000
  0
VERTEX
 5
245B
  8
PLACEMENT_OUTLINE_TOP
 10
14.45300
 20
58.53500
  0
VERTEX
 5
245C
  8
PLACEMENT_OUTLINE_TOP
 10
14.45300
 20
57.26500
  0
SEQEND
  8
PLACEMENT_OUTLINE_TOP
  0
POLYLINE
 5
245D
  8
PLACEMENT_OUTLINE_TOP
 66
1
 70
1
 40
0.050000
 41
0.050000
  0
VERTEX
 5
245E
  8
PLACEMENT_OUTLINE_TOP
 10
14.42800
 20
58.53500
 42
1.0
  0
VERTEX
 5
245F
  8
PLACEMENT_OUTLINE_TOP
 10
14.47800
 20
58.53500
 42
1.0
  0
SEQEND
  8
PLACEMENT_OUTLINE_TOP
  0
POLYLINE
 5
2460
  8
PLACEMENT_OUTLINE_TOP
 66
1
 70
1
 40
0.050000
 41
0.050000
  0
VERTEX
 5
2461
  8
PLACEMENT_OUTLINE_TOP
 10
14.42800
 20
57.26500
 42
1.0
  0
VERTEX
 5
2462
  8
PLACEMENT_OUTLINE_TOP
 10
14.47800
 20
57.26500
 42
1.0
  0
SEQEND
  8
PLACEMENT_OUTLINE_TOP
  0
POLYLINE
 5
2463
  8
PLACEMENT_OUTLINE_TOP
 66
1
 40
0.100000
 41
0.100000
  0
VERTEX
 5
2464
  8
PLACEMENT_OUTLINE_TOP
 10
14.45300
 20
57.26500
  0
VERTEX
 5
2465
  8
PLACEMENT_OUTLINE_TOP
 10
17.24700
 20
57.26500
  0
SEQEND
  8
PLACEMENT_OUTLINE_TOP
  0
POLYLINE
 5
2466
  8
PLACEMENT_OUTLINE_TOP
 66
1
 70
1
 40
0.050000
 41
0.050000
  0
VERTEX
 5
2467
  8
PLACEMENT_OUTLINE_TOP
 10
14.42800
 20
57.26500
 42
1.0
  0
VERTEX
 5
2468
  8
PLACEMENT_OUTLINE_TOP
 10
14.47800
 20
57.26500
 42
1.0
  0
SEQEND
  8
PLACEMENT_OUTLINE_TOP
  0
POLYLINE
 5
2469
  8
PLACEMENT_OUTLINE_TOP
 66
1
 70
1
 40
0.050000
 41
0.050000
  0
VERTEX
 5
246A
  8
PLACEMENT_OUTLINE_TOP
 10
17.22200
 20
57.26500
 42
1.0
  0
VERTEX
 5
246B
  8
PLACEMENT_OUTLINE_TOP
 10
17.27200
 20
57.26500
 42
1.0
  0
SEQEND
  8
PLACEMENT_OUTLINE_TOP
  0
POLYLINE
 5
246C
  8
PLACEMENT_OUTLINE_TOP
 66
1
 40
0.100000
 41
0.100000
  0
VERTEX
 5
246D
  8
PLACEMENT_OUTLINE_TOP
 10
17.24700
 20
57.26500
  0
VERTEX
 5
246E
  8
PLACEMENT_OUTLINE_TOP
 10
17.24700
 20
58.53500
  0
SEQEND
  8
PLACEMENT_OUTLINE_TOP
  0
POLYLINE
 5
246F
  8
PLACEMENT_OUTLINE_TOP
 66
1
 70
1
 40
0.050000
 41
0.050000
  0
VERTEX
 5
2470
  8
PLACEMENT_OUTLINE_TOP
 10
17.22200
 20
57.26500
 42
1.0
  0
VERTEX
 5
2471
  8
PLACEMENT_OUTLINE_TOP
 10
17.27200
 20
57.26500
 42
1.0
  0
SEQEND
  8
PLACEMENT_OUTLINE_TOP
  0
POLYLINE
 5
2472
  8
PLACEMENT_OUTLINE_TOP
 66
1
 70
1
 40
0.050000
 41
0.050000
  0
VERTEX
 5
2473
  8
PLACEMENT_OUTLINE_TOP
 10
17.22200
 20
58.53500
 42
1.0
  0
VERTEX
 5
2474
  8
PLACEMENT_OUTLINE_TOP
 10
17.27200
 20
58.53500
 42
1.0
  0
SEQEND
  8
PLACEMENT_OUTLINE_TOP
  0
SOLID
 5
2475
  8
PADLAYER_TOP
 10
14.63080
 20
57.44280
 11
15.54520
 21
57.44280
 12
14.63080
 22
58.35720
 13
15.54520
 23
58.35720
  0
SOLID
 5
2476
  8
PADLAYER_TOP
 10
16.15480
 20
57.44280
 11
17.06920
 21
57.44280
 12
16.15480
 22
58.35720
 13
17.06920
 23
58.35720
  0
POLYLINE
 5
2477
  8
LAYNR1
 66
1
 40
0.150000
 41
0.150000
  0
VERTEX
 5
2478
  8
LAYNR1
 10
15.85000
 20
60.55000
  0
VERTEX
 5
2479
  8
LAYNR1
 10
15.85000
 20
61.25000
  0
SEQEND
  8
LAYNR1
  0
POLYLINE
 5
247A
  8
LAYNR1
 66
1
 70
1
 40
0.075000
 41
0.075000
  0
VERTEX
 5
247B
  8
LAYNR1
 10
15.81250
 20
60.55000
 42
1.0
  0
VERTEX
 5
247C
  8
LAYNR1
 10
15.88750
 20
60.55000
 42
1.0
  0
SEQEND
  8
LAYNR1
  0
POLYLINE
 5
247D
  8
LAYNR1
 66
1
 70
1
 40
0.075000
 41
0.075000
  0
VERTEX
 5
247E
  8
LAYNR1
 10
15.81250
 20
61.25000
 42
1.0
  0
VERTEX
 5
247F
  8
LAYNR1
 10
15.88750
 20
61.25000
 42
1.0
  0
SEQEND
  8
LAYNR1
  0
POLYLINE
 5
2480
  8
PLACEMENT_OUTLINE_TOP
 66
1
 40
0.100000
 41
0.100000
  0
VERTEX
 5
2481
  8
PLACEMENT_OUTLINE_TOP
 10
17.24700
 20
61.53500
  0
VERTEX
 5
2482
  8
PLACEMENT_OUTLINE_TOP
 10
14.45300
 20
61.53500
  0
SEQEND
  8
PLACEMENT_OUTLINE_TOP
  0
POLYLINE
 5
2483
  8
PLACEMENT_OUTLINE_TOP
 66
1
 70
1
 40
0.050000
 41
0.050000
  0
VERTEX
 5
2484
  8
PLACEMENT_OUTLINE_TOP
 10
17.22200
 20
61.53500
 42
1.0
  0
VERTEX
 5
2485
  8
PLACEMENT_OUTLINE_TOP
 10
17.27200
 20
61.53500
 42
1.0
  0
SEQEND
  8
PLACEMENT_OUTLINE_TOP
  0
POLYLINE
 5
2486
  8
PLACEMENT_OUTLINE_TOP
 66
1
 70
1
 40
0.050000
 41
0.050000
  0
VERTEX
 5
2487
  8
PLACEMENT_OUTLINE_TOP
 10
14.42800
 20
61.53500
 42
1.0
  0
VERTEX
 5
2488
  8
PLACEMENT_OUTLINE_TOP
 10
14.47800
 20
61.53500
 42
1.0
  0
SEQEND
  8
PLACEMENT_OUTLINE_TOP
  0
POLYLINE
 5
2489
  8
PLACEMENT_OUTLINE_TOP
 66
1
 40
0.100000
 41
0.100000
  0
VERTEX
 5
248A
  8
PLACEMENT_OUTLINE_TOP
 10
14.45300
 20
61.53500
  0
VERTEX
 5
248B
  8
PLACEMENT_OUTLINE_TOP
 10
14.45300
 20
60.26500
  0
SEQEND
  8
PLACEMENT_OUTLINE_TOP
  0
POLYLINE
 5
248C
  8
PLACEMENT_OUTLINE_TOP
 66
1
 70
1
 40
0.050000
 41
0.050000
  0
VERTEX
 5
248D
  8
PLACEMENT_OUTLINE_TOP
 10
14.42800
 20
61.53500
 42
1.0
  0
VERTEX
 5
248E
  8
PLACEMENT_OUTLINE_TOP
 10
14.47800
 20
61.53500
 42
1.0
  0
SEQEND
  8
PLACEMENT_OUTLINE_TOP
  0
POLYLINE
 5
248F
  8
PLACEMENT_OUTLINE_TOP
 66
1
 70
1
 40
0.050000
 41
0.050000
  0
VERTEX
 5
2490
  8
PLACEMENT_OUTLINE_TOP
 10
14.42800
 20
60.26500
 42
1.0
  0
VERTEX
 5
2491
  8
PLACEMENT_OUTLINE_TOP
 10
14.47800
 20
60.26500
 42
1.0
  0
SEQEND
  8
PLACEMENT_OUTLINE_TOP
  0
POLYLINE
 5
2492
  8
PLACEMENT_OUTLINE_TOP
 66
1
 40
0.100000
 41
0.100000
  0
VERTEX
 5
2493
  8
PLACEMENT_OUTLINE_TOP
 10
14.45300
 20
60.26500
  0
VERTEX
 5
2494
  8
PLACEMENT_OUTLINE_TOP
 10
17.24700
 20
60.26500
  0
SEQEND
  8
PLACEMENT_OUTLINE_TOP
  0
POLYLINE
 5
2495
  8
PLACEMENT_OUTLINE_TOP
 66
1
 70
1
 40
0.050000
 41
0.050000
  0
VERTEX
 5
2496
  8
PLACEMENT_OUTLINE_TOP
 10
14.42800
 20
60.26500
 42
1.0
  0
VERTEX
 5
2497
  8
PLACEMENT_OUTLINE_TOP
 10
14.47800
 20
60.26500
 42
1.0
  0
SEQEND
  8
PLACEMENT_OUTLINE_TOP
  0
POLYLINE
 5
2498
  8
PLACEMENT_OUTLINE_TOP
 66
1
 70
1
 40
0.050000
 41
0.050000
  0
VERTEX
 5
2499
  8
PLACEMENT_OUTLINE_TOP
 10
17.22200
 20
60.26500
 42
1.0
  0
VERTEX
 5
249A
  8
PLACEMENT_OUTLINE_TOP
 10
17.27200
 20
60.26500
 42
1.0
  0
SEQEND
  8
PLACEMENT_OUTLINE_TOP
  0
POLYLINE
 5
249B
  8
PLACEMENT_OUTLINE_TOP
 66
1
 40
0.100000
 41
0.100000
  0
VERTEX
 5
249C
  8
PLACEMENT_OUTLINE_TOP
 10
17.24700
 20
60.26500
  0
VERTEX
 5
249D
  8
PLACEMENT_OUTLINE_TOP
 10
17.24700
 20
61.53500
  0
SEQEND
  8
PLACEMENT_OUTLINE_TOP
  0
POLYLINE
 5
249E
  8
PLACEMENT_OUTLINE_TOP
 66
1
 70
1
 40
0.050000
 41
0.050000
  0
VERTEX
 5
249F
  8
PLACEMENT_OUTLINE_TOP
 10
17.22200
 20
60.26500
 42
1.0
  0
VERTEX
 5
24A0
  8
PLACEMENT_OUTLINE_TOP
 10
17.27200
 20
60.26500
 42
1.0
  0
SEQEND
  8
PLACEMENT_OUTLINE_TOP
  0
POLYLINE
 5
24A1
  8
PLACEMENT_OUTLINE_TOP
 66
1
 70
1
 40
0.050000
 41
0.050000
  0
VERTEX
 5
24A2
  8
PLACEMENT_OUTLINE_TOP
 10
17.22200
 20
61.53500
 42
1.0
  0
VERTEX
 5
24A3
  8
PLACEMENT_OUTLINE_TOP
 10
17.27200
 20
61.53500
 42
1.0
  0
SEQEND
  8
PLACEMENT_OUTLINE_TOP
  0
SOLID
 5
24A4
  8
PADLAYER_TOP
 10
14.63080
 20
60.44280
 11
15.54520
 21
60.44280
 12
14.63080
 22
61.35720
 13
15.54520
 23
61.35720
  0
SOLID
 5
24A5
  8
PADLAYER_TOP
 10
16.15480
 20
60.44280
 11
17.06920
 21
60.44280
 12
16.15480
 22
61.35720
 13
17.06920
 23
61.35720
  0
POLYLINE
 5
24A6
  8
LAYNR1
 66
1
 40
0.150000
 41
0.150000
  0
VERTEX
 5
24A7
  8
LAYNR1
 10
15.85000
 20
59.05000
  0
VERTEX
 5
24A8
  8
LAYNR1
 10
15.85000
 20
59.75000
  0
SEQEND
  8
LAYNR1
  0
POLYLINE
 5
24A9
  8
LAYNR1
 66
1
 70
1
 40
0.075000
 41
0.075000
  0
VERTEX
 5
24AA
  8
LAYNR1
 10
15.81250
 20
59.05000
 42
1.0
  0
VERTEX
 5
24AB
  8
LAYNR1
 10
15.88750
 20
59.05000
 42
1.0
  0
SEQEND
  8
LAYNR1
  0
POLYLINE
 5
24AC
  8
LAYNR1
 66
1
 70
1
 40
0.075000
 41
0.075000
  0
VERTEX
 5
24AD
  8
LAYNR1
 10
15.81250
 20
59.75000
 42
1.0
  0
VERTEX
 5
24AE
  8
LAYNR1
 10
15.88750
 20
59.75000
 42
1.0
  0
SEQEND
  8
LAYNR1
  0
POLYLINE
 5
24AF
  8
PLACEMENT_OUTLINE_TOP
 66
1
 40
0.100000
 41
0.100000
  0
VERTEX
 5
24B0
  8
PLACEMENT_OUTLINE_TOP
 10
17.24700
 20
60.03500
  0
VERTEX
 5
24B1
  8
PLACEMENT_OUTLINE_TOP
 10
14.45300
 20
60.03500
  0
SEQEND
  8
PLACEMENT_OUTLINE_TOP
  0
POLYLINE
 5
24B2
  8
PLACEMENT_OUTLINE_TOP
 66
1
 70
1
 40
0.050000
 41
0.050000
  0
VERTEX
 5
24B3
  8
PLACEMENT_OUTLINE_TOP
 10
17.22200
 20
60.03500
 42
1.0
  0
VERTEX
 5
24B4
  8
PLACEMENT_OUTLINE_TOP
 10
17.27200
 20
60.03500
 42
1.0
  0
SEQEND
  8
PLACEMENT_OUTLINE_TOP
  0
POLYLINE
 5
24B5
  8
PLACEMENT_OUTLINE_TOP
 66
1
 70
1
 40
0.050000
 41
0.050000
  0
VERTEX
 5
24B6
  8
PLACEMENT_OUTLINE_TOP
 10
14.42800
 20
60.03500
 42
1.0
  0
VERTEX
 5
24B7
  8
PLACEMENT_OUTLINE_TOP
 10
14.47800
 20
60.03500
 42
1.0
  0
SEQEND
  8
PLACEMENT_OUTLINE_TOP
  0
POLYLINE
 5
24B8
  8
PLACEMENT_OUTLINE_TOP
 66
1
 40
0.100000
 41
0.100000
  0
VERTEX
 5
24B9
  8
PLACEMENT_OUTLINE_TOP
 10
14.45300
 20
60.03500
  0
VERTEX
 5
24BA
  8
PLACEMENT_OUTLINE_TOP
 10
14.45300
 20
58.76500
  0
SEQEND
  8
PLACEMENT_OUTLINE_TOP
  0
POLYLINE
 5
24BB
  8
PLACEMENT_OUTLINE_TOP
 66
1
 70
1
 40
0.050000
 41
0.050000
  0
VERTEX
 5
24BC
  8
PLACEMENT_OUTLINE_TOP
 10
14.42800
 20
60.03500
 42
1.0
  0
VERTEX
 5
24BD
  8
PLACEMENT_OUTLINE_TOP
 10
14.47800
 20
60.03500
 42
1.0
  0
SEQEND
  8
PLACEMENT_OUTLINE_TOP
  0
POLYLINE
 5
24BE
  8
PLACEMENT_OUTLINE_TOP
 66
1
 70
1
 40
0.050000
 41
0.050000
  0
VERTEX
 5
24BF
  8
PLACEMENT_OUTLINE_TOP
 10
14.42800
 20
58.76500
 42
1.0
  0
VERTEX
 5
24C0
  8
PLACEMENT_OUTLINE_TOP
 10
14.47800
 20
58.76500
 42
1.0
  0
SEQEND
  8
PLACEMENT_OUTLINE_TOP
  0
POLYLINE
 5
24C1
  8
PLACEMENT_OUTLINE_TOP
 66
1
 40
0.100000
 41
0.100000
  0
VERTEX
 5
24C2
  8
PLACEMENT_OUTLINE_TOP
 10
14.45300
 20
58.76500
  0
VERTEX
 5
24C3
  8
PLACEMENT_OUTLINE_TOP
 10
17.24700
 20
58.76500
  0
SEQEND
  8
PLACEMENT_OUTLINE_TOP
  0
POLYLINE
 5
24C4
  8
PLACEMENT_OUTLINE_TOP
 66
1
 70
1
 40
0.050000
 41
0.050000
  0
VERTEX
 5
24C5
  8
PLACEMENT_OUTLINE_TOP
 10
14.42800
 20
58.76500
 42
1.0
  0
VERTEX
 5
24C6
  8
PLACEMENT_OUTLINE_TOP
 10
14.47800
 20
58.76500
 42
1.0
  0
SEQEND
  8
PLACEMENT_OUTLINE_TOP
  0
POLYLINE
 5
24C7
  8
PLACEMENT_OUTLINE_TOP
 66
1
 70
1
 40
0.050000
 41
0.050000
  0
VERTEX
 5
24C8
  8
PLACEMENT_OUTLINE_TOP
 10
17.22200
 20
58.76500
 42
1.0
  0
VERTEX
 5
24C9
  8
PLACEMENT_OUTLINE_TOP
 10
17.27200
 20
58.76500
 42
1.0
  0
SEQEND
  8
PLACEMENT_OUTLINE_TOP
  0
POLYLINE
 5
24CA
  8
PLACEMENT_OUTLINE_TOP
 66
1
 40
0.100000
 41
0.100000
  0
VERTEX
 5
24CB
  8
PLACEMENT_OUTLINE_TOP
 10
17.24700
 20
58.76500
  0
VERTEX
 5
24CC
  8
PLACEMENT_OUTLINE_TOP
 10
17.24700
 20
60.03500
  0
SEQEND
  8
PLACEMENT_OUTLINE_TOP
  0
POLYLINE
 5
24CD
  8
PLACEMENT_OUTLINE_TOP
 66
1
 70
1
 40
0.050000
 41
0.050000
  0
VERTEX
 5
24CE
  8
PLACEMENT_OUTLINE_TOP
 10
17.22200
 20
58.76500
 42
1.0
  0
VERTEX
 5
24CF
  8
PLACEMENT_OUTLINE_TOP
 10
17.27200
 20
58.76500
 42
1.0
  0
SEQEND
  8
PLACEMENT_OUTLINE_TOP
  0
POLYLINE
 5
24D0
  8
PLACEMENT_OUTLINE_TOP
 66
1
 70
1
 40
0.050000
 41
0.050000
  0
VERTEX
 5
24D1
  8
PLACEMENT_OUTLINE_TOP
 10
17.22200
 20
60.03500
 42
1.0
  0
VERTEX
 5
24D2
  8
PLACEMENT_OUTLINE_TOP
 10
17.27200
 20
60.03500
 42
1.0
  0
SEQEND
  8
PLACEMENT_OUTLINE_TOP
  0
SOLID
 5
24D3
  8
PADLAYER_TOP
 10
14.63080
 20
58.94280
 11
15.54520
 21
58.94280
 12
14.63080
 22
59.85720
 13
15.54520
 23
59.85720
  0
SOLID
 5
24D4
  8
PADLAYER_TOP
 10
16.15480
 20
58.94280
 11
17.06920
 21
58.94280
 12
16.15480
 22
59.85720
 13
17.06920
 23
59.85720
  0
POLYLINE
 5
24D5
  8
LAYNR1
 66
1
 40
0.203200
 41
0.203200
  0
VERTEX
 5
24D6
  8
LAYNR1
 10
33.35800
 20
42.28500
  0
VERTEX
 5
24D7
  8
LAYNR1
 10
34.05800
 20
42.28500
  0
SEQEND
  8
LAYNR1
  0
POLYLINE
 5
24D8
  8
LAYNR1
 66
1
 70
1
 40
0.101600
 41
0.101600
  0
VERTEX
 5
24D9
  8
LAYNR1
 10
33.30720
 20
42.28500
 42
1.0
  0
VERTEX
 5
24DA
  8
LAYNR1
 10
33.40880
 20
42.28500
 42
1.0
  0
SEQEND
  8
LAYNR1
  0
POLYLINE
 5
24DB
  8
LAYNR1
 66
1
 70
1
 40
0.101600
 41
0.101600
  0
VERTEX
 5
24DC
  8
LAYNR1
 10
34.00720
 20
42.28500
 42
1.0
  0
VERTEX
 5
24DD
  8
LAYNR1
 10
34.10880
 20
42.28500
 42
1.0
  0
SEQEND
  8
LAYNR1
  0
POLYLINE
 5
24DE
  8
PLACEMENT_OUTLINE_TOP
 66
1
 40
0.100000
 41
0.100000
  0
VERTEX
 5
24DF
  8
PLACEMENT_OUTLINE_TOP
 10
33.07300
 20
43.68200
  0
VERTEX
 5
24E0
  8
PLACEMENT_OUTLINE_TOP
 10
33.07300
 20
40.88800
  0
SEQEND
  8
PLACEMENT_OUTLINE_TOP
  0
POLYLINE
 5
24E1
  8
PLACEMENT_OUTLINE_TOP
 66
1
 70
1
 40
0.050000
 41
0.050000
  0
VERTEX
 5
24E2
  8
PLACEMENT_OUTLINE_TOP
 10
33.04800
 20
43.68200
 42
1.0
  0
VERTEX
 5
24E3
  8
PLACEMENT_OUTLINE_TOP
 10
33.09800
 20
43.68200
 42
1.0
  0
SEQEND
  8
PLACEMENT_OUTLINE_TOP
  0
POLYLINE
 5
24E4
  8
PLACEMENT_OUTLINE_TOP
 66
1
 70
1
 40
0.050000
 41
0.050000
  0
VERTEX
 5
24E5
  8
PLACEMENT_OUTLINE_TOP
 10
33.04800
 20
40.88800
 42
1.0
  0
VERTEX
 5
24E6
  8
PLACEMENT_OUTLINE_TOP
 10
33.09800
 20
40.88800
 42
1.0
  0
SEQEND
  8
PLACEMENT_OUTLINE_TOP
  0
POLYLINE
 5
24E7
  8
PLACEMENT_OUTLINE_TOP
 66
1
 40
0.100000
 41
0.100000
  0
VERTEX
 5
24E8
  8
PLACEMENT_OUTLINE_TOP
 10
33.07300
 20
40.88800
  0
VERTEX
 5
24E9
  8
PLACEMENT_OUTLINE_TOP
 10
34.34300
 20
40.88800
  0
SEQEND
  8
PLACEMENT_OUTLINE_TOP
  0
POLYLINE
 5
24EA
  8
PLACEMENT_OUTLINE_TOP
 66
1
 70
1
 40
0.050000
 41
0.050000
  0
VERTEX
 5
24EB
  8
PLACEMENT_OUTLINE_TOP
 10
33.04800
 20
40.88800
 42
1.0
  0
VERTEX
 5
24EC
  8
PLACEMENT_OUTLINE_TOP
 10
33.09800
 20
40.88800
 42
1.0
  0
SEQEND
  8
PLACEMENT_OUTLINE_TOP
  0
POLYLINE
 5
24ED
  8
PLACEMENT_OUTLINE_TOP
 66
1
 70
1
 40
0.050000
 41
0.050000
  0
VERTEX
 5
24EE
  8
PLACEMENT_OUTLINE_TOP
 10
34.31800
 20
40.88800
 42
1.0
  0
VERTEX
 5
24EF
  8
PLACEMENT_OUTLINE_TOP
 10
34.36800
 20
40.88800
 42
1.0
  0
SEQEND
  8
PLACEMENT_OUTLINE_TOP
  0
POLYLINE
 5
24F0
  8
PLACEMENT_OUTLINE_TOP
 66
1
 40
0.100000
 41
0.100000
  0
VERTEX
 5
24F1
  8
PLACEMENT_OUTLINE_TOP
 10
34.34300
 20
40.88800
  0
VERTEX
 5
24F2
  8
PLACEMENT_OUTLINE_TOP
 10
34.34300
 20
43.68200
  0
SEQEND
  8
PLACEMENT_OUTLINE_TOP
  0
POLYLINE
 5
24F3
  8
PLACEMENT_OUTLINE_TOP
 66
1
 70
1
 40
0.050000
 41
0.050000
  0
VERTEX
 5
24F4
  8
PLACEMENT_OUTLINE_TOP
 10
34.31800
 20
40.88800
 42
1.0
  0
VERTEX
 5
24F5
  8
PLACEMENT_OUTLINE_TOP
 10
34.36800
 20
40.88800
 42
1.0
  0
SEQEND
  8
PLACEMENT_OUTLINE_TOP
  0
POLYLINE
 5
24F6
  8
PLACEMENT_OUTLINE_TOP
 66
1
 70
1
 40
0.050000
 41
0.050000
  0
VERTEX
 5
24F7
  8
PLACEMENT_OUTLINE_TOP
 10
34.31800
 20
43.68200
 42
1.0
  0
VERTEX
 5
24F8
  8
PLACEMENT_OUTLINE_TOP
 10
34.36800
 20
43.68200
 42
1.0
  0
SEQEND
  8
PLACEMENT_OUTLINE_TOP
  0
POLYLINE
 5
24F9
  8
PLACEMENT_OUTLINE_TOP
 66
1
 40
0.100000
 41
0.100000
  0
VERTEX
 5
24FA
  8
PLACEMENT_OUTLINE_TOP
 10
34.34300
 20
43.68200
  0
VERTEX
 5
24FB
  8
PLACEMENT_OUTLINE_TOP
 10
33.07300
 20
43.68200
  0
SEQEND
  8
PLACEMENT_OUTLINE_TOP
  0
POLYLINE
 5
24FC
  8
PLACEMENT_OUTLINE_TOP
 66
1
 70
1
 40
0.050000
 41
0.050000
  0
VERTEX
 5
24FD
  8
PLACEMENT_OUTLINE_TOP
 10
34.31800
 20
43.68200
 42
1.0
  0
VERTEX
 5
24FE
  8
PLACEMENT_OUTLINE_TOP
 10
34.36800
 20
43.68200
 42
1.0
  0
SEQEND
  8
PLACEMENT_OUTLINE_TOP
  0
POLYLINE
 5
24FF
  8
PLACEMENT_OUTLINE_TOP
 66
1
 70
1
 40
0.050000
 41
0.050000
  0
VERTEX
 5
2500
  8
PLACEMENT_OUTLINE_TOP
 10
33.04800
 20
43.68200
 42
1.0
  0
VERTEX
 5
2501
  8
PLACEMENT_OUTLINE_TOP
 10
33.09800
 20
43.68200
 42
1.0
  0
SEQEND
  8
PLACEMENT_OUTLINE_TOP
  0
SOLID
 5
2502
  8
PADLAYER_TOP
 10
34.16520
 20
41.06580
 11
34.16520
 21
41.98020
 12
33.25080
 22
41.06580
 13
33.25080
 23
41.98020
  0
SOLID
 5
2503
  8
PADLAYER_TOP
 10
34.16520
 20
42.58980
 11
34.16520
 21
43.50420
 12
33.25080
 22
42.58980
 13
33.25080
 23
43.50420
  0
POLYLINE
 5
2504
  8
2DLINES_1
 66
1
 40
0.200000
 41
0.200000
  0
VERTEX
 5
2505
  8
2DLINES_1
 10
10.05600
 20
35.85000
  0
VERTEX
 5
2506
  8
2DLINES_1
 10
10.05600
 20
21.35000
  0
SEQEND
  8
2DLINES_1
  0
POLYLINE
 5
2507
  8
2DLINES_1
 66
1
 70
1
 40
0.100000
 41
0.100000
  0
VERTEX
 5
2508
  8
2DLINES_1
 10
10.00600
 20
35.85000
 42
1.0
  0
VERTEX
 5
2509
  8
2DLINES_1
 10
10.10600
 20
35.85000
 42
1.0
  0
SEQEND
  8
2DLINES_1
  0
POLYLINE
 5
250A
  8
2DLINES_1
 66
1
 70
1
 40
0.100000
 41
0.100000
  0
VERTEX
 5
250B
  8
2DLINES_1
 10
10.00600
 20
21.35000
 42
1.0
  0
VERTEX
 5
250C
  8
2DLINES_1
 10
10.10600
 20
21.35000
 42
1.0
  0
SEQEND
  8
2DLINES_1
  0
POLYLINE
 5
250D
  8
2DLINES_1
 66
1
 40
0.200000
 41
0.200000
  0
VERTEX
 5
250E
  8
2DLINES_1
 10
10.05600
 20
21.35000
  0
VERTEX
 5
250F
  8
2DLINES_1
 10
0.07500
 20
21.35000
  0
SEQEND
  8
2DLINES_1
  0
POLYLINE
 5
2510
  8
2DLINES_1
 66
1
 70
1
 40
0.100000
 41
0.100000
  0
VERTEX
 5
2511
  8
2DLINES_1
 10
10.00600
 20
21.35000
 42
1.0
  0
VERTEX
 5
2512
  8
2DLINES_1
 10
10.10600
 20
21.35000
 42
1.0
  0
SEQEND
  8
2DLINES_1
  0
POLYLINE
 5
2513
  8
2DLINES_1
 66
1
 70
1
 40
0.100000
 41
0.100000
  0
VERTEX
 5
2514
  8
2DLINES_1
 10
0.02500
 20
21.35000
 42
1.0
  0
VERTEX
 5
2515
  8
2DLINES_1
 10
0.12500
 20
21.35000
 42
1.0
  0
SEQEND
  8
2DLINES_1
  0
POLYLINE
 5
2516
  8
2DLINES_1
 66
1
 40
0.200000
 41
0.200000
  0
VERTEX
 5
2517
  8
2DLINES_1
 10
0.07500
 20
21.35000
  0
VERTEX
 5
2518
  8
2DLINES_1
 10
0.07500
 20
35.85000
  0
SEQEND
  8
2DLINES_1
  0
POLYLINE
 5
2519
  8
2DLINES_1
 66
1
 70
1
 40
0.100000
 41
0.100000
  0
VERTEX
 5
251A
  8
2DLINES_1
 10
0.02500
 20
21.35000
 42
1.0
  0
VERTEX
 5
251B
  8
2DLINES_1
 10
0.12500
 20
21.35000
 42
1.0
  0
SEQEND
  8
2DLINES_1
  0
POLYLINE
 5
251C
  8
2DLINES_1
 66
1
 70
1
 40
0.100000
 41
0.100000
  0
VERTEX
 5
251D
  8
2DLINES_1
 10
0.02500
 20
35.85000
 42
1.0
  0
VERTEX
 5
251E
  8
2DLINES_1
 10
0.12500
 20
35.85000
 42
1.0
  0
SEQEND
  8
2DLINES_1
  0
POLYLINE
 5
251F
  8
2DLINES_1
 66
1
 40
0.200000
 41
0.200000
  0
VERTEX
 5
2520
  8
2DLINES_1
 10
0.07500
 20
35.85000
  0
VERTEX
 5
2521
  8
2DLINES_1
 10
10.05600
 20
35.85000
  0
SEQEND
  8
2DLINES_1
  0
POLYLINE
 5
2522
  8
2DLINES_1
 66
1
 70
1
 40
0.100000
 41
0.100000
  0
VERTEX
 5
2523
  8
2DLINES_1
 10
0.02500
 20
35.85000
 42
1.0
  0
VERTEX
 5
2524
  8
2DLINES_1
 10
0.12500
 20
35.85000
 42
1.0
  0
SEQEND
  8
2DLINES_1
  0
POLYLINE
 5
2525
  8
2DLINES_1
 66
1
 70
1
 40
0.100000
 41
0.100000
  0
VERTEX
 5
2526
  8
2DLINES_1
 10
10.00600
 20
35.85000
 42
1.0
  0
VERTEX
 5
2527
  8
2DLINES_1
 10
10.10600
 20
35.85000
 42
1.0
  0
SEQEND
  8
2DLINES_1
  0
POLYLINE
 5
2528
  8
PLACEMENT_OUTLINE_TOP
 66
1
 40
0.200000
 41
0.200000
  0
VERTEX
 5
2529
  8
PLACEMENT_OUTLINE_TOP
 10
10.05600
 20
35.85000
  0
VERTEX
 5
252A
  8
PLACEMENT_OUTLINE_TOP
 10
10.05600
 20
21.35000
  0
SEQEND
  8
PLACEMENT_OUTLINE_TOP
  0
POLYLINE
 5
252B
  8
PLACEMENT_OUTLINE_TOP
 66
1
 70
1
 40
0.100000
 41
0.100000
  0
VERTEX
 5
252C
  8
PLACEMENT_OUTLINE_TOP
 10
10.00600
 20
35.85000
 42
1.0
  0
VERTEX
 5
252D
  8
PLACEMENT_OUTLINE_TOP
 10
10.10600
 20
35.85000
 42
1.0
  0
SEQEND
  8
PLACEMENT_OUTLINE_TOP
  0
POLYLINE
 5
252E
  8
PLACEMENT_OUTLINE_TOP
 66
1
 70
1
 40
0.100000
 41
0.100000
  0
VERTEX
 5
252F
  8
PLACEMENT_OUTLINE_TOP
 10
10.00600
 20
21.35000
 42
1.0
  0
VERTEX
 5
2530
  8
PLACEMENT_OUTLINE_TOP
 10
10.10600
 20
21.35000
 42
1.0
  0
SEQEND
  8
PLACEMENT_OUTLINE_TOP
  0
POLYLINE
 5
2531
  8
PLACEMENT_OUTLINE_TOP
 66
1
 40
0.200000
 41
0.200000
  0
VERTEX
 5
2532
  8
PLACEMENT_OUTLINE_TOP
 10
10.05600
 20
21.35000
  0
VERTEX
 5
2533
  8
PLACEMENT_OUTLINE_TOP
 10
0.07500
 20
21.35000
  0
SEQEND
  8
PLACEMENT_OUTLINE_TOP
  0
POLYLINE
 5
2534
  8
PLACEMENT_OUTLINE_TOP
 66
1
 70
1
 40
0.100000
 41
0.100000
  0
VERTEX
 5
2535
  8
PLACEMENT_OUTLINE_TOP
 10
10.00600
 20
21.35000
 42
1.0
  0
VERTEX
 5
2536
  8
PLACEMENT_OUTLINE_TOP
 10
10.10600
 20
21.35000
 42
1.0
  0
SEQEND
  8
PLACEMENT_OUTLINE_TOP
  0
POLYLINE
 5
2537
  8
PLACEMENT_OUTLINE_TOP
 66
1
 70
1
 40
0.100000
 41
0.100000
  0
VERTEX
 5
2538
  8
PLACEMENT_OUTLINE_TOP
 10
0.02500
 20
21.35000
 42
1.0
  0
VERTEX
 5
2539
  8
PLACEMENT_OUTLINE_TOP
 10
0.12500
 20
21.35000
 42
1.0
  0
SEQEND
  8
PLACEMENT_OUTLINE_TOP
  0
POLYLINE
 5
253A
  8
PLACEMENT_OUTLINE_TOP
 66
1
 40
0.200000
 41
0.200000
  0
VERTEX
 5
253B
  8
PLACEMENT_OUTLINE_TOP
 10
0.07500
 20
21.35000
  0
VERTEX
 5
253C
  8
PLACEMENT_OUTLINE_TOP
 10
0.07500
 20
35.85000
  0
SEQEND
  8
PLACEMENT_OUTLINE_TOP
  0
POLYLINE
 5
253D
  8
PLACEMENT_OUTLINE_TOP
 66
1
 70
1
 40
0.100000
 41
0.100000
  0
VERTEX
 5
253E
  8
PLACEMENT_OUTLINE_TOP
 10
0.02500
 20
21.35000
 42
1.0
  0
VERTEX
 5
253F
  8
PLACEMENT_OUTLINE_TOP
 10
0.12500
 20
21.35000
 42
1.0
  0
SEQEND
  8
PLACEMENT_OUTLINE_TOP
  0
POLYLINE
 5
2540
  8
PLACEMENT_OUTLINE_TOP
 66
1
 70
1
 40
0.100000
 41
0.100000
  0
VERTEX
 5
2541
  8
PLACEMENT_OUTLINE_TOP
 10
0.02500
 20
35.85000
 42
1.0
  0
VERTEX
 5
2542
  8
PLACEMENT_OUTLINE_TOP
 10
0.12500
 20
35.85000
 42
1.0
  0
SEQEND
  8
PLACEMENT_OUTLINE_TOP
  0
POLYLINE
 5
2543
  8
PLACEMENT_OUTLINE_TOP
 66
1
 40
0.200000
 41
0.200000
  0
VERTEX
 5
2544
  8
PLACEMENT_OUTLINE_TOP
 10
0.07500
 20
35.85000
  0
VERTEX
 5
2545
  8
PLACEMENT_OUTLINE_TOP
 10
10.05600
 20
35.85000
  0
SEQEND
  8
PLACEMENT_OUTLINE_TOP
  0
POLYLINE
 5
2546
  8
PLACEMENT_OUTLINE_TOP
 66
1
 70
1
 40
0.100000
 41
0.100000
  0
VERTEX
 5
2547
  8
PLACEMENT_OUTLINE_TOP
 10
0.02500
 20
35.85000
 42
1.0
  0
VERTEX
 5
2548
  8
PLACEMENT_OUTLINE_TOP
 10
0.12500
 20
35.85000
 42
1.0
  0
SEQEND
  8
PLACEMENT_OUTLINE_TOP
  0
POLYLINE
 5
2549
  8
PLACEMENT_OUTLINE_TOP
 66
1
 70
1
 40
0.100000
 41
0.100000
  0
VERTEX
 5
254A
  8
PLACEMENT_OUTLINE_TOP
 10
10.00600
 20
35.85000
 42
1.0
  0
VERTEX
 5
254B
  8
PLACEMENT_OUTLINE_TOP
 10
10.10600
 20
35.85000
 42
1.0
  0
SEQEND
  8
PLACEMENT_OUTLINE_TOP
  0
SOLID
 5
254C
  8
PADLAYER_TOP
 10
9.77500
 20
31.54000
 11
11.77500
 21
31.54000
 12
9.77500
 22
32.66000
 13
11.77500
 23
32.66000
  0
SOLID
 5
254D
  8
PADLAYER_TOP
 10
9.77500
 20
29.04000
 11
11.77500
 21
29.04000
 12
9.77500
 22
30.16000
 13
11.77500
 23
30.16000
  0
SOLID
 5
254E
  8
PADLAYER_TOP
 10
9.77500
 20
27.04000
 11
11.77500
 21
27.04000
 12
9.77500
 22
28.16000
 13
11.77500
 23
28.16000
  0
SOLID
 5
254F
  8
PADLAYER_TOP
 10
9.77500
 20
24.54000
 11
11.77500
 21
24.54000
 12
9.77500
 22
25.66000
 13
11.77500
 23
25.66000
  0
SOLID
 5
2550
  8
PADLAYER_TOP
 10
7.82500
 20
37.77500
 11
7.82500
 21
34.67500
 12
9.82500
 22
37.77500
 13
9.82500
 23
34.67500
  0
SOLID
 5
2551
  8
PADLAYER_TOP
 10
7.82500
 20
22.52500
 11
7.82500
 21
19.42500
 12
9.82500
 22
22.52500
 13
9.82500
 23
19.42500
  0
SOLID
 5
2552
  8
PADLAYER_TOP
 10
1.72500
 20
37.77500
 11
1.72500
 21
34.67500
 12
3.72500
 22
37.77500
 13
3.72500
 23
34.67500
  0
SOLID
 5
2553
  8
PADLAYER_TOP
 10
1.72500
 20
22.52500
 11
1.72500
 21
19.42500
 12
3.72500
 22
22.52500
 13
3.72500
 23
19.42500
  0
POLYLINE
 5
2554
  8
TOOL_TOP
 66
1
 40
0.200000
 41
0.200000
  0
VERTEX
 5
2555
  8
TOOL_TOP
 10
7.77400
 20
26.15000
 42
1.000000
  0
VERTEX
 5
2556
  8
TOOL_TOP
 10
9.17400
 20
26.15000
 42
1.000000
  0
VERTEX
 5
2557
  8
TOOL_TOP
 10
7.77400
 20
26.15000
  0
SEQEND
  8
TOOL_TOP
  0
TEXT
  8
TOOLCODE_TOP
 10
7.73900
 20
25.80000
 40
0.700000
  1
T00
  0
POLYLINE
 5
2558
  8
TOOL_TOP
 66
1
 40
0.200000
 41
0.200000
  0
VERTEX
 5
2559
  8
TOOL_TOP
 10
7.77400
 20
31.05000
 42
1.000000
  0
VERTEX
 5
255A
  8
TOOL_TOP
 10
9.17400
 20
31.05000
 42
1.000000
  0
VERTEX
 5
255B
  8
TOOL_TOP
 10
7.77400
 20
31.05000
  0
SEQEND
  8
TOOL_TOP
  0
TEXT
  8
TOOLCODE_TOP
 10
7.73900
 20
30.70000
 40
0.700000
  1
T00
  0
POLYLINE
 5
255C
  8
2DLINES_1
 66
1
 40
0.200000
 41
0.200000
  0
VERTEX
 5
255D
  8
2DLINES_1
 10
10.05600
 20
55.55000
  0
VERTEX
 5
255E
  8
2DLINES_1
 10
10.05600
 20
41.05000
  0
SEQEND
  8
2DLINES_1
  0
POLYLINE
 5
255F
  8
2DLINES_1
 66
1
 70
1
 40
0.100000
 41
0.100000
  0
VERTEX
 5
2560
  8
2DLINES_1
 10
10.00600
 20
55.55000
 42
1.0
  0
VERTEX
 5
2561
  8
2DLINES_1
 10
10.10600
 20
55.55000
 42
1.0
  0
SEQEND
  8
2DLINES_1
  0
POLYLINE
 5
2562
  8
2DLINES_1
 66
1
 70
1
 40
0.100000
 41
0.100000
  0
VERTEX
 5
2563
  8
2DLINES_1
 10
10.00600
 20
41.05000
 42
1.0
  0
VERTEX
 5
2564
  8
2DLINES_1
 10
10.10600
 20
41.05000
 42
1.0
  0
SEQEND
  8
2DLINES_1
  0
POLYLINE
 5
2565
  8
2DLINES_1
 66
1
 40
0.200000
 41
0.200000
  0
VERTEX
 5
2566
  8
2DLINES_1
 10
10.05600
 20
41.05000
  0
VERTEX
 5
2567
  8
2DLINES_1
 10
0.07500
 20
41.05000
  0
SEQEND
  8
2DLINES_1
  0
POLYLINE
 5
2568
  8
2DLINES_1
 66
1
 70
1
 40
0.100000
 41
0.100000
  0
VERTEX
 5
2569
  8
2DLINES_1
 10
10.00600
 20
41.05000
 42
1.0
  0
VERTEX
 5
256A
  8
2DLINES_1
 10
10.10600
 20
41.05000
 42
1.0
  0
SEQEND
  8
2DLINES_1
  0
POLYLINE
 5
256B
  8
2DLINES_1
 66
1
 70
1
 40
0.100000
 41
0.100000
  0
VERTEX
 5
256C
  8
2DLINES_1
 10
0.02500
 20
41.05000
 42
1.0
  0
VERTEX
 5
256D
  8
2DLINES_1
 10
0.12500
 20
41.05000
 42
1.0
  0
SEQEND
  8
2DLINES_1
  0
POLYLINE
 5
256E
  8
2DLINES_1
 66
1
 40
0.200000
 41
0.200000
  0
VERTEX
 5
256F
  8
2DLINES_1
 10
0.07500
 20
41.05000
  0
VERTEX
 5
2570
  8
2DLINES_1
 10
0.07500
 20
55.55000
  0
SEQEND
  8
2DLINES_1
  0
POLYLINE
 5
2571
  8
2DLINES_1
 66
1
 70
1
 40
0.100000
 41
0.100000
  0
VERTEX
 5
2572
  8
2DLINES_1
 10
0.02500
 20
41.05000
 42
1.0
  0
VERTEX
 5
2573
  8
2DLINES_1
 10
0.12500
 20
41.05000
 42
1.0
  0
SEQEND
  8
2DLINES_1
  0
POLYLINE
 5
2574
  8
2DLINES_1
 66
1
 70
1
 40
0.100000
 41
0.100000
  0
VERTEX
 5
2575
  8
2DLINES_1
 10
0.02500
 20
55.55000
 42
1.0
  0
VERTEX
 5
2576
  8
2DLINES_1
 10
0.12500
 20
55.55000
 42
1.0
  0
SEQEND
  8
2DLINES_1
  0
POLYLINE
 5
2577
  8
2DLINES_1
 66
1
 40
0.200000
 41
0.200000
  0
VERTEX
 5
2578
  8
2DLINES_1
 10
0.07500
 20
55.55000
  0
VERTEX
 5
2579
  8
2DLINES_1
 10
10.05600
 20
55.55000
  0
SEQEND
  8
2DLINES_1
  0
POLYLINE
 5
257A
  8
2DLINES_1
 66
1
 70
1
 40
0.100000
 41
0.100000
  0
VERTEX
 5
257B
  8
2DLINES_1
 10
0.02500
 20
55.55000
 42
1.0
  0
VERTEX
 5
257C
  8
2DLINES_1
 10
0.12500
 20
55.55000
 42
1.0
  0
SEQEND
  8
2DLINES_1
  0
POLYLINE
 5
257D
  8
2DLINES_1
 66
1
 70
1
 40
0.100000
 41
0.100000
  0
VERTEX
 5
257E
  8
2DLINES_1
 10
10.00600
 20
55.55000
 42
1.0
  0
VERTEX
 5
257F
  8
2DLINES_1
 10
10.10600
 20
55.55000
 42
1.0
  0
SEQEND
  8
2DLINES_1
  0
POLYLINE
 5
2580
  8
PLACEMENT_OUTLINE_TOP
 66
1
 40
0.200000
 41
0.200000
  0
VERTEX
 5
2581
  8
PLACEMENT_OUTLINE_TOP
 10
10.05600
 20
55.55000
  0
VERTEX
 5
2582
  8
PLACEMENT_OUTLINE_TOP
 10
10.05600
 20
41.05000
  0
SEQEND
  8
PLACEMENT_OUTLINE_TOP
  0
POLYLINE
 5
2583
  8
PLACEMENT_OUTLINE_TOP
 66
1
 70
1
 40
0.100000
 41
0.100000
  0
VERTEX
 5
2584
  8
PLACEMENT_OUTLINE_TOP
 10
10.00600
 20
55.55000
 42
1.0
  0
VERTEX
 5
2585
  8
PLACEMENT_OUTLINE_TOP
 10
10.10600
 20
55.55000
 42
1.0
  0
SEQEND
  8
PLACEMENT_OUTLINE_TOP
  0
POLYLINE
 5
2586
  8
PLACEMENT_OUTLINE_TOP
 66
1
 70
1
 40
0.100000
 41
0.100000
  0
VERTEX
 5
2587
  8
PLACEMENT_OUTLINE_TOP
 10
10.00600
 20
41.05000
 42
1.0
  0
VERTEX
 5
2588
  8
PLACEMENT_OUTLINE_TOP
 10
10.10600
 20
41.05000
 42
1.0
  0
SEQEND
  8
PLACEMENT_OUTLINE_TOP
  0
POLYLINE
 5
2589
  8
PLACEMENT_OUTLINE_TOP
 66
1
 40
0.200000
 41
0.200000
  0
VERTEX
 5
258A
  8
PLACEMENT_OUTLINE_TOP
 10
10.05600
 20
41.05000
  0
VERTEX
 5
258B
  8
PLACEMENT_OUTLINE_TOP
 10
0.07500
 20
41.05000
  0
SEQEND
  8
PLACEMENT_OUTLINE_TOP
  0
POLYLINE
 5
258C
  8
PLACEMENT_OUTLINE_TOP
 66
1
 70
1
 40
0.100000
 41
0.100000
  0
VERTEX
 5
258D
  8
PLACEMENT_OUTLINE_TOP
 10
10.00600
 20
41.05000
 42
1.0
  0
VERTEX
 5
258E
  8
PLACEMENT_OUTLINE_TOP
 10
10.10600
 20
41.05000
 42
1.0
  0
SEQEND
  8
PLACEMENT_OUTLINE_TOP
  0
POLYLINE
 5
258F
  8
PLACEMENT_OUTLINE_TOP
 66
1
 70
1
 40
0.100000
 41
0.100000
  0
VERTEX
 5
2590
  8
PLACEMENT_OUTLINE_TOP
 10
0.02500
 20
41.05000
 42
1.0
  0
VERTEX
 5
2591
  8
PLACEMENT_OUTLINE_TOP
 10
0.12500
 20
41.05000
 42
1.0
  0
SEQEND
  8
PLACEMENT_OUTLINE_TOP
  0
POLYLINE
 5
2592
  8
PLACEMENT_OUTLINE_TOP
 66
1
 40
0.200000
 41
0.200000
  0
VERTEX
 5
2593
  8
PLACEMENT_OUTLINE_TOP
 10
0.07500
 20
41.05000
  0
VERTEX
 5
2594
  8
PLACEMENT_OUTLINE_TOP
 10
0.07500
 20
55.55000
  0
SEQEND
  8
PLACEMENT_OUTLINE_TOP
  0
POLYLINE
 5
2595
  8
PLACEMENT_OUTLINE_TOP
 66
1
 70
1
 40
0.100000
 41
0.100000
  0
VERTEX
 5
2596
  8
PLACEMENT_OUTLINE_TOP
 10
0.02500
 20
41.05000
 42
1.0
  0
VERTEX
 5
2597
  8
PLACEMENT_OUTLINE_TOP
 10
0.12500
 20
41.05000
 42
1.0
  0
SEQEND
  8
PLACEMENT_OUTLINE_TOP
  0
POLYLINE
 5
2598
  8
PLACEMENT_OUTLINE_TOP
 66
1
 70
1
 40
0.100000
 41
0.100000
  0
VERTEX
 5
2599
  8
PLACEMENT_OUTLINE_TOP
 10
0.02500
 20
55.55000
 42
1.0
  0
VERTEX
 5
259A
  8
PLACEMENT_OUTLINE_TOP
 10
0.12500
 20
55.55000
 42
1.0
  0
SEQEND
  8
PLACEMENT_OUTLINE_TOP
  0
POLYLINE
 5
259B
  8
PLACEMENT_OUTLINE_TOP
 66
1
 40
0.200000
 41
0.200000
  0
VERTEX
 5
259C
  8
PLACEMENT_OUTLINE_TOP
 10
0.07500
 20
55.55000
  0
VERTEX
 5
259D
  8
PLACEMENT_OUTLINE_TOP
 10
10.05600
 20
55.55000
  0
SEQEND
  8
PLACEMENT_OUTLINE_TOP
  0
POLYLINE
 5
259E
  8
PLACEMENT_OUTLINE_TOP
 66
1
 70
1
 40
0.100000
 41
0.100000
  0
VERTEX
 5
259F
  8
PLACEMENT_OUTLINE_TOP
 10
0.02500
 20
55.55000
 42
1.0
  0
VERTEX
 5
25A0
  8
PLACEMENT_OUTLINE_TOP
 10
0.12500
 20
55.55000
 42
1.0
  0
SEQEND
  8
PLACEMENT_OUTLINE_TOP
  0
POLYLINE
 5
25A1
  8
PLACEMENT_OUTLINE_TOP
 66
1
 70
1
 40
0.100000
 41
0.100000
  0
VERTEX
 5
25A2
  8
PLACEMENT_OUTLINE_TOP
 10
10.00600
 20
55.55000
 42
1.0
  0
VERTEX
 5
25A3
  8
PLACEMENT_OUTLINE_TOP
 10
10.10600
 20
55.55000
 42
1.0
  0
SEQEND
  8
PLACEMENT_OUTLINE_TOP
  0
SOLID
 5
25A4
  8
PADLAYER_TOP
 10
9.77500
 20
51.24000
 11
11.77500
 21
51.24000
 12
9.77500
 22
52.36000
 13
11.77500
 23
52.36000
  0
SOLID
 5
25A5
  8
PADLAYER_TOP
 10
9.77500
 20
48.74000
 11
11.77500
 21
48.74000
 12
9.77500
 22
49.86000
 13
11.77500
 23
49.86000
  0
SOLID
 5
25A6
  8
PADLAYER_TOP
 10
9.77500
 20
46.74000
 11
11.77500
 21
46.74000
 12
9.77500
 22
47.86000
 13
11.77500
 23
47.86000
  0
SOLID
 5
25A7
  8
PADLAYER_TOP
 10
9.77500
 20
44.24000
 11
11.77500
 21
44.24000
 12
9.77500
 22
45.36000
 13
11.77500
 23
45.36000
  0
SOLID
 5
25A8
  8
PADLAYER_TOP
 10
7.82500
 20
57.47500
 11
7.82500
 21
54.37500
 12
9.82500
 22
57.47500
 13
9.82500
 23
54.37500
  0
SOLID
 5
25A9
  8
PADLAYER_TOP
 10
7.82500
 20
42.22500
 11
7.82500
 21
39.12500
 12
9.82500
 22
42.22500
 13
9.82500
 23
39.12500
  0
SOLID
 5
25AA
  8
PADLAYER_TOP
 10
1.72500
 20
57.47500
 11
1.72500
 21
54.37500
 12
3.72500
 22
57.47500
 13
3.72500
 23
54.37500
  0
SOLID
 5
25AB
  8
PADLAYER_TOP
 10
1.72500
 20
42.22500
 11
1.72500
 21
39.12500
 12
3.72500
 22
42.22500
 13
3.72500
 23
39.12500
  0
POLYLINE
 5
25AC
  8
TOOL_TOP
 66
1
 40
0.200000
 41
0.200000
  0
VERTEX
 5
25AD
  8
TOOL_TOP
 10
7.77400
 20
45.85000
 42
1.000000
  0
VERTEX
 5
25AE
  8
TOOL_TOP
 10
9.17400
 20
45.85000
 42
1.000000
  0
VERTEX
 5
25AF
  8
TOOL_TOP
 10
7.77400
 20
45.85000
  0
SEQEND
  8
TOOL_TOP
  0
TEXT
  8
TOOLCODE_TOP
 10
7.73900
 20
45.50000
 40
0.700000
  1
T00
  0
POLYLINE
 5
25B0
  8
TOOL_TOP
 66
1
 40
0.200000
 41
0.200000
  0
VERTEX
 5
25B1
  8
TOOL_TOP
 10
7.77400
 20
50.75000
 42
1.000000
  0
VERTEX
 5
25B2
  8
TOOL_TOP
 10
9.17400
 20
50.75000
 42
1.000000
  0
VERTEX
 5
25B3
  8
TOOL_TOP
 10
7.77400
 20
50.75000
  0
SEQEND
  8
TOOL_TOP
  0
TEXT
  8
TOOLCODE_TOP
 10
7.73900
 20
50.40000
 40
0.700000
  1
T00
  0
POLYLINE
 5
25B4
  8
LAYNR1
 66
1
 40
0.203200
 41
0.203200
  0
VERTEX
 5
25B5
  8
LAYNR1
 10
75.53986
 20
15.04500
  0
VERTEX
 5
25B6
  8
LAYNR1
 10
75.53983
 20
16.44500
  0
SEQEND
  8
LAYNR1
  0
POLYLINE
 5
25B7
  8
LAYNR1
 66
1
 70
1
 40
0.101600
 41
0.101600
  0
VERTEX
 5
25B8
  8
LAYNR1
 10
75.48906
 20
15.04500
 42
1.0
  0
VERTEX
 5
25B9
  8
LAYNR1
 10
75.59066
 20
15.04500
 42
1.0
  0
SEQEND
  8
LAYNR1
  0
POLYLINE
 5
25BA
  8
LAYNR1
 66
1
 70
1
 40
0.101600
 41
0.101600
  0
VERTEX
 5
25BB
  8
LAYNR1
 10
75.48903
 20
16.44500
 42
1.0
  0
VERTEX
 5
25BC
  8
LAYNR1
 10
75.59063
 20
16.44500
 42
1.0
  0
SEQEND
  8
LAYNR1
  0
POLYLINE
 5
25BD
  8
PLACEMENT_OUTLINE_TOP
 66
1
 40
0.100000
 41
0.100000
  0
VERTEX
 5
25BE
  8
PLACEMENT_OUTLINE_TOP
 10
72.97446
 20
14.67811
  0
VERTEX
 5
25BF
  8
PLACEMENT_OUTLINE_TOP
 10
78.10531
 20
14.67830
  0
SEQEND
  8
PLACEMENT_OUTLINE_TOP
  0
POLYLINE
 5
25C0
  8
PLACEMENT_OUTLINE_TOP
 66
1
 70
1
 40
0.050000
 41
0.050000
  0
VERTEX
 5
25C1
  8
PLACEMENT_OUTLINE_TOP
 10
72.94946
 20
14.67811
 42
1.0
  0
VERTEX
 5
25C2
  8
PLACEMENT_OUTLINE_TOP
 10
72.99946
 20
14.67811
 42
1.0
  0
SEQEND
  8
PLACEMENT_OUTLINE_TOP
  0
POLYLINE
 5
25C3
  8
PLACEMENT_OUTLINE_TOP
 66
1
 70
1
 40
0.050000
 41
0.050000
  0
VERTEX
 5
25C4
  8
PLACEMENT_OUTLINE_TOP
 10
78.08031
 20
14.67830
 42
1.0
  0
VERTEX
 5
25C5
  8
PLACEMENT_OUTLINE_TOP
 10
78.13031
 20
14.67830
 42
1.0
  0
SEQEND
  8
PLACEMENT_OUTLINE_TOP
  0
POLYLINE
 5
25C6
  8
PLACEMENT_OUTLINE_TOP
 66
1
 40
0.100000
 41
0.100000
  0
VERTEX
 5
25C7
  8
PLACEMENT_OUTLINE_TOP
 10
78.10531
 20
14.67830
  0
VERTEX
 5
25C8
  8
PLACEMENT_OUTLINE_TOP
 10
78.10531
 20
16.81177
  0
SEQEND
  8
PLACEMENT_OUTLINE_TOP
  0
POLYLINE
 5
25C9
  8
PLACEMENT_OUTLINE_TOP
 66
1
 70
1
 40
0.050000
 41
0.050000
  0
VERTEX
 5
25CA
  8
PLACEMENT_OUTLINE_TOP
 10
78.08031
 20
14.67830
 42
1.0
  0
VERTEX
 5
25CB
  8
PLACEMENT_OUTLINE_TOP
 10
78.13031
 20
14.67830
 42
1.0
  0
SEQEND
  8
PLACEMENT_OUTLINE_TOP
  0
POLYLINE
 5
25CC
  8
PLACEMENT_OUTLINE_TOP
 66
1
 70
1
 40
0.050000
 41
0.050000
  0
VERTEX
 5
25CD
  8
PLACEMENT_OUTLINE_TOP
 10
78.08031
 20
16.81177
 42
1.0
  0
VERTEX
 5
25CE
  8
PLACEMENT_OUTLINE_TOP
 10
78.13031
 20
16.81177
 42
1.0
  0
SEQEND
  8
PLACEMENT_OUTLINE_TOP
  0
POLYLINE
 5
25CF
  8
PLACEMENT_OUTLINE_TOP
 66
1
 40
0.100000
 41
0.100000
  0
VERTEX
 5
25D0
  8
PLACEMENT_OUTLINE_TOP
 10
78.10531
 20
16.81177
  0
VERTEX
 5
25D1
  8
PLACEMENT_OUTLINE_TOP
 10
72.97457
 20
16.81192
  0
SEQEND
  8
PLACEMENT_OUTLINE_TOP
  0
POLYLINE
 5
25D2
  8
PLACEMENT_OUTLINE_TOP
 66
1
 70
1
 40
0.050000
 41
0.050000
  0
VERTEX
 5
25D3
  8
PLACEMENT_OUTLINE_TOP
 10
78.08031
 20
16.81177
 42
1.0
  0
VERTEX
 5
25D4
  8
PLACEMENT_OUTLINE_TOP
 10
78.13031
 20
16.81177
 42
1.0
  0
SEQEND
  8
PLACEMENT_OUTLINE_TOP
  0
POLYLINE
 5
25D5
  8
PLACEMENT_OUTLINE_TOP
 66
1
 70
1
 40
0.050000
 41
0.050000
  0
VERTEX
 5
25D6
  8
PLACEMENT_OUTLINE_TOP
 10
72.94957
 20
16.81192
 42
1.0
  0
VERTEX
 5
25D7
  8
PLACEMENT_OUTLINE_TOP
 10
72.99957
 20
16.81192
 42
1.0
  0
SEQEND
  8
PLACEMENT_OUTLINE_TOP
  0
POLYLINE
 5
25D8
  8
PLACEMENT_OUTLINE_TOP
 66
1
 40
0.100000
 41
0.100000
  0
VERTEX
 5
25D9
  8
PLACEMENT_OUTLINE_TOP
 10
72.97457
 20
16.81192
  0
VERTEX
 5
25DA
  8
PLACEMENT_OUTLINE_TOP
 10
72.97446
 20
14.67811
  0
SEQEND
  8
PLACEMENT_OUTLINE_TOP
  0
POLYLINE
 5
25DB
  8
PLACEMENT_OUTLINE_TOP
 66
1
 70
1
 40
0.050000
 41
0.050000
  0
VERTEX
 5
25DC
  8
PLACEMENT_OUTLINE_TOP
 10
72.94957
 20
16.81192
 42
1.0
  0
VERTEX
 5
25DD
  8
PLACEMENT_OUTLINE_TOP
 10
72.99957
 20
16.81192
 42
1.0
  0
SEQEND
  8
PLACEMENT_OUTLINE_TOP
  0
POLYLINE
 5
25DE
  8
PLACEMENT_OUTLINE_TOP
 66
1
 70
1
 40
0.050000
 41
0.050000
  0
VERTEX
 5
25DF
  8
PLACEMENT_OUTLINE_TOP
 10
72.94946
 20
14.67811
 42
1.0
  0
VERTEX
 5
25E0
  8
PLACEMENT_OUTLINE_TOP
 10
72.99946
 20
14.67811
 42
1.0
  0
SEQEND
  8
PLACEMENT_OUTLINE_TOP
  0
SOLID
 5
25E1
  8
PADLAYER_TOP
 10
76.54330
 20
16.63391
 11
76.54330
 21
14.85591
 12
77.94030
 22
16.63391
 13
77.94030
 23
14.85591
  0
SOLID
 5
25E2
  8
PADLAYER_TOP
 10
73.13970
 20
16.63409
 11
73.13970
 21
14.85609
 12
74.53670
 22
16.63409
 13
74.53670
 23
14.85609
  0
ENDSEC
  0
EOF
