ISO-10303-21;
HEADER;
FILE_DESCRIPTION (( 'STEP AP214' ),
    '1' );
FILE_NAME ('1451-931 Bottom PID.STEP',
    '2025-08-08T04:30:31',
    ( '' ),
    ( '' ),
    'SwSTEP 2.0',
    'SolidWorks 2025',
    '' );
FILE_SCHEMA (( 'AUTOMOTIVE_DESIGN' ));
ENDSEC;

DATA;
#1 = EDGE_CURVE ( 'NONE', #885, #2091, #19, .T. ) ;
#2 = CARTESIAN_POINT ( 'NONE',  ( -6.936866956354755587, 4.185999999999999943, -5.277368241011030747 ) ) ;
#3 = VERTEX_POINT ( 'NONE', #517 ) ;
#4 = EDGE_CURVE ( 'NONE', #401, #1643, #867, .T. ) ;
#5 = EDGE_CURVE ( 'NONE', #536, #1368, #2165, .T. ) ;
#6 = EDGE_LOOP ( 'NONE', ( #215, #2277, #791 ) ) ;
#7 = CIRCLE ( 'NONE', #700, 0.6250000000000002220 ) ;
#8 = ORIENTED_EDGE ( 'NONE', *, *, #268, .T. ) ;
#9 = CARTESIAN_POINT ( 'NONE',  ( -2.999999999999999112, 3.329999999999999627, 5.227371342407519883 ) ) ;
#10 = ORIENTED_EDGE ( 'NONE', *, *, #637, .T. ) ;
#11 = DIRECTION ( 'NONE',  ( 1.000000000000000000, 0.000000000000000000, 0.000000000000000000 ) ) ;
#12 = FACE_OUTER_BOUND ( 'NONE', #2176, .T. ) ;
#13 = CARTESIAN_POINT ( 'NONE',  ( -8.331000001038171732, -0.9999999999999992228, -6.081000001038174396 ) ) ;
#14 = AXIS2_PLACEMENT_3D ( 'NONE', #421, #271, #1538 ) ;
#15 = DIRECTION ( 'NONE',  ( -7.681439064011906956E-16, 0.9993908270190957621, -0.03489949670250029612 ) ) ;
#16 = CARTESIAN_POINT ( 'NONE',  ( -7.279394065874527975, 4.185999999999999943, -5.149798235446659156 ) ) ;
#17 = VERTEX_POINT ( 'NONE', #1793 ) ;
#18 = LINE ( 'NONE', #40, #1532 ) ;
#19 = B_SPLINE_CURVE_WITH_KNOTS ( 'NONE', 3,
 ( #690, #1959, #1436, #2190 ),
 .UNSPECIFIED., .F., .F.,
 ( 4, 4 ),
 ( 0.000000000000000000, 1.000000000000000000 ),
 .UNSPECIFIED. ) ;
#20 = ORIENTED_EDGE ( 'NONE', *, *, #1143, .T. ) ;
#21 = ORIENTED_EDGE ( 'NONE', *, *, #1455, .F. ) ;
#22 = AXIS2_PLACEMENT_3D ( 'NONE', #567, #1116, #2047 ) ;
#23 = CARTESIAN_POINT ( 'NONE',  ( 7.018147746727548153, 3.977999999999999314, 5.261167506266866134 ) ) ;
#24 = CARTESIAN_POINT ( 'NONE',  ( 7.512339345409753122, 4.290000000000003588, -4.799946314012387028 ) ) ;
#25 = VECTOR ( 'NONE', #877, 39.37007874015748143 ) ;
#26 = DIRECTION ( 'NONE',  ( 0.000000000000000000, -0.03489949670250029612, -0.9993908270190957621 ) ) ;
#27 = CARTESIAN_POINT ( 'NONE',  ( -6.886276014232662668, 4.082000000000000739, -5.273736480983889585 ) ) ;
#28 = ADVANCED_FACE ( 'NONE', ( #1989 ), #1047, .T. ) ;
#29 = ADVANCED_FACE ( 'NONE', ( #1808 ), #269, .T. ) ;
#30 = ORIENTED_EDGE ( 'NONE', *, *, #1807, .F. ) ;
#31 = ORIENTED_EDGE ( 'NONE', *, *, #1029, .T. ) ;
#32 = CARTESIAN_POINT ( 'NONE',  ( 8.331000001038171732, -0.9999999999999992228, -6.081000001038174396 ) ) ;
#33 = ADVANCED_FACE ( 'NONE', ( #831 ), #2226, .T. ) ;
#34 = PLANE ( 'NONE',  #1277 ) ;
#35 = EDGE_CURVE ( 'NONE', #1996, #1841, #960, .T. ) ;
#36 = CARTESIAN_POINT ( 'NONE',  ( 6.000000000000000888, 1.040044606909830138, -5.147404337979033073 ) ) ;
#37 = CARTESIAN_POINT ( 'NONE',  ( 0.000000000000000000, 3.329999999999999627, -5.227371342407519883 ) ) ;
#38 = CONICAL_SURFACE ( 'NONE', #2038, 0.02999999999999940561, 0.02181661564992916705 ) ;
#39 = VECTOR ( 'NONE', #2046, 39.37007874015748854 ) ;
#40 = CARTESIAN_POINT ( 'NONE',  ( -6.886276014232661780, 4.289999999999999147, 5.281000001038163916 ) ) ;
#41 = LINE ( 'NONE', #619, #1409 ) ;
#42 = ORIENTED_EDGE ( 'NONE', *, *, #58, .T. ) ;
#43 = CARTESIAN_POINT ( 'NONE',  ( -6.737225758211268456, 0.02175911668801536192, 5.111845025098206818 ) ) ;
#44 = PLANE ( 'NONE',  #1370 ) ;
#45 = AXIS2_PLACEMENT_3D ( 'NONE', #2350, #668, #749 ) ;
#46 = CARTESIAN_POINT ( 'NONE',  ( -6.886765747903738522, 4.290000000000000036, -5.280999811694686130 ) ) ;
#47 = CARTESIAN_POINT ( 'NONE',  ( 7.521919701132046221, 4.290000000000002700, -4.770351970683385012 ) ) ;
#48 = ORIENTED_EDGE ( 'NONE', *, *, #2227, .F. ) ;
#49 = ORIENTED_EDGE ( 'NONE', *, *, #2099, .F. ) ;
#50 = DIRECTION ( 'NONE',  ( -0.03487826274237470353, 0.9987827659587182882, -0.03487826274237468965 ) ) ;
#51 = CIRCLE ( 'NONE', #1654, 0.02999999999999940561 ) ;
#52 = ADVANCED_FACE ( 'NONE', ( #476 ), #1713, .F. ) ;
#53 = VECTOR ( 'NONE', #1005, 39.37007874015748854 ) ;
#54 = PLANE ( 'NONE',  #2189 ) ;
#55 = DIRECTION ( 'NONE',  ( 0.000000000000000000, -1.000000000000000000, 0.000000000000000000 ) ) ;
#56 = AXIS2_PLACEMENT_3D ( 'NONE', #1498, #2048, #1871 ) ;
#57 = CARTESIAN_POINT ( 'NONE',  ( 7.477371342407519883, 3.329999999999999627, 2.999999999999999112 ) ) ;
#58 = EDGE_CURVE ( 'NONE', #1703, #734, #2074, .T. ) ;
#59 = CARTESIAN_POINT ( 'NONE',  ( 7.477371342407519883, 3.329999999999999627, -9.156836455801609052E-16 ) ) ;
#60 = EDGE_LOOP ( 'NONE', ( #1564, #1012, #1111 ) ) ;
#61 = EDGE_LOOP ( 'NONE', ( #1667, #834 ) ) ;
#62 = DIRECTION ( 'NONE',  ( 0.000000000000000000, 0.03489949670250103164, -0.9993908270190956511 ) ) ;
#63 = DIRECTION ( 'NONE',  ( 0.000000000000000000, 0.000000000000000000, 1.000000000000000000 ) ) ;
#64 = DIRECTION ( 'NONE',  ( -1.000000000000000000, 0.000000000000000000, 0.000000000000000000 ) ) ;
#65 = CARTESIAN_POINT ( 'NONE',  ( -5.999999999999999112, 3.329999999999999627, 5.227371342407522548 ) ) ;
#66 = CARTESIAN_POINT ( 'NONE',  ( 7.477371342407519883, 3.329999999999999627, -3.000000000000001332 ) ) ;
#67 = DIRECTION ( 'NONE',  ( 0.000000000000000000, -0.000000000000000000, 1.000000000000000000 ) ) ;
#68 = EDGE_CURVE ( 'NONE', #919, #1652, #1633, .T. ) ;
#69 = CARTESIAN_POINT ( 'NONE',  ( 3.000000000000000444, 3.329999999999999627, -5.227371342407519883 ) ) ;
#70 = AXIS2_PLACEMENT_3D ( 'NONE', #708, #2352, #694 ) ;
#71 = CARTESIAN_POINT ( 'NONE',  ( -7.477371342407519883, 3.329999999999999627, 3.000000000000000888 ) ) ;
#72 = EDGE_CURVE ( 'NONE', #1123, #1780, #921, .T. ) ;
#73 = ORIENTED_EDGE ( 'NONE', *, *, #659, .T. ) ;
#74 = ORIENTED_EDGE ( 'NONE', *, *, #665, .T. ) ;
#75 = CARTESIAN_POINT ( 'NONE',  ( -7.530489803964185214, 4.290000000000000924, 4.661759079649713478 ) ) ;
#76 = PLANE ( 'NONE',  #1093 ) ;
#77 = CARTESIAN_POINT ( 'NONE',  ( 7.381764744299721848, 4.290000000000002700, 5.056084322356741545 ) ) ;
#78 = CARTESIAN_POINT ( 'NONE',  ( -8.331000001038171732, -22.62853577255780380, -6.081000001038174396 ) ) ;
#79 = VERTEX_POINT ( 'NONE', #1476 ) ;
#80 = CARTESIAN_POINT ( 'NONE',  ( -6.986057716468744516, 3.849999999999999645, 5.234835713018934911 ) ) ;
#81 = AXIS2_PLACEMENT_3D ( 'NONE', #292, #1788, #1188 ) ;
#82 = ADVANCED_FACE ( 'NONE', ( #1512 ), #204, .F. ) ;
#83 = CARTESIAN_POINT ( 'NONE',  ( 7.518273741503925578, 4.081999999999998963, 4.737103264195195784 ) ) ;
#84 = FACE_OUTER_BOUND ( 'NONE', #2245, .T. ) ;
#85 = ORIENTED_EDGE ( 'NONE', *, *, #2248, .F. ) ;
#86 = ORIENTED_EDGE ( 'NONE', *, *, #1326, .F. ) ;
#87 = CARTESIAN_POINT ( 'NONE',  ( 7.397404337979034850, 1.040044606909831471, -8.303309612178949875E-16 ) ) ;
#88 = FACE_OUTER_BOUND ( 'NONE', #1795, .T. ) ;
#89 = ORIENTED_EDGE ( 'NONE', *, *, #1, .F. ) ;
#90 = CARTESIAN_POINT ( 'NONE',  ( 6.000000000000000888, 1.040044606909830138, -5.147404337979033073 ) ) ;
#91 = DIRECTION ( 'NONE',  ( 0.6227929894233988906, 0.000000000000000000, -0.7823866642045135267 ) ) ;
#92 = DIRECTION ( 'NONE',  ( 0.000000000000000000, 0.000000000000000000, -1.000000000000000000 ) ) ;
#93 = CARTESIAN_POINT ( 'NONE',  ( 7.275182537631635249, 3.978000000000001535, 5.143993152030398974 ) ) ;
#94 = B_SPLINE_CURVE_WITH_KNOTS ( 'NONE', 3,
 ( #1383, #979, #802, #1366 ),
 .UNSPECIFIED., .F., .F.,
 ( 4, 4 ),
 ( 0.000000000000000000, 0.0006235025096791667722 ),
 .UNSPECIFIED. ) ;
#95 = EDGE_CURVE ( 'NONE', #394, #2065, #959, .T. ) ;
#96 = ADVANCED_FACE ( 'NONE', ( #328 ), #416, .T. ) ;
#97 = ORIENTED_EDGE ( 'NONE', *, *, #1528, .T. ) ;
#98 = EDGE_LOOP ( 'NONE', ( #2368, #952 ) ) ;
#99 = CARTESIAN_POINT ( 'NONE',  ( 7.397404337979035738, 1.040044606909833913, 0.03711691828290496209 ) ) ;
#100 = EDGE_CURVE ( 'NONE', #807, #2040, #2231, .T. ) ;
#101 = CARTESIAN_POINT ( 'NONE',  ( -7.500000001038171327, 3.978000000000000203, 4.991366465340371761 ) ) ;
#102 = EDGE_LOOP ( 'NONE', ( #2384, #1336, #1632, #631, #2041, #667, #1680, #1196 ) ) ;
#103 = CARTESIAN_POINT ( 'NONE',  ( -7.397404337979035738, 1.040044606909962033, 3.000000000000000888 ) ) ;
#104 = FACE_OUTER_BOUND ( 'NONE', #2192, .T. ) ;
#105 = CARTESIAN_POINT ( 'NONE',  ( -7.477371342407518107, 3.329999999999999627, 3.030000000000000249 ) ) ;
#106 = CARTESIAN_POINT ( 'NONE',  ( -6.988350268973884560, 3.816532122600345911, 5.233010802532329642 ) ) ;
#107 = CARTESIAN_POINT ( 'NONE',  ( -7.440254424124614019, 2.267110526969462470, -0.05319233080528696506 ) ) ;
#108 = VERTEX_POINT ( 'NONE', #1655 ) ;
#109 = LENGTH_MEASURE_WITH_UNIT ( LENGTH_MEASURE( 0.02539999999999999897 ), #1938 );
#110 = AXIS2_PLACEMENT_3D ( 'NONE', #1997, #501, #1228 ) ;
#111 = DIRECTION ( 'NONE',  ( 2.356933008542119051E-16, 0.000000000000000000, 1.000000000000000000 ) ) ;
#112 = CARTESIAN_POINT ( 'NONE',  ( 6.886276014232660003, 4.290000000000000924, 5.281000001038162139 ) ) ;
#113 = ORIENTED_EDGE ( 'NONE', *, *, #1940, .T. ) ;
#114 = FACE_OUTER_BOUND ( 'NONE', #1434, .T. ) ;
#115 = FACE_OUTER_BOUND ( 'NONE', #1273, .T. ) ;
#116 = CARTESIAN_POINT ( 'NONE',  ( -7.443564023154245923, 3.978000000000000203, -4.945358314547546819 ) ) ;
#117 = ORIENTED_EDGE ( 'NONE', *, *, #1429, .T. ) ;
#118 = VERTEX_POINT ( 'NONE', #1797 ) ;
#119 = CARTESIAN_POINT ( 'NONE',  ( -6.000000000000000888, 1.040044606909830138, -5.147404337979033073 ) ) ;
#120 = CARTESIAN_POINT ( 'NONE',  ( -6.920468640759088963, 4.290000000000000924, 5.281000001038163028 ) ) ;
#121 = VERTEX_POINT ( 'NONE', #539 ) ;
#122 = DIRECTION ( 'NONE',  ( 2.356933008542119051E-16, 0.000000000000000000, 1.000000000000000000 ) ) ;
#123 = CARTESIAN_POINT ( 'NONE',  ( -8.331000001038171732, 4.290000000000000036, 6.081000001038174396 ) ) ;
#124 = EDGE_CURVE ( 'NONE', #1917, #1174, #210, .T. ) ;
#125 = DIRECTION ( 'NONE',  ( -0.7823866642045135267, 0.000000000000000000, -0.6227929894233988906 ) ) ;
#126 = CARTESIAN_POINT ( 'NONE',  ( 6.988900222990467981, 3.977999999999998426, -5.264672184567603885 ) ) ;
#127 = EDGE_LOOP ( 'NONE', ( #1227, #771, #1359, #1668 ) ) ;
#128 = DIRECTION ( 'NONE',  ( 0.000000000000000000, 0.000000000000000000, 1.000000000000000000 ) ) ;
#129 = CONICAL_SURFACE ( 'NONE', #676, 0.02999999999999940561, 0.02181661564992916705 ) ;
#130 = CARTESIAN_POINT ( 'NONE',  ( -3.037116918282907641, 1.040044606909678260, 5.147404337979027744 ) ) ;
#131 = VECTOR ( 'NONE', #2005, 39.37007874015748143 ) ;
#132 = ORIENTED_EDGE ( 'NONE', *, *, #2338, .T. ) ;
#133 = VERTEX_POINT ( 'NONE', #119 ) ;
#134 = FACE_OUTER_BOUND ( 'NONE', #1159, .T. ) ;
#135 = CARTESIAN_POINT ( 'NONE',  ( 7.521876067358989282, 4.185999999999999943, 4.737493433402333309 ) ) ;
#136 = CARTESIAN_POINT ( 'NONE',  ( -7.474936219514202840, 4.185999999999999943, 4.904559612448615269 ) ) ;
#137 = CARTESIAN_POINT ( 'NONE',  ( 7.530452941105265197, 4.290000000000004476, -4.662661268948120608 ) ) ;
#138 = CARTESIAN_POINT ( 'NONE',  ( -7.402728955918730591, 4.290000000000000036, 5.031855659489248289 ) ) ;
#139 = CARTESIAN_POINT ( 'NONE',  ( -0.03711691828290791112, 1.040044606909710456, -5.147404337979029521 ) ) ;
#140 = CARTESIAN_POINT ( 'NONE',  ( -3.000000000000000444, 3.329999999999999627, -5.227371342407519883 ) ) ;
#141 = EDGE_LOOP ( 'NONE', ( #10, #951, #97, #672 ) ) ;
#142 = CARTESIAN_POINT ( 'NONE',  ( -6.757529695745578380, 0.6031878145609368413, -5.132148962632514078 ) ) ;
#143 = ORIENTED_EDGE ( 'NONE', *, *, #418, .F. ) ;
#144 = CARTESIAN_POINT ( 'NONE',  ( -7.499136881866544257, 4.289999999999999147, -4.846692582352656764 ) ) ;
#145 = AXIS2_PLACEMENT_3D ( 'NONE', #1311, #2251, #754 ) ;
#146 = CARTESIAN_POINT ( 'NONE',  ( -7.524961962841677732, 4.290000000000001812, 4.724118420087832781 ) ) ;
#147 = ORIENTED_EDGE ( 'NONE', *, *, #427, .F. ) ;
#148 = CARTESIAN_POINT ( 'NONE',  ( -6.912661268948173898, 4.289999999999999147, -5.280452941105278519 ) ) ;
#149 = LINE ( 'NONE', #1682, #1676 ) ;
#150 = CARTESIAN_POINT ( 'NONE',  ( 3.037116918282909417, 1.040044606909678260, 5.147404337979027744 ) ) ;
#151 = B_SPLINE_CURVE_WITH_KNOTS ( 'NONE', 3,
 ( #137, #1253, #710, #1458 ),
 .UNSPECIFIED., .F., .F.,
 ( 4, 4 ),
 ( 0.000000000000000000, 1.000000000000000000 ),
 .UNSPECIFIED. ) ;
#152 = ORIENTED_EDGE ( 'NONE', *, *, #162, .F. ) ;
#153 = DIRECTION ( 'NONE',  ( -0.9993908270190957621, 0.03489949670250029612, 2.355497228635514808E-16 ) ) ;
#154 = CARTESIAN_POINT ( 'NONE',  ( 7.096692582352646106, 4.290000000000004476, -5.249136881866530935 ) ) ;
#155 = ADVANCED_FACE ( 'NONE', ( #1818 ), #2073, .F. ) ;
#156 = AXIS2_PLACEMENT_3D ( 'NONE', #1114, #753, #413 ) ;
#157 = ORIENTED_EDGE ( 'NONE', *, *, #2276, .F. ) ;
#158 = ORIENTED_EDGE ( 'NONE', *, *, #2234, .T. ) ;
#159 = DIRECTION ( 'NONE',  ( 0.000000000000000000, -0.000000000000000000, 1.000000000000000000 ) ) ;
#160 = CARTESIAN_POINT ( 'NONE',  ( 7.381764744299721848, 4.290000000000002700, 5.056084322356741545 ) ) ;
#161 = FACE_OUTER_BOUND ( 'NONE', #1393, .T. ) ;
#162 = EDGE_CURVE ( 'NONE', #1846, #908, #789, .T. ) ;
#163 = FACE_BOUND ( 'NONE', #768, .T. ) ;
#164 = CARTESIAN_POINT ( 'NONE',  ( 6.030000000000001137, 3.329999999999999627, 5.227371342407519883 ) ) ;
#165 = CARTESIAN_POINT ( 'NONE',  ( 0.05319233080529429947, 2.267110526969376316, -5.190254424124611354 ) ) ;
#166 = CARTESIAN_POINT ( 'NONE',  ( 7.440254424124613131, 2.267110526969371431, 2.946807669194704271 ) ) ;
#167 = ORIENTED_EDGE ( 'NONE', *, *, #235, .F. ) ;
#168 = ORIENTED_EDGE ( 'NONE', *, *, #1342, .T. ) ;
#169 = ORIENTED_EDGE ( 'NONE', *, *, #2156, .T. ) ;
#170 = CIRCLE ( 'NONE', #793, 0.6250000000000005551 ) ;
#171 = B_SPLINE_CURVE_WITH_KNOTS ( 'NONE', 3,
 ( #2225, #2252, #1631, #560, #1287, #917, #1673, #2422, #744, #2382, #1301 ),
 .UNSPECIFIED., .F., .F.,
 ( 4, 1, 1, 1, 1, 1, 1, 1, 4 ),
 ( 0.000000000000000000, 0.1399999999999995692, 0.2800000000000038014, 0.4199999999999991518, 0.5600000000000013856, 0.6699999999999998179, 0.7799999999999953637, 0.8899999999999987921, 1.000000000000000000 ),
 .UNSPECIFIED. ) ;
#172 = ADVANCED_FACE ( 'NONE', ( #1714, #431, #1935, #993, #242, #1569 ), #796, .F. ) ;
#173 = EDGE_CURVE ( 'NONE', #471, #1917, #212, .T. ) ;
#174 =( NAMED_UNIT ( * ) SI_UNIT ( $, .STERADIAN. ) SOLID_ANGLE_UNIT ( ) );
#175 = CARTESIAN_POINT ( 'NONE',  ( -7.523736480983890473, 4.082000000000000739, -4.675190664763537285 ) ) ;
#176 = CARTESIAN_POINT ( 'NONE',  ( 7.150671012534882465, 3.978000000000001535, 5.218252013887481056 ) ) ;
#177 = CARTESIAN_POINT ( 'NONE',  ( 7.477371342407519883, 3.329999999999999627, 2.999999999999999112 ) ) ;
#178 = CARTESIAN_POINT ( 'NONE',  ( 6.000000000000000888, 3.329999999999999627, -5.197371342407520522 ) ) ;
#179 = DIRECTION ( 'NONE',  ( -1.000000000000000000, 0.000000000000000000, 0.000000000000000000 ) ) ;
#180 = EDGE_CURVE ( 'NONE', #1706, #1677, #1752, .T. ) ;
#181 = CARTESIAN_POINT ( 'NONE',  ( -7.531000001038171909, 4.290000000000000036, -4.670468640759094292 ) ) ;
#182 = EDGE_LOOP ( 'NONE', ( #2218, #920, #2110, #1825 ) ) ;
#183 = ORIENTED_EDGE ( 'NONE', *, *, #2021, .T. ) ;
#184 = CARTESIAN_POINT ( 'NONE',  ( -6.886276014232660003, 3.978000000000000647, 5.270104720956747535 ) ) ;
#185 = DIRECTION ( 'NONE',  ( 0.000000000000000000, 0.000000000000000000, 1.000000000000000000 ) ) ;
#186 = CARTESIAN_POINT ( 'NONE',  ( -6.000000000000000888, 3.329999999999999627, -5.227371342407519883 ) ) ;
#187 = CARTESIAN_POINT ( 'NONE',  ( 7.382148962632513189, 0.6031878145609368413, -4.507529695745578380 ) ) ;
#188 = AXIS2_PLACEMENT_3D ( 'NONE', #1008, #1766, #1424 ) ;
#189 = ORIENTED_EDGE ( 'NONE', *, *, #336, .T. ) ;
#190 = CIRCLE ( 'NONE', #2109, 0.02999999999999940561 ) ;
#191 = CARTESIAN_POINT ( 'NONE',  ( -7.154559612448618822, 4.186000000000001720, -5.224936219514217051 ) ) ;
#192 = ORIENTED_EDGE ( 'NONE', *, *, #1108, .T. ) ;
#193 = ORIENTED_EDGE ( 'NONE', *, *, #1296, .F. ) ;
#194 = ORIENTED_EDGE ( 'NONE', *, *, #1145, .T. ) ;
#195 = CARTESIAN_POINT ( 'NONE',  ( 7.488771570660153643, 3.977999999999998870, 4.843160295773926372 ) ) ;
#196 = CARTESIAN_POINT ( 'NONE',  ( 7.397404337979032185, 1.040044606909795277, -3.000000000000001332 ) ) ;
#197 = CARTESIAN_POINT ( 'NONE',  ( 0.000000000000000000, 3.329999999999999627, -5.197371342407520522 ) ) ;
#198 = EDGE_CURVE ( 'NONE', #2255, #3, #618, .T. ) ;
#199 = CARTESIAN_POINT ( 'NONE',  ( -6.932968370793672008, 4.290000000000000036, -5.279612479296196703 ) ) ;
#200 = CARTESIAN_POINT ( 'NONE',  ( -7.495684922694962005, 4.186000000000000831, -4.846199520708071695 ) ) ;
#201 = FACE_OUTER_BOUND ( 'NONE', #972, .T. ) ;
#202 = EDGE_CURVE ( 'NONE', #654, #1703, #1915, .T. ) ;
#203 = VERTEX_POINT ( 'NONE', #1728 ) ;
#204 = B_SPLINE_SURFACE_WITH_KNOTS ( 'NONE', 3, 3, ( 
 ( #1130, #1305, #2229, #1893, #1884, #718, #756, #1104, #1873, #181, #1463 ),
 ( #1674, #2, #2023, #191, #16, #930, #1499, #200, #745, #1490, #941 ),
 ( #27, #765, #2263, #1258, #1332, #1149, #1939, #1067, #2366, #175, #1039 ),
 ( #670, #859, #685, #1097, #2405, #2183, #2219, #1831, #2030, #1250, #344 ) ),
 .UNSPECIFIED., .F., .F., .F.,
 ( 4, 4 ),
 ( 4, 1, 1, 1, 1, 1, 1, 1, 4 ),
 ( 0.1371315141361678369, 0.5065589381862934948 ),
 ( 0.000000000000000000, 0.1400000000000020950, 0.2800000000000056333, 0.4199999999999983191, 0.5600000000000003864, 0.6700000000000018163, 0.7799999999999964739, 0.8899999999999997913, 1.000000000000000000 ),
 .UNSPECIFIED. ) ;
#205 = CIRCLE ( 'NONE', #1333, 0.02999999999999940561 ) ;
#206 = EDGE_CURVE ( 'NONE', #255, #203, #1357, .T. ) ;
#207 = ORIENTED_EDGE ( 'NONE', *, *, #173, .F. ) ;
#208 = CIRCLE ( 'NONE', #824, 0.02999999999999940561 ) ;
#209 = CARTESIAN_POINT ( 'NONE',  ( -6.988900222990471534, 3.977999999999998426, 5.264672184567601221 ) ) ;
#210 = B_SPLINE_CURVE_WITH_KNOTS ( 'NONE', 3,
 ( #510, #1640, #1442, #2196 ),
 .UNSPECIFIED., .F., .F.,
 ( 4, 4 ),
 ( 0.000000000000000000, 0.0006235025098074929413 ),
 .UNSPECIFIED. ) ;
#211 = DIRECTION ( 'NONE',  ( 0.000000000000000000, 1.000000000000000000, 0.000000000000000000 ) ) ;
#212 = B_SPLINE_CURVE_WITH_KNOTS ( 'NONE', 3,
 ( #1559, #446, #2305, #408 ),
 .UNSPECIFIED., .F., .F.,
 ( 4, 4 ),
 ( 0.000000000000000000, 0.0005219511385728709419 ),
 .UNSPECIFIED. ) ;
#213 = ORIENTED_EDGE ( 'NONE', *, *, #715, .T. ) ;
#214 = CARTESIAN_POINT ( 'NONE',  ( 3.037116918282908529, 1.040044606909678260, -5.147404337979027744 ) ) ;
#215 = ORIENTED_EDGE ( 'NONE', *, *, #1342, .F. ) ;
#216 = LINE ( 'NONE', #1699, #847 ) ;
#217 = CARTESIAN_POINT ( 'NONE',  ( -6.757529695745578380, 0.6250000000000000000, -4.507529695745579268 ) ) ;
#218 = PLANE ( 'NONE',  #437 ) ;
#219 = AXIS2_PLACEMENT_3D ( 'NONE', #66, #1945, #1493 ) ;
#220 = AXIS2_PLACEMENT_3D ( 'NONE', #396, #2102, #1125 ) ;
#221 = CARTESIAN_POINT ( 'NONE',  ( 6.929311565198580602, 3.978000000000000647, 5.270104720956750199 ) ) ;
#222 = LINE ( 'NONE', #1194, #570 ) ;
#223 = EDGE_CURVE ( 'NONE', #1259, #121, #1150, .T. ) ;
#224 = ORIENTED_EDGE ( 'NONE', *, *, #747, .F. ) ;
#225 = EDGE_LOOP ( 'NONE', ( #1670, #1623 ) ) ;
#226 = CARTESIAN_POINT ( 'NONE',  ( 7.382148962632515854, 0.6031878145609368413, 4.507529695745578380 ) ) ;
#227 = CIRCLE ( 'NONE', #2236, 0.6250000000000000000 ) ;
#228 = DIRECTION ( 'NONE',  ( 0.9993908270190957621, -0.03489949670250104552, -2.136676443086464531E-16 ) ) ;
#229 = ADVANCED_FACE ( 'NONE', ( #644 ), #2144, .T. ) ;
#230 = CARTESIAN_POINT ( 'NONE',  ( -7.382148962632513189, 0.6031878145609368413, -5.111085179999999895 ) ) ;
#231 = CARTESIAN_POINT ( 'NONE',  ( 6.925190664763528403, 4.082000000000001627, -5.273736480983882480 ) ) ;
#232 = DIRECTION ( 'NONE',  ( 0.9993908270190956511, 0.03489949670250103164, 0.000000000000000000 ) ) ;
#233 = CARTESIAN_POINT ( 'NONE',  ( 7.478270735737271302, 4.290000000000003588, -4.905186470079145877 ) ) ;
#234 = ORIENTED_EDGE ( 'NONE', *, *, #1544, .F. ) ;
#235 = EDGE_CURVE ( 'NONE', #1309, #2278, #679, .T. ) ;
#236 = CARTESIAN_POINT ( 'NONE',  ( 3.030000000000002025, 3.329999999999999627, 5.227371342407519883 ) ) ;
#237 = CARTESIAN_POINT ( 'NONE',  ( -5.999999999999999112, 3.329999999999999627, 5.197371342407522299 ) ) ;
#238 = CARTESIAN_POINT ( 'NONE',  ( -3.053192330805295285, 2.267110526969351003, -5.190254424124611354 ) ) ;
#239 = DIRECTION ( 'NONE',  ( 0.000000000000000000, -0.000000000000000000, 1.000000000000000000 ) ) ;
#240 = CARTESIAN_POINT ( 'NONE',  ( 0.000000000000000000, 4.290000000000000036, 0.000000000000000000 ) ) ;
#241 = ADVANCED_FACE ( 'NONE', ( #1192 ), #607, .F. ) ;
#242 = FACE_BOUND ( 'NONE', #60, .T. ) ;
#243 = ORIENTED_EDGE ( 'NONE', *, *, #1653, .T. ) ;
#244 = VERTEX_POINT ( 'NONE', #1546 ) ;
#245 = CARTESIAN_POINT ( 'NONE',  ( 6.757529695745578380, 0.6250000000000000000, -4.507529695745579268 ) ) ;
#246 = CARTESIAN_POINT ( 'NONE',  ( 8.331000001038171732, -0.9999999999999992228, 6.081000001038174396 ) ) ;
#247 = DIRECTION ( 'NONE',  ( -0.000000000000000000, 1.000000000000000000, 0.000000000000000000 ) ) ;
#248 = EDGE_LOOP ( 'NONE', ( #495, #448, #1794 ) ) ;
#249 = CARTESIAN_POINT ( 'NONE',  ( -7.500000001038172215, 3.978000000000000203, -4.991366465340372649 ) ) ;
#250 = PLANE ( 'NONE',  #1317 ) ;
#251 = CARTESIAN_POINT ( 'NONE',  ( 7.500000001038173991, 3.978000000000000203, 4.991366465340371761 ) ) ;
#252 = CARTESIAN_POINT ( 'NONE',  ( 7.514672184567605662, 3.978000000000000647, 4.738900222990475086 ) ) ;
#253 = AXIS2_PLACEMENT_3D ( 'NONE', #2329, #2383, #296 ) ;
#254 = CARTESIAN_POINT ( 'NONE',  ( -7.530452941105293618, 4.290000000000000924, 4.662661268947495330 ) ) ;
#255 = VERTEX_POINT ( 'NONE', #2292 ) ;
#256 = ORIENTED_EDGE ( 'NONE', *, *, #837, .T. ) ;
#257 = CARTESIAN_POINT ( 'NONE',  ( -6.757529695745576603, 0.000000000000000000, 5.111085179999999895 ) ) ;
#258 = DIRECTION ( 'NONE',  ( -0.000000000000000000, -1.000000000000000000, -0.000000000000000000 ) ) ;
#259 = DIRECTION ( 'NONE',  ( -0.000000000000000000, -1.000000000000000000, -0.000000000000000000 ) ) ;
#260 = DIRECTION ( 'NONE',  ( 1.000000000000000000, -0.000000000000000000, 0.000000000000000000 ) ) ;
#261 = ORIENTED_EDGE ( 'NONE', *, *, #1721, .T. ) ;
#262 = LINE ( 'NONE', #978, #2281 ) ;
#263 = CARTESIAN_POINT ( 'NONE',  ( 6.000000000000001776, 3.329999999999999627, 5.197371342407518746 ) ) ;
#264 = CARTESIAN_POINT ( 'NONE',  ( -6.053192330805293508, 2.267110526969387863, -5.190254424124613131 ) ) ;
#265 = DIMENSIONAL_EXPONENTS ( 1.000000000000000000, 0.000000000000000000, 0.000000000000000000, 0.000000000000000000, 0.000000000000000000, 0.000000000000000000, 0.000000000000000000 ) ;
#266 = ORIENTED_EDGE ( 'NONE', *, *, #515, .T. ) ;
#267 = ADVANCED_FACE ( 'NONE', ( #1437 ), #1435, .T. ) ;
#268 = EDGE_CURVE ( 'NONE', #1996, #682, #2363, .T. ) ;
#269 = PLANE ( 'NONE',  #188 ) ;
#270 = CARTESIAN_POINT ( 'NONE',  ( 7.523736480983886921, 4.082000000000000739, 4.675190664763532844 ) ) ;
#271 = DIRECTION ( 'NONE',  ( 0.000000000000000000, 0.000000000000000000, 1.000000000000000000 ) ) ;
#272 = ADVANCED_FACE ( 'NONE', ( #846 ), #1074, .T. ) ;
#273 = ORIENTED_EDGE ( 'NONE', *, *, #1475, .F. ) ;
#274 = ORIENTED_EDGE ( 'NONE', *, *, #975, .T. ) ;
#275 = CARTESIAN_POINT ( 'NONE',  ( 7.500000001038172215, 3.978000000000000647, -4.625380734151237405 ) ) ;
#276 = EDGE_CURVE ( 'NONE', #552, #1181, #94, .T. ) ;
#277 = CIRCLE ( 'NONE', #1249, 0.6250000000000002220 ) ;
#278 = ORIENTED_EDGE ( 'NONE', *, *, #1843, .F. ) ;
#279 = CARTESIAN_POINT ( 'NONE',  ( -6.757529695745576603, 0.6031878145609368413, 5.132148962632514078 ) ) ;
#280 =( BOUNDED_CURVE ( )  B_SPLINE_CURVE ( 3, ( #1286, #2036, #527, #2011, #2421, #2381, #319 ),
 .UNSPECIFIED., .F., .T. ) 
 B_SPLINE_CURVE_WITH_KNOTS ( ( 4, 3, 4 ),
 ( 4.037455645473722932, 6.283185307179582679, 8.528914968885441539 ),
 .UNSPECIFIED. ) 
 CURVE ( )  GEOMETRIC_REPRESENTATION_ITEM ( )  RATIONAL_B_SPLINE_CURVE ( ( 1.000000000000000000, 0.6220680176060389144, 0.6220680176060389144, 1.000000000000000000, 0.6220680176060391364, 0.6220680176060391364, 1.000000000000000000 ) ) 
 REPRESENTATION_ITEM ( '' )  );
#281 = CARTESIAN_POINT ( 'NONE',  ( -7.361085179999997230, 0.000000000000000000, 4.507529695745578380 ) ) ;
#282 = CARTESIAN_POINT ( 'NONE',  ( 7.468252013887473950, 3.978000000000000647, -4.900671012534878912 ) ) ;
#283 = CONICAL_SURFACE ( 'NONE', #2128, 0.02999999999999940561, 0.02181661564992916705 ) ;
#284 = ORIENTED_EDGE ( 'NONE', *, *, #606, .F. ) ;
#285 = CONICAL_SURFACE ( 'NONE', #372, 0.02999999999999940561, 0.02181661564992916705 ) ;
#286 = CARTESIAN_POINT ( 'NONE',  ( -7.086884155421196319, 3.799999999999999822, 5.209346776713581484 ) ) ;
#287 = ORIENTED_EDGE ( 'NONE', *, *, #1475, .T. ) ;
#288 = CARTESIAN_POINT ( 'NONE',  ( -7.349409824244111711, -0.3343384445937025440, 4.474790557357178677 ) ) ;
#289 = CARTESIAN_POINT ( 'NONE',  ( -6.875380734151235629, 3.978000000000000647, 5.250000001038173103 ) ) ;
#290 = ORIENTED_EDGE ( 'NONE', *, *, #2156, .F. ) ;
#291 = LINE ( 'NONE', #1175, #1536 ) ;
#292 = CARTESIAN_POINT ( 'NONE',  ( -6.000000000000000888, 3.329999999999999627, -5.227371342407519883 ) ) ;
#293 = CYLINDRICAL_SURFACE ( 'NONE', #1185, 0.6250000000000000000 ) ;
#294 = CARTESIAN_POINT ( 'NONE',  ( 6.886276014232654674, 3.978000000000000203, -5.270104720956744870 ) ) ;
#295 =( BOUNDED_CURVE ( )  B_SPLINE_CURVE ( 3, ( #1353, #2115, #2187, #2018 ),
 .UNSPECIFIED., .F., .F. ) 
 B_SPLINE_CURVE_WITH_KNOTS ( ( 4, 4 ),
 ( 4.037455645473637666, 6.283185307179586232 ),
 .UNSPECIFIED. ) 
 CURVE ( )  GEOMETRIC_REPRESENTATION_ITEM ( )  RATIONAL_B_SPLINE_CURVE ( ( 1.000000000000000000, 0.6220680176060122690, 0.6220680176060122690, 1.000000000000000000 ) ) 
 REPRESENTATION_ITEM ( '' )  );
#296 = DIRECTION ( 'NONE',  ( 0.000000000000000000, -0.000000000000000000, 1.000000000000000000 ) ) ;
#297 = PLANE ( 'NONE',  #2311 ) ;
#298 = EDGE_LOOP ( 'NONE', ( #2354, #1151, #290 ) ) ;
#299 = ORIENTED_EDGE ( 'NONE', *, *, #124, .T. ) ;
#300 = ADVANCED_FACE ( 'NONE', ( #443 ), #250, .T. ) ;
#301 = CIRCLE ( 'NONE', #220, 0.02999999999999901010 ) ;
#302 = CARTESIAN_POINT ( 'NONE',  ( 7.379020430673659092, 4.186000000000000831, 5.053785603084562261 ) ) ;
#303 = CARTESIAN_POINT ( 'NONE',  ( -7.500000001038172215, 3.978000000000000647, -4.625380734151238293 ) ) ;
#304 = VERTEX_POINT ( 'NONE', #814 ) ;
#305 = CARTESIAN_POINT ( 'NONE',  ( -7.477371342407521659, 3.329999999999999627, 9.156836455801609052E-16 ) ) ;
#306 = CARTESIAN_POINT ( 'NONE',  ( -7.520104720956747535, 3.978000000000000647, -4.669887007281716684 ) ) ;
#307 = ADVANCED_FACE ( 'NONE', ( #1567 ), #1933, .T. ) ;
#308 = CIRCLE ( 'NONE', #356, 0.02999999999999940561 ) ;
#309 = CARTESIAN_POINT ( 'NONE',  ( -7.131250223744024730, 3.799999999999999822, 5.186184542054832924 ) ) ;
#310 = CARTESIAN_POINT ( 'NONE',  ( 7.514750230323797631, 4.082000000000001627, -4.765842673906390381 ) ) ;
#311 = VECTOR ( 'NONE', #2321, 39.37007874015748143 ) ;
#312 = ORIENTED_EDGE ( 'NONE', *, *, #2319, .T. ) ;
#313 = ORIENTED_EDGE ( 'NONE', *, *, #1535, .F. ) ;
#314 = CARTESIAN_POINT ( 'NONE',  ( -7.134129156055702303, 3.635387447979721465, 5.187405831888456831 ) ) ;
#315 = CARTESIAN_POINT ( 'NONE',  ( 7.016341269490053989, 4.186000000000000831, 5.268334191112172604 ) ) ;
#316 = CARTESIAN_POINT ( 'NONE',  ( -7.096692582352652323, 4.290000000000002700, 5.249136881866528270 ) ) ;
#317 = DIRECTION ( 'NONE',  ( -0.000000000000000000, -1.000000000000000000, -0.000000000000000000 ) ) ;
#318 = DIRECTION ( 'NONE',  ( 0.000000000000000000, 0.000000000000000000, -1.000000000000000000 ) ) ;
#319 = CARTESIAN_POINT ( 'NONE',  ( -7.477371342407518995, 3.329999999999999627, -2.970000000000000195 ) ) ;
#320 = CARTESIAN_POINT ( 'NONE',  ( 3.053192330805296617, 2.267110526969351003, 5.190254424124611354 ) ) ;
#321 = VECTOR ( 'NONE', #534, 39.37007874015748143 ) ;
#322 = ORIENTED_EDGE ( 'NONE', *, *, #95, .T. ) ;
#323 = EDGE_LOOP ( 'NONE', ( #895, #2418, #724, #1407 ) ) ;
#324 = CARTESIAN_POINT ( 'NONE',  ( -7.477371342407518995, 3.329999999999999183, 0.03000000000000024869 ) ) ;
#325 = B_SPLINE_CURVE_WITH_KNOTS ( 'NONE', 3,
 ( #1153, #75, #655, #2133 ),
 .UNSPECIFIED., .F., .F.,
 ( 4, 4 ),
 ( 0.02653568177844922715, 0.02796245893475185137 ),
 .UNSPECIFIED. ) ;
#326 = CARTESIAN_POINT ( 'NONE',  ( 6.987493433402326204, 4.186000000000000831, -5.271876067358986617 ) ) ;
#327 = ORIENTED_EDGE ( 'NONE', *, *, #844, .T. ) ;
#328 = FACE_OUTER_BOUND ( 'NONE', #298, .T. ) ;
#329 = CARTESIAN_POINT ( 'NONE',  ( -6.987493433402332421, 4.186000000000000831, 5.271876067358985729 ) ) ;
#330 = VERTEX_POINT ( 'NONE', #1121 ) ;
#331 = CARTESIAN_POINT ( 'NONE',  ( -6.911308153779824437, 4.290000000000000924, -5.280507514104683331 ) ) ;
#332 = CARTESIAN_POINT ( 'NONE',  ( -6.000000000000000888, 3.329999999999999627, -5.227371342407519883 ) ) ;
#333 = CARTESIAN_POINT ( 'NONE',  ( 7.530507514104278322, 4.290000000000003588, -4.661308153789716968 ) ) ;
#334 = PLANE ( 'NONE',  #22 ) ;
#335 = FACE_OUTER_BOUND ( 'NONE', #531, .T. ) ;
#336 = EDGE_CURVE ( 'NONE', #330, #1942, #881, .T. ) ;
#337 = EDGE_LOOP ( 'NONE', ( #1307, #1746, #2402, #1152, #750, #322, #2388, #30 ) ) ;
#338 = FACE_OUTER_BOUND ( 'NONE', #581, .T. ) ;
#339 = CARTESIAN_POINT ( 'NONE',  ( 7.306084322356732663, 4.290000000000004476, -5.131764744299720959 ) ) ;
#340 = EDGE_CURVE ( 'NONE', #878, #552, #1554, .T. ) ;
#341 = VERTEX_POINT ( 'NONE', #932 ) ;
#342 = EDGE_LOOP ( 'NONE', ( #1247, #1209 ) ) ;
#343 = VECTOR ( 'NONE', #864, 39.37007874015748143 ) ;
#344 = CARTESIAN_POINT ( 'NONE',  ( -7.520104720956747535, 3.978000000000000647, -4.636276014232661780 ) ) ;
#345 = VECTOR ( 'NONE', #2160, 39.37007874015748854 ) ;
#346 = CARTESIAN_POINT ( 'NONE',  ( -2.946807669194705603, 2.267110526969361217, -5.190254424124611354 ) ) ;
#347 = EDGE_LOOP ( 'NONE', ( #284, #1717, #1506 ) ) ;
#348 = FACE_BOUND ( 'NONE', #797, .T. ) ;
#349 = LINE ( 'NONE', #178, #39 ) ;
#350 = CARTESIAN_POINT ( 'NONE',  ( 7.361845025098205930, 0.02175911668801537927, -4.487225758211271121 ) ) ;
#351 = ORIENTED_EDGE ( 'NONE', *, *, #1792, .T. ) ;
#352 = B_SPLINE_CURVE_WITH_KNOTS ( 'NONE', 3,
 ( #1213, #1378, #1600, #483, #1616, #77, #684, #509, #1982, #2351, #669 ),
 .UNSPECIFIED., .F., .F.,
 ( 4, 1, 1, 1, 1, 1, 1, 1, 4 ),
 ( 0.09218430189428053478, 0.1399999999999988753, 0.2800000000000048006, 0.4199999999999999289, 0.5600000000000006084, 0.6700000000000004841, 0.7799999999999949196, 0.8900000000000003464, 0.9999999999999998890 ),
 .UNSPECIFIED. ) ;
#353 = ORIENTED_EDGE ( 'NONE', *, *, #2025, .T. ) ;
#354 = EDGE_CURVE ( 'NONE', #1780, #1374, #295, .T. ) ;
#355 = ADVANCED_FACE ( 'NONE', ( #2267 ), #293, .F. ) ;
#356 = AXIS2_PLACEMENT_3D ( 'NONE', #633, #1162, #412 ) ;
#357 = ORIENTED_EDGE ( 'NONE', *, *, #362, .F. ) ;
#358 = PRESENTATION_LAYER_ASSIGNMENT (  '', '', ( #1686 ) ) ;
#359 = VERTEX_POINT ( 'NONE', #674 ) ;
#360 = ADVANCED_FACE ( 'NONE', ( #854 ), #38, .T. ) ;
#361 = CARTESIAN_POINT ( 'NONE',  ( 6.936866956354756475, 4.186000000000001720, 5.277368241011028083 ) ) ;
#362 = EDGE_CURVE ( 'NONE', #1979, #1936, #842, .T. ) ;
#363 = CARTESIAN_POINT ( 'NONE',  ( -7.531000001038159475, 4.290000000000000924, 4.636276014232660891 ) ) ;
#364 = ORIENTED_EDGE ( 'NONE', *, *, #461, .F. ) ;
#365 = FACE_BOUND ( 'NONE', #1560, .T. ) ;
#366 = CARTESIAN_POINT ( 'NONE',  ( 7.440254424124614019, 2.267110526969412287, -2.946807669194708712 ) ) ;
#367 = ORIENTED_EDGE ( 'NONE', *, *, #933, .T. ) ;
#368 = DIRECTION ( 'NONE',  ( 0.03487826274237471741, -0.9987827659587183993, 0.03487826274237471741 ) ) ;
#369 = CARTESIAN_POINT ( 'NONE',  ( 6.886276014232653786, 4.290000000000003588, -5.281000001038156810 ) ) ;
#370 = AXIS2_PLACEMENT_3D ( 'NONE', #1140, #399, #67 ) ;
#371 = ORIENTED_EDGE ( 'NONE', *, *, #1375, .F. ) ;
#372 = AXIS2_PLACEMENT_3D ( 'NONE', #2215, #755, #1660 ) ;
#373 = FACE_OUTER_BOUND ( 'NONE', #434, .T. ) ;
#374 = FACE_OUTER_BOUND ( 'NONE', #1200, .T. ) ;
#375 = CARTESIAN_POINT ( 'NONE',  ( 7.530452941105265197, 4.290000000000004476, -4.662661268948120608 ) ) ;
#376 = LINE ( 'NONE', #1242, #1304 ) ;
#377 = DIRECTION ( 'NONE',  ( 0.000000000000000000, 1.000000000000000000, 0.000000000000000000 ) ) ;
#378 = DIRECTION ( 'NONE',  ( 0.000000000000000000, 0.000000000000000000, -1.000000000000000000 ) ) ;
#379 = ORIENTED_EDGE ( 'NONE', *, *, #837, .F. ) ;
#380 = DIRECTION ( 'NONE',  ( 0.000000000000000000, -0.000000000000000000, 1.000000000000000000 ) ) ;
#381 = EDGE_LOOP ( 'NONE', ( #1223, #1187 ) ) ;
#382 = SHAPE_DEFINITION_REPRESENTATION ( #1142, #971 ) ;
#383 = ORIENTED_EDGE ( 'NONE', *, *, #1662, .F. ) ;
#384 = CARTESIAN_POINT ( 'NONE',  ( 7.477371342407519883, 3.329999999999999627, 0.02999999999999809069 ) ) ;
#385 = DIRECTION ( 'NONE',  ( 1.000000000000000000, 0.000000000000000000, 0.000000000000000000 ) ) ;
#386 = CARTESIAN_POINT ( 'NONE',  ( -7.134129156055702303, 3.849999999999999645, 5.187405831888456831 ) ) ;
#387 = VECTOR ( 'NONE', #1597, 39.37007874015748143 ) ;
#388 = CARTESIAN_POINT ( 'NONE',  ( 0.000000000000000000, 1.040044606909780844, -5.147404337979032185 ) ) ;
#389 = VECTOR ( 'NONE', #1351, 39.37007874015748143 ) ;
#390 = LINE ( 'NONE', #980, #1610 ) ;
#391 = EDGE_CURVE ( 'NONE', #1259, #1280, #1972, .T. ) ;
#392 = CARTESIAN_POINT ( 'NONE',  ( -7.134129156055702303, 3.849999999999999645, 5.187405831888456831 ) ) ;
#393 = CARTESIAN_POINT ( 'NONE',  ( 6.886602484407702285, 4.290000000000001812, 5.280999937931695420 ) ) ;
#394 = VERTEX_POINT ( 'NONE', #1395 ) ;
#395 = EDGE_LOOP ( 'NONE', ( #1588, #113, #621, #1635 ) ) ;
#396 = CARTESIAN_POINT ( 'NONE',  ( 7.477371342407521659, 3.329999999999999627, -9.156836455801609052E-16 ) ) ;
#397 = CARTESIAN_POINT ( 'NONE',  ( 7.361085179999999895, 0.000000000000000000, -5.111085179999999895 ) ) ;
#398 = LINE ( 'NONE', #1138, #1694 ) ;
#399 = DIRECTION ( 'NONE',  ( 0.000000000000000000, 1.000000000000000000, 0.000000000000000000 ) ) ;
#400 = CARTESIAN_POINT ( 'NONE',  ( 3.000000000000000444, 1.040044606909832137, -5.147404337979033073 ) ) ;
#401 = VERTEX_POINT ( 'NONE', #2163 ) ;
#402 = B_SPLINE_CURVE_WITH_KNOTS ( 'NONE', 3,
 ( #841, #658, #487, #812 ),
 .UNSPECIFIED., .F., .F.,
 ( 4, 4 ),
 ( 0.000000000000000000, 0.0006235025104603140545 ),
 .UNSPECIFIED. ) ;
#403 = DIRECTION ( 'NONE',  ( -0.000000000000000000, -1.000000000000000000, -0.000000000000000000 ) ) ;
#404 = DIRECTION ( 'NONE',  ( 1.000000000000000000, -0.000000000000000000, -0.000000000000000000 ) ) ;
#405 = CARTESIAN_POINT ( 'NONE',  ( -7.134129156055702303, 3.799999999999999822, 5.187405831888456831 ) ) ;
#406 = CARTESIAN_POINT ( 'NONE',  ( -6.886276014232663556, 4.290000000000000036, -5.281000001038172798 ) ) ;
#407 = ADVANCED_FACE ( 'NONE', ( #115 ), #1219, .F. ) ;
#408 = CARTESIAN_POINT ( 'NONE',  ( -7.530999811694696788, 4.289999999999999147, 4.636765747866525622 ) ) ;
#409 = EDGE_CURVE ( 'NONE', #654, #734, #829, .T. ) ;
#410 = ORIENTED_EDGE ( 'NONE', *, *, #2153, .F. ) ;
#411 = EDGE_LOOP ( 'NONE', ( #1337, #2216, #49, #914, #1844, #1263, #89, #2387, #1826, #928, #1001, #364, #1279, #1815, #423, #207, #2284, #538, #2087, #1500, #1386, #167, #1290, #520 ) ) ;
#412 = DIRECTION ( 'NONE',  ( 0.000000000000000000, 0.000000000000000000, 1.000000000000000000 ) ) ;
#413 = DIRECTION ( 'NONE',  ( 0.000000000000000000, 0.000000000000000000, 1.000000000000000000 ) ) ;
#414 = CARTESIAN_POINT ( 'NONE',  ( -6.986057716468744516, 3.799999999999999822, 5.234835713018934911 ) ) ;
#415 = CARTESIAN_POINT ( 'NONE',  ( 6.886276014232654674, 3.978000000000000203, -5.270104720956744870 ) ) ;
#416 = CONICAL_SURFACE ( 'NONE', #70, 0.02999999999999940561, 0.02181661564992916705 ) ;
#417 = AXIS2_PLACEMENT_3D ( 'NONE', #78, #1542, #1173 ) ;
#418 = EDGE_CURVE ( 'NONE', #553, #1877, #2010, .T. ) ;
#419 = EDGE_CURVE ( 'NONE', #1780, #467, #1410, .T. ) ;
#420 = CARTESIAN_POINT ( 'NONE',  ( 0.000000000000000000, 3.329999999999999627, -5.227371342407519883 ) ) ;
#421 = CARTESIAN_POINT ( 'NONE',  ( -8.331000001038171732, -22.62853577255780380, 6.081000001038174396 ) ) ;
#422 = ORIENTED_EDGE ( 'NONE', *, *, #2171, .T. ) ;
#423 = ORIENTED_EDGE ( 'NONE', *, *, #124, .F. ) ;
#424 = AXIS2_PLACEMENT_3D ( 'NONE', #593, #403, #1147 ) ;
#425 = CARTESIAN_POINT ( 'NONE',  ( -7.076404543453419294, 3.799999999999999822, 5.162918113912216000 ) ) ;
#426 = EDGE_CURVE ( 'NONE', #341, #2062, #2343, .T. ) ;
#427 = EDGE_CURVE ( 'NONE', #1801, #585, #1744, .T. ) ;
#428 = CARTESIAN_POINT ( 'NONE',  ( 0.000000000000000000, 3.329999999999999627, -5.227371342407519883 ) ) ;
#429 = CARTESIAN_POINT ( 'NONE',  ( -6.029999999999998472, 3.329999999999999627, 5.227371342407519883 ) ) ;
#430 = PLANE ( 'NONE',  #370 ) ;
#431 = FACE_BOUND ( 'NONE', #1360, .T. ) ;
#432 = FACE_OUTER_BOUND ( 'NONE', #610, .T. ) ;
#433 = ORIENTED_EDGE ( 'NONE', *, *, #604, .T. ) ;
#434 = EDGE_LOOP ( 'NONE', ( #646, #507, #1896 ) ) ;
#435 = FACE_OUTER_BOUND ( 'NONE', #1491, .T. ) ;
#436 =( BOUNDED_CURVE ( )  B_SPLINE_CURVE ( 3, ( #900, #139, #916, #712 ),
 .UNSPECIFIED., .F., .T. ) 
 B_SPLINE_CURVE_WITH_KNOTS ( ( 4, 4 ),
 ( 0.000000000000000000, 2.245729661705894387 ),
 .UNSPECIFIED. ) 
 CURVE ( )  GEOMETRIC_REPRESENTATION_ITEM ( )  RATIONAL_B_SPLINE_CURVE ( ( 1.000000000000000000, 0.6220680176060284783, 0.6220680176060284783, 1.000000000000000000 ) ) 
 REPRESENTATION_ITEM ( '' )  );
#437 = AXIS2_PLACEMENT_3D ( 'NONE', #2303, #1203, #1229 ) ;
#438 = CARTESIAN_POINT ( 'NONE',  ( -6.986057716468744516, 3.635387447979721465, 5.234835713018934911 ) ) ;
#439 = ORIENTED_EDGE ( 'NONE', *, *, #1062, .F. ) ;
#440 = CARTESIAN_POINT ( 'NONE',  ( 6.000000000000000888, 3.329999999999999627, -5.227371342407519883 ) ) ;
#441 = DIRECTION ( 'NONE',  ( -0.03487826274237468965, -0.9987827659587182882, 0.03487826274237468965 ) ) ;
#442 =( GEOMETRIC_REPRESENTATION_CONTEXT ( 3 ) GLOBAL_UNCERTAINTY_ASSIGNED_CONTEXT ( ( #2333 ) ) GLOBAL_UNIT_ASSIGNED_CONTEXT ( ( #1028, #497, #174 ) ) REPRESENTATION_CONTEXT ( 'NONE', 'WORKASPACE' ) );
#443 = FACE_OUTER_BOUND ( 'NONE', #2212, .T. ) ;
#444 = DIRECTION ( 'NONE',  ( 0.000000000000000000, 0.000000000000000000, -1.000000000000000000 ) ) ;
#445 = EDGE_LOOP ( 'NONE', ( #1043, #893, #1464 ) ) ;
#446 = CARTESIAN_POINT ( 'NONE',  ( -7.531000001038159475, 4.290000000000000924, 4.636439239810605351 ) ) ;
#447 = DIRECTION ( 'NONE',  ( -1.000000000000000000, -0.000000000000000000, -0.000000000000000000 ) ) ;
#448 = ORIENTED_EDGE ( 'NONE', *, *, #1296, .T. ) ;
#449 = ORIENTED_EDGE ( 'NONE', *, *, #942, .F. ) ;
#450 = DIRECTION ( 'NONE',  ( 0.9993908270190956511, -0.03489949670250105940, 0.000000000000000000 ) ) ;
#451 = LINE ( 'NONE', #1576, #311 ) ;
#452 = CARTESIAN_POINT ( 'NONE',  ( 6.757529695745578380, 0.6250000000000000000, -4.507529695745578380 ) ) ;
#453 = EDGE_CURVE ( 'NONE', #1690, #108, #992, .T. ) ;
#454 = EDGE_CURVE ( 'NONE', #936, #1518, #884, .T. ) ;
#455 = CARTESIAN_POINT ( 'NONE',  ( -7.500000001038170439, 3.978000000000000203, 4.625380734151237405 ) ) ;
#456 = ORIENTED_EDGE ( 'NONE', *, *, #787, .T. ) ;
#457 = DIRECTION ( 'NONE',  ( 0.03489949670250028918, 0.9993908270190957621, -5.211367233844127889E-16 ) ) ;
#458 = DIRECTION ( 'NONE',  ( 0.000000000000000000, -1.000000000000000000, 0.000000000000000000 ) ) ;
#459 = DIRECTION ( 'NONE',  ( 0.000000000000000000, 0.000000000000000000, -1.000000000000000000 ) ) ;
#460 = CARTESIAN_POINT ( 'NONE',  ( 3.000000000000000444, 3.329999999999999627, -5.227371342407519883 ) ) ;
#461 = EDGE_CURVE ( 'NONE', #819, #359, #575, .T. ) ;
#462 = EDGE_CURVE ( 'NONE', #1643, #1887, #1082, .T. ) ;
#463 = CARTESIAN_POINT ( 'NONE',  ( -6.886439239823006986, 4.290000000000000036, -5.281000001038172798 ) ) ;
#464 = AXIS2_PLACEMENT_3D ( 'NONE', #2121, #247, #1930 ) ;
#465 = DIRECTION ( 'NONE',  ( -0.000000000000000000, -1.000000000000000000, -0.000000000000000000 ) ) ;
#466 = EDGE_LOOP ( 'NONE', ( #1080, #1318, #1820 ) ) ;
#467 = VERTEX_POINT ( 'NONE', #651 ) ;
#468 = DIRECTION ( 'NONE',  ( 0.000000000000000000, -0.000000000000000000, 1.000000000000000000 ) ) ;
#469 = DIRECTION ( 'NONE',  ( -1.000000000000000000, 0.000000000000000000, 0.000000000000000000 ) ) ;
#470 = FACE_OUTER_BOUND ( 'NONE', #2060, .T. ) ;
#471 = VERTEX_POINT ( 'NONE', #2154 ) ;
#472 = CARTESIAN_POINT ( 'NONE',  ( -7.241366465340370873, 3.978000000000000203, -5.250000001038173103 ) ) ;
#473 = CARTESIAN_POINT ( 'NONE',  ( -8.331000001038171732, -0.9999999999999992228, 6.081000001038174396 ) ) ;
#474 = CARTESIAN_POINT ( 'NONE',  ( 7.511167506266864358, 3.977999999999998870, -4.768147746727557035 ) ) ;
#475 = VECTOR ( 'NONE', #997, 39.37007874015748143 ) ;
#476 = FACE_OUTER_BOUND ( 'NONE', #141, .T. ) ;
#477 = DIRECTION ( 'NONE',  ( 0.000000000000000000, 0.000000000000000000, -1.000000000000000000 ) ) ;
#478 = B_SPLINE_CURVE_WITH_KNOTS ( 'NONE', 3,
 ( #1708, #1527, #602, #634 ),
 .UNSPECIFIED., .F., .F.,
 ( 4, 4 ),
 ( 0.000000000000000000, 1.000000000000000000 ),
 .UNSPECIFIED. ) ;
#479 = VERTEX_POINT ( 'NONE', #105 ) ;
#480 = CARTESIAN_POINT ( 'NONE',  ( -7.477371342407518995, 3.329999999999999627, -3.029999999999998472 ) ) ;
#481 = DIRECTION ( 'NONE',  ( 1.000000000000000000, 0.000000000000000000, 0.000000000000000000 ) ) ;
#482 = AXIS2_PLACEMENT_3D ( 'NONE', #1372, #806, #2306 ) ;
#483 = CARTESIAN_POINT ( 'NONE',  ( 7.155186470079148542, 4.290000000000004476, 5.228270735737281072 ) ) ;
#484 = VECTOR ( 'NONE', #1894, 39.37007874015748854 ) ;
#485 = CARTESIAN_POINT ( 'NONE',  ( -8.331000001038171732, -22.62853577255780380, 6.081000001038174396 ) ) ;
#486 = ORIENTED_EDGE ( 'NONE', *, *, #2234, .F. ) ;
#487 = CARTESIAN_POINT ( 'NONE',  ( 7.530830414459183331, 4.289999999999991154, -4.653086642314812060 ) ) ;
#488 = CARTESIAN_POINT ( 'NONE',  ( -7.512339345410383729, 4.290000000000001812, 4.799946314010438364 ) ) ;
#489 = FACE_OUTER_BOUND ( 'NONE', #1698, .T. ) ;
#490 = VERTEX_POINT ( 'NONE', #1509 ) ;
#491 = CIRCLE ( 'NONE', #56, 0.02999999999999940561 ) ;
#492 = EDGE_CURVE ( 'NONE', #905, #2040, #349, .T. ) ;
#493 = CARTESIAN_POINT ( 'NONE',  ( -7.037270270248096260, 3.849999999999999645, 5.225238974984533158 ) ) ;
#494 =( BOUNDED_CURVE ( )  B_SPLINE_CURVE ( 3, ( #1088, #1115, #1646, #2238 ),
 .UNSPECIFIED., .F., .F. ) 
 B_SPLINE_CURVE_WITH_KNOTS ( ( 4, 4 ),
 ( 0.000000000000000000, 2.245729661705891278 ),
 .UNSPECIFIED. ) 
 CURVE ( )  GEOMETRIC_REPRESENTATION_ITEM ( )  RATIONAL_B_SPLINE_CURVE ( ( 1.000000000000000000, 0.6220680176060294775, 0.6220680176060294775, 1.000000000000000000 ) ) 
 REPRESENTATION_ITEM ( '' )  );
#495 = ORIENTED_EDGE ( 'NONE', *, *, #2406, .F. ) ;
#496 = EDGE_CURVE ( 'NONE', #2317, #1065, #1575, .T. ) ;
#497 =( NAMED_UNIT ( * ) PLANE_ANGLE_UNIT ( ) SI_UNIT ( $, .RADIAN. ) );
#498 = CARTESIAN_POINT ( 'NONE',  ( 7.281855659489256283, 4.290000000000003588, 5.152728955918735920 ) ) ;
#499 = CARTESIAN_POINT ( 'NONE',  ( -3.000000000000000444, 1.040044606909832137, -5.147404337979033073 ) ) ;
#500 = ORIENTED_EDGE ( 'NONE', *, *, #2376, .T. ) ;
#501 = DIRECTION ( 'NONE',  ( 0.000000000000000000, 1.000000000000000000, 0.000000000000000000 ) ) ;
#502 = CARTESIAN_POINT ( 'NONE',  ( 7.520104720956745759, 3.978000000000000203, -4.636276014232661780 ) ) ;
#503 = CARTESIAN_POINT ( 'NONE',  ( 3.000000000000000444, 3.329999999999999627, -5.227371342407519883 ) ) ;
#504 = DIRECTION ( 'NONE',  ( 0.000000000000000000, 0.000000000000000000, -1.000000000000000000 ) ) ;
#505 = EDGE_CURVE ( 'NONE', #964, #1470, #2094, .T. ) ;
#506 = VECTOR ( 'NONE', #1737, 39.37007874015748143 ) ;
#507 = ORIENTED_EDGE ( 'NONE', *, *, #1578, .T. ) ;
#508 = ORIENTED_EDGE ( 'NONE', *, *, #2051, .T. ) ;
#509 = CARTESIAN_POINT ( 'NONE',  ( 7.499136881866534488, 4.290000000000000036, 4.846692582352654988 ) ) ;
#510 = CARTESIAN_POINT ( 'NONE',  ( -7.530999811694696788, 4.289999999999999147, 4.636765747866525622 ) ) ;
#511 = CARTESIAN_POINT ( 'NONE',  ( -7.531000001038162139, 4.289999999999999147, -4.636276014232669773 ) ) ;
#512 = ORIENTED_EDGE ( 'NONE', *, *, #2099, .T. ) ;
#513 = CARTESIAN_POINT ( 'NONE',  ( -6.757529695745578380, 0.6250000000000000000, -5.111085179999999895 ) ) ;
#514 = CARTESIAN_POINT ( 'NONE',  ( -7.530999811694696788, 4.289999999999999147, 4.636765747866525622 ) ) ;
#515 = EDGE_CURVE ( 'NONE', #2207, #820, #1302, .T. ) ;
#516 = CONICAL_SURFACE ( 'NONE', #156, 0.02999999999999940561, 0.02181661564992916705 ) ;
#517 = CARTESIAN_POINT ( 'NONE',  ( -6.875380734151235629, 3.978000000000000647, 5.250000001038173103 ) ) ;
#518 = CARTESIAN_POINT ( 'NONE',  ( -7.440254424124614019, 2.267110526969449591, 0.05319233080528876917 ) ) ;
#519 = ORIENTED_EDGE ( 'NONE', *, *, #927, .F. ) ;
#520 = ORIENTED_EDGE ( 'NONE', *, *, #597, .F. ) ;
#521 = ORIENTED_EDGE ( 'NONE', *, *, #2276, .T. ) ;
#522 = PRODUCT_CONTEXT ( 'NONE', #1577, 'mechanical' ) ;
#523 = CARTESIAN_POINT ( 'NONE',  ( 6.930057087255564241, 4.290000000000002700, 5.281000001038166580 ) ) ;
#524 = CARTESIAN_POINT ( 'NONE',  ( -6.912661268948173898, 4.289999999999999147, -5.280452941105278519 ) ) ;
#525 = LINE ( 'NONE', #1252, #1334 ) ;
#526 = CARTESIAN_POINT ( 'NONE',  ( -7.200654519468450587, 4.290000000000000036, 5.203151869297623300 ) ) ;
#527 = CARTESIAN_POINT ( 'NONE',  ( -7.397404337979033073, 1.040044606909868774, -3.037116918282904976 ) ) ;
#528 = LINE ( 'NONE', #350, #25 ) ;
#529 = AXIS2_PLACEMENT_3D ( 'NONE', #37, #777, #1523 ) ;
#530 = ORIENTED_EDGE ( 'NONE', *, *, #659, .F. ) ;
#531 = EDGE_LOOP ( 'NONE', ( #1678, #2124, #287, #2182 ) ) ;
#532 = VECTOR ( 'NONE', #1271, 39.37007874015748854 ) ;
#533 = CARTESIAN_POINT ( 'NONE',  ( -6.986057716468744516, 3.799999999999999822, 5.234835713018935799 ) ) ;
#534 = DIRECTION ( 'NONE',  ( 1.000000000000000000, 0.000000000000000000, 0.000000000000000000 ) ) ;
#535 = CARTESIAN_POINT ( 'NONE',  ( 7.303785603084551603, 4.186000000000003496, -5.129020430673652875 ) ) ;
#536 = VERTEX_POINT ( 'NONE', #386 ) ;
#537 = EDGE_LOOP ( 'NONE', ( #152, #2335 ) ) ;
#538 = ORIENTED_EDGE ( 'NONE', *, *, #95, .F. ) ;
#539 = CARTESIAN_POINT ( 'NONE',  ( 8.331000001038171732, 4.290000000000000036, 6.081000001038174396 ) ) ;
#540 = CARTESIAN_POINT ( 'NONE',  ( -7.511167506266861693, 3.977999999999998870, 4.768147746727549929 ) ) ;
#541 = ORIENTED_EDGE ( 'NONE', *, *, #1718, .T. ) ;
#542 = FACE_BOUND ( 'NONE', #2308, .T. ) ;
#543 = CARTESIAN_POINT ( 'NONE',  ( 3.000000000000001332, 3.329999999999999627, 5.227371342407519883 ) ) ;
#544 = DIRECTION ( 'NONE',  ( 1.000000000000000000, -0.000000000000000000, -0.000000000000000000 ) ) ;
#545 = EDGE_CURVE ( 'NONE', #1374, #467, #1839, .T. ) ;
#546 = EDGE_CURVE ( 'NONE', #2230, #936, #149, .T. ) ;
#547 = ORIENTED_EDGE ( 'NONE', *, *, #2021, .F. ) ;
#548 = EDGE_CURVE ( 'NONE', #1549, #654, #494, .T. ) ;
#549 = CARTESIAN_POINT ( 'NONE',  ( -6.986057716468744516, 3.849999999999999645, 5.234835713018934911 ) ) ;
#550 = CARTESIAN_POINT ( 'NONE',  ( 7.523736480983881592, 4.082000000000002515, -4.686109649884501849 ) ) ;
#551 = EDGE_CURVE ( 'NONE', #1927, #2062, #1482, .T. ) ;
#552 = VERTEX_POINT ( 'NONE', #2056 ) ;
#553 = VERTEX_POINT ( 'NONE', #1127 ) ;
#554 = VECTOR ( 'NONE', #2357, 39.37007874015748143 ) ;
#555 = CARTESIAN_POINT ( 'NONE',  ( 7.531000001038164804, 4.290000000000001812, 4.636276014232659115 ) ) ;
#556 = VECTOR ( 'NONE', #1563, 39.37007874015748143 ) ;
#557 = CARTESIAN_POINT ( 'NONE',  ( -7.399798235446653827, 4.185999999999999943, 5.029394065874521758 ) ) ;
#558 = DIRECTION ( 'NONE',  ( -0.000000000000000000, -1.000000000000000000, -0.000000000000000000 ) ) ;
#559 = CARTESIAN_POINT ( 'NONE',  ( 0.02999999999999952358, 3.329999999999999627, -5.227371342407519883 ) ) ;
#560 = CARTESIAN_POINT ( 'NONE',  ( -7.468252013887478391, 3.977999999999998426, 4.900671012534876247 ) ) ;
#561 = EDGE_LOOP ( 'NONE', ( #169, #194, #2111 ) ) ;
#562 = VERTEX_POINT ( 'NONE', #728 ) ;
#563 = VERTEX_POINT ( 'NONE', #1879 ) ;
#564 = CARTESIAN_POINT ( 'NONE',  ( -7.093160295773929924, 3.978000000000000647, 5.238771570660152754 ) ) ;
#565 = DIRECTION ( 'NONE',  ( 0.03489949670250104552, 0.9993908270190957621, 0.000000000000000000 ) ) ;
#566 = DIRECTION ( 'NONE',  ( 3.052743490343791518E-17, -8.741913579725642299E-16, 1.000000000000000000 ) ) ;
#567 = CARTESIAN_POINT ( 'NONE',  ( -7.361085179999997230, 0.000000000000000000, 5.111085179999999895 ) ) ;
#568 = LINE ( 'NONE', #1255, #532 ) ;
#569 = CARTESIAN_POINT ( 'NONE',  ( -6.989501468817143959, 3.799999999999999822, 5.232094428027743049 ) ) ;
#570 = VECTOR ( 'NONE', #1962, 39.37007874015748143 ) ;
#571 = ORIENTED_EDGE ( 'NONE', *, *, #1578, .F. ) ;
#572 = AXIS2_PLACEMENT_3D ( 'NONE', #1511, #2290, #1331 ) ;
#573 = EDGE_CURVE ( 'NONE', #1801, #563, #938, .T. ) ;
#574 = ORIENTED_EDGE ( 'NONE', *, *, #1474, .F. ) ;
#575 = B_SPLINE_CURVE_WITH_KNOTS ( 'NONE', 3,
 ( #660, #1778, #488, #1055, #138, #1822, #526, #1629, #2380, #696, #1445 ),
 .UNSPECIFIED., .F., .F.,
 ( 4, 1, 1, 1, 1, 1, 1, 1, 4 ),
 ( 0.09218430188909625123, 0.1399999999999995692, 0.2800000000000038014, 0.4199999999999991518, 0.5600000000000013856, 0.6699999999999998179, 0.7799999999999953637, 0.8899999999999987921, 1.000000000000000000 ),
 .UNSPECIFIED. ) ;
#576 = ORIENTED_EDGE ( 'NONE', *, *, #681, .F. ) ;
#577 = CARTESIAN_POINT ( 'NONE',  ( -7.195358314547547707, 3.978000000000000647, 5.193564023154253917 ) ) ;
#578 = ADVANCED_FACE ( 'NONE', ( #2223 ), #1191, .T. ) ;
#579 = DIRECTION ( 'NONE',  ( 0.000000000000000000, 0.000000000000000000, 1.000000000000000000 ) ) ;
#580 = DIRECTION ( 'NONE',  ( 0.000000000000000000, -0.9997620270799090214, 0.02181488503456116557 ) ) ;
#581 = EDGE_LOOP ( 'NONE', ( #2256, #439, #357, #508 ) ) ;
#582 = LINE ( 'NONE', #1314, #484 ) ;
#583 = CARTESIAN_POINT ( 'NONE',  ( 6.886276014232660003, 4.290000000000000924, 5.281000001038162139 ) ) ;
#584 = ORIENTED_EDGE ( 'NONE', *, *, #2171, .F. ) ;
#585 = VERTEX_POINT ( 'NONE', #1693 ) ;
#586 = SPHERICAL_SURFACE ( 'NONE', #2336, 0.6250000000000000000 ) ;
#587 = AXIS2_PLACEMENT_3D ( 'NONE', #1621, #2373, #2397 ) ;
#588 = CYLINDRICAL_SURFACE ( 'NONE', #145, 0.6250000000000002220 ) ;
#589 = CARTESIAN_POINT ( 'NONE',  ( 6.911759079673700512, 4.290000000000001812, 5.280489803963223316 ) ) ;
#590 = CARTESIAN_POINT ( 'NONE',  ( 6.757529695745581044, 0.6250000000000000000, 4.507529695745578380 ) ) ;
#591 = EDGE_LOOP ( 'NONE', ( #811, #1539, #1066, #1731 ) ) ;
#592 = AXIS2_PLACEMENT_3D ( 'NONE', #1756, #1603, #1761 ) ;
#593 = CARTESIAN_POINT ( 'NONE',  ( 0.000000000000000000, 3.329999999999999627, -5.227371342407519883 ) ) ;
#594 = FACE_OUTER_BOUND ( 'NONE', #2172, .T. ) ;
#595 = ADVANCED_FACE ( 'NONE', ( #12 ), #588, .F. ) ;
#596 = FACE_OUTER_BOUND ( 'NONE', #699, .T. ) ;
#597 = EDGE_CURVE ( 'NONE', #2145, #1119, #2142, .T. ) ;
#598 = VERTEX_POINT ( 'NONE', #2287 ) ;
#599 = ORIENTED_EDGE ( 'NONE', *, *, #100, .T. ) ;
#600 = AXIS2_PLACEMENT_3D ( 'NONE', #1848, #1110, #1308 ) ;
#601 = CARTESIAN_POINT ( 'NONE',  ( -6.919887007281713132, 3.978000000000000203, 5.270104720956747535 ) ) ;
#602 = CARTESIAN_POINT ( 'NONE',  ( -7.527797102637286741, 4.290000000000000924, 4.703501312866653628 ) ) ;
#603 = CARTESIAN_POINT ( 'NONE',  ( -6.911308153779824437, 4.290000000000000924, -5.280507514104683331 ) ) ;
#604 = EDGE_CURVE ( 'NONE', #479, #1419, #1517, .T. ) ;
#605 = FACE_OUTER_BOUND ( 'NONE', #2032, .T. ) ;
#606 = EDGE_CURVE ( 'NONE', #1518, #751, #783, .T. ) ;
#607 = CYLINDRICAL_SURFACE ( 'NONE', #1702, 0.6250000000000002220 ) ;
#608 = EDGE_CURVE ( 'NONE', #1413, #819, #478, .T. ) ;
#609 = ADVANCED_FACE ( 'NONE', ( #2310 ), #34, .T. ) ;
#610 = EDGE_LOOP ( 'NONE', ( #2324, #2313, #1262 ) ) ;
#611 = EDGE_LOOP ( 'NONE', ( #73, #746, #1650, #996 ) ) ;
#612 =( BOUNDED_CURVE ( )  B_SPLINE_CURVE ( 3, ( #882, #1233, #130, #1636 ),
 .UNSPECIFIED., .F., .F. ) 
 B_SPLINE_CURVE_WITH_KNOTS ( ( 4, 4 ),
 ( 4.037455645473686516, 6.283185307179586232 ),
 .UNSPECIFIED. ) 
 CURVE ( )  GEOMETRIC_REPRESENTATION_ITEM ( )  RATIONAL_B_SPLINE_CURVE ( ( 1.000000000000000000, 0.6220680176060269240, 0.6220680176060269240, 1.000000000000000000 ) ) 
 REPRESENTATION_ITEM ( '' )  );
#613 = CARTESIAN_POINT ( 'NONE',  ( -7.361845025098205930, 0.02175911668801536886, -4.487225758211272009 ) ) ;
#614 = DIRECTION ( 'NONE',  ( 2.137978842030774583E-16, -0.000000000000000000, 1.000000000000000000 ) ) ;
#615 = FACE_OUTER_BOUND ( 'NONE', #687, .T. ) ;
#616 = CLOSED_SHELL ( 'NONE', ( #1272, #1809, #1205, #2257, #950, #1391, #1906, #1798, #96, #706, #683, #1398, #1363, #1637, #1663, #1321, #1994, #1035, #2122, #1784, #1356, #1991, #267, #355, #407, #307, #855, #52, #1904, #1118, #578, #1751, #918, #1016, #33, #1572, #1947, #2244, #912, #1295, #1604, #957, #272, #29, #1920, #609, #1645, #1211, #229, #1876, #2167, #1504, #1163, #28, #360, #300, #2423, #1109, #241, #1922, #1024, #1851, #595, #1193, #1345, #172, #776, #82, #678, #1689, #879, #850, #155, #1324, #1508 ) ) ;
#617 = VECTOR ( 'NONE', #1954, 39.37007874015748143 ) ;
#618 = LINE ( 'NONE', #1586, #506 ) ;
#619 = CARTESIAN_POINT ( 'NONE',  ( 0.000000000000000000, 3.329999999999999627, -5.227371342407519883 ) ) ;
#620 = ORIENTED_EDGE ( 'NONE', *, *, #1204, .T. ) ;
#621 = ORIENTED_EDGE ( 'NONE', *, *, #1158, .T. ) ;
#622 = CARTESIAN_POINT ( 'NONE',  ( -3.000000000000000444, 3.329999999999999627, -5.197371342407520522 ) ) ;
#623 = CARTESIAN_POINT ( 'NONE',  ( 6.920468640759082746, 4.290000000000003588, -5.281000001038156810 ) ) ;
#624 = LINE ( 'NONE', #638, #1397 ) ;
#625 = DIRECTION ( 'NONE',  ( 2.137978842030774583E-16, -0.000000000000000000, 1.000000000000000000 ) ) ;
#626 = CARTESIAN_POINT ( 'NONE',  ( 6.757529695745579268, 0.6250000000000000000, 4.507529695745579268 ) ) ;
#627 = LINE ( 'NONE', #1749, #822 ) ;
#628 = CARTESIAN_POINT ( 'NONE',  ( 6.886276014232653786, 4.082000000000001627, -5.273736480983881592 ) ) ;
#629 = CARTESIAN_POINT ( 'NONE',  ( 7.373386010005130942, 3.978000000000001091, 5.048996951499097996 ) ) ;
#630 = CARTESIAN_POINT ( 'NONE',  ( -2.999999999999999112, 3.329999999999999627, 5.227371342407519883 ) ) ;
#631 = ORIENTED_EDGE ( 'NONE', *, *, #1757, .F. ) ;
#632 = ORIENTED_EDGE ( 'NONE', *, *, #2271, .T. ) ;
#633 = CARTESIAN_POINT ( 'NONE',  ( -3.000000000000000444, 3.329999999999999627, -5.227371342407519883 ) ) ;
#634 = CARTESIAN_POINT ( 'NONE',  ( -7.524961962841677732, 4.290000000000001812, 4.724118420087832781 ) ) ;
#635 = DIRECTION ( 'NONE',  ( 1.000000000000000000, 0.000000000000000000, 0.000000000000000000 ) ) ;
#636 = PRODUCT_DEFINITION_FORMATION_WITH_SPECIFIED_SOURCE ( 'ANY', '', #1900, .NOT_KNOWN. ) ;
#637 = EDGE_CURVE ( 'NONE', #682, #693, #2415, .T. ) ;
#638 = CARTESIAN_POINT ( 'NONE',  ( -8.331000001038171732, -0.9999999999999992228, -6.081000001038174396 ) ) ;
#639 = ORIENTED_EDGE ( 'NONE', *, *, #1099, .T. ) ;
#640 = CARTESIAN_POINT ( 'NONE',  ( -7.500000001038172215, 3.978000000000000647, -4.625380734151238293 ) ) ;
#641 = DIRECTION ( 'NONE',  ( 0.000000000000000000, 0.000000000000000000, -1.000000000000000000 ) ) ;
#642 = DIRECTION ( 'NONE',  ( -0.000000000000000000, 1.000000000000000000, 0.000000000000000000 ) ) ;
#643 = CARTESIAN_POINT ( 'NONE',  ( -6.000000000000000888, 1.040044606909830138, -5.147404337979033073 ) ) ;
#644 = FACE_OUTER_BOUND ( 'NONE', #1602, .T. ) ;
#645 = ORIENTED_EDGE ( 'NONE', *, *, #1429, .F. ) ;
#646 = ORIENTED_EDGE ( 'NONE', *, *, #1726, .F. ) ;
#647 = LINE ( 'NONE', #314, #1769 ) ;
#648 = CARTESIAN_POINT ( 'NONE',  ( -5.999999999999999112, 1.040044606909851233, 5.147404337979035738 ) ) ;
#649 = ORIENTED_EDGE ( 'NONE', *, *, #35, .T. ) ;
#650 = LINE ( 'NONE', #440, #1058 ) ;
#651 = CARTESIAN_POINT ( 'NONE',  ( 6.030000000000001137, 3.329999999999999627, 5.227371342407519883 ) ) ;
#652 = VECTOR ( 'NONE', #832, 39.37007874015748143 ) ;
#653 = AXIS2_PLACEMENT_3D ( 'NONE', #428, #1733, #63 ) ;
#654 = VERTEX_POINT ( 'NONE', #1909 ) ;
#655 = CARTESIAN_POINT ( 'NONE',  ( -7.530471613128000286, 4.290000000000000924, 4.662210118564877881 ) ) ;
#656 = PLANE ( 'NONE',  #417 ) ;
#657 = ORIENTED_EDGE ( 'NONE', *, *, #1547, .T. ) ;
#658 = CARTESIAN_POINT ( 'NONE',  ( 7.530993520118571816, 4.289999999999991154, -4.644902701773001574 ) ) ;
#659 = EDGE_CURVE ( 'NONE', #1451, #1448, #1232, .T. ) ;
#660 = CARTESIAN_POINT ( 'NONE',  ( -7.524961962841677732, 4.290000000000001812, 4.724118420087832781 ) ) ;
#661 = CARTESIAN_POINT ( 'NONE',  ( 7.093160295773922819, 3.978000000000001535, -5.238771570660155419 ) ) ;
#662 = AXIS2_PLACEMENT_3D ( 'NONE', #1777, #1944, #239 ) ;
#663 = CARTESIAN_POINT ( 'NONE',  ( -6.986057716468744516, 3.849999999999999645, 5.234835713018934911 ) ) ;
#664 = B_SPLINE_CURVE_WITH_KNOTS ( 'NONE', 3,
 ( #2095, #2253, #1685, #603 ),
 .UNSPECIFIED., .F., .F.,
 ( 4, 4 ),
 ( 0.000000000000000000, 0.0006235025094807260075 ),
 .UNSPECIFIED. ) ;
#665 = EDGE_CURVE ( 'NONE', #734, #1549, #737, .T. ) ;
#666 = CARTESIAN_POINT ( 'NONE',  ( -5.999999999999999112, 3.329999999999999627, 5.197371342407522299 ) ) ;
#667 = ORIENTED_EDGE ( 'NONE', *, *, #715, .F. ) ;
#668 = DIRECTION ( 'NONE',  ( -7.929347647511658857E-17, 0.03489949670250029612, -0.9993908270190957621 ) ) ;
#669 = CARTESIAN_POINT ( 'NONE',  ( 7.531000001038159475, 4.290000000000000036, 4.636276014232663556 ) ) ;
#670 = CARTESIAN_POINT ( 'NONE',  ( -6.886276014232662668, 3.978000000000000203, -5.270104720956747535 ) ) ;
#671 = CARTESIAN_POINT ( 'NONE',  ( -6.925190664763534620, 4.081999999999998963, 5.273736480983886921 ) ) ;
#672 = ORIENTED_EDGE ( 'NONE', *, *, #787, .F. ) ;
#673 = DIRECTION ( 'NONE',  ( -1.000000000000000000, -1.748382715945128460E-15, -6.105486980687583036E-17 ) ) ;
#674 = CARTESIAN_POINT ( 'NONE',  ( -6.886276014232660003, 4.290000000000000924, 5.281000001038163028 ) ) ;
#675 = CARTESIAN_POINT ( 'NONE',  ( 7.298996951499085561, 3.978000000000000203, -5.123386010005120283 ) ) ;
#676 = AXIS2_PLACEMENT_3D ( 'NONE', #460, #2139, #1946 ) ;
#677 = CIRCLE ( 'NONE', #1256, 0.6250000000000000000 ) ;
#678 = ADVANCED_FACE ( 'NONE', ( #134 ), #2264, .F. ) ;
#679 = B_SPLINE_CURVE_WITH_KNOTS ( 'NONE', 3,
 ( #961, #463, #1961, #46 ),
 .UNSPECIFIED., .F., .F.,
 ( 4, 4 ),
 ( 0.000000000000000000, 0.0005219511782276447642 ),
 .UNSPECIFIED. ) ;
#680 = DIRECTION ( 'NONE',  ( 0.000000000000000000, -0.000000000000000000, 1.000000000000000000 ) ) ;
#681 = EDGE_CURVE ( 'NONE', #553, #304, #624, .T. ) ;
#682 = VERTEX_POINT ( 'NONE', #839 ) ;
#683 = ADVANCED_FACE ( 'NONE', ( #88 ), #656, .T. ) ;
#684 = CARTESIAN_POINT ( 'NONE',  ( 7.453151869297627741, 4.290000000000001812, 4.950654519468456805 ) ) ;
#685 = CARTESIAN_POINT ( 'NONE',  ( -7.018147746727550818, 3.977999999999998870, -5.261167506266861693 ) ) ;
#686 = CARTESIAN_POINT ( 'NONE',  ( -7.076404543453419294, 3.635387447979721465, 5.162918113912216000 ) ) ;
#687 = EDGE_LOOP ( 'NONE', ( #1759, #725, #1064 ) ) ;
#688 = CARTESIAN_POINT ( 'NONE',  ( -6.986057716468744516, 3.635387447979721465, 5.234835713018935799 ) ) ;
#689 = FACE_OUTER_BOUND ( 'NONE', #1327, .T. ) ;
#690 = CARTESIAN_POINT ( 'NONE',  ( 6.912661268948242288, 4.290000000000002700, 5.280452941105270526 ) ) ;
#691 = DIRECTION ( 'NONE',  ( 0.000000000000000000, -0.9997620270799090214, 0.02181488503456116557 ) ) ;
#692 = CARTESIAN_POINT ( 'NONE',  ( 7.200654519468450587, 4.290000000000002700, -5.203151869297614418 ) ) ;
#693 = VERTEX_POINT ( 'NONE', #825 ) ;
#694 = DIRECTION ( 'NONE',  ( 0.000000000000000000, 0.000000000000000000, -1.000000000000000000 ) ) ;
#695 = CARTESIAN_POINT ( 'NONE',  ( -7.303785603084556044, 4.186000000000002608, 5.129020430673654651 ) ) ;
#696 = CARTESIAN_POINT ( 'NONE',  ( -6.920468640759088963, 4.290000000000000924, 5.281000001038163028 ) ) ;
#697 = CARTESIAN_POINT ( 'NONE',  ( 0.03711691828290805684, 1.040044606909710234, -5.147404337979029521 ) ) ;
#698 = LINE ( 'NONE', #2396, #1461 ) ;
#699 = EDGE_LOOP ( 'NONE', ( #2052, #519 ) ) ;
#700 = AXIS2_PLACEMENT_3D ( 'NONE', #245, #1197, #450 ) ;
#701 = VERTEX_POINT ( 'NONE', #1000 ) ;
#702 = CARTESIAN_POINT ( 'NONE',  ( 6.990623379008507499, 4.290000000000000924, -5.275479356424913391 ) ) ;
#703 =( BOUNDED_CURVE ( )  B_SPLINE_CURVE ( 3, ( #828, #1003, #1566, #1382 ),
 .UNSPECIFIED., .F., .F. ) 
 B_SPLINE_CURVE_WITH_KNOTS ( ( 4, 4 ),
 ( 0.000000000000000000, 2.245729661705835767 ),
 .UNSPECIFIED. ) 
 CURVE ( )  GEOMETRIC_REPRESENTATION_ITEM ( )  RATIONAL_B_SPLINE_CURVE ( ( 1.000000000000000000, 0.6220680176060461308, 0.6220680176060461308, 1.000000000000000000 ) ) 
 REPRESENTATION_ITEM ( '' )  );
#704 = ORIENTED_EDGE ( 'NONE', *, *, #1725, .T. ) ;
#705 = DIRECTION ( 'NONE',  ( 0.000000000000000000, 1.000000000000000000, 0.000000000000000000 ) ) ;
#706 = ADVANCED_FACE ( 'NONE', ( #988 ), #1406, .T. ) ;
#707 = EDGE_CURVE ( 'NONE', #1309, #1119, #2323, .T. ) ;
#708 = CARTESIAN_POINT ( 'NONE',  ( -5.999999999999999112, 3.329999999999999627, 5.227371342407522548 ) ) ;
#709 = CONICAL_SURFACE ( 'NONE', #817, 0.02999999999999886091, 0.02181661564992916705 ) ;
#710 = CARTESIAN_POINT ( 'NONE',  ( 7.527797102636911930, 4.290000000000003588, -4.703501312870741025 ) ) ;
#711 = CARTESIAN_POINT ( 'NONE',  ( 7.306084322356732663, 4.290000000000004476, -5.131764744299720959 ) ) ;
#712 = CARTESIAN_POINT ( 'NONE',  ( -0.02999999999999984623, 3.329999999999999183, -5.227371342407519883 ) ) ;
#713 = CARTESIAN_POINT ( 'NONE',  ( 7.397404337979030409, 1.040044606909697356, 2.999999999999999112 ) ) ;
#714 = VECTOR ( 'NONE', #2217, 39.37007874015748854 ) ;
#715 = EDGE_CURVE ( 'NONE', #2247, #3, #1224, .T. ) ;
#716 = CONICAL_SURFACE ( 'NONE', #1534, 0.02999999999999886091, 0.02181661564992916705 ) ;
#717 = EDGE_CURVE ( 'NONE', #118, #471, #1556, .T. ) ;
#718 = CARTESIAN_POINT ( 'NONE',  ( -7.381764744299731618, 4.290000000000000036, -5.056084322356751315 ) ) ;
#719 = ORIENTED_EDGE ( 'NONE', *, *, #1007, .T. ) ;
#720 = VECTOR ( 'NONE', #730, 39.37007874015748143 ) ;
#721 = CARTESIAN_POINT ( 'NONE',  ( 7.530452941105265197, 4.290000000000004476, -4.662661268948120608 ) ) ;
#722 = CARTESIAN_POINT ( 'NONE',  ( 7.518334191112165499, 4.186000000000002608, -4.766341269490063759 ) ) ;
#723 = ORIENTED_EDGE ( 'NONE', *, *, #2346, .T. ) ;
#724 = ORIENTED_EDGE ( 'NONE', *, *, #2168, .T. ) ;
#725 = ORIENTED_EDGE ( 'NONE', *, *, #2412, .T. ) ;
#726 = CARTESIAN_POINT ( 'NONE',  ( 7.499136881866534488, 4.290000000000000036, 4.846692582352654988 ) ) ;
#727 = CARTESIAN_POINT ( 'NONE',  ( -7.518334191112171716, 4.186000000000000831, 4.766341269490056654 ) ) ;
#728 = CARTESIAN_POINT ( 'NONE',  ( 8.331000001038171732, 4.290000000000000036, -6.081000001038174396 ) ) ;
#729 = CARTESIAN_POINT ( 'NONE',  ( 7.500000001038172215, 3.978000000000000647, -4.625380734151237405 ) ) ;
#730 = DIRECTION ( 'NONE',  ( 2.137978842030774583E-16, -0.000000000000000000, 1.000000000000000000 ) ) ;
#731 = CARTESIAN_POINT ( 'NONE',  ( 6.000000000000001776, 3.329999999999999627, 5.227371342407518107 ) ) ;
#732 = ORIENTED_EDGE ( 'NONE', *, *, #1847, .F. ) ;
#733 = CARTESIAN_POINT ( 'NONE',  ( 7.277186791768631480, 4.082000000000002515, 5.146887654984166893 ) ) ;
#734 = VERTEX_POINT ( 'NONE', #2300 ) ;
#735 = ORIENTED_EDGE ( 'NONE', *, *, #1189, .T. ) ;
#736 = AXIS2_PLACEMENT_3D ( 'NONE', #767, #642, #459 ) ;
#737 =( BOUNDED_CURVE ( )  B_SPLINE_CURVE ( 3, ( #1639, #1704, #214, #1926 ),
 .UNSPECIFIED., .F., .T. ) 
 B_SPLINE_CURVE_WITH_KNOTS ( ( 4, 4 ),
 ( 4.037455645473686516, 6.283185307179586232 ),
 .UNSPECIFIED. ) 
 CURVE ( )  GEOMETRIC_REPRESENTATION_ITEM ( )  RATIONAL_B_SPLINE_CURVE ( ( 1.000000000000000000, 0.6220680176060269240, 0.6220680176060269240, 1.000000000000000000 ) ) 
 REPRESENTATION_ITEM ( '' )  );
#738 = VECTOR ( 'NONE', #2197, 39.37007874015748143 ) ;
#739 = PLANE ( 'NONE',  #1325 ) ;
#740 = ORIENTED_EDGE ( 'NONE', *, *, #180, .F. ) ;
#741 = CARTESIAN_POINT ( 'NONE',  ( 8.331000001038171732, 4.290000000000000036, -6.081000001038174396 ) ) ;
#742 = DIRECTION ( 'NONE',  ( 0.03489949670250104552, -0.9993908270190957621, 0.000000000000000000 ) ) ;
#743 = CARTESIAN_POINT ( 'NONE',  ( 7.241366465340370873, 3.978000000000001091, -5.250000001038173103 ) ) ;
#744 = CARTESIAN_POINT ( 'NONE',  ( -6.988900222990471534, 3.977999999999998426, 5.264672184567601221 ) ) ;
#745 = CARTESIAN_POINT ( 'NONE',  ( -7.521876067358990170, 4.185999999999998167, -4.737493433402337750 ) ) ;
#746 = ORIENTED_EDGE ( 'NONE', *, *, #2339, .T. ) ;
#747 = EDGE_CURVE ( 'NONE', #1280, #1974, #1983, .T. ) ;
#748 = CIRCLE ( 'NONE', #1492, 0.02999999999999940561 ) ;
#749 = DIRECTION ( 'NONE',  ( 0.000000000000000000, 0.9993908270190957621, 0.03489949670250029612 ) ) ;
#750 = ORIENTED_EDGE ( 'NONE', *, *, #1709, .T. ) ;
#751 = VERTEX_POINT ( 'NONE', #648 ) ;
#752 = CARTESIAN_POINT ( 'NONE',  ( 7.275182537631635249, 3.978000000000001535, 5.143993152030398974 ) ) ;
#753 = DIRECTION ( 'NONE',  ( -0.000000000000000000, -1.000000000000000000, -0.000000000000000000 ) ) ;
#754 = DIRECTION ( 'NONE',  ( 0.9993908270190956511, -0.03489949670250105940, 0.000000000000000000 ) ) ;
#755 = DIRECTION ( 'NONE',  ( -0.000000000000000000, -1.000000000000000000, -0.000000000000000000 ) ) ;
#756 = CARTESIAN_POINT ( 'NONE',  ( -7.453151869297624188, 4.290000000000000036, -4.950654519468461245 ) ) ;
#757 = ORIENTED_EDGE ( 'NONE', *, *, #1584, .F. ) ;
#758 = DIRECTION ( 'NONE',  ( -1.144487446285441797E-15, 0.9993908270190957621, 0.03489949670250028918 ) ) ;
#759 = CONICAL_SURFACE ( 'NONE', #903, 0.02999999999999940561, 0.02181661564992916705 ) ;
#760 = CONICAL_SURFACE ( 'NONE', #1661, 0.02999999999999901010, 0.02181661564992916705 ) ;
#761 = ORIENTED_EDGE ( 'NONE', *, *, #354, .T. ) ;
#762 = EDGE_LOOP ( 'NONE', ( #1665, #599, #1687 ) ) ;
#763 = CARTESIAN_POINT ( 'NONE',  ( 7.478270735737271302, 4.290000000000003588, -4.905186470079145877 ) ) ;
#764 = FACE_OUTER_BOUND ( 'NONE', #395, .T. ) ;
#765 = CARTESIAN_POINT ( 'NONE',  ( -6.936109649884498296, 4.082000000000000739, -5.273736480983889585 ) ) ;
#766 = CARTESIAN_POINT ( 'NONE',  ( -7.037270270248096260, 3.849999999999999645, 5.225238974984533158 ) ) ;
#767 = CARTESIAN_POINT ( 'NONE',  ( -7.477371342407519883, 3.329999999999999627, -2.999999999999999556 ) ) ;
#768 = EDGE_LOOP ( 'NONE', ( #1170, #1346 ) ) ;
#769 = EDGE_CURVE ( 'NONE', #701, #2065, #1030, .T. ) ;
#770 = CARTESIAN_POINT ( 'NONE',  ( 7.527368241011028083, 4.186000000000001720, 4.675781492079248203 ) ) ;
#771 = ORIENTED_EDGE ( 'NONE', *, *, #1718, .F. ) ;
#772 = DIRECTION ( 'NONE',  ( 0.000000000000000000, 0.000000000000000000, 1.000000000000000000 ) ) ;
#773 = DIRECTION ( 'NONE',  ( 0.000000000000000000, 1.000000000000000000, 0.000000000000000000 ) ) ;
#774 = AXIS2_PLACEMENT_3D ( 'NONE', #420, #1914, #1385 ) ;
#775 = VECTOR ( 'NONE', #1743, 39.37007874015748854 ) ;
#776 = ADVANCED_FACE ( 'NONE', ( #2150, #470 ), #54, .F. ) ;
#777 = DIRECTION ( 'NONE',  ( 0.000000000000000000, 1.000000000000000000, 0.000000000000000000 ) ) ;
#778 = CARTESIAN_POINT ( 'NONE',  ( 6.936109649884496520, 4.082000000000000739, 5.273736480983888697 ) ) ;
#779 = AXIS2_PLACEMENT_3D ( 'NONE', #332, #317, #2186 ) ;
#780 = ORIENTED_EDGE ( 'NONE', *, *, #426, .F. ) ;
#781 = CARTESIAN_POINT ( 'NONE',  ( 7.520104720956749311, 3.977999999999999314, 4.669887007281714020 ) ) ;
#782 = EDGE_CURVE ( 'NONE', #808, #79, #2288, .T. ) ;
#783 = LINE ( 'NONE', #237, #775 ) ;
#784 = CARTESIAN_POINT ( 'NONE',  ( -7.477371342407519883, 3.329999999999999627, -2.999999999999999556 ) ) ;
#785 = CARTESIAN_POINT ( 'NONE',  ( -6.886276014232663556, 3.978000000000000203, -5.270104720956747535 ) ) ;
#786 = EDGE_CURVE ( 'NONE', #1061, #2013, #1705, .T. ) ;
#787 = EDGE_CURVE ( 'NONE', #682, #1841, #2123, .T. ) ;
#788 = AXIS2_PLACEMENT_3D ( 'NONE', #590, #904, #1664 ) ;
#789 = LINE ( 'NONE', #59, #652 ) ;
#790 = AXIS2_PLACEMENT_3D ( 'NONE', #991, #2358, #444 ) ;
#791 = ORIENTED_EDGE ( 'NONE', *, *, #1462, .F. ) ;
#792 = ORIENTED_EDGE ( 'NONE', *, *, #880, .T. ) ;
#793 = AXIS2_PLACEMENT_3D ( 'NONE', #1644, #1268, #2033 ) ;
#794 = DIRECTION ( 'NONE',  ( 0.000000000000000000, 0.000000000000000000, -1.000000000000000000 ) ) ;
#795 = CARTESIAN_POINT ( 'NONE',  ( -6.886276014232660003, 4.290000000000000924, 5.281000001038163028 ) ) ;
#796 = PLANE ( 'NONE',  #2293 ) ;
#797 = EDGE_LOOP ( 'NONE', ( #1755, #1658 ) ) ;
#798 = ORIENTED_EDGE ( 'NONE', *, *, #2319, .F. ) ;
#799 = CARTESIAN_POINT ( 'NONE',  ( 7.093160295773922819, 3.978000000000001535, -5.238771570660155419 ) ) ;
#800 = CARTESIAN_POINT ( 'NONE',  ( 7.524961962840873042, 4.290000000000003588, -4.724118420093669890 ) ) ;
#801 = DIRECTION ( 'NONE',  ( -1.748382715945128460E-15, 1.000000000000000000, -8.741913579725642299E-16 ) ) ;
#802 = CARTESIAN_POINT ( 'NONE',  ( 6.903086642326552891, 4.289999999999990266, 5.280830414458753452 ) ) ;
#803 = CARTESIAN_POINT ( 'NONE',  ( -6.911308153779824437, 4.290000000000000924, -5.280507514104683331 ) ) ;
#804 = CIRCLE ( 'NONE', #1124, 0.6250000000000005551 ) ;
#805 = DIRECTION ( 'NONE',  ( 1.000000000000000000, 0.000000000000000000, -7.934180936163575266E-17 ) ) ;
#806 = DIRECTION ( 'NONE',  ( 1.000000000000000000, 0.000000000000000000, 0.000000000000000000 ) ) ;
#807 = VERTEX_POINT ( 'NONE', #1083 ) ;
#808 = VERTEX_POINT ( 'NONE', #303 ) ;
#809 = FACE_OUTER_BOUND ( 'NONE', #381, .T. ) ;
#810 = DIRECTION ( 'NONE',  ( -1.000000000000000000, 0.000000000000000000, 0.000000000000000000 ) ) ;
#811 = ORIENTED_EDGE ( 'NONE', *, *, #1143, .F. ) ;
#812 = CARTESIAN_POINT ( 'NONE',  ( 7.530507514104278322, 4.290000000000003588, -4.661308153789716968 ) ) ;
#813 = LINE ( 'NONE', #741, #963 ) ;
#814 = CARTESIAN_POINT ( 'NONE',  ( 8.331000001038171732, -0.9999999999999992228, -6.081000001038174396 ) ) ;
#815 = CARTESIAN_POINT ( 'NONE',  ( 6.757529695745579268, 0.6031878145609368413, 5.132148962632514078 ) ) ;
#816 = CARTESIAN_POINT ( 'NONE',  ( -6.886276014232663556, 3.978000000000000203, -5.270104720956747535 ) ) ;
#817 = AXIS2_PLACEMENT_3D ( 'NONE', #71, #465, #2108 ) ;
#818 = AXIS2_PLACEMENT_3D ( 'NONE', #907, #943, #1513 ) ;
#819 = VERTEX_POINT ( 'NONE', #146 ) ;
#820 = VERTEX_POINT ( 'NONE', #2220 ) ;
#821 = FACE_BOUND ( 'NONE', #1771, .T. ) ;
#822 = VECTOR ( 'NONE', #1973, 39.37007874015748143 ) ;
#823 = CARTESIAN_POINT ( 'NONE',  ( 7.477371342407519883, 3.329999999999999627, -0.03000000000000024175 ) ) ;
#824 = AXIS2_PLACEMENT_3D ( 'NONE', #2058, #377, #579 ) ;
#825 = CARTESIAN_POINT ( 'NONE',  ( -7.134129156055702303, 3.799999999999999822, 5.187405831888456831 ) ) ;
#826 = ORIENTED_EDGE ( 'NONE', *, *, #1062, .T. ) ;
#827 = CARTESIAN_POINT ( 'NONE',  ( -7.440254424124612243, 2.267110526969440709, 3.053192330805289512 ) ) ;
#828 = CARTESIAN_POINT ( 'NONE',  ( -5.999999999999999112, 1.040044606909851233, 5.147404337979035738 ) ) ;
#829 = LINE ( 'NONE', #1202, #1274 ) ;
#830 = CARTESIAN_POINT ( 'NONE',  ( 6.919887007281706026, 3.978000000000000203, -5.270104720956744870 ) ) ;
#831 = FACE_OUTER_BOUND ( 'NONE', #2146, .T. ) ;
#832 = DIRECTION ( 'NONE',  ( 2.137978842030774583E-16, -0.000000000000000000, 1.000000000000000000 ) ) ;
#833 = DIRECTION ( 'NONE',  ( -0.000000000000000000, -1.000000000000000000, -0.000000000000000000 ) ) ;
#834 = ORIENTED_EDGE ( 'NONE', *, *, #1208, .T. ) ;
#835 = CARTESIAN_POINT ( 'NONE',  ( 7.527368241011028083, 4.186000000000000831, 4.636276014232660003 ) ) ;
#836 = ORIENTED_EDGE ( 'NONE', *, *, #1108, .F. ) ;
#837 = EDGE_CURVE ( 'NONE', #1122, #1955, #1729, .T. ) ;
#838 = CARTESIAN_POINT ( 'NONE',  ( 6.757529695745578380, 0.6250000000000000000, -5.111085179999999895 ) ) ;
#839 = CARTESIAN_POINT ( 'NONE',  ( -6.986057716468744516, 3.799999999999999822, 5.234835713018934911 ) ) ;
#840 = ORIENTED_EDGE ( 'NONE', *, *, #276, .T. ) ;
#841 = CARTESIAN_POINT ( 'NONE',  ( 7.530999811694690571, 4.290000000000006253, -4.636765747875065458 ) ) ;
#842 = LINE ( 'NONE', #1241, #343 ) ;
#843 = CARTESIAN_POINT ( 'NONE',  ( -6.929311565198582379, 3.978000000000001091, -5.270104720956747535 ) ) ;
#844 = EDGE_CURVE ( 'NONE', #1094, #1122, #190, .T. ) ;
#845 = ORIENTED_EDGE ( 'NONE', *, *, #68, .T. ) ;
#846 = FACE_OUTER_BOUND ( 'NONE', #98, .T. ) ;
#847 = VECTOR ( 'NONE', #913, 39.37007874015748854 ) ;
#848 = DIRECTION ( 'NONE',  ( 0.000000000000000000, 1.000000000000000000, 0.000000000000000000 ) ) ;
#849 = ORIENTED_EDGE ( 'NONE', *, *, #454, .T. ) ;
#850 = ADVANCED_FACE ( 'NONE', ( #1852 ), #852, .T. ) ;
#851 = AXIS2_PLACEMENT_3D ( 'NONE', #397, #228, #565 ) ;
#852 = PLANE ( 'NONE',  #1037 ) ;
#853 = ORIENTED_EDGE ( 'NONE', *, *, #786, .T. ) ;
#854 = FACE_OUTER_BOUND ( 'NONE', #995, .T. ) ;
#855 = ADVANCED_FACE ( 'NONE', ( #1618 ), #2407, .F. ) ;
#856 = CARTESIAN_POINT ( 'NONE',  ( -6.989501468817143959, 3.799999999999999822, 5.232094428027743049 ) ) ;
#857 = LINE ( 'NONE', #1622, #2088 ) ;
#858 = LINE ( 'NONE', #1968, #1416 ) ;
#859 = CARTESIAN_POINT ( 'NONE',  ( -6.929311565198582379, 3.978000000000001091, -5.270104720956747535 ) ) ;
#860 = CARTESIAN_POINT ( 'NONE',  ( -6.886276014232660003, 4.081999999999999851, 5.273736480983886921 ) ) ;
#861 = EDGE_LOOP ( 'NONE', ( #632, #1937, #1306, #1950 ) ) ;
#862 = CARTESIAN_POINT ( 'NONE',  ( -6.911759079666161654, 4.290000000000000036, -5.280489803963535067 ) ) ;
#863 = DIRECTION ( 'NONE',  ( 1.000000000000000000, 0.000000000000000000, 0.000000000000000000 ) ) ;
#864 = DIRECTION ( 'NONE',  ( -2.356933008542119544E-16, 0.000000000000000000, -1.000000000000000000 ) ) ;
#865 = CARTESIAN_POINT ( 'NONE',  ( -8.331000001038171732, 4.290000000000000036, -6.081000001038174396 ) ) ;
#866 = AXIS2_PLACEMENT_3D ( 'NONE', #1671, #2419, #742 ) ;
#867 = LINE ( 'NONE', #1221, #387 ) ;
#868 = CARTESIAN_POINT ( 'NONE',  ( -7.397404337979039290, 1.040044606909998670, 7.620750532085044307E-16 ) ) ;
#869 = CARTESIAN_POINT ( 'NONE',  ( 7.094972759620642222, 4.082000000000001627, -5.242229592285369222 ) ) ;
#870 = VERTEX_POINT ( 'NONE', #524 ) ;
#871 = VERTEX_POINT ( 'NONE', #1642 ) ;
#872 = CARTESIAN_POINT ( 'NONE',  ( -7.531000001038171909, 4.290000000000000036, -4.670468640759094292 ) ) ;
#873 = CARTESIAN_POINT ( 'NONE',  ( -3.000000000000000444, 3.329999999999999627, -5.227371342407519883 ) ) ;
#874 = DIRECTION ( 'NONE',  ( 0.000000000000000000, 1.000000000000000000, 0.000000000000000000 ) ) ;
#875 = DIRECTION ( 'NONE',  ( -2.137978842030774583E-16, 0.000000000000000000, -1.000000000000000000 ) ) ;
#876 = DIRECTION ( 'NONE',  ( 0.000000000000000000, 0.000000000000000000, -1.000000000000000000 ) ) ;
#877 = DIRECTION ( 'NONE',  ( 0.03487826274237468271, 0.9987827659587182882, -0.03487826274237469659 ) ) ;
#878 = VERTEX_POINT ( 'NONE', #112 ) ;
#879 = ADVANCED_FACE ( 'NONE', ( #161 ), #1316, .F. ) ;
#880 = EDGE_CURVE ( 'NONE', #1518, #2230, #958, .T. ) ;
#881 = CIRCLE ( 'NONE', #736, 0.02999999999999886091 ) ;
#882 = CARTESIAN_POINT ( 'NONE',  ( -3.029999999999998916, 3.329999999999999627, 5.227371342407519883 ) ) ;
#883 = CARTESIAN_POINT ( 'NONE',  ( 7.402728955918727927, 4.290000000000002700, -5.031855659489249177 ) ) ;
#884 = CIRCLE ( 'NONE', #1840, 0.02999999999999940561 ) ;
#885 = VERTEX_POINT ( 'NONE', #1692 ) ;
#886 = EDGE_LOOP ( 'NONE', ( #1874, #383 ) ) ;
#887 = EDGE_CURVE ( 'NONE', #1368, #1996, #1282, .T. ) ;
#888 = EDGE_CURVE ( 'NONE', #203, #1979, #2034, .T. ) ;
#889 = CARTESIAN_POINT ( 'NONE',  ( -7.471596280980862481, 4.082000000000000739, 4.902991148538463406 ) ) ;
#890 = CARTESIAN_POINT ( 'NONE',  ( 3.000000000000001332, 1.040044606909832137, 5.147404337979033073 ) ) ;
#891 = DIRECTION ( 'NONE',  ( 0.000000000000000000, 1.000000000000000000, 0.000000000000000000 ) ) ;
#892 = CARTESIAN_POINT ( 'NONE',  ( 7.397404337979030409, 1.040044606909692693, 2.962883081717091027 ) ) ;
#893 = ORIENTED_EDGE ( 'NONE', *, *, #1481, .T. ) ;
#894 = CARTESIAN_POINT ( 'NONE',  ( -7.397404337979037514, 1.040044606909993785, 0.03711691828290333145 ) ) ;
#895 = ORIENTED_EDGE ( 'NONE', *, *, #1375, .T. ) ;
#896 = ORIENTED_EDGE ( 'NONE', *, *, #1423, .T. ) ;
#897 = CARTESIAN_POINT ( 'NONE',  ( 7.453151869297627741, 4.290000000000001812, 4.950654519468456805 ) ) ;
#898 = CARTESIAN_POINT ( 'NONE',  ( -7.527368241011022754, 4.185999999999999943, 4.686866956354751146 ) ) ;
#899 = DIRECTION ( 'NONE',  ( 0.000000000000000000, 0.000000000000000000, -1.000000000000000000 ) ) ;
#900 = CARTESIAN_POINT ( 'NONE',  ( 0.000000000000000000, 1.040044606909780844, -5.147404337979032185 ) ) ;
#901 = CARTESIAN_POINT ( 'NONE',  ( 7.477371342407521659, 3.329999999999999627, 2.969999999999999751 ) ) ;
#902 = VECTOR ( 'NONE', #1502, 39.37007874015748143 ) ;
#903 = AXIS2_PLACEMENT_3D ( 'NONE', #1428, #1026, #2003 ) ;
#904 = DIRECTION ( 'NONE',  ( -0.03487826274237471741, -0.9987827659587183993, -0.03487826274237474516 ) ) ;
#905 = VERTEX_POINT ( 'NONE', #937 ) ;
#906 = VECTOR ( 'NONE', #2325, 39.37007874015748143 ) ;
#907 = CARTESIAN_POINT ( 'NONE',  ( 6.000000000000001776, 3.329999999999999627, 5.227371342407518107 ) ) ;
#908 = VERTEX_POINT ( 'NONE', #384 ) ;
#909 = ORIENTED_EDGE ( 'NONE', *, *, #1204, .F. ) ;
#910 = ORIENTED_EDGE ( 'NONE', *, *, #505, .T. ) ;
#911 = CARTESIAN_POINT ( 'NONE',  ( -7.049946314012488280, 4.289999999999999147, -5.262339345409734470 ) ) ;
#912 = ADVANCED_FACE ( 'NONE', ( #924 ), #586, .F. ) ;
#913 = DIRECTION ( 'NONE',  ( 0.000000000000000000, -0.9997620270799090214, -0.02181488503456116557 ) ) ;
#914 = ORIENTED_EDGE ( 'NONE', *, *, #462, .F. ) ;
#915 = CARTESIAN_POINT ( 'NONE',  ( 7.530489803963254403, 4.290000000000004476, -4.661759079672743056 ) ) ;
#916 = CARTESIAN_POINT ( 'NONE',  ( -0.05319233080529418844, 2.267110526969368767, -5.190254424124611354 ) ) ;
#917 = CARTESIAN_POINT ( 'NONE',  ( -7.298996951499095331, 3.977999999999999314, 5.123386010005123836 ) ) ;
#918 = ADVANCED_FACE ( 'NONE', ( #1320 ), #2295, .T. ) ;
#919 = VERTEX_POINT ( 'NONE', #1507 ) ;
#920 = ORIENTED_EDGE ( 'NONE', *, *, #2346, .F. ) ;
#921 = CIRCLE ( 'NONE', #1838, 0.02999999999999940561 ) ;
#922 = ORIENTED_EDGE ( 'NONE', *, *, #2055, .F. ) ;
#923 = AXIS2_PLACEMENT_3D ( 'NONE', #9, #953, #2079 ) ;
#924 = FACE_OUTER_BOUND ( 'NONE', #2221, .T. ) ;
#925 = DIRECTION ( 'NONE',  ( 1.000000000000000000, -0.000000000000000000, -0.000000000000000000 ) ) ;
#926 = CARTESIAN_POINT ( 'NONE',  ( -7.477371342407518107, 3.329999999999999627, 3.000000000000000888 ) ) ;
#927 = EDGE_CURVE ( 'NONE', #1846, #908, #301, .T. ) ;
#928 = ORIENTED_EDGE ( 'NONE', *, *, #340, .F. ) ;
#929 = CARTESIAN_POINT ( 'NONE',  ( 7.520104720956748423, 3.978000000000000203, 4.636276014232660003 ) ) ;
#930 = CARTESIAN_POINT ( 'NONE',  ( -7.379020430673660869, 4.186000000000002608, -5.053785603084565814 ) ) ;
#931 = ORIENTED_EDGE ( 'NONE', *, *, #1799, .T. ) ;
#932 = CARTESIAN_POINT ( 'NONE',  ( 6.757529695745581044, 0.000000000000000000, 4.507529695745578380 ) ) ;
#933 = EDGE_CURVE ( 'NONE', #2375, #820, #216, .T. ) ;
#934 = EDGE_LOOP ( 'NONE', ( #2268, #1025, #909 ) ) ;
#935 =( BOUNDED_CURVE ( )  B_SPLINE_CURVE ( 3, ( #2179, #1190, #251, #1396 ),
 .UNSPECIFIED., .F., .T. ) 
 B_SPLINE_CURVE_WITH_KNOTS ( ( 4, 4 ),
 ( 2.356803477777955180, 3.926381829401630164 ),
 .UNSPECIFIED. ) 
 CURVE ( )  GEOMETRIC_REPRESENTATION_ITEM ( )  RATIONAL_B_SPLINE_CURVE ( ( 1.000000000000000000, 0.8050248461936595490, 0.8050248461936595490, 1.000000000000000000 ) ) 
 REPRESENTATION_ITEM ( '' )  );
#936 = VERTEX_POINT ( 'NONE', #2054 ) ;
#937 = CARTESIAN_POINT ( 'NONE',  ( 6.000000000000000888, 3.329999999999999627, -5.197371342407520522 ) ) ;
#938 = LINE ( 'NONE', #186, #2265 ) ;
#939 = LINE ( 'NONE', #230, #1901 ) ;
#940 = AXIS2_PLACEMENT_3D ( 'NONE', #1609, #2364, #1811 ) ;
#941 = CARTESIAN_POINT ( 'NONE',  ( -7.527368241011031635, 4.185999999999999055, -4.636276014232661780 ) ) ;
#942 = EDGE_CURVE ( 'NONE', #304, #1259, #1897, .T. ) ;
#943 = DIRECTION ( 'NONE',  ( 0.000000000000000000, -1.000000000000000000, 0.000000000000000000 ) ) ;
#944 = VERTEX_POINT ( 'NONE', #1519 ) ;
#945 = CARTESIAN_POINT ( 'NONE',  ( -5.999999999999999112, 3.329999999999999627, 5.227371342407522548 ) ) ;
#946 = LINE ( 'NONE', #2103, #2002 ) ;
#947 =( BOUNDED_CURVE ( )  B_SPLINE_CURVE ( 3, ( #729, #2199, #743, #2188 ),
 .UNSPECIFIED., .F., .F. ) 
 B_SPLINE_CURVE_WITH_KNOTS ( ( 4, 4 ),
 ( 2.356803477777957845, 3.926381829401629275 ),
 .UNSPECIFIED. ) 
 CURVE ( )  GEOMETRIC_REPRESENTATION_ITEM ( )  RATIONAL_B_SPLINE_CURVE ( ( 1.000000000000000000, 0.8050248461936604372, 0.8050248461936604372, 1.000000000000000000 ) ) 
 REPRESENTATION_ITEM ( '' )  );
#948 = DIRECTION ( 'NONE',  ( 0.000000000000000000, 0.000000000000000000, 1.000000000000000000 ) ) ;
#949 = EDGE_CURVE ( 'NONE', #2053, #2062, #804, .T. ) ;
#950 = ADVANCED_FACE ( 'NONE', ( #373 ), #2386, .T. ) ;
#951 = ORIENTED_EDGE ( 'NONE', *, *, #2406, .T. ) ;
#952 = ORIENTED_EDGE ( 'NONE', *, *, #1208, .F. ) ;
#953 = DIRECTION ( 'NONE',  ( -0.000000000000000000, -1.000000000000000000, -0.000000000000000000 ) ) ;
#954 = AXIS2_PLACEMENT_3D ( 'NONE', #2315, #2064, #380 ) ;
#955 = EDGE_CURVE ( 'NONE', #3, #2053, #1484, .T. ) ;
#956 = DIRECTION ( 'NONE',  ( -1.000000000000000000, -0.000000000000000000, 0.000000000000000000 ) ) ;
#957 = ADVANCED_FACE ( 'NONE', ( #1669 ), #739, .T. ) ;
#958 = CIRCLE ( 'NONE', #1595, 0.02999999999999940561 ) ;
#959 = B_SPLINE_CURVE_WITH_KNOTS ( 'NONE', 3,
 ( #1865, #1417, #911, #1625, #1051, #2016, #1430, #144, #2377, #872, #2043 ),
 .UNSPECIFIED., .F., .F.,
 ( 4, 1, 1, 1, 1, 1, 1, 1, 4 ),
 ( 0.09218430189546723830, 0.1400000000000020950, 0.2800000000000056333, 0.4199999999999983191, 0.5600000000000003864, 0.6700000000000018163, 0.7799999999999964739, 0.8899999999999997913, 1.000000000000000000 ),
 .UNSPECIFIED. ) ;
#960 =( BOUNDED_CURVE ( )  B_SPLINE_CURVE ( 3, ( #856, #106, #1976, #663 ),
 .UNSPECIFIED., .F., .T. ) 
 B_SPLINE_CURVE_WITH_KNOTS ( ( 4, 4 ),
 ( 0.4779095170563860129, 0.4863612749003785596 ),
 .UNSPECIFIED. ) 
 CURVE ( )  GEOMETRIC_REPRESENTATION_ITEM ( )  RATIONAL_B_SPLINE_CURVE ( ( 1.000000000000000000, 0.9999940473246375916, 0.9999940473246375916, 1.000000000000000000 ) ) 
 REPRESENTATION_ITEM ( '' )  );
#961 = CARTESIAN_POINT ( 'NONE',  ( -6.886276014232663556, 4.290000000000000036, -5.281000001038172798 ) ) ;
#962 = LINE ( 'NONE', #1715, #1810 ) ;
#963 = VECTOR ( 'NONE', #1485, 39.37007874015748143 ) ;
#964 = VERTEX_POINT ( 'NONE', #2112 ) ;
#965 = CARTESIAN_POINT ( 'NONE',  ( -6.737225758211271121, 0.02175911668801537580, -5.111845025098206818 ) ) ;
#966 = SPHERICAL_SURFACE ( 'NONE', #970, 0.6250000000000000000 ) ;
#967 = DIRECTION ( 'NONE',  ( 0.000000000000000000, 1.000000000000000000, 0.000000000000000000 ) ) ;
#968 = CARTESIAN_POINT ( 'NONE',  ( 7.520104720956748423, 3.978000000000000203, 4.636276014232660003 ) ) ;
#969 = CARTESIAN_POINT ( 'NONE',  ( 6.719316337903511460, -0.4692873939561269525, -4.469316337903511460 ) ) ;
#970 = AXIS2_PLACEMENT_3D ( 'NONE', #1891, #1695, #1543 ) ;
#971 = ADVANCED_BREP_SHAPE_REPRESENTATION ( '1451-931 Bottom PID', ( #1257, #600 ), #442 ) ;
#972 = EDGE_LOOP ( 'NONE', ( #1697, #1073, #1136 ) ) ;
#973 = AXIS2_PLACEMENT_3D ( 'NONE', #1365, #1565, #1943 ) ;
#974 = DIRECTION ( 'NONE',  ( 0.03489949670250028918, 0.9993908270190957621, -5.211367233844127889E-16 ) ) ;
#975 = EDGE_CURVE ( 'NONE', #1174, #1413, #325, .T. ) ;
#976 = B_SPLINE_CURVE_WITH_KNOTS ( 'NONE', 3,
 ( #1531, #199, #1911, #1148 ),
 .UNSPECIFIED., .F., .F.,
 ( 4, 4 ),
 ( 0.000000000000000000, 1.000000000000000000 ),
 .UNSPECIFIED. ) ;
#977 = CARTESIAN_POINT ( 'NONE',  ( 7.520104720956743982, 3.978000000000000203, -4.636276014232662668 ) ) ;
#978 = CARTESIAN_POINT ( 'NONE',  ( -7.477371342407518107, 3.329999999999999627, 9.156836455801603136E-16 ) ) ;
#979 = CARTESIAN_POINT ( 'NONE',  ( 6.894902701795007971, 4.289999999999990266, 5.280993520118156148 ) ) ;
#980 = CARTESIAN_POINT ( 'NONE',  ( -3.000000000000000444, 3.329999999999999627, -5.197371342407520522 ) ) ;
#981 = EDGE_CURVE ( 'NONE', #2207, #1031, #2320, .T. ) ;
#982 = CARTESIAN_POINT ( 'NONE',  ( 7.150671012534882465, 3.978000000000001535, 5.218252013887481056 ) ) ;
#983 = PLANE ( 'NONE',  #482 ) ;
#984 = ORIENTED_EDGE ( 'NONE', *, *, #1243, .F. ) ;
#985 = ORIENTED_EDGE ( 'NONE', *, *, #409, .F. ) ;
#986 = FACE_OUTER_BOUND ( 'NONE', #1739, .T. ) ;
#987 = CARTESIAN_POINT ( 'NONE',  ( -8.331000001038171732, -0.9999999999999992228, 6.081000001038174396 ) ) ;
#988 = FACE_OUTER_BOUND ( 'NONE', #1494, .T. ) ;
#989 = LINE ( 'NONE', #2314, #1060 ) ;
#990 = CARTESIAN_POINT ( 'NONE',  ( 3.000000000000000444, 3.329999999999999627, -5.227371342407519883 ) ) ;
#991 = CARTESIAN_POINT ( 'NONE',  ( -2.999999999999999112, 3.329999999999999627, 5.227371342407519883 ) ) ;
#992 = CIRCLE ( 'NONE', #1438, 0.02999999999999901010 ) ;
#993 = FACE_BOUND ( 'NONE', #1599, .T. ) ;
#994 = FACE_OUTER_BOUND ( 'NONE', #1095, .T. ) ;
#995 = EDGE_LOOP ( 'NONE', ( #21, #1387, #1457 ) ) ;
#996 = ORIENTED_EDGE ( 'NONE', *, *, #2020, .T. ) ;
#997 = DIRECTION ( 'NONE',  ( -2.137978842030774583E-16, 0.000000000000000000, -1.000000000000000000 ) ) ;
#998 = CIRCLE ( 'NONE', #1684, 0.6250000000000000000 ) ;
#999 = DIRECTION ( 'NONE',  ( 0.000000000000000000, 0.000000000000000000, 1.000000000000000000 ) ) ;
#1000 = CARTESIAN_POINT ( 'NONE',  ( -7.520104720956747535, 3.978000000000000647, -4.636276014232661780 ) ) ;
#1001 = ORIENTED_EDGE ( 'NONE', *, *, #1725, .F. ) ;
#1002 = CARTESIAN_POINT ( 'NONE',  ( -6.757529695745576603, 0.000000000000000000, 4.507529695745578380 ) ) ;
#1003 = CARTESIAN_POINT ( 'NONE',  ( -5.962883081717095912, 1.040044606909923619, 5.147404337979039290 ) ) ;
#1004 = CARTESIAN_POINT ( 'NONE',  ( 7.530999937931693644, 4.290000000000003588, -4.636602484386279421 ) ) ;
#1005 = DIRECTION ( 'NONE',  ( -1.144487446285441797E-15, 0.9993908270190957621, 0.03489949670250028918 ) ) ;
#1006 = ORIENTED_EDGE ( 'NONE', *, *, #2243, .F. ) ;
#1007 = EDGE_CURVE ( 'NONE', #244, #2242, #7, .T. ) ;
#1008 = CARTESIAN_POINT ( 'NONE',  ( 7.477371342407519883, 3.329999999999999627, -3.000000000000001332 ) ) ;
#1009 = CARTESIAN_POINT ( 'NONE',  ( 7.446749133992477176, 4.082000000000001627, 4.946954920373881848 ) ) ;
#1010 = CIRCLE ( 'NONE', #940, 0.6250000000000002220 ) ;
#1011 = CARTESIAN_POINT ( 'NONE',  ( -7.131250223744024730, 3.799999999999999822, 5.186184542054832924 ) ) ;
#1012 = ORIENTED_EDGE ( 'NONE', *, *, #1883, .T. ) ;
#1013 = VERTEX_POINT ( 'NONE', #275 ) ;
#1014 = DIRECTION ( 'NONE',  ( 0.03487826274237469659, -0.9987827659587183993, -0.03487826274237470353 ) ) ;
#1015 =( CONVERSION_BASED_UNIT ( 'INCH', #109 ) LENGTH_UNIT ( ) NAMED_UNIT ( #2039 ) );
#1016 = ADVANCED_FACE ( 'NONE', ( #986 ), #1388, .F. ) ;
#1017 = AXIS2_PLACEMENT_3D ( 'NONE', #1072, #179, #1837 ) ;
#1018 = CARTESIAN_POINT ( 'NONE',  ( 7.520104720956743982, 3.978000000000000647, -4.679311565198585932 ) ) ;
#1019 = EDGE_LOOP ( 'NONE', ( #1525, #353, #1754, #2100 ) ) ;
#1020 = DIRECTION ( 'NONE',  ( -0.000000000000000000, 1.000000000000000000, 0.000000000000000000 ) ) ;
#1021 =( BOUNDED_CURVE ( )  B_SPLINE_CURVE ( 3, ( #1856, #150, #320, #2411 ),
 .UNSPECIFIED., .F., .T. ) 
 B_SPLINE_CURVE_WITH_KNOTS ( ( 4, 4 ),
 ( 0.000000000000000000, 2.245729661705891278 ),
 .UNSPECIFIED. ) 
 CURVE ( )  GEOMETRIC_REPRESENTATION_ITEM ( )  RATIONAL_B_SPLINE_CURVE ( ( 1.000000000000000000, 0.6220680176060294775, 0.6220680176060294775, 1.000000000000000000 ) ) 
 REPRESENTATION_ITEM ( '' )  );
#1022 = CARTESIAN_POINT ( 'NONE',  ( -7.086884155421196319, 3.849999999999999645, 5.209346776713581484 ) ) ;
#1023 = DIRECTION ( 'NONE',  ( 0.7823866642045134157, -0.000000000000000000, 0.6227929894233988906 ) ) ;
#1024 = ADVANCED_FACE ( 'NONE', ( #1966, #821 ), #1929, .F. ) ;
#1025 = ORIENTED_EDGE ( 'NONE', *, *, #1999, .T. ) ;
#1026 = DIRECTION ( 'NONE',  ( -0.000000000000000000, -1.000000000000000000, -0.000000000000000000 ) ) ;
#1027 = FILL_AREA_STYLE ('',( #1562 ) ) ;
#1028 =( CONVERSION_BASED_UNIT ( 'INCH', #1405 ) LENGTH_UNIT ( ) NAMED_UNIT ( #265 ) );
#1029 = EDGE_CURVE ( 'NONE', #598, #1094, #308, .T. ) ;
#1030 = LINE ( 'NONE', #1392, #1791 ) ;
#1031 = VERTEX_POINT ( 'NONE', #236 ) ;
#1032 = CARTESIAN_POINT ( 'NONE',  ( 7.531000001038160363, 4.289999999999998259, 4.636276014232663556 ) ) ;
#1033 = DIRECTION ( 'NONE',  ( -1.000000000000000000, 0.000000000000000000, 0.000000000000000000 ) ) ;
#1034 = CARTESIAN_POINT ( 'NONE',  ( -7.477371342407519883, 3.329999999999999627, 3.000000000000000888 ) ) ;
#1035 = ADVANCED_FACE ( 'NONE', ( #809 ), #1376, .F. ) ;
#1036 = DIRECTION ( 'NONE',  ( 0.000000000000000000, 0.000000000000000000, -1.000000000000000000 ) ) ;
#1037 = AXIS2_PLACEMENT_3D ( 'NONE', #511, #2367, #1443 ) ;
#1038 = EDGE_LOOP ( 'NONE', ( #922, #1096, #261 ) ) ;
#1039 = CARTESIAN_POINT ( 'NONE',  ( -7.523736480983890473, 4.081999999999999851, -4.636276014232661780 ) ) ;
#1040 =( BOUNDED_CURVE ( )  B_SPLINE_CURVE ( 3, ( #429, #1164, #1932, #2301 ),
 .UNSPECIFIED., .F., .F. ) 
 B_SPLINE_CURVE_WITH_KNOTS ( ( 4, 4 ),
 ( 4.037455645473750465, 6.283185307179586232 ),
 .UNSPECIFIED. ) 
 CURVE ( )  GEOMETRIC_REPRESENTATION_ITEM ( )  RATIONAL_B_SPLINE_CURVE ( ( 1.000000000000000000, 0.6220680176060461308, 0.6220680176060461308, 1.000000000000000000 ) ) 
 REPRESENTATION_ITEM ( '' )  );
#1041 = VECTOR ( 'NONE', #1171, 39.37007874015748143 ) ;
#1042 = CARTESIAN_POINT ( 'NONE',  ( -2.962883081717091471, 1.040044606909678260, -5.147404337979027744 ) ) ;
#1043 = ORIENTED_EDGE ( 'NONE', *, *, #573, .T. ) ;
#1044 = DIRECTION ( 'NONE',  ( -0.000000000000000000, 1.000000000000000000, 0.000000000000000000 ) ) ;
#1045 = CARTESIAN_POINT ( 'NONE',  ( -7.520104720956747535, 3.978000000000000647, -4.636276014232661780 ) ) ;
#1046 = AXIS2_PLACEMENT_3D ( 'NONE', #969, #1358, #1344 ) ;
#1047 = PLANE ( 'NONE',  #253 ) ;
#1048 = CARTESIAN_POINT ( 'NONE',  ( 7.471596280980855376, 4.082000000000000739, -4.902991148538464294 ) ) ;
#1049 = ORIENTED_EDGE ( 'NONE', *, *, #2327, .F. ) ;
#1050 = VERTEX_POINT ( 'NONE', #226 ) ;
#1051 = CARTESIAN_POINT ( 'NONE',  ( -7.281855659489252730, 4.290000000000000036, -5.152728955918739473 ) ) ;
#1052 = VECTOR ( 'NONE', #863, 39.37007874015748143 ) ;
#1053 = CARTESIAN_POINT ( 'NONE',  ( -7.531000001038159475, 4.290000000000000924, 4.680057087255564241 ) ) ;
#1054 = CARTESIAN_POINT ( 'NONE',  ( 6.911308153791096309, 4.290000000000001812, 5.280507514104234801 ) ) ;
#1055 = CARTESIAN_POINT ( 'NONE',  ( -7.478270735737278407, 4.289999999999999147, 4.905186470079146765 ) ) ;
#1056 = FACE_OUTER_BOUND ( 'NONE', #886, .T. ) ;
#1057 = CYLINDRICAL_SURFACE ( 'NONE', #1017, 0.6250000000000005551 ) ;
#1058 = VECTOR ( 'NONE', #1956, 39.37007874015748143 ) ;
#1059 = EDGE_CURVE ( 'NONE', #1451, #944, #2299, .T. ) ;
#1060 = VECTOR ( 'NONE', #2177, 39.37007874015748143 ) ;
#1061 = VERTEX_POINT ( 'NONE', #1951 ) ;
#1062 = EDGE_CURVE ( 'NONE', #1936, #1643, #1719, .T. ) ;
#1063 = CARTESIAN_POINT ( 'NONE',  ( -6.757529695745578380, 0.000000000000000000, -4.507529695745578380 ) ) ;
#1064 = ORIENTED_EDGE ( 'NONE', *, *, #1007, .F. ) ;
#1065 = VERTEX_POINT ( 'NONE', #1732 ) ;
#1066 = ORIENTED_EDGE ( 'NONE', *, *, #1059, .F. ) ;
#1067 = CARTESIAN_POINT ( 'NONE',  ( -7.492229592285370110, 4.082000000000002515, -4.844972759620651104 ) ) ;
#1068 = CARTESIAN_POINT ( 'NONE',  ( -6.925781492079241985, 4.185999999999999943, 5.277368241011024530 ) ) ;
#1069 = CARTESIAN_POINT ( 'NONE',  ( -6.912210118573444362, 4.290000000000000036, -5.280471613127658337 ) ) ;
#1070 = CARTESIAN_POINT ( 'NONE',  ( 7.402728955918727927, 4.290000000000002700, -5.031855659489249177 ) ) ;
#1071 = FACE_OUTER_BOUND ( 'NONE', #1958, .T. ) ;
#1072 = CARTESIAN_POINT ( 'NONE',  ( -7.361085179999997230, 0.6250000000000000000, 4.507529695745578380 ) ) ;
#1073 = ORIENTED_EDGE ( 'NONE', *, *, #72, .T. ) ;
#1074 = CONICAL_SURFACE ( 'NONE', #219, 0.02999999999999886091, 0.02181661564992916705 ) ;
#1075 = PLANE ( 'NONE',  #1898 ) ;
#1076 = CARTESIAN_POINT ( 'NONE',  ( 6.925781492079238433, 4.186000000000003496, -5.277368241011020089 ) ) ;
#1077 = AXIS2_PLACEMENT_3D ( 'NONE', #217, #956, #2403 ) ;
#1078 = ORIENTED_EDGE ( 'NONE', *, *, #427, .T. ) ;
#1079 = EDGE_LOOP ( 'NONE', ( #1267, #2028, #1315 ) ) ;
#1080 = ORIENTED_EDGE ( 'NONE', *, *, #1653, .F. ) ;
#1081 = CARTESIAN_POINT ( 'NONE',  ( 7.155186470079148542, 4.290000000000004476, 5.228270735737281072 ) ) ;
#1082 = B_SPLINE_CURVE_WITH_KNOTS ( 'NONE', 3,
 ( #1762, #1986, #1004, #2326 ),
 .UNSPECIFIED., .F., .F.,
 ( 4, 4 ),
 ( 0.000000000000000000, 0.0005219511476704072513 ),
 .UNSPECIFIED. ) ;
#1083 = CARTESIAN_POINT ( 'NONE',  ( 6.030000000000000249, 3.329999999999999627, -5.227371342407519883 ) ) ;
#1084 = EDGE_LOOP ( 'NONE', ( #1244, #1049, #1380 ) ) ;
#1085 = DIRECTION ( 'NONE',  ( 2.137978842030774583E-16, -0.000000000000000000, 1.000000000000000000 ) ) ;
#1086 = FACE_BOUND ( 'NONE', #1580, .T. ) ;
#1087 = DIRECTION ( 'NONE',  ( -0.000000000000000000, -1.000000000000000000, -0.000000000000000000 ) ) ;
#1088 = CARTESIAN_POINT ( 'NONE',  ( 3.000000000000000444, 1.040044606909832137, -5.147404337979033073 ) ) ;
#1089 = CARTESIAN_POINT ( 'NONE',  ( 7.397404337979032185, 1.040044606909702241, 3.037116918282907641 ) ) ;
#1090 = ORIENTED_EDGE ( 'NONE', *, *, #1799, .F. ) ;
#1091 = CARTESIAN_POINT ( 'NONE',  ( 7.500000001038172215, 3.978000000000000203, -5.111085179999999895 ) ) ;
#1092 = CARTESIAN_POINT ( 'NONE',  ( 7.196954920373878295, 4.082000000000000739, -5.196749133992472736 ) ) ;
#1093 = AXIS2_PLACEMENT_3D ( 'NONE', #1615, #705, #159 ) ;
#1094 = VERTEX_POINT ( 'NONE', #622 ) ;
#1095 = EDGE_LOOP ( 'NONE', ( #2203, #2014, #20, #719 ) ) ;
#1096 = ORIENTED_EDGE ( 'NONE', *, *, #2327, .T. ) ;
#1097 = CARTESIAN_POINT ( 'NONE',  ( -7.150671012534881577, 3.978000000000001535, -5.218252013887481056 ) ) ;
#1098 = CARTESIAN_POINT ( 'NONE',  ( 6.886276014232660003, 3.978000000000000647, 5.270104720956746647 ) ) ;
#1099 = EDGE_CURVE ( 'NONE', #2062, #1448, #1361, .T. ) ;
#1100 = PLANE ( 'NONE',  #866 ) ;
#1101 = CARTESIAN_POINT ( 'NONE',  ( 7.397404337979032185, 1.040044606909790614, -3.037116918282907641 ) ) ;
#1102 = CARTESIAN_POINT ( 'NONE',  ( -6.030000000000000249, 3.329999999999999183, -5.227371342407519883 ) ) ;
#1103 = VECTOR ( 'NONE', #15, 39.37007874015748854 ) ;
#1104 = CARTESIAN_POINT ( 'NONE',  ( -7.499136881866544257, 4.289999999999999147, -4.846692582352656764 ) ) ;
#1105 = ORIENTED_EDGE ( 'NONE', *, *, #2051, .F. ) ;
#1106 = VECTOR ( 'NONE', #1312, 39.37007874015748143 ) ;
#1107 = ORIENTED_EDGE ( 'NONE', *, *, #202, .T. ) ;
#1108 = EDGE_CURVE ( 'NONE', #79, #1448, #1239, .T. ) ;
#1109 = ADVANCED_FACE ( 'NONE', ( #1420 ), #1176, .T. ) ;
#1110 = DIRECTION ( 'NONE',  ( 0.000000000000000000, 0.000000000000000000, 1.000000000000000000 ) ) ;
#1111 = ORIENTED_EDGE ( 'NONE', *, *, #1843, .T. ) ;
#1112 = DIRECTION ( 'NONE',  ( 0.03487826274237468965, -0.9987827659587182882, -0.03487826274237468965 ) ) ;
#1113 = EDGE_LOOP ( 'NONE', ( #189, #1328 ) ) ;
#1114 = CARTESIAN_POINT ( 'NONE',  ( -6.000000000000000888, 3.329999999999999627, -5.227371342407519883 ) ) ;
#1115 = CARTESIAN_POINT ( 'NONE',  ( 2.962883081717092804, 1.040044606909678260, -5.147404337979027744 ) ) ;
#1116 = DIRECTION ( 'NONE',  ( 0.000000000000000000, -0.03489949670250104552, 0.9993908270190957621 ) ) ;
#1117 = CARTESIAN_POINT ( 'NONE',  ( 3.000000000000001332, 3.329999999999999627, 5.227371342407519883 ) ) ;
#1118 = ADVANCED_FACE ( 'NONE', ( #104 ), #1735, .F. ) ;
#1119 = VERTEX_POINT ( 'NONE', #2356 ) ;
#1120 = DIRECTION ( 'NONE',  ( 0.000000000000000000, 0.000000000000000000, -1.000000000000000000 ) ) ;
#1121 = CARTESIAN_POINT ( 'NONE',  ( -7.477371342407518995, 3.329999999999999627, -2.970000000000000195 ) ) ;
#1122 = VERTEX_POINT ( 'NONE', #1218 ) ;
#1123 = VERTEX_POINT ( 'NONE', #263 ) ;
#1124 = AXIS2_PLACEMENT_3D ( 'NONE', #2270, #2092, #1707 ) ;
#1125 = DIRECTION ( 'NONE',  ( 0.000000000000000000, 0.000000000000000000, 1.000000000000000000 ) ) ;
#1126 = FACE_OUTER_BOUND ( 'NONE', #1216, .T. ) ;
#1127 = CARTESIAN_POINT ( 'NONE',  ( -8.331000001038171732, -0.9999999999999992228, -6.081000001038174396 ) ) ;
#1128 = DIRECTION ( 'NONE',  ( 0.000000000000000000, 0.000000000000000000, -1.000000000000000000 ) ) ;
#1129 = CARTESIAN_POINT ( 'NONE',  ( -7.477371342407518995, 3.329999999999999183, 0.03000000000000024869 ) ) ;
#1130 = CARTESIAN_POINT ( 'NONE',  ( -6.886276014232661780, 4.290000000000000036, -5.281000001038172798 ) ) ;
#1131 = AXIS2_PLACEMENT_3D ( 'NONE', #1741, #1014, #62 ) ;
#1132 = LINE ( 'NONE', #1091, #902 ) ;
#1133 = EDGE_LOOP ( 'NONE', ( #845, #168, #620 ) ) ;
#1134 = PRODUCT_DEFINITION_CONTEXT ( 'detailed design', #2090, 'design' ) ;
#1135 = B_SPLINE_CURVE_WITH_KNOTS ( 'NONE', 3,
 ( #502, #2127, #474, #282, #1987, #675, #1779, #661, #126, #830, #294 ),
 .UNSPECIFIED., .F., .F.,
 ( 4, 1, 1, 1, 1, 1, 1, 1, 4 ),
 ( 0.000000000000000000, 0.1400000000000002076, 0.2800000000000046341, 0.4200000000000007061, 0.5600000000000002753, 0.6699999999999998179, 0.7799999999999948086, 0.8900000000000031219, 1.000000000000000000 ),
 .UNSPECIFIED. ) ;
#1136 = ORIENTED_EDGE ( 'NONE', *, *, #419, .T. ) ;
#1137 = CARTESIAN_POINT ( 'NONE',  ( 6.929311565198580602, 3.978000000000000647, 5.270104720956750199 ) ) ;
#1138 = CARTESIAN_POINT ( 'NONE',  ( -7.361085179999999895, 0.6031878145609368413, -5.132148962632514078 ) ) ;
#1139 = EDGE_CURVE ( 'NONE', #585, #563, #1850, .T. ) ;
#1140 = CARTESIAN_POINT ( 'NONE',  ( -7.361085179999997230, -1.000000000000000000, 5.111085179999999895 ) ) ;
#1141 = EDGE_CURVE ( 'NONE', #341, #1765, #998, .T. ) ;
#1142 = PRODUCT_DEFINITION_SHAPE ( 'NONE', 'NONE',  #2089 ) ;
#1143 = EDGE_CURVE ( 'NONE', #1414, #244, #2302, .T. ) ;
#1144 = ORIENTED_EDGE ( 'NONE', *, *, #981, .F. ) ;
#1145 = EDGE_CURVE ( 'NONE', #751, #936, #703, .T. ) ;
#1146 = ORIENTED_EDGE ( 'NONE', *, *, #1999, .F. ) ;
#1147 = DIRECTION ( 'NONE',  ( 0.000000000000000000, 0.000000000000000000, 1.000000000000000000 ) ) ;
#1148 = CARTESIAN_POINT ( 'NONE',  ( -6.974118420093967430, 4.290000000000000036, -5.274961962840847285 ) ) ;
#1149 = CARTESIAN_POINT ( 'NONE',  ( -7.376224016096506020, 4.082000000000003403, -5.051418551636981391 ) ) ;
#1150 = LINE ( 'NONE', #2283, #2184 ) ;
#1151 = ORIENTED_EDGE ( 'NONE', *, *, #606, .T. ) ;
#1152 = ORIENTED_EDGE ( 'NONE', *, *, #2195, .T. ) ;
#1153 = CARTESIAN_POINT ( 'NONE',  ( -7.530507514105626576, 4.290000000000000924, 4.661308153755497230 ) ) ;
#1154 = AXIS2_PLACEMENT_3D ( 'NONE', #69, #2330, #2107 ) ;
#1155 = CARTESIAN_POINT ( 'NONE',  ( -2.999999999999999112, 1.040044606909832137, 5.147404337979033073 ) ) ;
#1156 = DIRECTION ( 'NONE',  ( 0.03487826274237471047, -0.9987827659587183993, 0.03487826274237470353 ) ) ;
#1157 = CARTESIAN_POINT ( 'NONE',  ( 6.000000000000001776, 1.040044606909639846, 5.147404337979026856 ) ) ;
#1158 = EDGE_CURVE ( 'NONE', #121, #562, #813, .T. ) ;
#1159 = EDGE_LOOP ( 'NONE', ( #826, #2401, #512, #910, #735, #1829, #1550, #1090 ) ) ;
#1160 = ORIENTED_EDGE ( 'NONE', *, *, #162, .T. ) ;
#1161 = AXIS2_PLACEMENT_3D ( 'NONE', #838, #1404, #481 ) ;
#1162 = DIRECTION ( 'NONE',  ( 0.000000000000000000, 1.000000000000000000, 0.000000000000000000 ) ) ;
#1163 = ADVANCED_FACE ( 'NONE', ( #2393 ), #2044, .T. ) ;
#1164 = CARTESIAN_POINT ( 'NONE',  ( -6.053192330805289068, 2.267110526969432271, 5.190254424124614907 ) ) ;
#1165 = DIRECTION ( 'NONE',  ( 0.000000000000000000, -0.000000000000000000, 1.000000000000000000 ) ) ;
#1166 = CIRCLE ( 'NONE', #1813, 0.02999999999999886091 ) ;
#1167 = CARTESIAN_POINT ( 'NONE',  ( 7.523736480983886921, 4.082000000000000739, 4.636276014232660003 ) ) ;
#1168 = VECTOR ( 'NONE', #1701, 39.37007874015748143 ) ;
#1169 = ORIENTED_EDGE ( 'NONE', *, *, #2339, .F. ) ;
#1170 = ORIENTED_EDGE ( 'NONE', *, *, #1912, .T. ) ;
#1171 = DIRECTION ( 'NONE',  ( 1.000000000000000000, -0.000000000000000000, -0.000000000000000000 ) ) ;
#1172 = SURFACE_STYLE_USAGE ( .BOTH. , #2134 ) ;
#1173 = DIRECTION ( 'NONE',  ( -1.000000000000000000, 0.000000000000000000, -0.000000000000000000 ) ) ;
#1174 = VERTEX_POINT ( 'NONE', #2009 ) ;
#1175 = CARTESIAN_POINT ( 'NONE',  ( 7.477371342407521659, 3.329999999999999627, 2.999999999999999112 ) ) ;
#1176 = PLANE ( 'NONE',  #662 ) ;
#1177 = CARTESIAN_POINT ( 'NONE',  ( -7.275182537631624591, 3.978000000000000203, -5.143993152030398974 ) ) ;
#1178 = ORIENTED_EDGE ( 'NONE', *, *, #5, .T. ) ;
#1179 = CARTESIAN_POINT ( 'NONE',  ( 7.488771570660153643, 3.977999999999998870, 4.843160295773926372 ) ) ;
#1180 = ORIENTED_EDGE ( 'NONE', *, *, #955, .T. ) ;
#1181 = VERTEX_POINT ( 'NONE', #1054 ) ;
#1182 = DIRECTION ( 'NONE',  ( 0.000000000000000000, -1.000000000000000000, 0.000000000000000000 ) ) ;
#1183 =( NAMED_UNIT ( * ) SI_UNIT ( $, .STERADIAN. ) SOLID_ANGLE_UNIT ( ) );
#1184 = FACE_OUTER_BOUND ( 'NONE', #1084, .T. ) ;
#1185 = AXIS2_PLACEMENT_3D ( 'NONE', #513, #875, #1033 ) ;
#1186 = CARTESIAN_POINT ( 'NONE',  ( 7.298996951499085561, 3.978000000000000203, -5.123386010005120283 ) ) ;
#1187 = ORIENTED_EDGE ( 'NONE', *, *, #2081, .T. ) ;
#1188 = DIRECTION ( 'NONE',  ( 0.000000000000000000, 0.000000000000000000, 1.000000000000000000 ) ) ;
#1189 = EDGE_CURVE ( 'NONE', #1470, #2145, #151, .T. ) ;
#1190 = CARTESIAN_POINT ( 'NONE',  ( 7.241366465340372649, 3.978000000000000203, 5.250000001038173103 ) ) ;
#1191 = CONICAL_SURFACE ( 'NONE', #1350, 0.02999999999999940561, 0.02181661564992916705 ) ;
#1192 = FACE_OUTER_BOUND ( 'NONE', #1019, .T. ) ;
#1193 = ADVANCED_FACE ( 'NONE', ( #542, #348, #1086, #1126 ), #2080, .F. ) ;
#1194 = CARTESIAN_POINT ( 'NONE',  ( 7.382148962632513189, 0.6031878145609368413, -5.111085179999999895 ) ) ;
#1195 = ORIENTED_EDGE ( 'NONE', *, *, #268, .F. ) ;
#1196 = ORIENTED_EDGE ( 'NONE', *, *, #2025, .F. ) ;
#1197 = DIRECTION ( 'NONE',  ( -0.03487826274237475210, -0.9987827659587183993, 0.03487826274237471741 ) ) ;
#1198 = VECTOR ( 'NONE', #974, 39.37007874015748854 ) ;
#1199 = CARTESIAN_POINT ( 'NONE',  ( -6.886276014232663556, 3.978000000000000203, -5.250000001038173103 ) ) ;
#1200 = EDGE_LOOP ( 'NONE', ( #1907, #117, #1970 ) ) ;
#1201 = AXIS2_PLACEMENT_3D ( 'NONE', #2120, #258, #1389 ) ;
#1202 = CARTESIAN_POINT ( 'NONE',  ( 3.000000000000000444, 3.329999999999999627, -5.227371342407519883 ) ) ;
#1203 = DIRECTION ( 'NONE',  ( 0.000000000000000000, -1.000000000000000000, 0.000000000000000000 ) ) ;
#1204 = EDGE_CURVE ( 'NONE', #1516, #919, #946, .T. ) ;
#1205 = ADVANCED_FACE ( 'NONE', ( #374 ), #516, .T. ) ;
#1206 = CARTESIAN_POINT ( 'NONE',  ( -7.134129156055702303, 3.799999999999999822, 5.187405831888456831 ) ) ;
#1207 = DIRECTION ( 'NONE',  ( -0.03489949670250029612, -0.9993908270190957621, 0.000000000000000000 ) ) ;
#1208 = EDGE_CURVE ( 'NONE', #1065, #2317, #2273, .T. ) ;
#1209 = ORIENTED_EDGE ( 'NONE', *, *, #604, .F. ) ;
#1210 = AXIS2_PLACEMENT_3D ( 'NONE', #1647, #1459, #1880 ) ;
#1211 = ADVANCED_FACE ( 'NONE', ( #1520 ), #2272, .F. ) ;
#1212 = DIRECTION ( 'NONE',  ( 0.9205904489677538827, 0.000000000000000000, -0.3905294166504609810 ) ) ;
#1213 = CARTESIAN_POINT ( 'NONE',  ( 6.974118420092824344, 4.290000000000002700, 5.274961962840997387 ) ) ;
#1214 = CONICAL_SURFACE ( 'NONE', #973, 0.02999999999999940561, 0.02181661564992916705 ) ;
#1215 = CARTESIAN_POINT ( 'NONE',  ( 7.195358314547544154, 3.977999999999999314, -5.193564023154251252 ) ) ;
#1216 = EDGE_LOOP ( 'NONE', ( #547, #234, #1440, #371 ) ) ;
#1217 = DIRECTION ( 'NONE',  ( 0.000000000000000000, 0.000000000000000000, -1.000000000000000000 ) ) ;
#1218 = CARTESIAN_POINT ( 'NONE',  ( -2.970000000000000195, 3.329999999999999627, -5.227371342407519883 ) ) ;
#1219 = PLANE ( 'NONE',  #2334 ) ;
#1220 = CARTESIAN_POINT ( 'NONE',  ( 6.886276014232659115, 4.289999999999999147, 5.281000001038163028 ) ) ;
#1221 = CARTESIAN_POINT ( 'NONE',  ( 7.531000001038164804, 4.290000000000001812, 4.636276014232659115 ) ) ;
#1222 = CARTESIAN_POINT ( 'NONE',  ( -7.361085179999997230, 0.6031878145609368413, 5.132148962632514078 ) ) ;
#1223 = ORIENTED_EDGE ( 'NONE', *, *, #453, .T. ) ;
#1224 =( BOUNDED_CURVE ( )  B_SPLINE_CURVE ( 3, ( #455, #101, #1591, #289 ),
 .UNSPECIFIED., .F., .T. ) 
 B_SPLINE_CURVE_WITH_KNOTS ( ( 4, 4 ),
 ( 2.356803477777956957, 3.926381829401629275 ),
 .UNSPECIFIED. ) 
 CURVE ( )  GEOMETRIC_REPRESENTATION_ITEM ( )  RATIONAL_B_SPLINE_CURVE ( ( 1.000000000000000000, 0.8050248461936601041, 0.8050248461936601041, 1.000000000000000000 ) ) 
 REPRESENTATION_ITEM ( '' )  );
#1225 = CARTESIAN_POINT ( 'NONE',  ( 7.154559612448619710, 4.186000000000002608, 5.224936219514212610 ) ) ;
#1226 = CARTESIAN_POINT ( 'NONE',  ( -6.987103264195193120, 4.082000000000000739, 5.268273741503917584 ) ) ;
#1227 = ORIENTED_EDGE ( 'NONE', *, *, #2376, .F. ) ;
#1228 = DIRECTION ( 'NONE',  ( 0.000000000000000000, 0.000000000000000000, 1.000000000000000000 ) ) ;
#1229 = DIRECTION ( 'NONE',  ( 0.000000000000000000, 0.000000000000000000, -1.000000000000000000 ) ) ;
#1230 = VECTOR ( 'NONE', #1948, 39.37007874015748143 ) ;
#1231 = DIRECTION ( 'NONE',  ( 0.000000000000000000, 1.000000000000000000, 0.000000000000000000 ) ) ;
#1232 = CIRCLE ( 'NONE', #1077, 0.6250000000000000000 ) ;
#1233 = CARTESIAN_POINT ( 'NONE',  ( -3.053192330805293953, 2.267110526969361217, 5.190254424124611354 ) ) ;
#1234 = CARTESIAN_POINT ( 'NONE',  ( 7.523736480983880703, 4.082000000000001627, -4.636276014232663556 ) ) ;
#1235 = ORIENTED_EDGE ( 'NONE', *, *, #844, .F. ) ;
#1236 = ORIENTED_EDGE ( 'NONE', *, *, #546, .T. ) ;
#1237 = CARTESIAN_POINT ( 'NONE',  ( -7.520104720956747535, 3.978000000000000647, -4.636276014232661780 ) ) ;
#1238 = CARTESIAN_POINT ( 'NONE',  ( 7.449944240774456716, 4.186000000000000831, 4.948707209235009508 ) ) ;
#1239 = CIRCLE ( 'NONE', #592, 0.6250000000000000000 ) ;
#1240 = CARTESIAN_POINT ( 'NONE',  ( -7.521919701132046221, 4.290000000000002700, 4.770351970683379683 ) ) ;
#1241 = CARTESIAN_POINT ( 'NONE',  ( 7.520104720956748423, 3.978000000000000203, 4.636276014232660003 ) ) ;
#1242 = CARTESIAN_POINT ( 'NONE',  ( -8.331000001038171732, 4.290000000000000036, -6.081000001038174396 ) ) ;
#1243 = EDGE_CURVE ( 'NONE', #341, #1050, #227, .T. ) ;
#1244 = ORIENTED_EDGE ( 'NONE', *, *, #492, .F. ) ;
#1245 = B_SPLINE_CURVE_WITH_KNOTS ( 'NONE', 3,
 ( #2106, #589, #1313, #2097 ),
 .UNSPECIFIED., .F., .F.,
 ( 4, 4 ),
 ( 0.02653568181599635922, 0.02796245893553994666 ),
 .UNSPECIFIED. ) ;
#1246 = CARTESIAN_POINT ( 'NONE',  ( -7.134129156055702303, 3.849999999999999645, 5.187405831888456831 ) ) ;
#1247 = ORIENTED_EDGE ( 'NONE', *, *, #2096, .F. ) ;
#1248 = EDGE_LOOP ( 'NONE', ( #1624, #48 ) ) ;
#1249 = AXIS2_PLACEMENT_3D ( 'NONE', #2170, #368, #2063 ) ;
#1250 = CARTESIAN_POINT ( 'NONE',  ( -7.520104720956747535, 3.978000000000000647, -4.669887007281716684 ) ) ;
#1251 = CARTESIAN_POINT ( 'NONE',  ( -7.478270735737278407, 4.289999999999999147, 4.905186470079146765 ) ) ;
#1252 = CARTESIAN_POINT ( 'NONE',  ( -7.531000001038171909, 4.290000000000000036, -4.636276014232661780 ) ) ;
#1253 = CARTESIAN_POINT ( 'NONE',  ( 7.529612479296186045, 4.290000000000003588, -4.682968370793538782 ) ) ;
#1254 = PLANE ( 'NONE',  #1210 ) ;
#1255 = CARTESIAN_POINT ( 'NONE',  ( -2.999999999999999112, 3.329999999999999627, 5.197371342407520522 ) ) ;
#1256 = AXIS2_PLACEMENT_3D ( 'NONE', #452, #2149, #469 ) ;
#1257 = MANIFOLD_SOLID_BREP ( 'Combine3', #616 ) ;
#1258 = CARTESIAN_POINT ( 'NONE',  ( -7.152991148538467847, 4.082000000000002515, -5.221596280980870475 ) ) ;
#1259 = VERTEX_POINT ( 'NONE', #246 ) ;
#1260 = FACE_OUTER_BOUND ( 'NONE', #2318, .T. ) ;
#1261 = CARTESIAN_POINT ( 'NONE',  ( 7.096199520708064590, 4.186000000000003496, -5.245684922694954899 ) ) ;
#1262 = ORIENTED_EDGE ( 'NONE', *, *, #354, .F. ) ;
#1263 = ORIENTED_EDGE ( 'NONE', *, *, #2344, .F. ) ;
#1264 = ORIENTED_EDGE ( 'NONE', *, *, #1278, .T. ) ;
#1265 = CARTESIAN_POINT ( 'NONE',  ( 6.886276014232661780, 4.290000000000001812, 5.281000001038166580 ) ) ;
#1266 = CARTESIAN_POINT ( 'NONE',  ( -7.468252013887478391, 3.977999999999998426, 4.900671012534876247 ) ) ;
#1267 = ORIENTED_EDGE ( 'NONE', *, *, #58, .F. ) ;
#1268 = DIRECTION ( 'NONE',  ( 1.000000000000000000, 0.000000000000000000, 0.000000000000000000 ) ) ;
#1269 = CARTESIAN_POINT ( 'NONE',  ( 7.200654519468450587, 4.290000000000002700, -5.203151869297614418 ) ) ;
#1270 = DIRECTION ( 'NONE',  ( -0.000000000000000000, -1.000000000000000000, -0.000000000000000000 ) ) ;
#1271 = DIRECTION ( 'NONE',  ( 0.000000000000000000, -0.9997620270799090214, -0.02181488503456116557 ) ) ;
#1272 = ADVANCED_FACE ( 'NONE', ( #594 ), #2084, .T. ) ;
#1273 = EDGE_LOOP ( 'NONE', ( #8, #456, #1691 ) ) ;
#1274 = VECTOR ( 'NONE', #1593, 39.37007874015748143 ) ;
#1275 = PLANE ( 'NONE',  #818 ) ;
#1276 = CARTESIAN_POINT ( 'NONE',  ( 7.301418551636968957, 4.082000000000001627, -5.126224016096500691 ) ) ;
#1277 = AXIS2_PLACEMENT_3D ( 'NONE', #1339, #2104, #1521 ) ;
#1278 = EDGE_CURVE ( 'NONE', #908, #1846, #1533, .T. ) ;
#1279 = ORIENTED_EDGE ( 'NONE', *, *, #608, .F. ) ;
#1280 = VERTEX_POINT ( 'NONE', #987 ) ;
#1281 = ORIENTED_EDGE ( 'NONE', *, *, #68, .F. ) ;
#1282 =( BOUNDED_CURVE ( )  B_SPLINE_CURVE ( 3, ( #1297, #1908, #2417, #1866 ),
 .UNSPECIFIED., .F., .T. ) 
 B_SPLINE_CURVE_WITH_KNOTS ( ( 4, 4 ),
 ( 3.493824831927616170, 3.732729499764685155 ),
 .UNSPECIFIED. ) 
 CURVE ( )  GEOMETRIC_REPRESENTATION_ITEM ( )  RATIONAL_B_SPLINE_CURVE ( ( 1.000000000000000000, 0.9952493661836504524, 0.9952493661836504524, 1.000000000000000000 ) ) 
 REPRESENTATION_ITEM ( '' )  );
#1283 = CARTESIAN_POINT ( 'NONE',  ( 6.886276014232661780, 4.186000000000000831, 5.277368241011028083 ) ) ;
#1284 = DIRECTION ( 'NONE',  ( 0.000000000000000000, 1.000000000000000000, 0.000000000000000000 ) ) ;
#1285 = CARTESIAN_POINT ( 'NONE',  ( 7.096692582352646106, 4.290000000000004476, -5.249136881866530935 ) ) ;
#1286 = CARTESIAN_POINT ( 'NONE',  ( -7.477371342407518995, 3.329999999999999627, -3.029999999999998472 ) ) ;
#1287 = CARTESIAN_POINT ( 'NONE',  ( -7.393993152030397198, 3.978000000000000647, 5.025182537631629032 ) ) ;
#1288 = VECTOR ( 'NONE', #50, 39.37007874015748143 ) ;
#1289 = AXIS2_PLACEMENT_3D ( 'NONE', #1700, #773, #185 ) ;
#1290 = ORIENTED_EDGE ( 'NONE', *, *, #707, .T. ) ;
#1291 = MECHANICAL_DESIGN_GEOMETRIC_PRESENTATION_REPRESENTATION (  '', ( #1686 ), #1447 ) ;
#1292 = EDGE_CURVE ( 'NONE', #944, #1414, #451, .T. ) ;
#1293 = CARTESIAN_POINT ( 'NONE',  ( 7.399798235446649386, 4.186000000000002608, -5.029394065874527087 ) ) ;
#1294 = ORIENTED_EDGE ( 'NONE', *, *, #180, .T. ) ;
#1295 = ADVANCED_FACE ( 'NONE', ( #1967 ), #2113, .F. ) ;
#1296 = EDGE_CURVE ( 'NONE', #693, #1368, #1742, .T. ) ;
#1297 = CARTESIAN_POINT ( 'NONE',  ( -7.131250223744024730, 3.799999999999999822, 5.186184542054832924 ) ) ;
#1298 = VERTEX_POINT ( 'NONE', #1362 ) ;
#1299 = CARTESIAN_POINT ( 'NONE',  ( 7.520104720956745759, 3.978000000000000203, -4.636276014232661780 ) ) ;
#1300 = DIRECTION ( 'NONE',  ( 0.000000000000000000, -1.000000000000000000, -8.741913579725642299E-16 ) ) ;
#1301 = CARTESIAN_POINT ( 'NONE',  ( -6.886276014232660003, 3.978000000000000647, 5.270104720956747535 ) ) ;
#1302 =( BOUNDED_CURVE ( )  B_SPLINE_CURVE ( 3, ( #1869, #2213, #1487, #890 ),
 .UNSPECIFIED., .F., .F. ) 
 B_SPLINE_CURVE_WITH_KNOTS ( ( 4, 4 ),
 ( 4.037455645473686516, 6.283185307179586232 ),
 .UNSPECIFIED. ) 
 CURVE ( )  GEOMETRIC_REPRESENTATION_ITEM ( )  RATIONAL_B_SPLINE_CURVE ( ( 1.000000000000000000, 0.6220680176060269240, 0.6220680176060269240, 1.000000000000000000 ) ) 
 REPRESENTATION_ITEM ( '' )  );
#1303 = AXIS2_PLACEMENT_3D ( 'NONE', #1341, #1736, #1323 ) ;
#1304 = VECTOR ( 'NONE', #1823, 39.37007874015748143 ) ;
#1305 = CARTESIAN_POINT ( 'NONE',  ( -6.930057087255564241, 4.290000000000000036, -5.281000001038172798 ) ) ;
#1306 = ORIENTED_EDGE ( 'NONE', *, *, #942, .T. ) ;
#1307 = ORIENTED_EDGE ( 'NONE', *, *, #1479, .T. ) ;
#1308 = DIRECTION ( 'NONE',  ( 1.000000000000000000, 0.000000000000000000, 0.000000000000000000 ) ) ;
#1309 = VERTEX_POINT ( 'NONE', #1980 ) ;
#1310 = DIRECTION ( 'NONE',  ( -0.000000000000000000, 1.000000000000000000, 0.000000000000000000 ) ) ;
#1311 = CARTESIAN_POINT ( 'NONE',  ( 6.724790557357180454, -0.3125262591546396074, 4.474790557357178677 ) ) ;
#1312 = DIRECTION ( 'NONE',  ( 0.000000000000000000, 0.000000000000000000, -1.000000000000000000 ) ) ;
#1313 = CARTESIAN_POINT ( 'NONE',  ( 6.912210118577248430, 4.290000000000001812, 5.280471613127492247 ) ) ;
#1314 = CARTESIAN_POINT ( 'NONE',  ( 6.000000000000001776, 3.329999999999999627, 5.197371342407518746 ) ) ;
#1315 = ORIENTED_EDGE ( 'NONE', *, *, #665, .F. ) ;
#1316 = B_SPLINE_SURFACE_WITH_KNOTS ( 'NONE', 3, 3, ( 
 ( #363, #1053, #1240, #1251, #1800, #2017, #1819, #316, #1469, #120, #1626 ),
 ( #1832, #898, #727, #136, #557, #695, #2185, #2007, #329, #1068, #2045 ),
 ( #2031, #1786, #1601, #889, #1456, #2353, #2391, #1995, #1226, #671, #860 ),
 ( #1418, #2211, #540, #1266, #2279, #1878, #577, #564, #209, #601, #184 ) ),
 .UNSPECIFIED., .F., .F., .F.,
 ( 4, 4 ),
 ( 4, 1, 1, 1, 1, 1, 1, 1, 4 ),
 ( 0.1371315141361763301, 0.5065589381862929397 ),
 ( 0.000000000000000000, 0.1399999999999995692, 0.2800000000000038014, 0.4199999999999991518, 0.5600000000000013856, 0.6699999999999998179, 0.7799999999999953637, 0.8899999999999987921, 1.000000000000000000 ),
 .UNSPECIFIED. ) ;
#1317 = AXIS2_PLACEMENT_3D ( 'NONE', #990, #1748, #1503 ) ;
#1318 = ORIENTED_EDGE ( 'NONE', *, *, #1029, .F. ) ;
#1319 = AXIS2_PLACEMENT_3D ( 'NONE', #686, #1431, #1657 ) ;
#1320 = FACE_OUTER_BOUND ( 'NONE', #1833, .T. ) ;
#1321 = ADVANCED_FACE ( 'NONE', ( #435 ), #76, .T. ) ;
#1322 = CARTESIAN_POINT ( 'NONE',  ( 7.477371342407519883, 3.329999999999999627, -2.970000000000002416 ) ) ;
#1323 = DIRECTION ( 'NONE',  ( 1.000000000000000000, 0.000000000000000000, 0.000000000000000000 ) ) ;
#1324 = ADVANCED_FACE ( 'NONE', ( #1452 ), #1862, .T. ) ;
#1325 = AXIS2_PLACEMENT_3D ( 'NONE', #2237, #2147, #468 ) ;
#1326 = EDGE_CURVE ( 'NONE', #1061, #1298, #41, .T. ) ;
#1327 = EDGE_LOOP ( 'NONE', ( #1466, #367, #2008 ) ) ;
#1328 = ORIENTED_EDGE ( 'NONE', *, *, #2173, .T. ) ;
#1329 = CARTESIAN_POINT ( 'NONE',  ( -7.037270270248096260, 3.799999999999999822, 5.225238974984533158 ) ) ;
#1330 = CARTESIAN_POINT ( 'NONE',  ( 6.886276014232667109, 4.289999999999998259, -5.281000001038152369 ) ) ;
#1331 = DIRECTION ( 'NONE',  ( 0.000000000000000000, 0.000000000000000000, 1.000000000000000000 ) ) ;
#1332 = CARTESIAN_POINT ( 'NONE',  ( -7.277186791768624374, 4.082000000000000739, -5.146887654984168670 ) ) ;
#1333 = AXIS2_PLACEMENT_3D ( 'NONE', #1903, #211, #948 ) ;
#1334 = VECTOR ( 'NONE', #122, 39.37007874015748143 ) ;
#1335 = CARTESIAN_POINT ( 'NONE',  ( -6.886276014232660003, 3.978000000000000647, 5.270104720956747535 ) ) ;
#1336 = ORIENTED_EDGE ( 'NONE', *, *, #1913, .F. ) ;
#1337 = ORIENTED_EDGE ( 'NONE', *, *, #1189, .F. ) ;
#1338 = CARTESIAN_POINT ( 'NONE',  ( 6.757529695745581044, 0.6250000000000000000, 4.507529695745578380 ) ) ;
#1339 = CARTESIAN_POINT ( 'NONE',  ( 7.477371342407519883, 3.329999999999999627, 2.999999999999999112 ) ) ;
#1340 = CARTESIAN_POINT ( 'NONE',  ( 5.970000000000000639, 3.329999999999999183, -5.227371342407519883 ) ) ;
#1341 = CARTESIAN_POINT ( 'NONE',  ( 6.757529695745578380, 0.6250000000000000000, -4.507529695745578380 ) ) ;
#1342 = EDGE_CURVE ( 'NONE', #1652, #1516, #748, .T. ) ;
#1343 = CARTESIAN_POINT ( 'NONE',  ( -6.737225758211271121, 0.04357130212707852751, -4.487225758211272009 ) ) ;
#1344 = DIRECTION ( 'NONE',  ( 0.000000000000000000, -0.03489949670250108715, -0.9993908270190956511 ) ) ;
#1345 = ADVANCED_FACE ( 'NONE', ( #994 ), #1401, .F. ) ;
#1346 = ORIENTED_EDGE ( 'NONE', *, *, #2173, .F. ) ;
#1347 = ORIENTED_EDGE ( 'NONE', *, *, #391, .F. ) ;
#1348 = DIRECTION ( 'NONE',  ( 0.000000000000000000, 0.000000000000000000, -1.000000000000000000 ) ) ;
#1349 = VECTOR ( 'NONE', #2198, 39.37007874015748143 ) ;
#1350 = AXIS2_PLACEMENT_3D ( 'NONE', #1854, #558, #899 ) ;
#1351 = DIRECTION ( 'NONE',  ( 0.03487826274237469659, -0.9987827659587182882, 0.03487826274237469659 ) ) ;
#1352 = FACE_OUTER_BOUND ( 'NONE', #466, .T. ) ;
#1353 = CARTESIAN_POINT ( 'NONE',  ( 5.970000000000002416, 3.329999999999999627, 5.227371342407519883 ) ) ;
#1354 = DIRECTION ( 'NONE',  ( 0.000000000000000000, 1.000000000000000000, 0.000000000000000000 ) ) ;
#1355 =( BOUNDED_CURVE ( )  B_SPLINE_CURVE ( 3, ( #2125, #1760, #1734, #103, #2114, #827, #2342 ),
 .UNSPECIFIED., .F., .T. ) 
 B_SPLINE_CURVE_WITH_KNOTS ( ( 4, 3, 4 ),
 ( 4.037455645473756682, 6.283185307179582679, 8.528914968885407788 ),
 .UNSPECIFIED. ) 
 CURVE ( )  GEOMETRIC_REPRESENTATION_ITEM ( )  RATIONAL_B_SPLINE_CURVE ( ( 1.000000000000000000, 0.6220680176060491284, 0.6220680176060491284, 1.000000000000000000, 0.6220680176060493505, 0.6220680176060493505, 1.000000000000000000 ) ) 
 REPRESENTATION_ITEM ( '' )  );
#1356 = ADVANCED_FACE ( 'NONE', ( #2141 ), #709, .T. ) ;
#1357 = LINE ( 'NONE', #1335, #1886 ) ;
#1358 = DIRECTION ( 'NONE',  ( -0.03487826274237469659, -0.9987827659587183993, 0.03487826274237470353 ) ) ;
#1359 = ORIENTED_EDGE ( 'NONE', *, *, #782, .F. ) ;
#1360 = EDGE_LOOP ( 'NONE', ( #2012, #74, #2029 ) ) ;
#1361 = LINE ( 'NONE', #257, #475 ) ;
#1362 = CARTESIAN_POINT ( 'NONE',  ( 0.02999999999999952358, 3.329999999999999627, -5.227371342407519883 ) ) ;
#1363 = ADVANCED_FACE ( 'NONE', ( #2294 ), #1738, .T. ) ;
#1364 = DIRECTION ( 'NONE',  ( -0.03489949670250028918, 0.9993908270190957621, 2.131042363281925678E-17 ) ) ;
#1365 = CARTESIAN_POINT ( 'NONE',  ( -3.000000000000000444, 3.329999999999999627, -5.227371342407519883 ) ) ;
#1366 = CARTESIAN_POINT ( 'NONE',  ( 6.911308153791096309, 4.290000000000001812, 5.280507514104234801 ) ) ;
#1367 = FACE_OUTER_BOUND ( 'NONE', #6, .T. ) ;
#1368 = VERTEX_POINT ( 'NONE', #1011 ) ;
#1369 =( BOUNDED_CURVE ( )  B_SPLINE_CURVE ( 3, ( #2385, #2348, #1425, #2181 ),
 .UNSPECIFIED., .F., .F. ) 
 B_SPLINE_CURVE_WITH_KNOTS ( ( 4, 4 ),
 ( 4.037455645473694510, 6.283185307179586232 ),
 .UNSPECIFIED. ) 
 CURVE ( )  GEOMETRIC_REPRESENTATION_ITEM ( )  RATIONAL_B_SPLINE_CURVE ( ( 1.000000000000000000, 0.6220680176060293665, 0.6220680176060293665, 1.000000000000000000 ) ) 
 REPRESENTATION_ITEM ( '' )  );
#1370 = AXIS2_PLACEMENT_3D ( 'NONE', #406, #26, #1711 ) ;
#1371 = CARTESIAN_POINT ( 'NONE',  ( 7.443564023154254805, 3.978000000000000203, 4.945358314547545930 ) ) ;
#1372 = CARTESIAN_POINT ( 'NONE',  ( 8.331000001038171732, -22.62853577255780380, -6.081000001038174396 ) ) ;
#1373 = ORIENTED_EDGE ( 'NONE', *, *, #1662, .T. ) ;
#1374 = VERTEX_POINT ( 'NONE', #1157 ) ;
#1375 = EDGE_CURVE ( 'NONE', #1050, #2242, #222, .T. ) ;
#1376 = PLANE ( 'NONE',  #1712 ) ;
#1377 = CARTESIAN_POINT ( 'NONE',  ( 7.397404337979033961, 1.040044606909829028, -0.03711691828290661355 ) ) ;
#1378 = CARTESIAN_POINT ( 'NONE',  ( 6.989468670558278696, 4.290000000000002700, 5.272851089307538430 ) ) ;
#1379 = DIRECTION ( 'NONE',  ( 0.000000000000000000, 0.000000000000000000, 1.000000000000000000 ) ) ;
#1380 = ORIENTED_EDGE ( 'NONE', *, *, #1981, .F. ) ;
#1381 = CARTESIAN_POINT ( 'NONE',  ( 7.477371342407519883, 3.329999999999999627, -3.000000000000001332 ) ) ;
#1382 = CARTESIAN_POINT ( 'NONE',  ( -5.969999999999999751, 3.329999999999999627, 5.227371342407520771 ) ) ;
#1383 = CARTESIAN_POINT ( 'NONE',  ( 6.886765747907204194, 4.290000000000002700, 5.280999811694674584 ) ) ;
#1384 = PLANE ( 'NONE',  #1614 ) ;
#1385 = DIRECTION ( 'NONE',  ( 0.000000000000000000, 0.000000000000000000, 1.000000000000000000 ) ) ;
#1386 = ORIENTED_EDGE ( 'NONE', *, *, #1975, .F. ) ;
#1387 = ORIENTED_EDGE ( 'NONE', *, *, #202, .F. ) ;
#1388 = PLANE ( 'NONE',  #1641 ) ;
#1389 = DIRECTION ( 'NONE',  ( 0.000000000000000000, 0.000000000000000000, 1.000000000000000000 ) ) ;
#1390 = DIRECTION ( 'NONE',  ( -0.000000000000000000, 1.000000000000000000, -0.000000000000000000 ) ) ;
#1391 = ADVANCED_FACE ( 'NONE', ( #432 ), #1529, .T. ) ;
#1392 = CARTESIAN_POINT ( 'NONE',  ( -7.531000001038162139, 4.289999999999999147, -4.636276014232669773 ) ) ;
#1393 = EDGE_LOOP ( 'NONE', ( #1895, #1750, #299, #274, #2015, #1585, #2206, #798 ) ) ;
#1394 = DIRECTION ( 'NONE',  ( -0.03487826274237469659, -0.9987827659587182882, -0.03487826274237469659 ) ) ;
#1395 = CARTESIAN_POINT ( 'NONE',  ( -6.974118420093967430, 4.290000000000000036, -5.274961962840847285 ) ) ;
#1396 = CARTESIAN_POINT ( 'NONE',  ( 7.500000001038173991, 3.978000000000000203, 4.625380734151236517 ) ) ;
#1397 = VECTOR ( 'NONE', #260, 39.37007874015748143 ) ;
#1398 = ADVANCED_FACE ( 'NONE', ( #84 ), #983, .T. ) ;
#1399 = CARTESIAN_POINT ( 'NONE',  ( -7.134129156055702303, 3.849999999999999645, 5.187405831888456831 ) ) ;
#1400 = EDGE_CURVE ( 'NONE', #562, #1877, #962, .T. ) ;
#1401 = CYLINDRICAL_SURFACE ( 'NONE', #1046, 0.6249999999999996669 ) ;
#1402 = EDGE_LOOP ( 'NONE', ( #2049, #1830, #657, #704 ) ) ;
#1403 = CARTESIAN_POINT ( 'NONE',  ( 3.000000000000001332, 3.329999999999999627, 5.227371342407519883 ) ) ;
#1404 = DIRECTION ( 'NONE',  ( 2.137978842030774583E-16, 0.000000000000000000, 1.000000000000000000 ) ) ;
#1405 = LENGTH_MEASURE_WITH_UNIT ( LENGTH_MEASURE( 0.02539999999999999897 ), #1773 );
#1406 = PLANE ( 'NONE',  #2000 ) ;
#1407 = ORIENTED_EDGE ( 'NONE', *, *, #1243, .T. ) ;
#1408 = DIRECTION ( 'NONE',  ( -0.000000000000000000, -1.000000000000000000, -0.000000000000000000 ) ) ;
#1409 = VECTOR ( 'NONE', #1916, 39.37007874015748143 ) ;
#1410 = LINE ( 'NONE', #1421, #554 ) ;
#1411 = CARTESIAN_POINT ( 'NONE',  ( -7.037270270248096260, 3.799999999999999822, 5.225238974984533158 ) ) ;
#1412 = CIRCLE ( 'NONE', #788, 0.6249999999999996669 ) ;
#1413 = VERTEX_POINT ( 'NONE', #254 ) ;
#1414 = VERTEX_POINT ( 'NONE', #1587 ) ;
#1415 = AXIS2_PLACEMENT_3D ( 'NONE', #1630, #891, #2239 ) ;
#1416 = VECTOR ( 'NONE', #635, 39.37007874015748143 ) ;
#1417 = CARTESIAN_POINT ( 'NONE',  ( -6.989468670559046970, 4.290000000000000036, -5.272851089307411421 ) ) ;
#1418 = CARTESIAN_POINT ( 'NONE',  ( -7.520104720956743094, 3.978000000000000647, 4.636276014232660891 ) ) ;
#1419 = VERTEX_POINT ( 'NONE', #2332 ) ;
#1420 = FACE_OUTER_BOUND ( 'NONE', #1038, .T. ) ;
#1421 = CARTESIAN_POINT ( 'NONE',  ( 6.000000000000001776, 3.329999999999999627, 5.227371342407519883 ) ) ;
#1422 = CARTESIAN_POINT ( 'NONE',  ( -7.514672184567596780, 3.978000000000000647, -4.738900222990473310 ) ) ;
#1423 = EDGE_CURVE ( 'NONE', #108, #1690, #1965, .T. ) ;
#1424 = DIRECTION ( 'NONE',  ( 0.000000000000000000, -0.000000000000000000, 1.000000000000000000 ) ) ;
#1425 = CARTESIAN_POINT ( 'NONE',  ( -5.962883081717093248, 1.040044606909757974, -5.147404337979031297 ) ) ;
#1426 = CARTESIAN_POINT ( 'NONE',  ( 7.198707209235008619, 4.186000000000001720, -5.199944240774452275 ) ) ;
#1427 = ORIENTED_EDGE ( 'NONE', *, *, #573, .F. ) ;
#1428 = CARTESIAN_POINT ( 'NONE',  ( 6.000000000000001776, 3.329999999999999627, 5.227371342407518107 ) ) ;
#1429 = EDGE_CURVE ( 'NONE', #585, #133, #1827, .T. ) ;
#1430 = CARTESIAN_POINT ( 'NONE',  ( -7.453151869297624188, 4.290000000000000036, -4.950654519468461245 ) ) ;
#1431 = DIRECTION ( 'NONE',  ( -0.3905294166504609810, 0.000000000000000000, -0.9205904489677538827 ) ) ;
#1432 = ORIENTED_EDGE ( 'NONE', *, *, #223, .T. ) ;
#1433 = DIRECTION ( 'NONE',  ( 0.000000000000000000, 1.000000000000000000, 0.000000000000000000 ) ) ;
#1434 = EDGE_LOOP ( 'NONE', ( #1875, #2365 ) ) ;
#1435 = CONICAL_SURFACE ( 'NONE', #2378, 0.02999999999999886091, 0.02181661564992916705 ) ;
#1436 = CARTESIAN_POINT ( 'NONE',  ( 6.953501312870224993, 4.290000000000002700, 5.277797102636966997 ) ) ;
#1437 = FACE_OUTER_BOUND ( 'NONE', #225, .T. ) ;
#1438 = AXIS2_PLACEMENT_3D ( 'NONE', #305, #1044, #1620 ) ;
#1439 = CARTESIAN_POINT ( 'NONE',  ( 7.531000001038160363, 4.289999999999998259, 4.636276014232663556 ) ) ;
#1440 = ORIENTED_EDGE ( 'NONE', *, *, #2296, .F. ) ;
#1441 = ORIENTED_EDGE ( 'NONE', *, *, #1757, .T. ) ;
#1442 = CARTESIAN_POINT ( 'NONE',  ( -7.530830414459757982, 4.289999999999990266, 4.653086642289226305 ) ) ;
#1443 = DIRECTION ( 'NONE',  ( -0.03489949670250029612, 0.9993908270190957621, 0.000000000000000000 ) ) ;
#1444 = CARTESIAN_POINT ( 'NONE',  ( 8.331000001038171732, -22.62853577255780380, -6.081000001038174396 ) ) ;
#1445 = CARTESIAN_POINT ( 'NONE',  ( -6.886276014232660003, 4.290000000000000924, 5.281000001038163028 ) ) ;
#1446 = DIRECTION ( 'NONE',  ( -0.000000000000000000, 1.000000000000000000, 0.000000000000000000 ) ) ;
#1447 =( GEOMETRIC_REPRESENTATION_CONTEXT ( 3 ) GLOBAL_UNCERTAINTY_ASSIGNED_CONTEXT ( ( #2143 ) ) GLOBAL_UNIT_ASSIGNED_CONTEXT ( ( #1015, #2309, #1183 ) ) REPRESENTATION_CONTEXT ( 'NONE', 'WORKASPACE' ) );
#1448 = VERTEX_POINT ( 'NONE', #1063 ) ;
#1449 = DIRECTION ( 'NONE',  ( -0.000000000000000000, -1.000000000000000000, -0.000000000000000000 ) ) ;
#1450 = CARTESIAN_POINT ( 'NONE',  ( 6.920468640759082746, 4.290000000000003588, -5.281000001038156810 ) ) ;
#1451 = VERTEX_POINT ( 'NONE', #142 ) ;
#1452 = FACE_OUTER_BOUND ( 'NONE', #1402, .T. ) ;
#1453 = ORIENTED_EDGE ( 'NONE', *, *, #2344, .T. ) ;
#1454 = CARTESIAN_POINT ( 'NONE',  ( 6.000000000000000888, 1.040044606909830138, -5.147404337979033073 ) ) ;
#1455 = EDGE_CURVE ( 'NONE', #1703, #1549, #857, .T. ) ;
#1456 = CARTESIAN_POINT ( 'NONE',  ( -7.396887654984166005, 4.081999999999998963, 5.027186791768627039 ) ) ;
#1457 = ORIENTED_EDGE ( 'NONE', *, *, #548, .F. ) ;
#1458 = CARTESIAN_POINT ( 'NONE',  ( 7.524961962840873042, 4.290000000000003588, -4.724118420093669890 ) ) ;
#1459 = DIRECTION ( 'NONE',  ( 0.000000000000000000, 1.000000000000000000, 0.000000000000000000 ) ) ;
#1460 = CARTESIAN_POINT ( 'NONE',  ( 6.875380734151237405, 3.978000000000000203, 5.250000001038173103 ) ) ;
#1461 = VECTOR ( 'NONE', #2019, 39.37007874015748143 ) ;
#1462 = EDGE_CURVE ( 'NONE', #1516, #871, #612, .T. ) ;
#1463 = CARTESIAN_POINT ( 'NONE',  ( -7.531000001038171909, 4.290000000000000036, -4.636276014232661780 ) ) ;
#1464 = ORIENTED_EDGE ( 'NONE', *, *, #1842, .T. ) ;
#1465 = LINE ( 'NONE', #2374, #714 ) ;
#1466 = ORIENTED_EDGE ( 'NONE', *, *, #2338, .F. ) ;
#1467 = ORIENTED_EDGE ( 'NONE', *, *, #949, .T. ) ;
#1468 = CARTESIAN_POINT ( 'NONE',  ( 7.531000001038164804, 4.290000000000002700, 4.670468640759090739 ) ) ;
#1469 = CARTESIAN_POINT ( 'NONE',  ( -6.990623379008511940, 4.290000000000000036, 5.275479356424916944 ) ) ;
#1470 = VERTEX_POINT ( 'NONE', #721 ) ;
#1471 = CARTESIAN_POINT ( 'NONE',  ( 7.477371342407519883, 3.329999999999999627, -3.030000000000000693 ) ) ;
#1472 = SPHERICAL_SURFACE ( 'NONE', #1415, 0.6250000000000000000 ) ;
#1473 = LINE ( 'NONE', #13, #1106 ) ;
#1474 = EDGE_CURVE ( 'NONE', #2053, #1927, #1010, .T. ) ;
#1475 = EDGE_CURVE ( 'NONE', #2053, #1765, #2204, .T. ) ;
#1476 = CARTESIAN_POINT ( 'NONE',  ( -7.382148962632513189, 0.6031878145609368413, -4.507529695745579268 ) ) ;
#1477 = ORIENTED_EDGE ( 'NONE', *, *, #1400, .F. ) ;
#1478 = AXIS2_PLACEMENT_3D ( 'NONE', #503, #1231, #128 ) ;
#1479 = EDGE_CURVE ( 'NONE', #1706, #1309, #1465, .T. ) ;
#1480 = LINE ( 'NONE', #2266, #1864 ) ;
#1481 = EDGE_CURVE ( 'NONE', #563, #133, #1369, .T. ) ;
#1482 = CIRCLE ( 'NONE', #2228, 0.6250000000000000000 ) ;
#1483 = ORIENTED_EDGE ( 'NONE', *, *, #545, .F. ) ;
#1484 = LINE ( 'NONE', #43, #2076 ) ;
#1485 = DIRECTION ( 'NONE',  ( -0.000000000000000000, -0.000000000000000000, -1.000000000000000000 ) ) ;
#1486 = CARTESIAN_POINT ( 'NONE',  ( -7.382148962632511413, 0.6031878145609368413, 4.507529695745579268 ) ) ;
#1487 = CARTESIAN_POINT ( 'NONE',  ( 2.962883081717092804, 1.040044606909678260, 5.147404337979027744 ) ) ;
#1488 = FACE_OUTER_BOUND ( 'NONE', #2285, .T. ) ;
#1489 = CARTESIAN_POINT ( 'NONE',  ( 7.477371342407519883, 3.329999999999999627, -2.970000000000002416 ) ) ;
#1490 = CARTESIAN_POINT ( 'NONE',  ( -7.527368241011031635, 4.185999999999999943, -4.675781492079248203 ) ) ;
#1491 = EDGE_LOOP ( 'NONE', ( #2209, #780, #1863, #1169 ) ) ;
#1492 = AXIS2_PLACEMENT_3D ( 'NONE', #630, #1925, #2157 ) ;
#1493 = DIRECTION ( 'NONE',  ( 0.000000000000000000, 0.000000000000000000, 1.000000000000000000 ) ) ;
#1494 = EDGE_LOOP ( 'NONE', ( #2235, #2004, #732, #143 ) ) ;
#1495 = CARTESIAN_POINT ( 'NONE',  ( 7.373386010005130942, 3.978000000000001091, 5.048996951499097996 ) ) ;
#1496 = DIRECTION ( 'NONE',  ( 0.000000000000000000, 0.000000000000000000, -1.000000000000000000 ) ) ;
#1497 = CARTESIAN_POINT ( 'NONE',  ( 7.397404337979032185, 1.040044606909799940, -2.962883081717095024 ) ) ;
#1498 = CARTESIAN_POINT ( 'NONE',  ( 3.000000000000001332, 3.329999999999999627, 5.227371342407519883 ) ) ;
#1499 = CARTESIAN_POINT ( 'NONE',  ( -7.449944240774454940, 4.185999999999999055, -4.948707209235013949 ) ) ;
#1500 = ORIENTED_EDGE ( 'NONE', *, *, #2195, .F. ) ;
#1501 = CONICAL_SURFACE ( 'NONE', #2059, 0.02999999999999940561, 0.02181661564992916705 ) ;
#1502 = DIRECTION ( 'NONE',  ( 2.137978842030774583E-16, -0.000000000000000000, 1.000000000000000000 ) ) ;
#1503 = DIRECTION ( 'NONE',  ( 0.000000000000000000, -0.000000000000000000, 1.000000000000000000 ) ) ;
#1504 = ADVANCED_FACE ( 'NONE', ( #1260 ), #1075, .T. ) ;
#1505 = EDGE_LOOP ( 'NONE', ( #1427, #1078, #2413 ) ) ;
#1506 = ORIENTED_EDGE ( 'NONE', *, *, #1145, .F. ) ;
#1507 = CARTESIAN_POINT ( 'NONE',  ( -2.969999999999998863, 3.329999999999999627, 5.227371342407519883 ) ) ;
#1508 = ADVANCED_FACE ( 'NONE', ( #338 ), #297, .T. ) ;
#1509 = CARTESIAN_POINT ( 'NONE',  ( 5.970000000000000639, 3.329999999999999183, -5.227371342407519883 ) ) ;
#1510 = CARTESIAN_POINT ( 'NONE',  ( -2.962883081717091027, 1.040044606909678260, 5.147404337979027744 ) ) ;
#1511 = CARTESIAN_POINT ( 'NONE',  ( 7.477371342407521659, 3.329999999999999627, -9.156836455801609052E-16 ) ) ;
#1512 = FACE_OUTER_BOUND ( 'NONE', #337, .T. ) ;
#1513 = DIRECTION ( 'NONE',  ( 0.000000000000000000, 0.000000000000000000, -1.000000000000000000 ) ) ;
#1514 = CARTESIAN_POINT ( 'NONE',  ( 6.886765747907204194, 4.290000000000002700, 5.280999811694674584 ) ) ;
#1515 = AXIS2_PLACEMENT_3D ( 'NONE', #2345, #1781, #1036 ) ;
#1516 = VERTEX_POINT ( 'NONE', #1598 ) ;
#1517 = CIRCLE ( 'NONE', #464, 0.02999999999999886091 ) ;
#1518 = VERTEX_POINT ( 'NONE', #666 ) ;
#1519 = CARTESIAN_POINT ( 'NONE',  ( -6.875380734151237405, 3.978000000000000647, -5.250000001038173103 ) ) ;
#1520 = FACE_OUTER_BOUND ( 'NONE', #611, .T. ) ;
#1521 = DIRECTION ( 'NONE',  ( 0.000000000000000000, -0.000000000000000000, 1.000000000000000000 ) ) ;
#1522 = DIRECTION ( 'NONE',  ( 0.000000000000000000, 0.000000000000000000, -1.000000000000000000 ) ) ;
#1523 = DIRECTION ( 'NONE',  ( 0.000000000000000000, 0.000000000000000000, 1.000000000000000000 ) ) ;
#1524 = AXIS2_PLACEMENT_3D ( 'NONE', #1681, #11, #1496 ) ;
#1525 = ORIENTED_EDGE ( 'NONE', *, *, #1059, .T. ) ;
#1526 = CARTESIAN_POINT ( 'NONE',  ( 7.520104720956748423, 3.978000000000000203, 4.636276014232660003 ) ) ;
#1527 = CARTESIAN_POINT ( 'NONE',  ( -7.529612479296305949, 4.290000000000000924, 4.682968370791201096 ) ) ;
#1528 = EDGE_CURVE ( 'NONE', #536, #1841, #1720, .T. ) ;
#1529 = CONICAL_SURFACE ( 'NONE', #2202, 0.02999999999999940561, 0.02181661564992916705 ) ;
#1530 = CARTESIAN_POINT ( 'NONE',  ( 5.962883081717093248, 1.040044606909757974, -5.147404337979031297 ) ) ;
#1531 = CARTESIAN_POINT ( 'NONE',  ( -6.912661268948173898, 4.289999999999999147, -5.280452941105278519 ) ) ;
#1532 = VECTOR ( 'NONE', #758, 39.37007874015748854 ) ;
#1533 =( BOUNDED_CURVE ( )  B_SPLINE_CURVE ( 3, ( #1785, #1772, #99, #87, #1377, #1553, #823 ),
 .UNSPECIFIED., .F., .T. ) 
 B_SPLINE_CURVE_WITH_KNOTS ( ( 4, 3, 4 ),
 ( 4.037455645473714050, 6.283185307179584456, 8.528914968885453973 ),
 .UNSPECIFIED. ) 
 CURVE ( )  GEOMETRIC_REPRESENTATION_ITEM ( )  RATIONAL_B_SPLINE_CURVE ( ( 1.000000000000000000, 0.6220680176060358058, 0.6220680176060358058, 1.000000000000000000, 0.6220680176060360278, 0.6220680176060360278, 1.000000000000000000 ) ) 
 REPRESENTATION_ITEM ( '' )  );
#1534 = AXIS2_PLACEMENT_3D ( 'NONE', #177, #1087, #2409 ) ;
#1535 = EDGE_CURVE ( 'NONE', #79, #1451, #277, .T. ) ;
#1536 = VECTOR ( 'NONE', #625, 39.37007874015748143 ) ;
#1537 = CARTESIAN_POINT ( 'NONE',  ( -7.361085179999999895, 0.000000000000000000, -5.111085179999999895 ) ) ;
#1538 = DIRECTION ( 'NONE',  ( 1.000000000000000000, 0.000000000000000000, -0.000000000000000000 ) ) ;
#1539 = ORIENTED_EDGE ( 'NONE', *, *, #1292, .F. ) ;
#1540 = ORIENTED_EDGE ( 'NONE', *, *, #1842, .F. ) ;
#1541 = DIRECTION ( 'NONE',  ( 0.000000000000000000, -1.000000000000000000, 0.000000000000000000 ) ) ;
#1542 = DIRECTION ( 'NONE',  ( 0.000000000000000000, 0.000000000000000000, -1.000000000000000000 ) ) ;
#1543 = DIRECTION ( 'NONE',  ( 1.000000000000000000, 0.000000000000000000, 0.000000000000000000 ) ) ;
#1544 = EDGE_CURVE ( 'NONE', #1013, #17, #1132, .T. ) ;
#1545 = EDGE_CURVE ( 'NONE', #467, #1123, #51, .T. ) ;
#1546 = CARTESIAN_POINT ( 'NONE',  ( 6.757529695745578380, 0.6031878145609368413, -5.132148962632514078 ) ) ;
#1547 = EDGE_CURVE ( 'NONE', #255, #359, #18, .T. ) ;
#1548 = EDGE_CURVE ( 'NONE', #1123, #1374, #582, .T. ) ;
#1549 = VERTEX_POINT ( 'NONE', #400 ) ;
#1550 = ORIENTED_EDGE ( 'NONE', *, *, #1990, .F. ) ;
#1551 = CARTESIAN_POINT ( 'NONE',  ( -7.477371342407521659, 3.329999999999999627, 9.156836455801609052E-16 ) ) ;
#1552 =( BOUNDED_CURVE ( )  B_SPLINE_CURVE ( 3, ( #643, #1957, #264, #1102 ),
 .UNSPECIFIED., .F., .F. ) 
 B_SPLINE_CURVE_WITH_KNOTS ( ( 4, 4 ),
 ( 0.000000000000000000, 2.245729661705891278 ),
 .UNSPECIFIED. ) 
 CURVE ( )  GEOMETRIC_REPRESENTATION_ITEM ( )  RATIONAL_B_SPLINE_CURVE ( ( 1.000000000000000000, 0.6220680176060294775, 0.6220680176060294775, 1.000000000000000000 ) ) 
 REPRESENTATION_ITEM ( '' )  );
#1553 = CARTESIAN_POINT ( 'NONE',  ( 7.440254424124613131, 2.267110526969408735, -0.05319233080529243984 ) ) ;
#1554 = B_SPLINE_CURVE_WITH_KNOTS ( 'NONE', 3,
 ( #583, #2075, #393, #1514 ),
 .UNSPECIFIED., .F., .F.,
 ( 4, 4 ),
 ( 0.000000000000000000, 0.0005219511819216522122 ),
 .UNSPECIFIED. ) ;
#1555 = VECTOR ( 'NONE', #772, 39.37007874015748143 ) ;
#1556 = LINE ( 'NONE', #2312, #345 ) ;
#1557 = LINE ( 'NONE', #1381, #906 ) ;
#1558 = CARTESIAN_POINT ( 'NONE',  ( -6.886276014232663556, 3.978000000000000203, -5.270104720956747535 ) ) ;
#1559 = CARTESIAN_POINT ( 'NONE',  ( -7.531000001038170133, 4.290000000000000036, 4.636276014232662668 ) ) ;
#1560 = EDGE_LOOP ( 'NONE', ( #896, #1613 ) ) ;
#1561 = ORIENTED_EDGE ( 'NONE', *, *, #2248, .T. ) ;
#1562 = FILL_AREA_STYLE_COLOUR ( '', #2193 ) ;
#1563 = DIRECTION ( 'NONE',  ( 1.000000000000000000, -0.000000000000000000, -0.000000000000000000 ) ) ;
#1564 = ORIENTED_EDGE ( 'NONE', *, *, #1326, .T. ) ;
#1565 = DIRECTION ( 'NONE',  ( -0.000000000000000000, -1.000000000000000000, -0.000000000000000000 ) ) ;
#1566 = CARTESIAN_POINT ( 'NONE',  ( -5.946807669194709156, 2.267110526969432271, 5.190254424124614907 ) ) ;
#1567 = FACE_OUTER_BOUND ( 'NONE', #1783, .T. ) ;
#1568 = ORIENTED_EDGE ( 'NONE', *, *, #1528, .F. ) ;
#1569 = FACE_OUTER_BOUND ( 'NONE', #591, .T. ) ;
#1570 = B_SPLINE_CURVE_WITH_KNOTS ( 'NONE', 3,
 ( #1558, #843, #1583, #1998, #1177, #1594, #116, #1606, #1422, #306, #1045 ),
 .UNSPECIFIED., .F., .F.,
 ( 4, 1, 1, 1, 1, 1, 1, 1, 4 ),
 ( 0.000000000000000000, 0.1400000000000020950, 0.2800000000000056333, 0.4199999999999983191, 0.5600000000000003864, 0.6700000000000018163, 0.7799999999999964739, 0.8899999999999997913, 1.000000000000000000 ),
 .UNSPECIFIED. ) ;
#1571 = VECTOR ( 'NONE', #874, 39.37007874015748143 ) ;
#1572 = ADVANCED_FACE ( 'NONE', ( #201 ), #1275, .F. ) ;
#1573 = ORIENTED_EDGE ( 'NONE', *, *, #1990, .T. ) ;
#1574 = ORIENTED_EDGE ( 'NONE', *, *, #418, .T. ) ;
#1575 =( BOUNDED_CURVE ( )  B_SPLINE_CURVE ( 3, ( #1322, #366, #1497, #196, #1101, #1835, #1471 ),
 .UNSPECIFIED., .F., .F. ) 
 B_SPLINE_CURVE_WITH_KNOTS ( ( 4, 3, 4 ),
 ( 4.037455645473699839, 6.283185307179582679, 8.528914968885464631 ),
 .UNSPECIFIED. ) 
 CURVE ( )  GEOMETRIC_REPRESENTATION_ITEM ( )  RATIONAL_B_SPLINE_CURVE ( ( 1.000000000000000000, 0.6220680176060320310, 0.6220680176060320310, 1.000000000000000000, 0.6220680176060322530, 0.6220680176060322530, 1.000000000000000000 ) ) 
 REPRESENTATION_ITEM ( '' )  );
#1576 = CARTESIAN_POINT ( 'NONE',  ( -7.361085179999999895, 3.978000000000000203, -5.250000001038173103 ) ) ;
#1577 = APPLICATION_CONTEXT ( 'automotive_design' ) ;
#1578 = EDGE_CURVE ( 'NONE', #2013, #1963, #1480, .T. ) ;
#1579 = CARTESIAN_POINT ( 'NONE',  ( 6.886276014232654674, 3.978000000000000203, -5.270104720956744870 ) ) ;
#1580 = EDGE_LOOP ( 'NONE', ( #1160, #1264 ) ) ;
#1581 = CARTESIAN_POINT ( 'NONE',  ( 7.349409824244115264, -0.3343384445937027105, 4.474790557357177789 ) ) ;
#1582 = CARTESIAN_POINT ( 'NONE',  ( -8.331000001038171732, -22.62853577255780380, -6.081000001038174396 ) ) ;
#1583 = CARTESIAN_POINT ( 'NONE',  ( -7.018147746727550818, 3.977999999999998870, -5.261167506266861693 ) ) ;
#1584 = EDGE_CURVE ( 'NONE', #1050, #1765, #1412, .T. ) ;
#1585 = ORIENTED_EDGE ( 'NONE', *, *, #461, .T. ) ;
#1586 = CARTESIAN_POINT ( 'NONE',  ( -7.361085179999997230, 3.978000000000000203, 5.250000001038173103 ) ) ;
#1587 = CARTESIAN_POINT ( 'NONE',  ( 6.875380734151237405, 3.978000000000000203, -5.250000001038173103 ) ) ;
#1588 = ORIENTED_EDGE ( 'NONE', *, *, #1847, .T. ) ;
#1589 = CARTESIAN_POINT ( 'NONE',  ( 3.000000000000001332, 3.329999999999999627, 5.227371342407519883 ) ) ;
#1590 = VECTOR ( 'NONE', #1433, 39.37007874015748143 ) ;
#1591 = CARTESIAN_POINT ( 'NONE',  ( -7.241366465340369096, 3.978000000000000203, 5.250000001038173103 ) ) ;
#1592 = CARTESIAN_POINT ( 'NONE',  ( -3.000000000000000444, 1.040044606909832137, -5.147404337979033073 ) ) ;
#1593 = DIRECTION ( 'NONE',  ( 1.000000000000000000, -0.000000000000000000, -0.000000000000000000 ) ) ;
#1594 = CARTESIAN_POINT ( 'NONE',  ( -7.373386010005123836, 3.978000000000001535, -5.048996951499096220 ) ) ;
#1595 = AXIS2_PLACEMENT_3D ( 'NONE', #945, #1310, #2259 ) ;
#1596 = VERTEX_POINT ( 'NONE', #2022 ) ;
#1597 = DIRECTION ( 'NONE',  ( -2.356933008542119544E-16, 0.000000000000000000, -1.000000000000000000 ) ) ;
#1598 = CARTESIAN_POINT ( 'NONE',  ( -3.029999999999998916, 3.329999999999999627, 5.227371342407519883 ) ) ;
#1599 = EDGE_LOOP ( 'NONE', ( #1561, #256, #2372 ) ) ;
#1600 = CARTESIAN_POINT ( 'NONE',  ( 7.049946314012101034, 4.290000000000001812, 5.262339345409852598 ) ) ;
#1601 = CARTESIAN_POINT ( 'NONE',  ( -7.514750230323796742, 4.082000000000000739, 4.765842673906385940 ) ) ;
#1602 = EDGE_LOOP ( 'NONE', ( #571, #2408, #278 ) ) ;
#1603 = DIRECTION ( 'NONE',  ( -8.747242163308953908E-16, -0.000000000000000000, 1.000000000000000000 ) ) ;
#1604 = ADVANCED_FACE ( 'NONE', ( #596 ), #2360, .T. ) ;
#1605 = DIRECTION ( 'NONE',  ( -0.000000000000000000, -1.000000000000000000, -0.000000000000000000 ) ) ;
#1606 = CARTESIAN_POINT ( 'NONE',  ( -7.488771570660153643, 3.978000000000000203, -4.843160295773924595 ) ) ;
#1607 = CARTESIAN_POINT ( 'NONE',  ( -6.986057716468744516, 3.799999999999999822, 5.234835713018934911 ) ) ;
#1608 = EDGE_CURVE ( 'NONE', #1181, #885, #1245, .T. ) ;
#1609 = CARTESIAN_POINT ( 'NONE',  ( -6.757529695745576603, 0.6250000000000000000, 4.507529695745579268 ) ) ;
#1610 = VECTOR ( 'NONE', #580, 39.37007874015748854 ) ;
#1611 = VERTEX_POINT ( 'NONE', #803 ) ;
#1612 = FACE_OUTER_BOUND ( 'NONE', #2151, .T. ) ;
#1613 = ORIENTED_EDGE ( 'NONE', *, *, #2081, .F. ) ;
#1614 = AXIS2_PLACEMENT_3D ( 'NONE', #1034, #2164, #92 ) ;
#1615 = CARTESIAN_POINT ( 'NONE',  ( -7.361085179999997230, 0.000000000000000000, 5.111085179999999895 ) ) ;
#1616 = CARTESIAN_POINT ( 'NONE',  ( 7.281855659489256283, 4.290000000000003588, 5.152728955918735920 ) ) ;
#1617 = CARTESIAN_POINT ( 'NONE',  ( 7.020351970683376130, 4.290000000000001812, 5.271919701132054215 ) ) ;
#1618 = FACE_OUTER_BOUND ( 'NONE', #248, .T. ) ;
#1619 = EDGE_LOOP ( 'NONE', ( #313, #192, #530 ) ) ;
#1620 = DIRECTION ( 'NONE',  ( 0.000000000000000000, 0.000000000000000000, -1.000000000000000000 ) ) ;
#1621 = CARTESIAN_POINT ( 'NONE',  ( -2.999999999999999112, 3.329999999999999627, 5.227371342407519883 ) ) ;
#1622 = CARTESIAN_POINT ( 'NONE',  ( 3.000000000000000444, 3.329999999999999627, -5.197371342407520522 ) ) ;
#1623 = ORIENTED_EDGE ( 'NONE', *, *, #336, .F. ) ;
#1624 = ORIENTED_EDGE ( 'NONE', *, *, #2096, .T. ) ;
#1625 = CARTESIAN_POINT ( 'NONE',  ( -7.155186470079152983, 4.290000000000000036, -5.228270735737291730 ) ) ;
#1626 = CARTESIAN_POINT ( 'NONE',  ( -6.886276014232660003, 4.290000000000000924, 5.281000001038163028 ) ) ;
#1627 = CARTESIAN_POINT ( 'NONE',  ( -7.477371342407518995, 3.329999999999999627, -2.999999999999999556 ) ) ;
#1628 = FACE_BOUND ( 'NONE', #1248, .T. ) ;
#1629 = CARTESIAN_POINT ( 'NONE',  ( -7.096692582352652323, 4.290000000000002700, 5.249136881866528270 ) ) ;
#1630 = CARTESIAN_POINT ( 'NONE',  ( -6.757529695745576603, 0.6250000000000000000, 4.507529695745578380 ) ) ;
#1631 = CARTESIAN_POINT ( 'NONE',  ( -7.511167506266861693, 3.977999999999998870, 4.768147746727549929 ) ) ;
#1632 = ORIENTED_EDGE ( 'NONE', *, *, #1544, .T. ) ;
#1633 = CIRCLE ( 'NONE', #587, 0.02999999999999940561 ) ;
#1634 = CARTESIAN_POINT ( 'NONE',  ( -7.133169160937910647, 3.833318264349546478, 5.186998586371452724 ) ) ;
#1635 = ORIENTED_EDGE ( 'NONE', *, *, #1400, .T. ) ;
#1636 = CARTESIAN_POINT ( 'NONE',  ( -2.999999999999999112, 1.040044606909832137, 5.147404337979033073 ) ) ;
#1637 = ADVANCED_FACE ( 'NONE', ( #2254, #764 ), #1934, .T. ) ;
#1638 = EDGE_LOOP ( 'NONE', ( #266, #2298, #1144 ) ) ;
#1639 = CARTESIAN_POINT ( 'NONE',  ( 3.030000000000000249, 3.329999999999999627, -5.227371342407519883 ) ) ;
#1640 = CARTESIAN_POINT ( 'NONE',  ( -7.530993520118705042, 4.289999999999990266, 4.644902701755986740 ) ) ;
#1641 = AXIS2_PLACEMENT_3D ( 'NONE', #1403, #1182, #1348 ) ;
#1642 = CARTESIAN_POINT ( 'NONE',  ( -2.999999999999999112, 1.040044606909832137, 5.147404337979033073 ) ) ;
#1643 = VERTEX_POINT ( 'NONE', #2282 ) ;
#1644 = CARTESIAN_POINT ( 'NONE',  ( 6.757529695745578380, 0.6250000000000000000, -4.507529695745578380 ) ) ;
#1645 = ADVANCED_FACE ( 'NONE', ( #615 ), #1696, .F. ) ;
#1646 = CARTESIAN_POINT ( 'NONE',  ( 2.946807669194705159, 2.267110526969351003, -5.190254424124611354 ) ) ;
#1647 = CARTESIAN_POINT ( 'NONE',  ( 0.000000000000000000, 3.329999999999999627, -5.227371342407519883 ) ) ;
#1648 = CARTESIAN_POINT ( 'NONE',  ( -7.500000001038170439, 3.978000000000000203, 4.625380734151237405 ) ) ;
#1649 = ORIENTED_EDGE ( 'NONE', *, *, #1158, .F. ) ;
#1650 = ORIENTED_EDGE ( 'NONE', *, *, #2201, .T. ) ;
#1651 = CARTESIAN_POINT ( 'NONE',  ( 6.886276014232653786, 4.186000000000003496, -5.277368241011019201 ) ) ;
#1652 = VERTEX_POINT ( 'NONE', #1923 ) ;
#1653 = EDGE_CURVE ( 'NONE', #1094, #1955, #390, .T. ) ;
#1654 = AXIS2_PLACEMENT_3D ( 'NONE', #2050, #1858, #1120 ) ;
#1655 = CARTESIAN_POINT ( 'NONE',  ( -7.477371342407518107, 3.329999999999999627, -0.02999999999999809069 ) ) ;
#1656 = AXIS2_PLACEMENT_3D ( 'NONE', #784, #55, #1128 ) ;
#1657 = DIRECTION ( 'NONE',  ( -0.9205904489677538827, 0.000000000000000000, 0.3905294166504609810 ) ) ;
#1658 = ORIENTED_EDGE ( 'NONE', *, *, #496, .T. ) ;
#1659 = CARTESIAN_POINT ( 'NONE',  ( 7.524961962840873042, 4.290000000000003588, -4.724118420093669890 ) ) ;
#1660 = DIRECTION ( 'NONE',  ( 0.000000000000000000, 0.000000000000000000, 1.000000000000000000 ) ) ;
#1661 = AXIS2_PLACEMENT_3D ( 'NONE', #1985, #1408, #1217 ) ;
#1662 = EDGE_CURVE ( 'NONE', #2131, #1596, #1166, .T. ) ;
#1663 = ADVANCED_FACE ( 'NONE', ( #2083 ), #430, .F. ) ;
#1664 = DIRECTION ( 'NONE',  ( 0.000000000000000000, 0.03489949670250119818, -0.9993908270190956511 ) ) ;
#1665 = ORIENTED_EDGE ( 'NONE', *, *, #2055, .T. ) ;
#1666 = CARTESIAN_POINT ( 'NONE',  ( 7.152991148538469623, 4.082000000000002515, 5.221596280980866034 ) ) ;
#1667 = ORIENTED_EDGE ( 'NONE', *, *, #2086, .F. ) ;
#1668 = ORIENTED_EDGE ( 'NONE', *, *, #1753, .F. ) ;
#1669 = FACE_OUTER_BOUND ( 'NONE', #537, .T. ) ;
#1670 = ORIENTED_EDGE ( 'NONE', *, *, #1912, .F. ) ;
#1671 = CARTESIAN_POINT ( 'NONE',  ( -7.361085179999999895, 0.000000000000000000, -5.111085179999999895 ) ) ;
#1672 = DIRECTION ( 'NONE',  ( 1.000000000000000000, -0.000000000000000000, -0.000000000000000000 ) ) ;
#1673 = CARTESIAN_POINT ( 'NONE',  ( -7.195358314547547707, 3.978000000000000647, 5.193564023154253917 ) ) ;
#1674 = CARTESIAN_POINT ( 'NONE',  ( -6.886276014232661780, 4.185999999999999943, -5.277368241011030747 ) ) ;
#1675 = EDGE_LOOP ( 'NONE', ( #574, #1467, #2269 ) ) ;
#1676 = VECTOR ( 'NONE', #1672, 39.37007874015748143 ) ;
#1677 = VERTEX_POINT ( 'NONE', #415 ) ;
#1678 = ORIENTED_EDGE ( 'NONE', *, *, #426, .T. ) ;
#1679 = DIRECTION ( 'NONE',  ( 0.000000000000000000, 1.000000000000000000, 0.000000000000000000 ) ) ;
#1680 = ORIENTED_EDGE ( 'NONE', *, *, #1753, .T. ) ;
#1681 = CARTESIAN_POINT ( 'NONE',  ( -7.361085179999999895, 0.6250000000000000000, -4.507529695745578380 ) ) ;
#1682 = CARTESIAN_POINT ( 'NONE',  ( -5.999999999999999112, 3.329999999999999627, 5.227371342407519883 ) ) ;
#1683 = FACE_OUTER_BOUND ( 'NONE', #2166, .T. ) ;
#1684 = AXIS2_PLACEMENT_3D ( 'NONE', #626, #673, #801 ) ;
#1685 = CARTESIAN_POINT ( 'NONE',  ( -6.903086642317904698, 4.289999999999998259, -5.280830414458954181 ) ) ;
#1686 = STYLED_ITEM ( 'NONE', ( #1952 ), #1257 ) ;
#1687 = ORIENTED_EDGE ( 'NONE', *, *, #1981, .T. ) ;
#1688 = CARTESIAN_POINT ( 'NONE',  ( -7.086884155421196319, 3.849999999999999645, 5.209346776713581484 ) ) ;
#1689 = ADVANCED_FACE ( 'NONE', ( #605 ), #44, .F. ) ;
#1690 = VERTEX_POINT ( 'NONE', #1129 ) ;
#1691 = ORIENTED_EDGE ( 'NONE', *, *, #35, .F. ) ;
#1692 = CARTESIAN_POINT ( 'NONE',  ( 6.912661268948242288, 4.290000000000002700, 5.280452941105270526 ) ) ;
#1693 = CARTESIAN_POINT ( 'NONE',  ( -6.000000000000000888, 3.329999999999999627, -5.197371342407520522 ) ) ;
#1694 = VECTOR ( 'NONE', #64, 39.37007874015748143 ) ;
#1695 = DIRECTION ( 'NONE',  ( 0.000000000000000000, 1.000000000000000000, 0.000000000000000000 ) ) ;
#1696 = SPHERICAL_SURFACE ( 'NONE', #1303, 0.6250000000000000000 ) ;
#1697 = ORIENTED_EDGE ( 'NONE', *, *, #1545, .T. ) ;
#1698 = EDGE_LOOP ( 'NONE', ( #433, #2132 ) ) ;
#1699 = CARTESIAN_POINT ( 'NONE',  ( 3.000000000000001332, 3.329999999999999627, 5.197371342407520522 ) ) ;
#1700 = CARTESIAN_POINT ( 'NONE',  ( 7.477371342407519883, 3.329999999999999627, -3.000000000000001332 ) ) ;
#1701 = DIRECTION ( 'NONE',  ( 1.000000000000000000, 0.000000000000000000, -7.934180936163575266E-17 ) ) ;
#1702 = AXIS2_PLACEMENT_3D ( 'NONE', #1343, #1156, #232 ) ;
#1703 = VERTEX_POINT ( 'NONE', #1892 ) ;
#1704 = CARTESIAN_POINT ( 'NONE',  ( 3.053192330805294841, 2.267110526969361217, -5.190254424124611354 ) ) ;
#1705 = CIRCLE ( 'NONE', #653, 0.02999999999999940561 ) ;
#1706 = VERTEX_POINT ( 'NONE', #785 ) ;
#1707 = DIRECTION ( 'NONE',  ( 0.000000000000000000, 0.000000000000000000, 1.000000000000000000 ) ) ;
#1708 = CARTESIAN_POINT ( 'NONE',  ( -7.530452941105293618, 4.290000000000000924, 4.662661268947495330 ) ) ;
#1709 = EDGE_CURVE ( 'NONE', #870, #394, #976, .T. ) ;
#1710 = CARTESIAN_POINT ( 'NONE',  ( 6.757529695745578380, 0.000000000000000000, -4.507529695745578380 ) ) ;
#1711 = DIRECTION ( 'NONE',  ( 0.000000000000000000, 0.9993908270190957621, -0.03489949670250029612 ) ) ;
#1712 = AXIS2_PLACEMENT_3D ( 'NONE', #1551, #1541, #1919 ) ;
#1713 =( BOUNDED_SURFACE ( )  B_SPLINE_SURFACE ( 3, 1, ( 
 ( #1206, #1399 ),
 ( #286, #1022 ),
 ( #1411, #493 ),
 ( #1607, #2361 ) ),
 .UNSPECIFIED., .F., .F., .T. ) 
 B_SPLINE_SURFACE_WITH_KNOTS ( ( 4, 4 ),
 ( 2, 2 ),
 ( 0.000000000000000000, 1.000000000000000000 ),
 ( 0.000000000000000000, 1.000000000000000000 ),
 .UNSPECIFIED. ) 
 GEOMETRIC_REPRESENTATION_ITEM ( )  RATIONAL_B_SPLINE_SURFACE ( (
 ( 1.000000000000000000, 1.000000000000000000),
 ( 0.9948252662895162857, 0.9948252662895162857),
 ( 0.9948252662895162857, 0.9948252662895162857),
 ( 1.000000000000000000, 1.000000000000000000) ) ) 
 REPRESENTATION_ITEM ( '' )  SURFACE ( )  );
#1714 = FACE_BOUND ( 'NONE', #762, .T. ) ;
#1715 = CARTESIAN_POINT ( 'NONE',  ( -8.331000001038171732, 4.290000000000000036, -6.081000001038174396 ) ) ;
#1716 = CARTESIAN_POINT ( 'NONE',  ( 7.531000001038156810, 4.290000000000004476, -4.680057087255566906 ) ) ;
#1717 = ORIENTED_EDGE ( 'NONE', *, *, #454, .F. ) ;
#1718 = EDGE_CURVE ( 'NONE', #79, #1927, #939, .T. ) ;
#1719 = LINE ( 'NONE', #2286, #1198 ) ;
#1720 =( BOUNDED_CURVE ( )  B_SPLINE_CURVE ( 3, ( #392, #1688, #766, #549 ),
 .UNSPECIFIED., .F., .T. ) 
 B_SPLINE_CURVE_WITH_KNOTS ( ( 4, 4 ),
 ( 3.491827483162103452, 3.741181257608678035 ),
 .UNSPECIFIED. ) 
 CURVE ( )  GEOMETRIC_REPRESENTATION_ITEM ( )  RATIONAL_B_SPLINE_CURVE ( ( 1.000000000000000000, 0.9948252662895162857, 0.9948252662895162857, 1.000000000000000000 ) ) 
 REPRESENTATION_ITEM ( '' )  );
#1721 = EDGE_CURVE ( 'NONE', #905, #807, #205, .T. ) ;
#1722 = LINE ( 'NONE', #1330, #1103 ) ;
#1723 = LINE ( 'NONE', #795, #1168 ) ;
#1724 = AXIS2_PLACEMENT_3D ( 'NONE', #240, #967, #1165 ) ;
#1725 = EDGE_CURVE ( 'NONE', #359, #878, #1723, .T. ) ;
#1726 = EDGE_CURVE ( 'NONE', #2013, #1298, #2280, .T. ) ;
#1727 = VECTOR ( 'NONE', #111, 39.37007874015748143 ) ;
#1728 = CARTESIAN_POINT ( 'NONE',  ( 6.886276014232660003, 3.978000000000000647, 5.270104720956746647 ) ) ;
#1729 =( BOUNDED_CURVE ( )  B_SPLINE_CURVE ( 3, ( #2175, #346, #1042, #499 ),
 .UNSPECIFIED., .F., .F. ) 
 B_SPLINE_CURVE_WITH_KNOTS ( ( 4, 4 ),
 ( 4.037455645473686516, 6.283185307179586232 ),
 .UNSPECIFIED. ) 
 CURVE ( )  GEOMETRIC_REPRESENTATION_ITEM ( )  RATIONAL_B_SPLINE_CURVE ( ( 1.000000000000000000, 0.6220680176060269240, 0.6220680176060269240, 1.000000000000000000 ) ) 
 REPRESENTATION_ITEM ( '' )  );
#1730 = ORIENTED_EDGE ( 'NONE', *, *, #981, .T. ) ;
#1731 = ORIENTED_EDGE ( 'NONE', *, *, #2020, .F. ) ;
#1732 = CARTESIAN_POINT ( 'NONE',  ( 7.477371342407519883, 3.329999999999999627, -3.030000000000000693 ) ) ;
#1733 = DIRECTION ( 'NONE',  ( 0.000000000000000000, 1.000000000000000000, 0.000000000000000000 ) ) ;
#1734 = CARTESIAN_POINT ( 'NONE',  ( -7.397404337979036626, 1.040044606909966918, 2.962883081717097689 ) ) ;
#1735 = PLANE ( 'NONE',  #2304 ) ;
#1736 = DIRECTION ( 'NONE',  ( 0.000000000000000000, 1.000000000000000000, 0.000000000000000000 ) ) ;
#1737 = DIRECTION ( 'NONE',  ( -1.000000000000000000, -0.000000000000000000, -0.000000000000000000 ) ) ;
#1738 = PLANE ( 'NONE',  #14 ) ;
#1739 = EDGE_LOOP ( 'NONE', ( #521, #132, #1730 ) ) ;
#1740 = ORIENTED_EDGE ( 'NONE', *, *, #1608, .T. ) ;
#1741 = CARTESIAN_POINT ( 'NONE',  ( -6.737225758211268456, 0.04357130212707852057, 4.487225758211272009 ) ) ;
#1742 = LINE ( 'NONE', #425, #2241 ) ;
#1743 = DIRECTION ( 'NONE',  ( 0.000000000000000000, -0.9997620270799090214, -0.02181488503456116557 ) ) ;
#1744 = CIRCLE ( 'NONE', #110, 0.02999999999999940561 ) ;
#1745 = CARTESIAN_POINT ( 'NONE',  ( 7.393993152030401639, 3.977999999999999314, -5.025182537631637025 ) ) ;
#1746 = ORIENTED_EDGE ( 'NONE', *, *, #235, .T. ) ;
#1747 = LINE ( 'NONE', #1581, #2399 ) ;
#1748 = DIRECTION ( 'NONE',  ( 0.000000000000000000, 1.000000000000000000, 0.000000000000000000 ) ) ;
#1749 = CARTESIAN_POINT ( 'NONE',  ( -7.500000001038172215, 3.978000000000000203, -5.111085179999999895 ) ) ;
#1750 = ORIENTED_EDGE ( 'NONE', *, *, #173, .T. ) ;
#1751 = ADVANCED_FACE ( 'NONE', ( #2275 ), #218, .F. ) ;
#1752 = LINE ( 'NONE', #816, #1230 ) ;
#1753 = EDGE_CURVE ( 'NONE', #2247, #808, #627, .T. ) ;
#1754 = ORIENTED_EDGE ( 'NONE', *, *, #782, .T. ) ;
#1755 = ORIENTED_EDGE ( 'NONE', *, *, #2086, .T. ) ;
#1756 = CARTESIAN_POINT ( 'NONE',  ( -6.757529695745578380, 0.6250000000000000000, -4.507529695745578380 ) ) ;
#1757 = EDGE_CURVE ( 'NONE', #2255, #17, #935, .T. ) ;
#1758 = CARTESIAN_POINT ( 'NONE',  ( -8.331000001038171732, -22.62853577255780380, -6.081000001038174396 ) ) ;
#1759 = ORIENTED_EDGE ( 'NONE', *, *, #2201, .F. ) ;
#1760 = CARTESIAN_POINT ( 'NONE',  ( -7.440254424124613131, 2.267110526969456252, 2.946807669194711377 ) ) ;
#1761 = DIRECTION ( 'NONE',  ( -1.000000000000000000, 0.000000000000000000, -8.741913579725642299E-16 ) ) ;
#1762 = CARTESIAN_POINT ( 'NONE',  ( 7.531000001038155922, 4.290000000000003588, -4.636276014232663556 ) ) ;
#1763 = CARTESIAN_POINT ( 'NONE',  ( 5.970000000000002416, 3.329999999999999627, 5.227371342407519883 ) ) ;
#1764 = VECTOR ( 'NONE', #2191, 39.37007874015748854 ) ;
#1765 = VERTEX_POINT ( 'NONE', #815 ) ;
#1766 = DIRECTION ( 'NONE',  ( 0.000000000000000000, 1.000000000000000000, 0.000000000000000000 ) ) ;
#1767 = CARTESIAN_POINT ( 'NONE',  ( 7.492229592285370110, 4.081999999999999851, 4.844972759620651104 ) ) ;
#1768 = CARTESIAN_POINT ( 'NONE',  ( 6.000000000000001776, 3.329999999999999627, 5.227371342407518107 ) ) ;
#1769 = VECTOR ( 'NONE', #1390, 39.37007874015748143 ) ;
#1770 = ORIENTED_EDGE ( 'NONE', *, *, #1141, .T. ) ;
#1771 = EDGE_LOOP ( 'NONE', ( #1568, #1178, #1814, #649 ) ) ;
#1772 = CARTESIAN_POINT ( 'NONE',  ( 7.440254424124614019, 2.267110526969417172, 0.05319233080529065655 ) ) ;
#1773 =( LENGTH_UNIT ( ) NAMED_UNIT ( * ) SI_UNIT ( $, .METRE. ) );
#1774 = CARTESIAN_POINT ( 'NONE',  ( 7.511167506266864358, 3.977999999999998870, -4.768147746727557035 ) ) ;
#1775 = ORIENTED_EDGE ( 'NONE', *, *, #1721, .F. ) ;
#1776 = CARTESIAN_POINT ( 'NONE',  ( -3.030000000000000693, 3.329999999999999627, -5.227371342407519883 ) ) ;
#1777 = CARTESIAN_POINT ( 'NONE',  ( 6.000000000000000888, 3.329999999999999627, -5.227371342407519883 ) ) ;
#1778 = CARTESIAN_POINT ( 'NONE',  ( -7.522851089308112194, 4.290000000000001812, 4.739468670554941809 ) ) ;
#1779 = CARTESIAN_POINT ( 'NONE',  ( 7.195358314547544154, 3.977999999999999314, -5.193564023154251252 ) ) ;
#1780 = VERTEX_POINT ( 'NONE', #1763 ) ;
#1781 = DIRECTION ( 'NONE',  ( -0.000000000000000000, -1.000000000000000000, -0.000000000000000000 ) ) ;
#1782 = CARTESIAN_POINT ( 'NONE',  ( -6.000000000000000888, 3.329999999999999627, -5.197371342407520522 ) ) ;
#1783 = EDGE_LOOP ( 'NONE', ( #1984, #193, #2078, #1195 ) ) ;
#1784 = ADVANCED_FACE ( 'NONE', ( #489 ), #1384, .F. ) ;
#1785 = CARTESIAN_POINT ( 'NONE',  ( 7.477371342407519883, 3.329999999999999627, 0.02999999999999809069 ) ) ;
#1786 = CARTESIAN_POINT ( 'NONE',  ( -7.523736480983881592, 4.081999999999999851, 4.686109649884499184 ) ) ;
#1787 = CARTESIAN_POINT ( 'NONE',  ( -7.531000001038171909, 4.290000000000000036, -4.636276014232661780 ) ) ;
#1788 = DIRECTION ( 'NONE',  ( 0.000000000000000000, 1.000000000000000000, 0.000000000000000000 ) ) ;
#1789 = CARTESIAN_POINT ( 'NONE',  ( 3.000000000000000444, 3.329999999999999627, -5.227371342407519883 ) ) ;
#1790 = CARTESIAN_POINT ( 'NONE',  ( -6.030000000000000249, 3.329999999999999183, -5.227371342407519883 ) ) ;
#1791 = VECTOR ( 'NONE', #1364, 39.37007874015748854 ) ;
#1792 = EDGE_CURVE ( 'NONE', #203, #878, #2155, .T. ) ;
#1793 = CARTESIAN_POINT ( 'NONE',  ( 7.500000001038173991, 3.978000000000000203, 4.625380734151236517 ) ) ;
#1794 = ORIENTED_EDGE ( 'NONE', *, *, #5, .F. ) ;
#1795 = EDGE_LOOP ( 'NONE', ( #576, #1574, #1477, #584 ) ) ;
#1796 =( BOUNDED_CURVE ( )  B_SPLINE_CURVE ( 3, ( #36, #1530, #1902, #1340 ),
 .UNSPECIFIED., .F., .T. ) 
 B_SPLINE_CURVE_WITH_KNOTS ( ( 4, 4 ),
 ( 0.000000000000000000, 2.245729661705891278 ),
 .UNSPECIFIED. ) 
 CURVE ( )  GEOMETRIC_REPRESENTATION_ITEM ( )  RATIONAL_B_SPLINE_CURVE ( ( 1.000000000000000000, 0.6220680176060294775, 0.6220680176060294775, 1.000000000000000000 ) ) 
 REPRESENTATION_ITEM ( '' )  );
#1797 = CARTESIAN_POINT ( 'NONE',  ( -7.520104720956744870, 3.978000000000000647, 4.636276014232662668 ) ) ;
#1798 = ADVANCED_FACE ( 'NONE', ( #1367 ), #1977, .T. ) ;
#1799 = EDGE_CURVE ( 'NONE', #1936, #1677, #1135, .T. ) ;
#1800 = CARTESIAN_POINT ( 'NONE',  ( -7.402728955918730591, 4.290000000000000036, 5.031855659489248289 ) ) ;
#1801 = VERTEX_POINT ( 'NONE', #1790 ) ;
#1802 = LINE ( 'NONE', #123, #1052 ) ;
#1803 = CARTESIAN_POINT ( 'NONE',  ( -5.999999999999999112, 3.329999999999999627, 5.227371342407522548 ) ) ;
#1804 = FACE_OUTER_BOUND ( 'NONE', #1079, .T. ) ;
#1805 = ORIENTED_EDGE ( 'NONE', *, *, #1548, .F. ) ;
#1806 =( BOUNDED_CURVE ( )  B_SPLINE_CURVE ( 3, ( #559, #165, #697, #1870 ),
 .UNSPECIFIED., .F., .F. ) 
 B_SPLINE_CURVE_WITH_KNOTS ( ( 4, 4 ),
 ( 4.037455645473686516, 6.283185307179586232 ),
 .UNSPECIFIED. ) 
 CURVE ( )  GEOMETRIC_REPRESENTATION_ITEM ( )  RATIONAL_B_SPLINE_CURVE ( ( 1.000000000000000000, 0.6220680176060269240, 0.6220680176060269240, 1.000000000000000000 ) ) 
 REPRESENTATION_ITEM ( '' )  );
#1807 = EDGE_CURVE ( 'NONE', #1706, #701, #1570, .T. ) ;
#1808 = FACE_OUTER_BOUND ( 'NONE', #61, .T. ) ;
#1809 = ADVANCED_FACE ( 'NONE', ( #1804 ), #129, .T. ) ;
#1810 = VECTOR ( 'NONE', #447, 39.37007874015748143 ) ;
#1811 = DIRECTION ( 'NONE',  ( 0.000000000000000000, 0.03489949670250094838, -0.9993908270190956511 ) ) ;
#1812 = CARTESIAN_POINT ( 'NONE',  ( 7.396887654984165117, 4.082000000000000739, -5.027186791768631480 ) ) ;
#1813 = AXIS2_PLACEMENT_3D ( 'NONE', #57, #1354, #2116 ) ;
#1814 = ORIENTED_EDGE ( 'NONE', *, *, #887, .T. ) ;
#1815 = ORIENTED_EDGE ( 'NONE', *, *, #975, .F. ) ;
#1816 = EDGE_LOOP ( 'NONE', ( #1347, #1432, #1845, #224 ) ) ;
#1817 = CIRCLE ( 'NONE', #2208, 0.02999999999999940561 ) ;
#1818 = FACE_OUTER_BOUND ( 'NONE', #1928, .T. ) ;
#1819 = CARTESIAN_POINT ( 'NONE',  ( -7.200654519468450587, 4.290000000000000036, 5.203151869297623300 ) ) ;
#1820 = ORIENTED_EDGE ( 'NONE', *, *, #2027, .F. ) ;
#1821 = LINE ( 'NONE', #1444, #1571 ) ;
#1822 = CARTESIAN_POINT ( 'NONE',  ( -7.306084322356740657, 4.290000000000001812, 5.131764744299721848 ) ) ;
#1823 = DIRECTION ( 'NONE',  ( 0.000000000000000000, 0.000000000000000000, 1.000000000000000000 ) ) ;
#1824 = CARTESIAN_POINT ( 'NONE',  ( -6.886765747903738522, 4.290000000000000036, -5.280999811694686130 ) ) ;
#1825 = ORIENTED_EDGE ( 'NONE', *, *, #2194, .T. ) ;
#1826 = ORIENTED_EDGE ( 'NONE', *, *, #276, .F. ) ;
#1827 = LINE ( 'NONE', #1782, #1764 ) ;
#1828 = CARTESIAN_POINT ( 'NONE',  ( 6.886276014232659115, 4.082000000000000739, 5.273736480983888697 ) ) ;
#1829 = ORIENTED_EDGE ( 'NONE', *, *, #597, .T. ) ;
#1830 = ORIENTED_EDGE ( 'NONE', *, *, #206, .F. ) ;
#1831 = CARTESIAN_POINT ( 'NONE',  ( -7.488771570660153643, 3.978000000000000203, -4.843160295773924595 ) ) ;
#1832 = CARTESIAN_POINT ( 'NONE',  ( -7.527368241011022754, 4.186000000000000831, 4.636276014232660891 ) ) ;
#1833 = EDGE_LOOP ( 'NONE', ( #2359, #1281, #1146 ) ) ;
#1834 = FACE_OUTER_BOUND ( 'NONE', #127, .T. ) ;
#1835 = CARTESIAN_POINT ( 'NONE',  ( 7.440254424124612243, 2.267110526969397188, -3.053192330805293953 ) ) ;
#1836 = CARTESIAN_POINT ( 'NONE',  ( 7.530999811694690571, 4.290000000000006253, -4.636765747875065458 ) ) ;
#1837 = DIRECTION ( 'NONE',  ( 0.000000000000000000, 0.000000000000000000, 1.000000000000000000 ) ) ;
#1838 = AXIS2_PLACEMENT_3D ( 'NONE', #731, #2072, #378 ) ;
#1839 =( BOUNDED_CURVE ( )  B_SPLINE_CURVE ( 3, ( #1890, #2420, #2410, #164 ),
 .UNSPECIFIED., .F., .T. ) 
 B_SPLINE_CURVE_WITH_KNOTS ( ( 4, 4 ),
 ( 0.000000000000000000, 2.245729661705948565 ),
 .UNSPECIFIED. ) 
 CURVE ( )  GEOMETRIC_REPRESENTATION_ITEM ( )  RATIONAL_B_SPLINE_CURVE ( ( 1.000000000000000000, 0.6220680176060122690, 0.6220680176060122690, 1.000000000000000000 ) ) 
 REPRESENTATION_ITEM ( '' )  );
#1840 = AXIS2_PLACEMENT_3D ( 'NONE', #1803, #1020, #318 ) ;
#1841 = VERTEX_POINT ( 'NONE', #80 ) ;
#1842 = EDGE_CURVE ( 'NONE', #133, #1801, #1552, .T. ) ;
#1843 = EDGE_CURVE ( 'NONE', #1963, #1061, #436, .T. ) ;
#1844 = ORIENTED_EDGE ( 'NONE', *, *, #4, .F. ) ;
#1845 = ORIENTED_EDGE ( 'NONE', *, *, #1940, .F. ) ;
#1846 = VERTEX_POINT ( 'NONE', #1855 ) ;
#1847 = EDGE_CURVE ( 'NONE', #1877, #1974, #376, .T. ) ;
#1848 = CARTESIAN_POINT ( 'NONE',  ( 0.000000000000000000, 0.000000000000000000, 0.000000000000000000 ) ) ;
#1849 = CARTESIAN_POINT ( 'NONE',  ( 6.030000000000000249, 3.329999999999999627, -5.227371342407519883 ) ) ;
#1850 = CIRCLE ( 'NONE', #81, 0.02999999999999940561 ) ;
#1851 = ADVANCED_FACE ( 'NONE', ( #1488, #2395, #2224, #2057, #2371 ), #334, .F. ) ;
#1852 = FACE_OUTER_BOUND ( 'NONE', #182, .T. ) ;
#1853 = ORIENTED_EDGE ( 'NONE', *, *, #1545, .F. ) ;
#1854 = CARTESIAN_POINT ( 'NONE',  ( -5.999999999999999112, 3.329999999999999627, 5.227371342407522548 ) ) ;
#1855 = CARTESIAN_POINT ( 'NONE',  ( 7.477371342407519883, 3.329999999999999627, -0.03000000000000024175 ) ) ;
#1856 = CARTESIAN_POINT ( 'NONE',  ( 3.000000000000001332, 1.040044606909832137, 5.147404337979033073 ) ) ;
#1857 = ORIENTED_EDGE ( 'NONE', *, *, #707, .F. ) ;
#1858 = DIRECTION ( 'NONE',  ( -0.000000000000000000, 1.000000000000000000, 0.000000000000000000 ) ) ;
#1859 = CARTESIAN_POINT ( 'NONE',  ( 6.987103264195190455, 4.082000000000000739, -5.268273741503919361 ) ) ;
#1860 = CARTESIAN_POINT ( 'NONE',  ( 7.015842673906382387, 4.082000000000000739, 5.264750230323800295 ) ) ;
#1861 = EDGE_LOOP ( 'NONE', ( #639, #836, #541, #1905 ) ) ;
#1862 = PLANE ( 'NONE',  #45 ) ;
#1863 = ORIENTED_EDGE ( 'NONE', *, *, #2168, .F. ) ;
#1864 = VECTOR ( 'NONE', #2085, 39.37007874015748854 ) ;
#1865 = CARTESIAN_POINT ( 'NONE',  ( -6.974118420093967430, 4.290000000000000036, -5.274961962840847285 ) ) ;
#1866 = CARTESIAN_POINT ( 'NONE',  ( -6.989501468817143959, 3.799999999999999822, 5.232094428027743049 ) ) ;
#1867 = ORIENTED_EDGE ( 'NONE', *, *, #1807, .T. ) ;
#1868 = LINE ( 'NONE', #926, #720 ) ;
#1869 = CARTESIAN_POINT ( 'NONE',  ( 2.970000000000001528, 3.329999999999999627, 5.227371342407519883 ) ) ;
#1870 = CARTESIAN_POINT ( 'NONE',  ( 0.000000000000000000, 1.040044606909780844, -5.147404337979032185 ) ) ;
#1871 = DIRECTION ( 'NONE',  ( 0.000000000000000000, 0.000000000000000000, -1.000000000000000000 ) ) ;
#1872 = VECTOR ( 'NONE', #1085, 39.37007874015748143 ) ;
#1873 = CARTESIAN_POINT ( 'NONE',  ( -7.525479356424922273, 4.289999999999999147, -4.740623379008514604 ) ) ;
#1874 = ORIENTED_EDGE ( 'NONE', *, *, #2246, .F. ) ;
#1875 = ORIENTED_EDGE ( 'NONE', *, *, #1423, .F. ) ;
#1876 = ADVANCED_FACE ( 'NONE', ( #1071 ), #1254, .T. ) ;
#1877 = VERTEX_POINT ( 'NONE', #865 ) ;
#1878 = CARTESIAN_POINT ( 'NONE',  ( -7.298996951499095331, 3.977999999999999314, 5.123386010005123836 ) ) ;
#1879 = CARTESIAN_POINT ( 'NONE',  ( -5.970000000000000639, 3.329999999999999627, -5.227371342407519883 ) ) ;
#1880 = DIRECTION ( 'NONE',  ( 0.000000000000000000, -0.000000000000000000, 1.000000000000000000 ) ) ;
#1881 = CARTESIAN_POINT ( 'NONE',  ( 7.440254424124613131, 2.267110526969387418, 3.053192330805293953 ) ) ;
#1882 = CARTESIAN_POINT ( 'NONE',  ( -3.000000000000000444, 1.040044606909832137, -5.147404337979033073 ) ) ;
#1883 = EDGE_CURVE ( 'NONE', #1298, #1963, #1806, .T. ) ;
#1884 = CARTESIAN_POINT ( 'NONE',  ( -7.281855659489252730, 4.290000000000000036, -5.152728955918739473 ) ) ;
#1885 = ORIENTED_EDGE ( 'NONE', *, *, #955, .F. ) ;
#1886 = VECTOR ( 'NONE', #805, 39.37007874015748143 ) ;
#1887 = VERTEX_POINT ( 'NONE', #1836 ) ;
#1888 = DIRECTION ( 'NONE',  ( 1.000000000000000000, 0.000000000000000000, 0.000000000000000000 ) ) ;
#1889 = DIRECTION ( 'NONE',  ( 0.000000000000000000, 0.000000000000000000, 1.000000000000000000 ) ) ;
#1890 = CARTESIAN_POINT ( 'NONE',  ( 6.000000000000001776, 1.040044606909639846, 5.147404337979026856 ) ) ;
#1891 = CARTESIAN_POINT ( 'NONE',  ( -6.757529695745578380, 0.6250000000000000000, -4.507529695745578380 ) ) ;
#1892 = CARTESIAN_POINT ( 'NONE',  ( 3.000000000000000444, 3.329999999999999627, -5.197371342407520522 ) ) ;
#1893 = CARTESIAN_POINT ( 'NONE',  ( -7.155186470079152983, 4.290000000000000036, -5.228270735737291730 ) ) ;
#1894 = DIRECTION ( 'NONE',  ( 0.000000000000000000, -0.9997620270799090214, -0.02181488503456116557 ) ) ;
#1895 = ORIENTED_EDGE ( 'NONE', *, *, #717, .T. ) ;
#1896 = ORIENTED_EDGE ( 'NONE', *, *, #1883, .F. ) ;
#1897 = LINE ( 'NONE', #32, #1555 ) ;
#1898 = AXIS2_PLACEMENT_3D ( 'NONE', #2001, #848, #680 ) ;
#1899 = CARTESIAN_POINT ( 'NONE',  ( 6.886276014232653786, 4.290000000000003588, -5.281000001038156810 ) ) ;
#1900 = PRODUCT ( '1451-931 Bottom PID', '1451-931 Bottom PID', '', ( #522 ) ) ;
#1901 = VECTOR ( 'NONE', #2262, 39.37007874015748143 ) ;
#1902 = CARTESIAN_POINT ( 'NONE',  ( 5.946807669194707380, 2.267110526969387863, -5.190254424124613131 ) ) ;
#1903 = CARTESIAN_POINT ( 'NONE',  ( 6.000000000000000888, 3.329999999999999627, -5.227371342407519883 ) ) ;
#1904 = ADVANCED_FACE ( 'NONE', ( #2214 ), #1472, .F. ) ;
#1905 = ORIENTED_EDGE ( 'NONE', *, *, #551, .T. ) ;
#1906 = ADVANCED_FACE ( 'NONE', ( #689 ), #283, .T. ) ;
#1907 = ORIENTED_EDGE ( 'NONE', *, *, #1139, .F. ) ;
#1908 = CARTESIAN_POINT ( 'NONE',  ( -7.085952674437204557, 3.799999999999999822, 5.207111086924735233 ) ) ;
#1909 = CARTESIAN_POINT ( 'NONE',  ( 2.969999999999999751, 3.329999999999999627, -5.227371342407519883 ) ) ;
#1910 = PRODUCT_RELATED_PRODUCT_CATEGORY ( 'part', '', ( #1900 ) ) ;
#1911 = CARTESIAN_POINT ( 'NONE',  ( -6.953501312870957740, 4.290000000000000036, -5.277797102636909266 ) ) ;
#1912 = EDGE_CURVE ( 'NONE', #1942, #330, #280, .T. ) ;
#1913 = EDGE_CURVE ( 'NONE', #1013, #1414, #947, .T. ) ;
#1914 = DIRECTION ( 'NONE',  ( -0.000000000000000000, -1.000000000000000000, -0.000000000000000000 ) ) ;
#1915 = CIRCLE ( 'NONE', #1154, 0.02999999999999940561 ) ;
#1916 = DIRECTION ( 'NONE',  ( 1.000000000000000000, -0.000000000000000000, -0.000000000000000000 ) ) ;
#1917 = VERTEX_POINT ( 'NONE', #514 ) ;
#1918 = EDGE_LOOP ( 'NONE', ( #410, #1373 ) ) ;
#1919 = DIRECTION ( 'NONE',  ( 0.000000000000000000, 0.000000000000000000, -1.000000000000000000 ) ) ;
#1920 = ADVANCED_FACE ( 'NONE', ( #1056 ), #716, .T. ) ;
#1921 = CARTESIAN_POINT ( 'NONE',  ( 6.990623379008507499, 4.290000000000000924, -5.275479356424913391 ) ) ;
#1922 = ADVANCED_FACE ( 'NONE', ( #1834, #163, #1628, #365 ), #1100, .F. ) ;
#1923 = CARTESIAN_POINT ( 'NONE',  ( -2.999999999999999112, 3.329999999999999627, 5.197371342407520522 ) ) ;
#1924 = DIRECTION ( 'NONE',  ( 0.000000000000000000, 1.000000000000000000, 0.000000000000000000 ) ) ;
#1925 = DIRECTION ( 'NONE',  ( -0.000000000000000000, 1.000000000000000000, 0.000000000000000000 ) ) ;
#1926 = CARTESIAN_POINT ( 'NONE',  ( 3.000000000000000444, 1.040044606909832137, -5.147404337979033073 ) ) ;
#1927 = VERTEX_POINT ( 'NONE', #1486 ) ;
#1928 = EDGE_LOOP ( 'NONE', ( #351, #2069, #840, #1740, #2258, #1453, #1105, #2307 ) ) ;
#1929 = CYLINDRICAL_SURFACE ( 'NONE', #1131, 0.6250000000000002220 ) ;
#1930 = DIRECTION ( 'NONE',  ( 0.000000000000000000, 0.000000000000000000, -1.000000000000000000 ) ) ;
#1931 = CARTESIAN_POINT ( 'NONE',  ( 6.919887007281706026, 3.978000000000000203, -5.270104720956744870 ) ) ;
#1932 = CARTESIAN_POINT ( 'NONE',  ( -6.037116918282903200, 1.040044606909923619, 5.147404337979039290 ) ) ;
#1933 = PLANE ( 'NONE',  #954 ) ;
#1934 = PLANE ( 'NONE',  #1724 ) ;
#1935 = FACE_BOUND ( 'NONE', #445, .T. ) ;
#1936 = VERTEX_POINT ( 'NONE', #1299 ) ;
#1937 = ORIENTED_EDGE ( 'NONE', *, *, #681, .T. ) ;
#1938 =( LENGTH_UNIT ( ) NAMED_UNIT ( * ) SI_UNIT ( $, .METRE. ) );
#1939 = CARTESIAN_POINT ( 'NONE',  ( -7.446749133992473624, 4.081999999999998963, -4.946954920373883624 ) ) ;
#1940 = EDGE_CURVE ( 'NONE', #1974, #121, #1802, .T. ) ;
#1941 = CARTESIAN_POINT ( 'NONE',  ( 6.988900222990467981, 3.977999999999998426, -5.264672184567603885 ) ) ;
#1942 = VERTEX_POINT ( 'NONE', #480 ) ;
#1943 = DIRECTION ( 'NONE',  ( 0.000000000000000000, 0.000000000000000000, 1.000000000000000000 ) ) ;
#1944 = DIRECTION ( 'NONE',  ( 0.000000000000000000, 1.000000000000000000, 0.000000000000000000 ) ) ;
#1945 = DIRECTION ( 'NONE',  ( -0.000000000000000000, -1.000000000000000000, -0.000000000000000000 ) ) ;
#1946 = DIRECTION ( 'NONE',  ( 0.000000000000000000, 0.000000000000000000, 1.000000000000000000 ) ) ;
#1947 = ADVANCED_FACE ( 'NONE', ( #1612 ), #759, .T. ) ;
#1948 = DIRECTION ( 'NONE',  ( 1.000000000000000000, -0.000000000000000000, -0.000000000000000000 ) ) ;
#1949 = VECTOR ( 'NONE', #1023, 39.37007874015748143 ) ;
#1950 = ORIENTED_EDGE ( 'NONE', *, *, #391, .T. ) ;
#1951 = CARTESIAN_POINT ( 'NONE',  ( -0.02999999999999984623, 3.329999999999999183, -5.227371342407519883 ) ) ;
#1952 = PRESENTATION_STYLE_ASSIGNMENT (( #1172 ) ) ;
#1953 = CARTESIAN_POINT ( 'NONE',  ( 6.000000000000000888, 3.329999999999999627, -5.227371342407519883 ) ) ;
#1954 = DIRECTION ( 'NONE',  ( 0.000000000000000000, 1.000000000000000000, 0.000000000000000000 ) ) ;
#1955 = VERTEX_POINT ( 'NONE', #1882 ) ;
#1956 = DIRECTION ( 'NONE',  ( 1.000000000000000000, -0.000000000000000000, -0.000000000000000000 ) ) ;
#1957 = CARTESIAN_POINT ( 'NONE',  ( -6.037116918282907641, 1.040044606909757974, -5.147404337979031297 ) ) ;
#1958 = EDGE_LOOP ( 'NONE', ( #86, #853, #1992 ) ) ;
#1959 = CARTESIAN_POINT ( 'NONE',  ( 6.932968370793346047, 4.290000000000002700, 5.279612479296202032 ) ) ;
#1960 = VECTOR ( 'NONE', #441, 39.37007874015748143 ) ;
#1961 = CARTESIAN_POINT ( 'NONE',  ( -6.886602484405392133, 4.290000000000000036, -5.280999937931703414 ) ) ;
#1962 = DIRECTION ( 'NONE',  ( -2.137978842030774336E-16, -9.385795881879132176E-37, -1.000000000000000000 ) ) ;
#1963 = VERTEX_POINT ( 'NONE', #388 ) ;
#1964 = VERTEX_POINT ( 'NONE', #1710 ) ;
#1965 =( BOUNDED_CURVE ( )  B_SPLINE_CURVE ( 3, ( #2026, #107, #1978, #868, #894, #518, #324 ),
 .UNSPECIFIED., .F., .F. ) 
 B_SPLINE_CURVE_WITH_KNOTS ( ( 4, 3, 4 ),
 ( 4.037455645473770893, 6.283185307179582679, 8.528914968885395353 ),
 .UNSPECIFIED. ) 
 CURVE ( )  GEOMETRIC_REPRESENTATION_ITEM ( )  RATIONAL_B_SPLINE_CURVE ( ( 1.000000000000000000, 0.6220680176060533473, 0.6220680176060533473, 1.000000000000000000, 0.6220680176060531252, 0.6220680176060531252, 1.000000000000000000 ) ) 
 REPRESENTATION_ITEM ( '' )  );
#1966 = FACE_OUTER_BOUND ( 'NONE', #2161, .T. ) ;
#1967 = FACE_OUTER_BOUND ( 'NONE', #323, .T. ) ;
#1968 = CARTESIAN_POINT ( 'NONE',  ( -7.361085179999997230, 0.000000000000000000, -4.507529695745579268 ) ) ;
#1969 = DIRECTION ( 'NONE',  ( 0.000000000000000000, -1.000000000000000000, -0.000000000000000000 ) ) ;
#1970 = ORIENTED_EDGE ( 'NONE', *, *, #1481, .F. ) ;
#1971 = CARTESIAN_POINT ( 'NONE',  ( -3.037116918282908973, 1.040044606909678260, -5.147404337979027744 ) ) ;
#1972 = LINE ( 'NONE', #473, #1349 ) ;
#1973 = DIRECTION ( 'NONE',  ( -2.137978842030774583E-16, -0.000000000000000000, -1.000000000000000000 ) ) ;
#1974 = VERTEX_POINT ( 'NONE', #2071 ) ;
#1975 = EDGE_CURVE ( 'NONE', #2278, #1611, #664, .T. ) ;
#1976 = CARTESIAN_POINT ( 'NONE',  ( -6.987202344691198164, 3.833198888478857924, 5.233924569635419743 ) ) ;
#1977 = CONICAL_SURFACE ( 'NONE', #790, 0.02999999999999940561, 0.02181661564992916705 ) ;
#1978 = CARTESIAN_POINT ( 'NONE',  ( -7.397404337979039290, 1.040044606910003777, -0.03711691828290177714 ) ) ;
#1979 = VERTEX_POINT ( 'NONE', #929 ) ;
#1980 = CARTESIAN_POINT ( 'NONE',  ( -6.886276014232663556, 4.290000000000000036, -5.281000001038172798 ) ) ;
#1981 = EDGE_CURVE ( 'NONE', #2040, #490, #1796, .T. ) ;
#1982 = CARTESIAN_POINT ( 'NONE',  ( 7.525479356424920496, 4.290000000000000924, 4.740623379008511051 ) ) ;
#1983 = LINE ( 'NONE', #485, #617 ) ;
#1984 = ORIENTED_EDGE ( 'NONE', *, *, #887, .F. ) ;
#1985 = CARTESIAN_POINT ( 'NONE',  ( -7.477371342407521659, 3.329999999999999627, 9.156836455801609052E-16 ) ) ;
#1986 = CARTESIAN_POINT ( 'NONE',  ( 7.531000001038155922, 4.290000000000003588, -4.636439239813452851 ) ) ;
#1987 = CARTESIAN_POINT ( 'NONE',  ( 7.393993152030401639, 3.977999999999999314, -5.025182537631637025 ) ) ;
#1988 =( BOUNDED_CURVE ( )  B_SPLINE_CURVE ( 3, ( #1155, #1510, #2061, #2082 ),
 .UNSPECIFIED., .F., .T. ) 
 B_SPLINE_CURVE_WITH_KNOTS ( ( 4, 4 ),
 ( 0.000000000000000000, 2.245729661705891278 ),
 .UNSPECIFIED. ) 
 CURVE ( )  GEOMETRIC_REPRESENTATION_ITEM ( )  RATIONAL_B_SPLINE_CURVE ( ( 1.000000000000000000, 0.6220680176060294775, 0.6220680176060294775, 1.000000000000000000 ) ) 
 REPRESENTATION_ITEM ( '' )  );
#1989 = FACE_OUTER_BOUND ( 'NONE', #1505, .T. ) ;
#1990 = EDGE_CURVE ( 'NONE', #1677, #1119, #1722, .T. ) ;
#1991 = ADVANCED_FACE ( 'NONE', ( #2274 ), #2261, .F. ) ;
#1992 = ORIENTED_EDGE ( 'NONE', *, *, #1726, .T. ) ;
#1993 = CARTESIAN_POINT ( 'NONE',  ( 7.279394065874529751, 4.186000000000003496, 5.149798235446654715 ) ) ;
#1994 = ADVANCED_FACE ( 'NONE', ( #2105 ), #966, .F. ) ;
#1995 = CARTESIAN_POINT ( 'NONE',  ( -7.094972759620652880, 4.082000000000000739, 5.242229592285366557 ) ) ;
#1996 = VERTEX_POINT ( 'NONE', #569 ) ;
#1997 = CARTESIAN_POINT ( 'NONE',  ( -6.000000000000000888, 3.329999999999999627, -5.227371342407519883 ) ) ;
#1998 = CARTESIAN_POINT ( 'NONE',  ( -7.150671012534881577, 3.978000000000001535, -5.218252013887481056 ) ) ;
#1999 = EDGE_CURVE ( 'NONE', #871, #919, #1988, .T. ) ;
#2000 = AXIS2_PLACEMENT_3D ( 'NONE', #1758, #810, #1379 ) ;
#2001 = CARTESIAN_POINT ( 'NONE',  ( -3.000000000000000444, 3.329999999999999627, -5.227371342407519883 ) ) ;
#2002 = VECTOR ( 'NONE', #404, 39.37007874015748143 ) ;
#2003 = DIRECTION ( 'NONE',  ( 0.000000000000000000, 0.000000000000000000, -1.000000000000000000 ) ) ;
#2004 = ORIENTED_EDGE ( 'NONE', *, *, #747, .T. ) ;
#2005 = DIRECTION ( 'NONE',  ( -0.03487826274237468271, 0.9987827659587182882, 0.03487826274237469659 ) ) ;
#2006 = CARTESIAN_POINT ( 'NONE',  ( 7.495684922694961116, 4.186000000000000831, 4.846199520708072583 ) ) ;
#2007 = CARTESIAN_POINT ( 'NONE',  ( -7.096199520708070807, 4.186000000000002608, 5.245684922694954899 ) ) ;
#2008 = ORIENTED_EDGE ( 'NONE', *, *, #515, .F. ) ;
#2009 = CARTESIAN_POINT ( 'NONE',  ( -7.530507514105626576, 4.290000000000000924, 4.661308153755497230 ) ) ;
#2010 = LINE ( 'NONE', #1582, #1590 ) ;
#2011 = CARTESIAN_POINT ( 'NONE',  ( -7.397404337979033073, 1.040044606909864111, -2.999999999999999556 ) ) ;
#2012 = ORIENTED_EDGE ( 'NONE', *, *, #409, .T. ) ;
#2013 = VERTEX_POINT ( 'NONE', #197 ) ;
#2014 = ORIENTED_EDGE ( 'NONE', *, *, #1913, .T. ) ;
#2015 = ORIENTED_EDGE ( 'NONE', *, *, #608, .T. ) ;
#2016 = CARTESIAN_POINT ( 'NONE',  ( -7.381764744299731618, 4.290000000000000036, -5.056084322356751315 ) ) ;
#2017 = CARTESIAN_POINT ( 'NONE',  ( -7.306084322356740657, 4.290000000000001812, 5.131764744299721848 ) ) ;
#2018 = CARTESIAN_POINT ( 'NONE',  ( 6.000000000000001776, 1.040044606909639846, 5.147404337979026856 ) ) ;
#2019 = DIRECTION ( 'NONE',  ( 0.03487826274237470353, 0.9987827659587182882, 0.03487826274237468965 ) ) ;
#2020 = EDGE_CURVE ( 'NONE', #244, #1451, #398, .T. ) ;
#2021 = EDGE_CURVE ( 'NONE', #17, #1050, #1747, .T. ) ;
#2022 = CARTESIAN_POINT ( 'NONE',  ( 7.477371342407521659, 3.329999999999999627, 3.029999999999998028 ) ) ;
#2023 = CARTESIAN_POINT ( 'NONE',  ( -7.016341269490058430, 4.185999999999998167, -5.268334191112176157 ) ) ;
#2024 = ORIENTED_EDGE ( 'NONE', *, *, #933, .F. ) ;
#2025 = EDGE_CURVE ( 'NONE', #944, #808, #2118, .T. ) ;
#2026 = CARTESIAN_POINT ( 'NONE',  ( -7.477371342407518107, 3.329999999999999627, -0.02999999999999809069 ) ) ;
#2027 = EDGE_CURVE ( 'NONE', #1955, #598, #2369, .T. ) ;
#2028 = ORIENTED_EDGE ( 'NONE', *, *, #1455, .T. ) ;
#2029 = ORIENTED_EDGE ( 'NONE', *, *, #548, .T. ) ;
#2030 = CARTESIAN_POINT ( 'NONE',  ( -7.514672184567596780, 3.978000000000000647, -4.738900222990473310 ) ) ;
#2031 = CARTESIAN_POINT ( 'NONE',  ( -7.523736480983881592, 4.081999999999999851, 4.636276014232660891 ) ) ;
#2032 = EDGE_LOOP ( 'NONE', ( #1573, #1857, #2328, #1294 ) ) ;
#2033 = DIRECTION ( 'NONE',  ( 0.000000000000000000, 0.000000000000000000, -1.000000000000000000 ) ) ;
#2034 = B_SPLINE_CURVE_WITH_KNOTS ( 'NONE', 3,
 ( #1098, #1137, #23, #176, #752, #1495, #2249, #195, #2070, #781, #1526 ),
 .UNSPECIFIED., .F., .F.,
 ( 4, 1, 1, 1, 1, 1, 1, 1, 4 ),
 ( 0.000000000000000000, 0.1399999999999988753, 0.2800000000000048006, 0.4199999999999999845, 0.5600000000000006084, 0.6700000000000004841, 0.7799999999999949196, 0.8900000000000003464, 1.000000000000000000 ),
 .UNSPECIFIED. ) ;
#2035 = CARTESIAN_POINT ( 'NONE',  ( 7.530471613127508235, 4.290000000000004476, -4.662210118576709306 ) ) ;
#2036 = CARTESIAN_POINT ( 'NONE',  ( -7.440254424124613131, 2.267110526969431383, -3.053192330805290400 ) ) ;
#2037 = CARTESIAN_POINT ( 'NONE',  ( 7.477371342407521659, 3.329999999999999627, 3.029999999999998028 ) ) ;
#2038 = AXIS2_PLACEMENT_3D ( 'NONE', #1789, #1605, #2370 ) ;
#2039 = DIMENSIONAL_EXPONENTS ( 1.000000000000000000, 0.000000000000000000, 0.000000000000000000, 0.000000000000000000, 0.000000000000000000, 0.000000000000000000, 0.000000000000000000 ) ;
#2040 = VERTEX_POINT ( 'NONE', #90 ) ;
#2041 = ORIENTED_EDGE ( 'NONE', *, *, #198, .T. ) ;
#2042 = ORIENTED_EDGE ( 'NONE', *, *, #198, .F. ) ;
#2043 = CARTESIAN_POINT ( 'NONE',  ( -7.531000001038171909, 4.290000000000000036, -4.636276014232661780 ) ) ;
#2044 = CONICAL_SURFACE ( 'NONE', #779, 0.02999999999999940561, 0.02181661564992916705 ) ;
#2045 = CARTESIAN_POINT ( 'NONE',  ( -6.886276014232660003, 4.186000000000000831, 5.277368241011024530 ) ) ;
#2046 = DIRECTION ( 'NONE',  ( 0.000000000000000000, -0.9997620270799090214, 0.02181488503456116557 ) ) ;
#2047 = DIRECTION ( 'NONE',  ( 0.000000000000000000, -0.9993908270190957621, -0.03489949670250104552 ) ) ;
#2048 = DIRECTION ( 'NONE',  ( -0.000000000000000000, 1.000000000000000000, 0.000000000000000000 ) ) ;
#2049 = ORIENTED_EDGE ( 'NONE', *, *, #1792, .F. ) ;
#2050 = CARTESIAN_POINT ( 'NONE',  ( 6.000000000000001776, 3.329999999999999627, 5.227371342407518107 ) ) ;
#2051 = EDGE_CURVE ( 'NONE', #1979, #401, #2289, .T. ) ;
#2052 = ORIENTED_EDGE ( 'NONE', *, *, #1278, .F. ) ;
#2053 = VERTEX_POINT ( 'NONE', #279 ) ;
#2054 = CARTESIAN_POINT ( 'NONE',  ( -5.969999999999999751, 3.329999999999999627, 5.227371342407520771 ) ) ;
#2055 = EDGE_CURVE ( 'NONE', #490, #807, #650, .T. ) ;
#2056 = CARTESIAN_POINT ( 'NONE',  ( 6.886765747907204194, 4.290000000000002700, 5.280999811694674584 ) ) ;
#2057 = FACE_BOUND ( 'NONE', #934, .T. ) ;
#2058 = CARTESIAN_POINT ( 'NONE',  ( 6.000000000000000888, 3.329999999999999627, -5.227371342407519883 ) ) ;
#2059 = AXIS2_PLACEMENT_3D ( 'NONE', #1953, #259, #999 ) ;
#2060 = EDGE_LOOP ( 'NONE', ( #931, #740, #1867, #723, #312, #2392, #2077, #2101 ) ) ;
#2061 = CARTESIAN_POINT ( 'NONE',  ( -2.946807669194703827, 2.267110526969351003, 5.190254424124611354 ) ) ;
#2062 = VERTEX_POINT ( 'NONE', #1002 ) ;
#2063 = DIRECTION ( 'NONE',  ( 0.000000000000000000, -0.03489949670250105940, -0.9993908270190956511 ) ) ;
#2064 = DIRECTION ( 'NONE',  ( 0.000000000000000000, 1.000000000000000000, 0.000000000000000000 ) ) ;
#2065 = VERTEX_POINT ( 'NONE', #1787 ) ;
#2066 =( BOUNDED_CURVE ( )  B_SPLINE_CURVE ( 3, ( #2037, #1881, #1089, #713, #892, #166, #901 ),
 .UNSPECIFIED., .F., .F. ) 
 B_SPLINE_CURVE_WITH_KNOTS ( ( 4, 3, 4 ),
 ( 4.037455645473666088, 6.283185307179582679, 8.528914968885498382 ),
 .UNSPECIFIED. ) 
 CURVE ( )  GEOMETRIC_REPRESENTATION_ITEM ( )  RATIONAL_B_SPLINE_CURVE ( ( 1.000000000000000000, 0.6220680176060218169, 0.6220680176060218169, 1.000000000000000000, 0.6220680176060221500, 0.6220680176060221500, 1.000000000000000000 ) ) 
 REPRESENTATION_ITEM ( '' )  );
#2067 = CARTESIAN_POINT ( 'NONE',  ( 7.531000001038155922, 4.290000000000003588, -4.636276014232663556 ) ) ;
#2068 = APPLICATION_PROTOCOL_DEFINITION ( 'draft international standard', 'automotive_design', 1998, #2090 ) ;
#2069 = ORIENTED_EDGE ( 'NONE', *, *, #340, .T. ) ;
#2070 = CARTESIAN_POINT ( 'NONE',  ( 7.514672184567605662, 3.978000000000000647, 4.738900222990475086 ) ) ;
#2071 = CARTESIAN_POINT ( 'NONE',  ( -8.331000001038171732, 4.290000000000000036, 6.081000001038174396 ) ) ;
#2072 = DIRECTION ( 'NONE',  ( -0.000000000000000000, 1.000000000000000000, 0.000000000000000000 ) ) ;
#2073 = B_SPLINE_SURFACE_WITH_KNOTS ( 'NONE', 3, 3, ( 
 ( #1265, #523, #1617, #1081, #498, #160, #897, #726, #2174, #1468, #555 ),
 ( #1283, #361, #315, #1225, #1993, #302, #1238, #2006, #135, #770, #835 ),
 ( #1828, #778, #1860, #1666, #733, #2233, #1009, #1767, #83, #270, #1167 ),
 ( #2140, #221, #2098, #982, #93, #629, #1371, #1179, #252, #2117, #968 ) ),
 .UNSPECIFIED., .F., .F., .F.,
 ( 4, 4 ),
 ( 4, 1, 1, 1, 1, 1, 1, 1, 4 ),
 ( 0.1371315141361652834, 0.5065589381862876106 ),
 ( 0.000000000000000000, 0.1399999999999988753, 0.2800000000000048006, 0.4199999999999999845, 0.5600000000000006084, 0.6700000000000004841, 0.7799999999999949196, 0.8900000000000003464, 1.000000000000000000 ),
 .UNSPECIFIED. ) ;
#2074 = CIRCLE ( 'NONE', #1478, 0.02999999999999940561 ) ;
#2075 = CARTESIAN_POINT ( 'NONE',  ( 6.886439239824162506, 4.290000000000001812, 5.281000001038166580 ) ) ;
#2076 = VECTOR ( 'NONE', #1112, 39.37007874015748143 ) ;
#2077 = ORIENTED_EDGE ( 'NONE', *, *, #888, .T. ) ;
#2078 = ORIENTED_EDGE ( 'NONE', *, *, #637, .F. ) ;
#2079 = DIRECTION ( 'NONE',  ( 0.000000000000000000, 0.000000000000000000, -1.000000000000000000 ) ) ;
#2080 = PLANE ( 'NONE',  #851 ) ;
#2081 = EDGE_CURVE ( 'NONE', #108, #1690, #262, .T. ) ;
#2082 = CARTESIAN_POINT ( 'NONE',  ( -2.969999999999998863, 3.329999999999999627, 5.227371342407519883 ) ) ;
#2083 = FACE_OUTER_BOUND ( 'NONE', #861, .T. ) ;
#2084 = CONICAL_SURFACE ( 'NONE', #1201, 0.02999999999999940561, 0.02181661564992916705 ) ;
#2085 = DIRECTION ( 'NONE',  ( 0.000000000000000000, -0.9997620270799090214, 0.02181488503456116557 ) ) ;
#2086 = EDGE_CURVE ( 'NONE', #1065, #2317, #1557, .T. ) ;
#2087 = ORIENTED_EDGE ( 'NONE', *, *, #1709, .F. ) ;
#2088 = VECTOR ( 'NONE', #691, 39.37007874015748854 ) ;
#2089 = PRODUCT_DEFINITION ( 'UNKNOWN', '', #636, #1134 ) ;
#2090 = APPLICATION_CONTEXT ( 'automotive_design' ) ;
#2091 = VERTEX_POINT ( 'NONE', #2162 ) ;
#2092 = DIRECTION ( 'NONE',  ( 1.000000000000000000, -0.000000000000000000, -0.000000000000000000 ) ) ;
#2093 = CARTESIAN_POINT ( 'NONE',  ( -7.086884155421196319, 3.799999999999999822, 5.209346776713581484 ) ) ;
#2094 = B_SPLINE_CURVE_WITH_KNOTS ( 'NONE', 3,
 ( #333, #915, #2035, #375 ),
 .UNSPECIFIED., .F., .F.,
 ( 4, 4 ),
 ( 0.02653568181453942743, 0.02796245893540797584 ),
 .UNSPECIFIED. ) ;
#2095 = CARTESIAN_POINT ( 'NONE',  ( -6.886765747903738522, 4.290000000000000036, -5.280999811694686130 ) ) ;
#2096 = EDGE_CURVE ( 'NONE', #1419, #479, #1355, .T. ) ;
#2097 = CARTESIAN_POINT ( 'NONE',  ( 6.912661268948242288, 4.290000000000002700, 5.280452941105270526 ) ) ;
#2098 = CARTESIAN_POINT ( 'NONE',  ( 7.018147746727548153, 3.977999999999999314, 5.261167506266866134 ) ) ;
#2099 = EDGE_CURVE ( 'NONE', #1887, #964, #402, .T. ) ;
#2100 = ORIENTED_EDGE ( 'NONE', *, *, #1535, .T. ) ;
#2101 = ORIENTED_EDGE ( 'NONE', *, *, #362, .T. ) ;
#2102 = DIRECTION ( 'NONE',  ( 0.000000000000000000, 1.000000000000000000, 0.000000000000000000 ) ) ;
#2103 = CARTESIAN_POINT ( 'NONE',  ( -2.999999999999999112, 3.329999999999999627, 5.227371342407519883 ) ) ;
#2104 = DIRECTION ( 'NONE',  ( 0.000000000000000000, 1.000000000000000000, 0.000000000000000000 ) ) ;
#2105 = FACE_OUTER_BOUND ( 'NONE', #1619, .T. ) ;
#2106 = CARTESIAN_POINT ( 'NONE',  ( 6.911308153791096309, 4.290000000000001812, 5.280507514104234801 ) ) ;
#2107 = DIRECTION ( 'NONE',  ( 0.000000000000000000, 0.000000000000000000, 1.000000000000000000 ) ) ;
#2108 = DIRECTION ( 'NONE',  ( 0.000000000000000000, 0.000000000000000000, -1.000000000000000000 ) ) ;
#2109 = AXIS2_PLACEMENT_3D ( 'NONE', #873, #1284, #2379 ) ;
#2110 = ORIENTED_EDGE ( 'NONE', *, *, #769, .T. ) ;
#2111 = ORIENTED_EDGE ( 'NONE', *, *, #546, .F. ) ;
#2112 = CARTESIAN_POINT ( 'NONE',  ( 7.530507514104278322, 4.290000000000003588, -4.661308153789716968 ) ) ;
#2113 = CYLINDRICAL_SURFACE ( 'NONE', #1161, 0.6250000000000000000 ) ;
#2114 = CARTESIAN_POINT ( 'NONE',  ( -7.397404337979035738, 1.040044606909957370, 3.037116918282904088 ) ) ;
#2115 = CARTESIAN_POINT ( 'NONE',  ( 5.946807669194705603, 2.267110526969345230, 5.190254424124611354 ) ) ;
#2116 = DIRECTION ( 'NONE',  ( 0.000000000000000000, 0.000000000000000000, 1.000000000000000000 ) ) ;
#2117 = CARTESIAN_POINT ( 'NONE',  ( 7.520104720956749311, 3.977999999999999314, 4.669887007281714020 ) ) ;
#2118 =( BOUNDED_CURVE ( )  B_SPLINE_CURVE ( 3, ( #2152, #472, #249, #640 ),
 .UNSPECIFIED., .F., .T. ) 
 B_SPLINE_CURVE_WITH_KNOTS ( ( 4, 4 ),
 ( 2.356803477777956957, 3.926381829401629275 ),
 .UNSPECIFIED. ) 
 CURVE ( )  GEOMETRIC_REPRESENTATION_ITEM ( )  RATIONAL_B_SPLINE_CURVE ( ( 1.000000000000000000, 0.8050248461936601041, 0.8050248461936601041, 1.000000000000000000 ) ) 
 REPRESENTATION_ITEM ( '' )  );
#2119 = ORIENTED_EDGE ( 'NONE', *, *, #223, .F. ) ;
#2120 = CARTESIAN_POINT ( 'NONE',  ( 6.000000000000000888, 3.329999999999999627, -5.227371342407519883 ) ) ;
#2121 = CARTESIAN_POINT ( 'NONE',  ( -7.477371342407519883, 3.329999999999999627, 3.000000000000000888 ) ) ;
#2122 = ADVANCED_FACE ( 'NONE', ( #114 ), #760, .T. ) ;
#2123 = LINE ( 'NONE', #438, #738 ) ;
#2124 = ORIENTED_EDGE ( 'NONE', *, *, #949, .F. ) ;
#2125 = CARTESIAN_POINT ( 'NONE',  ( -7.477371342407518107, 3.329999999999999627, 2.970000000000001972 ) ) ;
#2126 = CARTESIAN_POINT ( 'NONE',  ( 6.719316337903511460, -0.4910995793951901112, -5.093935604790447158 ) ) ;
#2127 = CARTESIAN_POINT ( 'NONE',  ( 7.520104720956743982, 3.978000000000000647, -4.679311565198585932 ) ) ;
#2128 = AXIS2_PLACEMENT_3D ( 'NONE', #543, #1270, #876 ) ;
#2129 = VECTOR ( 'NONE', #544, 39.37007874015748143 ) ;
#2130 = DIRECTION ( 'NONE',  ( 0.000000000000000000, -0.03489949670250104552, -0.9993908270190957621 ) ) ;
#2131 = VERTEX_POINT ( 'NONE', #2138 ) ;
#2132 = ORIENTED_EDGE ( 'NONE', *, *, #2227, .T. ) ;
#2133 = CARTESIAN_POINT ( 'NONE',  ( -7.530452941105293618, 4.290000000000000924, 4.662661268947495330 ) ) ;
#2134 = SURFACE_SIDE_STYLE ('',( #2159 ) ) ;
#2135 = LINE ( 'NONE', #288, #131 ) ;
#2136 = CARTESIAN_POINT ( 'NONE',  ( -6.886276014232663556, 4.290000000000000036, -5.281000001038172798 ) ) ;
#2137 = ORIENTED_EDGE ( 'NONE', *, *, #100, .F. ) ;
#2138 = CARTESIAN_POINT ( 'NONE',  ( 7.477371342407521659, 3.329999999999999627, 2.969999999999999751 ) ) ;
#2139 = DIRECTION ( 'NONE',  ( -0.000000000000000000, -1.000000000000000000, -0.000000000000000000 ) ) ;
#2140 = CARTESIAN_POINT ( 'NONE',  ( 6.886276014232659115, 3.978000000000000647, 5.270104720956750199 ) ) ;
#2141 = FACE_OUTER_BOUND ( 'NONE', #342, .T. ) ;
#2142 = B_SPLINE_CURVE_WITH_KNOTS ( 'NONE', 3,
 ( #1659, #2394, #24, #763, #1070, #711, #1269, #1285, #1921, #623, #1899 ),
 .UNSPECIFIED., .F., .F.,
 ( 4, 1, 1, 1, 1, 1, 1, 1, 4 ),
 ( 0.09218430189515403050, 0.1400000000000002076, 0.2800000000000046341, 0.4200000000000007061, 0.5600000000000002753, 0.6699999999999998179, 0.7799999999999948086, 0.8900000000000031219, 1.000000000000000000 ),
 .UNSPECIFIED. ) ;
#2143 = UNCERTAINTY_MEASURE_WITH_UNIT (LENGTH_MEASURE( 1.000000000000000082E-05 ), #1015, 'distance_accuracy_value', 'NONE');
#2144 = CONICAL_SURFACE ( 'NONE', #774, 0.02999999999999940561, 0.02181661564992916705 ) ;
#2145 = VERTEX_POINT ( 'NONE', #800 ) ;
#2146 = EDGE_LOOP ( 'NONE', ( #2024, #157, #1006 ) ) ;
#2147 = DIRECTION ( 'NONE',  ( 0.000000000000000000, 1.000000000000000000, 0.000000000000000000 ) ) ;
#2148 = VECTOR ( 'NONE', #2178, 39.37007874015748143 ) ;
#2149 = DIRECTION ( 'NONE',  ( -0.000000000000000000, -0.000000000000000000, 1.000000000000000000 ) ) ;
#2150 = FACE_BOUND ( 'NONE', #102, .T. ) ;
#2151 = EDGE_LOOP ( 'NONE', ( #1805, #1853, #1483 ) ) ;
#2152 = CARTESIAN_POINT ( 'NONE',  ( -6.875380734151237405, 3.978000000000000647, -5.250000001038173103 ) ) ;
#2153 = EDGE_CURVE ( 'NONE', #2131, #1596, #291, .T. ) ;
#2154 = CARTESIAN_POINT ( 'NONE',  ( -7.531000001038170133, 4.290000000000000036, 4.636276014232662668 ) ) ;
#2155 = LINE ( 'NONE', #1220, #53 ) ;
#2156 = EDGE_CURVE ( 'NONE', #2230, #751, #1040, .T. ) ;
#2157 = DIRECTION ( 'NONE',  ( 0.000000000000000000, 0.000000000000000000, -1.000000000000000000 ) ) ;
#2158 = ORIENTED_EDGE ( 'NONE', *, *, #419, .F. ) ;
#2159 = SURFACE_STYLE_FILL_AREA ( #1027 ) ;
#2160 = DIRECTION ( 'NONE',  ( -0.03489949670250028918, 0.9993908270190957621, 2.131042363281925678E-17 ) ) ;
#2161 = EDGE_LOOP ( 'NONE', ( #500, #213, #1180, #2398 ) ) ;
#2162 = CARTESIAN_POINT ( 'NONE',  ( 6.974118420092824344, 4.290000000000002700, 5.274961962840997387 ) ) ;
#2163 = CARTESIAN_POINT ( 'NONE',  ( 7.531000001038159475, 4.290000000000000036, 4.636276014232663556 ) ) ;
#2164 = DIRECTION ( 'NONE',  ( 0.000000000000000000, -1.000000000000000000, 0.000000000000000000 ) ) ;
#2165 =( BOUNDED_CURVE ( )  B_SPLINE_CURVE ( 3, ( #1246, #1634, #2180, #309 ),
 .UNSPECIFIED., .F., .T. ) 
 B_SPLINE_CURVE_WITH_KNOTS ( ( 4, 4 ),
 ( 5.446392321909897305, 5.448389670675409135 ),
 .UNSPECIFIED. ) 
 CURVE ( )  GEOMETRIC_REPRESENTATION_ITEM ( )  RATIONAL_B_SPLINE_CURVE ( ( 1.000000000000000000, 0.9999996675498534771, 0.9999996675498534771, 1.000000000000000000 ) ) 
 REPRESENTATION_ITEM ( '' )  );
#2166 = EDGE_LOOP ( 'NONE', ( #1235, #243, #379 ) ) ;
#2167 = ADVANCED_FACE ( 'NONE', ( #1352 ), #1214, .T. ) ;
#2168 = EDGE_CURVE ( 'NONE', #1964, #341, #989, .T. ) ;
#2169 = ORIENTED_EDGE ( 'NONE', *, *, #2246, .T. ) ;
#2170 = CARTESIAN_POINT ( 'NONE',  ( -6.757529695745578380, 0.6250000000000000000, -4.507529695745579268 ) ) ;
#2171 = EDGE_CURVE ( 'NONE', #304, #562, #1821, .T. ) ;
#2172 = EDGE_LOOP ( 'NONE', ( #1775, #2416, #2137 ) ) ;
#2173 = EDGE_CURVE ( 'NONE', #1942, #330, #2355, .T. ) ;
#2174 = CARTESIAN_POINT ( 'NONE',  ( 7.525479356424920496, 4.290000000000000924, 4.740623379008511051 ) ) ;
#2175 = CARTESIAN_POINT ( 'NONE',  ( -2.970000000000000195, 3.329999999999999627, -5.227371342407519883 ) ) ;
#2176 = EDGE_LOOP ( 'NONE', ( #158, #1441, #183, #2297 ) ) ;
#2177 = DIRECTION ( 'NONE',  ( 2.137978842030774583E-16, -0.000000000000000000, 1.000000000000000000 ) ) ;
#2178 = DIRECTION ( 'NONE',  ( -1.000000000000000000, 0.000000000000000000, 0.000000000000000000 ) ) ;
#2179 = CARTESIAN_POINT ( 'NONE',  ( 6.875380734151237405, 3.978000000000000203, 5.250000001038173103 ) ) ;
#2180 = CARTESIAN_POINT ( 'NONE',  ( -7.132209516514984138, 3.816651592142056515, 5.186591489624905904 ) ) ;
#2181 = CARTESIAN_POINT ( 'NONE',  ( -6.000000000000000888, 1.040044606909830138, -5.147404337979033073 ) ) ;
#2182 = ORIENTED_EDGE ( 'NONE', *, *, #1141, .F. ) ;
#2183 = CARTESIAN_POINT ( 'NONE',  ( -7.373386010005123836, 3.978000000000001535, -5.048996951499096220 ) ) ;
#2184 = VECTOR ( 'NONE', #1924, 39.37007874015748143 ) ;
#2185 = CARTESIAN_POINT ( 'NONE',  ( -7.198707209235011284, 4.185999999999999943, 5.199944240774457604 ) ) ;
#2186 = DIRECTION ( 'NONE',  ( 0.000000000000000000, 0.000000000000000000, 1.000000000000000000 ) ) ;
#2187 = CARTESIAN_POINT ( 'NONE',  ( 5.962883081717091471, 1.040044606909591440, 5.147404337979025080 ) ) ;
#2188 = CARTESIAN_POINT ( 'NONE',  ( 6.875380734151237405, 3.978000000000000203, -5.250000001038173103 ) ) ;
#2189 = AXIS2_PLACEMENT_3D ( 'NONE', #1199, #1969, #794 ) ;
#2190 = CARTESIAN_POINT ( 'NONE',  ( 6.974118420092824344, 4.290000000000002700, 5.274961962840997387 ) ) ;
#2191 = DIRECTION ( 'NONE',  ( 0.000000000000000000, -0.9997620270799090214, 0.02181488503456116557 ) ) ;
#2192 = EDGE_LOOP ( 'NONE', ( #849, #792, #1236 ) ) ;
#2193 = COLOUR_RGB ( '',0.7921568627450980005, 0.8196078431372548767, 0.9333333333333333481 ) ;
#2194 = EDGE_CURVE ( 'NONE', #2065, #471, #525, .T. ) ;
#2195 = EDGE_CURVE ( 'NONE', #1611, #870, #2331, .T. ) ;
#2196 = CARTESIAN_POINT ( 'NONE',  ( -7.530507514105626576, 4.290000000000000924, 4.661308153755497230 ) ) ;
#2197 = DIRECTION ( 'NONE',  ( -0.000000000000000000, 1.000000000000000000, -0.000000000000000000 ) ) ;
#2198 = DIRECTION ( 'NONE',  ( -1.000000000000000000, 0.000000000000000000, 0.000000000000000000 ) ) ;
#2199 = CARTESIAN_POINT ( 'NONE',  ( 7.500000001038171327, 3.978000000000001091, -4.991366465340371761 ) ) ;
#2200 = CARTESIAN_POINT ( 'NONE',  ( -6.029999999999998472, 3.329999999999999627, 5.227371342407519883 ) ) ;
#2201 = EDGE_CURVE ( 'NONE', #1964, #244, #170, .T. ) ;
#2202 = AXIS2_PLACEMENT_3D ( 'NONE', #1768, #833, #477 ) ;
#2203 = ORIENTED_EDGE ( 'NONE', *, *, #2296, .T. ) ;
#2204 = LINE ( 'NONE', #1222, #321 ) ;
#2205 = CARTESIAN_POINT ( 'NONE',  ( 7.527368241011018313, 4.186000000000003496, -4.636276014232663556 ) ) ;
#2206 = ORIENTED_EDGE ( 'NONE', *, *, #1547, .F. ) ;
#2207 = VERTEX_POINT ( 'NONE', #2222 ) ;
#2208 = AXIS2_PLACEMENT_3D ( 'NONE', #1117, #1446, #1522 ) ;
#2209 = ORIENTED_EDGE ( 'NONE', *, *, #1099, .F. ) ;
#2210 = CARTESIAN_POINT ( 'NONE',  ( 6.037116918282907641, 1.040044606909757974, -5.147404337979031297 ) ) ;
#2211 = CARTESIAN_POINT ( 'NONE',  ( -7.520104720956743094, 3.978000000000000647, 4.679311565198583267 ) ) ;
#2212 = EDGE_LOOP ( 'NONE', ( #985, #1107, #42 ) ) ;
#2213 = CARTESIAN_POINT ( 'NONE',  ( 2.946807669194706492, 2.267110526969361217, 5.190254424124611354 ) ) ;
#2214 = FACE_OUTER_BOUND ( 'NONE', #1675, .T. ) ;
#2215 = CARTESIAN_POINT ( 'NONE',  ( -3.000000000000000444, 3.329999999999999627, -5.227371342407519883 ) ) ;
#2216 = ORIENTED_EDGE ( 'NONE', *, *, #505, .F. ) ;
#2217 = DIRECTION ( 'NONE',  ( -0.000000000000000000, 0.9993908270190957621, -0.03489949670250028918 ) ) ;
#2218 = ORIENTED_EDGE ( 'NONE', *, *, #717, .F. ) ;
#2219 = CARTESIAN_POINT ( 'NONE',  ( -7.443564023154245923, 3.978000000000000203, -4.945358314547546819 ) ) ;
#2220 = CARTESIAN_POINT ( 'NONE',  ( 3.000000000000001332, 1.040044606909832137, 5.147404337979033073 ) ) ;
#2221 = EDGE_LOOP ( 'NONE', ( #984, #1770, #757 ) ) ;
#2222 = CARTESIAN_POINT ( 'NONE',  ( 2.970000000000001528, 3.329999999999999627, 5.227371342407519883 ) ) ;
#2223 = FACE_OUTER_BOUND ( 'NONE', #347, .T. ) ;
#2224 = FACE_BOUND ( 'NONE', #1638, .T. ) ;
#2225 = CARTESIAN_POINT ( 'NONE',  ( -7.520104720956744870, 3.978000000000000647, 4.636276014232662668 ) ) ;
#2226 = CONICAL_SURFACE ( 'NONE', #1515, 0.02999999999999940561, 0.02181661564992916705 ) ;
#2227 = EDGE_CURVE ( 'NONE', #1419, #479, #1868, .T. ) ;
#2228 = AXIS2_PLACEMENT_3D ( 'NONE', #2260, #566, #1300 ) ;
#2229 = CARTESIAN_POINT ( 'NONE',  ( -7.020351970683385012, 4.289999999999999147, -5.271919701132058655 ) ) ;
#2230 = VERTEX_POINT ( 'NONE', #2200 ) ;
#2231 =( BOUNDED_CURVE ( )  B_SPLINE_CURVE ( 3, ( #1849, #2390, #2210, #1454 ),
 .UNSPECIFIED., .F., .T. ) 
 B_SPLINE_CURVE_WITH_KNOTS ( ( 4, 4 ),
 ( 4.037455645473694510, 6.283185307179586232 ),
 .UNSPECIFIED. ) 
 CURVE ( )  GEOMETRIC_REPRESENTATION_ITEM ( )  RATIONAL_B_SPLINE_CURVE ( ( 1.000000000000000000, 0.6220680176060293665, 0.6220680176060293665, 1.000000000000000000 ) ) 
 REPRESENTATION_ITEM ( '' )  );
#2232 = CARTESIAN_POINT ( 'NONE',  ( 7.527368241011020089, 4.186000000000003496, -4.686866956354756475 ) ) ;
#2233 = CARTESIAN_POINT ( 'NONE',  ( 7.376224016096509573, 4.081999999999999851, 5.051418551636980503 ) ) ;
#2234 = EDGE_CURVE ( 'NONE', #1765, #2255, #698, .T. ) ;
#2235 = ORIENTED_EDGE ( 'NONE', *, *, #2271, .F. ) ;
#2236 = AXIS2_PLACEMENT_3D ( 'NONE', #2250, #1889, #385 ) ;
#2237 = CARTESIAN_POINT ( 'NONE',  ( 7.477371342407521659, 3.329999999999999627, -9.156836455801609052E-16 ) ) ;
#2238 = CARTESIAN_POINT ( 'NONE',  ( 2.969999999999999751, 3.329999999999999627, -5.227371342407519883 ) ) ;
#2239 = DIRECTION ( 'NONE',  ( 1.000000000000000000, 0.000000000000000000, 0.000000000000000000 ) ) ;
#2240 = LINE ( 'NONE', #140, #2129 ) ;
#2241 = VECTOR ( 'NONE', #1212, 39.37007874015748143 ) ;
#2242 = VERTEX_POINT ( 'NONE', #187 ) ;
#2243 = EDGE_CURVE ( 'NONE', #820, #1031, #1021, .T. ) ;
#2244 = ADVANCED_FACE ( 'NONE', ( #335 ), #1057, .F. ) ;
#2245 = EDGE_LOOP ( 'NONE', ( #449, #422, #1649, #2119 ) ) ;
#2246 = EDGE_CURVE ( 'NONE', #1596, #2131, #2066, .T. ) ;
#2247 = VERTEX_POINT ( 'NONE', #1648 ) ;
#2248 = EDGE_CURVE ( 'NONE', #598, #1122, #2240, .T. ) ;
#2249 = CARTESIAN_POINT ( 'NONE',  ( 7.443564023154254805, 3.978000000000000203, 4.945358314547545930 ) ) ;
#2250 = CARTESIAN_POINT ( 'NONE',  ( 6.757529695745581044, 0.6250000000000000000, 4.507529695745578380 ) ) ;
#2251 = DIRECTION ( 'NONE',  ( -0.03487826274237471047, -0.9987827659587183993, -0.03487826274237470353 ) ) ;
#2252 = CARTESIAN_POINT ( 'NONE',  ( -7.520104720956743094, 3.978000000000000647, 4.679311565198583267 ) ) ;
#2253 = CARTESIAN_POINT ( 'NONE',  ( -6.894902701788964805, 4.289999999999998259, -5.280993520118212103 ) ) ;
#2254 = FACE_BOUND ( 'NONE', #411, .T. ) ;
#2255 = VERTEX_POINT ( 'NONE', #1460 ) ;
#2256 = ORIENTED_EDGE ( 'NONE', *, *, #4, .T. ) ;
#2257 = ADVANCED_FACE ( 'NONE', ( #1683 ), #285, .T. ) ;
#2258 = ORIENTED_EDGE ( 'NONE', *, *, #1, .T. ) ;
#2259 = DIRECTION ( 'NONE',  ( 0.000000000000000000, 0.000000000000000000, -1.000000000000000000 ) ) ;
#2260 = CARTESIAN_POINT ( 'NONE',  ( -6.757529695745576603, 0.6250000000000000000, 4.507529695745579268 ) ) ;
#2261 = PLANE ( 'NONE',  #1656 ) ;
#2262 = DIRECTION ( 'NONE',  ( 2.137978842030774336E-16, -9.385795881879132176E-37, 1.000000000000000000 ) ) ;
#2263 = CARTESIAN_POINT ( 'NONE',  ( -7.015842673906386828, 4.081999999999998963, -5.264750230323796742 ) ) ;
#2264 = B_SPLINE_SURFACE_WITH_KNOTS ( 'NONE', 3, 3, ( 
 ( #2067, #1716, #47, #233, #883, #339, #692, #154, #702, #1450, #369 ),
 ( #2205, #2232, #722, #2414, #1293, #535, #1426, #1261, #326, #1076, #1651 ),
 ( #1234, #550, #310, #1048, #1812, #1276, #1092, #869, #1859, #231, #628 ),
 ( #977, #1018, #1774, #2340, #1745, #1186, #1215, #799, #1941, #1931, #1579 ) ),
 .UNSPECIFIED., .F., .F., .F.,
 ( 4, 4 ),
 ( 4, 1, 1, 1, 1, 1, 1, 1, 4 ),
 ( 0.1371315141361698908, 0.5065589381862891649 ),
 ( 0.000000000000000000, 0.1400000000000002076, 0.2800000000000046341, 0.4200000000000007061, 0.5600000000000002753, 0.6699999999999998179, 0.7799999999999948086, 0.8900000000000031219, 1.000000000000000000 ),
 .UNSPECIFIED. ) ;
#2265 = VECTOR ( 'NONE', #925, 39.37007874015748143 ) ;
#2266 = CARTESIAN_POINT ( 'NONE',  ( 0.000000000000000000, 3.329999999999999627, -5.197371342407520522 ) ) ;
#2267 = FACE_OUTER_BOUND ( 'NONE', #1861, .T. ) ;
#2268 = ORIENTED_EDGE ( 'NONE', *, *, #1462, .T. ) ;
#2269 = ORIENTED_EDGE ( 'NONE', *, *, #551, .F. ) ;
#2270 = CARTESIAN_POINT ( 'NONE',  ( -6.757529695745576603, 0.6250000000000000000, 4.507529695745578380 ) ) ;
#2271 = EDGE_CURVE ( 'NONE', #1280, #553, #1473, .T. ) ;
#2272 = CYLINDRICAL_SURFACE ( 'NONE', #1524, 0.6250000000000005551 ) ;
#2273 = CIRCLE ( 'NONE', #1289, 0.02999999999999886091 ) ;
#2274 = FACE_OUTER_BOUND ( 'NONE', #1113, .T. ) ;
#2275 = FACE_OUTER_BOUND ( 'NONE', #1133, .T. ) ;
#2276 = EDGE_CURVE ( 'NONE', #1031, #2375, #491, .T. ) ;
#2277 = ORIENTED_EDGE ( 'NONE', *, *, #2291, .T. ) ;
#2278 = VERTEX_POINT ( 'NONE', #1824 ) ;
#2279 = CARTESIAN_POINT ( 'NONE',  ( -7.393993152030397198, 3.978000000000000647, 5.025182537631629032 ) ) ;
#2280 = CIRCLE ( 'NONE', #529, 0.02999999999999940561 ) ;
#2281 = VECTOR ( 'NONE', #614, 39.37007874015748143 ) ;
#2282 = CARTESIAN_POINT ( 'NONE',  ( 7.531000001038155922, 4.290000000000003588, -4.636276014232663556 ) ) ;
#2283 = CARTESIAN_POINT ( 'NONE',  ( 8.331000001038171732, -22.62853577255780380, 6.081000001038174396 ) ) ;
#2284 = ORIENTED_EDGE ( 'NONE', *, *, #2194, .F. ) ;
#2285 = EDGE_LOOP ( 'NONE', ( #486, #273, #1885, #2042 ) ) ;
#2286 = CARTESIAN_POINT ( 'NONE',  ( 7.531000001038157698, 4.289999999999998259, -4.636276014232659115 ) ) ;
#2287 = CARTESIAN_POINT ( 'NONE',  ( -3.030000000000000693, 3.329999999999999627, -5.227371342407519883 ) ) ;
#2288 = LINE ( 'NONE', #613, #389 ) ;
#2289 = LINE ( 'NONE', #1032, #2362 ) ;
#2290 = DIRECTION ( 'NONE',  ( -0.000000000000000000, -1.000000000000000000, -0.000000000000000000 ) ) ;
#2291 = EDGE_CURVE ( 'NONE', #1652, #871, #568, .T. ) ;
#2292 = CARTESIAN_POINT ( 'NONE',  ( -6.886276014232660003, 3.978000000000000647, 5.270104720956747535 ) ) ;
#2293 = AXIS2_PLACEMENT_3D ( 'NONE', #1537, #2130, #2316 ) ;
#2294 = FACE_OUTER_BOUND ( 'NONE', #1816, .T. ) ;
#2295 = CONICAL_SURFACE ( 'NONE', #923, 0.02999999999999940561, 0.02181661564992916705 ) ;
#2296 = EDGE_CURVE ( 'NONE', #2242, #1013, #528, .T. ) ;
#2297 = ORIENTED_EDGE ( 'NONE', *, *, #1584, .T. ) ;
#2298 = ORIENTED_EDGE ( 'NONE', *, *, #2243, .T. ) ;
#2299 = LINE ( 'NONE', #965, #1288 ) ;
#2300 = CARTESIAN_POINT ( 'NONE',  ( 3.030000000000000249, 3.329999999999999627, -5.227371342407519883 ) ) ;
#2301 = CARTESIAN_POINT ( 'NONE',  ( -5.999999999999999112, 1.040044606909851233, 5.147404337979035738 ) ) ;
#2302 = LINE ( 'NONE', #2126, #1960 ) ;
#2303 = CARTESIAN_POINT ( 'NONE',  ( -2.999999999999999112, 3.329999999999999627, 5.227371342407519883 ) ) ;
#2304 = AXIS2_PLACEMENT_3D ( 'NONE', #65, #458, #641 ) ;
#2305 = CARTESIAN_POINT ( 'NONE',  ( -7.530999937931698973, 4.290000000000000924, 4.636602484380586198 ) ) ;
#2306 = DIRECTION ( 'NONE',  ( 0.000000000000000000, 0.000000000000000000, -1.000000000000000000 ) ) ;
#2307 = ORIENTED_EDGE ( 'NONE', *, *, #888, .F. ) ;
#2308 = EDGE_LOOP ( 'NONE', ( #2400, #2169 ) ) ;
#2309 =( NAMED_UNIT ( * ) PLANE_ANGLE_UNIT ( ) SI_UNIT ( $, .RADIAN. ) );
#2310 = FACE_OUTER_BOUND ( 'NONE', #1918, .T. ) ;
#2311 = AXIS2_PLACEMENT_3D ( 'NONE', #1439, #153, #1207 ) ;
#2312 = CARTESIAN_POINT ( 'NONE',  ( -7.531000001038160363, 4.289999999999999147, 4.636276014232654674 ) ) ;
#2313 = ORIENTED_EDGE ( 'NONE', *, *, #1548, .T. ) ;
#2314 = CARTESIAN_POINT ( 'NONE',  ( 6.757529695745581044, 0.000000000000000000, 5.111085179999997230 ) ) ;
#2315 = CARTESIAN_POINT ( 'NONE',  ( -6.886531944861410182, 3.799999999999999822, 4.636531944861406629 ) ) ;
#2316 = DIRECTION ( 'NONE',  ( 0.000000000000000000, 0.9993908270190957621, -0.03489949670250104552 ) ) ;
#2317 = VERTEX_POINT ( 'NONE', #1489 ) ;
#2318 = EDGE_LOOP ( 'NONE', ( #85, #31, #327 ) ) ;
#2319 = EDGE_CURVE ( 'NONE', #118, #255, #171, .T. ) ;
#2320 = LINE ( 'NONE', #1589, #1041 ) ;
#2321 = DIRECTION ( 'NONE',  ( 1.000000000000000000, -0.000000000000000000, -0.000000000000000000 ) ) ;
#2322 = CARTESIAN_POINT ( 'NONE',  ( 3.000000000000001332, 3.329999999999999627, 5.197371342407520522 ) ) ;
#2323 = LINE ( 'NONE', #2136, #556 ) ;
#2324 = ORIENTED_EDGE ( 'NONE', *, *, #72, .F. ) ;
#2325 = DIRECTION ( 'NONE',  ( 2.137978842030774583E-16, -0.000000000000000000, 1.000000000000000000 ) ) ;
#2326 = CARTESIAN_POINT ( 'NONE',  ( 7.530999811694690571, 4.290000000000006253, -4.636765747875065458 ) ) ;
#2327 = EDGE_CURVE ( 'NONE', #490, #905, #208, .T. ) ;
#2328 = ORIENTED_EDGE ( 'NONE', *, *, #1479, .F. ) ;
#2329 = CARTESIAN_POINT ( 'NONE',  ( -6.000000000000000888, 3.329999999999999627, -5.227371342407519883 ) ) ;
#2330 = DIRECTION ( 'NONE',  ( 0.000000000000000000, 1.000000000000000000, 0.000000000000000000 ) ) ;
#2331 = B_SPLINE_CURVE_WITH_KNOTS ( 'NONE', 3,
 ( #331, #862, #1069, #148 ),
 .UNSPECIFIED., .F., .F.,
 ( 4, 4 ),
 ( 0.02653568180410636676, 0.02796245893547010322 ),
 .UNSPECIFIED. ) ;
#2332 = CARTESIAN_POINT ( 'NONE',  ( -7.477371342407518107, 3.329999999999999627, 2.970000000000001972 ) ) ;
#2333 = UNCERTAINTY_MEASURE_WITH_UNIT (LENGTH_MEASURE( 1.000000000000000082E-05 ), #1028, 'distance_accuracy_value', 'NONE');
#2334 = AXIS2_PLACEMENT_3D ( 'NONE', #688, #91, #125 ) ;
#2335 = ORIENTED_EDGE ( 'NONE', *, *, #927, .T. ) ;
#2336 = AXIS2_PLACEMENT_3D ( 'NONE', #1338, #1679, #1888 ) ;
#2337 = LINE ( 'NONE', #1237, #1727 ) ;
#2338 = EDGE_CURVE ( 'NONE', #2375, #2207, #1817, .T. ) ;
#2339 = EDGE_CURVE ( 'NONE', #1448, #1964, #858, .T. ) ;
#2340 = CARTESIAN_POINT ( 'NONE',  ( 7.468252013887473950, 3.978000000000000647, -4.900671012534878912 ) ) ;
#2341 = EDGE_LOOP ( 'NONE', ( #645, #147, #1540 ) ) ;
#2342 = CARTESIAN_POINT ( 'NONE',  ( -7.477371342407518107, 3.329999999999999627, 3.030000000000000249 ) ) ;
#2343 = LINE ( 'NONE', #281, #2148 ) ;
#2344 = EDGE_CURVE ( 'NONE', #2091, #401, #352, .T. ) ;
#2345 = CARTESIAN_POINT ( 'NONE',  ( 3.000000000000001332, 3.329999999999999627, 5.227371342407519883 ) ) ;
#2346 = EDGE_CURVE ( 'NONE', #701, #118, #2337, .T. ) ;
#2347 = CARTESIAN_POINT ( 'NONE',  ( -7.477371342407519883, 3.329999999999999627, -2.999999999999999556 ) ) ;
#2348 = CARTESIAN_POINT ( 'NONE',  ( -5.946807669194707380, 2.267110526969388751, -5.190254424124613131 ) ) ;
#2349 = ORIENTED_EDGE ( 'NONE', *, *, #545, .T. ) ;
#2350 = CARTESIAN_POINT ( 'NONE',  ( -6.886276014232661780, 4.289999999999999147, 5.281000001038163916 ) ) ;
#2351 = CARTESIAN_POINT ( 'NONE',  ( 7.531000001038164804, 4.290000000000002700, 4.670468640759090739 ) ) ;
#2352 = DIRECTION ( 'NONE',  ( -0.000000000000000000, -1.000000000000000000, -0.000000000000000000 ) ) ;
#2353 = CARTESIAN_POINT ( 'NONE',  ( -7.301418551636976062, 4.082000000000002515, 5.126224016096502467 ) ) ;
#2354 = ORIENTED_EDGE ( 'NONE', *, *, #880, .F. ) ;
#2355 = LINE ( 'NONE', #1627, #1872 ) ;
#2356 = CARTESIAN_POINT ( 'NONE',  ( 6.886276014232653786, 4.290000000000003588, -5.281000001038156810 ) ) ;
#2357 = DIRECTION ( 'NONE',  ( 1.000000000000000000, -0.000000000000000000, -0.000000000000000000 ) ) ;
#2358 = DIRECTION ( 'NONE',  ( -0.000000000000000000, -1.000000000000000000, -0.000000000000000000 ) ) ;
#2359 = ORIENTED_EDGE ( 'NONE', *, *, #2291, .F. ) ;
#2360 = CONICAL_SURFACE ( 'NONE', #572, 0.02999999999999901010, 0.02181661564992916705 ) ;
#2361 = CARTESIAN_POINT ( 'NONE',  ( -6.986057716468744516, 3.849999999999999645, 5.234835713018934911 ) ) ;
#2362 = VECTOR ( 'NONE', #457, 39.37007874015748854 ) ;
#2363 = LINE ( 'NONE', #533, #1949 ) ;
#2364 = DIRECTION ( 'NONE',  ( 0.03487826274237471741, -0.9987827659587183993, -0.03487826274237471741 ) ) ;
#2365 = ORIENTED_EDGE ( 'NONE', *, *, #453, .F. ) ;
#2366 = CARTESIAN_POINT ( 'NONE',  ( -7.518273741503918473, 4.081999999999998074, -4.737103264195194896 ) ) ;
#2367 = DIRECTION ( 'NONE',  ( 0.9993908270190957621, 0.03489949670250029612, -2.355497228635514315E-16 ) ) ;
#2368 = ORIENTED_EDGE ( 'NONE', *, *, #496, .F. ) ;
#2369 =( BOUNDED_CURVE ( )  B_SPLINE_CURVE ( 3, ( #1592, #1971, #238, #1776 ),
 .UNSPECIFIED., .F., .T. ) 
 B_SPLINE_CURVE_WITH_KNOTS ( ( 4, 4 ),
 ( 0.000000000000000000, 2.245729661705891278 ),
 .UNSPECIFIED. ) 
 CURVE ( )  GEOMETRIC_REPRESENTATION_ITEM ( )  RATIONAL_B_SPLINE_CURVE ( ( 1.000000000000000000, 0.6220680176060294775, 0.6220680176060294775, 1.000000000000000000 ) ) 
 REPRESENTATION_ITEM ( '' )  );
#2370 = DIRECTION ( 'NONE',  ( 0.000000000000000000, 0.000000000000000000, 1.000000000000000000 ) ) ;
#2371 = FACE_BOUND ( 'NONE', #561, .T. ) ;
#2372 = ORIENTED_EDGE ( 'NONE', *, *, #2027, .T. ) ;
#2373 = DIRECTION ( 'NONE',  ( -0.000000000000000000, 1.000000000000000000, 0.000000000000000000 ) ) ;
#2374 = CARTESIAN_POINT ( 'NONE',  ( -6.886276014232663556, 4.290000000000000036, -5.281000001038172798 ) ) ;
#2375 = VERTEX_POINT ( 'NONE', #2322 ) ;
#2376 = EDGE_CURVE ( 'NONE', #1927, #2247, #2135, .T. ) ;
#2377 = CARTESIAN_POINT ( 'NONE',  ( -7.525479356424922273, 4.289999999999999147, -4.740623379008514604 ) ) ;
#2378 = AXIS2_PLACEMENT_3D ( 'NONE', #2347, #1449, #504 ) ;
#2379 = DIRECTION ( 'NONE',  ( 0.000000000000000000, 0.000000000000000000, 1.000000000000000000 ) ) ;
#2380 = CARTESIAN_POINT ( 'NONE',  ( -6.990623379008511940, 4.290000000000000036, 5.275479356424916944 ) ) ;
#2381 = CARTESIAN_POINT ( 'NONE',  ( -7.440254424124613131, 2.267110526969415840, -2.946807669194708712 ) ) ;
#2382 = CARTESIAN_POINT ( 'NONE',  ( -6.919887007281713132, 3.978000000000000203, 5.270104720956747535 ) ) ;
#2383 = DIRECTION ( 'NONE',  ( 0.000000000000000000, 1.000000000000000000, 0.000000000000000000 ) ) ;
#2384 = ORIENTED_EDGE ( 'NONE', *, *, #1292, .T. ) ;
#2385 = CARTESIAN_POINT ( 'NONE',  ( -5.970000000000000639, 3.329999999999999627, -5.227371342407519883 ) ) ;
#2386 = CONICAL_SURFACE ( 'NONE', #424, 0.02999999999999940561, 0.02181661564992916705 ) ;
#2387 = ORIENTED_EDGE ( 'NONE', *, *, #1608, .F. ) ;
#2388 = ORIENTED_EDGE ( 'NONE', *, *, #769, .F. ) ;
#2389 = EDGE_LOOP ( 'NONE', ( #761, #2349, #2158 ) ) ;
#2390 = CARTESIAN_POINT ( 'NONE',  ( 6.053192330805293508, 2.267110526969388751, -5.190254424124613131 ) ) ;
#2391 = CARTESIAN_POINT ( 'NONE',  ( -7.196954920373881848, 4.081999999999998074, 5.196749133992478953 ) ) ;
#2392 = ORIENTED_EDGE ( 'NONE', *, *, #206, .T. ) ;
#2393 = FACE_OUTER_BOUND ( 'NONE', #2341, .T. ) ;
#2394 = CARTESIAN_POINT ( 'NONE',  ( 7.522851089307430961, 4.290000000000003588, -4.739468670558846242 ) ) ;
#2395 = FACE_BOUND ( 'NONE', #2389, .T. ) ;
#2396 = CARTESIAN_POINT ( 'NONE',  ( 6.719316337903511460, -0.4910995793951901667, 5.093935604790447158 ) ) ;
#2397 = DIRECTION ( 'NONE',  ( 0.000000000000000000, 0.000000000000000000, -1.000000000000000000 ) ) ;
#2398 = ORIENTED_EDGE ( 'NONE', *, *, #1474, .T. ) ;
#2399 = VECTOR ( 'NONE', #1394, 39.37007874015748143 ) ;
#2400 = ORIENTED_EDGE ( 'NONE', *, *, #2153, .T. ) ;
#2401 = ORIENTED_EDGE ( 'NONE', *, *, #462, .T. ) ;
#2402 = ORIENTED_EDGE ( 'NONE', *, *, #1975, .T. ) ;
#2403 = DIRECTION ( 'NONE',  ( 0.000000000000000000, 0.000000000000000000, 1.000000000000000000 ) ) ;
#2404 = APPLICATION_PROTOCOL_DEFINITION ( 'draft international standard', 'automotive_design', 1998, #1577 ) ;
#2405 = CARTESIAN_POINT ( 'NONE',  ( -7.275182537631624591, 3.978000000000000203, -5.143993152030398974 ) ) ;
#2406 = EDGE_CURVE ( 'NONE', #693, #536, #647, .T. ) ;
#2407 = PLANE ( 'NONE',  #1319 ) ;
#2408 = ORIENTED_EDGE ( 'NONE', *, *, #786, .F. ) ;
#2409 = DIRECTION ( 'NONE',  ( 0.000000000000000000, 0.000000000000000000, 1.000000000000000000 ) ) ;
#2410 = CARTESIAN_POINT ( 'NONE',  ( 6.053192330805297949, 2.267110526969344342, 5.190254424124611354 ) ) ;
#2411 = CARTESIAN_POINT ( 'NONE',  ( 3.030000000000002025, 3.329999999999999627, 5.227371342407519883 ) ) ;
#2412 = EDGE_CURVE ( 'NONE', #1964, #2242, #677, .T. ) ;
#2413 = ORIENTED_EDGE ( 'NONE', *, *, #1139, .T. ) ;
#2414 = CARTESIAN_POINT ( 'NONE',  ( 7.474936219514202840, 4.186000000000001720, -4.904559612448613493 ) ) ;
#2415 =( BOUNDED_CURVE ( )  B_SPLINE_CURVE ( 3, ( #414, #1329, #2093, #405 ),
 .UNSPECIFIED., .F., .F. ) 
 B_SPLINE_CURVE_WITH_KNOTS ( ( 4, 4 ),
 ( 2.542004049570908641, 2.791357824017483225 ),
 .UNSPECIFIED. ) 
 CURVE ( )  GEOMETRIC_REPRESENTATION_ITEM ( )  RATIONAL_B_SPLINE_CURVE ( ( 1.000000000000000000, 0.9948252662895162857, 0.9948252662895162857, 1.000000000000000000 ) ) 
 REPRESENTATION_ITEM ( '' )  );
#2416 = ORIENTED_EDGE ( 'NONE', *, *, #492, .T. ) ;
#2417 = CARTESIAN_POINT ( 'NONE',  ( -7.038477552542066640, 3.799999999999999822, 5.222487429622630906 ) ) ;
#2418 = ORIENTED_EDGE ( 'NONE', *, *, #2412, .F. ) ;
#2419 = DIRECTION ( 'NONE',  ( -0.9993908270190957621, -0.03489949670250104552, 2.136676443086464531E-16 ) ) ;
#2420 = CARTESIAN_POINT ( 'NONE',  ( 6.037116918282912081, 1.040044606909591440, 5.147404337979025080 ) ) ;
#2421 = CARTESIAN_POINT ( 'NONE',  ( -7.397404337979033073, 1.040044606909859226, -2.962883081717094136 ) ) ;
#2422 = CARTESIAN_POINT ( 'NONE',  ( -7.093160295773929924, 3.978000000000000647, 5.238771570660152754 ) ) ;
#2423 = ADVANCED_FACE ( 'NONE', ( #1184 ), #1501, .T. ) ;
ENDSEC;
END-ISO-10303-21;
