ISO-10303-21;
HEADER;
FILE_DESCRIPTION (( 'STEP AP214' ),
    '1' );
FILE_NAME ('1402-931 Top PID 7-24-2025.STEP',
    '2025-08-08T05:46:10',
    ( '' ),
    ( '' ),
    'SwSTEP 2.0',
    'SolidWorks 2025',
    '' );
FILE_SCHEMA (( 'AUTOMOTIVE_DESIGN' ));
ENDSEC;

DATA;
#1 = CARTESIAN_POINT ( 'NONE',  ( -5.982180133477780437, 1.199999999999937339, -4.035202798174068128 ) ) ;
#2 = CARTESIAN_POINT ( 'NONE',  ( 6.007005597505547634, 1.199999999999999734, 3.899471474845714880 ) ) ;
#3 = CARTESIAN_POINT ( 'NONE',  ( -5.303421376416715738, 1.199999999999999734, -4.128253853846964638 ) ) ;
#4 = EDGE_CURVE ( 'NONE', #176, #850, #987, .T. ) ;
#5 = PRODUCT_DEFINITION_SHAPE ( 'NONE', 'NONE',  #996 ) ;
#6 = ORIENTED_EDGE ( 'NONE', *, *, #432, .T. ) ;
#7 = CARTESIAN_POINT ( 'NONE',  ( -5.986097076571488707, 0.7747325581802796401, 4.085192002707469960 ) ) ;
#8 = CARTESIAN_POINT ( 'NONE',  ( 5.578253853846965704, 1.199999999999999734, 3.853421376416713340 ) ) ;
#9 = ADVANCED_FACE ( 'NONE', ( #566 ), #554, .T. ) ;
#10 = VECTOR ( 'NONE', #106, 39.37007874015748143 ) ;
#11 = DIRECTION ( 'NONE',  ( -4.343477489819823070E-16, 0.000000000000000000, -1.000000000000000000 ) ) ;
#12 = CARTESIAN_POINT ( 'NONE',  ( 5.541940595748789278, 1.199999999999999734, 3.991180017136901625 ) ) ;
#13 = CARTESIAN_POINT ( 'NONE',  ( -6.849890282026211530, 20.64474842853496739, 5.399890282026214905 ) ) ;
#14 =( LENGTH_UNIT ( ) NAMED_UNIT ( * ) SI_UNIT ( $, .METRE. ) );
#15 = CARTESIAN_POINT ( 'NONE',  ( 6.849890282026211530, 20.64474842853496739, 5.399890282026216681 ) ) ;
#16 = CARTESIAN_POINT ( 'NONE',  ( -6.849890282026211530, 2.199999999999999289, -5.399890282026214905 ) ) ;
#17 = CARTESIAN_POINT ( 'NONE',  ( -5.564221616621225941, 1.199999999999999734, 3.942000928687053651 ) ) ;
#18 =( BOUNDED_CURVE ( )  B_SPLINE_CURVE ( 3, ( #865, #76, #534, #627 ),
 .UNSPECIFIED., .F., .T. ) 
 B_SPLINE_CURVE_WITH_KNOTS ( ( 4, 4 ),
 ( 5.498396131367750961, 6.283185307179583567 ),
 .UNSPECIFIED. ) 
 CURVE ( )  GEOMETRIC_REPRESENTATION_ITEM ( )  RATIONAL_B_SPLINE_CURVE ( ( 1.000000000000000000, 0.9493306762732180992, 0.9493306762732180992, 1.000000000000000000 ) ) 
 REPRESENTATION_ITEM ( '' )  );
#19 = CARTESIAN_POINT ( 'NONE',  ( -5.578253853846965704, 0.7549999999999997824, 3.853421376416717337 ) ) ;
#20 = ORIENTED_EDGE ( 'NONE', *, *, #117, .F. ) ;
#21 = CARTESIAN_POINT ( 'NONE',  ( 5.797283838852377968, 1.199999999999999512, 4.347283838852378679 ) ) ;
#22 = CARTESIAN_POINT ( 'NONE',  ( 5.303421376416713962, 1.199999999999999734, 4.128253853846967303 ) ) ;
#23 = EDGE_LOOP ( 'NONE', ( #287, #245, #565, #220, #504 ) ) ;
#24 = FILL_AREA_STYLE_COLOUR ( '', #38 ) ;
#25 = ADVANCED_FACE ( 'NONE', ( #404 ), #703, .F. ) ;
#26 = CARTESIAN_POINT ( 'NONE',  ( 5.578253853846963040, 1.199999999999999734, -3.853421376416716004 ) ) ;
#27 = DIRECTION ( 'NONE',  ( 0.000000000000000000, 0.000000000000000000, -1.000000000000000000 ) ) ;
#28 = ORIENTED_EDGE ( 'NONE', *, *, #351, .F. ) ;
#29 = FACE_OUTER_BOUND ( 'NONE', #23, .T. ) ;
#30 = ORIENTED_EDGE ( 'NONE', *, *, #323, .F. ) ;
#31 = CARTESIAN_POINT ( 'NONE',  ( 5.675338041118150656, 0.7769497639300136926, 4.498776116141065984 ) ) ;
#32 = ORIENTED_EDGE ( 'NONE', *, *, #861, .F. ) ;
#33 =( BOUNDED_SURFACE ( )  B_SPLINE_SURFACE ( 3, 2, ( 
 ( #739, #584, #26 ),
 ( #341, #906, #896 ),
 ( #662, #194, #938 ),
 ( #786, #689, #533 ),
 ( #311, #128, #921 ),
 ( #626, #132, #443 ),
 ( #1014, #621, #208 ),
 ( #945, #49, #235 ),
 ( #858, #780, #63 ),
 ( #69, #305, #870 ) ),
 .UNSPECIFIED., .F., .F., .T. ) 
 B_SPLINE_SURFACE_WITH_KNOTS ( ( 4, 2, 2, 2, 4 ),
 ( 3, 3 ),
 ( 5.498396131367750961, 5.694593425320709557, 5.890790719273669040, 6.086988013226628524, 6.283185307179588008 ),
 ( 0.000000000000000000, 1.000000000000000000 ),
 .UNSPECIFIED. ) 
 GEOMETRIC_REPRESENTATION_ITEM ( )  RATIONAL_B_SPLINE_SURFACE ( (
 ( 1.000000000000000000, 0.7193398003386511919, 1.000000000000000000),
 ( 1.000000000000000000, 0.7201321617031349875, 1.000000000000000000),
 ( 1.000000000000000000, 0.7208449313820570747, 1.000000000000000000),
 ( 1.000000000000000000, 0.7220861205457469456, 1.000000000000000000),
 ( 1.000000000000000000, 0.7226144169642144677, 1.000000000000000000),
 ( 1.000000000000000000, 0.7234674561566859508, 1.000000000000000000),
 ( 1.000000000000000000, 0.7237921843508726694, 1.000000000000000000),
 ( 1.000000000000000000, 0.7242264651518913743, 1.000000000000000000),
 ( 1.000000000000000000, 0.7243360104959156720, 1.000000000000000000),
 ( 1.000000000000000000, 0.7243360104959156720, 1.000000000000000000) ) ) 
 REPRESENTATION_ITEM ( '' )  SURFACE ( )  );
#34 = ORIENTED_EDGE ( 'NONE', *, *, #954, .F. ) ;
#35 = CARTESIAN_POINT ( 'NONE',  ( -5.316484927203630306, 0.3713114892984591964, 3.866484927203633237 ) ) ;
#36 = EDGE_CURVE ( 'NONE', #497, #594, #942, .T. ) ;
#37 = AXIS2_PLACEMENT_3D ( 'NONE', #356, #576, #754 ) ;
#38 = COLOUR_RGB ( '',0.7921568627450980005, 0.8196078431372548767, 0.9333333333333333481 ) ;
#39 = ORIENTED_EDGE ( 'NONE', *, *, #480, .T. ) ;
#40 = ORIENTED_EDGE ( 'NONE', *, *, #412, .T. ) ;
#41 = ORIENTED_EDGE ( 'NONE', *, *, #367, .T. ) ;
#42 = FACE_OUTER_BOUND ( 'NONE', #492, .T. ) ;
#43 = ORIENTED_EDGE ( 'NONE', *, *, #722, .F. ) ;
#44 = DIRECTION ( 'NONE',  ( 0.03487826274237468965, -0.9987827659587182882, -0.03487826274237468965 ) ) ;
#45 = CARTESIAN_POINT ( 'NONE',  ( -5.812057078629607076, 0.7769497639300136926, 4.362057078629611340 ) ) ;
#46 = ORIENTED_EDGE ( 'NONE', *, *, #959, .T. ) ;
#47 = CARTESIAN_POINT ( 'NONE',  ( -5.485060295088442395, 1.199999999999999734, -4.060494862770442914 ) ) ;
#48 = ORIENTED_EDGE ( 'NONE', *, *, #509, .T. ) ;
#49 = CARTESIAN_POINT ( 'NONE',  ( 5.858859490864192665, 1.199999999999937339, -4.279527620796150345 ) ) ;
#50 = CARTESIAN_POINT ( 'NONE',  ( 5.425240077531258365, 1.199999999999999734, -4.100458418710260844 ) ) ;
#51 = VERTEX_POINT ( 'NONE', #868 ) ;
#52 = CARTESIAN_POINT ( 'NONE',  ( -5.303421376416713073, 0.7705302760326125933, 4.572982771870465868 ) ) ;
#53 = STYLED_ITEM ( 'NONE', ( #349 ), #639 ) ;
#54 = ORIENTED_EDGE ( 'NONE', *, *, #759, .T. ) ;
#55 = CARTESIAN_POINT ( 'NONE',  ( 6.049890282026211707, 0.000000000000000000, -4.780000000000000249 ) ) ;
#56 = CARTESIAN_POINT ( 'NONE',  ( 5.729527620795606957, 1.199999999999999734, -4.408859490864512232 ) ) ;
#57 = CARTESIAN_POINT ( 'NONE',  ( -5.932154396364099469, 1.199999999999999734, -4.163378515971834837 ) ) ;
#58 = FACE_OUTER_BOUND ( 'NONE', #379, .T. ) ;
#59 =( BOUNDED_SURFACE ( )  B_SPLINE_SURFACE ( 3, 2, ( 
 ( #315, #297, #1013 ),
 ( #524, #446, #304 ),
 ( #762, #869, #291 ),
 ( #212, #375, #864 ),
 ( #145, #620, #924 ),
 ( #937, #612, #465 ),
 ( #852, #228, #470 ),
 ( #633, #693, #532 ),
 ( #931, #460, #221 ),
 ( #539, #68, #704 ) ),
 .UNSPECIFIED., .F., .F., .F. ) 
 B_SPLINE_SURFACE_WITH_KNOTS ( ( 4, 2, 2, 2, 4 ),
 ( 3, 3 ),
 ( 5.498396131367746520, 5.694593425320706004, 5.890790719273665488, 6.086988013226624972, 6.283185307179584456 ),
 ( 0.000000000000000000, 1.000000000000000000 ),
 .UNSPECIFIED. ) 
 GEOMETRIC_REPRESENTATION_ITEM ( )  RATIONAL_B_SPLINE_SURFACE ( (
 ( 1.000000000000000000, 0.7193398003386507478, 1.000000000000000000),
 ( 1.000000000000000000, 0.7201321617030405076, 1.000000000000000000),
 ( 1.000000000000000000, 0.7208449313821834181, 1.000000000000000000),
 ( 1.000000000000000000, 0.7220861205456197141, 1.000000000000000000),
 ( 1.000000000000000000, 0.7226144169642648718, 1.000000000000000000),
 ( 1.000000000000000000, 0.7234674561566348805, 1.000000000000000000),
 ( 1.000000000000000000, 0.7237921843508980935, 1.000000000000000000),
 ( 1.000000000000000000, 0.7242264651518659502, 1.000000000000000000),
 ( 1.000000000000000000, 0.7243361323206632951, 1.000000000000000000),
 ( 1.000000000000000000, 0.7243360104959156720, 1.000000000000000000) ) ) 
 REPRESENTATION_ITEM ( '' )  SURFACE ( )  );
#60 = EDGE_LOOP ( 'NONE', ( #385, #777, #967, #792, #651 ) ) ;
#61 = CARTESIAN_POINT ( 'NONE',  ( -5.529117371347719079, 1.199999999999999512, 4.518181715479971494 ) ) ;
#62 = LINE ( 'NONE', #309, #913 ) ;
#63 = CARTESIAN_POINT ( 'NONE',  ( 5.510494862770675795, 1.199999999999999734, -4.035060295088582549 ) ) ;
#64 = CARTESIAN_POINT ( 'NONE',  ( 5.778760917300607147, 0.7769497639300542158, -4.395353239958605052 ) ) ;
#65 = ORIENTED_EDGE ( 'NONE', *, *, #509, .F. ) ;
#66 = CARTESIAN_POINT ( 'NONE',  ( 6.022982771870460716, 0.7705302760326124822, -3.853421376416716004 ) ) ;
#67 = CARTESIAN_POINT ( 'NONE',  ( -5.392000928687063599, 1.199999999999999734, 4.114221616621223099 ) ) ;
#68 = CARTESIAN_POINT ( 'NONE',  ( 5.797283838852377968, 1.199999999999999512, 4.347283838852378679 ) ) ;
#69 = CARTESIAN_POINT ( 'NONE',  ( 5.812057078629605300, 0.7769497639300136926, -4.362057078629611340 ) ) ;
#70 = CARTESIAN_POINT ( 'NONE',  ( 5.303421376416714850, 0.7549999999999997824, 4.128253853846965526 ) ) ;
#71 = EDGE_CURVE ( 'NONE', #898, #113, #718, .T. ) ;
#72 = CARTESIAN_POINT ( 'NONE',  ( -5.578253853846966592, 1.199999999999999734, 4.780000000000002025 ) ) ;
#73 = DIRECTION ( 'NONE',  ( 1.000000000000000000, 0.000000000000000000, 0.000000000000000000 ) ) ;
#74 = DIRECTION ( 'NONE',  ( 0.03487826274237470353, 0.9987827659587182882, 0.03487826274237469659 ) ) ;
#75 = ORIENTED_EDGE ( 'NONE', *, *, #556, .T. ) ;
#76 = CARTESIAN_POINT ( 'NONE',  ( -5.377315262463223000, 1.199999999999999734, -4.128253853846964638 ) ) ;
#77 = VECTOR ( 'NONE', #601, 39.37007874015748143 ) ;
#78 = CARTESIAN_POINT ( 'NONE',  ( -5.564221616621470190, 1.199999999999999734, -3.942000928687062533 ) ) ;
#79 = ORIENTED_EDGE ( 'NONE', *, *, #272, .T. ) ;
#80 = CARTESIAN_POINT ( 'NONE',  ( 5.812057078629605300, 0.7769497639300136926, -4.362057078629609563 ) ) ;
#81 = ADVANCED_FACE ( 'NONE', ( #961 ), #911, .T. ) ;
#82 = DIRECTION ( 'NONE',  ( 0.7071067811865475727, -0.000000000000000000, 0.7071067811865474617 ) ) ;
#83 =( CONVERSION_BASED_UNIT ( 'INCH', #568 ) LENGTH_UNIT ( ) NAMED_UNIT ( #561 ) );
#84 = CARTESIAN_POINT ( 'NONE',  ( -6.001597241785386672, 1.199999999999999734, 3.945391512509739851 ) ) ;
#85 = ADVANCED_FACE ( 'NONE', ( #414 ), #33, .F. ) ;
#86 = CARTESIAN_POINT ( 'NONE',  ( 6.229999999999999538, 0.7705302760326125933, 4.572982771870464980 ) ) ;
#87 = PRODUCT_DEFINITION_CONTEXT ( 'detailed design', #219, 'design' ) ;
#88 = CARTESIAN_POINT ( 'NONE',  ( 6.022982771870463381, 0.7705302760326127043, 3.853421376416711563 ) ) ;
#89 = FACE_OUTER_BOUND ( 'NONE', #840, .T. ) ;
#90 = APPLICATION_CONTEXT ( 'automotive_design' ) ;
#91 = APPLICATION_PROTOCOL_DEFINITION ( 'draft international standard', 'automotive_design', 1998, #90 ) ;
#92 = EDGE_LOOP ( 'NONE', ( #65, #1011, #915, #261, #43, #424, #512, #909 ) ) ;
#93 = AXIS2_PLACEMENT_3D ( 'NONE', #13, #178, #345 ) ;
#94 = CARTESIAN_POINT ( 'NONE',  ( 5.982180133477776884, 1.200000000000030820, 4.035202798174073457 ) ) ;
#95 = CARTESIAN_POINT ( 'NONE',  ( -5.321417283556598044, 1.199999999999999734, -4.128253853847089871 ) ) ;
#96 = DIRECTION ( 'NONE',  ( 1.000000000000000000, 0.000000000000000000, 4.047264445734900459E-16 ) ) ;
#97 = EDGE_LOOP ( 'NONE', ( #522, #508, #500, #893 ) ) ;
#98 = LINE ( 'NONE', #814, #109 ) ;
#99 = ORIENTED_EDGE ( 'NONE', *, *, #752, .T. ) ;
#100 =( BOUNDED_CURVE ( )  B_SPLINE_CURVE ( 3, ( #302, #207, #843, #125 ),
 .UNSPECIFIED., .F., .T. ) 
 B_SPLINE_CURVE_WITH_KNOTS ( ( 4, 4 ),
 ( -1.776356839400250465E-15, 0.7847891758118391570 ),
 .UNSPECIFIED. ) 
 CURVE ( )  GEOMETRIC_REPRESENTATION_ITEM ( )  RATIONAL_B_SPLINE_CURVE ( ( 1.000000000000000000, 0.9493306762732173221, 0.9493306762732173221, 1.000000000000000000 ) ) 
 REPRESENTATION_ITEM ( '' )  );
#101 = ORIENTED_EDGE ( 'NONE', *, *, #165, .F. ) ;
#102 = CARTESIAN_POINT ( 'NONE',  ( 6.007985358636113382, 1.199999999999999734, 3.853421376416711563 ) ) ;
#103 = CARTESIAN_POINT ( 'NONE',  ( 5.497777578929567532, 1.199999999999999734, 4.047777578929567355 ) ) ;
#104 = ORIENTED_EDGE ( 'NONE', *, *, #999, .F. ) ;
#105 = EDGE_CURVE ( 'NONE', #51, #899, #709, .T. ) ;
#106 = DIRECTION ( 'NONE',  ( -1.141640448309238383E-16, 3.986696293786254213E-18, -1.000000000000000000 ) ) ;
#107 =( BOUNDED_CURVE ( )  B_SPLINE_CURVE ( 3, ( #1008, #278, #758, #45 ),
 .UNSPECIFIED., .F., .T. ) 
 B_SPLINE_CURVE_WITH_KNOTS ( ( 4, 4 ),
 ( 5.498396131367750961, 6.283185307179586232 ),
 .UNSPECIFIED. ) 
 CURVE ( )  GEOMETRIC_REPRESENTATION_ITEM ( )  RATIONAL_B_SPLINE_CURVE ( ( 1.000000000000000000, 0.9493306762732180992, 0.9493306762732180992, 1.000000000000000000 ) ) 
 REPRESENTATION_ITEM ( '' )  );
#108 = CARTESIAN_POINT ( 'NONE',  ( -5.303421376416715738, 0.7705302760326130374, -4.572982771870463203 ) ) ;
#109 = VECTOR ( 'NONE', #506, 39.37007874015748143 ) ;
#110 = VECTOR ( 'NONE', #940, 39.37007874015748143 ) ;
#111 = VECTOR ( 'NONE', #699, 39.37007874015748143 ) ;
#112 = CARTESIAN_POINT ( 'NONE',  ( 5.303421376416714850, 0.7705302760326124822, 4.572982771870463203 ) ) ;
#113 = VERTEX_POINT ( 'NONE', #467 ) ;
#114 = EDGE_CURVE ( 'NONE', #271, #898, #107, .T. ) ;
#115 = CARTESIAN_POINT ( 'NONE',  ( -5.829612508828048156, 1.200000000000249312, -4.314955168877209424 ) ) ;
#116 = CARTESIAN_POINT ( 'NONE',  ( 5.496743544691945260, 0.7746957239494097758, 4.572837311223930890 ) ) ;
#117 = EDGE_CURVE ( 'NONE', #750, #364, #255, .T. ) ;
#118 = CARTESIAN_POINT ( 'NONE',  ( -5.330328886572462288, 0.000000000000000000, 4.599890282026213306 ) ) ;
#119 = EDGE_LOOP ( 'NONE', ( #645, #590, #181, #282 ) ) ;
#120 =( BOUNDED_CURVE ( )  B_SPLINE_CURVE ( 3, ( #398, #717, #926, #214 ),
 .UNSPECIFIED., .F., .T. ) 
 B_SPLINE_CURVE_WITH_KNOTS ( ( 4, 4 ),
 ( 5.498396131367748296, 6.283185307179586232 ),
 .UNSPECIFIED. ) 
 CURVE ( )  GEOMETRIC_REPRESENTATION_ITEM ( )  RATIONAL_B_SPLINE_CURVE ( ( 1.000000000000000000, 0.9493306762732176551, 0.9493306762732176551, 1.000000000000000000 ) ) 
 REPRESENTATION_ITEM ( '' )  );
#121 = EDGE_LOOP ( 'NONE', ( #678, #970, #54, #99 ) ) ;
#122 = DIRECTION ( 'NONE',  ( 0.000000000000000000, -0.000000000000000000, 1.000000000000000000 ) ) ;
#123 = AXIS2_PLACEMENT_3D ( 'NONE', #201, #283, #277 ) ;
#124 = ORIENTED_EDGE ( 'NONE', *, *, #276, .T. ) ;
#125 = CARTESIAN_POINT ( 'NONE',  ( 5.578253853846965704, 1.199999999999999734, 3.853421376416713340 ) ) ;
#126 = VECTOR ( 'NONE', #688, 39.37007874015748854 ) ;
#127 = ORIENTED_EDGE ( 'NONE', *, *, #959, .F. ) ;
#128 = CARTESIAN_POINT ( 'NONE',  ( 5.968181715479978777, 1.200000000000030820, -4.079117371347441789 ) ) ;
#129 = ORIENTED_EDGE ( 'NONE', *, *, #215, .F. ) ;
#130 = CARTESIAN_POINT ( 'NONE',  ( -5.441180017137152269, 1.199999999999999734, 4.091940595749041343 ) ) ;
#131 = LINE ( 'NONE', #55, #111 ) ;
#132 = CARTESIAN_POINT ( 'NONE',  ( 5.932154396364330395, 1.199999999999968647, -4.163378515971867699 ) ) ;
#133 = CARTESIAN_POINT ( 'NONE',  ( 5.374702538469541935, 1.199999999999999734, -4.119466652442175025 ) ) ;
#134 = DIRECTION ( 'NONE',  ( 0.000000000000000000, -0.000000000000000000, 1.000000000000000000 ) ) ;
#135 = VERTEX_POINT ( 'NONE', #980 ) ;
#136 = CARTESIAN_POINT ( 'NONE',  ( -5.395391512509630338, 1.199999999999874944, 4.551597241785107606 ) ) ;
#137 = CARTESIAN_POINT ( 'NONE',  ( -5.549996655756860520, 1.199999999999999734, 3.995558502102276588 ) ) ;
#138 = CARTESIAN_POINT ( 'NONE',  ( -5.549996655756860520, 1.199999999999999734, -3.995558502102273479 ) ) ;
#139 = DIRECTION ( 'NONE',  ( 0.000000000000000000, 0.000000000000000000, 1.000000000000000000 ) ) ;
#140 = CARTESIAN_POINT ( 'NONE',  ( -5.950024183491108509, 0.7758304305968353187, -4.172179799314299053 ) ) ;
#141 = CARTESIAN_POINT ( 'NONE',  ( -6.022982771870463381, 0.7705302760326125933, 3.853421376416717337 ) ) ;
#142 = ORIENTED_EDGE ( 'NONE', *, *, #367, .F. ) ;
#143 = PLANE ( 'NONE',  #990 ) ;
#144 = VECTOR ( 'NONE', #555, 39.37007874015748143 ) ;
#145 = CARTESIAN_POINT ( 'NONE',  ( 5.535192002707572279, 0.7747325581802465555, 4.536097076571445896 ) ) ;
#146 = VECTOR ( 'NONE', #160, 39.37007874015748143 ) ;
#147 = CARTESIAN_POINT ( 'NONE',  ( 6.039574152971965759, 0.2954152844966346225, 3.870012757518214830 ) ) ;
#148 = EDGE_LOOP ( 'NONE', ( #782, #836, #979, #790 ) ) ;
#149 = CARTESIAN_POINT ( 'NONE',  ( -5.535192002707351122, 0.7747325581802458894, 4.536097076571540931 ) ) ;
#150 = LINE ( 'NONE', #370, #126 ) ;
#151 = EDGE_CURVE ( 'NONE', #850, #343, #827, .T. ) ;
#152 = CARTESIAN_POINT ( 'NONE',  ( -6.049890282026211707, 0.000000000000000000, 3.880328886572464331 ) ) ;
#153 = DIRECTION ( 'NONE',  ( 0.000000000000000000, -1.000000000000000000, 0.000000000000000000 ) ) ;
#154 = PRODUCT_CONTEXT ( 'NONE', #90, 'mechanical' ) ;
#155 = CARTESIAN_POINT ( 'NONE',  ( 6.036046322657376173, 0.3964391269242598659, -3.866484927203631905 ) ) ;
#156 = CARTESIAN_POINT ( 'NONE',  ( 5.303421376416705968, 0.7705302760326127043, -4.572982771870464980 ) ) ;
#157 = ADVANCED_FACE ( 'NONE', ( #925 ), #585, .F. ) ;
#158 = CARTESIAN_POINT ( 'NONE',  ( -5.910125688250707832, 1.199999999999937783, -4.203751059955848746 ) ) ;
#159 = CARTESIAN_POINT ( 'NONE',  ( 6.049890282026208155, 0.000000000000000000, -4.301944448902347062 ) ) ;
#160 = DIRECTION ( 'NONE',  ( 0.000000000000000000, -1.000000000000000000, 0.000000000000000000 ) ) ;
#161 = DIRECTION ( 'NONE',  ( -1.000000000000000000, 0.000000000000000000, -1.595265256047970604E-16 ) ) ;
#162 = CLOSED_SHELL ( 'NONE', ( #630, #992, #588, #746, #409, #841, #9, #81, #1028, #615, #832, #472, #85, #200, #918, #213, #583, #665, #986, #417, #284, #593, #25, #157, #186, #847, #714 ) ) ;
#163 = VECTOR ( 'NONE', #652, 39.37007874015748143 ) ;
#164 = VERTEX_POINT ( 'NONE', #968 ) ;
#165 = EDGE_CURVE ( 'NONE', #206, #135, #326, .T. ) ;
#166 = CARTESIAN_POINT ( 'NONE',  ( -5.968181715479979665, 1.199999999999968425, 4.079117371347696697 ) ) ;
#167 = CARTESIAN_POINT ( 'NONE',  ( -5.350502502463092114, 0.7715447172638151274, -4.572947346802064494 ) ) ;
#168 = DIRECTION ( 'NONE',  ( 0.7071067811865474617, -0.000000000000000000, -0.7071067811865475727 ) ) ;
#169 = DIRECTION ( 'NONE',  ( 0.000000000000000000, -1.000000000000000000, 0.000000000000000000 ) ) ;
#170 = CARTESIAN_POINT ( 'NONE',  ( -6.007985358636115159, 1.199999999999999734, -3.853421376416711563 ) ) ;
#171 = VERTEX_POINT ( 'NONE', #671 ) ;
#172 = CARTESIAN_POINT ( 'NONE',  ( -5.829612508827902495, 1.200000000000186473, 4.314955168876609903 ) ) ;
#173 = DIRECTION ( 'NONE',  ( 1.595265256047970604E-16, 0.000000000000000000, -1.000000000000000000 ) ) ;
#174 = LINE ( 'NONE', #957, #144 ) ;
#175 = CYLINDRICAL_SURFACE ( 'NONE', #667, 0.4450000000000002842 ) ;
#176 = VERTEX_POINT ( 'NONE', #571 ) ;
#177 = CARTESIAN_POINT ( 'NONE',  ( 6.050109651136562405, -0.006281909406450188194, -4.780000000000000249 ) ) ;
#178 = DIRECTION ( 'NONE',  ( -1.000000000000000000, 0.000000000000000000, -0.000000000000000000 ) ) ;
#179 = CARTESIAN_POINT ( 'NONE',  ( -6.229999999999999538, 0.7549999999999997824, 4.128253853846968191 ) ) ;
#180 = DIRECTION ( 'NONE',  ( -1.000000000000000000, 4.588220293169734060E-18, 1.313894384330215170E-16 ) ) ;
#181 = ORIENTED_EDGE ( 'NONE', *, *, #779, .F. ) ;
#182 =( GEOMETRIC_REPRESENTATION_CONTEXT ( 3 ) GLOBAL_UNCERTAINTY_ASSIGNED_CONTEXT ( ( #310 ) ) GLOBAL_UNIT_ASSIGNED_CONTEXT ( ( #83, #562, #727 ) ) REPRESENTATION_CONTEXT ( 'NONE', 'WORKASPACE' ) );
#183 = EDGE_LOOP ( 'NONE', ( #296, #919, #756, #676 ) ) ;
#184 = CARTESIAN_POINT ( 'NONE',  ( 5.812057078629608853, 0.7769497639300136926, 4.362057078629608675 ) ) ;
#185 = DIRECTION ( 'NONE',  ( 1.000000000000000000, 0.000000000000000000, -1.315496626162566497E-16 ) ) ;
#186 = ADVANCED_FACE ( 'NONE', ( #431 ), #907, .F. ) ;
#187 = CARTESIAN_POINT ( 'NONE',  ( 5.330328886572456959, 0.000000000000000000, -4.599890282026212418 ) ) ;
#188 = ORIENTED_EDGE ( 'NONE', *, *, #903, .T. ) ;
#189 = CARTESIAN_POINT ( 'NONE',  ( 5.910125688250710496, 1.199999999999999956, 4.203751059955719960 ) ) ;
#190 = DIRECTION ( 'NONE',  ( 4.047264445734900459E-16, 0.000000000000000000, -1.000000000000000000 ) ) ;
#191 = CARTESIAN_POINT ( 'NONE',  ( 5.812057078629609741, 0.7769497639300136926, 4.362057078629608675 ) ) ;
#192 = DIRECTION ( 'NONE',  ( -1.143032633332327858E-16, 0.000000000000000000, -1.000000000000000000 ) ) ;
#193 = ORIENTED_EDGE ( 'NONE', *, *, #817, .F. ) ;
#194 = CARTESIAN_POINT ( 'NONE',  ( 6.001597241785133541, 1.199999999999999734, -3.945391512509864640 ) ) ;
#195 = DIRECTION ( 'NONE',  ( 1.000000000000000000, 0.000000000000000000, 0.000000000000000000 ) ) ;
#196 = ORIENTED_EDGE ( 'NONE', *, *, #551, .T. ) ;
#197 = CARTESIAN_POINT ( 'NONE',  ( 5.316484927203624977, 0.3964391269242596993, -4.586046322657380436 ) ) ;
#198 = EDGE_CURVE ( 'NONE', #176, #831, #822, .T. ) ;
#199 = ORIENTED_EDGE ( 'NONE', *, *, #825, .F. ) ;
#200 = ADVANCED_FACE ( 'NONE', ( #358 ), #981, .F. ) ;
#201 = CARTESIAN_POINT ( 'NONE',  ( 5.303421376416710409, 0.7549999999999997824, -4.128253853846967303 ) ) ;
#202 = CARTESIAN_POINT ( 'NONE',  ( -5.858859490864633202, 1.200000000000062572, -4.279527620795863463 ) ) ;
#203 = ORIENTED_EDGE ( 'NONE', *, *, #36, .T. ) ;
#204 = FACE_OUTER_BOUND ( 'NONE', #757, .T. ) ;
#205 =( BOUNDED_SURFACE ( )  B_SPLINE_SURFACE ( 3, 2, ( 
 ( #881, #721, #3 ),
 ( #167, #258, #95 ),
 ( #324, #340, #330 ),
 ( #649, #339, #253 ),
 ( #883, #484, #692 ),
 ( #386, #776, #998 ),
 ( #544, #289, #761 ),
 ( #867, #604, #380 ),
 ( #917, #445, #47 ),
 ( #1004, #373, #295 ) ),
 .UNSPECIFIED., .F., .F., .T. ) 
 B_SPLINE_SURFACE_WITH_KNOTS ( ( 4, 2, 2, 2, 4 ),
 ( 3, 3 ),
 ( 5.498396131367750961, 5.694593425320709557, 5.890790719273667264, 6.086988013226625860, 6.283185307179584456 ),
 ( 0.000000000000000000, 1.000000000000000000 ),
 .UNSPECIFIED. ) 
 GEOMETRIC_REPRESENTATION_ITEM ( )  RATIONAL_B_SPLINE_SURFACE ( (
 ( 1.000000000000000000, 0.7193398003386510808, 1.000000000000000000),
 ( 1.000000000000000000, 0.7201321617031543054, 1.000000000000000000),
 ( 1.000000000000000000, 0.7208449313820315396, 1.000000000000000000),
 ( 1.000000000000000000, 0.7220861205457722587, 1.000000000000000000),
 ( 1.000000000000000000, 0.7226144169642396697, 1.000000000000000000),
 ( 1.000000000000000000, 0.7234674561566605266, 1.000000000000000000),
 ( 1.000000000000000000, 0.7237921843509231845, 1.000000000000000000),
 ( 1.000000000000000000, 0.7242264651518404150, 1.000000000000000000),
 ( 1.000000000000000000, 0.7243361323206823910, 1.000000000000000000),
 ( 1.000000000000000000, 0.7243360104959156720, 1.000000000000000000) ) ) 
 REPRESENTATION_ITEM ( '' )  SURFACE ( )  );
#206 = VERTEX_POINT ( 'NONE', #191 ) ;
#207 = CARTESIAN_POINT ( 'NONE',  ( 5.549996655756861408, 1.199999999999999734, 3.995558502102273923 ) ) ;
#208 = CARTESIAN_POINT ( 'NONE',  ( 5.541940595749011322, 1.199999999999999734, -3.991180017136938485 ) ) ;
#209 = VECTOR ( 'NONE', #1027, 39.37007874015748143 ) ;
#210 = ORIENTED_EDGE ( 'NONE', *, *, #742, .T. ) ;
#211 = CARTESIAN_POINT ( 'NONE',  ( -5.497777578929567532, 1.199999999999999734, 4.047777578929570019 ) ) ;
#212 = CARTESIAN_POINT ( 'NONE',  ( 5.489925399071103662, 0.7740531025087903361, 4.549853261108505187 ) ) ;
#213 = ADVANCED_FACE ( 'NONE', ( #679 ), #419, .F. ) ;
#214 = CARTESIAN_POINT ( 'NONE',  ( 5.812057078629605300, 0.7769497639300136926, -4.362057078629609563 ) ) ;
#215 = EDGE_CURVE ( 'NONE', #374, #421, #98, .T. ) ;
#216 = CARTESIAN_POINT ( 'NONE',  ( -6.039574152971966647, 0.2954152844966346780, -3.870012757518214386 ) ) ;
#217 = VERTEX_POINT ( 'NONE', #279 ) ;
#218 = CARTESIAN_POINT ( 'NONE',  ( -5.471090566330039984, 1.199999999999999734, 4.071958499684168231 ) ) ;
#219 = APPLICATION_CONTEXT ( 'automotive_design' ) ;
#220 = ORIENTED_EDGE ( 'NONE', *, *, #198, .F. ) ;
#221 = CARTESIAN_POINT ( 'NONE',  ( 5.485060295088767468, 1.199999999999999734, 4.060494862770865687 ) ) ;
#222 = CARTESIAN_POINT ( 'NONE',  ( -5.377315262463221224, 1.199999999999999734, 4.128253853846968191 ) ) ;
#223 = CARTESIAN_POINT ( 'NONE',  ( 5.529117371348461596, 1.200000000000093214, -4.518181715479722804 ) ) ;
#224 = DIRECTION ( 'NONE',  ( 0.000000000000000000, 0.000000000000000000, -1.000000000000000000 ) ) ;
#225 = ORIENTED_EDGE ( 'NONE', *, *, #795, .F. ) ;
#226 = CARTESIAN_POINT ( 'NONE',  ( 5.377315262463217671, 1.199999999999999734, -4.128253853846967303 ) ) ;
#227 = ORIENTED_EDGE ( 'NONE', *, *, #820, .T. ) ;
#228 = CARTESIAN_POINT ( 'NONE',  ( 5.653751059955434144, 1.200000000000124523, 4.460125688250899501 ) ) ;
#229 = CARTESIAN_POINT ( 'NONE',  ( -5.497777578929567532, 1.199999999999999734, 4.047777578929570019 ) ) ;
#230 = CARTESIAN_POINT ( 'NONE',  ( 5.764955168877130554, 1.199999999999999956, -4.379612508827874784 ) ) ;
#231 = CARTESIAN_POINT ( 'NONE',  ( -6.007985358636113382, 1.199999999999999734, 3.853421376416716448 ) ) ;
#232 = AXIS2_PLACEMENT_3D ( 'NONE', #510, #429, #897 ) ;
#233 = CARTESIAN_POINT ( 'NONE',  ( -5.489925399070981982, 0.7740531025088240868, 4.549853261108530944 ) ) ;
#234 = VERTEX_POINT ( 'NONE', #740 ) ;
#235 = CARTESIAN_POINT ( 'NONE',  ( 5.521958499684184396, 1.199999999999999734, -4.021090566330257410 ) ) ;
#236 = CARTESIAN_POINT ( 'NONE',  ( 5.350502502462974874, 0.7715447172637990292, -4.572947346802068047 ) ) ;
#237 =( BOUNDED_CURVE ( )  B_SPLINE_CURVE ( 3, ( #778, #381, #137, #857 ),
 .UNSPECIFIED., .F., .T. ) 
 B_SPLINE_CURVE_WITH_KNOTS ( ( 4, 4 ),
 ( 5.498396131367750961, 6.283185307179586232 ),
 .UNSPECIFIED. ) 
 CURVE ( )  GEOMETRIC_REPRESENTATION_ITEM ( )  RATIONAL_B_SPLINE_CURVE ( ( 1.000000000000000000, 0.9493306762732180992, 0.9493306762732180992, 1.000000000000000000 ) ) 
 REPRESENTATION_ITEM ( '' )  );
#238 = CARTESIAN_POINT ( 'NONE',  ( -6.022947346802066448, 0.7715447172637962536, 3.900502502462908971 ) ) ;
#239 = CARTESIAN_POINT ( 'NONE',  ( -5.497777578929568421, 1.199999999999999734, -4.047777578929567355 ) ) ;
#240 = EDGE_CURVE ( 'NONE', #268, #610, #427, .T. ) ;
#241 = EDGE_LOOP ( 'NONE', ( #985, #478, #760, #862 ) ) ;
#242 = CARTESIAN_POINT ( 'NONE',  ( 5.397579244508222018, 0.7724591566659536612, -4.568278623427461049 ) ) ;
#243 = CARTESIAN_POINT ( 'NONE',  ( 5.948776116141062609, 0.7769497639300136926, -4.225338041118152255 ) ) ;
#244 = ORIENTED_EDGE ( 'NONE', *, *, #825, .T. ) ;
#245 = ORIENTED_EDGE ( 'NONE', *, *, #105, .T. ) ;
#246 = CARTESIAN_POINT ( 'NONE',  ( -5.927708363793585455, 0.7762488202900778012, 4.213898848881890480 ) ) ;
#247 = AXIS2_PLACEMENT_3D ( 'NONE', #19, #342, #195 ) ;
#248 = PLANE ( 'NONE',  #477 ) ;
#249 = VECTOR ( 'NONE', #734, 39.37007874015748143 ) ;
#250 = CIRCLE ( 'NONE', #811, 0.4450000000000002842 ) ;
#251 = EDGE_LOOP ( 'NONE', ( #813, #48, #768, #683, #802 ) ) ;
#252 = CARTESIAN_POINT ( 'NONE',  ( 5.550458418710010555, 1.199999999999999734, 3.975240077531512650 ) ) ;
#253 = CARTESIAN_POINT ( 'NONE',  ( -5.374702538469600555, 1.199999999999999734, -4.119466652442286936 ) ) ;
#254 = DIRECTION ( 'NONE',  ( 0.000000000000000000, -1.000000000000000000, 0.000000000000000000 ) ) ;
#255 =( BOUNDED_CURVE ( )  B_SPLINE_CURVE ( 3, ( #229, #613, #222, #298 ),
 .UNSPECIFIED., .F., .T. ) 
 B_SPLINE_CURVE_WITH_KNOTS ( ( 4, 4 ),
 ( 2.669760539262800136E-15, 0.7847891758118350491 ),
 .UNSPECIFIED. ) 
 CURVE ( )  GEOMETRIC_REPRESENTATION_ITEM ( )  RATIONAL_B_SPLINE_CURVE ( ( 1.000000000000000000, 0.9493306762732185433, 0.9493306762732185433, 1.000000000000000000 ) ) 
 REPRESENTATION_ITEM ( '' )  );
#256 = FACE_OUTER_BOUND ( 'NONE', #619, .T. ) ;
#257 = CARTESIAN_POINT ( 'NONE',  ( -5.845353239958928526, 0.7769497639301200520, 4.328760917300283673 ) ) ;
#258 = CARTESIAN_POINT ( 'NONE',  ( -5.349471474845993946, 1.199999999999999734, -4.557005597504694805 ) ) ;
#259 = CARTESIAN_POINT ( 'NONE',  ( -5.812057078629609741, 0.7769497639300136926, -4.362057078629607787 ) ) ;
#260 = LINE ( 'NONE', #876, #332 ) ;
#261 = ORIENTED_EDGE ( 'NONE', *, *, #401, .T. ) ;
#262 = CARTESIAN_POINT ( 'NONE',  ( 5.497777578929567532, 1.199999999999999734, 4.047777578929567355 ) ) ;
#263 = EDGE_CURVE ( 'NONE', #113, #816, #694, .T. ) ;
#264 = CARTESIAN_POINT ( 'NONE',  ( -5.812057078629607076, 0.7769497639300136926, 4.362057078629611340 ) ) ;
#265 = CARTESIAN_POINT ( 'NONE',  ( 5.812057078629609741, 0.7769497639300136926, 4.362057078629608675 ) ) ;
#266 = VERTEX_POINT ( 'NONE', #663 ) ;
#267 = AXIS2_PLACEMENT_3D ( 'NONE', #622, #306, #139 ) ;
#268 = VERTEX_POINT ( 'NONE', #823 ) ;
#269 = CARTESIAN_POINT ( 'NONE',  ( -6.018278623427439022, 0.7724591566659803066, 3.947579244508325758 ) ) ;
#270 = CARTESIAN_POINT ( 'NONE',  ( -5.496743544691946148, 0.7746957239494096648, -4.572837311223929113 ) ) ;
#271 = VERTEX_POINT ( 'NONE', #347 ) ;
#272 = EDGE_CURVE ( 'NONE', #364, #271, #491, .T. ) ;
#273 = CARTESIAN_POINT ( 'NONE',  ( -5.578253853846966592, 1.199999999999999734, -3.853421376416712896 ) ) ;
#274 = VERTEX_POINT ( 'NONE', #901 ) ;
#275 = DIRECTION ( 'NONE',  ( -0.03489949670250104552, -0.9993908270190957621, 0.000000000000000000 ) ) ;
#276 = EDGE_CURVE ( 'NONE', #113, #164, #503, .T. ) ;
#277 = DIRECTION ( 'NONE',  ( -2.455593702170122681E-15, 0.000000000000000000, -1.000000000000000000 ) ) ;
#278 = CARTESIAN_POINT ( 'NONE',  ( -5.496743544691943484, 0.7746957239494097758, 4.572837311223933554 ) ) ;
#279 = CARTESIAN_POINT ( 'NONE',  ( 6.049890282026211707, 0.000000000000000000, 3.880328886572461222 ) ) ;
#280 = ORIENTED_EDGE ( 'NONE', *, *, #4, .T. ) ;
#281 = VECTOR ( 'NONE', #854, 39.37007874015748143 ) ;
#282 = ORIENTED_EDGE ( 'NONE', *, *, #240, .T. ) ;
#283 = DIRECTION ( 'NONE',  ( 1.000000000000000000, -0.000000000000000000, -3.474781991855858456E-15 ) ) ;
#284 = ADVANCED_FACE ( 'NONE', ( #422 ), #747, .F. ) ;
#285 = EDGE_LOOP ( 'NONE', ( #142, #203, #6, #598 ) ) ;
#286 = CARTESIAN_POINT ( 'NONE',  ( 5.303421376416708632, 0.7705302760326129263, -4.572982771870464980 ) ) ;
#287 = ORIENTED_EDGE ( 'NONE', *, *, #581, .T. ) ;
#288 = ORIENTED_EDGE ( 'NONE', *, *, #999, .T. ) ;
#289 = CARTESIAN_POINT ( 'NONE',  ( -5.653751059955683722, 1.199999999999999734, -4.460125688250900389 ) ) ;
#290 = EDGE_CURVE ( 'NONE', #171, #303, #350, .T. ) ;
#291 = CARTESIAN_POINT ( 'NONE',  ( 5.339410178047302225, 1.199999999999999734, 4.126482857495604506 ) ) ;
#292 = CARTESIAN_POINT ( 'NONE',  ( 5.497777578929563980, 1.199999999999999734, -4.047777578929569131 ) ) ;
#293 = VECTOR ( 'NONE', #463, 39.37007874015748143 ) ;
#294 = ORIENTED_EDGE ( 'NONE', *, *, #951, .F. ) ;
#295 = CARTESIAN_POINT ( 'NONE',  ( -5.497777578929568421, 1.199999999999999734, -4.047777578929567355 ) ) ;
#296 = ORIENTED_EDGE ( 'NONE', *, *, #382, .F. ) ;
#297 = CARTESIAN_POINT ( 'NONE',  ( 5.303421376416712185, 1.200000000000000178, 4.557985358636113205 ) ) ;
#298 = CARTESIAN_POINT ( 'NONE',  ( -5.303421376416714850, 1.199999999999999734, 4.128253853846968191 ) ) ;
#299 = CARTESIAN_POINT ( 'NONE',  ( -5.497777578929567532, 1.199999999999999734, 4.047777578929570019 ) ) ;
#300 = CARTESIAN_POINT ( 'NONE',  ( 6.022837311223929291, 0.7746957239494096648, -4.046743544691945083 ) ) ;
#301 = VERTEX_POINT ( 'NONE', #325 ) ;
#302 = CARTESIAN_POINT ( 'NONE',  ( 5.497777578929567532, 1.199999999999999734, 4.047777578929567355 ) ) ;
#303 = VERTEX_POINT ( 'NONE', #791 ) ;
#304 = CARTESIAN_POINT ( 'NONE',  ( 5.321417283556588274, 1.199999999999999734, 4.128253853846715948 ) ) ;
#305 = CARTESIAN_POINT ( 'NONE',  ( 5.797283838852374416, 1.199999999999999512, -4.347283838852381344 ) ) ;
#306 = DIRECTION ( 'NONE',  ( 1.000000000000000000, -0.000000000000000000, -4.384988753875222684E-17 ) ) ;
#307 = EDGE_CURVE ( 'NONE', #899, #831, #572, .T. ) ;
#308 = CARTESIAN_POINT ( 'NONE',  ( 5.812057078629605300, 0.7769497639300136926, -4.362057078629609563 ) ) ;
#309 = CARTESIAN_POINT ( 'NONE',  ( 6.229999999999999538, 0.000000000000000000, 4.599890282026212418 ) ) ;
#310 = UNCERTAINTY_MEASURE_WITH_UNIT (LENGTH_MEASURE( 1.000000000000000082E-05 ), #83, 'distance_accuracy_value', 'NONE');
#311 = CARTESIAN_POINT ( 'NONE',  ( 5.986097076571484266, 0.7747325581803108374, -4.085192002707468184 ) ) ;
#312 = CARTESIAN_POINT ( 'NONE',  ( 5.812057078629609741, 0.7769497639300136926, 4.362057078629608675 ) ) ;
#313 = CARTESIAN_POINT ( 'NONE',  ( -5.578253853846965704, 1.199999999999999734, 3.853421376416717337 ) ) ;
#314 = CIRCLE ( 'NONE', #833, 0.4450000000000000067 ) ;
#315 = CARTESIAN_POINT ( 'NONE',  ( 5.303421376416712185, 0.7705302760326127043, 4.572982771870463203 ) ) ;
#316 =( BOUNDED_SURFACE ( )  B_SPLINE_SURFACE ( 3, 2, ( 
 ( #624, #923, #211 ),
 ( #523, #767, #611 ),
 ( #517, #929, #218 ),
 ( #1018, #537, #130 ),
 ( #599, #941, #530 ),
 ( #149, #61, #67 ),
 ( #233, #856, #440 ),
 ( #464, #136, #702 ),
 ( #784, #369, #684 ),
 ( #52, #1012, #994 ) ),
 .UNSPECIFIED., .F., .F., .T. ) 
 B_SPLINE_SURFACE_WITH_KNOTS ( ( 4, 2, 2, 2, 4 ),
 ( 3, 3 ),
 ( 1.303836542430671682E-15, 0.1961972939529607329, 0.3923945879059201891, 0.5885918818588795620, 0.7847891758118390459 ),
 ( 0.000000000000000000, 1.000000000000000000 ),
 .UNSPECIFIED. ) 
 GEOMETRIC_REPRESENTATION_ITEM ( )  RATIONAL_B_SPLINE_SURFACE ( (
 ( 1.000000000000000000, 0.7243360104959156720, 1.000000000000000000),
 ( 1.000000000000000000, 0.7243361323206439772, 1.000000000000000000),
 ( 1.000000000000000000, 0.7242264651518917074, 1.000000000000000000),
 ( 1.000000000000000000, 0.7237921843508721143, 1.000000000000000000),
 ( 1.000000000000000000, 0.7234674561567109308, 1.000000000000000000),
 ( 1.000000000000000000, 0.7226144169641893766, 1.000000000000000000),
 ( 1.000000000000000000, 0.7220861205456690080, 1.000000000000000000),
 ( 1.000000000000000000, 0.7208449313821350124, 1.000000000000000000),
 ( 1.000000000000000000, 0.7201321617030757016, 1.000000000000000000),
 ( 1.000000000000000000, 0.7193398003386514139, 1.000000000000000000) ) ) 
 REPRESENTATION_ITEM ( '' )  SURFACE ( )  );
#317 = CARTESIAN_POINT ( 'NONE',  ( -5.541940595748790166, 1.199999999999999734, -3.991180017136900737 ) ) ;
#318 = CARTESIAN_POINT ( 'NONE',  ( -6.849890282026211530, 2.199999999999999289, 5.399890282026214905 ) ) ;
#319 = ORIENTED_EDGE ( 'NONE', *, *, #849, .F. ) ;
#320 = CARTESIAN_POINT ( 'NONE',  ( 6.849890282026211530, 0.000000000000000000, 5.399890282026216681 ) ) ;
#321 = DIRECTION ( 'NONE',  ( 0.03487826274237470353, -0.9987827659587182882, 0.03487826274237468965 ) ) ;
#322 = CARTESIAN_POINT ( 'NONE',  ( -5.968181715480218585, 1.199999999999999734, -4.079117371347473764 ) ) ;
#323 = EDGE_CURVE ( 'NONE', #364, #268, #953, .T. ) ;
#324 = CARTESIAN_POINT ( 'NONE',  ( -5.397579244508084351, 0.7724591566659511077, -4.568278623427487695 ) ) ;
#325 = CARTESIAN_POINT ( 'NONE',  ( -6.849890282026211530, 0.000000000000000000, -5.399890282026214905 ) ) ;
#326 =( BOUNDED_CURVE ( )  B_SPLINE_CURVE ( 3, ( #265, #31, #116, #112 ),
 .UNSPECIFIED., .F., .T. ) 
 B_SPLINE_CURVE_WITH_KNOTS ( ( 4, 4 ),
 ( -1.776356839400250465E-15, 0.7847891758118343830 ),
 .UNSPECIFIED. ) 
 CURVE ( )  GEOMETRIC_REPRESENTATION_ITEM ( )  RATIONAL_B_SPLINE_CURVE ( ( 1.000000000000000000, 0.9493306762732178772, 0.9493306762732178772, 1.000000000000000000 ) ) 
 REPRESENTATION_ITEM ( '' )  );
#327 =( LENGTH_UNIT ( ) NAMED_UNIT ( * ) SI_UNIT ( $, .METRE. ) );
#328 = FACE_OUTER_BOUND ( 'NONE', #368, .T. ) ;
#329 = DIRECTION ( 'NONE',  ( -1.595265256047971097E-16, 0.000000000000000000, 1.000000000000000000 ) ) ;
#330 = CARTESIAN_POINT ( 'NONE',  ( -5.339410178047302225, 1.199999999999999734, -4.126482857495604506 ) ) ;
#331 = CARTESIAN_POINT ( 'NONE',  ( 6.849890282026211530, 0.000000000000000000, 5.399890282026216681 ) ) ;
#332 = VECTOR ( 'NONE', #254, 39.37007874015748143 ) ;
#333 = EDGE_LOOP ( 'NONE', ( #715, #280, #411, #294 ) ) ;
#334 =( GEOMETRIC_REPRESENTATION_CONTEXT ( 3 ) GLOBAL_UNCERTAINTY_ASSIGNED_CONTEXT ( ( #641 ) ) GLOBAL_UNIT_ASSIGNED_CONTEXT ( ( #657, #570, #402 ) ) REPRESENTATION_CONTEXT ( 'NONE', 'WORKASPACE' ) );
#335 = EDGE_CURVE ( 'NONE', #135, #271, #397, .T. ) ;
#336 = CARTESIAN_POINT ( 'NONE',  ( 6.049890282026212596, -3.414809992080329023E-17, 4.301944448902344398 ) ) ;
#337 = CARTESIAN_POINT ( 'NONE',  ( -5.576482857495729917, 1.199999999999999734, 3.889410178047428168 ) ) ;
#338 = DIRECTION ( 'NONE',  ( 1.000000000000000000, 0.000000000000000000, 1.595265256047971097E-16 ) ) ;
#339 = CARTESIAN_POINT ( 'NONE',  ( -5.485202798174455552, 1.199999999999999512, -4.532180133477749173 ) ) ;
#340 = CARTESIAN_POINT ( 'NONE',  ( -5.395391512509486454, 1.199999999999999734, -4.551597241785136028 ) ) ;
#341 = CARTESIAN_POINT ( 'NONE',  ( 6.022947346802062896, 0.7715447172637963646, -3.900502502462907639 ) ) ;
#342 = DIRECTION ( 'NONE',  ( -1.143032633332327612E-16, 0.000000000000000000, -1.000000000000000000 ) ) ;
#343 = VERTEX_POINT ( 'NONE', #716 ) ;
#344 = CARTESIAN_POINT ( 'NONE',  ( 5.845353239958784641, 0.7769497639301289338, 4.328760917300424893 ) ) ;
#345 = DIRECTION ( 'NONE',  ( -0.000000000000000000, 0.000000000000000000, 1.000000000000000000 ) ) ;
#346 = EDGE_CURVE ( 'NONE', #301, #687, #174, .T. ) ;
#347 = CARTESIAN_POINT ( 'NONE',  ( -5.303421376416713962, 0.7705302760326125933, 4.572982771870466756 ) ) ;
#348 = CIRCLE ( 'NONE', #428, 0.4450000000000002842 ) ;
#349 = PRESENTATION_STYLE_ASSIGNMENT (( #406 ) ) ;
#350 = LINE ( 'NONE', #975, #808 ) ;
#351 = EDGE_CURVE ( 'NONE', #271, #916, #494, .T. ) ;
#352 = DIRECTION ( 'NONE',  ( 0.000000000000000000, 1.000000000000000000, 0.000000000000000000 ) ) ;
#353 = CYLINDRICAL_SURFACE ( 'NONE', #438, 0.7200000000000003064 ) ;
#354 = ORIENTED_EDGE ( 'NONE', *, *, #820, .F. ) ;
#355 =( BOUNDED_SURFACE ( )  B_SPLINE_SURFACE ( 3, 2, ( 
 ( #859, #1024, #770 ),
 ( #64, #230, #705 ),
 ( #547, #56, #793 ),
 ( #447, #932, #763 ),
 ( #468, #614, #50 ),
 ( #1031, #223, #781 ),
 ( #949, #376, #133 ),
 ( #242, #383, #695 ),
 ( #236, #787, #1009 ),
 ( #156, #700, #634 ) ),
 .UNSPECIFIED., .F., .F., .T. ) 
 B_SPLINE_SURFACE_WITH_KNOTS ( ( 4, 2, 2, 2, 4 ),
 ( 3, 3 ),
 ( 1.365923996832132595E-15, 0.1961972939529618432, 0.3923945879059222985, 0.5885918818588827817, 0.7847891758118432648 ),
 ( 0.000000000000000000, 1.000000000000000000 ),
 .UNSPECIFIED. ) 
 GEOMETRIC_REPRESENTATION_ITEM ( )  RATIONAL_B_SPLINE_SURFACE ( (
 ( 1.000000000000000000, 0.7243360104959156720, 1.000000000000000000),
 ( 1.000000000000000000, 0.7243361323206818358, 1.000000000000000000),
 ( 1.000000000000000000, 0.7242264651518410812, 1.000000000000000000),
 ( 1.000000000000000000, 0.7237921843509229625, 1.000000000000000000),
 ( 1.000000000000000000, 0.7234674561567616680, 1.000000000000000000),
 ( 1.000000000000000000, 0.7226144169641387505, 1.000000000000000000),
 ( 1.000000000000000000, 0.7220861205458212195, 1.000000000000000000),
 ( 1.000000000000000000, 0.7208449313819828008, 1.000000000000000000),
 ( 1.000000000000000000, 0.7201321617031897215, 1.000000000000000000),
 ( 1.000000000000000000, 0.7193398003386511919, 1.000000000000000000) ) ) 
 REPRESENTATION_ITEM ( '' )  SURFACE ( )  );
#356 = CARTESIAN_POINT ( 'NONE',  ( 5.578253853846968369, 0.7549999999999997824, 4.780000000000001137 ) ) ;
#357 = ORIENTED_EDGE ( 'NONE', *, *, #346, .F. ) ;
#358 = FACE_OUTER_BOUND ( 'NONE', #728, .T. ) ;
#359 = ORIENTED_EDGE ( 'NONE', *, *, #151, .F. ) ;
#360 = AXIS2_PLACEMENT_3D ( 'NONE', #35, #751, #973 ) ;
#361 = VECTOR ( 'NONE', #884, 39.37007874015748143 ) ;
#362 = EDGE_CURVE ( 'NONE', #687, #396, #798, .T. ) ;
#363 =( BOUNDED_SURFACE ( )  B_SPLINE_SURFACE ( 3, 2, ( 
 ( #141, #231, #313 ),
 ( #238, #799, #807 ),
 ( #269, #84, #337 ),
 ( #720, #413, #971 ),
 ( #7, #166, #17 ),
 ( #579, #724, #952 ),
 ( #246, #407, #660 ),
 ( #557, #489, #502 ),
 ( #257, #172, #418 ),
 ( #638, #960, #743 ) ),
 .UNSPECIFIED., .F., .F., .T. ) 
 B_SPLINE_SURFACE_WITH_KNOTS ( ( 4, 2, 2, 2, 4 ),
 ( 3, 3 ),
 ( 5.498396131367750961, 5.694593425320709557, 5.890790719273669040, 6.086988013226628524, 6.283185307179587120 ),
 ( 0.000000000000000000, 1.000000000000000000 ),
 .UNSPECIFIED. ) 
 GEOMETRIC_REPRESENTATION_ITEM ( )  RATIONAL_B_SPLINE_SURFACE ( (
 ( 1.000000000000000000, 0.7193398003386510808, 1.000000000000000000),
 ( 1.000000000000000000, 0.7201321617031352096, 1.000000000000000000),
 ( 1.000000000000000000, 0.7208449313820570747, 1.000000000000000000),
 ( 1.000000000000000000, 0.7220861205457469456, 1.000000000000000000),
 ( 1.000000000000000000, 0.7226144169642652049, 1.000000000000000000),
 ( 1.000000000000000000, 0.7234674561566352136, 1.000000000000000000),
 ( 1.000000000000000000, 0.7237921843509738107, 1.000000000000000000),
 ( 1.000000000000000000, 0.7242264651517895668, 1.000000000000000000),
 ( 1.000000000000000000, 0.7243361323207203606, 1.000000000000000000),
 ( 1.000000000000000000, 0.7243360104959160051, 1.000000000000000000) ) ) 
 REPRESENTATION_ITEM ( '' )  SURFACE ( )  );
#364 = VERTEX_POINT ( 'NONE', #726 ) ;
#365 = FACE_OUTER_BOUND ( 'NONE', #241, .T. ) ;
#366 = CARTESIAN_POINT ( 'NONE',  ( -5.320012757518218116, 0.2702876468708339530, -3.870012757518215274 ) ) ;
#367 = EDGE_CURVE ( 'NONE', #497, #687, #260, .T. ) ;
#368 = EDGE_LOOP ( 'NONE', ( #669, #210, #288, #244 ) ) ;
#369 = CARTESIAN_POINT ( 'NONE',  ( -5.349471474845885588, 1.200000000000373435, 4.557005597504694805 ) ) ;
#370 = CARTESIAN_POINT ( 'NONE',  ( 5.320012757518216340, 0.2954152844966346780, 4.589574152971964693 ) ) ;
#371 = CARTESIAN_POINT ( 'NONE',  ( -6.049890282026213484, 0.000000000000000000, -3.880328886572460334 ) ) ;
#372 = FACE_OUTER_BOUND ( 'NONE', #333, .T. ) ;
#373 = CARTESIAN_POINT ( 'NONE',  ( -5.797283838852379745, 1.199999999999999512, -4.347283838852378679 ) ) ;
#374 = VERTEX_POINT ( 'NONE', #8 ) ;
#375 = CARTESIAN_POINT ( 'NONE',  ( 5.485202798174465322, 1.200000000000124967, 4.532180133477871742 ) ) ;
#376 = CARTESIAN_POINT ( 'NONE',  ( 5.485202798174309891, 1.199999999999875389, -4.532180133477657691 ) ) ;
#377 = AXIS2_PLACEMENT_3D ( 'NONE', #389, #623, #609 ) ;
#378 = LINE ( 'NONE', #773, #748 ) ;
#379 = EDGE_LOOP ( 'NONE', ( #444, #855, #319, #989 ) ) ;
#380 = CARTESIAN_POINT ( 'NONE',  ( -5.471090566330254923, 1.199999999999999734, -4.071958499684313004 ) ) ;
#381 = CARTESIAN_POINT ( 'NONE',  ( -5.578253853846965704, 1.199999999999999734, 3.927315262463223267 ) ) ;
#382 = EDGE_CURVE ( 'NONE', #578, #719, #314, .T. ) ;
#383 = CARTESIAN_POINT ( 'NONE',  ( 5.395391512509617904, 1.200000000000124745, -4.551597241785233727 ) ) ;
#384 = CARTESIAN_POINT ( 'NONE',  ( 5.330328886572456959, 0.000000000000000000, -4.599890282026212418 ) ) ;
#385 = ORIENTED_EDGE ( 'NONE', *, *, #351, .T. ) ;
#386 = CARTESIAN_POINT ( 'NONE',  ( -5.622179799314291238, 0.7758304305968304337, -4.500024183491110108 ) ) ;
#387 = LINE ( 'NONE', #943, #696 ) ;
#388 = CARTESIAN_POINT ( 'NONE',  ( -6.007005597504790018, 1.199999999999999734, -3.899471474845694452 ) ) ;
#389 = CARTESIAN_POINT ( 'NONE',  ( -5.497777578929567532, 0.7549999999999997824, 4.047777578929570019 ) ) ;
#390 = CARTESIAN_POINT ( 'NONE',  ( -5.497777578929568421, 0.7549999999999997824, -4.047777578929566467 ) ) ;
#391 = DIRECTION ( 'NONE',  ( -1.365092925371944492E-15, -0.000000000000000000, -1.000000000000000000 ) ) ;
#392 = CARTESIAN_POINT ( 'NONE',  ( 5.948776116141066161, 0.7769497639300136926, 4.225338041118149590 ) ) ;
#393 = CARTESIAN_POINT ( 'NONE',  ( -6.229999999999999538, 0.7549999999999997824, -4.128253853846965526 ) ) ;
#394 = AXIS2_PLACEMENT_3D ( 'NONE', #179, #185, #493 ) ;
#395 = CIRCLE ( 'NONE', #267, 0.4450000000000002842 ) ;
#396 = VERTEX_POINT ( 'NONE', #331 ) ;
#397 = LINE ( 'NONE', #86, #988 ) ;
#398 = CARTESIAN_POINT ( 'NONE',  ( 5.303421376416708632, 0.7705302760326129263, -4.572982771870464980 ) ) ;
#399 = CARTESIAN_POINT ( 'NONE',  ( -6.001597241785107784, 1.200000000000062350, -3.945391512509876186 ) ) ;
#400 = CARTESIAN_POINT ( 'NONE',  ( 5.968181715480217697, 1.199999999999937339, 4.079117371347597221 ) ) ;
#401 = EDGE_CURVE ( 'NONE', #51, #536, #892, .T. ) ;
#402 =( NAMED_UNIT ( * ) SI_UNIT ( $, .STERADIAN. ) SOLID_ANGLE_UNIT ( ) );
#403 = DIRECTION ( 'NONE',  ( 0.7071067811865469066, 0.000000000000000000, -0.7071067811865482389 ) ) ;
#404 = FACE_OUTER_BOUND ( 'NONE', #686, .T. ) ;
#405 = DIRECTION ( 'NONE',  ( -4.047264445734900459E-16, -0.000000000000000000, 1.000000000000000000 ) ) ;
#406 = SURFACE_STYLE_USAGE ( .BOTH. , #573 ) ;
#407 = CARTESIAN_POINT ( 'NONE',  ( -5.910125688251144815, 1.199999999999937783, 4.203751059955693314 ) ) ;
#408 = DIRECTION ( 'NONE',  ( -0.03487826274237468965, 0.9987827659587182882, 0.03487826274237469659 ) ) ;
#409 = ADVANCED_FACE ( 'NONE', ( #723, #640 ), #248, .T. ) ;
#410 = LINE ( 'NONE', #16, #209 ) ;
#411 = ORIENTED_EDGE ( 'NONE', *, *, #151, .T. ) ;
#412 = EDGE_CURVE ( 'NONE', #435, #497, #410, .T. ) ;
#413 = CARTESIAN_POINT ( 'NONE',  ( -5.982180133477499773, 1.199999999999999734, 4.035202798174209349 ) ) ;
#414 = FACE_OUTER_BOUND ( 'NONE', #183, .T. ) ;
#415 = DIMENSIONAL_EXPONENTS ( 1.000000000000000000, 0.000000000000000000, 0.000000000000000000, 0.000000000000000000, 0.000000000000000000, 0.000000000000000000, 0.000000000000000000 ) ;
#416 = ORIENTED_EDGE ( 'NONE', *, *, #805, .T. ) ;
#417 = ADVANCED_FACE ( 'NONE', ( #58 ), #713, .F. ) ;
#418 = CARTESIAN_POINT ( 'NONE',  ( -5.510494862770679347, 1.199999999999999734, 4.035060295088582549 ) ) ;
#419 = CYLINDRICAL_SURFACE ( 'NONE', #394, 0.4449999999999997846 ) ;
#420 = CARTESIAN_POINT ( 'NONE',  ( -5.948776116141067050, 0.7769497639300136926, -4.225338041118148702 ) ) ;
#421 = VERTEX_POINT ( 'NONE', #535 ) ;
#422 = FACE_OUTER_BOUND ( 'NONE', #251, .T. ) ;
#423 = AXIS2_PLACEMENT_3D ( 'NONE', #15, #96, #190 ) ;
#424 = ORIENTED_EDGE ( 'NONE', *, *, #878, .T. ) ;
#425 = VECTOR ( 'NONE', #224, 39.37007874015748143 ) ;
#426 = EDGE_LOOP ( 'NONE', ( #416, #885, #993, #735 ) ) ;
#427 =( BOUNDED_CURVE ( )  B_SPLINE_CURVE ( 3, ( #22, #499, #675, #103 ),
 .UNSPECIFIED., .F., .F. ) 
 B_SPLINE_CURVE_WITH_KNOTS ( ( 4, 4 ),
 ( 5.498396131367746520, 6.283185307179584456 ),
 .UNSPECIFIED. ) 
 CURVE ( )  GEOMETRIC_REPRESENTATION_ITEM ( )  RATIONAL_B_SPLINE_CURVE ( ( 1.000000000000000000, 0.9493306762732174331, 0.9493306762732174331, 1.000000000000000000 ) ) 
 REPRESENTATION_ITEM ( '' )  );
#428 = AXIS2_PLACEMENT_3D ( 'NONE', #902, #192, #914 ) ;
#429 = DIRECTION ( 'NONE',  ( 1.314695261161437456E-16, 0.03489949670250104552, 0.9993908270190957621 ) ) ;
#430 = CARTESIAN_POINT ( 'NONE',  ( -5.510494862770545232, 1.199999999999999734, -4.035060295088589655 ) ) ;
#431 = FACE_OUTER_BOUND ( 'NONE', #60, .T. ) ;
#432 = EDGE_CURVE ( 'NONE', #594, #396, #378, .T. ) ;
#433 = CARTESIAN_POINT ( 'NONE',  ( -5.751944448902343687, 0.000000000000000000, 4.599890282026214194 ) ) ;
#434 = DIRECTION ( 'NONE',  ( 0.9993908270190957621, 0.03489949670250104552, -1.142336328735810030E-16 ) ) ;
#435 = VERTEX_POINT ( 'NONE', #635 ) ;
#436 = EDGE_LOOP ( 'NONE', ( #481, #473, #28, #755 ) ) ;
#437 = EDGE_CURVE ( 'NONE', #421, #719, #540, .T. ) ;
#438 = AXIS2_PLACEMENT_3D ( 'NONE', #366, #995, #978 ) ;
#439 = VERTEX_POINT ( 'NONE', #873 ) ;
#440 = CARTESIAN_POINT ( 'NONE',  ( -5.374702538469544599, 1.199999999999999734, 4.119466652442175914 ) ) ;
#441 = ORIENTED_EDGE ( 'NONE', *, *, #437, .F. ) ;
#442 = DIRECTION ( 'NONE',  ( 0.000000000000000000, -0.000000000000000000, 1.000000000000000000 ) ) ;
#443 = CARTESIAN_POINT ( 'NONE',  ( 5.550458418710251252, 1.199999999999999734, -3.975240077531527305 ) ) ;
#444 = ORIENTED_EDGE ( 'NONE', *, *, #307, .F. ) ;
#445 = CARTESIAN_POINT ( 'NONE',  ( -5.764955168876516822, 1.200000000000062350, -4.379612508827618989 ) ) ;
#446 = CARTESIAN_POINT ( 'NONE',  ( 5.349471474845974406, 1.199999999999626032, 4.557005597504191208 ) ) ;
#447 = CARTESIAN_POINT ( 'NONE',  ( 5.663898848882391590, 0.7762488202900753587, -4.477708363793246882 ) ) ;
#448 = CARTESIAN_POINT ( 'NONE',  ( -5.497777578929568421, 1.199999999999999734, -4.047777578929566467 ) ) ;
#449 = DIRECTION ( 'NONE',  ( -4.382317537204792751E-17, 0.03489949670250104552, -0.9993908270190957621 ) ) ;
#450 = ORIENTED_EDGE ( 'NONE', *, *, #215, .T. ) ;
#451 = FACE_OUTER_BOUND ( 'NONE', #982, .T. ) ;
#452 = DIRECTION ( 'NONE',  ( 0.03487826274237468965, 0.9987827659587182882, -0.03487826274237470353 ) ) ;
#453 = CARTESIAN_POINT ( 'NONE',  ( -5.578253853846965704, 1.199999999999999734, -3.927315262463219714 ) ) ;
#454 = DIRECTION ( 'NONE',  ( 1.000000000000000000, 0.000000000000000000, -4.963974274079797795E-16 ) ) ;
#455 = CARTESIAN_POINT ( 'NONE',  ( -5.999853261108602176, 0.7740531025087957762, -4.039925399070622092 ) ) ;
#456 = CIRCLE ( 'NONE', #712, 0.4449999999999996181 ) ;
#457 = PRODUCT_DEFINITION_FORMATION_WITH_SPECIFIED_SOURCE ( 'ANY', '', #511, .NOT_KNOWN. ) ;
#458 = VERTEX_POINT ( 'NONE', #691 ) ;
#459 = CARTESIAN_POINT ( 'NONE',  ( -6.849890282026211530, 20.64474842853496739, 5.399890282026214905 ) ) ;
#460 = CARTESIAN_POINT ( 'NONE',  ( 5.764955168877044400, 1.200000000000062128, 4.379612508828338413 ) ) ;
#461 = CARTESIAN_POINT ( 'NONE',  ( 6.022982771870465157, 0.7705302760326125933, 3.853421376416713340 ) ) ;
#462 = CARTESIAN_POINT ( 'NONE',  ( -5.986097076571555320, 0.7747325581803029548, -4.085192002707304759 ) ) ;
#463 = DIRECTION ( 'NONE',  ( 1.000000000000000000, 1.529406764389911546E-18, -4.379647947767384311E-17 ) ) ;
#464 = CARTESIAN_POINT ( 'NONE',  ( -5.397579244508226459, 0.7724591566659536612, 4.568278623427462826 ) ) ;
#465 = CARTESIAN_POINT ( 'NONE',  ( 5.425240077531524818, 1.199999999999999734, 4.100458418710254627 ) ) ;
#466 =( BOUNDED_SURFACE ( )  B_SPLINE_SURFACE ( 3, 2, ( 
 ( #184, #21, #262 ),
 ( #344, #880, #900 ),
 ( #894, #479, #646 ),
 ( #956, #189, #12 ),
 ( #575, #826, #252 ),
 ( #563, #400, #882 ),
 ( #482, #94, #738 ),
 ( #803, #655, #498 ),
 ( #966, #2, #821 ),
 ( #88, #102, #729 ) ),
 .UNSPECIFIED., .F., .F., .F. ) 
 B_SPLINE_SURFACE_WITH_KNOTS ( ( 4, 2, 2, 2, 4 ),
 ( 3, 3 ),
 ( -1.776356839400250465E-15, 0.1961972939529583737, 0.3923945879059185238, 0.5885918818588786738, 0.7847891758118388239 ),
 ( 0.000000000000000000, 1.000000000000000000 ),
 .UNSPECIFIED. ) 
 GEOMETRIC_REPRESENTATION_ITEM ( )  RATIONAL_B_SPLINE_SURFACE ( (
 ( 1.000000000000000000, 0.7243360104959156720, 1.000000000000000000),
 ( 1.000000000000000000, 0.7243361323206627400, 1.000000000000000000),
 ( 1.000000000000000000, 0.7242264651518665053, 1.000000000000000000),
 ( 1.000000000000000000, 0.7237921843508975384, 1.000000000000000000),
 ( 1.000000000000000000, 0.7234674561566856177, 1.000000000000000000),
 ( 1.000000000000000000, 0.7226144169642148007, 1.000000000000000000),
 ( 1.000000000000000000, 0.7220861205456692300, 1.000000000000000000),
 ( 1.000000000000000000, 0.7208449313821352344, 1.000000000000000000),
 ( 1.000000000000000000, 0.7201321617030760347, 1.000000000000000000),
 ( 1.000000000000000000, 0.7193398003386511919, 1.000000000000000000) ) ) 
 REPRESENTATION_ITEM ( '' )  SURFACE ( )  );
#467 = CARTESIAN_POINT ( 'NONE',  ( -6.022982771870464269, 0.7705302760326130374, 3.853421376416717781 ) ) ;
#468 = CARTESIAN_POINT ( 'NONE',  ( 5.622179799313522075, 0.7758304305968327652, -4.500024183491429852 ) ) ;
#469 = LINE ( 'NONE', #318, #281 ) ;
#470 = CARTESIAN_POINT ( 'NONE',  ( 5.441180017136936442, 1.199999999999999734, 4.091940595749014697 ) ) ;
#471 = LINE ( 'NONE', #147, #845 ) ;
#472 = ADVANCED_FACE ( 'NONE', ( #706 ), #1002, .F. ) ;
#473 = ORIENTED_EDGE ( 'NONE', *, *, #878, .F. ) ;
#474 = EDGE_CURVE ( 'NONE', #594, #171, #469, .T. ) ;
#475 = CARTESIAN_POINT ( 'NONE',  ( 6.049890282026208155, 0.000000000000000000, -3.880328886572463887 ) ) ;
#476 = APPLICATION_PROTOCOL_DEFINITION ( 'draft international standard', 'automotive_design', 1998, #219 ) ;
#477 = AXIS2_PLACEMENT_3D ( 'NONE', #486, #815, #804 ) ;
#478 = ORIENTED_EDGE ( 'NONE', *, *, #401, .F. ) ;
#479 = CARTESIAN_POINT ( 'NONE',  ( 5.858859490864635866, 1.199999999999999734, 4.279527620795986032 ) ) ;
#480 = EDGE_CURVE ( 'NONE', #343, #816, #1022, .T. ) ;
#481 = ORIENTED_EDGE ( 'NONE', *, *, #890, .F. ) ;
#482 = CARTESIAN_POINT ( 'NONE',  ( 5.999853261108579083, 0.7740531025087639128, 4.039925399070742884 ) ) ;
#483 = CARTESIAN_POINT ( 'NONE',  ( 5.497777578929567532, 1.199999999999999734, 4.047777578929567355 ) ) ;
#484 = CARTESIAN_POINT ( 'NONE',  ( -5.529117371347695098, 1.199999999999999734, -4.518181715479980376 ) ) ;
#485 = EDGE_CURVE ( 'NONE', #831, #997, #948, .T. ) ;
#486 = CARTESIAN_POINT ( 'NONE',  ( 0.000000000000000000, 0.000000000000000000, 0.000000000000000000 ) ) ;
#487 = CARTESIAN_POINT ( 'NONE',  ( 6.049890282026211707, 0.000000000000000000, 3.880328886572461222 ) ) ;
#488 = ORIENTED_EDGE ( 'NONE', *, *, #272, .F. ) ;
#489 = CARTESIAN_POINT ( 'NONE',  ( -5.858859490864192665, 1.200000000000062572, 4.279527620796031329 ) ) ;
#490 = DIRECTION ( 'NONE',  ( 0.000000000000000000, 0.000000000000000000, 1.000000000000000000 ) ) ;
#491 = CIRCLE ( 'NONE', #1025, 0.4449999999999997846 ) ;
#492 = EDGE_LOOP ( 'NONE', ( #617, #775, #851, #664 ) ) ;
#493 = DIRECTION ( 'NONE',  ( 0.000000000000000000, 0.000000000000000000, -1.000000000000000000 ) ) ;
#494 = LINE ( 'NONE', #1030, #163 ) ;
#495 = VECTOR ( 'NONE', #927, 39.37007874015748143 ) ;
#496 = CARTESIAN_POINT ( 'NONE',  ( -6.022982771870466046, 0.7705302760326127043, -3.853421376416712896 ) ) ;
#497 = VERTEX_POINT ( 'NONE', #552 ) ;
#498 = CARTESIAN_POINT ( 'NONE',  ( 5.576482857495719259, 1.199999999999999734, 3.889410178047480127 ) ) ;
#499 = CARTESIAN_POINT ( 'NONE',  ( 5.377315262463219447, 1.199999999999999734, 4.128253853846965526 ) ) ;
#500 = ORIENTED_EDGE ( 'NONE', *, *, #677, .T. ) ;
#501 = ORIENTED_EDGE ( 'NONE', *, *, #362, .T. ) ;
#502 = CARTESIAN_POINT ( 'NONE',  ( -5.521958499684187949, 1.199999999999999734, 4.021090566330258298 ) ) ;
#503 = LINE ( 'NONE', #828, #10 ) ;
#504 = ORIENTED_EDGE ( 'NONE', *, *, #632, .F. ) ;
#505 = PLANE ( 'NONE',  #650 ) ;
#506 = DIRECTION ( 'NONE',  ( -0.000000000000000000, 0.000000000000000000, -1.000000000000000000 ) ) ;
#507 = ORIENTED_EDGE ( 'NONE', *, *, #752, .F. ) ;
#508 = ORIENTED_EDGE ( 'NONE', *, *, #485, .T. ) ;
#509 = EDGE_CURVE ( 'NONE', #674, #274, #643, .T. ) ;
#510 = CARTESIAN_POINT ( 'NONE',  ( 6.229999999999999538, -0.006281909406450188194, 4.600109651136563116 ) ) ;
#511 = PRODUCT ( '1402-931 Top PID 7-24-2025', '1402-931 Top PID 7-24-2025', '', ( #154 ) ) ;
#512 = ORIENTED_EDGE ( 'NONE', *, *, #661, .F. ) ;
#513 = ORIENTED_EDGE ( 'NONE', *, *, #661, .T. ) ;
#514 = EDGE_CURVE ( 'NONE', #578, #829, #654, .T. ) ;
#515 = FACE_OUTER_BOUND ( 'NONE', #148, .T. ) ;
#516 = ORIENTED_EDGE ( 'NONE', *, *, #903, .F. ) ;
#517 = CARTESIAN_POINT ( 'NONE',  ( -5.742190560719990344, 0.7768084938519035365, 4.425372058956430266 ) ) ;
#518 =( BOUNDED_CURVE ( )  B_SPLINE_CURVE ( 3, ( #618, #936, #226, #863 ),
 .UNSPECIFIED., .F., .T. ) 
 B_SPLINE_CURVE_WITH_KNOTS ( ( 4, 4 ),
 ( 1.365923996832132595E-15, 0.7847891758118432648 ),
 .UNSPECIFIED. ) 
 CURVE ( )  GEOMETRIC_REPRESENTATION_ITEM ( )  RATIONAL_B_SPLINE_CURVE ( ( 1.000000000000000000, 0.9493306762732172110, 0.9493306762732172110, 1.000000000000000000 ) ) 
 REPRESENTATION_ITEM ( '' )  );
#519 = CARTESIAN_POINT ( 'NONE',  ( -6.049890282026212596, 0.000000000000000000, -4.301944448902342621 ) ) ;
#520 = AXIS2_PLACEMENT_3D ( 'NONE', #70, #454, #946 ) ;
#521 = AXIS2_PLACEMENT_3D ( 'NONE', #596, #920, #442 ) ;
#522 = ORIENTED_EDGE ( 'NONE', *, *, #759, .F. ) ;
#523 = CARTESIAN_POINT ( 'NONE',  ( -5.778760917300572508, 0.7769497639300765313, 4.395353239958643243 ) ) ;
#524 = CARTESIAN_POINT ( 'NONE',  ( 5.350502502463063692, 0.7715447172638020268, 4.572947346802066271 ) ) ;
#525 = CARTESIAN_POINT ( 'NONE',  ( -5.497777578929568421, 1.199999999999999734, -4.047777578929567355 ) ) ;
#526 = LINE ( 'NONE', #853, #77 ) ;
#527 = EDGE_CURVE ( 'NONE', #171, #435, #548, .T. ) ;
#528 = CARTESIAN_POINT ( 'NONE',  ( -6.049890282026211707, 0.000000000000000000, 3.880328886572464331 ) ) ;
#529 = ORIENTED_EDGE ( 'NONE', *, *, #774, .T. ) ;
#530 = CARTESIAN_POINT ( 'NONE',  ( -5.425240077531512384, 1.199999999999999734, 4.100458418710262620 ) ) ;
#531 =( BOUNDED_SURFACE ( )  B_SPLINE_SURFACE ( 3, 2, ( 
 ( #682, #690, #448 ),
 ( #910, #115, #430 ),
 ( #592, #202, #597 ),
 ( #711, #158, #317 ),
 ( #140, #57, #764 ),
 ( #462, #322, #78 ),
 ( #455, #1, #772 ),
 ( #637, #399, #1016 ),
 ( #872, #388, #788 ),
 ( #582, #170, #969 ) ),
 .UNSPECIFIED., .F., .F., .T. ) 
 B_SPLINE_SURFACE_WITH_KNOTS ( ( 4, 2, 2, 2, 4 ),
 ( 3, 3 ),
 ( -1.776356839400250465E-15, 0.1961972939529583737, 0.3923945879059185238, 0.5885918818588786738, 0.7847891758118388239 ),
 ( 0.000000000000000000, 1.000000000000000000 ),
 .UNSPECIFIED. ) 
 GEOMETRIC_REPRESENTATION_ITEM ( )  RATIONAL_B_SPLINE_SURFACE ( (
 ( 1.000000000000000000, 0.7243360104959154500, 1.000000000000000000),
 ( 1.000000000000000000, 0.7243361323207203606, 1.000000000000000000),
 ( 1.000000000000000000, 0.7242264651517901219, 1.000000000000000000),
 ( 1.000000000000000000, 0.7237921843509732556, 1.000000000000000000),
 ( 1.000000000000000000, 0.7234674561566601936, 1.000000000000000000),
 ( 1.000000000000000000, 0.7226144169642400028, 1.000000000000000000),
 ( 1.000000000000000000, 0.7220861205457449472, 1.000000000000000000),
 ( 1.000000000000000000, 0.7208449313820588511, 1.000000000000000000),
 ( 1.000000000000000000, 0.7201321617031334332, 1.000000000000000000),
 ( 1.000000000000000000, 0.7193398003386509698, 1.000000000000000000) ) ) 
 REPRESENTATION_ITEM ( '' )  SURFACE ( )  );
#532 = CARTESIAN_POINT ( 'NONE',  ( 5.471090566330254923, 1.199999999999999734, 4.071958499684188659 ) ) ;
#533 = CARTESIAN_POINT ( 'NONE',  ( 5.569466652442159216, 1.199999999999999734, -3.924702538469476476 ) ) ;
#534 = CARTESIAN_POINT ( 'NONE',  ( -5.445558502102275433, 1.199999999999999734, -4.099996655756859454 ) ) ;
#535 = CARTESIAN_POINT ( 'NONE',  ( 5.578253853846965704, 1.199999999999999734, -3.853421376416716004 ) ) ;
#536 = VERTEX_POINT ( 'NONE', #528 ) ;
#537 = CARTESIAN_POINT ( 'NONE',  ( -5.653751059956094949, 1.200000000000093214, 4.460125688250963449 ) ) ;
#538 = ORIENTED_EDGE ( 'NONE', *, *, #263, .T. ) ;
#539 = CARTESIAN_POINT ( 'NONE',  ( 5.812057078629608853, 0.7769497639300136926, 4.362057078629608675 ) ) ;
#540 =( BOUNDED_CURVE ( )  B_SPLINE_CURVE ( 3, ( #616, #783, #1017, #292 ),
 .UNSPECIFIED., .F., .T. ) 
 B_SPLINE_CURVE_WITH_KNOTS ( ( 4, 4 ),
 ( 5.498396131367750961, 6.283185307179586232 ),
 .UNSPECIFIED. ) 
 CURVE ( )  GEOMETRIC_REPRESENTATION_ITEM ( )  RATIONAL_B_SPLINE_CURVE ( ( 1.000000000000000000, 0.9493306762732180992, 0.9493306762732180992, 1.000000000000000000 ) ) 
 REPRESENTATION_ITEM ( '' )  );
#541 = DIRECTION ( 'NONE',  ( -0.7071067811865474617, -0.000000000000000000, 0.7071067811865476838 ) ) ;
#542 = AXIS2_PLACEMENT_3D ( 'NONE', #390, #168, #549 ) ;
#543 = DIRECTION ( 'NONE',  ( 0.000000000000000000, 0.9993908270190957621, 0.03489949670250104552 ) ) ;
#544 = CARTESIAN_POINT ( 'NONE',  ( -5.663898848882086057, 0.7762488202900530432, -4.477708363793452939 ) ) ;
#545 = DIRECTION ( 'NONE',  ( -4.047264445734900459E-16, 0.000000000000000000, 1.000000000000000000 ) ) ;
#546 = LINE ( 'NONE', #1020, #560 ) ;
#547 = CARTESIAN_POINT ( 'NONE',  ( 5.742190560719928172, 0.7768084938518987625, -4.425372058956469346 ) ) ;
#548 = LINE ( 'NONE', #934, #425 ) ;
#549 = DIRECTION ( 'NONE',  ( -0.7071067811865475727, 0.000000000000000000, -0.7071067811865475727 ) ) ;
#550 = FACE_OUTER_BOUND ( 'NONE', #119, .T. ) ;
#551 = EDGE_CURVE ( 'NONE', #898, #750, #731, .T. ) ;
#552 = CARTESIAN_POINT ( 'NONE',  ( 6.849890282026215971, 2.199999999999999289, -5.399890282026212240 ) ) ;
#553 = CARTESIAN_POINT ( 'NONE',  ( 0.000000000000000000, 0.000000000000000000, 0.000000000000000000 ) ) ;
#554 = PLANE ( 'NONE',  #844 ) ;
#555 = DIRECTION ( 'NONE',  ( 1.000000000000000000, 0.000000000000000000, 1.595265256047970604E-16 ) ) ;
#556 = EDGE_CURVE ( 'NONE', #396, #303, #796, .T. ) ;
#557 = CARTESIAN_POINT ( 'NONE',  ( -5.875372058956122245, 0.7768084938518963201, 4.292190560720451131 ) ) ;
#558 = AXIS2_PLACEMENT_3D ( 'NONE', #860, #449, #543 ) ;
#559 = VECTOR ( 'NONE', #888, 39.37007874015748143 ) ;
#560 = VECTOR ( 'NONE', #625, 39.37007874015748143 ) ;
#561 = DIMENSIONAL_EXPONENTS ( 1.000000000000000000, 0.000000000000000000, 0.000000000000000000, 0.000000000000000000, 0.000000000000000000, 0.000000000000000000, 0.000000000000000000 ) ;
#562 =( NAMED_UNIT ( * ) PLANE_ANGLE_UNIT ( ) SI_UNIT ( $, .RADIAN. ) );
#563 = CARTESIAN_POINT ( 'NONE',  ( 5.986097076571557096, 0.7747325581802407823, 4.085192002707306536 ) ) ;
#564 = CARTESIAN_POINT ( 'NONE',  ( 6.849890282026211530, 2.199999999999999289, 5.399890282026216681 ) ) ;
#565 = ORIENTED_EDGE ( 'NONE', *, *, #307, .T. ) ;
#566 = FACE_OUTER_BOUND ( 'NONE', #603, .T. ) ;
#567 = CARTESIAN_POINT ( 'NONE',  ( -6.049890282026212596, 0.000000000000000000, 4.780000000000002025 ) ) ;
#568 = LENGTH_MEASURE_WITH_UNIT ( LENGTH_MEASURE( 0.02539999999999999897 ), #327 );
#569 = FACE_OUTER_BOUND ( 'NONE', #963, .T. ) ;
#570 =( NAMED_UNIT ( * ) PLANE_ANGLE_UNIT ( ) SI_UNIT ( $, .RADIAN. ) );
#571 = CARTESIAN_POINT ( 'NONE',  ( -5.812057078629609741, 0.7769497639300136926, -4.362057078629607787 ) ) ;
#572 = LINE ( 'NONE', #800, #591 ) ;
#573 = SURFACE_SIDE_STYLE ('',( #644 ) ) ;
#574 = ORIENTED_EDGE ( 'NONE', *, *, #240, .F. ) ;
#575 = CARTESIAN_POINT ( 'NONE',  ( 5.950024183491104068, 0.7758304305968977133, 4.172179799314298165 ) ) ;
#576 = DIRECTION ( 'NONE',  ( -1.143032633332327858E-16, 0.000000000000000000, -1.000000000000000000 ) ) ;
#577 = CIRCLE ( 'NONE', #771, 0.4450000000000002842 ) ;
#578 = VERTEX_POINT ( 'NONE', #80 ) ;
#579 = CARTESIAN_POINT ( 'NONE',  ( -5.950024183491172458, 0.7758304305968586334, 4.172179799314140958 ) ) ;
#580 = DIRECTION ( 'NONE',  ( 1.000000000000000000, 0.000000000000000000, -1.315496626162566497E-16 ) ) ;
#581 = EDGE_CURVE ( 'NONE', #164, #51, #629, .T. ) ;
#582 = CARTESIAN_POINT ( 'NONE',  ( -6.022982771870464269, 0.7705302760326124822, -3.853421376416711119 ) ) ;
#583 = ADVANCED_FACE ( 'NONE', ( #765 ), #363, .F. ) ;
#584 = CARTESIAN_POINT ( 'NONE',  ( 6.007985358636109829, 1.199999999999999734, -3.853421376416716004 ) ) ;
#585 = PLANE ( 'NONE',  #232 ) ;
#586 = LINE ( 'NONE', #197, #846 ) ;
#587 = CARTESIAN_POINT ( 'NONE',  ( 5.497777578929563980, 1.199999999999999734, -4.047777578929569131 ) ) ;
#588 = ADVANCED_FACE ( 'NONE', ( #328 ), #466, .F. ) ;
#589 = DIRECTION ( 'NONE',  ( 0.03487826274237469659, -0.9987827659587183993, -0.03487826274237470353 ) ) ;
#590 = ORIENTED_EDGE ( 'NONE', *, *, #165, .T. ) ;
#591 = VECTOR ( 'NONE', #74, 39.37007874015748143 ) ;
#592 = CARTESIAN_POINT ( 'NONE',  ( -5.875372058956331855, 0.7768084938519146387, -4.292190560720133163 ) ) ;
#593 = ADVANCED_FACE ( 'NONE', ( #569 ), #886, .F. ) ;
#594 = VERTEX_POINT ( 'NONE', #564 ) ;
#595 =( BOUNDED_CURVE ( )  B_SPLINE_CURVE ( 3, ( #118, #433, #939, #152 ),
 .UNSPECIFIED., .F., .T. ) 
 B_SPLINE_CURVE_WITH_KNOTS ( ( 4, 4 ),
 ( 5.498396131367750073, 7.067974482991424168 ),
 .UNSPECIFIED. ) 
 CURVE ( )  GEOMETRIC_REPRESENTATION_ITEM ( )  RATIONAL_B_SPLINE_CURVE ( ( 1.000000000000000000, 0.8050248461936597710, 0.8050248461936597710, 1.000000000000000000 ) ) 
 REPRESENTATION_ITEM ( '' )  );
#596 = CARTESIAN_POINT ( 'NONE',  ( -6.229999999999999538, 1.199999999999999734, 4.780000000000002025 ) ) ;
#597 = CARTESIAN_POINT ( 'NONE',  ( -5.521958499684416211, 1.199999999999999734, -4.021090566330288496 ) ) ;
#598 = ORIENTED_EDGE ( 'NONE', *, *, #362, .F. ) ;
#599 = CARTESIAN_POINT ( 'NONE',  ( -5.622179799314253046, 0.7758304305968923842, 4.500024183491126095 ) ) ;
#600 = EDGE_LOOP ( 'NONE', ( #605, #965, #501, #75 ) ) ;
#601 = DIRECTION ( 'NONE',  ( 0.000000000000000000, 0.000000000000000000, -1.000000000000000000 ) ) ;
#602 = CARTESIAN_POINT ( 'NONE',  ( 6.849890282026215971, 0.000000000000000000, -5.399890282026212240 ) ) ;
#603 = EDGE_LOOP ( 'NONE', ( #127, #40, #41, #357 ) ) ;
#604 = CARTESIAN_POINT ( 'NONE',  ( -5.729527620796021736, 1.199999999999999734, -4.408859490864445618 ) ) ;
#605 = ORIENTED_EDGE ( 'NONE', *, *, #817, .T. ) ;
#606 = CARTESIAN_POINT ( 'NONE',  ( -5.812057078629607076, 0.7769497639300136926, 4.362057078629611340 ) ) ;
#607 = EDGE_CURVE ( 'NONE', #458, #234, #656, .T. ) ;
#608 = VECTOR ( 'NONE', #134, 39.37007874015748143 ) ;
#609 = DIRECTION ( 'NONE',  ( -0.7071067811865469066, 0.000000000000000000, 0.7071067811865482389 ) ) ;
#610 = VERTEX_POINT ( 'NONE', #483 ) ;
#611 = CARTESIAN_POINT ( 'NONE',  ( -5.485060295088903359, 1.199999999999999734, 4.060494862770858582 ) ) ;
#612 = CARTESIAN_POINT ( 'NONE',  ( 5.613378515971368721, 1.200000000000124967, 4.482154396364333770 ) ) ;
#613 = CARTESIAN_POINT ( 'NONE',  ( -5.445558502102274545, 1.199999999999999734, 4.099996655756863007 ) ) ;
#614 = CARTESIAN_POINT ( 'NONE',  ( 5.613378515970824267, 1.199999999999906031, -4.482154396364602889 ) ) ;
#615 = ADVANCED_FACE ( 'NONE', ( #89 ), #730, .T. ) ;
#616 = CARTESIAN_POINT ( 'NONE',  ( 5.578253853846965704, 1.199999999999999734, -3.853421376416716004 ) ) ;
#617 = ORIENTED_EDGE ( 'NONE', *, *, #432, .F. ) ;
#618 = CARTESIAN_POINT ( 'NONE',  ( 5.497777578929563980, 1.199999999999999734, -4.047777578929569131 ) ) ;
#619 = EDGE_LOOP ( 'NONE', ( #935, #124, #905, #39 ) ) ;
#620 = CARTESIAN_POINT ( 'NONE',  ( 5.529117371347941123, 1.199999999999875167, 4.518181715479981264 ) ) ;
#621 = CARTESIAN_POINT ( 'NONE',  ( 5.910125688251144815, 1.200000000000061906, -4.203751059955562752 ) ) ;
#622 = CARTESIAN_POINT ( 'NONE',  ( -5.303421376416715738, 0.7549999999999997824, -4.128253853846965526 ) ) ;
#623 = DIRECTION ( 'NONE',  ( -0.7071067811865476838, 0.000000000000000000, -0.7071067811865474617 ) ) ;
#624 = CARTESIAN_POINT ( 'NONE',  ( -5.812057078629608853, 0.7769497639300135816, 4.362057078629611340 ) ) ;
#625 = DIRECTION ( 'NONE',  ( -1.000000000000000000, -0.000000000000000000, 4.384988753875222684E-17 ) ) ;
#626 = CARTESIAN_POINT ( 'NONE',  ( 5.950024183491170682, 0.7758304305968276582, -4.172179799314140070 ) ) ;
#627 = CARTESIAN_POINT ( 'NONE',  ( -5.497777578929568421, 1.199999999999999734, -4.047777578929567355 ) ) ;
#628 = MECHANICAL_DESIGN_GEOMETRIC_PRESENTATION_REPRESENTATION (  '', ( #53 ), #182 ) ;
#629 = LINE ( 'NONE', #216, #495 ) ;
#630 = ADVANCED_FACE ( 'NONE', ( #372 ), #531, .F. ) ;
#631 = CARTESIAN_POINT ( 'NONE',  ( -6.849890282026211530, 20.64474842853496739, -5.399890282026214905 ) ) ;
#632 = EDGE_CURVE ( 'NONE', #164, #176, #944, .T. ) ;
#633 = CARTESIAN_POINT ( 'NONE',  ( 5.742190560720475290, 0.7768084938518569071, 4.425372058956106081 ) ) ;
#634 = CARTESIAN_POINT ( 'NONE',  ( 5.303421376416709521, 1.199999999999999734, -4.128253853846967303 ) ) ;
#635 = CARTESIAN_POINT ( 'NONE',  ( -6.849890282026211530, 2.199999999999999289, -5.399890282026214905 ) ) ;
#636 = CARTESIAN_POINT ( 'NONE',  ( 5.497777578929563980, 0.7549999999999997824, -4.047777578929569131 ) ) ;
#637 = CARTESIAN_POINT ( 'NONE',  ( -6.018278623427387508, 0.7724591566659816388, -3.947579244508585550 ) ) ;
#638 = CARTESIAN_POINT ( 'NONE',  ( -5.812057078629608853, 0.7769497639300135816, 4.362057078629612228 ) ) ;
#639 = MANIFOLD_SOLID_BREP ( 'Combine5', #162 ) ;
#640 = FACE_BOUND ( 'NONE', #92, .T. ) ;
#641 = UNCERTAINTY_MEASURE_WITH_UNIT (LENGTH_MEASURE( 1.000000000000000082E-05 ), #657, 'distance_accuracy_value', 'NONE');
#642 = EDGE_CURVE ( 'NONE', #421, #829, #577, .T. ) ;
#643 =( BOUNDED_CURVE ( )  B_SPLINE_CURVE ( 3, ( #384, #875, #159, #475 ),
 .UNSPECIFIED., .F., .F. ) 
 B_SPLINE_CURVE_WITH_KNOTS ( ( 4, 4 ),
 ( 5.498396131367747408, 7.067974482991422391 ),
 .UNSPECIFIED. ) 
 CURVE ( )  GEOMETRIC_REPRESENTATION_ITEM ( )  RATIONAL_B_SPLINE_CURVE ( ( 1.000000000000000000, 0.8050248461936595490, 0.8050248461936595490, 1.000000000000000000 ) ) 
 REPRESENTATION_ITEM ( '' )  );
#644 = SURFACE_STYLE_FILL_AREA ( #904 ) ;
#645 = ORIENTED_EDGE ( 'NONE', *, *, #742, .F. ) ;
#646 = CARTESIAN_POINT ( 'NONE',  ( 5.521958499684415322, 1.199999999999999734, 4.021090566330288496 ) ) ;
#647 = DIRECTION ( 'NONE',  ( -0.03489949670250104552, 0.9993908270190957621, 0.000000000000000000 ) ) ;
#648 = VECTOR ( 'NONE', #405, 39.37007874015748143 ) ;
#649 = CARTESIAN_POINT ( 'NONE',  ( -5.489925399071125867, 0.7740531025088263073, -4.549853261108499858 ) ) ;
#650 = AXIS2_PLACEMENT_3D ( 'NONE', #830, #352, #122 ) ;
#651 = ORIENTED_EDGE ( 'NONE', *, *, #114, .F. ) ;
#652 = DIRECTION ( 'NONE',  ( -0.03487826274237468965, -0.9987827659587182882, 0.03487826274237470353 ) ) ;
#653 = CARTESIAN_POINT ( 'NONE',  ( 5.751944448902343687, -3.414809992080329023E-17, 4.599890282026211530 ) ) ;
#654 =( BOUNDED_CURVE ( )  B_SPLINE_CURVE ( 3, ( #308, #243, #300, #66 ),
 .UNSPECIFIED., .F., .F. ) 
 B_SPLINE_CURVE_WITH_KNOTS ( ( 4, 4 ),
 ( 1.897116662266851528E-15, 0.7847891758118373806 ),
 .UNSPECIFIED. ) 
 CURVE ( )  GEOMETRIC_REPRESENTATION_ITEM ( )  RATIONAL_B_SPLINE_CURVE ( ( 1.000000000000000000, 0.9493306762732178772, 0.9493306762732178772, 1.000000000000000000 ) ) 
 REPRESENTATION_ITEM ( '' )  );
#655 = CARTESIAN_POINT ( 'NONE',  ( 6.001597241785105119, 1.199999999999968425, 3.945391512509881959 ) ) ;
#656 = LINE ( 'NONE', #887, #559 ) ;
#657 =( CONVERSION_BASED_UNIT ( 'INCH', #889 ) LENGTH_UNIT ( ) NAMED_UNIT ( #415 ) );
#658 = CARTESIAN_POINT ( 'NONE',  ( -6.022982771870464269, 0.7705302760326130374, 3.853421376416717781 ) ) ;
#659 = DIRECTION ( 'NONE',  ( 1.143032633332327612E-16, -0.000000000000000000, 1.000000000000000000 ) ) ;
#660 = CARTESIAN_POINT ( 'NONE',  ( -5.541940595749013987, 1.199999999999999734, 3.991180017136939817 ) ) ;
#661 = EDGE_CURVE ( 'NONE', #217, #439, #976, .T. ) ;
#662 = CARTESIAN_POINT ( 'NONE',  ( 6.018278623427438134, 0.7724591566659491093, -3.947579244508324869 ) ) ;
#663 = CARTESIAN_POINT ( 'NONE',  ( 6.022982771870465157, 0.7705302760326125933, 3.853421376416713340 ) ) ;
#664 = ORIENTED_EDGE ( 'NONE', *, *, #556, .F. ) ;
#665 = ADVANCED_FACE ( 'NONE', ( #256 ), #175, .F. ) ;
#666 = CARTESIAN_POINT ( 'NONE',  ( -5.303421376416714850, 0.7549999999999997824, 4.128253853846968191 ) ) ;
#667 = AXIS2_PLACEMENT_3D ( 'NONE', #806, #659, #964 ) ;
#668 = CARTESIAN_POINT ( 'NONE',  ( 6.022982771870464269, 0.7705302760326124822, -4.780000000000000249 ) ) ;
#669 = ORIENTED_EDGE ( 'NONE', *, *, #795, .T. ) ;
#670 = PRODUCT_RELATED_PRODUCT_CATEGORY ( 'part', '', ( #511 ) ) ;
#671 = CARTESIAN_POINT ( 'NONE',  ( -6.849890282026211530, 2.199999999999999289, 5.399890282026214905 ) ) ;
#672 = ORIENTED_EDGE ( 'NONE', *, *, #71, .T. ) ;
#673 = CARTESIAN_POINT ( 'NONE',  ( -6.050109651136563294, -0.006281909406450188194, 4.780000000000002025 ) ) ;
#674 = VERTEX_POINT ( 'NONE', #187 ) ;
#675 = CARTESIAN_POINT ( 'NONE',  ( 5.445558502102272769, 1.199999999999999734, 4.099996655756859454 ) ) ;
#676 = ORIENTED_EDGE ( 'NONE', *, *, #437, .T. ) ;
#677 = EDGE_CURVE ( 'NONE', #997, #458, #895, .T. ) ;
#678 = ORIENTED_EDGE ( 'NONE', *, *, #4, .F. ) ;
#679 = FACE_OUTER_BOUND ( 'NONE', #819, .T. ) ;
#680 = AXIS2_PLACEMENT_3D ( 'NONE', #725, #1019, #707 ) ;
#681 = ORIENTED_EDGE ( 'NONE', *, *, #480, .F. ) ;
#682 = CARTESIAN_POINT ( 'NONE',  ( -5.812057078629609741, 0.7769497639300134706, -4.362057078629608675 ) ) ;
#683 = ORIENTED_EDGE ( 'NONE', *, *, #514, .F. ) ;
#684 = CARTESIAN_POINT ( 'NONE',  ( -5.321417283556554523, 1.199999999999999734, 4.128253853847093424 ) ) ;
#685 = PLANE ( 'NONE',  #1026 ) ;
#686 = EDGE_LOOP ( 'NONE', ( #529, #513, #766, #101, #225 ) ) ;
#687 = VERTEX_POINT ( 'NONE', #602 ) ;
#688 = DIRECTION ( 'NONE',  ( -0.03487826274237470353, 0.9987827659587182882, -0.03487826274237468965 ) ) ;
#689 = CARTESIAN_POINT ( 'NONE',  ( 5.982180133477748463, 1.199999999999999734, -4.035202798174084116 ) ) ;
#690 = CARTESIAN_POINT ( 'NONE',  ( -5.797283838852379745, 1.199999999999999734, -4.347283838852378679 ) ) ;
#691 = CARTESIAN_POINT ( 'NONE',  ( 5.303421376416709521, 1.199999999999999734, -4.128253853846965526 ) ) ;
#692 = CARTESIAN_POINT ( 'NONE',  ( -5.392000928687052941, 1.199999999999999734, -4.114221616621349220 ) ) ;
#693 = CARTESIAN_POINT ( 'NONE',  ( 5.729527620796273091, 1.199999999999875167, 4.408859490864444730 ) ) ;
#694 = CIRCLE ( 'NONE', #247, 0.4450000000000002842 ) ;
#695 = CARTESIAN_POINT ( 'NONE',  ( 5.339410178047351963, 1.199999999999999734, -4.126482857495720857 ) ) ;
#696 = VECTOR ( 'NONE', #452, 39.37007874015748143 ) ;
#697 = ORIENTED_EDGE ( 'NONE', *, *, #774, .F. ) ;
#698 = ORIENTED_EDGE ( 'NONE', *, *, #117, .T. ) ;
#699 = DIRECTION ( 'NONE',  ( -1.143032633332327858E-16, 0.000000000000000000, -1.000000000000000000 ) ) ;
#700 = CARTESIAN_POINT ( 'NONE',  ( 5.303421376416706856, 1.199999999999999734, -4.557985358636114981 ) ) ;
#701 = CARTESIAN_POINT ( 'NONE',  ( -6.849890282026211530, 0.000000000000000000, 5.399890282026214905 ) ) ;
#702 = CARTESIAN_POINT ( 'NONE',  ( -5.339410178047355515, 1.199999999999999734, 4.126482857495721746 ) ) ;
#703 = CYLINDRICAL_SURFACE ( 'NONE', #680, 0.7200000000000003064 ) ;
#704 = CARTESIAN_POINT ( 'NONE',  ( 5.497777578929567532, 1.199999999999999734, 4.047777578929567355 ) ) ;
#705 = CARTESIAN_POINT ( 'NONE',  ( 5.485060295088884708, 1.199999999999999734, -4.060494862770747559 ) ) ;
#706 = FACE_OUTER_BOUND ( 'NONE', #97, .T. ) ;
#707 = DIRECTION ( 'NONE',  ( 0.9993908270190956511, 0.03489949670250102470, 0.000000000000000000 ) ) ;
#708 = DIRECTION ( 'NONE',  ( 1.000000000000000000, -0.000000000000000000, -1.315496626162566497E-16 ) ) ;
#709 =( BOUNDED_CURVE ( )  B_SPLINE_CURVE ( 3, ( #371, #519, #1001, #848 ),
 .UNSPECIFIED., .F., .F. ) 
 B_SPLINE_CURVE_WITH_KNOTS ( ( 4, 4 ),
 ( 5.498396131367748296, 7.067974482991422391 ),
 .UNSPECIFIED. ) 
 CURVE ( )  GEOMETRIC_REPRESENTATION_ITEM ( )  RATIONAL_B_SPLINE_CURVE ( ( 1.000000000000000000, 0.8050248461936597710, 0.8050248461936597710, 1.000000000000000000 ) ) 
 REPRESENTATION_ITEM ( '' )  );
#710 = CARTESIAN_POINT ( 'NONE',  ( -5.578253853846965704, 1.199999999999999734, 3.853421376416717337 ) ) ;
#711 = CARTESIAN_POINT ( 'NONE',  ( -5.927708363793379398, 0.7762488202900592604, -4.213898848882196013 ) ) ;
#712 = AXIS2_PLACEMENT_3D ( 'NONE', #838, #541, #1015 ) ;
#713 = PLANE ( 'NONE',  #558 ) ;
#714 = ADVANCED_FACE ( 'NONE', ( #29 ), #353, .F. ) ;
#715 = ORIENTED_EDGE ( 'NONE', *, *, #632, .T. ) ;
#716 = CARTESIAN_POINT ( 'NONE',  ( -5.578253853846966592, 1.199999999999999734, -3.853421376416712896 ) ) ;
#717 = CARTESIAN_POINT ( 'NONE',  ( 5.496743544691939043, 0.7746957239494097758, -4.572837311223933554 ) ) ;
#718 =( BOUNDED_CURVE ( )  B_SPLINE_CURVE ( 3, ( #264, #733, #812, #658 ),
 .UNSPECIFIED., .F., .F. ) 
 B_SPLINE_CURVE_WITH_KNOTS ( ( 4, 4 ),
 ( 0.000000000000000000, 0.7847891758118364924 ),
 .UNSPECIFIED. ) 
 CURVE ( )  GEOMETRIC_REPRESENTATION_ITEM ( )  RATIONAL_B_SPLINE_CURVE ( ( 1.000000000000000000, 0.9493306762732178772, 0.9493306762732178772, 1.000000000000000000 ) ) 
 REPRESENTATION_ITEM ( '' )  );
#719 = VERTEX_POINT ( 'NONE', #587 ) ;
#720 = CARTESIAN_POINT ( 'NONE',  ( -5.999853261108547997, 0.7740531025087974415, 4.039925399070888545 ) ) ;
#721 = CARTESIAN_POINT ( 'NONE',  ( -5.303421376416716626, 1.199999999999999734, -4.557985358636113205 ) ) ;
#722 = EDGE_CURVE ( 'NONE', #916, #536, #595, .T. ) ;
#723 = FACE_OUTER_BOUND ( 'NONE', #600, .T. ) ;
#724 = CARTESIAN_POINT ( 'NONE',  ( -5.932154396364331284, 1.200000000000030820, 4.163378515971623450 ) ) ;
#725 = CARTESIAN_POINT ( 'NONE',  ( 5.320012757518216340, 0.2702876468708339530, 3.870012757518216162 ) ) ;
#726 = CARTESIAN_POINT ( 'NONE',  ( -5.303421376416714850, 1.199999999999999734, 4.128253853846968191 ) ) ;
#727 =( NAMED_UNIT ( * ) SI_UNIT ( $, .STERADIAN. ) SOLID_ANGLE_UNIT ( ) );
#728 = EDGE_LOOP ( 'NONE', ( #199, #450, #955, #227 ) ) ;
#729 = CARTESIAN_POINT ( 'NONE',  ( 5.578253853846965704, 1.199999999999999734, 3.853421376416713340 ) ) ;
#730 = PLANE ( 'NONE',  #93 ) ;
#731 = CIRCLE ( 'NONE', #377, 0.4450000000000000067 ) ;
#732 = FACE_OUTER_BOUND ( 'NONE', #121, .T. ) ;
#733 = CARTESIAN_POINT ( 'NONE',  ( -5.948776116141066161, 0.7769497639300136926, 4.225338041118153143 ) ) ;
#734 = DIRECTION ( 'NONE',  ( 1.000000000000000000, 0.000000000000000000, -0.000000000000000000 ) ) ;
#735 = ORIENTED_EDGE ( 'NONE', *, *, #677, .F. ) ;
#736 = DIRECTION ( 'NONE',  ( 1.000000000000000000, -9.208476383137960055E-16, 0.000000000000000000 ) ) ;
#737 = ORIENTED_EDGE ( 'NONE', *, *, #290, .F. ) ;
#738 = CARTESIAN_POINT ( 'NONE',  ( 5.569466652442173427, 1.199999999999999734, 3.924702538469420077 ) ) ;
#739 = CARTESIAN_POINT ( 'NONE',  ( 6.022982771870459828, 0.7705302760326127043, -3.853421376416716004 ) ) ;
#740 = CARTESIAN_POINT ( 'NONE',  ( -5.303421376416715738, 1.199999999999999734, -4.128253853846965526 ) ) ;
#741 = EDGE_LOOP ( 'NONE', ( #1003, #672, #538, #188 ) ) ;
#742 = EDGE_CURVE ( 'NONE', #206, #610, #456, .T. ) ;
#743 = CARTESIAN_POINT ( 'NONE',  ( -5.497777578929567532, 1.199999999999999734, 4.047777578929570019 ) ) ;
#744 = CARTESIAN_POINT ( 'NONE',  ( -5.675338041118151544, 0.7769497639300136926, -4.498776116141064207 ) ) ;
#745 = CARTESIAN_POINT ( 'NONE',  ( -5.812057078629609741, 0.7769497639300136926, -4.362057078629607787 ) ) ;
#746 = ADVANCED_FACE ( 'NONE', ( #871 ), #355, .F. ) ;
#747 = CYLINDRICAL_SURFACE ( 'NONE', #866, 0.7199999999999997513 ) ;
#748 = VECTOR ( 'NONE', #153, 39.37007874015748143 ) ;
#749 = AXIS2_PLACEMENT_3D ( 'NONE', #553, #490, #73 ) ;
#750 = VERTEX_POINT ( 'NONE', #299 ) ;
#751 = DIRECTION ( 'NONE',  ( -0.03487826274237468965, -0.9987827659587182882, 0.03487826274237470353 ) ) ;
#752 = EDGE_CURVE ( 'NONE', #234, #850, #18, .T. ) ;
#753 = DIRECTION ( 'NONE',  ( 1.141640448309238629E-16, 3.986696293786254213E-18, 1.000000000000000000 ) ) ;
#754 = DIRECTION ( 'NONE',  ( -1.000000000000000000, 0.000000000000000000, 0.000000000000000000 ) ) ;
#755 = ORIENTED_EDGE ( 'NONE', *, *, #335, .F. ) ;
#756 = ORIENTED_EDGE ( 'NONE', *, *, #642, .F. ) ;
#757 = EDGE_LOOP ( 'NONE', ( #129, #104, #574, #30, #20, #516, #681, #359, #507, #930, #837, #441 ) ) ;
#758 = CARTESIAN_POINT ( 'NONE',  ( -5.675338041118148880, 0.7769497639300136926, 4.498776116141069537 ) ) ;
#759 = EDGE_CURVE ( 'NONE', #831, #234, #395, .T. ) ;
#760 = ORIENTED_EDGE ( 'NONE', *, *, #581, .F. ) ;
#761 = CARTESIAN_POINT ( 'NONE',  ( -5.441180017136936442, 1.199999999999999734, -4.091940595748890352 ) ) ;
#762 = CARTESIAN_POINT ( 'NONE',  ( 5.397579244508108332, 0.7724591566659874120, 4.568278623427481477 ) ) ;
#763 = CARTESIAN_POINT ( 'NONE',  ( 5.441180017137147829, 1.199999999999999734, -4.091940595748916110 ) ) ;
#764 = CARTESIAN_POINT ( 'NONE',  ( -5.550458418710011443, 1.199999999999999734, -3.975240077531511762 ) ) ;
#765 = FACE_OUTER_BOUND ( 'NONE', #741, .T. ) ;
#766 = ORIENTED_EDGE ( 'NONE', *, *, #890, .T. ) ;
#767 = CARTESIAN_POINT ( 'NONE',  ( -5.764955168877269998, 1.199999999999937339, 4.379612508828113704 ) ) ;
#768 = ORIENTED_EDGE ( 'NONE', *, *, #954, .T. ) ;
#769 = CARTESIAN_POINT ( 'NONE',  ( -5.330328886572462288, 0.000000000000000000, 4.599890282026213306 ) ) ;
#770 = CARTESIAN_POINT ( 'NONE',  ( 5.497777578929563980, 1.199999999999999734, -4.047777578929569131 ) ) ;
#771 = AXIS2_PLACEMENT_3D ( 'NONE', #801, #11, #736 ) ;
#772 = CARTESIAN_POINT ( 'NONE',  ( -5.569466652442174315, 1.199999999999999734, -3.924702538469419633 ) ) ;
#774 = EDGE_CURVE ( 'NONE', #266, #217, #471, .T. ) ;
#773 = CARTESIAN_POINT ( 'NONE',  ( 6.849890282026211530, 20.64474842853496739, 5.399890282026216681 ) ) ;
#775 = ORIENTED_EDGE ( 'NONE', *, *, #474, .T. ) ;
#776 = CARTESIAN_POINT ( 'NONE',  ( -5.613378515971620075, 1.199999999999999734, -4.482154396364331994 ) ) ;
#777 = ORIENTED_EDGE ( 'NONE', *, *, #722, .T. ) ;
#778 = CARTESIAN_POINT ( 'NONE',  ( -5.578253853846965704, 1.199999999999999734, 3.853421376416717337 ) ) ;
#779 = EDGE_CURVE ( 'NONE', #268, #135, #972, .T. ) ;
#780 = CARTESIAN_POINT ( 'NONE',  ( 5.829612514265745560, 1.199999999999999512, -4.314955163439758934 ) ) ;
#781 = CARTESIAN_POINT ( 'NONE',  ( 5.392000928687308736, 1.199999999999999734, -4.114221616621221322 ) ) ;
#782 = ORIENTED_EDGE ( 'NONE', *, *, #527, .F. ) ;
#783 = CARTESIAN_POINT ( 'NONE',  ( 5.578253853846963040, 1.199999999999999734, -3.927315262463222378 ) ) ;
#784 = CARTESIAN_POINT ( 'NONE',  ( -5.350502502462981980, 0.7715447172637869278, 4.572947346802068935 ) ) ;
#785 = CARTESIAN_POINT ( 'NONE',  ( -5.578253853846966592, 0.7549999999999997824, -3.853421376416713340 ) ) ;
#786 = CARTESIAN_POINT ( 'NONE',  ( 5.999853261108545333, 0.7740531025088285277, -4.039925399070887657 ) ) ;
#787 = CARTESIAN_POINT ( 'NONE',  ( 5.349471474845874930, 1.199999999999999956, -4.557005597504802274 ) ) ;
#788 = CARTESIAN_POINT ( 'NONE',  ( -5.578253853846717014, 1.199999999999999734, -3.871417283556455313 ) ) ;
#789 = DIRECTION ( 'NONE',  ( -1.000000000000000000, 0.000000000000000000, 4.384988753875222684E-17 ) ) ;
#790 = ORIENTED_EDGE ( 'NONE', *, *, #412, .F. ) ;
#791 = CARTESIAN_POINT ( 'NONE',  ( -6.849890282026211530, 0.000000000000000000, 5.399890282026214905 ) ) ;
#792 = ORIENTED_EDGE ( 'NONE', *, *, #71, .F. ) ;
#793 = CARTESIAN_POINT ( 'NONE',  ( 5.471090566330035543, 1.199999999999999734, -4.071958499684291688 ) ) ;
#794 = VECTOR ( 'NONE', #753, 39.37007874015748143 ) ;
#795 = EDGE_CURVE ( 'NONE', #266, #206, #984, .T. ) ;
#796 = LINE ( 'NONE', #701, #110 ) ;
#797 = CARTESIAN_POINT ( 'NONE',  ( 6.849890282026211530, 2.199999999999999289, 5.399890282026216681 ) ) ;
#798 = LINE ( 'NONE', #320, #648 ) ;
#799 = CARTESIAN_POINT ( 'NONE',  ( -6.007005597505512107, 1.199999999999999956, 3.899471474845822794 ) ) ;
#800 = CARTESIAN_POINT ( 'NONE',  ( -5.320012757518218116, 0.2954152844966347335, -4.589574152971964693 ) ) ;
#801 = CARTESIAN_POINT ( 'NONE',  ( 5.578253853846963040, 0.7549999999999997824, -3.853421376416716004 ) ) ;
#802 = ORIENTED_EDGE ( 'NONE', *, *, #805, .F. ) ;
#803 = CARTESIAN_POINT ( 'NONE',  ( 6.018278623427408824, 0.7724591566660140574, 3.947579244508466090 ) ) ;
#804 = DIRECTION ( 'NONE',  ( 0.000000000000000000, -0.000000000000000000, -1.000000000000000000 ) ) ;
#805 = EDGE_CURVE ( 'NONE', #997, #578, #120, .T. ) ;
#806 = CARTESIAN_POINT ( 'NONE',  ( -5.578253853846965704, 0.7549999999999997824, 4.780000000000002025 ) ) ;
#807 = CARTESIAN_POINT ( 'NONE',  ( -5.578253853847715327, 1.199999999999999734, 3.871417283556500610 ) ) ;
#808 = VECTOR ( 'NONE', #169, 39.37007874015748143 ) ;
#809 = SHAPE_DEFINITION_REPRESENTATION ( #5, #839 ) ;
#810 = CARTESIAN_POINT ( 'NONE',  ( -6.849890282026211530, 20.64474842853496739, -5.399890282026214905 ) ) ;
#811 = AXIS2_PLACEMENT_3D ( 'NONE', #785, #391, #1023 ) ;
#812 = CARTESIAN_POINT ( 'NONE',  ( -6.022837311223930179, 0.7746957239494097758, 4.046743544691947747 ) ) ;
#813 = ORIENTED_EDGE ( 'NONE', *, *, #849, .T. ) ;
#814 = CARTESIAN_POINT ( 'NONE',  ( 5.578253853846965704, 1.199999999999999734, 4.780000000000002025 ) ) ;
#815 = DIRECTION ( 'NONE',  ( 0.000000000000000000, -1.000000000000000000, 0.000000000000000000 ) ) ;
#816 = VERTEX_POINT ( 'NONE', #710 ) ;
#817 = EDGE_CURVE ( 'NONE', #303, #301, #526, .T. ) ;
#818 = CARTESIAN_POINT ( 'NONE',  ( -6.022837311223931067, 0.7746957239494097758, -4.046743544691942418 ) ) ;
#819 = EDGE_LOOP ( 'NONE', ( #488, #824, #928, #879 ) ) ;
#820 = EDGE_CURVE ( 'NONE', #829, #266, #983, .T. ) ;
#821 = CARTESIAN_POINT ( 'NONE',  ( 5.578253853847715327, 1.199999999999999734, 3.871417283556458422 ) ) ;
#822 =( BOUNDED_CURVE ( )  B_SPLINE_CURVE ( 3, ( #259, #744, #270, #891 ),
 .UNSPECIFIED., .F., .T. ) 
 B_SPLINE_CURVE_WITH_KNOTS ( ( 4, 4 ),
 ( -8.881784197001252323E-16, 0.7847891758118342720 ),
 .UNSPECIFIED. ) 
 CURVE ( )  GEOMETRIC_REPRESENTATION_ITEM ( )  RATIONAL_B_SPLINE_CURVE ( ( 1.000000000000000000, 0.9493306762732180992, 0.9493306762732180992, 1.000000000000000000 ) ) 
 REPRESENTATION_ITEM ( '' )  );
#823 = CARTESIAN_POINT ( 'NONE',  ( 5.303421376416713962, 1.199999999999999734, 4.128253853846967303 ) ) ;
#824 = ORIENTED_EDGE ( 'NONE', *, *, #323, .T. ) ;
#825 = EDGE_CURVE ( 'NONE', #374, #266, #348, .T. ) ;
#826 = CARTESIAN_POINT ( 'NONE',  ( 5.932154396364098581, 1.200000000000062128, 4.163378515971709604 ) ) ;
#827 =( BOUNDED_CURVE ( )  B_SPLINE_CURVE ( 3, ( #525, #138, #453, #273 ),
 .UNSPECIFIED., .F., .T. ) 
 B_SPLINE_CURVE_WITH_KNOTS ( ( 4, 4 ),
 ( -2.664535259100375697E-15, 0.7847891758118391570 ),
 .UNSPECIFIED. ) 
 CURVE ( )  GEOMETRIC_REPRESENTATION_ITEM ( )  RATIONAL_B_SPLINE_CURVE ( ( 1.000000000000000000, 0.9493306762732172110, 0.9493306762732172110, 1.000000000000000000 ) ) 
 REPRESENTATION_ITEM ( '' )  );
#828 = CARTESIAN_POINT ( 'NONE',  ( -6.022982771870465157, 0.7705302760326130374, 4.780000000000002025 ) ) ;
#829 = VERTEX_POINT ( 'NONE', #974 ) ;
#830 = CARTESIAN_POINT ( 'NONE',  ( -6.229999999999999538, 2.199999999999999734, 4.780000000000002025 ) ) ;
#831 = VERTEX_POINT ( 'NONE', #108 ) ;
#832 = ADVANCED_FACE ( 'NONE', ( #204 ), #991, .F. ) ;
#833 = AXIS2_PLACEMENT_3D ( 'NONE', #636, #82, #403 ) ;
#834 = CARTESIAN_POINT ( 'NONE',  ( 5.316484927203626754, 0.3713114892984591409, -3.866484927203631905 ) ) ;
#835 = VECTOR ( 'NONE', #408, 39.37007874015748854 ) ;
#836 = ORIENTED_EDGE ( 'NONE', *, *, #474, .F. ) ;
#837 = ORIENTED_EDGE ( 'NONE', *, *, #1007, .F. ) ;
#838 = CARTESIAN_POINT ( 'NONE',  ( 5.497777578929567532, 0.7549999999999997824, 4.047777578929567355 ) ) ;
#839 = ADVANCED_BREP_SHAPE_REPRESENTATION ( '1402-931 Top PID 7-24-2025', ( #639, #749 ), #334 ) ;
#840 = EDGE_LOOP ( 'NONE', ( #737, #842, #46, #193 ) ) ;
#841 = ADVANCED_FACE ( 'NONE', ( #515 ), #505, .T. ) ;
#842 = ORIENTED_EDGE ( 'NONE', *, *, #527, .T. ) ;
#843 = CARTESIAN_POINT ( 'NONE',  ( 5.578253853846965704, 1.199999999999999734, 3.927315262463220158 ) ) ;
#844 = AXIS2_PLACEMENT_3D ( 'NONE', #631, #173, #161 ) ;
#845 = VECTOR ( 'NONE', #321, 39.37007874015748854 ) ;
#846 = VECTOR ( 'NONE', #44, 39.37007874015748143 ) ;
#847 = ADVANCED_FACE ( 'NONE', ( #365 ), #685, .F. ) ;
#848 = CARTESIAN_POINT ( 'NONE',  ( -5.330328886572463176, 0.000000000000000000, -4.599890282026210642 ) ) ;
#849 = EDGE_CURVE ( 'NONE', #997, #674, #586, .T. ) ;
#850 = VERTEX_POINT ( 'NONE', #239 ) ;
#851 = ORIENTED_EDGE ( 'NONE', *, *, #290, .T. ) ;
#852 = CARTESIAN_POINT ( 'NONE',  ( 5.663898848881855130, 0.7762488202901173251, 4.477708363793603930 ) ) ;
#853 = CARTESIAN_POINT ( 'NONE',  ( -6.849890282026211530, 0.000000000000000000, 5.399890282026214905 ) ) ;
#854 = DIRECTION ( 'NONE',  ( -1.000000000000000000, 0.000000000000000000, -1.595265256047971097E-16 ) ) ;
#855 = ORIENTED_EDGE ( 'NONE', *, *, #933, .F. ) ;
#856 = CARTESIAN_POINT ( 'NONE',  ( -5.485202798174322325, 1.200000000000124523, 4.532180133477781148 ) ) ;
#857 = CARTESIAN_POINT ( 'NONE',  ( -5.497777578929567532, 1.199999999999999734, 4.047777578929570019 ) ) ;
#858 = CARTESIAN_POINT ( 'NONE',  ( 5.845353239958930303, 0.7769497639299608460, -4.328760917300289890 ) ) ;
#859 = CARTESIAN_POINT ( 'NONE',  ( 5.812057078629605300, 0.7769497639300135816, -4.362057078629609563 ) ) ;
#860 = CARTESIAN_POINT ( 'NONE',  ( -6.230000000000001315, -0.006281909406450188194, -4.600109651136562228 ) ) ;
#861 = EDGE_CURVE ( 'NONE', #217, #274, #131, .T. ) ;
#862 = ORIENTED_EDGE ( 'NONE', *, *, #276, .F. ) ;
#863 = CARTESIAN_POINT ( 'NONE',  ( 5.303421376416709521, 1.199999999999999734, -4.128253853846965526 ) ) ;
#864 = CARTESIAN_POINT ( 'NONE',  ( 5.374702538469600555, 1.199999999999999734, 4.119466652442286936 ) ) ;
#865 = CARTESIAN_POINT ( 'NONE',  ( -5.303421376416715738, 1.199999999999999734, -4.128253853846965526 ) ) ;
#866 = AXIS2_PLACEMENT_3D ( 'NONE', #834, #589, #912 ) ;
#867 = CARTESIAN_POINT ( 'NONE',  ( -5.742190560720242587, 0.7768084938519207450, -4.425372058956257959 ) ) ;
#868 = CARTESIAN_POINT ( 'NONE',  ( -6.049890282026213484, 0.000000000000000000, -3.880328886572460334 ) ) ;
#869 = CARTESIAN_POINT ( 'NONE',  ( 5.395391512509496224, 1.199999999999875167, 4.551597241785009018 ) ) ;
#870 = CARTESIAN_POINT ( 'NONE',  ( 5.497777578929563980, 1.199999999999999734, -4.047777578929569131 ) ) ;
#871 = FACE_OUTER_BOUND ( 'NONE', #426, .T. ) ;
#872 = CARTESIAN_POINT ( 'NONE',  ( -6.022947346802067337, 0.7715447172637944773, -3.900502502462704690 ) ) ;
#873 = CARTESIAN_POINT ( 'NONE',  ( 5.330328886572462288, 0.000000000000000000, 4.599890282026210642 ) ) ;
#874 = LINE ( 'NONE', #155, #835 ) ;
#875 = CARTESIAN_POINT ( 'NONE',  ( 5.751944448902340135, 0.000000000000000000, -4.599890282026214194 ) ) ;
#876 = CARTESIAN_POINT ( 'NONE',  ( 6.849890282026215971, 20.64474842853496739, -5.399890282026212240 ) ) ;
#877 = VECTOR ( 'NONE', #545, 39.37007874015748143 ) ;
#878 = EDGE_CURVE ( 'NONE', #916, #439, #62, .T. ) ;
#879 = ORIENTED_EDGE ( 'NONE', *, *, #335, .T. ) ;
#880 = CARTESIAN_POINT ( 'NONE',  ( 5.829612508827534789, 1.200000000000062128, 4.314955168876598357 ) ) ;
#881 = CARTESIAN_POINT ( 'NONE',  ( -5.303421376416715738, 0.7705302760326125933, -4.572982771870462315 ) ) ;
#882 = CARTESIAN_POINT ( 'NONE',  ( 5.564221616621469302, 1.199999999999999734, 3.942000928687062977 ) ) ;
#883 = CARTESIAN_POINT ( 'NONE',  ( -5.535192002707319148, 0.7747325581803077288, -4.536097076571548037 ) ) ;
#884 = DIRECTION ( 'NONE',  ( 1.143032633332327612E-16, -0.000000000000000000, 1.000000000000000000 ) ) ;
#885 = ORIENTED_EDGE ( 'NONE', *, *, #382, .T. ) ;
#886 = PLANE ( 'NONE',  #1006 ) ;
#887 = CARTESIAN_POINT ( 'NONE',  ( -6.229999999999999538, 1.199999999999999734, -4.128253853846965526 ) ) ;
#888 = DIRECTION ( 'NONE',  ( -1.000000000000000000, -0.000000000000000000, 0.000000000000000000 ) ) ;
#889 = LENGTH_MEASURE_WITH_UNIT ( LENGTH_MEASURE( 0.02539999999999999897 ), #14 );
#890 = EDGE_CURVE ( 'NONE', #439, #135, #150, .T. ) ;
#891 = CARTESIAN_POINT ( 'NONE',  ( -5.303421376416715738, 0.7705302760326130374, -4.572982771870463203 ) ) ;
#892 = LINE ( 'NONE', #567, #361 ) ;
#893 = ORIENTED_EDGE ( 'NONE', *, *, #607, .T. ) ;
#894 = CARTESIAN_POINT ( 'NONE',  ( 5.875372058956273236, 0.7768084938519115301, 4.292190560720220205 ) ) ;
#895 = CIRCLE ( 'NONE', #123, 0.4450000000000002842 ) ;
#896 = CARTESIAN_POINT ( 'NONE',  ( 5.578253853847712662, 1.199999999999999734, -3.871417283556499278 ) ) ;
#897 = DIRECTION ( 'NONE',  ( 0.000000000000000000, -0.9993908270190957621, 0.03489949670250104552 ) ) ;
#898 = VERTEX_POINT ( 'NONE', #606 ) ;
#899 = VERTEX_POINT ( 'NONE', #1000 ) ;
#900 = CARTESIAN_POINT ( 'NONE',  ( 5.510494862770543456, 1.199999999999999734, 4.035060295088590543 ) ) ;
#901 = CARTESIAN_POINT ( 'NONE',  ( 6.049890282026208155, 0.000000000000000000, -3.880328886572463887 ) ) ;
#902 = CARTESIAN_POINT ( 'NONE',  ( 5.578253853846968369, 0.7549999999999997824, 3.853421376416713784 ) ) ;
#903 = EDGE_CURVE ( 'NONE', #816, #750, #237, .T. ) ;
#904 = FILL_AREA_STYLE ('',( #24 ) ) ;
#905 = ORIENTED_EDGE ( 'NONE', *, *, #951, .T. ) ;
#906 = CARTESIAN_POINT ( 'NONE',  ( 6.007005597505502337, 1.199999999999999734, -3.899471474845724206 ) ) ;
#907 = CYLINDRICAL_SURFACE ( 'NONE', #360, 0.7199999999999997513 ) ;
#908 = EDGE_CURVE ( 'NONE', #536, #113, #387, .T. ) ;
#909 = ORIENTED_EDGE ( 'NONE', *, *, #861, .T. ) ;
#910 = CARTESIAN_POINT ( 'NONE',  ( -5.845353239958734015, 0.7769497639300626535, -4.328760917300479960 ) ) ;
#911 = PLANE ( 'NONE',  #423 ) ;
#912 = DIRECTION ( 'NONE',  ( 0.000000000000000000, 0.03489949670250110103, -0.9993908270190956511 ) ) ;
#913 = VECTOR ( 'NONE', #708, 39.37007874015748143 ) ;
#914 = DIRECTION ( 'NONE',  ( -1.000000000000000000, 0.000000000000000000, 0.000000000000000000 ) ) ;
#915 = ORIENTED_EDGE ( 'NONE', *, *, #105, .F. ) ;
#916 = VERTEX_POINT ( 'NONE', #769 ) ;
#917 = CARTESIAN_POINT ( 'NONE',  ( -5.778760917300416189, 0.7769497639299998148, -4.395353239958802227 ) ) ;
#918 = ADVANCED_FACE ( 'NONE', ( #550 ), #59, .F. ) ;
#919 = ORIENTED_EDGE ( 'NONE', *, *, #514, .T. ) ;
#920 = DIRECTION ( 'NONE',  ( 0.000000000000000000, 1.000000000000000000, 0.000000000000000000 ) ) ;
#921 = CARTESIAN_POINT ( 'NONE',  ( 5.564221616621222388, 1.199999999999999734, -3.942000928687052319 ) ) ;
#922 = ORIENTED_EDGE ( 'NONE', *, *, #114, .T. ) ;
#923 = CARTESIAN_POINT ( 'NONE',  ( -5.797283838852377968, 1.199999999999999512, 4.347283838852381344 ) ) ;
#924 = CARTESIAN_POINT ( 'NONE',  ( 5.392000928687050276, 1.199999999999999734, 4.114221616621224875 ) ) ;
#925 = FACE_OUTER_BOUND ( 'NONE', #436, .T. ) ;
#926 = CARTESIAN_POINT ( 'NONE',  ( 5.675338041118146215, 0.7769497639300136926, -4.498776116141067760 ) ) ;
#927 = DIRECTION ( 'NONE',  ( -0.03487826274237470353, -0.9987827659587182882, -0.03487826274237469659 ) ) ;
#928 = ORIENTED_EDGE ( 'NONE', *, *, #779, .T. ) ;
#929 = CARTESIAN_POINT ( 'NONE',  ( -5.729527620795610510, 1.199999999999906253, 4.408859490864389663 ) ) ;
#930 = ORIENTED_EDGE ( 'NONE', *, *, #607, .F. ) ;
#931 = CARTESIAN_POINT ( 'NONE',  ( 5.778760917300269639, 0.7769497639300412262, 4.395353239958946112 ) ) ;
#932 = CARTESIAN_POINT ( 'NONE',  ( 5.653751059956091396, 1.199999999999999734, -4.460125688250837328 ) ) ;
#933 = EDGE_CURVE ( 'NONE', #674, #899, #546, .T. ) ;
#934 = CARTESIAN_POINT ( 'NONE',  ( -6.849890282026211530, 2.199999999999999289, 5.399890282026214905 ) ) ;
#935 = ORIENTED_EDGE ( 'NONE', *, *, #263, .F. ) ;
#936 = CARTESIAN_POINT ( 'NONE',  ( 5.445558502102270992, 1.199999999999999734, -4.099996655756862118 ) ) ;
#937 = CARTESIAN_POINT ( 'NONE',  ( 5.622179799314029225, 0.7758304305968919401, 4.500024183491215801 ) ) ;
#938 = CARTESIAN_POINT ( 'NONE',  ( 5.576482857495727252, 1.199999999999999734, -3.889410178047426836 ) ) ;
#939 = CARTESIAN_POINT ( 'NONE',  ( -6.049890282026212596, 0.000000000000000000, 4.301944448902347062 ) ) ;
#940 = DIRECTION ( 'NONE',  ( -1.000000000000000000, -0.000000000000000000, -1.595265256047971097E-16 ) ) ;
#941 = CARTESIAN_POINT ( 'NONE',  ( -5.613378515971582772, 1.199999999999999956, 4.482154396364353310 ) ) ;
#942 = LINE ( 'NONE', #797, #877 ) ;
#943 = CARTESIAN_POINT ( 'NONE',  ( -6.036046322657379726, 0.3964391269242599214, 3.866484927203632349 ) ) ;
#944 =( BOUNDED_CURVE ( )  B_SPLINE_CURVE ( 3, ( #496, #818, #420, #745 ),
 .UNSPECIFIED., .F., .T. ) 
 B_SPLINE_CURVE_WITH_KNOTS ( ( 4, 4 ),
 ( 5.498396131367748296, 6.283185307179585344 ),
 .UNSPECIFIED. ) 
 CURVE ( )  GEOMETRIC_REPRESENTATION_ITEM ( )  RATIONAL_B_SPLINE_CURVE ( ( 1.000000000000000000, 0.9493306762732176551, 0.9493306762732176551, 1.000000000000000000 ) ) 
 REPRESENTATION_ITEM ( '' )  );
#945 = CARTESIAN_POINT ( 'NONE',  ( 5.875372058956118693, 0.7768084938518963201, -4.292190560720450243 ) ) ;
#946 = DIRECTION ( 'NONE',  ( 0.000000000000000000, 9.208476383137960055E-16, 1.000000000000000000 ) ) ;
#947 = AXIS2_PLACEMENT_3D ( 'NONE', #393, #789, #1010 ) ;
#948 = LINE ( 'NONE', #950, #293 ) ;
#949 = CARTESIAN_POINT ( 'NONE',  ( 5.489925399070979317, 0.7740531025088240868, -4.549853261108530056 ) ) ;
#950 = CARTESIAN_POINT ( 'NONE',  ( -6.230000000000001315, 0.7705302760326130374, -4.572982771870464092 ) ) ;
#951 = EDGE_CURVE ( 'NONE', #164, #343, #250, .T. ) ;
#952 = CARTESIAN_POINT ( 'NONE',  ( -5.550458418710253916, 1.199999999999999734, 3.975240077531528193 ) ) ;
#953 = LINE ( 'NONE', #962, #249 ) ;
#954 = EDGE_CURVE ( 'NONE', #274, #829, #874, .T. ) ;
#955 = ORIENTED_EDGE ( 'NONE', *, *, #642, .T. ) ;
#956 = CARTESIAN_POINT ( 'NONE',  ( 5.927708363793436241, 0.7762488202900627021, 4.213898848882110748 ) ) ;
#957 = CARTESIAN_POINT ( 'NONE',  ( -6.849890282026211530, 0.000000000000000000, -5.399890282026214905 ) ) ;
#958 = CARTESIAN_POINT ( 'NONE',  ( 5.330328886572462288, 0.000000000000000000, 4.599890282026210642 ) ) ;
#959 = EDGE_CURVE ( 'NONE', #435, #301, #1029, .T. ) ;
#960 = CARTESIAN_POINT ( 'NONE',  ( -5.797283838852377968, 1.199999999999999512, 4.347283838852382232 ) ) ;
#961 = FACE_OUTER_BOUND ( 'NONE', #285, .T. ) ;
#962 = CARTESIAN_POINT ( 'NONE',  ( -6.229999999999999538, 1.199999999999999734, 4.128253853846968191 ) ) ;
#963 = EDGE_LOOP ( 'NONE', ( #34, #32, #697, #354 ) ) ;
#964 = DIRECTION ( 'NONE',  ( 1.000000000000000000, 0.000000000000000000, 0.000000000000000000 ) ) ;
#965 = ORIENTED_EDGE ( 'NONE', *, *, #346, .T. ) ;
#966 = CARTESIAN_POINT ( 'NONE',  ( 6.022947346802067337, 0.7715447172637618367, 3.900502502462796173 ) ) ;
#967 = ORIENTED_EDGE ( 'NONE', *, *, #908, .T. ) ;
#968 = CARTESIAN_POINT ( 'NONE',  ( -6.022982771870466046, 0.7705302760326127043, -3.853421376416712896 ) ) ;
#969 = CARTESIAN_POINT ( 'NONE',  ( -5.578253853846966592, 1.199999999999999734, -3.853421376416712896 ) ) ;
#970 = ORIENTED_EDGE ( 'NONE', *, *, #198, .T. ) ;
#971 = CARTESIAN_POINT ( 'NONE',  ( -5.569466652442161880, 1.199999999999999734, 3.924702538469477808 ) ) ;
#972 = CIRCLE ( 'NONE', #520, 0.4450000000000002842 ) ;
#973 = DIRECTION ( 'NONE',  ( 0.000000000000000000, -0.03489949670250110103, -0.9993908270190956511 ) ) ;
#974 = CARTESIAN_POINT ( 'NONE',  ( 6.022982771870460716, 0.7705302760326124822, -3.853421376416716004 ) ) ;
#975 = CARTESIAN_POINT ( 'NONE',  ( -6.849890282026211530, 20.64474842853496739, 5.399890282026214905 ) ) ;
#976 =( BOUNDED_CURVE ( )  B_SPLINE_CURVE ( 3, ( #487, #336, #653, #958 ),
 .UNSPECIFIED., .F., .T. ) 
 B_SPLINE_CURVE_WITH_KNOTS ( ( 4, 4 ),
 ( 5.498396131367749184, 7.067974482991422391 ),
 .UNSPECIFIED. ) 
 CURVE ( )  GEOMETRIC_REPRESENTATION_ITEM ( )  RATIONAL_B_SPLINE_CURVE ( ( 1.000000000000000000, 0.8050248461936597710, 0.8050248461936597710, 1.000000000000000000 ) ) 
 REPRESENTATION_ITEM ( '' )  );
#977 = DIRECTION ( 'NONE',  ( -0.9993908270190957621, 0.03489949670250104552, 1.142336328735809783E-16 ) ) ;
#978 = DIRECTION ( 'NONE',  ( 0.9993908270190956511, -0.03489949670250102470, 0.000000000000000000 ) ) ;
#979 = ORIENTED_EDGE ( 'NONE', *, *, #36, .F. ) ;
#980 = CARTESIAN_POINT ( 'NONE',  ( 5.303421376416714850, 0.7705302760326124822, 4.572982771870463203 ) ) ;
#981 = CYLINDRICAL_SURFACE ( 'NONE', #37, 0.4450000000000002842 ) ;
#982 = EDGE_LOOP ( 'NONE', ( #922, #196, #698, #79 ) ) ;
#983 = LINE ( 'NONE', #668, #794 ) ;
#984 =( BOUNDED_CURVE ( )  B_SPLINE_CURVE ( 3, ( #461, #1021, #392, #312 ),
 .UNSPECIFIED., .F., .T. ) 
 B_SPLINE_CURVE_WITH_KNOTS ( ( 4, 4 ),
 ( 5.498396131367748296, 6.283185307179584456 ),
 .UNSPECIFIED. ) 
 CURVE ( )  GEOMETRIC_REPRESENTATION_ITEM ( )  RATIONAL_B_SPLINE_CURVE ( ( 1.000000000000000000, 0.9493306762732176551, 0.9493306762732176551, 1.000000000000000000 ) ) 
 REPRESENTATION_ITEM ( '' )  );
#985 = ORIENTED_EDGE ( 'NONE', *, *, #908, .F. ) ;
#986 = ADVANCED_FACE ( 'NONE', ( #732 ), #205, .F. ) ;
#987 = CIRCLE ( 'NONE', #542, 0.4449999999999996181 ) ;
#988 = VECTOR ( 'NONE', #180, 39.37007874015748143 ) ;
#989 = ORIENTED_EDGE ( 'NONE', *, *, #485, .F. ) ;
#990 = AXIS2_PLACEMENT_3D ( 'NONE', #459, #329, #338 ) ;
#991 = PLANE ( 'NONE',  #521 ) ;
#992 = ADVANCED_FACE ( 'NONE', ( #451 ), #316, .F. ) ;
#993 = ORIENTED_EDGE ( 'NONE', *, *, #1007, .T. ) ;
#994 = CARTESIAN_POINT ( 'NONE',  ( -5.303421376416713962, 1.199999999999999734, 4.128253853846968191 ) ) ;
#995 = DIRECTION ( 'NONE',  ( -0.03487826274237470353, -0.9987827659587182882, -0.03487826274237469659 ) ) ;
#996 = PRODUCT_DEFINITION ( 'UNKNOWN', '', #457, #87 ) ;
#997 = VERTEX_POINT ( 'NONE', #286 ) ;
#998 = CARTESIAN_POINT ( 'NONE',  ( -5.425240077531527483, 1.199999999999999734, -4.100458418710128505 ) ) ;
#999 = EDGE_CURVE ( 'NONE', #610, #374, #100, .T. ) ;
#1000 = CARTESIAN_POINT ( 'NONE',  ( -5.330328886572463176, 0.000000000000000000, -4.599890282026210642 ) ) ;
#1001 = CARTESIAN_POINT ( 'NONE',  ( -5.751944448902343687, 0.000000000000000000, -4.599890282026209753 ) ) ;
#1002 = CYLINDRICAL_SURFACE ( 'NONE', #947, 0.4450000000000002842 ) ;
#1003 = ORIENTED_EDGE ( 'NONE', *, *, #551, .F. ) ;
#1004 = CARTESIAN_POINT ( 'NONE',  ( -5.812057078629608853, 0.7769497639300135816, -4.362057078629609563 ) ) ;
#1005 = PRESENTATION_LAYER_ASSIGNMENT (  '', '', ( #53 ) ) ;
#1006 = AXIS2_PLACEMENT_3D ( 'NONE', #177, #434, #647 ) ;
#1007 = EDGE_CURVE ( 'NONE', #719, #458, #518, .T. ) ;
#1008 = CARTESIAN_POINT ( 'NONE',  ( -5.303421376416713962, 0.7705302760326125933, 4.572982771870466756 ) ) ;
#1009 = CARTESIAN_POINT ( 'NONE',  ( 5.321417283556545641, 1.199999999999999734, -4.128253853847091648 ) ) ;
#1010 = DIRECTION ( 'NONE',  ( 0.000000000000000000, 0.000000000000000000, 1.000000000000000000 ) ) ;
#1011 = ORIENTED_EDGE ( 'NONE', *, *, #933, .T. ) ;
#1012 = CARTESIAN_POINT ( 'NONE',  ( -5.303421376416713073, 1.199999999999999289, 4.557985358636116757 ) ) ;
#1013 = CARTESIAN_POINT ( 'NONE',  ( 5.303421376416713962, 1.199999999999999734, 4.128253853846965526 ) ) ;
#1014 = CARTESIAN_POINT ( 'NONE',  ( 5.927708363793581903, 0.7762488202900778012, -4.213898848881888703 ) ) ;
#1015 = DIRECTION ( 'NONE',  ( 0.7071067811865475727, 0.000000000000000000, 0.7071067811865475727 ) ) ;
#1016 = CARTESIAN_POINT ( 'NONE',  ( -5.576482857495720147, 1.199999999999999734, -3.889410178047479238 ) ) ;
#1017 = CARTESIAN_POINT ( 'NONE',  ( 5.549996655756856967, 1.199999999999999734, -3.995558502102275700 ) ) ;
#1018 = CARTESIAN_POINT ( 'NONE',  ( -5.663898848882340076, 0.7762488202900702516, 4.477708363793285962 ) ) ;
#1019 = DIRECTION ( 'NONE',  ( 0.03487826274237471047, -0.9987827659587183993, 0.03487826274237469659 ) ) ;
#1020 = CARTESIAN_POINT ( 'NONE',  ( -6.230000000000001315, 0.000000000000000000, -4.599890282026211530 ) ) ;
#1021 = CARTESIAN_POINT ( 'NONE',  ( 6.022837311223929291, 0.7746957239494097758, 4.046743544691943306 ) ) ;
#1022 = LINE ( 'NONE', #72, #608 ) ;
#1023 = DIRECTION ( 'NONE',  ( -1.000000000000000000, 0.000000000000000000, 1.227796851085061341E-15 ) ) ;
#1024 = CARTESIAN_POINT ( 'NONE',  ( 5.797283838852374416, 1.199999999999999512, -4.347283838852380455 ) ) ;
#1025 = AXIS2_PLACEMENT_3D ( 'NONE', #666, #580, #27 ) ;
#1026 = AXIS2_PLACEMENT_3D ( 'NONE', #673, #977, #275 ) ;
#1027 = DIRECTION ( 'NONE',  ( 1.000000000000000000, -0.000000000000000000, 1.595265256047970604E-16 ) ) ;
#1028 = ADVANCED_FACE ( 'NONE', ( #42 ), #143, .T. ) ;
#1029 = LINE ( 'NONE', #810, #146 ) ;
#1030 = CARTESIAN_POINT ( 'NONE',  ( -5.316484927203630306, 0.3964391269242599214, 4.586046322657381324 ) ) ;
#1031 = CARTESIAN_POINT ( 'NONE',  ( 5.535192002708070547, 0.7747325581803056194, -4.536097076571237174 ) ) ;
ENDSEC;
END-ISO-10303-21;
