l9t5_t10: Layer 9 record l9t5, task T10: the three I/O supervisors' 3.3 V regulators (finding L9T5-F06; MESHSAT-1357)
prototype design; nothing built, bought, powered or measured; nothing applied to the tree; the owner's instruction of 4 October 2026, part 7:
'verify its applicable operating conditions and give it a named correction and acceptance criterion'

1. INPUTS, pinned by sha256
   9b27d1d993a8bc5b v2/vendor/st/st-stm32h743xi-datasheet.pdf
   ef8d376f2ec356e2 v2/vendor/diodes/diodes-ap2112-ldo.pdf
   ef99daa3789d835b v2/vendor/diodes/diodes-ap63200-series-buck.pdf
   bb89f067e6a79028 v2/vendor/ti/ti-tcan334-can-fd-transceiver.pdf
   16ec2eac43c7374e v2/vendor/ti/ti-tps62933.pdf
   9ba54135736a47a3 v2/vendor/st/st-rm0433-rev8.pdf
   dbb74b6cdc543135 v2/vendor/ti/held/ti-ina169-sbos181f.pdf
   27c94a6c3a243bf5 v2/vendor/ti/held/ti-tps3701-sbvs240c.pdf
   12b6ea059a68b5c5 v2/docs/HW-FW-CONTRACT.md
   c4820a453aa7a159 v2/docs/PANEL.md
   55620cf51446bfc8 v2/docs/ARCH-PCB-B-IOHA.md
   3698cc04d8eaf75b v2/ecad/tools/gen_sch_b.py
   e307beba45d9120f v2/docs/records/l4e12/l4e12_thermal.out
   469d0820b046ef6f v2/docs/records/rv-pwr/pwr_budget.py
   29f313c17d6f8283 v2/docs/records/l8r2/l8r2_gndret.out
   be5d0a89ba007b2f v2/docs/records/l9t5/l9t5_drafts.py
   bd120fa8ed0157de v2/docs/records/l9t5/l9t5_drafts.out
   8b0aab5cdd912493 v2/docs/records/l9t5/apply_gen_sch_a_iocpre.py
   877342cb9144ec48 v2/docs/records/l9t5/apply_gen_sch_b_iocpre.py
   653635f4a67e8caa v2/docs/REQUIREMENTS-TRACE.md
   72c306adf529de13 v2/docs/records/l9t5/apply_gen_sch_b_canshdn.py
   efcfdf67f1fcab83 v2/docs/records/l9t5/apply_hw_fw_contract_t10.py
   85156e936ce21bcc v2/docs/records/l9t5/inputs/cases-cdev-rev2-20261005.md
   4f8831c8b21e2ca1 v2/docs/records/l9t5/apply_gen_sch_a_iocset.py
   ca218c9ed2f267ed v2/docs/records/l9t5/apply_gen_sch_b_iocset.py
   6b74365e476309f7 v2/docs/records/l9t5/apply_gen_sch_b_iocguard.py
   d2eed21ecffdff2b v2/vendor/battery/pdftext/samsung-35e-orbtronic.layout.txt
   f83f141c39e09df2 v2/vendor/battery/pdftext/ti-bq4050.layout.txt
   5ecf7f639ea2bf4c v2/vendor/battery/pdftext/ti-csd18510q5b.layout.txt
   0b5fe9a39d996e7a v2/vendor/coilcraft/pdftext/coilcraft-xal60xx-series.layout.txt
   9d315dec55a94ab8 v2/vendor/connectors/pdftext/jst-vh-catalogue.layout.txt
   6793d4bc0e60cc6d v2/vendor/diodes/pdftext/diodes-ap2112-ldo.layout.txt
   c59cee8614dfb14b v2/vendor/diodes/pdftext/diodes-ap2112-ldo.plain.l1.txt
   5b6d73f6d51b2b9f v2/vendor/diodes/pdftext/diodes-ap63200-series-buck.layout.txt
   86e6d8baf3f2bd0f v2/vendor/diodes/pdftext/diodes-ap63200-series-buck.plain.l1.txt
   523141f25b1ce791 v2/vendor/diodes/pdftext/diodes-ap64500.plain.l1.txt
   e1ad9f624efd2d98 v2/vendor/mitsubishi/pdftext/ra30h1317m1-datasheet.layout.txt
   0645dd67a4e97ebd v2/vendor/power/pdftext/ti-tlv755p-ldo.plain.l1.txt
   6830354f577b4bad v2/vendor/power/pdftext/tps2596.plain.txt
   d72c6fc8d3f977aa v2/vendor/st/pdftext/st-rm0433-rev8.layout.p2464.txt
   609cb3ecd86269dd v2/vendor/st/pdftext/st-rm0433-rev8.layout.p2470.txt
   c3f16d5193846333 v2/vendor/st/pdftext/st-rm0433-rev8.layout.p2527.txt
   e4289fd5af43153c v2/vendor/st/pdftext/st-rm0433-rev8.layout.p2534.txt
   c5808370bfd34450 v2/vendor/st/pdftext/st-rm0433-rev8.layout.p279.txt
   116e7e78e9dd104d v2/vendor/st/pdftext/st-rm0433-rev8.layout.p349.txt
   8b51c389f0e8ace7 v2/vendor/st/pdftext/st-stm32h743xi-datasheet.layout.txt
   c0af7c237c60aa9f v2/vendor/ti/held/pdftext/ti-ina169-sbos181f.layout.txt
   23961b85e31fdbb3 v2/vendor/ti/held/pdftext/ti-ina250-sbos511c.layout.txt
   c14b11b145fa3215 v2/vendor/ti/held/pdftext/ti-tps3701-sbvs240c.layout.txt
   6399dcdabf2895da v2/vendor/ti/pdftext/lm5176-datasheet.layout.txt
   234fbb73ef374502 v2/vendor/ti/pdftext/ti-ina226.layout.txt
   810dc4dbcf529687 v2/vendor/ti/pdftext/ti-tcan334-can-fd-transceiver.layout.txt
   da725d6f1fcac1bd v2/vendor/ti/pdftext/ti-tlv758p.layout.txt
   dae07174ea3a294c v2/vendor/ti/pdftext/ti-tlv9062-op-amp.layout.txt
   010f30f3bffdad5f v2/vendor/ti/pdftext/ti-tps62933.layout.txt
   a4965834fb931ea9 v2/vendor/ti/pdftext/ti-tps62933.plain.l1.txt
   3a3efdb44c14796b v2/vendor/vishay/pdftext/vishay-wsl-power-metal-strip.layout.txt

2. THE APPLICABLE OPERATING STATE OF A SUPERVISOR (U41, U51, U61, STM32H743VIT6), AS THE TREE DEFINES IT
   v2/docs/HW-FW-CONTRACT.md: 11 rows name the supervisors (their I2C target addresses, CAN FD at 1 Mbps or less, the quorum, the vote rate);
     rows that bound a run mode, a clock or a voltage scale: NONE
   v2/docs/PANEL.md: rows that bound them: NONE
   v2/docs/ARCH-PCB-B-IOHA.md (Power): 'roughly 60 mA each at 3.3 V with the core clocked to what CAN-FD timing needs, not to 480 MHz': an INTENT, with no clock,
     no voltage scale, no acceptance and no measured or printed current (DECLARED, architecture text)
   v2/ecad/tools/gen_sch_b.py: a 25 MHz crystal a controller (HSE); each +3V3_IOCx DECLARED 0.12 A typical, 0.25 A peak, its loads 0.060 A for
     the controller and 0.020 A for each of its three other parts
   firmware in the tree: v2/firmware holds panel only: NO supervisor firmware
   rv-pwr's budget (the case's loads): 33 / 71 / 400 mA a controller (LOW, PLAN, HIGH) plus 60 mA of its other parts (DECLARED)
   FINDING: THE STATE IS UNBOUNDED. Nothing in the tree defines, limits or tests a supervisor's run mode, clock or voltage scale; the
     architecture's 60 mA is an intent, and the part runs whatever its firmware sets, up to the worst state its sheet prints

3. ST'S PRINTED ROWS (DS12110 Rev 10; Run mode, code with data processing from ITCM, the regulator ON; mA; the maxima are the sheet's
   characterization results (its table note 2), rev Y's 400 MHz all-peripherals figures at TJ 25 and 105 C tested in production: PRINTED). The order code STM32H743VIT6 does
   not fix the silicon revision, so both revisions' tables apply: rev Y, Table 30 (p.111); rev V, Table 129 (p.218)
   rev  state                                  typ   max at TJ 25 C   85 C  105 C  125 C
   Y    VOS3  25 MHz, all peripherals disabled  10.0             24     99    160    270
   Y    VOS3  60 MHz, all peripherals disabled  13.0             28    110    160    280
   Y    VOS3 144 MHz, all peripherals disabled  25.0             41    120    180    290
   Y    VOS3 200 MHz, all peripherals disabled  33.0             50    130    190    300
   Y    VOS3 200 MHz, all peripherals enabled   78.0            110    220    300    470
   Y    VOS1 400 MHz, all peripherals disabled  71.0            110    210    290    540
   Y    VOS1 400 MHz, all peripherals enabled  165.0            220    400    500    840
   V    VOS3  25 MHz, all peripherals disabled  12.0             24     83    126    185
   V    VOS3  60 MHz, all peripherals disabled  16.0             36     92    135    194
   V    VOS3 144 MHz, all peripherals disabled  35.0             55    109    153    212
   V    VOS3 200 MHz, all peripherals disabled  47.0             71    121    164    223
   V    VOS3 200 MHz, all peripherals enabled   76.0            116    174    233    313
   V    VOS1 400 MHz, all peripherals disabled 110.0            168    230    296    384
   V    VOS1 400 MHz, all peripherals enabled  167.0            256    327    416    536
   V    VOS0 480 MHz, all peripherals enabled  226.0            348    439    550      -
   the package (Table 230, p.346): LQFP100 junction to ambient 45.0 C/W (PRINTED); maximum junction 125 C (Table 23, p.105; VOS0: 105 C);
   suffix 6 ambient to 85 C at maximum dissipation; VDD 1.62 to 3.6 V (PRINTED)
   rv-pwr's HIGH, 400 mA, is rev Y's 400 MHz row with all peripherals enabled AT TJ 85 C; the same row prints 840 mA at TJ 125 C

4. THE JUNCTION TEMPERATURE at L4-E12's inside air, 76.25 C (E5's dwell, MODELED; 81.89 C in the exhaust; inside the part's 85 C ambient)
   a controller dissipates VDD x IDD (its own regulator is linear): at that air its junction reaches 125 C at 0.328 A. Above that current the
   H743 ITSELF is outside its rating, whatever regulator feeds it. Each state's operating point TJ = air + 45.0 C/W x 3.3 V x Imax(TJ), the
   maxima interpolated between their printed columns (MODEL on PRINTED figures):
   Y    VOS3  25 MHz, peripherals disabled  TJ 95.9 C at 0.1322 A
   Y    VOS3  60 MHz, peripherals disabled  TJ 97.1 C at 0.1402 A
   Y    VOS3 144 MHz, peripherals disabled  TJ 101.4 C at 0.1691 A
   Y    VOS3 200 MHz, peripherals disabled  TJ 104.0 C at 0.1871 A
   Y    VOS3 200 MHz, peripherals enabled   NO OPERATING POINT at or under 125 C: the controller is outside its rating at this air in this state
   Y    VOS1 400 MHz, peripherals disabled  NO OPERATING POINT at or under 125 C: the controller is outside its rating at this air in this state
   Y    VOS1 400 MHz, peripherals enabled   NO OPERATING POINT at or under 125 C: the controller is outside its rating at this air in this state
   V    VOS3  25 MHz, peripherals disabled  TJ 90.3 C at 0.0943 A
   V    VOS3  60 MHz, peripherals disabled  TJ 92.2 C at 0.1075 A
   V    VOS3 144 MHz, peripherals disabled  TJ 96.0 C at 0.1333 A
   V    VOS3 200 MHz, peripherals disabled  TJ 98.5 C at 0.1501 A
   V    VOS3 200 MHz, peripherals enabled   TJ 119.4 C at 0.2906 A
   V    VOS1 400 MHz, peripherals disabled  NO OPERATING POINT at or under 125 C: the controller is outside its rating at this air in this state
   V    VOS1 400 MHz, peripherals enabled   NO OPERATING POINT at or under 125 C: the controller is outside its rating at this air in this state
   V    VOS0 480 MHz, peripherals enabled   NO OPERATING POINT at or under 105 C: the controller is outside its rating at this air in this state
   so at the hot stop's air the worst state the sheet prints is not a state the controller can hold; what bounds it must be the firmware's
   configuration, and no document bounds that (section 2)

5. THE AUXILIARIES' AND THE PERIPHERALS' SHARE
   DECLARED: 0.060 A a supervisor for its three other parts (two TCAN334D transceivers and the SWD and LED branch), in rv-pwr and in the generator
   PRINTED (TI TCAN334, SLLSEQ7F 5.5): ICC recessive 3.5 mA maximum; dominant 55 mA maximum at 60 Ohm (60 mA at 50 Ohm); dominant with a bus
   fault 180 mA maximum. Two transceivers: 7.0 mA recessive, 120 mA while both drive dominant bits, 360 mA with both buses faulted
   so the declared 60 mA covers one transceiver dominant; both dominant at once is a momentary 120 mA (a frame's dominant bits), and the bus
   fault row is a fault state. The controller's own peripherals (two FDCAN, I2C1, the ports, the watchdog) are in neither printed row: the
   'disabled' rows carry none and the 'enabled' rows carry all; their sum for the enabled set is OWED to the contract row (T10-A1)

6. THE DEMAND ON ONE REGULATOR, AS A RANGE
   declared typical (the generator, PLAN-like)                         0.1200 A  DECLARED
   BOUNDED: VOS3, HCLK at most 144 MHz, peripherals as section 5 owes: the controller 0.1691 A at its operating point (TJ 101.4 C; the larger
     revision), plus the declared auxiliaries                          0.2291 A  MODEL on PRINTED maxima and DECLARED auxiliaries; 0.3091 A while both
     transceivers drive dominant bits (momentary)
   the case's HIGH (rv-pwr; C-DEV rev 1's supervisors)                 0.4600 A  PRINTED row at TJ 85 C plus DECLARED auxiliaries; no operating point
     at this air (section 4)
   THE WORST NOTHING FORBIDS: rev Y at 400 MHz, all peripherals, the TJ 125 C column: 0.9000 A (0.9800 A with both transceivers dominant);
     no operating point at this air: the controller overheats first
   so the demand is 0.2291 A where a contract bounds the state, and anything up to 0.9000 A where none does

7. THE REGULATOR AS DRAWN: AP2112K-3.3 (Diodes DS39724 Rev. 2 - 2), one a supervisor, fed from +5V_IOC (I-03's draft: 4.8719 to 5.1329 V)
   PRINTED: output current 600 mA minimum capability; dropout 8 / 200 / 400 mV maximum at 10 / 300 / 600 mA (p.8); input 2.5 to 6.0 V; ambient to
   85 C (p.3); SOT25 junction to ambient 184 C/W, no heat sink (p.3); junction 150 C (absolute maximum, p.3); thermal shutdown 160 C (TYPICAL
   behaviour, no maximum trip printed: never an acceptance); foldback short current 50 mA (TYPICAL). It drops its whole input to 3.3 V: at
   the 5.1329 V maximum, 1.8329 V times its current
   its THERMAL limit at the 76.25 C air: junction 150 C at 0.2187 A; 125 C (this record's criterion, SESSION) at 0.1445 A: it binds far under the 600 mA
     declared typical           0.1200 A: junction  116.7 C: inside the 125 C criterion
     the bounded state          0.2291 A: junction  153.5 C: OVER the absolute maximum
     the declared peak          0.2500 A: junction  160.6 C: OVER the absolute maximum
     the case's HIGH            0.4600 A: junction  231.4 C: OVER the absolute maximum
     the worst nothing forbids  0.9000 A: junction  379.8 C: OVER the absolute maximum; over its 600 mA capability
   FINDING (wider than L9T5-F06 stated it): the deficit is thermal before it is a current limit. As drawn the regulator passes its absolute
   maximum junction at the case's own HIGH (C-DEV rev 1's supervisors), not only in the TJ 125 C state; and with the state unbounded
   nothing keeps the demand under either limit. Moving the LDOs to +5V_IOC (I-03) did not change this; a ground return does not address it

8. THE CORRECTIONS COMPARED (three), THE SELECTION AND ITS ACCEPTANCE CRITERION
   K1 A REGULATOR PER SUPERVISOR that covers the worst: a buck in place of each LDO, the part board B already fits as U25, AP63203WU-7 (Diodes
      DS41326 Rev. 3 - 2: 2 A, input 3.8 to 32 V, TSOT26 89 C/W, junction 160 C absolute; PRINTED). At an efficiency of 0.88 (DECLARED, U25's; its 5 V input
      curve is NOT PLOTTED): junction 85.4 C at the bounded demand and 112.3 C at the worst (MODEL); U601's load 0.5401 A bounded, 2.1218 A at the worst,
      against its 3 A (PRINTED); the lead's pin 1 the same. Changes: board B, three bucks with an inductor, a bootstrap and two output
      capacitors each in the supervisors' pockets, the LDOs' lands and value texts, switching ripple on each controller's VDD and VDDA; board A
      none. Physical: the pockets' placement and routing, the ripple, the start. It does NOT make the unbounded state hold: the controller
      itself has no operating point there (section 4), so K2's row is needed with it as well
   K2 A CONTRACT ROW THAT BOUNDS THE STATE (Layer 5's; its text below), the circuit as drawn: the demand becomes 0.2291 A; the LDO's junction
      153.5 C at this air: OVER the 150 C absolute maximum by 3.5 K, over the 125 C criterion. Changes: none on either board; a firmware
      acceptance and a measured current. Alone it does not hold: the bound is needed and is not enough
   K3 THE SUPERVISORS FED DIFFERENTLY: U601 (board A, I-03's own buck, which feeds nothing else) as a PRE-REGULATOR for the LDOs. Its set point
      is the least on the E96 series, R601 kept, that holds each LDO's input over its requirement at its full 600 mA (3.7693 V: VOUT +1.5 %, load
      regulation 1 %/A, dropout 400 mV; PRINTED) after the rail's 2 % budget, the lead at three times 600 mA and the return's shift AS DRAWN
      (0.0681 V, record l8r2): R602 13.3 k, 4.1805 V nominal, 4.0711 to 4.2907 V; the LDOs' input then at least 3.8428 V
      an LDO drops at most 0.9907 V: junction 125 C at 0.2674 A, 150 C at 0.4046 A (as drawn 0.1445 and 0.2187 A). Junctions: typical 98.1 C, bounded
      118.0 C, the declared peak 121.8 C, the case's HIGH 160.1 C (still over), the worst not covered. Changes: board A, one resistor value and
      the rail's declarations; board B, declarations only (no part, no net); U601's load is the LDOs' own current (1.3800 A at the case's HIGH),
      the lead's pin 1 the same. Physical: the LDOs' real thermal resistance on board B's copper, U601's efficiency at this output, the LDOs'
      accuracy between their dropout and 4.3 V (the sheet tests VOUT at 4.3 V and prints line regulation from 4.3 V; the input here is
      3.8428 to 4.2907 V, inside the printed 2.5 to 6.0 V supply range). A shared 3.3 V buck with no LDO was not taken: it removes each
      controller's own regulator, on which the architecture's failure domains rest
      NOT INSIDE THE BOUND, each row judged against its own limit. Three figures kept apart: 125 C, T10's design criterion (SESSION);
      150 C, the AP2112K's printed absolute maximum junction (DS39724 Rev. 2-2, Absolute Maximum Ratings, p.3), never to be exceeded and never
      an operating target; 160 C, its thermal shutdown, TYPICAL behaviour only (p.8, no maximum trip printed), which shows no protection below
      150 C and is no acceptance. A row over 125 C in a state the design must serve, or over 150 C in any state, FAILS its thermal bound.
      Every junction below is a MODEL figure (the inside air, the printed 184 C/W and the current), never a measured temperature
      (m) both transceivers driving dominant, held: 0.3091 A, junction 132.6 C MODEL with the pre-regulator (180.5 C MODEL as drawn). IN T10's
          SCOPE: normal traffic sets its average. Against 125 C: FAILS at the held figure. A held drive is ended by the parts: the TCAN334's
          driver dominant time-out frees the bus after 1.2 to 3.8 ms (SLLSEQ7F, tTXD_DTO, PRINTED) and the protocol forces recessive bits
          (6.3.7, p.20); but the average a supervisor's traffic sets is bounded by no row (FW-B09 bounds the rate, 1 Mbps or less, not the
          share), and T10-A2 is judged at the DECLARED 0.020 A a transceiver. OPEN DEFECT L9T5-F13: it closes when a contract row bounds each
          supervisor's transmit share so that its transceivers' average stays at or under that declaration (round 5: drafted, section 10d)
          or when the regulator holds 125 C at the bounded share (owners: Layer 5 for the row; board B's generator owner for the
          declaration). As drawn: FAILS, L9T5-F06
      (f1) one fabric faulted, its transceiver driving dominant into the fault (the 180 mA row's condition: TXD = 0 V, CANH = -12 V, RL open;
          SLLSEQ7F 5.5, p.6), the other transceiver recessive: 0.3726 A, junction 144.2 C MODEL (201.9 C MODEL as drawn). Each supervisor has a
          transceiver on each fabric, so the row applies to all three regulators. A FAULT STATE OUTSIDE T10's SCOPE (the steady demand on
          C-DEV rev 1) which the design must serve: ARCH-PCB-B-IOHA.md section 12 row 7 ('quorum continues on the other fabric') and its test
          A7. Against 125 C: FAILS (under 150 C). The driver's time-out ends a held TXD, not the controller's repeated attempts, and the current is
          under the 600 mA capability: no printed limit holds the junction at 125 C. COVERED BY CON-004 (round 5, V6-B3; round 4 read REQ-073
          and REQ-004 and missed it): REQUIREMENTS-TRACE.md, constraint, core, BLOCKER: 'the three talk over two independent CAN-FD fabrics with separate transceivers and termination.'; accepted when 'Netlist shows three independent supply branches and two fabrics; A7 (either fabric cut, the quorum holds) passes.'
          Row 7 ('One CAN fabric breaks or a transceiver fails dominant') is a failure the design must survive: 'quorum continues on the other fabric'; its test A7 'cut fabric A, then fabric B, one at a time'.
          So this state's closure is REQUIRED for CON-004. A7 as written cuts the bus (the break links): it does not exercise this row's bus
          fault, which needs its own analysis (section 10e). OPEN DEFECT L9T5-F16 (owners: Layer 5 for the firmware rows, CON-004's 'b, fw_ioctrl').
          The response drafted in round 5 (section 10f) ends the dominant drive by the firmware's schedule and a transceiver shutdown, the
          service lost stated: that supervisor silent on the faulted fabric, quorum on the other (row 7). As drawn: FAILS, L9T5-F06 as well
      (f2) both fabrics faulted, both transceivers driving into their faults: 0.5491 A, junction 176.3 C MODEL (261.4 C MODEL as drawn), on all three
          regulators. A double fault outside T10's scope (row 8, and A7's 'with both broken nothing moves'). Against 150 C, in any state: FAILS.
          The current is under the capability, so no printed limit acts, and the typical shutdown is no acceptance. COVERED BY CON-004 through
          row 8 ('Both CAN fabrics break': 'no controller can form a majority; firmware rule is that a c...') and A7's 'with both broken nothing moves': 'nothing moves' is the
          accepted outcome, but the regulators must survive it. OPEN DEFECT L9T5-F17 (owners as F16). The response must hold each regulator
          inside 150 C (or cut the transceivers' current) with the service lost stated: both fabrics silent, no majority, the voters at the
          home assignment (row 8); drafted in round 5 (section 10f). As drawn: FAILS
      the foldback (the output short's behaviour) acts in no row
   SELECTED (SESSION): K3 WITH K2's ROW AS ITS CONDITION, A DRAFTED CANDIDATE, UNCHECKED. Why: the state must be bounded under every option,
   because the controller itself has no operating point above it (section 4); with the bound the demand is 0.2291 A, which K2 alone does not hold (153.5 C)
   and K3 holds at 118.0 C on a one-resistor change in a draft this record already owns; K1 covers currents the controller cannot draw at this
   air and costs three switching stages in board B's tightest area. To reverse: drop apply_gen_sch_?_iocpre.py (the drafts are separate from
   I-03's) and take K1; it becomes necessary if Layer 5 cannot bound the state or the bench reads the LDOs hotter than the printed figure
   NOT the owner's: no requirement changes and no money beyond a resistor value. Layer 5's row is its owner's to accept (text below)
   THE ACCEPTANCE CRITERION (T10), every condition required:
   T10-A1 the contract carries a row that bounds each supervisor to VOS3 and HCLK at most 144 MHz (the least printed row over the 64 MHz it is
          taken to start at, an ASSUMPTION: RM0433 is not held; the row's owner confirms the reset state is inside the bound), with
          only the peripheral clocks the board uses (FDCAN1, FDCAN2, I2C1, the ports in use, the watchdog) enabled, and a firmware acceptance:
          the clock tree and the voltage scale read back at start and refused otherwise; the printed figure for that state with the enabled
          set's own currents summed, or the supply current measured on the first article at a junction of at least 105 C
   T10-A2 at 76.25 C inside air and that state's demand (0.2291 A here), each regulator's junction is at most 125 C on its printed thermal
          resistance (118.0 C with K3; 153.5 C as drawn), and at its declared peak 0.25 A (121.8 C with K3)
   T10-A3 each LDO's input stays over its requirement at its full 600 mA at the least set point, with the return as drawn: 3.8428 V against
          3.7693 V (+0.0735 V)
   T10-A4 the draft composes in L4-E9's order after I-03's, its divider is read in the regenerated netlist with a mutation that fails, and
          the declarations it writes are read in the intent (section 9)
   T10-A5 PHYSICAL, on the first article: each LDO's case temperature at the bounded state in a 76 C chamber, and each supervisor's supply
          current in that state; a supervisor forced out of the bound (a firmware fault) must be returned inside it by a response that acts
          before the LDO's junction reaches 150 C (the clock read-back's reset or the watchdog), the voters at their default meanwhile and the
          service lost stated; the LDO's thermal shutdown (160 C, TYPICAL, no maximum trip printed) is no acceptance: Layer 5's FMEA row
   LAYER 5'S ROW, TEXT FOR ITS OWNER (HW-FW-CONTRACT.md section 3.3, a new FW-B row; not applied by this record):
     | FW-Bxx | the supervisors' supply: a private AP2112K-3.3 each from the pre-regulated +5V_IOC (record l9t5 T10) | Run each supervisor at
       VOS3 with HCLK at most 144 MHz (no PLL above it); enable only FDCAN1, FDCAN2, I2C1, the GPIO ports in use and the IWDG; read the clock
       tree and the voltage scale back at start and stay in reset-safe outputs if they differ; never raise either at run time | record l9t5
       l9t5_t10.out (ST DS12110 Rev 10 Tables 30 and 129; Diodes DS39724 Rev. 2-2) | supply current of each supervisor in that state at a
       junction of at least 105 C; each LDO's case temperature in a 76 C chamber | OWED |

9. THE SELECTED CIRCUIT CHANGE, DRAFTED (apply_gen_sch_a_iocpre.py, apply_gen_sch_b_iocpre.py; release-guarded by RELEASE-T10.md; after I-03's drafts)
   apply_gen_sch_a_iocpre.py: without I-03's draft refused; after it: check OK, applied OK (4 edits), second application refused; the tree's gen_sch_a.py refused
   apply_gen_sch_b_iocpre.py: without I-03's draft refused; after it: check OK, applied OK (2 edits), second application refused; the tree's gen_sch_b.py refused
   board A composed in L4-E9's order, this draft straight after I-03's (21 drafts): every step OK
     the generator ran to its end (814 parts, 0 unplaced, intent written: yes)
   board B composed in L4-E9's order, this draft straight after I-03's (13 drafts): every step OK
     the generator ran to its end (1479 parts, 0 unplaced, intent written: yes)
     board A composed with the T10 draft sha256 705bf729c0dba042
       A BUCK DRAWN
       A LEAD DRAWN
       A EN   DRAWN
       A DEV  DRAWN
       A DIV  DRAWN
     board B composed with the T10 draft sha256 958909180fdc5835
       B LDO  DRAWN
       B LEAD DRAWN
       PAIR DRAWN
     record l9t5's supervisors' buck and lead on the netlists: DRAWN
       A DECL DRAWN (the peak's basis here: the three LDOs' own current at the case's HIGH, 1.3800 A)
       B DECL DRAWN (the peak's basis here: the three LDOs' own current at the case's HIGH, 1.3800 A)
   the intent: board A +5V_IOC 4.18 V, v_work 4.30 V, 0.36 A typical, 1.3800 A peak; VBAT's entry for U601 0.12 A; board B +5V_IOC 4.18 V,
     1.3800 A peak; the three +3V3_IOCx at efficiency 0.79, 0.79, 0.79
   the divider read on the netlist: 56.2k 0.1% 25ppm over 13.3k 0.1% 25ppm: 4.1805 V nominal by the checker's arithmetic: EQUALS section 8's selection (R602 13.3 k)
     old state: board A composed WITHOUT the T10 draft, read for the pre-regulator sha256 b63c147100ff1f97
       A DIV  FAIL: the divider is 56.2k 0.1% 25ppm over 10.7k 0.1% 25ppm, wanted 56.2k 0.1% over 13.3k 0.1%; the output band 4.872 to 5.133 V leaves 4.05 to 4.31 V
     record l9t5's supervisors' buck and lead on the netlists: FAIL
     mutation: R601's rail end and R602's ground end exchanged (the divider inverted) sha256 a33461e40f74f204
       A DIV  FAIL: the divider is 13.3k 0.1% 25ppm over 56.2k 0.1% 25ppm, wanted 56.2k 0.1% over 13.3k 0.1%; the output band 0.967 to 1.012 V leaves 4.05 to 4.31 V
     record l9t5's supervisors' buck and lead on the netlists: FAIL
   JUDGED ON C-DEV REV 1 (the device rail's case), with the draft composed:
   (1) U7: unchanged, 6.0359 A against 7.0957 A (+1.0598 A): the supervisors are on +5V_IOC either way: HOLDS
   (2) U601 and the lead's pin 1: the LDOs' own current at the case's HIGH 1.3800 A (an LDO passes its output current; I-03's 1.4749 A was the
       5 V case's constant-power convention), against U601's 3 A (PRINTED) and the VH's 10 A; U601's limit 5.15 A unchanged: HOLDS
       U601 at 4.18 V out is inside the TPS62933's output range (PRINTED 0.8 to 22 V); its inductor 6.8 uH is Table 10-2's value for 5 V, the 3.3 V
       row gives 4.7 uH: between the two printed rows (TYPICAL guidance; its efficiency at this output is NOT PLOTTED)
   (3) the LDOs' input: at least 3.8428 V at three times 600 mA with the return as drawn, against 3.7693 V: HOLDS; at most 4.2907 V, inside the
       AP2112's 6.0 V and under D900's 5 V standoff
   (4) the regulators' junctions at 76.25 C air: bounded demand 118.0 C, declared peak 121.8 C against the 125 C criterion: HOLDS under T10-A1's
       bound. At the case's HIGH for the supervisors (0.46 A a regulator) the junction reads 160.1 C: NOT COVERED, with or without this draft
       (231.4 C as drawn): the case's HIGH is the unbounded state's TJ 85 C figure, which T10-A1 removes; until Layer 5 accepts that row the
       budget keeps it and this item stays open against it
   (5) the return between the boards: the draft adds no load and no contact; I-03's connected-path row is unchanged (CONDITIONAL on record
       l8r2's return, l9t5_drafts.out section 6)
   THE DRAFT ON C-DEV REV 1: items 1 to 3 hold; item 4 holds only under T10-A1's bound. T10-A1 (Layer 5's row) and T10-A5 (the bench) are NOT met by
   anything in this tree; item 4 at the case's HIGH is NOT COVERED

10. ROUND 5 (5 October 2026): THE INDEPENDENT CHECK V6's ITEM C AND V6-B3; T10-A1's ROW, F13, F16 AND F17 WITH THEIR RESPONSES
   V6 (an AI review of candidate 7a82e82a) read T10 CONFIRMED AS CONDITIONAL, not on T10-A1 alone: F13 needs a transmit-share row, F16
   and F17 fault responses traced to CON-004, and the case row's supervisor figure revised; round 4's sentence that placed both fault
   states outside every requirement was wrong (V6-B3). Labels as above; every junction is a MODEL figure, never a measurement

   10a. THE REQUIREMENT, READ WHERE IT IS WRITTEN (V6-B3; round 4 read REQ-073 and REQ-004 and missed it)
   CON-004 (REQUIREMENTS-TRACE.md; constraint, core, BLOCKER): 'Each I/O supervisor has its own regulator branch, reset supervisor, watchdog, crystal and SWD pads, and the three talk over two independent CAN-FD fabrics with separate transceivers and termination.'
     accepted when: 'Netlist shows three independent supply branches and two fabrics; A7 (either fabric cut, the quorum holds) passes.'; allocated to b, fw_ioctrl
   ARCH-PCB-B-IOHA.md section 12 ('Every row is a failure this design is supposed to survive or is knowingly exposed to'):
     row 7 'One CAN fabric breaks or a transceiver fails dominant': quorum continues on the other fabric; detected by bus-off and error counters on the broken fabric
     row 8 'Both CAN fabrics break': no controller can form a majority; firmware rule is that a controller without quorum does not act, so the voters hold the home assignment; detected by each controller sees both fabrics silent
   section 13, test A7 'Heartbeat fabric break': method 'cut fabric A, then fabric B, one at a time'; pass: the quorum kept through each cut (paraphrased: the source's verb is a word this
     record does not print), 'the broken fabric reports bus-off', 'with both broken nothing moves'
   So F16 (one fabric faulted, row 7) and F17 (both, row 8) are inside a mandatory core constraint: their closure is REQUIRED for
   CON-004. A7 as written CUTS a fabric (the 0 Ohm break links R508 to R513): it exercises an open, not a shorted bus, and not the
   TCAN334's 180 mA bus-fault row (TXD 0 V, CANH -12 V, RL open); the shorted-bus variants are analysed in 10e and named in V-B21
   CON-017: '(5) the fitted supervisors are silicon revision V or X'; '(4) the supervisor firmware builds for the STM32H743 and refuses to run both FDCAN fabrics on revision Y or W' (V6-m9). So L9T5-F14's two revisions are
     settled at assembly: the fitted part is V or X. DS12110 Rev 10 prints rev Y (section 6) and rev V (section 7) only, no rev X
     section; T10 keeps rev Y's larger rows as the cover for a rev X part (CONSERVATIVE for rev V by construction, an ASSUMPTION for
     rev X), and rev V's rows as the fitted revision's own figures

   10b. THE REFERENCE MANUAL IS HELD (RM0433 Rev 8, v2/vendor/st/st-rm0433-rev8.pdf, filed 27 September 2026; round 4 took it as not held)
   p.279: 'After reset, the system starts on the lowest Run mode voltage scaling (VOS3)'; p.349: 'After a system reset, the HSI is selected as system clock and all PLLs are switched OFF';
   DS12110 Rev 10: fHSI 64 MHz. So T10-A1's ASSUMPTION is replaced by the printed reset state, HSI at 64 MHz and VOS3: INSIDE the bound
   (VOS3, at most 144 MHz), and the bound stays the least printed row over it
   p.2464: '...or by going Bus_Off. While INIT bit in FDCAN_CCCR register is set, message transfer from and to the CAN bus is stopped, the status of the CAN bus output FDCAN_TX is recessive (high)'
   p.2534: 'If the device goes Bus_Off, it sets FDCAN_CCCR.INIT of its own, stopping all bus activities. Once FDCAN_CCCR.INIT has been cleared by the CPU, the device waits for 129 occurrences of bus Idle' (no automatic recovery)
   p.2470: '...the automatic retransmission may be disabled via FDCAN_CCCR.DAR'; p.2527: FDCAN_CCCR bit 6 DAR. With DAR = 1 a frame is sent once and
     never repeated by the controller, so every transmission is one the firmware scheduled

   10c. THE BOUNDED STATE WITH THE ENABLED PERIPHERALS (V6-m10; T10-A2 restated), AND THE AIR EACH FIGURE IS JUDGED AT
   rev Y, Table 39, p.117 to 122, VOS3, TYPICAL uA/MHz: FDCAN registers 14.0, FDCAN kernel 7.1, I2C1 registers 0.6, I2C1 kernel 1.7, GPIOA 0.9, GPIOB 0.9, GPIOC 1.3, GPIOD 0.9, GPIOE 0.8, GPIOH 0.9, SYSCFG 0.7; sum 50.9 uA/MHz (FDCAN twice: one clock enable serves both
     instances, the second count a margin for their traffic)
   rev V, Table 137, p.224 to 228, VOS3, TYPICAL uA/MHz: FDCAN registers 13.0, FDCAN kernel 6.4, I2C1 registers 0.8, I2C1 kernel 1.9, GPIOA 1.1, GPIOB 0.9, GPIOC 0.6, GPIOD 0.9, GPIOE 0.6, GPIOH 0.9, SYSCFG 0.8; sum 47.3 uA/MHz (FDCAN twice: one clock enable serves both
     instances, the second count a margin for their traffic)
   the sheet prints these as TYPICAL at 25 C only; taken to a bound here (MODEL): times the CPU clock bound 144 MHz (an upper bound for
     every bus or kernel clock FW-B20 holds at or under it, whichever clock the per-MHz figure refers to), times the ratio the printed
     maxima of ALL peripherals enabled less all disabled bear to their typical (VOS3 200 MHz, the run table; rev Y 1.333/2.000/2.444/3.778, rev V 1.552/1.828/2.379/3.103 at TJ
     25/85/105/125 C; ASSUMPTION: the subset's spread is no wider than the whole set's); plus the HSE at 0.65 mA (TYPICAL, 32 MHz row;
     the run rows do not say whether their clock source is in them, so it is added), the LSI at 280 nA (its maximum) and the two TX
     pins' switching 0.132 mA (VDD x 1 MHz x 20 pF each, the load ASSUMED)
   the controller's OTHER loads on its own 3.3 V, from the composed board B netlist (section 10f's composition): R160 100k, R260 100k, R360 100k, R480 10k, R483 10k, R486 10k, R489 10k, R492 10k, R495 10k, R498 10k, R518 10k, R63 10k, R64 10k, R65 1k, R67 100k, R68 100k, each at the LDO's
     3.3495 V (VOUT +1.5 %, PRINTED) over its value less 1 % (ASSUMED): 0.0069 A at most (the largest of the three controllers), against
     the generator's DECLARED 0.020 A for the third part; the circuit's own figure is used below (MODEL, every resistor at the full rail)
   the LDO's drop at its worst corner (part 21): the pre-regulator's top 4.2907 V less the LDO's least output 3.2505 V (98.5 %, PRINTED): 1.0402 V,
     191.4 K/A at 184 C/W (round 4 and section 8 used the nominal 3.3 V: 0.9907 V, 182.3 K/A); every junction of section 10 is at this corner
   the two transceivers at FW-B21's share (10d): 0.0046 A each. THE BOUNDED STATE, each figure with the air it is judged at:
     rev  air                       controller (TJ)        regulator   LDO junction  against 125 C
     Y    L4-E12 E5 mixed 76.25 C   0.2396 A (111.8 C)     0.2558 A     125.2 C      FAILS
     Y    L4-E12 E5 exhaust 81.89 C NO OPERATING POINT at or under 125 C: the H743 itself is outside its rating in the bounded state
     V    L4-E12 E5 mixed 76.25 C   0.1570 A (99.6 C)     0.1732 A     109.4 C      holds
     V    L4-E12 E5 exhaust 81.89 C 0.1830 A (109.1 C)     0.1992 A     120.0 C      holds
   the largest local air at which the bounded state holds 125 C at the LDO with a controller operating point: rev Y 76.23 C, rev V 84.20 C
   (V6-m10's 79.4 C was the declared peak's). JUDGED at 76.25 C, the case's air (C-DEV rev 1, L4-E12 E5's mixed air, T10-A2 as written):
     rev V holds (109.4 C); rev Y's rows, the cover for a rev X part, do NOT hold (125.2 C) at this corner (10h (1), SESSION L9T5-D7: rev V fitted).
     In the exhaust air rev V holds (120.0 C); rev Y's rows give the controller no
     operating point, which matters only for a rev X part (no printed rows) placed in air over 76.23 C: which air the pockets see is the
     inside air's question (U-02, the T-H1 mock-up), not settled here. With the generator's DECLARED auxiliaries instead (0.060 A a
     supervisor for its three other parts) rev Y reads 133.6 C and rev V 117.8 C at 76.25 C: the declaration over-covers, it does not bound

   10d. F13: THE TRANSMIT SHARE BOUNDED (FW-B21, drafted)
   With FDCAN_CCCR.DAR = 1 every frame is one the firmware scheduled (10b), so the firmware's schedule alone sets how long each TXD is
   dominant. FW-B21: each supervisor's own TXD dominant at most 2 % of every 100 ms window on each fabric, its frames, their error flags
   and its acknowledgements counted. A transceiver then averages ICC_rec + (ICC_dom - ICC_rec) x 0.02 = 3.5 + (60 - 3.5) x 0.02 = 4.63 mA
   (PRINTED 60 mA dominant at RL 50 Ohm: the bus's least RL is 59.80 Ohm, two ends of 2 x 60R4 at -1 %, between the 50 and 60 Ohm rows,
   the larger taken), under its DECLARED 0.020 A; the declaration holds for ANY dominant current up to 828.5 mA at that share, which covers
   the 180 mA bus-fault row and the 200 mA short-circuit row. The function needs far less: the quorum's frames at 1 Mbit/s or less
   (FW-B09) are a few per 100 ms; the bound is a firmware property the schedule computes, CONFIRMED on the bench by V-B21, not decided there
   The window: the junction follows the window's average when the window is short against the package's thermal time constant, which
   Diodes does not print (MISSING); whatever that constant, the junction never passes the held figure of section 8 (m) (146.4 C on rev Y
   at this air with the enabled set, under the 150 C absolute maximum)
   F13: the held row (m) stays the no-row bound; WITH THE ROW the regulator reads 109.4 C on rev V (inside 125 C) and 125.2 C on rev Y's cover
     (OVER by 0.2 K; a rev X part HELD under L9T5-D7) at 76.25 C, the worst drop's corner

   10e. THE CREDIBLE BUS FAULTS INSIDE BOARD B (V6-B3, 1a; F16 and F17 restated per fault)
   Both fabrics lie wholly on board B: the parts on CANH_*/CANL_* in the composed netlist are R470, R471, R472, R473, R504, R505, R506, R507, R508, R509, R511, R512, TP535, TP536, TP537, TP538, U43, U44, U53, U54, U63, U64, no connector among them. Board B's
   rails (the composed intent) include none below 0 V: so the bus-fault row's -12 V has no source in this kit, and that row (180 mA) is
   used only as the ASSUMED figure for the faults whose current TI does not print (B1, B2). Rails over the bus pins' 14 V absolute
   maximum: +54V_POE, MDI_A_N, MDI_A_P, POE_P: a short to one is outside every printed figure (finding L9T5-F19, not credited)
   The faulted transceiver's current while its TXD is dominant, I_f (a fault draws on ITS OWN supervisor's regulator):
     B1   CANH to GND (SOIC-8 pins 7 and 8 adjacent; STB is on GND): every dominant bit reads recessive: errors, error passive, bus-off
          I_f 0.1800 A, ASSUMED: the 180 mA row, printed at the larger voltage across the driver (CANH -12 V); at 0 V not printed
     B2   CANH to CANL (pins 6 and 7 adjacent): differential zero: every dominant bit reads recessive, as B1
          I_f 0.1800 A, ASSUMED as B1: the driver into its own low side, current-limited (6.3.7), not printed
     B3   CANL to GND: the bus still works: CANH at 2.45 V or more dominant (PRINTED) against the 0.9 V threshold
          I_f 0.0809 A, MODEL: the 60 mA row plus VO(D) CANL's 1.25 V over RL 59.80 Ohm
     B4   CANH to a 3.3 V or 5 V net (its own +3V3_IOCx the worst): the bus still works; every node's dominant bits draw the termination current from that net
          I_f 0.1160 A, MODEL: the 60 mA row plus 3.3495 V over RL; the other nodes' bits add 2 x 0.02 x 56.0 mA
     B5   CANL to a 3.3 V or 5 V net (its own +3V3_IOCx the worst): dominant reads recessive: errors, as B1
          I_f 0.2000 A, ASSUMED: IOS(DOM)'s 200 mA, printed at CANL 12 V
     B6   an open (a cut track or joint; A7's break links removed): an isolated node's frames go unacknowledged
          I_f 0.0550 A, MODEL: the 55 mA row at 60 Ohm (the open segment's RL is 120.8 Ohm, larger)
     B7a  a transceiver failed dominant: its TXD held low (a pin or a peripheral): the DTO frees the bus after 1.2 to 3.8 ms (PRINTED)
          I_f 0.0600 A, PRINTED row into the healthy bus
     B7b  a transceiver failed dominant: its driver stuck on, the DTO dead with it: the bus held dominant; no node can send
          I_f 0.0600 A, MODEL: the failed driver taken as the dominant row (a failed part; nothing printed)
   Each regulator's current and LDO junction at 76.25 C (one fabric faulted, the other at its share; IOHA row 7, a served state: 125 C):
     fault  rev  held (no DTO, no row)      the parts alone (DTO, no row)            with the response (FW-B21, SHDN drafted)
     B1     Y    0.4312 A  158.8 C FAILS     NOT BOUNDED (no row)                     0.2582 A  125.7 C FAILS
     B2     Y    0.4312 A  158.8 C FAILS     NOT BOUNDED (no row)                     0.2582 A  125.7 C FAILS
     B3     Y    0.3321 A  139.8 C FAILS     NOT BOUNDED (no row)                     0.2563 A  125.3 C FAILS
     B4     Y    0.3672 A  146.5 C FAILS     NOT BOUNDED (no row)                     0.2592 A  125.9 C FAILS
     B5     Y    0.4512 A  162.6 C FAILS     NOT BOUNDED (no row)                     0.2586 A  125.8 C FAILS
     B6     Y    0.3062 A  134.9 C FAILS     0.2976 A  133.2 C                        0.2557 A  125.2 C FAILS
     B7a    Y    0.3112 A  135.8 C FAILS     0.2597 A  126.0 C                        0.2558 A  125.2 C FAILS
     B7b    Y    0.3112 A  135.8 C FAILS     0.3112 A  135.8 C                        0.2512 A  124.3 C holds
     B1     V    0.3486 A  143.0 C FAILS     NOT BOUNDED (no row)                     0.1756 A  109.9 C holds
     B2     V    0.3486 A  143.0 C FAILS     NOT BOUNDED (no row)                     0.1756 A  109.9 C holds
     B3     V    0.2495 A  124.0 C           NOT BOUNDED (no row)                     0.1736 A  109.5 C holds
     B4     V    0.2846 A  130.7 C FAILS     NOT BOUNDED (no row)                     0.1766 A  110.0 C holds
     B5     V    0.3686 A  146.8 C FAILS     NOT BOUNDED (no row)                     0.1760 A  109.9 C holds
     B6     V    0.2236 A  119.0 C           0.2150 A  117.4 C                        0.1731 A  109.4 C holds
     B7a    V    0.2286 A  120.0 C           0.1771 A  110.1 C                        0.1732 A  109.4 C holds
     B7b    V    0.2286 A  120.0 C           0.2286 A  120.0 C                        0.1686 A  108.5 C holds
   the criterion per row (the owner's part 22; 10i reads every row again on both set points): every response and held row above is a
     SUSTAINED state (a fault on the bus stays until repaired), so 125 C applies, 150 C being the absolute maximum and never an operating
     target; the parts-alone column's B7a is a TRANSIENT the DTO ends in 3.8 ms (its row is then the recessive figure)
   Both fabrics faulted (IOHA row 8: 'nothing moves' is the accepted outcome, the regulators must survive it: 150 C in any state;
   the 125 C criterion read as well): the worst response figure on both transceivers
     rev Y: held 0.6466 A, 200.0 C (OVER 150 C); with the response 0.2626 A, 126.5 C: holds 150 C, over 125 C
     rev V: held 0.5639 A, 184.2 C (OVER 150 C); with the response 0.1799 A, 110.7 C: holds 150 C, inside 125 C
   B7b if the failed part ignores its SHDN too: its own regulator holds 0.3112 A, 135.8 C on rev Y (120.0 C rev V): under the 150 C absolute
     maximum; inside the 125 C criterion on rev V's rows (fitted, L9T5-D7), over it on rev Y's cover. SESSION decision (L9T5-D5): tolerated where
     it is over. Why: it is one part failing three of its own functions at
     once (driver, time-out, mode pin); the regulator stays inside its printed absolute maximum, so its supervisor lives and the quorum
     holds on the other fabric (row 7); the fabric's errors detect it. To reverse: a load switch on each transceiver's supply (six parts)
   So with the response, on rev V's rows (fitted, L9T5-D7) every credible single fabric fault holds 125 C (worst 110.0 C; rev Y's cover 125.9 C, over)
   and both fabrics faulted hold 150 C
   (126.5 C rev Y, 110.7 C rev V); WITHOUT a row nothing bounds B1 to B6 (the parts' own bus-off ends a burst, but no row bounds how soon
   firmware restarts,
   and B6's unacknowledged frames repeat without end under automatic retransmission: 133.2 C)

   10f. THE RESPONSE, DRAFTED AND COMPOSED
   (1) FIRMWARE: apply_hw_fw_contract_t10.py on HW-FW-CONTRACT.md (UNAPPLIED; Layer 5 rows brought forward as a named prerequisite of
       the power gate, reason and acceptance in its docstring): FW-B20 (the run state, T10-A1, RM0433's reset state inside it), FW-B21
       (DAR = 1, the 2 % share per 100 ms, a faulted fabric stopped and its transceiver shut down within 100 ms, probed once a second for
       at most 100 ms), V-B20, V-B21. On a scratch copy: check OK, written, second application refused, the tree's page untouched: yes
   (2) CIRCUIT: apply_gen_sch_b_canshdn.py (board B; release-guarded by RELEASE-T10.md): each TCAN334D's SHDN (pin 5, on no net as
       drawn: TI 6.3.6, 'The internal bias should not be relied on by design') to its controller's PD2 (fabric A) or PB14 (fabric B), 100 k
       to GND so a controller in reset leaves its transceivers in normal mode; SHDN high is the shutdown mode, driver and receiver off,
       2.5 uA at most (SLLSEQ7F 5.5, Table 6-5). Composed straight after T10's iocpre (14 drafts: every step OK): the generator ran to its end; 1485 parts
       read on the netlist: SHDN DRAWN; record l9t5's own board B check DRAWN; the state before it (no draft) FAIL; mutations: U43's pin 5
       exchanged with its pin 8 (GND) FAIL; R80 lifted from GND to +3V3_IOCB (a pull-up) FAIL

   10g. THE CASE ROW'S SUPERVISOR FIGURE, FOR THE COORDINATOR (C-DEV rev 1 carries rv-pwr's HIGH: 0.400 A a controller plus 0.060 A)
   derived: the bounded controller with its enabled set at its operating point at 76.25 C, rev Y's rows (the cover): 0.2396 A (TJ 111.8 C);
   in the budget's own form, 3 x (0.2396 + 0.060) x 3.3 = 2.966 W at +3V3_IOCx in place of 3 x (0.400 + 0.060) x 3.3 = 4.554 W; +5V_IOC then
   carries 0.8989 A in place of 1.3800 A (an LDO passes its output current). With FW-B21's share and the circuit's own auxiliaries the
   regulator carries 0.2558 A (rev Y; 0.1732 A rev V). LABELLED SCENARIO until the coordinator issues the row: section 9's (4) at the
   case's HIGH stays NOT COVERED on rev 1's figure; on this figure the LDO reads 133.6 C with the DECLARED auxiliaries and 125.2 C with
   the share and the circuit's own (rev Y)

   10h. THE FOUR QUESTIONS THE INDEPENDENT CHECK WILL ASK (the owner's review of checkpoint 2, 5 October 2026, part 21)
   (1) WHAT THE 125 C RESULT RESTS ON, WHAT CONSUMES ITS MARGIN, AND AT WHICH CORNER IT IS LOST (MODEL; each state at its own worst)
     the inputs: the air (L4-E12 E5's mixed 76.25 C, the case's; 81.89 C in the exhaust); the LDO's 184 C/W 'no heat sink' (Diodes prints no
     board for it: the layout must give each LDO at least that board's copper, a Layer 10 means, read by T10-A5); the pre-regulator's top
     4.2907 V (the divider at 0.1 % and 25 ppm/K over 65 K, VFB's printed band and IFB: every tolerance at its worst); the controller's
     printed maxima at its own junction; the enabled set's bound; the circuit's auxiliaries at the full rail; the share fully used
     rev Y, the bounded state:                 0.2558 A, 125.2 C: margin -0.22 K = -1.1 mA at the LDO; lost at a local air of 76.23 C, or at 183 C/W in place of 184;
       at the LDO's top output (the controller's current up 1.5 %, MODEL; the drop smaller) it reads 121.2 C, under the corner above
     rev Y, the worst single fault, responded: 0.2592 A, 125.9 C: margin -0.86 K = -4.5 mA at the LDO; lost at a local air of 76.17 C, or at 181 C/W in place of 184;
       at the LDO's top output (the controller's current up 1.5 %, MODEL; the drop smaller) it reads 121.8 C, under the corner above
     rev Y, both fabrics faulted, responded:   0.2626 A, 126.5 C: margin -1.50 K = -7.8 mA at the LDO; lost at a local air of 76.12 C, or at 179 C/W in place of 184;
       at the LDO's top output (the controller's current up 1.5 %, MODEL; the drop smaller) it reads 122.3 C, under the corner above
     rev V, the bounded state:                 0.1732 A, 109.4 C: margin +15.60 K = +81.5 mA at the LDO; lost at a local air of 84.20 C, or at 271 C/W in place of 184;
       at the LDO's top output (the controller's current up 1.5 %, MODEL; the drop smaller) it reads 106.7 C, under the corner above
     rev V, the worst single fault, responded: 0.1766 A, 110.0 C: margin +14.96 K = +78.1 mA at the LDO; lost at a local air of 83.90 C, or at 265 C/W in place of 184;
       at the LDO's top output (the controller's current up 1.5 %, MODEL; the drop smaller) it reads 107.2 C, under the corner above
     rev V, both fabrics faulted, responded:   0.1799 A, 110.7 C: margin +14.31 K = +74.8 mA at the LDO; lost at a local air of 83.60 C, or at 260 C/W in place of 184;
       at the LDO's top output (the controller's current up 1.5 %, MODEL; the drop smaller) it reads 107.8 C, under the corner above
     so at the worst corner (the LDO's least output, the case's air): rev V's own rows keep 14.3 K or more in every state and hold to a local air
     of 83.60 C, over the 81.89 C exhaust; rev Y's rows, the COVER this record takes for a rev X part (DS12110 prints no rev X rows), read 125.2 to
     126.5 C: they DO NOT hold 125 C at this corner (round 4 and the first pass of round 5 judged the nominal drop). What consumes the margin:
     the controller's leakage at its own junction (rev Y's 144 MHz row climbs from 120 mA at 85 C to 180 mA at 105 C), the enabled set's bound and
     the drop's corner; each kelvin of local air costs 1.71 K at the LDO on rev V's rows and 11.36 K on rev Y's (the controller's own
     operating point rises with the air, steeply on rev Y's rows near their runaway)
     THE CONTROLLER FIGURE A FITTED PART MUST MEET for the worst state (both fabrics faulted, responded) to hold 125 C at this corner: at most
     0.2318 A at its own operating point at 76.25 C air (rev V's rows: 0.1570 A; rev Y's: 0.2396 A). PROVISIONAL CHOICE (SESSION L9T5-D7): the
     supervisors are fitted in revision V (inside CON-017 (5), which admits V or X), the revision whose printed rows hold; a rev X part is
     accepted only after the supplier's V-B20 reads its supply current at the bound, at a junction of 105 C or more, at most that figure
     (specimen: three rev X STM32H743VIT6 on the first-article board B; quantity: each supervisor's supply current at FW-B20's bound and
     FW-B21's share, at its operating junction; pass limit: at most 0.2318 A); the inside air at the pockets is U-02's (the T-H1 mock-up)
   (2) THE CAN SERVICE UNDER THE BOUND (VOS3, at most 144 MHz, 2 % of every 100 ms per fabric)
     what the fabrics carry: the supervisors' quorum (state, leases, epochs, the votes' agreement; FW-B09, IOHA sections 6 and 7). Not on
     them: the modules' heartbeats (GPIO lines HB1 to HB3, FW-B01), the voted outputs (GPIO into the voters, FW-B12), FW-E07's stopped-fan
     report (board E's sensor controller, the kit bus, FW-E07 and V-E07's 5 s). The tree defines no CAN message rate; the record ASSUMES
     1 state frame per supervisor per fabric per 100 ms and a burst of 8 event frames in a window when ownership moves
     at  125 kbit/s:   250 dominant bit times a window:  1 frames of 135 bits (every bit counted dominant) with two acknowledgements each;
       the need 9 (NOT inside: a state frame per window only, the event burst spread over 0 windows)
     at  500 kbit/s:  1000 dominant bit times a window:  7 frames of 135 bits (every bit counted dominant) with two acknowledgements each;
       the need 9 (NOT inside: a state frame per window only, the event burst spread over 2 windows)
     at 1000 kbit/s:  2000 dominant bit times a window: 14 frames of 135 bits (every bit counted dominant) with two acknowledgements each;
       the need 9 (inside)
     REQ-004's 30 s for a moved bank (ownership plus re-enumeration) is 300 windows; at 125 kbit/s the event burst spreads over at most 8 of
     them; at 500 kbit/s and over it fits one window. A7: with one fabric cut the other carries the same traffic under the same share (the
     share is per fabric, not shared). CON-004's quorum needs two of three state frames inside the loss timeout the firmware sets: the
     share allows 7 to 14 a window at FW-B21's 500 kbit/s to 1 Mbit/s (1 at 125 kbit/s, which FW-B21 therefore excludes). So the bound keeps
     the service the tree requires, on the assumed message set (the firmware's to confirm
     against its real one, V-B21)
   (3) WHAT ENFORCES THE BOUND AND THE RESPONSE IN THE FAULTS THE CALCULATION USES (an unapplied contract row is no mechanism)
     HARDWARE, whatever the firmware does: the TCAN334's driver time-out frees a held TXD in 1.2 to 3.8 ms (PRINTED); the FDCAN's own bus-off
     sets INIT and holds TX recessive with no automatic restart (RM0433 p.2464 and p.2534; the count to bus-off is the CAN standard's, not
     held); any reset (the IWDG, started by option byte under FW-B10, on its own LSI) returns the reset state, inside the bound, with the TX
     pins high-impedance and each TXD on the transceiver's pull-up, recessive; SHDN rests on its 100 k in normal mode (the draft)
     FIRMWARE (FW-B20, FW-B21, enforceable only once applied and built): the clock and VOS read back at start; DAR = 1; the share; a fabric
     at error passive, bus-off or with no valid frame for 100 ms stopped and its transceiver shut down; probing once a second for 100 ms
     per fault, what acts and when (each window carries at most 2 ms of own dominant drive by the schedule, so a fault's current is
     averaged over the window whatever the detection time):
       B1, B2, B5 (bits read wrong)       each scheduled frame errs once (DAR); EP or BO stops the fabric and SHDN; the device's own bus-off backs it            the schedule's 2 ms a window; the stop within 100 ms
       B3, B4 (the bus still works)       nothing detects them: the share alone bounds the current, which the result above already counts                        every window
       B6 (an open: no acknowledgement)   each frame errs once (DAR, ACK errors); the no-valid-frame rule stops the fabric                                       within 100 ms; 2 ms a window before
       B7a (TXD held low)                 the DTO (hardware) frees the drive; the FDCAN errs; the firmware stops the fabric                                      3.8 ms
       B7b (driver stuck on, DTO dead)    every supervisor sees no valid frame; each stops the fabric and drives its SHDN; the failed part may ignore it (L9T5-D5) within 100 ms
     THE FIRMWARE AS THE FAULTING PARTY: a hang is ended by the IWDG (hardware-started, FW-B10) and leaves nothing new transmitted (DAR); with DAR
     mis-set and the CPU hung, B6's endless retransmission is the worst (133.2 C on rev Y, the parts-alone column), under the 150 C absolute
     maximum. A running firmware that breaks the share (a babbling supervisor) is bounded by both transceivers held dominant: 0.3666 A, 146.4 C on
     rev Y, under 150 C, over 125 C (it costs margin, not the regulator; its own fabric traffic is then the quorum's problem, an FMEA row
     IOHA section 12 does not carry: finding L9T5-F21). A running firmware that breaks the CLOCK bound (FW-B20) takes the controller
     itself outside its rating (section 4: no operating point over 200 MHz with the peripherals on) and can take the LDO over 150 C:
     nothing in hardware prevents it. That is a SYSTEMATIC firmware defect, closed by the firmware's verification (FW-B20's read-back,
     V-B20, CON-017 (4)'s firmware stage), not by a protective mechanism: an OPEN implementation obligation, not a desk-fixable circuit
     defect. Round 4's K1 (a buck per supervisor) would let the regulator survive it, but not the controller (SESSION decision L9T5-D6:
     K1 not taken for it; to reverse, round 4's K1)
   L9T5-F22's lever (SCENARIO for the T10 drafts' owner, not drafted): the LDOs' input held over its requirement at the largest current this
     record computes for a regulator (0.4512 A, the held B5 row on rev Y; dropout 301 mV INFERRED between the printed 300 and 600 mA points):
     3.6652 V. R602 at:
       13.7 k: 4.0818 V nominal, top 4.1895 V; the LDOs' input at least 3.7675 V (holds); rev Y's cover, both fabrics faulted, 121.6 C
       14.0 k: 4.0114 V nominal, top 4.1174 V; the LDOs' input at least 3.7004 V (holds); rev Y's cover, both fabrics faulted, 118.1 C
       14.3 k: 3.9441 V nominal, top 4.0483 V; the LDOs' input at least 3.6361 V (FAILS); rev Y's cover, both fabrics faulted, 114.8 C
     (T10-A3 as round 4 wrote it, at the full 600 mA, fails with any of them: that criterion is the drafts' owner's to restate)
   (4) THE COMPOSED CHANGES AGAINST THE CALCULATION AND THE ISSUED CASE ROW
     the contract draft's rows carry this record's figures (VOS3; at most 144 MHz; at most 2 % of every 100 ms window; no more than once a second; for at most 100 ms; no valid frame for 100 ms; FDCAN_CCCR.DAR = 1; PD2 (fabric A) and PB14 (fabric B) with 100 k; between 500 kbit/s and 1 Mbit/s): every one
     the SHDN draft's nets in the regenerated board B netlist: DRAWN (10f); the pre-regulator's divider: section 9's reading
     C-DEV rev 2 as the coordinator issued it (the copy inputs/cases-cdev-rev2-20261005.md, sha256 85156e936ce21bcc, of _runs/cases/CASES-2026-10-04.md):
     its figures against this output's (0.2558 A a regulator; 0.1732 A rev V; 0.2396 A at TJ 111.8 C; 2.966 W at +3V3_IOCx; +5V_IOC 0.8989 A; 0.0069 A at most): every one equal

   10i. THE OWNER'S REVIEW OF CHECKPOINT 3 (part 22): THE CRITERION PER STATE, AND THE SET POINT THAT BOUNDS THE BABBLING ROW
   the rule (the owner's part 22; T10's criterion since round 4): a SUSTAINED state, served or a fault the design must survive, is judged
   at 125 C, because 150 C is the absolute maximum and never an operating target; a TRANSIENT that hardware ends within a bound is
   judged at 150 C on its steady-state figure (an upper bound of any transient), and 125 C is read beside it. Hung: the FDCAN
   retransmits with the CPU hung only until the IWDG resets it (hardware-started under FW-B10; its timeout the firmware's to set); a
   babbler: a running firmware that breaks FW-B21 and still serves its watchdog is ended by nothing: SUSTAINED. The service in it: the
   babbler can deny both fabrics by arbitration, so the quorum may stop and the voters hold the home assignment (row 8's safe state);
   that a single supervisor's firmware can stop CON-004's quorum is L9T5-F21 (OPEN, Layer 5 and IOHA section 12: a voted silence of
   the babbler, its transceivers' SHDN or its LDO's EN by the other two, is the circuit direction; NOT drafted here)
   the set point delta (apply_gen_sch_a_iocset.py, apply_gen_sch_b_iocset.py, after T10's iocpre; L9T5-F22 drafted): R602 14.0k, 4.0114 V
     nominal, 3.9063 to 4.1174 V; the drop at its worst corner 0.8669 V, 159.5 K/A (13.3k: 1.0402 V, 191.4 K/A)
     state at 76.25 C (MODEL)                     rev  current    criterion        13.3k (iocpre)   14.0k (iocset)
     the bounded state (FW-B20, FW-B21)           V   0.1732 A   125 C (sustained)  109.4 C holds    103.9 C holds
     B1 with the response                         V   0.1756 A   125 C (sustained)  109.9 C holds    104.3 C holds
     B2 with the response                         V   0.1756 A   125 C (sustained)  109.9 C holds    104.3 C holds
     B3 with the response                         V   0.1736 A   125 C (sustained)  109.5 C holds    103.9 C holds
     B4 with the response                         V   0.1766 A   125 C (sustained)  110.0 C holds    104.4 C holds
     B5 with the response                         V   0.1760 A   125 C (sustained)  109.9 C holds    104.3 C holds
     B6 with the response                         V   0.1731 A   125 C (sustained)  109.4 C holds    103.9 C holds
     B7a with the response                        V   0.1732 A   125 C (sustained)  109.4 C holds    103.9 C holds
     B7b, SHDN obeyed                             V   0.1686 A   125 C (sustained)  108.5 C holds    103.1 C holds
     B7b, SHDN ignored (L9T5-D5)                  V   0.2286 A   125 C (sustained)  120.0 C holds    112.7 C holds
     both fabrics faulted, responded              V   0.1799 A   125 C (sustained)  110.7 C holds    104.9 C holds
     hung, DAR mis-set (the IWDG ends it)         V   0.2150 A   150 C (transient)  117.4 C holds    110.5 C holds
     babbling (nothing ends it)                   V   0.2839 A   125 C (sustained)  130.6 C FAILS    121.5 C holds
     the bounded state (FW-B20, FW-B21)           Y   0.2558 A   125 C (sustained)  125.2 C FAILS    117.1 C holds
     B1 with the response                         Y   0.2582 A   125 C (sustained)  125.7 C FAILS    117.4 C holds
     B2 with the response                         Y   0.2582 A   125 C (sustained)  125.7 C FAILS    117.4 C holds
     B3 with the response                         Y   0.2563 A   125 C (sustained)  125.3 C FAILS    117.1 C holds
     B4 with the response                         Y   0.2592 A   125 C (sustained)  125.9 C FAILS    117.6 C holds
     B5 with the response                         Y   0.2586 A   125 C (sustained)  125.8 C FAILS    117.5 C holds
     B6 with the response                         Y   0.2557 A   125 C (sustained)  125.2 C FAILS    117.0 C holds
     B7a with the response                        Y   0.2558 A   125 C (sustained)  125.2 C FAILS    117.1 C holds
     B7b, SHDN obeyed                             Y   0.2512 A   125 C (sustained)  124.3 C holds    116.3 C holds
     B7b, SHDN ignored (L9T5-D5)                  Y   0.3112 A   125 C (sustained)  135.8 C FAILS    125.9 C FAILS
     both fabrics faulted, responded              Y   0.2626 A   125 C (sustained)  126.5 C FAILS    118.1 C holds
     hung, DAR mis-set (the IWDG ends it)         Y   0.2976 A   150 C (transient)  133.2 C holds    123.7 C holds
     babbling (nothing ends it)                   Y   0.3666 A   125 C (sustained)  146.4 C FAILS    134.7 C FAILS
     so on revision V (fitted, L9T5-D7): with iocpre alone the babbling row FAILS 125 C (130.6 C); with iocset every row holds 125 C (the
     babbler 121.5 C). On rev Y's rows, the cover for rev X, the babbler stays over 125 C at 14.0k (134.7 C): a rev X part is still
     admitted only by V-B20 (10h (1)); the proof above is revision V's and is never applied to revisions X or Y
   T10-A3 RESTATED (SESSION L9T5-D8): each LDO's input over its requirement at the largest current this record computes for a regulator
     (0.4512 A, the held B5 row on rev Y's rows; dropout 301 mV INFERRED between the printed 300 and 600 mA points): at least 3.7004 V against
     3.6652 V: holds. Round 4 held it at the LDO's full 600 mA; at 14.0k that criterion fails, and a supervisor drawing more than the record's
     largest current is a supervisor fault its own BOR ends (it browns out alone; the other two hold the quorum, IOHA row 3)
   the delta composed straight after iocpre (board A 22 drafts, board B 14): every step OK; the generators ran to their end; a generator without
     iocpre refused, the tree's generator refused
     read on board A's netlist: the set point DRAWN; mutations: the divider inverted FAIL, R602 back to 13.3k FAIL; the declarations read +5V_IOC
     4.01 V on both boards (v_work 4.12 V) and each +3V3_IOCx at efficiency 0.82: yes. Record l9t5's own pre-regulator check (Slot A's
     check_l9t5_netlist.py) holds the 13.3k divider: its 't10' entry is Slot A's to restate when it takes this delta (L9T5-F24)
   THE FITTED REVISION MADE ENFORCEABLE (part 22, C): three rows drafted for their owners, none applied (T10-ROUND5.md section 3):
     Layer 6 (part identity, STM32H743-COMPATIBILITY.md F1 and the BOM line of U41, U51, U61): STM32H743VIT6, LCSC C114409, SILICON REVISION
       V ONLY (package marking revision code 'V', DBGMCU_IDC REV_ID 0x2003; ES0392 Rev 15 Table 2); X and Y not accepted; reason L9T5-D7
       (this record's 10h and 10i); acceptance: the BOM line and the compatibility page name revision V
     Layer 12 (incoming inspection and first article): every supervisor's package read for revision code 'V' before assembly, a lot with
       any other code held; at first power each supervisor's REV_ID read over SWD equal to 0x2003; reason and acceptance as above
     the model's case selection (this script): the verdicts of F13, F16, F17 and the rows above read revision V's printed rows only;
       revision Y's rows are printed as the cover for a rev X part and decide nothing; no figure of revision V is applied to X or Y

   10j. THE CHECK cx45's Q3 (focused check of candidate 06077cee, NOT CONFIRMED) AND ITS RECHECK cx46 (of 4d0ff8a2: CORRECTIONS NOT CLOSED,
   the second negative: the method ends; this section is the DISPOSITION, text and predicates, no new design): THE SCHEDULE, THE
   CONTAINMENT DRAFTED, THE QUORUM, THE HEADROOM, THE THERMAL ENVELOPE, THE ROWS (DERIVED on the printed rows; labels as above). Every
   claim below is OPEN or PROVISIONAL; nothing in it is closed; what each handed-over case weakens is said at the claim
   (a) THE MESSAGE SCHEDULE, FW-B22 (drafted in apply_hw_fw_contract_t10.py): per controller and fabric, in every 100 ms window, one state
     frame (its view of the assignment, its health, a sequence count) and at most five event frames; classic 8-byte frames at 500 kbit/s
     or 1 Mbit/s, 135 bit-times each with stuffing (MODEL); a larger change spreads over windows. Its dominant bound, every bit counted
     dominant plus 12 acknowledgements: 822 bit-times against FW-B21's 1000 (2 % of the window at 500 kbit/s; 2000 at 1 Mbit/s): inside;
     the bus 4.9 % loaded at 500 kbit/s; a state frame waits at most 4.6 ms behind every other frame of its window; the quorum's
     2-of-3 decision reads the three state frames of one window: at most 100 ms plus 4.6 ms
     PROVISIONAL (cx46 5): this establishes the traffic MODEL, not a fault-contained quorum service: a TX pin toggled as a GPIO under the
     limiter's share and a latent stuck comparator are admitted counterexamples (L9T5-F21 weakens FW-B22 and CON-004's quorum)
   (b) THE CONTAINMENT DRAFTED (apply_gen_sch_b_iocguard.py, after iocbuck, iocpre and canshdn; NOT APPLIED): two bounds that no firmware
     sets, each acting on one controller only; the rows read (PRINTED): INA169 990 to 1010 uA/V, offset at most 1.0 mV, specified to 85 C;
     TPS3701 VIT-(INB) 387 to 400 mV, VIT+(INB) 397 to 403 mV, its inputs at most 25 nA, OUTB low over VIT+(INB); TCAN334 SHDN VIH 2 V, VIL
     0.8 V, at most 4 uA out of the pin at 0 V
     the response times below are MODEL figures without the comparator's own delay (SBVS240C prints its propagation and start-up delays
     TYPICAL only), with TXD's high level taken as the rail and the frames' least dominant fraction an ASSUMPTION: not maxima
     1. THE TRANSMIT-SHARE LIMITER, one per transceiver: TXD through 1000 kOhm over 150 kOhm with 1 uF (144 ms at its slowest), the
        average 0.1304 of the rail times (1 - the dominant share); the transceiver is silenced when its share passes 4.7 to 12.3 % (the
        rail at +-1.5 %, the resistors at 0.1 %, the threshold and the input current printed); at the legitimate 2 % it stays enabled: yes;
        SHDN driven to at least 2.27 V (VIH 2 V) by LIMO's 10 kOhm through a 1N4148W (0.715 V PRINTED at 1 mA, taken as the bound) into 100 kOhm,
        and held at 0.40 V (VIL 0.8 V) by that 100 kOhm against the pin's own 4 uA when nothing drives it; the controller's own SHDN
        request reaches the pin through the other diode. A held-dominant TXD is silenced within 16.0 ms (the driver's own time-out, 1.2 to
        3.8 ms PRINTED, frees the bus first); a babbler through its FDCAN, whose frames carry at least 15 % dominant bits (ASSUMED,
        FRAME_D_MIN: an all-recessive 8-byte frame carries about 24 dominant bits in 130), within 227 ms; the silence lasts while its
        TXD keeps the share over the limit and ends by itself when the share falls. A latent stuck comparator (OUTB held low) leaves that
        transceiver's share unbounded with nothing to find it in service: it weakens the service's containment (PROVISIONAL)
     2. THE RAIL TRIP, one per controller: 0.3 ohm from +5V_IOC to its LDO, the INA169 into 5.76 kOhm, a 1.17 s average (5.76 + 100 kOhm
        in the charging path, 10 uF,
        at its slowest), a TPS3701 holding the LDO's EN low while the average is over the threshold: 0.2183 to 0.2452 A at the tolerances;
        tripped, the controller is unpowered; the average then falls, the LDO restarts, and a controller still over the threshold is
        unpowered again: its supply's AVERAGE is held at the threshold (DERIVED); its peak is not (e). A latent rail trip (its monitor
        dead, its OUTB released) removes even that average bound with nothing to find it in service (PROVISIONAL)
        V-B23's response, as round 6 drafted it (EN low within 0.2 s of a 0.30 A load), is WITHDRAWN (cx46 6): from the bounded state the
        drafted network reaches the trip's maximum after 0.98 s (MODEL, the comparator's delay not counted); a corrected response mechanism
        and the complete network calculation are REMAINING ENGINEERING, protection not relaxed to obtain a pass
   (c) THE QUORUM AND RECOVERY, FAULT BY FAULT (quorum: two of three controllers serving; IOHA rows 3, 7 and 8), PROVISIONAL (cx46 5):
     a babbler through its FDCAN (FW-B21 broken), one or both fabrics its limiter silences its transceiver within 227 ms; the bus free; the other two                                        automatic: the limiter releases when its share falls
     a held-dominant TXD                                            the time-out frees the bus within 3.8 ms, the limiter silences it within 16.0 ms                                       automatic
     a clock or load outside FW-B20 (any firmware)                  the rail trip unpowers it, its average held at 0.2452 A or less; the other two                                         automatic: it restarts while its average is under the trip
     a fabric shorted, the firmware's response absent               its transceivers' share bounded by the limiter, the rail under the trip; the other fabric                              the fabric's repair
     a limiter's comparator dead, or its OUTB released              that transceiver silent: the controller on its other fabric; the quorum holds                                          found at once (its frames absent)
     a limiter's OUTB stuck low                                     that transceiver's share no longer bounded: LATENT, a second fault (a babbler) needed                                  bench V-B22; handed over (below)
     the rail trip's OUTB stuck low, or its monitor's output high   the controller unpowered: the other two                                                                                found at once
     the rail trip's monitor dead or its OUTB released              no current bound for that controller: LATENT, a second fault needed                                                    bench V-B23; handed over (below)
     one firmware fault in all three (a systematic fault)           each rail and each transceiver bounded on its own; the service may stop: the voters hold the home assignment (row 8)   the firmware's V-B20 to V-B22
     a CONTROLLER-DRIVEN babbler denies the bus at most for its detection time, 227 ms, the voters holding their assignment meanwhile
     (row 8), because its frames' dominant bits keep its share over the limit;
     WHAT IS NOT CLOSED (handed over as remaining engineering, no exception presumed): a TX pin repurposed as a GPIO and toggled under
     the limiter's least 4.7 % share disrupts the bus without tripping it; attributing it needs each controller's TXD read by the other
     two and a 2-of-2 vote of the other two on its SHDN or its LDO's EN (twelve observation inputs and six vote outputs, a pin plan for
     the three H743s): NOT DRAFTED here. And a latent stuck comparator in either bound, found only on the bench (V-B22, V-B23), with
     no service interval bounding that: the double faults. Outputs OPEN or PROVISIONAL on them: CON-004's quorum verdict (OPEN), FW-B22
     (PROVISIONAL), L9T5-F21 (OPEN) and this section's quorum rows. REMAINING ENGINEERING: an independent peer-silence or diagnostic
     circuit and the recovery proof. VOS0 under the trip takes the controller past its own 105 C VOS0 limit from 0.1936 A (MODEL), under
     the trip's band: it weakens the controller's survival and so FW-B20's and FW-B22's service (PROVISIONAL)
   (d) THE OTHER CONTROLLERS' HEADROOM DURING A RESPONSE: one controller at the worst current any firmware draws until its trip, 0.6776 A
     (the sheet's largest rev V row 0.550 A, the auxiliaries, both transceivers held dominant), the other two at the largest served 0.1855 A:
     U601's load 1.0487 A, under its declared peak; each other LDO's input at least 3.6571 V against its 3.4798 V: holds (the lead at the
     total current, the return's shift as drawn, the sense resistor at +1 %)
     T10-A3 at the trip's AVERAGE maximum (L9T5-D8's criterion superseded; PROVISIONAL: a periodic load's peak above it is not covered,
     (e)): each LDO's input at 0.2452 A, the sense
     resistor's drop counted: at least 3.6524 V against 3.5213 V: holds
   (e) THE THERMAL ENVELOPE, PEAK AND SUSTAINED (cx45's averaged-current point; cx46 7: NOT CLOSED, PROVISIONAL):
     a constant current at the trip's average maximum 0.2452 A reads the LDO's junction 115.4 C at 76.25 C air (the drop's worst corner, 159.5
       K/A, MODEL) and the controller's 112.7 C; that is a constant-current MODEL, not a bound: the trip holds an AVERAGE, and a periodic
       load under it heats more. The check cx46's countermodel, reproduced on its ASSUMPTIONS (0.50 A for 0.40 s every 1.50 s, a single
       thermal pole of 184 K/W and 0.25 s, 0.020 V of extra drop, the 0.3 ohm sense): 0.3484 W in the pulse, the filtered current's peak
       0.2122 A (under the trip's least 0.2183 A), Zth(171 ms) 91.2 K/W (inside the about 105 K/W proposed below), and the junction's periodic peak
       127.54 C, OVER 125 C: the universal sustained bound and its positive margin are WITHDRAWN; peak-current containment or a complete
       periodic electrothermal solution with uncertainty is REMAINING ENGINEERING. A latent rail trip removes even the average bound
     Every served state is under the trip's least 0.2183 A (the largest
       0.1855 A): none trips
         the bounded state with the limiters' pull-ups        0.1739 A   LDO 104.0 C
         B1 with the response                                 0.1763 A   LDO 104.4 C
         B2 with the response                                 0.1763 A   LDO 104.4 C
         B3 with the response                                 0.1743 A   LDO 104.1 C
         B4 with the response                                 0.1772 A   LDO 104.5 C
         B5 with the response                                 0.1767 A   LDO 104.4 C
         B6 with the response                                 0.1738 A   LDO 104.0 C
         B7a with the response                                0.1739 A   LDO 104.0 C
         both fabrics faulted, responded                      0.1806 A   LDO 105.1 C
         a babbler, the limiters bounding it                  0.1855 A   LDO 105.8 C
     transient: from the bounded state to the worst current, the trip acts within 181 ms (the average's slowest time constant); the
       steady figure at that current is 184.3 C, so the 150 C transient rule needs the LDO's transient thermal impedance at 181 ms no
       more than 105 C/W on board B's copper (its steady 184 C/W PRINTED for its own board): NOT PRINTED by Diodes, a QUALIFICATION LIMIT
       (first article, below); the controller passes its own rating in that time at VOS0 (a firmware fault, ended by the trip)
     the qualification limits below are measurements to take, NOT an acceptance of the sustained bound (cx46 7: the countermodel meets
     them and passes 125 C): the LDO's junction-to-air resistance on board B at most 229 C/W at 76.25 C air, or
       the local air at most 85.9 C at the printed 184 C/W (each holds 125 C at the trip's maximum); Zth(181 ms) at most 105 C/W;
       the INA169's site under its specified 85 C; measured on the first article of board B in a 76 C chamber with one controller
       forced to the trip (a load on its rail), not at the bounded state alone (T10-A5 restated, T10-ROUND5.md section 6)
     residual handed over: VOS0 at a current under the trip takes the H743 past its own 105 C VOS0 limit at this air (112.7 C at 0.2452 A):
       the LDO is held, the controller is not; a VOS0 entry no hardware prevents (Layer 5 and Layer 6)
   (f) THE ROWS MADE TO AGREE: every procurement, contract and inspection instruction points to revision V (L9T5-D7), the final set point
     R602 14.0k (4.0114 V nominal) and 125 C for every sustained state; revision X is HELD with no admission route (round 5's V-B20 route
     at 0.2318 A and L9T5-F22's 'admits any revision' are SUPERSEDED); a rev X part's admission, its own qualification, and the sustained
     thermal acceptance it would rest on are REMAINING ENGINEERING ((e)); the rail trip's least 0.2183 A is a drafted circuit's figure,
     not a qualification limit
   COMPOSED: board B in L4-E9's order with I-03's draft, iocpre, canshdn, iocset and the containment delta (16 drafts): every step OK; the generator
     ran to its end; read by pin (each rail's sense, monitor, filter and trip on its EN; each transceiver's SD, diodes, average and
     limiter): DRAWN
     mutated, the limiter reading RXD, not TXD:                FAIL
     mutated, the rail trip's EN and its input exchanged:      FAIL
     mutated, the LDO before the sense resistor:               FAIL
     mutated, the limiter's pull-up from +5V_IOC:              FAIL
     mutated, the controller's SHDN diode reversed:            FAIL
     mutated, the filter capacitor reversed onto ground:       FAIL
     the delta on a generator without record l9t5's drafts: refused; a second time: refused; on the tree's own generator: refused (NOT RELEASED)
     record l9t5's own I-03 check (Slot A's check_l9t5_netlist.py) holds the LDOs' VIN on +5V_IOC: its entry is Slot A's to restate when
     it takes this delta (L9T5-F25)
   DISPOSITION (10j, after cx46): Q3: cx45 'P0-3: NOT CONFIRMED', cx46's items 5 to 8 'NOT CLOSED'. Drafted and reproducible: FW-B22's traffic MODEL and the containment circuits'
     composition (composed, read by pin, mutated). OPEN or PROVISIONAL: CON-004's quorum service (OPEN), FW-B22 (PROVISIONAL), L9T5-F21 (OPEN), the limiter's and
     the rail trip's response times (PROVISIONAL, no printed maximum for the comparator's delay), V-B23's response (WITHDRAWN), the sustained thermal
     bound (WITHDRAWN as a bound, PROVISIONAL), T10-A3 at a peak (PROVISIONAL). REMAINING ENGINEERING, for the receiving company: the
     peer-silence or diagnostic circuit with the recovery proof; the corrected rail-trip response and its network calculation; peak-
     current containment or the periodic electrothermal solution; a rev X part's qualification; VOS0 under the trip

11. THE STATE OF L9T5-F06 (T10)
   L9T5-F06 STAYS OPEN, round 5's state: T10-A1's row is DRAFTED (FW-B20, unapplied) with the reset state now printed inside it; T10-A2
   is restated with the enabled peripherals at the drop's worst corner: at the case's 76.25 C air it holds on rev V's rows (109.4 C), the revision
   L9T5-D7 fits, and NOT on rev Y's rows (125.2 C), the cover for a rev X part, which is HELD with no admission route (10j (f)); T10-A3
   as 10j (d) restates it (PROVISIONAL at a peak) and T10-A4 (section 9); T10-A5 is physical, its qualification limits measurements,
   not an acceptance (10j (e)). The independent checks cx45 and cx46 read rounds 5 and 6: NOT CONFIRMED, then CORRECTIONS NOT CLOSED;
   Layer 5 has not accepted the rows; nothing is applied. In the exhaust air a rev X part rests on rev Y's rows, which hold only to
   76.23 C local air (10c): that air is U-02's question. Round 4 was the first attempt at this correction (K3 with K2's row); V6's check
   of it read CONFIRMED AS CONDITIONAL, not a negative; round 5 is the second round on the same correction, adding the rows V6 named
   L9T5-F13: A DRAFTED CORRECTION, DESK ACCEPTANCE MET BY ITS AUTHOR ON REV V, UNCHECKED. The row (FW-B21's share) is drafted; with it the regulator reads 109.4 C on rev V (fitted, L9T5-D7) and 125.2 C on rev Y's
     cover at 76.25 C (the drop's worst corner)
     against 125 C; the bench (V-B20, V-B21) confirms the firmware's implementation and decides no feasibility. Stays OPEN in the
     register; PROVISIONAL after cx46: a firmware outside the row is bounded only on its AVERAGE by the drafted rail trip (10j (e)),
     and a latent rail trip removes even that
   L9T5-F16: A DRAFTED CORRECTION, DESK ACCEPTANCE MET BY ITS AUTHOR ON REV V, UNCHECKED. Every credible single fabric fault inside board B holds 125 C with the response on rev V (worst 110.0 C; rev Y's cover 125.9 C;
     10e), the circuit half composed, read and mutated (10f); the B7b residual reads 120.0 C on rev V, inside 125 C (L9T5-D5 withdrawn,
     round 6). Covered by CON-004 (10a). Stays OPEN in the register; PROVISIONAL: a latent share comparator weakens the response's
     containment and the quorum on the other fabric (10j (c))
   THE BABBLING ROW (part 22): a SUSTAINED fault state, 125 C applies: on rev V with iocpre alone 130.6 C, FAILS; with the set point
     delta (iocset, DRAFTED, composed, read, mutated) 121.5 C, holds: a DRAFTED CORRECTION, desk acceptance met by its author on rev V,
     UNCHECKED, PROVISIONAL (a babbler outside FW-B20's clock is bounded only on its average, 10j (e)). Its quorum effect stays OPEN
     (L9T5-F21; 10j (c)). The hung row is a transient the IWDG ends: 150 C applies and it holds
   L9T5-F17: A DRAFTED CORRECTION, DESK ACCEPTANCE MET BY ITS AUTHOR ON REV V, UNCHECKED. Both fabrics faulted hold 150 C with the response (126.5 C rev Y, 110.7 C rev V); held, 200.0 C (rev Y). Same conditions
   FINDINGS FOR OTHER AUTHORS
   L9T5-F09 (Layer 5, HW-FW-CONTRACT.md 3.3): answered by the drafted rows FW-B20 and FW-B21 (apply_hw_fw_contract_t10.py, the integrator's
     to apply); the FMEA row for a supervisor out of its bound (T10-A5) stays Layer 5's
   L9T5-F10 (boards A and B generator owners, cosmetic): the net keeps the name +5V_IOC at 4.18 V; a rename would touch both I-03 drafts
   L9T5-F11 (Layer 6): R602 13.3 k at 0.1 percent and 25 ppm/K carries no order code (its code is owed)
   L9T5-F12 (the coordinator, for case row C-DEV, and rv-pwr's owner): the supervisors' HIGH (400 mA) is a state with no operating point at
     the hot stop's air; the revised figure and its derivation are in 10g (0.2396 A a controller, rev Y's rows, in place of 0.400 A); a
     LABELLED SCENARIO until the coordinator issues the row
   L9T5-F14 (Layer 6; V6-m9): CON-017 (5) fits revision V or X only and (4) refuses both fabrics on Y or W, so T10's bound on rev Y's
     larger rows is CONSERVATIVE for the fitted rev V; rev X has no printed rows and rests on rev Y's (10a)
   L9T5-F18 (board B's generator owner): each TCAN334D's SHDN (pin 5) is on no net, resting on an internal pull-down TI says not to rely
     on (SLLSEQ7F 6.3.6); answered by apply_gen_sch_b_canshdn.py (DRAFTED, 10f)
   L9T5-F19 (board B's layout owner, Layer 10): +54V_POE, MDI_A_N, MDI_A_P, POE_P on board B exceed the TCAN334's +-14 V bus pins; a short from one to a CAN
     conductor is outside every printed figure: a clearance rule between those nets and the fabrics is a layout means, not credited here
   L9T5-F21 (Layer 5, IOHA section 12's owner): a supervisor whose firmware babbles on both fabrics (a running firmware that breaks FW-B21)
     is in no FMEA row; round 6 (10j) bounds a babbler through its FDCAN in hardware (the transmit-share limiters, 0.23 s); OPEN for a TX
     pin toggled as a GPIO under the limiter's least share (the peers' TXD observation and 2-of-2 vote, not drafted) and the FMEA row
   L9T5-F22 (record l9t5's T10 drafts' owner, Slot A, and Layer 6): DRAFTED in part 22 (apply_gen_sch_?_iocset.py, R602 14.0k, taken);
     revision X stays HELD until its own qualification (10j (f))
   L9T5-F25 (Slot A, record l9t5's I-03 check): check_l9t5_netlist.py reads the LDOs' VIN on +5V_IOC; with the containment delta
     (apply_gen_sch_b_iocguard.py, round 6) each sits behind its sense resistor on IOC{t}_LDO_IN: to restate when the delta is taken
   L9T5-F24 (Slot A, record l9t5's pre-regulator check): check_l9t5_netlist.py's 't10' divider (13.3k) is to be restated to 14.0k when
     the set point delta (apply_gen_sch_?_iocset.py, part 22) is taken; and the delta folded into iocpre (one writer per file)
   L9T5-F20 (Layer 6; L4-E9's change list): PD2 and PB14 become outputs on each supervisor (STM32H743-COMPATIBILITY.md's matrix) and
     R67, R68, R79, R80, R91, R92 (100 k) need order codes; the draft needs a row in L4-E9's change list after T10's iocpre (V6-m11)

11a. ROUND 10 (7 October 2026, W151; Layer 4 tasks L4A-57 and L4A-61): ROW (b)'S DRAFTS COMPOSED, THE SELECTED REGULATOR STAGE'S
   ACCEPTANCE (RE-6, RE-7) AND THE T10 ROWS RESTATED. A DRAFT: nothing applied, no independent check (row (b)'s is L4A-62); every junction
   below is a MODEL on printed figures, never a measured temperature; sections 1 to 11 stand as written, and where (j) restates a row its
   old text above is history, not an instruction
   (a) THE INPUTS OF THIS SECTION, pinned by sha256 (section 1's list unchanged)
   51fc5834c704750a v2/docs/records/l9t5/apply_gen_sch_b_canmb.py
   469594bb5b4fa6be v2/docs/records/l9t5/apply_gen_sch_b_regstage.py
   1493b08478306736 v2/docs/records/l9t5/apply_gen_sch_b_canen.py
   89576bfb472d983e v2/docs/records/l9t5/apply_gen_sch_b_hodtest.py
   07af4d0f2b166694 v2/ecad/tools/pcb_board_facts.yaml
   f706914950efed0b v2/vendor/ti/held/ti-tps737-sbvs067w.pdf
   88e453700cea2b26 v2/vendor/ti/held/ti-tps2553-slvs841f.pdf
   8ab81b5a351132ae v2/vendor/ti/held/ti-spra953c-thermal-metrics.pdf
   8925e829bf61ab35 v2/vendor/ti/held/pdftext/ti-spra953c-thermal-metrics.layout.txt
   9a90d9411907d535 v2/vendor/ti/held/pdftext/ti-tps2553-slvs841f.layout.txt
   72c280f85723bbb9 v2/vendor/ti/held/pdftext/ti-tps737-sbvs067w.layout.txt
   (b) THE STAGE AS DRAWN: board B composed in L4-E9's order with iocpre, canshdn, iocset and iocguard, then row (b)'s canmb, regstage, canen
     and hodtest (20 drafts; record l4hod composed the four in all five orders they admit, identical netlists): every step OK; the generator ran to its end
     (1608 parts); read by pin and value, each supervisor's TPS2553-1 (IN +5V_IOC, OUT IOCx_LDO_IN, ILIM through 49.9k 1% to GND, EN
     IOCx_LIM_EN) ahead of its TPS73733DCQRM3 (IN IOCx_LDO_IN, OUT +3V3_IOCx), round 6's rail trip absent: DRAWN
     mutated, RILIM at 102 kOhm (a band under the served peak):    FAIL
     mutated, the AP2112K-3.3 back on U40:                         FAIL
     mutated, U40 ordered without M3 (legacy silicon may ship):    FAIL
   (c) THE PRINTED FIGURES (label and place; a TYPICAL, DESCRIBED or GUIDELINE figure is shown, never used as a bound)
     ios49     0.475 / 0.52 / 0.565                   PRINTED   SLVS841F 7.5 p.7 (min / typ / max, -40 to 125 C TJ)
     ron       0.135                                  PRINTED   SLVS841F 7.5 p.7 (maximum, -40 to 125 C TJ)
     tlatch    0.005 / 0.0075 / 0.01                  PRINTED   SLVS841F 7.5 p.7 (min / typ / max)
     latch     latched off at the deglitch, off until DESCRIBED SLVS841F 9.3.1 p.14
     tios      2e-06                                  TYPICAL   SLVS841F 7.5 p.7 (typical column only)
     lim_rja   182.6                                  PRINTED   SLVS841F 7.4 p.6 (TPS2553 DBV, JEDEC)
     lim_tsd   135                                    PRINTED   SLVS841F 7.5 p.7 (minimum column: no shutdown under it; no maximum: no protection limit)
     rja       76                                     PRINTED   SBVS067W 5.4 p.4 (new silicon, DCQ; JEDEC methodology, the thermal metrics note)
     rjb       18.1                                   PRINTED   SBVS067W 5.4 p.4 (new silicon, DCQ)
     psijt     8.6                                    PRINTED   SBVS067W 5.4 p.4 (new silicon, DCQ, a characterization parameter)
     psijb     17.6                                   PRINTED   SBVS067W 5.4 p.4 (new silicon, DCQ)
     vdo1a     0.25                                   PRINTED   SBVS067W 5.6 p.6 (maximum at 1 A, new silicon)
     vdo_desc  the pass transistor in its linear regi DESCRIBED SBVS067W 7.2.2.2 p.21
     acc       0.015                                  PRINTED   SBVS067W 5.6 p.6 (over VIN, IOUT and T; VOUT + 0.5 V <= VIN <= 5.5 V)
     icl       1.05 / 1.6 / 2.2                       PRINTED   SBVS067W 5.6 p.6 (min / typ / max)
     iout      1                                      PRINTED   SBVS067W 5.3 p.4
     vin       2.2 / 5.5                              PRINTED   SBVS067W 5.3 p.4
     tj_op     125                                    PRINTED   SBVS067W 5.3 p.4
     tj_abs    150                                    PRINTED   SBVS067W 5.1 p.4 (Absolute Maximum Ratings)
     short     Indefinite                             PRINTED   SBVS067W 5.1 p.4 (Absolute Maximum Ratings)
     ignd      0.00088                                TYPICAL   SBVS067W 5.6 p.6 (typical column only, new silicon, 1 A: no maximum printed)
     isc       0.51                                   TYPICAL   SBVS067W 5.6 p.6 (typical only, new silicon)
     fig79     RthJA against board size               GUIDELINE SBVS067W Figure 7-9 p.24 ('intended only as a guideline')
     with RILIM's 1 %, the envelope of W135's exponent rule and TI's Equation 1 at the resistor's bounds (10.2.1.2.3, Table 2; W159 on W157-F2; MODEL on PRINTED): IOS 0.4702 to 0.5878 A
     TI on a JEDEC theta (SPRA953D, held, p.2, 1.1): 'This is a misapplication of the RθJA thermal parameter because RθJA is a variable function
       of not just the package'; (p.3, 1.2) the 2s2p board 'gives a best case performance estimate assuming a sparsely populated, high-trace-
       density board design with buried power and ground planes'; (p.5, 1.7) at very low power the note finds RθJA two to three times higher
   (d) RE-7, THE SUSTAINED BOUND AT CONSTANT MAXIMUM DISSIPATION (L4A-57). After the limiter acts, everything the LDO's input takes is
     at most IOSmax 0.5878 A (PRINTED over -40 to 125 C TJ, the resistor's 1 % counted). With its output in regulation the LDO dissipates
     P = VIN x I_IN - VOUT x IOUT = (VIN - VOUT) x I_IN + VOUT x IGND, so at most (VIN_max - VOUT_min) x IOSmax + VOUT_min x IGND: VIN_max the
     pre-regulator's top 4.1174 V (no drop counted ahead of the LDO), VOUT_min 3.2505 V (-1.5 %, PRINTED where VIN >= VOUT + 0.5 V; below that
     the band is V-T10-DROP's, L4REG-F2): the drop 0.8669 V, 0.5095 W at IGND = 0
     WHY IT BOUNDS EVERY WAVEFORM UNDER THE LIMIT: the junction's rise is the input power convolved with the rise per unit step, which for a
     passive conduction network climbs monotonically to its steady theta; for any power p(t) at most P_max the junction never exceeds the air
     plus theta x P_max (MODEL: superposition on a linear passive network, a property of the network, not a typical curve). cx46's
     countermodel (0.50 A for 0.40 s every 1.50 s) lies under IOSmax, so inside the bound; a specimen whose limit is under 0.50 A limits it
     and latches within the printed deglitch (K3)
     IGND: TI prints the ground current as TYPICAL only (880 uA at 1 A, new silicon; no maximum). It is not used as a bound: the result
     is stated as a function of it. On the printed 76.0 C/W: the junction 115.0 C at IGND = 0, +0.247 K per mA of IGND; 125 C holds for
     every IGND up to 40.6 mA (46 times the TYPICAL, which would read 115.2 C: shown, not a bound). CONDITIONAL: E-17 reads the junction
     with IGND inside it (below)
     the regulator's 125 C current at this corner on the printed theta 0.7400 A, over IOSmax by 0.1522 A; the theta that holds 125 C at IOSmax
     with IGND = 0: 95.7 C/W (98.6 C/W at the tested row's 0.5704 A, W135's and W138's figure, reproduced; W159's envelope moves it)
   (e) THE THETA ON BOARD B'S COPPER: NOT BOUNDED AT THE DESK. The printed 76.0 C/W is TI's JEDEC 2s2p figure for a single device, which
     TI itself calls a best case and a misapplication when carried to a system board (c). Board B (pcb_board_facts.yaml): six layers, outer
     1 oz, inner 0.5 oz, In1 the ground plane; no P0 draft part is placed (L4REG-F6), so the tab's land, its vias and the neighbours are not
     drawn. A CONDUCTION SCREEN (MODEL, a means, never evidence): RθJB 18.1 C/W (PRINTED, its ring cold plate) plus the spreading of In1 alone
     (17.5 um copper at 390 W/m K, with the board's FR-4 at 0.3 W/m K, ASSUMED) from a disc of radius a into still air on both faces at h
     (ASSUMED; natural convection, no radiation credit), the radial fin's K0/K1 kernel; and the controller's own heat at its rev V bounded state
     (0.5259 W at its operating point, MODEL) reaching the LDO's site through the same plane at distance r (ASSUMED):
       h  5.0 W/m2 K, a 2.0 mm: RθJA(screen)  78.0 C/W; the controller adds 13.6 K at 10 mm, 7.1 K at 20 mm
       h  5.0 W/m2 K, a 3.0 mm: RθJA(screen)  69.6 C/W; the controller adds 13.6 K at 10 mm, 7.1 K at 20 mm
       h 10.0 W/m2 K, a 2.0 mm: RθJA(screen)  70.8 C/W; the controller adds 10.2 K at 10 mm, 4.5 K at 20 mm
       h 10.0 W/m2 K, a 3.0 mm: RθJA(screen)  62.7 C/W; the controller adds 10.2 K at 10 mm, 4.5 K at 20 mm
     on the screen's worst row the LDO at IOSmax reads 129.5 C with the controller 10 mm away: the screen does not establish the site; it
     shows the outcome rests on the tab's copper and on the distance from the controller (Layer 10 means: the LDO's tab on In1 through its
     vias, and away from its controller), which only a laid-out board settles
     E-17 (THE RECEIVING COMPANY'S MEASUREMENT, named here; nothing sent): SPECIMEN the first-article board B (or a coupon of its six-layer
       stack with the U40, U50 and U60 sites as Layer 10 lays them out, their controllers and limiters powered at their bounded state), three
       sites; QUANTITY each LDO's junction with its input current held at the limiter's printed maximum 0.5878 A, its input at 4.1174 V and its
       output in regulation, from its case-top temperature by ψJT 8.6 C/W (PRINTED), in still air at 76.25 C, its IGND read as input less
       output current; PASS LIMIT the junction at most 125 C (equivalently RθJA(effective) at most 48.75 K over the measured power; 95.7 C/W
       at IGND = 0); and for the latched transient, the junction's rise in 10 ms of 2.420 W at most 35.0 K from the steady bound, Zth(10 ms) at
       most 14.5 C/W, which would remove W151-1's exclusion (f)
   (f) RE-6, THE RESPONSE ON PRINTED TIMING, AND THE OUTPUT SHORT. No response time is needed for the sustained bound: the limit is a
     DC limit (IOS, PRINTED), and every state with the output in regulation is inside (d) whatever its waveform. A demand over IOS is a
     fault (no served state reaches IOSmin, (g)): the limiter holds IOS and latches off at most 10 ms after the limit acts (PRINTED deglitch,
     9.3.1 DESCRIBED), then stays off until its EN is toggled: the peers' 2-of-2 route (record l4canen) at most once in 10 s. The limit's
     onset tIOS (2 us) is TYPICAL only and is not used: the microseconds before it are part of the fault state (below). V-B23's round 6
     0.2 s stays WITHDRAWN (the rail trip it tested is gone, W138-2); V-B23 is restated on the limiter (record l9t5 apply_hw_fw_contract_rowb.py)
     the output out of regulation, (i) at or over IOS: latched within 10 ms, at most 24.2 mJ (4.1174 V x 0.5878 A x 10 ms, MODEL on PRINTED);
     (ii) under IOSmin (a hard short in foldback, ISC 510 mA TYPICAL; a partial short): not limited. SESSION W151-1, extending W138-3: the
     LDO's junction in a state whose OUTPUT IS OUT OF REGULATION is excluded from the 125 C and 150 C criterion, in both (i) and (ii).
     Why: that supervisor is lost (IOHA row 3: the other two are a majority), the containment of the other two holds on the limiter's
     printed IOSmax whatever the LDO does (an LDO failing open darkens its own supervisor; failing shorted from IN to OUT it puts at most
     4.1174 V on that supervisor's own rail, whose parts are its own, and its peers read it through FT pins rated to VDD + 3.6 V powered;
     a peer dark at the same time sees it over its unpowered 4.0 V: a double condition, as W146-F9), and the regulator prints its output
     short-circuit duration 'Indefinite' (SBVS067W 5.1 p.4 (Absolute Maximum Ratings)). Reverse it: E-17's Zth(10 ms) limit read, or a regulator printing its short-circuit current with a
     maximum under IOSmin. authority SESSION (the owner's standing rule of 26 September 2026 and ruling of 21 September 2026), ruled_by W151,
     ruled_on 7 October 2026, reversed_by none
     (iii) W159 on W157-F7: under (ii) the target never rejoins, and the peers' restart rule (once in 10 s, 2.0 s off) would power its
     regulator into the short 80 % of the mission (its thermal shutdown TYPICAL only, no printed limit). DRAFTED HOLD-OFF (FW-B22, SESSION
     W159-D3): after 3 consecutive failed restarts both peers keep their restart votes (the limiter's EN low, the target unpowered) and retry
     once every 600 s, a rejoin clearing the count: powered 1.33 % of the time in the hold-off; a single latch still restarts in 5.603 s.
     Judge HOLDS; mutated, no hold-off (the restart rule alone): FAILS; the hold-off retried at the restart rule's period: FAILS; a hold-off one peer's vote holds: FAILS
   (g) W135's FOUR SCREEN ROWS ON THE SELECTED PARTS, AND THE SERVICE WINDOW AGAINST C-DEV REV 2 (the case row's T10 figures, revision V;
     conditional on FW-B20 and FW-B21 as the row states)
     served  S1 the largest sustained served (10j (e))                0.1855 A  not limited
     served  S2 both transceivers dominant in one bit (10i)           0.2839 A  not limited
     served  (f1) one fabric on the 180 mA row (section 8)            0.3726 A  not limited
     served  S3' row 7 with the healthy fabric's bit (B5, 10e)        0.4239 A  not limited
     row 8   (f2) both fabrics on the 180 mA row (section 8)          0.5491 A  may latch a supervisor off (row 8 accepts it; the peers' route restarts it)
     row 8   both fabrics held, revision V (10e)                      0.5639 A  may latch a supervisor off (row 8 accepts it; the peers' route restarts it)
     (1) the bus-fault rows served: IOSmin 0.4702 A over the largest served 0.4239 A by 0.0462 A, no served state limited, no bridging capacitance
       needed; the 180 mA a transceiver (PRINTED) enters (f1), (f2) and S3' above. THE WINDOW: 0.0462 A between the largest served state and
       the limiter's least, and 0.1522 A between its most and the regulator's 125 C current on the printed theta (zero at E-17's pass limit by
       construction). ROW (b)'s ENABLED SET (FW-B20 restated: TIM3 for canmb's captures, an ADC of ADC1/ADC2 for hodtest's reads, neither in
       10c's set): TIM3 2.7 + ADC12 registers 3.3 + ADC12 kernel 0.6 uA/MHz (TYPICAL, Table 137, VOS3) at 144 MHz times 3.103 (10c's ratio at 125 C) = 0.0029 A, MODEL; and the ADC's
       analog current on VDDA, 1.44 mA at 16 bits and 25 MHz (TYPICAL only, Table 184), taken at 3 times (ASSUMPTION): at most 0.0073 A
       on a controller's rail; the window after it 0.0390 A. The drafts' own rail additions (the buffers, gates, pull-ups and votes of
       canmb, canen and hodtest) are their records' figures, read against this window in the connected record (l9t5_connected.out 11a)
     (2) the output short: (f) (i) latched within 10 ms, (ii) excluded with its reason (W151-1, W138-3, W135-2)
     (3) the limiter's own dissipation: 24.3 mW at S3' (80.7 C on 182.6 C/W) and 46.6 mW at IOSmax in regulation; it holds 125 C to 1045 C/W, so
       no measurement decides it; limiting into a short at most 2.420 W for at most 10 ms (its junction then not computed: no Zth printed;
       its shutdown in current limit printed as a minimum 135 C only, no protection limit); no automatic restart (latch-off, DESCRIBED); the
       peers' restart at most once in 10 s keeps a latched event's average at most 2.42 mW
     (4) T10-A3 with the limiter's 0.135 ohm in place of the 0.3 ohm sense, at IOSmax on all three: 3.6036 V against 3.5995 V on the 1 A row
       taken as the bound (the dropout rises with current as the pass device's linear-region resistance, DESCRIBED) +0.0041 V, and against
       3.4965 V on the INFERRED linear dropout +0.1072 V; the other two at the largest served while one sits at IOSmax: 3.6397 V against 3.5995 V
       (+0.0402 V); U601 and the lead at three limiters' maxima 1.7634 A against 3 A and 10 A (PRINTED)
   (h) L4A-57's ACCEPTANCE (K0 to K9, every limit PRINTED; the judge refuses a TYPICAL or a guideline used as a bound): HOLDS on the printed theta
     K0  holds every figure used as a limit is PRINTED; IGND, tIOS and Figure 7-9 enter as named terms, never as bounds
     K1  holds no served state limited: IOSmin 0.4702 A against the largest served 0.4239 A (S3' row 7 with the healthy fabric's bit (B5, 10e)): +0.0462 A
     K2  holds the regulator's junction at constant maximum dissipation 115.0 C (0.5095 W at 0.5878 A, the drop 0.8669 V, 76.0 C/W PRINTED) against 125 C; IGND admitted up to 40.6 mA
     K3  holds cx46's countermodel current 0.50 A under the limiter's maximum 0.5878 A: inside the bound (or limited and latched where a specimen limits under it)
     K4  holds an output short at or over IOS latched within 10 ms (24.2 mJ at most); under IOSmin excluded with its reason; the regulator's short-circuit duration Indefinite
     K5  holds the limiter in service at its maximum 46.6 mW, 84.8 C on 182.6 C/W; no automatic restart (latch-off); the peers' restart at most once in 10 s, 2.42 mW on average
     K6  holds T10-A3 at 0.5878 A on all three with 0.135 ohm: 3.6036 V against 3.5995 V on the 1 A row as the bound (+0.0041 V) and 3.4965 V on the INFERRED linear dropout (+0.1072 V)
     K7  holds three limiters at their maximum 1.7634 A against U601's 3 A and the lead's 10 A
     K8  holds rated 1.0 A, current limit at least 1.05 A, input to 5.5 V, against 0.5878 A and 4.1174 V
     K9  holds every limiting event ends at the latch, at most 10 ms after the limit acts (PRINTED); the limit's onset tIOS is not used as a bound
     mutated, a TYPICAL response time (tIOS) used as the response bound:   FAILS
     mutated, the TYPICAL ground current used as its maximum:              FAILS
     mutated, Figure 7-9's guideline used as the site's theta:             FAILS
     mutated, the AP2112K's 184 C/W on the stage (the old regulator):      FAILS
     mutated, RILIM at 102 kOhm (its band under the served peak):          FAILS
     L4A-57: DONE AS CONDITIONAL on E-17. The stage holds its rows on printed figures with the theta read as printed; the printed theta is a JEDEC best case and
     no bound on board B's copper, so RE-7's sustained bound and RE-6's response read SUPPORTED ON PRINTED FIGURES, CONDITIONAL on E-17's
     theta and IGND at the site, PROVISIONAL until row (b)'s check (L4A-62); RE-6 and RE-7 stay NOT CLOSED (cx46), REMAINING ENGINEERING
     until that check and E-17. HO-D (the limiter's latent loss of its limit) is record l4hod's in-service test (a lost limit found within
     3602.341 s, DRAFTED); HO-E is not bounded by the limiter (IOSmin is over VOS0's 0.1936 A and the H743's 125 C current), and the rail trip's controller-protection role (each controller's average under its 125 C current) moves to HO-E (L4REG-F7, W159 on W157-F4), L4A-59's
   (j) THE T10 ROWS ROW (b)'S DRAFTS CHANGE, RESTATED (L4A-61; each row's old text, at the line named, is history from here on)
     line  223  T10-A2 on the AP2112K's 184 C/W                                    -> the regulator replaced (regstage): the bounded state rev V 0.1732 A reads 87.7 C on the TPS73733's printed 76.0 C/W, CONDITIONAL on E-17
     line  563  T10-A3 as round 4 and L9T5-D8 wrote it                             -> restated at the limiter's maximum on all three: +0.0041 V (1 A row as bound), +0.1072 V (INFERRED); V-T10-DROP extended (L4REG-F2)
     line  229  T10-A5, the AP2112K's case in a 76 C chamber                       -> restated: E-17 on the TPS73733 sites ((e)); V-B20 restated by apply_hw_fw_contract_rowb.py
     line  599  10j (b) 1, the transmit-share limiter                              -> REMOVED by canmb (W137): the peers' buffered TXD reads and 2-of-2 SHDN votes, attribution and self-test (canq, W143: 2.60 s); PROVISIONAL
     line  609  10j (b) 2, the rail trip and its average bound                     -> REMOVED by regstage (W138-2): the TPS2553-1 latch-off limiter, IOS 0.4702 to 0.5878 A, latched within 10 ms ((f)); PROVISIONAL
     line  615  10j (b) V-B23's 0.2 s                                              -> stays WITHDRAWN; V-B23 restated on the limiter's band and latch (apply_hw_fw_contract_rowb.py)
     line  618  10j (c) the quorum per fault on the limiters                       -> restated by canq (W139): quorum held on rows 3, 5 and 7, the GPIO-toggled TX silenced in 1.310 ms, lost only with both fabrics (row 8); PROVISIONAL
     line  633  10j (c) the peers' observation and vote NOT DRAFTED                -> DRAFTED (canmb, canq, canen; W137, W139, W143); the comparators gone; latent faults found by the self-test (2.60 s; 8.545 s in an HO-D test)
     line  642  10j (d) T10-A3 at the trip's average maximum                       -> restated at IOSmax 0.5878 A with 0.135 ohm ((g) (4)); the other two +0.0402 V while one sits at IOSmax
     line  651  10j (e) the sustained bound WITHDRAWN, the countermodel over 125 C -> restated: constant maximum dissipation at IOSmax, 115.0 C on the printed theta, the countermodel inside it; CONDITIONAL on E-17
     line  669  10j (e) the qualification limits (229 C/W, 105 C/W at 181 ms, the INA169) -> superseded by E-17 ((e): the junction at IOSmax at most 125 C; Zth(10 ms) at most 14.5 C/W or W151-1's exclusion kept)
     line  674  10j (e) VOS0 under the trip                                        -> not bounded by the limiter (IOSmin over VOS0's current); the rail trip's controller-protection role moves to HO-E (L4REG-F7): L4A-59 and its check L4A-100 (fnd/l4hoe, not in this tree)
     line  712  L9T5-F13, bounded only on its average                              -> restated: a firmware outside the row is bounded by the limiter's printed maximum at constant maximum dissipation ((d)), CONDITIONAL on E-17
     line  716  L9T5-F16, a latent share comparator                                -> restated: no share comparator; the vote path's latent faults found by the self-test within 2.60 s (W143)
     line  720  the babbling row, bounded only on its average                      -> restated: silenced by the peers' vote (canq) and its regulator inside (d); its quorum effect PROVISIONAL (L4A-62)
     line  737  L9T5-F21, OPEN                                                     -> DRAFTED: canmb and canq, IOHA section 12's rows by apply_ioha_fmea_rowb.py; UNCHECKED (L4A-62)
     line  742  L9T5-F25, the I-03 check's LDO entry                               -> restated with L4REG-F1: check_l9t5_netlist.py's entry reads the limiter ahead of the LDO, EN on pin 5; owed to the checker's owner
     the contract rows (FW-B20, FW-B21, FW-B22's restart rule, V-B20, V-B21, V-B23 and the in-service test FW-B24 with V-B25) are restated
     by apply_hw_fw_contract_rowb.py after apply_hw_fw_contract_canq.py; IOHA section 12 by apply_ioha_fmea_rowb.py; the ledger's section 4
     by apply_remeng_rowb.py; none applied (the integrator's); the connected rows in l9t5_connected.out 11a
   (k) NOT DONE HERE: no independent check; nothing applied; the site's theta, Zth and IGND (E-17); the band under VOUT + 0.5 V (V-T10-DROP);
     the supply's dip at a load step (W146-F10, record l4hod, PROVISIONAL); HO-E (L4A-59); a rev X part (L4A-60)

12. THE PREDICATES
   no contract, panel or firmware text in the tree bounds a supervisor's run mode, clock or voltage scale                                 yes
   both revisions' run-mode tables are read; rv-pwr's HIGH is rev Y's 400 MHz all-peripherals maximum at TJ 85 C                          yes
   the worst state the sheet prints has no operating point at or under TJmax at the inside air, on either revision                        yes
   as drawn the regulator is over its absolute maximum junction at the case's HIGH and over the criterion at the bounded state            yes
   the selected set point is the least E96 value that keeps the LDOs' input over their 600 mA requirement with the return as drawn        yes
   with the pre-regulator the regulator is inside the criterion at the bounded state and at its declared peak, not at the case's HIGH     yes
   the held dominant and bus-fault rows are judged on their own limits (125 C served, 150 C any state) and all six FAIL them              yes
   each T10 draft refuses a target without I-03's draft, applies once after it, refuses twice and refuses the tree                        yes
   both boards compose with the T10 drafts and read DRAWN, declarations included; the netlist's divider is the selected one               yes
   the old state (no T10 draft) and the mutated divider both FAIL the pre-regulator's check                                               yes
   on C-DEV rev 1 U7, U601, the lead's pin 1 and the LDOs' input hold with the draft                                                      yes
   round 5: CON-004, IOHA rows 7 and 8 and test A7 are read; A7's method is a cut                                                         yes
   round 5: the reset state the reference manual prints (HSI at 64 MHz, VOS3) is inside the bound                                         yes
   round 5: at the drop's worst corner the bounded state holds 125 C at the case's air on rev V's rows (fitted, L9T5-D7)                  yes
   round 5: with the response every credible single fabric fault holds 125 C on rev V's rows and both fabrics hold 150 C on both          yes
   round 5 (part 21, (1)): rev Y's rows, the cover for a rev X part, do not hold 125 C at that corner (a rev X part waits on V-B20)       yes
   round 5: without a row the held bus-fault rows still FAIL (the response, not the parts, closes them)                                   yes
   round 5: the SHDN draft composes and reads DRAWN; the state before it and both mutations FAIL; the contract draft applies once         yes
   round 5 (part 21, (4)): the contract draft carries this record's figures and C-DEV rev 2 as issued carries this output's               yes
   round 5 (part 22): the babbling row FAILS 125 C on rev V with iocpre alone and every rev V row holds with the set point delta          yes
   round 5 (part 22): the delta composes, reads 14.0k, refuses without iocpre and the tree; both mutations FAIL; T10-A3 holds restated    yes
   round 6 (cx45 Q3): the schedule's dominant bound is inside FW-B21's share at 500 kbit/s (a traffic MODEL, not quorum service)          yes
   round 6: the share limiter's MODEL leaves the legitimate share enabled, trips over it, and drives SHDN past VIH and under VIL          yes
   round 6: every served state is under the rail trip's least current (a constant-current MODEL; no sustained bound claimed)              yes
   round 6 (cx46 7): the countermodel stays under the trip's least filtered current and over 125 C: the sustained bound is not shown      yes
   round 6 (cx46 6): the drafted network does not meet V-B23's 0.2 s: that response claim is withdrawn                                    yes
   round 6: T10-A3 at the trip's average maximum with the sense drop, and the other LDOs during a response (PROVISIONAL at a peak)        yes
   round 6: the containment delta composes, reads DRAWN by pin, its six mutations FAIL, and refuses (a drafted circuit, not closure)      yes
   round 10 (L4A-57): row (b)'s four drafts compose after round 6's, the stage reads DRAWN by pin and value, its three mutations FAIL     yes
   round 10 (L4A-57): the regulator holds 125 C at constant maximum dissipation at IOSmax on the printed theta, IGND stated, not bounded  yes
   round 10 (L4A-57): no served state reaches IOSmin; T10-A3 holds at IOSmax on the 1 A row; three limiters inside U601 and the lead      yes
   round 10 (L4A-57): the judge holds on its rows and each mutation FAILS (a TYPICAL or a guideline used as a bound refused at K0)        yes
   round 10 (L4A-57): the printed theta is TI's best case, not a site bound: DONE AS CONDITIONAL on E-17, its limits named                yes
   round 10 (L4A-61): every T10 row the drafts change is restated, its anchor found in this output                                        yes
   round 11 (W159, W157-F7): the peers' hold-off bounds a short under IOSmin, both peers hold it, each mutation FAILS                     yes

l9t5_t10: done
