B underside Z 47.90; bases {'best': 1.21, 'nom': 1.4, 'worst': 2.61}; wrap 0.50/side; joint 1.00/section; P tallest 16.17 (fuse fitted), XH mated 9.8
4S3P 18650  enclosure end  3x2      base=nom   east  pack  60.65 x 213.50 (block 2 sec, W 56.65 L 133.50 H 38.10, top Z 43.50)  X spare  -2.65  Y spare   26.50  => NO (width)
4S3P 18650  enclosure end  3x2      base=nom   west  pack  60.65 x 213.50 (block 2 sec, W 56.65 L 133.50 H 38.10, top Z 43.50)  X spare  -2.65  Y spare  -53.50  => NO (width)
4S3P 18650  enclosure end  3x2      base=worst east  pack  60.65 x 213.50 (block 2 sec, W 56.65 L 133.50 H 38.10, top Z 44.71)  X spare  -2.65  Y spare   26.50  => NO (width)
4S3P 18650  enclosure end  3x2      base=worst west  pack  60.65 x 213.50 (block 2 sec, W 56.65 L 133.50 H 38.10, top Z 44.71)  X spare  -2.65  Y spare  -53.50  => NO (width)
4S3P 18650  enclosure end  2x2      base=nom   east  pack  48.00 x 279.75 (block 3 sec, W 38.10 L 199.75 H 38.10, top Z 43.50)  X spare  10.00  Y spare  -39.75  => NO (length)
4S3P 18650  enclosure end  2x2      base=nom   west  pack  48.00 x 279.75 (block 3 sec, W 38.10 L 199.75 H 38.10, top Z 43.50)  X spare  10.00  Y spare -119.75  => NO (length)
4S3P 18650  enclosure end  2x2      base=worst east  pack  48.00 x 279.75 (block 3 sec, W 38.10 L 199.75 H 38.10, top Z 44.71)  X spare  10.00  Y spare  -39.75  => NO (length)
4S3P 18650  enclosure end  2x2      base=worst west  pack  48.00 x 279.75 (block 3 sec, W 38.10 L 199.75 H 38.10, top Z 44.71)  X spare  10.00  Y spare -119.75  => NO (length)
4S3P 18650  enclosure end  3x1      base=nom   east  pack  60.65 x 346.00 (block 4 sec, W 56.65 L 266.00 H 19.55, top Z 28.17)  X spare  -2.65  Y spare -106.00  => NO (width)
4S3P 18650  enclosure end  3x1      base=nom   west  pack  60.65 x 346.00 (block 4 sec, W 56.65 L 266.00 H 19.55, top Z 28.17)  X spare  -2.65  Y spare -186.00  => NO (width)
4S3P 18650  enclosure end  3x1      base=worst east  pack  60.65 x 346.00 (block 4 sec, W 56.65 L 266.00 H 19.55, top Z 29.38)  X spare  -2.65  Y spare -106.00  => NO (width)
4S3P 18650  enclosure end  3x1      base=worst west  pack  60.65 x 346.00 (block 4 sec, W 56.65 L 266.00 H 19.55, top Z 29.38)  X spare  -2.65  Y spare -186.00  => NO (width)
4S3P 18650  enclosure end  2x1      base=nom   east  pack  48.00 x 478.50 (block 6 sec, W 38.10 L 398.50 H 19.55, top Z 28.17)  X spare  10.00  Y spare -238.50  => NO (length)
4S3P 18650  enclosure end  2x1      base=nom   west  pack  48.00 x 478.50 (block 6 sec, W 38.10 L 398.50 H 19.55, top Z 28.17)  X spare  10.00  Y spare -318.50  => NO (length)
4S3P 18650  enclosure end  2x1      base=worst east  pack  48.00 x 478.50 (block 6 sec, W 38.10 L 398.50 H 19.55, top Z 29.38)  X spare  10.00  Y spare -238.50  => NO (length)
4S3P 18650  enclosure end  2x1      base=worst west  pack  48.00 x 478.50 (block 6 sec, W 38.10 L 398.50 H 19.55, top Z 29.38)  X spare  10.00  Y spare -318.50  => NO (length)
4S3P 18650  enclosure end  nest3+2  base=nom   east  pack  60.65 x 279.75 (block 3 sec, W 56.65 L 199.75 H 35.61, top Z 41.01)  X spare  -2.65  Y spare  -39.75  => NO (width)
4S3P 18650  enclosure end  nest3+2  base=nom   west  pack  60.65 x 279.75 (block 3 sec, W 56.65 L 199.75 H 35.61, top Z 41.01)  X spare  -2.65  Y spare -119.75  => NO (width)
4S3P 18650  enclosure end  nest3+2  base=worst east  pack  60.65 x 279.75 (block 3 sec, W 56.65 L 199.75 H 35.61, top Z 42.22)  X spare  -2.65  Y spare  -39.75  => NO (width)
4S3P 18650  enclosure end  nest3+2  base=worst west  pack  60.65 x 279.75 (block 3 sec, W 56.65 L 199.75 H 35.61, top Z 42.22)  X spare  -2.65  Y spare -119.75  => NO (width)
4S3P 18650  enclosure end  nest2+2  base=nom   east  pack  51.38 x 279.75 (block 3 sec, W 47.38 L 199.75 H 35.61, top Z 41.01)  X spare   6.62  Y spare  -39.75  => NO (length)
4S3P 18650  enclosure end  nest2+2  base=nom   west  pack  51.38 x 279.75 (block 3 sec, W 47.38 L 199.75 H 35.61, top Z 41.01)  X spare   6.62  Y spare -119.75  => NO (length)
4S3P 18650  enclosure end  nest2+2  base=worst east  pack  51.38 x 279.75 (block 3 sec, W 47.38 L 199.75 H 35.61, top Z 42.22)  X spare   6.62  Y spare  -39.75  => NO (length)
4S3P 18650  enclosure end  nest2+2  base=worst west  pack  51.38 x 279.75 (block 3 sec, W 47.38 L 199.75 H 35.61, top Z 42.22)  X spare   6.62  Y spare -119.75  => NO (length)
4S3P 18650  enclosure end  nest2+1  base=nom   east  pack  48.00 x 346.00 (block 4 sec, W 38.10 L 266.00 H 35.61, top Z 41.01)  X spare  10.00  Y spare -106.00  => NO (length)
4S3P 18650  enclosure end  nest2+1  base=nom   west  pack  48.00 x 346.00 (block 4 sec, W 38.10 L 266.00 H 35.61, top Z 41.01)  X spare  10.00  Y spare -186.00  => NO (length)
4S3P 18650  enclosure end  nest2+1  base=worst east  pack  48.00 x 346.00 (block 4 sec, W 38.10 L 266.00 H 35.61, top Z 42.22)  X spare  10.00  Y spare -106.00  => NO (length)
4S3P 18650  enclosure end  nest2+1  base=worst west  pack  48.00 x 346.00 (block 4 sec, W 38.10 L 266.00 H 35.61, top Z 42.22)  X spare  10.00  Y spare -186.00  => NO (length)
4S3P 18650  enclosure side 3x2      base=nom   east  pack  79.42 x 137.50 (block 2 sec, W 56.65 L 133.50 H 38.10, top Z 50.40)  X spare -21.42  Y spare  102.50  => NO (width)
4S3P 18650  enclosure side 3x2      base=nom   west  pack  79.42 x 137.50 (block 2 sec, W 56.65 L 133.50 H 38.10, top Z 50.40)  X spare -21.42  Y spare   22.50  => NO (width)
4S3P 18650  enclosure side 3x2      base=worst east  pack  79.42 x 137.50 (block 2 sec, W 56.65 L 133.50 H 38.10, top Z 51.61)  X spare -21.42  Y spare  102.50  => NO (width)
4S3P 18650  enclosure side 3x2      base=worst west  pack  79.42 x 137.50 (block 2 sec, W 56.65 L 133.50 H 38.10, top Z 51.61)  X spare -21.42  Y spare   22.50  => NO (width)
4S3P 18650  enclosure side 2x2      base=nom   east  pack  60.87 x 203.75 (block 3 sec, W 38.10 L 199.75 H 38.10, top Z 50.40)  X spare  -2.87  Y spare   36.25  => NO (width)
4S3P 18650  enclosure side 2x2      base=nom   west  pack  60.87 x 203.75 (block 3 sec, W 38.10 L 199.75 H 38.10, top Z 50.40)  X spare  -2.87  Y spare  -43.75  => NO (width)
4S3P 18650  enclosure side 2x2      base=worst east  pack  60.87 x 203.75 (block 3 sec, W 38.10 L 199.75 H 38.10, top Z 51.61)  X spare  -2.87  Y spare   36.25  => NO (width)
4S3P 18650  enclosure side 2x2      base=worst west  pack  60.87 x 203.75 (block 3 sec, W 38.10 L 199.75 H 38.10, top Z 51.61)  X spare  -2.87  Y spare  -43.75  => NO (width)
4S3P 18650  enclosure side 3x1      base=nom   east  pack  79.42 x 270.00 (block 4 sec, W 56.65 L 266.00 H 19.55, top Z 50.40)  X spare -21.42  Y spare  -30.00  => NO (width)
4S3P 18650  enclosure side 3x1      base=nom   west  pack  79.42 x 270.00 (block 4 sec, W 56.65 L 266.00 H 19.55, top Z 50.40)  X spare -21.42  Y spare -110.00  => NO (width)
4S3P 18650  enclosure side 3x1      base=worst east  pack  79.42 x 270.00 (block 4 sec, W 56.65 L 266.00 H 19.55, top Z 51.61)  X spare -21.42  Y spare  -30.00  => NO (width)
4S3P 18650  enclosure side 3x1      base=worst west  pack  79.42 x 270.00 (block 4 sec, W 56.65 L 266.00 H 19.55, top Z 51.61)  X spare -21.42  Y spare -110.00  => NO (width)
4S3P 18650  enclosure side 2x1      base=nom   east  pack  60.87 x 402.50 (block 6 sec, W 38.10 L 398.50 H 19.55, top Z 50.40)  X spare  -2.87  Y spare -162.50  => NO (width)
4S3P 18650  enclosure side 2x1      base=nom   west  pack  60.87 x 402.50 (block 6 sec, W 38.10 L 398.50 H 19.55, top Z 50.40)  X spare  -2.87  Y spare -242.50  => NO (width)
4S3P 18650  enclosure side 2x1      base=worst east  pack  60.87 x 402.50 (block 6 sec, W 38.10 L 398.50 H 19.55, top Z 51.61)  X spare  -2.87  Y spare -162.50  => NO (width)
4S3P 18650  enclosure side 2x1      base=worst west  pack  60.87 x 402.50 (block 6 sec, W 38.10 L 398.50 H 19.55, top Z 51.61)  X spare  -2.87  Y spare -242.50  => NO (width)
4S3P 18650  enclosure side nest3+2  base=nom   east  pack  79.42 x 203.75 (block 3 sec, W 56.65 L 199.75 H 35.61, top Z 50.40)  X spare -21.42  Y spare   36.25  => NO (width)
4S3P 18650  enclosure side nest3+2  base=nom   west  pack  79.42 x 203.75 (block 3 sec, W 56.65 L 199.75 H 35.61, top Z 50.40)  X spare -21.42  Y spare  -43.75  => NO (width)
4S3P 18650  enclosure side nest3+2  base=worst east  pack  79.42 x 203.75 (block 3 sec, W 56.65 L 199.75 H 35.61, top Z 51.61)  X spare -21.42  Y spare   36.25  => NO (width)
4S3P 18650  enclosure side nest3+2  base=worst west  pack  79.42 x 203.75 (block 3 sec, W 56.65 L 199.75 H 35.61, top Z 51.61)  X spare -21.42  Y spare  -43.75  => NO (width)
4S3P 18650  enclosure side nest2+2  base=nom   east  pack  70.15 x 203.75 (block 3 sec, W 47.38 L 199.75 H 35.61, top Z 50.40)  X spare -12.15  Y spare   36.25  => NO (width)
4S3P 18650  enclosure side nest2+2  base=nom   west  pack  70.15 x 203.75 (block 3 sec, W 47.38 L 199.75 H 35.61, top Z 50.40)  X spare -12.15  Y spare  -43.75  => NO (width)
4S3P 18650  enclosure side nest2+2  base=worst east  pack  70.15 x 203.75 (block 3 sec, W 47.38 L 199.75 H 35.61, top Z 51.61)  X spare -12.15  Y spare   36.25  => NO (width)
4S3P 18650  enclosure side nest2+2  base=worst west  pack  70.15 x 203.75 (block 3 sec, W 47.38 L 199.75 H 35.61, top Z 51.61)  X spare -12.15  Y spare  -43.75  => NO (width)
4S3P 18650  enclosure side nest2+1  base=nom   east  pack  60.87 x 270.00 (block 4 sec, W 38.10 L 266.00 H 35.61, top Z 50.40)  X spare  -2.87  Y spare  -30.00  => NO (width)
4S3P 18650  enclosure side nest2+1  base=nom   west  pack  60.87 x 270.00 (block 4 sec, W 38.10 L 266.00 H 35.61, top Z 50.40)  X spare  -2.87  Y spare -110.00  => NO (width)
4S3P 18650  enclosure side nest2+1  base=worst east  pack  60.87 x 270.00 (block 4 sec, W 38.10 L 266.00 H 35.61, top Z 51.61)  X spare  -2.87  Y spare  -30.00  => NO (width)
4S3P 18650  enclosure side nest2+1  base=worst west  pack  60.87 x 270.00 (block 4 sec, W 38.10 L 266.00 H 35.61, top Z 51.61)  X spare  -2.87  Y spare -110.00  => NO (width)
4S3P 18650  stepped   end  3x2      base=nom   east  pack  60.65 x 213.50 (block 2 sec, W 56.65 L 133.50 H 38.10, top Z 43.50)  X spare  -2.65  Y spare   26.50  => NO (width)
4S3P 18650  stepped   end  3x2      base=nom   west  pack  60.65 x 213.50 (block 2 sec, W 56.65 L 133.50 H 38.10, top Z 43.50)  X spare  -2.65  Y spare  -53.50  => NO (width)
4S3P 18650  stepped   end  3x2      base=worst east  pack  60.65 x 213.50 (block 2 sec, W 56.65 L 133.50 H 38.10, top Z 44.71)  X spare  -2.65  Y spare   26.50  => NO (width)
4S3P 18650  stepped   end  3x2      base=worst west  pack  60.65 x 213.50 (block 2 sec, W 56.65 L 133.50 H 38.10, top Z 44.71)  X spare  -2.65  Y spare  -53.50  => NO (width)
4S3P 18650  stepped   end  2x2      base=nom   east  pack  48.00 x 279.75 (block 3 sec, W 38.10 L 199.75 H 38.10, top Z 43.50)  X spare  10.00  Y spare  -39.75  => NO (length)
4S3P 18650  stepped   end  2x2      base=nom   west  pack  48.00 x 279.75 (block 3 sec, W 38.10 L 199.75 H 38.10, top Z 43.50)  X spare  10.00  Y spare -119.75  => NO (length)
4S3P 18650  stepped   end  2x2      base=worst east  pack  48.00 x 279.75 (block 3 sec, W 38.10 L 199.75 H 38.10, top Z 44.71)  X spare  10.00  Y spare  -39.75  => NO (length)
4S3P 18650  stepped   end  2x2      base=worst west  pack  48.00 x 279.75 (block 3 sec, W 38.10 L 199.75 H 38.10, top Z 44.71)  X spare  10.00  Y spare -119.75  => NO (length)
4S3P 18650  stepped   end  3x1      base=nom   east  pack  60.65 x 346.00 (block 4 sec, W 56.65 L 266.00 H 19.55, top Z 28.17)  X spare  -2.65  Y spare -106.00  => NO (width)
4S3P 18650  stepped   end  3x1      base=nom   west  pack  60.65 x 346.00 (block 4 sec, W 56.65 L 266.00 H 19.55, top Z 28.17)  X spare  -2.65  Y spare -186.00  => NO (width)
4S3P 18650  stepped   end  3x1      base=worst east  pack  60.65 x 346.00 (block 4 sec, W 56.65 L 266.00 H 19.55, top Z 29.38)  X spare  -2.65  Y spare -106.00  => NO (width)
4S3P 18650  stepped   end  3x1      base=worst west  pack  60.65 x 346.00 (block 4 sec, W 56.65 L 266.00 H 19.55, top Z 29.38)  X spare  -2.65  Y spare -186.00  => NO (width)
4S3P 18650  stepped   end  2x1      base=nom   east  pack  48.00 x 478.50 (block 6 sec, W 38.10 L 398.50 H 19.55, top Z 28.17)  X spare  10.00  Y spare -238.50  => NO (length)
4S3P 18650  stepped   end  2x1      base=nom   west  pack  48.00 x 478.50 (block 6 sec, W 38.10 L 398.50 H 19.55, top Z 28.17)  X spare  10.00  Y spare -318.50  => NO (length)
4S3P 18650  stepped   end  2x1      base=worst east  pack  48.00 x 478.50 (block 6 sec, W 38.10 L 398.50 H 19.55, top Z 29.38)  X spare  10.00  Y spare -238.50  => NO (length)
4S3P 18650  stepped   end  2x1      base=worst west  pack  48.00 x 478.50 (block 6 sec, W 38.10 L 398.50 H 19.55, top Z 29.38)  X spare  10.00  Y spare -318.50  => NO (length)
4S3P 18650  stepped   end  nest3+2  base=nom   east  pack  60.65 x 279.75 (block 3 sec, W 56.65 L 199.75 H 35.61, top Z 41.01)  X spare  -2.65  Y spare  -39.75  => NO (width)
4S3P 18650  stepped   end  nest3+2  base=nom   west  pack  60.65 x 279.75 (block 3 sec, W 56.65 L 199.75 H 35.61, top Z 41.01)  X spare  -2.65  Y spare -119.75  => NO (width)
4S3P 18650  stepped   end  nest3+2  base=worst east  pack  60.65 x 279.75 (block 3 sec, W 56.65 L 199.75 H 35.61, top Z 42.22)  X spare  -2.65  Y spare  -39.75  => NO (width)
4S3P 18650  stepped   end  nest3+2  base=worst west  pack  60.65 x 279.75 (block 3 sec, W 56.65 L 199.75 H 35.61, top Z 42.22)  X spare  -2.65  Y spare -119.75  => NO (width)
4S3P 18650  stepped   end  nest2+2  base=nom   east  pack  51.38 x 279.75 (block 3 sec, W 47.38 L 199.75 H 35.61, top Z 41.01)  X spare   6.62  Y spare  -39.75  => NO (length)
4S3P 18650  stepped   end  nest2+2  base=nom   west  pack  51.38 x 279.75 (block 3 sec, W 47.38 L 199.75 H 35.61, top Z 41.01)  X spare   6.62  Y spare -119.75  => NO (length)
4S3P 18650  stepped   end  nest2+2  base=worst east  pack  51.38 x 279.75 (block 3 sec, W 47.38 L 199.75 H 35.61, top Z 42.22)  X spare   6.62  Y spare  -39.75  => NO (length)
4S3P 18650  stepped   end  nest2+2  base=worst west  pack  51.38 x 279.75 (block 3 sec, W 47.38 L 199.75 H 35.61, top Z 42.22)  X spare   6.62  Y spare -119.75  => NO (length)
4S3P 18650  stepped   end  nest2+1  base=nom   east  pack  48.00 x 346.00 (block 4 sec, W 38.10 L 266.00 H 35.61, top Z 41.01)  X spare  10.00  Y spare -106.00  => NO (length)
4S3P 18650  stepped   end  nest2+1  base=nom   west  pack  48.00 x 346.00 (block 4 sec, W 38.10 L 266.00 H 35.61, top Z 41.01)  X spare  10.00  Y spare -186.00  => NO (length)
4S3P 18650  stepped   end  nest2+1  base=worst east  pack  48.00 x 346.00 (block 4 sec, W 38.10 L 266.00 H 35.61, top Z 42.22)  X spare  10.00  Y spare -106.00  => NO (length)
4S3P 18650  stepped   end  nest2+1  base=worst west  pack  48.00 x 346.00 (block 4 sec, W 38.10 L 266.00 H 35.61, top Z 42.22)  X spare  10.00  Y spare -186.00  => NO (length)
4S3P 18650  stepped   side 3x2      base=nom   east  pack  79.42 x 137.50 (block 2 sec, W 56.65 L 133.50 H 38.10, top Z 50.40)  X spare -21.42  Y spare  102.50  => NO (width)
4S3P 18650  stepped   side 3x2      base=nom   west  pack  79.42 x 137.50 (block 2 sec, W 56.65 L 133.50 H 38.10, top Z 50.40)  X spare -21.42  Y spare   22.50  => NO (width)
4S3P 18650  stepped   side 3x2      base=worst east  pack  79.42 x 137.50 (block 2 sec, W 56.65 L 133.50 H 38.10, top Z 51.61)  X spare -21.42  Y spare  102.50  => NO (width)
4S3P 18650  stepped   side 3x2      base=worst west  pack  79.42 x 137.50 (block 2 sec, W 56.65 L 133.50 H 38.10, top Z 51.61)  X spare -21.42  Y spare   22.50  => NO (width)
4S3P 18650  stepped   side 2x2      base=nom   east  pack  60.87 x 203.75 (block 3 sec, W 38.10 L 199.75 H 38.10, top Z 50.40)  X spare  -2.87  Y spare   36.25  => NO (width)
4S3P 18650  stepped   side 2x2      base=nom   west  pack  60.87 x 203.75 (block 3 sec, W 38.10 L 199.75 H 38.10, top Z 50.40)  X spare  -2.87  Y spare  -43.75  => NO (width)
4S3P 18650  stepped   side 2x2      base=worst east  pack  60.87 x 203.75 (block 3 sec, W 38.10 L 199.75 H 38.10, top Z 51.61)  X spare  -2.87  Y spare   36.25  => NO (width)
4S3P 18650  stepped   side 2x2      base=worst west  pack  60.87 x 203.75 (block 3 sec, W 38.10 L 199.75 H 38.10, top Z 51.61)  X spare  -2.87  Y spare  -43.75  => NO (width)
4S3P 18650  stepped   side 3x1      base=nom   east  pack  79.42 x 270.00 (block 4 sec, W 56.65 L 266.00 H 19.55, top Z 50.40)  X spare -21.42  Y spare  -30.00  => NO (width)
4S3P 18650  stepped   side 3x1      base=nom   west  pack  79.42 x 270.00 (block 4 sec, W 56.65 L 266.00 H 19.55, top Z 50.40)  X spare -21.42  Y spare -110.00  => NO (width)
4S3P 18650  stepped   side 3x1      base=worst east  pack  79.42 x 270.00 (block 4 sec, W 56.65 L 266.00 H 19.55, top Z 51.61)  X spare -21.42  Y spare  -30.00  => NO (width)
4S3P 18650  stepped   side 3x1      base=worst west  pack  79.42 x 270.00 (block 4 sec, W 56.65 L 266.00 H 19.55, top Z 51.61)  X spare -21.42  Y spare -110.00  => NO (width)
4S3P 18650  stepped   side 2x1      base=nom   east  pack  60.87 x 402.50 (block 6 sec, W 38.10 L 398.50 H 19.55, top Z 50.40)  X spare  -2.87  Y spare -162.50  => NO (width)
4S3P 18650  stepped   side 2x1      base=nom   west  pack  60.87 x 402.50 (block 6 sec, W 38.10 L 398.50 H 19.55, top Z 50.40)  X spare  -2.87  Y spare -242.50  => NO (width)
4S3P 18650  stepped   side 2x1      base=worst east  pack  60.87 x 402.50 (block 6 sec, W 38.10 L 398.50 H 19.55, top Z 51.61)  X spare  -2.87  Y spare -162.50  => NO (width)
4S3P 18650  stepped   side 2x1      base=worst west  pack  60.87 x 402.50 (block 6 sec, W 38.10 L 398.50 H 19.55, top Z 51.61)  X spare  -2.87  Y spare -242.50  => NO (width)
4S3P 18650  stepped   side nest3+2  base=nom   east  pack  79.42 x 203.75 (block 3 sec, W 56.65 L 199.75 H 35.61, top Z 50.40)  X spare -21.42  Y spare   36.25  => NO (width)
4S3P 18650  stepped   side nest3+2  base=nom   west  pack  79.42 x 203.75 (block 3 sec, W 56.65 L 199.75 H 35.61, top Z 50.40)  X spare -21.42  Y spare  -43.75  => NO (width)
4S3P 18650  stepped   side nest3+2  base=worst east  pack  79.42 x 203.75 (block 3 sec, W 56.65 L 199.75 H 35.61, top Z 51.61)  X spare -21.42  Y spare   36.25  => NO (width)
4S3P 18650  stepped   side nest3+2  base=worst west  pack  79.42 x 203.75 (block 3 sec, W 56.65 L 199.75 H 35.61, top Z 51.61)  X spare -21.42  Y spare  -43.75  => NO (width)
4S3P 18650  stepped   side nest2+2  base=nom   east  pack  70.15 x 203.75 (block 3 sec, W 47.38 L 199.75 H 35.61, top Z 50.40)  X spare -12.15  Y spare   36.25  => NO (width)
4S3P 18650  stepped   side nest2+2  base=nom   west  pack  70.15 x 203.75 (block 3 sec, W 47.38 L 199.75 H 35.61, top Z 50.40)  X spare -12.15  Y spare  -43.75  => NO (width)
4S3P 18650  stepped   side nest2+2  base=worst east  pack  70.15 x 203.75 (block 3 sec, W 47.38 L 199.75 H 35.61, top Z 51.61)  X spare -12.15  Y spare   36.25  => NO (width)
4S3P 18650  stepped   side nest2+2  base=worst west  pack  70.15 x 203.75 (block 3 sec, W 47.38 L 199.75 H 35.61, top Z 51.61)  X spare -12.15  Y spare  -43.75  => NO (width)
4S3P 18650  stepped   side nest2+1  base=nom   east  pack  60.87 x 270.00 (block 4 sec, W 38.10 L 266.00 H 35.61, top Z 50.40)  X spare  -2.87  Y spare  -30.00  => NO (width)
4S3P 18650  stepped   side nest2+1  base=nom   west  pack  60.87 x 270.00 (block 4 sec, W 38.10 L 266.00 H 35.61, top Z 50.40)  X spare  -2.87  Y spare -110.00  => NO (width)
4S3P 18650  stepped   side nest2+1  base=worst east  pack  60.87 x 270.00 (block 4 sec, W 38.10 L 266.00 H 35.61, top Z 51.61)  X spare  -2.87  Y spare  -30.00  => NO (width)
4S3P 18650  stepped   side nest2+1  base=worst west  pack  60.87 x 270.00 (block 4 sec, W 38.10 L 266.00 H 35.61, top Z 51.61)  X spare  -2.87  Y spare -110.00  => NO (width)
4S3P 18650  minimal   end  3x2      base=nom   east  pack  56.65 x 205.50 (block 2 sec, W 56.65 L 133.50 H 38.10, top Z 39.50)  X spare   1.35  Y spare   34.50  Z clear   4.53 at WIFISW: six U.FL (mated 2.5 max, Hirose U.FL catalogue Sep 2  [origin X 120.00 Y -120.00]  => FITS | ends free S 0.0 N 34.5 chase blocked | with an RF path kept: Z clear 4.53 at WIFISW: six U.FL (mated 2.5 max, Hirose  [X 120.00 Y -120.00, S 0.0 N 34.5 chase blocked]
4S3P 18650  minimal   end  3x2      base=nom   west  pack  56.65 x 205.50 (block 2 sec, W 56.65 L 133.50 H 38.10, top Z 39.50)  X spare   1.35  Y spare  -45.50  => NO (length)
4S3P 18650  minimal   end  3x2      base=worst east  pack  56.65 x 205.50 (block 2 sec, W 56.65 L 133.50 H 38.10, top Z 40.71)  X spare   1.35  Y spare   34.50  Z clear   3.32 at WIFISW: six U.FL (mated 2.5 max, Hirose U.FL catalogue Sep 2  [origin X 120.00 Y -120.00]  => FITS | ends free S 0.0 N 34.5 chase blocked | with an RF path kept: Z clear 3.32 at WIFISW: six U.FL (mated 2.5 max, Hirose  [X 120.00 Y -120.00, S 0.0 N 34.5 chase blocked]
4S3P 18650  minimal   end  3x2      base=worst west  pack  56.65 x 205.50 (block 2 sec, W 56.65 L 133.50 H 38.10, top Z 40.71)  X spare   1.35  Y spare  -45.50  => NO (length)
4S3P 18650  minimal   end  2x2      base=nom   east  pack  44.00 x 271.75 (block 3 sec, W 38.10 L 199.75 H 38.10, top Z 39.50)  X spare  14.00  Y spare  -31.75  => NO (length)
4S3P 18650  minimal   end  2x2      base=nom   west  pack  44.00 x 271.75 (block 3 sec, W 38.10 L 199.75 H 38.10, top Z 39.50)  X spare  14.00  Y spare -111.75  => NO (length)
4S3P 18650  minimal   end  2x2      base=worst east  pack  44.00 x 271.75 (block 3 sec, W 38.10 L 199.75 H 38.10, top Z 40.71)  X spare  14.00  Y spare  -31.75  => NO (length)
4S3P 18650  minimal   end  2x2      base=worst west  pack  44.00 x 271.75 (block 3 sec, W 38.10 L 199.75 H 38.10, top Z 40.71)  X spare  14.00  Y spare -111.75  => NO (length)
4S3P 18650  minimal   end  3x1      base=nom   east  pack  56.65 x 338.00 (block 4 sec, W 56.65 L 266.00 H 19.55, top Z 20.95)  X spare   1.35  Y spare  -98.00  => NO (length)
4S3P 18650  minimal   end  3x1      base=nom   west  pack  56.65 x 338.00 (block 4 sec, W 56.65 L 266.00 H 19.55, top Z 20.95)  X spare   1.35  Y spare -178.00  => NO (length)
4S3P 18650  minimal   end  3x1      base=worst east  pack  56.65 x 338.00 (block 4 sec, W 56.65 L 266.00 H 19.55, top Z 22.16)  X spare   1.35  Y spare  -98.00  => NO (length)
4S3P 18650  minimal   end  3x1      base=worst west  pack  56.65 x 338.00 (block 4 sec, W 56.65 L 266.00 H 19.55, top Z 22.16)  X spare   1.35  Y spare -178.00  => NO (length)
4S3P 18650  minimal   end  2x1      base=nom   east  pack  44.00 x 470.50 (block 6 sec, W 38.10 L 398.50 H 19.55, top Z 20.95)  X spare  14.00  Y spare -230.50  => NO (length)
4S3P 18650  minimal   end  2x1      base=nom   west  pack  44.00 x 470.50 (block 6 sec, W 38.10 L 398.50 H 19.55, top Z 20.95)  X spare  14.00  Y spare -310.50  => NO (length)
4S3P 18650  minimal   end  2x1      base=worst east  pack  44.00 x 470.50 (block 6 sec, W 38.10 L 398.50 H 19.55, top Z 22.16)  X spare  14.00  Y spare -230.50  => NO (length)
4S3P 18650  minimal   end  2x1      base=worst west  pack  44.00 x 470.50 (block 6 sec, W 38.10 L 398.50 H 19.55, top Z 22.16)  X spare  14.00  Y spare -310.50  => NO (length)
4S3P 18650  minimal   end  nest3+2  base=nom   east  pack  56.65 x 271.75 (block 3 sec, W 56.65 L 199.75 H 35.61, top Z 37.01)  X spare   1.35  Y spare  -31.75  => NO (length)
4S3P 18650  minimal   end  nest3+2  base=nom   west  pack  56.65 x 271.75 (block 3 sec, W 56.65 L 199.75 H 35.61, top Z 37.01)  X spare   1.35  Y spare -111.75  => NO (length)
4S3P 18650  minimal   end  nest3+2  base=worst east  pack  56.65 x 271.75 (block 3 sec, W 56.65 L 199.75 H 35.61, top Z 38.22)  X spare   1.35  Y spare  -31.75  => NO (length)
4S3P 18650  minimal   end  nest3+2  base=worst west  pack  56.65 x 271.75 (block 3 sec, W 56.65 L 199.75 H 35.61, top Z 38.22)  X spare   1.35  Y spare -111.75  => NO (length)
4S3P 18650  minimal   end  nest2+2  base=nom   east  pack  47.38 x 271.75 (block 3 sec, W 47.38 L 199.75 H 35.61, top Z 37.01)  X spare  10.62  Y spare  -31.75  => NO (length)
4S3P 18650  minimal   end  nest2+2  base=nom   west  pack  47.38 x 271.75 (block 3 sec, W 47.38 L 199.75 H 35.61, top Z 37.01)  X spare  10.62  Y spare -111.75  => NO (length)
4S3P 18650  minimal   end  nest2+2  base=worst east  pack  47.38 x 271.75 (block 3 sec, W 47.38 L 199.75 H 35.61, top Z 38.22)  X spare  10.62  Y spare  -31.75  => NO (length)
4S3P 18650  minimal   end  nest2+2  base=worst west  pack  47.38 x 271.75 (block 3 sec, W 47.38 L 199.75 H 35.61, top Z 38.22)  X spare  10.62  Y spare -111.75  => NO (length)
4S3P 18650  minimal   end  nest2+1  base=nom   east  pack  44.00 x 338.00 (block 4 sec, W 38.10 L 266.00 H 35.61, top Z 37.01)  X spare  14.00  Y spare  -98.00  => NO (length)
4S3P 18650  minimal   end  nest2+1  base=nom   west  pack  44.00 x 338.00 (block 4 sec, W 38.10 L 266.00 H 35.61, top Z 37.01)  X spare  14.00  Y spare -178.00  => NO (length)
4S3P 18650  minimal   end  nest2+1  base=worst east  pack  44.00 x 338.00 (block 4 sec, W 38.10 L 266.00 H 35.61, top Z 38.22)  X spare  14.00  Y spare  -98.00  => NO (length)
4S3P 18650  minimal   end  nest2+1  base=worst west  pack  44.00 x 338.00 (block 4 sec, W 38.10 L 266.00 H 35.61, top Z 38.22)  X spare  14.00  Y spare -178.00  => NO (length)
4S3P 18650  minimal   side 3x2      base=nom   east  pack  75.42 x 133.50 (block 2 sec, W 56.65 L 133.50 H 38.10, top Z 46.40)  X spare -17.42  Y spare  106.50  => NO (width)
4S3P 18650  minimal   side 3x2      base=nom   west  pack  75.42 x 133.50 (block 2 sec, W 56.65 L 133.50 H 38.10, top Z 46.40)  X spare -17.42  Y spare   26.50  => NO (width)
4S3P 18650  minimal   side 3x2      base=worst east  pack  75.42 x 133.50 (block 2 sec, W 56.65 L 133.50 H 38.10, top Z 47.61)  X spare -17.42  Y spare  106.50  => NO (width)
4S3P 18650  minimal   side 3x2      base=worst west  pack  75.42 x 133.50 (block 2 sec, W 56.65 L 133.50 H 38.10, top Z 47.61)  X spare -17.42  Y spare   26.50  => NO (width)
4S3P 18650  minimal   side 2x2      base=nom   east  pack  56.87 x 199.75 (block 3 sec, W 38.10 L 199.75 H 38.10, top Z 46.40)  X spare   1.13  Y spare   40.25  Z clear  -0.50 at J_ZBDBG1/2, J_CAM pin tails (top-side 1x5/1x4 headers)  [origin X 120.00 Y -80.50]  => NO (height) | ends free S 39.5 N 0.8 chase free | with an RF path kept: Z clear -0.50 at J_ZBDBG1/2, J_CAM pin tails (top-side 1x [X 120.00 Y -80.50, S 39.5 N 0.8 chase free]
4S3P 18650  minimal   side 2x2      base=nom   west  pack  56.87 x 199.75 (block 3 sec, W 38.10 L 199.75 H 38.10, top Z 46.40)  X spare   1.13  Y spare  -39.75  => NO (length)
4S3P 18650  minimal   side 2x2      base=worst east  pack  56.87 x 199.75 (block 3 sec, W 38.10 L 199.75 H 38.10, top Z 47.61)  X spare   1.13  Y spare   40.25  Z clear  -1.71 at J_ZBDBG1/2, J_CAM pin tails (top-side 1x5/1x4 headers)  [origin X 120.00 Y -80.50]  => NO (height) | ends free S 39.5 N 0.8 chase free | with an RF path kept: Z clear -1.71 at J_ZBDBG1/2, J_CAM pin tails (top-side 1x [X 120.00 Y -80.50, S 39.5 N 0.8 chase free]
4S3P 18650  minimal   side 2x2      base=worst west  pack  56.87 x 199.75 (block 3 sec, W 38.10 L 199.75 H 38.10, top Z 47.61)  X spare   1.13  Y spare  -39.75  => NO (length)
4S3P 18650  minimal   side 3x1      base=nom   east  pack  75.42 x 266.00 (block 4 sec, W 56.65 L 266.00 H 19.55, top Z 46.40)  X spare -17.42  Y spare  -26.00  => NO (width)
4S3P 18650  minimal   side 3x1      base=nom   west  pack  75.42 x 266.00 (block 4 sec, W 56.65 L 266.00 H 19.55, top Z 46.40)  X spare -17.42  Y spare -106.00  => NO (width)
4S3P 18650  minimal   side 3x1      base=worst east  pack  75.42 x 266.00 (block 4 sec, W 56.65 L 266.00 H 19.55, top Z 47.61)  X spare -17.42  Y spare  -26.00  => NO (width)
4S3P 18650  minimal   side 3x1      base=worst west  pack  75.42 x 266.00 (block 4 sec, W 56.65 L 266.00 H 19.55, top Z 47.61)  X spare -17.42  Y spare -106.00  => NO (width)
4S3P 18650  minimal   side 2x1      base=nom   east  pack  56.87 x 398.50 (block 6 sec, W 38.10 L 398.50 H 19.55, top Z 46.40)  X spare   1.13  Y spare -158.50  => NO (length)
4S3P 18650  minimal   side 2x1      base=nom   west  pack  56.87 x 398.50 (block 6 sec, W 38.10 L 398.50 H 19.55, top Z 46.40)  X spare   1.13  Y spare -238.50  => NO (length)
4S3P 18650  minimal   side 2x1      base=worst east  pack  56.87 x 398.50 (block 6 sec, W 38.10 L 398.50 H 19.55, top Z 47.61)  X spare   1.13  Y spare -158.50  => NO (length)
4S3P 18650  minimal   side 2x1      base=worst west  pack  56.87 x 398.50 (block 6 sec, W 38.10 L 398.50 H 19.55, top Z 47.61)  X spare   1.13  Y spare -238.50  => NO (length)
4S3P 18650  minimal   side nest3+2  base=nom   east  pack  75.42 x 199.75 (block 3 sec, W 56.65 L 199.75 H 35.61, top Z 46.40)  X spare -17.42  Y spare   40.25  => NO (width)
4S3P 18650  minimal   side nest3+2  base=nom   west  pack  75.42 x 199.75 (block 3 sec, W 56.65 L 199.75 H 35.61, top Z 46.40)  X spare -17.42  Y spare  -39.75  => NO (width)
4S3P 18650  minimal   side nest3+2  base=worst east  pack  75.42 x 199.75 (block 3 sec, W 56.65 L 199.75 H 35.61, top Z 47.61)  X spare -17.42  Y spare   40.25  => NO (width)
4S3P 18650  minimal   side nest3+2  base=worst west  pack  75.42 x 199.75 (block 3 sec, W 56.65 L 199.75 H 35.61, top Z 47.61)  X spare -17.42  Y spare  -39.75  => NO (width)
4S3P 18650  minimal   side nest2+2  base=nom   east  pack  66.15 x 199.75 (block 3 sec, W 47.38 L 199.75 H 35.61, top Z 46.40)  X spare  -8.15  Y spare   40.25  => NO (width)
4S3P 18650  minimal   side nest2+2  base=nom   west  pack  66.15 x 199.75 (block 3 sec, W 47.38 L 199.75 H 35.61, top Z 46.40)  X spare  -8.15  Y spare  -39.75  => NO (width)
4S3P 18650  minimal   side nest2+2  base=worst east  pack  66.15 x 199.75 (block 3 sec, W 47.38 L 199.75 H 35.61, top Z 47.61)  X spare  -8.15  Y spare   40.25  => NO (width)
4S3P 18650  minimal   side nest2+2  base=worst west  pack  66.15 x 199.75 (block 3 sec, W 47.38 L 199.75 H 35.61, top Z 47.61)  X spare  -8.15  Y spare  -39.75  => NO (width)
4S3P 18650  minimal   side nest2+1  base=nom   east  pack  56.87 x 266.00 (block 4 sec, W 38.10 L 266.00 H 35.61, top Z 46.40)  X spare   1.13  Y spare  -26.00  => NO (length)
4S3P 18650  minimal   side nest2+1  base=nom   west  pack  56.87 x 266.00 (block 4 sec, W 38.10 L 266.00 H 35.61, top Z 46.40)  X spare   1.13  Y spare -106.00  => NO (length)
4S3P 18650  minimal   side nest2+1  base=worst east  pack  56.87 x 266.00 (block 4 sec, W 38.10 L 266.00 H 35.61, top Z 47.61)  X spare   1.13  Y spare  -26.00  => NO (length)
4S3P 18650  minimal   side nest2+1  base=worst west  pack  56.87 x 266.00 (block 4 sec, W 38.10 L 266.00 H 35.61, top Z 47.61)  X spare   1.13  Y spare -106.00  => NO (length)
4S3P 18650  minimal   top  3x1      base=nom   east  pack  56.65 x 266.00 (block 4 sec, W 56.65 L 266.00 H 19.55, top Z 39.22)  X spare   1.35  Y spare  -26.00  => NO (length)
4S3P 18650  minimal   top  3x1      base=nom   west  pack  56.65 x 266.00 (block 4 sec, W 56.65 L 266.00 H 19.55, top Z 39.22)  X spare   1.35  Y spare -106.00  => NO (length)
4S3P 18650  minimal   top  3x1      base=worst east  pack  56.65 x 266.00 (block 4 sec, W 56.65 L 266.00 H 19.55, top Z 40.43)  X spare   1.35  Y spare  -26.00  => NO (length)
4S3P 18650  minimal   top  3x1      base=worst west  pack  56.65 x 266.00 (block 4 sec, W 56.65 L 266.00 H 19.55, top Z 40.43)  X spare   1.35  Y spare -106.00  => NO (length)
4S3P 18650  minimal   top  2x1      base=nom   east  pack  44.00 x 398.50 (block 6 sec, W 38.10 L 398.50 H 19.55, top Z 39.22)  X spare  14.00  Y spare -158.50  => NO (length)
4S3P 18650  minimal   top  2x1      base=nom   west  pack  44.00 x 398.50 (block 6 sec, W 38.10 L 398.50 H 19.55, top Z 39.22)  X spare  14.00  Y spare -238.50  => NO (length)
4S3P 18650  minimal   top  2x1      base=worst east  pack  44.00 x 398.50 (block 6 sec, W 38.10 L 398.50 H 19.55, top Z 40.43)  X spare  14.00  Y spare -158.50  => NO (length)
4S3P 18650  minimal   top  2x1      base=worst west  pack  44.00 x 398.50 (block 6 sec, W 38.10 L 398.50 H 19.55, top Z 40.43)  X spare  14.00  Y spare -238.50  => NO (length)
4S4P 18650  enclosure end  3x2      base=nom   east  pack  60.65 x 279.75 (block 3 sec, W 56.65 L 199.75 H 38.10, top Z 43.50)  X spare  -2.65  Y spare  -39.75  => NO (width)
4S4P 18650  enclosure end  3x2      base=nom   west  pack  60.65 x 279.75 (block 3 sec, W 56.65 L 199.75 H 38.10, top Z 43.50)  X spare  -2.65  Y spare -119.75  => NO (width)
4S4P 18650  enclosure end  3x2      base=worst east  pack  60.65 x 279.75 (block 3 sec, W 56.65 L 199.75 H 38.10, top Z 44.71)  X spare  -2.65  Y spare  -39.75  => NO (width)
4S4P 18650  enclosure end  3x2      base=worst west  pack  60.65 x 279.75 (block 3 sec, W 56.65 L 199.75 H 38.10, top Z 44.71)  X spare  -2.65  Y spare -119.75  => NO (width)
4S4P 18650  enclosure end  2x2      base=nom   east  pack  48.00 x 346.00 (block 4 sec, W 38.10 L 266.00 H 38.10, top Z 43.50)  X spare  10.00  Y spare -106.00  => NO (length)
4S4P 18650  enclosure end  2x2      base=nom   west  pack  48.00 x 346.00 (block 4 sec, W 38.10 L 266.00 H 38.10, top Z 43.50)  X spare  10.00  Y spare -186.00  => NO (length)
4S4P 18650  enclosure end  2x2      base=worst east  pack  48.00 x 346.00 (block 4 sec, W 38.10 L 266.00 H 38.10, top Z 44.71)  X spare  10.00  Y spare -106.00  => NO (length)
4S4P 18650  enclosure end  2x2      base=worst west  pack  48.00 x 346.00 (block 4 sec, W 38.10 L 266.00 H 38.10, top Z 44.71)  X spare  10.00  Y spare -186.00  => NO (length)
4S4P 18650  enclosure end  3x1      base=nom   east  pack  60.65 x 478.50 (block 6 sec, W 56.65 L 398.50 H 19.55, top Z 28.17)  X spare  -2.65  Y spare -238.50  => NO (width)
4S4P 18650  enclosure end  3x1      base=nom   west  pack  60.65 x 478.50 (block 6 sec, W 56.65 L 398.50 H 19.55, top Z 28.17)  X spare  -2.65  Y spare -318.50  => NO (width)
4S4P 18650  enclosure end  3x1      base=worst east  pack  60.65 x 478.50 (block 6 sec, W 56.65 L 398.50 H 19.55, top Z 29.38)  X spare  -2.65  Y spare -238.50  => NO (width)
4S4P 18650  enclosure end  3x1      base=worst west  pack  60.65 x 478.50 (block 6 sec, W 56.65 L 398.50 H 19.55, top Z 29.38)  X spare  -2.65  Y spare -318.50  => NO (width)
4S4P 18650  enclosure end  2x1      base=nom   east  pack  48.00 x 611.00 (block 8 sec, W 38.10 L 531.00 H 19.55, top Z 28.17)  X spare  10.00  Y spare -371.00  => NO (length)
4S4P 18650  enclosure end  2x1      base=nom   west  pack  48.00 x 611.00 (block 8 sec, W 38.10 L 531.00 H 19.55, top Z 28.17)  X spare  10.00  Y spare -451.00  => NO (length)
4S4P 18650  enclosure end  2x1      base=worst east  pack  48.00 x 611.00 (block 8 sec, W 38.10 L 531.00 H 19.55, top Z 29.38)  X spare  10.00  Y spare -371.00  => NO (length)
4S4P 18650  enclosure end  2x1      base=worst west  pack  48.00 x 611.00 (block 8 sec, W 38.10 L 531.00 H 19.55, top Z 29.38)  X spare  10.00  Y spare -451.00  => NO (length)
4S4P 18650  enclosure end  nest3+2  base=nom   east  pack  60.65 x 346.00 (block 4 sec, W 56.65 L 266.00 H 35.61, top Z 41.01)  X spare  -2.65  Y spare -106.00  => NO (width)
4S4P 18650  enclosure end  nest3+2  base=nom   west  pack  60.65 x 346.00 (block 4 sec, W 56.65 L 266.00 H 35.61, top Z 41.01)  X spare  -2.65  Y spare -186.00  => NO (width)
4S4P 18650  enclosure end  nest3+2  base=worst east  pack  60.65 x 346.00 (block 4 sec, W 56.65 L 266.00 H 35.61, top Z 42.22)  X spare  -2.65  Y spare -106.00  => NO (width)
4S4P 18650  enclosure end  nest3+2  base=worst west  pack  60.65 x 346.00 (block 4 sec, W 56.65 L 266.00 H 35.61, top Z 42.22)  X spare  -2.65  Y spare -186.00  => NO (width)
4S4P 18650  enclosure end  nest2+2  base=nom   east  pack  51.38 x 346.00 (block 4 sec, W 47.38 L 266.00 H 35.61, top Z 41.01)  X spare   6.62  Y spare -106.00  => NO (length)
4S4P 18650  enclosure end  nest2+2  base=nom   west  pack  51.38 x 346.00 (block 4 sec, W 47.38 L 266.00 H 35.61, top Z 41.01)  X spare   6.62  Y spare -186.00  => NO (length)
4S4P 18650  enclosure end  nest2+2  base=worst east  pack  51.38 x 346.00 (block 4 sec, W 47.38 L 266.00 H 35.61, top Z 42.22)  X spare   6.62  Y spare -106.00  => NO (length)
4S4P 18650  enclosure end  nest2+2  base=worst west  pack  51.38 x 346.00 (block 4 sec, W 47.38 L 266.00 H 35.61, top Z 42.22)  X spare   6.62  Y spare -186.00  => NO (length)
4S4P 18650  enclosure end  nest2+1  base=nom   east  pack  48.00 x 478.50 (block 6 sec, W 38.10 L 398.50 H 35.61, top Z 41.01)  X spare  10.00  Y spare -238.50  => NO (length)
4S4P 18650  enclosure end  nest2+1  base=nom   west  pack  48.00 x 478.50 (block 6 sec, W 38.10 L 398.50 H 35.61, top Z 41.01)  X spare  10.00  Y spare -318.50  => NO (length)
4S4P 18650  enclosure end  nest2+1  base=worst east  pack  48.00 x 478.50 (block 6 sec, W 38.10 L 398.50 H 35.61, top Z 42.22)  X spare  10.00  Y spare -238.50  => NO (length)
4S4P 18650  enclosure end  nest2+1  base=worst west  pack  48.00 x 478.50 (block 6 sec, W 38.10 L 398.50 H 35.61, top Z 42.22)  X spare  10.00  Y spare -318.50  => NO (length)
4S4P 18650  enclosure side 3x2      base=nom   east  pack  79.42 x 203.75 (block 3 sec, W 56.65 L 199.75 H 38.10, top Z 50.40)  X spare -21.42  Y spare   36.25  => NO (width)
4S4P 18650  enclosure side 3x2      base=nom   west  pack  79.42 x 203.75 (block 3 sec, W 56.65 L 199.75 H 38.10, top Z 50.40)  X spare -21.42  Y spare  -43.75  => NO (width)
4S4P 18650  enclosure side 3x2      base=worst east  pack  79.42 x 203.75 (block 3 sec, W 56.65 L 199.75 H 38.10, top Z 51.61)  X spare -21.42  Y spare   36.25  => NO (width)
4S4P 18650  enclosure side 3x2      base=worst west  pack  79.42 x 203.75 (block 3 sec, W 56.65 L 199.75 H 38.10, top Z 51.61)  X spare -21.42  Y spare  -43.75  => NO (width)
4S4P 18650  enclosure side 2x2      base=nom   east  pack  60.87 x 270.00 (block 4 sec, W 38.10 L 266.00 H 38.10, top Z 50.40)  X spare  -2.87  Y spare  -30.00  => NO (width)
4S4P 18650  enclosure side 2x2      base=nom   west  pack  60.87 x 270.00 (block 4 sec, W 38.10 L 266.00 H 38.10, top Z 50.40)  X spare  -2.87  Y spare -110.00  => NO (width)
4S4P 18650  enclosure side 2x2      base=worst east  pack  60.87 x 270.00 (block 4 sec, W 38.10 L 266.00 H 38.10, top Z 51.61)  X spare  -2.87  Y spare  -30.00  => NO (width)
4S4P 18650  enclosure side 2x2      base=worst west  pack  60.87 x 270.00 (block 4 sec, W 38.10 L 266.00 H 38.10, top Z 51.61)  X spare  -2.87  Y spare -110.00  => NO (width)
4S4P 18650  enclosure side 3x1      base=nom   east  pack  79.42 x 402.50 (block 6 sec, W 56.65 L 398.50 H 19.55, top Z 50.40)  X spare -21.42  Y spare -162.50  => NO (width)
4S4P 18650  enclosure side 3x1      base=nom   west  pack  79.42 x 402.50 (block 6 sec, W 56.65 L 398.50 H 19.55, top Z 50.40)  X spare -21.42  Y spare -242.50  => NO (width)
4S4P 18650  enclosure side 3x1      base=worst east  pack  79.42 x 402.50 (block 6 sec, W 56.65 L 398.50 H 19.55, top Z 51.61)  X spare -21.42  Y spare -162.50  => NO (width)
4S4P 18650  enclosure side 3x1      base=worst west  pack  79.42 x 402.50 (block 6 sec, W 56.65 L 398.50 H 19.55, top Z 51.61)  X spare -21.42  Y spare -242.50  => NO (width)
4S4P 18650  enclosure side 2x1      base=nom   east  pack  60.87 x 535.00 (block 8 sec, W 38.10 L 531.00 H 19.55, top Z 50.40)  X spare  -2.87  Y spare -295.00  => NO (width)
4S4P 18650  enclosure side 2x1      base=nom   west  pack  60.87 x 535.00 (block 8 sec, W 38.10 L 531.00 H 19.55, top Z 50.40)  X spare  -2.87  Y spare -375.00  => NO (width)
4S4P 18650  enclosure side 2x1      base=worst east  pack  60.87 x 535.00 (block 8 sec, W 38.10 L 531.00 H 19.55, top Z 51.61)  X spare  -2.87  Y spare -295.00  => NO (width)
4S4P 18650  enclosure side 2x1      base=worst west  pack  60.87 x 535.00 (block 8 sec, W 38.10 L 531.00 H 19.55, top Z 51.61)  X spare  -2.87  Y spare -375.00  => NO (width)
4S4P 18650  enclosure side nest3+2  base=nom   east  pack  79.42 x 270.00 (block 4 sec, W 56.65 L 266.00 H 35.61, top Z 50.40)  X spare -21.42  Y spare  -30.00  => NO (width)
4S4P 18650  enclosure side nest3+2  base=nom   west  pack  79.42 x 270.00 (block 4 sec, W 56.65 L 266.00 H 35.61, top Z 50.40)  X spare -21.42  Y spare -110.00  => NO (width)
4S4P 18650  enclosure side nest3+2  base=worst east  pack  79.42 x 270.00 (block 4 sec, W 56.65 L 266.00 H 35.61, top Z 51.61)  X spare -21.42  Y spare  -30.00  => NO (width)
4S4P 18650  enclosure side nest3+2  base=worst west  pack  79.42 x 270.00 (block 4 sec, W 56.65 L 266.00 H 35.61, top Z 51.61)  X spare -21.42  Y spare -110.00  => NO (width)
4S4P 18650  enclosure side nest2+2  base=nom   east  pack  70.15 x 270.00 (block 4 sec, W 47.38 L 266.00 H 35.61, top Z 50.40)  X spare -12.15  Y spare  -30.00  => NO (width)
4S4P 18650  enclosure side nest2+2  base=nom   west  pack  70.15 x 270.00 (block 4 sec, W 47.38 L 266.00 H 35.61, top Z 50.40)  X spare -12.15  Y spare -110.00  => NO (width)
4S4P 18650  enclosure side nest2+2  base=worst east  pack  70.15 x 270.00 (block 4 sec, W 47.38 L 266.00 H 35.61, top Z 51.61)  X spare -12.15  Y spare  -30.00  => NO (width)
4S4P 18650  enclosure side nest2+2  base=worst west  pack  70.15 x 270.00 (block 4 sec, W 47.38 L 266.00 H 35.61, top Z 51.61)  X spare -12.15  Y spare -110.00  => NO (width)
4S4P 18650  enclosure side nest2+1  base=nom   east  pack  60.87 x 402.50 (block 6 sec, W 38.10 L 398.50 H 35.61, top Z 50.40)  X spare  -2.87  Y spare -162.50  => NO (width)
4S4P 18650  enclosure side nest2+1  base=nom   west  pack  60.87 x 402.50 (block 6 sec, W 38.10 L 398.50 H 35.61, top Z 50.40)  X spare  -2.87  Y spare -242.50  => NO (width)
4S4P 18650  enclosure side nest2+1  base=worst east  pack  60.87 x 402.50 (block 6 sec, W 38.10 L 398.50 H 35.61, top Z 51.61)  X spare  -2.87  Y spare -162.50  => NO (width)
4S4P 18650  enclosure side nest2+1  base=worst west  pack  60.87 x 402.50 (block 6 sec, W 38.10 L 398.50 H 35.61, top Z 51.61)  X spare  -2.87  Y spare -242.50  => NO (width)
4S4P 18650  stepped   end  3x2      base=nom   east  pack  60.65 x 279.75 (block 3 sec, W 56.65 L 199.75 H 38.10, top Z 43.50)  X spare  -2.65  Y spare  -39.75  => NO (width)
4S4P 18650  stepped   end  3x2      base=nom   west  pack  60.65 x 279.75 (block 3 sec, W 56.65 L 199.75 H 38.10, top Z 43.50)  X spare  -2.65  Y spare -119.75  => NO (width)
4S4P 18650  stepped   end  3x2      base=worst east  pack  60.65 x 279.75 (block 3 sec, W 56.65 L 199.75 H 38.10, top Z 44.71)  X spare  -2.65  Y spare  -39.75  => NO (width)
4S4P 18650  stepped   end  3x2      base=worst west  pack  60.65 x 279.75 (block 3 sec, W 56.65 L 199.75 H 38.10, top Z 44.71)  X spare  -2.65  Y spare -119.75  => NO (width)
4S4P 18650  stepped   end  2x2      base=nom   east  pack  48.00 x 346.00 (block 4 sec, W 38.10 L 266.00 H 38.10, top Z 43.50)  X spare  10.00  Y spare -106.00  => NO (length)
4S4P 18650  stepped   end  2x2      base=nom   west  pack  48.00 x 346.00 (block 4 sec, W 38.10 L 266.00 H 38.10, top Z 43.50)  X spare  10.00  Y spare -186.00  => NO (length)
4S4P 18650  stepped   end  2x2      base=worst east  pack  48.00 x 346.00 (block 4 sec, W 38.10 L 266.00 H 38.10, top Z 44.71)  X spare  10.00  Y spare -106.00  => NO (length)
4S4P 18650  stepped   end  2x2      base=worst west  pack  48.00 x 346.00 (block 4 sec, W 38.10 L 266.00 H 38.10, top Z 44.71)  X spare  10.00  Y spare -186.00  => NO (length)
4S4P 18650  stepped   end  3x1      base=nom   east  pack  60.65 x 478.50 (block 6 sec, W 56.65 L 398.50 H 19.55, top Z 28.17)  X spare  -2.65  Y spare -238.50  => NO (width)
4S4P 18650  stepped   end  3x1      base=nom   west  pack  60.65 x 478.50 (block 6 sec, W 56.65 L 398.50 H 19.55, top Z 28.17)  X spare  -2.65  Y spare -318.50  => NO (width)
4S4P 18650  stepped   end  3x1      base=worst east  pack  60.65 x 478.50 (block 6 sec, W 56.65 L 398.50 H 19.55, top Z 29.38)  X spare  -2.65  Y spare -238.50  => NO (width)
4S4P 18650  stepped   end  3x1      base=worst west  pack  60.65 x 478.50 (block 6 sec, W 56.65 L 398.50 H 19.55, top Z 29.38)  X spare  -2.65  Y spare -318.50  => NO (width)
4S4P 18650  stepped   end  2x1      base=nom   east  pack  48.00 x 611.00 (block 8 sec, W 38.10 L 531.00 H 19.55, top Z 28.17)  X spare  10.00  Y spare -371.00  => NO (length)
4S4P 18650  stepped   end  2x1      base=nom   west  pack  48.00 x 611.00 (block 8 sec, W 38.10 L 531.00 H 19.55, top Z 28.17)  X spare  10.00  Y spare -451.00  => NO (length)
4S4P 18650  stepped   end  2x1      base=worst east  pack  48.00 x 611.00 (block 8 sec, W 38.10 L 531.00 H 19.55, top Z 29.38)  X spare  10.00  Y spare -371.00  => NO (length)
4S4P 18650  stepped   end  2x1      base=worst west  pack  48.00 x 611.00 (block 8 sec, W 38.10 L 531.00 H 19.55, top Z 29.38)  X spare  10.00  Y spare -451.00  => NO (length)
4S4P 18650  stepped   end  nest3+2  base=nom   east  pack  60.65 x 346.00 (block 4 sec, W 56.65 L 266.00 H 35.61, top Z 41.01)  X spare  -2.65  Y spare -106.00  => NO (width)
4S4P 18650  stepped   end  nest3+2  base=nom   west  pack  60.65 x 346.00 (block 4 sec, W 56.65 L 266.00 H 35.61, top Z 41.01)  X spare  -2.65  Y spare -186.00  => NO (width)
4S4P 18650  stepped   end  nest3+2  base=worst east  pack  60.65 x 346.00 (block 4 sec, W 56.65 L 266.00 H 35.61, top Z 42.22)  X spare  -2.65  Y spare -106.00  => NO (width)
4S4P 18650  stepped   end  nest3+2  base=worst west  pack  60.65 x 346.00 (block 4 sec, W 56.65 L 266.00 H 35.61, top Z 42.22)  X spare  -2.65  Y spare -186.00  => NO (width)
4S4P 18650  stepped   end  nest2+2  base=nom   east  pack  51.38 x 346.00 (block 4 sec, W 47.38 L 266.00 H 35.61, top Z 41.01)  X spare   6.62  Y spare -106.00  => NO (length)
4S4P 18650  stepped   end  nest2+2  base=nom   west  pack  51.38 x 346.00 (block 4 sec, W 47.38 L 266.00 H 35.61, top Z 41.01)  X spare   6.62  Y spare -186.00  => NO (length)
4S4P 18650  stepped   end  nest2+2  base=worst east  pack  51.38 x 346.00 (block 4 sec, W 47.38 L 266.00 H 35.61, top Z 42.22)  X spare   6.62  Y spare -106.00  => NO (length)
4S4P 18650  stepped   end  nest2+2  base=worst west  pack  51.38 x 346.00 (block 4 sec, W 47.38 L 266.00 H 35.61, top Z 42.22)  X spare   6.62  Y spare -186.00  => NO (length)
4S4P 18650  stepped   end  nest2+1  base=nom   east  pack  48.00 x 478.50 (block 6 sec, W 38.10 L 398.50 H 35.61, top Z 41.01)  X spare  10.00  Y spare -238.50  => NO (length)
4S4P 18650  stepped   end  nest2+1  base=nom   west  pack  48.00 x 478.50 (block 6 sec, W 38.10 L 398.50 H 35.61, top Z 41.01)  X spare  10.00  Y spare -318.50  => NO (length)
4S4P 18650  stepped   end  nest2+1  base=worst east  pack  48.00 x 478.50 (block 6 sec, W 38.10 L 398.50 H 35.61, top Z 42.22)  X spare  10.00  Y spare -238.50  => NO (length)
4S4P 18650  stepped   end  nest2+1  base=worst west  pack  48.00 x 478.50 (block 6 sec, W 38.10 L 398.50 H 35.61, top Z 42.22)  X spare  10.00  Y spare -318.50  => NO (length)
4S4P 18650  stepped   side 3x2      base=nom   east  pack  79.42 x 203.75 (block 3 sec, W 56.65 L 199.75 H 38.10, top Z 50.40)  X spare -21.42  Y spare   36.25  => NO (width)
4S4P 18650  stepped   side 3x2      base=nom   west  pack  79.42 x 203.75 (block 3 sec, W 56.65 L 199.75 H 38.10, top Z 50.40)  X spare -21.42  Y spare  -43.75  => NO (width)
4S4P 18650  stepped   side 3x2      base=worst east  pack  79.42 x 203.75 (block 3 sec, W 56.65 L 199.75 H 38.10, top Z 51.61)  X spare -21.42  Y spare   36.25  => NO (width)
4S4P 18650  stepped   side 3x2      base=worst west  pack  79.42 x 203.75 (block 3 sec, W 56.65 L 199.75 H 38.10, top Z 51.61)  X spare -21.42  Y spare  -43.75  => NO (width)
4S4P 18650  stepped   side 2x2      base=nom   east  pack  60.87 x 270.00 (block 4 sec, W 38.10 L 266.00 H 38.10, top Z 50.40)  X spare  -2.87  Y spare  -30.00  => NO (width)
4S4P 18650  stepped   side 2x2      base=nom   west  pack  60.87 x 270.00 (block 4 sec, W 38.10 L 266.00 H 38.10, top Z 50.40)  X spare  -2.87  Y spare -110.00  => NO (width)
4S4P 18650  stepped   side 2x2      base=worst east  pack  60.87 x 270.00 (block 4 sec, W 38.10 L 266.00 H 38.10, top Z 51.61)  X spare  -2.87  Y spare  -30.00  => NO (width)
4S4P 18650  stepped   side 2x2      base=worst west  pack  60.87 x 270.00 (block 4 sec, W 38.10 L 266.00 H 38.10, top Z 51.61)  X spare  -2.87  Y spare -110.00  => NO (width)
4S4P 18650  stepped   side 3x1      base=nom   east  pack  79.42 x 402.50 (block 6 sec, W 56.65 L 398.50 H 19.55, top Z 50.40)  X spare -21.42  Y spare -162.50  => NO (width)
4S4P 18650  stepped   side 3x1      base=nom   west  pack  79.42 x 402.50 (block 6 sec, W 56.65 L 398.50 H 19.55, top Z 50.40)  X spare -21.42  Y spare -242.50  => NO (width)
4S4P 18650  stepped   side 3x1      base=worst east  pack  79.42 x 402.50 (block 6 sec, W 56.65 L 398.50 H 19.55, top Z 51.61)  X spare -21.42  Y spare -162.50  => NO (width)
4S4P 18650  stepped   side 3x1      base=worst west  pack  79.42 x 402.50 (block 6 sec, W 56.65 L 398.50 H 19.55, top Z 51.61)  X spare -21.42  Y spare -242.50  => NO (width)
4S4P 18650  stepped   side 2x1      base=nom   east  pack  60.87 x 535.00 (block 8 sec, W 38.10 L 531.00 H 19.55, top Z 50.40)  X spare  -2.87  Y spare -295.00  => NO (width)
4S4P 18650  stepped   side 2x1      base=nom   west  pack  60.87 x 535.00 (block 8 sec, W 38.10 L 531.00 H 19.55, top Z 50.40)  X spare  -2.87  Y spare -375.00  => NO (width)
4S4P 18650  stepped   side 2x1      base=worst east  pack  60.87 x 535.00 (block 8 sec, W 38.10 L 531.00 H 19.55, top Z 51.61)  X spare  -2.87  Y spare -295.00  => NO (width)
4S4P 18650  stepped   side 2x1      base=worst west  pack  60.87 x 535.00 (block 8 sec, W 38.10 L 531.00 H 19.55, top Z 51.61)  X spare  -2.87  Y spare -375.00  => NO (width)
4S4P 18650  stepped   side nest3+2  base=nom   east  pack  79.42 x 270.00 (block 4 sec, W 56.65 L 266.00 H 35.61, top Z 50.40)  X spare -21.42  Y spare  -30.00  => NO (width)
4S4P 18650  stepped   side nest3+2  base=nom   west  pack  79.42 x 270.00 (block 4 sec, W 56.65 L 266.00 H 35.61, top Z 50.40)  X spare -21.42  Y spare -110.00  => NO (width)
4S4P 18650  stepped   side nest3+2  base=worst east  pack  79.42 x 270.00 (block 4 sec, W 56.65 L 266.00 H 35.61, top Z 51.61)  X spare -21.42  Y spare  -30.00  => NO (width)
4S4P 18650  stepped   side nest3+2  base=worst west  pack  79.42 x 270.00 (block 4 sec, W 56.65 L 266.00 H 35.61, top Z 51.61)  X spare -21.42  Y spare -110.00  => NO (width)
4S4P 18650  stepped   side nest2+2  base=nom   east  pack  70.15 x 270.00 (block 4 sec, W 47.38 L 266.00 H 35.61, top Z 50.40)  X spare -12.15  Y spare  -30.00  => NO (width)
4S4P 18650  stepped   side nest2+2  base=nom   west  pack  70.15 x 270.00 (block 4 sec, W 47.38 L 266.00 H 35.61, top Z 50.40)  X spare -12.15  Y spare -110.00  => NO (width)
4S4P 18650  stepped   side nest2+2  base=worst east  pack  70.15 x 270.00 (block 4 sec, W 47.38 L 266.00 H 35.61, top Z 51.61)  X spare -12.15  Y spare  -30.00  => NO (width)
4S4P 18650  stepped   side nest2+2  base=worst west  pack  70.15 x 270.00 (block 4 sec, W 47.38 L 266.00 H 35.61, top Z 51.61)  X spare -12.15  Y spare -110.00  => NO (width)
4S4P 18650  stepped   side nest2+1  base=nom   east  pack  60.87 x 402.50 (block 6 sec, W 38.10 L 398.50 H 35.61, top Z 50.40)  X spare  -2.87  Y spare -162.50  => NO (width)
4S4P 18650  stepped   side nest2+1  base=nom   west  pack  60.87 x 402.50 (block 6 sec, W 38.10 L 398.50 H 35.61, top Z 50.40)  X spare  -2.87  Y spare -242.50  => NO (width)
4S4P 18650  stepped   side nest2+1  base=worst east  pack  60.87 x 402.50 (block 6 sec, W 38.10 L 398.50 H 35.61, top Z 51.61)  X spare  -2.87  Y spare -162.50  => NO (width)
4S4P 18650  stepped   side nest2+1  base=worst west  pack  60.87 x 402.50 (block 6 sec, W 38.10 L 398.50 H 35.61, top Z 51.61)  X spare  -2.87  Y spare -242.50  => NO (width)
4S4P 18650  minimal   end  3x2      base=nom   east  pack  56.65 x 271.75 (block 3 sec, W 56.65 L 199.75 H 38.10, top Z 39.50)  X spare   1.35  Y spare  -31.75  => NO (length)
4S4P 18650  minimal   end  3x2      base=nom   west  pack  56.65 x 271.75 (block 3 sec, W 56.65 L 199.75 H 38.10, top Z 39.50)  X spare   1.35  Y spare -111.75  => NO (length)
4S4P 18650  minimal   end  3x2      base=worst east  pack  56.65 x 271.75 (block 3 sec, W 56.65 L 199.75 H 38.10, top Z 40.71)  X spare   1.35  Y spare  -31.75  => NO (length)
4S4P 18650  minimal   end  3x2      base=worst west  pack  56.65 x 271.75 (block 3 sec, W 56.65 L 199.75 H 38.10, top Z 40.71)  X spare   1.35  Y spare -111.75  => NO (length)
4S4P 18650  minimal   end  2x2      base=nom   east  pack  44.00 x 338.00 (block 4 sec, W 38.10 L 266.00 H 38.10, top Z 39.50)  X spare  14.00  Y spare  -98.00  => NO (length)
4S4P 18650  minimal   end  2x2      base=nom   west  pack  44.00 x 338.00 (block 4 sec, W 38.10 L 266.00 H 38.10, top Z 39.50)  X spare  14.00  Y spare -178.00  => NO (length)
4S4P 18650  minimal   end  2x2      base=worst east  pack  44.00 x 338.00 (block 4 sec, W 38.10 L 266.00 H 38.10, top Z 40.71)  X spare  14.00  Y spare  -98.00  => NO (length)
4S4P 18650  minimal   end  2x2      base=worst west  pack  44.00 x 338.00 (block 4 sec, W 38.10 L 266.00 H 38.10, top Z 40.71)  X spare  14.00  Y spare -178.00  => NO (length)
4S4P 18650  minimal   end  3x1      base=nom   east  pack  56.65 x 470.50 (block 6 sec, W 56.65 L 398.50 H 19.55, top Z 20.95)  X spare   1.35  Y spare -230.50  => NO (length)
4S4P 18650  minimal   end  3x1      base=nom   west  pack  56.65 x 470.50 (block 6 sec, W 56.65 L 398.50 H 19.55, top Z 20.95)  X spare   1.35  Y spare -310.50  => NO (length)
4S4P 18650  minimal   end  3x1      base=worst east  pack  56.65 x 470.50 (block 6 sec, W 56.65 L 398.50 H 19.55, top Z 22.16)  X spare   1.35  Y spare -230.50  => NO (length)
4S4P 18650  minimal   end  3x1      base=worst west  pack  56.65 x 470.50 (block 6 sec, W 56.65 L 398.50 H 19.55, top Z 22.16)  X spare   1.35  Y spare -310.50  => NO (length)
4S4P 18650  minimal   end  2x1      base=nom   east  pack  44.00 x 603.00 (block 8 sec, W 38.10 L 531.00 H 19.55, top Z 20.95)  X spare  14.00  Y spare -363.00  => NO (length)
4S4P 18650  minimal   end  2x1      base=nom   west  pack  44.00 x 603.00 (block 8 sec, W 38.10 L 531.00 H 19.55, top Z 20.95)  X spare  14.00  Y spare -443.00  => NO (length)
4S4P 18650  minimal   end  2x1      base=worst east  pack  44.00 x 603.00 (block 8 sec, W 38.10 L 531.00 H 19.55, top Z 22.16)  X spare  14.00  Y spare -363.00  => NO (length)
4S4P 18650  minimal   end  2x1      base=worst west  pack  44.00 x 603.00 (block 8 sec, W 38.10 L 531.00 H 19.55, top Z 22.16)  X spare  14.00  Y spare -443.00  => NO (length)
4S4P 18650  minimal   end  nest3+2  base=nom   east  pack  56.65 x 338.00 (block 4 sec, W 56.65 L 266.00 H 35.61, top Z 37.01)  X spare   1.35  Y spare  -98.00  => NO (length)
4S4P 18650  minimal   end  nest3+2  base=nom   west  pack  56.65 x 338.00 (block 4 sec, W 56.65 L 266.00 H 35.61, top Z 37.01)  X spare   1.35  Y spare -178.00  => NO (length)
4S4P 18650  minimal   end  nest3+2  base=worst east  pack  56.65 x 338.00 (block 4 sec, W 56.65 L 266.00 H 35.61, top Z 38.22)  X spare   1.35  Y spare  -98.00  => NO (length)
4S4P 18650  minimal   end  nest3+2  base=worst west  pack  56.65 x 338.00 (block 4 sec, W 56.65 L 266.00 H 35.61, top Z 38.22)  X spare   1.35  Y spare -178.00  => NO (length)
4S4P 18650  minimal   end  nest2+2  base=nom   east  pack  47.38 x 338.00 (block 4 sec, W 47.38 L 266.00 H 35.61, top Z 37.01)  X spare  10.62  Y spare  -98.00  => NO (length)
4S4P 18650  minimal   end  nest2+2  base=nom   west  pack  47.38 x 338.00 (block 4 sec, W 47.38 L 266.00 H 35.61, top Z 37.01)  X spare  10.62  Y spare -178.00  => NO (length)
4S4P 18650  minimal   end  nest2+2  base=worst east  pack  47.38 x 338.00 (block 4 sec, W 47.38 L 266.00 H 35.61, top Z 38.22)  X spare  10.62  Y spare  -98.00  => NO (length)
4S4P 18650  minimal   end  nest2+2  base=worst west  pack  47.38 x 338.00 (block 4 sec, W 47.38 L 266.00 H 35.61, top Z 38.22)  X spare  10.62  Y spare -178.00  => NO (length)
4S4P 18650  minimal   end  nest2+1  base=nom   east  pack  44.00 x 470.50 (block 6 sec, W 38.10 L 398.50 H 35.61, top Z 37.01)  X spare  14.00  Y spare -230.50  => NO (length)
4S4P 18650  minimal   end  nest2+1  base=nom   west  pack  44.00 x 470.50 (block 6 sec, W 38.10 L 398.50 H 35.61, top Z 37.01)  X spare  14.00  Y spare -310.50  => NO (length)
4S4P 18650  minimal   end  nest2+1  base=worst east  pack  44.00 x 470.50 (block 6 sec, W 38.10 L 398.50 H 35.61, top Z 38.22)  X spare  14.00  Y spare -230.50  => NO (length)
4S4P 18650  minimal   end  nest2+1  base=worst west  pack  44.00 x 470.50 (block 6 sec, W 38.10 L 398.50 H 35.61, top Z 38.22)  X spare  14.00  Y spare -310.50  => NO (length)
4S4P 18650  minimal   side 3x2      base=nom   east  pack  75.42 x 199.75 (block 3 sec, W 56.65 L 199.75 H 38.10, top Z 46.40)  X spare -17.42  Y spare   40.25  => NO (width)
4S4P 18650  minimal   side 3x2      base=nom   west  pack  75.42 x 199.75 (block 3 sec, W 56.65 L 199.75 H 38.10, top Z 46.40)  X spare -17.42  Y spare  -39.75  => NO (width)
4S4P 18650  minimal   side 3x2      base=worst east  pack  75.42 x 199.75 (block 3 sec, W 56.65 L 199.75 H 38.10, top Z 47.61)  X spare -17.42  Y spare   40.25  => NO (width)
4S4P 18650  minimal   side 3x2      base=worst west  pack  75.42 x 199.75 (block 3 sec, W 56.65 L 199.75 H 38.10, top Z 47.61)  X spare -17.42  Y spare  -39.75  => NO (width)
4S4P 18650  minimal   side 2x2      base=nom   east  pack  56.87 x 266.00 (block 4 sec, W 38.10 L 266.00 H 38.10, top Z 46.40)  X spare   1.13  Y spare  -26.00  => NO (length)
4S4P 18650  minimal   side 2x2      base=nom   west  pack  56.87 x 266.00 (block 4 sec, W 38.10 L 266.00 H 38.10, top Z 46.40)  X spare   1.13  Y spare -106.00  => NO (length)
4S4P 18650  minimal   side 2x2      base=worst east  pack  56.87 x 266.00 (block 4 sec, W 38.10 L 266.00 H 38.10, top Z 47.61)  X spare   1.13  Y spare  -26.00  => NO (length)
4S4P 18650  minimal   side 2x2      base=worst west  pack  56.87 x 266.00 (block 4 sec, W 38.10 L 266.00 H 38.10, top Z 47.61)  X spare   1.13  Y spare -106.00  => NO (length)
4S4P 18650  minimal   side 3x1      base=nom   east  pack  75.42 x 398.50 (block 6 sec, W 56.65 L 398.50 H 19.55, top Z 46.40)  X spare -17.42  Y spare -158.50  => NO (width)
4S4P 18650  minimal   side 3x1      base=nom   west  pack  75.42 x 398.50 (block 6 sec, W 56.65 L 398.50 H 19.55, top Z 46.40)  X spare -17.42  Y spare -238.50  => NO (width)
4S4P 18650  minimal   side 3x1      base=worst east  pack  75.42 x 398.50 (block 6 sec, W 56.65 L 398.50 H 19.55, top Z 47.61)  X spare -17.42  Y spare -158.50  => NO (width)
4S4P 18650  minimal   side 3x1      base=worst west  pack  75.42 x 398.50 (block 6 sec, W 56.65 L 398.50 H 19.55, top Z 47.61)  X spare -17.42  Y spare -238.50  => NO (width)
4S4P 18650  minimal   side 2x1      base=nom   east  pack  56.87 x 531.00 (block 8 sec, W 38.10 L 531.00 H 19.55, top Z 46.40)  X spare   1.13  Y spare -291.00  => NO (length)
4S4P 18650  minimal   side 2x1      base=nom   west  pack  56.87 x 531.00 (block 8 sec, W 38.10 L 531.00 H 19.55, top Z 46.40)  X spare   1.13  Y spare -371.00  => NO (length)
4S4P 18650  minimal   side 2x1      base=worst east  pack  56.87 x 531.00 (block 8 sec, W 38.10 L 531.00 H 19.55, top Z 47.61)  X spare   1.13  Y spare -291.00  => NO (length)
4S4P 18650  minimal   side 2x1      base=worst west  pack  56.87 x 531.00 (block 8 sec, W 38.10 L 531.00 H 19.55, top Z 47.61)  X spare   1.13  Y spare -371.00  => NO (length)
4S4P 18650  minimal   side nest3+2  base=nom   east  pack  75.42 x 266.00 (block 4 sec, W 56.65 L 266.00 H 35.61, top Z 46.40)  X spare -17.42  Y spare  -26.00  => NO (width)
4S4P 18650  minimal   side nest3+2  base=nom   west  pack  75.42 x 266.00 (block 4 sec, W 56.65 L 266.00 H 35.61, top Z 46.40)  X spare -17.42  Y spare -106.00  => NO (width)
4S4P 18650  minimal   side nest3+2  base=worst east  pack  75.42 x 266.00 (block 4 sec, W 56.65 L 266.00 H 35.61, top Z 47.61)  X spare -17.42  Y spare  -26.00  => NO (width)
4S4P 18650  minimal   side nest3+2  base=worst west  pack  75.42 x 266.00 (block 4 sec, W 56.65 L 266.00 H 35.61, top Z 47.61)  X spare -17.42  Y spare -106.00  => NO (width)
4S4P 18650  minimal   side nest2+2  base=nom   east  pack  66.15 x 266.00 (block 4 sec, W 47.38 L 266.00 H 35.61, top Z 46.40)  X spare  -8.15  Y spare  -26.00  => NO (width)
4S4P 18650  minimal   side nest2+2  base=nom   west  pack  66.15 x 266.00 (block 4 sec, W 47.38 L 266.00 H 35.61, top Z 46.40)  X spare  -8.15  Y spare -106.00  => NO (width)
4S4P 18650  minimal   side nest2+2  base=worst east  pack  66.15 x 266.00 (block 4 sec, W 47.38 L 266.00 H 35.61, top Z 47.61)  X spare  -8.15  Y spare  -26.00  => NO (width)
4S4P 18650  minimal   side nest2+2  base=worst west  pack  66.15 x 266.00 (block 4 sec, W 47.38 L 266.00 H 35.61, top Z 47.61)  X spare  -8.15  Y spare -106.00  => NO (width)
4S4P 18650  minimal   side nest2+1  base=nom   east  pack  56.87 x 398.50 (block 6 sec, W 38.10 L 398.50 H 35.61, top Z 46.40)  X spare   1.13  Y spare -158.50  => NO (length)
4S4P 18650  minimal   side nest2+1  base=nom   west  pack  56.87 x 398.50 (block 6 sec, W 38.10 L 398.50 H 35.61, top Z 46.40)  X spare   1.13  Y spare -238.50  => NO (length)
4S4P 18650  minimal   side nest2+1  base=worst east  pack  56.87 x 398.50 (block 6 sec, W 38.10 L 398.50 H 35.61, top Z 47.61)  X spare   1.13  Y spare -158.50  => NO (length)
4S4P 18650  minimal   side nest2+1  base=worst west  pack  56.87 x 398.50 (block 6 sec, W 38.10 L 398.50 H 35.61, top Z 47.61)  X spare   1.13  Y spare -238.50  => NO (length)
4S4P 18650  minimal   top  3x1      base=nom   east  pack  56.65 x 398.50 (block 6 sec, W 56.65 L 398.50 H 19.55, top Z 39.22)  X spare   1.35  Y spare -158.50  => NO (length)
4S4P 18650  minimal   top  3x1      base=nom   west  pack  56.65 x 398.50 (block 6 sec, W 56.65 L 398.50 H 19.55, top Z 39.22)  X spare   1.35  Y spare -238.50  => NO (length)
4S4P 18650  minimal   top  3x1      base=worst east  pack  56.65 x 398.50 (block 6 sec, W 56.65 L 398.50 H 19.55, top Z 40.43)  X spare   1.35  Y spare -158.50  => NO (length)
4S4P 18650  minimal   top  3x1      base=worst west  pack  56.65 x 398.50 (block 6 sec, W 56.65 L 398.50 H 19.55, top Z 40.43)  X spare   1.35  Y spare -238.50  => NO (length)
4S4P 18650  minimal   top  2x1      base=nom   east  pack  44.00 x 531.00 (block 8 sec, W 38.10 L 531.00 H 19.55, top Z 39.22)  X spare  14.00  Y spare -291.00  => NO (length)
4S4P 18650  minimal   top  2x1      base=nom   west  pack  44.00 x 531.00 (block 8 sec, W 38.10 L 531.00 H 19.55, top Z 39.22)  X spare  14.00  Y spare -371.00  => NO (length)
4S4P 18650  minimal   top  2x1      base=worst east  pack  44.00 x 531.00 (block 8 sec, W 38.10 L 531.00 H 19.55, top Z 40.43)  X spare  14.00  Y spare -291.00  => NO (length)
4S4P 18650  minimal   top  2x1      base=worst west  pack  44.00 x 531.00 (block 8 sec, W 38.10 L 531.00 H 19.55, top Z 40.43)  X spare  14.00  Y spare -371.00  => NO (length)
4S2P 21700  enclosure end  3x2      base=nom   east  pack  69.65 x 223.30 (block 2 sec, W 65.65 L 143.30 H 44.10, top Z 49.50)  X spare -11.65  Y spare   16.70  => NO (width)
4S2P 21700  enclosure end  3x2      base=nom   west  pack  69.65 x 223.30 (block 2 sec, W 65.65 L 143.30 H 44.10, top Z 49.50)  X spare -11.65  Y spare  -63.30  => NO (width)
4S2P 21700  enclosure end  3x2      base=worst east  pack  69.65 x 223.30 (block 2 sec, W 65.65 L 143.30 H 44.10, top Z 50.71)  X spare -11.65  Y spare   16.70  => NO (width)
4S2P 21700  enclosure end  3x2      base=worst west  pack  69.65 x 223.30 (block 2 sec, W 65.65 L 143.30 H 44.10, top Z 50.71)  X spare -11.65  Y spare  -63.30  => NO (width)
4S2P 21700  enclosure end  2x2      base=nom   east  pack  48.10 x 223.30 (block 2 sec, W 44.10 L 143.30 H 44.10, top Z 49.50)  X spare   9.90  Y spare   16.70  Z clear -18.50 at J_AB2 mated IDC socket plus ribbon leaving for A's J_AB2 at   [origin X 120.00 Y -120.00]  => NO (height) | ends free S 0.0 N 16.7 chase blocked | with an RF path kept: Z clear -18.50 at J_AB2 mated IDC socket plus ribbon leavi [X 120.00 Y -120.00, S 0.0 N 16.7 chase blocked]
4S2P 21700  enclosure end  2x2      base=nom   west  pack  48.10 x 223.30 (block 2 sec, W 44.10 L 143.30 H 44.10, top Z 49.50)  X spare   9.90  Y spare  -63.30  => NO (length)
4S2P 21700  enclosure end  2x2      base=worst east  pack  48.10 x 223.30 (block 2 sec, W 44.10 L 143.30 H 44.10, top Z 50.71)  X spare   9.90  Y spare   16.70  Z clear -19.71 at J_AB2 mated IDC socket plus ribbon leaving for A's J_AB2 at   [origin X 120.00 Y -120.00]  => NO (height) | ends free S 0.0 N 16.7 chase blocked | with an RF path kept: Z clear -19.71 at J_AB2 mated IDC socket plus ribbon leavi [X 120.00 Y -120.00, S 0.0 N 16.7 chase blocked]
4S2P 21700  enclosure end  2x2      base=worst west  pack  48.10 x 223.30 (block 2 sec, W 44.10 L 143.30 H 44.10, top Z 50.71)  X spare   9.90  Y spare  -63.30  => NO (length)
4S2P 21700  enclosure end  3x1      base=nom   east  pack  69.65 x 294.45 (block 3 sec, W 65.65 L 214.45 H 22.55, top Z 28.17)  X spare -11.65  Y spare  -54.45  => NO (width)
4S2P 21700  enclosure end  3x1      base=nom   west  pack  69.65 x 294.45 (block 3 sec, W 65.65 L 214.45 H 22.55, top Z 28.17)  X spare -11.65  Y spare -134.45  => NO (width)
4S2P 21700  enclosure end  3x1      base=worst east  pack  69.65 x 294.45 (block 3 sec, W 65.65 L 214.45 H 22.55, top Z 29.38)  X spare -11.65  Y spare  -54.45  => NO (width)
4S2P 21700  enclosure end  3x1      base=worst west  pack  69.65 x 294.45 (block 3 sec, W 65.65 L 214.45 H 22.55, top Z 29.38)  X spare -11.65  Y spare -134.45  => NO (width)
4S2P 21700  enclosure end  2x1      base=nom   east  pack  48.10 x 365.60 (block 4 sec, W 44.10 L 285.60 H 22.55, top Z 28.17)  X spare   9.90  Y spare -125.60  => NO (length)
4S2P 21700  enclosure end  2x1      base=nom   west  pack  48.10 x 365.60 (block 4 sec, W 44.10 L 285.60 H 22.55, top Z 28.17)  X spare   9.90  Y spare -205.60  => NO (length)
4S2P 21700  enclosure end  2x1      base=worst east  pack  48.10 x 365.60 (block 4 sec, W 44.10 L 285.60 H 22.55, top Z 29.38)  X spare   9.90  Y spare -125.60  => NO (length)
4S2P 21700  enclosure end  2x1      base=worst west  pack  48.10 x 365.60 (block 4 sec, W 44.10 L 285.60 H 22.55, top Z 29.38)  X spare   9.90  Y spare -205.60  => NO (length)
4S2P 21700  enclosure end  nest3+2  base=nom   east  pack  69.65 x 223.30 (block 2 sec, W 65.65 L 143.30 H 41.21, top Z 46.61)  X spare -11.65  Y spare   16.70  => NO (width)
4S2P 21700  enclosure end  nest3+2  base=nom   west  pack  69.65 x 223.30 (block 2 sec, W 65.65 L 143.30 H 41.21, top Z 46.61)  X spare -11.65  Y spare  -63.30  => NO (width)
4S2P 21700  enclosure end  nest3+2  base=worst east  pack  69.65 x 223.30 (block 2 sec, W 65.65 L 143.30 H 41.21, top Z 47.82)  X spare -11.65  Y spare   16.70  => NO (width)
4S2P 21700  enclosure end  nest3+2  base=worst west  pack  69.65 x 223.30 (block 2 sec, W 65.65 L 143.30 H 41.21, top Z 47.82)  X spare -11.65  Y spare  -63.30  => NO (width)
4S2P 21700  enclosure end  nest2+2  base=nom   east  pack  58.88 x 223.30 (block 2 sec, W 54.88 L 143.30 H 41.21, top Z 46.61)  X spare  -0.88  Y spare   16.70  => NO (width)
4S2P 21700  enclosure end  nest2+2  base=nom   west  pack  58.88 x 223.30 (block 2 sec, W 54.88 L 143.30 H 41.21, top Z 46.61)  X spare  -0.88  Y spare  -63.30  => NO (width)
4S2P 21700  enclosure end  nest2+2  base=worst east  pack  58.88 x 223.30 (block 2 sec, W 54.88 L 143.30 H 41.21, top Z 47.82)  X spare  -0.88  Y spare   16.70  => NO (width)
4S2P 21700  enclosure end  nest2+2  base=worst west  pack  58.88 x 223.30 (block 2 sec, W 54.88 L 143.30 H 41.21, top Z 47.82)  X spare  -0.88  Y spare  -63.30  => NO (width)
4S2P 21700  enclosure end  nest2+1  base=nom   east  pack  48.10 x 294.45 (block 3 sec, W 44.10 L 214.45 H 41.21, top Z 46.61)  X spare   9.90  Y spare  -54.45  => NO (length)
4S2P 21700  enclosure end  nest2+1  base=nom   west  pack  48.10 x 294.45 (block 3 sec, W 44.10 L 214.45 H 41.21, top Z 46.61)  X spare   9.90  Y spare -134.45  => NO (length)
4S2P 21700  enclosure end  nest2+1  base=worst east  pack  48.10 x 294.45 (block 3 sec, W 44.10 L 214.45 H 41.21, top Z 47.82)  X spare   9.90  Y spare  -54.45  => NO (length)
4S2P 21700  enclosure end  nest2+1  base=worst west  pack  48.10 x 294.45 (block 3 sec, W 44.10 L 214.45 H 41.21, top Z 47.82)  X spare   9.90  Y spare -134.45  => NO (length)
4S2P 21700  enclosure side 3x2      base=nom   east  pack  88.42 x 147.30 (block 2 sec, W 65.65 L 143.30 H 44.10, top Z 50.40)  X spare -30.42  Y spare   92.70  => NO (width)
4S2P 21700  enclosure side 3x2      base=nom   west  pack  88.42 x 147.30 (block 2 sec, W 65.65 L 143.30 H 44.10, top Z 50.40)  X spare -30.42  Y spare   12.70  => NO (width)
4S2P 21700  enclosure side 3x2      base=worst east  pack  88.42 x 147.30 (block 2 sec, W 65.65 L 143.30 H 44.10, top Z 51.61)  X spare -30.42  Y spare   92.70  => NO (width)
4S2P 21700  enclosure side 3x2      base=worst west  pack  88.42 x 147.30 (block 2 sec, W 65.65 L 143.30 H 44.10, top Z 51.61)  X spare -30.42  Y spare   12.70  => NO (width)
4S2P 21700  enclosure side 2x2      base=nom   east  pack  66.87 x 147.30 (block 2 sec, W 44.10 L 143.30 H 44.10, top Z 50.40)  X spare  -8.87  Y spare   92.70  => NO (width)
4S2P 21700  enclosure side 2x2      base=nom   west  pack  66.87 x 147.30 (block 2 sec, W 44.10 L 143.30 H 44.10, top Z 50.40)  X spare  -8.87  Y spare   12.70  => NO (width)
4S2P 21700  enclosure side 2x2      base=worst east  pack  66.87 x 147.30 (block 2 sec, W 44.10 L 143.30 H 44.10, top Z 51.61)  X spare  -8.87  Y spare   92.70  => NO (width)
4S2P 21700  enclosure side 2x2      base=worst west  pack  66.87 x 147.30 (block 2 sec, W 44.10 L 143.30 H 44.10, top Z 51.61)  X spare  -8.87  Y spare   12.70  => NO (width)
4S2P 21700  enclosure side 3x1      base=nom   east  pack  88.42 x 218.45 (block 3 sec, W 65.65 L 214.45 H 22.55, top Z 50.40)  X spare -30.42  Y spare   21.55  => NO (width)
4S2P 21700  enclosure side 3x1      base=nom   west  pack  88.42 x 218.45 (block 3 sec, W 65.65 L 214.45 H 22.55, top Z 50.40)  X spare -30.42  Y spare  -58.45  => NO (width)
4S2P 21700  enclosure side 3x1      base=worst east  pack  88.42 x 218.45 (block 3 sec, W 65.65 L 214.45 H 22.55, top Z 51.61)  X spare -30.42  Y spare   21.55  => NO (width)
4S2P 21700  enclosure side 3x1      base=worst west  pack  88.42 x 218.45 (block 3 sec, W 65.65 L 214.45 H 22.55, top Z 51.61)  X spare -30.42  Y spare  -58.45  => NO (width)
4S2P 21700  enclosure side 2x1      base=nom   east  pack  66.87 x 289.60 (block 4 sec, W 44.10 L 285.60 H 22.55, top Z 50.40)  X spare  -8.87  Y spare  -49.60  => NO (width)
4S2P 21700  enclosure side 2x1      base=nom   west  pack  66.87 x 289.60 (block 4 sec, W 44.10 L 285.60 H 22.55, top Z 50.40)  X spare  -8.87  Y spare -129.60  => NO (width)
4S2P 21700  enclosure side 2x1      base=worst east  pack  66.87 x 289.60 (block 4 sec, W 44.10 L 285.60 H 22.55, top Z 51.61)  X spare  -8.87  Y spare  -49.60  => NO (width)
4S2P 21700  enclosure side 2x1      base=worst west  pack  66.87 x 289.60 (block 4 sec, W 44.10 L 285.60 H 22.55, top Z 51.61)  X spare  -8.87  Y spare -129.60  => NO (width)
4S2P 21700  enclosure side nest3+2  base=nom   east  pack  88.42 x 147.30 (block 2 sec, W 65.65 L 143.30 H 41.21, top Z 50.40)  X spare -30.42  Y spare   92.70  => NO (width)
4S2P 21700  enclosure side nest3+2  base=nom   west  pack  88.42 x 147.30 (block 2 sec, W 65.65 L 143.30 H 41.21, top Z 50.40)  X spare -30.42  Y spare   12.70  => NO (width)
4S2P 21700  enclosure side nest3+2  base=worst east  pack  88.42 x 147.30 (block 2 sec, W 65.65 L 143.30 H 41.21, top Z 51.61)  X spare -30.42  Y spare   92.70  => NO (width)
4S2P 21700  enclosure side nest3+2  base=worst west  pack  88.42 x 147.30 (block 2 sec, W 65.65 L 143.30 H 41.21, top Z 51.61)  X spare -30.42  Y spare   12.70  => NO (width)
4S2P 21700  enclosure side nest2+2  base=nom   east  pack  77.65 x 147.30 (block 2 sec, W 54.88 L 143.30 H 41.21, top Z 50.40)  X spare -19.65  Y spare   92.70  => NO (width)
4S2P 21700  enclosure side nest2+2  base=nom   west  pack  77.65 x 147.30 (block 2 sec, W 54.88 L 143.30 H 41.21, top Z 50.40)  X spare -19.65  Y spare   12.70  => NO (width)
4S2P 21700  enclosure side nest2+2  base=worst east  pack  77.65 x 147.30 (block 2 sec, W 54.88 L 143.30 H 41.21, top Z 51.61)  X spare -19.65  Y spare   92.70  => NO (width)
4S2P 21700  enclosure side nest2+2  base=worst west  pack  77.65 x 147.30 (block 2 sec, W 54.88 L 143.30 H 41.21, top Z 51.61)  X spare -19.65  Y spare   12.70  => NO (width)
4S2P 21700  enclosure side nest2+1  base=nom   east  pack  66.87 x 218.45 (block 3 sec, W 44.10 L 214.45 H 41.21, top Z 50.40)  X spare  -8.87  Y spare   21.55  => NO (width)
4S2P 21700  enclosure side nest2+1  base=nom   west  pack  66.87 x 218.45 (block 3 sec, W 44.10 L 214.45 H 41.21, top Z 50.40)  X spare  -8.87  Y spare  -58.45  => NO (width)
4S2P 21700  enclosure side nest2+1  base=worst east  pack  66.87 x 218.45 (block 3 sec, W 44.10 L 214.45 H 41.21, top Z 51.61)  X spare  -8.87  Y spare   21.55  => NO (width)
4S2P 21700  enclosure side nest2+1  base=worst west  pack  66.87 x 218.45 (block 3 sec, W 44.10 L 214.45 H 41.21, top Z 51.61)  X spare  -8.87  Y spare  -58.45  => NO (width)
4S2P 21700  stepped   end  3x2      base=nom   east  pack  69.65 x 223.30 (block 2 sec, W 65.65 L 143.30 H 44.10, top Z 49.50)  X spare -11.65  Y spare   16.70  => NO (width)
4S2P 21700  stepped   end  3x2      base=nom   west  pack  69.65 x 223.30 (block 2 sec, W 65.65 L 143.30 H 44.10, top Z 49.50)  X spare -11.65  Y spare  -63.30  => NO (width)
4S2P 21700  stepped   end  3x2      base=worst east  pack  69.65 x 223.30 (block 2 sec, W 65.65 L 143.30 H 44.10, top Z 50.71)  X spare -11.65  Y spare   16.70  => NO (width)
4S2P 21700  stepped   end  3x2      base=worst west  pack  69.65 x 223.30 (block 2 sec, W 65.65 L 143.30 H 44.10, top Z 50.71)  X spare -11.65  Y spare  -63.30  => NO (width)
4S2P 21700  stepped   end  2x2      base=nom   east  pack  48.10 x 223.30 (block 2 sec, W 44.10 L 143.30 H 44.10, top Z 49.50)  X spare   9.90  Y spare   16.70  Z clear  -5.47 at WIFISW: six U.FL (mated 2.5 max, Hirose U.FL catalogue Sep 2  [origin X 120.00 Y -120.00]  => NO (height) | ends free S 0.0 N 16.7 chase blocked | with an RF path kept: Z clear -5.47 at WIFISW: six U.FL (mated 2.5 max, Hirose  [X 120.00 Y -120.00, S 0.0 N 16.7 chase blocked]
4S2P 21700  stepped   end  2x2      base=nom   west  pack  48.10 x 223.30 (block 2 sec, W 44.10 L 143.30 H 44.10, top Z 49.50)  X spare   9.90  Y spare  -63.30  => NO (length)
4S2P 21700  stepped   end  2x2      base=worst east  pack  48.10 x 223.30 (block 2 sec, W 44.10 L 143.30 H 44.10, top Z 50.71)  X spare   9.90  Y spare   16.70  Z clear  -6.68 at WIFISW: six U.FL (mated 2.5 max, Hirose U.FL catalogue Sep 2  [origin X 120.00 Y -120.00]  => NO (height) | ends free S 0.0 N 16.7 chase blocked | with an RF path kept: Z clear -6.68 at WIFISW: six U.FL (mated 2.5 max, Hirose  [X 120.00 Y -120.00, S 0.0 N 16.7 chase blocked]
4S2P 21700  stepped   end  2x2      base=worst west  pack  48.10 x 223.30 (block 2 sec, W 44.10 L 143.30 H 44.10, top Z 50.71)  X spare   9.90  Y spare  -63.30  => NO (length)
4S2P 21700  stepped   end  3x1      base=nom   east  pack  69.65 x 294.45 (block 3 sec, W 65.65 L 214.45 H 22.55, top Z 28.17)  X spare -11.65  Y spare  -54.45  => NO (width)
4S2P 21700  stepped   end  3x1      base=nom   west  pack  69.65 x 294.45 (block 3 sec, W 65.65 L 214.45 H 22.55, top Z 28.17)  X spare -11.65  Y spare -134.45  => NO (width)
4S2P 21700  stepped   end  3x1      base=worst east  pack  69.65 x 294.45 (block 3 sec, W 65.65 L 214.45 H 22.55, top Z 29.38)  X spare -11.65  Y spare  -54.45  => NO (width)
4S2P 21700  stepped   end  3x1      base=worst west  pack  69.65 x 294.45 (block 3 sec, W 65.65 L 214.45 H 22.55, top Z 29.38)  X spare -11.65  Y spare -134.45  => NO (width)
4S2P 21700  stepped   end  2x1      base=nom   east  pack  48.10 x 365.60 (block 4 sec, W 44.10 L 285.60 H 22.55, top Z 28.17)  X spare   9.90  Y spare -125.60  => NO (length)
4S2P 21700  stepped   end  2x1      base=nom   west  pack  48.10 x 365.60 (block 4 sec, W 44.10 L 285.60 H 22.55, top Z 28.17)  X spare   9.90  Y spare -205.60  => NO (length)
4S2P 21700  stepped   end  2x1      base=worst east  pack  48.10 x 365.60 (block 4 sec, W 44.10 L 285.60 H 22.55, top Z 29.38)  X spare   9.90  Y spare -125.60  => NO (length)
4S2P 21700  stepped   end  2x1      base=worst west  pack  48.10 x 365.60 (block 4 sec, W 44.10 L 285.60 H 22.55, top Z 29.38)  X spare   9.90  Y spare -205.60  => NO (length)
4S2P 21700  stepped   end  nest3+2  base=nom   east  pack  69.65 x 223.30 (block 2 sec, W 65.65 L 143.30 H 41.21, top Z 46.61)  X spare -11.65  Y spare   16.70  => NO (width)
4S2P 21700  stepped   end  nest3+2  base=nom   west  pack  69.65 x 223.30 (block 2 sec, W 65.65 L 143.30 H 41.21, top Z 46.61)  X spare -11.65  Y spare  -63.30  => NO (width)
4S2P 21700  stepped   end  nest3+2  base=worst east  pack  69.65 x 223.30 (block 2 sec, W 65.65 L 143.30 H 41.21, top Z 47.82)  X spare -11.65  Y spare   16.70  => NO (width)
4S2P 21700  stepped   end  nest3+2  base=worst west  pack  69.65 x 223.30 (block 2 sec, W 65.65 L 143.30 H 41.21, top Z 47.82)  X spare -11.65  Y spare  -63.30  => NO (width)
4S2P 21700  stepped   end  nest2+2  base=nom   east  pack  58.88 x 223.30 (block 2 sec, W 54.88 L 143.30 H 41.21, top Z 46.61)  X spare  -0.88  Y spare   16.70  => NO (width)
4S2P 21700  stepped   end  nest2+2  base=nom   west  pack  58.88 x 223.30 (block 2 sec, W 54.88 L 143.30 H 41.21, top Z 46.61)  X spare  -0.88  Y spare  -63.30  => NO (width)
4S2P 21700  stepped   end  nest2+2  base=worst east  pack  58.88 x 223.30 (block 2 sec, W 54.88 L 143.30 H 41.21, top Z 47.82)  X spare  -0.88  Y spare   16.70  => NO (width)
4S2P 21700  stepped   end  nest2+2  base=worst west  pack  58.88 x 223.30 (block 2 sec, W 54.88 L 143.30 H 41.21, top Z 47.82)  X spare  -0.88  Y spare  -63.30  => NO (width)
4S2P 21700  stepped   end  nest2+1  base=nom   east  pack  48.10 x 294.45 (block 3 sec, W 44.10 L 214.45 H 41.21, top Z 46.61)  X spare   9.90  Y spare  -54.45  => NO (length)
4S2P 21700  stepped   end  nest2+1  base=nom   west  pack  48.10 x 294.45 (block 3 sec, W 44.10 L 214.45 H 41.21, top Z 46.61)  X spare   9.90  Y spare -134.45  => NO (length)
4S2P 21700  stepped   end  nest2+1  base=worst east  pack  48.10 x 294.45 (block 3 sec, W 44.10 L 214.45 H 41.21, top Z 47.82)  X spare   9.90  Y spare  -54.45  => NO (length)
4S2P 21700  stepped   end  nest2+1  base=worst west  pack  48.10 x 294.45 (block 3 sec, W 44.10 L 214.45 H 41.21, top Z 47.82)  X spare   9.90  Y spare -134.45  => NO (length)
4S2P 21700  stepped   side 3x2      base=nom   east  pack  88.42 x 147.30 (block 2 sec, W 65.65 L 143.30 H 44.10, top Z 50.40)  X spare -30.42  Y spare   92.70  => NO (width)
4S2P 21700  stepped   side 3x2      base=nom   west  pack  88.42 x 147.30 (block 2 sec, W 65.65 L 143.30 H 44.10, top Z 50.40)  X spare -30.42  Y spare   12.70  => NO (width)
4S2P 21700  stepped   side 3x2      base=worst east  pack  88.42 x 147.30 (block 2 sec, W 65.65 L 143.30 H 44.10, top Z 51.61)  X spare -30.42  Y spare   92.70  => NO (width)
4S2P 21700  stepped   side 3x2      base=worst west  pack  88.42 x 147.30 (block 2 sec, W 65.65 L 143.30 H 44.10, top Z 51.61)  X spare -30.42  Y spare   12.70  => NO (width)
4S2P 21700  stepped   side 2x2      base=nom   east  pack  66.87 x 147.30 (block 2 sec, W 44.10 L 143.30 H 44.10, top Z 50.40)  X spare  -8.87  Y spare   92.70  => NO (width)
4S2P 21700  stepped   side 2x2      base=nom   west  pack  66.87 x 147.30 (block 2 sec, W 44.10 L 143.30 H 44.10, top Z 50.40)  X spare  -8.87  Y spare   12.70  => NO (width)
4S2P 21700  stepped   side 2x2      base=worst east  pack  66.87 x 147.30 (block 2 sec, W 44.10 L 143.30 H 44.10, top Z 51.61)  X spare  -8.87  Y spare   92.70  => NO (width)
4S2P 21700  stepped   side 2x2      base=worst west  pack  66.87 x 147.30 (block 2 sec, W 44.10 L 143.30 H 44.10, top Z 51.61)  X spare  -8.87  Y spare   12.70  => NO (width)
4S2P 21700  stepped   side 3x1      base=nom   east  pack  88.42 x 218.45 (block 3 sec, W 65.65 L 214.45 H 22.55, top Z 50.40)  X spare -30.42  Y spare   21.55  => NO (width)
4S2P 21700  stepped   side 3x1      base=nom   west  pack  88.42 x 218.45 (block 3 sec, W 65.65 L 214.45 H 22.55, top Z 50.40)  X spare -30.42  Y spare  -58.45  => NO (width)
4S2P 21700  stepped   side 3x1      base=worst east  pack  88.42 x 218.45 (block 3 sec, W 65.65 L 214.45 H 22.55, top Z 51.61)  X spare -30.42  Y spare   21.55  => NO (width)
4S2P 21700  stepped   side 3x1      base=worst west  pack  88.42 x 218.45 (block 3 sec, W 65.65 L 214.45 H 22.55, top Z 51.61)  X spare -30.42  Y spare  -58.45  => NO (width)
4S2P 21700  stepped   side 2x1      base=nom   east  pack  66.87 x 289.60 (block 4 sec, W 44.10 L 285.60 H 22.55, top Z 50.40)  X spare  -8.87  Y spare  -49.60  => NO (width)
4S2P 21700  stepped   side 2x1      base=nom   west  pack  66.87 x 289.60 (block 4 sec, W 44.10 L 285.60 H 22.55, top Z 50.40)  X spare  -8.87  Y spare -129.60  => NO (width)
4S2P 21700  stepped   side 2x1      base=worst east  pack  66.87 x 289.60 (block 4 sec, W 44.10 L 285.60 H 22.55, top Z 51.61)  X spare  -8.87  Y spare  -49.60  => NO (width)
4S2P 21700  stepped   side 2x1      base=worst west  pack  66.87 x 289.60 (block 4 sec, W 44.10 L 285.60 H 22.55, top Z 51.61)  X spare  -8.87  Y spare -129.60  => NO (width)
4S2P 21700  stepped   side nest3+2  base=nom   east  pack  88.42 x 147.30 (block 2 sec, W 65.65 L 143.30 H 41.21, top Z 50.40)  X spare -30.42  Y spare   92.70  => NO (width)
4S2P 21700  stepped   side nest3+2  base=nom   west  pack  88.42 x 147.30 (block 2 sec, W 65.65 L 143.30 H 41.21, top Z 50.40)  X spare -30.42  Y spare   12.70  => NO (width)
4S2P 21700  stepped   side nest3+2  base=worst east  pack  88.42 x 147.30 (block 2 sec, W 65.65 L 143.30 H 41.21, top Z 51.61)  X spare -30.42  Y spare   92.70  => NO (width)
4S2P 21700  stepped   side nest3+2  base=worst west  pack  88.42 x 147.30 (block 2 sec, W 65.65 L 143.30 H 41.21, top Z 51.61)  X spare -30.42  Y spare   12.70  => NO (width)
4S2P 21700  stepped   side nest2+2  base=nom   east  pack  77.65 x 147.30 (block 2 sec, W 54.88 L 143.30 H 41.21, top Z 50.40)  X spare -19.65  Y spare   92.70  => NO (width)
4S2P 21700  stepped   side nest2+2  base=nom   west  pack  77.65 x 147.30 (block 2 sec, W 54.88 L 143.30 H 41.21, top Z 50.40)  X spare -19.65  Y spare   12.70  => NO (width)
4S2P 21700  stepped   side nest2+2  base=worst east  pack  77.65 x 147.30 (block 2 sec, W 54.88 L 143.30 H 41.21, top Z 51.61)  X spare -19.65  Y spare   92.70  => NO (width)
4S2P 21700  stepped   side nest2+2  base=worst west  pack  77.65 x 147.30 (block 2 sec, W 54.88 L 143.30 H 41.21, top Z 51.61)  X spare -19.65  Y spare   12.70  => NO (width)
4S2P 21700  stepped   side nest2+1  base=nom   east  pack  66.87 x 218.45 (block 3 sec, W 44.10 L 214.45 H 41.21, top Z 50.40)  X spare  -8.87  Y spare   21.55  => NO (width)
4S2P 21700  stepped   side nest2+1  base=nom   west  pack  66.87 x 218.45 (block 3 sec, W 44.10 L 214.45 H 41.21, top Z 50.40)  X spare  -8.87  Y spare  -58.45  => NO (width)
4S2P 21700  stepped   side nest2+1  base=worst east  pack  66.87 x 218.45 (block 3 sec, W 44.10 L 214.45 H 41.21, top Z 51.61)  X spare  -8.87  Y spare   21.55  => NO (width)
4S2P 21700  stepped   side nest2+1  base=worst west  pack  66.87 x 218.45 (block 3 sec, W 44.10 L 214.45 H 41.21, top Z 51.61)  X spare  -8.87  Y spare  -58.45  => NO (width)
4S2P 21700  minimal   end  3x2      base=nom   east  pack  65.65 x 215.30 (block 2 sec, W 65.65 L 143.30 H 44.10, top Z 45.50)  X spare  -7.65  Y spare   24.70  => NO (width)
4S2P 21700  minimal   end  3x2      base=nom   west  pack  65.65 x 215.30 (block 2 sec, W 65.65 L 143.30 H 44.10, top Z 45.50)  X spare  -7.65  Y spare  -55.30  => NO (width)
4S2P 21700  minimal   end  3x2      base=worst east  pack  65.65 x 215.30 (block 2 sec, W 65.65 L 143.30 H 44.10, top Z 46.71)  X spare  -7.65  Y spare   24.70  => NO (width)
4S2P 21700  minimal   end  3x2      base=worst west  pack  65.65 x 215.30 (block 2 sec, W 65.65 L 143.30 H 44.10, top Z 46.71)  X spare  -7.65  Y spare  -55.30  => NO (width)
4S2P 21700  minimal   end  2x2      base=nom   east  pack  44.10 x 215.30 (block 2 sec, W 44.10 L 143.30 H 44.10, top Z 45.50)  X spare  13.90  Y spare   24.70  Z clear  -1.47 at WIFISW: six U.FL (mated 2.5 max, Hirose U.FL catalogue Sep 2  [origin X 120.00 Y -120.00]  => NO (height) | ends free S 0.0 N 24.7 chase blocked | with an RF path kept: Z clear -1.47 at WIFISW: six U.FL (mated 2.5 max, Hirose  [X 120.00 Y -120.00, S 0.0 N 24.7 chase blocked]
4S2P 21700  minimal   end  2x2      base=nom   west  pack  44.10 x 215.30 (block 2 sec, W 44.10 L 143.30 H 44.10, top Z 45.50)  X spare  13.90  Y spare  -55.30  => NO (length)
4S2P 21700  minimal   end  2x2      base=worst east  pack  44.10 x 215.30 (block 2 sec, W 44.10 L 143.30 H 44.10, top Z 46.71)  X spare  13.90  Y spare   24.70  Z clear  -2.68 at WIFISW: six U.FL (mated 2.5 max, Hirose U.FL catalogue Sep 2  [origin X 120.00 Y -120.00]  => NO (height) | ends free S 0.0 N 24.7 chase blocked | with an RF path kept: Z clear -2.68 at WIFISW: six U.FL (mated 2.5 max, Hirose  [X 120.00 Y -120.00, S 0.0 N 24.7 chase blocked]
4S2P 21700  minimal   end  2x2      base=worst west  pack  44.10 x 215.30 (block 2 sec, W 44.10 L 143.30 H 44.10, top Z 46.71)  X spare  13.90  Y spare  -55.30  => NO (length)
4S2P 21700  minimal   end  3x1      base=nom   east  pack  65.65 x 286.45 (block 3 sec, W 65.65 L 214.45 H 22.55, top Z 23.95)  X spare  -7.65  Y spare  -46.45  => NO (width)
4S2P 21700  minimal   end  3x1      base=nom   west  pack  65.65 x 286.45 (block 3 sec, W 65.65 L 214.45 H 22.55, top Z 23.95)  X spare  -7.65  Y spare -126.45  => NO (width)
4S2P 21700  minimal   end  3x1      base=worst east  pack  65.65 x 286.45 (block 3 sec, W 65.65 L 214.45 H 22.55, top Z 25.16)  X spare  -7.65  Y spare  -46.45  => NO (width)
4S2P 21700  minimal   end  3x1      base=worst west  pack  65.65 x 286.45 (block 3 sec, W 65.65 L 214.45 H 22.55, top Z 25.16)  X spare  -7.65  Y spare -126.45  => NO (width)
4S2P 21700  minimal   end  2x1      base=nom   east  pack  44.10 x 357.60 (block 4 sec, W 44.10 L 285.60 H 22.55, top Z 23.95)  X spare  13.90  Y spare -117.60  => NO (length)
4S2P 21700  minimal   end  2x1      base=nom   west  pack  44.10 x 357.60 (block 4 sec, W 44.10 L 285.60 H 22.55, top Z 23.95)  X spare  13.90  Y spare -197.60  => NO (length)
4S2P 21700  minimal   end  2x1      base=worst east  pack  44.10 x 357.60 (block 4 sec, W 44.10 L 285.60 H 22.55, top Z 25.16)  X spare  13.90  Y spare -117.60  => NO (length)
4S2P 21700  minimal   end  2x1      base=worst west  pack  44.10 x 357.60 (block 4 sec, W 44.10 L 285.60 H 22.55, top Z 25.16)  X spare  13.90  Y spare -197.60  => NO (length)
4S2P 21700  minimal   end  nest3+2  base=nom   east  pack  65.65 x 215.30 (block 2 sec, W 65.65 L 143.30 H 41.21, top Z 42.61)  X spare  -7.65  Y spare   24.70  => NO (width)
4S2P 21700  minimal   end  nest3+2  base=nom   west  pack  65.65 x 215.30 (block 2 sec, W 65.65 L 143.30 H 41.21, top Z 42.61)  X spare  -7.65  Y spare  -55.30  => NO (width)
4S2P 21700  minimal   end  nest3+2  base=worst east  pack  65.65 x 215.30 (block 2 sec, W 65.65 L 143.30 H 41.21, top Z 43.82)  X spare  -7.65  Y spare   24.70  => NO (width)
4S2P 21700  minimal   end  nest3+2  base=worst west  pack  65.65 x 215.30 (block 2 sec, W 65.65 L 143.30 H 41.21, top Z 43.82)  X spare  -7.65  Y spare  -55.30  => NO (width)
4S2P 21700  minimal   end  nest2+2  base=nom   east  pack  54.88 x 215.30 (block 2 sec, W 54.88 L 143.30 H 41.21, top Z 42.61)  X spare   3.12  Y spare   24.70  Z clear   1.42 at WIFISW: six U.FL (mated 2.5 max, Hirose U.FL catalogue Sep 2  [origin X 120.00 Y -120.00]  => FITS | ends free S 0.0 N 24.7 chase blocked | with an RF path kept: Z clear 1.42 at WIFISW: six U.FL (mated 2.5 max, Hirose  [X 120.00 Y -120.00, S 0.0 N 24.7 chase blocked]
4S2P 21700  minimal   end  nest2+2  base=nom   west  pack  54.88 x 215.30 (block 2 sec, W 54.88 L 143.30 H 41.21, top Z 42.61)  X spare   3.12  Y spare  -55.30  => NO (length)
4S2P 21700  minimal   end  nest2+2  base=worst east  pack  54.88 x 215.30 (block 2 sec, W 54.88 L 143.30 H 41.21, top Z 43.82)  X spare   3.12  Y spare   24.70  Z clear   0.21 at WIFISW: six U.FL (mated 2.5 max, Hirose U.FL catalogue Sep 2  [origin X 120.00 Y -120.00]  => FITS | ends free S 0.0 N 24.7 chase blocked | with an RF path kept: Z clear 0.21 at WIFISW: six U.FL (mated 2.5 max, Hirose  [X 120.00 Y -120.00, S 0.0 N 24.7 chase blocked]
4S2P 21700  minimal   end  nest2+2  base=worst west  pack  54.88 x 215.30 (block 2 sec, W 54.88 L 143.30 H 41.21, top Z 43.82)  X spare   3.12  Y spare  -55.30  => NO (length)
4S2P 21700  minimal   end  nest2+1  base=nom   east  pack  44.10 x 286.45 (block 3 sec, W 44.10 L 214.45 H 41.21, top Z 42.61)  X spare  13.90  Y spare  -46.45  => NO (length)
4S2P 21700  minimal   end  nest2+1  base=nom   west  pack  44.10 x 286.45 (block 3 sec, W 44.10 L 214.45 H 41.21, top Z 42.61)  X spare  13.90  Y spare -126.45  => NO (length)
4S2P 21700  minimal   end  nest2+1  base=worst east  pack  44.10 x 286.45 (block 3 sec, W 44.10 L 214.45 H 41.21, top Z 43.82)  X spare  13.90  Y spare  -46.45  => NO (length)
4S2P 21700  minimal   end  nest2+1  base=worst west  pack  44.10 x 286.45 (block 3 sec, W 44.10 L 214.45 H 41.21, top Z 43.82)  X spare  13.90  Y spare -126.45  => NO (length)
4S2P 21700  minimal   side 3x2      base=nom   east  pack  84.42 x 143.30 (block 2 sec, W 65.65 L 143.30 H 44.10, top Z 46.40)  X spare -26.42  Y spare   96.70  => NO (width)
4S2P 21700  minimal   side 3x2      base=nom   west  pack  84.42 x 143.30 (block 2 sec, W 65.65 L 143.30 H 44.10, top Z 46.40)  X spare -26.42  Y spare   16.70  => NO (width)
4S2P 21700  minimal   side 3x2      base=worst east  pack  84.42 x 143.30 (block 2 sec, W 65.65 L 143.30 H 44.10, top Z 47.61)  X spare -26.42  Y spare   96.70  => NO (width)
4S2P 21700  minimal   side 3x2      base=worst west  pack  84.42 x 143.30 (block 2 sec, W 65.65 L 143.30 H 44.10, top Z 47.61)  X spare -26.42  Y spare   16.70  => NO (width)
4S2P 21700  minimal   side 2x2      base=nom   east  pack  62.87 x 143.30 (block 2 sec, W 44.10 L 143.30 H 44.10, top Z 46.40)  X spare  -4.87  Y spare   96.70  => NO (width)
4S2P 21700  minimal   side 2x2      base=nom   west  pack  62.87 x 143.30 (block 2 sec, W 44.10 L 143.30 H 44.10, top Z 46.40)  X spare  -4.87  Y spare   16.70  => NO (width)
4S2P 21700  minimal   side 2x2      base=worst east  pack  62.87 x 143.30 (block 2 sec, W 44.10 L 143.30 H 44.10, top Z 47.61)  X spare  -4.87  Y spare   96.70  => NO (width)
4S2P 21700  minimal   side 2x2      base=worst west  pack  62.87 x 143.30 (block 2 sec, W 44.10 L 143.30 H 44.10, top Z 47.61)  X spare  -4.87  Y spare   16.70  => NO (width)
4S2P 21700  minimal   side 3x1      base=nom   east  pack  84.42 x 214.45 (block 3 sec, W 65.65 L 214.45 H 22.55, top Z 46.40)  X spare -26.42  Y spare   25.55  => NO (width)
4S2P 21700  minimal   side 3x1      base=nom   west  pack  84.42 x 214.45 (block 3 sec, W 65.65 L 214.45 H 22.55, top Z 46.40)  X spare -26.42  Y spare  -54.45  => NO (width)
4S2P 21700  minimal   side 3x1      base=worst east  pack  84.42 x 214.45 (block 3 sec, W 65.65 L 214.45 H 22.55, top Z 47.61)  X spare -26.42  Y spare   25.55  => NO (width)
4S2P 21700  minimal   side 3x1      base=worst west  pack  84.42 x 214.45 (block 3 sec, W 65.65 L 214.45 H 22.55, top Z 47.61)  X spare -26.42  Y spare  -54.45  => NO (width)
4S2P 21700  minimal   side 2x1      base=nom   east  pack  62.87 x 285.60 (block 4 sec, W 44.10 L 285.60 H 22.55, top Z 46.40)  X spare  -4.87  Y spare  -45.60  => NO (width)
4S2P 21700  minimal   side 2x1      base=nom   west  pack  62.87 x 285.60 (block 4 sec, W 44.10 L 285.60 H 22.55, top Z 46.40)  X spare  -4.87  Y spare -125.60  => NO (width)
4S2P 21700  minimal   side 2x1      base=worst east  pack  62.87 x 285.60 (block 4 sec, W 44.10 L 285.60 H 22.55, top Z 47.61)  X spare  -4.87  Y spare  -45.60  => NO (width)
4S2P 21700  minimal   side 2x1      base=worst west  pack  62.87 x 285.60 (block 4 sec, W 44.10 L 285.60 H 22.55, top Z 47.61)  X spare  -4.87  Y spare -125.60  => NO (width)
4S2P 21700  minimal   side nest3+2  base=nom   east  pack  84.42 x 143.30 (block 2 sec, W 65.65 L 143.30 H 41.21, top Z 46.40)  X spare -26.42  Y spare   96.70  => NO (width)
4S2P 21700  minimal   side nest3+2  base=nom   west  pack  84.42 x 143.30 (block 2 sec, W 65.65 L 143.30 H 41.21, top Z 46.40)  X spare -26.42  Y spare   16.70  => NO (width)
4S2P 21700  minimal   side nest3+2  base=worst east  pack  84.42 x 143.30 (block 2 sec, W 65.65 L 143.30 H 41.21, top Z 47.61)  X spare -26.42  Y spare   96.70  => NO (width)
4S2P 21700  minimal   side nest3+2  base=worst west  pack  84.42 x 143.30 (block 2 sec, W 65.65 L 143.30 H 41.21, top Z 47.61)  X spare -26.42  Y spare   16.70  => NO (width)
4S2P 21700  minimal   side nest2+2  base=nom   east  pack  73.65 x 143.30 (block 2 sec, W 54.88 L 143.30 H 41.21, top Z 46.40)  X spare -15.65  Y spare   96.70  => NO (width)
4S2P 21700  minimal   side nest2+2  base=nom   west  pack  73.65 x 143.30 (block 2 sec, W 54.88 L 143.30 H 41.21, top Z 46.40)  X spare -15.65  Y spare   16.70  => NO (width)
4S2P 21700  minimal   side nest2+2  base=worst east  pack  73.65 x 143.30 (block 2 sec, W 54.88 L 143.30 H 41.21, top Z 47.61)  X spare -15.65  Y spare   96.70  => NO (width)
4S2P 21700  minimal   side nest2+2  base=worst west  pack  73.65 x 143.30 (block 2 sec, W 54.88 L 143.30 H 41.21, top Z 47.61)  X spare -15.65  Y spare   16.70  => NO (width)
4S2P 21700  minimal   side nest2+1  base=nom   east  pack  62.87 x 214.45 (block 3 sec, W 44.10 L 214.45 H 41.21, top Z 46.40)  X spare  -4.87  Y spare   25.55  => NO (width)
4S2P 21700  minimal   side nest2+1  base=nom   west  pack  62.87 x 214.45 (block 3 sec, W 44.10 L 214.45 H 41.21, top Z 46.40)  X spare  -4.87  Y spare  -54.45  => NO (width)
4S2P 21700  minimal   side nest2+1  base=worst east  pack  62.87 x 214.45 (block 3 sec, W 44.10 L 214.45 H 41.21, top Z 47.61)  X spare  -4.87  Y spare   25.55  => NO (width)
4S2P 21700  minimal   side nest2+1  base=worst west  pack  62.87 x 214.45 (block 3 sec, W 44.10 L 214.45 H 41.21, top Z 47.61)  X spare  -4.87  Y spare  -54.45  => NO (width)
4S2P 21700  minimal   top  3x1      base=nom   east  pack  65.65 x 214.45 (block 3 sec, W 65.65 L 214.45 H 22.55, top Z 42.22)  X spare  -7.65  Y spare   25.55  => NO (width)
4S2P 21700  minimal   top  3x1      base=nom   west  pack  65.65 x 214.45 (block 3 sec, W 65.65 L 214.45 H 22.55, top Z 42.22)  X spare  -7.65  Y spare  -54.45  => NO (width)
4S2P 21700  minimal   top  3x1      base=worst east  pack  65.65 x 214.45 (block 3 sec, W 65.65 L 214.45 H 22.55, top Z 43.43)  X spare  -7.65  Y spare   25.55  => NO (width)
4S2P 21700  minimal   top  3x1      base=worst west  pack  65.65 x 214.45 (block 3 sec, W 65.65 L 214.45 H 22.55, top Z 43.43)  X spare  -7.65  Y spare  -54.45  => NO (width)
4S2P 21700  minimal   top  2x1      base=nom   east  pack  44.10 x 285.60 (block 4 sec, W 44.10 L 285.60 H 22.55, top Z 42.22)  X spare  13.90  Y spare  -45.60  => NO (length)
4S2P 21700  minimal   top  2x1      base=nom   west  pack  44.10 x 285.60 (block 4 sec, W 44.10 L 285.60 H 22.55, top Z 42.22)  X spare  13.90  Y spare -125.60  => NO (length)
4S2P 21700  minimal   top  2x1      base=worst east  pack  44.10 x 285.60 (block 4 sec, W 44.10 L 285.60 H 22.55, top Z 43.43)  X spare  13.90  Y spare  -45.60  => NO (length)
4S2P 21700  minimal   top  2x1      base=worst west  pack  44.10 x 285.60 (block 4 sec, W 44.10 L 285.60 H 22.55, top Z 43.43)  X spare  13.90  Y spare -125.60  => NO (length)
4S3P 21700  enclosure end  3x2      base=nom   east  pack  69.65 x 223.30 (block 2 sec, W 65.65 L 143.30 H 44.10, top Z 49.50)  X spare -11.65  Y spare   16.70  => NO (width)
4S3P 21700  enclosure end  3x2      base=nom   west  pack  69.65 x 223.30 (block 2 sec, W 65.65 L 143.30 H 44.10, top Z 49.50)  X spare -11.65  Y spare  -63.30  => NO (width)
4S3P 21700  enclosure end  3x2      base=worst east  pack  69.65 x 223.30 (block 2 sec, W 65.65 L 143.30 H 44.10, top Z 50.71)  X spare -11.65  Y spare   16.70  => NO (width)
4S3P 21700  enclosure end  3x2      base=worst west  pack  69.65 x 223.30 (block 2 sec, W 65.65 L 143.30 H 44.10, top Z 50.71)  X spare -11.65  Y spare  -63.30  => NO (width)
4S3P 21700  enclosure end  2x2      base=nom   east  pack  48.10 x 294.45 (block 3 sec, W 44.10 L 214.45 H 44.10, top Z 49.50)  X spare   9.90  Y spare  -54.45  => NO (length)
4S3P 21700  enclosure end  2x2      base=nom   west  pack  48.10 x 294.45 (block 3 sec, W 44.10 L 214.45 H 44.10, top Z 49.50)  X spare   9.90  Y spare -134.45  => NO (length)
4S3P 21700  enclosure end  2x2      base=worst east  pack  48.10 x 294.45 (block 3 sec, W 44.10 L 214.45 H 44.10, top Z 50.71)  X spare   9.90  Y spare  -54.45  => NO (length)
4S3P 21700  enclosure end  2x2      base=worst west  pack  48.10 x 294.45 (block 3 sec, W 44.10 L 214.45 H 44.10, top Z 50.71)  X spare   9.90  Y spare -134.45  => NO (length)
4S3P 21700  enclosure end  3x1      base=nom   east  pack  69.65 x 365.60 (block 4 sec, W 65.65 L 285.60 H 22.55, top Z 28.17)  X spare -11.65  Y spare -125.60  => NO (width)
4S3P 21700  enclosure end  3x1      base=nom   west  pack  69.65 x 365.60 (block 4 sec, W 65.65 L 285.60 H 22.55, top Z 28.17)  X spare -11.65  Y spare -205.60  => NO (width)
4S3P 21700  enclosure end  3x1      base=worst east  pack  69.65 x 365.60 (block 4 sec, W 65.65 L 285.60 H 22.55, top Z 29.38)  X spare -11.65  Y spare -125.60  => NO (width)
4S3P 21700  enclosure end  3x1      base=worst west  pack  69.65 x 365.60 (block 4 sec, W 65.65 L 285.60 H 22.55, top Z 29.38)  X spare -11.65  Y spare -205.60  => NO (width)
4S3P 21700  enclosure end  2x1      base=nom   east  pack  48.10 x 507.90 (block 6 sec, W 44.10 L 427.90 H 22.55, top Z 28.17)  X spare   9.90  Y spare -267.90  => NO (length)
4S3P 21700  enclosure end  2x1      base=nom   west  pack  48.10 x 507.90 (block 6 sec, W 44.10 L 427.90 H 22.55, top Z 28.17)  X spare   9.90  Y spare -347.90  => NO (length)
4S3P 21700  enclosure end  2x1      base=worst east  pack  48.10 x 507.90 (block 6 sec, W 44.10 L 427.90 H 22.55, top Z 29.38)  X spare   9.90  Y spare -267.90  => NO (length)
4S3P 21700  enclosure end  2x1      base=worst west  pack  48.10 x 507.90 (block 6 sec, W 44.10 L 427.90 H 22.55, top Z 29.38)  X spare   9.90  Y spare -347.90  => NO (length)
4S3P 21700  enclosure end  nest3+2  base=nom   east  pack  69.65 x 294.45 (block 3 sec, W 65.65 L 214.45 H 41.21, top Z 46.61)  X spare -11.65  Y spare  -54.45  => NO (width)
4S3P 21700  enclosure end  nest3+2  base=nom   west  pack  69.65 x 294.45 (block 3 sec, W 65.65 L 214.45 H 41.21, top Z 46.61)  X spare -11.65  Y spare -134.45  => NO (width)
4S3P 21700  enclosure end  nest3+2  base=worst east  pack  69.65 x 294.45 (block 3 sec, W 65.65 L 214.45 H 41.21, top Z 47.82)  X spare -11.65  Y spare  -54.45  => NO (width)
4S3P 21700  enclosure end  nest3+2  base=worst west  pack  69.65 x 294.45 (block 3 sec, W 65.65 L 214.45 H 41.21, top Z 47.82)  X spare -11.65  Y spare -134.45  => NO (width)
4S3P 21700  enclosure end  nest2+2  base=nom   east  pack  58.88 x 294.45 (block 3 sec, W 54.88 L 214.45 H 41.21, top Z 46.61)  X spare  -0.88  Y spare  -54.45  => NO (width)
4S3P 21700  enclosure end  nest2+2  base=nom   west  pack  58.88 x 294.45 (block 3 sec, W 54.88 L 214.45 H 41.21, top Z 46.61)  X spare  -0.88  Y spare -134.45  => NO (width)
4S3P 21700  enclosure end  nest2+2  base=worst east  pack  58.88 x 294.45 (block 3 sec, W 54.88 L 214.45 H 41.21, top Z 47.82)  X spare  -0.88  Y spare  -54.45  => NO (width)
4S3P 21700  enclosure end  nest2+2  base=worst west  pack  58.88 x 294.45 (block 3 sec, W 54.88 L 214.45 H 41.21, top Z 47.82)  X spare  -0.88  Y spare -134.45  => NO (width)
4S3P 21700  enclosure end  nest2+1  base=nom   east  pack  48.10 x 365.60 (block 4 sec, W 44.10 L 285.60 H 41.21, top Z 46.61)  X spare   9.90  Y spare -125.60  => NO (length)
4S3P 21700  enclosure end  nest2+1  base=nom   west  pack  48.10 x 365.60 (block 4 sec, W 44.10 L 285.60 H 41.21, top Z 46.61)  X spare   9.90  Y spare -205.60  => NO (length)
4S3P 21700  enclosure end  nest2+1  base=worst east  pack  48.10 x 365.60 (block 4 sec, W 44.10 L 285.60 H 41.21, top Z 47.82)  X spare   9.90  Y spare -125.60  => NO (length)
4S3P 21700  enclosure end  nest2+1  base=worst west  pack  48.10 x 365.60 (block 4 sec, W 44.10 L 285.60 H 41.21, top Z 47.82)  X spare   9.90  Y spare -205.60  => NO (length)
4S3P 21700  enclosure side 3x2      base=nom   east  pack  88.42 x 147.30 (block 2 sec, W 65.65 L 143.30 H 44.10, top Z 50.40)  X spare -30.42  Y spare   92.70  => NO (width)
4S3P 21700  enclosure side 3x2      base=nom   west  pack  88.42 x 147.30 (block 2 sec, W 65.65 L 143.30 H 44.10, top Z 50.40)  X spare -30.42  Y spare   12.70  => NO (width)
4S3P 21700  enclosure side 3x2      base=worst east  pack  88.42 x 147.30 (block 2 sec, W 65.65 L 143.30 H 44.10, top Z 51.61)  X spare -30.42  Y spare   92.70  => NO (width)
4S3P 21700  enclosure side 3x2      base=worst west  pack  88.42 x 147.30 (block 2 sec, W 65.65 L 143.30 H 44.10, top Z 51.61)  X spare -30.42  Y spare   12.70  => NO (width)
4S3P 21700  enclosure side 2x2      base=nom   east  pack  66.87 x 218.45 (block 3 sec, W 44.10 L 214.45 H 44.10, top Z 50.40)  X spare  -8.87  Y spare   21.55  => NO (width)
4S3P 21700  enclosure side 2x2      base=nom   west  pack  66.87 x 218.45 (block 3 sec, W 44.10 L 214.45 H 44.10, top Z 50.40)  X spare  -8.87  Y spare  -58.45  => NO (width)
4S3P 21700  enclosure side 2x2      base=worst east  pack  66.87 x 218.45 (block 3 sec, W 44.10 L 214.45 H 44.10, top Z 51.61)  X spare  -8.87  Y spare   21.55  => NO (width)
4S3P 21700  enclosure side 2x2      base=worst west  pack  66.87 x 218.45 (block 3 sec, W 44.10 L 214.45 H 44.10, top Z 51.61)  X spare  -8.87  Y spare  -58.45  => NO (width)
4S3P 21700  enclosure side 3x1      base=nom   east  pack  88.42 x 289.60 (block 4 sec, W 65.65 L 285.60 H 22.55, top Z 50.40)  X spare -30.42  Y spare  -49.60  => NO (width)
4S3P 21700  enclosure side 3x1      base=nom   west  pack  88.42 x 289.60 (block 4 sec, W 65.65 L 285.60 H 22.55, top Z 50.40)  X spare -30.42  Y spare -129.60  => NO (width)
4S3P 21700  enclosure side 3x1      base=worst east  pack  88.42 x 289.60 (block 4 sec, W 65.65 L 285.60 H 22.55, top Z 51.61)  X spare -30.42  Y spare  -49.60  => NO (width)
4S3P 21700  enclosure side 3x1      base=worst west  pack  88.42 x 289.60 (block 4 sec, W 65.65 L 285.60 H 22.55, top Z 51.61)  X spare -30.42  Y spare -129.60  => NO (width)
4S3P 21700  enclosure side 2x1      base=nom   east  pack  66.87 x 431.90 (block 6 sec, W 44.10 L 427.90 H 22.55, top Z 50.40)  X spare  -8.87  Y spare -191.90  => NO (width)
4S3P 21700  enclosure side 2x1      base=nom   west  pack  66.87 x 431.90 (block 6 sec, W 44.10 L 427.90 H 22.55, top Z 50.40)  X spare  -8.87  Y spare -271.90  => NO (width)
4S3P 21700  enclosure side 2x1      base=worst east  pack  66.87 x 431.90 (block 6 sec, W 44.10 L 427.90 H 22.55, top Z 51.61)  X spare  -8.87  Y spare -191.90  => NO (width)
4S3P 21700  enclosure side 2x1      base=worst west  pack  66.87 x 431.90 (block 6 sec, W 44.10 L 427.90 H 22.55, top Z 51.61)  X spare  -8.87  Y spare -271.90  => NO (width)
4S3P 21700  enclosure side nest3+2  base=nom   east  pack  88.42 x 218.45 (block 3 sec, W 65.65 L 214.45 H 41.21, top Z 50.40)  X spare -30.42  Y spare   21.55  => NO (width)
4S3P 21700  enclosure side nest3+2  base=nom   west  pack  88.42 x 218.45 (block 3 sec, W 65.65 L 214.45 H 41.21, top Z 50.40)  X spare -30.42  Y spare  -58.45  => NO (width)
4S3P 21700  enclosure side nest3+2  base=worst east  pack  88.42 x 218.45 (block 3 sec, W 65.65 L 214.45 H 41.21, top Z 51.61)  X spare -30.42  Y spare   21.55  => NO (width)
4S3P 21700  enclosure side nest3+2  base=worst west  pack  88.42 x 218.45 (block 3 sec, W 65.65 L 214.45 H 41.21, top Z 51.61)  X spare -30.42  Y spare  -58.45  => NO (width)
4S3P 21700  enclosure side nest2+2  base=nom   east  pack  77.65 x 218.45 (block 3 sec, W 54.88 L 214.45 H 41.21, top Z 50.40)  X spare -19.65  Y spare   21.55  => NO (width)
4S3P 21700  enclosure side nest2+2  base=nom   west  pack  77.65 x 218.45 (block 3 sec, W 54.88 L 214.45 H 41.21, top Z 50.40)  X spare -19.65  Y spare  -58.45  => NO (width)
4S3P 21700  enclosure side nest2+2  base=worst east  pack  77.65 x 218.45 (block 3 sec, W 54.88 L 214.45 H 41.21, top Z 51.61)  X spare -19.65  Y spare   21.55  => NO (width)
4S3P 21700  enclosure side nest2+2  base=worst west  pack  77.65 x 218.45 (block 3 sec, W 54.88 L 214.45 H 41.21, top Z 51.61)  X spare -19.65  Y spare  -58.45  => NO (width)
4S3P 21700  enclosure side nest2+1  base=nom   east  pack  66.87 x 289.60 (block 4 sec, W 44.10 L 285.60 H 41.21, top Z 50.40)  X spare  -8.87  Y spare  -49.60  => NO (width)
4S3P 21700  enclosure side nest2+1  base=nom   west  pack  66.87 x 289.60 (block 4 sec, W 44.10 L 285.60 H 41.21, top Z 50.40)  X spare  -8.87  Y spare -129.60  => NO (width)
4S3P 21700  enclosure side nest2+1  base=worst east  pack  66.87 x 289.60 (block 4 sec, W 44.10 L 285.60 H 41.21, top Z 51.61)  X spare  -8.87  Y spare  -49.60  => NO (width)
4S3P 21700  enclosure side nest2+1  base=worst west  pack  66.87 x 289.60 (block 4 sec, W 44.10 L 285.60 H 41.21, top Z 51.61)  X spare  -8.87  Y spare -129.60  => NO (width)
4S3P 21700  stepped   end  3x2      base=nom   east  pack  69.65 x 223.30 (block 2 sec, W 65.65 L 143.30 H 44.10, top Z 49.50)  X spare -11.65  Y spare   16.70  => NO (width)
4S3P 21700  stepped   end  3x2      base=nom   west  pack  69.65 x 223.30 (block 2 sec, W 65.65 L 143.30 H 44.10, top Z 49.50)  X spare -11.65  Y spare  -63.30  => NO (width)
4S3P 21700  stepped   end  3x2      base=worst east  pack  69.65 x 223.30 (block 2 sec, W 65.65 L 143.30 H 44.10, top Z 50.71)  X spare -11.65  Y spare   16.70  => NO (width)
4S3P 21700  stepped   end  3x2      base=worst west  pack  69.65 x 223.30 (block 2 sec, W 65.65 L 143.30 H 44.10, top Z 50.71)  X spare -11.65  Y spare  -63.30  => NO (width)
4S3P 21700  stepped   end  2x2      base=nom   east  pack  48.10 x 294.45 (block 3 sec, W 44.10 L 214.45 H 44.10, top Z 49.50)  X spare   9.90  Y spare  -54.45  => NO (length)
4S3P 21700  stepped   end  2x2      base=nom   west  pack  48.10 x 294.45 (block 3 sec, W 44.10 L 214.45 H 44.10, top Z 49.50)  X spare   9.90  Y spare -134.45  => NO (length)
4S3P 21700  stepped   end  2x2      base=worst east  pack  48.10 x 294.45 (block 3 sec, W 44.10 L 214.45 H 44.10, top Z 50.71)  X spare   9.90  Y spare  -54.45  => NO (length)
4S3P 21700  stepped   end  2x2      base=worst west  pack  48.10 x 294.45 (block 3 sec, W 44.10 L 214.45 H 44.10, top Z 50.71)  X spare   9.90  Y spare -134.45  => NO (length)
4S3P 21700  stepped   end  3x1      base=nom   east  pack  69.65 x 365.60 (block 4 sec, W 65.65 L 285.60 H 22.55, top Z 28.17)  X spare -11.65  Y spare -125.60  => NO (width)
4S3P 21700  stepped   end  3x1      base=nom   west  pack  69.65 x 365.60 (block 4 sec, W 65.65 L 285.60 H 22.55, top Z 28.17)  X spare -11.65  Y spare -205.60  => NO (width)
4S3P 21700  stepped   end  3x1      base=worst east  pack  69.65 x 365.60 (block 4 sec, W 65.65 L 285.60 H 22.55, top Z 29.38)  X spare -11.65  Y spare -125.60  => NO (width)
4S3P 21700  stepped   end  3x1      base=worst west  pack  69.65 x 365.60 (block 4 sec, W 65.65 L 285.60 H 22.55, top Z 29.38)  X spare -11.65  Y spare -205.60  => NO (width)
4S3P 21700  stepped   end  2x1      base=nom   east  pack  48.10 x 507.90 (block 6 sec, W 44.10 L 427.90 H 22.55, top Z 28.17)  X spare   9.90  Y spare -267.90  => NO (length)
4S3P 21700  stepped   end  2x1      base=nom   west  pack  48.10 x 507.90 (block 6 sec, W 44.10 L 427.90 H 22.55, top Z 28.17)  X spare   9.90  Y spare -347.90  => NO (length)
4S3P 21700  stepped   end  2x1      base=worst east  pack  48.10 x 507.90 (block 6 sec, W 44.10 L 427.90 H 22.55, top Z 29.38)  X spare   9.90  Y spare -267.90  => NO (length)
4S3P 21700  stepped   end  2x1      base=worst west  pack  48.10 x 507.90 (block 6 sec, W 44.10 L 427.90 H 22.55, top Z 29.38)  X spare   9.90  Y spare -347.90  => NO (length)
4S3P 21700  stepped   end  nest3+2  base=nom   east  pack  69.65 x 294.45 (block 3 sec, W 65.65 L 214.45 H 41.21, top Z 46.61)  X spare -11.65  Y spare  -54.45  => NO (width)
4S3P 21700  stepped   end  nest3+2  base=nom   west  pack  69.65 x 294.45 (block 3 sec, W 65.65 L 214.45 H 41.21, top Z 46.61)  X spare -11.65  Y spare -134.45  => NO (width)
4S3P 21700  stepped   end  nest3+2  base=worst east  pack  69.65 x 294.45 (block 3 sec, W 65.65 L 214.45 H 41.21, top Z 47.82)  X spare -11.65  Y spare  -54.45  => NO (width)
4S3P 21700  stepped   end  nest3+2  base=worst west  pack  69.65 x 294.45 (block 3 sec, W 65.65 L 214.45 H 41.21, top Z 47.82)  X spare -11.65  Y spare -134.45  => NO (width)
4S3P 21700  stepped   end  nest2+2  base=nom   east  pack  58.88 x 294.45 (block 3 sec, W 54.88 L 214.45 H 41.21, top Z 46.61)  X spare  -0.88  Y spare  -54.45  => NO (width)
4S3P 21700  stepped   end  nest2+2  base=nom   west  pack  58.88 x 294.45 (block 3 sec, W 54.88 L 214.45 H 41.21, top Z 46.61)  X spare  -0.88  Y spare -134.45  => NO (width)
4S3P 21700  stepped   end  nest2+2  base=worst east  pack  58.88 x 294.45 (block 3 sec, W 54.88 L 214.45 H 41.21, top Z 47.82)  X spare  -0.88  Y spare  -54.45  => NO (width)
4S3P 21700  stepped   end  nest2+2  base=worst west  pack  58.88 x 294.45 (block 3 sec, W 54.88 L 214.45 H 41.21, top Z 47.82)  X spare  -0.88  Y spare -134.45  => NO (width)
4S3P 21700  stepped   end  nest2+1  base=nom   east  pack  48.10 x 365.60 (block 4 sec, W 44.10 L 285.60 H 41.21, top Z 46.61)  X spare   9.90  Y spare -125.60  => NO (length)
4S3P 21700  stepped   end  nest2+1  base=nom   west  pack  48.10 x 365.60 (block 4 sec, W 44.10 L 285.60 H 41.21, top Z 46.61)  X spare   9.90  Y spare -205.60  => NO (length)
4S3P 21700  stepped   end  nest2+1  base=worst east  pack  48.10 x 365.60 (block 4 sec, W 44.10 L 285.60 H 41.21, top Z 47.82)  X spare   9.90  Y spare -125.60  => NO (length)
4S3P 21700  stepped   end  nest2+1  base=worst west  pack  48.10 x 365.60 (block 4 sec, W 44.10 L 285.60 H 41.21, top Z 47.82)  X spare   9.90  Y spare -205.60  => NO (length)
4S3P 21700  stepped   side 3x2      base=nom   east  pack  88.42 x 147.30 (block 2 sec, W 65.65 L 143.30 H 44.10, top Z 50.40)  X spare -30.42  Y spare   92.70  => NO (width)
4S3P 21700  stepped   side 3x2      base=nom   west  pack  88.42 x 147.30 (block 2 sec, W 65.65 L 143.30 H 44.10, top Z 50.40)  X spare -30.42  Y spare   12.70  => NO (width)
4S3P 21700  stepped   side 3x2      base=worst east  pack  88.42 x 147.30 (block 2 sec, W 65.65 L 143.30 H 44.10, top Z 51.61)  X spare -30.42  Y spare   92.70  => NO (width)
4S3P 21700  stepped   side 3x2      base=worst west  pack  88.42 x 147.30 (block 2 sec, W 65.65 L 143.30 H 44.10, top Z 51.61)  X spare -30.42  Y spare   12.70  => NO (width)
4S3P 21700  stepped   side 2x2      base=nom   east  pack  66.87 x 218.45 (block 3 sec, W 44.10 L 214.45 H 44.10, top Z 50.40)  X spare  -8.87  Y spare   21.55  => NO (width)
4S3P 21700  stepped   side 2x2      base=nom   west  pack  66.87 x 218.45 (block 3 sec, W 44.10 L 214.45 H 44.10, top Z 50.40)  X spare  -8.87  Y spare  -58.45  => NO (width)
4S3P 21700  stepped   side 2x2      base=worst east  pack  66.87 x 218.45 (block 3 sec, W 44.10 L 214.45 H 44.10, top Z 51.61)  X spare  -8.87  Y spare   21.55  => NO (width)
4S3P 21700  stepped   side 2x2      base=worst west  pack  66.87 x 218.45 (block 3 sec, W 44.10 L 214.45 H 44.10, top Z 51.61)  X spare  -8.87  Y spare  -58.45  => NO (width)
4S3P 21700  stepped   side 3x1      base=nom   east  pack  88.42 x 289.60 (block 4 sec, W 65.65 L 285.60 H 22.55, top Z 50.40)  X spare -30.42  Y spare  -49.60  => NO (width)
4S3P 21700  stepped   side 3x1      base=nom   west  pack  88.42 x 289.60 (block 4 sec, W 65.65 L 285.60 H 22.55, top Z 50.40)  X spare -30.42  Y spare -129.60  => NO (width)
4S3P 21700  stepped   side 3x1      base=worst east  pack  88.42 x 289.60 (block 4 sec, W 65.65 L 285.60 H 22.55, top Z 51.61)  X spare -30.42  Y spare  -49.60  => NO (width)
4S3P 21700  stepped   side 3x1      base=worst west  pack  88.42 x 289.60 (block 4 sec, W 65.65 L 285.60 H 22.55, top Z 51.61)  X spare -30.42  Y spare -129.60  => NO (width)
4S3P 21700  stepped   side 2x1      base=nom   east  pack  66.87 x 431.90 (block 6 sec, W 44.10 L 427.90 H 22.55, top Z 50.40)  X spare  -8.87  Y spare -191.90  => NO (width)
4S3P 21700  stepped   side 2x1      base=nom   west  pack  66.87 x 431.90 (block 6 sec, W 44.10 L 427.90 H 22.55, top Z 50.40)  X spare  -8.87  Y spare -271.90  => NO (width)
4S3P 21700  stepped   side 2x1      base=worst east  pack  66.87 x 431.90 (block 6 sec, W 44.10 L 427.90 H 22.55, top Z 51.61)  X spare  -8.87  Y spare -191.90  => NO (width)
4S3P 21700  stepped   side 2x1      base=worst west  pack  66.87 x 431.90 (block 6 sec, W 44.10 L 427.90 H 22.55, top Z 51.61)  X spare  -8.87  Y spare -271.90  => NO (width)
4S3P 21700  stepped   side nest3+2  base=nom   east  pack  88.42 x 218.45 (block 3 sec, W 65.65 L 214.45 H 41.21, top Z 50.40)  X spare -30.42  Y spare   21.55  => NO (width)
4S3P 21700  stepped   side nest3+2  base=nom   west  pack  88.42 x 218.45 (block 3 sec, W 65.65 L 214.45 H 41.21, top Z 50.40)  X spare -30.42  Y spare  -58.45  => NO (width)
4S3P 21700  stepped   side nest3+2  base=worst east  pack  88.42 x 218.45 (block 3 sec, W 65.65 L 214.45 H 41.21, top Z 51.61)  X spare -30.42  Y spare   21.55  => NO (width)
4S3P 21700  stepped   side nest3+2  base=worst west  pack  88.42 x 218.45 (block 3 sec, W 65.65 L 214.45 H 41.21, top Z 51.61)  X spare -30.42  Y spare  -58.45  => NO (width)
4S3P 21700  stepped   side nest2+2  base=nom   east  pack  77.65 x 218.45 (block 3 sec, W 54.88 L 214.45 H 41.21, top Z 50.40)  X spare -19.65  Y spare   21.55  => NO (width)
4S3P 21700  stepped   side nest2+2  base=nom   west  pack  77.65 x 218.45 (block 3 sec, W 54.88 L 214.45 H 41.21, top Z 50.40)  X spare -19.65  Y spare  -58.45  => NO (width)
4S3P 21700  stepped   side nest2+2  base=worst east  pack  77.65 x 218.45 (block 3 sec, W 54.88 L 214.45 H 41.21, top Z 51.61)  X spare -19.65  Y spare   21.55  => NO (width)
4S3P 21700  stepped   side nest2+2  base=worst west  pack  77.65 x 218.45 (block 3 sec, W 54.88 L 214.45 H 41.21, top Z 51.61)  X spare -19.65  Y spare  -58.45  => NO (width)
4S3P 21700  stepped   side nest2+1  base=nom   east  pack  66.87 x 289.60 (block 4 sec, W 44.10 L 285.60 H 41.21, top Z 50.40)  X spare  -8.87  Y spare  -49.60  => NO (width)
4S3P 21700  stepped   side nest2+1  base=nom   west  pack  66.87 x 289.60 (block 4 sec, W 44.10 L 285.60 H 41.21, top Z 50.40)  X spare  -8.87  Y spare -129.60  => NO (width)
4S3P 21700  stepped   side nest2+1  base=worst east  pack  66.87 x 289.60 (block 4 sec, W 44.10 L 285.60 H 41.21, top Z 51.61)  X spare  -8.87  Y spare  -49.60  => NO (width)
4S3P 21700  stepped   side nest2+1  base=worst west  pack  66.87 x 289.60 (block 4 sec, W 44.10 L 285.60 H 41.21, top Z 51.61)  X spare  -8.87  Y spare -129.60  => NO (width)
4S3P 21700  minimal   end  3x2      base=nom   east  pack  65.65 x 215.30 (block 2 sec, W 65.65 L 143.30 H 44.10, top Z 45.50)  X spare  -7.65  Y spare   24.70  => NO (width)
4S3P 21700  minimal   end  3x2      base=nom   west  pack  65.65 x 215.30 (block 2 sec, W 65.65 L 143.30 H 44.10, top Z 45.50)  X spare  -7.65  Y spare  -55.30  => NO (width)
4S3P 21700  minimal   end  3x2      base=worst east  pack  65.65 x 215.30 (block 2 sec, W 65.65 L 143.30 H 44.10, top Z 46.71)  X spare  -7.65  Y spare   24.70  => NO (width)
4S3P 21700  minimal   end  3x2      base=worst west  pack  65.65 x 215.30 (block 2 sec, W 65.65 L 143.30 H 44.10, top Z 46.71)  X spare  -7.65  Y spare  -55.30  => NO (width)
4S3P 21700  minimal   end  2x2      base=nom   east  pack  44.10 x 286.45 (block 3 sec, W 44.10 L 214.45 H 44.10, top Z 45.50)  X spare  13.90  Y spare  -46.45  => NO (length)
4S3P 21700  minimal   end  2x2      base=nom   west  pack  44.10 x 286.45 (block 3 sec, W 44.10 L 214.45 H 44.10, top Z 45.50)  X spare  13.90  Y spare -126.45  => NO (length)
4S3P 21700  minimal   end  2x2      base=worst east  pack  44.10 x 286.45 (block 3 sec, W 44.10 L 214.45 H 44.10, top Z 46.71)  X spare  13.90  Y spare  -46.45  => NO (length)
4S3P 21700  minimal   end  2x2      base=worst west  pack  44.10 x 286.45 (block 3 sec, W 44.10 L 214.45 H 44.10, top Z 46.71)  X spare  13.90  Y spare -126.45  => NO (length)
4S3P 21700  minimal   end  3x1      base=nom   east  pack  65.65 x 357.60 (block 4 sec, W 65.65 L 285.60 H 22.55, top Z 23.95)  X spare  -7.65  Y spare -117.60  => NO (width)
4S3P 21700  minimal   end  3x1      base=nom   west  pack  65.65 x 357.60 (block 4 sec, W 65.65 L 285.60 H 22.55, top Z 23.95)  X spare  -7.65  Y spare -197.60  => NO (width)
4S3P 21700  minimal   end  3x1      base=worst east  pack  65.65 x 357.60 (block 4 sec, W 65.65 L 285.60 H 22.55, top Z 25.16)  X spare  -7.65  Y spare -117.60  => NO (width)
4S3P 21700  minimal   end  3x1      base=worst west  pack  65.65 x 357.60 (block 4 sec, W 65.65 L 285.60 H 22.55, top Z 25.16)  X spare  -7.65  Y spare -197.60  => NO (width)
4S3P 21700  minimal   end  2x1      base=nom   east  pack  44.10 x 499.90 (block 6 sec, W 44.10 L 427.90 H 22.55, top Z 23.95)  X spare  13.90  Y spare -259.90  => NO (length)
4S3P 21700  minimal   end  2x1      base=nom   west  pack  44.10 x 499.90 (block 6 sec, W 44.10 L 427.90 H 22.55, top Z 23.95)  X spare  13.90  Y spare -339.90  => NO (length)
4S3P 21700  minimal   end  2x1      base=worst east  pack  44.10 x 499.90 (block 6 sec, W 44.10 L 427.90 H 22.55, top Z 25.16)  X spare  13.90  Y spare -259.90  => NO (length)
4S3P 21700  minimal   end  2x1      base=worst west  pack  44.10 x 499.90 (block 6 sec, W 44.10 L 427.90 H 22.55, top Z 25.16)  X spare  13.90  Y spare -339.90  => NO (length)
4S3P 21700  minimal   end  nest3+2  base=nom   east  pack  65.65 x 286.45 (block 3 sec, W 65.65 L 214.45 H 41.21, top Z 42.61)  X spare  -7.65  Y spare  -46.45  => NO (width)
4S3P 21700  minimal   end  nest3+2  base=nom   west  pack  65.65 x 286.45 (block 3 sec, W 65.65 L 214.45 H 41.21, top Z 42.61)  X spare  -7.65  Y spare -126.45  => NO (width)
4S3P 21700  minimal   end  nest3+2  base=worst east  pack  65.65 x 286.45 (block 3 sec, W 65.65 L 214.45 H 41.21, top Z 43.82)  X spare  -7.65  Y spare  -46.45  => NO (width)
4S3P 21700  minimal   end  nest3+2  base=worst west  pack  65.65 x 286.45 (block 3 sec, W 65.65 L 214.45 H 41.21, top Z 43.82)  X spare  -7.65  Y spare -126.45  => NO (width)
4S3P 21700  minimal   end  nest2+2  base=nom   east  pack  54.88 x 286.45 (block 3 sec, W 54.88 L 214.45 H 41.21, top Z 42.61)  X spare   3.12  Y spare  -46.45  => NO (length)
4S3P 21700  minimal   end  nest2+2  base=nom   west  pack  54.88 x 286.45 (block 3 sec, W 54.88 L 214.45 H 41.21, top Z 42.61)  X spare   3.12  Y spare -126.45  => NO (length)
4S3P 21700  minimal   end  nest2+2  base=worst east  pack  54.88 x 286.45 (block 3 sec, W 54.88 L 214.45 H 41.21, top Z 43.82)  X spare   3.12  Y spare  -46.45  => NO (length)
4S3P 21700  minimal   end  nest2+2  base=worst west  pack  54.88 x 286.45 (block 3 sec, W 54.88 L 214.45 H 41.21, top Z 43.82)  X spare   3.12  Y spare -126.45  => NO (length)
4S3P 21700  minimal   end  nest2+1  base=nom   east  pack  44.10 x 357.60 (block 4 sec, W 44.10 L 285.60 H 41.21, top Z 42.61)  X spare  13.90  Y spare -117.60  => NO (length)
4S3P 21700  minimal   end  nest2+1  base=nom   west  pack  44.10 x 357.60 (block 4 sec, W 44.10 L 285.60 H 41.21, top Z 42.61)  X spare  13.90  Y spare -197.60  => NO (length)
4S3P 21700  minimal   end  nest2+1  base=worst east  pack  44.10 x 357.60 (block 4 sec, W 44.10 L 285.60 H 41.21, top Z 43.82)  X spare  13.90  Y spare -117.60  => NO (length)
4S3P 21700  minimal   end  nest2+1  base=worst west  pack  44.10 x 357.60 (block 4 sec, W 44.10 L 285.60 H 41.21, top Z 43.82)  X spare  13.90  Y spare -197.60  => NO (length)
4S3P 21700  minimal   side 3x2      base=nom   east  pack  84.42 x 143.30 (block 2 sec, W 65.65 L 143.30 H 44.10, top Z 46.40)  X spare -26.42  Y spare   96.70  => NO (width)
4S3P 21700  minimal   side 3x2      base=nom   west  pack  84.42 x 143.30 (block 2 sec, W 65.65 L 143.30 H 44.10, top Z 46.40)  X spare -26.42  Y spare   16.70  => NO (width)
4S3P 21700  minimal   side 3x2      base=worst east  pack  84.42 x 143.30 (block 2 sec, W 65.65 L 143.30 H 44.10, top Z 47.61)  X spare -26.42  Y spare   96.70  => NO (width)
4S3P 21700  minimal   side 3x2      base=worst west  pack  84.42 x 143.30 (block 2 sec, W 65.65 L 143.30 H 44.10, top Z 47.61)  X spare -26.42  Y spare   16.70  => NO (width)
4S3P 21700  minimal   side 2x2      base=nom   east  pack  62.87 x 214.45 (block 3 sec, W 44.10 L 214.45 H 44.10, top Z 46.40)  X spare  -4.87  Y spare   25.55  => NO (width)
4S3P 21700  minimal   side 2x2      base=nom   west  pack  62.87 x 214.45 (block 3 sec, W 44.10 L 214.45 H 44.10, top Z 46.40)  X spare  -4.87  Y spare  -54.45  => NO (width)
4S3P 21700  minimal   side 2x2      base=worst east  pack  62.87 x 214.45 (block 3 sec, W 44.10 L 214.45 H 44.10, top Z 47.61)  X spare  -4.87  Y spare   25.55  => NO (width)
4S3P 21700  minimal   side 2x2      base=worst west  pack  62.87 x 214.45 (block 3 sec, W 44.10 L 214.45 H 44.10, top Z 47.61)  X spare  -4.87  Y spare  -54.45  => NO (width)
4S3P 21700  minimal   side 3x1      base=nom   east  pack  84.42 x 285.60 (block 4 sec, W 65.65 L 285.60 H 22.55, top Z 46.40)  X spare -26.42  Y spare  -45.60  => NO (width)
4S3P 21700  minimal   side 3x1      base=nom   west  pack  84.42 x 285.60 (block 4 sec, W 65.65 L 285.60 H 22.55, top Z 46.40)  X spare -26.42  Y spare -125.60  => NO (width)
4S3P 21700  minimal   side 3x1      base=worst east  pack  84.42 x 285.60 (block 4 sec, W 65.65 L 285.60 H 22.55, top Z 47.61)  X spare -26.42  Y spare  -45.60  => NO (width)
4S3P 21700  minimal   side 3x1      base=worst west  pack  84.42 x 285.60 (block 4 sec, W 65.65 L 285.60 H 22.55, top Z 47.61)  X spare -26.42  Y spare -125.60  => NO (width)
4S3P 21700  minimal   side 2x1      base=nom   east  pack  62.87 x 427.90 (block 6 sec, W 44.10 L 427.90 H 22.55, top Z 46.40)  X spare  -4.87  Y spare -187.90  => NO (width)
4S3P 21700  minimal   side 2x1      base=nom   west  pack  62.87 x 427.90 (block 6 sec, W 44.10 L 427.90 H 22.55, top Z 46.40)  X spare  -4.87  Y spare -267.90  => NO (width)
4S3P 21700  minimal   side 2x1      base=worst east  pack  62.87 x 427.90 (block 6 sec, W 44.10 L 427.90 H 22.55, top Z 47.61)  X spare  -4.87  Y spare -187.90  => NO (width)
4S3P 21700  minimal   side 2x1      base=worst west  pack  62.87 x 427.90 (block 6 sec, W 44.10 L 427.90 H 22.55, top Z 47.61)  X spare  -4.87  Y spare -267.90  => NO (width)
4S3P 21700  minimal   side nest3+2  base=nom   east  pack  84.42 x 214.45 (block 3 sec, W 65.65 L 214.45 H 41.21, top Z 46.40)  X spare -26.42  Y spare   25.55  => NO (width)
4S3P 21700  minimal   side nest3+2  base=nom   west  pack  84.42 x 214.45 (block 3 sec, W 65.65 L 214.45 H 41.21, top Z 46.40)  X spare -26.42  Y spare  -54.45  => NO (width)
4S3P 21700  minimal   side nest3+2  base=worst east  pack  84.42 x 214.45 (block 3 sec, W 65.65 L 214.45 H 41.21, top Z 47.61)  X spare -26.42  Y spare   25.55  => NO (width)
4S3P 21700  minimal   side nest3+2  base=worst west  pack  84.42 x 214.45 (block 3 sec, W 65.65 L 214.45 H 41.21, top Z 47.61)  X spare -26.42  Y spare  -54.45  => NO (width)
4S3P 21700  minimal   side nest2+2  base=nom   east  pack  73.65 x 214.45 (block 3 sec, W 54.88 L 214.45 H 41.21, top Z 46.40)  X spare -15.65  Y spare   25.55  => NO (width)
4S3P 21700  minimal   side nest2+2  base=nom   west  pack  73.65 x 214.45 (block 3 sec, W 54.88 L 214.45 H 41.21, top Z 46.40)  X spare -15.65  Y spare  -54.45  => NO (width)
4S3P 21700  minimal   side nest2+2  base=worst east  pack  73.65 x 214.45 (block 3 sec, W 54.88 L 214.45 H 41.21, top Z 47.61)  X spare -15.65  Y spare   25.55  => NO (width)
4S3P 21700  minimal   side nest2+2  base=worst west  pack  73.65 x 214.45 (block 3 sec, W 54.88 L 214.45 H 41.21, top Z 47.61)  X spare -15.65  Y spare  -54.45  => NO (width)
4S3P 21700  minimal   side nest2+1  base=nom   east  pack  62.87 x 285.60 (block 4 sec, W 44.10 L 285.60 H 41.21, top Z 46.40)  X spare  -4.87  Y spare  -45.60  => NO (width)
4S3P 21700  minimal   side nest2+1  base=nom   west  pack  62.87 x 285.60 (block 4 sec, W 44.10 L 285.60 H 41.21, top Z 46.40)  X spare  -4.87  Y spare -125.60  => NO (width)
4S3P 21700  minimal   side nest2+1  base=worst east  pack  62.87 x 285.60 (block 4 sec, W 44.10 L 285.60 H 41.21, top Z 47.61)  X spare  -4.87  Y spare  -45.60  => NO (width)
4S3P 21700  minimal   side nest2+1  base=worst west  pack  62.87 x 285.60 (block 4 sec, W 44.10 L 285.60 H 41.21, top Z 47.61)  X spare  -4.87  Y spare -125.60  => NO (width)
4S3P 21700  minimal   top  3x1      base=nom   east  pack  65.65 x 285.60 (block 4 sec, W 65.65 L 285.60 H 22.55, top Z 42.22)  X spare  -7.65  Y spare  -45.60  => NO (width)
4S3P 21700  minimal   top  3x1      base=nom   west  pack  65.65 x 285.60 (block 4 sec, W 65.65 L 285.60 H 22.55, top Z 42.22)  X spare  -7.65  Y spare -125.60  => NO (width)
4S3P 21700  minimal   top  3x1      base=worst east  pack  65.65 x 285.60 (block 4 sec, W 65.65 L 285.60 H 22.55, top Z 43.43)  X spare  -7.65  Y spare  -45.60  => NO (width)
4S3P 21700  minimal   top  3x1      base=worst west  pack  65.65 x 285.60 (block 4 sec, W 65.65 L 285.60 H 22.55, top Z 43.43)  X spare  -7.65  Y spare -125.60  => NO (width)
4S3P 21700  minimal   top  2x1      base=nom   east  pack  44.10 x 427.90 (block 6 sec, W 44.10 L 427.90 H 22.55, top Z 42.22)  X spare  13.90  Y spare -187.90  => NO (length)
4S3P 21700  minimal   top  2x1      base=nom   west  pack  44.10 x 427.90 (block 6 sec, W 44.10 L 427.90 H 22.55, top Z 42.22)  X spare  13.90  Y spare -267.90  => NO (length)
4S3P 21700  minimal   top  2x1      base=worst east  pack  44.10 x 427.90 (block 6 sec, W 44.10 L 427.90 H 22.55, top Z 43.43)  X spare  13.90  Y spare -187.90  => NO (length)
4S3P 21700  minimal   top  2x1      base=worst west  pack  44.10 x 427.90 (block 6 sec, W 44.10 L 427.90 H 22.55, top Z 43.43)  X spare  13.90  Y spare -267.90  => NO (length)

SUMMARY: best result per configuration, packaging and pocket (nominal base)
  4S3P 18650  enclosure east NO: nearest 3x2 end X spare -2.65 Y spare 26.50
  4S3P 18650  enclosure west NO: nearest 3x2 side X spare -21.42 Y spare 22.50
  4S3P 18650  stepped   east NO: nearest 3x2 end X spare -2.65 Y spare 26.50
  4S3P 18650  stepped   west NO: nearest 3x2 side X spare -21.42 Y spare 22.50
  4S3P 18650  minimal   east FITS: 39.50)  X spare   1.35  Y spare   34.50  Z clear   4.53 at WIFISW: six U.FL (mated 2.5 max, Hirose U.FL catalogue Sep 2  [origin X 120.00 Y -120.00]  => FITS | ends free S 0.0 N 34.5 chase blocked | with an RF path kept: Z clear 4.53 at WIFISW: six U.FL (mated 2.5 max, Hirose  [X 120.00 Y -120.00, S 0.0 N 34.5 chase blocked]  | worst base: Z clear 3.32
  4S3P 18650  minimal   west NO: nearest 3x2 side X spare -17.42 Y spare 26.50
  4S4P 18650  enclosure east NO: nearest 3x2 side X spare -21.42 Y spare 36.25
  4S4P 18650  enclosure west NO: nearest 3x2 side X spare -21.42 Y spare -43.75
  4S4P 18650  stepped   east NO: nearest 3x2 side X spare -21.42 Y spare 36.25
  4S4P 18650  stepped   west NO: nearest 3x2 side X spare -21.42 Y spare -43.75
  4S4P 18650  minimal   east NO: nearest 3x2 side X spare -17.42 Y spare 40.25
  4S4P 18650  minimal   west NO: nearest 3x2 side X spare -17.42 Y spare -39.75
  4S2P 21700  enclosure east NO: best height -18.50 (2x2 end at J_AB2 mated IDC socket plus ribbon leaving for A's)
  4S2P 21700  enclosure west NO: nearest 2x2 side X spare -8.87 Y spare 12.70
  4S2P 21700  stepped   east NO: best height -5.47 (2x2 end at WIFISW: six U.FL (mated 2.5 max, Hirose U.FL catal)
  4S2P 21700  stepped   west NO: nearest 2x2 side X spare -8.87 Y spare 12.70
  4S2P 21700  minimal   east FITS: 42.61)  X spare   3.12  Y spare   24.70  Z clear   1.42 at WIFISW: six U.FL (mated 2.5 max, Hirose U.FL catalogue Sep 2  [origin X 120.00 Y -120.00]  => FITS | ends free S 0.0 N 24.7 chase blocked | with an RF path kept: Z clear 1.42 at WIFISW: six U.FL (mated 2.5 max, Hirose  [X 120.00 Y -120.00, S 0.0 N 24.7 chase blocked]  | worst base: Z clear 0.21
  4S2P 21700  minimal   west NO: nearest 2x2 side X spare -4.87 Y spare 16.70
  4S3P 21700  enclosure east NO: nearest 2x2 side X spare -8.87 Y spare 21.55
  4S3P 21700  enclosure west NO: nearest 3x2 side X spare -30.42 Y spare 12.70
  4S3P 21700  stepped   east NO: nearest 2x2 side X spare -8.87 Y spare 21.55
  4S3P 21700  stepped   west NO: nearest 3x2 side X spare -30.42 Y spare 12.70
  4S3P 21700  minimal   east NO: nearest 2x2 side X spare -4.87 Y spare 25.55
  4S3P 21700  minimal   west NO: nearest 3x2 side X spare -26.42 Y spare 16.70
