ISO-10303-21;
HEADER;
FILE_DESCRIPTION (( 'STEP AP214' ),
    '1' );
FILE_NAME ('1550-PF.STEP',
    '2008-04-16T17:25:34',
    ( ' ' ),
    ( ' ' ),
    'SwSTEP 2.0',
    'SolidWorks 2007',
    '' );
FILE_SCHEMA (( 'AUTOMOTIVE_DESIGN' ));
ENDSEC;

DATA;
#1 = CARTESIAN_POINT ( 'NONE',  ( -6.549846144486267900, -6.776587580127698900, 0.3649999999999999900 ) ) ;
#2 = VECTOR ( 'NONE', #67, 39.37007874015748100 ) ;
#3 = CARTESIAN_POINT ( 'NONE',  ( -6.376089190714619500, -6.741307035380048200, 0.3649999999999999400 ) ) ;
#4 = CARTESIAN_POINT ( 'NONE',  ( -6.648953692730758600, -6.634066016620922200, 0.3649999999999998800 ) ) ;
#5 = CARTESIAN_POINT ( 'NONE',  ( -6.653040839391106700, -6.637792315758433800, 0.3450000000000003100 ) ) ;
#6 = CARTESIAN_POINT ( 'NONE',  ( -6.653040839391106700, -6.637792315758433800, 0.3649999999999999400 ) ) ;
#7 = CARTESIAN_POINT ( 'NONE',  ( -6.656792545909794100, -6.641959394851906700, 0.3450000000000002000 ) ) ;
#8 = CARTESIAN_POINT ( 'NONE',  ( -6.681117425972059800, -6.717256218602451600, 0.3649999999999999400 ) ) ;
#9 = CARTESIAN_POINT ( 'NONE',  ( -6.640151108211013800, -6.627695459986235900, 0.3450000000000002000 ) ) ;
#10 = CARTESIAN_POINT ( 'NONE',  ( -6.640151108211013800, -6.627695459986235900, 0.3649999999999998800 ) ) ;
#11 = CARTESIAN_POINT ( 'NONE',  ( -6.644670043379523600, -6.630671318250471700, 0.3450000000000004200 ) ) ;
#12 = CARTESIAN_POINT ( 'NONE',  ( -6.644670043379523600, -6.630671318250471700, 0.3650000000000000500 ) ) ;
#13 = CARTESIAN_POINT ( 'NONE',  ( -6.648953692730758600, -6.634066016620922200, 0.3450000000000002000 ) ) ;
#14 = CARTESIAN_POINT ( 'NONE',  ( -6.669520334223522100, -6.662296863943001100, 0.3450000000000001400 ) ) ;
#15 = CARTESIAN_POINT ( 'NONE',  ( -6.669520334223522100, -6.662296863943001100, 0.3649999999999997700 ) ) ;
#16 = CARTESIAN_POINT ( 'NONE',  ( -6.672073106123532300, -6.668358499259930700, 0.3450000000000003100 ) ) ;
#17 = CARTESIAN_POINT ( 'NONE',  ( -6.672073106123532300, -6.668358499259930700, 0.3649999999999999400 ) ) ;
#18 = CARTESIAN_POINT ( 'NONE',  ( -6.681581548771845300, -6.727652832071111500, 0.3450000000000003100 ) ) ;
#19 = CARTESIAN_POINT ( 'NONE',  ( -6.610397748820788300, -6.617999762420425600, 0.3649999999999999900 ) ) ;
#20 = CARTESIAN_POINT ( 'NONE',  ( -6.615677838126141600, -6.618625512381037800, 0.3450000000000002000 ) ) ;
#21 = CARTESIAN_POINT ( 'NONE',  ( -6.615677838126141600, -6.618625512381037800, 0.3649999999999998800 ) ) ;
#22 = CARTESIAN_POINT ( 'NONE',  ( -6.620824729397599900, -6.619620026810281400, 0.3450000000000004200 ) ) ;
#23 = CARTESIAN_POINT ( 'NONE',  ( -6.620824729397599900, -6.619620026810281400, 0.3650000000000000500 ) ) ;
#24 = CARTESIAN_POINT ( 'NONE',  ( -6.674335468646839700, -6.674935061957765600, 0.3450000000000003600 ) ) ;
#25 = CARTESIAN_POINT ( 'NONE',  ( -6.674335468646839700, -6.674935061957765600, 0.3649999999999999900 ) ) ;
#26 = CARTESIAN_POINT ( 'NONE',  ( -6.676287497389484600, -6.682115155247905700, 0.3450000000000002000 ) ) ;
#27 = CARTESIAN_POINT ( 'NONE',  ( -6.676287497389484600, -6.682115155247905700, 0.3649999999999998800 ) ) ;
#28 = CARTESIAN_POINT ( 'NONE',  ( -6.678003987583619700, -6.689922192917546100, 0.3450000000000003600 ) ) ;
#29 = CARTESIAN_POINT ( 'NONE',  ( -6.678003987583619700, -6.689922192917546100, 0.3649999999999999900 ) ) ;
#30 = CARTESIAN_POINT ( 'NONE',  ( -6.679289807717307100, -6.698392308451442300, 0.3450000000000002000 ) ) ;
#31 = CARTESIAN_POINT ( 'NONE',  ( -6.679289807717307100, -6.698392308451442300, 0.3649999999999998800 ) ) ;
#32 = CARTESIAN_POINT ( 'NONE',  ( -6.548630147417886100, -6.646843268301430500, 0.3450000000000005300 ) ) ;
#33 = CARTESIAN_POINT ( 'NONE',  ( -6.548630147417886100, -6.646843268301430500, 0.3649999999999999900 ) ) ;
#34 = CARTESIAN_POINT ( 'NONE',  ( -6.604337721697526800, -6.641413872986886300, 0.3450000000000000300 ) ) ;
#35 = CARTESIAN_POINT ( 'NONE',  ( -6.601833562998679700, -6.641546701119679600, 0.3449999999999999200 ) ) ;
#36 = CARTESIAN_POINT ( 'NONE',  ( -6.596819824933130700, -6.641812644913845700, 0.3449999999999999200 ) ) ;
#37 = CARTESIAN_POINT ( 'NONE',  ( -6.589403294654783100, -6.643698902168785600, 0.3450000000000000800 ) ) ;
#38 = CARTESIAN_POINT ( 'NONE',  ( -6.555171555832143500, -6.795982015347998800, 0.3450000000000000300 ) ) ;
#39 = CARTESIAN_POINT ( 'NONE',  ( -6.555764388928639400, -6.797581168822350900, 0.3449999999999999200 ) ) ;
#40 = CARTESIAN_POINT ( 'NONE',  ( -6.556923909794428500, -6.800708949359695100, 0.3449999999999998600 ) ) ;
#41 = CARTESIAN_POINT ( 'NONE',  ( -6.558959128978933100, -6.805189431246806600, 0.3449999999999999200 ) ) ;
#42 = CARTESIAN_POINT ( 'NONE',  ( -6.561189453470881000, -6.809351266532076800, 0.3449999999999998600 ) ) ;
#43 = CARTESIAN_POINT ( 'NONE',  ( -6.563642131044832500, -6.813206012519650300, 0.3449999999999999200 ) ) ;
#44 = CARTESIAN_POINT ( 'NONE',  ( -6.566316314517455200, -6.816735133085504800, 0.3449999999999999200 ) ) ;
#45 = CARTESIAN_POINT ( 'NONE',  ( -6.569135853402964500, -6.820006052968664400, 0.3449999999999999200 ) ) ;
#46 = CARTESIAN_POINT ( 'NONE',  ( -6.572207799183711800, -6.822927250179628100, 0.3449999999999999200 ) ) ;
#47 = CARTESIAN_POINT ( 'NONE',  ( -6.576495346674875900, -6.826353509846081000, 0.3449999999999999200 ) ) ;
#48 = CARTESIAN_POINT ( 'NONE',  ( -6.582131009431231300, -6.829951263177102700, 0.3449999999999998600 ) ) ;
#49 = CARTESIAN_POINT ( 'NONE',  ( -6.589322277115190500, -6.832993911594369900, 0.3450000000000000300 ) ) ;
#50 = CARTESIAN_POINT ( 'NONE',  ( -6.596729847035355500, -6.835010495589110700, 0.3449999999999999200 ) ) ;
#51 = CARTESIAN_POINT ( 'NONE',  ( -6.681581548771845300, -6.727652832071111500, 0.3649999999999999400 ) ) ;
#52 = CARTESIAN_POINT ( 'NONE',  ( -6.605026323460347000, -6.617909599482613800, 0.3450000000000003100 ) ) ;
#53 = CARTESIAN_POINT ( 'NONE',  ( -6.605026323460347000, -6.617909599482613800, 0.3649999999999999400 ) ) ;
#54 = CARTESIAN_POINT ( 'NONE',  ( -6.606833785828054100, -6.617939938937435200, 0.3450000000000002000 ) ) ;
#55 = CARTESIAN_POINT ( 'NONE',  ( -6.606833785828054100, -6.617939938937435200, 0.3649999999999998800 ) ) ;
#56 = CARTESIAN_POINT ( 'NONE',  ( -6.610397748820788300, -6.617999762420425600, 0.3450000000000003600 ) ) ;
#57 = CARTESIAN_POINT ( 'NONE',  ( -6.601800017005780700, -6.835219512796387100, 0.3449999999999999200 ) ) ;
#58 = CARTESIAN_POINT ( 'NONE',  ( -6.604337721697526800, -6.835324129397142700, 0.3449999999999999200 ) ) ;
#59 = CARTESIAN_POINT ( 'NONE',  ( -6.582276496316882900, -6.646983565016781400, 0.3449999999999999200 ) ) ;
#60 = CARTESIAN_POINT ( 'NONE',  ( -6.576549013056145500, -6.650552783173418800, 0.3449999999999999200 ) ) ;
#61 = CARTESIAN_POINT ( 'NONE',  ( -6.572174078270070800, -6.654053308532569500, 0.3450000000000000300 ) ) ;
#62 = CARTESIAN_POINT ( 'NONE',  ( -6.569050577669359300, -6.657120014777771800, 0.3449999999999998600 ) ) ;
#63 = CARTESIAN_POINT ( 'NONE',  ( -6.566054547662379700, -6.660500851326152500, 0.3450000000000000300 ) ) ;
#64 = CARTESIAN_POINT ( 'NONE',  ( -6.563304830318819500, -6.664300601159620600, 0.3450000000000000300 ) ) ;
#65 = CARTESIAN_POINT ( 'NONE',  ( -6.560728850288747100, -6.668443079477126100, 0.3449999999999998600 ) ) ;
#66 = B_SPLINE_CURVE_WITH_KNOTS ( 'NONE', 3,
 ( #58, #57, #50, #49, #48, #47, #46, #45, #44, #43, #42, #41, #40, #39, #38 ),
 .UNSPECIFIED., .F., .F.,
 ( 4, 1, 1, 1, 1, 1, 1, 1, 1, 1, 1, 1, 4 ),
 ( 0.0000000000000000000, 0.1128134007444532300, 0.2253938839207322300, 0.3395948145626906900, 0.4596754102248624100, 0.5217351900879384500, 0.5839258387389140200, 0.6481741447653678300, 0.7138810381130691300, 0.7810044549073935600, 0.8514509275565551600, 0.9240506926641863800, 1.000000000000000000 ),
 .UNSPECIFIED. ) ;
#67 = DIRECTION ( 'NONE',  ( 0.0000000000000000000, -1.000000000000000000, 0.0000000000000000000 ) ) ;
#68 = CARTESIAN_POINT ( 'NONE',  ( -6.656792545909794100, -6.641959394851906700, 0.3649999999999998800 ) ) ;
#69 = CARTESIAN_POINT ( 'NONE',  ( -6.660355241075899700, -6.646470946296644500, 0.3450000000000003100 ) ) ;
#70 = CARTESIAN_POINT ( 'NONE',  ( -6.660355241075899700, -6.646470946296644500, 0.3649999999999999400 ) ) ;
#71 = CARTESIAN_POINT ( 'NONE',  ( -6.663627538946131200, -6.651390682574140500, 0.3450000000000003100 ) ) ;
#72 = CARTESIAN_POINT ( 'NONE',  ( -6.625846920687992600, -6.621074308444196500, 0.3450000000000001400 ) ) ;
#73 = CARTESIAN_POINT ( 'NONE',  ( -6.625846920687992600, -6.621074308444196500, 0.3649999999999997700 ) ) ;
#74 = CARTESIAN_POINT ( 'NONE',  ( -6.630761968377738600, -6.622834991744529300, 0.3450000000000003600 ) ) ;
#75 = CARTESIAN_POINT ( 'NONE',  ( -6.630761968377738600, -6.622834991744529300, 0.3649999999999999900 ) ) ;
#76 = CARTESIAN_POINT ( 'NONE',  ( -6.635525695546879100, -6.625074268767345000, 0.3450000000000002000 ) ) ;
#77 = CARTESIAN_POINT ( 'NONE',  ( -6.635525695546879100, -6.625074268767345000, 0.3649999999999998800 ) ) ;
#78 = CARTESIAN_POINT ( 'NONE',  ( -6.663627538946131200, -6.651390682574140500, 0.3649999999999999400 ) ) ;
#79 = CARTESIAN_POINT ( 'NONE',  ( -6.666741900485765100, -6.656638071001149900, 0.3450000000000002000 ) ) ;
#80 = CARTESIAN_POINT ( 'NONE',  ( -6.666741900485765100, -6.656638071001149900, 0.3649999999999998800 ) ) ;
#81 = CARTESIAN_POINT ( 'NONE',  ( -6.551269950386507700, -6.783344903956968400, 0.3650000000000000500 ) ) ;
#82 = CARTESIAN_POINT ( 'NONE',  ( -6.553077864178045600, -6.789785381176524300, 0.3649999999999999400 ) ) ;
#83 = CARTESIAN_POINT ( 'NONE',  ( -6.554480666274218800, -6.793937210978178600, 0.3649999999999999400 ) ) ;
#84 = CARTESIAN_POINT ( 'NONE',  ( -6.555171555832143500, -6.795982015347998800, 0.3649999999999999900 ) ) ;
#85 = LINE ( 'NONE', #3, #2 ) ;
#86 = B_SPLINE_CURVE_WITH_KNOTS ( 'NONE', 3,
 ( #84, #83, #82, #81, #1, #8962, #8961, #8960, #8959, #8958, #8957 ),
 .UNSPECIFIED., .F., .F.,
 ( 4, 1, 1, 1, 1, 1, 1, 1, 4 ),
 ( 0.0000000000000000000, 0.1105883385953464100, 0.2245417540536028300, 0.3425034940500996700, 0.4643240984173639400, 0.5907560327017757900, 0.7222274753555236700, 0.8588428362087283700, 1.000000000000000000 ),
 .UNSPECIFIED. ) ;
#87 = CARTESIAN_POINT ( 'NONE',  ( -6.555171555832143500, -6.795982015347998800, 0.3649999999999999900 ) ) ;
#88 = CARTESIAN_POINT ( 'NONE',  ( -6.680346421415836600, -6.707502866346817200, 0.3450000000000003100 ) ) ;
#89 = CARTESIAN_POINT ( 'NONE',  ( -6.680346421415836600, -6.707502866346817200, 0.3649999999999999400 ) ) ;
#90 = CARTESIAN_POINT ( 'NONE',  ( -6.546495173620604300, -6.738369001192015000, 0.3650000000000000500 ) ) ;
#91 = CARTESIAN_POINT ( 'NONE',  ( -6.604337721697526800, -6.641413872986886300, 0.3649999999999999400 ) ) ;
#92 = B_SPLINE_SURFACE_WITH_KNOTS ( 'NONE', 3, 1, ( 
 ( #121, #120 ),
 ( #119, #118 ),
 ( #117, #116 ),
 ( #115, #114 ),
 ( #113, #112 ),
 ( #111, #110 ),
 ( #135, #134 ),
 ( #133, #132 ),
 ( #131, #130 ),
 ( #129, #128 ),
 ( #127, #126 ),
 ( #125, #124 ),
 ( #8901, #8900 ),
 ( #33, #32 ),
 ( #171, #170 ),
 ( #165, #164 ),
 ( #156, #148 ),
 ( #147, #146 ),
 ( #143, #140 ),
 ( #136, #142 ),
 ( #141, #169 ),
 ( #159, #158 ),
 ( #157, #168 ),
 ( #167, #166 ),
 ( #163, #162 ),
 ( #161, #160 ),
 ( #151, #150 ) ),
 .UNSPECIFIED., .F., .F., .F.,
 ( 4, 1, 1, 1, 1, 1, 1, 1, 1, 1, 1, 1, 1, 1, 1, 1, 1, 1, 1, 1, 1, 1, 1, 1, 4 ),
 ( 2, 2 ),
 ( 0.0000000000000000000, 0.03378811616270710500, 0.06719393237387774600, 0.09986241085682580300, 0.1325666121262530900, 0.1651511732547825700, 0.1979131873557871400, 0.2313190035669627500, 0.2650832782673729900, 0.2992553087581109600, 0.3343985665049769000, 0.3699428235093051300, 0.4062835607000571100, 0.4440638196985058400, 0.4829977068727734400, 0.5233544466133028800, 0.5655365896041466600, 0.6096129240658154600, 0.6563908113764120900, 0.7058854949364530300, 0.7583245002617276000, 0.8138317829411483300, 0.8727945590393886300, 0.9347222295400697800, 1.000000000000000000 ),
 ( 0.0000000000000000000, 1.000000000000000000 ),
 .UNSPECIFIED. ) ;
#93 = CARTESIAN_POINT ( 'NONE',  ( -6.566054547662379700, -6.660500851326152500, 0.3649999999999999900 ) ) ;
#94 = CARTESIAN_POINT ( 'NONE',  ( -6.563304830318819500, -6.664300601159620600, 0.3649999999999999900 ) ) ;
#95 = FACE_OUTER_BOUND ( 'NONE', #4456, .T. ) ;
#96 = CARTESIAN_POINT ( 'NONE',  ( -6.601833562998679700, -6.641546701119679600, 0.3649999999999999400 ) ) ;
#97 = CARTESIAN_POINT ( 'NONE',  ( -6.596819824933130700, -6.641812644913845700, 0.3649999999999999400 ) ) ;
#98 = CARTESIAN_POINT ( 'NONE',  ( -6.589403294654783100, -6.643698902168785600, 0.3650000000000000500 ) ) ;
#99 = CARTESIAN_POINT ( 'NONE',  ( -6.582276496316882900, -6.646983565016781400, 0.3649999999999999400 ) ) ;
#100 = CARTESIAN_POINT ( 'NONE',  ( -6.706565959999257300, -6.794557956768533000, 0.3450000000000001400 ) ) ;
#101 = CARTESIAN_POINT ( 'NONE',  ( -6.706565959999257300, -6.794557956768533000, 0.3649999999999999400 ) ) ;
#102 = CARTESIAN_POINT ( 'NONE',  ( -6.705718978590290600, -6.789165152221473300, 0.3450000000000000800 ) ) ;
#103 = CARTESIAN_POINT ( 'NONE',  ( -6.705718978590290600, -6.789165152221473300, 0.3649999999999998800 ) ) ;
#104 = CARTESIAN_POINT ( 'NONE',  ( -6.705279071065732800, -6.783655710509935800, 0.3450000000000000800 ) ) ;
#105 = CARTESIAN_POINT ( 'NONE',  ( -6.705279071065732800, -6.783655710509935800, 0.3649999999999998800 ) ) ;
#106 = B_SPLINE_SURFACE_WITH_KNOTS ( 'NONE', 3, 1, ( 
 ( #137, #245 ),
 ( #223, #222 ),
 ( #216, #195 ),
 ( #187, #186 ),
 ( #172, #227 ),
 ( #226, #225 ),
 ( #224, #194 ),
 ( #193, #192 ),
 ( #191, #190 ),
 ( #189, #188 ),
 ( #231, #230 ),
 ( #229, #228 ),
 ( #249, #248 ),
 ( #247, #246 ),
 ( #236, #235 ),
 ( #234, #233 ),
 ( #232, #221 ),
 ( #220, #219 ),
 ( #218, #217 ),
 ( #215, #214 ),
 ( #213, #212 ),
 ( #211, #210 ),
 ( #209, #208 ),
 ( #207, #206 ),
 ( #205, #204 ),
 ( #203, #202 ),
 ( #201, #200 ) ),
 .UNSPECIFIED., .F., .F., .F.,
 ( 4, 1, 1, 1, 1, 1, 1, 1, 1, 1, 1, 1, 1, 1, 1, 1, 1, 1, 1, 1, 1, 1, 1, 1, 4 ),
 ( 2, 2 ),
 ( 0.0000000000000000000, 0.03378714634699001000, 0.06662165772429357000, 0.09928487809597699700, 0.1313611650426498300, 0.1635851875953464300, 0.1961039269870707400, 0.2289022543238172500, 0.2621580559050126200, 0.2959912222583185900, 0.3302178457247989500, 0.3650598258919547900, 0.4009507373401088900, 0.4376203820767419200, 0.4757075294370963200, 0.5153806916250519600, 0.5564135414931695700, 0.5997648298727345000, 0.6464241555840918300, 0.6964314445175698900, 0.7497815178015566600, 0.8065733069755337500, 0.8674355315654043200, 0.9318867532508736700, 1.000000000000000000 ),
 ( 0.0000000000000000000, 1.000000000000000000 ),
 .UNSPECIFIED. ) ;
#107 = CARTESIAN_POINT ( 'NONE',  ( -6.576549013056145500, -6.650552783173418800, 0.3649999999999999400 ) ) ;
#108 = CARTESIAN_POINT ( 'NONE',  ( -6.572174078270070800, -6.654053308532569500, 0.3649999999999999900 ) ) ;
#109 = CARTESIAN_POINT ( 'NONE',  ( -6.569050577669359300, -6.657120014777771800, 0.3649999999999998800 ) ) ;
#110 = CARTESIAN_POINT ( 'NONE',  ( -6.583897177546750100, -6.621063847275682000, 0.3450000000000004700 ) ) ;
#111 = CARTESIAN_POINT ( 'NONE',  ( -6.583897177546750100, -6.621063847275682000, 0.3649999999999999400 ) ) ;
#112 = CARTESIAN_POINT ( 'NONE',  ( -6.588985865199955300, -6.619628545368483300, 0.3450000000000004700 ) ) ;
#113 = CARTESIAN_POINT ( 'NONE',  ( -6.588985865199955300, -6.619628545368483300, 0.3649999999999999400 ) ) ;
#114 = CARTESIAN_POINT ( 'NONE',  ( -6.594220665788411900, -6.618615555165709100, 0.3450000000000004700 ) ) ;
#115 = CARTESIAN_POINT ( 'NONE',  ( -6.594220665788411900, -6.618615555165709100, 0.3649999999999999400 ) ) ;
#116 = CARTESIAN_POINT ( 'NONE',  ( -6.599579261786654000, -6.618005058928322800, 0.3450000000000004700 ) ) ;
#117 = CARTESIAN_POINT ( 'NONE',  ( -6.599579261786654000, -6.618005058928322800, 0.3649999999999999400 ) ) ;
#118 = CARTESIAN_POINT ( 'NONE',  ( -6.603203762369111600, -6.617941539761973000, 0.3450000000000004700 ) ) ;
#119 = CARTESIAN_POINT ( 'NONE',  ( -6.603203762369111600, -6.617941539761973000, 0.3649999999999999400 ) ) ;
#120 = CARTESIAN_POINT ( 'NONE',  ( -6.605026323460347000, -6.617909599482613800, 0.3450000000000004700 ) ) ;
#121 = CARTESIAN_POINT ( 'NONE',  ( -6.605026323460347000, -6.617909599482613800, 0.3649999999999999400 ) ) ;
#122 = CARTESIAN_POINT ( 'NONE',  ( -6.560728850288747100, -6.668443079477126100, 0.3649999999999998800 ) ) ;
#123 = CARTESIAN_POINT ( 'NONE',  ( -6.555171555832143500, -6.795982015347998800, 0.3450000000000000300 ) ) ;
#124 = CARTESIAN_POINT ( 'NONE',  ( -6.556249113513839400, -6.637978343213882600, 0.3450000000000005300 ) ) ;
#125 = CARTESIAN_POINT ( 'NONE',  ( -6.556249113513839400, -6.637978343213882600, 0.3649999999999999900 ) ) ;
#126 = CARTESIAN_POINT ( 'NONE',  ( -6.560403444422728800, -6.634130787518426300, 0.3450000000000004200 ) ) ;
#127 = CARTESIAN_POINT ( 'NONE',  ( -6.560403444422728800, -6.634130787518426300, 0.3649999999999998800 ) ) ;
#128 = CARTESIAN_POINT ( 'NONE',  ( -6.564804401379910300, -6.630727186100778600, 0.3450000000000004700 ) ) ;
#129 = CARTESIAN_POINT ( 'NONE',  ( -6.564804401379910300, -6.630727186100778600, 0.3649999999999999400 ) ) ;
#130 = CARTESIAN_POINT ( 'NONE',  ( -6.569343884491333400, -6.627674432229514200, 0.3450000000000005300 ) ) ;
#131 = CARTESIAN_POINT ( 'NONE',  ( -6.569343884491333400, -6.627674432229514200, 0.3649999999999999900 ) ) ;
#132 = CARTESIAN_POINT ( 'NONE',  ( -6.574071729122658200, -6.625076411153386000, 0.3450000000000005300 ) ) ;
#133 = CARTESIAN_POINT ( 'NONE',  ( -6.574071729122658200, -6.625076411153386000, 0.3649999999999999900 ) ) ;
#134 = CARTESIAN_POINT ( 'NONE',  ( -6.578912803432790400, -6.622844516580764600, 0.3450000000000004200 ) ) ;
#135 = CARTESIAN_POINT ( 'NONE',  ( -6.578912803432790400, -6.622844516580764600, 0.3649999999999998800 ) ) ;
#136 = CARTESIAN_POINT ( 'NONE',  ( -6.531679083740554500, -6.683445044567385200, 0.3649999999999999400 ) ) ;
#137 = CARTESIAN_POINT ( 'NONE',  ( -6.605026323460347000, -6.858828402901416200, 0.3649999999999999400 ) ) ;
#138 = CARTESIAN_POINT ( 'NONE',  ( -6.707703132410833800, -6.799834839567497000, 0.3450000000000002000 ) ) ;
#139 = CARTESIAN_POINT ( 'NONE',  ( -6.707703132410833800, -6.799834839567497000, 0.3649999999999999900 ) ) ;
#140 = CARTESIAN_POINT ( 'NONE',  ( -6.533857230752432500, -6.676192590009655700, 0.3450000000000005300 ) ) ;
#141 = CARTESIAN_POINT ( 'NONE',  ( -6.529919151274336600, -6.691274306801831000, 0.3649999999999999900 ) ) ;
#142 = CARTESIAN_POINT ( 'NONE',  ( -6.531679083740554500, -6.683445044567385200, 0.3450000000000004700 ) ) ;
#143 = CARTESIAN_POINT ( 'NONE',  ( -6.533857230752432500, -6.676192590009655700, 0.3649999999999999900 ) ) ;
#144 = CARTESIAN_POINT ( 'NONE',  ( -6.709179124063332700, -6.804985810364933700, 0.3450000000000000300 ) ) ;
#145 = CARTESIAN_POINT ( 'NONE',  ( -6.709179124063332700, -6.804985810364933700, 0.3649999999999997700 ) ) ;
#146 = CARTESIAN_POINT ( 'NONE',  ( -6.536272450122262400, -6.669431279016359700, 0.3450000000000004700 ) ) ;
#147 = CARTESIAN_POINT ( 'NONE',  ( -6.536272450122262400, -6.669431279016359700, 0.3649999999999999400 ) ) ;
#148 = CARTESIAN_POINT ( 'NONE',  ( -6.539070553854195100, -6.663199224574389800, 0.3450000000000005300 ) ) ;
#149 = LINE ( 'NONE', #155, #154 ) ;
#150 = CARTESIAN_POINT ( 'NONE',  ( -6.525928934304364900, -6.738460814760391500, 0.3450000000000004700 ) ) ;
#151 = CARTESIAN_POINT ( 'NONE',  ( -6.525928934304364900, -6.738460814760391500, 0.3649999999999999400 ) ) ;
#152 = FACE_OUTER_BOUND ( 'NONE', #4520, .T. ) ;
#153 = DIRECTION ( 'NONE',  ( 0.0000000000000000000, 0.0000000000000000000, -1.000000000000000000 ) ) ;
#154 = VECTOR ( 'NONE', #153, 39.37007874015748100 ) ;
#155 = CARTESIAN_POINT ( 'NONE',  ( -6.605026323460347000, -6.858828402901416200, 0.3649999999999999400 ) ) ;
#156 = CARTESIAN_POINT ( 'NONE',  ( -6.539070553854195100, -6.663199224574389800, 0.3649999999999999900 ) ) ;
#157 = CARTESIAN_POINT ( 'NONE',  ( -6.527317509303377300, -6.708570741408305300, 0.3649999999999999400 ) ) ;
#158 = CARTESIAN_POINT ( 'NONE',  ( -6.528453187014104500, -6.699639299053298000, 0.3450000000000004700 ) ) ;
#159 = CARTESIAN_POINT ( 'NONE',  ( -6.528453187014104500, -6.699639299053298000, 0.3649999999999999400 ) ) ;
#160 = CARTESIAN_POINT ( 'NONE',  ( -6.525971159829613700, -6.734940920626320900, 0.3450000000000004200 ) ) ;
#161 = CARTESIAN_POINT ( 'NONE',  ( -6.525971159829613700, -6.734940920626320900, 0.3649999999999998800 ) ) ;
#162 = CARTESIAN_POINT ( 'NONE',  ( -6.526053443837193800, -6.728081775739721800, 0.3450000000000004700 ) ) ;
#163 = CARTESIAN_POINT ( 'NONE',  ( -6.526053443837193800, -6.728081775739721800, 0.3649999999999999400 ) ) ;
#164 = CARTESIAN_POINT ( 'NONE',  ( -6.541975865728708200, -6.657323989379553300, 0.3450000000000004200 ) ) ;
#165 = CARTESIAN_POINT ( 'NONE',  ( -6.541975865728708200, -6.657323989379553300, 0.3649999999999998800 ) ) ;
#166 = CARTESIAN_POINT ( 'NONE',  ( -6.526490372024428100, -6.718049488257293000, 0.3450000000000005300 ) ) ;
#167 = CARTESIAN_POINT ( 'NONE',  ( -6.526490372024428100, -6.718049488257293000, 0.3649999999999999900 ) ) ;
#168 = CARTESIAN_POINT ( 'NONE',  ( -6.527317509303377300, -6.708570741408305300, 0.3450000000000004700 ) ) ;
#169 = CARTESIAN_POINT ( 'NONE',  ( -6.529919151274336600, -6.691274306801831000, 0.3450000000000005300 ) ) ;
#170 = CARTESIAN_POINT ( 'NONE',  ( -6.545221745220316300, -6.651903601236961400, 0.3450000000000004700 ) ) ;
#171 = CARTESIAN_POINT ( 'NONE',  ( -6.545221745220316300, -6.651903601236961400, 0.3649999999999999400 ) ) ;
#172 = CARTESIAN_POINT ( 'NONE',  ( -6.620804049555181900, -6.857113244133179500, 0.3650000000000000500 ) ) ;
#173 = CARTESIAN_POINT ( 'NONE',  ( -6.558357187512204000, -6.672946841217157800, 0.3649999999999999400 ) ) ;
#174 = CARTESIAN_POINT ( 'NONE',  ( -6.556136514435815200, -6.677799529609905500, 0.3649999999999998800 ) ) ;
#175 = CARTESIAN_POINT ( 'NONE',  ( -6.554119167109353100, -6.683024572464124600, 0.3649999999999999900 ) ) ;
#176 = CARTESIAN_POINT ( 'NONE',  ( -6.552356562795577800, -6.688646330790477100, 0.3649999999999998800 ) ) ;
#177 = CARTESIAN_POINT ( 'NONE',  ( -6.550706483419435100, -6.694600933606032800, 0.3649999999999999900 ) ) ;
#178 = CARTESIAN_POINT ( 'NONE',  ( -6.549478293683223200, -6.700981608354955400, 0.3649999999999998800 ) ) ;
#179 = CARTESIAN_POINT ( 'NONE',  ( -6.548339189921243500, -6.707709306746323800, 0.3649999999999999900 ) ) ;
#180 = CARTESIAN_POINT ( 'NONE',  ( -6.718251697169114000, -6.824320277065965000, 0.3450000000000002000 ) ) ;
#181 = CARTESIAN_POINT ( 'NONE',  ( -6.718251697169114000, -6.824320277065965000, 0.3649999999999999900 ) ) ;
#182 = CARTESIAN_POINT ( 'NONE',  ( -6.715551034916801500, -6.819723946237740400, 0.3450000000000000800 ) ) ;
#183 = CARTESIAN_POINT ( 'NONE',  ( -6.715551034916801500, -6.819723946237740400, 0.3649999999999998800 ) ) ;
#184 = CARTESIAN_POINT ( 'NONE',  ( -6.713152552012940300, -6.814922878706421500, 0.3450000000000001400 ) ) ;
#185 = CARTESIAN_POINT ( 'NONE',  ( -6.713152552012940300, -6.814922878706421500, 0.3649999999999999400 ) ) ;
#186 = CARTESIAN_POINT ( 'NONE',  ( -6.615678413377563200, -6.858114735414934800, 0.3450000000000000800 ) ) ;
#187 = CARTESIAN_POINT ( 'NONE',  ( -6.615678413377563200, -6.858114735414934800, 0.3649999999999998800 ) ) ;
#188 = CARTESIAN_POINT ( 'NONE',  ( -6.644485530211992100, -6.846249787237690400, 0.3450000000000001400 ) ) ;
#189 = CARTESIAN_POINT ( 'NONE',  ( -6.644485530211992100, -6.846249787237690400, 0.3649999999999999400 ) ) ;
#190 = CARTESIAN_POINT ( 'NONE',  ( -6.640014059282235000, -6.849182820784244900, 0.3450000000000001400 ) ) ;
#191 = CARTESIAN_POINT ( 'NONE',  ( -6.640014059282235000, -6.849182820784244900, 0.3649999999999999400 ) ) ;
#192 = CARTESIAN_POINT ( 'NONE',  ( -6.635411889516774400, -6.851758265775410800, 0.3450000000000002000 ) ) ;
#193 = CARTESIAN_POINT ( 'NONE',  ( -6.635411889516774400, -6.851758265775410800, 0.3649999999999999900 ) ) ;
#194 = CARTESIAN_POINT ( 'NONE',  ( -6.630691299319074100, -6.853994518868462100, 0.3450000000000000800 ) ) ;
#195 = CARTESIAN_POINT ( 'NONE',  ( -6.610397599807122900, -6.858737658309998200, 0.3450000000000001400 ) ) ;
#196 = DIRECTION ( 'NONE',  ( 0.0000000000000000000, 0.0000000000000000000, -1.000000000000000000 ) ) ;
#197 = VECTOR ( 'NONE', #196, 39.37007874015748100 ) ;
#198 = CARTESIAN_POINT ( 'NONE',  ( -6.605026323460347000, -6.617909599482613800, 0.3649999999999999400 ) ) ;
#199 = LINE ( 'NONE', #198, #197 ) ;
#200 = CARTESIAN_POINT ( 'NONE',  ( -6.681644746270176700, -6.738460814760391500, 0.3450000000000001400 ) ) ;
#201 = CARTESIAN_POINT ( 'NONE',  ( -6.681644746270176700, -6.738460814760391500, 0.3649999999999999400 ) ) ;
#202 = CARTESIAN_POINT ( 'NONE',  ( -6.681623380933743300, -6.742103277203401700, 0.3450000000000001400 ) ) ;
#203 = CARTESIAN_POINT ( 'NONE',  ( -6.681623380933743300, -6.742103277203401700, 0.3649999999999999400 ) ) ;
#204 = CARTESIAN_POINT ( 'NONE',  ( -6.681581798941948600, -6.749192369569367900, 0.3450000000000001400 ) ) ;
#205 = CARTESIAN_POINT ( 'NONE',  ( -6.681581798941948600, -6.749192369569367900, 0.3649999999999999400 ) ) ;
#206 = CARTESIAN_POINT ( 'NONE',  ( -6.681114212838417100, -6.759527472534770700, 0.3450000000000000800 ) ) ;
#207 = CARTESIAN_POINT ( 'NONE',  ( -6.681114212838417100, -6.759527472534770700, 0.3649999999999998800 ) ) ;
#208 = CARTESIAN_POINT ( 'NONE',  ( -6.680357679633046600, -6.769237969916056300, 0.3450000000000000800 ) ) ;
#209 = CARTESIAN_POINT ( 'NONE',  ( -6.680357679633046600, -6.769237969916056300, 0.3649999999999998800 ) ) ;
#210 = CARTESIAN_POINT ( 'NONE',  ( -6.679249535505196200, -6.778317810596081300, 0.3450000000000000800 ) ) ;
#211 = CARTESIAN_POINT ( 'NONE',  ( -6.679249535505196200, -6.778317810596081300, 0.3649999999999998800 ) ) ;
#212 = CARTESIAN_POINT ( 'NONE',  ( -6.677875651525072300, -6.786771923918458100, 0.3450000000000002000 ) ) ;
#213 = CARTESIAN_POINT ( 'NONE',  ( -6.677875651525072300, -6.786771923918458100, 0.3649999999999999900 ) ) ;
#214 = CARTESIAN_POINT ( 'NONE',  ( -6.676270557881197800, -6.794636638187830300, 0.3450000000000002000 ) ) ;
#215 = CARTESIAN_POINT ( 'NONE',  ( -6.676270557881197800, -6.794636638187830300, 0.3649999999999999900 ) ) ;
#216 = CARTESIAN_POINT ( 'NONE',  ( -6.610397599807122900, -6.858737658309998200, 0.3649999999999999400 ) ) ;
#217 = CARTESIAN_POINT ( 'NONE',  ( -6.674237672230912500, -6.801848786780254800, 0.3450000000000002000 ) ) ;
#218 = CARTESIAN_POINT ( 'NONE',  ( -6.674237672230912500, -6.801848786780254800, 0.3649999999999999900 ) ) ;
#219 = CARTESIAN_POINT ( 'NONE',  ( -6.671936271643627200, -6.808472026104404900, 0.3450000000000001400 ) ) ;
#220 = CARTESIAN_POINT ( 'NONE',  ( -6.671936271643627200, -6.808472026104404900, 0.3649999999999999400 ) ) ;
#221 = CARTESIAN_POINT ( 'NONE',  ( -6.669340566897474800, -6.814582127398611400, 0.3450000000000002000 ) ) ;
#222 = CARTESIAN_POINT ( 'NONE',  ( -6.606833735685572000, -6.858797867722564900, 0.3450000000000001400 ) ) ;
#223 = CARTESIAN_POINT ( 'NONE',  ( -6.606833735685572000, -6.858797867722564900, 0.3649999999999999400 ) ) ;
#224 = CARTESIAN_POINT ( 'NONE',  ( -6.630691299319074100, -6.853994518868462100, 0.3649999999999998800 ) ) ;
#225 = CARTESIAN_POINT ( 'NONE',  ( -6.625799801307641300, -6.855710966484353200, 0.3450000000000001400 ) ) ;
#226 = CARTESIAN_POINT ( 'NONE',  ( -6.625799801307641300, -6.855710966484353200, 0.3649999999999999400 ) ) ;
#227 = CARTESIAN_POINT ( 'NONE',  ( -6.620804049555181900, -6.857113244133179500, 0.3450000000000003100 ) ) ;
#228 = CARTESIAN_POINT ( 'NONE',  ( -6.652808258961336200, -6.839172729559333400, 0.3450000000000000800 ) ) ;
#229 = CARTESIAN_POINT ( 'NONE',  ( -6.652808258961336200, -6.839172729559333400, 0.3649999999999998800 ) ) ;
#230 = CARTESIAN_POINT ( 'NONE',  ( -6.648742278851504900, -6.842889438937621800, 0.3450000000000002000 ) ) ;
#231 = CARTESIAN_POINT ( 'NONE',  ( -6.648742278851504900, -6.842889438937621800, 0.3649999999999999900 ) ) ;
#232 = CARTESIAN_POINT ( 'NONE',  ( -6.669340566897474800, -6.814582127398611400, 0.3649999999999999900 ) ) ;
#233 = CARTESIAN_POINT ( 'NONE',  ( -6.666500808595400500, -6.820268250704477200, 0.3450000000000001400 ) ) ;
#234 = CARTESIAN_POINT ( 'NONE',  ( -6.666500808595400500, -6.820268250704477200, 0.3649999999999999400 ) ) ;
#235 = CARTESIAN_POINT ( 'NONE',  ( -6.663430671056636900, -6.825567132272926300, 0.3450000000000001400 ) ) ;
#236 = CARTESIAN_POINT ( 'NONE',  ( -6.663430671056636900, -6.825567132272926300, 0.3649999999999999400 ) ) ;
#237 = CARTESIAN_POINT ( 'NONE',  ( -6.710965907354559300, -6.810025612788717100, 0.3450000000000003100 ) ) ;
#238 = CARTESIAN_POINT ( 'NONE',  ( -6.710965907354559300, -6.810025612788717100, 0.3650000000000000500 ) ) ;
#239 = CARTESIAN_POINT ( 'NONE',  ( -6.547566628567019500, -6.714840349599342100, 0.3649999999999999400 ) ) ;
#240 = CARTESIAN_POINT ( 'NONE',  ( -6.546871037380041600, -6.722335262516014400, 0.3649999999999999400 ) ) ;
#241 = CARTESIAN_POINT ( 'NONE',  ( -6.546601669137706900, -6.730226333868889000, 0.3649999999999998800 ) ) ;
#242 = CARTESIAN_POINT ( 'NONE',  ( -6.546531197915618000, -6.735614576800951900, 0.3649999999999999400 ) ) ;
#243 = CARTESIAN_POINT ( 'NONE',  ( -6.546495173620604300, -6.738369001192015000, 0.3650000000000000500 ) ) ;
#244 = B_SPLINE_CURVE_WITH_KNOTS ( 'NONE', 3,
 ( #243, #242, #241, #240, #239, #179, #178, #177, #176, #175, #174, #173, #122, #94, #93, #109, #108, #107, #99, #98, #97, #96, #91 ),
 .UNSPECIFIED., .F., .F.,
 ( 4, 1, 1, 1, 1, 1, 1, 1, 1, 1, 1, 1, 1, 1, 1, 1, 1, 1, 1, 1, 4 ),
 ( 0.0000000000000000000, 0.06568119799063737400, 0.1284864641740669500, 0.1881751303280131400, 0.2451061306699911200, 0.2994484245294748400, 0.3508229360093850800, 0.3999416805337820400, 0.4466717436323712200, 0.4912545333735012200, 0.5333763442704383400, 0.5738527549682289600, 0.6125263117194568200, 0.6495971364453277900, 0.6855320415538492800, 0.7201057860682039700, 0.7538376629736541800, 0.8189254160467208700, 0.8804934616501638400, 0.9403113338460625800, 1.000000000000000000 ),
 .UNSPECIFIED. ) ;
#245 = CARTESIAN_POINT ( 'NONE',  ( -6.605026323460347000, -6.858828402901416200, 0.3450000000000001400 ) ) ;
#246 = CARTESIAN_POINT ( 'NONE',  ( -6.660093081948584600, -6.830457761235190400, 0.3450000000000000300 ) ) ;
#247 = CARTESIAN_POINT ( 'NONE',  ( -6.660093081948584600, -6.830457761235190400, 0.3649999999999997700 ) ) ;
#248 = CARTESIAN_POINT ( 'NONE',  ( -6.656581325687927400, -6.835006910962484000, 0.3450000000000002000 ) ) ;
#249 = CARTESIAN_POINT ( 'NONE',  ( -6.656581325687927400, -6.835006910962484000, 0.3649999999999999900 ) ) ;
#250 = CARTESIAN_POINT ( 'NONE',  ( -6.596819824933130700, -6.641812644913845700, 0.3449999999999999200 ) ) ;
#251 = CARTESIAN_POINT ( 'NONE',  ( -6.596819824933130700, -6.641812644913845700, 0.3649999999999999400 ) ) ;
#252 = CARTESIAN_POINT ( 'NONE',  ( -6.589403294654783100, -6.643698902168785600, 0.3450000000000000800 ) ) ;
#253 = CARTESIAN_POINT ( 'NONE',  ( -6.589403294654783100, -6.643698902168785600, 0.3650000000000000500 ) ) ;
#254 = CARTESIAN_POINT ( 'NONE',  ( -6.582276496316882900, -6.646983565016781400, 0.3449999999999999200 ) ) ;
#255 = CARTESIAN_POINT ( 'NONE',  ( -6.582276496316882900, -6.646983565016781400, 0.3649999999999999400 ) ) ;
#256 = CARTESIAN_POINT ( 'NONE',  ( -6.576549013056145500, -6.650552783173418800, 0.3449999999999999200 ) ) ;
#257 = CARTESIAN_POINT ( 'NONE',  ( -6.576549013056145500, -6.650552783173418800, 0.3649999999999999400 ) ) ;
#258 = CARTESIAN_POINT ( 'NONE',  ( -6.563304830318819500, -6.664300601159620600, 0.3649999999999999900 ) ) ;
#259 = CARTESIAN_POINT ( 'NONE',  ( -6.560728850288747100, -6.668443079477126100, 0.3449999999999998600 ) ) ;
#260 = CARTESIAN_POINT ( 'NONE',  ( -6.560728850288747100, -6.668443079477126100, 0.3649999999999998800 ) ) ;
#261 = CARTESIAN_POINT ( 'NONE',  ( -6.558357187512204000, -6.672946841217157800, 0.3449999999999999200 ) ) ;
#262 = CARTESIAN_POINT ( 'NONE',  ( -6.558357187512204000, -6.672946841217157800, 0.3649999999999999400 ) ) ;
#263 = CARTESIAN_POINT ( 'NONE',  ( -6.572174078270070800, -6.654053308532569500, 0.3450000000000000300 ) ) ;
#264 = CARTESIAN_POINT ( 'NONE',  ( -6.572174078270070800, -6.654053308532569500, 0.3649999999999999900 ) ) ;
#265 = CARTESIAN_POINT ( 'NONE',  ( -6.569050577669359300, -6.657120014777771800, 0.3449999999999998600 ) ) ;
#266 = CARTESIAN_POINT ( 'NONE',  ( -6.569050577669359300, -6.657120014777771800, 0.3649999999999998800 ) ) ;
#267 = CARTESIAN_POINT ( 'NONE',  ( -6.566054547662379700, -6.660500851326152500, 0.3450000000000000300 ) ) ;
#268 = CARTESIAN_POINT ( 'NONE',  ( -6.566054547662379700, -6.660500851326152500, 0.3649999999999999900 ) ) ;
#269 = CARTESIAN_POINT ( 'NONE',  ( -6.563304830318819500, -6.664300601159620600, 0.3450000000000000300 ) ) ;
#270 = DIRECTION ( 'NONE',  ( -1.000000000000000000, 0.0000000000000000000, 0.0000000000000000000 ) ) ;
#271 = VECTOR ( 'NONE', #270, 39.37007874015748100 ) ;
#272 = CARTESIAN_POINT ( 'NONE',  ( -6.223311412936843600, -6.852952334525348900, 0.3649999999999999400 ) ) ;
#273 = DIRECTION ( 'NONE',  ( 0.0000000000000000000, 0.0000000000000000000, -1.000000000000000000 ) ) ;
#274 = DIRECTION ( 'NONE',  ( 0.0000000000000000000, 0.0000000000000000000, 1.000000000000000000 ) ) ;
#275 = DIRECTION ( 'NONE',  ( 0.0000000000000000000, 1.000000000000000000, 0.0000000000000000000 ) ) ;
#276 = AXIS2_PLACEMENT_3D ( 'NONE', #296, #275, #274 ) ;
#277 = CARTESIAN_POINT ( 'NONE',  ( -6.681623268890818100, -6.734787771515885700, 0.3649999999999999400 ) ) ;
#278 = CARTESIAN_POINT ( 'NONE',  ( -6.681644746270176700, -6.738460814760391500, 0.3649999999999999400 ) ) ;
#279 = B_SPLINE_CURVE_WITH_KNOTS ( 'NONE', 3,
 ( #278, #277, #324, #323, #322, #321, #320, #319, #285, #284, #283, #282, #281, #313, #312, #311, #310, #318, #317, #316, #315, #314, #328, #327, #326, #325, #309 ),
 .UNSPECIFIED., .F., .F.,
 ( 4, 1, 1, 1, 1, 1, 1, 1, 1, 1, 1, 1, 1, 1, 1, 1, 1, 1, 1, 1, 1, 1, 1, 1, 4 ),
 ( 0.0000000000000000000, 0.06859462225874493600, 0.1332460424433026000, 0.1943125864682587700, 0.2512792231169680400, 0.3045134392563457200, 0.3542349066533239700, 0.4004805887739899000, 0.4434107549384935200, 0.4840148686163448500, 0.5232523007732049500, 0.5610423727283604400, 0.5979002393643994000, 0.6335184888561969900, 0.6683143511696498800, 0.7024956712863819100, 0.7366853535134566500, 0.7702931693607887300, 0.8034372550192467900, 0.8359129516660291900, 0.8684602457892882700, 0.9008465382431781700, 0.9334665246307083400, 0.9662575752981242800, 1.000000000000000000 ),
 .UNSPECIFIED. ) ;
#280 = PLANE ( 'NONE',  #276 ) ;
#281 = CARTESIAN_POINT ( 'NONE',  ( -6.663627538946131200, -6.651390682574140500, 0.3649999999999999400 ) ) ;
#282 = CARTESIAN_POINT ( 'NONE',  ( -6.666741900485765100, -6.656638071001149900, 0.3649999999999998800 ) ) ;
#283 = CARTESIAN_POINT ( 'NONE',  ( -6.669520334223522100, -6.662296863943001100, 0.3649999999999997700 ) ) ;
#284 = CARTESIAN_POINT ( 'NONE',  ( -6.672073106123532300, -6.668358499259930700, 0.3649999999999999400 ) ) ;
#285 = CARTESIAN_POINT ( 'NONE',  ( -6.674335468646839700, -6.674935061957765600, 0.3649999999999999900 ) ) ;
#286 = CARTESIAN_POINT ( 'NONE',  ( -6.556136514435815200, -6.677799529609905500, 0.3449999999999998600 ) ) ;
#287 = DIRECTION ( 'NONE',  ( 1.000000000000000000, 0.0000000000000000000, 0.0000000000000000000 ) ) ;
#288 = CARTESIAN_POINT ( 'NONE',  ( -6.285010130885559900, -6.623785667858680200, 0.3649999999999999400 ) ) ;
#289 = AXIS2_PLACEMENT_3D ( 'NONE', #288, #287, #273 ) ;
#290 = LINE ( 'NONE', #272, #271 ) ;
#291 = CARTESIAN_POINT ( 'NONE',  ( -6.705192566369730900, -6.779945895847232500, 0.3450000000000001400 ) ) ;
#292 = CARTESIAN_POINT ( 'NONE',  ( -6.705192566369730900, -6.779945895847232500, 0.3649999999999999400 ) ) ;
#293 = CARTESIAN_POINT ( 'NONE',  ( -6.705149019774450100, -6.778078369514664900, 0.3450000000000001400 ) ) ;
#294 = CARTESIAN_POINT ( 'NONE',  ( -6.705149019774450100, -6.778078369514664900, 0.3649999999999999400 ) ) ;
#295 = B_SPLINE_SURFACE_WITH_KNOTS ( 'NONE', 3, 1, ( 
 ( #294, #293 ),
 ( #292, #291 ),
 ( #105, #104 ),
 ( #103, #102 ),
 ( #101, #100 ),
 ( #139, #138 ),
 ( #145, #144 ),
 ( #238, #237 ),
 ( #185, #184 ),
 ( #183, #182 ),
 ( #181, #180 ),
 ( #372, #371 ),
 ( #356, #347 ),
 ( #417, #404 ),
 ( #400, #423 ),
 ( #408, #407 ),
 ( #406, #405 ),
 ( #399, #398 ),
 ( #397, #403 ),
 ( #402, #401 ),
 ( #358, #357 ),
 ( #346, #345 ),
 ( #344, #343 ),
 ( #370, #369 ),
 ( #390, #389 ),
 ( #388, #387 ),
 ( #386, #385 ) ),
 .UNSPECIFIED., .F., .F., .F.,
 ( 4, 1, 1, 1, 1, 1, 1, 1, 1, 1, 1, 1, 1, 1, 1, 1, 1, 1, 1, 1, 1, 1, 1, 1, 4 ),
 ( 2, 2 ),
 ( 0.0000000000000000000, 0.04401447057613610400, 0.08743412366770336700, 0.1301183986578975900, 0.1725536945581802000, 0.2145547559681368600, 0.2562980920971248400, 0.2984382251332464700, 0.3408490025880958600, 0.3827151889670244400, 0.4239240454075334800, 0.4642462432504144700, 0.5040736714617964900, 0.5438619058684893700, 0.5835667249796506800, 0.6230943188523335700, 0.6632290607685833500, 0.7035512586114697200, 0.7439378946861808800, 0.7845412548000887400, 0.8257501112405970500, 0.8677573633885061800, 0.9107451640323087600, 0.9549144468914728700, 1.000000000000000000 ),
 ( 0.0000000000000000000, 1.000000000000000000 ),
 .UNSPECIFIED. ) ;
#296 = CARTESIAN_POINT ( 'NONE',  ( -6.854988763364192800, -6.794191650764664000, 0.3649999999999999400 ) ) ;
#297 = PLANE ( 'NONE',  #289 ) ;
#298 = FACE_OUTER_BOUND ( 'NONE', #4482, .T. ) ;
#299 = DIRECTION ( 'NONE',  ( 0.0000000000000000000, 0.0000000000000000000, -1.000000000000000000 ) ) ;
#300 = VECTOR ( 'NONE', #299, 39.37007874015748100 ) ;
#301 = CARTESIAN_POINT ( 'NONE',  ( -6.285010130885559900, -6.717802761875773900, 0.3649999999999999400 ) ) ;
#302 = LINE ( 'NONE', #301, #300 ) ;
#303 = CARTESIAN_POINT ( 'NONE',  ( -6.223311412936843600, -6.747183103756118100, 0.3649999999999999400 ) ) ;
#304 = DIRECTION ( 'NONE',  ( 0.0000000000000000000, -1.000000000000000000, 0.0000000000000000000 ) ) ;
#305 = VECTOR ( 'NONE', #304, 39.37007874015748100 ) ;
#306 = CARTESIAN_POINT ( 'NONE',  ( -6.223311412936843600, -6.747183103756118100, 0.3649999999999999400 ) ) ;
#307 = LINE ( 'NONE', #306, #305 ) ;
#308 = FACE_OUTER_BOUND ( 'NONE', #4405, .T. ) ;
#309 = CARTESIAN_POINT ( 'NONE',  ( -6.605026323460347000, -6.617909599482613800, 0.3649999999999999400 ) ) ;
#310 = CARTESIAN_POINT ( 'NONE',  ( -6.648953692730758600, -6.634066016620922200, 0.3649999999999998800 ) ) ;
#311 = CARTESIAN_POINT ( 'NONE',  ( -6.653040839391106700, -6.637792315758433800, 0.3649999999999999400 ) ) ;
#312 = CARTESIAN_POINT ( 'NONE',  ( -6.656792545909794100, -6.641959394851906700, 0.3649999999999998800 ) ) ;
#313 = CARTESIAN_POINT ( 'NONE',  ( -6.660355241075899700, -6.646470946296644500, 0.3649999999999999400 ) ) ;
#314 = CARTESIAN_POINT ( 'NONE',  ( -6.625846920687992600, -6.621074308444196500, 0.3649999999999997700 ) ) ;
#315 = CARTESIAN_POINT ( 'NONE',  ( -6.630761968377738600, -6.622834991744529300, 0.3649999999999999900 ) ) ;
#316 = CARTESIAN_POINT ( 'NONE',  ( -6.635525695546879100, -6.625074268767345000, 0.3649999999999998800 ) ) ;
#317 = CARTESIAN_POINT ( 'NONE',  ( -6.640151108211013800, -6.627695459986235900, 0.3649999999999998800 ) ) ;
#318 = CARTESIAN_POINT ( 'NONE',  ( -6.644670043379523600, -6.630671318250471700, 0.3650000000000000500 ) ) ;
#319 = CARTESIAN_POINT ( 'NONE',  ( -6.676287497389484600, -6.682115155247905700, 0.3649999999999998800 ) ) ;
#320 = CARTESIAN_POINT ( 'NONE',  ( -6.678003987583619700, -6.689922192917546100, 0.3649999999999999900 ) ) ;
#321 = CARTESIAN_POINT ( 'NONE',  ( -6.679289807717307100, -6.698392308451442300, 0.3649999999999998800 ) ) ;
#322 = CARTESIAN_POINT ( 'NONE',  ( -6.680346421415836600, -6.707502866346817200, 0.3649999999999999400 ) ) ;
#323 = CARTESIAN_POINT ( 'NONE',  ( -6.681117425972059800, -6.717256218602451600, 0.3649999999999999400 ) ) ;
#324 = CARTESIAN_POINT ( 'NONE',  ( -6.681581548771845300, -6.727652832071111500, 0.3649999999999999400 ) ) ;
#325 = CARTESIAN_POINT ( 'NONE',  ( -6.606833785828054100, -6.617939938937435200, 0.3649999999999998800 ) ) ;
#326 = CARTESIAN_POINT ( 'NONE',  ( -6.610397748820788300, -6.617999762420425600, 0.3649999999999999900 ) ) ;
#327 = CARTESIAN_POINT ( 'NONE',  ( -6.615677838126141600, -6.618625512381037800, 0.3649999999999998800 ) ) ;
#328 = CARTESIAN_POINT ( 'NONE',  ( -6.620824729397599900, -6.619620026810281400, 0.3650000000000000500 ) ) ;
#329 = AXIS2_PLACEMENT_3D ( 'NONE', #336, #335, #334 ) ;
#330 = PLANE ( 'NONE',  #329 ) ;
#331 = FACE_OUTER_BOUND ( 'NONE', #4491, .T. ) ;
#332 = FACE_OUTER_BOUND ( 'NONE', #4268, .T. ) ;
#333 = CARTESIAN_POINT ( 'NONE',  ( -6.713963122338552300, -6.647289941362954500, 0.3649999999999999400 ) ) ;
#334 = DIRECTION ( 'NONE',  ( 0.0000000000000000000, 0.0000000000000000000, 1.000000000000000000 ) ) ;
#335 = DIRECTION ( 'NONE',  ( 0.0000000000000000000, 1.000000000000000000, 0.0000000000000000000 ) ) ;
#336 = CARTESIAN_POINT ( 'NONE',  ( -6.376089190714619500, -6.717802761875773900, 0.3649999999999999400 ) ) ;
#337 = CARTESIAN_POINT ( 'NONE',  ( -6.660655382206680700, -6.720674262234679100, 0.3649999999999999400 ) ) ;
#338 = CARTESIAN_POINT ( 'NONE',  ( -6.660139341566949900, -6.712602533064903700, 0.3450000000000002000 ) ) ;
#339 = CARTESIAN_POINT ( 'NONE',  ( -6.660139341566949900, -6.712602533064903700, 0.3649999999999999900 ) ) ;
#340 = CARTESIAN_POINT ( 'NONE',  ( -6.854988763364192800, -6.794191650764664000, 0.3649999999999999400 ) ) ;
#341 = CARTESIAN_POINT ( 'NONE',  ( -6.854627486508189100, -6.796524694922700500, 0.3649999999999998800 ) ) ;
#342 = CARTESIAN_POINT ( 'NONE',  ( -6.853916191119857600, -6.801118079532914300, 0.3649999999999999400 ) ) ;
#343 = CARTESIAN_POINT ( 'NONE',  ( -6.768347163581477600, -6.857475254600173800, 0.3450000000000001400 ) ) ;
#344 = CARTESIAN_POINT ( 'NONE',  ( -6.768347163581477600, -6.857475254600173800, 0.3649999999999999400 ) ) ;
#345 = CARTESIAN_POINT ( 'NONE',  ( -6.763102925850682300, -6.856366575435218100, 0.3450000000000001400 ) ) ;
#346 = CARTESIAN_POINT ( 'NONE',  ( -6.763102925850682300, -6.856366575435218100, 0.3649999999999999400 ) ) ;
#347 = CARTESIAN_POINT ( 'NONE',  ( -6.724415887551103300, -6.832683764853161500, 0.3450000000000001400 ) ) ;
#348 = CARTESIAN_POINT ( 'NONE',  ( -6.549478293683223200, -6.700981608354955400, 0.3649999999999998800 ) ) ;
#349 = CARTESIAN_POINT ( 'NONE',  ( -6.548339189921243500, -6.707709306746323800, 0.3450000000000000300 ) ) ;
#350 = CARTESIAN_POINT ( 'NONE',  ( -6.548339189921243500, -6.707709306746323800, 0.3649999999999999900 ) ) ;
#351 = CARTESIAN_POINT ( 'NONE',  ( -6.547566628567019500, -6.714840349599342100, 0.3449999999999999200 ) ) ;
#352 = CARTESIAN_POINT ( 'NONE',  ( -6.547566628567019500, -6.714840349599342100, 0.3649999999999999400 ) ) ;
#353 = CARTESIAN_POINT ( 'NONE',  ( -6.546871037380041600, -6.722335262516014400, 0.3449999999999999200 ) ) ;
#354 = CARTESIAN_POINT ( 'NONE',  ( -6.546871037380041600, -6.722335262516014400, 0.3649999999999999400 ) ) ;
#355 = CARTESIAN_POINT ( 'NONE',  ( -6.546601669137706900, -6.730226333868889000, 0.3449999999999998600 ) ) ;
#356 = CARTESIAN_POINT ( 'NONE',  ( -6.724415887551103300, -6.832683764853161500, 0.3649999999999999400 ) ) ;
#357 = CARTESIAN_POINT ( 'NONE',  ( -6.758037368520068500, -6.854951665889222700, 0.3450000000000002000 ) ) ;
#358 = CARTESIAN_POINT ( 'NONE',  ( -6.758037368520068500, -6.854951665889222700, 0.3649999999999999900 ) ) ;
#359 = CARTESIAN_POINT ( 'NONE',  ( -6.659336357558737900, -6.705119773022866000, 0.3449999999999999200 ) ) ;
#360 = CARTESIAN_POINT ( 'NONE',  ( -6.659336357558737900, -6.705119773022866000, 0.3649999999999997100 ) ) ;
#361 = CARTESIAN_POINT ( 'NONE',  ( -6.556136514435815200, -6.677799529609905500, 0.3649999999999998800 ) ) ;
#362 = CARTESIAN_POINT ( 'NONE',  ( -6.554119167109353100, -6.683024572464124600, 0.3450000000000000300 ) ) ;
#363 = CARTESIAN_POINT ( 'NONE',  ( -6.554119167109353100, -6.683024572464124600, 0.3649999999999999900 ) ) ;
#364 = CARTESIAN_POINT ( 'NONE',  ( -6.552356562795577800, -6.688646330790477100, 0.3449999999999998600 ) ) ;
#365 = CARTESIAN_POINT ( 'NONE',  ( -6.552356562795577800, -6.688646330790477100, 0.3649999999999998800 ) ) ;
#366 = CARTESIAN_POINT ( 'NONE',  ( -6.550706483419435100, -6.694600933606032800, 0.3450000000000000300 ) ) ;
#367 = CARTESIAN_POINT ( 'NONE',  ( -6.550706483419435100, -6.694600933606032800, 0.3649999999999999900 ) ) ;
#368 = CARTESIAN_POINT ( 'NONE',  ( -6.549478293683223200, -6.700981608354955400, 0.3449999999999998600 ) ) ;
#369 = CARTESIAN_POINT ( 'NONE',  ( -6.773778726261852500, -6.858228270115811000, 0.3450000000000002000 ) ) ;
#370 = CARTESIAN_POINT ( 'NONE',  ( -6.773778726261852500, -6.858228270115811000, 0.3649999999999999900 ) ) ;
#371 = CARTESIAN_POINT ( 'NONE',  ( -6.721249099435352600, -6.828618722613404300, 0.3450000000000000800 ) ) ;
#372 = CARTESIAN_POINT ( 'NONE',  ( -6.721249099435352600, -6.828618722613404300, 0.3649999999999998800 ) ) ;
#373 = CARTESIAN_POINT ( 'NONE',  ( -6.546601669137706900, -6.730226333868889000, 0.3649999999999998800 ) ) ;
#374 = CARTESIAN_POINT ( 'NONE',  ( -6.546531197915618000, -6.735614576800951900, 0.3449999999999999200 ) ) ;
#375 = CARTESIAN_POINT ( 'NONE',  ( -6.546531197915618000, -6.735614576800951900, 0.3649999999999999400 ) ) ;
#376 = CARTESIAN_POINT ( 'NONE',  ( -6.546495173620604300, -6.738369001192015000, 0.3449999999999999200 ) ) ;
#377 = CARTESIAN_POINT ( 'NONE',  ( -6.546495173620604300, -6.738369001192015000, 0.3649999999999999400 ) ) ;
#378 = CARTESIAN_POINT ( 'NONE',  ( -6.832200010068556900, -6.840885859333033300, 0.3649999999999999900 ) ) ;
#379 = CARTESIAN_POINT ( 'NONE',  ( -6.827321245757575600, -6.845133977681914700, 0.3649999999999998800 ) ) ;
#380 = CARTESIAN_POINT ( 'NONE',  ( -6.822043486611584700, -6.848733799951069100, 0.3649999999999999400 ) ) ;
#381 = CARTESIAN_POINT ( 'NONE',  ( -6.816581284851601200, -6.851910454037079200, 0.3649999999999999400 ) ) ;
#382 = CARTESIAN_POINT ( 'NONE',  ( -6.810795071156617200, -6.854423907856081600, 0.3650000000000000500 ) ) ;
#383 = CARTESIAN_POINT ( 'NONE',  ( -6.804762743104642900, -6.856429854096154100, 0.3649999999999999400 ) ) ;
#384 = CARTESIAN_POINT ( 'NONE',  ( -6.798430239160425400, -6.857763205764710400, 0.3649999999999999400 ) ) ;
#385 = CARTESIAN_POINT ( 'NONE',  ( -6.785072731045818100, -6.858828402901417000, 0.3450000000000002000 ) ) ;
#386 = CARTESIAN_POINT ( 'NONE',  ( -6.785072731045818100, -6.858828402901417000, 0.3649999999999999900 ) ) ;
#387 = CARTESIAN_POINT ( 'NONE',  ( -6.783158562622803700, -6.858811060226702900, 0.3450000000000002000 ) ) ;
#388 = CARTESIAN_POINT ( 'NONE',  ( -6.783158562622803700, -6.858811060226702900, 0.3649999999999999900 ) ) ;
#389 = CARTESIAN_POINT ( 'NONE',  ( -6.779369127275311200, -6.858776727331123100, 0.3450000000000000800 ) ) ;
#390 = CARTESIAN_POINT ( 'NONE',  ( -6.779369127275311200, -6.858776727331123100, 0.3649999999999998800 ) ) ;
#391 = CARTESIAN_POINT ( 'NONE',  ( -6.852234870260484300, -6.807790103600375200, 0.3649999999999998800 ) ) ;
#392 = CARTESIAN_POINT ( 'NONE',  ( -6.850151746028086700, -6.814149347706399200, 0.3650000000000000500 ) ) ;
#393 = CARTESIAN_POINT ( 'NONE',  ( -6.847500089870459700, -6.820162584851120300, 0.3649999999999997700 ) ) ;
#394 = CARTESIAN_POINT ( 'NONE',  ( -6.844391427865243600, -6.825852344939416800, 0.3650000000000000500 ) ) ;
#395 = CARTESIAN_POINT ( 'NONE',  ( -6.840781491293196100, -6.831203677456953100, 0.3649999999999999400 ) ) ;
#396 = CARTESIAN_POINT ( 'NONE',  ( -6.836728088926685500, -6.836242570628522600, 0.3649999999999998800 ) ) ;
#397 = CARTESIAN_POINT ( 'NONE',  ( -6.748406546534485400, -6.851191102081937600, 0.3649999999999999400 ) ) ;
#398 = CARTESIAN_POINT ( 'NONE',  ( -6.743879360149967400, -6.848770908524317100, 0.3450000000000001400 ) ) ;
#399 = CARTESIAN_POINT ( 'NONE',  ( -6.743879360149967400, -6.848770908524317100, 0.3649999999999999400 ) ) ;
#400 = CARTESIAN_POINT ( 'NONE',  ( -6.731503186278957600, -6.839957956876518500, 0.3649999999999999900 ) ) ;
#401 = CARTESIAN_POINT ( 'NONE',  ( -6.753161965513924300, -6.853176571788421400, 0.3450000000000002000 ) ) ;
#402 = CARTESIAN_POINT ( 'NONE',  ( -6.753161965513924300, -6.853176571788421400, 0.3649999999999999900 ) ) ;
#403 = CARTESIAN_POINT ( 'NONE',  ( -6.748406546534485400, -6.851191102081937600, 0.3450000000000001400 ) ) ;
#404 = CARTESIAN_POINT ( 'NONE',  ( -6.727823359218013400, -6.836471806895432700, 0.3450000000000001400 ) ) ;
#405 = CARTESIAN_POINT ( 'NONE',  ( -6.739515028807525200, -6.846140848125920700, 0.3450000000000002000 ) ) ;
#406 = CARTESIAN_POINT ( 'NONE',  ( -6.739515028807525200, -6.846140848125920700, 0.3649999999999999900 ) ) ;
#407 = CARTESIAN_POINT ( 'NONE',  ( -6.735410803156806700, -6.843162903879885100, 0.3450000000000001400 ) ) ;
#408 = CARTESIAN_POINT ( 'NONE',  ( -6.735410803156806700, -6.843162903879885100, 0.3649999999999999400 ) ) ;
#409 = CARTESIAN_POINT ( 'NONE',  ( -6.661078506953937300, -6.738369001192015000, 0.3450000000000001400 ) ) ;
#410 = CARTESIAN_POINT ( 'NONE',  ( -6.661078506953937300, -6.738369001192015000, 0.3649999999999999400 ) ) ;
#411 = CARTESIAN_POINT ( 'NONE',  ( -6.661071137802820500, -6.735292708234411800, 0.3450000000000000300 ) ) ;
#412 = B_SPLINE_CURVE_WITH_KNOTS ( 'NONE', 3,
 ( #416, #415, #414, #384, #383, #382, #381, #380, #379, #378, #396, #395, #394, #393, #392, #391, #342, #341, #340 ),
 .UNSPECIFIED., .F., .F.,
 ( 4, 1, 1, 1, 1, 1, 1, 1, 1, 1, 1, 1, 1, 1, 1, 1, 4 ),
 ( 0.0000000000000000000, 0.06542114375889075700, 0.1287083718818783400, 0.1902361418635397100, 0.2507244020335367400, 0.3106371794134388800, 0.3707664082897265700, 0.4316147444123565300, 0.4935229735663481100, 0.5558834553775275900, 0.6173423673185138800, 0.6786680390972736900, 0.7407113595451454400, 0.8029853625127403300, 0.8668025802655174900, 0.9323471713458896200, 1.000000000000000000 ),
 .UNSPECIFIED. ) ;
#413 = FACE_OUTER_BOUND ( 'NONE', #4530, .T. ) ;
#414 = CARTESIAN_POINT ( 'NONE',  ( -6.791848535364073800, -6.858694178013490000, 0.3649999999999999400 ) ) ;
#415 = CARTESIAN_POINT ( 'NONE',  ( -6.787356159544177800, -6.858783169461978500, 0.3649999999999999900 ) ) ;
#416 = CARTESIAN_POINT ( 'NONE',  ( -6.785072731045818100, -6.858828402901417000, 0.3649999999999999900 ) ) ;
#417 = CARTESIAN_POINT ( 'NONE',  ( -6.727823359218013400, -6.836471806895432700, 0.3649999999999999400 ) ) ;
#418 = FACE_OUTER_BOUND ( 'NONE', #4566, .T. ) ;
#419 = DIRECTION ( 'NONE',  ( 0.0000000000000000000, 0.0000000000000000000, -1.000000000000000000 ) ) ;
#420 = VECTOR ( 'NONE', #419, 39.37007874015748100 ) ;
#421 = CARTESIAN_POINT ( 'NONE',  ( -6.661078506953937300, -6.738369001192015000, 0.3649999999999999400 ) ) ;
#422 = LINE ( 'NONE', #421, #420 ) ;
#423 = CARTESIAN_POINT ( 'NONE',  ( -6.731503186278957600, -6.839957956876518500, 0.3450000000000002000 ) ) ;
#424 = B_SPLINE_SURFACE_WITH_KNOTS ( 'NONE', 3, 1, ( 
 ( #377, #376 ),
 ( #375, #374 ),
 ( #373, #355 ),
 ( #354, #353 ),
 ( #352, #351 ),
 ( #350, #349 ),
 ( #348, #368 ),
 ( #367, #366 ),
 ( #365, #364 ),
 ( #363, #362 ),
 ( #361, #286 ),
 ( #262, #261 ),
 ( #260, #259 ),
 ( #258, #269 ),
 ( #268, #267 ),
 ( #266, #265 ),
 ( #264, #263 ),
 ( #257, #256 ),
 ( #255, #254 ),
 ( #253, #252 ),
 ( #251, #250 ),
 ( #461, #443 ),
 ( #452, #451 ) ),
 .UNSPECIFIED., .F., .F., .F.,
 ( 4, 1, 1, 1, 1, 1, 1, 1, 1, 1, 1, 1, 1, 1, 1, 1, 1, 1, 1, 1, 4 ),
 ( 2, 2 ),
 ( 0.0000000000000000000, 0.06568119799063737400, 0.1284864641740669500, 0.1881751303280131400, 0.2451061306699911200, 0.2994484245294748400, 0.3508229360093850800, 0.3999416805337820400, 0.4466717436323712200, 0.4912545333735012200, 0.5333763442704383400, 0.5738527549682289600, 0.6125263117194568200, 0.6495971364453277900, 0.6855320415538492800, 0.7201057860682039700, 0.7538376629736541800, 0.8189254160467208700, 0.8804934616501638400, 0.9403113338460625800, 1.000000000000000000 ),
 ( 0.0000000000000000000, 1.000000000000000000 ),
 .UNSPECIFIED. ) ;
#425 = CARTESIAN_POINT ( 'NONE',  ( -6.661071137802820500, -6.735292708234411800, 0.3649999999999997700 ) ) ;
#426 = CARTESIAN_POINT ( 'NONE',  ( -6.661056833588593100, -6.729321334761025700, 0.3450000000000001400 ) ) ;
#427 = CARTESIAN_POINT ( 'NONE',  ( -6.661056833588593100, -6.729321334761025700, 0.3649999999999999400 ) ) ;
#428 = CARTESIAN_POINT ( 'NONE',  ( -6.660655382206680700, -6.720674262234679100, 0.3450000000000001400 ) ) ;
#429 = CARTESIAN_POINT ( 'NONE',  ( -6.642686486812174900, -6.660213897860201900, 0.3450000000000003100 ) ) ;
#430 = CARTESIAN_POINT ( 'NONE',  ( -6.642686486812174900, -6.660213897860201900, 0.3650000000000000500 ) ) ;
#431 = CARTESIAN_POINT ( 'NONE',  ( -6.639795963631252500, -6.656963250252958100, 0.3450000000000000800 ) ) ;
#432 = CARTESIAN_POINT ( 'NONE',  ( -6.639795963631252500, -6.656963250252958100, 0.3649999999999998800 ) ) ;
#433 = CARTESIAN_POINT ( 'NONE',  ( -6.636713168231587200, -6.653991518141989300, 0.3450000000000003100 ) ) ;
#434 = CARTESIAN_POINT ( 'NONE',  ( -6.636713168231587200, -6.653991518141989300, 0.3650000000000000500 ) ) ;
#435 = CARTESIAN_POINT ( 'NONE',  ( -6.632335182210249900, -6.650564604892830200, 0.3449999999999999200 ) ) ;
#436 = CARTESIAN_POINT ( 'NONE',  ( -6.632335182210249900, -6.650564604892830200, 0.3649999999999997100 ) ) ;
#437 = FACE_OUTER_BOUND ( 'NONE', #4624, .T. ) ;
#438 = CARTESIAN_POINT ( 'NONE',  ( -6.605026323460347000, -6.858828402901416200, 0.3649999999999999400 ) ) ;
#439 = CARTESIAN_POINT ( 'NONE',  ( -6.606872343798448500, -6.641546884374503400, 0.3649999999999999400 ) ) ;
#440 = CARTESIAN_POINT ( 'NONE',  ( -6.604337721697526800, -6.641413872986886300, 0.3450000000000001400 ) ) ;
#441 = CARTESIAN_POINT ( 'NONE',  ( -6.604337721697526800, -6.641413872986886300, 0.3649999999999999400 ) ) ;
#442 = B_SPLINE_SURFACE_WITH_KNOTS ( 'NONE', 3, 1, ( 
 ( #441, #440 ),
 ( #439, #450 ),
 ( #449, #448 ),
 ( #447, #446 ),
 ( #445, #444 ),
 ( #436, #435 ),
 ( #434, #433 ),
 ( #432, #431 ),
 ( #430, #429 ),
 ( #460, #459 ),
 ( #458, #457 ),
 ( #456, #455 ),
 ( #454, #453 ),
 ( #469, #468 ),
 ( #467, #466 ),
 ( #465, #464 ),
 ( #463, #462 ),
 ( #360, #359 ),
 ( #339, #338 ),
 ( #337, #428 ),
 ( #427, #426 ),
 ( #425, #411 ),
 ( #410, #409 ) ),
 .UNSPECIFIED., .F., .F., .F.,
 ( 4, 1, 1, 1, 1, 1, 1, 1, 1, 1, 1, 1, 1, 1, 1, 1, 1, 1, 1, 1, 4 ),
 ( 2, 2 ),
 ( 0.0000000000000000000, 0.06038661931106810400, 0.1208832485860015400, 0.1827546186251429400, 0.2478110297583568900, 0.2812991000432504300, 0.3150876241506623800, 0.3497023955502787700, 0.3848565811185610300, 0.4209661972260995700, 0.4585111882611346300, 0.4971747221273168900, 0.5376020478662708600, 0.5805030184200120600, 0.6274675400267014600, 0.6783882095592466100, 0.7339832205925640500, 0.7937467045508327400, 0.8577136721607334600, 0.9266978643613861300, 1.000000000000000000 ),
 ( 0.0000000000000000000, 1.000000000000000000 ),
 .UNSPECIFIED. ) ;
#443 = CARTESIAN_POINT ( 'NONE',  ( -6.601833562998679700, -6.641546701119679600, 0.3449999999999999200 ) ) ;
#444 = CARTESIAN_POINT ( 'NONE',  ( -6.626622844582476200, -6.646966532886203500, 0.3450000000000003600 ) ) ;
#445 = CARTESIAN_POINT ( 'NONE',  ( -6.626622844582476200, -6.646966532886203500, 0.3650000000000001600 ) ) ;
#446 = CARTESIAN_POINT ( 'NONE',  ( -6.619439821558272800, -6.643691874402189300, 0.3450000000000000800 ) ) ;
#447 = CARTESIAN_POINT ( 'NONE',  ( -6.619439821558272800, -6.643691874402189300, 0.3649999999999998800 ) ) ;
#448 = CARTESIAN_POINT ( 'NONE',  ( -6.611946205474975400, -6.641813149464646000, 0.3450000000000002000 ) ) ;
#449 = CARTESIAN_POINT ( 'NONE',  ( -6.611946205474975400, -6.641813149464646000, 0.3649999999999999900 ) ) ;
#450 = CARTESIAN_POINT ( 'NONE',  ( -6.606872343798448500, -6.641546884374503400, 0.3450000000000001400 ) ) ;
#451 = CARTESIAN_POINT ( 'NONE',  ( -6.604337721697526800, -6.641413872986886300, 0.3449999999999999200 ) ) ;
#452 = CARTESIAN_POINT ( 'NONE',  ( -6.604337721697526800, -6.641413872986886300, 0.3649999999999999400 ) ) ;
#453 = CARTESIAN_POINT ( 'NONE',  ( -6.652197252177639800, -6.676169621207350200, 0.3450000000000001400 ) ) ;
#454 = CARTESIAN_POINT ( 'NONE',  ( -6.652197252177639800, -6.676169621207350200, 0.3649999999999999400 ) ) ;
#455 = CARTESIAN_POINT ( 'NONE',  ( -6.650133617496469400, -6.671728281883068800, 0.3450000000000000800 ) ) ;
#456 = CARTESIAN_POINT ( 'NONE',  ( -6.650133617496469400, -6.671728281883068800, 0.3649999999999998800 ) ) ;
#457 = CARTESIAN_POINT ( 'NONE',  ( -6.647843194054012800, -6.667604017526057800, 0.3450000000000001400 ) ) ;
#458 = CARTESIAN_POINT ( 'NONE',  ( -6.647843194054012800, -6.667604017526057800, 0.3649999999999999400 ) ) ;
#459 = CARTESIAN_POINT ( 'NONE',  ( -6.645349252892614800, -6.663775927999210100, 0.3450000000000000800 ) ) ;
#460 = CARTESIAN_POINT ( 'NONE',  ( -6.645349252892614800, -6.663775927999210100, 0.3649999999999998800 ) ) ;
#461 = CARTESIAN_POINT ( 'NONE',  ( -6.601833562998679700, -6.641546701119679600, 0.3649999999999999400 ) ) ;
#462 = CARTESIAN_POINT ( 'NONE',  ( -6.658433095904540800, -6.698197662383601700, 0.3450000000000003100 ) ) ;
#463 = CARTESIAN_POINT ( 'NONE',  ( -6.658433095904540800, -6.698197662383601700, 0.3650000000000000500 ) ) ;
#464 = CARTESIAN_POINT ( 'NONE',  ( -6.657157157902638300, -6.691881705183116800, 0.3450000000000001400 ) ) ;
#465 = CARTESIAN_POINT ( 'NONE',  ( -6.657157157902638300, -6.691881705183116800, 0.3649999999999999400 ) ) ;
#466 = CARTESIAN_POINT ( 'NONE',  ( -6.655776005548295500, -6.686134925840687700, 0.3450000000000000800 ) ) ;
#467 = CARTESIAN_POINT ( 'NONE',  ( -6.655776005548295500, -6.686134925840687700, 0.3649999999999998800 ) ) ;
#468 = CARTESIAN_POINT ( 'NONE',  ( -6.654101596808483300, -6.680924268764552000, 0.3450000000000001400 ) ) ;
#469 = CARTESIAN_POINT ( 'NONE',  ( -6.654101596808483300, -6.680924268764552000, 0.3649999999999999400 ) ) ;
#470 = CARTESIAN_POINT ( 'NONE',  ( -6.661078506953937300, -6.738369001192015000, 0.3449999999999999200 ) ) ;
#471 = CARTESIAN_POINT ( 'NONE',  ( -6.604337721697526800, -6.835324129397142700, 0.3449999999999999200 ) ) ;
#472 = CARTESIAN_POINT ( 'NONE',  ( -6.654147731456380800, -6.795721600869393700, 0.3649999999999999400 ) ) ;
#473 = CARTESIAN_POINT ( 'NONE',  ( -6.655817048102433000, -6.790510494216119000, 0.3449999999999998600 ) ) ;
#474 = CARTESIAN_POINT ( 'NONE',  ( -6.655817048102433000, -6.790510494216119000, 0.3649999999999998800 ) ) ;
#475 = CARTESIAN_POINT ( 'NONE',  ( -6.657227934922739000, -6.784756627500335900, 0.3449999999999999200 ) ) ;
#476 = CARTESIAN_POINT ( 'NONE',  ( -6.657227934922739000, -6.784756627500335900, 0.3649999999999999400 ) ) ;
#477 = CARTESIAN_POINT ( 'NONE',  ( -6.626596269946835700, -6.829790027917884900, 0.3449999999999998600 ) ) ;
#478 = CARTESIAN_POINT ( 'NONE',  ( -6.626596269946835700, -6.829790027917884900, 0.3649999999999998800 ) ) ;
#479 = CARTESIAN_POINT ( 'NONE',  ( -6.632344848629562900, -6.826154846542734400, 0.3450000000000000300 ) ) ;
#480 = CARTESIAN_POINT ( 'NONE',  ( -6.632344848629562900, -6.826154846542734400, 0.3649999999999999900 ) ) ;
#481 = CARTESIAN_POINT ( 'NONE',  ( -6.636699260343698700, -6.822637016749137500, 0.3450000000000000300 ) ) ;
#482 = CARTESIAN_POINT ( 'NONE',  ( -6.636699260343698700, -6.822637016749137500, 0.3649999999999999900 ) ) ;
#483 = CARTESIAN_POINT ( 'NONE',  ( -6.639846870026218500, -6.819703881066446100, 0.3449999999999998600 ) ) ;
#484 = CARTESIAN_POINT ( 'NONE',  ( -6.639846870026218500, -6.819703881066446100, 0.3649999999999998800 ) ) ;
#485 = CARTESIAN_POINT ( 'NONE',  ( -6.661055507108219600, -6.747370585594590700, 0.3449999999999998600 ) ) ;
#486 = CARTESIAN_POINT ( 'NONE',  ( -6.661055507108219600, -6.747370585594590700, 0.3649999999999998800 ) ) ;
#487 = CARTESIAN_POINT ( 'NONE',  ( -6.661070686014992900, -6.741429927899409900, 0.3449999999999999200 ) ) ;
#488 = CARTESIAN_POINT ( 'NONE',  ( -6.661070686014992900, -6.741429927899409900, 0.3649999999999999400 ) ) ;
#489 = CARTESIAN_POINT ( 'NONE',  ( -6.604337721697526800, -6.835324129397142700, 0.3449999999999999200 ) ) ;
#490 = CARTESIAN_POINT ( 'NONE',  ( -6.606859116855797100, -6.835197857229848000, 0.3450000000000000300 ) ) ;
#491 = CARTESIAN_POINT ( 'NONE',  ( -6.611910686801966400, -6.834944873208979000, 0.3450000000000000800 ) ) ;
#492 = CARTESIAN_POINT ( 'NONE',  ( -6.619353263949560300, -6.832955545704479900, 0.3449999999999999200 ) ) ;
#493 = CARTESIAN_POINT ( 'NONE',  ( -6.626596269946835700, -6.829790027917884900, 0.3449999999999998600 ) ) ;
#494 = CARTESIAN_POINT ( 'NONE',  ( -6.632344848629562900, -6.826154846542734400, 0.3450000000000000300 ) ) ;
#495 = CARTESIAN_POINT ( 'NONE',  ( -6.636699260343698700, -6.822637016749137500, 0.3450000000000000300 ) ) ;
#496 = LINE ( 'NONE', #508, #507 ) ;
#497 = CARTESIAN_POINT ( 'NONE',  ( -6.604337721697526800, -6.835324129397142700, 0.3449999999999999200 ) ) ;
#498 = CARTESIAN_POINT ( 'NONE',  ( -6.604337721697526800, -6.641413872986886300, 0.3649999999999999400 ) ) ;
#499 = DIRECTION ( 'NONE',  ( 0.0000000000000000000, 0.0000000000000000000, -1.000000000000000000 ) ) ;
#500 = DIRECTION ( 'NONE',  ( 0.0000000000000000000, -1.000000000000000000, 0.0000000000000000000 ) ) ;
#501 = CARTESIAN_POINT ( 'NONE',  ( -6.376089190714619500, -6.852952334525347100, 0.3649999999999999400 ) ) ;
#502 = AXIS2_PLACEMENT_3D ( 'NONE', #501, #500, #499 ) ;
#503 = PLANE ( 'NONE',  #502 ) ;
#504 = CARTESIAN_POINT ( 'NONE',  ( -6.681644746270176700, -6.738460814760391500, 0.3649999999999999400 ) ) ;
#505 = FACE_OUTER_BOUND ( 'NONE', #4532, .T. ) ;
#506 = DIRECTION ( 'NONE',  ( 0.0000000000000000000, 0.0000000000000000000, -1.000000000000000000 ) ) ;
#507 = VECTOR ( 'NONE', #506, 39.37007874015748100 ) ;
#508 = CARTESIAN_POINT ( 'NONE',  ( -6.396655430030858900, -6.623785667858680200, 0.3649999999999999400 ) ) ;
#509 = CARTESIAN_POINT ( 'NONE',  ( -6.650170382848053800, -6.804904655154213200, 0.3449999999999999200 ) ) ;
#510 = CARTESIAN_POINT ( 'NONE',  ( -6.650170382848053800, -6.804904655154213200, 0.3649999999999999400 ) ) ;
#511 = CARTESIAN_POINT ( 'NONE',  ( -6.652246362016927400, -6.800478385116113200, 0.3449999999999999200 ) ) ;
#512 = CARTESIAN_POINT ( 'NONE',  ( -6.652246362016927400, -6.800478385116113200, 0.3649999999999999400 ) ) ;
#513 = CARTESIAN_POINT ( 'NONE',  ( -6.654147731456380800, -6.795721600869393700, 0.3449999999999999200 ) ) ;
#514 = CARTESIAN_POINT ( 'NONE',  ( -6.604337721697526800, -6.835324129397142700, 0.3649999999999999400 ) ) ;
#515 = CARTESIAN_POINT ( 'NONE',  ( -6.606859116855797100, -6.835197857229848000, 0.3450000000000000300 ) ) ;
#516 = CARTESIAN_POINT ( 'NONE',  ( -6.606859116855797100, -6.835197857229848000, 0.3649999999999999900 ) ) ;
#517 = CARTESIAN_POINT ( 'NONE',  ( -6.611910686801966400, -6.834944873208979000, 0.3450000000000000800 ) ) ;
#518 = CARTESIAN_POINT ( 'NONE',  ( -6.611910686801966400, -6.834944873208979000, 0.3650000000000000500 ) ) ;
#519 = CARTESIAN_POINT ( 'NONE',  ( -6.619353263949560300, -6.832955545704479900, 0.3449999999999999200 ) ) ;
#520 = CARTESIAN_POINT ( 'NONE',  ( -6.619353263949560300, -6.832955545704479900, 0.3649999999999999400 ) ) ;
#521 = CARTESIAN_POINT ( 'NONE',  ( -6.652246362016927400, -6.800478385116113200, 0.3449999999999999200 ) ) ;
#522 = CARTESIAN_POINT ( 'NONE',  ( -6.654147731456380800, -6.795721600869393700, 0.3449999999999999200 ) ) ;
#523 = CARTESIAN_POINT ( 'NONE',  ( -6.655817048102433000, -6.790510494216119000, 0.3449999999999998600 ) ) ;
#524 = CARTESIAN_POINT ( 'NONE',  ( -6.657227934922739000, -6.784756627500335900, 0.3449999999999999200 ) ) ;
#525 = CARTESIAN_POINT ( 'NONE',  ( -6.658387307934615000, -6.778420517299645500, 0.3450000000000000300 ) ) ;
#526 = CARTESIAN_POINT ( 'NONE',  ( -6.659422024802385200, -6.771535695051976100, 0.3449999999999999200 ) ) ;
#527 = CARTESIAN_POINT ( 'NONE',  ( -6.660118776403799700, -6.764054808735808800, 0.3450000000000000300 ) ) ;
#528 = CARTESIAN_POINT ( 'NONE',  ( -6.660658970165664900, -6.756003180063256500, 0.3449999999999999200 ) ) ;
#529 = CARTESIAN_POINT ( 'NONE',  ( -6.661055507108219600, -6.747370585594590700, 0.3449999999999998600 ) ) ;
#530 = CARTESIAN_POINT ( 'NONE',  ( -6.661070686014992900, -6.741429927899409900, 0.3449999999999999200 ) ) ;
#531 = CARTESIAN_POINT ( 'NONE',  ( -6.661078506953937300, -6.738369001192015000, 0.3449999999999999200 ) ) ;
#532 = CARTESIAN_POINT ( 'NONE',  ( -6.661078506953937300, -6.738369001192015000, 0.3649999999999999400 ) ) ;
#533 = B_SPLINE_SURFACE_WITH_KNOTS ( 'NONE', 3, 1, ( 
 ( #532, #531 ),
 ( #488, #487 ),
 ( #486, #485 ),
 ( #550, #549 ),
 ( #548, #547 ),
 ( #554, #553 ),
 ( #552, #551 ),
 ( #476, #475 ),
 ( #474, #473 ),
 ( #472, #513 ),
 ( #512, #511 ),
 ( #510, #509 ),
 ( #544, #543 ),
 ( #542, #541 ),
 ( #540, #539 ),
 ( #484, #483 ),
 ( #482, #481 ),
 ( #480, #479 ),
 ( #478, #477 ),
 ( #520, #519 ),
 ( #518, #517 ),
 ( #516, #515 ),
 ( #514, #497 ) ),
 .UNSPECIFIED., .F., .F., .F.,
 ( 4, 1, 1, 1, 1, 1, 1, 1, 1, 1, 1, 1, 1, 1, 1, 1, 1, 1, 1, 1, 4 ),
 ( 2, 2 ),
 ( 0.0000000000000000000, 0.07295106587586930300, 0.1415836941865405400, 0.2059264601708631900, 0.2653013571846066200, 0.3205972327139248700, 0.3718165030988109800, 0.4187897697094490300, 0.4616987286157580000, 0.5021335821035668400, 0.5408043152926468300, 0.5781805253279648200, 0.6142968652075168100, 0.6496782432647898500, 0.6842994600896381600, 0.7183589527723571700, 0.7520808646475925000, 0.8176524386023797900, 0.8797220764054357600, 0.9399655597309876100, 1.000000000000000000 ),
 ( 0.0000000000000000000, 1.000000000000000000 ),
 .UNSPECIFIED. ) ;
#534 = CARTESIAN_POINT ( 'NONE',  ( -6.639846870026218500, -6.819703881066446100, 0.3449999999999998600 ) ) ;
#535 = CARTESIAN_POINT ( 'NONE',  ( -6.642726071517365000, -6.816414826569158000, 0.3450000000000000300 ) ) ;
#536 = CARTESIAN_POINT ( 'NONE',  ( -6.645444319704978400, -6.812885256302480200, 0.3449999999999999200 ) ) ;
#537 = CARTESIAN_POINT ( 'NONE',  ( -6.647940216467374000, -6.809052698611317600, 0.3449999999999999200 ) ) ;
#538 = CARTESIAN_POINT ( 'NONE',  ( -6.650170382848053800, -6.804904655154213200, 0.3449999999999999200 ) ) ;
#539 = CARTESIAN_POINT ( 'NONE',  ( -6.642726071517365000, -6.816414826569158000, 0.3450000000000000300 ) ) ;
#540 = CARTESIAN_POINT ( 'NONE',  ( -6.642726071517365000, -6.816414826569158000, 0.3649999999999999900 ) ) ;
#541 = CARTESIAN_POINT ( 'NONE',  ( -6.645444319704978400, -6.812885256302480200, 0.3449999999999999200 ) ) ;
#542 = CARTESIAN_POINT ( 'NONE',  ( -6.645444319704978400, -6.812885256302480200, 0.3649999999999999400 ) ) ;
#543 = CARTESIAN_POINT ( 'NONE',  ( -6.647940216467374000, -6.809052698611317600, 0.3449999999999999200 ) ) ;
#544 = CARTESIAN_POINT ( 'NONE',  ( -6.647940216467374000, -6.809052698611317600, 0.3649999999999999400 ) ) ;
#545 = B_SPLINE_CURVE_WITH_KNOTS ( 'NONE', 3,
 ( #470, #530, #529, #528, #527, #526, #525, #524, #523, #522, #521, #538, #537, #536, #535, #534, #495, #494, #493, #492, #491, #490, #489 ),
 .UNSPECIFIED., .F., .F.,
 ( 4, 1, 1, 1, 1, 1, 1, 1, 1, 1, 1, 1, 1, 1, 1, 1, 1, 1, 1, 1, 4 ),
 ( 0.0000000000000000000, 0.07295106587586930300, 0.1415836941865405400, 0.2059264601708631900, 0.2653013571846066200, 0.3205972327139248700, 0.3718165030988109800, 0.4187897697094490300, 0.4616987286157580000, 0.5021335821035668400, 0.5408043152926468300, 0.5781805253279648200, 0.6142968652075168100, 0.6496782432647898500, 0.6842994600896381600, 0.7183589527723571700, 0.7520808646475925000, 0.8176524386023797900, 0.8797220764054357600, 0.9399655597309876100, 1.000000000000000000 ),
 .UNSPECIFIED. ) ;
#546 = FACE_OUTER_BOUND ( 'NONE', #4244, .T. ) ;
#547 = CARTESIAN_POINT ( 'NONE',  ( -6.660118776403799700, -6.764054808735808800, 0.3450000000000000300 ) ) ;
#548 = CARTESIAN_POINT ( 'NONE',  ( -6.660118776403799700, -6.764054808735808800, 0.3649999999999999900 ) ) ;
#549 = CARTESIAN_POINT ( 'NONE',  ( -6.660658970165664900, -6.756003180063256500, 0.3449999999999999200 ) ) ;
#550 = CARTESIAN_POINT ( 'NONE',  ( -6.660658970165664900, -6.756003180063256500, 0.3649999999999999400 ) ) ;
#551 = CARTESIAN_POINT ( 'NONE',  ( -6.658387307934615000, -6.778420517299645500, 0.3450000000000000300 ) ) ;
#552 = CARTESIAN_POINT ( 'NONE',  ( -6.658387307934615000, -6.778420517299645500, 0.3649999999999999900 ) ) ;
#553 = CARTESIAN_POINT ( 'NONE',  ( -6.659422024802385200, -6.771535695051976100, 0.3449999999999999200 ) ) ;
#554 = CARTESIAN_POINT ( 'NONE',  ( -6.659422024802385200, -6.771535695051976100, 0.3649999999999999400 ) ) ;
#555 = DIRECTION ( 'NONE',  ( 0.03487826274237469000, 0.03487826274237470400, 0.9987827659587182900 ) ) ;
#556 = VECTOR ( 'NONE', #577, 39.37007874015748100 ) ;
#557 = LINE ( 'NONE', #575, #574 ) ;
#558 = DIRECTION ( 'NONE',  ( 1.000000000000000000, 0.0000000000000000000, 0.0000000000000000000 ) ) ;
#559 = DIRECTION ( 'NONE',  ( 0.0000000000000000000, 0.0000000000000000000, 1.000000000000000000 ) ) ;
#560 = CARTESIAN_POINT ( 'NONE',  ( 7.980000000000000400, 6.759999999999998900, 0.3449999999999999200 ) ) ;
#561 = AXIS2_PLACEMENT_3D ( 'NONE', #560, #559, #558 ) ;
#562 = CONICAL_SURFACE ( 'NONE', #564, 0.1020000000000001700, 0.01745329251994333400 ) ;
#563 = LINE ( 'NONE', #498, #2724 ) ;
#564 = AXIS2_PLACEMENT_3D ( 'NONE', #7510, #7517, #7534 ) ;
#565 = DIRECTION ( 'NONE',  ( 1.000000000000000000, 0.0000000000000000000, 0.0000000000000000000 ) ) ;
#566 = DIRECTION ( 'NONE',  ( 0.0000000000000000000, 0.0000000000000000000, 1.000000000000000000 ) ) ;
#567 = AXIS2_PLACEMENT_3D ( 'NONE', #611, #566, #565 ) ;
#568 = FACE_OUTER_BOUND ( 'NONE', #3925, .T. ) ;
#569 = DIRECTION ( 'NONE',  ( -1.000000000000000000, 0.0000000000000000000, 0.0000000000000000000 ) ) ;
#570 = DIRECTION ( 'NONE',  ( 0.0000000000000000000, 0.0000000000000000000, 1.000000000000000000 ) ) ;
#571 = CARTESIAN_POINT ( 'NONE',  ( 8.537952334525352100, -6.297952334525348300, -0.02500000000000000500 ) ) ;
#572 = AXIS2_PLACEMENT_3D ( 'NONE', #571, #570, #569 ) ;
#573 = CIRCLE ( 'NONE', #572, 0.2299999999999994500 ) ;
#574 = VECTOR ( 'NONE', #555, 39.37007874015748100 ) ;
#575 = CARTESIAN_POINT ( 'NONE',  ( 9.455790238902134000, 6.566186201339720100, 0.02262948135553597600 ) ) ;
#576 = CARTESIAN_POINT ( 'NONE',  ( 9.455000000000000100, -6.565395962437589700, 0.0000000000000000000 ) ) ;
#577 = DIRECTION ( 'NONE',  ( 7.829941686897718700E-017, 1.000000000000000000, 0.0000000000000000000 ) ) ;
#578 = FACE_BOUND ( 'NONE', #3601, .T. ) ;
#579 = FACE_OUTER_BOUND ( 'NONE', #3951, .T. ) ;
#580 = FACE_BOUND ( 'NONE', #3821, .T. ) ;
#581 = FACE_BOUND ( 'NONE', #3693, .T. ) ;
#582 = FACE_BOUND ( 'NONE', #3716, .T. ) ;
#583 = FACE_BOUND ( 'NONE', #3746, .T. ) ;
#584 = FACE_BOUND ( 'NONE', #3769, .T. ) ;
#585 = FACE_BOUND ( 'NONE', #3765, .T. ) ;
#586 = FACE_BOUND ( 'NONE', #3735, .T. ) ;
#587 = FACE_BOUND ( 'NONE', #3776, .T. ) ;
#588 = FACE_BOUND ( 'NONE', #3774, .T. ) ;
#589 = FACE_BOUND ( 'NONE', #3725, .T. ) ;
#590 = CARTESIAN_POINT ( 'NONE',  ( -9.217952334525348200, 6.977952334525344500, -0.3449999999999999200 ) ) ;
#591 = DIRECTION ( 'NONE',  ( -7.572690211127550500E-017, 1.000000000000000000, 0.0000000000000000000 ) ) ;
#592 = VECTOR ( 'NONE', #591, 39.37007874015748100 ) ;
#593 = CARTESIAN_POINT ( 'NONE',  ( 9.447841242254192200, 7.214999999999997200, 0.2049999999999999300 ) ) ;
#594 = LINE ( 'NONE', #593, #592 ) ;
#595 = LINE ( 'NONE', #634, #633 ) ;
#596 = DIRECTION ( 'NONE',  ( -1.000000000000000000, 0.0000000000000000000, 0.0000000000000000000 ) ) ;
#597 = DIRECTION ( 'NONE',  ( 0.0000000000000000000, 0.0000000000000000000, -1.000000000000000000 ) ) ;
#598 = CARTESIAN_POINT ( 'NONE',  ( -9.000000000000000000, 3.990000000000000200, -0.02500000000000000500 ) ) ;
#599 = AXIS2_PLACEMENT_3D ( 'NONE', #598, #597, #596 ) ;
#600 = CIRCLE ( 'NONE', #599, 0.09554162597656012900 ) ;
#601 = LINE ( 'NONE', #590, #556 ) ;
#602 = VECTOR ( 'NONE', #624, 39.37007874015748100 ) ;
#603 = CARTESIAN_POINT ( 'NONE',  ( 9.217952334525348200, 6.977952334525344500, -0.02500000000000000500 ) ) ;
#604 = LINE ( 'NONE', #603, #602 ) ;
#605 = DIRECTION ( 'NONE',  ( -1.000000000000000000, 0.0000000000000000000, 0.0000000000000000000 ) ) ;
#606 = DIRECTION ( 'NONE',  ( 0.0000000000000000000, 0.0000000000000000000, -1.000000000000000000 ) ) ;
#607 = CARTESIAN_POINT ( 'NONE',  ( 9.217952334525348200, 6.977952334525344500, -0.02500000000000000500 ) ) ;
#608 = AXIS2_PLACEMENT_3D ( 'NONE', #607, #606, #605 ) ;
#609 = PLANE ( 'NONE',  #608 ) ;
#610 = CONICAL_SURFACE ( 'NONE', #567, 0.1020000000000001700, 0.01745329251994333400 ) ;
#611 = CARTESIAN_POINT ( 'NONE',  ( 3.990000000000000200, 6.759999999999998900, 0.3449999999999999200 ) ) ;
#612 = FACE_OUTER_BOUND ( 'NONE', #3842, .T. ) ;
#613 = CARTESIAN_POINT ( 'NONE',  ( 9.217952334525348200, 6.327952334525344100, -0.02500000000000000500 ) ) ;
#614 = DIRECTION ( 'NONE',  ( 0.0000000000000000000, 0.0000000000000000000, -1.000000000000000000 ) ) ;
#615 = VECTOR ( 'NONE', #614, 39.37007874015748100 ) ;
#616 = CARTESIAN_POINT ( 'NONE',  ( 9.217952334525348200, 6.327952334525344100, -0.3449999999999999200 ) ) ;
#617 = LINE ( 'NONE', #616, #615 ) ;
#618 = DIRECTION ( 'NONE',  ( 1.000000000000000000, 0.0000000000000000000, 0.0000000000000000000 ) ) ;
#619 = DIRECTION ( 'NONE',  ( 0.0000000000000000000, 0.0000000000000000000, 1.000000000000000000 ) ) ;
#620 = CARTESIAN_POINT ( 'NONE',  ( -8.999999999999998200, -6.409498646121399200E-032, 0.3449999999999999200 ) ) ;
#621 = AXIS2_PLACEMENT_3D ( 'NONE', #620, #619, #618 ) ;
#622 = CONICAL_SURFACE ( 'NONE', #621, 0.1020000000000001700, 0.01745329251994333400 ) ;
#623 = FACE_OUTER_BOUND ( 'NONE', #3838, .T. ) ;
#624 = DIRECTION ( 'NONE',  ( -1.565988337379543700E-016, -1.000000000000000000, 0.0000000000000000000 ) ) ;
#625 = CARTESIAN_POINT ( 'NONE',  ( -9.217952334525346500, 6.327952334525344100, 0.2049999999999999300 ) ) ;
#626 = FACE_BOUND ( 'NONE', #3827, .T. ) ;
#627 = FACE_BOUND ( 'NONE', #3824, .T. ) ;
#628 = FACE_BOUND ( 'NONE', #3752, .T. ) ;
#629 = FACE_BOUND ( 'NONE', #3586, .T. ) ;
#630 = FACE_BOUND ( 'NONE', #3722, .T. ) ;
#631 = FACE_BOUND ( 'NONE', #3590, .T. ) ;
#632 = DIRECTION ( 'NONE',  ( 0.0000000000000000000, 0.0000000000000000000, -1.000000000000000000 ) ) ;
#633 = VECTOR ( 'NONE', #632, 39.37007874015748100 ) ;
#634 = CARTESIAN_POINT ( 'NONE',  ( 9.217952334525348200, -6.327952334525347700, 0.2049999999999999300 ) ) ;
#635 = CARTESIAN_POINT ( 'NONE',  ( -9.217952334525344700, -6.327952334525347700, 0.2049999999999999300 ) ) ;
#636 = DIRECTION ( 'NONE',  ( -1.000000000000000000, 0.0000000000000000000, 0.0000000000000000000 ) ) ;
#637 = DIRECTION ( 'NONE',  ( 0.0000000000000000000, 0.0000000000000000000, -1.000000000000000000 ) ) ;
#638 = CARTESIAN_POINT ( 'NONE',  ( 8.567952334525346100, -6.327952334525348600, -0.02500000000000000500 ) ) ;
#639 = AXIS2_PLACEMENT_3D ( 'NONE', #638, #637, #636 ) ;
#640 = CIRCLE ( 'NONE', #639, 0.6499999999999999100 ) ;
#641 = CONICAL_SURFACE ( 'NONE', #561, 0.1020000000000001700, 0.01745329251994333400 ) ;
#642 = FACE_OUTER_BOUND ( 'NONE', #3818, .T. ) ;
#643 = DIRECTION ( 'NONE',  ( 1.000000000000000000, 0.0000000000000000000, 0.0000000000000000000 ) ) ;
#644 = DIRECTION ( 'NONE',  ( 0.0000000000000000000, 1.000000000000000000, 0.0000000000000000000 ) ) ;
#645 = VECTOR ( 'NONE', #644, 39.37007874015748100 ) ;
#646 = CARTESIAN_POINT ( 'NONE',  ( 3.870000000000000100, -7.215000000000001600, -0.3449999999999999200 ) ) ;
#647 = LINE ( 'NONE', #646, #645 ) ;
#648 = CARTESIAN_POINT ( 'NONE',  ( -6.816581284851601200, -6.851910454037079200, 0.3450000000000000800 ) ) ;
#649 = CARTESIAN_POINT ( 'NONE',  ( -6.816581284851601200, -6.851910454037079200, 0.3649999999999999400 ) ) ;
#650 = CARTESIAN_POINT ( 'NONE',  ( -6.810795071156617200, -6.854423907856081600, 0.3450000000000002000 ) ) ;
#651 = CARTESIAN_POINT ( 'NONE',  ( -6.655817048102433000, -6.790510494216119000, 0.3649999999999998800 ) ) ;
#652 = CARTESIAN_POINT ( 'NONE',  ( -6.657227934922739000, -6.784756627500335900, 0.3649999999999999400 ) ) ;
#653 = CARTESIAN_POINT ( 'NONE',  ( -6.658387307934615000, -6.778420517299645500, 0.3649999999999999900 ) ) ;
#654 = CARTESIAN_POINT ( 'NONE',  ( -6.659422024802385200, -6.771535695051976100, 0.3649999999999999400 ) ) ;
#655 = CARTESIAN_POINT ( 'NONE',  ( -6.660118776403799700, -6.764054808735808800, 0.3649999999999999900 ) ) ;
#656 = CARTESIAN_POINT ( 'NONE',  ( -6.660658970165664900, -6.756003180063256500, 0.3649999999999999400 ) ) ;
#657 = LINE ( 'NONE', #730, #729 ) ;
#658 = CARTESIAN_POINT ( 'NONE',  ( -6.854988763364192800, -6.794191650764664000, 0.3450000000000000800 ) ) ;
#659 = CARTESIAN_POINT ( 'NONE',  ( -6.854988763364192800, -6.794191650764664000, 0.3649999999999999400 ) ) ;
#660 = CARTESIAN_POINT ( 'NONE',  ( -6.854627486508189100, -6.796524694922700500, 0.3450000000000000300 ) ) ;
#661 = CARTESIAN_POINT ( 'NONE',  ( -6.854627486508189100, -6.796524694922700500, 0.3649999999999998800 ) ) ;
#662 = CARTESIAN_POINT ( 'NONE',  ( -6.853916191119857600, -6.801118079532914300, 0.3450000000000000800 ) ) ;
#663 = CARTESIAN_POINT ( 'NONE',  ( -6.853916191119857600, -6.801118079532914300, 0.3649999999999999400 ) ) ;
#664 = CARTESIAN_POINT ( 'NONE',  ( -6.785072731045818100, -6.858828402901417000, 0.3450000000000001400 ) ) ;
#665 = CARTESIAN_POINT ( 'NONE',  ( -6.785072731045818100, -6.858828402901417000, 0.3649999999999999900 ) ) ;
#666 = CARTESIAN_POINT ( 'NONE',  ( -6.827321245757575600, -6.845133977681914700, 0.3450000000000000300 ) ) ;
#667 = CARTESIAN_POINT ( 'NONE',  ( -6.827321245757575600, -6.845133977681914700, 0.3649999999999998800 ) ) ;
#668 = CARTESIAN_POINT ( 'NONE',  ( -6.822043486611584700, -6.848733799951069100, 0.3450000000000000800 ) ) ;
#669 = CARTESIAN_POINT ( 'NONE',  ( -6.822043486611584700, -6.848733799951069100, 0.3649999999999999400 ) ) ;
#670 = CARTESIAN_POINT ( 'NONE',  ( -6.847500089870459700, -6.820162584851120300, 0.3649999999999997700 ) ) ;
#671 = CARTESIAN_POINT ( 'NONE',  ( -6.844391427865243600, -6.825852344939416800, 0.3450000000000002000 ) ) ;
#672 = CARTESIAN_POINT ( 'NONE',  ( -6.844391427865243600, -6.825852344939416800, 0.3650000000000000500 ) ) ;
#673 = CARTESIAN_POINT ( 'NONE',  ( -6.840781491293196100, -6.831203677456953100, 0.3450000000000000800 ) ) ;
#674 = CARTESIAN_POINT ( 'NONE',  ( -6.840781491293196100, -6.831203677456953100, 0.3649999999999999400 ) ) ;
#675 = CARTESIAN_POINT ( 'NONE',  ( -6.611910686801966400, -6.834944873208979000, 0.3650000000000000500 ) ) ;
#676 = CARTESIAN_POINT ( 'NONE',  ( -6.619353263949560300, -6.832955545704479900, 0.3649999999999999400 ) ) ;
#677 = CARTESIAN_POINT ( 'NONE',  ( -6.626596269946835700, -6.829790027917884900, 0.3649999999999998800 ) ) ;
#678 = CARTESIAN_POINT ( 'NONE',  ( -6.632344848629562900, -6.826154846542734400, 0.3649999999999999900 ) ) ;
#679 = CARTESIAN_POINT ( 'NONE',  ( -6.636699260343698700, -6.822637016749137500, 0.3649999999999999900 ) ) ;
#680 = CARTESIAN_POINT ( 'NONE',  ( -6.639846870026218500, -6.819703881066446100, 0.3649999999999998800 ) ) ;
#681 = CARTESIAN_POINT ( 'NONE',  ( -6.642726071517365000, -6.816414826569158000, 0.3649999999999999900 ) ) ;
#682 = CARTESIAN_POINT ( 'NONE',  ( -6.645444319704978400, -6.812885256302480200, 0.3649999999999999400 ) ) ;
#683 = CARTESIAN_POINT ( 'NONE',  ( -6.647940216467374000, -6.809052698611317600, 0.3649999999999999400 ) ) ;
#684 = CARTESIAN_POINT ( 'NONE',  ( -6.650170382848053800, -6.804904655154213200, 0.3649999999999999400 ) ) ;
#685 = CARTESIAN_POINT ( 'NONE',  ( -6.652246362016927400, -6.800478385116113200, 0.3649999999999999400 ) ) ;
#686 = CARTESIAN_POINT ( 'NONE',  ( -6.654147731456380800, -6.795721600869393700, 0.3649999999999999400 ) ) ;
#687 = CARTESIAN_POINT ( 'NONE',  ( -6.661055507108219600, -6.747370585594590700, 0.3649999999999998800 ) ) ;
#688 = CARTESIAN_POINT ( 'NONE',  ( -6.661070686014992900, -6.741429927899409900, 0.3649999999999999400 ) ) ;
#689 = CARTESIAN_POINT ( 'NONE',  ( -6.661078506953937300, -6.738369001192015000, 0.3649999999999999400 ) ) ;
#690 = DIRECTION ( 'NONE',  ( 1.000000000000000000, 0.0000000000000000000, 0.0000000000000000000 ) ) ;
#691 = DIRECTION ( 'NONE',  ( 0.0000000000000000000, 0.0000000000000000000, 1.000000000000000000 ) ) ;
#692 = CARTESIAN_POINT ( 'NONE',  ( -9.454999999999998300, -7.215000000000001600, 0.3449999999999999200 ) ) ;
#693 = AXIS2_PLACEMENT_3D ( 'NONE', #692, #691, #690 ) ;
#694 = LINE ( 'NONE', #736, #735 ) ;
#695 = PLANE ( 'NONE',  #693 ) ;
#696 = FACE_OUTER_BOUND ( 'NONE', #4535, .T. ) ;
#697 = CARTESIAN_POINT ( 'NONE',  ( -6.798430239160425400, -6.857763205764710400, 0.3450000000000000800 ) ) ;
#698 = CARTESIAN_POINT ( 'NONE',  ( -6.798430239160425400, -6.857763205764710400, 0.3649999999999999400 ) ) ;
#699 = CARTESIAN_POINT ( 'NONE',  ( -6.791848535364073800, -6.858694178013490000, 0.3450000000000000800 ) ) ;
#700 = CARTESIAN_POINT ( 'NONE',  ( -6.791848535364073800, -6.858694178013490000, 0.3649999999999999400 ) ) ;
#701 = CARTESIAN_POINT ( 'NONE',  ( -6.787356159544177800, -6.858783169461978500, 0.3450000000000001400 ) ) ;
#702 = CARTESIAN_POINT ( 'NONE',  ( -6.787356159544177800, -6.858783169461978500, 0.3649999999999999900 ) ) ;
#703 = CARTESIAN_POINT ( 'NONE',  ( -6.836728088926685500, -6.836242570628522600, 0.3450000000000000300 ) ) ;
#704 = CARTESIAN_POINT ( 'NONE',  ( -6.836728088926685500, -6.836242570628522600, 0.3649999999999998800 ) ) ;
#705 = CARTESIAN_POINT ( 'NONE',  ( -6.832200010068556900, -6.840885859333033300, 0.3450000000000001400 ) ) ;
#706 = CARTESIAN_POINT ( 'NONE',  ( -6.832200010068556900, -6.840885859333033300, 0.3649999999999999900 ) ) ;
#707 = CARTESIAN_POINT ( 'NONE',  ( -6.785072731045818100, -6.858828402901417000, 0.3649999999999999900 ) ) ;
#708 = CARTESIAN_POINT ( 'NONE',  ( -6.376089190714619500, -6.852952334525347100, 0.3649999999999999400 ) ) ;
#709 = DIRECTION ( 'NONE',  ( 0.0000000000000000000, 0.0000000000000000000, -1.000000000000000000 ) ) ;
#710 = VECTOR ( 'NONE', #709, 39.37007874015748100 ) ;
#711 = CARTESIAN_POINT ( 'NONE',  ( -6.376089190714619500, -6.852952334525347100, 0.3649999999999999400 ) ) ;
#712 = DIRECTION ( 'NONE',  ( 0.0000000000000000000, 0.0000000000000000000, -1.000000000000000000 ) ) ;
#713 = DIRECTION ( 'NONE',  ( 1.000000000000000000, 0.0000000000000000000, 0.0000000000000000000 ) ) ;
#714 = CARTESIAN_POINT ( 'NONE',  ( -6.285010130885559900, -6.717802761875773900, 0.3649999999999999400 ) ) ;
#715 = AXIS2_PLACEMENT_3D ( 'NONE', #714, #713, #712 ) ;
#716 = LINE ( 'NONE', #711, #710 ) ;
#717 = PLANE ( 'NONE',  #715 ) ;
#718 = DIRECTION ( 'NONE',  ( 0.0000000000000000000, -1.000000000000000000, 5.621473511994755300E-012 ) ) ;
#719 = DIRECTION ( 'NONE',  ( 4.102792990835540000E-014, 5.621473511994755300E-012, 1.000000000000000000 ) ) ;
#720 = CARTESIAN_POINT ( 'NONE',  ( -6.171977970992925200, -6.624276302688413100, 0.3649999999999998800 ) ) ;
#721 = AXIS2_PLACEMENT_3D ( 'NONE', #720, #719, #718 ) ;
#722 = PLANE ( 'NONE',  #721 ) ;
#723 = FACE_OUTER_BOUND ( 'NONE', #4552, .T. ) ;
#724 = B_SPLINE_SURFACE_WITH_KNOTS ( 'NONE', 3, 1, ( 
 ( #665, #664 ),
 ( #702, #701 ),
 ( #700, #699 ),
 ( #698, #697 ),
 ( #741, #740 ),
 ( #739, #650 ),
 ( #649, #648 ),
 ( #669, #668 ),
 ( #667, #666 ),
 ( #706, #705 ),
 ( #704, #703 ),
 ( #674, #673 ),
 ( #672, #671 ),
 ( #670, #746 ),
 ( #745, #744 ),
 ( #743, #742 ),
 ( #663, #662 ),
 ( #661, #660 ),
 ( #659, #658 ) ),
 .UNSPECIFIED., .F., .F., .F.,
 ( 4, 1, 1, 1, 1, 1, 1, 1, 1, 1, 1, 1, 1, 1, 1, 1, 4 ),
 ( 2, 2 ),
 ( 0.0000000000000000000, 0.06542114375889075700, 0.1287083718818783400, 0.1902361418635397100, 0.2507244020335367400, 0.3106371794134388800, 0.3707664082897265700, 0.4316147444123565300, 0.4935229735663481100, 0.5558834553775275900, 0.6173423673185138800, 0.6786680390972736900, 0.7407113595451454400, 0.8029853625127403300, 0.8668025802655174900, 0.9323471713458896200, 1.000000000000000000 ),
 ( 0.0000000000000000000, 1.000000000000000000 ),
 .UNSPECIFIED. ) ;
#725 = CARTESIAN_POINT ( 'NONE',  ( -6.661078506953937300, -6.738369001192015000, 0.3649999999999999400 ) ) ;
#726 = B_SPLINE_CURVE_WITH_KNOTS ( 'NONE', 3,
 ( #689, #688, #687, #656, #655, #654, #653, #652, #651, #686, #685, #684, #683, #682, #681, #680, #679, #678, #677, #676, #675, #738, #737 ),
 .UNSPECIFIED., .F., .F.,
 ( 4, 1, 1, 1, 1, 1, 1, 1, 1, 1, 1, 1, 1, 1, 1, 1, 1, 1, 1, 1, 4 ),
 ( 0.0000000000000000000, 0.07295106587586930300, 0.1415836941865405400, 0.2059264601708631900, 0.2653013571846066200, 0.3205972327139248700, 0.3718165030988109800, 0.4187897697094490300, 0.4616987286157580000, 0.5021335821035668400, 0.5408043152926468300, 0.5781805253279648200, 0.6142968652075168100, 0.6496782432647898500, 0.6842994600896381600, 0.7183589527723571700, 0.7520808646475925000, 0.8176524386023797900, 0.8797220764054357600, 0.9399655597309876100, 1.000000000000000000 ),
 .UNSPECIFIED. ) ;
#727 = CARTESIAN_POINT ( 'NONE',  ( -6.525928934304364900, -6.738460814760391500, 0.3649999999999999400 ) ) ;
#728 = DIRECTION ( 'NONE',  ( 0.0000000000000000000, 0.0000000000000000000, -1.000000000000000000 ) ) ;
#729 = VECTOR ( 'NONE', #728, 39.37007874015748100 ) ;
#730 = CARTESIAN_POINT ( 'NONE',  ( -6.525928934304364900, -6.738460814760391500, 0.3649999999999999400 ) ) ;
#731 = FACE_BOUND ( 'NONE', #4646, .T. ) ;
#732 = FACE_OUTER_BOUND ( 'NONE', #4550, .T. ) ;
#733 = CARTESIAN_POINT ( 'NONE',  ( -6.376089190714619500, -6.741307035380048200, 0.3649999999999999400 ) ) ;
#734 = DIRECTION ( 'NONE',  ( 0.0000000000000000000, 0.0000000000000000000, -1.000000000000000000 ) ) ;
#735 = VECTOR ( 'NONE', #734, 39.37007874015748100 ) ;
#736 = CARTESIAN_POINT ( 'NONE',  ( -6.376089190714619500, -6.741307035380048200, 0.3649999999999999400 ) ) ;
#737 = CARTESIAN_POINT ( 'NONE',  ( -6.604337721697526800, -6.835324129397142700, 0.3649999999999999400 ) ) ;
#738 = CARTESIAN_POINT ( 'NONE',  ( -6.606859116855797100, -6.835197857229848000, 0.3649999999999999900 ) ) ;
#739 = CARTESIAN_POINT ( 'NONE',  ( -6.810795071156617200, -6.854423907856081600, 0.3650000000000000500 ) ) ;
#740 = CARTESIAN_POINT ( 'NONE',  ( -6.804762743104642900, -6.856429854096154100, 0.3450000000000000800 ) ) ;
#741 = CARTESIAN_POINT ( 'NONE',  ( -6.804762743104642900, -6.856429854096154100, 0.3649999999999999400 ) ) ;
#742 = CARTESIAN_POINT ( 'NONE',  ( -6.852234870260484300, -6.807790103600375200, 0.3450000000000000300 ) ) ;
#743 = CARTESIAN_POINT ( 'NONE',  ( -6.852234870260484300, -6.807790103600375200, 0.3649999999999998800 ) ) ;
#744 = CARTESIAN_POINT ( 'NONE',  ( -6.850151746028086700, -6.814149347706399200, 0.3450000000000002000 ) ) ;
#745 = CARTESIAN_POINT ( 'NONE',  ( -6.850151746028086700, -6.814149347706399200, 0.3650000000000000500 ) ) ;
#746 = CARTESIAN_POINT ( 'NONE',  ( -6.847500089870459700, -6.820162584851120300, 0.3449999999999999200 ) ) ;
#747 = CARTESIAN_POINT ( 'NONE',  ( -6.619439821558272800, -6.643691874402189300, 0.3649999999999998800 ) ) ;
#748 = CARTESIAN_POINT ( 'NONE',  ( -6.599575661590527900, -6.858749057686190500, 0.3649999999999998800 ) ) ;
#749 = CARTESIAN_POINT ( 'NONE',  ( -6.594209479476152300, -6.858056853323086300, 0.3650000000000000500 ) ) ;
#750 = CARTESIAN_POINT ( 'NONE',  ( -6.588955251514342100, -6.857069874687804000, 0.3649999999999998800 ) ) ;
#751 = CARTESIAN_POINT ( 'NONE',  ( -6.583839703733004500, -6.855642464147642600, 0.3649999999999999900 ) ) ;
#752 = CARTESIAN_POINT ( 'NONE',  ( -6.578869212780478600, -6.853774098369334500, 0.3649999999999998800 ) ) ;
#753 = CARTESIAN_POINT ( 'NONE',  ( -6.573972681727978400, -6.851598148098218200, 0.3650000000000001600 ) ) ;
#754 = CARTESIAN_POINT ( 'NONE',  ( -6.569261075500754100, -6.848899622179964700, 0.3649999999999999400 ) ) ;
#755 = CARTESIAN_POINT ( 'NONE',  ( -6.564650795360551100, -6.845882164733536600, 0.3649999999999999400 ) ) ;
#756 = CARTESIAN_POINT ( 'NONE',  ( -6.560236887180947100, -6.842434736744944100, 0.3649999999999999900 ) ) ;
#757 = CARTESIAN_POINT ( 'NONE',  ( -6.556067979823082800, -6.838560466556880400, 0.3649999999999999900 ) ) ;
#758 = CARTESIAN_POINT ( 'NONE',  ( -6.552092410318775400, -6.834337407930887000, 0.3649999999999999900 ) ) ;
#759 = CARTESIAN_POINT ( 'NONE',  ( -6.657157157902638300, -6.691881705183116800, 0.3649999999999999400 ) ) ;
#760 = CARTESIAN_POINT ( 'NONE',  ( -6.655776005548295500, -6.686134925840687700, 0.3649999999999998800 ) ) ;
#761 = CARTESIAN_POINT ( 'NONE',  ( -6.654101596808483300, -6.680924268764552000, 0.3649999999999999400 ) ) ;
#762 = CARTESIAN_POINT ( 'NONE',  ( -6.652197252177639800, -6.676169621207350200, 0.3649999999999999400 ) ) ;
#763 = CARTESIAN_POINT ( 'NONE',  ( -6.650133617496469400, -6.671728281883068800, 0.3649999999999998800 ) ) ;
#764 = CARTESIAN_POINT ( 'NONE',  ( -6.647843194054012800, -6.667604017526057800, 0.3649999999999999400 ) ) ;
#765 = CARTESIAN_POINT ( 'NONE',  ( -6.645349252892614800, -6.663775927999210100, 0.3649999999999998800 ) ) ;
#766 = CARTESIAN_POINT ( 'NONE',  ( -6.642686486812174900, -6.660213897860201900, 0.3650000000000000500 ) ) ;
#767 = CARTESIAN_POINT ( 'NONE',  ( -6.639795963631252500, -6.656963250252958100, 0.3649999999999998800 ) ) ;
#768 = B_SPLINE_CURVE_WITH_KNOTS ( 'NONE', 3,
 ( #820, #819, #822, #747, #769, #791, #792, #767, #766, #765, #764, #763, #762, #761, #760, #759, #782, #781, #780, #779, #778, #777, #808 ),
 .UNSPECIFIED., .F., .F.,
 ( 4, 1, 1, 1, 1, 1, 1, 1, 1, 1, 1, 1, 1, 1, 1, 1, 1, 1, 1, 1, 4 ),
 ( 0.0000000000000000000, 0.06038661931106810400, 0.1208832485860015400, 0.1827546186251429400, 0.2478110297583568900, 0.2812991000432504300, 0.3150876241506623800, 0.3497023955502787700, 0.3848565811185610300, 0.4209661972260995700, 0.4585111882611346300, 0.4971747221273168900, 0.5376020478662708600, 0.5805030184200120600, 0.6274675400267014600, 0.6783882095592466100, 0.7339832205925640500, 0.7937467045508327400, 0.8577136721607334600, 0.9266978643613861300, 1.000000000000000000 ),
 .UNSPECIFIED. ) ;
#769 = CARTESIAN_POINT ( 'NONE',  ( -6.626622844582476200, -6.646966532886203500, 0.3650000000000001600 ) ) ;
#770 = CARTESIAN_POINT ( 'NONE',  ( -6.705149019774450100, -6.778078369514664900, 0.3649999999999999400 ) ) ;
#771 = DIRECTION ( 'NONE',  ( 0.0000000000000000000, 0.0000000000000000000, -1.000000000000000000 ) ) ;
#772 = VECTOR ( 'NONE', #771, 39.37007874015748100 ) ;
#773 = CARTESIAN_POINT ( 'NONE',  ( -6.705149019774450100, -6.778078369514664900, 0.3649999999999999400 ) ) ;
#774 = LINE ( 'NONE', #773, #772 ) ;
#775 = CARTESIAN_POINT ( 'NONE',  ( -6.605026323460347000, -6.858828402901416200, 0.3649999999999999400 ) ) ;
#776 = CARTESIAN_POINT ( 'NONE',  ( -6.603203145018468100, -6.858801862916123100, 0.3649999999999999400 ) ) ;
#777 = CARTESIAN_POINT ( 'NONE',  ( -6.661071137802820500, -6.735292708234411800, 0.3649999999999997700 ) ) ;
#778 = CARTESIAN_POINT ( 'NONE',  ( -6.661056833588593100, -6.729321334761025700, 0.3649999999999999400 ) ) ;
#779 = CARTESIAN_POINT ( 'NONE',  ( -6.660655382206680700, -6.720674262234679100, 0.3649999999999999400 ) ) ;
#780 = CARTESIAN_POINT ( 'NONE',  ( -6.660139341566949900, -6.712602533064903700, 0.3649999999999999900 ) ) ;
#781 = CARTESIAN_POINT ( 'NONE',  ( -6.659336357558737900, -6.705119773022866000, 0.3649999999999997100 ) ) ;
#782 = CARTESIAN_POINT ( 'NONE',  ( -6.658433095904540800, -6.698197662383601700, 0.3650000000000000500 ) ) ;
#783 = CARTESIAN_POINT ( 'NONE',  ( -6.546987176722990600, -6.754523989543788100, 0.3649999999999999900 ) ) ;
#784 = CARTESIAN_POINT ( 'NONE',  ( -6.547690902592725200, -6.762191669443029500, 0.3449999999999998600 ) ) ;
#785 = CARTESIAN_POINT ( 'NONE',  ( -6.547690902592725200, -6.762191669443029500, 0.3649999999999998800 ) ) ;
#786 = CARTESIAN_POINT ( 'NONE',  ( -6.548565209824100300, -6.769553792723516300, 0.3449999999999999200 ) ) ;
#787 = DIRECTION ( 'NONE',  ( 0.0000000000000000000, 0.0000000000000000000, 1.000000000000000000 ) ) ;
#788 = DIRECTION ( 'NONE',  ( 0.0000000000000000000, 1.000000000000000000, 0.0000000000000000000 ) ) ;
#789 = CARTESIAN_POINT ( 'NONE',  ( -6.396655430030858900, -6.623785667858680200, 0.3649999999999999400 ) ) ;
#790 = CARTESIAN_POINT ( 'NONE',  ( -6.661078506953937300, -6.738369001192015000, 0.3449999999999999200 ) ) ;
#791 = CARTESIAN_POINT ( 'NONE',  ( -6.632335182210249900, -6.650564604892830200, 0.3649999999999997100 ) ) ;
#792 = CARTESIAN_POINT ( 'NONE',  ( -6.636713168231587200, -6.653991518141989300, 0.3650000000000000500 ) ) ;
#793 = CARTESIAN_POINT ( 'NONE',  ( -6.526054725227041300, -6.748793812723469900, 0.3649999999999999900 ) ) ;
#794 = CARTESIAN_POINT ( 'NONE',  ( -6.525971597578073400, -6.741965356351759200, 0.3649999999999998800 ) ) ;
#795 = CARTESIAN_POINT ( 'NONE',  ( -6.525928934304364900, -6.738460814760391500, 0.3649999999999999400 ) ) ;
#796 = B_SPLINE_CURVE_WITH_KNOTS ( 'NONE', 3,
 ( #795, #794, #793, #807, #806, #805, #804, #803, #802, #801, #800, #799, #798, #797, #758, #757, #756, #755, #754, #753, #752, #751, #750, #749, #748, #776, #775 ),
 .UNSPECIFIED., .F., .F.,
 ( 4, 1, 1, 1, 1, 1, 1, 1, 1, 1, 1, 1, 1, 1, 1, 1, 1, 1, 1, 1, 1, 1, 1, 1, 4 ),
 ( 0.0000000000000000000, 0.06506328961727911300, 0.1267731664665223400, 0.1855157632260748800, 0.2407646791677143500, 0.2929797960235949700, 0.3422503727797659400, 0.3889192861856593500, 0.4327756640583099700, 0.4746284326311195300, 0.5147746906379518900, 0.5536058934984450200, 0.5914264064311717300, 0.6280281199460685500, 0.6638036341103191700, 0.6989843361316644400, 0.7335914893067049200, 0.7676284691511420200, 0.8012083477865934400, 0.8342638397266216600, 0.8669806947287755900, 0.8997197415181605900, 0.9327019124985405100, 0.9661758834327527400, 1.000000000000000000 ),
 .UNSPECIFIED. ) ;
#797 = CARTESIAN_POINT ( 'NONE',  ( -6.548422246359487900, -6.829663805384448900, 0.3649999999999999400 ) ) ;
#798 = CARTESIAN_POINT ( 'NONE',  ( -6.544978935674764700, -6.824622155287769100, 0.3650000000000000500 ) ) ;
#799 = CARTESIAN_POINT ( 'NONE',  ( -6.541818411347725800, -6.819176743267073300, 0.3649999999999999400 ) ) ;
#800 = CARTESIAN_POINT ( 'NONE',  ( -6.538868368741004700, -6.813371156174060400, 0.3649999999999999400 ) ) ;
#801 = CARTESIAN_POINT ( 'NONE',  ( -6.536156953182556100, -6.807154079081723100, 0.3649999999999999900 ) ) ;
#802 = CARTESIAN_POINT ( 'NONE',  ( -6.533679674996793800, -6.800460133083449300, 0.3649999999999998800 ) ) ;
#803 = CARTESIAN_POINT ( 'NONE',  ( -6.531672808621558500, -6.793195937914879900, 0.3649999999999998800 ) ) ;
#804 = CARTESIAN_POINT ( 'NONE',  ( -6.529865327497965700, -6.785421003789005900, 0.3649999999999999900 ) ) ;
#805 = CARTESIAN_POINT ( 'NONE',  ( -6.528395323969939500, -6.777101754936848200, 0.3649999999999998800 ) ) ;
#806 = CARTESIAN_POINT ( 'NONE',  ( -6.527333955687821800, -6.768209403228238900, 0.3649999999999999400 ) ) ;
#807 = CARTESIAN_POINT ( 'NONE',  ( -6.526485473884452700, -6.758780959917028300, 0.3650000000000000500 ) ) ;
#808 = CARTESIAN_POINT ( 'NONE',  ( -6.661078506953937300, -6.738369001192015000, 0.3649999999999999400 ) ) ;
#809 = AXIS2_PLACEMENT_3D ( 'NONE', #789, #788, #787 ) ;
#810 = PLANE ( 'NONE',  #809 ) ;
#811 = FACE_OUTER_BOUND ( 'NONE', #4542, .T. ) ;
#812 = CARTESIAN_POINT ( 'NONE',  ( -6.122408301291545600, -6.852952334525348900, 0.3649999999999999400 ) ) ;
#813 = CARTESIAN_POINT ( 'NONE',  ( -6.206601343492399900, -6.747183103756118100, 0.3649999999999999400 ) ) ;
#814 = DIRECTION ( 'NONE',  ( -1.000000000000000000, 0.0000000000000000000, 0.0000000000000000000 ) ) ;
#815 = VECTOR ( 'NONE', #814, 39.37007874015748100 ) ;
#816 = CARTESIAN_POINT ( 'NONE',  ( -6.206601343492399900, -6.747183103756118100, 0.3649999999999999400 ) ) ;
#817 = LINE ( 'NONE', #816, #815 ) ;
#818 = CARTESIAN_POINT ( 'NONE',  ( -6.604337721697526800, -6.835324129397142700, 0.3649999999999999400 ) ) ;
#819 = CARTESIAN_POINT ( 'NONE',  ( -6.606872343798448500, -6.641546884374503400, 0.3649999999999999400 ) ) ;
#820 = CARTESIAN_POINT ( 'NONE',  ( -6.604337721697526800, -6.641413872986886300, 0.3649999999999999400 ) ) ;
#821 = CARTESIAN_POINT ( 'NONE',  ( -6.604337721697526800, -6.641413872986886300, 0.3649999999999999400 ) ) ;
#822 = CARTESIAN_POINT ( 'NONE',  ( -6.611946205474975400, -6.641813149464646000, 0.3649999999999999900 ) ) ;
#823 = CARTESIAN_POINT ( 'NONE',  ( -6.594220665788411900, -6.618615555165709100, 0.3649999999999999400 ) ) ;
#824 = CARTESIAN_POINT ( 'NONE',  ( -6.599579261786654000, -6.618005058928322800, 0.3649999999999999400 ) ) ;
#825 = CARTESIAN_POINT ( 'NONE',  ( -6.603203762369111600, -6.617941539761973000, 0.3649999999999999400 ) ) ;
#826 = CARTESIAN_POINT ( 'NONE',  ( -6.605026323460347000, -6.617909599482613800, 0.3649999999999999400 ) ) ;
#827 = B_SPLINE_CURVE_WITH_KNOTS ( 'NONE', 3,
 ( #826, #825, #824, #823, #873, #872, #871, #870, #869, #868, #879, #878, #877, #876, #875, #874, #900, #899, #898, #897, #896, #895, #851, #850, #849, #848, #847 ),
 .UNSPECIFIED., .F., .F.,
 ( 4, 1, 1, 1, 1, 1, 1, 1, 1, 1, 1, 1, 1, 1, 1, 1, 1, 1, 1, 1, 1, 1, 1, 1, 4 ),
 ( 0.0000000000000000000, 0.03378811616270710500, 0.06719393237387774600, 0.09986241085682580300, 0.1325666121262530900, 0.1651511732547825700, 0.1979131873557871400, 0.2313190035669627500, 0.2650832782673729900, 0.2992553087581109600, 0.3343985665049769000, 0.3699428235093051300, 0.4062835607000571100, 0.4440638196985058400, 0.4829977068727734400, 0.5233544466133028800, 0.5655365896041466600, 0.6096129240658154600, 0.6563908113764120900, 0.7058854949364530300, 0.7583245002617276000, 0.8138317829411483300, 0.8727945590393886300, 0.9347222295400697800, 1.000000000000000000 ),
 .UNSPECIFIED. ) ;
#828 = CARTESIAN_POINT ( 'NONE',  ( -6.554480666274218800, -6.793937210978178600, 0.3649999999999999400 ) ) ;
#829 = CARTESIAN_POINT ( 'NONE',  ( -6.555171555832143500, -6.795982015347998800, 0.3450000000000000300 ) ) ;
#830 = CARTESIAN_POINT ( 'NONE',  ( -6.601800017005780700, -6.835219512796387100, 0.3649999999999999400 ) ) ;
#831 = CARTESIAN_POINT ( 'NONE',  ( -6.604337721697526800, -6.835324129397142700, 0.3449999999999999200 ) ) ;
#832 = CARTESIAN_POINT ( 'NONE',  ( -6.604337721697526800, -6.835324129397142700, 0.3649999999999999400 ) ) ;
#833 = DIRECTION ( 'NONE',  ( 0.0000000000000000000, 0.0000000000000000000, -1.000000000000000000 ) ) ;
#834 = DIRECTION ( 'NONE',  ( 1.000000000000000000, 0.0000000000000000000, 0.0000000000000000000 ) ) ;
#835 = CARTESIAN_POINT ( 'NONE',  ( -6.713963122338552300, -6.623785667858681100, 0.3649999999999999400 ) ) ;
#836 = CARTESIAN_POINT ( 'NONE',  ( -6.555764388928639400, -6.797581168822350900, 0.3649999999999999400 ) ) ;
#837 = CARTESIAN_POINT ( 'NONE',  ( -6.556923909794428500, -6.800708949359695100, 0.3649999999999998800 ) ) ;
#838 = CARTESIAN_POINT ( 'NONE',  ( -6.558959128978933100, -6.805189431246806600, 0.3649999999999999400 ) ) ;
#839 = CARTESIAN_POINT ( 'NONE',  ( -6.561189453470881000, -6.809351266532076800, 0.3649999999999998800 ) ) ;
#840 = CARTESIAN_POINT ( 'NONE',  ( -6.563642131044832500, -6.813206012519650300, 0.3649999999999999400 ) ) ;
#841 = CARTESIAN_POINT ( 'NONE',  ( -6.566316314517455200, -6.816735133085504800, 0.3649999999999999400 ) ) ;
#842 = CARTESIAN_POINT ( 'NONE',  ( -6.569135853402964500, -6.820006052968664400, 0.3649999999999999400 ) ) ;
#843 = CARTESIAN_POINT ( 'NONE',  ( -6.572207799183711800, -6.822927250179628100, 0.3649999999999999400 ) ) ;
#844 = CARTESIAN_POINT ( 'NONE',  ( -6.576495346674875900, -6.826353509846081000, 0.3649999999999999400 ) ) ;
#845 = CARTESIAN_POINT ( 'NONE',  ( -6.582131009431231300, -6.829951263177102700, 0.3649999999999998800 ) ) ;
#846 = CARTESIAN_POINT ( 'NONE',  ( -6.589322277115190500, -6.832993911594369900, 0.3649999999999999900 ) ) ;
#847 = CARTESIAN_POINT ( 'NONE',  ( -6.525928934304364900, -6.738460814760391500, 0.3649999999999999400 ) ) ;
#848 = CARTESIAN_POINT ( 'NONE',  ( -6.525971159829613700, -6.734940920626320900, 0.3649999999999998800 ) ) ;
#849 = CARTESIAN_POINT ( 'NONE',  ( -6.526053443837193800, -6.728081775739721800, 0.3649999999999999400 ) ) ;
#850 = CARTESIAN_POINT ( 'NONE',  ( -6.526490372024428100, -6.718049488257293000, 0.3649999999999999900 ) ) ;
#851 = CARTESIAN_POINT ( 'NONE',  ( -6.527317509303377300, -6.708570741408305300, 0.3649999999999999400 ) ) ;
#852 = DIRECTION ( 'NONE',  ( 2.161907968744996100E-015, 1.279658099148783700E-013, 1.000000000000000000 ) ) ;
#853 = CARTESIAN_POINT ( 'NONE',  ( -6.668188235019095500, -6.816847788297522500, 0.3649999999999999900 ) ) ;
#854 = AXIS2_PLACEMENT_3D ( 'NONE', #853, #852, #866 ) ;
#855 = FACE_BOUND ( 'NONE', #4474, .T. ) ;
#856 = CARTESIAN_POINT ( 'NONE',  ( -6.548565209824100300, -6.769553792723516300, 0.3649999999999999400 ) ) ;
#857 = CARTESIAN_POINT ( 'NONE',  ( -6.549846144486267900, -6.776587580127698900, 0.3450000000000000300 ) ) ;
#858 = CARTESIAN_POINT ( 'NONE',  ( -6.549846144486267900, -6.776587580127698900, 0.3649999999999999900 ) ) ;
#859 = CARTESIAN_POINT ( 'NONE',  ( -6.551269950386507700, -6.783344903956968400, 0.3450000000000000800 ) ) ;
#860 = CARTESIAN_POINT ( 'NONE',  ( -6.551269950386507700, -6.783344903956968400, 0.3650000000000000500 ) ) ;
#861 = CARTESIAN_POINT ( 'NONE',  ( -6.553077864178045600, -6.789785381176524300, 0.3449999999999999200 ) ) ;
#862 = CARTESIAN_POINT ( 'NONE',  ( -6.553077864178045600, -6.789785381176524300, 0.3649999999999999400 ) ) ;
#863 = CARTESIAN_POINT ( 'NONE',  ( -6.554480666274218800, -6.793937210978178600, 0.3449999999999999200 ) ) ;
#864 = FACE_OUTER_BOUND ( 'NONE', #4443, .T. ) ;
#865 = B_SPLINE_CURVE_WITH_KNOTS ( 'NONE', 3,
 ( #894, #893, #892, #846, #845, #844, #843, #842, #841, #840, #839, #838, #837, #836, #891 ),
 .UNSPECIFIED., .F., .F.,
 ( 4, 1, 1, 1, 1, 1, 1, 1, 1, 1, 1, 1, 4 ),
 ( 0.0000000000000000000, 0.1128134007444532300, 0.2253938839207322300, 0.3395948145626906900, 0.4596754102248624100, 0.5217351900879384500, 0.5839258387389140200, 0.6481741447653678300, 0.7138810381130691300, 0.7810044549073935600, 0.8514509275565551600, 0.9240506926641863800, 1.000000000000000000 ),
 .UNSPECIFIED. ) ;
#866 = DIRECTION ( 'NONE',  ( 0.0000000000000000000, -1.000000000000000000, 1.279658099148783700E-013 ) ) ;
#867 = FACE_OUTER_BOUND ( 'NONE', #4573, .T. ) ;
#868 = CARTESIAN_POINT ( 'NONE',  ( -6.564804401379910300, -6.630727186100778600, 0.3649999999999999400 ) ) ;
#869 = CARTESIAN_POINT ( 'NONE',  ( -6.569343884491333400, -6.627674432229514200, 0.3649999999999999900 ) ) ;
#870 = CARTESIAN_POINT ( 'NONE',  ( -6.574071729122658200, -6.625076411153386000, 0.3649999999999999900 ) ) ;
#871 = CARTESIAN_POINT ( 'NONE',  ( -6.578912803432790400, -6.622844516580764600, 0.3649999999999998800 ) ) ;
#872 = CARTESIAN_POINT ( 'NONE',  ( -6.583897177546750100, -6.621063847275682000, 0.3649999999999999400 ) ) ;
#873 = CARTESIAN_POINT ( 'NONE',  ( -6.588985865199955300, -6.619628545368483300, 0.3649999999999999400 ) ) ;
#874 = CARTESIAN_POINT ( 'NONE',  ( -6.541975865728708200, -6.657323989379553300, 0.3649999999999998800 ) ) ;
#875 = CARTESIAN_POINT ( 'NONE',  ( -6.545221745220316300, -6.651903601236961400, 0.3649999999999999400 ) ) ;
#876 = CARTESIAN_POINT ( 'NONE',  ( -6.548630147417886100, -6.646843268301430500, 0.3649999999999999900 ) ) ;
#877 = CARTESIAN_POINT ( 'NONE',  ( -6.552341030508649100, -6.642231003404091900, 0.3649999999999998800 ) ) ;
#878 = CARTESIAN_POINT ( 'NONE',  ( -6.556249113513839400, -6.637978343213882600, 0.3649999999999999900 ) ) ;
#879 = CARTESIAN_POINT ( 'NONE',  ( -6.560403444422728800, -6.634130787518426300, 0.3649999999999998800 ) ) ;
#880 = CARTESIAN_POINT ( 'NONE',  ( -6.555171555832143500, -6.795982015347998800, 0.3649999999999999900 ) ) ;
#881 = B_SPLINE_SURFACE_WITH_KNOTS ( 'NONE', 3, 1, ( 
 ( #880, #829 ),
 ( #828, #863 ),
 ( #862, #861 ),
 ( #860, #859 ),
 ( #858, #857 ),
 ( #856, #786 ),
 ( #785, #784 ),
 ( #783, #958 ),
 ( #926, #914 ),
 ( #967, #966 ),
 ( #957, #956 ) ),
 .UNSPECIFIED., .F., .F., .F.,
 ( 4, 1, 1, 1, 1, 1, 1, 1, 4 ),
 ( 2, 2 ),
 ( 0.0000000000000000000, 0.1105883385953464100, 0.2245417540536028300, 0.3425034940500996700, 0.4643240984173639400, 0.5907560327017757900, 0.7222274753555236700, 0.8588428362087283700, 1.000000000000000000 ),
 ( 0.0000000000000000000, 1.000000000000000000 ),
 .UNSPECIFIED. ) ;
#882 = LINE ( 'NONE', #889, #888 ) ;
#883 = PLANE ( 'NONE',  #854 ) ;
#884 = AXIS2_PLACEMENT_3D ( 'NONE', #835, #834, #833 ) ;
#885 = PLANE ( 'NONE',  #884 ) ;
#886 = FACE_OUTER_BOUND ( 'NONE', #4617, .T. ) ;
#887 = DIRECTION ( 'NONE',  ( -1.000000000000000000, 0.0000000000000000000, 0.0000000000000000000 ) ) ;
#888 = VECTOR ( 'NONE', #887, 39.37007874015748100 ) ;
#889 = CARTESIAN_POINT ( 'NONE',  ( -6.713963122338552300, -6.647289941362954500, 0.3649999999999999400 ) ) ;
#890 = CARTESIAN_POINT ( 'NONE',  ( -6.785072731045818100, -6.858828402901417000, 0.3649999999999999900 ) ) ;
#891 = CARTESIAN_POINT ( 'NONE',  ( -6.555171555832143500, -6.795982015347998800, 0.3649999999999999900 ) ) ;
#892 = CARTESIAN_POINT ( 'NONE',  ( -6.596729847035355500, -6.835010495589110700, 0.3649999999999999400 ) ) ;
#893 = CARTESIAN_POINT ( 'NONE',  ( -6.601800017005780700, -6.835219512796387100, 0.3649999999999999400 ) ) ;
#894 = CARTESIAN_POINT ( 'NONE',  ( -6.604337721697526800, -6.835324129397142700, 0.3649999999999999400 ) ) ;
#895 = CARTESIAN_POINT ( 'NONE',  ( -6.528453187014104500, -6.699639299053298000, 0.3649999999999999400 ) ) ;
#896 = CARTESIAN_POINT ( 'NONE',  ( -6.529919151274336600, -6.691274306801831000, 0.3649999999999999900 ) ) ;
#897 = CARTESIAN_POINT ( 'NONE',  ( -6.531679083740554500, -6.683445044567385200, 0.3649999999999999400 ) ) ;
#898 = CARTESIAN_POINT ( 'NONE',  ( -6.533857230752432500, -6.676192590009655700, 0.3649999999999999900 ) ) ;
#899 = CARTESIAN_POINT ( 'NONE',  ( -6.536272450122262400, -6.669431279016359700, 0.3649999999999999400 ) ) ;
#900 = CARTESIAN_POINT ( 'NONE',  ( -6.539070553854195100, -6.663199224574389800, 0.3649999999999999900 ) ) ;
#901 = CARTESIAN_POINT ( 'NONE',  ( -6.555171555832143500, -6.795982015347998800, 0.3450000000000000300 ) ) ;
#902 = VECTOR ( 'NONE', #955, 39.37007874015748100 ) ;
#903 = CARTESIAN_POINT ( 'NONE',  ( -6.396655430030858900, -6.852952334525347100, 0.3649999999999999400 ) ) ;
#904 = CARTESIAN_POINT ( 'NONE',  ( -6.546495173620604300, -6.738369001192015000, 0.3449999999999999200 ) ) ;
#905 = CARTESIAN_POINT ( 'NONE',  ( -6.546521284948487300, -6.741123871164396600, 0.3449999999999999200 ) ) ;
#906 = CARTESIAN_POINT ( 'NONE',  ( -6.546572667459108700, -6.746544971778371600, 0.3449999999999999200 ) ) ;
#907 = CARTESIAN_POINT ( 'NONE',  ( -6.546987176722990600, -6.754523989543788100, 0.3450000000000000300 ) ) ;
#908 = CARTESIAN_POINT ( 'NONE',  ( -6.547690902592725200, -6.762191669443029500, 0.3449999999999998600 ) ) ;
#909 = CARTESIAN_POINT ( 'NONE',  ( -6.548565209824100300, -6.769553792723516300, 0.3449999999999999200 ) ) ;
#910 = CARTESIAN_POINT ( 'NONE',  ( -6.549846144486267900, -6.776587580127698900, 0.3450000000000000300 ) ) ;
#911 = CARTESIAN_POINT ( 'NONE',  ( -6.551269950386507700, -6.783344903956968400, 0.3450000000000000800 ) ) ;
#912 = CARTESIAN_POINT ( 'NONE',  ( -6.553077864178045600, -6.789785381176524300, 0.3449999999999999200 ) ) ;
#913 = CARTESIAN_POINT ( 'NONE',  ( -6.554480666274218800, -6.793937210978178600, 0.3449999999999999200 ) ) ;
#914 = CARTESIAN_POINT ( 'NONE',  ( -6.546572667459108700, -6.746544971778371600, 0.3449999999999999200 ) ) ;
#915 = CARTESIAN_POINT ( 'NONE',  ( -6.546495173620604300, -6.738369001192015000, 0.3449999999999999200 ) ) ;
#916 = B_SPLINE_CURVE_WITH_KNOTS ( 'NONE', 3,
 ( #901, #913, #912, #911, #910, #909, #908, #907, #906, #905, #904 ),
 .UNSPECIFIED., .F., .F.,
 ( 4, 1, 1, 1, 1, 1, 1, 1, 4 ),
 ( 0.0000000000000000000, 0.1105883385953464100, 0.2245417540536028300, 0.3425034940500996700, 0.4643240984173639400, 0.5907560327017757900, 0.7222274753555236700, 0.8588428362087283700, 1.000000000000000000 ),
 .UNSPECIFIED. ) ;
#917 = LINE ( 'NONE', #903, #902 ) ;
#918 = CARTESIAN_POINT ( 'NONE',  ( -6.705149019774450100, -6.778078369514664900, 0.3649999999999999400 ) ) ;
#919 = CARTESIAN_POINT ( 'NONE',  ( -6.576495346674875900, -6.826353509846081000, 0.3449999999999999200 ) ) ;
#920 = CARTESIAN_POINT ( 'NONE',  ( -6.576495346674875900, -6.826353509846081000, 0.3649999999999999400 ) ) ;
#921 = CARTESIAN_POINT ( 'NONE',  ( -6.582131009431231300, -6.829951263177102700, 0.3449999999999998600 ) ) ;
#922 = CARTESIAN_POINT ( 'NONE',  ( -6.582131009431231300, -6.829951263177102700, 0.3649999999999998800 ) ) ;
#923 = CARTESIAN_POINT ( 'NONE',  ( -6.589322277115190500, -6.832993911594369900, 0.3450000000000000300 ) ) ;
#924 = CARTESIAN_POINT ( 'NONE',  ( -6.589322277115190500, -6.832993911594369900, 0.3649999999999999900 ) ) ;
#925 = CARTESIAN_POINT ( 'NONE',  ( -6.596729847035355500, -6.835010495589110700, 0.3449999999999999200 ) ) ;
#926 = CARTESIAN_POINT ( 'NONE',  ( -6.546572667459108700, -6.746544971778371600, 0.3649999999999999400 ) ) ;
#927 = CARTESIAN_POINT ( 'NONE',  ( -6.783158562622803700, -6.858811060226702900, 0.3649999999999999900 ) ) ;
#928 = CARTESIAN_POINT ( 'NONE',  ( -6.779369127275311200, -6.858776727331123100, 0.3649999999999998800 ) ) ;
#929 = CARTESIAN_POINT ( 'NONE',  ( -6.773778726261852500, -6.858228270115811000, 0.3649999999999999900 ) ) ;
#930 = CARTESIAN_POINT ( 'NONE',  ( -6.768347163581477600, -6.857475254600173800, 0.3649999999999999400 ) ) ;
#931 = CARTESIAN_POINT ( 'NONE',  ( -6.763102925850682300, -6.856366575435218100, 0.3649999999999999400 ) ) ;
#932 = CARTESIAN_POINT ( 'NONE',  ( -6.758037368520068500, -6.854951665889222700, 0.3649999999999999900 ) ) ;
#933 = CARTESIAN_POINT ( 'NONE',  ( -6.753161965513924300, -6.853176571788421400, 0.3649999999999999900 ) ) ;
#934 = CARTESIAN_POINT ( 'NONE',  ( -6.748406546534485400, -6.851191102081937600, 0.3649999999999999400 ) ) ;
#935 = CARTESIAN_POINT ( 'NONE',  ( -6.743879360149967400, -6.848770908524317100, 0.3649999999999999400 ) ) ;
#936 = CARTESIAN_POINT ( 'NONE',  ( -6.739515028807525200, -6.846140848125920700, 0.3649999999999999900 ) ) ;
#937 = CARTESIAN_POINT ( 'NONE',  ( -6.735410803156806700, -6.843162903879885100, 0.3649999999999999400 ) ) ;
#938 = CARTESIAN_POINT ( 'NONE',  ( -6.731503186278957600, -6.839957956876518500, 0.3649999999999999900 ) ) ;
#939 = CARTESIAN_POINT ( 'NONE',  ( -6.727823359218013400, -6.836471806895432700, 0.3649999999999999400 ) ) ;
#940 = CARTESIAN_POINT ( 'NONE',  ( -6.724415887551103300, -6.832683764853161500, 0.3649999999999999400 ) ) ;
#941 = CARTESIAN_POINT ( 'NONE',  ( -6.721249099435352600, -6.828618722613404300, 0.3649999999999998800 ) ) ;
#942 = CARTESIAN_POINT ( 'NONE',  ( -6.718251697169114000, -6.824320277065965000, 0.3649999999999999900 ) ) ;
#943 = CARTESIAN_POINT ( 'NONE',  ( -6.715551034916801500, -6.819723946237740400, 0.3649999999999998800 ) ) ;
#944 = CARTESIAN_POINT ( 'NONE',  ( -6.713152552012940300, -6.814922878706421500, 0.3649999999999999400 ) ) ;
#945 = FACE_OUTER_BOUND ( 'NONE', #4529, .T. ) ;
#946 = DIRECTION ( 'NONE',  ( -1.000000000000000000, 0.0000000000000000000, 0.0000000000000000000 ) ) ;
#947 = VECTOR ( 'NONE', #946, 39.37007874015748100 ) ;
#948 = CARTESIAN_POINT ( 'NONE',  ( -6.376089190714619500, -6.852952334525347100, 0.3649999999999999400 ) ) ;
#949 = LINE ( 'NONE', #948, #947 ) ;
#950 = DIRECTION ( 'NONE',  ( 0.0000000000000000000, 0.0000000000000000000, -1.000000000000000000 ) ) ;
#951 = VECTOR ( 'NONE', #950, 39.37007874015748100 ) ;
#952 = CARTESIAN_POINT ( 'NONE',  ( -6.555171555832143500, -6.795982015347998800, 0.3649999999999999900 ) ) ;
#953 = LINE ( 'NONE', #952, #951 ) ;
#954 = CARTESIAN_POINT ( 'NONE',  ( -6.396655430030858900, -6.852952334525347100, 0.3649999999999999400 ) ) ;
#955 = DIRECTION ( 'NONE',  ( 0.0000000000000000000, 0.0000000000000000000, -1.000000000000000000 ) ) ;
#956 = CARTESIAN_POINT ( 'NONE',  ( -6.546495173620604300, -6.738369001192015000, 0.3449999999999999200 ) ) ;
#957 = CARTESIAN_POINT ( 'NONE',  ( -6.546495173620604300, -6.738369001192015000, 0.3649999999999999400 ) ) ;
#958 = CARTESIAN_POINT ( 'NONE',  ( -6.546987176722990600, -6.754523989543788100, 0.3450000000000000300 ) ) ;
#959 = CARTESIAN_POINT ( 'NONE',  ( -6.710965907354559300, -6.810025612788717100, 0.3650000000000000500 ) ) ;
#960 = CARTESIAN_POINT ( 'NONE',  ( -6.709179124063332700, -6.804985810364933700, 0.3649999999999997700 ) ) ;
#961 = CARTESIAN_POINT ( 'NONE',  ( -6.707703132410833800, -6.799834839567497000, 0.3649999999999999900 ) ) ;
#962 = CARTESIAN_POINT ( 'NONE',  ( -6.706565959999257300, -6.794557956768533000, 0.3649999999999999400 ) ) ;
#963 = CARTESIAN_POINT ( 'NONE',  ( -6.705718978590290600, -6.789165152221473300, 0.3649999999999998800 ) ) ;
#964 = CARTESIAN_POINT ( 'NONE',  ( -6.705279071065732800, -6.783655710509935800, 0.3649999999999998800 ) ) ;
#965 = CARTESIAN_POINT ( 'NONE',  ( -6.705192566369730900, -6.779945895847232500, 0.3649999999999999400 ) ) ;
#966 = CARTESIAN_POINT ( 'NONE',  ( -6.546521284948487300, -6.741123871164396600, 0.3449999999999999200 ) ) ;
#967 = CARTESIAN_POINT ( 'NONE',  ( -6.546521284948487300, -6.741123871164396600, 0.3649999999999999400 ) ) ;
#968 = CARTESIAN_POINT ( 'NONE',  ( -6.601800017005780700, -6.835219512796387100, 0.3449999999999999200 ) ) ;
#969 = B_SPLINE_CURVE_WITH_KNOTS ( 'NONE', 3,
 ( #918, #965, #964, #963, #962, #961, #960, #959, #944, #943, #942, #941, #940, #939, #938, #937, #936, #935, #934, #933, #932, #931, #930, #929, #928, #927, #890 ),
 .UNSPECIFIED., .F., .F.,
 ( 4, 1, 1, 1, 1, 1, 1, 1, 1, 1, 1, 1, 1, 1, 1, 1, 1, 1, 1, 1, 1, 1, 1, 1, 4 ),
 ( 0.0000000000000000000, 0.04401447057613610400, 0.08743412366770336700, 0.1301183986578975900, 0.1725536945581802000, 0.2145547559681368600, 0.2562980920971248400, 0.2984382251332464700, 0.3408490025880958600, 0.3827151889670244400, 0.4239240454075334800, 0.4642462432504144700, 0.5040736714617964900, 0.5438619058684893700, 0.5835667249796506800, 0.6230943188523335700, 0.6632290607685833500, 0.7035512586114697200, 0.7439378946861808800, 0.7845412548000887400, 0.8257501112405970500, 0.8677573633885061800, 0.9107451640323087600, 0.9549144468914728700, 1.000000000000000000 ),
 .UNSPECIFIED. ) ;
#970 = CARTESIAN_POINT ( 'NONE',  ( -6.596729847035355500, -6.835010495589110700, 0.3649999999999999400 ) ) ;
#971 = DIRECTION ( 'NONE',  ( 0.0000000000000000000, 0.0000000000000000000, -1.000000000000000000 ) ) ;
#972 = DIRECTION ( 'NONE',  ( 1.000000000000000000, 0.0000000000000000000, 0.0000000000000000000 ) ) ;
#973 = CARTESIAN_POINT ( 'NONE',  ( -6.376089190714619500, -6.741307035380048200, 0.3649999999999999400 ) ) ;
#974 = AXIS2_PLACEMENT_3D ( 'NONE', #973, #972, #971 ) ;
#975 = PLANE ( 'NONE',  #974 ) ;
#976 = CARTESIAN_POINT ( 'NONE',  ( -6.674237672230912500, -6.801848786780254800, 0.3649999999999999900 ) ) ;
#977 = CARTESIAN_POINT ( 'NONE',  ( -6.671936271643627200, -6.808472026104404900, 0.3649999999999999400 ) ) ;
#978 = CARTESIAN_POINT ( 'NONE',  ( -6.669340566897474800, -6.814582127398611400, 0.3649999999999999900 ) ) ;
#979 = CARTESIAN_POINT ( 'NONE',  ( -6.666500808595400500, -6.820268250704477200, 0.3649999999999999400 ) ) ;
#980 = CARTESIAN_POINT ( 'NONE',  ( -6.663430671056636900, -6.825567132272926300, 0.3649999999999999400 ) ) ;
#981 = DIRECTION ( 'NONE',  ( 0.0000000000000000000, 0.0000000000000000000, -1.000000000000000000 ) ) ;
#982 = VECTOR ( 'NONE', #981, 39.37007874015748100 ) ;
#983 = CARTESIAN_POINT ( 'NONE',  ( -6.604337721697526800, -6.835324129397142700, 0.3649999999999999400 ) ) ;
#984 = LINE ( 'NONE', #983, #982 ) ;
#985 = CARTESIAN_POINT ( 'NONE',  ( -6.124039382488248000, -6.701305433954114000, 0.3649999999999999400 ) ) ;
#986 = CARTESIAN_POINT ( 'NONE',  ( -6.126928809549133900, -6.706126855008965200, 0.3650000000000000500 ) ) ;
#987 = CARTESIAN_POINT ( 'NONE',  ( -6.223311412936843600, -6.647289941362956300, 0.3449999999999999200 ) ) ;
#988 = DIRECTION ( 'NONE',  ( 0.0000000000000000000, 0.0000000000000000000, -1.000000000000000000 ) ) ;
#989 = VECTOR ( 'NONE', #988, 39.37007874015748100 ) ;
#990 = CARTESIAN_POINT ( 'NONE',  ( -6.223311412936843600, -6.647289941362956300, 0.3649999999999999400 ) ) ;
#991 = LINE ( 'NONE', #990, #989 ) ;
#992 = CARTESIAN_POINT ( 'NONE',  ( -6.619439821558272800, -6.643691874402189300, 0.3449999999999998600 ) ) ;
#993 = CARTESIAN_POINT ( 'NONE',  ( -6.611946205474975400, -6.641813149464646000, 0.3450000000000000300 ) ) ;
#994 = CARTESIAN_POINT ( 'NONE',  ( -6.604337721697526800, -6.641413872986886300, 0.3450000000000000300 ) ) ;
#995 = CARTESIAN_POINT ( 'NONE',  ( -6.661078506953937300, -6.738369001192015000, 0.3449999999999999200 ) ) ;
#996 = CARTESIAN_POINT ( 'NONE',  ( -6.661071137802820500, -6.735292708234411800, 0.3449999999999998100 ) ) ;
#997 = CARTESIAN_POINT ( 'NONE',  ( -6.661056833588593100, -6.729321334761025700, 0.3449999999999999200 ) ) ;
#998 = CARTESIAN_POINT ( 'NONE',  ( -6.660655382206680700, -6.720674262234679100, 0.3449999999999999200 ) ) ;
#999 = CARTESIAN_POINT ( 'NONE',  ( -6.660139341566949900, -6.712602533064903700, 0.3450000000000000300 ) ) ;
#1000 = CARTESIAN_POINT ( 'NONE',  ( -6.659336357558737900, -6.705119773022866000, 0.3449999999999997500 ) ) ;
#1001 = CARTESIAN_POINT ( 'NONE',  ( -6.658433095904540800, -6.698197662383601700, 0.3450000000000000800 ) ) ;
#1002 = CARTESIAN_POINT ( 'NONE',  ( -6.630691299319074100, -6.853994518868462100, 0.3649999999999998800 ) ) ;
#1003 = CARTESIAN_POINT ( 'NONE',  ( -6.625799801307641300, -6.855710966484353200, 0.3649999999999999400 ) ) ;
#1004 = CARTESIAN_POINT ( 'NONE',  ( -6.620804049555181900, -6.857113244133179500, 0.3650000000000000500 ) ) ;
#1005 = CARTESIAN_POINT ( 'NONE',  ( -6.615678413377563200, -6.858114735414934800, 0.3649999999999998800 ) ) ;
#1006 = CARTESIAN_POINT ( 'NONE',  ( -6.610397599807122900, -6.858737658309998200, 0.3649999999999999400 ) ) ;
#1007 = CARTESIAN_POINT ( 'NONE',  ( -6.606833735685572000, -6.858797867722564900, 0.3649999999999999400 ) ) ;
#1008 = CARTESIAN_POINT ( 'NONE',  ( -6.605026323460347000, -6.858828402901416200, 0.3649999999999999400 ) ) ;
#1009 = CARTESIAN_POINT ( 'NONE',  ( -6.657157157902638300, -6.691881705183116800, 0.3449999999999999200 ) ) ;
#1010 = CARTESIAN_POINT ( 'NONE',  ( -6.655776005548295500, -6.686134925840687700, 0.3449999999999998600 ) ) ;
#1011 = CARTESIAN_POINT ( 'NONE',  ( -6.654101596808483300, -6.680924268764552000, 0.3449999999999999200 ) ) ;
#1012 = CARTESIAN_POINT ( 'NONE',  ( -6.652197252177639800, -6.676169621207350200, 0.3449999999999999200 ) ) ;
#1013 = CARTESIAN_POINT ( 'NONE',  ( -6.650133617496469400, -6.671728281883068800, 0.3449999999999998600 ) ) ;
#1014 = CARTESIAN_POINT ( 'NONE',  ( -6.647843194054012800, -6.667604017526057800, 0.3449999999999999200 ) ) ;
#1015 = CARTESIAN_POINT ( 'NONE',  ( -6.681644746270176700, -6.738460814760391500, 0.3649999999999999400 ) ) ;
#1016 = CARTESIAN_POINT ( 'NONE',  ( -6.681623380933743300, -6.742103277203401700, 0.3649999999999999400 ) ) ;
#1017 = CARTESIAN_POINT ( 'NONE',  ( -6.681581798941948600, -6.749192369569367900, 0.3649999999999999400 ) ) ;
#1018 = CARTESIAN_POINT ( 'NONE',  ( -6.606872343798448500, -6.641546884374503400, 0.3449999999999999200 ) ) ;
#1019 = CARTESIAN_POINT ( 'NONE',  ( -6.604337721697526800, -6.641413872986886300, 0.3450000000000000300 ) ) ;
#1020 = CARTESIAN_POINT ( 'NONE',  ( -6.154885647138400800, -6.745328327002480000, 0.3649999999999998800 ) ) ;
#1021 = FACE_OUTER_BOUND ( 'NONE', #4634, .T. ) ;
#1022 = CARTESIAN_POINT ( 'NONE',  ( -6.645349252892614800, -6.663775927999210100, 0.3449999999999998600 ) ) ;
#1023 = CARTESIAN_POINT ( 'NONE',  ( -6.642686486812174900, -6.660213897860201900, 0.3450000000000000800 ) ) ;
#1024 = CARTESIAN_POINT ( 'NONE',  ( -6.639795963631252500, -6.656963250252958100, 0.3449999999999998600 ) ) ;
#1025 = CARTESIAN_POINT ( 'NONE',  ( -6.636713168231587200, -6.653991518141989300, 0.3450000000000000800 ) ) ;
#1026 = CARTESIAN_POINT ( 'NONE',  ( -6.632335182210249900, -6.650564604892830200, 0.3449999999999997500 ) ) ;
#1027 = CARTESIAN_POINT ( 'NONE',  ( -6.626622844582476200, -6.646966532886203500, 0.3450000000000001400 ) ) ;
#1028 = CARTESIAN_POINT ( 'NONE',  ( -6.167295591446109200, -6.746729405441113800, 0.3450000000000000800 ) ) ;
#1029 = CARTESIAN_POINT ( 'NONE',  ( -6.167295591446109200, -6.746729405441113800, 0.3649999999999999400 ) ) ;
#1030 = CARTESIAN_POINT ( 'NONE',  ( -6.160893981724195900, -6.746137068898476300, 0.3450000000000000800 ) ) ;
#1031 = CARTESIAN_POINT ( 'NONE',  ( -6.160893981724195900, -6.746137068898476300, 0.3649999999999999400 ) ) ;
#1032 = CARTESIAN_POINT ( 'NONE',  ( -6.154885647138400800, -6.745328327002480000, 0.3450000000000000300 ) ) ;
#1033 = CARTESIAN_POINT ( 'NONE',  ( -6.149284988324925600, -6.744257127898460000, 0.3450000000000002000 ) ) ;
#1034 = B_SPLINE_CURVE_WITH_KNOTS ( 'NONE', 3,
 ( #1019, #1018, #993, #992, #1027, #1026, #1025, #1024, #1023, #1022, #1014, #1013, #1012, #1011, #1010, #1009, #1001, #1000, #999, #998, #997, #996, #995 ),
 .UNSPECIFIED., .F., .F.,
 ( 4, 1, 1, 1, 1, 1, 1, 1, 1, 1, 1, 1, 1, 1, 1, 1, 1, 1, 1, 1, 4 ),
 ( 0.0000000000000000000, 0.06038661931106810400, 0.1208832485860015400, 0.1827546186251429400, 0.2478110297583568900, 0.2812991000432504300, 0.3150876241506623800, 0.3497023955502787700, 0.3848565811185610300, 0.4209661972260995700, 0.4585111882611346300, 0.4971747221273168900, 0.5376020478662708600, 0.5805030184200120600, 0.6274675400267014600, 0.6783882095592466100, 0.7339832205925640500, 0.7937467045508327400, 0.8577136721607334600, 0.9266978643613861300, 1.000000000000000000 ),
 .UNSPECIFIED. ) ;
#1035 = B_SPLINE_CURVE_WITH_KNOTS ( 'NONE', 3,
 ( #1008, #1007, #1006, #1005, #1004, #1003, #1002, #1049, #1048, #1047, #1046, #1045, #1044, #1043, #980, #979, #978, #977, #976, #1054, #1053, #1052, #1051, #1050, #1017, #1016, #1015 ),
 .UNSPECIFIED., .F., .F.,
 ( 4, 1, 1, 1, 1, 1, 1, 1, 1, 1, 1, 1, 1, 1, 1, 1, 1, 1, 1, 1, 1, 1, 1, 1, 4 ),
 ( 0.0000000000000000000, 0.03378714634699001000, 0.06662165772429357000, 0.09928487809597699700, 0.1313611650426498300, 0.1635851875953464300, 0.1961039269870707400, 0.2289022543238172500, 0.2621580559050126200, 0.2959912222583185900, 0.3302178457247989500, 0.3650598258919547900, 0.4009507373401088900, 0.4376203820767419200, 0.4757075294370963200, 0.5153806916250519600, 0.5564135414931695700, 0.5997648298727345000, 0.6464241555840918300, 0.6964314445175698900, 0.7497815178015566600, 0.8065733069755337500, 0.8674355315654043200, 0.9318867532508736700, 1.000000000000000000 ),
 .UNSPECIFIED. ) ;
#1036 = B_SPLINE_SURFACE_WITH_KNOTS ( 'NONE', 3, 1, ( 
 ( #832, #831 ),
 ( #830, #968 ),
 ( #970, #925 ),
 ( #924, #923 ),
 ( #922, #921 ),
 ( #920, #919 ),
 ( #1145, #1140 ),
 ( #1118, #1110 ),
 ( #1076, #1111 ),
 ( #1112, #1109 ),
 ( #1148, #1147 ),
 ( #1097, #1075 ),
 ( #1074, #1096 ),
 ( #1089, #1088 ),
 ( #1057, #1056 ) ),
 .UNSPECIFIED., .F., .F., .F.,
 ( 4, 1, 1, 1, 1, 1, 1, 1, 1, 1, 1, 1, 4 ),
 ( 2, 2 ),
 ( 0.0000000000000000000, 0.1128134007444532300, 0.2253938839207322300, 0.3395948145626906900, 0.4596754102248624100, 0.5217351900879384500, 0.5839258387389140200, 0.6481741447653678300, 0.7138810381130691300, 0.7810044549073935600, 0.8514509275565551600, 0.9240506926641863800, 1.000000000000000000 ),
 ( 0.0000000000000000000, 1.000000000000000000 ),
 .UNSPECIFIED. ) ;
#1037 = CARTESIAN_POINT ( 'NONE',  ( -6.181168985052229600, -6.747183103756119000, 0.3450000000000001400 ) ) ;
#1038 = CARTESIAN_POINT ( 'NONE',  ( -6.181168985052229600, -6.747183103756119000, 0.3649999999999999900 ) ) ;
#1039 = CARTESIAN_POINT ( 'NONE',  ( -6.178766052343820400, -6.747154742283133700, 0.3450000000000001400 ) ) ;
#1040 = CARTESIAN_POINT ( 'NONE',  ( -6.178766052343820400, -6.747154742283133700, 0.3649999999999999900 ) ) ;
#1041 = CARTESIAN_POINT ( 'NONE',  ( -6.174095041850458500, -6.747099611010641600, 0.3450000000000000800 ) ) ;
#1042 = CARTESIAN_POINT ( 'NONE',  ( -6.174095041850458500, -6.747099611010641600, 0.3649999999999999400 ) ) ;
#1043 = CARTESIAN_POINT ( 'NONE',  ( -6.660093081948584600, -6.830457761235190400, 0.3649999999999997700 ) ) ;
#1044 = CARTESIAN_POINT ( 'NONE',  ( -6.656581325687927400, -6.835006910962484000, 0.3649999999999999900 ) ) ;
#1045 = CARTESIAN_POINT ( 'NONE',  ( -6.652808258961336200, -6.839172729559333400, 0.3649999999999998800 ) ) ;
#1046 = CARTESIAN_POINT ( 'NONE',  ( -6.648742278851504900, -6.842889438937621800, 0.3649999999999999900 ) ) ;
#1047 = CARTESIAN_POINT ( 'NONE',  ( -6.644485530211992100, -6.846249787237690400, 0.3649999999999999400 ) ) ;
#1048 = CARTESIAN_POINT ( 'NONE',  ( -6.640014059282235000, -6.849182820784244900, 0.3649999999999999400 ) ) ;
#1049 = CARTESIAN_POINT ( 'NONE',  ( -6.635411889516774400, -6.851758265775410800, 0.3649999999999999900 ) ) ;
#1050 = CARTESIAN_POINT ( 'NONE',  ( -6.681114212838417100, -6.759527472534770700, 0.3649999999999998800 ) ) ;
#1051 = CARTESIAN_POINT ( 'NONE',  ( -6.680357679633046600, -6.769237969916056300, 0.3649999999999998800 ) ) ;
#1052 = CARTESIAN_POINT ( 'NONE',  ( -6.679249535505196200, -6.778317810596081300, 0.3649999999999998800 ) ) ;
#1053 = CARTESIAN_POINT ( 'NONE',  ( -6.677875651525072300, -6.786771923918458100, 0.3649999999999999900 ) ) ;
#1054 = CARTESIAN_POINT ( 'NONE',  ( -6.676270557881197800, -6.794636638187830300, 0.3649999999999999900 ) ) ;
#1055 = B_SPLINE_CURVE_WITH_KNOTS ( 'NONE', 3,
 ( #1154, #1160, #1159, #1061, #1060, #1059, #1058, #1153, #1152, #1151, #1150, #1149, #1108, #1107, #1106, #1105, #1104, #1103, #1158 ),
 .UNSPECIFIED., .F., .F.,
 ( 4, 1, 1, 1, 1, 1, 1, 1, 1, 1, 1, 1, 1, 1, 1, 1, 4 ),
 ( 0.0000000000000000000, 0.06421684263142604700, 0.1270637656931166100, 0.1887445383478215100, 0.2491321028350407000, 0.3094525327106215600, 0.3698266762476743500, 0.4306501418384625100, 0.4923519318794590300, 0.5540721062625142400, 0.6156897837449719600, 0.6767977025065377000, 0.7384390482469298500, 0.8013169100648904800, 0.8651845117115311000, 0.9316413244190729900, 1.000000000000000000 ),
 .UNSPECIFIED. ) ;
#1056 = CARTESIAN_POINT ( 'NONE',  ( -6.555171555832143500, -6.795982015347998800, 0.3450000000000000300 ) ) ;
#1057 = CARTESIAN_POINT ( 'NONE',  ( -6.555171555832143500, -6.795982015347998800, 0.3649999999999999900 ) ) ;
#1058 = CARTESIAN_POINT ( 'NONE',  ( -6.123424179252593200, -6.636955505368114800, 0.3649999999999998800 ) ) ;
#1059 = CARTESIAN_POINT ( 'NONE',  ( -6.127466403675778200, -6.634233347175272600, 0.3649999999999999400 ) ) ;
#1060 = CARTESIAN_POINT ( 'NONE',  ( -6.131774070744461000, -6.631878579773491800, 0.3649999999999999400 ) ) ;
#1061 = CARTESIAN_POINT ( 'NONE',  ( -6.136325603860351300, -6.629873723399259500, 0.3649999999999999900 ) ) ;
#1062 = CARTESIAN_POINT ( 'NONE',  ( -6.149284988324925600, -6.744257127898460000, 0.3650000000000000500 ) ) ;
#1063 = CARTESIAN_POINT ( 'NONE',  ( -6.144068698131743400, -6.743061403981503300, 0.3450000000000000300 ) ) ;
#1064 = CARTESIAN_POINT ( 'NONE',  ( -6.144068698131743400, -6.743061403981503300, 0.3649999999999998800 ) ) ;
#1065 = CARTESIAN_POINT ( 'NONE',  ( -6.139286755032529200, -6.741513785246690200, 0.3450000000000001400 ) ) ;
#1066 = CARTESIAN_POINT ( 'NONE',  ( -6.139286755032529200, -6.741513785246690200, 0.3649999999999999900 ) ) ;
#1067 = CARTESIAN_POINT ( 'NONE',  ( -6.133478087195247700, -6.739314249562922600, 0.3450000000000000800 ) ) ;
#1068 = CARTESIAN_POINT ( 'NONE',  ( -6.133478087195247700, -6.739314249562922600, 0.3649999999999999400 ) ) ;
#1069 = CARTESIAN_POINT ( 'NONE',  ( -6.126902358175420300, -6.735879839731278000, 0.3450000000000000300 ) ) ;
#1070 = CARTESIAN_POINT ( 'NONE',  ( -6.126902358175420300, -6.735879839731278000, 0.3649999999999998800 ) ) ;
#1071 = CARTESIAN_POINT ( 'NONE',  ( -6.119838681232643300, -6.730927226406875800, 0.3450000000000000300 ) ) ;
#1072 = CARTESIAN_POINT ( 'NONE',  ( -6.119838681232643300, -6.730927226406875800, 0.3649999999999998800 ) ) ;
#1073 = CARTESIAN_POINT ( 'NONE',  ( -6.113793605624688400, -6.725008803738174600, 0.3450000000000001400 ) ) ;
#1074 = CARTESIAN_POINT ( 'NONE',  ( -6.556923909794428500, -6.800708949359695100, 0.3649999999999998800 ) ) ;
#1075 = CARTESIAN_POINT ( 'NONE',  ( -6.558959128978933100, -6.805189431246806600, 0.3449999999999999200 ) ) ;
#1076 = CARTESIAN_POINT ( 'NONE',  ( -6.566316314517455200, -6.816735133085504800, 0.3649999999999999400 ) ) ;
#1077 = B_SPLINE_SURFACE_WITH_KNOTS ( 'NONE', 3, 1, ( 
 ( #1139, #1138 ),
 ( #1137, #1136 ),
 ( #1135, #1134 ),
 ( #1133, #1132 ),
 ( #1131, #1130 ),
 ( #1129, #1128 ),
 ( #1127, #1073 ),
 ( #1072, #1071 ),
 ( #1070, #1069 ),
 ( #1068, #1067 ),
 ( #1066, #1065 ),
 ( #1064, #1063 ),
 ( #1062, #1033 ),
 ( #1020, #1032 ),
 ( #1031, #1030 ),
 ( #1029, #1028 ),
 ( #1042, #1041 ),
 ( #1040, #1039 ),
 ( #1038, #1037 ) ),
 .UNSPECIFIED., .F., .F., .F.,
 ( 4, 1, 1, 1, 1, 1, 1, 1, 1, 1, 1, 1, 1, 1, 1, 1, 4 ),
 ( 2, 2 ),
 ( 0.0000000000000000000, 0.07878023558213677300, 0.1537206442085811700, 0.2267135303087758900, 0.2991911660659379300, 0.3711899968376675700, 0.4430064143534083700, 0.5166891732948792900, 0.5932172166234157600, 0.6338729178078493800, 0.6769891422899846400, 0.7228995063258285600, 0.7719586105061506700, 0.8242113233348393700, 0.8793786506272075500, 0.9379481193304248800, 1.000000000000000000 ),
 ( 0.0000000000000000000, 1.000000000000000000 ),
 .UNSPECIFIED. ) ;
#1078 = LINE ( 'NONE', #1199, #1196 ) ;
#1079 = CARTESIAN_POINT ( 'NONE',  ( -6.127043855741045600, -6.664412748108367700, 0.3450000000000000300 ) ) ;
#1080 = DIRECTION ( 'NONE',  ( 0.9999706738812845800, -0.007658418727749255100, 0.0000000000000000000 ) ) ;
#1081 = VECTOR ( 'NONE', #1080, 39.37007874015748100 ) ;
#1082 = CARTESIAN_POINT ( 'NONE',  ( -6.223311412936843600, -6.723678830251845500, 0.3649999999999999400 ) ) ;
#1083 = LINE ( 'NONE', #1082, #1081 ) ;
#1084 = CARTESIAN_POINT ( 'NONE',  ( -6.120558926665013100, -6.683182387542743200, 0.3649999999999999900 ) ) ;
#1085 = CARTESIAN_POINT ( 'NONE',  ( -6.120480216355647800, -6.685025317965520100, 0.3649999999999998800 ) ) ;
#1086 = B_SPLINE_CURVE_WITH_KNOTS ( 'NONE', 3,
 ( #1085, #1084, #1167, #1166, #1165, #1164, #1163, #1162, #1161, #1095, #1094, #1093, #1092, #1091, #1090, #1126, #1125, #1124, #1123 ),
 .UNSPECIFIED., .F., .F.,
 ( 4, 1, 1, 1, 1, 1, 1, 1, 1, 1, 1, 1, 1, 1, 1, 1, 4 ),
 ( 0.0000000000000000000, 0.06881429582431200500, 0.1363648245522158800, 0.2040193535112399800, 0.2730637386246053100, 0.3429133195614877900, 0.4109654441389533100, 0.4791687665134379300, 0.5493080065097700700, 0.5876515764176437600, 0.6306466687627900700, 0.6788787856966508300, 0.7319342992295733200, 0.7911114229480477000, 0.8552831895130748000, 0.9250859386773758700, 0.9999999999999998900 ),
 .UNSPECIFIED. ) ;
#1087 = FACE_OUTER_BOUND ( 'NONE', #4742, .T. ) ;
#1088 = CARTESIAN_POINT ( 'NONE',  ( -6.555764388928639400, -6.797581168822350900, 0.3449999999999999200 ) ) ;
#1089 = CARTESIAN_POINT ( 'NONE',  ( -6.555764388928639400, -6.797581168822350900, 0.3649999999999999400 ) ) ;
#1090 = CARTESIAN_POINT ( 'NONE',  ( -6.163717449841609400, -6.647799132171813100, 0.3649999999999999400 ) ) ;
#1091 = CARTESIAN_POINT ( 'NONE',  ( -6.159018771635456500, -6.648261063045248800, 0.3649999999999998800 ) ) ;
#1092 = CARTESIAN_POINT ( 'NONE',  ( -6.154757878512055100, -6.648798495602552100, 0.3649999999999999400 ) ) ;
#1093 = CARTESIAN_POINT ( 'NONE',  ( -6.150952960328049300, -6.649469264401539600, 0.3649999999999999400 ) ) ;
#1094 = CARTESIAN_POINT ( 'NONE',  ( -6.147585542111082500, -6.650304162032019100, 0.3649999999999998800 ) ) ;
#1095 = CARTESIAN_POINT ( 'NONE',  ( -6.143707111531225200, -6.651490580994556400, 0.3650000000000000500 ) ) ;
#1096 = CARTESIAN_POINT ( 'NONE',  ( -6.556923909794428500, -6.800708949359695100, 0.3449999999999998600 ) ) ;
#1097 = CARTESIAN_POINT ( 'NONE',  ( -6.558959128978933100, -6.805189431246806600, 0.3649999999999999400 ) ) ;
#1098 = CARTESIAN_POINT ( 'NONE',  ( -6.180342662936844500, -6.647289941362956300, 0.3649999999999999400 ) ) ;
#1099 = LINE ( 'NONE', #1098, #1102 ) ;
#1100 = CARTESIAN_POINT ( 'NONE',  ( -6.146096201932570200, -6.626907329183469000, 0.3649999999999999400 ) ) ;
#1101 = DIRECTION ( 'NONE',  ( -1.000000000000000000, 0.0000000000000000000, 0.0000000000000000000 ) ) ;
#1102 = VECTOR ( 'NONE', #1101, 39.37007874015748100 ) ;
#1103 = CARTESIAN_POINT ( 'NONE',  ( -6.099945246584064200, -6.683233345687861900, 0.3649999999999999400 ) ) ;
#1104 = CARTESIAN_POINT ( 'NONE',  ( -6.100006915697687000, -6.679608720707459000, 0.3649999999999999900 ) ) ;
#1105 = CARTESIAN_POINT ( 'NONE',  ( -6.100612648221133600, -6.674294609243630400, 0.3649999999999998800 ) ) ;
#1106 = CARTESIAN_POINT ( 'NONE',  ( -6.101622699608519400, -6.669194747553160800, 0.3650000000000000500 ) ) ;
#1107 = CARTESIAN_POINT ( 'NONE',  ( -6.103055185966879600, -6.664332369633583200, 0.3649999999999999400 ) ) ;
#1108 = CARTESIAN_POINT ( 'NONE',  ( -6.104834207913316200, -6.659663431566261100, 0.3649999999999999400 ) ) ;
#1109 = CARTESIAN_POINT ( 'NONE',  ( -6.563642131044832500, -6.813206012519650300, 0.3449999999999999200 ) ) ;
#1110 = CARTESIAN_POINT ( 'NONE',  ( -6.569135853402964500, -6.820006052968664400, 0.3449999999999999200 ) ) ;
#1111 = CARTESIAN_POINT ( 'NONE',  ( -6.566316314517455200, -6.816735133085504800, 0.3449999999999999200 ) ) ;
#1112 = CARTESIAN_POINT ( 'NONE',  ( -6.563642131044832500, -6.813206012519650300, 0.3649999999999999400 ) ) ;
#1113 = CARTESIAN_POINT ( 'NONE',  ( -6.181352612188980800, -6.724000177741161500, 0.3649999999999999400 ) ) ;
#1114 = CARTESIAN_POINT ( 'NONE',  ( -6.120480216355647800, -6.685025317965520100, 0.3649999999999998800 ) ) ;
#1115 = CARTESIAN_POINT ( 'NONE',  ( -6.120557159495176000, -6.686914679038913800, 0.3649999999999999900 ) ) ;
#1116 = CARTESIAN_POINT ( 'NONE',  ( -6.120709623780553200, -6.690658483719223800, 0.3649999999999999400 ) ) ;
#1117 = CARTESIAN_POINT ( 'NONE',  ( -6.122002283692536300, -6.696105552636389300, 0.3649999999999999900 ) ) ;
#1118 = CARTESIAN_POINT ( 'NONE',  ( -6.569135853402964500, -6.820006052968664400, 0.3649999999999999400 ) ) ;
#1119 = DIRECTION ( 'NONE',  ( 0.0000000000000000000, 0.0000000000000000000, -1.000000000000000000 ) ) ;
#1120 = VECTOR ( 'NONE', #1119, 39.37007874015748100 ) ;
#1121 = CARTESIAN_POINT ( 'NONE',  ( -6.180342662936844500, -6.647289941362956300, 0.3649999999999999400 ) ) ;
#1122 = LINE ( 'NONE', #1121, #1120 ) ;
#1123 = CARTESIAN_POINT ( 'NONE',  ( -6.180342662936844500, -6.647289941362956300, 0.3649999999999999400 ) ) ;
#1124 = CARTESIAN_POINT ( 'NONE',  ( -6.178337914055812300, -6.647294655695079200, 0.3649999999999998800 ) ) ;
#1125 = CARTESIAN_POINT ( 'NONE',  ( -6.174465198323041200, -6.647303762705114100, 0.3649999999999998800 ) ) ;
#1126 = CARTESIAN_POINT ( 'NONE',  ( -6.168877671044028500, -6.647488003807294100, 0.3649999999999999900 ) ) ;
#1127 = CARTESIAN_POINT ( 'NONE',  ( -6.113793605624688400, -6.725008803738174600, 0.3649999999999999900 ) ) ;
#1128 = CARTESIAN_POINT ( 'NONE',  ( -6.108763759000590100, -6.718270606720544400, 0.3450000000000000800 ) ) ;
#1129 = CARTESIAN_POINT ( 'NONE',  ( -6.108763759000590100, -6.718270606720544400, 0.3649999999999999400 ) ) ;
#1130 = CARTESIAN_POINT ( 'NONE',  ( -6.104814019839265500, -6.710795672095128900, 0.3450000000000001400 ) ) ;
#1131 = CARTESIAN_POINT ( 'NONE',  ( -6.104814019839265500, -6.710795672095128900, 0.3649999999999999900 ) ) ;
#1132 = CARTESIAN_POINT ( 'NONE',  ( -6.101947700095121400, -6.702729705065096700, 0.3450000000000000800 ) ) ;
#1133 = CARTESIAN_POINT ( 'NONE',  ( -6.101947700095121400, -6.702729705065096700, 0.3649999999999999400 ) ) ;
#1134 = CARTESIAN_POINT ( 'NONE',  ( -6.100197842116070700, -6.694082861639523200, 0.3450000000000000800 ) ) ;
#1135 = CARTESIAN_POINT ( 'NONE',  ( -6.100197842116070700, -6.694082861639523200, 0.3649999999999999400 ) ) ;
#1136 = CARTESIAN_POINT ( 'NONE',  ( -6.100010161439367800, -6.688124713742089600, 0.3450000000000000800 ) ) ;
#1137 = CARTESIAN_POINT ( 'NONE',  ( -6.100010161439367800, -6.688124713742089600, 0.3649999999999999400 ) ) ;
#1138 = CARTESIAN_POINT ( 'NONE',  ( -6.099913977039407500, -6.685071224749708400, 0.3450000000000000800 ) ) ;
#1139 = CARTESIAN_POINT ( 'NONE',  ( -6.099913977039407500, -6.685071224749708400, 0.3649999999999999400 ) ) ;
#1140 = CARTESIAN_POINT ( 'NONE',  ( -6.572207799183711800, -6.822927250179628100, 0.3449999999999999200 ) ) ;
#1141 = DIRECTION ( 'NONE',  ( 0.0000000000000000000, 0.0000000000000000000, -1.000000000000000000 ) ) ;
#1142 = VECTOR ( 'NONE', #1141, 39.37007874015748100 ) ;
#1143 = CARTESIAN_POINT ( 'NONE',  ( -6.376089190714619500, -6.717802761875773900, 0.3649999999999999400 ) ) ;
#1144 = LINE ( 'NONE', #1143, #1142 ) ;
#1145 = CARTESIAN_POINT ( 'NONE',  ( -6.572207799183711800, -6.822927250179628100, 0.3649999999999999400 ) ) ;
#1146 = DIRECTION ( 'NONE',  ( 0.0000000000000000000, 0.0000000000000000000, -1.000000000000000000 ) ) ;
#1147 = CARTESIAN_POINT ( 'NONE',  ( -6.561189453470881000, -6.809351266532076800, 0.3449999999999998600 ) ) ;
#1148 = CARTESIAN_POINT ( 'NONE',  ( -6.561189453470881000, -6.809351266532076800, 0.3649999999999998800 ) ) ;
#1149 = CARTESIAN_POINT ( 'NONE',  ( -6.107068679799910500, -6.655233212502188200, 0.3649999999999999400 ) ) ;
#1150 = CARTESIAN_POINT ( 'NONE',  ( -6.109660792249352200, -6.650996656994728100, 0.3649999999999999900 ) ) ;
#1151 = CARTESIAN_POINT ( 'NONE',  ( -6.112734182538874400, -6.647078790289490300, 0.3649999999999998800 ) ) ;
#1152 = CARTESIAN_POINT ( 'NONE',  ( -6.115993694038778900, -6.643344366143482600, 0.3649999999999998800 ) ) ;
#1153 = CARTESIAN_POINT ( 'NONE',  ( -6.119605718426755400, -6.639998061003751700, 0.3649999999999999900 ) ) ;
#1154 = CARTESIAN_POINT ( 'NONE',  ( -6.146096201932570200, -6.626907329183469000, 0.3649999999999999400 ) ) ;
#1155 = VECTOR ( 'NONE', #1146, 39.37007874015748100 ) ;
#1156 = CARTESIAN_POINT ( 'NONE',  ( -6.206601343492399900, -6.747183103756118100, 0.3649999999999999400 ) ) ;
#1157 = LINE ( 'NONE', #1156, #1155 ) ;
#1158 = CARTESIAN_POINT ( 'NONE',  ( -6.099913977039407500, -6.685071224749708400, 0.3649999999999999400 ) ) ;
#1159 = CARTESIAN_POINT ( 'NONE',  ( -6.141102096279626100, -6.628141249535803000, 0.3649999999999999400 ) ) ;
#1160 = CARTESIAN_POINT ( 'NONE',  ( -6.144419577733133400, -6.627321581677643200, 0.3649999999999998800 ) ) ;
#1161 = CARTESIAN_POINT ( 'NONE',  ( -6.139367925924849700, -6.653425689242352400, 0.3649999999999998800 ) ) ;
#1162 = CARTESIAN_POINT ( 'NONE',  ( -6.134725323861454500, -6.656453928001040400, 0.3649999999999999900 ) ) ;
#1163 = CARTESIAN_POINT ( 'NONE',  ( -6.130579514696922400, -6.660123682070278900, 0.3649999999999999400 ) ) ;
#1164 = CARTESIAN_POINT ( 'NONE',  ( -6.127043855741045600, -6.664412748108367700, 0.3649999999999999900 ) ) ;
#1165 = CARTESIAN_POINT ( 'NONE',  ( -6.124141804448350400, -6.669137803673298700, 0.3649999999999999400 ) ) ;
#1166 = CARTESIAN_POINT ( 'NONE',  ( -6.121988333050012400, -6.674183853979480200, 0.3649999999999998800 ) ) ;
#1167 = CARTESIAN_POINT ( 'NONE',  ( -6.120714901777430100, -6.679530371914978600, 0.3649999999999999400 ) ) ;
#1168 = CARTESIAN_POINT ( 'NONE',  ( -5.942729147979578700, -6.617909599482614700, 0.3649999999999999900 ) ) ;
#1169 = CARTESIAN_POINT ( 'NONE',  ( -6.052854307672594000, -6.692444782547001500, 0.3649999999999999400 ) ) ;
#1170 = CARTESIAN_POINT ( 'NONE',  ( -6.061419995819283800, -6.751444220906559000, 0.3649999999999999400 ) ) ;
#1171 = CARTESIAN_POINT ( 'NONE',  ( -6.059695618005251000, -6.763199783787286800, 0.3649999999999998800 ) ) ;
#1172 = CARTESIAN_POINT ( 'NONE',  ( -6.057030421579477200, -6.774523791241954000, 0.3649999999999999400 ) ) ;
#1173 = CARTESIAN_POINT ( 'NONE',  ( -6.026980944918798300, -6.652894373882015000, 0.3649999999999999900 ) ) ;
#1174 = B_SPLINE_CURVE_WITH_KNOTS ( 'NONE', 3,
 ( #1242, #1176, #1284, #1241, #1240, #1283, #1269, #1169, #1206, #1228, #1229, #1244, #1243, #1173, #1208, #1207, #1282, #1205, #1204, #1247, #1200, #1298, #1297, #1175, #1223, #1222, #1168 ),
 .UNSPECIFIED., .F., .F.,
 ( 4, 1, 1, 1, 1, 1, 1, 1, 1, 1, 1, 1, 1, 1, 1, 1, 1, 1, 1, 1, 1, 1, 1, 1, 4 ),
 ( 0.0000000000000000000, 0.04320898617133354900, 0.08587287163061788100, 0.1281200066967045100, 0.1701519644541968900, 0.2119176209878630100, 0.2537530026191237600, 0.2960064088559481400, 0.3384433571447858500, 0.3810153681620349600, 0.4228204794407639000, 0.4640890557943154700, 0.5051258486836875900, 0.5459749706852425900, 0.5869852111338616000, 0.6283385916346604400, 0.6700838015912097300, 0.7119916023637237200, 0.7530391548630172000, 0.7940493953116402000, 0.8348855427015843300, 0.8754983129295129700, 0.9165472998303785300, 0.9580037786449605600, 1.000000000000000000 ),
 .UNSPECIFIED. ) ;
#1175 = CARTESIAN_POINT ( 'NONE',  ( -5.958458783976858800, -6.618853372679660100, 0.3649999999999997700 ) ) ;
#1176 = CARTESIAN_POINT ( 'NONE',  ( -6.061684526698796200, -6.736653001869728800, 0.3649999999999999900 ) ) ;
#1177 = CARTESIAN_POINT ( 'NONE',  ( -6.061719532594962000, -6.739378950444151300, 0.3649999999999999400 ) ) ;
#1178 = CARTESIAN_POINT ( 'NONE',  ( -6.061618706005585700, -6.743440221611447100, 0.3649999999999998800 ) ) ;
#1179 = CARTESIAN_POINT ( 'NONE',  ( -6.122002283692536300, -6.696105552636389300, 0.3649999999999999900 ) ) ;
#1180 = CARTESIAN_POINT ( 'NONE',  ( -6.124039382488248000, -6.701305433954114000, 0.3450000000000002000 ) ) ;
#1181 = CARTESIAN_POINT ( 'NONE',  ( -6.124039382488248000, -6.701305433954114000, 0.3649999999999999400 ) ) ;
#1182 = CARTESIAN_POINT ( 'NONE',  ( -6.126928809549133900, -6.706126855008965200, 0.3450000000000003600 ) ) ;
#1183 = CARTESIAN_POINT ( 'NONE',  ( -6.126928809549133900, -6.706126855008965200, 0.3650000000000000500 ) ) ;
#1184 = CARTESIAN_POINT ( 'NONE',  ( -6.130524621961954200, -6.710512021773118000, 0.3450000000000000800 ) ) ;
#1185 = CARTESIAN_POINT ( 'NONE',  ( -6.130524621961954200, -6.710512021773118000, 0.3649999999999997700 ) ) ;
#1186 = CARTESIAN_POINT ( 'NONE',  ( -6.134780727409909300, -6.714346904575758200, 0.3450000000000003100 ) ) ;
#1187 = CARTESIAN_POINT ( 'NONE',  ( -6.134780727409909300, -6.714346904575758200, 0.3649999999999999900 ) ) ;
#1188 = CARTESIAN_POINT ( 'NONE',  ( -6.139778620616145800, -6.717395836037893800, 0.3450000000000002000 ) ) ;
#1189 = CARTESIAN_POINT ( 'NONE',  ( -6.130524621961954200, -6.710512021773118000, 0.3649999999999997700 ) ) ;
#1190 = CARTESIAN_POINT ( 'NONE',  ( -6.134780727409909300, -6.714346904575758200, 0.3649999999999999900 ) ) ;
#1191 = CARTESIAN_POINT ( 'NONE',  ( -6.139778620616145800, -6.717395836037893800, 0.3649999999999999400 ) ) ;
#1192 = CARTESIAN_POINT ( 'NONE',  ( -6.144377441121657800, -6.719491468186218300, 0.3649999999999999400 ) ) ;
#1193 = CARTESIAN_POINT ( 'NONE',  ( -6.148495797804095300, -6.720814193685678000, 0.3649999999999998800 ) ) ;
#1194 = CARTESIAN_POINT ( 'NONE',  ( -6.152026997630669800, -6.721668793025656900, 0.3649999999999999900 ) ) ;
#1195 = CARTESIAN_POINT ( 'NONE',  ( -6.155949899686843800, -6.722402321755564200, 0.3649999999999999400 ) ) ;
#1196 = VECTOR ( 'NONE', #1198, 39.37007874015748100 ) ;
#1197 = B_SPLINE_CURVE_WITH_KNOTS ( 'NONE', 3,
 ( #1290, #1289, #1288, #1287, #1286, #1285, #1195, #1194, #1193, #1192, #1191, #1190, #1189, #986, #985, #1117, #1116, #1115, #1114 ),
 .UNSPECIFIED., .F., .F.,
 ( 4, 1, 1, 1, 1, 1, 1, 1, 1, 1, 1, 1, 1, 1, 1, 1, 4 ),
 ( 0.0000000000000000000, 0.07166814967961290800, 0.1389132862742010200, 0.2011845700265562600, 0.2591244282905521600, 0.3122550414262363900, 0.3606815096231172400, 0.4050861433286393500, 0.4451016585907055000, 0.5187777804882590700, 0.5894615790331956300, 0.6584622419857215600, 0.7272832183683720600, 0.7963224869047183000, 0.8631748932078799900, 0.9309493809878534000, 1.000000000000000000 ),
 .UNSPECIFIED. ) ;
#1198 = DIRECTION ( 'NONE',  ( 0.9999706738812845800, -0.007658418727749255100, 0.0000000000000000000 ) ) ;
#1199 = CARTESIAN_POINT ( 'NONE',  ( -6.223311412936843600, -6.723678830251845500, 0.3449999999999999200 ) ) ;
#1200 = CARTESIAN_POINT ( 'NONE',  ( -5.981055219990943300, -6.624070529607501500, 0.3650000000000000500 ) ) ;
#1201 = CARTESIAN_POINT ( 'NONE',  ( -6.035029617476069100, -6.815168704717534000, 0.3649999999999999400 ) ) ;
#1202 = CARTESIAN_POINT ( 'NONE',  ( -6.026861515214124100, -6.824019223004282400, 0.3649999999999999900 ) ) ;
#1203 = CARTESIAN_POINT ( 'NONE',  ( -6.017934377051446400, -6.832149177292324200, 0.3649999999999998800 ) ) ;
#1204 = CARTESIAN_POINT ( 'NONE',  ( -5.995429427384603800, -6.630059500068368200, 0.3649999999999999400 ) ) ;
#1205 = CARTESIAN_POINT ( 'NONE',  ( -6.002344909668385000, -6.633815157692025000, 0.3649999999999999400 ) ) ;
#1206 = CARTESIAN_POINT ( 'NONE',  ( -6.049571341607517600, -6.685164895873194600, 0.3649999999999998800 ) ) ;
#1207 = CARTESIAN_POINT ( 'NONE',  ( -6.015386760057923600, -6.642575563718254200, 0.3649999999999998800 ) ) ;
#1208 = CARTESIAN_POINT ( 'NONE',  ( -6.021375106245285400, -6.647536217808868400, 0.3650000000000000500 ) ) ;
#1209 = B_SPLINE_CURVE_WITH_KNOTS ( 'NONE', 3,
 ( #1246, #1245, #1256, #1255, #1254, #1227, #1226, #1225, #1203, #1202, #1201, #1239, #1238, #1237, #1172, #1171, #1170, #1178, #1177 ),
 .UNSPECIFIED., .F., .F.,
 ( 4, 1, 1, 1, 1, 1, 1, 1, 1, 1, 1, 1, 1, 1, 1, 1, 4 ),
 ( 0.0000000000000000000, 0.06581887684330327300, 0.1297465269068316900, 0.1920719544880070700, 0.2534594242982024500, 0.3145695877964230200, 0.3762798811880254700, 0.4390256536685589500, 0.5032670288290853600, 0.5674928228792947000, 0.6297047956052441700, 0.6909996492157547400, 0.7514516509174485900, 0.8120043642646959100, 0.8731496810680431400, 0.9356354837317837300, 1.000000000000000000 ),
 .UNSPECIFIED. ) ;
#1210 = CARTESIAN_POINT ( 'NONE',  ( -6.160270907595093900, -6.722988731213798800, 0.3450000000000003100 ) ) ;
#1211 = CARTESIAN_POINT ( 'NONE',  ( -6.160270907595093900, -6.722988731213798800, 0.3649999999999999900 ) ) ;
#1212 = CARTESIAN_POINT ( 'NONE',  ( -6.164987861605724500, -6.723443747885845300, 0.3450000000000000800 ) ) ;
#1213 = CARTESIAN_POINT ( 'NONE',  ( -6.164987861605724500, -6.723443747885845300, 0.3649999999999997700 ) ) ;
#1214 = CARTESIAN_POINT ( 'NONE',  ( -6.170102868918870200, -6.723741227056521600, 0.3450000000000003600 ) ) ;
#1215 = CARTESIAN_POINT ( 'NONE',  ( -6.170102868918870200, -6.723741227056521600, 0.3650000000000000500 ) ) ;
#1216 = CARTESIAN_POINT ( 'NONE',  ( -6.175596364829136300, -6.724002724310557800, 0.3450000000000001400 ) ) ;
#1217 = CARTESIAN_POINT ( 'NONE',  ( -6.175596364829136300, -6.724002724310557800, 0.3649999999999998800 ) ) ;
#1218 = CARTESIAN_POINT ( 'NONE',  ( -6.179393562021478400, -6.724001044426849200, 0.3450000000000002000 ) ) ;
#1219 = DIRECTION ( 'NONE',  ( 0.0000000000000000000, 0.0000000000000000000, -1.000000000000000000 ) ) ;
#1220 = VECTOR ( 'NONE', #1219, 39.37007874015748100 ) ;
#1221 = CARTESIAN_POINT ( 'NONE',  ( -6.122408301291545600, -6.852952334525348900, 0.3649999999999999400 ) ) ;
#1222 = CARTESIAN_POINT ( 'NONE',  ( -5.945378687563030300, -6.617944443997252800, 0.3649999999999999400 ) ) ;
#1223 = CARTESIAN_POINT ( 'NONE',  ( -5.950643714399041600, -6.618013685198930900, 0.3649999999999999900 ) ) ;
#1224 = CARTESIAN_POINT ( 'NONE',  ( -5.940892876612056600, -6.858828402901416200, 0.3649999999999999400 ) ) ;
#1225 = CARTESIAN_POINT ( 'NONE',  ( -6.008406337648720500, -6.839312740107721400, 0.3650000000000000500 ) ) ;
#1226 = CARTESIAN_POINT ( 'NONE',  ( -5.998356391758002300, -6.845349931594118000, 0.3649999999999997700 ) ) ;
#1227 = CARTESIAN_POINT ( 'NONE',  ( -5.987824878510487300, -6.850301059796344700, 0.3650000000000000500 ) ) ;
#1228 = CARTESIAN_POINT ( 'NONE',  ( -6.045860108700217100, -6.678044792844489500, 0.3649999999999999900 ) ) ;
#1229 = CARTESIAN_POINT ( 'NONE',  ( -6.041717966508241700, -6.671195465676636800, 0.3649999999999999400 ) ) ;
#1230 = DIRECTION ( 'NONE',  ( 0.6227882322439379800, -0.7823904509760268900, 0.0000000000000000000 ) ) ;
#1231 = DIRECTION ( 'NONE',  ( -0.7823904509760270000, -0.6227882322439380900, 0.0000000000000000000 ) ) ;
#1232 = CARTESIAN_POINT ( 'NONE',  ( -6.122408301291545600, -6.852952334525348900, 0.3649999999999999400 ) ) ;
#1233 = AXIS2_PLACEMENT_3D ( 'NONE', #1232, #1231, #1230 ) ;
#1234 = PLANE ( 'NONE',  #1233 ) ;
#1235 = LINE ( 'NONE', #1221, #1220 ) ;
#1236 = FACE_OUTER_BOUND ( 'NONE', #4670, .T. ) ;
#1237 = CARTESIAN_POINT ( 'NONE',  ( -6.053123820074767500, -6.785351683323619400, 0.3650000000000000500 ) ) ;
#1238 = CARTESIAN_POINT ( 'NONE',  ( -6.048189316161384000, -6.795755687878616100, 0.3649999999999999400 ) ) ;
#1239 = CARTESIAN_POINT ( 'NONE',  ( -6.042150767075008300, -6.805685509444554500, 0.3649999999999998800 ) ) ;
#1240 = CARTESIAN_POINT ( 'NONE',  ( -6.059562055745141500, -6.715275197133505200, 0.3649999999999999400 ) ) ;
#1241 = CARTESIAN_POINT ( 'NONE',  ( -6.060777405228914300, -6.723190656868249300, 0.3649999999999999900 ) ) ;
#1242 = CARTESIAN_POINT ( 'NONE',  ( -6.061719532594962000, -6.739378950444151300, 0.3649999999999999400 ) ) ;
#1243 = CARTESIAN_POINT ( 'NONE',  ( -6.032295214739678900, -6.658567689609569100, 0.3649999999999997700 ) ) ;
#1244 = CARTESIAN_POINT ( 'NONE',  ( -6.037142768627460600, -6.664721207256029300, 0.3650000000000000500 ) ) ;
#1245 = CARTESIAN_POINT ( 'NONE',  ( -5.945045659402385500, -6.858726954952623500, 0.3649999999999999400 ) ) ;
#1246 = CARTESIAN_POINT ( 'NONE',  ( -5.940892876612056600, -6.858828402901416200, 0.3649999999999999400 ) ) ;
#1247 = CARTESIAN_POINT ( 'NONE',  ( -5.988300590744287900, -6.626836640777829900, 0.3649999999999998800 ) ) ;
#1248 = CARTESIAN_POINT ( 'NONE',  ( -6.179393562021478400, -6.724001044426849200, 0.3649999999999999400 ) ) ;
#1249 = CARTESIAN_POINT ( 'NONE',  ( -6.181352612188980800, -6.724000177741161500, 0.3450000000000002000 ) ) ;
#1250 = CARTESIAN_POINT ( 'NONE',  ( -6.181352612188980800, -6.724000177741161500, 0.3649999999999999400 ) ) ;
#1251 = B_SPLINE_SURFACE_WITH_KNOTS ( 'NONE', 3, 1, ( 
 ( #1250, #1249 ),
 ( #1248, #1218 ),
 ( #1217, #1216 ),
 ( #1215, #1214 ),
 ( #1213, #1212 ),
 ( #1211, #1210 ),
 ( #1265, #1264 ),
 ( #1263, #1262 ),
 ( #1261, #1260 ),
 ( #1259, #1258 ),
 ( #1257, #1188 ),
 ( #1187, #1186 ),
 ( #1185, #1184 ),
 ( #1183, #1182 ),
 ( #1181, #1180 ),
 ( #1179, #1280 ),
 ( #1279, #1278 ),
 ( #1277, #1276 ),
 ( #1275, #1274 ) ),
 .UNSPECIFIED., .F., .F., .F.,
 ( 4, 1, 1, 1, 1, 1, 1, 1, 1, 1, 1, 1, 1, 1, 1, 1, 4 ),
 ( 2, 2 ),
 ( 0.0000000000000000000, 0.07166814967961290800, 0.1389132862742010200, 0.2011845700265562600, 0.2591244282905521600, 0.3122550414262363900, 0.3606815096231172400, 0.4050861433286393500, 0.4451016585907055000, 0.5187777804882590700, 0.5894615790331956300, 0.6584622419857215600, 0.7272832183683720600, 0.7963224869047183000, 0.8631748932078799900, 0.9309493809878534000, 1.000000000000000000 ),
 ( 0.0000000000000000000, 1.000000000000000000 ),
 .UNSPECIFIED. ) ;
#1252 = FACE_OUTER_BOUND ( 'NONE', #4682, .T. ) ;
#1253 = DIRECTION ( 'NONE',  ( 0.0000000000000000000, 0.0000000000000000000, -1.000000000000000000 ) ) ;
#1254 = CARTESIAN_POINT ( 'NONE',  ( -5.976791200752533200, -6.854132034786843500, 0.3649999999999999400 ) ) ;
#1255 = CARTESIAN_POINT ( 'NONE',  ( -5.965249205619641300, -6.856812715392873500, 0.3649999999999998800 ) ) ;
#1256 = CARTESIAN_POINT ( 'NONE',  ( -5.953231899731682700, -6.858526974040627200, 0.3649999999999999400 ) ) ;
#1257 = CARTESIAN_POINT ( 'NONE',  ( -6.139778620616145800, -6.717395836037893800, 0.3649999999999999400 ) ) ;
#1258 = CARTESIAN_POINT ( 'NONE',  ( -6.144377441121657800, -6.719491468186218300, 0.3450000000000002000 ) ) ;
#1259 = CARTESIAN_POINT ( 'NONE',  ( -6.144377441121657800, -6.719491468186218300, 0.3649999999999999400 ) ) ;
#1260 = CARTESIAN_POINT ( 'NONE',  ( -6.148495797804095300, -6.720814193685678000, 0.3450000000000001400 ) ) ;
#1261 = CARTESIAN_POINT ( 'NONE',  ( -6.148495797804095300, -6.720814193685678000, 0.3649999999999998800 ) ) ;
#1262 = CARTESIAN_POINT ( 'NONE',  ( -6.152026997630669800, -6.721668793025656900, 0.3450000000000003100 ) ) ;
#1263 = CARTESIAN_POINT ( 'NONE',  ( -6.152026997630669800, -6.721668793025656900, 0.3649999999999999900 ) ) ;
#1264 = CARTESIAN_POINT ( 'NONE',  ( -6.155949899686843800, -6.722402321755564200, 0.3450000000000002000 ) ) ;
#1265 = CARTESIAN_POINT ( 'NONE',  ( -6.155949899686843800, -6.722402321755564200, 0.3649999999999999400 ) ) ;
#1266 = VECTOR ( 'NONE', #1253, 39.37007874015748100 ) ;
#1267 = CARTESIAN_POINT ( 'NONE',  ( -6.181352612188980800, -6.724000177741161500, 0.3649999999999999400 ) ) ;
#1268 = LINE ( 'NONE', #1267, #1266 ) ;
#1269 = CARTESIAN_POINT ( 'NONE',  ( -6.055542238037434200, -6.699918939637476500, 0.3649999999999999400 ) ) ;
#1270 = DIRECTION ( 'NONE',  ( 0.0000000000000000000, 0.0000000000000000000, -1.000000000000000000 ) ) ;
#1271 = VECTOR ( 'NONE', #1270, 39.37007874015748100 ) ;
#1272 = CARTESIAN_POINT ( 'NONE',  ( -6.223311412936843600, -6.852952334525348900, 0.3649999999999999400 ) ) ;
#1273 = LINE ( 'NONE', #1272, #1271 ) ;
#1274 = CARTESIAN_POINT ( 'NONE',  ( -6.120480216355647800, -6.685025317965520100, 0.3450000000000002000 ) ) ;
#1275 = CARTESIAN_POINT ( 'NONE',  ( -6.120480216355647800, -6.685025317965520100, 0.3649999999999999400 ) ) ;
#1276 = CARTESIAN_POINT ( 'NONE',  ( -6.120557159495176000, -6.686914679038913800, 0.3450000000000003100 ) ) ;
#1277 = CARTESIAN_POINT ( 'NONE',  ( -6.120557159495176000, -6.686914679038913800, 0.3649999999999999900 ) ) ;
#1278 = CARTESIAN_POINT ( 'NONE',  ( -6.120709623780553200, -6.690658483719223800, 0.3450000000000002000 ) ) ;
#1279 = CARTESIAN_POINT ( 'NONE',  ( -6.120709623780553200, -6.690658483719223800, 0.3649999999999999400 ) ) ;
#1280 = CARTESIAN_POINT ( 'NONE',  ( -6.122002283692536300, -6.696105552636389300, 0.3450000000000003100 ) ) ;
#1281 = CARTESIAN_POINT ( 'NONE',  ( -5.942729147979578700, -6.617909599482614700, 0.3649999999999999900 ) ) ;
#1282 = CARTESIAN_POINT ( 'NONE',  ( -6.009052446438750500, -6.637967680024672700, 0.3649999999999999400 ) ) ;
#1283 = CARTESIAN_POINT ( 'NONE',  ( -6.057820263852025100, -6.707511623159649400, 0.3649999999999999400 ) ) ;
#1284 = CARTESIAN_POINT ( 'NONE',  ( -6.061614956521514900, -6.731235493782984100, 0.3649999999999999400 ) ) ;
#1285 = CARTESIAN_POINT ( 'NONE',  ( -6.160270907595093900, -6.722988731213798800, 0.3649999999999999900 ) ) ;
#1286 = CARTESIAN_POINT ( 'NONE',  ( -6.164987861605724500, -6.723443747885845300, 0.3649999999999997700 ) ) ;
#1287 = CARTESIAN_POINT ( 'NONE',  ( -6.170102868918870200, -6.723741227056521600, 0.3650000000000000500 ) ) ;
#1288 = CARTESIAN_POINT ( 'NONE',  ( -6.175596364829136300, -6.724002724310557800, 0.3649999999999998800 ) ) ;
#1289 = CARTESIAN_POINT ( 'NONE',  ( -6.179393562021478400, -6.724001044426849200, 0.3649999999999999400 ) ) ;
#1290 = CARTESIAN_POINT ( 'NONE',  ( -6.181352612188980800, -6.724000177741161500, 0.3649999999999999400 ) ) ;
#1291 = CARTESIAN_POINT ( 'NONE',  ( -6.150952960328049300, -6.649469264401539600, 0.3449999999999999200 ) ) ;
#1292 = CARTESIAN_POINT ( 'NONE',  ( -6.147585542111082500, -6.650304162032019100, 0.3449999999999998600 ) ) ;
#1293 = CARTESIAN_POINT ( 'NONE',  ( -6.143707111531225200, -6.651490580994556400, 0.3450000000000000800 ) ) ;
#1294 = CARTESIAN_POINT ( 'NONE',  ( -6.139367925924849700, -6.653425689242352400, 0.3449999999999998600 ) ) ;
#1295 = CARTESIAN_POINT ( 'NONE',  ( -6.134725323861454500, -6.656453928001040400, 0.3450000000000000300 ) ) ;
#1296 = CARTESIAN_POINT ( 'NONE',  ( -6.130579514696922400, -6.660123682070278900, 0.3449999999999999200 ) ) ;
#1297 = CARTESIAN_POINT ( 'NONE',  ( -5.966132710347704200, -6.620058616077263200, 0.3649999999999999900 ) ) ;
#1298 = CARTESIAN_POINT ( 'NONE',  ( -5.973659379948201400, -6.621828570814834300, 0.3649999999999997700 ) ) ;
#1299 = CARTESIAN_POINT ( 'NONE',  ( -6.198016774849237200, -6.623785667858682800, 0.3449999999999999200 ) ) ;
#1300 = CARTESIAN_POINT ( 'NONE',  ( -6.120480216355647800, -6.685025317965520100, 0.3449999999999999200 ) ) ;
#1301 = LINE ( 'NONE', #1433, #1522 ) ;
#1302 = CARTESIAN_POINT ( 'NONE',  ( -6.061719532594962000, -6.739378950444151300, 0.3649999999999999400 ) ) ;
#1303 = CARTESIAN_POINT ( 'NONE',  ( -5.930151396184905700, -6.618228172596516900, 0.3649999999999999400 ) ) ;
#1304 = CARTESIAN_POINT ( 'NONE',  ( -5.938485760092742500, -6.618017077298577400, 0.3649999999999999900 ) ) ;
#1305 = CARTESIAN_POINT ( 'NONE',  ( -5.942729147979578700, -6.617909599482614700, 0.3649999999999999900 ) ) ;
#1306 = CARTESIAN_POINT ( 'NONE',  ( -5.821102248937991800, -6.750524762234793000, 0.3649999999999999400 ) ) ;
#1307 = CARTESIAN_POINT ( 'NONE',  ( -5.883923994306299800, -6.845330615819706000, 0.3649999999999999400 ) ) ;
#1308 = CARTESIAN_POINT ( 'NONE',  ( -5.873985145978071600, -6.839193917185254700, 0.3649999999999999900 ) ) ;
#1309 = CARTESIAN_POINT ( 'NONE',  ( -5.864476021365582900, -6.832062324134539300, 0.3649999999999999900 ) ) ;
#1310 = CARTESIAN_POINT ( 'NONE',  ( -5.855610476947991700, -6.823877965934359600, 0.3649999999999998800 ) ) ;
#1311 = CARTESIAN_POINT ( 'NONE',  ( -5.847477885511289700, -6.814952731901858100, 0.3649999999999999900 ) ) ;
#1312 = CARTESIAN_POINT ( 'NONE',  ( -6.124141804448350400, -6.669137803673298700, 0.3449999999999999200 ) ) ;
#1313 = CARTESIAN_POINT ( 'NONE',  ( -6.121988333050012400, -6.674183853979480200, 0.3449999999999998600 ) ) ;
#1314 = CARTESIAN_POINT ( 'NONE',  ( -6.120714901777430100, -6.679530371914978600, 0.3449999999999999200 ) ) ;
#1315 = CARTESIAN_POINT ( 'NONE',  ( -6.120558926665013100, -6.683182387542743200, 0.3450000000000000300 ) ) ;
#1316 = CARTESIAN_POINT ( 'NONE',  ( -6.027602297230447300, -6.653628268169684100, 0.3649999999999999400 ) ) ;
#1317 = CARTESIAN_POINT ( 'NONE',  ( -5.820800729176158800, -6.738277187623638500, 0.3649999999999999400 ) ) ;
#1318 = CARTESIAN_POINT ( 'NONE',  ( -5.820902227727750700, -6.734124383283710100, 0.3649999999999999400 ) ) ;
#1319 = B_SPLINE_CURVE_WITH_KNOTS ( 'NONE', 3,
 ( #1300, #1315, #1314, #1313, #1312, #1079, #1296, #1295, #1294, #1293, #1292, #1291, #1401, #1400, #1441, #1440, #1439, #1438, #1437 ),
 .UNSPECIFIED., .F., .F.,
 ( 4, 1, 1, 1, 1, 1, 1, 1, 1, 1, 1, 1, 1, 1, 1, 1, 4 ),
 ( 0.0000000000000000000, 0.06881429582431200500, 0.1363648245522158800, 0.2040193535112399800, 0.2730637386246053100, 0.3429133195614877900, 0.4109654441389533100, 0.4791687665134379300, 0.5493080065097700700, 0.5876515764176437600, 0.6306466687627900700, 0.6788787856966508300, 0.7319342992295733200, 0.7911114229480477000, 0.8552831895130748000, 0.9250859386773758700, 0.9999999999999998900 ),
 .UNSPECIFIED. ) ;
#1320 = DIRECTION ( 'NONE',  ( 1.000000000000000000, 0.0000000000000000000, -4.593678219345044400E-013 ) ) ;
#1321 = DIRECTION ( 'NONE',  ( 4.593678219345044400E-013, -3.095318191621994700E-014, 1.000000000000000000 ) ) ;
#1322 = DIRECTION ( 'NONE',  ( 0.0000000000000000000, 0.0000000000000000000, -1.000000000000000000 ) ) ;
#1323 = VECTOR ( 'NONE', #1322, 39.37007874015748100 ) ;
#1324 = CARTESIAN_POINT ( 'NONE',  ( -6.146096201932570200, -6.626907329183469000, 0.3449999999999999200 ) ) ;
#1325 = CARTESIAN_POINT ( 'NONE',  ( -6.146096201932570200, -6.626907329183469000, 0.3649999999999999400 ) ) ;
#1326 = CARTESIAN_POINT ( 'NONE',  ( -6.147348615828973600, -6.626649249576593600, 0.3449999999999998600 ) ) ;
#1327 = CARTESIAN_POINT ( 'NONE',  ( -6.147348615828973600, -6.626649249576593600, 0.3649999999999998800 ) ) ;
#1328 = CARTESIAN_POINT ( 'NONE',  ( -6.150114713235688600, -6.626079251644323000, 0.3450000000000000300 ) ) ;
#1329 = CARTESIAN_POINT ( 'NONE',  ( -6.150114713235688600, -6.626079251644323000, 0.3649999999999999900 ) ) ;
#1330 = CARTESIAN_POINT ( 'NONE',  ( -6.154684145810176000, -6.625465500045701000, 0.3450000000000000300 ) ) ;
#1331 = CARTESIAN_POINT ( 'NONE',  ( -6.154684145810176000, -6.625465500045701000, 0.3649999999999999900 ) ) ;
#1332 = CARTESIAN_POINT ( 'NONE',  ( -6.160032718418674100, -6.624996648150953700, 0.3450000000000000800 ) ) ;
#1333 = CARTESIAN_POINT ( 'NONE',  ( -6.160032718418674100, -6.624996648150953700, 0.3650000000000000500 ) ) ;
#1334 = CARTESIAN_POINT ( 'NONE',  ( -6.166135797018308800, -6.624506104373837800, 0.3449999999999998100 ) ) ;
#1335 = CARTESIAN_POINT ( 'NONE',  ( -6.166135797018308800, -6.624506104373837800, 0.3649999999999997700 ) ) ;
#1336 = CARTESIAN_POINT ( 'NONE',  ( -5.821102308391333600, -6.725938100474417400, 0.3649999999999998800 ) ) ;
#1337 = CARTESIAN_POINT ( 'NONE',  ( -5.822813734889445300, -6.713935876719699700, 0.3649999999999999900 ) ) ;
#1338 = CARTESIAN_POINT ( 'NONE',  ( -5.825492957988233300, -6.702401983683062200, 0.3649999999999999400 ) ) ;
#1339 = CARTESIAN_POINT ( 'NONE',  ( -5.829375605051519700, -6.691411152446626400, 0.3649999999999999400 ) ) ;
#1340 = CARTESIAN_POINT ( 'NONE',  ( -5.834324674449242700, -6.680904788535562100, 0.3649999999999999900 ) ) ;
#1341 = CARTESIAN_POINT ( 'NONE',  ( -5.840351253205486000, -6.670906652670243600, 0.3649999999999998800 ) ) ;
#1342 = CARTESIAN_POINT ( 'NONE',  ( -5.847542233854071900, -6.661446789510709000, 0.3650000000000000500 ) ) ;
#1343 = CARTESIAN_POINT ( 'NONE',  ( -5.855704296074995000, -6.652582396695724000, 0.3649999999999998800 ) ) ;
#1344 = FACE_OUTER_BOUND ( 'NONE', #4739, .T. ) ;
#1345 = B_SPLINE_CURVE_WITH_KNOTS ( 'NONE', 3,
 ( #1305, #1304, #1303, #1363, #1362, #1361, #1360, #1359, #1358, #1343, #1342, #1341, #1340, #1339, #1338, #1337, #1336, #1318, #1317 ),
 .UNSPECIFIED., .F., .F.,
 ( 4, 1, 1, 1, 1, 1, 1, 1, 1, 1, 1, 1, 1, 1, 1, 1, 4 ),
 ( 0.0000000000000000000, 0.06657003521518251000, 0.1307490414821769800, 0.1934128000295075000, 0.2549893988897101200, 0.3161135558759020100, 0.3772617579089868600, 0.4394007841555551700, 0.5029705893719784700, 0.5665249763607339600, 0.6282311025133100500, 0.6890906105998652100, 0.7493446689958083200, 0.8101695933722088400, 0.8716098243170430400, 0.9348691840727670900, 0.9999999999999998900 ),
 .UNSPECIFIED. ) ;
#1346 = CARTESIAN_POINT ( 'NONE',  ( -5.940892876612056600, -6.858828402901416200, 0.3649999999999999400 ) ) ;
#1347 = CARTESIAN_POINT ( 'NONE',  ( -5.936770457908026300, -6.858727946892480000, 0.3649999999999999400 ) ) ;
#1348 = CARTESIAN_POINT ( 'NONE',  ( -5.820902212853331600, -6.742399401373175400, 0.3649999999999999900 ) ) ;
#1349 = CARTESIAN_POINT ( 'NONE',  ( -6.223311412936843600, -6.723678830251845500, 0.3649999999999999400 ) ) ;
#1350 = CARTESIAN_POINT ( 'NONE',  ( -6.173012096021216700, -6.624237089979502900, 0.3449999999999998600 ) ) ;
#1351 = CARTESIAN_POINT ( 'NONE',  ( -6.173012096021216700, -6.624237089979502900, 0.3649999999999998800 ) ) ;
#1352 = CARTESIAN_POINT ( 'NONE',  ( -6.180661489277184700, -6.623924483355752500, 0.3450000000000000300 ) ) ;
#1353 = CARTESIAN_POINT ( 'NONE',  ( -6.180661489277184700, -6.623924483355752500, 0.3649999999999999900 ) ) ;
#1354 = CARTESIAN_POINT ( 'NONE',  ( -6.189079977217398100, -6.623815415546289400, 0.3449999999999999200 ) ) ;
#1355 = CARTESIAN_POINT ( 'NONE',  ( -6.189079977217398100, -6.623815415546289400, 0.3649999999999999400 ) ) ;
#1356 = CARTESIAN_POINT ( 'NONE',  ( -6.194956343815608300, -6.623795855036470400, 0.3449999999999998600 ) ) ;
#1357 = CARTESIAN_POINT ( 'NONE',  ( -6.194956343815608300, -6.623795855036470400, 0.3649999999999998800 ) ) ;
#1358 = CARTESIAN_POINT ( 'NONE',  ( -5.864623553198877700, -6.644435244937581900, 0.3649999999999999400 ) ) ;
#1359 = CARTESIAN_POINT ( 'NONE',  ( -5.874210372318410500, -6.637332619661744800, 0.3649999999999999900 ) ) ;
#1360 = CARTESIAN_POINT ( 'NONE',  ( -5.884335537898149200, -6.631329425425227500, 0.3649999999999999400 ) ) ;
#1361 = CARTESIAN_POINT ( 'NONE',  ( -5.894974958983040900, -6.626362769239586100, 0.3649999999999999900 ) ) ;
#1362 = CARTESIAN_POINT ( 'NONE',  ( -5.906208718071249000, -6.622639597767626900, 0.3649999999999999400 ) ) ;
#1363 = CARTESIAN_POINT ( 'NONE',  ( -5.917902444548214000, -6.619844066281689100, 0.3649999999999998800 ) ) ;
#1364 = CARTESIAN_POINT ( 'NONE',  ( -5.820800729176158800, -6.738277187623638500, 0.3649999999999999400 ) ) ;
#1365 = CARTESIAN_POINT ( 'NONE',  ( -5.928659856468569500, -6.858530305966321600, 0.3649999999999998800 ) ) ;
#1366 = CARTESIAN_POINT ( 'NONE',  ( -5.916766332096879700, -6.856809130515293800, 0.3649999999999999900 ) ) ;
#1367 = CARTESIAN_POINT ( 'NONE',  ( -5.905335346656560300, -6.854140803548954600, 0.3649999999999999400 ) ) ;
#1368 = CARTESIAN_POINT ( 'NONE',  ( -5.894420463292923400, -6.850227165900761900, 0.3649999999999998800 ) ) ;
#1369 = CARTESIAN_POINT ( 'NONE',  ( -6.198016774849237200, -6.623785667858682800, 0.3649999999999999400 ) ) ;
#1370 = B_SPLINE_SURFACE_WITH_KNOTS ( 'NONE', 3, 1, ( 
 ( #1369, #1299 ),
 ( #1357, #1356 ),
 ( #1355, #1354 ),
 ( #1353, #1352 ),
 ( #1351, #1350 ),
 ( #1335, #1334 ),
 ( #1333, #1332 ),
 ( #1331, #1330 ),
 ( #1329, #1328 ),
 ( #1327, #1326 ),
 ( #1325, #1324 ) ),
 .UNSPECIFIED., .F., .F., .F.,
 ( 4, 1, 1, 1, 1, 1, 1, 1, 4 ),
 ( 2, 2 ),
 ( 0.0000000000000000000, 0.1762577548178058700, 0.3384344138804693000, 0.4848220507878365200, 0.6171575782663206700, 0.7346983606124653000, 0.8373851838323577200, 0.9263724209295752800, 1.000000000000000000 ),
 ( 0.0000000000000000000, 1.000000000000000000 ),
 .UNSPECIFIED. ) ;
#1371 = CARTESIAN_POINT ( 'NONE',  ( -6.223311412936843600, -6.747183103756118100, 0.3649999999999999400 ) ) ;
#1372 = CARTESIAN_POINT ( 'NONE',  ( -5.840331734807931800, -6.805429449269447600, 0.3649999999999998800 ) ) ;
#1373 = CARTESIAN_POINT ( 'NONE',  ( -5.834265027174359900, -6.795412446336706900, 0.3649999999999999400 ) ) ;
#1374 = CARTESIAN_POINT ( 'NONE',  ( -5.829339549417837500, -6.784898439185429500, 0.3650000000000000500 ) ) ;
#1375 = CARTESIAN_POINT ( 'NONE',  ( -5.825502889132068600, -6.773915092872781200, 0.3649999999999998800 ) ) ;
#1376 = CARTESIAN_POINT ( 'NONE',  ( -5.822815680800437700, -6.762450821079304400, 0.3649999999999999400 ) ) ;
#1377 = B_SPLINE_CURVE_WITH_KNOTS ( 'NONE', 3,
 ( #1364, #1348, #1306, #1376, #1375, #1374, #1373, #1372, #1311, #1310, #1309, #1308, #1307, #1368, #1367, #1366, #1365, #1347, #1346 ),
 .UNSPECIFIED., .F., .F.,
 ( 4, 1, 1, 1, 1, 1, 1, 1, 1, 1, 1, 1, 1, 1, 1, 1, 4 ),
 ( 0.0000000000000000000, 0.06522650389227574500, 0.1285689957067303600, 0.1903203781044673900, 0.2513779886240618500, 0.3123875283336953200, 0.3737887042767226700, 0.4364311597804526600, 0.5005667553098524000, 0.5646867953847425300, 0.6271355178835132900, 0.6884554088949811400, 0.7492457464637475300, 0.8101551773646802300, 0.8716709256529201500, 0.9347734961077245300, 1.000000000000000000 ),
 .UNSPECIFIED. ) ;
#1378 = CARTESIAN_POINT ( 'NONE',  ( -5.820800729176158800, -6.738277187623638500, 0.3649999999999999400 ) ) ;
#1379 = LINE ( 'NONE', #1371, #1323 ) ;
#1380 = CARTESIAN_POINT ( 'NONE',  ( -5.967276009358511300, -6.644591951428452600, 0.3649999999999999400 ) ) ;
#1381 = CARTESIAN_POINT ( 'NONE',  ( -5.961008670168704200, -6.643178875664106400, 0.3649999999999998800 ) ) ;
#1382 = CARTESIAN_POINT ( 'NONE',  ( -6.037905001968709900, -6.713300927913170600, 0.3649999999999999900 ) ) ;
#1383 = CARTESIAN_POINT ( 'NONE',  ( -6.036080679712007700, -6.707175358071868500, 0.3649999999999999400 ) ) ;
#1384 = CARTESIAN_POINT ( 'NONE',  ( -6.033843750564027000, -6.701192295247094100, 0.3649999999999999400 ) ) ;
#1385 = CARTESIAN_POINT ( 'NONE',  ( -6.031109114242913600, -6.695416649503362000, 0.3649999999999999400 ) ) ;
#1386 = B_SPLINE_CURVE_WITH_KNOTS ( 'NONE', 3,
 ( #1427, #1426, #1425, #1424, #1423, #1422, #1421, #1420, #1419, #1418, #1417, #1470, #1469, #1468, #1467, #1466, #1465, #1464, #1463 ),
 .UNSPECIFIED., .F., .F.,
 ( 4, 1, 1, 1, 1, 1, 1, 1, 1, 1, 1, 1, 1, 1, 1, 1, 4 ),
 ( 0.0000000000000000000, 0.07166814967961290800, 0.1389132862742010200, 0.2011845700265562600, 0.2591244282905521600, 0.3122550414262363900, 0.3606815096231172400, 0.4050861433286393500, 0.4451016585907055000, 0.5187777804882590700, 0.5894615790331956300, 0.6584622419857215600, 0.7272832183683720600, 0.7963224869047183000, 0.8631748932078799900, 0.9309493809878534000, 1.000000000000000000 ),
 .UNSPECIFIED. ) ;
#1387 = CARTESIAN_POINT ( 'NONE',  ( -6.120480216355647800, -6.685025317965520100, 0.3449999999999999200 ) ) ;
#1388 = CARTESIAN_POINT ( 'NONE',  ( -6.096975942851373500, -6.852952334525348900, 0.3649999999999999400 ) ) ;
#1389 = CARTESIAN_POINT ( 'NONE',  ( -6.180342662936844500, -6.647289941362956300, 0.3449999999999999200 ) ) ;
#1390 = DIRECTION ( 'NONE',  ( -1.000000000000000000, 0.0000000000000000000, 0.0000000000000000000 ) ) ;
#1391 = CARTESIAN_POINT ( 'NONE',  ( -5.943893966400119100, -6.641440383658230800, 0.3649999999999999400 ) ) ;
#1392 = CARTESIAN_POINT ( 'NONE',  ( -5.941719198727441600, -6.641413872986886300, 0.3649999999999999400 ) ) ;
#1393 = PLANE ( 'NONE',  #1405 ) ;
#1394 = FACE_OUTER_BOUND ( 'NONE', #4792, .T. ) ;
#1395 = DIRECTION ( 'NONE',  ( 0.0000000000000000000, 0.0000000000000000000, -1.000000000000000000 ) ) ;
#1396 = VECTOR ( 'NONE', #1395, 39.37007874015748100 ) ;
#1397 = CARTESIAN_POINT ( 'NONE',  ( -6.243877652253083000, -6.623785667858682800, 0.3649999999999999400 ) ) ;
#1398 = LINE ( 'NONE', #1397, #1396 ) ;
#1399 = CARTESIAN_POINT ( 'NONE',  ( -5.941719198727441600, -6.641413872986886300, 0.3649999999999999400 ) ) ;
#1400 = CARTESIAN_POINT ( 'NONE',  ( -6.159018771635456500, -6.648261063045248800, 0.3449999999999998600 ) ) ;
#1401 = CARTESIAN_POINT ( 'NONE',  ( -6.154757878512055100, -6.648798495602552100, 0.3449999999999999200 ) ) ;
#1402 = DIRECTION ( 'NONE',  ( 0.0000000000000000000, 0.0000000000000000000, -1.000000000000000000 ) ) ;
#1403 = DIRECTION ( 'NONE',  ( 0.0000000000000000000, -1.000000000000000000, 0.0000000000000000000 ) ) ;
#1404 = CARTESIAN_POINT ( 'NONE',  ( -6.223311412936843600, -6.852952334525348900, 0.3649999999999999400 ) ) ;
#1405 = AXIS2_PLACEMENT_3D ( 'NONE', #1404, #1403, #1402 ) ;
#1406 = CARTESIAN_POINT ( 'NONE',  ( -6.012274307122949000, -6.669859595412424900, 0.3649999999999999400 ) ) ;
#1407 = CARTESIAN_POINT ( 'NONE',  ( -6.007530997996879800, -6.665584796536528200, 0.3649999999999999400 ) ) ;
#1408 = CARTESIAN_POINT ( 'NONE',  ( -6.002468205832585100, -6.661586915008433300, 0.3649999999999999900 ) ) ;
#1409 = CARTESIAN_POINT ( 'NONE',  ( -5.997098326570668500, -6.657856620738277400, 0.3649999999999999900 ) ) ;
#1410 = CARTESIAN_POINT ( 'NONE',  ( -5.954658007834543900, -6.642188228171935500, 0.3649999999999999400 ) ) ;
#1411 = CARTESIAN_POINT ( 'NONE',  ( -5.948222710818389400, -6.641493151557091900, 0.3649999999999999900 ) ) ;
#1412 = VECTOR ( 'NONE', #1390, 39.37007874015748100 ) ;
#1413 = CARTESIAN_POINT ( 'NONE',  ( -6.180342662936844500, -6.647289941362956300, 0.3449999999999999200 ) ) ;
#1414 = DIRECTION ( 'NONE',  ( 0.0000000000000000000, 0.0000000000000000000, 1.000000000000000000 ) ) ;
#1415 = DIRECTION ( 'NONE',  ( 0.0000000000000000000, 1.000000000000000000, 0.0000000000000000000 ) ) ;
#1416 = CARTESIAN_POINT ( 'NONE',  ( -6.041153293278722600, -6.739287136875774700, 0.3649999999999999400 ) ) ;
#1417 = CARTESIAN_POINT ( 'NONE',  ( -6.139778620616145800, -6.717395836037893800, 0.3449999999999999200 ) ) ;
#1418 = CARTESIAN_POINT ( 'NONE',  ( -6.144377441121657800, -6.719491468186218300, 0.3449999999999999200 ) ) ;
#1419 = CARTESIAN_POINT ( 'NONE',  ( -6.148495797804095300, -6.720814193685678000, 0.3449999999999998600 ) ) ;
#1420 = CARTESIAN_POINT ( 'NONE',  ( -6.152026997630669800, -6.721668793025656900, 0.3450000000000000300 ) ) ;
#1421 = CARTESIAN_POINT ( 'NONE',  ( -6.155949899686843800, -6.722402321755564200, 0.3449999999999999200 ) ) ;
#1422 = CARTESIAN_POINT ( 'NONE',  ( -6.160270907595093900, -6.722988731213798800, 0.3450000000000000300 ) ) ;
#1423 = CARTESIAN_POINT ( 'NONE',  ( -6.164987861605724500, -6.723443747885845300, 0.3449999999999998100 ) ) ;
#1424 = CARTESIAN_POINT ( 'NONE',  ( -6.170102868918870200, -6.723741227056521600, 0.3450000000000000800 ) ) ;
#1425 = CARTESIAN_POINT ( 'NONE',  ( -6.175596364829136300, -6.724002724310557800, 0.3449999999999998600 ) ) ;
#1426 = CARTESIAN_POINT ( 'NONE',  ( -6.179393562021478400, -6.724001044426849200, 0.3449999999999999200 ) ) ;
#1427 = CARTESIAN_POINT ( 'NONE',  ( -6.181352612188980800, -6.724000177741161500, 0.3449999999999999200 ) ) ;
#1428 = CARTESIAN_POINT ( 'NONE',  ( -5.991407458555153600, -6.654481393780884900, 0.3649999999999997700 ) ) ;
#1429 = CARTESIAN_POINT ( 'NONE',  ( -5.985537265481228900, -6.651431990518589500, 0.3649999999999999900 ) ) ;
#1430 = CARTESIAN_POINT ( 'NONE',  ( -5.979539446477917700, -6.648732990539127900, 0.3649999999999999900 ) ) ;
#1431 = CARTESIAN_POINT ( 'NONE',  ( -5.973433802115392800, -6.646517216788628200, 0.3649999999999997700 ) ) ;
#1432 = AXIS2_PLACEMENT_3D ( 'NONE', #1316, #1321, #1320 ) ;
#1433 = CARTESIAN_POINT ( 'NONE',  ( -6.120480216355647800, -6.685025317965520100, 0.3649999999999999400 ) ) ;
#1434 = PLANE ( 'NONE',  #1432 ) ;
#1435 = FACE_BOUND ( 'NONE', #4740, .T. ) ;
#1436 = FACE_OUTER_BOUND ( 'NONE', #4730, .T. ) ;
#1437 = CARTESIAN_POINT ( 'NONE',  ( -6.180342662936844500, -6.647289941362956300, 0.3449999999999999200 ) ) ;
#1438 = CARTESIAN_POINT ( 'NONE',  ( -6.178337914055812300, -6.647294655695079200, 0.3449999999999998600 ) ) ;
#1439 = CARTESIAN_POINT ( 'NONE',  ( -6.174465198323041200, -6.647303762705114100, 0.3449999999999998600 ) ) ;
#1440 = CARTESIAN_POINT ( 'NONE',  ( -6.168877671044028500, -6.647488003807294100, 0.3450000000000000300 ) ) ;
#1441 = CARTESIAN_POINT ( 'NONE',  ( -6.163717449841609400, -6.647799132171813100, 0.3449999999999999200 ) ) ;
#1442 = DIRECTION ( 'NONE',  ( 0.0000000000000000000, 0.0000000000000000000, 1.000000000000000000 ) ) ;
#1443 = CARTESIAN_POINT ( 'NONE',  ( -9.454999999999998300, -7.215000000000001600, 0.3449999999999999200 ) ) ;
#1444 = AXIS2_PLACEMENT_3D ( 'NONE', #1443, #1442, #1461 ) ;
#1445 = PLANE ( 'NONE',  #1444 ) ;
#1446 = FACE_OUTER_BOUND ( 'NONE', #4702, .T. ) ;
#1447 = FACE_OUTER_BOUND ( 'NONE', #4704, .T. ) ;
#1448 = CARTESIAN_POINT ( 'NONE',  ( -6.041153293278722600, -6.739287136875774700, 0.3649999999999999400 ) ) ;
#1449 = CARTESIAN_POINT ( 'NONE',  ( -6.041128128982195200, -6.737035737557929900, 0.3649999999999999400 ) ) ;
#1450 = CARTESIAN_POINT ( 'NONE',  ( -6.041078377196610600, -6.732584544733741800, 0.3649999999999999900 ) ) ;
#1451 = CARTESIAN_POINT ( 'NONE',  ( -6.040375663185089100, -6.725997960017513000, 0.3649999999999999400 ) ) ;
#1452 = CARTESIAN_POINT ( 'NONE',  ( -6.039417489583674300, -6.719559303248279200, 0.3649999999999998800 ) ) ;
#1453 = CARTESIAN_POINT ( 'NONE',  ( -6.028033838986655000, -6.689801307876790800, 0.3649999999999999400 ) ) ;
#1454 = CARTESIAN_POINT ( 'NONE',  ( -6.024597283361085700, -6.684405388379555100, 0.3649999999999999400 ) ) ;
#1455 = CARTESIAN_POINT ( 'NONE',  ( -6.020847489324733500, -6.679235919323125400, 0.3649999999999998800 ) ) ;
#1456 = CARTESIAN_POINT ( 'NONE',  ( -6.016684205301044300, -6.674433081243989800, 0.3649999999999999900 ) ) ;
#1457 = CARTESIAN_POINT ( 'NONE',  ( -6.243877652253083000, -6.623785667858682800, 0.3649999999999999400 ) ) ;
#1458 = AXIS2_PLACEMENT_3D ( 'NONE', #1457, #1415, #1414 ) ;
#1459 = LINE ( 'NONE', #1413, #1412 ) ;
#1460 = PLANE ( 'NONE',  #1458 ) ;
#1461 = DIRECTION ( 'NONE',  ( 1.000000000000000000, 0.0000000000000000000, 0.0000000000000000000 ) ) ;
#1462 = CARTESIAN_POINT ( 'NONE',  ( -6.181168985052229600, -6.747183103756119000, 0.3649999999999999900 ) ) ;
#1463 = CARTESIAN_POINT ( 'NONE',  ( -6.120480216355647800, -6.685025317965520100, 0.3449999999999999200 ) ) ;
#1464 = CARTESIAN_POINT ( 'NONE',  ( -6.120557159495176000, -6.686914679038913800, 0.3450000000000000300 ) ) ;
#1465 = CARTESIAN_POINT ( 'NONE',  ( -6.120709623780553200, -6.690658483719223800, 0.3449999999999999200 ) ) ;
#1466 = CARTESIAN_POINT ( 'NONE',  ( -6.122002283692536300, -6.696105552636389300, 0.3450000000000000300 ) ) ;
#1467 = CARTESIAN_POINT ( 'NONE',  ( -6.124039382488248000, -6.701305433954114000, 0.3449999999999999200 ) ) ;
#1468 = CARTESIAN_POINT ( 'NONE',  ( -6.126928809549133900, -6.706126855008965200, 0.3450000000000000800 ) ) ;
#1469 = CARTESIAN_POINT ( 'NONE',  ( -6.130524621961954200, -6.710512021773118000, 0.3449999999999998100 ) ) ;
#1470 = CARTESIAN_POINT ( 'NONE',  ( -6.134780727409909300, -6.714346904575758200, 0.3450000000000000300 ) ) ;
#1471 = B_SPLINE_CURVE_WITH_KNOTS ( 'NONE', 3,
 ( #1392, #1391, #1411, #1410, #1381, #1380, #1431, #1430, #1429, #1428, #1409, #1408, #1407, #1406, #1456, #1455, #1454, #1453, #1385, #1384, #1383, #1382, #1452, #1451, #1450, #1449, #1448 ),
 .UNSPECIFIED., .F., .F.,
 ( 4, 1, 1, 1, 1, 1, 1, 1, 1, 1, 1, 1, 1, 1, 1, 1, 1, 1, 1, 1, 1, 1, 1, 1, 4 ),
 ( 0.0000000000000000000, 0.04202332852592445500, 0.08364491116871124200, 0.1249837954173897700, 0.1662474611728908000, 0.2077015560969880100, 0.2496310707996499400, 0.2917417703321320600, 0.3347428753532028000, 0.3774601685508695600, 0.4195563188419386100, 0.4610441763330345700, 0.5020962839443959800, 0.5428907140755989700, 0.5838008186265044600, 0.6248635833101935400, 0.6662246890691691000, 0.7073991864779396500, 0.7485566775366918600, 0.7896545909521790500, 0.8307397264898315200, 0.8720701422586038000, 0.9139933952421370700, 0.9564981300675915500, 1.000000000000000000 ),
 .UNSPECIFIED. ) ;
#1472 = CARTESIAN_POINT ( 'NONE',  ( -6.120480216355647800, -6.685025317965520100, 0.3649999999999998800 ) ) ;
#1473 = DIRECTION ( 'NONE',  ( 1.000000000000000000, 0.0000000000000000000, 0.0000000000000000000 ) ) ;
#1474 = VECTOR ( 'NONE', #1473, 39.37007874015748100 ) ;
#1475 = CARTESIAN_POINT ( 'NONE',  ( -6.243877652253083000, -6.623785667858682800, 0.3649999999999999400 ) ) ;
#1476 = DIRECTION ( 'NONE',  ( 0.0000000000000000000, 0.0000000000000000000, -1.000000000000000000 ) ) ;
#1477 = B_SPLINE_SURFACE_WITH_KNOTS ( 'NONE', 3, 1, ( 
 ( #1536, #1535 ),
 ( #1534, #1533 ),
 ( #1532, #1531 ),
 ( #1530, #1557 ),
 ( #1556, #1555 ),
 ( #1554, #1553 ),
 ( #1552, #1551 ),
 ( #1550, #1549 ),
 ( #1519, #1518 ),
 ( #1517, #1516 ),
 ( #1515, #1514 ),
 ( #1513, #1512 ),
 ( #1626, #1617 ),
 ( #1607, #1616 ),
 ( #1599, #1598 ),
 ( #1597, #1596 ),
 ( #1595, #1594 ),
 ( #1593, #1592 ),
 ( #1631, #1630 ) ),
 .UNSPECIFIED., .F., .F., .F.,
 ( 4, 1, 1, 1, 1, 1, 1, 1, 1, 1, 1, 1, 1, 1, 1, 1, 4 ),
 ( 2, 2 ),
 ( 0.0000000000000000000, 0.06881429582431200500, 0.1363648245522158800, 0.2040193535112399800, 0.2730637386246053100, 0.3429133195614877900, 0.4109654441389533100, 0.4791687665134379300, 0.5493080065097700700, 0.5876515764176437600, 0.6306466687627900700, 0.6788787856966508300, 0.7319342992295733200, 0.7911114229480477000, 0.8552831895130748000, 0.9250859386773758700, 0.9999999999999998900 ),
 ( 0.0000000000000000000, 1.000000000000000000 ),
 .UNSPECIFIED. ) ;
#1478 = DIRECTION ( 'NONE',  ( 1.000000000000000000, 0.0000000000000000000, 0.0000000000000000000 ) ) ;
#1479 = CARTESIAN_POINT ( 'NONE',  ( -6.223311412936843600, -6.747183103756118100, 0.3649999999999999400 ) ) ;
#1480 = AXIS2_PLACEMENT_3D ( 'NONE', #1479, #1478, #1476 ) ;
#1481 = PLANE ( 'NONE',  #1480 ) ;
#1482 = LINE ( 'NONE', #1475, #1474 ) ;
#1483 = VECTOR ( 'NONE', #1498, 39.37007874015748100 ) ;
#1484 = CARTESIAN_POINT ( 'NONE',  ( -6.223311412936843600, -6.723678830251845500, 0.3649999999999999400 ) ) ;
#1485 = LINE ( 'NONE', #1484, #1483 ) ;
#1486 = DIRECTION ( 'NONE',  ( 0.0000000000000000000, 0.0000000000000000000, -1.000000000000000000 ) ) ;
#1487 = DIRECTION ( 'NONE',  ( 0.0000000000000000000, -1.000000000000000000, 0.0000000000000000000 ) ) ;
#1488 = CARTESIAN_POINT ( 'NONE',  ( -6.180342662936844500, -6.647289941362956300, 0.3649999999999999400 ) ) ;
#1489 = AXIS2_PLACEMENT_3D ( 'NONE', #1488, #1487, #1486 ) ;
#1490 = PLANE ( 'NONE',  #1489 ) ;
#1491 = CARTESIAN_POINT ( 'NONE',  ( -6.181352612188980800, -6.724000177741161500, 0.3449999999999999200 ) ) ;
#1492 = DIRECTION ( 'NONE',  ( -0.9999706738812845800, 0.007658418727749255100, 0.0000000000000000000 ) ) ;
#1493 = DIRECTION ( 'NONE',  ( 0.007658418727749255100, 0.9999706738812845800, 0.0000000000000000000 ) ) ;
#1494 = CARTESIAN_POINT ( 'NONE',  ( -6.223311412936843600, -6.723678830251845500, 0.3649999999999999400 ) ) ;
#1495 = AXIS2_PLACEMENT_3D ( 'NONE', #1494, #1493, #1492 ) ;
#1496 = PLANE ( 'NONE',  #1495 ) ;
#1497 = FACE_OUTER_BOUND ( 'NONE', #4887, .T. ) ;
#1498 = DIRECTION ( 'NONE',  ( 0.0000000000000000000, 0.0000000000000000000, -1.000000000000000000 ) ) ;
#1499 = CARTESIAN_POINT ( 'NONE',  ( -6.198016774849237200, -6.623785667858682800, 0.3649999999999999400 ) ) ;
#1500 = B_SPLINE_CURVE_WITH_KNOTS ( 'NONE', 3,
 ( #1527, #1526, #1525, #1524, #1523, #1547, #1546, #1545, #1544, #1543, #1542 ),
 .UNSPECIFIED., .F., .F.,
 ( 4, 1, 1, 1, 1, 1, 1, 1, 4 ),
 ( 0.0000000000000000000, 0.1762577548178058700, 0.3384344138804693000, 0.4848220507878365200, 0.6171575782663206700, 0.7346983606124653000, 0.8373851838323577200, 0.9263724209295752800, 1.000000000000000000 ),
 .UNSPECIFIED. ) ;
#1501 = CARTESIAN_POINT ( 'NONE',  ( -6.223311412936843600, -6.647289941362956300, 0.3649999999999999400 ) ) ;
#1502 = VECTOR ( 'NONE', #1529, 39.37007874015748100 ) ;
#1503 = FACE_OUTER_BOUND ( 'NONE', #4809, .T. ) ;
#1504 = CARTESIAN_POINT ( 'NONE',  ( -6.285010130885559900, -6.717802761875773900, 0.3649999999999999400 ) ) ;
#1505 = DIRECTION ( 'NONE',  ( 0.0000000000000000000, 0.0000000000000000000, -1.000000000000000000 ) ) ;
#1506 = DIRECTION ( 'NONE',  ( 0.0000000000000000000, 0.0000000000000000000, -1.000000000000000000 ) ) ;
#1507 = VECTOR ( 'NONE', #1506, 39.37007874015748100 ) ;
#1508 = FACE_OUTER_BOUND ( 'NONE', #4722, .T. ) ;
#1509 = VECTOR ( 'NONE', #1520, 39.37007874015748100 ) ;
#1510 = CARTESIAN_POINT ( 'NONE',  ( -6.198016774849237200, -6.623785667858682800, 0.3649999999999999400 ) ) ;
#1511 = LINE ( 'NONE', #1510, #1509 ) ;
#1512 = CARTESIAN_POINT ( 'NONE',  ( -6.150952960328049300, -6.649469264401539600, 0.3449999999999999200 ) ) ;
#1513 = CARTESIAN_POINT ( 'NONE',  ( -6.150952960328049300, -6.649469264401539600, 0.3649999999999999400 ) ) ;
#1514 = CARTESIAN_POINT ( 'NONE',  ( -6.147585542111082500, -6.650304162032019100, 0.3449999999999998600 ) ) ;
#1515 = CARTESIAN_POINT ( 'NONE',  ( -6.147585542111082500, -6.650304162032019100, 0.3649999999999998800 ) ) ;
#1516 = CARTESIAN_POINT ( 'NONE',  ( -6.143707111531225200, -6.651490580994556400, 0.3450000000000000800 ) ) ;
#1517 = CARTESIAN_POINT ( 'NONE',  ( -6.143707111531225200, -6.651490580994556400, 0.3650000000000000500 ) ) ;
#1518 = CARTESIAN_POINT ( 'NONE',  ( -6.139367925924849700, -6.653425689242352400, 0.3449999999999998600 ) ) ;
#1519 = CARTESIAN_POINT ( 'NONE',  ( -6.139367925924849700, -6.653425689242352400, 0.3649999999999998800 ) ) ;
#1520 = DIRECTION ( 'NONE',  ( 0.0000000000000000000, 0.0000000000000000000, -1.000000000000000000 ) ) ;
#1521 = CARTESIAN_POINT ( 'NONE',  ( -6.096975942851373500, -6.852952334525348900, 0.3649999999999999400 ) ) ;
#1522 = VECTOR ( 'NONE', #1505, 39.37007874015748100 ) ;
#1523 = CARTESIAN_POINT ( 'NONE',  ( -6.173012096021216700, -6.624237089979502900, 0.3649999999999998800 ) ) ;
#1524 = CARTESIAN_POINT ( 'NONE',  ( -6.180661489277184700, -6.623924483355752500, 0.3649999999999999900 ) ) ;
#1525 = CARTESIAN_POINT ( 'NONE',  ( -6.189079977217398100, -6.623815415546289400, 0.3649999999999999400 ) ) ;
#1526 = CARTESIAN_POINT ( 'NONE',  ( -6.194956343815608300, -6.623795855036470400, 0.3649999999999998800 ) ) ;
#1527 = CARTESIAN_POINT ( 'NONE',  ( -6.198016774849237200, -6.623785667858682800, 0.3649999999999999400 ) ) ;
#1528 = LINE ( 'NONE', #1521, #1502 ) ;
#1529 = DIRECTION ( 'NONE',  ( 0.0000000000000000000, 0.0000000000000000000, -1.000000000000000000 ) ) ;
#1530 = CARTESIAN_POINT ( 'NONE',  ( -6.121988333050012400, -6.674183853979480200, 0.3649999999999998800 ) ) ;
#1531 = CARTESIAN_POINT ( 'NONE',  ( -6.120714901777430100, -6.679530371914978600, 0.3449999999999999200 ) ) ;
#1532 = CARTESIAN_POINT ( 'NONE',  ( -6.120714901777430100, -6.679530371914978600, 0.3649999999999999400 ) ) ;
#1533 = CARTESIAN_POINT ( 'NONE',  ( -6.120558926665013100, -6.683182387542743200, 0.3450000000000000300 ) ) ;
#1534 = CARTESIAN_POINT ( 'NONE',  ( -6.120558926665013100, -6.683182387542743200, 0.3649999999999999900 ) ) ;
#1535 = CARTESIAN_POINT ( 'NONE',  ( -6.120480216355647800, -6.685025317965520100, 0.3449999999999999200 ) ) ;
#1536 = CARTESIAN_POINT ( 'NONE',  ( -6.120480216355647800, -6.685025317965520100, 0.3649999999999999400 ) ) ;
#1537 = FACE_OUTER_BOUND ( 'NONE', #4757, .T. ) ;
#1538 = CARTESIAN_POINT ( 'NONE',  ( -6.180342662936844500, -6.647289941362956300, 0.3649999999999999400 ) ) ;
#1539 = DIRECTION ( 'NONE',  ( 0.0000000000000000000, -1.000000000000000000, 0.0000000000000000000 ) ) ;
#1540 = VECTOR ( 'NONE', #1539, 39.37007874015748100 ) ;
#1541 = CARTESIAN_POINT ( 'NONE',  ( -6.376089190714619500, -6.647289941362954500, 0.3649999999999999400 ) ) ;
#1542 = CARTESIAN_POINT ( 'NONE',  ( -6.146096201932570200, -6.626907329183469000, 0.3649999999999999400 ) ) ;
#1543 = CARTESIAN_POINT ( 'NONE',  ( -6.147348615828973600, -6.626649249576593600, 0.3649999999999998800 ) ) ;
#1544 = CARTESIAN_POINT ( 'NONE',  ( -6.150114713235688600, -6.626079251644323000, 0.3649999999999999900 ) ) ;
#1545 = CARTESIAN_POINT ( 'NONE',  ( -6.154684145810176000, -6.625465500045701000, 0.3649999999999999900 ) ) ;
#1546 = CARTESIAN_POINT ( 'NONE',  ( -6.160032718418674100, -6.624996648150953700, 0.3650000000000000500 ) ) ;
#1547 = CARTESIAN_POINT ( 'NONE',  ( -6.166135797018308800, -6.624506104373837800, 0.3649999999999997700 ) ) ;
#1548 = LINE ( 'NONE', #1541, #1540 ) ;
#1549 = CARTESIAN_POINT ( 'NONE',  ( -6.134725323861454500, -6.656453928001040400, 0.3450000000000000300 ) ) ;
#1550 = CARTESIAN_POINT ( 'NONE',  ( -6.134725323861454500, -6.656453928001040400, 0.3649999999999999900 ) ) ;
#1551 = CARTESIAN_POINT ( 'NONE',  ( -6.130579514696922400, -6.660123682070278900, 0.3449999999999999200 ) ) ;
#1552 = CARTESIAN_POINT ( 'NONE',  ( -6.130579514696922400, -6.660123682070278900, 0.3649999999999999400 ) ) ;
#1553 = CARTESIAN_POINT ( 'NONE',  ( -6.127043855741045600, -6.664412748108367700, 0.3450000000000000300 ) ) ;
#1554 = CARTESIAN_POINT ( 'NONE',  ( -6.127043855741045600, -6.664412748108367700, 0.3649999999999999900 ) ) ;
#1555 = CARTESIAN_POINT ( 'NONE',  ( -6.124141804448350400, -6.669137803673298700, 0.3449999999999999200 ) ) ;
#1556 = CARTESIAN_POINT ( 'NONE',  ( -6.124141804448350400, -6.669137803673298700, 0.3649999999999999400 ) ) ;
#1557 = CARTESIAN_POINT ( 'NONE',  ( -6.121988333050012400, -6.674183853979480200, 0.3449999999999998600 ) ) ;
#1558 = CARTESIAN_POINT ( 'NONE',  ( -6.285010130885559900, -6.623785667858680200, 0.3649999999999999400 ) ) ;
#1559 = DIRECTION ( 'NONE',  ( 0.0000000000000000000, 0.0000000000000000000, -1.000000000000000000 ) ) ;
#1560 = VECTOR ( 'NONE', #1559, 39.37007874015748100 ) ;
#1561 = CARTESIAN_POINT ( 'NONE',  ( -6.285010130885559900, -6.623785667858680200, 0.3649999999999999400 ) ) ;
#1562 = LINE ( 'NONE', #1561, #1560 ) ;
#1563 = DIRECTION ( 'NONE',  ( 0.0000000000000000000, 0.0000000000000000000, -1.000000000000000000 ) ) ;
#1564 = DIRECTION ( 'NONE',  ( 0.0000000000000000000, -1.000000000000000000, 0.0000000000000000000 ) ) ;
#1565 = FACE_OUTER_BOUND ( 'NONE', #4545, .T. ) ;
#1566 = DIRECTION ( 'NONE',  ( 0.0000000000000000000, 0.0000000000000000000, -1.000000000000000000 ) ) ;
#1567 = VECTOR ( 'NONE', #1566, 39.37007874015748100 ) ;
#1568 = CARTESIAN_POINT ( 'NONE',  ( -6.181168985052229600, -6.747183103756119000, 0.3649999999999999900 ) ) ;
#1569 = LINE ( 'NONE', #1568, #1567 ) ;
#1570 = FACE_OUTER_BOUND ( 'NONE', #4790, .T. ) ;
#1571 = DIRECTION ( 'NONE',  ( 1.000000000000000000, 0.0000000000000000000, 0.0000000000000000000 ) ) ;
#1572 = VECTOR ( 'NONE', #1571, 39.37007874015748100 ) ;
#1573 = CARTESIAN_POINT ( 'NONE',  ( -6.376089190714619500, -6.717802761875773900, 0.3649999999999999400 ) ) ;
#1574 = LINE ( 'NONE', #1573, #1572 ) ;
#1575 = PLANE ( 'NONE',  #1615 ) ;
#1576 = CARTESIAN_POINT ( 'NONE',  ( -6.376089190714619500, -6.647289941362954500, 0.3649999999999999400 ) ) ;
#1577 = LINE ( 'NONE', #1576, #1507 ) ;
#1578 = LINE ( 'NONE', #1692, #1697 ) ;
#1579 = DIRECTION ( 'NONE',  ( 0.6227882322439378700, -0.7823904509760268900, 0.0000000000000000000 ) ) ;
#1580 = VECTOR ( 'NONE', #1579, 39.37007874015748900 ) ;
#1581 = CARTESIAN_POINT ( 'NONE',  ( -6.181168985052227800, -6.747183103756118100, 0.3649999999999999400 ) ) ;
#1582 = LINE ( 'NONE', #1581, #1580 ) ;
#1583 = CARTESIAN_POINT ( 'NONE',  ( -6.376089190714619500, -6.717802761875773900, 0.3649999999999999400 ) ) ;
#1584 = DIRECTION ( 'NONE',  ( -1.000000000000000000, 0.0000000000000000000, 0.0000000000000000000 ) ) ;
#1585 = VECTOR ( 'NONE', #1584, 39.37007874015748100 ) ;
#1586 = CARTESIAN_POINT ( 'NONE',  ( -6.096975942851373500, -6.852952334525348900, 0.3649999999999999400 ) ) ;
#1587 = DIRECTION ( 'NONE',  ( -0.6227882322439379800, 0.7823904509760268900, 0.0000000000000000000 ) ) ;
#1588 = DIRECTION ( 'NONE',  ( 0.7823904509760270000, 0.6227882322439380900, 0.0000000000000000000 ) ) ;
#1589 = CARTESIAN_POINT ( 'NONE',  ( -6.181168985052227800, -6.747183103756118100, 0.3649999999999999400 ) ) ;
#1590 = AXIS2_PLACEMENT_3D ( 'NONE', #1589, #1588, #1587 ) ;
#1591 = LINE ( 'NONE', #1586, #1585 ) ;
#1592 = CARTESIAN_POINT ( 'NONE',  ( -6.178337914055812300, -6.647294655695079200, 0.3449999999999998600 ) ) ;
#1593 = CARTESIAN_POINT ( 'NONE',  ( -6.178337914055812300, -6.647294655695079200, 0.3649999999999998800 ) ) ;
#1594 = CARTESIAN_POINT ( 'NONE',  ( -6.174465198323041200, -6.647303762705114100, 0.3449999999999998600 ) ) ;
#1595 = CARTESIAN_POINT ( 'NONE',  ( -6.174465198323041200, -6.647303762705114100, 0.3649999999999998800 ) ) ;
#1596 = CARTESIAN_POINT ( 'NONE',  ( -6.168877671044028500, -6.647488003807294100, 0.3450000000000000300 ) ) ;
#1597 = CARTESIAN_POINT ( 'NONE',  ( -6.168877671044028500, -6.647488003807294100, 0.3649999999999999900 ) ) ;
#1598 = CARTESIAN_POINT ( 'NONE',  ( -6.163717449841609400, -6.647799132171813100, 0.3449999999999999200 ) ) ;
#1599 = CARTESIAN_POINT ( 'NONE',  ( -6.163717449841609400, -6.647799132171813100, 0.3649999999999999400 ) ) ;
#1600 = PLANE ( 'NONE',  #1590 ) ;
#1601 = DIRECTION ( 'NONE',  ( 0.0000000000000000000, 0.0000000000000000000, -1.000000000000000000 ) ) ;
#1602 = DIRECTION ( 'NONE',  ( 1.000000000000000000, 0.0000000000000000000, 0.0000000000000000000 ) ) ;
#1603 = CARTESIAN_POINT ( 'NONE',  ( -6.376089190714619500, -6.647289941362954500, 0.3649999999999999400 ) ) ;
#1604 = AXIS2_PLACEMENT_3D ( 'NONE', #1603, #1602, #1601 ) ;
#1605 = PLANE ( 'NONE',  #1604 ) ;
#1606 = FACE_OUTER_BOUND ( 'NONE', #4779, .T. ) ;
#1607 = CARTESIAN_POINT ( 'NONE',  ( -6.159018771635456500, -6.648261063045248800, 0.3649999999999998800 ) ) ;
#1608 = CARTESIAN_POINT ( 'NONE',  ( -6.096975942851373500, -6.852952334525348900, 0.3649999999999999400 ) ) ;
#1609 = AXIS2_PLACEMENT_3D ( 'NONE', #1608, #1564, #1563 ) ;
#1610 = PLANE ( 'NONE',  #1609 ) ;
#1611 = FACE_OUTER_BOUND ( 'NONE', #4743, .T. ) ;
#1612 = DIRECTION ( 'NONE',  ( 0.0000000000000000000, 0.0000000000000000000, -1.000000000000000000 ) ) ;
#1613 = DIRECTION ( 'NONE',  ( 0.0000000000000000000, -1.000000000000000000, 0.0000000000000000000 ) ) ;
#1614 = CARTESIAN_POINT ( 'NONE',  ( -6.285010130885559900, -6.647289941362954500, 0.3649999999999999400 ) ) ;
#1615 = AXIS2_PLACEMENT_3D ( 'NONE', #1614, #1613, #1612 ) ;
#1616 = CARTESIAN_POINT ( 'NONE',  ( -6.159018771635456500, -6.648261063045248800, 0.3449999999999998600 ) ) ;
#1617 = CARTESIAN_POINT ( 'NONE',  ( -6.154757878512055100, -6.648798495602552100, 0.3449999999999999200 ) ) ;
#1618 = DIRECTION ( 'NONE',  ( 0.0000000000000000000, -1.000000000000000000, 0.0000000000000000000 ) ) ;
#1619 = VECTOR ( 'NONE', #1618, 39.37007874015748100 ) ;
#1620 = CARTESIAN_POINT ( 'NONE',  ( -6.285010130885559900, -6.717802761875773900, 0.3649999999999999400 ) ) ;
#1621 = LINE ( 'NONE', #1620, #1619 ) ;
#1622 = DIRECTION ( 'NONE',  ( -1.000000000000000000, 0.0000000000000000000, 0.0000000000000000000 ) ) ;
#1623 = VECTOR ( 'NONE', #1622, 39.37007874015748100 ) ;
#1624 = CARTESIAN_POINT ( 'NONE',  ( -6.285010130885559900, -6.647289941362954500, 0.3649999999999999400 ) ) ;
#1625 = LINE ( 'NONE', #1624, #1623 ) ;
#1626 = CARTESIAN_POINT ( 'NONE',  ( -6.154757878512055100, -6.648798495602552100, 0.3649999999999999400 ) ) ;
#1627 = VECTOR ( 'NONE', #1637, 39.37007874015748100 ) ;
#1628 = CARTESIAN_POINT ( 'NONE',  ( -6.243877652253083000, -6.852952334525348900, 0.3649999999999999400 ) ) ;
#1629 = LINE ( 'NONE', #1628, #1627 ) ;
#1630 = CARTESIAN_POINT ( 'NONE',  ( -6.180342662936844500, -6.647289941362956300, 0.3449999999999999200 ) ) ;
#1631 = CARTESIAN_POINT ( 'NONE',  ( -6.180342662936844500, -6.647289941362956300, 0.3649999999999999400 ) ) ;
#1632 = DIRECTION ( 'NONE',  ( 0.0000000000000000000, 0.0000000000000000000, -1.000000000000000000 ) ) ;
#1633 = VECTOR ( 'NONE', #1632, 39.37007874015748100 ) ;
#1634 = CARTESIAN_POINT ( 'NONE',  ( -6.099913977039407500, -6.685071224749708400, 0.3649999999999999400 ) ) ;
#1635 = LINE ( 'NONE', #1634, #1633 ) ;
#1636 = CARTESIAN_POINT ( 'NONE',  ( -6.243877652253083000, -6.852952334525348900, 0.3649999999999999400 ) ) ;
#1637 = DIRECTION ( 'NONE',  ( 0.0000000000000000000, 1.000000000000000000, 0.0000000000000000000 ) ) ;
#1638 = DIRECTION ( 'NONE',  ( -0.6227882322439378700, 0.7823904509760268900, 0.0000000000000000000 ) ) ;
#1639 = VECTOR ( 'NONE', #1638, 39.37007874015748900 ) ;
#1640 = CARTESIAN_POINT ( 'NONE',  ( -6.122408301291545600, -6.852952334525348900, 0.3649999999999999400 ) ) ;
#1641 = CARTESIAN_POINT ( 'NONE',  ( -6.181168985052229600, -6.747183103756119000, 0.3649999999999999900 ) ) ;
#1642 = CARTESIAN_POINT ( 'NONE',  ( -6.178766052343820400, -6.747154742283133700, 0.3649999999999999900 ) ) ;
#1643 = CARTESIAN_POINT ( 'NONE',  ( -6.174095041850458500, -6.747099611010641600, 0.3649999999999999400 ) ) ;
#1644 = CARTESIAN_POINT ( 'NONE',  ( -6.167295591446109200, -6.746729405441113800, 0.3649999999999999400 ) ) ;
#1645 = CARTESIAN_POINT ( 'NONE',  ( -6.160893981724195900, -6.746137068898476300, 0.3649999999999999400 ) ) ;
#1646 = CARTESIAN_POINT ( 'NONE',  ( -6.154885647138400800, -6.745328327002480000, 0.3649999999999998800 ) ) ;
#1647 = CARTESIAN_POINT ( 'NONE',  ( -6.149284988324925600, -6.744257127898460000, 0.3650000000000000500 ) ) ;
#1648 = CARTESIAN_POINT ( 'NONE',  ( -6.144068698131743400, -6.743061403981503300, 0.3649999999999998800 ) ) ;
#1649 = CARTESIAN_POINT ( 'NONE',  ( -6.139286755032529200, -6.741513785246690200, 0.3649999999999999900 ) ) ;
#1650 = PLANE ( 'NONE',  #1662 ) ;
#1651 = CARTESIAN_POINT ( 'NONE',  ( -6.099913977039407500, -6.685071224749708400, 0.3649999999999999400 ) ) ;
#1652 = PLANE ( 'NONE',  #1686 ) ;
#1653 = FACE_OUTER_BOUND ( 'NONE', #4832, .T. ) ;
#1654 = FACE_OUTER_BOUND ( 'NONE', #4830, .T. ) ;
#1655 = DIRECTION ( 'NONE',  ( 1.000000000000000000, 0.0000000000000000000, 0.0000000000000000000 ) ) ;
#1656 = VECTOR ( 'NONE', #1655, 39.37007874015748100 ) ;
#1657 = CARTESIAN_POINT ( 'NONE',  ( -6.396655430030858900, -6.623785667858680200, 0.3649999999999999400 ) ) ;
#1658 = LINE ( 'NONE', #1695, #1694 ) ;
#1659 = DIRECTION ( 'NONE',  ( 0.0000000000000000000, 0.0000000000000000000, -1.000000000000000000 ) ) ;
#1660 = DIRECTION ( 'NONE',  ( 0.0000000000000000000, -1.000000000000000000, 0.0000000000000000000 ) ) ;
#1661 = CARTESIAN_POINT ( 'NONE',  ( -6.206601343492399900, -6.747183103756118100, 0.3649999999999999400 ) ) ;
#1662 = AXIS2_PLACEMENT_3D ( 'NONE', #1661, #1660, #1659 ) ;
#1663 = B_SPLINE_SURFACE_WITH_KNOTS ( 'NONE', 3, 1, ( 
 ( #1767, #1766 ),
 ( #1721, #1739 ),
 ( #1722, #1719 ),
 ( #1743, #1720 ),
 ( #1718, #1717 ),
 ( #1716, #1742 ),
 ( #1741, #1740 ),
 ( #1770, #1769 ),
 ( #1768, #1765 ),
 ( #1764, #1763 ),
 ( #1786, #1785 ),
 ( #1784, #1774 ),
 ( #1773, #1772 ),
 ( #1771, #1792 ),
 ( #1791, #1790 ),
 ( #1789, #1788 ),
 ( #1787, #1709 ),
 ( #1708, #1707 ),
 ( #1706, #1705 ) ),
 .UNSPECIFIED., .F., .F., .F.,
 ( 4, 1, 1, 1, 1, 1, 1, 1, 1, 1, 1, 1, 1, 1, 1, 1, 4 ),
 ( 2, 2 ),
 ( 0.0000000000000000000, 0.06421684263142604700, 0.1270637656931166100, 0.1887445383478215100, 0.2491321028350407000, 0.3094525327106215600, 0.3698266762476743500, 0.4306501418384625100, 0.4923519318794590300, 0.5540721062625142400, 0.6156897837449719600, 0.6767977025065377000, 0.7384390482469298500, 0.8013169100648904800, 0.8651845117115311000, 0.9316413244190729900, 1.000000000000000000 ),
 ( 0.0000000000000000000, 1.000000000000000000 ),
 .UNSPECIFIED. ) ;
#1664 = DIRECTION ( 'NONE',  ( 0.0000000000000000000, 0.0000000000000000000, -1.000000000000000000 ) ) ;
#1665 = VECTOR ( 'NONE', #1664, 39.37007874015748100 ) ;
#1666 = CARTESIAN_POINT ( 'NONE',  ( -5.494678934304364000, -6.852952334525348000, 0.3649999999999999400 ) ) ;
#1667 = LINE ( 'NONE', #1666, #1665 ) ;
#1668 = DIRECTION ( 'NONE',  ( 0.0000000000000000000, 0.0000000000000000000, -1.000000000000000000 ) ) ;
#1669 = LINE ( 'NONE', #1657, #1656 ) ;
#1670 = B_SPLINE_CURVE_WITH_KNOTS ( 'NONE', 3,
 ( #1651, #1679, #1678, #1677, #1676, #1675, #1674, #1673, #1672, #1671, #1649, #1648, #1647, #1646, #1645, #1644, #1643, #1642, #1641 ),
 .UNSPECIFIED., .F., .F.,
 ( 4, 1, 1, 1, 1, 1, 1, 1, 1, 1, 1, 1, 1, 1, 1, 1, 4 ),
 ( 0.0000000000000000000, 0.07878023558213677300, 0.1537206442085811700, 0.2267135303087758900, 0.2991911660659379300, 0.3711899968376675700, 0.4430064143534083700, 0.5166891732948792900, 0.5932172166234157600, 0.6338729178078493800, 0.6769891422899846400, 0.7228995063258285600, 0.7719586105061506700, 0.8242113233348393700, 0.8793786506272075500, 0.9379481193304248800, 1.000000000000000000 ),
 .UNSPECIFIED. ) ;
#1671 = CARTESIAN_POINT ( 'NONE',  ( -6.133478087195247700, -6.739314249562922600, 0.3649999999999999400 ) ) ;
#1672 = CARTESIAN_POINT ( 'NONE',  ( -6.126902358175420300, -6.735879839731278000, 0.3649999999999998800 ) ) ;
#1673 = CARTESIAN_POINT ( 'NONE',  ( -6.119838681232643300, -6.730927226406875800, 0.3649999999999998800 ) ) ;
#1674 = CARTESIAN_POINT ( 'NONE',  ( -6.113793605624688400, -6.725008803738174600, 0.3649999999999999900 ) ) ;
#1675 = CARTESIAN_POINT ( 'NONE',  ( -6.108763759000590100, -6.718270606720544400, 0.3649999999999999400 ) ) ;
#1676 = CARTESIAN_POINT ( 'NONE',  ( -6.104814019839265500, -6.710795672095128900, 0.3649999999999999900 ) ) ;
#1677 = CARTESIAN_POINT ( 'NONE',  ( -6.101947700095121400, -6.702729705065096700, 0.3649999999999999400 ) ) ;
#1678 = CARTESIAN_POINT ( 'NONE',  ( -6.100197842116070700, -6.694082861639523200, 0.3649999999999999400 ) ) ;
#1679 = CARTESIAN_POINT ( 'NONE',  ( -6.100010161439367800, -6.688124713742089600, 0.3649999999999999400 ) ) ;
#1680 = FACE_OUTER_BOUND ( 'NONE', #4818, .T. ) ;
#1681 = DIRECTION ( 'NONE',  ( 0.0000000000000000000, -1.000000000000000000, 0.0000000000000000000 ) ) ;
#1682 = VECTOR ( 'NONE', #1681, 39.37007874015748100 ) ;
#1683 = DIRECTION ( 'NONE',  ( 0.0000000000000000000, 0.0000000000000000000, 1.000000000000000000 ) ) ;
#1684 = DIRECTION ( 'NONE',  ( -1.000000000000000000, 0.0000000000000000000, 0.0000000000000000000 ) ) ;
#1685 = CARTESIAN_POINT ( 'NONE',  ( -6.243877652253083000, -6.852952334525348900, 0.3649999999999999400 ) ) ;
#1686 = AXIS2_PLACEMENT_3D ( 'NONE', #1685, #1684, #1683 ) ;
#1687 = CARTESIAN_POINT ( 'NONE',  ( -5.773792182167611900, -6.623785667858681100, 0.3649999999999999400 ) ) ;
#1688 = DIRECTION ( 'NONE',  ( 0.0000000000000000000, 0.0000000000000000000, -1.000000000000000000 ) ) ;
#1689 = VECTOR ( 'NONE', #1688, 39.37007874015748100 ) ;
#1690 = CARTESIAN_POINT ( 'NONE',  ( -5.773792182167611900, -6.623785667858681100, 0.3649999999999999400 ) ) ;
#1691 = LINE ( 'NONE', #1690, #1689 ) ;
#1692 = CARTESIAN_POINT ( 'NONE',  ( -6.243877652253083000, -6.852952334525348900, 0.3649999999999999400 ) ) ;
#1693 = DIRECTION ( 'NONE',  ( 0.0000000000000000000, -1.000000000000000000, 0.0000000000000000000 ) ) ;
#1694 = VECTOR ( 'NONE', #1693, 39.37007874015748100 ) ;
#1695 = CARTESIAN_POINT ( 'NONE',  ( -6.223311412936843600, -6.647289941362956300, 0.3649999999999999400 ) ) ;
#1696 = LINE ( 'NONE', #1640, #1639 ) ;
#1697 = VECTOR ( 'NONE', #1668, 39.37007874015748100 ) ;
#1698 = PLANE ( 'NONE',  #1762 ) ;
#1699 = FACE_OUTER_BOUND ( 'NONE', #4947, .T. ) ;
#1700 = CARTESIAN_POINT ( 'NONE',  ( -5.602192622872739700, -6.852952334525348000, 0.3649999999999999400 ) ) ;
#1701 = DIRECTION ( 'NONE',  ( 0.0000000000000000000, 0.0000000000000000000, -1.000000000000000000 ) ) ;
#1702 = VECTOR ( 'NONE', #1701, 39.37007874015748100 ) ;
#1703 = CARTESIAN_POINT ( 'NONE',  ( -5.515245173620603400, -6.852952334525348000, 0.3649999999999999400 ) ) ;
#1704 = LINE ( 'NONE', #1703, #1702 ) ;
#1705 = CARTESIAN_POINT ( 'NONE',  ( -6.099913977039407500, -6.685071224749708400, 0.3449999999999999200 ) ) ;
#1706 = CARTESIAN_POINT ( 'NONE',  ( -6.099913977039407500, -6.685071224749708400, 0.3649999999999999400 ) ) ;
#1707 = CARTESIAN_POINT ( 'NONE',  ( -6.099945246584064200, -6.683233345687861900, 0.3449999999999999200 ) ) ;
#1708 = CARTESIAN_POINT ( 'NONE',  ( -6.099945246584064200, -6.683233345687861900, 0.3649999999999999400 ) ) ;
#1709 = CARTESIAN_POINT ( 'NONE',  ( -6.100006915697687000, -6.679608720707459000, 0.3450000000000000300 ) ) ;
#1710 = LINE ( 'NONE', #1730, #1729 ) ;
#1711 = CARTESIAN_POINT ( 'NONE',  ( -6.285010130885559900, -6.647289941362954500, 0.3649999999999999400 ) ) ;
#1712 = DIRECTION ( 'NONE',  ( 0.0000000000000000000, 0.0000000000000000000, -1.000000000000000000 ) ) ;
#1713 = VECTOR ( 'NONE', #1712, 39.37007874015748100 ) ;
#1714 = CARTESIAN_POINT ( 'NONE',  ( -6.285010130885559900, -6.647289941362954500, 0.3649999999999999400 ) ) ;
#1715 = LINE ( 'NONE', #1714, #1713 ) ;
#1716 = CARTESIAN_POINT ( 'NONE',  ( -6.127466403675778200, -6.634233347175272600, 0.3649999999999999400 ) ) ;
#1717 = CARTESIAN_POINT ( 'NONE',  ( -6.131774070744461000, -6.631878579773491800, 0.3449999999999999200 ) ) ;
#1718 = CARTESIAN_POINT ( 'NONE',  ( -6.131774070744461000, -6.631878579773491800, 0.3649999999999999400 ) ) ;
#1719 = CARTESIAN_POINT ( 'NONE',  ( -6.141102096279626100, -6.628141249535803000, 0.3449999999999999200 ) ) ;
#1720 = CARTESIAN_POINT ( 'NONE',  ( -6.136325603860351300, -6.629873723399259500, 0.3450000000000000300 ) ) ;
#1721 = CARTESIAN_POINT ( 'NONE',  ( -6.144419577733133400, -6.627321581677643200, 0.3649999999999998800 ) ) ;
#1722 = CARTESIAN_POINT ( 'NONE',  ( -6.141102096279626100, -6.628141249535803000, 0.3649999999999999400 ) ) ;
#1723 = CARTESIAN_POINT ( 'NONE',  ( -5.565191754817183400, -6.647289941362954500, 0.3649999999999999400 ) ) ;
#1724 = DIRECTION ( 'NONE',  ( -1.000000000000000000, 0.0000000000000000000, 0.0000000000000000000 ) ) ;
#1725 = VECTOR ( 'NONE', #1724, 39.37007874015748100 ) ;
#1726 = CARTESIAN_POINT ( 'NONE',  ( -5.515245173620603400, -6.647289941362954500, 0.3649999999999999400 ) ) ;
#1727 = LINE ( 'NONE', #1726, #1725 ) ;
#1728 = DIRECTION ( 'NONE',  ( 0.0000000000000000000, 0.0000000000000000000, -1.000000000000000000 ) ) ;
#1729 = VECTOR ( 'NONE', #1728, 39.37007874015748100 ) ;
#1730 = CARTESIAN_POINT ( 'NONE',  ( -5.618076370201799300, -6.804153422933467300, 0.3649999999999999400 ) ) ;
#1731 = DIRECTION ( 'NONE',  ( 0.0000000000000000000, -1.000000000000000000, 0.0000000000000000000 ) ) ;
#1732 = VECTOR ( 'NONE', #1731, 39.37007874015748100 ) ;
#1733 = CARTESIAN_POINT ( 'NONE',  ( -6.285010130885559900, -6.623785667858680200, 0.3649999999999999400 ) ) ;
#1734 = LINE ( 'NONE', #1733, #1732 ) ;
#1735 = CARTESIAN_POINT ( 'NONE',  ( -6.376089190714619500, -6.647289941362954500, 0.3649999999999999400 ) ) ;
#1736 = DIRECTION ( 'NONE',  ( -1.000000000000000000, 0.0000000000000000000, 0.0000000000000000000 ) ) ;
#1737 = DIRECTION ( 'NONE',  ( 0.0000000000000000000, 0.0000000000000000000, -1.000000000000000000 ) ) ;
#1738 = CARTESIAN_POINT ( 'NONE',  ( -6.396655430030858900, -6.623785667858680200, 0.3649999999999999400 ) ) ;
#1739 = CARTESIAN_POINT ( 'NONE',  ( -6.144419577733133400, -6.627321581677643200, 0.3449999999999998600 ) ) ;
#1740 = CARTESIAN_POINT ( 'NONE',  ( -6.123424179252593200, -6.636955505368114800, 0.3449999999999998600 ) ) ;
#1741 = CARTESIAN_POINT ( 'NONE',  ( -6.123424179252593200, -6.636955505368114800, 0.3649999999999998800 ) ) ;
#1742 = CARTESIAN_POINT ( 'NONE',  ( -6.127466403675778200, -6.634233347175272600, 0.3449999999999999200 ) ) ;
#1743 = CARTESIAN_POINT ( 'NONE',  ( -6.136325603860351300, -6.629873723399259500, 0.3649999999999999900 ) ) ;
#1744 = DIRECTION ( 'NONE',  ( 0.0000000000000000000, 1.000000000000000000, 0.0000000000000000000 ) ) ;
#1745 = VECTOR ( 'NONE', #1744, 39.37007874015748100 ) ;
#1746 = CARTESIAN_POINT ( 'NONE',  ( -5.773792182167611900, -6.852952334525348000, 0.3649999999999999400 ) ) ;
#1747 = CARTESIAN_POINT ( 'NONE',  ( -5.846385916310852700, -6.706496967531514900, 0.3649999999999998800 ) ) ;
#1748 = DIRECTION ( 'NONE',  ( 0.0000000000000000000, 0.0000000000000000000, -1.000000000000000000 ) ) ;
#1749 = DIRECTION ( 'NONE',  ( 0.0000000000000000000, -1.000000000000000000, 0.0000000000000000000 ) ) ;
#1750 = CARTESIAN_POINT ( 'NONE',  ( -5.597510130885561700, -6.852952334525348000, 0.3649999999999999400 ) ) ;
#1751 = AXIS2_PLACEMENT_3D ( 'NONE', #1750, #1749, #1748 ) ;
#1752 = PLANE ( 'NONE',  #1751 ) ;
#1753 = LINE ( 'NONE', #1746, #1745 ) ;
#1754 = FACE_OUTER_BOUND ( 'NONE', #4863, .T. ) ;
#1755 = DIRECTION ( 'NONE',  ( -1.000000000000000000, 0.0000000000000000000, 0.0000000000000000000 ) ) ;
#1756 = VECTOR ( 'NONE', #1755, 39.37007874015748100 ) ;
#1757 = CARTESIAN_POINT ( 'NONE',  ( -5.597510130885561700, -6.852952334525348000, 0.3649999999999999400 ) ) ;
#1758 = LINE ( 'NONE', #1757, #1756 ) ;
#1759 = DIRECTION ( 'NONE',  ( 0.0000000000000000000, 0.0000000000000000000, 1.000000000000000000 ) ) ;
#1760 = DIRECTION ( 'NONE',  ( 0.0000000000000000000, 1.000000000000000000, 0.0000000000000000000 ) ) ;
#1761 = CARTESIAN_POINT ( 'NONE',  ( -5.618076370201799300, -6.623785667858681100, 0.3649999999999999400 ) ) ;
#1762 = AXIS2_PLACEMENT_3D ( 'NONE', #1761, #1760, #1759 ) ;
#1763 = CARTESIAN_POINT ( 'NONE',  ( -6.112734182538874400, -6.647078790289490300, 0.3449999999999998600 ) ) ;
#1764 = CARTESIAN_POINT ( 'NONE',  ( -6.112734182538874400, -6.647078790289490300, 0.3649999999999998800 ) ) ;
#1765 = CARTESIAN_POINT ( 'NONE',  ( -6.115993694038778900, -6.643344366143482600, 0.3449999999999998600 ) ) ;
#1766 = CARTESIAN_POINT ( 'NONE',  ( -6.146096201932570200, -6.626907329183469000, 0.3449999999999999200 ) ) ;
#1767 = CARTESIAN_POINT ( 'NONE',  ( -6.146096201932570200, -6.626907329183469000, 0.3649999999999999400 ) ) ;
#1768 = CARTESIAN_POINT ( 'NONE',  ( -6.115993694038778900, -6.643344366143482600, 0.3649999999999998800 ) ) ;
#1769 = CARTESIAN_POINT ( 'NONE',  ( -6.119605718426755400, -6.639998061003751700, 0.3450000000000000300 ) ) ;
#1770 = CARTESIAN_POINT ( 'NONE',  ( -6.119605718426755400, -6.639998061003751700, 0.3649999999999999900 ) ) ;
#1771 = CARTESIAN_POINT ( 'NONE',  ( -6.103055185966879600, -6.664332369633583200, 0.3649999999999999400 ) ) ;
#1772 = CARTESIAN_POINT ( 'NONE',  ( -6.104834207913316200, -6.659663431566261100, 0.3449999999999999200 ) ) ;
#1773 = CARTESIAN_POINT ( 'NONE',  ( -6.104834207913316200, -6.659663431566261100, 0.3649999999999999400 ) ) ;
#1774 = CARTESIAN_POINT ( 'NONE',  ( -6.107068679799910500, -6.655233212502188200, 0.3449999999999999200 ) ) ;
#1775 = AXIS2_PLACEMENT_3D ( 'NONE', #1738, #1737, #1736 ) ;
#1776 = PLANE ( 'NONE',  #1775 ) ;
#1777 = FACE_OUTER_BOUND ( 'NONE', #4479, .T. ) ;
#1778 = CARTESIAN_POINT ( 'NONE',  ( -6.223311412936843600, -6.852952334525348900, 0.3649999999999999400 ) ) ;
#1779 = CARTESIAN_POINT ( 'NONE',  ( -6.243877652253083000, -6.623785667858682800, 0.3649999999999999400 ) ) ;
#1780 = DIRECTION ( 'NONE',  ( 0.0000000000000000000, 0.0000000000000000000, -1.000000000000000000 ) ) ;
#1781 = VECTOR ( 'NONE', #1780, 39.37007874015748100 ) ;
#1782 = CARTESIAN_POINT ( 'NONE',  ( -6.146096201932570200, -6.626907329183469000, 0.3649999999999999400 ) ) ;
#1783 = LINE ( 'NONE', #1782, #1781 ) ;
#1784 = CARTESIAN_POINT ( 'NONE',  ( -6.107068679799910500, -6.655233212502188200, 0.3649999999999999400 ) ) ;
#1785 = CARTESIAN_POINT ( 'NONE',  ( -6.109660792249352200, -6.650996656994728100, 0.3450000000000000300 ) ) ;
#1786 = CARTESIAN_POINT ( 'NONE',  ( -6.109660792249352200, -6.650996656994728100, 0.3649999999999999900 ) ) ;
#1787 = CARTESIAN_POINT ( 'NONE',  ( -6.100006915697687000, -6.679608720707459000, 0.3649999999999999900 ) ) ;
#1788 = CARTESIAN_POINT ( 'NONE',  ( -6.100612648221133600, -6.674294609243630400, 0.3449999999999998600 ) ) ;
#1789 = CARTESIAN_POINT ( 'NONE',  ( -6.100612648221133600, -6.674294609243630400, 0.3649999999999998800 ) ) ;
#1790 = CARTESIAN_POINT ( 'NONE',  ( -6.101622699608519400, -6.669194747553160800, 0.3450000000000000800 ) ) ;
#1791 = CARTESIAN_POINT ( 'NONE',  ( -6.101622699608519400, -6.669194747553160800, 0.3650000000000000500 ) ) ;
#1792 = CARTESIAN_POINT ( 'NONE',  ( -6.103055185966879600, -6.664332369633583200, 0.3449999999999999200 ) ) ;
#1793 = CARTESIAN_POINT ( 'NONE',  ( -5.928273920967115800, -6.834609309510688600, 0.3650000000000000500 ) ) ;
#1794 = CARTESIAN_POINT ( 'NONE',  ( -5.934958746835451200, -6.835231246684528200, 0.3649999999999998800 ) ) ;
#1795 = CARTESIAN_POINT ( 'NONE',  ( -5.939453100407595400, -6.835292995182690800, 0.3649999999999999400 ) ) ;
#1796 = CARTESIAN_POINT ( 'NONE',  ( -5.941719198727441600, -6.835324129397142700, 0.3649999999999997700 ) ) ;
#1797 = B_SPLINE_CURVE_WITH_KNOTS ( 'NONE', 3,
 ( #1796, #1795, #1794, #1793, #1832, #1831, #1830, #1829, #1828, #1827, #1826, #1825, #1824, #1823, #1822, #1805, #1804, #1803, #1802, #1801, #1800, #1799, #1798, #1849, #1848, #1847, #1846 ),
 .UNSPECIFIED., .F., .F.,
 ( 4, 1, 1, 1, 1, 1, 1, 1, 1, 1, 1, 1, 1, 1, 1, 1, 1, 1, 1, 1, 1, 1, 1, 1, 4 ),
 ( 0.0000000000000000000, 0.04363321826575888900, 0.08653777669720330600, 0.1291773360898923200, 0.1714363236638339100, 0.2134158945709099000, 0.2552659545538518100, 0.2973694811566280900, 0.3399407478985551600, 0.3823474587518122500, 0.4239529468152698500, 0.4648711632610158500, 0.5055722941182762000, 0.5460025771083159000, 0.5865679748069141400, 0.6270647991481685900, 0.6682706840331723600, 0.7095492248503345600, 0.7504281535131895900, 0.7910961944485960200, 0.8320271447794370700, 0.8731359553359699900, 0.9146107643654520800, 0.9569559864804391100, 1.000000000000000000 ),
 .UNSPECIFIED. ) ;
#1798 = CARTESIAN_POINT ( 'NONE',  ( -5.843123316730213000, -6.757874818864368500, 0.3649999999999999400 ) ) ;
#1799 = CARTESIAN_POINT ( 'NONE',  ( -5.844556293388039100, -6.764131779200553800, 0.3649999999999999400 ) ) ;
#1800 = CARTESIAN_POINT ( 'NONE',  ( -5.846384945489953500, -6.770240155904689400, 0.3649999999999998800 ) ) ;
#1801 = CARTESIAN_POINT ( 'NONE',  ( -5.848650167359956200, -6.776188347589418000, 0.3649999999999999900 ) ) ;
#1802 = CARTESIAN_POINT ( 'NONE',  ( -5.851320227416741700, -6.781984933645560400, 0.3650000000000000500 ) ) ;
#1803 = CARTESIAN_POINT ( 'NONE',  ( -5.854384726763846000, -6.787615640666615500, 0.3649999999999998800 ) ) ;
#1804 = CARTESIAN_POINT ( 'NONE',  ( -5.857819977434675500, -6.793003375566276400, 0.3649999999999999900 ) ) ;
#1805 = CARTESIAN_POINT ( 'NONE',  ( -5.861550819420696900, -6.798145918599399100, 0.3649999999999999400 ) ) ;
#1806 = VECTOR ( 'NONE', #1821, 39.37007874015748100 ) ;
#1807 = CARTESIAN_POINT ( 'NONE',  ( -5.769476944453937300, -6.623785667858681100, 0.3649999999999999400 ) ) ;
#1808 = LINE ( 'NONE', #1807, #1806 ) ;
#1809 = DIRECTION ( 'NONE',  ( 0.0000000000000000000, 0.0000000000000000000, -1.000000000000000000 ) ) ;
#1810 = DIRECTION ( 'NONE',  ( 1.000000000000000000, 0.0000000000000000000, 0.0000000000000000000 ) ) ;
#1811 = AXIS2_PLACEMENT_3D ( 'NONE', #1813, #1810, #1809 ) ;
#1812 = CARTESIAN_POINT ( 'NONE',  ( -5.618076370201799300, -6.804153422933467300, 0.3649999999999999400 ) ) ;
#1813 = CARTESIAN_POINT ( 'NONE',  ( -5.597510130885561700, -6.623785667858681100, 0.3649999999999999400 ) ) ;
#1814 = DIRECTION ( 'NONE',  ( 0.0000000000000000000, 0.0000000000000000000, 1.000000000000000000 ) ) ;
#1815 = DIRECTION ( 'NONE',  ( -1.000000000000000000, 0.0000000000000000000, 0.0000000000000000000 ) ) ;
#1816 = CARTESIAN_POINT ( 'NONE',  ( -5.618076370201799300, -6.804153422933467300, 0.3649999999999999400 ) ) ;
#1817 = AXIS2_PLACEMENT_3D ( 'NONE', #1816, #1815, #1814 ) ;
#1818 = PLANE ( 'NONE',  #1817 ) ;
#1819 = LINE ( 'NONE', #1839, #1838 ) ;
#1820 = FACE_OUTER_BOUND ( 'NONE', #4872, .T. ) ;
#1821 = DIRECTION ( 'NONE',  ( 0.0000000000000000000, 0.0000000000000000000, -1.000000000000000000 ) ) ;
#1822 = CARTESIAN_POINT ( 'NONE',  ( -5.865637121959248500, -6.802959742648897500, 0.3649999999999999400 ) ) ;
#1823 = CARTESIAN_POINT ( 'NONE',  ( -5.870065125405194100, -6.807475232687170100, 0.3650000000000000500 ) ) ;
#1824 = CARTESIAN_POINT ( 'NONE',  ( -5.874804886033943200, -6.811686518032308500, 0.3649999999999998800 ) ) ;
#1825 = CARTESIAN_POINT ( 'NONE',  ( -5.879812241857775800, -6.815678511054979800, 0.3649999999999999400 ) ) ;
#1826 = CARTESIAN_POINT ( 'NONE',  ( -5.885212425519674700, -6.819282199425525300, 0.3649999999999999400 ) ) ;
#1827 = CARTESIAN_POINT ( 'NONE',  ( -5.890869322297075600, -6.822637209740213900, 0.3650000000000000500 ) ) ;
#1828 = CARTESIAN_POINT ( 'NONE',  ( -5.896779192629290700, -6.825580230379312500, 0.3649999999999997700 ) ) ;
#1829 = CARTESIAN_POINT ( 'NONE',  ( -5.902789794971646100, -6.828243880620474800, 0.3649999999999999900 ) ) ;
#1830 = CARTESIAN_POINT ( 'NONE',  ( -5.908976954699406600, -6.830378910427318000, 0.3649999999999998800 ) ) ;
#1831 = CARTESIAN_POINT ( 'NONE',  ( -5.915274769730665100, -6.832176048943443500, 0.3649999999999999400 ) ) ;
#1832 = CARTESIAN_POINT ( 'NONE',  ( -5.921709526151397900, -6.833611984727354200, 0.3649999999999999400 ) ) ;
#1833 = DIRECTION ( 'NONE',  ( 0.0000000000000000000, -1.000000000000000000, 0.0000000000000000000 ) ) ;
#1834 = VECTOR ( 'NONE', #1833, 39.37007874015748100 ) ;
#1835 = CARTESIAN_POINT ( 'NONE',  ( -6.223311412936843600, -6.647289941362956300, 0.3449999999999999200 ) ) ;
#1836 = LINE ( 'NONE', #1835, #1834 ) ;
#1837 = DIRECTION ( 'NONE',  ( -0.6428712487501676600, 0.7659742538299836300, 0.0000000000000000000 ) ) ;
#1838 = VECTOR ( 'NONE', #1837, 39.37007874015748900 ) ;
#1839 = CARTESIAN_POINT ( 'NONE',  ( -5.602192622872739700, -6.852952334525348000, 0.3649999999999999400 ) ) ;
#1840 = DIRECTION ( 'NONE',  ( 1.000000000000000000, 0.0000000000000000000, 0.0000000000000000000 ) ) ;
#1841 = VECTOR ( 'NONE', #1840, 39.37007874015748100 ) ;
#1842 = CARTESIAN_POINT ( 'NONE',  ( -5.618076370201799300, -6.623785667858681100, 0.3649999999999999400 ) ) ;
#1843 = LINE ( 'NONE', #1842, #1841 ) ;
#1844 = CARTESIAN_POINT ( 'NONE',  ( -6.223311412936843600, -6.723678830251845500, 0.3449999999999999200 ) ) ;
#1845 = FACE_OUTER_BOUND ( 'NONE', #4882, .T. ) ;
#1846 = CARTESIAN_POINT ( 'NONE',  ( -5.841366968492398100, -6.738231280839450200, 0.3649999999999999400 ) ) ;
#1847 = CARTESIAN_POINT ( 'NONE',  ( -5.841393210818557300, -6.740467235276601500, 0.3649999999999999900 ) ) ;
#1848 = CARTESIAN_POINT ( 'NONE',  ( -5.841445269443875400, -6.744902844893140100, 0.3649999999999999400 ) ) ;
#1849 = CARTESIAN_POINT ( 'NONE',  ( -5.842135941021952700, -6.751460897079994100, 0.3649999999999999400 ) ) ;
#1850 = DIRECTION ( 'NONE',  ( 0.0000000000000000000, 0.0000000000000000000, 1.000000000000000000 ) ) ;
#1851 = DIRECTION ( 'NONE',  ( -1.000000000000000000, 0.0000000000000000000, 0.0000000000000000000 ) ) ;
#1852 = CARTESIAN_POINT ( 'NONE',  ( -5.773792182167611900, -6.852952334525348000, 0.3649999999999999400 ) ) ;
#1853 = AXIS2_PLACEMENT_3D ( 'NONE', #1852, #1851, #1850 ) ;
#1854 = PLANE ( 'NONE',  #1853 ) ;
#1855 = LINE ( 'NONE', #1883, #1882 ) ;
#1856 = FACE_OUTER_BOUND ( 'NONE', #4896, .T. ) ;
#1857 = DIRECTION ( 'NONE',  ( 1.000000000000000000, 0.0000000000000000000, 0.0000000000000000000 ) ) ;
#1858 = VECTOR ( 'NONE', #1857, 39.37007874015748100 ) ;
#1859 = CARTESIAN_POINT ( 'NONE',  ( -5.773792182167611900, -6.623785667858681100, 0.3649999999999999400 ) ) ;
#1860 = LINE ( 'NONE', #1859, #1858 ) ;
#1861 = CARTESIAN_POINT ( 'NONE',  ( -5.848650562943457300, -6.700640335241558000, 0.3649999999999999900 ) ) ;
#1862 = CARTESIAN_POINT ( 'NONE',  ( -5.494678934304364000, -6.647289941362954500, 0.3649999999999999400 ) ) ;
#1863 = DIRECTION ( 'NONE',  ( 0.0000000000000000000, 0.0000000000000000000, -1.000000000000000000 ) ) ;
#1864 = DIRECTION ( 'NONE',  ( 1.000000000000000000, 0.0000000000000000000, 0.0000000000000000000 ) ) ;
#1865 = CARTESIAN_POINT ( 'NONE',  ( -5.494678934304364000, -6.647289941362954500, 0.3649999999999999400 ) ) ;
#1866 = AXIS2_PLACEMENT_3D ( 'NONE', #1865, #1864, #1863 ) ;
#1867 = LINE ( 'NONE', #1862, #1682 ) ;
#1868 = PLANE ( 'NONE',  #1866 ) ;
#1869 = FACE_OUTER_BOUND ( 'NONE', #4969, .T. ) ;
#1870 = CARTESIAN_POINT ( 'NONE',  ( -5.494678934304364000, -6.852952334525348000, 0.3649999999999999400 ) ) ;
#1871 = DIRECTION ( 'NONE',  ( 0.0000000000000000000, 0.0000000000000000000, -1.000000000000000000 ) ) ;
#1872 = VECTOR ( 'NONE', #1871, 39.37007874015748100 ) ;
#1873 = CARTESIAN_POINT ( 'NONE',  ( -5.597510130885561700, -6.852952334525348000, 0.3649999999999999400 ) ) ;
#1874 = DIRECTION ( 'NONE',  ( -1.000000000000000000, 0.0000000000000000000, 0.0000000000000000000 ) ) ;
#1875 = DIRECTION ( 'NONE',  ( 0.0000000000000000000, 0.0000000000000000000, -1.000000000000000000 ) ) ;
#1876 = CARTESIAN_POINT ( 'NONE',  ( -5.773792182167611900, -6.852952334525348000, 0.3649999999999999400 ) ) ;
#1877 = AXIS2_PLACEMENT_3D ( 'NONE', #1876, #1875, #1874 ) ;
#1878 = PLANE ( 'NONE',  #1877 ) ;
#1879 = LINE ( 'NONE', #1873, #1872 ) ;
#1880 = FACE_OUTER_BOUND ( 'NONE', #4937, .T. ) ;
#1881 = DIRECTION ( 'NONE',  ( 0.0000000000000000000, 0.0000000000000000000, -1.000000000000000000 ) ) ;
#1882 = VECTOR ( 'NONE', #1881, 39.37007874015748100 ) ;
#1883 = CARTESIAN_POINT ( 'NONE',  ( -5.494678934304364000, -6.647289941362954500, 0.3649999999999999400 ) ) ;
#1884 = PLANE ( 'NONE',  #1811 ) ;
#1885 = CARTESIAN_POINT ( 'NONE',  ( -5.565191754817183400, -6.647289941362954500, 0.3649999999999999400 ) ) ;
#1886 = DIRECTION ( 'NONE',  ( -0.6429223081870669700, 0.7659313974733077400, 0.0000000000000000000 ) ) ;
#1887 = DIRECTION ( 'NONE',  ( 0.7659313974733077400, 0.6429223081870669700, 0.0000000000000000000 ) ) ;
#1888 = CARTESIAN_POINT ( 'NONE',  ( -5.769476944453937300, -6.623785667858681100, 0.3649999999999999400 ) ) ;
#1889 = AXIS2_PLACEMENT_3D ( 'NONE', #1888, #1887, #1886 ) ;
#1890 = PLANE ( 'NONE',  #1889 ) ;
#1891 = DIRECTION ( 'NONE',  ( 0.0000000000000000000, 0.0000000000000000000, -1.000000000000000000 ) ) ;
#1892 = DIRECTION ( 'NONE',  ( 1.000000000000000000, 0.0000000000000000000, 0.0000000000000000000 ) ) ;
#1893 = CARTESIAN_POINT ( 'NONE',  ( -6.223311412936843600, -6.647289941362956300, 0.3649999999999999400 ) ) ;
#1894 = FACE_OUTER_BOUND ( 'NONE', #4880, .T. ) ;
#1895 = DIRECTION ( 'NONE',  ( 0.6428712487501676600, -0.7659742538299836300, 0.0000000000000000000 ) ) ;
#1896 = CARTESIAN_POINT ( 'NONE',  ( -5.597510130885561700, -6.852952334525348000, 0.3649999999999999400 ) ) ;
#1897 = DIRECTION ( 'NONE',  ( 0.0000000000000000000, 0.0000000000000000000, -1.000000000000000000 ) ) ;
#1898 = VECTOR ( 'NONE', #1897, 39.37007874015748100 ) ;
#1899 = CARTESIAN_POINT ( 'NONE',  ( -5.602192622872739700, -6.852952334525348000, 0.3649999999999999400 ) ) ;
#1900 = LINE ( 'NONE', #1899, #1898 ) ;
#1901 = LINE ( 'NONE', #1885, #1932 ) ;
#1902 = CARTESIAN_POINT ( 'NONE',  ( -5.602192622872739700, -6.852952334525348000, 0.3649999999999999400 ) ) ;
#1903 = CARTESIAN_POINT ( 'NONE',  ( -5.844549299101975000, -6.712527228101362400, 0.3649999999999999900 ) ) ;
#1904 = CARTESIAN_POINT ( 'NONE',  ( -5.843124359885099900, -6.718725453297532000, 0.3649999999999999400 ) ) ;
#1905 = CARTESIAN_POINT ( 'NONE',  ( -5.842135611110887100, -6.725093223096415300, 0.3650000000000000500 ) ) ;
#1906 = CARTESIAN_POINT ( 'NONE',  ( -5.841445330034289000, -6.731605538584356700, 0.3649999999999999400 ) ) ;
#1907 = CARTESIAN_POINT ( 'NONE',  ( -5.841393231842159800, -6.736010622821874300, 0.3649999999999999900 ) ) ;
#1908 = B_SPLINE_CURVE_WITH_KNOTS ( 'NONE', 3,
 ( #1917, #1907, #1906, #1905, #1904, #1903, #1747, #1861, #2001, #2024, #1962, #1980, #1996, #2006, #2021, #2020, #2019, #2018, #2017, #2016, #2015, #1969, #1968, #1967, #1966, #1965, #1964 ),
 .UNSPECIFIED., .F., .F.,
 ( 4, 1, 1, 1, 1, 1, 1, 1, 1, 1, 1, 1, 1, 1, 1, 1, 1, 1, 1, 1, 1, 1, 1, 1, 4 ),
 ( 0.0000000000000000000, 0.04291508210105047400, 0.08512997058470073200, 0.1264733185549956600, 0.1674530378853879600, 0.2079763328949849300, 0.2482493780637571600, 0.2887499869834436200, 0.3296698569108736900, 0.3705372867119713900, 0.4111285639171187200, 0.4518189126736348900, 0.4924058769342623000, 0.5334858617420245000, 0.5752630624415527900, 0.6174406128021874300, 0.6606716882923632200, 0.7039402042434881300, 0.7468675221598701800, 0.7890793003947211800, 0.8311040424574016600, 0.8732379898547728600, 0.9151657696593291600, 0.9573806581429794600, 1.000000000000000000 ),
 .UNSPECIFIED. ) ;
#1909 = AXIS2_PLACEMENT_3D ( 'NONE', #1893, #1892, #1891 ) ;
#1910 = PLANE ( 'NONE',  #1909 ) ;
#1911 = FACE_OUTER_BOUND ( 'NONE', #4974, .T. ) ;
#1912 = DIRECTION ( 'NONE',  ( 0.0000000000000000000, -1.000000000000000000, 0.0000000000000000000 ) ) ;
#1913 = VECTOR ( 'NONE', #1912, 39.37007874015748100 ) ;
#1914 = CARTESIAN_POINT ( 'NONE',  ( -5.597510130885561700, -6.623785667858681100, 0.3649999999999999400 ) ) ;
#1915 = LINE ( 'NONE', #1914, #1913 ) ;
#1916 = CARTESIAN_POINT ( 'NONE',  ( -5.841366968492398100, -6.738231280839450200, 0.3649999999999999400 ) ) ;
#1917 = CARTESIAN_POINT ( 'NONE',  ( -5.841366968492398100, -6.738231280839450200, 0.3649999999999999400 ) ) ;
#1918 = DIRECTION ( 'NONE',  ( 1.000000000000000000, 0.0000000000000000000, 0.0000000000000000000 ) ) ;
#1919 = DIRECTION ( 'NONE',  ( 0.0000000000000000000, 0.0000000000000000000, 1.000000000000000000 ) ) ;
#1920 = CARTESIAN_POINT ( 'NONE',  ( -9.454999999999998300, -7.215000000000001600, 0.3449999999999999200 ) ) ;
#1921 = DIRECTION ( 'NONE',  ( -0.7659742538299836300, -0.6428712487501676600, 0.0000000000000000000 ) ) ;
#1922 = AXIS2_PLACEMENT_3D ( 'NONE', #1902, #1921, #1895 ) ;
#1923 = FACE_OUTER_BOUND ( 'NONE', #4944, .T. ) ;
#1924 = DIRECTION ( 'NONE',  ( 0.0000000000000000000, 0.0000000000000000000, 1.000000000000000000 ) ) ;
#1925 = DIRECTION ( 'NONE',  ( -1.000000000000000000, 0.0000000000000000000, 0.0000000000000000000 ) ) ;
#1926 = CARTESIAN_POINT ( 'NONE',  ( -5.515245173620603400, -6.852952334525348000, 0.3649999999999999400 ) ) ;
#1927 = AXIS2_PLACEMENT_3D ( 'NONE', #1926, #1925, #1924 ) ;
#1928 = PLANE ( 'NONE',  #1927 ) ;
#1929 = CARTESIAN_POINT ( 'NONE',  ( -5.597510130885561700, -6.623785667858681100, 0.3649999999999999400 ) ) ;
#1930 = FACE_OUTER_BOUND ( 'NONE', #4933, .T. ) ;
#1931 = DIRECTION ( 'NONE',  ( 0.0000000000000000000, 0.0000000000000000000, -1.000000000000000000 ) ) ;
#1932 = VECTOR ( 'NONE', #1931, 39.37007874015748100 ) ;
#1933 = DIRECTION ( 'NONE',  ( 0.0000000000000000000, 0.0000000000000000000, -1.000000000000000000 ) ) ;
#1934 = VECTOR ( 'NONE', #1933, 39.37007874015748100 ) ;
#1935 = CARTESIAN_POINT ( 'NONE',  ( -5.618076370201799300, -6.623785667858681100, 0.3649999999999999400 ) ) ;
#1936 = LINE ( 'NONE', #1935, #1934 ) ;
#1937 = DIRECTION ( 'NONE',  ( 0.0000000000000000000, 1.000000000000000000, 0.0000000000000000000 ) ) ;
#1938 = VECTOR ( 'NONE', #1937, 39.37007874015748100 ) ;
#1939 = CARTESIAN_POINT ( 'NONE',  ( -5.618076370201799300, -6.804153422933467300, 0.3649999999999999400 ) ) ;
#1940 = LINE ( 'NONE', #1939, #1938 ) ;
#1941 = CARTESIAN_POINT ( 'NONE',  ( -5.769476944453937300, -6.623785667858681100, 0.3649999999999999400 ) ) ;
#1942 = CARTESIAN_POINT ( 'NONE',  ( -5.565191754817183400, -6.623785667858681100, 0.3649999999999999400 ) ) ;
#1943 = DIRECTION ( 'NONE',  ( 0.0000000000000000000, 0.0000000000000000000, -1.000000000000000000 ) ) ;
#1944 = VECTOR ( 'NONE', #1943, 39.37007874015748100 ) ;
#1945 = CARTESIAN_POINT ( 'NONE',  ( -5.565191754817183400, -6.623785667858681100, 0.3649999999999999400 ) ) ;
#1946 = LINE ( 'NONE', #1945, #1944 ) ;
#1947 = DIRECTION ( 'NONE',  ( 0.0000000000000000000, 0.0000000000000000000, -1.000000000000000000 ) ) ;
#1948 = VECTOR ( 'NONE', #1947, 39.37007874015748100 ) ;
#1949 = CARTESIAN_POINT ( 'NONE',  ( -5.444732353107782300, -6.647289941362954500, 0.3649999999999999400 ) ) ;
#1950 = LINE ( 'NONE', #1949, #1948 ) ;
#1951 = CARTESIAN_POINT ( 'NONE',  ( -5.618076370201799300, -6.623785667858681100, 0.3649999999999999400 ) ) ;
#1952 = CARTESIAN_POINT ( 'NONE',  ( -5.444732353107782300, -6.623785667858681100, 0.3649999999999999400 ) ) ;
#1953 = DIRECTION ( 'NONE',  ( 0.0000000000000000000, 1.000000000000000000, 0.0000000000000000000 ) ) ;
#1954 = VECTOR ( 'NONE', #1953, 39.37007874015748100 ) ;
#1955 = CARTESIAN_POINT ( 'NONE',  ( -5.515245173620603400, -6.852952334525348000, 0.3649999999999999400 ) ) ;
#1956 = LINE ( 'NONE', #1955, #1954 ) ;
#1957 = PLANE ( 'NONE',  #1922 ) ;
#1958 = DIRECTION ( 'NONE',  ( 0.0000000000000000000, 0.0000000000000000000, -1.000000000000000000 ) ) ;
#1959 = VECTOR ( 'NONE', #1958, 39.37007874015748100 ) ;
#1960 = CARTESIAN_POINT ( 'NONE',  ( -5.597510130885561700, -6.623785667858681100, 0.3649999999999999400 ) ) ;
#1961 = LINE ( 'NONE', #1960, #1959 ) ;
#1962 = CARTESIAN_POINT ( 'NONE',  ( -5.857830936875901200, -6.684081588034557000, 0.3649999999999998800 ) ) ;
#1963 = FACE_OUTER_BOUND ( 'NONE', #4946, .T. ) ;
#1964 = CARTESIAN_POINT ( 'NONE',  ( -5.941719198727441600, -6.641413872986886300, 0.3649999999999999400 ) ) ;
#1965 = CARTESIAN_POINT ( 'NONE',  ( -5.939513867225253200, -6.641440463933125000, 0.3649999999999999400 ) ) ;
#1966 = CARTESIAN_POINT ( 'NONE',  ( -5.935124132600497800, -6.641493393480129900, 0.3649999999999999400 ) ) ;
#1967 = CARTESIAN_POINT ( 'NONE',  ( -5.928596925193759600, -6.642187335413629200, 0.3649999999999998800 ) ) ;
#1968 = CARTESIAN_POINT ( 'NONE',  ( -5.922140722114498600, -6.643184410106844200, 0.3649999999999999400 ) ) ;
#1969 = CARTESIAN_POINT ( 'NONE',  ( -5.915764455675873300, -6.644586126366282200, 0.3649999999999999900 ) ) ;
#1970 = CARTESIAN_POINT ( 'NONE',  ( -5.444732353107782300, -6.647289941362954500, 0.3649999999999999400 ) ) ;
#1971 = AXIS2_PLACEMENT_3D ( 'NONE', #1970, #1995, #1994 ) ;
#1972 = FACE_OUTER_BOUND ( 'NONE', #4908, .T. ) ;
#1973 = PLANE ( 'NONE',  #1971 ) ;
#1974 = DIRECTION ( 'NONE',  ( 0.0000000000000000000, 0.0000000000000000000, 1.000000000000000000 ) ) ;
#1975 = DIRECTION ( 'NONE',  ( 0.0000000000000000000, 1.000000000000000000, 0.0000000000000000000 ) ) ;
#1976 = CARTESIAN_POINT ( 'NONE',  ( -5.565191754817183400, -6.623785667858681100, 0.3649999999999999400 ) ) ;
#1977 = AXIS2_PLACEMENT_3D ( 'NONE', #1976, #1975, #1974 ) ;
#1978 = PLANE ( 'NONE',  #1977 ) ;
#1979 = FACE_OUTER_BOUND ( 'NONE', #4968, .T. ) ;
#1980 = CARTESIAN_POINT ( 'NONE',  ( -5.861595440902212000, -6.679000477690634900, 0.3650000000000000500 ) ) ;
#1981 = FACE_OUTER_BOUND ( 'NONE', #5217, .T. ) ;
#1982 = DIRECTION ( 'NONE',  ( 1.000000000000000000, 0.0000000000000000000, 0.0000000000000000000 ) ) ;
#1983 = VECTOR ( 'NONE', #1982, 39.37007874015748100 ) ;
#1984 = CARTESIAN_POINT ( 'NONE',  ( -5.565191754817183400, -6.623785667858681100, 0.3649999999999999400 ) ) ;
#1985 = DIRECTION ( 'NONE',  ( 1.000000000000000000, 0.0000000000000000000, 0.0000000000000000000 ) ) ;
#1986 = DIRECTION ( 'NONE',  ( 0.0000000000000000000, 0.0000000000000000000, 1.000000000000000000 ) ) ;
#1987 = FACE_OUTER_BOUND ( 'NONE', #5111, .T. ) ;
#1988 = DIRECTION ( 'NONE',  ( 0.0000000000000000000, 0.0000000000000000000, 1.000000000000000000 ) ) ;
#1989 = DIRECTION ( 'NONE',  ( -1.000000000000000000, 0.0000000000000000000, 0.0000000000000000000 ) ) ;
#1990 = CARTESIAN_POINT ( 'NONE',  ( -5.565191754817183400, -6.647289941362954500, 0.3649999999999999400 ) ) ;
#1991 = AXIS2_PLACEMENT_3D ( 'NONE', #1990, #1989, #1988 ) ;
#1992 = CARTESIAN_POINT ( 'NONE',  ( -6.041153293278722600, -6.739287136875774700, 0.3450000000000002000 ) ) ;
#1993 = PLANE ( 'NONE',  #1991 ) ;
#1994 = DIRECTION ( 'NONE',  ( 0.0000000000000000000, 0.0000000000000000000, -1.000000000000000000 ) ) ;
#1995 = DIRECTION ( 'NONE',  ( 0.0000000000000000000, -1.000000000000000000, 0.0000000000000000000 ) ) ;
#1996 = CARTESIAN_POINT ( 'NONE',  ( -5.865744362506690700, -6.674248691057198500, 0.3649999999999998800 ) ) ;
#1997 = DIRECTION ( 'NONE',  ( 0.0000000000000000000, 0.0000000000000000000, 1.000000000000000000 ) ) ;
#1998 = DIRECTION ( 'NONE',  ( 0.0000000000000000000, 1.000000000000000000, 0.0000000000000000000 ) ) ;
#1999 = CARTESIAN_POINT ( 'NONE',  ( -5.773792182167611900, -6.623785667858681100, 0.3649999999999999400 ) ) ;
#2000 = AXIS2_PLACEMENT_3D ( 'NONE', #1999, #1998, #1997 ) ;
#2001 = CARTESIAN_POINT ( 'NONE',  ( -5.851321028980433600, -6.694935512944440800, 0.3649999999999999900 ) ) ;
#2002 = AXIS2_PLACEMENT_3D ( 'NONE', #2010, #2009, #2008 ) ;
#2003 = LINE ( 'NONE', #2007, #2014 ) ;
#2004 = PLANE ( 'NONE',  #2002 ) ;
#2005 = FACE_OUTER_BOUND ( 'NONE', #4854, .T. ) ;
#2006 = CARTESIAN_POINT ( 'NONE',  ( -5.870159161754378900, -6.669708919423407600, 0.3649999999999999400 ) ) ;
#2007 = CARTESIAN_POINT ( 'NONE',  ( -5.769476944453937300, -6.623785667858681100, 0.3649999999999999400 ) ) ;
#2008 = DIRECTION ( 'NONE',  ( 0.0000000000000000000, 0.0000000000000000000, -1.000000000000000000 ) ) ;
#2009 = DIRECTION ( 'NONE',  ( 0.0000000000000000000, -1.000000000000000000, 0.0000000000000000000 ) ) ;
#2010 = CARTESIAN_POINT ( 'NONE',  ( -5.515245173620603400, -6.647289941362954500, 0.3649999999999999400 ) ) ;
#2011 = CARTESIAN_POINT ( 'NONE',  ( -5.494678934304364000, -6.647289941362954500, 0.3649999999999999400 ) ) ;
#2012 = CARTESIAN_POINT ( 'NONE',  ( -5.444732353107782300, -6.647289941362954500, 0.3649999999999999400 ) ) ;
#2013 = DIRECTION ( 'NONE',  ( 0.6429223081870669700, -0.7659313974733076300, 0.0000000000000000000 ) ) ;
#2014 = VECTOR ( 'NONE', #2013, 39.37007874015748100 ) ;
#2015 = CARTESIAN_POINT ( 'NONE',  ( -5.909511210225552700, -6.646505689554113700, 0.3649999999999999400 ) ) ;
#2016 = CARTESIAN_POINT ( 'NONE',  ( -5.903328352512585500, -6.648756244990194900, 0.3649999999999999400 ) ) ;
#2017 = CARTESIAN_POINT ( 'NONE',  ( -5.897231605264380500, -6.651404822577043200, 0.3649999999999999900 ) ) ;
#2018 = CARTESIAN_POINT ( 'NONE',  ( -5.891290036865269600, -6.654496230671359300, 0.3649999999999999400 ) ) ;
#2019 = CARTESIAN_POINT ( 'NONE',  ( -5.885532896450013300, -6.657843737696636800, 0.3649999999999998800 ) ) ;
#2020 = CARTESIAN_POINT ( 'NONE',  ( -5.880095512787059800, -6.661554487798889900, 0.3649999999999998800 ) ) ;
#2021 = CARTESIAN_POINT ( 'NONE',  ( -5.874950112579499600, -6.665477986175275800, 0.3649999999999999900 ) ) ;
#2022 = CARTESIAN_POINT ( 'NONE',  ( -5.515245173620603400, -6.852952334525348000, 0.3649999999999999400 ) ) ;
#2023 = PLANE ( 'NONE',  #2000 ) ;
#2024 = CARTESIAN_POINT ( 'NONE',  ( -5.854385853195899400, -6.689396600640881400, 0.3649999999999999400 ) ) ;
#2025 = CARTESIAN_POINT ( 'NONE',  ( -3.870000000000000100, -7.215000000000001600, -0.1449999999999999300 ) ) ;
#2026 = AXIS2_PLACEMENT_3D ( 'NONE', #2025, #1986, #1985 ) ;
#2027 = PLANE ( 'NONE',  #2026 ) ;
#2028 = LINE ( 'NONE', #1984, #1983 ) ;
#2029 = FACE_OUTER_BOUND ( 'NONE', #5008, .T. ) ;
#2030 = DIRECTION ( 'NONE',  ( 0.0000000000000000000, -1.000000000000000000, 0.0000000000000000000 ) ) ;
#2031 = VECTOR ( 'NONE', #2030, 39.37007874015748100 ) ;
#2032 = CARTESIAN_POINT ( 'NONE',  ( -5.444732353107782300, -6.623785667858681100, 0.3649999999999999400 ) ) ;
#2033 = LINE ( 'NONE', #2032, #2031 ) ;
#2034 = CARTESIAN_POINT ( 'NONE',  ( -5.515245173620603400, -6.647289941362954500, 0.3649999999999999400 ) ) ;
#2035 = DIRECTION ( 'NONE',  ( 0.0000000000000000000, 0.0000000000000000000, -1.000000000000000000 ) ) ;
#2036 = VECTOR ( 'NONE', #2035, 39.37007874015748100 ) ;
#2037 = CARTESIAN_POINT ( 'NONE',  ( -5.515245173620603400, -6.647289941362954500, 0.3649999999999999400 ) ) ;
#2038 = LINE ( 'NONE', #2037, #2036 ) ;
#2039 = CARTESIAN_POINT ( 'NONE',  ( -5.753225942851372600, -6.672997740508254300, 0.3649999999999999400 ) ) ;
#2040 = AXIS2_PLACEMENT_3D ( 'NONE', #1920, #1919, #1918 ) ;
#2041 = PLANE ( 'NONE',  #2040 ) ;
#2042 = FACE_OUTER_BOUND ( 'NONE', #5094, .T. ) ;
#2043 = DIRECTION ( 'NONE',  ( 0.0000000000000000000, -1.000000000000000000, 0.0000000000000000000 ) ) ;
#2044 = VECTOR ( 'NONE', #2043, 39.37007874015748100 ) ;
#2045 = CARTESIAN_POINT ( 'NONE',  ( -5.753225942851372600, -6.672997740508254300, 0.3649999999999999400 ) ) ;
#2046 = DIRECTION ( 'NONE',  ( -1.000000000000000000, 0.0000000000000000000, 0.0000000000000000000 ) ) ;
#2047 = DIRECTION ( 'NONE',  ( 0.0000000000000000000, 0.0000000000000000000, -1.000000000000000000 ) ) ;
#2048 = CARTESIAN_POINT ( 'NONE',  ( -5.565191754817183400, -6.647289941362954500, 0.3649999999999999400 ) ) ;
#2049 = AXIS2_PLACEMENT_3D ( 'NONE', #2048, #2047, #2046 ) ;
#2050 = LINE ( 'NONE', #2045, #2044 ) ;
#2051 = PLANE ( 'NONE',  #2049 ) ;
#2052 = DIRECTION ( 'NONE',  ( 0.0000000000000000000, 0.0000000000000000000, 1.000000000000000000 ) ) ;
#2053 = DIRECTION ( 'NONE',  ( -1.000000000000000000, 0.0000000000000000000, 0.0000000000000000000 ) ) ;
#2054 = CARTESIAN_POINT ( 'NONE',  ( -3.870000000000000100, -7.215000000000001600, -0.1449999999999999300 ) ) ;
#2055 = AXIS2_PLACEMENT_3D ( 'NONE', #2054, #2053, #2052 ) ;
#2056 = PLANE ( 'NONE',  #2055 ) ;
#2057 = FACE_OUTER_BOUND ( 'NONE', #5019, .T. ) ;
#2058 = CARTESIAN_POINT ( 'NONE',  ( -5.998356391758002300, -6.845349931594118000, 0.3449999999999997500 ) ) ;
#2059 = CARTESIAN_POINT ( 'NONE',  ( -5.998356391758002300, -6.845349931594118000, 0.3649999999999997700 ) ) ;
#2060 = CARTESIAN_POINT ( 'NONE',  ( -5.987824878510487300, -6.850301059796344700, 0.3450000000000000300 ) ) ;
#2061 = CARTESIAN_POINT ( 'NONE',  ( -5.987824878510487300, -6.850301059796344700, 0.3650000000000000500 ) ) ;
#2062 = CARTESIAN_POINT ( 'NONE',  ( -5.965249205619641300, -6.856812715392873500, 0.3649999999999998800 ) ) ;
#2063 = CARTESIAN_POINT ( 'NONE',  ( -5.953231899731682700, -6.858526974040627200, 0.3449999999999998600 ) ) ;
#2064 = CARTESIAN_POINT ( 'NONE',  ( -5.953231899731682700, -6.858526974040627200, 0.3649999999999999400 ) ) ;
#2065 = PLANE ( 'NONE',  #2106 ) ;
#2066 = CARTESIAN_POINT ( 'NONE',  ( -6.035029617476069100, -6.815168704717534000, 0.3649999999999999400 ) ) ;
#2067 = CARTESIAN_POINT ( 'NONE',  ( -6.026861515214124100, -6.824019223004282400, 0.3449999999999999200 ) ) ;
#2068 = CARTESIAN_POINT ( 'NONE',  ( -6.026861515214124100, -6.824019223004282400, 0.3649999999999999900 ) ) ;
#2069 = CARTESIAN_POINT ( 'NONE',  ( -6.017934377051446400, -6.832149177292324200, 0.3449999999999998100 ) ) ;
#2070 = CARTESIAN_POINT ( 'NONE',  ( -5.945045659402385500, -6.858726954952623500, 0.3449999999999998600 ) ) ;
#2071 = CARTESIAN_POINT ( 'NONE',  ( -5.945045659402385500, -6.858726954952623500, 0.3649999999999999400 ) ) ;
#2072 = CARTESIAN_POINT ( 'NONE',  ( -5.940892876612056600, -6.858828402901416200, 0.3449999999999998600 ) ) ;
#2073 = CARTESIAN_POINT ( 'NONE',  ( -5.940892876612056600, -6.858828402901416200, 0.3649999999999999400 ) ) ;
#2074 = DIRECTION ( 'NONE',  ( 0.0000000000000000000, 0.0000000000000000000, -1.000000000000000000 ) ) ;
#2075 = CARTESIAN_POINT ( 'NONE',  ( -6.017934377051446400, -6.832149177292324200, 0.3649999999999998800 ) ) ;
#2076 = CARTESIAN_POINT ( 'NONE',  ( -6.008406337648720500, -6.839312740107721400, 0.3450000000000000300 ) ) ;
#2077 = CARTESIAN_POINT ( 'NONE',  ( -6.008406337648720500, -6.839312740107721400, 0.3650000000000000500 ) ) ;
#2078 = VECTOR ( 'NONE', #2099, 39.37007874015748100 ) ;
#2079 = FACE_OUTER_BOUND ( 'NONE', #5132, .T. ) ;
#2080 = CARTESIAN_POINT ( 'NONE',  ( -5.773792182167611900, -6.852952334525348000, 0.3649999999999999400 ) ) ;
#2081 = B_SPLINE_SURFACE_WITH_KNOTS ( 'NONE', 3, 1, ( 
 ( #2073, #2072 ),
 ( #2071, #2070 ),
 ( #2064, #2063 ),
 ( #2062, #2097 ),
 ( #2096, #2095 ),
 ( #2061, #2060 ),
 ( #2059, #2058 ),
 ( #2077, #2076 ),
 ( #2075, #2069 ),
 ( #2068, #2067 ),
 ( #2066, #2090 ),
 ( #2089, #2088 ),
 ( #2087, #2086 ),
 ( #2085, #2084 ),
 ( #2083, #2111 ),
 ( #2110, #2109 ),
 ( #2108, #2107 ),
 ( #2094, #2093 ),
 ( #2092, #2091 ) ),
 .UNSPECIFIED., .F., .F., .F.,
 ( 4, 1, 1, 1, 1, 1, 1, 1, 1, 1, 1, 1, 1, 1, 1, 1, 4 ),
 ( 2, 2 ),
 ( 0.0000000000000000000, 0.06581887684330327300, 0.1297465269068316900, 0.1920719544880070700, 0.2534594242982024500, 0.3145695877964230200, 0.3762798811880254700, 0.4390256536685589500, 0.5032670288290853600, 0.5674928228792947000, 0.6297047956052441700, 0.6909996492157547400, 0.7514516509174485900, 0.8120043642646959100, 0.8731496810680431400, 0.9356354837317837300, 1.000000000000000000 ),
 ( 0.0000000000000000000, 1.000000000000000000 ),
 .UNSPECIFIED. ) ;
#2082 = DIRECTION ( 'NONE',  ( 1.000000000000000000, 0.0000000000000000000, 0.0000000000000000000 ) ) ;
#2083 = CARTESIAN_POINT ( 'NONE',  ( -6.057030421579477200, -6.774523791241954000, 0.3649999999999999400 ) ) ;
#2084 = CARTESIAN_POINT ( 'NONE',  ( -6.053123820074767500, -6.785351683323619400, 0.3450000000000000300 ) ) ;
#2085 = CARTESIAN_POINT ( 'NONE',  ( -6.053123820074767500, -6.785351683323619400, 0.3650000000000000500 ) ) ;
#2086 = CARTESIAN_POINT ( 'NONE',  ( -6.048189316161384000, -6.795755687878616100, 0.3449999999999998600 ) ) ;
#2087 = CARTESIAN_POINT ( 'NONE',  ( -6.048189316161384000, -6.795755687878616100, 0.3649999999999999400 ) ) ;
#2088 = CARTESIAN_POINT ( 'NONE',  ( -6.042150767075008300, -6.805685509444554500, 0.3449999999999998100 ) ) ;
#2089 = CARTESIAN_POINT ( 'NONE',  ( -6.042150767075008300, -6.805685509444554500, 0.3649999999999998800 ) ) ;
#2090 = CARTESIAN_POINT ( 'NONE',  ( -6.035029617476069100, -6.815168704717534000, 0.3449999999999998600 ) ) ;
#2091 = CARTESIAN_POINT ( 'NONE',  ( -6.061719532594962000, -6.739378950444151300, 0.3449999999999998600 ) ) ;
#2092 = CARTESIAN_POINT ( 'NONE',  ( -6.061719532594962000, -6.739378950444151300, 0.3649999999999999400 ) ) ;
#2093 = CARTESIAN_POINT ( 'NONE',  ( -6.061618706005585700, -6.743440221611447100, 0.3449999999999998100 ) ) ;
#2094 = CARTESIAN_POINT ( 'NONE',  ( -6.061618706005585700, -6.743440221611447100, 0.3649999999999998800 ) ) ;
#2095 = CARTESIAN_POINT ( 'NONE',  ( -5.976791200752533200, -6.854132034786843500, 0.3449999999999998600 ) ) ;
#2096 = CARTESIAN_POINT ( 'NONE',  ( -5.976791200752533200, -6.854132034786843500, 0.3649999999999999400 ) ) ;
#2097 = CARTESIAN_POINT ( 'NONE',  ( -5.965249205619641300, -6.856812715392873500, 0.3449999999999998100 ) ) ;
#2098 = LINE ( 'NONE', #2080, #2078 ) ;
#2099 = DIRECTION ( 'NONE',  ( 0.0000000000000000000, 0.0000000000000000000, -1.000000000000000000 ) ) ;
#2100 = FACE_OUTER_BOUND ( 'NONE', #4990, .T. ) ;
#2101 = DIRECTION ( 'NONE',  ( 0.0000000000000000000, 0.0000000000000000000, -1.000000000000000000 ) ) ;
#2102 = VECTOR ( 'NONE', #2101, 39.37007874015748100 ) ;
#2103 = CARTESIAN_POINT ( 'NONE',  ( -5.753225942851372600, -6.672997740508254300, 0.3649999999999999400 ) ) ;
#2104 = LINE ( 'NONE', #2103, #2102 ) ;
#2105 = CARTESIAN_POINT ( 'NONE',  ( -5.753225942851372600, -6.672997740508254300, 0.3649999999999999400 ) ) ;
#2106 = AXIS2_PLACEMENT_3D ( 'NONE', #2039, #2082, #2074 ) ;
#2107 = CARTESIAN_POINT ( 'NONE',  ( -6.061419995819283800, -6.751444220906559000, 0.3449999999999998600 ) ) ;
#2108 = CARTESIAN_POINT ( 'NONE',  ( -6.061419995819283800, -6.751444220906559000, 0.3649999999999999400 ) ) ;
#2109 = CARTESIAN_POINT ( 'NONE',  ( -6.059695618005251000, -6.763199783787286800, 0.3449999999999998100 ) ) ;
#2110 = CARTESIAN_POINT ( 'NONE',  ( -6.059695618005251000, -6.763199783787286800, 0.3649999999999998800 ) ) ;
#2111 = CARTESIAN_POINT ( 'NONE',  ( -6.057030421579477200, -6.774523791241954000, 0.3449999999999998600 ) ) ;
#2112 = DIRECTION ( 'NONE',  ( -1.000000000000000000, 0.0000000000000000000, 0.0000000000000000000 ) ) ;
#2113 = VECTOR ( 'NONE', #2112, 39.37007874015748100 ) ;
#2114 = CARTESIAN_POINT ( 'NONE',  ( -5.494678934304364000, -6.852952334525348000, 0.3649999999999999400 ) ) ;
#2115 = LINE ( 'NONE', #2114, #2113 ) ;
#2116 = CARTESIAN_POINT ( 'NONE',  ( -6.029906419526915900, -6.784981423230480100, 0.3649999999999998800 ) ) ;
#2117 = CARTESIAN_POINT ( 'NONE',  ( -6.033988900248549400, -6.776577928521272800, 0.3649999999999999400 ) ) ;
#2118 = CARTESIAN_POINT ( 'NONE',  ( -6.037253370669998500, -6.767827565412766900, 0.3649999999999999400 ) ) ;
#2119 = CARTESIAN_POINT ( 'NONE',  ( -6.039467904711555600, -6.758655118092626400, 0.3649999999999999900 ) ) ;
#2120 = CARTESIAN_POINT ( 'NONE',  ( -6.040905602754818900, -6.749110775338254000, 0.3649999999999999400 ) ) ;
#2121 = B_SPLINE_SURFACE_WITH_KNOTS ( 'NONE', 3, 1, ( 
 ( #2225, #2262 ),
 ( #2230, #2229 ),
 ( #2228, #2227 ),
 ( #2226, #2258 ),
 ( #2257, #2256 ),
 ( #2255, #2254 ),
 ( #2261, #2260 ),
 ( #2259, #2238 ),
 ( #2237, #2236 ),
 ( #2253, #2252 ),
 ( #2251, #2250 ),
 ( #2266, #2265 ),
 ( #2264, #2263 ),
 ( #2235, #2234 ),
 ( #2233, #2232 ),
 ( #2231, #2247 ),
 ( #2246, #2245 ),
 ( #2244, #2243 ),
 ( #2242, #2241 ) ),
 .UNSPECIFIED., .F., .F., .F.,
 ( 4, 1, 1, 1, 1, 1, 1, 1, 1, 1, 1, 1, 1, 1, 1, 1, 4 ),
 ( 2, 2 ),
 ( 0.0000000000000000000, 0.06522650389227574500, 0.1285689957067303600, 0.1903203781044673900, 0.2513779886240618500, 0.3123875283336953200, 0.3737887042767226700, 0.4364311597804526600, 0.5005667553098524000, 0.5646867953847425300, 0.6271355178835132900, 0.6884554088949811400, 0.7492457464637475300, 0.8101551773646802300, 0.8716709256529201500, 0.9347734961077245300, 1.000000000000000000 ),
 ( 0.0000000000000000000, 1.000000000000000000 ),
 .UNSPECIFIED. ) ;
#2122 = DIRECTION ( 'NONE',  ( 0.0000000000000000000, 1.000000000000000000, 0.0000000000000000000 ) ) ;
#2123 = VECTOR ( 'NONE', #2122, 39.37007874015748100 ) ;
#2124 = CARTESIAN_POINT ( 'NONE',  ( -3.369999999999999700, -7.215000000000001600, -0.1449999999999999300 ) ) ;
#2125 = LINE ( 'NONE', #2124, #2123 ) ;
#2126 = CARTESIAN_POINT ( 'NONE',  ( -5.979898209759582500, -6.828492498315219100, 0.3649999999999999900 ) ) ;
#2127 = CARTESIAN_POINT ( 'NONE',  ( -5.988547824222897600, -6.824576690004399800, 0.3649999999999998800 ) ) ;
#2128 = CARTESIAN_POINT ( 'NONE',  ( -5.996801334236947900, -6.819770066504053900, 0.3649999999999999400 ) ) ;
#2129 = CARTESIAN_POINT ( 'NONE',  ( -6.004680262982296800, -6.814089129033243700, 0.3649999999999998800 ) ) ;
#2130 = CARTESIAN_POINT ( 'NONE',  ( -6.012100202104891300, -6.807617082327086100, 0.3649999999999999900 ) ) ;
#2131 = CARTESIAN_POINT ( 'NONE',  ( -6.018887694918102900, -6.800526320668354600, 0.3649999999999999900 ) ) ;
#2132 = CARTESIAN_POINT ( 'NONE',  ( -6.024862992187504300, -6.792963501513587400, 0.3649999999999999400 ) ) ;
#2133 = FACE_OUTER_BOUND ( 'NONE', #4897, .T. ) ;
#2134 = CARTESIAN_POINT ( 'NONE',  ( -5.941719198727441600, -6.835324129397142700, 0.3649999999999997700 ) ) ;
#2135 = DIRECTION ( 'NONE',  ( 0.0000000000000000000, 0.0000000000000000000, -1.000000000000000000 ) ) ;
#2136 = VECTOR ( 'NONE', #2135, 39.37007874015748100 ) ;
#2137 = CARTESIAN_POINT ( 'NONE',  ( -5.841366968492398100, -6.738231280839450200, 0.3649999999999999400 ) ) ;
#2138 = LINE ( 'NONE', #2137, #2136 ) ;
#2139 = DIRECTION ( 'NONE',  ( 0.0000000000000000000, 0.0000000000000000000, -1.000000000000000000 ) ) ;
#2140 = AXIS2_PLACEMENT_3D ( 'NONE', #2145, #2151, #2139 ) ;
#2141 = PLANE ( 'NONE',  #2140 ) ;
#2142 = CARTESIAN_POINT ( 'NONE',  ( -6.041069820174358900, -6.742597758475971800, 0.3649999999999998800 ) ) ;
#2143 = CARTESIAN_POINT ( 'NONE',  ( -6.041153293278722600, -6.739287136875774700, 0.3649999999999999400 ) ) ;
#2144 = B_SPLINE_CURVE_WITH_KNOTS ( 'NONE', 3,
 ( #2143, #2142, #2120, #2119, #2118, #2117, #2116, #2132, #2131, #2130, #2129, #2128, #2127, #2126, #2155, #2154, #2153, #2152, #2134 ),
 .UNSPECIFIED., .F., .F.,
 ( 4, 1, 1, 1, 1, 1, 1, 1, 1, 1, 1, 1, 1, 1, 1, 1, 4 ),
 ( 0.0000000000000000000, 0.06450399929705663600, 0.1268993215900417500, 0.1877465401000132400, 0.2481497329298300900, 0.3085860647627469700, 0.3695830050869926000, 0.4318269653810489800, 0.4961797225241588200, 0.5606678546118829500, 0.6235044551176669400, 0.6852604113304284800, 0.7465368217511726400, 0.8083273517367093300, 0.8704861878877726600, 0.9343168833592470100, 1.000000000000000000 ),
 .UNSPECIFIED. ) ;
#2145 = CARTESIAN_POINT ( 'NONE',  ( -5.494678934304364000, -6.852952334525348000, 0.3649999999999999400 ) ) ;
#2146 = FACE_OUTER_BOUND ( 'NONE', #5118, .T. ) ;
#2147 = DIRECTION ( 'NONE',  ( 0.0000000000000000000, 0.0000000000000000000, -1.000000000000000000 ) ) ;
#2148 = VECTOR ( 'NONE', #2147, 39.37007874015748100 ) ;
#2149 = CARTESIAN_POINT ( 'NONE',  ( -5.941719198727441600, -6.641413872986886300, 0.3649999999999999400 ) ) ;
#2150 = LINE ( 'NONE', #2149, #2148 ) ;
#2151 = DIRECTION ( 'NONE',  ( 0.0000000000000000000, -1.000000000000000000, 0.0000000000000000000 ) ) ;
#2152 = CARTESIAN_POINT ( 'NONE',  ( -5.945090660635084800, -6.835255964876950000, 0.3649999999999999400 ) ) ;
#2153 = CARTESIAN_POINT ( 'NONE',  ( -5.951738501151520000, -6.835121558239255700, 0.3649999999999999400 ) ) ;
#2154 = CARTESIAN_POINT ( 'NONE',  ( -5.961491209814735000, -6.833721974852077000, 0.3649999999999999900 ) ) ;
#2155 = CARTESIAN_POINT ( 'NONE',  ( -5.970898668513612500, -6.831595397813961400, 0.3649999999999999400 ) ) ;
#2156 = DIRECTION ( 'NONE',  ( 0.0000000000000000000, 1.000000000000000000, 0.0000000000000000000 ) ) ;
#2157 = VECTOR ( 'NONE', #2156, 39.37007874015748100 ) ;
#2158 = CARTESIAN_POINT ( 'NONE',  ( -3.870000000000000100, -7.215000000000001600, -0.1449999999999999300 ) ) ;
#2159 = LINE ( 'NONE', #2158, #2157 ) ;
#2160 = CARTESIAN_POINT ( 'NONE',  ( -5.985537265481228900, -6.651431990518589500, 0.3450000000000002000 ) ) ;
#2161 = CARTESIAN_POINT ( 'NONE',  ( -5.985537265481228900, -6.651431990518589500, 0.3649999999999999900 ) ) ;
#2162 = CARTESIAN_POINT ( 'NONE',  ( -5.979539446477917700, -6.648732990539127900, 0.3450000000000002000 ) ) ;
#2163 = CARTESIAN_POINT ( 'NONE',  ( -5.979539446477917700, -6.648732990539127900, 0.3649999999999999900 ) ) ;
#2164 = CARTESIAN_POINT ( 'NONE',  ( -5.973433802115392800, -6.646517216788628200, 0.3450000000000000300 ) ) ;
#2165 = CARTESIAN_POINT ( 'NONE',  ( -6.033843750564027000, -6.701192295247094100, 0.3450000000000001400 ) ) ;
#2166 = CARTESIAN_POINT ( 'NONE',  ( -6.033843750564027000, -6.701192295247094100, 0.3649999999999999400 ) ) ;
#2167 = CARTESIAN_POINT ( 'NONE',  ( -6.031109114242913600, -6.695416649503362000, 0.3450000000000001400 ) ) ;
#2168 = CARTESIAN_POINT ( 'NONE',  ( -6.031109114242913600, -6.695416649503362000, 0.3649999999999999400 ) ) ;
#2169 = CARTESIAN_POINT ( 'NONE',  ( -6.028033838986655000, -6.689801307876790800, 0.3450000000000001400 ) ) ;
#2170 = CARTESIAN_POINT ( 'NONE',  ( -6.028033838986655000, -6.689801307876790800, 0.3649999999999999400 ) ) ;
#2171 = CARTESIAN_POINT ( 'NONE',  ( -6.024597283361085700, -6.684405388379555100, 0.3450000000000001400 ) ) ;
#2172 = CARTESIAN_POINT ( 'NONE',  ( -6.024597283361085700, -6.684405388379555100, 0.3649999999999999400 ) ) ;
#2173 = B_SPLINE_SURFACE_WITH_KNOTS ( 'NONE', 3, 1, ( 
 ( #2211, #2210 ),
 ( #2209, #2208 ),
 ( #2207, #2177 ),
 ( #2176, #2175 ),
 ( #2174, #2190 ),
 ( #2189, #2188 ),
 ( #2187, #2164 ),
 ( #2163, #2162 ),
 ( #2161, #2160 ),
 ( #2205, #2204 ),
 ( #2203, #2202 ),
 ( #2201, #2200 ),
 ( #2198, #2197 ),
 ( #2196, #2195 ),
 ( #2194, #2193 ),
 ( #2192, #2191 ),
 ( #2172, #2171 ),
 ( #2170, #2169 ),
 ( #2168, #2167 ),
 ( #2166, #2165 ),
 ( #2219, #2218 ),
 ( #2217, #2216 ),
 ( #2215, #2214 ),
 ( #2213, #2184 ),
 ( #2183, #2182 ),
 ( #2181, #2180 ),
 ( #2179, #2178 ) ),
 .UNSPECIFIED., .F., .F., .F.,
 ( 4, 1, 1, 1, 1, 1, 1, 1, 1, 1, 1, 1, 1, 1, 1, 1, 1, 1, 1, 1, 1, 1, 1, 1, 4 ),
 ( 2, 2 ),
 ( 0.0000000000000000000, 0.04202332852592445500, 0.08364491116871124200, 0.1249837954173897700, 0.1662474611728908000, 0.2077015560969880100, 0.2496310707996499400, 0.2917417703321320600, 0.3347428753532028000, 0.3774601685508695600, 0.4195563188419386100, 0.4610441763330345700, 0.5020962839443959800, 0.5428907140755989700, 0.5838008186265044600, 0.6248635833101935400, 0.6662246890691691000, 0.7073991864779396500, 0.7485566775366918600, 0.7896545909521790500, 0.8307397264898315200, 0.8720701422586038000, 0.9139933952421370700, 0.9564981300675915500, 1.000000000000000000 ),
 ( 0.0000000000000000000, 1.000000000000000000 ),
 .UNSPECIFIED. ) ;
#2174 = CARTESIAN_POINT ( 'NONE',  ( -5.961008670168704200, -6.643178875664106400, 0.3649999999999998800 ) ) ;
#2175 = CARTESIAN_POINT ( 'NONE',  ( -5.954658007834543900, -6.642188228171935500, 0.3450000000000001400 ) ) ;
#2176 = CARTESIAN_POINT ( 'NONE',  ( -5.954658007834543900, -6.642188228171935500, 0.3649999999999999400 ) ) ;
#2177 = CARTESIAN_POINT ( 'NONE',  ( -5.948222710818389400, -6.641493151557091900, 0.3450000000000002000 ) ) ;
#2178 = CARTESIAN_POINT ( 'NONE',  ( -6.041153293278722600, -6.739287136875774700, 0.3450000000000001400 ) ) ;
#2179 = CARTESIAN_POINT ( 'NONE',  ( -6.041153293278722600, -6.739287136875774700, 0.3649999999999999400 ) ) ;
#2180 = CARTESIAN_POINT ( 'NONE',  ( -6.041128128982195200, -6.737035737557929900, 0.3450000000000001400 ) ) ;
#2181 = CARTESIAN_POINT ( 'NONE',  ( -6.041128128982195200, -6.737035737557929900, 0.3649999999999999400 ) ) ;
#2182 = CARTESIAN_POINT ( 'NONE',  ( -6.041078377196610600, -6.732584544733741800, 0.3450000000000002000 ) ) ;
#2183 = CARTESIAN_POINT ( 'NONE',  ( -6.041078377196610600, -6.732584544733741800, 0.3649999999999999900 ) ) ;
#2184 = CARTESIAN_POINT ( 'NONE',  ( -6.040375663185089100, -6.725997960017513000, 0.3450000000000001400 ) ) ;
#2185 = VECTOR ( 'NONE', #2199, 39.37007874015748100 ) ;
#2186 = FACE_OUTER_BOUND ( 'NONE', #5205, .T. ) ;
#2187 = CARTESIAN_POINT ( 'NONE',  ( -5.973433802115392800, -6.646517216788628200, 0.3649999999999997700 ) ) ;
#2188 = CARTESIAN_POINT ( 'NONE',  ( -5.967276009358511300, -6.644591951428452600, 0.3450000000000001400 ) ) ;
#2189 = CARTESIAN_POINT ( 'NONE',  ( -5.967276009358511300, -6.644591951428452600, 0.3649999999999999400 ) ) ;
#2190 = CARTESIAN_POINT ( 'NONE',  ( -5.961008670168704200, -6.643178875664106400, 0.3450000000000000800 ) ) ;
#2191 = CARTESIAN_POINT ( 'NONE',  ( -6.020847489324733500, -6.679235919323125400, 0.3450000000000000800 ) ) ;
#2192 = CARTESIAN_POINT ( 'NONE',  ( -6.020847489324733500, -6.679235919323125400, 0.3649999999999998800 ) ) ;
#2193 = CARTESIAN_POINT ( 'NONE',  ( -6.016684205301044300, -6.674433081243989800, 0.3450000000000002000 ) ) ;
#2194 = CARTESIAN_POINT ( 'NONE',  ( -6.016684205301044300, -6.674433081243989800, 0.3649999999999999900 ) ) ;
#2195 = CARTESIAN_POINT ( 'NONE',  ( -6.012274307122949000, -6.669859595412424900, 0.3450000000000001400 ) ) ;
#2196 = CARTESIAN_POINT ( 'NONE',  ( -6.012274307122949000, -6.669859595412424900, 0.3649999999999999400 ) ) ;
#2197 = CARTESIAN_POINT ( 'NONE',  ( -6.007530997996879800, -6.665584796536528200, 0.3450000000000001400 ) ) ;
#2198 = CARTESIAN_POINT ( 'NONE',  ( -6.007530997996879800, -6.665584796536528200, 0.3649999999999999400 ) ) ;
#2199 = DIRECTION ( 'NONE',  ( 0.0000000000000000000, 0.0000000000000000000, -1.000000000000000000 ) ) ;
#2200 = CARTESIAN_POINT ( 'NONE',  ( -6.002468205832585100, -6.661586915008433300, 0.3450000000000002000 ) ) ;
#2201 = CARTESIAN_POINT ( 'NONE',  ( -6.002468205832585100, -6.661586915008433300, 0.3649999999999999900 ) ) ;
#2202 = CARTESIAN_POINT ( 'NONE',  ( -5.997098326570668500, -6.657856620738277400, 0.3450000000000002000 ) ) ;
#2203 = CARTESIAN_POINT ( 'NONE',  ( -5.997098326570668500, -6.657856620738277400, 0.3649999999999999900 ) ) ;
#2204 = CARTESIAN_POINT ( 'NONE',  ( -5.991407458555153600, -6.654481393780884900, 0.3450000000000000300 ) ) ;
#2205 = CARTESIAN_POINT ( 'NONE',  ( -5.991407458555153600, -6.654481393780884900, 0.3649999999999997700 ) ) ;
#2206 = LINE ( 'NONE', #2212, #2185 ) ;
#2207 = CARTESIAN_POINT ( 'NONE',  ( -5.948222710818389400, -6.641493151557091900, 0.3649999999999999900 ) ) ;
#2208 = CARTESIAN_POINT ( 'NONE',  ( -5.943893966400119100, -6.641440383658230800, 0.3450000000000001400 ) ) ;
#2209 = CARTESIAN_POINT ( 'NONE',  ( -5.943893966400119100, -6.641440383658230800, 0.3649999999999999400 ) ) ;
#2210 = CARTESIAN_POINT ( 'NONE',  ( -5.941719198727441600, -6.641413872986886300, 0.3450000000000001400 ) ) ;
#2211 = CARTESIAN_POINT ( 'NONE',  ( -5.941719198727441600, -6.641413872986886300, 0.3649999999999999400 ) ) ;
#2212 = CARTESIAN_POINT ( 'NONE',  ( -5.940892876612056600, -6.858828402901416200, 0.3649999999999999400 ) ) ;
#2213 = CARTESIAN_POINT ( 'NONE',  ( -6.040375663185089100, -6.725997960017513000, 0.3649999999999999400 ) ) ;
#2214 = CARTESIAN_POINT ( 'NONE',  ( -6.039417489583674300, -6.719559303248279200, 0.3450000000000000800 ) ) ;
#2215 = CARTESIAN_POINT ( 'NONE',  ( -6.039417489583674300, -6.719559303248279200, 0.3649999999999998800 ) ) ;
#2216 = CARTESIAN_POINT ( 'NONE',  ( -6.037905001968709900, -6.713300927913170600, 0.3450000000000002000 ) ) ;
#2217 = CARTESIAN_POINT ( 'NONE',  ( -6.037905001968709900, -6.713300927913170600, 0.3649999999999999900 ) ) ;
#2218 = CARTESIAN_POINT ( 'NONE',  ( -6.036080679712007700, -6.707175358071868500, 0.3450000000000001400 ) ) ;
#2219 = CARTESIAN_POINT ( 'NONE',  ( -6.036080679712007700, -6.707175358071868500, 0.3649999999999999400 ) ) ;
#2220 = CARTESIAN_POINT ( 'NONE',  ( -6.061684526698796200, -6.736653001869728800, 0.3450000000000000300 ) ) ;
#2221 = CARTESIAN_POINT ( 'NONE',  ( -6.061684526698796200, -6.736653001869728800, 0.3649999999999999900 ) ) ;
#2222 = CARTESIAN_POINT ( 'NONE',  ( -6.061719532594962000, -6.739378950444151300, 0.3449999999999999200 ) ) ;
#2223 = CARTESIAN_POINT ( 'NONE',  ( -6.061719532594962000, -6.739378950444151300, 0.3649999999999999400 ) ) ;
#2224 = B_SPLINE_SURFACE_WITH_KNOTS ( 'NONE', 3, 1, ( 
 ( #2223, #2222 ),
 ( #2221, #2220 ),
 ( #2248, #2297 ),
 ( #2274, #2279 ),
 ( #2278, #2277 ),
 ( #2276, #2275 ),
 ( #2301, #2300 ),
 ( #2299, #2298 ),
 ( #2321, #2320 ),
 ( #2319, #2318 ),
 ( #2317, #2316 ),
 ( #2315, #2296 ),
 ( #2295, #2294 ),
 ( #2293, #2308 ),
 ( #2307, #2306 ),
 ( #2305, #2304 ),
 ( #2303, #2302 ),
 ( #2285, #2284 ),
 ( #2283, #2282 ),
 ( #2281, #2280 ),
 ( #2273, #2272 ),
 ( #2271, #2270 ),
 ( #2269, #2268 ),
 ( #2267, #2292 ),
 ( #2291, #2290 ),
 ( #2289, #2288 ),
 ( #2287, #2286 ) ),
 .UNSPECIFIED., .F., .F., .F.,
 ( 4, 1, 1, 1, 1, 1, 1, 1, 1, 1, 1, 1, 1, 1, 1, 1, 1, 1, 1, 1, 1, 1, 1, 1, 4 ),
 ( 2, 2 ),
 ( 0.0000000000000000000, 0.04320898617133354900, 0.08587287163061788100, 0.1281200066967045100, 0.1701519644541968900, 0.2119176209878630100, 0.2537530026191237600, 0.2960064088559481400, 0.3384433571447858500, 0.3810153681620349600, 0.4228204794407639000, 0.4640890557943154700, 0.5051258486836875900, 0.5459749706852425900, 0.5869852111338616000, 0.6283385916346604400, 0.6700838015912097300, 0.7119916023637237200, 0.7530391548630172000, 0.7940493953116402000, 0.8348855427015843300, 0.8754983129295129700, 0.9165472998303785300, 0.9580037786449605600, 1.000000000000000000 ),
 ( 0.0000000000000000000, 1.000000000000000000 ),
 .UNSPECIFIED. ) ;
#2225 = CARTESIAN_POINT ( 'NONE',  ( -5.820800729176158800, -6.738277187623638500, 0.3649999999999999400 ) ) ;
#2226 = CARTESIAN_POINT ( 'NONE',  ( -5.822815680800437700, -6.762450821079304400, 0.3649999999999999400 ) ) ;
#2227 = CARTESIAN_POINT ( 'NONE',  ( -5.821102248937991800, -6.750524762234793000, 0.3449999999999999200 ) ) ;
#2228 = CARTESIAN_POINT ( 'NONE',  ( -5.821102248937991800, -6.750524762234793000, 0.3649999999999999400 ) ) ;
#2229 = CARTESIAN_POINT ( 'NONE',  ( -5.820902212853331600, -6.742399401373175400, 0.3450000000000000300 ) ) ;
#2230 = CARTESIAN_POINT ( 'NONE',  ( -5.820902212853331600, -6.742399401373175400, 0.3649999999999999900 ) ) ;
#2231 = CARTESIAN_POINT ( 'NONE',  ( -5.916766332096879700, -6.856809130515293800, 0.3649999999999999900 ) ) ;
#2232 = CARTESIAN_POINT ( 'NONE',  ( -5.905335346656560300, -6.854140803548954600, 0.3449999999999999200 ) ) ;
#2233 = CARTESIAN_POINT ( 'NONE',  ( -5.905335346656560300, -6.854140803548954600, 0.3649999999999999400 ) ) ;
#2234 = CARTESIAN_POINT ( 'NONE',  ( -5.894420463292923400, -6.850227165900761900, 0.3449999999999998600 ) ) ;
#2235 = CARTESIAN_POINT ( 'NONE',  ( -5.894420463292923400, -6.850227165900761900, 0.3649999999999998800 ) ) ;
#2236 = CARTESIAN_POINT ( 'NONE',  ( -5.847477885511289700, -6.814952731901858100, 0.3450000000000000300 ) ) ;
#2237 = CARTESIAN_POINT ( 'NONE',  ( -5.847477885511289700, -6.814952731901858100, 0.3649999999999999900 ) ) ;
#2238 = CARTESIAN_POINT ( 'NONE',  ( -5.840331734807931800, -6.805429449269447600, 0.3449999999999998600 ) ) ;
#2239 = CARTESIAN_POINT ( 'NONE',  ( -6.041153293278722600, -6.739287136875774700, 0.3649999999999999400 ) ) ;
#2240 = B_SPLINE_SURFACE_WITH_KNOTS ( 'NONE', 3, 1, ( 
 ( #2239, #1992 ),
 ( #2309, #2386 ),
 ( #2385, #2384 ),
 ( #2348, #2349 ),
 ( #2336, #2335 ),
 ( #2334, #2333 ),
 ( #2332, #2383 ),
 ( #2382, #2381 ),
 ( #2380, #2379 ),
 ( #2378, #2377 ),
 ( #2347, #2346 ),
 ( #2345, #2344 ),
 ( #2343, #2342 ),
 ( #2394, #2393 ),
 ( #2392, #2391 ),
 ( #2390, #2389 ),
 ( #2388, #2387 ),
 ( #2341, #2340 ),
 ( #2339, #2338 ) ),
 .UNSPECIFIED., .F., .F., .F.,
 ( 4, 1, 1, 1, 1, 1, 1, 1, 1, 1, 1, 1, 1, 1, 1, 1, 4 ),
 ( 2, 2 ),
 ( 0.0000000000000000000, 0.06450399929705663600, 0.1268993215900417500, 0.1877465401000132400, 0.2481497329298300900, 0.3085860647627469700, 0.3695830050869926000, 0.4318269653810489800, 0.4961797225241588200, 0.5606678546118829500, 0.6235044551176669400, 0.6852604113304284800, 0.7465368217511726400, 0.8083273517367093300, 0.8704861878877726600, 0.9343168833592470100, 1.000000000000000000 ),
 ( 0.0000000000000000000, 1.000000000000000000 ),
 .UNSPECIFIED. ) ;
#2241 = CARTESIAN_POINT ( 'NONE',  ( -5.940892876612056600, -6.858828402901416200, 0.3449999999999999200 ) ) ;
#2242 = CARTESIAN_POINT ( 'NONE',  ( -5.940892876612056600, -6.858828402901416200, 0.3649999999999999400 ) ) ;
#2243 = CARTESIAN_POINT ( 'NONE',  ( -5.936770457908026300, -6.858727946892480000, 0.3449999999999999200 ) ) ;
#2244 = CARTESIAN_POINT ( 'NONE',  ( -5.936770457908026300, -6.858727946892480000, 0.3649999999999999400 ) ) ;
#2245 = CARTESIAN_POINT ( 'NONE',  ( -5.928659856468569500, -6.858530305966321600, 0.3449999999999998600 ) ) ;
#2246 = CARTESIAN_POINT ( 'NONE',  ( -5.928659856468569500, -6.858530305966321600, 0.3649999999999998800 ) ) ;
#2247 = CARTESIAN_POINT ( 'NONE',  ( -5.916766332096879700, -6.856809130515293800, 0.3450000000000000300 ) ) ;
#2248 = CARTESIAN_POINT ( 'NONE',  ( -6.061614956521514900, -6.731235493782984100, 0.3649999999999999400 ) ) ;
#2249 = FACE_OUTER_BOUND ( 'NONE', #5080, .T. ) ;
#2250 = CARTESIAN_POINT ( 'NONE',  ( -5.864476021365582900, -6.832062324134539300, 0.3450000000000000300 ) ) ;
#2251 = CARTESIAN_POINT ( 'NONE',  ( -5.864476021365582900, -6.832062324134539300, 0.3649999999999999900 ) ) ;
#2252 = CARTESIAN_POINT ( 'NONE',  ( -5.855610476947991700, -6.823877965934359600, 0.3449999999999998600 ) ) ;
#2253 = CARTESIAN_POINT ( 'NONE',  ( -5.855610476947991700, -6.823877965934359600, 0.3649999999999998800 ) ) ;
#2254 = CARTESIAN_POINT ( 'NONE',  ( -5.829339549417837500, -6.784898439185429500, 0.3450000000000000800 ) ) ;
#2255 = CARTESIAN_POINT ( 'NONE',  ( -5.829339549417837500, -6.784898439185429500, 0.3650000000000000500 ) ) ;
#2256 = CARTESIAN_POINT ( 'NONE',  ( -5.825502889132068600, -6.773915092872781200, 0.3449999999999998600 ) ) ;
#2257 = CARTESIAN_POINT ( 'NONE',  ( -5.825502889132068600, -6.773915092872781200, 0.3649999999999998800 ) ) ;
#2258 = CARTESIAN_POINT ( 'NONE',  ( -5.822815680800437700, -6.762450821079304400, 0.3449999999999999200 ) ) ;
#2259 = CARTESIAN_POINT ( 'NONE',  ( -5.840331734807931800, -6.805429449269447600, 0.3649999999999998800 ) ) ;
#2260 = CARTESIAN_POINT ( 'NONE',  ( -5.834265027174359900, -6.795412446336706900, 0.3449999999999999200 ) ) ;
#2261 = CARTESIAN_POINT ( 'NONE',  ( -5.834265027174359900, -6.795412446336706900, 0.3649999999999999400 ) ) ;
#2262 = CARTESIAN_POINT ( 'NONE',  ( -5.820800729176158800, -6.738277187623638500, 0.3449999999999999200 ) ) ;
#2263 = CARTESIAN_POINT ( 'NONE',  ( -5.883923994306299800, -6.845330615819706000, 0.3449999999999999200 ) ) ;
#2264 = CARTESIAN_POINT ( 'NONE',  ( -5.883923994306299800, -6.845330615819706000, 0.3649999999999999400 ) ) ;
#2265 = CARTESIAN_POINT ( 'NONE',  ( -5.873985145978071600, -6.839193917185254700, 0.3450000000000000300 ) ) ;
#2266 = CARTESIAN_POINT ( 'NONE',  ( -5.873985145978071600, -6.839193917185254700, 0.3649999999999999900 ) ) ;
#2267 = CARTESIAN_POINT ( 'NONE',  ( -5.958458783976858800, -6.618853372679660100, 0.3649999999999997700 ) ) ;
#2268 = CARTESIAN_POINT ( 'NONE',  ( -5.966132710347704200, -6.620058616077263200, 0.3450000000000000300 ) ) ;
#2269 = CARTESIAN_POINT ( 'NONE',  ( -5.966132710347704200, -6.620058616077263200, 0.3649999999999999900 ) ) ;
#2270 = CARTESIAN_POINT ( 'NONE',  ( -5.973659379948201400, -6.621828570814834300, 0.3449999999999998100 ) ) ;
#2271 = CARTESIAN_POINT ( 'NONE',  ( -5.973659379948201400, -6.621828570814834300, 0.3649999999999997700 ) ) ;
#2272 = CARTESIAN_POINT ( 'NONE',  ( -5.981055219990943300, -6.624070529607501500, 0.3450000000000000800 ) ) ;
#2273 = CARTESIAN_POINT ( 'NONE',  ( -5.981055219990943300, -6.624070529607501500, 0.3650000000000000500 ) ) ;
#2274 = CARTESIAN_POINT ( 'NONE',  ( -6.060777405228914300, -6.723190656868249300, 0.3649999999999999900 ) ) ;
#2275 = CARTESIAN_POINT ( 'NONE',  ( -6.057820263852025100, -6.707511623159649400, 0.3449999999999999200 ) ) ;
#2276 = CARTESIAN_POINT ( 'NONE',  ( -6.057820263852025100, -6.707511623159649400, 0.3649999999999999400 ) ) ;
#2277 = CARTESIAN_POINT ( 'NONE',  ( -6.059562055745141500, -6.715275197133505200, 0.3449999999999999200 ) ) ;
#2278 = CARTESIAN_POINT ( 'NONE',  ( -6.059562055745141500, -6.715275197133505200, 0.3649999999999999400 ) ) ;
#2279 = CARTESIAN_POINT ( 'NONE',  ( -6.060777405228914300, -6.723190656868249300, 0.3450000000000000300 ) ) ;
#2280 = CARTESIAN_POINT ( 'NONE',  ( -5.988300590744287900, -6.626836640777829900, 0.3449999999999998600 ) ) ;
#2281 = CARTESIAN_POINT ( 'NONE',  ( -5.988300590744287900, -6.626836640777829900, 0.3649999999999998800 ) ) ;
#2282 = CARTESIAN_POINT ( 'NONE',  ( -5.995429427384603800, -6.630059500068368200, 0.3449999999999999200 ) ) ;
#2283 = CARTESIAN_POINT ( 'NONE',  ( -5.995429427384603800, -6.630059500068368200, 0.3649999999999999400 ) ) ;
#2284 = CARTESIAN_POINT ( 'NONE',  ( -6.002344909668385000, -6.633815157692025000, 0.3449999999999999200 ) ) ;
#2285 = CARTESIAN_POINT ( 'NONE',  ( -6.002344909668385000, -6.633815157692025000, 0.3649999999999999400 ) ) ;
#2286 = CARTESIAN_POINT ( 'NONE',  ( -5.942729147979577900, -6.617909599482613800, 0.3449999999999999200 ) ) ;
#2287 = CARTESIAN_POINT ( 'NONE',  ( -5.942729147979577900, -6.617909599482613800, 0.3649999999999999400 ) ) ;
#2288 = CARTESIAN_POINT ( 'NONE',  ( -5.945378687563030300, -6.617944443997252800, 0.3449999999999999200 ) ) ;
#2289 = CARTESIAN_POINT ( 'NONE',  ( -5.945378687563030300, -6.617944443997252800, 0.3649999999999999400 ) ) ;
#2290 = CARTESIAN_POINT ( 'NONE',  ( -5.950643714399041600, -6.618013685198930900, 0.3450000000000000300 ) ) ;
#2291 = CARTESIAN_POINT ( 'NONE',  ( -5.950643714399041600, -6.618013685198930900, 0.3649999999999999900 ) ) ;
#2292 = CARTESIAN_POINT ( 'NONE',  ( -5.958458783976858800, -6.618853372679660100, 0.3449999999999998100 ) ) ;
#2293 = CARTESIAN_POINT ( 'NONE',  ( -6.026980944918798300, -6.652894373882015000, 0.3649999999999999900 ) ) ;
#2294 = CARTESIAN_POINT ( 'NONE',  ( -6.032295214739678900, -6.658567689609569100, 0.3449999999999998100 ) ) ;
#2295 = CARTESIAN_POINT ( 'NONE',  ( -6.032295214739678900, -6.658567689609569100, 0.3649999999999997700 ) ) ;
#2296 = CARTESIAN_POINT ( 'NONE',  ( -6.037142768627460600, -6.664721207256029300, 0.3450000000000000800 ) ) ;
#2297 = CARTESIAN_POINT ( 'NONE',  ( -6.061614956521514900, -6.731235493782984100, 0.3449999999999999200 ) ) ;
#2298 = CARTESIAN_POINT ( 'NONE',  ( -6.052854307672594000, -6.692444782547001500, 0.3449999999999999200 ) ) ;
#2299 = CARTESIAN_POINT ( 'NONE',  ( -6.052854307672594000, -6.692444782547001500, 0.3649999999999999400 ) ) ;
#2300 = CARTESIAN_POINT ( 'NONE',  ( -6.055542238037434200, -6.699918939637476500, 0.3449999999999999200 ) ) ;
#2301 = CARTESIAN_POINT ( 'NONE',  ( -6.055542238037434200, -6.699918939637476500, 0.3649999999999999400 ) ) ;
#2302 = CARTESIAN_POINT ( 'NONE',  ( -6.009052446438750500, -6.637967680024672700, 0.3449999999999999200 ) ) ;
#2303 = CARTESIAN_POINT ( 'NONE',  ( -6.009052446438750500, -6.637967680024672700, 0.3649999999999999400 ) ) ;
#2304 = CARTESIAN_POINT ( 'NONE',  ( -6.015386760057923600, -6.642575563718254200, 0.3449999999999998600 ) ) ;
#2305 = CARTESIAN_POINT ( 'NONE',  ( -6.015386760057923600, -6.642575563718254200, 0.3649999999999998800 ) ) ;
#2306 = CARTESIAN_POINT ( 'NONE',  ( -6.021375106245285400, -6.647536217808868400, 0.3450000000000000800 ) ) ;
#2307 = CARTESIAN_POINT ( 'NONE',  ( -6.021375106245285400, -6.647536217808868400, 0.3650000000000000500 ) ) ;
#2308 = CARTESIAN_POINT ( 'NONE',  ( -6.026980944918798300, -6.652894373882015000, 0.3450000000000000300 ) ) ;
#2309 = CARTESIAN_POINT ( 'NONE',  ( -6.041069820174358900, -6.742597758475971800, 0.3649999999999998800 ) ) ;
#2310 = FACE_OUTER_BOUND ( 'NONE', #5127, .T. ) ;
#2311 = DIRECTION ( 'NONE',  ( 0.0000000000000000000, 0.0000000000000000000, -1.000000000000000000 ) ) ;
#2312 = VECTOR ( 'NONE', #2311, 39.37007874015748100 ) ;
#2313 = CARTESIAN_POINT ( 'NONE',  ( -6.041153293278722600, -6.739287136875774700, 0.3649999999999999400 ) ) ;
#2314 = LINE ( 'NONE', #2313, #2312 ) ;
#2315 = CARTESIAN_POINT ( 'NONE',  ( -6.037142768627460600, -6.664721207256029300, 0.3650000000000000500 ) ) ;
#2316 = CARTESIAN_POINT ( 'NONE',  ( -6.041717966508241700, -6.671195465676636800, 0.3449999999999999200 ) ) ;
#2317 = CARTESIAN_POINT ( 'NONE',  ( -6.041717966508241700, -6.671195465676636800, 0.3649999999999999400 ) ) ;
#2318 = CARTESIAN_POINT ( 'NONE',  ( -6.045860108700217100, -6.678044792844489500, 0.3450000000000000300 ) ) ;
#2319 = CARTESIAN_POINT ( 'NONE',  ( -6.045860108700217100, -6.678044792844489500, 0.3649999999999999900 ) ) ;
#2320 = CARTESIAN_POINT ( 'NONE',  ( -6.049571341607517600, -6.685164895873194600, 0.3449999999999998600 ) ) ;
#2321 = CARTESIAN_POINT ( 'NONE',  ( -6.049571341607517600, -6.685164895873194600, 0.3649999999999998800 ) ) ;
#2322 = PLANE ( 'NONE',  #2354 ) ;
#2323 = DIRECTION ( 'NONE',  ( 0.0000000000000000000, 0.0000000000000000000, -1.000000000000000000 ) ) ;
#2324 = VECTOR ( 'NONE', #2323, 39.37007874015748100 ) ;
#2325 = CARTESIAN_POINT ( 'NONE',  ( -6.061719532594962000, -6.739378950444151300, 0.3649999999999999400 ) ) ;
#2326 = LINE ( 'NONE', #2325, #2324 ) ;
#2327 = CARTESIAN_POINT ( 'NONE',  ( -5.773792182167611900, -6.852952334525348000, 0.3649999999999999400 ) ) ;
#2328 = DIRECTION ( 'NONE',  ( -1.000000000000000000, 0.0000000000000000000, 0.0000000000000000000 ) ) ;
#2329 = VECTOR ( 'NONE', #2328, 39.37007874015748100 ) ;
#2330 = CARTESIAN_POINT ( 'NONE',  ( -5.753225942851372600, -6.852952334525348000, 0.3649999999999999400 ) ) ;
#2331 = LINE ( 'NONE', #2330, #2329 ) ;
#2332 = CARTESIAN_POINT ( 'NONE',  ( -6.029906419526915900, -6.784981423230480100, 0.3649999999999998800 ) ) ;
#2333 = CARTESIAN_POINT ( 'NONE',  ( -6.033988900248549400, -6.776577928521272800, 0.3450000000000002000 ) ) ;
#2334 = CARTESIAN_POINT ( 'NONE',  ( -6.033988900248549400, -6.776577928521272800, 0.3649999999999999400 ) ) ;
#2335 = CARTESIAN_POINT ( 'NONE',  ( -6.037253370669998500, -6.767827565412766900, 0.3450000000000002000 ) ) ;
#2336 = CARTESIAN_POINT ( 'NONE',  ( -6.037253370669998500, -6.767827565412766900, 0.3649999999999999400 ) ) ;
#2337 = CARTESIAN_POINT ( 'NONE',  ( -5.753225942851372600, -6.852952334525348000, 0.3649999999999999400 ) ) ;
#2338 = CARTESIAN_POINT ( 'NONE',  ( -5.941719198727441600, -6.835324129397142700, 0.3450000000000002000 ) ) ;
#2339 = CARTESIAN_POINT ( 'NONE',  ( -5.941719198727441600, -6.835324129397142700, 0.3649999999999999400 ) ) ;
#2340 = CARTESIAN_POINT ( 'NONE',  ( -5.945090660635084800, -6.835255964876950000, 0.3450000000000002000 ) ) ;
#2341 = CARTESIAN_POINT ( 'NONE',  ( -5.945090660635084800, -6.835255964876950000, 0.3649999999999999400 ) ) ;
#2342 = CARTESIAN_POINT ( 'NONE',  ( -5.988547824222897600, -6.824576690004399800, 0.3450000000000001400 ) ) ;
#2343 = CARTESIAN_POINT ( 'NONE',  ( -5.988547824222897600, -6.824576690004399800, 0.3649999999999998800 ) ) ;
#2344 = CARTESIAN_POINT ( 'NONE',  ( -5.996801334236947900, -6.819770066504053900, 0.3450000000000002000 ) ) ;
#2345 = CARTESIAN_POINT ( 'NONE',  ( -5.996801334236947900, -6.819770066504053900, 0.3649999999999999400 ) ) ;
#2346 = CARTESIAN_POINT ( 'NONE',  ( -6.004680262982296800, -6.814089129033243700, 0.3450000000000001400 ) ) ;
#2347 = CARTESIAN_POINT ( 'NONE',  ( -6.004680262982296800, -6.814089129033243700, 0.3649999999999998800 ) ) ;
#2348 = CARTESIAN_POINT ( 'NONE',  ( -6.039467904711555600, -6.758655118092626400, 0.3649999999999999900 ) ) ;
#2349 = CARTESIAN_POINT ( 'NONE',  ( -6.039467904711555600, -6.758655118092626400, 0.3450000000000003100 ) ) ;
#2350 = PLANE ( 'NONE',  #2364 ) ;
#2351 = DIRECTION ( 'NONE',  ( 0.0000000000000000000, 0.0000000000000000000, -1.000000000000000000 ) ) ;
#2352 = DIRECTION ( 'NONE',  ( 1.000000000000000000, 0.0000000000000000000, 0.0000000000000000000 ) ) ;
#2353 = CARTESIAN_POINT ( 'NONE',  ( 3.870000000000000100, -7.215000000000001600, -0.3449999999999999200 ) ) ;
#2354 = AXIS2_PLACEMENT_3D ( 'NONE', #2353, #2352, #2351 ) ;
#2355 = FACE_OUTER_BOUND ( 'NONE', #5033, .T. ) ;
#2356 = FACE_OUTER_BOUND ( 'NONE', #5138, .T. ) ;
#2357 = DIRECTION ( 'NONE',  ( 0.0000000000000000000, 1.000000000000000000, 0.0000000000000000000 ) ) ;
#2358 = VECTOR ( 'NONE', #2357, 39.37007874015748100 ) ;
#2359 = CARTESIAN_POINT ( 'NONE',  ( 3.870000000000000100, -7.215000000000001600, -0.1449999999999999300 ) ) ;
#2360 = LINE ( 'NONE', #2359, #2358 ) ;
#2361 = DIRECTION ( 'NONE',  ( 0.0000000000000000000, 0.0000000000000000000, -1.000000000000000000 ) ) ;
#2362 = DIRECTION ( 'NONE',  ( 1.000000000000000000, 0.0000000000000000000, 0.0000000000000000000 ) ) ;
#2363 = CARTESIAN_POINT ( 'NONE',  ( -3.369999999999999700, -7.215000000000001600, -0.1449999999999999300 ) ) ;
#2364 = AXIS2_PLACEMENT_3D ( 'NONE', #2363, #2362, #2361 ) ;
#2365 = LINE ( 'NONE', #2413, #2412 ) ;
#2366 = CARTESIAN_POINT ( 'NONE',  ( -5.941719198727441600, -6.835324129397142700, 0.3449999999999999200 ) ) ;
#2367 = CARTESIAN_POINT ( 'NONE',  ( -6.040905602754818900, -6.749110775338254000, 0.3449999999999999200 ) ) ;
#2368 = CARTESIAN_POINT ( 'NONE',  ( -6.041069820174358900, -6.742597758475971800, 0.3449999999999998600 ) ) ;
#2369 = CARTESIAN_POINT ( 'NONE',  ( -6.041153293278722600, -6.739287136875774700, 0.3449999999999999200 ) ) ;
#2370 = B_SPLINE_CURVE_WITH_KNOTS ( 'NONE', 3,
 ( #2369, #2368, #2367, #2410, #2409, #2408, #2407, #2406, #2405, #2404, #2403, #2402, #2401, #2400, #2399, #2398, #2397, #2396, #2395 ),
 .UNSPECIFIED., .F., .F.,
 ( 4, 1, 1, 1, 1, 1, 1, 1, 1, 1, 1, 1, 1, 1, 1, 1, 4 ),
 ( 0.0000000000000000000, 0.06450399929705663600, 0.1268993215900417500, 0.1877465401000132400, 0.2481497329298300900, 0.3085860647627469700, 0.3695830050869926000, 0.4318269653810489800, 0.4961797225241588200, 0.5606678546118829500, 0.6235044551176669400, 0.6852604113304284800, 0.7465368217511726400, 0.8083273517367093300, 0.8704861878877726600, 0.9343168833592470100, 1.000000000000000000 ),
 .UNSPECIFIED. ) ;
#2371 = DIRECTION ( 'NONE',  ( 0.0000000000000000000, 0.0000000000000000000, 1.000000000000000000 ) ) ;
#2372 = DIRECTION ( 'NONE',  ( -1.000000000000000000, 0.0000000000000000000, 0.0000000000000000000 ) ) ;
#2373 = CARTESIAN_POINT ( 'NONE',  ( 3.369999999999999700, -7.215000000000001600, -0.3449999999999998600 ) ) ;
#2374 = AXIS2_PLACEMENT_3D ( 'NONE', #2373, #2372, #2371 ) ;
#2375 = PLANE ( 'NONE',  #2374 ) ;
#2376 = FACE_OUTER_BOUND ( 'NONE', #5148, .T. ) ;
#2377 = CARTESIAN_POINT ( 'NONE',  ( -6.012100202104891300, -6.807617082327086100, 0.3450000000000003100 ) ) ;
#2378 = CARTESIAN_POINT ( 'NONE',  ( -6.012100202104891300, -6.807617082327086100, 0.3649999999999999900 ) ) ;
#2379 = CARTESIAN_POINT ( 'NONE',  ( -6.018887694918102900, -6.800526320668354600, 0.3450000000000003100 ) ) ;
#2380 = CARTESIAN_POINT ( 'NONE',  ( -6.018887694918102900, -6.800526320668354600, 0.3649999999999999900 ) ) ;
#2381 = CARTESIAN_POINT ( 'NONE',  ( -6.024862992187504300, -6.792963501513587400, 0.3450000000000002000 ) ) ;
#2382 = CARTESIAN_POINT ( 'NONE',  ( -6.024862992187504300, -6.792963501513587400, 0.3649999999999999400 ) ) ;
#2383 = CARTESIAN_POINT ( 'NONE',  ( -6.029906419526915900, -6.784981423230480100, 0.3450000000000001400 ) ) ;
#2384 = CARTESIAN_POINT ( 'NONE',  ( -6.040905602754818900, -6.749110775338254000, 0.3450000000000002000 ) ) ;
#2385 = CARTESIAN_POINT ( 'NONE',  ( -6.040905602754818900, -6.749110775338254000, 0.3649999999999999400 ) ) ;
#2386 = CARTESIAN_POINT ( 'NONE',  ( -6.041069820174358900, -6.742597758475971800, 0.3450000000000001400 ) ) ;
#2387 = CARTESIAN_POINT ( 'NONE',  ( -5.951738501151520000, -6.835121558239255700, 0.3450000000000002000 ) ) ;
#2388 = CARTESIAN_POINT ( 'NONE',  ( -5.951738501151520000, -6.835121558239255700, 0.3649999999999999400 ) ) ;
#2389 = CARTESIAN_POINT ( 'NONE',  ( -5.961491209814735000, -6.833721974852077000, 0.3450000000000003100 ) ) ;
#2390 = CARTESIAN_POINT ( 'NONE',  ( -5.961491209814735000, -6.833721974852077000, 0.3649999999999999900 ) ) ;
#2391 = CARTESIAN_POINT ( 'NONE',  ( -5.970898668513612500, -6.831595397813961400, 0.3450000000000002000 ) ) ;
#2392 = CARTESIAN_POINT ( 'NONE',  ( -5.970898668513612500, -6.831595397813961400, 0.3649999999999999400 ) ) ;
#2393 = CARTESIAN_POINT ( 'NONE',  ( -5.979898209759582500, -6.828492498315219100, 0.3450000000000003100 ) ) ;
#2394 = CARTESIAN_POINT ( 'NONE',  ( -5.979898209759582500, -6.828492498315219100, 0.3649999999999999900 ) ) ;
#2395 = CARTESIAN_POINT ( 'NONE',  ( -5.941719198727441600, -6.835324129397142700, 0.3449999999999999200 ) ) ;
#2396 = CARTESIAN_POINT ( 'NONE',  ( -5.945090660635084800, -6.835255964876950000, 0.3449999999999999200 ) ) ;
#2397 = CARTESIAN_POINT ( 'NONE',  ( -5.951738501151520000, -6.835121558239255700, 0.3449999999999999200 ) ) ;
#2398 = CARTESIAN_POINT ( 'NONE',  ( -5.961491209814735000, -6.833721974852077000, 0.3450000000000000300 ) ) ;
#2399 = CARTESIAN_POINT ( 'NONE',  ( -5.970898668513612500, -6.831595397813961400, 0.3449999999999999200 ) ) ;
#2400 = CARTESIAN_POINT ( 'NONE',  ( -5.979898209759582500, -6.828492498315219100, 0.3450000000000000300 ) ) ;
#2401 = CARTESIAN_POINT ( 'NONE',  ( -5.988547824222897600, -6.824576690004399800, 0.3449999999999998600 ) ) ;
#2402 = CARTESIAN_POINT ( 'NONE',  ( -5.996801334236947900, -6.819770066504053900, 0.3449999999999999200 ) ) ;
#2403 = CARTESIAN_POINT ( 'NONE',  ( -6.004680262982296800, -6.814089129033243700, 0.3449999999999998600 ) ) ;
#2404 = CARTESIAN_POINT ( 'NONE',  ( -6.012100202104891300, -6.807617082327086100, 0.3450000000000000300 ) ) ;
#2405 = CARTESIAN_POINT ( 'NONE',  ( -6.018887694918102900, -6.800526320668354600, 0.3450000000000000300 ) ) ;
#2406 = CARTESIAN_POINT ( 'NONE',  ( -6.024862992187504300, -6.792963501513587400, 0.3449999999999999200 ) ) ;
#2407 = CARTESIAN_POINT ( 'NONE',  ( -6.029906419526915900, -6.784981423230480100, 0.3449999999999998600 ) ) ;
#2408 = CARTESIAN_POINT ( 'NONE',  ( -6.033988900248549400, -6.776577928521272800, 0.3449999999999999200 ) ) ;
#2409 = CARTESIAN_POINT ( 'NONE',  ( -6.037253370669998500, -6.767827565412766900, 0.3449999999999999200 ) ) ;
#2410 = CARTESIAN_POINT ( 'NONE',  ( -6.039467904711555600, -6.758655118092626400, 0.3450000000000000300 ) ) ;
#2411 = DIRECTION ( 'NONE',  ( 0.0000000000000000000, 0.0000000000000000000, -1.000000000000000000 ) ) ;
#2412 = VECTOR ( 'NONE', #2411, 39.37007874015748100 ) ;
#2413 = CARTESIAN_POINT ( 'NONE',  ( -5.942729147979578700, -6.617909599482614700, 0.3649999999999999900 ) ) ;
#2414 = FACE_OUTER_BOUND ( 'NONE', #5171, .T. ) ;
#2415 = DIRECTION ( 'NONE',  ( 0.0000000000000000000, 0.0000000000000000000, -1.000000000000000000 ) ) ;
#2416 = VECTOR ( 'NONE', #2415, 39.37007874015748100 ) ;
#2417 = CARTESIAN_POINT ( 'NONE',  ( -5.941719198727441600, -6.835324129397142700, 0.3649999999999999400 ) ) ;
#2418 = LINE ( 'NONE', #2417, #2416 ) ;
#2419 = CARTESIAN_POINT ( 'NONE',  ( -6.041153293278722600, -6.739287136875774700, 0.3449999999999999200 ) ) ;
#2420 = CARTESIAN_POINT ( 'NONE',  ( -6.041128128982195200, -6.737035737557929900, 0.3449999999999999200 ) ) ;
#2421 = CARTESIAN_POINT ( 'NONE',  ( -6.041078377196610600, -6.732584544733741800, 0.3450000000000000300 ) ) ;
#2422 = CARTESIAN_POINT ( 'NONE',  ( -6.040375663185089100, -6.725997960017513000, 0.3449999999999999200 ) ) ;
#2423 = CARTESIAN_POINT ( 'NONE',  ( -6.039417489583674300, -6.719559303248279200, 0.3449999999999998600 ) ) ;
#2424 = CARTESIAN_POINT ( 'NONE',  ( -5.954658007834543900, -6.642188228171935500, 0.3449999999999999200 ) ) ;
#2425 = CARTESIAN_POINT ( 'NONE',  ( -5.948222710818389400, -6.641493151557091900, 0.3450000000000000300 ) ) ;
#2426 = CARTESIAN_POINT ( 'NONE',  ( -5.943893966400119100, -6.641440383658230800, 0.3449999999999999200 ) ) ;
#2427 = CARTESIAN_POINT ( 'NONE',  ( -5.941719198727441600, -6.641413872986886300, 0.3449999999999999200 ) ) ;
#2428 = CARTESIAN_POINT ( 'NONE',  ( -6.037905001968709900, -6.713300927913170600, 0.3450000000000000300 ) ) ;
#2429 = CARTESIAN_POINT ( 'NONE',  ( -6.036080679712007700, -6.707175358071868500, 0.3449999999999999200 ) ) ;
#2430 = CARTESIAN_POINT ( 'NONE',  ( -6.033843750564027000, -6.701192295247094100, 0.3449999999999999200 ) ) ;
#2431 = CARTESIAN_POINT ( 'NONE',  ( -6.031109114242913600, -6.695416649503362000, 0.3449999999999999200 ) ) ;
#2432 = CARTESIAN_POINT ( 'NONE',  ( -6.028033838986655000, -6.689801307876790800, 0.3449999999999999200 ) ) ;
#2433 = CARTESIAN_POINT ( 'NONE',  ( -6.024597283361085700, -6.684405388379555100, 0.3449999999999999200 ) ) ;
#2434 = CARTESIAN_POINT ( 'NONE',  ( -6.020847489324733500, -6.679235919323125400, 0.3449999999999998600 ) ) ;
#2435 = CARTESIAN_POINT ( 'NONE',  ( -6.016684205301044300, -6.674433081243989800, 0.3450000000000000300 ) ) ;
#2436 = CARTESIAN_POINT ( 'NONE',  ( -6.012274307122949000, -6.669859595412424900, 0.3449999999999999200 ) ) ;
#2437 = CARTESIAN_POINT ( 'NONE',  ( -6.007530997996879800, -6.665584796536528200, 0.3449999999999999200 ) ) ;
#2438 = CARTESIAN_POINT ( 'NONE',  ( -6.002468205832585100, -6.661586915008433300, 0.3450000000000000300 ) ) ;
#2439 = CARTESIAN_POINT ( 'NONE',  ( -5.997098326570668500, -6.657856620738277400, 0.3450000000000000300 ) ) ;
#2440 = CARTESIAN_POINT ( 'NONE',  ( -5.841366968492398100, -6.738231280839450200, 0.3449999999999998100 ) ) ;
#2441 = CARTESIAN_POINT ( 'NONE',  ( -5.841393210818557300, -6.740467235276601500, 0.3450000000000000300 ) ) ;
#2442 = CARTESIAN_POINT ( 'NONE',  ( -5.841445269443875400, -6.744902844893140100, 0.3449999999999999200 ) ) ;
#2443 = CARTESIAN_POINT ( 'NONE',  ( -5.842135941021952700, -6.751460897079994100, 0.3449999999999999200 ) ) ;
#2444 = CARTESIAN_POINT ( 'NONE',  ( -5.843123316730213000, -6.757874818864368500, 0.3449999999999999200 ) ) ;
#2445 = CARTESIAN_POINT ( 'NONE',  ( -5.844556293388039100, -6.764131779200553800, 0.3449999999999999200 ) ) ;
#2446 = CARTESIAN_POINT ( 'NONE',  ( -5.846384945489953500, -6.770240155904689400, 0.3449999999999998600 ) ) ;
#2447 = CARTESIAN_POINT ( 'NONE',  ( -5.848650167359956200, -6.776188347589418000, 0.3450000000000000300 ) ) ;
#2448 = CARTESIAN_POINT ( 'NONE',  ( -5.851320227416741700, -6.781984933645560400, 0.3450000000000000800 ) ) ;
#2449 = CARTESIAN_POINT ( 'NONE',  ( -5.854384726763846000, -6.787615640666615500, 0.3449999999999998600 ) ) ;
#2450 = CARTESIAN_POINT ( 'NONE',  ( -5.857819977434675500, -6.793003375566276400, 0.3450000000000000300 ) ) ;
#2451 = CARTESIAN_POINT ( 'NONE',  ( -5.861550819420696900, -6.798145918599399100, 0.3449999999999999200 ) ) ;
#2452 = CARTESIAN_POINT ( 'NONE',  ( -5.865637121959248500, -6.802959742648897500, 0.3449999999999999200 ) ) ;
#2453 = CARTESIAN_POINT ( 'NONE',  ( -5.908976954699406600, -6.830378910427318000, 0.3449999999999998600 ) ) ;
#2454 = CARTESIAN_POINT ( 'NONE',  ( -5.915274769730665100, -6.832176048943443500, 0.3449999999999999200 ) ) ;
#2455 = CARTESIAN_POINT ( 'NONE',  ( -5.921709526151397900, -6.833611984727354200, 0.3449999999999999200 ) ) ;
#2456 = CARTESIAN_POINT ( 'NONE',  ( -5.928273920967115800, -6.834609309510688600, 0.3450000000000000800 ) ) ;
#2457 = CARTESIAN_POINT ( 'NONE',  ( -5.934958746835451200, -6.835231246684528200, 0.3449999999999998600 ) ) ;
#2458 = CARTESIAN_POINT ( 'NONE',  ( -5.939453100407595400, -6.835292995182690800, 0.3449999999999999200 ) ) ;
#2459 = CARTESIAN_POINT ( 'NONE',  ( -5.941719198727441600, -6.835324129397142700, 0.3449999999999999200 ) ) ;
#2460 = CARTESIAN_POINT ( 'NONE',  ( -5.991407458555153600, -6.654481393780884900, 0.3449999999999998100 ) ) ;
#2461 = CARTESIAN_POINT ( 'NONE',  ( -5.985537265481228900, -6.651431990518589500, 0.3450000000000000300 ) ) ;
#2462 = CARTESIAN_POINT ( 'NONE',  ( -5.979539446477917700, -6.648732990539127900, 0.3450000000000000300 ) ) ;
#2463 = CARTESIAN_POINT ( 'NONE',  ( -5.973433802115392800, -6.646517216788628200, 0.3449999999999998100 ) ) ;
#2464 = CARTESIAN_POINT ( 'NONE',  ( -5.967276009358511300, -6.644591951428452600, 0.3449999999999999200 ) ) ;
#2465 = CARTESIAN_POINT ( 'NONE',  ( -5.961008670168704200, -6.643178875664106400, 0.3449999999999998600 ) ) ;
#2466 = CARTESIAN_POINT ( 'NONE',  ( -5.870065125405194100, -6.807475232687170100, 0.3450000000000000800 ) ) ;
#2467 = CARTESIAN_POINT ( 'NONE',  ( -5.874804886033943200, -6.811686518032308500, 0.3449999999999998600 ) ) ;
#2468 = CARTESIAN_POINT ( 'NONE',  ( -5.879812241857775800, -6.815678511054979800, 0.3449999999999999200 ) ) ;
#2469 = CARTESIAN_POINT ( 'NONE',  ( -5.885212425519674700, -6.819282199425525300, 0.3449999999999999200 ) ) ;
#2470 = CARTESIAN_POINT ( 'NONE',  ( -5.890869322297075600, -6.822637209740213900, 0.3450000000000000800 ) ) ;
#2471 = CARTESIAN_POINT ( 'NONE',  ( -5.896779192629290700, -6.825580230379312500, 0.3449999999999998100 ) ) ;
#2472 = CARTESIAN_POINT ( 'NONE',  ( -5.902789794971646100, -6.828243880620474800, 0.3450000000000000300 ) ) ;
#2473 = B_SPLINE_CURVE_WITH_KNOTS ( 'NONE', 3,
 ( #2459, #2458, #2457, #2456, #2455, #2454, #2453, #2472, #2471, #2470, #2469, #2468, #2467, #2466, #2452, #2451, #2450, #2449, #2448, #2447, #2446, #2445, #2444, #2443, #2442, #2441, #2440 ),
 .UNSPECIFIED., .F., .F.,
 ( 4, 1, 1, 1, 1, 1, 1, 1, 1, 1, 1, 1, 1, 1, 1, 1, 1, 1, 1, 1, 1, 1, 1, 1, 4 ),
 ( 0.0000000000000000000, 0.04363321826575888900, 0.08653777669720330600, 0.1291773360898923200, 0.1714363236638339100, 0.2134158945709099000, 0.2552659545538518100, 0.2973694811566280900, 0.3399407478985551600, 0.3823474587518122500, 0.4239529468152698500, 0.4648711632610158500, 0.5055722941182762000, 0.5460025771083159000, 0.5865679748069141400, 0.6270647991481685900, 0.6682706840331723600, 0.7095492248503345600, 0.7504281535131895900, 0.7910961944485960200, 0.8320271447794370700, 0.8731359553359699900, 0.9146107643654520800, 0.9569559864804391100, 1.000000000000000000 ),
 .UNSPECIFIED. ) ;
#2474 = B_SPLINE_CURVE_WITH_KNOTS ( 'NONE', 3,
 ( #2427, #2426, #2425, #2424, #2465, #2464, #2463, #2462, #2461, #2460, #2439, #2438, #2437, #2436, #2435, #2434, #2433, #2432, #2431, #2430, #2429, #2428, #2423, #2422, #2421, #2420, #2419 ),
 .UNSPECIFIED., .F., .F.,
 ( 4, 1, 1, 1, 1, 1, 1, 1, 1, 1, 1, 1, 1, 1, 1, 1, 1, 1, 1, 1, 1, 1, 1, 1, 4 ),
 ( 0.0000000000000000000, 0.04202332852592445500, 0.08364491116871124200, 0.1249837954173897700, 0.1662474611728908000, 0.2077015560969880100, 0.2496310707996499400, 0.2917417703321320600, 0.3347428753532028000, 0.3774601685508695600, 0.4195563188419386100, 0.4610441763330345700, 0.5020962839443959800, 0.5428907140755989700, 0.5838008186265044600, 0.6248635833101935400, 0.6662246890691691000, 0.7073991864779396500, 0.7485566775366918600, 0.7896545909521790500, 0.8307397264898315200, 0.8720701422586038000, 0.9139933952421370700, 0.9564981300675915500, 1.000000000000000000 ),
 .UNSPECIFIED. ) ;
#2475 = CARTESIAN_POINT ( 'NONE',  ( -6.041153293278722600, -6.739287136875774700, 0.3449999999999999200 ) ) ;
#2476 = DIRECTION ( 'NONE',  ( 0.0000000000000000000, 0.0000000000000000000, 1.000000000000000000 ) ) ;
#2477 = CARTESIAN_POINT ( 'NONE',  ( -5.874804886033943200, -6.811686518032308500, 0.3450000000000000800 ) ) ;
#2478 = CARTESIAN_POINT ( 'NONE',  ( -5.874804886033943200, -6.811686518032308500, 0.3649999999999998800 ) ) ;
#2479 = CARTESIAN_POINT ( 'NONE',  ( -5.879812241857775800, -6.815678511054979800, 0.3450000000000001400 ) ) ;
#2480 = CARTESIAN_POINT ( 'NONE',  ( -5.879812241857775800, -6.815678511054979800, 0.3649999999999999400 ) ) ;
#2481 = CARTESIAN_POINT ( 'NONE',  ( -5.885212425519674700, -6.819282199425525300, 0.3450000000000001400 ) ) ;
#2482 = CARTESIAN_POINT ( 'NONE',  ( -5.885212425519674700, -6.819282199425525300, 0.3649999999999999400 ) ) ;
#2483 = CARTESIAN_POINT ( 'NONE',  ( -5.890869322297075600, -6.822637209740213900, 0.3450000000000003100 ) ) ;
#2484 = CARTESIAN_POINT ( 'NONE',  ( -5.890869322297075600, -6.822637209740213900, 0.3650000000000000500 ) ) ;
#2485 = CARTESIAN_POINT ( 'NONE',  ( -5.934958746835451200, -6.835231246684528200, 0.3649999999999998800 ) ) ;
#2486 = CARTESIAN_POINT ( 'NONE',  ( -5.939453100407595400, -6.835292995182690800, 0.3450000000000001400 ) ) ;
#2487 = CARTESIAN_POINT ( 'NONE',  ( -5.939453100407595400, -6.835292995182690800, 0.3649999999999999400 ) ) ;
#2488 = CARTESIAN_POINT ( 'NONE',  ( -5.941719198727441600, -6.835324129397142700, 0.3450000000000001400 ) ) ;
#2489 = CARTESIAN_POINT ( 'NONE',  ( -5.941719198727441600, -6.835324129397142700, 0.3649999999999999400 ) ) ;
#2490 = CARTESIAN_POINT ( 'NONE',  ( 3.369999999999999700, -7.215000000000001600, -0.1449999999999999300 ) ) ;
#2491 = CARTESIAN_POINT ( 'NONE',  ( -5.896779192629290700, -6.825580230379312500, 0.3450000000000000300 ) ) ;
#2492 = CARTESIAN_POINT ( 'NONE',  ( -5.896779192629290700, -6.825580230379312500, 0.3649999999999997700 ) ) ;
#2493 = CARTESIAN_POINT ( 'NONE',  ( -5.902789794971646100, -6.828243880620474800, 0.3450000000000002000 ) ) ;
#2494 = CARTESIAN_POINT ( 'NONE',  ( -5.902789794971646100, -6.828243880620474800, 0.3649999999999999900 ) ) ;
#2495 = CARTESIAN_POINT ( 'NONE',  ( -5.908976954699406600, -6.830378910427318000, 0.3450000000000000800 ) ) ;
#2496 = CARTESIAN_POINT ( 'NONE',  ( -5.908976954699406600, -6.830378910427318000, 0.3649999999999998800 ) ) ;
#2497 = CARTESIAN_POINT ( 'NONE',  ( -5.915274769730665100, -6.832176048943443500, 0.3450000000000001400 ) ) ;
#2498 = CARTESIAN_POINT ( 'NONE',  ( -5.915274769730665100, -6.832176048943443500, 0.3649999999999999400 ) ) ;
#2499 = CARTESIAN_POINT ( 'NONE',  ( -5.921709526151397900, -6.833611984727354200, 0.3450000000000001400 ) ) ;
#2500 = CARTESIAN_POINT ( 'NONE',  ( -5.921709526151397900, -6.833611984727354200, 0.3649999999999999400 ) ) ;
#2501 = CARTESIAN_POINT ( 'NONE',  ( -5.928273920967115800, -6.834609309510688600, 0.3450000000000003100 ) ) ;
#2502 = CARTESIAN_POINT ( 'NONE',  ( -5.928273920967115800, -6.834609309510688600, 0.3650000000000000500 ) ) ;
#2503 = CARTESIAN_POINT ( 'NONE',  ( -5.934958746835451200, -6.835231246684528200, 0.3450000000000000800 ) ) ;
#2504 = DIRECTION ( 'NONE',  ( 1.000000000000000000, 0.0000000000000000000, 0.0000000000000000000 ) ) ;
#2505 = PLANE ( 'NONE',  #2509 ) ;
#2506 = DIRECTION ( 'NONE',  ( 0.0000000000000000000, 1.000000000000000000, 0.0000000000000000000 ) ) ;
#2507 = CARTESIAN_POINT ( 'NONE',  ( 3.369999999999999700, -7.215000000000001600, -0.1449999999999999300 ) ) ;
#2508 = LINE ( 'NONE', #2507, #2512 ) ;
#2509 = AXIS2_PLACEMENT_3D ( 'NONE', #2490, #2476, #2504 ) ;
#2510 = B_SPLINE_SURFACE_WITH_KNOTS ( 'NONE', 3, 1, ( 
 ( #2489, #2488 ),
 ( #2487, #2486 ),
 ( #2485, #2503 ),
 ( #2502, #2501 ),
 ( #2500, #2499 ),
 ( #2498, #2497 ),
 ( #2496, #2495 ),
 ( #2494, #2493 ),
 ( #2492, #2491 ),
 ( #2484, #2483 ),
 ( #2482, #2481 ),
 ( #2480, #2479 ),
 ( #2478, #2477 ),
 ( #2551, #2550 ),
 ( #2549, #2548 ),
 ( #2547, #2546 ),
 ( #2545, #2544 ),
 ( #2543, #2542 ),
 ( #2541, #2540 ),
 ( #2539, #2538 ),
 ( #2537, #2536 ),
 ( #2535, #2534 ),
 ( #2533, #2532 ),
 ( #2531, #2530 ),
 ( #2529, #2528 ),
 ( #2527, #2526 ),
 ( #2525, #2524 ) ),
 .UNSPECIFIED., .F., .F., .F.,
 ( 4, 1, 1, 1, 1, 1, 1, 1, 1, 1, 1, 1, 1, 1, 1, 1, 1, 1, 1, 1, 1, 1, 1, 1, 4 ),
 ( 2, 2 ),
 ( 0.0000000000000000000, 0.04363321826575888900, 0.08653777669720330600, 0.1291773360898923200, 0.1714363236638339100, 0.2134158945709099000, 0.2552659545538518100, 0.2973694811566280900, 0.3399407478985551600, 0.3823474587518122500, 0.4239529468152698500, 0.4648711632610158500, 0.5055722941182762000, 0.5460025771083159000, 0.5865679748069141400, 0.6270647991481685900, 0.6682706840331723600, 0.7095492248503345600, 0.7504281535131895900, 0.7910961944485960200, 0.8320271447794370700, 0.8731359553359699900, 0.9146107643654520800, 0.9569559864804391100, 1.000000000000000000 ),
 ( 0.0000000000000000000, 1.000000000000000000 ),
 .UNSPECIFIED. ) ;
#2511 = FACE_OUTER_BOUND ( 'NONE', #5099, .T. ) ;
#2512 = VECTOR ( 'NONE', #2506, 39.37007874015748100 ) ;
#2513 = FACE_OUTER_BOUND ( 'NONE', #5184, .T. ) ;
#2514 = FACE_OUTER_BOUND ( 'NONE', #5197, .T. ) ;
#2515 = DIRECTION ( 'NONE',  ( 0.0000000000000000000, 0.0000000000000000000, -1.000000000000000000 ) ) ;
#2516 = VECTOR ( 'NONE', #2515, 39.37007874015748100 ) ;
#2517 = CARTESIAN_POINT ( 'NONE',  ( -5.753225942851372600, -6.852952334525348000, 0.3649999999999999400 ) ) ;
#2518 = LINE ( 'NONE', #2517, #2516 ) ;
#2519 = DIRECTION ( 'NONE',  ( 0.0000000000000000000, 0.0000000000000000000, -1.000000000000000000 ) ) ;
#2520 = DIRECTION ( 'NONE',  ( 0.0000000000000000000, -1.000000000000000000, 0.0000000000000000000 ) ) ;
#2521 = CARTESIAN_POINT ( 'NONE',  ( -5.753225942851372600, -6.852952334525348000, 0.3649999999999999400 ) ) ;
#2522 = AXIS2_PLACEMENT_3D ( 'NONE', #2521, #2520, #2519 ) ;
#2523 = PLANE ( 'NONE',  #2522 ) ;
#2524 = CARTESIAN_POINT ( 'NONE',  ( -5.841366968492398100, -6.738231280839450200, 0.3450000000000001400 ) ) ;
#2525 = CARTESIAN_POINT ( 'NONE',  ( -5.841366968492398100, -6.738231280839450200, 0.3649999999999999400 ) ) ;
#2526 = CARTESIAN_POINT ( 'NONE',  ( -5.841393210818557300, -6.740467235276601500, 0.3450000000000002000 ) ) ;
#2527 = CARTESIAN_POINT ( 'NONE',  ( -5.841393210818557300, -6.740467235276601500, 0.3649999999999999900 ) ) ;
#2528 = CARTESIAN_POINT ( 'NONE',  ( -5.841445269443875400, -6.744902844893140100, 0.3450000000000001400 ) ) ;
#2529 = CARTESIAN_POINT ( 'NONE',  ( -5.841445269443875400, -6.744902844893140100, 0.3649999999999999400 ) ) ;
#2530 = CARTESIAN_POINT ( 'NONE',  ( -5.842135941021952700, -6.751460897079994100, 0.3450000000000001400 ) ) ;
#2531 = CARTESIAN_POINT ( 'NONE',  ( -5.842135941021952700, -6.751460897079994100, 0.3649999999999999400 ) ) ;
#2532 = CARTESIAN_POINT ( 'NONE',  ( -5.843123316730213000, -6.757874818864368500, 0.3450000000000001400 ) ) ;
#2533 = CARTESIAN_POINT ( 'NONE',  ( -5.843123316730213000, -6.757874818864368500, 0.3649999999999999400 ) ) ;
#2534 = CARTESIAN_POINT ( 'NONE',  ( -5.844556293388039100, -6.764131779200553800, 0.3450000000000001400 ) ) ;
#2535 = CARTESIAN_POINT ( 'NONE',  ( -5.844556293388039100, -6.764131779200553800, 0.3649999999999999400 ) ) ;
#2536 = CARTESIAN_POINT ( 'NONE',  ( -5.846384945489953500, -6.770240155904689400, 0.3450000000000000800 ) ) ;
#2537 = CARTESIAN_POINT ( 'NONE',  ( -5.846384945489953500, -6.770240155904689400, 0.3649999999999998800 ) ) ;
#2538 = CARTESIAN_POINT ( 'NONE',  ( -5.848650167359956200, -6.776188347589418000, 0.3450000000000002000 ) ) ;
#2539 = CARTESIAN_POINT ( 'NONE',  ( -5.848650167359956200, -6.776188347589418000, 0.3649999999999999900 ) ) ;
#2540 = CARTESIAN_POINT ( 'NONE',  ( -5.851320227416741700, -6.781984933645560400, 0.3450000000000003100 ) ) ;
#2541 = CARTESIAN_POINT ( 'NONE',  ( -5.851320227416741700, -6.781984933645560400, 0.3650000000000000500 ) ) ;
#2542 = CARTESIAN_POINT ( 'NONE',  ( -5.854384726763846000, -6.787615640666615500, 0.3450000000000000800 ) ) ;
#2543 = CARTESIAN_POINT ( 'NONE',  ( -5.854384726763846000, -6.787615640666615500, 0.3649999999999998800 ) ) ;
#2544 = CARTESIAN_POINT ( 'NONE',  ( -5.857819977434675500, -6.793003375566276400, 0.3450000000000002000 ) ) ;
#2545 = CARTESIAN_POINT ( 'NONE',  ( -5.857819977434675500, -6.793003375566276400, 0.3649999999999999900 ) ) ;
#2546 = CARTESIAN_POINT ( 'NONE',  ( -5.861550819420696900, -6.798145918599399100, 0.3450000000000001400 ) ) ;
#2547 = CARTESIAN_POINT ( 'NONE',  ( -5.861550819420696900, -6.798145918599399100, 0.3649999999999999400 ) ) ;
#2548 = CARTESIAN_POINT ( 'NONE',  ( -5.865637121959248500, -6.802959742648897500, 0.3450000000000001400 ) ) ;
#2549 = CARTESIAN_POINT ( 'NONE',  ( -5.865637121959248500, -6.802959742648897500, 0.3649999999999999400 ) ) ;
#2550 = CARTESIAN_POINT ( 'NONE',  ( -5.870065125405194100, -6.807475232687170100, 0.3450000000000003100 ) ) ;
#2551 = CARTESIAN_POINT ( 'NONE',  ( -5.870065125405194100, -6.807475232687170100, 0.3650000000000000500 ) ) ;
#2552 = CARTESIAN_POINT ( 'NONE',  ( -5.906208718071249000, -6.622639597767626900, 0.3649999999999999400 ) ) ;
#2553 = CARTESIAN_POINT ( 'NONE',  ( -5.917902444548214000, -6.619844066281689100, 0.3449999999999998600 ) ) ;
#2554 = CARTESIAN_POINT ( 'NONE',  ( -5.917902444548214000, -6.619844066281689100, 0.3649999999999998800 ) ) ;
#2555 = CARTESIAN_POINT ( 'NONE',  ( -5.930151396184905700, -6.618228172596516900, 0.3449999999999999200 ) ) ;
#2556 = CARTESIAN_POINT ( 'NONE',  ( -5.930151396184905700, -6.618228172596516900, 0.3649999999999999400 ) ) ;
#2557 = CARTESIAN_POINT ( 'NONE',  ( -5.938485760092742500, -6.618017077298577400, 0.3450000000000000300 ) ) ;
#2558 = CARTESIAN_POINT ( 'NONE',  ( -5.938485760092742500, -6.618017077298577400, 0.3649999999999999900 ) ) ;
#2559 = CARTESIAN_POINT ( 'NONE',  ( -5.942729147979578700, -6.617909599482614700, 0.3450000000000000300 ) ) ;
#2560 = CARTESIAN_POINT ( 'NONE',  ( -5.942729147979578700, -6.617909599482614700, 0.3649999999999999900 ) ) ;
#2561 = B_SPLINE_SURFACE_WITH_KNOTS ( 'NONE', 3, 1, ( 
 ( #2560, #2559 ),
 ( #2558, #2557 ),
 ( #2556, #2555 ),
 ( #2554, #2553 ),
 ( #2552, #2571 ),
 ( #2570, #2569 ),
 ( #2568, #2567 ),
 ( #2566, #2565 ),
 ( #2591, #2590 ),
 ( #2589, #2588 ),
 ( #2587, #2586 ),
 ( #2585, #2584 ),
 ( #2605, #2604 ),
 ( #2603, #2602 ),
 ( #2601, #2600 ),
 ( #2599, #2598 ),
 ( #2597, #2583 ),
 ( #2582, #2581 ),
 ( #2580, #2579 ) ),
 .UNSPECIFIED., .F., .F., .F.,
 ( 4, 1, 1, 1, 1, 1, 1, 1, 1, 1, 1, 1, 1, 1, 1, 1, 4 ),
 ( 2, 2 ),
 ( 0.0000000000000000000, 0.06657003521518251000, 0.1307490414821769800, 0.1934128000295075000, 0.2549893988897101200, 0.3161135558759020100, 0.3772617579089868600, 0.4394007841555551700, 0.5029705893719784700, 0.5665249763607339600, 0.6282311025133100500, 0.6890906105998652100, 0.7493446689958083200, 0.8101695933722088400, 0.8716098243170430400, 0.9348691840727670900, 0.9999999999999998900 ),
 ( 0.0000000000000000000, 1.000000000000000000 ),
 .UNSPECIFIED. ) ;
#2562 = DIRECTION ( 'NONE',  ( 0.0000000000000000000, 0.0000000000000000000, -1.000000000000000000 ) ) ;
#2563 = CARTESIAN_POINT ( 'NONE',  ( -5.444732353107782300, -6.623785667858681100, 0.3649999999999999400 ) ) ;
#2564 = LINE ( 'NONE', #2563, #2575 ) ;
#2565 = CARTESIAN_POINT ( 'NONE',  ( -5.874210372318410500, -6.637332619661744800, 0.3450000000000000300 ) ) ;
#2566 = CARTESIAN_POINT ( 'NONE',  ( -5.874210372318410500, -6.637332619661744800, 0.3649999999999999900 ) ) ;
#2567 = CARTESIAN_POINT ( 'NONE',  ( -5.884335537898149200, -6.631329425425227500, 0.3449999999999999200 ) ) ;
#2568 = CARTESIAN_POINT ( 'NONE',  ( -5.884335537898149200, -6.631329425425227500, 0.3649999999999999400 ) ) ;
#2569 = CARTESIAN_POINT ( 'NONE',  ( -5.894974958983040900, -6.626362769239586100, 0.3450000000000000300 ) ) ;
#2570 = CARTESIAN_POINT ( 'NONE',  ( -5.894974958983040900, -6.626362769239586100, 0.3649999999999999900 ) ) ;
#2571 = CARTESIAN_POINT ( 'NONE',  ( -5.906208718071249000, -6.622639597767626900, 0.3449999999999999200 ) ) ;
#2572 = DIRECTION ( 'NONE',  ( 0.0000000000000000000, 1.000000000000000000, 0.0000000000000000000 ) ) ;
#2573 = CARTESIAN_POINT ( 'NONE',  ( -5.565191754817183400, -6.647289941362954500, 0.3649999999999999400 ) ) ;
#2574 = LINE ( 'NONE', #2573, #2578 ) ;
#2575 = VECTOR ( 'NONE', #2562, 39.37007874015748100 ) ;
#2576 = CARTESIAN_POINT ( 'NONE',  ( -5.820800729176158800, -6.738277187623638500, 0.3649999999999999400 ) ) ;
#2577 = LINE ( 'NONE', #2576, #2596 ) ;
#2578 = VECTOR ( 'NONE', #2572, 39.37007874015748100 ) ;
#2579 = CARTESIAN_POINT ( 'NONE',  ( -5.820800729176158800, -6.738277187623638500, 0.3449999999999999200 ) ) ;
#2580 = CARTESIAN_POINT ( 'NONE',  ( -5.820800729176158800, -6.738277187623638500, 0.3649999999999999400 ) ) ;
#2581 = CARTESIAN_POINT ( 'NONE',  ( -5.820902227727750700, -6.734124383283710100, 0.3449999999999999200 ) ) ;
#2582 = CARTESIAN_POINT ( 'NONE',  ( -5.820902227727750700, -6.734124383283710100, 0.3649999999999999400 ) ) ;
#2583 = CARTESIAN_POINT ( 'NONE',  ( -5.821102308391333600, -6.725938100474417400, 0.3449999999999998600 ) ) ;
#2584 = CARTESIAN_POINT ( 'NONE',  ( -5.840351253205486000, -6.670906652670243600, 0.3449999999999998600 ) ) ;
#2585 = CARTESIAN_POINT ( 'NONE',  ( -5.840351253205486000, -6.670906652670243600, 0.3649999999999998800 ) ) ;
#2586 = CARTESIAN_POINT ( 'NONE',  ( -5.847542233854071900, -6.661446789510709000, 0.3450000000000000800 ) ) ;
#2587 = CARTESIAN_POINT ( 'NONE',  ( -5.847542233854071900, -6.661446789510709000, 0.3650000000000000500 ) ) ;
#2588 = CARTESIAN_POINT ( 'NONE',  ( -5.855704296074995000, -6.652582396695724000, 0.3449999999999998600 ) ) ;
#2589 = CARTESIAN_POINT ( 'NONE',  ( -5.855704296074995000, -6.652582396695724000, 0.3649999999999998800 ) ) ;
#2590 = CARTESIAN_POINT ( 'NONE',  ( -5.864623553198877700, -6.644435244937581900, 0.3449999999999999200 ) ) ;
#2591 = CARTESIAN_POINT ( 'NONE',  ( -5.864623553198877700, -6.644435244937581900, 0.3649999999999999400 ) ) ;
#2592 = CARTESIAN_POINT ( 'NONE',  ( -5.922140722114498600, -6.643184410106844200, 0.3450000000000000300 ) ) ;
#2593 = CARTESIAN_POINT ( 'NONE',  ( -5.922140722114498600, -6.643184410106844200, 0.3649999999999999400 ) ) ;
#2594 = FACE_OUTER_BOUND ( 'NONE', #5212, .T. ) ;
#2595 = DIRECTION ( 'NONE',  ( 0.0000000000000000000, 0.0000000000000000000, -1.000000000000000000 ) ) ;
#2596 = VECTOR ( 'NONE', #2595, 39.37007874015748100 ) ;
#2597 = CARTESIAN_POINT ( 'NONE',  ( -5.821102308391333600, -6.725938100474417400, 0.3649999999999998800 ) ) ;
#2598 = CARTESIAN_POINT ( 'NONE',  ( -5.822813734889445300, -6.713935876719699700, 0.3450000000000000300 ) ) ;
#2599 = CARTESIAN_POINT ( 'NONE',  ( -5.822813734889445300, -6.713935876719699700, 0.3649999999999999900 ) ) ;
#2600 = CARTESIAN_POINT ( 'NONE',  ( -5.825492957988233300, -6.702401983683062200, 0.3449999999999999200 ) ) ;
#2601 = CARTESIAN_POINT ( 'NONE',  ( -5.825492957988233300, -6.702401983683062200, 0.3649999999999999400 ) ) ;
#2602 = CARTESIAN_POINT ( 'NONE',  ( -5.829375605051519700, -6.691411152446626400, 0.3449999999999999200 ) ) ;
#2603 = CARTESIAN_POINT ( 'NONE',  ( -5.829375605051519700, -6.691411152446626400, 0.3649999999999999400 ) ) ;
#2604 = CARTESIAN_POINT ( 'NONE',  ( -5.834324674449242700, -6.680904788535562100, 0.3450000000000000300 ) ) ;
#2605 = CARTESIAN_POINT ( 'NONE',  ( -5.834324674449242700, -6.680904788535562100, 0.3649999999999999900 ) ) ;
#2606 = CARTESIAN_POINT ( 'NONE',  ( -5.891290036865269600, -6.654496230671359300, 0.3450000000000000300 ) ) ;
#2607 = CARTESIAN_POINT ( 'NONE',  ( -5.891290036865269600, -6.654496230671359300, 0.3649999999999999400 ) ) ;
#2608 = CARTESIAN_POINT ( 'NONE',  ( -5.885532896450013300, -6.657843737696636800, 0.3449999999999999200 ) ) ;
#2609 = CARTESIAN_POINT ( 'NONE',  ( -5.885532896450013300, -6.657843737696636800, 0.3649999999999998800 ) ) ;
#2610 = CARTESIAN_POINT ( 'NONE',  ( -5.880095512787059800, -6.661554487798889900, 0.3449999999999999200 ) ) ;
#2611 = CARTESIAN_POINT ( 'NONE',  ( -5.880095512787059800, -6.661554487798889900, 0.3649999999999998800 ) ) ;
#2612 = CARTESIAN_POINT ( 'NONE',  ( -5.874950112579499600, -6.665477986175275800, 0.3450000000000000800 ) ) ;
#2613 = CARTESIAN_POINT ( 'NONE',  ( -5.874950112579499600, -6.665477986175275800, 0.3649999999999999900 ) ) ;
#2614 = CARTESIAN_POINT ( 'NONE',  ( -5.870159161754378900, -6.669708919423407600, 0.3450000000000000300 ) ) ;
#2615 = CARTESIAN_POINT ( 'NONE',  ( -5.870159161754378900, -6.669708919423407600, 0.3649999999999999400 ) ) ;
#2616 = CARTESIAN_POINT ( 'NONE',  ( -5.865744362506690700, -6.674248691057198500, 0.3449999999999999200 ) ) ;
#2617 = CARTESIAN_POINT ( 'NONE',  ( -5.865744362506690700, -6.674248691057198500, 0.3649999999999998800 ) ) ;
#2618 = CARTESIAN_POINT ( 'NONE',  ( -5.861595440902212000, -6.679000477690634900, 0.3450000000000001400 ) ) ;
#2619 = CARTESIAN_POINT ( 'NONE',  ( -5.861595440902212000, -6.679000477690634900, 0.3650000000000000500 ) ) ;
#2620 = CARTESIAN_POINT ( 'NONE',  ( -5.857830936875901200, -6.684081588034557000, 0.3449999999999999200 ) ) ;
#2621 = CARTESIAN_POINT ( 'NONE',  ( -5.857830936875901200, -6.684081588034557000, 0.3649999999999998800 ) ) ;
#2622 = CARTESIAN_POINT ( 'NONE',  ( -5.854385853195899400, -6.689396600640881400, 0.3450000000000000300 ) ) ;
#2623 = CARTESIAN_POINT ( 'NONE',  ( -5.854385853195899400, -6.689396600640881400, 0.3649999999999999400 ) ) ;
#2624 = CARTESIAN_POINT ( 'NONE',  ( -5.915764455675873300, -6.644586126366282200, 0.3450000000000000800 ) ) ;
#2625 = CARTESIAN_POINT ( 'NONE',  ( -5.915764455675873300, -6.644586126366282200, 0.3649999999999999900 ) ) ;
#2626 = CARTESIAN_POINT ( 'NONE',  ( -5.909511210225552700, -6.646505689554113700, 0.3450000000000000300 ) ) ;
#2627 = CARTESIAN_POINT ( 'NONE',  ( -5.909511210225552700, -6.646505689554113700, 0.3649999999999999400 ) ) ;
#2628 = CARTESIAN_POINT ( 'NONE',  ( -5.903328352512585500, -6.648756244990194900, 0.3450000000000000300 ) ) ;
#2629 = CARTESIAN_POINT ( 'NONE',  ( -5.903328352512585500, -6.648756244990194900, 0.3649999999999999400 ) ) ;
#2630 = CARTESIAN_POINT ( 'NONE',  ( -5.897231605264380500, -6.651404822577043200, 0.3450000000000000800 ) ) ;
#2631 = CARTESIAN_POINT ( 'NONE',  ( -5.897231605264380500, -6.651404822577043200, 0.3649999999999999900 ) ) ;
#2632 = CARTESIAN_POINT ( 'NONE',  ( -5.841393231842159800, -6.736010622821874300, 0.3450000000000000800 ) ) ;
#2633 = CARTESIAN_POINT ( 'NONE',  ( -5.841393231842159800, -6.736010622821874300, 0.3649999999999999900 ) ) ;
#2634 = CARTESIAN_POINT ( 'NONE',  ( -5.841366968492398100, -6.738231280839450200, 0.3450000000000000300 ) ) ;
#2635 = CARTESIAN_POINT ( 'NONE',  ( -5.841366968492398100, -6.738231280839450200, 0.3649999999999999400 ) ) ;
#2636 = CARTESIAN_POINT ( 'NONE',  ( -5.851321028980433600, -6.694935512944440800, 0.3450000000000000800 ) ) ;
#2637 = CARTESIAN_POINT ( 'NONE',  ( -5.851321028980433600, -6.694935512944440800, 0.3649999999999999900 ) ) ;
#2638 = CARTESIAN_POINT ( 'NONE',  ( -5.848650562943457300, -6.700640335241558000, 0.3450000000000000800 ) ) ;
#2639 = CARTESIAN_POINT ( 'NONE',  ( -5.848650562943457300, -6.700640335241558000, 0.3649999999999999900 ) ) ;
#2640 = CARTESIAN_POINT ( 'NONE',  ( -5.846385916310852700, -6.706496967531514900, 0.3449999999999999200 ) ) ;
#2641 = CARTESIAN_POINT ( 'NONE',  ( -5.846385916310852700, -6.706496967531514900, 0.3649999999999998800 ) ) ;
#2642 = CARTESIAN_POINT ( 'NONE',  ( -5.844549299101975000, -6.712527228101362400, 0.3450000000000000800 ) ) ;
#2643 = CARTESIAN_POINT ( 'NONE',  ( -5.844549299101975000, -6.712527228101362400, 0.3649999999999999900 ) ) ;
#2644 = B_SPLINE_SURFACE_WITH_KNOTS ( 'NONE', 3, 1, ( 
 ( #2635, #2634 ),
 ( #2633, #2632 ),
 ( #2654, #2653 ),
 ( #2652, #2651 ),
 ( #2650, #2649 ),
 ( #2643, #2642 ),
 ( #2641, #2640 ),
 ( #2639, #2638 ),
 ( #2637, #2636 ),
 ( #2623, #2622 ),
 ( #2621, #2620 ),
 ( #2619, #2618 ),
 ( #2617, #2616 ),
 ( #2615, #2614 ),
 ( #2613, #2612 ),
 ( #2611, #2610 ),
 ( #2609, #2608 ),
 ( #2607, #2606 ),
 ( #2631, #2630 ),
 ( #2629, #2628 ),
 ( #2627, #2626 ),
 ( #2625, #2624 ),
 ( #2593, #2592 ),
 ( #2719, #2717 ),
 ( #2705, #2710 ),
 ( #2688, #2704 ),
 ( #2659, #2675 ) ),
 .UNSPECIFIED., .F., .F., .F.,
 ( 4, 1, 1, 1, 1, 1, 1, 1, 1, 1, 1, 1, 1, 1, 1, 1, 1, 1, 1, 1, 1, 1, 1, 1, 4 ),
 ( 2, 2 ),
 ( 0.0000000000000000000, 0.04291508210105047400, 0.08512997058470073200, 0.1264733185549956600, 0.1674530378853879600, 0.2079763328949849300, 0.2482493780637571600, 0.2887499869834436200, 0.3296698569108736900, 0.3705372867119713900, 0.4111285639171187200, 0.4518189126736348900, 0.4924058769342623000, 0.5334858617420245000, 0.5752630624415527900, 0.6174406128021874300, 0.6606716882923632200, 0.7039402042434881300, 0.7468675221598701800, 0.7890793003947211800, 0.8311040424574016600, 0.8732379898547728600, 0.9151657696593291600, 0.9573806581429794600, 1.000000000000000000 ),
 ( 0.0000000000000000000, 1.000000000000000000 ),
 .UNSPECIFIED. ) ;
#2645 = PRODUCT ( '1550-PF', '1550-PF', '', ( #2646 ) ) ;
#2646 = PRODUCT_CONTEXT ( 'NONE', #2648, 'mechanical' ) ;
#2647 = APPLICATION_PROTOCOL_DEFINITION ( 'draft international standard', 'automotive_design', 1998, #2648 ) ;
#2648 = APPLICATION_CONTEXT ( 'automotive_design' ) ;
#2649 = CARTESIAN_POINT ( 'NONE',  ( -5.843124359885099900, -6.718725453297532000, 0.3450000000000000300 ) ) ;
#2650 = CARTESIAN_POINT ( 'NONE',  ( -5.843124359885099900, -6.718725453297532000, 0.3649999999999999400 ) ) ;
#2651 = CARTESIAN_POINT ( 'NONE',  ( -5.842135611110887100, -6.725093223096415300, 0.3450000000000001400 ) ) ;
#2652 = CARTESIAN_POINT ( 'NONE',  ( -5.842135611110887100, -6.725093223096415300, 0.3650000000000000500 ) ) ;
#2653 = CARTESIAN_POINT ( 'NONE',  ( -5.841445330034289000, -6.731605538584356700, 0.3450000000000000300 ) ) ;
#2654 = CARTESIAN_POINT ( 'NONE',  ( -5.841445330034289000, -6.731605538584356700, 0.3649999999999999400 ) ) ;
#2655 = CARTESIAN_POINT ( 'NONE',  ( 0.0000000000000000000, 0.0000000000000000000, 0.0000000000000000000 ) ) ;
#2656 = DIRECTION ( 'NONE',  ( 0.0000000000000000000, 0.0000000000000000000, 1.000000000000000000 ) ) ;
#2657 = PRODUCT_DEFINITION ( 'UNKNOWN', '', #2709, #2658 ) ;
#2658 = PRODUCT_DEFINITION_CONTEXT ( 'detailed design', #2660, 'design' ) ;
#2659 = CARTESIAN_POINT ( 'NONE',  ( -5.941719198727441600, -6.641413872986886300, 0.3649999999999999400 ) ) ;
#2660 = APPLICATION_CONTEXT ( 'automotive_design' ) ;
#2661 = ADVANCED_BREP_SHAPE_REPRESENTATION ( '1550-PF', ( #3212, #2723 ), #2662 ) ;
#2662 =( GEOMETRIC_REPRESENTATION_CONTEXT ( 3 ) GLOBAL_UNCERTAINTY_ASSIGNED_CONTEXT ( ( #2701 ) ) GLOBAL_UNIT_ASSIGNED_CONTEXT ( ( #2697, #2703, #2702 ) ) REPRESENTATION_CONTEXT ( 'NONE', 'WORKASPACE' ) );
#2663 = CARTESIAN_POINT ( 'NONE',  ( -5.941719198727441600, -6.641413872986886300, 0.3449999999999999200 ) ) ;
#2664 = CARTESIAN_POINT ( 'NONE',  ( -5.941719198727441600, -6.641413872986886300, 0.3449999999999999200 ) ) ;
#2665 = CARTESIAN_POINT ( 'NONE',  ( -5.939513867225253200, -6.641440463933125000, 0.3449999999999999200 ) ) ;
#2666 = CARTESIAN_POINT ( 'NONE',  ( -5.935124132600497800, -6.641493393480129900, 0.3449999999999999200 ) ) ;
#2667 = CARTESIAN_POINT ( 'NONE',  ( -5.928596925193759600, -6.642187335413629200, 0.3449999999999998600 ) ) ;
#2668 = CARTESIAN_POINT ( 'NONE',  ( -5.922140722114498600, -6.643184410106844200, 0.3449999999999999200 ) ) ;
#2669 = CARTESIAN_POINT ( 'NONE',  ( -5.915764455675873300, -6.644586126366282200, 0.3450000000000000300 ) ) ;
#2670 = DIRECTION ( 'NONE',  ( 0.0000000000000000000, 0.0000000000000000000, -1.000000000000000000 ) ) ;
#2671 = DIRECTION ( 'NONE',  ( 1.000000000000000000, 0.0000000000000000000, 0.0000000000000000000 ) ) ;
#2672 = CARTESIAN_POINT ( 'NONE',  ( -5.444732353107782300, -6.623785667858681100, 0.3649999999999999400 ) ) ;
#2673 = AXIS2_PLACEMENT_3D ( 'NONE', #2672, #2671, #2670 ) ;
#2674 = PLANE ( 'NONE',  #2673 ) ;
#2675 = CARTESIAN_POINT ( 'NONE',  ( -5.941719198727441600, -6.641413872986886300, 0.3450000000000000300 ) ) ;
#2676 = FACE_OUTER_BOUND ( 'NONE', #4903, .T. ) ;
#2677 = DIRECTION ( 'NONE',  ( -1.000000000000000000, 0.0000000000000000000, 0.0000000000000000000 ) ) ;
#2678 = VECTOR ( 'NONE', #2677, 39.37007874015748100 ) ;
#2679 = CARTESIAN_POINT ( 'NONE',  ( -5.444732353107782300, -6.647289941362954500, 0.3649999999999999400 ) ) ;
#2680 = CARTESIAN_POINT ( 'NONE',  ( -5.909511210225552700, -6.646505689554113700, 0.3449999999999999200 ) ) ;
#2681 = CARTESIAN_POINT ( 'NONE',  ( -5.903328352512585500, -6.648756244990194900, 0.3449999999999999200 ) ) ;
#2682 = CARTESIAN_POINT ( 'NONE',  ( -5.897231605264380500, -6.651404822577043200, 0.3450000000000000300 ) ) ;
#2683 = CARTESIAN_POINT ( 'NONE',  ( -5.891290036865269600, -6.654496230671359300, 0.3449999999999999200 ) ) ;
#2684 = CARTESIAN_POINT ( 'NONE',  ( -5.885532896450013300, -6.657843737696636800, 0.3449999999999998600 ) ) ;
#2685 = CARTESIAN_POINT ( 'NONE',  ( -5.880095512787059800, -6.661554487798889900, 0.3449999999999998600 ) ) ;
#2686 = CARTESIAN_POINT ( 'NONE',  ( -5.874950112579499600, -6.665477986175275800, 0.3450000000000000300 ) ) ;
#2687 = CARTESIAN_POINT ( 'NONE',  ( -5.870159161754378900, -6.669708919423407600, 0.3449999999999999200 ) ) ;
#2688 = CARTESIAN_POINT ( 'NONE',  ( -5.939513867225253200, -6.641440463933125000, 0.3649999999999999400 ) ) ;
#2689 = CARTESIAN_POINT ( 'NONE',  ( -5.865744362506690700, -6.674248691057198500, 0.3449999999999998600 ) ) ;
#2690 = CARTESIAN_POINT ( 'NONE',  ( -5.861595440902212000, -6.679000477690634900, 0.3450000000000000800 ) ) ;
#2691 = CARTESIAN_POINT ( 'NONE',  ( -5.857830936875901200, -6.684081588034557000, 0.3449999999999998600 ) ) ;
#2692 = CARTESIAN_POINT ( 'NONE',  ( -5.854385853195899400, -6.689396600640881400, 0.3449999999999999200 ) ) ;
#2693 = CARTESIAN_POINT ( 'NONE',  ( -5.851321028980433600, -6.694935512944440800, 0.3450000000000000300 ) ) ;
#2694 = CARTESIAN_POINT ( 'NONE',  ( -5.848650562943457300, -6.700640335241558000, 0.3450000000000000300 ) ) ;
#2695 = CARTESIAN_POINT ( 'NONE',  ( -5.846385916310852700, -6.706496967531514900, 0.3449999999999998600 ) ) ;
#2696 = CARTESIAN_POINT ( 'NONE',  ( -5.844549299101975000, -6.712527228101362400, 0.3450000000000000300 ) ) ;
#2697 =( CONVERSION_BASED_UNIT ( 'INCH', #2698 ) LENGTH_UNIT ( ) NAMED_UNIT ( #2699 ) );
#2698 = LENGTH_MEASURE_WITH_UNIT ( LENGTH_MEASURE( 0.02539999999999999900 ), #2700 );
#2699 = DIMENSIONAL_EXPONENTS ( 1.000000000000000000, 0.0000000000000000000, 0.0000000000000000000, 0.0000000000000000000, 0.0000000000000000000, 0.0000000000000000000, 0.0000000000000000000 ) ;
#2700 =( LENGTH_UNIT ( ) NAMED_UNIT ( * ) SI_UNIT ( $, .METRE. ) );
#2701 = UNCERTAINTY_MEASURE_WITH_UNIT (LENGTH_MEASURE( 1.000000000000000100E-005 ), #2697, 'distance_accuracy_value', 'NONE');
#2702 =( NAMED_UNIT ( * ) SI_UNIT ( $, .STERADIAN. ) SOLID_ANGLE_UNIT ( ) );
#2703 =( NAMED_UNIT ( * ) PLANE_ANGLE_UNIT ( ) SI_UNIT ( $, .RADIAN. ) );
#2704 = CARTESIAN_POINT ( 'NONE',  ( -5.939513867225253200, -6.641440463933125000, 0.3450000000000000300 ) ) ;
#2705 = CARTESIAN_POINT ( 'NONE',  ( -5.935124132600497800, -6.641493393480129900, 0.3649999999999999400 ) ) ;
#2706 = SHAPE_DEFINITION_REPRESENTATION ( #2707, #2661 ) ;
#2707 = PRODUCT_DEFINITION_SHAPE ( 'NONE', 'NONE',  #2657 ) ;
#2708 = PRODUCT_RELATED_PRODUCT_CATEGORY ( 'part', '', ( #2645 ) ) ;
#2709 = PRODUCT_DEFINITION_FORMATION_WITH_SPECIFIED_SOURCE ( 'ANY', '', #2645, .NOT_KNOWN. ) ;
#2710 = CARTESIAN_POINT ( 'NONE',  ( -5.935124132600497800, -6.641493393480129900, 0.3450000000000000300 ) ) ;
#2711 = CARTESIAN_POINT ( 'NONE',  ( -5.843124359885099900, -6.718725453297532000, 0.3449999999999999200 ) ) ;
#2712 = CARTESIAN_POINT ( 'NONE',  ( -5.842135611110887100, -6.725093223096415300, 0.3450000000000000800 ) ) ;
#2713 = CARTESIAN_POINT ( 'NONE',  ( -5.841445330034289000, -6.731605538584356700, 0.3449999999999999200 ) ) ;
#2714 = CARTESIAN_POINT ( 'NONE',  ( -5.841393231842159800, -6.736010622821874300, 0.3450000000000000300 ) ) ;
#2715 = B_SPLINE_CURVE_WITH_KNOTS ( 'NONE', 3,
 ( #2720, #2714, #2713, #2712, #2711, #2696, #2695, #2694, #2693, #2692, #2691, #2690, #2689, #2687, #2686, #2685, #2684, #2683, #2682, #2681, #2680, #2669, #2668, #2667, #2666, #2665, #2664 ),
 .UNSPECIFIED., .F., .F.,
 ( 4, 1, 1, 1, 1, 1, 1, 1, 1, 1, 1, 1, 1, 1, 1, 1, 1, 1, 1, 1, 1, 1, 1, 1, 4 ),
 ( 0.0000000000000000000, 0.04291508210105047400, 0.08512997058470073200, 0.1264733185549956600, 0.1674530378853879600, 0.2079763328949849300, 0.2482493780637571600, 0.2887499869834436200, 0.3296698569108736900, 0.3705372867119713900, 0.4111285639171187200, 0.4518189126736348900, 0.4924058769342623000, 0.5334858617420245000, 0.5752630624415527900, 0.6174406128021874300, 0.6606716882923632200, 0.7039402042434881300, 0.7468675221598701800, 0.7890793003947211800, 0.8311040424574016600, 0.8732379898547728600, 0.9151657696593291600, 0.9573806581429794600, 1.000000000000000000 ),
 .UNSPECIFIED. ) ;
#2716 = CARTESIAN_POINT ( 'NONE',  ( -5.841366968492398100, -6.738231280839450200, 0.3449999999999998100 ) ) ;
#2717 = CARTESIAN_POINT ( 'NONE',  ( -5.928596925193759600, -6.642187335413629200, 0.3449999999999999200 ) ) ;
#2718 = LINE ( 'NONE', #2679, #2678 ) ;
#2719 = CARTESIAN_POINT ( 'NONE',  ( -5.928596925193759600, -6.642187335413629200, 0.3649999999999998800 ) ) ;
#2720 = CARTESIAN_POINT ( 'NONE',  ( -5.841366968492398100, -6.738231280839450200, 0.3449999999999998100 ) ) ;
#2721 = APPLICATION_PROTOCOL_DEFINITION ( 'draft international standard', 'automotive_design', 1998, #2660 ) ;
#2722 = DIRECTION ( 'NONE',  ( 1.000000000000000000, 0.0000000000000000000, 0.0000000000000000000 ) ) ;
#2723 = AXIS2_PLACEMENT_3D ( 'NONE', #2655, #2656, #2722 ) ;
#2724 = VECTOR ( 'NONE', #2726, 39.37007874015748100 ) ;
#2725 = CARTESIAN_POINT ( 'NONE',  ( -6.605026323460347000, -6.617909599482613800, 0.3649999999999999400 ) ) ;
#2726 = DIRECTION ( 'NONE',  ( 0.0000000000000000000, 0.0000000000000000000, -1.000000000000000000 ) ) ;
#2727 = VERTEX_POINT ( 'NONE', #5021 ) ;
#2728 = ORIENTED_EDGE ( 'NONE', *, *, #3008, .T. ) ;
#2729 = VERTEX_POINT ( 'NONE', #5020 ) ;
#2730 = EDGE_CURVE ( 'NONE', #2763, #2807, #5055, .T. ) ;
#2731 = EDGE_CURVE ( 'NONE', #3013, #2804, #5050, .T. ) ;
#2732 = VERTEX_POINT ( 'NONE', #5046 ) ;
#2733 = ORIENTED_EDGE ( 'NONE', *, *, #2941, .T. ) ;
#2734 = EDGE_LOOP ( 'NONE', ( #2735, #3001, #2740, #2805 ) ) ;
#2735 = ORIENTED_EDGE ( 'NONE', *, *, #2760, .T. ) ;
#2736 = EDGE_CURVE ( 'NONE', #2727, #2772, #5004, .T. ) ;
#2737 = VERTEX_POINT ( 'NONE', #4999 ) ;
#2738 = ORIENTED_EDGE ( 'NONE', *, *, #2739, .F. ) ;
#2739 = EDGE_CURVE ( 'NONE', #2777, #2737, #4998, .T. ) ;
#2740 = ORIENTED_EDGE ( 'NONE', *, *, #2731, .T. ) ;
#2741 = EDGE_CURVE ( 'NONE', #2744, #2745, #5045, .T. ) ;
#2742 = EDGE_CURVE ( 'NONE', #2743, #2744, #5040, .T. ) ;
#2743 = VERTEX_POINT ( 'NONE', #5041 ) ;
#2744 = VERTEX_POINT ( 'NONE', #5231 ) ;
#2745 = VERTEX_POINT ( 'NONE', #5230 ) ;
#2746 = ORIENTED_EDGE ( 'NONE', *, *, #2747, .T. ) ;
#2747 = EDGE_CURVE ( 'NONE', #2745, #2748, #5229, .T. ) ;
#2748 = VERTEX_POINT ( 'NONE', #5224 ) ;
#2749 = ORIENTED_EDGE ( 'NONE', *, *, #2779, .F. ) ;
#2750 = VERTEX_POINT ( 'NONE', #5223 ) ;
#2751 = ORIENTED_EDGE ( 'NONE', *, *, #2752, .T. ) ;
#2752 = EDGE_CURVE ( 'NONE', #2750, #2753, #5093, .T. ) ;
#2753 = VERTEX_POINT ( 'NONE', #5088 ) ;
#2754 = ORIENTED_EDGE ( 'NONE', *, *, #2755, .F. ) ;
#2755 = EDGE_CURVE ( 'NONE', #2789, #2753, #5087, .T. ) ;
#2756 = ADVANCED_FACE ( 'NONE', ( #5083 ), #5082, .F. ) ;
#2757 = VERTEX_POINT ( 'NONE', #5074 ) ;
#2758 = ORIENTED_EDGE ( 'NONE', *, *, #2759, .F. ) ;
#2759 = EDGE_CURVE ( 'NONE', #3000, #3045, #5069, .T. ) ;
#2760 = EDGE_CURVE ( 'NONE', #2761, #2762, #5064, .T. ) ;
#2761 = VERTEX_POINT ( 'NONE', #5288 ) ;
#2762 = VERTEX_POINT ( 'NONE', #5241 ) ;
#2763 = VERTEX_POINT ( 'NONE', #5313 ) ;
#2764 = ADVANCED_FACE ( 'NONE', ( #5383 ), #5242, .F. ) ;
#2765 = ORIENTED_EDGE ( 'NONE', *, *, #2766, .T. ) ;
#2766 = EDGE_CURVE ( 'NONE', #2841, #3045, #5289, .T. ) ;
#2767 = EDGE_LOOP ( 'NONE', ( #2938, #2733, #2969, #2999 ) ) ;
#2768 = ORIENTED_EDGE ( 'NONE', *, *, #2769, .T. ) ;
#2769 = EDGE_CURVE ( 'NONE', #2797, #2770, #5290, .T. ) ;
#2770 = VERTEX_POINT ( 'NONE', #5357 ) ;
#2771 = ORIENTED_EDGE ( 'NONE', *, *, #2736, .T. ) ;
#2772 = VERTEX_POINT ( 'NONE', #5356 ) ;
#2773 = EDGE_CURVE ( 'NONE', #2807, #2727, #5355, .T. ) ;
#2774 = ADVANCED_FACE ( 'NONE', ( #5409 ), #5407, .F. ) ;
#2775 = ORIENTED_EDGE ( 'NONE', *, *, #2776, .T. ) ;
#2776 = EDGE_CURVE ( 'NONE', #2777, #2778, #5366, .T. ) ;
#2777 = VERTEX_POINT ( 'NONE', #5362 ) ;
#2778 = VERTEX_POINT ( 'NONE', #5361 ) ;
#2779 = EDGE_CURVE ( 'NONE', #2743, #2748, #5239, .T. ) ;
#2780 = ORIENTED_EDGE ( 'NONE', *, *, #2742, .T. ) ;
#2781 = ORIENTED_EDGE ( 'NONE', *, *, #2741, .T. ) ;
#2782 = ADVANCED_FACE ( 'NONE', ( #5235 ), #5298, .F. ) ;
#2783 = EDGE_LOOP ( 'NONE', ( #2780, #2781, #2746, #2749 ) ) ;
#2784 = EDGE_CURVE ( 'NONE', #2790, #2750, #5266, .T. ) ;
#2785 = ADVANCED_FACE ( 'NONE', ( #5262 ), #5260, .F. ) ;
#2786 = EDGE_LOOP ( 'NONE', ( #2787, #2791, #2751, #2754 ) ) ;
#2787 = ORIENTED_EDGE ( 'NONE', *, *, #2788, .T. ) ;
#2788 = EDGE_CURVE ( 'NONE', #2789, #2790, #5309, .T. ) ;
#2789 = VERTEX_POINT ( 'NONE', #5304 ) ;
#2790 = VERTEX_POINT ( 'NONE', #5303 ) ;
#2791 = ORIENTED_EDGE ( 'NONE', *, *, #2784, .T. ) ;
#2792 = ADVANCED_FACE ( 'NONE', ( #5302 ), #5300, .F. ) ;
#2793 = EDGE_LOOP ( 'NONE', ( #2794, #2768, #2728, #2931 ) ) ;
#2794 = ORIENTED_EDGE ( 'NONE', *, *, #2795, .T. ) ;
#2795 = EDGE_CURVE ( 'NONE', #2796, #2797, #5419, .T. ) ;
#2796 = VERTEX_POINT ( 'NONE', #5414 ) ;
#2797 = VERTEX_POINT ( 'NONE', #5413 ) ;
#2798 = ORIENTED_EDGE ( 'NONE', *, *, #2773, .T. ) ;
#2799 = ORIENTED_EDGE ( 'NONE', *, *, #2800, .T. ) ;
#2800 = EDGE_CURVE ( 'NONE', #2778, #2801, #5382, .T. ) ;
#2801 = VERTEX_POINT ( 'NONE', #5378 ) ;
#2802 = ORIENTED_EDGE ( 'NONE', *, *, #2803, .T. ) ;
#2803 = EDGE_CURVE ( 'NONE', #2801, #2737, #5377, .T. ) ;
#2804 = VERTEX_POINT ( 'NONE', #5334 ) ;
#2805 = ORIENTED_EDGE ( 'NONE', *, *, #2806, .F. ) ;
#2806 = EDGE_CURVE ( 'NONE', #2761, #2804, #5333, .T. ) ;
#2807 = VERTEX_POINT ( 'NONE', #5329 ) ;
#2808 = EDGE_CURVE ( 'NONE', #2763, #2772, #5328, .T. ) ;
#2809 = VERTEX_POINT ( 'NONE', #5324 ) ;
#2810 = VERTEX_POINT ( 'NONE', #5323 ) ;
#2811 = ORIENTED_EDGE ( 'NONE', *, *, #2812, .F. ) ;
#2812 = EDGE_CURVE ( 'NONE', #2819, #2810, #5322, .T. ) ;
#2813 = ORIENTED_EDGE ( 'NONE', *, *, #2814, .T. ) ;
#2814 = EDGE_CURVE ( 'NONE', #2818, #2817, #5318, .T. ) ;
#2815 = ORIENTED_EDGE ( 'NONE', *, *, #2816, .T. ) ;
#2816 = EDGE_CURVE ( 'NONE', #2817, #2810, #5314, .T. ) ;
#2817 = VERTEX_POINT ( 'NONE', #5402 ) ;
#2818 = VERTEX_POINT ( 'NONE', #5401 ) ;
#2819 = VERTEX_POINT ( 'NONE', #5400 ) ;
#2820 = EDGE_CURVE ( 'NONE', #2819, #2818, #5399, .T. ) ;
#2821 = EDGE_LOOP ( 'NONE', ( #2962, #2930, #3007, #2936 ) ) ;
#2822 = EDGE_LOOP ( 'NONE', ( #2972, #2798, #2771, #2940 ) ) ;
#2823 = EDGE_CURVE ( 'NONE', #2945, #2998, #5394, .T. ) ;
#2824 = VERTEX_POINT ( 'NONE', #5389 ) ;
#2825 = EDGE_CURVE ( 'NONE', #3002, #2998, #5388, .T. ) ;
#2826 = VERTEX_POINT ( 'NONE', #5431 ) ;
#2827 = ORIENTED_EDGE ( 'NONE', *, *, #2853, .T. ) ;
#2828 = ORIENTED_EDGE ( 'NONE', *, *, #2829, .T. ) ;
#2829 = EDGE_CURVE ( 'NONE', #2979, #2830, #5430, .T. ) ;
#2830 = VERTEX_POINT ( 'NONE', #5426 ) ;
#2831 = ORIENTED_EDGE ( 'NONE', *, *, #2920, .T. ) ;
#2832 = VERTEX_POINT ( 'NONE', #5425 ) ;
#2833 = ORIENTED_EDGE ( 'NONE', *, *, #2922, .T. ) ;
#2834 = VERTEX_POINT ( 'NONE', #5424 ) ;
#2835 = VERTEX_POINT ( 'NONE', #5423 ) ;
#2836 = VERTEX_POINT ( 'NONE', #5422 ) ;
#2837 = EDGE_CURVE ( 'NONE', #2918, #2899, #5376, .T. ) ;
#2838 = ORIENTED_EDGE ( 'NONE', *, *, #2861, .T. ) ;
#2839 = ORIENTED_EDGE ( 'NONE', *, *, #2980, .T. ) ;
#2840 = EDGE_CURVE ( 'NONE', #2919, #2836, #5372, .T. ) ;
#2841 = VERTEX_POINT ( 'NONE', #5368 ) ;
#2842 = VERTEX_POINT ( 'NONE', #5367 ) ;
#2843 = VERTEX_POINT ( 'NONE', #5276 ) ;
#2844 = ORIENTED_EDGE ( 'NONE', *, *, #2932, .T. ) ;
#2845 = EDGE_CURVE ( 'NONE', #2796, #2915, #5275, .T. ) ;
#2846 = ORIENTED_EDGE ( 'NONE', *, *, #3003, .T. ) ;
#2847 = EDGE_CURVE ( 'NONE', #2860, #2848, #5271, .T. ) ;
#2848 = VERTEX_POINT ( 'NONE', #5267 ) ;
#2849 = ORIENTED_EDGE ( 'NONE', *, *, #2850, .T. ) ;
#2850 = EDGE_CURVE ( 'NONE', #2863, #2826, #5259, .T. ) ;
#2851 = ORIENTED_EDGE ( 'NONE', *, *, #2852, .T. ) ;
#2852 = EDGE_CURVE ( 'NONE', #2981, #2835, #5255, .T. ) ;
#2853 = EDGE_CURVE ( 'NONE', #2848, #2854, #5251, .T. ) ;
#2854 = VERTEX_POINT ( 'NONE', #5247 ) ;
#2855 = VERTEX_POINT ( 'NONE', #5246 ) ;
#2856 = ORIENTED_EDGE ( 'NONE', *, *, #2857, .T. ) ;
#2857 = EDGE_CURVE ( 'NONE', #2834, #2994, #5245, .T. ) ;
#2858 = ORIENTED_EDGE ( 'NONE', *, *, #2927, .T. ) ;
#2859 = EDGE_CURVE ( 'NONE', #2973, #2860, #5283, .T. ) ;
#2860 = VERTEX_POINT ( 'NONE', #5279 ) ;
#2861 = EDGE_CURVE ( 'NONE', #2836, #2834, #5278, .T. ) ;
#2862 = EDGE_CURVE ( 'NONE', #2854, #2863, #5351, .T. ) ;
#2863 = VERTEX_POINT ( 'NONE', #5347 ) ;
#2864 = ORIENTED_EDGE ( 'NONE', *, *, #2862, .T. ) ;
#2865 = ADVANCED_FACE ( 'NONE', ( #5346, #5344, #5343, #5342, #5341, #5340, #5339, #5065, #5059, #5058, #5451, #5452, #5550, #5503, #5491, #5588, #5433, #5432, #5455, #5454, #5590, #5589, #5505, #5504, #5489, #5488, #5577 ), #5490, .T. ) ;
#2866 = ORIENTED_EDGE ( 'NONE', *, *, #2840, .T. ) ;
#2867 = ORIENTED_EDGE ( 'NONE', *, *, #2996, .T. ) ;
#2868 = VERTEX_POINT ( 'NONE', #5579 ) ;
#2869 = ADVANCED_FACE ( 'NONE', ( #5578 ), #5541, .F. ) ;
#2870 = EDGE_LOOP ( 'NONE', ( #2871, #2897, #2900, #2833 ) ) ;
#2871 = ORIENTED_EDGE ( 'NONE', *, *, #2902, .F. ) ;
#2872 = VERTEX_POINT ( 'NONE', #5552 ) ;
#2873 = EDGE_CURVE ( 'NONE', #2824, #2874, #5551, .T. ) ;
#2874 = VERTEX_POINT ( 'NONE', #5507 ) ;
#2875 = VERTEX_POINT ( 'NONE', #5519 ) ;
#2876 = ORIENTED_EDGE ( 'NONE', *, *, #3044, .T. ) ;
#2877 = VERTEX_POINT ( 'NONE', #5518 ) ;
#2878 = EDGE_CURVE ( 'NONE', #3074, #3276, #5605, .T. ) ;
#2879 = ORIENTED_EDGE ( 'NONE', *, *, #3072, .T. ) ;
#2880 = ORIENTED_EDGE ( 'NONE', *, *, #2878, .T. ) ;
#2881 = ORIENTED_EDGE ( 'NONE', *, *, #2882, .T. ) ;
#2882 = EDGE_CURVE ( 'NONE', #3032, #2883, #5587, .T. ) ;
#2883 = VERTEX_POINT ( 'NONE', #5586 ) ;
#2884 = ORIENTED_EDGE ( 'NONE', *, *, #2885, .T. ) ;
#2885 = EDGE_CURVE ( 'NONE', #2883, #2992, #5448, .T. ) ;
#2886 = EDGE_LOOP ( 'NONE', ( #3033, #3037, #3123, #3153, #3204, #3263, #3278, #3041 ) ) ;
#2887 = ORIENTED_EDGE ( 'NONE', *, *, #3017, .T. ) ;
#2888 = ORIENTED_EDGE ( 'NONE', *, *, #2889, .T. ) ;
#2889 = EDGE_CURVE ( 'NONE', #3226, #3028, #5459, .T. ) ;
#2890 = EDGE_LOOP ( 'NONE', ( #3009, #2905, #2891, #2894 ) ) ;
#2891 = ORIENTED_EDGE ( 'NONE', *, *, #2892, .T. ) ;
#2892 = EDGE_CURVE ( 'NONE', #2907, #2893, #5460, .T. ) ;
#2893 = VERTEX_POINT ( 'NONE', #5520 ) ;
#2894 = ORIENTED_EDGE ( 'NONE', *, *, #2895, .F. ) ;
#2895 = EDGE_CURVE ( 'NONE', #2842, #2893, #5599, .T. ) ;
#2896 = EDGE_LOOP ( 'NONE', ( #3005, #2950, #2954, #2948 ) ) ;
#2897 = ORIENTED_EDGE ( 'NONE', *, *, #2898, .T. ) ;
#2898 = EDGE_CURVE ( 'NONE', #2903, #2899, #5595, .T. ) ;
#2899 = VERTEX_POINT ( 'NONE', #5591 ) ;
#2900 = ORIENTED_EDGE ( 'NONE', *, *, #2837, .F. ) ;
#2901 = EDGE_CURVE ( 'NONE', #2959, #3006, #5604, .T. ) ;
#2902 = EDGE_CURVE ( 'NONE', #2903, #2904, #5600, .T. ) ;
#2903 = VERTEX_POINT ( 'NONE', #5481 ) ;
#2904 = VERTEX_POINT ( 'NONE', #5480 ) ;
#2905 = ORIENTED_EDGE ( 'NONE', *, *, #2906, .T. ) ;
#2906 = EDGE_CURVE ( 'NONE', #2843, #2907, #5479, .T. ) ;
#2907 = VERTEX_POINT ( 'NONE', #5619 ) ;
#2908 = ORIENTED_EDGE ( 'NONE', *, *, #2967, .T. ) ;
#2909 = EDGE_CURVE ( 'NONE', #2875, #2966, #5618, .T. ) ;
#2910 = VERTEX_POINT ( 'NONE', #5614 ) ;
#2911 = ORIENTED_EDGE ( 'NONE', *, *, #2946, .T. ) ;
#2912 = EDGE_CURVE ( 'NONE', #2913, #2914, #5613, .T. ) ;
#2913 = VERTEX_POINT ( 'NONE', #5608 ) ;
#2914 = VERTEX_POINT ( 'NONE', #5607 ) ;
#2915 = VERTEX_POINT ( 'NONE', #5606 ) ;
#2916 = ORIENTED_EDGE ( 'NONE', *, *, #2917, .T. ) ;
#2917 = EDGE_CURVE ( 'NONE', #2757, #2841, #5570, .T. ) ;
#2918 = VERTEX_POINT ( 'NONE', #5566 ) ;
#2919 = VERTEX_POINT ( 'NONE', #5565 ) ;
#2920 = EDGE_CURVE ( 'NONE', #2830, #2832, #5564, .T. ) ;
#2921 = ORIENTED_EDGE ( 'NONE', *, *, #2982, .T. ) ;
#2922 = EDGE_CURVE ( 'NONE', #2918, #2904, #5560, .T. ) ;
#2923 = ORIENTED_EDGE ( 'NONE', *, *, #2924, .T. ) ;
#2924 = EDGE_CURVE ( 'NONE', #2855, #2919, #5556, .T. ) ;
#2925 = EDGE_LOOP ( 'NONE', ( #2997, #2986, #2827, #2864, #2849, #2974, #2977, #2828, #2831, #2921 ) ) ;
#2926 = VERTEX_POINT ( 'NONE', #5475 ) ;
#2927 = EDGE_CURVE ( 'NONE', #2994, #2926, #5474, .T. ) ;
#2928 = EDGE_LOOP ( 'NONE', ( #2929, #2846, #2911, #3047 ) ) ;
#2929 = ORIENTED_EDGE ( 'NONE', *, *, #2873, .T. ) ;
#2930 = ORIENTED_EDGE ( 'NONE', *, *, #2901, .T. ) ;
#2931 = ORIENTED_EDGE ( 'NONE', *, *, #2845, .F. ) ;
#2932 = EDGE_CURVE ( 'NONE', #2875, #2933, #5470, .T. ) ;
#2933 = VERTEX_POINT ( 'NONE', #5539 ) ;
#2934 = EDGE_CURVE ( 'NONE', #3006, #2935, #5538, .T. ) ;
#2935 = VERTEX_POINT ( 'NONE', #5533 ) ;
#2936 = ORIENTED_EDGE ( 'NONE', *, *, #2956, .F. ) ;
#2937 = EDGE_CURVE ( 'NONE', #2762, #3013, #5795, .T. ) ;
#2938 = ORIENTED_EDGE ( 'NONE', *, *, #2939, .T. ) ;
#2939 = EDGE_CURVE ( 'NONE', #3002, #2732, #5808, .T. ) ;
#2940 = ORIENTED_EDGE ( 'NONE', *, *, #2808, .F. ) ;
#2941 = EDGE_CURVE ( 'NONE', #2732, #2945, #5671, .T. ) ;
#2942 = ORIENTED_EDGE ( 'NONE', *, *, #2909, .F. ) ;
#2943 = EDGE_LOOP ( 'NONE', ( #2844, #2908, #2970, #2942 ) ) ;
#2944 = EDGE_LOOP ( 'NONE', ( #3011, #2916, #2765, #2758 ) ) ;
#2945 = VERTEX_POINT ( 'NONE', #5680 ) ;
#2946 = EDGE_CURVE ( 'NONE', #2910, #2868, #5629, .T. ) ;
#2947 = VERTEX_POINT ( 'NONE', #5807 ) ;
#2948 = ORIENTED_EDGE ( 'NONE', *, *, #2949, .F. ) ;
#2949 = EDGE_CURVE ( 'NONE', #2913, #2947, #5720, .T. ) ;
#2950 = ORIENTED_EDGE ( 'NONE', *, *, #2951, .T. ) ;
#2951 = EDGE_CURVE ( 'NONE', #2914, #2952, #5683, .T. ) ;
#2952 = VERTEX_POINT ( 'NONE', #5684 ) ;
#2953 = ADVANCED_FACE ( 'NONE', ( #5749 ), #5748, .F. ) ;
#2954 = ORIENTED_EDGE ( 'NONE', *, *, #2955, .T. ) ;
#2955 = EDGE_CURVE ( 'NONE', #2952, #2947, #5722, .T. ) ;
#2956 = EDGE_CURVE ( 'NONE', #2958, #2935, #5723, .T. ) ;
#2957 = ADVANCED_FACE ( 'NONE', ( #5826 ), #5825, .F. ) ;
#2958 = VERTEX_POINT ( 'NONE', #5824 ) ;
#2959 = VERTEX_POINT ( 'NONE', #5751 ) ;
#2960 = EDGE_CURVE ( 'NONE', #2824, #2868, #5750, .T. ) ;
#2961 = ADVANCED_FACE ( 'NONE', ( #5791 ), #5790, .F. ) ;
#2962 = ORIENTED_EDGE ( 'NONE', *, *, #2963, .T. ) ;
#2963 = EDGE_CURVE ( 'NONE', #2958, #2959, #5651, .T. ) ;
#2964 = ADVANCED_FACE ( 'NONE', ( #5652 ), #5674, .F. ) ;
#2965 = ADVANCED_FACE ( 'NONE', ( #5675 ), #5648, .F. ) ;
#2966 = VERTEX_POINT ( 'NONE', #5647 ) ;
#2967 = EDGE_CURVE ( 'NONE', #2933, #2872, #5710, .T. ) ;
#2968 = EDGE_LOOP ( 'NONE', ( #2775, #2799, #2802, #2738 ) ) ;
#2969 = ORIENTED_EDGE ( 'NONE', *, *, #2823, .T. ) ;
#2970 = ORIENTED_EDGE ( 'NONE', *, *, #2971, .T. ) ;
#2971 = EDGE_CURVE ( 'NONE', #2872, #2966, #5706, .T. ) ;
#2972 = ORIENTED_EDGE ( 'NONE', *, *, #2730, .T. ) ;
#2973 = VERTEX_POINT ( 'NONE', #5802 ) ;
#2974 = ORIENTED_EDGE ( 'NONE', *, *, #2975, .T. ) ;
#2975 = EDGE_CURVE ( 'NONE', #2826, #2976, #5801, .T. ) ;
#2976 = VERTEX_POINT ( 'NONE', #5797 ) ;
#2977 = ORIENTED_EDGE ( 'NONE', *, *, #2978, .T. ) ;
#2978 = EDGE_CURVE ( 'NONE', #2976, #2979, #5670, .T. ) ;
#2979 = VERTEX_POINT ( 'NONE', #5666 ) ;
#2980 = EDGE_CURVE ( 'NONE', #2926, #2981, #5665, .T. ) ;
#2981 = VERTEX_POINT ( 'NONE', #5759 ) ;
#2982 = EDGE_CURVE ( 'NONE', #2832, #2973, #5758, .T. ) ;
#2983 = EDGE_LOOP ( 'NONE', ( #2984, #3018, #2880, #3016 ) ) ;
#2984 = ORIENTED_EDGE ( 'NONE', *, *, #2985, .T. ) ;
#2985 = EDGE_CURVE ( 'NONE', #3225, #3195, #5754, .T. ) ;
#2986 = ORIENTED_EDGE ( 'NONE', *, *, #2847, .T. ) ;
#2987 = ORIENTED_EDGE ( 'NONE', *, *, #2988, .T. ) ;
#2988 = EDGE_CURVE ( 'NONE', #2877, #3015, #5630, .T. ) ;
#2989 = EDGE_LOOP ( 'NONE', ( #2990, #3030, #2881, #2884 ) ) ;
#2990 = ORIENTED_EDGE ( 'NONE', *, *, #2991, .T. ) ;
#2991 = EDGE_CURVE ( 'NONE', #2992, #2993, #5713, .T. ) ;
#2992 = VERTEX_POINT ( 'NONE', #5712 ) ;
#2993 = VERTEX_POINT ( 'NONE', #5821 ) ;
#2994 = VERTEX_POINT ( 'NONE', #5820 ) ;
#2995 = EDGE_LOOP ( 'NONE', ( #2866, #2838, #2856, #2858, #2839, #2851, #2867, #2923 ) ) ;
#2996 = EDGE_CURVE ( 'NONE', #2835, #2855, #5819, .T. ) ;
#2997 = ORIENTED_EDGE ( 'NONE', *, *, #2859, .T. ) ;
#2998 = VERTEX_POINT ( 'NONE', #5815 ) ;
#2999 = ORIENTED_EDGE ( 'NONE', *, *, #2825, .F. ) ;
#3000 = VERTEX_POINT ( 'NONE', #5774 ) ;
#3001 = ORIENTED_EDGE ( 'NONE', *, *, #2937, .T. ) ;
#3002 = VERTEX_POINT ( 'NONE', #5773 ) ;
#3003 = EDGE_CURVE ( 'NONE', #2874, #2910, #5772, .T. ) ;
#3004 = ADVANCED_FACE ( 'NONE', ( #5768 ), #5767, .F. ) ;
#3005 = ORIENTED_EDGE ( 'NONE', *, *, #2912, .T. ) ;
#3006 = VERTEX_POINT ( 'NONE', #5766 ) ;
#3007 = ORIENTED_EDGE ( 'NONE', *, *, #2934, .T. ) ;
#3008 = EDGE_CURVE ( 'NONE', #2770, #2915, #5788, .T. ) ;
#3009 = ORIENTED_EDGE ( 'NONE', *, *, #3010, .T. ) ;
#3010 = EDGE_CURVE ( 'NONE', #2842, #2843, #5783, .T. ) ;
#3011 = ORIENTED_EDGE ( 'NONE', *, *, #3012, .T. ) ;
#3012 = EDGE_CURVE ( 'NONE', #3000, #2757, #5962, .T. ) ;
#3013 = VERTEX_POINT ( 'NONE', #6013 ) ;
#3014 = EDGE_LOOP ( 'NONE', ( #2887, #2879, #3194, #2888, #3024, #3022, #3019, #3302, #2876, #2987 ) ) ;
#3015 = VERTEX_POINT ( 'NONE', #5935 ) ;
#3016 = ORIENTED_EDGE ( 'NONE', *, *, #3277, .T. ) ;
#3017 = EDGE_CURVE ( 'NONE', #3015, #3073, #5961, .T. ) ;
#3018 = ORIENTED_EDGE ( 'NONE', *, *, #3227, .T. ) ;
#3019 = ORIENTED_EDGE ( 'NONE', *, *, #3020, .T. ) ;
#3020 = EDGE_CURVE ( 'NONE', #3027, #3021, #5985, .T. ) ;
#3021 = VERTEX_POINT ( 'NONE', #6007 ) ;
#3022 = ORIENTED_EDGE ( 'NONE', *, *, #3023, .T. ) ;
#3023 = EDGE_CURVE ( 'NONE', #3026, #3027, #5938, .T. ) ;
#3024 = ORIENTED_EDGE ( 'NONE', *, *, #3025, .T. ) ;
#3025 = EDGE_CURVE ( 'NONE', #3028, #3026, #6011, .T. ) ;
#3026 = VERTEX_POINT ( 'NONE', #5972 ) ;
#3027 = VERTEX_POINT ( 'NONE', #5884 ) ;
#3028 = VERTEX_POINT ( 'NONE', #5883 ) ;
#3029 = EDGE_CURVE ( 'NONE', #3193, #3226, #5837, .T. ) ;
#3030 = ORIENTED_EDGE ( 'NONE', *, *, #3031, .T. ) ;
#3031 = EDGE_CURVE ( 'NONE', #2993, #3032, #6009, .T. ) ;
#3032 = VERTEX_POINT ( 'NONE', #6010 ) ;
#3033 = ORIENTED_EDGE ( 'NONE', *, *, #3034, .T. ) ;
#3034 = EDGE_CURVE ( 'NONE', #3035, #3036, #5989, .T. ) ;
#3035 = VERTEX_POINT ( 'NONE', #6024 ) ;
#3036 = VERTEX_POINT ( 'NONE', #6023 ) ;
#3037 = ORIENTED_EDGE ( 'NONE', *, *, #3038, .T. ) ;
#3038 = EDGE_CURVE ( 'NONE', #3036, #3039, #6022, .T. ) ;
#3039 = VERTEX_POINT ( 'NONE', #5919 ) ;
#3040 = EDGE_CURVE ( 'NONE', #3075, #3279, #5918, .T. ) ;
#3041 = ORIENTED_EDGE ( 'NONE', *, *, #3042, .T. ) ;
#3042 = EDGE_CURVE ( 'NONE', #3279, #3035, #6005, .T. ) ;
#3043 = EDGE_LOOP ( 'NONE', ( #3300, #3309, #3308, #3103, #3252, #3294, #3099, #3305 ) ) ;
#3044 = EDGE_CURVE ( 'NONE', #3247, #2877, #6021, .T. ) ;
#3045 = VERTEX_POINT ( 'NONE', #6017 ) ;
#3046 = ADVANCED_FACE ( 'NONE', ( #6016 ), #6015, .F. ) ;
#3047 = ORIENTED_EDGE ( 'NONE', *, *, #2960, .F. ) ;
#3048 = ORIENTED_EDGE ( 'NONE', *, *, #3049, .T. ) ;
#3049 = EDGE_CURVE ( 'NONE', #3268, #3050, #5996, .T. ) ;
#3050 = VERTEX_POINT ( 'NONE', #5845 ) ;
#3051 = ORIENTED_EDGE ( 'NONE', *, *, #3052, .T. ) ;
#3052 = EDGE_CURVE ( 'NONE', #3266, #3268, #5844, .T. ) ;
#3053 = EDGE_CURVE ( 'NONE', #3258, #3260, #5840, .T. ) ;
#3054 = VERTEX_POINT ( 'NONE', #5872 ) ;
#3055 = EDGE_CURVE ( 'NONE', #3139, #3141, #5871, .T. ) ;
#3056 = ORIENTED_EDGE ( 'NONE', *, *, #3057, .T. ) ;
#3057 = EDGE_CURVE ( 'NONE', #3141, #3286, #5867, .T. ) ;
#3058 = ORIENTED_EDGE ( 'NONE', *, *, #3053, .F. ) ;
#3059 = ORIENTED_EDGE ( 'NONE', *, *, #3060, .T. ) ;
#3060 = EDGE_CURVE ( 'NONE', #3190, #3061, #5866, .T. ) ;
#3061 = VERTEX_POINT ( 'NONE', #5969 ) ;
#3062 = ORIENTED_EDGE ( 'NONE', *, *, #3063, .T. ) ;
#3063 = EDGE_CURVE ( 'NONE', #3061, #3064, #5968, .T. ) ;
#3064 = VERTEX_POINT ( 'NONE', #5964 ) ;
#3065 = ORIENTED_EDGE ( 'NONE', *, *, #3180, .T. ) ;
#3066 = EDGE_CURVE ( 'NONE', #3470, #3466, #5950, .T. ) ;
#3067 = ORIENTED_EDGE ( 'NONE', *, *, #3068, .T. ) ;
#3068 = EDGE_CURVE ( 'NONE', #3466, #3069, #5947, .T. ) ;
#3069 = VERTEX_POINT ( 'NONE', #5948 ) ;
#3070 = EDGE_LOOP ( 'NONE', ( #3177, #3188, #3059, #3062, #3065, #3182, #3403, #3354, #3462, #3463, #3357, #3529, #3404, #3387 ) ) ;
#3071 = ORIENTED_EDGE ( 'NONE', *, *, #3133, .T. ) ;
#3072 = EDGE_CURVE ( 'NONE', #3073, #3193, #5946, .T. ) ;
#3073 = VERTEX_POINT ( 'NONE', #5887 ) ;
#3074 = VERTEX_POINT ( 'NONE', #5886 ) ;
#3075 = VERTEX_POINT ( 'NONE', #5885 ) ;
#3076 = EDGE_LOOP ( 'NONE', ( #3077, #3079 ) ) ;
#3077 = ORIENTED_EDGE ( 'NONE', *, *, #3078, .F. ) ;
#3078 = EDGE_CURVE ( 'NONE', #2810, #2817, #5933, .T. ) ;
#3079 = ORIENTED_EDGE ( 'NONE', *, *, #2816, .F. ) ;
#3080 = EDGE_LOOP ( 'NONE', ( #3081, #3385 ) ) ;
#3081 = ORIENTED_EDGE ( 'NONE', *, *, #3082, .F. ) ;
#3082 = EDGE_CURVE ( 'NONE', #3199, #3197, #5927, .T. ) ;
#3083 = EDGE_CURVE ( 'NONE', #3307, #3098, #5928, .T. ) ;
#3084 = EDGE_LOOP ( 'NONE', ( #3085, #3218 ) ) ;
#3085 = ORIENTED_EDGE ( 'NONE', *, *, #3086, .F. ) ;
#3086 = EDGE_CURVE ( 'NONE', #2966, #2872, #5853, .T. ) ;
#3087 = EDGE_LOOP ( 'NONE', ( #3219, #3239 ) ) ;
#3088 = ORIENTED_EDGE ( 'NONE', *, *, #3142, .T. ) ;
#3089 = EDGE_LOOP ( 'NONE', ( #3143, #3515, #3137, #3140, #3056, #3287, #3469, #3284, #3471, #3400, #3534, #3382, #3067, #3175 ) ) ;
#3090 = EDGE_CURVE ( 'NONE', #3102, #3091, #5981, .T. ) ;
#3091 = VERTEX_POINT ( 'NONE', #5977 ) ;
#3092 = VERTEX_POINT ( 'NONE', #5976 ) ;
#3093 = EDGE_CURVE ( 'NONE', #3102, #3092, #6120, .T. ) ;
#3094 = ORIENTED_EDGE ( 'NONE', *, *, #3095, .F. ) ;
#3095 = EDGE_CURVE ( 'NONE', #2998, #2945, #6031, .T. ) ;
#3096 = ORIENTED_EDGE ( 'NONE', *, *, #2823, .F. ) ;
#3097 = EDGE_LOOP ( 'NONE', ( #3221, #3223 ) ) ;
#3098 = VERTEX_POINT ( 'NONE', #6115 ) ;
#3099 = ORIENTED_EDGE ( 'NONE', *, *, #3100, .F. ) ;
#3100 = EDGE_CURVE ( 'NONE', #3296, #3113, #6137, .T. ) ;
#3101 = EDGE_CURVE ( 'NONE', #3307, #3092, #6100, .T. ) ;
#3102 = VERTEX_POINT ( 'NONE', #6072 ) ;
#3103 = ORIENTED_EDGE ( 'NONE', *, *, #3090, .T. ) ;
#3104 = ORIENTED_EDGE ( 'NONE', *, *, #2731, .F. ) ;
#3105 = EDGE_LOOP ( 'NONE', ( #3106, #3108 ) ) ;
#3106 = ORIENTED_EDGE ( 'NONE', *, *, #3107, .F. ) ;
#3107 = EDGE_CURVE ( 'NONE', #2772, #2727, #6074, .T. ) ;
#3108 = ORIENTED_EDGE ( 'NONE', *, *, #2736, .F. ) ;
#3109 = EDGE_LOOP ( 'NONE', ( #3110, #3249 ) ) ;
#3110 = ORIENTED_EDGE ( 'NONE', *, *, #3248, .F. ) ;
#3111 = EDGE_CURVE ( 'NONE', #3112, #3091, #6156, .T. ) ;
#3112 = VERTEX_POINT ( 'NONE', #6027 ) ;
#3113 = VERTEX_POINT ( 'NONE', #6111 ) ;
#3114 = EDGE_CURVE ( 'NONE', #2753, #2750, #6062, .T. ) ;
#3115 = ORIENTED_EDGE ( 'NONE', *, *, #2752, .F. ) ;
#3116 = EDGE_LOOP ( 'NONE', ( #3117, #3152, #3259, #3228 ) ) ;
#3117 = ORIENTED_EDGE ( 'NONE', *, *, #3118, .T. ) ;
#3118 = EDGE_CURVE ( 'NONE', #3119, #3151, #6140, .T. ) ;
#3119 = VERTEX_POINT ( 'NONE', #6051 ) ;
#3120 = ADVANCED_FACE ( 'NONE', ( #6050 ), #6049, .F. ) ;
#3121 = VERTEX_POINT ( 'NONE', #6142 ) ;
#3122 = ORIENTED_EDGE ( 'NONE', *, *, #3205, .T. ) ;
#3123 = ORIENTED_EDGE ( 'NONE', *, *, #3124, .T. ) ;
#3124 = EDGE_CURVE ( 'NONE', #3039, #3265, #6119, .T. ) ;
#3125 = EDGE_CURVE ( 'NONE', #3021, #3247, #6087, .T. ) ;
#3126 = ADVANCED_FACE ( 'NONE', ( #6083 ), #6081, .F. ) ;
#3127 = EDGE_LOOP ( 'NONE', ( #3128, #2813, #2815, #2811 ) ) ;
#3128 = ORIENTED_EDGE ( 'NONE', *, *, #2820, .T. ) ;
#3129 = EDGE_CURVE ( 'NONE', #3130, #3131, #6042, .T. ) ;
#3130 = VERTEX_POINT ( 'NONE', #6113 ) ;
#3131 = VERTEX_POINT ( 'NONE', #6112 ) ;
#3132 = ORIENTED_EDGE ( 'NONE', *, *, #3196, .T. ) ;
#3133 = EDGE_CURVE ( 'NONE', #3282, #3191, #6080, .T. ) ;
#3134 = EDGE_LOOP ( 'NONE', ( #3184, #3058 ) ) ;
#3135 = EDGE_CURVE ( 'NONE', #3392, #3136, #6076, .T. ) ;
#3136 = VERTEX_POINT ( 'NONE', #6134 ) ;
#3137 = ORIENTED_EDGE ( 'NONE', *, *, #3138, .T. ) ;
#3138 = EDGE_CURVE ( 'NONE', #3136, #3139, #6133, .T. ) ;
#3139 = VERTEX_POINT ( 'NONE', #6045 ) ;
#3140 = ORIENTED_EDGE ( 'NONE', *, *, #3055, .T. ) ;
#3141 = VERTEX_POINT ( 'NONE', #6044 ) ;
#3142 = EDGE_CURVE ( 'NONE', #3146, #3054, #6099, .T. ) ;
#3143 = ORIENTED_EDGE ( 'NONE', *, *, #3352, .T. ) ;
#3144 = EDGE_CURVE ( 'NONE', #3280, #3145, #6095, .T. ) ;
#3145 = VERTEX_POINT ( 'NONE', #6037 ) ;
#3146 = VERTEX_POINT ( 'NONE', #6036 ) ;
#3147 = EDGE_CURVE ( 'NONE', #3163, #3148, #6035, .T. ) ;
#3148 = VERTEX_POINT ( 'NONE', #6151 ) ;
#3149 = ORIENTED_EDGE ( 'NONE', *, *, #3269, .T. ) ;
#3150 = VERTEX_POINT ( 'NONE', #6150 ) ;
#3151 = VERTEX_POINT ( 'NONE', #6149 ) ;
#3152 = ORIENTED_EDGE ( 'NONE', *, *, #3257, .T. ) ;
#3153 = ORIENTED_EDGE ( 'NONE', *, *, #3154, .T. ) ;
#3154 = EDGE_CURVE ( 'NONE', #3265, #3237, #6148, .T. ) ;
#3155 = ADVANCED_FACE ( 'NONE', ( #6106 ), #6105, .F. ) ;
#3156 = EDGE_LOOP ( 'NONE', ( #3157, #3201, #3169, #3172 ) ) ;
#3157 = ORIENTED_EDGE ( 'NONE', *, *, #3158, .F. ) ;
#3158 = EDGE_CURVE ( 'NONE', #3159, #3200, #6090, .T. ) ;
#3159 = VERTEX_POINT ( 'NONE', #6091 ) ;
#3160 = VERTEX_POINT ( 'NONE', #6068 ) ;
#3161 = EDGE_LOOP ( 'NONE', ( #3162, #3236, #3149, #3270 ) ) ;
#3162 = ORIENTED_EDGE ( 'NONE', *, *, #3234, .F. ) ;
#3163 = VERTEX_POINT ( 'NONE', #6067 ) ;
#3164 = ORIENTED_EDGE ( 'NONE', *, *, #3165, .F. ) ;
#3165 = EDGE_CURVE ( 'NONE', #3233, #3166, #6130, .T. ) ;
#3166 = VERTEX_POINT ( 'NONE', #6132 ) ;
#3167 = ORIENTED_EDGE ( 'NONE', *, *, #3168, .T. ) ;
#3168 = EDGE_CURVE ( 'NONE', #3233, #3121, #6131, .T. ) ;
#3169 = ORIENTED_EDGE ( 'NONE', *, *, #3170, .T. ) ;
#3170 = EDGE_CURVE ( 'NONE', #3203, #3171, #6165, .T. ) ;
#3171 = VERTEX_POINT ( 'NONE', #6187 ) ;
#3172 = ORIENTED_EDGE ( 'NONE', *, *, #3173, .F. ) ;
#3173 = EDGE_CURVE ( 'NONE', #3200, #3171, #6224, .T. ) ;
#3174 = ORIENTED_EDGE ( 'NONE', *, *, #3477, .T. ) ;
#3175 = ORIENTED_EDGE ( 'NONE', *, *, #3176, .T. ) ;
#3176 = EDGE_CURVE ( 'NONE', #3069, #3524, #6166, .T. ) ;
#3177 = ORIENTED_EDGE ( 'NONE', *, *, #3178, .T. ) ;
#3178 = EDGE_CURVE ( 'NONE', #3179, #3187, #6180, .T. ) ;
#3179 = VERTEX_POINT ( 'NONE', #6225 ) ;
#3180 = EDGE_CURVE ( 'NONE', #3064, #3181, #6176, .T. ) ;
#3181 = VERTEX_POINT ( 'NONE', #6214 ) ;
#3182 = ORIENTED_EDGE ( 'NONE', *, *, #3183, .T. ) ;
#3183 = EDGE_CURVE ( 'NONE', #3181, #3468, #6185, .T. ) ;
#3184 = ORIENTED_EDGE ( 'NONE', *, *, #3467, .F. ) ;
#3185 = ORIENTED_EDGE ( 'NONE', *, *, #3186, .T. ) ;
#3186 = EDGE_CURVE ( 'NONE', #3145, #3146, #6186, .T. ) ;
#3187 = VERTEX_POINT ( 'NONE', #6161 ) ;
#3188 = ORIENTED_EDGE ( 'NONE', *, *, #3189, .T. ) ;
#3189 = EDGE_CURVE ( 'NONE', #3187, #3190, #6193, .T. ) ;
#3190 = VERTEX_POINT ( 'NONE', #6189 ) ;
#3191 = VERTEX_POINT ( 'NONE', #6188 ) ;
#3192 = EDGE_CURVE ( 'NONE', #3266, #3267, #6209, .T. ) ;
#3193 = VERTEX_POINT ( 'NONE', #6211 ) ;
#3194 = ORIENTED_EDGE ( 'NONE', *, *, #3029, .T. ) ;
#3195 = VERTEX_POINT ( 'NONE', #6210 ) ;
#3196 = EDGE_CURVE ( 'NONE', #3131, #3197, #6223, .T. ) ;
#3197 = VERTEX_POINT ( 'NONE', #6219 ) ;
#3198 = ORIENTED_EDGE ( 'NONE', *, *, #3214, .T. ) ;
#3199 = VERTEX_POINT ( 'NONE', #6218 ) ;
#3200 = VERTEX_POINT ( 'NONE', #6217 ) ;
#3201 = ORIENTED_EDGE ( 'NONE', *, *, #3202, .T. ) ;
#3202 = EDGE_CURVE ( 'NONE', #3159, #3203, #6215, .T. ) ;
#3203 = VERTEX_POINT ( 'NONE', #6349 ) ;
#3204 = ORIENTED_EDGE ( 'NONE', *, *, #3256, .T. ) ;
#3205 = EDGE_CURVE ( 'NONE', #3121, #3206, #6339, .T. ) ;
#3206 = VERTEX_POINT ( 'NONE', #6372 ) ;
#3207 = ORIENTED_EDGE ( 'NONE', *, *, #3208, .F. ) ;
#3208 = EDGE_CURVE ( 'NONE', #3166, #3206, #6268, .T. ) ;
#3209 = ADVANCED_FACE ( 'NONE', ( #6234 ), #6378, .F. ) ;
#3210 = ORIENTED_EDGE ( 'NONE', *, *, #3211, .F. ) ;
#3211 = EDGE_CURVE ( 'NONE', #2804, #3013, #6265, .T. ) ;
#3212 = MANIFOLD_SOLID_BREP ( 'NONE', #5107 ) ;
#3213 = EDGE_LOOP ( 'NONE', ( #3275, #3051, #3048, #3261 ) ) ;
#3214 = EDGE_CURVE ( 'NONE', #3197, #3199, #6296, .T. ) ;
#3215 = ORIENTED_EDGE ( 'NONE', *, *, #3216, .F. ) ;
#3216 = EDGE_CURVE ( 'NONE', #3130, #3199, #6291, .T. ) ;
#3217 = ORIENTED_EDGE ( 'NONE', *, *, #2946, .F. ) ;
#3218 = ORIENTED_EDGE ( 'NONE', *, *, #2971, .F. ) ;
#3219 = ORIENTED_EDGE ( 'NONE', *, *, #3220, .F. ) ;
#3220 = EDGE_CURVE ( 'NONE', #2915, #2770, #6253, .T. ) ;
#3221 = ORIENTED_EDGE ( 'NONE', *, *, #3222, .F. ) ;
#3222 = EDGE_CURVE ( 'NONE', #3045, #2841, #6254, .T. ) ;
#3223 = ORIENTED_EDGE ( 'NONE', *, *, #2766, .F. ) ;
#3224 = EDGE_LOOP ( 'NONE', ( #3210, #3104 ) ) ;
#3225 = VERTEX_POINT ( 'NONE', #6341 ) ;
#3226 = VERTEX_POINT ( 'NONE', #6340 ) ;
#3227 = EDGE_CURVE ( 'NONE', #3195, #3074, #6257, .T. ) ;
#3228 = ORIENTED_EDGE ( 'NONE', *, *, #3229, .F. ) ;
#3229 = EDGE_CURVE ( 'NONE', #3119, #3260, #6256, .T. ) ;
#3230 = ADVANCED_FACE ( 'NONE', ( #6362 ), #6361, .F. ) ;
#3231 = ADVANCED_FACE ( 'NONE', ( #6338 ), #6356, .F. ) ;
#3232 = EDGE_LOOP ( 'NONE', ( #3164, #3167, #3122, #3207 ) ) ;
#3233 = VERTEX_POINT ( 'NONE', #6355 ) ;
#3234 = EDGE_CURVE ( 'NONE', #3163, #3235, #6260, .T. ) ;
#3235 = VERTEX_POINT ( 'NONE', #6259 ) ;
#3236 = ORIENTED_EDGE ( 'NONE', *, *, #3147, .T. ) ;
#3237 = VERTEX_POINT ( 'NONE', #6261 ) ;
#3238 = ORIENTED_EDGE ( 'NONE', *, *, #2892, .F. ) ;
#3239 = ORIENTED_EDGE ( 'NONE', *, *, #3008, .F. ) ;
#3240 = EDGE_LOOP ( 'NONE', ( #3241, #3243 ) ) ;
#3241 = ORIENTED_EDGE ( 'NONE', *, *, #3242, .F. ) ;
#3242 = EDGE_CURVE ( 'NONE', #2737, #2801, #6307, .T. ) ;
#3243 = ORIENTED_EDGE ( 'NONE', *, *, #2803, .F. ) ;
#3244 = EDGE_LOOP ( 'NONE', ( #3094, #3096 ) ) ;
#3245 = ORIENTED_EDGE ( 'NONE', *, *, #3246, .F. ) ;
#3246 = EDGE_CURVE ( 'NONE', #2868, #2910, #6302, .T. ) ;
#3247 = VERTEX_POINT ( 'NONE', #6297 ) ;
#3248 = EDGE_CURVE ( 'NONE', #2748, #2745, #6326, .T. ) ;
#3249 = ORIENTED_EDGE ( 'NONE', *, *, #2747, .F. ) ;
#3250 = EDGE_LOOP ( 'NONE', ( #3251, #3115 ) ) ;
#3251 = ORIENTED_EDGE ( 'NONE', *, *, #3114, .F. ) ;
#3252 = ORIENTED_EDGE ( 'NONE', *, *, #3111, .F. ) ;
#3253 = ORIENTED_EDGE ( 'NONE', *, *, #2934, .F. ) ;
#3254 = EDGE_LOOP ( 'NONE', ( #3245, #3217 ) ) ;
#3255 = EDGE_LOOP ( 'NONE', ( #3303, #3253 ) ) ;
#3256 = EDGE_CURVE ( 'NONE', #3237, #3160, #6327, .T. ) ;
#3257 = EDGE_CURVE ( 'NONE', #3151, #3258, #6318, .T. ) ;
#3258 = VERTEX_POINT ( 'NONE', #6275 ) ;
#3259 = ORIENTED_EDGE ( 'NONE', *, *, #3053, .T. ) ;
#3260 = VERTEX_POINT ( 'NONE', #6274 ) ;
#3261 = ORIENTED_EDGE ( 'NONE', *, *, #3262, .F. ) ;
#3262 = EDGE_CURVE ( 'NONE', #3267, #3050, #6273, .T. ) ;
#3263 = ORIENTED_EDGE ( 'NONE', *, *, #3264, .T. ) ;
#3264 = EDGE_CURVE ( 'NONE', #3160, #3075, #6269, .T. ) ;
#3265 = VERTEX_POINT ( 'NONE', #6283 ) ;
#3266 = VERTEX_POINT ( 'NONE', #6282 ) ;
#3267 = VERTEX_POINT ( 'NONE', #6281 ) ;
#3268 = VERTEX_POINT ( 'NONE', #6280 ) ;
#3269 = EDGE_CURVE ( 'NONE', #3148, #3150, #6499, .T. ) ;
#3270 = ORIENTED_EDGE ( 'NONE', *, *, #3271, .F. ) ;
#3271 = EDGE_CURVE ( 'NONE', #3235, #3150, #6439, .T. ) ;
#3272 = ADVANCED_FACE ( 'NONE', ( #6421 ), #6396, .F. ) ;
#3273 = EDGE_LOOP ( 'NONE', ( #3274, #3132, #3198, #3215 ) ) ;
#3274 = ORIENTED_EDGE ( 'NONE', *, *, #3129, .T. ) ;
#3275 = ORIENTED_EDGE ( 'NONE', *, *, #3192, .F. ) ;
#3276 = VERTEX_POINT ( 'NONE', #6379 ) ;
#3277 = EDGE_CURVE ( 'NONE', #3276, #3225, #6500, .T. ) ;
#3278 = ORIENTED_EDGE ( 'NONE', *, *, #3040, .T. ) ;
#3279 = VERTEX_POINT ( 'NONE', #6501 ) ;
#3280 = VERTEX_POINT ( 'NONE', #6535 ) ;
#3281 = EDGE_CURVE ( 'NONE', #3054, #3282, #6530, .T. ) ;
#3282 = VERTEX_POINT ( 'NONE', #6418 ) ;
#3283 = VERTEX_POINT ( 'NONE', #6457 ) ;
#3284 = ORIENTED_EDGE ( 'NONE', *, *, #3533, .T. ) ;
#3285 = VERTEX_POINT ( 'NONE', #6456 ) ;
#3286 = VERTEX_POINT ( 'NONE', #6455 ) ;
#3287 = ORIENTED_EDGE ( 'NONE', *, *, #3288, .T. ) ;
#3288 = EDGE_CURVE ( 'NONE', #3286, #3289, #6490, .T. ) ;
#3289 = VERTEX_POINT ( 'NONE', #6491 ) ;
#3290 = ORIENTED_EDGE ( 'NONE', *, *, #3281, .T. ) ;
#3291 = EDGE_CURVE ( 'NONE', #3191, #3280, #6453, .T. ) ;
#3292 = ORIENTED_EDGE ( 'NONE', *, *, #3144, .T. ) ;
#3293 = ORIENTED_EDGE ( 'NONE', *, *, #3301, .F. ) ;
#3294 = ORIENTED_EDGE ( 'NONE', *, *, #3295, .T. ) ;
#3295 = EDGE_CURVE ( 'NONE', #3112, #3113, #6384, .T. ) ;
#3296 = VERTEX_POINT ( 'NONE', #6449 ) ;
#3297 = EDGE_LOOP ( 'NONE', ( #3298, #3310 ) ) ;
#3298 = ORIENTED_EDGE ( 'NONE', *, *, #3299, .F. ) ;
#3299 = EDGE_CURVE ( 'NONE', #2947, #2952, #6447, .T. ) ;
#3300 = ORIENTED_EDGE ( 'NONE', *, *, #3083, .F. ) ;
#3301 = EDGE_CURVE ( 'NONE', #2893, #2907, #6442, .T. ) ;
#3302 = ORIENTED_EDGE ( 'NONE', *, *, #3125, .T. ) ;
#3303 = ORIENTED_EDGE ( 'NONE', *, *, #3304, .F. ) ;
#3304 = EDGE_CURVE ( 'NONE', #2935, #3006, #6458, .T. ) ;
#3305 = ORIENTED_EDGE ( 'NONE', *, *, #3306, .T. ) ;
#3306 = EDGE_CURVE ( 'NONE', #3296, #3098, #6390, .T. ) ;
#3307 = VERTEX_POINT ( 'NONE', #6427 ) ;
#3308 = ORIENTED_EDGE ( 'NONE', *, *, #3093, .F. ) ;
#3309 = ORIENTED_EDGE ( 'NONE', *, *, #3101, .T. ) ;
#3310 = ORIENTED_EDGE ( 'NONE', *, *, #2955, .F. ) ;
#3311 = EDGE_LOOP ( 'NONE', ( #3293, #3238 ) ) ;
#3312 = ORIENTED_EDGE ( 'NONE', *, *, #3111, .T. ) ;
#3313 = ORIENTED_EDGE ( 'NONE', *, *, #3314, .T. ) ;
#3314 = EDGE_CURVE ( 'NONE', #3091, #3475, #6426, .T. ) ;
#3315 = ADVANCED_FACE ( 'NONE', ( #6422 ), #6481, .F. ) ;
#3316 = ORIENTED_EDGE ( 'NONE', *, *, #3473, .F. ) ;
#3317 = ORIENTED_EDGE ( 'NONE', *, *, #3450, .F. ) ;
#3318 = ORIENTED_EDGE ( 'NONE', *, *, #3451, .T. ) ;
#3319 = ORIENTED_EDGE ( 'NONE', *, *, #3093, .T. ) ;
#3320 = VERTEX_POINT ( 'NONE', #6476 ) ;
#3321 = ORIENTED_EDGE ( 'NONE', *, *, #3449, .F. ) ;
#3322 = VERTEX_POINT ( 'NONE', #6475 ) ;
#3323 = EDGE_CURVE ( 'NONE', #3428, #3506, #6521, .T. ) ;
#3324 = ORIENTED_EDGE ( 'NONE', *, *, #3083, .T. ) ;
#3325 = ORIENTED_EDGE ( 'NONE', *, *, #3503, .T. ) ;
#3326 = VERTEX_POINT ( 'NONE', #6517 ) ;
#3327 = VERTEX_POINT ( 'NONE', #6516 ) ;
#3328 = EDGE_CURVE ( 'NONE', #3351, #3349, #6515, .T. ) ;
#3329 = ORIENTED_EDGE ( 'NONE', *, *, #3049, .F. ) ;
#3330 = ADVANCED_FACE ( 'NONE', ( #6438, #6437, #6436 ), #6435, .T. ) ;
#3331 = EDGE_CURVE ( 'NONE', #2904, #3332, #6473, .T. ) ;
#3332 = VERTEX_POINT ( 'NONE', #6469 ) ;
#3333 = ORIENTED_EDGE ( 'NONE', *, *, #3334, .T. ) ;
#3334 = EDGE_CURVE ( 'NONE', #3332, #3335, #6468, .T. ) ;
#3335 = VERTEX_POINT ( 'NONE', #6464 ) ;
#3336 = EDGE_LOOP ( 'NONE', ( #3337, #3350, #3560, #3338, #3550, #3341, #3436, #3570, #3430, #3433, #3539, #3488 ) ) ;
#3337 = ORIENTED_EDGE ( 'NONE', *, *, #3348, .F. ) ;
#3338 = ORIENTED_EDGE ( 'NONE', *, *, #3339, .T. ) ;
#3339 = EDGE_CURVE ( 'NONE', #3562, #3340, #6407, .T. ) ;
#3340 = VERTEX_POINT ( 'NONE', #6403 ) ;
#3341 = ORIENTED_EDGE ( 'NONE', *, *, #3342, .F. ) ;
#3342 = EDGE_CURVE ( 'NONE', #3343, #3552, #6402, .T. ) ;
#3343 = VERTEX_POINT ( 'NONE', #6398 ) ;
#3344 = ORIENTED_EDGE ( 'NONE', *, *, #3483, .F. ) ;
#3345 = ORIENTED_EDGE ( 'NONE', *, *, #3484, .T. ) ;
#3346 = VERTEX_POINT ( 'NONE', #6397 ) ;
#3347 = EDGE_LOOP ( 'NONE', ( #3344, #3329 ) ) ;
#3348 = EDGE_CURVE ( 'NONE', #3349, #2899, #6489, .T. ) ;
#3349 = VERTEX_POINT ( 'NONE', #6485 ) ;
#3350 = ORIENTED_EDGE ( 'NONE', *, *, #3328, .F. ) ;
#3351 = VERTEX_POINT ( 'NONE', #6484 ) ;
#3352 = EDGE_CURVE ( 'NONE', #3524, #3392, #6482, .T. ) ;
#3353 = ORIENTED_EDGE ( 'NONE', *, *, #3395, .T. ) ;
#3354 = ORIENTED_EDGE ( 'NONE', *, *, #3532, .T. ) ;
#3355 = EDGE_CURVE ( 'NONE', #3520, #3356, #6568, .T. ) ;
#3356 = VERTEX_POINT ( 'NONE', #6616 ) ;
#3357 = ORIENTED_EDGE ( 'NONE', *, *, #3412, .T. ) ;
#3358 = ADVANCED_FACE ( 'NONE', ( #6645 ), #6736, .F. ) ;
#3359 = EDGE_LOOP ( 'NONE', ( #3360, #3366, #3507, #3508 ) ) ;
#3360 = ORIENTED_EDGE ( 'NONE', *, *, #3361, .F. ) ;
#3361 = EDGE_CURVE ( 'NONE', #3362, #3365, #6747, .T. ) ;
#3362 = VERTEX_POINT ( 'NONE', #6617 ) ;
#3363 = VERTEX_POINT ( 'NONE', #6635 ) ;
#3364 = ADVANCED_FACE ( 'NONE', ( #6634 ), #6643, .F. ) ;
#3365 = VERTEX_POINT ( 'NONE', #6644 ) ;
#3366 = ORIENTED_EDGE ( 'NONE', *, *, #3367, .T. ) ;
#3367 = EDGE_CURVE ( 'NONE', #3362, #3296, #6744, .T. ) ;
#3368 = ORIENTED_EDGE ( 'NONE', *, *, #3205, .F. ) ;
#3369 = EDGE_LOOP ( 'NONE', ( #3321, #3453, #3324, #3325 ) ) ;
#3370 = EDGE_CURVE ( 'NONE', #3482, #3320, #6700, .T. ) ;
#3371 = ORIENTED_EDGE ( 'NONE', *, *, #3372, .T. ) ;
#3372 = EDGE_CURVE ( 'NONE', #3482, #3102, #6647, .T. ) ;
#3373 = EDGE_LOOP ( 'NONE', ( #3316, #3476, #3312, #3313 ) ) ;
#3374 = EDGE_CURVE ( 'NONE', #3472, #3662, #6662, .T. ) ;
#3375 = VERTEX_POINT ( 'NONE', #6543 ) ;
#3376 = ORIENTED_EDGE ( 'NONE', *, *, #3377, .T. ) ;
#3377 = EDGE_CURVE ( 'NONE', #3411, #3378, #6670, .T. ) ;
#3378 = VERTEX_POINT ( 'NONE', #6666 ) ;
#3379 = VERTEX_POINT ( 'NONE', #6665 ) ;
#3380 = ORIENTED_EDGE ( 'NONE', *, *, #3381, .T. ) ;
#3381 = EDGE_CURVE ( 'NONE', #3501, #3502, #6591, .T. ) ;
#3382 = ORIENTED_EDGE ( 'NONE', *, *, #3066, .T. ) ;
#3383 = EDGE_LOOP ( 'NONE', ( #3290, #3071, #3416, #3292, #3185, #3088 ) ) ;
#3384 = EDGE_CURVE ( 'NONE', #3289, #3283, #6541, .T. ) ;
#3385 = ORIENTED_EDGE ( 'NONE', *, *, #3214, .F. ) ;
#3386 = EDGE_CURVE ( 'NONE', #3468, #3407, #6620, .T. ) ;
#3387 = ORIENTED_EDGE ( 'NONE', *, *, #3420, .T. ) ;
#3388 = VERTEX_POINT ( 'NONE', #6563 ) ;
#3389 = ORIENTED_EDGE ( 'NONE', *, *, #3517, .T. ) ;
#3390 = EDGE_CURVE ( 'NONE', #3396, #3391, #6641, .T. ) ;
#3391 = VERTEX_POINT ( 'NONE', #6640 ) ;
#3392 = VERTEX_POINT ( 'NONE', #6569 ) ;
#3393 = EDGE_CURVE ( 'NONE', #3379, #3375, #6574, .T. ) ;
#3394 = EDGE_LOOP ( 'NONE', ( #3494, #3496 ) ) ;
#3395 = EDGE_CURVE ( 'NONE', #3399, #3396, #6739, .T. ) ;
#3396 = VERTEX_POINT ( 'NONE', #6740 ) ;
#3397 = ORIENTED_EDGE ( 'NONE', *, *, #3390, .T. ) ;
#3398 = EDGE_CURVE ( 'NONE', #3391, #3388, #6704, .T. ) ;
#3399 = VERTEX_POINT ( 'NONE', #6723 ) ;
#3400 = ORIENTED_EDGE ( 'NONE', *, *, #3401, .T. ) ;
#3401 = EDGE_CURVE ( 'NONE', #3415, #3438, #6686, .T. ) ;
#3402 = ADVANCED_FACE ( 'NONE', ( #6722, #6685, #6684 ), #6683, .F. ) ;
#3403 = ORIENTED_EDGE ( 'NONE', *, *, #3386, .T. ) ;
#3404 = ORIENTED_EDGE ( 'NONE', *, *, #3465, .T. ) ;
#3405 = VERTEX_POINT ( 'NONE', #6728 ) ;
#3406 = VERTEX_POINT ( 'NONE', #6727 ) ;
#3407 = VERTEX_POINT ( 'NONE', #6726 ) ;
#3408 = EDGE_LOOP ( 'NONE', ( #3409, #3376, #3521, #3523 ) ) ;
#3409 = ORIENTED_EDGE ( 'NONE', *, *, #3410, .F. ) ;
#3410 = EDGE_CURVE ( 'NONE', #3411, #3375, #6725, .T. ) ;
#3411 = VERTEX_POINT ( 'NONE', #6657 ) ;
#3412 = EDGE_CURVE ( 'NONE', #3405, #3406, #6655, .T. ) ;
#3413 = ORIENTED_EDGE ( 'NONE', *, *, #3414, .T. ) ;
#3414 = EDGE_CURVE ( 'NONE', #3356, #3498, #6775, .T. ) ;
#3415 = VERTEX_POINT ( 'NONE', #6784 ) ;
#3416 = ORIENTED_EDGE ( 'NONE', *, *, #3291, .T. ) ;
#3417 = EDGE_CURVE ( 'NONE', #3285, #3415, #6891, .T. ) ;
#3418 = EDGE_CURVE ( 'NONE', #3200, #3159, #6848, .T. ) ;
#3419 = ORIENTED_EDGE ( 'NONE', *, *, #3158, .T. ) ;
#3420 = EDGE_CURVE ( 'NONE', #3525, #3179, #6816, .T. ) ;
#3421 = EDGE_CURVE ( 'NONE', #3438, #3470, #6823, .T. ) ;
#3422 = EDGE_LOOP ( 'NONE', ( #3345, #3558, #3548, #3541 ) ) ;
#3423 = ORIENTED_EDGE ( 'NONE', *, *, #3424, .T. ) ;
#3424 = EDGE_CURVE ( 'NONE', #3335, #3425, #6822, .T. ) ;
#3425 = VERTEX_POINT ( 'NONE', #6836 ) ;
#3426 = ORIENTED_EDGE ( 'NONE', *, *, #3427, .T. ) ;
#3427 = EDGE_CURVE ( 'NONE', #3425, #3428, #6834, .T. ) ;
#3428 = VERTEX_POINT ( 'NONE', #6830 ) ;
#3429 = EDGE_CURVE ( 'NONE', #3446, #3685, #6812, .T. ) ;
#3430 = ORIENTED_EDGE ( 'NONE', *, *, #3431, .F. ) ;
#3431 = EDGE_CURVE ( 'NONE', #3432, #3327, #6808, .T. ) ;
#3432 = VERTEX_POINT ( 'NONE', #6846 ) ;
#3433 = ORIENTED_EDGE ( 'NONE', *, *, #3434, .F. ) ;
#3434 = EDGE_CURVE ( 'NONE', #3538, #3432, #6845, .T. ) ;
#3435 = VERTEX_POINT ( 'NONE', #6841 ) ;
#3436 = ORIENTED_EDGE ( 'NONE', *, *, #3437, .T. ) ;
#3437 = EDGE_CURVE ( 'NONE', #3343, #3326, #6896, .T. ) ;
#3438 = VERTEX_POINT ( 'NONE', #6892 ) ;
#3439 = EDGE_LOOP ( 'NONE', ( #3440, #3419 ) ) ;
#3440 = ORIENTED_EDGE ( 'NONE', *, *, #3418, .T. ) ;
#3441 = EDGE_CURVE ( 'NONE', #3461, #3460, #6829, .T. ) ;
#3442 = EDGE_CURVE ( 'NONE', #3502, #3399, #6825, .T. ) ;
#3443 = EDGE_LOOP ( 'NONE', ( #3444, #3448, #3702, #3759 ) ) ;
#3444 = ORIENTED_EDGE ( 'NONE', *, *, #3445, .F. ) ;
#3445 = EDGE_CURVE ( 'NONE', #3446, #3447, #6888, .T. ) ;
#3446 = VERTEX_POINT ( 'NONE', #6850 ) ;
#3447 = VERTEX_POINT ( 'NONE', #6849 ) ;
#3448 = ORIENTED_EDGE ( 'NONE', *, *, #3429, .T. ) ;
#3449 = EDGE_CURVE ( 'NONE', #3322, #3452, #6762, .T. ) ;
#3450 = EDGE_CURVE ( 'NONE', #3206, #3121, #6757, .T. ) ;
#3451 = EDGE_CURVE ( 'NONE', #3662, #3547, #6758, .T. ) ;
#3452 = VERTEX_POINT ( 'NONE', #6749 ) ;
#3453 = ORIENTED_EDGE ( 'NONE', *, *, #3454, .T. ) ;
#3454 = EDGE_CURVE ( 'NONE', #3322, #3307, #6774, .T. ) ;
#3455 = EDGE_CURVE ( 'NONE', #3474, #3112, #6770, .T. ) ;
#3456 = ADVANCED_FACE ( 'NONE', ( #6766, #6765, #6764 ), #6763, .T. ) ;
#3457 = ORIENTED_EDGE ( 'NONE', *, *, #3458, .T. ) ;
#3458 = EDGE_CURVE ( 'NONE', #3459, #3501, #6797, .T. ) ;
#3459 = VERTEX_POINT ( 'NONE', #6789 ) ;
#3460 = VERTEX_POINT ( 'NONE', #6788 ) ;
#3461 = VERTEX_POINT ( 'NONE', #6862 ) ;
#3462 = ORIENTED_EDGE ( 'NONE', *, *, #3441, .T. ) ;
#3463 = ORIENTED_EDGE ( 'NONE', *, *, #3464, .T. ) ;
#3464 = EDGE_CURVE ( 'NONE', #3460, #3405, #6861, .T. ) ;
#3465 = EDGE_CURVE ( 'NONE', #3531, #3525, #6985, .T. ) ;
#3466 = VERTEX_POINT ( 'NONE', #7007 ) ;
#3467 = EDGE_CURVE ( 'NONE', #3260, #3258, #6986, .T. ) ;
#3468 = VERTEX_POINT ( 'NONE', #6957 ) ;
#3469 = ORIENTED_EDGE ( 'NONE', *, *, #3384, .T. ) ;
#3470 = VERTEX_POINT ( 'NONE', #6913 ) ;
#3471 = ORIENTED_EDGE ( 'NONE', *, *, #3417, .T. ) ;
#3472 = VERTEX_POINT ( 'NONE', #6908 ) ;
#3473 = EDGE_CURVE ( 'NONE', #3474, #3475, #7010, .T. ) ;
#3474 = VERTEX_POINT ( 'NONE', #6968 ) ;
#3475 = VERTEX_POINT ( 'NONE', #6967 ) ;
#3476 = ORIENTED_EDGE ( 'NONE', *, *, #3455, .T. ) ;
#3477 = EDGE_CURVE ( 'NONE', #3363, #3472, #6948, .T. ) ;
#3478 = ORIENTED_EDGE ( 'NONE', *, *, #3374, .T. ) ;
#3479 = ORIENTED_EDGE ( 'NONE', *, *, #3480, .T. ) ;
#3480 = EDGE_CURVE ( 'NONE', #3092, #3320, #6999, .T. ) ;
#3481 = ORIENTED_EDGE ( 'NONE', *, *, #3370, .F. ) ;
#3482 = VERTEX_POINT ( 'NONE', #7070 ) ;
#3483 = EDGE_CURVE ( 'NONE', #3050, #3268, #6911, .T. ) ;
#3484 = EDGE_CURVE ( 'NONE', #3435, #3485, #6912, .T. ) ;
#3485 = VERTEX_POINT ( 'NONE', #7055 ) ;
#3486 = VERTEX_POINT ( 'NONE', #7054 ) ;
#3487 = VERTEX_POINT ( 'NONE', #7060 ) ;
#3488 = ORIENTED_EDGE ( 'NONE', *, *, #2837, .T. ) ;
#3489 = EDGE_LOOP ( 'NONE', ( #3490, #3492 ) ) ;
#3490 = ORIENTED_EDGE ( 'NONE', *, *, #3491, .T. ) ;
#3491 = EDGE_CURVE ( 'NONE', #3235, #3163, #7020, .T. ) ;
#3492 = ORIENTED_EDGE ( 'NONE', *, *, #3234, .T. ) ;
#3493 = EDGE_LOOP ( 'NONE', ( #3559, #3553 ) ) ;
#3494 = ORIENTED_EDGE ( 'NONE', *, *, #3495, .T. ) ;
#3495 = EDGE_CURVE ( 'NONE', #3267, #3266, #6944, .T. ) ;
#3496 = ORIENTED_EDGE ( 'NONE', *, *, #3192, .T. ) ;
#3497 = EDGE_CURVE ( 'NONE', #3498, #3459, #7006, .T. ) ;
#3498 = VERTEX_POINT ( 'NONE', #7002 ) ;
#3499 = ORIENTED_EDGE ( 'NONE', *, *, #3497, .T. ) ;
#3500 = ORIENTED_EDGE ( 'NONE', *, *, #3398, .T. ) ;
#3501 = VERTEX_POINT ( 'NONE', #7001 ) ;
#3502 = VERTEX_POINT ( 'NONE', #7000 ) ;
#3503 = EDGE_CURVE ( 'NONE', #3098, #3452, #7039, .T. ) ;
#3504 = ADVANCED_FACE ( 'NONE', ( #7035 ), #6996, .F. ) ;
#3505 = EDGE_LOOP ( 'NONE', ( #3319, #3479, #3481, #3371 ) ) ;
#3506 = VERTEX_POINT ( 'NONE', #6991 ) ;
#3507 = ORIENTED_EDGE ( 'NONE', *, *, #3100, .T. ) ;
#3508 = ORIENTED_EDGE ( 'NONE', *, *, #3509, .T. ) ;
#3509 = EDGE_CURVE ( 'NONE', #3113, #3365, #7019, .T. ) ;
#3510 = ADVANCED_FACE ( 'NONE', ( #7015 ), #6954, .T. ) ;
#3511 = EDGE_LOOP ( 'NONE', ( #3317, #3368 ) ) ;
#3512 = ORIENTED_EDGE ( 'NONE', *, *, #3323, .T. ) ;
#3513 = EDGE_CURVE ( 'NONE', #3363, #3506, #7014, .T. ) ;
#3514 = ORIENTED_EDGE ( 'NONE', *, *, #3513, .F. ) ;
#3515 = ORIENTED_EDGE ( 'NONE', *, *, #3135, .T. ) ;
#3516 = ORIENTED_EDGE ( 'NONE', *, *, #3442, .T. ) ;
#3517 = EDGE_CURVE ( 'NONE', #3388, #3518, #7044, .T. ) ;
#3518 = VERTEX_POINT ( 'NONE', #7040 ) ;
#3519 = ORIENTED_EDGE ( 'NONE', *, *, #3527, .T. ) ;
#3520 = VERTEX_POINT ( 'NONE', #7053 ) ;
#3521 = ORIENTED_EDGE ( 'NONE', *, *, #3522, .T. ) ;
#3522 = EDGE_CURVE ( 'NONE', #3378, #3379, #7052, .T. ) ;
#3523 = ORIENTED_EDGE ( 'NONE', *, *, #3393, .T. ) ;
#3524 = VERTEX_POINT ( 'NONE', #7048 ) ;
#3525 = VERTEX_POINT ( 'NONE', #7047 ) ;
#3526 = EDGE_LOOP ( 'NONE', ( #3457, #3380, #3516, #3353, #3397, #3500, #3389, #3519, #3528, #3413, #3499 ) ) ;
#3527 = EDGE_CURVE ( 'NONE', #3518, #3520, #7067, .T. ) ;
#3528 = ORIENTED_EDGE ( 'NONE', *, *, #3355, .T. ) ;
#3529 = ORIENTED_EDGE ( 'NONE', *, *, #3530, .T. ) ;
#3530 = EDGE_CURVE ( 'NONE', #3406, #3531, #7063, .T. ) ;
#3531 = VERTEX_POINT ( 'NONE', #7062 ) ;
#3532 = EDGE_CURVE ( 'NONE', #3407, #3461, #6907, .T. ) ;
#3533 = EDGE_CURVE ( 'NONE', #3283, #3285, #6973, .T. ) ;
#3534 = ORIENTED_EDGE ( 'NONE', *, *, #3421, .T. ) ;
#3535 = ADVANCED_FACE ( 'NONE', ( #6613, #6612, #6611 ), #6878, .F. ) ;
#3536 = ORIENTED_EDGE ( 'NONE', *, *, #3537, .F. ) ;
#3537 = EDGE_CURVE ( 'NONE', #3150, #3148, #6980, .T. ) ;
#3538 = VERTEX_POINT ( 'NONE', #7084 ) ;
#3539 = ORIENTED_EDGE ( 'NONE', *, *, #3540, .F. ) ;
#3540 = EDGE_CURVE ( 'NONE', #2918, #3538, #7130, .T. ) ;
#3541 = ORIENTED_EDGE ( 'NONE', *, *, #3542, .T. ) ;
#3542 = EDGE_CURVE ( 'NONE', #3346, #3435, #7137, .T. ) ;
#3543 = ORIENTED_EDGE ( 'NONE', *, *, #3269, .F. ) ;
#3544 = EDGE_LOOP ( 'NONE', ( #3545, #3554, #3556, #3557, #3333, #3423, #3426, #3512, #3514, #3174, #3478, #3318 ) ) ;
#3545 = ORIENTED_EDGE ( 'NONE', *, *, #3546, .T. ) ;
#3546 = EDGE_CURVE ( 'NONE', #3547, #3487, #7091, .T. ) ;
#3547 = VERTEX_POINT ( 'NONE', #7092 ) ;
#3548 = ORIENTED_EDGE ( 'NONE', *, *, #3549, .F. ) ;
#3549 = EDGE_CURVE ( 'NONE', #3346, #3486, #7135, .T. ) ;
#3550 = ORIENTED_EDGE ( 'NONE', *, *, #3551, .T. ) ;
#3551 = EDGE_CURVE ( 'NONE', #3340, #3552, #7115, .T. ) ;
#3552 = VERTEX_POINT ( 'NONE', #7133 ) ;
#3553 = ORIENTED_EDGE ( 'NONE', *, *, #3170, .F. ) ;
#3554 = ORIENTED_EDGE ( 'NONE', *, *, #3555, .T. ) ;
#3555 = EDGE_CURVE ( 'NONE', #3487, #2903, #7088, .T. ) ;
#3556 = ORIENTED_EDGE ( 'NONE', *, *, #2902, .T. ) ;
#3557 = ORIENTED_EDGE ( 'NONE', *, *, #3331, .T. ) ;
#3558 = ORIENTED_EDGE ( 'NONE', *, *, #3564, .T. ) ;
#3559 = ORIENTED_EDGE ( 'NONE', *, *, #3563, .F. ) ;
#3560 = ORIENTED_EDGE ( 'NONE', *, *, #3561, .F. ) ;
#3561 = EDGE_CURVE ( 'NONE', #3562, #3351, #7076, .T. ) ;
#3562 = VERTEX_POINT ( 'NONE', #7129 ) ;
#3563 = EDGE_CURVE ( 'NONE', #3171, #3203, #7127, .T. ) ;
#3564 = EDGE_CURVE ( 'NONE', #3485, #3486, #7128, .T. ) ;
#3565 = EDGE_LOOP ( 'NONE', ( #3566, #3568 ) ) ;
#3566 = ORIENTED_EDGE ( 'NONE', *, *, #3567, .T. ) ;
#3567 = EDGE_CURVE ( 'NONE', #3166, #3233, #7131, .T. ) ;
#3568 = ORIENTED_EDGE ( 'NONE', *, *, #3165, .T. ) ;
#3569 = EDGE_LOOP ( 'NONE', ( #3536, #3543 ) ) ;
#3570 = ORIENTED_EDGE ( 'NONE', *, *, #3571, .T. ) ;
#3571 = EDGE_CURVE ( 'NONE', #3326, #3327, #7080, .T. ) ;
#3572 = VERTEX_POINT ( 'NONE', #7118 ) ;
#3573 = VERTEX_POINT ( 'NONE', #7125 ) ;
#3574 = ORIENTED_EDGE ( 'NONE', *, *, #3672, .T. ) ;
#3575 = ORIENTED_EDGE ( 'NONE', *, *, #3576, .T. ) ;
#3576 = EDGE_CURVE ( 'NONE', #3807, #3596, #7124, .T. ) ;
#3577 = ADVANCED_FACE ( 'NONE', ( #7120 ), #7119, .F. ) ;
#3578 = EDGE_CURVE ( 'NONE', #3425, #3327, #7169, .T. ) ;
#3579 = EDGE_CURVE ( 'NONE', #3801, #3160, #7112, .T. ) ;
#3580 = ADVANCED_FACE ( 'NONE', ( #7108 ), #7106, .T. ) ;
#3581 = EDGE_LOOP ( 'NONE', ( #3582, #3583, #3770, #3771 ) ) ;
#3582 = ORIENTED_EDGE ( 'NONE', *, *, #3124, .F. ) ;
#3583 = ORIENTED_EDGE ( 'NONE', *, *, #3695, .T. ) ;
#3584 = ORIENTED_EDGE ( 'NONE', *, *, #4044, .T. ) ;
#3585 = EDGE_CURVE ( 'NONE', #2744, #2743, #7101, .T. ) ;
#3586 = EDGE_LOOP ( 'NONE', ( #3587, #3592 ) ) ;
#3587 = ORIENTED_EDGE ( 'NONE', *, *, #2730, .F. ) ;
#3588 = ORIENTED_EDGE ( 'NONE', *, *, #3589, .F. ) ;
#3589 = EDGE_CURVE ( 'NONE', #3151, #3119, #7097, .T. ) ;
#3590 = EDGE_LOOP ( 'NONE', ( #3591, #3701 ) ) ;
#3591 = ORIENTED_EDGE ( 'NONE', *, *, #2788, .F. ) ;
#3592 = ORIENTED_EDGE ( 'NONE', *, *, #3593, .F. ) ;
#3593 = EDGE_CURVE ( 'NONE', #2807, #2763, #7155, .T. ) ;
#3594 = ORIENTED_EDGE ( 'NONE', *, *, #3595, .T. ) ;
#3595 = EDGE_CURVE ( 'NONE', #3596, #3597, #7150, .T. ) ;
#3596 = VERTEX_POINT ( 'NONE', #7146 ) ;
#3597 = VERTEX_POINT ( 'NONE', #7145 ) ;
#3598 = ORIENTED_EDGE ( 'NONE', *, *, #3742, .F. ) ;
#3599 = VERTEX_POINT ( 'NONE', #7144 ) ;
#3600 = EDGE_CURVE ( 'NONE', #3685, #3709, #6982, .T. ) ;
#3601 = EDGE_LOOP ( 'NONE', ( #3602, #3603, #3924, #3963, #3960, #3819, #3604, #3605 ) ) ;
#3602 = ORIENTED_EDGE ( 'NONE', *, *, #3370, .T. ) ;
#3603 = ORIENTED_EDGE ( 'NONE', *, *, #3923, .T. ) ;
#3604 = ORIENTED_EDGE ( 'NONE', *, *, #3473, .T. ) ;
#3605 = ORIENTED_EDGE ( 'NONE', *, *, #3606, .T. ) ;
#3606 = EDGE_CURVE ( 'NONE', #3475, #3482, #7247, .T. ) ;
#3607 = ORIENTED_EDGE ( 'NONE', *, *, #2912, .F. ) ;
#3608 = ORIENTED_EDGE ( 'NONE', *, *, #3609, .F. ) ;
#3609 = EDGE_CURVE ( 'NONE', #2914, #2913, #7236, .T. ) ;
#3610 = ADVANCED_FACE ( 'NONE', ( #7245 ), #7243, .F. ) ;
#3611 = EDGE_LOOP ( 'NONE', ( #3612, #3613, #3952, #3841 ) ) ;
#3612 = ORIENTED_EDGE ( 'NONE', *, *, #3618, .F. ) ;
#3613 = ORIENTED_EDGE ( 'NONE', *, *, #3614, .T. ) ;
#3614 = EDGE_CURVE ( 'NONE', #3996, #3627, #7231, .T. ) ;
#3615 = ORIENTED_EDGE ( 'NONE', *, *, #3616, .T. ) ;
#3616 = EDGE_CURVE ( 'NONE', #3506, #3996, #7254, .T. ) ;
#3617 = ORIENTED_EDGE ( 'NONE', *, *, #3618, .T. ) ;
#3618 = EDGE_CURVE ( 'NONE', #3996, #3965, #7173, .T. ) ;
#3619 = ADVANCED_FACE ( 'NONE', ( #7252 ), #7258, .T. ) ;
#3620 = EDGE_LOOP ( 'NONE', ( #3792, #3793, #3641, #3642 ) ) ;
#3621 = ORIENTED_EDGE ( 'NONE', *, *, #3664, .T. ) ;
#3622 = ORIENTED_EDGE ( 'NONE', *, *, #3595, .F. ) ;
#3623 = ORIENTED_EDGE ( 'NONE', *, *, #3624, .T. ) ;
#3624 = EDGE_CURVE ( 'NONE', #3596, #3340, #7249, .T. ) ;
#3625 = ORIENTED_EDGE ( 'NONE', *, *, #3578, .T. ) ;
#3626 = ORIENTED_EDGE ( 'NONE', *, *, #3755, .F. ) ;
#3627 = VERTEX_POINT ( 'NONE', #7248 ) ;
#3628 = ORIENTED_EDGE ( 'NONE', *, *, #3629, .T. ) ;
#3629 = EDGE_CURVE ( 'NONE', #3627, #3428, #7215, .T. ) ;
#3630 = ORIENTED_EDGE ( 'NONE', *, *, #3631, .T. ) ;
#3631 = EDGE_CURVE ( 'NONE', #3447, #3785, #7187, .T. ) ;
#3632 = ORIENTED_EDGE ( 'NONE', *, *, #3742, .T. ) ;
#3633 = ORIENTED_EDGE ( 'NONE', *, *, #3634, .T. ) ;
#3634 = EDGE_CURVE ( 'NONE', #3708, #3599, #7193, .T. ) ;
#3635 = ORIENTED_EDGE ( 'NONE', *, *, #3600, .F. ) ;
#3636 = ORIENTED_EDGE ( 'NONE', *, *, #3342, .T. ) ;
#3637 = ORIENTED_EDGE ( 'NONE', *, *, #3670, .T. ) ;
#3638 = ORIENTED_EDGE ( 'NONE', *, *, #3639, .T. ) ;
#3639 = EDGE_CURVE ( 'NONE', #3685, #3640, #7241, .T. ) ;
#3640 = VERTEX_POINT ( 'NONE', #7237 ) ;
#3641 = ORIENTED_EDGE ( 'NONE', *, *, #3656, .T. ) ;
#3642 = ORIENTED_EDGE ( 'NONE', *, *, #3579, .T. ) ;
#3643 = ORIENTED_EDGE ( 'NONE', *, *, #3644, .T. ) ;
#3644 = EDGE_CURVE ( 'NONE', #3705, #3446, #7244, .T. ) ;
#3645 = ORIENTED_EDGE ( 'NONE', *, *, #3445, .T. ) ;
#3646 = ORIENTED_EDGE ( 'NONE', *, *, #3647, .T. ) ;
#3647 = EDGE_CURVE ( 'NONE', #3640, #3379, #7199, .T. ) ;
#3648 = ORIENTED_EDGE ( 'NONE', *, *, #3522, .F. ) ;
#3649 = ORIENTED_EDGE ( 'NONE', *, *, #3651, .T. ) ;
#3650 = ORIENTED_EDGE ( 'NONE', *, *, #3666, .T. ) ;
#3651 = EDGE_CURVE ( 'NONE', #3378, #3597, #7223, .T. ) ;
#3652 = EDGE_CURVE ( 'NONE', #3375, #3705, #7184, .T. ) ;
#3653 = ADVANCED_FACE ( 'NONE', ( #7180 ), #7178, .T. ) ;
#3654 = EDGE_LOOP ( 'NONE', ( #3635, #3638, #3754, #3757 ) ) ;
#3655 = ORIENTED_EDGE ( 'NONE', *, *, #4227, .F. ) ;
#3656 = EDGE_CURVE ( 'NONE', #3803, #3801, #7387, .T. ) ;
#3657 = ORIENTED_EDGE ( 'NONE', *, *, #3658, .T. ) ;
#3658 = EDGE_CURVE ( 'NONE', #3803, #3573, #7279, .T. ) ;
#3659 = EDGE_LOOP ( 'NONE', ( #3660, #3661, #3791, #3643, #3645, #3630, #3632, #3633 ) ) ;
#3660 = ORIENTED_EDGE ( 'NONE', *, *, #3814, .T. ) ;
#3661 = ORIENTED_EDGE ( 'NONE', *, *, #3790, .T. ) ;
#3662 = VERTEX_POINT ( 'NONE', #7264 ) ;
#3663 = EDGE_LOOP ( 'NONE', ( #3668, #3574, #3674, #3782, #3796, #3799, #3802, #3657 ) ) ;
#3664 = EDGE_CURVE ( 'NONE', #3779, #3485, #7298, .T. ) ;
#3665 = ORIENTED_EDGE ( 'NONE', *, *, #3484, .F. ) ;
#3666 = EDGE_CURVE ( 'NONE', #3435, #3667, #7356, .T. ) ;
#3667 = VERTEX_POINT ( 'NONE', #7357 ) ;
#3668 = ORIENTED_EDGE ( 'NONE', *, *, #3669, .F. ) ;
#3669 = EDGE_CURVE ( 'NONE', #3572, #3573, #7348, .T. ) ;
#3670 = EDGE_CURVE ( 'NONE', #3552, #3708, #7350, .T. ) ;
#3671 = EDGE_LOOP ( 'NONE', ( #3760, #3740, #3813, #3763 ) ) ;
#3672 = EDGE_CURVE ( 'NONE', #3572, #3673, #7302, .T. ) ;
#3673 = VERTEX_POINT ( 'NONE', #7292 ) ;
#3674 = ORIENTED_EDGE ( 'NONE', *, *, #3675, .F. ) ;
#3675 = EDGE_CURVE ( 'NONE', #3676, #3673, #7291, .T. ) ;
#3676 = VERTEX_POINT ( 'NONE', #7280 ) ;
#3677 = VERTEX_POINT ( 'NONE', #7275 ) ;
#3678 = EDGE_CURVE ( 'NONE', #3472, #3677, #7322, .T. ) ;
#3679 = ORIENTED_EDGE ( 'NONE', *, *, #3680, .T. ) ;
#3680 = EDGE_CURVE ( 'NONE', #3326, #3756, #7349, .T. ) ;
#3681 = ORIENTED_EDGE ( 'NONE', *, *, #3682, .F. ) ;
#3682 = EDGE_CURVE ( 'NONE', #3683, #3705, #7386, .T. ) ;
#3683 = VERTEX_POINT ( 'NONE', #7382 ) ;
#3684 = EDGE_CURVE ( 'NONE', #3709, #3447, #7278, .T. ) ;
#3685 = VERTEX_POINT ( 'NONE', #7341 ) ;
#3686 = ORIENTED_EDGE ( 'NONE', *, *, #3410, .T. ) ;
#3687 = ADVANCED_FACE ( 'NONE', ( #7340 ), #7308, .T. ) ;
#3688 = EDGE_LOOP ( 'NONE', ( #3594, #3833, #3711, #3575 ) ) ;
#3689 = ADVANCED_FACE ( 'NONE', ( #7309 ), #7303, .T. ) ;
#3690 = ORIENTED_EDGE ( 'NONE', *, *, #3826, .F. ) ;
#3691 = ORIENTED_EDGE ( 'NONE', *, *, #3692, .F. ) ;
#3692 = EDGE_CURVE ( 'NONE', #2959, #2958, #7330, .T. ) ;
#3693 = EDGE_LOOP ( 'NONE', ( #4028, #4042 ) ) ;
#3694 = EDGE_CURVE ( 'NONE', #4294, #4151, #7331, .T. ) ;
#3695 = EDGE_CURVE ( 'NONE', #3039, #3572, #7339, .T. ) ;
#3696 = ORIENTED_EDGE ( 'NONE', *, *, #3040, .F. ) ;
#3697 = ORIENTED_EDGE ( 'NONE', *, *, #3731, .T. ) ;
#3698 = ORIENTED_EDGE ( 'NONE', *, *, #3699, .T. ) ;
#3699 = EDGE_CURVE ( 'NONE', #3673, #3036, #7335, .T. ) ;
#3700 = ADVANCED_FACE ( 'NONE', ( #7376 ), #7375, .T. ) ;
#3701 = ORIENTED_EDGE ( 'NONE', *, *, #3712, .F. ) ;
#3702 = ORIENTED_EDGE ( 'NONE', *, *, #3600, .T. ) ;
#3703 = ORIENTED_EDGE ( 'NONE', *, *, #3704, .T. ) ;
#3704 = EDGE_CURVE ( 'NONE', #3785, #3343, #7381, .T. ) ;
#3705 = VERTEX_POINT ( 'NONE', #7377 ) ;
#3706 = ORIENTED_EDGE ( 'NONE', *, *, #3707, .T. ) ;
#3707 = EDGE_CURVE ( 'NONE', #3683, #3411, #7316, .T. ) ;
#3708 = VERTEX_POINT ( 'NONE', #7312 ) ;
#3709 = VERTEX_POINT ( 'NONE', #7311 ) ;
#3710 = ADVANCED_FACE ( 'NONE', ( #7310 ), #7289, .T. ) ;
#3711 = ORIENTED_EDGE ( 'NONE', *, *, #3761, .F. ) ;
#3712 = EDGE_CURVE ( 'NONE', #2790, #2789, #7284, .T. ) ;
#3713 = ORIENTED_EDGE ( 'NONE', *, *, #2873, .F. ) ;
#3714 = ORIENTED_EDGE ( 'NONE', *, *, #3715, .F. ) ;
#3715 = EDGE_CURVE ( 'NONE', #2874, #2824, #7259, .T. ) ;
#3716 = EDGE_LOOP ( 'NONE', ( #3717, #3691 ) ) ;
#3717 = ORIENTED_EDGE ( 'NONE', *, *, #2963, .F. ) ;
#3718 = ORIENTED_EDGE ( 'NONE', *, *, #3719, .F. ) ;
#3719 = EDGE_CURVE ( 'NONE', #2757, #3000, #7269, .T. ) ;
#3720 = ORIENTED_EDGE ( 'NONE', *, *, #2939, .F. ) ;
#3721 = ORIENTED_EDGE ( 'NONE', *, *, #3734, .F. ) ;
#3722 = EDGE_LOOP ( 'NONE', ( #3723, #3724 ) ) ;
#3723 = ORIENTED_EDGE ( 'NONE', *, *, #2742, .F. ) ;
#3724 = ORIENTED_EDGE ( 'NONE', *, *, #3585, .F. ) ;
#3725 = EDGE_LOOP ( 'NONE', ( #3726, #3727 ) ) ;
#3726 = ORIENTED_EDGE ( 'NONE', *, *, #2760, .F. ) ;
#3727 = ORIENTED_EDGE ( 'NONE', *, *, #3728, .F. ) ;
#3728 = EDGE_CURVE ( 'NONE', #2762, #2761, #6876, .T. ) ;
#3729 = EDGE_CURVE ( 'NONE', #3573, #3265, #7406, .T. ) ;
#3730 = EDGE_LOOP ( 'NONE', ( #3748, #3698, #3747, #3832 ) ) ;
#3731 = EDGE_CURVE ( 'NONE', #3075, #3798, #7441, .T. ) ;
#3732 = ORIENTED_EDGE ( 'NONE', *, *, #3797, .T. ) ;
#3733 = ORIENTED_EDGE ( 'NONE', *, *, #3751, .T. ) ;
#3734 = EDGE_CURVE ( 'NONE', #2732, #3002, #7407, .T. ) ;
#3735 = EDGE_LOOP ( 'NONE', ( #3736, #3737 ) ) ;
#3736 = ORIENTED_EDGE ( 'NONE', *, *, #2776, .F. ) ;
#3737 = ORIENTED_EDGE ( 'NONE', *, *, #3764, .F. ) ;
#3738 = ORIENTED_EDGE ( 'NONE', *, *, #2932, .F. ) ;
#3739 = EDGE_CURVE ( 'NONE', #3599, #3807, #7436, .T. ) ;
#3740 = ORIENTED_EDGE ( 'NONE', *, *, #3741, .T. ) ;
#3741 = EDGE_CURVE ( 'NONE', #3762, #3786, #7389, .T. ) ;
#3742 = EDGE_CURVE ( 'NONE', #3785, #3708, #7432, .T. ) ;
#3743 = EDGE_LOOP ( 'NONE', ( #3808, #3809, #3811, #3812, #3777, #3621, #3665, #3650, #3804, #3628, #3781, #3625, #3780, #3679, #3626, #3646, #3648, #3649, #3622, #3623 ) ) ;
#3744 = ORIENTED_EDGE ( 'NONE', *, *, #3745, .F. ) ;
#3745 = EDGE_CURVE ( 'NONE', #2933, #2875, #7433, .T. ) ;
#3746 = EDGE_LOOP ( 'NONE', ( #3713, #3714 ) ) ;
#3747 = ORIENTED_EDGE ( 'NONE', *, *, #3034, .F. ) ;
#3748 = ORIENTED_EDGE ( 'NONE', *, *, #3675, .T. ) ;
#3749 = ORIENTED_EDGE ( 'NONE', *, *, #3750, .F. ) ;
#3750 = EDGE_CURVE ( 'NONE', #2818, #2819, #7427, .T. ) ;
#3751 = EDGE_CURVE ( 'NONE', #3784, #3279, #7391, .T. ) ;
#3752 = EDGE_LOOP ( 'NONE', ( #3831, #3588 ) ) ;
#3753 = ORIENTED_EDGE ( 'NONE', *, *, #3652, .T. ) ;
#3754 = ORIENTED_EDGE ( 'NONE', *, *, #3755, .T. ) ;
#3755 = EDGE_CURVE ( 'NONE', #3640, #3756, #7423, .T. ) ;
#3756 = VERTEX_POINT ( 'NONE', #7469 ) ;
#3757 = ORIENTED_EDGE ( 'NONE', *, *, #3758, .T. ) ;
#3758 = EDGE_CURVE ( 'NONE', #3756, #3709, #7468, .T. ) ;
#3759 = ORIENTED_EDGE ( 'NONE', *, *, #3684, .T. ) ;
#3760 = ORIENTED_EDGE ( 'NONE', *, *, #3761, .T. ) ;
#3761 = EDGE_CURVE ( 'NONE', #3807, #3762, #7464, .T. ) ;
#3762 = VERTEX_POINT ( 'NONE', #7476 ) ;
#3763 = ORIENTED_EDGE ( 'NONE', *, *, #3739, .T. ) ;
#3764 = EDGE_CURVE ( 'NONE', #2778, #2777, #7396, .T. ) ;
#3765 = EDGE_LOOP ( 'NONE', ( #3766, #3767 ) ) ;
#3766 = ORIENTED_EDGE ( 'NONE', *, *, #2795, .F. ) ;
#3767 = ORIENTED_EDGE ( 'NONE', *, *, #3768, .F. ) ;
#3768 = EDGE_CURVE ( 'NONE', #2797, #2796, #7410, .T. ) ;
#3769 = EDGE_LOOP ( 'NONE', ( #3738, #3744 ) ) ;
#3770 = ORIENTED_EDGE ( 'NONE', *, *, #3669, .T. ) ;
#3771 = ORIENTED_EDGE ( 'NONE', *, *, #3729, .T. ) ;
#3772 = ADVANCED_FACE ( 'NONE', ( #7411 ), #7404, .T. ) ;
#3773 = ORIENTED_EDGE ( 'NONE', *, *, #3129, .F. ) ;
#3774 = EDGE_LOOP ( 'NONE', ( #3775, #3718 ) ) ;
#3775 = ORIENTED_EDGE ( 'NONE', *, *, #3012, .F. ) ;
#3776 = EDGE_LOOP ( 'NONE', ( #3720, #3721 ) ) ;
#3777 = ORIENTED_EDGE ( 'NONE', *, *, #3778, .F. ) ;
#3778 = EDGE_CURVE ( 'NONE', #3779, #3677, #7450, .T. ) ;
#3779 = VERTEX_POINT ( 'NONE', #7446 ) ;
#3780 = ORIENTED_EDGE ( 'NONE', *, *, #3571, .F. ) ;
#3781 = ORIENTED_EDGE ( 'NONE', *, *, #3427, .F. ) ;
#3782 = ORIENTED_EDGE ( 'NONE', *, *, #3783, .T. ) ;
#3783 = EDGE_CURVE ( 'NONE', #3676, #3784, #7462, .T. ) ;
#3784 = VERTEX_POINT ( 'NONE', #7457 ) ;
#3785 = VERTEX_POINT ( 'NONE', #7456 ) ;
#3786 = VERTEX_POINT ( 'NONE', #7455 ) ;
#3787 = EDGE_LOOP ( 'NONE', ( #3598, #3703, #3636, #3637 ) ) ;
#3788 = ADVANCED_FACE ( 'NONE', ( #7454 ), #7453, .T. ) ;
#3789 = EDGE_LOOP ( 'NONE', ( #3681, #3706, #3686, #3753 ) ) ;
#3790 = EDGE_CURVE ( 'NONE', #3786, #3683, #7445, .T. ) ;
#3791 = ORIENTED_EDGE ( 'NONE', *, *, #3682, .T. ) ;
#3792 = ORIENTED_EDGE ( 'NONE', *, *, #3256, .F. ) ;
#3793 = ORIENTED_EDGE ( 'NONE', *, *, #3794, .T. ) ;
#3794 = EDGE_CURVE ( 'NONE', #3237, #3803, #7499, .T. ) ;
#3795 = ADVANCED_FACE ( 'NONE', ( #7495, #7494 ), #7493, .T. ) ;
#3796 = ORIENTED_EDGE ( 'NONE', *, *, #3797, .F. ) ;
#3797 = EDGE_CURVE ( 'NONE', #3798, #3784, #7487, .T. ) ;
#3798 = VERTEX_POINT ( 'NONE', #7483 ) ;
#3799 = ORIENTED_EDGE ( 'NONE', *, *, #3800, .T. ) ;
#3800 = EDGE_CURVE ( 'NONE', #3798, #3801, #7179, .T. ) ;
#3801 = VERTEX_POINT ( 'NONE', #635 ) ;
#3802 = ORIENTED_EDGE ( 'NONE', *, *, #3656, .F. ) ;
#3803 = VERTEX_POINT ( 'NONE', #625 ) ;
#3804 = ORIENTED_EDGE ( 'NONE', *, *, #3805, .F. ) ;
#3805 = EDGE_CURVE ( 'NONE', #3627, #3667, #601, .T. ) ;
#3806 = EDGE_CURVE ( 'NONE', #3597, #3762, #557, .T. ) ;
#3807 = VERTEX_POINT ( 'NONE', #576 ) ;
#3808 = ORIENTED_EDGE ( 'NONE', *, *, #3339, .F. ) ;
#3809 = ORIENTED_EDGE ( 'NONE', *, *, #3810, .T. ) ;
#3810 = EDGE_CURVE ( 'NONE', #3562, #3662, #647, .T. ) ;
#3811 = ORIENTED_EDGE ( 'NONE', *, *, #3374, .F. ) ;
#3812 = ORIENTED_EDGE ( 'NONE', *, *, #3678, .T. ) ;
#3813 = ORIENTED_EDGE ( 'NONE', *, *, #3814, .F. ) ;
#3814 = EDGE_CURVE ( 'NONE', #3599, #3786, #594, .T. ) ;
#3815 = ORIENTED_EDGE ( 'NONE', *, *, #2895, .T. ) ;
#3816 = ORIENTED_EDGE ( 'NONE', *, *, #3301, .T. ) ;
#3817 = ADVANCED_FACE ( 'NONE', ( #642 ), #641, .F. ) ;
#3818 = EDGE_LOOP ( 'NONE', ( #3961, #3962, #3900, #3901 ) ) ;
#3819 = ORIENTED_EDGE ( 'NONE', *, *, #3820, .T. ) ;
#3820 = EDGE_CURVE ( 'NONE', #3365, #3474, #573, .T. ) ;
#3821 = EDGE_LOOP ( 'NONE', ( #3607, #3608 ) ) ;
#3822 = ORIENTED_EDGE ( 'NONE', *, *, #3823, .T. ) ;
#3823 = EDGE_CURVE ( 'NONE', #4037, #3363, #640, .T. ) ;
#3824 = EDGE_LOOP ( 'NONE', ( #3773, #3690 ) ) ;
#3825 = EDGE_LOOP ( 'NONE', ( #3696, #3697, #3732, #3733 ) ) ;
#3826 = EDGE_CURVE ( 'NONE', #3131, #3130, #600, .T. ) ;
#3827 = EDGE_LOOP ( 'NONE', ( #3828, #3749 ) ) ;
#3828 = ORIENTED_EDGE ( 'NONE', *, *, #2820, .F. ) ;
#3829 = EDGE_CURVE ( 'NONE', #3035, #3676, #595, .T. ) ;
#3830 = ADVANCED_FACE ( 'NONE', ( #628, #627, #626, #631, #630, #629, #589, #588, #587, #586, #585, #584, #583, #582, #581, #580, #579, #578 ), #609, .T. ) ;
#3831 = ORIENTED_EDGE ( 'NONE', *, *, #3118, .F. ) ;
#3832 = ORIENTED_EDGE ( 'NONE', *, *, #3829, .T. ) ;
#3833 = ORIENTED_EDGE ( 'NONE', *, *, #3806, .T. ) ;
#3834 = EDGE_CURVE ( 'NONE', #3846, #4037, #604, .T. ) ;
#3835 = ORIENTED_EDGE ( 'NONE', *, *, #2755, .T. ) ;
#3836 = ORIENTED_EDGE ( 'NONE', *, *, #3114, .T. ) ;
#3837 = ADVANCED_FACE ( 'NONE', ( #623 ), #622, .F. ) ;
#3838 = EDGE_LOOP ( 'NONE', ( #3839, #3967, #3968, #3969 ) ) ;
#3839 = ORIENTED_EDGE ( 'NONE', *, *, #2814, .F. ) ;
#3840 = ORIENTED_EDGE ( 'NONE', *, *, #2779, .T. ) ;
#3841 = ORIENTED_EDGE ( 'NONE', *, *, #4027, .T. ) ;
#3842 = EDGE_LOOP ( 'NONE', ( #3999, #4000, #3815, #3816 ) ) ;
#3843 = ORIENTED_EDGE ( 'NONE', *, *, #3834, .F. ) ;
#3844 = ORIENTED_EDGE ( 'NONE', *, *, #3845, .T. ) ;
#3845 = EDGE_CURVE ( 'NONE', #3846, #3779, #617, .T. ) ;
#3846 = VERTEX_POINT ( 'NONE', #613 ) ;
#3847 = ORIENTED_EDGE ( 'NONE', *, *, #3299, .T. ) ;
#3848 = ADVANCED_FACE ( 'NONE', ( #612 ), #610, .F. ) ;
#3849 = ORIENTED_EDGE ( 'NONE', *, *, #3764, .T. ) ;
#3850 = ORIENTED_EDGE ( 'NONE', *, *, #2739, .T. ) ;
#3851 = ORIENTED_EDGE ( 'NONE', *, *, #3242, .T. ) ;
#3852 = ORIENTED_EDGE ( 'NONE', *, *, #3719, .T. ) ;
#3853 = ORIENTED_EDGE ( 'NONE', *, *, #2759, .T. ) ;
#3854 = EDGE_LOOP ( 'NONE', ( #3864, #3865, #3927, #3928 ) ) ;
#3855 = ORIENTED_EDGE ( 'NONE', *, *, #3589, .T. ) ;
#3856 = ORIENTED_EDGE ( 'NONE', *, *, #3768, .T. ) ;
#3857 = ORIENTED_EDGE ( 'NONE', *, *, #2825, .T. ) ;
#3858 = ORIENTED_EDGE ( 'NONE', *, *, #3095, .T. ) ;
#3859 = ORIENTED_EDGE ( 'NONE', *, *, #2845, .T. ) ;
#3860 = ORIENTED_EDGE ( 'NONE', *, *, #3220, .T. ) ;
#3861 = ADVANCED_FACE ( 'NONE', ( #568 ), #562, .F. ) ;
#3862 = ORIENTED_EDGE ( 'NONE', *, *, #2769, .F. ) ;
#3863 = EDGE_LOOP ( 'NONE', ( #3931, #3849, #3850, #3851 ) ) ;
#3864 = ORIENTED_EDGE ( 'NONE', *, *, #2937, .F. ) ;
#3865 = ORIENTED_EDGE ( 'NONE', *, *, #3728, .T. ) ;
#3866 = ORIENTED_EDGE ( 'NONE', *, *, #3229, .T. ) ;
#3867 = ORIENTED_EDGE ( 'NONE', *, *, #3868, .T. ) ;
#3868 = EDGE_CURVE ( 'NONE', #3677, #4037, #7548, .T. ) ;
#3869 = ORIENTED_EDGE ( 'NONE', *, *, #3513, .T. ) ;
#3870 = ORIENTED_EDGE ( 'NONE', *, *, #3616, .F. ) ;
#3871 = ORIENTED_EDGE ( 'NONE', *, *, #3790, .F. ) ;
#3872 = ORIENTED_EDGE ( 'NONE', *, *, #3741, .F. ) ;
#3873 = EDGE_LOOP ( 'NONE', ( #3903, #3904, #3905, #3916 ) ) ;
#3874 = ORIENTED_EDGE ( 'NONE', *, *, #3944, .T. ) ;
#3875 = ORIENTED_EDGE ( 'NONE', *, *, #3707, .F. ) ;
#3876 = ORIENTED_EDGE ( 'NONE', *, *, #3323, .F. ) ;
#3877 = ORIENTED_EDGE ( 'NONE', *, *, #3629, .F. ) ;
#3878 = ORIENTED_EDGE ( 'NONE', *, *, #3614, .F. ) ;
#3879 = ADVANCED_FACE ( 'NONE', ( #7556 ), #7515, .F. ) ;
#3880 = EDGE_LOOP ( 'NONE', ( #3954, #3955, #3956, #3957 ) ) ;
#3881 = ORIENTED_EDGE ( 'NONE', *, *, #3154, .F. ) ;
#3882 = ORIENTED_EDGE ( 'NONE', *, *, #3729, .F. ) ;
#3883 = EDGE_LOOP ( 'NONE', ( #4010, #4011, #4012, #4014 ) ) ;
#3884 = ADVANCED_FACE ( 'NONE', ( #7565 ), #7560, .T. ) ;
#3885 = ORIENTED_EDGE ( 'NONE', *, *, #3915, .T. ) ;
#3886 = ORIENTED_EDGE ( 'NONE', *, *, #3551, .F. ) ;
#3887 = ADVANCED_FACE ( 'NONE', ( #7561 ), #7566, .T. ) ;
#3888 = EDGE_LOOP ( 'NONE', ( #3889, #3946, #3947, #3948 ) ) ;
#3889 = ORIENTED_EDGE ( 'NONE', *, *, #3783, .F. ) ;
#3890 = ORIENTED_EDGE ( 'NONE', *, *, #3639, .F. ) ;
#3891 = ORIENTED_EDGE ( 'NONE', *, *, #3906, .T. ) ;
#3892 = EDGE_LOOP ( 'NONE', ( #3994, #3995, #3881, #3882 ) ) ;
#3893 = ORIENTED_EDGE ( 'NONE', *, *, #3651, .F. ) ;
#3894 = ADVANCED_FACE ( 'NONE', ( #7554 ), #7549, .F. ) ;
#3895 = ADVANCED_FACE ( 'NONE', ( #7514 ), #7508, .F. ) ;
#3896 = EDGE_LOOP ( 'NONE', ( #3897, #3852, #3853, #3932 ) ) ;
#3897 = ORIENTED_EDGE ( 'NONE', *, *, #2917, .F. ) ;
#3898 = ORIENTED_EDGE ( 'NONE', *, *, #3196, .F. ) ;
#3899 = ORIENTED_EDGE ( 'NONE', *, *, #3826, .T. ) ;
#3900 = ORIENTED_EDGE ( 'NONE', *, *, #2956, .T. ) ;
#3901 = ORIENTED_EDGE ( 'NONE', *, *, #3304, .T. ) ;
#3902 = ADVANCED_FACE ( 'NONE', ( #7503 ), #7509, .T. ) ;
#3903 = ORIENTED_EDGE ( 'NONE', *, *, #3644, .F. ) ;
#3904 = ORIENTED_EDGE ( 'NONE', *, *, #3652, .F. ) ;
#3905 = ORIENTED_EDGE ( 'NONE', *, *, #3906, .F. ) ;
#3906 = EDGE_CURVE ( 'NONE', #3685, #3375, #7579, .T. ) ;
#3907 = ORIENTED_EDGE ( 'NONE', *, *, #3437, .F. ) ;
#3908 = ORIENTED_EDGE ( 'NONE', *, *, #4013, .T. ) ;
#3909 = ORIENTED_EDGE ( 'NONE', *, *, #3758, .F. ) ;
#3910 = ADVANCED_FACE ( 'NONE', ( #7580 ), #7578, .T. ) ;
#3911 = EDGE_LOOP ( 'NONE', ( #3912, #3913, #3914, #3987 ) ) ;
#3912 = ORIENTED_EDGE ( 'NONE', *, *, #3634, .F. ) ;
#3913 = ORIENTED_EDGE ( 'NONE', *, *, #3670, .F. ) ;
#3914 = ORIENTED_EDGE ( 'NONE', *, *, #3915, .F. ) ;
#3915 = EDGE_CURVE ( 'NONE', #3807, #3552, #7571, .T. ) ;
#3916 = ORIENTED_EDGE ( 'NONE', *, *, #3429, .F. ) ;
#3917 = ADVANCED_FACE ( 'NONE', ( #7570 ), #7572, .T. ) ;
#3918 = EDGE_LOOP ( 'NONE', ( #3919, #3890, #3891, #3992 ) ) ;
#3919 = ORIENTED_EDGE ( 'NONE', *, *, #3647, .F. ) ;
#3920 = ORIENTED_EDGE ( 'NONE', *, *, #3377, .F. ) ;
#3921 = ORIENTED_EDGE ( 'NONE', *, *, #3944, .F. ) ;
#3922 = EDGE_LOOP ( 'NONE', ( #3871, #3872, #3874, #3875 ) ) ;
#3923 = EDGE_CURVE ( 'NONE', #3320, #3322, #7520, .T. ) ;
#3924 = ORIENTED_EDGE ( 'NONE', *, *, #3449, .T. ) ;
#3925 = EDGE_LOOP ( 'NONE', ( #3862, #3856, #3859, #3860 ) ) ;
#3926 = ORIENTED_EDGE ( 'NONE', *, *, #2967, .F. ) ;
#3927 = ORIENTED_EDGE ( 'NONE', *, *, #2806, .T. ) ;
#3928 = ORIENTED_EDGE ( 'NONE', *, *, #3211, .T. ) ;
#3929 = ADVANCED_FACE ( 'NONE', ( #7521 ), #7540, .F. ) ;
#3930 = ADVANCED_FACE ( 'NONE', ( #7541 ), #7598, .F. ) ;
#3931 = ORIENTED_EDGE ( 'NONE', *, *, #2800, .F. ) ;
#3932 = ORIENTED_EDGE ( 'NONE', *, *, #3222, .T. ) ;
#3933 = ADVANCED_FACE ( 'NONE', ( #7616 ), #7615, .F. ) ;
#3934 = ORIENTED_EDGE ( 'NONE', *, *, #3248, .T. ) ;
#3935 = ADVANCED_FACE ( 'NONE', ( #7611 ), #7610, .F. ) ;
#3936 = EDGE_LOOP ( 'NONE', ( #3937, #4036, #3835, #3836 ) ) ;
#3937 = ORIENTED_EDGE ( 'NONE', *, *, #2784, .F. ) ;
#3938 = ORIENTED_EDGE ( 'NONE', *, *, #3734, .T. ) ;
#3939 = ADVANCED_FACE ( 'NONE', ( #7622 ), #7628, .F. ) ;
#3940 = EDGE_LOOP ( 'NONE', ( #3941, #4057, #4058, #4219 ) ) ;
#3941 = ORIENTED_EDGE ( 'NONE', *, *, #3202, .F. ) ;
#3942 = ORIENTED_EDGE ( 'NONE', *, *, #3542, .F. ) ;
#3943 = ADVANCED_FACE ( 'NONE', ( #7626 ), #7625, .F. ) ;
#3944 = EDGE_CURVE ( 'NONE', #3762, #3411, #7617, .T. ) ;
#3945 = ORIENTED_EDGE ( 'NONE', *, *, #3806, .F. ) ;
#3946 = ORIENTED_EDGE ( 'NONE', *, *, #3829, .F. ) ;
#3947 = ORIENTED_EDGE ( 'NONE', *, *, #3042, .F. ) ;
#3948 = ORIENTED_EDGE ( 'NONE', *, *, #3751, .F. ) ;
#3949 = ADVANCED_FACE ( 'NONE', ( #7618 ), #7602, .F. ) ;
#3950 = EDGE_LOOP ( 'NONE', ( #3870, #3876, #3877, #3878 ) ) ;
#3951 = EDGE_LOOP ( 'NONE', ( #3869, #3615, #3617, #3584, #3986, #4023, #3985, #3822 ) ) ;
#3952 = ORIENTED_EDGE ( 'NONE', *, *, #3805, .T. ) ;
#3953 = EDGE_LOOP ( 'NONE', ( #4018, #4019, #4020, #4021 ) ) ;
#3954 = ORIENTED_EDGE ( 'NONE', *, *, #3823, .F. ) ;
#3955 = ORIENTED_EDGE ( 'NONE', *, *, #3868, .F. ) ;
#3956 = ORIENTED_EDGE ( 'NONE', *, *, #3678, .F. ) ;
#3957 = ORIENTED_EDGE ( 'NONE', *, *, #3477, .F. ) ;
#3958 = ADVANCED_FACE ( 'NONE', ( #7601 ), #7637, .F. ) ;
#3959 = EDGE_LOOP ( 'NONE', ( #4108, #4053, #4235, #4125 ) ) ;
#3960 = ORIENTED_EDGE ( 'NONE', *, *, #3361, .T. ) ;
#3961 = ORIENTED_EDGE ( 'NONE', *, *, #2901, .F. ) ;
#3962 = ORIENTED_EDGE ( 'NONE', *, *, #3692, .T. ) ;
#3963 = ORIENTED_EDGE ( 'NONE', *, *, #3964, .T. ) ;
#3964 = EDGE_CURVE ( 'NONE', #3452, #3362, #7649, .T. ) ;
#3965 = VERTEX_POINT ( 'NONE', #7644 ) ;
#3966 = ORIENTED_EDGE ( 'NONE', *, *, #4410, .T. ) ;
#3967 = ORIENTED_EDGE ( 'NONE', *, *, #3750, .T. ) ;
#3968 = ORIENTED_EDGE ( 'NONE', *, *, #2812, .T. ) ;
#3969 = ORIENTED_EDGE ( 'NONE', *, *, #3078, .T. ) ;
#3970 = ADVANCED_FACE ( 'NONE', ( #7643 ), #7642, .F. ) ;
#3971 = EDGE_LOOP ( 'NONE', ( #3898, #3899, #4001, #4002 ) ) ;
#3972 = ORIENTED_EDGE ( 'NONE', *, *, #3695, .F. ) ;
#3973 = ORIENTED_EDGE ( 'NONE', *, *, #3038, .F. ) ;
#3974 = ADVANCED_FACE ( 'NONE', ( #7609 ), #7604, .F. ) ;
#3975 = EDGE_LOOP ( 'NONE', ( #3976, #3938, #3857, #3858 ) ) ;
#3976 = ORIENTED_EDGE ( 'NONE', *, *, #2941, .F. ) ;
#3977 = ORIENTED_EDGE ( 'NONE', *, *, #2909, .T. ) ;
#3978 = ORIENTED_EDGE ( 'NONE', *, *, #3086, .T. ) ;
#3979 = ORIENTED_EDGE ( 'NONE', *, *, #3699, .F. ) ;
#3980 = ADVANCED_FACE ( 'NONE', ( #7603 ), #7592, .T. ) ;
#3981 = EDGE_LOOP ( 'NONE', ( #3893, #3920, #3921, #3945 ) ) ;
#3982 = EDGE_LOOP ( 'NONE', ( #3926, #4038, #3977, #3978 ) ) ;
#3983 = ADVANCED_FACE ( 'NONE', ( #7591 ), #7702, .F. ) ;
#3984 = EDGE_CURVE ( 'NONE', #3486, #3846, #7721, .T. ) ;
#3985 = ORIENTED_EDGE ( 'NONE', *, *, #3834, .T. ) ;
#3986 = ORIENTED_EDGE ( 'NONE', *, *, #3549, .T. ) ;
#3987 = ORIENTED_EDGE ( 'NONE', *, *, #3739, .F. ) ;
#3988 = ADVANCED_FACE ( 'NONE', ( #7695 ), #7726, .T. ) ;
#3989 = EDGE_LOOP ( 'NONE', ( #3990, #3991, #3885, #3886 ) ) ;
#3990 = ORIENTED_EDGE ( 'NONE', *, *, #3624, .F. ) ;
#3991 = ORIENTED_EDGE ( 'NONE', *, *, #3576, .F. ) ;
#3992 = ORIENTED_EDGE ( 'NONE', *, *, #3393, .F. ) ;
#3993 = ADVANCED_FACE ( 'NONE', ( #7728 ), #7727, .T. ) ;
#3994 = ORIENTED_EDGE ( 'NONE', *, *, #3658, .F. ) ;
#3995 = ORIENTED_EDGE ( 'NONE', *, *, #3794, .F. ) ;
#3996 = VERTEX_POINT ( 'NONE', #7662 ) ;
#3997 = ORIENTED_EDGE ( 'NONE', *, *, #2960, .T. ) ;
#3998 = ORIENTED_EDGE ( 'NONE', *, *, #3246, .T. ) ;
#3999 = ORIENTED_EDGE ( 'NONE', *, *, #2906, .F. ) ;
#4000 = ORIENTED_EDGE ( 'NONE', *, *, #4043, .T. ) ;
#4001 = ORIENTED_EDGE ( 'NONE', *, *, #3216, .T. ) ;
#4002 = ORIENTED_EDGE ( 'NONE', *, *, #3082, .T. ) ;
#4003 = ADVANCED_FACE ( 'NONE', ( #7661 ), #7656, .F. ) ;
#4004 = EDGE_LOOP ( 'NONE', ( #4005, #3855, #3866, #4049 ) ) ;
#4005 = ORIENTED_EDGE ( 'NONE', *, *, #3257, .F. ) ;
#4006 = EDGE_LOOP ( 'NONE', ( #4007, #4008, #3997, #3998 ) ) ;
#4007 = ORIENTED_EDGE ( 'NONE', *, *, #3003, .F. ) ;
#4008 = ORIENTED_EDGE ( 'NONE', *, *, #3715, .T. ) ;
#4009 = ADVANCED_FACE ( 'NONE', ( #7657 ), #7664, .T. ) ;
#4010 = ORIENTED_EDGE ( 'NONE', *, *, #3631, .F. ) ;
#4011 = ORIENTED_EDGE ( 'NONE', *, *, #3684, .F. ) ;
#4012 = ORIENTED_EDGE ( 'NONE', *, *, #4013, .F. ) ;
#4013 = EDGE_CURVE ( 'NONE', #3343, #3709, #7724, .T. ) ;
#4014 = ORIENTED_EDGE ( 'NONE', *, *, #3704, .F. ) ;
#4015 = ADVANCED_FACE ( 'NONE', ( #7723 ), #7708, .T. ) ;
#4016 = EDGE_LOOP ( 'NONE', ( #4017, #3907, #3908, #3909 ) ) ;
#4017 = ORIENTED_EDGE ( 'NONE', *, *, #3680, .F. ) ;
#4018 = ORIENTED_EDGE ( 'NONE', *, *, #3800, .F. ) ;
#4019 = ORIENTED_EDGE ( 'NONE', *, *, #3731, .F. ) ;
#4020 = ORIENTED_EDGE ( 'NONE', *, *, #3264, .F. ) ;
#4021 = ORIENTED_EDGE ( 'NONE', *, *, #3579, .F. ) ;
#4022 = ADVANCED_FACE ( 'NONE', ( #7707 ), #7681, .T. ) ;
#4023 = ORIENTED_EDGE ( 'NONE', *, *, #3984, .T. ) ;
#4024 = ADVANCED_FACE ( 'NONE', ( #7682 ), #7676, .F. ) ;
#4025 = EDGE_LOOP ( 'NONE', ( #4026, #3867, #3843, #3844 ) ) ;
#4026 = ORIENTED_EDGE ( 'NONE', *, *, #3778, .T. ) ;
#4027 = EDGE_CURVE ( 'NONE', #3667, #3965, #7733, .T. ) ;
#4028 = ORIENTED_EDGE ( 'NONE', *, *, #3010, .F. ) ;
#4029 = ADVANCED_FACE ( 'NONE', ( #7729 ), #7673, .F. ) ;
#4030 = EDGE_LOOP ( 'NONE', ( #4039, #4040, #4041, #3847 ) ) ;
#4031 = ORIENTED_EDGE ( 'NONE', *, *, #3107, .T. ) ;
#4032 = ADVANCED_FACE ( 'NONE', ( #7667 ), #7688, .F. ) ;
#4033 = EDGE_LOOP ( 'NONE', ( #4034, #4035, #3840, #3934 ) ) ;
#4034 = ORIENTED_EDGE ( 'NONE', *, *, #2741, .F. ) ;
#4035 = ORIENTED_EDGE ( 'NONE', *, *, #3585, .T. ) ;
#4036 = ORIENTED_EDGE ( 'NONE', *, *, #3712, .T. ) ;
#4037 = VERTEX_POINT ( 'NONE', #7684 ) ;
#4038 = ORIENTED_EDGE ( 'NONE', *, *, #3745, .T. ) ;
#4039 = ORIENTED_EDGE ( 'NONE', *, *, #2951, .F. ) ;
#4040 = ORIENTED_EDGE ( 'NONE', *, *, #3609, .T. ) ;
#4041 = ORIENTED_EDGE ( 'NONE', *, *, #2949, .T. ) ;
#4042 = ORIENTED_EDGE ( 'NONE', *, *, #4043, .F. ) ;
#4043 = EDGE_CURVE ( 'NONE', #2843, #2842, #7718, .T. ) ;
#4044 = EDGE_CURVE ( 'NONE', #3965, #3346, #7713, .T. ) ;
#4045 = EDGE_LOOP ( 'NONE', ( #4046, #4047, #4048, #4031 ) ) ;
#4046 = ORIENTED_EDGE ( 'NONE', *, *, #2773, .F. ) ;
#4047 = ORIENTED_EDGE ( 'NONE', *, *, #3593, .T. ) ;
#4048 = ORIENTED_EDGE ( 'NONE', *, *, #2808, .T. ) ;
#4049 = ORIENTED_EDGE ( 'NONE', *, *, #3467, .T. ) ;
#4050 = ADVANCED_FACE ( 'NONE', ( #7764 ), #7784, .T. ) ;
#4051 = EDGE_LOOP ( 'NONE', ( #4052, #3972, #3973, #3979 ) ) ;
#4052 = ORIENTED_EDGE ( 'NONE', *, *, #3672, .F. ) ;
#4053 = ORIENTED_EDGE ( 'NONE', *, *, #3564, .F. ) ;
#4054 = ORIENTED_EDGE ( 'NONE', *, *, #3314, .F. ) ;
#4055 = ORIENTED_EDGE ( 'NONE', *, *, #3090, .F. ) ;
#4056 = ORIENTED_EDGE ( 'NONE', *, *, #3372, .F. ) ;
#4057 = ORIENTED_EDGE ( 'NONE', *, *, #3418, .F. ) ;
#4058 = ORIENTED_EDGE ( 'NONE', *, *, #3173, .T. ) ;
#4059 = ORIENTED_EDGE ( 'NONE', *, *, #3291, .F. ) ;
#4060 = ORIENTED_EDGE ( 'NONE', *, *, #4132, .F. ) ;
#4061 = ORIENTED_EDGE ( 'NONE', *, *, #4237, .F. ) ;
#4062 = ORIENTED_EDGE ( 'NONE', *, *, #3068, .F. ) ;
#4063 = ORIENTED_EDGE ( 'NONE', *, *, #4064, .F. ) ;
#4064 = EDGE_CURVE ( 'NONE', #4065, #3466, #7763, .T. ) ;
#4065 = VERTEX_POINT ( 'NONE', #7782 ) ;
#4066 = VERTEX_POINT ( 'NONE', #7772 ) ;
#4067 = ORIENTED_EDGE ( 'NONE', *, *, #4137, .T. ) ;
#4068 = ADVANCED_FACE ( 'NONE', ( #7774 ), #7741, .F. ) ;
#4069 = EDGE_LOOP ( 'NONE', ( #4165, #4166, #4121, #4169 ) ) ;
#4070 = ORIENTED_EDGE ( 'NONE', *, *, #4185, .T. ) ;
#4071 = ADVANCED_FACE ( 'NONE', ( #7742 ), #7825, .T. ) ;
#4072 = EDGE_LOOP ( 'NONE', ( #4073, #4074, #4183, #4210 ) ) ;
#4073 = ORIENTED_EDGE ( 'NONE', *, *, #3147, .F. ) ;
#4074 = ORIENTED_EDGE ( 'NONE', *, *, #3491, .F. ) ;
#4075 = ORIENTED_EDGE ( 'NONE', *, *, #3923, .F. ) ;
#4076 = ORIENTED_EDGE ( 'NONE', *, *, #3262, .T. ) ;
#4077 = ORIENTED_EDGE ( 'NONE', *, *, #3483, .T. ) ;
#4078 = EDGE_LOOP ( 'NONE', ( #4079, #4080, #4187, #4327 ) ) ;
#4079 = ORIENTED_EDGE ( 'NONE', *, *, #3057, .F. ) ;
#4080 = ORIENTED_EDGE ( 'NONE', *, *, #4155, .F. ) ;
#4081 = EDGE_LOOP ( 'NONE', ( #4311, #4084, #4314, #4196 ) ) ;
#4082 = EDGE_CURVE ( 'NONE', #4190, #4301, #7826, .T. ) ;
#4083 = ORIENTED_EDGE ( 'NONE', *, *, #4143, .T. ) ;
#4084 = ORIENTED_EDGE ( 'NONE', *, *, #4354, .F. ) ;
#4085 = VERTEX_POINT ( 'NONE', #7743 ) ;
#4086 = ORIENTED_EDGE ( 'NONE', *, *, #4087, .T. ) ;
#4087 = EDGE_CURVE ( 'NONE', #4085, #4065, #7787, .T. ) ;
#4088 = ORIENTED_EDGE ( 'NONE', *, *, #4064, .T. ) ;
#4089 = ADVANCED_FACE ( 'NONE', ( #7788 ), #7754, .T. ) ;
#4090 = ORIENTED_EDGE ( 'NONE', *, *, #4091, .T. ) ;
#4091 = EDGE_CURVE ( 'NONE', #4234, #4133, #7793, .T. ) ;
#4092 = ORIENTED_EDGE ( 'NONE', *, *, #4093, .F. ) ;
#4093 = EDGE_CURVE ( 'NONE', #4094, #3069, #7789, .T. ) ;
#4094 = VERTEX_POINT ( 'NONE', #7807 ) ;
#4095 = ORIENTED_EDGE ( 'NONE', *, *, #4096, .T. ) ;
#4096 = EDGE_CURVE ( 'NONE', #4094, #4161, #7806, .T. ) ;
#4097 = ORIENTED_EDGE ( 'NONE', *, *, #4109, .T. ) ;
#4098 = EDGE_CURVE ( 'NONE', #4066, #4126, #7767, .T. ) ;
#4099 = ORIENTED_EDGE ( 'NONE', *, *, #4137, .F. ) ;
#4100 = ORIENTED_EDGE ( 'NONE', *, *, #4091, .F. ) ;
#4101 = EDGE_LOOP ( 'NONE', ( #4135, #4136, #4162, #4212 ) ) ;
#4102 = ORIENTED_EDGE ( 'NONE', *, *, #4170, .T. ) ;
#4103 = ORIENTED_EDGE ( 'NONE', *, *, #4104, .T. ) ;
#4104 = EDGE_CURVE ( 'NONE', #4157, #4066, #7799, .T. ) ;
#4105 = ADVANCED_FACE ( 'NONE', ( #7795 ), #7817, .F. ) ;
#4106 = EDGE_LOOP ( 'NONE', ( #4107, #4054, #4055, #4056 ) ) ;
#4107 = ORIENTED_EDGE ( 'NONE', *, *, #3606, .F. ) ;
#4108 = ORIENTED_EDGE ( 'NONE', *, *, #3984, .F. ) ;
#4109 = EDGE_CURVE ( 'NONE', #4065, #4094, #7823, .T. ) ;
#4110 = ORIENTED_EDGE ( 'NONE', *, *, #4093, .T. ) ;
#4111 = EDGE_LOOP ( 'NONE', ( #4113, #4114, #4086, #4088 ) ) ;
#4112 = ADVANCED_FACE ( 'NONE', ( #7863 ), #7847, .T. ) ;
#4113 = ORIENTED_EDGE ( 'NONE', *, *, #3066, .F. ) ;
#4114 = ORIENTED_EDGE ( 'NONE', *, *, #4115, .F. ) ;
#4115 = EDGE_CURVE ( 'NONE', #4085, #3470, #7846, .T. ) ;
#4116 = ORIENTED_EDGE ( 'NONE', *, *, #4227, .T. ) ;
#4117 = ADVANCED_FACE ( 'NONE', ( #7849 ), #7848, .T. ) ;
#4118 = EDGE_LOOP ( 'NONE', ( #4119, #4231, #4184, #4236 ) ) ;
#4119 = ORIENTED_EDGE ( 'NONE', *, *, #3281, .F. ) ;
#4120 = ORIENTED_EDGE ( 'NONE', *, *, #4232, .T. ) ;
#4121 = ORIENTED_EDGE ( 'NONE', *, *, #3306, .F. ) ;
#4122 = ORIENTED_EDGE ( 'NONE', *, *, #3052, .F. ) ;
#4123 = ORIENTED_EDGE ( 'NONE', *, *, #3495, .F. ) ;
#4124 = ORIENTED_EDGE ( 'NONE', *, *, #3567, .F. ) ;
#4125 = ORIENTED_EDGE ( 'NONE', *, *, #3845, .F. ) ;
#4126 = VERTEX_POINT ( 'NONE', #7875 ) ;
#4127 = ADVANCED_FACE ( 'NONE', ( #7912 ), #7911, .T. ) ;
#4128 = EDGE_LOOP ( 'NONE', ( #4129, #3655, #4139, #4102 ) ) ;
#4129 = ORIENTED_EDGE ( 'NONE', *, *, #3186, .F. ) ;
#4130 = ORIENTED_EDGE ( 'NONE', *, *, #3666, .F. ) ;
#4131 = ORIENTED_EDGE ( 'NONE', *, *, #3101, .F. ) ;
#4132 = EDGE_CURVE ( 'NONE', #4133, #3191, #7910, .T. ) ;
#4133 = VERTEX_POINT ( 'NONE', #7884 ) ;
#4134 = ADVANCED_FACE ( 'NONE', ( #7883 ), #7882, .T. ) ;
#4135 = ORIENTED_EDGE ( 'NONE', *, *, #3352, .F. ) ;
#4136 = ORIENTED_EDGE ( 'NONE', *, *, #4160, .F. ) ;
#4137 = EDGE_CURVE ( 'NONE', #4133, #4157, #7845, .T. ) ;
#4138 = ORIENTED_EDGE ( 'NONE', *, *, #4226, .T. ) ;
#4139 = ORIENTED_EDGE ( 'NONE', *, *, #4098, .T. ) ;
#4140 = ORIENTED_EDGE ( 'NONE', *, *, #3480, .F. ) ;
#4141 = ORIENTED_EDGE ( 'NONE', *, *, #3694, .T. ) ;
#4142 = ORIENTED_EDGE ( 'NONE', *, *, #3417, .F. ) ;
#4143 = EDGE_CURVE ( 'NONE', #4301, #3415, #7841, .T. ) ;
#4144 = ORIENTED_EDGE ( 'NONE', *, *, #4145, .T. ) ;
#4145 = EDGE_CURVE ( 'NONE', #4301, #4192, #7959, .T. ) ;
#4146 = ADVANCED_FACE ( 'NONE', ( #7919 ), #7924, .T. ) ;
#4147 = ADVANCED_FACE ( 'NONE', ( #7953 ), #7837, .T. ) ;
#4148 = EDGE_LOOP ( 'NONE', ( #4149, #4288, #4338, #4295 ) ) ;
#4149 = ORIENTED_EDGE ( 'NONE', *, *, #3533, .F. ) ;
#4150 = EDGE_CURVE ( 'NONE', #4151, #3139, #7990, .T. ) ;
#4151 = VERTEX_POINT ( 'NONE', #7975 ) ;
#4152 = ORIENTED_EDGE ( 'NONE', *, *, #4373, .T. ) ;
#4153 = ADVANCED_FACE ( 'NONE', ( #7974 ), #8055, .T. ) ;
#4154 = ORIENTED_EDGE ( 'NONE', *, *, #3401, .F. ) ;
#4155 = EDGE_CURVE ( 'NONE', #4186, #3141, #7820, .T. ) ;
#4156 = EDGE_LOOP ( 'NONE', ( #4059, #4060, #4067, #4138 ) ) ;
#4157 = VERTEX_POINT ( 'NONE', #7929 ) ;
#4158 = ORIENTED_EDGE ( 'NONE', *, *, #4132, .T. ) ;
#4159 = EDGE_LOOP ( 'NONE', ( #4218, #4230, #4103, #4116 ) ) ;
#4160 = EDGE_CURVE ( 'NONE', #4161, #3524, #7940, .T. ) ;
#4161 = VERTEX_POINT ( 'NONE', #7973 ) ;
#4162 = ORIENTED_EDGE ( 'NONE', *, *, #4163, .T. ) ;
#4163 = EDGE_CURVE ( 'NONE', #4161, #4164, #8020, .T. ) ;
#4164 = VERTEX_POINT ( 'NONE', #8016 ) ;
#4165 = ORIENTED_EDGE ( 'NONE', *, *, #3964, .F. ) ;
#4166 = ORIENTED_EDGE ( 'NONE', *, *, #3503, .F. ) ;
#4167 = ADVANCED_FACE ( 'NONE', ( #8015 ), #8058, .F. ) ;
#4168 = EDGE_LOOP ( 'NONE', ( #4075, #4140, #4131, #4221 ) ) ;
#4169 = ORIENTED_EDGE ( 'NONE', *, *, #3367, .F. ) ;
#4170 = EDGE_CURVE ( 'NONE', #4126, #3146, #8030, .T. ) ;
#4171 = ORIENTED_EDGE ( 'NONE', *, *, #3208, .T. ) ;
#4172 = EDGE_LOOP ( 'NONE', ( #4122, #4123, #4076, #4077 ) ) ;
#4173 = EDGE_LOOP ( 'NONE', ( #4203, #4199, #4130, #3942 ) ) ;
#4174 = ORIENTED_EDGE ( 'NONE', *, *, #4160, .T. ) ;
#4175 = ADVANCED_FACE ( 'NONE', ( #8050 ), #8080, .T. ) ;
#4176 = EDGE_LOOP ( 'NONE', ( #4062, #4063, #4097, #4110 ) ) ;
#4177 = ORIENTED_EDGE ( 'NONE', *, *, #4185, .F. ) ;
#4178 = ADVANCED_FACE ( 'NONE', ( #8086 ), #8088, .F. ) ;
#4179 = EDGE_LOOP ( 'NONE', ( #4180, #4181, #4182, #4204 ) ) ;
#4180 = ORIENTED_EDGE ( 'NONE', *, *, #3820, .F. ) ;
#4181 = ORIENTED_EDGE ( 'NONE', *, *, #3509, .F. ) ;
#4182 = ORIENTED_EDGE ( 'NONE', *, *, #3295, .F. ) ;
#4183 = ORIENTED_EDGE ( 'NONE', *, *, #3271, .T. ) ;
#4184 = ORIENTED_EDGE ( 'NONE', *, *, #4208, .T. ) ;
#4185 = EDGE_CURVE ( 'NONE', #4126, #4233, #8085, .T. ) ;
#4186 = VERTEX_POINT ( 'NONE', #8081 ) ;
#4187 = ORIENTED_EDGE ( 'NONE', *, *, #4188, .T. ) ;
#4188 = EDGE_CURVE ( 'NONE', #4186, #4292, #8079, .T. ) ;
#4189 = EDGE_LOOP ( 'NONE', ( #4353, #4393, #4152, #4374 ) ) ;
#4190 = VERTEX_POINT ( 'NONE', #8078 ) ;
#4191 = ORIENTED_EDGE ( 'NONE', *, *, #4082, .T. ) ;
#4192 = VERTEX_POINT ( 'NONE', #8077 ) ;
#4193 = ADVANCED_FACE ( 'NONE', ( #8098 ), #8165, .T. ) ;
#4194 = EDGE_LOOP ( 'NONE', ( #4400, #4340, #4342, #4256 ) ) ;
#4195 = EDGE_CURVE ( 'NONE', #4192, #4085, #8200, .T. ) ;
#4196 = ORIENTED_EDGE ( 'NONE', *, *, #4115, .T. ) ;
#4197 = ADVANCED_FACE ( 'NONE', ( #8173 ), #8053, .T. ) ;
#4198 = ORIENTED_EDGE ( 'NONE', *, *, #3142, .F. ) ;
#4199 = ORIENTED_EDGE ( 'NONE', *, *, #4027, .F. ) ;
#4200 = ADVANCED_FACE ( 'NONE', ( #8283 ), #8282, .F. ) ;
#4201 = EDGE_LOOP ( 'NONE', ( #4202, #4177, #4228, #4229, #4099, #4100 ) ) ;
#4202 = ORIENTED_EDGE ( 'NONE', *, *, #4208, .F. ) ;
#4203 = ORIENTED_EDGE ( 'NONE', *, *, #4044, .F. ) ;
#4204 = ORIENTED_EDGE ( 'NONE', *, *, #3455, .F. ) ;
#4205 = EDGE_LOOP ( 'NONE', ( #4206, #4124, #4171, #4222 ) ) ;
#4206 = ORIENTED_EDGE ( 'NONE', *, *, #3168, .F. ) ;
#4207 = ADVANCED_FACE ( 'NONE', ( #8239 ), #8275, .F. ) ;
#4208 = EDGE_CURVE ( 'NONE', #4233, #4234, #8262, .T. ) ;
#4209 = ORIENTED_EDGE ( 'NONE', *, *, #4170, .F. ) ;
#4210 = ORIENTED_EDGE ( 'NONE', *, *, #3537, .T. ) ;
#4211 = ADVANCED_FACE ( 'NONE', ( #8258 ), #8233, .F. ) ;
#4212 = ORIENTED_EDGE ( 'NONE', *, *, #4214, .T. ) ;
#4213 = EDGE_LOOP ( 'NONE', ( #4216, #4092, #4095, #4174 ) ) ;
#4214 = EDGE_CURVE ( 'NONE', #4164, #3392, #8280, .T. ) ;
#4215 = ADVANCED_FACE ( 'NONE', ( #8276 ), #8270, .T. ) ;
#4216 = ORIENTED_EDGE ( 'NONE', *, *, #3176, .F. ) ;
#4217 = ADVANCED_FACE ( 'NONE', ( #8271 ), #8265, .T. ) ;
#4218 = ORIENTED_EDGE ( 'NONE', *, *, #3144, .F. ) ;
#4219 = ORIENTED_EDGE ( 'NONE', *, *, #3563, .T. ) ;
#4220 = ADVANCED_FACE ( 'NONE', ( #8264 ), #8213, .F. ) ;
#4221 = ORIENTED_EDGE ( 'NONE', *, *, #3454, .F. ) ;
#4222 = ORIENTED_EDGE ( 'NONE', *, *, #3450, .T. ) ;
#4223 = ADVANCED_FACE ( 'NONE', ( #8214 ), #8225, .T. ) ;
#4224 = EDGE_LOOP ( 'NONE', ( #4225, #4061, #4090, #4158 ) ) ;
#4225 = ORIENTED_EDGE ( 'NONE', *, *, #3133, .F. ) ;
#4226 = EDGE_CURVE ( 'NONE', #4157, #3280, #8226, .T. ) ;
#4227 = EDGE_CURVE ( 'NONE', #4066, #3145, #8252, .T. ) ;
#4228 = ORIENTED_EDGE ( 'NONE', *, *, #4098, .F. ) ;
#4229 = ORIENTED_EDGE ( 'NONE', *, *, #4104, .F. ) ;
#4230 = ORIENTED_EDGE ( 'NONE', *, *, #4226, .F. ) ;
#4231 = ORIENTED_EDGE ( 'NONE', *, *, #4232, .F. ) ;
#4232 = EDGE_CURVE ( 'NONE', #4233, #3054, #8297, .T. ) ;
#4233 = VERTEX_POINT ( 'NONE', #8293 ) ;
#4234 = VERTEX_POINT ( 'NONE', #8292 ) ;
#4235 = ORIENTED_EDGE ( 'NONE', *, *, #3664, .F. ) ;
#4236 = ORIENTED_EDGE ( 'NONE', *, *, #4237, .T. ) ;
#4237 = EDGE_CURVE ( 'NONE', #4234, #3282, #8247, .T. ) ;
#4238 = EDGE_LOOP ( 'NONE', ( #4198, #4209, #4070, #4120 ) ) ;
#4239 = ADVANCED_FACE ( 'NONE', ( #8243 ), #8241, .T. ) ;
#4240 = EDGE_LOOP ( 'NONE', ( #4402, #4403, #4613, #4615 ) ) ;
#4241 = ORIENTED_EDGE ( 'NONE', *, *, #3180, .F. ) ;
#4242 = ORIENTED_EDGE ( 'NONE', *, *, #4243, .F. ) ;
#4243 = EDGE_CURVE ( 'NONE', #4378, #3064, #8242, .T. ) ;
#4244 = EDGE_LOOP ( 'NONE', ( #4498, #4620, #4318, #4497 ) ) ;
#4245 = ORIENTED_EDGE ( 'NONE', *, *, #4404, .T. ) ;
#4246 = ADVANCED_FACE ( 'NONE', ( #8285 ), #8284, .T. ) ;
#4247 = VERTEX_POINT ( 'NONE', #8206 ) ;
#4248 = EDGE_LOOP ( 'NONE', ( #4326, #4329, #4141, #4279 ) ) ;
#4249 = ORIENTED_EDGE ( 'NONE', *, *, #4346, .T. ) ;
#4250 = ADVANCED_FACE ( 'NONE', ( #8205 ), #8316, .T. ) ;
#4251 = EDGE_LOOP ( 'NONE', ( #4258, #4259, #4262, #4333 ) ) ;
#4252 = ADVANCED_FACE ( 'NONE', ( #8103 ), #8102, .T. ) ;
#4253 = ORIENTED_EDGE ( 'NONE', *, *, #4214, .F. ) ;
#4254 = ORIENTED_EDGE ( 'NONE', *, *, #4255, .T. ) ;
#4255 = EDGE_CURVE ( 'NONE', #4350, #3187, #8054, .T. ) ;
#4256 = ORIENTED_EDGE ( 'NONE', *, *, #4328, .T. ) ;
#4257 = VERTEX_POINT ( 'NONE', #8301 ) ;
#4258 = ORIENTED_EDGE ( 'NONE', *, *, #3465, .F. ) ;
#4259 = ORIENTED_EDGE ( 'NONE', *, *, #4260, .F. ) ;
#4260 = EDGE_CURVE ( 'NONE', #4261, #3531, #8334, .T. ) ;
#4261 = VERTEX_POINT ( 'NONE', #8335 ) ;
#4262 = ORIENTED_EDGE ( 'NONE', *, *, #4332, .T. ) ;
#4263 = ORIENTED_EDGE ( 'NONE', *, *, #4096, .F. ) ;
#4264 = ORIENTED_EDGE ( 'NONE', *, *, #4082, .F. ) ;
#4265 = ORIENTED_EDGE ( 'NONE', *, *, #4145, .F. ) ;
#4266 = ORIENTED_EDGE ( 'NONE', *, *, #4267, .T. ) ;
#4267 = EDGE_CURVE ( 'NONE', #4331, #4347, #8317, .T. ) ;
#4268 = EDGE_LOOP ( 'NONE', ( #4495, #4406, #4608, #4478 ) ) ;
#4269 = ORIENTED_EDGE ( 'NONE', *, *, #4575, .T. ) ;
#4270 = ADVANCED_FACE ( 'NONE', ( #8328 ), #8361, .T. ) ;
#4271 = EDGE_LOOP ( 'NONE', ( #4241, #4242, #4379, #4381 ) ) ;
#4272 = ORIENTED_EDGE ( 'NONE', *, *, #4273, .T. ) ;
#4273 = EDGE_CURVE ( 'NONE', #4358, #4261, #8343, .T. ) ;
#4274 = ORIENTED_EDGE ( 'NONE', *, *, #4260, .T. ) ;
#4275 = ADVANCED_FACE ( 'NONE', ( #8367 ), #8456, .T. ) ;
#4276 = EDGE_LOOP ( 'NONE', ( #4337, #4283, #4334, #4395 ) ) ;
#4277 = ORIENTED_EDGE ( 'NONE', *, *, #4305, .T. ) ;
#4278 = ORIENTED_EDGE ( 'NONE', *, *, #4188, .F. ) ;
#4279 = ORIENTED_EDGE ( 'NONE', *, *, #4150, .T. ) ;
#4280 = EDGE_LOOP ( 'NONE', ( #4351, #4253, #4277, #4306 ) ) ;
#4281 = ORIENTED_EDGE ( 'NONE', *, *, #4282, .F. ) ;
#4282 = EDGE_CURVE ( 'NONE', #4257, #3460, #8353, .T. ) ;
#4283 = ORIENTED_EDGE ( 'NONE', *, *, #4284, .F. ) ;
#4284 = EDGE_CURVE ( 'NONE', #4285, #3405, #8352, .T. ) ;
#4285 = VERTEX_POINT ( 'NONE', #8348 ) ;
#4286 = ORIENTED_EDGE ( 'NONE', *, *, #3178, .F. ) ;
#4287 = ORIENTED_EDGE ( 'NONE', *, *, #4346, .F. ) ;
#4288 = ORIENTED_EDGE ( 'NONE', *, *, #4328, .F. ) ;
#4289 = ORIENTED_EDGE ( 'NONE', *, *, #4354, .T. ) ;
#4290 = ADVANCED_FACE ( 'NONE', ( #8347 ), #8346, .T. ) ;
#4291 = EDGE_CURVE ( 'NONE', #4292, #3286, #8340, .T. ) ;
#4292 = VERTEX_POINT ( 'NONE', #8383 ) ;
#4293 = ADVANCED_FACE ( 'NONE', ( #8382 ), #8417, .T. ) ;
#4294 = VERTEX_POINT ( 'NONE', #8412 ) ;
#4295 = ORIENTED_EDGE ( 'NONE', *, *, #4304, .T. ) ;
#4296 = ADVANCED_FACE ( 'NONE', ( #8411 ), #8503, .T. ) ;
#4297 = EDGE_LOOP ( 'NONE', ( #4355, #4356, #4272, #4274 ) ) ;
#4298 = VERTEX_POINT ( 'NONE', #8381 ) ;
#4299 = ADVANCED_FACE ( 'NONE', ( #8380 ), #8531, .T. ) ;
#4300 = EDGE_LOOP ( 'NONE', ( #4360, #4361, #4313, #4352 ) ) ;
#4301 = VERTEX_POINT ( 'NONE', #8435 ) ;
#4302 = EDGE_CURVE ( 'NONE', #4292, #4247, #8557, .T. ) ;
#4303 = ORIENTED_EDGE ( 'NONE', *, *, #4304, .F. ) ;
#4304 = EDGE_CURVE ( 'NONE', #4190, #3285, #8574, .T. ) ;
#4305 = EDGE_CURVE ( 'NONE', #4164, #4294, #8603, .T. ) ;
#4306 = ORIENTED_EDGE ( 'NONE', *, *, #4375, .T. ) ;
#4307 = ORIENTED_EDGE ( 'NONE', *, *, #3420, .F. ) ;
#4308 = ORIENTED_EDGE ( 'NONE', *, *, #4330, .F. ) ;
#4309 = ORIENTED_EDGE ( 'NONE', *, *, #4143, .F. ) ;
#4310 = EDGE_LOOP ( 'NONE', ( #4154, #4309, #4144, #4289 ) ) ;
#4311 = ORIENTED_EDGE ( 'NONE', *, *, #3421, .F. ) ;
#4312 = ADVANCED_FACE ( 'NONE', ( #8599 ), #8608, .T. ) ;
#4313 = ORIENTED_EDGE ( 'NONE', *, *, #4302, .T. ) ;
#4314 = ORIENTED_EDGE ( 'NONE', *, *, #4195, .T. ) ;
#4315 = ORIENTED_EDGE ( 'NONE', *, *, #4349, .F. ) ;
#4316 = ORIENTED_EDGE ( 'NONE', *, *, #4267, .F. ) ;
#4317 = VERTEX_POINT ( 'NONE', #8609 ) ;
#4318 = ORIENTED_EDGE ( 'NONE', *, *, #4496, .T. ) ;
#4319 = ORIENTED_EDGE ( 'NONE', *, *, #4324, .T. ) ;
#4320 = ORIENTED_EDGE ( 'NONE', *, *, #4255, .F. ) ;
#4321 = ORIENTED_EDGE ( 'NONE', *, *, #4322, .T. ) ;
#4322 = EDGE_CURVE ( 'NONE', #4350, #4493, #8579, .T. ) ;
#4323 = EDGE_LOOP ( 'NONE', ( #4315, #4316, #4469, #4610, #4611, #4518, #4619, #4401, #4628, #4440, #4568, #4528, #4515, #4516 ) ) ;
#4324 = EDGE_CURVE ( 'NONE', #4317, #4257, #8566, .T. ) ;
#4325 = ORIENTED_EDGE ( 'NONE', *, *, #4282, .T. ) ;
#4326 = ORIENTED_EDGE ( 'NONE', *, *, #3138, .F. ) ;
#4327 = ORIENTED_EDGE ( 'NONE', *, *, #4291, .T. ) ;
#4328 = EDGE_CURVE ( 'NONE', #4298, #3283, #8567, .T. ) ;
#4329 = ORIENTED_EDGE ( 'NONE', *, *, #4375, .F. ) ;
#4330 = EDGE_CURVE ( 'NONE', #4331, #3525, #8639, .T. ) ;
#4331 = VERTEX_POINT ( 'NONE', #8643 ) ;
#4332 = EDGE_CURVE ( 'NONE', #4261, #4331, #8638, .T. ) ;
#4333 = ORIENTED_EDGE ( 'NONE', *, *, #4330, .T. ) ;
#4334 = ORIENTED_EDGE ( 'NONE', *, *, #4335, .T. ) ;
#4335 = EDGE_CURVE ( 'NONE', #4285, #4358, #8626, .T. ) ;
#4336 = EDGE_LOOP ( 'NONE', ( #4394, #4263, #4366, #4367, #4368, #4265, #4264, #4372, #4344, #4345, #4278, #4364, #4365, #4369 ) ) ;
#4337 = ORIENTED_EDGE ( 'NONE', *, *, #3412, .F. ) ;
#4338 = ORIENTED_EDGE ( 'NONE', *, *, #4339, .T. ) ;
#4339 = EDGE_CURVE ( 'NONE', #4298, #4190, #8610, .T. ) ;
#4340 = ORIENTED_EDGE ( 'NONE', *, *, #4341, .F. ) ;
#4341 = EDGE_CURVE ( 'NONE', #4247, #3289, #8507, .T. ) ;
#4342 = ORIENTED_EDGE ( 'NONE', *, *, #4343, .T. ) ;
#4343 = EDGE_CURVE ( 'NONE', #4247, #4298, #8693, .T. ) ;
#4344 = ORIENTED_EDGE ( 'NONE', *, *, #4343, .F. ) ;
#4345 = ORIENTED_EDGE ( 'NONE', *, *, #4302, .F. ) ;
#4346 = EDGE_CURVE ( 'NONE', #4347, #3179, #8694, .T. ) ;
#4347 = VERTEX_POINT ( 'NONE', #8714 ) ;
#4348 = ORIENTED_EDGE ( 'NONE', *, *, #4349, .T. ) ;
#4349 = EDGE_CURVE ( 'NONE', #4347, #4350, #8769, .T. ) ;
#4350 = VERTEX_POINT ( 'NONE', #8765 ) ;
#4351 = ORIENTED_EDGE ( 'NONE', *, *, #3135, .F. ) ;
#4352 = ORIENTED_EDGE ( 'NONE', *, *, #4341, .T. ) ;
#4353 = ORIENTED_EDGE ( 'NONE', *, *, #3055, .F. ) ;
#4354 = EDGE_CURVE ( 'NONE', #4192, #3438, #8764, .T. ) ;
#4355 = ORIENTED_EDGE ( 'NONE', *, *, #3530, .F. ) ;
#4356 = ORIENTED_EDGE ( 'NONE', *, *, #4357, .F. ) ;
#4357 = EDGE_CURVE ( 'NONE', #4358, #3406, #8773, .T. ) ;
#4358 = VERTEX_POINT ( 'NONE', #8702 ) ;
#4359 = ADVANCED_FACE ( 'NONE', ( #8701 ), #8699, .T. ) ;
#4360 = ORIENTED_EDGE ( 'NONE', *, *, #3288, .F. ) ;
#4361 = ORIENTED_EDGE ( 'NONE', *, *, #4291, .F. ) ;
#4362 = ADVANCED_FACE ( 'NONE', ( #8700 ), #8755, .T. ) ;
#4363 = EDGE_LOOP ( 'NONE', ( #4307, #4308, #4266, #4249 ) ) ;
#4364 = ORIENTED_EDGE ( 'NONE', *, *, #4373, .F. ) ;
#4365 = ORIENTED_EDGE ( 'NONE', *, *, #3694, .F. ) ;
#4366 = ORIENTED_EDGE ( 'NONE', *, *, #4109, .F. ) ;
#4367 = ORIENTED_EDGE ( 'NONE', *, *, #4087, .F. ) ;
#4368 = ORIENTED_EDGE ( 'NONE', *, *, #4195, .F. ) ;
#4369 = ORIENTED_EDGE ( 'NONE', *, *, #4305, .F. ) ;
#4370 = ADVANCED_FACE ( 'NONE', ( #8754 ), #8749, .T. ) ;
#4371 = EDGE_LOOP ( 'NONE', ( #4286, #4287, #4348, #4254 ) ) ;
#4372 = ORIENTED_EDGE ( 'NONE', *, *, #4339, .F. ) ;
#4373 = EDGE_CURVE ( 'NONE', #4151, #4186, #8763, .T. ) ;
#4374 = ORIENTED_EDGE ( 'NONE', *, *, #4155, .T. ) ;
#4375 = EDGE_CURVE ( 'NONE', #4294, #3136, #8735, .T. ) ;
#4376 = ORIENTED_EDGE ( 'NONE', *, *, #4377, .F. ) ;
#4377 = EDGE_CURVE ( 'NONE', #4389, #3061, #8731, .T. ) ;
#4378 = VERTEX_POINT ( 'NONE', #8746 ) ;
#4379 = ORIENTED_EDGE ( 'NONE', *, *, #4380, .T. ) ;
#4380 = EDGE_CURVE ( 'NONE', #4378, #4409, #8745, .T. ) ;
#4381 = ORIENTED_EDGE ( 'NONE', *, *, #4386, .T. ) ;
#4382 = ADVANCED_FACE ( 'NONE', ( #8744 ), #8488, .T. ) ;
#4383 = EDGE_LOOP ( 'NONE', ( #4492, #4376, #4390, #4392 ) ) ;
#4384 = EDGE_CURVE ( 'NONE', #4317, #3461, #8549, .T. ) ;
#4385 = ORIENTED_EDGE ( 'NONE', *, *, #4284, .T. ) ;
#4386 = EDGE_CURVE ( 'NONE', #4409, #3181, #8515, .T. ) ;
#4387 = ORIENTED_EDGE ( 'NONE', *, *, #4388, .T. ) ;
#4388 = EDGE_CURVE ( 'NONE', #4409, #4576, #8660, .T. ) ;
#4389 = VERTEX_POINT ( 'NONE', #8675 ) ;
#4390 = ORIENTED_EDGE ( 'NONE', *, *, #4391, .T. ) ;
#4391 = EDGE_CURVE ( 'NONE', #4389, #4378, #8667, .T. ) ;
#4392 = ORIENTED_EDGE ( 'NONE', *, *, #4243, .T. ) ;
#4393 = ORIENTED_EDGE ( 'NONE', *, *, #4150, .F. ) ;
#4394 = ORIENTED_EDGE ( 'NONE', *, *, #4163, .F. ) ;
#4395 = ORIENTED_EDGE ( 'NONE', *, *, #4357, .T. ) ;
#4396 = ADVANCED_FACE ( 'NONE', ( #8685 ), #8797, .T. ) ;
#4397 = EDGE_LOOP ( 'NONE', ( #4398, #4281, #3966, #4385 ) ) ;
#4398 = ORIENTED_EDGE ( 'NONE', *, *, #3464, .F. ) ;
#4399 = EDGE_LOOP ( 'NONE', ( #4142, #4303, #4191, #4083 ) ) ;
#4400 = ORIENTED_EDGE ( 'NONE', *, *, #3384, .F. ) ;
#4401 = ORIENTED_EDGE ( 'NONE', *, *, #4496, .F. ) ;
#4402 = ORIENTED_EDGE ( 'NONE', *, *, #3060, .F. ) ;
#4403 = ORIENTED_EDGE ( 'NONE', *, *, #4404, .F. ) ;
#4404 = EDGE_CURVE ( 'NONE', #4493, #3190, #8801, .T. ) ;
#4405 = EDGE_LOOP ( 'NONE', ( #4436, #4612, #4319, #4325 ) ) ;
#4406 = ORIENTED_EDGE ( 'NONE', *, *, #4575, .F. ) ;
#4407 = ORIENTED_EDGE ( 'NONE', *, *, #3183, .F. ) ;
#4408 = ORIENTED_EDGE ( 'NONE', *, *, #4386, .F. ) ;
#4409 = VERTEX_POINT ( 'NONE', #8777 ) ;
#4410 = EDGE_CURVE ( 'NONE', #4257, #4285, #8834, .T. ) ;
#4411 = ADVANCED_FACE ( 'NONE', ( #8835 ), #8873, .T. ) ;
#4412 = EDGE_LOOP ( 'NONE', ( #4407, #4408, #4387, #4269 ) ) ;
#4413 = EDGE_CURVE ( 'NONE', #4519, #3407, #8886, .T. ) ;
#4414 = ORIENTED_EDGE ( 'NONE', *, *, #4419, .F. ) ;
#4415 = ORIENTED_EDGE ( 'NONE', *, *, #4470, .T. ) ;
#4416 = ORIENTED_EDGE ( 'NONE', *, *, #4563, .T. ) ;
#4417 = ORIENTED_EDGE ( 'NONE', *, *, #4601, .F. ) ;
#4418 = ORIENTED_EDGE ( 'NONE', *, *, #4419, .T. ) ;
#4419 = EDGE_CURVE ( 'NONE', #4471, #4598, #8859, .T. ) ;
#4420 = ORIENTED_EDGE ( 'NONE', *, *, #4421, .T. ) ;
#4421 = EDGE_CURVE ( 'NONE', #4600, #4422, #8848, .T. ) ;
#4422 = VERTEX_POINT ( 'NONE', #8892 ) ;
#4423 = ORIENTED_EDGE ( 'NONE', *, *, #4559, .T. ) ;
#4424 = ADVANCED_FACE ( 'NONE', ( #8891 ), #8890, .T. ) ;
#4425 = EDGE_LOOP ( 'NONE', ( #4426, #4427, #4430, #4499 ) ) ;
#4426 = ORIENTED_EDGE ( 'NONE', *, *, #3125, .F. ) ;
#4427 = ORIENTED_EDGE ( 'NONE', *, *, #4428, .F. ) ;
#4428 = EDGE_CURVE ( 'NONE', #4429, #3021, #8889, .T. ) ;
#4429 = VERTEX_POINT ( 'NONE', #8880 ) ;
#4430 = ORIENTED_EDGE ( 'NONE', *, *, #4431, .T. ) ;
#4431 = EDGE_CURVE ( 'NONE', #4429, #4540, #8527, .T. ) ;
#4432 = ORIENTED_EDGE ( 'NONE', *, *, #4433, .T. ) ;
#4433 = EDGE_CURVE ( 'NONE', #4561, #2993, #8617, .T. ) ;
#4434 = ADVANCED_FACE ( 'NONE', ( #8613 ), #8743, .T. ) ;
#4435 = EDGE_LOOP ( 'NONE', ( #4521, #4522, #4475, #4476 ) ) ;
#4436 = ORIENTED_EDGE ( 'NONE', *, *, #3441, .F. ) ;
#4437 = ADVANCED_FACE ( 'NONE', ( #8902 ), #8684, .T. ) ;
#4438 = EDGE_LOOP ( 'NONE', ( #4439, #4506, #4507, #4508 ) ) ;
#4439 = ORIENTED_EDGE ( 'NONE', *, *, #3031, .F. ) ;
#4440 = ORIENTED_EDGE ( 'NONE', *, *, #4388, .F. ) ;
#4441 = EDGE_CURVE ( 'NONE', #4442, #4471, #86, .T. ) ;
#4442 = VERTEX_POINT ( 'NONE', #87 ) ;
#4443 = EDGE_LOOP ( 'NONE', ( #4541, #4417, #4534, #4418 ) ) ;
#4444 = ORIENTED_EDGE ( 'NONE', *, *, #4445, .T. ) ;
#4445 = EDGE_CURVE ( 'NONE', #4540, #4557, #85, .T. ) ;
#4446 = ORIENTED_EDGE ( 'NONE', *, *, #4556, .T. ) ;
#4447 = ORIENTED_EDGE ( 'NONE', *, *, #4597, .T. ) ;
#4448 = EDGE_CURVE ( 'NONE', #4514, #4454, #66, .T. ) ;
#4449 = ORIENTED_EDGE ( 'NONE', *, *, #4450, .F. ) ;
#4450 = EDGE_CURVE ( 'NONE', #4598, #4627, #8913, .T. ) ;
#4451 = ORIENTED_EDGE ( 'NONE', *, *, #4450, .T. ) ;
#4452 = ADVANCED_FACE ( 'NONE', ( #8674 ), #8673, .T. ) ;
#4453 = EDGE_LOOP ( 'NONE', ( #4500, #4501, #4420, #4423 ) ) ;
#4454 = VERTEX_POINT ( 'NONE', #123 ) ;
#4455 = ADVANCED_FACE ( 'NONE', ( #95 ), #92, .T. ) ;
#4456 = EDGE_LOOP ( 'NONE', ( #4463, #4464, #4466, #4467 ) ) ;
#4457 = ORIENTED_EDGE ( 'NONE', *, *, #2991, .F. ) ;
#4458 = ORIENTED_EDGE ( 'NONE', *, *, #4459, .F. ) ;
#4459 = EDGE_CURVE ( 'NONE', #4505, #2992, #149, .T. ) ;
#4460 = ORIENTED_EDGE ( 'NONE', *, *, #4622, .T. ) ;
#4461 = ADVANCED_FACE ( 'NONE', ( #152 ), #106, .T. ) ;
#4462 = ORIENTED_EDGE ( 'NONE', *, *, #4622, .F. ) ;
#4463 = ORIENTED_EDGE ( 'NONE', *, *, #2882, .F. ) ;
#4464 = ORIENTED_EDGE ( 'NONE', *, *, #4465, .F. ) ;
#4465 = EDGE_CURVE ( 'NONE', #4567, #3032, #199, .T. ) ;
#4466 = ORIENTED_EDGE ( 'NONE', *, *, #4590, .T. ) ;
#4467 = ORIENTED_EDGE ( 'NONE', *, *, #4523, .T. ) ;
#4468 = ORIENTED_EDGE ( 'NONE', *, *, #4470, .F. ) ;
#4469 = ORIENTED_EDGE ( 'NONE', *, *, #4332, .F. ) ;
#4470 = EDGE_CURVE ( 'NONE', #4471, #4570, #244, .T. ) ;
#4471 = VERTEX_POINT ( 'NONE', #90 ) ;
#4472 = ORIENTED_EDGE ( 'NONE', *, *, #4441, .F. ) ;
#4473 = EDGE_CURVE ( 'NONE', #4561, #4567, #279, .T. ) ;
#4474 = EDGE_LOOP ( 'NONE', ( #4524, #4572, #4468, #4472, #4593 ) ) ;
#4475 = ORIENTED_EDGE ( 'NONE', *, *, #4574, .T. ) ;
#4476 = ORIENTED_EDGE ( 'NONE', *, *, #4459, .T. ) ;
#4477 = ADVANCED_FACE ( 'NONE', ( #308 ), #280, .T. ) ;
#4478 = ORIENTED_EDGE ( 'NONE', *, *, #4413, .T. ) ;
#4479 = EDGE_LOOP ( 'NONE', ( #4781, #4782, #4783, #4784, #4579, #4580, #4581, #4546, #4547, #4548 ) ) ;
#4480 = EDGE_CURVE ( 'NONE', #4806, #3027, #302, .T. ) ;
#4481 = ADVANCED_FACE ( 'NONE', ( #298 ), #297, .T. ) ;
#4482 = EDGE_LOOP ( 'NONE', ( #4483, #4484, #4841, #4587 ) ) ;
#4483 = ORIENTED_EDGE ( 'NONE', *, *, #3029, .F. ) ;
#4484 = ORIENTED_EDGE ( 'NONE', *, *, #4797, .F. ) ;
#4485 = ORIENTED_EDGE ( 'NONE', *, *, #4486, .F. ) ;
#4486 = EDGE_CURVE ( 'NONE', #4837, #4766, #290, .T. ) ;
#4487 = ORIENTED_EDGE ( 'NONE', *, *, #4488, .F. ) ;
#4488 = EDGE_CURVE ( 'NONE', #4489, #4837, #307, .T. ) ;
#4489 = VERTEX_POINT ( 'NONE', #303 ) ;
#4490 = ADVANCED_FACE ( 'NONE', ( #331 ), #330, .T. ) ;
#4491 = EDGE_LOOP ( 'NONE', ( #4577, #4578, #4787, #4773 ) ) ;
#4492 = ORIENTED_EDGE ( 'NONE', *, *, #3063, .F. ) ;
#4493 = VERTEX_POINT ( 'NONE', #333 ) ;
#4494 = ADVANCED_FACE ( 'NONE', ( #332 ), #295, .T. ) ;
#4495 = ORIENTED_EDGE ( 'NONE', *, *, #3386, .F. ) ;
#4496 = EDGE_CURVE ( 'NONE', #4519, #4317, #412, .T. ) ;
#4497 = ORIENTED_EDGE ( 'NONE', *, *, #4384, .T. ) ;
#4498 = ORIENTED_EDGE ( 'NONE', *, *, #3532, .F. ) ;
#4499 = ORIENTED_EDGE ( 'NONE', *, *, #4539, .T. ) ;
#4500 = ORIENTED_EDGE ( 'NONE', *, *, #3017, .F. ) ;
#4501 = ORIENTED_EDGE ( 'NONE', *, *, #4599, .F. ) ;
#4502 = ADVANCED_FACE ( 'NONE', ( #413 ), #424, .T. ) ;
#4503 = ORIENTED_EDGE ( 'NONE', *, *, #4448, .F. ) ;
#4504 = ORIENTED_EDGE ( 'NONE', *, *, #4601, .T. ) ;
#4505 = VERTEX_POINT ( 'NONE', #438 ) ;
#4506 = ORIENTED_EDGE ( 'NONE', *, *, #4433, .F. ) ;
#4507 = ORIENTED_EDGE ( 'NONE', *, *, #4473, .T. ) ;
#4508 = ORIENTED_EDGE ( 'NONE', *, *, #4465, .T. ) ;
#4509 = ADVANCED_FACE ( 'NONE', ( #437 ), #442, .T. ) ;
#4510 = EDGE_CURVE ( 'NONE', #4526, #4589, #422, .T. ) ;
#4511 = ADVANCED_FACE ( 'NONE', ( #418 ), #533, .T. ) ;
#4512 = ORIENTED_EDGE ( 'NONE', *, *, #4513, .F. ) ;
#4513 = EDGE_CURVE ( 'NONE', #4589, #4514, #545, .T. ) ;
#4514 = VERTEX_POINT ( 'NONE', #471 ) ;
#4515 = ORIENTED_EDGE ( 'NONE', *, *, #4614, .F. ) ;
#4516 = ORIENTED_EDGE ( 'NONE', *, *, #4322, .F. ) ;
#4517 = ADVANCED_FACE ( 'NONE', ( #546 ), #724, .T. ) ;
#4518 = ORIENTED_EDGE ( 'NONE', *, *, #4410, .F. ) ;
#4519 = VERTEX_POINT ( 'NONE', #707 ) ;
#4520 = EDGE_LOOP ( 'NONE', ( #4457, #4458, #4460, #4432 ) ) ;
#4521 = ORIENTED_EDGE ( 'NONE', *, *, #2885, .F. ) ;
#4522 = ORIENTED_EDGE ( 'NONE', *, *, #4523, .F. ) ;
#4523 = EDGE_CURVE ( 'NONE', #4527, #2883, #657, .T. ) ;
#4524 = ORIENTED_EDGE ( 'NONE', *, *, #4525, .F. ) ;
#4525 = EDGE_CURVE ( 'NONE', #4526, #4571, #726, .T. ) ;
#4526 = VERTEX_POINT ( 'NONE', #725 ) ;
#4527 = VERTEX_POINT ( 'NONE', #727 ) ;
#4528 = ORIENTED_EDGE ( 'NONE', *, *, #4391, .F. ) ;
#4529 = EDGE_LOOP ( 'NONE', ( #4537, #4538, #4444, #4446 ) ) ;
#4530 = EDGE_LOOP ( 'NONE', ( #4449, #4414, #4415, #4416 ) ) ;
#4531 = ADVANCED_FACE ( 'NONE', ( #696 ), #695, .T. ) ;
#4532 = EDGE_LOOP ( 'NONE', ( #4533, #4555, #4558, #4606 ) ) ;
#4533 = ORIENTED_EDGE ( 'NONE', *, *, #2988, .F. ) ;
#4534 = ORIENTED_EDGE ( 'NONE', *, *, #4441, .T. ) ;
#4535 = EDGE_LOOP ( 'NONE', ( #4602, #4603, #4536, #4447, #4451 ) ) ;
#4536 = ORIENTED_EDGE ( 'NONE', *, *, #4448, .T. ) ;
#4537 = ORIENTED_EDGE ( 'NONE', *, *, #3044, .F. ) ;
#4538 = ORIENTED_EDGE ( 'NONE', *, *, #4539, .F. ) ;
#4539 = EDGE_CURVE ( 'NONE', #4540, #3247, #694, .T. ) ;
#4540 = VERTEX_POINT ( 'NONE', #733 ) ;
#4541 = ORIENTED_EDGE ( 'NONE', *, *, #4597, .F. ) ;
#4542 = EDGE_LOOP ( 'NONE', ( #4543, #4544, #4775, #4785 ) ) ;
#4543 = ORIENTED_EDGE ( 'NONE', *, *, #3072, .F. ) ;
#4544 = ORIENTED_EDGE ( 'NONE', *, *, #4559, .F. ) ;
#4545 = EDGE_LOOP ( 'NONE', ( #4643, #4644, #4805, #4780 ) ) ;
#4546 = ORIENTED_EDGE ( 'NONE', *, *, #4799, .F. ) ;
#4547 = ORIENTED_EDGE ( 'NONE', *, *, #4842, .F. ) ;
#4548 = ORIENTED_EDGE ( 'NONE', *, *, #4828, .F. ) ;
#4549 = ADVANCED_FACE ( 'NONE', ( #732, #731 ), #722, .T. ) ;
#4550 = EDGE_LOOP ( 'NONE', ( #4840, #4485, #4487, #4582, #4585, #4825, #4802, #4826, #4754, #4752, #4810 ) ) ;
#4551 = ADVANCED_FACE ( 'NONE', ( #723 ), #717, .T. ) ;
#4552 = EDGE_LOOP ( 'NONE', ( #4553, #4554, #4796, #4696 ) ) ;
#4553 = ORIENTED_EDGE ( 'NONE', *, *, #3020, .F. ) ;
#4554 = ORIENTED_EDGE ( 'NONE', *, *, #4480, .F. ) ;
#4555 = ORIENTED_EDGE ( 'NONE', *, *, #4556, .F. ) ;
#4556 = EDGE_CURVE ( 'NONE', #4557, #2877, #716, .T. ) ;
#4557 = VERTEX_POINT ( 'NONE', #708 ) ;
#4558 = ORIENTED_EDGE ( 'NONE', *, *, #4605, .T. ) ;
#4559 = EDGE_CURVE ( 'NONE', #4422, #3073, #496, .T. ) ;
#4560 = ADVANCED_FACE ( 'NONE', ( #505 ), #503, .T. ) ;
#4561 = VERTEX_POINT ( 'NONE', #504 ) ;
#4562 = ORIENTED_EDGE ( 'NONE', *, *, #4563, .F. ) ;
#4563 = EDGE_CURVE ( 'NONE', #4570, #4627, #563, .T. ) ;
#4564 = ORIENTED_EDGE ( 'NONE', *, *, #4569, .T. ) ;
#4565 = ORIENTED_EDGE ( 'NONE', *, *, #4510, .T. ) ;
#4566 = EDGE_LOOP ( 'NONE', ( #4512, #4629, #4630, #4631 ) ) ;
#4567 = VERTEX_POINT ( 'NONE', #2725 ) ;
#4568 = ORIENTED_EDGE ( 'NONE', *, *, #4380, .F. ) ;
#4569 = EDGE_CURVE ( 'NONE', #4570, #4526, #768, .T. ) ;
#4570 = VERTEX_POINT ( 'NONE', #821 ) ;
#4571 = VERTEX_POINT ( 'NONE', #818 ) ;
#4572 = ORIENTED_EDGE ( 'NONE', *, *, #4569, .F. ) ;
#4573 = EDGE_LOOP ( 'NONE', ( #4462, #4623, #4621, #4591 ) ) ;
#4574 = EDGE_CURVE ( 'NONE', #4527, #4505, #796, .T. ) ;
#4575 = EDGE_CURVE ( 'NONE', #4576, #3468, #774, .T. ) ;
#4576 = VERTEX_POINT ( 'NONE', #770 ) ;
#4577 = ORIENTED_EDGE ( 'NONE', *, *, #3023, .F. ) ;
#4578 = ORIENTED_EDGE ( 'NONE', *, *, #4642, .F. ) ;
#4579 = ORIENTED_EDGE ( 'NONE', *, *, #4800, .F. ) ;
#4580 = ORIENTED_EDGE ( 'NONE', *, *, #4788, .F. ) ;
#4581 = ORIENTED_EDGE ( 'NONE', *, *, #4750, .F. ) ;
#4582 = ORIENTED_EDGE ( 'NONE', *, *, #4583, .F. ) ;
#4583 = EDGE_CURVE ( 'NONE', #4584, #4489, #817, .T. ) ;
#4584 = VERTEX_POINT ( 'NONE', #813 ) ;
#4585 = ORIENTED_EDGE ( 'NONE', *, *, #4824, .F. ) ;
#4586 = VERTEX_POINT ( 'NONE', #812 ) ;
#4587 = ORIENTED_EDGE ( 'NONE', *, *, #4844, .T. ) ;
#4588 = ADVANCED_FACE ( 'NONE', ( #811 ), #810, .T. ) ;
#4589 = VERTEX_POINT ( 'NONE', #790 ) ;
#4590 = EDGE_CURVE ( 'NONE', #4567, #4527, #827, .T. ) ;
#4591 = ORIENTED_EDGE ( 'NONE', *, *, #4473, .F. ) ;
#4592 = ADVANCED_FACE ( 'NONE', ( #867, #855 ), #883, .T. ) ;
#4593 = ORIENTED_EDGE ( 'NONE', *, *, #4594, .F. ) ;
#4594 = EDGE_CURVE ( 'NONE', #4571, #4442, #865, .T. ) ;
#4595 = ADVANCED_FACE ( 'NONE', ( #864 ), #881, .T. ) ;
#4596 = ORIENTED_EDGE ( 'NONE', *, *, #4594, .T. ) ;
#4597 = EDGE_CURVE ( 'NONE', #4454, #4598, #916, .T. ) ;
#4598 = VERTEX_POINT ( 'NONE', #915 ) ;
#4599 = EDGE_CURVE ( 'NONE', #4600, #3015, #917, .T. ) ;
#4600 = VERTEX_POINT ( 'NONE', #954 ) ;
#4601 = EDGE_CURVE ( 'NONE', #4442, #4454, #953, .T. ) ;
#4602 = ORIENTED_EDGE ( 'NONE', *, *, #4626, .T. ) ;
#4603 = ORIENTED_EDGE ( 'NONE', *, *, #4513, .T. ) ;
#4604 = ORIENTED_EDGE ( 'NONE', *, *, #4632, .F. ) ;
#4605 = EDGE_CURVE ( 'NONE', #4557, #4600, #949, .T. ) ;
#4606 = ORIENTED_EDGE ( 'NONE', *, *, #4599, .T. ) ;
#4607 = ADVANCED_FACE ( 'NONE', ( #945 ), #975, .T. ) ;
#4608 = ORIENTED_EDGE ( 'NONE', *, *, #4609, .T. ) ;
#4609 = EDGE_CURVE ( 'NONE', #4576, #4519, #969, .T. ) ;
#4610 = ORIENTED_EDGE ( 'NONE', *, *, #4273, .F. ) ;
#4611 = ORIENTED_EDGE ( 'NONE', *, *, #4335, .F. ) ;
#4612 = ORIENTED_EDGE ( 'NONE', *, *, #4384, .F. ) ;
#4613 = ORIENTED_EDGE ( 'NONE', *, *, #4614, .T. ) ;
#4614 = EDGE_CURVE ( 'NONE', #4493, #4389, #882, .T. ) ;
#4615 = ORIENTED_EDGE ( 'NONE', *, *, #4377, .T. ) ;
#4616 = ADVANCED_FACE ( 'NONE', ( #886 ), #885, .T. ) ;
#4617 = EDGE_LOOP ( 'NONE', ( #4618, #4320, #4321, #4245 ) ) ;
#4618 = ORIENTED_EDGE ( 'NONE', *, *, #3189, .F. ) ;
#4619 = ORIENTED_EDGE ( 'NONE', *, *, #4324, .F. ) ;
#4620 = ORIENTED_EDGE ( 'NONE', *, *, #4413, .F. ) ;
#4621 = ORIENTED_EDGE ( 'NONE', *, *, #4590, .F. ) ;
#4622 = EDGE_CURVE ( 'NONE', #4505, #4561, #1035, .T. ) ;
#4623 = ORIENTED_EDGE ( 'NONE', *, *, #4574, .F. ) ;
#4624 = EDGE_LOOP ( 'NONE', ( #4625, #4562, #4564, #4565 ) ) ;
#4625 = ORIENTED_EDGE ( 'NONE', *, *, #4626, .F. ) ;
#4626 = EDGE_CURVE ( 'NONE', #4627, #4589, #1034, .T. ) ;
#4627 = VERTEX_POINT ( 'NONE', #994 ) ;
#4628 = ORIENTED_EDGE ( 'NONE', *, *, #4609, .F. ) ;
#4629 = ORIENTED_EDGE ( 'NONE', *, *, #4510, .F. ) ;
#4630 = ORIENTED_EDGE ( 'NONE', *, *, #4525, .T. ) ;
#4631 = ORIENTED_EDGE ( 'NONE', *, *, #4632, .T. ) ;
#4632 = EDGE_CURVE ( 'NONE', #4571, #4514, #984, .T. ) ;
#4633 = ADVANCED_FACE ( 'NONE', ( #1021 ), #1036, .T. ) ;
#4634 = EDGE_LOOP ( 'NONE', ( #4503, #4604, #4596, #4504 ) ) ;
#4635 = ORIENTED_EDGE ( 'NONE', *, *, #4771, .T. ) ;
#4636 = EDGE_CURVE ( 'NONE', #4753, #4749, #1099, .T. ) ;
#4637 = VERTEX_POINT ( 'NONE', #1100 ) ;
#4638 = EDGE_CURVE ( 'NONE', #4637, #2809, #1055, .T. ) ;
#4639 = EDGE_CURVE ( 'NONE', #4584, #3520, #1157, .T. ) ;
#4640 = ORIENTED_EDGE ( 'NONE', *, *, #4583, .T. ) ;
#4641 = ORIENTED_EDGE ( 'NONE', *, *, #4666, .T. ) ;
#4642 = EDGE_CURVE ( 'NONE', #4801, #3026, #1144, .T. ) ;
#4643 = ORIENTED_EDGE ( 'NONE', *, *, #3025, .F. ) ;
#4644 = ORIENTED_EDGE ( 'NONE', *, *, #4804, .F. ) ;
#4645 = EDGE_CURVE ( 'NONE', #4812, #4753, #1086, .T. ) ;
#4646 = EDGE_LOOP ( 'NONE', ( #4821, #4691, #4823, #4674, #4677 ) ) ;
#4647 = ORIENTED_EDGE ( 'NONE', *, *, #4746, .T. ) ;
#4648 = ADVANCED_FACE ( 'NONE', ( #1087 ), #1077, .T. ) ;
#4649 = ORIENTED_EDGE ( 'NONE', *, *, #4650, .T. ) ;
#4650 = EDGE_CURVE ( 'NONE', #4749, #4651, #991, .T. ) ;
#4651 = VERTEX_POINT ( 'NONE', #987 ) ;
#4652 = ORIENTED_EDGE ( 'NONE', *, *, #4653, .F. ) ;
#4653 = EDGE_CURVE ( 'NONE', #4753, #4711, #1122, .T. ) ;
#4654 = EDGE_CURVE ( 'NONE', #4732, #4655, #1174, .T. ) ;
#4655 = VERTEX_POINT ( 'NONE', #1281 ) ;
#4656 = ORIENTED_EDGE ( 'NONE', *, *, #4657, .F. ) ;
#4657 = EDGE_CURVE ( 'NONE', #4658, #4732, #1209, .T. ) ;
#4658 = VERTEX_POINT ( 'NONE', #1224 ) ;
#4659 = ORIENTED_EDGE ( 'NONE', *, *, #4660, .T. ) ;
#4660 = EDGE_CURVE ( 'NONE', #4676, #4760, #1268, .T. ) ;
#4661 = ADVANCED_FACE ( 'NONE', ( #1252 ), #1251, .T. ) ;
#4662 = ORIENTED_EDGE ( 'NONE', *, *, #4679, .F. ) ;
#4663 = ORIENTED_EDGE ( 'NONE', *, *, #4488, .T. ) ;
#4664 = ORIENTED_EDGE ( 'NONE', *, *, #3497, .F. ) ;
#4665 = ORIENTED_EDGE ( 'NONE', *, *, #4666, .F. ) ;
#4666 = EDGE_CURVE ( 'NONE', #4837, #3498, #1273, .T. ) ;
#4667 = ORIENTED_EDGE ( 'NONE', *, *, #4486, .T. ) ;
#4668 = ORIENTED_EDGE ( 'NONE', *, *, #4695, .T. ) ;
#4669 = ADVANCED_FACE ( 'NONE', ( #1236 ), #1234, .T. ) ;
#4670 = EDGE_LOOP ( 'NONE', ( #4671, #4672, #4793, #4794 ) ) ;
#4671 = ORIENTED_EDGE ( 'NONE', *, *, #3527, .F. ) ;
#4672 = ORIENTED_EDGE ( 'NONE', *, *, #4673, .F. ) ;
#4673 = EDGE_CURVE ( 'NONE', #4586, #3518, #1235, .T. ) ;
#4674 = ORIENTED_EDGE ( 'NONE', *, *, #4675, .F. ) ;
#4675 = EDGE_CURVE ( 'NONE', #4676, #4812, #1197, .T. ) ;
#4676 = VERTEX_POINT ( 'NONE', #1113 ) ;
#4677 = ORIENTED_EDGE ( 'NONE', *, *, #4678, .F. ) ;
#4678 = EDGE_CURVE ( 'NONE', #4692, #4676, #1083, .T. ) ;
#4679 = EDGE_CURVE ( 'NONE', #4888, #4760, #1078, .T. ) ;
#4680 = ORIENTED_EDGE ( 'NONE', *, *, #4758, .F. ) ;
#4681 = ORIENTED_EDGE ( 'NONE', *, *, #4678, .T. ) ;
#4682 = EDGE_LOOP ( 'NONE', ( #4712, #4715, #4733, #4734 ) ) ;
#4683 = ORIENTED_EDGE ( 'NONE', *, *, #4684, .F. ) ;
#4684 = EDGE_CURVE ( 'NONE', #4685, #4658, #1377, .T. ) ;
#4685 = VERTEX_POINT ( 'NONE', #1378 ) ;
#4686 = ORIENTED_EDGE ( 'NONE', *, *, #4687, .F. ) ;
#4687 = EDGE_CURVE ( 'NONE', #4655, #4685, #1345, .T. ) ;
#4688 = ORIENTED_EDGE ( 'NONE', *, *, #4769, .T. ) ;
#4689 = ADVANCED_FACE ( 'NONE', ( #1344 ), #1370, .T. ) ;
#4690 = ORIENTED_EDGE ( 'NONE', *, *, #3442, .F. ) ;
#4691 = ORIENTED_EDGE ( 'NONE', *, *, #4636, .F. ) ;
#4692 = VERTEX_POINT ( 'NONE', #1349 ) ;
#4693 = ORIENTED_EDGE ( 'NONE', *, *, #3414, .F. ) ;
#4694 = ORIENTED_EDGE ( 'NONE', *, *, #4695, .F. ) ;
#4695 = EDGE_CURVE ( 'NONE', #4489, #3356, #1379, .T. ) ;
#4696 = ORIENTED_EDGE ( 'NONE', *, *, #4428, .T. ) ;
#4697 = ORIENTED_EDGE ( 'NONE', *, *, #4799, .T. ) ;
#4698 = ORIENTED_EDGE ( 'NONE', *, *, #4699, .F. ) ;
#4699 = EDGE_CURVE ( 'NONE', #4700, #4701, #1471, .T. ) ;
#4700 = VERTEX_POINT ( 'NONE', #1399 ) ;
#4701 = VERTEX_POINT ( 'NONE', #1416 ) ;
#4702 = EDGE_LOOP ( 'NONE', ( #4865, #4862, #4929, #4889 ) ) ;
#4703 = ADVANCED_FACE ( 'NONE', ( #1447 ), #1445, .T. ) ;
#4704 = EDGE_LOOP ( 'NONE', ( #4705, #4706, #4725, #4726, #4728 ) ) ;
#4705 = ORIENTED_EDGE ( 'NONE', *, *, #4710, .T. ) ;
#4706 = ORIENTED_EDGE ( 'NONE', *, *, #4885, .T. ) ;
#4707 = ORIENTED_EDGE ( 'NONE', *, *, #4835, .T. ) ;
#4708 = ADVANCED_FACE ( 'NONE', ( #1446 ), #1460, .T. ) ;
#4709 = ORIENTED_EDGE ( 'NONE', *, *, #4710, .F. ) ;
#4710 = EDGE_CURVE ( 'NONE', #4711, #4651, #1459, .T. ) ;
#4711 = VERTEX_POINT ( 'NONE', #1389 ) ;
#4712 = ORIENTED_EDGE ( 'NONE', *, *, #4713, .F. ) ;
#4713 = EDGE_CURVE ( 'NONE', #4760, #4714, #1386, .T. ) ;
#4714 = VERTEX_POINT ( 'NONE', #1387 ) ;
#4715 = ORIENTED_EDGE ( 'NONE', *, *, #4660, .F. ) ;
#4716 = ORIENTED_EDGE ( 'NONE', *, *, #4636, .T. ) ;
#4717 = VERTEX_POINT ( 'NONE', #1388 ) ;
#4718 = VERTEX_POINT ( 'NONE', #1462 ) ;
#4719 = ORIENTED_EDGE ( 'NONE', *, *, #4720, .T. ) ;
#4720 = EDGE_CURVE ( 'NONE', #4836, #3501, #1398, .T. ) ;
#4721 = ADVANCED_FACE ( 'NONE', ( #1394 ), #1393, .T. ) ;
#4722 = EDGE_LOOP ( 'NONE', ( #4723, #4761, #4762, #4763 ) ) ;
#4723 = ORIENTED_EDGE ( 'NONE', *, *, #4724, .F. ) ;
#4724 = EDGE_CURVE ( 'NONE', #4714, #4711, #1319, .T. ) ;
#4725 = ORIENTED_EDGE ( 'NONE', *, *, #4679, .T. ) ;
#4726 = ORIENTED_EDGE ( 'NONE', *, *, #4713, .T. ) ;
#4727 = ORIENTED_EDGE ( 'NONE', *, *, #4638, .T. ) ;
#4728 = ORIENTED_EDGE ( 'NONE', *, *, #4724, .T. ) ;
#4729 = ADVANCED_FACE ( 'NONE', ( #1436, #1435 ), #1434, .T. ) ;
#4730 = EDGE_LOOP ( 'NONE', ( #4731, #4656, #4683, #4686 ) ) ;
#4731 = ORIENTED_EDGE ( 'NONE', *, *, #4654, .F. ) ;
#4732 = VERTEX_POINT ( 'NONE', #1302 ) ;
#4733 = ORIENTED_EDGE ( 'NONE', *, *, #4675, .T. ) ;
#4734 = ORIENTED_EDGE ( 'NONE', *, *, #4735, .T. ) ;
#4735 = EDGE_CURVE ( 'NONE', #4812, #4714, #1301, .T. ) ;
#4736 = ORIENTED_EDGE ( 'NONE', *, *, #4737, .F. ) ;
#4737 = EDGE_CURVE ( 'NONE', #4748, #3502, #1511, .T. ) ;
#4738 = ORIENTED_EDGE ( 'NONE', *, *, #4747, .T. ) ;
#4739 = EDGE_LOOP ( 'NONE', ( #4690, #4736, #4738, #4707 ) ) ;
#4740 = EDGE_LOOP ( 'NONE', ( #4698, #4973, #4975, #5079 ) ) ;
#4741 = ORIENTED_EDGE ( 'NONE', *, *, #4804, .T. ) ;
#4742 = EDGE_LOOP ( 'NONE', ( #4767, #4768, #4816, #4635 ) ) ;
#4743 = EDGE_LOOP ( 'NONE', ( #4744, #4745, #4776, #4777 ) ) ;
#4744 = ORIENTED_EDGE ( 'NONE', *, *, #3517, .F. ) ;
#4745 = ORIENTED_EDGE ( 'NONE', *, *, #4746, .F. ) ;
#4746 = EDGE_CURVE ( 'NONE', #4717, #3388, #1528, .T. ) ;
#4747 = EDGE_CURVE ( 'NONE', #4748, #4637, #1500, .T. ) ;
#4748 = VERTEX_POINT ( 'NONE', #1499 ) ;
#4749 = VERTEX_POINT ( 'NONE', #1501 ) ;
#4750 = EDGE_CURVE ( 'NONE', #4839, #4801, #1548, .T. ) ;
#4751 = ORIENTED_EDGE ( 'NONE', *, *, #3398, .F. ) ;
#4752 = ORIENTED_EDGE ( 'NONE', *, *, #4747, .F. ) ;
#4753 = VERTEX_POINT ( 'NONE', #1538 ) ;
#4754 = ORIENTED_EDGE ( 'NONE', *, *, #4638, .F. ) ;
#4755 = ORIENTED_EDGE ( 'NONE', *, *, #4765, .T. ) ;
#4756 = ADVANCED_FACE ( 'NONE', ( #1537 ), #1490, .T. ) ;
#4757 = EDGE_LOOP ( 'NONE', ( #4709, #4652, #4716, #4649 ) ) ;
#4758 = EDGE_CURVE ( 'NONE', #4692, #4888, #1485, .T. ) ;
#4759 = ADVANCED_FACE ( 'NONE', ( #1497 ), #1496, .T. ) ;
#4760 = VERTEX_POINT ( 'NONE', #1491 ) ;
#4761 = ORIENTED_EDGE ( 'NONE', *, *, #4735, .F. ) ;
#4762 = ORIENTED_EDGE ( 'NONE', *, *, #4645, .T. ) ;
#4763 = ORIENTED_EDGE ( 'NONE', *, *, #4653, .T. ) ;
#4764 = ADVANCED_FACE ( 'NONE', ( #1508 ), #1477, .T. ) ;
#4765 = EDGE_CURVE ( 'NONE', #4766, #4836, #1629, .T. ) ;
#4766 = VERTEX_POINT ( 'NONE', #1636 ) ;
#4767 = ORIENTED_EDGE ( 'NONE', *, *, #3390, .F. ) ;
#4768 = ORIENTED_EDGE ( 'NONE', *, *, #4769, .F. ) ;
#4769 = EDGE_CURVE ( 'NONE', #2809, #3396, #1635, .T. ) ;
#4770 = ORIENTED_EDGE ( 'NONE', *, *, #4771, .F. ) ;
#4771 = EDGE_CURVE ( 'NONE', #4718, #3391, #1569, .T. ) ;
#4772 = ORIENTED_EDGE ( 'NONE', *, *, #4803, .T. ) ;
#4773 = ORIENTED_EDGE ( 'NONE', *, *, #4480, .T. ) ;
#4774 = ADVANCED_FACE ( 'NONE', ( #1565 ), #1605, .T. ) ;
#4775 = ORIENTED_EDGE ( 'NONE', *, *, #4828, .T. ) ;
#4776 = ORIENTED_EDGE ( 'NONE', *, *, #4786, .T. ) ;
#4777 = ORIENTED_EDGE ( 'NONE', *, *, #4673, .T. ) ;
#4778 = ADVANCED_FACE ( 'NONE', ( #1606 ), #1600, .T. ) ;
#4779 = EDGE_LOOP ( 'NONE', ( #4751, #4770, #4772, #4647 ) ) ;
#4780 = ORIENTED_EDGE ( 'NONE', *, *, #4642, .T. ) ;
#4781 = ORIENTED_EDGE ( 'NONE', *, *, #4421, .F. ) ;
#4782 = ORIENTED_EDGE ( 'NONE', *, *, #4605, .F. ) ;
#4783 = ORIENTED_EDGE ( 'NONE', *, *, #4445, .F. ) ;
#4784 = ORIENTED_EDGE ( 'NONE', *, *, #4431, .F. ) ;
#4785 = ORIENTED_EDGE ( 'NONE', *, *, #4797, .T. ) ;
#4786 = EDGE_CURVE ( 'NONE', #4717, #4586, #1591, .T. ) ;
#4787 = ORIENTED_EDGE ( 'NONE', *, *, #4788, .T. ) ;
#4788 = EDGE_CURVE ( 'NONE', #4801, #4806, #1574, .T. ) ;
#4789 = ADVANCED_FACE ( 'NONE', ( #1570 ), #1575, .T. ) ;
#4790 = EDGE_LOOP ( 'NONE', ( #4791, #4843, #4697, #4741 ) ) ;
#4791 = ORIENTED_EDGE ( 'NONE', *, *, #2889, .F. ) ;
#4792 = EDGE_LOOP ( 'NONE', ( #4664, #4665, #4667, #4807 ) ) ;
#4793 = ORIENTED_EDGE ( 'NONE', *, *, #4824, .T. ) ;
#4794 = ORIENTED_EDGE ( 'NONE', *, *, #4639, .T. ) ;
#4795 = ADVANCED_FACE ( 'NONE', ( #1611 ), #1610, .T. ) ;
#4796 = ORIENTED_EDGE ( 'NONE', *, *, #4800, .T. ) ;
#4797 = EDGE_CURVE ( 'NONE', #4798, #3193, #1562, .T. ) ;
#4798 = VERTEX_POINT ( 'NONE', #1558 ) ;
#4799 = EDGE_CURVE ( 'NONE', #4845, #4839, #1625, .T. ) ;
#4800 = EDGE_CURVE ( 'NONE', #4806, #4429, #1621, .T. ) ;
#4801 = VERTEX_POINT ( 'NONE', #1583 ) ;
#4802 = ORIENTED_EDGE ( 'NONE', *, *, #4803, .F. ) ;
#4803 = EDGE_CURVE ( 'NONE', #4718, #4717, #1582, .T. ) ;
#4804 = EDGE_CURVE ( 'NONE', #4839, #3028, #1577, .T. ) ;
#4805 = ORIENTED_EDGE ( 'NONE', *, *, #4750, .T. ) ;
#4806 = VERTEX_POINT ( 'NONE', #1504 ) ;
#4807 = ORIENTED_EDGE ( 'NONE', *, *, #4815, .T. ) ;
#4808 = ADVANCED_FACE ( 'NONE', ( #1503 ), #1481, .T. ) ;
#4809 = EDGE_LOOP ( 'NONE', ( #4693, #4694, #4663, #4641 ) ) ;
#4810 = ORIENTED_EDGE ( 'NONE', *, *, #4811, .F. ) ;
#4811 = EDGE_CURVE ( 'NONE', #4836, #4748, #1482, .T. ) ;
#4812 = VERTEX_POINT ( 'NONE', #1472 ) ;
#4813 = ORIENTED_EDGE ( 'NONE', *, *, #3458, .F. ) ;
#4814 = ORIENTED_EDGE ( 'NONE', *, *, #4815, .F. ) ;
#4815 = EDGE_CURVE ( 'NONE', #4766, #3459, #1578, .T. ) ;
#4816 = ORIENTED_EDGE ( 'NONE', *, *, #4827, .T. ) ;
#4817 = ADVANCED_FACE ( 'NONE', ( #1680 ), #1650, .T. ) ;
#4818 = EDGE_LOOP ( 'NONE', ( #4819, #4820, #4640, #4668 ) ) ;
#4819 = ORIENTED_EDGE ( 'NONE', *, *, #3355, .F. ) ;
#4820 = ORIENTED_EDGE ( 'NONE', *, *, #4639, .F. ) ;
#4821 = ORIENTED_EDGE ( 'NONE', *, *, #4822, .F. ) ;
#4822 = EDGE_CURVE ( 'NONE', #4749, #4692, #1658, .T. ) ;
#4823 = ORIENTED_EDGE ( 'NONE', *, *, #4645, .F. ) ;
#4824 = EDGE_CURVE ( 'NONE', #4586, #4584, #1696, .T. ) ;
#4825 = ORIENTED_EDGE ( 'NONE', *, *, #4786, .F. ) ;
#4826 = ORIENTED_EDGE ( 'NONE', *, *, #4827, .F. ) ;
#4827 = EDGE_CURVE ( 'NONE', #2809, #4718, #1670, .T. ) ;
#4828 = EDGE_CURVE ( 'NONE', #4422, #4798, #1669, .T. ) ;
#4829 = ADVANCED_FACE ( 'NONE', ( #1654 ), #1652, .T. ) ;
#4830 = EDGE_LOOP ( 'NONE', ( #4813, #4814, #4755, #4719 ) ) ;
#4831 = ADVANCED_FACE ( 'NONE', ( #1653 ), #1663, .T. ) ;
#4832 = EDGE_LOOP ( 'NONE', ( #4833, #4834, #4727, #4688 ) ) ;
#4833 = ORIENTED_EDGE ( 'NONE', *, *, #3395, .F. ) ;
#4834 = ORIENTED_EDGE ( 'NONE', *, *, #4835, .F. ) ;
#4835 = EDGE_CURVE ( 'NONE', #4637, #3399, #1783, .T. ) ;
#4836 = VERTEX_POINT ( 'NONE', #1779 ) ;
#4837 = VERTEX_POINT ( 'NONE', #1778 ) ;
#4838 = ADVANCED_FACE ( 'NONE', ( #1777 ), #1776, .F. ) ;
#4839 = VERTEX_POINT ( 'NONE', #1735 ) ;
#4840 = ORIENTED_EDGE ( 'NONE', *, *, #4765, .F. ) ;
#4841 = ORIENTED_EDGE ( 'NONE', *, *, #4842, .T. ) ;
#4842 = EDGE_CURVE ( 'NONE', #4798, #4845, #1734, .T. ) ;
#4843 = ORIENTED_EDGE ( 'NONE', *, *, #4844, .F. ) ;
#4844 = EDGE_CURVE ( 'NONE', #4845, #3226, #1715, .T. ) ;
#4845 = VERTEX_POINT ( 'NONE', #1711 ) ;
#4846 = ORIENTED_EDGE ( 'NONE', *, *, #2847, .F. ) ;
#4847 = ORIENTED_EDGE ( 'NONE', *, *, #4848, .F. ) ;
#4848 = EDGE_CURVE ( 'NONE', #4877, #2863, #1710, .T. ) ;
#4849 = ORIENTED_EDGE ( 'NONE', *, *, #4958, .T. ) ;
#4850 = ORIENTED_EDGE ( 'NONE', *, *, #4893, .F. ) ;
#4851 = ORIENTED_EDGE ( 'NONE', *, *, #4928, .F. ) ;
#4852 = EDGE_CURVE ( 'NONE', #4983, #4853, #1727, .T. ) ;
#4853 = VERTEX_POINT ( 'NONE', #1723 ) ;
#4854 = EDGE_LOOP ( 'NONE', ( #4986, #4981, #4984, #4905 ) ) ;
#4855 = ORIENTED_EDGE ( 'NONE', *, *, #4988, .F. ) ;
#4856 = ORIENTED_EDGE ( 'NONE', *, *, #4941, .F. ) ;
#4857 = ORIENTED_EDGE ( 'NONE', *, *, #4891, .F. ) ;
#4858 = ORIENTED_EDGE ( 'NONE', *, *, #4953, .F. ) ;
#4859 = ORIENTED_EDGE ( 'NONE', *, *, #4860, .F. ) ;
#4860 = EDGE_CURVE ( 'NONE', #4980, #2855, #1704, .T. ) ;
#4861 = ORIENTED_EDGE ( 'NONE', *, *, #4758, .T. ) ;
#4862 = ORIENTED_EDGE ( 'NONE', *, *, #4720, .F. ) ;
#4863 = EDGE_LOOP ( 'NONE', ( #4886, #4945, #4907, #4849 ) ) ;
#4864 = VERTEX_POINT ( 'NONE', #1700 ) ;
#4865 = ORIENTED_EDGE ( 'NONE', *, *, #3381, .F. ) ;
#4866 = ADVANCED_FACE ( 'NONE', ( #1699 ), #1698, .T. ) ;
#4867 = ORIENTED_EDGE ( 'NONE', *, *, #4906, .T. ) ;
#4868 = EDGE_CURVE ( 'NONE', #4959, #4864, #1758, .T. ) ;
#4869 = ADVANCED_FACE ( 'NONE', ( #1754 ), #1752, .T. ) ;
#4870 = ORIENTED_EDGE ( 'NONE', *, *, #4941, .T. ) ;
#4871 = ORIENTED_EDGE ( 'NONE', *, *, #4953, .T. ) ;
#4872 = EDGE_LOOP ( 'NONE', ( #4921, #4847, #4871, #4954 ) ) ;
#4873 = ORIENTED_EDGE ( 'NONE', *, *, #2853, .F. ) ;
#4874 = EDGE_CURVE ( 'NONE', #2729, #4943, #1797, .T. ) ;
#4875 = ADVANCED_FACE ( 'NONE', ( #1845 ), #1884, .T. ) ;
#4876 = ORIENTED_EDGE ( 'NONE', *, *, #4868, .F. ) ;
#4877 = VERTEX_POINT ( 'NONE', #1812 ) ;
#4878 = EDGE_CURVE ( 'NONE', #4955, #2854, #1808, .T. ) ;
#4879 = ORIENTED_EDGE ( 'NONE', *, *, #4988, .T. ) ;
#4880 = EDGE_LOOP ( 'NONE', ( #4950, #4951, #4879, #4989 ) ) ;
#4881 = ADVANCED_FACE ( 'NONE', ( #1820 ), #1818, .T. ) ;
#4882 = EDGE_LOOP ( 'NONE', ( #4919, #4976, #4870, #4867 ) ) ;
#4883 = ORIENTED_EDGE ( 'NONE', *, *, #4650, .F. ) ;
#4884 = EDGE_CURVE ( 'NONE', #4864, #5031, #1819, .T. ) ;
#4885 = EDGE_CURVE ( 'NONE', #4651, #4888, #1836, .T. ) ;
#4886 = ORIENTED_EDGE ( 'NONE', *, *, #2829, .F. ) ;
#4887 = EDGE_LOOP ( 'NONE', ( #4662, #4680, #4681, #4659 ) ) ;
#4888 = VERTEX_POINT ( 'NONE', #1844 ) ;
#4889 = ORIENTED_EDGE ( 'NONE', *, *, #4737, .T. ) ;
#4890 = ORIENTED_EDGE ( 'NONE', *, *, #4885, .F. ) ;
#4891 = EDGE_CURVE ( 'NONE', #4971, #4939, #1843, .T. ) ;
#4892 = ORIENTED_EDGE ( 'NONE', *, *, #4956, .F. ) ;
#4893 = EDGE_CURVE ( 'NONE', #4924, #4955, #1860, .T. ) ;
#4894 = ORIENTED_EDGE ( 'NONE', *, *, #4878, .T. ) ;
#4895 = ADVANCED_FACE ( 'NONE', ( #1856 ), #1854, .T. ) ;
#4896 = EDGE_LOOP ( 'NONE', ( #4846, #4926, #4927, #4938 ) ) ;
#4897 = EDGE_LOOP ( 'NONE', ( #4967, #4909, #4915, #4966 ) ) ;
#4898 = ORIENTED_EDGE ( 'NONE', *, *, #4899, .F. ) ;
#4899 = EDGE_CURVE ( 'NONE', #4992, #2981, #1855, .T. ) ;
#4900 = ORIENTED_EDGE ( 'NONE', *, *, #2861, .F. ) ;
#4901 = ORIENTED_EDGE ( 'NONE', *, *, #4931, .F. ) ;
#4902 = ORIENTED_EDGE ( 'NONE', *, *, #5203, .T. ) ;
#4903 = EDGE_LOOP ( 'NONE', ( #5200, #5201, #4965, #4994 ) ) ;
#4904 = ADVANCED_FACE ( 'NONE', ( #1880 ), #1878, .F. ) ;
#4905 = ORIENTED_EDGE ( 'NONE', *, *, #4931, .T. ) ;
#4906 = EDGE_CURVE ( 'NONE', #4959, #2979, #1879, .T. ) ;
#4907 = ORIENTED_EDGE ( 'NONE', *, *, #4868, .T. ) ;
#4908 = EDGE_LOOP ( 'NONE', ( #4900, #4901, #4902, #5204 ) ) ;
#4909 = ORIENTED_EDGE ( 'NONE', *, *, #4914, .F. ) ;
#4910 = VERTEX_POINT ( 'NONE', #1870 ) ;
#4911 = ADVANCED_FACE ( 'NONE', ( #1869 ), #1868, .T. ) ;
#4912 = ORIENTED_EDGE ( 'NONE', *, *, #4913, .T. ) ;
#4913 = EDGE_CURVE ( 'NONE', #4992, #4910, #1867, .T. ) ;
#4914 = EDGE_CURVE ( 'NONE', #4910, #2835, #1667, .T. ) ;
#4915 = ORIENTED_EDGE ( 'NONE', *, *, #5104, .T. ) ;
#4916 = ORIENTED_EDGE ( 'NONE', *, *, #4914, .T. ) ;
#4917 = ORIENTED_EDGE ( 'NONE', *, *, #4960, .F. ) ;
#4918 = ORIENTED_EDGE ( 'NONE', *, *, #2920, .F. ) ;
#4919 = ORIENTED_EDGE ( 'NONE', *, *, #2978, .F. ) ;
#4920 = ORIENTED_EDGE ( 'NONE', *, *, #4884, .T. ) ;
#4921 = ORIENTED_EDGE ( 'NONE', *, *, #2850, .F. ) ;
#4922 = ORIENTED_EDGE ( 'NONE', *, *, #4923, .F. ) ;
#4923 = EDGE_CURVE ( 'NONE', #4924, #2848, #1691, .T. ) ;
#4924 = VERTEX_POINT ( 'NONE', #1687 ) ;
#4925 = ORIENTED_EDGE ( 'NONE', *, *, #4893, .T. ) ;
#4926 = ORIENTED_EDGE ( 'NONE', *, *, #5026, .F. ) ;
#4927 = ORIENTED_EDGE ( 'NONE', *, *, #4928, .T. ) ;
#4928 = EDGE_CURVE ( 'NONE', #5131, #4924, #1753, .T. ) ;
#4929 = ORIENTED_EDGE ( 'NONE', *, *, #4811, .T. ) ;
#4930 = ADVANCED_FACE ( 'NONE', ( #1923 ), #1957, .T. ) ;
#4931 = EDGE_CURVE ( 'NONE', #4853, #2836, #1901, .T. ) ;
#4932 = ADVANCED_FACE ( 'NONE', ( #1930 ), #1928, .T. ) ;
#4933 = EDGE_LOOP ( 'NONE', ( #4934, #4859, #5005, #5221 ) ) ;
#4934 = ORIENTED_EDGE ( 'NONE', *, *, #2924, .F. ) ;
#4935 = ORIENTED_EDGE ( 'NONE', *, *, #5130, .F. ) ;
#4936 = ORIENTED_EDGE ( 'NONE', *, *, #5077, .F. ) ;
#4937 = EDGE_LOOP ( 'NONE', ( #4935, #4936, #4987, #4876, #4856, #4857, #4858, #4855, #4850, #4851 ) ) ;
#4938 = ORIENTED_EDGE ( 'NONE', *, *, #4923, .T. ) ;
#4939 = VERTEX_POINT ( 'NONE', #1929 ) ;
#4940 = ORIENTED_EDGE ( 'NONE', *, *, #4958, .F. ) ;
#4941 = EDGE_CURVE ( 'NONE', #4939, #4959, #1915, .T. ) ;
#4942 = ORIENTED_EDGE ( 'NONE', *, *, #5030, .T. ) ;
#4943 = VERTEX_POINT ( 'NONE', #1916 ) ;
#4944 = EDGE_LOOP ( 'NONE', ( #4918, #4940, #4920, #4942 ) ) ;
#4945 = ORIENTED_EDGE ( 'NONE', *, *, #4906, .F. ) ;
#4946 = EDGE_LOOP ( 'NONE', ( #4873, #4922, #4925, #4894 ) ) ;
#4947 = EDGE_LOOP ( 'NONE', ( #4970, #4892, #4952, #4957 ) ) ;
#4948 = ADVANCED_FACE ( 'NONE', ( #1911 ), #1910, .T. ) ;
#4949 = ADVANCED_FACE ( 'NONE', ( #1894 ), #1890, .T. ) ;
#4950 = ORIENTED_EDGE ( 'NONE', *, *, #2862, .F. ) ;
#4951 = ORIENTED_EDGE ( 'NONE', *, *, #4878, .F. ) ;
#4952 = ORIENTED_EDGE ( 'NONE', *, *, #4891, .T. ) ;
#4953 = EDGE_CURVE ( 'NONE', #4877, #4971, #1940, .T. ) ;
#4954 = ORIENTED_EDGE ( 'NONE', *, *, #4956, .T. ) ;
#4955 = VERTEX_POINT ( 'NONE', #1941 ) ;
#4956 = EDGE_CURVE ( 'NONE', #4971, #2826, #1936, .T. ) ;
#4957 = ORIENTED_EDGE ( 'NONE', *, *, #4977, .T. ) ;
#4958 = EDGE_CURVE ( 'NONE', #4864, #2830, #1900, .T. ) ;
#4959 = VERTEX_POINT ( 'NONE', #1896 ) ;
#4960 = EDGE_CURVE ( 'NONE', #4991, #2926, #1950, .T. ) ;
#4961 = EDGE_CURVE ( 'NONE', #4962, #2834, #1946, .T. ) ;
#4962 = VERTEX_POINT ( 'NONE', #1942 ) ;
#4963 = EDGE_CURVE ( 'NONE', #4980, #4983, #1956, .T. ) ;
#4964 = VERTEX_POINT ( 'NONE', #1952 ) ;
#4965 = ORIENTED_EDGE ( 'NONE', *, *, #4993, .T. ) ;
#4966 = ORIENTED_EDGE ( 'NONE', *, *, #4860, .T. ) ;
#4967 = ORIENTED_EDGE ( 'NONE', *, *, #2996, .F. ) ;
#4968 = EDGE_LOOP ( 'NONE', ( #5186, #4917, #5220, #5219 ) ) ;
#4969 = EDGE_LOOP ( 'NONE', ( #5187, #4898, #4912, #4916 ) ) ;
#4970 = ORIENTED_EDGE ( 'NONE', *, *, #2975, .F. ) ;
#4971 = VERTEX_POINT ( 'NONE', #1951 ) ;
#4972 = ORIENTED_EDGE ( 'NONE', *, *, #4822, .T. ) ;
#4973 = ORIENTED_EDGE ( 'NONE', *, *, #4978, .F. ) ;
#4974 = EDGE_LOOP ( 'NONE', ( #4890, #4883, #4972, #4861 ) ) ;
#4975 = ORIENTED_EDGE ( 'NONE', *, *, #4874, .F. ) ;
#4976 = ORIENTED_EDGE ( 'NONE', *, *, #4977, .F. ) ;
#4977 = EDGE_CURVE ( 'NONE', #4939, #2976, #1961, .T. ) ;
#4978 = EDGE_CURVE ( 'NONE', #4943, #4700, #1908, .T. ) ;
#4979 = ADVANCED_FACE ( 'NONE', ( #1963 ), #2023, .T. ) ;
#4980 = VERTEX_POINT ( 'NONE', #2022 ) ;
#4981 = ORIENTED_EDGE ( 'NONE', *, *, #4982, .F. ) ;
#4982 = EDGE_CURVE ( 'NONE', #4983, #2919, #2038, .T. ) ;
#4983 = VERTEX_POINT ( 'NONE', #2034 ) ;
#4984 = ORIENTED_EDGE ( 'NONE', *, *, #4852, .T. ) ;
#4985 = ADVANCED_FACE ( 'NONE', ( #2005 ), #2004, .T. ) ;
#4986 = ORIENTED_EDGE ( 'NONE', *, *, #2840, .F. ) ;
#4987 = ORIENTED_EDGE ( 'NONE', *, *, #4884, .F. ) ;
#4988 = EDGE_CURVE ( 'NONE', #4955, #4877, #2003, .T. ) ;
#4989 = ORIENTED_EDGE ( 'NONE', *, *, #4848, .T. ) ;
#4990 = EDGE_LOOP ( 'NONE', ( #5009, #5144, #5145, #5185 ) ) ;
#4991 = VERTEX_POINT ( 'NONE', #2012 ) ;
#4992 = VERTEX_POINT ( 'NONE', #2011 ) ;
#4993 = EDGE_CURVE ( 'NONE', #4964, #4991, #2033, .T. ) ;
#4994 = ORIENTED_EDGE ( 'NONE', *, *, #4960, .T. ) ;
#4995 = DIRECTION ( 'NONE',  ( 0.01745240643728355000, 0.0000000000000000000, 0.9998476951563912700 ) ) ;
#4996 = VECTOR ( 'NONE', #4995, 39.37007874015748100 ) ;
#4997 = CARTESIAN_POINT ( 'NONE',  ( -3.887999999999998600, -6.759999999999998900, 0.3449999999999999200 ) ) ;
#4998 = LINE ( 'NONE', #4997, #4996 ) ;
#4999 = CARTESIAN_POINT ( 'NONE',  ( -3.887999999999998600, -6.759999999999998900, 0.3449999999999999200 ) ) ;
#5000 = DIRECTION ( 'NONE',  ( 1.000000000000000000, 0.0000000000000000000, 0.0000000000000000000 ) ) ;
#5001 = DIRECTION ( 'NONE',  ( 0.0000000000000000000, 0.0000000000000000000, 1.000000000000000000 ) ) ;
#5002 = CARTESIAN_POINT ( 'NONE',  ( 8.999999999999998200, 1.140914454013846100E-031, 0.3449999999999999200 ) ) ;
#5003 = AXIS2_PLACEMENT_3D ( 'NONE', #5002, #5001, #5000 ) ;
#5004 = CIRCLE ( 'NONE', #5003, 0.1020000000000001700 ) ;
#5005 = ORIENTED_EDGE ( 'NONE', *, *, #4963, .T. ) ;
#5006 = ORIENTED_EDGE ( 'NONE', *, *, #2898, .F. ) ;
#5007 = ADVANCED_FACE ( 'NONE', ( #2029 ), #2027, .F. ) ;
#5008 = EDGE_LOOP ( 'NONE', ( #5178, #5105, #5141, #5109 ) ) ;
#5009 = ORIENTED_EDGE ( 'NONE', *, *, #3431, .T. ) ;
#5010 = ORIENTED_EDGE ( 'NONE', *, *, #3451, .F. ) ;
#5011 = ORIENTED_EDGE ( 'NONE', *, *, #3810, .F. ) ;
#5012 = ORIENTED_EDGE ( 'NONE', *, *, #5218, .F. ) ;
#5013 = EDGE_CURVE ( 'NONE', #4962, #4964, #2028, .T. ) ;
#5014 = ADVANCED_FACE ( 'NONE', ( #1981 ), #1978, .T. ) ;
#5015 = ORIENTED_EDGE ( 'NONE', *, *, #2857, .F. ) ;
#5016 = ORIENTED_EDGE ( 'NONE', *, *, #4961, .F. ) ;
#5017 = ADVANCED_FACE ( 'NONE', ( #1979 ), #1973, .T. ) ;
#5018 = ADVANCED_FACE ( 'NONE', ( #1972 ), #1993, .T. ) ;
#5019 = EDGE_LOOP ( 'NONE', ( #5173, #5143, #5174, #5108, #5012, #5172, #5146, #5147 ) ) ;
#5020 = CARTESIAN_POINT ( 'NONE',  ( -5.941719198727441600, -6.835324129397142700, 0.3649999999999997700 ) ) ;
#5021 = CARTESIAN_POINT ( 'NONE',  ( 8.897999999999999700, 1.249139735130318900E-017, 0.3449999999999999200 ) ) ;
#5022 = ADVANCED_FACE ( 'NONE', ( #1987 ), #2081, .T. ) ;
#5023 = ORIENTED_EDGE ( 'NONE', *, *, #3277, .F. ) ;
#5024 = ORIENTED_EDGE ( 'NONE', *, *, #5119, .F. ) ;
#5025 = ORIENTED_EDGE ( 'NONE', *, *, #5026, .T. ) ;
#5026 = EDGE_CURVE ( 'NONE', #5131, #2860, #2098, .T. ) ;
#5027 = ADVANCED_FACE ( 'NONE', ( #2079 ), #2065, .T. ) ;
#5028 = ORIENTED_EDGE ( 'NONE', *, *, #2982, .F. ) ;
#5029 = ORIENTED_EDGE ( 'NONE', *, *, #5030, .F. ) ;
#5030 = EDGE_CURVE ( 'NONE', #5031, #2832, #2104, .T. ) ;
#5031 = VERTEX_POINT ( 'NONE', #2105 ) ;
#5032 = ADVANCED_FACE ( 'NONE', ( #2100 ), #2056, .F. ) ;
#5033 = EDGE_LOOP ( 'NONE', ( #5034, #5182, #5183, #5176 ) ) ;
#5034 = ORIENTED_EDGE ( 'NONE', *, *, #3540, .T. ) ;
#5035 = ORIENTED_EDGE ( 'NONE', *, *, #5150, .F. ) ;
#5036 = DIRECTION ( 'NONE',  ( -1.000000000000000000, 0.0000000000000000000, 0.0000000000000000000 ) ) ;
#5037 = DIRECTION ( 'NONE',  ( 0.0000000000000000000, 0.0000000000000000000, -1.000000000000000000 ) ) ;
#5038 = CARTESIAN_POINT ( 'NONE',  ( 9.000000000000000000, 3.990000000000000200, -0.02500000000000000500 ) ) ;
#5039 = AXIS2_PLACEMENT_3D ( 'NONE', #5038, #5037, #5036 ) ;
#5040 = CIRCLE ( 'NONE', #5039, 0.09554162597656012900 ) ;
#5041 = CARTESIAN_POINT ( 'NONE',  ( 9.095541625976560200, 3.990000000000000200, -0.02500000000000000500 ) ) ;
#5042 = DIRECTION ( 'NONE',  ( -0.01745240643728355000, 2.137303368083796300E-018, 0.9998476951563912700 ) ) ;
#5043 = VECTOR ( 'NONE', #5042, 39.37007874015748100 ) ;
#5044 = CARTESIAN_POINT ( 'NONE',  ( 8.897999999999999700, 3.990000000000000200, 0.3449999999999999200 ) ) ;
#5045 = LINE ( 'NONE', #5044, #5043 ) ;
#5046 = CARTESIAN_POINT ( 'NONE',  ( -0.09554162597655799200, -6.759999999999999800, -0.02500000000000000500 ) ) ;
#5047 = DIRECTION ( 'NONE',  ( 1.000000000000000000, 0.0000000000000000000, 0.0000000000000000000 ) ) ;
#5048 = DIRECTION ( 'NONE',  ( 0.0000000000000000000, 0.0000000000000000000, 1.000000000000000000 ) ) ;
#5049 = AXIS2_PLACEMENT_3D ( 'NONE', #5056, #5048, #5047 ) ;
#5050 = CIRCLE ( 'NONE', #5049, 0.1020000000000001700 ) ;
#5051 = DIRECTION ( 'NONE',  ( -1.000000000000000000, 0.0000000000000000000, 0.0000000000000000000 ) ) ;
#5052 = DIRECTION ( 'NONE',  ( 0.0000000000000000000, 0.0000000000000000000, -1.000000000000000000 ) ) ;
#5053 = CARTESIAN_POINT ( 'NONE',  ( 8.999999999999998200, 1.140914454013846100E-031, -0.02500000000000000500 ) ) ;
#5054 = AXIS2_PLACEMENT_3D ( 'NONE', #5053, #5052, #5051 ) ;
#5055 = CIRCLE ( 'NONE', #5054, 0.09554162597656012900 ) ;
#5056 = CARTESIAN_POINT ( 'NONE',  ( 7.980000000000001300, -6.759999999999999800, 0.3449999999999999200 ) ) ;
#5057 = ADVANCED_FACE ( 'NONE', ( #2057 ), #2051, .F. ) ;
#5058 = FACE_BOUND ( 'NONE', #3255, .T. ) ;
#5059 = FACE_BOUND ( 'NONE', #3311, .T. ) ;
#5060 = DIRECTION ( 'NONE',  ( -1.000000000000000000, 0.0000000000000000000, 0.0000000000000000000 ) ) ;
#5061 = DIRECTION ( 'NONE',  ( 0.0000000000000000000, 0.0000000000000000000, -1.000000000000000000 ) ) ;
#5062 = CARTESIAN_POINT ( 'NONE',  ( 7.980000000000001300, -6.759999999999999800, -0.02500000000000000500 ) ) ;
#5063 = AXIS2_PLACEMENT_3D ( 'NONE', #5062, #5061, #5060 ) ;
#5064 = CIRCLE ( 'NONE', #5063, 0.09554162597656012900 ) ;
#5065 = FACE_BOUND ( 'NONE', #3297, .T. ) ;
#5066 = DIRECTION ( 'NONE',  ( 0.01745240643728355000, 0.0000000000000000000, 0.9998476951563912700 ) ) ;
#5067 = VECTOR ( 'NONE', #5066, 39.37007874015748100 ) ;
#5068 = CARTESIAN_POINT ( 'NONE',  ( 4.092000000000002300, -6.759999999999998900, 0.3449999999999999200 ) ) ;
#5069 = LINE ( 'NONE', #5068, #5067 ) ;
#5070 = DIRECTION ( 'NONE',  ( 1.000000000000000000, 0.0000000000000000000, 0.0000000000000000000 ) ) ;
#5071 = DIRECTION ( 'NONE',  ( 0.0000000000000000000, 0.0000000000000000000, 1.000000000000000000 ) ) ;
#5072 = CARTESIAN_POINT ( 'NONE',  ( 7.980000000000001300, -6.759999999999999800, 0.3449999999999999200 ) ) ;
#5073 = AXIS2_PLACEMENT_3D ( 'NONE', #5072, #5071, #5070 ) ;
#5074 = CARTESIAN_POINT ( 'NONE',  ( 3.894458374023442200, -6.759999999999998900, -0.02500000000000000500 ) ) ;
#5075 = ORIENTED_EDGE ( 'NONE', *, *, #5160, .F. ) ;
#5076 = ORIENTED_EDGE ( 'NONE', *, *, #5077, .T. ) ;
#5077 = EDGE_CURVE ( 'NONE', #5031, #5128, #2050, .T. ) ;
#5078 = ORIENTED_EDGE ( 'NONE', *, *, #5193, .T. ) ;
#5079 = ORIENTED_EDGE ( 'NONE', *, *, #5100, .F. ) ;
#5080 = EDGE_LOOP ( 'NONE', ( #5101, #5133, #5135, #5158 ) ) ;
#5081 = ADVANCED_FACE ( 'NONE', ( #2042 ), #2041, .T. ) ;
#5082 = CONICAL_SURFACE ( 'NONE', #5073, 0.1020000000000001700, 0.01745329251994333400 ) ;
#5083 = FACE_OUTER_BOUND ( 'NONE', #2734, .T. ) ;
#5084 = DIRECTION ( 'NONE',  ( 0.01745240643728355000, 0.0000000000000000000, 0.9998476951563912700 ) ) ;
#5085 = VECTOR ( 'NONE', #5084, 39.37007874015748100 ) ;
#5086 = CARTESIAN_POINT ( 'NONE',  ( 9.102000000000002100, -3.989999999999999800, 0.3449999999999999200 ) ) ;
#5087 = LINE ( 'NONE', #5086, #5085 ) ;
#5088 = CARTESIAN_POINT ( 'NONE',  ( 9.102000000000002100, -3.989999999999999800, 0.3449999999999999200 ) ) ;
#5089 = DIRECTION ( 'NONE',  ( 1.000000000000000000, 0.0000000000000000000, 0.0000000000000000000 ) ) ;
#5090 = DIRECTION ( 'NONE',  ( 0.0000000000000000000, 0.0000000000000000000, 1.000000000000000000 ) ) ;
#5091 = CARTESIAN_POINT ( 'NONE',  ( 9.000000000000001800, -3.989999999999999800, 0.3449999999999999200 ) ) ;
#5092 = AXIS2_PLACEMENT_3D ( 'NONE', #5091, #5090, #5089 ) ;
#5093 = CIRCLE ( 'NONE', #5092, 0.1020000000000001700 ) ;
#5094 = EDGE_LOOP ( 'NONE', ( #5095, #5096, #5097, #5098 ) ) ;
#5095 = ORIENTED_EDGE ( 'NONE', *, *, #5214, .T. ) ;
#5096 = ORIENTED_EDGE ( 'NONE', *, *, #5164, .T. ) ;
#5097 = ORIENTED_EDGE ( 'NONE', *, *, #5154, .T. ) ;
#5098 = ORIENTED_EDGE ( 'NONE', *, *, #5160, .T. ) ;
#5099 = EDGE_LOOP ( 'NONE', ( #5191, #5192, #5129, #5025 ) ) ;
#5100 = EDGE_CURVE ( 'NONE', #4701, #2729, #2144, .T. ) ;
#5101 = ORIENTED_EDGE ( 'NONE', *, *, #2985, .F. ) ;
#5102 = ORIENTED_EDGE ( 'NONE', *, *, #5154, .F. ) ;
#5103 = ADVANCED_FACE ( 'NONE', ( #2133 ), #2141, .T. ) ;
#5104 = EDGE_CURVE ( 'NONE', #4910, #4980, #2115, .T. ) ;
#5105 = ORIENTED_EDGE ( 'NONE', *, *, #5106, .T. ) ;
#5106 = EDGE_CURVE ( 'NONE', #3432, #3335, #2159, .T. ) ;
#5107 = CLOSED_SHELL ( 'NONE', ( #3120, #3155, #3231, #3209, #3272, #3230, #3126, #2785, #2782, #2764, #2756, #2964, #2953, #2774, #2792, #3046, #2965, #2961, #2957, #3004, #2869, #2865, #3456, #3402, #3330, #3535, #3364, #3504, #3315, #3358, #3510, #3710, #3689, #3788, #3653, #3687, #3577, #3795, #3619, #3580, #3700, #3772, #3830, #4024, #3610, #3894, #3848, #3817, #4029, #3983, #3861, #3930, #3974, #3895, #3933, #3929, #4032, #3935, #3837, #3970, #4003, #4050, #3980, #3884, #3902, #3917, #3993, #4009, #4015, #3910, #4022, #3988, #3887, #3949, #3879, #3958, #4167, #3943, #4068, #4178, #4105, #4207, #4211, #3939, #4220, #4117, #4071, #4127, #4217, #4089, #4223, #4200, #4134, #4215, #4175, #4112, #4153, #4146, #4290, #4147, #4193, #4299, #4197, #4293, #4312, #4252, #4359, #4370, #4362, #4250, #4296, #4275, #4396, #4477, #4517, #4494, #4411, #4270, #4382, #4239, #4616, #4246, #4592, #4461, #4434, #4455, #4437, #4509, #4511, #4633, #4595, #4502, #4531, #4452, #4560, #4607, #4424, #4551, #4490, #4774, #4789, #4481, #4588, #4838, #4549, #4829, #4721, #4808, #4817, #4669, #4795, #4778, #4648, #4831, #4689, #4708, #4756, #4948, #4759, #4661, #4764, #4703, #4729, #5123, #5022, #5122, #5196, #5211, #5117, #5126, #5170, #5081, #5190, #5027, #4930, #4869, #4875, #4866, #4881, #4949, #4979, #4895, #4904, #4985, #4932, #5103, #4911, #5017, #5222, #5014, #5018, #5057, #5007, #5032, #5142, #5177, #5151, #5137 ) ) ;
#5108 = ORIENTED_EDGE ( 'NONE', *, *, #4913, .F. ) ;
#5109 = ORIENTED_EDGE ( 'NONE', *, *, #5110, .F. ) ;
#5110 = EDGE_CURVE ( 'NONE', #3538, #3332, #2125, .T. ) ;
#5111 = EDGE_LOOP ( 'NONE', ( #5023, #5024, #5120, #5121 ) ) ;
#5112 = ORIENTED_EDGE ( 'NONE', *, *, #5113, .F. ) ;
#5113 = EDGE_CURVE ( 'NONE', #4943, #5215, #2138, .T. ) ;
#5114 = ORIENTED_EDGE ( 'NONE', *, *, #4978, .T. ) ;
#5115 = ORIENTED_EDGE ( 'NONE', *, *, #5116, .T. ) ;
#5116 = EDGE_CURVE ( 'NONE', #4700, #5216, #2150, .T. ) ;
#5117 = ADVANCED_FACE ( 'NONE', ( #2146 ), #2173, .T. ) ;
#5118 = EDGE_LOOP ( 'NONE', ( #5136, #5166, #5167, #5124 ) ) ;
#5119 = EDGE_CURVE ( 'NONE', #4658, #3276, #2206, .T. ) ;
#5120 = ORIENTED_EDGE ( 'NONE', *, *, #4657, .T. ) ;
#5121 = ORIENTED_EDGE ( 'NONE', *, *, #5134, .T. ) ;
#5122 = ADVANCED_FACE ( 'NONE', ( #2186 ), #2121, .T. ) ;
#5123 = ADVANCED_FACE ( 'NONE', ( #2249 ), #2224, .T. ) ;
#5124 = ORIENTED_EDGE ( 'NONE', *, *, #5125, .T. ) ;
#5125 = EDGE_CURVE ( 'NONE', #4701, #5165, #2314, .T. ) ;
#5126 = ADVANCED_FACE ( 'NONE', ( #2310 ), #2240, .T. ) ;
#5127 = EDGE_LOOP ( 'NONE', ( #5102, #5156, #5157, #5168 ) ) ;
#5128 = VERTEX_POINT ( 'NONE', #2337 ) ;
#5129 = ORIENTED_EDGE ( 'NONE', *, *, #5130, .T. ) ;
#5130 = EDGE_CURVE ( 'NONE', #5128, #5131, #2331, .T. ) ;
#5131 = VERTEX_POINT ( 'NONE', #2327 ) ;
#5132 = EDGE_LOOP ( 'NONE', ( #5028, #5029, #5076, #5078 ) ) ;
#5133 = ORIENTED_EDGE ( 'NONE', *, *, #5134, .F. ) ;
#5134 = EDGE_CURVE ( 'NONE', #4732, #3225, #2326, .T. ) ;
#5135 = ORIENTED_EDGE ( 'NONE', *, *, #4654, .T. ) ;
#5136 = ORIENTED_EDGE ( 'NONE', *, *, #5164, .F. ) ;
#5137 = ADVANCED_FACE ( 'NONE', ( #2356 ), #2322, .F. ) ;
#5138 = EDGE_LOOP ( 'NONE', ( #5139, #5140, #5010, #5011 ) ) ;
#5139 = ORIENTED_EDGE ( 'NONE', *, *, #3561, .T. ) ;
#5140 = ORIENTED_EDGE ( 'NONE', *, *, #5150, .T. ) ;
#5141 = ORIENTED_EDGE ( 'NONE', *, *, #3334, .F. ) ;
#5142 = ADVANCED_FACE ( 'NONE', ( #2355 ), #2350, .F. ) ;
#5143 = ORIENTED_EDGE ( 'NONE', *, *, #4963, .F. ) ;
#5144 = ORIENTED_EDGE ( 'NONE', *, *, #3578, .F. ) ;
#5145 = ORIENTED_EDGE ( 'NONE', *, *, #3424, .F. ) ;
#5146 = ORIENTED_EDGE ( 'NONE', *, *, #5013, .F. ) ;
#5147 = ORIENTED_EDGE ( 'NONE', *, *, #5203, .F. ) ;
#5148 = EDGE_LOOP ( 'NONE', ( #5149, #5006, #5152, #5153 ) ) ;
#5149 = ORIENTED_EDGE ( 'NONE', *, *, #3348, .T. ) ;
#5150 = EDGE_CURVE ( 'NONE', #3351, #3547, #2360, .T. ) ;
#5151 = ADVANCED_FACE ( 'NONE', ( #2376 ), #2375, .F. ) ;
#5152 = ORIENTED_EDGE ( 'NONE', *, *, #3555, .F. ) ;
#5153 = ORIENTED_EDGE ( 'NONE', *, *, #5180, .F. ) ;
#5154 = EDGE_CURVE ( 'NONE', #5165, #5155, #2370, .T. ) ;
#5155 = VERTEX_POINT ( 'NONE', #2366 ) ;
#5156 = ORIENTED_EDGE ( 'NONE', *, *, #5125, .F. ) ;
#5157 = ORIENTED_EDGE ( 'NONE', *, *, #5100, .T. ) ;
#5158 = ORIENTED_EDGE ( 'NONE', *, *, #5159, .T. ) ;
#5159 = EDGE_CURVE ( 'NONE', #4655, #3195, #2365, .T. ) ;
#5160 = EDGE_CURVE ( 'NONE', #5155, #5215, #2473, .T. ) ;
#5161 = ORIENTED_EDGE ( 'NONE', *, *, #5169, .F. ) ;
#5162 = ORIENTED_EDGE ( 'NONE', *, *, #4874, .T. ) ;
#5163 = ORIENTED_EDGE ( 'NONE', *, *, #5113, .T. ) ;
#5164 = EDGE_CURVE ( 'NONE', #5216, #5165, #2474, .T. ) ;
#5165 = VERTEX_POINT ( 'NONE', #2475 ) ;
#5166 = ORIENTED_EDGE ( 'NONE', *, *, #5116, .F. ) ;
#5167 = ORIENTED_EDGE ( 'NONE', *, *, #4699, .T. ) ;
#5168 = ORIENTED_EDGE ( 'NONE', *, *, #5169, .T. ) ;
#5169 = EDGE_CURVE ( 'NONE', #2729, #5155, #2418, .T. ) ;
#5170 = ADVANCED_FACE ( 'NONE', ( #2414 ), #2510, .T. ) ;
#5171 = EDGE_LOOP ( 'NONE', ( #5075, #5161, #5162, #5163 ) ) ;
#5172 = ORIENTED_EDGE ( 'NONE', *, *, #4993, .F. ) ;
#5173 = ORIENTED_EDGE ( 'NONE', *, *, #4852, .F. ) ;
#5174 = ORIENTED_EDGE ( 'NONE', *, *, #5104, .F. ) ;
#5175 = ORIENTED_EDGE ( 'NONE', *, *, #3328, .T. ) ;
#5176 = ORIENTED_EDGE ( 'NONE', *, *, #2922, .F. ) ;
#5177 = ADVANCED_FACE ( 'NONE', ( #2513 ), #2505, .F. ) ;
#5178 = ORIENTED_EDGE ( 'NONE', *, *, #3434, .T. ) ;
#5179 = ORIENTED_EDGE ( 'NONE', *, *, #5180, .T. ) ;
#5180 = EDGE_CURVE ( 'NONE', #3349, #3487, #2508, .T. ) ;
#5181 = ORIENTED_EDGE ( 'NONE', *, *, #3546, .F. ) ;
#5182 = ORIENTED_EDGE ( 'NONE', *, *, #5110, .T. ) ;
#5183 = ORIENTED_EDGE ( 'NONE', *, *, #3331, .F. ) ;
#5184 = EDGE_LOOP ( 'NONE', ( #5175, #5179, #5181, #5035 ) ) ;
#5185 = ORIENTED_EDGE ( 'NONE', *, *, #5106, .F. ) ;
#5186 = ORIENTED_EDGE ( 'NONE', *, *, #2980, .F. ) ;
#5187 = ORIENTED_EDGE ( 'NONE', *, *, #2852, .F. ) ;
#5188 = ORIENTED_EDGE ( 'NONE', *, *, #5202, .T. ) ;
#5189 = ORIENTED_EDGE ( 'NONE', *, *, #5013, .T. ) ;
#5190 = ADVANCED_FACE ( 'NONE', ( #2511 ), #2523, .T. ) ;
#5191 = ORIENTED_EDGE ( 'NONE', *, *, #2859, .F. ) ;
#5192 = ORIENTED_EDGE ( 'NONE', *, *, #5193, .F. ) ;
#5193 = EDGE_CURVE ( 'NONE', #5128, #2973, #2518, .T. ) ;
#5194 = ORIENTED_EDGE ( 'NONE', *, *, #4684, .T. ) ;
#5195 = ORIENTED_EDGE ( 'NONE', *, *, #5119, .T. ) ;
#5196 = ADVANCED_FACE ( 'NONE', ( #2514 ), #2561, .T. ) ;
#5197 = EDGE_LOOP ( 'NONE', ( #5198, #5199, #5209, #5210 ) ) ;
#5198 = ORIENTED_EDGE ( 'NONE', *, *, #3227, .F. ) ;
#5199 = ORIENTED_EDGE ( 'NONE', *, *, #5159, .F. ) ;
#5200 = ORIENTED_EDGE ( 'NONE', *, *, #2927, .F. ) ;
#5201 = ORIENTED_EDGE ( 'NONE', *, *, #5202, .F. ) ;
#5202 = EDGE_CURVE ( 'NONE', #4964, #2994, #2564, .T. ) ;
#5203 = EDGE_CURVE ( 'NONE', #4853, #4962, #2574, .T. ) ;
#5204 = ORIENTED_EDGE ( 'NONE', *, *, #4961, .T. ) ;
#5205 = EDGE_LOOP ( 'NONE', ( #5206, #5207, #5194, #5195 ) ) ;
#5206 = ORIENTED_EDGE ( 'NONE', *, *, #2878, .F. ) ;
#5207 = ORIENTED_EDGE ( 'NONE', *, *, #5208, .F. ) ;
#5208 = EDGE_CURVE ( 'NONE', #4685, #3074, #2577, .T. ) ;
#5209 = ORIENTED_EDGE ( 'NONE', *, *, #4687, .T. ) ;
#5210 = ORIENTED_EDGE ( 'NONE', *, *, #5208, .T. ) ;
#5211 = ADVANCED_FACE ( 'NONE', ( #2594 ), #2644, .T. ) ;
#5212 = EDGE_LOOP ( 'NONE', ( #5213, #5112, #5114, #5115 ) ) ;
#5213 = ORIENTED_EDGE ( 'NONE', *, *, #5214, .F. ) ;
#5214 = EDGE_CURVE ( 'NONE', #5215, #5216, #2715, .T. ) ;
#5215 = VERTEX_POINT ( 'NONE', #2716 ) ;
#5216 = VERTEX_POINT ( 'NONE', #2663 ) ;
#5217 = EDGE_LOOP ( 'NONE', ( #5015, #5016, #5189, #5188 ) ) ;
#5218 = EDGE_CURVE ( 'NONE', #4991, #4992, #2718, .T. ) ;
#5219 = ORIENTED_EDGE ( 'NONE', *, *, #4899, .T. ) ;
#5220 = ORIENTED_EDGE ( 'NONE', *, *, #5218, .T. ) ;
#5221 = ORIENTED_EDGE ( 'NONE', *, *, #4982, .T. ) ;
#5222 = ADVANCED_FACE ( 'NONE', ( #2676 ), #2674, .T. ) ;
#5223 = CARTESIAN_POINT ( 'NONE',  ( 8.898000000000001500, -3.989999999999999800, 0.3449999999999999200 ) ) ;
#5224 = CARTESIAN_POINT ( 'NONE',  ( 9.102000000000000300, 3.990000000000000200, 0.3449999999999999200 ) ) ;
#5225 = DIRECTION ( 'NONE',  ( 1.000000000000000000, 0.0000000000000000000, 0.0000000000000000000 ) ) ;
#5226 = DIRECTION ( 'NONE',  ( 0.0000000000000000000, 0.0000000000000000000, 1.000000000000000000 ) ) ;
#5227 = CARTESIAN_POINT ( 'NONE',  ( 9.000000000000000000, 3.990000000000000200, 0.3449999999999999200 ) ) ;
#5228 = AXIS2_PLACEMENT_3D ( 'NONE', #5227, #5226, #5225 ) ;
#5229 = CIRCLE ( 'NONE', #5228, 0.1020000000000001700 ) ;
#5230 = CARTESIAN_POINT ( 'NONE',  ( 8.897999999999999700, 3.990000000000000200, 0.3449999999999999200 ) ) ;
#5231 = CARTESIAN_POINT ( 'NONE',  ( 8.904458374023439800, 3.990000000000000200, -0.02500000000000000500 ) ) ;
#5232 = DIRECTION ( 'NONE',  ( 1.000000000000000000, 0.0000000000000000000, 0.0000000000000000000 ) ) ;
#5233 = DIRECTION ( 'NONE',  ( 0.0000000000000000000, 0.0000000000000000000, 1.000000000000000000 ) ) ;
#5234 = AXIS2_PLACEMENT_3D ( 'NONE', #5277, #5233, #5232 ) ;
#5235 = FACE_OUTER_BOUND ( 'NONE', #2783, .T. ) ;
#5236 = DIRECTION ( 'NONE',  ( 0.01745240643728355000, 0.0000000000000000000, 0.9998476951563912700 ) ) ;
#5237 = VECTOR ( 'NONE', #5236, 39.37007874015748100 ) ;
#5238 = CARTESIAN_POINT ( 'NONE',  ( 9.102000000000000300, 3.990000000000000200, 0.3449999999999999200 ) ) ;
#5239 = LINE ( 'NONE', #5238, #5237 ) ;
#5240 = CARTESIAN_POINT ( 'NONE',  ( 9.000000000000000000, 3.990000000000000200, 0.3449999999999999200 ) ) ;
#5241 = CARTESIAN_POINT ( 'NONE',  ( 7.884458374023442000, -6.759999999999999800, -0.02500000000000000500 ) ) ;
#5242 = CONICAL_SURFACE ( 'NONE', #5234, 0.1020000000000001700, 0.01745329251994333400 ) ;
#5243 = VECTOR ( 'NONE', #5284, 39.37007874015748100 ) ;
#5244 = CARTESIAN_POINT ( 'NONE',  ( -5.565191754817183400, -6.623785667858681100, 0.3449999999999999200 ) ) ;
#5245 = LINE ( 'NONE', #5244, #5243 ) ;
#5246 = CARTESIAN_POINT ( 'NONE',  ( -5.515245173620603400, -6.852952334525348000, 0.3449999999999999200 ) ) ;
#5247 = CARTESIAN_POINT ( 'NONE',  ( -5.769476944453937300, -6.623785667858681100, 0.3449999999999999200 ) ) ;
#5248 = DIRECTION ( 'NONE',  ( 1.000000000000000000, 0.0000000000000000000, 0.0000000000000000000 ) ) ;
#5249 = VECTOR ( 'NONE', #5248, 39.37007874015748100 ) ;
#5250 = CARTESIAN_POINT ( 'NONE',  ( -5.773792182167611900, -6.623785667858681100, 0.3449999999999999200 ) ) ;
#5251 = LINE ( 'NONE', #5250, #5249 ) ;
#5252 = DIRECTION ( 'NONE',  ( 0.0000000000000000000, -1.000000000000000000, 0.0000000000000000000 ) ) ;
#5253 = VECTOR ( 'NONE', #5252, 39.37007874015748100 ) ;
#5254 = CARTESIAN_POINT ( 'NONE',  ( -5.494678934304364000, -6.647289941362954500, 0.3449999999999999200 ) ) ;
#5255 = LINE ( 'NONE', #5254, #5253 ) ;
#5256 = DIRECTION ( 'NONE',  ( 0.0000000000000000000, 1.000000000000000000, 0.0000000000000000000 ) ) ;
#5257 = VECTOR ( 'NONE', #5256, 39.37007874015748100 ) ;
#5258 = CARTESIAN_POINT ( 'NONE',  ( -5.618076370201799300, -6.804153422933467300, 0.3449999999999999200 ) ) ;
#5259 = LINE ( 'NONE', #5258, #5257 ) ;
#5260 = CONICAL_SURFACE ( 'NONE', #5261, 0.1020000000000001700, 0.01745329251994333400 ) ;
#5261 = AXIS2_PLACEMENT_3D ( 'NONE', #5312, #5311, #5310 ) ;
#5262 = FACE_OUTER_BOUND ( 'NONE', #2786, .T. ) ;
#5263 = DIRECTION ( 'NONE',  ( -0.01745240643728355000, 2.137303368083796300E-018, 0.9998476951563912700 ) ) ;
#5264 = VECTOR ( 'NONE', #5263, 39.37007874015748100 ) ;
#5265 = CARTESIAN_POINT ( 'NONE',  ( 8.898000000000001500, -3.989999999999999800, 0.3449999999999999200 ) ) ;
#5266 = LINE ( 'NONE', #5265, #5264 ) ;
#5267 = CARTESIAN_POINT ( 'NONE',  ( -5.773792182167611900, -6.623785667858681100, 0.3449999999999999200 ) ) ;
#5268 = DIRECTION ( 'NONE',  ( 0.0000000000000000000, 1.000000000000000000, 0.0000000000000000000 ) ) ;
#5269 = VECTOR ( 'NONE', #5268, 39.37007874015748100 ) ;
#5270 = CARTESIAN_POINT ( 'NONE',  ( -5.773792182167611900, -6.852952334525348000, 0.3449999999999999200 ) ) ;
#5271 = LINE ( 'NONE', #5270, #5269 ) ;
#5272 = DIRECTION ( 'NONE',  ( 0.01745240643728355000, 0.0000000000000000000, 0.9998476951563912700 ) ) ;
#5273 = VECTOR ( 'NONE', #5272, 39.37007874015748100 ) ;
#5274 = CARTESIAN_POINT ( 'NONE',  ( -7.877999999999999200, -6.759999999999999800, 0.3449999999999999200 ) ) ;
#5275 = LINE ( 'NONE', #5274, #5273 ) ;
#5276 = CARTESIAN_POINT ( 'NONE',  ( 3.894458374023440900, 6.759999999999998900, -0.02500000000000000500 ) ) ;
#5277 = CARTESIAN_POINT ( 'NONE',  ( 8.999999999999998200, 1.140914454013846100E-031, 0.3449999999999999200 ) ) ;
#5278 = LINE ( 'NONE', #5354, #5353 ) ;
#5279 = CARTESIAN_POINT ( 'NONE',  ( -5.773792182167611900, -6.852952334525348000, 0.3449999999999999200 ) ) ;
#5280 = DIRECTION ( 'NONE',  ( -1.000000000000000000, 0.0000000000000000000, 0.0000000000000000000 ) ) ;
#5281 = VECTOR ( 'NONE', #5280, 39.37007874015748100 ) ;
#5282 = CARTESIAN_POINT ( 'NONE',  ( -5.753225942851372600, -6.852952334525348000, 0.3449999999999999200 ) ) ;
#5283 = LINE ( 'NONE', #5282, #5281 ) ;
#5284 = DIRECTION ( 'NONE',  ( 1.000000000000000000, 0.0000000000000000000, 0.0000000000000000000 ) ) ;
#5285 = DIRECTION ( 'NONE',  ( 0.0000000000000000000, 0.0000000000000000000, 1.000000000000000000 ) ) ;
#5286 = CARTESIAN_POINT ( 'NONE',  ( 3.990000000000002000, -6.759999999999998900, 0.3449999999999999200 ) ) ;
#5287 = AXIS2_PLACEMENT_3D ( 'NONE', #5286, #5285, #5384 ) ;
#5288 = CARTESIAN_POINT ( 'NONE',  ( 8.075541625976562400, -6.759999999999999800, -0.02500000000000000500 ) ) ;
#5289 = CIRCLE ( 'NONE', #5287, 0.1020000000000001700 ) ;
#5290 = LINE ( 'NONE', #5360, #5359 ) ;
#5291 = CARTESIAN_POINT ( 'NONE',  ( -3.989999999999998900, -6.759999999999998900, -0.02500000000000000500 ) ) ;
#5292 = DIRECTION ( 'NONE',  ( 1.000000000000000000, 0.0000000000000000000, 0.0000000000000000000 ) ) ;
#5293 = DIRECTION ( 'NONE',  ( 0.0000000000000000000, 0.0000000000000000000, 1.000000000000000000 ) ) ;
#5294 = CARTESIAN_POINT ( 'NONE',  ( -3.989999999999998900, -6.759999999999998900, 0.3449999999999999200 ) ) ;
#5295 = DIRECTION ( 'NONE',  ( 1.000000000000000000, 0.0000000000000000000, 0.0000000000000000000 ) ) ;
#5296 = DIRECTION ( 'NONE',  ( 0.0000000000000000000, 0.0000000000000000000, 1.000000000000000000 ) ) ;
#5297 = AXIS2_PLACEMENT_3D ( 'NONE', #5240, #5296, #5295 ) ;
#5298 = CONICAL_SURFACE ( 'NONE', #5297, 0.1020000000000001700, 0.01745329251994333400 ) ;
#5299 = AXIS2_PLACEMENT_3D ( 'NONE', #5301, #5421, #5420 ) ;
#5300 = CONICAL_SURFACE ( 'NONE', #5299, 0.1020000000000001700, 0.01745329251994333400 ) ;
#5301 = CARTESIAN_POINT ( 'NONE',  ( -7.979999999999999500, -6.759999999999999800, 0.3449999999999999200 ) ) ;
#5302 = FACE_OUTER_BOUND ( 'NONE', #2793, .T. ) ;
#5303 = CARTESIAN_POINT ( 'NONE',  ( 8.904458374023441500, -3.989999999999999800, -0.02500000000000000500 ) ) ;
#5304 = CARTESIAN_POINT ( 'NONE',  ( 9.095541625976562000, -3.989999999999999800, -0.02500000000000000500 ) ) ;
#5305 = DIRECTION ( 'NONE',  ( -1.000000000000000000, 0.0000000000000000000, 0.0000000000000000000 ) ) ;
#5306 = DIRECTION ( 'NONE',  ( 0.0000000000000000000, 0.0000000000000000000, -1.000000000000000000 ) ) ;
#5307 = CARTESIAN_POINT ( 'NONE',  ( 9.000000000000001800, -3.989999999999999800, -0.02500000000000000500 ) ) ;
#5308 = AXIS2_PLACEMENT_3D ( 'NONE', #5307, #5306, #5305 ) ;
#5309 = CIRCLE ( 'NONE', #5308, 0.09554162597656012900 ) ;
#5310 = DIRECTION ( 'NONE',  ( 1.000000000000000000, 0.0000000000000000000, 0.0000000000000000000 ) ) ;
#5311 = DIRECTION ( 'NONE',  ( 0.0000000000000000000, 0.0000000000000000000, 1.000000000000000000 ) ) ;
#5312 = CARTESIAN_POINT ( 'NONE',  ( 9.000000000000001800, -3.989999999999999800, 0.3449999999999999200 ) ) ;
#5313 = CARTESIAN_POINT ( 'NONE',  ( 9.095541625976558500, 1.140914454013846100E-031, -0.02500000000000000500 ) ) ;
#5314 = CIRCLE ( 'NONE', #5406, 0.1020000000000001700 ) ;
#5315 = DIRECTION ( 'NONE',  ( -0.01745240643728355000, 2.137303368083796300E-018, 0.9998476951563912700 ) ) ;
#5316 = VECTOR ( 'NONE', #5315, 39.37007874015748100 ) ;
#5317 = CARTESIAN_POINT ( 'NONE',  ( -9.101999999999998500, 1.249139735130301000E-017, 0.3449999999999999200 ) ) ;
#5318 = LINE ( 'NONE', #5317, #5316 ) ;
#5319 = DIRECTION ( 'NONE',  ( 0.01745240643728355000, 0.0000000000000000000, 0.9998476951563912700 ) ) ;
#5320 = VECTOR ( 'NONE', #5319, 39.37007874015748100 ) ;
#5321 = CARTESIAN_POINT ( 'NONE',  ( -8.897999999999999700, -6.409498646121399200E-032, 0.3449999999999999200 ) ) ;
#5322 = LINE ( 'NONE', #5321, #5320 ) ;
#5323 = CARTESIAN_POINT ( 'NONE',  ( -8.897999999999999700, -6.409498646121399200E-032, 0.3449999999999999200 ) ) ;
#5324 = CARTESIAN_POINT ( 'NONE',  ( -6.099913977039407500, -6.685071224749708400, 0.3649999999999999400 ) ) ;
#5325 = DIRECTION ( 'NONE',  ( 0.01745240643728355000, 0.0000000000000000000, 0.9998476951563912700 ) ) ;
#5326 = VECTOR ( 'NONE', #5325, 39.37007874015748100 ) ;
#5327 = CARTESIAN_POINT ( 'NONE',  ( 9.101999999999998500, 1.140914454013846100E-031, 0.3449999999999999200 ) ) ;
#5328 = LINE ( 'NONE', #5327, #5326 ) ;
#5329 = CARTESIAN_POINT ( 'NONE',  ( 8.904458374023439800, 1.209593599752803800E-017, -0.02500000000000000500 ) ) ;
#5330 = DIRECTION ( 'NONE',  ( 0.01745240643728355000, 0.0000000000000000000, 0.9998476951563912700 ) ) ;
#5331 = VECTOR ( 'NONE', #5330, 39.37007874015748100 ) ;
#5332 = CARTESIAN_POINT ( 'NONE',  ( 8.082000000000002500, -6.759999999999999800, 0.3449999999999999200 ) ) ;
#5333 = LINE ( 'NONE', #5332, #5331 ) ;
#5334 = CARTESIAN_POINT ( 'NONE',  ( 8.082000000000002500, -6.759999999999999800, 0.3449999999999999200 ) ) ;
#5335 = DIRECTION ( 'NONE',  ( 1.000000000000000000, 0.0000000000000000000, 0.0000000000000000000 ) ) ;
#5336 = DIRECTION ( 'NONE',  ( 0.0000000000000000000, 0.0000000000000000000, 1.000000000000000000 ) ) ;
#5337 = CARTESIAN_POINT ( 'NONE',  ( -3.989999999999998900, -6.759999999999998900, 0.3449999999999999200 ) ) ;
#5338 = AXIS2_PLACEMENT_3D ( 'NONE', #5337, #5336, #5335 ) ;
#5339 = FACE_BOUND ( 'NONE', #3043, .T. ) ;
#5340 = FACE_OUTER_BOUND ( 'NONE', #2886, .T. ) ;
#5341 = FACE_BOUND ( 'NONE', #2989, .T. ) ;
#5342 = FACE_BOUND ( 'NONE', #3014, .T. ) ;
#5343 = FACE_BOUND ( 'NONE', #2983, .T. ) ;
#5344 = FACE_BOUND ( 'NONE', #2925, .T. ) ;
#5345 = CARTESIAN_POINT ( 'NONE',  ( -5.399000000000000000, 7.214999999999998100, -0.1230000000000005700 ) ) ;
#5346 = FACE_BOUND ( 'NONE', #2995, .T. ) ;
#5347 = CARTESIAN_POINT ( 'NONE',  ( -5.618076370201799300, -6.804153422933467300, 0.3449999999999999200 ) ) ;
#5348 = DIRECTION ( 'NONE',  ( 0.6429223081870669700, -0.7659313974733076300, 0.0000000000000000000 ) ) ;
#5349 = VECTOR ( 'NONE', #5348, 39.37007874015748100 ) ;
#5350 = CARTESIAN_POINT ( 'NONE',  ( -5.769476944453937300, -6.623785667858681100, 0.3449999999999999200 ) ) ;
#5351 = LINE ( 'NONE', #5350, #5349 ) ;
#5352 = DIRECTION ( 'NONE',  ( 0.0000000000000000000, 1.000000000000000000, 0.0000000000000000000 ) ) ;
#5353 = VECTOR ( 'NONE', #5352, 39.37007874015748100 ) ;
#5354 = CARTESIAN_POINT ( 'NONE',  ( -5.565191754817183400, -6.647289941362954500, 0.3449999999999999200 ) ) ;
#5355 = LINE ( 'NONE', #5412, #5411 ) ;
#5356 = CARTESIAN_POINT ( 'NONE',  ( 9.101999999999998500, 1.140914454013846100E-031, 0.3449999999999999200 ) ) ;
#5357 = CARTESIAN_POINT ( 'NONE',  ( -8.081999999999999000, -6.759999999999999800, 0.3449999999999999200 ) ) ;
#5358 = DIRECTION ( 'NONE',  ( -0.01745240643728355000, 2.137303368083796300E-018, 0.9998476951563912700 ) ) ;
#5359 = VECTOR ( 'NONE', #5358, 39.37007874015748100 ) ;
#5360 = CARTESIAN_POINT ( 'NONE',  ( -8.081999999999999000, -6.759999999999999800, 0.3449999999999999200 ) ) ;
#5361 = CARTESIAN_POINT ( 'NONE',  ( -4.085541625976558700, -6.759999999999998900, -0.02500000000000000500 ) ) ;
#5362 = CARTESIAN_POINT ( 'NONE',  ( -3.894458374023439100, -6.759999999999998900, -0.02500000000000000500 ) ) ;
#5363 = DIRECTION ( 'NONE',  ( -1.000000000000000000, 0.0000000000000000000, 0.0000000000000000000 ) ) ;
#5364 = DIRECTION ( 'NONE',  ( 0.0000000000000000000, 0.0000000000000000000, -1.000000000000000000 ) ) ;
#5365 = AXIS2_PLACEMENT_3D ( 'NONE', #5291, #5364, #5363 ) ;
#5366 = CIRCLE ( 'NONE', #5365, 0.09554162597655958800 ) ;
#5367 = CARTESIAN_POINT ( 'NONE',  ( 4.085541625976559600, 6.759999999999998900, -0.02500000000000000500 ) ) ;
#5368 = CARTESIAN_POINT ( 'NONE',  ( 3.888000000000001700, -6.759999999999998900, 0.3449999999999999200 ) ) ;
#5369 = DIRECTION ( 'NONE',  ( -1.000000000000000000, 0.0000000000000000000, 0.0000000000000000000 ) ) ;
#5370 = VECTOR ( 'NONE', #5369, 39.37007874015748100 ) ;
#5371 = CARTESIAN_POINT ( 'NONE',  ( -5.515245173620603400, -6.647289941362954500, 0.3449999999999999200 ) ) ;
#5372 = LINE ( 'NONE', #5371, #5370 ) ;
#5373 = DIRECTION ( 'NONE',  ( 1.000000000000000000, 0.0000000000000000000, 0.0000000000000000000 ) ) ;
#5374 = VECTOR ( 'NONE', #5373, 39.37007874015748100 ) ;
#5375 = CARTESIAN_POINT ( 'NONE',  ( -9.454999999999998300, -7.202952334525348600, -0.3449999999999999200 ) ) ;
#5376 = LINE ( 'NONE', #5375, #5374 ) ;
#5377 = CIRCLE ( 'NONE', #5338, 0.1020000000000001700 ) ;
#5378 = CARTESIAN_POINT ( 'NONE',  ( -4.091999999999998700, -6.759999999999998900, 0.3449999999999999200 ) ) ;
#5379 = DIRECTION ( 'NONE',  ( -0.01745240643728355000, 2.137303368083796300E-018, 0.9998476951563912700 ) ) ;
#5380 = VECTOR ( 'NONE', #5379, 39.37007874015748100 ) ;
#5381 = CARTESIAN_POINT ( 'NONE',  ( -4.091999999999998700, -6.759999999999998900, 0.3449999999999999200 ) ) ;
#5382 = LINE ( 'NONE', #5381, #5380 ) ;
#5383 = FACE_OUTER_BOUND ( 'NONE', #2822, .T. ) ;
#5384 = DIRECTION ( 'NONE',  ( 1.000000000000000000, 0.0000000000000000000, 0.0000000000000000000 ) ) ;
#5385 = DIRECTION ( 'NONE',  ( 0.01745240643728355000, 0.0000000000000000000, 0.9998476951563912700 ) ) ;
#5386 = VECTOR ( 'NONE', #5385, 39.37007874015748100 ) ;
#5387 = CARTESIAN_POINT ( 'NONE',  ( 0.1020000000000018300, -6.759999999999999800, 0.3449999999999999200 ) ) ;
#5388 = LINE ( 'NONE', #5387, #5386 ) ;
#5389 = CARTESIAN_POINT ( 'NONE',  ( -3.894458374023440900, 6.759999999999998900, -0.02500000000000000500 ) ) ;
#5390 = DIRECTION ( 'NONE',  ( 1.000000000000000000, 0.0000000000000000000, 0.0000000000000000000 ) ) ;
#5391 = DIRECTION ( 'NONE',  ( 0.0000000000000000000, 0.0000000000000000000, 1.000000000000000000 ) ) ;
#5392 = CARTESIAN_POINT ( 'NONE',  ( 1.655667790367853900E-015, -6.759999999999999800, 0.3449999999999999200 ) ) ;
#5393 = AXIS2_PLACEMENT_3D ( 'NONE', #5392, #5391, #5390 ) ;
#5394 = CIRCLE ( 'NONE', #5393, 0.1020000000000001700 ) ;
#5395 = DIRECTION ( 'NONE',  ( -1.000000000000000000, 0.0000000000000000000, 0.0000000000000000000 ) ) ;
#5396 = DIRECTION ( 'NONE',  ( 0.0000000000000000000, 0.0000000000000000000, -1.000000000000000000 ) ) ;
#5397 = CARTESIAN_POINT ( 'NONE',  ( -8.999999999999998200, -6.409498646121399200E-032, -0.02500000000000000500 ) ) ;
#5398 = AXIS2_PLACEMENT_3D ( 'NONE', #5397, #5396, #5395 ) ;
#5399 = CIRCLE ( 'NONE', #5398, 0.09554162597656012900 ) ;
#5400 = CARTESIAN_POINT ( 'NONE',  ( -8.904458374023439800, -6.409498646121399200E-032, -0.02500000000000000500 ) ) ;
#5401 = CARTESIAN_POINT ( 'NONE',  ( -9.095541625976558500, 1.209593599752786100E-017, -0.02500000000000000500 ) ) ;
#5402 = CARTESIAN_POINT ( 'NONE',  ( -9.101999999999998500, 1.249139735130301000E-017, 0.3449999999999999200 ) ) ;
#5403 = DIRECTION ( 'NONE',  ( 1.000000000000000000, 0.0000000000000000000, 0.0000000000000000000 ) ) ;
#5404 = DIRECTION ( 'NONE',  ( 0.0000000000000000000, 0.0000000000000000000, 1.000000000000000000 ) ) ;
#5405 = CARTESIAN_POINT ( 'NONE',  ( -8.999999999999998200, -6.409498646121399200E-032, 0.3449999999999999200 ) ) ;
#5406 = AXIS2_PLACEMENT_3D ( 'NONE', #5405, #5404, #5403 ) ;
#5407 = CONICAL_SURFACE ( 'NONE', #5408, 0.1020000000000001700, 0.01745329251994333400 ) ;
#5408 = AXIS2_PLACEMENT_3D ( 'NONE', #5294, #5293, #5292 ) ;
#5409 = FACE_OUTER_BOUND ( 'NONE', #2968, .T. ) ;
#5410 = DIRECTION ( 'NONE',  ( -0.01745240643728355000, 2.137303368083796300E-018, 0.9998476951563912700 ) ) ;
#5411 = VECTOR ( 'NONE', #5410, 39.37007874015748100 ) ;
#5412 = CARTESIAN_POINT ( 'NONE',  ( 8.897999999999999700, 1.249139735130318900E-017, 0.3449999999999999200 ) ) ;
#5413 = CARTESIAN_POINT ( 'NONE',  ( -8.075541625976558900, -6.759999999999999800, -0.02500000000000000500 ) ) ;
#5414 = CARTESIAN_POINT ( 'NONE',  ( -7.884458374023439300, -6.759999999999999800, -0.02500000000000000500 ) ) ;
#5415 = DIRECTION ( 'NONE',  ( -1.000000000000000000, 0.0000000000000000000, 0.0000000000000000000 ) ) ;
#5416 = DIRECTION ( 'NONE',  ( 0.0000000000000000000, 0.0000000000000000000, -1.000000000000000000 ) ) ;
#5417 = CARTESIAN_POINT ( 'NONE',  ( -7.979999999999999500, -6.759999999999999800, -0.02500000000000000500 ) ) ;
#5418 = AXIS2_PLACEMENT_3D ( 'NONE', #5417, #5416, #5415 ) ;
#5419 = CIRCLE ( 'NONE', #5418, 0.09554162597656012900 ) ;
#5420 = DIRECTION ( 'NONE',  ( 1.000000000000000000, 0.0000000000000000000, 0.0000000000000000000 ) ) ;
#5421 = DIRECTION ( 'NONE',  ( 0.0000000000000000000, 0.0000000000000000000, 1.000000000000000000 ) ) ;
#5422 = CARTESIAN_POINT ( 'NONE',  ( -5.565191754817183400, -6.647289941362954500, 0.3449999999999999200 ) ) ;
#5423 = CARTESIAN_POINT ( 'NONE',  ( -5.494678934304364000, -6.852952334525348000, 0.3449999999999999200 ) ) ;
#5424 = CARTESIAN_POINT ( 'NONE',  ( -5.565191754817183400, -6.623785667858681100, 0.3449999999999999200 ) ) ;
#5425 = CARTESIAN_POINT ( 'NONE',  ( -5.753225942851372600, -6.672997740508254300, 0.3449999999999999200 ) ) ;
#5426 = CARTESIAN_POINT ( 'NONE',  ( -5.602192622872739700, -6.852952334525348000, 0.3449999999999999200 ) ) ;
#5427 = DIRECTION ( 'NONE',  ( -1.000000000000000000, 0.0000000000000000000, 0.0000000000000000000 ) ) ;
#5428 = VECTOR ( 'NONE', #5427, 39.37007874015748100 ) ;
#5429 = CARTESIAN_POINT ( 'NONE',  ( -5.597510130885561700, -6.852952334525348000, 0.3449999999999999200 ) ) ;
#5430 = LINE ( 'NONE', #5429, #5428 ) ;
#5431 = CARTESIAN_POINT ( 'NONE',  ( -5.618076370201799300, -6.623785667858681100, 0.3449999999999999200 ) ) ;
#5432 = FACE_BOUND ( 'NONE', #3105, .T. ) ;
#5433 = FACE_BOUND ( 'NONE', #3224, .T. ) ;
#5434 = CARTESIAN_POINT ( 'NONE',  ( -6.544978935674764700, -6.824622155287769100, 0.3450000000000000800 ) ) ;
#5435 = CARTESIAN_POINT ( 'NONE',  ( -6.541818411347725800, -6.819176743267073300, 0.3449999999999999200 ) ) ;
#5436 = CARTESIAN_POINT ( 'NONE',  ( -6.538868368741004700, -6.813371156174060400, 0.3449999999999999200 ) ) ;
#5437 = CARTESIAN_POINT ( 'NONE',  ( -6.536156953182556100, -6.807154079081723100, 0.3450000000000000300 ) ) ;
#5438 = CARTESIAN_POINT ( 'NONE',  ( -6.533679674996793800, -6.800460133083449300, 0.3449999999999998600 ) ) ;
#5439 = CARTESIAN_POINT ( 'NONE',  ( -6.531672808621558500, -6.793195937914879900, 0.3449999999999998600 ) ) ;
#5440 = CARTESIAN_POINT ( 'NONE',  ( -6.529865327497965700, -6.785421003789005900, 0.3450000000000000300 ) ) ;
#5441 = CARTESIAN_POINT ( 'NONE',  ( -6.528395323969939500, -6.777101754936848200, 0.3449999999999998600 ) ) ;
#5442 = CARTESIAN_POINT ( 'NONE',  ( -6.527333955687821800, -6.768209403228238900, 0.3449999999999999200 ) ) ;
#5443 = CARTESIAN_POINT ( 'NONE',  ( -5.840331734807931800, -6.805429449269447600, 0.3449999999999998600 ) ) ;
#5444 = CARTESIAN_POINT ( 'NONE',  ( -5.834265027174359900, -6.795412446336706900, 0.3449999999999999200 ) ) ;
#5445 = CARTESIAN_POINT ( 'NONE',  ( -5.829339549417837500, -6.784898439185429500, 0.3450000000000000800 ) ) ;
#5446 = CARTESIAN_POINT ( 'NONE',  ( -5.825502889132068600, -6.773915092872781200, 0.3449999999999998600 ) ) ;
#5447 = CARTESIAN_POINT ( 'NONE',  ( -5.822815680800437700, -6.762450821079304400, 0.3449999999999999200 ) ) ;
#5448 = B_SPLINE_CURVE_WITH_KNOTS ( 'NONE', 3,
 ( #5528, #5527, #5526, #5525, #5442, #5441, #5440, #5439, #5438, #5437, #5436, #5435, #5434, #5500, #5499, #5498, #5497, #5496, #5495, #5494, #5493, #5492, #5465, #5464, #5463, #5462, #5461 ),
 .UNSPECIFIED., .F., .F.,
 ( 4, 1, 1, 1, 1, 1, 1, 1, 1, 1, 1, 1, 1, 1, 1, 1, 1, 1, 1, 1, 1, 1, 1, 1, 4 ),
 ( 0.0000000000000000000, 0.06506328961727911300, 0.1267731664665223400, 0.1855157632260748800, 0.2407646791677143500, 0.2929797960235949700, 0.3422503727797659400, 0.3889192861856593500, 0.4327756640583099700, 0.4746284326311195300, 0.5147746906379518900, 0.5536058934984450200, 0.5914264064311717300, 0.6280281199460685500, 0.6638036341103191700, 0.6989843361316644400, 0.7335914893067049200, 0.7676284691511420200, 0.8012083477865934400, 0.8342638397266216600, 0.8669806947287755900, 0.8997197415181605900, 0.9327019124985405100, 0.9661758834327527400, 1.000000000000000000 ),
 .UNSPECIFIED. ) ;
#5449 = CARTESIAN_POINT ( 'NONE',  ( -6.525928934304364900, -6.738460814760391500, 0.3449999999999999200 ) ) ;
#5450 = DIRECTION ( 'NONE',  ( 0.0000000000000000000, 0.0000000000000000000, 1.000000000000000000 ) ) ;
#5451 = FACE_BOUND ( 'NONE', #3254, .T. ) ;
#5452 = FACE_BOUND ( 'NONE', #3084, .T. ) ;
#5453 = CARTESIAN_POINT ( 'NONE',  ( -9.454999999999998300, -7.215000000000001600, -0.3449999999999999200 ) ) ;
#5454 = FACE_BOUND ( 'NONE', #3250, .T. ) ;
#5455 = FACE_BOUND ( 'NONE', #3109, .T. ) ;
#5456 = DIRECTION ( 'NONE',  ( -1.000000000000000000, 0.0000000000000000000, 0.0000000000000000000 ) ) ;
#5457 = VECTOR ( 'NONE', #5456, 39.37007874015748100 ) ;
#5458 = CARTESIAN_POINT ( 'NONE',  ( -6.285010130885559900, -6.647289941362954500, 0.3449999999999999200 ) ) ;
#5459 = LINE ( 'NONE', #5458, #5457 ) ;
#5460 = CIRCLE ( 'NONE', #5524, 0.1020000000000001700 ) ;
#5461 = CARTESIAN_POINT ( 'NONE',  ( -6.605026323460347000, -6.858828402901416200, 0.3449999999999999200 ) ) ;
#5462 = CARTESIAN_POINT ( 'NONE',  ( -6.603203145018468100, -6.858801862916123100, 0.3449999999999999200 ) ) ;
#5463 = CARTESIAN_POINT ( 'NONE',  ( -6.599575661590527900, -6.858749057686190500, 0.3449999999999998600 ) ) ;
#5464 = CARTESIAN_POINT ( 'NONE',  ( -6.594209479476152300, -6.858056853323086300, 0.3450000000000000800 ) ) ;
#5465 = CARTESIAN_POINT ( 'NONE',  ( -6.588955251514342100, -6.857069874687804000, 0.3449999999999998600 ) ) ;
#5466 = DIRECTION ( 'NONE',  ( 0.0000000000000000000, 0.0000000000000000000, 1.000000000000000000 ) ) ;
#5467 = DIRECTION ( 'NONE',  ( 0.0000000000000000000, 0.0000000000000000000, -1.000000000000000000 ) ) ;
#5468 = CARTESIAN_POINT ( 'NONE',  ( -7.980000000000001300, 6.759999999999998900, -0.02500000000000000500 ) ) ;
#5469 = AXIS2_PLACEMENT_3D ( 'NONE', #5468, #5467, #5540 ) ;
#5470 = CIRCLE ( 'NONE', #5469, 0.09554162597656012900 ) ;
#5471 = DIRECTION ( 'NONE',  ( 0.0000000000000000000, -1.000000000000000000, 0.0000000000000000000 ) ) ;
#5472 = VECTOR ( 'NONE', #5471, 39.37007874015748100 ) ;
#5473 = CARTESIAN_POINT ( 'NONE',  ( -5.444732353107782300, -6.623785667858681100, 0.3449999999999999200 ) ) ;
#5474 = LINE ( 'NONE', #5473, #5472 ) ;
#5475 = CARTESIAN_POINT ( 'NONE',  ( -5.444732353107782300, -6.647289941362954500, 0.3449999999999999200 ) ) ;
#5476 = DIRECTION ( 'NONE',  ( -0.01745240643728355000, 2.137303368083796300E-018, 0.9998476951563912700 ) ) ;
#5477 = VECTOR ( 'NONE', #5476, 39.37007874015748100 ) ;
#5478 = CARTESIAN_POINT ( 'NONE',  ( 3.888000000000000300, 6.759999999999998900, 0.3449999999999999200 ) ) ;
#5479 = LINE ( 'NONE', #5478, #5477 ) ;
#5480 = CARTESIAN_POINT ( 'NONE',  ( -3.369999999999999200, -6.977952334525348000, -0.3449999999999999200 ) ) ;
#5481 = CARTESIAN_POINT ( 'NONE',  ( 3.369999999999999700, -6.977952334525348000, -0.3449999999999998600 ) ) ;
#5482 = DIRECTION ( 'NONE',  ( -1.000000000000000000, 0.0000000000000000000, 0.0000000000000000000 ) ) ;
#5483 = VECTOR ( 'NONE', #5482, 39.37007874015748100 ) ;
#5484 = CARTESIAN_POINT ( 'NONE',  ( 9.217952334525344700, -6.977952334525348000, -0.3449999999999999200 ) ) ;
#5485 = CARTESIAN_POINT ( 'NONE',  ( -5.821102248937991800, -6.750524762234793000, 0.3449999999999999200 ) ) ;
#5486 = CARTESIAN_POINT ( 'NONE',  ( -5.820902212853331600, -6.742399401373175400, 0.3450000000000000300 ) ) ;
#5487 = CARTESIAN_POINT ( 'NONE',  ( -5.820800729176158800, -6.738277187623638500, 0.3449999999999999200 ) ) ;
#5488 = FACE_BOUND ( 'NONE', #3070, .T. ) ;
#5489 = FACE_BOUND ( 'NONE', #3089, .T. ) ;
#5490 = PLANE ( 'NONE',  #5506 ) ;
#5491 = FACE_BOUND ( 'NONE', #3244, .T. ) ;
#5492 = CARTESIAN_POINT ( 'NONE',  ( -6.583839703733004500, -6.855642464147642600, 0.3450000000000000300 ) ) ;
#5493 = CARTESIAN_POINT ( 'NONE',  ( -6.578869212780478600, -6.853774098369334500, 0.3449999999999998600 ) ) ;
#5494 = CARTESIAN_POINT ( 'NONE',  ( -6.573972681727978400, -6.851598148098218200, 0.3450000000000001400 ) ) ;
#5495 = CARTESIAN_POINT ( 'NONE',  ( -6.569261075500754100, -6.848899622179964700, 0.3449999999999999200 ) ) ;
#5496 = CARTESIAN_POINT ( 'NONE',  ( -6.564650795360551100, -6.845882164733536600, 0.3449999999999999200 ) ) ;
#5497 = CARTESIAN_POINT ( 'NONE',  ( -6.560236887180947100, -6.842434736744944100, 0.3450000000000000300 ) ) ;
#5498 = CARTESIAN_POINT ( 'NONE',  ( -6.556067979823082800, -6.838560466556880400, 0.3450000000000000300 ) ) ;
#5499 = CARTESIAN_POINT ( 'NONE',  ( -6.552092410318775400, -6.834337407930887000, 0.3450000000000000300 ) ) ;
#5500 = CARTESIAN_POINT ( 'NONE',  ( -6.548422246359487900, -6.829663805384448900, 0.3449999999999999200 ) ) ;
#5501 = AXIS2_PLACEMENT_3D ( 'NONE', #5510, #5509, #5508 ) ;
#5502 = CARTESIAN_POINT ( 'NONE',  ( -9.454999999999998300, -7.215000000000001600, 0.3449999999999999200 ) ) ;
#5503 = FACE_BOUND ( 'NONE', #3240, .T. ) ;
#5504 = FACE_BOUND ( 'NONE', #3383, .T. ) ;
#5505 = FACE_BOUND ( 'NONE', #3134, .T. ) ;
#5506 = AXIS2_PLACEMENT_3D ( 'NONE', #5502, #5466, #5620 ) ;
#5507 = CARTESIAN_POINT ( 'NONE',  ( -4.085541625976559600, 6.759999999999998900, -0.02500000000000000500 ) ) ;
#5508 = DIRECTION ( 'NONE',  ( -1.000000000000000000, 0.0000000000000000000, 0.0000000000000000000 ) ) ;
#5509 = DIRECTION ( 'NONE',  ( 0.0000000000000000000, 0.0000000000000000000, -1.000000000000000000 ) ) ;
#5510 = CARTESIAN_POINT ( 'NONE',  ( -3.990000000000000200, 6.759999999999998900, -0.02500000000000000500 ) ) ;
#5511 = CARTESIAN_POINT ( 'NONE',  ( -6.564804401379910300, -6.630727186100778600, 0.3449999999999999200 ) ) ;
#5512 = CARTESIAN_POINT ( 'NONE',  ( -6.569343884491333400, -6.627674432229514200, 0.3450000000000000300 ) ) ;
#5513 = CARTESIAN_POINT ( 'NONE',  ( -6.574071729122658200, -6.625076411153386000, 0.3450000000000000300 ) ) ;
#5514 = CARTESIAN_POINT ( 'NONE',  ( -6.578912803432790400, -6.622844516580764600, 0.3449999999999998600 ) ) ;
#5515 = CARTESIAN_POINT ( 'NONE',  ( -6.583897177546750100, -6.621063847275682000, 0.3449999999999999200 ) ) ;
#5516 = CARTESIAN_POINT ( 'NONE',  ( -6.588985865199955300, -6.619628545368483300, 0.3449999999999999200 ) ) ;
#5517 = CARTESIAN_POINT ( 'NONE',  ( -6.594220665788411900, -6.618615555165709100, 0.3449999999999999200 ) ) ;
#5518 = CARTESIAN_POINT ( 'NONE',  ( -6.376089190714619500, -6.852952334525347100, 0.3449999999999999200 ) ) ;
#5519 = CARTESIAN_POINT ( 'NONE',  ( -7.884458374023442000, 6.759999999999998900, -0.02500000000000000500 ) ) ;
#5520 = CARTESIAN_POINT ( 'NONE',  ( 4.092000000000000500, 6.759999999999998900, 0.3449999999999999200 ) ) ;
#5521 = DIRECTION ( 'NONE',  ( 1.000000000000000000, 0.0000000000000000000, 0.0000000000000000000 ) ) ;
#5522 = DIRECTION ( 'NONE',  ( 0.0000000000000000000, 0.0000000000000000000, 1.000000000000000000 ) ) ;
#5523 = CARTESIAN_POINT ( 'NONE',  ( 3.990000000000000200, 6.759999999999998900, 0.3449999999999999200 ) ) ;
#5524 = AXIS2_PLACEMENT_3D ( 'NONE', #5523, #5522, #5521 ) ;
#5525 = CARTESIAN_POINT ( 'NONE',  ( -6.526485473884452700, -6.758780959917028300, 0.3450000000000000800 ) ) ;
#5526 = CARTESIAN_POINT ( 'NONE',  ( -6.526054725227041300, -6.748793812723469900, 0.3450000000000000300 ) ) ;
#5527 = CARTESIAN_POINT ( 'NONE',  ( -6.525971597578073400, -6.741965356351759200, 0.3449999999999998600 ) ) ;
#5528 = CARTESIAN_POINT ( 'NONE',  ( -6.525928934304364900, -6.738460814760391500, 0.3449999999999999200 ) ) ;
#5529 = CARTESIAN_POINT ( 'NONE',  ( -6.599579261786654000, -6.618005058928322800, 0.3449999999999999200 ) ) ;
#5530 = CARTESIAN_POINT ( 'NONE',  ( -6.603203762369111600, -6.617941539761973000, 0.3449999999999999200 ) ) ;
#5531 = CARTESIAN_POINT ( 'NONE',  ( -6.605026323460347000, -6.617909599482613800, 0.3450000000000000800 ) ) ;
#5532 = DIRECTION ( 'NONE',  ( 1.000000000000000000, 0.0000000000000000000, 0.0000000000000000000 ) ) ;
#5533 = CARTESIAN_POINT ( 'NONE',  ( 8.082000000000000700, 6.759999999999998900, 0.3449999999999999200 ) ) ;
#5534 = DIRECTION ( 'NONE',  ( 1.000000000000000000, 0.0000000000000000000, 0.0000000000000000000 ) ) ;
#5535 = DIRECTION ( 'NONE',  ( 0.0000000000000000000, 0.0000000000000000000, 1.000000000000000000 ) ) ;
#5536 = CARTESIAN_POINT ( 'NONE',  ( 7.980000000000000400, 6.759999999999998900, 0.3449999999999999200 ) ) ;
#5537 = AXIS2_PLACEMENT_3D ( 'NONE', #5536, #5535, #5534 ) ;
#5538 = CIRCLE ( 'NONE', #5537, 0.1020000000000001700 ) ;
#5539 = CARTESIAN_POINT ( 'NONE',  ( -8.075541625976562400, 6.759999999999998900, -0.02500000000000000500 ) ) ;
#5540 = DIRECTION ( 'NONE',  ( -1.000000000000000000, 0.0000000000000000000, 0.0000000000000000000 ) ) ;
#5541 = PLANE ( 'NONE',  #5576 ) ;
#5542 = CARTESIAN_POINT ( 'NONE',  ( -6.536272450122262400, -6.669431279016359700, 0.3449999999999999200 ) ) ;
#5543 = CARTESIAN_POINT ( 'NONE',  ( -6.539070553854195100, -6.663199224574389800, 0.3450000000000000300 ) ) ;
#5544 = CARTESIAN_POINT ( 'NONE',  ( -6.541975865728708200, -6.657323989379553300, 0.3449999999999998600 ) ) ;
#5545 = CARTESIAN_POINT ( 'NONE',  ( -6.545221745220316300, -6.651903601236961400, 0.3449999999999999200 ) ) ;
#5546 = CARTESIAN_POINT ( 'NONE',  ( -6.548630147417886100, -6.646843268301430500, 0.3450000000000000300 ) ) ;
#5547 = CARTESIAN_POINT ( 'NONE',  ( -6.552341030508649100, -6.642231003404091900, 0.3449999999999998600 ) ) ;
#5548 = CARTESIAN_POINT ( 'NONE',  ( -6.556249113513839400, -6.637978343213882600, 0.3450000000000000300 ) ) ;
#5549 = CARTESIAN_POINT ( 'NONE',  ( -6.560403444422728800, -6.634130787518426300, 0.3449999999999998600 ) ) ;
#5550 = FACE_BOUND ( 'NONE', #3087, .T. ) ;
#5551 = CIRCLE ( 'NONE', #5501, 0.09554162597655958800 ) ;
#5552 = CARTESIAN_POINT ( 'NONE',  ( -8.082000000000002500, 6.759999999999998900, 0.3449999999999999200 ) ) ;
#5553 = DIRECTION ( 'NONE',  ( 0.0000000000000000000, 1.000000000000000000, 0.0000000000000000000 ) ) ;
#5554 = VECTOR ( 'NONE', #5553, 39.37007874015748100 ) ;
#5555 = CARTESIAN_POINT ( 'NONE',  ( -5.515245173620603400, -6.852952334525348000, 0.3449999999999999200 ) ) ;
#5556 = LINE ( 'NONE', #5555, #5554 ) ;
#5557 = DIRECTION ( 'NONE',  ( 0.0000000000000000000, 1.000000000000000000, 0.0000000000000000000 ) ) ;
#5558 = VECTOR ( 'NONE', #5557, 39.37007874015748100 ) ;
#5559 = CARTESIAN_POINT ( 'NONE',  ( -3.370000000000000600, -7.215000000000001600, -0.3449999999999999200 ) ) ;
#5560 = LINE ( 'NONE', #5559, #5558 ) ;
#5561 = DIRECTION ( 'NONE',  ( -0.6428712487501676600, 0.7659742538299836300, 0.0000000000000000000 ) ) ;
#5562 = VECTOR ( 'NONE', #5561, 39.37007874015748900 ) ;
#5563 = CARTESIAN_POINT ( 'NONE',  ( -5.602192622872739700, -6.852952334525348000, 0.3449999999999999200 ) ) ;
#5564 = LINE ( 'NONE', #5563, #5562 ) ;
#5565 = CARTESIAN_POINT ( 'NONE',  ( -5.515245173620603400, -6.647289941362954500, 0.3449999999999999200 ) ) ;
#5566 = CARTESIAN_POINT ( 'NONE',  ( -3.369999999999999700, -7.202952334525348600, -0.3449999999999999200 ) ) ;
#5567 = DIRECTION ( 'NONE',  ( -0.01745240643728355000, 2.137303368083796300E-018, 0.9998476951563912700 ) ) ;
#5568 = VECTOR ( 'NONE', #5567, 39.37007874015748100 ) ;
#5569 = CARTESIAN_POINT ( 'NONE',  ( 3.888000000000001700, -6.759999999999998900, 0.3449999999999999200 ) ) ;
#5570 = LINE ( 'NONE', #5569, #5568 ) ;
#5571 = CARTESIAN_POINT ( 'NONE',  ( -5.883923994306299800, -6.845330615819706000, 0.3449999999999999200 ) ) ;
#5572 = CARTESIAN_POINT ( 'NONE',  ( -5.873985145978071600, -6.839193917185254700, 0.3450000000000000300 ) ) ;
#5573 = CARTESIAN_POINT ( 'NONE',  ( -5.864476021365582900, -6.832062324134539300, 0.3450000000000000300 ) ) ;
#5574 = CARTESIAN_POINT ( 'NONE',  ( -5.855610476947991700, -6.823877965934359600, 0.3449999999999998600 ) ) ;
#5575 = CARTESIAN_POINT ( 'NONE',  ( -5.847477885511289700, -6.814952731901858100, 0.3450000000000000300 ) ) ;
#5576 = AXIS2_PLACEMENT_3D ( 'NONE', #5453, #5450, #5532 ) ;
#5577 = FACE_BOUND ( 'NONE', #3526, .T. ) ;
#5578 = FACE_OUTER_BOUND ( 'NONE', #2870, .T. ) ;
#5579 = CARTESIAN_POINT ( 'NONE',  ( -3.888000000000000300, 6.759999999999998900, 0.3449999999999999200 ) ) ;
#5580 = CARTESIAN_POINT ( 'NONE',  ( -5.940892876612056600, -6.858828402901416200, 0.3449999999999998600 ) ) ;
#5581 = CARTESIAN_POINT ( 'NONE',  ( -5.936770457908026300, -6.858727946892480000, 0.3449999999999999200 ) ) ;
#5582 = CARTESIAN_POINT ( 'NONE',  ( -5.928659856468569500, -6.858530305966321600, 0.3449999999999998600 ) ) ;
#5583 = CARTESIAN_POINT ( 'NONE',  ( -5.916766332096879700, -6.856809130515293800, 0.3450000000000000300 ) ) ;
#5584 = CARTESIAN_POINT ( 'NONE',  ( -5.905335346656560300, -6.854140803548954600, 0.3449999999999999200 ) ) ;
#5585 = CARTESIAN_POINT ( 'NONE',  ( -5.894420463292923400, -6.850227165900761900, 0.3449999999999998600 ) ) ;
#5586 = CARTESIAN_POINT ( 'NONE',  ( -6.525928934304364900, -6.738460814760391500, 0.3449999999999999200 ) ) ;
#5587 = B_SPLINE_CURVE_WITH_KNOTS ( 'NONE', 3,
 ( #5531, #5530, #5529, #5517, #5516, #5515, #5514, #5513, #5512, #5511, #5549, #5548, #5547, #5546, #5545, #5544, #5543, #5542, #5628, #5627, #5626, #5625, #5624, #5623, #5622, #5621, #5449 ),
 .UNSPECIFIED., .F., .F.,
 ( 4, 1, 1, 1, 1, 1, 1, 1, 1, 1, 1, 1, 1, 1, 1, 1, 1, 1, 1, 1, 1, 1, 1, 1, 4 ),
 ( 0.0000000000000000000, 0.03378811616270710500, 0.06719393237387774600, 0.09986241085682580300, 0.1325666121262530900, 0.1651511732547825700, 0.1979131873557871400, 0.2313190035669627500, 0.2650832782673729900, 0.2992553087581109600, 0.3343985665049769000, 0.3699428235093051300, 0.4062835607000571100, 0.4440638196985058400, 0.4829977068727734400, 0.5233544466133028800, 0.5655365896041466600, 0.6096129240658154600, 0.6563908113764120900, 0.7058854949364530300, 0.7583245002617276000, 0.8138317829411483300, 0.8727945590393886300, 0.9347222295400697800, 1.000000000000000000 ),
 .UNSPECIFIED. ) ;
#5588 = FACE_BOUND ( 'NONE', #3097, .T. ) ;
#5589 = FACE_BOUND ( 'NONE', #3080, .T. ) ;
#5590 = FACE_BOUND ( 'NONE', #3076, .T. ) ;
#5591 = CARTESIAN_POINT ( 'NONE',  ( 3.369999999999999700, -7.202952334525348600, -0.3449999999999998600 ) ) ;
#5592 = DIRECTION ( 'NONE',  ( 0.0000000000000000000, -1.000000000000000000, 0.0000000000000000000 ) ) ;
#5593 = VECTOR ( 'NONE', #5592, 39.37007874015748100 ) ;
#5594 = CARTESIAN_POINT ( 'NONE',  ( 3.370000000000000600, -7.215000000000001600, -0.3449999999999999200 ) ) ;
#5595 = LINE ( 'NONE', #5594, #5593 ) ;
#5596 = DIRECTION ( 'NONE',  ( 0.01745240643728355000, 0.0000000000000000000, 0.9998476951563912700 ) ) ;
#5597 = VECTOR ( 'NONE', #5596, 39.37007874015748100 ) ;
#5598 = CARTESIAN_POINT ( 'NONE',  ( 4.092000000000000500, 6.759999999999998900, 0.3449999999999999200 ) ) ;
#5599 = LINE ( 'NONE', #5598, #5597 ) ;
#5600 = LINE ( 'NONE', #5484, #5483 ) ;
#5601 = DIRECTION ( 'NONE',  ( -0.01745240643728355000, 2.137303368083796300E-018, 0.9998476951563912700 ) ) ;
#5602 = VECTOR ( 'NONE', #5601, 39.37007874015748100 ) ;
#5603 = CARTESIAN_POINT ( 'NONE',  ( 7.878000000000000100, 6.759999999999998900, 0.3449999999999999200 ) ) ;
#5604 = LINE ( 'NONE', #5603, #5602 ) ;
#5605 = B_SPLINE_CURVE_WITH_KNOTS ( 'NONE', 3,
 ( #5487, #5486, #5485, #5447, #5446, #5445, #5444, #5443, #5575, #5574, #5573, #5572, #5571, #5585, #5584, #5583, #5582, #5581, #5580 ),
 .UNSPECIFIED., .F., .F.,
 ( 4, 1, 1, 1, 1, 1, 1, 1, 1, 1, 1, 1, 1, 1, 1, 1, 4 ),
 ( 0.0000000000000000000, 0.06522650389227574500, 0.1285689957067303600, 0.1903203781044673900, 0.2513779886240618500, 0.3123875283336953200, 0.3737887042767226700, 0.4364311597804526600, 0.5005667553098524000, 0.5646867953847425300, 0.6271355178835132900, 0.6884554088949811400, 0.7492457464637475300, 0.8101551773646802300, 0.8716709256529201500, 0.9347734961077245300, 1.000000000000000000 ),
 .UNSPECIFIED. ) ;
#5606 = CARTESIAN_POINT ( 'NONE',  ( -7.877999999999999200, -6.759999999999999800, 0.3449999999999999200 ) ) ;
#5607 = CARTESIAN_POINT ( 'NONE',  ( -0.09554162597655964400, 6.759999999999999800, -0.02500000000000000500 ) ) ;
#5608 = CARTESIAN_POINT ( 'NONE',  ( 0.09554162597655964400, 6.759999999999999800, -0.02500000000000000500 ) ) ;
#5609 = DIRECTION ( 'NONE',  ( -1.000000000000000000, 0.0000000000000000000, 0.0000000000000000000 ) ) ;
#5610 = DIRECTION ( 'NONE',  ( 0.0000000000000000000, 0.0000000000000000000, -1.000000000000000000 ) ) ;
#5611 = CARTESIAN_POINT ( 'NONE',  ( 0.0000000000000000000, 6.759999999999999800, -0.02500000000000000500 ) ) ;
#5612 = AXIS2_PLACEMENT_3D ( 'NONE', #5611, #5610, #5609 ) ;
#5613 = CIRCLE ( 'NONE', #5612, 0.09554162597655964400 ) ;
#5614 = CARTESIAN_POINT ( 'NONE',  ( -4.092000000000000500, 6.759999999999998900, 0.3449999999999999200 ) ) ;
#5615 = DIRECTION ( 'NONE',  ( 0.01745240643728355000, 0.0000000000000000000, 0.9998476951563912700 ) ) ;
#5616 = VECTOR ( 'NONE', #5615, 39.37007874015748100 ) ;
#5617 = CARTESIAN_POINT ( 'NONE',  ( -7.878000000000001900, 6.759999999999998900, 0.3449999999999999200 ) ) ;
#5618 = LINE ( 'NONE', #5617, #5616 ) ;
#5619 = CARTESIAN_POINT ( 'NONE',  ( 3.888000000000000300, 6.759999999999998900, 0.3449999999999999200 ) ) ;
#5620 = DIRECTION ( 'NONE',  ( 1.000000000000000000, 0.0000000000000000000, 0.0000000000000000000 ) ) ;
#5621 = CARTESIAN_POINT ( 'NONE',  ( -6.525971159829613700, -6.734940920626320900, 0.3449999999999998600 ) ) ;
#5622 = CARTESIAN_POINT ( 'NONE',  ( -6.526053443837193800, -6.728081775739721800, 0.3449999999999999200 ) ) ;
#5623 = CARTESIAN_POINT ( 'NONE',  ( -6.526490372024428100, -6.718049488257293000, 0.3450000000000000300 ) ) ;
#5624 = CARTESIAN_POINT ( 'NONE',  ( -6.527317509303377300, -6.708570741408305300, 0.3449999999999999200 ) ) ;
#5625 = CARTESIAN_POINT ( 'NONE',  ( -6.528453187014104500, -6.699639299053298000, 0.3449999999999999200 ) ) ;
#5626 = CARTESIAN_POINT ( 'NONE',  ( -6.529919151274336600, -6.691274306801831000, 0.3450000000000000300 ) ) ;
#5627 = CARTESIAN_POINT ( 'NONE',  ( -6.531679083740554500, -6.683445044567385200, 0.3449999999999999200 ) ) ;
#5628 = CARTESIAN_POINT ( 'NONE',  ( -6.533857230752432500, -6.676192590009655700, 0.3450000000000000300 ) ) ;
#5629 = CIRCLE ( 'NONE', #5811, 0.1020000000000001700 ) ;
#5630 = LINE ( 'NONE', #5716, #5715 ) ;
#5631 = CARTESIAN_POINT ( 'NONE',  ( -5.942729147979578700, -6.617909599482614700, 0.3450000000000000300 ) ) ;
#5632 = CARTESIAN_POINT ( 'NONE',  ( -5.945378687563030300, -6.617944443997252800, 0.3449999999999999200 ) ) ;
#5633 = CARTESIAN_POINT ( 'NONE',  ( -5.950643714399041600, -6.618013685198930900, 0.3450000000000000300 ) ) ;
#5634 = CARTESIAN_POINT ( 'NONE',  ( -5.958458783976858800, -6.618853372679660100, 0.3449999999999998100 ) ) ;
#5635 = CARTESIAN_POINT ( 'NONE',  ( -5.966132710347704200, -6.620058616077263200, 0.3450000000000000300 ) ) ;
#5636 = CARTESIAN_POINT ( 'NONE',  ( -5.973659379948201400, -6.621828570814834300, 0.3449999999999998100 ) ) ;
#5637 = CARTESIAN_POINT ( 'NONE',  ( -5.981055219990943300, -6.624070529607501500, 0.3450000000000000800 ) ) ;
#5638 = CARTESIAN_POINT ( 'NONE',  ( -5.988300590744287900, -6.626836640777829900, 0.3449999999999998600 ) ) ;
#5639 = CARTESIAN_POINT ( 'NONE',  ( -5.995429427384603800, -6.630059500068368200, 0.3449999999999999200 ) ) ;
#5640 = CARTESIAN_POINT ( 'NONE',  ( -6.002344909668385000, -6.633815157692025000, 0.3449999999999999200 ) ) ;
#5641 = CARTESIAN_POINT ( 'NONE',  ( -6.009052446438750500, -6.637967680024672700, 0.3449999999999999200 ) ) ;
#5642 = CARTESIAN_POINT ( 'NONE',  ( -6.015386760057923600, -6.642575563718254200, 0.3449999999999998600 ) ) ;
#5643 = DIRECTION ( 'NONE',  ( 1.000000000000000000, 0.0000000000000000000, 0.0000000000000000000 ) ) ;
#5644 = DIRECTION ( 'NONE',  ( 0.0000000000000000000, 0.0000000000000000000, 1.000000000000000000 ) ) ;
#5645 = CARTESIAN_POINT ( 'NONE',  ( -3.990000000000000200, 6.759999999999998900, 0.3449999999999999200 ) ) ;
#5646 = AXIS2_PLACEMENT_3D ( 'NONE', #5645, #5644, #5643 ) ;
#5647 = CARTESIAN_POINT ( 'NONE',  ( -7.878000000000001900, 6.759999999999998900, 0.3449999999999999200 ) ) ;
#5648 = CONICAL_SURFACE ( 'NONE', #5646, 0.1020000000000001700, 0.01745329251994333400 ) ;
#5649 = DIRECTION ( 'NONE',  ( 1.000000000000000000, 0.0000000000000000000, 0.0000000000000000000 ) ) ;
#5650 = AXIS2_PLACEMENT_3D ( 'NONE', #5679, #5678, #5677 ) ;
#5651 = CIRCLE ( 'NONE', #5650, 0.09554162597656012900 ) ;
#5652 = FACE_OUTER_BOUND ( 'NONE', #2944, .T. ) ;
#5653 = DIRECTION ( 'NONE',  ( 1.000000000000000000, 0.0000000000000000000, 0.0000000000000000000 ) ) ;
#5654 = DIRECTION ( 'NONE',  ( 0.0000000000000000000, 0.0000000000000000000, 1.000000000000000000 ) ) ;
#5655 = CARTESIAN_POINT ( 'NONE',  ( 7.980000000000000400, 6.759999999999998900, 0.3449999999999999200 ) ) ;
#5656 = AXIS2_PLACEMENT_3D ( 'NONE', #5655, #5654, #5653 ) ;
#5657 = CARTESIAN_POINT ( 'NONE',  ( 1.655667790367853900E-015, -6.759999999999999800, -0.02500000000000000500 ) ) ;
#5658 = DIRECTION ( 'NONE',  ( 0.01745240643728355000, 0.0000000000000000000, 0.9998476951563912700 ) ) ;
#5659 = VECTOR ( 'NONE', #5658, 39.37007874015748100 ) ;
#5660 = CARTESIAN_POINT ( 'NONE',  ( 8.082000000000000700, 6.759999999999998900, 0.3449999999999999200 ) ) ;
#5661 = DIRECTION ( 'NONE',  ( 1.000000000000000000, 0.0000000000000000000, 0.0000000000000000000 ) ) ;
#5662 = DIRECTION ( 'NONE',  ( 0.0000000000000000000, 0.0000000000000000000, 1.000000000000000000 ) ) ;
#5663 = CARTESIAN_POINT ( 'NONE',  ( 0.0000000000000000000, 6.759999999999999800, 0.3449999999999999200 ) ) ;
#5664 = CARTESIAN_POINT ( 'NONE',  ( -5.444732353107782300, -6.647289941362954500, 0.3449999999999999200 ) ) ;
#5665 = LINE ( 'NONE', #5664, #5761 ) ;
#5666 = CARTESIAN_POINT ( 'NONE',  ( -5.597510130885561700, -6.852952334525348000, 0.3449999999999999200 ) ) ;
#5667 = DIRECTION ( 'NONE',  ( 0.0000000000000000000, -1.000000000000000000, 0.0000000000000000000 ) ) ;
#5668 = VECTOR ( 'NONE', #5667, 39.37007874015748100 ) ;
#5669 = CARTESIAN_POINT ( 'NONE',  ( -5.597510130885561700, -6.623785667858681100, 0.3449999999999999200 ) ) ;
#5670 = LINE ( 'NONE', #5669, #5668 ) ;
#5671 = LINE ( 'NONE', #5745, #5681 ) ;
#5672 = CARTESIAN_POINT ( 'NONE',  ( 3.990000000000002000, -6.759999999999998900, 0.3449999999999999200 ) ) ;
#5673 = AXIS2_PLACEMENT_3D ( 'NONE', #5672, #5676, #5649 ) ;
#5674 = CONICAL_SURFACE ( 'NONE', #5673, 0.1020000000000001700, 0.01745329251994333400 ) ;
#5675 = FACE_OUTER_BOUND ( 'NONE', #2928, .T. ) ;
#5676 = DIRECTION ( 'NONE',  ( 0.0000000000000000000, 0.0000000000000000000, 1.000000000000000000 ) ) ;
#5677 = DIRECTION ( 'NONE',  ( -1.000000000000000000, 0.0000000000000000000, 0.0000000000000000000 ) ) ;
#5678 = DIRECTION ( 'NONE',  ( 0.0000000000000000000, 0.0000000000000000000, -1.000000000000000000 ) ) ;
#5679 = CARTESIAN_POINT ( 'NONE',  ( 7.980000000000000400, 6.759999999999998900, -0.02500000000000000500 ) ) ;
#5680 = CARTESIAN_POINT ( 'NONE',  ( -0.1019999999999985100, -6.759999999999999800, 0.3449999999999999200 ) ) ;
#5681 = VECTOR ( 'NONE', #5682, 39.37007874015748100 ) ;
#5682 = DIRECTION ( 'NONE',  ( -0.01745240643728355000, 2.137303368083796300E-018, 0.9998476951563912700 ) ) ;
#5683 = LINE ( 'NONE', #5687, #5686 ) ;
#5684 = CARTESIAN_POINT ( 'NONE',  ( -0.1020000000000001700, 6.759999999999999800, 0.3449999999999999200 ) ) ;
#5685 = DIRECTION ( 'NONE',  ( -0.01745240643728355000, 2.137303368083796300E-018, 0.9998476951563912700 ) ) ;
#5686 = VECTOR ( 'NONE', #5685, 39.37007874015748100 ) ;
#5687 = CARTESIAN_POINT ( 'NONE',  ( -0.1020000000000001700, 6.759999999999999800, 0.3449999999999999200 ) ) ;
#5688 = CARTESIAN_POINT ( 'NONE',  ( -6.021375106245285400, -6.647536217808868400, 0.3450000000000000800 ) ) ;
#5689 = CARTESIAN_POINT ( 'NONE',  ( -6.026980944918798300, -6.652894373882015000, 0.3450000000000000300 ) ) ;
#5690 = CARTESIAN_POINT ( 'NONE',  ( -6.032295214739678900, -6.658567689609569100, 0.3449999999999998100 ) ) ;
#5691 = CARTESIAN_POINT ( 'NONE',  ( -6.037142768627460600, -6.664721207256029300, 0.3450000000000000800 ) ) ;
#5692 = CARTESIAN_POINT ( 'NONE',  ( -6.041717966508241700, -6.671195465676636800, 0.3449999999999999200 ) ) ;
#5693 = CARTESIAN_POINT ( 'NONE',  ( -6.045860108700217100, -6.678044792844489500, 0.3450000000000000300 ) ) ;
#5694 = CARTESIAN_POINT ( 'NONE',  ( -6.049571341607517600, -6.685164895873194600, 0.3449999999999998600 ) ) ;
#5695 = CARTESIAN_POINT ( 'NONE',  ( -6.052854307672594000, -6.692444782547001500, 0.3449999999999999200 ) ) ;
#5696 = CARTESIAN_POINT ( 'NONE',  ( -6.055542238037434200, -6.699918939637476500, 0.3449999999999999200 ) ) ;
#5697 = CARTESIAN_POINT ( 'NONE',  ( -6.057820263852025100, -6.707511623159649400, 0.3449999999999999200 ) ) ;
#5698 = CARTESIAN_POINT ( 'NONE',  ( -6.059562055745141500, -6.715275197133505200, 0.3449999999999999200 ) ) ;
#5699 = CARTESIAN_POINT ( 'NONE',  ( -6.060777405228914300, -6.723190656868249300, 0.3450000000000000300 ) ) ;
#5700 = CARTESIAN_POINT ( 'NONE',  ( -6.061614956521514900, -6.731235493782984100, 0.3449999999999999200 ) ) ;
#5701 = CARTESIAN_POINT ( 'NONE',  ( -6.061684526698796200, -6.736653001869728800, 0.3450000000000000300 ) ) ;
#5702 = DIRECTION ( 'NONE',  ( -1.000000000000000000, 0.0000000000000000000, 0.0000000000000000000 ) ) ;
#5703 = DIRECTION ( 'NONE',  ( -0.01745240643728355000, 2.137303368083796300E-018, 0.9998476951563912700 ) ) ;
#5704 = VECTOR ( 'NONE', #5703, 39.37007874015748100 ) ;
#5705 = CARTESIAN_POINT ( 'NONE',  ( -7.980000000000001300, 6.759999999999998900, 0.3449999999999999200 ) ) ;
#5706 = CIRCLE ( 'NONE', #5805, 0.1020000000000001700 ) ;
#5707 = DIRECTION ( 'NONE',  ( -0.01745240643728355000, 2.137303368083796300E-018, 0.9998476951563912700 ) ) ;
#5708 = VECTOR ( 'NONE', #5707, 39.37007874015748100 ) ;
#5709 = CARTESIAN_POINT ( 'NONE',  ( -8.082000000000002500, 6.759999999999998900, 0.3449999999999999200 ) ) ;
#5710 = LINE ( 'NONE', #5709, #5708 ) ;
#5711 = CARTESIAN_POINT ( 'NONE',  ( -6.061719532594962000, -6.739378950444151300, 0.3449999999999999200 ) ) ;
#5712 = CARTESIAN_POINT ( 'NONE',  ( -6.605026323460347000, -6.858828402901416200, 0.3449999999999999200 ) ) ;
#5713 = B_SPLINE_CURVE_WITH_KNOTS ( 'NONE', 3,
 ( #5814, #5813, #5812, #5744, #5743, #5742, #5741, #5740, #5739, #5738, #5737, #5736, #5735, #5734, #5733, #5732, #5731, #5730, #5729, #5728, #5781, #5780, #5779, #5778, #5777, #5776, #5775 ),
 .UNSPECIFIED., .F., .F.,
 ( 4, 1, 1, 1, 1, 1, 1, 1, 1, 1, 1, 1, 1, 1, 1, 1, 1, 1, 1, 1, 1, 1, 1, 1, 4 ),
 ( 0.0000000000000000000, 0.03378714634699001000, 0.06662165772429357000, 0.09928487809597699700, 0.1313611650426498300, 0.1635851875953464300, 0.1961039269870707400, 0.2289022543238172500, 0.2621580559050126200, 0.2959912222583185900, 0.3302178457247989500, 0.3650598258919547900, 0.4009507373401088900, 0.4376203820767419200, 0.4757075294370963200, 0.5153806916250519600, 0.5564135414931695700, 0.5997648298727345000, 0.6464241555840918300, 0.6964314445175698900, 0.7497815178015566600, 0.8065733069755337500, 0.8674355315654043200, 0.9318867532508736700, 1.000000000000000000 ),
 .UNSPECIFIED. ) ;
#5714 = DIRECTION ( 'NONE',  ( -1.000000000000000000, 0.0000000000000000000, 0.0000000000000000000 ) ) ;
#5715 = VECTOR ( 'NONE', #5714, 39.37007874015748100 ) ;
#5716 = CARTESIAN_POINT ( 'NONE',  ( -6.376089190714619500, -6.852952334525347100, 0.3449999999999999200 ) ) ;
#5717 = DIRECTION ( 'NONE',  ( 0.01745240643728355000, 0.0000000000000000000, 0.9998476951563912700 ) ) ;
#5718 = VECTOR ( 'NONE', #5717, 39.37007874015748100 ) ;
#5719 = CARTESIAN_POINT ( 'NONE',  ( 0.1020000000000001700, 6.759999999999999800, 0.3449999999999999200 ) ) ;
#5720 = LINE ( 'NONE', #5719, #5718 ) ;
#5721 = AXIS2_PLACEMENT_3D ( 'NONE', #5663, #5662, #5661 ) ;
#5722 = CIRCLE ( 'NONE', #5721, 0.1020000000000001700 ) ;
#5723 = LINE ( 'NONE', #5660, #5659 ) ;
#5724 = DIRECTION ( 'NONE',  ( 1.000000000000000000, 0.0000000000000000000, 0.0000000000000000000 ) ) ;
#5725 = DIRECTION ( 'NONE',  ( 0.0000000000000000000, 0.0000000000000000000, 1.000000000000000000 ) ) ;
#5726 = AXIS2_PLACEMENT_3D ( 'NONE', #5657, #5796, #5702 ) ;
#5727 = CARTESIAN_POINT ( 'NONE',  ( 7.878000000000001900, -6.759999999999999800, 0.3449999999999999200 ) ) ;
#5728 = CARTESIAN_POINT ( 'NONE',  ( -6.676270557881197800, -6.794636638187830300, 0.3450000000000000300 ) ) ;
#5729 = CARTESIAN_POINT ( 'NONE',  ( -6.674237672230912500, -6.801848786780254800, 0.3450000000000000300 ) ) ;
#5730 = CARTESIAN_POINT ( 'NONE',  ( -6.671936271643627200, -6.808472026104404900, 0.3449999999999999200 ) ) ;
#5731 = CARTESIAN_POINT ( 'NONE',  ( -6.669340566897474800, -6.814582127398611400, 0.3450000000000000300 ) ) ;
#5732 = CARTESIAN_POINT ( 'NONE',  ( -6.666500808595400500, -6.820268250704477200, 0.3449999999999999200 ) ) ;
#5733 = CARTESIAN_POINT ( 'NONE',  ( -6.663430671056636900, -6.825567132272926300, 0.3449999999999999200 ) ) ;
#5734 = CARTESIAN_POINT ( 'NONE',  ( -6.660093081948584600, -6.830457761235190400, 0.3449999999999998100 ) ) ;
#5735 = CARTESIAN_POINT ( 'NONE',  ( -6.656581325687927400, -6.835006910962484000, 0.3450000000000000300 ) ) ;
#5736 = CARTESIAN_POINT ( 'NONE',  ( -6.652808258961336200, -6.839172729559333400, 0.3449999999999998600 ) ) ;
#5737 = CARTESIAN_POINT ( 'NONE',  ( -6.648742278851504900, -6.842889438937621800, 0.3450000000000000300 ) ) ;
#5738 = CARTESIAN_POINT ( 'NONE',  ( -6.644485530211992100, -6.846249787237690400, 0.3449999999999999200 ) ) ;
#5739 = CARTESIAN_POINT ( 'NONE',  ( -6.640014059282235000, -6.849182820784244900, 0.3449999999999999200 ) ) ;
#5740 = CARTESIAN_POINT ( 'NONE',  ( -6.635411889516774400, -6.851758265775410800, 0.3450000000000000300 ) ) ;
#5741 = CARTESIAN_POINT ( 'NONE',  ( -6.630691299319074100, -6.853994518868462100, 0.3449999999999998600 ) ) ;
#5742 = CARTESIAN_POINT ( 'NONE',  ( -6.625799801307641300, -6.855710966484353200, 0.3449999999999999200 ) ) ;
#5743 = CARTESIAN_POINT ( 'NONE',  ( -6.620804049555181900, -6.857113244133179500, 0.3450000000000000800 ) ) ;
#5744 = CARTESIAN_POINT ( 'NONE',  ( -6.615678413377563200, -6.858114735414934800, 0.3449999999999998600 ) ) ;
#5745 = CARTESIAN_POINT ( 'NONE',  ( -0.1019999999999985100, -6.759999999999999800, 0.3449999999999999200 ) ) ;
#5746 = CARTESIAN_POINT ( 'NONE',  ( 1.655667790367853900E-015, -6.759999999999999800, 0.3449999999999999200 ) ) ;
#5747 = AXIS2_PLACEMENT_3D ( 'NONE', #5746, #5725, #5724 ) ;
#5748 = CONICAL_SURFACE ( 'NONE', #5747, 0.1020000000000001700, 0.01745329251994333400 ) ;
#5749 = FACE_OUTER_BOUND ( 'NONE', #2767, .T. ) ;
#5750 = LINE ( 'NONE', #5794, #5793 ) ;
#5751 = CARTESIAN_POINT ( 'NONE',  ( 7.884458374023440200, 6.759999999999998900, -0.02500000000000000500 ) ) ;
#5752 = DIRECTION ( 'NONE',  ( 1.000000000000000000, 0.0000000000000000000, 0.0000000000000000000 ) ) ;
#5753 = DIRECTION ( 'NONE',  ( 0.0000000000000000000, 0.0000000000000000000, 1.000000000000000000 ) ) ;
#5754 = B_SPLINE_CURVE_WITH_KNOTS ( 'NONE', 3,
 ( #5711, #5701, #5700, #5699, #5698, #5697, #5696, #5695, #5694, #5693, #5692, #5691, #5690, #5689, #5688, #5642, #5641, #5640, #5639, #5638, #5637, #5636, #5635, #5634, #5633, #5632, #5631 ),
 .UNSPECIFIED., .F., .F.,
 ( 4, 1, 1, 1, 1, 1, 1, 1, 1, 1, 1, 1, 1, 1, 1, 1, 1, 1, 1, 1, 1, 1, 1, 1, 4 ),
 ( 0.0000000000000000000, 0.04320898617133354900, 0.08587287163061788100, 0.1281200066967045100, 0.1701519644541968900, 0.2119176209878630100, 0.2537530026191237600, 0.2960064088559481400, 0.3384433571447858500, 0.3810153681620349600, 0.4228204794407639000, 0.4640890557943154700, 0.5051258486836875900, 0.5459749706852425900, 0.5869852111338616000, 0.6283385916346604400, 0.6700838015912097300, 0.7119916023637237200, 0.7530391548630172000, 0.7940493953116402000, 0.8348855427015843300, 0.8754983129295129700, 0.9165472998303785300, 0.9580037786449605600, 1.000000000000000000 ),
 .UNSPECIFIED. ) ;
#5755 = DIRECTION ( 'NONE',  ( 0.0000000000000000000, -1.000000000000000000, 0.0000000000000000000 ) ) ;
#5756 = VECTOR ( 'NONE', #5755, 39.37007874015748100 ) ;
#5757 = CARTESIAN_POINT ( 'NONE',  ( -5.753225942851372600, -6.672997740508254300, 0.3449999999999999200 ) ) ;
#5758 = LINE ( 'NONE', #5757, #5756 ) ;
#5759 = CARTESIAN_POINT ( 'NONE',  ( -5.494678934304364000, -6.647289941362954500, 0.3449999999999999200 ) ) ;
#5760 = DIRECTION ( 'NONE',  ( -1.000000000000000000, 0.0000000000000000000, 0.0000000000000000000 ) ) ;
#5761 = VECTOR ( 'NONE', #5760, 39.37007874015748100 ) ;
#5762 = DIRECTION ( 'NONE',  ( 1.000000000000000000, 0.0000000000000000000, 0.0000000000000000000 ) ) ;
#5763 = DIRECTION ( 'NONE',  ( 0.0000000000000000000, 0.0000000000000000000, 1.000000000000000000 ) ) ;
#5764 = CARTESIAN_POINT ( 'NONE',  ( 0.0000000000000000000, 6.759999999999999800, 0.3449999999999999200 ) ) ;
#5765 = AXIS2_PLACEMENT_3D ( 'NONE', #5764, #5763, #5762 ) ;
#5766 = CARTESIAN_POINT ( 'NONE',  ( 7.878000000000000100, 6.759999999999998900, 0.3449999999999999200 ) ) ;
#5767 = CONICAL_SURFACE ( 'NONE', #5765, 0.1020000000000001700, 0.01745329251994333400 ) ;
#5768 = FACE_OUTER_BOUND ( 'NONE', #2896, .T. ) ;
#5769 = DIRECTION ( 'NONE',  ( -0.01745240643728355000, 2.137303368083796300E-018, 0.9998476951563912700 ) ) ;
#5770 = VECTOR ( 'NONE', #5769, 39.37007874015748100 ) ;
#5771 = CARTESIAN_POINT ( 'NONE',  ( -4.092000000000000500, 6.759999999999998900, 0.3449999999999999200 ) ) ;
#5772 = LINE ( 'NONE', #5771, #5770 ) ;
#5773 = CARTESIAN_POINT ( 'NONE',  ( 0.09554162597656130900, -6.759999999999999800, -0.02500000000000000500 ) ) ;
#5774 = CARTESIAN_POINT ( 'NONE',  ( 4.085541625976561300, -6.759999999999998900, -0.02500000000000000500 ) ) ;
#5775 = CARTESIAN_POINT ( 'NONE',  ( -6.681644746270176700, -6.738460814760391500, 0.3449999999999999200 ) ) ;
#5776 = CARTESIAN_POINT ( 'NONE',  ( -6.681623380933743300, -6.742103277203401700, 0.3449999999999999200 ) ) ;
#5777 = CARTESIAN_POINT ( 'NONE',  ( -6.681581798941948600, -6.749192369569367900, 0.3449999999999999200 ) ) ;
#5778 = CARTESIAN_POINT ( 'NONE',  ( -6.681114212838417100, -6.759527472534770700, 0.3449999999999998600 ) ) ;
#5779 = CARTESIAN_POINT ( 'NONE',  ( -6.680357679633046600, -6.769237969916056300, 0.3449999999999998600 ) ) ;
#5780 = CARTESIAN_POINT ( 'NONE',  ( -6.679249535505196200, -6.778317810596081300, 0.3449999999999998600 ) ) ;
#5781 = CARTESIAN_POINT ( 'NONE',  ( -6.677875651525072300, -6.786771923918458100, 0.3450000000000000300 ) ) ;
#5782 = DIRECTION ( 'NONE',  ( 0.0000000000000000000, -1.000000000000000000, 0.0000000000000000000 ) ) ;
#5783 = CIRCLE ( 'NONE', #5963, 0.09554162597655958800 ) ;
#5784 = DIRECTION ( 'NONE',  ( 1.000000000000000000, 0.0000000000000000000, 0.0000000000000000000 ) ) ;
#5785 = DIRECTION ( 'NONE',  ( 0.0000000000000000000, 0.0000000000000000000, 1.000000000000000000 ) ) ;
#5786 = CARTESIAN_POINT ( 'NONE',  ( -7.979999999999999500, -6.759999999999999800, 0.3449999999999999200 ) ) ;
#5787 = AXIS2_PLACEMENT_3D ( 'NONE', #5786, #5785, #5784 ) ;
#5788 = CIRCLE ( 'NONE', #5787, 0.1020000000000001700 ) ;
#5789 = CARTESIAN_POINT ( 'NONE',  ( -6.984262267637696200, -6.623785667858681100, 0.3449999999999999200 ) ) ;
#5790 = CONICAL_SURFACE ( 'NONE', #5656, 0.1020000000000001700, 0.01745329251994333400 ) ;
#5791 = FACE_OUTER_BOUND ( 'NONE', #2821, .T. ) ;
#5792 = DIRECTION ( 'NONE',  ( 0.01745240643728355000, 0.0000000000000000000, 0.9998476951563912700 ) ) ;
#5793 = VECTOR ( 'NONE', #5792, 39.37007874015748100 ) ;
#5794 = CARTESIAN_POINT ( 'NONE',  ( -3.888000000000000300, 6.759999999999998900, 0.3449999999999999200 ) ) ;
#5795 = LINE ( 'NONE', #5727, #5704 ) ;
#5796 = DIRECTION ( 'NONE',  ( 0.0000000000000000000, 0.0000000000000000000, -1.000000000000000000 ) ) ;
#5797 = CARTESIAN_POINT ( 'NONE',  ( -5.597510130885561700, -6.623785667858681100, 0.3449999999999999200 ) ) ;
#5798 = DIRECTION ( 'NONE',  ( 1.000000000000000000, 0.0000000000000000000, 0.0000000000000000000 ) ) ;
#5799 = VECTOR ( 'NONE', #5798, 39.37007874015748100 ) ;
#5800 = CARTESIAN_POINT ( 'NONE',  ( -5.618076370201799300, -6.623785667858681100, 0.3449999999999999200 ) ) ;
#5801 = LINE ( 'NONE', #5800, #5799 ) ;
#5802 = CARTESIAN_POINT ( 'NONE',  ( -5.753225942851372600, -6.852952334525348000, 0.3449999999999999200 ) ) ;
#5803 = DIRECTION ( 'NONE',  ( 1.000000000000000000, 0.0000000000000000000, 0.0000000000000000000 ) ) ;
#5804 = DIRECTION ( 'NONE',  ( 0.0000000000000000000, 0.0000000000000000000, 1.000000000000000000 ) ) ;
#5805 = AXIS2_PLACEMENT_3D ( 'NONE', #5705, #5804, #5803 ) ;
#5806 = CARTESIAN_POINT ( 'NONE',  ( -3.990000000000000200, 6.759999999999998900, 0.3449999999999999200 ) ) ;
#5807 = CARTESIAN_POINT ( 'NONE',  ( 0.1020000000000001700, 6.759999999999999800, 0.3449999999999999200 ) ) ;
#5808 = CIRCLE ( 'NONE', #5726, 0.09554162597655964400 ) ;
#5809 = DIRECTION ( 'NONE',  ( 1.000000000000000000, 0.0000000000000000000, 0.0000000000000000000 ) ) ;
#5810 = DIRECTION ( 'NONE',  ( 0.0000000000000000000, 0.0000000000000000000, 1.000000000000000000 ) ) ;
#5811 = AXIS2_PLACEMENT_3D ( 'NONE', #5806, #5810, #5809 ) ;
#5812 = CARTESIAN_POINT ( 'NONE',  ( -6.610397599807122900, -6.858737658309998200, 0.3449999999999999200 ) ) ;
#5813 = CARTESIAN_POINT ( 'NONE',  ( -6.606833735685572000, -6.858797867722564900, 0.3449999999999999200 ) ) ;
#5814 = CARTESIAN_POINT ( 'NONE',  ( -6.605026323460347000, -6.858828402901416200, 0.3449999999999999200 ) ) ;
#5815 = CARTESIAN_POINT ( 'NONE',  ( 0.1020000000000018300, -6.759999999999999800, 0.3449999999999999200 ) ) ;
#5816 = DIRECTION ( 'NONE',  ( -1.000000000000000000, 0.0000000000000000000, 0.0000000000000000000 ) ) ;
#5817 = VECTOR ( 'NONE', #5816, 39.37007874015748100 ) ;
#5818 = CARTESIAN_POINT ( 'NONE',  ( -5.494678934304364000, -6.852952334525348000, 0.3449999999999999200 ) ) ;
#5819 = LINE ( 'NONE', #5818, #5817 ) ;
#5820 = CARTESIAN_POINT ( 'NONE',  ( -5.444732353107782300, -6.623785667858681100, 0.3449999999999999200 ) ) ;
#5821 = CARTESIAN_POINT ( 'NONE',  ( -6.681644746270176700, -6.738460814760391500, 0.3449999999999999200 ) ) ;
#5822 = CARTESIAN_POINT ( 'NONE',  ( 3.990000000000000200, 6.759999999999998900, 0.3449999999999999200 ) ) ;
#5823 = AXIS2_PLACEMENT_3D ( 'NONE', #5822, #5753, #5752 ) ;
#5824 = CARTESIAN_POINT ( 'NONE',  ( 8.075541625976560700, 6.759999999999998900, -0.02500000000000000500 ) ) ;
#5825 = CONICAL_SURFACE ( 'NONE', #5823, 0.1020000000000001700, 0.01745329251994333400 ) ;
#5826 = FACE_OUTER_BOUND ( 'NONE', #2890, .T. ) ;
#5827 = CARTESIAN_POINT ( 'NONE',  ( -6.678003987583619700, -6.689922192917546100, 0.3450000000000000300 ) ) ;
#5828 = CARTESIAN_POINT ( 'NONE',  ( -6.679289807717307100, -6.698392308451442300, 0.3449999999999998600 ) ) ;
#5829 = CARTESIAN_POINT ( 'NONE',  ( -6.680346421415836600, -6.707502866346817200, 0.3449999999999999200 ) ) ;
#5830 = CARTESIAN_POINT ( 'NONE',  ( -6.681117425972059800, -6.717256218602451600, 0.3449999999999999200 ) ) ;
#5831 = CARTESIAN_POINT ( 'NONE',  ( -6.681581548771845300, -6.727652832071111500, 0.3449999999999999200 ) ) ;
#5832 = CARTESIAN_POINT ( 'NONE',  ( -6.681623268890818100, -6.734787771515885700, 0.3449999999999999200 ) ) ;
#5833 = CARTESIAN_POINT ( 'NONE',  ( -6.681644746270176700, -6.738460814760391500, 0.3449999999999999200 ) ) ;
#5834 = DIRECTION ( 'NONE',  ( 0.0000000000000000000, -1.000000000000000000, 0.0000000000000000000 ) ) ;
#5835 = VECTOR ( 'NONE', #5834, 39.37007874015748100 ) ;
#5836 = CARTESIAN_POINT ( 'NONE',  ( -6.285010130885559900, -6.623785667858680200, 0.3449999999999999200 ) ) ;
#5837 = LINE ( 'NONE', #5836, #5835 ) ;
#5838 = CARTESIAN_POINT ( 'NONE',  ( -8.999999999999998200, -3.989999999999999800, 0.3449999999999999200 ) ) ;
#5839 = AXIS2_PLACEMENT_3D ( 'NONE', #5838, #5874, #5873 ) ;
#5840 = CIRCLE ( 'NONE', #5839, 0.1020000000000001700 ) ;
#5841 = DIRECTION ( 'NONE',  ( 0.0000000000000000000, -1.000000000000000000, 0.0000000000000000000 ) ) ;
#5842 = VECTOR ( 'NONE', #5841, 39.37007874015748100 ) ;
#5843 = CARTESIAN_POINT ( 'NONE',  ( 5.399000000000000000, 7.214999999999998100, -0.1230000000000005700 ) ) ;
#5844 = LINE ( 'NONE', #5843, #5842 ) ;
#5845 = CARTESIAN_POINT ( 'NONE',  ( 5.399000000000000000, 6.977952334525344500, -0.2669999999999993500 ) ) ;
#5846 = DIRECTION ( 'NONE',  ( 0.0000000000000000000, 0.0000000000000000000, 1.000000000000000000 ) ) ;
#5847 = DIRECTION ( 'NONE',  ( 0.0000000000000000000, -1.000000000000000000, 0.0000000000000000000 ) ) ;
#5848 = CARTESIAN_POINT ( 'NONE',  ( 5.399000000000000000, 6.977952334525344500, -0.1949999999999999800 ) ) ;
#5849 = DIRECTION ( 'NONE',  ( 1.000000000000000000, 0.0000000000000000000, 0.0000000000000000000 ) ) ;
#5850 = DIRECTION ( 'NONE',  ( 0.0000000000000000000, 0.0000000000000000000, 1.000000000000000000 ) ) ;
#5851 = CARTESIAN_POINT ( 'NONE',  ( -7.980000000000001300, 6.759999999999998900, 0.3449999999999999200 ) ) ;
#5852 = AXIS2_PLACEMENT_3D ( 'NONE', #5851, #5850, #5849 ) ;
#5853 = CIRCLE ( 'NONE', #5852, 0.1020000000000001700 ) ;
#5854 = CARTESIAN_POINT ( 'NONE',  ( 8.537952334525348500, 6.297952334525343900, 0.3449999999999999200 ) ) ;
#5855 = DIRECTION ( 'NONE',  ( 8.369693446491436000E-017, -1.000000000000000000, 0.0000000000000000000 ) ) ;
#5856 = VECTOR ( 'NONE', #5855, 39.37007874015748100 ) ;
#5857 = CARTESIAN_POINT ( 'NONE',  ( -8.767952334525347200, 6.527952334525344300, 0.3449999999999999200 ) ) ;
#5858 = CARTESIAN_POINT ( 'NONE',  ( -6.953550629015902400, -6.703112590935604400, 0.3449999999999998600 ) ) ;
#5859 = CARTESIAN_POINT ( 'NONE',  ( -6.955618786835345600, -6.703169979748193600, 0.3449999999999999200 ) ) ;
#5860 = CARTESIAN_POINT ( 'NONE',  ( -6.959892769421751200, -6.703288577460305000, 0.3450000000000000800 ) ) ;
#5861 = CARTESIAN_POINT ( 'NONE',  ( -6.966479163696635400, -6.704157148202159400, 0.3449999999999999200 ) ) ;
#5862 = CARTESIAN_POINT ( 'NONE',  ( -6.973417011735928200, -6.705598002218377700, 0.3450000000000000300 ) ) ;
#5863 = CARTESIAN_POINT ( 'NONE',  ( -6.978117540629714500, -6.706895709776171400, 0.3450000000000000300 ) ) ;
#5864 = CARTESIAN_POINT ( 'NONE',  ( -6.980543818118466200, -6.707565549001843800, 0.3449999999999999200 ) ) ;
#5865 = CARTESIAN_POINT ( 'NONE',  ( -6.713963122338552300, -6.647289941362954500, 0.3449999999999999200 ) ) ;
#5866 = LINE ( 'NONE', #5865, #5971 ) ;
#5867 = B_SPLINE_CURVE_WITH_KNOTS ( 'NONE', 3,
 ( #5864, #5863, #5862, #5861, #5860, #5859, #5858 ),
 .UNSPECIFIED., .F., .F.,
 ( 4, 1, 1, 1, 4 ),
 ( 0.0000000000000000000, 0.2750683690187329900, 0.5329014600899338900, 0.7739734595924697700, 1.000000000000000000 ),
 .UNSPECIFIED. ) ;
#5868 = DIRECTION ( 'NONE',  ( -0.2007054744631335500, -0.9796516281416208800, 0.0000000000000000000 ) ) ;
#5869 = VECTOR ( 'NONE', #5868, 39.37007874015748900 ) ;
#5870 = CARTESIAN_POINT ( 'NONE',  ( -6.968194893171884500, -6.647289941362954500, 0.3449999999999999200 ) ) ;
#5871 = LINE ( 'NONE', #5870, #5869 ) ;
#5872 = CARTESIAN_POINT ( 'NONE',  ( -7.175234489859919400, -6.647289941362954500, 0.3449999999999999200 ) ) ;
#5873 = DIRECTION ( 'NONE',  ( 1.000000000000000000, 0.0000000000000000000, 0.0000000000000000000 ) ) ;
#5874 = DIRECTION ( 'NONE',  ( 0.0000000000000000000, 0.0000000000000000000, 1.000000000000000000 ) ) ;
#5875 = CARTESIAN_POINT ( 'NONE',  ( 3.990000000000002000, -6.759999999999998900, -0.02500000000000000500 ) ) ;
#5876 = CARTESIAN_POINT ( 'NONE',  ( -6.625846920687992600, -6.621074308444196500, 0.3449999999999998100 ) ) ;
#5877 = CARTESIAN_POINT ( 'NONE',  ( -6.630761968377738600, -6.622834991744529300, 0.3450000000000000300 ) ) ;
#5878 = CARTESIAN_POINT ( 'NONE',  ( -6.635525695546879100, -6.625074268767345000, 0.3449999999999998600 ) ) ;
#5879 = CARTESIAN_POINT ( 'NONE',  ( -6.640151108211013800, -6.627695459986235900, 0.3449999999999998600 ) ) ;
#5880 = CARTESIAN_POINT ( 'NONE',  ( -6.644670043379523600, -6.630671318250471700, 0.3450000000000000800 ) ) ;
#5881 = CARTESIAN_POINT ( 'NONE',  ( -6.648953692730758600, -6.634066016620922200, 0.3449999999999998600 ) ) ;
#5882 = CARTESIAN_POINT ( 'NONE',  ( -6.653040839391106700, -6.637792315758433800, 0.3449999999999999200 ) ) ;
#5883 = CARTESIAN_POINT ( 'NONE',  ( -6.376089190714619500, -6.647289941362954500, 0.3449999999999999200 ) ) ;
#5884 = CARTESIAN_POINT ( 'NONE',  ( -6.285010130885559900, -6.717802761875773900, 0.3449999999999999200 ) ) ;
#5885 = CARTESIAN_POINT ( 'NONE',  ( -8.567952334525344300, -6.977952334525348000, 0.3449999999999999200 ) ) ;
#5886 = CARTESIAN_POINT ( 'NONE',  ( -5.820800729176158800, -6.738277187623638500, 0.3449999999999999200 ) ) ;
#5887 = CARTESIAN_POINT ( 'NONE',  ( -6.396655430030858900, -6.623785667858680200, 0.3449999999999999200 ) ) ;
#5888 = DIRECTION ( 'NONE',  ( 1.000000000000000000, 0.0000000000000000000, 0.0000000000000000000 ) ) ;
#5889 = CARTESIAN_POINT ( 'NONE',  ( -7.007766541141970500, -6.738369001192015000, 0.3449999999999999200 ) ) ;
#5890 = CARTESIAN_POINT ( 'NONE',  ( -7.005339159019882800, -6.737435573516421500, 0.3449999999999999200 ) ) ;
#5891 = CARTESIAN_POINT ( 'NONE',  ( -7.000617165160441000, -6.735619773806820200, 0.3449999999999999200 ) ) ;
#5892 = CARTESIAN_POINT ( 'NONE',  ( -6.993609100085486800, -6.733215357224377600, 0.3449999999999999200 ) ) ;
#5893 = CARTESIAN_POINT ( 'NONE',  ( -6.986883490514060200, -6.731204288731042600, 0.3450000000000000300 ) ) ;
#5894 = CARTESIAN_POINT ( 'NONE',  ( -6.980426195340645500, -6.729526063467078600, 0.3449999999999998100 ) ) ;
#5895 = CARTESIAN_POINT ( 'NONE',  ( -6.974250841464945300, -6.728243630597077600, 0.3449999999999999200 ) ) ;
#5896 = CARTESIAN_POINT ( 'NONE',  ( -6.968338883412896800, -6.727311295842852700, 0.3450000000000000300 ) ) ;
#5897 = CARTESIAN_POINT ( 'NONE',  ( -6.962712984043719200, -6.726733370455412400, 0.3449999999999999200 ) ) ;
#5898 = CARTESIAN_POINT ( 'NONE',  ( -6.959045377445076700, -6.726654879337099000, 0.3449999999999998600 ) ) ;
#5899 = CARTESIAN_POINT ( 'NONE',  ( -6.957269078535132300, -6.726616864439877800, 0.3449999999999998100 ) ) ;
#5900 = VECTOR ( 'NONE', #5888, 39.37007874015748100 ) ;
#5901 = CARTESIAN_POINT ( 'NONE',  ( -6.396655430030858900, -6.623785667858680200, 0.3449999999999999200 ) ) ;
#5902 = CARTESIAN_POINT ( 'NONE',  ( -6.957269078535132300, -6.726616864439877800, 0.3449999999999998100 ) ) ;
#5903 = CARTESIAN_POINT ( 'NONE',  ( -6.955217020961524300, -6.726662700782577000, 0.3449999999999999200 ) ) ;
#5904 = CARTESIAN_POINT ( 'NONE',  ( -6.951224892571800300, -6.726751872045274400, 0.3449999999999999200 ) ) ;
#5905 = CARTESIAN_POINT ( 'NONE',  ( -6.945385941456227600, -6.727394544601589000, 0.3449999999999999200 ) ) ;
#5906 = CARTESIAN_POINT ( 'NONE',  ( -6.939878304812338200, -6.728505537100773800, 0.3449999999999999200 ) ) ;
#5907 = CARTESIAN_POINT ( 'NONE',  ( 3.990000000000000200, 6.759999999999998900, -0.02500000000000000500 ) ) ;
#5908 = CARTESIAN_POINT ( 'NONE',  ( -6.656792545909794100, -6.641959394851906700, 0.3449999999999998600 ) ) ;
#5909 = CARTESIAN_POINT ( 'NONE',  ( -6.660355241075899700, -6.646470946296644500, 0.3449999999999999200 ) ) ;
#5910 = CARTESIAN_POINT ( 'NONE',  ( -6.663627538946131200, -6.651390682574140500, 0.3449999999999999200 ) ) ;
#5911 = CARTESIAN_POINT ( 'NONE',  ( -6.666741900485765100, -6.656638071001149900, 0.3449999999999998600 ) ) ;
#5912 = CARTESIAN_POINT ( 'NONE',  ( -6.669520334223522100, -6.662296863943001100, 0.3449999999999998100 ) ) ;
#5913 = CARTESIAN_POINT ( 'NONE',  ( -6.672073106123532300, -6.668358499259930700, 0.3449999999999999200 ) ) ;
#5914 = CARTESIAN_POINT ( 'NONE',  ( -6.674335468646839700, -6.674935061957765600, 0.3450000000000000300 ) ) ;
#5915 = CARTESIAN_POINT ( 'NONE',  ( -6.676287497389484600, -6.682115155247905700, 0.3449999999999998600 ) ) ;
#5916 = VECTOR ( 'NONE', #6006, 39.37007874015748100 ) ;
#5917 = CARTESIAN_POINT ( 'NONE',  ( -9.217952334525344700, -6.977952334525348000, 0.3449999999999999200 ) ) ;
#5918 = LINE ( 'NONE', #5917, #5916 ) ;
#5919 = CARTESIAN_POINT ( 'NONE',  ( 8.567952334525346100, 6.977952334525344500, 0.3449999999999999200 ) ) ;
#5920 = DIRECTION ( 'NONE',  ( 1.000000000000000000, 0.0000000000000000000, 0.0000000000000000000 ) ) ;
#5921 = DIRECTION ( 'NONE',  ( 0.0000000000000000000, 0.0000000000000000000, 1.000000000000000000 ) ) ;
#5922 = CARTESIAN_POINT ( 'NONE',  ( 8.567952334525347900, 6.327952334525344100, 0.3449999999999999200 ) ) ;
#5923 = AXIS2_PLACEMENT_3D ( 'NONE', #5922, #5921, #5920 ) ;
#5924 = DIRECTION ( 'NONE',  ( 1.000000000000000000, 0.0000000000000000000, 0.0000000000000000000 ) ) ;
#5925 = DIRECTION ( 'NONE',  ( 0.0000000000000000000, 0.0000000000000000000, 1.000000000000000000 ) ) ;
#5926 = AXIS2_PLACEMENT_3D ( 'NONE', #5934, #5925, #5924 ) ;
#5927 = CIRCLE ( 'NONE', #5926, 0.1020000000000001700 ) ;
#5928 = LINE ( 'NONE', #5857, #5856 ) ;
#5929 = DIRECTION ( 'NONE',  ( 1.000000000000000000, 0.0000000000000000000, 0.0000000000000000000 ) ) ;
#5930 = DIRECTION ( 'NONE',  ( 0.0000000000000000000, 0.0000000000000000000, 1.000000000000000000 ) ) ;
#5931 = CARTESIAN_POINT ( 'NONE',  ( -8.999999999999998200, -6.409498646121399200E-032, 0.3449999999999999200 ) ) ;
#5932 = AXIS2_PLACEMENT_3D ( 'NONE', #5931, #5930, #5929 ) ;
#5933 = CIRCLE ( 'NONE', #5932, 0.1020000000000001700 ) ;
#5934 = CARTESIAN_POINT ( 'NONE',  ( -9.000000000000000000, 3.990000000000000200, 0.3449999999999999200 ) ) ;
#5935 = CARTESIAN_POINT ( 'NONE',  ( -6.396655430030858900, -6.852952334525347100, 0.3449999999999999200 ) ) ;
#5936 = VECTOR ( 'NONE', #6012, 39.37007874015748100 ) ;
#5937 = CARTESIAN_POINT ( 'NONE',  ( -6.376089190714619500, -6.717802761875773900, 0.3449999999999999200 ) ) ;
#5938 = LINE ( 'NONE', #5937, #5936 ) ;
#5939 = CARTESIAN_POINT ( 'NONE',  ( -6.934642507881018300, -6.729985347811445500, 0.3450000000000000300 ) ) ;
#5940 = CARTESIAN_POINT ( 'NONE',  ( -6.929782236487226600, -6.732045752464838300, 0.3449999999999999200 ) ) ;
#5941 = CARTESIAN_POINT ( 'NONE',  ( -6.925181884137540300, -6.734433270882519200, 0.3449999999999998600 ) ) ;
#5942 = CARTESIAN_POINT ( 'NONE',  ( -6.920896877181780500, -6.737271276543067300, 0.3450000000000000800 ) ) ;
#5943 = CARTESIAN_POINT ( 'NONE',  ( -6.917016886405742900, -6.740600405254993700, 0.3449999999999999200 ) ) ;
#5944 = CARTESIAN_POINT ( 'NONE',  ( -6.913475155605295800, -6.744207655788949700, 0.3450000000000000300 ) ) ;
#5945 = CARTESIAN_POINT ( 'NONE',  ( -6.910374635501850300, -6.748118799630963100, 0.3449999999999998600 ) ) ;
#5946 = LINE ( 'NONE', #5901, #5900 ) ;
#5947 = B_SPLINE_CURVE_WITH_KNOTS ( 'NONE', 3,
 ( #5899, #5898, #5897, #5896, #5895, #5894, #5893, #5892, #5891, #5890, #5889 ),
 .UNSPECIFIED., .F., .F.,
 ( 4, 1, 1, 1, 1, 1, 1, 1, 4 ),
 ( 0.0000000000000000000, 0.1022030370352292100, 0.2110233423738686100, 0.3250996615652147500, 0.4465020971348817000, 0.5737877176488638300, 0.7089007097660612300, 0.8503578712933931300, 1.000000000000000000 ),
 .UNSPECIFIED. ) ;
#5948 = CARTESIAN_POINT ( 'NONE',  ( -7.007766541141970500, -6.738369001192015000, 0.3449999999999999200 ) ) ;
#5949 = DIRECTION ( 'NONE',  ( 0.0000000000000000000, 0.0000000000000000000, -1.000000000000000000 ) ) ;
#5950 = B_SPLINE_CURVE_WITH_KNOTS ( 'NONE', 3,
 ( #5957, #5956, #5955, #5954, #5953, #5952, #5951, #5945, #5944, #5943, #5942, #5941, #5940, #5939, #5906, #5905, #5904, #5903, #5902 ),
 .UNSPECIFIED., .F., .F.,
 ( 4, 1, 1, 1, 1, 1, 1, 1, 1, 1, 1, 1, 1, 1, 1, 1, 4 ),
 ( 0.0000000000000000000, 0.06535138202659543400, 0.1279160318306160900, 0.1883602055717057400, 0.2472160772654552500, 0.3056301291974103400, 0.3637698398318237000, 0.4226609139127817700, 0.4826872940903988400, 0.5433002212395582300, 0.6041179553231008600, 0.6649648912652826900, 0.7274134941125708400, 0.7914676251494232600, 0.8580554427291022800, 0.9270368146149520200, 1.000000000000000000 ),
 .UNSPECIFIED. ) ;
#5951 = CARTESIAN_POINT ( 'NONE',  ( -6.907791841242882000, -6.752335666667882200, 0.3450000000000000300 ) ) ;
#5952 = CARTESIAN_POINT ( 'NONE',  ( -6.905678302046037100, -6.756802677774003600, 0.3449999999999999200 ) ) ;
#5953 = CARTESIAN_POINT ( 'NONE',  ( -6.904013643239989200, -6.761524443093595200, 0.3450000000000000800 ) ) ;
#5954 = CARTESIAN_POINT ( 'NONE',  ( -6.902814317669204900, -6.766505416101435500, 0.3449999999999998100 ) ) ;
#5955 = CARTESIAN_POINT ( 'NONE',  ( -6.902124816042229900, -6.771769649856521400, 0.3450000000000000300 ) ) ;
#5956 = CARTESIAN_POINT ( 'NONE',  ( -6.902040425099381900, -6.775367847354180700, 0.3449999999999999200 ) ) ;
#5957 = CARTESIAN_POINT ( 'NONE',  ( -6.901997310372739700, -6.777206140615092500, 0.3450000000000000800 ) ) ;
#5958 = DIRECTION ( 'NONE',  ( 0.0000000000000000000, 1.000000000000000000, 0.0000000000000000000 ) ) ;
#5959 = VECTOR ( 'NONE', #5958, 39.37007874015748100 ) ;
#5960 = CARTESIAN_POINT ( 'NONE',  ( -6.396655430030858900, -6.852952334525347100, 0.3449999999999999200 ) ) ;
#5961 = LINE ( 'NONE', #5960, #5959 ) ;
#5962 = CIRCLE ( 'NONE', #5986, 0.09554162597655958800 ) ;
#5963 = AXIS2_PLACEMENT_3D ( 'NONE', #5907, #5949, #6014 ) ;
#5964 = CARTESIAN_POINT ( 'NONE',  ( -6.804261766836415100, -6.707565549001843800, 0.3449999999999999200 ) ) ;
#5965 = DIRECTION ( 'NONE',  ( -0.2007054744631335500, -0.9796516281416208800, 0.0000000000000000000 ) ) ;
#5966 = VECTOR ( 'NONE', #5965, 39.37007874015748900 ) ;
#5967 = CARTESIAN_POINT ( 'NONE',  ( -6.791912841889834200, -6.647289941362954500, 0.3449999999999999200 ) ) ;
#5968 = LINE ( 'NONE', #5967, #5966 ) ;
#5969 = CARTESIAN_POINT ( 'NONE',  ( -6.791912841889834200, -6.647289941362954500, 0.3449999999999999200 ) ) ;
#5970 = DIRECTION ( 'NONE',  ( -1.000000000000000000, 0.0000000000000000000, 0.0000000000000000000 ) ) ;
#5971 = VECTOR ( 'NONE', #5970, 39.37007874015748100 ) ;
#5972 = CARTESIAN_POINT ( 'NONE',  ( -6.376089190714619500, -6.717802761875773900, 0.3449999999999999200 ) ) ;
#5973 = DIRECTION ( 'NONE',  ( 0.0000000000000000000, -1.000000000000000000, 0.0000000000000000000 ) ) ;
#5974 = VECTOR ( 'NONE', #5973, 39.37007874015748100 ) ;
#5975 = CARTESIAN_POINT ( 'NONE',  ( -6.376089190714619500, -6.647289941362954500, 0.3449999999999999200 ) ) ;
#5976 = CARTESIAN_POINT ( 'NONE',  ( -8.537952334525346700, 6.527952334525344300, 0.3449999999999999200 ) ) ;
#5977 = CARTESIAN_POINT ( 'NONE',  ( 8.767952334525348900, 6.297952334525343900, 0.3449999999999999200 ) ) ;
#5978 = DIRECTION ( 'NONE',  ( 1.000000000000000000, 0.0000000000000000000, 0.0000000000000000000 ) ) ;
#5979 = DIRECTION ( 'NONE',  ( 0.0000000000000000000, 0.0000000000000000000, -1.000000000000000000 ) ) ;
#5980 = AXIS2_PLACEMENT_3D ( 'NONE', #5854, #5979, #5978 ) ;
#5981 = CIRCLE ( 'NONE', #5980, 0.2300000000000005700 ) ;
#5982 = DIRECTION ( 'NONE',  ( 0.0000000000000000000, 0.0000000000000000000, -1.000000000000000000 ) ) ;
#5983 = VECTOR ( 'NONE', #6008, 39.37007874015748100 ) ;
#5984 = CARTESIAN_POINT ( 'NONE',  ( -6.285010130885559900, -6.717802761875773900, 0.3449999999999999200 ) ) ;
#5985 = LINE ( 'NONE', #5984, #5983 ) ;
#5986 = AXIS2_PLACEMENT_3D ( 'NONE', #5875, #5982, #5987 ) ;
#5987 = DIRECTION ( 'NONE',  ( -1.000000000000000000, 0.0000000000000000000, 0.0000000000000000000 ) ) ;
#5988 = CARTESIAN_POINT ( 'NONE',  ( 9.217952334525348200, 6.977952334525344500, 0.3449999999999999200 ) ) ;
#5989 = LINE ( 'NONE', #5988, #6026 ) ;
#5990 = CARTESIAN_POINT ( 'NONE',  ( -6.605026323460347000, -6.617909599482613800, 0.3450000000000000800 ) ) ;
#5991 = CARTESIAN_POINT ( 'NONE',  ( -6.606833785828054100, -6.617939938937435200, 0.3449999999999998600 ) ) ;
#5992 = CARTESIAN_POINT ( 'NONE',  ( -6.610397748820788300, -6.617999762420425600, 0.3450000000000000300 ) ) ;
#5993 = CARTESIAN_POINT ( 'NONE',  ( -6.615677838126141600, -6.618625512381037800, 0.3449999999999998600 ) ) ;
#5994 = CARTESIAN_POINT ( 'NONE',  ( -6.620824729397599900, -6.619620026810281400, 0.3450000000000000800 ) ) ;
#5995 = AXIS2_PLACEMENT_3D ( 'NONE', #5848, #5847, #5846 ) ;
#5996 = CIRCLE ( 'NONE', #5995, 0.07199999999999939800 ) ;
#5997 = DIRECTION ( 'NONE',  ( 1.000000000000000000, 0.0000000000000000000, 0.0000000000000000000 ) ) ;
#5998 = DIRECTION ( 'NONE',  ( 0.0000000000000000000, 0.0000000000000000000, 1.000000000000000000 ) ) ;
#5999 = CARTESIAN_POINT ( 'NONE',  ( -7.980000000000001300, 6.759999999999998900, 0.3449999999999999200 ) ) ;
#6000 = AXIS2_PLACEMENT_3D ( 'NONE', #5999, #5998, #5997 ) ;
#6001 = DIRECTION ( 'NONE',  ( 1.000000000000000000, 0.0000000000000000000, 0.0000000000000000000 ) ) ;
#6002 = DIRECTION ( 'NONE',  ( 0.0000000000000000000, 0.0000000000000000000, 1.000000000000000000 ) ) ;
#6003 = CARTESIAN_POINT ( 'NONE',  ( 8.567952334525347900, -6.327952334525348600, 0.3449999999999999200 ) ) ;
#6004 = AXIS2_PLACEMENT_3D ( 'NONE', #6003, #6002, #6001 ) ;
#6005 = CIRCLE ( 'NONE', #6004, 0.6499999999999999100 ) ;
#6006 = DIRECTION ( 'NONE',  ( 1.000000000000000000, 0.0000000000000000000, 0.0000000000000000000 ) ) ;
#6007 = CARTESIAN_POINT ( 'NONE',  ( -6.285010130885559900, -6.741307035380048200, 0.3449999999999999200 ) ) ;
#6008 = DIRECTION ( 'NONE',  ( 0.0000000000000000000, -1.000000000000000000, 0.0000000000000000000 ) ) ;
#6009 = B_SPLINE_CURVE_WITH_KNOTS ( 'NONE', 3,
 ( #5833, #5832, #5831, #5830, #5829, #5828, #5827, #5915, #5914, #5913, #5912, #5911, #5910, #5909, #5908, #5882, #5881, #5880, #5879, #5878, #5877, #5876, #5994, #5993, #5992, #5991, #5990 ),
 .UNSPECIFIED., .F., .F.,
 ( 4, 1, 1, 1, 1, 1, 1, 1, 1, 1, 1, 1, 1, 1, 1, 1, 1, 1, 1, 1, 1, 1, 1, 1, 4 ),
 ( 0.0000000000000000000, 0.06859462225874493600, 0.1332460424433026000, 0.1943125864682587700, 0.2512792231169680400, 0.3045134392563457200, 0.3542349066533239700, 0.4004805887739899000, 0.4434107549384935200, 0.4840148686163448500, 0.5232523007732049500, 0.5610423727283604400, 0.5979002393643994000, 0.6335184888561969900, 0.6683143511696498800, 0.7024956712863819100, 0.7366853535134566500, 0.7702931693607887300, 0.8034372550192467900, 0.8359129516660291900, 0.8684602457892882700, 0.9008465382431781700, 0.9334665246307083400, 0.9662575752981242800, 1.000000000000000000 ),
 .UNSPECIFIED. ) ;
#6010 = CARTESIAN_POINT ( 'NONE',  ( -6.605026323460347000, -6.617909599482613800, 0.3450000000000000800 ) ) ;
#6011 = LINE ( 'NONE', #5975, #5974 ) ;
#6012 = DIRECTION ( 'NONE',  ( 1.000000000000000000, 0.0000000000000000000, 0.0000000000000000000 ) ) ;
#6013 = CARTESIAN_POINT ( 'NONE',  ( 7.878000000000001900, -6.759999999999999800, 0.3449999999999999200 ) ) ;
#6014 = DIRECTION ( 'NONE',  ( -1.000000000000000000, 0.0000000000000000000, 0.0000000000000000000 ) ) ;
#6015 = CONICAL_SURFACE ( 'NONE', #6000, 0.1020000000000001700, 0.01745329251994333400 ) ;
#6016 = FACE_OUTER_BOUND ( 'NONE', #2943, .T. ) ;
#6017 = CARTESIAN_POINT ( 'NONE',  ( 4.092000000000002300, -6.759999999999998900, 0.3449999999999999200 ) ) ;
#6018 = DIRECTION ( 'NONE',  ( 0.0000000000000000000, -1.000000000000000000, 0.0000000000000000000 ) ) ;
#6019 = VECTOR ( 'NONE', #6018, 39.37007874015748100 ) ;
#6020 = CARTESIAN_POINT ( 'NONE',  ( -6.376089190714619500, -6.741307035380048200, 0.3449999999999999200 ) ) ;
#6021 = LINE ( 'NONE', #6020, #6019 ) ;
#6022 = CIRCLE ( 'NONE', #5923, 0.6499999999999999100 ) ;
#6023 = CARTESIAN_POINT ( 'NONE',  ( 9.217952334525348200, 6.327952334525344100, 0.3449999999999999200 ) ) ;
#6024 = CARTESIAN_POINT ( 'NONE',  ( 9.217952334525348200, -6.327952334525347700, 0.3449999999999999200 ) ) ;
#6025 = DIRECTION ( 'NONE',  ( 0.0000000000000000000, 1.000000000000000000, 0.0000000000000000000 ) ) ;
#6026 = VECTOR ( 'NONE', #6025, 39.37007874015748100 ) ;
#6027 = CARTESIAN_POINT ( 'NONE',  ( 8.767952334525352500, -6.297952334525348300, 0.3449999999999999200 ) ) ;
#6028 = DIRECTION ( 'NONE',  ( -2.510908033947430600E-016, 1.000000000000000000, 0.0000000000000000000 ) ) ;
#6029 = VECTOR ( 'NONE', #6028, 39.37007874015748100 ) ;
#6030 = CARTESIAN_POINT ( 'NONE',  ( 8.767952334525348900, 6.527952334525344300, 0.3449999999999999200 ) ) ;
#6031 = CIRCLE ( 'NONE', #6057, 0.1020000000000001700 ) ;
#6032 = DIRECTION ( 'NONE',  ( 0.0000000000000000000, 1.000000000000000000, 0.0000000000000000000 ) ) ;
#6033 = VECTOR ( 'NONE', #6032, 39.37007874015748100 ) ;
#6034 = CARTESIAN_POINT ( 'NONE',  ( -5.964999999999999000, -7.215000000000001600, -0.2669999999999993500 ) ) ;
#6035 = LINE ( 'NONE', #6034, #6033 ) ;
#6036 = CARTESIAN_POINT ( 'NONE',  ( -7.139978079603508800, -6.647289941362954500, 0.3449999999999999200 ) ) ;
#6037 = CARTESIAN_POINT ( 'NONE',  ( -7.139978079603508800, -6.852952334525348000, 0.3449999999999999200 ) ) ;
#6038 = DIRECTION ( 'NONE',  ( -1.000000000000000000, 0.0000000000000000000, 0.0000000000000000000 ) ) ;
#6039 = DIRECTION ( 'NONE',  ( 0.0000000000000000000, 0.0000000000000000000, -1.000000000000000000 ) ) ;
#6040 = CARTESIAN_POINT ( 'NONE',  ( -9.000000000000000000, 3.990000000000000200, -0.02500000000000000500 ) ) ;
#6041 = AXIS2_PLACEMENT_3D ( 'NONE', #6040, #6039, #6114 ) ;
#6042 = CIRCLE ( 'NONE', #6041, 0.09554162597656012900 ) ;
#6043 = DIRECTION ( 'NONE',  ( 1.000000000000000000, 0.0000000000000000000, 0.0000000000000000000 ) ) ;
#6044 = CARTESIAN_POINT ( 'NONE',  ( -6.980543818118466200, -6.707565549001843800, 0.3449999999999999200 ) ) ;
#6045 = CARTESIAN_POINT ( 'NONE',  ( -6.968194893171884500, -6.647289941362954500, 0.3449999999999999200 ) ) ;
#6046 = DIRECTION ( 'NONE',  ( -1.000000000000000000, 0.0000000000000000000, 0.0000000000000000000 ) ) ;
#6047 = VECTOR ( 'NONE', #6046, 39.37007874015748100 ) ;
#6048 = CARTESIAN_POINT ( 'NONE',  ( -6.890245173620602500, -6.647289941362954500, 0.3449999999999999200 ) ) ;
#6049 = CYLINDRICAL_SURFACE ( 'NONE', #6145, 0.07199999999999939800 ) ;
#6050 = FACE_OUTER_BOUND ( 'NONE', #3213, .T. ) ;
#6051 = CARTESIAN_POINT ( 'NONE',  ( -8.904458374023439800, -3.989999999999999800, -0.02500000000000000500 ) ) ;
#6052 = DIRECTION ( 'NONE',  ( -1.000000000000000000, 0.0000000000000000000, 0.0000000000000000000 ) ) ;
#6053 = DIRECTION ( 'NONE',  ( 0.0000000000000000000, 0.0000000000000000000, -1.000000000000000000 ) ) ;
#6054 = DIRECTION ( 'NONE',  ( 1.000000000000000000, 0.0000000000000000000, 0.0000000000000000000 ) ) ;
#6055 = DIRECTION ( 'NONE',  ( 0.0000000000000000000, 0.0000000000000000000, 1.000000000000000000 ) ) ;
#6056 = AXIS2_PLACEMENT_3D ( 'NONE', #6061, #6055, #6054 ) ;
#6057 = AXIS2_PLACEMENT_3D ( 'NONE', #6157, #6110, #6043 ) ;
#6058 = DIRECTION ( 'NONE',  ( 1.000000000000000000, 0.0000000000000000000, 0.0000000000000000000 ) ) ;
#6059 = DIRECTION ( 'NONE',  ( 0.0000000000000000000, 0.0000000000000000000, -1.000000000000000000 ) ) ;
#6060 = CARTESIAN_POINT ( 'NONE',  ( -8.537952334525346700, 6.297952334525343900, 0.3449999999999999200 ) ) ;
#6061 = CARTESIAN_POINT ( 'NONE',  ( 9.000000000000001800, -3.989999999999999800, 0.3449999999999999200 ) ) ;
#6062 = CIRCLE ( 'NONE', #6056, 0.1020000000000001700 ) ;
#6063 = DIRECTION ( 'NONE',  ( 1.000000000000000000, 0.0000000000000000000, 0.0000000000000000000 ) ) ;
#6064 = DIRECTION ( 'NONE',  ( 0.0000000000000000000, 0.0000000000000000000, 1.000000000000000000 ) ) ;
#6065 = CARTESIAN_POINT ( 'NONE',  ( -8.999999999999998200, -6.409498646121399200E-032, 0.3449999999999999200 ) ) ;
#6066 = DIRECTION ( 'NONE',  ( -1.000000000000000000, 0.0000000000000000000, 0.0000000000000000000 ) ) ;
#6067 = CARTESIAN_POINT ( 'NONE',  ( -5.964999999999999000, -7.205676154545704600, -0.2669999999999993500 ) ) ;
#6068 = CARTESIAN_POINT ( 'NONE',  ( -9.217952334525344700, -6.327952334525347700, 0.3449999999999999200 ) ) ;
#6069 = CARTESIAN_POINT ( 'NONE',  ( -5.399000000000000000, 7.205676154545700200, -0.2669999999999993500 ) ) ;
#6070 = CARTESIAN_POINT ( 'NONE',  ( -5.542999999999998400, 7.205676154545699300, -0.2669999999999993500 ) ) ;
#6071 = CARTESIAN_POINT ( 'NONE',  ( 8.999999999999998200, 1.140914454013846100E-031, 0.3449999999999999200 ) ) ;
#6072 = CARTESIAN_POINT ( 'NONE',  ( 8.537952334525343200, 6.527952334525344300, 0.3449999999999999200 ) ) ;
#6073 = AXIS2_PLACEMENT_3D ( 'NONE', #6071, #6155, #6154 ) ;
#6074 = CIRCLE ( 'NONE', #6073, 0.1020000000000001700 ) ;
#6075 = CARTESIAN_POINT ( 'NONE',  ( -6.890245173620602500, -6.623785667858681100, 0.3449999999999999200 ) ) ;
#6076 = LINE ( 'NONE', #6075, #6136 ) ;
#6077 = DIRECTION ( 'NONE',  ( 1.000000000000000000, 0.0000000000000000000, 0.0000000000000000000 ) ) ;
#6078 = VECTOR ( 'NONE', #6077, 39.37007874015748100 ) ;
#6079 = CARTESIAN_POINT ( 'NONE',  ( -7.161783802092825700, -6.623785667858681100, 0.3449999999999999200 ) ) ;
#6080 = LINE ( 'NONE', #6079, #6078 ) ;
#6081 = CONICAL_SURFACE ( 'NONE', #6082, 0.1020000000000001700, 0.01745329251994333400 ) ;
#6082 = AXIS2_PLACEMENT_3D ( 'NONE', #6065, #6064, #6063 ) ;
#6083 = FACE_OUTER_BOUND ( 'NONE', #3127, .T. ) ;
#6084 = DIRECTION ( 'NONE',  ( -1.000000000000000000, 0.0000000000000000000, 0.0000000000000000000 ) ) ;
#6085 = VECTOR ( 'NONE', #6084, 39.37007874015748100 ) ;
#6086 = CARTESIAN_POINT ( 'NONE',  ( -6.285010130885559900, -6.741307035380048200, 0.3449999999999999200 ) ) ;
#6087 = LINE ( 'NONE', #6086, #6085 ) ;
#6088 = CARTESIAN_POINT ( 'NONE',  ( -5.542999999999998400, 7.210704745352512800, -0.1230000000000005300 ) ) ;
#6089 = CARTESIAN_POINT ( 'NONE',  ( -5.399000000000000000, 7.210704745352512800, -0.1230000000000005700 ) ) ;
#6090 =( BOUNDED_CURVE ( )  B_SPLINE_CURVE ( 3, ( #6089, #6088, #6070, #6069 ),
 .UNSPECIFIED., .F., .T. ) 
 B_SPLINE_CURVE_WITH_KNOTS ( ( 4, 4 ),
 ( 3.141592653589793100, 6.283185307179586200 ),
 .UNSPECIFIED. ) 
 CURVE ( )  GEOMETRIC_REPRESENTATION_ITEM ( )  RATIONAL_B_SPLINE_CURVE ( ( 1.000000000000000000, 0.3333333333333333100, 0.3333333333333333100, 1.000000000000000000 ) ) 
 REPRESENTATION_ITEM ( '' )  );
#6091 = CARTESIAN_POINT ( 'NONE',  ( -5.399000000000000000, 7.210704745352512800, -0.1230000000000005700 ) ) ;
#6092 = DIRECTION ( 'NONE',  ( 0.0000000000000000000, 0.0000000000000000000, -1.000000000000000000 ) ) ;
#6093 = VECTOR ( 'NONE', #6038, 39.37007874015748100 ) ;
#6094 = CARTESIAN_POINT ( 'NONE',  ( -7.119411840287269500, -6.852952334525348000, 0.3449999999999999200 ) ) ;
#6095 = LINE ( 'NONE', #6094, #6093 ) ;
#6096 = DIRECTION ( 'NONE',  ( -1.000000000000000000, 0.0000000000000000000, 0.0000000000000000000 ) ) ;
#6097 = VECTOR ( 'NONE', #6096, 39.37007874015748100 ) ;
#6098 = CARTESIAN_POINT ( 'NONE',  ( -7.139978079603508800, -6.647289941362954500, 0.3449999999999999200 ) ) ;
#6099 = LINE ( 'NONE', #6098, #6097 ) ;
#6100 = CIRCLE ( 'NONE', #6141, 0.2300000000000005700 ) ;
#6101 = CARTESIAN_POINT ( 'NONE',  ( -8.767952334525345400, -6.527952334525348700, 0.3449999999999999200 ) ) ;
#6102 = DIRECTION ( 'NONE',  ( 0.0000000000000000000, -1.000000000000000000, 0.0000000000000000000 ) ) ;
#6103 = CARTESIAN_POINT ( 'NONE',  ( -5.399000000000000000, 7.214999999999998100, -0.1949999999999999800 ) ) ;
#6104 = AXIS2_PLACEMENT_3D ( 'NONE', #6103, #6102, #6092 ) ;
#6105 = CYLINDRICAL_SURFACE ( 'NONE', #6104, 0.07199999999999939800 ) ;
#6106 = FACE_OUTER_BOUND ( 'NONE', #3156, .T. ) ;
#6107 = DIRECTION ( 'NONE',  ( 1.000000000000000000, 0.0000000000000000000, 0.0000000000000000000 ) ) ;
#6108 = DIRECTION ( 'NONE',  ( 0.0000000000000000000, 0.0000000000000000000, 1.000000000000000000 ) ) ;
#6109 = CARTESIAN_POINT ( 'NONE',  ( -8.567952334525346100, 6.327952334525344100, 0.3449999999999999200 ) ) ;
#6110 = DIRECTION ( 'NONE',  ( 0.0000000000000000000, 0.0000000000000000000, 1.000000000000000000 ) ) ;
#6111 = CARTESIAN_POINT ( 'NONE',  ( 8.537952334525352100, -6.527952334525348700, 0.3449999999999999200 ) ) ;
#6112 = CARTESIAN_POINT ( 'NONE',  ( -9.095541625976560200, 3.990000000000000200, -0.02500000000000000500 ) ) ;
#6113 = CARTESIAN_POINT ( 'NONE',  ( -8.904458374023439800, 3.990000000000000200, -0.02500000000000000500 ) ) ;
#6114 = DIRECTION ( 'NONE',  ( -1.000000000000000000, 0.0000000000000000000, 0.0000000000000000000 ) ) ;
#6115 = CARTESIAN_POINT ( 'NONE',  ( -8.767952334525345400, -6.297952334525348300, 0.3449999999999999200 ) ) ;
#6116 = DIRECTION ( 'NONE',  ( -1.000000000000000000, 0.0000000000000000000, 0.0000000000000000000 ) ) ;
#6117 = VECTOR ( 'NONE', #6116, 39.37007874015748100 ) ;
#6118 = CARTESIAN_POINT ( 'NONE',  ( -9.217952334525346500, 6.977952334525344500, 0.3449999999999999200 ) ) ;
#6119 = LINE ( 'NONE', #6118, #6117 ) ;
#6120 = LINE ( 'NONE', #6152, #6121 ) ;
#6121 = VECTOR ( 'NONE', #6066, 39.37007874015748100 ) ;
#6122 = DIRECTION ( 'NONE',  ( 0.0000000000000000000, 1.000000000000000000, 0.0000000000000000000 ) ) ;
#6123 = VECTOR ( 'NONE', #6122, 39.37007874015748100 ) ;
#6124 = CARTESIAN_POINT ( 'NONE',  ( 5.965000000000000700, -7.215000000000001600, -0.2669999999999993500 ) ) ;
#6125 = VECTOR ( 'NONE', #5782, 39.37007874015748100 ) ;
#6126 = CARTESIAN_POINT ( 'NONE',  ( 5.965000000000000700, -7.210704745352517300, -0.1230000000000005700 ) ) ;
#6127 = CARTESIAN_POINT ( 'NONE',  ( 5.821000000000001500, -7.210704745352515500, -0.1230000000000005700 ) ) ;
#6128 = CARTESIAN_POINT ( 'NONE',  ( 5.821000000000001500, -7.205676154545703800, -0.2669999999999993500 ) ) ;
#6129 = CARTESIAN_POINT ( 'NONE',  ( 5.965000000000000700, -7.205676154545704600, -0.2669999999999993500 ) ) ;
#6130 =( BOUNDED_CURVE ( )  B_SPLINE_CURVE ( 3, ( #6129, #6128, #6127, #6126 ),
 .UNSPECIFIED., .F., .T. ) 
 B_SPLINE_CURVE_WITH_KNOTS ( ( 4, 4 ),
 ( 0.0000000000000000000, 3.141592653589793100 ),
 .UNSPECIFIED. ) 
 CURVE ( )  GEOMETRIC_REPRESENTATION_ITEM ( )  RATIONAL_B_SPLINE_CURVE ( ( 1.000000000000000000, 0.3333333333333333100, 0.3333333333333333100, 1.000000000000000000 ) ) 
 REPRESENTATION_ITEM ( '' )  );
#6131 = LINE ( 'NONE', #6124, #6123 ) ;
#6132 = CARTESIAN_POINT ( 'NONE',  ( 5.965000000000000700, -7.210704745352517300, -0.1230000000000005700 ) ) ;
#6133 = LINE ( 'NONE', #6048, #6047 ) ;
#6134 = CARTESIAN_POINT ( 'NONE',  ( -6.890245173620602500, -6.647289941362954500, 0.3449999999999999200 ) ) ;
#6135 = DIRECTION ( 'NONE',  ( 0.0000000000000000000, -1.000000000000000000, 0.0000000000000000000 ) ) ;
#6136 = VECTOR ( 'NONE', #6135, 39.37007874015748100 ) ;
#6137 = LINE ( 'NONE', #6101, #6146 ) ;
#6138 = CARTESIAN_POINT ( 'NONE',  ( -8.999999999999998200, -3.989999999999999800, -0.02500000000000000500 ) ) ;
#6139 = AXIS2_PLACEMENT_3D ( 'NONE', #6138, #6053, #6052 ) ;
#6140 = CIRCLE ( 'NONE', #6139, 0.09554162597656012900 ) ;
#6141 = AXIS2_PLACEMENT_3D ( 'NONE', #6060, #6059, #6058 ) ;
#6142 = CARTESIAN_POINT ( 'NONE',  ( 5.965000000000000700, -6.977952334525348000, -0.2669999999999993500 ) ) ;
#6143 = DIRECTION ( 'NONE',  ( 0.0000000000000000000, 0.0000000000000000000, -1.000000000000000000 ) ) ;
#6144 = DIRECTION ( 'NONE',  ( 0.0000000000000000000, -1.000000000000000000, 0.0000000000000000000 ) ) ;
#6145 = AXIS2_PLACEMENT_3D ( 'NONE', #6158, #6144, #6143 ) ;
#6146 = VECTOR ( 'NONE', #6153, 39.37007874015748100 ) ;
#6147 = AXIS2_PLACEMENT_3D ( 'NONE', #6109, #6108, #6107 ) ;
#6148 = CIRCLE ( 'NONE', #6147, 0.6499999999999999100 ) ;
#6149 = CARTESIAN_POINT ( 'NONE',  ( -9.095541625976558500, -3.989999999999999800, -0.02500000000000000500 ) ) ;
#6150 = CARTESIAN_POINT ( 'NONE',  ( -5.964999999999999000, -6.977952334525348000, -0.1230000000000005700 ) ) ;
#6151 = CARTESIAN_POINT ( 'NONE',  ( -5.964999999999999000, -6.977952334525348000, -0.2669999999999993500 ) ) ;
#6152 = CARTESIAN_POINT ( 'NONE',  ( -8.767952334525347200, 6.527952334525344300, 0.3449999999999999200 ) ) ;
#6153 = DIRECTION ( 'NONE',  ( 1.000000000000000000, 0.0000000000000000000, 0.0000000000000000000 ) ) ;
#6154 = DIRECTION ( 'NONE',  ( 1.000000000000000000, 0.0000000000000000000, 0.0000000000000000000 ) ) ;
#6155 = DIRECTION ( 'NONE',  ( 0.0000000000000000000, 0.0000000000000000000, 1.000000000000000000 ) ) ;
#6156 = LINE ( 'NONE', #6030, #6029 ) ;
#6157 = CARTESIAN_POINT ( 'NONE',  ( 1.655667790367853900E-015, -6.759999999999999800, 0.3449999999999999200 ) ) ;
#6158 = CARTESIAN_POINT ( 'NONE',  ( 5.399000000000000000, 7.214999999999998100, -0.1949999999999999800 ) ) ;
#6159 = DIRECTION ( 'NONE',  ( 0.0000000000000000000, -1.000000000000000000, 0.0000000000000000000 ) ) ;
#6160 = CARTESIAN_POINT ( 'NONE',  ( -6.777268577733851300, -6.703112590935604400, 0.3449999999999998600 ) ) ;
#6161 = CARTESIAN_POINT ( 'NONE',  ( -6.713963122338552300, -6.623785667858681100, 0.3449999999999999200 ) ) ;
#6162 = DIRECTION ( 'NONE',  ( 0.0000000000000000000, 1.000000000000000000, 0.0000000000000000000 ) ) ;
#6163 = VECTOR ( 'NONE', #6162, 39.37007874015748100 ) ;
#6164 = CARTESIAN_POINT ( 'NONE',  ( -7.139978079603508800, -6.852952334525348000, 0.3449999999999999200 ) ) ;
#6165 = CIRCLE ( 'NONE', #6199, 0.07199999999999939800 ) ;
#6166 = LINE ( 'NONE', #6232, #6181 ) ;
#6167 = CARTESIAN_POINT ( 'NONE',  ( -6.720695887131791200, -6.729535584592559500, 0.3449999999999998600 ) ) ;
#6168 = CARTESIAN_POINT ( 'NONE',  ( -6.725444502547383700, -6.724106193019502500, 0.3449999999999999200 ) ) ;
#6169 = CARTESIAN_POINT ( 'NONE',  ( -6.730678839056290400, -6.719172888665005100, 0.3450000000000000300 ) ) ;
#6170 = CARTESIAN_POINT ( 'NONE',  ( -6.736320130978043600, -6.714882015792109200, 0.3449999999999999200 ) ) ;
#6171 = CARTESIAN_POINT ( 'NONE',  ( -6.742267173694030700, -6.711208805411540200, 0.3449999999999999200 ) ) ;
#6172 = CARTESIAN_POINT ( 'NONE',  ( -6.748609233557186100, -6.708268287166669500, 0.3449999999999998600 ) ) ;
#6173 = CARTESIAN_POINT ( 'NONE',  ( -6.755287960175876600, -6.705968729195821400, 0.3450000000000000800 ) ) ;
#6174 = CARTESIAN_POINT ( 'NONE',  ( -6.762315709136588600, -6.704322663356932400, 0.3450000000000000300 ) ) ;
#6175 = CARTESIAN_POINT ( 'NONE',  ( -6.769677783046881300, -6.703276887500456900, 0.3449999999999998600 ) ) ;
#6176 = B_SPLINE_CURVE_WITH_KNOTS ( 'NONE', 3,
 ( #6213, #6231, #6230, #6229, #6228, #6227, #6226 ),
 .UNSPECIFIED., .F., .F.,
 ( 4, 1, 1, 1, 4 ),
 ( 0.0000000000000000000, 0.2750683690187329900, 0.5329014600899338900, 0.7739734595924697700, 1.000000000000000000 ),
 .UNSPECIFIED. ) ;
#6177 = DIRECTION ( 'NONE',  ( 1.000000000000000000, 0.0000000000000000000, 0.0000000000000000000 ) ) ;
#6178 = VECTOR ( 'NONE', #6177, 39.37007874015748100 ) ;
#6179 = CARTESIAN_POINT ( 'NONE',  ( -6.807980216355646000, -6.623785667858681100, 0.3449999999999999200 ) ) ;
#6180 = LINE ( 'NONE', #6179, #6178 ) ;
#6181 = VECTOR ( 'NONE', #6208, 39.37007874015748100 ) ;
#6182 = VECTOR ( 'NONE', #6159, 39.37007874015748100 ) ;
#6183 = DIRECTION ( 'NONE',  ( 0.0000000000000000000, -1.000000000000000000, 0.0000000000000000000 ) ) ;
#6184 = CARTESIAN_POINT ( 'NONE',  ( -6.774709523347934400, -6.703167979582277200, 0.3449999999999999200 ) ) ;
#6185 = B_SPLINE_CURVE_WITH_KNOTS ( 'NONE', 3,
 ( #6160, #6184, #6175, #6174, #6173, #6172, #6171, #6170, #6169, #6168, #6167, #6207, #6206, #6205, #6204, #6203, #6202, #6201, #6200 ),
 .UNSPECIFIED., .F., .F.,
 ( 4, 1, 1, 1, 1, 1, 1, 1, 1, 1, 1, 1, 1, 1, 1, 1, 4 ),
 ( 0.0000000000000000000, 0.06580764581069460700, 0.1293942736680575000, 0.1908940606321913900, 0.2512810689298371500, 0.3108149644652732400, 0.3703709874482445900, 0.4307682625897223900, 0.4928812506175041000, 0.5551039481552513300, 0.6160670509938377400, 0.6772560331746518800, 0.7382598051991150500, 0.8007621343762962900, 0.8647775815744810400, 0.9310452949994002500, 1.000000000000000000 ),
 .UNSPECIFIED. ) ;
#6186 = LINE ( 'NONE', #6164, #6163 ) ;
#6187 = CARTESIAN_POINT ( 'NONE',  ( -5.399000000000000000, 6.977952334525344500, -0.2669999999999993500 ) ) ;
#6188 = CARTESIAN_POINT ( 'NONE',  ( -7.119411840287269500, -6.623785667858681100, 0.3449999999999999200 ) ) ;
#6189 = CARTESIAN_POINT ( 'NONE',  ( -6.713963122338552300, -6.647289941362954500, 0.3449999999999999200 ) ) ;
#6190 = DIRECTION ( 'NONE',  ( 0.0000000000000000000, -1.000000000000000000, 0.0000000000000000000 ) ) ;
#6191 = VECTOR ( 'NONE', #6190, 39.37007874015748100 ) ;
#6192 = CARTESIAN_POINT ( 'NONE',  ( -6.713963122338552300, -6.623785667858681100, 0.3449999999999999200 ) ) ;
#6193 = LINE ( 'NONE', #6192, #6191 ) ;
#6194 = CARTESIAN_POINT ( 'NONE',  ( 5.399000000000000000, 7.205676154545700200, -0.2669999999999993500 ) ) ;
#6195 = CARTESIAN_POINT ( 'NONE',  ( 5.255000000000000800, 7.205676154545699300, -0.2669999999999993500 ) ) ;
#6196 = CARTESIAN_POINT ( 'NONE',  ( 5.255000000000000800, 7.210704745352512800, -0.1230000000000005300 ) ) ;
#6197 = CARTESIAN_POINT ( 'NONE',  ( 5.399000000000000000, 7.210704745352512800, -0.1230000000000005700 ) ) ;
#6198 = DIRECTION ( 'NONE',  ( 0.0000000000000000000, 0.0000000000000000000, 1.000000000000000000 ) ) ;
#6199 = AXIS2_PLACEMENT_3D ( 'NONE', #6212, #6183, #6198 ) ;
#6200 = CARTESIAN_POINT ( 'NONE',  ( -6.705149019774450100, -6.778078369514664900, 0.3450000000000000300 ) ) ;
#6201 = CARTESIAN_POINT ( 'NONE',  ( -6.705206527895294100, -6.775397109876276000, 0.3449999999999999200 ) ) ;
#6202 = CARTESIAN_POINT ( 'NONE',  ( -6.705319303190028900, -6.770139072549794100, 0.3449999999999999200 ) ) ;
#6203 = CARTESIAN_POINT ( 'NONE',  ( -6.706328730562494100, -6.762449017072725600, 0.3450000000000000300 ) ) ;
#6204 = CARTESIAN_POINT ( 'NONE',  ( -6.707844634986792600, -6.755100455119902300, 0.3449999999999998600 ) ) ;
#6205 = CARTESIAN_POINT ( 'NONE',  ( -6.710122180683429200, -6.748162653408506600, 0.3449999999999999200 ) ) ;
#6206 = CARTESIAN_POINT ( 'NONE',  ( -6.712974372967007500, -6.741562613550649500, 0.3449999999999999200 ) ) ;
#6207 = CARTESIAN_POINT ( 'NONE',  ( -6.716520733046451100, -6.735373302339454900, 0.3449999999999998600 ) ) ;
#6208 = DIRECTION ( 'NONE',  ( 0.2009441437213354600, 0.9796027006414893500, 0.0000000000000000000 ) ) ;
#6209 =( BOUNDED_CURVE ( )  B_SPLINE_CURVE ( 3, ( #6197, #6196, #6195, #6194 ),
 .UNSPECIFIED., .F., .T. ) 
 B_SPLINE_CURVE_WITH_KNOTS ( ( 4, 4 ),
 ( 3.141592653589793100, 6.283185307179586200 ),
 .UNSPECIFIED. ) 
 CURVE ( )  GEOMETRIC_REPRESENTATION_ITEM ( )  RATIONAL_B_SPLINE_CURVE ( ( 1.000000000000000000, 0.3333333333333333100, 0.3333333333333333100, 1.000000000000000000 ) ) 
 REPRESENTATION_ITEM ( '' )  );
#6210 = CARTESIAN_POINT ( 'NONE',  ( -5.942729147979578700, -6.617909599482614700, 0.3450000000000000300 ) ) ;
#6211 = CARTESIAN_POINT ( 'NONE',  ( -6.285010130885559900, -6.623785667858680200, 0.3449999999999999200 ) ) ;
#6212 = CARTESIAN_POINT ( 'NONE',  ( -5.399000000000000000, 6.977952334525344500, -0.1949999999999999800 ) ) ;
#6213 = CARTESIAN_POINT ( 'NONE',  ( -6.804261766836415100, -6.707565549001843800, 0.3449999999999999200 ) ) ;
#6214 = CARTESIAN_POINT ( 'NONE',  ( -6.777268577733851300, -6.703112590935604400, 0.3449999999999998600 ) ) ;
#6215 = LINE ( 'NONE', #5345, #6125 ) ;
#6216 = VECTOR ( 'NONE', #6279, 39.37007874015748100 ) ;
#6217 = CARTESIAN_POINT ( 'NONE',  ( -5.399000000000000000, 7.205676154545700200, -0.2669999999999993500 ) ) ;
#6218 = CARTESIAN_POINT ( 'NONE',  ( -8.897999999999999700, 3.990000000000000200, 0.3449999999999999200 ) ) ;
#6219 = CARTESIAN_POINT ( 'NONE',  ( -9.102000000000000300, 3.990000000000000200, 0.3449999999999999200 ) ) ;
#6220 = DIRECTION ( 'NONE',  ( -0.01745240643728355000, 2.137303368083796300E-018, 0.9998476951563912700 ) ) ;
#6221 = VECTOR ( 'NONE', #6220, 39.37007874015748100 ) ;
#6222 = CARTESIAN_POINT ( 'NONE',  ( -9.102000000000000300, 3.990000000000000200, 0.3449999999999999200 ) ) ;
#6223 = LINE ( 'NONE', #6222, #6221 ) ;
#6224 = LINE ( 'NONE', #6233, #6182 ) ;
#6225 = CARTESIAN_POINT ( 'NONE',  ( -6.807980216355646000, -6.623785667858681100, 0.3449999999999999200 ) ) ;
#6226 = CARTESIAN_POINT ( 'NONE',  ( -6.777268577733851300, -6.703112590935604400, 0.3449999999999998600 ) ) ;
#6227 = CARTESIAN_POINT ( 'NONE',  ( -6.779336735553296300, -6.703169979748193600, 0.3449999999999999200 ) ) ;
#6228 = CARTESIAN_POINT ( 'NONE',  ( -6.783610718139699200, -6.703288577460305000, 0.3450000000000000800 ) ) ;
#6229 = CARTESIAN_POINT ( 'NONE',  ( -6.790197112414585200, -6.704157148202159400, 0.3449999999999999200 ) ) ;
#6230 = CARTESIAN_POINT ( 'NONE',  ( -6.797134960453878000, -6.705598002218377700, 0.3450000000000000300 ) ) ;
#6231 = CARTESIAN_POINT ( 'NONE',  ( -6.801835489347663400, -6.706895709776171400, 0.3450000000000000300 ) ) ;
#6232 = CARTESIAN_POINT ( 'NONE',  ( -7.007766541141970500, -6.738369001192015000, 0.3449999999999999200 ) ) ;
#6233 = CARTESIAN_POINT ( 'NONE',  ( -5.399000000000000000, 7.214999999999998100, -0.2669999999999993500 ) ) ;
#6234 = FACE_OUTER_BOUND ( 'NONE', #3161, .T. ) ;
#6235 = CARTESIAN_POINT ( 'NONE',  ( -5.834324674449242700, -6.680904788535562100, 0.3450000000000000300 ) ) ;
#6236 = CARTESIAN_POINT ( 'NONE',  ( -5.840351253205486000, -6.670906652670243600, 0.3449999999999998600 ) ) ;
#6237 = CARTESIAN_POINT ( 'NONE',  ( -5.847542233854071900, -6.661446789510709000, 0.3450000000000000800 ) ) ;
#6238 = CARTESIAN_POINT ( 'NONE',  ( -5.855704296074995000, -6.652582396695724000, 0.3449999999999998600 ) ) ;
#6239 = CARTESIAN_POINT ( 'NONE',  ( -5.864623553198877700, -6.644435244937581900, 0.3449999999999999200 ) ) ;
#6240 = CARTESIAN_POINT ( 'NONE',  ( -5.874210372318410500, -6.637332619661744800, 0.3450000000000000300 ) ) ;
#6241 = CARTESIAN_POINT ( 'NONE',  ( -5.884335537898149200, -6.631329425425227500, 0.3449999999999999200 ) ) ;
#6242 = CARTESIAN_POINT ( 'NONE',  ( -5.894974958983040900, -6.626362769239586100, 0.3450000000000000300 ) ) ;
#6243 = CARTESIAN_POINT ( 'NONE',  ( -5.906208718071249000, -6.622639597767626900, 0.3449999999999999200 ) ) ;
#6244 = CARTESIAN_POINT ( 'NONE',  ( -5.917902444548214000, -6.619844066281689100, 0.3449999999999998600 ) ) ;
#6245 = CARTESIAN_POINT ( 'NONE',  ( -5.930151396184905700, -6.618228172596516900, 0.3449999999999999200 ) ) ;
#6246 = CARTESIAN_POINT ( 'NONE',  ( -5.938485760092742500, -6.618017077298577400, 0.3450000000000000300 ) ) ;
#6247 = CARTESIAN_POINT ( 'NONE',  ( -5.964999999999999000, -7.215000000000001600, -0.1949999999999999800 ) ) ;
#6248 = AXIS2_PLACEMENT_3D ( 'NONE', #6247, #6348, #6347 ) ;
#6249 = DIRECTION ( 'NONE',  ( 1.000000000000000000, 0.0000000000000000000, 0.0000000000000000000 ) ) ;
#6250 = DIRECTION ( 'NONE',  ( 0.0000000000000000000, 0.0000000000000000000, 1.000000000000000000 ) ) ;
#6251 = CARTESIAN_POINT ( 'NONE',  ( -7.979999999999999500, -6.759999999999999800, 0.3449999999999999200 ) ) ;
#6252 = AXIS2_PLACEMENT_3D ( 'NONE', #6251, #6250, #6249 ) ;
#6253 = CIRCLE ( 'NONE', #6252, 0.1020000000000001700 ) ;
#6254 = CIRCLE ( 'NONE', #6345, 0.1020000000000001700 ) ;
#6255 = DIRECTION ( 'NONE',  ( 0.01745240643728355000, 0.0000000000000000000, 0.9998476951563912700 ) ) ;
#6256 = LINE ( 'NONE', #6365, #6364 ) ;
#6257 = B_SPLINE_CURVE_WITH_KNOTS ( 'NONE', 3,
 ( #6334, #6246, #6245, #6244, #6243, #6242, #6241, #6240, #6239, #6238, #6237, #6236, #6235, #6371, #6370, #6369, #6368, #6367, #6366 ),
 .UNSPECIFIED., .F., .F.,
 ( 4, 1, 1, 1, 1, 1, 1, 1, 1, 1, 1, 1, 1, 1, 1, 1, 4 ),
 ( 0.0000000000000000000, 0.06657003521518251000, 0.1307490414821769800, 0.1934128000295075000, 0.2549893988897101200, 0.3161135558759020100, 0.3772617579089868600, 0.4394007841555551700, 0.5029705893719784700, 0.5665249763607339600, 0.6282311025133100500, 0.6890906105998652100, 0.7493446689958083200, 0.8101695933722088400, 0.8716098243170430400, 0.9348691840727670900, 0.9999999999999998900 ),
 .UNSPECIFIED. ) ;
#6258 = CARTESIAN_POINT ( 'NONE',  ( -5.964999999999999000, -7.205676154545704600, -0.2669999999999993500 ) ) ;
#6259 = CARTESIAN_POINT ( 'NONE',  ( -5.964999999999999000, -7.210704745352517300, -0.1230000000000005700 ) ) ;
#6260 =( BOUNDED_CURVE ( )  B_SPLINE_CURVE ( 3, ( #6258, #6310, #6309, #6308 ),
 .UNSPECIFIED., .F., .T. ) 
 B_SPLINE_CURVE_WITH_KNOTS ( ( 4, 4 ),
 ( 0.0000000000000000000, 3.141592653589793100 ),
 .UNSPECIFIED. ) 
 CURVE ( )  GEOMETRIC_REPRESENTATION_ITEM ( )  RATIONAL_B_SPLINE_CURVE ( ( 1.000000000000000000, 0.3333333333333333100, 0.3333333333333333100, 1.000000000000000000 ) ) 
 REPRESENTATION_ITEM ( '' )  );
#6261 = CARTESIAN_POINT ( 'NONE',  ( -9.217952334525346500, 6.327952334525344100, 0.3449999999999999200 ) ) ;
#6262 = DIRECTION ( 'NONE',  ( 1.000000000000000000, 0.0000000000000000000, 0.0000000000000000000 ) ) ;
#6263 = DIRECTION ( 'NONE',  ( 0.0000000000000000000, 0.0000000000000000000, 1.000000000000000000 ) ) ;
#6264 = AXIS2_PLACEMENT_3D ( 'NONE', #6346, #6263, #6262 ) ;
#6265 = CIRCLE ( 'NONE', #6264, 0.1020000000000001700 ) ;
#6266 = COLOUR_RGB ( '',0.7529411764705882200, 0.7529411764705882200, 0.7529411764705882200 ) ;
#6267 = CARTESIAN_POINT ( 'NONE',  ( 5.965000000000000700, -7.215000000000001600, -0.1230000000000005700 ) ) ;
#6268 = LINE ( 'NONE', #6267, #6377 ) ;
#6269 = CIRCLE ( 'NONE', #6287, 0.6499999999999999100 ) ;
#6270 = DIRECTION ( 'NONE',  ( 0.0000000000000000000, -1.000000000000000000, 0.0000000000000000000 ) ) ;
#6271 = VECTOR ( 'NONE', #6270, 39.37007874015748100 ) ;
#6272 = CARTESIAN_POINT ( 'NONE',  ( 5.399000000000000000, 7.214999999999998100, -0.2669999999999993500 ) ) ;
#6273 = LINE ( 'NONE', #6272, #6271 ) ;
#6274 = CARTESIAN_POINT ( 'NONE',  ( -8.897999999999999700, -3.989999999999999800, 0.3449999999999999200 ) ) ;
#6275 = CARTESIAN_POINT ( 'NONE',  ( -9.101999999999998500, -3.989999999999999800, 0.3449999999999999200 ) ) ;
#6276 = DIRECTION ( 'NONE',  ( -0.01745240643728355000, 2.137303368083796300E-018, 0.9998476951563912700 ) ) ;
#6277 = VECTOR ( 'NONE', #6276, 39.37007874015748100 ) ;
#6278 = CARTESIAN_POINT ( 'NONE',  ( -9.101999999999998500, -3.989999999999999800, 0.3449999999999999200 ) ) ;
#6279 = DIRECTION ( 'NONE',  ( 1.000000000000000000, 0.0000000000000000000, 0.0000000000000000000 ) ) ;
#6280 = CARTESIAN_POINT ( 'NONE',  ( 5.399000000000000000, 6.977952334525344500, -0.1230000000000005700 ) ) ;
#6281 = CARTESIAN_POINT ( 'NONE',  ( 5.399000000000000000, 7.205676154545700200, -0.2669999999999993500 ) ) ;
#6282 = CARTESIAN_POINT ( 'NONE',  ( 5.399000000000000000, 7.210704745352512800, -0.1230000000000005700 ) ) ;
#6283 = CARTESIAN_POINT ( 'NONE',  ( -8.567952334525346100, 6.977952334525344500, 0.3449999999999999200 ) ) ;
#6284 = DIRECTION ( 'NONE',  ( 1.000000000000000000, 0.0000000000000000000, 0.0000000000000000000 ) ) ;
#6285 = DIRECTION ( 'NONE',  ( 0.0000000000000000000, 0.0000000000000000000, 1.000000000000000000 ) ) ;
#6286 = CARTESIAN_POINT ( 'NONE',  ( -8.567952334525344300, -6.327952334525347700, 0.3449999999999999200 ) ) ;
#6287 = AXIS2_PLACEMENT_3D ( 'NONE', #6286, #6285, #6284 ) ;
#6288 = CARTESIAN_POINT ( 'NONE',  ( 5.965000000000000700, -6.977952334525348000, -0.1949999999999999800 ) ) ;
#6289 = VECTOR ( 'NONE', #6255, 39.37007874015748100 ) ;
#6290 = CARTESIAN_POINT ( 'NONE',  ( -8.897999999999999700, 3.990000000000000200, 0.3449999999999999200 ) ) ;
#6291 = LINE ( 'NONE', #6290, #6289 ) ;
#6292 = DIRECTION ( 'NONE',  ( 1.000000000000000000, 0.0000000000000000000, 0.0000000000000000000 ) ) ;
#6293 = DIRECTION ( 'NONE',  ( 0.0000000000000000000, 0.0000000000000000000, 1.000000000000000000 ) ) ;
#6294 = CARTESIAN_POINT ( 'NONE',  ( -9.000000000000000000, 3.990000000000000200, 0.3449999999999999200 ) ) ;
#6295 = AXIS2_PLACEMENT_3D ( 'NONE', #6294, #6293, #6292 ) ;
#6296 = CIRCLE ( 'NONE', #6295, 0.1020000000000001700 ) ;
#6297 = CARTESIAN_POINT ( 'NONE',  ( -6.376089190714619500, -6.741307035380048200, 0.3449999999999999200 ) ) ;
#6298 = DIRECTION ( 'NONE',  ( 1.000000000000000000, 0.0000000000000000000, 0.0000000000000000000 ) ) ;
#6299 = DIRECTION ( 'NONE',  ( 0.0000000000000000000, 0.0000000000000000000, 1.000000000000000000 ) ) ;
#6300 = CARTESIAN_POINT ( 'NONE',  ( -3.990000000000000200, 6.759999999999998900, 0.3449999999999999200 ) ) ;
#6301 = AXIS2_PLACEMENT_3D ( 'NONE', #6300, #6299, #6298 ) ;
#6302 = CIRCLE ( 'NONE', #6301, 0.1020000000000001700 ) ;
#6303 = DIRECTION ( 'NONE',  ( 1.000000000000000000, 0.0000000000000000000, 0.0000000000000000000 ) ) ;
#6304 = DIRECTION ( 'NONE',  ( 0.0000000000000000000, 0.0000000000000000000, 1.000000000000000000 ) ) ;
#6305 = CARTESIAN_POINT ( 'NONE',  ( -3.989999999999998900, -6.759999999999998900, 0.3449999999999999200 ) ) ;
#6306 = AXIS2_PLACEMENT_3D ( 'NONE', #6305, #6304, #6303 ) ;
#6307 = CIRCLE ( 'NONE', #6306, 0.1020000000000001700 ) ;
#6308 = CARTESIAN_POINT ( 'NONE',  ( -5.964999999999999000, -7.210704745352517300, -0.1230000000000005700 ) ) ;
#6309 = CARTESIAN_POINT ( 'NONE',  ( -6.108999999999997300, -7.210704745352515500, -0.1230000000000005700 ) ) ;
#6310 = CARTESIAN_POINT ( 'NONE',  ( -6.108999999999997300, -7.205676154545703800, -0.2669999999999993500 ) ) ;
#6311 =( GEOMETRIC_REPRESENTATION_CONTEXT ( 3 ) GLOBAL_UNCERTAINTY_ASSIGNED_CONTEXT ( ( #6373 ) ) GLOBAL_UNIT_ASSIGNED_CONTEXT ( ( #6358, #6357, #6374 ) ) REPRESENTATION_CONTEXT ( 'NONE', 'WORKASPACE' ) );
#6312 = DIRECTION ( 'NONE',  ( 0.0000000000000000000, 1.000000000000000000, 0.0000000000000000000 ) ) ;
#6313 = DIMENSIONAL_EXPONENTS ( 1.000000000000000000, 0.0000000000000000000, 0.0000000000000000000, 0.0000000000000000000, 0.0000000000000000000, 0.0000000000000000000, 0.0000000000000000000 ) ;
#6314 =( LENGTH_UNIT ( ) NAMED_UNIT ( * ) SI_UNIT ( $, .METRE. ) );
#6315 = MECHANICAL_DESIGN_GEOMETRIC_PRESENTATION_REPRESENTATION (  '', ( #6317 ), #6311 ) ;
#6316 = PRESENTATION_LAYER_ASSIGNMENT (  '', '', ( #6317 ) ) ;
#6317 = STYLED_ITEM ( 'NONE', ( #6328 ), #3212 ) ;
#6318 = LINE ( 'NONE', #6278, #6277 ) ;
#6319 = DIRECTION ( 'NONE',  ( 1.565988337379543700E-016, -1.000000000000000000, 0.0000000000000000000 ) ) ;
#6320 = VECTOR ( 'NONE', #6319, 39.37007874015748100 ) ;
#6321 = CARTESIAN_POINT ( 'NONE',  ( -9.217952334525346500, 6.977952334525344500, 0.3449999999999999200 ) ) ;
#6322 = DIRECTION ( 'NONE',  ( 1.000000000000000000, 0.0000000000000000000, 0.0000000000000000000 ) ) ;
#6323 = DIRECTION ( 'NONE',  ( 0.0000000000000000000, 0.0000000000000000000, 1.000000000000000000 ) ) ;
#6324 = CARTESIAN_POINT ( 'NONE',  ( 9.000000000000000000, 3.990000000000000200, 0.3449999999999999200 ) ) ;
#6325 = AXIS2_PLACEMENT_3D ( 'NONE', #6324, #6323, #6322 ) ;
#6326 = CIRCLE ( 'NONE', #6325, 0.1020000000000001700 ) ;
#6327 = LINE ( 'NONE', #6321, #6320 ) ;
#6328 = PRESENTATION_STYLE_ASSIGNMENT (( #6329 ) ) ;
#6329 = SURFACE_STYLE_USAGE ( .BOTH. , #6330 ) ;
#6330 = SURFACE_SIDE_STYLE ('',( #6331 ) ) ;
#6331 = SURFACE_STYLE_FILL_AREA ( #6332 ) ;
#6332 = FILL_AREA_STYLE ('',( #6333 ) ) ;
#6333 = FILL_AREA_STYLE_COLOUR ( '', #6266 ) ;
#6334 = CARTESIAN_POINT ( 'NONE',  ( -5.942729147979578700, -6.617909599482614700, 0.3450000000000000300 ) ) ;
#6335 = DIRECTION ( 'NONE',  ( 1.000000000000000000, 0.0000000000000000000, 0.0000000000000000000 ) ) ;
#6336 = DIRECTION ( 'NONE',  ( 0.0000000000000000000, 0.0000000000000000000, 1.000000000000000000 ) ) ;
#6337 = AXIS2_PLACEMENT_3D ( 'NONE', #6360, #6336, #6335 ) ;
#6338 = FACE_OUTER_BOUND ( 'NONE', #3232, .T. ) ;
#6339 = CIRCLE ( 'NONE', #6350, 0.07199999999999939800 ) ;
#6340 = CARTESIAN_POINT ( 'NONE',  ( -6.285010130885559900, -6.647289941362954500, 0.3449999999999999200 ) ) ;
#6341 = CARTESIAN_POINT ( 'NONE',  ( -6.061719532594962000, -6.739378950444151300, 0.3449999999999999200 ) ) ;
#6342 = DIRECTION ( 'NONE',  ( 1.000000000000000000, 0.0000000000000000000, 0.0000000000000000000 ) ) ;
#6343 = DIRECTION ( 'NONE',  ( 0.0000000000000000000, 0.0000000000000000000, 1.000000000000000000 ) ) ;
#6344 = CARTESIAN_POINT ( 'NONE',  ( 3.990000000000002000, -6.759999999999998900, 0.3449999999999999200 ) ) ;
#6345 = AXIS2_PLACEMENT_3D ( 'NONE', #6344, #6343, #6342 ) ;
#6346 = CARTESIAN_POINT ( 'NONE',  ( 7.980000000000001300, -6.759999999999999800, 0.3449999999999999200 ) ) ;
#6347 = DIRECTION ( 'NONE',  ( 0.0000000000000000000, 0.0000000000000000000, 1.000000000000000000 ) ) ;
#6348 = DIRECTION ( 'NONE',  ( 0.0000000000000000000, 1.000000000000000000, 0.0000000000000000000 ) ) ;
#6349 = CARTESIAN_POINT ( 'NONE',  ( -5.399000000000000000, 6.977952334525344500, -0.1230000000000005700 ) ) ;
#6350 = AXIS2_PLACEMENT_3D ( 'NONE', #6288, #6312, #6375 ) ;
#6351 = DIRECTION ( 'NONE',  ( 0.0000000000000000000, 0.0000000000000000000, 1.000000000000000000 ) ) ;
#6352 = DIRECTION ( 'NONE',  ( 0.0000000000000000000, 1.000000000000000000, 0.0000000000000000000 ) ) ;
#6353 = CARTESIAN_POINT ( 'NONE',  ( 5.965000000000000700, -7.215000000000001600, -0.1949999999999999800 ) ) ;
#6354 = AXIS2_PLACEMENT_3D ( 'NONE', #6353, #6352, #6351 ) ;
#6355 = CARTESIAN_POINT ( 'NONE',  ( 5.965000000000000700, -7.205676154545704600, -0.2669999999999993500 ) ) ;
#6356 = CYLINDRICAL_SURFACE ( 'NONE', #6354, 0.07199999999999939800 ) ;
#6357 =( NAMED_UNIT ( * ) PLANE_ANGLE_UNIT ( ) SI_UNIT ( $, .RADIAN. ) );
#6358 =( CONVERSION_BASED_UNIT ( 'INCH', #6359 ) LENGTH_UNIT ( ) NAMED_UNIT ( #6313 ) );
#6359 = LENGTH_MEASURE_WITH_UNIT ( LENGTH_MEASURE( 0.02539999999999999900 ), #6314 );
#6360 = CARTESIAN_POINT ( 'NONE',  ( -9.000000000000000000, 3.990000000000000200, 0.3449999999999999200 ) ) ;
#6361 = CONICAL_SURFACE ( 'NONE', #6337, 0.1020000000000001700, 0.01745329251994333400 ) ;
#6362 = FACE_OUTER_BOUND ( 'NONE', #3273, .T. ) ;
#6363 = DIRECTION ( 'NONE',  ( 0.01745240643728355000, 0.0000000000000000000, 0.9998476951563912700 ) ) ;
#6364 = VECTOR ( 'NONE', #6363, 39.37007874015748100 ) ;
#6365 = CARTESIAN_POINT ( 'NONE',  ( -8.897999999999999700, -3.989999999999999800, 0.3449999999999999200 ) ) ;
#6366 = CARTESIAN_POINT ( 'NONE',  ( -5.820800729176158800, -6.738277187623638500, 0.3449999999999999200 ) ) ;
#6367 = CARTESIAN_POINT ( 'NONE',  ( -5.820902227727750700, -6.734124383283710100, 0.3449999999999999200 ) ) ;
#6368 = CARTESIAN_POINT ( 'NONE',  ( -5.821102308391333600, -6.725938100474417400, 0.3449999999999998600 ) ) ;
#6369 = CARTESIAN_POINT ( 'NONE',  ( -5.822813734889445300, -6.713935876719699700, 0.3450000000000000300 ) ) ;
#6370 = CARTESIAN_POINT ( 'NONE',  ( -5.825492957988233300, -6.702401983683062200, 0.3449999999999999200 ) ) ;
#6371 = CARTESIAN_POINT ( 'NONE',  ( -5.829375605051519700, -6.691411152446626400, 0.3449999999999999200 ) ) ;
#6372 = CARTESIAN_POINT ( 'NONE',  ( 5.965000000000000700, -6.977952334525348000, -0.1230000000000005700 ) ) ;
#6373 = UNCERTAINTY_MEASURE_WITH_UNIT (LENGTH_MEASURE( 1.000000000000000100E-005 ), #6358, 'distance_accuracy_value', 'NONE');
#6374 =( NAMED_UNIT ( * ) SI_UNIT ( $, .STERADIAN. ) SOLID_ANGLE_UNIT ( ) );
#6375 = DIRECTION ( 'NONE',  ( 0.0000000000000000000, 0.0000000000000000000, -1.000000000000000000 ) ) ;
#6376 = DIRECTION ( 'NONE',  ( 0.0000000000000000000, 1.000000000000000000, 0.0000000000000000000 ) ) ;
#6377 = VECTOR ( 'NONE', #6376, 39.37007874015748100 ) ;
#6378 = CYLINDRICAL_SURFACE ( 'NONE', #6248, 0.07199999999999939800 ) ;
#6379 = CARTESIAN_POINT ( 'NONE',  ( -5.940892876612056600, -6.858828402901416200, 0.3449999999999998600 ) ) ;
#6380 = DIRECTION ( 'NONE',  ( 1.000000000000000000, 0.0000000000000000000, 0.0000000000000000000 ) ) ;
#6381 = DIRECTION ( 'NONE',  ( 0.0000000000000000000, 0.0000000000000000000, -1.000000000000000000 ) ) ;
#6382 = CARTESIAN_POINT ( 'NONE',  ( 8.537952334525352100, -6.297952334525348300, 0.3449999999999999200 ) ) ;
#6383 = AXIS2_PLACEMENT_3D ( 'NONE', #6382, #6381, #6380 ) ;
#6384 = CIRCLE ( 'NONE', #6383, 0.2299999999999994500 ) ;
#6385 = CARTESIAN_POINT ( 'NONE',  ( -6.059695618005251000, -6.763199783787286800, 0.3449999999999998600 ) ) ;
#6386 = CARTESIAN_POINT ( 'NONE',  ( -6.057030421579477200, -6.774523791241954000, 0.3449999999999999200 ) ) ;
#6387 = CARTESIAN_POINT ( 'NONE',  ( -6.053123820074767500, -6.785351683323619400, 0.3450000000000000800 ) ) ;
#6388 = CARTESIAN_POINT ( 'NONE',  ( -8.537952334525345000, -6.297952334525348300, 0.3449999999999999200 ) ) ;
#6389 = AXIS2_PLACEMENT_3D ( 'NONE', #6388, #6429, #6428 ) ;
#6390 = CIRCLE ( 'NONE', #6389, 0.2299999999999994500 ) ;
#6391 = DIRECTION ( 'NONE',  ( 1.000000000000000000, 0.0000000000000000000, 0.0000000000000000000 ) ) ;
#6392 = DIRECTION ( 'NONE',  ( 0.0000000000000000000, 0.0000000000000000000, 1.000000000000000000 ) ) ;
#6393 = AXIS2_PLACEMENT_3D ( 'NONE', #6462, #6392, #6391 ) ;
#6394 = CARTESIAN_POINT ( 'NONE',  ( -6.026861515214124100, -6.824019223004282400, 0.3450000000000000300 ) ) ;
#6395 = CARTESIAN_POINT ( 'NONE',  ( -6.017934377051446400, -6.832149177292324200, 0.3449999999999998600 ) ) ;
#6396 = CONICAL_SURFACE ( 'NONE', #6526, 0.1020000000000001700, 0.01745329251994333400 ) ;
#6397 = CARTESIAN_POINT ( 'NONE',  ( -8.567952334525344300, 6.977952334525344500, -0.02500000000000000500 ) ) ;
#6398 = CARTESIAN_POINT ( 'NONE',  ( -8.805395962437584600, -7.215000000000001600, 0.0000000000000000000 ) ) ;
#6399 = DIRECTION ( 'NONE',  ( 1.000000000000000000, 0.0000000000000000000, 0.0000000000000000000 ) ) ;
#6400 = VECTOR ( 'NONE', #6399, 39.37007874015748100 ) ;
#6401 = CARTESIAN_POINT ( 'NONE',  ( -9.454999999999998300, -7.215000000000001600, 0.0000000000000000000 ) ) ;
#6402 = LINE ( 'NONE', #6401, #6400 ) ;
#6403 = CARTESIAN_POINT ( 'NONE',  ( 8.793348296962927100, -7.202952334525348600, -0.3449999999999999200 ) ) ;
#6404 = DIRECTION ( 'NONE',  ( 1.000000000000000000, 0.0000000000000000000, 0.0000000000000000000 ) ) ;
#6405 = VECTOR ( 'NONE', #6404, 39.37007874015748100 ) ;
#6406 = CARTESIAN_POINT ( 'NONE',  ( -9.454999999999998300, -7.202952334525348600, -0.3449999999999999200 ) ) ;
#6407 = LINE ( 'NONE', #6406, #6405 ) ;
#6408 = DIRECTION ( 'NONE',  ( 1.000000000000000000, 0.0000000000000000000, 0.0000000000000000000 ) ) ;
#6409 = CARTESIAN_POINT ( 'NONE',  ( -6.061719532594962000, -6.739378950444151300, 0.3449999999999999200 ) ) ;
#6410 = CARTESIAN_POINT ( 'NONE',  ( -6.061618706005585700, -6.743440221611447100, 0.3449999999999998600 ) ) ;
#6411 = CARTESIAN_POINT ( 'NONE',  ( -6.061419995819283800, -6.751444220906559000, 0.3449999999999999200 ) ) ;
#6412 = CARTESIAN_POINT ( 'NONE',  ( -6.884126686268841900, -6.755100455119902300, 0.3449999999999998600 ) ) ;
#6413 = CARTESIAN_POINT ( 'NONE',  ( -6.886404231965480300, -6.748162653408506600, 0.3449999999999999200 ) ) ;
#6414 = CARTESIAN_POINT ( 'NONE',  ( -6.889256424249058600, -6.741562613550649500, 0.3449999999999999200 ) ) ;
#6415 = CARTESIAN_POINT ( 'NONE',  ( -6.892802784328500500, -6.735373302339454900, 0.3449999999999998600 ) ) ;
#6416 = CARTESIAN_POINT ( 'NONE',  ( -6.896977938413842300, -6.729535584592559500, 0.3449999999999998600 ) ) ;
#6417 = DIRECTION ( 'NONE',  ( 0.0000000000000000000, 1.000000000000000000, 0.0000000000000000000 ) ) ;
#6418 = CARTESIAN_POINT ( 'NONE',  ( -7.161783802092825700, -6.623785667858681100, 0.3449999999999999200 ) ) ;
#6419 = DIRECTION ( 'NONE',  ( 0.4966865118377021800, 0.8679300138596983700, 0.0000000000000000000 ) ) ;
#6420 = VECTOR ( 'NONE', #6419, 39.37007874015748100 ) ;
#6421 = FACE_OUTER_BOUND ( 'NONE', #3116, .T. ) ;
#6422 = FACE_OUTER_BOUND ( 'NONE', #3373, .T. ) ;
#6423 = DIRECTION ( 'NONE',  ( 0.0000000000000000000, 0.0000000000000000000, -1.000000000000000000 ) ) ;
#6424 = VECTOR ( 'NONE', #6423, 39.37007874015748100 ) ;
#6425 = CARTESIAN_POINT ( 'NONE',  ( 8.767952334525348900, 6.297952334525343900, -0.02500000000000000500 ) ) ;
#6426 = LINE ( 'NONE', #6425, #6424 ) ;
#6427 = CARTESIAN_POINT ( 'NONE',  ( -8.767952334525347200, 6.297952334525343900, 0.3449999999999999200 ) ) ;
#6428 = DIRECTION ( 'NONE',  ( 1.000000000000000000, 0.0000000000000000000, 0.0000000000000000000 ) ) ;
#6429 = DIRECTION ( 'NONE',  ( 0.0000000000000000000, 0.0000000000000000000, -1.000000000000000000 ) ) ;
#6430 = VECTOR ( 'NONE', #6463, 39.37007874015748100 ) ;
#6431 = DIRECTION ( 'NONE',  ( 0.0000000000000000000, 0.03489949670250104600, -0.9993908270190957600 ) ) ;
#6432 = DIRECTION ( 'NONE',  ( 0.0000000000000000000, -0.9993908270190957600, -0.03489949670250104600 ) ) ;
#6433 = CARTESIAN_POINT ( 'NONE',  ( -9.454999999999998300, -7.215000000000001600, 0.0000000000000000000 ) ) ;
#6434 = AXIS2_PLACEMENT_3D ( 'NONE', #6433, #6432, #6431 ) ;
#6435 = PLANE ( 'NONE',  #6434 ) ;
#6436 = FACE_BOUND ( 'NONE', #3565, .T. ) ;
#6437 = FACE_BOUND ( 'NONE', #3489, .T. ) ;
#6438 = FACE_OUTER_BOUND ( 'NONE', #3336, .T. ) ;
#6439 = LINE ( 'NONE', #6494, #6430 ) ;
#6440 = CARTESIAN_POINT ( 'NONE',  ( -5.940892876612056600, -6.858828402901416200, 0.3449999999999998600 ) ) ;
#6441 = CARTESIAN_POINT ( 'NONE',  ( -5.964999999999999000, -6.977952334525348000, -0.1949999999999999800 ) ) ;
#6442 = CIRCLE ( 'NONE', #6461, 0.1020000000000001700 ) ;
#6443 = DIRECTION ( 'NONE',  ( 1.000000000000000000, 0.0000000000000000000, 0.0000000000000000000 ) ) ;
#6444 = DIRECTION ( 'NONE',  ( 0.0000000000000000000, 0.0000000000000000000, 1.000000000000000000 ) ) ;
#6445 = CARTESIAN_POINT ( 'NONE',  ( 0.0000000000000000000, 6.759999999999999800, 0.3449999999999999200 ) ) ;
#6446 = AXIS2_PLACEMENT_3D ( 'NONE', #6445, #6444, #6443 ) ;
#6447 = CIRCLE ( 'NONE', #6446, 0.1020000000000001700 ) ;
#6448 = CARTESIAN_POINT ( 'NONE',  ( 3.990000000000000200, 6.759999999999998900, 0.3449999999999999200 ) ) ;
#6449 = CARTESIAN_POINT ( 'NONE',  ( -8.537952334525345000, -6.527952334525348700, 0.3449999999999999200 ) ) ;
#6450 = DIRECTION ( 'NONE',  ( 0.0000000000000000000, -1.000000000000000000, 0.0000000000000000000 ) ) ;
#6451 = VECTOR ( 'NONE', #6450, 39.37007874015748100 ) ;
#6452 = CARTESIAN_POINT ( 'NONE',  ( -7.119411840287269500, -6.623785667858681100, 0.3449999999999999200 ) ) ;
#6453 = LINE ( 'NONE', #6452, #6451 ) ;
#6454 = AXIS2_PLACEMENT_3D ( 'NONE', #6441, #6417, #6531 ) ;
#6455 = CARTESIAN_POINT ( 'NONE',  ( -6.953550629015902400, -6.703112590935604400, 0.3449999999999998600 ) ) ;
#6456 = CARTESIAN_POINT ( 'NONE',  ( -7.031270814646243900, -6.794191650764664000, 0.3449999999999999200 ) ) ;
#6457 = CARTESIAN_POINT ( 'NONE',  ( -6.961354782327869200, -6.858828402901417000, 0.3450000000000000300 ) ) ;
#6458 = CIRCLE ( 'NONE', #6393, 0.1020000000000001700 ) ;
#6459 = DIRECTION ( 'NONE',  ( 1.000000000000000000, 0.0000000000000000000, 0.0000000000000000000 ) ) ;
#6460 = DIRECTION ( 'NONE',  ( 0.0000000000000000000, 0.0000000000000000000, 1.000000000000000000 ) ) ;
#6461 = AXIS2_PLACEMENT_3D ( 'NONE', #6448, #6460, #6459 ) ;
#6462 = CARTESIAN_POINT ( 'NONE',  ( 7.980000000000000400, 6.759999999999998900, 0.3449999999999999200 ) ) ;
#6463 = DIRECTION ( 'NONE',  ( 0.0000000000000000000, 1.000000000000000000, 0.0000000000000000000 ) ) ;
#6464 = CARTESIAN_POINT ( 'NONE',  ( -3.870000000000000100, -6.977952334525348000, -0.1449999999999999300 ) ) ;
#6465 = DIRECTION ( 'NONE',  ( -1.000000000000000000, 0.0000000000000000000, 0.0000000000000000000 ) ) ;
#6466 = VECTOR ( 'NONE', #6465, 39.37007874015748100 ) ;
#6467 = CARTESIAN_POINT ( 'NONE',  ( 9.217952334525344700, -6.977952334525348000, -0.1449999999999999300 ) ) ;
#6468 = LINE ( 'NONE', #6467, #6466 ) ;
#6469 = CARTESIAN_POINT ( 'NONE',  ( -3.369999999999999700, -6.977952334525348000, -0.1449999999999999300 ) ) ;
#6470 = DIRECTION ( 'NONE',  ( 0.0000000000000000000, 0.0000000000000000000, 1.000000000000000000 ) ) ;
#6471 = VECTOR ( 'NONE', #6470, 39.37007874015748100 ) ;
#6472 = CARTESIAN_POINT ( 'NONE',  ( -3.369999999999999200, -6.977952334525348000, -0.02500000000000000500 ) ) ;
#6473 = LINE ( 'NONE', #6472, #6471 ) ;
#6474 = CARTESIAN_POINT ( 'NONE',  ( -8.999999999999998200, -3.989999999999999800, 0.3449999999999999200 ) ) ;
#6475 = CARTESIAN_POINT ( 'NONE',  ( -8.767952334525347200, 6.297952334525343900, -0.02500000000000000500 ) ) ;
#6476 = CARTESIAN_POINT ( 'NONE',  ( -8.537952334525346700, 6.527952334525344300, -0.02500000000000000500 ) ) ;
#6477 = DIRECTION ( 'NONE',  ( -2.510908033947430600E-016, 1.000000000000000000, 0.0000000000000000000 ) ) ;
#6478 = DIRECTION ( 'NONE',  ( 1.000000000000000000, 2.510908033947430600E-016, 0.0000000000000000000 ) ) ;
#6479 = CARTESIAN_POINT ( 'NONE',  ( 8.767952334525348900, 6.527952334525344300, -0.3449999999999999200 ) ) ;
#6480 = AXIS2_PLACEMENT_3D ( 'NONE', #6479, #6478, #6477 ) ;
#6481 = PLANE ( 'NONE',  #6480 ) ;
#6482 = LINE ( 'NONE', #5789, #6216 ) ;
#6483 = CARTESIAN_POINT ( 'NONE',  ( -6.738801138013310600, -6.814525652060748200, 0.3449999999999998600 ) ) ;
#6484 = CARTESIAN_POINT ( 'NONE',  ( 3.870000000000000100, -7.209936488423697800, -0.1449999999999999300 ) ) ;
#6485 = CARTESIAN_POINT ( 'NONE',  ( 3.369999999999999700, -7.209936488423697800, -0.1449999999999999300 ) ) ;
#6486 = DIRECTION ( 'NONE',  ( 0.0000000000000000000, 0.03489949670250104600, -0.9993908270190957600 ) ) ;
#6487 = VECTOR ( 'NONE', #6486, 39.37007874015748100 ) ;
#6488 = CARTESIAN_POINT ( 'NONE',  ( 3.370000000000000600, -7.215000000000001600, 0.0000000000000000000 ) ) ;
#6489 = LINE ( 'NONE', #6488, #6487 ) ;
#6490 = B_SPLINE_CURVE_WITH_KNOTS ( 'NONE', 3,
 ( #6505, #6504, #6503, #6502, #6511, #6510, #6509, #6508, #6507, #6506, #6416, #6415, #6414, #6413, #6412, #6498, #6497, #6496, #6495 ),
 .UNSPECIFIED., .F., .F.,
 ( 4, 1, 1, 1, 1, 1, 1, 1, 1, 1, 1, 1, 1, 1, 1, 1, 4 ),
 ( 0.0000000000000000000, 0.06580764581069460700, 0.1293942736680575000, 0.1908940606321913900, 0.2512810689298371500, 0.3108149644652732400, 0.3703709874482445900, 0.4307682625897223900, 0.4928812506175041000, 0.5551039481552513300, 0.6160670509938377400, 0.6772560331746518800, 0.7382598051991150500, 0.8007621343762962900, 0.8647775815744810400, 0.9310452949994002500, 1.000000000000000000 ),
 .UNSPECIFIED. ) ;
#6491 = CARTESIAN_POINT ( 'NONE',  ( -6.881431071056500300, -6.778078369514664900, 0.3450000000000000300 ) ) ;
#6492 = CARTESIAN_POINT ( 'NONE',  ( -5.987824878510487300, -6.850301059796344700, 0.3450000000000000800 ) ) ;
#6493 = CARTESIAN_POINT ( 'NONE',  ( -5.976791200752533200, -6.854132034786843500, 0.3449999999999999200 ) ) ;
#6494 = CARTESIAN_POINT ( 'NONE',  ( -5.964999999999999000, -7.215000000000001600, -0.1230000000000005700 ) ) ;
#6495 = CARTESIAN_POINT ( 'NONE',  ( -6.881431071056500300, -6.778078369514664900, 0.3450000000000000300 ) ) ;
#6496 = CARTESIAN_POINT ( 'NONE',  ( -6.881488579177344400, -6.775397109876276000, 0.3449999999999999200 ) ) ;
#6497 = CARTESIAN_POINT ( 'NONE',  ( -6.881601354472081800, -6.770139072549794100, 0.3449999999999999200 ) ) ;
#6498 = CARTESIAN_POINT ( 'NONE',  ( -6.882610781844543400, -6.762449017072725600, 0.3450000000000000300 ) ) ;
#6499 = CIRCLE ( 'NONE', #6454, 0.07199999999999939800 ) ;
#6500 = B_SPLINE_CURVE_WITH_KNOTS ( 'NONE', 3,
 ( #6440, #6534, #6533, #6532, #6493, #6492, #6528, #6527, #6395, #6394, #6525, #6524, #6523, #6387, #6386, #6385, #6411, #6410, #6409 ),
 .UNSPECIFIED., .F., .F.,
 ( 4, 1, 1, 1, 1, 1, 1, 1, 1, 1, 1, 1, 1, 1, 1, 1, 4 ),
 ( 0.0000000000000000000, 0.06581887684330327300, 0.1297465269068316900, 0.1920719544880070700, 0.2534594242982024500, 0.3145695877964230200, 0.3762798811880254700, 0.4390256536685589500, 0.5032670288290853600, 0.5674928228792947000, 0.6297047956052441700, 0.6909996492157547400, 0.7514516509174485900, 0.8120043642646959100, 0.8731496810680431400, 0.9356354837317837300, 1.000000000000000000 ),
 .UNSPECIFIED. ) ;
#6501 = CARTESIAN_POINT ( 'NONE',  ( 8.567952334525347900, -6.977952334525348000, 0.3449999999999999200 ) ) ;
#6502 = CARTESIAN_POINT ( 'NONE',  ( -6.938597760418638800, -6.704322663356932400, 0.3450000000000000300 ) ) ;
#6503 = CARTESIAN_POINT ( 'NONE',  ( -6.945959834328931500, -6.703276887500456900, 0.3449999999999998600 ) ) ;
#6504 = CARTESIAN_POINT ( 'NONE',  ( -6.950991574629983700, -6.703167979582277200, 0.3449999999999999200 ) ) ;
#6505 = CARTESIAN_POINT ( 'NONE',  ( -6.953550629015902400, -6.703112590935604400, 0.3449999999999998600 ) ) ;
#6506 = CARTESIAN_POINT ( 'NONE',  ( -6.901726553829432100, -6.724106193019502500, 0.3449999999999999200 ) ) ;
#6507 = CARTESIAN_POINT ( 'NONE',  ( -6.906960890338341500, -6.719172888665005100, 0.3450000000000000300 ) ) ;
#6508 = CARTESIAN_POINT ( 'NONE',  ( -6.912602182260092900, -6.714882015792109200, 0.3449999999999999200 ) ) ;
#6509 = CARTESIAN_POINT ( 'NONE',  ( -6.918549224976082700, -6.711208805411540200, 0.3449999999999999200 ) ) ;
#6510 = CARTESIAN_POINT ( 'NONE',  ( -6.924891284839236300, -6.708268287166669500, 0.3449999999999998600 ) ) ;
#6511 = CARTESIAN_POINT ( 'NONE',  ( -6.931570011457928600, -6.705968729195821400, 0.3450000000000000800 ) ) ;
#6512 = DIRECTION ( 'NONE',  ( -1.000000000000000000, 0.0000000000000000000, 0.0000000000000000000 ) ) ;
#6513 = VECTOR ( 'NONE', #6512, 39.37007874015748100 ) ;
#6514 = CARTESIAN_POINT ( 'NONE',  ( -9.454999999999998300, -7.209936488423697800, -0.1449999999999999300 ) ) ;
#6515 = LINE ( 'NONE', #6514, #6513 ) ;
#6516 = CARTESIAN_POINT ( 'NONE',  ( -3.870000000000000100, -7.202952334525348600, -0.3449999999999999200 ) ) ;
#6517 = CARTESIAN_POINT ( 'NONE',  ( -8.793348296962932400, -7.202952334525348600, -0.3449999999999999200 ) ) ;
#6518 = DIRECTION ( 'NONE',  ( 0.0000000000000000000, 0.0000000000000000000, 1.000000000000000000 ) ) ;
#6519 = VECTOR ( 'NONE', #6518, 39.37007874015748100 ) ;
#6520 = CARTESIAN_POINT ( 'NONE',  ( -8.567952334525347900, -6.977952334525348000, -0.02500000000000000500 ) ) ;
#6521 = LINE ( 'NONE', #6520, #6519 ) ;
#6522 = DIRECTION ( 'NONE',  ( 0.0000000000000000000, 0.0000000000000000000, 1.000000000000000000 ) ) ;
#6523 = CARTESIAN_POINT ( 'NONE',  ( -6.048189316161384000, -6.795755687878616100, 0.3449999999999999200 ) ) ;
#6524 = CARTESIAN_POINT ( 'NONE',  ( -6.042150767075008300, -6.805685509444554500, 0.3449999999999998600 ) ) ;
#6525 = CARTESIAN_POINT ( 'NONE',  ( -6.035029617476069100, -6.815168704717534000, 0.3449999999999999200 ) ) ;
#6526 = AXIS2_PLACEMENT_3D ( 'NONE', #6474, #6522, #6408 ) ;
#6527 = CARTESIAN_POINT ( 'NONE',  ( -6.008406337648720500, -6.839312740107721400, 0.3450000000000000800 ) ) ;
#6528 = CARTESIAN_POINT ( 'NONE',  ( -5.998356391758002300, -6.845349931594118000, 0.3449999999999998100 ) ) ;
#6529 = CARTESIAN_POINT ( 'NONE',  ( -7.175234489859919400, -6.647289941362954500, 0.3449999999999999200 ) ) ;
#6530 = LINE ( 'NONE', #6529, #6420 ) ;
#6531 = DIRECTION ( 'NONE',  ( 0.0000000000000000000, 0.0000000000000000000, -1.000000000000000000 ) ) ;
#6532 = CARTESIAN_POINT ( 'NONE',  ( -5.965249205619641300, -6.856812715392873500, 0.3449999999999998600 ) ) ;
#6533 = CARTESIAN_POINT ( 'NONE',  ( -5.953231899731682700, -6.858526974040627200, 0.3449999999999999200 ) ) ;
#6534 = CARTESIAN_POINT ( 'NONE',  ( -5.945045659402385500, -6.858726954952623500, 0.3449999999999999200 ) ) ;
#6535 = CARTESIAN_POINT ( 'NONE',  ( -7.119411840287269500, -6.852952334525348000, 0.3449999999999999200 ) ) ;
#6536 = DIRECTION ( 'NONE',  ( -1.000000000000000000, 0.0000000000000000000, 0.0000000000000000000 ) ) ;
#6537 = VECTOR ( 'NONE', #6536, 39.37007874015748100 ) ;
#6538 = CARTESIAN_POINT ( 'NONE',  ( -8.767952334525347200, 6.527952334525344300, -0.02500000000000000500 ) ) ;
#6539 = CARTESIAN_POINT ( 'NONE',  ( -6.881561122347783100, -6.783655710509935800, 0.3449999999999998600 ) ) ;
#6540 = CARTESIAN_POINT ( 'NONE',  ( -6.881474617651780300, -6.779945895847232500, 0.3449999999999999200 ) ) ;
#6541 = B_SPLINE_CURVE_WITH_KNOTS ( 'NONE', 3,
 ( #6636, #6540, #6539, #6584, #6583, #6582, #6581, #6580, #6579, #6578, #6577, #6576, #6575, #6601, #6600, #6599, #6598, #6597, #6596, #6595, #6594, #6593, #6592, #6567, #6566, #6565, #6564 ),
 .UNSPECIFIED., .F., .F.,
 ( 4, 1, 1, 1, 1, 1, 1, 1, 1, 1, 1, 1, 1, 1, 1, 1, 1, 1, 1, 1, 1, 1, 1, 1, 4 ),
 ( 0.0000000000000000000, 0.04401447057613610400, 0.08743412366770336700, 0.1301183986578975900, 0.1725536945581802000, 0.2145547559681368600, 0.2562980920971248400, 0.2984382251332464700, 0.3408490025880958600, 0.3827151889670244400, 0.4239240454075334800, 0.4642462432504144700, 0.5040736714617964900, 0.5438619058684893700, 0.5835667249796506800, 0.6230943188523335700, 0.6632290607685833500, 0.7035512586114697200, 0.7439378946861808800, 0.7845412548000887400, 0.8257501112405970500, 0.8677573633885061800, 0.9107451640323087600, 0.9549144468914728700, 1.000000000000000000 ),
 .UNSPECIFIED. ) ;
#6542 = AXIS2_PLACEMENT_3D ( 'NONE', #6650, #6619, #6649 ) ;
#6543 = CARTESIAN_POINT ( 'NONE',  ( -8.805395962437588200, 7.214999999999997200, 0.0000000000000000000 ) ) ;
#6544 = DIRECTION ( 'NONE',  ( -1.000000000000000000, 0.0000000000000000000, 0.0000000000000000000 ) ) ;
#6545 = VECTOR ( 'NONE', #6544, 39.37007874015748100 ) ;
#6546 = CARTESIAN_POINT ( 'NONE',  ( 9.217952334525344700, -6.977952334525348000, -0.3449999999999999200 ) ) ;
#6547 = CARTESIAN_POINT ( 'NONE',  ( -6.178766052343820400, -6.747154742283133700, 0.3450000000000000300 ) ) ;
#6548 = CARTESIAN_POINT ( 'NONE',  ( -6.174095041850458500, -6.747099611010641600, 0.3449999999999999200 ) ) ;
#6549 = CARTESIAN_POINT ( 'NONE',  ( -6.167295591446109200, -6.746729405441113800, 0.3449999999999999200 ) ) ;
#6550 = CARTESIAN_POINT ( 'NONE',  ( -6.160893981724195900, -6.746137068898476300, 0.3449999999999999200 ) ) ;
#6551 = CARTESIAN_POINT ( 'NONE',  ( -6.154885647138400800, -6.745328327002480000, 0.3449999999999998600 ) ) ;
#6552 = CARTESIAN_POINT ( 'NONE',  ( -6.149284988324925600, -6.744257127898460000, 0.3450000000000000800 ) ) ;
#6553 = CARTESIAN_POINT ( 'NONE',  ( -6.144068698131743400, -6.743061403981503300, 0.3449999999999998600 ) ) ;
#6554 = CARTESIAN_POINT ( 'NONE',  ( -6.139286755032529200, -6.741513785246690200, 0.3450000000000000300 ) ) ;
#6555 = CARTESIAN_POINT ( 'NONE',  ( -6.133478087195247700, -6.739314249562922600, 0.3449999999999999200 ) ) ;
#6556 = CARTESIAN_POINT ( 'NONE',  ( -6.126902358175420300, -6.735879839731278000, 0.3449999999999998600 ) ) ;
#6557 = CARTESIAN_POINT ( 'NONE',  ( -6.119838681232643300, -6.730927226406875800, 0.3449999999999998600 ) ) ;
#6558 = CARTESIAN_POINT ( 'NONE',  ( -6.113793605624688400, -6.725008803738174600, 0.3450000000000000300 ) ) ;
#6559 = CARTESIAN_POINT ( 'NONE',  ( -6.108763759000590100, -6.718270606720544400, 0.3449999999999999200 ) ) ;
#6560 = CARTESIAN_POINT ( 'NONE',  ( -6.104814019839265500, -6.710795672095128900, 0.3450000000000000300 ) ) ;
#6561 = CARTESIAN_POINT ( 'NONE',  ( -6.705192566369730900, -6.779945895847232500, 0.3449999999999999200 ) ) ;
#6562 = CARTESIAN_POINT ( 'NONE',  ( -6.705149019774450100, -6.778078369514664900, 0.3450000000000000300 ) ) ;
#6563 = CARTESIAN_POINT ( 'NONE',  ( -6.096975942851372600, -6.852952334525348900, 0.3449999999999999200 ) ) ;
#6564 = CARTESIAN_POINT ( 'NONE',  ( -6.961354782327869200, -6.858828402901417000, 0.3450000000000000300 ) ) ;
#6565 = CARTESIAN_POINT ( 'NONE',  ( -6.959440613904853900, -6.858811060226702900, 0.3450000000000000300 ) ) ;
#6566 = CARTESIAN_POINT ( 'NONE',  ( -6.955651178557361400, -6.858776727331123100, 0.3449999999999998600 ) ) ;
#6567 = CARTESIAN_POINT ( 'NONE',  ( -6.950060777543901800, -6.858228270115811000, 0.3450000000000000300 ) ) ;
#6568 = LINE ( 'NONE', #6633, #6661 ) ;
#6569 = CARTESIAN_POINT ( 'NONE',  ( -6.890245173620602500, -6.623785667858681100, 0.3449999999999999200 ) ) ;
#6570 = CARTESIAN_POINT ( 'NONE',  ( -6.099913977039407500, -6.685071224749708400, 0.3449999999999999200 ) ) ;
#6571 = DIRECTION ( 'NONE',  ( -0.03487826274237469700, 0.03487826274237469000, 0.9987827659587182900 ) ) ;
#6572 = VECTOR ( 'NONE', #6571, 39.37007874015748100 ) ;
#6573 = CARTESIAN_POINT ( 'NONE',  ( -8.806186201339722100, 7.215790238902132000, 0.02262948135553596900 ) ) ;
#6574 = LINE ( 'NONE', #6573, #6572 ) ;
#6575 = CARTESIAN_POINT ( 'NONE',  ( -6.900697938833152600, -6.832683764853161500, 0.3449999999999999200 ) ) ;
#6576 = CARTESIAN_POINT ( 'NONE',  ( -6.897531150717402900, -6.828618722613404300, 0.3449999999999998600 ) ) ;
#6577 = CARTESIAN_POINT ( 'NONE',  ( -6.894533748451166800, -6.824320277065965000, 0.3450000000000000300 ) ) ;
#6578 = CARTESIAN_POINT ( 'NONE',  ( -6.891833086198850800, -6.819723946237740400, 0.3449999999999998600 ) ) ;
#6579 = CARTESIAN_POINT ( 'NONE',  ( -6.889434603294991400, -6.814922878706421500, 0.3449999999999999200 ) ) ;
#6580 = CARTESIAN_POINT ( 'NONE',  ( -6.887247958636611300, -6.810025612788717100, 0.3450000000000000800 ) ) ;
#6581 = CARTESIAN_POINT ( 'NONE',  ( -6.885461175345382900, -6.804985810364933700, 0.3449999999999998100 ) ) ;
#6582 = CARTESIAN_POINT ( 'NONE',  ( -6.883985183692883100, -6.799834839567497000, 0.3450000000000000300 ) ) ;
#6583 = CARTESIAN_POINT ( 'NONE',  ( -6.882848011281309300, -6.794557956768533000, 0.3449999999999999200 ) ) ;
#6584 = CARTESIAN_POINT ( 'NONE',  ( -6.882001029872342600, -6.789165152221473300, 0.3449999999999998600 ) ) ;
#6585 = DIRECTION ( 'NONE',  ( 8.369693446491436000E-017, -1.000000000000000000, 0.0000000000000000000 ) ) ;
#6586 = DIRECTION ( 'NONE',  ( -1.000000000000000000, -8.369693446491436000E-017, 0.0000000000000000000 ) ) ;
#6587 = CARTESIAN_POINT ( 'NONE',  ( -8.767952334525347200, 6.527952334525344300, -0.3449999999999999200 ) ) ;
#6588 = DIRECTION ( 'NONE',  ( 1.000000000000000000, 0.0000000000000000000, 0.0000000000000000000 ) ) ;
#6589 = VECTOR ( 'NONE', #6588, 39.37007874015748100 ) ;
#6590 = CARTESIAN_POINT ( 'NONE',  ( -6.243877652253083000, -6.623785667858682800, 0.3449999999999999200 ) ) ;
#6591 = LINE ( 'NONE', #6590, #6589 ) ;
#6592 = CARTESIAN_POINT ( 'NONE',  ( -6.944629214863527800, -6.857475254600173800, 0.3449999999999999200 ) ) ;
#6593 = CARTESIAN_POINT ( 'NONE',  ( -6.939384977132733400, -6.856366575435218100, 0.3449999999999999200 ) ) ;
#6594 = CARTESIAN_POINT ( 'NONE',  ( -6.934319419802119600, -6.854951665889222700, 0.3450000000000000300 ) ) ;
#6595 = CARTESIAN_POINT ( 'NONE',  ( -6.929444016795974500, -6.853176571788421400, 0.3450000000000000300 ) ) ;
#6596 = CARTESIAN_POINT ( 'NONE',  ( -6.924688597816537300, -6.851191102081937600, 0.3449999999999999200 ) ) ;
#6597 = CARTESIAN_POINT ( 'NONE',  ( -6.920161411432018500, -6.848770908524317100, 0.3449999999999999200 ) ) ;
#6598 = CARTESIAN_POINT ( 'NONE',  ( -6.915797080089576300, -6.846140848125920700, 0.3450000000000000300 ) ) ;
#6599 = CARTESIAN_POINT ( 'NONE',  ( -6.911692854438857800, -6.843162903879885100, 0.3449999999999999200 ) ) ;
#6600 = CARTESIAN_POINT ( 'NONE',  ( -6.907785237561007800, -6.839957956876518500, 0.3450000000000000300 ) ) ;
#6601 = CARTESIAN_POINT ( 'NONE',  ( -6.904105410500064500, -6.836471806895432700, 0.3449999999999999200 ) ) ;
#6602 = CARTESIAN_POINT ( 'NONE',  ( -6.742784673381495800, -6.818779620160818000, 0.3449999999999998100 ) ) ;
#6603 = CARTESIAN_POINT ( 'NONE',  ( -6.747134134504902300, -6.822639875699375800, 0.3450000000000000300 ) ) ;
#6604 = CARTESIAN_POINT ( 'NONE',  ( -6.751776584793873300, -6.826009281668987700, 0.3449999999999999200 ) ) ;
#6605 = CARTESIAN_POINT ( 'NONE',  ( -6.756567724523957700, -6.828937054490268100, 0.3450000000000000300 ) ) ;
#6606 = CARTESIAN_POINT ( 'NONE',  ( -6.761646158663715800, -6.831218553911003100, 0.3449999999999999200 ) ) ;
#6607 = CARTESIAN_POINT ( 'NONE',  ( -6.766883426070553900, -6.833095746796845800, 0.3449999999999999200 ) ) ;
#6608 = CARTESIAN_POINT ( 'NONE',  ( -6.772371173786171800, -6.834350111584846800, 0.3450000000000000300 ) ) ;
#6609 = CARTESIAN_POINT ( 'NONE',  ( -6.778055252676781000, -6.835164570709773500, 0.3449999999999998100 ) ) ;
#6610 = AXIS2_PLACEMENT_3D ( 'NONE', #6972, #6975, #6974 ) ;
#6611 = FACE_BOUND ( 'NONE', #3511, .T. ) ;
#6612 = FACE_OUTER_BOUND ( 'NONE', #3544, .T. ) ;
#6613 = FACE_BOUND ( 'NONE', #3569, .T. ) ;
#6614 = CARTESIAN_POINT ( 'NONE',  ( -7.031270814646243900, -6.794191650764664000, 0.3449999999999999200 ) ) ;
#6615 = CARTESIAN_POINT ( 'NONE',  ( -6.783879154656927900, -6.835324129397142700, 0.3449999999999999200 ) ) ;
#6616 = CARTESIAN_POINT ( 'NONE',  ( -6.223311412936843600, -6.747183103756118100, 0.3449999999999999200 ) ) ;
#6617 = CARTESIAN_POINT ( 'NONE',  ( -8.537952334525345000, -6.527952334525348700, -0.02500000000000000500 ) ) ;
#6618 = VECTOR ( 'NONE', #6745, 39.37007874015748100 ) ;
#6619 = DIRECTION ( 'NONE',  ( 0.0000000000000000000, -1.000000000000000000, 0.0000000000000000000 ) ) ;
#6620 = B_SPLINE_CURVE_WITH_KNOTS ( 'NONE', 3,
 ( #6562, #6561, #6632, #6631, #6630, #6629, #6628, #6627, #6626, #6625, #6624, #6623, #6622, #6621, #6699, #6698, #6697, #6696, #6695, #6694, #6693, #6692, #6691, #6690, #6689, #6688, #6687 ),
 .UNSPECIFIED., .F., .F.,
 ( 4, 1, 1, 1, 1, 1, 1, 1, 1, 1, 1, 1, 1, 1, 1, 1, 1, 1, 1, 1, 1, 1, 1, 1, 4 ),
 ( 0.0000000000000000000, 0.04401447057613610400, 0.08743412366770336700, 0.1301183986578975900, 0.1725536945581802000, 0.2145547559681368600, 0.2562980920971248400, 0.2984382251332464700, 0.3408490025880958600, 0.3827151889670244400, 0.4239240454075334800, 0.4642462432504144700, 0.5040736714617964900, 0.5438619058684893700, 0.5835667249796506800, 0.6230943188523335700, 0.6632290607685833500, 0.7035512586114697200, 0.7439378946861808800, 0.7845412548000887400, 0.8257501112405970500, 0.8677573633885061800, 0.9107451640323087600, 0.9549144468914728700, 1.000000000000000000 ),
 .UNSPECIFIED. ) ;
#6621 = CARTESIAN_POINT ( 'NONE',  ( -6.727823359218013400, -6.836471806895432700, 0.3449999999999999200 ) ) ;
#6622 = CARTESIAN_POINT ( 'NONE',  ( -6.724415887551103300, -6.832683764853161500, 0.3449999999999999200 ) ) ;
#6623 = CARTESIAN_POINT ( 'NONE',  ( -6.721249099435352600, -6.828618722613404300, 0.3449999999999998600 ) ) ;
#6624 = CARTESIAN_POINT ( 'NONE',  ( -6.718251697169114000, -6.824320277065965000, 0.3450000000000000300 ) ) ;
#6625 = CARTESIAN_POINT ( 'NONE',  ( -6.715551034916801500, -6.819723946237740400, 0.3449999999999998600 ) ) ;
#6626 = CARTESIAN_POINT ( 'NONE',  ( -6.713152552012940300, -6.814922878706421500, 0.3449999999999999200 ) ) ;
#6627 = CARTESIAN_POINT ( 'NONE',  ( -6.710965907354559300, -6.810025612788717100, 0.3450000000000000800 ) ) ;
#6628 = CARTESIAN_POINT ( 'NONE',  ( -6.709179124063332700, -6.804985810364933700, 0.3449999999999998100 ) ) ;
#6629 = CARTESIAN_POINT ( 'NONE',  ( -6.707703132410833800, -6.799834839567497000, 0.3450000000000000300 ) ) ;
#6630 = CARTESIAN_POINT ( 'NONE',  ( -6.706565959999257300, -6.794557956768533000, 0.3449999999999999200 ) ) ;
#6631 = CARTESIAN_POINT ( 'NONE',  ( -6.705718978590290600, -6.789165152221473300, 0.3449999999999998600 ) ) ;
#6632 = CARTESIAN_POINT ( 'NONE',  ( -6.705279071065732800, -6.783655710509935800, 0.3449999999999998600 ) ) ;
#6633 = CARTESIAN_POINT ( 'NONE',  ( -6.206601343492399900, -6.747183103756118100, 0.3449999999999999200 ) ) ;
#6634 = FACE_OUTER_BOUND ( 'NONE', #3369, .T. ) ;
#6635 = CARTESIAN_POINT ( 'NONE',  ( 8.567952334525346100, -6.977952334525348000, -0.02500000000000000500 ) ) ;
#6636 = CARTESIAN_POINT ( 'NONE',  ( -6.881431071056500300, -6.778078369514664900, 0.3450000000000000300 ) ) ;
#6637 = CARTESIAN_POINT ( 'NONE',  ( -6.101947700095121400, -6.702729705065096700, 0.3449999999999999200 ) ) ;
#6638 = CARTESIAN_POINT ( 'NONE',  ( -6.100197842116070700, -6.694082861639523200, 0.3449999999999999200 ) ) ;
#6639 = CARTESIAN_POINT ( 'NONE',  ( -6.100010161439367800, -6.688124713742089600, 0.3449999999999999200 ) ) ;
#6640 = CARTESIAN_POINT ( 'NONE',  ( -6.181168985052229600, -6.747183103756119000, 0.3450000000000000800 ) ) ;
#6641 = B_SPLINE_CURVE_WITH_KNOTS ( 'NONE', 3,
 ( #6570, #6639, #6638, #6637, #6560, #6559, #6558, #6557, #6556, #6555, #6554, #6553, #6552, #6551, #6550, #6549, #6548, #6547, #6741 ),
 .UNSPECIFIED., .F., .F.,
 ( 4, 1, 1, 1, 1, 1, 1, 1, 1, 1, 1, 1, 1, 1, 1, 1, 4 ),
 ( 0.0000000000000000000, 0.07878023558213677300, 0.1537206442085811700, 0.2267135303087758900, 0.2991911660659379300, 0.3711899968376675700, 0.4430064143534083700, 0.5166891732948792900, 0.5932172166234157600, 0.6338729178078493800, 0.6769891422899846400, 0.7228995063258285600, 0.7719586105061506700, 0.8242113233348393700, 0.8793786506272075500, 0.9379481193304248800, 1.000000000000000000 ),
 .UNSPECIFIED. ) ;
#6642 = AXIS2_PLACEMENT_3D ( 'NONE', #6587, #6586, #6585 ) ;
#6643 = PLANE ( 'NONE',  #6642 ) ;
#6644 = CARTESIAN_POINT ( 'NONE',  ( 8.537952334525352100, -6.527952334525348700, -0.02500000000000000500 ) ) ;
#6645 = FACE_OUTER_BOUND ( 'NONE', #3359, .T. ) ;
#6646 = CARTESIAN_POINT ( 'NONE',  ( 8.537952334525348500, 6.527952334525344300, 0.3449999999999999200 ) ) ;
#6647 = LINE ( 'NONE', #6646, #6664 ) ;
#6648 = DIRECTION ( 'NONE',  ( -1.000000000000000000, 0.0000000000000000000, 0.0000000000000000000 ) ) ;
#6649 = DIRECTION ( 'NONE',  ( 0.0000000000000000000, 0.0000000000000000000, -1.000000000000000000 ) ) ;
#6650 = CARTESIAN_POINT ( 'NONE',  ( -8.767952334525345400, -6.527952334525348700, -0.3449999999999999200 ) ) ;
#6651 = CARTESIAN_POINT ( 'NONE',  ( -6.789887957151403700, -6.835159663966212700, 0.3450000000000000300 ) ) ;
#6652 = CARTESIAN_POINT ( 'NONE',  ( -6.781917589843891900, -6.835270387986690300, 0.3449999999999999200 ) ) ;
#6653 = CARTESIAN_POINT ( 'NONE',  ( -6.783879154656927900, -6.835324129397142700, 0.3449999999999999200 ) ) ;
#6654 = CARTESIAN_POINT ( 'NONE',  ( -6.785888778150440900, -6.835269124494888400, 0.3449999999999999200 ) ) ;
#6655 = B_SPLINE_CURVE_WITH_KNOTS ( 'NONE', 3,
 ( #6653, #6652, #6609, #6608, #6607, #6606, #6605, #6604, #6603, #6602, #6483, #6863, #6889, #6805, #6824, #6864, #6748, #6787, #6840 ),
 .UNSPECIFIED., .F., .F.,
 ( 4, 1, 1, 1, 1, 1, 1, 1, 1, 1, 1, 1, 1, 1, 1, 1, 4 ),
 ( 0.0000000000000000000, 0.06420729528298192700, 0.1264246897797430500, 0.1876802842649178400, 0.2482164244552112800, 0.3083050600086085200, 0.3696609913251378000, 0.4316985517867850100, 0.4959468922087652600, 0.5597580239721199300, 0.6222954078261554400, 0.6839106352841736200, 0.7450924080566290200, 0.8067402253892913500, 0.8690866181212019100, 0.9332900029747985800, 1.000000000000000000 ),
 .UNSPECIFIED. ) ;
#6656 = CARTESIAN_POINT ( 'NONE',  ( -6.795800741741771800, -6.834066153125308900, 0.3449999999999999200 ) ) ;
#6657 = CARTESIAN_POINT ( 'NONE',  ( 8.805395962437584600, 7.214999999999997200, 0.0000000000000000000 ) ) ;
#6658 = DIRECTION ( 'NONE',  ( -1.000000000000000000, 0.0000000000000000000, 0.0000000000000000000 ) ) ;
#6659 = VECTOR ( 'NONE', #6658, 39.37007874015748100 ) ;
#6660 = CARTESIAN_POINT ( 'NONE',  ( -9.455000000000000100, 7.214999999999997200, 0.0000000000000000000 ) ) ;
#6661 = VECTOR ( 'NONE', #6648, 39.37007874015748100 ) ;
#6662 = LINE ( 'NONE', #6546, #6545 ) ;
#6663 = DIRECTION ( 'NONE',  ( 0.0000000000000000000, 0.0000000000000000000, 1.000000000000000000 ) ) ;
#6664 = VECTOR ( 'NONE', #6663, 39.37007874015748100 ) ;
#6665 = CARTESIAN_POINT ( 'NONE',  ( -8.793348296962934200, 7.202952334525344100, -0.3449999999999999200 ) ) ;
#6666 = CARTESIAN_POINT ( 'NONE',  ( 8.793348296962930600, 7.202952334525344100, -0.3449999999999999200 ) ) ;
#6667 = DIRECTION ( 'NONE',  ( -0.03487826274237469700, -0.03487826274237469000, -0.9987827659587182900 ) ) ;
#6668 = VECTOR ( 'NONE', #6667, 39.37007874015748100 ) ;
#6669 = CARTESIAN_POINT ( 'NONE',  ( 8.783182314702196800, 7.192786352264608500, -0.6361156428880485600 ) ) ;
#6670 = LINE ( 'NONE', #6669, #6668 ) ;
#6671 = CARTESIAN_POINT ( 'NONE',  ( -6.977894931774450500, -6.832510982622521200, 0.3449999999999998600 ) ) ;
#6672 = CARTESIAN_POINT ( 'NONE',  ( -6.983448169110902300, -6.830175528530854300, 0.3449999999999999200 ) ) ;
#6673 = CARTESIAN_POINT ( 'NONE',  ( -6.988712011519943700, -6.827437133059601300, 0.3449999999999999200 ) ) ;
#6674 = CARTESIAN_POINT ( 'NONE',  ( -6.993449064824655900, -6.824151856734585100, 0.3450000000000000300 ) ) ;
#6675 = CARTESIAN_POINT ( 'NONE',  ( -6.997674206005293700, -6.820510263393420500, 0.3449999999999999200 ) ) ;
#6676 = CARTESIAN_POINT ( 'NONE',  ( -7.001376886572844100, -6.816423960000592300, 0.3449999999999999200 ) ) ;
#6677 = CARTESIAN_POINT ( 'NONE',  ( -7.004480742719211500, -6.811737856333871300, 0.3449999999999999200 ) ) ;
#6678 = CARTESIAN_POINT ( 'NONE',  ( -7.007091008375163600, -6.806478859545557600, 0.3449999999999998600 ) ) ;
#6679 = CARTESIAN_POINT ( 'NONE',  ( -7.009225908591068900, -6.800577402672564300, 0.3450000000000000300 ) ) ;
#6680 = CARTESIAN_POINT ( 'NONE',  ( -7.010198538834219000, -6.796377013722612000, 0.3449999999999998600 ) ) ;
#6681 = CARTESIAN_POINT ( 'NONE',  ( -7.010704575330003700, -6.794191650764664000, 0.3449999999999999200 ) ) ;
#6682 = AXIS2_PLACEMENT_3D ( 'NONE', #6731, #6730, #6729 ) ;
#6683 = PLANE ( 'NONE',  #6682 ) ;
#6684 = FACE_BOUND ( 'NONE', #3347, .T. ) ;
#6685 = FACE_OUTER_BOUND ( 'NONE', #3422, .T. ) ;
#6686 = B_SPLINE_CURVE_WITH_KNOTS ( 'NONE', 3,
 ( #6681, #6680, #6679, #6678, #6677, #6676, #6675, #6674, #6673, #6672, #6671, #6735, #6734, #6733, #6732 ),
 .UNSPECIFIED., .F., .F.,
 ( 4, 1, 1, 1, 1, 1, 1, 1, 1, 1, 1, 1, 4 ),
 ( 0.0000000000000000000, 0.09468725186755222500, 0.1819941557072721200, 0.2643769486105150800, 0.3421798619477645600, 0.4186176108621496000, 0.4965090753719012000, 0.5773690916117202300, 0.6615105924541986300, 0.7467325508291896600, 0.8312579843277374500, 0.9152056162136454900, 1.000000000000000000 ),
 .UNSPECIFIED. ) ;
#6687 = CARTESIAN_POINT ( 'NONE',  ( -6.785072731045818100, -6.858828402901417000, 0.3450000000000000300 ) ) ;
#6688 = CARTESIAN_POINT ( 'NONE',  ( -6.783158562622803700, -6.858811060226702900, 0.3450000000000000300 ) ) ;
#6689 = CARTESIAN_POINT ( 'NONE',  ( -6.779369127275311200, -6.858776727331123100, 0.3449999999999998600 ) ) ;
#6690 = CARTESIAN_POINT ( 'NONE',  ( -6.773778726261852500, -6.858228270115811000, 0.3450000000000000300 ) ) ;
#6691 = CARTESIAN_POINT ( 'NONE',  ( -6.768347163581477600, -6.857475254600173800, 0.3449999999999999200 ) ) ;
#6692 = CARTESIAN_POINT ( 'NONE',  ( -6.763102925850682300, -6.856366575435218100, 0.3449999999999999200 ) ) ;
#6693 = CARTESIAN_POINT ( 'NONE',  ( -6.758037368520068500, -6.854951665889222700, 0.3450000000000000300 ) ) ;
#6694 = CARTESIAN_POINT ( 'NONE',  ( -6.753161965513924300, -6.853176571788421400, 0.3450000000000000300 ) ) ;
#6695 = CARTESIAN_POINT ( 'NONE',  ( -6.748406546534485400, -6.851191102081937600, 0.3449999999999999200 ) ) ;
#6696 = CARTESIAN_POINT ( 'NONE',  ( -6.743879360149967400, -6.848770908524317100, 0.3449999999999999200 ) ) ;
#6697 = CARTESIAN_POINT ( 'NONE',  ( -6.739515028807525200, -6.846140848125920700, 0.3450000000000000300 ) ) ;
#6698 = CARTESIAN_POINT ( 'NONE',  ( -6.735410803156806700, -6.843162903879885100, 0.3449999999999999200 ) ) ;
#6699 = CARTESIAN_POINT ( 'NONE',  ( -6.731503186278957600, -6.839957956876518500, 0.3450000000000000300 ) ) ;
#6700 = LINE ( 'NONE', #6538, #6537 ) ;
#6701 = DIRECTION ( 'NONE',  ( 0.0000000000000000000, 0.0000000000000000000, 1.000000000000000000 ) ) ;
#6702 = VECTOR ( 'NONE', #6724, 39.37007874015748900 ) ;
#6703 = CARTESIAN_POINT ( 'NONE',  ( -6.181168985052227800, -6.747183103756118100, 0.3449999999999999200 ) ) ;
#6704 = LINE ( 'NONE', #6703, #6702 ) ;
#6705 = CARTESIAN_POINT ( 'NONE',  ( -6.099913977039407500, -6.685071224749708400, 0.3449999999999999200 ) ) ;
#6706 = CARTESIAN_POINT ( 'NONE',  ( -6.099945246584064200, -6.683233345687861900, 0.3449999999999999200 ) ) ;
#6707 = CARTESIAN_POINT ( 'NONE',  ( -6.100006915697687000, -6.679608720707459000, 0.3450000000000000300 ) ) ;
#6708 = CARTESIAN_POINT ( 'NONE',  ( -6.100612648221133600, -6.674294609243630400, 0.3449999999999998600 ) ) ;
#6709 = CARTESIAN_POINT ( 'NONE',  ( -6.101622699608519400, -6.669194747553160800, 0.3450000000000000800 ) ) ;
#6710 = CARTESIAN_POINT ( 'NONE',  ( -6.103055185966879600, -6.664332369633583200, 0.3449999999999999200 ) ) ;
#6711 = CARTESIAN_POINT ( 'NONE',  ( -6.104834207913316200, -6.659663431566261100, 0.3449999999999999200 ) ) ;
#6712 = CARTESIAN_POINT ( 'NONE',  ( -6.107068679799910500, -6.655233212502188200, 0.3449999999999999200 ) ) ;
#6713 = CARTESIAN_POINT ( 'NONE',  ( -6.109660792249352200, -6.650996656994728100, 0.3450000000000000300 ) ) ;
#6714 = CARTESIAN_POINT ( 'NONE',  ( -6.112734182538874400, -6.647078790289490300, 0.3449999999999998600 ) ) ;
#6715 = CARTESIAN_POINT ( 'NONE',  ( -6.115993694038778900, -6.643344366143482600, 0.3449999999999998600 ) ) ;
#6716 = CARTESIAN_POINT ( 'NONE',  ( -6.119605718426755400, -6.639998061003751700, 0.3450000000000000300 ) ) ;
#6717 = CARTESIAN_POINT ( 'NONE',  ( -6.123424179252593200, -6.636955505368114800, 0.3449999999999998600 ) ) ;
#6718 = CARTESIAN_POINT ( 'NONE',  ( -6.127466403675778200, -6.634233347175272600, 0.3449999999999999200 ) ) ;
#6719 = CARTESIAN_POINT ( 'NONE',  ( -6.131774070744461000, -6.631878579773491800, 0.3449999999999999200 ) ) ;
#6720 = CARTESIAN_POINT ( 'NONE',  ( -6.136325603860351300, -6.629873723399259500, 0.3450000000000000300 ) ) ;
#6721 = CARTESIAN_POINT ( 'NONE',  ( -6.141102096279626100, -6.628141249535803000, 0.3449999999999999200 ) ) ;
#6722 = FACE_BOUND ( 'NONE', #3493, .T. ) ;
#6723 = CARTESIAN_POINT ( 'NONE',  ( -6.146096201932570200, -6.626907329183469000, 0.3449999999999999200 ) ) ;
#6724 = DIRECTION ( 'NONE',  ( 0.6227882322439378700, -0.7823904509760268900, 0.0000000000000000000 ) ) ;
#6725 = LINE ( 'NONE', #6660, #6659 ) ;
#6726 = CARTESIAN_POINT ( 'NONE',  ( -6.785072731045818100, -6.858828402901417000, 0.3450000000000000300 ) ) ;
#6727 = CARTESIAN_POINT ( 'NONE',  ( -6.725715259090689500, -6.777206140615092500, 0.3450000000000000800 ) ) ;
#6728 = CARTESIAN_POINT ( 'NONE',  ( -6.783879154656927900, -6.835324129397142700, 0.3449999999999999200 ) ) ;
#6729 = DIRECTION ( 'NONE',  ( 0.0000000000000000000, 0.0000000000000000000, 1.000000000000000000 ) ) ;
#6730 = DIRECTION ( 'NONE',  ( 0.0000000000000000000, 1.000000000000000000, 0.0000000000000000000 ) ) ;
#6731 = CARTESIAN_POINT ( 'NONE',  ( 9.217952334525348200, 6.977952334525344500, -0.02500000000000000500 ) ) ;
#6732 = CARTESIAN_POINT ( 'NONE',  ( -6.960161205938978100, -6.835324129397142700, 0.3449999999999999200 ) ) ;
#6733 = CARTESIAN_POINT ( 'NONE',  ( -6.962170829432491100, -6.835269124494888400, 0.3449999999999999200 ) ) ;
#6734 = CARTESIAN_POINT ( 'NONE',  ( -6.966170008433453900, -6.835159663966212700, 0.3450000000000000300 ) ) ;
#6735 = CARTESIAN_POINT ( 'NONE',  ( -6.972082793023821200, -6.834066153125308900, 0.3449999999999999200 ) ) ;
#6736 = PLANE ( 'NONE',  #6542 ) ;
#6737 = CARTESIAN_POINT ( 'NONE',  ( -6.144419577733133400, -6.627321581677643200, 0.3449999999999998600 ) ) ;
#6738 = CARTESIAN_POINT ( 'NONE',  ( -6.146096201932570200, -6.626907329183469000, 0.3449999999999999200 ) ) ;
#6739 = B_SPLINE_CURVE_WITH_KNOTS ( 'NONE', 3,
 ( #6738, #6737, #6721, #6720, #6719, #6718, #6717, #6716, #6715, #6714, #6713, #6712, #6711, #6710, #6709, #6708, #6707, #6706, #6705 ),
 .UNSPECIFIED., .F., .F.,
 ( 4, 1, 1, 1, 1, 1, 1, 1, 1, 1, 1, 1, 1, 1, 1, 1, 4 ),
 ( 0.0000000000000000000, 0.06421684263142604700, 0.1270637656931166100, 0.1887445383478215100, 0.2491321028350407000, 0.3094525327106215600, 0.3698266762476743500, 0.4306501418384625100, 0.4923519318794590300, 0.5540721062625142400, 0.6156897837449719600, 0.6767977025065377000, 0.7384390482469298500, 0.8013169100648904800, 0.8651845117115311000, 0.9316413244190729900, 1.000000000000000000 ),
 .UNSPECIFIED. ) ;
#6740 = CARTESIAN_POINT ( 'NONE',  ( -6.099913977039407500, -6.685071224749708400, 0.3449999999999999200 ) ) ;
#6741 = CARTESIAN_POINT ( 'NONE',  ( -6.181168985052229600, -6.747183103756119000, 0.3450000000000000800 ) ) ;
#6742 = VECTOR ( 'NONE', #6701, 39.37007874015748100 ) ;
#6743 = CARTESIAN_POINT ( 'NONE',  ( -8.537952334525345000, -6.527952334525348700, 0.3449999999999999200 ) ) ;
#6744 = LINE ( 'NONE', #6743, #6742 ) ;
#6745 = DIRECTION ( 'NONE',  ( 1.000000000000000000, 0.0000000000000000000, 0.0000000000000000000 ) ) ;
#6746 = CARTESIAN_POINT ( 'NONE',  ( -8.767952334525345400, -6.527952334525348700, -0.02500000000000000500 ) ) ;
#6747 = LINE ( 'NONE', #6746, #6618 ) ;
#6748 = CARTESIAN_POINT ( 'NONE',  ( -6.725878463577416300, -6.783242299923035300, 0.3449999999999998600 ) ) ;
#6749 = CARTESIAN_POINT ( 'NONE',  ( -8.767952334525345400, -6.297952334525348300, -0.02500000000000000500 ) ) ;
#6750 = DIRECTION ( 'NONE',  ( 0.0000000000000000000, 0.0000000000000000000, 1.000000000000000000 ) ) ;
#6751 = VECTOR ( 'NONE', #6750, 39.37007874015748100 ) ;
#6752 = CARTESIAN_POINT ( 'NONE',  ( 3.870000000000000100, -6.977952334525348000, -0.02500000000000000500 ) ) ;
#6753 = DIRECTION ( 'NONE',  ( 0.0000000000000000000, 0.0000000000000000000, -1.000000000000000000 ) ) ;
#6754 = DIRECTION ( 'NONE',  ( 0.0000000000000000000, 1.000000000000000000, 0.0000000000000000000 ) ) ;
#6755 = CARTESIAN_POINT ( 'NONE',  ( 5.965000000000000700, -6.977952334525348000, -0.1949999999999999800 ) ) ;
#6756 = AXIS2_PLACEMENT_3D ( 'NONE', #6755, #6754, #6753 ) ;
#6757 = CIRCLE ( 'NONE', #6756, 0.07199999999999939800 ) ;
#6758 = LINE ( 'NONE', #6752, #6751 ) ;
#6759 = DIRECTION ( 'NONE',  ( 8.369693446491436000E-017, -1.000000000000000000, 0.0000000000000000000 ) ) ;
#6760 = VECTOR ( 'NONE', #6759, 39.37007874015748100 ) ;
#6761 = CARTESIAN_POINT ( 'NONE',  ( -8.767952334525347200, 6.527952334525344300, -0.02500000000000000500 ) ) ;
#6762 = LINE ( 'NONE', #6761, #6760 ) ;
#6763 = PLANE ( 'NONE',  #6796 ) ;
#6764 = FACE_BOUND ( 'NONE', #3394, .T. ) ;
#6765 = FACE_OUTER_BOUND ( 'NONE', #3408, .T. ) ;
#6766 = FACE_BOUND ( 'NONE', #3439, .T. ) ;
#6767 = DIRECTION ( 'NONE',  ( 0.0000000000000000000, 0.0000000000000000000, 1.000000000000000000 ) ) ;
#6768 = VECTOR ( 'NONE', #6767, 39.37007874015748100 ) ;
#6769 = CARTESIAN_POINT ( 'NONE',  ( 8.767952334525352500, -6.297952334525348300, 0.3449999999999999200 ) ) ;
#6770 = LINE ( 'NONE', #6769, #6768 ) ;
#6771 = DIRECTION ( 'NONE',  ( 0.0000000000000000000, 0.0000000000000000000, 1.000000000000000000 ) ) ;
#6772 = VECTOR ( 'NONE', #6771, 39.37007874015748100 ) ;
#6773 = CARTESIAN_POINT ( 'NONE',  ( -8.767952334525347200, 6.297952334525343900, 0.3449999999999999200 ) ) ;
#6774 = LINE ( 'NONE', #6773, #6772 ) ;
#6775 = LINE ( 'NONE', #6881, #6783 ) ;
#6776 = CARTESIAN_POINT ( 'NONE',  ( -6.901997310372739700, -6.777206140615092500, 0.3450000000000000800 ) ) ;
#6777 = CARTESIAN_POINT ( 'NONE',  ( -6.902052401885113900, -6.779243714163878400, 0.3449999999999999200 ) ) ;
#6778 = CARTESIAN_POINT ( 'NONE',  ( -6.902160514859468200, -6.783242299923035300, 0.3449999999999998600 ) ) ;
#6779 = CARTESIAN_POINT ( 'NONE',  ( -6.902946429424962300, -6.789104709341313700, 0.3450000000000000300 ) ) ;
#6780 = CARTESIAN_POINT ( 'NONE',  ( -6.904284827005033000, -6.794703000572843300, 0.3449999999999999200 ) ) ;
#6781 = CARTESIAN_POINT ( 'NONE',  ( -6.906160935856508600, -6.800051001340475100, 0.3449999999999998600 ) ) ;
#6782 = CARTESIAN_POINT ( 'NONE',  ( -6.908631621556313700, -6.805123648253335500, 0.3450000000000000300 ) ) ;
#6783 = VECTOR ( 'NONE', #6798, 39.37007874015748100 ) ;
#6784 = CARTESIAN_POINT ( 'NONE',  ( -7.010704575330003700, -6.794191650764664000, 0.3449999999999999200 ) ) ;
#6785 = DIRECTION ( 'NONE',  ( 1.000000000000000000, 0.0000000000000000000, 0.0000000000000000000 ) ) ;
#6786 = VECTOR ( 'NONE', #6785, 39.37007874015748100 ) ;
#6787 = CARTESIAN_POINT ( 'NONE',  ( -6.725770350603063700, -6.779243714163878400, 0.3449999999999999200 ) ) ;
#6788 = CARTESIAN_POINT ( 'NONE',  ( -6.834422524047953500, -6.794191650764664000, 0.3449999999999999200 ) ) ;
#6789 = CARTESIAN_POINT ( 'NONE',  ( -6.243877652253083000, -6.852952334525348900, 0.3449999999999999200 ) ) ;
#6790 = DIRECTION ( 'NONE',  ( 0.0000000000000000000, 1.000000000000000000, 0.0000000000000000000 ) ) ;
#6791 = VECTOR ( 'NONE', #6790, 39.37007874015748100 ) ;
#6792 = CARTESIAN_POINT ( 'NONE',  ( -6.243877652253083000, -6.852952334525348900, 0.3449999999999999200 ) ) ;
#6793 = DIRECTION ( 'NONE',  ( 0.0000000000000000000, 0.03489949670250104600, 0.9993908270190957600 ) ) ;
#6794 = DIRECTION ( 'NONE',  ( 0.0000000000000000000, 0.9993908270190957600, -0.03489949670250104600 ) ) ;
#6795 = CARTESIAN_POINT ( 'NONE',  ( -9.455000000000000100, 7.214999999999997200, 0.0000000000000000000 ) ) ;
#6796 = AXIS2_PLACEMENT_3D ( 'NONE', #6795, #6794, #6793 ) ;
#6797 = LINE ( 'NONE', #6792, #6791 ) ;
#6798 = DIRECTION ( 'NONE',  ( 0.0000000000000000000, -1.000000000000000000, 0.0000000000000000000 ) ) ;
#6799 = CARTESIAN_POINT ( 'NONE',  ( -6.932849775806009700, -6.828937054490268100, 0.3450000000000000300 ) ) ;
#6800 = CARTESIAN_POINT ( 'NONE',  ( -6.937928209945765100, -6.831218553911003100, 0.3449999999999999200 ) ) ;
#6801 = CARTESIAN_POINT ( 'NONE',  ( -6.943165477352605000, -6.833095746796845800, 0.3449999999999999200 ) ) ;
#6802 = CARTESIAN_POINT ( 'NONE',  ( -6.948653225068221100, -6.834350111584846800, 0.3450000000000000300 ) ) ;
#6803 = CARTESIAN_POINT ( 'NONE',  ( -6.954337303958830300, -6.835164570709773500, 0.3449999999999998100 ) ) ;
#6804 = CARTESIAN_POINT ( 'NONE',  ( -6.958199641125941200, -6.835270387986690300, 0.3449999999999999200 ) ) ;
#6805 = CARTESIAN_POINT ( 'NONE',  ( -6.729878884574460200, -6.800051001340475100, 0.3449999999999998600 ) ) ;
#6806 = VECTOR ( 'NONE', #6847, 39.37007874015748100 ) ;
#6807 = CARTESIAN_POINT ( 'NONE',  ( -3.870000000000000100, -7.215000000000001600, 0.0000000000000000000 ) ) ;
#6808 = LINE ( 'NONE', #6807, #6806 ) ;
#6809 = DIRECTION ( 'NONE',  ( -0.03487826274237469000, 0.03487826274237469700, -0.9987827659587182900 ) ) ;
#6810 = VECTOR ( 'NONE', #6809, 39.37007874015748100 ) ;
#6811 = CARTESIAN_POINT ( 'NONE',  ( -9.455790238902134000, 6.566186201339720100, -0.02262948135553596900 ) ) ;
#6812 = LINE ( 'NONE', #6811, #6810 ) ;
#6813 = DIRECTION ( 'NONE',  ( 0.2009441437213354600, 0.9796027006414893500, 0.0000000000000000000 ) ) ;
#6814 = VECTOR ( 'NONE', #6813, 39.37007874015748100 ) ;
#6815 = CARTESIAN_POINT ( 'NONE',  ( -6.831484489859920300, -6.738369001192015000, 0.3449999999999999200 ) ) ;
#6816 = LINE ( 'NONE', #6815, #6814 ) ;
#6817 = CARTESIAN_POINT ( 'NONE',  ( -6.911563443268740900, -6.809976537015071300, 0.3450000000000000300 ) ) ;
#6818 = CARTESIAN_POINT ( 'NONE',  ( -6.915083189295363500, -6.814525652060748200, 0.3449999999999998600 ) ) ;
#6819 = CARTESIAN_POINT ( 'NONE',  ( -6.919066724663546000, -6.818779620160818000, 0.3449999999999998100 ) ) ;
#6820 = CARTESIAN_POINT ( 'NONE',  ( -6.923416185786953400, -6.822639875699375800, 0.3450000000000000300 ) ) ;
#6821 = CARTESIAN_POINT ( 'NONE',  ( -6.928058636075923500, -6.826009281668987700, 0.3449999999999999200 ) ) ;
#6822 = LINE ( 'NONE', #6839, #6838 ) ;
#6823 = B_SPLINE_CURVE_WITH_KNOTS ( 'NONE', 3,
 ( #6835, #6804, #6803, #6802, #6801, #6800, #6799, #6821, #6820, #6819, #6818, #6817, #6782, #6781, #6780, #6779, #6778, #6777, #6776 ),
 .UNSPECIFIED., .F., .F.,
 ( 4, 1, 1, 1, 1, 1, 1, 1, 1, 1, 1, 1, 1, 1, 1, 1, 4 ),
 ( 0.0000000000000000000, 0.06420729528298192700, 0.1264246897797430500, 0.1876802842649178400, 0.2482164244552112800, 0.3083050600086085200, 0.3696609913251378000, 0.4316985517867850100, 0.4959468922087652600, 0.5597580239721199300, 0.6222954078261554400, 0.6839106352841736200, 0.7450924080566290200, 0.8067402253892913500, 0.8690866181212019100, 0.9332900029747985800, 1.000000000000000000 ),
 .UNSPECIFIED. ) ;
#6824 = CARTESIAN_POINT ( 'NONE',  ( -6.728002775722979200, -6.794703000572843300, 0.3449999999999999200 ) ) ;
#6825 = B_SPLINE_CURVE_WITH_KNOTS ( 'NONE', 3,
 ( #6886, #6885, #6884, #6883, #6882, #6858, #6857, #6856, #6855, #6854, #6853 ),
 .UNSPECIFIED., .F., .F.,
 ( 4, 1, 1, 1, 1, 1, 1, 1, 4 ),
 ( 0.0000000000000000000, 0.1762577548178058700, 0.3384344138804693000, 0.4848220507878365200, 0.6171575782663206700, 0.7346983606124653000, 0.8373851838323577200, 0.9263724209295752800, 1.000000000000000000 ),
 .UNSPECIFIED. ) ;
#6826 = DIRECTION ( 'NONE',  ( 1.000000000000000000, 0.0000000000000000000, 0.0000000000000000000 ) ) ;
#6827 = VECTOR ( 'NONE', #6826, 39.37007874015748100 ) ;
#6828 = CARTESIAN_POINT ( 'NONE',  ( -6.854988763364192800, -6.794191650764664000, 0.3449999999999999200 ) ) ;
#6829 = LINE ( 'NONE', #6828, #6827 ) ;
#6830 = CARTESIAN_POINT ( 'NONE',  ( -8.567952334525347900, -6.977952334525348000, -0.3449999999999999200 ) ) ;
#6831 = DIRECTION ( 'NONE',  ( -1.000000000000000000, 0.0000000000000000000, 0.0000000000000000000 ) ) ;
#6832 = VECTOR ( 'NONE', #6831, 39.37007874015748100 ) ;
#6833 = CARTESIAN_POINT ( 'NONE',  ( 9.217952334525344700, -6.977952334525348000, -0.3449999999999999200 ) ) ;
#6834 = LINE ( 'NONE', #6833, #6832 ) ;
#6835 = CARTESIAN_POINT ( 'NONE',  ( -6.960161205938978100, -6.835324129397142700, 0.3449999999999999200 ) ) ;
#6836 = CARTESIAN_POINT ( 'NONE',  ( -3.870000000000000100, -6.977952334525348000, -0.3449999999999999200 ) ) ;
#6837 = DIRECTION ( 'NONE',  ( 0.0000000000000000000, 0.0000000000000000000, -1.000000000000000000 ) ) ;
#6838 = VECTOR ( 'NONE', #6837, 39.37007874015748100 ) ;
#6839 = CARTESIAN_POINT ( 'NONE',  ( -3.870000000000001000, -6.977952334525348000, -0.02500000000000000500 ) ) ;
#6840 = CARTESIAN_POINT ( 'NONE',  ( -6.725715259090689500, -6.777206140615092500, 0.3450000000000000800 ) ) ;
#6841 = CARTESIAN_POINT ( 'NONE',  ( -8.567952334525344300, 6.977952334525344500, -0.3449999999999999200 ) ) ;
#6842 = DIRECTION ( 'NONE',  ( -1.000000000000000000, 0.0000000000000000000, 0.0000000000000000000 ) ) ;
#6843 = VECTOR ( 'NONE', #6842, 39.37007874015748100 ) ;
#6844 = CARTESIAN_POINT ( 'NONE',  ( -9.454999999999998300, -7.209936488423697800, -0.1449999999999999300 ) ) ;
#6845 = LINE ( 'NONE', #6844, #6843 ) ;
#6846 = CARTESIAN_POINT ( 'NONE',  ( -3.870000000000000100, -7.209936488423697800, -0.1449999999999999300 ) ) ;
#6847 = DIRECTION ( 'NONE',  ( 0.0000000000000000000, 0.03489949670250104600, -0.9993908270190957600 ) ) ;
#6848 =( BOUNDED_CURVE ( )  B_SPLINE_CURVE ( 3, ( #6880, #6879, #6860, #6859 ),
 .UNSPECIFIED., .F., .T. ) 
 B_SPLINE_CURVE_WITH_KNOTS ( ( 4, 4 ),
 ( 0.0000000000000000000, 3.141592653589793100 ),
 .UNSPECIFIED. ) 
 CURVE ( )  GEOMETRIC_REPRESENTATION_ITEM ( )  RATIONAL_B_SPLINE_CURVE ( ( 1.000000000000000000, 0.3333333333333333100, 0.3333333333333333100, 1.000000000000000000 ) ) 
 REPRESENTATION_ITEM ( '' )  );
#6849 = CARTESIAN_POINT ( 'NONE',  ( -9.447841242254190400, -6.558237204691777400, 0.2049999999999999300 ) ) ;
#6850 = CARTESIAN_POINT ( 'NONE',  ( -9.447841242254192200, 6.558237204691777400, 0.2049999999999999300 ) ) ;
#6851 = DIRECTION ( 'NONE',  ( 7.572690211127550500E-017, -1.000000000000000000, 0.0000000000000000000 ) ) ;
#6852 = VECTOR ( 'NONE', #6851, 39.37007874015748100 ) ;
#6853 = CARTESIAN_POINT ( 'NONE',  ( -6.146096201932570200, -6.626907329183469000, 0.3449999999999999200 ) ) ;
#6854 = CARTESIAN_POINT ( 'NONE',  ( -6.147348615828973600, -6.626649249576593600, 0.3449999999999998600 ) ) ;
#6855 = CARTESIAN_POINT ( 'NONE',  ( -6.150114713235688600, -6.626079251644323000, 0.3450000000000000300 ) ) ;
#6856 = CARTESIAN_POINT ( 'NONE',  ( -6.154684145810176000, -6.625465500045701000, 0.3450000000000000300 ) ) ;
#6857 = CARTESIAN_POINT ( 'NONE',  ( -6.160032718418674100, -6.624996648150953700, 0.3450000000000000800 ) ) ;
#6858 = CARTESIAN_POINT ( 'NONE',  ( -6.166135797018308800, -6.624506104373837800, 0.3449999999999998100 ) ) ;
#6859 = CARTESIAN_POINT ( 'NONE',  ( -5.399000000000000000, 7.210704745352512800, -0.1230000000000005700 ) ) ;
#6860 = CARTESIAN_POINT ( 'NONE',  ( -5.255000000000000800, 7.210704745352512800, -0.1230000000000005700 ) ) ;
#6861 = B_SPLINE_CURVE_WITH_KNOTS ( 'NONE', 3,
 ( #6875, #6874, #6873, #6872, #6871, #6870, #6869, #6868, #6867, #6866, #6865, #6656, #6651, #6654, #6615 ),
 .UNSPECIFIED., .F., .F.,
 ( 4, 1, 1, 1, 1, 1, 1, 1, 1, 1, 1, 1, 4 ),
 ( 0.0000000000000000000, 0.09468725186755222500, 0.1819941557072721200, 0.2643769486105150800, 0.3421798619477645600, 0.4186176108621496000, 0.4965090753719012000, 0.5773690916117202300, 0.6615105924541986300, 0.7467325508291896600, 0.8312579843277374500, 0.9152056162136454900, 1.000000000000000000 ),
 .UNSPECIFIED. ) ;
#6862 = CARTESIAN_POINT ( 'NONE',  ( -6.854988763364192800, -6.794191650764664000, 0.3449999999999999200 ) ) ;
#6863 = CARTESIAN_POINT ( 'NONE',  ( -6.735281391986691600, -6.809976537015071300, 0.3450000000000000300 ) ) ;
#6864 = CARTESIAN_POINT ( 'NONE',  ( -6.726664378142915600, -6.789104709341313700, 0.3450000000000000300 ) ) ;
#6865 = CARTESIAN_POINT ( 'NONE',  ( -6.801612880492399400, -6.832510982622521200, 0.3449999999999998600 ) ) ;
#6866 = CARTESIAN_POINT ( 'NONE',  ( -6.807166117828851200, -6.830175528530854300, 0.3449999999999999200 ) ) ;
#6867 = CARTESIAN_POINT ( 'NONE',  ( -6.812429960237893500, -6.827437133059601300, 0.3449999999999999200 ) ) ;
#6868 = CARTESIAN_POINT ( 'NONE',  ( -6.817167013542605700, -6.824151856734585100, 0.3450000000000000300 ) ) ;
#6869 = CARTESIAN_POINT ( 'NONE',  ( -6.821392154723242600, -6.820510263393420500, 0.3449999999999999200 ) ) ;
#6870 = CARTESIAN_POINT ( 'NONE',  ( -6.825094835290792100, -6.816423960000592300, 0.3449999999999999200 ) ) ;
#6871 = CARTESIAN_POINT ( 'NONE',  ( -6.828198691437162200, -6.811737856333871300, 0.3449999999999999200 ) ) ;
#6872 = CARTESIAN_POINT ( 'NONE',  ( -6.830808957093111600, -6.806478859545557600, 0.3449999999999998600 ) ) ;
#6873 = CARTESIAN_POINT ( 'NONE',  ( -6.832943857309019500, -6.800577402672564300, 0.3450000000000000300 ) ) ;
#6874 = CARTESIAN_POINT ( 'NONE',  ( -6.833916487552168700, -6.796377013722612000, 0.3449999999999998600 ) ) ;
#6875 = CARTESIAN_POINT ( 'NONE',  ( -6.834422524047953500, -6.794191650764664000, 0.3449999999999999200 ) ) ;
#6876 = CIRCLE ( 'NONE', #7413, 0.09554162597656012900 ) ;
#6877 = DIRECTION ( 'NONE',  ( 0.0000000000000000000, 0.0000000000000000000, -1.000000000000000000 ) ) ;
#6878 = PLANE ( 'NONE',  #6610 ) ;
#6879 = CARTESIAN_POINT ( 'NONE',  ( -5.255000000000000800, 7.205676154545699300, -0.2669999999999993500 ) ) ;
#6880 = CARTESIAN_POINT ( 'NONE',  ( -5.399000000000000000, 7.205676154545700200, -0.2669999999999993500 ) ) ;
#6881 = CARTESIAN_POINT ( 'NONE',  ( -6.223311412936843600, -6.747183103756118100, 0.3449999999999999200 ) ) ;
#6882 = CARTESIAN_POINT ( 'NONE',  ( -6.173012096021216700, -6.624237089979502900, 0.3449999999999998600 ) ) ;
#6883 = CARTESIAN_POINT ( 'NONE',  ( -6.180661489277184700, -6.623924483355752500, 0.3450000000000000300 ) ) ;
#6884 = CARTESIAN_POINT ( 'NONE',  ( -6.189079977217398100, -6.623815415546289400, 0.3449999999999999200 ) ) ;
#6885 = CARTESIAN_POINT ( 'NONE',  ( -6.194956343815608300, -6.623795855036470400, 0.3449999999999998600 ) ) ;
#6886 = CARTESIAN_POINT ( 'NONE',  ( -6.198016774849237200, -6.623785667858682800, 0.3449999999999999200 ) ) ;
#6887 = CARTESIAN_POINT ( 'NONE',  ( -9.447841242254192200, 7.214999999999997200, 0.2049999999999999300 ) ) ;
#6888 = LINE ( 'NONE', #6887, #6852 ) ;
#6889 = CARTESIAN_POINT ( 'NONE',  ( -6.732349570274261700, -6.805123648253335500, 0.3450000000000000300 ) ) ;
#6890 = CARTESIAN_POINT ( 'NONE',  ( -7.031270814646243900, -6.794191650764664000, 0.3449999999999999200 ) ) ;
#6891 = LINE ( 'NONE', #6890, #6786 ) ;
#6892 = CARTESIAN_POINT ( 'NONE',  ( -6.960161205938978100, -6.835324129397142700, 0.3449999999999999200 ) ) ;
#6893 = DIRECTION ( 'NONE',  ( 0.03487826274237469700, 0.03487826274237469000, -0.9987827659587182900 ) ) ;
#6894 = VECTOR ( 'NONE', #6893, 39.37007874015748100 ) ;
#6895 = CARTESIAN_POINT ( 'NONE',  ( -8.806186201339720300, -7.215790238902136400, 0.02262948135553597900 ) ) ;
#6896 = LINE ( 'NONE', #6895, #6894 ) ;
#6897 = CARTESIAN_POINT ( 'NONE',  ( -6.740734835123693500, -6.740600405254993700, 0.3449999999999999200 ) ) ;
#6898 = CARTESIAN_POINT ( 'NONE',  ( -6.737193104323243800, -6.744207655788949700, 0.3450000000000000300 ) ) ;
#6899 = CARTESIAN_POINT ( 'NONE',  ( -6.734092584219800900, -6.748118799630963100, 0.3449999999999998600 ) ) ;
#6900 = CARTESIAN_POINT ( 'NONE',  ( -6.731509789960832700, -6.752335666667882200, 0.3450000000000000300 ) ) ;
#6901 = CARTESIAN_POINT ( 'NONE',  ( -6.729396250763986000, -6.756802677774003600, 0.3449999999999999200 ) ) ;
#6902 = CARTESIAN_POINT ( 'NONE',  ( -6.727731591957939000, -6.761524443093595200, 0.3450000000000000800 ) ) ;
#6903 = CARTESIAN_POINT ( 'NONE',  ( -6.726532266387154700, -6.766505416101435500, 0.3449999999999998100 ) ) ;
#6904 = CARTESIAN_POINT ( 'NONE',  ( -6.725842764760179700, -6.771769649856521400, 0.3450000000000000300 ) ) ;
#6905 = CARTESIAN_POINT ( 'NONE',  ( -6.725758373817332500, -6.775367847354180700, 0.3449999999999999200 ) ) ;
#6906 = CARTESIAN_POINT ( 'NONE',  ( -6.785072731045818100, -6.858828402901417000, 0.3450000000000000300 ) ) ;
#6907 = B_SPLINE_CURVE_WITH_KNOTS ( 'NONE', 3,
 ( #6906, #6934, #6933, #6932, #6931, #6930, #6929, #6928, #6927, #6926, #6925, #6924, #6923, #6922, #6921, #6920, #6919, #6984, #6983 ),
 .UNSPECIFIED., .F., .F.,
 ( 4, 1, 1, 1, 1, 1, 1, 1, 1, 1, 1, 1, 1, 1, 1, 1, 4 ),
 ( 0.0000000000000000000, 0.06542114375889075700, 0.1287083718818783400, 0.1902361418635397100, 0.2507244020335367400, 0.3106371794134388800, 0.3707664082897265700, 0.4316147444123565300, 0.4935229735663481100, 0.5558834553775275900, 0.6173423673185138800, 0.6786680390972736900, 0.7407113595451454400, 0.8029853625127403300, 0.8668025802655174900, 0.9323471713458896200, 1.000000000000000000 ),
 .UNSPECIFIED. ) ;
#6908 = CARTESIAN_POINT ( 'NONE',  ( 8.567952334525346100, -6.977952334525348000, -0.3449999999999999200 ) ) ;
#6909 = DIRECTION ( 'NONE',  ( 0.0000000000000000000, -1.000000000000000000, 0.0000000000000000000 ) ) ;
#6910 = AXIS2_PLACEMENT_3D ( 'NONE', #7069, #6909, #6989 ) ;
#6911 = CIRCLE ( 'NONE', #6910, 0.07199999999999939800 ) ;
#6912 = LINE ( 'NONE', #6988, #7057 ) ;
#6913 = CARTESIAN_POINT ( 'NONE',  ( -6.901997310372739700, -6.777206140615092500, 0.3450000000000000800 ) ) ;
#6914 = DIRECTION ( 'NONE',  ( 1.000000000000000000, 0.0000000000000000000, 0.0000000000000000000 ) ) ;
#6915 = CARTESIAN_POINT ( 'NONE',  ( 5.399000000000000000, 7.210704745352512800, -0.1230000000000005700 ) ) ;
#6916 = CARTESIAN_POINT ( 'NONE',  ( 5.542999999999998400, 7.210704745352512800, -0.1230000000000005700 ) ) ;
#6917 = CARTESIAN_POINT ( 'NONE',  ( -6.786430932761666300, -6.726733370455412400, 0.3449999999999999200 ) ) ;
#6918 = CARTESIAN_POINT ( 'NONE',  ( -6.804144144058594400, -6.729526063467078600, 0.3449999999999998100 ) ) ;
#6919 = CARTESIAN_POINT ( 'NONE',  ( -6.853916191119857600, -6.801118079532914300, 0.3449999999999999200 ) ) ;
#6920 = CARTESIAN_POINT ( 'NONE',  ( -6.852234870260484300, -6.807790103600375200, 0.3449999999999998600 ) ) ;
#6921 = CARTESIAN_POINT ( 'NONE',  ( -6.850151746028086700, -6.814149347706399200, 0.3450000000000000800 ) ) ;
#6922 = CARTESIAN_POINT ( 'NONE',  ( -6.847500089870459700, -6.820162584851120300, 0.3449999999999998100 ) ) ;
#6923 = CARTESIAN_POINT ( 'NONE',  ( -6.844391427865243600, -6.825852344939416800, 0.3450000000000000800 ) ) ;
#6924 = CARTESIAN_POINT ( 'NONE',  ( -6.840781491293196100, -6.831203677456953100, 0.3449999999999999200 ) ) ;
#6925 = CARTESIAN_POINT ( 'NONE',  ( -6.836728088926685500, -6.836242570628522600, 0.3449999999999998600 ) ) ;
#6926 = CARTESIAN_POINT ( 'NONE',  ( -6.832200010068556900, -6.840885859333033300, 0.3450000000000000300 ) ) ;
#6927 = CARTESIAN_POINT ( 'NONE',  ( -6.827321245757575600, -6.845133977681914700, 0.3449999999999998600 ) ) ;
#6928 = CARTESIAN_POINT ( 'NONE',  ( -6.822043486611584700, -6.848733799951069100, 0.3449999999999999200 ) ) ;
#6929 = CARTESIAN_POINT ( 'NONE',  ( -6.816581284851601200, -6.851910454037079200, 0.3449999999999999200 ) ) ;
#6930 = CARTESIAN_POINT ( 'NONE',  ( -6.810795071156617200, -6.854423907856081600, 0.3450000000000000800 ) ) ;
#6931 = CARTESIAN_POINT ( 'NONE',  ( -6.804762743104642900, -6.856429854096154100, 0.3449999999999999200 ) ) ;
#6932 = CARTESIAN_POINT ( 'NONE',  ( -6.798430239160425400, -6.857763205764710400, 0.3449999999999999200 ) ) ;
#6933 = CARTESIAN_POINT ( 'NONE',  ( -6.791848535364073800, -6.858694178013490000, 0.3449999999999999200 ) ) ;
#6934 = CARTESIAN_POINT ( 'NONE',  ( -6.787356159544177800, -6.858783169461978500, 0.3450000000000000300 ) ) ;
#6935 = CARTESIAN_POINT ( 'NONE',  ( -6.974712290442475600, -6.857763205764710400, 0.3449999999999999200 ) ) ;
#6936 = CARTESIAN_POINT ( 'NONE',  ( -6.968130586646124900, -6.858694178013490000, 0.3449999999999999200 ) ) ;
#6937 = CARTESIAN_POINT ( 'NONE',  ( -6.963638210826228900, -6.858783169461978500, 0.3450000000000000300 ) ) ;
#6938 = CARTESIAN_POINT ( 'NONE',  ( 5.542999999999998400, 7.205676154545699300, -0.2669999999999993500 ) ) ;
#6939 = CARTESIAN_POINT ( 'NONE',  ( 5.399000000000000000, 7.205676154545700200, -0.2669999999999993500 ) ) ;
#6940 = CARTESIAN_POINT ( 'NONE',  ( -6.782763326163024700, -6.726654879337099000, 0.3449999999999998600 ) ) ;
#6941 = CARTESIAN_POINT ( 'NONE',  ( -5.821000000000001500, -7.210704745352515500, -0.1230000000000005300 ) ) ;
#6942 = CARTESIAN_POINT ( 'NONE',  ( -5.964999999999999000, -7.210704745352517300, -0.1230000000000005700 ) ) ;
#6943 = CARTESIAN_POINT ( 'NONE',  ( -6.810601439232010900, -6.731204288731042600, 0.3450000000000000300 ) ) ;
#6944 =( BOUNDED_CURVE ( )  B_SPLINE_CURVE ( 3, ( #6939, #6938, #6916, #6915 ),
 .UNSPECIFIED., .F., .T. ) 
 B_SPLINE_CURVE_WITH_KNOTS ( ( 4, 4 ),
 ( 0.0000000000000000000, 3.141592653589793100 ),
 .UNSPECIFIED. ) 
 CURVE ( )  GEOMETRIC_REPRESENTATION_ITEM ( )  RATIONAL_B_SPLINE_CURVE ( ( 1.000000000000000000, 0.3333333333333333100, 0.3333333333333333100, 1.000000000000000000 ) ) 
 REPRESENTATION_ITEM ( '' )  );
#6945 = DIRECTION ( 'NONE',  ( 0.0000000000000000000, 0.0000000000000000000, -1.000000000000000000 ) ) ;
#6946 = VECTOR ( 'NONE', #6945, 39.37007874015748100 ) ;
#6947 = CARTESIAN_POINT ( 'NONE',  ( 8.567952334525346100, -6.977952334525348000, -0.3449999999999999200 ) ) ;
#6948 = LINE ( 'NONE', #6947, #6946 ) ;
#6949 = CARTESIAN_POINT ( 'NONE',  ( 9.217952334525344700, -6.977952334525348000, -0.02500000000000000500 ) ) ;
#6950 = DIRECTION ( 'NONE',  ( 0.03489949670250104600, 0.0000000000000000000, 0.9993908270190957600 ) ) ;
#6951 = DIRECTION ( 'NONE',  ( -0.9993908270190957600, -7.568077132858173900E-017, 0.03489949670250104600 ) ) ;
#6952 = CARTESIAN_POINT ( 'NONE',  ( -9.455000000000000100, 7.214999999999997200, 0.0000000000000000000 ) ) ;
#6953 = AXIS2_PLACEMENT_3D ( 'NONE', #6952, #6951, #6950 ) ;
#6954 = PLANE ( 'NONE',  #6953 ) ;
#6955 = CARTESIAN_POINT ( 'NONE',  ( -8.999999999999998200, -3.989999999999999800, 0.3449999999999999200 ) ) ;
#6956 = AXIS2_PLACEMENT_3D ( 'NONE', #6955, #7011, #6914 ) ;
#6957 = CARTESIAN_POINT ( 'NONE',  ( -6.705149019774450100, -6.778078369514664900, 0.3450000000000000300 ) ) ;
#6958 = CARTESIAN_POINT ( 'NONE',  ( -6.780987027253082100, -6.726616864439877800, 0.3449999999999998100 ) ) ;
#6959 = CARTESIAN_POINT ( 'NONE',  ( -6.778934969679474100, -6.726662700782577000, 0.3449999999999999200 ) ) ;
#6960 = CARTESIAN_POINT ( 'NONE',  ( -6.774942841289751000, -6.726751872045274400, 0.3449999999999999200 ) ) ;
#6961 = CARTESIAN_POINT ( 'NONE',  ( -6.769103890174176500, -6.727394544601589000, 0.3449999999999999200 ) ) ;
#6962 = CARTESIAN_POINT ( 'NONE',  ( -6.763596253530286300, -6.728505537100773800, 0.3449999999999999200 ) ) ;
#6963 = CARTESIAN_POINT ( 'NONE',  ( -6.758360456598969000, -6.729985347811445500, 0.3450000000000000300 ) ) ;
#6964 = CARTESIAN_POINT ( 'NONE',  ( -6.753500185205172800, -6.732045752464838300, 0.3449999999999999200 ) ) ;
#6965 = CARTESIAN_POINT ( 'NONE',  ( -6.748899832855491000, -6.734433270882519200, 0.3449999999999998600 ) ) ;
#6966 = CARTESIAN_POINT ( 'NONE',  ( -6.744614825899729400, -6.737271276543067300, 0.3450000000000000800 ) ) ;
#6967 = CARTESIAN_POINT ( 'NONE',  ( 8.767952334525348900, 6.297952334525343900, -0.02500000000000000500 ) ) ;
#6968 = CARTESIAN_POINT ( 'NONE',  ( 8.767952334525352500, -6.297952334525348300, -0.02500000000000000500 ) ) ;
#6969 = DIRECTION ( 'NONE',  ( -2.510908033947430600E-016, 1.000000000000000000, 0.0000000000000000000 ) ) ;
#6970 = CARTESIAN_POINT ( 'NONE',  ( -6.824335113878390800, -6.735619773806820200, 0.3449999999999999200 ) ) ;
#6971 = CARTESIAN_POINT ( 'NONE',  ( -6.817327048803435700, -6.733215357224377600, 0.3449999999999999200 ) ) ;
#6972 = CARTESIAN_POINT ( 'NONE',  ( 9.217952334525344700, -6.977952334525348000, -0.02500000000000000500 ) ) ;
#6973 = B_SPLINE_CURVE_WITH_KNOTS ( 'NONE', 3,
 ( #6976, #6937, #6936, #6935, #7034, #7033, #7032, #7031, #7030, #7029, #7028, #7027, #7026, #7025, #7024, #7023, #7022, #7021, #6614 ),
 .UNSPECIFIED., .F., .F.,
 ( 4, 1, 1, 1, 1, 1, 1, 1, 1, 1, 1, 1, 1, 1, 1, 1, 4 ),
 ( 0.0000000000000000000, 0.06542114375889075700, 0.1287083718818783400, 0.1902361418635397100, 0.2507244020335367400, 0.3106371794134388800, 0.3707664082897265700, 0.4316147444123565300, 0.4935229735663481100, 0.5558834553775275900, 0.6173423673185138800, 0.6786680390972736900, 0.7407113595451454400, 0.8029853625127403300, 0.8668025802655174900, 0.9323471713458896200, 1.000000000000000000 ),
 .UNSPECIFIED. ) ;
#6974 = DIRECTION ( 'NONE',  ( 0.0000000000000000000, 0.0000000000000000000, -1.000000000000000000 ) ) ;
#6975 = DIRECTION ( 'NONE',  ( 0.0000000000000000000, -1.000000000000000000, 0.0000000000000000000 ) ) ;
#6976 = CARTESIAN_POINT ( 'NONE',  ( -6.961354782327869200, -6.858828402901417000, 0.3450000000000000300 ) ) ;
#6977 = DIRECTION ( 'NONE',  ( 0.0000000000000000000, 1.000000000000000000, 0.0000000000000000000 ) ) ;
#6978 = CARTESIAN_POINT ( 'NONE',  ( -5.964999999999999000, -6.977952334525348000, -0.1949999999999999800 ) ) ;
#6979 = AXIS2_PLACEMENT_3D ( 'NONE', #6978, #6977, #6877 ) ;
#6980 = CIRCLE ( 'NONE', #6979, 0.07199999999999939800 ) ;
#6981 = CARTESIAN_POINT ( 'NONE',  ( -9.455000000000000100, 7.214999999999997200, 0.0000000000000000000 ) ) ;
#6982 = LINE ( 'NONE', #6981, #7200 ) ;
#6983 = CARTESIAN_POINT ( 'NONE',  ( -6.854988763364192800, -6.794191650764664000, 0.3449999999999999200 ) ) ;
#6984 = CARTESIAN_POINT ( 'NONE',  ( -6.854627486508189100, -6.796524694922700500, 0.3449999999999998600 ) ) ;
#6985 = B_SPLINE_CURVE_WITH_KNOTS ( 'NONE', 3,
 ( #7068, #6940, #6917, #6990, #7059, #6918, #6943, #6971, #6970, #7058, #6987 ),
 .UNSPECIFIED., .F., .F.,
 ( 4, 1, 1, 1, 1, 1, 1, 1, 4 ),
 ( 0.0000000000000000000, 0.1022030370352292100, 0.2110233423738686100, 0.3250996615652147500, 0.4465020971348817000, 0.5737877176488638300, 0.7089007097660612300, 0.8503578712933931300, 1.000000000000000000 ),
 .UNSPECIFIED. ) ;
#6986 = CIRCLE ( 'NONE', #6956, 0.1020000000000001700 ) ;
#6987 = CARTESIAN_POINT ( 'NONE',  ( -6.831484489859920300, -6.738369001192015000, 0.3449999999999999200 ) ) ;
#6988 = CARTESIAN_POINT ( 'NONE',  ( 9.217952334525348200, 6.977952334525344500, -0.3449999999999999200 ) ) ;
#6989 = DIRECTION ( 'NONE',  ( 0.0000000000000000000, 0.0000000000000000000, 1.000000000000000000 ) ) ;
#6990 = CARTESIAN_POINT ( 'NONE',  ( -6.792056832130847400, -6.727311295842852700, 0.3450000000000000300 ) ) ;
#6991 = CARTESIAN_POINT ( 'NONE',  ( -8.567952334525347900, -6.977952334525348000, -0.02500000000000000500 ) ) ;
#6992 = DIRECTION ( 'NONE',  ( 0.0000000000000000000, 0.0000000000000000000, 1.000000000000000000 ) ) ;
#6993 = DIRECTION ( 'NONE',  ( 0.0000000000000000000, 1.000000000000000000, 0.0000000000000000000 ) ) ;
#6994 = CARTESIAN_POINT ( 'NONE',  ( -8.767952334525347200, 6.527952334525344300, -0.3449999999999999200 ) ) ;
#6995 = AXIS2_PLACEMENT_3D ( 'NONE', #6994, #6993, #6992 ) ;
#6996 = PLANE ( 'NONE',  #6995 ) ;
#6997 = VECTOR ( 'NONE', #7071, 39.37007874015748100 ) ;
#6998 = CARTESIAN_POINT ( 'NONE',  ( -8.537952334525346700, 6.527952334525344300, -0.02500000000000000500 ) ) ;
#6999 = LINE ( 'NONE', #6998, #6997 ) ;
#7000 = CARTESIAN_POINT ( 'NONE',  ( -6.198016774849237200, -6.623785667858682800, 0.3449999999999999200 ) ) ;
#7001 = CARTESIAN_POINT ( 'NONE',  ( -6.243877652253083000, -6.623785667858682800, 0.3449999999999999200 ) ) ;
#7002 = CARTESIAN_POINT ( 'NONE',  ( -6.223311412936843600, -6.852952334525348900, 0.3449999999999999200 ) ) ;
#7003 = DIRECTION ( 'NONE',  ( -1.000000000000000000, 0.0000000000000000000, 0.0000000000000000000 ) ) ;
#7004 = VECTOR ( 'NONE', #7003, 39.37007874015748100 ) ;
#7005 = CARTESIAN_POINT ( 'NONE',  ( -6.223311412936843600, -6.852952334525348900, 0.3449999999999999200 ) ) ;
#7006 = LINE ( 'NONE', #7005, #7004 ) ;
#7007 = CARTESIAN_POINT ( 'NONE',  ( -6.957269078535132300, -6.726616864439877800, 0.3449999999999998100 ) ) ;
#7008 = VECTOR ( 'NONE', #6969, 39.37007874015748100 ) ;
#7009 = CARTESIAN_POINT ( 'NONE',  ( 8.767952334525348900, 6.527952334525344300, -0.02500000000000000500 ) ) ;
#7010 = LINE ( 'NONE', #7009, #7008 ) ;
#7011 = DIRECTION ( 'NONE',  ( 0.0000000000000000000, 0.0000000000000000000, 1.000000000000000000 ) ) ;
#7012 = CARTESIAN_POINT ( 'NONE',  ( -5.964999999999999000, -7.205676154545704600, -0.2669999999999993500 ) ) ;
#7013 = CARTESIAN_POINT ( 'NONE',  ( -5.821000000000001500, -7.205676154545703800, -0.2669999999999993500 ) ) ;
#7014 = LINE ( 'NONE', #6949, #7046 ) ;
#7015 = FACE_OUTER_BOUND ( 'NONE', #3443, .T. ) ;
#7016 = DIRECTION ( 'NONE',  ( 0.0000000000000000000, 0.0000000000000000000, -1.000000000000000000 ) ) ;
#7017 = VECTOR ( 'NONE', #7016, 39.37007874015748100 ) ;
#7018 = CARTESIAN_POINT ( 'NONE',  ( 8.537952334525352100, -6.527952334525348700, -0.02500000000000000500 ) ) ;
#7019 = LINE ( 'NONE', #7018, #7017 ) ;
#7020 =( BOUNDED_CURVE ( )  B_SPLINE_CURVE ( 3, ( #6942, #6941, #7013, #7012 ),
 .UNSPECIFIED., .F., .T. ) 
 B_SPLINE_CURVE_WITH_KNOTS ( ( 4, 4 ),
 ( 3.141592653589793100, 6.283185307179586200 ),
 .UNSPECIFIED. ) 
 CURVE ( )  GEOMETRIC_REPRESENTATION_ITEM ( )  RATIONAL_B_SPLINE_CURVE ( ( 1.000000000000000000, 0.3333333333333333100, 0.3333333333333333100, 1.000000000000000000 ) ) 
 REPRESENTATION_ITEM ( '' )  );
#7021 = CARTESIAN_POINT ( 'NONE',  ( -7.030909537790241100, -6.796524694922700500, 0.3449999999999998600 ) ) ;
#7022 = CARTESIAN_POINT ( 'NONE',  ( -7.030198242401907800, -6.801118079532914300, 0.3449999999999999200 ) ) ;
#7023 = CARTESIAN_POINT ( 'NONE',  ( -7.028516921542536300, -6.807790103600375200, 0.3449999999999998600 ) ) ;
#7024 = CARTESIAN_POINT ( 'NONE',  ( -7.026433797310135200, -6.814149347706399200, 0.3450000000000000800 ) ) ;
#7025 = CARTESIAN_POINT ( 'NONE',  ( -7.023782141152512500, -6.820162584851120300, 0.3449999999999998100 ) ) ;
#7026 = CARTESIAN_POINT ( 'NONE',  ( -7.020673479147292900, -6.825852344939416800, 0.3450000000000000800 ) ) ;
#7027 = CARTESIAN_POINT ( 'NONE',  ( -7.017063542575247200, -6.831203677456953100, 0.3449999999999999200 ) ) ;
#7028 = CARTESIAN_POINT ( 'NONE',  ( -7.013010140208738400, -6.836242570628522600, 0.3449999999999998600 ) ) ;
#7029 = CARTESIAN_POINT ( 'NONE',  ( -7.008482061350607100, -6.840885859333033300, 0.3450000000000000300 ) ) ;
#7030 = CARTESIAN_POINT ( 'NONE',  ( -7.003603297039625800, -6.845133977681914700, 0.3449999999999998600 ) ) ;
#7031 = CARTESIAN_POINT ( 'NONE',  ( -6.998325537893638400, -6.848733799951069100, 0.3449999999999999200 ) ) ;
#7032 = CARTESIAN_POINT ( 'NONE',  ( -6.992863336133649600, -6.851910454037079200, 0.3449999999999999200 ) ) ;
#7033 = CARTESIAN_POINT ( 'NONE',  ( -6.987077122438669200, -6.854423907856081600, 0.3450000000000000800 ) ) ;
#7034 = CARTESIAN_POINT ( 'NONE',  ( -6.981044794386692200, -6.856429854096154100, 0.3449999999999999200 ) ) ;
#7035 = FACE_OUTER_BOUND ( 'NONE', #3505, .T. ) ;
#7036 = DIRECTION ( 'NONE',  ( 0.0000000000000000000, 0.0000000000000000000, -1.000000000000000000 ) ) ;
#7037 = VECTOR ( 'NONE', #7036, 39.37007874015748100 ) ;
#7038 = CARTESIAN_POINT ( 'NONE',  ( -8.767952334525345400, -6.297952334525348300, -0.02500000000000000500 ) ) ;
#7039 = LINE ( 'NONE', #7038, #7037 ) ;
#7040 = CARTESIAN_POINT ( 'NONE',  ( -6.122408301291545600, -6.852952334525348900, 0.3449999999999999200 ) ) ;
#7041 = DIRECTION ( 'NONE',  ( -1.000000000000000000, 0.0000000000000000000, 0.0000000000000000000 ) ) ;
#7042 = VECTOR ( 'NONE', #7041, 39.37007874015748100 ) ;
#7043 = CARTESIAN_POINT ( 'NONE',  ( -6.096975942851373500, -6.852952334525348900, 0.3449999999999999200 ) ) ;
#7044 = LINE ( 'NONE', #7043, #7042 ) ;
#7045 = DIRECTION ( 'NONE',  ( -1.000000000000000000, 0.0000000000000000000, 0.0000000000000000000 ) ) ;
#7046 = VECTOR ( 'NONE', #7045, 39.37007874015748100 ) ;
#7047 = CARTESIAN_POINT ( 'NONE',  ( -6.831484489859920300, -6.738369001192015000, 0.3449999999999999200 ) ) ;
#7048 = CARTESIAN_POINT ( 'NONE',  ( -6.984262267637696200, -6.623785667858681100, 0.3449999999999999200 ) ) ;
#7049 = DIRECTION ( 'NONE',  ( -1.000000000000000000, 0.0000000000000000000, 0.0000000000000000000 ) ) ;
#7050 = VECTOR ( 'NONE', #7049, 39.37007874015748100 ) ;
#7051 = CARTESIAN_POINT ( 'NONE',  ( -9.454999999999998300, 7.202952334525344100, -0.3449999999999999200 ) ) ;
#7052 = LINE ( 'NONE', #7051, #7050 ) ;
#7053 = CARTESIAN_POINT ( 'NONE',  ( -6.206601343492399900, -6.747183103756118100, 0.3449999999999999200 ) ) ;
#7054 = CARTESIAN_POINT ( 'NONE',  ( 8.567952334525347900, 6.977952334525344500, -0.02500000000000000500 ) ) ;
#7055 = CARTESIAN_POINT ( 'NONE',  ( 8.567952334525347900, 6.977952334525344500, -0.3449999999999999200 ) ) ;
#7056 = DIRECTION ( 'NONE',  ( 1.000000000000000000, 0.0000000000000000000, 0.0000000000000000000 ) ) ;
#7057 = VECTOR ( 'NONE', #7056, 39.37007874015748100 ) ;
#7058 = CARTESIAN_POINT ( 'NONE',  ( -6.829057107737832600, -6.737435573516421500, 0.3449999999999999200 ) ) ;
#7059 = CARTESIAN_POINT ( 'NONE',  ( -6.797968790182894200, -6.728243630597077600, 0.3449999999999999200 ) ) ;
#7060 = CARTESIAN_POINT ( 'NONE',  ( 3.369999999999999700, -6.977952334525348000, -0.1449999999999999300 ) ) ;
#7061 = CARTESIAN_POINT ( 'NONE',  ( -6.725715259090689500, -6.777206140615092500, 0.3450000000000000800 ) ) ;
#7062 = CARTESIAN_POINT ( 'NONE',  ( -6.780987027253082100, -6.726616864439877800, 0.3449999999999998100 ) ) ;
#7063 = B_SPLINE_CURVE_WITH_KNOTS ( 'NONE', 3,
 ( #7061, #6905, #6904, #6903, #6902, #6901, #6900, #6899, #6898, #6897, #6966, #6965, #6964, #6963, #6962, #6961, #6960, #6959, #6958 ),
 .UNSPECIFIED., .F., .F.,
 ( 4, 1, 1, 1, 1, 1, 1, 1, 1, 1, 1, 1, 1, 1, 1, 1, 4 ),
 ( 0.0000000000000000000, 0.06535138202659543400, 0.1279160318306160900, 0.1883602055717057400, 0.2472160772654552500, 0.3056301291974103400, 0.3637698398318237000, 0.4226609139127817700, 0.4826872940903988400, 0.5433002212395582300, 0.6041179553231008600, 0.6649648912652826900, 0.7274134941125708400, 0.7914676251494232600, 0.8580554427291022800, 0.9270368146149520200, 1.000000000000000000 ),
 .UNSPECIFIED. ) ;
#7064 = DIRECTION ( 'NONE',  ( -0.6227882322439378700, 0.7823904509760268900, 0.0000000000000000000 ) ) ;
#7065 = VECTOR ( 'NONE', #7064, 39.37007874015748900 ) ;
#7066 = CARTESIAN_POINT ( 'NONE',  ( -6.122408301291545600, -6.852952334525348900, 0.3449999999999999200 ) ) ;
#7067 = LINE ( 'NONE', #7066, #7065 ) ;
#7068 = CARTESIAN_POINT ( 'NONE',  ( -6.780987027253082100, -6.726616864439877800, 0.3449999999999998100 ) ) ;
#7069 = CARTESIAN_POINT ( 'NONE',  ( 5.399000000000000000, 6.977952334525344500, -0.1949999999999999800 ) ) ;
#7070 = CARTESIAN_POINT ( 'NONE',  ( 8.537952334525348500, 6.527952334525344300, -0.02500000000000000500 ) ) ;
#7071 = DIRECTION ( 'NONE',  ( 0.0000000000000000000, 0.0000000000000000000, -1.000000000000000000 ) ) ;
#7072 = VECTOR ( 'NONE', #7160, 39.37007874015748100 ) ;
#7073 = DIRECTION ( 'NONE',  ( 0.0000000000000000000, -0.03489949670250104600, 0.9993908270190957600 ) ) ;
#7074 = VECTOR ( 'NONE', #7073, 39.37007874015748100 ) ;
#7075 = CARTESIAN_POINT ( 'NONE',  ( 3.870000000000000100, -7.215000000000001600, 0.0000000000000000000 ) ) ;
#7076 = LINE ( 'NONE', #7075, #7074 ) ;
#7077 = DIRECTION ( 'NONE',  ( 1.000000000000000000, 0.0000000000000000000, 0.0000000000000000000 ) ) ;
#7078 = VECTOR ( 'NONE', #7077, 39.37007874015748100 ) ;
#7079 = CARTESIAN_POINT ( 'NONE',  ( -9.454999999999998300, -7.202952334525348600, -0.3449999999999999200 ) ) ;
#7080 = LINE ( 'NONE', #7079, #7078 ) ;
#7081 = CARTESIAN_POINT ( 'NONE',  ( 5.965000000000000700, -7.205676154545704600, -0.2669999999999993500 ) ) ;
#7082 = CARTESIAN_POINT ( 'NONE',  ( 6.108999999999999100, -7.205676154545703800, -0.2669999999999993500 ) ) ;
#7083 = CARTESIAN_POINT ( 'NONE',  ( -3.370000000000000600, -7.215000000000001600, 0.0000000000000000000 ) ) ;
#7084 = CARTESIAN_POINT ( 'NONE',  ( -3.369999999999999700, -7.209936488423697800, -0.1449999999999999300 ) ) ;
#7085 = DIRECTION ( 'NONE',  ( 0.0000000000000000000, 0.0000000000000000000, -1.000000000000000000 ) ) ;
#7086 = VECTOR ( 'NONE', #7085, 39.37007874015748100 ) ;
#7087 = CARTESIAN_POINT ( 'NONE',  ( 3.369999999999999200, -6.977952334525348000, -0.02500000000000000500 ) ) ;
#7088 = LINE ( 'NONE', #7087, #7086 ) ;
#7089 = DIRECTION ( 'NONE',  ( -1.000000000000000000, 0.0000000000000000000, 0.0000000000000000000 ) ) ;
#7090 = CARTESIAN_POINT ( 'NONE',  ( 9.217952334525344700, -6.977952334525348000, -0.1449999999999999300 ) ) ;
#7091 = LINE ( 'NONE', #7090, #7136 ) ;
#7092 = CARTESIAN_POINT ( 'NONE',  ( 3.870000000000000100, -6.977952334525348000, -0.1449999999999999300 ) ) ;
#7093 = DIRECTION ( 'NONE',  ( -1.000000000000000000, 0.0000000000000000000, 0.0000000000000000000 ) ) ;
#7094 = DIRECTION ( 'NONE',  ( 0.0000000000000000000, 0.0000000000000000000, -1.000000000000000000 ) ) ;
#7095 = CARTESIAN_POINT ( 'NONE',  ( -8.999999999999998200, -3.989999999999999800, -0.02500000000000000500 ) ) ;
#7096 = AXIS2_PLACEMENT_3D ( 'NONE', #7095, #7094, #7093 ) ;
#7097 = CIRCLE ( 'NONE', #7096, 0.09554162597656012900 ) ;
#7098 = DIRECTION ( 'NONE',  ( -1.000000000000000000, 0.0000000000000000000, 0.0000000000000000000 ) ) ;
#7099 = DIRECTION ( 'NONE',  ( 0.0000000000000000000, 0.0000000000000000000, -1.000000000000000000 ) ) ;
#7100 = AXIS2_PLACEMENT_3D ( 'NONE', #7107, #7099, #7098 ) ;
#7101 = CIRCLE ( 'NONE', #7100, 0.09554162597656012900 ) ;
#7102 = DIRECTION ( 'NONE',  ( 0.0000000000000000000, 0.0000000000000000000, 1.000000000000000000 ) ) ;
#7103 = DIRECTION ( 'NONE',  ( 0.0000000000000000000, 1.000000000000000000, 0.0000000000000000000 ) ) ;
#7104 = CARTESIAN_POINT ( 'NONE',  ( -9.217952334525346500, 6.977952334525344500, 0.2049999999999999300 ) ) ;
#7105 = AXIS2_PLACEMENT_3D ( 'NONE', #7104, #7103, #7102 ) ;
#7106 = PLANE ( 'NONE',  #7105 ) ;
#7107 = CARTESIAN_POINT ( 'NONE',  ( 9.000000000000000000, 3.990000000000000200, -0.02500000000000000500 ) ) ;
#7108 = FACE_OUTER_BOUND ( 'NONE', #3581, .T. ) ;
#7109 = DIRECTION ( 'NONE',  ( 0.0000000000000000000, 0.0000000000000000000, 1.000000000000000000 ) ) ;
#7110 = VECTOR ( 'NONE', #7109, 39.37007874015748100 ) ;
#7111 = CARTESIAN_POINT ( 'NONE',  ( -9.217952334525344700, -6.327952334525347700, 0.2049999999999999300 ) ) ;
#7112 = LINE ( 'NONE', #7111, #7110 ) ;
#7113 = VECTOR ( 'NONE', #7134, 39.37007874015748100 ) ;
#7114 = CARTESIAN_POINT ( 'NONE',  ( 8.783182314702195000, -7.192786352264612900, -0.6361156428880482300 ) ) ;
#7115 = LINE ( 'NONE', #7114, #7113 ) ;
#7116 = CARTESIAN_POINT ( 'NONE',  ( 6.108999999999999100, -7.210704745352515500, -0.1230000000000005300 ) ) ;
#7117 = CARTESIAN_POINT ( 'NONE',  ( 5.965000000000000700, -7.210704745352517300, -0.1230000000000005700 ) ) ;
#7118 = CARTESIAN_POINT ( 'NONE',  ( 8.567952334525346100, 6.977952334525344500, 0.2049999999999999300 ) ) ;
#7119 = PLANE ( 'NONE',  #7168 ) ;
#7120 = FACE_OUTER_BOUND ( 'NONE', #3743, .T. ) ;
#7121 = DIRECTION ( 'NONE',  ( -0.03487826274237469000, 0.03487826274237469700, -0.9987827659587182900 ) ) ;
#7122 = VECTOR ( 'NONE', #7121, 39.37007874015748100 ) ;
#7123 = CARTESIAN_POINT ( 'NONE',  ( 9.438236241854040600, -6.548632204291631200, -0.4800512242412342000 ) ) ;
#7124 = LINE ( 'NONE', #7123, #7122 ) ;
#7125 = CARTESIAN_POINT ( 'NONE',  ( -8.567952334525346100, 6.977952334525344500, 0.2049999999999999300 ) ) ;
#7126 = AXIS2_PLACEMENT_3D ( 'NONE', #7143, #7142, #7141 ) ;
#7127 = CIRCLE ( 'NONE', #7126, 0.07199999999999939800 ) ;
#7128 = LINE ( 'NONE', #7140, #7139 ) ;
#7129 = CARTESIAN_POINT ( 'NONE',  ( 3.870000000000000100, -7.202952334525348600, -0.3449999999999999200 ) ) ;
#7130 = LINE ( 'NONE', #7083, #7132 ) ;
#7131 =( BOUNDED_CURVE ( )  B_SPLINE_CURVE ( 3, ( #7117, #7116, #7082, #7081 ),
 .UNSPECIFIED., .F., .T. ) 
 B_SPLINE_CURVE_WITH_KNOTS ( ( 4, 4 ),
 ( 3.141592653589793100, 6.283185307179586200 ),
 .UNSPECIFIED. ) 
 CURVE ( )  GEOMETRIC_REPRESENTATION_ITEM ( )  RATIONAL_B_SPLINE_CURVE ( ( 1.000000000000000000, 0.3333333333333333100, 0.3333333333333333100, 1.000000000000000000 ) ) 
 REPRESENTATION_ITEM ( '' )  );
#7132 = VECTOR ( 'NONE', #7156, 39.37007874015748100 ) ;
#7133 = CARTESIAN_POINT ( 'NONE',  ( 8.805395962437586400, -7.215000000000001600, 0.0000000000000000000 ) ) ;
#7134 = DIRECTION ( 'NONE',  ( 0.03487826274237469700, -0.03487826274237469000, 0.9987827659587182900 ) ) ;
#7135 = LINE ( 'NONE', #7159, #7158 ) ;
#7136 = VECTOR ( 'NONE', #7089, 39.37007874015748100 ) ;
#7137 = LINE ( 'NONE', #7161, #7072 ) ;
#7138 = DIRECTION ( 'NONE',  ( 0.0000000000000000000, 0.0000000000000000000, 1.000000000000000000 ) ) ;
#7139 = VECTOR ( 'NONE', #7138, 39.37007874015748100 ) ;
#7140 = CARTESIAN_POINT ( 'NONE',  ( 8.567952334525347900, 6.977952334525344500, -0.02500000000000000500 ) ) ;
#7141 = DIRECTION ( 'NONE',  ( 0.0000000000000000000, 0.0000000000000000000, 1.000000000000000000 ) ) ;
#7142 = DIRECTION ( 'NONE',  ( 0.0000000000000000000, -1.000000000000000000, 0.0000000000000000000 ) ) ;
#7143 = CARTESIAN_POINT ( 'NONE',  ( -5.399000000000000000, 6.977952334525344500, -0.1949999999999999800 ) ) ;
#7144 = CARTESIAN_POINT ( 'NONE',  ( 9.447841242254192200, -6.558237204691774700, 0.2049999999999999300 ) ) ;
#7145 = CARTESIAN_POINT ( 'NONE',  ( 9.442952334525344300, 6.553348296962928600, -0.3449999999999999200 ) ) ;
#7146 = CARTESIAN_POINT ( 'NONE',  ( 9.442952334525346100, -6.553348296962936600, -0.3449999999999999200 ) ) ;
#7147 = DIRECTION ( 'NONE',  ( -7.572690211127550500E-017, 1.000000000000000000, 0.0000000000000000000 ) ) ;
#7148 = VECTOR ( 'NONE', #7147, 39.37007874015748100 ) ;
#7149 = CARTESIAN_POINT ( 'NONE',  ( 9.442952334525346100, -7.215000000000000700, -0.3449999999999999200 ) ) ;
#7150 = LINE ( 'NONE', #7149, #7148 ) ;
#7151 = DIRECTION ( 'NONE',  ( -1.000000000000000000, 0.0000000000000000000, 0.0000000000000000000 ) ) ;
#7152 = DIRECTION ( 'NONE',  ( 0.0000000000000000000, 0.0000000000000000000, -1.000000000000000000 ) ) ;
#7153 = CARTESIAN_POINT ( 'NONE',  ( 8.999999999999998200, 1.140914454013846100E-031, -0.02500000000000000500 ) ) ;
#7154 = AXIS2_PLACEMENT_3D ( 'NONE', #7153, #7152, #7151 ) ;
#7155 = CIRCLE ( 'NONE', #7154, 0.09554162597656012900 ) ;
#7156 = DIRECTION ( 'NONE',  ( 0.0000000000000000000, -0.03489949670250104600, 0.9993908270190957600 ) ) ;
#7157 = DIRECTION ( 'NONE',  ( 1.000000000000000000, 0.0000000000000000000, 0.0000000000000000000 ) ) ;
#7158 = VECTOR ( 'NONE', #7157, 39.37007874015748100 ) ;
#7159 = CARTESIAN_POINT ( 'NONE',  ( 9.217952334525348200, 6.977952334525344500, -0.02500000000000000500 ) ) ;
#7160 = DIRECTION ( 'NONE',  ( 0.0000000000000000000, 0.0000000000000000000, -1.000000000000000000 ) ) ;
#7161 = CARTESIAN_POINT ( 'NONE',  ( -8.567952334525347900, 6.977952334525344500, -0.3449999999999999200 ) ) ;
#7162 = DIRECTION ( 'NONE',  ( 0.0000000000000000000, -1.000000000000000000, 0.0000000000000000000 ) ) ;
#7163 = VECTOR ( 'NONE', #7162, 39.37007874015748100 ) ;
#7164 = CARTESIAN_POINT ( 'NONE',  ( -3.870000000000000100, -7.215000000000001600, -0.3449999999999999200 ) ) ;
#7165 = DIRECTION ( 'NONE',  ( 1.000000000000000000, 0.0000000000000000000, 0.0000000000000000000 ) ) ;
#7166 = DIRECTION ( 'NONE',  ( 0.0000000000000000000, 0.0000000000000000000, 1.000000000000000000 ) ) ;
#7167 = CARTESIAN_POINT ( 'NONE',  ( -9.454999999999998300, -7.215000000000001600, -0.3449999999999999200 ) ) ;
#7168 = AXIS2_PLACEMENT_3D ( 'NONE', #7167, #7166, #7165 ) ;
#7169 = LINE ( 'NONE', #7164, #7163 ) ;
#7170 = AXIS2_PLACEMENT_3D ( 'NONE', #7233, #7198, #7204 ) ;
#7171 = VECTOR ( 'NONE', #7253, 39.37007874015748100 ) ;
#7172 = CARTESIAN_POINT ( 'NONE',  ( -9.217952334525348200, 6.977952334525344500, -0.02500000000000000500 ) ) ;
#7173 = LINE ( 'NONE', #7172, #7171 ) ;
#7174 = DIRECTION ( 'NONE',  ( -0.03489949670250104600, 0.0000000000000000000, 0.9993908270190957600 ) ) ;
#7175 = DIRECTION ( 'NONE',  ( -0.9993908270190957600, -7.568077132858173900E-017, -0.03489949670250104600 ) ) ;
#7176 = CARTESIAN_POINT ( 'NONE',  ( -9.455000000000000100, 7.214999999999997200, 0.0000000000000000000 ) ) ;
#7177 = AXIS2_PLACEMENT_3D ( 'NONE', #7176, #7175, #7174 ) ;
#7178 = PLANE ( 'NONE',  #7177 ) ;
#7179 = CIRCLE ( 'NONE', #7502, 0.6499999999999999100 ) ;
#7180 = FACE_OUTER_BOUND ( 'NONE', #3654, .T. ) ;
#7181 = DIRECTION ( 'NONE',  ( 0.03487826274237469700, -0.03487826274237469000, 0.9987827659587182900 ) ) ;
#7182 = VECTOR ( 'NONE', #7181, 39.37007874015748100 ) ;
#7183 = CARTESIAN_POINT ( 'NONE',  ( -8.806186201339722100, 7.215790238902132000, -0.02262948135553596500 ) ) ;
#7184 = LINE ( 'NONE', #7183, #7182 ) ;
#7185 = VECTOR ( 'NONE', #7212, 39.37007874015748100 ) ;
#7186 = CARTESIAN_POINT ( 'NONE',  ( -9.217952334525348200, -6.327952334525347700, -0.3449999999999999200 ) ) ;
#7187 =( BOUNDED_CURVE ( )  B_SPLINE_CURVE ( 3, ( #7229, #7203, #7202, #7201 ),
 .UNSPECIFIED., .F., .T. ) 
 B_SPLINE_CURVE_WITH_KNOTS ( ( 4, 4 ),
 ( 5.498396131367744700, 7.067974482991421500 ),
 .UNSPECIFIED. ) 
 CURVE ( )  GEOMETRIC_REPRESENTATION_ITEM ( )  RATIONAL_B_SPLINE_CURVE ( ( 1.000000000000000000, 0.8050248461936591000, 0.8050248461936591000, 1.000000000000000000 ) ) 
 REPRESENTATION_ITEM ( '' )  );
#7188 = CARTESIAN_POINT ( 'NONE',  ( 8.793348296962927100, -7.202952334525348600, -0.3449999999999999200 ) ) ;
#7189 = CARTESIAN_POINT ( 'NONE',  ( 9.173973457399627700, -7.202952334525351200, -0.3449999999999999700 ) ) ;
#7190 = CARTESIAN_POINT ( 'NONE',  ( 9.442952334525344300, -6.933973457399637200, -0.3449999999999999700 ) ) ;
#7191 = CARTESIAN_POINT ( 'NONE',  ( 9.442952334525346100, -6.553348296962936600, -0.3449999999999999200 ) ) ;
#7192 = DIRECTION ( 'NONE',  ( 0.0000000000000000000, 0.0000000000000000000, 1.000000000000000000 ) ) ;
#7193 =( BOUNDED_CURVE ( )  B_SPLINE_CURVE ( 3, ( #7197, #7196, #7195, #7194 ),
 .UNSPECIFIED., .F., .T. ) 
 B_SPLINE_CURVE_WITH_KNOTS ( ( 4, 4 ),
 ( 5.498396131367741200, 7.067974482991429500 ),
 .UNSPECIFIED. ) 
 CURVE ( )  GEOMETRIC_REPRESENTATION_ITEM ( )  RATIONAL_B_SPLINE_CURVE ( ( 1.000000000000000000, 0.8050248461936562200, 0.8050248461936562200, 1.000000000000000000 ) ) 
 REPRESENTATION_ITEM ( '' )  );
#7194 = CARTESIAN_POINT ( 'NONE',  ( 9.447841242254192200, -6.558237204691774700, 0.2049999999999999300 ) ) ;
#7195 = CARTESIAN_POINT ( 'NONE',  ( 9.447841242254194000, -6.938862365128478900, 0.2049999999999999300 ) ) ;
#7196 = CARTESIAN_POINT ( 'NONE',  ( 9.178862365128477300, -7.207841242254195500, 0.2049999999999999300 ) ) ;
#7197 = CARTESIAN_POINT ( 'NONE',  ( 8.798237204691773200, -7.207841242254193800, 0.2049999999999999300 ) ) ;
#7198 = DIRECTION ( 'NONE',  ( 0.0000000000000000000, 0.0000000000000000000, -1.000000000000000000 ) ) ;
#7199 =( BOUNDED_CURVE ( )  B_SPLINE_CURVE ( 3, ( #7208, #7207, #7206, #7205 ),
 .UNSPECIFIED., .F., .T. ) 
 B_SPLINE_CURVE_WITH_KNOTS ( ( 4, 4 ),
 ( 5.498396131367743000, 7.067974482991422400 ),
 .UNSPECIFIED. ) 
 CURVE ( )  GEOMETRIC_REPRESENTATION_ITEM ( )  RATIONAL_B_SPLINE_CURVE ( ( 1.000000000000000000, 0.8050248461936584400, 0.8050248461936584400, 1.000000000000000000 ) ) 
 REPRESENTATION_ITEM ( '' )  );
#7200 = VECTOR ( 'NONE', #7211, 39.37007874015748100 ) ;
#7201 = CARTESIAN_POINT ( 'NONE',  ( -8.798237204691778500, -7.207841242254193800, 0.2049999999999999300 ) ) ;
#7202 = CARTESIAN_POINT ( 'NONE',  ( -9.178862365128479100, -7.207841242254192900, 0.2049999999999999900 ) ) ;
#7203 = CARTESIAN_POINT ( 'NONE',  ( -9.447841242254192200, -6.938862365128478000, 0.2049999999999999900 ) ) ;
#7204 = DIRECTION ( 'NONE',  ( -1.000000000000000000, 0.0000000000000000000, 0.0000000000000000000 ) ) ;
#7205 = CARTESIAN_POINT ( 'NONE',  ( -8.793348296962934200, 7.202952334525344100, -0.3449999999999999200 ) ) ;
#7206 = CARTESIAN_POINT ( 'NONE',  ( -9.173973457399638300, 7.202952334525343200, -0.3450000000000000800 ) ) ;
#7207 = CARTESIAN_POINT ( 'NONE',  ( -9.442952334525351400, 6.933973457399629200, -0.3450000000000000800 ) ) ;
#7208 = CARTESIAN_POINT ( 'NONE',  ( -9.442952334525346100, 6.553348296962927800, -0.3449999999999999200 ) ) ;
#7209 = DIRECTION ( 'NONE',  ( 0.0000000000000000000, 0.0000000000000000000, -1.000000000000000000 ) ) ;
#7210 = AXIS2_PLACEMENT_3D ( 'NONE', #7232, #7209, #7230 ) ;
#7211 = DIRECTION ( 'NONE',  ( 7.572690211127549200E-017, -1.000000000000000000, 0.0000000000000000000 ) ) ;
#7212 = DIRECTION ( 'NONE',  ( 0.0000000000000000000, 0.0000000000000000000, -1.000000000000000000 ) ) ;
#7213 = DIRECTION ( 'NONE',  ( 0.0000000000000000000, 0.0000000000000000000, 1.000000000000000000 ) ) ;
#7214 = AXIS2_PLACEMENT_3D ( 'NONE', #7246, #7213, #7234 ) ;
#7215 = CIRCLE ( 'NONE', #7214, 0.6499999999999999100 ) ;
#7216 = CARTESIAN_POINT ( 'NONE',  ( -9.217952334525348200, 6.977952334525344500, -0.02500000000000000500 ) ) ;
#7217 = AXIS2_PLACEMENT_3D ( 'NONE', #7216, #7251, #7250 ) ;
#7218 = CARTESIAN_POINT ( 'NONE',  ( 8.537952334525348500, 6.297952334525343900, -0.02500000000000000500 ) ) ;
#7219 = CARTESIAN_POINT ( 'NONE',  ( 9.442952334525344300, 6.553348296962928600, -0.3449999999999999200 ) ) ;
#7220 = CARTESIAN_POINT ( 'NONE',  ( 9.442952334525349700, 6.933973457399631000, -0.3450000000000000300 ) ) ;
#7221 = CARTESIAN_POINT ( 'NONE',  ( 9.173973457399634800, 7.202952334525346800, -0.3450000000000000300 ) ) ;
#7222 = CARTESIAN_POINT ( 'NONE',  ( 8.793348296962930600, 7.202952334525344100, -0.3449999999999999200 ) ) ;
#7223 =( BOUNDED_CURVE ( )  B_SPLINE_CURVE ( 3, ( #7222, #7221, #7220, #7219 ),
 .UNSPECIFIED., .F., .T. ) 
 B_SPLINE_CURVE_WITH_KNOTS ( ( 4, 4 ),
 ( 5.498396131367744700, 7.067974482991427700 ),
 .UNSPECIFIED. ) 
 CURVE ( )  GEOMETRIC_REPRESENTATION_ITEM ( )  RATIONAL_B_SPLINE_CURVE ( ( 1.000000000000000000, 0.8050248461936575500, 0.8050248461936575500, 1.000000000000000000 ) ) 
 REPRESENTATION_ITEM ( '' )  );
#7224 = CARTESIAN_POINT ( 'NONE',  ( -9.447841242254192200, 6.558237204691777400, 0.2049999999999999300 ) ) ;
#7225 = CARTESIAN_POINT ( 'NONE',  ( -9.447841242254192200, 6.938862365128475300, 0.2049999999999999900 ) ) ;
#7226 = CARTESIAN_POINT ( 'NONE',  ( -9.178862365128477300, 7.207841242254190200, 0.2049999999999999900 ) ) ;
#7227 = CARTESIAN_POINT ( 'NONE',  ( -8.798237204691780300, 7.207841242254189300, 0.2049999999999999300 ) ) ;
#7228 = DIRECTION ( 'NONE',  ( 1.565988337379544000E-016, -1.000000000000000000, 0.0000000000000000000 ) ) ;
#7229 = CARTESIAN_POINT ( 'NONE',  ( -9.447841242254190400, -6.558237204691777400, 0.2049999999999999300 ) ) ;
#7230 = DIRECTION ( 'NONE',  ( -1.000000000000000000, 0.0000000000000000000, 0.0000000000000000000 ) ) ;
#7231 = LINE ( 'NONE', #7186, #7185 ) ;
#7232 = CARTESIAN_POINT ( 'NONE',  ( -8.567952334525347900, -6.327952334525347700, -0.02500000000000000500 ) ) ;
#7233 = CARTESIAN_POINT ( 'NONE',  ( 0.0000000000000000000, 6.759999999999999800, -0.02500000000000000500 ) ) ;
#7234 = DIRECTION ( 'NONE',  ( 1.000000000000000000, 0.0000000000000000000, 0.0000000000000000000 ) ) ;
#7235 = DIRECTION ( 'NONE',  ( -1.000000000000000000, 0.0000000000000000000, 0.0000000000000000000 ) ) ;
#7236 = CIRCLE ( 'NONE', #7170, 0.09554162597655964400 ) ;
#7237 = CARTESIAN_POINT ( 'NONE',  ( -9.442952334525346100, 6.553348296962927800, -0.3449999999999999200 ) ) ;
#7238 = DIRECTION ( 'NONE',  ( 0.03487826274237469000, -0.03487826274237469700, -0.9987827659587182900 ) ) ;
#7239 = VECTOR ( 'NONE', #7238, 39.37007874015748100 ) ;
#7240 = CARTESIAN_POINT ( 'NONE',  ( -9.455790238902134000, 6.566186201339720100, 0.02262948135553597900 ) ) ;
#7241 = LINE ( 'NONE', #7240, #7239 ) ;
#7242 = AXIS2_PLACEMENT_3D ( 'NONE', #7218, #7192, #7235 ) ;
#7243 = PLANE ( 'NONE',  #7217 ) ;
#7244 =( BOUNDED_CURVE ( )  B_SPLINE_CURVE ( 3, ( #7227, #7226, #7225, #7224 ),
 .UNSPECIFIED., .F., .T. ) 
 B_SPLINE_CURVE_WITH_KNOTS ( ( 4, 4 ),
 ( 5.498396131367751000, 7.067974482991421500 ),
 .UNSPECIFIED. ) 
 CURVE ( )  GEOMETRIC_REPRESENTATION_ITEM ( )  RATIONAL_B_SPLINE_CURVE ( ( 1.000000000000000000, 0.8050248461936605500, 0.8050248461936605500, 1.000000000000000000 ) ) 
 REPRESENTATION_ITEM ( '' )  );
#7245 = FACE_OUTER_BOUND ( 'NONE', #3611, .T. ) ;
#7246 = CARTESIAN_POINT ( 'NONE',  ( -8.567952334525347900, -6.327952334525347700, -0.3449999999999999200 ) ) ;
#7247 = CIRCLE ( 'NONE', #7242, 0.2300000000000005700 ) ;
#7248 = CARTESIAN_POINT ( 'NONE',  ( -9.217952334525348200, -6.327952334525347700, -0.3449999999999999200 ) ) ;
#7249 =( BOUNDED_CURVE ( )  B_SPLINE_CURVE ( 3, ( #7191, #7190, #7189, #7188 ),
 .UNSPECIFIED., .F., .T. ) 
 B_SPLINE_CURVE_WITH_KNOTS ( ( 4, 4 ),
 ( 5.498396131367751000, 7.067974482991429500 ),
 .UNSPECIFIED. ) 
 CURVE ( )  GEOMETRIC_REPRESENTATION_ITEM ( )  RATIONAL_B_SPLINE_CURVE ( ( 1.000000000000000000, 0.8050248461936586600, 0.8050248461936586600, 1.000000000000000000 ) ) 
 REPRESENTATION_ITEM ( '' )  );
#7250 = DIRECTION ( 'NONE',  ( -7.829941686897719900E-017, -1.000000000000000000, 0.0000000000000000000 ) ) ;
#7251 = DIRECTION ( 'NONE',  ( -1.000000000000000000, 7.829941686897719900E-017, 0.0000000000000000000 ) ) ;
#7252 = FACE_OUTER_BOUND ( 'NONE', #3620, .T. ) ;
#7253 = DIRECTION ( 'NONE',  ( 7.829941686897718700E-017, 1.000000000000000000, 0.0000000000000000000 ) ) ;
#7254 = CIRCLE ( 'NONE', #7210, 0.6499999999999999100 ) ;
#7255 = DIRECTION ( 'NONE',  ( -1.000000000000000000, -1.565988337379544000E-016, 0.0000000000000000000 ) ) ;
#7256 = CARTESIAN_POINT ( 'NONE',  ( -9.217952334525346500, 6.977952334525344500, 0.2049999999999999300 ) ) ;
#7257 = AXIS2_PLACEMENT_3D ( 'NONE', #7256, #7255, #7228 ) ;
#7258 = PLANE ( 'NONE',  #7257 ) ;
#7259 = CIRCLE ( 'NONE', #7274, 0.09554162597655958800 ) ;
#7260 = DIRECTION ( 'NONE',  ( -1.000000000000000000, 0.0000000000000000000, 0.0000000000000000000 ) ) ;
#7261 = DIRECTION ( 'NONE',  ( 0.0000000000000000000, 0.0000000000000000000, -1.000000000000000000 ) ) ;
#7262 = AXIS2_PLACEMENT_3D ( 'NONE', #7290, #7261, #7260 ) ;
#7263 = AXIS2_PLACEMENT_3D ( 'NONE', #7295, #7294, #7293 ) ;
#7264 = CARTESIAN_POINT ( 'NONE',  ( 3.870000000000000100, -6.977952334525348000, -0.3449999999999999200 ) ) ;
#7265 = DIRECTION ( 'NONE',  ( -1.000000000000000000, 0.0000000000000000000, 0.0000000000000000000 ) ) ;
#7266 = DIRECTION ( 'NONE',  ( 0.0000000000000000000, 0.0000000000000000000, -1.000000000000000000 ) ) ;
#7267 = CARTESIAN_POINT ( 'NONE',  ( 3.990000000000002000, -6.759999999999998900, -0.02500000000000000500 ) ) ;
#7268 = AXIS2_PLACEMENT_3D ( 'NONE', #7267, #7266, #7265 ) ;
#7269 = CIRCLE ( 'NONE', #7268, 0.09554162597655958800 ) ;
#7270 = DIRECTION ( 'NONE',  ( 0.0000000000000000000, 0.0000000000000000000, -1.000000000000000000 ) ) ;
#7271 = DIRECTION ( 'NONE',  ( -1.000000000000000000, 0.0000000000000000000, 0.0000000000000000000 ) ) ;
#7272 = DIRECTION ( 'NONE',  ( 0.0000000000000000000, 0.0000000000000000000, -1.000000000000000000 ) ) ;
#7273 = CARTESIAN_POINT ( 'NONE',  ( -3.990000000000000200, 6.759999999999998900, -0.02500000000000000500 ) ) ;
#7274 = AXIS2_PLACEMENT_3D ( 'NONE', #7273, #7272, #7271 ) ;
#7275 = CARTESIAN_POINT ( 'NONE',  ( 9.217952334525344700, -6.327952334525347700, -0.3449999999999999200 ) ) ;
#7276 = VECTOR ( 'NONE', #7342, 39.37007874015748100 ) ;
#7277 = CARTESIAN_POINT ( 'NONE',  ( -9.438236241854038900, -6.548632204291628500, 0.4800512242412342500 ) ) ;
#7278 = LINE ( 'NONE', #7277, #7276 ) ;
#7279 = CIRCLE ( 'NONE', #7324, 0.6499999999999999100 ) ;
#7280 = CARTESIAN_POINT ( 'NONE',  ( 9.217952334525348200, -6.327952334525347700, 0.2049999999999999300 ) ) ;
#7281 = DIRECTION ( 'NONE',  ( 0.0000000000000000000, 1.000000000000000000, 0.0000000000000000000 ) ) ;
#7282 = VECTOR ( 'NONE', #7281, 39.37007874015748100 ) ;
#7283 = CARTESIAN_POINT ( 'NONE',  ( 9.217952334525348200, 6.977952334525344500, 0.2049999999999999300 ) ) ;
#7284 = CIRCLE ( 'NONE', #7262, 0.09554162597656012900 ) ;
#7285 = DIRECTION ( 'NONE',  ( 0.0000000000000000000, -0.03489949670250104600, -0.9993908270190957600 ) ) ;
#7286 = DIRECTION ( 'NONE',  ( 0.0000000000000000000, -0.9993908270190957600, 0.03489949670250104600 ) ) ;
#7287 = CARTESIAN_POINT ( 'NONE',  ( -9.454999999999998300, -7.215000000000001600, 0.0000000000000000000 ) ) ;
#7288 = AXIS2_PLACEMENT_3D ( 'NONE', #7287, #7286, #7285 ) ;
#7289 = PLANE ( 'NONE',  #7288 ) ;
#7290 = CARTESIAN_POINT ( 'NONE',  ( 9.000000000000001800, -3.989999999999999800, -0.02500000000000000500 ) ) ;
#7291 = LINE ( 'NONE', #7283, #7282 ) ;
#7292 = CARTESIAN_POINT ( 'NONE',  ( 9.217952334525348200, 6.327952334525344100, 0.2049999999999999300 ) ) ;
#7293 = DIRECTION ( 'NONE',  ( 1.000000000000000000, -1.681137226870316100E-015, 0.0000000000000000000 ) ) ;
#7294 = DIRECTION ( 'NONE',  ( 0.0000000000000000000, 0.0000000000000000000, -1.000000000000000000 ) ) ;
#7295 = CARTESIAN_POINT ( 'NONE',  ( 8.567952334525347900, 6.327952334525344100, 0.2049999999999999300 ) ) ;
#7296 = DIRECTION ( 'NONE',  ( 1.565988337379543700E-016, -1.000000000000000000, 0.0000000000000000000 ) ) ;
#7297 = VECTOR ( 'NONE', #7296, 39.37007874015748100 ) ;
#7298 = CIRCLE ( 'NONE', #7323, 0.6499999999999999100 ) ;
#7299 = DIRECTION ( 'NONE',  ( -0.03487826274237469700, 0.03487826274237469000, 0.9987827659587182900 ) ) ;
#7300 = VECTOR ( 'NONE', #7299, 39.37007874015748100 ) ;
#7301 = CARTESIAN_POINT ( 'NONE',  ( 8.783182314702198600, -7.192786352264612900, 0.6361156428880485600 ) ) ;
#7302 = CIRCLE ( 'NONE', #7263, 0.6499999999999999100 ) ;
#7303 = PLANE ( 'NONE',  #7361 ) ;
#7304 = DIRECTION ( 'NONE',  ( -0.03489949670250104600, 0.0000000000000000000, -0.9993908270190957600 ) ) ;
#7305 = DIRECTION ( 'NONE',  ( 0.9993908270190957600, 7.568077132858173900E-017, -0.03489949670250104600 ) ) ;
#7306 = CARTESIAN_POINT ( 'NONE',  ( 9.455000000000000100, 7.214999999999997200, 0.0000000000000000000 ) ) ;
#7307 = AXIS2_PLACEMENT_3D ( 'NONE', #7306, #7305, #7304 ) ;
#7308 = PLANE ( 'NONE',  #7307 ) ;
#7309 = FACE_OUTER_BOUND ( 'NONE', #3671, .T. ) ;
#7310 = FACE_OUTER_BOUND ( 'NONE', #3787, .T. ) ;
#7311 = CARTESIAN_POINT ( 'NONE',  ( -9.454999999999998300, -6.565395962437589700, 0.0000000000000000000 ) ) ;
#7312 = CARTESIAN_POINT ( 'NONE',  ( 8.798237204691773200, -7.207841242254193800, 0.2049999999999999300 ) ) ;
#7313 = DIRECTION ( 'NONE',  ( 0.03487826274237469700, 0.03487826274237469000, -0.9987827659587182900 ) ) ;
#7314 = VECTOR ( 'NONE', #7313, 39.37007874015748100 ) ;
#7315 = CARTESIAN_POINT ( 'NONE',  ( 8.783182314702196800, 7.192786352264608500, 0.6361156428880485600 ) ) ;
#7316 = LINE ( 'NONE', #7315, #7314 ) ;
#7317 = DIRECTION ( 'NONE',  ( 0.0000000000000000000, 0.0000000000000000000, -1.000000000000000000 ) ) ;
#7318 = DIRECTION ( 'NONE',  ( 1.000000000000000000, 0.0000000000000000000, 0.0000000000000000000 ) ) ;
#7319 = DIRECTION ( 'NONE',  ( 0.0000000000000000000, 0.0000000000000000000, 1.000000000000000000 ) ) ;
#7320 = CARTESIAN_POINT ( 'NONE',  ( 8.567952334525346100, -6.327952334525348600, -0.3449999999999999200 ) ) ;
#7321 = AXIS2_PLACEMENT_3D ( 'NONE', #7320, #7319, #7318 ) ;
#7322 = CIRCLE ( 'NONE', #7321, 0.6499999999999999100 ) ;
#7323 = AXIS2_PLACEMENT_3D ( 'NONE', #7364, #7366, #7365 ) ;
#7324 = AXIS2_PLACEMENT_3D ( 'NONE', #7351, #7317, #7363 ) ;
#7325 = CARTESIAN_POINT ( 'NONE',  ( -9.442952334525346100, -6.553348296962934900, -0.3449999999999999200 ) ) ;
#7326 = CARTESIAN_POINT ( 'NONE',  ( -9.442952334525346100, -6.933973457399635400, -0.3449999999999999700 ) ) ;
#7327 = DIRECTION ( 'NONE',  ( -1.000000000000000000, 0.0000000000000000000, 0.0000000000000000000 ) ) ;
#7328 = DIRECTION ( 'NONE',  ( 0.0000000000000000000, 0.0000000000000000000, -1.000000000000000000 ) ) ;
#7329 = AXIS2_PLACEMENT_3D ( 'NONE', #7362, #7328, #7327 ) ;
#7330 = CIRCLE ( 'NONE', #7329, 0.09554162597656012900 ) ;
#7331 = LINE ( 'NONE', #7369, #7368 ) ;
#7332 = DIRECTION ( 'NONE',  ( 0.0000000000000000000, 0.0000000000000000000, 1.000000000000000000 ) ) ;
#7333 = VECTOR ( 'NONE', #7332, 39.37007874015748100 ) ;
#7334 = CARTESIAN_POINT ( 'NONE',  ( 9.217952334525348200, 6.327952334525344100, 0.2049999999999999300 ) ) ;
#7335 = LINE ( 'NONE', #7334, #7333 ) ;
#7336 = DIRECTION ( 'NONE',  ( 0.0000000000000000000, 0.0000000000000000000, -1.000000000000000000 ) ) ;
#7337 = VECTOR ( 'NONE', #7336, 39.37007874015748100 ) ;
#7338 = CARTESIAN_POINT ( 'NONE',  ( 8.567952334525349700, 6.977952334525344500, 0.2049999999999999300 ) ) ;
#7339 = LINE ( 'NONE', #7338, #7337 ) ;
#7340 = FACE_OUTER_BOUND ( 'NONE', #3688, .T. ) ;
#7341 = CARTESIAN_POINT ( 'NONE',  ( -9.455000000000000100, 6.565395962437585300, 0.0000000000000000000 ) ) ;
#7342 = DIRECTION ( 'NONE',  ( 0.03487826274237469000, 0.03487826274237470400, 0.9987827659587182900 ) ) ;
#7343 = CARTESIAN_POINT ( 'NONE',  ( -9.173973457399633000, -7.202952334525348600, -0.3449999999999999700 ) ) ;
#7344 = CARTESIAN_POINT ( 'NONE',  ( -8.793348296962932400, -7.202952334525348600, -0.3449999999999999200 ) ) ;
#7345 = DIRECTION ( 'NONE',  ( -1.000000000000000000, 0.0000000000000000000, 0.0000000000000000000 ) ) ;
#7346 = VECTOR ( 'NONE', #7345, 39.37007874015748100 ) ;
#7347 = CARTESIAN_POINT ( 'NONE',  ( -9.217952334525346500, 6.977952334525344500, 0.2049999999999999300 ) ) ;
#7348 = LINE ( 'NONE', #7347, #7346 ) ;
#7349 =( BOUNDED_CURVE ( )  B_SPLINE_CURVE ( 3, ( #7344, #7343, #7326, #7325 ),
 .UNSPECIFIED., .F., .T. ) 
 B_SPLINE_CURVE_WITH_KNOTS ( ( 4, 4 ),
 ( 5.498396131367750100, 7.067974482991422400 ),
 .UNSPECIFIED. ) 
 CURVE ( )  GEOMETRIC_REPRESENTATION_ITEM ( )  RATIONAL_B_SPLINE_CURVE ( ( 1.000000000000000000, 0.8050248461936601000, 0.8050248461936601000, 1.000000000000000000 ) ) 
 REPRESENTATION_ITEM ( '' )  );
#7350 = LINE ( 'NONE', #7301, #7300 ) ;
#7351 = CARTESIAN_POINT ( 'NONE',  ( -8.567952334525346100, 6.327952334525344100, 0.2049999999999999300 ) ) ;
#7352 = DIRECTION ( 'NONE',  ( 1.000000000000000000, 0.0000000000000000000, 0.0000000000000000000 ) ) ;
#7353 = DIRECTION ( 'NONE',  ( 0.0000000000000000000, 0.0000000000000000000, 1.000000000000000000 ) ) ;
#7354 = AXIS2_PLACEMENT_3D ( 'NONE', #7355, #7353, #7352 ) ;
#7355 = CARTESIAN_POINT ( 'NONE',  ( -8.567952334525347900, 6.327952334525344100, -0.3449999999999999200 ) ) ;
#7356 = CIRCLE ( 'NONE', #7354, 0.6499999999999999100 ) ;
#7357 = CARTESIAN_POINT ( 'NONE',  ( -9.217952334525348200, 6.327952334525344100, -0.3449999999999999200 ) ) ;
#7358 = DIRECTION ( 'NONE',  ( 0.03489949670250104600, 0.0000000000000000000, -0.9993908270190957600 ) ) ;
#7359 = DIRECTION ( 'NONE',  ( 0.9993908270190957600, 7.568077132858173900E-017, 0.03489949670250104600 ) ) ;
#7360 = CARTESIAN_POINT ( 'NONE',  ( 9.455000000000000100, 7.214999999999997200, 0.0000000000000000000 ) ) ;
#7361 = AXIS2_PLACEMENT_3D ( 'NONE', #7360, #7359, #7358 ) ;
#7362 = CARTESIAN_POINT ( 'NONE',  ( 7.980000000000000400, 6.759999999999998900, -0.02500000000000000500 ) ) ;
#7363 = DIRECTION ( 'NONE',  ( 1.000000000000000000, 0.0000000000000000000, 0.0000000000000000000 ) ) ;
#7364 = CARTESIAN_POINT ( 'NONE',  ( 8.567952334525347900, 6.327952334525344100, -0.3449999999999999200 ) ) ;
#7365 = DIRECTION ( 'NONE',  ( 1.000000000000000000, 0.0000000000000000000, 0.0000000000000000000 ) ) ;
#7366 = DIRECTION ( 'NONE',  ( 0.0000000000000000000, 0.0000000000000000000, 1.000000000000000000 ) ) ;
#7367 = DIRECTION ( 'NONE',  ( -1.000000000000000000, 0.0000000000000000000, 0.0000000000000000000 ) ) ;
#7368 = VECTOR ( 'NONE', #7367, 39.37007874015748100 ) ;
#7369 = CARTESIAN_POINT ( 'NONE',  ( -6.890245173620602500, -6.647289941362954500, 0.3649999999999999400 ) ) ;
#7370 = CARTESIAN_POINT ( 'NONE',  ( -9.217952334525346500, 6.977952334525344500, 0.2049999999999999300 ) ) ;
#7371 = DIRECTION ( 'NONE',  ( 0.0000000000000000000, 0.0000000000000000000, -1.000000000000000000 ) ) ;
#7372 = DIRECTION ( 'NONE',  ( 1.000000000000000000, 0.0000000000000000000, 0.0000000000000000000 ) ) ;
#7373 = CARTESIAN_POINT ( 'NONE',  ( 9.217952334525348200, 6.977952334525344500, 0.2049999999999999300 ) ) ;
#7374 = AXIS2_PLACEMENT_3D ( 'NONE', #7373, #7372, #7371 ) ;
#7375 = PLANE ( 'NONE',  #7374 ) ;
#7376 = FACE_OUTER_BOUND ( 'NONE', #3730, .T. ) ;
#7377 = CARTESIAN_POINT ( 'NONE',  ( -8.798237204691780300, 7.207841242254189300, 0.2049999999999999300 ) ) ;
#7378 = DIRECTION ( 'NONE',  ( -0.03487826274237469700, -0.03487826274237469000, -0.9987827659587182900 ) ) ;
#7379 = VECTOR ( 'NONE', #7378, 39.37007874015748100 ) ;
#7380 = CARTESIAN_POINT ( 'NONE',  ( -8.806186201339720300, -7.215790238902136400, -0.02262948135553596900 ) ) ;
#7381 = LINE ( 'NONE', #7380, #7379 ) ;
#7382 = CARTESIAN_POINT ( 'NONE',  ( 8.798237204691773200, 7.207841242254189300, 0.2049999999999999300 ) ) ;
#7383 = DIRECTION ( 'NONE',  ( -1.000000000000000000, 0.0000000000000000000, 0.0000000000000000000 ) ) ;
#7384 = VECTOR ( 'NONE', #7383, 39.37007874015748100 ) ;
#7385 = CARTESIAN_POINT ( 'NONE',  ( -9.455000000000000100, 7.207841242254189300, 0.2049999999999999300 ) ) ;
#7386 = LINE ( 'NONE', #7385, #7384 ) ;
#7387 = LINE ( 'NONE', #7370, #7297 ) ;
#7388 = CARTESIAN_POINT ( 'NONE',  ( 9.455790238902134000, 6.566186201339718300, -0.02262948135553600300 ) ) ;
#7389 = LINE ( 'NONE', #7388, #7471 ) ;
#7390 = CARTESIAN_POINT ( 'NONE',  ( -8.567952334525346100, 6.977952334525344500, 0.2049999999999999300 ) ) ;
#7391 = LINE ( 'NONE', #7419, #7418 ) ;
#7392 = DIRECTION ( 'NONE',  ( -1.000000000000000000, 0.0000000000000000000, 0.0000000000000000000 ) ) ;
#7393 = DIRECTION ( 'NONE',  ( 0.0000000000000000000, 0.0000000000000000000, -1.000000000000000000 ) ) ;
#7394 = CARTESIAN_POINT ( 'NONE',  ( -3.989999999999998900, -6.759999999999998900, -0.02500000000000000500 ) ) ;
#7395 = AXIS2_PLACEMENT_3D ( 'NONE', #7394, #7393, #7392 ) ;
#7396 = CIRCLE ( 'NONE', #7395, 0.09554162597655958800 ) ;
#7397 = CARTESIAN_POINT ( 'NONE',  ( -7.979999999999999500, -6.759999999999999800, -0.02500000000000000500 ) ) ;
#7398 = DIRECTION ( 'NONE',  ( -1.000000000000000000, 0.0000000000000000000, 0.0000000000000000000 ) ) ;
#7399 = DIRECTION ( 'NONE',  ( 0.0000000000000000000, 0.0000000000000000000, -1.000000000000000000 ) ) ;
#7400 = CARTESIAN_POINT ( 'NONE',  ( 1.655667790367853900E-015, -6.759999999999999800, -0.02500000000000000500 ) ) ;
#7401 = AXIS2_PLACEMENT_3D ( 'NONE', #7400, #7399, #7398 ) ;
#7402 = CARTESIAN_POINT ( 'NONE',  ( -9.217952334525344700, -6.977952334525348000, 0.2049999999999999300 ) ) ;
#7403 = AXIS2_PLACEMENT_3D ( 'NONE', #7402, #7452, #7451 ) ;
#7404 = PLANE ( 'NONE',  #7403 ) ;
#7405 = DIRECTION ( 'NONE',  ( -1.000000000000000000, 0.0000000000000000000, 0.0000000000000000000 ) ) ;
#7406 = LINE ( 'NONE', #7390, #7489 ) ;
#7407 = CIRCLE ( 'NONE', #7401, 0.09554162597655964400 ) ;
#7408 = DIRECTION ( 'NONE',  ( 0.0000000000000000000, 0.0000000000000000000, -1.000000000000000000 ) ) ;
#7409 = AXIS2_PLACEMENT_3D ( 'NONE', #7397, #7408, #7405 ) ;
#7410 = CIRCLE ( 'NONE', #7409, 0.09554162597656012900 ) ;
#7411 = FACE_OUTER_BOUND ( 'NONE', #3825, .T. ) ;
#7412 = DIRECTION ( 'NONE',  ( 0.0000000000000000000, 0.0000000000000000000, -1.000000000000000000 ) ) ;
#7413 = AXIS2_PLACEMENT_3D ( 'NONE', #7434, #7412, #7435 ) ;
#7414 = DIRECTION ( 'NONE',  ( 0.0000000000000000000, 0.0000000000000000000, -1.000000000000000000 ) ) ;
#7415 = VECTOR ( 'NONE', #7414, 39.37007874015748100 ) ;
#7416 = CARTESIAN_POINT ( 'NONE',  ( -8.567952334525344300, -6.977952334525348000, 0.2049999999999999300 ) ) ;
#7417 = DIRECTION ( 'NONE',  ( 0.0000000000000000000, 0.0000000000000000000, 1.000000000000000000 ) ) ;
#7418 = VECTOR ( 'NONE', #7417, 39.37007874015748100 ) ;
#7419 = CARTESIAN_POINT ( 'NONE',  ( 8.567952334525347900, -6.977952334525348000, 0.2049999999999999300 ) ) ;
#7420 = DIRECTION ( 'NONE',  ( 7.572690211127550500E-017, -1.000000000000000000, 0.0000000000000000000 ) ) ;
#7421 = VECTOR ( 'NONE', #7420, 39.37007874015748100 ) ;
#7422 = CARTESIAN_POINT ( 'NONE',  ( -9.442952334525346100, -7.215000000000001600, -0.3449999999999999200 ) ) ;
#7423 = LINE ( 'NONE', #7422, #7421 ) ;
#7424 = DIRECTION ( 'NONE',  ( -1.000000000000000000, 0.0000000000000000000, 0.0000000000000000000 ) ) ;
#7425 = DIRECTION ( 'NONE',  ( 0.0000000000000000000, 0.0000000000000000000, -1.000000000000000000 ) ) ;
#7426 = AXIS2_PLACEMENT_3D ( 'NONE', #7482, #7425, #7424 ) ;
#7427 = CIRCLE ( 'NONE', #7426, 0.09554162597656012900 ) ;
#7428 = DIRECTION ( 'NONE',  ( 0.0000000000000000000, 0.0000000000000000000, 1.000000000000000000 ) ) ;
#7429 = DIRECTION ( 'NONE',  ( 1.000000000000000000, 0.0000000000000000000, 0.0000000000000000000 ) ) ;
#7430 = VECTOR ( 'NONE', #7429, 39.37007874015748100 ) ;
#7431 = CARTESIAN_POINT ( 'NONE',  ( -9.454999999999998300, -7.207841242254193800, 0.2049999999999999300 ) ) ;
#7432 = LINE ( 'NONE', #7431, #7430 ) ;
#7433 = CIRCLE ( 'NONE', #7475, 0.09554162597656012900 ) ;
#7434 = CARTESIAN_POINT ( 'NONE',  ( 7.980000000000001300, -6.759999999999999800, -0.02500000000000000500 ) ) ;
#7435 = DIRECTION ( 'NONE',  ( -1.000000000000000000, 0.0000000000000000000, 0.0000000000000000000 ) ) ;
#7436 = LINE ( 'NONE', #7463, #7481 ) ;
#7437 = DIRECTION ( 'NONE',  ( 0.0000000000000000000, -0.03489949670250104600, 0.9993908270190957600 ) ) ;
#7438 = DIRECTION ( 'NONE',  ( 0.0000000000000000000, 0.9993908270190957600, 0.03489949670250104600 ) ) ;
#7439 = CARTESIAN_POINT ( 'NONE',  ( -9.455000000000000100, 7.214999999999997200, 0.0000000000000000000 ) ) ;
#7440 = AXIS2_PLACEMENT_3D ( 'NONE', #7439, #7438, #7437 ) ;
#7441 = LINE ( 'NONE', #7416, #7415 ) ;
#7442 = CARTESIAN_POINT ( 'NONE',  ( 9.178862365128475500, 7.207841242254192900, 0.2049999999999999000 ) ) ;
#7443 = CARTESIAN_POINT ( 'NONE',  ( 9.447841242254192200, 6.938862365128478900, 0.2049999999999999000 ) ) ;
#7444 = CARTESIAN_POINT ( 'NONE',  ( 9.447841242254192200, 6.558237204691775600, 0.2049999999999999300 ) ) ;
#7445 =( BOUNDED_CURVE ( )  B_SPLINE_CURVE ( 3, ( #7444, #7443, #7442, #7500 ),
 .UNSPECIFIED., .F., .T. ) 
 B_SPLINE_CURVE_WITH_KNOTS ( ( 4, 4 ),
 ( 5.498396131367750100, 7.067974482991429500 ),
 .UNSPECIFIED. ) 
 CURVE ( )  GEOMETRIC_REPRESENTATION_ITEM ( )  RATIONAL_B_SPLINE_CURVE ( ( 1.000000000000000000, 0.8050248461936584400, 0.8050248461936584400, 1.000000000000000000 ) ) 
 REPRESENTATION_ITEM ( '' )  );
#7446 = CARTESIAN_POINT ( 'NONE',  ( 9.217952334525348200, 6.327952334525344100, -0.3449999999999999200 ) ) ;
#7447 = DIRECTION ( 'NONE',  ( -1.565988337379543700E-016, -1.000000000000000000, 0.0000000000000000000 ) ) ;
#7448 = VECTOR ( 'NONE', #7447, 39.37007874015748100 ) ;
#7449 = CARTESIAN_POINT ( 'NONE',  ( 9.217952334525348200, 6.977952334525344500, -0.3449999999999999200 ) ) ;
#7450 = LINE ( 'NONE', #7449, #7448 ) ;
#7451 = DIRECTION ( 'NONE',  ( 0.0000000000000000000, 0.0000000000000000000, -1.000000000000000000 ) ) ;
#7452 = DIRECTION ( 'NONE',  ( 0.0000000000000000000, -1.000000000000000000, 0.0000000000000000000 ) ) ;
#7453 = PLANE ( 'NONE',  #7440 ) ;
#7454 = FACE_OUTER_BOUND ( 'NONE', #3789, .T. ) ;
#7455 = CARTESIAN_POINT ( 'NONE',  ( 9.447841242254192200, 6.558237204691775600, 0.2049999999999999300 ) ) ;
#7456 = CARTESIAN_POINT ( 'NONE',  ( -8.798237204691778500, -7.207841242254193800, 0.2049999999999999300 ) ) ;
#7457 = CARTESIAN_POINT ( 'NONE',  ( 8.567952334525347900, -6.977952334525348000, 0.2049999999999999300 ) ) ;
#7458 = DIRECTION ( 'NONE',  ( 1.000000000000000000, 0.0000000000000000000, 0.0000000000000000000 ) ) ;
#7459 = DIRECTION ( 'NONE',  ( 0.0000000000000000000, 0.0000000000000000000, -1.000000000000000000 ) ) ;
#7460 = CARTESIAN_POINT ( 'NONE',  ( 8.567952334525347900, -6.327952334525348600, 0.2049999999999999300 ) ) ;
#7461 = AXIS2_PLACEMENT_3D ( 'NONE', #7460, #7459, #7458 ) ;
#7462 = CIRCLE ( 'NONE', #7461, 0.6499999999999999100 ) ;
#7463 = CARTESIAN_POINT ( 'NONE',  ( 9.438236241854040600, -6.548632204291628500, 0.4800512242412341400 ) ) ;
#7464 = LINE ( 'NONE', #7479, #7478 ) ;
#7465 = DIRECTION ( 'NONE',  ( -0.03487826274237469000, -0.03487826274237470400, 0.9987827659587182900 ) ) ;
#7466 = VECTOR ( 'NONE', #7465, 39.37007874015748100 ) ;
#7467 = CARTESIAN_POINT ( 'NONE',  ( -9.438236241854038900, -6.548632204291628500, -0.4800512242412342500 ) ) ;
#7468 = LINE ( 'NONE', #7467, #7466 ) ;
#7469 = CARTESIAN_POINT ( 'NONE',  ( -9.442952334525346100, -6.553348296962934900, -0.3449999999999999200 ) ) ;
#7470 = DIRECTION ( 'NONE',  ( -0.03487826274237469000, -0.03487826274237470400, 0.9987827659587182900 ) ) ;
#7471 = VECTOR ( 'NONE', #7470, 39.37007874015748100 ) ;
#7472 = DIRECTION ( 'NONE',  ( -1.000000000000000000, 0.0000000000000000000, 0.0000000000000000000 ) ) ;
#7473 = DIRECTION ( 'NONE',  ( 0.0000000000000000000, 0.0000000000000000000, -1.000000000000000000 ) ) ;
#7474 = CARTESIAN_POINT ( 'NONE',  ( -7.980000000000001300, 6.759999999999998900, -0.02500000000000000500 ) ) ;
#7475 = AXIS2_PLACEMENT_3D ( 'NONE', #7474, #7473, #7472 ) ;
#7476 = CARTESIAN_POINT ( 'NONE',  ( 9.455000000000000100, 6.565395962437584400, 0.0000000000000000000 ) ) ;
#7477 = DIRECTION ( 'NONE',  ( -7.572690211127549200E-017, 1.000000000000000000, 0.0000000000000000000 ) ) ;
#7478 = VECTOR ( 'NONE', #7477, 39.37007874015748100 ) ;
#7479 = CARTESIAN_POINT ( 'NONE',  ( 9.455000000000000100, 7.214999999999997200, 0.0000000000000000000 ) ) ;
#7480 = DIRECTION ( 'NONE',  ( 0.03487826274237469000, -0.03487826274237469700, -0.9987827659587182900 ) ) ;
#7481 = VECTOR ( 'NONE', #7480, 39.37007874015748100 ) ;
#7482 = CARTESIAN_POINT ( 'NONE',  ( -8.999999999999998200, -6.409498646121399200E-032, -0.02500000000000000500 ) ) ;
#7483 = CARTESIAN_POINT ( 'NONE',  ( -8.567952334525344300, -6.977952334525348000, 0.2049999999999999300 ) ) ;
#7484 = DIRECTION ( 'NONE',  ( 1.000000000000000000, 0.0000000000000000000, 0.0000000000000000000 ) ) ;
#7485 = VECTOR ( 'NONE', #7484, 39.37007874015748100 ) ;
#7486 = CARTESIAN_POINT ( 'NONE',  ( -9.217952334525344700, -6.977952334525348000, 0.2049999999999999300 ) ) ;
#7487 = LINE ( 'NONE', #7486, #7485 ) ;
#7488 = DIRECTION ( 'NONE',  ( 1.000000000000000000, 0.0000000000000000000, 0.0000000000000000000 ) ) ;
#7489 = VECTOR ( 'NONE', #7428, 39.37007874015748100 ) ;
#7490 = DIRECTION ( 'NONE',  ( 0.0000000000000000000, 0.0000000000000000000, 1.000000000000000000 ) ) ;
#7491 = CARTESIAN_POINT ( 'NONE',  ( 5.463695987328526400E-016, -2.185478394931410600E-015, 0.2049999999999999300 ) ) ;
#7492 = AXIS2_PLACEMENT_3D ( 'NONE', #7491, #7490, #7488 ) ;
#7493 = PLANE ( 'NONE',  #7492 ) ;
#7494 = FACE_OUTER_BOUND ( 'NONE', #3659, .T. ) ;
#7495 = FACE_BOUND ( 'NONE', #3663, .T. ) ;
#7496 = DIRECTION ( 'NONE',  ( 0.0000000000000000000, 0.0000000000000000000, -1.000000000000000000 ) ) ;
#7497 = VECTOR ( 'NONE', #7496, 39.37007874015748100 ) ;
#7498 = CARTESIAN_POINT ( 'NONE',  ( -9.217952334525346500, 6.327952334525344100, 0.2049999999999999300 ) ) ;
#7499 = LINE ( 'NONE', #7498, #7497 ) ;
#7500 = CARTESIAN_POINT ( 'NONE',  ( 8.798237204691773200, 7.207841242254189300, 0.2049999999999999300 ) ) ;
#7501 = CARTESIAN_POINT ( 'NONE',  ( -8.567952334525344300, -6.327952334525347700, 0.2049999999999999300 ) ) ;
#7502 = AXIS2_PLACEMENT_3D ( 'NONE', #7501, #7270, #643 ) ;
#7503 = FACE_OUTER_BOUND ( 'NONE', #3873, .T. ) ;
#7504 = DIRECTION ( 'NONE',  ( 1.000000000000000000, 0.0000000000000000000, 0.0000000000000000000 ) ) ;
#7505 = DIRECTION ( 'NONE',  ( 0.0000000000000000000, 0.0000000000000000000, 1.000000000000000000 ) ) ;
#7506 = CARTESIAN_POINT ( 'NONE',  ( 3.990000000000002000, -6.759999999999998900, 0.3449999999999999200 ) ) ;
#7507 = AXIS2_PLACEMENT_3D ( 'NONE', #7506, #7505, #7504 ) ;
#7508 = CONICAL_SURFACE ( 'NONE', #7507, 0.1020000000000001700, 0.01745329251994333400 ) ;
#7509 = CYLINDRICAL_SURFACE ( 'NONE', #7533, 0.6499999999999999100 ) ;
#7510 = CARTESIAN_POINT ( 'NONE',  ( -7.979999999999999500, -6.759999999999999800, 0.3449999999999999200 ) ) ;
#7511 = DIRECTION ( 'NONE',  ( 1.000000000000000000, 0.0000000000000000000, 0.0000000000000000000 ) ) ;
#7512 = DIRECTION ( 'NONE',  ( 0.0000000000000000000, 0.0000000000000000000, 1.000000000000000000 ) ) ;
#7513 = CARTESIAN_POINT ( 'NONE',  ( 0.0000000000000000000, 6.759999999999999800, 0.3449999999999999200 ) ) ;
#7514 = FACE_OUTER_BOUND ( 'NONE', #3896, .T. ) ;
#7515 = CYLINDRICAL_SURFACE ( 'NONE', #7516, 0.6499999999999999100 ) ;
#7516 = AXIS2_PLACEMENT_3D ( 'NONE', #7564, #7563, #7562 ) ;
#7517 = DIRECTION ( 'NONE',  ( 0.0000000000000000000, 0.0000000000000000000, 1.000000000000000000 ) ) ;
#7518 = CARTESIAN_POINT ( 'NONE',  ( -8.537952334525346700, 6.297952334525343900, -0.02500000000000000500 ) ) ;
#7519 = AXIS2_PLACEMENT_3D ( 'NONE', #7518, #7544, #7543 ) ;
#7520 = CIRCLE ( 'NONE', #7519, 0.2300000000000005700 ) ;
#7521 = FACE_OUTER_BOUND ( 'NONE', #4045, .T. ) ;
#7522 = DIRECTION ( 'NONE',  ( 0.9993908270190957600, 0.0000000000000000000, 0.03489949670250105200 ) ) ;
#7523 = DIRECTION ( 'NONE',  ( -0.03487826274237470400, 0.03487826274237470400, 0.9987827659587184000 ) ) ;
#7524 = CARTESIAN_POINT ( 'NONE',  ( -8.806186201339722100, 6.566186201339720100, 0.04531415421216165200 ) ) ;
#7525 = AXIS2_PLACEMENT_3D ( 'NONE', #7524, #7523, #7522 ) ;
#7526 = CARTESIAN_POINT ( 'NONE',  ( 8.805395962437586400, -7.215000000000001600, 0.0000000000000000000 ) ) ;
#7527 = CARTESIAN_POINT ( 'NONE',  ( 9.186021122874285200, -7.214999999999999000, 9.937097076953760200E-015 ) ) ;
#7528 = CARTESIAN_POINT ( 'NONE',  ( 9.454999999999998300, -6.946021122874288500, 9.937097076953760200E-015 ) ) ;
#7529 = CARTESIAN_POINT ( 'NONE',  ( 9.455000000000000100, -6.565395962437589700, 0.0000000000000000000 ) ) ;
#7530 = DIRECTION ( 'NONE',  ( -0.9993908270190957600, 0.0000000000000000000, 0.03489949670250105200 ) ) ;
#7531 = DIRECTION ( 'NONE',  ( -0.03487826274237470400, 0.03487826274237470400, -0.9987827659587184000 ) ) ;
#7532 = CARTESIAN_POINT ( 'NONE',  ( -8.806186201339722100, 6.566186201339720100, -0.04531415421216165200 ) ) ;
#7533 = AXIS2_PLACEMENT_3D ( 'NONE', #7532, #7531, #7530 ) ;
#7534 = DIRECTION ( 'NONE',  ( 1.000000000000000000, 0.0000000000000000000, 0.0000000000000000000 ) ) ;
#7535 = DIRECTION ( 'NONE',  ( -1.000000000000000000, 0.0000000000000000000, 0.0000000000000000000 ) ) ;
#7536 = CARTESIAN_POINT ( 'NONE',  ( -6.957269078535132300, -6.726616864439877800, 0.3649999999999999400 ) ) ;
#7537 = DIRECTION ( 'NONE',  ( 1.000000000000000000, 0.0000000000000000000, 0.0000000000000000000 ) ) ;
#7538 = DIRECTION ( 'NONE',  ( 0.0000000000000000000, 0.0000000000000000000, 1.000000000000000000 ) ) ;
#7539 = AXIS2_PLACEMENT_3D ( 'NONE', #7542, #7538, #7537 ) ;
#7540 = CONICAL_SURFACE ( 'NONE', #7539, 0.1020000000000001700, 0.01745329251994333400 ) ;
#7541 = FACE_OUTER_BOUND ( 'NONE', #3863, .T. ) ;
#7542 = CARTESIAN_POINT ( 'NONE',  ( 8.999999999999998200, 1.140914454013846100E-031, 0.3449999999999999200 ) ) ;
#7543 = DIRECTION ( 'NONE',  ( -1.000000000000000000, 0.0000000000000000000, 0.0000000000000000000 ) ) ;
#7544 = DIRECTION ( 'NONE',  ( 0.0000000000000000000, 0.0000000000000000000, 1.000000000000000000 ) ) ;
#7545 = CARTESIAN_POINT ( 'NONE',  ( -9.186021122874287000, 7.214999999999998100, 1.421414659203437000E-015 ) ) ;
#7546 = CARTESIAN_POINT ( 'NONE',  ( -9.455000000000000100, 6.946021122874284100, 1.421414659203437000E-015 ) ) ;
#7547 = CARTESIAN_POINT ( 'NONE',  ( -9.455000000000000100, 6.565395962437585300, 0.0000000000000000000 ) ) ;
#7548 = LINE ( 'NONE', #7555, #7557 ) ;
#7549 = CONICAL_SURFACE ( 'NONE', #7550, 0.1020000000000001700, 0.01745329251994333400 ) ;
#7550 = AXIS2_PLACEMENT_3D ( 'NONE', #7513, #7512, #7511 ) ;
#7551 = DIRECTION ( 'NONE',  ( 1.000000000000000000, 0.0000000000000000000, 0.0000000000000000000 ) ) ;
#7552 = DIRECTION ( 'NONE',  ( 0.0000000000000000000, 0.0000000000000000000, 1.000000000000000000 ) ) ;
#7553 = CARTESIAN_POINT ( 'NONE',  ( 8.567952334525347900, -6.327952334525348600, 0.2049999999999999300 ) ) ;
#7554 = FACE_OUTER_BOUND ( 'NONE', #4030, .T. ) ;
#7555 = CARTESIAN_POINT ( 'NONE',  ( 9.217952334525344700, -6.327952334525348600, -0.02500000000000000500 ) ) ;
#7556 = FACE_OUTER_BOUND ( 'NONE', #3880, .T. ) ;
#7557 = VECTOR ( 'NONE', #7577, 39.37007874015748100 ) ;
#7558 = CARTESIAN_POINT ( 'NONE',  ( 8.783182314702196800, 6.543182314702196600, 0.6134309700314228800 ) ) ;
#7559 = AXIS2_PLACEMENT_3D ( 'NONE', #7558, #7569, #7568 ) ;
#7560 = CYLINDRICAL_SURFACE ( 'NONE', #7559, 0.6499999999999999100 ) ;
#7561 = FACE_OUTER_BOUND ( 'NONE', #3888, .T. ) ;
#7562 = DIRECTION ( 'NONE',  ( 1.000000000000000000, 0.0000000000000000000, 0.0000000000000000000 ) ) ;
#7563 = DIRECTION ( 'NONE',  ( 0.0000000000000000000, 0.0000000000000000000, 1.000000000000000000 ) ) ;
#7564 = CARTESIAN_POINT ( 'NONE',  ( 8.567952334525346100, -6.327952334525348600, -0.02500000000000000500 ) ) ;
#7565 = FACE_OUTER_BOUND ( 'NONE', #3922, .T. ) ;
#7566 = CYLINDRICAL_SURFACE ( 'NONE', #7567, 0.6499999999999999100 ) ;
#7567 = AXIS2_PLACEMENT_3D ( 'NONE', #7553, #7552, #7551 ) ;
#7568 = DIRECTION ( 'NONE',  ( -0.9993908270190957600, 0.0000000000000000000, -0.03489949670250102500 ) ) ;
#7569 = DIRECTION ( 'NONE',  ( 0.03487826274237470400, 0.03487826274237470400, -0.9987827659587184000 ) ) ;
#7570 = FACE_OUTER_BOUND ( 'NONE', #3918, .T. ) ;
#7571 =( BOUNDED_CURVE ( )  B_SPLINE_CURVE ( 3, ( #7529, #7528, #7527, #7526 ),
 .UNSPECIFIED., .F., .T. ) 
 B_SPLINE_CURVE_WITH_KNOTS ( ( 4, 4 ),
 ( 5.498396131367751000, 7.067974482991422400 ),
 .UNSPECIFIED. ) 
 CURVE ( )  GEOMETRIC_REPRESENTATION_ITEM ( )  RATIONAL_B_SPLINE_CURVE ( ( 1.000000000000000000, 0.8050248461936604400, 0.8050248461936604400, 1.000000000000000000 ) ) 
 REPRESENTATION_ITEM ( '' )  );
#7572 = CYLINDRICAL_SURFACE ( 'NONE', #7525, 0.6499999999999999100 ) ;
#7573 = DIRECTION ( 'NONE',  ( 1.000000000000000000, 0.0000000000000000000, 0.0000000000000000000 ) ) ;
#7574 = DIRECTION ( 'NONE',  ( 0.0000000000000000000, 0.0000000000000000000, 1.000000000000000000 ) ) ;
#7575 = CARTESIAN_POINT ( 'NONE',  ( -8.567952334525344300, -6.327952334525347700, 0.2049999999999999300 ) ) ;
#7576 = AXIS2_PLACEMENT_3D ( 'NONE', #7575, #7574, #7573 ) ;
#7577 = DIRECTION ( 'NONE',  ( 0.0000000000000000000, 0.0000000000000000000, 1.000000000000000000 ) ) ;
#7578 = CYLINDRICAL_SURFACE ( 'NONE', #7576, 0.6499999999999999100 ) ;
#7579 =( BOUNDED_CURVE ( )  B_SPLINE_CURVE ( 3, ( #7547, #7546, #7545, #7581 ),
 .UNSPECIFIED., .F., .T. ) 
 B_SPLINE_CURVE_WITH_KNOTS ( ( 4, 4 ),
 ( 5.498396131367750100, 7.067974482991422400 ),
 .UNSPECIFIED. ) 
 CURVE ( )  GEOMETRIC_REPRESENTATION_ITEM ( )  RATIONAL_B_SPLINE_CURVE ( ( 1.000000000000000000, 0.8050248461936601000, 0.8050248461936601000, 1.000000000000000000 ) ) 
 REPRESENTATION_ITEM ( '' )  );
#7580 = FACE_OUTER_BOUND ( 'NONE', #3953, .T. ) ;
#7581 = CARTESIAN_POINT ( 'NONE',  ( -8.805395962437588200, 7.214999999999997200, 0.0000000000000000000 ) ) ;
#7582 = CARTESIAN_POINT ( 'NONE',  ( -3.989999999999998900, -6.759999999999998900, 0.3449999999999999200 ) ) ;
#7583 = DIRECTION ( 'NONE',  ( 0.0000000000000000000, 0.0000000000000000000, -1.000000000000000000 ) ) ;
#7584 = CARTESIAN_POINT ( 'NONE',  ( -8.537952334525346700, 6.297952334525343900, -0.3449999999999999200 ) ) ;
#7585 = AXIS2_PLACEMENT_3D ( 'NONE', #7584, #7583, #7619 ) ;
#7586 = CARTESIAN_POINT ( 'NONE',  ( -6.959045377445076700, -6.726654879337099000, 0.3649999999999998800 ) ) ;
#7587 = DIRECTION ( 'NONE',  ( 0.9993908270190957600, 0.0000000000000000000, -0.03489949670250105200 ) ) ;
#7588 = DIRECTION ( 'NONE',  ( 0.03487826274237470400, 0.03487826274237470400, 0.9987827659587184000 ) ) ;
#7589 = CARTESIAN_POINT ( 'NONE',  ( 8.806186201339722100, 6.566186201339720100, 0.04531415421216165200 ) ) ;
#7590 = AXIS2_PLACEMENT_3D ( 'NONE', #7589, #7588, #7587 ) ;
#7591 = FACE_OUTER_BOUND ( 'NONE', #3982, .T. ) ;
#7592 = CYLINDRICAL_SURFACE ( 'NONE', #7590, 0.6499999999999999100 ) ;
#7593 = DIRECTION ( 'NONE',  ( 1.000000000000000000, 0.0000000000000000000, 0.0000000000000000000 ) ) ;
#7594 = DIRECTION ( 'NONE',  ( 0.0000000000000000000, 0.0000000000000000000, 1.000000000000000000 ) ) ;
#7595 = CARTESIAN_POINT ( 'NONE',  ( 1.655667790367853900E-015, -6.759999999999999800, 0.3449999999999999200 ) ) ;
#7596 = AXIS2_PLACEMENT_3D ( 'NONE', #7595, #7594, #7593 ) ;
#7597 = CARTESIAN_POINT ( 'NONE',  ( 7.980000000000001300, -6.759999999999999800, 0.3449999999999999200 ) ) ;
#7598 = CONICAL_SURFACE ( 'NONE', #7612, 0.1020000000000001700, 0.01745329251994333400 ) ;
#7599 = DIRECTION ( 'NONE',  ( 0.0000000000000000000, -1.000000000000000000, 0.0000000000000000000 ) ) ;
#7600 = CARTESIAN_POINT ( 'NONE',  ( -8.567952334525347900, -6.327952334525347700, -0.02500000000000000500 ) ) ;
#7601 = FACE_OUTER_BOUND ( 'NONE', #3959, .T. ) ;
#7602 = CYLINDRICAL_SURFACE ( 'NONE', #7640, 0.6499999999999999100 ) ;
#7603 = FACE_OUTER_BOUND ( 'NONE', #3981, .T. ) ;
#7604 = CONICAL_SURFACE ( 'NONE', #7596, 0.1020000000000001700, 0.01745329251994333400 ) ;
#7605 = DIRECTION ( 'NONE',  ( 1.000000000000000000, 0.0000000000000000000, 0.0000000000000000000 ) ) ;
#7606 = DIRECTION ( 'NONE',  ( 0.0000000000000000000, 0.0000000000000000000, 1.000000000000000000 ) ) ;
#7607 = CARTESIAN_POINT ( 'NONE',  ( -9.000000000000000000, 3.990000000000000200, 0.3449999999999999200 ) ) ;
#7608 = AXIS2_PLACEMENT_3D ( 'NONE', #7607, #7606, #7605 ) ;
#7609 = FACE_OUTER_BOUND ( 'NONE', #3975, .T. ) ;
#7610 = CONICAL_SURFACE ( 'NONE', #7630, 0.1020000000000001700, 0.01745329251994333400 ) ;
#7611 = FACE_OUTER_BOUND ( 'NONE', #3936, .T. ) ;
#7612 = AXIS2_PLACEMENT_3D ( 'NONE', #7582, #7641, #7650 ) ;
#7613 = DIRECTION ( 'NONE',  ( 1.000000000000000000, 0.0000000000000000000, 0.0000000000000000000 ) ) ;
#7614 = DIRECTION ( 'NONE',  ( 1.000000000000000000, 0.0000000000000000000, 0.0000000000000000000 ) ) ;
#7615 = CONICAL_SURFACE ( 'NONE', #7623, 0.1020000000000001700, 0.01745329251994333400 ) ;
#7616 = FACE_OUTER_BOUND ( 'NONE', #3854, .T. ) ;
#7617 =( BOUNDED_CURVE ( )  B_SPLINE_CURVE ( 3, ( #7653, #7652, #7632, #7631 ),
 .UNSPECIFIED., .F., .T. ) 
 B_SPLINE_CURVE_WITH_KNOTS ( ( 4, 4 ),
 ( 5.498396131367750100, 7.067974482991424200 ),
 .UNSPECIFIED. ) 
 CURVE ( )  GEOMETRIC_REPRESENTATION_ITEM ( )  RATIONAL_B_SPLINE_CURVE ( ( 1.000000000000000000, 0.8050248461936596600, 0.8050248461936596600, 1.000000000000000000 ) ) 
 REPRESENTATION_ITEM ( '' )  );
#7618 = FACE_OUTER_BOUND ( 'NONE', #3950, .T. ) ;
#7619 = DIRECTION ( 'NONE',  ( -1.000000000000000000, 0.0000000000000000000, 0.0000000000000000000 ) ) ;
#7620 = CARTESIAN_POINT ( 'NONE',  ( 9.000000000000001800, -3.989999999999999800, 0.3449999999999999200 ) ) ;
#7621 = AXIS2_PLACEMENT_3D ( 'NONE', #7651, #7599, #7629 ) ;
#7622 = FACE_OUTER_BOUND ( 'NONE', #3940, .T. ) ;
#7623 = AXIS2_PLACEMENT_3D ( 'NONE', #7597, #7624, #7614 ) ;
#7624 = DIRECTION ( 'NONE',  ( 0.0000000000000000000, 0.0000000000000000000, 1.000000000000000000 ) ) ;
#7625 = CYLINDRICAL_SURFACE ( 'NONE', #7585, 0.2300000000000005700 ) ;
#7626 = FACE_OUTER_BOUND ( 'NONE', #4168, .T. ) ;
#7627 = DIRECTION ( 'NONE',  ( 0.0000000000000000000, 0.0000000000000000000, 1.000000000000000000 ) ) ;
#7628 = CYLINDRICAL_SURFACE ( 'NONE', #7621, 0.07199999999999939800 ) ;
#7629 = DIRECTION ( 'NONE',  ( 0.0000000000000000000, 0.0000000000000000000, -1.000000000000000000 ) ) ;
#7630 = AXIS2_PLACEMENT_3D ( 'NONE', #7620, #7627, #7613 ) ;
#7631 = CARTESIAN_POINT ( 'NONE',  ( 8.805395962437584600, 7.214999999999997200, 0.0000000000000000000 ) ) ;
#7632 = CARTESIAN_POINT ( 'NONE',  ( 9.186021122874285200, 7.214999999999997200, -1.015052270145877800E-014 ) ) ;
#7633 = DIRECTION ( 'NONE',  ( 1.000000000000000000, 0.0000000000000000000, 0.0000000000000000000 ) ) ;
#7634 = DIRECTION ( 'NONE',  ( 0.0000000000000000000, 0.0000000000000000000, 1.000000000000000000 ) ) ;
#7635 = CARTESIAN_POINT ( 'NONE',  ( 8.567952334525347900, 6.327952334525344100, -0.02500000000000000500 ) ) ;
#7636 = AXIS2_PLACEMENT_3D ( 'NONE', #7635, #7634, #7633 ) ;
#7637 = CYLINDRICAL_SURFACE ( 'NONE', #7636, 0.6499999999999999100 ) ;
#7638 = DIRECTION ( 'NONE',  ( 1.000000000000000000, 0.0000000000000000000, 0.0000000000000000000 ) ) ;
#7639 = DIRECTION ( 'NONE',  ( 0.0000000000000000000, 0.0000000000000000000, 1.000000000000000000 ) ) ;
#7640 = AXIS2_PLACEMENT_3D ( 'NONE', #7600, #7639, #7638 ) ;
#7641 = DIRECTION ( 'NONE',  ( 0.0000000000000000000, 0.0000000000000000000, 1.000000000000000000 ) ) ;
#7642 = CONICAL_SURFACE ( 'NONE', #7608, 0.1020000000000001700, 0.01745329251994333400 ) ;
#7643 = FACE_OUTER_BOUND ( 'NONE', #3971, .T. ) ;
#7644 = CARTESIAN_POINT ( 'NONE',  ( -9.217952334525348200, 6.327952334525344100, -0.02500000000000000500 ) ) ;
#7645 = DIRECTION ( 'NONE',  ( -1.000000000000000000, 0.0000000000000000000, 0.0000000000000000000 ) ) ;
#7646 = DIRECTION ( 'NONE',  ( 0.0000000000000000000, 0.0000000000000000000, 1.000000000000000000 ) ) ;
#7647 = CARTESIAN_POINT ( 'NONE',  ( -8.537952334525345000, -6.297952334525348300, -0.02500000000000000500 ) ) ;
#7648 = AXIS2_PLACEMENT_3D ( 'NONE', #7647, #7646, #7645 ) ;
#7649 = CIRCLE ( 'NONE', #7648, 0.2299999999999994500 ) ;
#7650 = DIRECTION ( 'NONE',  ( 1.000000000000000000, 0.0000000000000000000, 0.0000000000000000000 ) ) ;
#7651 = CARTESIAN_POINT ( 'NONE',  ( -5.399000000000000000, 7.214999999999998100, -0.1949999999999999800 ) ) ;
#7652 = CARTESIAN_POINT ( 'NONE',  ( 9.454999999999998300, 6.946021122874282300, -1.015052270145877800E-014 ) ) ;
#7653 = CARTESIAN_POINT ( 'NONE',  ( 9.455000000000000100, 6.565395962437584400, 0.0000000000000000000 ) ) ;
#7654 = CARTESIAN_POINT ( 'NONE',  ( -8.999999999999998200, -3.989999999999999800, 0.3449999999999999200 ) ) ;
#7655 = AXIS2_PLACEMENT_3D ( 'NONE', #7654, #7658, #7666 ) ;
#7656 = CONICAL_SURFACE ( 'NONE', #7655, 0.1020000000000001700, 0.01745329251994333400 ) ;
#7657 = FACE_OUTER_BOUND ( 'NONE', #3883, .T. ) ;
#7658 = DIRECTION ( 'NONE',  ( 0.0000000000000000000, 0.0000000000000000000, 1.000000000000000000 ) ) ;
#7659 = DIRECTION ( 'NONE',  ( 1.000000000000000000, 0.0000000000000000000, 0.0000000000000000000 ) ) ;
#7660 = DIRECTION ( 'NONE',  ( 0.0000000000000000000, 0.0000000000000000000, 1.000000000000000000 ) ) ;
#7661 = FACE_OUTER_BOUND ( 'NONE', #4004, .T. ) ;
#7662 = CARTESIAN_POINT ( 'NONE',  ( -9.217952334525348200, -6.327952334525347700, -0.02500000000000000500 ) ) ;
#7663 = DIRECTION ( 'NONE',  ( 0.9993908270190957600, 0.0000000000000000000, -0.03489949670250102500 ) ) ;
#7664 = CYLINDRICAL_SURFACE ( 'NONE', #7665, 0.6499999999999999100 ) ;
#7665 = AXIS2_PLACEMENT_3D ( 'NONE', #7692, #7691, #7690 ) ;
#7666 = DIRECTION ( 'NONE',  ( 1.000000000000000000, 0.0000000000000000000, 0.0000000000000000000 ) ) ;
#7667 = FACE_OUTER_BOUND ( 'NONE', #4033, .T. ) ;
#7668 = DIRECTION ( 'NONE',  ( 1.000000000000000000, 0.0000000000000000000, 0.0000000000000000000 ) ) ;
#7669 = DIRECTION ( 'NONE',  ( 0.0000000000000000000, 0.0000000000000000000, 1.000000000000000000 ) ) ;
#7670 = CARTESIAN_POINT ( 'NONE',  ( -3.990000000000000200, 6.759999999999998900, 0.3449999999999999200 ) ) ;
#7671 = AXIS2_PLACEMENT_3D ( 'NONE', #7670, #7669, #7668 ) ;
#7672 = CARTESIAN_POINT ( 'NONE',  ( 9.000000000000000000, 3.990000000000000200, 0.3449999999999999200 ) ) ;
#7673 = CONICAL_SURFACE ( 'NONE', #7671, 0.1020000000000001700, 0.01745329251994333400 ) ;
#7674 = DIRECTION ( 'NONE',  ( 0.03487826274237470400, -0.03487826274237470400, 0.9987827659587184000 ) ) ;
#7675 = CARTESIAN_POINT ( 'NONE',  ( 8.783182314702196800, -6.543182314702201000, -0.6134309700314228800 ) ) ;
#7676 = PLANE ( 'NONE',  #7737 ) ;
#7677 = DIRECTION ( 'NONE',  ( -0.9993908270190957600, 0.0000000000000000000, -0.03489949670250102500 ) ) ;
#7678 = DIRECTION ( 'NONE',  ( 0.03487826274237470400, -0.03487826274237470400, -0.9987827659587184000 ) ) ;
#7679 = CARTESIAN_POINT ( 'NONE',  ( 8.788632204291628700, -6.548632204291628500, 0.4573665513846085200 ) ) ;
#7680 = AXIS2_PLACEMENT_3D ( 'NONE', #7679, #7678, #7677 ) ;
#7681 = CYLINDRICAL_SURFACE ( 'NONE', #7680, 0.6499999999999999100 ) ;
#7682 = FACE_OUTER_BOUND ( 'NONE', #4025, .T. ) ;
#7683 = CARTESIAN_POINT ( 'NONE',  ( 3.990000000000000200, 6.759999999999998900, -0.02500000000000000500 ) ) ;
#7684 = CARTESIAN_POINT ( 'NONE',  ( 9.217952334525344700, -6.327952334525347700, -0.02500000000000000500 ) ) ;
#7685 = DIRECTION ( 'NONE',  ( 1.000000000000000000, 0.0000000000000000000, 0.0000000000000000000 ) ) ;
#7686 = DIRECTION ( 'NONE',  ( 0.0000000000000000000, 0.0000000000000000000, 1.000000000000000000 ) ) ;
#7687 = AXIS2_PLACEMENT_3D ( 'NONE', #7672, #7686, #7685 ) ;
#7688 = CONICAL_SURFACE ( 'NONE', #7687, 0.1020000000000001700, 0.01745329251994333400 ) ;
#7689 = DIRECTION ( 'NONE',  ( -1.000000000000000000, 0.0000000000000000000, 0.0000000000000000000 ) ) ;
#7690 = DIRECTION ( 'NONE',  ( -0.9993908270190957600, 0.0000000000000000000, 0.03489949670250105200 ) ) ;
#7691 = DIRECTION ( 'NONE',  ( -0.03487826274237470400, -0.03487826274237470400, -0.9987827659587184000 ) ) ;
#7692 = CARTESIAN_POINT ( 'NONE',  ( -8.806186201339720300, -6.566186201339723600, -0.04531415421216165200 ) ) ;
#7693 = AXIS2_PLACEMENT_3D ( 'NONE', #7675, #7674, #7663 ) ;
#7694 = AXIS2_PLACEMENT_3D ( 'NONE', #7701, #7700, #7689 ) ;
#7695 = FACE_OUTER_BOUND ( 'NONE', #3989, .T. ) ;
#7696 = CARTESIAN_POINT ( 'NONE',  ( -9.454999999999998300, -6.565395962437589700, 0.0000000000000000000 ) ) ;
#7697 = CARTESIAN_POINT ( 'NONE',  ( -9.454999999999998300, -6.946021122874287600, 1.015052270145877800E-014 ) ) ;
#7698 = CARTESIAN_POINT ( 'NONE',  ( -9.186021122874285200, -7.215000000000001600, 1.015052270145877800E-014 ) ) ;
#7699 = CARTESIAN_POINT ( 'NONE',  ( -8.805395962437584600, -7.215000000000001600, 0.0000000000000000000 ) ) ;
#7700 = DIRECTION ( 'NONE',  ( 0.0000000000000000000, 0.0000000000000000000, -1.000000000000000000 ) ) ;
#7701 = CARTESIAN_POINT ( 'NONE',  ( 8.567952334525347900, 6.327952334525344100, -0.02500000000000000500 ) ) ;
#7702 = CONICAL_SURFACE ( 'NONE', #7722, 0.1020000000000001700, 0.01745329251994333400 ) ;
#7703 = DIRECTION ( 'NONE',  ( 0.9993908270190957600, 0.0000000000000000000, 0.03489949670250102500 ) ) ;
#7704 = DIRECTION ( 'NONE',  ( -0.03487826274237470400, -0.03487826274237470400, 0.9987827659587184000 ) ) ;
#7705 = CARTESIAN_POINT ( 'NONE',  ( -8.788632204291626900, -6.548632204291628500, -0.4573665513846085200 ) ) ;
#7706 = AXIS2_PLACEMENT_3D ( 'NONE', #7705, #7704, #7703 ) ;
#7707 = FACE_OUTER_BOUND ( 'NONE', #3911, .T. ) ;
#7708 = CYLINDRICAL_SURFACE ( 'NONE', #7706, 0.6499999999999999100 ) ;
#7709 = CARTESIAN_POINT ( 'NONE',  ( -7.980000000000001300, 6.759999999999998900, 0.3449999999999999200 ) ) ;
#7710 = DIRECTION ( 'NONE',  ( 0.0000000000000000000, 0.0000000000000000000, -1.000000000000000000 ) ) ;
#7711 = CARTESIAN_POINT ( 'NONE',  ( -8.567952334525347900, 6.327952334525344100, -0.02500000000000000500 ) ) ;
#7712 = AXIS2_PLACEMENT_3D ( 'NONE', #7711, #7710, #7535 ) ;
#7713 = CIRCLE ( 'NONE', #7712, 0.6499999999999999100 ) ;
#7714 = CARTESIAN_POINT ( 'NONE',  ( -6.962712984043719200, -6.726733370455412400, 0.3649999999999999400 ) ) ;
#7715 = DIRECTION ( 'NONE',  ( -1.000000000000000000, 0.0000000000000000000, 0.0000000000000000000 ) ) ;
#7716 = DIRECTION ( 'NONE',  ( 0.0000000000000000000, 0.0000000000000000000, -1.000000000000000000 ) ) ;
#7717 = AXIS2_PLACEMENT_3D ( 'NONE', #7683, #7716, #7715 ) ;
#7718 = CIRCLE ( 'NONE', #7717, 0.09554162597655958800 ) ;
#7719 = CARTESIAN_POINT ( 'NONE',  ( -8.567952334525346100, 6.327952334525344100, 0.2049999999999999300 ) ) ;
#7720 = AXIS2_PLACEMENT_3D ( 'NONE', #7719, #7660, #7659 ) ;
#7721 = CIRCLE ( 'NONE', #7694, 0.6499999999999999100 ) ;
#7722 = AXIS2_PLACEMENT_3D ( 'NONE', #7709, #7725, #7738 ) ;
#7723 = FACE_OUTER_BOUND ( 'NONE', #4016, .T. ) ;
#7724 =( BOUNDED_CURVE ( )  B_SPLINE_CURVE ( 3, ( #7699, #7698, #7697, #7696 ),
 .UNSPECIFIED., .F., .T. ) 
 B_SPLINE_CURVE_WITH_KNOTS ( ( 4, 4 ),
 ( 5.498396131367748300, 7.067974482991421500 ),
 .UNSPECIFIED. ) 
 CURVE ( )  GEOMETRIC_REPRESENTATION_ITEM ( )  RATIONAL_B_SPLINE_CURVE ( ( 1.000000000000000000, 0.8050248461936597700, 0.8050248461936597700, 1.000000000000000000 ) ) 
 REPRESENTATION_ITEM ( '' )  );
#7725 = DIRECTION ( 'NONE',  ( 0.0000000000000000000, 0.0000000000000000000, 1.000000000000000000 ) ) ;
#7726 = CYLINDRICAL_SURFACE ( 'NONE', #7693, 0.6499999999999999100 ) ;
#7727 = CYLINDRICAL_SURFACE ( 'NONE', #7720, 0.6499999999999999100 ) ;
#7728 = FACE_OUTER_BOUND ( 'NONE', #3892, .T. ) ;
#7729 = FACE_OUTER_BOUND ( 'NONE', #4006, .T. ) ;
#7730 = DIRECTION ( 'NONE',  ( 0.0000000000000000000, 0.0000000000000000000, 1.000000000000000000 ) ) ;
#7731 = VECTOR ( 'NONE', #7730, 39.37007874015748100 ) ;
#7732 = CARTESIAN_POINT ( 'NONE',  ( -9.217952334525348200, 6.327952334525344100, -0.02500000000000000500 ) ) ;
#7733 = LINE ( 'NONE', #7732, #7731 ) ;
#7734 = DIRECTION ( 'NONE',  ( 1.565988337379544000E-016, 1.000000000000000000, 0.0000000000000000000 ) ) ;
#7735 = DIRECTION ( 'NONE',  ( 1.000000000000000000, -1.565988337379544000E-016, 0.0000000000000000000 ) ) ;
#7736 = CARTESIAN_POINT ( 'NONE',  ( 9.217952334525348200, 6.977952334525344500, -0.02500000000000000500 ) ) ;
#7737 = AXIS2_PLACEMENT_3D ( 'NONE', #7736, #7735, #7734 ) ;
#7738 = DIRECTION ( 'NONE',  ( 1.000000000000000000, 0.0000000000000000000, 0.0000000000000000000 ) ) ;
#7739 = CARTESIAN_POINT ( 'NONE',  ( -8.537952334525345000, -6.297952334525348300, -0.3449999999999999200 ) ) ;
#7740 = AXIS2_PLACEMENT_3D ( 'NONE', #7739, #7794, #7827 ) ;
#7741 = CYLINDRICAL_SURFACE ( 'NONE', #7740, 0.2299999999999994500 ) ;
#7742 = FACE_OUTER_BOUND ( 'NONE', #4238, .T. ) ;
#7743 = CARTESIAN_POINT ( 'NONE',  ( -6.901997310372739700, -6.777206140615092500, 0.3649999999999999400 ) ) ;
#7744 = DIRECTION ( 'NONE',  ( 1.000000000000000000, 0.0000000000000000000, 0.0000000000000000000 ) ) ;
#7745 = VECTOR ( 'NONE', #7744, 39.37007874015748100 ) ;
#7746 = CARTESIAN_POINT ( 'NONE',  ( -7.031270814646243900, -6.794191650764664000, 0.3649999999999999400 ) ) ;
#7747 = DIRECTION ( 'NONE',  ( 0.0000000000000000000, 0.0000000000000000000, -1.000000000000000000 ) ) ;
#7748 = DIRECTION ( 'NONE',  ( 0.0000000000000000000, -1.000000000000000000, 0.0000000000000000000 ) ) ;
#7749 = CARTESIAN_POINT ( 'NONE',  ( -7.139978079603508800, -6.647289941362954500, 0.3649999999999999400 ) ) ;
#7750 = DIRECTION ( 'NONE',  ( 0.0000000000000000000, 0.0000000000000000000, -1.000000000000000000 ) ) ;
#7751 = DIRECTION ( 'NONE',  ( 1.000000000000000000, 0.0000000000000000000, 0.0000000000000000000 ) ) ;
#7752 = CARTESIAN_POINT ( 'NONE',  ( -7.119411840287269500, -6.623785667858681100, 0.3649999999999999400 ) ) ;
#7753 = AXIS2_PLACEMENT_3D ( 'NONE', #7752, #7751, #7750 ) ;
#7754 = PLANE ( 'NONE',  #7753 ) ;
#7755 = CARTESIAN_POINT ( 'NONE',  ( -6.957269078535132300, -6.726616864439877800, 0.3649999999999999400 ) ) ;
#7756 = CARTESIAN_POINT ( 'NONE',  ( -6.955217020961524300, -6.726662700782577000, 0.3649999999999999400 ) ) ;
#7757 = CARTESIAN_POINT ( 'NONE',  ( -6.951224892571800300, -6.726751872045274400, 0.3649999999999999400 ) ) ;
#7758 = CARTESIAN_POINT ( 'NONE',  ( -6.945385941456227600, -6.727394544601589000, 0.3649999999999999400 ) ) ;
#7759 = CARTESIAN_POINT ( 'NONE',  ( -6.939878304812338200, -6.728505537100773800, 0.3649999999999999400 ) ) ;
#7760 = CARTESIAN_POINT ( 'NONE',  ( -6.934642507881018300, -6.729985347811445500, 0.3649999999999999900 ) ) ;
#7761 = CARTESIAN_POINT ( 'NONE',  ( -6.929782236487226600, -6.732045752464838300, 0.3649999999999999400 ) ) ;
#7762 = CARTESIAN_POINT ( 'NONE',  ( -6.925181884137540300, -6.734433270882519200, 0.3649999999999998800 ) ) ;
#7763 = LINE ( 'NONE', #7775, #7773 ) ;
#7764 = FACE_OUTER_BOUND ( 'NONE', #4051, .T. ) ;
#7765 = VECTOR ( 'NONE', #7800, 39.37007874015748100 ) ;
#7766 = CARTESIAN_POINT ( 'NONE',  ( -7.139978079603508800, -6.852952334525348000, 0.3649999999999999400 ) ) ;
#7767 = LINE ( 'NONE', #7766, #7765 ) ;
#7768 = DIRECTION ( 'NONE',  ( 0.2009441437213354600, 0.9796027006414893500, 0.0000000000000000000 ) ) ;
#7769 = VECTOR ( 'NONE', #7768, 39.37007874015748100 ) ;
#7770 = CARTESIAN_POINT ( 'NONE',  ( -7.007766541141970500, -6.738369001192015000, 0.3649999999999999400 ) ) ;
#7771 = DIRECTION ( 'NONE',  ( 0.0000000000000000000, 0.0000000000000000000, 1.000000000000000000 ) ) ;
#7772 = CARTESIAN_POINT ( 'NONE',  ( -7.139978079603508800, -6.852952334525348000, 0.3649999999999999400 ) ) ;
#7773 = VECTOR ( 'NONE', #7785, 39.37007874015748100 ) ;
#7774 = FACE_OUTER_BOUND ( 'NONE', #4069, .T. ) ;
#7775 = CARTESIAN_POINT ( 'NONE',  ( -6.957269078535132300, -6.726616864439877800, 0.3649999999999999400 ) ) ;
#7776 = CARTESIAN_POINT ( 'NONE',  ( -6.920896877181780500, -6.737271276543067300, 0.3650000000000000500 ) ) ;
#7777 = CARTESIAN_POINT ( 'NONE',  ( -6.917016886405742900, -6.740600405254993700, 0.3649999999999999400 ) ) ;
#7778 = CARTESIAN_POINT ( 'NONE',  ( -6.913475155605295800, -6.744207655788949700, 0.3649999999999999900 ) ) ;
#7779 = CARTESIAN_POINT ( 'NONE',  ( -6.910374635501850300, -6.748118799630963100, 0.3649999999999998800 ) ) ;
#7780 = CARTESIAN_POINT ( 'NONE',  ( -6.907791841242882000, -6.752335666667882200, 0.3649999999999999900 ) ) ;
#7781 = CARTESIAN_POINT ( 'NONE',  ( -6.905678302046037100, -6.756802677774003600, 0.3649999999999999400 ) ) ;
#7782 = CARTESIAN_POINT ( 'NONE',  ( -6.957269078535132300, -6.726616864439877800, 0.3649999999999999400 ) ) ;
#7783 = CARTESIAN_POINT ( 'NONE',  ( 8.567952334525347900, 6.327952334525344100, 0.2049999999999999300 ) ) ;
#7784 = CYLINDRICAL_SURFACE ( 'NONE', #7811, 0.6499999999999999100 ) ;
#7785 = DIRECTION ( 'NONE',  ( 0.0000000000000000000, 0.0000000000000000000, -1.000000000000000000 ) ) ;
#7786 = DIRECTION ( 'NONE',  ( 1.000000000000000000, 0.0000000000000000000, 0.0000000000000000000 ) ) ;
#7787 = B_SPLINE_CURVE_WITH_KNOTS ( 'NONE', 3,
 ( #7805, #7804, #7803, #7802, #7801, #7781, #7780, #7779, #7778, #7777, #7776, #7762, #7761, #7760, #7759, #7758, #7757, #7756, #7755 ),
 .UNSPECIFIED., .F., .F.,
 ( 4, 1, 1, 1, 1, 1, 1, 1, 1, 1, 1, 1, 1, 1, 1, 1, 4 ),
 ( 0.0000000000000000000, 0.06535138202659543400, 0.1279160318306160900, 0.1883602055717057400, 0.2472160772654552500, 0.3056301291974103400, 0.3637698398318237000, 0.4226609139127817700, 0.4826872940903988400, 0.5433002212395582300, 0.6041179553231008600, 0.6649648912652826900, 0.7274134941125708400, 0.7914676251494232600, 0.8580554427291022800, 0.9270368146149520200, 1.000000000000000000 ),
 .UNSPECIFIED. ) ;
#7788 = FACE_OUTER_BOUND ( 'NONE', #4156, .T. ) ;
#7789 = LINE ( 'NONE', #7810, #7809 ) ;
#7790 = DIRECTION ( 'NONE',  ( 1.000000000000000000, 0.0000000000000000000, 0.0000000000000000000 ) ) ;
#7791 = VECTOR ( 'NONE', #7790, 39.37007874015748100 ) ;
#7792 = CARTESIAN_POINT ( 'NONE',  ( -7.161783802092825700, -6.623785667858681100, 0.3649999999999999400 ) ) ;
#7793 = LINE ( 'NONE', #7792, #7791 ) ;
#7794 = DIRECTION ( 'NONE',  ( 0.0000000000000000000, 0.0000000000000000000, -1.000000000000000000 ) ) ;
#7795 = FACE_OUTER_BOUND ( 'NONE', #4106, .T. ) ;
#7796 = DIRECTION ( 'NONE',  ( -1.000000000000000000, 0.0000000000000000000, 0.0000000000000000000 ) ) ;
#7797 = VECTOR ( 'NONE', #7796, 39.37007874015748100 ) ;
#7798 = CARTESIAN_POINT ( 'NONE',  ( -7.119411840287269500, -6.852952334525348000, 0.3649999999999999400 ) ) ;
#7799 = LINE ( 'NONE', #7798, #7797 ) ;
#7800 = DIRECTION ( 'NONE',  ( 0.0000000000000000000, 1.000000000000000000, 0.0000000000000000000 ) ) ;
#7801 = CARTESIAN_POINT ( 'NONE',  ( -6.904013643239989200, -6.761524443093595200, 0.3650000000000000500 ) ) ;
#7802 = CARTESIAN_POINT ( 'NONE',  ( -6.902814317669204900, -6.766505416101435500, 0.3649999999999997700 ) ) ;
#7803 = CARTESIAN_POINT ( 'NONE',  ( -6.902124816042229900, -6.771769649856521400, 0.3649999999999999900 ) ) ;
#7804 = CARTESIAN_POINT ( 'NONE',  ( -6.902040425099381900, -6.775367847354180700, 0.3649999999999999400 ) ) ;
#7805 = CARTESIAN_POINT ( 'NONE',  ( -6.901997310372739700, -6.777206140615092500, 0.3649999999999999400 ) ) ;
#7806 = LINE ( 'NONE', #7770, #7769 ) ;
#7807 = CARTESIAN_POINT ( 'NONE',  ( -7.007766541141970500, -6.738369001192015000, 0.3649999999999999400 ) ) ;
#7808 = DIRECTION ( 'NONE',  ( 0.0000000000000000000, 0.0000000000000000000, -1.000000000000000000 ) ) ;
#7809 = VECTOR ( 'NONE', #7808, 39.37007874015748100 ) ;
#7810 = CARTESIAN_POINT ( 'NONE',  ( -7.007766541141970500, -6.738369001192015000, 0.3649999999999999400 ) ) ;
#7811 = AXIS2_PLACEMENT_3D ( 'NONE', #7783, #7771, #7786 ) ;
#7812 = CARTESIAN_POINT ( 'NONE',  ( -6.902052401885113900, -6.779243714163878400, 0.3449999999999999200 ) ) ;
#7813 = DIRECTION ( 'NONE',  ( -1.000000000000000000, 0.0000000000000000000, 0.0000000000000000000 ) ) ;
#7814 = DIRECTION ( 'NONE',  ( 0.0000000000000000000, 0.0000000000000000000, -1.000000000000000000 ) ) ;
#7815 = CARTESIAN_POINT ( 'NONE',  ( 8.537952334525348500, 6.297952334525343900, -0.3449999999999999200 ) ) ;
#7816 = AXIS2_PLACEMENT_3D ( 'NONE', #7815, #7814, #7813 ) ;
#7817 = CYLINDRICAL_SURFACE ( 'NONE', #7816, 0.2300000000000005700 ) ;
#7818 = VECTOR ( 'NONE', #7930, 39.37007874015748100 ) ;
#7819 = CARTESIAN_POINT ( 'NONE',  ( -6.980543818118466200, -6.707565549001843800, 0.3649999999999999400 ) ) ;
#7820 = LINE ( 'NONE', #7819, #7818 ) ;
#7821 = CARTESIAN_POINT ( 'NONE',  ( -6.901997310372739700, -6.777206140615092500, 0.3449999999999999200 ) ) ;
#7822 = CARTESIAN_POINT ( 'NONE',  ( -6.901997310372739700, -6.777206140615092500, 0.3649999999999999400 ) ) ;
#7823 = B_SPLINE_CURVE_WITH_KNOTS ( 'NONE', 3,
 ( #7536, #7586, #7714, #7899, #7890, #7889, #7877, #7876, #7870, #7862, #7853 ),
 .UNSPECIFIED., .F., .F.,
 ( 4, 1, 1, 1, 1, 1, 1, 1, 4 ),
 ( 0.0000000000000000000, 0.1022030370352292100, 0.2110233423738686100, 0.3250996615652147500, 0.4465020971348817000, 0.5737877176488638300, 0.7089007097660612300, 0.8503578712933931300, 1.000000000000000000 ),
 .UNSPECIFIED. ) ;
#7824 = AXIS2_PLACEMENT_3D ( 'NONE', #7749, #7748, #7747 ) ;
#7825 = PLANE ( 'NONE',  #7824 ) ;
#7826 = LINE ( 'NONE', #7746, #7745 ) ;
#7827 = DIRECTION ( 'NONE',  ( -1.000000000000000000, 0.0000000000000000000, 0.0000000000000000000 ) ) ;
#7828 = CARTESIAN_POINT ( 'NONE',  ( -6.957269078535132300, -6.726616864439877800, 0.3450000000000000800 ) ) ;
#7829 = CARTESIAN_POINT ( 'NONE',  ( -6.957269078535132300, -6.726616864439877800, 0.3649999999999999400 ) ) ;
#7830 = CARTESIAN_POINT ( 'NONE',  ( -6.955217020961524300, -6.726662700782577000, 0.3450000000000000800 ) ) ;
#7831 = CARTESIAN_POINT ( 'NONE',  ( -6.955217020961524300, -6.726662700782577000, 0.3649999999999999400 ) ) ;
#7832 = CARTESIAN_POINT ( 'NONE',  ( -6.951224892571800300, -6.726751872045274400, 0.3450000000000000800 ) ) ;
#7833 = CARTESIAN_POINT ( 'NONE',  ( -6.951224892571800300, -6.726751872045274400, 0.3649999999999999400 ) ) ;
#7834 = CARTESIAN_POINT ( 'NONE',  ( -6.945385941456227600, -6.727394544601589000, 0.3450000000000000800 ) ) ;
#7835 = CARTESIAN_POINT ( 'NONE',  ( -6.945385941456227600, -6.727394544601589000, 0.3649999999999999400 ) ) ;
#7836 = CARTESIAN_POINT ( 'NONE',  ( -6.939878304812338200, -6.728505537100773800, 0.3450000000000000800 ) ) ;
#7837 = B_SPLINE_SURFACE_WITH_KNOTS ( 'NONE', 3, 1, ( 
 ( #8010, #8005 ),
 ( #7994, #7993 ),
 ( #7988, #7987 ),
 ( #7978, #7972 ),
 ( #7996, #7995 ),
 ( #7971, #7970 ),
 ( #7969, #8004 ),
 ( #8003, #8002 ),
 ( #7982, #7981 ),
 ( #7980, #7979 ),
 ( #8013, #8012 ),
 ( #8011, #8009 ),
 ( #8008, #8007 ),
 ( #8006, #7986 ),
 ( #7985, #7984 ),
 ( #7983, #8001 ),
 ( #8000, #7999 ),
 ( #7998, #7997 ),
 ( #7992, #7991 ) ),
 .UNSPECIFIED., .F., .F., .F.,
 ( 4, 1, 1, 1, 1, 1, 1, 1, 1, 1, 1, 1, 1, 1, 1, 1, 4 ),
 ( 2, 2 ),
 ( 0.0000000000000000000, 0.06542114375889075700, 0.1287083718818783400, 0.1902361418635397100, 0.2507244020335367400, 0.3106371794134388800, 0.3707664082897265700, 0.4316147444123565300, 0.4935229735663481100, 0.5558834553775275900, 0.6173423673185138800, 0.6786680390972736900, 0.7407113595451454400, 0.8029853625127403300, 0.8668025802655174900, 0.9323471713458896200, 1.000000000000000000 ),
 ( 0.0000000000000000000, 1.000000000000000000 ),
 .UNSPECIFIED. ) ;
#7838 = DIRECTION ( 'NONE',  ( 0.0000000000000000000, 0.0000000000000000000, -1.000000000000000000 ) ) ;
#7839 = VECTOR ( 'NONE', #7838, 39.37007874015748100 ) ;
#7840 = CARTESIAN_POINT ( 'NONE',  ( -7.010704575330003700, -6.794191650764664000, 0.3649999999999999400 ) ) ;
#7841 = LINE ( 'NONE', #7840, #7839 ) ;
#7842 = DIRECTION ( 'NONE',  ( 0.0000000000000000000, -1.000000000000000000, 0.0000000000000000000 ) ) ;
#7843 = VECTOR ( 'NONE', #7842, 39.37007874015748100 ) ;
#7844 = CARTESIAN_POINT ( 'NONE',  ( -7.119411840287269500, -6.623785667858681100, 0.3649999999999999400 ) ) ;
#7845 = LINE ( 'NONE', #7844, #7843 ) ;
#7846 = LINE ( 'NONE', #7852, #7851 ) ;
#7847 = B_SPLINE_SURFACE_WITH_KNOTS ( 'NONE', 3, 1, ( 
 ( #7869, #7868 ),
 ( #7867, #7866 ),
 ( #7865, #7864 ),
 ( #7898, #7897 ),
 ( #7896, #7895 ),
 ( #7894, #7893 ),
 ( #7892, #7891 ),
 ( #7906, #7905 ),
 ( #7904, #7903 ),
 ( #7902, #7901 ),
 ( #7900, #7861 ),
 ( #7860, #7859 ),
 ( #7858, #7857 ),
 ( #7856, #7855 ),
 ( #7854, #7836 ),
 ( #7835, #7834 ),
 ( #7833, #7832 ),
 ( #7831, #7830 ),
 ( #7829, #7828 ) ),
 .UNSPECIFIED., .F., .F., .F.,
 ( 4, 1, 1, 1, 1, 1, 1, 1, 1, 1, 1, 1, 1, 1, 1, 1, 4 ),
 ( 2, 2 ),
 ( 0.0000000000000000000, 0.06535138202659543400, 0.1279160318306160900, 0.1883602055717057400, 0.2472160772654552500, 0.3056301291974103400, 0.3637698398318237000, 0.4226609139127817700, 0.4826872940903988400, 0.5433002212395582300, 0.6041179553231008600, 0.6649648912652826900, 0.7274134941125708400, 0.7914676251494232600, 0.8580554427291022800, 0.9270368146149520200, 1.000000000000000000 ),
 ( 0.0000000000000000000, 1.000000000000000000 ),
 .UNSPECIFIED. ) ;
#7848 = PLANE ( 'NONE',  #7874 ) ;
#7849 = FACE_OUTER_BOUND ( 'NONE', #4118, .T. ) ;
#7850 = DIRECTION ( 'NONE',  ( 0.0000000000000000000, 0.0000000000000000000, -1.000000000000000000 ) ) ;
#7851 = VECTOR ( 'NONE', #7850, 39.37007874015748100 ) ;
#7852 = CARTESIAN_POINT ( 'NONE',  ( -6.901997310372739700, -6.777206140615092500, 0.3649999999999999400 ) ) ;
#7853 = CARTESIAN_POINT ( 'NONE',  ( -7.007766541141970500, -6.738369001192015000, 0.3649999999999999400 ) ) ;
#7854 = CARTESIAN_POINT ( 'NONE',  ( -6.939878304812338200, -6.728505537100773800, 0.3649999999999999400 ) ) ;
#7855 = CARTESIAN_POINT ( 'NONE',  ( -6.934642507881018300, -6.729985347811445500, 0.3450000000000001400 ) ) ;
#7856 = CARTESIAN_POINT ( 'NONE',  ( -6.934642507881018300, -6.729985347811445500, 0.3649999999999999900 ) ) ;
#7857 = CARTESIAN_POINT ( 'NONE',  ( -6.929782236487226600, -6.732045752464838300, 0.3450000000000000800 ) ) ;
#7858 = CARTESIAN_POINT ( 'NONE',  ( -6.929782236487226600, -6.732045752464838300, 0.3649999999999999400 ) ) ;
#7859 = CARTESIAN_POINT ( 'NONE',  ( -6.925181884137540300, -6.734433270882519200, 0.3450000000000000300 ) ) ;
#7860 = CARTESIAN_POINT ( 'NONE',  ( -6.925181884137540300, -6.734433270882519200, 0.3649999999999998800 ) ) ;
#7861 = CARTESIAN_POINT ( 'NONE',  ( -6.920896877181780500, -6.737271276543067300, 0.3450000000000002000 ) ) ;
#7862 = CARTESIAN_POINT ( 'NONE',  ( -7.005339159019882800, -6.737435573516421500, 0.3649999999999999400 ) ) ;
#7863 = FACE_OUTER_BOUND ( 'NONE', #4111, .T. ) ;
#7864 = CARTESIAN_POINT ( 'NONE',  ( -6.902124816042229900, -6.771769649856521400, 0.3450000000000001400 ) ) ;
#7865 = CARTESIAN_POINT ( 'NONE',  ( -6.902124816042229900, -6.771769649856521400, 0.3649999999999999900 ) ) ;
#7866 = CARTESIAN_POINT ( 'NONE',  ( -6.902040425099381900, -6.775367847354180700, 0.3450000000000000800 ) ) ;
#7867 = CARTESIAN_POINT ( 'NONE',  ( -6.902040425099381900, -6.775367847354180700, 0.3649999999999999400 ) ) ;
#7868 = CARTESIAN_POINT ( 'NONE',  ( -6.901997310372739700, -6.777206140615092500, 0.3450000000000000800 ) ) ;
#7869 = CARTESIAN_POINT ( 'NONE',  ( -6.901997310372739700, -6.777206140615092500, 0.3649999999999999400 ) ) ;
#7870 = CARTESIAN_POINT ( 'NONE',  ( -7.000617165160441000, -6.735619773806820200, 0.3649999999999999400 ) ) ;
#7871 = DIRECTION ( 'NONE',  ( -0.4966865118377021800, -0.8679300138596983700, 0.0000000000000000000 ) ) ;
#7872 = DIRECTION ( 'NONE',  ( -0.8679300138596983700, 0.4966865118377021800, 0.0000000000000000000 ) ) ;
#7873 = CARTESIAN_POINT ( 'NONE',  ( -7.175234489859919400, -6.647289941362954500, 0.3649999999999999400 ) ) ;
#7874 = AXIS2_PLACEMENT_3D ( 'NONE', #7873, #7872, #7871 ) ;
#7875 = CARTESIAN_POINT ( 'NONE',  ( -7.139978079603508800, -6.647289941362954500, 0.3649999999999999400 ) ) ;
#7876 = CARTESIAN_POINT ( 'NONE',  ( -6.993609100085486800, -6.733215357224377600, 0.3649999999999999400 ) ) ;
#7877 = CARTESIAN_POINT ( 'NONE',  ( -6.986883490514060200, -6.731204288731042600, 0.3649999999999999900 ) ) ;
#7878 = DIRECTION ( 'NONE',  ( 0.0000000000000000000, 0.0000000000000000000, 1.000000000000000000 ) ) ;
#7879 = DIRECTION ( 'NONE',  ( 0.0000000000000000000, 1.000000000000000000, 0.0000000000000000000 ) ) ;
#7880 = CARTESIAN_POINT ( 'NONE',  ( -6.984262267637696200, -6.623785667858681100, 0.3649999999999999400 ) ) ;
#7881 = AXIS2_PLACEMENT_3D ( 'NONE', #7880, #7879, #7878 ) ;
#7882 = PLANE ( 'NONE',  #7881 ) ;
#7883 = FACE_OUTER_BOUND ( 'NONE', #4101, .T. ) ;
#7884 = CARTESIAN_POINT ( 'NONE',  ( -7.119411840287269500, -6.623785667858681100, 0.3649999999999999400 ) ) ;
#7885 = DIRECTION ( 'NONE',  ( 0.0000000000000000000, 0.0000000000000000000, -1.000000000000000000 ) ) ;
#7886 = VECTOR ( 'NONE', #7885, 39.37007874015748100 ) ;
#7887 = CARTESIAN_POINT ( 'NONE',  ( -7.119411840287269500, -6.623785667858681100, 0.3649999999999999400 ) ) ;
#7888 = DIRECTION ( 'NONE',  ( 0.0000000000000000000, 0.0000000000000000000, 1.000000000000000000 ) ) ;
#7889 = CARTESIAN_POINT ( 'NONE',  ( -6.980426195340645500, -6.729526063467078600, 0.3649999999999997700 ) ) ;
#7890 = CARTESIAN_POINT ( 'NONE',  ( -6.974250841464945300, -6.728243630597077600, 0.3649999999999999400 ) ) ;
#7891 = CARTESIAN_POINT ( 'NONE',  ( -6.907791841242882000, -6.752335666667882200, 0.3450000000000001400 ) ) ;
#7892 = CARTESIAN_POINT ( 'NONE',  ( -6.907791841242882000, -6.752335666667882200, 0.3649999999999999900 ) ) ;
#7893 = CARTESIAN_POINT ( 'NONE',  ( -6.905678302046037100, -6.756802677774003600, 0.3450000000000000800 ) ) ;
#7894 = CARTESIAN_POINT ( 'NONE',  ( -6.905678302046037100, -6.756802677774003600, 0.3649999999999999400 ) ) ;
#7895 = CARTESIAN_POINT ( 'NONE',  ( -6.904013643239989200, -6.761524443093595200, 0.3450000000000002000 ) ) ;
#7896 = CARTESIAN_POINT ( 'NONE',  ( -6.904013643239989200, -6.761524443093595200, 0.3650000000000000500 ) ) ;
#7897 = CARTESIAN_POINT ( 'NONE',  ( -6.902814317669204900, -6.766505416101435500, 0.3449999999999999200 ) ) ;
#7898 = CARTESIAN_POINT ( 'NONE',  ( -6.902814317669204900, -6.766505416101435500, 0.3649999999999997700 ) ) ;
#7899 = CARTESIAN_POINT ( 'NONE',  ( -6.968338883412896800, -6.727311295842852700, 0.3649999999999999900 ) ) ;
#7900 = CARTESIAN_POINT ( 'NONE',  ( -6.920896877181780500, -6.737271276543067300, 0.3650000000000000500 ) ) ;
#7901 = CARTESIAN_POINT ( 'NONE',  ( -6.917016886405742900, -6.740600405254993700, 0.3450000000000000800 ) ) ;
#7902 = CARTESIAN_POINT ( 'NONE',  ( -6.917016886405742900, -6.740600405254993700, 0.3649999999999999400 ) ) ;
#7903 = CARTESIAN_POINT ( 'NONE',  ( -6.913475155605295800, -6.744207655788949700, 0.3450000000000001400 ) ) ;
#7904 = CARTESIAN_POINT ( 'NONE',  ( -6.913475155605295800, -6.744207655788949700, 0.3649999999999999900 ) ) ;
#7905 = CARTESIAN_POINT ( 'NONE',  ( -6.910374635501850300, -6.748118799630963100, 0.3450000000000000300 ) ) ;
#7906 = CARTESIAN_POINT ( 'NONE',  ( -6.910374635501850300, -6.748118799630963100, 0.3649999999999998800 ) ) ;
#7907 = DIRECTION ( 'NONE',  ( -1.000000000000000000, 0.0000000000000000000, 0.0000000000000000000 ) ) ;
#7908 = CARTESIAN_POINT ( 'NONE',  ( -7.139978079603508800, -6.852952334525348000, 0.3649999999999999400 ) ) ;
#7909 = AXIS2_PLACEMENT_3D ( 'NONE', #7908, #7907, #7888 ) ;
#7910 = LINE ( 'NONE', #7887, #7886 ) ;
#7911 = PLANE ( 'NONE',  #7909 ) ;
#7912 = FACE_OUTER_BOUND ( 'NONE', #4128, .T. ) ;
#7913 = CARTESIAN_POINT ( 'NONE',  ( -7.001376886572844100, -6.816423960000592300, 0.3449999999999999200 ) ) ;
#7914 = CARTESIAN_POINT ( 'NONE',  ( -7.001376886572844100, -6.816423960000592300, 0.3649999999999999400 ) ) ;
#7915 = CARTESIAN_POINT ( 'NONE',  ( -7.004480742719211500, -6.811737856333871300, 0.3449999999999999200 ) ) ;
#7916 = CARTESIAN_POINT ( 'NONE',  ( -7.004480742719211500, -6.811737856333871300, 0.3649999999999999400 ) ) ;
#7917 = CARTESIAN_POINT ( 'NONE',  ( -7.007091008375163600, -6.806478859545557600, 0.3449999999999998600 ) ) ;
#7918 = CARTESIAN_POINT ( 'NONE',  ( -7.001376886572844100, -6.816423960000592300, 0.3649999999999999400 ) ) ;
#7919 = FACE_OUTER_BOUND ( 'NONE', #4310, .T. ) ;
#7920 = CARTESIAN_POINT ( 'NONE',  ( -6.960161205938978100, -6.835324129397142700, 0.3649999999999999400 ) ) ;
#7921 = CARTESIAN_POINT ( 'NONE',  ( -6.962170829432491100, -6.835269124494888400, 0.3649999999999999400 ) ) ;
#7922 = CARTESIAN_POINT ( 'NONE',  ( -6.966170008433453900, -6.835159663966212700, 0.3649999999999999900 ) ) ;
#7923 = CARTESIAN_POINT ( 'NONE',  ( -6.972082793023821200, -6.834066153125308900, 0.3649999999999999400 ) ) ;
#7924 = B_SPLINE_SURFACE_WITH_KNOTS ( 'NONE', 3, 1, ( 
 ( #7966, #7965 ),
 ( #7964, #7963 ),
 ( #7962, #7961 ),
 ( #7960, #7917 ),
 ( #7916, #7915 ),
 ( #7914, #7913 ),
 ( #7952, #7951 ),
 ( #7950, #7949 ),
 ( #7948, #7947 ),
 ( #7936, #7935 ),
 ( #7934, #7933 ),
 ( #7932, #7946 ),
 ( #7945, #7944 ),
 ( #7943, #7942 ),
 ( #7968, #7967 ) ),
 .UNSPECIFIED., .F., .F., .F.,
 ( 4, 1, 1, 1, 1, 1, 1, 1, 1, 1, 1, 1, 4 ),
 ( 2, 2 ),
 ( 0.0000000000000000000, 0.09468725186755222500, 0.1819941557072721200, 0.2643769486105150800, 0.3421798619477645600, 0.4186176108621496000, 0.4965090753719012000, 0.5773690916117202300, 0.6615105924541986300, 0.7467325508291896600, 0.8312579843277374500, 0.9152056162136454900, 1.000000000000000000 ),
 ( 0.0000000000000000000, 1.000000000000000000 ),
 .UNSPECIFIED. ) ;
#7925 = CARTESIAN_POINT ( 'NONE',  ( -7.004480742719211500, -6.811737856333871300, 0.3649999999999999400 ) ) ;
#7926 = CARTESIAN_POINT ( 'NONE',  ( -7.007091008375163600, -6.806478859545557600, 0.3649999999999998800 ) ) ;
#7927 = CARTESIAN_POINT ( 'NONE',  ( -7.009225908591068900, -6.800577402672564300, 0.3649999999999999900 ) ) ;
#7928 = CARTESIAN_POINT ( 'NONE',  ( -7.010198538834219000, -6.796377013722612000, 0.3649999999999998800 ) ) ;
#7929 = CARTESIAN_POINT ( 'NONE',  ( -7.119411840287269500, -6.852952334525348000, 0.3649999999999999400 ) ) ;
#7930 = DIRECTION ( 'NONE',  ( 0.0000000000000000000, 0.0000000000000000000, -1.000000000000000000 ) ) ;
#7931 = CARTESIAN_POINT ( 'NONE',  ( -7.010704575330003700, -6.794191650764664000, 0.3649999999999999400 ) ) ;
#7932 = CARTESIAN_POINT ( 'NONE',  ( -6.972082793023821200, -6.834066153125308900, 0.3649999999999999400 ) ) ;
#7933 = CARTESIAN_POINT ( 'NONE',  ( -6.977894931774450500, -6.832510982622521200, 0.3449999999999998600 ) ) ;
#7934 = CARTESIAN_POINT ( 'NONE',  ( -6.977894931774450500, -6.832510982622521200, 0.3649999999999998800 ) ) ;
#7935 = CARTESIAN_POINT ( 'NONE',  ( -6.983448169110902300, -6.830175528530854300, 0.3449999999999999200 ) ) ;
#7936 = CARTESIAN_POINT ( 'NONE',  ( -6.983448169110902300, -6.830175528530854300, 0.3649999999999999400 ) ) ;
#7937 = DIRECTION ( 'NONE',  ( 0.0000000000000000000, 0.0000000000000000000, -1.000000000000000000 ) ) ;
#7938 = VECTOR ( 'NONE', #7937, 39.37007874015748100 ) ;
#7939 = CARTESIAN_POINT ( 'NONE',  ( -6.984262267637696200, -6.623785667858681100, 0.3649999999999999400 ) ) ;
#7940 = LINE ( 'NONE', #7939, #7938 ) ;
#7941 = CARTESIAN_POINT ( 'NONE',  ( -6.831484489859920300, -6.738369001192015000, 0.3649999999999999400 ) ) ;
#7942 = CARTESIAN_POINT ( 'NONE',  ( -6.962170829432491100, -6.835269124494888400, 0.3449999999999999200 ) ) ;
#7943 = CARTESIAN_POINT ( 'NONE',  ( -6.962170829432491100, -6.835269124494888400, 0.3649999999999999400 ) ) ;
#7944 = CARTESIAN_POINT ( 'NONE',  ( -6.966170008433453900, -6.835159663966212700, 0.3450000000000000300 ) ) ;
#7945 = CARTESIAN_POINT ( 'NONE',  ( -6.966170008433453900, -6.835159663966212700, 0.3649999999999999900 ) ) ;
#7946 = CARTESIAN_POINT ( 'NONE',  ( -6.972082793023821200, -6.834066153125308900, 0.3449999999999999200 ) ) ;
#7947 = CARTESIAN_POINT ( 'NONE',  ( -6.988712011519943700, -6.827437133059601300, 0.3449999999999999200 ) ) ;
#7948 = CARTESIAN_POINT ( 'NONE',  ( -6.988712011519943700, -6.827437133059601300, 0.3649999999999999400 ) ) ;
#7949 = CARTESIAN_POINT ( 'NONE',  ( -6.993449064824655900, -6.824151856734585100, 0.3450000000000000300 ) ) ;
#7950 = CARTESIAN_POINT ( 'NONE',  ( -6.993449064824655900, -6.824151856734585100, 0.3649999999999999900 ) ) ;
#7951 = CARTESIAN_POINT ( 'NONE',  ( -6.997674206005293700, -6.820510263393420500, 0.3449999999999999200 ) ) ;
#7952 = CARTESIAN_POINT ( 'NONE',  ( -6.997674206005293700, -6.820510263393420500, 0.3649999999999999400 ) ) ;
#7953 = FACE_OUTER_BOUND ( 'NONE', #4148, .T. ) ;
#7954 = CARTESIAN_POINT ( 'NONE',  ( -6.977894931774450500, -6.832510982622521200, 0.3649999999999998800 ) ) ;
#7955 = CARTESIAN_POINT ( 'NONE',  ( -6.983448169110902300, -6.830175528530854300, 0.3649999999999999400 ) ) ;
#7956 = CARTESIAN_POINT ( 'NONE',  ( -6.988712011519943700, -6.827437133059601300, 0.3649999999999999400 ) ) ;
#7957 = CARTESIAN_POINT ( 'NONE',  ( -6.993449064824655900, -6.824151856734585100, 0.3649999999999999900 ) ) ;
#7958 = CARTESIAN_POINT ( 'NONE',  ( -6.997674206005293700, -6.820510263393420500, 0.3649999999999999400 ) ) ;
#7959 = B_SPLINE_CURVE_WITH_KNOTS ( 'NONE', 3,
 ( #7931, #7928, #7927, #7926, #7925, #7918, #7958, #7957, #7956, #7955, #7954, #7923, #7922, #7921, #7920 ),
 .UNSPECIFIED., .F., .F.,
 ( 4, 1, 1, 1, 1, 1, 1, 1, 1, 1, 1, 1, 4 ),
 ( 0.0000000000000000000, 0.09468725186755222500, 0.1819941557072721200, 0.2643769486105150800, 0.3421798619477645600, 0.4186176108621496000, 0.4965090753719012000, 0.5773690916117202300, 0.6615105924541986300, 0.7467325508291896600, 0.8312579843277374500, 0.9152056162136454900, 1.000000000000000000 ),
 .UNSPECIFIED. ) ;
#7960 = CARTESIAN_POINT ( 'NONE',  ( -7.007091008375163600, -6.806478859545557600, 0.3649999999999998800 ) ) ;
#7961 = CARTESIAN_POINT ( 'NONE',  ( -7.009225908591068900, -6.800577402672564300, 0.3450000000000000300 ) ) ;
#7962 = CARTESIAN_POINT ( 'NONE',  ( -7.009225908591068900, -6.800577402672564300, 0.3649999999999999900 ) ) ;
#7963 = CARTESIAN_POINT ( 'NONE',  ( -7.010198538834219000, -6.796377013722612000, 0.3449999999999998600 ) ) ;
#7964 = CARTESIAN_POINT ( 'NONE',  ( -7.010198538834219000, -6.796377013722612000, 0.3649999999999998800 ) ) ;
#7965 = CARTESIAN_POINT ( 'NONE',  ( -7.010704575330003700, -6.794191650764664000, 0.3449999999999999200 ) ) ;
#7966 = CARTESIAN_POINT ( 'NONE',  ( -7.010704575330003700, -6.794191650764664000, 0.3649999999999999400 ) ) ;
#7967 = CARTESIAN_POINT ( 'NONE',  ( -6.960161205938978100, -6.835324129397142700, 0.3449999999999999200 ) ) ;
#7968 = CARTESIAN_POINT ( 'NONE',  ( -6.960161205938978100, -6.835324129397142700, 0.3649999999999999400 ) ) ;
#7969 = CARTESIAN_POINT ( 'NONE',  ( -6.992863336133649600, -6.851910454037079200, 0.3649999999999999400 ) ) ;
#7970 = CARTESIAN_POINT ( 'NONE',  ( -6.987077122438669200, -6.854423907856081600, 0.3450000000000000800 ) ) ;
#7971 = CARTESIAN_POINT ( 'NONE',  ( -6.987077122438669200, -6.854423907856081600, 0.3650000000000000500 ) ) ;
#7972 = CARTESIAN_POINT ( 'NONE',  ( -6.974712290442475600, -6.857763205764710400, 0.3449999999999999200 ) ) ;
#7973 = CARTESIAN_POINT ( 'NONE',  ( -6.984262267637696200, -6.623785667858681100, 0.3649999999999999400 ) ) ;
#7974 = FACE_OUTER_BOUND ( 'NONE', #4081, .T. ) ;
#7975 = CARTESIAN_POINT ( 'NONE',  ( -6.968194893171884500, -6.647289941362954500, 0.3649999999999999400 ) ) ;
#7976 = DIRECTION ( 'NONE',  ( 0.0000000000000000000, 0.0000000000000000000, -1.000000000000000000 ) ) ;
#7977 = VECTOR ( 'NONE', #7976, 39.37007874015748100 ) ;
#7978 = CARTESIAN_POINT ( 'NONE',  ( -6.974712290442475600, -6.857763205764710400, 0.3649999999999999400 ) ) ;
#7979 = CARTESIAN_POINT ( 'NONE',  ( -7.008482061350607100, -6.840885859333033300, 0.3450000000000000300 ) ) ;
#7980 = CARTESIAN_POINT ( 'NONE',  ( -7.008482061350607100, -6.840885859333033300, 0.3649999999999999900 ) ) ;
#7981 = CARTESIAN_POINT ( 'NONE',  ( -7.003603297039625800, -6.845133977681914700, 0.3449999999999998600 ) ) ;
#7982 = CARTESIAN_POINT ( 'NONE',  ( -7.003603297039625800, -6.845133977681914700, 0.3649999999999998800 ) ) ;
#7983 = CARTESIAN_POINT ( 'NONE',  ( -7.028516921542536300, -6.807790103600375200, 0.3649999999999998800 ) ) ;
#7984 = CARTESIAN_POINT ( 'NONE',  ( -7.026433797310135200, -6.814149347706399200, 0.3450000000000000800 ) ) ;
#7985 = CARTESIAN_POINT ( 'NONE',  ( -7.026433797310135200, -6.814149347706399200, 0.3650000000000000500 ) ) ;
#7986 = CARTESIAN_POINT ( 'NONE',  ( -7.023782141152512500, -6.820162584851120300, 0.3449999999999998100 ) ) ;
#7987 = CARTESIAN_POINT ( 'NONE',  ( -6.968130586646124900, -6.858694178013490000, 0.3449999999999999200 ) ) ;
#7988 = CARTESIAN_POINT ( 'NONE',  ( -6.968130586646124900, -6.858694178013490000, 0.3649999999999999400 ) ) ;
#7989 = CARTESIAN_POINT ( 'NONE',  ( -6.968194893171884500, -6.647289941362954500, 0.3649999999999999400 ) ) ;
#7990 = LINE ( 'NONE', #7989, #7977 ) ;
#7991 = CARTESIAN_POINT ( 'NONE',  ( -7.031270814646243900, -6.794191650764664000, 0.3449999999999999200 ) ) ;
#7992 = CARTESIAN_POINT ( 'NONE',  ( -7.031270814646243900, -6.794191650764664000, 0.3649999999999999400 ) ) ;
#7993 = CARTESIAN_POINT ( 'NONE',  ( -6.963638210826228900, -6.858783169461978500, 0.3450000000000000300 ) ) ;
#7994 = CARTESIAN_POINT ( 'NONE',  ( -6.963638210826228900, -6.858783169461978500, 0.3649999999999999900 ) ) ;
#7995 = CARTESIAN_POINT ( 'NONE',  ( -6.981044794386692200, -6.856429854096154100, 0.3449999999999999200 ) ) ;
#7996 = CARTESIAN_POINT ( 'NONE',  ( -6.981044794386692200, -6.856429854096154100, 0.3649999999999999400 ) ) ;
#7997 = CARTESIAN_POINT ( 'NONE',  ( -7.030909537790241100, -6.796524694922700500, 0.3449999999999998600 ) ) ;
#7998 = CARTESIAN_POINT ( 'NONE',  ( -7.030909537790241100, -6.796524694922700500, 0.3649999999999998800 ) ) ;
#7999 = CARTESIAN_POINT ( 'NONE',  ( -7.030198242401907800, -6.801118079532914300, 0.3449999999999999200 ) ) ;
#8000 = CARTESIAN_POINT ( 'NONE',  ( -7.030198242401907800, -6.801118079532914300, 0.3649999999999999400 ) ) ;
#8001 = CARTESIAN_POINT ( 'NONE',  ( -7.028516921542536300, -6.807790103600375200, 0.3449999999999998600 ) ) ;
#8002 = CARTESIAN_POINT ( 'NONE',  ( -6.998325537893638400, -6.848733799951069100, 0.3449999999999999200 ) ) ;
#8003 = CARTESIAN_POINT ( 'NONE',  ( -6.998325537893638400, -6.848733799951069100, 0.3649999999999999400 ) ) ;
#8004 = CARTESIAN_POINT ( 'NONE',  ( -6.992863336133649600, -6.851910454037079200, 0.3449999999999999200 ) ) ;
#8005 = CARTESIAN_POINT ( 'NONE',  ( -6.961354782327869200, -6.858828402901417000, 0.3450000000000000300 ) ) ;
#8006 = CARTESIAN_POINT ( 'NONE',  ( -7.023782141152512500, -6.820162584851120300, 0.3649999999999997700 ) ) ;
#8007 = CARTESIAN_POINT ( 'NONE',  ( -7.020673479147292900, -6.825852344939416800, 0.3450000000000000800 ) ) ;
#8008 = CARTESIAN_POINT ( 'NONE',  ( -7.020673479147292900, -6.825852344939416800, 0.3650000000000000500 ) ) ;
#8009 = CARTESIAN_POINT ( 'NONE',  ( -7.017063542575247200, -6.831203677456953100, 0.3449999999999999200 ) ) ;
#8010 = CARTESIAN_POINT ( 'NONE',  ( -6.961354782327869200, -6.858828402901417000, 0.3649999999999999900 ) ) ;
#8011 = CARTESIAN_POINT ( 'NONE',  ( -7.017063542575247200, -6.831203677456953100, 0.3649999999999999400 ) ) ;
#8012 = CARTESIAN_POINT ( 'NONE',  ( -7.013010140208738400, -6.836242570628522600, 0.3449999999999998600 ) ) ;
#8013 = CARTESIAN_POINT ( 'NONE',  ( -7.013010140208738400, -6.836242570628522600, 0.3649999999999998800 ) ) ;
#8014 = CARTESIAN_POINT ( 'NONE',  ( -6.831484489859920300, -6.738369001192015000, 0.3449999999999998100 ) ) ;
#8015 = FACE_OUTER_BOUND ( 'NONE', #4173, .T. ) ;
#8016 = CARTESIAN_POINT ( 'NONE',  ( -6.890245173620602500, -6.623785667858681100, 0.3649999999999999400 ) ) ;
#8017 = DIRECTION ( 'NONE',  ( 1.000000000000000000, 0.0000000000000000000, 0.0000000000000000000 ) ) ;
#8018 = VECTOR ( 'NONE', #8017, 39.37007874015748100 ) ;
#8019 = CARTESIAN_POINT ( 'NONE',  ( -6.984262267637696200, -6.623785667858681100, 0.3649999999999999400 ) ) ;
#8020 = LINE ( 'NONE', #8019, #8018 ) ;
#8021 = CARTESIAN_POINT ( 'NONE',  ( -6.908631621556313700, -6.805123648253335500, 0.3450000000000000300 ) ) ;
#8022 = CARTESIAN_POINT ( 'NONE',  ( -6.908631621556313700, -6.805123648253335500, 0.3649999999999999900 ) ) ;
#8023 = CARTESIAN_POINT ( 'NONE',  ( -6.911563443268740900, -6.809976537015071300, 0.3450000000000000300 ) ) ;
#8024 = CARTESIAN_POINT ( 'NONE',  ( -6.911563443268740900, -6.809976537015071300, 0.3649999999999999900 ) ) ;
#8025 = CARTESIAN_POINT ( 'NONE',  ( -6.915083189295363500, -6.814525652060748200, 0.3449999999999998600 ) ) ;
#8026 = CARTESIAN_POINT ( 'NONE',  ( -6.915083189295363500, -6.814525652060748200, 0.3649999999999998800 ) ) ;
#8027 = CARTESIAN_POINT ( 'NONE',  ( -6.919066724663546000, -6.818779620160818000, 0.3449999999999998100 ) ) ;
#8028 = CARTESIAN_POINT ( 'NONE',  ( -6.919066724663546000, -6.818779620160818000, 0.3649999999999997700 ) ) ;
#8029 = CARTESIAN_POINT ( 'NONE',  ( -7.139978079603508800, -6.647289941362954500, 0.3649999999999999400 ) ) ;
#8030 = LINE ( 'NONE', #8029, #8052 ) ;
#8031 = CARTESIAN_POINT ( 'NONE',  ( -6.713963122338552300, -6.623785667858681100, 0.3649999999999999400 ) ) ;
#8032 = DIRECTION ( 'NONE',  ( 1.000000000000000000, 0.0000000000000000000, 0.0000000000000000000 ) ) ;
#8033 = DIRECTION ( 'NONE',  ( 0.0000000000000000000, 0.0000000000000000000, 1.000000000000000000 ) ) ;
#8034 = CARTESIAN_POINT ( 'NONE',  ( -6.902052401885113900, -6.779243714163878400, 0.3649999999999999400 ) ) ;
#8035 = CARTESIAN_POINT ( 'NONE',  ( -6.902160514859468200, -6.783242299923035300, 0.3449999999999998600 ) ) ;
#8036 = CARTESIAN_POINT ( 'NONE',  ( -6.902160514859468200, -6.783242299923035300, 0.3649999999999998800 ) ) ;
#8037 = CARTESIAN_POINT ( 'NONE',  ( -6.902946429424962300, -6.789104709341313700, 0.3450000000000000300 ) ) ;
#8038 = CARTESIAN_POINT ( 'NONE',  ( -6.902946429424962300, -6.789104709341313700, 0.3649999999999999900 ) ) ;
#8039 = CARTESIAN_POINT ( 'NONE',  ( -6.904284827005033000, -6.794703000572843300, 0.3449999999999999200 ) ) ;
#8040 = CARTESIAN_POINT ( 'NONE',  ( -6.904284827005033000, -6.794703000572843300, 0.3649999999999999400 ) ) ;
#8041 = CARTESIAN_POINT ( 'NONE',  ( -6.906160935856508600, -6.800051001340475100, 0.3449999999999998600 ) ) ;
#8042 = CARTESIAN_POINT ( 'NONE',  ( -6.906160935856508600, -6.800051001340475100, 0.3649999999999998800 ) ) ;
#8043 = CARTESIAN_POINT ( 'NONE',  ( -6.937928209945765100, -6.831218553911003100, 0.3649999999999999400 ) ) ;
#8044 = CARTESIAN_POINT ( 'NONE',  ( -6.943165477352605000, -6.833095746796845800, 0.3449999999999999200 ) ) ;
#8045 = CARTESIAN_POINT ( 'NONE',  ( -6.943165477352605000, -6.833095746796845800, 0.3649999999999999400 ) ) ;
#8046 = CARTESIAN_POINT ( 'NONE',  ( -6.948653225068221100, -6.834350111584846800, 0.3450000000000000300 ) ) ;
#8047 = CARTESIAN_POINT ( 'NONE',  ( -6.948653225068221100, -6.834350111584846800, 0.3649999999999999900 ) ) ;
#8048 = CARTESIAN_POINT ( 'NONE',  ( -6.954337303958830300, -6.835164570709773500, 0.3449999999999998100 ) ) ;
#8049 = CARTESIAN_POINT ( 'NONE',  ( -6.954337303958830300, -6.835164570709773500, 0.3649999999999997700 ) ) ;
#8050 = FACE_OUTER_BOUND ( 'NONE', #4176, .T. ) ;
#8051 = DIRECTION ( 'NONE',  ( 0.0000000000000000000, 0.0000000000000000000, -1.000000000000000000 ) ) ;
#8052 = VECTOR ( 'NONE', #8051, 39.37007874015748100 ) ;
#8053 = B_SPLINE_SURFACE_WITH_KNOTS ( 'NONE', 3, 1, ( 
 ( #8099, #8090 ),
 ( #8089, #8157 ),
 ( #8298, #8281 ),
 ( #8257, #8256 ),
 ( #8248, #8234 ),
 ( #8220, #8211 ),
 ( #8300, #8299 ) ),
 .UNSPECIFIED., .F., .F., .F.,
 ( 4, 1, 1, 1, 4 ),
 ( 2, 2 ),
 ( 0.0000000000000000000, 0.2750683690187329900, 0.5329014600899338900, 0.7739734595924697700, 1.000000000000000000 ),
 ( 0.0000000000000000000, 1.000000000000000000 ),
 .UNSPECIFIED. ) ;
#8054 = LINE ( 'NONE', #8031, #8101 ) ;
#8055 = B_SPLINE_SURFACE_WITH_KNOTS ( 'NONE', 3, 1, ( 
 ( #8062, #8061 ),
 ( #8060, #8059 ),
 ( #8049, #8048 ),
 ( #8047, #8046 ),
 ( #8045, #8044 ),
 ( #8043, #8069 ),
 ( #8068, #8067 ),
 ( #8066, #8065 ),
 ( #8064, #8063 ),
 ( #8028, #8027 ),
 ( #8026, #8025 ),
 ( #8024, #8023 ),
 ( #8022, #8021 ),
 ( #8042, #8041 ),
 ( #8040, #8039 ),
 ( #8038, #8037 ),
 ( #8036, #8035 ),
 ( #8034, #7812 ),
 ( #7822, #7821 ) ),
 .UNSPECIFIED., .F., .F., .F.,
 ( 4, 1, 1, 1, 1, 1, 1, 1, 1, 1, 1, 1, 1, 1, 1, 1, 4 ),
 ( 2, 2 ),
 ( 0.0000000000000000000, 0.06420729528298192700, 0.1264246897797430500, 0.1876802842649178400, 0.2482164244552112800, 0.3083050600086085200, 0.3696609913251378000, 0.4316985517867850100, 0.4959468922087652600, 0.5597580239721199300, 0.6222954078261554400, 0.6839106352841736200, 0.7450924080566290200, 0.8067402253892913500, 0.8690866181212019100, 0.9332900029747985800, 1.000000000000000000 ),
 ( 0.0000000000000000000, 1.000000000000000000 ),
 .UNSPECIFIED. ) ;
#8056 = CARTESIAN_POINT ( 'NONE',  ( -8.567952334525347900, 6.327952334525344100, -0.02500000000000000500 ) ) ;
#8057 = AXIS2_PLACEMENT_3D ( 'NONE', #8056, #8033, #8032 ) ;
#8058 = CYLINDRICAL_SURFACE ( 'NONE', #8057, 0.6499999999999999100 ) ;
#8059 = CARTESIAN_POINT ( 'NONE',  ( -6.958199641125941200, -6.835270387986690300, 0.3449999999999999200 ) ) ;
#8060 = CARTESIAN_POINT ( 'NONE',  ( -6.958199641125941200, -6.835270387986690300, 0.3649999999999999400 ) ) ;
#8061 = CARTESIAN_POINT ( 'NONE',  ( -6.960161205938978100, -6.835324129397142700, 0.3449999999999999200 ) ) ;
#8062 = CARTESIAN_POINT ( 'NONE',  ( -6.960161205938978100, -6.835324129397142700, 0.3649999999999999400 ) ) ;
#8063 = CARTESIAN_POINT ( 'NONE',  ( -6.923416185786953400, -6.822639875699375800, 0.3450000000000000300 ) ) ;
#8064 = CARTESIAN_POINT ( 'NONE',  ( -6.923416185786953400, -6.822639875699375800, 0.3649999999999999900 ) ) ;
#8065 = CARTESIAN_POINT ( 'NONE',  ( -6.928058636075923500, -6.826009281668987700, 0.3449999999999999200 ) ) ;
#8066 = CARTESIAN_POINT ( 'NONE',  ( -6.928058636075923500, -6.826009281668987700, 0.3649999999999999400 ) ) ;
#8067 = CARTESIAN_POINT ( 'NONE',  ( -6.932849775806009700, -6.828937054490268100, 0.3450000000000000300 ) ) ;
#8068 = CARTESIAN_POINT ( 'NONE',  ( -6.932849775806009700, -6.828937054490268100, 0.3649999999999999900 ) ) ;
#8069 = CARTESIAN_POINT ( 'NONE',  ( -6.937928209945765100, -6.831218553911003100, 0.3449999999999999200 ) ) ;
#8070 = CARTESIAN_POINT ( 'NONE',  ( -7.000617165160441000, -6.735619773806820200, 0.3649999999999999400 ) ) ;
#8071 = CARTESIAN_POINT ( 'NONE',  ( -6.993609100085486800, -6.733215357224377600, 0.3449999999999998100 ) ) ;
#8072 = CARTESIAN_POINT ( 'NONE',  ( -6.993609100085486800, -6.733215357224377600, 0.3649999999999999400 ) ) ;
#8073 = CARTESIAN_POINT ( 'NONE',  ( -6.986883490514060200, -6.731204288731042600, 0.3449999999999998600 ) ) ;
#8074 = CARTESIAN_POINT ( 'NONE',  ( -6.986883490514060200, -6.731204288731042600, 0.3649999999999999900 ) ) ;
#8075 = CARTESIAN_POINT ( 'NONE',  ( -6.980426195340645500, -6.729526063467078600, 0.3449999999999996400 ) ) ;
#8076 = CARTESIAN_POINT ( 'NONE',  ( -6.980426195340645500, -6.729526063467078600, 0.3649999999999997700 ) ) ;
#8077 = CARTESIAN_POINT ( 'NONE',  ( -6.960161205938978100, -6.835324129397142700, 0.3649999999999999400 ) ) ;
#8078 = CARTESIAN_POINT ( 'NONE',  ( -7.031270814646243900, -6.794191650764664000, 0.3649999999999999400 ) ) ;
#8079 = B_SPLINE_CURVE_WITH_KNOTS ( 'NONE', 3,
 ( #8097, #8096, #8095, #8094, #8093, #8092, #8091 ),
 .UNSPECIFIED., .F., .F.,
 ( 4, 1, 1, 1, 4 ),
 ( 0.0000000000000000000, 0.2750683690187329900, 0.5329014600899338900, 0.7739734595924697700, 1.000000000000000000 ),
 .UNSPECIFIED. ) ;
#8080 = B_SPLINE_SURFACE_WITH_KNOTS ( 'NONE', 3, 1, ( 
 ( #8121, #8120 ),
 ( #8119, #8118 ),
 ( #8117, #8116 ),
 ( #8115, #8114 ),
 ( #8113, #8112 ),
 ( #8076, #8075 ),
 ( #8074, #8073 ),
 ( #8072, #8071 ),
 ( #8070, #8111 ),
 ( #8110, #8109 ),
 ( #8108, #8107 ) ),
 .UNSPECIFIED., .F., .F., .F.,
 ( 4, 1, 1, 1, 1, 1, 1, 1, 4 ),
 ( 2, 2 ),
 ( 0.0000000000000000000, 0.1022030370352292100, 0.2110233423738686100, 0.3250996615652147500, 0.4465020971348817000, 0.5737877176488638300, 0.7089007097660612300, 0.8503578712933931300, 1.000000000000000000 ),
 ( 0.0000000000000000000, 1.000000000000000000 ),
 .UNSPECIFIED. ) ;
#8081 = CARTESIAN_POINT ( 'NONE',  ( -6.980543818118466200, -6.707565549001843800, 0.3649999999999999400 ) ) ;
#8082 = DIRECTION ( 'NONE',  ( -1.000000000000000000, 0.0000000000000000000, 0.0000000000000000000 ) ) ;
#8083 = VECTOR ( 'NONE', #8082, 39.37007874015748100 ) ;
#8084 = CARTESIAN_POINT ( 'NONE',  ( -7.139978079603508800, -6.647289941362954500, 0.3649999999999999400 ) ) ;
#8085 = LINE ( 'NONE', #8084, #8083 ) ;
#8086 = FACE_OUTER_BOUND ( 'NONE', #4179, .T. ) ;
#8087 = CARTESIAN_POINT ( 'NONE',  ( 8.537952334525352100, -6.297952334525348300, -0.3449999999999999200 ) ) ;
#8088 = CYLINDRICAL_SURFACE ( 'NONE', #8106, 0.2299999999999994500 ) ;
#8089 = CARTESIAN_POINT ( 'NONE',  ( -6.978117540629714500, -6.706895709776171400, 0.3649999999999999900 ) ) ;
#8090 = CARTESIAN_POINT ( 'NONE',  ( -6.980543818118466200, -6.707565549001843800, 0.3449999999999999200 ) ) ;
#8091 = CARTESIAN_POINT ( 'NONE',  ( -6.953550629015902400, -6.703112590935604400, 0.3649999999999999400 ) ) ;
#8092 = CARTESIAN_POINT ( 'NONE',  ( -6.955618786835345600, -6.703169979748193600, 0.3649999999999999400 ) ) ;
#8093 = CARTESIAN_POINT ( 'NONE',  ( -6.959892769421751200, -6.703288577460305000, 0.3650000000000000500 ) ) ;
#8094 = CARTESIAN_POINT ( 'NONE',  ( -6.966479163696635400, -6.704157148202159400, 0.3649999999999999400 ) ) ;
#8095 = CARTESIAN_POINT ( 'NONE',  ( -6.973417011735928200, -6.705598002218377700, 0.3649999999999999900 ) ) ;
#8096 = CARTESIAN_POINT ( 'NONE',  ( -6.978117540629714500, -6.706895709776171400, 0.3649999999999999900 ) ) ;
#8097 = CARTESIAN_POINT ( 'NONE',  ( -6.980543818118466200, -6.707565549001843800, 0.3649999999999999400 ) ) ;
#8098 = FACE_OUTER_BOUND ( 'NONE', #4194, .T. ) ;
#8099 = CARTESIAN_POINT ( 'NONE',  ( -6.980543818118466200, -6.707565549001843800, 0.3649999999999999400 ) ) ;
#8100 = DIRECTION ( 'NONE',  ( 0.0000000000000000000, 0.0000000000000000000, -1.000000000000000000 ) ) ;
#8101 = VECTOR ( 'NONE', #8100, 39.37007874015748100 ) ;
#8102 = PLANE ( 'NONE',  #8172 ) ;
#8103 = FACE_OUTER_BOUND ( 'NONE', #4280, .T. ) ;
#8104 = DIRECTION ( 'NONE',  ( -1.000000000000000000, 0.0000000000000000000, 0.0000000000000000000 ) ) ;
#8105 = DIRECTION ( 'NONE',  ( 0.0000000000000000000, 0.0000000000000000000, -1.000000000000000000 ) ) ;
#8106 = AXIS2_PLACEMENT_3D ( 'NONE', #8087, #8105, #8104 ) ;
#8107 = CARTESIAN_POINT ( 'NONE',  ( -7.007766541141970500, -6.738369001192015000, 0.3449999999999998100 ) ) ;
#8108 = CARTESIAN_POINT ( 'NONE',  ( -7.007766541141970500, -6.738369001192015000, 0.3649999999999999400 ) ) ;
#8109 = CARTESIAN_POINT ( 'NONE',  ( -7.005339159019882800, -6.737435573516421500, 0.3449999999999998100 ) ) ;
#8110 = CARTESIAN_POINT ( 'NONE',  ( -7.005339159019882800, -6.737435573516421500, 0.3649999999999999400 ) ) ;
#8111 = CARTESIAN_POINT ( 'NONE',  ( -7.000617165160441000, -6.735619773806820200, 0.3449999999999998100 ) ) ;
#8112 = CARTESIAN_POINT ( 'NONE',  ( -6.974250841464945300, -6.728243630597077600, 0.3449999999999998100 ) ) ;
#8113 = CARTESIAN_POINT ( 'NONE',  ( -6.974250841464945300, -6.728243630597077600, 0.3649999999999999400 ) ) ;
#8114 = CARTESIAN_POINT ( 'NONE',  ( -6.968338883412896800, -6.727311295842852700, 0.3449999999999998600 ) ) ;
#8115 = CARTESIAN_POINT ( 'NONE',  ( -6.968338883412896800, -6.727311295842852700, 0.3649999999999999900 ) ) ;
#8116 = CARTESIAN_POINT ( 'NONE',  ( -6.962712984043719200, -6.726733370455412400, 0.3449999999999998100 ) ) ;
#8117 = CARTESIAN_POINT ( 'NONE',  ( -6.962712984043719200, -6.726733370455412400, 0.3649999999999999400 ) ) ;
#8118 = CARTESIAN_POINT ( 'NONE',  ( -6.959045377445076700, -6.726654879337099000, 0.3449999999999997500 ) ) ;
#8119 = CARTESIAN_POINT ( 'NONE',  ( -6.959045377445076700, -6.726654879337099000, 0.3649999999999998800 ) ) ;
#8120 = CARTESIAN_POINT ( 'NONE',  ( -6.957269078535132300, -6.726616864439877800, 0.3449999999999998100 ) ) ;
#8121 = CARTESIAN_POINT ( 'NONE',  ( -6.957269078535132300, -6.726616864439877800, 0.3649999999999999400 ) ) ;
#8122 = CARTESIAN_POINT ( 'NONE',  ( -6.881431071056500300, -6.778078369514664900, 0.3450000000000004200 ) ) ;
#8123 = CARTESIAN_POINT ( 'NONE',  ( -6.891833086198850800, -6.819723946237740400, 0.3450000000000003600 ) ) ;
#8124 = CARTESIAN_POINT ( 'NONE',  ( -6.891833086198850800, -6.819723946237740400, 0.3649999999999998800 ) ) ;
#8125 = CARTESIAN_POINT ( 'NONE',  ( -6.889434603294991400, -6.814922878706421500, 0.3450000000000004200 ) ) ;
#8126 = CARTESIAN_POINT ( 'NONE',  ( -6.889434603294991400, -6.814922878706421500, 0.3649999999999999400 ) ) ;
#8127 = CARTESIAN_POINT ( 'NONE',  ( -6.881431071056500300, -6.778078369514664900, 0.3649999999999999400 ) ) ;
#8128 = CARTESIAN_POINT ( 'NONE',  ( -6.885461175345382900, -6.804985810364933700, 0.3649999999999997700 ) ) ;
#8129 = CARTESIAN_POINT ( 'NONE',  ( -6.883985183692883100, -6.799834839567497000, 0.3450000000000004700 ) ) ;
#8130 = CARTESIAN_POINT ( 'NONE',  ( -6.883985183692883100, -6.799834839567497000, 0.3649999999999999900 ) ) ;
#8131 = CARTESIAN_POINT ( 'NONE',  ( -6.907785237561007800, -6.839957956876518500, 0.3649999999999999900 ) ) ;
#8132 = CARTESIAN_POINT ( 'NONE',  ( -6.904105410500064500, -6.836471806895432700, 0.3450000000000004200 ) ) ;
#8133 = CARTESIAN_POINT ( 'NONE',  ( -6.904105410500064500, -6.836471806895432700, 0.3649999999999999400 ) ) ;
#8134 = CARTESIAN_POINT ( 'NONE',  ( -6.900697938833152600, -6.832683764853161500, 0.3450000000000004200 ) ) ;
#8135 = CARTESIAN_POINT ( 'NONE',  ( -6.900697938833152600, -6.832683764853161500, 0.3649999999999999400 ) ) ;
#8136 = CARTESIAN_POINT ( 'NONE',  ( -6.881561122347783100, -6.783655710509935800, 0.3450000000000003600 ) ) ;
#8137 = CARTESIAN_POINT ( 'NONE',  ( -6.881561122347783100, -6.783655710509935800, 0.3649999999999998800 ) ) ;
#8138 = CARTESIAN_POINT ( 'NONE',  ( -6.915797080089576300, -6.846140848125920700, 0.3450000000000004700 ) ) ;
#8139 = CARTESIAN_POINT ( 'NONE',  ( -6.915797080089576300, -6.846140848125920700, 0.3649999999999999900 ) ) ;
#8140 = CARTESIAN_POINT ( 'NONE',  ( -6.911692854438857800, -6.843162903879885100, 0.3450000000000004200 ) ) ;
#8141 = CARTESIAN_POINT ( 'NONE',  ( -6.911692854438857800, -6.843162903879885100, 0.3649999999999999400 ) ) ;
#8142 = CARTESIAN_POINT ( 'NONE',  ( -6.907785237561007800, -6.839957956876518500, 0.3450000000000004700 ) ) ;
#8143 = CARTESIAN_POINT ( 'NONE',  ( -6.961354782327869200, -6.858828402901417000, 0.3649999999999999900 ) ) ;
#8144 = CARTESIAN_POINT ( 'NONE',  ( -6.959440613904853900, -6.858811060226702900, 0.3450000000000004700 ) ) ;
#8145 = CARTESIAN_POINT ( 'NONE',  ( -6.959440613904853900, -6.858811060226702900, 0.3649999999999999900 ) ) ;
#8146 = CARTESIAN_POINT ( 'NONE',  ( -6.955651178557361400, -6.858776727331123100, 0.3450000000000003600 ) ) ;
#8147 = CARTESIAN_POINT ( 'NONE',  ( -6.955651178557361400, -6.858776727331123100, 0.3649999999999998800 ) ) ;
#8148 = CARTESIAN_POINT ( 'NONE',  ( -6.950060777543901800, -6.858228270115811000, 0.3450000000000004700 ) ) ;
#8149 = CARTESIAN_POINT ( 'NONE',  ( -6.950060777543901800, -6.858228270115811000, 0.3649999999999999900 ) ) ;
#8150 = CARTESIAN_POINT ( 'NONE',  ( -6.882848011281309300, -6.794557956768533000, 0.3450000000000004200 ) ) ;
#8151 = CARTESIAN_POINT ( 'NONE',  ( -6.882848011281309300, -6.794557956768533000, 0.3649999999999999400 ) ) ;
#8152 = CARTESIAN_POINT ( 'NONE',  ( -6.882001029872342600, -6.789165152221473300, 0.3450000000000003600 ) ) ;
#8153 = CARTESIAN_POINT ( 'NONE',  ( -6.882001029872342600, -6.789165152221473300, 0.3649999999999998800 ) ) ;
#8154 = CARTESIAN_POINT ( 'NONE',  ( -6.725770350603063700, -6.779243714163878400, 0.3449999999999999200 ) ) ;
#8155 = CARTESIAN_POINT ( 'NONE',  ( -6.725770350603063700, -6.779243714163878400, 0.3649999999999999400 ) ) ;
#8156 = DIRECTION ( 'NONE',  ( 0.0000000000000000000, 0.0000000000000000000, -1.000000000000000000 ) ) ;
#8157 = CARTESIAN_POINT ( 'NONE',  ( -6.978117540629714500, -6.706895709776171400, 0.3450000000000000300 ) ) ;
#8158 = DIRECTION ( 'NONE',  ( 1.000000000000000000, 0.0000000000000000000, 0.0000000000000000000 ) ) ;
#8159 = CARTESIAN_POINT ( 'NONE',  ( -6.890245173620602500, -6.623785667858681100, 0.3649999999999999400 ) ) ;
#8160 = CARTESIAN_POINT ( 'NONE',  ( -6.901997310372739700, -6.777206140615092500, 0.3649999999999999400 ) ) ;
#8161 = CARTESIAN_POINT ( 'NONE',  ( -6.902052401885113900, -6.779243714163878400, 0.3649999999999999400 ) ) ;
#8162 = CARTESIAN_POINT ( 'NONE',  ( -6.902160514859468200, -6.783242299923035300, 0.3649999999999998800 ) ) ;
#8163 = CARTESIAN_POINT ( 'NONE',  ( -6.902946429424962300, -6.789104709341313700, 0.3649999999999999900 ) ) ;
#8164 = CARTESIAN_POINT ( 'NONE',  ( -6.904284827005033000, -6.794703000572843300, 0.3649999999999999400 ) ) ;
#8165 = B_SPLINE_SURFACE_WITH_KNOTS ( 'NONE', 3, 1, ( 
 ( #8127, #8122 ),
 ( #8204, #8203 ),
 ( #8137, #8136 ),
 ( #8153, #8152 ),
 ( #8151, #8150 ),
 ( #8130, #8129 ),
 ( #8128, #8176 ),
 ( #8175, #8174 ),
 ( #8126, #8125 ),
 ( #8124, #8123 ),
 ( #8192, #8191 ),
 ( #8190, #8189 ),
 ( #8135, #8134 ),
 ( #8133, #8132 ),
 ( #8131, #8142 ),
 ( #8141, #8140 ),
 ( #8139, #8138 ),
 ( #8182, #8181 ),
 ( #8180, #8179 ),
 ( #8178, #8177 ),
 ( #8188, #8187 ),
 ( #8186, #8185 ),
 ( #8184, #8183 ),
 ( #8149, #8148 ),
 ( #8147, #8146 ),
 ( #8145, #8144 ),
 ( #8143, #8201 ) ),
 .UNSPECIFIED., .F., .F., .F.,
 ( 4, 1, 1, 1, 1, 1, 1, 1, 1, 1, 1, 1, 1, 1, 1, 1, 1, 1, 1, 1, 1, 1, 1, 1, 4 ),
 ( 2, 2 ),
 ( 0.0000000000000000000, 0.04401447057613610400, 0.08743412366770336700, 0.1301183986578975900, 0.1725536945581802000, 0.2145547559681368600, 0.2562980920971248400, 0.2984382251332464700, 0.3408490025880958600, 0.3827151889670244400, 0.4239240454075334800, 0.4642462432504144700, 0.5040736714617964900, 0.5438619058684893700, 0.5835667249796506800, 0.6230943188523335700, 0.6632290607685833500, 0.7035512586114697200, 0.7439378946861808800, 0.7845412548000887400, 0.8257501112405970500, 0.8677573633885061800, 0.9107451640323087600, 0.9549144468914728700, 1.000000000000000000 ),
 ( 0.0000000000000000000, 1.000000000000000000 ),
 .UNSPECIFIED. ) ;
#8166 = CARTESIAN_POINT ( 'NONE',  ( -6.932849775806009700, -6.828937054490268100, 0.3649999999999999900 ) ) ;
#8167 = CARTESIAN_POINT ( 'NONE',  ( -6.937928209945765100, -6.831218553911003100, 0.3649999999999999400 ) ) ;
#8168 = CARTESIAN_POINT ( 'NONE',  ( -6.943165477352605000, -6.833095746796845800, 0.3649999999999999400 ) ) ;
#8169 = CARTESIAN_POINT ( 'NONE',  ( -6.948653225068221100, -6.834350111584846800, 0.3649999999999999900 ) ) ;
#8170 = CARTESIAN_POINT ( 'NONE',  ( -6.954337303958830300, -6.835164570709773500, 0.3649999999999997700 ) ) ;
#8171 = CARTESIAN_POINT ( 'NONE',  ( -6.958199641125941200, -6.835270387986690300, 0.3649999999999999400 ) ) ;
#8172 = AXIS2_PLACEMENT_3D ( 'NONE', #8159, #8158, #8156 ) ;
#8173 = FACE_OUTER_BOUND ( 'NONE', #4078, .T. ) ;
#8174 = CARTESIAN_POINT ( 'NONE',  ( -6.887247958636611300, -6.810025612788717100, 0.3450000000000005300 ) ) ;
#8175 = CARTESIAN_POINT ( 'NONE',  ( -6.887247958636611300, -6.810025612788717100, 0.3650000000000000500 ) ) ;
#8176 = CARTESIAN_POINT ( 'NONE',  ( -6.885461175345382900, -6.804985810364933700, 0.3450000000000003100 ) ) ;
#8177 = CARTESIAN_POINT ( 'NONE',  ( -6.929444016795974500, -6.853176571788421400, 0.3450000000000004700 ) ) ;
#8178 = CARTESIAN_POINT ( 'NONE',  ( -6.929444016795974500, -6.853176571788421400, 0.3649999999999999900 ) ) ;
#8179 = CARTESIAN_POINT ( 'NONE',  ( -6.924688597816537300, -6.851191102081937600, 0.3450000000000004200 ) ) ;
#8180 = CARTESIAN_POINT ( 'NONE',  ( -6.924688597816537300, -6.851191102081937600, 0.3649999999999999400 ) ) ;
#8181 = CARTESIAN_POINT ( 'NONE',  ( -6.920161411432018500, -6.848770908524317100, 0.3450000000000004200 ) ) ;
#8182 = CARTESIAN_POINT ( 'NONE',  ( -6.920161411432018500, -6.848770908524317100, 0.3649999999999999400 ) ) ;
#8183 = CARTESIAN_POINT ( 'NONE',  ( -6.944629214863527800, -6.857475254600173800, 0.3450000000000004200 ) ) ;
#8184 = CARTESIAN_POINT ( 'NONE',  ( -6.944629214863527800, -6.857475254600173800, 0.3649999999999999400 ) ) ;
#8185 = CARTESIAN_POINT ( 'NONE',  ( -6.939384977132733400, -6.856366575435218100, 0.3450000000000004200 ) ) ;
#8186 = CARTESIAN_POINT ( 'NONE',  ( -6.939384977132733400, -6.856366575435218100, 0.3649999999999999400 ) ) ;
#8187 = CARTESIAN_POINT ( 'NONE',  ( -6.934319419802119600, -6.854951665889222700, 0.3450000000000004700 ) ) ;
#8188 = CARTESIAN_POINT ( 'NONE',  ( -6.934319419802119600, -6.854951665889222700, 0.3649999999999999900 ) ) ;
#8189 = CARTESIAN_POINT ( 'NONE',  ( -6.897531150717402900, -6.828618722613404300, 0.3450000000000003600 ) ) ;
#8190 = CARTESIAN_POINT ( 'NONE',  ( -6.897531150717402900, -6.828618722613404300, 0.3649999999999998800 ) ) ;
#8191 = CARTESIAN_POINT ( 'NONE',  ( -6.894533748451166800, -6.824320277065965000, 0.3450000000000004700 ) ) ;
#8192 = CARTESIAN_POINT ( 'NONE',  ( -6.894533748451166800, -6.824320277065965000, 0.3649999999999999900 ) ) ;
#8193 = CARTESIAN_POINT ( 'NONE',  ( -6.906160935856508600, -6.800051001340475100, 0.3649999999999998800 ) ) ;
#8194 = CARTESIAN_POINT ( 'NONE',  ( -6.908631621556313700, -6.805123648253335500, 0.3649999999999999900 ) ) ;
#8195 = CARTESIAN_POINT ( 'NONE',  ( -6.911563443268740900, -6.809976537015071300, 0.3649999999999999900 ) ) ;
#8196 = CARTESIAN_POINT ( 'NONE',  ( -6.915083189295363500, -6.814525652060748200, 0.3649999999999998800 ) ) ;
#8197 = CARTESIAN_POINT ( 'NONE',  ( -6.919066724663546000, -6.818779620160818000, 0.3649999999999997700 ) ) ;
#8198 = CARTESIAN_POINT ( 'NONE',  ( -6.923416185786953400, -6.822639875699375800, 0.3649999999999999900 ) ) ;
#8199 = CARTESIAN_POINT ( 'NONE',  ( -6.928058636075923500, -6.826009281668987700, 0.3649999999999999400 ) ) ;
#8200 = B_SPLINE_CURVE_WITH_KNOTS ( 'NONE', 3,
 ( #8202, #8171, #8170, #8169, #8168, #8167, #8166, #8199, #8198, #8197, #8196, #8195, #8194, #8193, #8164, #8163, #8162, #8161, #8160 ),
 .UNSPECIFIED., .F., .F.,
 ( 4, 1, 1, 1, 1, 1, 1, 1, 1, 1, 1, 1, 1, 1, 1, 1, 4 ),
 ( 0.0000000000000000000, 0.06420729528298192700, 0.1264246897797430500, 0.1876802842649178400, 0.2482164244552112800, 0.3083050600086085200, 0.3696609913251378000, 0.4316985517867850100, 0.4959468922087652600, 0.5597580239721199300, 0.6222954078261554400, 0.6839106352841736200, 0.7450924080566290200, 0.8067402253892913500, 0.8690866181212019100, 0.9332900029747985800, 1.000000000000000000 ),
 .UNSPECIFIED. ) ;
#8201 = CARTESIAN_POINT ( 'NONE',  ( -6.961354782327869200, -6.858828402901417000, 0.3450000000000004700 ) ) ;
#8202 = CARTESIAN_POINT ( 'NONE',  ( -6.960161205938978100, -6.835324129397142700, 0.3649999999999999400 ) ) ;
#8203 = CARTESIAN_POINT ( 'NONE',  ( -6.881474617651780300, -6.779945895847232500, 0.3450000000000004200 ) ) ;
#8204 = CARTESIAN_POINT ( 'NONE',  ( -6.881474617651780300, -6.779945895847232500, 0.3649999999999999400 ) ) ;
#8205 = FACE_OUTER_BOUND ( 'NONE', #4251, .T. ) ;
#8206 = CARTESIAN_POINT ( 'NONE',  ( -6.881431071056500300, -6.778078369514664900, 0.3649999999999999400 ) ) ;
#8207 = DIRECTION ( 'NONE',  ( 0.0000000000000000000, -1.000000000000000000, -8.343060079002795700E-013 ) ) ;
#8208 = DIRECTION ( 'NONE',  ( 2.021840835346169500E-013, -8.343060079002795700E-013, 1.000000000000000000 ) ) ;
#8209 = CARTESIAN_POINT ( 'NONE',  ( -6.790920851398512400, -6.704368544035552300, 0.3649999999999999900 ) ) ;
#8210 = AXIS2_PLACEMENT_3D ( 'NONE', #8209, #8208, #8207 ) ;
#8211 = CARTESIAN_POINT ( 'NONE',  ( -6.955618786835345600, -6.703169979748193600, 0.3449999999999999200 ) ) ;
#8212 = AXIS2_PLACEMENT_3D ( 'NONE', #8215, #8228, #8227 ) ;
#8213 = CYLINDRICAL_SURFACE ( 'NONE', #8212, 0.07199999999999939800 ) ;
#8214 = FACE_OUTER_BOUND ( 'NONE', #4224, .T. ) ;
#8215 = CARTESIAN_POINT ( 'NONE',  ( 5.399000000000000000, 7.214999999999998100, -0.1949999999999999800 ) ) ;
#8216 = DIRECTION ( 'NONE',  ( 0.0000000000000000000, 0.0000000000000000000, -1.000000000000000000 ) ) ;
#8217 = DIRECTION ( 'NONE',  ( 0.0000000000000000000, -1.000000000000000000, 0.0000000000000000000 ) ) ;
#8218 = CARTESIAN_POINT ( 'NONE',  ( -7.119411840287269500, -6.852952334525348000, 0.3649999999999999400 ) ) ;
#8219 = AXIS2_PLACEMENT_3D ( 'NONE', #8218, #8217, #8216 ) ;
#8220 = CARTESIAN_POINT ( 'NONE',  ( -6.955618786835345600, -6.703169979748193600, 0.3649999999999999400 ) ) ;
#8221 = DIRECTION ( 'NONE',  ( 0.0000000000000000000, 0.0000000000000000000, 1.000000000000000000 ) ) ;
#8222 = DIRECTION ( 'NONE',  ( 0.0000000000000000000, 1.000000000000000000, 0.0000000000000000000 ) ) ;
#8223 = CARTESIAN_POINT ( 'NONE',  ( -7.161783802092825700, -6.623785667858681100, 0.3649999999999999400 ) ) ;
#8224 = AXIS2_PLACEMENT_3D ( 'NONE', #8223, #8222, #8221 ) ;
#8225 = PLANE ( 'NONE',  #8224 ) ;
#8226 = LINE ( 'NONE', #8255, #8254 ) ;
#8227 = DIRECTION ( 'NONE',  ( 0.0000000000000000000, 0.0000000000000000000, -1.000000000000000000 ) ) ;
#8228 = DIRECTION ( 'NONE',  ( 0.0000000000000000000, -1.000000000000000000, 0.0000000000000000000 ) ) ;
#8229 = DIRECTION ( 'NONE',  ( 0.0000000000000000000, 0.0000000000000000000, 1.000000000000000000 ) ) ;
#8230 = DIRECTION ( 'NONE',  ( 0.0000000000000000000, 1.000000000000000000, 0.0000000000000000000 ) ) ;
#8231 = CARTESIAN_POINT ( 'NONE',  ( 5.965000000000000700, -7.215000000000001600, -0.1949999999999999800 ) ) ;
#8232 = AXIS2_PLACEMENT_3D ( 'NONE', #8231, #8230, #8229 ) ;
#8233 = CYLINDRICAL_SURFACE ( 'NONE', #8232, 0.07199999999999939800 ) ;
#8234 = CARTESIAN_POINT ( 'NONE',  ( -6.959892769421751200, -6.703288577460305000, 0.3450000000000000800 ) ) ;
#8235 = DIRECTION ( 'NONE',  ( -1.000000000000000000, 0.0000000000000000000, 0.0000000000000000000 ) ) ;
#8236 = DIRECTION ( 'NONE',  ( 0.0000000000000000000, 0.0000000000000000000, -1.000000000000000000 ) ) ;
#8237 = CARTESIAN_POINT ( 'NONE',  ( -7.161783802092825700, -6.623785667858681100, 0.3649999999999999400 ) ) ;
#8238 = AXIS2_PLACEMENT_3D ( 'NONE', #8237, #8236, #8235 ) ;
#8239 = FACE_OUTER_BOUND ( 'NONE', #4072, .T. ) ;
#8240 = AXIS2_PLACEMENT_3D ( 'NONE', #8291, #8290, #8289 ) ;
#8241 = PLANE ( 'NONE',  #8240 ) ;
#8242 = LINE ( 'NONE', #8288, #8287 ) ;
#8243 = FACE_OUTER_BOUND ( 'NONE', #4240, .T. ) ;
#8244 = DIRECTION ( 'NONE',  ( 0.0000000000000000000, 0.0000000000000000000, -1.000000000000000000 ) ) ;
#8245 = VECTOR ( 'NONE', #8244, 39.37007874015748100 ) ;
#8246 = CARTESIAN_POINT ( 'NONE',  ( -7.161783802092825700, -6.623785667858681100, 0.3649999999999999400 ) ) ;
#8247 = LINE ( 'NONE', #8246, #8245 ) ;
#8248 = CARTESIAN_POINT ( 'NONE',  ( -6.959892769421751200, -6.703288577460305000, 0.3650000000000000500 ) ) ;
#8249 = DIRECTION ( 'NONE',  ( 0.0000000000000000000, 0.0000000000000000000, -1.000000000000000000 ) ) ;
#8250 = VECTOR ( 'NONE', #8249, 39.37007874015748100 ) ;
#8251 = CARTESIAN_POINT ( 'NONE',  ( -7.139978079603508800, -6.852952334525348000, 0.3649999999999999400 ) ) ;
#8252 = LINE ( 'NONE', #8251, #8250 ) ;
#8253 = DIRECTION ( 'NONE',  ( 0.0000000000000000000, 0.0000000000000000000, -1.000000000000000000 ) ) ;
#8254 = VECTOR ( 'NONE', #8253, 39.37007874015748100 ) ;
#8255 = CARTESIAN_POINT ( 'NONE',  ( -7.119411840287269500, -6.852952334525348000, 0.3649999999999999400 ) ) ;
#8256 = CARTESIAN_POINT ( 'NONE',  ( -6.966479163696635400, -6.704157148202159400, 0.3449999999999999200 ) ) ;
#8257 = CARTESIAN_POINT ( 'NONE',  ( -6.966479163696635400, -6.704157148202159400, 0.3649999999999999400 ) ) ;
#8258 = FACE_OUTER_BOUND ( 'NONE', #4205, .T. ) ;
#8259 = DIRECTION ( 'NONE',  ( 0.4966865118377021800, 0.8679300138596983700, 0.0000000000000000000 ) ) ;
#8260 = VECTOR ( 'NONE', #8259, 39.37007874015748100 ) ;
#8261 = CARTESIAN_POINT ( 'NONE',  ( -7.175234489859919400, -6.647289941362954500, 0.3649999999999999400 ) ) ;
#8262 = LINE ( 'NONE', #8261, #8260 ) ;
#8263 = DIRECTION ( 'NONE',  ( 0.0000000000000000000, 0.0000000000000000000, 1.000000000000000000 ) ) ;
#8264 = FACE_OUTER_BOUND ( 'NONE', #4172, .T. ) ;
#8265 = PLANE ( 'NONE',  #8219 ) ;
#8266 = DIRECTION ( 'NONE',  ( -0.2009441437213354600, -0.9796027006414893500, 0.0000000000000000000 ) ) ;
#8267 = DIRECTION ( 'NONE',  ( -0.9796027006414893500, 0.2009441437213354600, 0.0000000000000000000 ) ) ;
#8268 = CARTESIAN_POINT ( 'NONE',  ( -7.007766541141970500, -6.738369001192015000, 0.3649999999999999400 ) ) ;
#8269 = AXIS2_PLACEMENT_3D ( 'NONE', #8268, #8267, #8266 ) ;
#8270 = PLANE ( 'NONE',  #8269 ) ;
#8271 = FACE_OUTER_BOUND ( 'NONE', #4159, .T. ) ;
#8272 = DIRECTION ( 'NONE',  ( 0.0000000000000000000, 1.000000000000000000, 0.0000000000000000000 ) ) ;
#8273 = CARTESIAN_POINT ( 'NONE',  ( -5.964999999999999000, -7.215000000000001600, -0.1949999999999999800 ) ) ;
#8274 = AXIS2_PLACEMENT_3D ( 'NONE', #8273, #8272, #8263 ) ;
#8275 = CYLINDRICAL_SURFACE ( 'NONE', #8274, 0.07199999999999939800 ) ;
#8276 = FACE_OUTER_BOUND ( 'NONE', #4213, .T. ) ;
#8277 = DIRECTION ( 'NONE',  ( 0.0000000000000000000, 0.0000000000000000000, -1.000000000000000000 ) ) ;
#8278 = VECTOR ( 'NONE', #8277, 39.37007874015748100 ) ;
#8279 = CARTESIAN_POINT ( 'NONE',  ( -6.890245173620602500, -6.623785667858681100, 0.3649999999999999400 ) ) ;
#8280 = LINE ( 'NONE', #8279, #8278 ) ;
#8281 = CARTESIAN_POINT ( 'NONE',  ( -6.973417011735928200, -6.705598002218377700, 0.3450000000000000300 ) ) ;
#8282 = PLANE ( 'NONE',  #8238 ) ;
#8283 = FACE_OUTER_BOUND ( 'NONE', #4201, .T. ) ;
#8284 = PLANE ( 'NONE',  #8210 ) ;
#8285 = FACE_OUTER_BOUND ( 'NONE', #4323, .T. ) ;
#8286 = DIRECTION ( 'NONE',  ( 0.0000000000000000000, 0.0000000000000000000, -1.000000000000000000 ) ) ;
#8287 = VECTOR ( 'NONE', #8286, 39.37007874015748100 ) ;
#8288 = CARTESIAN_POINT ( 'NONE',  ( -6.804261766836415100, -6.707565549001843800, 0.3649999999999999400 ) ) ;
#8289 = DIRECTION ( 'NONE',  ( 0.0000000000000000000, 0.0000000000000000000, -1.000000000000000000 ) ) ;
#8290 = DIRECTION ( 'NONE',  ( 0.0000000000000000000, -1.000000000000000000, 0.0000000000000000000 ) ) ;
#8291 = CARTESIAN_POINT ( 'NONE',  ( -6.713963122338552300, -6.647289941362954500, 0.3649999999999999400 ) ) ;
#8292 = CARTESIAN_POINT ( 'NONE',  ( -7.161783802092825700, -6.623785667858681100, 0.3649999999999999400 ) ) ;
#8293 = CARTESIAN_POINT ( 'NONE',  ( -7.175234489859919400, -6.647289941362954500, 0.3649999999999999400 ) ) ;
#8294 = DIRECTION ( 'NONE',  ( 0.0000000000000000000, 0.0000000000000000000, -1.000000000000000000 ) ) ;
#8295 = VECTOR ( 'NONE', #8294, 39.37007874015748100 ) ;
#8296 = CARTESIAN_POINT ( 'NONE',  ( -7.175234489859919400, -6.647289941362954500, 0.3649999999999999400 ) ) ;
#8297 = LINE ( 'NONE', #8296, #8295 ) ;
#8298 = CARTESIAN_POINT ( 'NONE',  ( -6.973417011735928200, -6.705598002218377700, 0.3649999999999999900 ) ) ;
#8299 = CARTESIAN_POINT ( 'NONE',  ( -6.953550629015902400, -6.703112590935604400, 0.3449999999999999200 ) ) ;
#8300 = CARTESIAN_POINT ( 'NONE',  ( -6.953550629015902400, -6.703112590935604400, 0.3649999999999999400 ) ) ;
#8301 = CARTESIAN_POINT ( 'NONE',  ( -6.834422524047953500, -6.794191650764664000, 0.3649999999999999400 ) ) ;
#8302 = CARTESIAN_POINT ( 'NONE',  ( -6.829057107737832600, -6.737435573516421500, 0.3449999999999998100 ) ) ;
#8303 = CARTESIAN_POINT ( 'NONE',  ( -6.829057107737832600, -6.737435573516421500, 0.3649999999999999400 ) ) ;
#8304 = CARTESIAN_POINT ( 'NONE',  ( -6.824335113878390800, -6.735619773806820200, 0.3449999999999998100 ) ) ;
#8305 = CARTESIAN_POINT ( 'NONE',  ( -6.824335113878390800, -6.735619773806820200, 0.3649999999999999400 ) ) ;
#8306 = CARTESIAN_POINT ( 'NONE',  ( -6.817327048803435700, -6.733215357224377600, 0.3449999999999998100 ) ) ;
#8307 = CARTESIAN_POINT ( 'NONE',  ( -6.817327048803435700, -6.733215357224377600, 0.3649999999999999400 ) ) ;
#8308 = CARTESIAN_POINT ( 'NONE',  ( -6.810601439232010900, -6.731204288731042600, 0.3449999999999998600 ) ) ;
#8309 = CARTESIAN_POINT ( 'NONE',  ( -6.810601439232010900, -6.731204288731042600, 0.3649999999999999900 ) ) ;
#8310 = CARTESIAN_POINT ( 'NONE',  ( -6.804144144058594400, -6.729526063467078600, 0.3449999999999996400 ) ) ;
#8311 = CARTESIAN_POINT ( 'NONE',  ( -6.804144144058594400, -6.729526063467078600, 0.3649999999999997700 ) ) ;
#8312 = CARTESIAN_POINT ( 'NONE',  ( -6.797968790182894200, -6.728243630597077600, 0.3449999999999998100 ) ) ;
#8313 = CARTESIAN_POINT ( 'NONE',  ( -6.797968790182894200, -6.728243630597077600, 0.3649999999999999400 ) ) ;
#8314 = CARTESIAN_POINT ( 'NONE',  ( -6.792056832130847400, -6.727311295842852700, 0.3449999999999998600 ) ) ;
#8315 = CARTESIAN_POINT ( 'NONE',  ( -6.792056832130847400, -6.727311295842852700, 0.3649999999999999900 ) ) ;
#8316 = B_SPLINE_SURFACE_WITH_KNOTS ( 'NONE', 3, 1, ( 
 ( #8324, #8323 ),
 ( #8322, #8321 ),
 ( #8320, #8319 ),
 ( #8315, #8314 ),
 ( #8313, #8312 ),
 ( #8311, #8310 ),
 ( #8309, #8308 ),
 ( #8307, #8306 ),
 ( #8305, #8304 ),
 ( #8303, #8302 ),
 ( #7941, #8014 ) ),
 .UNSPECIFIED., .F., .F., .F.,
 ( 4, 1, 1, 1, 1, 1, 1, 1, 4 ),
 ( 2, 2 ),
 ( 0.0000000000000000000, 0.1022030370352292100, 0.2110233423738686100, 0.3250996615652147500, 0.4465020971348817000, 0.5737877176488638300, 0.7089007097660612300, 0.8503578712933931300, 1.000000000000000000 ),
 ( 0.0000000000000000000, 1.000000000000000000 ),
 .UNSPECIFIED. ) ;
#8317 = LINE ( 'NONE', #8331, #8330 ) ;
#8318 = DIRECTION ( 'NONE',  ( 0.0000000000000000000, 0.0000000000000000000, -1.000000000000000000 ) ) ;
#8319 = CARTESIAN_POINT ( 'NONE',  ( -6.786430932761666300, -6.726733370455412400, 0.3449999999999998100 ) ) ;
#8320 = CARTESIAN_POINT ( 'NONE',  ( -6.786430932761666300, -6.726733370455412400, 0.3649999999999999400 ) ) ;
#8321 = CARTESIAN_POINT ( 'NONE',  ( -6.782763326163024700, -6.726654879337099000, 0.3449999999999997500 ) ) ;
#8322 = CARTESIAN_POINT ( 'NONE',  ( -6.782763326163024700, -6.726654879337099000, 0.3649999999999998800 ) ) ;
#8323 = CARTESIAN_POINT ( 'NONE',  ( -6.780987027253082100, -6.726616864439877800, 0.3449999999999998100 ) ) ;
#8324 = CARTESIAN_POINT ( 'NONE',  ( -6.780987027253082100, -6.726616864439877800, 0.3649999999999999400 ) ) ;
#8325 = CARTESIAN_POINT ( 'NONE',  ( -6.753500185205172800, -6.732045752464838300, 0.3450000000000002000 ) ) ;
#8326 = CARTESIAN_POINT ( 'NONE',  ( -6.725715259090689500, -6.777206140615092500, 0.3449999999999999200 ) ) ;
#8327 = CARTESIAN_POINT ( 'NONE',  ( -6.725715259090689500, -6.777206140615092500, 0.3649999999999999400 ) ) ;
#8328 = FACE_OUTER_BOUND ( 'NONE', #4271, .T. ) ;
#8329 = DIRECTION ( 'NONE',  ( 0.2009441437213354600, 0.9796027006414893500, 0.0000000000000000000 ) ) ;
#8330 = VECTOR ( 'NONE', #8329, 39.37007874015748100 ) ;
#8331 = CARTESIAN_POINT ( 'NONE',  ( -6.831484489859920300, -6.738369001192015000, 0.3649999999999999400 ) ) ;
#8332 = VECTOR ( 'NONE', #8318, 39.37007874015748100 ) ;
#8333 = CARTESIAN_POINT ( 'NONE',  ( -6.780987027253082100, -6.726616864439877800, 0.3649999999999999400 ) ) ;
#8334 = LINE ( 'NONE', #8333, #8332 ) ;
#8335 = CARTESIAN_POINT ( 'NONE',  ( -6.780987027253082100, -6.726616864439877800, 0.3649999999999999400 ) ) ;
#8336 = DIRECTION ( 'NONE',  ( 0.0000000000000000000, 0.0000000000000000000, 1.000000000000000000 ) ) ;
#8337 = DIRECTION ( 'NONE',  ( 0.0000000000000000000, 1.000000000000000000, 0.0000000000000000000 ) ) ;
#8338 = CARTESIAN_POINT ( 'NONE',  ( -7.031270814646243900, -6.794191650764664000, 0.3649999999999999400 ) ) ;
#8339 = AXIS2_PLACEMENT_3D ( 'NONE', #8338, #8337, #8336 ) ;
#8340 = LINE ( 'NONE', #8386, #8385 ) ;
#8341 = CARTESIAN_POINT ( 'NONE',  ( -6.725758373817332500, -6.775367847354180700, 0.3649999999999999400 ) ) ;
#8342 = CARTESIAN_POINT ( 'NONE',  ( -6.725715259090689500, -6.777206140615092500, 0.3649999999999999400 ) ) ;
#8343 = B_SPLINE_CURVE_WITH_KNOTS ( 'NONE', 3,
 ( #8342, #8341, #8366, #8365, #8364, #8363, #8362, #8410, #8409, #8408, #8407, #8406, #8405, #8401, #8400, #8399, #8398, #8397, #8354 ),
 .UNSPECIFIED., .F., .F.,
 ( 4, 1, 1, 1, 1, 1, 1, 1, 1, 1, 1, 1, 1, 1, 1, 1, 4 ),
 ( 0.0000000000000000000, 0.06535138202659543400, 0.1279160318306160900, 0.1883602055717057400, 0.2472160772654552500, 0.3056301291974103400, 0.3637698398318237000, 0.4226609139127817700, 0.4826872940903988400, 0.5433002212395582300, 0.6041179553231008600, 0.6649648912652826900, 0.7274134941125708400, 0.7914676251494232600, 0.8580554427291022800, 0.9270368146149520200, 1.000000000000000000 ),
 .UNSPECIFIED. ) ;
#8344 = CARTESIAN_POINT ( 'NONE',  ( -6.777268577733851300, -6.703112590935604400, 0.3449999999999999200 ) ) ;
#8345 = CARTESIAN_POINT ( 'NONE',  ( -6.777268577733851300, -6.703112590935604400, 0.3649999999999999400 ) ) ;
#8346 = PLANE ( 'NONE',  #8339 ) ;
#8347 = FACE_OUTER_BOUND ( 'NONE', #4399, .T. ) ;
#8348 = CARTESIAN_POINT ( 'NONE',  ( -6.783879154656927900, -6.835324129397142700, 0.3649999999999999400 ) ) ;
#8349 = DIRECTION ( 'NONE',  ( 0.0000000000000000000, 0.0000000000000000000, -1.000000000000000000 ) ) ;
#8350 = VECTOR ( 'NONE', #8349, 39.37007874015748100 ) ;
#8351 = CARTESIAN_POINT ( 'NONE',  ( -6.783879154656927900, -6.835324129397142700, 0.3649999999999999400 ) ) ;
#8352 = LINE ( 'NONE', #8351, #8350 ) ;
#8353 = LINE ( 'NONE', #8375, #8374 ) ;
#8354 = CARTESIAN_POINT ( 'NONE',  ( -6.780987027253082100, -6.726616864439877800, 0.3649999999999999400 ) ) ;
#8355 = CARTESIAN_POINT ( 'NONE',  ( -6.804261766836415100, -6.707565549001843800, 0.3449999999999999200 ) ) ;
#8356 = CARTESIAN_POINT ( 'NONE',  ( -6.804261766836415100, -6.707565549001843800, 0.3649999999999999400 ) ) ;
#8357 = CARTESIAN_POINT ( 'NONE',  ( -6.763596253530286300, -6.728505537100773800, 0.3450000000000002000 ) ) ;
#8358 = CARTESIAN_POINT ( 'NONE',  ( -6.763596253530286300, -6.728505537100773800, 0.3649999999999999400 ) ) ;
#8359 = CARTESIAN_POINT ( 'NONE',  ( -6.758360456598969000, -6.729985347811445500, 0.3450000000000003100 ) ) ;
#8360 = CARTESIAN_POINT ( 'NONE',  ( -6.758360456598969000, -6.729985347811445500, 0.3649999999999999900 ) ) ;
#8361 = B_SPLINE_SURFACE_WITH_KNOTS ( 'NONE', 3, 1, ( 
 ( #8356, #8355 ),
 ( #8396, #8395 ),
 ( #8369, #8368 ),
 ( #8404, #8403 ),
 ( #8402, #8372 ),
 ( #8371, #8370 ),
 ( #8345, #8344 ) ),
 .UNSPECIFIED., .F., .F., .F.,
 ( 4, 1, 1, 1, 4 ),
 ( 2, 2 ),
 ( 0.0000000000000000000, 0.2750683690187329900, 0.5329014600899338900, 0.7739734595924697700, 1.000000000000000000 ),
 ( 0.0000000000000000000, 1.000000000000000000 ),
 .UNSPECIFIED. ) ;
#8362 = CARTESIAN_POINT ( 'NONE',  ( -6.731509789960832700, -6.752335666667882200, 0.3649999999999999900 ) ) ;
#8363 = CARTESIAN_POINT ( 'NONE',  ( -6.729396250763986000, -6.756802677774003600, 0.3649999999999999400 ) ) ;
#8364 = CARTESIAN_POINT ( 'NONE',  ( -6.727731591957939000, -6.761524443093595200, 0.3650000000000000500 ) ) ;
#8365 = CARTESIAN_POINT ( 'NONE',  ( -6.726532266387154700, -6.766505416101435500, 0.3649999999999997700 ) ) ;
#8366 = CARTESIAN_POINT ( 'NONE',  ( -6.725842764760179700, -6.771769649856521400, 0.3649999999999999900 ) ) ;
#8367 = FACE_OUTER_BOUND ( 'NONE', #4276, .T. ) ;
#8368 = CARTESIAN_POINT ( 'NONE',  ( -6.797134960453878000, -6.705598002218377700, 0.3450000000000000300 ) ) ;
#8369 = CARTESIAN_POINT ( 'NONE',  ( -6.797134960453878000, -6.705598002218377700, 0.3649999999999999900 ) ) ;
#8370 = CARTESIAN_POINT ( 'NONE',  ( -6.779336735553296300, -6.703169979748193600, 0.3449999999999999200 ) ) ;
#8371 = CARTESIAN_POINT ( 'NONE',  ( -6.779336735553296300, -6.703169979748193600, 0.3649999999999999400 ) ) ;
#8372 = CARTESIAN_POINT ( 'NONE',  ( -6.783610718139699200, -6.703288577460305000, 0.3450000000000000800 ) ) ;
#8373 = DIRECTION ( 'NONE',  ( 0.0000000000000000000, 0.0000000000000000000, -1.000000000000000000 ) ) ;
#8374 = VECTOR ( 'NONE', #8373, 39.37007874015748100 ) ;
#8375 = CARTESIAN_POINT ( 'NONE',  ( -6.834422524047953500, -6.794191650764664000, 0.3649999999999999400 ) ) ;
#8376 = CARTESIAN_POINT ( 'NONE',  ( -6.886404231965480300, -6.748162653408506600, 0.3450000000000000800 ) ) ;
#8377 = CARTESIAN_POINT ( 'NONE',  ( -6.886404231965480300, -6.748162653408506600, 0.3649999999999999400 ) ) ;
#8378 = CARTESIAN_POINT ( 'NONE',  ( -6.889256424249058600, -6.741562613550649500, 0.3450000000000000800 ) ) ;
#8379 = CARTESIAN_POINT ( 'NONE',  ( -6.889256424249058600, -6.741562613550649500, 0.3649999999999999400 ) ) ;
#8380 = FACE_OUTER_BOUND ( 'NONE', #4300, .T. ) ;
#8381 = CARTESIAN_POINT ( 'NONE',  ( -6.961354782327869200, -6.858828402901417000, 0.3649999999999999900 ) ) ;
#8382 = FACE_OUTER_BOUND ( 'NONE', #4189, .T. ) ;
#8383 = CARTESIAN_POINT ( 'NONE',  ( -6.953550629015902400, -6.703112590935604400, 0.3649999999999999400 ) ) ;
#8384 = DIRECTION ( 'NONE',  ( 0.0000000000000000000, 0.0000000000000000000, -1.000000000000000000 ) ) ;
#8385 = VECTOR ( 'NONE', #8384, 39.37007874015748100 ) ;
#8386 = CARTESIAN_POINT ( 'NONE',  ( -6.953550629015902400, -6.703112590935604400, 0.3649999999999999400 ) ) ;
#8387 = CARTESIAN_POINT ( 'NONE',  ( -6.780987027253082100, -6.726616864439877800, 0.3450000000000002000 ) ) ;
#8388 = CARTESIAN_POINT ( 'NONE',  ( -6.780987027253082100, -6.726616864439877800, 0.3649999999999999400 ) ) ;
#8389 = CARTESIAN_POINT ( 'NONE',  ( -6.778934969679474100, -6.726662700782577000, 0.3450000000000002000 ) ) ;
#8390 = CARTESIAN_POINT ( 'NONE',  ( -6.778934969679474100, -6.726662700782577000, 0.3649999999999999400 ) ) ;
#8391 = CARTESIAN_POINT ( 'NONE',  ( -6.774942841289751000, -6.726751872045274400, 0.3450000000000002000 ) ) ;
#8392 = CARTESIAN_POINT ( 'NONE',  ( -6.774942841289751000, -6.726751872045274400, 0.3649999999999999400 ) ) ;
#8393 = CARTESIAN_POINT ( 'NONE',  ( -6.769103890174176500, -6.727394544601589000, 0.3450000000000002000 ) ) ;
#8394 = CARTESIAN_POINT ( 'NONE',  ( -6.769103890174176500, -6.727394544601589000, 0.3649999999999999400 ) ) ;
#8395 = CARTESIAN_POINT ( 'NONE',  ( -6.801835489347663400, -6.706895709776171400, 0.3450000000000000300 ) ) ;
#8396 = CARTESIAN_POINT ( 'NONE',  ( -6.801835489347663400, -6.706895709776171400, 0.3649999999999999900 ) ) ;
#8397 = CARTESIAN_POINT ( 'NONE',  ( -6.778934969679474100, -6.726662700782577000, 0.3649999999999999400 ) ) ;
#8398 = CARTESIAN_POINT ( 'NONE',  ( -6.774942841289751000, -6.726751872045274400, 0.3649999999999999400 ) ) ;
#8399 = CARTESIAN_POINT ( 'NONE',  ( -6.769103890174176500, -6.727394544601589000, 0.3649999999999999400 ) ) ;
#8400 = CARTESIAN_POINT ( 'NONE',  ( -6.763596253530286300, -6.728505537100773800, 0.3649999999999999400 ) ) ;
#8401 = CARTESIAN_POINT ( 'NONE',  ( -6.758360456598969000, -6.729985347811445500, 0.3649999999999999900 ) ) ;
#8402 = CARTESIAN_POINT ( 'NONE',  ( -6.783610718139699200, -6.703288577460305000, 0.3650000000000000500 ) ) ;
#8403 = CARTESIAN_POINT ( 'NONE',  ( -6.790197112414585200, -6.704157148202159400, 0.3449999999999999200 ) ) ;
#8404 = CARTESIAN_POINT ( 'NONE',  ( -6.790197112414585200, -6.704157148202159400, 0.3649999999999999400 ) ) ;
#8405 = CARTESIAN_POINT ( 'NONE',  ( -6.753500185205172800, -6.732045752464838300, 0.3649999999999999400 ) ) ;
#8406 = CARTESIAN_POINT ( 'NONE',  ( -6.748899832855491000, -6.734433270882519200, 0.3649999999999998800 ) ) ;
#8407 = CARTESIAN_POINT ( 'NONE',  ( -6.744614825899729400, -6.737271276543067300, 0.3650000000000000500 ) ) ;
#8408 = CARTESIAN_POINT ( 'NONE',  ( -6.740734835123693500, -6.740600405254993700, 0.3649999999999999400 ) ) ;
#8409 = CARTESIAN_POINT ( 'NONE',  ( -6.737193104323243800, -6.744207655788949700, 0.3649999999999999900 ) ) ;
#8410 = CARTESIAN_POINT ( 'NONE',  ( -6.734092584219800900, -6.748118799630963100, 0.3649999999999998800 ) ) ;
#8411 = FACE_OUTER_BOUND ( 'NONE', #4297, .T. ) ;
#8412 = CARTESIAN_POINT ( 'NONE',  ( -6.890245173620602500, -6.647289941362954500, 0.3649999999999999400 ) ) ;
#8413 = DIRECTION ( 'NONE',  ( 0.2007054744631335500, 0.9796516281416208800, 0.0000000000000000000 ) ) ;
#8414 = DIRECTION ( 'NONE',  ( 0.9796516281416208800, -0.2007054744631335500, 0.0000000000000000000 ) ) ;
#8415 = CARTESIAN_POINT ( 'NONE',  ( -6.968194893171884500, -6.647289941362954500, 0.3649999999999999400 ) ) ;
#8416 = AXIS2_PLACEMENT_3D ( 'NONE', #8415, #8414, #8413 ) ;
#8417 = PLANE ( 'NONE',  #8416 ) ;
#8418 = CARTESIAN_POINT ( 'NONE',  ( -6.725878463577416300, -6.783242299923035300, 0.3449999999999998600 ) ) ;
#8419 = CARTESIAN_POINT ( 'NONE',  ( -6.725878463577416300, -6.783242299923035300, 0.3649999999999998800 ) ) ;
#8420 = CARTESIAN_POINT ( 'NONE',  ( -6.726664378142915600, -6.789104709341313700, 0.3450000000000000300 ) ) ;
#8421 = CARTESIAN_POINT ( 'NONE',  ( -6.726664378142915600, -6.789104709341313700, 0.3649999999999999900 ) ) ;
#8422 = CARTESIAN_POINT ( 'NONE',  ( -6.728002775722979200, -6.794703000572843300, 0.3449999999999999200 ) ) ;
#8423 = CARTESIAN_POINT ( 'NONE',  ( -6.728002775722979200, -6.794703000572843300, 0.3649999999999999400 ) ) ;
#8424 = CARTESIAN_POINT ( 'NONE',  ( -6.729878884574460200, -6.800051001340475100, 0.3449999999999998600 ) ) ;
#8425 = CARTESIAN_POINT ( 'NONE',  ( -6.729878884574460200, -6.800051001340475100, 0.3649999999999998800 ) ) ;
#8426 = CARTESIAN_POINT ( 'NONE',  ( -6.882610781844543400, -6.762449017072725600, 0.3450000000000001400 ) ) ;
#8427 = CARTESIAN_POINT ( 'NONE',  ( -6.882610781844543400, -6.762449017072725600, 0.3649999999999999900 ) ) ;
#8428 = CARTESIAN_POINT ( 'NONE',  ( -6.747134134504902300, -6.822639875699375800, 0.3450000000000000300 ) ) ;
#8429 = CARTESIAN_POINT ( 'NONE',  ( -6.747134134504902300, -6.822639875699375800, 0.3649999999999999900 ) ) ;
#8430 = CARTESIAN_POINT ( 'NONE',  ( -6.751776584793873300, -6.826009281668987700, 0.3449999999999999200 ) ) ;
#8431 = CARTESIAN_POINT ( 'NONE',  ( -6.751776584793873300, -6.826009281668987700, 0.3649999999999999400 ) ) ;
#8432 = CARTESIAN_POINT ( 'NONE',  ( -6.756567724523957700, -6.828937054490268100, 0.3450000000000000300 ) ) ;
#8433 = CARTESIAN_POINT ( 'NONE',  ( -6.783879154656927900, -6.835324129397142700, 0.3449999999999999200 ) ) ;
#8434 = CARTESIAN_POINT ( 'NONE',  ( -6.783879154656927900, -6.835324129397142700, 0.3649999999999999400 ) ) ;
#8435 = CARTESIAN_POINT ( 'NONE',  ( -7.010704575330003700, -6.794191650764664000, 0.3649999999999999400 ) ) ;
#8436 = CARTESIAN_POINT ( 'NONE',  ( -6.881431071056500300, -6.778078369514664900, 0.3450000000000000800 ) ) ;
#8437 = CARTESIAN_POINT ( 'NONE',  ( -6.881431071056500300, -6.778078369514664900, 0.3649999999999999400 ) ) ;
#8438 = CARTESIAN_POINT ( 'NONE',  ( -7.003603297039625800, -6.845133977681914700, 0.3649999999999998800 ) ) ;
#8439 = CARTESIAN_POINT ( 'NONE',  ( -6.998325537893638400, -6.848733799951069100, 0.3649999999999999400 ) ) ;
#8440 = CARTESIAN_POINT ( 'NONE',  ( -6.992863336133649600, -6.851910454037079200, 0.3649999999999999400 ) ) ;
#8441 = CARTESIAN_POINT ( 'NONE',  ( -6.987077122438669200, -6.854423907856081600, 0.3650000000000000500 ) ) ;
#8442 = CARTESIAN_POINT ( 'NONE',  ( -6.772371173786171800, -6.834350111584846800, 0.3450000000000000300 ) ) ;
#8443 = CARTESIAN_POINT ( 'NONE',  ( -6.772371173786171800, -6.834350111584846800, 0.3649999999999999900 ) ) ;
#8444 = CARTESIAN_POINT ( 'NONE',  ( -6.778055252676781000, -6.835164570709773500, 0.3449999999999998100 ) ) ;
#8445 = CARTESIAN_POINT ( 'NONE',  ( -6.778055252676781000, -6.835164570709773500, 0.3649999999999997700 ) ) ;
#8446 = CARTESIAN_POINT ( 'NONE',  ( -6.781917589843891900, -6.835270387986690300, 0.3449999999999999200 ) ) ;
#8447 = CARTESIAN_POINT ( 'NONE',  ( -6.781917589843891900, -6.835270387986690300, 0.3649999999999999400 ) ) ;
#8448 = CARTESIAN_POINT ( 'NONE',  ( -6.732349570274261700, -6.805123648253335500, 0.3450000000000000300 ) ) ;
#8449 = CARTESIAN_POINT ( 'NONE',  ( -6.732349570274261700, -6.805123648253335500, 0.3649999999999999900 ) ) ;
#8450 = CARTESIAN_POINT ( 'NONE',  ( -6.735281391986691600, -6.809976537015071300, 0.3450000000000000300 ) ) ;
#8451 = CARTESIAN_POINT ( 'NONE',  ( -6.735281391986691600, -6.809976537015071300, 0.3649999999999999900 ) ) ;
#8452 = CARTESIAN_POINT ( 'NONE',  ( -6.738801138013310600, -6.814525652060748200, 0.3449999999999998600 ) ) ;
#8453 = CARTESIAN_POINT ( 'NONE',  ( -6.738801138013310600, -6.814525652060748200, 0.3649999999999998800 ) ) ;
#8454 = CARTESIAN_POINT ( 'NONE',  ( -6.742784673381495800, -6.818779620160818000, 0.3449999999999998100 ) ) ;
#8455 = CARTESIAN_POINT ( 'NONE',  ( -6.742784673381495800, -6.818779620160818000, 0.3649999999999997700 ) ) ;
#8456 = B_SPLINE_SURFACE_WITH_KNOTS ( 'NONE', 3, 1, ( 
 ( #8434, #8433 ),
 ( #8447, #8446 ),
 ( #8445, #8444 ),
 ( #8443, #8442 ),
 ( #8465, #8464 ),
 ( #8463, #8462 ),
 ( #8461, #8432 ),
 ( #8431, #8430 ),
 ( #8429, #8428 ),
 ( #8455, #8454 ),
 ( #8453, #8452 ),
 ( #8451, #8450 ),
 ( #8449, #8448 ),
 ( #8425, #8424 ),
 ( #8423, #8422 ),
 ( #8421, #8420 ),
 ( #8419, #8418 ),
 ( #8155, #8154 ),
 ( #8327, #8326 ) ),
 .UNSPECIFIED., .F., .F., .F.,
 ( 4, 1, 1, 1, 1, 1, 1, 1, 1, 1, 1, 1, 1, 1, 1, 1, 4 ),
 ( 2, 2 ),
 ( 0.0000000000000000000, 0.06420729528298192700, 0.1264246897797430500, 0.1876802842649178400, 0.2482164244552112800, 0.3083050600086085200, 0.3696609913251378000, 0.4316985517867850100, 0.4959468922087652600, 0.5597580239721199300, 0.6222954078261554400, 0.6839106352841736200, 0.7450924080566290200, 0.8067402253892913500, 0.8690866181212019100, 0.9332900029747985800, 1.000000000000000000 ),
 ( 0.0000000000000000000, 1.000000000000000000 ),
 .UNSPECIFIED. ) ;
#8457 = CARTESIAN_POINT ( 'NONE',  ( -6.881601354472081800, -6.770139072549794100, 0.3450000000000000800 ) ) ;
#8458 = CARTESIAN_POINT ( 'NONE',  ( -6.881601354472081800, -6.770139072549794100, 0.3649999999999999400 ) ) ;
#8459 = CARTESIAN_POINT ( 'NONE',  ( -6.881488579177344400, -6.775397109876276000, 0.3450000000000000800 ) ) ;
#8460 = CARTESIAN_POINT ( 'NONE',  ( -6.881488579177344400, -6.775397109876276000, 0.3649999999999999400 ) ) ;
#8461 = CARTESIAN_POINT ( 'NONE',  ( -6.756567724523957700, -6.828937054490268100, 0.3649999999999999900 ) ) ;
#8462 = CARTESIAN_POINT ( 'NONE',  ( -6.761646158663715800, -6.831218553911003100, 0.3449999999999999200 ) ) ;
#8463 = CARTESIAN_POINT ( 'NONE',  ( -6.761646158663715800, -6.831218553911003100, 0.3649999999999999400 ) ) ;
#8464 = CARTESIAN_POINT ( 'NONE',  ( -6.766883426070553900, -6.833095746796845800, 0.3449999999999999200 ) ) ;
#8465 = CARTESIAN_POINT ( 'NONE',  ( -6.766883426070553900, -6.833095746796845800, 0.3649999999999999400 ) ) ;
#8466 = CARTESIAN_POINT ( 'NONE',  ( -6.884126686268841900, -6.755100455119902300, 0.3450000000000000300 ) ) ;
#8467 = CARTESIAN_POINT ( 'NONE',  ( -6.884126686268841900, -6.755100455119902300, 0.3649999999999998800 ) ) ;
#8468 = CARTESIAN_POINT ( 'NONE',  ( -6.734092584219800900, -6.748118799630963100, 0.3450000000000001400 ) ) ;
#8469 = CARTESIAN_POINT ( 'NONE',  ( -6.734092584219800900, -6.748118799630963100, 0.3649999999999998800 ) ) ;
#8470 = CARTESIAN_POINT ( 'NONE',  ( -6.731509789960832700, -6.752335666667882200, 0.3450000000000003100 ) ) ;
#8471 = CARTESIAN_POINT ( 'NONE',  ( -6.731509789960832700, -6.752335666667882200, 0.3649999999999999900 ) ) ;
#8472 = CARTESIAN_POINT ( 'NONE',  ( -6.729396250763986000, -6.756802677774003600, 0.3450000000000002000 ) ) ;
#8473 = CARTESIAN_POINT ( 'NONE',  ( -6.729396250763986000, -6.756802677774003600, 0.3649999999999999400 ) ) ;
#8474 = CARTESIAN_POINT ( 'NONE',  ( -6.753500185205172800, -6.732045752464838300, 0.3649999999999999400 ) ) ;
#8475 = CARTESIAN_POINT ( 'NONE',  ( -6.748899832855491000, -6.734433270882519200, 0.3450000000000001400 ) ) ;
#8476 = CARTESIAN_POINT ( 'NONE',  ( -6.748899832855491000, -6.734433270882519200, 0.3649999999999998800 ) ) ;
#8477 = CARTESIAN_POINT ( 'NONE',  ( -6.744614825899729400, -6.737271276543067300, 0.3450000000000003600 ) ) ;
#8478 = CARTESIAN_POINT ( 'NONE',  ( -6.744614825899729400, -6.737271276543067300, 0.3650000000000000500 ) ) ;
#8479 = CARTESIAN_POINT ( 'NONE',  ( -6.740734835123693500, -6.740600405254993700, 0.3450000000000002000 ) ) ;
#8480 = CARTESIAN_POINT ( 'NONE',  ( -6.740734835123693500, -6.740600405254993700, 0.3649999999999999400 ) ) ;
#8481 = CARTESIAN_POINT ( 'NONE',  ( -6.737193104323243800, -6.744207655788949700, 0.3450000000000003100 ) ) ;
#8482 = CARTESIAN_POINT ( 'NONE',  ( -6.737193104323243800, -6.744207655788949700, 0.3649999999999999900 ) ) ;
#8483 = CARTESIAN_POINT ( 'NONE',  ( -6.725715259090689500, -6.777206140615092500, 0.3450000000000002000 ) ) ;
#8484 = CARTESIAN_POINT ( 'NONE',  ( -6.725715259090689500, -6.777206140615092500, 0.3649999999999999400 ) ) ;
#8485 = DIRECTION ( 'NONE',  ( 0.9796516281416208800, -0.2007054744631335500, 0.0000000000000000000 ) ) ;
#8486 = CARTESIAN_POINT ( 'NONE',  ( -6.791912841889834200, -6.647289941362954500, 0.3649999999999999400 ) ) ;
#8487 = AXIS2_PLACEMENT_3D ( 'NONE', #8486, #8485, #8528 ) ;
#8488 = PLANE ( 'NONE',  #8487 ) ;
#8489 = DIRECTION ( 'NONE',  ( 0.0000000000000000000, 0.0000000000000000000, -1.000000000000000000 ) ) ;
#8490 = CARTESIAN_POINT ( 'NONE',  ( -6.727731591957939000, -6.761524443093595200, 0.3450000000000003600 ) ) ;
#8491 = CARTESIAN_POINT ( 'NONE',  ( -6.727731591957939000, -6.761524443093595200, 0.3650000000000000500 ) ) ;
#8492 = CARTESIAN_POINT ( 'NONE',  ( -6.726532266387154700, -6.766505416101435500, 0.3450000000000000800 ) ) ;
#8493 = CARTESIAN_POINT ( 'NONE',  ( -6.726532266387154700, -6.766505416101435500, 0.3649999999999997700 ) ) ;
#8494 = CARTESIAN_POINT ( 'NONE',  ( -7.026433797310135200, -6.814149347706399200, 0.3650000000000000500 ) ) ;
#8495 = CARTESIAN_POINT ( 'NONE',  ( -7.023782141152512500, -6.820162584851120300, 0.3649999999999997700 ) ) ;
#8496 = CARTESIAN_POINT ( 'NONE',  ( -7.020673479147292900, -6.825852344939416800, 0.3650000000000000500 ) ) ;
#8497 = CARTESIAN_POINT ( 'NONE',  ( -7.031270814646243900, -6.794191650764664000, 0.3649999999999999400 ) ) ;
#8498 = CARTESIAN_POINT ( 'NONE',  ( -7.017063542575247200, -6.831203677456953100, 0.3649999999999999400 ) ) ;
#8499 = CARTESIAN_POINT ( 'NONE',  ( -7.013010140208738400, -6.836242570628522600, 0.3649999999999998800 ) ) ;
#8500 = CARTESIAN_POINT ( 'NONE',  ( -7.030909537790241100, -6.796524694922700500, 0.3649999999999998800 ) ) ;
#8501 = CARTESIAN_POINT ( 'NONE',  ( -7.030198242401907800, -6.801118079532914300, 0.3649999999999999400 ) ) ;
#8502 = CARTESIAN_POINT ( 'NONE',  ( -7.028516921542536300, -6.807790103600375200, 0.3649999999999998800 ) ) ;
#8503 = B_SPLINE_SURFACE_WITH_KNOTS ( 'NONE', 3, 1, ( 
 ( #8484, #8483 ),
 ( #8511, #8510 ),
 ( #8509, #8508 ),
 ( #8493, #8492 ),
 ( #8491, #8490 ),
 ( #8473, #8472 ),
 ( #8471, #8470 ),
 ( #8469, #8468 ),
 ( #8482, #8481 ),
 ( #8480, #8479 ),
 ( #8478, #8477 ),
 ( #8476, #8475 ),
 ( #8474, #8325 ),
 ( #8360, #8359 ),
 ( #8358, #8357 ),
 ( #8394, #8393 ),
 ( #8392, #8391 ),
 ( #8390, #8389 ),
 ( #8388, #8387 ) ),
 .UNSPECIFIED., .F., .F., .F.,
 ( 4, 1, 1, 1, 1, 1, 1, 1, 1, 1, 1, 1, 1, 1, 1, 1, 4 ),
 ( 2, 2 ),
 ( 0.0000000000000000000, 0.06535138202659543400, 0.1279160318306160900, 0.1883602055717057400, 0.2472160772654552500, 0.3056301291974103400, 0.3637698398318237000, 0.4226609139127817700, 0.4826872940903988400, 0.5433002212395582300, 0.6041179553231008600, 0.6649648912652826900, 0.7274134941125708400, 0.7914676251494232600, 0.8580554427291022800, 0.9270368146149520200, 1.000000000000000000 ),
 ( 0.0000000000000000000, 1.000000000000000000 ),
 .UNSPECIFIED. ) ;
#8504 = CARTESIAN_POINT ( 'NONE',  ( -7.008482061350607100, -6.840885859333033300, 0.3649999999999999900 ) ) ;
#8505 = VECTOR ( 'NONE', #8489, 39.37007874015748100 ) ;
#8506 = CARTESIAN_POINT ( 'NONE',  ( -6.881431071056500300, -6.778078369514664900, 0.3649999999999999400 ) ) ;
#8507 = LINE ( 'NONE', #8506, #8505 ) ;
#8508 = CARTESIAN_POINT ( 'NONE',  ( -6.725842764760179700, -6.771769649856521400, 0.3450000000000003100 ) ) ;
#8509 = CARTESIAN_POINT ( 'NONE',  ( -6.725842764760179700, -6.771769649856521400, 0.3649999999999999900 ) ) ;
#8510 = CARTESIAN_POINT ( 'NONE',  ( -6.725758373817332500, -6.775367847354180700, 0.3450000000000002000 ) ) ;
#8511 = CARTESIAN_POINT ( 'NONE',  ( -6.725758373817332500, -6.775367847354180700, 0.3649999999999999400 ) ) ;
#8512 = DIRECTION ( 'NONE',  ( 0.0000000000000000000, 0.0000000000000000000, -1.000000000000000000 ) ) ;
#8513 = VECTOR ( 'NONE', #8512, 39.37007874015748100 ) ;
#8514 = CARTESIAN_POINT ( 'NONE',  ( -6.777268577733851300, -6.703112590935604400, 0.3649999999999999400 ) ) ;
#8515 = LINE ( 'NONE', #8514, #8513 ) ;
#8516 = CARTESIAN_POINT ( 'NONE',  ( -6.918549224976082700, -6.711208805411540200, 0.3450000000000000800 ) ) ;
#8517 = CARTESIAN_POINT ( 'NONE',  ( -6.918549224976082700, -6.711208805411540200, 0.3649999999999999400 ) ) ;
#8518 = CARTESIAN_POINT ( 'NONE',  ( -6.924891284839236300, -6.708268287166669500, 0.3450000000000000300 ) ) ;
#8519 = CARTESIAN_POINT ( 'NONE',  ( -6.924891284839236300, -6.708268287166669500, 0.3649999999999998800 ) ) ;
#8520 = CARTESIAN_POINT ( 'NONE',  ( -6.931570011457928600, -6.705968729195821400, 0.3450000000000002000 ) ) ;
#8521 = CARTESIAN_POINT ( 'NONE',  ( -6.931570011457928600, -6.705968729195821400, 0.3650000000000000500 ) ) ;
#8522 = CARTESIAN_POINT ( 'NONE',  ( -6.938597760418638800, -6.704322663356932400, 0.3450000000000001400 ) ) ;
#8523 = CARTESIAN_POINT ( 'NONE',  ( -6.938597760418638800, -6.704322663356932400, 0.3649999999999999900 ) ) ;
#8524 = DIRECTION ( 'NONE',  ( -1.000000000000000000, 0.0000000000000000000, 0.0000000000000000000 ) ) ;
#8525 = VECTOR ( 'NONE', #8524, 39.37007874015748100 ) ;
#8526 = CARTESIAN_POINT ( 'NONE',  ( -6.285010130885559900, -6.741307035380048200, 0.3649999999999999400 ) ) ;
#8527 = LINE ( 'NONE', #8526, #8525 ) ;
#8528 = DIRECTION ( 'NONE',  ( 0.2007054744631335500, 0.9796516281416208800, 0.0000000000000000000 ) ) ;
#8529 = CARTESIAN_POINT ( 'NONE',  ( -6.953550629015902400, -6.703112590935604400, 0.3450000000000000800 ) ) ;
#8530 = CARTESIAN_POINT ( 'NONE',  ( -6.953550629015902400, -6.703112590935604400, 0.3649999999999999400 ) ) ;
#8531 = B_SPLINE_SURFACE_WITH_KNOTS ( 'NONE', 3, 1, ( 
 ( #8530, #8529 ),
 ( #8547, #8546 ),
 ( #8545, #8544 ),
 ( #8523, #8522 ),
 ( #8521, #8520 ),
 ( #8519, #8518 ),
 ( #8517, #8516 ),
 ( #8543, #8542 ),
 ( #8541, #8540 ),
 ( #8539, #8538 ),
 ( #8537, #8536 ),
 ( #8535, #8534 ),
 ( #8379, #8378 ),
 ( #8377, #8376 ),
 ( #8467, #8466 ),
 ( #8427, #8426 ),
 ( #8458, #8457 ),
 ( #8460, #8459 ),
 ( #8437, #8436 ) ),
 .UNSPECIFIED., .F., .F., .F.,
 ( 4, 1, 1, 1, 1, 1, 1, 1, 1, 1, 1, 1, 1, 1, 1, 1, 4 ),
 ( 2, 2 ),
 ( 0.0000000000000000000, 0.06580764581069460700, 0.1293942736680575000, 0.1908940606321913900, 0.2512810689298371500, 0.3108149644652732400, 0.3703709874482445900, 0.4307682625897223900, 0.4928812506175041000, 0.5551039481552513300, 0.6160670509938377400, 0.6772560331746518800, 0.7382598051991150500, 0.8007621343762962900, 0.8647775815744810400, 0.9310452949994002500, 1.000000000000000000 ),
 ( 0.0000000000000000000, 1.000000000000000000 ),
 .UNSPECIFIED. ) ;
#8532 = DIRECTION ( 'NONE',  ( 0.0000000000000000000, 0.0000000000000000000, -1.000000000000000000 ) ) ;
#8533 = VECTOR ( 'NONE', #8532, 39.37007874015748100 ) ;
#8534 = CARTESIAN_POINT ( 'NONE',  ( -6.892802784328500500, -6.735373302339454900, 0.3450000000000000300 ) ) ;
#8535 = CARTESIAN_POINT ( 'NONE',  ( -6.892802784328500500, -6.735373302339454900, 0.3649999999999998800 ) ) ;
#8536 = CARTESIAN_POINT ( 'NONE',  ( -6.896977938413842300, -6.729535584592559500, 0.3450000000000000300 ) ) ;
#8537 = CARTESIAN_POINT ( 'NONE',  ( -6.896977938413842300, -6.729535584592559500, 0.3649999999999998800 ) ) ;
#8538 = CARTESIAN_POINT ( 'NONE',  ( -6.901726553829432100, -6.724106193019502500, 0.3450000000000000800 ) ) ;
#8539 = CARTESIAN_POINT ( 'NONE',  ( -6.901726553829432100, -6.724106193019502500, 0.3649999999999999400 ) ) ;
#8540 = CARTESIAN_POINT ( 'NONE',  ( -6.906960890338341500, -6.719172888665005100, 0.3450000000000001400 ) ) ;
#8541 = CARTESIAN_POINT ( 'NONE',  ( -6.906960890338341500, -6.719172888665005100, 0.3649999999999999900 ) ) ;
#8542 = CARTESIAN_POINT ( 'NONE',  ( -6.912602182260092900, -6.714882015792109200, 0.3450000000000000800 ) ) ;
#8543 = CARTESIAN_POINT ( 'NONE',  ( -6.912602182260092900, -6.714882015792109200, 0.3649999999999999400 ) ) ;
#8544 = CARTESIAN_POINT ( 'NONE',  ( -6.945959834328931500, -6.703276887500456900, 0.3450000000000000300 ) ) ;
#8545 = CARTESIAN_POINT ( 'NONE',  ( -6.945959834328931500, -6.703276887500456900, 0.3649999999999998800 ) ) ;
#8546 = CARTESIAN_POINT ( 'NONE',  ( -6.950991574629983700, -6.703167979582277200, 0.3450000000000000800 ) ) ;
#8547 = CARTESIAN_POINT ( 'NONE',  ( -6.950991574629983700, -6.703167979582277200, 0.3649999999999999400 ) ) ;
#8548 = CARTESIAN_POINT ( 'NONE',  ( -6.854988763364192800, -6.794191650764664000, 0.3649999999999999400 ) ) ;
#8549 = LINE ( 'NONE', #8548, #8533 ) ;
#8550 = CARTESIAN_POINT ( 'NONE',  ( -6.892802784328500500, -6.735373302339454900, 0.3649999999999998800 ) ) ;
#8551 = CARTESIAN_POINT ( 'NONE',  ( -6.896977938413842300, -6.729535584592559500, 0.3649999999999998800 ) ) ;
#8552 = CARTESIAN_POINT ( 'NONE',  ( -6.901726553829432100, -6.724106193019502500, 0.3649999999999999400 ) ) ;
#8553 = CARTESIAN_POINT ( 'NONE',  ( -6.906960890338341500, -6.719172888665005100, 0.3649999999999999900 ) ) ;
#8554 = CARTESIAN_POINT ( 'NONE',  ( -6.912602182260092900, -6.714882015792109200, 0.3649999999999999400 ) ) ;
#8555 = CARTESIAN_POINT ( 'NONE',  ( -6.918549224976082700, -6.711208805411540200, 0.3649999999999999400 ) ) ;
#8556 = CARTESIAN_POINT ( 'NONE',  ( -6.924891284839236300, -6.708268287166669500, 0.3649999999999998800 ) ) ;
#8557 = B_SPLINE_CURVE_WITH_KNOTS ( 'NONE', 3,
 ( #8562, #8561, #8560, #8559, #8558, #8556, #8555, #8554, #8553, #8552, #8551, #8550, #8573, #8572, #8571, #8570, #8569, #8568, #8621 ),
 .UNSPECIFIED., .F., .F.,
 ( 4, 1, 1, 1, 1, 1, 1, 1, 1, 1, 1, 1, 1, 1, 1, 1, 4 ),
 ( 0.0000000000000000000, 0.06580764581069460700, 0.1293942736680575000, 0.1908940606321913900, 0.2512810689298371500, 0.3108149644652732400, 0.3703709874482445900, 0.4307682625897223900, 0.4928812506175041000, 0.5551039481552513300, 0.6160670509938377400, 0.6772560331746518800, 0.7382598051991150500, 0.8007621343762962900, 0.8647775815744810400, 0.9310452949994002500, 1.000000000000000000 ),
 .UNSPECIFIED. ) ;
#8558 = CARTESIAN_POINT ( 'NONE',  ( -6.931570011457928600, -6.705968729195821400, 0.3650000000000000500 ) ) ;
#8559 = CARTESIAN_POINT ( 'NONE',  ( -6.938597760418638800, -6.704322663356932400, 0.3649999999999999900 ) ) ;
#8560 = CARTESIAN_POINT ( 'NONE',  ( -6.945959834328931500, -6.703276887500456900, 0.3649999999999998800 ) ) ;
#8561 = CARTESIAN_POINT ( 'NONE',  ( -6.950991574629983700, -6.703167979582277200, 0.3649999999999999400 ) ) ;
#8562 = CARTESIAN_POINT ( 'NONE',  ( -6.953550629015902400, -6.703112590935604400, 0.3649999999999999400 ) ) ;
#8563 = DIRECTION ( 'NONE',  ( 1.000000000000000000, 0.0000000000000000000, 0.0000000000000000000 ) ) ;
#8564 = VECTOR ( 'NONE', #8563, 39.37007874015748100 ) ;
#8565 = CARTESIAN_POINT ( 'NONE',  ( -6.854988763364192800, -6.794191650764664000, 0.3649999999999999400 ) ) ;
#8566 = LINE ( 'NONE', #8565, #8564 ) ;
#8567 = LINE ( 'NONE', #8642, #8641 ) ;
#8568 = CARTESIAN_POINT ( 'NONE',  ( -6.881488579177344400, -6.775397109876276000, 0.3649999999999999400 ) ) ;
#8569 = CARTESIAN_POINT ( 'NONE',  ( -6.881601354472081800, -6.770139072549794100, 0.3649999999999999400 ) ) ;
#8570 = CARTESIAN_POINT ( 'NONE',  ( -6.882610781844543400, -6.762449017072725600, 0.3649999999999999900 ) ) ;
#8571 = CARTESIAN_POINT ( 'NONE',  ( -6.884126686268841900, -6.755100455119902300, 0.3649999999999998800 ) ) ;
#8572 = CARTESIAN_POINT ( 'NONE',  ( -6.886404231965480300, -6.748162653408506600, 0.3649999999999999400 ) ) ;
#8573 = CARTESIAN_POINT ( 'NONE',  ( -6.889256424249058600, -6.741562613550649500, 0.3649999999999999400 ) ) ;
#8574 = LINE ( 'NONE', #8575, #8620 ) ;
#8575 = CARTESIAN_POINT ( 'NONE',  ( -7.031270814646243900, -6.794191650764664000, 0.3649999999999999400 ) ) ;
#8576 = DIRECTION ( 'NONE',  ( 0.0000000000000000000, -1.000000000000000000, 0.0000000000000000000 ) ) ;
#8577 = VECTOR ( 'NONE', #8576, 39.37007874015748100 ) ;
#8578 = CARTESIAN_POINT ( 'NONE',  ( -6.713963122338552300, -6.623785667858681100, 0.3649999999999999400 ) ) ;
#8579 = LINE ( 'NONE', #8578, #8577 ) ;
#8580 = CARTESIAN_POINT ( 'NONE',  ( -6.725715259090689500, -6.777206140615092500, 0.3649999999999999400 ) ) ;
#8581 = CARTESIAN_POINT ( 'NONE',  ( -6.725770350603063700, -6.779243714163878400, 0.3649999999999999400 ) ) ;
#8582 = CARTESIAN_POINT ( 'NONE',  ( -6.725878463577416300, -6.783242299923035300, 0.3649999999999998800 ) ) ;
#8583 = CARTESIAN_POINT ( 'NONE',  ( -6.726664378142915600, -6.789104709341313700, 0.3649999999999999900 ) ) ;
#8584 = CARTESIAN_POINT ( 'NONE',  ( -6.728002775722979200, -6.794703000572843300, 0.3649999999999999400 ) ) ;
#8585 = CARTESIAN_POINT ( 'NONE',  ( -6.729878884574460200, -6.800051001340475100, 0.3649999999999998800 ) ) ;
#8586 = CARTESIAN_POINT ( 'NONE',  ( -6.732349570274261700, -6.805123648253335500, 0.3649999999999999900 ) ) ;
#8587 = CARTESIAN_POINT ( 'NONE',  ( -6.735281391986691600, -6.809976537015071300, 0.3649999999999999900 ) ) ;
#8588 = CARTESIAN_POINT ( 'NONE',  ( -6.738801138013310600, -6.814525652060748200, 0.3649999999999998800 ) ) ;
#8589 = CARTESIAN_POINT ( 'NONE',  ( -6.742784673381495800, -6.818779620160818000, 0.3649999999999997700 ) ) ;
#8590 = CARTESIAN_POINT ( 'NONE',  ( -6.747134134504902300, -6.822639875699375800, 0.3649999999999999900 ) ) ;
#8591 = CARTESIAN_POINT ( 'NONE',  ( -6.751776584793873300, -6.826009281668987700, 0.3649999999999999400 ) ) ;
#8592 = CARTESIAN_POINT ( 'NONE',  ( -6.756567724523957700, -6.828937054490268100, 0.3649999999999999900 ) ) ;
#8593 = CARTESIAN_POINT ( 'NONE',  ( -6.761646158663715800, -6.831218553911003100, 0.3649999999999999400 ) ) ;
#8594 = CARTESIAN_POINT ( 'NONE',  ( -6.766883426070553900, -6.833095746796845800, 0.3649999999999999400 ) ) ;
#8595 = CARTESIAN_POINT ( 'NONE',  ( -6.981044794386692200, -6.856429854096154100, 0.3649999999999999400 ) ) ;
#8596 = CARTESIAN_POINT ( 'NONE',  ( -6.974712290442475600, -6.857763205764710400, 0.3649999999999999400 ) ) ;
#8597 = CARTESIAN_POINT ( 'NONE',  ( -6.968130586646124900, -6.858694178013490000, 0.3649999999999999400 ) ) ;
#8598 = CARTESIAN_POINT ( 'NONE',  ( -6.963638210826228900, -6.858783169461978500, 0.3649999999999999900 ) ) ;
#8599 = FACE_OUTER_BOUND ( 'NONE', #4248, .T. ) ;
#8600 = DIRECTION ( 'NONE',  ( 0.0000000000000000000, -1.000000000000000000, 0.0000000000000000000 ) ) ;
#8601 = VECTOR ( 'NONE', #8600, 39.37007874015748100 ) ;
#8602 = CARTESIAN_POINT ( 'NONE',  ( -6.890245173620602500, -6.623785667858681100, 0.3649999999999999400 ) ) ;
#8603 = LINE ( 'NONE', #8602, #8601 ) ;
#8604 = DIRECTION ( 'NONE',  ( 0.0000000000000000000, 0.0000000000000000000, -1.000000000000000000 ) ) ;
#8605 = DIRECTION ( 'NONE',  ( 0.0000000000000000000, -1.000000000000000000, 0.0000000000000000000 ) ) ;
#8606 = CARTESIAN_POINT ( 'NONE',  ( -6.890245173620602500, -6.647289941362954500, 0.3649999999999999400 ) ) ;
#8607 = AXIS2_PLACEMENT_3D ( 'NONE', #8606, #8605, #8604 ) ;
#8608 = PLANE ( 'NONE',  #8607 ) ;
#8609 = CARTESIAN_POINT ( 'NONE',  ( -6.854988763364192800, -6.794191650764664000, 0.3649999999999999400 ) ) ;
#8610 = B_SPLINE_CURVE_WITH_KNOTS ( 'NONE', 3,
 ( #8611, #8598, #8597, #8596, #8595, #8441, #8440, #8439, #8438, #8504, #8499, #8498, #8496, #8495, #8494, #8502, #8501, #8500, #8497 ),
 .UNSPECIFIED., .F., .F.,
 ( 4, 1, 1, 1, 1, 1, 1, 1, 1, 1, 1, 1, 1, 1, 1, 1, 4 ),
 ( 0.0000000000000000000, 0.06542114375889075700, 0.1287083718818783400, 0.1902361418635397100, 0.2507244020335367400, 0.3106371794134388800, 0.3707664082897265700, 0.4316147444123565300, 0.4935229735663481100, 0.5558834553775275900, 0.6173423673185138800, 0.6786680390972736900, 0.7407113595451454400, 0.8029853625127403300, 0.8668025802655174900, 0.9323471713458896200, 1.000000000000000000 ),
 .UNSPECIFIED. ) ;
#8611 = CARTESIAN_POINT ( 'NONE',  ( -6.961354782327869200, -6.858828402901417000, 0.3649999999999999900 ) ) ;
#8612 = CARTESIAN_POINT ( 'NONE',  ( -6.550706483419435100, -6.694600933606032800, 0.3450000000000000300 ) ) ;
#8613 = FACE_OUTER_BOUND ( 'NONE', #4435, .T. ) ;
#8614 = DIRECTION ( 'NONE',  ( 0.0000000000000000000, 0.0000000000000000000, -1.000000000000000000 ) ) ;
#8615 = VECTOR ( 'NONE', #8614, 39.37007874015748100 ) ;
#8616 = CARTESIAN_POINT ( 'NONE',  ( -6.681644746270176700, -6.738460814760391500, 0.3649999999999999400 ) ) ;
#8617 = LINE ( 'NONE', #8616, #8615 ) ;
#8618 = CARTESIAN_POINT ( 'NONE',  ( -6.549478293683223200, -6.700981608354955400, 0.3449999999999998600 ) ) ;
#8619 = DIRECTION ( 'NONE',  ( 0.0000000000000000000, 0.0000000000000000000, -1.000000000000000000 ) ) ;
#8620 = VECTOR ( 'NONE', #8619, 39.37007874015748100 ) ;
#8621 = CARTESIAN_POINT ( 'NONE',  ( -6.881431071056500300, -6.778078369514664900, 0.3649999999999999400 ) ) ;
#8622 = CARTESIAN_POINT ( 'NONE',  ( -6.772371173786171800, -6.834350111584846800, 0.3649999999999999900 ) ) ;
#8623 = CARTESIAN_POINT ( 'NONE',  ( -6.778055252676781000, -6.835164570709773500, 0.3649999999999997700 ) ) ;
#8624 = CARTESIAN_POINT ( 'NONE',  ( -6.781917589843891900, -6.835270387986690300, 0.3649999999999999400 ) ) ;
#8625 = CARTESIAN_POINT ( 'NONE',  ( -6.783879154656927900, -6.835324129397142700, 0.3649999999999999400 ) ) ;
#8626 = B_SPLINE_CURVE_WITH_KNOTS ( 'NONE', 3,
 ( #8625, #8624, #8623, #8622, #8594, #8593, #8592, #8591, #8590, #8589, #8588, #8587, #8586, #8585, #8584, #8583, #8582, #8581, #8580 ),
 .UNSPECIFIED., .F., .F.,
 ( 4, 1, 1, 1, 1, 1, 1, 1, 1, 1, 1, 1, 1, 1, 1, 1, 4 ),
 ( 0.0000000000000000000, 0.06420729528298192700, 0.1264246897797430500, 0.1876802842649178400, 0.2482164244552112800, 0.3083050600086085200, 0.3696609913251378000, 0.4316985517867850100, 0.4959468922087652600, 0.5597580239721199300, 0.6222954078261554400, 0.6839106352841736200, 0.7450924080566290200, 0.8067402253892913500, 0.8690866181212019100, 0.9332900029747985800, 1.000000000000000000 ),
 .UNSPECIFIED. ) ;
#8627 = CARTESIAN_POINT ( 'NONE',  ( -6.831484489859920300, -6.738369001192015000, 0.3649999999999999400 ) ) ;
#8628 = CARTESIAN_POINT ( 'NONE',  ( -6.829057107737832600, -6.737435573516421500, 0.3649999999999999400 ) ) ;
#8629 = CARTESIAN_POINT ( 'NONE',  ( -6.824335113878390800, -6.735619773806820200, 0.3649999999999999400 ) ) ;
#8630 = CARTESIAN_POINT ( 'NONE',  ( -6.817327048803435700, -6.733215357224377600, 0.3649999999999999400 ) ) ;
#8631 = CARTESIAN_POINT ( 'NONE',  ( -6.810601439232010900, -6.731204288731042600, 0.3649999999999999900 ) ) ;
#8632 = CARTESIAN_POINT ( 'NONE',  ( -6.804144144058594400, -6.729526063467078600, 0.3649999999999997700 ) ) ;
#8633 = CARTESIAN_POINT ( 'NONE',  ( -6.797968790182894200, -6.728243630597077600, 0.3649999999999999400 ) ) ;
#8634 = CARTESIAN_POINT ( 'NONE',  ( -6.792056832130847400, -6.727311295842852700, 0.3649999999999999900 ) ) ;
#8635 = CARTESIAN_POINT ( 'NONE',  ( -6.786430932761666300, -6.726733370455412400, 0.3649999999999999400 ) ) ;
#8636 = CARTESIAN_POINT ( 'NONE',  ( -6.782763326163024700, -6.726654879337099000, 0.3649999999999998800 ) ) ;
#8637 = CARTESIAN_POINT ( 'NONE',  ( -6.780987027253082100, -6.726616864439877800, 0.3649999999999999400 ) ) ;
#8638 = B_SPLINE_CURVE_WITH_KNOTS ( 'NONE', 3,
 ( #8637, #8636, #8635, #8634, #8633, #8632, #8631, #8630, #8629, #8628, #8627 ),
 .UNSPECIFIED., .F., .F.,
 ( 4, 1, 1, 1, 1, 1, 1, 1, 4 ),
 ( 0.0000000000000000000, 0.1022030370352292100, 0.2110233423738686100, 0.3250996615652147500, 0.4465020971348817000, 0.5737877176488638300, 0.7089007097660612300, 0.8503578712933931300, 1.000000000000000000 ),
 .UNSPECIFIED. ) ;
#8639 = LINE ( 'NONE', #8646, #8645 ) ;
#8640 = DIRECTION ( 'NONE',  ( 0.0000000000000000000, 0.0000000000000000000, -1.000000000000000000 ) ) ;
#8641 = VECTOR ( 'NONE', #8640, 39.37007874015748100 ) ;
#8642 = CARTESIAN_POINT ( 'NONE',  ( -6.961354782327869200, -6.858828402901417000, 0.3649999999999999900 ) ) ;
#8643 = CARTESIAN_POINT ( 'NONE',  ( -6.831484489859920300, -6.738369001192015000, 0.3649999999999999400 ) ) ;
#8644 = DIRECTION ( 'NONE',  ( 0.0000000000000000000, 0.0000000000000000000, -1.000000000000000000 ) ) ;
#8645 = VECTOR ( 'NONE', #8644, 39.37007874015748100 ) ;
#8646 = CARTESIAN_POINT ( 'NONE',  ( -6.831484489859920300, -6.738369001192015000, 0.3649999999999999400 ) ) ;
#8647 = CARTESIAN_POINT ( 'NONE',  ( -6.777268577733851300, -6.703112590935604400, 0.3649999999999999400 ) ) ;
#8648 = CARTESIAN_POINT ( 'NONE',  ( -6.548339189921243500, -6.707709306746323800, 0.3450000000000000300 ) ) ;
#8649 = CARTESIAN_POINT ( 'NONE',  ( -6.547566628567019500, -6.714840349599342100, 0.3449999999999999200 ) ) ;
#8650 = CARTESIAN_POINT ( 'NONE',  ( -6.546871037380041600, -6.722335262516014400, 0.3449999999999999200 ) ) ;
#8651 = CARTESIAN_POINT ( 'NONE',  ( -6.546601669137706900, -6.730226333868889000, 0.3449999999999998600 ) ) ;
#8652 = CARTESIAN_POINT ( 'NONE',  ( -6.546531197915618000, -6.735614576800951900, 0.3449999999999999200 ) ) ;
#8653 = CARTESIAN_POINT ( 'NONE',  ( -6.736320130978043600, -6.714882015792109200, 0.3649999999999999400 ) ) ;
#8654 = CARTESIAN_POINT ( 'NONE',  ( -6.742267173694030700, -6.711208805411540200, 0.3649999999999999400 ) ) ;
#8655 = CARTESIAN_POINT ( 'NONE',  ( -6.748609233557186100, -6.708268287166669500, 0.3649999999999998800 ) ) ;
#8656 = CARTESIAN_POINT ( 'NONE',  ( -6.755287960175876600, -6.705968729195821400, 0.3650000000000000500 ) ) ;
#8657 = CARTESIAN_POINT ( 'NONE',  ( -6.762315709136588600, -6.704322663356932400, 0.3649999999999999900 ) ) ;
#8658 = CARTESIAN_POINT ( 'NONE',  ( -6.769677783046881300, -6.703276887500456900, 0.3649999999999998800 ) ) ;
#8659 = CARTESIAN_POINT ( 'NONE',  ( -6.774709523347934400, -6.703167979582277200, 0.3649999999999999400 ) ) ;
#8660 = B_SPLINE_CURVE_WITH_KNOTS ( 'NONE', 3,
 ( #8647, #8659, #8658, #8657, #8656, #8655, #8654, #8653, #8666, #8665, #8664, #8663, #8662, #8661, #8680, #8679, #8678, #8677, #8676 ),
 .UNSPECIFIED., .F., .F.,
 ( 4, 1, 1, 1, 1, 1, 1, 1, 1, 1, 1, 1, 1, 1, 1, 1, 4 ),
 ( 0.0000000000000000000, 0.06580764581069460700, 0.1293942736680575000, 0.1908940606321913900, 0.2512810689298371500, 0.3108149644652732400, 0.3703709874482445900, 0.4307682625897223900, 0.4928812506175041000, 0.5551039481552513300, 0.6160670509938377400, 0.6772560331746518800, 0.7382598051991150500, 0.8007621343762962900, 0.8647775815744810400, 0.9310452949994002500, 1.000000000000000000 ),
 .UNSPECIFIED. ) ;
#8661 = CARTESIAN_POINT ( 'NONE',  ( -6.710122180683429200, -6.748162653408506600, 0.3649999999999999400 ) ) ;
#8662 = CARTESIAN_POINT ( 'NONE',  ( -6.712974372967007500, -6.741562613550649500, 0.3649999999999999400 ) ) ;
#8663 = CARTESIAN_POINT ( 'NONE',  ( -6.716520733046451100, -6.735373302339454900, 0.3649999999999998800 ) ) ;
#8664 = CARTESIAN_POINT ( 'NONE',  ( -6.720695887131791200, -6.729535584592559500, 0.3649999999999998800 ) ) ;
#8665 = CARTESIAN_POINT ( 'NONE',  ( -6.725444502547383700, -6.724106193019502500, 0.3649999999999999400 ) ) ;
#8666 = CARTESIAN_POINT ( 'NONE',  ( -6.730678839056290400, -6.719172888665005100, 0.3649999999999999900 ) ) ;
#8667 = LINE ( 'NONE', #8688, #8687 ) ;
#8668 = CARTESIAN_POINT ( 'NONE',  ( -6.546495173620604300, -6.738369001192015000, 0.3449999999999999200 ) ) ;
#8669 = DIRECTION ( 'NONE',  ( 0.0000000000000000000, 0.0000000000000000000, 1.000000000000000000 ) ) ;
#8670 = DIRECTION ( 'NONE',  ( -1.000000000000000000, 0.0000000000000000000, 0.0000000000000000000 ) ) ;
#8671 = CARTESIAN_POINT ( 'NONE',  ( -6.396655430030858900, -6.852952334525347100, 0.3649999999999999400 ) ) ;
#8672 = AXIS2_PLACEMENT_3D ( 'NONE', #8671, #8670, #8669 ) ;
#8673 = PLANE ( 'NONE',  #8672 ) ;
#8674 = FACE_OUTER_BOUND ( 'NONE', #4453, .T. ) ;
#8675 = CARTESIAN_POINT ( 'NONE',  ( -6.791912841889834200, -6.647289941362954500, 0.3649999999999999400 ) ) ;
#8676 = CARTESIAN_POINT ( 'NONE',  ( -6.705149019774450100, -6.778078369514664900, 0.3649999999999999400 ) ) ;
#8677 = CARTESIAN_POINT ( 'NONE',  ( -6.705206527895294100, -6.775397109876276000, 0.3649999999999999400 ) ) ;
#8678 = CARTESIAN_POINT ( 'NONE',  ( -6.705319303190028900, -6.770139072549794100, 0.3649999999999999400 ) ) ;
#8679 = CARTESIAN_POINT ( 'NONE',  ( -6.706328730562494100, -6.762449017072725600, 0.3649999999999999900 ) ) ;
#8680 = CARTESIAN_POINT ( 'NONE',  ( -6.707844634986792600, -6.755100455119902300, 0.3649999999999998800 ) ) ;
#8681 = CARTESIAN_POINT ( 'NONE',  ( -6.681623268890818100, -6.734787771515885700, 0.3649999999999999400 ) ) ;
#8682 = CARTESIAN_POINT ( 'NONE',  ( -6.681644746270176700, -6.738460814760391500, 0.3450000000000003100 ) ) ;
#8683 = CARTESIAN_POINT ( 'NONE',  ( -6.681644746270176700, -6.738460814760391500, 0.3649999999999999400 ) ) ;
#8684 = B_SPLINE_SURFACE_WITH_KNOTS ( 'NONE', 3, 1, ( 
 ( #8683, #8682 ),
 ( #8681, #8899 ),
 ( #51, #18 ),
 ( #8, #8956 ),
 ( #89, #88 ),
 ( #31, #30 ),
 ( #29, #28 ),
 ( #27, #26 ),
 ( #25, #24 ),
 ( #17, #16 ),
 ( #15, #14 ),
 ( #80, #79 ),
 ( #78, #71 ),
 ( #70, #69 ),
 ( #68, #7 ),
 ( #6, #5 ),
 ( #4, #13 ),
 ( #12, #11 ),
 ( #10, #9 ),
 ( #77, #76 ),
 ( #75, #74 ),
 ( #73, #72 ),
 ( #23, #22 ),
 ( #21, #20 ),
 ( #19, #56 ),
 ( #55, #54 ),
 ( #53, #52 ) ),
 .UNSPECIFIED., .F., .F., .F.,
 ( 4, 1, 1, 1, 1, 1, 1, 1, 1, 1, 1, 1, 1, 1, 1, 1, 1, 1, 1, 1, 1, 1, 1, 1, 4 ),
 ( 2, 2 ),
 ( 0.0000000000000000000, 0.06859462225874493600, 0.1332460424433026000, 0.1943125864682587700, 0.2512792231169680400, 0.3045134392563457200, 0.3542349066533239700, 0.4004805887739899000, 0.4434107549384935200, 0.4840148686163448500, 0.5232523007732049500, 0.5610423727283604400, 0.5979002393643994000, 0.6335184888561969900, 0.6683143511696498800, 0.7024956712863819100, 0.7366853535134566500, 0.7702931693607887300, 0.8034372550192467900, 0.8359129516660291900, 0.8684602457892882700, 0.9008465382431781700, 0.9334665246307083400, 0.9662575752981242800, 1.000000000000000000 ),
 ( 0.0000000000000000000, 1.000000000000000000 ),
 .UNSPECIFIED. ) ;
#8685 = FACE_OUTER_BOUND ( 'NONE', #4397, .T. ) ;
#8686 = DIRECTION ( 'NONE',  ( -0.2007054744631335500, -0.9796516281416208800, 0.0000000000000000000 ) ) ;
#8687 = VECTOR ( 'NONE', #8686, 39.37007874015748900 ) ;
#8688 = CARTESIAN_POINT ( 'NONE',  ( -6.791912841889834200, -6.647289941362954500, 0.3649999999999999400 ) ) ;
#8689 = CARTESIAN_POINT ( 'NONE',  ( -6.882001029872342600, -6.789165152221473300, 0.3649999999999998800 ) ) ;
#8690 = CARTESIAN_POINT ( 'NONE',  ( -6.881561122347783100, -6.783655710509935800, 0.3649999999999998800 ) ) ;
#8691 = CARTESIAN_POINT ( 'NONE',  ( -6.881474617651780300, -6.779945895847232500, 0.3649999999999999400 ) ) ;
#8692 = CARTESIAN_POINT ( 'NONE',  ( -6.881431071056500300, -6.778078369514664900, 0.3649999999999999400 ) ) ;
#8693 = B_SPLINE_CURVE_WITH_KNOTS ( 'NONE', 3,
 ( #8692, #8691, #8690, #8689, #8729, #8728, #8727, #8726, #8725, #8724, #8723, #8722, #8721, #8720, #8719, #8718, #8711, #8710, #8709, #8708, #8707, #8706, #8705, #8704, #8717, #8716, #8715 ),
 .UNSPECIFIED., .F., .F.,
 ( 4, 1, 1, 1, 1, 1, 1, 1, 1, 1, 1, 1, 1, 1, 1, 1, 1, 1, 1, 1, 1, 1, 1, 1, 4 ),
 ( 0.0000000000000000000, 0.04401447057613610400, 0.08743412366770336700, 0.1301183986578975900, 0.1725536945581802000, 0.2145547559681368600, 0.2562980920971248400, 0.2984382251332464700, 0.3408490025880958600, 0.3827151889670244400, 0.4239240454075334800, 0.4642462432504144700, 0.5040736714617964900, 0.5438619058684893700, 0.5835667249796506800, 0.6230943188523335700, 0.6632290607685833500, 0.7035512586114697200, 0.7439378946861808800, 0.7845412548000887400, 0.8257501112405970500, 0.8677573633885061800, 0.9107451640323087600, 0.9549144468914728700, 1.000000000000000000 ),
 .UNSPECIFIED. ) ;
#8694 = LINE ( 'NONE', #8712, #8713 ) ;
#8695 = DIRECTION ( 'NONE',  ( 0.0000000000000000000, -1.000000000000000000, -8.343060078971168500E-013 ) ) ;
#8696 = DIRECTION ( 'NONE',  ( 2.021840835338348000E-013, -8.343060078971168500E-013, 1.000000000000000000 ) ) ;
#8697 = CARTESIAN_POINT ( 'NONE',  ( -6.967202902680561700, -6.704368544035552300, 0.3649999999999999900 ) ) ;
#8698 = AXIS2_PLACEMENT_3D ( 'NONE', #8697, #8696, #8695 ) ;
#8699 = PLANE ( 'NONE',  #8698 ) ;
#8700 = FACE_OUTER_BOUND ( 'NONE', #4363, .T. ) ;
#8701 = FACE_OUTER_BOUND ( 'NONE', #4336, .T. ) ;
#8702 = CARTESIAN_POINT ( 'NONE',  ( -6.725715259090689500, -6.777206140615092500, 0.3649999999999999400 ) ) ;
#8703 = DIRECTION ( 'NONE',  ( 0.0000000000000000000, 0.0000000000000000000, -1.000000000000000000 ) ) ;
#8704 = CARTESIAN_POINT ( 'NONE',  ( -6.950060777543901800, -6.858228270115811000, 0.3649999999999999900 ) ) ;
#8705 = CARTESIAN_POINT ( 'NONE',  ( -6.944629214863527800, -6.857475254600173800, 0.3649999999999999400 ) ) ;
#8706 = CARTESIAN_POINT ( 'NONE',  ( -6.939384977132733400, -6.856366575435218100, 0.3649999999999999400 ) ) ;
#8707 = CARTESIAN_POINT ( 'NONE',  ( -6.934319419802119600, -6.854951665889222700, 0.3649999999999999900 ) ) ;
#8708 = CARTESIAN_POINT ( 'NONE',  ( -6.929444016795974500, -6.853176571788421400, 0.3649999999999999900 ) ) ;
#8709 = CARTESIAN_POINT ( 'NONE',  ( -6.924688597816537300, -6.851191102081937600, 0.3649999999999999400 ) ) ;
#8710 = CARTESIAN_POINT ( 'NONE',  ( -6.920161411432018500, -6.848770908524317100, 0.3649999999999999400 ) ) ;
#8711 = CARTESIAN_POINT ( 'NONE',  ( -6.915797080089576300, -6.846140848125920700, 0.3649999999999999900 ) ) ;
#8712 = CARTESIAN_POINT ( 'NONE',  ( -6.807980216355646000, -6.623785667858681100, 0.3649999999999999400 ) ) ;
#8713 = VECTOR ( 'NONE', #8770, 39.37007874015748100 ) ;
#8714 = CARTESIAN_POINT ( 'NONE',  ( -6.807980216355646000, -6.623785667858681100, 0.3649999999999999400 ) ) ;
#8715 = CARTESIAN_POINT ( 'NONE',  ( -6.961354782327869200, -6.858828402901417000, 0.3649999999999999900 ) ) ;
#8716 = CARTESIAN_POINT ( 'NONE',  ( -6.959440613904853900, -6.858811060226702900, 0.3649999999999999900 ) ) ;
#8717 = CARTESIAN_POINT ( 'NONE',  ( -6.955651178557361400, -6.858776727331123100, 0.3649999999999998800 ) ) ;
#8718 = CARTESIAN_POINT ( 'NONE',  ( -6.911692854438857800, -6.843162903879885100, 0.3649999999999999400 ) ) ;
#8719 = CARTESIAN_POINT ( 'NONE',  ( -6.907785237561007800, -6.839957956876518500, 0.3649999999999999900 ) ) ;
#8720 = CARTESIAN_POINT ( 'NONE',  ( -6.904105410500064500, -6.836471806895432700, 0.3649999999999999400 ) ) ;
#8721 = CARTESIAN_POINT ( 'NONE',  ( -6.900697938833152600, -6.832683764853161500, 0.3649999999999999400 ) ) ;
#8722 = CARTESIAN_POINT ( 'NONE',  ( -6.897531150717402900, -6.828618722613404300, 0.3649999999999998800 ) ) ;
#8723 = CARTESIAN_POINT ( 'NONE',  ( -6.894533748451166800, -6.824320277065965000, 0.3649999999999999900 ) ) ;
#8724 = CARTESIAN_POINT ( 'NONE',  ( -6.891833086198850800, -6.819723946237740400, 0.3649999999999998800 ) ) ;
#8725 = CARTESIAN_POINT ( 'NONE',  ( -6.889434603294991400, -6.814922878706421500, 0.3649999999999999400 ) ) ;
#8726 = CARTESIAN_POINT ( 'NONE',  ( -6.887247958636611300, -6.810025612788717100, 0.3650000000000000500 ) ) ;
#8727 = CARTESIAN_POINT ( 'NONE',  ( -6.885461175345382900, -6.804985810364933700, 0.3649999999999997700 ) ) ;
#8728 = CARTESIAN_POINT ( 'NONE',  ( -6.883985183692883100, -6.799834839567497000, 0.3649999999999999900 ) ) ;
#8729 = CARTESIAN_POINT ( 'NONE',  ( -6.882848011281309300, -6.794557956768533000, 0.3649999999999999400 ) ) ;
#8730 = CARTESIAN_POINT ( 'NONE',  ( -6.791912841889834200, -6.647289941362954500, 0.3649999999999999400 ) ) ;
#8731 = LINE ( 'NONE', #8730, #8748 ) ;
#8732 = DIRECTION ( 'NONE',  ( 0.0000000000000000000, 0.0000000000000000000, -1.000000000000000000 ) ) ;
#8733 = VECTOR ( 'NONE', #8732, 39.37007874015748100 ) ;
#8734 = CARTESIAN_POINT ( 'NONE',  ( -6.890245173620602500, -6.647289941362954500, 0.3649999999999999400 ) ) ;
#8735 = LINE ( 'NONE', #8734, #8733 ) ;
#8736 = CARTESIAN_POINT ( 'NONE',  ( -6.777268577733851300, -6.703112590935604400, 0.3649999999999999400 ) ) ;
#8737 = CARTESIAN_POINT ( 'NONE',  ( -6.779336735553296300, -6.703169979748193600, 0.3649999999999999400 ) ) ;
#8738 = CARTESIAN_POINT ( 'NONE',  ( -6.783610718139699200, -6.703288577460305000, 0.3650000000000000500 ) ) ;
#8739 = CARTESIAN_POINT ( 'NONE',  ( -6.790197112414585200, -6.704157148202159400, 0.3649999999999999400 ) ) ;
#8740 = CARTESIAN_POINT ( 'NONE',  ( -6.797134960453878000, -6.705598002218377700, 0.3649999999999999900 ) ) ;
#8741 = CARTESIAN_POINT ( 'NONE',  ( -6.801835489347663400, -6.706895709776171400, 0.3649999999999999900 ) ) ;
#8742 = CARTESIAN_POINT ( 'NONE',  ( -6.804261766836415100, -6.707565549001843800, 0.3649999999999999400 ) ) ;
#8743 = B_SPLINE_SURFACE_WITH_KNOTS ( 'NONE', 3, 1, ( 
 ( #8796, #8822 ),
 ( #8821, #8820 ),
 ( #8819, #8818 ),
 ( #8942, #8941 ),
 ( #8908, #8907 ),
 ( #8928, #8927 ),
 ( #8926, #8925 ),
 ( #8924, #8923 ),
 ( #8922, #8921 ),
 ( #8920, #8948 ),
 ( #8947, #8946 ),
 ( #8945, #8944 ),
 ( #8943, #8919 ),
 ( #8918, #8917 ),
 ( #8916, #8915 ),
 ( #8914, #8955 ),
 ( #8954, #8953 ),
 ( #8952, #8951 ),
 ( #8950, #8949 ),
 ( #8940, #8939 ),
 ( #8938, #8937 ),
 ( #8936, #8935 ),
 ( #8934, #8933 ),
 ( #8932, #8931 ),
 ( #8930, #8929 ),
 ( #8906, #8905 ),
 ( #8904, #8903 ) ),
 .UNSPECIFIED., .F., .F., .F.,
 ( 4, 1, 1, 1, 1, 1, 1, 1, 1, 1, 1, 1, 1, 1, 1, 1, 1, 1, 1, 1, 1, 1, 1, 1, 4 ),
 ( 2, 2 ),
 ( 0.0000000000000000000, 0.06506328961727911300, 0.1267731664665223400, 0.1855157632260748800, 0.2407646791677143500, 0.2929797960235949700, 0.3422503727797659400, 0.3889192861856593500, 0.4327756640583099700, 0.4746284326311195300, 0.5147746906379518900, 0.5536058934984450200, 0.5914264064311717300, 0.6280281199460685500, 0.6638036341103191700, 0.6989843361316644400, 0.7335914893067049200, 0.7676284691511420200, 0.8012083477865934400, 0.8342638397266216600, 0.8669806947287755900, 0.8997197415181605900, 0.9327019124985405100, 0.9661758834327527400, 1.000000000000000000 ),
 ( 0.0000000000000000000, 1.000000000000000000 ),
 .UNSPECIFIED. ) ;
#8744 = FACE_OUTER_BOUND ( 'NONE', #4383, .T. ) ;
#8745 = B_SPLINE_CURVE_WITH_KNOTS ( 'NONE', 3,
 ( #8742, #8741, #8740, #8739, #8738, #8737, #8736 ),
 .UNSPECIFIED., .F., .F.,
 ( 4, 1, 1, 1, 4 ),
 ( 0.0000000000000000000, 0.2750683690187329900, 0.5329014600899338900, 0.7739734595924697700, 1.000000000000000000 ),
 .UNSPECIFIED. ) ;
#8746 = CARTESIAN_POINT ( 'NONE',  ( -6.804261766836415100, -6.707565549001843800, 0.3649999999999999400 ) ) ;
#8747 = DIRECTION ( 'NONE',  ( 0.0000000000000000000, 0.0000000000000000000, -1.000000000000000000 ) ) ;
#8748 = VECTOR ( 'NONE', #8747, 39.37007874015748100 ) ;
#8749 = PLANE ( 'NONE',  #8762 ) ;
#8750 = DIRECTION ( 'NONE',  ( -0.2009441437213354600, -0.9796027006414893500, 0.0000000000000000000 ) ) ;
#8751 = DIRECTION ( 'NONE',  ( -0.9796027006414893500, 0.2009441437213354600, 0.0000000000000000000 ) ) ;
#8752 = CARTESIAN_POINT ( 'NONE',  ( -6.831484489859920300, -6.738369001192015000, 0.3649999999999999400 ) ) ;
#8753 = AXIS2_PLACEMENT_3D ( 'NONE', #8752, #8751, #8750 ) ;
#8754 = FACE_OUTER_BOUND ( 'NONE', #4371, .T. ) ;
#8755 = PLANE ( 'NONE',  #8753 ) ;
#8756 = DIRECTION ( 'NONE',  ( -0.2007054744631335500, -0.9796516281416208800, 0.0000000000000000000 ) ) ;
#8757 = VECTOR ( 'NONE', #8756, 39.37007874015748900 ) ;
#8758 = CARTESIAN_POINT ( 'NONE',  ( -6.968194893171884500, -6.647289941362954500, 0.3649999999999999400 ) ) ;
#8759 = DIRECTION ( 'NONE',  ( 0.0000000000000000000, 0.0000000000000000000, 1.000000000000000000 ) ) ;
#8760 = DIRECTION ( 'NONE',  ( 0.0000000000000000000, 1.000000000000000000, 0.0000000000000000000 ) ) ;
#8761 = CARTESIAN_POINT ( 'NONE',  ( -6.807980216355646000, -6.623785667858681100, 0.3649999999999999400 ) ) ;
#8762 = AXIS2_PLACEMENT_3D ( 'NONE', #8761, #8760, #8759 ) ;
#8763 = LINE ( 'NONE', #8758, #8757 ) ;
#8764 = LINE ( 'NONE', #8776, #8775 ) ;
#8765 = CARTESIAN_POINT ( 'NONE',  ( -6.713963122338552300, -6.623785667858681100, 0.3649999999999999400 ) ) ;
#8766 = DIRECTION ( 'NONE',  ( 1.000000000000000000, 0.0000000000000000000, 0.0000000000000000000 ) ) ;
#8767 = VECTOR ( 'NONE', #8766, 39.37007874015748100 ) ;
#8768 = CARTESIAN_POINT ( 'NONE',  ( -6.807980216355646000, -6.623785667858681100, 0.3649999999999999400 ) ) ;
#8769 = LINE ( 'NONE', #8768, #8767 ) ;
#8770 = DIRECTION ( 'NONE',  ( 0.0000000000000000000, 0.0000000000000000000, -1.000000000000000000 ) ) ;
#8771 = VECTOR ( 'NONE', #8703, 39.37007874015748100 ) ;
#8772 = CARTESIAN_POINT ( 'NONE',  ( -6.725715259090689500, -6.777206140615092500, 0.3649999999999999400 ) ) ;
#8773 = LINE ( 'NONE', #8772, #8771 ) ;
#8774 = DIRECTION ( 'NONE',  ( 0.0000000000000000000, 0.0000000000000000000, -1.000000000000000000 ) ) ;
#8775 = VECTOR ( 'NONE', #8774, 39.37007874015748100 ) ;
#8776 = CARTESIAN_POINT ( 'NONE',  ( -6.960161205938978100, -6.835324129397142700, 0.3649999999999999400 ) ) ;
#8777 = CARTESIAN_POINT ( 'NONE',  ( -6.777268577733851300, -6.703112590935604400, 0.3649999999999999400 ) ) ;
#8778 = CARTESIAN_POINT ( 'NONE',  ( -6.832943857309019500, -6.800577402672564300, 0.3649999999999999900 ) ) ;
#8779 = CARTESIAN_POINT ( 'NONE',  ( -6.833916487552168700, -6.796377013722612000, 0.3449999999999998600 ) ) ;
#8780 = CARTESIAN_POINT ( 'NONE',  ( -6.833916487552168700, -6.796377013722612000, 0.3649999999999998800 ) ) ;
#8781 = CARTESIAN_POINT ( 'NONE',  ( -6.834422524047953500, -6.794191650764664000, 0.3449999999999999200 ) ) ;
#8782 = CARTESIAN_POINT ( 'NONE',  ( -6.834422524047953500, -6.794191650764664000, 0.3649999999999999400 ) ) ;
#8783 = CARTESIAN_POINT ( 'NONE',  ( -6.807166117828851200, -6.830175528530854300, 0.3649999999999999400 ) ) ;
#8784 = CARTESIAN_POINT ( 'NONE',  ( -6.812429960237893500, -6.827437133059601300, 0.3449999999999999200 ) ) ;
#8785 = CARTESIAN_POINT ( 'NONE',  ( -6.812429960237893500, -6.827437133059601300, 0.3649999999999999400 ) ) ;
#8786 = CARTESIAN_POINT ( 'NONE',  ( -6.817167013542605700, -6.824151856734585100, 0.3450000000000000300 ) ) ;
#8787 = CARTESIAN_POINT ( 'NONE',  ( -6.817167013542605700, -6.824151856734585100, 0.3649999999999999900 ) ) ;
#8788 = CARTESIAN_POINT ( 'NONE',  ( -6.821392154723242600, -6.820510263393420500, 0.3449999999999999200 ) ) ;
#8789 = CARTESIAN_POINT ( 'NONE',  ( -6.821392154723242600, -6.820510263393420500, 0.3649999999999999400 ) ) ;
#8790 = CARTESIAN_POINT ( 'NONE',  ( -6.825094835290792100, -6.816423960000592300, 0.3649999999999999400 ) ) ;
#8791 = CARTESIAN_POINT ( 'NONE',  ( -6.828198691437162200, -6.811737856333871300, 0.3649999999999999400 ) ) ;
#8792 = CARTESIAN_POINT ( 'NONE',  ( -6.830808957093111600, -6.806478859545557600, 0.3649999999999998800 ) ) ;
#8793 = CARTESIAN_POINT ( 'NONE',  ( -6.832943857309019500, -6.800577402672564300, 0.3649999999999999900 ) ) ;
#8794 = CARTESIAN_POINT ( 'NONE',  ( -6.833916487552168700, -6.796377013722612000, 0.3649999999999998800 ) ) ;
#8795 = CARTESIAN_POINT ( 'NONE',  ( -6.834422524047953500, -6.794191650764664000, 0.3649999999999999400 ) ) ;
#8796 = CARTESIAN_POINT ( 'NONE',  ( -6.525928934304364900, -6.738460814760391500, 0.3649999999999999400 ) ) ;
#8797 = B_SPLINE_SURFACE_WITH_KNOTS ( 'NONE', 3, 1, ( 
 ( #8782, #8781 ),
 ( #8780, #8779 ),
 ( #8778, #8808 ),
 ( #8807, #8806 ),
 ( #8805, #8804 ),
 ( #8803, #8802 ),
 ( #8789, #8788 ),
 ( #8787, #8786 ),
 ( #8785, #8784 ),
 ( #8783, #8817 ),
 ( #8816, #8815 ),
 ( #8814, #8813 ),
 ( #8812, #8811 ),
 ( #8810, #8809 ),
 ( #8833, #8832 ) ),
 .UNSPECIFIED., .F., .F., .F.,
 ( 4, 1, 1, 1, 1, 1, 1, 1, 1, 1, 1, 1, 4 ),
 ( 2, 2 ),
 ( 0.0000000000000000000, 0.09468725186755222500, 0.1819941557072721200, 0.2643769486105150800, 0.3421798619477645600, 0.4186176108621496000, 0.4965090753719012000, 0.5773690916117202300, 0.6615105924541986300, 0.7467325508291896600, 0.8312579843277374500, 0.9152056162136454900, 1.000000000000000000 ),
 ( 0.0000000000000000000, 1.000000000000000000 ),
 .UNSPECIFIED. ) ;
#8798 = DIRECTION ( 'NONE',  ( 0.0000000000000000000, 0.0000000000000000000, -1.000000000000000000 ) ) ;
#8799 = VECTOR ( 'NONE', #8798, 39.37007874015748100 ) ;
#8800 = CARTESIAN_POINT ( 'NONE',  ( -6.713963122338552300, -6.647289941362954500, 0.3649999999999999400 ) ) ;
#8801 = LINE ( 'NONE', #8800, #8799 ) ;
#8802 = CARTESIAN_POINT ( 'NONE',  ( -6.825094835290792100, -6.816423960000592300, 0.3449999999999999200 ) ) ;
#8803 = CARTESIAN_POINT ( 'NONE',  ( -6.825094835290792100, -6.816423960000592300, 0.3649999999999999400 ) ) ;
#8804 = CARTESIAN_POINT ( 'NONE',  ( -6.828198691437162200, -6.811737856333871300, 0.3449999999999999200 ) ) ;
#8805 = CARTESIAN_POINT ( 'NONE',  ( -6.828198691437162200, -6.811737856333871300, 0.3649999999999999400 ) ) ;
#8806 = CARTESIAN_POINT ( 'NONE',  ( -6.830808957093111600, -6.806478859545557600, 0.3449999999999998600 ) ) ;
#8807 = CARTESIAN_POINT ( 'NONE',  ( -6.830808957093111600, -6.806478859545557600, 0.3649999999999998800 ) ) ;
#8808 = CARTESIAN_POINT ( 'NONE',  ( -6.832943857309019500, -6.800577402672564300, 0.3450000000000000300 ) ) ;
#8809 = CARTESIAN_POINT ( 'NONE',  ( -6.785888778150440900, -6.835269124494888400, 0.3449999999999999200 ) ) ;
#8810 = CARTESIAN_POINT ( 'NONE',  ( -6.785888778150440900, -6.835269124494888400, 0.3649999999999999400 ) ) ;
#8811 = CARTESIAN_POINT ( 'NONE',  ( -6.789887957151403700, -6.835159663966212700, 0.3450000000000000300 ) ) ;
#8812 = CARTESIAN_POINT ( 'NONE',  ( -6.789887957151403700, -6.835159663966212700, 0.3649999999999999900 ) ) ;
#8813 = CARTESIAN_POINT ( 'NONE',  ( -6.795800741741771800, -6.834066153125308900, 0.3449999999999999200 ) ) ;
#8814 = CARTESIAN_POINT ( 'NONE',  ( -6.795800741741771800, -6.834066153125308900, 0.3649999999999999400 ) ) ;
#8815 = CARTESIAN_POINT ( 'NONE',  ( -6.801612880492399400, -6.832510982622521200, 0.3449999999999998600 ) ) ;
#8816 = CARTESIAN_POINT ( 'NONE',  ( -6.801612880492399400, -6.832510982622521200, 0.3649999999999998800 ) ) ;
#8817 = CARTESIAN_POINT ( 'NONE',  ( -6.807166117828851200, -6.830175528530854300, 0.3449999999999999200 ) ) ;
#8818 = CARTESIAN_POINT ( 'NONE',  ( -6.526054725227041300, -6.748793812723469900, 0.3449999999999999200 ) ) ;
#8819 = CARTESIAN_POINT ( 'NONE',  ( -6.526054725227041300, -6.748793812723469900, 0.3649999999999999900 ) ) ;
#8820 = CARTESIAN_POINT ( 'NONE',  ( -6.525971597578073400, -6.741965356351759200, 0.3449999999999998100 ) ) ;
#8821 = CARTESIAN_POINT ( 'NONE',  ( -6.525971597578073400, -6.741965356351759200, 0.3649999999999998800 ) ) ;
#8822 = CARTESIAN_POINT ( 'NONE',  ( -6.525928934304364900, -6.738460814760391500, 0.3449999999999998600 ) ) ;
#8823 = CARTESIAN_POINT ( 'NONE',  ( -6.783879154656927900, -6.835324129397142700, 0.3649999999999999400 ) ) ;
#8824 = CARTESIAN_POINT ( 'NONE',  ( -6.785888778150440900, -6.835269124494888400, 0.3649999999999999400 ) ) ;
#8825 = CARTESIAN_POINT ( 'NONE',  ( -6.789887957151403700, -6.835159663966212700, 0.3649999999999999900 ) ) ;
#8826 = CARTESIAN_POINT ( 'NONE',  ( -6.795800741741771800, -6.834066153125308900, 0.3649999999999999400 ) ) ;
#8827 = CARTESIAN_POINT ( 'NONE',  ( -6.801612880492399400, -6.832510982622521200, 0.3649999999999998800 ) ) ;
#8828 = CARTESIAN_POINT ( 'NONE',  ( -6.807166117828851200, -6.830175528530854300, 0.3649999999999999400 ) ) ;
#8829 = CARTESIAN_POINT ( 'NONE',  ( -6.812429960237893500, -6.827437133059601300, 0.3649999999999999400 ) ) ;
#8830 = CARTESIAN_POINT ( 'NONE',  ( -6.817167013542605700, -6.824151856734585100, 0.3649999999999999900 ) ) ;
#8831 = CARTESIAN_POINT ( 'NONE',  ( -6.821392154723242600, -6.820510263393420500, 0.3649999999999999400 ) ) ;
#8832 = CARTESIAN_POINT ( 'NONE',  ( -6.783879154656927900, -6.835324129397142700, 0.3449999999999999200 ) ) ;
#8833 = CARTESIAN_POINT ( 'NONE',  ( -6.783879154656927900, -6.835324129397142700, 0.3649999999999999400 ) ) ;
#8834 = B_SPLINE_CURVE_WITH_KNOTS ( 'NONE', 3,
 ( #8795, #8794, #8793, #8792, #8791, #8790, #8831, #8830, #8829, #8828, #8827, #8826, #8825, #8824, #8823 ),
 .UNSPECIFIED., .F., .F.,
 ( 4, 1, 1, 1, 1, 1, 1, 1, 1, 1, 1, 1, 4 ),
 ( 0.0000000000000000000, 0.09468725186755222500, 0.1819941557072721200, 0.2643769486105150800, 0.3421798619477645600, 0.4186176108621496000, 0.4965090753719012000, 0.5773690916117202300, 0.6615105924541986300, 0.7467325508291896600, 0.8312579843277374500, 0.9152056162136454900, 1.000000000000000000 ),
 .UNSPECIFIED. ) ;
#8835 = FACE_OUTER_BOUND ( 'NONE', #4412, .T. ) ;
#8836 = CARTESIAN_POINT ( 'NONE',  ( -6.712974372967007500, -6.741562613550649500, 0.3649999999999999400 ) ) ;
#8837 = CARTESIAN_POINT ( 'NONE',  ( -6.716520733046451100, -6.735373302339454900, 0.3449999999999999200 ) ) ;
#8838 = CARTESIAN_POINT ( 'NONE',  ( -6.716520733046451100, -6.735373302339454900, 0.3649999999999998800 ) ) ;
#8839 = CARTESIAN_POINT ( 'NONE',  ( -6.720695887131791200, -6.729535584592559500, 0.3449999999999999200 ) ) ;
#8840 = CARTESIAN_POINT ( 'NONE',  ( -6.720695887131791200, -6.729535584592559500, 0.3649999999999998800 ) ) ;
#8841 = CARTESIAN_POINT ( 'NONE',  ( -6.725444502547383700, -6.724106193019502500, 0.3450000000000000300 ) ) ;
#8842 = DIRECTION ( 'NONE',  ( 0.0000000000000000000, 0.0000000000000000000, -1.000000000000000000 ) ) ;
#8843 = VECTOR ( 'NONE', #8842, 39.37007874015748100 ) ;
#8844 = CARTESIAN_POINT ( 'NONE',  ( -6.785072731045818100, -6.858828402901417000, 0.3649999999999999900 ) ) ;
#8845 = DIRECTION ( 'NONE',  ( 0.0000000000000000000, 1.000000000000000000, 0.0000000000000000000 ) ) ;
#8846 = VECTOR ( 'NONE', #8845, 39.37007874015748100 ) ;
#8847 = CARTESIAN_POINT ( 'NONE',  ( -6.396655430030858900, -6.852952334525347100, 0.3649999999999999400 ) ) ;
#8848 = LINE ( 'NONE', #8847, #8846 ) ;
#8849 = CARTESIAN_POINT ( 'NONE',  ( -6.725444502547383700, -6.724106193019502500, 0.3649999999999999400 ) ) ;
#8850 = CARTESIAN_POINT ( 'NONE',  ( -6.730678839056290400, -6.719172888665005100, 0.3450000000000000800 ) ) ;
#8851 = CARTESIAN_POINT ( 'NONE',  ( -6.730678839056290400, -6.719172888665005100, 0.3649999999999999900 ) ) ;
#8852 = CARTESIAN_POINT ( 'NONE',  ( -6.736320130978043600, -6.714882015792109200, 0.3450000000000000300 ) ) ;
#8853 = CARTESIAN_POINT ( 'NONE',  ( -6.736320130978043600, -6.714882015792109200, 0.3649999999999999400 ) ) ;
#8854 = CARTESIAN_POINT ( 'NONE',  ( -6.742267173694030700, -6.711208805411540200, 0.3450000000000000300 ) ) ;
#8855 = CARTESIAN_POINT ( 'NONE',  ( -6.742267173694030700, -6.711208805411540200, 0.3649999999999999400 ) ) ;
#8856 = DIRECTION ( 'NONE',  ( 0.0000000000000000000, 0.0000000000000000000, -1.000000000000000000 ) ) ;
#8857 = VECTOR ( 'NONE', #8856, 39.37007874015748100 ) ;
#8858 = CARTESIAN_POINT ( 'NONE',  ( -6.546495173620604300, -6.738369001192015000, 0.3649999999999999400 ) ) ;
#8859 = LINE ( 'NONE', #8858, #8857 ) ;
#8860 = CARTESIAN_POINT ( 'NONE',  ( -6.705149019774450100, -6.778078369514664900, 0.3450000000000000300 ) ) ;
#8861 = CARTESIAN_POINT ( 'NONE',  ( -6.705149019774450100, -6.778078369514664900, 0.3649999999999999400 ) ) ;
#8862 = CARTESIAN_POINT ( 'NONE',  ( -6.705206527895294100, -6.775397109876276000, 0.3450000000000000300 ) ) ;
#8863 = CARTESIAN_POINT ( 'NONE',  ( -6.705206527895294100, -6.775397109876276000, 0.3649999999999999400 ) ) ;
#8864 = CARTESIAN_POINT ( 'NONE',  ( -6.705319303190028900, -6.770139072549794100, 0.3450000000000000300 ) ) ;
#8865 = CARTESIAN_POINT ( 'NONE',  ( -6.705319303190028900, -6.770139072549794100, 0.3649999999999999400 ) ) ;
#8866 = CARTESIAN_POINT ( 'NONE',  ( -6.706328730562494100, -6.762449017072725600, 0.3450000000000000800 ) ) ;
#8867 = CARTESIAN_POINT ( 'NONE',  ( -6.706328730562494100, -6.762449017072725600, 0.3649999999999999900 ) ) ;
#8868 = CARTESIAN_POINT ( 'NONE',  ( -6.707844634986792600, -6.755100455119902300, 0.3449999999999999200 ) ) ;
#8869 = CARTESIAN_POINT ( 'NONE',  ( -6.707844634986792600, -6.755100455119902300, 0.3649999999999998800 ) ) ;
#8870 = CARTESIAN_POINT ( 'NONE',  ( -6.710122180683429200, -6.748162653408506600, 0.3450000000000000300 ) ) ;
#8871 = CARTESIAN_POINT ( 'NONE',  ( -6.710122180683429200, -6.748162653408506600, 0.3649999999999999400 ) ) ;
#8872 = CARTESIAN_POINT ( 'NONE',  ( -6.712974372967007500, -6.741562613550649500, 0.3450000000000000300 ) ) ;
#8873 = B_SPLINE_SURFACE_WITH_KNOTS ( 'NONE', 3, 1, ( 
 ( #8879, #8878 ),
 ( #8877, #8876 ),
 ( #8875, #8874 ),
 ( #8898, #8897 ),
 ( #8896, #8895 ),
 ( #8894, #8893 ),
 ( #8855, #8854 ),
 ( #8853, #8852 ),
 ( #8851, #8850 ),
 ( #8849, #8841 ),
 ( #8840, #8839 ),
 ( #8838, #8837 ),
 ( #8836, #8872 ),
 ( #8871, #8870 ),
 ( #8869, #8868 ),
 ( #8867, #8866 ),
 ( #8865, #8864 ),
 ( #8863, #8862 ),
 ( #8861, #8860 ) ),
 .UNSPECIFIED., .F., .F., .F.,
 ( 4, 1, 1, 1, 1, 1, 1, 1, 1, 1, 1, 1, 1, 1, 1, 1, 4 ),
 ( 2, 2 ),
 ( 0.0000000000000000000, 0.06580764581069460700, 0.1293942736680575000, 0.1908940606321913900, 0.2512810689298371500, 0.3108149644652732400, 0.3703709874482445900, 0.4307682625897223900, 0.4928812506175041000, 0.5551039481552513300, 0.6160670509938377400, 0.6772560331746518800, 0.7382598051991150500, 0.8007621343762962900, 0.8647775815744810400, 0.9310452949994002500, 1.000000000000000000 ),
 ( 0.0000000000000000000, 1.000000000000000000 ),
 .UNSPECIFIED. ) ;
#8874 = CARTESIAN_POINT ( 'NONE',  ( -6.769677783046881300, -6.703276887500456900, 0.3449999999999999200 ) ) ;
#8875 = CARTESIAN_POINT ( 'NONE',  ( -6.769677783046881300, -6.703276887500456900, 0.3649999999999998800 ) ) ;
#8876 = CARTESIAN_POINT ( 'NONE',  ( -6.774709523347934400, -6.703167979582277200, 0.3450000000000000300 ) ) ;
#8877 = CARTESIAN_POINT ( 'NONE',  ( -6.774709523347934400, -6.703167979582277200, 0.3649999999999999400 ) ) ;
#8878 = CARTESIAN_POINT ( 'NONE',  ( -6.777268577733851300, -6.703112590935604400, 0.3450000000000000300 ) ) ;
#8879 = CARTESIAN_POINT ( 'NONE',  ( -6.777268577733851300, -6.703112590935604400, 0.3649999999999999400 ) ) ;
#8880 = CARTESIAN_POINT ( 'NONE',  ( -6.285010130885559900, -6.741307035380048200, 0.3649999999999999400 ) ) ;
#8881 = DIRECTION ( 'NONE',  ( 0.0000000000000000000, 0.0000000000000000000, -1.000000000000000000 ) ) ;
#8882 = VECTOR ( 'NONE', #8881, 39.37007874015748100 ) ;
#8883 = CARTESIAN_POINT ( 'NONE',  ( -6.285010130885559900, -6.741307035380048200, 0.3649999999999999400 ) ) ;
#8884 = DIRECTION ( 'NONE',  ( 0.0000000000000000000, 0.0000000000000000000, -1.000000000000000000 ) ) ;
#8885 = DIRECTION ( 'NONE',  ( 0.0000000000000000000, -1.000000000000000000, 0.0000000000000000000 ) ) ;
#8886 = LINE ( 'NONE', #8844, #8843 ) ;
#8887 = CARTESIAN_POINT ( 'NONE',  ( -6.285010130885559900, -6.741307035380048200, 0.3649999999999999400 ) ) ;
#8888 = AXIS2_PLACEMENT_3D ( 'NONE', #8887, #8885, #8884 ) ;
#8889 = LINE ( 'NONE', #8883, #8882 ) ;
#8890 = PLANE ( 'NONE',  #8888 ) ;
#8891 = FACE_OUTER_BOUND ( 'NONE', #4425, .T. ) ;
#8892 = CARTESIAN_POINT ( 'NONE',  ( -6.396655430030858900, -6.623785667858680200, 0.3649999999999999400 ) ) ;
#8893 = CARTESIAN_POINT ( 'NONE',  ( -6.748609233557186100, -6.708268287166669500, 0.3449999999999999200 ) ) ;
#8894 = CARTESIAN_POINT ( 'NONE',  ( -6.748609233557186100, -6.708268287166669500, 0.3649999999999998800 ) ) ;
#8895 = CARTESIAN_POINT ( 'NONE',  ( -6.755287960175876600, -6.705968729195821400, 0.3450000000000001400 ) ) ;
#8896 = CARTESIAN_POINT ( 'NONE',  ( -6.755287960175876600, -6.705968729195821400, 0.3650000000000000500 ) ) ;
#8897 = CARTESIAN_POINT ( 'NONE',  ( -6.762315709136588600, -6.704322663356932400, 0.3450000000000000800 ) ) ;
#8898 = CARTESIAN_POINT ( 'NONE',  ( -6.762315709136588600, -6.704322663356932400, 0.3649999999999999900 ) ) ;
#8899 = CARTESIAN_POINT ( 'NONE',  ( -6.681623268890818100, -6.734787771515885700, 0.3450000000000003100 ) ) ;
#8900 = CARTESIAN_POINT ( 'NONE',  ( -6.552341030508649100, -6.642231003404091900, 0.3450000000000004200 ) ) ;
#8901 = CARTESIAN_POINT ( 'NONE',  ( -6.552341030508649100, -6.642231003404091900, 0.3649999999999998800 ) ) ;
#8902 = FACE_OUTER_BOUND ( 'NONE', #4438, .T. ) ;
#8903 = CARTESIAN_POINT ( 'NONE',  ( -6.605026323460347000, -6.858828402901416200, 0.3449999999999998600 ) ) ;
#8904 = CARTESIAN_POINT ( 'NONE',  ( -6.605026323460347000, -6.858828402901416200, 0.3649999999999999400 ) ) ;
#8905 = CARTESIAN_POINT ( 'NONE',  ( -6.603203145018468100, -6.858801862916123100, 0.3449999999999998600 ) ) ;
#8906 = CARTESIAN_POINT ( 'NONE',  ( -6.603203145018468100, -6.858801862916123100, 0.3649999999999999400 ) ) ;
#8907 = CARTESIAN_POINT ( 'NONE',  ( -6.527333955687821800, -6.768209403228238900, 0.3449999999999998600 ) ) ;
#8908 = CARTESIAN_POINT ( 'NONE',  ( -6.527333955687821800, -6.768209403228238900, 0.3649999999999999400 ) ) ;
#8909 = CARTESIAN_POINT ( 'NONE',  ( -6.558357187512204000, -6.672946841217157800, 0.3449999999999999200 ) ) ;
#8910 = CARTESIAN_POINT ( 'NONE',  ( -6.556136514435815200, -6.677799529609905500, 0.3449999999999998600 ) ) ;
#8911 = CARTESIAN_POINT ( 'NONE',  ( -6.554119167109353100, -6.683024572464124600, 0.3450000000000000300 ) ) ;
#8912 = CARTESIAN_POINT ( 'NONE',  ( -6.552356562795577800, -6.688646330790477100, 0.3449999999999998600 ) ) ;
#8913 = B_SPLINE_CURVE_WITH_KNOTS ( 'NONE', 3,
 ( #8668, #8652, #8651, #8650, #8649, #8648, #8618, #8612, #8912, #8911, #8910, #8909, #65, #64, #63, #62, #61, #60, #59, #37, #36, #35, #34 ),
 .UNSPECIFIED., .F., .F.,
 ( 4, 1, 1, 1, 1, 1, 1, 1, 1, 1, 1, 1, 1, 1, 1, 1, 1, 1, 1, 1, 4 ),
 ( 0.0000000000000000000, 0.06568119799063737400, 0.1284864641740669500, 0.1881751303280131400, 0.2451061306699911200, 0.2994484245294748400, 0.3508229360093850800, 0.3999416805337820400, 0.4466717436323712200, 0.4912545333735012200, 0.5333763442704383400, 0.5738527549682289600, 0.6125263117194568200, 0.6495971364453277900, 0.6855320415538492800, 0.7201057860682039700, 0.7538376629736541800, 0.8189254160467208700, 0.8804934616501638400, 0.9403113338460625800, 1.000000000000000000 ),
 .UNSPECIFIED. ) ;
#8914 = CARTESIAN_POINT ( 'NONE',  ( -6.556067979823082800, -6.838560466556880400, 0.3649999999999999900 ) ) ;
#8915 = CARTESIAN_POINT ( 'NONE',  ( -6.552092410318775400, -6.834337407930887000, 0.3449999999999999200 ) ) ;
#8916 = CARTESIAN_POINT ( 'NONE',  ( -6.552092410318775400, -6.834337407930887000, 0.3649999999999999900 ) ) ;
#8917 = CARTESIAN_POINT ( 'NONE',  ( -6.548422246359487900, -6.829663805384448900, 0.3449999999999998600 ) ) ;
#8918 = CARTESIAN_POINT ( 'NONE',  ( -6.548422246359487900, -6.829663805384448900, 0.3649999999999999400 ) ) ;
#8919 = CARTESIAN_POINT ( 'NONE',  ( -6.544978935674764700, -6.824622155287769100, 0.3450000000000000300 ) ) ;
#8920 = CARTESIAN_POINT ( 'NONE',  ( -6.536156953182556100, -6.807154079081723100, 0.3649999999999999900 ) ) ;
#8921 = CARTESIAN_POINT ( 'NONE',  ( -6.533679674996793800, -6.800460133083449300, 0.3449999999999998100 ) ) ;
#8922 = CARTESIAN_POINT ( 'NONE',  ( -6.533679674996793800, -6.800460133083449300, 0.3649999999999998800 ) ) ;
#8923 = CARTESIAN_POINT ( 'NONE',  ( -6.531672808621558500, -6.793195937914879900, 0.3449999999999998100 ) ) ;
#8924 = CARTESIAN_POINT ( 'NONE',  ( -6.531672808621558500, -6.793195937914879900, 0.3649999999999998800 ) ) ;
#8925 = CARTESIAN_POINT ( 'NONE',  ( -6.529865327497965700, -6.785421003789005900, 0.3449999999999999200 ) ) ;
#8926 = CARTESIAN_POINT ( 'NONE',  ( -6.529865327497965700, -6.785421003789005900, 0.3649999999999999900 ) ) ;
#8927 = CARTESIAN_POINT ( 'NONE',  ( -6.528395323969939500, -6.777101754936848200, 0.3449999999999998100 ) ) ;
#8928 = CARTESIAN_POINT ( 'NONE',  ( -6.528395323969939500, -6.777101754936848200, 0.3649999999999998800 ) ) ;
#8929 = CARTESIAN_POINT ( 'NONE',  ( -6.599575661590527900, -6.858749057686190500, 0.3449999999999998100 ) ) ;
#8930 = CARTESIAN_POINT ( 'NONE',  ( -6.599575661590527900, -6.858749057686190500, 0.3649999999999998800 ) ) ;
#8931 = CARTESIAN_POINT ( 'NONE',  ( -6.594209479476152300, -6.858056853323086300, 0.3450000000000000300 ) ) ;
#8932 = CARTESIAN_POINT ( 'NONE',  ( -6.594209479476152300, -6.858056853323086300, 0.3650000000000000500 ) ) ;
#8933 = CARTESIAN_POINT ( 'NONE',  ( -6.588955251514342100, -6.857069874687804000, 0.3449999999999998100 ) ) ;
#8934 = CARTESIAN_POINT ( 'NONE',  ( -6.588955251514342100, -6.857069874687804000, 0.3649999999999998800 ) ) ;
#8935 = CARTESIAN_POINT ( 'NONE',  ( -6.583839703733004500, -6.855642464147642600, 0.3449999999999999200 ) ) ;
#8936 = CARTESIAN_POINT ( 'NONE',  ( -6.583839703733004500, -6.855642464147642600, 0.3649999999999999900 ) ) ;
#8937 = CARTESIAN_POINT ( 'NONE',  ( -6.578869212780478600, -6.853774098369334500, 0.3449999999999998100 ) ) ;
#8938 = CARTESIAN_POINT ( 'NONE',  ( -6.578869212780478600, -6.853774098369334500, 0.3649999999999998800 ) ) ;
#8939 = CARTESIAN_POINT ( 'NONE',  ( -6.573972681727978400, -6.851598148098218200, 0.3450000000000000800 ) ) ;
#8940 = CARTESIAN_POINT ( 'NONE',  ( -6.573972681727978400, -6.851598148098218200, 0.3650000000000001600 ) ) ;
#8941 = CARTESIAN_POINT ( 'NONE',  ( -6.526485473884452700, -6.758780959917028300, 0.3450000000000000300 ) ) ;
#8942 = CARTESIAN_POINT ( 'NONE',  ( -6.526485473884452700, -6.758780959917028300, 0.3650000000000000500 ) ) ;
#8943 = CARTESIAN_POINT ( 'NONE',  ( -6.544978935674764700, -6.824622155287769100, 0.3650000000000000500 ) ) ;
#8944 = CARTESIAN_POINT ( 'NONE',  ( -6.541818411347725800, -6.819176743267073300, 0.3449999999999998600 ) ) ;
#8945 = CARTESIAN_POINT ( 'NONE',  ( -6.541818411347725800, -6.819176743267073300, 0.3649999999999999400 ) ) ;
#8946 = CARTESIAN_POINT ( 'NONE',  ( -6.538868368741004700, -6.813371156174060400, 0.3449999999999998600 ) ) ;
#8947 = CARTESIAN_POINT ( 'NONE',  ( -6.538868368741004700, -6.813371156174060400, 0.3649999999999999400 ) ) ;
#8948 = CARTESIAN_POINT ( 'NONE',  ( -6.536156953182556100, -6.807154079081723100, 0.3449999999999999200 ) ) ;
#8949 = CARTESIAN_POINT ( 'NONE',  ( -6.569261075500754100, -6.848899622179964700, 0.3449999999999998600 ) ) ;
#8950 = CARTESIAN_POINT ( 'NONE',  ( -6.569261075500754100, -6.848899622179964700, 0.3649999999999999400 ) ) ;
#8951 = CARTESIAN_POINT ( 'NONE',  ( -6.564650795360551100, -6.845882164733536600, 0.3449999999999998600 ) ) ;
#8952 = CARTESIAN_POINT ( 'NONE',  ( -6.564650795360551100, -6.845882164733536600, 0.3649999999999999400 ) ) ;
#8953 = CARTESIAN_POINT ( 'NONE',  ( -6.560236887180947100, -6.842434736744944100, 0.3449999999999999200 ) ) ;
#8954 = CARTESIAN_POINT ( 'NONE',  ( -6.560236887180947100, -6.842434736744944100, 0.3649999999999999900 ) ) ;
#8955 = CARTESIAN_POINT ( 'NONE',  ( -6.556067979823082800, -6.838560466556880400, 0.3449999999999999200 ) ) ;
#8956 = CARTESIAN_POINT ( 'NONE',  ( -6.681117425972059800, -6.717256218602451600, 0.3450000000000003100 ) ) ;
#8957 = CARTESIAN_POINT ( 'NONE',  ( -6.546495173620604300, -6.738369001192015000, 0.3650000000000000500 ) ) ;
#8958 = CARTESIAN_POINT ( 'NONE',  ( -6.546521284948487300, -6.741123871164396600, 0.3649999999999999400 ) ) ;
#8959 = CARTESIAN_POINT ( 'NONE',  ( -6.546572667459108700, -6.746544971778371600, 0.3649999999999999400 ) ) ;
#8960 = CARTESIAN_POINT ( 'NONE',  ( -6.546987176722990600, -6.754523989543788100, 0.3649999999999999900 ) ) ;
#8961 = CARTESIAN_POINT ( 'NONE',  ( -6.547690902592725200, -6.762191669443029500, 0.3649999999999998800 ) ) ;
#8962 = CARTESIAN_POINT ( 'NONE',  ( -6.548565209824100300, -6.769553792723516300, 0.3649999999999999400 ) ) ;
ENDSEC;
END-ISO-10303-21;
