path	git_blob_sha	bytes	kind	reason
v1/BUILD.md	184c197d0ae20264209de89dab6e7c2796196cca	25380	out-of-scope	the V1 kits (tesseract, parallax): built, separate from the V2 design, not part of this handover
v1/README.md	6e191fdbabfbf9c5346d146e7a2f275b0fe1f60d	4579	out-of-scope	the V1 kits (tesseract, parallax): built, separate from the V2 design, not part of this handover
v1/cad/FIXES.md	e68bf5a5a309f309f3fdd334d678fff3d7c42fc0	6285	out-of-scope	the V1 kits (tesseract, parallax): built, separate from the V2 design, not part of this handover
v1/cad/README.md	101776b855845e13b814ab679a353f3abd7aaa86	4260	out-of-scope	the V1 kits (tesseract, parallax): built, separate from the V2 design, not part of this handover
v1/cad/field_kit.FCStd	cc873c067c3233425e6e49afc00572615fb6a87e	28504	out-of-scope	the V1 kits (tesseract, parallax): built, separate from the V2 design, not part of this handover
v1/cad/field_kit.step	593b0cbf66cacd4071895b26a9b694094c0bc114	40277568	out-of-scope	the V1 kits (tesseract, parallax): built, separate from the V2 design, not part of this handover
v1/cad/field_kit_build.py	4609500f908687e86f3ad92dff1b84335880b394	12693	out-of-scope	the V1 kits (tesseract, parallax): built, separate from the V2 design, not part of this handover
v1/cad/field_kit_config.py	a338005801265808aa2d152d48f5d59cbcffed2e	14471	out-of-scope	the V1 kits (tesseract, parallax): built, separate from the V2 design, not part of this handover
v1/cad/field_kit_step.py	0cb5b35d544bedb2d3ad8640fcd90878c218e93b	72958	out-of-scope	the V1 kits (tesseract, parallax): built, separate from the V2 design, not part of this handover
v1/cad/inspect_doc.py	60a345306bc09015f92fd7f84917d554fe814309	1425	out-of-scope	the V1 kits (tesseract, parallax): built, separate from the V2 design, not part of this handover
v1/cad/render.py	dafd5c6380044c55d12b70591eb4cfee62699bd7	9451	out-of-scope	the V1 kits (tesseract, parallax): built, separate from the V2 design, not part of this handover
v1/cad/renders/front.png	7a3d6b3a9fec542e44e06485ead38d5b006ce5b3	78990	out-of-scope	the V1 kits (tesseract, parallax): built, separate from the V2 design, not part of this handover
v1/cad/renders/hero_internals.png	d8248b2b7d48dbb05f57542a7b257e2d12da04bc	282237	out-of-scope	the V1 kits (tesseract, parallax): built, separate from the V2 design, not part of this handover
v1/cad/renders/hero_iso.png	90e0a6cc1d81d1e741c57e01349e2bddbe6cb6df	468488	out-of-scope	the V1 kits (tesseract, parallax): built, separate from the V2 design, not part of this handover
v1/cad/renders/plate_bottom.png	153be431e82983e301deecb717e1c78fa67de8ba	150607	out-of-scope	the V1 kits (tesseract, parallax): built, separate from the V2 design, not part of this handover
v1/cad/renders/plate_middle.png	22241ca2a7172eaf034ada46816990ac5ade0d03	145587	out-of-scope	the V1 kits (tesseract, parallax): built, separate from the V2 design, not part of this handover
v1/cad/renders/scaffold.png	5d8b00b3dd4a9f4e953e24b8bf41dfca1fe467a6	302477	out-of-scope	the V1 kits (tesseract, parallax): built, separate from the V2 design, not part of this handover
v1/cad/renders/side.png	b6165b05436f52e73301a440712ec2f3cad6a4a7	72734	out-of-scope	the V1 kits (tesseract, parallax): built, separate from the V2 design, not part of this handover
v1/cad/renders/top.png	02a6beb7f93ef9cad7120b925d34e8908db564e4	34261	out-of-scope	the V1 kits (tesseract, parallax): built, separate from the V2 design, not part of this handover
v1/docs/MeshSat-Field-Kit-BOM-superseded.docx	d59a7ab6a4309e4f0013d96463780314275826f9	40162	out-of-scope	the V1 kits (tesseract, parallax): built, separate from the V2 design, not part of this handover
v1/docs/MeshSat-Field-Kit-BOM.docx	ab6793124dae4bea876c71a34b05ee500c9f5a1a	40167	out-of-scope	the V1 kits (tesseract, parallax): built, separate from the V2 design, not part of this handover
v1/docs/MeshSat-Field-Kit-GPIO-Pinout-Parallax.docx	587c1d6891c3596a662adf5079abebf7b199a734	39251	out-of-scope	the V1 kits (tesseract, parallax): built, separate from the V2 design, not part of this handover
v1/docs/MeshSat-Field-Kit-GPIO-Pinout.docx	89361e6cfc21ec754dc5494286d118fecc50be24	38921	out-of-scope	the V1 kits (tesseract, parallax): built, separate from the V2 design, not part of this handover
v1/docs/direwolf-aioc-setup.md	d69ed69db5fc4dfc578969e4b14f9cd73f975c3c	3161	out-of-scope	the V1 kits (tesseract, parallax): built, separate from the V2 design, not part of this handover
v1/images/20260904-call-bench-parts.jpg	50fa08ee470747d2bd725fe5228d8e33287279e2	721710	out-of-scope	the V1 kits (tesseract, parallax): built, separate from the V2 design, not part of this handover
v1/images/20260904-call-cases-closed.jpg	a30bc6f7d8fcabee19e0b43728d7e1a141e3b3a4	802473	out-of-scope	the V1 kits (tesseract, parallax): built, separate from the V2 design, not part of this handover
v1/images/20260904-call-cases-open.jpg	bd6d9a4a507bb8ff0a251550ee8023c08da78ccd	729892	out-of-scope	the V1 kits (tesseract, parallax): built, separate from the V2 design, not part of this handover
v1/images/20260904-call-dashboard-closeup.jpg	04b36624ba95867e9a82ffbe5a6b7e51c393d1e3	425334	out-of-scope	the V1 kits (tesseract, parallax): built, separate from the V2 design, not part of this handover
v1/images/20260904-call-dashboards.jpg	f2e4b6b1de1ffddbbf21775fe928fab789d5e347	750453	out-of-scope	the V1 kits (tesseract, parallax): built, separate from the V2 design, not part of this handover
v1/images/20260904-call-rain-stack-closeup.jpg	92f4c1036f4849ce60f58ab068f7cbb1b167046a	613787	out-of-scope	the V1 kits (tesseract, parallax): built, separate from the V2 design, not part of this handover
v1/images/20260904-call-rain-stack-ladder.jpg	5aeb9ab43c641a4e29750d05eb9e2b8db85fbe43	718900	out-of-scope	the V1 kits (tesseract, parallax): built, separate from the V2 design, not part of this handover
v1/images/20260904-call-session-1080p.mp4	1dfd2f0c806475970d290b841bc538ade603a0bb	30545780	out-of-scope	the V1 kits (tesseract, parallax): built, separate from the V2 design, not part of this handover
v1/images/20260904-call-stacks-bench.jpg	a3d8505269492468d5793b23c421807e872e3545	901470	out-of-scope	the V1 kits (tesseract, parallax): built, separate from the V2 design, not part of this handover
v1/images/20260904-call-stacks-out.jpg	95e34f9b63d28afabde344ecd20d36b6bbddf211	724875	out-of-scope	the V1 kits (tesseract, parallax): built, separate from the V2 design, not part of this handover
v1/images/tesseract-parallax-bench.jpg	d5cb06fc3dbc3d5545a41edd89b45b90559c948f	287707	out-of-scope	the V1 kits (tesseract, parallax): built, separate from the V2 design, not part of this handover
v1/images/tesseract-parallax-case.jpg	f6cc8ecb9725a1b168572652fa77e24bfb9b8810	246797	out-of-scope	the V1 kits (tesseract, parallax): built, separate from the V2 design, not part of this handover
v1/images/touch-display-dashboard.jpg	dbbd3494383d9c23cdce63287ec332cfbd8e9f00	288304	out-of-scope	the V1 kits (tesseract, parallax): built, separate from the V2 design, not part of this handover
v1/vendor/picoaprs/README.md	73d53f2405ea65a851a71e1e5cb30e0415e66a84	1499	out-of-scope	the V1 kits (tesseract, parallax): built, separate from the V2 design, not part of this handover
v1/vendor/picoaprs/picoaprs-v4-user-manual-text.txt	845eb2412c4ece93fdb4393e797b92c44cd0dbad	57809	out-of-scope	the V1 kits (tesseract, parallax): built, separate from the V2 design, not part of this handover
v1/vendor/picoaprs/picoaprs-v4-user-manual-wimo-2023-11-20.pdf	fa9fc4f65fcda61b227d6bee3c5acfb949632c69	2643001	out-of-scope	the V1 kits (tesseract, parallax): built, separate from the V2 design, not part of this handover
v2/BUILD.md	a286149ceacddd2b6432ae28e85f3dbaf090a62f	31526	historical-order-set	the build guide for ordering the MESHSAT-830 generation (A22, B16, C7, D8, E6, P1) from release/revA/order; that set is superseded and nothing is to be ordered from it
v2/cad/render/README.md	7d1855144240bffbae566e43155fc7428df33ba2	4660	presentation	presentation renders (GLB board models, Blender scene, render STLs): not an engineering input
v2/cad/render/epaper.png	037a6ce7e697c44a2e6be3d1149b6aa4a8a1ae83	45357	presentation	presentation renders (GLB board models, Blender scene, render STLs): not an engineering input
v2/cad/render/glb/pcb-a-power.glb	6a8a78067e0b1ab6844f0584b75cf711a7e228a1	17236304	presentation	presentation renders (GLB board models, Blender scene, render STLs): not an engineering input
v2/cad/render/glb/pcb-b-compute.glb	3df60c45046d305406a7ce0c1eee3b28ec3619a8	38568104	presentation	presentation renders (GLB board models, Blender scene, render STLs): not an engineering input
v2/cad/render/glb/pcb-c7-backer.glb	92f0be01ec35f1a21315b503fd88fb7384a5ee39	6207452	presentation	presentation renders (GLB board models, Blender scene, render STLs): not an engineering input
v2/cad/render/glb/pcb-d-aprs.glb	90c9515843c5bdc12888eb3e4a8e9212182fe3ea	8562648	presentation	presentation renders (GLB board models, Blender scene, render STLs): not an engineering input
v2/cad/render/glb/pcb-e1-dock.glb	ab12d7131c5e0ce368bc428fbd4ce570218c2bfb	6972684	presentation	presentation renders (GLB board models, Blender scene, render STLs): not an engineering input
v2/cad/render/glb/pcb-e5-block.glb	ce1ba2709132b35364403987b555188edf1a39f7	475724	presentation	presentation renders (GLB board models, Blender scene, render STLs): not an engineering input
v2/cad/render/make_epaper.py	38407ee8d7d5664f1b195a735afe0753e04cdcdb	1538	presentation	presentation renders (GLB board models, Blender scene, render STLs): not an engineering input
v2/cad/render/meshsat-v2-concept.blend	6ae75b12feda9a9146c493ab33b63d987c06537c	24930972	presentation	presentation renders (GLB board models, Blender scene, render STLs): not an engineering input
v2/cad/render/run_render1450.sh	c279fa6747a52c32ac032cd0112de39d502b0721	3151	presentation	presentation renders (GLB board models, Blender scene, render STLs): not an engineering input
v2/cad/render/scene.py	7e3e6d711ac897b1b76badd3f91a3f293a132937	66857	presentation	presentation renders (GLB board models, Blender scene, render STLs): not an engineering input
v2/cad/render/step2stl.py	b851a01b4387e34eddcaadde870893b85fe80325	1552	presentation	presentation renders (GLB board models, Blender scene, render STLs): not an engineering input
v2/cad/render/stl/epaper.stl	7dff81f846ca9e112c4ea840b54b947b0f348af2	4175984	presentation	presentation renders (GLB board models, Blender scene, render STLs): not an engineering input
v2/cad/render/stl/module_base.stl	30adb961bd81f695d480158ffd0f8d23530f3f4b	126484	presentation	presentation renders (GLB board models, Blender scene, render STLs): not an engineering input
v2/cad/render/stl/module_cradle.stl	19300fa80e9f345eca45de5fe9797a4e26cea062	6284	presentation	presentation renders (GLB board models, Blender scene, render STLs): not an engineering input
v2/cad/render/stl/module_lid.stl	f41210163db0fb76f87451f8e9216f02bdf1c9a6	108684	presentation	presentation renders (GLB board models, Blender scene, render STLs): not an engineering input
v2/cad/render/stl/panel_frame.stl	11ae2278687c9021ed614120e63ce264e8a8eaed	806084	presentation	presentation renders (GLB board models, Blender scene, render STLs): not an engineering input
v2/cad/render/stl/rockblock9704.stl	dffb9eba0e80579d25546bc574827724d50ab523	16436784	presentation	presentation renders (GLB board models, Blender scene, render STLs): not an engineering input
v2/cad/render/stl/td2.stl	21c5f2b9bd066e86925985fb7d27dc7188a19c73	2640134	presentation	presentation renders (GLB board models, Blender scene, render STLs): not an engineering input
v2/cad/render/ui.png	b93253139622ed3b76f9b241fc281e78a06dcafb	133026	presentation	presentation renders (GLB board models, Blender scene, render STLs): not an engineering input
v2/ecad/easyeda-pro/README.md	baa625927ab0ed2d3982c90761d65b338e9e8cc1	9282	second-tool-conversion	EasyEDA Pro import sets and exports of earlier layouts (A22, A32, B19, C17, D11, E9, P4); a conversion of layouts that are not current
v2/ecad/easyeda-pro/import/pcb-a-power-A32-import.zip	e7c84b7d4f44c0d3418a6dac53b1ee5242dd8f40	1386740	second-tool-conversion	EasyEDA Pro import sets and exports of earlier layouts (A22, A32, B19, C17, D11, E9, P4); a conversion of layouts that are not current
v2/ecad/easyeda-pro/import/pcb-b-compute-B19-import.zip	9c17955e569af395033e4acf02cd2402908898a6	1581928	second-tool-conversion	EasyEDA Pro import sets and exports of earlier layouts (A22, A32, B19, C17, D11, E9, P4); a conversion of layouts that are not current
v2/ecad/easyeda-pro/import/pcb-c-display-C17-import.zip	24886420dda4d534ed63c3ab66e2626badf51716	797353	second-tool-conversion	EasyEDA Pro import sets and exports of earlier layouts (A22, A32, B19, C17, D11, E9, P4); a conversion of layouts that are not current
v2/ecad/easyeda-pro/import/pcb-d-aprs-D11-import.zip	2d4d6684c41ef895dd0d07578f543417ebf094ca	715916	second-tool-conversion	EasyEDA Pro import sets and exports of earlier layouts (A22, A32, B19, C17, D11, E9, P4); a conversion of layouts that are not current
v2/ecad/easyeda-pro/import/pcb-e1-dock-E9-import.zip	95338bda79d6b1b3c6235a3a82a27c974481ea65	749579	second-tool-conversion	EasyEDA Pro import sets and exports of earlier layouts (A22, A32, B19, C17, D11, E9, P4); a conversion of layouts that are not current
v2/ecad/easyeda-pro/import/pcb-e5-block-E5-import.zip	4e9264047dc8ec95eb47f009b02f44a3fa745d89	90670	second-tool-conversion	EasyEDA Pro import sets and exports of earlier layouts (A22, A32, B19, C17, D11, E9, P4); a conversion of layouts that are not current
v2/ecad/easyeda-pro/import/pcb-p-pack-P4-import.zip	a8187bd2d19c77cdf17a89bbd14916e1466acc00	214519	second-tool-conversion	EasyEDA Pro import sets and exports of earlier layouts (A22, A32, B19, C17, D11, E9, P4); a conversion of layouts that are not current
v2/ecad/easyeda-pro/pcb-a-power-A22/MeshSat-V2-A-A22-gerber.zip	8d64e17f1332b0197e89720d4b5178477db6d05b	982635	second-tool-conversion	EasyEDA Pro import sets and exports of earlier layouts (A22, A32, B19, C17, D11, E9, P4); a conversion of layouts that are not current
v2/ecad/easyeda-pro/pcb-a-power-A22/MeshSat-V2-A-A22-schematic.pdf	baad45dd266937a3d59e8a5e51eaffeb962b7531	1955308	second-tool-conversion	EasyEDA Pro import sets and exports of earlier layouts (A22, A32, B19, C17, D11, E9, P4); a conversion of layouts that are not current
v2/ecad/easyeda-pro/pcb-a-power-A22/MeshSat-V2-A-A22.epro2	3e16ded97ab9deefd406a620d93c5e0fe58b5e5e	1413064	second-tool-conversion	EasyEDA Pro import sets and exports of earlier layouts (A22, A32, B19, C17, D11, E9, P4); a conversion of layouts that are not current
v2/ecad/easyeda-pro/pcb-a-power-A22/import-notes.txt	14ff500e0833191876bd1155fe60fdb7bd13037b	2578	second-tool-conversion	EasyEDA Pro import sets and exports of earlier layouts (A22, A32, B19, C17, D11, E9, P4); a conversion of layouts that are not current
v2/ecad/easyeda-pro/pcb-a-power-A22/pcb-a-power-A22-3d-view.jpg	eda796a98ad3990af40f115e309635253391ce45	128410	second-tool-conversion	EasyEDA Pro import sets and exports of earlier layouts (A22, A32, B19, C17, D11, E9, P4); a conversion of layouts that are not current
v2/ecad/easyeda-pro/pcb-a-power-A22/pcb-a-power-A22-pcb-view.jpg	f12d601c30bdfbeca743916e0d2cd011e2bb644a	128891	second-tool-conversion	EasyEDA Pro import sets and exports of earlier layouts (A22, A32, B19, C17, D11, E9, P4); a conversion of layouts that are not current
v2/ecad/easyeda-pro/pcb-b-compute-B16/MeshSat-V2-B-B16-gerber-UNROUTED-quote-only.zip	83505f676fc8bdd126cb1286b816a88a71583321	830847	second-tool-conversion	EasyEDA Pro import sets and exports of earlier layouts (A22, A32, B19, C17, D11, E9, P4); a conversion of layouts that are not current
v2/ecad/easyeda-pro/pcb-b-compute-B16/MeshSat-V2-B-B16-schematic.pdf	bb90ed25b77523f1e92cad42af3bf2152e2b862c	1506563	second-tool-conversion	EasyEDA Pro import sets and exports of earlier layouts (A22, A32, B19, C17, D11, E9, P4); a conversion of layouts that are not current
v2/ecad/easyeda-pro/pcb-b-compute-B16/MeshSat-V2-B-B16.epro2	b4136ec7c01cbf72dbaea8d80fb2457ce857de63	1093429	second-tool-conversion	EasyEDA Pro import sets and exports of earlier layouts (A22, A32, B19, C17, D11, E9, P4); a conversion of layouts that are not current
v2/ecad/easyeda-pro/pcb-b-compute-B16/import-notes.txt	3ea153b21ffec8adf0e0787c00de1aed51ab70ca	5098	second-tool-conversion	EasyEDA Pro import sets and exports of earlier layouts (A22, A32, B19, C17, D11, E9, P4); a conversion of layouts that are not current
v2/ecad/easyeda-pro/pcb-b-compute-B16/pcb-b-compute-B16-3d-view.jpg	f0d72731c725578aed4cb5ab7d75e49dc1ccadd5	122881	second-tool-conversion	EasyEDA Pro import sets and exports of earlier layouts (A22, A32, B19, C17, D11, E9, P4); a conversion of layouts that are not current
v2/ecad/easyeda-pro/pcb-b-compute-B16/pcb-b-compute-B16-pcb-view.jpg	d2329a05e1a491f614a4aa0396f05e6ecd251129	270411	second-tool-conversion	EasyEDA Pro import sets and exports of earlier layouts (A22, A32, B19, C17, D11, E9, P4); a conversion of layouts that are not current
v2/ecad/easyeda-pro/pcb-c-display-C7/MeshSat-V2-C-C7-gerber.zip	458ed4b6f3203b4dc4f488fd0aedce92980a0a01	724098	second-tool-conversion	EasyEDA Pro import sets and exports of earlier layouts (A22, A32, B19, C17, D11, E9, P4); a conversion of layouts that are not current
v2/ecad/easyeda-pro/pcb-c-display-C7/MeshSat-V2-C-C7-schematic.pdf	257fcdde4f033cd5b00714076674bbc2b811caa8	838449	second-tool-conversion	EasyEDA Pro import sets and exports of earlier layouts (A22, A32, B19, C17, D11, E9, P4); a conversion of layouts that are not current
v2/ecad/easyeda-pro/pcb-c-display-C7/MeshSat-V2-C-C7.epro2	9743a29dd6353296848017d98be7186c8a8d8f6f	1070991	second-tool-conversion	EasyEDA Pro import sets and exports of earlier layouts (A22, A32, B19, C17, D11, E9, P4); a conversion of layouts that are not current
v2/ecad/easyeda-pro/pcb-c-display-C7/import-notes.txt	e470d0390d197525d06492769b8960014af22ab7	2829	second-tool-conversion	EasyEDA Pro import sets and exports of earlier layouts (A22, A32, B19, C17, D11, E9, P4); a conversion of layouts that are not current
v2/ecad/easyeda-pro/pcb-c-display-C7/pcb-c-display-C7-3d-view.jpg	8f36fc3bacc0a449777ddba3668359b69595fe26	73171	second-tool-conversion	EasyEDA Pro import sets and exports of earlier layouts (A22, A32, B19, C17, D11, E9, P4); a conversion of layouts that are not current
v2/ecad/easyeda-pro/pcb-c-display-C7/pcb-c-display-C7-pcb-view.jpg	549c29b402dda4a8814105071d70309c065e901c	119630	second-tool-conversion	EasyEDA Pro import sets and exports of earlier layouts (A22, A32, B19, C17, D11, E9, P4); a conversion of layouts that are not current
v2/ecad/easyeda-pro/pcb-d-aprs-D8/MeshSat-V2-D-D8-gerber.zip	c8260cb84bd8b0854db12ca8e8361407e06c30e9	522108	second-tool-conversion	EasyEDA Pro import sets and exports of earlier layouts (A22, A32, B19, C17, D11, E9, P4); a conversion of layouts that are not current
v2/ecad/easyeda-pro/pcb-d-aprs-D8/MeshSat-V2-D-D8-schematic.pdf	9419d764c55d381e055a6ebcf5c7654a2b96b7b6	930697	second-tool-conversion	EasyEDA Pro import sets and exports of earlier layouts (A22, A32, B19, C17, D11, E9, P4); a conversion of layouts that are not current
v2/ecad/easyeda-pro/pcb-d-aprs-D8/MeshSat-V2-D-D8.epro2	714a9383cd79fe7a712189c65ac64d92f72edad0	895378	second-tool-conversion	EasyEDA Pro import sets and exports of earlier layouts (A22, A32, B19, C17, D11, E9, P4); a conversion of layouts that are not current
v2/ecad/easyeda-pro/pcb-d-aprs-D8/import-notes.txt	75d01dcf175a46228f95b50fa0c55acc811519a2	2550	second-tool-conversion	EasyEDA Pro import sets and exports of earlier layouts (A22, A32, B19, C17, D11, E9, P4); a conversion of layouts that are not current
v2/ecad/easyeda-pro/pcb-d-aprs-D8/pcb-d-aprs-D8-3d-view.jpg	fb48be5aaa4a18c292c0052570f53fc7b92225fa	148784	second-tool-conversion	EasyEDA Pro import sets and exports of earlier layouts (A22, A32, B19, C17, D11, E9, P4); a conversion of layouts that are not current
v2/ecad/easyeda-pro/pcb-d-aprs-D8/pcb-d-aprs-D8-pcb-view.jpg	728901624e137bf96f58ceb0bbf9f2c9f2e43c98	195577	second-tool-conversion	EasyEDA Pro import sets and exports of earlier layouts (A22, A32, B19, C17, D11, E9, P4); a conversion of layouts that are not current
v2/ecad/easyeda-pro/pcb-e1-dock-E6/MeshSat-V2-E1-E6-gerber.zip	d06a39dc41c47f033096916ae4b99025ca0dbc38	553505	second-tool-conversion	EasyEDA Pro import sets and exports of earlier layouts (A22, A32, B19, C17, D11, E9, P4); a conversion of layouts that are not current
v2/ecad/easyeda-pro/pcb-e1-dock-E6/MeshSat-V2-E1-E6-schematic.pdf	18cd44d3b6ec2acb7e52388a23609719095243cc	774895	second-tool-conversion	EasyEDA Pro import sets and exports of earlier layouts (A22, A32, B19, C17, D11, E9, P4); a conversion of layouts that are not current
v2/ecad/easyeda-pro/pcb-e1-dock-E6/MeshSat-V2-E1-E6.epro2	5bc8899a6973fc47fce6469b55ce62ee66601516	916314	second-tool-conversion	EasyEDA Pro import sets and exports of earlier layouts (A22, A32, B19, C17, D11, E9, P4); a conversion of layouts that are not current
v2/ecad/easyeda-pro/pcb-e1-dock-E6/import-notes.txt	e4b5312c3a2181285378716940549c223d5078cc	2229	second-tool-conversion	EasyEDA Pro import sets and exports of earlier layouts (A22, A32, B19, C17, D11, E9, P4); a conversion of layouts that are not current
v2/ecad/easyeda-pro/pcb-e1-dock-E6/pcb-e1-dock-E6-3d-view.jpg	8c15c0f2c116360260ab510d725195512394f852	88211	second-tool-conversion	EasyEDA Pro import sets and exports of earlier layouts (A22, A32, B19, C17, D11, E9, P4); a conversion of layouts that are not current
v2/ecad/easyeda-pro/pcb-e1-dock-E6/pcb-e1-dock-E6-pcb-view.jpg	8f68933350eb2969082e1f840f75e405c1127ec6	145219	second-tool-conversion	EasyEDA Pro import sets and exports of earlier layouts (A22, A32, B19, C17, D11, E9, P4); a conversion of layouts that are not current
v2/ecad/easyeda-pro/pcb-e5-block-E5/MeshSat-V2-E5-E5-gerber.zip	17b38f3713b1f413c146390164696c12067daaa5	41510	second-tool-conversion	EasyEDA Pro import sets and exports of earlier layouts (A22, A32, B19, C17, D11, E9, P4); a conversion of layouts that are not current
v2/ecad/easyeda-pro/pcb-e5-block-E5/MeshSat-V2-E5-E5.epro2	4e62f0327dc5f2e1adbe4f223edc61f5a2e0b1a6	149060	second-tool-conversion	EasyEDA Pro import sets and exports of earlier layouts (A22, A32, B19, C17, D11, E9, P4); a conversion of layouts that are not current
v2/ecad/easyeda-pro/pcb-e5-block-E5/import-notes.txt	4d47df690f98ae7a8c5a6e44cfa7acae91ce25b8	2250	second-tool-conversion	EasyEDA Pro import sets and exports of earlier layouts (A22, A32, B19, C17, D11, E9, P4); a conversion of layouts that are not current
v2/ecad/easyeda-pro/pcb-e5-block-E5/pcb-e5-block-E5-3d-view.jpg	e662b880f4caf362a52a98335d45c914b143d575	81881	second-tool-conversion	EasyEDA Pro import sets and exports of earlier layouts (A22, A32, B19, C17, D11, E9, P4); a conversion of layouts that are not current
v2/ecad/easyeda-pro/pcb-e5-block-E5/pcb-e5-block-E5-pcb-view.jpg	0457552a3a4eac6ab314b527dec8ebddd619919f	152935	second-tool-conversion	EasyEDA Pro import sets and exports of earlier layouts (A22, A32, B19, C17, D11, E9, P4); a conversion of layouts that are not current
v2/ecad/easyeda-pro/pcb-p-pack-P2/MeshSat-V2-P-P2-gerber.zip	3b77f9572fec9e95c57c4002be3b94ad7571b322	118826	second-tool-conversion	EasyEDA Pro import sets and exports of earlier layouts (A22, A32, B19, C17, D11, E9, P4); a conversion of layouts that are not current
v2/ecad/easyeda-pro/pcb-p-pack-P2/MeshSat-V2-P-P2-schematic.pdf	6cd27a05e542fa9fe32a7b5c4cf92e4dd708027f	250642	second-tool-conversion	EasyEDA Pro import sets and exports of earlier layouts (A22, A32, B19, C17, D11, E9, P4); a conversion of layouts that are not current
v2/ecad/easyeda-pro/pcb-p-pack-P2/MeshSat-V2-P-P2.epro2	2cd6205f345f120ffc23e36785c82d91d7251451	309592	second-tool-conversion	EasyEDA Pro import sets and exports of earlier layouts (A22, A32, B19, C17, D11, E9, P4); a conversion of layouts that are not current
v2/ecad/easyeda-pro/pcb-p-pack-P2/import-notes.txt	f2843953699e93597b69c10efeb086624465d9b4	2257	second-tool-conversion	EasyEDA Pro import sets and exports of earlier layouts (A22, A32, B19, C17, D11, E9, P4); a conversion of layouts that are not current
v2/ecad/easyeda-pro/pcb-p-pack-P2/pcb-p-pack-P2-3d-view.jpg	bd4bb86be80584b31a0fbf0bf636c880026bb3a6	112364	second-tool-conversion	EasyEDA Pro import sets and exports of earlier layouts (A22, A32, B19, C17, D11, E9, P4); a conversion of layouts that are not current
v2/ecad/easyeda-pro/pcb-p-pack-P2/pcb-p-pack-P2-pcb-view.jpg	611abdf19045f2c59d7debc5d9fc6609eaa0d3e1	227696	second-tool-conversion	EasyEDA Pro import sets and exports of earlier layouts (A22, A32, B19, C17, D11, E9, P4); a conversion of layouts that are not current
v2/ecad/pcb-a-power-a23/pcb-a-power.kicad_pcb	af7dc04af28c920bcf97b8e4df54c6432a1736ce	5162269	stale-layout	the phase's placed and routed layout, cut from an earlier netlist: v2/docs/CURRENT-EVIDENCE.md, table 'The candidate each board is judged against', reads SCH-002 (netlist against board) FAIL or INCONCLUSIVE, so the layout does not carry the committed netlist. Layout is layer 10 and restarts from the reviewed schematic; the placement generators gen_pcb_*.py are in the tools
v2/ecad/pcb-a-power-a23/routed/assembly_set.verdict.json	e7f8d35ca5b6d7f9c8810a433140e2b9685de4af	1784	stale-layout	verdicts, DRC reports and pre-route copies taken on that earlier layout; the current classification of every reading is v2/docs/CURRENT-EVIDENCE.md
v2/ecad/pcb-a-power-a23/routed/check_contracts.verdict.json	658374fdba24ed96a9880dd9330b2647d0868f53	722	stale-layout	verdicts, DRC reports and pre-route copies taken on that earlier layout; the current classification of every reading is v2/docs/CURRENT-EVIDENCE.md
v2/ecad/pcb-a-power-a23/routed/check_contracts_a.verdict.json	619b5b78a89d22c3bf834787040fc1ffe3d2b7a1	725	stale-layout	verdicts, DRC reports and pre-route copies taken on that earlier layout; the current classification of every reading is v2/docs/CURRENT-EVIDENCE.md
v2/ecad/pcb-a-power-a23/routed/check_contracts_b.verdict.json	c67e66b4b2e7b552f2ef9e3a405a5fdcb664bae6	725	stale-layout	verdicts, DRC reports and pre-route copies taken on that earlier layout; the current classification of every reading is v2/docs/CURRENT-EVIDENCE.md
v2/ecad/pcb-a-power-a23/routed/check_contracts_c.verdict.json	c85a1308fac74106fca4e52dfd27624c0eec2906	723	stale-layout	verdicts, DRC reports and pre-route copies taken on that earlier layout; the current classification of every reading is v2/docs/CURRENT-EVIDENCE.md
v2/ecad/pcb-a-power-a23/routed/check_contracts_d.verdict.json	5df3e7cba40611f143b1dbf8ee5358c787e0f95d	725	stale-layout	verdicts, DRC reports and pre-route copies taken on that earlier layout; the current classification of every reading is v2/docs/CURRENT-EVIDENCE.md
v2/ecad/pcb-a-power-a23/routed/check_contracts_e.verdict.json	eb9903670eb98950fbc1a3509462cc1b22fa95e5	723	stale-layout	verdicts, DRC reports and pre-route copies taken on that earlier layout; the current classification of every reading is v2/docs/CURRENT-EVIDENCE.md
v2/ecad/pcb-a-power-a23/routed/check_contracts_e5.verdict.json	c0fb9b5b5347a045db1b4749bc44b761bdf061b9	776	stale-layout	verdicts, DRC reports and pre-route copies taken on that earlier layout; the current classification of every reading is v2/docs/CURRENT-EVIDENCE.md
v2/ecad/pcb-a-power-a23/routed/check_contracts_p.verdict.json	4b05507e216b7fede9a2eb72f1213a7c693e8d0e	723	stale-layout	verdicts, DRC reports and pre-route copies taken on that earlier layout; the current classification of every reading is v2/docs/CURRENT-EVIDENCE.md
v2/ecad/pcb-a-power-a23/routed/check_pcb_a.verdict.json	18e7fb1839008974bb0f5f180fcc2d6dcb31a863	821	stale-layout	verdicts, DRC reports and pre-route copies taken on that earlier layout; the current classification of every reading is v2/docs/CURRENT-EVIDENCE.md
v2/ecad/pcb-a-power-a23/routed/check_zone_nets.verdict.json	99fdbc95f9c38077ce3c47b0ec3f5133f33a69a8	693	stale-layout	verdicts, DRC reports and pre-route copies taken on that earlier layout; the current classification of every reading is v2/docs/CURRENT-EVIDENCE.md
v2/ecad/pcb-a-power-a23/routed/class_floor.verdict.json	de1f8c5b3b89a5ef878d80fa6f68b39626159590	828	stale-layout	verdicts, DRC reports and pre-route copies taken on that earlier layout; the current classification of every reading is v2/docs/CURRENT-EVIDENCE.md
v2/ecad/pcb-a-power-a23/routed/clock_check.verdict.json	8c033d51c71b4be5842ef265efcbf268a1277eb9	748	stale-layout	verdicts, DRC reports and pre-route copies taken on that earlier layout; the current classification of every reading is v2/docs/CURRENT-EVIDENCE.md
v2/ecad/pcb-a-power-a23/routed/closer_audit.verdict.json	ec4f9655a8357ebba4a5ad59107620f8c5086ae1	1014	stale-layout	verdicts, DRC reports and pre-route copies taken on that earlier layout; the current classification of every reading is v2/docs/CURRENT-EVIDENCE.md
v2/ecad/pcb-a-power-a23/routed/dc_density.verdict.json	9c5bd2b57dc310c3ba8043c17e67d516a1b5b6d2	3203	stale-layout	verdicts, DRC reports and pre-route copies taken on that earlier layout; the current classification of every reading is v2/docs/CURRENT-EVIDENCE.md
v2/ecad/pcb-a-power-a23/routed/dc_drop.verdict.json	fb63f166cbc3092d6ac8d24664181abe847c0a33	1054	stale-layout	verdicts, DRC reports and pre-route copies taken on that earlier layout; the current classification of every reading is v2/docs/CURRENT-EVIDENCE.md
v2/ecad/pcb-a-power-a23/routed/derate.verdict.json	40bc0f4e4822b2d558caffca115999d342f85420	936	stale-layout	verdicts, DRC reports and pre-route copies taken on that earlier layout; the current classification of every reading is v2/docs/CURRENT-EVIDENCE.md
v2/ecad/pcb-a-power-a23/routed/doc_provenance.verdict.json	5858933426b5fdbcade332f12948544201045ca6	1698	stale-layout	verdicts, DRC reports and pre-route copies taken on that earlier layout; the current classification of every reading is v2/docs/CURRENT-EVIDENCE.md
v2/ecad/pcb-a-power-a23/routed/doc_provenance_a.verdict.json	d6bbf2339cff552631756810c90852c00ed21b18	933	stale-layout	verdicts, DRC reports and pre-route copies taken on that earlier layout; the current classification of every reading is v2/docs/CURRENT-EVIDENCE.md
v2/ecad/pcb-a-power-a23/routed/doc_provenance_b.verdict.json	6b3a621869cd6d0316d8aecfe04a2600af97f6be	935	stale-layout	verdicts, DRC reports and pre-route copies taken on that earlier layout; the current classification of every reading is v2/docs/CURRENT-EVIDENCE.md
v2/ecad/pcb-a-power-a23/routed/doc_provenance_c.verdict.json	0fcdc8c453a8b448ae7414180f3a40882b887672	933	stale-layout	verdicts, DRC reports and pre-route copies taken on that earlier layout; the current classification of every reading is v2/docs/CURRENT-EVIDENCE.md
v2/ecad/pcb-a-power-a23/routed/doc_provenance_d.verdict.json	c91ca44273aaf054110900dff54faf0069a811ec	930	stale-layout	verdicts, DRC reports and pre-route copies taken on that earlier layout; the current classification of every reading is v2/docs/CURRENT-EVIDENCE.md
v2/ecad/pcb-a-power-a23/routed/doc_provenance_e.verdict.json	a5ca7294ab16eba9ab1dac7fec83b75a0d0b1d82	931	stale-layout	verdicts, DRC reports and pre-route copies taken on that earlier layout; the current classification of every reading is v2/docs/CURRENT-EVIDENCE.md
v2/ecad/pcb-a-power-a23/routed/doc_provenance_e5.verdict.json	825473027c89ebe29ee51b64408142517f2e7dbe	957	stale-layout	verdicts, DRC reports and pre-route copies taken on that earlier layout; the current classification of every reading is v2/docs/CURRENT-EVIDENCE.md
v2/ecad/pcb-a-power-a23/routed/doc_provenance_p.verdict.json	c4c99cf882a7a8281afd0f57c5b468de9d565726	928	stale-layout	verdicts, DRC reports and pre-route copies taken on that earlier layout; the current classification of every reading is v2/docs/CURRENT-EVIDENCE.md
v2/ecad/pcb-a-power-a23/routed/edge_length.table.json	2c88b61521e6505ff18dfdc7cf27279f5892828c	42851	stale-layout	verdicts, DRC reports and pre-route copies taken on that earlier layout; the current classification of every reading is v2/docs/CURRENT-EVIDENCE.md
v2/ecad/pcb-a-power-a23/routed/edge_length.verdict.json	7c54ea42009384ca5fbab2a038697d852f913ae5	9154	stale-layout	verdicts, DRC reports and pre-route copies taken on that earlier layout; the current classification of every reading is v2/docs/CURRENT-EVIDENCE.md
v2/ecad/pcb-a-power-a23/routed/emc_sheet.verdict.json	98f742e2612098d04fbdb96e398905d289d8ec3f	1045	stale-layout	verdicts, DRC reports and pre-route copies taken on that earlier layout; the current classification of every reading is v2/docs/CURRENT-EVIDENCE.md
v2/ecad/pcb-a-power-a23/routed/energy_chain.verdict.json	c1076774f1b5679c6366fdf61ff6902d23d5e5fc	1174	stale-layout	verdicts, DRC reports and pre-route copies taken on that earlier layout; the current classification of every reading is v2/docs/CURRENT-EVIDENCE.md
v2/ecad/pcb-a-power-a23/routed/energy_chain_a.verdict.json	bdaede2a5350a43ad05cd6c3e426a077abcb98d0	874	stale-layout	verdicts, DRC reports and pre-route copies taken on that earlier layout; the current classification of every reading is v2/docs/CURRENT-EVIDENCE.md
v2/ecad/pcb-a-power-a23/routed/energy_chain_b.verdict.json	353671527960b3869b499d657f44afa017673e59	950	stale-layout	verdicts, DRC reports and pre-route copies taken on that earlier layout; the current classification of every reading is v2/docs/CURRENT-EVIDENCE.md
v2/ecad/pcb-a-power-a23/routed/energy_chain_e.verdict.json	9db759e45f7aaec33eca4e9332be8b52e891cb7a	846	stale-layout	verdicts, DRC reports and pre-route copies taken on that earlier layout; the current classification of every reading is v2/docs/CURRENT-EVIDENCE.md
v2/ecad/pcb-a-power-a23/routed/energy_chain_e5.verdict.json	99255ac8f461a9b13431f176adb4b14fa041eb04	825	stale-layout	verdicts, DRC reports and pre-route copies taken on that earlier layout; the current classification of every reading is v2/docs/CURRENT-EVIDENCE.md
v2/ecad/pcb-a-power-a23/routed/energy_chain_p.verdict.json	1f3f52e8c6f4c9d26b4fc010ba50a28c22a76523	844	stale-layout	verdicts, DRC reports and pre-route copies taken on that earlier layout; the current classification of every reading is v2/docs/CURRENT-EVIDENCE.md
v2/ecad/pcb-a-power-a23/routed/erc_gate.verdict.json	7b9c7b8f53ba76f822018472e0a842144d1f4a8d	692	stale-layout	verdicts, DRC reports and pre-route copies taken on that earlier layout; the current classification of every reading is v2/docs/CURRENT-EVIDENCE.md
v2/ecad/pcb-a-power-a23/routed/fab_limits.verdict.json	a0899760412eb7f805db1288259ccc42a967145c	917	stale-layout	verdicts, DRC reports and pre-route copies taken on that earlier layout; the current classification of every reading is v2/docs/CURRENT-EVIDENCE.md
v2/ecad/pcb-a-power-a23/routed/final_gate_a.verdict.json	b0091e69246848c33ffe709188bf462bc5dbfc47	842	stale-layout	verdicts, DRC reports and pre-route copies taken on that earlier layout; the current classification of every reading is v2/docs/CURRENT-EVIDENCE.md
v2/ecad/pcb-a-power-a23/routed/ground_system.verdict.json	23cddc0a1d5a2c9420160215e058f201c3eac107	861	stale-layout	verdicts, DRC reports and pre-route copies taken on that earlier layout; the current classification of every reading is v2/docs/CURRENT-EVIDENCE.md
v2/ecad/pcb-a-power-a23/routed/hardset-placed.verdict.json	0ab66ae62e2d9ccddbc7071ea5f899b0d55efcf8	1428	stale-layout	verdicts, DRC reports and pre-route copies taken on that earlier layout; the current classification of every reading is v2/docs/CURRENT-EVIDENCE.md
v2/ecad/pcb-a-power-a23/routed/hardset-routed-board-gate.verdict.json	04e55607a1489bb56d02914d7fdec6bc1a280012	1150	stale-layout	verdicts, DRC reports and pre-route copies taken on that earlier layout; the current classification of every reading is v2/docs/CURRENT-EVIDENCE.md
v2/ecad/pcb-a-power-a23/routed/impedance_check.verdict.json	99e40a5d3072b709e28298f4e0aa8eaf5b489586	800	stale-layout	verdicts, DRC reports and pre-route copies taken on that earlier layout; the current classification of every reading is v2/docs/CURRENT-EVIDENCE.md
v2/ecad/pcb-a-power-a23/routed/inhibit_chain_a.verdict.json	676cfb3e8f6b8dc5f7f781161ea3bfa4263c63d6	837	stale-layout	verdicts, DRC reports and pre-route copies taken on that earlier layout; the current classification of every reading is v2/docs/CURRENT-EVIDENCE.md
v2/ecad/pcb-a-power-a23/routed/inhibit_chain_b.verdict.json	34115e463cdf1346ce4b668b4d9446f65244efe0	837	stale-layout	verdicts, DRC reports and pre-route copies taken on that earlier layout; the current classification of every reading is v2/docs/CURRENT-EVIDENCE.md
v2/ecad/pcb-a-power-a23/routed/inhibit_chain_c.verdict.json	305dd0c99410ceade26c062bbcd699be06453f48	837	stale-layout	verdicts, DRC reports and pre-route copies taken on that earlier layout; the current classification of every reading is v2/docs/CURRENT-EVIDENCE.md
v2/ecad/pcb-a-power-a23/routed/inhibit_chain_d.verdict.json	e41d3f6e0c57691a6657d727f9ce89579c65960e	837	stale-layout	verdicts, DRC reports and pre-route copies taken on that earlier layout; the current classification of every reading is v2/docs/CURRENT-EVIDENCE.md
v2/ecad/pcb-a-power-a23/routed/intent_checks.verdict.json	b4969f053e6ba6056c243816b960349f22cfbcb5	1702	stale-layout	verdicts, DRC reports and pre-route copies taken on that earlier layout; the current classification of every reading is v2/docs/CURRENT-EVIDENCE.md
v2/ecad/pcb-a-power-a23/routed/intent_decoupling.verdict.json	ce9d3c46578e6ded340e1492a0f3958f6835b365	1269	stale-layout	verdicts, DRC reports and pre-route copies taken on that earlier layout; the current classification of every reading is v2/docs/CURRENT-EVIDENCE.md
v2/ecad/pcb-a-power-a23/routed/intent_rails.verdict.json	fe8fc427a3ff22732223a75871f0810037eee002	11865	stale-layout	verdicts, DRC reports and pre-route copies taken on that earlier layout; the current classification of every reading is v2/docs/CURRENT-EVIDENCE.md
v2/ecad/pcb-a-power-a23/routed/intent_return_path.verdict.json	4a82268b6f4876fb5e1aa1c595e1a2d98cfd4b32	801	stale-layout	verdicts, DRC reports and pre-route copies taken on that earlier layout; the current classification of every reading is v2/docs/CURRENT-EVIDENCE.md
v2/ecad/pcb-a-power-a23/routed/intent_return_via.verdict.json	f470ab261f92d65ce26d67ccf3cb70b5e44518ef	1085	stale-layout	verdicts, DRC reports and pre-route copies taken on that earlier layout; the current classification of every reading is v2/docs/CURRENT-EVIDENCE.md
v2/ecad/pcb-a-power-a23/routed/interfaces.verdict.json	b7f77775bb674c5c0f0d1060e08d37695d61820c	962	stale-layout	verdicts, DRC reports and pre-route copies taken on that earlier layout; the current classification of every reading is v2/docs/CURRENT-EVIDENCE.md
v2/ecad/pcb-a-power-a23/routed/interfaces_a.verdict.json	ecfd09a641d659377c9699bd4c05a2b7e4d35419	878	stale-layout	verdicts, DRC reports and pre-route copies taken on that earlier layout; the current classification of every reading is v2/docs/CURRENT-EVIDENCE.md
v2/ecad/pcb-a-power-a23/routed/interfaces_b.verdict.json	d62940d67e3f9662bd6cefe42724736ded0e5db8	878	stale-layout	verdicts, DRC reports and pre-route copies taken on that earlier layout; the current classification of every reading is v2/docs/CURRENT-EVIDENCE.md
v2/ecad/pcb-a-power-a23/routed/interfaces_c.verdict.json	10e2de2c860a42cdf8b16c6872ab47bff3d2e507	878	stale-layout	verdicts, DRC reports and pre-route copies taken on that earlier layout; the current classification of every reading is v2/docs/CURRENT-EVIDENCE.md
v2/ecad/pcb-a-power-a23/routed/interfaces_d.verdict.json	7ef64931f8e37a1b24fe51b5d975eb8657456309	878	stale-layout	verdicts, DRC reports and pre-route copies taken on that earlier layout; the current classification of every reading is v2/docs/CURRENT-EVIDENCE.md
v2/ecad/pcb-a-power-a23/routed/interfaces_e.verdict.json	2cfd4c26490625be5572cd60cd709f4f03e1d864	878	stale-layout	verdicts, DRC reports and pre-route copies taken on that earlier layout; the current classification of every reading is v2/docs/CURRENT-EVIDENCE.md
v2/ecad/pcb-a-power-a23/routed/interfaces_e5.verdict.json	096b38696c5aadd223e9007c6894d38fd07c4129	1198	stale-layout	verdicts, DRC reports and pre-route copies taken on that earlier layout; the current classification of every reading is v2/docs/CURRENT-EVIDENCE.md
v2/ecad/pcb-a-power-a23/routed/interfaces_p.verdict.json	caef5abaa3b3dff9b151ea4a3a4fa972744c17da	878	stale-layout	verdicts, DRC reports and pre-route copies taken on that earlier layout; the current classification of every reading is v2/docs/CURRENT-EVIDENCE.md
v2/ecad/pcb-a-power-a23/routed/jlc_certify_a.verdict.json	40c43488bb3bb7299e193c8a97b8d5125ed5d028	752	stale-layout	verdicts, DRC reports and pre-route copies taken on that earlier layout; the current classification of every reading is v2/docs/CURRENT-EVIDENCE.md
v2/ecad/pcb-a-power-a23/routed/kelvin_check.verdict.json	3aff2c45947a28e045e5552a0b00dbd3164fb459	2176	stale-layout	verdicts, DRC reports and pre-route copies taken on that earlier layout; the current classification of every reading is v2/docs/CURRENT-EVIDENCE.md
v2/ecad/pcb-a-power-a23/routed/ledger_verify.verdict.json	3bb9a775aeaeb70abceb59c933741ceeaaa08638	799	stale-layout	verdicts, DRC reports and pre-route copies taken on that earlier layout; the current classification of every reading is v2/docs/CURRENT-EVIDENCE.md
v2/ecad/pcb-a-power-a23/routed/netlist_board.verdict.json	08114226ad47f2de4e739dd448407ddc3dcbe1ac	3575	stale-layout	verdicts, DRC reports and pre-route copies taken on that earlier layout; the current classification of every reading is v2/docs/CURRENT-EVIDENCE.md
v2/ecad/pcb-a-power-a23/routed/pcb-a-power-drc.json	34b4f32335f6f30e0d5457d7732f7e0e287e2c95	89006	stale-layout	verdicts, DRC reports and pre-route copies taken on that earlier layout; the current classification of every reading is v2/docs/CURRENT-EVIDENCE.md
v2/ecad/pcb-a-power-a23/routed/pcb-a-power-preroute.kicad_pcb	9e5202a9b55b28ab7b6ea25faac0f8cb38ddf9cb	4147616	stale-layout	verdicts, DRC reports and pre-route copies taken on that earlier layout; the current classification of every reading is v2/docs/CURRENT-EVIDENCE.md
v2/ecad/pcb-a-power-a23/routed/pcb-a-power-ref-change.json	aeccb33079f496c27858b3bee4dafa039e6279ca	25061	stale-layout	verdicts, DRC reports and pre-route copies taken on that earlier layout; the current classification of every reading is v2/docs/CURRENT-EVIDENCE.md
v2/ecad/pcb-a-power-a23/routed/pcb-a-power-via-currents.json	d6b3e6acd2dd04078db8bbba0d79ef8f6685d263	27753	stale-layout	verdicts, DRC reports and pre-route copies taken on that earlier layout; the current classification of every reading is v2/docs/CURRENT-EVIDENCE.md
v2/ecad/pcb-a-power-a23/routed/pin_map_lands_a.verdict.json	13934b89704514f6efd515c5a966cd0bd1d79a42	801	stale-layout	verdicts, DRC reports and pre-route copies taken on that earlier layout; the current classification of every reading is v2/docs/CURRENT-EVIDENCE.md
v2/ecad/pcb-a-power-a23/routed/place_audit.verdict.json	8f3b41e0b9da93c887f1fb12a81415900f902864	1469	stale-layout	verdicts, DRC reports and pre-route copies taken on that earlier layout; the current classification of every reading is v2/docs/CURRENT-EVIDENCE.md
v2/ecad/pcb-a-power-a23/routed/port_protect.verdict.json	02fb7aae605573504cb856560104b5847d580a57	815	stale-layout	verdicts, DRC reports and pre-route copies taken on that earlier layout; the current classification of every reading is v2/docs/CURRENT-EVIDENCE.md
v2/ecad/pcb-a-power-a23/routed/port_protect_a.verdict.json	027e55a9044a077462ca8bb08d1a3768125f6750	894	stale-layout	verdicts, DRC reports and pre-route copies taken on that earlier layout; the current classification of every reading is v2/docs/CURRENT-EVIDENCE.md
v2/ecad/pcb-a-power-a23/routed/power_sequence.verdict.json	aaddf44c1092a3cc81b1979f85d21e2f75a16ac0	1041	stale-layout	verdicts, DRC reports and pre-route copies taken on that earlier layout; the current classification of every reading is v2/docs/CURRENT-EVIDENCE.md
v2/ecad/pcb-a-power-a23/routed/pruned_gate.verdict.json	30da4a480cbb1196dfa13f1198183b42f7046a9c	1084	stale-layout	verdicts, DRC reports and pre-route copies taken on that earlier layout; the current classification of every reading is v2/docs/CURRENT-EVIDENCE.md
v2/ecad/pcb-a-power-a23/routed/reliability.verdict.json	f38e3cd735d23cdf649de8af10d9200357f61ea2	913	stale-layout	verdicts, DRC reports and pre-route copies taken on that earlier layout; the current classification of every reading is v2/docs/CURRENT-EVIDENCE.md
v2/ecad/pcb-a-power-a23/routed/return_stitch.verdict.json	90c43ccb757adfb839585e233a5aa4296c1ee5ea	3054	stale-layout	verdicts, DRC reports and pre-route copies taken on that earlier layout; the current classification of every reading is v2/docs/CURRENT-EVIDENCE.md
v2/ecad/pcb-a-power-a23/routed/return_via.verdict.json	d466292c603cf755df3444921cb7a826e87a8177	1954	stale-layout	verdicts, DRC reports and pre-route copies taken on that earlier layout; the current classification of every reading is v2/docs/CURRENT-EVIDENCE.md
v2/ecad/pcb-a-power-a23/routed/rf_line.verdict.json	34bdba0916b2dcea6452cc10c685ec5733a57f63	2128	stale-layout	verdicts, DRC reports and pre-route copies taken on that earlier layout; the current classification of every reading is v2/docs/CURRENT-EVIDENCE.md
v2/ecad/pcb-a-power-a23/routed/safe_lines.verdict.json	26bb5e546186cac6fe704411fe68a628696ca1ff	1766	stale-layout	verdicts, DRC reports and pre-route copies taken on that earlier layout; the current classification of every reading is v2/docs/CURRENT-EVIDENCE.md
v2/ecad/pcb-a-power-a23/routed/safe_lines_a.verdict.json	5e2e03457f45a3bc9700b310af4cfc67c9e87f51	1768	stale-layout	verdicts, DRC reports and pre-route copies taken on that earlier layout; the current classification of every reading is v2/docs/CURRENT-EVIDENCE.md
v2/ecad/pcb-a-power-a23/routed/sensitive_nodes.verdict.json	95c038a4bfac9cae36150e303a63bc0945443aef	2310	stale-layout	verdicts, DRC reports and pre-route copies taken on that earlier layout; the current classification of every reading is v2/docs/CURRENT-EVIDENCE.md
v2/ecad/pcb-a-power-a23/routed/spacing.verdict.json	03a9fce5d53b945d4d0be60d3c0f2106d312dd30	1412	stale-layout	verdicts, DRC reports and pre-route copies taken on that earlier layout; the current classification of every reading is v2/docs/CURRENT-EVIDENCE.md
v2/ecad/pcb-a-power-a23/routed/stackup_gate.verdict.json	060457b8fa334636635d773374136b683df376cb	973	stale-layout	verdicts, DRC reports and pre-route copies taken on that earlier layout; the current classification of every reading is v2/docs/CURRENT-EVIDENCE.md
v2/ecad/pcb-a-power-a23/routed/sweep.json	a8cb9475f692685293274f476919af6c6c93c21b	386	stale-layout	verdicts, DRC reports and pre-route copies taken on that earlier layout; the current classification of every reading is v2/docs/CURRENT-EVIDENCE.md
v2/ecad/pcb-a-power-a23/routed/switch_list.verdict.json	d7d9265da8b7bacd4542f5f26f734a60c36aa773	1272	stale-layout	verdicts, DRC reports and pre-route copies taken on that earlier layout; the current classification of every reading is v2/docs/CURRENT-EVIDENCE.md
v2/ecad/pcb-a-power-a23/routed/thermal.verdict.json	9cd90e34e8de2f3914ba0b6e52075955efb8deee	1007	stale-layout	verdicts, DRC reports and pre-route copies taken on that earlier layout; the current classification of every reading is v2/docs/CURRENT-EVIDENCE.md
v2/ecad/pcb-a-power-a23/routed/verify_deliverable_a.verdict.json	c93b2e9a2232678e319d7f754fd032f1baebf47d	853	stale-layout	verdicts, DRC reports and pre-route copies taken on that earlier layout; the current classification of every reading is v2/docs/CURRENT-EVIDENCE.md
v2/ecad/pcb-a-power-a23/routed/via_annular.verdict.json	78d706d8f4262b67740f98a081ee10cd4c411414	936	stale-layout	verdicts, DRC reports and pre-route copies taken on that earlier layout; the current classification of every reading is v2/docs/CURRENT-EVIDENCE.md
v2/ecad/pcb-a-power-a23/routed/via_audit.verdict.json	81eee6a3119a1094283c8c97f6e0e84df36a3e7e	915	stale-layout	verdicts, DRC reports and pre-route copies taken on that earlier layout; the current classification of every reading is v2/docs/CURRENT-EVIDENCE.md
v2/ecad/pcb-a-power-a23/routed/via_current.verdict.json	e2317b37f5fca24cab0105907f083554dbeb6f0b	3461	stale-layout	verdicts, DRC reports and pre-route copies taken on that earlier layout; the current classification of every reading is v2/docs/CURRENT-EVIDENCE.md
v2/ecad/pcb-a-power/pcb-a-power.kicad_pcb	3dd29d4e6d91ff67c46e0dd4cb340e7c51bff0e6	4901166	superseded-phase	an earlier phase's project directory; the declared phase directory (routeflow profile) is the one bundled
v2/ecad/pcb-a-power/pcb-a-power.kicad_pro	69b47f2f60018d105e6dbac8d98ff8b9db98c863	17891	superseded-phase	an earlier phase's project directory; the declared phase directory (routeflow profile) is the one bundled
v2/ecad/pcb-a-power/pcb-a-power.kicad_sch	d3e8ea7544ada92b6810d13ae6fd1bb95448be1c	1247379	superseded-phase	an earlier phase's project directory; the declared phase directory (routeflow profile) is the one bundled
v2/ecad/pcb-b-compute-b19/pcb-b-compute.kicad_pcb	a038d13307f95ac811e4221b4b1496cb653d9fb1	14615489	stale-layout	the phase's placed and routed layout, cut from an earlier netlist: v2/docs/CURRENT-EVIDENCE.md, table 'The candidate each board is judged against', reads SCH-002 (netlist against board) FAIL or INCONCLUSIVE, so the layout does not carry the committed netlist. Layout is layer 10 and restarts from the reviewed schematic; the placement generators gen_pcb_*.py are in the tools
v2/ecad/pcb-b-compute-b19/routed/apply_netlist_values.verdict.json	2110a9a0b8e7956d36a307791e8af81f45c3dd89	1017	stale-layout	verdicts, DRC reports and pre-route copies taken on that earlier layout; the current classification of every reading is v2/docs/CURRENT-EVIDENCE.md
v2/ecad/pcb-b-compute-b19/routed/assembly_set.verdict.json	76599b1ea07b87279eafb56a1fd008a9538ce05b	2358	stale-layout	verdicts, DRC reports and pre-route copies taken on that earlier layout; the current classification of every reading is v2/docs/CURRENT-EVIDENCE.md
v2/ecad/pcb-b-compute-b19/routed/check_contracts.verdict.json	b1c379edc5b1a6714c36fc2f86a4ff2d1de0cfcd	722	stale-layout	verdicts, DRC reports and pre-route copies taken on that earlier layout; the current classification of every reading is v2/docs/CURRENT-EVIDENCE.md
v2/ecad/pcb-b-compute-b19/routed/check_contracts_a.verdict.json	833f9c990991dc198f73b7483dd9555518ae772d	725	stale-layout	verdicts, DRC reports and pre-route copies taken on that earlier layout; the current classification of every reading is v2/docs/CURRENT-EVIDENCE.md
v2/ecad/pcb-b-compute-b19/routed/check_contracts_b.verdict.json	a0c82c865fb7247d91fe35c0d5b0d7553f032274	725	stale-layout	verdicts, DRC reports and pre-route copies taken on that earlier layout; the current classification of every reading is v2/docs/CURRENT-EVIDENCE.md
v2/ecad/pcb-b-compute-b19/routed/check_contracts_c.verdict.json	33459c89b7cda4bb2fce9857d7e59b1eee3a73a2	723	stale-layout	verdicts, DRC reports and pre-route copies taken on that earlier layout; the current classification of every reading is v2/docs/CURRENT-EVIDENCE.md
v2/ecad/pcb-b-compute-b19/routed/check_contracts_d.verdict.json	c4b2556a1260d65d9e147bfa6b0c324d94c95ac0	725	stale-layout	verdicts, DRC reports and pre-route copies taken on that earlier layout; the current classification of every reading is v2/docs/CURRENT-EVIDENCE.md
v2/ecad/pcb-b-compute-b19/routed/check_contracts_e.verdict.json	36026e99b9a4121215207764e9362f367e00af3d	723	stale-layout	verdicts, DRC reports and pre-route copies taken on that earlier layout; the current classification of every reading is v2/docs/CURRENT-EVIDENCE.md
v2/ecad/pcb-b-compute-b19/routed/check_contracts_e5.verdict.json	15e659b75ec9088ecc89670ea765e2d3f5b76b97	776	stale-layout	verdicts, DRC reports and pre-route copies taken on that earlier layout; the current classification of every reading is v2/docs/CURRENT-EVIDENCE.md
v2/ecad/pcb-b-compute-b19/routed/check_contracts_p.verdict.json	68b5ab341300d4c1682e3a0f6e55e8e1a7b6f0ca	723	stale-layout	verdicts, DRC reports and pre-route copies taken on that earlier layout; the current classification of every reading is v2/docs/CURRENT-EVIDENCE.md
v2/ecad/pcb-b-compute-b19/routed/check_pcb_b.verdict.json	c8257dd6983fcb269e5a0776d856091e48725592	773	stale-layout	verdicts, DRC reports and pre-route copies taken on that earlier layout; the current classification of every reading is v2/docs/CURRENT-EVIDENCE.md
v2/ecad/pcb-b-compute-b19/routed/check_zone_nets.verdict.json	79e89ef1a6d4064da1e62a16b3410a19108fb3d7	693	stale-layout	verdicts, DRC reports and pre-route copies taken on that earlier layout; the current classification of every reading is v2/docs/CURRENT-EVIDENCE.md
v2/ecad/pcb-b-compute-b19/routed/class_floor.verdict.json	9c59b8782eb6ad14179b9bec7e985ecf1090fa8c	832	stale-layout	verdicts, DRC reports and pre-route copies taken on that earlier layout; the current classification of every reading is v2/docs/CURRENT-EVIDENCE.md
v2/ecad/pcb-b-compute-b19/routed/clock_check.verdict.json	68c4aa6f6b309532df941c339969b21d664972d5	893	stale-layout	verdicts, DRC reports and pre-route copies taken on that earlier layout; the current classification of every reading is v2/docs/CURRENT-EVIDENCE.md
v2/ecad/pcb-b-compute-b19/routed/closer_audit.verdict.json	34285659187a4db22a345bcfce5e42e0b0b00bbc	1180	stale-layout	verdicts, DRC reports and pre-route copies taken on that earlier layout; the current classification of every reading is v2/docs/CURRENT-EVIDENCE.md
v2/ecad/pcb-b-compute-b19/routed/dc_density.verdict.json	a61fcc0701db9d4efa350478c9baa35f7ae2c889	2770	stale-layout	verdicts, DRC reports and pre-route copies taken on that earlier layout; the current classification of every reading is v2/docs/CURRENT-EVIDENCE.md
v2/ecad/pcb-b-compute-b19/routed/dc_drop.verdict.json	e30ba452318e6c0da712b58d505155a962676d2e	1171	stale-layout	verdicts, DRC reports and pre-route copies taken on that earlier layout; the current classification of every reading is v2/docs/CURRENT-EVIDENCE.md
v2/ecad/pcb-b-compute-b19/routed/derate.verdict.json	e40d5be04ce6efba16b9993ae25607f591cd765f	939	stale-layout	verdicts, DRC reports and pre-route copies taken on that earlier layout; the current classification of every reading is v2/docs/CURRENT-EVIDENCE.md
v2/ecad/pcb-b-compute-b19/routed/doc_provenance.verdict.json	fb11b9777042fd0cca676cd54e1fbf6ede81e5b2	1698	stale-layout	verdicts, DRC reports and pre-route copies taken on that earlier layout; the current classification of every reading is v2/docs/CURRENT-EVIDENCE.md
v2/ecad/pcb-b-compute-b19/routed/doc_provenance_a.verdict.json	33b1d42dc7aadd5eff5d60fbadb8ac27a08315ff	933	stale-layout	verdicts, DRC reports and pre-route copies taken on that earlier layout; the current classification of every reading is v2/docs/CURRENT-EVIDENCE.md
v2/ecad/pcb-b-compute-b19/routed/doc_provenance_b.verdict.json	0038619c63bd0c3bf0af122f3af60881403ec0b3	935	stale-layout	verdicts, DRC reports and pre-route copies taken on that earlier layout; the current classification of every reading is v2/docs/CURRENT-EVIDENCE.md
v2/ecad/pcb-b-compute-b19/routed/doc_provenance_c.verdict.json	adc6b8453b0f85d8ca8fae31cbe07e01ef8e83d8	933	stale-layout	verdicts, DRC reports and pre-route copies taken on that earlier layout; the current classification of every reading is v2/docs/CURRENT-EVIDENCE.md
v2/ecad/pcb-b-compute-b19/routed/doc_provenance_d.verdict.json	c7c91c78d66829b6b0ed2d30781bba0a211872e7	930	stale-layout	verdicts, DRC reports and pre-route copies taken on that earlier layout; the current classification of every reading is v2/docs/CURRENT-EVIDENCE.md
v2/ecad/pcb-b-compute-b19/routed/doc_provenance_e.verdict.json	34f84ee89a8e0f9cf49c2d780fd7de5a78734d70	931	stale-layout	verdicts, DRC reports and pre-route copies taken on that earlier layout; the current classification of every reading is v2/docs/CURRENT-EVIDENCE.md
v2/ecad/pcb-b-compute-b19/routed/doc_provenance_e5.verdict.json	496485a1b606333277ebcb4236f8fa4a9df79139	957	stale-layout	verdicts, DRC reports and pre-route copies taken on that earlier layout; the current classification of every reading is v2/docs/CURRENT-EVIDENCE.md
v2/ecad/pcb-b-compute-b19/routed/doc_provenance_p.verdict.json	8fa993bd9d46a6388f0500df4f294c20b957ab20	928	stale-layout	verdicts, DRC reports and pre-route copies taken on that earlier layout; the current classification of every reading is v2/docs/CURRENT-EVIDENCE.md
v2/ecad/pcb-b-compute-b19/routed/dot_prune.verdict.json	3d08e7f1e6514b81a0d670343b0cc42cb3e93fc4	635	stale-layout	verdicts, DRC reports and pre-route copies taken on that earlier layout; the current classification of every reading is v2/docs/CURRENT-EVIDENCE.md
v2/ecad/pcb-b-compute-b19/routed/edge_length.table.json	7f34ad721940e74708215c3b9082b9120ddad751	122620	stale-layout	verdicts, DRC reports and pre-route copies taken on that earlier layout; the current classification of every reading is v2/docs/CURRENT-EVIDENCE.md
v2/ecad/pcb-b-compute-b19/routed/edge_length.verdict.json	df20e34e65604e815c6e539b0c102d9a4bc2193f	26232	stale-layout	verdicts, DRC reports and pre-route copies taken on that earlier layout; the current classification of every reading is v2/docs/CURRENT-EVIDENCE.md
v2/ecad/pcb-b-compute-b19/routed/emc_sheet.verdict.json	13456eb32be85cb67fd91b1c671b6c3e37def8f9	1045	stale-layout	verdicts, DRC reports and pre-route copies taken on that earlier layout; the current classification of every reading is v2/docs/CURRENT-EVIDENCE.md
v2/ecad/pcb-b-compute-b19/routed/energy_chain.verdict.json	dbff2f6f7878bc87a69480a49e74175d19ba7fcf	1174	stale-layout	verdicts, DRC reports and pre-route copies taken on that earlier layout; the current classification of every reading is v2/docs/CURRENT-EVIDENCE.md
v2/ecad/pcb-b-compute-b19/routed/energy_chain_a.verdict.json	1d2881445c0d4142d26300916945688c97c7e4ba	874	stale-layout	verdicts, DRC reports and pre-route copies taken on that earlier layout; the current classification of every reading is v2/docs/CURRENT-EVIDENCE.md
v2/ecad/pcb-b-compute-b19/routed/energy_chain_b.verdict.json	82da9fccd97624624424c9650fa6ce3ad9bac492	950	stale-layout	verdicts, DRC reports and pre-route copies taken on that earlier layout; the current classification of every reading is v2/docs/CURRENT-EVIDENCE.md
v2/ecad/pcb-b-compute-b19/routed/energy_chain_e.verdict.json	b34aa2583816352bd03560ed2a6844bd41341cf5	846	stale-layout	verdicts, DRC reports and pre-route copies taken on that earlier layout; the current classification of every reading is v2/docs/CURRENT-EVIDENCE.md
v2/ecad/pcb-b-compute-b19/routed/energy_chain_e5.verdict.json	63384bacbe9fc1b031705345c8a4265bf56393ef	825	stale-layout	verdicts, DRC reports and pre-route copies taken on that earlier layout; the current classification of every reading is v2/docs/CURRENT-EVIDENCE.md
v2/ecad/pcb-b-compute-b19/routed/energy_chain_p.verdict.json	9ee0bb3d1871a524ccf0cc8309e128f0e038243e	844	stale-layout	verdicts, DRC reports and pre-route copies taken on that earlier layout; the current classification of every reading is v2/docs/CURRENT-EVIDENCE.md
v2/ecad/pcb-b-compute-b19/routed/erc_gate.verdict.json	4fc368a67612eeb5d323dd77c8b863549fa37c3d	729	stale-layout	verdicts, DRC reports and pre-route copies taken on that earlier layout; the current classification of every reading is v2/docs/CURRENT-EVIDENCE.md
v2/ecad/pcb-b-compute-b19/routed/fab_limits.verdict.json	b92d137c4347bafaaccbcb559bb0e27a4f3b9d8e	919	stale-layout	verdicts, DRC reports and pre-route copies taken on that earlier layout; the current classification of every reading is v2/docs/CURRENT-EVIDENCE.md
v2/ecad/pcb-b-compute-b19/routed/final_gate_b.verdict.json	6485c34b1f29df22d25c22f11ac684938c50bab8	677	stale-layout	verdicts, DRC reports and pre-route copies taken on that earlier layout; the current classification of every reading is v2/docs/CURRENT-EVIDENCE.md
v2/ecad/pcb-b-compute-b19/routed/ground_system.verdict.json	4dcf8b4f2293d3ec4f545ae9e5faa0109d8dee65	863	stale-layout	verdicts, DRC reports and pre-route copies taken on that earlier layout; the current classification of every reading is v2/docs/CURRENT-EVIDENCE.md
v2/ecad/pcb-b-compute-b19/routed/guard-dots.verdict.json	2754bdbf1fe25d98022b96aeab3dfcb5e3a2d52f	627	stale-layout	verdicts, DRC reports and pre-route copies taken on that earlier layout; the current classification of every reading is v2/docs/CURRENT-EVIDENCE.md
v2/ecad/pcb-b-compute-b19/routed/guard-stub.verdict.json	e888382e7c9eab3bf5282a23a0c3458973bdd3aa	629	stale-layout	verdicts, DRC reports and pre-route copies taken on that earlier layout; the current classification of every reading is v2/docs/CURRENT-EVIDENCE.md
v2/ecad/pcb-b-compute-b19/routed/hardset-after-dots.verdict.json	3592d3f3ac9a152e1c9d53eb6a836db02b0f168b	967	stale-layout	verdicts, DRC reports and pre-route copies taken on that earlier layout; the current classification of every reading is v2/docs/CURRENT-EVIDENCE.md
v2/ecad/pcb-b-compute-b19/routed/hardset-after-stub-router.verdict.json	bfa757a671c19011b451f3ee57b013624f9743bd	981	stale-layout	verdicts, DRC reports and pre-route copies taken on that earlier layout; the current classification of every reading is v2/docs/CURRENT-EVIDENCE.md
v2/ecad/pcb-b-compute-b19/routed/hardset-after-stub.verdict.json	a0b9f43d9bfa4c166452fa642adf947d891aa546	967	stale-layout	verdicts, DRC reports and pre-route copies taken on that earlier layout; the current classification of every reading is v2/docs/CURRENT-EVIDENCE.md
v2/ecad/pcb-b-compute-b19/routed/hardset-before-dots.verdict.json	81defff614003b864710923bd2c2b01863498366	969	stale-layout	verdicts, DRC reports and pre-route copies taken on that earlier layout; the current classification of every reading is v2/docs/CURRENT-EVIDENCE.md
v2/ecad/pcb-b-compute-b19/routed/hardset-before-stub.verdict.json	cf222a0aabbe72f2095d1562fbb8eead57e5e171	969	stale-layout	verdicts, DRC reports and pre-route copies taken on that earlier layout; the current classification of every reading is v2/docs/CURRENT-EVIDENCE.md
v2/ecad/pcb-b-compute-b19/routed/hardset-pair-match-trial.verdict.json	032985b53330124957a78305463250efae83f96e	894	stale-layout	verdicts, DRC reports and pre-route copies taken on that earlier layout; the current classification of every reading is v2/docs/CURRENT-EVIDENCE.md
v2/ecad/pcb-b-compute-b19/routed/hardset-placed.verdict.json	87f36f228ffee88378c46a74898907a3d5f1af61	1501	stale-layout	verdicts, DRC reports and pre-route copies taken on that earlier layout; the current classification of every reading is v2/docs/CURRENT-EVIDENCE.md
v2/ecad/pcb-b-compute-b19/routed/hardset-pre-route-drc-on-the-pair-copper.verdict.json	b9e4e4699f29b72e659d871e285c66b07c8d9e9a	1630	stale-layout	verdicts, DRC reports and pre-route copies taken on that earlier layout; the current classification of every reading is v2/docs/CURRENT-EVIDENCE.md
v2/ecad/pcb-b-compute-b19/routed/hardset-pre-route-drc-on-the-refused-board.verdict.json	5ede8234d964bb3986c7d2538746768aff00a7b3	934	stale-layout	verdicts, DRC reports and pre-route copies taken on that earlier layout; the current classification of every reading is v2/docs/CURRENT-EVIDENCE.md
v2/ecad/pcb-b-compute-b19/routed/hardset-pre-route-drc.verdict.json	aa5696a8e608e151725d3e0d2132ee235646a5d9	893	stale-layout	verdicts, DRC reports and pre-route copies taken on that earlier layout; the current classification of every reading is v2/docs/CURRENT-EVIDENCE.md
v2/ecad/pcb-b-compute-b19/routed/hardset-routed-board-gate.verdict.json	6b9c341ead27ff4ef283a29ca9bc6de94d43558b	1157	stale-layout	verdicts, DRC reports and pre-route copies taken on that earlier layout; the current classification of every reading is v2/docs/CURRENT-EVIDENCE.md
v2/ecad/pcb-b-compute-b19/routed/hardset.verdict.json	877c4b5f08152ba2c1077bf05bb28b291c40dac5	854	stale-layout	verdicts, DRC reports and pre-route copies taken on that earlier layout; the current classification of every reading is v2/docs/CURRENT-EVIDENCE.md
v2/ecad/pcb-b-compute-b19/routed/impedance_check.verdict.json	b29cd76c37f7e6604a3a935ee453a5bb7706204c	3536	stale-layout	verdicts, DRC reports and pre-route copies taken on that earlier layout; the current classification of every reading is v2/docs/CURRENT-EVIDENCE.md
v2/ecad/pcb-b-compute-b19/routed/inhibit_chain_a.verdict.json	0babe403a4b141fefdea0522c5210e4f2dcdaf2e	837	stale-layout	verdicts, DRC reports and pre-route copies taken on that earlier layout; the current classification of every reading is v2/docs/CURRENT-EVIDENCE.md
v2/ecad/pcb-b-compute-b19/routed/inhibit_chain_b.verdict.json	1d6e057db65cb50615418e6ff4b8fdf840b7dee7	837	stale-layout	verdicts, DRC reports and pre-route copies taken on that earlier layout; the current classification of every reading is v2/docs/CURRENT-EVIDENCE.md
v2/ecad/pcb-b-compute-b19/routed/inhibit_chain_c.verdict.json	e29cad74451c6c795698f582e4cb3d85905f4b45	837	stale-layout	verdicts, DRC reports and pre-route copies taken on that earlier layout; the current classification of every reading is v2/docs/CURRENT-EVIDENCE.md
v2/ecad/pcb-b-compute-b19/routed/inhibit_chain_d.verdict.json	b489bc97a4ab2a9450a8e69a29923b70399ee0b8	837	stale-layout	verdicts, DRC reports and pre-route copies taken on that earlier layout; the current classification of every reading is v2/docs/CURRENT-EVIDENCE.md
v2/ecad/pcb-b-compute-b19/routed/intent_checks.verdict.json	a2760862553a03be8c9b7ac67a2a7aa76437f739	1520	stale-layout	verdicts, DRC reports and pre-route copies taken on that earlier layout; the current classification of every reading is v2/docs/CURRENT-EVIDENCE.md
v2/ecad/pcb-b-compute-b19/routed/intent_decoupling.verdict.json	5e2b0ba1c6b1d567481f85142d55127f47ee629c	751	stale-layout	verdicts, DRC reports and pre-route copies taken on that earlier layout; the current classification of every reading is v2/docs/CURRENT-EVIDENCE.md
v2/ecad/pcb-b-compute-b19/routed/intent_other.verdict.json	fe2deaa9b443b561618721f5b6312b39af8c5b38	666	stale-layout	verdicts, DRC reports and pre-route copies taken on that earlier layout; the current classification of every reading is v2/docs/CURRENT-EVIDENCE.md
v2/ecad/pcb-b-compute-b19/routed/intent_rails.verdict.json	6e613ecf572e48c9a98e19af67441cc967058749	14265	stale-layout	verdicts, DRC reports and pre-route copies taken on that earlier layout; the current classification of every reading is v2/docs/CURRENT-EVIDENCE.md
v2/ecad/pcb-b-compute-b19/routed/intent_return_path.verdict.json	a4c6119676331ab48c0a90f1752aef04820c3f7f	1145	stale-layout	verdicts, DRC reports and pre-route copies taken on that earlier layout; the current classification of every reading is v2/docs/CURRENT-EVIDENCE.md
v2/ecad/pcb-b-compute-b19/routed/intent_return_via.verdict.json	979fe4d127c3af0b949f9385f8100185f926052f	1081	stale-layout	verdicts, DRC reports and pre-route copies taken on that earlier layout; the current classification of every reading is v2/docs/CURRENT-EVIDENCE.md
v2/ecad/pcb-b-compute-b19/routed/interfaces.verdict.json	b7f77775bb674c5c0f0d1060e08d37695d61820c	962	stale-layout	verdicts, DRC reports and pre-route copies taken on that earlier layout; the current classification of every reading is v2/docs/CURRENT-EVIDENCE.md
v2/ecad/pcb-b-compute-b19/routed/interfaces_a.verdict.json	ecfd09a641d659377c9699bd4c05a2b7e4d35419	878	stale-layout	verdicts, DRC reports and pre-route copies taken on that earlier layout; the current classification of every reading is v2/docs/CURRENT-EVIDENCE.md
v2/ecad/pcb-b-compute-b19/routed/interfaces_b.verdict.json	d62940d67e3f9662bd6cefe42724736ded0e5db8	878	stale-layout	verdicts, DRC reports and pre-route copies taken on that earlier layout; the current classification of every reading is v2/docs/CURRENT-EVIDENCE.md
v2/ecad/pcb-b-compute-b19/routed/interfaces_c.verdict.json	10e2de2c860a42cdf8b16c6872ab47bff3d2e507	878	stale-layout	verdicts, DRC reports and pre-route copies taken on that earlier layout; the current classification of every reading is v2/docs/CURRENT-EVIDENCE.md
v2/ecad/pcb-b-compute-b19/routed/interfaces_d.verdict.json	7ef64931f8e37a1b24fe51b5d975eb8657456309	878	stale-layout	verdicts, DRC reports and pre-route copies taken on that earlier layout; the current classification of every reading is v2/docs/CURRENT-EVIDENCE.md
v2/ecad/pcb-b-compute-b19/routed/interfaces_e.verdict.json	2cfd4c26490625be5572cd60cd709f4f03e1d864	878	stale-layout	verdicts, DRC reports and pre-route copies taken on that earlier layout; the current classification of every reading is v2/docs/CURRENT-EVIDENCE.md
v2/ecad/pcb-b-compute-b19/routed/interfaces_e5.verdict.json	096b38696c5aadd223e9007c6894d38fd07c4129	1198	stale-layout	verdicts, DRC reports and pre-route copies taken on that earlier layout; the current classification of every reading is v2/docs/CURRENT-EVIDENCE.md
v2/ecad/pcb-b-compute-b19/routed/interfaces_p.verdict.json	caef5abaa3b3dff9b151ea4a3a4fa972744c17da	878	stale-layout	verdicts, DRC reports and pre-route copies taken on that earlier layout; the current classification of every reading is v2/docs/CURRENT-EVIDENCE.md
v2/ecad/pcb-b-compute-b19/routed/jlc_certify_b.verdict.json	ba7536a7d1c7b2e778f4fbe2beffad20f48a7c49	586	stale-layout	verdicts, DRC reports and pre-route copies taken on that earlier layout; the current classification of every reading is v2/docs/CURRENT-EVIDENCE.md
v2/ecad/pcb-b-compute-b19/routed/ledger_verify.verdict.json	85aaee41ea7f053d8e2248a0966a5c063b5e793c	799	stale-layout	verdicts, DRC reports and pre-route copies taken on that earlier layout; the current classification of every reading is v2/docs/CURRENT-EVIDENCE.md
v2/ecad/pcb-b-compute-b19/routed/netlist_board.verdict.json	0bfe2cfbcbee158827c9a5aed35ec9b4dc24052a	1001	stale-layout	verdicts, DRC reports and pre-route copies taken on that earlier layout; the current classification of every reading is v2/docs/CURRENT-EVIDENCE.md
v2/ecad/pcb-b-compute-b19/routed/pcb-b-compute-drc.json	cd600448670995af4a2c29a4feda8df751f2e3e3	546972	stale-layout	verdicts, DRC reports and pre-route copies taken on that earlier layout; the current classification of every reading is v2/docs/CURRENT-EVIDENCE.md
v2/ecad/pcb-b-compute-b19/routed/pcb-b-compute-preroute.kicad_pcb	2514c3c936d6017a64a44352644d019ea3247b09	4981857	stale-layout	verdicts, DRC reports and pre-route copies taken on that earlier layout; the current classification of every reading is v2/docs/CURRENT-EVIDENCE.md
v2/ecad/pcb-b-compute-b19/routed/pcb-b-compute-ref-change.json	875a091ce2f4e5fdfea8a722986705c2c8e3f288	169391	stale-layout	verdicts, DRC reports and pre-route copies taken on that earlier layout; the current classification of every reading is v2/docs/CURRENT-EVIDENCE.md
v2/ecad/pcb-b-compute-b19/routed/pcb-b-compute-via-currents.json	d5f9a5e2ae788d6f070bc1655df5bdcb2215ddd4	27563	stale-layout	verdicts, DRC reports and pre-route copies taken on that earlier layout; the current classification of every reading is v2/docs/CURRENT-EVIDENCE.md
v2/ecad/pcb-b-compute-b19/routed/pin_map_lands_b.verdict.json	5af817b335d2be6d9e4553489b87bc56ea67df03	803	stale-layout	verdicts, DRC reports and pre-route copies taken on that earlier layout; the current classification of every reading is v2/docs/CURRENT-EVIDENCE.md
v2/ecad/pcb-b-compute-b19/routed/place_audit.verdict.json	fc45542588c6fbd30dd4c45f2a1cd662589416cc	2785	stale-layout	verdicts, DRC reports and pre-route copies taken on that earlier layout; the current classification of every reading is v2/docs/CURRENT-EVIDENCE.md
v2/ecad/pcb-b-compute-b19/routed/port_protect.verdict.json	b6ccdcc09a459bb90e82a48e7709d8ac24598b63	817	stale-layout	verdicts, DRC reports and pre-route copies taken on that earlier layout; the current classification of every reading is v2/docs/CURRENT-EVIDENCE.md
v2/ecad/pcb-b-compute-b19/routed/port_protect_b.verdict.json	cdc61568d341b9b2c9b25e767825062a789e701f	896	stale-layout	verdicts, DRC reports and pre-route copies taken on that earlier layout; the current classification of every reading is v2/docs/CURRENT-EVIDENCE.md
v2/ecad/pcb-b-compute-b19/routed/power_sequence.verdict.json	dc2d40d81486b86f114c186a1bdb86b700dce49c	1043	stale-layout	verdicts, DRC reports and pre-route copies taken on that earlier layout; the current classification of every reading is v2/docs/CURRENT-EVIDENCE.md
v2/ecad/pcb-b-compute-b19/routed/pruned_gate.verdict.json	c02d584bf809409e565690e77275974183203681	812	stale-layout	verdicts, DRC reports and pre-route copies taken on that earlier layout; the current classification of every reading is v2/docs/CURRENT-EVIDENCE.md
v2/ecad/pcb-b-compute-b19/routed/region_room.verdict.json	009030db5b8db71a0abda1f7e52a3aafc8e2829d	726	stale-layout	verdicts, DRC reports and pre-route copies taken on that earlier layout; the current classification of every reading is v2/docs/CURRENT-EVIDENCE.md
v2/ecad/pcb-b-compute-b19/routed/reliability.verdict.json	b1111283509dcb585b4e1df5ecc239a48c9dd1d2	913	stale-layout	verdicts, DRC reports and pre-route copies taken on that earlier layout; the current classification of every reading is v2/docs/CURRENT-EVIDENCE.md
v2/ecad/pcb-b-compute-b19/routed/return_stitch.verdict.json	066d6bbb049646f16f8ee8a0a27502b64ae4bbc3	816	stale-layout	verdicts, DRC reports and pre-route copies taken on that earlier layout; the current classification of every reading is v2/docs/CURRENT-EVIDENCE.md
v2/ecad/pcb-b-compute-b19/routed/return_via.verdict.json	a068a8f9498ce62c8d7d305d6f275d5664b27acc	1485	stale-layout	verdicts, DRC reports and pre-route copies taken on that earlier layout; the current classification of every reading is v2/docs/CURRENT-EVIDENCE.md
v2/ecad/pcb-b-compute-b19/routed/rf_line.verdict.json	035a0ceaa195a5ce38880f7033e98dbc6e26265e	957	stale-layout	verdicts, DRC reports and pre-route copies taken on that earlier layout; the current classification of every reading is v2/docs/CURRENT-EVIDENCE.md
v2/ecad/pcb-b-compute-b19/routed/safe_lines.verdict.json	d0f6c800d710397555b512ad3ab7202359324e5c	1672	stale-layout	verdicts, DRC reports and pre-route copies taken on that earlier layout; the current classification of every reading is v2/docs/CURRENT-EVIDENCE.md
v2/ecad/pcb-b-compute-b19/routed/safe_lines_b.verdict.json	5c0695836032bb32caad6f3aa4e0d973219928db	1674	stale-layout	verdicts, DRC reports and pre-route copies taken on that earlier layout; the current classification of every reading is v2/docs/CURRENT-EVIDENCE.md
v2/ecad/pcb-b-compute-b19/routed/sensitive_nodes.verdict.json	6e5e05a0141ace1dad77140c73a3117c91f9fc03	640	stale-layout	verdicts, DRC reports and pre-route copies taken on that earlier layout; the current classification of every reading is v2/docs/CURRENT-EVIDENCE.md
v2/ecad/pcb-b-compute-b19/routed/spacing.verdict.json	249ec27ee95eed90f0dc97412383e464be944f47	2331	stale-layout	verdicts, DRC reports and pre-route copies taken on that earlier layout; the current classification of every reading is v2/docs/CURRENT-EVIDENCE.md
v2/ecad/pcb-b-compute-b19/routed/stackup_gate.verdict.json	d965d4b15a41b208b50b495c34c6a6d5653ef81c	977	stale-layout	verdicts, DRC reports and pre-route copies taken on that earlier layout; the current classification of every reading is v2/docs/CURRENT-EVIDENCE.md
v2/ecad/pcb-b-compute-b19/routed/sweep.json	bd1d36529dba0388701acfda1064409e77814e6a	388	stale-layout	verdicts, DRC reports and pre-route copies taken on that earlier layout; the current classification of every reading is v2/docs/CURRENT-EVIDENCE.md
v2/ecad/pcb-b-compute-b19/routed/switch_list.verdict.json	620dd70342c4cbba7d42cf992b7bf637e088a335	1309	stale-layout	verdicts, DRC reports and pre-route copies taken on that earlier layout; the current classification of every reading is v2/docs/CURRENT-EVIDENCE.md
v2/ecad/pcb-b-compute-b19/routed/thermal.verdict.json	1dac48a486eaec084cb9edd76c5d0f1aeacd6c93	1006	stale-layout	verdicts, DRC reports and pre-route copies taken on that earlier layout; the current classification of every reading is v2/docs/CURRENT-EVIDENCE.md
v2/ecad/pcb-b-compute-b19/routed/verify_deliverable_b.verdict.json	2086133729c0bbd13da75b712683e9068e44a384	638	stale-layout	verdicts, DRC reports and pre-route copies taken on that earlier layout; the current classification of every reading is v2/docs/CURRENT-EVIDENCE.md
v2/ecad/pcb-b-compute-b19/routed/via_annular.verdict.json	ac77114808a281d1197dded51a7f099a65e3b92f	940	stale-layout	verdicts, DRC reports and pre-route copies taken on that earlier layout; the current classification of every reading is v2/docs/CURRENT-EVIDENCE.md
v2/ecad/pcb-b-compute-b19/routed/via_audit.verdict.json	22c5d8c82427f53b8af4c087d503bde72505c47a	919	stale-layout	verdicts, DRC reports and pre-route copies taken on that earlier layout; the current classification of every reading is v2/docs/CURRENT-EVIDENCE.md
v2/ecad/pcb-b-compute-b19/routed/via_current.verdict.json	6823817df83e6eced5d9c1dfb66fe2f5984c530e	4451	stale-layout	verdicts, DRC reports and pre-route copies taken on that earlier layout; the current classification of every reading is v2/docs/CURRENT-EVIDENCE.md
v2/ecad/pcb-b-compute/pcb-b-compute.kicad_pcb	d56abfc3ed939529cfb4be977cb10cff3602be36	3733893	superseded-phase	an earlier phase's project directory; the declared phase directory (routeflow profile) is the one bundled
v2/ecad/pcb-b-compute/pcb-b-compute.kicad_pro	4a65b03e347117dc608cc70596d878d271ac89e1	12394	superseded-phase	an earlier phase's project directory; the declared phase directory (routeflow profile) is the one bundled
v2/ecad/pcb-b-compute/pcb-b-compute.kicad_sch	5da6dcdd7b70bb8f2b7907eb5a97d6fbc6f62598	3672614	superseded-phase	an earlier phase's project directory; the declared phase directory (routeflow profile) is the one bundled
v2/ecad/pcb-c-display-c8/pcb-c-display.kicad_pcb	b7395763afbdcd9c3c8316e5d78e58f6b7b0f11b	3429749	stale-layout	the phase's placed and routed layout, cut from an earlier netlist: v2/docs/CURRENT-EVIDENCE.md, table 'The candidate each board is judged against', reads SCH-002 (netlist against board) FAIL or INCONCLUSIVE, so the layout does not carry the committed netlist. Layout is layer 10 and restarts from the reviewed schematic; the placement generators gen_pcb_*.py are in the tools
v2/ecad/pcb-c-display-c8/routed/assembly_set.verdict.json	c699332f9481c5524b920bc4926308817e8f3520	1444	stale-layout	verdicts, DRC reports and pre-route copies taken on that earlier layout; the current classification of every reading is v2/docs/CURRENT-EVIDENCE.md
v2/ecad/pcb-c-display-c8/routed/check_contracts.verdict.json	13763461909ecd62a1260d737a91dedf0b9e1ad3	722	stale-layout	verdicts, DRC reports and pre-route copies taken on that earlier layout; the current classification of every reading is v2/docs/CURRENT-EVIDENCE.md
v2/ecad/pcb-c-display-c8/routed/check_contracts_a.verdict.json	11493c2f0cc6a5a8242360caa4648550167e991b	725	stale-layout	verdicts, DRC reports and pre-route copies taken on that earlier layout; the current classification of every reading is v2/docs/CURRENT-EVIDENCE.md
v2/ecad/pcb-c-display-c8/routed/check_contracts_b.verdict.json	22e646bccdcdb39c48023a866dbf41bfed7e8ad6	725	stale-layout	verdicts, DRC reports and pre-route copies taken on that earlier layout; the current classification of every reading is v2/docs/CURRENT-EVIDENCE.md
v2/ecad/pcb-c-display-c8/routed/check_contracts_c.verdict.json	fc4ef5d9ee82e0f65c2b16a26ebfc37dd882e366	723	stale-layout	verdicts, DRC reports and pre-route copies taken on that earlier layout; the current classification of every reading is v2/docs/CURRENT-EVIDENCE.md
v2/ecad/pcb-c-display-c8/routed/check_contracts_d.verdict.json	466262f9cee90f87582e5c0bd47954f1704befa0	725	stale-layout	verdicts, DRC reports and pre-route copies taken on that earlier layout; the current classification of every reading is v2/docs/CURRENT-EVIDENCE.md
v2/ecad/pcb-c-display-c8/routed/check_contracts_e.verdict.json	0a44894d6c1673861b175897b2d2a879ff13433d	723	stale-layout	verdicts, DRC reports and pre-route copies taken on that earlier layout; the current classification of every reading is v2/docs/CURRENT-EVIDENCE.md
v2/ecad/pcb-c-display-c8/routed/check_contracts_e5.verdict.json	494226b2b0c20b6464dc26d6c1319ab71941d7db	776	stale-layout	verdicts, DRC reports and pre-route copies taken on that earlier layout; the current classification of every reading is v2/docs/CURRENT-EVIDENCE.md
v2/ecad/pcb-c-display-c8/routed/check_contracts_p.verdict.json	4c956c1f6b6bddc699f0e83db1a110bd96620162	723	stale-layout	verdicts, DRC reports and pre-route copies taken on that earlier layout; the current classification of every reading is v2/docs/CURRENT-EVIDENCE.md
v2/ecad/pcb-c-display-c8/routed/check_pcb_c.verdict.json	87cef74287692de19e817c344fb0fdcaef7ffb51	739	stale-layout	verdicts, DRC reports and pre-route copies taken on that earlier layout; the current classification of every reading is v2/docs/CURRENT-EVIDENCE.md
v2/ecad/pcb-c-display-c8/routed/check_zone_nets.verdict.json	4bbdcc869f8068c0eefb662abe07c8dfa045f033	693	stale-layout	verdicts, DRC reports and pre-route copies taken on that earlier layout; the current classification of every reading is v2/docs/CURRENT-EVIDENCE.md
v2/ecad/pcb-c-display-c8/routed/class_floor.verdict.json	380e41f9b323e5a6dac5e43bb3ef270bc010dd2a	832	stale-layout	verdicts, DRC reports and pre-route copies taken on that earlier layout; the current classification of every reading is v2/docs/CURRENT-EVIDENCE.md
v2/ecad/pcb-c-display-c8/routed/clock_check.verdict.json	3dc059f65e5105291e160d2a79f9dde86fd5e1a8	893	stale-layout	verdicts, DRC reports and pre-route copies taken on that earlier layout; the current classification of every reading is v2/docs/CURRENT-EVIDENCE.md
v2/ecad/pcb-c-display-c8/routed/closer_audit.verdict.json	4e1aabacc88e796ca65dd7214bfed2281e61da6a	1014	stale-layout	verdicts, DRC reports and pre-route copies taken on that earlier layout; the current classification of every reading is v2/docs/CURRENT-EVIDENCE.md
v2/ecad/pcb-c-display-c8/routed/dc_density.verdict.json	d4d83bfc87b651410ad7b9c262c88ec60aba39c7	1301	stale-layout	verdicts, DRC reports and pre-route copies taken on that earlier layout; the current classification of every reading is v2/docs/CURRENT-EVIDENCE.md
v2/ecad/pcb-c-display-c8/routed/dc_drop.verdict.json	9c625b82a5400634a5b349bc6cc1b4df2b41caed	881	stale-layout	verdicts, DRC reports and pre-route copies taken on that earlier layout; the current classification of every reading is v2/docs/CURRENT-EVIDENCE.md
v2/ecad/pcb-c-display-c8/routed/derate.verdict.json	1da3c28a1ef68a8682ae385330979e8e109ef194	3237	stale-layout	verdicts, DRC reports and pre-route copies taken on that earlier layout; the current classification of every reading is v2/docs/CURRENT-EVIDENCE.md
v2/ecad/pcb-c-display-c8/routed/doc_provenance.verdict.json	ee45ea9723e39d0d5b9aa552223934e245d199d3	1698	stale-layout	verdicts, DRC reports and pre-route copies taken on that earlier layout; the current classification of every reading is v2/docs/CURRENT-EVIDENCE.md
v2/ecad/pcb-c-display-c8/routed/doc_provenance_a.verdict.json	327bbf9c0ac015448365f4ae05f9c1602bb7672a	933	stale-layout	verdicts, DRC reports and pre-route copies taken on that earlier layout; the current classification of every reading is v2/docs/CURRENT-EVIDENCE.md
v2/ecad/pcb-c-display-c8/routed/doc_provenance_b.verdict.json	483e13d21b5bc8e4accd18e56f87cdab2c04b3fd	935	stale-layout	verdicts, DRC reports and pre-route copies taken on that earlier layout; the current classification of every reading is v2/docs/CURRENT-EVIDENCE.md
v2/ecad/pcb-c-display-c8/routed/doc_provenance_c.verdict.json	ed566103bf588331548e51837160d29482f0fdc9	964	stale-layout	verdicts, DRC reports and pre-route copies taken on that earlier layout; the current classification of every reading is v2/docs/CURRENT-EVIDENCE.md
v2/ecad/pcb-c-display-c8/routed/doc_provenance_d.verdict.json	340d3e750e6a48fdd2a80aff2c0e6b4deaae120e	930	stale-layout	verdicts, DRC reports and pre-route copies taken on that earlier layout; the current classification of every reading is v2/docs/CURRENT-EVIDENCE.md
v2/ecad/pcb-c-display-c8/routed/doc_provenance_e.verdict.json	9b118c75a7728830389115a3a7f39fe5d990914b	931	stale-layout	verdicts, DRC reports and pre-route copies taken on that earlier layout; the current classification of every reading is v2/docs/CURRENT-EVIDENCE.md
v2/ecad/pcb-c-display-c8/routed/doc_provenance_e5.verdict.json	75cf4a2dbb995b42a95bca3f886ee18f547c48d9	957	stale-layout	verdicts, DRC reports and pre-route copies taken on that earlier layout; the current classification of every reading is v2/docs/CURRENT-EVIDENCE.md
v2/ecad/pcb-c-display-c8/routed/doc_provenance_p.verdict.json	15a4042c46ff9e1aa840bbf2e2ecbf862ce61752	928	stale-layout	verdicts, DRC reports and pre-route copies taken on that earlier layout; the current classification of every reading is v2/docs/CURRENT-EVIDENCE.md
v2/ecad/pcb-c-display-c8/routed/dot_prune.verdict.json	8b20fcd1de3421e2ab3e2f9b2f728ef7452c1e49	608	stale-layout	verdicts, DRC reports and pre-route copies taken on that earlier layout; the current classification of every reading is v2/docs/CURRENT-EVIDENCE.md
v2/ecad/pcb-c-display-c8/routed/edge_length.table.json	d02d4f7c79ac1b7abb54895c34867fe9b538b502	22299	stale-layout	verdicts, DRC reports and pre-route copies taken on that earlier layout; the current classification of every reading is v2/docs/CURRENT-EVIDENCE.md
v2/ecad/pcb-c-display-c8/routed/edge_length.verdict.json	bae0be674d1a26df335eba9777360c28eed477c6	7276	stale-layout	verdicts, DRC reports and pre-route copies taken on that earlier layout; the current classification of every reading is v2/docs/CURRENT-EVIDENCE.md
v2/ecad/pcb-c-display-c8/routed/emc_sheet.verdict.json	ef881054e8db263f26f876e6cf88c70c2e255325	1043	stale-layout	verdicts, DRC reports and pre-route copies taken on that earlier layout; the current classification of every reading is v2/docs/CURRENT-EVIDENCE.md
v2/ecad/pcb-c-display-c8/routed/energy_chain.verdict.json	f4f3af3e07c403ca4253fb850875dcffa9726f51	1174	stale-layout	verdicts, DRC reports and pre-route copies taken on that earlier layout; the current classification of every reading is v2/docs/CURRENT-EVIDENCE.md
v2/ecad/pcb-c-display-c8/routed/energy_chain_a.verdict.json	6a8b61269f23b7821ef60be15c0cad2270d0bd6a	874	stale-layout	verdicts, DRC reports and pre-route copies taken on that earlier layout; the current classification of every reading is v2/docs/CURRENT-EVIDENCE.md
v2/ecad/pcb-c-display-c8/routed/energy_chain_b.verdict.json	2536eaabc4e48d552b0dd99a9b72422d54f78de6	950	stale-layout	verdicts, DRC reports and pre-route copies taken on that earlier layout; the current classification of every reading is v2/docs/CURRENT-EVIDENCE.md
v2/ecad/pcb-c-display-c8/routed/energy_chain_e.verdict.json	856310a0f34e4f678705687d62a2923922b521d3	846	stale-layout	verdicts, DRC reports and pre-route copies taken on that earlier layout; the current classification of every reading is v2/docs/CURRENT-EVIDENCE.md
v2/ecad/pcb-c-display-c8/routed/energy_chain_e5.verdict.json	43887dc54db6660217680384c93158a251a1e5f4	825	stale-layout	verdicts, DRC reports and pre-route copies taken on that earlier layout; the current classification of every reading is v2/docs/CURRENT-EVIDENCE.md
v2/ecad/pcb-c-display-c8/routed/energy_chain_p.verdict.json	6002c72f45506fa7e002466f920782fcb7c28706	844	stale-layout	verdicts, DRC reports and pre-route copies taken on that earlier layout; the current classification of every reading is v2/docs/CURRENT-EVIDENCE.md
v2/ecad/pcb-c-display-c8/routed/erc_gate.verdict.json	2457a32508ae29c346c5dfff7f52e0bb49c90198	690	stale-layout	verdicts, DRC reports and pre-route copies taken on that earlier layout; the current classification of every reading is v2/docs/CURRENT-EVIDENCE.md
v2/ecad/pcb-c-display-c8/routed/fab_limits.verdict.json	61f07f5b5c808014dbd71d1c943fb3dc32ba8e48	916	stale-layout	verdicts, DRC reports and pre-route copies taken on that earlier layout; the current classification of every reading is v2/docs/CURRENT-EVIDENCE.md
v2/ecad/pcb-c-display-c8/routed/final_gate_c.verdict.json	8dc9eec171993b101e1caefd33e35299c4791042	665	stale-layout	verdicts, DRC reports and pre-route copies taken on that earlier layout; the current classification of every reading is v2/docs/CURRENT-EVIDENCE.md
v2/ecad/pcb-c-display-c8/routed/ground_system.verdict.json	f139a2be87f597ea7c3b8a3937605ad03d1bc5ec	863	stale-layout	verdicts, DRC reports and pre-route copies taken on that earlier layout; the current classification of every reading is v2/docs/CURRENT-EVIDENCE.md
v2/ecad/pcb-c-display-c8/routed/guard-dots.verdict.json	a407b5e01e1ad475bd32a87f40f1f34ef5080ffa	580	stale-layout	verdicts, DRC reports and pre-route copies taken on that earlier layout; the current classification of every reading is v2/docs/CURRENT-EVIDENCE.md
v2/ecad/pcb-c-display-c8/routed/guard-prelay.verdict.json	81ec8ed32ddf2a9db51cc2650c3ade1e190cd7a9	588	stale-layout	verdicts, DRC reports and pre-route copies taken on that earlier layout; the current classification of every reading is v2/docs/CURRENT-EVIDENCE.md
v2/ecad/pcb-c-display-c8/routed/guard-return_via.verdict.json	024ee9acb6550004d65c61a2ff5e34b6fca28a8e	587	stale-layout	verdicts, DRC reports and pre-route copies taken on that earlier layout; the current classification of every reading is v2/docs/CURRENT-EVIDENCE.md
v2/ecad/pcb-c-display-c8/routed/guard-stub.verdict.json	5a6eeab588a8f5aa424a629538b613c32cf3e75b	580	stale-layout	verdicts, DRC reports and pre-route copies taken on that earlier layout; the current classification of every reading is v2/docs/CURRENT-EVIDENCE.md
v2/ecad/pcb-c-display-c8/routed/hardset-after-dots.verdict.json	b8897d88da3b2d9b574b79a0a6d5e2b63736bd9e	867	stale-layout	verdicts, DRC reports and pre-route copies taken on that earlier layout; the current classification of every reading is v2/docs/CURRENT-EVIDENCE.md
v2/ecad/pcb-c-display-c8/routed/hardset-after-prelay.verdict.json	525bad6976b044aa3f7c371c8d82827eebb1e0c9	853	stale-layout	verdicts, DRC reports and pre-route copies taken on that earlier layout; the current classification of every reading is v2/docs/CURRENT-EVIDENCE.md
v2/ecad/pcb-c-display-c8/routed/hardset-after-return-via.verdict.json	912e27f9508b9229ee06a443af0198d445026c6f	879	stale-layout	verdicts, DRC reports and pre-route copies taken on that earlier layout; the current classification of every reading is v2/docs/CURRENT-EVIDENCE.md
v2/ecad/pcb-c-display-c8/routed/hardset-after-stub-router.verdict.json	1e9b271c76d6600e564f34e7d26c45fc35e14c9b	881	stale-layout	verdicts, DRC reports and pre-route copies taken on that earlier layout; the current classification of every reading is v2/docs/CURRENT-EVIDENCE.md
v2/ecad/pcb-c-display-c8/routed/hardset-after-stub.verdict.json	71d1a5b600363dabbdcfa59c81f54e802271ac51	867	stale-layout	verdicts, DRC reports and pre-route copies taken on that earlier layout; the current classification of every reading is v2/docs/CURRENT-EVIDENCE.md
v2/ecad/pcb-c-display-c8/routed/hardset-before-dots.verdict.json	df4f80690d046aef676bc842debe73f21bb74abe	869	stale-layout	verdicts, DRC reports and pre-route copies taken on that earlier layout; the current classification of every reading is v2/docs/CURRENT-EVIDENCE.md
v2/ecad/pcb-c-display-c8/routed/hardset-before-prelay.verdict.json	36f4e20bcd82b01893b52a84413217fea4f14d8d	830	stale-layout	verdicts, DRC reports and pre-route copies taken on that earlier layout; the current classification of every reading is v2/docs/CURRENT-EVIDENCE.md
v2/ecad/pcb-c-display-c8/routed/hardset-before-return-via.verdict.json	7e603b6b581ff172142a2a8246e750d38e08f173	881	stale-layout	verdicts, DRC reports and pre-route copies taken on that earlier layout; the current classification of every reading is v2/docs/CURRENT-EVIDENCE.md
v2/ecad/pcb-c-display-c8/routed/hardset-before-stub.verdict.json	eed5fa14c4d84e0b02654d8f160bc048f09d9a00	869	stale-layout	verdicts, DRC reports and pre-route copies taken on that earlier layout; the current classification of every reading is v2/docs/CURRENT-EVIDENCE.md
v2/ecad/pcb-c-display-c8/routed/hardset-deliverable-drc.verdict.json	aacbde42ea6b414d9d33743b1eb80a2dae1e1ca3	877	stale-layout	verdicts, DRC reports and pre-route copies taken on that earlier layout; the current classification of every reading is v2/docs/CURRENT-EVIDENCE.md
v2/ecad/pcb-c-display-c8/routed/hardset-drc.verdict.json	cf82992b1662df6fbf82ef25c93297389be0f96d	853	stale-layout	verdicts, DRC reports and pre-route copies taken on that earlier layout; the current classification of every reading is v2/docs/CURRENT-EVIDENCE.md
v2/ecad/pcb-c-display-c8/routed/hardset-placed.verdict.json	d867cf63dd0b52b2792fab588bba9d71a253b3cf	1400	stale-layout	verdicts, DRC reports and pre-route copies taken on that earlier layout; the current classification of every reading is v2/docs/CURRENT-EVIDENCE.md
v2/ecad/pcb-c-display-c8/routed/hardset-pre-route-drc-on-the-pair-copper.verdict.json	3a81b40c647f5ddbb08b60b542e824e1f1d5c3f1	873	stale-layout	verdicts, DRC reports and pre-route copies taken on that earlier layout; the current classification of every reading is v2/docs/CURRENT-EVIDENCE.md
v2/ecad/pcb-c-display-c8/routed/hardset-pre-route-drc.verdict.json	f9078840a53287f5fd90e5ce421355fc95f133cd	864	stale-layout	verdicts, DRC reports and pre-route copies taken on that earlier layout; the current classification of every reading is v2/docs/CURRENT-EVIDENCE.md
v2/ecad/pcb-c-display-c8/routed/hardset-routed-board-gate.verdict.json	98e0886de662201c2ce8fb68f8b2a80c63fc1a22	1172	stale-layout	verdicts, DRC reports and pre-route copies taken on that earlier layout; the current classification of every reading is v2/docs/CURRENT-EVIDENCE.md
v2/ecad/pcb-c-display-c8/routed/hardset.verdict.json	79c6d3985dfc02b93e689334d8bf42cc58c84863	845	stale-layout	verdicts, DRC reports and pre-route copies taken on that earlier layout; the current classification of every reading is v2/docs/CURRENT-EVIDENCE.md
v2/ecad/pcb-c-display-c8/routed/impedance_check.verdict.json	40ff5abd470b7cb308710226e889907e3efb20d4	942	stale-layout	verdicts, DRC reports and pre-route copies taken on that earlier layout; the current classification of every reading is v2/docs/CURRENT-EVIDENCE.md
v2/ecad/pcb-c-display-c8/routed/inhibit_chain_a.verdict.json	3f54280cbd76834fd0ed4d34a92d63db730719cb	837	stale-layout	verdicts, DRC reports and pre-route copies taken on that earlier layout; the current classification of every reading is v2/docs/CURRENT-EVIDENCE.md
v2/ecad/pcb-c-display-c8/routed/inhibit_chain_b.verdict.json	dd20522e10487bce78e388fad32f9c9ab81dc32b	837	stale-layout	verdicts, DRC reports and pre-route copies taken on that earlier layout; the current classification of every reading is v2/docs/CURRENT-EVIDENCE.md
v2/ecad/pcb-c-display-c8/routed/inhibit_chain_c.verdict.json	44be9daa117b87ac2c5f81600b4ffddb6f0a325e	837	stale-layout	verdicts, DRC reports and pre-route copies taken on that earlier layout; the current classification of every reading is v2/docs/CURRENT-EVIDENCE.md
v2/ecad/pcb-c-display-c8/routed/inhibit_chain_d.verdict.json	702c6307bd0ac0d85be1141fa86f733582746776	837	stale-layout	verdicts, DRC reports and pre-route copies taken on that earlier layout; the current classification of every reading is v2/docs/CURRENT-EVIDENCE.md
v2/ecad/pcb-c-display-c8/routed/intent_checks.verdict.json	c0ad3a276e2f384e39378a57274f71a2cc88ac6c	5662	stale-layout	verdicts, DRC reports and pre-route copies taken on that earlier layout; the current classification of every reading is v2/docs/CURRENT-EVIDENCE.md
v2/ecad/pcb-c-display-c8/routed/intent_decoupling.verdict.json	33fa15b39368e6afcb5d0700340d0a1901437b00	751	stale-layout	verdicts, DRC reports and pre-route copies taken on that earlier layout; the current classification of every reading is v2/docs/CURRENT-EVIDENCE.md
v2/ecad/pcb-c-display-c8/routed/intent_rails.verdict.json	8896fdc4fe8bd2ee6a29e644ef65935bfb1d1674	7305	stale-layout	verdicts, DRC reports and pre-route copies taken on that earlier layout; the current classification of every reading is v2/docs/CURRENT-EVIDENCE.md
v2/ecad/pcb-c-display-c8/routed/intent_return_path.verdict.json	41bba3a33a3160ec4fb803609b59e0ac04aea164	5280	stale-layout	verdicts, DRC reports and pre-route copies taken on that earlier layout; the current classification of every reading is v2/docs/CURRENT-EVIDENCE.md
v2/ecad/pcb-c-display-c8/routed/intent_return_via.verdict.json	70d682b9b043c6a1d1a85378be32a97a26f96af8	1088	stale-layout	verdicts, DRC reports and pre-route copies taken on that earlier layout; the current classification of every reading is v2/docs/CURRENT-EVIDENCE.md
v2/ecad/pcb-c-display-c8/routed/interfaces.verdict.json	b7f77775bb674c5c0f0d1060e08d37695d61820c	962	stale-layout	verdicts, DRC reports and pre-route copies taken on that earlier layout; the current classification of every reading is v2/docs/CURRENT-EVIDENCE.md
v2/ecad/pcb-c-display-c8/routed/interfaces_a.verdict.json	ecfd09a641d659377c9699bd4c05a2b7e4d35419	878	stale-layout	verdicts, DRC reports and pre-route copies taken on that earlier layout; the current classification of every reading is v2/docs/CURRENT-EVIDENCE.md
v2/ecad/pcb-c-display-c8/routed/interfaces_b.verdict.json	d62940d67e3f9662bd6cefe42724736ded0e5db8	878	stale-layout	verdicts, DRC reports and pre-route copies taken on that earlier layout; the current classification of every reading is v2/docs/CURRENT-EVIDENCE.md
v2/ecad/pcb-c-display-c8/routed/interfaces_c.verdict.json	10e2de2c860a42cdf8b16c6872ab47bff3d2e507	878	stale-layout	verdicts, DRC reports and pre-route copies taken on that earlier layout; the current classification of every reading is v2/docs/CURRENT-EVIDENCE.md
v2/ecad/pcb-c-display-c8/routed/interfaces_d.verdict.json	7ef64931f8e37a1b24fe51b5d975eb8657456309	878	stale-layout	verdicts, DRC reports and pre-route copies taken on that earlier layout; the current classification of every reading is v2/docs/CURRENT-EVIDENCE.md
v2/ecad/pcb-c-display-c8/routed/interfaces_e.verdict.json	2cfd4c26490625be5572cd60cd709f4f03e1d864	878	stale-layout	verdicts, DRC reports and pre-route copies taken on that earlier layout; the current classification of every reading is v2/docs/CURRENT-EVIDENCE.md
v2/ecad/pcb-c-display-c8/routed/interfaces_e5.verdict.json	096b38696c5aadd223e9007c6894d38fd07c4129	1198	stale-layout	verdicts, DRC reports and pre-route copies taken on that earlier layout; the current classification of every reading is v2/docs/CURRENT-EVIDENCE.md
v2/ecad/pcb-c-display-c8/routed/interfaces_p.verdict.json	caef5abaa3b3dff9b151ea4a3a4fa972744c17da	878	stale-layout	verdicts, DRC reports and pre-route copies taken on that earlier layout; the current classification of every reading is v2/docs/CURRENT-EVIDENCE.md
v2/ecad/pcb-c-display-c8/routed/jlc_certify_c.verdict.json	b524faf17ef574abb732c3efd3e561d3b1ae49bc	763	stale-layout	verdicts, DRC reports and pre-route copies taken on that earlier layout; the current classification of every reading is v2/docs/CURRENT-EVIDENCE.md
v2/ecad/pcb-c-display-c8/routed/lcsc_fill.verdict.json	fd134e42a34f4215623575db7b9f9315091bc28e	724	stale-layout	verdicts, DRC reports and pre-route copies taken on that earlier layout; the current classification of every reading is v2/docs/CURRENT-EVIDENCE.md
v2/ecad/pcb-c-display-c8/routed/ledger_verify.verdict.json	b2e1695a476233ccb58cca3bc867612bdc38344a	859	stale-layout	verdicts, DRC reports and pre-route copies taken on that earlier layout; the current classification of every reading is v2/docs/CURRENT-EVIDENCE.md
v2/ecad/pcb-c-display-c8/routed/netlist_board.verdict.json	0913984edd33ca4c753d0c695aec4ff6839d408a	930	stale-layout	verdicts, DRC reports and pre-route copies taken on that earlier layout; the current classification of every reading is v2/docs/CURRENT-EVIDENCE.md
v2/ecad/pcb-c-display-c8/routed/pcb-c-display-drc.json	4a34ab553b17c815b7fd04c69fe0c8812b37a2ed	193535	stale-layout	verdicts, DRC reports and pre-route copies taken on that earlier layout; the current classification of every reading is v2/docs/CURRENT-EVIDENCE.md
v2/ecad/pcb-c-display-c8/routed/pcb-c-display-preroute.kicad_pcb	3e701617c7ec0cb1e6e68518f891b338f0ccb3d0	3197712	stale-layout	verdicts, DRC reports and pre-route copies taken on that earlier layout; the current classification of every reading is v2/docs/CURRENT-EVIDENCE.md
v2/ecad/pcb-c-display-c8/routed/pcb-c-display-ref-change.json	1d760d8a042aec11c42e46e85d41d20df40f459b	40378	stale-layout	verdicts, DRC reports and pre-route copies taken on that earlier layout; the current classification of every reading is v2/docs/CURRENT-EVIDENCE.md
v2/ecad/pcb-c-display-c8/routed/pcb-c-display-via-currents.json	334d90ca7964597ab561cbcf2204dd574a3750eb	3723	stale-layout	verdicts, DRC reports and pre-route copies taken on that earlier layout; the current classification of every reading is v2/docs/CURRENT-EVIDENCE.md
v2/ecad/pcb-c-display-c8/routed/pcb-c-display.kicad_pcb	b7395763afbdcd9c3c8316e5d78e58f6b7b0f11b	3429749	stale-layout	verdicts, DRC reports and pre-route copies taken on that earlier layout; the current classification of every reading is v2/docs/CURRENT-EVIDENCE.md
v2/ecad/pcb-c-display-c8/routed/pcb-c-display.kicad_pro	54a2d30e9d5ec59c6f7f021acace092c8d3a4050	11191	stale-layout	verdicts, DRC reports and pre-route copies taken on that earlier layout; the current classification of every reading is v2/docs/CURRENT-EVIDENCE.md
v2/ecad/pcb-c-display-c8/routed/pin_map_lands_c.verdict.json	e1e49db569cc004bcb95b9ad3844d09756e23ac3	803	stale-layout	verdicts, DRC reports and pre-route copies taken on that earlier layout; the current classification of every reading is v2/docs/CURRENT-EVIDENCE.md
v2/ecad/pcb-c-display-c8/routed/place_audit.verdict.json	206b4e8a621adbc2e0b087d2a38b1ece6b1c639f	1133	stale-layout	verdicts, DRC reports and pre-route copies taken on that earlier layout; the current classification of every reading is v2/docs/CURRENT-EVIDENCE.md
v2/ecad/pcb-c-display-c8/routed/port_protect.verdict.json	ecd73175086f3ef870667668d887194b9540324e	816	stale-layout	verdicts, DRC reports and pre-route copies taken on that earlier layout; the current classification of every reading is v2/docs/CURRENT-EVIDENCE.md
v2/ecad/pcb-c-display-c8/routed/port_protect_c.verdict.json	f63f5835714846ba89893e2c89dae9da8475b03a	895	stale-layout	verdicts, DRC reports and pre-route copies taken on that earlier layout; the current classification of every reading is v2/docs/CURRENT-EVIDENCE.md
v2/ecad/pcb-c-display-c8/routed/power_sequence.verdict.json	656e9084196b67dcb55ea102a4e10fc454225c3d	1040	stale-layout	verdicts, DRC reports and pre-route copies taken on that earlier layout; the current classification of every reading is v2/docs/CURRENT-EVIDENCE.md
v2/ecad/pcb-c-display-c8/routed/pruned_gate.verdict.json	b533035dda7f4667777de1bc3572dba667dc831c	1086	stale-layout	verdicts, DRC reports and pre-route copies taken on that earlier layout; the current classification of every reading is v2/docs/CURRENT-EVIDENCE.md
v2/ecad/pcb-c-display-c8/routed/reliability.verdict.json	0d216386fcf2d440ede6196e18ab81841be8c109	912	stale-layout	verdicts, DRC reports and pre-route copies taken on that earlier layout; the current classification of every reading is v2/docs/CURRENT-EVIDENCE.md
v2/ecad/pcb-c-display-c8/routed/return_stitch.verdict.json	f4ad3ee979e5e7ef7f054743d6ff0d6d7c6944f0	816	stale-layout	verdicts, DRC reports and pre-route copies taken on that earlier layout; the current classification of every reading is v2/docs/CURRENT-EVIDENCE.md
v2/ecad/pcb-c-display-c8/routed/return_via.verdict.json	95c6728b41e11a62ec3da2dc6dd6fc9c8c34c98b	5333	stale-layout	verdicts, DRC reports and pre-route copies taken on that earlier layout; the current classification of every reading is v2/docs/CURRENT-EVIDENCE.md
v2/ecad/pcb-c-display-c8/routed/rf_line.verdict.json	3f8e2bedad180e45a9d3b30d6dbc1813741e615c	811	stale-layout	verdicts, DRC reports and pre-route copies taken on that earlier layout; the current classification of every reading is v2/docs/CURRENT-EVIDENCE.md
v2/ecad/pcb-c-display-c8/routed/safe_lines.verdict.json	704ba1151742ce21383d3e0be4664ec6d5399ef5	1720	stale-layout	verdicts, DRC reports and pre-route copies taken on that earlier layout; the current classification of every reading is v2/docs/CURRENT-EVIDENCE.md
v2/ecad/pcb-c-display-c8/routed/safe_lines_c.verdict.json	e87afbcbd3d9d52f6756678e89c8f78469d27b27	1722	stale-layout	verdicts, DRC reports and pre-route copies taken on that earlier layout; the current classification of every reading is v2/docs/CURRENT-EVIDENCE.md
v2/ecad/pcb-c-display-c8/routed/sensitive_nodes.verdict.json	5b71afafa16c5cdc9a437985a76e5ea062c14a20	640	stale-layout	verdicts, DRC reports and pre-route copies taken on that earlier layout; the current classification of every reading is v2/docs/CURRENT-EVIDENCE.md
v2/ecad/pcb-c-display-c8/routed/spacing.verdict.json	cdd975a5dd528603cf8dd67c1bc8cfccbd97c333	692	stale-layout	verdicts, DRC reports and pre-route copies taken on that earlier layout; the current classification of every reading is v2/docs/CURRENT-EVIDENCE.md
v2/ecad/pcb-c-display-c8/routed/stackup_gate.verdict.json	42afec85fc35cc5953fd5406d1c4af5053a7d4bc	976	stale-layout	verdicts, DRC reports and pre-route copies taken on that earlier layout; the current classification of every reading is v2/docs/CURRENT-EVIDENCE.md
v2/ecad/pcb-c-display-c8/routed/sweep.json	1ed5eae3e66d2813d8833f210b1822c9589c2cf4	388	stale-layout	verdicts, DRC reports and pre-route copies taken on that earlier layout; the current classification of every reading is v2/docs/CURRENT-EVIDENCE.md
v2/ecad/pcb-c-display-c8/routed/switch_list.verdict.json	1c0f3468480ad571d63808ecc548ab0a3414366d	1228	stale-layout	verdicts, DRC reports and pre-route copies taken on that earlier layout; the current classification of every reading is v2/docs/CURRENT-EVIDENCE.md
v2/ecad/pcb-c-display-c8/routed/thermal.verdict.json	b8ced667767b1af655d6554294605d5157a8ec86	1155	stale-layout	verdicts, DRC reports and pre-route copies taken on that earlier layout; the current classification of every reading is v2/docs/CURRENT-EVIDENCE.md
v2/ecad/pcb-c-display-c8/routed/verify_deliverable.verdict.json	6017d4d2130fae9196fde914b450406197620683	630	stale-layout	verdicts, DRC reports and pre-route copies taken on that earlier layout; the current classification of every reading is v2/docs/CURRENT-EVIDENCE.md
v2/ecad/pcb-c-display-c8/routed/verify_deliverable_c.verdict.json	855d5baac5f53d9230706e1eeb4b90260ae26710	634	stale-layout	verdicts, DRC reports and pre-route copies taken on that earlier layout; the current classification of every reading is v2/docs/CURRENT-EVIDENCE.md
v2/ecad/pcb-c-display-c8/routed/via_annular.verdict.json	34b93c8280849caa7265f17fdb6beb79918ce48b	937	stale-layout	verdicts, DRC reports and pre-route copies taken on that earlier layout; the current classification of every reading is v2/docs/CURRENT-EVIDENCE.md
v2/ecad/pcb-c-display-c8/routed/via_audit.verdict.json	a7512f00d46c01f9552e833dbc90dbfde66572aa	916	stale-layout	verdicts, DRC reports and pre-route copies taken on that earlier layout; the current classification of every reading is v2/docs/CURRENT-EVIDENCE.md
v2/ecad/pcb-c-display-c8/routed/via_current.verdict.json	4a352ad7ed7f4b7b7ac0f1774ab7e936da2025af	1173	stale-layout	verdicts, DRC reports and pre-route copies taken on that earlier layout; the current classification of every reading is v2/docs/CURRENT-EVIDENCE.md
v2/ecad/pcb-c-display/pcb-c-display.kicad_pcb	873ca45e425753a7f11140d2062eedebb71c31e4	3406602	superseded-phase	an earlier phase's project directory; the declared phase directory (routeflow profile) is the one bundled
v2/ecad/pcb-c-display/pcb-c-display.kicad_pro	8fc81d5577033d63e68f4ed4c13b7a90535692e1	10681	superseded-phase	an earlier phase's project directory; the declared phase directory (routeflow profile) is the one bundled
v2/ecad/pcb-c-display/pcb-c-display.kicad_sch	96554df74549f1560b5fd3cbd374a8edabfe64e3	557232	superseded-phase	an earlier phase's project directory; the declared phase directory (routeflow profile) is the one bundled
v2/ecad/pcb-c-ring/pcb-c-ring.kicad_pcb	61b6e13f0ec48223ef60eb7d0c6c68f48d952529	13042	retired-board	a retired board (ring R1 retired at C5, RF junction E2 retired 5 September 2026); not in the current set
v2/ecad/pcb-c-ring/pcb-c-ring.kicad_pro	171ce0fc7e50bd1555d4e21c2192900c08e491e6	8363	retired-board	a retired board (ring R1 retired at C5, RF junction E2 retired 5 September 2026); not in the current set
v2/ecad/pcb-d-aprs-d9/pcb-d-aprs.kicad_pcb	71ddb73fae2af9e468fca64b7cd70b2052264dc5	3581924	stale-layout	the phase's placed and routed layout, cut from an earlier netlist: v2/docs/CURRENT-EVIDENCE.md, table 'The candidate each board is judged against', reads SCH-002 (netlist against board) FAIL or INCONCLUSIVE, so the layout does not carry the committed netlist. Layout is layer 10 and restarts from the reviewed schematic; the placement generators gen_pcb_*.py are in the tools
v2/ecad/pcb-d-aprs-d9/routed/assembly_set.verdict.json	4e414eac157f3c1b4de9f3437eef2f8dba7ed5c7	1814	stale-layout	verdicts, DRC reports and pre-route copies taken on that earlier layout; the current classification of every reading is v2/docs/CURRENT-EVIDENCE.md
v2/ecad/pcb-d-aprs-d9/routed/check_contracts.verdict.json	fe31d06bdf8d8a391b3d2201d909bcd11d35bbbc	722	stale-layout	verdicts, DRC reports and pre-route copies taken on that earlier layout; the current classification of every reading is v2/docs/CURRENT-EVIDENCE.md
v2/ecad/pcb-d-aprs-d9/routed/check_contracts_a.verdict.json	d4cf1904b36c769db747258a4a3e855988a56184	725	stale-layout	verdicts, DRC reports and pre-route copies taken on that earlier layout; the current classification of every reading is v2/docs/CURRENT-EVIDENCE.md
v2/ecad/pcb-d-aprs-d9/routed/check_contracts_b.verdict.json	9f3478951da0a4445ff4e09061773bb7093a10d8	725	stale-layout	verdicts, DRC reports and pre-route copies taken on that earlier layout; the current classification of every reading is v2/docs/CURRENT-EVIDENCE.md
v2/ecad/pcb-d-aprs-d9/routed/check_contracts_c.verdict.json	c1bdc86fefb8f8c22ce41f0614270e821b84fc5c	723	stale-layout	verdicts, DRC reports and pre-route copies taken on that earlier layout; the current classification of every reading is v2/docs/CURRENT-EVIDENCE.md
v2/ecad/pcb-d-aprs-d9/routed/check_contracts_d.verdict.json	d95f7b432abd460ada9089b19fd299d0a0f43ad0	725	stale-layout	verdicts, DRC reports and pre-route copies taken on that earlier layout; the current classification of every reading is v2/docs/CURRENT-EVIDENCE.md
v2/ecad/pcb-d-aprs-d9/routed/check_contracts_e.verdict.json	7d104d66a9f285ca97b0de245c49408b890d3ec1	723	stale-layout	verdicts, DRC reports and pre-route copies taken on that earlier layout; the current classification of every reading is v2/docs/CURRENT-EVIDENCE.md
v2/ecad/pcb-d-aprs-d9/routed/check_contracts_e5.verdict.json	c5d01da1d2d7b998c60bf5ce7de1c68474b03b44	776	stale-layout	verdicts, DRC reports and pre-route copies taken on that earlier layout; the current classification of every reading is v2/docs/CURRENT-EVIDENCE.md
v2/ecad/pcb-d-aprs-d9/routed/check_contracts_p.verdict.json	90129d17629846401598db3c3c3dc3c83e1c75cc	723	stale-layout	verdicts, DRC reports and pre-route copies taken on that earlier layout; the current classification of every reading is v2/docs/CURRENT-EVIDENCE.md
v2/ecad/pcb-d-aprs-d9/routed/check_pcb_d.verdict.json	950185b4c00754ae17ffa1dc786121dfd8c3be34	736	stale-layout	verdicts, DRC reports and pre-route copies taken on that earlier layout; the current classification of every reading is v2/docs/CURRENT-EVIDENCE.md
v2/ecad/pcb-d-aprs-d9/routed/check_zone_nets.verdict.json	7ec23f68300ea12a3bce1a122dde7dec8198e455	690	stale-layout	verdicts, DRC reports and pre-route copies taken on that earlier layout; the current classification of every reading is v2/docs/CURRENT-EVIDENCE.md
v2/ecad/pcb-d-aprs-d9/routed/class_floor.verdict.json	b88aed3540e19bb3db2cbf756a6cbf3c26695e62	826	stale-layout	verdicts, DRC reports and pre-route copies taken on that earlier layout; the current classification of every reading is v2/docs/CURRENT-EVIDENCE.md
v2/ecad/pcb-d-aprs-d9/routed/clock_check.verdict.json	c032c947303ec5ccd5e4bd410cedb892a4e3811d	890	stale-layout	verdicts, DRC reports and pre-route copies taken on that earlier layout; the current classification of every reading is v2/docs/CURRENT-EVIDENCE.md
v2/ecad/pcb-d-aprs-d9/routed/closer_audit.verdict.json	cb63a3fab71539f844173679cb2018e4c46ee614	1014	stale-layout	verdicts, DRC reports and pre-route copies taken on that earlier layout; the current classification of every reading is v2/docs/CURRENT-EVIDENCE.md
v2/ecad/pcb-d-aprs-d9/routed/dc_density.verdict.json	bad37ba3ce6ccc8efc8423e57feee857f17e91a9	1298	stale-layout	verdicts, DRC reports and pre-route copies taken on that earlier layout; the current classification of every reading is v2/docs/CURRENT-EVIDENCE.md
v2/ecad/pcb-d-aprs-d9/routed/dc_drop.verdict.json	8b18901f43956c6ecd29bc8fb7268bfb82744d25	878	stale-layout	verdicts, DRC reports and pre-route copies taken on that earlier layout; the current classification of every reading is v2/docs/CURRENT-EVIDENCE.md
v2/ecad/pcb-d-aprs-d9/routed/derate.verdict.json	1b52438ae65982c2ae8724e37e3450eeddf77960	933	stale-layout	verdicts, DRC reports and pre-route copies taken on that earlier layout; the current classification of every reading is v2/docs/CURRENT-EVIDENCE.md
v2/ecad/pcb-d-aprs-d9/routed/doc_provenance.verdict.json	61770d2b45e41616c8b4a2e3890140ba76a907ce	1698	stale-layout	verdicts, DRC reports and pre-route copies taken on that earlier layout; the current classification of every reading is v2/docs/CURRENT-EVIDENCE.md
v2/ecad/pcb-d-aprs-d9/routed/doc_provenance_a.verdict.json	0ca7d7a48b920d32bf8a307bebd0e91d226264e2	933	stale-layout	verdicts, DRC reports and pre-route copies taken on that earlier layout; the current classification of every reading is v2/docs/CURRENT-EVIDENCE.md
v2/ecad/pcb-d-aprs-d9/routed/doc_provenance_b.verdict.json	b892f2023e157a9d2366cd3fdf1bae0c08dfd6aa	935	stale-layout	verdicts, DRC reports and pre-route copies taken on that earlier layout; the current classification of every reading is v2/docs/CURRENT-EVIDENCE.md
v2/ecad/pcb-d-aprs-d9/routed/doc_provenance_c.verdict.json	c4e0d9702ae468753f6ae291a5d54c2a6eb62728	933	stale-layout	verdicts, DRC reports and pre-route copies taken on that earlier layout; the current classification of every reading is v2/docs/CURRENT-EVIDENCE.md
v2/ecad/pcb-d-aprs-d9/routed/doc_provenance_d.verdict.json	527eb6628359feb46f02f49586266b84bc78fefc	930	stale-layout	verdicts, DRC reports and pre-route copies taken on that earlier layout; the current classification of every reading is v2/docs/CURRENT-EVIDENCE.md
v2/ecad/pcb-d-aprs-d9/routed/doc_provenance_e.verdict.json	31a474d1f7041d2cc4bf2aac9c6bf5db06e0a9f0	931	stale-layout	verdicts, DRC reports and pre-route copies taken on that earlier layout; the current classification of every reading is v2/docs/CURRENT-EVIDENCE.md
v2/ecad/pcb-d-aprs-d9/routed/doc_provenance_e5.verdict.json	d3377e5082c524b9e621461a71a392cad8f2b35a	957	stale-layout	verdicts, DRC reports and pre-route copies taken on that earlier layout; the current classification of every reading is v2/docs/CURRENT-EVIDENCE.md
v2/ecad/pcb-d-aprs-d9/routed/doc_provenance_p.verdict.json	755e487ff850ba9632c218293da33d8d72b6ece8	928	stale-layout	verdicts, DRC reports and pre-route copies taken on that earlier layout; the current classification of every reading is v2/docs/CURRENT-EVIDENCE.md
v2/ecad/pcb-d-aprs-d9/routed/edge_length.table.json	71aa0ff248bba3f6aecf56b894eb5cfc0f47a90b	27970	stale-layout	verdicts, DRC reports and pre-route copies taken on that earlier layout; the current classification of every reading is v2/docs/CURRENT-EVIDENCE.md
v2/ecad/pcb-d-aprs-d9/routed/edge_length.verdict.json	cf54d2e8e3ccb05a815304aec52585f16a16fa3f	6794	stale-layout	verdicts, DRC reports and pre-route copies taken on that earlier layout; the current classification of every reading is v2/docs/CURRENT-EVIDENCE.md
v2/ecad/pcb-d-aprs-d9/routed/emc_sheet.verdict.json	a2002a89f261e3a1111f7408d4935323bc551d93	1043	stale-layout	verdicts, DRC reports and pre-route copies taken on that earlier layout; the current classification of every reading is v2/docs/CURRENT-EVIDENCE.md
v2/ecad/pcb-d-aprs-d9/routed/energy_chain.verdict.json	8d5e7d0aa46209320a9fcd605d6d215ddce02c96	1174	stale-layout	verdicts, DRC reports and pre-route copies taken on that earlier layout; the current classification of every reading is v2/docs/CURRENT-EVIDENCE.md
v2/ecad/pcb-d-aprs-d9/routed/energy_chain_a.verdict.json	549653061d617ed270f3b6b81381202708876438	874	stale-layout	verdicts, DRC reports and pre-route copies taken on that earlier layout; the current classification of every reading is v2/docs/CURRENT-EVIDENCE.md
v2/ecad/pcb-d-aprs-d9/routed/energy_chain_b.verdict.json	f2404dfadb0c59c9a495d57eb5d62fdeaafa987c	950	stale-layout	verdicts, DRC reports and pre-route copies taken on that earlier layout; the current classification of every reading is v2/docs/CURRENT-EVIDENCE.md
v2/ecad/pcb-d-aprs-d9/routed/energy_chain_e.verdict.json	5fd0a63b720c81ed778542bfb688f346e8d65f08	846	stale-layout	verdicts, DRC reports and pre-route copies taken on that earlier layout; the current classification of every reading is v2/docs/CURRENT-EVIDENCE.md
v2/ecad/pcb-d-aprs-d9/routed/energy_chain_e5.verdict.json	dd959c68e5c741fc3d369a8d1ce3085ac7303cb6	825	stale-layout	verdicts, DRC reports and pre-route copies taken on that earlier layout; the current classification of every reading is v2/docs/CURRENT-EVIDENCE.md
v2/ecad/pcb-d-aprs-d9/routed/energy_chain_p.verdict.json	ea52fd587e7033ee61169ae1db93dda1b872f09a	844	stale-layout	verdicts, DRC reports and pre-route copies taken on that earlier layout; the current classification of every reading is v2/docs/CURRENT-EVIDENCE.md
v2/ecad/pcb-d-aprs-d9/routed/erc_gate.verdict.json	dfdade749d24b28e03295f7bb9011f6b1c509bd4	690	stale-layout	verdicts, DRC reports and pre-route copies taken on that earlier layout; the current classification of every reading is v2/docs/CURRENT-EVIDENCE.md
v2/ecad/pcb-d-aprs-d9/routed/fab_limits.verdict.json	1dc8bc5f57b1d41db3c474a775a97cd5610f875d	916	stale-layout	verdicts, DRC reports and pre-route copies taken on that earlier layout; the current classification of every reading is v2/docs/CURRENT-EVIDENCE.md
v2/ecad/pcb-d-aprs-d9/routed/final_gate_d.verdict.json	da411afc35c3388a99df09c57c7779b882af7eaa	842	stale-layout	verdicts, DRC reports and pre-route copies taken on that earlier layout; the current classification of every reading is v2/docs/CURRENT-EVIDENCE.md
v2/ecad/pcb-d-aprs-d9/routed/ground_system.verdict.json	b3aebbba1a97bf8f2623471d710e98bd1fd1d546	860	stale-layout	verdicts, DRC reports and pre-route copies taken on that earlier layout; the current classification of every reading is v2/docs/CURRENT-EVIDENCE.md
v2/ecad/pcb-d-aprs-d9/routed/hardset-placed.verdict.json	1b18c59243d7a9888d3f8be698e38d9bd3590c02	1396	stale-layout	verdicts, DRC reports and pre-route copies taken on that earlier layout; the current classification of every reading is v2/docs/CURRENT-EVIDENCE.md
v2/ecad/pcb-d-aprs-d9/routed/hardset-routed-board-gate.verdict.json	08ca89e7f21e9472e0152d0b0b63f52adb117001	1143	stale-layout	verdicts, DRC reports and pre-route copies taken on that earlier layout; the current classification of every reading is v2/docs/CURRENT-EVIDENCE.md
v2/ecad/pcb-d-aprs-d9/routed/impedance_check.verdict.json	05c5662a4a7eb63ac2610663eb9997849c7c79da	939	stale-layout	verdicts, DRC reports and pre-route copies taken on that earlier layout; the current classification of every reading is v2/docs/CURRENT-EVIDENCE.md
v2/ecad/pcb-d-aprs-d9/routed/inhibit_chain_a.verdict.json	5fbcc4ddaa53e27a1eb1904174a8fe091bebd5c2	837	stale-layout	verdicts, DRC reports and pre-route copies taken on that earlier layout; the current classification of every reading is v2/docs/CURRENT-EVIDENCE.md
v2/ecad/pcb-d-aprs-d9/routed/inhibit_chain_b.verdict.json	6de60b91dd80bdca035a0de2b4000d6bdf848f67	837	stale-layout	verdicts, DRC reports and pre-route copies taken on that earlier layout; the current classification of every reading is v2/docs/CURRENT-EVIDENCE.md
v2/ecad/pcb-d-aprs-d9/routed/inhibit_chain_c.verdict.json	4b0d85e98cd45971294c8a8ab784c69dd315f17d	837	stale-layout	verdicts, DRC reports and pre-route copies taken on that earlier layout; the current classification of every reading is v2/docs/CURRENT-EVIDENCE.md
v2/ecad/pcb-d-aprs-d9/routed/inhibit_chain_d.verdict.json	10320f502d181cf2212340e96d93f511be6b6798	837	stale-layout	verdicts, DRC reports and pre-route copies taken on that earlier layout; the current classification of every reading is v2/docs/CURRENT-EVIDENCE.md
v2/ecad/pcb-d-aprs-d9/routed/intent_checks.verdict.json	98cf8a92f8695dc8059f0aa3666901363eb75c47	979	stale-layout	verdicts, DRC reports and pre-route copies taken on that earlier layout; the current classification of every reading is v2/docs/CURRENT-EVIDENCE.md
v2/ecad/pcb-d-aprs-d9/routed/intent_decoupling.verdict.json	1247f870f37469ff79a86412bb50c6851826a6e6	748	stale-layout	verdicts, DRC reports and pre-route copies taken on that earlier layout; the current classification of every reading is v2/docs/CURRENT-EVIDENCE.md
v2/ecad/pcb-d-aprs-d9/routed/intent_rails.verdict.json	edc92cc9cc0bc337b9650ff19484addd784c1f65	10859	stale-layout	verdicts, DRC reports and pre-route copies taken on that earlier layout; the current classification of every reading is v2/docs/CURRENT-EVIDENCE.md
v2/ecad/pcb-d-aprs-d9/routed/intent_return_path.verdict.json	449041ac7e5dff225296b896905d6c18927e8632	800	stale-layout	verdicts, DRC reports and pre-route copies taken on that earlier layout; the current classification of every reading is v2/docs/CURRENT-EVIDENCE.md
v2/ecad/pcb-d-aprs-d9/routed/intent_return_via.verdict.json	6cc9041da515de586960b44ca7427ae1555e07d7	881	stale-layout	verdicts, DRC reports and pre-route copies taken on that earlier layout; the current classification of every reading is v2/docs/CURRENT-EVIDENCE.md
v2/ecad/pcb-d-aprs-d9/routed/interfaces.verdict.json	b7f77775bb674c5c0f0d1060e08d37695d61820c	962	stale-layout	verdicts, DRC reports and pre-route copies taken on that earlier layout; the current classification of every reading is v2/docs/CURRENT-EVIDENCE.md
v2/ecad/pcb-d-aprs-d9/routed/interfaces_a.verdict.json	ecfd09a641d659377c9699bd4c05a2b7e4d35419	878	stale-layout	verdicts, DRC reports and pre-route copies taken on that earlier layout; the current classification of every reading is v2/docs/CURRENT-EVIDENCE.md
v2/ecad/pcb-d-aprs-d9/routed/interfaces_b.verdict.json	d62940d67e3f9662bd6cefe42724736ded0e5db8	878	stale-layout	verdicts, DRC reports and pre-route copies taken on that earlier layout; the current classification of every reading is v2/docs/CURRENT-EVIDENCE.md
v2/ecad/pcb-d-aprs-d9/routed/interfaces_c.verdict.json	10e2de2c860a42cdf8b16c6872ab47bff3d2e507	878	stale-layout	verdicts, DRC reports and pre-route copies taken on that earlier layout; the current classification of every reading is v2/docs/CURRENT-EVIDENCE.md
v2/ecad/pcb-d-aprs-d9/routed/interfaces_d.verdict.json	7ef64931f8e37a1b24fe51b5d975eb8657456309	878	stale-layout	verdicts, DRC reports and pre-route copies taken on that earlier layout; the current classification of every reading is v2/docs/CURRENT-EVIDENCE.md
v2/ecad/pcb-d-aprs-d9/routed/interfaces_e.verdict.json	2cfd4c26490625be5572cd60cd709f4f03e1d864	878	stale-layout	verdicts, DRC reports and pre-route copies taken on that earlier layout; the current classification of every reading is v2/docs/CURRENT-EVIDENCE.md
v2/ecad/pcb-d-aprs-d9/routed/interfaces_e5.verdict.json	096b38696c5aadd223e9007c6894d38fd07c4129	1198	stale-layout	verdicts, DRC reports and pre-route copies taken on that earlier layout; the current classification of every reading is v2/docs/CURRENT-EVIDENCE.md
v2/ecad/pcb-d-aprs-d9/routed/interfaces_p.verdict.json	caef5abaa3b3dff9b151ea4a3a4fa972744c17da	878	stale-layout	verdicts, DRC reports and pre-route copies taken on that earlier layout; the current classification of every reading is v2/docs/CURRENT-EVIDENCE.md
v2/ecad/pcb-d-aprs-d9/routed/jlc_certify_d.verdict.json	1da762421eb21f24da381fa47a247c9ae249d9f1	762	stale-layout	verdicts, DRC reports and pre-route copies taken on that earlier layout; the current classification of every reading is v2/docs/CURRENT-EVIDENCE.md
v2/ecad/pcb-d-aprs-d9/routed/ledger_verify.verdict.json	d1150aa1a35bf83c9ede4d8ae3cf178774233777	799	stale-layout	verdicts, DRC reports and pre-route copies taken on that earlier layout; the current classification of every reading is v2/docs/CURRENT-EVIDENCE.md
v2/ecad/pcb-d-aprs-d9/routed/netlist_board.verdict.json	4efe12c9a2ad1120465bebccf97506bf1c8d9e89	924	stale-layout	verdicts, DRC reports and pre-route copies taken on that earlier layout; the current classification of every reading is v2/docs/CURRENT-EVIDENCE.md
v2/ecad/pcb-d-aprs-d9/routed/pcb-d-aprs-drc.json	e8fc210278376de612a8d0a7d28803728df68cdf	70837	stale-layout	verdicts, DRC reports and pre-route copies taken on that earlier layout; the current classification of every reading is v2/docs/CURRENT-EVIDENCE.md
v2/ecad/pcb-d-aprs-d9/routed/pcb-d-aprs-preroute.kicad_pcb	e61308d9896e9ab68eae6162c59d5c3833551b08	2225848	stale-layout	verdicts, DRC reports and pre-route copies taken on that earlier layout; the current classification of every reading is v2/docs/CURRENT-EVIDENCE.md
v2/ecad/pcb-d-aprs-d9/routed/pcb-d-aprs-ref-change.json	ac111a676a778b844506c3e79b288549f5670926	24042	stale-layout	verdicts, DRC reports and pre-route copies taken on that earlier layout; the current classification of every reading is v2/docs/CURRENT-EVIDENCE.md
v2/ecad/pcb-d-aprs-d9/routed/pcb-d-aprs-via-currents.json	7b0318ee19447de5a0101156a469a1379e47717c	5557	stale-layout	verdicts, DRC reports and pre-route copies taken on that earlier layout; the current classification of every reading is v2/docs/CURRENT-EVIDENCE.md
v2/ecad/pcb-d-aprs-d9/routed/pin_map_lands_d.verdict.json	482fac8d881f3cbd3faa3bfcd82a131ff3459b43	800	stale-layout	verdicts, DRC reports and pre-route copies taken on that earlier layout; the current classification of every reading is v2/docs/CURRENT-EVIDENCE.md
v2/ecad/pcb-d-aprs-d9/routed/place_audit.verdict.json	1e1b9150469bf873f175aa7c715b9911d2f2f96c	1127	stale-layout	verdicts, DRC reports and pre-route copies taken on that earlier layout; the current classification of every reading is v2/docs/CURRENT-EVIDENCE.md
v2/ecad/pcb-d-aprs-d9/routed/port_protect.verdict.json	f10dcadec09ae9bef41eee398c2aa64c4ffb9b1c	814	stale-layout	verdicts, DRC reports and pre-route copies taken on that earlier layout; the current classification of every reading is v2/docs/CURRENT-EVIDENCE.md
v2/ecad/pcb-d-aprs-d9/routed/port_protect_d.verdict.json	0c459facf53c2340e216ffa405a3f73587be232b	893	stale-layout	verdicts, DRC reports and pre-route copies taken on that earlier layout; the current classification of every reading is v2/docs/CURRENT-EVIDENCE.md
v2/ecad/pcb-d-aprs-d9/routed/power_sequence.verdict.json	4bffb8220478df84ffbf174844cefad46d0f59a1	1037	stale-layout	verdicts, DRC reports and pre-route copies taken on that earlier layout; the current classification of every reading is v2/docs/CURRENT-EVIDENCE.md
v2/ecad/pcb-d-aprs-d9/routed/pruned_gate.verdict.json	9874b87051ca45bd954d7768bbf59fbc31366040	1083	stale-layout	verdicts, DRC reports and pre-route copies taken on that earlier layout; the current classification of every reading is v2/docs/CURRENT-EVIDENCE.md
v2/ecad/pcb-d-aprs-d9/routed/reliability.verdict.json	aaf72db01fb0da0e81da957a2e4cd1fb52967926	912	stale-layout	verdicts, DRC reports and pre-route copies taken on that earlier layout; the current classification of every reading is v2/docs/CURRENT-EVIDENCE.md
v2/ecad/pcb-d-aprs-d9/routed/return_stitch.verdict.json	29d85d85045fb3c11d34236344b3cad50b809b63	813	stale-layout	verdicts, DRC reports and pre-route copies taken on that earlier layout; the current classification of every reading is v2/docs/CURRENT-EVIDENCE.md
v2/ecad/pcb-d-aprs-d9/routed/return_via.verdict.json	10dc5b903ed87984d30e171638673fc384ea24fd	1420	stale-layout	verdicts, DRC reports and pre-route copies taken on that earlier layout; the current classification of every reading is v2/docs/CURRENT-EVIDENCE.md
v2/ecad/pcb-d-aprs-d9/routed/rf_line.verdict.json	4ce1f1f5f7b7110f5335e128c72cd15574bbd786	993	stale-layout	verdicts, DRC reports and pre-route copies taken on that earlier layout; the current classification of every reading is v2/docs/CURRENT-EVIDENCE.md
v2/ecad/pcb-d-aprs-d9/routed/safe_lines.verdict.json	bf4923a0530c82e5d345267c63a664195f0f8f7c	1113	stale-layout	verdicts, DRC reports and pre-route copies taken on that earlier layout; the current classification of every reading is v2/docs/CURRENT-EVIDENCE.md
v2/ecad/pcb-d-aprs-d9/routed/safe_lines_d.verdict.json	ef2af709858a093570d6686fdc4b9c3911e63d1f	1115	stale-layout	verdicts, DRC reports and pre-route copies taken on that earlier layout; the current classification of every reading is v2/docs/CURRENT-EVIDENCE.md
v2/ecad/pcb-d-aprs-d9/routed/sensitive_nodes.verdict.json	4556308202a21b7aceda662706211fd0ff03071e	992	stale-layout	verdicts, DRC reports and pre-route copies taken on that earlier layout; the current classification of every reading is v2/docs/CURRENT-EVIDENCE.md
v2/ecad/pcb-d-aprs-d9/routed/spacing.verdict.json	e5c1491e0debf3f55cf3c2b6d1937d74bdcba831	689	stale-layout	verdicts, DRC reports and pre-route copies taken on that earlier layout; the current classification of every reading is v2/docs/CURRENT-EVIDENCE.md
v2/ecad/pcb-d-aprs-d9/routed/stackup_gate.verdict.json	ea274e22e489007c775d898d5a6d6cdab3900259	970	stale-layout	verdicts, DRC reports and pre-route copies taken on that earlier layout; the current classification of every reading is v2/docs/CURRENT-EVIDENCE.md
v2/ecad/pcb-d-aprs-d9/routed/sweep.json	743bef40d20b61401a6d1cfa1a7dfdac00aa415d	385	stale-layout	verdicts, DRC reports and pre-route copies taken on that earlier layout; the current classification of every reading is v2/docs/CURRENT-EVIDENCE.md
v2/ecad/pcb-d-aprs-d9/routed/switch_list.verdict.json	47cefe6f382c600adbf97a1299d3d30b0f4ee692	1153	stale-layout	verdicts, DRC reports and pre-route copies taken on that earlier layout; the current classification of every reading is v2/docs/CURRENT-EVIDENCE.md
v2/ecad/pcb-d-aprs-d9/routed/thermal.verdict.json	8984b97d33a2b206aa9bb753ba6e079d02dd4bb0	1000	stale-layout	verdicts, DRC reports and pre-route copies taken on that earlier layout; the current classification of every reading is v2/docs/CURRENT-EVIDENCE.md
v2/ecad/pcb-d-aprs-d9/routed/verify_deliverable_d.verdict.json	ac5229a043ba84e385156930b1abbf460191efdb	853	stale-layout	verdicts, DRC reports and pre-route copies taken on that earlier layout; the current classification of every reading is v2/docs/CURRENT-EVIDENCE.md
v2/ecad/pcb-d-aprs-d9/routed/via_annular.verdict.json	9895bba7316d038d7f1489d3c5d214228cb420a4	935	stale-layout	verdicts, DRC reports and pre-route copies taken on that earlier layout; the current classification of every reading is v2/docs/CURRENT-EVIDENCE.md
v2/ecad/pcb-d-aprs-d9/routed/via_audit.verdict.json	ff77ee0b8c4b037e3c8086a57e7c1f8436d8ebc8	915	stale-layout	verdicts, DRC reports and pre-route copies taken on that earlier layout; the current classification of every reading is v2/docs/CURRENT-EVIDENCE.md
v2/ecad/pcb-d-aprs-d9/routed/via_current.verdict.json	596a75bfbf2e21fd6730c406e976f9a9fde3ea83	1453	stale-layout	verdicts, DRC reports and pre-route copies taken on that earlier layout; the current classification of every reading is v2/docs/CURRENT-EVIDENCE.md
v2/ecad/pcb-d-aprs/pcb-d-aprs.kicad_pcb	2ffb36cc220972b8518b817dbe29ae86d8d3bb87	2345369	superseded-phase	an earlier phase's project directory; the declared phase directory (routeflow profile) is the one bundled
v2/ecad/pcb-d-aprs/pcb-d-aprs.kicad_pro	0c4bac082ed9497fdddcea2d6949e894f67e821f	12369	superseded-phase	an earlier phase's project directory; the declared phase directory (routeflow profile) is the one bundled
v2/ecad/pcb-d-aprs/pcb-d-aprs.kicad_sch	8306e2e0818264b24d9b977a5e74b274f5e30b93	628853	superseded-phase	an earlier phase's project directory; the declared phase directory (routeflow profile) is the one bundled
v2/ecad/pcb-e1-dock-e7/pcb-e1-dock.kicad_pcb	497fbc1bd0b7aeb730e5e4647643b52788dc708a	3668287	stale-layout	the phase's placed and routed layout, cut from an earlier netlist: v2/docs/CURRENT-EVIDENCE.md, table 'The candidate each board is judged against', reads SCH-002 (netlist against board) FAIL or INCONCLUSIVE, so the layout does not carry the committed netlist. Layout is layer 10 and restarts from the reviewed schematic; the placement generators gen_pcb_*.py are in the tools
v2/ecad/pcb-e1-dock-e7/routed/assembly_set.verdict.json	d50118cdc070e0957ee10aaa2c143702ee3f9197	1871	stale-layout	verdicts, DRC reports and pre-route copies taken on that earlier layout; the current classification of every reading is v2/docs/CURRENT-EVIDENCE.md
v2/ecad/pcb-e1-dock-e7/routed/check_contracts.verdict.json	c79aa18164e501ebc52f483bfb3c2631385fbc1c	722	stale-layout	verdicts, DRC reports and pre-route copies taken on that earlier layout; the current classification of every reading is v2/docs/CURRENT-EVIDENCE.md
v2/ecad/pcb-e1-dock-e7/routed/check_contracts_a.verdict.json	ba9b3cb47ef36e7463cc8c6c170ef4ee3092ddfa	725	stale-layout	verdicts, DRC reports and pre-route copies taken on that earlier layout; the current classification of every reading is v2/docs/CURRENT-EVIDENCE.md
v2/ecad/pcb-e1-dock-e7/routed/check_contracts_b.verdict.json	42fff27725fff573a514c08384ad3d6e6484961f	725	stale-layout	verdicts, DRC reports and pre-route copies taken on that earlier layout; the current classification of every reading is v2/docs/CURRENT-EVIDENCE.md
v2/ecad/pcb-e1-dock-e7/routed/check_contracts_c.verdict.json	764567e48faec50b2e4e682f179f6af19194e764	723	stale-layout	verdicts, DRC reports and pre-route copies taken on that earlier layout; the current classification of every reading is v2/docs/CURRENT-EVIDENCE.md
v2/ecad/pcb-e1-dock-e7/routed/check_contracts_d.verdict.json	71166c651f48301a5023ac902b9a6fda7fbdec7f	725	stale-layout	verdicts, DRC reports and pre-route copies taken on that earlier layout; the current classification of every reading is v2/docs/CURRENT-EVIDENCE.md
v2/ecad/pcb-e1-dock-e7/routed/check_contracts_e.verdict.json	d6d5b40a55362cdff9facafb70276d38b605a876	723	stale-layout	verdicts, DRC reports and pre-route copies taken on that earlier layout; the current classification of every reading is v2/docs/CURRENT-EVIDENCE.md
v2/ecad/pcb-e1-dock-e7/routed/check_contracts_e5.verdict.json	ffd206d62a8b2082c8f1f09a773c0f2e14bd5fbe	776	stale-layout	verdicts, DRC reports and pre-route copies taken on that earlier layout; the current classification of every reading is v2/docs/CURRENT-EVIDENCE.md
v2/ecad/pcb-e1-dock-e7/routed/check_contracts_p.verdict.json	0af4a68c5327cd27e59572ed2191eb0a7d3f95af	723	stale-layout	verdicts, DRC reports and pre-route copies taken on that earlier layout; the current classification of every reading is v2/docs/CURRENT-EVIDENCE.md
v2/ecad/pcb-e1-dock-e7/routed/check_pcb_e.verdict.json	47e1db6dc57914dfd3e2adc5e90ae1fafa7baa27	737	stale-layout	verdicts, DRC reports and pre-route copies taken on that earlier layout; the current classification of every reading is v2/docs/CURRENT-EVIDENCE.md
v2/ecad/pcb-e1-dock-e7/routed/check_zone_nets.verdict.json	2971fabc26fb47b8dadde033668f73e6978ffe84	693	stale-layout	verdicts, DRC reports and pre-route copies taken on that earlier layout; the current classification of every reading is v2/docs/CURRENT-EVIDENCE.md
v2/ecad/pcb-e1-dock-e7/routed/class_floor.verdict.json	26587f0b187e8da799e6a614a252b26528eb69d0	828	stale-layout	verdicts, DRC reports and pre-route copies taken on that earlier layout; the current classification of every reading is v2/docs/CURRENT-EVIDENCE.md
v2/ecad/pcb-e1-dock-e7/routed/clock_check.verdict.json	a3057e8fcffe7b7108584388c7da787a04808952	891	stale-layout	verdicts, DRC reports and pre-route copies taken on that earlier layout; the current classification of every reading is v2/docs/CURRENT-EVIDENCE.md
v2/ecad/pcb-e1-dock-e7/routed/closer_audit.verdict.json	45b20ee67fac11dba040e8fa62cfe8cc410938e9	1014	stale-layout	verdicts, DRC reports and pre-route copies taken on that earlier layout; the current classification of every reading is v2/docs/CURRENT-EVIDENCE.md
v2/ecad/pcb-e1-dock-e7/routed/dc_density.verdict.json	84a930940d36a529f8cf458186b645e97d2dc857	2314	stale-layout	verdicts, DRC reports and pre-route copies taken on that earlier layout; the current classification of every reading is v2/docs/CURRENT-EVIDENCE.md
v2/ecad/pcb-e1-dock-e7/routed/dc_drop.verdict.json	f57fa2cb6ba406c3ccd5fb59af42e355e997b4a4	881	stale-layout	verdicts, DRC reports and pre-route copies taken on that earlier layout; the current classification of every reading is v2/docs/CURRENT-EVIDENCE.md
v2/ecad/pcb-e1-dock-e7/routed/derate.verdict.json	0b443a85cd2da97c0dac7f2821016a36ee6c3bb2	934	stale-layout	verdicts, DRC reports and pre-route copies taken on that earlier layout; the current classification of every reading is v2/docs/CURRENT-EVIDENCE.md
v2/ecad/pcb-e1-dock-e7/routed/doc_provenance.verdict.json	69ff30ced71f88ac1bc9c3d5147e51df966a1cc9	1698	stale-layout	verdicts, DRC reports and pre-route copies taken on that earlier layout; the current classification of every reading is v2/docs/CURRENT-EVIDENCE.md
v2/ecad/pcb-e1-dock-e7/routed/doc_provenance_a.verdict.json	cfd6395eb6d6c90a39e792234322297981c67620	933	stale-layout	verdicts, DRC reports and pre-route copies taken on that earlier layout; the current classification of every reading is v2/docs/CURRENT-EVIDENCE.md
v2/ecad/pcb-e1-dock-e7/routed/doc_provenance_b.verdict.json	97bdf482e2704db793018d3e6cad4152c42d2f08	935	stale-layout	verdicts, DRC reports and pre-route copies taken on that earlier layout; the current classification of every reading is v2/docs/CURRENT-EVIDENCE.md
v2/ecad/pcb-e1-dock-e7/routed/doc_provenance_c.verdict.json	496011f9c62c5ed0feb75892078f2a57871b5eb3	933	stale-layout	verdicts, DRC reports and pre-route copies taken on that earlier layout; the current classification of every reading is v2/docs/CURRENT-EVIDENCE.md
v2/ecad/pcb-e1-dock-e7/routed/doc_provenance_d.verdict.json	7396e63943c894a3c2fd129d9df35a4478e7696c	930	stale-layout	verdicts, DRC reports and pre-route copies taken on that earlier layout; the current classification of every reading is v2/docs/CURRENT-EVIDENCE.md
v2/ecad/pcb-e1-dock-e7/routed/doc_provenance_e.verdict.json	7f0ecaf05e4bec10ef27fea0fe69377250ece5aa	931	stale-layout	verdicts, DRC reports and pre-route copies taken on that earlier layout; the current classification of every reading is v2/docs/CURRENT-EVIDENCE.md
v2/ecad/pcb-e1-dock-e7/routed/doc_provenance_e5.verdict.json	758e7211cfc4dc58ce36730587444733dfd17330	957	stale-layout	verdicts, DRC reports and pre-route copies taken on that earlier layout; the current classification of every reading is v2/docs/CURRENT-EVIDENCE.md
v2/ecad/pcb-e1-dock-e7/routed/doc_provenance_p.verdict.json	ec32e88ae2925f8aae4a12b1430787893f5e0a07	928	stale-layout	verdicts, DRC reports and pre-route copies taken on that earlier layout; the current classification of every reading is v2/docs/CURRENT-EVIDENCE.md
v2/ecad/pcb-e1-dock-e7/routed/edge_length.table.json	9c6943c292dab5bd1a4998f77427c2330330886c	25222	stale-layout	verdicts, DRC reports and pre-route copies taken on that earlier layout; the current classification of every reading is v2/docs/CURRENT-EVIDENCE.md
v2/ecad/pcb-e1-dock-e7/routed/edge_length.verdict.json	1d6af0dfcb140edb581f9214e7ee3575c747e660	7695	stale-layout	verdicts, DRC reports and pre-route copies taken on that earlier layout; the current classification of every reading is v2/docs/CURRENT-EVIDENCE.md
v2/ecad/pcb-e1-dock-e7/routed/emc_sheet.verdict.json	5e3e40e4237202f5e61f5f73db08fca90645fd57	1043	stale-layout	verdicts, DRC reports and pre-route copies taken on that earlier layout; the current classification of every reading is v2/docs/CURRENT-EVIDENCE.md
v2/ecad/pcb-e1-dock-e7/routed/energy_chain.verdict.json	5dee96d516d35a58cbb198f6d78116b27ff80eea	1174	stale-layout	verdicts, DRC reports and pre-route copies taken on that earlier layout; the current classification of every reading is v2/docs/CURRENT-EVIDENCE.md
v2/ecad/pcb-e1-dock-e7/routed/energy_chain_a.verdict.json	9abcca6c7dd6e41c922a784873e89a446f593fcd	874	stale-layout	verdicts, DRC reports and pre-route copies taken on that earlier layout; the current classification of every reading is v2/docs/CURRENT-EVIDENCE.md
v2/ecad/pcb-e1-dock-e7/routed/energy_chain_b.verdict.json	4325963a2cefdd5ae788228df3b717ee14156fdd	950	stale-layout	verdicts, DRC reports and pre-route copies taken on that earlier layout; the current classification of every reading is v2/docs/CURRENT-EVIDENCE.md
v2/ecad/pcb-e1-dock-e7/routed/energy_chain_e.verdict.json	68bd1e9fa453ce88d9ec3f44e1b115b1c8c356e3	846	stale-layout	verdicts, DRC reports and pre-route copies taken on that earlier layout; the current classification of every reading is v2/docs/CURRENT-EVIDENCE.md
v2/ecad/pcb-e1-dock-e7/routed/energy_chain_e5.verdict.json	437b3404f562ff2fac903764191519b80be7acc8	825	stale-layout	verdicts, DRC reports and pre-route copies taken on that earlier layout; the current classification of every reading is v2/docs/CURRENT-EVIDENCE.md
v2/ecad/pcb-e1-dock-e7/routed/energy_chain_p.verdict.json	45bbf6707e089b96dfc85944687062e0e0796358	844	stale-layout	verdicts, DRC reports and pre-route copies taken on that earlier layout; the current classification of every reading is v2/docs/CURRENT-EVIDENCE.md
v2/ecad/pcb-e1-dock-e7/routed/erc_gate.verdict.json	2e97c981e764efbcfd174d792ee46cd68990d75b	690	stale-layout	verdicts, DRC reports and pre-route copies taken on that earlier layout; the current classification of every reading is v2/docs/CURRENT-EVIDENCE.md
v2/ecad/pcb-e1-dock-e7/routed/fab_limits.verdict.json	ab271b09318cd0dc1d07cb0c5ac8fd2462cf462e	917	stale-layout	verdicts, DRC reports and pre-route copies taken on that earlier layout; the current classification of every reading is v2/docs/CURRENT-EVIDENCE.md
v2/ecad/pcb-e1-dock-e7/routed/final_gate_e.verdict.json	d65abd4ccd7ebf7b2594893f856486c6685e9a7c	841	stale-layout	verdicts, DRC reports and pre-route copies taken on that earlier layout; the current classification of every reading is v2/docs/CURRENT-EVIDENCE.md
v2/ecad/pcb-e1-dock-e7/routed/ground_system.verdict.json	2f05bf700bfa9e6b3584336e4474a4d3357c130f	861	stale-layout	verdicts, DRC reports and pre-route copies taken on that earlier layout; the current classification of every reading is v2/docs/CURRENT-EVIDENCE.md
v2/ecad/pcb-e1-dock-e7/routed/hardset-after-stub-router.verdict.json	74cce92dfb8cdac6a578e060c319f24730c7b146	657	stale-layout	verdicts, DRC reports and pre-route copies taken on that earlier layout; the current classification of every reading is v2/docs/CURRENT-EVIDENCE.md
v2/ecad/pcb-e1-dock-e7/routed/hardset-continuation-chunk-after.verdict.json	a31226e53e54f3c143c3343d0335b15ee9f7dfb6	740	stale-layout	verdicts, DRC reports and pre-route copies taken on that earlier layout; the current classification of every reading is v2/docs/CURRENT-EVIDENCE.md
v2/ecad/pcb-e1-dock-e7/routed/hardset-continuation-chunk-before.verdict.json	439bc0af4a26e2a61c0065bff78c614a89714590	743	stale-layout	verdicts, DRC reports and pre-route copies taken on that earlier layout; the current classification of every reading is v2/docs/CURRENT-EVIDENCE.md
v2/ecad/pcb-e1-dock-e7/routed/hardset-deliverable-drc.verdict.json	e4f3e9ea07257106028425bbf33df5b6121a5044	653	stale-layout	verdicts, DRC reports and pre-route copies taken on that earlier layout; the current classification of every reading is v2/docs/CURRENT-EVIDENCE.md
v2/ecad/pcb-e1-dock-e7/routed/hardset-drc.verdict.json	85f3b48abd26c094cdcc9d24ea7d10fcc58c7a7e	629	stale-layout	verdicts, DRC reports and pre-route copies taken on that earlier layout; the current classification of every reading is v2/docs/CURRENT-EVIDENCE.md
v2/ecad/pcb-e1-dock-e7/routed/hardset-placed.verdict.json	ff4e6b7f43960b35e380a352f06ac8ddeae6e3bd	1398	stale-layout	verdicts, DRC reports and pre-route copies taken on that earlier layout; the current classification of every reading is v2/docs/CURRENT-EVIDENCE.md
v2/ecad/pcb-e1-dock-e7/routed/hardset-pre-route-drc.verdict.json	129a33ebcabde96be7e3da46b880b381eff0a905	638	stale-layout	verdicts, DRC reports and pre-route copies taken on that earlier layout; the current classification of every reading is v2/docs/CURRENT-EVIDENCE.md
v2/ecad/pcb-e1-dock-e7/routed/hardset-routed-board-gate.verdict.json	01f4bd872801aa5efc85982b9ad8f588e6685861	1145	stale-layout	verdicts, DRC reports and pre-route copies taken on that earlier layout; the current classification of every reading is v2/docs/CURRENT-EVIDENCE.md
v2/ecad/pcb-e1-dock-e7/routed/hardset-the-count-the-stub-stage-left.verdict.json	6c49c632237ee7e7d70ec96cca93a1a4a7aca6a2	681	stale-layout	verdicts, DRC reports and pre-route copies taken on that earlier layout; the current classification of every reading is v2/docs/CURRENT-EVIDENCE.md
v2/ecad/pcb-e1-dock-e7/routed/hardset-the-count-the-stub-stage-was-handed.verdict.json	a20d8ac2731deab60d4d52fc0bb5f3e91c8b1d5c	705	stale-layout	verdicts, DRC reports and pre-route copies taken on that earlier layout; the current classification of every reading is v2/docs/CURRENT-EVIDENCE.md
v2/ecad/pcb-e1-dock-e7/routed/hardset.verdict.json	5153f6428c924761c2481302e67d1ad6488d76b6	623	stale-layout	verdicts, DRC reports and pre-route copies taken on that earlier layout; the current classification of every reading is v2/docs/CURRENT-EVIDENCE.md
v2/ecad/pcb-e1-dock-e7/routed/impedance_check.verdict.json	f25f710ea3220a302290bada1e3dd5ff6e058bfd	940	stale-layout	verdicts, DRC reports and pre-route copies taken on that earlier layout; the current classification of every reading is v2/docs/CURRENT-EVIDENCE.md
v2/ecad/pcb-e1-dock-e7/routed/inhibit_chain_a.verdict.json	d6d43f3100fbcfdd2b8c765a1fd27adea6dd33cf	837	stale-layout	verdicts, DRC reports and pre-route copies taken on that earlier layout; the current classification of every reading is v2/docs/CURRENT-EVIDENCE.md
v2/ecad/pcb-e1-dock-e7/routed/inhibit_chain_b.verdict.json	89050f8c8de2961fbd09dc0c9f861005f9bb93c0	837	stale-layout	verdicts, DRC reports and pre-route copies taken on that earlier layout; the current classification of every reading is v2/docs/CURRENT-EVIDENCE.md
v2/ecad/pcb-e1-dock-e7/routed/inhibit_chain_c.verdict.json	dae08bf76d56ae0083ec3bae6a902c135af78335	837	stale-layout	verdicts, DRC reports and pre-route copies taken on that earlier layout; the current classification of every reading is v2/docs/CURRENT-EVIDENCE.md
v2/ecad/pcb-e1-dock-e7/routed/inhibit_chain_d.verdict.json	4be4561b54806fa6be60f22b9626f56a8d0b4ab6	837	stale-layout	verdicts, DRC reports and pre-route copies taken on that earlier layout; the current classification of every reading is v2/docs/CURRENT-EVIDENCE.md
v2/ecad/pcb-e1-dock-e7/routed/intent_checks.verdict.json	8ad495c0629eaf88929f31ad4b7a9e1c92e14905	1136	stale-layout	verdicts, DRC reports and pre-route copies taken on that earlier layout; the current classification of every reading is v2/docs/CURRENT-EVIDENCE.md
v2/ecad/pcb-e1-dock-e7/routed/intent_decoupling.verdict.json	5b9d309100fd82de41ecba1e315b4a4d32b12186	749	stale-layout	verdicts, DRC reports and pre-route copies taken on that earlier layout; the current classification of every reading is v2/docs/CURRENT-EVIDENCE.md
v2/ecad/pcb-e1-dock-e7/routed/intent_rails.verdict.json	24e2e8a88be7001748748c45a2243f773ee876e1	9101	stale-layout	verdicts, DRC reports and pre-route copies taken on that earlier layout; the current classification of every reading is v2/docs/CURRENT-EVIDENCE.md
v2/ecad/pcb-e1-dock-e7/routed/intent_return_path.verdict.json	6e66f420c494b794849710ae7fa822741607ccfd	799	stale-layout	verdicts, DRC reports and pre-route copies taken on that earlier layout; the current classification of every reading is v2/docs/CURRENT-EVIDENCE.md
v2/ecad/pcb-e1-dock-e7/routed/intent_return_via.verdict.json	dc38f2f33efa4debc09f8f9902ab6cda2b3eb7cf	1038	stale-layout	verdicts, DRC reports and pre-route copies taken on that earlier layout; the current classification of every reading is v2/docs/CURRENT-EVIDENCE.md
v2/ecad/pcb-e1-dock-e7/routed/interfaces.verdict.json	b7f77775bb674c5c0f0d1060e08d37695d61820c	962	stale-layout	verdicts, DRC reports and pre-route copies taken on that earlier layout; the current classification of every reading is v2/docs/CURRENT-EVIDENCE.md
v2/ecad/pcb-e1-dock-e7/routed/interfaces_a.verdict.json	ecfd09a641d659377c9699bd4c05a2b7e4d35419	878	stale-layout	verdicts, DRC reports and pre-route copies taken on that earlier layout; the current classification of every reading is v2/docs/CURRENT-EVIDENCE.md
v2/ecad/pcb-e1-dock-e7/routed/interfaces_b.verdict.json	d62940d67e3f9662bd6cefe42724736ded0e5db8	878	stale-layout	verdicts, DRC reports and pre-route copies taken on that earlier layout; the current classification of every reading is v2/docs/CURRENT-EVIDENCE.md
v2/ecad/pcb-e1-dock-e7/routed/interfaces_c.verdict.json	10e2de2c860a42cdf8b16c6872ab47bff3d2e507	878	stale-layout	verdicts, DRC reports and pre-route copies taken on that earlier layout; the current classification of every reading is v2/docs/CURRENT-EVIDENCE.md
v2/ecad/pcb-e1-dock-e7/routed/interfaces_d.verdict.json	7ef64931f8e37a1b24fe51b5d975eb8657456309	878	stale-layout	verdicts, DRC reports and pre-route copies taken on that earlier layout; the current classification of every reading is v2/docs/CURRENT-EVIDENCE.md
v2/ecad/pcb-e1-dock-e7/routed/interfaces_e.verdict.json	2cfd4c26490625be5572cd60cd709f4f03e1d864	878	stale-layout	verdicts, DRC reports and pre-route copies taken on that earlier layout; the current classification of every reading is v2/docs/CURRENT-EVIDENCE.md
v2/ecad/pcb-e1-dock-e7/routed/interfaces_e5.verdict.json	096b38696c5aadd223e9007c6894d38fd07c4129	1198	stale-layout	verdicts, DRC reports and pre-route copies taken on that earlier layout; the current classification of every reading is v2/docs/CURRENT-EVIDENCE.md
v2/ecad/pcb-e1-dock-e7/routed/interfaces_p.verdict.json	caef5abaa3b3dff9b151ea4a3a4fa972744c17da	878	stale-layout	verdicts, DRC reports and pre-route copies taken on that earlier layout; the current classification of every reading is v2/docs/CURRENT-EVIDENCE.md
v2/ecad/pcb-e1-dock-e7/routed/jlc_certify_e.verdict.json	f5c6eb52952c98ab8047faaf96583805bc1d2e5c	734	stale-layout	verdicts, DRC reports and pre-route copies taken on that earlier layout; the current classification of every reading is v2/docs/CURRENT-EVIDENCE.md
v2/ecad/pcb-e1-dock-e7/routed/kelvin_check.verdict.json	2ef3ca6ca6177e4c803c73697e207c5707ef1298	906	stale-layout	verdicts, DRC reports and pre-route copies taken on that earlier layout; the current classification of every reading is v2/docs/CURRENT-EVIDENCE.md
v2/ecad/pcb-e1-dock-e7/routed/ledger_verify.verdict.json	39a801f43baf8827fec200c00d6971803aaf524c	799	stale-layout	verdicts, DRC reports and pre-route copies taken on that earlier layout; the current classification of every reading is v2/docs/CURRENT-EVIDENCE.md
v2/ecad/pcb-e1-dock-e7/routed/netlist_board.verdict.json	7335619dd01f5adac729b33a5fde92e6e925d26d	927	stale-layout	verdicts, DRC reports and pre-route copies taken on that earlier layout; the current classification of every reading is v2/docs/CURRENT-EVIDENCE.md
v2/ecad/pcb-e1-dock-e7/routed/pcb-e1-dock-drc.json	947b65f4350ba4f75566bbb45a384e6ffc887c67	57068	stale-layout	verdicts, DRC reports and pre-route copies taken on that earlier layout; the current classification of every reading is v2/docs/CURRENT-EVIDENCE.md
v2/ecad/pcb-e1-dock-e7/routed/pcb-e1-dock-preroute.kicad_pcb	30cfd9976fa0ca689f4feb9906064bab8bd1aa8d	2829001	stale-layout	verdicts, DRC reports and pre-route copies taken on that earlier layout; the current classification of every reading is v2/docs/CURRENT-EVIDENCE.md
v2/ecad/pcb-e1-dock-e7/routed/pcb-e1-dock-preroute.kicad_pro	72baddd8716daefad6943a90b0629c0eb6206296	13116	stale-layout	verdicts, DRC reports and pre-route copies taken on that earlier layout; the current classification of every reading is v2/docs/CURRENT-EVIDENCE.md
v2/ecad/pcb-e1-dock-e7/routed/pcb-e1-dock-ref-change.json	d4053813408aa699fb3e6d4387217e95f9934187	19953	stale-layout	verdicts, DRC reports and pre-route copies taken on that earlier layout; the current classification of every reading is v2/docs/CURRENT-EVIDENCE.md
v2/ecad/pcb-e1-dock-e7/routed/pcb-e1-dock-via-currents.json	9742416a171a4dfedb53bc48b4cffc886d6d1326	8517	stale-layout	verdicts, DRC reports and pre-route copies taken on that earlier layout; the current classification of every reading is v2/docs/CURRENT-EVIDENCE.md
v2/ecad/pcb-e1-dock-e7/routed/pcb-e1-dock.kicad_pcb	7455206f6f7f21aecf8626a436ac66c03b0e83d2	2624045	stale-layout	verdicts, DRC reports and pre-route copies taken on that earlier layout; the current classification of every reading is v2/docs/CURRENT-EVIDENCE.md
v2/ecad/pcb-e1-dock-e7/routed/pcb-e1-dock.kicad_pro	c86be6f47406149329664393e19721bc666bd899	12756	stale-layout	verdicts, DRC reports and pre-route copies taken on that earlier layout; the current classification of every reading is v2/docs/CURRENT-EVIDENCE.md
v2/ecad/pcb-e1-dock-e7/routed/pin_map_lands_e.verdict.json	0b7f0b38a1f3fa76e0004080d40c387b04ee0bec	802	stale-layout	verdicts, DRC reports and pre-route copies taken on that earlier layout; the current classification of every reading is v2/docs/CURRENT-EVIDENCE.md
v2/ecad/pcb-e1-dock-e7/routed/place_audit.verdict.json	25256ba054af04b5c323d378f20a7109c5f01be1	1128	stale-layout	verdicts, DRC reports and pre-route copies taken on that earlier layout; the current classification of every reading is v2/docs/CURRENT-EVIDENCE.md
v2/ecad/pcb-e1-dock-e7/routed/port_protect.verdict.json	36708fc2cd8f4c4cd27a25c1621cb81d514703d7	814	stale-layout	verdicts, DRC reports and pre-route copies taken on that earlier layout; the current classification of every reading is v2/docs/CURRENT-EVIDENCE.md
v2/ecad/pcb-e1-dock-e7/routed/port_protect_e.verdict.json	0b1afb66fa64e1fe2abd09a01e8fcb817aefaa30	893	stale-layout	verdicts, DRC reports and pre-route copies taken on that earlier layout; the current classification of every reading is v2/docs/CURRENT-EVIDENCE.md
v2/ecad/pcb-e1-dock-e7/routed/power_sequence.verdict.json	f4d734ac135bd34dfbd5a42dede4fe0f523432db	1040	stale-layout	verdicts, DRC reports and pre-route copies taken on that earlier layout; the current classification of every reading is v2/docs/CURRENT-EVIDENCE.md
v2/ecad/pcb-e1-dock-e7/routed/pruned_gate.verdict.json	bf4706f19ccf714865dd668545a4461e714eb03f	1084	stale-layout	verdicts, DRC reports and pre-route copies taken on that earlier layout; the current classification of every reading is v2/docs/CURRENT-EVIDENCE.md
v2/ecad/pcb-e1-dock-e7/routed/reliability.verdict.json	822e5c311d85cf8a35b28b0bfe42f07bc05141d4	912	stale-layout	verdicts, DRC reports and pre-route copies taken on that earlier layout; the current classification of every reading is v2/docs/CURRENT-EVIDENCE.md
v2/ecad/pcb-e1-dock-e7/routed/return_stitch.verdict.json	9c8741c138b9f85ec4ef46460ffd49064eae4d5d	814	stale-layout	verdicts, DRC reports and pre-route copies taken on that earlier layout; the current classification of every reading is v2/docs/CURRENT-EVIDENCE.md
v2/ecad/pcb-e1-dock-e7/routed/return_via.verdict.json	36656f803716d9a094126ec4c4f47ca3a57fd3e2	2176	stale-layout	verdicts, DRC reports and pre-route copies taken on that earlier layout; the current classification of every reading is v2/docs/CURRENT-EVIDENCE.md
v2/ecad/pcb-e1-dock-e7/routed/rf_line.verdict.json	25e1598a81ac5347ac208b7d58a3bc376715bd9e	809	stale-layout	verdicts, DRC reports and pre-route copies taken on that earlier layout; the current classification of every reading is v2/docs/CURRENT-EVIDENCE.md
v2/ecad/pcb-e1-dock-e7/routed/safe_lines.verdict.json	838811aa8e46630cde3d42300003139160636334	1037	stale-layout	verdicts, DRC reports and pre-route copies taken on that earlier layout; the current classification of every reading is v2/docs/CURRENT-EVIDENCE.md
v2/ecad/pcb-e1-dock-e7/routed/safe_lines_e.verdict.json	a641ce72762c3c66ad057754149f39a20541dcb5	1039	stale-layout	verdicts, DRC reports and pre-route copies taken on that earlier layout; the current classification of every reading is v2/docs/CURRENT-EVIDENCE.md
v2/ecad/pcb-e1-dock-e7/routed/sensitive_nodes.verdict.json	ef636c27c76ae60ecbc4a1b9a57d45e8d3b732a6	1498	stale-layout	verdicts, DRC reports and pre-route copies taken on that earlier layout; the current classification of every reading is v2/docs/CURRENT-EVIDENCE.md
v2/ecad/pcb-e1-dock-e7/routed/spacing.verdict.json	ce43ef8a68175a3654c322e5dda7e6b7f4d0a1b0	2260	stale-layout	verdicts, DRC reports and pre-route copies taken on that earlier layout; the current classification of every reading is v2/docs/CURRENT-EVIDENCE.md
v2/ecad/pcb-e1-dock-e7/routed/stackup_gate.verdict.json	adb07d5f2850e2a55f34d78bc9110fca822b664c	972	stale-layout	verdicts, DRC reports and pre-route copies taken on that earlier layout; the current classification of every reading is v2/docs/CURRENT-EVIDENCE.md
v2/ecad/pcb-e1-dock-e7/routed/sweep.json	e41207bf08dee723912b358d7b4ad61b0b2c281e	386	stale-layout	verdicts, DRC reports and pre-route copies taken on that earlier layout; the current classification of every reading is v2/docs/CURRENT-EVIDENCE.md
v2/ecad/pcb-e1-dock-e7/routed/switch_list.verdict.json	79358c8aecc182c8296c9aa5ab02a2898eafa4e4	1244	stale-layout	verdicts, DRC reports and pre-route copies taken on that earlier layout; the current classification of every reading is v2/docs/CURRENT-EVIDENCE.md
v2/ecad/pcb-e1-dock-e7/routed/thermal.verdict.json	2b3efa1d2efd2a8b309ec9bea7dfc341c674c791	1004	stale-layout	verdicts, DRC reports and pre-route copies taken on that earlier layout; the current classification of every reading is v2/docs/CURRENT-EVIDENCE.md
v2/ecad/pcb-e1-dock-e7/routed/verify_deliverable.verdict.json	7f9a418222dcafba95fa32ff21431abf644c5efe	451	stale-layout	verdicts, DRC reports and pre-route copies taken on that earlier layout; the current classification of every reading is v2/docs/CURRENT-EVIDENCE.md
v2/ecad/pcb-e1-dock-e7/routed/verify_deliverable_e.verdict.json	58b4eeebc2ffc47456257b516ef837cb41ad75e7	851	stale-layout	verdicts, DRC reports and pre-route copies taken on that earlier layout; the current classification of every reading is v2/docs/CURRENT-EVIDENCE.md
v2/ecad/pcb-e1-dock-e7/routed/via_annular.verdict.json	1a994af34145d5e9b6ca7f345a18704958a3684f	937	stale-layout	verdicts, DRC reports and pre-route copies taken on that earlier layout; the current classification of every reading is v2/docs/CURRENT-EVIDENCE.md
v2/ecad/pcb-e1-dock-e7/routed/via_audit.verdict.json	8b94815cbe235ffcc18270000e07d07bb4671974	916	stale-layout	verdicts, DRC reports and pre-route copies taken on that earlier layout; the current classification of every reading is v2/docs/CURRENT-EVIDENCE.md
v2/ecad/pcb-e1-dock-e7/routed/via_current.verdict.json	5efadb1e4bf30b4d10e28ef39e2b3fac3793e105	3504	stale-layout	verdicts, DRC reports and pre-route copies taken on that earlier layout; the current classification of every reading is v2/docs/CURRENT-EVIDENCE.md
v2/ecad/pcb-e1-dock/pcb-e1-dock.kicad_pcb	8f04b8714790d5cda1b57076170c0317d086d225	2611947	superseded-phase	an earlier phase's project directory; the declared phase directory (routeflow profile) is the one bundled
v2/ecad/pcb-e1-dock/pcb-e1-dock.kicad_pro	e5407e82edee586728e4b015f1795a721756ece0	12760	superseded-phase	an earlier phase's project directory; the declared phase directory (routeflow profile) is the one bundled
v2/ecad/pcb-e1-dock/pcb-e1-dock.kicad_sch	1635f9981ec10245654dc6b843aa868f9a328a45	561274	superseded-phase	an earlier phase's project directory; the declared phase directory (routeflow profile) is the one bundled
v2/ecad/pcb-e2-rfjunction/pcb-e2-rfjunction.kicad_pcb	c3be204292e1501faec16eb804c948113a68550d	21737	retired-board	a retired board (ring R1 retired at C5, RF junction E2 retired 5 September 2026); not in the current set
v2/ecad/pcb-e2-rfjunction/pcb-e2-rfjunction.kicad_pro	0614d6737230019ddabf1e92740062e7c4f2643a	8370	retired-board	a retired board (ring R1 retired at C5, RF junction E2 retired 5 September 2026); not in the current set
v2/ecad/pcb-p-pack-p2/pcb-p-pack.kicad_pcb	f90ea55b49be98701a295b5f3d0b017db84062f0	490964	stale-layout	the phase's placed and routed layout, cut from an earlier netlist: v2/docs/CURRENT-EVIDENCE.md, table 'The candidate each board is judged against', reads SCH-002 (netlist against board) FAIL or INCONCLUSIVE, so the layout does not carry the committed netlist. Layout is layer 10 and restarts from the reviewed schematic; the placement generators gen_pcb_*.py are in the tools
v2/ecad/pcb-p-pack-p2/routed/assembly_set.verdict.json	3f7f5cc3544d3a142b241924858536d1a5f422ec	1517	stale-layout	verdicts, DRC reports and pre-route copies taken on that earlier layout; the current classification of every reading is v2/docs/CURRENT-EVIDENCE.md
v2/ecad/pcb-p-pack-p2/routed/check_contracts.verdict.json	2062bf224b684339b9771a53e168250d6f8c9403	722	stale-layout	verdicts, DRC reports and pre-route copies taken on that earlier layout; the current classification of every reading is v2/docs/CURRENT-EVIDENCE.md
v2/ecad/pcb-p-pack-p2/routed/check_contracts_a.verdict.json	0e31eda43c1dc14e904fc513ab3515c3affd5cf5	725	stale-layout	verdicts, DRC reports and pre-route copies taken on that earlier layout; the current classification of every reading is v2/docs/CURRENT-EVIDENCE.md
v2/ecad/pcb-p-pack-p2/routed/check_contracts_b.verdict.json	b3eb4b4bc9692d539ed9cd1d71887eb91c34574a	725	stale-layout	verdicts, DRC reports and pre-route copies taken on that earlier layout; the current classification of every reading is v2/docs/CURRENT-EVIDENCE.md
v2/ecad/pcb-p-pack-p2/routed/check_contracts_c.verdict.json	af9ddd2bb1de86800d42f7a9b2352b91ca534d66	723	stale-layout	verdicts, DRC reports and pre-route copies taken on that earlier layout; the current classification of every reading is v2/docs/CURRENT-EVIDENCE.md
v2/ecad/pcb-p-pack-p2/routed/check_contracts_d.verdict.json	c8777bd30ec7f552f3ebbd19b6cb614dd5022da5	725	stale-layout	verdicts, DRC reports and pre-route copies taken on that earlier layout; the current classification of every reading is v2/docs/CURRENT-EVIDENCE.md
v2/ecad/pcb-p-pack-p2/routed/check_contracts_e.verdict.json	2ce591b94631cfbe7512635930dee550347fb7b6	723	stale-layout	verdicts, DRC reports and pre-route copies taken on that earlier layout; the current classification of every reading is v2/docs/CURRENT-EVIDENCE.md
v2/ecad/pcb-p-pack-p2/routed/check_contracts_e5.verdict.json	12ae4ff5245f01b0ba6688b5bf775cbbef3b826c	776	stale-layout	verdicts, DRC reports and pre-route copies taken on that earlier layout; the current classification of every reading is v2/docs/CURRENT-EVIDENCE.md
v2/ecad/pcb-p-pack-p2/routed/check_contracts_p.verdict.json	0925595094f259abebd3b0bef54f863fcc25f317	723	stale-layout	verdicts, DRC reports and pre-route copies taken on that earlier layout; the current classification of every reading is v2/docs/CURRENT-EVIDENCE.md
v2/ecad/pcb-p-pack-p2/routed/check_pcb_p.verdict.json	3b8f99496e0ad62ab4926a220abb49c62cf18b8a	734	stale-layout	verdicts, DRC reports and pre-route copies taken on that earlier layout; the current classification of every reading is v2/docs/CURRENT-EVIDENCE.md
v2/ecad/pcb-p-pack-p2/routed/check_zone_nets.verdict.json	f2515888ad84d409634c3a4d0ccbacf6a21ab560	690	stale-layout	verdicts, DRC reports and pre-route copies taken on that earlier layout; the current classification of every reading is v2/docs/CURRENT-EVIDENCE.md
v2/ecad/pcb-p-pack-p2/routed/class_floor.verdict.json	119ad7f19a3031a4037a55611a00c19dbe5d8196	826	stale-layout	verdicts, DRC reports and pre-route copies taken on that earlier layout; the current classification of every reading is v2/docs/CURRENT-EVIDENCE.md
v2/ecad/pcb-p-pack-p2/routed/clock_check.verdict.json	e6d429ec2626f03e2485981fc998c617604224a2	747	stale-layout	verdicts, DRC reports and pre-route copies taken on that earlier layout; the current classification of every reading is v2/docs/CURRENT-EVIDENCE.md
v2/ecad/pcb-p-pack-p2/routed/closer_audit.verdict.json	6ca5fc81fc5f0eed2559f867f54bfeed3692f6ef	1014	stale-layout	verdicts, DRC reports and pre-route copies taken on that earlier layout; the current classification of every reading is v2/docs/CURRENT-EVIDENCE.md
v2/ecad/pcb-p-pack-p2/routed/dc_density.verdict.json	89775e0ee1fe5e043b49524a0c5afc0a64283036	1444	stale-layout	verdicts, DRC reports and pre-route copies taken on that earlier layout; the current classification of every reading is v2/docs/CURRENT-EVIDENCE.md
v2/ecad/pcb-p-pack-p2/routed/dc_drop.verdict.json	f2c0d04263b9fef5fefb57a8c7ed2a81b9778a6b	878	stale-layout	verdicts, DRC reports and pre-route copies taken on that earlier layout; the current classification of every reading is v2/docs/CURRENT-EVIDENCE.md
v2/ecad/pcb-p-pack-p2/routed/derate.verdict.json	94d731f3c3c3e6281c2733d344d3b17eecefc876	931	stale-layout	verdicts, DRC reports and pre-route copies taken on that earlier layout; the current classification of every reading is v2/docs/CURRENT-EVIDENCE.md
v2/ecad/pcb-p-pack-p2/routed/doc_provenance.verdict.json	2055de71952d2fe6d0a7bd3126f5d3116ce0a6fb	1698	stale-layout	verdicts, DRC reports and pre-route copies taken on that earlier layout; the current classification of every reading is v2/docs/CURRENT-EVIDENCE.md
v2/ecad/pcb-p-pack-p2/routed/doc_provenance_a.verdict.json	6404ac314a382dc3449b102729a7ecb9e621ae73	933	stale-layout	verdicts, DRC reports and pre-route copies taken on that earlier layout; the current classification of every reading is v2/docs/CURRENT-EVIDENCE.md
v2/ecad/pcb-p-pack-p2/routed/doc_provenance_b.verdict.json	75a7118508bca3f758159d02c15c576a9dfdcfa8	935	stale-layout	verdicts, DRC reports and pre-route copies taken on that earlier layout; the current classification of every reading is v2/docs/CURRENT-EVIDENCE.md
v2/ecad/pcb-p-pack-p2/routed/doc_provenance_c.verdict.json	79bf80d27f8bdbd34912d323ce6c3cc3a0e4930a	933	stale-layout	verdicts, DRC reports and pre-route copies taken on that earlier layout; the current classification of every reading is v2/docs/CURRENT-EVIDENCE.md
v2/ecad/pcb-p-pack-p2/routed/doc_provenance_d.verdict.json	d69460d1a444c14777736e0d2ae36605c4efcdf5	930	stale-layout	verdicts, DRC reports and pre-route copies taken on that earlier layout; the current classification of every reading is v2/docs/CURRENT-EVIDENCE.md
v2/ecad/pcb-p-pack-p2/routed/doc_provenance_e.verdict.json	fcf683c3589adae69cf6bad4939b0c868a1a56a0	931	stale-layout	verdicts, DRC reports and pre-route copies taken on that earlier layout; the current classification of every reading is v2/docs/CURRENT-EVIDENCE.md
v2/ecad/pcb-p-pack-p2/routed/doc_provenance_e5.verdict.json	16ee2500b378436eb8927e1fab0da871c5d21782	957	stale-layout	verdicts, DRC reports and pre-route copies taken on that earlier layout; the current classification of every reading is v2/docs/CURRENT-EVIDENCE.md
v2/ecad/pcb-p-pack-p2/routed/doc_provenance_p.verdict.json	29d4ee4106b51beaddd4a08afda805e4344a5770	963	stale-layout	verdicts, DRC reports and pre-route copies taken on that earlier layout; the current classification of every reading is v2/docs/CURRENT-EVIDENCE.md
v2/ecad/pcb-p-pack-p2/routed/edge_length.table.json	c329966344a47827e5212610419a8bc2e543132e	7295	stale-layout	verdicts, DRC reports and pre-route copies taken on that earlier layout; the current classification of every reading is v2/docs/CURRENT-EVIDENCE.md
v2/ecad/pcb-p-pack-p2/routed/edge_length.verdict.json	f447f6bcd8d26e30afa41fc73a1c4195258720b0	4186	stale-layout	verdicts, DRC reports and pre-route copies taken on that earlier layout; the current classification of every reading is v2/docs/CURRENT-EVIDENCE.md
v2/ecad/pcb-p-pack-p2/routed/emc_sheet.verdict.json	5fc6c924935dfe3bf15a0885ed2a1a50ec08be1a	1043	stale-layout	verdicts, DRC reports and pre-route copies taken on that earlier layout; the current classification of every reading is v2/docs/CURRENT-EVIDENCE.md
v2/ecad/pcb-p-pack-p2/routed/energy_chain.verdict.json	1206a3db64ec30c53614ef4b515864e680a53d8d	1174	stale-layout	verdicts, DRC reports and pre-route copies taken on that earlier layout; the current classification of every reading is v2/docs/CURRENT-EVIDENCE.md
v2/ecad/pcb-p-pack-p2/routed/energy_chain_a.verdict.json	9f01c49bb67ede1ae4669ee88dd608760009386b	874	stale-layout	verdicts, DRC reports and pre-route copies taken on that earlier layout; the current classification of every reading is v2/docs/CURRENT-EVIDENCE.md
v2/ecad/pcb-p-pack-p2/routed/energy_chain_b.verdict.json	99517853d31e337201a06c67c2bcae79c91f4e6a	950	stale-layout	verdicts, DRC reports and pre-route copies taken on that earlier layout; the current classification of every reading is v2/docs/CURRENT-EVIDENCE.md
v2/ecad/pcb-p-pack-p2/routed/energy_chain_e.verdict.json	6328e155d4ea41307d55fe615b5f16e5814a2825	846	stale-layout	verdicts, DRC reports and pre-route copies taken on that earlier layout; the current classification of every reading is v2/docs/CURRENT-EVIDENCE.md
v2/ecad/pcb-p-pack-p2/routed/energy_chain_e5.verdict.json	ab3dc778e7302ef16953290b001a8cca9ecf1444	825	stale-layout	verdicts, DRC reports and pre-route copies taken on that earlier layout; the current classification of every reading is v2/docs/CURRENT-EVIDENCE.md
v2/ecad/pcb-p-pack-p2/routed/energy_chain_p.verdict.json	cabd2141a7450f91139dbaea639281c754032bfc	844	stale-layout	verdicts, DRC reports and pre-route copies taken on that earlier layout; the current classification of every reading is v2/docs/CURRENT-EVIDENCE.md
v2/ecad/pcb-p-pack-p2/routed/erc_gate.verdict.json	8154d768024cf038101ca57a10169c1e02637bdc	688	stale-layout	verdicts, DRC reports and pre-route copies taken on that earlier layout; the current classification of every reading is v2/docs/CURRENT-EVIDENCE.md
v2/ecad/pcb-p-pack-p2/routed/fab_limits.verdict.json	7d0ba75313696c2e863afd8310bafe2afb1c4804	1509	stale-layout	verdicts, DRC reports and pre-route copies taken on that earlier layout; the current classification of every reading is v2/docs/CURRENT-EVIDENCE.md
v2/ecad/pcb-p-pack-p2/routed/final_gate_p.verdict.json	9d500e1f93c9f5331fc8d2fc1e73f0d5fa2a2350	664	stale-layout	verdicts, DRC reports and pre-route copies taken on that earlier layout; the current classification of every reading is v2/docs/CURRENT-EVIDENCE.md
v2/ecad/pcb-p-pack-p2/routed/ground_system.verdict.json	a1bd8ef7aa798561d3f518480574a667c89eb6ea	860	stale-layout	verdicts, DRC reports and pre-route copies taken on that earlier layout; the current classification of every reading is v2/docs/CURRENT-EVIDENCE.md
v2/ecad/pcb-p-pack-p2/routed/hardset-placed.verdict.json	4179466fbfc8ceb34e47dba6ebc43cc6032f5921	1421	stale-layout	verdicts, DRC reports and pre-route copies taken on that earlier layout; the current classification of every reading is v2/docs/CURRENT-EVIDENCE.md
v2/ecad/pcb-p-pack-p2/routed/hardset-routed-board-gate.verdict.json	9a81e727494554d7ef6258293571379ff057590c	1120	stale-layout	verdicts, DRC reports and pre-route copies taken on that earlier layout; the current classification of every reading is v2/docs/CURRENT-EVIDENCE.md
v2/ecad/pcb-p-pack-p2/routed/impedance_check.verdict.json	27ffb48fe3b3061d29b1c9e8e426483529bd5c69	939	stale-layout	verdicts, DRC reports and pre-route copies taken on that earlier layout; the current classification of every reading is v2/docs/CURRENT-EVIDENCE.md
v2/ecad/pcb-p-pack-p2/routed/inhibit_chain_a.verdict.json	5f40a081a68d61e6a91cf4c80859c5f75f124587	837	stale-layout	verdicts, DRC reports and pre-route copies taken on that earlier layout; the current classification of every reading is v2/docs/CURRENT-EVIDENCE.md
v2/ecad/pcb-p-pack-p2/routed/inhibit_chain_b.verdict.json	9d5662d0325b54a35e66e2e30edf59c24d6281a1	837	stale-layout	verdicts, DRC reports and pre-route copies taken on that earlier layout; the current classification of every reading is v2/docs/CURRENT-EVIDENCE.md
v2/ecad/pcb-p-pack-p2/routed/inhibit_chain_c.verdict.json	4afa3a97d4e1c4a9a8a792e99c3eb9fd71a74e32	837	stale-layout	verdicts, DRC reports and pre-route copies taken on that earlier layout; the current classification of every reading is v2/docs/CURRENT-EVIDENCE.md
v2/ecad/pcb-p-pack-p2/routed/inhibit_chain_d.verdict.json	4843e4a8af20efb1e1edf0e6ce765a8897267087	837	stale-layout	verdicts, DRC reports and pre-route copies taken on that earlier layout; the current classification of every reading is v2/docs/CURRENT-EVIDENCE.md
v2/ecad/pcb-p-pack-p2/routed/intent_checks.verdict.json	adc0ef9564bd20559de2010e5ff0479e3de7b7b5	2263	stale-layout	verdicts, DRC reports and pre-route copies taken on that earlier layout; the current classification of every reading is v2/docs/CURRENT-EVIDENCE.md
v2/ecad/pcb-p-pack-p2/routed/intent_decoupling.verdict.json	29db9f6a3f5ed318122cc25d5d1fb57f82f93a5b	746	stale-layout	verdicts, DRC reports and pre-route copies taken on that earlier layout; the current classification of every reading is v2/docs/CURRENT-EVIDENCE.md
v2/ecad/pcb-p-pack-p2/routed/intent_rails.verdict.json	d7646b92e5bda1604081b447e8725c7af55c1ae1	8120	stale-layout	verdicts, DRC reports and pre-route copies taken on that earlier layout; the current classification of every reading is v2/docs/CURRENT-EVIDENCE.md
v2/ecad/pcb-p-pack-p2/routed/intent_return_path.verdict.json	60e88e9df36b5e051a594d674b3667ed014f9d57	1903	stale-layout	verdicts, DRC reports and pre-route copies taken on that earlier layout; the current classification of every reading is v2/docs/CURRENT-EVIDENCE.md
v2/ecad/pcb-p-pack-p2/routed/intent_return_via.verdict.json	f8d836fb4980bbf14869ba6bcb8eff0448465268	1063	stale-layout	verdicts, DRC reports and pre-route copies taken on that earlier layout; the current classification of every reading is v2/docs/CURRENT-EVIDENCE.md
v2/ecad/pcb-p-pack-p2/routed/interfaces.verdict.json	b7f77775bb674c5c0f0d1060e08d37695d61820c	962	stale-layout	verdicts, DRC reports and pre-route copies taken on that earlier layout; the current classification of every reading is v2/docs/CURRENT-EVIDENCE.md
v2/ecad/pcb-p-pack-p2/routed/interfaces_a.verdict.json	ecfd09a641d659377c9699bd4c05a2b7e4d35419	878	stale-layout	verdicts, DRC reports and pre-route copies taken on that earlier layout; the current classification of every reading is v2/docs/CURRENT-EVIDENCE.md
v2/ecad/pcb-p-pack-p2/routed/interfaces_b.verdict.json	d62940d67e3f9662bd6cefe42724736ded0e5db8	878	stale-layout	verdicts, DRC reports and pre-route copies taken on that earlier layout; the current classification of every reading is v2/docs/CURRENT-EVIDENCE.md
v2/ecad/pcb-p-pack-p2/routed/interfaces_c.verdict.json	10e2de2c860a42cdf8b16c6872ab47bff3d2e507	878	stale-layout	verdicts, DRC reports and pre-route copies taken on that earlier layout; the current classification of every reading is v2/docs/CURRENT-EVIDENCE.md
v2/ecad/pcb-p-pack-p2/routed/interfaces_d.verdict.json	7ef64931f8e37a1b24fe51b5d975eb8657456309	878	stale-layout	verdicts, DRC reports and pre-route copies taken on that earlier layout; the current classification of every reading is v2/docs/CURRENT-EVIDENCE.md
v2/ecad/pcb-p-pack-p2/routed/interfaces_e.verdict.json	2cfd4c26490625be5572cd60cd709f4f03e1d864	878	stale-layout	verdicts, DRC reports and pre-route copies taken on that earlier layout; the current classification of every reading is v2/docs/CURRENT-EVIDENCE.md
v2/ecad/pcb-p-pack-p2/routed/interfaces_e5.verdict.json	096b38696c5aadd223e9007c6894d38fd07c4129	1198	stale-layout	verdicts, DRC reports and pre-route copies taken on that earlier layout; the current classification of every reading is v2/docs/CURRENT-EVIDENCE.md
v2/ecad/pcb-p-pack-p2/routed/interfaces_p.verdict.json	caef5abaa3b3dff9b151ea4a3a4fa972744c17da	878	stale-layout	verdicts, DRC reports and pre-route copies taken on that earlier layout; the current classification of every reading is v2/docs/CURRENT-EVIDENCE.md
v2/ecad/pcb-p-pack-p2/routed/jlc_certify_p.verdict.json	47244bd2292ed2fb156e2e082d950c390117648a	1047	stale-layout	verdicts, DRC reports and pre-route copies taken on that earlier layout; the current classification of every reading is v2/docs/CURRENT-EVIDENCE.md
v2/ecad/pcb-p-pack-p2/routed/kelvin_check.verdict.json	6c3467ca279fbbb58f31e4eda43524664e75aeff	1002	stale-layout	verdicts, DRC reports and pre-route copies taken on that earlier layout; the current classification of every reading is v2/docs/CURRENT-EVIDENCE.md
v2/ecad/pcb-p-pack-p2/routed/lcsc_fill.verdict.json	9c235d65c07711620108258414b951b3280d1de5	914	stale-layout	verdicts, DRC reports and pre-route copies taken on that earlier layout; the current classification of every reading is v2/docs/CURRENT-EVIDENCE.md
v2/ecad/pcb-p-pack-p2/routed/ledger_verify.verdict.json	b2e1695a476233ccb58cca3bc867612bdc38344a	859	stale-layout	verdicts, DRC reports and pre-route copies taken on that earlier layout; the current classification of every reading is v2/docs/CURRENT-EVIDENCE.md
v2/ecad/pcb-p-pack-p2/routed/netlist_board.verdict.json	d43b1d1b860a913d09497fc614f574bd89321811	922	stale-layout	verdicts, DRC reports and pre-route copies taken on that earlier layout; the current classification of every reading is v2/docs/CURRENT-EVIDENCE.md
v2/ecad/pcb-p-pack-p2/routed/pack_protection.verdict.json	c66692bffe8fa1373de62f504abc924be937a320	1576	stale-layout	verdicts, DRC reports and pre-route copies taken on that earlier layout; the current classification of every reading is v2/docs/CURRENT-EVIDENCE.md
v2/ecad/pcb-p-pack-p2/routed/pcb-p-pack-drc.json	bff10aee201911a1703702e76823c638577819d8	25503	stale-layout	verdicts, DRC reports and pre-route copies taken on that earlier layout; the current classification of every reading is v2/docs/CURRENT-EVIDENCE.md
v2/ecad/pcb-p-pack-p2/routed/pcb-p-pack-preroute.kicad_pcb	81d63154f3eab8d73bd5ae3a4b8753c7745a1219	256079	stale-layout	verdicts, DRC reports and pre-route copies taken on that earlier layout; the current classification of every reading is v2/docs/CURRENT-EVIDENCE.md
v2/ecad/pcb-p-pack-p2/routed/pcb-p-pack-via-currents.json	2fa609f132e0e428e68f81c8963817fdd301cd31	4617	stale-layout	verdicts, DRC reports and pre-route copies taken on that earlier layout; the current classification of every reading is v2/docs/CURRENT-EVIDENCE.md
v2/ecad/pcb-p-pack-p2/routed/pin_map_lands_p.verdict.json	52ce52dad32ec61e67966b6d6f85fbc1e96bde00	798	stale-layout	verdicts, DRC reports and pre-route copies taken on that earlier layout; the current classification of every reading is v2/docs/CURRENT-EVIDENCE.md
v2/ecad/pcb-p-pack-p2/routed/place_audit.verdict.json	cf305a7c93bc6f3e4c215739c78a34aba193e821	1124	stale-layout	verdicts, DRC reports and pre-route copies taken on that earlier layout; the current classification of every reading is v2/docs/CURRENT-EVIDENCE.md
v2/ecad/pcb-p-pack-p2/routed/port_protect.verdict.json	1a5cc3ac00195474ae7cb4abbfc74b46ecb21eb8	947	stale-layout	verdicts, DRC reports and pre-route copies taken on that earlier layout; the current classification of every reading is v2/docs/CURRENT-EVIDENCE.md
v2/ecad/pcb-p-pack-p2/routed/port_protect_p.verdict.json	bc0d53c51a53f07c8550aa5510b826bb5bac1be1	1026	stale-layout	verdicts, DRC reports and pre-route copies taken on that earlier layout; the current classification of every reading is v2/docs/CURRENT-EVIDENCE.md
v2/ecad/pcb-p-pack-p2/routed/power_sequence.verdict.json	ee258fb8b1cba8db88686d1e403f3f5a21db14d5	1037	stale-layout	verdicts, DRC reports and pre-route copies taken on that earlier layout; the current classification of every reading is v2/docs/CURRENT-EVIDENCE.md
v2/ecad/pcb-p-pack-p2/routed/pruned_gate.verdict.json	000a178528e7a50227273ea56c9ccbaa962b3e96	1083	stale-layout	verdicts, DRC reports and pre-route copies taken on that earlier layout; the current classification of every reading is v2/docs/CURRENT-EVIDENCE.md
v2/ecad/pcb-p-pack-p2/routed/reliability.verdict.json	cfe27031a93d300c7d2bec6959d4f27ccd323971	911	stale-layout	verdicts, DRC reports and pre-route copies taken on that earlier layout; the current classification of every reading is v2/docs/CURRENT-EVIDENCE.md
v2/ecad/pcb-p-pack-p2/routed/return_stitch.verdict.json	cf36348c04c6c730df1b099ae9f1efc10f8c6b03	812	stale-layout	verdicts, DRC reports and pre-route copies taken on that earlier layout; the current classification of every reading is v2/docs/CURRENT-EVIDENCE.md
v2/ecad/pcb-p-pack-p2/routed/return_via.verdict.json	5c8a9ae4039634473512dc062898f644f140a017	1526	stale-layout	verdicts, DRC reports and pre-route copies taken on that earlier layout; the current classification of every reading is v2/docs/CURRENT-EVIDENCE.md
v2/ecad/pcb-p-pack-p2/routed/rf_line.verdict.json	1de1f28d6a04311b7144054223b4245db2ca769b	808	stale-layout	verdicts, DRC reports and pre-route copies taken on that earlier layout; the current classification of every reading is v2/docs/CURRENT-EVIDENCE.md
v2/ecad/pcb-p-pack-p2/routed/safe_lines.verdict.json	2137b2b8495cbf61a9e48278bafcca095142fd2b	1051	stale-layout	verdicts, DRC reports and pre-route copies taken on that earlier layout; the current classification of every reading is v2/docs/CURRENT-EVIDENCE.md
v2/ecad/pcb-p-pack-p2/routed/safe_lines_p.verdict.json	c503983b814266f2e82b5862e02913fa274daadb	1053	stale-layout	verdicts, DRC reports and pre-route copies taken on that earlier layout; the current classification of every reading is v2/docs/CURRENT-EVIDENCE.md
v2/ecad/pcb-p-pack-p2/routed/sensitive_nodes.verdict.json	228f47b94e31cacbf77f5106847936298f8a5574	992	stale-layout	verdicts, DRC reports and pre-route copies taken on that earlier layout; the current classification of every reading is v2/docs/CURRENT-EVIDENCE.md
v2/ecad/pcb-p-pack-p2/routed/spacing.verdict.json	a9bcfaec7011787119c4bb6f97f813e7b427d67b	689	stale-layout	verdicts, DRC reports and pre-route copies taken on that earlier layout; the current classification of every reading is v2/docs/CURRENT-EVIDENCE.md
v2/ecad/pcb-p-pack-p2/routed/stackup_gate.verdict.json	9b3c59ae8a00995c02684112e0b28b7ea9470566	972	stale-layout	verdicts, DRC reports and pre-route copies taken on that earlier layout; the current classification of every reading is v2/docs/CURRENT-EVIDENCE.md
v2/ecad/pcb-p-pack-p2/routed/sweep.json	08f31caeb48d84ec7c3c002030f787e84aaf10ba	385	stale-layout	verdicts, DRC reports and pre-route copies taken on that earlier layout; the current classification of every reading is v2/docs/CURRENT-EVIDENCE.md
v2/ecad/pcb-p-pack-p2/routed/switch_list.verdict.json	86fe5c7f87de2541e5791f35463e51d45dd4f3eb	1173	stale-layout	verdicts, DRC reports and pre-route copies taken on that earlier layout; the current classification of every reading is v2/docs/CURRENT-EVIDENCE.md
v2/ecad/pcb-p-pack-p2/routed/thermal.verdict.json	bb4a3be251dd8fe9276760f4813d8d7fb276f75e	1001	stale-layout	verdicts, DRC reports and pre-route copies taken on that earlier layout; the current classification of every reading is v2/docs/CURRENT-EVIDENCE.md
v2/ecad/pcb-p-pack-p2/routed/verify_deliverable_p.verdict.json	b734d9d88f14b27307a7f7c0697f61d3e81ff351	633	stale-layout	verdicts, DRC reports and pre-route copies taken on that earlier layout; the current classification of every reading is v2/docs/CURRENT-EVIDENCE.md
v2/ecad/pcb-p-pack-p2/routed/via_annular.verdict.json	f5cba93e101f9018a99b931f43ef25d1d9908005	999	stale-layout	verdicts, DRC reports and pre-route copies taken on that earlier layout; the current classification of every reading is v2/docs/CURRENT-EVIDENCE.md
v2/ecad/pcb-p-pack-p2/routed/via_audit.verdict.json	50fa6438ab2966c9b52a850ca3f9f4990416a8a1	912	stale-layout	verdicts, DRC reports and pre-route copies taken on that earlier layout; the current classification of every reading is v2/docs/CURRENT-EVIDENCE.md
v2/ecad/pcb-p-pack-p2/routed/via_current.verdict.json	6020dfe2766eb15d8a66ad9ae91b3d0609d3bc06	1948	stale-layout	verdicts, DRC reports and pre-route copies taken on that earlier layout; the current classification of every reading is v2/docs/CURRENT-EVIDENCE.md
v2/ecad/pcb-p-pack/pcb-p-pack.kicad_pcb	53ba6491df7ad9f9ee3d68328ad44a6074e30d79	461788	superseded-phase	an earlier phase's project directory; the declared phase directory (routeflow profile) is the one bundled
v2/ecad/pcb-p-pack/pcb-p-pack.kicad_pro	dae02f3d5e7aecd648bc05622ade27bdaca6600a	11563	superseded-phase	an earlier phase's project directory; the declared phase directory (routeflow profile) is the one bundled
v2/ecad/pcb-p-pack/pcb-p-pack.kicad_sch	16bf3b85d04bfe0e6430184bed17fa96b5cbf4af	178060	superseded-phase	an earlier phase's project directory; the declared phase directory (routeflow profile) is the one bundled
v2/images/boards-3d/pcb-a-power-A24-angled.png	e1db8ce89271fcda8f37a7b0cbc132354f9cbede	1503143	presentation	concept renders and board images for presentation: not an engineering input
v2/images/boards-3d/pcb-a-power-A24-bottom.png	92d51cae87c47d7ff7c5cfb8ccdf87001e30b68e	233589	presentation	concept renders and board images for presentation: not an engineering input
v2/images/boards-3d/pcb-a-power-A24-top.png	200734db46d8b59a791b7b968dafdaf4d3e838af	594442	presentation	concept renders and board images for presentation: not an engineering input
v2/images/boards-3d/pcb-b-compute-B19-angled.png	2a597ef22582e9dd4e5d0f0d708a6510b8587218	1263784	presentation	concept renders and board images for presentation: not an engineering input
v2/images/boards-3d/pcb-b-compute-B19-bottom.png	38c2e31c878fd210063fcee5f3d2b42271859e34	320932	presentation	concept renders and board images for presentation: not an engineering input
v2/images/boards-3d/pcb-b-compute-B19-top.png	aba4b54f48ae6e6fdb1ce629a9b7b2a91ff12afd	465138	presentation	concept renders and board images for presentation: not an engineering input
v2/images/boards-3d/pcb-c-display-C10-angled.png	bb91ee80014429b2e60f34d8c2f091814e954eac	719888	presentation	concept renders and board images for presentation: not an engineering input
v2/images/boards-3d/pcb-c-display-C10-bottom.png	3c2a0d15a256dc4d8f432fc1b4bd91803aeee459	248100	presentation	concept renders and board images for presentation: not an engineering input
v2/images/boards-3d/pcb-c-display-C10-top.png	7f272d207d8699c06e48521043b89dfc2d325370	225359	presentation	concept renders and board images for presentation: not an engineering input
v2/images/boards-3d/pcb-d-aprs-D10-angled.png	f51e2547fe0069d6f6592635543b631a48340a26	1692389	presentation	concept renders and board images for presentation: not an engineering input
v2/images/boards-3d/pcb-d-aprs-D10-bottom.png	1dc99f9cd484fe75e8433a91c2c5887cfb6444e1	350490	presentation	concept renders and board images for presentation: not an engineering input
v2/images/boards-3d/pcb-d-aprs-D10-top.png	6360212ab356f6a86dfc19766fd64cfbaaf1a94e	705128	presentation	concept renders and board images for presentation: not an engineering input
v2/images/boards-3d/pcb-e1-dock-E7-angled.png	f95ae33256d7fb390cb68d3bc6059be6b5e23ff4	638763	presentation	concept renders and board images for presentation: not an engineering input
v2/images/boards-3d/pcb-e1-dock-E7-bottom.png	6e935fc9bab1cfba01228cfe0ae99d84ccabcb4f	130054	presentation	concept renders and board images for presentation: not an engineering input
v2/images/boards-3d/pcb-e1-dock-E7-top.png	4896c450514b0642da87ccf8c54792dcf6632d0d	278518	presentation	concept renders and board images for presentation: not an engineering input
v2/images/boards-3d/pcb-e5-block-E5-angled.png	37e4a8e761b2195a32f0bff7b51c955231a05052	864995	presentation	concept renders and board images for presentation: not an engineering input
v2/images/boards-3d/pcb-e5-block-E5-bottom.png	e268c423e747ee0ffc4f214017afe3eecd2cc9a6	173429	presentation	concept renders and board images for presentation: not an engineering input
v2/images/boards-3d/pcb-e5-block-E5-top.png	c16c5084d791f55eb5e08b7c405879c08721ea97	191519	presentation	concept renders and board images for presentation: not an engineering input
v2/images/boards-3d/pcb-p-pack-P3-angled.png	43458013c678f1ea6b4b167c42e93807a83ee9ed	1224766	presentation	concept renders and board images for presentation: not an engineering input
v2/images/boards-3d/pcb-p-pack-P3-bottom.png	5124a56c8d0069f4cb11956cfe106dc4a5e3520f	247167	presentation	concept renders and board images for presentation: not an engineering input
v2/images/boards-3d/pcb-p-pack-P3-top.png	01a2c1dc291562b7596fe10c8d8c1473269e4ed6	500901	presentation	concept renders and board images for presentation: not an engineering input
v2/images/concept-1450/README.md	920007d350feb6829a89059fa061a25c3e0f7eb0	7903	presentation	concept renders and board images for presentation: not an engineering input
v2/images/concept-1450/meshsat-1450-antennas-az045.png	854ce74a9a3376767f622466cbdf5040ec79c04b	2922036	presentation	concept renders and board images for presentation: not an engineering input
v2/images/concept-1450/meshsat-1450-antennas-az225.png	7126f25ba85657ed56a50a88ed1034ed8639ee57	2899481	presentation	concept renders and board images for presentation: not an engineering input
v2/images/concept-1450/meshsat-1450-antennas-az315.png	9d30b2b5203a2f2fb5ecd0510dc80960d5ae32a1	2949385	presentation	concept renders and board images for presentation: not an engineering input
v2/images/concept-1450/meshsat-1450-antennas-top.png	aa0f789dc48a654bee9e7b0de20eb0a4e97da49e	2838029	presentation	concept renders and board images for presentation: not an engineering input
v2/images/concept-1450/meshsat-1450-assembly-1-closed.png	60ad88b484b27a9f94378e7ce8a68281966e3d56	2519748	presentation	concept renders and board images for presentation: not an engineering input
v2/images/concept-1450/meshsat-1450-assembly-2-lid-open.png	63458f9211ca7c123e1928d8707f701bd8df4039	2759882	presentation	concept renders and board images for presentation: not an engineering input
v2/images/concept-1450/meshsat-1450-assembly-3-plate-off.png	d19924ccbfd13d61c304e470893cccf240877545	2882267	presentation	concept renders and board images for presentation: not an engineering input
v2/images/concept-1450/meshsat-1450-assembly-4-stack-out.png	2978916300e8c8b4eb2f5b26b2b6d91ca8b33e32	2938902	presentation	concept renders and board images for presentation: not an engineering input
v2/images/concept-1450/meshsat-1450-assembly-5-dock.png	b4d1503be56cdb0c6d354b59b3ef8b6146a54876	3617072	presentation	concept renders and board images for presentation: not an engineering input
v2/images/concept-1450/meshsat-1450-az000-el20-closed.png	3c0e5ee9a591ad5c23e01305faadb9ba46a11713	2692915	presentation	concept renders and board images for presentation: not an engineering input
v2/images/concept-1450/meshsat-1450-az000-el40-open.png	94acda400223d37bf3d4cfacebec7bb4ccc8484b	3148014	presentation	concept renders and board images for presentation: not an engineering input
v2/images/concept-1450/meshsat-1450-az045-el40-open.png	005cb22df3ac7e42d98cce60066354888f245cfa	3284383	presentation	concept renders and board images for presentation: not an engineering input
v2/images/concept-1450/meshsat-1450-az090-el20-closed.png	f40f78c1927ccd7abc2b7f2ca70df972621d01d3	2696574	presentation	concept renders and board images for presentation: not an engineering input
v2/images/concept-1450/meshsat-1450-az090-el40-open.png	a12a368d76488aa746bce9d1a460078fe30078b0	3128756	presentation	concept renders and board images for presentation: not an engineering input
v2/images/concept-1450/meshsat-1450-az135-el40-open-nocables.png	43625540e37009d88d46948879aeab4880406ae9	3156864	presentation	concept renders and board images for presentation: not an engineering input
v2/images/concept-1450/meshsat-1450-az135-el40-open.png	ee901a8c16fc554ec945255c6d208d78c1b582f3	3206922	presentation	concept renders and board images for presentation: not an engineering input
v2/images/concept-1450/meshsat-1450-az180-el20-closed.png	f34648bc178701323f1d14c18d6e8ed6dd079552	2702796	presentation	concept renders and board images for presentation: not an engineering input
v2/images/concept-1450/meshsat-1450-az180-el40-open.png	51ea2976859a2a5d5a36cac9bc0be4c0a5ee7aff	3061334	presentation	concept renders and board images for presentation: not an engineering input
v2/images/concept-1450/meshsat-1450-az225-el40-open.png	751d454c1df1e10162f4865d1fe1a9d7b8507085	3224604	presentation	concept renders and board images for presentation: not an engineering input
v2/images/concept-1450/meshsat-1450-az270-el20-closed.png	62b7040625e2af615f81c4260aa926214a8718c4	2707644	presentation	concept renders and board images for presentation: not an engineering input
v2/images/concept-1450/meshsat-1450-az270-el40-open.png	f1a212ed4980039189f5c5f8436d30ed6ffac8a2	3143165	presentation	concept renders and board images for presentation: not an engineering input
v2/images/concept-1450/meshsat-1450-az315-el40-open.png	f2bc32dbcba3742aaaa69a2e55d7bb3e83882d0d	3285793	presentation	concept renders and board images for presentation: not an engineering input
v2/images/concept-1450/meshsat-1450-back-wall-nocables.png	016ef7473371cfca5eab84d0de8dfa0642f164ff	3203080	presentation	concept renders and board images for presentation: not an engineering input
v2/images/concept-1450/meshsat-1450-back-wall.png	7d329073dc3a1a9deb06a81a4c42ceb663044fc6	3305378	presentation	concept renders and board images for presentation: not an engineering input
v2/images/concept-1450/meshsat-1450-connector-plate.png	be0ebba3892d1ef15be8c17fb1e648eaae76c021	3779488	presentation	concept renders and board images for presentation: not an engineering input
v2/images/concept-1450/meshsat-1450-cutaway-east.png	234e1a744187d2d90a6e32e6ac84da5ca015c5e5	3602012	presentation	concept renders and board images for presentation: not an engineering input
v2/images/concept-1450/meshsat-1450-cutaway.png	cf6095c5798743ab50f63a8ec7d3d891a8793822	3549523	presentation	concept renders and board images for presentation: not an engineering input
v2/images/concept-1450/meshsat-1450-dock-joint-a22.png	064d75a9dd10cd9bf1b78262c37585613f49ac10	4152013	presentation	concept renders and board images for presentation: not an engineering input
v2/images/concept-1450/meshsat-1450-dock-joint.png	7f5855da0614e74d3c19dcdedbbfd3abb2151dc2	3964376	presentation	concept renders and board images for presentation: not an engineering input
v2/images/concept-1450/meshsat-1450-east-wall-inside.png	f6642f48043c65754127819cccec50f54496e95d	3695482	presentation	concept renders and board images for presentation: not an engineering input
v2/images/concept-1450/meshsat-1450-east-wall.png	e5cb15e537ee32c7a48affaaf43b6709daf310c9	3101796	presentation	concept renders and board images for presentation: not an engineering input
v2/images/concept-1450/meshsat-1450-face-detail-left.png	8cd5b1a2ff09faa4ab830f34e556d6edb03f9203	4023170	presentation	concept renders and board images for presentation: not an engineering input
v2/images/concept-1450/meshsat-1450-face-detail-right.png	4e0a9cbd6a8e21c92f4d97d371d972afb45c83b6	3993913	presentation	concept renders and board images for presentation: not an engineering input
v2/images/concept-1450/meshsat-1450-face-pa-underside.png	5f437e767c8f401c25e37d8ea71198e7c2a97074	3937513	presentation	concept renders and board images for presentation: not an engineering input
v2/images/concept-1450/meshsat-1450-face-underside-top.png	aa08e07213d5fbd860bb746f035c13e7701d4927	4027189	presentation	concept renders and board images for presentation: not an engineering input
v2/images/concept-1450/meshsat-1450-face-underside.png	41fcc11e5ad1b578809cc5147eb9d2c6107c3379	3629552	presentation	concept renders and board images for presentation: not an engineering input
v2/images/concept-1450/meshsat-1450-level-a22-top.png	1cea785dd73b0afa85e5c85aea33a1ec27e18ca4	3747451	presentation	concept renders and board images for presentation: not an engineering input
v2/images/concept-1450/meshsat-1450-level-a22.png	0ea9b00aa83d1a3ffee6f7edca4d6c91fefee5ff	3766858	presentation	concept renders and board images for presentation: not an engineering input
v2/images/concept-1450/meshsat-1450-level-b16.png	958e9dd0aec3fb0729d4bbd74fc789bb0981f7f8	3820604	presentation	concept renders and board images for presentation: not an engineering input
v2/images/concept-1450/meshsat-1450-level-d8.png	745d8e60d032163f1c605d06c959601a95890ef4	3786746	presentation	concept renders and board images for presentation: not an engineering input
v2/images/concept-1450/meshsat-1450-level-dock-top.png	ecf197f8dc54de93730069154a44b3450f96b6b3	3640820	presentation	concept renders and board images for presentation: not an engineering input
v2/images/concept-1450/meshsat-1450-level-dock.png	c5d38f52c989d23c77b3ac666aa1246c8bc84979	3785813	presentation	concept renders and board images for presentation: not an engineering input
v2/images/concept-1450/meshsat-1450-lid-inside.png	c81efbf887345c8a01b3a10f2b7adbd781cd7a68	3205750	presentation	concept renders and board images for presentation: not an engineering input
v2/images/concept-1450/meshsat-1450-stack-no-face-back.png	129dd306986d989531d7fe76ff7a45323ffcebe3	3682845	presentation	concept renders and board images for presentation: not an engineering input
v2/images/concept-1450/meshsat-1450-stack-no-face-east.png	90416d292681f6ba4f2c0f02ccd7c48d87c82dfd	3745564	presentation	concept renders and board images for presentation: not an engineering input
v2/images/concept-1450/meshsat-1450-stack-no-face-top.png	bbbdba14a3f53367936ab50b482ee80c026b7ccc	3556891	presentation	concept renders and board images for presentation: not an engineering input
v2/images/concept-1450/meshsat-1450-stack-no-face.png	ac79a8c1ebe9088d45903252f0f0969e03ffdcc0	3820378	presentation	concept renders and board images for presentation: not an engineering input
v2/images/concept-1450/meshsat-1450-top-face.png	3a740f6b05dfab536ecce461b0d2337b50af63d0	3252738	presentation	concept renders and board images for presentation: not an engineering input
v2/images/concept-1450/meshsat-1450-west-wall-inside.png	b7ab6c9cb8543bd875188a6044fec1343181f753	3684567	presentation	concept renders and board images for presentation: not an engineering input
v2/images/concept-1450/meshsat-1450-west-wall.png	6bf3c456092c404699ef8cd87485079ee6b81d90	3105246	presentation	concept renders and board images for presentation: not an engineering input
v2/images/concept-1450/set-nine/01-assembly-1-closed.png	2c302f2276cd971bedf6db874a79e04190b048c3	2520175	presentation	concept renders and board images for presentation: not an engineering input
v2/images/concept-1450/set-nine/02-assembly-2-lid-open.png	7bc97391d76ade72400512676008ac0f9504a6ff	2766669	presentation	concept renders and board images for presentation: not an engineering input
v2/images/concept-1450/set-nine/03-assembly-3-plate-off.png	15a45cead6c570ad6e1c198ff25278428b5bbad1	2898978	presentation	concept renders and board images for presentation: not an engineering input
v2/images/concept-1450/set-nine/04-assembly-4-stack-out.png	80e08121194ec8b043e2f07d6eb7c4c324da2347	2951753	presentation	concept renders and board images for presentation: not an engineering input
v2/images/concept-1450/set-nine/05-assembly-5-dock.png	47ed0938dc834988178c289182e46c9f6a777a6e	3614571	presentation	concept renders and board images for presentation: not an engineering input
v2/images/concept-1450/set-nine/06-az135-el40-open-nocables.png	9db8fc030d2e7bbd6732146843dd9d597509c3b1	3167331	presentation	concept renders and board images for presentation: not an engineering input
v2/images/concept-1450/set-nine/07-top-face.png	53b1b418c11158c93e9191fbd7b71539ce070fef	3257347	presentation	concept renders and board images for presentation: not an engineering input
v2/images/concept-1450/set-nine/08-face-detail-left.png	6584c15e554e33e63e12c96b71be4c4e7d64f9ce	4169522	presentation	concept renders and board images for presentation: not an engineering input
v2/images/concept-1450/set-nine/09-face-detail-right.png	9125ce7f5a973110e23b1be1d4fb5925812bff0f	4153652	presentation	concept renders and board images for presentation: not an engineering input
v2/images/concept-1450/set-nine/10-face-underside.png	cd30cc9e81f3165fdadb9dd22f31b8b6dd318e65	3569225	presentation	concept renders and board images for presentation: not an engineering input
v2/images/concept-1450/set-nine/11-stack-no-face-top.png	fc448e66daf4bc22affbd06d192870bc4743bce5	3548401	presentation	concept renders and board images for presentation: not an engineering input
v2/images/concept-1450/set-nine/12-cutaway.png	571fcfe7a1d8b3ec75aa8ca3383dd402843eb594	3538996	presentation	concept renders and board images for presentation: not an engineering input
v2/images/concept-1450/set-nine/13-lid-inside.png	d2d999e93403496205a08a46d6c2f271ec57ffd3	3187239	presentation	concept renders and board images for presentation: not an engineering input
v2/images/concept-1450/set-nine/14-connector-plate.png	6fba6e6a2a60c271fe2e6c5622ab75985025cd71	3781010	presentation	concept renders and board images for presentation: not an engineering input
v2/images/concept-1450/set-nine/15-east-wall.png	19ef021748b1b4cc8b44766f57a105adf08f3d77	3108196	presentation	concept renders and board images for presentation: not an engineering input
v2/images/concept-1450/set-nine/16-west-wall.png	5d36a590d5fac024a9dc1575f7f1878baf05918f	3110723	presentation	concept renders and board images for presentation: not an engineering input
v2/images/concept-1450/set-nine/17-dock-joint.png	e4cfc26ef7e24e913381416d5fd06da357dae490	3964928	presentation	concept renders and board images for presentation: not an engineering input
v2/images/concept-1450/set-nine/18-antennas-az045.png	23b19f1d10dc85cfa0dda67ec904d303636ecc2c	2912992	presentation	concept renders and board images for presentation: not an engineering input
v2/images/concept-1450/set-nine/README.md	52b844a95375eacc76aefb3c49ee3b2403547f33	1996	presentation	concept renders and board images for presentation: not an engineering input
v2/images/concept-1450/set-ten/01-assembly-1-closed.png	580fc923b3fac44a2fcfe6dd24f57daf7e507dba	2521127	presentation	concept renders and board images for presentation: not an engineering input
v2/images/concept-1450/set-ten/02-assembly-2-lid-open.png	933da04e653539c329eba982bae46de40a2a598f	2768235	presentation	concept renders and board images for presentation: not an engineering input
v2/images/concept-1450/set-ten/03-assembly-3-plate-off.png	03cd489a5acffee54c72415eb1aa9c574a29481a	2892512	presentation	concept renders and board images for presentation: not an engineering input
v2/images/concept-1450/set-ten/04-assembly-4-stack-out.png	cc527e208b0d0bf59415efe1d8755cd696bd00d8	2947887	presentation	concept renders and board images for presentation: not an engineering input
v2/images/concept-1450/set-ten/05-assembly-5-dock.png	cd3a1f07e673f0d98ba6a2f786e462a788c0ee08	3622995	presentation	concept renders and board images for presentation: not an engineering input
v2/images/concept-1450/set-ten/06-az135-el40-open-nocables.png	71a050a3a76973eef68fcd86f896b7100ec237c6	3156465	presentation	concept renders and board images for presentation: not an engineering input
v2/images/concept-1450/set-ten/07-top-face.png	351db89f24463870a493516271beede57fc66659	3154344	presentation	concept renders and board images for presentation: not an engineering input
v2/images/concept-1450/set-ten/08-face-detail-left.png	4453a62cd837b21d71361cbf47f7133047f423ce	4147128	presentation	concept renders and board images for presentation: not an engineering input
v2/images/concept-1450/set-ten/09-face-detail-right.png	d7658df9c503ea3a1a5fc048bfb4b8192baae08e	4149012	presentation	concept renders and board images for presentation: not an engineering input
v2/images/concept-1450/set-ten/10-face-underside.png	c040add4f0c570035db5ac3d6161f1ffc916c123	3583411	presentation	concept renders and board images for presentation: not an engineering input
v2/images/concept-1450/set-ten/11-stack-no-face-top.png	fd7465a548d3bb2ea3223abed3680c23c4b86648	3557251	presentation	concept renders and board images for presentation: not an engineering input
v2/images/concept-1450/set-ten/12-cutaway.png	4d17e3fefbb21f69ce32f67e3d68ba82b77d4187	3586262	presentation	concept renders and board images for presentation: not an engineering input
v2/images/concept-1450/set-ten/13-lid-inside.png	3cbc6743ffa050355334feded521fb77d3c65ec8	3205122	presentation	concept renders and board images for presentation: not an engineering input
v2/images/concept-1450/set-ten/14-connector-plate.png	32089abc8a580442fa28babd2d4ee1f7485da74c	3779774	presentation	concept renders and board images for presentation: not an engineering input
v2/images/concept-1450/set-ten/15-east-wall.png	5e797f6f759422300f5ea861310657c9b3483fb5	3101391	presentation	concept renders and board images for presentation: not an engineering input
v2/images/concept-1450/set-ten/16-west-wall.png	8f95ab5c5ca276db48bcc97a78dc03f95cc938a9	3102154	presentation	concept renders and board images for presentation: not an engineering input
v2/images/concept-1450/set-ten/17-dock-joint.png	b3b5ef9b07d39ad5347ef56d448e13627d8dee6d	3965954	presentation	concept renders and board images for presentation: not an engineering input
v2/images/concept-1450/set-ten/18-antennas-az045.png	27426557294bce37fed407405fbfe4060abf109e	2928628	presentation	concept renders and board images for presentation: not an engineering input
v2/images/concept-1450/set-ten/README.md	de78dbefa9f06ef8767a568ded33ab2987effbb1	2371	presentation	concept renders and board images for presentation: not an engineering input
v2/images/concept/meshsat-v2-concept-closed.png	943c55f5f4a93030d3dab9cff7cc4f77d7c4c2cb	3717024	presentation	concept renders and board images for presentation: not an engineering input
v2/images/concept/meshsat-v2-concept-cutaway.png	5776cec4832937808ac7c3ffaec708a61920661d	4849474	presentation	concept renders and board images for presentation: not an engineering input
v2/images/concept/meshsat-v2-concept-detail.png	639ad914b737de6fc07352a65a3e0bed30c53b55	4791845	presentation	concept renders and board images for presentation: not an engineering input
v2/images/concept/meshsat-v2-concept-hero.png	6696c510e1cb23ec7262d460022974967ea2ad03	4817793	presentation	concept renders and board images for presentation: not an engineering input
v2/images/concept/meshsat-v2-concept-overview.png	8154f3d19c13fe898357450f0f9e4245b9b774e9	4046126	presentation	concept renders and board images for presentation: not an engineering input
v2/images/concept/meshsat-v2-concept-top.png	4b1b7e086a539d7613038519461bc0f298f44162	4487621	presentation	concept renders and board images for presentation: not an engineering input
v2/images/face-section.png	4d06dbf770ff000b9583335479a33827d2d01b52	91023	presentation	concept renders and board images for presentation: not an engineering input
v2/images/pcb-a-power-top.png	58d84fbe71ab428a18861dc135f0c64a76dae21c	400474	presentation	concept renders and board images for presentation: not an engineering input
v2/images/pcb-b-compute-top.png	518025eace3a4b8ae175eb4e0d4fc18856f081c8	183114	presentation	concept renders and board images for presentation: not an engineering input
v2/images/pcb-c-display-top.png	9b4533db4ed0e3d92f089b697bab07d2da1520a0	123192	presentation	concept renders and board images for presentation: not an engineering input
v2/images/pcb-d-aprs-top.png	28f7cc265aee33f7eb48657ffd02681d68d9bcde	466984	presentation	concept renders and board images for presentation: not an engineering input
v2/images/pcb-e1-dock-top.png	d2deafb4566a8e9461b0bad89c9c5c26b1c18ae5	181864	presentation	concept renders and board images for presentation: not an engineering input
v2/images/pcb-e5-block-top.png	2e0968dd4a6af9f696709c5008db598784b1be7d	152905	presentation	concept renders and board images for presentation: not an engineering input
v2/images/pcb-p-pack-top.png	06923dfaffab616421ed88e0e4391f7bc190dc0f	255917	presentation	concept renders and board images for presentation: not an engineering input
v2/release/revA/boards/meshsat-pcb-a-revA-A19/README-fab.txt	93a24b9a9f49c531bcff2c37f1d196dc8c667a62	846	stale-layout	deliverable folders and review sheets of earlier layout phases (gerbers, BOM and CPL, DRC, renders, 1:1 prints); none carries the current netlist
v2/release/revA/boards/meshsat-pcb-a-revA-A19/meshsat.pretty/DMR858M.kicad_mod	b7eeb551102aaf3cf232a0c6261b57dd1babab12	5075	stale-layout	deliverable folders and review sheets of earlier layout phases (gerbers, BOM and CPL, DRC, renders, 1:1 prints); none carries the current netlist
v2/release/revA/boards/meshsat-pcb-a-revA-A19/meshsat.pretty/GuardedToggle_SPDT.kicad_mod	38753d04eef343c53a202ffe074672c6831c8630	1527	stale-layout	deliverable folders and review sheets of earlier layout phases (gerbers, BOM and CPL, DRC, renders, 1:1 prints); none carries the current netlist
v2/release/revA/boards/meshsat-pcb-a-revA-A19/meshsat.pretty/GuidePin_Dock.kicad_mod	b7ea90d1631656f172b7e0570dc68d5f06551e6d	757	stale-layout	deliverable folders and review sheets of earlier layout phases (gerbers, BOM and CPL, DRC, renders, 1:1 prints); none carries the current netlist
v2/release/revA/boards/meshsat-pcb-a-revA-A19/meshsat.pretty/GuidePin_Stack.kicad_mod	6bad73715f57372d8d64c8ced5d0701583eb296a	758	stale-layout	deliverable folders and review sheets of earlier layout phases (gerbers, BOM and CPL, DRC, renders, 1:1 prints); none carries the current netlist
v2/release/revA/boards/meshsat-pcb-a-revA-A19/meshsat.pretty/Mill-Max_0858_power_pin.kicad_mod	e7ae0538e73ccd2f68dc34445c4e96d31aaad04a	2238	stale-layout	deliverable folders and review sheets of earlier layout phases (gerbers, BOM and CPL, DRC, renders, 1:1 prints); none carries the current netlist
v2/release/revA/boards/meshsat-pcb-a-revA-A19/meshsat.pretty/Mill-Max_0858_target.kicad_mod	25a2f357d15b3e5461a3a06b60fae4716e12ddf5	3689	stale-layout	deliverable folders and review sheets of earlier layout phases (gerbers, BOM and CPL, DRC, renders, 1:1 prints); none carries the current netlist
v2/release/revA/boards/meshsat-pcb-a-revA-A19/meshsat.pretty/PanelSwitch_16mm.kicad_mod	c7a9d917e01650f7a5ebcde7c136d344a6974288	1595	stale-layout	deliverable folders and review sheets of earlier layout phases (gerbers, BOM and CPL, DRC, renders, 1:1 prints); none carries the current netlist
v2/release/revA/boards/meshsat-pcb-a-revA-A19/meshsat.pretty/PanelSwitch_19mm.kicad_mod	37112e786da76317d2e8ff2e0b3d80ee791e69f7	1596	stale-layout	deliverable folders and review sheets of earlier layout phases (gerbers, BOM and CPL, DRC, renders, 1:1 prints); none carries the current netlist
v2/release/revA/boards/meshsat-pcb-a-revA-A19/meshsat.pretty/PanelToggle_DPDT.kicad_mod	b88d92738f3dfe2f5f940c0e87e12dded482960e	1786	stale-layout	deliverable folders and review sheets of earlier layout phases (gerbers, BOM and CPL, DRC, renders, 1:1 prints); none carries the current netlist
v2/release/revA/boards/meshsat-pcb-a-revA-A19/meshsat.pretty/PogoPins_2x4.kicad_mod	cf1352c04a3707c564b094e95f8ec2b6c929f295	1514	stale-layout	deliverable folders and review sheets of earlier layout phases (gerbers, BOM and CPL, DRC, renders, 1:1 prints); none carries the current netlist
v2/release/revA/boards/meshsat-pcb-a-revA-A19/meshsat.pretty/PogoPins_2x6.kicad_mod	8705c1dca881bb048e98192cb9205567b3858eec	1921	stale-layout	deliverable folders and review sheets of earlier layout phases (gerbers, BOM and CPL, DRC, renders, 1:1 prints); none carries the current netlist
v2/release/revA/boards/meshsat-pcb-a-revA-A19/meshsat.pretty/PogoTargets_2x4.kicad_mod	f12181613f62896296bc45af4e7ac3834083dda6	1340	stale-layout	deliverable folders and review sheets of earlier layout phases (gerbers, BOM and CPL, DRC, renders, 1:1 prints); none carries the current netlist
v2/release/revA/boards/meshsat-pcb-a-revA-A19/meshsat.pretty/PogoTargets_2x6.kicad_mod	0b5028a70be47bd7156e7cd419f0b644f5aeea8d	1663	stale-layout	deliverable folders and review sheets of earlier layout phases (gerbers, BOM and CPL, DRC, renders, 1:1 prints); none carries the current netlist
v2/release/revA/boards/meshsat-pcb-a-revA-A19/meshsat.pretty/Radiall_SMPMAX_R222M00720.kicad_mod	8b85546846fa3c00ab365f63af42027532b2ec52	4584	stale-layout	deliverable folders and review sheets of earlier layout phases (gerbers, BOM and CPL, DRC, renders, 1:1 prints); none carries the current netlist
v2/release/revA/boards/meshsat-pcb-a-revA-A19/meshsat.pretty/Slot_5x1.8_NPTH.kicad_mod	aa14174da5d277214ebb334ecbb5f0cede22eb27	428	stale-layout	deliverable folders and review sheets of earlier layout phases (gerbers, BOM and CPL, DRC, renders, 1:1 prints); none carries the current netlist
v2/release/revA/boards/meshsat-pcb-a-revA-A19/meshsat.pretty/SolderPad_8x6.kicad_mod	e54e951880f1177e8d14d774300fc58679397740	644	stale-layout	deliverable folders and review sheets of earlier layout phases (gerbers, BOM and CPL, DRC, renders, 1:1 prints); none carries the current netlist
v2/release/revA/boards/meshsat-pcb-a-revA-A19/meshsat.pretty/Texas_RQM0029A_QFN-29_4x4mm.kicad_mod	e834904a82b1f8acae5a591ee5c58a2222a76b23	8906	stale-layout	deliverable folders and review sheets of earlier layout phases (gerbers, BOM and CPL, DRC, renders, 1:1 prints); none carries the current netlist
v2/release/revA/boards/meshsat-pcb-a-revA-A19/meshsat.pretty/Texas_RQQ0011A_VQFN-HR-11_2.5x3mm.kicad_mod	413b76a1947732671281ae679d70cf692791c652	6467	stale-layout	deliverable folders and review sheets of earlier layout phases (gerbers, BOM and CPL, DRC, renders, 1:1 prints); none carries the current netlist
v2/release/revA/boards/meshsat-pcb-a-revA-A19/meshsat.pretty/WeAct_EPD_3p7.kicad_mod	4d3218b9fb116948e290dd5085abc24818cb8251	2202	stale-layout	deliverable folders and review sheets of earlier layout phases (gerbers, BOM and CPL, DRC, renders, 1:1 prints); none carries the current netlist
v2/release/revA/boards/meshsat-pcb-a-revA-A19/meshsat.pretty/WireHole_2mm.kicad_mod	4035c0334674f2bdca516ca60f29ce0361b81d7b	689	stale-layout	deliverable folders and review sheets of earlier layout phases (gerbers, BOM and CPL, DRC, renders, 1:1 prints); none carries the current netlist
v2/release/revA/boards/meshsat-pcb-a-revA-A19/meshsat.pretty/WireLands_2x6.kicad_mod	88fb8fac6ee7b88238030791e7ca12927d4625a9	1935	stale-layout	deliverable folders and review sheets of earlier layout phases (gerbers, BOM and CPL, DRC, renders, 1:1 prints); none carries the current netlist
v2/release/revA/boards/meshsat-pcb-a-revA-A19/pcb-a-power-1to1-bottom-mirrored.pdf	1f03c88b2dbb1d337a276009e90fbfd78a495f47	178461	stale-layout	deliverable folders and review sheets of earlier layout phases (gerbers, BOM and CPL, DRC, renders, 1:1 prints); none carries the current netlist
v2/release/revA/boards/meshsat-pcb-a-revA-A19/pcb-a-power-1to1-top.pdf	e472cbad19164627adde6cb4f1a8091080420983	280983	stale-layout	deliverable folders and review sheets of earlier layout phases (gerbers, BOM and CPL, DRC, renders, 1:1 prints); none carries the current netlist
v2/release/revA/boards/meshsat-pcb-a-revA-A19/pcb-a-power-bom.csv	9b50a12c71f67b4c664f665c95c15c2f1f88a63f	7278	stale-layout	deliverable folders and review sheets of earlier layout phases (gerbers, BOM and CPL, DRC, renders, 1:1 prints); none carries the current netlist
v2/release/revA/boards/meshsat-pcb-a-revA-A19/pcb-a-power-cpl.csv	e34a8f12e1117e5d243944b2e6cf26c174eb6801	10354	stale-layout	deliverable folders and review sheets of earlier layout phases (gerbers, BOM and CPL, DRC, renders, 1:1 prints); none carries the current netlist
v2/release/revA/boards/meshsat-pcb-a-revA-A19/pcb-a-power-drc.rpt	64133f0d9acbc6f6b8bdf05bbbb9991f7f0eee3c	9399	stale-layout	deliverable folders and review sheets of earlier layout phases (gerbers, BOM and CPL, DRC, renders, 1:1 prints); none carries the current netlist
v2/release/revA/boards/meshsat-pcb-a-revA-A19/pcb-a-power-gerbers.zip	6d3a8cff0436e92d3650835b8d3d861f2a964dc5	797662	stale-layout	deliverable folders and review sheets of earlier layout phases (gerbers, BOM and CPL, DRC, renders, 1:1 prints); none carries the current netlist
v2/release/revA/boards/meshsat-pcb-a-revA-A19/pcb-a-power-render-bottom.png	a7a0e34ca163199d58d1667576d39f41e992f6fe	84380	stale-layout	deliverable folders and review sheets of earlier layout phases (gerbers, BOM and CPL, DRC, renders, 1:1 prints); none carries the current netlist
v2/release/revA/boards/meshsat-pcb-a-revA-A19/pcb-a-power-render-top.png	87ddbb34fec35590ab900fa9f65e29ad33b69aab	137934	stale-layout	deliverable folders and review sheets of earlier layout phases (gerbers, BOM and CPL, DRC, renders, 1:1 prints); none carries the current netlist
v2/release/revA/boards/meshsat-pcb-a-revA-A19/pcb-a-power-schematic.pdf	1cd57e0070141b0a1cb052831d8c228cd7d7e21c	1804883	stale-layout	deliverable folders and review sheets of earlier layout phases (gerbers, BOM and CPL, DRC, renders, 1:1 prints); none carries the current netlist
v2/release/revA/boards/meshsat-pcb-a-revA-A19/pcb-a-power.kicad_pcb	809a49893b0f4dc26a848325ead0eef4891e575e	2669732	stale-layout	deliverable folders and review sheets of earlier layout phases (gerbers, BOM and CPL, DRC, renders, 1:1 prints); none carries the current netlist
v2/release/revA/boards/meshsat-pcb-a-revA-A19/pcb-a-power.kicad_pro	728626bcd9bf3b327eca3f39512937a4c309d381	12850	stale-layout	deliverable folders and review sheets of earlier layout phases (gerbers, BOM and CPL, DRC, renders, 1:1 prints); none carries the current netlist
v2/release/revA/boards/meshsat-pcb-a-revA-A19/pcb-a-power.kicad_sch	4ea1742db9d0b7f1febcf2e3dc40052c1fd53db2	914982	stale-layout	deliverable folders and review sheets of earlier layout phases (gerbers, BOM and CPL, DRC, renders, 1:1 prints); none carries the current netlist
v2/release/revA/boards/meshsat-pcb-a-revA-A20/README-fab.txt	beedeee0f1bc6b4072f80e64faca171c054b0526	846	stale-layout	deliverable folders and review sheets of earlier layout phases (gerbers, BOM and CPL, DRC, renders, 1:1 prints); none carries the current netlist
v2/release/revA/boards/meshsat-pcb-a-revA-A20/meshsat.pretty/CM5_Amphenol_10164227.kicad_mod	420dacd5e3ec1a0c66b430fb525dba18d1dc2917	37300	stale-layout	deliverable folders and review sheets of earlier layout phases (gerbers, BOM and CPL, DRC, renders, 1:1 prints); none carries the current netlist
v2/release/revA/boards/meshsat-pcb-a-revA-A20/meshsat.pretty/CM5_Conn_A_10164227.kicad_mod	babefb7b93929185782ea645a07b0835ca738c07	17831	stale-layout	deliverable folders and review sheets of earlier layout phases (gerbers, BOM and CPL, DRC, renders, 1:1 prints); none carries the current netlist
v2/release/revA/boards/meshsat-pcb-a-revA-A20/meshsat.pretty/CM5_Conn_B_10164227.kicad_mod	f1a863ce6743c7cd63a13036d2b0bb8aa4dd23d1	18639	stale-layout	deliverable folders and review sheets of earlier layout phases (gerbers, BOM and CPL, DRC, renders, 1:1 prints); none carries the current netlist
v2/release/revA/boards/meshsat-pcb-a-revA-A20/meshsat.pretty/DMR858M.kicad_mod	b7eeb551102aaf3cf232a0c6261b57dd1babab12	5075	stale-layout	deliverable folders and review sheets of earlier layout phases (gerbers, BOM and CPL, DRC, renders, 1:1 prints); none carries the current netlist
v2/release/revA/boards/meshsat-pcb-a-revA-A20/meshsat.pretty/Ebyte_E72-2G4M20S1E.kicad_mod	d254ca6c23c8c475e80b8bed202fda372dc8ad00	7098	stale-layout	deliverable folders and review sheets of earlier layout phases (gerbers, BOM and CPL, DRC, renders, 1:1 prints); none carries the current netlist
v2/release/revA/boards/meshsat-pcb-a-revA-A20/meshsat.pretty/FrameScrew_M3_GND.kicad_mod	f92a3c2825954d6206a4affe969198fccf3a1255	950	stale-layout	deliverable folders and review sheets of earlier layout phases (gerbers, BOM and CPL, DRC, renders, 1:1 prints); none carries the current netlist
v2/release/revA/boards/meshsat-pcb-a-revA-A20/meshsat.pretty/GuardedToggle_SPDT.kicad_mod	0b93bdcd4fb501a1824a9de49059c8cc4f6af8cf	2463	stale-layout	deliverable folders and review sheets of earlier layout phases (gerbers, BOM and CPL, DRC, renders, 1:1 prints); none carries the current netlist
v2/release/revA/boards/meshsat-pcb-a-revA-A20/meshsat.pretty/GuidePin_Dock.kicad_mod	b7ea90d1631656f172b7e0570dc68d5f06551e6d	757	stale-layout	deliverable folders and review sheets of earlier layout phases (gerbers, BOM and CPL, DRC, renders, 1:1 prints); none carries the current netlist
v2/release/revA/boards/meshsat-pcb-a-revA-A20/meshsat.pretty/GuidePin_Stack.kicad_mod	6bad73715f57372d8d64c8ced5d0701583eb296a	758	stale-layout	deliverable folders and review sheets of earlier layout phases (gerbers, BOM and CPL, DRC, renders, 1:1 prints); none carries the current netlist
v2/release/revA/boards/meshsat-pcb-a-revA-A20/meshsat.pretty/Hirose_FH12-22S-0.5SH_1x22-1MP_P0.50mm_Horizontal.kicad_mod	0b67a52f9e86c229f5e76d05d0bad6fa27c9a8cd	8478	stale-layout	deliverable folders and review sheets of earlier layout phases (gerbers, BOM and CPL, DRC, renders, 1:1 prints); none carries the current netlist
v2/release/revA/boards/meshsat-pcb-a-revA-A20/meshsat.pretty/LeadLands_1x02.kicad_mod	684dba90f12f0d7c586f63996de6a859f5e9104c	940	stale-layout	deliverable folders and review sheets of earlier layout phases (gerbers, BOM and CPL, DRC, renders, 1:1 prints); none carries the current netlist
v2/release/revA/boards/meshsat-pcb-a-revA-A20/meshsat.pretty/Mill-Max_0858_power_pin.kicad_mod	e7ae0538e73ccd2f68dc34445c4e96d31aaad04a	2238	stale-layout	deliverable folders and review sheets of earlier layout phases (gerbers, BOM and CPL, DRC, renders, 1:1 prints); none carries the current netlist
v2/release/revA/boards/meshsat-pcb-a-revA-A20/meshsat.pretty/Mill-Max_0858_target.kicad_mod	25a2f357d15b3e5461a3a06b60fae4716e12ddf5	3689	stale-layout	deliverable folders and review sheets of earlier layout phases (gerbers, BOM and CPL, DRC, renders, 1:1 prints); none carries the current netlist
v2/release/revA/boards/meshsat-pcb-a-revA-A20/meshsat.pretty/MiniPCIe_Socket_52P_H4.0_Standoff.kicad_mod	22dfefd604c75cbf02106436d5a51850762dcefa	9992	stale-layout	deliverable folders and review sheets of earlier layout phases (gerbers, BOM and CPL, DRC, renders, 1:1 prints); none carries the current netlist
v2/release/revA/boards/meshsat-pcb-a-revA-A20/meshsat.pretty/PanelSounder.kicad_mod	a19c1e3dbcf98b697df2802f871938b701b7bf06	1333	stale-layout	deliverable folders and review sheets of earlier layout phases (gerbers, BOM and CPL, DRC, renders, 1:1 prints); none carries the current netlist
v2/release/revA/boards/meshsat-pcb-a-revA-A20/meshsat.pretty/PanelSwitch_16mm.kicad_mod	0a623a3e226ad6174334b806b85cc4e02f26f014	1514	stale-layout	deliverable folders and review sheets of earlier layout phases (gerbers, BOM and CPL, DRC, renders, 1:1 prints); none carries the current netlist
v2/release/revA/boards/meshsat-pcb-a-revA-A20/meshsat.pretty/PanelSwitch_19mm.kicad_mod	2544a22529720cbfd41819913bfe8a522d217b31	1514	stale-layout	deliverable folders and review sheets of earlier layout phases (gerbers, BOM and CPL, DRC, renders, 1:1 prints); none carries the current netlist
v2/release/revA/boards/meshsat-pcb-a-revA-A20/meshsat.pretty/PanelToggle_DPDT.kicad_mod	f8796fa733bc66f5e2cd65cf3bfe743dc8259bbd	3533	stale-layout	deliverable folders and review sheets of earlier layout phases (gerbers, BOM and CPL, DRC, renders, 1:1 prints); none carries the current netlist
v2/release/revA/boards/meshsat-pcb-a-revA-A20/meshsat.pretty/PogoPins_2x4.kicad_mod	cb9ae20ccdc1803b624a44ff6be0787babb50f04	1514	stale-layout	deliverable folders and review sheets of earlier layout phases (gerbers, BOM and CPL, DRC, renders, 1:1 prints); none carries the current netlist
v2/release/revA/boards/meshsat-pcb-a-revA-A20/meshsat.pretty/PogoPins_2x6.kicad_mod	8705c1dca881bb048e98192cb9205567b3858eec	1921	stale-layout	deliverable folders and review sheets of earlier layout phases (gerbers, BOM and CPL, DRC, renders, 1:1 prints); none carries the current netlist
v2/release/revA/boards/meshsat-pcb-a-revA-A20/meshsat.pretty/PogoTargets_2x4.kicad_mod	f12181613f62896296bc45af4e7ac3834083dda6	1340	stale-layout	deliverable folders and review sheets of earlier layout phases (gerbers, BOM and CPL, DRC, renders, 1:1 prints); none carries the current netlist
v2/release/revA/boards/meshsat-pcb-a-revA-A20/meshsat.pretty/PogoTargets_2x6.kicad_mod	0b5028a70be47bd7156e7cd419f0b644f5aeea8d	1663	stale-layout	deliverable folders and review sheets of earlier layout phases (gerbers, BOM and CPL, DRC, renders, 1:1 prints); none carries the current netlist
v2/release/revA/boards/meshsat-pcb-a-revA-A20/meshsat.pretty/Radiall_SMPMAX_R222M00720.kicad_mod	8b85546846fa3c00ab365f63af42027532b2ec52	4584	stale-layout	deliverable folders and review sheets of earlier layout phases (gerbers, BOM and CPL, DRC, renders, 1:1 prints); none carries the current netlist
v2/release/revA/boards/meshsat-pcb-a-revA-A20/meshsat.pretty/Seeed_Wio-SX1262.kicad_mod	13f3ad42fc07c6d98e2b3a1ef174374bfb80672a	4015	stale-layout	deliverable folders and review sheets of earlier layout phases (gerbers, BOM and CPL, DRC, renders, 1:1 prints); none carries the current netlist
v2/release/revA/boards/meshsat-pcb-a-revA-A20/meshsat.pretty/Slot_5x1.8_NPTH.kicad_mod	aa14174da5d277214ebb334ecbb5f0cede22eb27	428	stale-layout	deliverable folders and review sheets of earlier layout phases (gerbers, BOM and CPL, DRC, renders, 1:1 prints); none carries the current netlist
v2/release/revA/boards/meshsat-pcb-a-revA-A20/meshsat.pretty/SolderPad_8x6.kicad_mod	e54e951880f1177e8d14d774300fc58679397740	644	stale-layout	deliverable folders and review sheets of earlier layout phases (gerbers, BOM and CPL, DRC, renders, 1:1 prints); none carries the current netlist
v2/release/revA/boards/meshsat-pcb-a-revA-A20/meshsat.pretty/Texas_RQM0029A_QFN-29_4x4mm.kicad_mod	e834904a82b1f8acae5a591ee5c58a2222a76b23	8906	stale-layout	deliverable folders and review sheets of earlier layout phases (gerbers, BOM and CPL, DRC, renders, 1:1 prints); none carries the current netlist
v2/release/revA/boards/meshsat-pcb-a-revA-A20/meshsat.pretty/Texas_RQQ0011A_VQFN-HR-11_2.5x3mm.kicad_mod	413b76a1947732671281ae679d70cf692791c652	6467	stale-layout	deliverable folders and review sheets of earlier layout phases (gerbers, BOM and CPL, DRC, renders, 1:1 prints); none carries the current netlist
v2/release/revA/boards/meshsat-pcb-a-revA-A20/meshsat.pretty/WeAct_EPD_3p7.kicad_mod	4d3218b9fb116948e290dd5085abc24818cb8251	2202	stale-layout	deliverable folders and review sheets of earlier layout phases (gerbers, BOM and CPL, DRC, renders, 1:1 prints); none carries the current netlist
v2/release/revA/boards/meshsat-pcb-a-revA-A20/meshsat.pretty/WireHole_2mm.kicad_mod	4035c0334674f2bdca516ca60f29ce0361b81d7b	689	stale-layout	deliverable folders and review sheets of earlier layout phases (gerbers, BOM and CPL, DRC, renders, 1:1 prints); none carries the current netlist
v2/release/revA/boards/meshsat-pcb-a-revA-A20/meshsat.pretty/WireLands_2x6.kicad_mod	88fb8fac6ee7b88238030791e7ca12927d4625a9	1935	stale-layout	deliverable folders and review sheets of earlier layout phases (gerbers, BOM and CPL, DRC, renders, 1:1 prints); none carries the current netlist
v2/release/revA/boards/meshsat-pcb-a-revA-A20/pcb-a-power-1to1-bottom-mirrored.pdf	28be86c88c5d7a24746db9b1802b4c9d64dc138e	146641	stale-layout	deliverable folders and review sheets of earlier layout phases (gerbers, BOM and CPL, DRC, renders, 1:1 prints); none carries the current netlist
v2/release/revA/boards/meshsat-pcb-a-revA-A20/pcb-a-power-1to1-top.pdf	0931137f3f618be77ac61056ad997fac4803ab33	227024	stale-layout	deliverable folders and review sheets of earlier layout phases (gerbers, BOM and CPL, DRC, renders, 1:1 prints); none carries the current netlist
v2/release/revA/boards/meshsat-pcb-a-revA-A20/pcb-a-power-bom.csv	535495e087dbabe2b9087094044c2d45cec762dc	6830	stale-layout	deliverable folders and review sheets of earlier layout phases (gerbers, BOM and CPL, DRC, renders, 1:1 prints); none carries the current netlist
v2/release/revA/boards/meshsat-pcb-a-revA-A20/pcb-a-power-cpl.csv	96a5334284230dedf154bd4309fa412c3502c3f7	7720	stale-layout	deliverable folders and review sheets of earlier layout phases (gerbers, BOM and CPL, DRC, renders, 1:1 prints); none carries the current netlist
v2/release/revA/boards/meshsat-pcb-a-revA-A20/pcb-a-power-drc.rpt	dc184e6a5ac46dd2b7afdc1e87e30100ca4afbe7	12332	stale-layout	deliverable folders and review sheets of earlier layout phases (gerbers, BOM and CPL, DRC, renders, 1:1 prints); none carries the current netlist
v2/release/revA/boards/meshsat-pcb-a-revA-A20/pcb-a-power-gerbers.zip	2a703d8b6a41d04b16db1a2b183eafbfd92940fe	607306	stale-layout	deliverable folders and review sheets of earlier layout phases (gerbers, BOM and CPL, DRC, renders, 1:1 prints); none carries the current netlist
v2/release/revA/boards/meshsat-pcb-a-revA-A20/pcb-a-power-render-bottom.png	ba98d8fc1f4c1ff1095f1aa3f3b27691f8a6ae6c	70893	stale-layout	deliverable folders and review sheets of earlier layout phases (gerbers, BOM and CPL, DRC, renders, 1:1 prints); none carries the current netlist
v2/release/revA/boards/meshsat-pcb-a-revA-A20/pcb-a-power-render-top.png	a8f0f6ee530055b0eac0ed04b3f09ba9a3f3ba9a	110921	stale-layout	deliverable folders and review sheets of earlier layout phases (gerbers, BOM and CPL, DRC, renders, 1:1 prints); none carries the current netlist
v2/release/revA/boards/meshsat-pcb-a-revA-A20/pcb-a-power-schematic.pdf	4472a0e799743c7e66d9d810a6e19c5de5f9f078	1425955	stale-layout	deliverable folders and review sheets of earlier layout phases (gerbers, BOM and CPL, DRC, renders, 1:1 prints); none carries the current netlist
v2/release/revA/boards/meshsat-pcb-a-revA-A20/pcb-a-power.kicad_pcb	fdf54f126976b5bf7681318ffa3f2a5f51e70e3b	1865963	stale-layout	deliverable folders and review sheets of earlier layout phases (gerbers, BOM and CPL, DRC, renders, 1:1 prints); none carries the current netlist
v2/release/revA/boards/meshsat-pcb-a-revA-A20/pcb-a-power.kicad_pro	728626bcd9bf3b327eca3f39512937a4c309d381	12850	stale-layout	deliverable folders and review sheets of earlier layout phases (gerbers, BOM and CPL, DRC, renders, 1:1 prints); none carries the current netlist
v2/release/revA/boards/meshsat-pcb-a-revA-A20/pcb-a-power.kicad_sch	4007a93b67efcb34ac373ffcec41cb31c1b0305f	679849	stale-layout	deliverable folders and review sheets of earlier layout phases (gerbers, BOM and CPL, DRC, renders, 1:1 prints); none carries the current netlist
v2/release/revA/boards/meshsat-pcb-a-revA-A21/README-fab.txt	beedeee0f1bc6b4072f80e64faca171c054b0526	846	stale-layout	deliverable folders and review sheets of earlier layout phases (gerbers, BOM and CPL, DRC, renders, 1:1 prints); none carries the current netlist
v2/release/revA/boards/meshsat-pcb-a-revA-A21/meshsat.pretty/CM5_Amphenol_10164227.kicad_mod	420dacd5e3ec1a0c66b430fb525dba18d1dc2917	37300	stale-layout	deliverable folders and review sheets of earlier layout phases (gerbers, BOM and CPL, DRC, renders, 1:1 prints); none carries the current netlist
v2/release/revA/boards/meshsat-pcb-a-revA-A21/meshsat.pretty/CM5_Conn_A_10164227.kicad_mod	babefb7b93929185782ea645a07b0835ca738c07	17831	stale-layout	deliverable folders and review sheets of earlier layout phases (gerbers, BOM and CPL, DRC, renders, 1:1 prints); none carries the current netlist
v2/release/revA/boards/meshsat-pcb-a-revA-A21/meshsat.pretty/CM5_Conn_B_10164227.kicad_mod	f1a863ce6743c7cd63a13036d2b0bb8aa4dd23d1	18639	stale-layout	deliverable folders and review sheets of earlier layout phases (gerbers, BOM and CPL, DRC, renders, 1:1 prints); none carries the current netlist
v2/release/revA/boards/meshsat-pcb-a-revA-A21/meshsat.pretty/DMR858M.kicad_mod	b7eeb551102aaf3cf232a0c6261b57dd1babab12	5075	stale-layout	deliverable folders and review sheets of earlier layout phases (gerbers, BOM and CPL, DRC, renders, 1:1 prints); none carries the current netlist
v2/release/revA/boards/meshsat-pcb-a-revA-A21/meshsat.pretty/Ebyte_E72-2G4M20S1E.kicad_mod	d254ca6c23c8c475e80b8bed202fda372dc8ad00	7098	stale-layout	deliverable folders and review sheets of earlier layout phases (gerbers, BOM and CPL, DRC, renders, 1:1 prints); none carries the current netlist
v2/release/revA/boards/meshsat-pcb-a-revA-A21/meshsat.pretty/FrameScrew_M3_GND.kicad_mod	f92a3c2825954d6206a4affe969198fccf3a1255	950	stale-layout	deliverable folders and review sheets of earlier layout phases (gerbers, BOM and CPL, DRC, renders, 1:1 prints); none carries the current netlist
v2/release/revA/boards/meshsat-pcb-a-revA-A21/meshsat.pretty/GuardedToggle_SPDT.kicad_mod	0b93bdcd4fb501a1824a9de49059c8cc4f6af8cf	2463	stale-layout	deliverable folders and review sheets of earlier layout phases (gerbers, BOM and CPL, DRC, renders, 1:1 prints); none carries the current netlist
v2/release/revA/boards/meshsat-pcb-a-revA-A21/meshsat.pretty/GuidePin_Dock.kicad_mod	b7ea90d1631656f172b7e0570dc68d5f06551e6d	757	stale-layout	deliverable folders and review sheets of earlier layout phases (gerbers, BOM and CPL, DRC, renders, 1:1 prints); none carries the current netlist
v2/release/revA/boards/meshsat-pcb-a-revA-A21/meshsat.pretty/GuidePin_Stack.kicad_mod	6bad73715f57372d8d64c8ced5d0701583eb296a	758	stale-layout	deliverable folders and review sheets of earlier layout phases (gerbers, BOM and CPL, DRC, renders, 1:1 prints); none carries the current netlist
v2/release/revA/boards/meshsat-pcb-a-revA-A21/meshsat.pretty/Hirose_FH12-22S-0.5SH_1x22-1MP_P0.50mm_Horizontal.kicad_mod	0b67a52f9e86c229f5e76d05d0bad6fa27c9a8cd	8478	stale-layout	deliverable folders and review sheets of earlier layout phases (gerbers, BOM and CPL, DRC, renders, 1:1 prints); none carries the current netlist
v2/release/revA/boards/meshsat-pcb-a-revA-A21/meshsat.pretty/LeadLands_1x02.kicad_mod	684dba90f12f0d7c586f63996de6a859f5e9104c	940	stale-layout	deliverable folders and review sheets of earlier layout phases (gerbers, BOM and CPL, DRC, renders, 1:1 prints); none carries the current netlist
v2/release/revA/boards/meshsat-pcb-a-revA-A21/meshsat.pretty/M2_E-Key_Socket_2230.kicad_mod	f535d6ccbcb8827a1ba076c8ff4d473446042c3a	11906	stale-layout	deliverable folders and review sheets of earlier layout phases (gerbers, BOM and CPL, DRC, renders, 1:1 prints); none carries the current netlist
v2/release/revA/boards/meshsat-pcb-a-revA-A21/meshsat.pretty/Mill-Max_0858_power_pin.kicad_mod	e7ae0538e73ccd2f68dc34445c4e96d31aaad04a	2238	stale-layout	deliverable folders and review sheets of earlier layout phases (gerbers, BOM and CPL, DRC, renders, 1:1 prints); none carries the current netlist
v2/release/revA/boards/meshsat-pcb-a-revA-A21/meshsat.pretty/Mill-Max_0858_target.kicad_mod	847341092da38e4370746c238f1ec88a109ce3a1	3349	stale-layout	deliverable folders and review sheets of earlier layout phases (gerbers, BOM and CPL, DRC, renders, 1:1 prints); none carries the current netlist
v2/release/revA/boards/meshsat-pcb-a-revA-A21/meshsat.pretty/MiniPCIe_Socket_52P_H4.0_Standoff.kicad_mod	22dfefd604c75cbf02106436d5a51850762dcefa	9992	stale-layout	deliverable folders and review sheets of earlier layout phases (gerbers, BOM and CPL, DRC, renders, 1:1 prints); none carries the current netlist
v2/release/revA/boards/meshsat-pcb-a-revA-A21/meshsat.pretty/PanelSounder.kicad_mod	a19c1e3dbcf98b697df2802f871938b701b7bf06	1333	stale-layout	deliverable folders and review sheets of earlier layout phases (gerbers, BOM and CPL, DRC, renders, 1:1 prints); none carries the current netlist
v2/release/revA/boards/meshsat-pcb-a-revA-A21/meshsat.pretty/PanelSwitch_16mm.kicad_mod	0a623a3e226ad6174334b806b85cc4e02f26f014	1514	stale-layout	deliverable folders and review sheets of earlier layout phases (gerbers, BOM and CPL, DRC, renders, 1:1 prints); none carries the current netlist
v2/release/revA/boards/meshsat-pcb-a-revA-A21/meshsat.pretty/PanelSwitch_19mm.kicad_mod	2544a22529720cbfd41819913bfe8a522d217b31	1514	stale-layout	deliverable folders and review sheets of earlier layout phases (gerbers, BOM and CPL, DRC, renders, 1:1 prints); none carries the current netlist
v2/release/revA/boards/meshsat-pcb-a-revA-A21/meshsat.pretty/PanelToggle_DPDT.kicad_mod	f8796fa733bc66f5e2cd65cf3bfe743dc8259bbd	3533	stale-layout	deliverable folders and review sheets of earlier layout phases (gerbers, BOM and CPL, DRC, renders, 1:1 prints); none carries the current netlist
v2/release/revA/boards/meshsat-pcb-a-revA-A21/meshsat.pretty/PogoPins_2x4.kicad_mod	cb9ae20ccdc1803b624a44ff6be0787babb50f04	1514	stale-layout	deliverable folders and review sheets of earlier layout phases (gerbers, BOM and CPL, DRC, renders, 1:1 prints); none carries the current netlist
v2/release/revA/boards/meshsat-pcb-a-revA-A21/meshsat.pretty/PogoPins_2x6.kicad_mod	8705c1dca881bb048e98192cb9205567b3858eec	1921	stale-layout	deliverable folders and review sheets of earlier layout phases (gerbers, BOM and CPL, DRC, renders, 1:1 prints); none carries the current netlist
v2/release/revA/boards/meshsat-pcb-a-revA-A21/meshsat.pretty/PogoTargets_2x4.kicad_mod	f12181613f62896296bc45af4e7ac3834083dda6	1340	stale-layout	deliverable folders and review sheets of earlier layout phases (gerbers, BOM and CPL, DRC, renders, 1:1 prints); none carries the current netlist
v2/release/revA/boards/meshsat-pcb-a-revA-A21/meshsat.pretty/PogoTargets_2x6.kicad_mod	0b5028a70be47bd7156e7cd419f0b644f5aeea8d	1663	stale-layout	deliverable folders and review sheets of earlier layout phases (gerbers, BOM and CPL, DRC, renders, 1:1 prints); none carries the current netlist
v2/release/revA/boards/meshsat-pcb-a-revA-A21/meshsat.pretty/Radiall_SMPMAX_R222M00720.kicad_mod	8b85546846fa3c00ab365f63af42027532b2ec52	4584	stale-layout	deliverable folders and review sheets of earlier layout phases (gerbers, BOM and CPL, DRC, renders, 1:1 prints); none carries the current netlist
v2/release/revA/boards/meshsat-pcb-a-revA-A21/meshsat.pretty/Seeed_Wio-SX1262.kicad_mod	13f3ad42fc07c6d98e2b3a1ef174374bfb80672a	4015	stale-layout	deliverable folders and review sheets of earlier layout phases (gerbers, BOM and CPL, DRC, renders, 1:1 prints); none carries the current netlist
v2/release/revA/boards/meshsat-pcb-a-revA-A21/meshsat.pretty/Slot_5x1.8_NPTH.kicad_mod	aa14174da5d277214ebb334ecbb5f0cede22eb27	428	stale-layout	deliverable folders and review sheets of earlier layout phases (gerbers, BOM and CPL, DRC, renders, 1:1 prints); none carries the current netlist
v2/release/revA/boards/meshsat-pcb-a-revA-A21/meshsat.pretty/SolderPad_8x6.kicad_mod	e54e951880f1177e8d14d774300fc58679397740	644	stale-layout	deliverable folders and review sheets of earlier layout phases (gerbers, BOM and CPL, DRC, renders, 1:1 prints); none carries the current netlist
v2/release/revA/boards/meshsat-pcb-a-revA-A21/meshsat.pretty/Texas_RQM0029A_QFN-29_4x4mm.kicad_mod	e834904a82b1f8acae5a591ee5c58a2222a76b23	8906	stale-layout	deliverable folders and review sheets of earlier layout phases (gerbers, BOM and CPL, DRC, renders, 1:1 prints); none carries the current netlist
v2/release/revA/boards/meshsat-pcb-a-revA-A21/meshsat.pretty/Texas_RQQ0011A_VQFN-HR-11_2.5x3mm.kicad_mod	413b76a1947732671281ae679d70cf692791c652	6467	stale-layout	deliverable folders and review sheets of earlier layout phases (gerbers, BOM and CPL, DRC, renders, 1:1 prints); none carries the current netlist
v2/release/revA/boards/meshsat-pcb-a-revA-A21/meshsat.pretty/WeAct_EPD_3p7.kicad_mod	4d3218b9fb116948e290dd5085abc24818cb8251	2202	stale-layout	deliverable folders and review sheets of earlier layout phases (gerbers, BOM and CPL, DRC, renders, 1:1 prints); none carries the current netlist
v2/release/revA/boards/meshsat-pcb-a-revA-A21/meshsat.pretty/WireHole_2mm.kicad_mod	4035c0334674f2bdca516ca60f29ce0361b81d7b	689	stale-layout	deliverable folders and review sheets of earlier layout phases (gerbers, BOM and CPL, DRC, renders, 1:1 prints); none carries the current netlist
v2/release/revA/boards/meshsat-pcb-a-revA-A21/meshsat.pretty/WireLands_2x6.kicad_mod	88fb8fac6ee7b88238030791e7ca12927d4625a9	1935	stale-layout	deliverable folders and review sheets of earlier layout phases (gerbers, BOM and CPL, DRC, renders, 1:1 prints); none carries the current netlist
v2/release/revA/boards/meshsat-pcb-a-revA-A21/pcb-a-power-1to1-bottom-mirrored.pdf	2c068db1454c89604fc5bc1fa0455c40297eaaa1	146724	stale-layout	deliverable folders and review sheets of earlier layout phases (gerbers, BOM and CPL, DRC, renders, 1:1 prints); none carries the current netlist
v2/release/revA/boards/meshsat-pcb-a-revA-A21/pcb-a-power-1to1-top.pdf	8b0cb215cb8a1614145ae721d748be6de8fa3298	226964	stale-layout	deliverable folders and review sheets of earlier layout phases (gerbers, BOM and CPL, DRC, renders, 1:1 prints); none carries the current netlist
v2/release/revA/boards/meshsat-pcb-a-revA-A21/pcb-a-power-bom.csv	535495e087dbabe2b9087094044c2d45cec762dc	6830	stale-layout	deliverable folders and review sheets of earlier layout phases (gerbers, BOM and CPL, DRC, renders, 1:1 prints); none carries the current netlist
v2/release/revA/boards/meshsat-pcb-a-revA-A21/pcb-a-power-cpl.csv	61930b650d4a02fef88c0ae433bcd8d9737070f4	7720	stale-layout	deliverable folders and review sheets of earlier layout phases (gerbers, BOM and CPL, DRC, renders, 1:1 prints); none carries the current netlist
v2/release/revA/boards/meshsat-pcb-a-revA-A21/pcb-a-power-drc.rpt	1f6349862d2cb5c3683dc3963c3c9610dc8a5ae2	11176	stale-layout	deliverable folders and review sheets of earlier layout phases (gerbers, BOM and CPL, DRC, renders, 1:1 prints); none carries the current netlist
v2/release/revA/boards/meshsat-pcb-a-revA-A21/pcb-a-power-gerbers.zip	ece89470063962bc123f136c3ff9bea850e7db5a	693331	stale-layout	deliverable folders and review sheets of earlier layout phases (gerbers, BOM and CPL, DRC, renders, 1:1 prints); none carries the current netlist
v2/release/revA/boards/meshsat-pcb-a-revA-A21/pcb-a-power-render-bottom.png	32afdb740a092ec01a7ec1044193faa02fb0cbd0	81433	stale-layout	deliverable folders and review sheets of earlier layout phases (gerbers, BOM and CPL, DRC, renders, 1:1 prints); none carries the current netlist
v2/release/revA/boards/meshsat-pcb-a-revA-A21/pcb-a-power-render-top.png	5082fa5b65ec49170dd41d567a9bd6f09349b662	121385	stale-layout	deliverable folders and review sheets of earlier layout phases (gerbers, BOM and CPL, DRC, renders, 1:1 prints); none carries the current netlist
v2/release/revA/boards/meshsat-pcb-a-revA-A21/pcb-a-power-schematic.pdf	d6410b94ec1a3d71fea540b800a468d6fe3b6bca	1424665	stale-layout	deliverable folders and review sheets of earlier layout phases (gerbers, BOM and CPL, DRC, renders, 1:1 prints); none carries the current netlist
v2/release/revA/boards/meshsat-pcb-a-revA-A21/pcb-a-power.kicad_pcb	767726c5b0a271ade0f1e03d7138d27567172a0c	2237575	stale-layout	deliverable folders and review sheets of earlier layout phases (gerbers, BOM and CPL, DRC, renders, 1:1 prints); none carries the current netlist
v2/release/revA/boards/meshsat-pcb-a-revA-A21/pcb-a-power.kicad_pro	12bba6277525f31eb091eb290a64275cd04db717	14313	stale-layout	deliverable folders and review sheets of earlier layout phases (gerbers, BOM and CPL, DRC, renders, 1:1 prints); none carries the current netlist
v2/release/revA/boards/meshsat-pcb-a-revA-A21/pcb-a-power.kicad_sch	80905cddc753083de3d25a0d0e48a61cd8a9828a	679849	stale-layout	deliverable folders and review sheets of earlier layout phases (gerbers, BOM and CPL, DRC, renders, 1:1 prints); none carries the current netlist
v2/release/revA/boards/meshsat-pcb-a-revA-A22/LCSC-CORRECTIONS.txt	e271577bff946f81091591e6b70f594d099a9bf2	967	stale-layout	deliverable folders and review sheets of earlier layout phases (gerbers, BOM and CPL, DRC, renders, 1:1 prints); none carries the current netlist
v2/release/revA/boards/meshsat-pcb-a-revA-A22/README-fab.txt	09f7274759ca94b57f5afef7f1431e64b187a35b	826	stale-layout	deliverable folders and review sheets of earlier layout phases (gerbers, BOM and CPL, DRC, renders, 1:1 prints); none carries the current netlist
v2/release/revA/boards/meshsat-pcb-a-revA-A22/meshsat.pretty/BackerScrew_M3_GND.kicad_mod	969a703459dcadfb90c646c9890937a8efd6d8a9	704	stale-layout	deliverable folders and review sheets of earlier layout phases (gerbers, BOM and CPL, DRC, renders, 1:1 prints); none carries the current netlist
v2/release/revA/boards/meshsat-pcb-a-revA-A22/meshsat.pretty/CM5_Amphenol_10164227.kicad_mod	420dacd5e3ec1a0c66b430fb525dba18d1dc2917	37300	stale-layout	deliverable folders and review sheets of earlier layout phases (gerbers, BOM and CPL, DRC, renders, 1:1 prints); none carries the current netlist
v2/release/revA/boards/meshsat-pcb-a-revA-A22/meshsat.pretty/CM5_Conn_A_10164227.kicad_mod	babefb7b93929185782ea645a07b0835ca738c07	17831	stale-layout	deliverable folders and review sheets of earlier layout phases (gerbers, BOM and CPL, DRC, renders, 1:1 prints); none carries the current netlist
v2/release/revA/boards/meshsat-pcb-a-revA-A22/meshsat.pretty/CM5_Conn_B_10164227.kicad_mod	f1a863ce6743c7cd63a13036d2b0bb8aa4dd23d1	18639	stale-layout	deliverable folders and review sheets of earlier layout phases (gerbers, BOM and CPL, DRC, renders, 1:1 prints); none carries the current netlist
v2/release/revA/boards/meshsat-pcb-a-revA-A22/meshsat.pretty/DMR858M.kicad_mod	b7eeb551102aaf3cf232a0c6261b57dd1babab12	5075	stale-layout	deliverable folders and review sheets of earlier layout phases (gerbers, BOM and CPL, DRC, renders, 1:1 prints); none carries the current netlist
v2/release/revA/boards/meshsat-pcb-a-revA-A22/meshsat.pretty/Ebyte_E22-900M30S.kicad_mod	69cdb329999d405eeb085a9587da267e9c7b5b29	3574	stale-layout	deliverable folders and review sheets of earlier layout phases (gerbers, BOM and CPL, DRC, renders, 1:1 prints); none carries the current netlist
v2/release/revA/boards/meshsat-pcb-a-revA-A22/meshsat.pretty/Ebyte_E72-2G4M20S1E.kicad_mod	d254ca6c23c8c475e80b8bed202fda372dc8ad00	7098	stale-layout	deliverable folders and review sheets of earlier layout phases (gerbers, BOM and CPL, DRC, renders, 1:1 prints); none carries the current netlist
v2/release/revA/boards/meshsat-pcb-a-revA-A22/meshsat.pretty/FrameScrew_M3_GND.kicad_mod	f92a3c2825954d6206a4affe969198fccf3a1255	950	stale-layout	deliverable folders and review sheets of earlier layout phases (gerbers, BOM and CPL, DRC, renders, 1:1 prints); none carries the current netlist
v2/release/revA/boards/meshsat-pcb-a-revA-A22/meshsat.pretty/GuardedToggle_SPDT.kicad_mod	0b93bdcd4fb501a1824a9de49059c8cc4f6af8cf	2463	stale-layout	deliverable folders and review sheets of earlier layout phases (gerbers, BOM and CPL, DRC, renders, 1:1 prints); none carries the current netlist
v2/release/revA/boards/meshsat-pcb-a-revA-A22/meshsat.pretty/GuidePin_Dock.kicad_mod	b7ea90d1631656f172b7e0570dc68d5f06551e6d	757	stale-layout	deliverable folders and review sheets of earlier layout phases (gerbers, BOM and CPL, DRC, renders, 1:1 prints); none carries the current netlist
v2/release/revA/boards/meshsat-pcb-a-revA-A22/meshsat.pretty/GuidePin_Stack.kicad_mod	6bad73715f57372d8d64c8ced5d0701583eb296a	758	stale-layout	deliverable folders and review sheets of earlier layout phases (gerbers, BOM and CPL, DRC, renders, 1:1 prints); none carries the current netlist
v2/release/revA/boards/meshsat-pcb-a-revA-A22/meshsat.pretty/Hirose_FH12-22S-0.5SH_1x22-1MP_P0.50mm_Horizontal.kicad_mod	0b67a52f9e86c229f5e76d05d0bad6fa27c9a8cd	8478	stale-layout	deliverable folders and review sheets of earlier layout phases (gerbers, BOM and CPL, DRC, renders, 1:1 prints); none carries the current netlist
v2/release/revA/boards/meshsat-pcb-a-revA-A22/meshsat.pretty/Hirose_FH34SRJ-24S.kicad_mod	fffcc0e8964fe160de31b0bb3ac0af3bef66a2a0	4027	stale-layout	deliverable folders and review sheets of earlier layout phases (gerbers, BOM and CPL, DRC, renders, 1:1 prints); none carries the current netlist
v2/release/revA/boards/meshsat-pcb-a-revA-A22/meshsat.pretty/LQFP-128_14x14mm_P0.4mm_EP6.0.kicad_mod	b4f32ac72c359ff96f9104f1d228d62c0340d47e	21781	stale-layout	deliverable folders and review sheets of earlier layout phases (gerbers, BOM and CPL, DRC, renders, 1:1 prints); none carries the current netlist
v2/release/revA/boards/meshsat-pcb-a-revA-A22/meshsat.pretty/LeadLands_1x02.kicad_mod	684dba90f12f0d7c586f63996de6a859f5e9104c	940	stale-layout	deliverable folders and review sheets of earlier layout phases (gerbers, BOM and CPL, DRC, renders, 1:1 prints); none carries the current netlist
v2/release/revA/boards/meshsat-pcb-a-revA-A22/meshsat.pretty/M2_B-Key_Socket_3052.kicad_mod	9d36c9d4e54be4570f4d73543a68bf7254c79832	8356	stale-layout	deliverable folders and review sheets of earlier layout phases (gerbers, BOM and CPL, DRC, renders, 1:1 prints); none carries the current netlist
v2/release/revA/boards/meshsat-pcb-a-revA-A22/meshsat.pretty/M2_E-Key_Socket_2230.kicad_mod	f535d6ccbcb8827a1ba076c8ff4d473446042c3a	11906	stale-layout	deliverable folders and review sheets of earlier layout phases (gerbers, BOM and CPL, DRC, renders, 1:1 prints); none carries the current netlist
v2/release/revA/boards/meshsat-pcb-a-revA-A22/meshsat.pretty/M2_M-Key_Socket_2242.kicad_mod	1cb336bc94bf0788b57ac315995cf9d0a460fa1b	8364	stale-layout	deliverable folders and review sheets of earlier layout phases (gerbers, BOM and CPL, DRC, renders, 1:1 prints); none carries the current netlist
v2/release/revA/boards/meshsat-pcb-a-revA-A22/meshsat.pretty/Mill-Max_0858_power_pin.kicad_mod	e7ae0538e73ccd2f68dc34445c4e96d31aaad04a	2238	stale-layout	deliverable folders and review sheets of earlier layout phases (gerbers, BOM and CPL, DRC, renders, 1:1 prints); none carries the current netlist
v2/release/revA/boards/meshsat-pcb-a-revA-A22/meshsat.pretty/Mill-Max_0858_target.kicad_mod	847341092da38e4370746c238f1ec88a109ce3a1	3349	stale-layout	deliverable folders and review sheets of earlier layout phases (gerbers, BOM and CPL, DRC, renders, 1:1 prints); none carries the current netlist
v2/release/revA/boards/meshsat-pcb-a-revA-A22/meshsat.pretty/MiniPCIe_Socket_52P_H4.0_Standoff.kicad_mod	22dfefd604c75cbf02106436d5a51850762dcefa	9992	stale-layout	deliverable folders and review sheets of earlier layout phases (gerbers, BOM and CPL, DRC, renders, 1:1 prints); none carries the current netlist
v2/release/revA/boards/meshsat-pcb-a-revA-A22/meshsat.pretty/NiceRF_SA868.kicad_mod	6d18850bc11de25f1365987feabbbe144f7b6d34	3060	stale-layout	deliverable folders and review sheets of earlier layout phases (gerbers, BOM and CPL, DRC, renders, 1:1 prints); none carries the current netlist
v2/release/revA/boards/meshsat-pcb-a-revA-A22/meshsat.pretty/PanelJack_17mm.kicad_mod	24252c51561ce62337d26bc48e3f95c2d1617b09	1860	stale-layout	deliverable folders and review sheets of earlier layout phases (gerbers, BOM and CPL, DRC, renders, 1:1 prints); none carries the current netlist
v2/release/revA/boards/meshsat-pcb-a-revA-A22/meshsat.pretty/PanelSounder.kicad_mod	1f6272b2dd125e4fb079ad7ce69c35993aa54546	1333	stale-layout	deliverable folders and review sheets of earlier layout phases (gerbers, BOM and CPL, DRC, renders, 1:1 prints); none carries the current netlist
v2/release/revA/boards/meshsat-pcb-a-revA-A22/meshsat.pretty/PanelSwitch_16mm.kicad_mod	0a623a3e226ad6174334b806b85cc4e02f26f014	1514	stale-layout	deliverable folders and review sheets of earlier layout phases (gerbers, BOM and CPL, DRC, renders, 1:1 prints); none carries the current netlist
v2/release/revA/boards/meshsat-pcb-a-revA-A22/meshsat.pretty/PanelSwitch_19mm.kicad_mod	2544a22529720cbfd41819913bfe8a522d217b31	1514	stale-layout	deliverable folders and review sheets of earlier layout phases (gerbers, BOM and CPL, DRC, renders, 1:1 prints); none carries the current netlist
v2/release/revA/boards/meshsat-pcb-a-revA-A22/meshsat.pretty/PanelToggle_DPDT.kicad_mod	f8796fa733bc66f5e2cd65cf3bfe743dc8259bbd	3533	stale-layout	deliverable folders and review sheets of earlier layout phases (gerbers, BOM and CPL, DRC, renders, 1:1 prints); none carries the current netlist
v2/release/revA/boards/meshsat-pcb-a-revA-A22/meshsat.pretty/PogoPins_2x4.kicad_mod	cb9ae20ccdc1803b624a44ff6be0787babb50f04	1514	stale-layout	deliverable folders and review sheets of earlier layout phases (gerbers, BOM and CPL, DRC, renders, 1:1 prints); none carries the current netlist
v2/release/revA/boards/meshsat-pcb-a-revA-A22/meshsat.pretty/PogoPins_2x6.kicad_mod	8705c1dca881bb048e98192cb9205567b3858eec	1921	stale-layout	deliverable folders and review sheets of earlier layout phases (gerbers, BOM and CPL, DRC, renders, 1:1 prints); none carries the current netlist
v2/release/revA/boards/meshsat-pcb-a-revA-A22/meshsat.pretty/PogoTargets_2x4.kicad_mod	f12181613f62896296bc45af4e7ac3834083dda6	1340	stale-layout	deliverable folders and review sheets of earlier layout phases (gerbers, BOM and CPL, DRC, renders, 1:1 prints); none carries the current netlist
v2/release/revA/boards/meshsat-pcb-a-revA-A22/meshsat.pretty/PogoTargets_2x6.kicad_mod	0b5028a70be47bd7156e7cd419f0b644f5aeea8d	1663	stale-layout	deliverable folders and review sheets of earlier layout phases (gerbers, BOM and CPL, DRC, renders, 1:1 prints); none carries the current netlist
v2/release/revA/boards/meshsat-pcb-a-revA-A22/meshsat.pretty/Pulse_H5007NL.kicad_mod	0365d0017c5fdefcf0c59e2f745747dd0cd2694c	3574	stale-layout	deliverable folders and review sheets of earlier layout phases (gerbers, BOM and CPL, DRC, renders, 1:1 prints); none carries the current netlist
v2/release/revA/boards/meshsat-pcb-a-revA-A22/meshsat.pretty/Quectel_LG290P.kicad_mod	ab90aab3dc4e8587536055e9f55ba474764d6e8f	8796	stale-layout	deliverable folders and review sheets of earlier layout phases (gerbers, BOM and CPL, DRC, renders, 1:1 prints); none carries the current netlist
v2/release/revA/boards/meshsat-pcb-a-revA-A22/meshsat.pretty/Radiall_SMPMAX_R222M00720.kicad_mod	8b85546846fa3c00ab365f63af42027532b2ec52	4584	stale-layout	deliverable folders and review sheets of earlier layout phases (gerbers, BOM and CPL, DRC, renders, 1:1 prints); none carries the current netlist
v2/release/revA/boards/meshsat-pcb-a-revA-A22/meshsat.pretty/Seeed_Wio-SX1262.kicad_mod	13f3ad42fc07c6d98e2b3a1ef174374bfb80672a	4015	stale-layout	deliverable folders and review sheets of earlier layout phases (gerbers, BOM and CPL, DRC, renders, 1:1 prints); none carries the current netlist
v2/release/revA/boards/meshsat-pcb-a-revA-A22/meshsat.pretty/Slot_5x1.8_NPTH.kicad_mod	aa14174da5d277214ebb334ecbb5f0cede22eb27	428	stale-layout	deliverable folders and review sheets of earlier layout phases (gerbers, BOM and CPL, DRC, renders, 1:1 prints); none carries the current netlist
v2/release/revA/boards/meshsat-pcb-a-revA-A22/meshsat.pretty/SolderPad_8x6.kicad_mod	e54e951880f1177e8d14d774300fc58679397740	644	stale-layout	deliverable folders and review sheets of earlier layout phases (gerbers, BOM and CPL, DRC, renders, 1:1 prints); none carries the current netlist
v2/release/revA/boards/meshsat-pcb-a-revA-A22/meshsat.pretty/TQFP-128_14x14mm_P0.4mm_EP10.0.kicad_mod	cef192ea8c5b0b2a18e075ab4600c4ae5b4b2228	21663	stale-layout	deliverable folders and review sheets of earlier layout phases (gerbers, BOM and CPL, DRC, renders, 1:1 prints); none carries the current netlist
v2/release/revA/boards/meshsat-pcb-a-revA-A22/meshsat.pretty/Texas_RQM0029A_QFN-29_4x4mm.kicad_mod	e834904a82b1f8acae5a591ee5c58a2222a76b23	8906	stale-layout	deliverable folders and review sheets of earlier layout phases (gerbers, BOM and CPL, DRC, renders, 1:1 prints); none carries the current netlist
v2/release/revA/boards/meshsat-pcb-a-revA-A22/meshsat.pretty/Texas_RQQ0011A_VQFN-HR-11_2.5x3mm.kicad_mod	413b76a1947732671281ae679d70cf692791c652	6467	stale-layout	deliverable folders and review sheets of earlier layout phases (gerbers, BOM and CPL, DRC, renders, 1:1 prints); none carries the current netlist
v2/release/revA/boards/meshsat-pcb-a-revA-A22/meshsat.pretty/ToggleBody_DPDT.kicad_mod	abe2f1d39c47b7b1fc6a0d89317a83fe18d4327b	1560	stale-layout	deliverable folders and review sheets of earlier layout phases (gerbers, BOM and CPL, DRC, renders, 1:1 prints); none carries the current netlist
v2/release/revA/boards/meshsat-pcb-a-revA-A22/meshsat.pretty/ToggleBody_SPDT.kicad_mod	da327469e4115214a336e2c8cda9324d1b6c816e	1308	stale-layout	deliverable folders and review sheets of earlier layout phases (gerbers, BOM and CPL, DRC, renders, 1:1 prints); none carries the current netlist
v2/release/revA/boards/meshsat-pcb-a-revA-A22/meshsat.pretty/Vishay_VEML7700.kicad_mod	5eb1038164776db9994d9cf039ba2630c767cb30	1186	stale-layout	deliverable folders and review sheets of earlier layout phases (gerbers, BOM and CPL, DRC, renders, 1:1 prints); none carries the current netlist
v2/release/revA/boards/meshsat-pcb-a-revA-A22/meshsat.pretty/WeAct_EPD_3p7.kicad_mod	4d3218b9fb116948e290dd5085abc24818cb8251	2202	stale-layout	deliverable folders and review sheets of earlier layout phases (gerbers, BOM and CPL, DRC, renders, 1:1 prints); none carries the current netlist
v2/release/revA/boards/meshsat-pcb-a-revA-A22/meshsat.pretty/WireHole_2mm.kicad_mod	4035c0334674f2bdca516ca60f29ce0361b81d7b	689	stale-layout	deliverable folders and review sheets of earlier layout phases (gerbers, BOM and CPL, DRC, renders, 1:1 prints); none carries the current netlist
v2/release/revA/boards/meshsat-pcb-a-revA-A22/meshsat.pretty/WireLands_2x6.kicad_mod	88fb8fac6ee7b88238030791e7ca12927d4625a9	1935	stale-layout	deliverable folders and review sheets of earlier layout phases (gerbers, BOM and CPL, DRC, renders, 1:1 prints); none carries the current netlist
v2/release/revA/boards/meshsat-pcb-a-revA-A22/pcb-a-power-1to1-bottom-mirrored.pdf	a2860517608f56c313640eb1063918156689b2a8	244495	stale-layout	deliverable folders and review sheets of earlier layout phases (gerbers, BOM and CPL, DRC, renders, 1:1 prints); none carries the current netlist
v2/release/revA/boards/meshsat-pcb-a-revA-A22/pcb-a-power-1to1-top.pdf	b00c11e58c0f1874e2903ea99477a9da690f20ad	343792	stale-layout	deliverable folders and review sheets of earlier layout phases (gerbers, BOM and CPL, DRC, renders, 1:1 prints); none carries the current netlist
v2/release/revA/boards/meshsat-pcb-a-revA-A22/pcb-a-power-bom.csv	b9e3224177e36d042e8cae485167d82c911b5fbf	11110	stale-layout	deliverable folders and review sheets of earlier layout phases (gerbers, BOM and CPL, DRC, renders, 1:1 prints); none carries the current netlist
v2/release/revA/boards/meshsat-pcb-a-revA-A22/pcb-a-power-cpl.csv	37e2947d28e1a22b12db19bc1921661f564f6362	15960	stale-layout	deliverable folders and review sheets of earlier layout phases (gerbers, BOM and CPL, DRC, renders, 1:1 prints); none carries the current netlist
v2/release/revA/boards/meshsat-pcb-a-revA-A22/pcb-a-power-drc.rpt	83573e48554a1f82a98fdb486d4ffc2737dc911d	15698	stale-layout	deliverable folders and review sheets of earlier layout phases (gerbers, BOM and CPL, DRC, renders, 1:1 prints); none carries the current netlist
v2/release/revA/boards/meshsat-pcb-a-revA-A22/pcb-a-power-gerbers.zip	5a8570a4926eb85705c64e3c0fa6109a47130f86	1292338	stale-layout	deliverable folders and review sheets of earlier layout phases (gerbers, BOM and CPL, DRC, renders, 1:1 prints); none carries the current netlist
v2/release/revA/boards/meshsat-pcb-a-revA-A22/pcb-a-power-render-bottom.png	1e5edc10db33b653506257930724dc89cf0fef4a	118450	stale-layout	deliverable folders and review sheets of earlier layout phases (gerbers, BOM and CPL, DRC, renders, 1:1 prints); none carries the current netlist
v2/release/revA/boards/meshsat-pcb-a-revA-A22/pcb-a-power-render-top.png	890db1da0aaf9e1c01d8f109c2c6c0422088da58	206676	stale-layout	deliverable folders and review sheets of earlier layout phases (gerbers, BOM and CPL, DRC, renders, 1:1 prints); none carries the current netlist
v2/release/revA/boards/meshsat-pcb-a-revA-A22/pcb-a-power-schematic.pdf	96a4eb43a99c169e2a1cf4d31cf0d98089391a9a	2750820	stale-layout	deliverable folders and review sheets of earlier layout phases (gerbers, BOM and CPL, DRC, renders, 1:1 prints); none carries the current netlist
v2/release/revA/boards/meshsat-pcb-a-revA-A22/pcb-a-power.kicad_pcb	3dd29d4e6d91ff67c46e0dd4cb340e7c51bff0e6	4901166	stale-layout	deliverable folders and review sheets of earlier layout phases (gerbers, BOM and CPL, DRC, renders, 1:1 prints); none carries the current netlist
v2/release/revA/boards/meshsat-pcb-a-revA-A22/pcb-a-power.kicad_pro	69b47f2f60018d105e6dbac8d98ff8b9db98c863	17891	stale-layout	deliverable folders and review sheets of earlier layout phases (gerbers, BOM and CPL, DRC, renders, 1:1 prints); none carries the current netlist
v2/release/revA/boards/meshsat-pcb-a-revA-A22/pcb-a-power.kicad_sch	05d91275d066eef7a406b4a82f7e42b744fc0492	1241849	stale-layout	deliverable folders and review sheets of earlier layout phases (gerbers, BOM and CPL, DRC, renders, 1:1 prints); none carries the current netlist
v2/release/revA/boards/meshsat-pcb-a-revA-A24/README-fab.txt	af2929789f9236b8d3266b508f4c86db5a981a7d	826	stale-layout	deliverable folders and review sheets of earlier layout phases (gerbers, BOM and CPL, DRC, renders, 1:1 prints); none carries the current netlist
v2/release/revA/boards/meshsat-pcb-a-revA-A24/meshsat.pretty/BackerScrew_M3_GND.kicad_mod	969a703459dcadfb90c646c9890937a8efd6d8a9	704	stale-layout	deliverable folders and review sheets of earlier layout phases (gerbers, BOM and CPL, DRC, renders, 1:1 prints); none carries the current netlist
v2/release/revA/boards/meshsat-pcb-a-revA-A24/meshsat.pretty/CM5_Amphenol_10164227.kicad_mod	420dacd5e3ec1a0c66b430fb525dba18d1dc2917	37300	stale-layout	deliverable folders and review sheets of earlier layout phases (gerbers, BOM and CPL, DRC, renders, 1:1 prints); none carries the current netlist
v2/release/revA/boards/meshsat-pcb-a-revA-A24/meshsat.pretty/CM5_Conn_A_10164227.kicad_mod	babefb7b93929185782ea645a07b0835ca738c07	17831	stale-layout	deliverable folders and review sheets of earlier layout phases (gerbers, BOM and CPL, DRC, renders, 1:1 prints); none carries the current netlist
v2/release/revA/boards/meshsat-pcb-a-revA-A24/meshsat.pretty/CM5_Conn_B_10164227.kicad_mod	f1a863ce6743c7cd63a13036d2b0bb8aa4dd23d1	18639	stale-layout	deliverable folders and review sheets of earlier layout phases (gerbers, BOM and CPL, DRC, renders, 1:1 prints); none carries the current netlist
v2/release/revA/boards/meshsat-pcb-a-revA-A24/meshsat.pretty/DMR858M.kicad_mod	b7eeb551102aaf3cf232a0c6261b57dd1babab12	5075	stale-layout	deliverable folders and review sheets of earlier layout phases (gerbers, BOM and CPL, DRC, renders, 1:1 prints); none carries the current netlist
v2/release/revA/boards/meshsat-pcb-a-revA-A24/meshsat.pretty/Ebyte_E22-900M30S.kicad_mod	69cdb329999d405eeb085a9587da267e9c7b5b29	3574	stale-layout	deliverable folders and review sheets of earlier layout phases (gerbers, BOM and CPL, DRC, renders, 1:1 prints); none carries the current netlist
v2/release/revA/boards/meshsat-pcb-a-revA-A24/meshsat.pretty/Ebyte_E72-2G4M20S1E.kicad_mod	d254ca6c23c8c475e80b8bed202fda372dc8ad00	7098	stale-layout	deliverable folders and review sheets of earlier layout phases (gerbers, BOM and CPL, DRC, renders, 1:1 prints); none carries the current netlist
v2/release/revA/boards/meshsat-pcb-a-revA-A24/meshsat.pretty/FrameScrew_M3_GND.kicad_mod	f92a3c2825954d6206a4affe969198fccf3a1255	950	stale-layout	deliverable folders and review sheets of earlier layout phases (gerbers, BOM and CPL, DRC, renders, 1:1 prints); none carries the current netlist
v2/release/revA/boards/meshsat-pcb-a-revA-A24/meshsat.pretty/GuardedToggle_SPDT.kicad_mod	0b93bdcd4fb501a1824a9de49059c8cc4f6af8cf	2463	stale-layout	deliverable folders and review sheets of earlier layout phases (gerbers, BOM and CPL, DRC, renders, 1:1 prints); none carries the current netlist
v2/release/revA/boards/meshsat-pcb-a-revA-A24/meshsat.pretty/GuidePin_Dock.kicad_mod	b7ea90d1631656f172b7e0570dc68d5f06551e6d	757	stale-layout	deliverable folders and review sheets of earlier layout phases (gerbers, BOM and CPL, DRC, renders, 1:1 prints); none carries the current netlist
v2/release/revA/boards/meshsat-pcb-a-revA-A24/meshsat.pretty/GuidePin_Stack.kicad_mod	6bad73715f57372d8d64c8ced5d0701583eb296a	758	stale-layout	deliverable folders and review sheets of earlier layout phases (gerbers, BOM and CPL, DRC, renders, 1:1 prints); none carries the current netlist
v2/release/revA/boards/meshsat-pcb-a-revA-A24/meshsat.pretty/Hirose_FH12-22S-0.5SH_1x22-1MP_P0.50mm_Horizontal.kicad_mod	0b67a52f9e86c229f5e76d05d0bad6fa27c9a8cd	8478	stale-layout	deliverable folders and review sheets of earlier layout phases (gerbers, BOM and CPL, DRC, renders, 1:1 prints); none carries the current netlist
v2/release/revA/boards/meshsat-pcb-a-revA-A24/meshsat.pretty/Hirose_FH34SRJ-24S.kicad_mod	fffcc0e8964fe160de31b0bb3ac0af3bef66a2a0	4027	stale-layout	deliverable folders and review sheets of earlier layout phases (gerbers, BOM and CPL, DRC, renders, 1:1 prints); none carries the current netlist
v2/release/revA/boards/meshsat-pcb-a-revA-A24/meshsat.pretty/IDC-Header_2x05_P2.54mm_Vertical_NarrowPad.kicad_mod	39ee3bb4388fbbb47907842c3da6848c2150b820	5619	stale-layout	deliverable folders and review sheets of earlier layout phases (gerbers, BOM and CPL, DRC, renders, 1:1 prints); none carries the current netlist
v2/release/revA/boards/meshsat-pcb-a-revA-A24/meshsat.pretty/IDC-Header_2x07_P2.54mm_Vertical_NarrowPad.kicad_mod	1c620b9b894ed0a9961bd0299515292c345786d8	6151	stale-layout	deliverable folders and review sheets of earlier layout phases (gerbers, BOM and CPL, DRC, renders, 1:1 prints); none carries the current netlist
v2/release/revA/boards/meshsat-pcb-a-revA-A24/meshsat.pretty/IDC-Header_2x08_P2.54mm_Vertical_NarrowPad.kicad_mod	61bab0e2646b1b9fb02fc128aa4b1ecf43ddd54f	6424	stale-layout	deliverable folders and review sheets of earlier layout phases (gerbers, BOM and CPL, DRC, renders, 1:1 prints); none carries the current netlist
v2/release/revA/boards/meshsat-pcb-a-revA-A24/meshsat.pretty/IDC-Header_2x09_P2.54mm_Vertical_NarrowPad.kicad_mod	bdbae7c0254c8a2ff7ea12b60b4ffa282bf76e39	6692	stale-layout	deliverable folders and review sheets of earlier layout phases (gerbers, BOM and CPL, DRC, renders, 1:1 prints); none carries the current netlist
v2/release/revA/boards/meshsat-pcb-a-revA-A24/meshsat.pretty/IDC-Header_2x10_P2.54mm_Vertical_NarrowPad.kicad_mod	a1a17da82ee2da5512b81af1d9b4f58dec981264	6959	stale-layout	deliverable folders and review sheets of earlier layout phases (gerbers, BOM and CPL, DRC, renders, 1:1 prints); none carries the current netlist
v2/release/revA/boards/meshsat-pcb-a-revA-A24/meshsat.pretty/IDC-Header_2x13_P2.54mm_Vertical_NarrowPad.kicad_mod	3ccffea6baf6f3fa38adb29dfd75f88d01e864c4	7764	stale-layout	deliverable folders and review sheets of earlier layout phases (gerbers, BOM and CPL, DRC, renders, 1:1 prints); none carries the current netlist
v2/release/revA/boards/meshsat-pcb-a-revA-A24/meshsat.pretty/IDC-Header_2x20_P2.54mm_Vertical_NarrowPad.kicad_mod	07f5ef3e28017ec0aa2e3b2865440f9020fbcd35	9631	stale-layout	deliverable folders and review sheets of earlier layout phases (gerbers, BOM and CPL, DRC, renders, 1:1 prints); none carries the current netlist
v2/release/revA/boards/meshsat-pcb-a-revA-A24/meshsat.pretty/LQFP-128_14x14mm_P0.4mm_EP6.0.kicad_mod	b4f32ac72c359ff96f9104f1d228d62c0340d47e	21781	stale-layout	deliverable folders and review sheets of earlier layout phases (gerbers, BOM and CPL, DRC, renders, 1:1 prints); none carries the current netlist
v2/release/revA/boards/meshsat-pcb-a-revA-A24/meshsat.pretty/LeadLands_1x02.kicad_mod	684dba90f12f0d7c586f63996de6a859f5e9104c	940	stale-layout	deliverable folders and review sheets of earlier layout phases (gerbers, BOM and CPL, DRC, renders, 1:1 prints); none carries the current netlist
v2/release/revA/boards/meshsat-pcb-a-revA-A24/meshsat.pretty/M2_B-Key_Socket_3052.kicad_mod	9d36c9d4e54be4570f4d73543a68bf7254c79832	8356	stale-layout	deliverable folders and review sheets of earlier layout phases (gerbers, BOM and CPL, DRC, renders, 1:1 prints); none carries the current netlist
v2/release/revA/boards/meshsat-pcb-a-revA-A24/meshsat.pretty/M2_E-Key_Socket_2230.kicad_mod	f535d6ccbcb8827a1ba076c8ff4d473446042c3a	11906	stale-layout	deliverable folders and review sheets of earlier layout phases (gerbers, BOM and CPL, DRC, renders, 1:1 prints); none carries the current netlist
v2/release/revA/boards/meshsat-pcb-a-revA-A24/meshsat.pretty/M2_M-Key_Socket_2242.kicad_mod	1cb336bc94bf0788b57ac315995cf9d0a460fa1b	8364	stale-layout	deliverable folders and review sheets of earlier layout phases (gerbers, BOM and CPL, DRC, renders, 1:1 prints); none carries the current netlist
v2/release/revA/boards/meshsat-pcb-a-revA-A24/meshsat.pretty/Mill-Max_0858_power_pin.kicad_mod	e7ae0538e73ccd2f68dc34445c4e96d31aaad04a	2238	stale-layout	deliverable folders and review sheets of earlier layout phases (gerbers, BOM and CPL, DRC, renders, 1:1 prints); none carries the current netlist
v2/release/revA/boards/meshsat-pcb-a-revA-A24/meshsat.pretty/Mill-Max_0858_target.kicad_mod	847341092da38e4370746c238f1ec88a109ce3a1	3349	stale-layout	deliverable folders and review sheets of earlier layout phases (gerbers, BOM and CPL, DRC, renders, 1:1 prints); none carries the current netlist
v2/release/revA/boards/meshsat-pcb-a-revA-A24/meshsat.pretty/MiniPCIe_Socket_52P_H4.0_Standoff.kicad_mod	22dfefd604c75cbf02106436d5a51850762dcefa	9992	stale-layout	deliverable folders and review sheets of earlier layout phases (gerbers, BOM and CPL, DRC, renders, 1:1 prints); none carries the current netlist
v2/release/revA/boards/meshsat-pcb-a-revA-A24/meshsat.pretty/NiceRF_SA868.kicad_mod	6d18850bc11de25f1365987feabbbe144f7b6d34	3060	stale-layout	deliverable folders and review sheets of earlier layout phases (gerbers, BOM and CPL, DRC, renders, 1:1 prints); none carries the current netlist
v2/release/revA/boards/meshsat-pcb-a-revA-A24/meshsat.pretty/PanelJack_17mm.kicad_mod	24252c51561ce62337d26bc48e3f95c2d1617b09	1860	stale-layout	deliverable folders and review sheets of earlier layout phases (gerbers, BOM and CPL, DRC, renders, 1:1 prints); none carries the current netlist
v2/release/revA/boards/meshsat-pcb-a-revA-A24/meshsat.pretty/PanelSounder.kicad_mod	1f6272b2dd125e4fb079ad7ce69c35993aa54546	1333	stale-layout	deliverable folders and review sheets of earlier layout phases (gerbers, BOM and CPL, DRC, renders, 1:1 prints); none carries the current netlist
v2/release/revA/boards/meshsat-pcb-a-revA-A24/meshsat.pretty/PanelSwitch_16mm.kicad_mod	0a623a3e226ad6174334b806b85cc4e02f26f014	1514	stale-layout	deliverable folders and review sheets of earlier layout phases (gerbers, BOM and CPL, DRC, renders, 1:1 prints); none carries the current netlist
v2/release/revA/boards/meshsat-pcb-a-revA-A24/meshsat.pretty/PanelSwitch_19mm.kicad_mod	2544a22529720cbfd41819913bfe8a522d217b31	1514	stale-layout	deliverable folders and review sheets of earlier layout phases (gerbers, BOM and CPL, DRC, renders, 1:1 prints); none carries the current netlist
v2/release/revA/boards/meshsat-pcb-a-revA-A24/meshsat.pretty/PanelToggle_DPDT.kicad_mod	f8796fa733bc66f5e2cd65cf3bfe743dc8259bbd	3533	stale-layout	deliverable folders and review sheets of earlier layout phases (gerbers, BOM and CPL, DRC, renders, 1:1 prints); none carries the current netlist
v2/release/revA/boards/meshsat-pcb-a-revA-A24/meshsat.pretty/PogoPins_2x4.kicad_mod	cb9ae20ccdc1803b624a44ff6be0787babb50f04	1514	stale-layout	deliverable folders and review sheets of earlier layout phases (gerbers, BOM and CPL, DRC, renders, 1:1 prints); none carries the current netlist
v2/release/revA/boards/meshsat-pcb-a-revA-A24/meshsat.pretty/PogoPins_2x6.kicad_mod	8705c1dca881bb048e98192cb9205567b3858eec	1921	stale-layout	deliverable folders and review sheets of earlier layout phases (gerbers, BOM and CPL, DRC, renders, 1:1 prints); none carries the current netlist
v2/release/revA/boards/meshsat-pcb-a-revA-A24/meshsat.pretty/PogoTargets_2x4.kicad_mod	f12181613f62896296bc45af4e7ac3834083dda6	1340	stale-layout	deliverable folders and review sheets of earlier layout phases (gerbers, BOM and CPL, DRC, renders, 1:1 prints); none carries the current netlist
v2/release/revA/boards/meshsat-pcb-a-revA-A24/meshsat.pretty/PogoTargets_2x6.kicad_mod	0b5028a70be47bd7156e7cd419f0b644f5aeea8d	1663	stale-layout	deliverable folders and review sheets of earlier layout phases (gerbers, BOM and CPL, DRC, renders, 1:1 prints); none carries the current netlist
v2/release/revA/boards/meshsat-pcb-a-revA-A24/meshsat.pretty/Pulse_H5007NL.kicad_mod	0365d0017c5fdefcf0c59e2f745747dd0cd2694c	3574	stale-layout	deliverable folders and review sheets of earlier layout phases (gerbers, BOM and CPL, DRC, renders, 1:1 prints); none carries the current netlist
v2/release/revA/boards/meshsat-pcb-a-revA-A24/meshsat.pretty/Quectel_LG290P.kicad_mod	ab90aab3dc4e8587536055e9f55ba474764d6e8f	8796	stale-layout	deliverable folders and review sheets of earlier layout phases (gerbers, BOM and CPL, DRC, renders, 1:1 prints); none carries the current netlist
v2/release/revA/boards/meshsat-pcb-a-revA-A24/meshsat.pretty/Radiall_SMPMAX_R222M00720.kicad_mod	8b85546846fa3c00ab365f63af42027532b2ec52	4584	stale-layout	deliverable folders and review sheets of earlier layout phases (gerbers, BOM and CPL, DRC, renders, 1:1 prints); none carries the current netlist
v2/release/revA/boards/meshsat-pcb-a-revA-A24/meshsat.pretty/Seeed_Wio-SX1262.kicad_mod	13f3ad42fc07c6d98e2b3a1ef174374bfb80672a	4015	stale-layout	deliverable folders and review sheets of earlier layout phases (gerbers, BOM and CPL, DRC, renders, 1:1 prints); none carries the current netlist
v2/release/revA/boards/meshsat-pcb-a-revA-A24/meshsat.pretty/Skyworks_SKY13351_MLPD-6_1x1mm.kicad_mod	9d715f84372f857d74f88d2b1d431771594dd4cb	1840	stale-layout	deliverable folders and review sheets of earlier layout phases (gerbers, BOM and CPL, DRC, renders, 1:1 prints); none carries the current netlist
v2/release/revA/boards/meshsat-pcb-a-revA-A24/meshsat.pretty/Slot_5x1.8_NPTH.kicad_mod	aa14174da5d277214ebb334ecbb5f0cede22eb27	428	stale-layout	deliverable folders and review sheets of earlier layout phases (gerbers, BOM and CPL, DRC, renders, 1:1 prints); none carries the current netlist
v2/release/revA/boards/meshsat-pcb-a-revA-A24/meshsat.pretty/SolderPad_8x6.kicad_mod	e54e951880f1177e8d14d774300fc58679397740	644	stale-layout	deliverable folders and review sheets of earlier layout phases (gerbers, BOM and CPL, DRC, renders, 1:1 prints); none carries the current netlist
v2/release/revA/boards/meshsat-pcb-a-revA-A24/meshsat.pretty/TQFP-128_14x14mm_P0.4mm_EP10.0.kicad_mod	cef192ea8c5b0b2a18e075ab4600c4ae5b4b2228	21663	stale-layout	deliverable folders and review sheets of earlier layout phases (gerbers, BOM and CPL, DRC, renders, 1:1 prints); none carries the current netlist
v2/release/revA/boards/meshsat-pcb-a-revA-A24/meshsat.pretty/Texas_RKS0020A_VQFN-20_2.5x4.5mm.kicad_mod	9300f208435ad56c03bddd6ce95651e0a73731c1	3541	stale-layout	deliverable folders and review sheets of earlier layout phases (gerbers, BOM and CPL, DRC, renders, 1:1 prints); none carries the current netlist
v2/release/revA/boards/meshsat-pcb-a-revA-A24/meshsat.pretty/Texas_RQM0029A_QFN-29_4x4mm.kicad_mod	e834904a82b1f8acae5a591ee5c58a2222a76b23	8906	stale-layout	deliverable folders and review sheets of earlier layout phases (gerbers, BOM and CPL, DRC, renders, 1:1 prints); none carries the current netlist
v2/release/revA/boards/meshsat-pcb-a-revA-A24/meshsat.pretty/Texas_RQQ0011A_VQFN-HR-11_2.5x3mm.kicad_mod	413b76a1947732671281ae679d70cf692791c652	6467	stale-layout	deliverable folders and review sheets of earlier layout phases (gerbers, BOM and CPL, DRC, renders, 1:1 prints); none carries the current netlist
v2/release/revA/boards/meshsat-pcb-a-revA-A24/meshsat.pretty/Texas_RSE0010A_UQFN-10_1.5x2mm.kicad_mod	d91e3d1cdf26eec817fadd3d83f7a8473cfa62c9	2333	stale-layout	deliverable folders and review sheets of earlier layout phases (gerbers, BOM and CPL, DRC, renders, 1:1 prints); none carries the current netlist
v2/release/revA/boards/meshsat-pcb-a-revA-A24/meshsat.pretty/ToggleBody_DPDT.kicad_mod	abe2f1d39c47b7b1fc6a0d89317a83fe18d4327b	1560	stale-layout	deliverable folders and review sheets of earlier layout phases (gerbers, BOM and CPL, DRC, renders, 1:1 prints); none carries the current netlist
v2/release/revA/boards/meshsat-pcb-a-revA-A24/meshsat.pretty/ToggleBody_SPDT.kicad_mod	da327469e4115214a336e2c8cda9324d1b6c816e	1308	stale-layout	deliverable folders and review sheets of earlier layout phases (gerbers, BOM and CPL, DRC, renders, 1:1 prints); none carries the current netlist
v2/release/revA/boards/meshsat-pcb-a-revA-A24/meshsat.pretty/Vishay_VEML7700.kicad_mod	5eb1038164776db9994d9cf039ba2630c767cb30	1186	stale-layout	deliverable folders and review sheets of earlier layout phases (gerbers, BOM and CPL, DRC, renders, 1:1 prints); none carries the current netlist
v2/release/revA/boards/meshsat-pcb-a-revA-A24/meshsat.pretty/WeAct_EPD_3p7.kicad_mod	4d3218b9fb116948e290dd5085abc24818cb8251	2202	stale-layout	deliverable folders and review sheets of earlier layout phases (gerbers, BOM and CPL, DRC, renders, 1:1 prints); none carries the current netlist
v2/release/revA/boards/meshsat-pcb-a-revA-A24/meshsat.pretty/WireHole_2mm.kicad_mod	4035c0334674f2bdca516ca60f29ce0361b81d7b	689	stale-layout	deliverable folders and review sheets of earlier layout phases (gerbers, BOM and CPL, DRC, renders, 1:1 prints); none carries the current netlist
v2/release/revA/boards/meshsat-pcb-a-revA-A24/meshsat.pretty/WireLands_2x6.kicad_mod	88fb8fac6ee7b88238030791e7ca12927d4625a9	1935	stale-layout	deliverable folders and review sheets of earlier layout phases (gerbers, BOM and CPL, DRC, renders, 1:1 prints); none carries the current netlist
v2/release/revA/boards/meshsat-pcb-a-revA-A24/pcb-a-power-1to1-bottom-mirrored.pdf	ca91c564e5fb915bc86b4f51fcfc6c65edb6f921	246718	stale-layout	deliverable folders and review sheets of earlier layout phases (gerbers, BOM and CPL, DRC, renders, 1:1 prints); none carries the current netlist
v2/release/revA/boards/meshsat-pcb-a-revA-A24/pcb-a-power-1to1-top.pdf	47d3b8b8a53fb83d7489da5e516281e9cdeac83d	347139	stale-layout	deliverable folders and review sheets of earlier layout phases (gerbers, BOM and CPL, DRC, renders, 1:1 prints); none carries the current netlist
v2/release/revA/boards/meshsat-pcb-a-revA-A24/pcb-a-power-board.sha256	e5978a585cad95eff555a3fb7096d7a573cb494c	65	stale-layout	deliverable folders and review sheets of earlier layout phases (gerbers, BOM and CPL, DRC, renders, 1:1 prints); none carries the current netlist
v2/release/revA/boards/meshsat-pcb-a-revA-A24/pcb-a-power-bom-full.csv	2d1f06f697b40071da2980346efb4a867aa9af7c	14758	stale-layout	deliverable folders and review sheets of earlier layout phases (gerbers, BOM and CPL, DRC, renders, 1:1 prints); none carries the current netlist
v2/release/revA/boards/meshsat-pcb-a-revA-A24/pcb-a-power-bom.csv	dcd1a819ca47461b4d3f5b49d5c21097ac080000	12116	stale-layout	deliverable folders and review sheets of earlier layout phases (gerbers, BOM and CPL, DRC, renders, 1:1 prints); none carries the current netlist
v2/release/revA/boards/meshsat-pcb-a-revA-A24/pcb-a-power-bom.status	d86bac9de59abcc26bc7956c1e842237c7581859	3	stale-layout	deliverable folders and review sheets of earlier layout phases (gerbers, BOM and CPL, DRC, renders, 1:1 prints); none carries the current netlist
v2/release/revA/boards/meshsat-pcb-a-revA-A24/pcb-a-power-cpl.csv	394d77fca68405541b97688ed99b7d5f6642286b	16054	stale-layout	deliverable folders and review sheets of earlier layout phases (gerbers, BOM and CPL, DRC, renders, 1:1 prints); none carries the current netlist
v2/release/revA/boards/meshsat-pcb-a-revA-A24/pcb-a-power-drc.rpt	f01234616d919cb3f5fcd04918b684a3aac71c63	17651	stale-layout	deliverable folders and review sheets of earlier layout phases (gerbers, BOM and CPL, DRC, renders, 1:1 prints); none carries the current netlist
v2/release/revA/boards/meshsat-pcb-a-revA-A24/pcb-a-power-gerbers.zip	dda6a292b111576fa7eebfca1a57aba9961ad4e9	1382816	stale-layout	deliverable folders and review sheets of earlier layout phases (gerbers, BOM and CPL, DRC, renders, 1:1 prints); none carries the current netlist
v2/release/revA/boards/meshsat-pcb-a-revA-A24/pcb-a-power-render-bottom.png	2bbf6243c40180def2adfa1b435b3bb4c771a538	116330	stale-layout	deliverable folders and review sheets of earlier layout phases (gerbers, BOM and CPL, DRC, renders, 1:1 prints); none carries the current netlist
v2/release/revA/boards/meshsat-pcb-a-revA-A24/pcb-a-power-render-top.png	cf71b5bc0b3da15f698edef6899f4fab79123e65	206785	stale-layout	deliverable folders and review sheets of earlier layout phases (gerbers, BOM and CPL, DRC, renders, 1:1 prints); none carries the current netlist
v2/release/revA/boards/meshsat-pcb-a-revA-A24/pcb-a-power-schematic.pdf	b32a40824f823f8f8851c8bed950be5e77e0eca9	2825668	stale-layout	deliverable folders and review sheets of earlier layout phases (gerbers, BOM and CPL, DRC, renders, 1:1 prints); none carries the current netlist
v2/release/revA/boards/meshsat-pcb-a-revA-A24/pcb-a-power.kicad_pcb	915a449de9f546bb707a0996bf768e6aba3e65eb	5395579	stale-layout	deliverable folders and review sheets of earlier layout phases (gerbers, BOM and CPL, DRC, renders, 1:1 prints); none carries the current netlist
v2/release/revA/boards/meshsat-pcb-a-revA-A24/pcb-a-power.kicad_pro	089cfe071cb3e45c4608c75ba6058bc39885f4cf	17895	stale-layout	deliverable folders and review sheets of earlier layout phases (gerbers, BOM and CPL, DRC, renders, 1:1 prints); none carries the current netlist
v2/release/revA/boards/meshsat-pcb-a-revA-A24/pcb-a-power.kicad_sch	8a0a76fd802b7c99579a25aac8c2595d777fbd20	1269608	stale-layout	deliverable folders and review sheets of earlier layout phases (gerbers, BOM and CPL, DRC, renders, 1:1 prints); none carries the current netlist
v2/release/revA/boards/meshsat-pcb-b-revA-B12/README-fab.txt	993cb2e7f9a71e3034c3a438e2a2c27500fc14ed	851	stale-layout	deliverable folders and review sheets of earlier layout phases (gerbers, BOM and CPL, DRC, renders, 1:1 prints); none carries the current netlist
v2/release/revA/boards/meshsat-pcb-b-revA-B12/meshsat.pretty/DMR858M.kicad_mod	b7eeb551102aaf3cf232a0c6261b57dd1babab12	5075	stale-layout	deliverable folders and review sheets of earlier layout phases (gerbers, BOM and CPL, DRC, renders, 1:1 prints); none carries the current netlist
v2/release/revA/boards/meshsat-pcb-b-revA-B12/meshsat.pretty/GuardedToggle_SPDT.kicad_mod	38753d04eef343c53a202ffe074672c6831c8630	1527	stale-layout	deliverable folders and review sheets of earlier layout phases (gerbers, BOM and CPL, DRC, renders, 1:1 prints); none carries the current netlist
v2/release/revA/boards/meshsat-pcb-b-revA-B12/meshsat.pretty/GuidePin_Dock.kicad_mod	b7ea90d1631656f172b7e0570dc68d5f06551e6d	757	stale-layout	deliverable folders and review sheets of earlier layout phases (gerbers, BOM and CPL, DRC, renders, 1:1 prints); none carries the current netlist
v2/release/revA/boards/meshsat-pcb-b-revA-B12/meshsat.pretty/GuidePin_Stack.kicad_mod	6bad73715f57372d8d64c8ced5d0701583eb296a	758	stale-layout	deliverable folders and review sheets of earlier layout phases (gerbers, BOM and CPL, DRC, renders, 1:1 prints); none carries the current netlist
v2/release/revA/boards/meshsat-pcb-b-revA-B12/meshsat.pretty/Mill-Max_0858_power_pin.kicad_mod	e7ae0538e73ccd2f68dc34445c4e96d31aaad04a	2238	stale-layout	deliverable folders and review sheets of earlier layout phases (gerbers, BOM and CPL, DRC, renders, 1:1 prints); none carries the current netlist
v2/release/revA/boards/meshsat-pcb-b-revA-B12/meshsat.pretty/Mill-Max_0858_target.kicad_mod	25a2f357d15b3e5461a3a06b60fae4716e12ddf5	3689	stale-layout	deliverable folders and review sheets of earlier layout phases (gerbers, BOM and CPL, DRC, renders, 1:1 prints); none carries the current netlist
v2/release/revA/boards/meshsat-pcb-b-revA-B12/meshsat.pretty/PanelSwitch_16mm.kicad_mod	c7a9d917e01650f7a5ebcde7c136d344a6974288	1595	stale-layout	deliverable folders and review sheets of earlier layout phases (gerbers, BOM and CPL, DRC, renders, 1:1 prints); none carries the current netlist
v2/release/revA/boards/meshsat-pcb-b-revA-B12/meshsat.pretty/PanelSwitch_19mm.kicad_mod	37112e786da76317d2e8ff2e0b3d80ee791e69f7	1596	stale-layout	deliverable folders and review sheets of earlier layout phases (gerbers, BOM and CPL, DRC, renders, 1:1 prints); none carries the current netlist
v2/release/revA/boards/meshsat-pcb-b-revA-B12/meshsat.pretty/PanelToggle_DPDT.kicad_mod	b88d92738f3dfe2f5f940c0e87e12dded482960e	1786	stale-layout	deliverable folders and review sheets of earlier layout phases (gerbers, BOM and CPL, DRC, renders, 1:1 prints); none carries the current netlist
v2/release/revA/boards/meshsat-pcb-b-revA-B12/meshsat.pretty/PogoPins_2x4.kicad_mod	cf1352c04a3707c564b094e95f8ec2b6c929f295	1514	stale-layout	deliverable folders and review sheets of earlier layout phases (gerbers, BOM and CPL, DRC, renders, 1:1 prints); none carries the current netlist
v2/release/revA/boards/meshsat-pcb-b-revA-B12/meshsat.pretty/PogoPins_2x6.kicad_mod	8705c1dca881bb048e98192cb9205567b3858eec	1921	stale-layout	deliverable folders and review sheets of earlier layout phases (gerbers, BOM and CPL, DRC, renders, 1:1 prints); none carries the current netlist
v2/release/revA/boards/meshsat-pcb-b-revA-B12/meshsat.pretty/PogoTargets_2x4.kicad_mod	f12181613f62896296bc45af4e7ac3834083dda6	1340	stale-layout	deliverable folders and review sheets of earlier layout phases (gerbers, BOM and CPL, DRC, renders, 1:1 prints); none carries the current netlist
v2/release/revA/boards/meshsat-pcb-b-revA-B12/meshsat.pretty/PogoTargets_2x6.kicad_mod	0b5028a70be47bd7156e7cd419f0b644f5aeea8d	1663	stale-layout	deliverable folders and review sheets of earlier layout phases (gerbers, BOM and CPL, DRC, renders, 1:1 prints); none carries the current netlist
v2/release/revA/boards/meshsat-pcb-b-revA-B12/meshsat.pretty/Radiall_SMPMAX_R222M00720.kicad_mod	8b85546846fa3c00ab365f63af42027532b2ec52	4584	stale-layout	deliverable folders and review sheets of earlier layout phases (gerbers, BOM and CPL, DRC, renders, 1:1 prints); none carries the current netlist
v2/release/revA/boards/meshsat-pcb-b-revA-B12/meshsat.pretty/Slot_5x1.8_NPTH.kicad_mod	aa14174da5d277214ebb334ecbb5f0cede22eb27	428	stale-layout	deliverable folders and review sheets of earlier layout phases (gerbers, BOM and CPL, DRC, renders, 1:1 prints); none carries the current netlist
v2/release/revA/boards/meshsat-pcb-b-revA-B12/meshsat.pretty/SolderPad_8x6.kicad_mod	e54e951880f1177e8d14d774300fc58679397740	644	stale-layout	deliverable folders and review sheets of earlier layout phases (gerbers, BOM and CPL, DRC, renders, 1:1 prints); none carries the current netlist
v2/release/revA/boards/meshsat-pcb-b-revA-B12/meshsat.pretty/Texas_RQM0029A_QFN-29_4x4mm.kicad_mod	e834904a82b1f8acae5a591ee5c58a2222a76b23	8906	stale-layout	deliverable folders and review sheets of earlier layout phases (gerbers, BOM and CPL, DRC, renders, 1:1 prints); none carries the current netlist
v2/release/revA/boards/meshsat-pcb-b-revA-B12/meshsat.pretty/Texas_RQQ0011A_VQFN-HR-11_2.5x3mm.kicad_mod	413b76a1947732671281ae679d70cf692791c652	6467	stale-layout	deliverable folders and review sheets of earlier layout phases (gerbers, BOM and CPL, DRC, renders, 1:1 prints); none carries the current netlist
v2/release/revA/boards/meshsat-pcb-b-revA-B12/meshsat.pretty/WeAct_EPD_3p7.kicad_mod	4d3218b9fb116948e290dd5085abc24818cb8251	2202	stale-layout	deliverable folders and review sheets of earlier layout phases (gerbers, BOM and CPL, DRC, renders, 1:1 prints); none carries the current netlist
v2/release/revA/boards/meshsat-pcb-b-revA-B12/meshsat.pretty/WireHole_2mm.kicad_mod	4035c0334674f2bdca516ca60f29ce0361b81d7b	689	stale-layout	deliverable folders and review sheets of earlier layout phases (gerbers, BOM and CPL, DRC, renders, 1:1 prints); none carries the current netlist
v2/release/revA/boards/meshsat-pcb-b-revA-B12/meshsat.pretty/WireLands_2x6.kicad_mod	88fb8fac6ee7b88238030791e7ca12927d4625a9	1935	stale-layout	deliverable folders and review sheets of earlier layout phases (gerbers, BOM and CPL, DRC, renders, 1:1 prints); none carries the current netlist
v2/release/revA/boards/meshsat-pcb-b-revA-B12/pcb-b-compute-1to1-bottom-mirrored.pdf	2139351dcf0dbb4e9b72691dca358c6fdf48a90a	97546	stale-layout	deliverable folders and review sheets of earlier layout phases (gerbers, BOM and CPL, DRC, renders, 1:1 prints); none carries the current netlist
v2/release/revA/boards/meshsat-pcb-b-revA-B12/pcb-b-compute-1to1-top.pdf	adc37ab942030ca1bcd766c81a4fe675a4fcb90e	211726	stale-layout	deliverable folders and review sheets of earlier layout phases (gerbers, BOM and CPL, DRC, renders, 1:1 prints); none carries the current netlist
v2/release/revA/boards/meshsat-pcb-b-revA-B12/pcb-b-compute-bom.csv	753ebeaa46477c81051ae64931a0a2b53e89b03c	3035	stale-layout	deliverable folders and review sheets of earlier layout phases (gerbers, BOM and CPL, DRC, renders, 1:1 prints); none carries the current netlist
v2/release/revA/boards/meshsat-pcb-b-revA-B12/pcb-b-compute-cpl.csv	cc155bafe364d013a53bb570cf0a8e121e7ca720	4835	stale-layout	deliverable folders and review sheets of earlier layout phases (gerbers, BOM and CPL, DRC, renders, 1:1 prints); none carries the current netlist
v2/release/revA/boards/meshsat-pcb-b-revA-B12/pcb-b-compute-drc.rpt	2751d93833feef2125bb621387da24774c3d69ae	8997	stale-layout	deliverable folders and review sheets of earlier layout phases (gerbers, BOM and CPL, DRC, renders, 1:1 prints); none carries the current netlist
v2/release/revA/boards/meshsat-pcb-b-revA-B12/pcb-b-compute-gerbers.zip	437a1f8849ea0f72d3f3f48fa4ee9debb1248575	585987	stale-layout	deliverable folders and review sheets of earlier layout phases (gerbers, BOM and CPL, DRC, renders, 1:1 prints); none carries the current netlist
v2/release/revA/boards/meshsat-pcb-b-revA-B12/pcb-b-compute-render-bottom.png	b810b528a4e02f3af4f1eb9335453d7713ed4c69	60574	stale-layout	deliverable folders and review sheets of earlier layout phases (gerbers, BOM and CPL, DRC, renders, 1:1 prints); none carries the current netlist
v2/release/revA/boards/meshsat-pcb-b-revA-B12/pcb-b-compute-render-top.png	5fdaa608671f67be2a3bf34339e38693b19761c2	134265	stale-layout	deliverable folders and review sheets of earlier layout phases (gerbers, BOM and CPL, DRC, renders, 1:1 prints); none carries the current netlist
v2/release/revA/boards/meshsat-pcb-b-revA-B12/pcb-b-compute-schematic.pdf	28e337301e7335d0d8bc935177ea064583aa1da4	1039625	stale-layout	deliverable folders and review sheets of earlier layout phases (gerbers, BOM and CPL, DRC, renders, 1:1 prints); none carries the current netlist
v2/release/revA/boards/meshsat-pcb-b-revA-B12/pcb-b-compute.kicad_pcb	383fdefd74ee7243f309650e45ed3ed282c4fcf6	1692884	stale-layout	deliverable folders and review sheets of earlier layout phases (gerbers, BOM and CPL, DRC, renders, 1:1 prints); none carries the current netlist
v2/release/revA/boards/meshsat-pcb-b-revA-B12/pcb-b-compute.kicad_pro	bda7c17f1cda0a337046d9bad2897bcedef55242	9885	stale-layout	deliverable folders and review sheets of earlier layout phases (gerbers, BOM and CPL, DRC, renders, 1:1 prints); none carries the current netlist
v2/release/revA/boards/meshsat-pcb-b-revA-B12/pcb-b-compute.kicad_sch	7805361bdc6221e51d310064bac0ada866119a90	566997	stale-layout	deliverable folders and review sheets of earlier layout phases (gerbers, BOM and CPL, DRC, renders, 1:1 prints); none carries the current netlist
v2/release/revA/boards/meshsat-pcb-b-revA-B13/README-fab.txt	4f12a7b9435b64edac6bbff37a51d95a4e0c8942	851	stale-layout	deliverable folders and review sheets of earlier layout phases (gerbers, BOM and CPL, DRC, renders, 1:1 prints); none carries the current netlist
v2/release/revA/boards/meshsat-pcb-b-revA-B13/meshsat.pretty/CM5_Amphenol_10164227.kicad_mod	420dacd5e3ec1a0c66b430fb525dba18d1dc2917	37300	stale-layout	deliverable folders and review sheets of earlier layout phases (gerbers, BOM and CPL, DRC, renders, 1:1 prints); none carries the current netlist
v2/release/revA/boards/meshsat-pcb-b-revA-B13/meshsat.pretty/CM5_Conn_A_10164227.kicad_mod	babefb7b93929185782ea645a07b0835ca738c07	17831	stale-layout	deliverable folders and review sheets of earlier layout phases (gerbers, BOM and CPL, DRC, renders, 1:1 prints); none carries the current netlist
v2/release/revA/boards/meshsat-pcb-b-revA-B13/meshsat.pretty/CM5_Conn_B_10164227.kicad_mod	f1a863ce6743c7cd63a13036d2b0bb8aa4dd23d1	18639	stale-layout	deliverable folders and review sheets of earlier layout phases (gerbers, BOM and CPL, DRC, renders, 1:1 prints); none carries the current netlist
v2/release/revA/boards/meshsat-pcb-b-revA-B13/meshsat.pretty/DMR858M.kicad_mod	b7eeb551102aaf3cf232a0c6261b57dd1babab12	5075	stale-layout	deliverable folders and review sheets of earlier layout phases (gerbers, BOM and CPL, DRC, renders, 1:1 prints); none carries the current netlist
v2/release/revA/boards/meshsat-pcb-b-revA-B13/meshsat.pretty/Ebyte_E72-2G4M20S1E.kicad_mod	d254ca6c23c8c475e80b8bed202fda372dc8ad00	7098	stale-layout	deliverable folders and review sheets of earlier layout phases (gerbers, BOM and CPL, DRC, renders, 1:1 prints); none carries the current netlist
v2/release/revA/boards/meshsat-pcb-b-revA-B13/meshsat.pretty/FrameScrew_M3_GND.kicad_mod	f92a3c2825954d6206a4affe969198fccf3a1255	950	stale-layout	deliverable folders and review sheets of earlier layout phases (gerbers, BOM and CPL, DRC, renders, 1:1 prints); none carries the current netlist
v2/release/revA/boards/meshsat-pcb-b-revA-B13/meshsat.pretty/GuardedToggle_SPDT.kicad_mod	0b93bdcd4fb501a1824a9de49059c8cc4f6af8cf	2463	stale-layout	deliverable folders and review sheets of earlier layout phases (gerbers, BOM and CPL, DRC, renders, 1:1 prints); none carries the current netlist
v2/release/revA/boards/meshsat-pcb-b-revA-B13/meshsat.pretty/GuidePin_Dock.kicad_mod	b7ea90d1631656f172b7e0570dc68d5f06551e6d	757	stale-layout	deliverable folders and review sheets of earlier layout phases (gerbers, BOM and CPL, DRC, renders, 1:1 prints); none carries the current netlist
v2/release/revA/boards/meshsat-pcb-b-revA-B13/meshsat.pretty/GuidePin_Stack.kicad_mod	6bad73715f57372d8d64c8ced5d0701583eb296a	758	stale-layout	deliverable folders and review sheets of earlier layout phases (gerbers, BOM and CPL, DRC, renders, 1:1 prints); none carries the current netlist
v2/release/revA/boards/meshsat-pcb-b-revA-B13/meshsat.pretty/Hirose_FH12-22S-0.5SH_1x22-1MP_P0.50mm_Horizontal.kicad_mod	0b67a52f9e86c229f5e76d05d0bad6fa27c9a8cd	8478	stale-layout	deliverable folders and review sheets of earlier layout phases (gerbers, BOM and CPL, DRC, renders, 1:1 prints); none carries the current netlist
v2/release/revA/boards/meshsat-pcb-b-revA-B13/meshsat.pretty/LeadLands_1x02.kicad_mod	684dba90f12f0d7c586f63996de6a859f5e9104c	940	stale-layout	deliverable folders and review sheets of earlier layout phases (gerbers, BOM and CPL, DRC, renders, 1:1 prints); none carries the current netlist
v2/release/revA/boards/meshsat-pcb-b-revA-B13/meshsat.pretty/Mill-Max_0858_power_pin.kicad_mod	e7ae0538e73ccd2f68dc34445c4e96d31aaad04a	2238	stale-layout	deliverable folders and review sheets of earlier layout phases (gerbers, BOM and CPL, DRC, renders, 1:1 prints); none carries the current netlist
v2/release/revA/boards/meshsat-pcb-b-revA-B13/meshsat.pretty/Mill-Max_0858_target.kicad_mod	25a2f357d15b3e5461a3a06b60fae4716e12ddf5	3689	stale-layout	deliverable folders and review sheets of earlier layout phases (gerbers, BOM and CPL, DRC, renders, 1:1 prints); none carries the current netlist
v2/release/revA/boards/meshsat-pcb-b-revA-B13/meshsat.pretty/MiniPCIe_Socket_52P_H4.0_Standoff.kicad_mod	22dfefd604c75cbf02106436d5a51850762dcefa	9992	stale-layout	deliverable folders and review sheets of earlier layout phases (gerbers, BOM and CPL, DRC, renders, 1:1 prints); none carries the current netlist
v2/release/revA/boards/meshsat-pcb-b-revA-B13/meshsat.pretty/PanelSounder.kicad_mod	a19c1e3dbcf98b697df2802f871938b701b7bf06	1333	stale-layout	deliverable folders and review sheets of earlier layout phases (gerbers, BOM and CPL, DRC, renders, 1:1 prints); none carries the current netlist
v2/release/revA/boards/meshsat-pcb-b-revA-B13/meshsat.pretty/PanelSwitch_16mm.kicad_mod	0a623a3e226ad6174334b806b85cc4e02f26f014	1514	stale-layout	deliverable folders and review sheets of earlier layout phases (gerbers, BOM and CPL, DRC, renders, 1:1 prints); none carries the current netlist
v2/release/revA/boards/meshsat-pcb-b-revA-B13/meshsat.pretty/PanelSwitch_19mm.kicad_mod	2544a22529720cbfd41819913bfe8a522d217b31	1514	stale-layout	deliverable folders and review sheets of earlier layout phases (gerbers, BOM and CPL, DRC, renders, 1:1 prints); none carries the current netlist
v2/release/revA/boards/meshsat-pcb-b-revA-B13/meshsat.pretty/PanelToggle_DPDT.kicad_mod	f8796fa733bc66f5e2cd65cf3bfe743dc8259bbd	3533	stale-layout	deliverable folders and review sheets of earlier layout phases (gerbers, BOM and CPL, DRC, renders, 1:1 prints); none carries the current netlist
v2/release/revA/boards/meshsat-pcb-b-revA-B13/meshsat.pretty/PogoPins_2x4.kicad_mod	cb9ae20ccdc1803b624a44ff6be0787babb50f04	1514	stale-layout	deliverable folders and review sheets of earlier layout phases (gerbers, BOM and CPL, DRC, renders, 1:1 prints); none carries the current netlist
v2/release/revA/boards/meshsat-pcb-b-revA-B13/meshsat.pretty/PogoPins_2x6.kicad_mod	8705c1dca881bb048e98192cb9205567b3858eec	1921	stale-layout	deliverable folders and review sheets of earlier layout phases (gerbers, BOM and CPL, DRC, renders, 1:1 prints); none carries the current netlist
v2/release/revA/boards/meshsat-pcb-b-revA-B13/meshsat.pretty/PogoTargets_2x4.kicad_mod	f12181613f62896296bc45af4e7ac3834083dda6	1340	stale-layout	deliverable folders and review sheets of earlier layout phases (gerbers, BOM and CPL, DRC, renders, 1:1 prints); none carries the current netlist
v2/release/revA/boards/meshsat-pcb-b-revA-B13/meshsat.pretty/PogoTargets_2x6.kicad_mod	0b5028a70be47bd7156e7cd419f0b644f5aeea8d	1663	stale-layout	deliverable folders and review sheets of earlier layout phases (gerbers, BOM and CPL, DRC, renders, 1:1 prints); none carries the current netlist
v2/release/revA/boards/meshsat-pcb-b-revA-B13/meshsat.pretty/Radiall_SMPMAX_R222M00720.kicad_mod	8b85546846fa3c00ab365f63af42027532b2ec52	4584	stale-layout	deliverable folders and review sheets of earlier layout phases (gerbers, BOM and CPL, DRC, renders, 1:1 prints); none carries the current netlist
v2/release/revA/boards/meshsat-pcb-b-revA-B13/meshsat.pretty/Seeed_Wio-SX1262.kicad_mod	13f3ad42fc07c6d98e2b3a1ef174374bfb80672a	4015	stale-layout	deliverable folders and review sheets of earlier layout phases (gerbers, BOM and CPL, DRC, renders, 1:1 prints); none carries the current netlist
v2/release/revA/boards/meshsat-pcb-b-revA-B13/meshsat.pretty/Slot_5x1.8_NPTH.kicad_mod	aa14174da5d277214ebb334ecbb5f0cede22eb27	428	stale-layout	deliverable folders and review sheets of earlier layout phases (gerbers, BOM and CPL, DRC, renders, 1:1 prints); none carries the current netlist
v2/release/revA/boards/meshsat-pcb-b-revA-B13/meshsat.pretty/SolderPad_8x6.kicad_mod	e54e951880f1177e8d14d774300fc58679397740	644	stale-layout	deliverable folders and review sheets of earlier layout phases (gerbers, BOM and CPL, DRC, renders, 1:1 prints); none carries the current netlist
v2/release/revA/boards/meshsat-pcb-b-revA-B13/meshsat.pretty/Texas_RQM0029A_QFN-29_4x4mm.kicad_mod	e834904a82b1f8acae5a591ee5c58a2222a76b23	8906	stale-layout	deliverable folders and review sheets of earlier layout phases (gerbers, BOM and CPL, DRC, renders, 1:1 prints); none carries the current netlist
v2/release/revA/boards/meshsat-pcb-b-revA-B13/meshsat.pretty/Texas_RQQ0011A_VQFN-HR-11_2.5x3mm.kicad_mod	413b76a1947732671281ae679d70cf692791c652	6467	stale-layout	deliverable folders and review sheets of earlier layout phases (gerbers, BOM and CPL, DRC, renders, 1:1 prints); none carries the current netlist
v2/release/revA/boards/meshsat-pcb-b-revA-B13/meshsat.pretty/WeAct_EPD_3p7.kicad_mod	4d3218b9fb116948e290dd5085abc24818cb8251	2202	stale-layout	deliverable folders and review sheets of earlier layout phases (gerbers, BOM and CPL, DRC, renders, 1:1 prints); none carries the current netlist
v2/release/revA/boards/meshsat-pcb-b-revA-B13/meshsat.pretty/WireHole_2mm.kicad_mod	4035c0334674f2bdca516ca60f29ce0361b81d7b	689	stale-layout	deliverable folders and review sheets of earlier layout phases (gerbers, BOM and CPL, DRC, renders, 1:1 prints); none carries the current netlist
v2/release/revA/boards/meshsat-pcb-b-revA-B13/meshsat.pretty/WireLands_2x6.kicad_mod	88fb8fac6ee7b88238030791e7ca12927d4625a9	1935	stale-layout	deliverable folders and review sheets of earlier layout phases (gerbers, BOM and CPL, DRC, renders, 1:1 prints); none carries the current netlist
v2/release/revA/boards/meshsat-pcb-b-revA-B13/pcb-b-compute-1to1-bottom-mirrored.pdf	db65834abcc579c2a3e0d751eab31546db0d466a	128117	stale-layout	deliverable folders and review sheets of earlier layout phases (gerbers, BOM and CPL, DRC, renders, 1:1 prints); none carries the current netlist
v2/release/revA/boards/meshsat-pcb-b-revA-B13/pcb-b-compute-1to1-top.pdf	a69eb282226fe275a04f88ac14686021fef2477e	247719	stale-layout	deliverable folders and review sheets of earlier layout phases (gerbers, BOM and CPL, DRC, renders, 1:1 prints); none carries the current netlist
v2/release/revA/boards/meshsat-pcb-b-revA-B13/pcb-b-compute-bom.csv	046acdce21559f2ce814d82390516d198804fca6	5709	stale-layout	deliverable folders and review sheets of earlier layout phases (gerbers, BOM and CPL, DRC, renders, 1:1 prints); none carries the current netlist
v2/release/revA/boards/meshsat-pcb-b-revA-B13/pcb-b-compute-cpl.csv	f8e950fc7dbcbbfb228dffd8a06b8d3277b3578f	7874	stale-layout	deliverable folders and review sheets of earlier layout phases (gerbers, BOM and CPL, DRC, renders, 1:1 prints); none carries the current netlist
v2/release/revA/boards/meshsat-pcb-b-revA-B13/pcb-b-compute-drc.rpt	8da2d530866f2fa6f248c703cd71969ded6dfa5b	11023	stale-layout	deliverable folders and review sheets of earlier layout phases (gerbers, BOM and CPL, DRC, renders, 1:1 prints); none carries the current netlist
v2/release/revA/boards/meshsat-pcb-b-revA-B13/pcb-b-compute-gerbers.zip	017063753a95257b84b4d9dcb249edd69bc4ce76	704434	stale-layout	deliverable folders and review sheets of earlier layout phases (gerbers, BOM and CPL, DRC, renders, 1:1 prints); none carries the current netlist
v2/release/revA/boards/meshsat-pcb-b-revA-B13/pcb-b-compute-render-bottom.png	3102a8d43a34b812c75d51868a358217b32714f1	73642	stale-layout	deliverable folders and review sheets of earlier layout phases (gerbers, BOM and CPL, DRC, renders, 1:1 prints); none carries the current netlist
v2/release/revA/boards/meshsat-pcb-b-revA-B13/pcb-b-compute-render-top.png	b6e2e44f20032236024f1d92deb8a5be5a690dae	164029	stale-layout	deliverable folders and review sheets of earlier layout phases (gerbers, BOM and CPL, DRC, renders, 1:1 prints); none carries the current netlist
v2/release/revA/boards/meshsat-pcb-b-revA-B13/pcb-b-compute-schematic.pdf	f67011dcca0e94275e7d13a1e8113b3ce1e9f1a4	2110075	stale-layout	deliverable folders and review sheets of earlier layout phases (gerbers, BOM and CPL, DRC, renders, 1:1 prints); none carries the current netlist
v2/release/revA/boards/meshsat-pcb-b-revA-B13/pcb-b-compute.kicad_pcb	4b4421496dd145d2245cc06eaac52035a3146af6	2517147	stale-layout	deliverable folders and review sheets of earlier layout phases (gerbers, BOM and CPL, DRC, renders, 1:1 prints); none carries the current netlist
v2/release/revA/boards/meshsat-pcb-b-revA-B13/pcb-b-compute.kicad_pro	7b8b3fdd2959686ae8ea49ca6e03d612e70d38a9	10761	stale-layout	deliverable folders and review sheets of earlier layout phases (gerbers, BOM and CPL, DRC, renders, 1:1 prints); none carries the current netlist
v2/release/revA/boards/meshsat-pcb-b-revA-B13/pcb-b-compute.kicad_sch	7ef1aaf740fb24effbb185f8f99856ca61284658	1063149	stale-layout	deliverable folders and review sheets of earlier layout phases (gerbers, BOM and CPL, DRC, renders, 1:1 prints); none carries the current netlist
v2/release/revA/boards/meshsat-pcb-b-revA-B14/README-fab.txt	32b36299245e7bb3b8b6b9c31a348169858473c0	851	stale-layout	deliverable folders and review sheets of earlier layout phases (gerbers, BOM and CPL, DRC, renders, 1:1 prints); none carries the current netlist
v2/release/revA/boards/meshsat-pcb-b-revA-B14/meshsat.pretty/CM5_Amphenol_10164227.kicad_mod	420dacd5e3ec1a0c66b430fb525dba18d1dc2917	37300	stale-layout	deliverable folders and review sheets of earlier layout phases (gerbers, BOM and CPL, DRC, renders, 1:1 prints); none carries the current netlist
v2/release/revA/boards/meshsat-pcb-b-revA-B14/meshsat.pretty/CM5_Conn_A_10164227.kicad_mod	babefb7b93929185782ea645a07b0835ca738c07	17831	stale-layout	deliverable folders and review sheets of earlier layout phases (gerbers, BOM and CPL, DRC, renders, 1:1 prints); none carries the current netlist
v2/release/revA/boards/meshsat-pcb-b-revA-B14/meshsat.pretty/CM5_Conn_B_10164227.kicad_mod	f1a863ce6743c7cd63a13036d2b0bb8aa4dd23d1	18639	stale-layout	deliverable folders and review sheets of earlier layout phases (gerbers, BOM and CPL, DRC, renders, 1:1 prints); none carries the current netlist
v2/release/revA/boards/meshsat-pcb-b-revA-B14/meshsat.pretty/DMR858M.kicad_mod	b7eeb551102aaf3cf232a0c6261b57dd1babab12	5075	stale-layout	deliverable folders and review sheets of earlier layout phases (gerbers, BOM and CPL, DRC, renders, 1:1 prints); none carries the current netlist
v2/release/revA/boards/meshsat-pcb-b-revA-B14/meshsat.pretty/Ebyte_E72-2G4M20S1E.kicad_mod	d254ca6c23c8c475e80b8bed202fda372dc8ad00	7098	stale-layout	deliverable folders and review sheets of earlier layout phases (gerbers, BOM and CPL, DRC, renders, 1:1 prints); none carries the current netlist
v2/release/revA/boards/meshsat-pcb-b-revA-B14/meshsat.pretty/FrameScrew_M3_GND.kicad_mod	f92a3c2825954d6206a4affe969198fccf3a1255	950	stale-layout	deliverable folders and review sheets of earlier layout phases (gerbers, BOM and CPL, DRC, renders, 1:1 prints); none carries the current netlist
v2/release/revA/boards/meshsat-pcb-b-revA-B14/meshsat.pretty/GuardedToggle_SPDT.kicad_mod	0b93bdcd4fb501a1824a9de49059c8cc4f6af8cf	2463	stale-layout	deliverable folders and review sheets of earlier layout phases (gerbers, BOM and CPL, DRC, renders, 1:1 prints); none carries the current netlist
v2/release/revA/boards/meshsat-pcb-b-revA-B14/meshsat.pretty/GuidePin_Dock.kicad_mod	b7ea90d1631656f172b7e0570dc68d5f06551e6d	757	stale-layout	deliverable folders and review sheets of earlier layout phases (gerbers, BOM and CPL, DRC, renders, 1:1 prints); none carries the current netlist
v2/release/revA/boards/meshsat-pcb-b-revA-B14/meshsat.pretty/GuidePin_Stack.kicad_mod	6bad73715f57372d8d64c8ced5d0701583eb296a	758	stale-layout	deliverable folders and review sheets of earlier layout phases (gerbers, BOM and CPL, DRC, renders, 1:1 prints); none carries the current netlist
v2/release/revA/boards/meshsat-pcb-b-revA-B14/meshsat.pretty/Hirose_FH12-22S-0.5SH_1x22-1MP_P0.50mm_Horizontal.kicad_mod	0b67a52f9e86c229f5e76d05d0bad6fa27c9a8cd	8478	stale-layout	deliverable folders and review sheets of earlier layout phases (gerbers, BOM and CPL, DRC, renders, 1:1 prints); none carries the current netlist
v2/release/revA/boards/meshsat-pcb-b-revA-B14/meshsat.pretty/LeadLands_1x02.kicad_mod	684dba90f12f0d7c586f63996de6a859f5e9104c	940	stale-layout	deliverable folders and review sheets of earlier layout phases (gerbers, BOM and CPL, DRC, renders, 1:1 prints); none carries the current netlist
v2/release/revA/boards/meshsat-pcb-b-revA-B14/meshsat.pretty/M2_E-Key_Socket_2230.kicad_mod	f535d6ccbcb8827a1ba076c8ff4d473446042c3a	11906	stale-layout	deliverable folders and review sheets of earlier layout phases (gerbers, BOM and CPL, DRC, renders, 1:1 prints); none carries the current netlist
v2/release/revA/boards/meshsat-pcb-b-revA-B14/meshsat.pretty/Mill-Max_0858_power_pin.kicad_mod	e7ae0538e73ccd2f68dc34445c4e96d31aaad04a	2238	stale-layout	deliverable folders and review sheets of earlier layout phases (gerbers, BOM and CPL, DRC, renders, 1:1 prints); none carries the current netlist
v2/release/revA/boards/meshsat-pcb-b-revA-B14/meshsat.pretty/Mill-Max_0858_target.kicad_mod	847341092da38e4370746c238f1ec88a109ce3a1	3349	stale-layout	deliverable folders and review sheets of earlier layout phases (gerbers, BOM and CPL, DRC, renders, 1:1 prints); none carries the current netlist
v2/release/revA/boards/meshsat-pcb-b-revA-B14/meshsat.pretty/MiniPCIe_Socket_52P_H4.0_Standoff.kicad_mod	22dfefd604c75cbf02106436d5a51850762dcefa	9992	stale-layout	deliverable folders and review sheets of earlier layout phases (gerbers, BOM and CPL, DRC, renders, 1:1 prints); none carries the current netlist
v2/release/revA/boards/meshsat-pcb-b-revA-B14/meshsat.pretty/PanelSounder.kicad_mod	a19c1e3dbcf98b697df2802f871938b701b7bf06	1333	stale-layout	deliverable folders and review sheets of earlier layout phases (gerbers, BOM and CPL, DRC, renders, 1:1 prints); none carries the current netlist
v2/release/revA/boards/meshsat-pcb-b-revA-B14/meshsat.pretty/PanelSwitch_16mm.kicad_mod	0a623a3e226ad6174334b806b85cc4e02f26f014	1514	stale-layout	deliverable folders and review sheets of earlier layout phases (gerbers, BOM and CPL, DRC, renders, 1:1 prints); none carries the current netlist
v2/release/revA/boards/meshsat-pcb-b-revA-B14/meshsat.pretty/PanelSwitch_19mm.kicad_mod	2544a22529720cbfd41819913bfe8a522d217b31	1514	stale-layout	deliverable folders and review sheets of earlier layout phases (gerbers, BOM and CPL, DRC, renders, 1:1 prints); none carries the current netlist
v2/release/revA/boards/meshsat-pcb-b-revA-B14/meshsat.pretty/PanelToggle_DPDT.kicad_mod	f8796fa733bc66f5e2cd65cf3bfe743dc8259bbd	3533	stale-layout	deliverable folders and review sheets of earlier layout phases (gerbers, BOM and CPL, DRC, renders, 1:1 prints); none carries the current netlist
v2/release/revA/boards/meshsat-pcb-b-revA-B14/meshsat.pretty/PogoPins_2x4.kicad_mod	cb9ae20ccdc1803b624a44ff6be0787babb50f04	1514	stale-layout	deliverable folders and review sheets of earlier layout phases (gerbers, BOM and CPL, DRC, renders, 1:1 prints); none carries the current netlist
v2/release/revA/boards/meshsat-pcb-b-revA-B14/meshsat.pretty/PogoPins_2x6.kicad_mod	8705c1dca881bb048e98192cb9205567b3858eec	1921	stale-layout	deliverable folders and review sheets of earlier layout phases (gerbers, BOM and CPL, DRC, renders, 1:1 prints); none carries the current netlist
v2/release/revA/boards/meshsat-pcb-b-revA-B14/meshsat.pretty/PogoTargets_2x4.kicad_mod	f12181613f62896296bc45af4e7ac3834083dda6	1340	stale-layout	deliverable folders and review sheets of earlier layout phases (gerbers, BOM and CPL, DRC, renders, 1:1 prints); none carries the current netlist
v2/release/revA/boards/meshsat-pcb-b-revA-B14/meshsat.pretty/PogoTargets_2x6.kicad_mod	0b5028a70be47bd7156e7cd419f0b644f5aeea8d	1663	stale-layout	deliverable folders and review sheets of earlier layout phases (gerbers, BOM and CPL, DRC, renders, 1:1 prints); none carries the current netlist
v2/release/revA/boards/meshsat-pcb-b-revA-B14/meshsat.pretty/Radiall_SMPMAX_R222M00720.kicad_mod	8b85546846fa3c00ab365f63af42027532b2ec52	4584	stale-layout	deliverable folders and review sheets of earlier layout phases (gerbers, BOM and CPL, DRC, renders, 1:1 prints); none carries the current netlist
v2/release/revA/boards/meshsat-pcb-b-revA-B14/meshsat.pretty/Seeed_Wio-SX1262.kicad_mod	13f3ad42fc07c6d98e2b3a1ef174374bfb80672a	4015	stale-layout	deliverable folders and review sheets of earlier layout phases (gerbers, BOM and CPL, DRC, renders, 1:1 prints); none carries the current netlist
v2/release/revA/boards/meshsat-pcb-b-revA-B14/meshsat.pretty/Slot_5x1.8_NPTH.kicad_mod	aa14174da5d277214ebb334ecbb5f0cede22eb27	428	stale-layout	deliverable folders and review sheets of earlier layout phases (gerbers, BOM and CPL, DRC, renders, 1:1 prints); none carries the current netlist
v2/release/revA/boards/meshsat-pcb-b-revA-B14/meshsat.pretty/SolderPad_8x6.kicad_mod	e54e951880f1177e8d14d774300fc58679397740	644	stale-layout	deliverable folders and review sheets of earlier layout phases (gerbers, BOM and CPL, DRC, renders, 1:1 prints); none carries the current netlist
v2/release/revA/boards/meshsat-pcb-b-revA-B14/meshsat.pretty/Texas_RQM0029A_QFN-29_4x4mm.kicad_mod	e834904a82b1f8acae5a591ee5c58a2222a76b23	8906	stale-layout	deliverable folders and review sheets of earlier layout phases (gerbers, BOM and CPL, DRC, renders, 1:1 prints); none carries the current netlist
v2/release/revA/boards/meshsat-pcb-b-revA-B14/meshsat.pretty/Texas_RQQ0011A_VQFN-HR-11_2.5x3mm.kicad_mod	413b76a1947732671281ae679d70cf692791c652	6467	stale-layout	deliverable folders and review sheets of earlier layout phases (gerbers, BOM and CPL, DRC, renders, 1:1 prints); none carries the current netlist
v2/release/revA/boards/meshsat-pcb-b-revA-B14/meshsat.pretty/WeAct_EPD_3p7.kicad_mod	4d3218b9fb116948e290dd5085abc24818cb8251	2202	stale-layout	deliverable folders and review sheets of earlier layout phases (gerbers, BOM and CPL, DRC, renders, 1:1 prints); none carries the current netlist
v2/release/revA/boards/meshsat-pcb-b-revA-B14/meshsat.pretty/WireHole_2mm.kicad_mod	4035c0334674f2bdca516ca60f29ce0361b81d7b	689	stale-layout	deliverable folders and review sheets of earlier layout phases (gerbers, BOM and CPL, DRC, renders, 1:1 prints); none carries the current netlist
v2/release/revA/boards/meshsat-pcb-b-revA-B14/meshsat.pretty/WireLands_2x6.kicad_mod	88fb8fac6ee7b88238030791e7ca12927d4625a9	1935	stale-layout	deliverable folders and review sheets of earlier layout phases (gerbers, BOM and CPL, DRC, renders, 1:1 prints); none carries the current netlist
v2/release/revA/boards/meshsat-pcb-b-revA-B14/pcb-b-compute-1to1-bottom-mirrored.pdf	3ca727e8eb1e6f59794089c2e173c504188e3a30	137627	stale-layout	deliverable folders and review sheets of earlier layout phases (gerbers, BOM and CPL, DRC, renders, 1:1 prints); none carries the current netlist
v2/release/revA/boards/meshsat-pcb-b-revA-B14/pcb-b-compute-1to1-top.pdf	a6f84bec61d5240813e63a1910c58320e8ff2251	269126	stale-layout	deliverable folders and review sheets of earlier layout phases (gerbers, BOM and CPL, DRC, renders, 1:1 prints); none carries the current netlist
v2/release/revA/boards/meshsat-pcb-b-revA-B14/pcb-b-compute-bom.csv	deb8aff84e543daba3dd18c32e435381b021fc84	6047	stale-layout	deliverable folders and review sheets of earlier layout phases (gerbers, BOM and CPL, DRC, renders, 1:1 prints); none carries the current netlist
v2/release/revA/boards/meshsat-pcb-b-revA-B14/pcb-b-compute-cpl.csv	95595709d625a2055f26f1f6f5c7f9f80bdb8ee3	8677	stale-layout	deliverable folders and review sheets of earlier layout phases (gerbers, BOM and CPL, DRC, renders, 1:1 prints); none carries the current netlist
v2/release/revA/boards/meshsat-pcb-b-revA-B14/pcb-b-compute-drc.rpt	efbb43db43bcaa70e7c965010c70f814575c9c77	12391	stale-layout	deliverable folders and review sheets of earlier layout phases (gerbers, BOM and CPL, DRC, renders, 1:1 prints); none carries the current netlist
v2/release/revA/boards/meshsat-pcb-b-revA-B14/pcb-b-compute-gerbers.zip	dc4c3545d1749f62a36b33ef92410113009bb18e	770031	stale-layout	deliverable folders and review sheets of earlier layout phases (gerbers, BOM and CPL, DRC, renders, 1:1 prints); none carries the current netlist
v2/release/revA/boards/meshsat-pcb-b-revA-B14/pcb-b-compute-render-bottom.png	64145ab75304ed0d5517e07e4b8e51030478616c	81885	stale-layout	deliverable folders and review sheets of earlier layout phases (gerbers, BOM and CPL, DRC, renders, 1:1 prints); none carries the current netlist
v2/release/revA/boards/meshsat-pcb-b-revA-B14/pcb-b-compute-render-top.png	518025eace3a4b8ae175eb4e0d4fc18856f081c8	183114	stale-layout	deliverable folders and review sheets of earlier layout phases (gerbers, BOM and CPL, DRC, renders, 1:1 prints); none carries the current netlist
v2/release/revA/boards/meshsat-pcb-b-revA-B14/pcb-b-compute-schematic.pdf	cb5cc78f05efd7997f69f9b0517b417e45d4b573	2322865	stale-layout	deliverable folders and review sheets of earlier layout phases (gerbers, BOM and CPL, DRC, renders, 1:1 prints); none carries the current netlist
v2/release/revA/boards/meshsat-pcb-b-revA-B14/pcb-b-compute.kicad_pcb	e2a397d9e42a52b47183d874881ad80e1ec36fcf	2713890	stale-layout	deliverable folders and review sheets of earlier layout phases (gerbers, BOM and CPL, DRC, renders, 1:1 prints); none carries the current netlist
v2/release/revA/boards/meshsat-pcb-b-revA-B14/pcb-b-compute.kicad_pro	4a65b03e347117dc608cc70596d878d271ac89e1	12394	stale-layout	deliverable folders and review sheets of earlier layout phases (gerbers, BOM and CPL, DRC, renders, 1:1 prints); none carries the current netlist
v2/release/revA/boards/meshsat-pcb-b-revA-B14/pcb-b-compute.kicad_sch	6ae16faf692adf7b04eb7f862ec68bdbcc496236	1145845	stale-layout	deliverable folders and review sheets of earlier layout phases (gerbers, BOM and CPL, DRC, renders, 1:1 prints); none carries the current netlist
v2/release/revA/boards/meshsat-pcb-b-revA-B15/README-fab.txt	abb98e0c1bb302414fd2dd37c517b92882168495	827	stale-layout	deliverable folders and review sheets of earlier layout phases (gerbers, BOM and CPL, DRC, renders, 1:1 prints); none carries the current netlist
v2/release/revA/boards/meshsat-pcb-b-revA-B15/meshsat.pretty/BackerScrew_M3_GND.kicad_mod	969a703459dcadfb90c646c9890937a8efd6d8a9	704	stale-layout	deliverable folders and review sheets of earlier layout phases (gerbers, BOM and CPL, DRC, renders, 1:1 prints); none carries the current netlist
v2/release/revA/boards/meshsat-pcb-b-revA-B15/meshsat.pretty/CM5_Amphenol_10164227.kicad_mod	420dacd5e3ec1a0c66b430fb525dba18d1dc2917	37300	stale-layout	deliverable folders and review sheets of earlier layout phases (gerbers, BOM and CPL, DRC, renders, 1:1 prints); none carries the current netlist
v2/release/revA/boards/meshsat-pcb-b-revA-B15/meshsat.pretty/CM5_Conn_A_10164227.kicad_mod	babefb7b93929185782ea645a07b0835ca738c07	17831	stale-layout	deliverable folders and review sheets of earlier layout phases (gerbers, BOM and CPL, DRC, renders, 1:1 prints); none carries the current netlist
v2/release/revA/boards/meshsat-pcb-b-revA-B15/meshsat.pretty/CM5_Conn_B_10164227.kicad_mod	f1a863ce6743c7cd63a13036d2b0bb8aa4dd23d1	18639	stale-layout	deliverable folders and review sheets of earlier layout phases (gerbers, BOM and CPL, DRC, renders, 1:1 prints); none carries the current netlist
v2/release/revA/boards/meshsat-pcb-b-revA-B15/meshsat.pretty/DMR858M.kicad_mod	b7eeb551102aaf3cf232a0c6261b57dd1babab12	5075	stale-layout	deliverable folders and review sheets of earlier layout phases (gerbers, BOM and CPL, DRC, renders, 1:1 prints); none carries the current netlist
v2/release/revA/boards/meshsat-pcb-b-revA-B15/meshsat.pretty/Ebyte_E72-2G4M20S1E.kicad_mod	d254ca6c23c8c475e80b8bed202fda372dc8ad00	7098	stale-layout	deliverable folders and review sheets of earlier layout phases (gerbers, BOM and CPL, DRC, renders, 1:1 prints); none carries the current netlist
v2/release/revA/boards/meshsat-pcb-b-revA-B15/meshsat.pretty/FrameScrew_M3_GND.kicad_mod	f92a3c2825954d6206a4affe969198fccf3a1255	950	stale-layout	deliverable folders and review sheets of earlier layout phases (gerbers, BOM and CPL, DRC, renders, 1:1 prints); none carries the current netlist
v2/release/revA/boards/meshsat-pcb-b-revA-B15/meshsat.pretty/GuardedToggle_SPDT.kicad_mod	0b93bdcd4fb501a1824a9de49059c8cc4f6af8cf	2463	stale-layout	deliverable folders and review sheets of earlier layout phases (gerbers, BOM and CPL, DRC, renders, 1:1 prints); none carries the current netlist
v2/release/revA/boards/meshsat-pcb-b-revA-B15/meshsat.pretty/GuidePin_Dock.kicad_mod	b7ea90d1631656f172b7e0570dc68d5f06551e6d	757	stale-layout	deliverable folders and review sheets of earlier layout phases (gerbers, BOM and CPL, DRC, renders, 1:1 prints); none carries the current netlist
v2/release/revA/boards/meshsat-pcb-b-revA-B15/meshsat.pretty/GuidePin_Stack.kicad_mod	6bad73715f57372d8d64c8ced5d0701583eb296a	758	stale-layout	deliverable folders and review sheets of earlier layout phases (gerbers, BOM and CPL, DRC, renders, 1:1 prints); none carries the current netlist
v2/release/revA/boards/meshsat-pcb-b-revA-B15/meshsat.pretty/Hirose_FH12-22S-0.5SH_1x22-1MP_P0.50mm_Horizontal.kicad_mod	0b67a52f9e86c229f5e76d05d0bad6fa27c9a8cd	8478	stale-layout	deliverable folders and review sheets of earlier layout phases (gerbers, BOM and CPL, DRC, renders, 1:1 prints); none carries the current netlist
v2/release/revA/boards/meshsat-pcb-b-revA-B15/meshsat.pretty/LeadLands_1x02.kicad_mod	684dba90f12f0d7c586f63996de6a859f5e9104c	940	stale-layout	deliverable folders and review sheets of earlier layout phases (gerbers, BOM and CPL, DRC, renders, 1:1 prints); none carries the current netlist
v2/release/revA/boards/meshsat-pcb-b-revA-B15/meshsat.pretty/M2_E-Key_Socket_2230.kicad_mod	f535d6ccbcb8827a1ba076c8ff4d473446042c3a	11906	stale-layout	deliverable folders and review sheets of earlier layout phases (gerbers, BOM and CPL, DRC, renders, 1:1 prints); none carries the current netlist
v2/release/revA/boards/meshsat-pcb-b-revA-B15/meshsat.pretty/Mill-Max_0858_power_pin.kicad_mod	e7ae0538e73ccd2f68dc34445c4e96d31aaad04a	2238	stale-layout	deliverable folders and review sheets of earlier layout phases (gerbers, BOM and CPL, DRC, renders, 1:1 prints); none carries the current netlist
v2/release/revA/boards/meshsat-pcb-b-revA-B15/meshsat.pretty/Mill-Max_0858_target.kicad_mod	847341092da38e4370746c238f1ec88a109ce3a1	3349	stale-layout	deliverable folders and review sheets of earlier layout phases (gerbers, BOM and CPL, DRC, renders, 1:1 prints); none carries the current netlist
v2/release/revA/boards/meshsat-pcb-b-revA-B15/meshsat.pretty/MiniPCIe_Socket_52P_H4.0_Standoff.kicad_mod	22dfefd604c75cbf02106436d5a51850762dcefa	9992	stale-layout	deliverable folders and review sheets of earlier layout phases (gerbers, BOM and CPL, DRC, renders, 1:1 prints); none carries the current netlist
v2/release/revA/boards/meshsat-pcb-b-revA-B15/meshsat.pretty/PanelSounder.kicad_mod	1f6272b2dd125e4fb079ad7ce69c35993aa54546	1333	stale-layout	deliverable folders and review sheets of earlier layout phases (gerbers, BOM and CPL, DRC, renders, 1:1 prints); none carries the current netlist
v2/release/revA/boards/meshsat-pcb-b-revA-B15/meshsat.pretty/PanelSwitch_16mm.kicad_mod	0a623a3e226ad6174334b806b85cc4e02f26f014	1514	stale-layout	deliverable folders and review sheets of earlier layout phases (gerbers, BOM and CPL, DRC, renders, 1:1 prints); none carries the current netlist
v2/release/revA/boards/meshsat-pcb-b-revA-B15/meshsat.pretty/PanelSwitch_19mm.kicad_mod	2544a22529720cbfd41819913bfe8a522d217b31	1514	stale-layout	deliverable folders and review sheets of earlier layout phases (gerbers, BOM and CPL, DRC, renders, 1:1 prints); none carries the current netlist
v2/release/revA/boards/meshsat-pcb-b-revA-B15/meshsat.pretty/PanelToggle_DPDT.kicad_mod	f8796fa733bc66f5e2cd65cf3bfe743dc8259bbd	3533	stale-layout	deliverable folders and review sheets of earlier layout phases (gerbers, BOM and CPL, DRC, renders, 1:1 prints); none carries the current netlist
v2/release/revA/boards/meshsat-pcb-b-revA-B15/meshsat.pretty/PogoPins_2x4.kicad_mod	cb9ae20ccdc1803b624a44ff6be0787babb50f04	1514	stale-layout	deliverable folders and review sheets of earlier layout phases (gerbers, BOM and CPL, DRC, renders, 1:1 prints); none carries the current netlist
v2/release/revA/boards/meshsat-pcb-b-revA-B15/meshsat.pretty/PogoPins_2x6.kicad_mod	8705c1dca881bb048e98192cb9205567b3858eec	1921	stale-layout	deliverable folders and review sheets of earlier layout phases (gerbers, BOM and CPL, DRC, renders, 1:1 prints); none carries the current netlist
v2/release/revA/boards/meshsat-pcb-b-revA-B15/meshsat.pretty/PogoTargets_2x4.kicad_mod	f12181613f62896296bc45af4e7ac3834083dda6	1340	stale-layout	deliverable folders and review sheets of earlier layout phases (gerbers, BOM and CPL, DRC, renders, 1:1 prints); none carries the current netlist
v2/release/revA/boards/meshsat-pcb-b-revA-B15/meshsat.pretty/PogoTargets_2x6.kicad_mod	0b5028a70be47bd7156e7cd419f0b644f5aeea8d	1663	stale-layout	deliverable folders and review sheets of earlier layout phases (gerbers, BOM and CPL, DRC, renders, 1:1 prints); none carries the current netlist
v2/release/revA/boards/meshsat-pcb-b-revA-B15/meshsat.pretty/Radiall_SMPMAX_R222M00720.kicad_mod	8b85546846fa3c00ab365f63af42027532b2ec52	4584	stale-layout	deliverable folders and review sheets of earlier layout phases (gerbers, BOM and CPL, DRC, renders, 1:1 prints); none carries the current netlist
v2/release/revA/boards/meshsat-pcb-b-revA-B15/meshsat.pretty/Seeed_Wio-SX1262.kicad_mod	13f3ad42fc07c6d98e2b3a1ef174374bfb80672a	4015	stale-layout	deliverable folders and review sheets of earlier layout phases (gerbers, BOM and CPL, DRC, renders, 1:1 prints); none carries the current netlist
v2/release/revA/boards/meshsat-pcb-b-revA-B15/meshsat.pretty/Slot_5x1.8_NPTH.kicad_mod	aa14174da5d277214ebb334ecbb5f0cede22eb27	428	stale-layout	deliverable folders and review sheets of earlier layout phases (gerbers, BOM and CPL, DRC, renders, 1:1 prints); none carries the current netlist
v2/release/revA/boards/meshsat-pcb-b-revA-B15/meshsat.pretty/SolderPad_8x6.kicad_mod	e54e951880f1177e8d14d774300fc58679397740	644	stale-layout	deliverable folders and review sheets of earlier layout phases (gerbers, BOM and CPL, DRC, renders, 1:1 prints); none carries the current netlist
v2/release/revA/boards/meshsat-pcb-b-revA-B15/meshsat.pretty/Texas_RQM0029A_QFN-29_4x4mm.kicad_mod	e834904a82b1f8acae5a591ee5c58a2222a76b23	8906	stale-layout	deliverable folders and review sheets of earlier layout phases (gerbers, BOM and CPL, DRC, renders, 1:1 prints); none carries the current netlist
v2/release/revA/boards/meshsat-pcb-b-revA-B15/meshsat.pretty/Texas_RQQ0011A_VQFN-HR-11_2.5x3mm.kicad_mod	413b76a1947732671281ae679d70cf692791c652	6467	stale-layout	deliverable folders and review sheets of earlier layout phases (gerbers, BOM and CPL, DRC, renders, 1:1 prints); none carries the current netlist
v2/release/revA/boards/meshsat-pcb-b-revA-B15/meshsat.pretty/ToggleBody_DPDT.kicad_mod	abe2f1d39c47b7b1fc6a0d89317a83fe18d4327b	1560	stale-layout	deliverable folders and review sheets of earlier layout phases (gerbers, BOM and CPL, DRC, renders, 1:1 prints); none carries the current netlist
v2/release/revA/boards/meshsat-pcb-b-revA-B15/meshsat.pretty/ToggleBody_SPDT.kicad_mod	da327469e4115214a336e2c8cda9324d1b6c816e	1308	stale-layout	deliverable folders and review sheets of earlier layout phases (gerbers, BOM and CPL, DRC, renders, 1:1 prints); none carries the current netlist
v2/release/revA/boards/meshsat-pcb-b-revA-B15/meshsat.pretty/WeAct_EPD_3p7.kicad_mod	4d3218b9fb116948e290dd5085abc24818cb8251	2202	stale-layout	deliverable folders and review sheets of earlier layout phases (gerbers, BOM and CPL, DRC, renders, 1:1 prints); none carries the current netlist
v2/release/revA/boards/meshsat-pcb-b-revA-B15/meshsat.pretty/WireHole_2mm.kicad_mod	4035c0334674f2bdca516ca60f29ce0361b81d7b	689	stale-layout	deliverable folders and review sheets of earlier layout phases (gerbers, BOM and CPL, DRC, renders, 1:1 prints); none carries the current netlist
v2/release/revA/boards/meshsat-pcb-b-revA-B15/meshsat.pretty/WireLands_2x6.kicad_mod	88fb8fac6ee7b88238030791e7ca12927d4625a9	1935	stale-layout	deliverable folders and review sheets of earlier layout phases (gerbers, BOM and CPL, DRC, renders, 1:1 prints); none carries the current netlist
v2/release/revA/boards/meshsat-pcb-b-revA-B15/pcb-b-compute-1to1-bottom-mirrored.pdf	5806ae877000a7b5b74dc0408d972c8b8424bbc9	137581	stale-layout	deliverable folders and review sheets of earlier layout phases (gerbers, BOM and CPL, DRC, renders, 1:1 prints); none carries the current netlist
v2/release/revA/boards/meshsat-pcb-b-revA-B15/pcb-b-compute-1to1-top.pdf	3be0c6d8f05720236816fa63dacfa3b328fec97a	268988	stale-layout	deliverable folders and review sheets of earlier layout phases (gerbers, BOM and CPL, DRC, renders, 1:1 prints); none carries the current netlist
v2/release/revA/boards/meshsat-pcb-b-revA-B15/pcb-b-compute-bom.csv	deb8aff84e543daba3dd18c32e435381b021fc84	6047	stale-layout	deliverable folders and review sheets of earlier layout phases (gerbers, BOM and CPL, DRC, renders, 1:1 prints); none carries the current netlist
v2/release/revA/boards/meshsat-pcb-b-revA-B15/pcb-b-compute-cpl.csv	95595709d625a2055f26f1f6f5c7f9f80bdb8ee3	8677	stale-layout	deliverable folders and review sheets of earlier layout phases (gerbers, BOM and CPL, DRC, renders, 1:1 prints); none carries the current netlist
v2/release/revA/boards/meshsat-pcb-b-revA-B15/pcb-b-compute-drc.rpt	be278171a5118c467a6f890f945eab245886dea5	15039	stale-layout	deliverable folders and review sheets of earlier layout phases (gerbers, BOM and CPL, DRC, renders, 1:1 prints); none carries the current netlist
v2/release/revA/boards/meshsat-pcb-b-revA-B15/pcb-b-compute-gerbers.zip	0f956e6547fae1a6a1bb95f4e6752884c811b224	977994	stale-layout	deliverable folders and review sheets of earlier layout phases (gerbers, BOM and CPL, DRC, renders, 1:1 prints); none carries the current netlist
v2/release/revA/boards/meshsat-pcb-b-revA-B15/pcb-b-compute-render-bottom.png	11a94b32f02c3a225568969933186c4d26cc644d	82208	stale-layout	deliverable folders and review sheets of earlier layout phases (gerbers, BOM and CPL, DRC, renders, 1:1 prints); none carries the current netlist
v2/release/revA/boards/meshsat-pcb-b-revA-B15/pcb-b-compute-render-top.png	13cebe5ce4f4cd7989cc9668aa377407523c9f33	187731	stale-layout	deliverable folders and review sheets of earlier layout phases (gerbers, BOM and CPL, DRC, renders, 1:1 prints); none carries the current netlist
v2/release/revA/boards/meshsat-pcb-b-revA-B15/pcb-b-compute-schematic.pdf	6468e35d5753e96f7a0548817d40b7b399ac8ef4	2321385	stale-layout	deliverable folders and review sheets of earlier layout phases (gerbers, BOM and CPL, DRC, renders, 1:1 prints); none carries the current netlist
v2/release/revA/boards/meshsat-pcb-b-revA-B15/pcb-b-compute.kicad_pcb	d56abfc3ed939529cfb4be977cb10cff3602be36	3733893	stale-layout	deliverable folders and review sheets of earlier layout phases (gerbers, BOM and CPL, DRC, renders, 1:1 prints); none carries the current netlist
v2/release/revA/boards/meshsat-pcb-b-revA-B15/pcb-b-compute.kicad_pro	4a65b03e347117dc608cc70596d878d271ac89e1	12394	stale-layout	deliverable folders and review sheets of earlier layout phases (gerbers, BOM and CPL, DRC, renders, 1:1 prints); none carries the current netlist
v2/release/revA/boards/meshsat-pcb-b-revA-B15/pcb-b-compute.kicad_sch	3ed4b4c9b026b9cc3ca2f4aba9dcff4beaddee4e	1145845	stale-layout	deliverable folders and review sheets of earlier layout phases (gerbers, BOM and CPL, DRC, renders, 1:1 prints); none carries the current netlist
v2/release/revA/boards/meshsat-pcb-b-revA-B19-quote/QUOTE-ONLY.txt	395230d502ec37b6b6a396ad4555ee1727dfd8a2	768	stale-layout	deliverable folders and review sheets of earlier layout phases (gerbers, BOM and CPL, DRC, renders, 1:1 prints); none carries the current netlist
v2/release/revA/boards/meshsat-pcb-b-revA-B19-quote/README-fab.txt	a5257896083c5b789afa87b47cb5a3930266d33c	908	stale-layout	deliverable folders and review sheets of earlier layout phases (gerbers, BOM and CPL, DRC, renders, 1:1 prints); none carries the current netlist
v2/release/revA/boards/meshsat-pcb-b-revA-B19-quote/pcb-b-compute-bom.csv	be297d107133d724bad0da0243400fc4ba46ad22	22189	stale-layout	deliverable folders and review sheets of earlier layout phases (gerbers, BOM and CPL, DRC, renders, 1:1 prints); none carries the current netlist
v2/release/revA/boards/meshsat-pcb-b-revA-B19-quote/pcb-b-compute-bom.status	d86bac9de59abcc26bc7956c1e842237c7581859	3	stale-layout	deliverable folders and review sheets of earlier layout phases (gerbers, BOM and CPL, DRC, renders, 1:1 prints); none carries the current netlist
v2/release/revA/boards/meshsat-pcb-b-revA-B19-quote/pcb-b-compute-cpl.csv	4b46da8920b182eccba63e5da8e5a1c509e6a1c8	40584	stale-layout	deliverable folders and review sheets of earlier layout phases (gerbers, BOM and CPL, DRC, renders, 1:1 prints); none carries the current netlist
v2/release/revA/boards/meshsat-pcb-b-revA-B19-quote/pcb-b-compute-gerbers.zip	59ca8eea678b375230f118704ead4089570b1c89	1391786	stale-layout	deliverable folders and review sheets of earlier layout phases (gerbers, BOM and CPL, DRC, renders, 1:1 prints); none carries the current netlist
v2/release/revA/boards/meshsat-pcb-b-revA-B19-quote/pcb-b-compute-render-bottom.png	2cab2d93d435dcc219b02f542da3d31551551360	160180	stale-layout	deliverable folders and review sheets of earlier layout phases (gerbers, BOM and CPL, DRC, renders, 1:1 prints); none carries the current netlist
v2/release/revA/boards/meshsat-pcb-b-revA-B19-quote/pcb-b-compute-render-top.png	85fb47d29242cba68f8ce3e0b12fe99c4ec32325	216094	stale-layout	deliverable folders and review sheets of earlier layout phases (gerbers, BOM and CPL, DRC, renders, 1:1 prints); none carries the current netlist
v2/release/revA/boards/meshsat-pcb-c-revA-C17/README-fab.txt	a2b58a64de877f5b520e545f42bf5d27475299fc	689	stale-layout	deliverable folders and review sheets of earlier layout phases (gerbers, BOM and CPL, DRC, renders, 1:1 prints); none carries the current netlist
v2/release/revA/boards/meshsat-pcb-c-revA-C17/meshsat.pretty/BackerScrew_M3_GND.kicad_mod	969a703459dcadfb90c646c9890937a8efd6d8a9	704	stale-layout	deliverable folders and review sheets of earlier layout phases (gerbers, BOM and CPL, DRC, renders, 1:1 prints); none carries the current netlist
v2/release/revA/boards/meshsat-pcb-c-revA-C17/meshsat.pretty/CM5_Amphenol_10164227.kicad_mod	420dacd5e3ec1a0c66b430fb525dba18d1dc2917	37300	stale-layout	deliverable folders and review sheets of earlier layout phases (gerbers, BOM and CPL, DRC, renders, 1:1 prints); none carries the current netlist
v2/release/revA/boards/meshsat-pcb-c-revA-C17/meshsat.pretty/CM5_Conn_A_10164227.kicad_mod	babefb7b93929185782ea645a07b0835ca738c07	17831	stale-layout	deliverable folders and review sheets of earlier layout phases (gerbers, BOM and CPL, DRC, renders, 1:1 prints); none carries the current netlist
v2/release/revA/boards/meshsat-pcb-c-revA-C17/meshsat.pretty/CM5_Conn_B_10164227.kicad_mod	f1a863ce6743c7cd63a13036d2b0bb8aa4dd23d1	18639	stale-layout	deliverable folders and review sheets of earlier layout phases (gerbers, BOM and CPL, DRC, renders, 1:1 prints); none carries the current netlist
v2/release/revA/boards/meshsat-pcb-c-revA-C17/meshsat.pretty/DMR858M.kicad_mod	b7eeb551102aaf3cf232a0c6261b57dd1babab12	5075	stale-layout	deliverable folders and review sheets of earlier layout phases (gerbers, BOM and CPL, DRC, renders, 1:1 prints); none carries the current netlist
v2/release/revA/boards/meshsat-pcb-c-revA-C17/meshsat.pretty/Ebyte_E22-900M30S.kicad_mod	69cdb329999d405eeb085a9587da267e9c7b5b29	3574	stale-layout	deliverable folders and review sheets of earlier layout phases (gerbers, BOM and CPL, DRC, renders, 1:1 prints); none carries the current netlist
v2/release/revA/boards/meshsat-pcb-c-revA-C17/meshsat.pretty/Ebyte_E72-2G4M20S1E.kicad_mod	d254ca6c23c8c475e80b8bed202fda372dc8ad00	7098	stale-layout	deliverable folders and review sheets of earlier layout phases (gerbers, BOM and CPL, DRC, renders, 1:1 prints); none carries the current netlist
v2/release/revA/boards/meshsat-pcb-c-revA-C17/meshsat.pretty/FrameScrew_M3_GND.kicad_mod	f92a3c2825954d6206a4affe969198fccf3a1255	950	stale-layout	deliverable folders and review sheets of earlier layout phases (gerbers, BOM and CPL, DRC, renders, 1:1 prints); none carries the current netlist
v2/release/revA/boards/meshsat-pcb-c-revA-C17/meshsat.pretty/GuardedToggle_SPDT.kicad_mod	0b93bdcd4fb501a1824a9de49059c8cc4f6af8cf	2463	stale-layout	deliverable folders and review sheets of earlier layout phases (gerbers, BOM and CPL, DRC, renders, 1:1 prints); none carries the current netlist
v2/release/revA/boards/meshsat-pcb-c-revA-C17/meshsat.pretty/GuidePin_Dock.kicad_mod	b7ea90d1631656f172b7e0570dc68d5f06551e6d	757	stale-layout	deliverable folders and review sheets of earlier layout phases (gerbers, BOM and CPL, DRC, renders, 1:1 prints); none carries the current netlist
v2/release/revA/boards/meshsat-pcb-c-revA-C17/meshsat.pretty/GuidePin_Stack.kicad_mod	6bad73715f57372d8d64c8ced5d0701583eb296a	758	stale-layout	deliverable folders and review sheets of earlier layout phases (gerbers, BOM and CPL, DRC, renders, 1:1 prints); none carries the current netlist
v2/release/revA/boards/meshsat-pcb-c-revA-C17/meshsat.pretty/Hirose_FH12-22S-0.5SH_1x22-1MP_P0.50mm_Horizontal.kicad_mod	0b67a52f9e86c229f5e76d05d0bad6fa27c9a8cd	8478	stale-layout	deliverable folders and review sheets of earlier layout phases (gerbers, BOM and CPL, DRC, renders, 1:1 prints); none carries the current netlist
v2/release/revA/boards/meshsat-pcb-c-revA-C17/meshsat.pretty/Hirose_FH34SRJ-24S.kicad_mod	fffcc0e8964fe160de31b0bb3ac0af3bef66a2a0	4027	stale-layout	deliverable folders and review sheets of earlier layout phases (gerbers, BOM and CPL, DRC, renders, 1:1 prints); none carries the current netlist
v2/release/revA/boards/meshsat-pcb-c-revA-C17/meshsat.pretty/IDC-Header_2x05_P2.54mm_Vertical_NarrowPad.kicad_mod	39ee3bb4388fbbb47907842c3da6848c2150b820	5619	stale-layout	deliverable folders and review sheets of earlier layout phases (gerbers, BOM and CPL, DRC, renders, 1:1 prints); none carries the current netlist
v2/release/revA/boards/meshsat-pcb-c-revA-C17/meshsat.pretty/IDC-Header_2x07_P2.54mm_Vertical_NarrowPad.kicad_mod	1c620b9b894ed0a9961bd0299515292c345786d8	6151	stale-layout	deliverable folders and review sheets of earlier layout phases (gerbers, BOM and CPL, DRC, renders, 1:1 prints); none carries the current netlist
v2/release/revA/boards/meshsat-pcb-c-revA-C17/meshsat.pretty/IDC-Header_2x08_P2.54mm_Vertical_NarrowPad.kicad_mod	61bab0e2646b1b9fb02fc128aa4b1ecf43ddd54f	6424	stale-layout	deliverable folders and review sheets of earlier layout phases (gerbers, BOM and CPL, DRC, renders, 1:1 prints); none carries the current netlist
v2/release/revA/boards/meshsat-pcb-c-revA-C17/meshsat.pretty/IDC-Header_2x09_P2.54mm_Vertical_NarrowPad.kicad_mod	bdbae7c0254c8a2ff7ea12b60b4ffa282bf76e39	6692	stale-layout	deliverable folders and review sheets of earlier layout phases (gerbers, BOM and CPL, DRC, renders, 1:1 prints); none carries the current netlist
v2/release/revA/boards/meshsat-pcb-c-revA-C17/meshsat.pretty/IDC-Header_2x10_P2.54mm_Vertical_NarrowPad.kicad_mod	a1a17da82ee2da5512b81af1d9b4f58dec981264	6959	stale-layout	deliverable folders and review sheets of earlier layout phases (gerbers, BOM and CPL, DRC, renders, 1:1 prints); none carries the current netlist
v2/release/revA/boards/meshsat-pcb-c-revA-C17/meshsat.pretty/IDC-Header_2x13_P2.54mm_Vertical_NarrowPad.kicad_mod	3ccffea6baf6f3fa38adb29dfd75f88d01e864c4	7764	stale-layout	deliverable folders and review sheets of earlier layout phases (gerbers, BOM and CPL, DRC, renders, 1:1 prints); none carries the current netlist
v2/release/revA/boards/meshsat-pcb-c-revA-C17/meshsat.pretty/IDC-Header_2x20_P2.54mm_Vertical_NarrowPad.kicad_mod	07f5ef3e28017ec0aa2e3b2865440f9020fbcd35	9631	stale-layout	deliverable folders and review sheets of earlier layout phases (gerbers, BOM and CPL, DRC, renders, 1:1 prints); none carries the current netlist
v2/release/revA/boards/meshsat-pcb-c-revA-C17/meshsat.pretty/LQFP-128_14x14mm_P0.4mm_EP6.0.kicad_mod	b4f32ac72c359ff96f9104f1d228d62c0340d47e	21781	stale-layout	deliverable folders and review sheets of earlier layout phases (gerbers, BOM and CPL, DRC, renders, 1:1 prints); none carries the current netlist
v2/release/revA/boards/meshsat-pcb-c-revA-C17/meshsat.pretty/LeadLands_1x02.kicad_mod	684dba90f12f0d7c586f63996de6a859f5e9104c	940	stale-layout	deliverable folders and review sheets of earlier layout phases (gerbers, BOM and CPL, DRC, renders, 1:1 prints); none carries the current netlist
v2/release/revA/boards/meshsat-pcb-c-revA-C17/meshsat.pretty/M2_B-Key_Socket_3052.kicad_mod	9d36c9d4e54be4570f4d73543a68bf7254c79832	8356	stale-layout	deliverable folders and review sheets of earlier layout phases (gerbers, BOM and CPL, DRC, renders, 1:1 prints); none carries the current netlist
v2/release/revA/boards/meshsat-pcb-c-revA-C17/meshsat.pretty/M2_E-Key_Socket_2230.kicad_mod	f535d6ccbcb8827a1ba076c8ff4d473446042c3a	11906	stale-layout	deliverable folders and review sheets of earlier layout phases (gerbers, BOM and CPL, DRC, renders, 1:1 prints); none carries the current netlist
v2/release/revA/boards/meshsat-pcb-c-revA-C17/meshsat.pretty/M2_M-Key_Socket_2242.kicad_mod	1cb336bc94bf0788b57ac315995cf9d0a460fa1b	8364	stale-layout	deliverable folders and review sheets of earlier layout phases (gerbers, BOM and CPL, DRC, renders, 1:1 prints); none carries the current netlist
v2/release/revA/boards/meshsat-pcb-c-revA-C17/meshsat.pretty/Mill-Max_0858_power_pin.kicad_mod	e7ae0538e73ccd2f68dc34445c4e96d31aaad04a	2238	stale-layout	deliverable folders and review sheets of earlier layout phases (gerbers, BOM and CPL, DRC, renders, 1:1 prints); none carries the current netlist
v2/release/revA/boards/meshsat-pcb-c-revA-C17/meshsat.pretty/Mill-Max_0858_target.kicad_mod	847341092da38e4370746c238f1ec88a109ce3a1	3349	stale-layout	deliverable folders and review sheets of earlier layout phases (gerbers, BOM and CPL, DRC, renders, 1:1 prints); none carries the current netlist
v2/release/revA/boards/meshsat-pcb-c-revA-C17/meshsat.pretty/MiniPCIe_Socket_52P_H4.0_Standoff.kicad_mod	22dfefd604c75cbf02106436d5a51850762dcefa	9992	stale-layout	deliverable folders and review sheets of earlier layout phases (gerbers, BOM and CPL, DRC, renders, 1:1 prints); none carries the current netlist
v2/release/revA/boards/meshsat-pcb-c-revA-C17/meshsat.pretty/NiceRF_SA868.kicad_mod	6d18850bc11de25f1365987feabbbe144f7b6d34	3060	stale-layout	deliverable folders and review sheets of earlier layout phases (gerbers, BOM and CPL, DRC, renders, 1:1 prints); none carries the current netlist
v2/release/revA/boards/meshsat-pcb-c-revA-C17/meshsat.pretty/PanelJack_17mm.kicad_mod	24252c51561ce62337d26bc48e3f95c2d1617b09	1860	stale-layout	deliverable folders and review sheets of earlier layout phases (gerbers, BOM and CPL, DRC, renders, 1:1 prints); none carries the current netlist
v2/release/revA/boards/meshsat-pcb-c-revA-C17/meshsat.pretty/PanelSounder.kicad_mod	1f6272b2dd125e4fb079ad7ce69c35993aa54546	1333	stale-layout	deliverable folders and review sheets of earlier layout phases (gerbers, BOM and CPL, DRC, renders, 1:1 prints); none carries the current netlist
v2/release/revA/boards/meshsat-pcb-c-revA-C17/meshsat.pretty/PanelSwitch_16mm.kicad_mod	0a623a3e226ad6174334b806b85cc4e02f26f014	1514	stale-layout	deliverable folders and review sheets of earlier layout phases (gerbers, BOM and CPL, DRC, renders, 1:1 prints); none carries the current netlist
v2/release/revA/boards/meshsat-pcb-c-revA-C17/meshsat.pretty/PanelSwitch_19mm.kicad_mod	2544a22529720cbfd41819913bfe8a522d217b31	1514	stale-layout	deliverable folders and review sheets of earlier layout phases (gerbers, BOM and CPL, DRC, renders, 1:1 prints); none carries the current netlist
v2/release/revA/boards/meshsat-pcb-c-revA-C17/meshsat.pretty/PanelToggle_DPDT.kicad_mod	f8796fa733bc66f5e2cd65cf3bfe743dc8259bbd	3533	stale-layout	deliverable folders and review sheets of earlier layout phases (gerbers, BOM and CPL, DRC, renders, 1:1 prints); none carries the current netlist
v2/release/revA/boards/meshsat-pcb-c-revA-C17/meshsat.pretty/PogoPins_2x4.kicad_mod	cb9ae20ccdc1803b624a44ff6be0787babb50f04	1514	stale-layout	deliverable folders and review sheets of earlier layout phases (gerbers, BOM and CPL, DRC, renders, 1:1 prints); none carries the current netlist
v2/release/revA/boards/meshsat-pcb-c-revA-C17/meshsat.pretty/PogoPins_2x6.kicad_mod	8705c1dca881bb048e98192cb9205567b3858eec	1921	stale-layout	deliverable folders and review sheets of earlier layout phases (gerbers, BOM and CPL, DRC, renders, 1:1 prints); none carries the current netlist
v2/release/revA/boards/meshsat-pcb-c-revA-C17/meshsat.pretty/PogoTargets_2x4.kicad_mod	f12181613f62896296bc45af4e7ac3834083dda6	1340	stale-layout	deliverable folders and review sheets of earlier layout phases (gerbers, BOM and CPL, DRC, renders, 1:1 prints); none carries the current netlist
v2/release/revA/boards/meshsat-pcb-c-revA-C17/meshsat.pretty/PogoTargets_2x6.kicad_mod	0b5028a70be47bd7156e7cd419f0b644f5aeea8d	1663	stale-layout	deliverable folders and review sheets of earlier layout phases (gerbers, BOM and CPL, DRC, renders, 1:1 prints); none carries the current netlist
v2/release/revA/boards/meshsat-pcb-c-revA-C17/meshsat.pretty/Pulse_H5007NL.kicad_mod	0365d0017c5fdefcf0c59e2f745747dd0cd2694c	3574	stale-layout	deliverable folders and review sheets of earlier layout phases (gerbers, BOM and CPL, DRC, renders, 1:1 prints); none carries the current netlist
v2/release/revA/boards/meshsat-pcb-c-revA-C17/meshsat.pretty/Quectel_LG290P.kicad_mod	ab90aab3dc4e8587536055e9f55ba474764d6e8f	8796	stale-layout	deliverable folders and review sheets of earlier layout phases (gerbers, BOM and CPL, DRC, renders, 1:1 prints); none carries the current netlist
v2/release/revA/boards/meshsat-pcb-c-revA-C17/meshsat.pretty/Radiall_SMPMAX_R222M00720.kicad_mod	8b85546846fa3c00ab365f63af42027532b2ec52	4584	stale-layout	deliverable folders and review sheets of earlier layout phases (gerbers, BOM and CPL, DRC, renders, 1:1 prints); none carries the current netlist
v2/release/revA/boards/meshsat-pcb-c-revA-C17/meshsat.pretty/Seeed_Wio-SX1262.kicad_mod	13f3ad42fc07c6d98e2b3a1ef174374bfb80672a	4015	stale-layout	deliverable folders and review sheets of earlier layout phases (gerbers, BOM and CPL, DRC, renders, 1:1 prints); none carries the current netlist
v2/release/revA/boards/meshsat-pcb-c-revA-C17/meshsat.pretty/Skyworks_SKY13351_MLPD-6_1x1mm.kicad_mod	9d715f84372f857d74f88d2b1d431771594dd4cb	1840	stale-layout	deliverable folders and review sheets of earlier layout phases (gerbers, BOM and CPL, DRC, renders, 1:1 prints); none carries the current netlist
v2/release/revA/boards/meshsat-pcb-c-revA-C17/meshsat.pretty/Slot_5x1.8_NPTH.kicad_mod	aa14174da5d277214ebb334ecbb5f0cede22eb27	428	stale-layout	deliverable folders and review sheets of earlier layout phases (gerbers, BOM and CPL, DRC, renders, 1:1 prints); none carries the current netlist
v2/release/revA/boards/meshsat-pcb-c-revA-C17/meshsat.pretty/SolderPad_8x6.kicad_mod	e54e951880f1177e8d14d774300fc58679397740	644	stale-layout	deliverable folders and review sheets of earlier layout phases (gerbers, BOM and CPL, DRC, renders, 1:1 prints); none carries the current netlist
v2/release/revA/boards/meshsat-pcb-c-revA-C17/meshsat.pretty/TQFP-128_14x14mm_P0.4mm_EP10.0.kicad_mod	cef192ea8c5b0b2a18e075ab4600c4ae5b4b2228	21663	stale-layout	deliverable folders and review sheets of earlier layout phases (gerbers, BOM and CPL, DRC, renders, 1:1 prints); none carries the current netlist
v2/release/revA/boards/meshsat-pcb-c-revA-C17/meshsat.pretty/Texas_RKS0020A_VQFN-20_2.5x4.5mm.kicad_mod	9300f208435ad56c03bddd6ce95651e0a73731c1	3541	stale-layout	deliverable folders and review sheets of earlier layout phases (gerbers, BOM and CPL, DRC, renders, 1:1 prints); none carries the current netlist
v2/release/revA/boards/meshsat-pcb-c-revA-C17/meshsat.pretty/Texas_RQM0029A_QFN-29_4x4mm.kicad_mod	e834904a82b1f8acae5a591ee5c58a2222a76b23	8906	stale-layout	deliverable folders and review sheets of earlier layout phases (gerbers, BOM and CPL, DRC, renders, 1:1 prints); none carries the current netlist
v2/release/revA/boards/meshsat-pcb-c-revA-C17/meshsat.pretty/Texas_RQQ0011A_VQFN-HR-11_2.5x3mm.kicad_mod	413b76a1947732671281ae679d70cf692791c652	6467	stale-layout	deliverable folders and review sheets of earlier layout phases (gerbers, BOM and CPL, DRC, renders, 1:1 prints); none carries the current netlist
v2/release/revA/boards/meshsat-pcb-c-revA-C17/meshsat.pretty/Texas_RSE0010A_UQFN-10_1.5x2mm.kicad_mod	d91e3d1cdf26eec817fadd3d83f7a8473cfa62c9	2333	stale-layout	deliverable folders and review sheets of earlier layout phases (gerbers, BOM and CPL, DRC, renders, 1:1 prints); none carries the current netlist
v2/release/revA/boards/meshsat-pcb-c-revA-C17/meshsat.pretty/ToggleBody_DPDT.kicad_mod	abe2f1d39c47b7b1fc6a0d89317a83fe18d4327b	1560	stale-layout	deliverable folders and review sheets of earlier layout phases (gerbers, BOM and CPL, DRC, renders, 1:1 prints); none carries the current netlist
v2/release/revA/boards/meshsat-pcb-c-revA-C17/meshsat.pretty/ToggleBody_SPDT.kicad_mod	da327469e4115214a336e2c8cda9324d1b6c816e	1308	stale-layout	deliverable folders and review sheets of earlier layout phases (gerbers, BOM and CPL, DRC, renders, 1:1 prints); none carries the current netlist
v2/release/revA/boards/meshsat-pcb-c-revA-C17/meshsat.pretty/Vishay_VEML7700.kicad_mod	5eb1038164776db9994d9cf039ba2630c767cb30	1186	stale-layout	deliverable folders and review sheets of earlier layout phases (gerbers, BOM and CPL, DRC, renders, 1:1 prints); none carries the current netlist
v2/release/revA/boards/meshsat-pcb-c-revA-C17/meshsat.pretty/WeAct_EPD_3p7.kicad_mod	4d3218b9fb116948e290dd5085abc24818cb8251	2202	stale-layout	deliverable folders and review sheets of earlier layout phases (gerbers, BOM and CPL, DRC, renders, 1:1 prints); none carries the current netlist
v2/release/revA/boards/meshsat-pcb-c-revA-C17/meshsat.pretty/WireHole_2mm.kicad_mod	4035c0334674f2bdca516ca60f29ce0361b81d7b	689	stale-layout	deliverable folders and review sheets of earlier layout phases (gerbers, BOM and CPL, DRC, renders, 1:1 prints); none carries the current netlist
v2/release/revA/boards/meshsat-pcb-c-revA-C17/meshsat.pretty/WireLands_2x6.kicad_mod	88fb8fac6ee7b88238030791e7ca12927d4625a9	1935	stale-layout	deliverable folders and review sheets of earlier layout phases (gerbers, BOM and CPL, DRC, renders, 1:1 prints); none carries the current netlist
v2/release/revA/boards/meshsat-pcb-c-revA-C17/pcb-c-display-1to1-bottom-mirrored.pdf	10d704ef3bc49500ae99df328c0e9e1ffc743c8c	126037	stale-layout	deliverable folders and review sheets of earlier layout phases (gerbers, BOM and CPL, DRC, renders, 1:1 prints); none carries the current netlist
v2/release/revA/boards/meshsat-pcb-c-revA-C17/pcb-c-display-1to1-top.pdf	04f235843ab3ec4ee35747ff65398ebb9b04a2ba	173966	stale-layout	deliverable folders and review sheets of earlier layout phases (gerbers, BOM and CPL, DRC, renders, 1:1 prints); none carries the current netlist
v2/release/revA/boards/meshsat-pcb-c-revA-C17/pcb-c-display-board.sha256	25c9b8bb36a6f25632d8251ba3c8cdf19d19da7c	65	stale-layout	deliverable folders and review sheets of earlier layout phases (gerbers, BOM and CPL, DRC, renders, 1:1 prints); none carries the current netlist
v2/release/revA/boards/meshsat-pcb-c-revA-C17/pcb-c-display-bom-full.csv	2867fa16ab387a94979e2abd1ce03d3318b67e0c	7599	stale-layout	deliverable folders and review sheets of earlier layout phases (gerbers, BOM and CPL, DRC, renders, 1:1 prints); none carries the current netlist
v2/release/revA/boards/meshsat-pcb-c-revA-C17/pcb-c-display-bom.csv	15d24f090d39a2d1e265de134b5595120861298d	6301	stale-layout	deliverable folders and review sheets of earlier layout phases (gerbers, BOM and CPL, DRC, renders, 1:1 prints); none carries the current netlist
v2/release/revA/boards/meshsat-pcb-c-revA-C17/pcb-c-display-bom.status	d86bac9de59abcc26bc7956c1e842237c7581859	3	stale-layout	deliverable folders and review sheets of earlier layout phases (gerbers, BOM and CPL, DRC, renders, 1:1 prints); none carries the current netlist
v2/release/revA/boards/meshsat-pcb-c-revA-C17/pcb-c-display-cpl.csv	48e19b245aeee374a4a20218783e5cc4dab3fafb	6495	stale-layout	deliverable folders and review sheets of earlier layout phases (gerbers, BOM and CPL, DRC, renders, 1:1 prints); none carries the current netlist
v2/release/revA/boards/meshsat-pcb-c-revA-C17/pcb-c-display-drc.rpt	4f5a8a3f371184d365b90b0504aae96bdf35c4c4	10298	stale-layout	deliverable folders and review sheets of earlier layout phases (gerbers, BOM and CPL, DRC, renders, 1:1 prints); none carries the current netlist
v2/release/revA/boards/meshsat-pcb-c-revA-C17/pcb-c-display-gerbers.zip	ec9a561c892e9c289325df7485e04c270736d842	664433	stale-layout	deliverable folders and review sheets of earlier layout phases (gerbers, BOM and CPL, DRC, renders, 1:1 prints); none carries the current netlist
v2/release/revA/boards/meshsat-pcb-c-revA-C17/pcb-c-display-render-bottom.png	7aa7d3ef0e1edc16a7e2c7dda1edac37635793d6	110953	stale-layout	deliverable folders and review sheets of earlier layout phases (gerbers, BOM and CPL, DRC, renders, 1:1 prints); none carries the current netlist
v2/release/revA/boards/meshsat-pcb-c-revA-C17/pcb-c-display-render-top.png	e3060b02b83ec019395db1bf8c4eb8f1f724d32f	93587	stale-layout	deliverable folders and review sheets of earlier layout phases (gerbers, BOM and CPL, DRC, renders, 1:1 prints); none carries the current netlist
v2/release/revA/boards/meshsat-pcb-c-revA-C17/pcb-c-display-schematic.pdf	18bc2a8fbf242aa31bc355a03e08e76027148fd2	696400	stale-layout	deliverable folders and review sheets of earlier layout phases (gerbers, BOM and CPL, DRC, renders, 1:1 prints); none carries the current netlist
v2/release/revA/boards/meshsat-pcb-c-revA-C17/pcb-c-display.kicad_pcb	81dcd39858efa2b8042fdcf73986d4511f4badd0	2786818	stale-layout	deliverable folders and review sheets of earlier layout phases (gerbers, BOM and CPL, DRC, renders, 1:1 prints); none carries the current netlist
v2/release/revA/boards/meshsat-pcb-c-revA-C17/pcb-c-display.kicad_pro	54a2d30e9d5ec59c6f7f021acace092c8d3a4050	11191	stale-layout	deliverable folders and review sheets of earlier layout phases (gerbers, BOM and CPL, DRC, renders, 1:1 prints); none carries the current netlist
v2/release/revA/boards/meshsat-pcb-c-revA-C17/pcb-c-display.kicad_sch	06c1e3163d5663334fb7c35ec46945606b7092d3	557308	stale-layout	deliverable folders and review sheets of earlier layout phases (gerbers, BOM and CPL, DRC, renders, 1:1 prints); none carries the current netlist
v2/release/revA/boards/meshsat-pcb-c-revA-C24/README-fab.txt	88606e573ad03759e0a1c164589a0f1d0c48bb3e	811	stale-layout	deliverable folders and review sheets of earlier layout phases (gerbers, BOM and CPL, DRC, renders, 1:1 prints); none carries the current netlist
v2/release/revA/boards/meshsat-pcb-c-revA-C24/meshsat.pretty/BackerScrew_M3_GND.kicad_mod	969a703459dcadfb90c646c9890937a8efd6d8a9	704	stale-layout	deliverable folders and review sheets of earlier layout phases (gerbers, BOM and CPL, DRC, renders, 1:1 prints); none carries the current netlist
v2/release/revA/boards/meshsat-pcb-c-revA-C24/meshsat.pretty/CM5_Amphenol_10164227.kicad_mod	420dacd5e3ec1a0c66b430fb525dba18d1dc2917	37300	stale-layout	deliverable folders and review sheets of earlier layout phases (gerbers, BOM and CPL, DRC, renders, 1:1 prints); none carries the current netlist
v2/release/revA/boards/meshsat-pcb-c-revA-C24/meshsat.pretty/CM5_Conn_A_10164227.kicad_mod	babefb7b93929185782ea645a07b0835ca738c07	17831	stale-layout	deliverable folders and review sheets of earlier layout phases (gerbers, BOM and CPL, DRC, renders, 1:1 prints); none carries the current netlist
v2/release/revA/boards/meshsat-pcb-c-revA-C24/meshsat.pretty/CM5_Conn_B_10164227.kicad_mod	f1a863ce6743c7cd63a13036d2b0bb8aa4dd23d1	18639	stale-layout	deliverable folders and review sheets of earlier layout phases (gerbers, BOM and CPL, DRC, renders, 1:1 prints); none carries the current netlist
v2/release/revA/boards/meshsat-pcb-c-revA-C24/meshsat.pretty/DMR858M.kicad_mod	b7eeb551102aaf3cf232a0c6261b57dd1babab12	5075	stale-layout	deliverable folders and review sheets of earlier layout phases (gerbers, BOM and CPL, DRC, renders, 1:1 prints); none carries the current netlist
v2/release/revA/boards/meshsat-pcb-c-revA-C24/meshsat.pretty/Ebyte_E22-900M30S.kicad_mod	69cdb329999d405eeb085a9587da267e9c7b5b29	3574	stale-layout	deliverable folders and review sheets of earlier layout phases (gerbers, BOM and CPL, DRC, renders, 1:1 prints); none carries the current netlist
v2/release/revA/boards/meshsat-pcb-c-revA-C24/meshsat.pretty/Ebyte_E72-2G4M20S1E.kicad_mod	d254ca6c23c8c475e80b8bed202fda372dc8ad00	7098	stale-layout	deliverable folders and review sheets of earlier layout phases (gerbers, BOM and CPL, DRC, renders, 1:1 prints); none carries the current netlist
v2/release/revA/boards/meshsat-pcb-c-revA-C24/meshsat.pretty/FrameScrew_M3_GND.kicad_mod	f92a3c2825954d6206a4affe969198fccf3a1255	950	stale-layout	deliverable folders and review sheets of earlier layout phases (gerbers, BOM and CPL, DRC, renders, 1:1 prints); none carries the current netlist
v2/release/revA/boards/meshsat-pcb-c-revA-C24/meshsat.pretty/GuardedToggle_SPDT.kicad_mod	0b93bdcd4fb501a1824a9de49059c8cc4f6af8cf	2463	stale-layout	deliverable folders and review sheets of earlier layout phases (gerbers, BOM and CPL, DRC, renders, 1:1 prints); none carries the current netlist
v2/release/revA/boards/meshsat-pcb-c-revA-C24/meshsat.pretty/GuidePin_Dock.kicad_mod	b7ea90d1631656f172b7e0570dc68d5f06551e6d	757	stale-layout	deliverable folders and review sheets of earlier layout phases (gerbers, BOM and CPL, DRC, renders, 1:1 prints); none carries the current netlist
v2/release/revA/boards/meshsat-pcb-c-revA-C24/meshsat.pretty/GuidePin_Stack.kicad_mod	6bad73715f57372d8d64c8ced5d0701583eb296a	758	stale-layout	deliverable folders and review sheets of earlier layout phases (gerbers, BOM and CPL, DRC, renders, 1:1 prints); none carries the current netlist
v2/release/revA/boards/meshsat-pcb-c-revA-C24/meshsat.pretty/Hirose_FH12-22S-0.5SH_1x22-1MP_P0.50mm_Horizontal.kicad_mod	0b67a52f9e86c229f5e76d05d0bad6fa27c9a8cd	8478	stale-layout	deliverable folders and review sheets of earlier layout phases (gerbers, BOM and CPL, DRC, renders, 1:1 prints); none carries the current netlist
v2/release/revA/boards/meshsat-pcb-c-revA-C24/meshsat.pretty/Hirose_FH34SRJ-24S.kicad_mod	fffcc0e8964fe160de31b0bb3ac0af3bef66a2a0	4027	stale-layout	deliverable folders and review sheets of earlier layout phases (gerbers, BOM and CPL, DRC, renders, 1:1 prints); none carries the current netlist
v2/release/revA/boards/meshsat-pcb-c-revA-C24/meshsat.pretty/IDC-Header_2x05_P2.54mm_Vertical_NarrowPad.kicad_mod	39ee3bb4388fbbb47907842c3da6848c2150b820	5619	stale-layout	deliverable folders and review sheets of earlier layout phases (gerbers, BOM and CPL, DRC, renders, 1:1 prints); none carries the current netlist
v2/release/revA/boards/meshsat-pcb-c-revA-C24/meshsat.pretty/IDC-Header_2x07_P2.54mm_Vertical_NarrowPad.kicad_mod	1c620b9b894ed0a9961bd0299515292c345786d8	6151	stale-layout	deliverable folders and review sheets of earlier layout phases (gerbers, BOM and CPL, DRC, renders, 1:1 prints); none carries the current netlist
v2/release/revA/boards/meshsat-pcb-c-revA-C24/meshsat.pretty/IDC-Header_2x08_P2.54mm_Vertical_NarrowPad.kicad_mod	61bab0e2646b1b9fb02fc128aa4b1ecf43ddd54f	6424	stale-layout	deliverable folders and review sheets of earlier layout phases (gerbers, BOM and CPL, DRC, renders, 1:1 prints); none carries the current netlist
v2/release/revA/boards/meshsat-pcb-c-revA-C24/meshsat.pretty/IDC-Header_2x09_P2.54mm_Vertical_NarrowPad.kicad_mod	bdbae7c0254c8a2ff7ea12b60b4ffa282bf76e39	6692	stale-layout	deliverable folders and review sheets of earlier layout phases (gerbers, BOM and CPL, DRC, renders, 1:1 prints); none carries the current netlist
v2/release/revA/boards/meshsat-pcb-c-revA-C24/meshsat.pretty/IDC-Header_2x10_P2.54mm_Vertical_NarrowPad.kicad_mod	a1a17da82ee2da5512b81af1d9b4f58dec981264	6959	stale-layout	deliverable folders and review sheets of earlier layout phases (gerbers, BOM and CPL, DRC, renders, 1:1 prints); none carries the current netlist
v2/release/revA/boards/meshsat-pcb-c-revA-C24/meshsat.pretty/IDC-Header_2x13_P2.54mm_Vertical_NarrowPad.kicad_mod	3ccffea6baf6f3fa38adb29dfd75f88d01e864c4	7764	stale-layout	deliverable folders and review sheets of earlier layout phases (gerbers, BOM and CPL, DRC, renders, 1:1 prints); none carries the current netlist
v2/release/revA/boards/meshsat-pcb-c-revA-C24/meshsat.pretty/IDC-Header_2x20_P2.54mm_Vertical_NarrowPad.kicad_mod	07f5ef3e28017ec0aa2e3b2865440f9020fbcd35	9631	stale-layout	deliverable folders and review sheets of earlier layout phases (gerbers, BOM and CPL, DRC, renders, 1:1 prints); none carries the current netlist
v2/release/revA/boards/meshsat-pcb-c-revA-C24/meshsat.pretty/LQFP-128_14x14mm_P0.4mm_EP6.0.kicad_mod	b4f32ac72c359ff96f9104f1d228d62c0340d47e	21781	stale-layout	deliverable folders and review sheets of earlier layout phases (gerbers, BOM and CPL, DRC, renders, 1:1 prints); none carries the current netlist
v2/release/revA/boards/meshsat-pcb-c-revA-C24/meshsat.pretty/LeadLands_1x02.kicad_mod	684dba90f12f0d7c586f63996de6a859f5e9104c	940	stale-layout	deliverable folders and review sheets of earlier layout phases (gerbers, BOM and CPL, DRC, renders, 1:1 prints); none carries the current netlist
v2/release/revA/boards/meshsat-pcb-c-revA-C24/meshsat.pretty/M2_B-Key_Socket_3052.kicad_mod	9d36c9d4e54be4570f4d73543a68bf7254c79832	8356	stale-layout	deliverable folders and review sheets of earlier layout phases (gerbers, BOM and CPL, DRC, renders, 1:1 prints); none carries the current netlist
v2/release/revA/boards/meshsat-pcb-c-revA-C24/meshsat.pretty/M2_E-Key_Socket_2230.kicad_mod	f535d6ccbcb8827a1ba076c8ff4d473446042c3a	11906	stale-layout	deliverable folders and review sheets of earlier layout phases (gerbers, BOM and CPL, DRC, renders, 1:1 prints); none carries the current netlist
v2/release/revA/boards/meshsat-pcb-c-revA-C24/meshsat.pretty/M2_M-Key_Socket_2242.kicad_mod	1cb336bc94bf0788b57ac315995cf9d0a460fa1b	8364	stale-layout	deliverable folders and review sheets of earlier layout phases (gerbers, BOM and CPL, DRC, renders, 1:1 prints); none carries the current netlist
v2/release/revA/boards/meshsat-pcb-c-revA-C24/meshsat.pretty/Mill-Max_0858_power_pin.kicad_mod	e7ae0538e73ccd2f68dc34445c4e96d31aaad04a	2238	stale-layout	deliverable folders and review sheets of earlier layout phases (gerbers, BOM and CPL, DRC, renders, 1:1 prints); none carries the current netlist
v2/release/revA/boards/meshsat-pcb-c-revA-C24/meshsat.pretty/Mill-Max_0858_target.kicad_mod	847341092da38e4370746c238f1ec88a109ce3a1	3349	stale-layout	deliverable folders and review sheets of earlier layout phases (gerbers, BOM and CPL, DRC, renders, 1:1 prints); none carries the current netlist
v2/release/revA/boards/meshsat-pcb-c-revA-C24/meshsat.pretty/MiniPCIe_Socket_52P_H4.0_Standoff.kicad_mod	22dfefd604c75cbf02106436d5a51850762dcefa	9992	stale-layout	deliverable folders and review sheets of earlier layout phases (gerbers, BOM and CPL, DRC, renders, 1:1 prints); none carries the current netlist
v2/release/revA/boards/meshsat-pcb-c-revA-C24/meshsat.pretty/NiceRF_SA868.kicad_mod	6d18850bc11de25f1365987feabbbe144f7b6d34	3060	stale-layout	deliverable folders and review sheets of earlier layout phases (gerbers, BOM and CPL, DRC, renders, 1:1 prints); none carries the current netlist
v2/release/revA/boards/meshsat-pcb-c-revA-C24/meshsat.pretty/PanelJack_17mm.kicad_mod	24252c51561ce62337d26bc48e3f95c2d1617b09	1860	stale-layout	deliverable folders and review sheets of earlier layout phases (gerbers, BOM and CPL, DRC, renders, 1:1 prints); none carries the current netlist
v2/release/revA/boards/meshsat-pcb-c-revA-C24/meshsat.pretty/PanelSounder.kicad_mod	1f6272b2dd125e4fb079ad7ce69c35993aa54546	1333	stale-layout	deliverable folders and review sheets of earlier layout phases (gerbers, BOM and CPL, DRC, renders, 1:1 prints); none carries the current netlist
v2/release/revA/boards/meshsat-pcb-c-revA-C24/meshsat.pretty/PanelSwitch_16mm.kicad_mod	0a623a3e226ad6174334b806b85cc4e02f26f014	1514	stale-layout	deliverable folders and review sheets of earlier layout phases (gerbers, BOM and CPL, DRC, renders, 1:1 prints); none carries the current netlist
v2/release/revA/boards/meshsat-pcb-c-revA-C24/meshsat.pretty/PanelSwitch_19mm.kicad_mod	2544a22529720cbfd41819913bfe8a522d217b31	1514	stale-layout	deliverable folders and review sheets of earlier layout phases (gerbers, BOM and CPL, DRC, renders, 1:1 prints); none carries the current netlist
v2/release/revA/boards/meshsat-pcb-c-revA-C24/meshsat.pretty/PanelToggle_DPDT.kicad_mod	f8796fa733bc66f5e2cd65cf3bfe743dc8259bbd	3533	stale-layout	deliverable folders and review sheets of earlier layout phases (gerbers, BOM and CPL, DRC, renders, 1:1 prints); none carries the current netlist
v2/release/revA/boards/meshsat-pcb-c-revA-C24/meshsat.pretty/PogoPins_2x4.kicad_mod	cb9ae20ccdc1803b624a44ff6be0787babb50f04	1514	stale-layout	deliverable folders and review sheets of earlier layout phases (gerbers, BOM and CPL, DRC, renders, 1:1 prints); none carries the current netlist
v2/release/revA/boards/meshsat-pcb-c-revA-C24/meshsat.pretty/PogoPins_2x6.kicad_mod	8705c1dca881bb048e98192cb9205567b3858eec	1921	stale-layout	deliverable folders and review sheets of earlier layout phases (gerbers, BOM and CPL, DRC, renders, 1:1 prints); none carries the current netlist
v2/release/revA/boards/meshsat-pcb-c-revA-C24/meshsat.pretty/PogoTargets_2x4.kicad_mod	f12181613f62896296bc45af4e7ac3834083dda6	1340	stale-layout	deliverable folders and review sheets of earlier layout phases (gerbers, BOM and CPL, DRC, renders, 1:1 prints); none carries the current netlist
v2/release/revA/boards/meshsat-pcb-c-revA-C24/meshsat.pretty/PogoTargets_2x6.kicad_mod	0b5028a70be47bd7156e7cd419f0b644f5aeea8d	1663	stale-layout	deliverable folders and review sheets of earlier layout phases (gerbers, BOM and CPL, DRC, renders, 1:1 prints); none carries the current netlist
v2/release/revA/boards/meshsat-pcb-c-revA-C24/meshsat.pretty/Pulse_H5007NL.kicad_mod	0365d0017c5fdefcf0c59e2f745747dd0cd2694c	3574	stale-layout	deliverable folders and review sheets of earlier layout phases (gerbers, BOM and CPL, DRC, renders, 1:1 prints); none carries the current netlist
v2/release/revA/boards/meshsat-pcb-c-revA-C24/meshsat.pretty/Quectel_LG290P.kicad_mod	ab90aab3dc4e8587536055e9f55ba474764d6e8f	8796	stale-layout	deliverable folders and review sheets of earlier layout phases (gerbers, BOM and CPL, DRC, renders, 1:1 prints); none carries the current netlist
v2/release/revA/boards/meshsat-pcb-c-revA-C24/meshsat.pretty/Radiall_SMPMAX_R222M00720.kicad_mod	8b85546846fa3c00ab365f63af42027532b2ec52	4584	stale-layout	deliverable folders and review sheets of earlier layout phases (gerbers, BOM and CPL, DRC, renders, 1:1 prints); none carries the current netlist
v2/release/revA/boards/meshsat-pcb-c-revA-C24/meshsat.pretty/Seeed_Wio-SX1262.kicad_mod	13f3ad42fc07c6d98e2b3a1ef174374bfb80672a	4015	stale-layout	deliverable folders and review sheets of earlier layout phases (gerbers, BOM and CPL, DRC, renders, 1:1 prints); none carries the current netlist
v2/release/revA/boards/meshsat-pcb-c-revA-C24/meshsat.pretty/Skyworks_SKY13351_MLPD-6_1x1mm.kicad_mod	9d715f84372f857d74f88d2b1d431771594dd4cb	1840	stale-layout	deliverable folders and review sheets of earlier layout phases (gerbers, BOM and CPL, DRC, renders, 1:1 prints); none carries the current netlist
v2/release/revA/boards/meshsat-pcb-c-revA-C24/meshsat.pretty/Slot_5x1.8_NPTH.kicad_mod	aa14174da5d277214ebb334ecbb5f0cede22eb27	428	stale-layout	deliverable folders and review sheets of earlier layout phases (gerbers, BOM and CPL, DRC, renders, 1:1 prints); none carries the current netlist
v2/release/revA/boards/meshsat-pcb-c-revA-C24/meshsat.pretty/SolderPad_8x6.kicad_mod	e54e951880f1177e8d14d774300fc58679397740	644	stale-layout	deliverable folders and review sheets of earlier layout phases (gerbers, BOM and CPL, DRC, renders, 1:1 prints); none carries the current netlist
v2/release/revA/boards/meshsat-pcb-c-revA-C24/meshsat.pretty/TQFP-128_14x14mm_P0.4mm_EP10.0.kicad_mod	cef192ea8c5b0b2a18e075ab4600c4ae5b4b2228	21663	stale-layout	deliverable folders and review sheets of earlier layout phases (gerbers, BOM and CPL, DRC, renders, 1:1 prints); none carries the current netlist
v2/release/revA/boards/meshsat-pcb-c-revA-C24/meshsat.pretty/Texas_RKS0020A_VQFN-20_2.5x4.5mm.kicad_mod	9300f208435ad56c03bddd6ce95651e0a73731c1	3541	stale-layout	deliverable folders and review sheets of earlier layout phases (gerbers, BOM and CPL, DRC, renders, 1:1 prints); none carries the current netlist
v2/release/revA/boards/meshsat-pcb-c-revA-C24/meshsat.pretty/Texas_RQM0029A_QFN-29_4x4mm.kicad_mod	e834904a82b1f8acae5a591ee5c58a2222a76b23	8906	stale-layout	deliverable folders and review sheets of earlier layout phases (gerbers, BOM and CPL, DRC, renders, 1:1 prints); none carries the current netlist
v2/release/revA/boards/meshsat-pcb-c-revA-C24/meshsat.pretty/Texas_RQQ0011A_VQFN-HR-11_2.5x3mm.kicad_mod	413b76a1947732671281ae679d70cf692791c652	6467	stale-layout	deliverable folders and review sheets of earlier layout phases (gerbers, BOM and CPL, DRC, renders, 1:1 prints); none carries the current netlist
v2/release/revA/boards/meshsat-pcb-c-revA-C24/meshsat.pretty/Texas_RSE0010A_UQFN-10_1.5x2mm.kicad_mod	d91e3d1cdf26eec817fadd3d83f7a8473cfa62c9	2333	stale-layout	deliverable folders and review sheets of earlier layout phases (gerbers, BOM and CPL, DRC, renders, 1:1 prints); none carries the current netlist
v2/release/revA/boards/meshsat-pcb-c-revA-C24/meshsat.pretty/ToggleBody_DPDT.kicad_mod	abe2f1d39c47b7b1fc6a0d89317a83fe18d4327b	1560	stale-layout	deliverable folders and review sheets of earlier layout phases (gerbers, BOM and CPL, DRC, renders, 1:1 prints); none carries the current netlist
v2/release/revA/boards/meshsat-pcb-c-revA-C24/meshsat.pretty/ToggleBody_SPDT.kicad_mod	da327469e4115214a336e2c8cda9324d1b6c816e	1308	stale-layout	deliverable folders and review sheets of earlier layout phases (gerbers, BOM and CPL, DRC, renders, 1:1 prints); none carries the current netlist
v2/release/revA/boards/meshsat-pcb-c-revA-C24/meshsat.pretty/Vishay_VEML7700.kicad_mod	5eb1038164776db9994d9cf039ba2630c767cb30	1186	stale-layout	deliverable folders and review sheets of earlier layout phases (gerbers, BOM and CPL, DRC, renders, 1:1 prints); none carries the current netlist
v2/release/revA/boards/meshsat-pcb-c-revA-C24/meshsat.pretty/WeAct_EPD_3p7.kicad_mod	4d3218b9fb116948e290dd5085abc24818cb8251	2202	stale-layout	deliverable folders and review sheets of earlier layout phases (gerbers, BOM and CPL, DRC, renders, 1:1 prints); none carries the current netlist
v2/release/revA/boards/meshsat-pcb-c-revA-C24/meshsat.pretty/WireHole_2mm.kicad_mod	4035c0334674f2bdca516ca60f29ce0361b81d7b	689	stale-layout	deliverable folders and review sheets of earlier layout phases (gerbers, BOM and CPL, DRC, renders, 1:1 prints); none carries the current netlist
v2/release/revA/boards/meshsat-pcb-c-revA-C24/meshsat.pretty/WireLands_2x6.kicad_mod	88fb8fac6ee7b88238030791e7ca12927d4625a9	1935	stale-layout	deliverable folders and review sheets of earlier layout phases (gerbers, BOM and CPL, DRC, renders, 1:1 prints); none carries the current netlist
v2/release/revA/boards/meshsat-pcb-c-revA-C24/pcb-c-display-1to1-bottom-mirrored.pdf	43ad5d95b7aa1b1da15de9fc3bb436accbdfb7cb	127705	stale-layout	deliverable folders and review sheets of earlier layout phases (gerbers, BOM and CPL, DRC, renders, 1:1 prints); none carries the current netlist
v2/release/revA/boards/meshsat-pcb-c-revA-C24/pcb-c-display-1to1-top.pdf	a40601404797efa841a0b4d09da7870464a1e6d6	175080	stale-layout	deliverable folders and review sheets of earlier layout phases (gerbers, BOM and CPL, DRC, renders, 1:1 prints); none carries the current netlist
v2/release/revA/boards/meshsat-pcb-c-revA-C24/pcb-c-display-board.sha256	fb023bee391c4098b90b4668a1f460902c18ef8b	65	stale-layout	deliverable folders and review sheets of earlier layout phases (gerbers, BOM and CPL, DRC, renders, 1:1 prints); none carries the current netlist
v2/release/revA/boards/meshsat-pcb-c-revA-C24/pcb-c-display-bom-full.csv	e9ef0d8dcca4b53013214929a5422eb9dc9eab48	7607	stale-layout	deliverable folders and review sheets of earlier layout phases (gerbers, BOM and CPL, DRC, renders, 1:1 prints); none carries the current netlist
v2/release/revA/boards/meshsat-pcb-c-revA-C24/pcb-c-display-bom.csv	975c5d1ca62af43999c5c3b2abd782d2690b7617	6219	stale-layout	deliverable folders and review sheets of earlier layout phases (gerbers, BOM and CPL, DRC, renders, 1:1 prints); none carries the current netlist
v2/release/revA/boards/meshsat-pcb-c-revA-C24/pcb-c-display-bom.status	d86bac9de59abcc26bc7956c1e842237c7581859	3	stale-layout	deliverable folders and review sheets of earlier layout phases (gerbers, BOM and CPL, DRC, renders, 1:1 prints); none carries the current netlist
v2/release/revA/boards/meshsat-pcb-c-revA-C24/pcb-c-display-cpl.csv	718fbfcc86b4ef059d5e55eb35c9043ab7c8f34a	6589	stale-layout	deliverable folders and review sheets of earlier layout phases (gerbers, BOM and CPL, DRC, renders, 1:1 prints); none carries the current netlist
v2/release/revA/boards/meshsat-pcb-c-revA-C24/pcb-c-display-drc.rpt	e95598f58f943cb0a9ec23907ad548e5e4060e9e	50346	stale-layout	deliverable folders and review sheets of earlier layout phases (gerbers, BOM and CPL, DRC, renders, 1:1 prints); none carries the current netlist
v2/release/revA/boards/meshsat-pcb-c-revA-C24/pcb-c-display-gerbers.zip	502ba0b980086ce9ba10d5746cce17f7f392cab6	801956	stale-layout	deliverable folders and review sheets of earlier layout phases (gerbers, BOM and CPL, DRC, renders, 1:1 prints); none carries the current netlist
v2/release/revA/boards/meshsat-pcb-c-revA-C24/pcb-c-display-render-bottom.png	9a21795f9eb8b2715c8e946de568ddb7cb928b0e	115010	stale-layout	deliverable folders and review sheets of earlier layout phases (gerbers, BOM and CPL, DRC, renders, 1:1 prints); none carries the current netlist
v2/release/revA/boards/meshsat-pcb-c-revA-C24/pcb-c-display-render-top.png	67b2dd2580feeec3bf0e1bb96d2c4b8123ba0c26	99430	stale-layout	deliverable folders and review sheets of earlier layout phases (gerbers, BOM and CPL, DRC, renders, 1:1 prints); none carries the current netlist
v2/release/revA/boards/meshsat-pcb-c-revA-C24/pcb-c-display-schematic.pdf	ddd718597fcfb15b6d578af7b8c322f27da40a39	729191	stale-layout	deliverable folders and review sheets of earlier layout phases (gerbers, BOM and CPL, DRC, renders, 1:1 prints); none carries the current netlist
v2/release/revA/boards/meshsat-pcb-c-revA-C24/pcb-c-display.kicad_pcb	b7395763afbdcd9c3c8316e5d78e58f6b7b0f11b	3429749	stale-layout	deliverable folders and review sheets of earlier layout phases (gerbers, BOM and CPL, DRC, renders, 1:1 prints); none carries the current netlist
v2/release/revA/boards/meshsat-pcb-c-revA-C24/pcb-c-display.kicad_pro	54a2d30e9d5ec59c6f7f021acace092c8d3a4050	11191	stale-layout	deliverable folders and review sheets of earlier layout phases (gerbers, BOM and CPL, DRC, renders, 1:1 prints); none carries the current netlist
v2/release/revA/boards/meshsat-pcb-c-revA-C24/pcb-c-display.kicad_sch	1ebac5e9f9be4ceb1664a2ac7e6714e12006fbfb	629859	stale-layout	deliverable folders and review sheets of earlier layout phases (gerbers, BOM and CPL, DRC, renders, 1:1 prints); none carries the current netlist
v2/release/revA/boards/meshsat-pcb-c-revA-C5/README-fab.txt	60b72b79289414f05c95a6a2c7cbcb87d8957113	658	stale-layout	deliverable folders and review sheets of earlier layout phases (gerbers, BOM and CPL, DRC, renders, 1:1 prints); none carries the current netlist
v2/release/revA/boards/meshsat-pcb-c-revA-C5/meshsat.pretty/DMR858M.kicad_mod	b7eeb551102aaf3cf232a0c6261b57dd1babab12	5075	stale-layout	deliverable folders and review sheets of earlier layout phases (gerbers, BOM and CPL, DRC, renders, 1:1 prints); none carries the current netlist
v2/release/revA/boards/meshsat-pcb-c-revA-C5/meshsat.pretty/FrameScrew_M3_GND.kicad_mod	f92a3c2825954d6206a4affe969198fccf3a1255	950	stale-layout	deliverable folders and review sheets of earlier layout phases (gerbers, BOM and CPL, DRC, renders, 1:1 prints); none carries the current netlist
v2/release/revA/boards/meshsat-pcb-c-revA-C5/meshsat.pretty/GuardedToggle_SPDT.kicad_mod	0b93bdcd4fb501a1824a9de49059c8cc4f6af8cf	2463	stale-layout	deliverable folders and review sheets of earlier layout phases (gerbers, BOM and CPL, DRC, renders, 1:1 prints); none carries the current netlist
v2/release/revA/boards/meshsat-pcb-c-revA-C5/meshsat.pretty/GuidePin_Dock.kicad_mod	b7ea90d1631656f172b7e0570dc68d5f06551e6d	757	stale-layout	deliverable folders and review sheets of earlier layout phases (gerbers, BOM and CPL, DRC, renders, 1:1 prints); none carries the current netlist
v2/release/revA/boards/meshsat-pcb-c-revA-C5/meshsat.pretty/GuidePin_Stack.kicad_mod	6bad73715f57372d8d64c8ced5d0701583eb296a	758	stale-layout	deliverable folders and review sheets of earlier layout phases (gerbers, BOM and CPL, DRC, renders, 1:1 prints); none carries the current netlist
v2/release/revA/boards/meshsat-pcb-c-revA-C5/meshsat.pretty/LeadLands_1x02.kicad_mod	684dba90f12f0d7c586f63996de6a859f5e9104c	940	stale-layout	deliverable folders and review sheets of earlier layout phases (gerbers, BOM and CPL, DRC, renders, 1:1 prints); none carries the current netlist
v2/release/revA/boards/meshsat-pcb-c-revA-C5/meshsat.pretty/Mill-Max_0858_power_pin.kicad_mod	e7ae0538e73ccd2f68dc34445c4e96d31aaad04a	2238	stale-layout	deliverable folders and review sheets of earlier layout phases (gerbers, BOM and CPL, DRC, renders, 1:1 prints); none carries the current netlist
v2/release/revA/boards/meshsat-pcb-c-revA-C5/meshsat.pretty/Mill-Max_0858_target.kicad_mod	25a2f357d15b3e5461a3a06b60fae4716e12ddf5	3689	stale-layout	deliverable folders and review sheets of earlier layout phases (gerbers, BOM and CPL, DRC, renders, 1:1 prints); none carries the current netlist
v2/release/revA/boards/meshsat-pcb-c-revA-C5/meshsat.pretty/PanelSounder.kicad_mod	a19c1e3dbcf98b697df2802f871938b701b7bf06	1333	stale-layout	deliverable folders and review sheets of earlier layout phases (gerbers, BOM and CPL, DRC, renders, 1:1 prints); none carries the current netlist
v2/release/revA/boards/meshsat-pcb-c-revA-C5/meshsat.pretty/PanelSwitch_16mm.kicad_mod	0a623a3e226ad6174334b806b85cc4e02f26f014	1514	stale-layout	deliverable folders and review sheets of earlier layout phases (gerbers, BOM and CPL, DRC, renders, 1:1 prints); none carries the current netlist
v2/release/revA/boards/meshsat-pcb-c-revA-C5/meshsat.pretty/PanelSwitch_19mm.kicad_mod	2544a22529720cbfd41819913bfe8a522d217b31	1514	stale-layout	deliverable folders and review sheets of earlier layout phases (gerbers, BOM and CPL, DRC, renders, 1:1 prints); none carries the current netlist
v2/release/revA/boards/meshsat-pcb-c-revA-C5/meshsat.pretty/PanelToggle_DPDT.kicad_mod	f8796fa733bc66f5e2cd65cf3bfe743dc8259bbd	3533	stale-layout	deliverable folders and review sheets of earlier layout phases (gerbers, BOM and CPL, DRC, renders, 1:1 prints); none carries the current netlist
v2/release/revA/boards/meshsat-pcb-c-revA-C5/meshsat.pretty/PogoPins_2x4.kicad_mod	cb9ae20ccdc1803b624a44ff6be0787babb50f04	1514	stale-layout	deliverable folders and review sheets of earlier layout phases (gerbers, BOM and CPL, DRC, renders, 1:1 prints); none carries the current netlist
v2/release/revA/boards/meshsat-pcb-c-revA-C5/meshsat.pretty/PogoPins_2x6.kicad_mod	8705c1dca881bb048e98192cb9205567b3858eec	1921	stale-layout	deliverable folders and review sheets of earlier layout phases (gerbers, BOM and CPL, DRC, renders, 1:1 prints); none carries the current netlist
v2/release/revA/boards/meshsat-pcb-c-revA-C5/meshsat.pretty/PogoTargets_2x4.kicad_mod	f12181613f62896296bc45af4e7ac3834083dda6	1340	stale-layout	deliverable folders and review sheets of earlier layout phases (gerbers, BOM and CPL, DRC, renders, 1:1 prints); none carries the current netlist
v2/release/revA/boards/meshsat-pcb-c-revA-C5/meshsat.pretty/PogoTargets_2x6.kicad_mod	0b5028a70be47bd7156e7cd419f0b644f5aeea8d	1663	stale-layout	deliverable folders and review sheets of earlier layout phases (gerbers, BOM and CPL, DRC, renders, 1:1 prints); none carries the current netlist
v2/release/revA/boards/meshsat-pcb-c-revA-C5/meshsat.pretty/Radiall_SMPMAX_R222M00720.kicad_mod	8b85546846fa3c00ab365f63af42027532b2ec52	4584	stale-layout	deliverable folders and review sheets of earlier layout phases (gerbers, BOM and CPL, DRC, renders, 1:1 prints); none carries the current netlist
v2/release/revA/boards/meshsat-pcb-c-revA-C5/meshsat.pretty/Slot_5x1.8_NPTH.kicad_mod	aa14174da5d277214ebb334ecbb5f0cede22eb27	428	stale-layout	deliverable folders and review sheets of earlier layout phases (gerbers, BOM and CPL, DRC, renders, 1:1 prints); none carries the current netlist
v2/release/revA/boards/meshsat-pcb-c-revA-C5/meshsat.pretty/SolderPad_8x6.kicad_mod	e54e951880f1177e8d14d774300fc58679397740	644	stale-layout	deliverable folders and review sheets of earlier layout phases (gerbers, BOM and CPL, DRC, renders, 1:1 prints); none carries the current netlist
v2/release/revA/boards/meshsat-pcb-c-revA-C5/meshsat.pretty/Texas_RQM0029A_QFN-29_4x4mm.kicad_mod	e834904a82b1f8acae5a591ee5c58a2222a76b23	8906	stale-layout	deliverable folders and review sheets of earlier layout phases (gerbers, BOM and CPL, DRC, renders, 1:1 prints); none carries the current netlist
v2/release/revA/boards/meshsat-pcb-c-revA-C5/meshsat.pretty/Texas_RQQ0011A_VQFN-HR-11_2.5x3mm.kicad_mod	413b76a1947732671281ae679d70cf692791c652	6467	stale-layout	deliverable folders and review sheets of earlier layout phases (gerbers, BOM and CPL, DRC, renders, 1:1 prints); none carries the current netlist
v2/release/revA/boards/meshsat-pcb-c-revA-C5/meshsat.pretty/WeAct_EPD_3p7.kicad_mod	4d3218b9fb116948e290dd5085abc24818cb8251	2202	stale-layout	deliverable folders and review sheets of earlier layout phases (gerbers, BOM and CPL, DRC, renders, 1:1 prints); none carries the current netlist
v2/release/revA/boards/meshsat-pcb-c-revA-C5/meshsat.pretty/WireHole_2mm.kicad_mod	4035c0334674f2bdca516ca60f29ce0361b81d7b	689	stale-layout	deliverable folders and review sheets of earlier layout phases (gerbers, BOM and CPL, DRC, renders, 1:1 prints); none carries the current netlist
v2/release/revA/boards/meshsat-pcb-c-revA-C5/meshsat.pretty/WireLands_2x6.kicad_mod	88fb8fac6ee7b88238030791e7ca12927d4625a9	1935	stale-layout	deliverable folders and review sheets of earlier layout phases (gerbers, BOM and CPL, DRC, renders, 1:1 prints); none carries the current netlist
v2/release/revA/boards/meshsat-pcb-c-revA-C5/pcb-c-display-1to1-bottom-mirrored.pdf	a0dbff485b29b181922cb6dff1b02947b24a8a3e	127133	stale-layout	deliverable folders and review sheets of earlier layout phases (gerbers, BOM and CPL, DRC, renders, 1:1 prints); none carries the current netlist
v2/release/revA/boards/meshsat-pcb-c-revA-C5/pcb-c-display-1to1-top.pdf	85605bc9ebcbc397a3a80df3ffb8dc7551703d6a	145975	stale-layout	deliverable folders and review sheets of earlier layout phases (gerbers, BOM and CPL, DRC, renders, 1:1 prints); none carries the current netlist
v2/release/revA/boards/meshsat-pcb-c-revA-C5/pcb-c-display-bom.csv	5bd03be975065e825bcd5341093f2f08ac02add9	3831	stale-layout	deliverable folders and review sheets of earlier layout phases (gerbers, BOM and CPL, DRC, renders, 1:1 prints); none carries the current netlist
v2/release/revA/boards/meshsat-pcb-c-revA-C5/pcb-c-display-cpl.csv	575f4beef0f1d57c7cd50b7581b9b308ceb51cb9	4444	stale-layout	deliverable folders and review sheets of earlier layout phases (gerbers, BOM and CPL, DRC, renders, 1:1 prints); none carries the current netlist
v2/release/revA/boards/meshsat-pcb-c-revA-C5/pcb-c-display-drc.rpt	3d8f534cef6a6ce211db139b2ecd69abfb0067f4	3991	stale-layout	deliverable folders and review sheets of earlier layout phases (gerbers, BOM and CPL, DRC, renders, 1:1 prints); none carries the current netlist
v2/release/revA/boards/meshsat-pcb-c-revA-C5/pcb-c-display-gerbers.zip	87571a9e5e64a23c2c242c334e35126a36ff890c	403654	stale-layout	deliverable folders and review sheets of earlier layout phases (gerbers, BOM and CPL, DRC, renders, 1:1 prints); none carries the current netlist
v2/release/revA/boards/meshsat-pcb-c-revA-C5/pcb-c-display-render-bottom.png	3ee1d17087979cc9a45a6599bffc592bcc0ed350	103732	stale-layout	deliverable folders and review sheets of earlier layout phases (gerbers, BOM and CPL, DRC, renders, 1:1 prints); none carries the current netlist
v2/release/revA/boards/meshsat-pcb-c-revA-C5/pcb-c-display-render-top.png	3eabb8ffd2191ae48d2a46ce19cb0021f49762e4	82293	stale-layout	deliverable folders and review sheets of earlier layout phases (gerbers, BOM and CPL, DRC, renders, 1:1 prints); none carries the current netlist
v2/release/revA/boards/meshsat-pcb-c-revA-C5/pcb-c-display-schematic.pdf	c68ed9c3c54d05bcc4981c8210c24c16274b5a9b	964372	stale-layout	deliverable folders and review sheets of earlier layout phases (gerbers, BOM and CPL, DRC, renders, 1:1 prints); none carries the current netlist
v2/release/revA/boards/meshsat-pcb-c-revA-C5/pcb-c-display-seals.dxf	4f62ad34a6509058caa3229769f2b945205f3511	311678	stale-layout	deliverable folders and review sheets of earlier layout phases (gerbers, BOM and CPL, DRC, renders, 1:1 prints); none carries the current netlist
v2/release/revA/boards/meshsat-pcb-c-revA-C5/pcb-c-display.kicad_pcb	3c3b392824c3f70a936bf8a13e9fc398c398f1ae	1507792	stale-layout	deliverable folders and review sheets of earlier layout phases (gerbers, BOM and CPL, DRC, renders, 1:1 prints); none carries the current netlist
v2/release/revA/boards/meshsat-pcb-c-revA-C5/pcb-c-display.kicad_pro	ecfca4949a737c9bca8ed2b2b57a52fd124e83da	9093	stale-layout	deliverable folders and review sheets of earlier layout phases (gerbers, BOM and CPL, DRC, renders, 1:1 prints); none carries the current netlist
v2/release/revA/boards/meshsat-pcb-c-revA-C5/pcb-c-display.kicad_sch	27af9e4e5f2a263e031006616610b6e59e9879d3	395921	stale-layout	deliverable folders and review sheets of earlier layout phases (gerbers, BOM and CPL, DRC, renders, 1:1 prints); none carries the current netlist
v2/release/revA/boards/meshsat-pcb-c-revA-C6/README-fab.txt	6d0061a6db2ac1a990164bfc3b014cd355916911	689	stale-layout	deliverable folders and review sheets of earlier layout phases (gerbers, BOM and CPL, DRC, renders, 1:1 prints); none carries the current netlist
v2/release/revA/boards/meshsat-pcb-c-revA-C6/meshsat.pretty/BackerScrew_M3_GND.kicad_mod	969a703459dcadfb90c646c9890937a8efd6d8a9	704	stale-layout	deliverable folders and review sheets of earlier layout phases (gerbers, BOM and CPL, DRC, renders, 1:1 prints); none carries the current netlist
v2/release/revA/boards/meshsat-pcb-c-revA-C6/meshsat.pretty/CM5_Amphenol_10164227.kicad_mod	420dacd5e3ec1a0c66b430fb525dba18d1dc2917	37300	stale-layout	deliverable folders and review sheets of earlier layout phases (gerbers, BOM and CPL, DRC, renders, 1:1 prints); none carries the current netlist
v2/release/revA/boards/meshsat-pcb-c-revA-C6/meshsat.pretty/CM5_Conn_A_10164227.kicad_mod	babefb7b93929185782ea645a07b0835ca738c07	17831	stale-layout	deliverable folders and review sheets of earlier layout phases (gerbers, BOM and CPL, DRC, renders, 1:1 prints); none carries the current netlist
v2/release/revA/boards/meshsat-pcb-c-revA-C6/meshsat.pretty/CM5_Conn_B_10164227.kicad_mod	f1a863ce6743c7cd63a13036d2b0bb8aa4dd23d1	18639	stale-layout	deliverable folders and review sheets of earlier layout phases (gerbers, BOM and CPL, DRC, renders, 1:1 prints); none carries the current netlist
v2/release/revA/boards/meshsat-pcb-c-revA-C6/meshsat.pretty/DMR858M.kicad_mod	b7eeb551102aaf3cf232a0c6261b57dd1babab12	5075	stale-layout	deliverable folders and review sheets of earlier layout phases (gerbers, BOM and CPL, DRC, renders, 1:1 prints); none carries the current netlist
v2/release/revA/boards/meshsat-pcb-c-revA-C6/meshsat.pretty/Ebyte_E72-2G4M20S1E.kicad_mod	d254ca6c23c8c475e80b8bed202fda372dc8ad00	7098	stale-layout	deliverable folders and review sheets of earlier layout phases (gerbers, BOM and CPL, DRC, renders, 1:1 prints); none carries the current netlist
v2/release/revA/boards/meshsat-pcb-c-revA-C6/meshsat.pretty/FrameScrew_M3_GND.kicad_mod	f92a3c2825954d6206a4affe969198fccf3a1255	950	stale-layout	deliverable folders and review sheets of earlier layout phases (gerbers, BOM and CPL, DRC, renders, 1:1 prints); none carries the current netlist
v2/release/revA/boards/meshsat-pcb-c-revA-C6/meshsat.pretty/GuardedToggle_SPDT.kicad_mod	0b93bdcd4fb501a1824a9de49059c8cc4f6af8cf	2463	stale-layout	deliverable folders and review sheets of earlier layout phases (gerbers, BOM and CPL, DRC, renders, 1:1 prints); none carries the current netlist
v2/release/revA/boards/meshsat-pcb-c-revA-C6/meshsat.pretty/GuidePin_Dock.kicad_mod	b7ea90d1631656f172b7e0570dc68d5f06551e6d	757	stale-layout	deliverable folders and review sheets of earlier layout phases (gerbers, BOM and CPL, DRC, renders, 1:1 prints); none carries the current netlist
v2/release/revA/boards/meshsat-pcb-c-revA-C6/meshsat.pretty/GuidePin_Stack.kicad_mod	6bad73715f57372d8d64c8ced5d0701583eb296a	758	stale-layout	deliverable folders and review sheets of earlier layout phases (gerbers, BOM and CPL, DRC, renders, 1:1 prints); none carries the current netlist
v2/release/revA/boards/meshsat-pcb-c-revA-C6/meshsat.pretty/Hirose_FH12-22S-0.5SH_1x22-1MP_P0.50mm_Horizontal.kicad_mod	0b67a52f9e86c229f5e76d05d0bad6fa27c9a8cd	8478	stale-layout	deliverable folders and review sheets of earlier layout phases (gerbers, BOM and CPL, DRC, renders, 1:1 prints); none carries the current netlist
v2/release/revA/boards/meshsat-pcb-c-revA-C6/meshsat.pretty/LeadLands_1x02.kicad_mod	684dba90f12f0d7c586f63996de6a859f5e9104c	940	stale-layout	deliverable folders and review sheets of earlier layout phases (gerbers, BOM and CPL, DRC, renders, 1:1 prints); none carries the current netlist
v2/release/revA/boards/meshsat-pcb-c-revA-C6/meshsat.pretty/M2_E-Key_Socket_2230.kicad_mod	f535d6ccbcb8827a1ba076c8ff4d473446042c3a	11906	stale-layout	deliverable folders and review sheets of earlier layout phases (gerbers, BOM and CPL, DRC, renders, 1:1 prints); none carries the current netlist
v2/release/revA/boards/meshsat-pcb-c-revA-C6/meshsat.pretty/Mill-Max_0858_power_pin.kicad_mod	e7ae0538e73ccd2f68dc34445c4e96d31aaad04a	2238	stale-layout	deliverable folders and review sheets of earlier layout phases (gerbers, BOM and CPL, DRC, renders, 1:1 prints); none carries the current netlist
v2/release/revA/boards/meshsat-pcb-c-revA-C6/meshsat.pretty/Mill-Max_0858_target.kicad_mod	847341092da38e4370746c238f1ec88a109ce3a1	3349	stale-layout	deliverable folders and review sheets of earlier layout phases (gerbers, BOM and CPL, DRC, renders, 1:1 prints); none carries the current netlist
v2/release/revA/boards/meshsat-pcb-c-revA-C6/meshsat.pretty/MiniPCIe_Socket_52P_H4.0_Standoff.kicad_mod	22dfefd604c75cbf02106436d5a51850762dcefa	9992	stale-layout	deliverable folders and review sheets of earlier layout phases (gerbers, BOM and CPL, DRC, renders, 1:1 prints); none carries the current netlist
v2/release/revA/boards/meshsat-pcb-c-revA-C6/meshsat.pretty/PanelSounder.kicad_mod	1f6272b2dd125e4fb079ad7ce69c35993aa54546	1333	stale-layout	deliverable folders and review sheets of earlier layout phases (gerbers, BOM and CPL, DRC, renders, 1:1 prints); none carries the current netlist
v2/release/revA/boards/meshsat-pcb-c-revA-C6/meshsat.pretty/PanelSwitch_16mm.kicad_mod	0a623a3e226ad6174334b806b85cc4e02f26f014	1514	stale-layout	deliverable folders and review sheets of earlier layout phases (gerbers, BOM and CPL, DRC, renders, 1:1 prints); none carries the current netlist
v2/release/revA/boards/meshsat-pcb-c-revA-C6/meshsat.pretty/PanelSwitch_19mm.kicad_mod	2544a22529720cbfd41819913bfe8a522d217b31	1514	stale-layout	deliverable folders and review sheets of earlier layout phases (gerbers, BOM and CPL, DRC, renders, 1:1 prints); none carries the current netlist
v2/release/revA/boards/meshsat-pcb-c-revA-C6/meshsat.pretty/PanelToggle_DPDT.kicad_mod	f8796fa733bc66f5e2cd65cf3bfe743dc8259bbd	3533	stale-layout	deliverable folders and review sheets of earlier layout phases (gerbers, BOM and CPL, DRC, renders, 1:1 prints); none carries the current netlist
v2/release/revA/boards/meshsat-pcb-c-revA-C6/meshsat.pretty/PogoPins_2x4.kicad_mod	cb9ae20ccdc1803b624a44ff6be0787babb50f04	1514	stale-layout	deliverable folders and review sheets of earlier layout phases (gerbers, BOM and CPL, DRC, renders, 1:1 prints); none carries the current netlist
v2/release/revA/boards/meshsat-pcb-c-revA-C6/meshsat.pretty/PogoPins_2x6.kicad_mod	8705c1dca881bb048e98192cb9205567b3858eec	1921	stale-layout	deliverable folders and review sheets of earlier layout phases (gerbers, BOM and CPL, DRC, renders, 1:1 prints); none carries the current netlist
v2/release/revA/boards/meshsat-pcb-c-revA-C6/meshsat.pretty/PogoTargets_2x4.kicad_mod	f12181613f62896296bc45af4e7ac3834083dda6	1340	stale-layout	deliverable folders and review sheets of earlier layout phases (gerbers, BOM and CPL, DRC, renders, 1:1 prints); none carries the current netlist
v2/release/revA/boards/meshsat-pcb-c-revA-C6/meshsat.pretty/PogoTargets_2x6.kicad_mod	0b5028a70be47bd7156e7cd419f0b644f5aeea8d	1663	stale-layout	deliverable folders and review sheets of earlier layout phases (gerbers, BOM and CPL, DRC, renders, 1:1 prints); none carries the current netlist
v2/release/revA/boards/meshsat-pcb-c-revA-C6/meshsat.pretty/Radiall_SMPMAX_R222M00720.kicad_mod	8b85546846fa3c00ab365f63af42027532b2ec52	4584	stale-layout	deliverable folders and review sheets of earlier layout phases (gerbers, BOM and CPL, DRC, renders, 1:1 prints); none carries the current netlist
v2/release/revA/boards/meshsat-pcb-c-revA-C6/meshsat.pretty/Seeed_Wio-SX1262.kicad_mod	13f3ad42fc07c6d98e2b3a1ef174374bfb80672a	4015	stale-layout	deliverable folders and review sheets of earlier layout phases (gerbers, BOM and CPL, DRC, renders, 1:1 prints); none carries the current netlist
v2/release/revA/boards/meshsat-pcb-c-revA-C6/meshsat.pretty/Slot_5x1.8_NPTH.kicad_mod	aa14174da5d277214ebb334ecbb5f0cede22eb27	428	stale-layout	deliverable folders and review sheets of earlier layout phases (gerbers, BOM and CPL, DRC, renders, 1:1 prints); none carries the current netlist
v2/release/revA/boards/meshsat-pcb-c-revA-C6/meshsat.pretty/SolderPad_8x6.kicad_mod	e54e951880f1177e8d14d774300fc58679397740	644	stale-layout	deliverable folders and review sheets of earlier layout phases (gerbers, BOM and CPL, DRC, renders, 1:1 prints); none carries the current netlist
v2/release/revA/boards/meshsat-pcb-c-revA-C6/meshsat.pretty/Texas_RQM0029A_QFN-29_4x4mm.kicad_mod	e834904a82b1f8acae5a591ee5c58a2222a76b23	8906	stale-layout	deliverable folders and review sheets of earlier layout phases (gerbers, BOM and CPL, DRC, renders, 1:1 prints); none carries the current netlist
v2/release/revA/boards/meshsat-pcb-c-revA-C6/meshsat.pretty/Texas_RQQ0011A_VQFN-HR-11_2.5x3mm.kicad_mod	413b76a1947732671281ae679d70cf692791c652	6467	stale-layout	deliverable folders and review sheets of earlier layout phases (gerbers, BOM and CPL, DRC, renders, 1:1 prints); none carries the current netlist
v2/release/revA/boards/meshsat-pcb-c-revA-C6/meshsat.pretty/ToggleBody_DPDT.kicad_mod	abe2f1d39c47b7b1fc6a0d89317a83fe18d4327b	1560	stale-layout	deliverable folders and review sheets of earlier layout phases (gerbers, BOM and CPL, DRC, renders, 1:1 prints); none carries the current netlist
v2/release/revA/boards/meshsat-pcb-c-revA-C6/meshsat.pretty/ToggleBody_SPDT.kicad_mod	da327469e4115214a336e2c8cda9324d1b6c816e	1308	stale-layout	deliverable folders and review sheets of earlier layout phases (gerbers, BOM and CPL, DRC, renders, 1:1 prints); none carries the current netlist
v2/release/revA/boards/meshsat-pcb-c-revA-C6/meshsat.pretty/WeAct_EPD_3p7.kicad_mod	4d3218b9fb116948e290dd5085abc24818cb8251	2202	stale-layout	deliverable folders and review sheets of earlier layout phases (gerbers, BOM and CPL, DRC, renders, 1:1 prints); none carries the current netlist
v2/release/revA/boards/meshsat-pcb-c-revA-C6/meshsat.pretty/WireHole_2mm.kicad_mod	4035c0334674f2bdca516ca60f29ce0361b81d7b	689	stale-layout	deliverable folders and review sheets of earlier layout phases (gerbers, BOM and CPL, DRC, renders, 1:1 prints); none carries the current netlist
v2/release/revA/boards/meshsat-pcb-c-revA-C6/meshsat.pretty/WireLands_2x6.kicad_mod	88fb8fac6ee7b88238030791e7ca12927d4625a9	1935	stale-layout	deliverable folders and review sheets of earlier layout phases (gerbers, BOM and CPL, DRC, renders, 1:1 prints); none carries the current netlist
v2/release/revA/boards/meshsat-pcb-c-revA-C6/pcb-c-display-1to1-bottom-mirrored.pdf	8bdaa32e117e937f1faa050fcfa5e4613f14df23	80613	stale-layout	deliverable folders and review sheets of earlier layout phases (gerbers, BOM and CPL, DRC, renders, 1:1 prints); none carries the current netlist
v2/release/revA/boards/meshsat-pcb-c-revA-C6/pcb-c-display-1to1-top.pdf	2b80dfdb6ad121e8d2c80191f6bef3a9e511c19a	113847	stale-layout	deliverable folders and review sheets of earlier layout phases (gerbers, BOM and CPL, DRC, renders, 1:1 prints); none carries the current netlist
v2/release/revA/boards/meshsat-pcb-c-revA-C6/pcb-c-display-bom.csv	de78afdd95e73f5827003cd15620c4d158028727	3871	stale-layout	deliverable folders and review sheets of earlier layout phases (gerbers, BOM and CPL, DRC, renders, 1:1 prints); none carries the current netlist
v2/release/revA/boards/meshsat-pcb-c-revA-C6/pcb-c-display-cpl.csv	e290f1a82b4ab7dca29c583c55e6a556e8e144f0	4433	stale-layout	deliverable folders and review sheets of earlier layout phases (gerbers, BOM and CPL, DRC, renders, 1:1 prints); none carries the current netlist
v2/release/revA/boards/meshsat-pcb-c-revA-C6/pcb-c-display-drc.rpt	af385136cbd86b312d58889f5c1a03f2deafd1c9	6095	stale-layout	deliverable folders and review sheets of earlier layout phases (gerbers, BOM and CPL, DRC, renders, 1:1 prints); none carries the current netlist
v2/release/revA/boards/meshsat-pcb-c-revA-C6/pcb-c-display-gerbers.zip	5fc0e8bdf34b14593edab88efc8b707ec74b0592	476632	stale-layout	deliverable folders and review sheets of earlier layout phases (gerbers, BOM and CPL, DRC, renders, 1:1 prints); none carries the current netlist
v2/release/revA/boards/meshsat-pcb-c-revA-C6/pcb-c-display-render-bottom.png	4d49c3d3a96e4fe3ac0dc351cd8b2dc42f828b52	78031	stale-layout	deliverable folders and review sheets of earlier layout phases (gerbers, BOM and CPL, DRC, renders, 1:1 prints); none carries the current netlist
v2/release/revA/boards/meshsat-pcb-c-revA-C6/pcb-c-display-render-top.png	4259291e6ad493cb6cceab510b9a2f1b42dae883	63538	stale-layout	deliverable folders and review sheets of earlier layout phases (gerbers, BOM and CPL, DRC, renders, 1:1 prints); none carries the current netlist
v2/release/revA/boards/meshsat-pcb-c-revA-C6/pcb-c-display-schematic.pdf	c9402b23523e675a7ee76ba92746a8684ffab318	886394	stale-layout	deliverable folders and review sheets of earlier layout phases (gerbers, BOM and CPL, DRC, renders, 1:1 prints); none carries the current netlist
v2/release/revA/boards/meshsat-pcb-c-revA-C6/pcb-c-display.kicad_pcb	788f7041bc16723cf30fed70050046567e78054f	1998192	stale-layout	deliverable folders and review sheets of earlier layout phases (gerbers, BOM and CPL, DRC, renders, 1:1 prints); none carries the current netlist
v2/release/revA/boards/meshsat-pcb-c-revA-C6/pcb-c-display.kicad_pro	0999617f7c3074e59e3810334cc2e6b7bb1d764e	9309	stale-layout	deliverable folders and review sheets of earlier layout phases (gerbers, BOM and CPL, DRC, renders, 1:1 prints); none carries the current netlist
v2/release/revA/boards/meshsat-pcb-c-revA-C6/pcb-c-display.kicad_sch	11a14d6801d29d1265a5158ffc998d986b93374b	375609	stale-layout	deliverable folders and review sheets of earlier layout phases (gerbers, BOM and CPL, DRC, renders, 1:1 prints); none carries the current netlist
v2/release/revA/boards/meshsat-pcb-c-revA-C7/LCSC-CORRECTIONS.txt	d421486234c9e54b323989c9da711c38c249a3d3	1093	stale-layout	deliverable folders and review sheets of earlier layout phases (gerbers, BOM and CPL, DRC, renders, 1:1 prints); none carries the current netlist
v2/release/revA/boards/meshsat-pcb-c-revA-C7/README-fab.txt	1cfedc167786853bca698811282612a274bf3e57	864	stale-layout	deliverable folders and review sheets of earlier layout phases (gerbers, BOM and CPL, DRC, renders, 1:1 prints); none carries the current netlist
v2/release/revA/boards/meshsat-pcb-c-revA-C7/meshsat.pretty/BackerScrew_M3_GND.kicad_mod	969a703459dcadfb90c646c9890937a8efd6d8a9	704	stale-layout	deliverable folders and review sheets of earlier layout phases (gerbers, BOM and CPL, DRC, renders, 1:1 prints); none carries the current netlist
v2/release/revA/boards/meshsat-pcb-c-revA-C7/meshsat.pretty/CM5_Amphenol_10164227.kicad_mod	420dacd5e3ec1a0c66b430fb525dba18d1dc2917	37300	stale-layout	deliverable folders and review sheets of earlier layout phases (gerbers, BOM and CPL, DRC, renders, 1:1 prints); none carries the current netlist
v2/release/revA/boards/meshsat-pcb-c-revA-C7/meshsat.pretty/CM5_Conn_A_10164227.kicad_mod	babefb7b93929185782ea645a07b0835ca738c07	17831	stale-layout	deliverable folders and review sheets of earlier layout phases (gerbers, BOM and CPL, DRC, renders, 1:1 prints); none carries the current netlist
v2/release/revA/boards/meshsat-pcb-c-revA-C7/meshsat.pretty/CM5_Conn_B_10164227.kicad_mod	f1a863ce6743c7cd63a13036d2b0bb8aa4dd23d1	18639	stale-layout	deliverable folders and review sheets of earlier layout phases (gerbers, BOM and CPL, DRC, renders, 1:1 prints); none carries the current netlist
v2/release/revA/boards/meshsat-pcb-c-revA-C7/meshsat.pretty/DMR858M.kicad_mod	b7eeb551102aaf3cf232a0c6261b57dd1babab12	5075	stale-layout	deliverable folders and review sheets of earlier layout phases (gerbers, BOM and CPL, DRC, renders, 1:1 prints); none carries the current netlist
v2/release/revA/boards/meshsat-pcb-c-revA-C7/meshsat.pretty/Ebyte_E22-900M30S.kicad_mod	69cdb329999d405eeb085a9587da267e9c7b5b29	3574	stale-layout	deliverable folders and review sheets of earlier layout phases (gerbers, BOM and CPL, DRC, renders, 1:1 prints); none carries the current netlist
v2/release/revA/boards/meshsat-pcb-c-revA-C7/meshsat.pretty/Ebyte_E72-2G4M20S1E.kicad_mod	d254ca6c23c8c475e80b8bed202fda372dc8ad00	7098	stale-layout	deliverable folders and review sheets of earlier layout phases (gerbers, BOM and CPL, DRC, renders, 1:1 prints); none carries the current netlist
v2/release/revA/boards/meshsat-pcb-c-revA-C7/meshsat.pretty/FrameScrew_M3_GND.kicad_mod	f92a3c2825954d6206a4affe969198fccf3a1255	950	stale-layout	deliverable folders and review sheets of earlier layout phases (gerbers, BOM and CPL, DRC, renders, 1:1 prints); none carries the current netlist
v2/release/revA/boards/meshsat-pcb-c-revA-C7/meshsat.pretty/GuardedToggle_SPDT.kicad_mod	0b93bdcd4fb501a1824a9de49059c8cc4f6af8cf	2463	stale-layout	deliverable folders and review sheets of earlier layout phases (gerbers, BOM and CPL, DRC, renders, 1:1 prints); none carries the current netlist
v2/release/revA/boards/meshsat-pcb-c-revA-C7/meshsat.pretty/GuidePin_Dock.kicad_mod	b7ea90d1631656f172b7e0570dc68d5f06551e6d	757	stale-layout	deliverable folders and review sheets of earlier layout phases (gerbers, BOM and CPL, DRC, renders, 1:1 prints); none carries the current netlist
v2/release/revA/boards/meshsat-pcb-c-revA-C7/meshsat.pretty/GuidePin_Stack.kicad_mod	6bad73715f57372d8d64c8ced5d0701583eb296a	758	stale-layout	deliverable folders and review sheets of earlier layout phases (gerbers, BOM and CPL, DRC, renders, 1:1 prints); none carries the current netlist
v2/release/revA/boards/meshsat-pcb-c-revA-C7/meshsat.pretty/Hirose_FH12-22S-0.5SH_1x22-1MP_P0.50mm_Horizontal.kicad_mod	0b67a52f9e86c229f5e76d05d0bad6fa27c9a8cd	8478	stale-layout	deliverable folders and review sheets of earlier layout phases (gerbers, BOM and CPL, DRC, renders, 1:1 prints); none carries the current netlist
v2/release/revA/boards/meshsat-pcb-c-revA-C7/meshsat.pretty/Hirose_FH34SRJ-24S.kicad_mod	fffcc0e8964fe160de31b0bb3ac0af3bef66a2a0	4027	stale-layout	deliverable folders and review sheets of earlier layout phases (gerbers, BOM and CPL, DRC, renders, 1:1 prints); none carries the current netlist
v2/release/revA/boards/meshsat-pcb-c-revA-C7/meshsat.pretty/LQFP-128_14x14mm_P0.4mm_EP6.0.kicad_mod	b4f32ac72c359ff96f9104f1d228d62c0340d47e	21781	stale-layout	deliverable folders and review sheets of earlier layout phases (gerbers, BOM and CPL, DRC, renders, 1:1 prints); none carries the current netlist
v2/release/revA/boards/meshsat-pcb-c-revA-C7/meshsat.pretty/LeadLands_1x02.kicad_mod	684dba90f12f0d7c586f63996de6a859f5e9104c	940	stale-layout	deliverable folders and review sheets of earlier layout phases (gerbers, BOM and CPL, DRC, renders, 1:1 prints); none carries the current netlist
v2/release/revA/boards/meshsat-pcb-c-revA-C7/meshsat.pretty/M2_B-Key_Socket_3052.kicad_mod	9d36c9d4e54be4570f4d73543a68bf7254c79832	8356	stale-layout	deliverable folders and review sheets of earlier layout phases (gerbers, BOM and CPL, DRC, renders, 1:1 prints); none carries the current netlist
v2/release/revA/boards/meshsat-pcb-c-revA-C7/meshsat.pretty/M2_E-Key_Socket_2230.kicad_mod	f535d6ccbcb8827a1ba076c8ff4d473446042c3a	11906	stale-layout	deliverable folders and review sheets of earlier layout phases (gerbers, BOM and CPL, DRC, renders, 1:1 prints); none carries the current netlist
v2/release/revA/boards/meshsat-pcb-c-revA-C7/meshsat.pretty/M2_M-Key_Socket_2242.kicad_mod	1cb336bc94bf0788b57ac315995cf9d0a460fa1b	8364	stale-layout	deliverable folders and review sheets of earlier layout phases (gerbers, BOM and CPL, DRC, renders, 1:1 prints); none carries the current netlist
v2/release/revA/boards/meshsat-pcb-c-revA-C7/meshsat.pretty/Mill-Max_0858_power_pin.kicad_mod	e7ae0538e73ccd2f68dc34445c4e96d31aaad04a	2238	stale-layout	deliverable folders and review sheets of earlier layout phases (gerbers, BOM and CPL, DRC, renders, 1:1 prints); none carries the current netlist
v2/release/revA/boards/meshsat-pcb-c-revA-C7/meshsat.pretty/Mill-Max_0858_target.kicad_mod	847341092da38e4370746c238f1ec88a109ce3a1	3349	stale-layout	deliverable folders and review sheets of earlier layout phases (gerbers, BOM and CPL, DRC, renders, 1:1 prints); none carries the current netlist
v2/release/revA/boards/meshsat-pcb-c-revA-C7/meshsat.pretty/MiniPCIe_Socket_52P_H4.0_Standoff.kicad_mod	22dfefd604c75cbf02106436d5a51850762dcefa	9992	stale-layout	deliverable folders and review sheets of earlier layout phases (gerbers, BOM and CPL, DRC, renders, 1:1 prints); none carries the current netlist
v2/release/revA/boards/meshsat-pcb-c-revA-C7/meshsat.pretty/NiceRF_SA868.kicad_mod	6d18850bc11de25f1365987feabbbe144f7b6d34	3060	stale-layout	deliverable folders and review sheets of earlier layout phases (gerbers, BOM and CPL, DRC, renders, 1:1 prints); none carries the current netlist
v2/release/revA/boards/meshsat-pcb-c-revA-C7/meshsat.pretty/PanelJack_17mm.kicad_mod	24252c51561ce62337d26bc48e3f95c2d1617b09	1860	stale-layout	deliverable folders and review sheets of earlier layout phases (gerbers, BOM and CPL, DRC, renders, 1:1 prints); none carries the current netlist
v2/release/revA/boards/meshsat-pcb-c-revA-C7/meshsat.pretty/PanelSounder.kicad_mod	1f6272b2dd125e4fb079ad7ce69c35993aa54546	1333	stale-layout	deliverable folders and review sheets of earlier layout phases (gerbers, BOM and CPL, DRC, renders, 1:1 prints); none carries the current netlist
v2/release/revA/boards/meshsat-pcb-c-revA-C7/meshsat.pretty/PanelSwitch_16mm.kicad_mod	0a623a3e226ad6174334b806b85cc4e02f26f014	1514	stale-layout	deliverable folders and review sheets of earlier layout phases (gerbers, BOM and CPL, DRC, renders, 1:1 prints); none carries the current netlist
v2/release/revA/boards/meshsat-pcb-c-revA-C7/meshsat.pretty/PanelSwitch_19mm.kicad_mod	2544a22529720cbfd41819913bfe8a522d217b31	1514	stale-layout	deliverable folders and review sheets of earlier layout phases (gerbers, BOM and CPL, DRC, renders, 1:1 prints); none carries the current netlist
v2/release/revA/boards/meshsat-pcb-c-revA-C7/meshsat.pretty/PanelToggle_DPDT.kicad_mod	f8796fa733bc66f5e2cd65cf3bfe743dc8259bbd	3533	stale-layout	deliverable folders and review sheets of earlier layout phases (gerbers, BOM and CPL, DRC, renders, 1:1 prints); none carries the current netlist
v2/release/revA/boards/meshsat-pcb-c-revA-C7/meshsat.pretty/PogoPins_2x4.kicad_mod	cb9ae20ccdc1803b624a44ff6be0787babb50f04	1514	stale-layout	deliverable folders and review sheets of earlier layout phases (gerbers, BOM and CPL, DRC, renders, 1:1 prints); none carries the current netlist
v2/release/revA/boards/meshsat-pcb-c-revA-C7/meshsat.pretty/PogoPins_2x6.kicad_mod	8705c1dca881bb048e98192cb9205567b3858eec	1921	stale-layout	deliverable folders and review sheets of earlier layout phases (gerbers, BOM and CPL, DRC, renders, 1:1 prints); none carries the current netlist
v2/release/revA/boards/meshsat-pcb-c-revA-C7/meshsat.pretty/PogoTargets_2x4.kicad_mod	f12181613f62896296bc45af4e7ac3834083dda6	1340	stale-layout	deliverable folders and review sheets of earlier layout phases (gerbers, BOM and CPL, DRC, renders, 1:1 prints); none carries the current netlist
v2/release/revA/boards/meshsat-pcb-c-revA-C7/meshsat.pretty/PogoTargets_2x6.kicad_mod	0b5028a70be47bd7156e7cd419f0b644f5aeea8d	1663	stale-layout	deliverable folders and review sheets of earlier layout phases (gerbers, BOM and CPL, DRC, renders, 1:1 prints); none carries the current netlist
v2/release/revA/boards/meshsat-pcb-c-revA-C7/meshsat.pretty/Pulse_H5007NL.kicad_mod	0365d0017c5fdefcf0c59e2f745747dd0cd2694c	3574	stale-layout	deliverable folders and review sheets of earlier layout phases (gerbers, BOM and CPL, DRC, renders, 1:1 prints); none carries the current netlist
v2/release/revA/boards/meshsat-pcb-c-revA-C7/meshsat.pretty/Quectel_LG290P.kicad_mod	ab90aab3dc4e8587536055e9f55ba474764d6e8f	8796	stale-layout	deliverable folders and review sheets of earlier layout phases (gerbers, BOM and CPL, DRC, renders, 1:1 prints); none carries the current netlist
v2/release/revA/boards/meshsat-pcb-c-revA-C7/meshsat.pretty/Radiall_SMPMAX_R222M00720.kicad_mod	8b85546846fa3c00ab365f63af42027532b2ec52	4584	stale-layout	deliverable folders and review sheets of earlier layout phases (gerbers, BOM and CPL, DRC, renders, 1:1 prints); none carries the current netlist
v2/release/revA/boards/meshsat-pcb-c-revA-C7/meshsat.pretty/Seeed_Wio-SX1262.kicad_mod	13f3ad42fc07c6d98e2b3a1ef174374bfb80672a	4015	stale-layout	deliverable folders and review sheets of earlier layout phases (gerbers, BOM and CPL, DRC, renders, 1:1 prints); none carries the current netlist
v2/release/revA/boards/meshsat-pcb-c-revA-C7/meshsat.pretty/Slot_5x1.8_NPTH.kicad_mod	aa14174da5d277214ebb334ecbb5f0cede22eb27	428	stale-layout	deliverable folders and review sheets of earlier layout phases (gerbers, BOM and CPL, DRC, renders, 1:1 prints); none carries the current netlist
v2/release/revA/boards/meshsat-pcb-c-revA-C7/meshsat.pretty/SolderPad_8x6.kicad_mod	e54e951880f1177e8d14d774300fc58679397740	644	stale-layout	deliverable folders and review sheets of earlier layout phases (gerbers, BOM and CPL, DRC, renders, 1:1 prints); none carries the current netlist
v2/release/revA/boards/meshsat-pcb-c-revA-C7/meshsat.pretty/TQFP-128_14x14mm_P0.4mm_EP10.0.kicad_mod	cef192ea8c5b0b2a18e075ab4600c4ae5b4b2228	21663	stale-layout	deliverable folders and review sheets of earlier layout phases (gerbers, BOM and CPL, DRC, renders, 1:1 prints); none carries the current netlist
v2/release/revA/boards/meshsat-pcb-c-revA-C7/meshsat.pretty/Texas_RQM0029A_QFN-29_4x4mm.kicad_mod	e834904a82b1f8acae5a591ee5c58a2222a76b23	8906	stale-layout	deliverable folders and review sheets of earlier layout phases (gerbers, BOM and CPL, DRC, renders, 1:1 prints); none carries the current netlist
v2/release/revA/boards/meshsat-pcb-c-revA-C7/meshsat.pretty/Texas_RQQ0011A_VQFN-HR-11_2.5x3mm.kicad_mod	413b76a1947732671281ae679d70cf692791c652	6467	stale-layout	deliverable folders and review sheets of earlier layout phases (gerbers, BOM and CPL, DRC, renders, 1:1 prints); none carries the current netlist
v2/release/revA/boards/meshsat-pcb-c-revA-C7/meshsat.pretty/ToggleBody_DPDT.kicad_mod	abe2f1d39c47b7b1fc6a0d89317a83fe18d4327b	1560	stale-layout	deliverable folders and review sheets of earlier layout phases (gerbers, BOM and CPL, DRC, renders, 1:1 prints); none carries the current netlist
v2/release/revA/boards/meshsat-pcb-c-revA-C7/meshsat.pretty/ToggleBody_SPDT.kicad_mod	da327469e4115214a336e2c8cda9324d1b6c816e	1308	stale-layout	deliverable folders and review sheets of earlier layout phases (gerbers, BOM and CPL, DRC, renders, 1:1 prints); none carries the current netlist
v2/release/revA/boards/meshsat-pcb-c-revA-C7/meshsat.pretty/Vishay_VEML7700.kicad_mod	5eb1038164776db9994d9cf039ba2630c767cb30	1186	stale-layout	deliverable folders and review sheets of earlier layout phases (gerbers, BOM and CPL, DRC, renders, 1:1 prints); none carries the current netlist
v2/release/revA/boards/meshsat-pcb-c-revA-C7/meshsat.pretty/WeAct_EPD_3p7.kicad_mod	4d3218b9fb116948e290dd5085abc24818cb8251	2202	stale-layout	deliverable folders and review sheets of earlier layout phases (gerbers, BOM and CPL, DRC, renders, 1:1 prints); none carries the current netlist
v2/release/revA/boards/meshsat-pcb-c-revA-C7/meshsat.pretty/WireHole_2mm.kicad_mod	4035c0334674f2bdca516ca60f29ce0361b81d7b	689	stale-layout	deliverable folders and review sheets of earlier layout phases (gerbers, BOM and CPL, DRC, renders, 1:1 prints); none carries the current netlist
v2/release/revA/boards/meshsat-pcb-c-revA-C7/meshsat.pretty/WireLands_2x6.kicad_mod	88fb8fac6ee7b88238030791e7ca12927d4625a9	1935	stale-layout	deliverable folders and review sheets of earlier layout phases (gerbers, BOM and CPL, DRC, renders, 1:1 prints); none carries the current netlist
v2/release/revA/boards/meshsat-pcb-c-revA-C7/pcb-c-display-1to1-bottom-mirrored.pdf	c9fdcf81c9c9f27bee686afe9f9267633e66ed08	126206	stale-layout	deliverable folders and review sheets of earlier layout phases (gerbers, BOM and CPL, DRC, renders, 1:1 prints); none carries the current netlist
v2/release/revA/boards/meshsat-pcb-c-revA-C7/pcb-c-display-1to1-top.pdf	2cfd7b4568b16c3195949d7087c606edb540bd1b	173895	stale-layout	deliverable folders and review sheets of earlier layout phases (gerbers, BOM and CPL, DRC, renders, 1:1 prints); none carries the current netlist
v2/release/revA/boards/meshsat-pcb-c-revA-C7/pcb-c-display-bom.csv	50962abe71e62c73072a178e0175ac662e8cacf3	6080	stale-layout	deliverable folders and review sheets of earlier layout phases (gerbers, BOM and CPL, DRC, renders, 1:1 prints); none carries the current netlist
v2/release/revA/boards/meshsat-pcb-c-revA-C7/pcb-c-display-cpl.csv	13acd84b0a9091244e30a3ba44f71ef76759e3d5	6499	stale-layout	deliverable folders and review sheets of earlier layout phases (gerbers, BOM and CPL, DRC, renders, 1:1 prints); none carries the current netlist
v2/release/revA/boards/meshsat-pcb-c-revA-C7/pcb-c-display-drc.rpt	19d9c6d242ce10f5d8a8c9eedb8b804ea913ce2d	13854	stale-layout	deliverable folders and review sheets of earlier layout phases (gerbers, BOM and CPL, DRC, renders, 1:1 prints); none carries the current netlist
v2/release/revA/boards/meshsat-pcb-c-revA-C7/pcb-c-display-gerbers.zip	0c09b728b0676fb440cb1baeccdbc4446a8f44bd	785844	stale-layout	deliverable folders and review sheets of earlier layout phases (gerbers, BOM and CPL, DRC, renders, 1:1 prints); none carries the current netlist
v2/release/revA/boards/meshsat-pcb-c-revA-C7/pcb-c-display-render-bottom.png	f51280613cddb6f9639c01a68258cd6459c7e1f0	104268	stale-layout	deliverable folders and review sheets of earlier layout phases (gerbers, BOM and CPL, DRC, renders, 1:1 prints); none carries the current netlist
v2/release/revA/boards/meshsat-pcb-c-revA-C7/pcb-c-display-render-top.png	0bf5a8468da7dae36e11058601c065683f56a0e3	91672	stale-layout	deliverable folders and review sheets of earlier layout phases (gerbers, BOM and CPL, DRC, renders, 1:1 prints); none carries the current netlist
v2/release/revA/boards/meshsat-pcb-c-revA-C7/pcb-c-display-schematic.pdf	2119ca078b11a55682397ff0615105f34595708e	1407675	stale-layout	deliverable folders and review sheets of earlier layout phases (gerbers, BOM and CPL, DRC, renders, 1:1 prints); none carries the current netlist
v2/release/revA/boards/meshsat-pcb-c-revA-C7/pcb-c-display.kicad_pcb	873ca45e425753a7f11140d2062eedebb71c31e4	3406602	stale-layout	deliverable folders and review sheets of earlier layout phases (gerbers, BOM and CPL, DRC, renders, 1:1 prints); none carries the current netlist
v2/release/revA/boards/meshsat-pcb-c-revA-C7/pcb-c-display.kicad_pro	8fc81d5577033d63e68f4ed4c13b7a90535692e1	10681	stale-layout	deliverable folders and review sheets of earlier layout phases (gerbers, BOM and CPL, DRC, renders, 1:1 prints); none carries the current netlist
v2/release/revA/boards/meshsat-pcb-c-revA-C7/pcb-c-display.kicad_sch	89376d4b4985ea3650e893668b513408d5b3065d	557224	stale-layout	deliverable folders and review sheets of earlier layout phases (gerbers, BOM and CPL, DRC, renders, 1:1 prints); none carries the current netlist
v2/release/revA/boards/meshsat-pcb-d-revA-D10/README-fab.txt	6879bef51ee3831ee1dda7d7b12c7429e13d6a87	849	stale-layout	deliverable folders and review sheets of earlier layout phases (gerbers, BOM and CPL, DRC, renders, 1:1 prints); none carries the current netlist
v2/release/revA/boards/meshsat-pcb-d-revA-D10/meshsat.pretty/BackerScrew_M3_GND.kicad_mod	969a703459dcadfb90c646c9890937a8efd6d8a9	704	stale-layout	deliverable folders and review sheets of earlier layout phases (gerbers, BOM and CPL, DRC, renders, 1:1 prints); none carries the current netlist
v2/release/revA/boards/meshsat-pcb-d-revA-D10/meshsat.pretty/CM5_Amphenol_10164227.kicad_mod	420dacd5e3ec1a0c66b430fb525dba18d1dc2917	37300	stale-layout	deliverable folders and review sheets of earlier layout phases (gerbers, BOM and CPL, DRC, renders, 1:1 prints); none carries the current netlist
v2/release/revA/boards/meshsat-pcb-d-revA-D10/meshsat.pretty/CM5_Conn_A_10164227.kicad_mod	babefb7b93929185782ea645a07b0835ca738c07	17831	stale-layout	deliverable folders and review sheets of earlier layout phases (gerbers, BOM and CPL, DRC, renders, 1:1 prints); none carries the current netlist
v2/release/revA/boards/meshsat-pcb-d-revA-D10/meshsat.pretty/CM5_Conn_B_10164227.kicad_mod	f1a863ce6743c7cd63a13036d2b0bb8aa4dd23d1	18639	stale-layout	deliverable folders and review sheets of earlier layout phases (gerbers, BOM and CPL, DRC, renders, 1:1 prints); none carries the current netlist
v2/release/revA/boards/meshsat-pcb-d-revA-D10/meshsat.pretty/DMR858M.kicad_mod	b7eeb551102aaf3cf232a0c6261b57dd1babab12	5075	stale-layout	deliverable folders and review sheets of earlier layout phases (gerbers, BOM and CPL, DRC, renders, 1:1 prints); none carries the current netlist
v2/release/revA/boards/meshsat-pcb-d-revA-D10/meshsat.pretty/Ebyte_E22-900M30S.kicad_mod	69cdb329999d405eeb085a9587da267e9c7b5b29	3574	stale-layout	deliverable folders and review sheets of earlier layout phases (gerbers, BOM and CPL, DRC, renders, 1:1 prints); none carries the current netlist
v2/release/revA/boards/meshsat-pcb-d-revA-D10/meshsat.pretty/Ebyte_E72-2G4M20S1E.kicad_mod	d254ca6c23c8c475e80b8bed202fda372dc8ad00	7098	stale-layout	deliverable folders and review sheets of earlier layout phases (gerbers, BOM and CPL, DRC, renders, 1:1 prints); none carries the current netlist
v2/release/revA/boards/meshsat-pcb-d-revA-D10/meshsat.pretty/FrameScrew_M3_GND.kicad_mod	f92a3c2825954d6206a4affe969198fccf3a1255	950	stale-layout	deliverable folders and review sheets of earlier layout phases (gerbers, BOM and CPL, DRC, renders, 1:1 prints); none carries the current netlist
v2/release/revA/boards/meshsat-pcb-d-revA-D10/meshsat.pretty/GuardedToggle_SPDT.kicad_mod	0b93bdcd4fb501a1824a9de49059c8cc4f6af8cf	2463	stale-layout	deliverable folders and review sheets of earlier layout phases (gerbers, BOM and CPL, DRC, renders, 1:1 prints); none carries the current netlist
v2/release/revA/boards/meshsat-pcb-d-revA-D10/meshsat.pretty/GuidePin_Dock.kicad_mod	b7ea90d1631656f172b7e0570dc68d5f06551e6d	757	stale-layout	deliverable folders and review sheets of earlier layout phases (gerbers, BOM and CPL, DRC, renders, 1:1 prints); none carries the current netlist
v2/release/revA/boards/meshsat-pcb-d-revA-D10/meshsat.pretty/GuidePin_Stack.kicad_mod	6bad73715f57372d8d64c8ced5d0701583eb296a	758	stale-layout	deliverable folders and review sheets of earlier layout phases (gerbers, BOM and CPL, DRC, renders, 1:1 prints); none carries the current netlist
v2/release/revA/boards/meshsat-pcb-d-revA-D10/meshsat.pretty/Hirose_FH12-22S-0.5SH_1x22-1MP_P0.50mm_Horizontal.kicad_mod	0b67a52f9e86c229f5e76d05d0bad6fa27c9a8cd	8478	stale-layout	deliverable folders and review sheets of earlier layout phases (gerbers, BOM and CPL, DRC, renders, 1:1 prints); none carries the current netlist
v2/release/revA/boards/meshsat-pcb-d-revA-D10/meshsat.pretty/Hirose_FH34SRJ-24S.kicad_mod	fffcc0e8964fe160de31b0bb3ac0af3bef66a2a0	4027	stale-layout	deliverable folders and review sheets of earlier layout phases (gerbers, BOM and CPL, DRC, renders, 1:1 prints); none carries the current netlist
v2/release/revA/boards/meshsat-pcb-d-revA-D10/meshsat.pretty/LQFP-128_14x14mm_P0.4mm_EP6.0.kicad_mod	b4f32ac72c359ff96f9104f1d228d62c0340d47e	21781	stale-layout	deliverable folders and review sheets of earlier layout phases (gerbers, BOM and CPL, DRC, renders, 1:1 prints); none carries the current netlist
v2/release/revA/boards/meshsat-pcb-d-revA-D10/meshsat.pretty/LeadLands_1x02.kicad_mod	684dba90f12f0d7c586f63996de6a859f5e9104c	940	stale-layout	deliverable folders and review sheets of earlier layout phases (gerbers, BOM and CPL, DRC, renders, 1:1 prints); none carries the current netlist
v2/release/revA/boards/meshsat-pcb-d-revA-D10/meshsat.pretty/M2_B-Key_Socket_3052.kicad_mod	9d36c9d4e54be4570f4d73543a68bf7254c79832	8356	stale-layout	deliverable folders and review sheets of earlier layout phases (gerbers, BOM and CPL, DRC, renders, 1:1 prints); none carries the current netlist
v2/release/revA/boards/meshsat-pcb-d-revA-D10/meshsat.pretty/M2_E-Key_Socket_2230.kicad_mod	f535d6ccbcb8827a1ba076c8ff4d473446042c3a	11906	stale-layout	deliverable folders and review sheets of earlier layout phases (gerbers, BOM and CPL, DRC, renders, 1:1 prints); none carries the current netlist
v2/release/revA/boards/meshsat-pcb-d-revA-D10/meshsat.pretty/M2_M-Key_Socket_2242.kicad_mod	1cb336bc94bf0788b57ac315995cf9d0a460fa1b	8364	stale-layout	deliverable folders and review sheets of earlier layout phases (gerbers, BOM and CPL, DRC, renders, 1:1 prints); none carries the current netlist
v2/release/revA/boards/meshsat-pcb-d-revA-D10/meshsat.pretty/Mill-Max_0858_power_pin.kicad_mod	e7ae0538e73ccd2f68dc34445c4e96d31aaad04a	2238	stale-layout	deliverable folders and review sheets of earlier layout phases (gerbers, BOM and CPL, DRC, renders, 1:1 prints); none carries the current netlist
v2/release/revA/boards/meshsat-pcb-d-revA-D10/meshsat.pretty/Mill-Max_0858_target.kicad_mod	847341092da38e4370746c238f1ec88a109ce3a1	3349	stale-layout	deliverable folders and review sheets of earlier layout phases (gerbers, BOM and CPL, DRC, renders, 1:1 prints); none carries the current netlist
v2/release/revA/boards/meshsat-pcb-d-revA-D10/meshsat.pretty/MiniPCIe_Socket_52P_H4.0_Standoff.kicad_mod	22dfefd604c75cbf02106436d5a51850762dcefa	9992	stale-layout	deliverable folders and review sheets of earlier layout phases (gerbers, BOM and CPL, DRC, renders, 1:1 prints); none carries the current netlist
v2/release/revA/boards/meshsat-pcb-d-revA-D10/meshsat.pretty/NiceRF_SA868.kicad_mod	6d18850bc11de25f1365987feabbbe144f7b6d34	3060	stale-layout	deliverable folders and review sheets of earlier layout phases (gerbers, BOM and CPL, DRC, renders, 1:1 prints); none carries the current netlist
v2/release/revA/boards/meshsat-pcb-d-revA-D10/meshsat.pretty/PanelJack_17mm.kicad_mod	24252c51561ce62337d26bc48e3f95c2d1617b09	1860	stale-layout	deliverable folders and review sheets of earlier layout phases (gerbers, BOM and CPL, DRC, renders, 1:1 prints); none carries the current netlist
v2/release/revA/boards/meshsat-pcb-d-revA-D10/meshsat.pretty/PanelSounder.kicad_mod	1f6272b2dd125e4fb079ad7ce69c35993aa54546	1333	stale-layout	deliverable folders and review sheets of earlier layout phases (gerbers, BOM and CPL, DRC, renders, 1:1 prints); none carries the current netlist
v2/release/revA/boards/meshsat-pcb-d-revA-D10/meshsat.pretty/PanelSwitch_16mm.kicad_mod	0a623a3e226ad6174334b806b85cc4e02f26f014	1514	stale-layout	deliverable folders and review sheets of earlier layout phases (gerbers, BOM and CPL, DRC, renders, 1:1 prints); none carries the current netlist
v2/release/revA/boards/meshsat-pcb-d-revA-D10/meshsat.pretty/PanelSwitch_19mm.kicad_mod	2544a22529720cbfd41819913bfe8a522d217b31	1514	stale-layout	deliverable folders and review sheets of earlier layout phases (gerbers, BOM and CPL, DRC, renders, 1:1 prints); none carries the current netlist
v2/release/revA/boards/meshsat-pcb-d-revA-D10/meshsat.pretty/PanelToggle_DPDT.kicad_mod	f8796fa733bc66f5e2cd65cf3bfe743dc8259bbd	3533	stale-layout	deliverable folders and review sheets of earlier layout phases (gerbers, BOM and CPL, DRC, renders, 1:1 prints); none carries the current netlist
v2/release/revA/boards/meshsat-pcb-d-revA-D10/meshsat.pretty/PogoPins_2x4.kicad_mod	cb9ae20ccdc1803b624a44ff6be0787babb50f04	1514	stale-layout	deliverable folders and review sheets of earlier layout phases (gerbers, BOM and CPL, DRC, renders, 1:1 prints); none carries the current netlist
v2/release/revA/boards/meshsat-pcb-d-revA-D10/meshsat.pretty/PogoPins_2x6.kicad_mod	8705c1dca881bb048e98192cb9205567b3858eec	1921	stale-layout	deliverable folders and review sheets of earlier layout phases (gerbers, BOM and CPL, DRC, renders, 1:1 prints); none carries the current netlist
v2/release/revA/boards/meshsat-pcb-d-revA-D10/meshsat.pretty/PogoTargets_2x4.kicad_mod	f12181613f62896296bc45af4e7ac3834083dda6	1340	stale-layout	deliverable folders and review sheets of earlier layout phases (gerbers, BOM and CPL, DRC, renders, 1:1 prints); none carries the current netlist
v2/release/revA/boards/meshsat-pcb-d-revA-D10/meshsat.pretty/PogoTargets_2x6.kicad_mod	0b5028a70be47bd7156e7cd419f0b644f5aeea8d	1663	stale-layout	deliverable folders and review sheets of earlier layout phases (gerbers, BOM and CPL, DRC, renders, 1:1 prints); none carries the current netlist
v2/release/revA/boards/meshsat-pcb-d-revA-D10/meshsat.pretty/Pulse_H5007NL.kicad_mod	0365d0017c5fdefcf0c59e2f745747dd0cd2694c	3574	stale-layout	deliverable folders and review sheets of earlier layout phases (gerbers, BOM and CPL, DRC, renders, 1:1 prints); none carries the current netlist
v2/release/revA/boards/meshsat-pcb-d-revA-D10/meshsat.pretty/Quectel_LG290P.kicad_mod	ab90aab3dc4e8587536055e9f55ba474764d6e8f	8796	stale-layout	deliverable folders and review sheets of earlier layout phases (gerbers, BOM and CPL, DRC, renders, 1:1 prints); none carries the current netlist
v2/release/revA/boards/meshsat-pcb-d-revA-D10/meshsat.pretty/Radiall_SMPMAX_R222M00720.kicad_mod	8b85546846fa3c00ab365f63af42027532b2ec52	4584	stale-layout	deliverable folders and review sheets of earlier layout phases (gerbers, BOM and CPL, DRC, renders, 1:1 prints); none carries the current netlist
v2/release/revA/boards/meshsat-pcb-d-revA-D10/meshsat.pretty/Seeed_Wio-SX1262.kicad_mod	13f3ad42fc07c6d98e2b3a1ef174374bfb80672a	4015	stale-layout	deliverable folders and review sheets of earlier layout phases (gerbers, BOM and CPL, DRC, renders, 1:1 prints); none carries the current netlist
v2/release/revA/boards/meshsat-pcb-d-revA-D10/meshsat.pretty/Skyworks_SKY13351_MLPD-6_1x1mm.kicad_mod	9d715f84372f857d74f88d2b1d431771594dd4cb	1840	stale-layout	deliverable folders and review sheets of earlier layout phases (gerbers, BOM and CPL, DRC, renders, 1:1 prints); none carries the current netlist
v2/release/revA/boards/meshsat-pcb-d-revA-D10/meshsat.pretty/Slot_5x1.8_NPTH.kicad_mod	aa14174da5d277214ebb334ecbb5f0cede22eb27	428	stale-layout	deliverable folders and review sheets of earlier layout phases (gerbers, BOM and CPL, DRC, renders, 1:1 prints); none carries the current netlist
v2/release/revA/boards/meshsat-pcb-d-revA-D10/meshsat.pretty/SolderPad_8x6.kicad_mod	e54e951880f1177e8d14d774300fc58679397740	644	stale-layout	deliverable folders and review sheets of earlier layout phases (gerbers, BOM and CPL, DRC, renders, 1:1 prints); none carries the current netlist
v2/release/revA/boards/meshsat-pcb-d-revA-D10/meshsat.pretty/TQFP-128_14x14mm_P0.4mm_EP10.0.kicad_mod	cef192ea8c5b0b2a18e075ab4600c4ae5b4b2228	21663	stale-layout	deliverable folders and review sheets of earlier layout phases (gerbers, BOM and CPL, DRC, renders, 1:1 prints); none carries the current netlist
v2/release/revA/boards/meshsat-pcb-d-revA-D10/meshsat.pretty/Texas_RKS0020A_VQFN-20_2.5x4.5mm.kicad_mod	c66a44ee3e85974bdbb77db476a71181bb8f0621	3499	stale-layout	deliverable folders and review sheets of earlier layout phases (gerbers, BOM and CPL, DRC, renders, 1:1 prints); none carries the current netlist
v2/release/revA/boards/meshsat-pcb-d-revA-D10/meshsat.pretty/Texas_RQM0029A_QFN-29_4x4mm.kicad_mod	e834904a82b1f8acae5a591ee5c58a2222a76b23	8906	stale-layout	deliverable folders and review sheets of earlier layout phases (gerbers, BOM and CPL, DRC, renders, 1:1 prints); none carries the current netlist
v2/release/revA/boards/meshsat-pcb-d-revA-D10/meshsat.pretty/Texas_RQQ0011A_VQFN-HR-11_2.5x3mm.kicad_mod	413b76a1947732671281ae679d70cf692791c652	6467	stale-layout	deliverable folders and review sheets of earlier layout phases (gerbers, BOM and CPL, DRC, renders, 1:1 prints); none carries the current netlist
v2/release/revA/boards/meshsat-pcb-d-revA-D10/meshsat.pretty/Texas_RSE0010A_UQFN-10_1.5x2mm.kicad_mod	aec34c865fa1bb7f98e601f23a4d0b8115fa5d59	2291	stale-layout	deliverable folders and review sheets of earlier layout phases (gerbers, BOM and CPL, DRC, renders, 1:1 prints); none carries the current netlist
v2/release/revA/boards/meshsat-pcb-d-revA-D10/meshsat.pretty/ToggleBody_DPDT.kicad_mod	abe2f1d39c47b7b1fc6a0d89317a83fe18d4327b	1560	stale-layout	deliverable folders and review sheets of earlier layout phases (gerbers, BOM and CPL, DRC, renders, 1:1 prints); none carries the current netlist
v2/release/revA/boards/meshsat-pcb-d-revA-D10/meshsat.pretty/ToggleBody_SPDT.kicad_mod	da327469e4115214a336e2c8cda9324d1b6c816e	1308	stale-layout	deliverable folders and review sheets of earlier layout phases (gerbers, BOM and CPL, DRC, renders, 1:1 prints); none carries the current netlist
v2/release/revA/boards/meshsat-pcb-d-revA-D10/meshsat.pretty/Vishay_VEML7700.kicad_mod	5eb1038164776db9994d9cf039ba2630c767cb30	1186	stale-layout	deliverable folders and review sheets of earlier layout phases (gerbers, BOM and CPL, DRC, renders, 1:1 prints); none carries the current netlist
v2/release/revA/boards/meshsat-pcb-d-revA-D10/meshsat.pretty/WeAct_EPD_3p7.kicad_mod	4d3218b9fb116948e290dd5085abc24818cb8251	2202	stale-layout	deliverable folders and review sheets of earlier layout phases (gerbers, BOM and CPL, DRC, renders, 1:1 prints); none carries the current netlist
v2/release/revA/boards/meshsat-pcb-d-revA-D10/meshsat.pretty/WireHole_2mm.kicad_mod	4035c0334674f2bdca516ca60f29ce0361b81d7b	689	stale-layout	deliverable folders and review sheets of earlier layout phases (gerbers, BOM and CPL, DRC, renders, 1:1 prints); none carries the current netlist
v2/release/revA/boards/meshsat-pcb-d-revA-D10/meshsat.pretty/WireLands_2x6.kicad_mod	88fb8fac6ee7b88238030791e7ca12927d4625a9	1935	stale-layout	deliverable folders and review sheets of earlier layout phases (gerbers, BOM and CPL, DRC, renders, 1:1 prints); none carries the current netlist
v2/release/revA/boards/meshsat-pcb-d-revA-D10/pcb-d-aprs-1to1-bottom-mirrored.pdf	8b056277cfcfcc8819f407323e191403ce19946e	116802	stale-layout	deliverable folders and review sheets of earlier layout phases (gerbers, BOM and CPL, DRC, renders, 1:1 prints); none carries the current netlist
v2/release/revA/boards/meshsat-pcb-d-revA-D10/pcb-d-aprs-1to1-top.pdf	0a31cb413dfd440b6c2a375cfb12dd4a8c52fe79	176282	stale-layout	deliverable folders and review sheets of earlier layout phases (gerbers, BOM and CPL, DRC, renders, 1:1 prints); none carries the current netlist
v2/release/revA/boards/meshsat-pcb-d-revA-D10/pcb-d-aprs-board.sha256	677210556c6e9615efa423b002f7f89e9a19a148	65	stale-layout	deliverable folders and review sheets of earlier layout phases (gerbers, BOM and CPL, DRC, renders, 1:1 prints); none carries the current netlist
v2/release/revA/boards/meshsat-pcb-d-revA-D10/pcb-d-aprs-bom-full.csv	64e472f8e1fa65e4fe034ec7206b84e20968081a	6397	stale-layout	deliverable folders and review sheets of earlier layout phases (gerbers, BOM and CPL, DRC, renders, 1:1 prints); none carries the current netlist
v2/release/revA/boards/meshsat-pcb-d-revA-D10/pcb-d-aprs-bom.csv	f1bc0c0a960155da6e80c99579139eabc1f38fd3	5265	stale-layout	deliverable folders and review sheets of earlier layout phases (gerbers, BOM and CPL, DRC, renders, 1:1 prints); none carries the current netlist
v2/release/revA/boards/meshsat-pcb-d-revA-D10/pcb-d-aprs-bom.status	d86bac9de59abcc26bc7956c1e842237c7581859	3	stale-layout	deliverable folders and review sheets of earlier layout phases (gerbers, BOM and CPL, DRC, renders, 1:1 prints); none carries the current netlist
v2/release/revA/boards/meshsat-pcb-d-revA-D10/pcb-d-aprs-cpl.csv	728451164c8fefd08a242f6ea87f9798739757da	7966	stale-layout	deliverable folders and review sheets of earlier layout phases (gerbers, BOM and CPL, DRC, renders, 1:1 prints); none carries the current netlist
v2/release/revA/boards/meshsat-pcb-d-revA-D10/pcb-d-aprs-drc.rpt	05acfdc29dcae7f07ed3efec43f2fa62ac8d8895	23964	stale-layout	deliverable folders and review sheets of earlier layout phases (gerbers, BOM and CPL, DRC, renders, 1:1 prints); none carries the current netlist
v2/release/revA/boards/meshsat-pcb-d-revA-D10/pcb-d-aprs-gerbers.zip	7a87ea989bb7b5dde1943f3cdf9aa7999532f88f	662433	stale-layout	deliverable folders and review sheets of earlier layout phases (gerbers, BOM and CPL, DRC, renders, 1:1 prints); none carries the current netlist
v2/release/revA/boards/meshsat-pcb-d-revA-D10/pcb-d-aprs-render-bottom.png	343624cea9554fa2731aa0963b5fe77de7539a19	143652	stale-layout	deliverable folders and review sheets of earlier layout phases (gerbers, BOM and CPL, DRC, renders, 1:1 prints); none carries the current netlist
v2/release/revA/boards/meshsat-pcb-d-revA-D10/pcb-d-aprs-render-top.png	22ab4afae98a28e24285b76985378edec23251c9	235083	stale-layout	deliverable folders and review sheets of earlier layout phases (gerbers, BOM and CPL, DRC, renders, 1:1 prints); none carries the current netlist
v2/release/revA/boards/meshsat-pcb-d-revA-D10/pcb-d-aprs-schematic.pdf	d5df395da158030c9f81dc84e07b716475016880	1297087	stale-layout	deliverable folders and review sheets of earlier layout phases (gerbers, BOM and CPL, DRC, renders, 1:1 prints); none carries the current netlist
v2/release/revA/boards/meshsat-pcb-d-revA-D10/pcb-d-aprs.kicad_pcb	08b2527c48b4d7c4343944a7cfd94abeb1913e38	2504439	stale-layout	deliverable folders and review sheets of earlier layout phases (gerbers, BOM and CPL, DRC, renders, 1:1 prints); none carries the current netlist
v2/release/revA/boards/meshsat-pcb-d-revA-D10/pcb-d-aprs.kicad_pro	0c4bac082ed9497fdddcea2d6949e894f67e821f	12369	stale-layout	deliverable folders and review sheets of earlier layout phases (gerbers, BOM and CPL, DRC, renders, 1:1 prints); none carries the current netlist
v2/release/revA/boards/meshsat-pcb-d-revA-D10/pcb-d-aprs.kicad_sch	f88768e42244eb9293bad87b743ae5216a45b7ce	628853	stale-layout	deliverable folders and review sheets of earlier layout phases (gerbers, BOM and CPL, DRC, renders, 1:1 prints); none carries the current netlist
v2/release/revA/boards/meshsat-pcb-d-revA-D11/README-fab.txt	babd536d02e15423a4e01962c7943aac6cbb9f23	858	stale-layout	deliverable folders and review sheets of earlier layout phases (gerbers, BOM and CPL, DRC, renders, 1:1 prints); none carries the current netlist
v2/release/revA/boards/meshsat-pcb-d-revA-D11/meshsat.pretty/BackerScrew_M3_GND.kicad_mod	969a703459dcadfb90c646c9890937a8efd6d8a9	704	stale-layout	deliverable folders and review sheets of earlier layout phases (gerbers, BOM and CPL, DRC, renders, 1:1 prints); none carries the current netlist
v2/release/revA/boards/meshsat-pcb-d-revA-D11/meshsat.pretty/CM5_Amphenol_10164227.kicad_mod	420dacd5e3ec1a0c66b430fb525dba18d1dc2917	37300	stale-layout	deliverable folders and review sheets of earlier layout phases (gerbers, BOM and CPL, DRC, renders, 1:1 prints); none carries the current netlist
v2/release/revA/boards/meshsat-pcb-d-revA-D11/meshsat.pretty/CM5_Conn_A_10164227.kicad_mod	babefb7b93929185782ea645a07b0835ca738c07	17831	stale-layout	deliverable folders and review sheets of earlier layout phases (gerbers, BOM and CPL, DRC, renders, 1:1 prints); none carries the current netlist
v2/release/revA/boards/meshsat-pcb-d-revA-D11/meshsat.pretty/CM5_Conn_B_10164227.kicad_mod	f1a863ce6743c7cd63a13036d2b0bb8aa4dd23d1	18639	stale-layout	deliverable folders and review sheets of earlier layout phases (gerbers, BOM and CPL, DRC, renders, 1:1 prints); none carries the current netlist
v2/release/revA/boards/meshsat-pcb-d-revA-D11/meshsat.pretty/DMR858M.kicad_mod	b7eeb551102aaf3cf232a0c6261b57dd1babab12	5075	stale-layout	deliverable folders and review sheets of earlier layout phases (gerbers, BOM and CPL, DRC, renders, 1:1 prints); none carries the current netlist
v2/release/revA/boards/meshsat-pcb-d-revA-D11/meshsat.pretty/Ebyte_E22-900M30S.kicad_mod	69cdb329999d405eeb085a9587da267e9c7b5b29	3574	stale-layout	deliverable folders and review sheets of earlier layout phases (gerbers, BOM and CPL, DRC, renders, 1:1 prints); none carries the current netlist
v2/release/revA/boards/meshsat-pcb-d-revA-D11/meshsat.pretty/Ebyte_E72-2G4M20S1E.kicad_mod	d254ca6c23c8c475e80b8bed202fda372dc8ad00	7098	stale-layout	deliverable folders and review sheets of earlier layout phases (gerbers, BOM and CPL, DRC, renders, 1:1 prints); none carries the current netlist
v2/release/revA/boards/meshsat-pcb-d-revA-D11/meshsat.pretty/FrameScrew_M3_GND.kicad_mod	f92a3c2825954d6206a4affe969198fccf3a1255	950	stale-layout	deliverable folders and review sheets of earlier layout phases (gerbers, BOM and CPL, DRC, renders, 1:1 prints); none carries the current netlist
v2/release/revA/boards/meshsat-pcb-d-revA-D11/meshsat.pretty/GuardedToggle_SPDT.kicad_mod	0b93bdcd4fb501a1824a9de49059c8cc4f6af8cf	2463	stale-layout	deliverable folders and review sheets of earlier layout phases (gerbers, BOM and CPL, DRC, renders, 1:1 prints); none carries the current netlist
v2/release/revA/boards/meshsat-pcb-d-revA-D11/meshsat.pretty/GuidePin_Dock.kicad_mod	b7ea90d1631656f172b7e0570dc68d5f06551e6d	757	stale-layout	deliverable folders and review sheets of earlier layout phases (gerbers, BOM and CPL, DRC, renders, 1:1 prints); none carries the current netlist
v2/release/revA/boards/meshsat-pcb-d-revA-D11/meshsat.pretty/GuidePin_Stack.kicad_mod	6bad73715f57372d8d64c8ced5d0701583eb296a	758	stale-layout	deliverable folders and review sheets of earlier layout phases (gerbers, BOM and CPL, DRC, renders, 1:1 prints); none carries the current netlist
v2/release/revA/boards/meshsat-pcb-d-revA-D11/meshsat.pretty/Hirose_FH12-22S-0.5SH_1x22-1MP_P0.50mm_Horizontal.kicad_mod	0b67a52f9e86c229f5e76d05d0bad6fa27c9a8cd	8478	stale-layout	deliverable folders and review sheets of earlier layout phases (gerbers, BOM and CPL, DRC, renders, 1:1 prints); none carries the current netlist
v2/release/revA/boards/meshsat-pcb-d-revA-D11/meshsat.pretty/Hirose_FH34SRJ-24S.kicad_mod	fffcc0e8964fe160de31b0bb3ac0af3bef66a2a0	4027	stale-layout	deliverable folders and review sheets of earlier layout phases (gerbers, BOM and CPL, DRC, renders, 1:1 prints); none carries the current netlist
v2/release/revA/boards/meshsat-pcb-d-revA-D11/meshsat.pretty/IDC-Header_2x05_P2.54mm_Vertical_NarrowPad.kicad_mod	39ee3bb4388fbbb47907842c3da6848c2150b820	5619	stale-layout	deliverable folders and review sheets of earlier layout phases (gerbers, BOM and CPL, DRC, renders, 1:1 prints); none carries the current netlist
v2/release/revA/boards/meshsat-pcb-d-revA-D11/meshsat.pretty/IDC-Header_2x07_P2.54mm_Vertical_NarrowPad.kicad_mod	1c620b9b894ed0a9961bd0299515292c345786d8	6151	stale-layout	deliverable folders and review sheets of earlier layout phases (gerbers, BOM and CPL, DRC, renders, 1:1 prints); none carries the current netlist
v2/release/revA/boards/meshsat-pcb-d-revA-D11/meshsat.pretty/IDC-Header_2x08_P2.54mm_Vertical_NarrowPad.kicad_mod	61bab0e2646b1b9fb02fc128aa4b1ecf43ddd54f	6424	stale-layout	deliverable folders and review sheets of earlier layout phases (gerbers, BOM and CPL, DRC, renders, 1:1 prints); none carries the current netlist
v2/release/revA/boards/meshsat-pcb-d-revA-D11/meshsat.pretty/IDC-Header_2x09_P2.54mm_Vertical_NarrowPad.kicad_mod	bdbae7c0254c8a2ff7ea12b60b4ffa282bf76e39	6692	stale-layout	deliverable folders and review sheets of earlier layout phases (gerbers, BOM and CPL, DRC, renders, 1:1 prints); none carries the current netlist
v2/release/revA/boards/meshsat-pcb-d-revA-D11/meshsat.pretty/IDC-Header_2x10_P2.54mm_Vertical_NarrowPad.kicad_mod	a1a17da82ee2da5512b81af1d9b4f58dec981264	6959	stale-layout	deliverable folders and review sheets of earlier layout phases (gerbers, BOM and CPL, DRC, renders, 1:1 prints); none carries the current netlist
v2/release/revA/boards/meshsat-pcb-d-revA-D11/meshsat.pretty/IDC-Header_2x13_P2.54mm_Vertical_NarrowPad.kicad_mod	3ccffea6baf6f3fa38adb29dfd75f88d01e864c4	7764	stale-layout	deliverable folders and review sheets of earlier layout phases (gerbers, BOM and CPL, DRC, renders, 1:1 prints); none carries the current netlist
v2/release/revA/boards/meshsat-pcb-d-revA-D11/meshsat.pretty/IDC-Header_2x20_P2.54mm_Vertical_NarrowPad.kicad_mod	07f5ef3e28017ec0aa2e3b2865440f9020fbcd35	9631	stale-layout	deliverable folders and review sheets of earlier layout phases (gerbers, BOM and CPL, DRC, renders, 1:1 prints); none carries the current netlist
v2/release/revA/boards/meshsat-pcb-d-revA-D11/meshsat.pretty/LQFP-128_14x14mm_P0.4mm_EP6.0.kicad_mod	b4f32ac72c359ff96f9104f1d228d62c0340d47e	21781	stale-layout	deliverable folders and review sheets of earlier layout phases (gerbers, BOM and CPL, DRC, renders, 1:1 prints); none carries the current netlist
v2/release/revA/boards/meshsat-pcb-d-revA-D11/meshsat.pretty/LeadLands_1x02.kicad_mod	684dba90f12f0d7c586f63996de6a859f5e9104c	940	stale-layout	deliverable folders and review sheets of earlier layout phases (gerbers, BOM and CPL, DRC, renders, 1:1 prints); none carries the current netlist
v2/release/revA/boards/meshsat-pcb-d-revA-D11/meshsat.pretty/M2_B-Key_Socket_3052.kicad_mod	9d36c9d4e54be4570f4d73543a68bf7254c79832	8356	stale-layout	deliverable folders and review sheets of earlier layout phases (gerbers, BOM and CPL, DRC, renders, 1:1 prints); none carries the current netlist
v2/release/revA/boards/meshsat-pcb-d-revA-D11/meshsat.pretty/M2_E-Key_Socket_2230.kicad_mod	f535d6ccbcb8827a1ba076c8ff4d473446042c3a	11906	stale-layout	deliverable folders and review sheets of earlier layout phases (gerbers, BOM and CPL, DRC, renders, 1:1 prints); none carries the current netlist
v2/release/revA/boards/meshsat-pcb-d-revA-D11/meshsat.pretty/M2_M-Key_Socket_2242.kicad_mod	1cb336bc94bf0788b57ac315995cf9d0a460fa1b	8364	stale-layout	deliverable folders and review sheets of earlier layout phases (gerbers, BOM and CPL, DRC, renders, 1:1 prints); none carries the current netlist
v2/release/revA/boards/meshsat-pcb-d-revA-D11/meshsat.pretty/Mill-Max_0858_power_pin.kicad_mod	e7ae0538e73ccd2f68dc34445c4e96d31aaad04a	2238	stale-layout	deliverable folders and review sheets of earlier layout phases (gerbers, BOM and CPL, DRC, renders, 1:1 prints); none carries the current netlist
v2/release/revA/boards/meshsat-pcb-d-revA-D11/meshsat.pretty/Mill-Max_0858_target.kicad_mod	847341092da38e4370746c238f1ec88a109ce3a1	3349	stale-layout	deliverable folders and review sheets of earlier layout phases (gerbers, BOM and CPL, DRC, renders, 1:1 prints); none carries the current netlist
v2/release/revA/boards/meshsat-pcb-d-revA-D11/meshsat.pretty/MiniPCIe_Socket_52P_H4.0_Standoff.kicad_mod	22dfefd604c75cbf02106436d5a51850762dcefa	9992	stale-layout	deliverable folders and review sheets of earlier layout phases (gerbers, BOM and CPL, DRC, renders, 1:1 prints); none carries the current netlist
v2/release/revA/boards/meshsat-pcb-d-revA-D11/meshsat.pretty/NiceRF_SA868.kicad_mod	6d18850bc11de25f1365987feabbbe144f7b6d34	3060	stale-layout	deliverable folders and review sheets of earlier layout phases (gerbers, BOM and CPL, DRC, renders, 1:1 prints); none carries the current netlist
v2/release/revA/boards/meshsat-pcb-d-revA-D11/meshsat.pretty/PanelJack_17mm.kicad_mod	24252c51561ce62337d26bc48e3f95c2d1617b09	1860	stale-layout	deliverable folders and review sheets of earlier layout phases (gerbers, BOM and CPL, DRC, renders, 1:1 prints); none carries the current netlist
v2/release/revA/boards/meshsat-pcb-d-revA-D11/meshsat.pretty/PanelSounder.kicad_mod	1f6272b2dd125e4fb079ad7ce69c35993aa54546	1333	stale-layout	deliverable folders and review sheets of earlier layout phases (gerbers, BOM and CPL, DRC, renders, 1:1 prints); none carries the current netlist
v2/release/revA/boards/meshsat-pcb-d-revA-D11/meshsat.pretty/PanelSwitch_16mm.kicad_mod	0a623a3e226ad6174334b806b85cc4e02f26f014	1514	stale-layout	deliverable folders and review sheets of earlier layout phases (gerbers, BOM and CPL, DRC, renders, 1:1 prints); none carries the current netlist
v2/release/revA/boards/meshsat-pcb-d-revA-D11/meshsat.pretty/PanelSwitch_19mm.kicad_mod	2544a22529720cbfd41819913bfe8a522d217b31	1514	stale-layout	deliverable folders and review sheets of earlier layout phases (gerbers, BOM and CPL, DRC, renders, 1:1 prints); none carries the current netlist
v2/release/revA/boards/meshsat-pcb-d-revA-D11/meshsat.pretty/PanelToggle_DPDT.kicad_mod	f8796fa733bc66f5e2cd65cf3bfe743dc8259bbd	3533	stale-layout	deliverable folders and review sheets of earlier layout phases (gerbers, BOM and CPL, DRC, renders, 1:1 prints); none carries the current netlist
v2/release/revA/boards/meshsat-pcb-d-revA-D11/meshsat.pretty/PogoPins_2x4.kicad_mod	cb9ae20ccdc1803b624a44ff6be0787babb50f04	1514	stale-layout	deliverable folders and review sheets of earlier layout phases (gerbers, BOM and CPL, DRC, renders, 1:1 prints); none carries the current netlist
v2/release/revA/boards/meshsat-pcb-d-revA-D11/meshsat.pretty/PogoPins_2x6.kicad_mod	8705c1dca881bb048e98192cb9205567b3858eec	1921	stale-layout	deliverable folders and review sheets of earlier layout phases (gerbers, BOM and CPL, DRC, renders, 1:1 prints); none carries the current netlist
v2/release/revA/boards/meshsat-pcb-d-revA-D11/meshsat.pretty/PogoTargets_2x4.kicad_mod	f12181613f62896296bc45af4e7ac3834083dda6	1340	stale-layout	deliverable folders and review sheets of earlier layout phases (gerbers, BOM and CPL, DRC, renders, 1:1 prints); none carries the current netlist
v2/release/revA/boards/meshsat-pcb-d-revA-D11/meshsat.pretty/PogoTargets_2x6.kicad_mod	0b5028a70be47bd7156e7cd419f0b644f5aeea8d	1663	stale-layout	deliverable folders and review sheets of earlier layout phases (gerbers, BOM and CPL, DRC, renders, 1:1 prints); none carries the current netlist
v2/release/revA/boards/meshsat-pcb-d-revA-D11/meshsat.pretty/Pulse_H5007NL.kicad_mod	0365d0017c5fdefcf0c59e2f745747dd0cd2694c	3574	stale-layout	deliverable folders and review sheets of earlier layout phases (gerbers, BOM and CPL, DRC, renders, 1:1 prints); none carries the current netlist
v2/release/revA/boards/meshsat-pcb-d-revA-D11/meshsat.pretty/Quectel_LG290P.kicad_mod	ab90aab3dc4e8587536055e9f55ba474764d6e8f	8796	stale-layout	deliverable folders and review sheets of earlier layout phases (gerbers, BOM and CPL, DRC, renders, 1:1 prints); none carries the current netlist
v2/release/revA/boards/meshsat-pcb-d-revA-D11/meshsat.pretty/Radiall_SMPMAX_R222M00720.kicad_mod	8b85546846fa3c00ab365f63af42027532b2ec52	4584	stale-layout	deliverable folders and review sheets of earlier layout phases (gerbers, BOM and CPL, DRC, renders, 1:1 prints); none carries the current netlist
v2/release/revA/boards/meshsat-pcb-d-revA-D11/meshsat.pretty/Seeed_Wio-SX1262.kicad_mod	13f3ad42fc07c6d98e2b3a1ef174374bfb80672a	4015	stale-layout	deliverable folders and review sheets of earlier layout phases (gerbers, BOM and CPL, DRC, renders, 1:1 prints); none carries the current netlist
v2/release/revA/boards/meshsat-pcb-d-revA-D11/meshsat.pretty/Skyworks_SKY13351_MLPD-6_1x1mm.kicad_mod	9d715f84372f857d74f88d2b1d431771594dd4cb	1840	stale-layout	deliverable folders and review sheets of earlier layout phases (gerbers, BOM and CPL, DRC, renders, 1:1 prints); none carries the current netlist
v2/release/revA/boards/meshsat-pcb-d-revA-D11/meshsat.pretty/Slot_5x1.8_NPTH.kicad_mod	aa14174da5d277214ebb334ecbb5f0cede22eb27	428	stale-layout	deliverable folders and review sheets of earlier layout phases (gerbers, BOM and CPL, DRC, renders, 1:1 prints); none carries the current netlist
v2/release/revA/boards/meshsat-pcb-d-revA-D11/meshsat.pretty/SolderPad_8x6.kicad_mod	e54e951880f1177e8d14d774300fc58679397740	644	stale-layout	deliverable folders and review sheets of earlier layout phases (gerbers, BOM and CPL, DRC, renders, 1:1 prints); none carries the current netlist
v2/release/revA/boards/meshsat-pcb-d-revA-D11/meshsat.pretty/TQFP-128_14x14mm_P0.4mm_EP10.0.kicad_mod	cef192ea8c5b0b2a18e075ab4600c4ae5b4b2228	21663	stale-layout	deliverable folders and review sheets of earlier layout phases (gerbers, BOM and CPL, DRC, renders, 1:1 prints); none carries the current netlist
v2/release/revA/boards/meshsat-pcb-d-revA-D11/meshsat.pretty/Texas_RKS0020A_VQFN-20_2.5x4.5mm.kicad_mod	9300f208435ad56c03bddd6ce95651e0a73731c1	3541	stale-layout	deliverable folders and review sheets of earlier layout phases (gerbers, BOM and CPL, DRC, renders, 1:1 prints); none carries the current netlist
v2/release/revA/boards/meshsat-pcb-d-revA-D11/meshsat.pretty/Texas_RQM0029A_QFN-29_4x4mm.kicad_mod	e834904a82b1f8acae5a591ee5c58a2222a76b23	8906	stale-layout	deliverable folders and review sheets of earlier layout phases (gerbers, BOM and CPL, DRC, renders, 1:1 prints); none carries the current netlist
v2/release/revA/boards/meshsat-pcb-d-revA-D11/meshsat.pretty/Texas_RQQ0011A_VQFN-HR-11_2.5x3mm.kicad_mod	413b76a1947732671281ae679d70cf692791c652	6467	stale-layout	deliverable folders and review sheets of earlier layout phases (gerbers, BOM and CPL, DRC, renders, 1:1 prints); none carries the current netlist
v2/release/revA/boards/meshsat-pcb-d-revA-D11/meshsat.pretty/Texas_RSE0010A_UQFN-10_1.5x2mm.kicad_mod	d91e3d1cdf26eec817fadd3d83f7a8473cfa62c9	2333	stale-layout	deliverable folders and review sheets of earlier layout phases (gerbers, BOM and CPL, DRC, renders, 1:1 prints); none carries the current netlist
v2/release/revA/boards/meshsat-pcb-d-revA-D11/meshsat.pretty/ToggleBody_DPDT.kicad_mod	abe2f1d39c47b7b1fc6a0d89317a83fe18d4327b	1560	stale-layout	deliverable folders and review sheets of earlier layout phases (gerbers, BOM and CPL, DRC, renders, 1:1 prints); none carries the current netlist
v2/release/revA/boards/meshsat-pcb-d-revA-D11/meshsat.pretty/ToggleBody_SPDT.kicad_mod	da327469e4115214a336e2c8cda9324d1b6c816e	1308	stale-layout	deliverable folders and review sheets of earlier layout phases (gerbers, BOM and CPL, DRC, renders, 1:1 prints); none carries the current netlist
v2/release/revA/boards/meshsat-pcb-d-revA-D11/meshsat.pretty/Vishay_VEML7700.kicad_mod	5eb1038164776db9994d9cf039ba2630c767cb30	1186	stale-layout	deliverable folders and review sheets of earlier layout phases (gerbers, BOM and CPL, DRC, renders, 1:1 prints); none carries the current netlist
v2/release/revA/boards/meshsat-pcb-d-revA-D11/meshsat.pretty/WeAct_EPD_3p7.kicad_mod	4d3218b9fb116948e290dd5085abc24818cb8251	2202	stale-layout	deliverable folders and review sheets of earlier layout phases (gerbers, BOM and CPL, DRC, renders, 1:1 prints); none carries the current netlist
v2/release/revA/boards/meshsat-pcb-d-revA-D11/meshsat.pretty/WireHole_2mm.kicad_mod	4035c0334674f2bdca516ca60f29ce0361b81d7b	689	stale-layout	deliverable folders and review sheets of earlier layout phases (gerbers, BOM and CPL, DRC, renders, 1:1 prints); none carries the current netlist
v2/release/revA/boards/meshsat-pcb-d-revA-D11/meshsat.pretty/WireLands_2x6.kicad_mod	88fb8fac6ee7b88238030791e7ca12927d4625a9	1935	stale-layout	deliverable folders and review sheets of earlier layout phases (gerbers, BOM and CPL, DRC, renders, 1:1 prints); none carries the current netlist
v2/release/revA/boards/meshsat-pcb-d-revA-D11/pcb-d-aprs-1to1-bottom-mirrored.pdf	fd69be0a8ed16d1ae2dc011c0f7dab6bea0e818b	116844	stale-layout	deliverable folders and review sheets of earlier layout phases (gerbers, BOM and CPL, DRC, renders, 1:1 prints); none carries the current netlist
v2/release/revA/boards/meshsat-pcb-d-revA-D11/pcb-d-aprs-1to1-top.pdf	a73a83777ebada47d86880e0e1d54ded50ee48ba	176232	stale-layout	deliverable folders and review sheets of earlier layout phases (gerbers, BOM and CPL, DRC, renders, 1:1 prints); none carries the current netlist
v2/release/revA/boards/meshsat-pcb-d-revA-D11/pcb-d-aprs-board.sha256	e56142dc10e575cf66b60cee8da3c1d6eee298cf	65	stale-layout	deliverable folders and review sheets of earlier layout phases (gerbers, BOM and CPL, DRC, renders, 1:1 prints); none carries the current netlist
v2/release/revA/boards/meshsat-pcb-d-revA-D11/pcb-d-aprs-bom-full.csv	261bff29bc1f613da6d00141df5c140331dad0eb	6622	stale-layout	deliverable folders and review sheets of earlier layout phases (gerbers, BOM and CPL, DRC, renders, 1:1 prints); none carries the current netlist
v2/release/revA/boards/meshsat-pcb-d-revA-D11/pcb-d-aprs-bom.csv	339cfa6d53c5f7d719e7ec7b0bb32b6deaad8797	5457	stale-layout	deliverable folders and review sheets of earlier layout phases (gerbers, BOM and CPL, DRC, renders, 1:1 prints); none carries the current netlist
v2/release/revA/boards/meshsat-pcb-d-revA-D11/pcb-d-aprs-bom.status	d86bac9de59abcc26bc7956c1e842237c7581859	3	stale-layout	deliverable folders and review sheets of earlier layout phases (gerbers, BOM and CPL, DRC, renders, 1:1 prints); none carries the current netlist
v2/release/revA/boards/meshsat-pcb-d-revA-D11/pcb-d-aprs-cpl.csv	af5ea6ab7c91f2e45c99b94386adc8d0113ca38c	7966	stale-layout	deliverable folders and review sheets of earlier layout phases (gerbers, BOM and CPL, DRC, renders, 1:1 prints); none carries the current netlist
v2/release/revA/boards/meshsat-pcb-d-revA-D11/pcb-d-aprs-drc.rpt	aa27e9e0f175de503c0c21c6411a46dc5dc36826	22019	stale-layout	deliverable folders and review sheets of earlier layout phases (gerbers, BOM and CPL, DRC, renders, 1:1 prints); none carries the current netlist
v2/release/revA/boards/meshsat-pcb-d-revA-D11/pcb-d-aprs-gerbers.zip	3adee51ced292568c73023cd849fde76294189c7	620078	stale-layout	deliverable folders and review sheets of earlier layout phases (gerbers, BOM and CPL, DRC, renders, 1:1 prints); none carries the current netlist
v2/release/revA/boards/meshsat-pcb-d-revA-D11/pcb-d-aprs-render-bottom.png	5c0ec8ddad607dbc4dc87384a3899eb92eead60b	145901	stale-layout	deliverable folders and review sheets of earlier layout phases (gerbers, BOM and CPL, DRC, renders, 1:1 prints); none carries the current netlist
v2/release/revA/boards/meshsat-pcb-d-revA-D11/pcb-d-aprs-render-top.png	847b1afb4bce867bcdd17d06abe53355857fe053	249544	stale-layout	deliverable folders and review sheets of earlier layout phases (gerbers, BOM and CPL, DRC, renders, 1:1 prints); none carries the current netlist
v2/release/revA/boards/meshsat-pcb-d-revA-D11/pcb-d-aprs-schematic.pdf	613cfb1db944ad0801279b25cc45d5d2531a15db	721366	stale-layout	deliverable folders and review sheets of earlier layout phases (gerbers, BOM and CPL, DRC, renders, 1:1 prints); none carries the current netlist
v2/release/revA/boards/meshsat-pcb-d-revA-D11/pcb-d-aprs.kicad_pcb	93addd5d15bd15f35ba8770195d26f0b8e83c3ee	2370866	stale-layout	deliverable folders and review sheets of earlier layout phases (gerbers, BOM and CPL, DRC, renders, 1:1 prints); none carries the current netlist
v2/release/revA/boards/meshsat-pcb-d-revA-D11/pcb-d-aprs.kicad_pro	0c4bac082ed9497fdddcea2d6949e894f67e821f	12369	stale-layout	deliverable folders and review sheets of earlier layout phases (gerbers, BOM and CPL, DRC, renders, 1:1 prints); none carries the current netlist
v2/release/revA/boards/meshsat-pcb-d-revA-D11/pcb-d-aprs.kicad_sch	6a42a85d0bde16314fed1a61b57f57b126ff29f3	630531	stale-layout	deliverable folders and review sheets of earlier layout phases (gerbers, BOM and CPL, DRC, renders, 1:1 prints); none carries the current netlist
v2/release/revA/boards/meshsat-pcb-d-revA-D5/README-fab.txt	64c22d38814986c552a170c2e5ba0c1aa22bca21	823	stale-layout	deliverable folders and review sheets of earlier layout phases (gerbers, BOM and CPL, DRC, renders, 1:1 prints); none carries the current netlist
v2/release/revA/boards/meshsat-pcb-d-revA-D5/meshsat.pretty/DMR858M.kicad_mod	b7eeb551102aaf3cf232a0c6261b57dd1babab12	5075	stale-layout	deliverable folders and review sheets of earlier layout phases (gerbers, BOM and CPL, DRC, renders, 1:1 prints); none carries the current netlist
v2/release/revA/boards/meshsat-pcb-d-revA-D5/meshsat.pretty/GuardedToggle_SPDT.kicad_mod	38753d04eef343c53a202ffe074672c6831c8630	1527	stale-layout	deliverable folders and review sheets of earlier layout phases (gerbers, BOM and CPL, DRC, renders, 1:1 prints); none carries the current netlist
v2/release/revA/boards/meshsat-pcb-d-revA-D5/meshsat.pretty/GuidePin_Dock.kicad_mod	b7ea90d1631656f172b7e0570dc68d5f06551e6d	757	stale-layout	deliverable folders and review sheets of earlier layout phases (gerbers, BOM and CPL, DRC, renders, 1:1 prints); none carries the current netlist
v2/release/revA/boards/meshsat-pcb-d-revA-D5/meshsat.pretty/GuidePin_Stack.kicad_mod	6bad73715f57372d8d64c8ced5d0701583eb296a	758	stale-layout	deliverable folders and review sheets of earlier layout phases (gerbers, BOM and CPL, DRC, renders, 1:1 prints); none carries the current netlist
v2/release/revA/boards/meshsat-pcb-d-revA-D5/meshsat.pretty/PanelSwitch_16mm.kicad_mod	c7a9d917e01650f7a5ebcde7c136d344a6974288	1595	stale-layout	deliverable folders and review sheets of earlier layout phases (gerbers, BOM and CPL, DRC, renders, 1:1 prints); none carries the current netlist
v2/release/revA/boards/meshsat-pcb-d-revA-D5/meshsat.pretty/PanelSwitch_19mm.kicad_mod	37112e786da76317d2e8ff2e0b3d80ee791e69f7	1596	stale-layout	deliverable folders and review sheets of earlier layout phases (gerbers, BOM and CPL, DRC, renders, 1:1 prints); none carries the current netlist
v2/release/revA/boards/meshsat-pcb-d-revA-D5/meshsat.pretty/PanelToggle_DPDT.kicad_mod	b88d92738f3dfe2f5f940c0e87e12dded482960e	1786	stale-layout	deliverable folders and review sheets of earlier layout phases (gerbers, BOM and CPL, DRC, renders, 1:1 prints); none carries the current netlist
v2/release/revA/boards/meshsat-pcb-d-revA-D5/meshsat.pretty/PogoPins_2x4.kicad_mod	cb9ae20ccdc1803b624a44ff6be0787babb50f04	1514	stale-layout	deliverable folders and review sheets of earlier layout phases (gerbers, BOM and CPL, DRC, renders, 1:1 prints); none carries the current netlist
v2/release/revA/boards/meshsat-pcb-d-revA-D5/meshsat.pretty/PogoTargets_2x4.kicad_mod	f12181613f62896296bc45af4e7ac3834083dda6	1340	stale-layout	deliverable folders and review sheets of earlier layout phases (gerbers, BOM and CPL, DRC, renders, 1:1 prints); none carries the current netlist
v2/release/revA/boards/meshsat-pcb-d-revA-D5/meshsat.pretty/Slot_5x1.8_NPTH.kicad_mod	aa14174da5d277214ebb334ecbb5f0cede22eb27	428	stale-layout	deliverable folders and review sheets of earlier layout phases (gerbers, BOM and CPL, DRC, renders, 1:1 prints); none carries the current netlist
v2/release/revA/boards/meshsat-pcb-d-revA-D5/meshsat.pretty/WeAct_EPD_3p7.kicad_mod	4d3218b9fb116948e290dd5085abc24818cb8251	2202	stale-layout	deliverable folders and review sheets of earlier layout phases (gerbers, BOM and CPL, DRC, renders, 1:1 prints); none carries the current netlist
v2/release/revA/boards/meshsat-pcb-d-revA-D5/pcb-d-aprs-1to1-bottom-mirrored.pdf	f2ae9b76f9cba4904c6f450857d31285f6675ad3	80130	stale-layout	deliverable folders and review sheets of earlier layout phases (gerbers, BOM and CPL, DRC, renders, 1:1 prints); none carries the current netlist
v2/release/revA/boards/meshsat-pcb-d-revA-D5/pcb-d-aprs-1to1-top.pdf	16c6426fb57057264d06fc7950d879d22dd5183e	72941	stale-layout	deliverable folders and review sheets of earlier layout phases (gerbers, BOM and CPL, DRC, renders, 1:1 prints); none carries the current netlist
v2/release/revA/boards/meshsat-pcb-d-revA-D5/pcb-d-aprs-bom.csv	42ae886ef92eb9f1b59571a78498a2fbff9054f6	2574	stale-layout	deliverable folders and review sheets of earlier layout phases (gerbers, BOM and CPL, DRC, renders, 1:1 prints); none carries the current netlist
v2/release/revA/boards/meshsat-pcb-d-revA-D5/pcb-d-aprs-cpl.csv	d355fa379fda5830397d6f25b42d93f2ee73868a	3333	stale-layout	deliverable folders and review sheets of earlier layout phases (gerbers, BOM and CPL, DRC, renders, 1:1 prints); none carries the current netlist
v2/release/revA/boards/meshsat-pcb-d-revA-D5/pcb-d-aprs-drc.rpt	fde976f43712f25fb1d63c4f111e12e3ec26ab5f	1912	stale-layout	deliverable folders and review sheets of earlier layout phases (gerbers, BOM and CPL, DRC, renders, 1:1 prints); none carries the current netlist
v2/release/revA/boards/meshsat-pcb-d-revA-D5/pcb-d-aprs-gerbers.zip	7eefba59ad51bce5bcd4b17a32bdca41de453b88	245136	stale-layout	deliverable folders and review sheets of earlier layout phases (gerbers, BOM and CPL, DRC, renders, 1:1 prints); none carries the current netlist
v2/release/revA/boards/meshsat-pcb-d-revA-D5/pcb-d-aprs-render-bottom.png	ac6ba887f7f8944ed06cc2388853330a76131e34	107138	stale-layout	deliverable folders and review sheets of earlier layout phases (gerbers, BOM and CPL, DRC, renders, 1:1 prints); none carries the current netlist
v2/release/revA/boards/meshsat-pcb-d-revA-D5/pcb-d-aprs-render-top.png	2ae51f475e47143293c29e4d8a9c00e16ae6ccd0	120019	stale-layout	deliverable folders and review sheets of earlier layout phases (gerbers, BOM and CPL, DRC, renders, 1:1 prints); none carries the current netlist
v2/release/revA/boards/meshsat-pcb-d-revA-D5/pcb-d-aprs-schematic.pdf	ff71f039e455e875ab2333eca90ba233f25d81c8	581010	stale-layout	deliverable folders and review sheets of earlier layout phases (gerbers, BOM and CPL, DRC, renders, 1:1 prints); none carries the current netlist
v2/release/revA/boards/meshsat-pcb-d-revA-D5/pcb-d-aprs.kicad_pcb	690a5bfcd60c2d37a4afb1149545fcc8145a9699	948529	stale-layout	deliverable folders and review sheets of earlier layout phases (gerbers, BOM and CPL, DRC, renders, 1:1 prints); none carries the current netlist
v2/release/revA/boards/meshsat-pcb-d-revA-D5/pcb-d-aprs.kicad_pro	f9f650f3ea33c4f4df740e9770c850401bc4f680	10601	stale-layout	deliverable folders and review sheets of earlier layout phases (gerbers, BOM and CPL, DRC, renders, 1:1 prints); none carries the current netlist
v2/release/revA/boards/meshsat-pcb-d-revA-D5/pcb-d-aprs.kicad_sch	b7226b7e2fb15ebf8c413e40b2299465c5d8b6a2	354298	stale-layout	deliverable folders and review sheets of earlier layout phases (gerbers, BOM and CPL, DRC, renders, 1:1 prints); none carries the current netlist
v2/release/revA/boards/meshsat-pcb-d-revA-D6/README-fab.txt	d2973e636e0568f4fb29ada0f505b4d3b7822e12	667	stale-layout	deliverable folders and review sheets of earlier layout phases (gerbers, BOM and CPL, DRC, renders, 1:1 prints); none carries the current netlist
v2/release/revA/boards/meshsat-pcb-d-revA-D6/meshsat.pretty/CM5_Amphenol_10164227.kicad_mod	420dacd5e3ec1a0c66b430fb525dba18d1dc2917	37300	stale-layout	deliverable folders and review sheets of earlier layout phases (gerbers, BOM and CPL, DRC, renders, 1:1 prints); none carries the current netlist
v2/release/revA/boards/meshsat-pcb-d-revA-D6/meshsat.pretty/CM5_Conn_A_10164227.kicad_mod	babefb7b93929185782ea645a07b0835ca738c07	17831	stale-layout	deliverable folders and review sheets of earlier layout phases (gerbers, BOM and CPL, DRC, renders, 1:1 prints); none carries the current netlist
v2/release/revA/boards/meshsat-pcb-d-revA-D6/meshsat.pretty/CM5_Conn_B_10164227.kicad_mod	f1a863ce6743c7cd63a13036d2b0bb8aa4dd23d1	18639	stale-layout	deliverable folders and review sheets of earlier layout phases (gerbers, BOM and CPL, DRC, renders, 1:1 prints); none carries the current netlist
v2/release/revA/boards/meshsat-pcb-d-revA-D6/meshsat.pretty/DMR858M.kicad_mod	b7eeb551102aaf3cf232a0c6261b57dd1babab12	5075	stale-layout	deliverable folders and review sheets of earlier layout phases (gerbers, BOM and CPL, DRC, renders, 1:1 prints); none carries the current netlist
v2/release/revA/boards/meshsat-pcb-d-revA-D6/meshsat.pretty/Ebyte_E72-2G4M20S1E.kicad_mod	d254ca6c23c8c475e80b8bed202fda372dc8ad00	7098	stale-layout	deliverable folders and review sheets of earlier layout phases (gerbers, BOM and CPL, DRC, renders, 1:1 prints); none carries the current netlist
v2/release/revA/boards/meshsat-pcb-d-revA-D6/meshsat.pretty/FrameScrew_M3_GND.kicad_mod	f92a3c2825954d6206a4affe969198fccf3a1255	950	stale-layout	deliverable folders and review sheets of earlier layout phases (gerbers, BOM and CPL, DRC, renders, 1:1 prints); none carries the current netlist
v2/release/revA/boards/meshsat-pcb-d-revA-D6/meshsat.pretty/GuardedToggle_SPDT.kicad_mod	0b93bdcd4fb501a1824a9de49059c8cc4f6af8cf	2463	stale-layout	deliverable folders and review sheets of earlier layout phases (gerbers, BOM and CPL, DRC, renders, 1:1 prints); none carries the current netlist
v2/release/revA/boards/meshsat-pcb-d-revA-D6/meshsat.pretty/GuidePin_Dock.kicad_mod	b7ea90d1631656f172b7e0570dc68d5f06551e6d	757	stale-layout	deliverable folders and review sheets of earlier layout phases (gerbers, BOM and CPL, DRC, renders, 1:1 prints); none carries the current netlist
v2/release/revA/boards/meshsat-pcb-d-revA-D6/meshsat.pretty/GuidePin_Stack.kicad_mod	6bad73715f57372d8d64c8ced5d0701583eb296a	758	stale-layout	deliverable folders and review sheets of earlier layout phases (gerbers, BOM and CPL, DRC, renders, 1:1 prints); none carries the current netlist
v2/release/revA/boards/meshsat-pcb-d-revA-D6/meshsat.pretty/Hirose_FH12-22S-0.5SH_1x22-1MP_P0.50mm_Horizontal.kicad_mod	0b67a52f9e86c229f5e76d05d0bad6fa27c9a8cd	8478	stale-layout	deliverable folders and review sheets of earlier layout phases (gerbers, BOM and CPL, DRC, renders, 1:1 prints); none carries the current netlist
v2/release/revA/boards/meshsat-pcb-d-revA-D6/meshsat.pretty/LeadLands_1x02.kicad_mod	684dba90f12f0d7c586f63996de6a859f5e9104c	940	stale-layout	deliverable folders and review sheets of earlier layout phases (gerbers, BOM and CPL, DRC, renders, 1:1 prints); none carries the current netlist
v2/release/revA/boards/meshsat-pcb-d-revA-D6/meshsat.pretty/Mill-Max_0858_power_pin.kicad_mod	e7ae0538e73ccd2f68dc34445c4e96d31aaad04a	2238	stale-layout	deliverable folders and review sheets of earlier layout phases (gerbers, BOM and CPL, DRC, renders, 1:1 prints); none carries the current netlist
v2/release/revA/boards/meshsat-pcb-d-revA-D6/meshsat.pretty/Mill-Max_0858_target.kicad_mod	25a2f357d15b3e5461a3a06b60fae4716e12ddf5	3689	stale-layout	deliverable folders and review sheets of earlier layout phases (gerbers, BOM and CPL, DRC, renders, 1:1 prints); none carries the current netlist
v2/release/revA/boards/meshsat-pcb-d-revA-D6/meshsat.pretty/MiniPCIe_Socket_52P_H4.0_Standoff.kicad_mod	22dfefd604c75cbf02106436d5a51850762dcefa	9992	stale-layout	deliverable folders and review sheets of earlier layout phases (gerbers, BOM and CPL, DRC, renders, 1:1 prints); none carries the current netlist
v2/release/revA/boards/meshsat-pcb-d-revA-D6/meshsat.pretty/PanelSounder.kicad_mod	a19c1e3dbcf98b697df2802f871938b701b7bf06	1333	stale-layout	deliverable folders and review sheets of earlier layout phases (gerbers, BOM and CPL, DRC, renders, 1:1 prints); none carries the current netlist
v2/release/revA/boards/meshsat-pcb-d-revA-D6/meshsat.pretty/PanelSwitch_16mm.kicad_mod	0a623a3e226ad6174334b806b85cc4e02f26f014	1514	stale-layout	deliverable folders and review sheets of earlier layout phases (gerbers, BOM and CPL, DRC, renders, 1:1 prints); none carries the current netlist
v2/release/revA/boards/meshsat-pcb-d-revA-D6/meshsat.pretty/PanelSwitch_19mm.kicad_mod	2544a22529720cbfd41819913bfe8a522d217b31	1514	stale-layout	deliverable folders and review sheets of earlier layout phases (gerbers, BOM and CPL, DRC, renders, 1:1 prints); none carries the current netlist
v2/release/revA/boards/meshsat-pcb-d-revA-D6/meshsat.pretty/PanelToggle_DPDT.kicad_mod	f8796fa733bc66f5e2cd65cf3bfe743dc8259bbd	3533	stale-layout	deliverable folders and review sheets of earlier layout phases (gerbers, BOM and CPL, DRC, renders, 1:1 prints); none carries the current netlist
v2/release/revA/boards/meshsat-pcb-d-revA-D6/meshsat.pretty/PogoPins_2x4.kicad_mod	cb9ae20ccdc1803b624a44ff6be0787babb50f04	1514	stale-layout	deliverable folders and review sheets of earlier layout phases (gerbers, BOM and CPL, DRC, renders, 1:1 prints); none carries the current netlist
v2/release/revA/boards/meshsat-pcb-d-revA-D6/meshsat.pretty/PogoPins_2x6.kicad_mod	8705c1dca881bb048e98192cb9205567b3858eec	1921	stale-layout	deliverable folders and review sheets of earlier layout phases (gerbers, BOM and CPL, DRC, renders, 1:1 prints); none carries the current netlist
v2/release/revA/boards/meshsat-pcb-d-revA-D6/meshsat.pretty/PogoTargets_2x4.kicad_mod	f12181613f62896296bc45af4e7ac3834083dda6	1340	stale-layout	deliverable folders and review sheets of earlier layout phases (gerbers, BOM and CPL, DRC, renders, 1:1 prints); none carries the current netlist
v2/release/revA/boards/meshsat-pcb-d-revA-D6/meshsat.pretty/PogoTargets_2x6.kicad_mod	0b5028a70be47bd7156e7cd419f0b644f5aeea8d	1663	stale-layout	deliverable folders and review sheets of earlier layout phases (gerbers, BOM and CPL, DRC, renders, 1:1 prints); none carries the current netlist
v2/release/revA/boards/meshsat-pcb-d-revA-D6/meshsat.pretty/Radiall_SMPMAX_R222M00720.kicad_mod	8b85546846fa3c00ab365f63af42027532b2ec52	4584	stale-layout	deliverable folders and review sheets of earlier layout phases (gerbers, BOM and CPL, DRC, renders, 1:1 prints); none carries the current netlist
v2/release/revA/boards/meshsat-pcb-d-revA-D6/meshsat.pretty/Seeed_Wio-SX1262.kicad_mod	13f3ad42fc07c6d98e2b3a1ef174374bfb80672a	4015	stale-layout	deliverable folders and review sheets of earlier layout phases (gerbers, BOM and CPL, DRC, renders, 1:1 prints); none carries the current netlist
v2/release/revA/boards/meshsat-pcb-d-revA-D6/meshsat.pretty/Slot_5x1.8_NPTH.kicad_mod	aa14174da5d277214ebb334ecbb5f0cede22eb27	428	stale-layout	deliverable folders and review sheets of earlier layout phases (gerbers, BOM and CPL, DRC, renders, 1:1 prints); none carries the current netlist
v2/release/revA/boards/meshsat-pcb-d-revA-D6/meshsat.pretty/SolderPad_8x6.kicad_mod	e54e951880f1177e8d14d774300fc58679397740	644	stale-layout	deliverable folders and review sheets of earlier layout phases (gerbers, BOM and CPL, DRC, renders, 1:1 prints); none carries the current netlist
v2/release/revA/boards/meshsat-pcb-d-revA-D6/meshsat.pretty/Texas_RQM0029A_QFN-29_4x4mm.kicad_mod	e834904a82b1f8acae5a591ee5c58a2222a76b23	8906	stale-layout	deliverable folders and review sheets of earlier layout phases (gerbers, BOM and CPL, DRC, renders, 1:1 prints); none carries the current netlist
v2/release/revA/boards/meshsat-pcb-d-revA-D6/meshsat.pretty/Texas_RQQ0011A_VQFN-HR-11_2.5x3mm.kicad_mod	413b76a1947732671281ae679d70cf692791c652	6467	stale-layout	deliverable folders and review sheets of earlier layout phases (gerbers, BOM and CPL, DRC, renders, 1:1 prints); none carries the current netlist
v2/release/revA/boards/meshsat-pcb-d-revA-D6/meshsat.pretty/WeAct_EPD_3p7.kicad_mod	4d3218b9fb116948e290dd5085abc24818cb8251	2202	stale-layout	deliverable folders and review sheets of earlier layout phases (gerbers, BOM and CPL, DRC, renders, 1:1 prints); none carries the current netlist
v2/release/revA/boards/meshsat-pcb-d-revA-D6/meshsat.pretty/WireHole_2mm.kicad_mod	4035c0334674f2bdca516ca60f29ce0361b81d7b	689	stale-layout	deliverable folders and review sheets of earlier layout phases (gerbers, BOM and CPL, DRC, renders, 1:1 prints); none carries the current netlist
v2/release/revA/boards/meshsat-pcb-d-revA-D6/meshsat.pretty/WireLands_2x6.kicad_mod	88fb8fac6ee7b88238030791e7ca12927d4625a9	1935	stale-layout	deliverable folders and review sheets of earlier layout phases (gerbers, BOM and CPL, DRC, renders, 1:1 prints); none carries the current netlist
v2/release/revA/boards/meshsat-pcb-d-revA-D6/pcb-d-aprs-1to1-bottom-mirrored.pdf	6d16e10d56c837633205f5db4233144bde045fbc	74594	stale-layout	deliverable folders and review sheets of earlier layout phases (gerbers, BOM and CPL, DRC, renders, 1:1 prints); none carries the current netlist
v2/release/revA/boards/meshsat-pcb-d-revA-D6/pcb-d-aprs-1to1-top.pdf	74a1d2299630520fecb620714018c65801eab982	66179	stale-layout	deliverable folders and review sheets of earlier layout phases (gerbers, BOM and CPL, DRC, renders, 1:1 prints); none carries the current netlist
v2/release/revA/boards/meshsat-pcb-d-revA-D6/pcb-d-aprs-bom.csv	ed49f0d858c962159c183fa5fa8f5122254cbc89	2727	stale-layout	deliverable folders and review sheets of earlier layout phases (gerbers, BOM and CPL, DRC, renders, 1:1 prints); none carries the current netlist
v2/release/revA/boards/meshsat-pcb-d-revA-D6/pcb-d-aprs-cpl.csv	de11f929d262d7a1277682bba830f236ea34b592	2714	stale-layout	deliverable folders and review sheets of earlier layout phases (gerbers, BOM and CPL, DRC, renders, 1:1 prints); none carries the current netlist
v2/release/revA/boards/meshsat-pcb-d-revA-D6/pcb-d-aprs-drc.rpt	35a762494d6bc7120e03b48721f32835103bb878	2452	stale-layout	deliverable folders and review sheets of earlier layout phases (gerbers, BOM and CPL, DRC, renders, 1:1 prints); none carries the current netlist
v2/release/revA/boards/meshsat-pcb-d-revA-D6/pcb-d-aprs-gerbers.zip	0800632ebc1d621b246c56018432972814e1324b	224591	stale-layout	deliverable folders and review sheets of earlier layout phases (gerbers, BOM and CPL, DRC, renders, 1:1 prints); none carries the current netlist
v2/release/revA/boards/meshsat-pcb-d-revA-D6/pcb-d-aprs-render-bottom.png	55bcdc6dd45477790e9d791558035d19a2c9c4d4	112794	stale-layout	deliverable folders and review sheets of earlier layout phases (gerbers, BOM and CPL, DRC, renders, 1:1 prints); none carries the current netlist
v2/release/revA/boards/meshsat-pcb-d-revA-D6/pcb-d-aprs-render-top.png	2d7fb5b8c812d6cd488fce1b1dde27952bf727d7	112386	stale-layout	deliverable folders and review sheets of earlier layout phases (gerbers, BOM and CPL, DRC, renders, 1:1 prints); none carries the current netlist
v2/release/revA/boards/meshsat-pcb-d-revA-D6/pcb-d-aprs-schematic.pdf	aecefa0591a88c296340bd4a43b44932979c6966	564269	stale-layout	deliverable folders and review sheets of earlier layout phases (gerbers, BOM and CPL, DRC, renders, 1:1 prints); none carries the current netlist
v2/release/revA/boards/meshsat-pcb-d-revA-D6/pcb-d-aprs.kicad_pcb	dc8420f2ebf7c4921d062fdf507dd60a01cb035d	752968	stale-layout	deliverable folders and review sheets of earlier layout phases (gerbers, BOM and CPL, DRC, renders, 1:1 prints); none carries the current netlist
v2/release/revA/boards/meshsat-pcb-d-revA-D6/pcb-d-aprs.kicad_pro	3c1d396e069db259a98d1fde4dd396bfcc67bc95	10600	stale-layout	deliverable folders and review sheets of earlier layout phases (gerbers, BOM and CPL, DRC, renders, 1:1 prints); none carries the current netlist
v2/release/revA/boards/meshsat-pcb-d-revA-D6/pcb-d-aprs.kicad_sch	7fb8df27957701cac9ced8573335254255cb7f86	306856	stale-layout	deliverable folders and review sheets of earlier layout phases (gerbers, BOM and CPL, DRC, renders, 1:1 prints); none carries the current netlist
v2/release/revA/boards/meshsat-pcb-d-revA-D7/README-fab.txt	90fceab9ed5a11e0c9c2498d5295ae5fe42aa8f8	667	stale-layout	deliverable folders and review sheets of earlier layout phases (gerbers, BOM and CPL, DRC, renders, 1:1 prints); none carries the current netlist
v2/release/revA/boards/meshsat-pcb-d-revA-D7/meshsat.pretty/CM5_Amphenol_10164227.kicad_mod	420dacd5e3ec1a0c66b430fb525dba18d1dc2917	37300	stale-layout	deliverable folders and review sheets of earlier layout phases (gerbers, BOM and CPL, DRC, renders, 1:1 prints); none carries the current netlist
v2/release/revA/boards/meshsat-pcb-d-revA-D7/meshsat.pretty/CM5_Conn_A_10164227.kicad_mod	babefb7b93929185782ea645a07b0835ca738c07	17831	stale-layout	deliverable folders and review sheets of earlier layout phases (gerbers, BOM and CPL, DRC, renders, 1:1 prints); none carries the current netlist
v2/release/revA/boards/meshsat-pcb-d-revA-D7/meshsat.pretty/CM5_Conn_B_10164227.kicad_mod	f1a863ce6743c7cd63a13036d2b0bb8aa4dd23d1	18639	stale-layout	deliverable folders and review sheets of earlier layout phases (gerbers, BOM and CPL, DRC, renders, 1:1 prints); none carries the current netlist
v2/release/revA/boards/meshsat-pcb-d-revA-D7/meshsat.pretty/DMR858M.kicad_mod	b7eeb551102aaf3cf232a0c6261b57dd1babab12	5075	stale-layout	deliverable folders and review sheets of earlier layout phases (gerbers, BOM and CPL, DRC, renders, 1:1 prints); none carries the current netlist
v2/release/revA/boards/meshsat-pcb-d-revA-D7/meshsat.pretty/Ebyte_E72-2G4M20S1E.kicad_mod	d254ca6c23c8c475e80b8bed202fda372dc8ad00	7098	stale-layout	deliverable folders and review sheets of earlier layout phases (gerbers, BOM and CPL, DRC, renders, 1:1 prints); none carries the current netlist
v2/release/revA/boards/meshsat-pcb-d-revA-D7/meshsat.pretty/FrameScrew_M3_GND.kicad_mod	f92a3c2825954d6206a4affe969198fccf3a1255	950	stale-layout	deliverable folders and review sheets of earlier layout phases (gerbers, BOM and CPL, DRC, renders, 1:1 prints); none carries the current netlist
v2/release/revA/boards/meshsat-pcb-d-revA-D7/meshsat.pretty/GuardedToggle_SPDT.kicad_mod	0b93bdcd4fb501a1824a9de49059c8cc4f6af8cf	2463	stale-layout	deliverable folders and review sheets of earlier layout phases (gerbers, BOM and CPL, DRC, renders, 1:1 prints); none carries the current netlist
v2/release/revA/boards/meshsat-pcb-d-revA-D7/meshsat.pretty/GuidePin_Dock.kicad_mod	b7ea90d1631656f172b7e0570dc68d5f06551e6d	757	stale-layout	deliverable folders and review sheets of earlier layout phases (gerbers, BOM and CPL, DRC, renders, 1:1 prints); none carries the current netlist
v2/release/revA/boards/meshsat-pcb-d-revA-D7/meshsat.pretty/GuidePin_Stack.kicad_mod	6bad73715f57372d8d64c8ced5d0701583eb296a	758	stale-layout	deliverable folders and review sheets of earlier layout phases (gerbers, BOM and CPL, DRC, renders, 1:1 prints); none carries the current netlist
v2/release/revA/boards/meshsat-pcb-d-revA-D7/meshsat.pretty/Hirose_FH12-22S-0.5SH_1x22-1MP_P0.50mm_Horizontal.kicad_mod	0b67a52f9e86c229f5e76d05d0bad6fa27c9a8cd	8478	stale-layout	deliverable folders and review sheets of earlier layout phases (gerbers, BOM and CPL, DRC, renders, 1:1 prints); none carries the current netlist
v2/release/revA/boards/meshsat-pcb-d-revA-D7/meshsat.pretty/LeadLands_1x02.kicad_mod	684dba90f12f0d7c586f63996de6a859f5e9104c	940	stale-layout	deliverable folders and review sheets of earlier layout phases (gerbers, BOM and CPL, DRC, renders, 1:1 prints); none carries the current netlist
v2/release/revA/boards/meshsat-pcb-d-revA-D7/meshsat.pretty/M2_E-Key_Socket_2230.kicad_mod	f535d6ccbcb8827a1ba076c8ff4d473446042c3a	11906	stale-layout	deliverable folders and review sheets of earlier layout phases (gerbers, BOM and CPL, DRC, renders, 1:1 prints); none carries the current netlist
v2/release/revA/boards/meshsat-pcb-d-revA-D7/meshsat.pretty/Mill-Max_0858_power_pin.kicad_mod	e7ae0538e73ccd2f68dc34445c4e96d31aaad04a	2238	stale-layout	deliverable folders and review sheets of earlier layout phases (gerbers, BOM and CPL, DRC, renders, 1:1 prints); none carries the current netlist
v2/release/revA/boards/meshsat-pcb-d-revA-D7/meshsat.pretty/Mill-Max_0858_target.kicad_mod	847341092da38e4370746c238f1ec88a109ce3a1	3349	stale-layout	deliverable folders and review sheets of earlier layout phases (gerbers, BOM and CPL, DRC, renders, 1:1 prints); none carries the current netlist
v2/release/revA/boards/meshsat-pcb-d-revA-D7/meshsat.pretty/MiniPCIe_Socket_52P_H4.0_Standoff.kicad_mod	22dfefd604c75cbf02106436d5a51850762dcefa	9992	stale-layout	deliverable folders and review sheets of earlier layout phases (gerbers, BOM and CPL, DRC, renders, 1:1 prints); none carries the current netlist
v2/release/revA/boards/meshsat-pcb-d-revA-D7/meshsat.pretty/PanelSounder.kicad_mod	a19c1e3dbcf98b697df2802f871938b701b7bf06	1333	stale-layout	deliverable folders and review sheets of earlier layout phases (gerbers, BOM and CPL, DRC, renders, 1:1 prints); none carries the current netlist
v2/release/revA/boards/meshsat-pcb-d-revA-D7/meshsat.pretty/PanelSwitch_16mm.kicad_mod	0a623a3e226ad6174334b806b85cc4e02f26f014	1514	stale-layout	deliverable folders and review sheets of earlier layout phases (gerbers, BOM and CPL, DRC, renders, 1:1 prints); none carries the current netlist
v2/release/revA/boards/meshsat-pcb-d-revA-D7/meshsat.pretty/PanelSwitch_19mm.kicad_mod	2544a22529720cbfd41819913bfe8a522d217b31	1514	stale-layout	deliverable folders and review sheets of earlier layout phases (gerbers, BOM and CPL, DRC, renders, 1:1 prints); none carries the current netlist
v2/release/revA/boards/meshsat-pcb-d-revA-D7/meshsat.pretty/PanelToggle_DPDT.kicad_mod	f8796fa733bc66f5e2cd65cf3bfe743dc8259bbd	3533	stale-layout	deliverable folders and review sheets of earlier layout phases (gerbers, BOM and CPL, DRC, renders, 1:1 prints); none carries the current netlist
v2/release/revA/boards/meshsat-pcb-d-revA-D7/meshsat.pretty/PogoPins_2x4.kicad_mod	cb9ae20ccdc1803b624a44ff6be0787babb50f04	1514	stale-layout	deliverable folders and review sheets of earlier layout phases (gerbers, BOM and CPL, DRC, renders, 1:1 prints); none carries the current netlist
v2/release/revA/boards/meshsat-pcb-d-revA-D7/meshsat.pretty/PogoPins_2x6.kicad_mod	8705c1dca881bb048e98192cb9205567b3858eec	1921	stale-layout	deliverable folders and review sheets of earlier layout phases (gerbers, BOM and CPL, DRC, renders, 1:1 prints); none carries the current netlist
v2/release/revA/boards/meshsat-pcb-d-revA-D7/meshsat.pretty/PogoTargets_2x4.kicad_mod	f12181613f62896296bc45af4e7ac3834083dda6	1340	stale-layout	deliverable folders and review sheets of earlier layout phases (gerbers, BOM and CPL, DRC, renders, 1:1 prints); none carries the current netlist
v2/release/revA/boards/meshsat-pcb-d-revA-D7/meshsat.pretty/PogoTargets_2x6.kicad_mod	0b5028a70be47bd7156e7cd419f0b644f5aeea8d	1663	stale-layout	deliverable folders and review sheets of earlier layout phases (gerbers, BOM and CPL, DRC, renders, 1:1 prints); none carries the current netlist
v2/release/revA/boards/meshsat-pcb-d-revA-D7/meshsat.pretty/Radiall_SMPMAX_R222M00720.kicad_mod	8b85546846fa3c00ab365f63af42027532b2ec52	4584	stale-layout	deliverable folders and review sheets of earlier layout phases (gerbers, BOM and CPL, DRC, renders, 1:1 prints); none carries the current netlist
v2/release/revA/boards/meshsat-pcb-d-revA-D7/meshsat.pretty/Seeed_Wio-SX1262.kicad_mod	13f3ad42fc07c6d98e2b3a1ef174374bfb80672a	4015	stale-layout	deliverable folders and review sheets of earlier layout phases (gerbers, BOM and CPL, DRC, renders, 1:1 prints); none carries the current netlist
v2/release/revA/boards/meshsat-pcb-d-revA-D7/meshsat.pretty/Slot_5x1.8_NPTH.kicad_mod	aa14174da5d277214ebb334ecbb5f0cede22eb27	428	stale-layout	deliverable folders and review sheets of earlier layout phases (gerbers, BOM and CPL, DRC, renders, 1:1 prints); none carries the current netlist
v2/release/revA/boards/meshsat-pcb-d-revA-D7/meshsat.pretty/SolderPad_8x6.kicad_mod	e54e951880f1177e8d14d774300fc58679397740	644	stale-layout	deliverable folders and review sheets of earlier layout phases (gerbers, BOM and CPL, DRC, renders, 1:1 prints); none carries the current netlist
v2/release/revA/boards/meshsat-pcb-d-revA-D7/meshsat.pretty/Texas_RQM0029A_QFN-29_4x4mm.kicad_mod	e834904a82b1f8acae5a591ee5c58a2222a76b23	8906	stale-layout	deliverable folders and review sheets of earlier layout phases (gerbers, BOM and CPL, DRC, renders, 1:1 prints); none carries the current netlist
v2/release/revA/boards/meshsat-pcb-d-revA-D7/meshsat.pretty/Texas_RQQ0011A_VQFN-HR-11_2.5x3mm.kicad_mod	413b76a1947732671281ae679d70cf692791c652	6467	stale-layout	deliverable folders and review sheets of earlier layout phases (gerbers, BOM and CPL, DRC, renders, 1:1 prints); none carries the current netlist
v2/release/revA/boards/meshsat-pcb-d-revA-D7/meshsat.pretty/WeAct_EPD_3p7.kicad_mod	4d3218b9fb116948e290dd5085abc24818cb8251	2202	stale-layout	deliverable folders and review sheets of earlier layout phases (gerbers, BOM and CPL, DRC, renders, 1:1 prints); none carries the current netlist
v2/release/revA/boards/meshsat-pcb-d-revA-D7/meshsat.pretty/WireHole_2mm.kicad_mod	4035c0334674f2bdca516ca60f29ce0361b81d7b	689	stale-layout	deliverable folders and review sheets of earlier layout phases (gerbers, BOM and CPL, DRC, renders, 1:1 prints); none carries the current netlist
v2/release/revA/boards/meshsat-pcb-d-revA-D7/meshsat.pretty/WireLands_2x6.kicad_mod	88fb8fac6ee7b88238030791e7ca12927d4625a9	1935	stale-layout	deliverable folders and review sheets of earlier layout phases (gerbers, BOM and CPL, DRC, renders, 1:1 prints); none carries the current netlist
v2/release/revA/boards/meshsat-pcb-d-revA-D7/pcb-d-aprs-1to1-bottom-mirrored.pdf	3bf0c83f5191b458200e2f1061983fab62be8630	75714	stale-layout	deliverable folders and review sheets of earlier layout phases (gerbers, BOM and CPL, DRC, renders, 1:1 prints); none carries the current netlist
v2/release/revA/boards/meshsat-pcb-d-revA-D7/pcb-d-aprs-1to1-top.pdf	4b45500b47f58c432e4986544d0c2e24ba02f537	69418	stale-layout	deliverable folders and review sheets of earlier layout phases (gerbers, BOM and CPL, DRC, renders, 1:1 prints); none carries the current netlist
v2/release/revA/boards/meshsat-pcb-d-revA-D7/pcb-d-aprs-bom.csv	83d91053c69f7bf2f7ce6cc8034da90f1731947d	2241	stale-layout	deliverable folders and review sheets of earlier layout phases (gerbers, BOM and CPL, DRC, renders, 1:1 prints); none carries the current netlist
v2/release/revA/boards/meshsat-pcb-d-revA-D7/pcb-d-aprs-cpl.csv	f3d04d38c4b80121684b454a3d407de91cff6374	3221	stale-layout	deliverable folders and review sheets of earlier layout phases (gerbers, BOM and CPL, DRC, renders, 1:1 prints); none carries the current netlist
v2/release/revA/boards/meshsat-pcb-d-revA-D7/pcb-d-aprs-drc.rpt	9099fdb19e25dbb3f8efe3bcc6aeaa5cb21dc514	3993	stale-layout	deliverable folders and review sheets of earlier layout phases (gerbers, BOM and CPL, DRC, renders, 1:1 prints); none carries the current netlist
v2/release/revA/boards/meshsat-pcb-d-revA-D7/pcb-d-aprs-gerbers.zip	3100a799bfaa362ff5a2606153fea486ede5cbf2	242500	stale-layout	deliverable folders and review sheets of earlier layout phases (gerbers, BOM and CPL, DRC, renders, 1:1 prints); none carries the current netlist
v2/release/revA/boards/meshsat-pcb-d-revA-D7/pcb-d-aprs-render-bottom.png	9624420def3b5ca3694558b73270ff88539e0089	119077	stale-layout	deliverable folders and review sheets of earlier layout phases (gerbers, BOM and CPL, DRC, renders, 1:1 prints); none carries the current netlist
v2/release/revA/boards/meshsat-pcb-d-revA-D7/pcb-d-aprs-render-top.png	cb060e5606dd36bd31fd14e99bff596f45d82e3d	122844	stale-layout	deliverable folders and review sheets of earlier layout phases (gerbers, BOM and CPL, DRC, renders, 1:1 prints); none carries the current netlist
v2/release/revA/boards/meshsat-pcb-d-revA-D7/pcb-d-aprs-schematic.pdf	c23000881e59a1e2592439cb9cb0fca259f455f0	604735	stale-layout	deliverable folders and review sheets of earlier layout phases (gerbers, BOM and CPL, DRC, renders, 1:1 prints); none carries the current netlist
v2/release/revA/boards/meshsat-pcb-d-revA-D7/pcb-d-aprs.kicad_pcb	3af304e2655fc122cde94742bf26fcfce49ca15d	838516	stale-layout	deliverable folders and review sheets of earlier layout phases (gerbers, BOM and CPL, DRC, renders, 1:1 prints); none carries the current netlist
v2/release/revA/boards/meshsat-pcb-d-revA-D7/pcb-d-aprs.kicad_pro	a7dc2aa8c39baa0194b4a659a938e44b38af1240	11323	stale-layout	deliverable folders and review sheets of earlier layout phases (gerbers, BOM and CPL, DRC, renders, 1:1 prints); none carries the current netlist
v2/release/revA/boards/meshsat-pcb-d-revA-D7/pcb-d-aprs.kicad_sch	c98848f487c08a9249eee264b51fe2c4c5a1bb3f	334264	stale-layout	deliverable folders and review sheets of earlier layout phases (gerbers, BOM and CPL, DRC, renders, 1:1 prints); none carries the current netlist
v2/release/revA/boards/meshsat-pcb-d-revA-D8/README-fab.txt	1131bf439a2c79db2be71751ce1ef1661e469691	848	stale-layout	deliverable folders and review sheets of earlier layout phases (gerbers, BOM and CPL, DRC, renders, 1:1 prints); none carries the current netlist
v2/release/revA/boards/meshsat-pcb-d-revA-D8/meshsat.pretty/BackerScrew_M3_GND.kicad_mod	969a703459dcadfb90c646c9890937a8efd6d8a9	704	stale-layout	deliverable folders and review sheets of earlier layout phases (gerbers, BOM and CPL, DRC, renders, 1:1 prints); none carries the current netlist
v2/release/revA/boards/meshsat-pcb-d-revA-D8/meshsat.pretty/CM5_Amphenol_10164227.kicad_mod	420dacd5e3ec1a0c66b430fb525dba18d1dc2917	37300	stale-layout	deliverable folders and review sheets of earlier layout phases (gerbers, BOM and CPL, DRC, renders, 1:1 prints); none carries the current netlist
v2/release/revA/boards/meshsat-pcb-d-revA-D8/meshsat.pretty/CM5_Conn_A_10164227.kicad_mod	babefb7b93929185782ea645a07b0835ca738c07	17831	stale-layout	deliverable folders and review sheets of earlier layout phases (gerbers, BOM and CPL, DRC, renders, 1:1 prints); none carries the current netlist
v2/release/revA/boards/meshsat-pcb-d-revA-D8/meshsat.pretty/CM5_Conn_B_10164227.kicad_mod	f1a863ce6743c7cd63a13036d2b0bb8aa4dd23d1	18639	stale-layout	deliverable folders and review sheets of earlier layout phases (gerbers, BOM and CPL, DRC, renders, 1:1 prints); none carries the current netlist
v2/release/revA/boards/meshsat-pcb-d-revA-D8/meshsat.pretty/DMR858M.kicad_mod	b7eeb551102aaf3cf232a0c6261b57dd1babab12	5075	stale-layout	deliverable folders and review sheets of earlier layout phases (gerbers, BOM and CPL, DRC, renders, 1:1 prints); none carries the current netlist
v2/release/revA/boards/meshsat-pcb-d-revA-D8/meshsat.pretty/Ebyte_E22-900M30S.kicad_mod	69cdb329999d405eeb085a9587da267e9c7b5b29	3574	stale-layout	deliverable folders and review sheets of earlier layout phases (gerbers, BOM and CPL, DRC, renders, 1:1 prints); none carries the current netlist
v2/release/revA/boards/meshsat-pcb-d-revA-D8/meshsat.pretty/Ebyte_E72-2G4M20S1E.kicad_mod	d254ca6c23c8c475e80b8bed202fda372dc8ad00	7098	stale-layout	deliverable folders and review sheets of earlier layout phases (gerbers, BOM and CPL, DRC, renders, 1:1 prints); none carries the current netlist
v2/release/revA/boards/meshsat-pcb-d-revA-D8/meshsat.pretty/FrameScrew_M3_GND.kicad_mod	f92a3c2825954d6206a4affe969198fccf3a1255	950	stale-layout	deliverable folders and review sheets of earlier layout phases (gerbers, BOM and CPL, DRC, renders, 1:1 prints); none carries the current netlist
v2/release/revA/boards/meshsat-pcb-d-revA-D8/meshsat.pretty/GuardedToggle_SPDT.kicad_mod	0b93bdcd4fb501a1824a9de49059c8cc4f6af8cf	2463	stale-layout	deliverable folders and review sheets of earlier layout phases (gerbers, BOM and CPL, DRC, renders, 1:1 prints); none carries the current netlist
v2/release/revA/boards/meshsat-pcb-d-revA-D8/meshsat.pretty/GuidePin_Dock.kicad_mod	b7ea90d1631656f172b7e0570dc68d5f06551e6d	757	stale-layout	deliverable folders and review sheets of earlier layout phases (gerbers, BOM and CPL, DRC, renders, 1:1 prints); none carries the current netlist
v2/release/revA/boards/meshsat-pcb-d-revA-D8/meshsat.pretty/GuidePin_Stack.kicad_mod	6bad73715f57372d8d64c8ced5d0701583eb296a	758	stale-layout	deliverable folders and review sheets of earlier layout phases (gerbers, BOM and CPL, DRC, renders, 1:1 prints); none carries the current netlist
v2/release/revA/boards/meshsat-pcb-d-revA-D8/meshsat.pretty/Hirose_FH12-22S-0.5SH_1x22-1MP_P0.50mm_Horizontal.kicad_mod	0b67a52f9e86c229f5e76d05d0bad6fa27c9a8cd	8478	stale-layout	deliverable folders and review sheets of earlier layout phases (gerbers, BOM and CPL, DRC, renders, 1:1 prints); none carries the current netlist
v2/release/revA/boards/meshsat-pcb-d-revA-D8/meshsat.pretty/Hirose_FH34SRJ-24S.kicad_mod	fffcc0e8964fe160de31b0bb3ac0af3bef66a2a0	4027	stale-layout	deliverable folders and review sheets of earlier layout phases (gerbers, BOM and CPL, DRC, renders, 1:1 prints); none carries the current netlist
v2/release/revA/boards/meshsat-pcb-d-revA-D8/meshsat.pretty/LQFP-128_14x14mm_P0.4mm_EP6.0.kicad_mod	b4f32ac72c359ff96f9104f1d228d62c0340d47e	21781	stale-layout	deliverable folders and review sheets of earlier layout phases (gerbers, BOM and CPL, DRC, renders, 1:1 prints); none carries the current netlist
v2/release/revA/boards/meshsat-pcb-d-revA-D8/meshsat.pretty/LeadLands_1x02.kicad_mod	684dba90f12f0d7c586f63996de6a859f5e9104c	940	stale-layout	deliverable folders and review sheets of earlier layout phases (gerbers, BOM and CPL, DRC, renders, 1:1 prints); none carries the current netlist
v2/release/revA/boards/meshsat-pcb-d-revA-D8/meshsat.pretty/M2_B-Key_Socket_3052.kicad_mod	9d36c9d4e54be4570f4d73543a68bf7254c79832	8356	stale-layout	deliverable folders and review sheets of earlier layout phases (gerbers, BOM and CPL, DRC, renders, 1:1 prints); none carries the current netlist
v2/release/revA/boards/meshsat-pcb-d-revA-D8/meshsat.pretty/M2_E-Key_Socket_2230.kicad_mod	f535d6ccbcb8827a1ba076c8ff4d473446042c3a	11906	stale-layout	deliverable folders and review sheets of earlier layout phases (gerbers, BOM and CPL, DRC, renders, 1:1 prints); none carries the current netlist
v2/release/revA/boards/meshsat-pcb-d-revA-D8/meshsat.pretty/M2_M-Key_Socket_2242.kicad_mod	1cb336bc94bf0788b57ac315995cf9d0a460fa1b	8364	stale-layout	deliverable folders and review sheets of earlier layout phases (gerbers, BOM and CPL, DRC, renders, 1:1 prints); none carries the current netlist
v2/release/revA/boards/meshsat-pcb-d-revA-D8/meshsat.pretty/Mill-Max_0858_power_pin.kicad_mod	e7ae0538e73ccd2f68dc34445c4e96d31aaad04a	2238	stale-layout	deliverable folders and review sheets of earlier layout phases (gerbers, BOM and CPL, DRC, renders, 1:1 prints); none carries the current netlist
v2/release/revA/boards/meshsat-pcb-d-revA-D8/meshsat.pretty/Mill-Max_0858_target.kicad_mod	847341092da38e4370746c238f1ec88a109ce3a1	3349	stale-layout	deliverable folders and review sheets of earlier layout phases (gerbers, BOM and CPL, DRC, renders, 1:1 prints); none carries the current netlist
v2/release/revA/boards/meshsat-pcb-d-revA-D8/meshsat.pretty/MiniPCIe_Socket_52P_H4.0_Standoff.kicad_mod	22dfefd604c75cbf02106436d5a51850762dcefa	9992	stale-layout	deliverable folders and review sheets of earlier layout phases (gerbers, BOM and CPL, DRC, renders, 1:1 prints); none carries the current netlist
v2/release/revA/boards/meshsat-pcb-d-revA-D8/meshsat.pretty/NiceRF_SA868.kicad_mod	6d18850bc11de25f1365987feabbbe144f7b6d34	3060	stale-layout	deliverable folders and review sheets of earlier layout phases (gerbers, BOM and CPL, DRC, renders, 1:1 prints); none carries the current netlist
v2/release/revA/boards/meshsat-pcb-d-revA-D8/meshsat.pretty/PanelJack_17mm.kicad_mod	24252c51561ce62337d26bc48e3f95c2d1617b09	1860	stale-layout	deliverable folders and review sheets of earlier layout phases (gerbers, BOM and CPL, DRC, renders, 1:1 prints); none carries the current netlist
v2/release/revA/boards/meshsat-pcb-d-revA-D8/meshsat.pretty/PanelSounder.kicad_mod	1f6272b2dd125e4fb079ad7ce69c35993aa54546	1333	stale-layout	deliverable folders and review sheets of earlier layout phases (gerbers, BOM and CPL, DRC, renders, 1:1 prints); none carries the current netlist
v2/release/revA/boards/meshsat-pcb-d-revA-D8/meshsat.pretty/PanelSwitch_16mm.kicad_mod	0a623a3e226ad6174334b806b85cc4e02f26f014	1514	stale-layout	deliverable folders and review sheets of earlier layout phases (gerbers, BOM and CPL, DRC, renders, 1:1 prints); none carries the current netlist
v2/release/revA/boards/meshsat-pcb-d-revA-D8/meshsat.pretty/PanelSwitch_19mm.kicad_mod	2544a22529720cbfd41819913bfe8a522d217b31	1514	stale-layout	deliverable folders and review sheets of earlier layout phases (gerbers, BOM and CPL, DRC, renders, 1:1 prints); none carries the current netlist
v2/release/revA/boards/meshsat-pcb-d-revA-D8/meshsat.pretty/PanelToggle_DPDT.kicad_mod	f8796fa733bc66f5e2cd65cf3bfe743dc8259bbd	3533	stale-layout	deliverable folders and review sheets of earlier layout phases (gerbers, BOM and CPL, DRC, renders, 1:1 prints); none carries the current netlist
v2/release/revA/boards/meshsat-pcb-d-revA-D8/meshsat.pretty/PogoPins_2x4.kicad_mod	cb9ae20ccdc1803b624a44ff6be0787babb50f04	1514	stale-layout	deliverable folders and review sheets of earlier layout phases (gerbers, BOM and CPL, DRC, renders, 1:1 prints); none carries the current netlist
v2/release/revA/boards/meshsat-pcb-d-revA-D8/meshsat.pretty/PogoPins_2x6.kicad_mod	8705c1dca881bb048e98192cb9205567b3858eec	1921	stale-layout	deliverable folders and review sheets of earlier layout phases (gerbers, BOM and CPL, DRC, renders, 1:1 prints); none carries the current netlist
v2/release/revA/boards/meshsat-pcb-d-revA-D8/meshsat.pretty/PogoTargets_2x4.kicad_mod	f12181613f62896296bc45af4e7ac3834083dda6	1340	stale-layout	deliverable folders and review sheets of earlier layout phases (gerbers, BOM and CPL, DRC, renders, 1:1 prints); none carries the current netlist
v2/release/revA/boards/meshsat-pcb-d-revA-D8/meshsat.pretty/PogoTargets_2x6.kicad_mod	0b5028a70be47bd7156e7cd419f0b644f5aeea8d	1663	stale-layout	deliverable folders and review sheets of earlier layout phases (gerbers, BOM and CPL, DRC, renders, 1:1 prints); none carries the current netlist
v2/release/revA/boards/meshsat-pcb-d-revA-D8/meshsat.pretty/Pulse_H5007NL.kicad_mod	0365d0017c5fdefcf0c59e2f745747dd0cd2694c	3574	stale-layout	deliverable folders and review sheets of earlier layout phases (gerbers, BOM and CPL, DRC, renders, 1:1 prints); none carries the current netlist
v2/release/revA/boards/meshsat-pcb-d-revA-D8/meshsat.pretty/Quectel_LG290P.kicad_mod	ab90aab3dc4e8587536055e9f55ba474764d6e8f	8796	stale-layout	deliverable folders and review sheets of earlier layout phases (gerbers, BOM and CPL, DRC, renders, 1:1 prints); none carries the current netlist
v2/release/revA/boards/meshsat-pcb-d-revA-D8/meshsat.pretty/Radiall_SMPMAX_R222M00720.kicad_mod	8b85546846fa3c00ab365f63af42027532b2ec52	4584	stale-layout	deliverable folders and review sheets of earlier layout phases (gerbers, BOM and CPL, DRC, renders, 1:1 prints); none carries the current netlist
v2/release/revA/boards/meshsat-pcb-d-revA-D8/meshsat.pretty/Seeed_Wio-SX1262.kicad_mod	13f3ad42fc07c6d98e2b3a1ef174374bfb80672a	4015	stale-layout	deliverable folders and review sheets of earlier layout phases (gerbers, BOM and CPL, DRC, renders, 1:1 prints); none carries the current netlist
v2/release/revA/boards/meshsat-pcb-d-revA-D8/meshsat.pretty/Slot_5x1.8_NPTH.kicad_mod	aa14174da5d277214ebb334ecbb5f0cede22eb27	428	stale-layout	deliverable folders and review sheets of earlier layout phases (gerbers, BOM and CPL, DRC, renders, 1:1 prints); none carries the current netlist
v2/release/revA/boards/meshsat-pcb-d-revA-D8/meshsat.pretty/SolderPad_8x6.kicad_mod	e54e951880f1177e8d14d774300fc58679397740	644	stale-layout	deliverable folders and review sheets of earlier layout phases (gerbers, BOM and CPL, DRC, renders, 1:1 prints); none carries the current netlist
v2/release/revA/boards/meshsat-pcb-d-revA-D8/meshsat.pretty/TQFP-128_14x14mm_P0.4mm_EP10.0.kicad_mod	cef192ea8c5b0b2a18e075ab4600c4ae5b4b2228	21663	stale-layout	deliverable folders and review sheets of earlier layout phases (gerbers, BOM and CPL, DRC, renders, 1:1 prints); none carries the current netlist
v2/release/revA/boards/meshsat-pcb-d-revA-D8/meshsat.pretty/Texas_RQM0029A_QFN-29_4x4mm.kicad_mod	e834904a82b1f8acae5a591ee5c58a2222a76b23	8906	stale-layout	deliverable folders and review sheets of earlier layout phases (gerbers, BOM and CPL, DRC, renders, 1:1 prints); none carries the current netlist
v2/release/revA/boards/meshsat-pcb-d-revA-D8/meshsat.pretty/Texas_RQQ0011A_VQFN-HR-11_2.5x3mm.kicad_mod	413b76a1947732671281ae679d70cf692791c652	6467	stale-layout	deliverable folders and review sheets of earlier layout phases (gerbers, BOM and CPL, DRC, renders, 1:1 prints); none carries the current netlist
v2/release/revA/boards/meshsat-pcb-d-revA-D8/meshsat.pretty/ToggleBody_DPDT.kicad_mod	abe2f1d39c47b7b1fc6a0d89317a83fe18d4327b	1560	stale-layout	deliverable folders and review sheets of earlier layout phases (gerbers, BOM and CPL, DRC, renders, 1:1 prints); none carries the current netlist
v2/release/revA/boards/meshsat-pcb-d-revA-D8/meshsat.pretty/ToggleBody_SPDT.kicad_mod	da327469e4115214a336e2c8cda9324d1b6c816e	1308	stale-layout	deliverable folders and review sheets of earlier layout phases (gerbers, BOM and CPL, DRC, renders, 1:1 prints); none carries the current netlist
v2/release/revA/boards/meshsat-pcb-d-revA-D8/meshsat.pretty/Vishay_VEML7700.kicad_mod	5eb1038164776db9994d9cf039ba2630c767cb30	1186	stale-layout	deliverable folders and review sheets of earlier layout phases (gerbers, BOM and CPL, DRC, renders, 1:1 prints); none carries the current netlist
v2/release/revA/boards/meshsat-pcb-d-revA-D8/meshsat.pretty/WeAct_EPD_3p7.kicad_mod	4d3218b9fb116948e290dd5085abc24818cb8251	2202	stale-layout	deliverable folders and review sheets of earlier layout phases (gerbers, BOM and CPL, DRC, renders, 1:1 prints); none carries the current netlist
v2/release/revA/boards/meshsat-pcb-d-revA-D8/meshsat.pretty/WireHole_2mm.kicad_mod	4035c0334674f2bdca516ca60f29ce0361b81d7b	689	stale-layout	deliverable folders and review sheets of earlier layout phases (gerbers, BOM and CPL, DRC, renders, 1:1 prints); none carries the current netlist
v2/release/revA/boards/meshsat-pcb-d-revA-D8/meshsat.pretty/WireLands_2x6.kicad_mod	88fb8fac6ee7b88238030791e7ca12927d4625a9	1935	stale-layout	deliverable folders and review sheets of earlier layout phases (gerbers, BOM and CPL, DRC, renders, 1:1 prints); none carries the current netlist
v2/release/revA/boards/meshsat-pcb-d-revA-D8/pcb-d-aprs-1to1-bottom-mirrored.pdf	96d6c30843921b86c327894846ae8d8d612fa056	117205	stale-layout	deliverable folders and review sheets of earlier layout phases (gerbers, BOM and CPL, DRC, renders, 1:1 prints); none carries the current netlist
v2/release/revA/boards/meshsat-pcb-d-revA-D8/pcb-d-aprs-1to1-top.pdf	caffceb46bd0a7b2406426ab46f6718d6393067e	174902	stale-layout	deliverable folders and review sheets of earlier layout phases (gerbers, BOM and CPL, DRC, renders, 1:1 prints); none carries the current netlist
v2/release/revA/boards/meshsat-pcb-d-revA-D8/pcb-d-aprs-bom.csv	49eee50ed32971fd526644d55491a57057ec7406	4857	stale-layout	deliverable folders and review sheets of earlier layout phases (gerbers, BOM and CPL, DRC, renders, 1:1 prints); none carries the current netlist
v2/release/revA/boards/meshsat-pcb-d-revA-D8/pcb-d-aprs-cpl.csv	7b7d053c14b60cd9879acf747d7efdd407ca110e	8006	stale-layout	deliverable folders and review sheets of earlier layout phases (gerbers, BOM and CPL, DRC, renders, 1:1 prints); none carries the current netlist
v2/release/revA/boards/meshsat-pcb-d-revA-D8/pcb-d-aprs-drc.rpt	e7c10c63e57f8f0d1206cd40c2701f5360fdf46d	24019	stale-layout	deliverable folders and review sheets of earlier layout phases (gerbers, BOM and CPL, DRC, renders, 1:1 prints); none carries the current netlist
v2/release/revA/boards/meshsat-pcb-d-revA-D8/pcb-d-aprs-gerbers.zip	75e5de39a8ff2493c8b309929de631eb3e81c432	640278	stale-layout	deliverable folders and review sheets of earlier layout phases (gerbers, BOM and CPL, DRC, renders, 1:1 prints); none carries the current netlist
v2/release/revA/boards/meshsat-pcb-d-revA-D8/pcb-d-aprs-render-bottom.png	5b35659cfe5f14886f1c3bf320908cba7d8556fa	164001	stale-layout	deliverable folders and review sheets of earlier layout phases (gerbers, BOM and CPL, DRC, renders, 1:1 prints); none carries the current netlist
v2/release/revA/boards/meshsat-pcb-d-revA-D8/pcb-d-aprs-render-top.png	989ac735d69af83b7b31237ac645842d5a8060ed	235022	stale-layout	deliverable folders and review sheets of earlier layout phases (gerbers, BOM and CPL, DRC, renders, 1:1 prints); none carries the current netlist
v2/release/revA/boards/meshsat-pcb-d-revA-D8/pcb-d-aprs-schematic.pdf	012e9589a5627469cd67cc95796515568c9a3ea0	1295618	stale-layout	deliverable folders and review sheets of earlier layout phases (gerbers, BOM and CPL, DRC, renders, 1:1 prints); none carries the current netlist
v2/release/revA/boards/meshsat-pcb-d-revA-D8/pcb-d-aprs.kicad_pcb	b6b820518d994cf7ca0cc0f9ec0f4d3652853c7f	2442545	stale-layout	deliverable folders and review sheets of earlier layout phases (gerbers, BOM and CPL, DRC, renders, 1:1 prints); none carries the current netlist
v2/release/revA/boards/meshsat-pcb-d-revA-D8/pcb-d-aprs.kicad_pro	aae6655300c8e115e998fc21b8003af530829855	12373	stale-layout	deliverable folders and review sheets of earlier layout phases (gerbers, BOM and CPL, DRC, renders, 1:1 prints); none carries the current netlist
v2/release/revA/boards/meshsat-pcb-d-revA-D8/pcb-d-aprs.kicad_sch	91c256a352bd71b0780022abb0ef9c81bcf5fff5	628853	stale-layout	deliverable folders and review sheets of earlier layout phases (gerbers, BOM and CPL, DRC, renders, 1:1 prints); none carries the current netlist
v2/release/revA/boards/meshsat-pcb-d-revA-D9/README-fab.txt	5beeb42d8b55c78680fbacebffa0593f0e46f390	849	stale-layout	deliverable folders and review sheets of earlier layout phases (gerbers, BOM and CPL, DRC, renders, 1:1 prints); none carries the current netlist
v2/release/revA/boards/meshsat-pcb-d-revA-D9/meshsat.pretty/BackerScrew_M3_GND.kicad_mod	969a703459dcadfb90c646c9890937a8efd6d8a9	704	stale-layout	deliverable folders and review sheets of earlier layout phases (gerbers, BOM and CPL, DRC, renders, 1:1 prints); none carries the current netlist
v2/release/revA/boards/meshsat-pcb-d-revA-D9/meshsat.pretty/CM5_Amphenol_10164227.kicad_mod	420dacd5e3ec1a0c66b430fb525dba18d1dc2917	37300	stale-layout	deliverable folders and review sheets of earlier layout phases (gerbers, BOM and CPL, DRC, renders, 1:1 prints); none carries the current netlist
v2/release/revA/boards/meshsat-pcb-d-revA-D9/meshsat.pretty/CM5_Conn_A_10164227.kicad_mod	babefb7b93929185782ea645a07b0835ca738c07	17831	stale-layout	deliverable folders and review sheets of earlier layout phases (gerbers, BOM and CPL, DRC, renders, 1:1 prints); none carries the current netlist
v2/release/revA/boards/meshsat-pcb-d-revA-D9/meshsat.pretty/CM5_Conn_B_10164227.kicad_mod	f1a863ce6743c7cd63a13036d2b0bb8aa4dd23d1	18639	stale-layout	deliverable folders and review sheets of earlier layout phases (gerbers, BOM and CPL, DRC, renders, 1:1 prints); none carries the current netlist
v2/release/revA/boards/meshsat-pcb-d-revA-D9/meshsat.pretty/DMR858M.kicad_mod	b7eeb551102aaf3cf232a0c6261b57dd1babab12	5075	stale-layout	deliverable folders and review sheets of earlier layout phases (gerbers, BOM and CPL, DRC, renders, 1:1 prints); none carries the current netlist
v2/release/revA/boards/meshsat-pcb-d-revA-D9/meshsat.pretty/Ebyte_E22-900M30S.kicad_mod	69cdb329999d405eeb085a9587da267e9c7b5b29	3574	stale-layout	deliverable folders and review sheets of earlier layout phases (gerbers, BOM and CPL, DRC, renders, 1:1 prints); none carries the current netlist
v2/release/revA/boards/meshsat-pcb-d-revA-D9/meshsat.pretty/Ebyte_E72-2G4M20S1E.kicad_mod	d254ca6c23c8c475e80b8bed202fda372dc8ad00	7098	stale-layout	deliverable folders and review sheets of earlier layout phases (gerbers, BOM and CPL, DRC, renders, 1:1 prints); none carries the current netlist
v2/release/revA/boards/meshsat-pcb-d-revA-D9/meshsat.pretty/FrameScrew_M3_GND.kicad_mod	f92a3c2825954d6206a4affe969198fccf3a1255	950	stale-layout	deliverable folders and review sheets of earlier layout phases (gerbers, BOM and CPL, DRC, renders, 1:1 prints); none carries the current netlist
v2/release/revA/boards/meshsat-pcb-d-revA-D9/meshsat.pretty/GuardedToggle_SPDT.kicad_mod	0b93bdcd4fb501a1824a9de49059c8cc4f6af8cf	2463	stale-layout	deliverable folders and review sheets of earlier layout phases (gerbers, BOM and CPL, DRC, renders, 1:1 prints); none carries the current netlist
v2/release/revA/boards/meshsat-pcb-d-revA-D9/meshsat.pretty/GuidePin_Dock.kicad_mod	b7ea90d1631656f172b7e0570dc68d5f06551e6d	757	stale-layout	deliverable folders and review sheets of earlier layout phases (gerbers, BOM and CPL, DRC, renders, 1:1 prints); none carries the current netlist
v2/release/revA/boards/meshsat-pcb-d-revA-D9/meshsat.pretty/GuidePin_Stack.kicad_mod	6bad73715f57372d8d64c8ced5d0701583eb296a	758	stale-layout	deliverable folders and review sheets of earlier layout phases (gerbers, BOM and CPL, DRC, renders, 1:1 prints); none carries the current netlist
v2/release/revA/boards/meshsat-pcb-d-revA-D9/meshsat.pretty/Hirose_FH12-22S-0.5SH_1x22-1MP_P0.50mm_Horizontal.kicad_mod	0b67a52f9e86c229f5e76d05d0bad6fa27c9a8cd	8478	stale-layout	deliverable folders and review sheets of earlier layout phases (gerbers, BOM and CPL, DRC, renders, 1:1 prints); none carries the current netlist
v2/release/revA/boards/meshsat-pcb-d-revA-D9/meshsat.pretty/Hirose_FH34SRJ-24S.kicad_mod	fffcc0e8964fe160de31b0bb3ac0af3bef66a2a0	4027	stale-layout	deliverable folders and review sheets of earlier layout phases (gerbers, BOM and CPL, DRC, renders, 1:1 prints); none carries the current netlist
v2/release/revA/boards/meshsat-pcb-d-revA-D9/meshsat.pretty/LQFP-128_14x14mm_P0.4mm_EP6.0.kicad_mod	b4f32ac72c359ff96f9104f1d228d62c0340d47e	21781	stale-layout	deliverable folders and review sheets of earlier layout phases (gerbers, BOM and CPL, DRC, renders, 1:1 prints); none carries the current netlist
v2/release/revA/boards/meshsat-pcb-d-revA-D9/meshsat.pretty/LeadLands_1x02.kicad_mod	684dba90f12f0d7c586f63996de6a859f5e9104c	940	stale-layout	deliverable folders and review sheets of earlier layout phases (gerbers, BOM and CPL, DRC, renders, 1:1 prints); none carries the current netlist
v2/release/revA/boards/meshsat-pcb-d-revA-D9/meshsat.pretty/M2_B-Key_Socket_3052.kicad_mod	9d36c9d4e54be4570f4d73543a68bf7254c79832	8356	stale-layout	deliverable folders and review sheets of earlier layout phases (gerbers, BOM and CPL, DRC, renders, 1:1 prints); none carries the current netlist
v2/release/revA/boards/meshsat-pcb-d-revA-D9/meshsat.pretty/M2_E-Key_Socket_2230.kicad_mod	f535d6ccbcb8827a1ba076c8ff4d473446042c3a	11906	stale-layout	deliverable folders and review sheets of earlier layout phases (gerbers, BOM and CPL, DRC, renders, 1:1 prints); none carries the current netlist
v2/release/revA/boards/meshsat-pcb-d-revA-D9/meshsat.pretty/M2_M-Key_Socket_2242.kicad_mod	1cb336bc94bf0788b57ac315995cf9d0a460fa1b	8364	stale-layout	deliverable folders and review sheets of earlier layout phases (gerbers, BOM and CPL, DRC, renders, 1:1 prints); none carries the current netlist
v2/release/revA/boards/meshsat-pcb-d-revA-D9/meshsat.pretty/Mill-Max_0858_power_pin.kicad_mod	e7ae0538e73ccd2f68dc34445c4e96d31aaad04a	2238	stale-layout	deliverable folders and review sheets of earlier layout phases (gerbers, BOM and CPL, DRC, renders, 1:1 prints); none carries the current netlist
v2/release/revA/boards/meshsat-pcb-d-revA-D9/meshsat.pretty/Mill-Max_0858_target.kicad_mod	847341092da38e4370746c238f1ec88a109ce3a1	3349	stale-layout	deliverable folders and review sheets of earlier layout phases (gerbers, BOM and CPL, DRC, renders, 1:1 prints); none carries the current netlist
v2/release/revA/boards/meshsat-pcb-d-revA-D9/meshsat.pretty/MiniPCIe_Socket_52P_H4.0_Standoff.kicad_mod	22dfefd604c75cbf02106436d5a51850762dcefa	9992	stale-layout	deliverable folders and review sheets of earlier layout phases (gerbers, BOM and CPL, DRC, renders, 1:1 prints); none carries the current netlist
v2/release/revA/boards/meshsat-pcb-d-revA-D9/meshsat.pretty/NiceRF_SA868.kicad_mod	6d18850bc11de25f1365987feabbbe144f7b6d34	3060	stale-layout	deliverable folders and review sheets of earlier layout phases (gerbers, BOM and CPL, DRC, renders, 1:1 prints); none carries the current netlist
v2/release/revA/boards/meshsat-pcb-d-revA-D9/meshsat.pretty/PanelJack_17mm.kicad_mod	24252c51561ce62337d26bc48e3f95c2d1617b09	1860	stale-layout	deliverable folders and review sheets of earlier layout phases (gerbers, BOM and CPL, DRC, renders, 1:1 prints); none carries the current netlist
v2/release/revA/boards/meshsat-pcb-d-revA-D9/meshsat.pretty/PanelSounder.kicad_mod	1f6272b2dd125e4fb079ad7ce69c35993aa54546	1333	stale-layout	deliverable folders and review sheets of earlier layout phases (gerbers, BOM and CPL, DRC, renders, 1:1 prints); none carries the current netlist
v2/release/revA/boards/meshsat-pcb-d-revA-D9/meshsat.pretty/PanelSwitch_16mm.kicad_mod	0a623a3e226ad6174334b806b85cc4e02f26f014	1514	stale-layout	deliverable folders and review sheets of earlier layout phases (gerbers, BOM and CPL, DRC, renders, 1:1 prints); none carries the current netlist
v2/release/revA/boards/meshsat-pcb-d-revA-D9/meshsat.pretty/PanelSwitch_19mm.kicad_mod	2544a22529720cbfd41819913bfe8a522d217b31	1514	stale-layout	deliverable folders and review sheets of earlier layout phases (gerbers, BOM and CPL, DRC, renders, 1:1 prints); none carries the current netlist
v2/release/revA/boards/meshsat-pcb-d-revA-D9/meshsat.pretty/PanelToggle_DPDT.kicad_mod	f8796fa733bc66f5e2cd65cf3bfe743dc8259bbd	3533	stale-layout	deliverable folders and review sheets of earlier layout phases (gerbers, BOM and CPL, DRC, renders, 1:1 prints); none carries the current netlist
v2/release/revA/boards/meshsat-pcb-d-revA-D9/meshsat.pretty/PogoPins_2x4.kicad_mod	cb9ae20ccdc1803b624a44ff6be0787babb50f04	1514	stale-layout	deliverable folders and review sheets of earlier layout phases (gerbers, BOM and CPL, DRC, renders, 1:1 prints); none carries the current netlist
v2/release/revA/boards/meshsat-pcb-d-revA-D9/meshsat.pretty/PogoPins_2x6.kicad_mod	8705c1dca881bb048e98192cb9205567b3858eec	1921	stale-layout	deliverable folders and review sheets of earlier layout phases (gerbers, BOM and CPL, DRC, renders, 1:1 prints); none carries the current netlist
v2/release/revA/boards/meshsat-pcb-d-revA-D9/meshsat.pretty/PogoTargets_2x4.kicad_mod	f12181613f62896296bc45af4e7ac3834083dda6	1340	stale-layout	deliverable folders and review sheets of earlier layout phases (gerbers, BOM and CPL, DRC, renders, 1:1 prints); none carries the current netlist
v2/release/revA/boards/meshsat-pcb-d-revA-D9/meshsat.pretty/PogoTargets_2x6.kicad_mod	0b5028a70be47bd7156e7cd419f0b644f5aeea8d	1663	stale-layout	deliverable folders and review sheets of earlier layout phases (gerbers, BOM and CPL, DRC, renders, 1:1 prints); none carries the current netlist
v2/release/revA/boards/meshsat-pcb-d-revA-D9/meshsat.pretty/Pulse_H5007NL.kicad_mod	0365d0017c5fdefcf0c59e2f745747dd0cd2694c	3574	stale-layout	deliverable folders and review sheets of earlier layout phases (gerbers, BOM and CPL, DRC, renders, 1:1 prints); none carries the current netlist
v2/release/revA/boards/meshsat-pcb-d-revA-D9/meshsat.pretty/Quectel_LG290P.kicad_mod	ab90aab3dc4e8587536055e9f55ba474764d6e8f	8796	stale-layout	deliverable folders and review sheets of earlier layout phases (gerbers, BOM and CPL, DRC, renders, 1:1 prints); none carries the current netlist
v2/release/revA/boards/meshsat-pcb-d-revA-D9/meshsat.pretty/Radiall_SMPMAX_R222M00720.kicad_mod	8b85546846fa3c00ab365f63af42027532b2ec52	4584	stale-layout	deliverable folders and review sheets of earlier layout phases (gerbers, BOM and CPL, DRC, renders, 1:1 prints); none carries the current netlist
v2/release/revA/boards/meshsat-pcb-d-revA-D9/meshsat.pretty/Seeed_Wio-SX1262.kicad_mod	13f3ad42fc07c6d98e2b3a1ef174374bfb80672a	4015	stale-layout	deliverable folders and review sheets of earlier layout phases (gerbers, BOM and CPL, DRC, renders, 1:1 prints); none carries the current netlist
v2/release/revA/boards/meshsat-pcb-d-revA-D9/meshsat.pretty/Slot_5x1.8_NPTH.kicad_mod	aa14174da5d277214ebb334ecbb5f0cede22eb27	428	stale-layout	deliverable folders and review sheets of earlier layout phases (gerbers, BOM and CPL, DRC, renders, 1:1 prints); none carries the current netlist
v2/release/revA/boards/meshsat-pcb-d-revA-D9/meshsat.pretty/SolderPad_8x6.kicad_mod	e54e951880f1177e8d14d774300fc58679397740	644	stale-layout	deliverable folders and review sheets of earlier layout phases (gerbers, BOM and CPL, DRC, renders, 1:1 prints); none carries the current netlist
v2/release/revA/boards/meshsat-pcb-d-revA-D9/meshsat.pretty/TQFP-128_14x14mm_P0.4mm_EP10.0.kicad_mod	cef192ea8c5b0b2a18e075ab4600c4ae5b4b2228	21663	stale-layout	deliverable folders and review sheets of earlier layout phases (gerbers, BOM and CPL, DRC, renders, 1:1 prints); none carries the current netlist
v2/release/revA/boards/meshsat-pcb-d-revA-D9/meshsat.pretty/Texas_RQM0029A_QFN-29_4x4mm.kicad_mod	e834904a82b1f8acae5a591ee5c58a2222a76b23	8906	stale-layout	deliverable folders and review sheets of earlier layout phases (gerbers, BOM and CPL, DRC, renders, 1:1 prints); none carries the current netlist
v2/release/revA/boards/meshsat-pcb-d-revA-D9/meshsat.pretty/Texas_RQQ0011A_VQFN-HR-11_2.5x3mm.kicad_mod	413b76a1947732671281ae679d70cf692791c652	6467	stale-layout	deliverable folders and review sheets of earlier layout phases (gerbers, BOM and CPL, DRC, renders, 1:1 prints); none carries the current netlist
v2/release/revA/boards/meshsat-pcb-d-revA-D9/meshsat.pretty/ToggleBody_DPDT.kicad_mod	abe2f1d39c47b7b1fc6a0d89317a83fe18d4327b	1560	stale-layout	deliverable folders and review sheets of earlier layout phases (gerbers, BOM and CPL, DRC, renders, 1:1 prints); none carries the current netlist
v2/release/revA/boards/meshsat-pcb-d-revA-D9/meshsat.pretty/ToggleBody_SPDT.kicad_mod	da327469e4115214a336e2c8cda9324d1b6c816e	1308	stale-layout	deliverable folders and review sheets of earlier layout phases (gerbers, BOM and CPL, DRC, renders, 1:1 prints); none carries the current netlist
v2/release/revA/boards/meshsat-pcb-d-revA-D9/meshsat.pretty/Vishay_VEML7700.kicad_mod	5eb1038164776db9994d9cf039ba2630c767cb30	1186	stale-layout	deliverable folders and review sheets of earlier layout phases (gerbers, BOM and CPL, DRC, renders, 1:1 prints); none carries the current netlist
v2/release/revA/boards/meshsat-pcb-d-revA-D9/meshsat.pretty/WeAct_EPD_3p7.kicad_mod	4d3218b9fb116948e290dd5085abc24818cb8251	2202	stale-layout	deliverable folders and review sheets of earlier layout phases (gerbers, BOM and CPL, DRC, renders, 1:1 prints); none carries the current netlist
v2/release/revA/boards/meshsat-pcb-d-revA-D9/meshsat.pretty/WireHole_2mm.kicad_mod	4035c0334674f2bdca516ca60f29ce0361b81d7b	689	stale-layout	deliverable folders and review sheets of earlier layout phases (gerbers, BOM and CPL, DRC, renders, 1:1 prints); none carries the current netlist
v2/release/revA/boards/meshsat-pcb-d-revA-D9/meshsat.pretty/WireLands_2x6.kicad_mod	88fb8fac6ee7b88238030791e7ca12927d4625a9	1935	stale-layout	deliverable folders and review sheets of earlier layout phases (gerbers, BOM and CPL, DRC, renders, 1:1 prints); none carries the current netlist
v2/release/revA/boards/meshsat-pcb-d-revA-D9/pcb-d-aprs-1to1-bottom-mirrored.pdf	6acbfd650d7ff5414d24f7d92f01c7fda5369095	116809	stale-layout	deliverable folders and review sheets of earlier layout phases (gerbers, BOM and CPL, DRC, renders, 1:1 prints); none carries the current netlist
v2/release/revA/boards/meshsat-pcb-d-revA-D9/pcb-d-aprs-1to1-top.pdf	8f1165d0c37ea113186d9dc4e3f7135525c8dfcf	175924	stale-layout	deliverable folders and review sheets of earlier layout phases (gerbers, BOM and CPL, DRC, renders, 1:1 prints); none carries the current netlist
v2/release/revA/boards/meshsat-pcb-d-revA-D9/pcb-d-aprs-bom-full.csv	eda3a7d9071d0658cea8896e431a871f188cb5c3	6397	stale-layout	deliverable folders and review sheets of earlier layout phases (gerbers, BOM and CPL, DRC, renders, 1:1 prints); none carries the current netlist
v2/release/revA/boards/meshsat-pcb-d-revA-D9/pcb-d-aprs-bom.csv	589c6785ab15518e5921f5588102ca1273da4459	5023	stale-layout	deliverable folders and review sheets of earlier layout phases (gerbers, BOM and CPL, DRC, renders, 1:1 prints); none carries the current netlist
v2/release/revA/boards/meshsat-pcb-d-revA-D9/pcb-d-aprs-bom.status	9be10bbc0d0a725845671f8417cee460d919485b	40	stale-layout	deliverable folders and review sheets of earlier layout phases (gerbers, BOM and CPL, DRC, renders, 1:1 prints); none carries the current netlist
v2/release/revA/boards/meshsat-pcb-d-revA-D9/pcb-d-aprs-cpl.csv	e4286eb37058d4e82e8786f3c2228bc73902f431	7967	stale-layout	deliverable folders and review sheets of earlier layout phases (gerbers, BOM and CPL, DRC, renders, 1:1 prints); none carries the current netlist
v2/release/revA/boards/meshsat-pcb-d-revA-D9/pcb-d-aprs-drc.rpt	09700a64edfb6b9663799c175d9aad820739d163	22979	stale-layout	deliverable folders and review sheets of earlier layout phases (gerbers, BOM and CPL, DRC, renders, 1:1 prints); none carries the current netlist
v2/release/revA/boards/meshsat-pcb-d-revA-D9/pcb-d-aprs-gerbers.zip	32d704b2e1a4b5630c87286665590f3be987b392	618747	stale-layout	deliverable folders and review sheets of earlier layout phases (gerbers, BOM and CPL, DRC, renders, 1:1 prints); none carries the current netlist
v2/release/revA/boards/meshsat-pcb-d-revA-D9/pcb-d-aprs-render-bottom.png	c153c7fdf91999ff8e9e36f040c9f1216cce7ba9	142683	stale-layout	deliverable folders and review sheets of earlier layout phases (gerbers, BOM and CPL, DRC, renders, 1:1 prints); none carries the current netlist
v2/release/revA/boards/meshsat-pcb-d-revA-D9/pcb-d-aprs-render-top.png	9435ed91bffffa8fe1a7a5889b98086b02b7fbfa	235570	stale-layout	deliverable folders and review sheets of earlier layout phases (gerbers, BOM and CPL, DRC, renders, 1:1 prints); none carries the current netlist
v2/release/revA/boards/meshsat-pcb-d-revA-D9/pcb-d-aprs-schematic.pdf	a3c3ebaef34a4f19b6f240bf53c5139906adb8cd	1295618	stale-layout	deliverable folders and review sheets of earlier layout phases (gerbers, BOM and CPL, DRC, renders, 1:1 prints); none carries the current netlist
v2/release/revA/boards/meshsat-pcb-d-revA-D9/pcb-d-aprs.kicad_pcb	2ffb36cc220972b8518b817dbe29ae86d8d3bb87	2345369	stale-layout	deliverable folders and review sheets of earlier layout phases (gerbers, BOM and CPL, DRC, renders, 1:1 prints); none carries the current netlist
v2/release/revA/boards/meshsat-pcb-d-revA-D9/pcb-d-aprs.kicad_pro	0c4bac082ed9497fdddcea2d6949e894f67e821f	12369	stale-layout	deliverable folders and review sheets of earlier layout phases (gerbers, BOM and CPL, DRC, renders, 1:1 prints); none carries the current netlist
v2/release/revA/boards/meshsat-pcb-d-revA-D9/pcb-d-aprs.kicad_sch	e9802471005f41934596362c4f94e19fa868bc5f	628853	stale-layout	deliverable folders and review sheets of earlier layout phases (gerbers, BOM and CPL, DRC, renders, 1:1 prints); none carries the current netlist
v2/release/revA/boards/meshsat-pcb-e-revA-E4/README-fab.txt	e2d46555d9a9476aee90afbe6b3063a095a97cc3	656	stale-layout	deliverable folders and review sheets of earlier layout phases (gerbers, BOM and CPL, DRC, renders, 1:1 prints); none carries the current netlist
v2/release/revA/boards/meshsat-pcb-e-revA-E4/meshsat.pretty/CM5_Amphenol_10164227.kicad_mod	420dacd5e3ec1a0c66b430fb525dba18d1dc2917	37300	stale-layout	deliverable folders and review sheets of earlier layout phases (gerbers, BOM and CPL, DRC, renders, 1:1 prints); none carries the current netlist
v2/release/revA/boards/meshsat-pcb-e-revA-E4/meshsat.pretty/CM5_Conn_A_10164227.kicad_mod	babefb7b93929185782ea645a07b0835ca738c07	17831	stale-layout	deliverable folders and review sheets of earlier layout phases (gerbers, BOM and CPL, DRC, renders, 1:1 prints); none carries the current netlist
v2/release/revA/boards/meshsat-pcb-e-revA-E4/meshsat.pretty/CM5_Conn_B_10164227.kicad_mod	f1a863ce6743c7cd63a13036d2b0bb8aa4dd23d1	18639	stale-layout	deliverable folders and review sheets of earlier layout phases (gerbers, BOM and CPL, DRC, renders, 1:1 prints); none carries the current netlist
v2/release/revA/boards/meshsat-pcb-e-revA-E4/meshsat.pretty/DMR858M.kicad_mod	b7eeb551102aaf3cf232a0c6261b57dd1babab12	5075	stale-layout	deliverable folders and review sheets of earlier layout phases (gerbers, BOM and CPL, DRC, renders, 1:1 prints); none carries the current netlist
v2/release/revA/boards/meshsat-pcb-e-revA-E4/meshsat.pretty/Ebyte_E72-2G4M20S1E.kicad_mod	d254ca6c23c8c475e80b8bed202fda372dc8ad00	7098	stale-layout	deliverable folders and review sheets of earlier layout phases (gerbers, BOM and CPL, DRC, renders, 1:1 prints); none carries the current netlist
v2/release/revA/boards/meshsat-pcb-e-revA-E4/meshsat.pretty/FrameScrew_M3_GND.kicad_mod	f92a3c2825954d6206a4affe969198fccf3a1255	950	stale-layout	deliverable folders and review sheets of earlier layout phases (gerbers, BOM and CPL, DRC, renders, 1:1 prints); none carries the current netlist
v2/release/revA/boards/meshsat-pcb-e-revA-E4/meshsat.pretty/GuardedToggle_SPDT.kicad_mod	0b93bdcd4fb501a1824a9de49059c8cc4f6af8cf	2463	stale-layout	deliverable folders and review sheets of earlier layout phases (gerbers, BOM and CPL, DRC, renders, 1:1 prints); none carries the current netlist
v2/release/revA/boards/meshsat-pcb-e-revA-E4/meshsat.pretty/GuidePin_Dock.kicad_mod	b7ea90d1631656f172b7e0570dc68d5f06551e6d	757	stale-layout	deliverable folders and review sheets of earlier layout phases (gerbers, BOM and CPL, DRC, renders, 1:1 prints); none carries the current netlist
v2/release/revA/boards/meshsat-pcb-e-revA-E4/meshsat.pretty/GuidePin_Stack.kicad_mod	6bad73715f57372d8d64c8ced5d0701583eb296a	758	stale-layout	deliverable folders and review sheets of earlier layout phases (gerbers, BOM and CPL, DRC, renders, 1:1 prints); none carries the current netlist
v2/release/revA/boards/meshsat-pcb-e-revA-E4/meshsat.pretty/Hirose_FH12-22S-0.5SH_1x22-1MP_P0.50mm_Horizontal.kicad_mod	0b67a52f9e86c229f5e76d05d0bad6fa27c9a8cd	8478	stale-layout	deliverable folders and review sheets of earlier layout phases (gerbers, BOM and CPL, DRC, renders, 1:1 prints); none carries the current netlist
v2/release/revA/boards/meshsat-pcb-e-revA-E4/meshsat.pretty/LeadLands_1x02.kicad_mod	684dba90f12f0d7c586f63996de6a859f5e9104c	940	stale-layout	deliverable folders and review sheets of earlier layout phases (gerbers, BOM and CPL, DRC, renders, 1:1 prints); none carries the current netlist
v2/release/revA/boards/meshsat-pcb-e-revA-E4/meshsat.pretty/Mill-Max_0858_power_pin.kicad_mod	e7ae0538e73ccd2f68dc34445c4e96d31aaad04a	2238	stale-layout	deliverable folders and review sheets of earlier layout phases (gerbers, BOM and CPL, DRC, renders, 1:1 prints); none carries the current netlist
v2/release/revA/boards/meshsat-pcb-e-revA-E4/meshsat.pretty/Mill-Max_0858_target.kicad_mod	25a2f357d15b3e5461a3a06b60fae4716e12ddf5	3689	stale-layout	deliverable folders and review sheets of earlier layout phases (gerbers, BOM and CPL, DRC, renders, 1:1 prints); none carries the current netlist
v2/release/revA/boards/meshsat-pcb-e-revA-E4/meshsat.pretty/MiniPCIe_Socket_52P_H4.0_Standoff.kicad_mod	22dfefd604c75cbf02106436d5a51850762dcefa	9992	stale-layout	deliverable folders and review sheets of earlier layout phases (gerbers, BOM and CPL, DRC, renders, 1:1 prints); none carries the current netlist
v2/release/revA/boards/meshsat-pcb-e-revA-E4/meshsat.pretty/PanelSounder.kicad_mod	a19c1e3dbcf98b697df2802f871938b701b7bf06	1333	stale-layout	deliverable folders and review sheets of earlier layout phases (gerbers, BOM and CPL, DRC, renders, 1:1 prints); none carries the current netlist
v2/release/revA/boards/meshsat-pcb-e-revA-E4/meshsat.pretty/PanelSwitch_16mm.kicad_mod	0a623a3e226ad6174334b806b85cc4e02f26f014	1514	stale-layout	deliverable folders and review sheets of earlier layout phases (gerbers, BOM and CPL, DRC, renders, 1:1 prints); none carries the current netlist
v2/release/revA/boards/meshsat-pcb-e-revA-E4/meshsat.pretty/PanelSwitch_19mm.kicad_mod	2544a22529720cbfd41819913bfe8a522d217b31	1514	stale-layout	deliverable folders and review sheets of earlier layout phases (gerbers, BOM and CPL, DRC, renders, 1:1 prints); none carries the current netlist
v2/release/revA/boards/meshsat-pcb-e-revA-E4/meshsat.pretty/PanelToggle_DPDT.kicad_mod	f8796fa733bc66f5e2cd65cf3bfe743dc8259bbd	3533	stale-layout	deliverable folders and review sheets of earlier layout phases (gerbers, BOM and CPL, DRC, renders, 1:1 prints); none carries the current netlist
v2/release/revA/boards/meshsat-pcb-e-revA-E4/meshsat.pretty/PogoPins_2x4.kicad_mod	cb9ae20ccdc1803b624a44ff6be0787babb50f04	1514	stale-layout	deliverable folders and review sheets of earlier layout phases (gerbers, BOM and CPL, DRC, renders, 1:1 prints); none carries the current netlist
v2/release/revA/boards/meshsat-pcb-e-revA-E4/meshsat.pretty/PogoPins_2x6.kicad_mod	8705c1dca881bb048e98192cb9205567b3858eec	1921	stale-layout	deliverable folders and review sheets of earlier layout phases (gerbers, BOM and CPL, DRC, renders, 1:1 prints); none carries the current netlist
v2/release/revA/boards/meshsat-pcb-e-revA-E4/meshsat.pretty/PogoTargets_2x4.kicad_mod	f12181613f62896296bc45af4e7ac3834083dda6	1340	stale-layout	deliverable folders and review sheets of earlier layout phases (gerbers, BOM and CPL, DRC, renders, 1:1 prints); none carries the current netlist
v2/release/revA/boards/meshsat-pcb-e-revA-E4/meshsat.pretty/PogoTargets_2x6.kicad_mod	0b5028a70be47bd7156e7cd419f0b644f5aeea8d	1663	stale-layout	deliverable folders and review sheets of earlier layout phases (gerbers, BOM and CPL, DRC, renders, 1:1 prints); none carries the current netlist
v2/release/revA/boards/meshsat-pcb-e-revA-E4/meshsat.pretty/Radiall_SMPMAX_R222M00720.kicad_mod	8b85546846fa3c00ab365f63af42027532b2ec52	4584	stale-layout	deliverable folders and review sheets of earlier layout phases (gerbers, BOM and CPL, DRC, renders, 1:1 prints); none carries the current netlist
v2/release/revA/boards/meshsat-pcb-e-revA-E4/meshsat.pretty/Seeed_Wio-SX1262.kicad_mod	13f3ad42fc07c6d98e2b3a1ef174374bfb80672a	4015	stale-layout	deliverable folders and review sheets of earlier layout phases (gerbers, BOM and CPL, DRC, renders, 1:1 prints); none carries the current netlist
v2/release/revA/boards/meshsat-pcb-e-revA-E4/meshsat.pretty/Slot_5x1.8_NPTH.kicad_mod	aa14174da5d277214ebb334ecbb5f0cede22eb27	428	stale-layout	deliverable folders and review sheets of earlier layout phases (gerbers, BOM and CPL, DRC, renders, 1:1 prints); none carries the current netlist
v2/release/revA/boards/meshsat-pcb-e-revA-E4/meshsat.pretty/SolderPad_8x6.kicad_mod	e54e951880f1177e8d14d774300fc58679397740	644	stale-layout	deliverable folders and review sheets of earlier layout phases (gerbers, BOM and CPL, DRC, renders, 1:1 prints); none carries the current netlist
v2/release/revA/boards/meshsat-pcb-e-revA-E4/meshsat.pretty/Texas_RQM0029A_QFN-29_4x4mm.kicad_mod	e834904a82b1f8acae5a591ee5c58a2222a76b23	8906	stale-layout	deliverable folders and review sheets of earlier layout phases (gerbers, BOM and CPL, DRC, renders, 1:1 prints); none carries the current netlist
v2/release/revA/boards/meshsat-pcb-e-revA-E4/meshsat.pretty/Texas_RQQ0011A_VQFN-HR-11_2.5x3mm.kicad_mod	413b76a1947732671281ae679d70cf692791c652	6467	stale-layout	deliverable folders and review sheets of earlier layout phases (gerbers, BOM and CPL, DRC, renders, 1:1 prints); none carries the current netlist
v2/release/revA/boards/meshsat-pcb-e-revA-E4/meshsat.pretty/WeAct_EPD_3p7.kicad_mod	4d3218b9fb116948e290dd5085abc24818cb8251	2202	stale-layout	deliverable folders and review sheets of earlier layout phases (gerbers, BOM and CPL, DRC, renders, 1:1 prints); none carries the current netlist
v2/release/revA/boards/meshsat-pcb-e-revA-E4/meshsat.pretty/WireHole_2mm.kicad_mod	4035c0334674f2bdca516ca60f29ce0361b81d7b	689	stale-layout	deliverable folders and review sheets of earlier layout phases (gerbers, BOM and CPL, DRC, renders, 1:1 prints); none carries the current netlist
v2/release/revA/boards/meshsat-pcb-e-revA-E4/meshsat.pretty/WireLands_2x6.kicad_mod	88fb8fac6ee7b88238030791e7ca12927d4625a9	1935	stale-layout	deliverable folders and review sheets of earlier layout phases (gerbers, BOM and CPL, DRC, renders, 1:1 prints); none carries the current netlist
v2/release/revA/boards/meshsat-pcb-e-revA-E4/pcb-e1-dock-1to1-bottom-mirrored.pdf	0c513b92b0933b8493d750eee8a5c0ff2e665959	59579	stale-layout	deliverable folders and review sheets of earlier layout phases (gerbers, BOM and CPL, DRC, renders, 1:1 prints); none carries the current netlist
v2/release/revA/boards/meshsat-pcb-e-revA-E4/pcb-e1-dock-1to1-top.pdf	9ac9bb69463d78782220eade4509f81c94b34654	111296	stale-layout	deliverable folders and review sheets of earlier layout phases (gerbers, BOM and CPL, DRC, renders, 1:1 prints); none carries the current netlist
v2/release/revA/boards/meshsat-pcb-e-revA-E4/pcb-e1-dock-bom.csv	bddd4556a691a3d0b9769ade6da032dab41f9be1	4147	stale-layout	deliverable folders and review sheets of earlier layout phases (gerbers, BOM and CPL, DRC, renders, 1:1 prints); none carries the current netlist
v2/release/revA/boards/meshsat-pcb-e-revA-E4/pcb-e1-dock-cpl.csv	f4dd4daf9aabfaf7e2415949e2d67a9061b5a44a	2918	stale-layout	deliverable folders and review sheets of earlier layout phases (gerbers, BOM and CPL, DRC, renders, 1:1 prints); none carries the current netlist
v2/release/revA/boards/meshsat-pcb-e-revA-E4/pcb-e1-dock-drc.rpt	02a85d8d96bf243e13e5c61ff9715008a1fc9fe2	4431	stale-layout	deliverable folders and review sheets of earlier layout phases (gerbers, BOM and CPL, DRC, renders, 1:1 prints); none carries the current netlist
v2/release/revA/boards/meshsat-pcb-e-revA-E4/pcb-e1-dock-gerbers.zip	d022bbe8bcf63b7b54ecc213f72231dbe5e7e187	351564	stale-layout	deliverable folders and review sheets of earlier layout phases (gerbers, BOM and CPL, DRC, renders, 1:1 prints); none carries the current netlist
v2/release/revA/boards/meshsat-pcb-e-revA-E4/pcb-e1-dock-render-bottom.png	babe1874ee7c35350a6dbcd2dbcee84a44871060	41153	stale-layout	deliverable folders and review sheets of earlier layout phases (gerbers, BOM and CPL, DRC, renders, 1:1 prints); none carries the current netlist
v2/release/revA/boards/meshsat-pcb-e-revA-E4/pcb-e1-dock-render-top.png	f7ad227e61bcab127693a7dee321d11eade6c84f	71464	stale-layout	deliverable folders and review sheets of earlier layout phases (gerbers, BOM and CPL, DRC, renders, 1:1 prints); none carries the current netlist
v2/release/revA/boards/meshsat-pcb-e-revA-E4/pcb-e1-dock-schematic.pdf	d3610f966106ff75cd0c5a0388130e4f4cecad12	612012	stale-layout	deliverable folders and review sheets of earlier layout phases (gerbers, BOM and CPL, DRC, renders, 1:1 prints); none carries the current netlist
v2/release/revA/boards/meshsat-pcb-e-revA-E4/pcb-e1-dock.kicad_pcb	f33e27af867968e300c54b89cf3068d981a15f2b	1290811	stale-layout	deliverable folders and review sheets of earlier layout phases (gerbers, BOM and CPL, DRC, renders, 1:1 prints); none carries the current netlist
v2/release/revA/boards/meshsat-pcb-e-revA-E4/pcb-e1-dock.kicad_pro	6bbe257854b5226f6b3b5f008aac1c748a433c29	9970	stale-layout	deliverable folders and review sheets of earlier layout phases (gerbers, BOM and CPL, DRC, renders, 1:1 prints); none carries the current netlist
v2/release/revA/boards/meshsat-pcb-e-revA-E4/pcb-e1-dock.kicad_sch	95095f6d834c84cc418c19b60b6eb68da97b976c	248694	stale-layout	deliverable folders and review sheets of earlier layout phases (gerbers, BOM and CPL, DRC, renders, 1:1 prints); none carries the current netlist
v2/release/revA/boards/meshsat-pcb-e-revA-E6/LCSC-CORRECTIONS.txt	e099fdd93c72fadcb743e4ae952d79fd8a0ace14	839	stale-layout	deliverable folders and review sheets of earlier layout phases (gerbers, BOM and CPL, DRC, renders, 1:1 prints); none carries the current netlist
v2/release/revA/boards/meshsat-pcb-e-revA-E6/README-fab.txt	cedeacbcfcbbf9074a2f87d4ebc05de78fc4a1d5	832	stale-layout	deliverable folders and review sheets of earlier layout phases (gerbers, BOM and CPL, DRC, renders, 1:1 prints); none carries the current netlist
v2/release/revA/boards/meshsat-pcb-e-revA-E6/meshsat.pretty/BackerScrew_M3_GND.kicad_mod	969a703459dcadfb90c646c9890937a8efd6d8a9	704	stale-layout	deliverable folders and review sheets of earlier layout phases (gerbers, BOM and CPL, DRC, renders, 1:1 prints); none carries the current netlist
v2/release/revA/boards/meshsat-pcb-e-revA-E6/meshsat.pretty/CM5_Amphenol_10164227.kicad_mod	420dacd5e3ec1a0c66b430fb525dba18d1dc2917	37300	stale-layout	deliverable folders and review sheets of earlier layout phases (gerbers, BOM and CPL, DRC, renders, 1:1 prints); none carries the current netlist
v2/release/revA/boards/meshsat-pcb-e-revA-E6/meshsat.pretty/CM5_Conn_A_10164227.kicad_mod	babefb7b93929185782ea645a07b0835ca738c07	17831	stale-layout	deliverable folders and review sheets of earlier layout phases (gerbers, BOM and CPL, DRC, renders, 1:1 prints); none carries the current netlist
v2/release/revA/boards/meshsat-pcb-e-revA-E6/meshsat.pretty/CM5_Conn_B_10164227.kicad_mod	f1a863ce6743c7cd63a13036d2b0bb8aa4dd23d1	18639	stale-layout	deliverable folders and review sheets of earlier layout phases (gerbers, BOM and CPL, DRC, renders, 1:1 prints); none carries the current netlist
v2/release/revA/boards/meshsat-pcb-e-revA-E6/meshsat.pretty/DMR858M.kicad_mod	b7eeb551102aaf3cf232a0c6261b57dd1babab12	5075	stale-layout	deliverable folders and review sheets of earlier layout phases (gerbers, BOM and CPL, DRC, renders, 1:1 prints); none carries the current netlist
v2/release/revA/boards/meshsat-pcb-e-revA-E6/meshsat.pretty/Ebyte_E22-900M30S.kicad_mod	69cdb329999d405eeb085a9587da267e9c7b5b29	3574	stale-layout	deliverable folders and review sheets of earlier layout phases (gerbers, BOM and CPL, DRC, renders, 1:1 prints); none carries the current netlist
v2/release/revA/boards/meshsat-pcb-e-revA-E6/meshsat.pretty/Ebyte_E72-2G4M20S1E.kicad_mod	d254ca6c23c8c475e80b8bed202fda372dc8ad00	7098	stale-layout	deliverable folders and review sheets of earlier layout phases (gerbers, BOM and CPL, DRC, renders, 1:1 prints); none carries the current netlist
v2/release/revA/boards/meshsat-pcb-e-revA-E6/meshsat.pretty/FrameScrew_M3_GND.kicad_mod	f92a3c2825954d6206a4affe969198fccf3a1255	950	stale-layout	deliverable folders and review sheets of earlier layout phases (gerbers, BOM and CPL, DRC, renders, 1:1 prints); none carries the current netlist
v2/release/revA/boards/meshsat-pcb-e-revA-E6/meshsat.pretty/GuardedToggle_SPDT.kicad_mod	0b93bdcd4fb501a1824a9de49059c8cc4f6af8cf	2463	stale-layout	deliverable folders and review sheets of earlier layout phases (gerbers, BOM and CPL, DRC, renders, 1:1 prints); none carries the current netlist
v2/release/revA/boards/meshsat-pcb-e-revA-E6/meshsat.pretty/GuidePin_Dock.kicad_mod	b7ea90d1631656f172b7e0570dc68d5f06551e6d	757	stale-layout	deliverable folders and review sheets of earlier layout phases (gerbers, BOM and CPL, DRC, renders, 1:1 prints); none carries the current netlist
v2/release/revA/boards/meshsat-pcb-e-revA-E6/meshsat.pretty/GuidePin_Stack.kicad_mod	6bad73715f57372d8d64c8ced5d0701583eb296a	758	stale-layout	deliverable folders and review sheets of earlier layout phases (gerbers, BOM and CPL, DRC, renders, 1:1 prints); none carries the current netlist
v2/release/revA/boards/meshsat-pcb-e-revA-E6/meshsat.pretty/Hirose_FH12-22S-0.5SH_1x22-1MP_P0.50mm_Horizontal.kicad_mod	0b67a52f9e86c229f5e76d05d0bad6fa27c9a8cd	8478	stale-layout	deliverable folders and review sheets of earlier layout phases (gerbers, BOM and CPL, DRC, renders, 1:1 prints); none carries the current netlist
v2/release/revA/boards/meshsat-pcb-e-revA-E6/meshsat.pretty/Hirose_FH34SRJ-24S.kicad_mod	fffcc0e8964fe160de31b0bb3ac0af3bef66a2a0	4027	stale-layout	deliverable folders and review sheets of earlier layout phases (gerbers, BOM and CPL, DRC, renders, 1:1 prints); none carries the current netlist
v2/release/revA/boards/meshsat-pcb-e-revA-E6/meshsat.pretty/LQFP-128_14x14mm_P0.4mm_EP6.0.kicad_mod	b4f32ac72c359ff96f9104f1d228d62c0340d47e	21781	stale-layout	deliverable folders and review sheets of earlier layout phases (gerbers, BOM and CPL, DRC, renders, 1:1 prints); none carries the current netlist
v2/release/revA/boards/meshsat-pcb-e-revA-E6/meshsat.pretty/LeadLands_1x02.kicad_mod	684dba90f12f0d7c586f63996de6a859f5e9104c	940	stale-layout	deliverable folders and review sheets of earlier layout phases (gerbers, BOM and CPL, DRC, renders, 1:1 prints); none carries the current netlist
v2/release/revA/boards/meshsat-pcb-e-revA-E6/meshsat.pretty/M2_B-Key_Socket_3052.kicad_mod	9d36c9d4e54be4570f4d73543a68bf7254c79832	8356	stale-layout	deliverable folders and review sheets of earlier layout phases (gerbers, BOM and CPL, DRC, renders, 1:1 prints); none carries the current netlist
v2/release/revA/boards/meshsat-pcb-e-revA-E6/meshsat.pretty/M2_E-Key_Socket_2230.kicad_mod	f535d6ccbcb8827a1ba076c8ff4d473446042c3a	11906	stale-layout	deliverable folders and review sheets of earlier layout phases (gerbers, BOM and CPL, DRC, renders, 1:1 prints); none carries the current netlist
v2/release/revA/boards/meshsat-pcb-e-revA-E6/meshsat.pretty/M2_M-Key_Socket_2242.kicad_mod	1cb336bc94bf0788b57ac315995cf9d0a460fa1b	8364	stale-layout	deliverable folders and review sheets of earlier layout phases (gerbers, BOM and CPL, DRC, renders, 1:1 prints); none carries the current netlist
v2/release/revA/boards/meshsat-pcb-e-revA-E6/meshsat.pretty/Mill-Max_0858_power_pin.kicad_mod	e7ae0538e73ccd2f68dc34445c4e96d31aaad04a	2238	stale-layout	deliverable folders and review sheets of earlier layout phases (gerbers, BOM and CPL, DRC, renders, 1:1 prints); none carries the current netlist
v2/release/revA/boards/meshsat-pcb-e-revA-E6/meshsat.pretty/Mill-Max_0858_target.kicad_mod	847341092da38e4370746c238f1ec88a109ce3a1	3349	stale-layout	deliverable folders and review sheets of earlier layout phases (gerbers, BOM and CPL, DRC, renders, 1:1 prints); none carries the current netlist
v2/release/revA/boards/meshsat-pcb-e-revA-E6/meshsat.pretty/MiniPCIe_Socket_52P_H4.0_Standoff.kicad_mod	22dfefd604c75cbf02106436d5a51850762dcefa	9992	stale-layout	deliverable folders and review sheets of earlier layout phases (gerbers, BOM and CPL, DRC, renders, 1:1 prints); none carries the current netlist
v2/release/revA/boards/meshsat-pcb-e-revA-E6/meshsat.pretty/NiceRF_SA868.kicad_mod	6d18850bc11de25f1365987feabbbe144f7b6d34	3060	stale-layout	deliverable folders and review sheets of earlier layout phases (gerbers, BOM and CPL, DRC, renders, 1:1 prints); none carries the current netlist
v2/release/revA/boards/meshsat-pcb-e-revA-E6/meshsat.pretty/PanelJack_17mm.kicad_mod	24252c51561ce62337d26bc48e3f95c2d1617b09	1860	stale-layout	deliverable folders and review sheets of earlier layout phases (gerbers, BOM and CPL, DRC, renders, 1:1 prints); none carries the current netlist
v2/release/revA/boards/meshsat-pcb-e-revA-E6/meshsat.pretty/PanelSounder.kicad_mod	1f6272b2dd125e4fb079ad7ce69c35993aa54546	1333	stale-layout	deliverable folders and review sheets of earlier layout phases (gerbers, BOM and CPL, DRC, renders, 1:1 prints); none carries the current netlist
v2/release/revA/boards/meshsat-pcb-e-revA-E6/meshsat.pretty/PanelSwitch_16mm.kicad_mod	0a623a3e226ad6174334b806b85cc4e02f26f014	1514	stale-layout	deliverable folders and review sheets of earlier layout phases (gerbers, BOM and CPL, DRC, renders, 1:1 prints); none carries the current netlist
v2/release/revA/boards/meshsat-pcb-e-revA-E6/meshsat.pretty/PanelSwitch_19mm.kicad_mod	2544a22529720cbfd41819913bfe8a522d217b31	1514	stale-layout	deliverable folders and review sheets of earlier layout phases (gerbers, BOM and CPL, DRC, renders, 1:1 prints); none carries the current netlist
v2/release/revA/boards/meshsat-pcb-e-revA-E6/meshsat.pretty/PanelToggle_DPDT.kicad_mod	f8796fa733bc66f5e2cd65cf3bfe743dc8259bbd	3533	stale-layout	deliverable folders and review sheets of earlier layout phases (gerbers, BOM and CPL, DRC, renders, 1:1 prints); none carries the current netlist
v2/release/revA/boards/meshsat-pcb-e-revA-E6/meshsat.pretty/PogoPins_2x4.kicad_mod	cb9ae20ccdc1803b624a44ff6be0787babb50f04	1514	stale-layout	deliverable folders and review sheets of earlier layout phases (gerbers, BOM and CPL, DRC, renders, 1:1 prints); none carries the current netlist
v2/release/revA/boards/meshsat-pcb-e-revA-E6/meshsat.pretty/PogoPins_2x6.kicad_mod	8705c1dca881bb048e98192cb9205567b3858eec	1921	stale-layout	deliverable folders and review sheets of earlier layout phases (gerbers, BOM and CPL, DRC, renders, 1:1 prints); none carries the current netlist
v2/release/revA/boards/meshsat-pcb-e-revA-E6/meshsat.pretty/PogoTargets_2x4.kicad_mod	f12181613f62896296bc45af4e7ac3834083dda6	1340	stale-layout	deliverable folders and review sheets of earlier layout phases (gerbers, BOM and CPL, DRC, renders, 1:1 prints); none carries the current netlist
v2/release/revA/boards/meshsat-pcb-e-revA-E6/meshsat.pretty/PogoTargets_2x6.kicad_mod	0b5028a70be47bd7156e7cd419f0b644f5aeea8d	1663	stale-layout	deliverable folders and review sheets of earlier layout phases (gerbers, BOM and CPL, DRC, renders, 1:1 prints); none carries the current netlist
v2/release/revA/boards/meshsat-pcb-e-revA-E6/meshsat.pretty/Pulse_H5007NL.kicad_mod	0365d0017c5fdefcf0c59e2f745747dd0cd2694c	3574	stale-layout	deliverable folders and review sheets of earlier layout phases (gerbers, BOM and CPL, DRC, renders, 1:1 prints); none carries the current netlist
v2/release/revA/boards/meshsat-pcb-e-revA-E6/meshsat.pretty/Quectel_LG290P.kicad_mod	ab90aab3dc4e8587536055e9f55ba474764d6e8f	8796	stale-layout	deliverable folders and review sheets of earlier layout phases (gerbers, BOM and CPL, DRC, renders, 1:1 prints); none carries the current netlist
v2/release/revA/boards/meshsat-pcb-e-revA-E6/meshsat.pretty/Radiall_SMPMAX_R222M00720.kicad_mod	8b85546846fa3c00ab365f63af42027532b2ec52	4584	stale-layout	deliverable folders and review sheets of earlier layout phases (gerbers, BOM and CPL, DRC, renders, 1:1 prints); none carries the current netlist
v2/release/revA/boards/meshsat-pcb-e-revA-E6/meshsat.pretty/Seeed_Wio-SX1262.kicad_mod	13f3ad42fc07c6d98e2b3a1ef174374bfb80672a	4015	stale-layout	deliverable folders and review sheets of earlier layout phases (gerbers, BOM and CPL, DRC, renders, 1:1 prints); none carries the current netlist
v2/release/revA/boards/meshsat-pcb-e-revA-E6/meshsat.pretty/Slot_5x1.8_NPTH.kicad_mod	aa14174da5d277214ebb334ecbb5f0cede22eb27	428	stale-layout	deliverable folders and review sheets of earlier layout phases (gerbers, BOM and CPL, DRC, renders, 1:1 prints); none carries the current netlist
v2/release/revA/boards/meshsat-pcb-e-revA-E6/meshsat.pretty/SolderPad_8x6.kicad_mod	e54e951880f1177e8d14d774300fc58679397740	644	stale-layout	deliverable folders and review sheets of earlier layout phases (gerbers, BOM and CPL, DRC, renders, 1:1 prints); none carries the current netlist
v2/release/revA/boards/meshsat-pcb-e-revA-E6/meshsat.pretty/TQFP-128_14x14mm_P0.4mm_EP10.0.kicad_mod	cef192ea8c5b0b2a18e075ab4600c4ae5b4b2228	21663	stale-layout	deliverable folders and review sheets of earlier layout phases (gerbers, BOM and CPL, DRC, renders, 1:1 prints); none carries the current netlist
v2/release/revA/boards/meshsat-pcb-e-revA-E6/meshsat.pretty/Texas_RQM0029A_QFN-29_4x4mm.kicad_mod	e834904a82b1f8acae5a591ee5c58a2222a76b23	8906	stale-layout	deliverable folders and review sheets of earlier layout phases (gerbers, BOM and CPL, DRC, renders, 1:1 prints); none carries the current netlist
v2/release/revA/boards/meshsat-pcb-e-revA-E6/meshsat.pretty/Texas_RQQ0011A_VQFN-HR-11_2.5x3mm.kicad_mod	413b76a1947732671281ae679d70cf692791c652	6467	stale-layout	deliverable folders and review sheets of earlier layout phases (gerbers, BOM and CPL, DRC, renders, 1:1 prints); none carries the current netlist
v2/release/revA/boards/meshsat-pcb-e-revA-E6/meshsat.pretty/ToggleBody_DPDT.kicad_mod	abe2f1d39c47b7b1fc6a0d89317a83fe18d4327b	1560	stale-layout	deliverable folders and review sheets of earlier layout phases (gerbers, BOM and CPL, DRC, renders, 1:1 prints); none carries the current netlist
v2/release/revA/boards/meshsat-pcb-e-revA-E6/meshsat.pretty/ToggleBody_SPDT.kicad_mod	da327469e4115214a336e2c8cda9324d1b6c816e	1308	stale-layout	deliverable folders and review sheets of earlier layout phases (gerbers, BOM and CPL, DRC, renders, 1:1 prints); none carries the current netlist
v2/release/revA/boards/meshsat-pcb-e-revA-E6/meshsat.pretty/Vishay_VEML7700.kicad_mod	5eb1038164776db9994d9cf039ba2630c767cb30	1186	stale-layout	deliverable folders and review sheets of earlier layout phases (gerbers, BOM and CPL, DRC, renders, 1:1 prints); none carries the current netlist
v2/release/revA/boards/meshsat-pcb-e-revA-E6/meshsat.pretty/WeAct_EPD_3p7.kicad_mod	4d3218b9fb116948e290dd5085abc24818cb8251	2202	stale-layout	deliverable folders and review sheets of earlier layout phases (gerbers, BOM and CPL, DRC, renders, 1:1 prints); none carries the current netlist
v2/release/revA/boards/meshsat-pcb-e-revA-E6/meshsat.pretty/WireHole_2mm.kicad_mod	4035c0334674f2bdca516ca60f29ce0361b81d7b	689	stale-layout	deliverable folders and review sheets of earlier layout phases (gerbers, BOM and CPL, DRC, renders, 1:1 prints); none carries the current netlist
v2/release/revA/boards/meshsat-pcb-e-revA-E6/meshsat.pretty/WireLands_2x6.kicad_mod	88fb8fac6ee7b88238030791e7ca12927d4625a9	1935	stale-layout	deliverable folders and review sheets of earlier layout phases (gerbers, BOM and CPL, DRC, renders, 1:1 prints); none carries the current netlist
v2/release/revA/boards/meshsat-pcb-e-revA-E6/pcb-e1-dock-1to1-bottom-mirrored.pdf	6004017e9c1c30efec8d3a165efcb6cb14cf07f0	106594	stale-layout	deliverable folders and review sheets of earlier layout phases (gerbers, BOM and CPL, DRC, renders, 1:1 prints); none carries the current netlist
v2/release/revA/boards/meshsat-pcb-e-revA-E6/pcb-e1-dock-1to1-top.pdf	ffa4364e5a69031aa45b4e1c828da9f71df34184	179184	stale-layout	deliverable folders and review sheets of earlier layout phases (gerbers, BOM and CPL, DRC, renders, 1:1 prints); none carries the current netlist
v2/release/revA/boards/meshsat-pcb-e-revA-E6/pcb-e1-dock-bom.csv	de266d4055acd8be003a42cad38d179015d44b13	7376	stale-layout	deliverable folders and review sheets of earlier layout phases (gerbers, BOM and CPL, DRC, renders, 1:1 prints); none carries the current netlist
v2/release/revA/boards/meshsat-pcb-e-revA-E6/pcb-e1-dock-cpl.csv	ac7f064d0ae4f19a633b6241b1b9dd64c1abf25e	6320	stale-layout	deliverable folders and review sheets of earlier layout phases (gerbers, BOM and CPL, DRC, renders, 1:1 prints); none carries the current netlist
v2/release/revA/boards/meshsat-pcb-e-revA-E6/pcb-e1-dock-drc.rpt	98a9ed0bf76c79247d92a1054bafbc96dc5b56c4	19112	stale-layout	deliverable folders and review sheets of earlier layout phases (gerbers, BOM and CPL, DRC, renders, 1:1 prints); none carries the current netlist
v2/release/revA/boards/meshsat-pcb-e-revA-E6/pcb-e1-dock-gerbers.zip	4fb3142bcc2d373c723dcddff4f1cd739cc9a84b	658665	stale-layout	deliverable folders and review sheets of earlier layout phases (gerbers, BOM and CPL, DRC, renders, 1:1 prints); none carries the current netlist
v2/release/revA/boards/meshsat-pcb-e-revA-E6/pcb-e1-dock-render-bottom.png	605ef2fba4f4c141d7bf53a386cb6c4e5ee197d5	75857	stale-layout	deliverable folders and review sheets of earlier layout phases (gerbers, BOM and CPL, DRC, renders, 1:1 prints); none carries the current netlist
v2/release/revA/boards/meshsat-pcb-e-revA-E6/pcb-e1-dock-render-top.png	17e549ce28a4c70a135697460e5853d0fc0e96ee	116379	stale-layout	deliverable folders and review sheets of earlier layout phases (gerbers, BOM and CPL, DRC, renders, 1:1 prints); none carries the current netlist
v2/release/revA/boards/meshsat-pcb-e-revA-E6/pcb-e1-dock-schematic.pdf	0d1f7ebad14144ce7c647baf3ddb1f12b09c698c	1231060	stale-layout	deliverable folders and review sheets of earlier layout phases (gerbers, BOM and CPL, DRC, renders, 1:1 prints); none carries the current netlist
v2/release/revA/boards/meshsat-pcb-e-revA-E6/pcb-e1-dock.kicad_pcb	8f04b8714790d5cda1b57076170c0317d086d225	2611947	stale-layout	deliverable folders and review sheets of earlier layout phases (gerbers, BOM and CPL, DRC, renders, 1:1 prints); none carries the current netlist
v2/release/revA/boards/meshsat-pcb-e-revA-E6/pcb-e1-dock.kicad_pro	e5407e82edee586728e4b015f1795a721756ece0	12760	stale-layout	deliverable folders and review sheets of earlier layout phases (gerbers, BOM and CPL, DRC, renders, 1:1 prints); none carries the current netlist
v2/release/revA/boards/meshsat-pcb-e-revA-E6/pcb-e1-dock.kicad_sch	06e9a2d4c899270cf650f057a73ddc79af6fdaf8	561277	stale-layout	deliverable folders and review sheets of earlier layout phases (gerbers, BOM and CPL, DRC, renders, 1:1 prints); none carries the current netlist
v2/release/revA/boards/meshsat-pcb-e-revA-E7/README-fab.txt	cedeacbcfcbbf9074a2f87d4ebc05de78fc4a1d5	832	stale-layout	deliverable folders and review sheets of earlier layout phases (gerbers, BOM and CPL, DRC, renders, 1:1 prints); none carries the current netlist
v2/release/revA/boards/meshsat-pcb-e-revA-E7/meshsat.pretty/BackerScrew_M3_GND.kicad_mod	969a703459dcadfb90c646c9890937a8efd6d8a9	704	stale-layout	deliverable folders and review sheets of earlier layout phases (gerbers, BOM and CPL, DRC, renders, 1:1 prints); none carries the current netlist
v2/release/revA/boards/meshsat-pcb-e-revA-E7/meshsat.pretty/CM5_Amphenol_10164227.kicad_mod	420dacd5e3ec1a0c66b430fb525dba18d1dc2917	37300	stale-layout	deliverable folders and review sheets of earlier layout phases (gerbers, BOM and CPL, DRC, renders, 1:1 prints); none carries the current netlist
v2/release/revA/boards/meshsat-pcb-e-revA-E7/meshsat.pretty/CM5_Conn_A_10164227.kicad_mod	babefb7b93929185782ea645a07b0835ca738c07	17831	stale-layout	deliverable folders and review sheets of earlier layout phases (gerbers, BOM and CPL, DRC, renders, 1:1 prints); none carries the current netlist
v2/release/revA/boards/meshsat-pcb-e-revA-E7/meshsat.pretty/CM5_Conn_B_10164227.kicad_mod	f1a863ce6743c7cd63a13036d2b0bb8aa4dd23d1	18639	stale-layout	deliverable folders and review sheets of earlier layout phases (gerbers, BOM and CPL, DRC, renders, 1:1 prints); none carries the current netlist
v2/release/revA/boards/meshsat-pcb-e-revA-E7/meshsat.pretty/DMR858M.kicad_mod	b7eeb551102aaf3cf232a0c6261b57dd1babab12	5075	stale-layout	deliverable folders and review sheets of earlier layout phases (gerbers, BOM and CPL, DRC, renders, 1:1 prints); none carries the current netlist
v2/release/revA/boards/meshsat-pcb-e-revA-E7/meshsat.pretty/Ebyte_E22-900M30S.kicad_mod	69cdb329999d405eeb085a9587da267e9c7b5b29	3574	stale-layout	deliverable folders and review sheets of earlier layout phases (gerbers, BOM and CPL, DRC, renders, 1:1 prints); none carries the current netlist
v2/release/revA/boards/meshsat-pcb-e-revA-E7/meshsat.pretty/Ebyte_E72-2G4M20S1E.kicad_mod	d254ca6c23c8c475e80b8bed202fda372dc8ad00	7098	stale-layout	deliverable folders and review sheets of earlier layout phases (gerbers, BOM and CPL, DRC, renders, 1:1 prints); none carries the current netlist
v2/release/revA/boards/meshsat-pcb-e-revA-E7/meshsat.pretty/FrameScrew_M3_GND.kicad_mod	f92a3c2825954d6206a4affe969198fccf3a1255	950	stale-layout	deliverable folders and review sheets of earlier layout phases (gerbers, BOM and CPL, DRC, renders, 1:1 prints); none carries the current netlist
v2/release/revA/boards/meshsat-pcb-e-revA-E7/meshsat.pretty/GuardedToggle_SPDT.kicad_mod	0b93bdcd4fb501a1824a9de49059c8cc4f6af8cf	2463	stale-layout	deliverable folders and review sheets of earlier layout phases (gerbers, BOM and CPL, DRC, renders, 1:1 prints); none carries the current netlist
v2/release/revA/boards/meshsat-pcb-e-revA-E7/meshsat.pretty/GuidePin_Dock.kicad_mod	b7ea90d1631656f172b7e0570dc68d5f06551e6d	757	stale-layout	deliverable folders and review sheets of earlier layout phases (gerbers, BOM and CPL, DRC, renders, 1:1 prints); none carries the current netlist
v2/release/revA/boards/meshsat-pcb-e-revA-E7/meshsat.pretty/GuidePin_Stack.kicad_mod	6bad73715f57372d8d64c8ced5d0701583eb296a	758	stale-layout	deliverable folders and review sheets of earlier layout phases (gerbers, BOM and CPL, DRC, renders, 1:1 prints); none carries the current netlist
v2/release/revA/boards/meshsat-pcb-e-revA-E7/meshsat.pretty/Hirose_FH12-22S-0.5SH_1x22-1MP_P0.50mm_Horizontal.kicad_mod	0b67a52f9e86c229f5e76d05d0bad6fa27c9a8cd	8478	stale-layout	deliverable folders and review sheets of earlier layout phases (gerbers, BOM and CPL, DRC, renders, 1:1 prints); none carries the current netlist
v2/release/revA/boards/meshsat-pcb-e-revA-E7/meshsat.pretty/Hirose_FH34SRJ-24S.kicad_mod	fffcc0e8964fe160de31b0bb3ac0af3bef66a2a0	4027	stale-layout	deliverable folders and review sheets of earlier layout phases (gerbers, BOM and CPL, DRC, renders, 1:1 prints); none carries the current netlist
v2/release/revA/boards/meshsat-pcb-e-revA-E7/meshsat.pretty/IDC-Header_2x05_P2.54mm_Vertical_NarrowPad.kicad_mod	39ee3bb4388fbbb47907842c3da6848c2150b820	5619	stale-layout	deliverable folders and review sheets of earlier layout phases (gerbers, BOM and CPL, DRC, renders, 1:1 prints); none carries the current netlist
v2/release/revA/boards/meshsat-pcb-e-revA-E7/meshsat.pretty/IDC-Header_2x07_P2.54mm_Vertical_NarrowPad.kicad_mod	1c620b9b894ed0a9961bd0299515292c345786d8	6151	stale-layout	deliverable folders and review sheets of earlier layout phases (gerbers, BOM and CPL, DRC, renders, 1:1 prints); none carries the current netlist
v2/release/revA/boards/meshsat-pcb-e-revA-E7/meshsat.pretty/IDC-Header_2x08_P2.54mm_Vertical_NarrowPad.kicad_mod	61bab0e2646b1b9fb02fc128aa4b1ecf43ddd54f	6424	stale-layout	deliverable folders and review sheets of earlier layout phases (gerbers, BOM and CPL, DRC, renders, 1:1 prints); none carries the current netlist
v2/release/revA/boards/meshsat-pcb-e-revA-E7/meshsat.pretty/IDC-Header_2x09_P2.54mm_Vertical_NarrowPad.kicad_mod	bdbae7c0254c8a2ff7ea12b60b4ffa282bf76e39	6692	stale-layout	deliverable folders and review sheets of earlier layout phases (gerbers, BOM and CPL, DRC, renders, 1:1 prints); none carries the current netlist
v2/release/revA/boards/meshsat-pcb-e-revA-E7/meshsat.pretty/IDC-Header_2x10_P2.54mm_Vertical_NarrowPad.kicad_mod	a1a17da82ee2da5512b81af1d9b4f58dec981264	6959	stale-layout	deliverable folders and review sheets of earlier layout phases (gerbers, BOM and CPL, DRC, renders, 1:1 prints); none carries the current netlist
v2/release/revA/boards/meshsat-pcb-e-revA-E7/meshsat.pretty/IDC-Header_2x13_P2.54mm_Vertical_NarrowPad.kicad_mod	3ccffea6baf6f3fa38adb29dfd75f88d01e864c4	7764	stale-layout	deliverable folders and review sheets of earlier layout phases (gerbers, BOM and CPL, DRC, renders, 1:1 prints); none carries the current netlist
v2/release/revA/boards/meshsat-pcb-e-revA-E7/meshsat.pretty/IDC-Header_2x20_P2.54mm_Vertical_NarrowPad.kicad_mod	07f5ef3e28017ec0aa2e3b2865440f9020fbcd35	9631	stale-layout	deliverable folders and review sheets of earlier layout phases (gerbers, BOM and CPL, DRC, renders, 1:1 prints); none carries the current netlist
v2/release/revA/boards/meshsat-pcb-e-revA-E7/meshsat.pretty/LQFP-128_14x14mm_P0.4mm_EP6.0.kicad_mod	b4f32ac72c359ff96f9104f1d228d62c0340d47e	21781	stale-layout	deliverable folders and review sheets of earlier layout phases (gerbers, BOM and CPL, DRC, renders, 1:1 prints); none carries the current netlist
v2/release/revA/boards/meshsat-pcb-e-revA-E7/meshsat.pretty/LeadLands_1x02.kicad_mod	684dba90f12f0d7c586f63996de6a859f5e9104c	940	stale-layout	deliverable folders and review sheets of earlier layout phases (gerbers, BOM and CPL, DRC, renders, 1:1 prints); none carries the current netlist
v2/release/revA/boards/meshsat-pcb-e-revA-E7/meshsat.pretty/M2_B-Key_Socket_3052.kicad_mod	9d36c9d4e54be4570f4d73543a68bf7254c79832	8356	stale-layout	deliverable folders and review sheets of earlier layout phases (gerbers, BOM and CPL, DRC, renders, 1:1 prints); none carries the current netlist
v2/release/revA/boards/meshsat-pcb-e-revA-E7/meshsat.pretty/M2_E-Key_Socket_2230.kicad_mod	f535d6ccbcb8827a1ba076c8ff4d473446042c3a	11906	stale-layout	deliverable folders and review sheets of earlier layout phases (gerbers, BOM and CPL, DRC, renders, 1:1 prints); none carries the current netlist
v2/release/revA/boards/meshsat-pcb-e-revA-E7/meshsat.pretty/M2_M-Key_Socket_2242.kicad_mod	1cb336bc94bf0788b57ac315995cf9d0a460fa1b	8364	stale-layout	deliverable folders and review sheets of earlier layout phases (gerbers, BOM and CPL, DRC, renders, 1:1 prints); none carries the current netlist
v2/release/revA/boards/meshsat-pcb-e-revA-E7/meshsat.pretty/Mill-Max_0858_power_pin.kicad_mod	e7ae0538e73ccd2f68dc34445c4e96d31aaad04a	2238	stale-layout	deliverable folders and review sheets of earlier layout phases (gerbers, BOM and CPL, DRC, renders, 1:1 prints); none carries the current netlist
v2/release/revA/boards/meshsat-pcb-e-revA-E7/meshsat.pretty/Mill-Max_0858_target.kicad_mod	847341092da38e4370746c238f1ec88a109ce3a1	3349	stale-layout	deliverable folders and review sheets of earlier layout phases (gerbers, BOM and CPL, DRC, renders, 1:1 prints); none carries the current netlist
v2/release/revA/boards/meshsat-pcb-e-revA-E7/meshsat.pretty/MiniPCIe_Socket_52P_H4.0_Standoff.kicad_mod	22dfefd604c75cbf02106436d5a51850762dcefa	9992	stale-layout	deliverable folders and review sheets of earlier layout phases (gerbers, BOM and CPL, DRC, renders, 1:1 prints); none carries the current netlist
v2/release/revA/boards/meshsat-pcb-e-revA-E7/meshsat.pretty/NiceRF_SA868.kicad_mod	6d18850bc11de25f1365987feabbbe144f7b6d34	3060	stale-layout	deliverable folders and review sheets of earlier layout phases (gerbers, BOM and CPL, DRC, renders, 1:1 prints); none carries the current netlist
v2/release/revA/boards/meshsat-pcb-e-revA-E7/meshsat.pretty/PanelJack_17mm.kicad_mod	24252c51561ce62337d26bc48e3f95c2d1617b09	1860	stale-layout	deliverable folders and review sheets of earlier layout phases (gerbers, BOM and CPL, DRC, renders, 1:1 prints); none carries the current netlist
v2/release/revA/boards/meshsat-pcb-e-revA-E7/meshsat.pretty/PanelSounder.kicad_mod	1f6272b2dd125e4fb079ad7ce69c35993aa54546	1333	stale-layout	deliverable folders and review sheets of earlier layout phases (gerbers, BOM and CPL, DRC, renders, 1:1 prints); none carries the current netlist
v2/release/revA/boards/meshsat-pcb-e-revA-E7/meshsat.pretty/PanelSwitch_16mm.kicad_mod	0a623a3e226ad6174334b806b85cc4e02f26f014	1514	stale-layout	deliverable folders and review sheets of earlier layout phases (gerbers, BOM and CPL, DRC, renders, 1:1 prints); none carries the current netlist
v2/release/revA/boards/meshsat-pcb-e-revA-E7/meshsat.pretty/PanelSwitch_19mm.kicad_mod	2544a22529720cbfd41819913bfe8a522d217b31	1514	stale-layout	deliverable folders and review sheets of earlier layout phases (gerbers, BOM and CPL, DRC, renders, 1:1 prints); none carries the current netlist
v2/release/revA/boards/meshsat-pcb-e-revA-E7/meshsat.pretty/PanelToggle_DPDT.kicad_mod	f8796fa733bc66f5e2cd65cf3bfe743dc8259bbd	3533	stale-layout	deliverable folders and review sheets of earlier layout phases (gerbers, BOM and CPL, DRC, renders, 1:1 prints); none carries the current netlist
v2/release/revA/boards/meshsat-pcb-e-revA-E7/meshsat.pretty/PogoPins_2x4.kicad_mod	cb9ae20ccdc1803b624a44ff6be0787babb50f04	1514	stale-layout	deliverable folders and review sheets of earlier layout phases (gerbers, BOM and CPL, DRC, renders, 1:1 prints); none carries the current netlist
v2/release/revA/boards/meshsat-pcb-e-revA-E7/meshsat.pretty/PogoPins_2x6.kicad_mod	8705c1dca881bb048e98192cb9205567b3858eec	1921	stale-layout	deliverable folders and review sheets of earlier layout phases (gerbers, BOM and CPL, DRC, renders, 1:1 prints); none carries the current netlist
v2/release/revA/boards/meshsat-pcb-e-revA-E7/meshsat.pretty/PogoTargets_2x4.kicad_mod	f12181613f62896296bc45af4e7ac3834083dda6	1340	stale-layout	deliverable folders and review sheets of earlier layout phases (gerbers, BOM and CPL, DRC, renders, 1:1 prints); none carries the current netlist
v2/release/revA/boards/meshsat-pcb-e-revA-E7/meshsat.pretty/PogoTargets_2x6.kicad_mod	0b5028a70be47bd7156e7cd419f0b644f5aeea8d	1663	stale-layout	deliverable folders and review sheets of earlier layout phases (gerbers, BOM and CPL, DRC, renders, 1:1 prints); none carries the current netlist
v2/release/revA/boards/meshsat-pcb-e-revA-E7/meshsat.pretty/Pulse_H5007NL.kicad_mod	0365d0017c5fdefcf0c59e2f745747dd0cd2694c	3574	stale-layout	deliverable folders and review sheets of earlier layout phases (gerbers, BOM and CPL, DRC, renders, 1:1 prints); none carries the current netlist
v2/release/revA/boards/meshsat-pcb-e-revA-E7/meshsat.pretty/Quectel_LG290P.kicad_mod	ab90aab3dc4e8587536055e9f55ba474764d6e8f	8796	stale-layout	deliverable folders and review sheets of earlier layout phases (gerbers, BOM and CPL, DRC, renders, 1:1 prints); none carries the current netlist
v2/release/revA/boards/meshsat-pcb-e-revA-E7/meshsat.pretty/Radiall_SMPMAX_R222M00720.kicad_mod	8b85546846fa3c00ab365f63af42027532b2ec52	4584	stale-layout	deliverable folders and review sheets of earlier layout phases (gerbers, BOM and CPL, DRC, renders, 1:1 prints); none carries the current netlist
v2/release/revA/boards/meshsat-pcb-e-revA-E7/meshsat.pretty/Seeed_Wio-SX1262.kicad_mod	13f3ad42fc07c6d98e2b3a1ef174374bfb80672a	4015	stale-layout	deliverable folders and review sheets of earlier layout phases (gerbers, BOM and CPL, DRC, renders, 1:1 prints); none carries the current netlist
v2/release/revA/boards/meshsat-pcb-e-revA-E7/meshsat.pretty/Skyworks_SKY13351_MLPD-6_1x1mm.kicad_mod	9d715f84372f857d74f88d2b1d431771594dd4cb	1840	stale-layout	deliverable folders and review sheets of earlier layout phases (gerbers, BOM and CPL, DRC, renders, 1:1 prints); none carries the current netlist
v2/release/revA/boards/meshsat-pcb-e-revA-E7/meshsat.pretty/Slot_5x1.8_NPTH.kicad_mod	aa14174da5d277214ebb334ecbb5f0cede22eb27	428	stale-layout	deliverable folders and review sheets of earlier layout phases (gerbers, BOM and CPL, DRC, renders, 1:1 prints); none carries the current netlist
v2/release/revA/boards/meshsat-pcb-e-revA-E7/meshsat.pretty/SolderPad_8x6.kicad_mod	e54e951880f1177e8d14d774300fc58679397740	644	stale-layout	deliverable folders and review sheets of earlier layout phases (gerbers, BOM and CPL, DRC, renders, 1:1 prints); none carries the current netlist
v2/release/revA/boards/meshsat-pcb-e-revA-E7/meshsat.pretty/TQFP-128_14x14mm_P0.4mm_EP10.0.kicad_mod	cef192ea8c5b0b2a18e075ab4600c4ae5b4b2228	21663	stale-layout	deliverable folders and review sheets of earlier layout phases (gerbers, BOM and CPL, DRC, renders, 1:1 prints); none carries the current netlist
v2/release/revA/boards/meshsat-pcb-e-revA-E7/meshsat.pretty/Texas_RKS0020A_VQFN-20_2.5x4.5mm.kicad_mod	9300f208435ad56c03bddd6ce95651e0a73731c1	3541	stale-layout	deliverable folders and review sheets of earlier layout phases (gerbers, BOM and CPL, DRC, renders, 1:1 prints); none carries the current netlist
v2/release/revA/boards/meshsat-pcb-e-revA-E7/meshsat.pretty/Texas_RQM0029A_QFN-29_4x4mm.kicad_mod	e834904a82b1f8acae5a591ee5c58a2222a76b23	8906	stale-layout	deliverable folders and review sheets of earlier layout phases (gerbers, BOM and CPL, DRC, renders, 1:1 prints); none carries the current netlist
v2/release/revA/boards/meshsat-pcb-e-revA-E7/meshsat.pretty/Texas_RQQ0011A_VQFN-HR-11_2.5x3mm.kicad_mod	413b76a1947732671281ae679d70cf692791c652	6467	stale-layout	deliverable folders and review sheets of earlier layout phases (gerbers, BOM and CPL, DRC, renders, 1:1 prints); none carries the current netlist
v2/release/revA/boards/meshsat-pcb-e-revA-E7/meshsat.pretty/Texas_RSE0010A_UQFN-10_1.5x2mm.kicad_mod	d91e3d1cdf26eec817fadd3d83f7a8473cfa62c9	2333	stale-layout	deliverable folders and review sheets of earlier layout phases (gerbers, BOM and CPL, DRC, renders, 1:1 prints); none carries the current netlist
v2/release/revA/boards/meshsat-pcb-e-revA-E7/meshsat.pretty/ToggleBody_DPDT.kicad_mod	abe2f1d39c47b7b1fc6a0d89317a83fe18d4327b	1560	stale-layout	deliverable folders and review sheets of earlier layout phases (gerbers, BOM and CPL, DRC, renders, 1:1 prints); none carries the current netlist
v2/release/revA/boards/meshsat-pcb-e-revA-E7/meshsat.pretty/ToggleBody_SPDT.kicad_mod	da327469e4115214a336e2c8cda9324d1b6c816e	1308	stale-layout	deliverable folders and review sheets of earlier layout phases (gerbers, BOM and CPL, DRC, renders, 1:1 prints); none carries the current netlist
v2/release/revA/boards/meshsat-pcb-e-revA-E7/meshsat.pretty/Vishay_VEML7700.kicad_mod	5eb1038164776db9994d9cf039ba2630c767cb30	1186	stale-layout	deliverable folders and review sheets of earlier layout phases (gerbers, BOM and CPL, DRC, renders, 1:1 prints); none carries the current netlist
v2/release/revA/boards/meshsat-pcb-e-revA-E7/meshsat.pretty/WeAct_EPD_3p7.kicad_mod	4d3218b9fb116948e290dd5085abc24818cb8251	2202	stale-layout	deliverable folders and review sheets of earlier layout phases (gerbers, BOM and CPL, DRC, renders, 1:1 prints); none carries the current netlist
v2/release/revA/boards/meshsat-pcb-e-revA-E7/meshsat.pretty/WireHole_2mm.kicad_mod	4035c0334674f2bdca516ca60f29ce0361b81d7b	689	stale-layout	deliverable folders and review sheets of earlier layout phases (gerbers, BOM and CPL, DRC, renders, 1:1 prints); none carries the current netlist
v2/release/revA/boards/meshsat-pcb-e-revA-E7/meshsat.pretty/WireLands_2x6.kicad_mod	88fb8fac6ee7b88238030791e7ca12927d4625a9	1935	stale-layout	deliverable folders and review sheets of earlier layout phases (gerbers, BOM and CPL, DRC, renders, 1:1 prints); none carries the current netlist
v2/release/revA/boards/meshsat-pcb-e-revA-E7/pcb-e1-dock-1to1-bottom-mirrored.pdf	d1634a342239a042673a89a07df4ff9eb2bb069a	106648	stale-layout	deliverable folders and review sheets of earlier layout phases (gerbers, BOM and CPL, DRC, renders, 1:1 prints); none carries the current netlist
v2/release/revA/boards/meshsat-pcb-e-revA-E7/pcb-e1-dock-1to1-top.pdf	2fb602e5f561a0c68e44a0cd2da9696d03c2231a	179011	stale-layout	deliverable folders and review sheets of earlier layout phases (gerbers, BOM and CPL, DRC, renders, 1:1 prints); none carries the current netlist
v2/release/revA/boards/meshsat-pcb-e-revA-E7/pcb-e1-dock-board.sha256	26ac633037206e4839606f592986b7985c27e516	65	stale-layout	deliverable folders and review sheets of earlier layout phases (gerbers, BOM and CPL, DRC, renders, 1:1 prints); none carries the current netlist
v2/release/revA/boards/meshsat-pcb-e-revA-E7/pcb-e1-dock-bom-full.csv	6e33ffed30a66c8f7e8fe0b3e0e690562c0f858c	9556	stale-layout	deliverable folders and review sheets of earlier layout phases (gerbers, BOM and CPL, DRC, renders, 1:1 prints); none carries the current netlist
v2/release/revA/boards/meshsat-pcb-e-revA-E7/pcb-e1-dock-bom.csv	7eeaf3f64d801c700a0eb198581da229f9d3af20	7634	stale-layout	deliverable folders and review sheets of earlier layout phases (gerbers, BOM and CPL, DRC, renders, 1:1 prints); none carries the current netlist
v2/release/revA/boards/meshsat-pcb-e-revA-E7/pcb-e1-dock-bom.status	d86bac9de59abcc26bc7956c1e842237c7581859	3	stale-layout	deliverable folders and review sheets of earlier layout phases (gerbers, BOM and CPL, DRC, renders, 1:1 prints); none carries the current netlist
v2/release/revA/boards/meshsat-pcb-e-revA-E7/pcb-e1-dock-cpl.csv	18fac4eabad744ec1684886ea82ffe332a4adbc0	6320	stale-layout	deliverable folders and review sheets of earlier layout phases (gerbers, BOM and CPL, DRC, renders, 1:1 prints); none carries the current netlist
v2/release/revA/boards/meshsat-pcb-e-revA-E7/pcb-e1-dock-drc.rpt	09ce1031e3c1629ec81065b7aa96e4d0efd33445	18502	stale-layout	deliverable folders and review sheets of earlier layout phases (gerbers, BOM and CPL, DRC, renders, 1:1 prints); none carries the current netlist
v2/release/revA/boards/meshsat-pcb-e-revA-E7/pcb-e1-dock-gerbers.zip	046b0d63fe35f16e005ef31e404edefe6e1c92c1	671754	stale-layout	deliverable folders and review sheets of earlier layout phases (gerbers, BOM and CPL, DRC, renders, 1:1 prints); none carries the current netlist
v2/release/revA/boards/meshsat-pcb-e-revA-E7/pcb-e1-dock-render-bottom.png	19c05095354c1928482cd13408df75d04cd1f5e2	70379	stale-layout	deliverable folders and review sheets of earlier layout phases (gerbers, BOM and CPL, DRC, renders, 1:1 prints); none carries the current netlist
v2/release/revA/boards/meshsat-pcb-e-revA-E7/pcb-e1-dock-render-top.png	ffbd6a3644ef1cc80ab039326ab4c21c7ed926af	115428	stale-layout	deliverable folders and review sheets of earlier layout phases (gerbers, BOM and CPL, DRC, renders, 1:1 prints); none carries the current netlist
v2/release/revA/boards/meshsat-pcb-e-revA-E7/pcb-e1-dock-schematic.pdf	79666f868e672e98dc93b99579891f3784c20099	1241501	stale-layout	deliverable folders and review sheets of earlier layout phases (gerbers, BOM and CPL, DRC, renders, 1:1 prints); none carries the current netlist
v2/release/revA/boards/meshsat-pcb-e-revA-E7/pcb-e1-dock.kicad_pcb	76620ef70687dfbfaaaba45f20f7beced0e67717	2669793	stale-layout	deliverable folders and review sheets of earlier layout phases (gerbers, BOM and CPL, DRC, renders, 1:1 prints); none carries the current netlist
v2/release/revA/boards/meshsat-pcb-e-revA-E7/pcb-e1-dock.kicad_pro	c86be6f47406149329664393e19721bc666bd899	12756	stale-layout	deliverable folders and review sheets of earlier layout phases (gerbers, BOM and CPL, DRC, renders, 1:1 prints); none carries the current netlist
v2/release/revA/boards/meshsat-pcb-e-revA-E7/pcb-e1-dock.kicad_sch	530482f38100763cf5c4cf46a5b059a38d705e18	561770	stale-layout	deliverable folders and review sheets of earlier layout phases (gerbers, BOM and CPL, DRC, renders, 1:1 prints); none carries the current netlist
v2/release/revA/boards/meshsat-pcb-e-revA-E9/README-fab.txt	88fadfb180ff7b0df935bbf1384e227481e00e96	657	stale-layout	deliverable folders and review sheets of earlier layout phases (gerbers, BOM and CPL, DRC, renders, 1:1 prints); none carries the current netlist
v2/release/revA/boards/meshsat-pcb-e-revA-E9/meshsat.pretty/BackerScrew_M3_GND.kicad_mod	969a703459dcadfb90c646c9890937a8efd6d8a9	704	stale-layout	deliverable folders and review sheets of earlier layout phases (gerbers, BOM and CPL, DRC, renders, 1:1 prints); none carries the current netlist
v2/release/revA/boards/meshsat-pcb-e-revA-E9/meshsat.pretty/CM5_Amphenol_10164227.kicad_mod	420dacd5e3ec1a0c66b430fb525dba18d1dc2917	37300	stale-layout	deliverable folders and review sheets of earlier layout phases (gerbers, BOM and CPL, DRC, renders, 1:1 prints); none carries the current netlist
v2/release/revA/boards/meshsat-pcb-e-revA-E9/meshsat.pretty/CM5_Conn_A_10164227.kicad_mod	babefb7b93929185782ea645a07b0835ca738c07	17831	stale-layout	deliverable folders and review sheets of earlier layout phases (gerbers, BOM and CPL, DRC, renders, 1:1 prints); none carries the current netlist
v2/release/revA/boards/meshsat-pcb-e-revA-E9/meshsat.pretty/CM5_Conn_B_10164227.kicad_mod	f1a863ce6743c7cd63a13036d2b0bb8aa4dd23d1	18639	stale-layout	deliverable folders and review sheets of earlier layout phases (gerbers, BOM and CPL, DRC, renders, 1:1 prints); none carries the current netlist
v2/release/revA/boards/meshsat-pcb-e-revA-E9/meshsat.pretty/DMR858M.kicad_mod	b7eeb551102aaf3cf232a0c6261b57dd1babab12	5075	stale-layout	deliverable folders and review sheets of earlier layout phases (gerbers, BOM and CPL, DRC, renders, 1:1 prints); none carries the current netlist
v2/release/revA/boards/meshsat-pcb-e-revA-E9/meshsat.pretty/Ebyte_E22-900M30S.kicad_mod	69cdb329999d405eeb085a9587da267e9c7b5b29	3574	stale-layout	deliverable folders and review sheets of earlier layout phases (gerbers, BOM and CPL, DRC, renders, 1:1 prints); none carries the current netlist
v2/release/revA/boards/meshsat-pcb-e-revA-E9/meshsat.pretty/Ebyte_E72-2G4M20S1E.kicad_mod	d254ca6c23c8c475e80b8bed202fda372dc8ad00	7098	stale-layout	deliverable folders and review sheets of earlier layout phases (gerbers, BOM and CPL, DRC, renders, 1:1 prints); none carries the current netlist
v2/release/revA/boards/meshsat-pcb-e-revA-E9/meshsat.pretty/FrameScrew_M3_GND.kicad_mod	f92a3c2825954d6206a4affe969198fccf3a1255	950	stale-layout	deliverable folders and review sheets of earlier layout phases (gerbers, BOM and CPL, DRC, renders, 1:1 prints); none carries the current netlist
v2/release/revA/boards/meshsat-pcb-e-revA-E9/meshsat.pretty/GuardedToggle_SPDT.kicad_mod	0b93bdcd4fb501a1824a9de49059c8cc4f6af8cf	2463	stale-layout	deliverable folders and review sheets of earlier layout phases (gerbers, BOM and CPL, DRC, renders, 1:1 prints); none carries the current netlist
v2/release/revA/boards/meshsat-pcb-e-revA-E9/meshsat.pretty/GuidePin_Dock.kicad_mod	b7ea90d1631656f172b7e0570dc68d5f06551e6d	757	stale-layout	deliverable folders and review sheets of earlier layout phases (gerbers, BOM and CPL, DRC, renders, 1:1 prints); none carries the current netlist
v2/release/revA/boards/meshsat-pcb-e-revA-E9/meshsat.pretty/GuidePin_Stack.kicad_mod	6bad73715f57372d8d64c8ced5d0701583eb296a	758	stale-layout	deliverable folders and review sheets of earlier layout phases (gerbers, BOM and CPL, DRC, renders, 1:1 prints); none carries the current netlist
v2/release/revA/boards/meshsat-pcb-e-revA-E9/meshsat.pretty/Hirose_FH12-22S-0.5SH_1x22-1MP_P0.50mm_Horizontal.kicad_mod	0b67a52f9e86c229f5e76d05d0bad6fa27c9a8cd	8478	stale-layout	deliverable folders and review sheets of earlier layout phases (gerbers, BOM and CPL, DRC, renders, 1:1 prints); none carries the current netlist
v2/release/revA/boards/meshsat-pcb-e-revA-E9/meshsat.pretty/Hirose_FH34SRJ-24S.kicad_mod	fffcc0e8964fe160de31b0bb3ac0af3bef66a2a0	4027	stale-layout	deliverable folders and review sheets of earlier layout phases (gerbers, BOM and CPL, DRC, renders, 1:1 prints); none carries the current netlist
v2/release/revA/boards/meshsat-pcb-e-revA-E9/meshsat.pretty/IDC-Header_2x05_P2.54mm_Vertical_NarrowPad.kicad_mod	39ee3bb4388fbbb47907842c3da6848c2150b820	5619	stale-layout	deliverable folders and review sheets of earlier layout phases (gerbers, BOM and CPL, DRC, renders, 1:1 prints); none carries the current netlist
v2/release/revA/boards/meshsat-pcb-e-revA-E9/meshsat.pretty/IDC-Header_2x07_P2.54mm_Vertical_NarrowPad.kicad_mod	1c620b9b894ed0a9961bd0299515292c345786d8	6151	stale-layout	deliverable folders and review sheets of earlier layout phases (gerbers, BOM and CPL, DRC, renders, 1:1 prints); none carries the current netlist
v2/release/revA/boards/meshsat-pcb-e-revA-E9/meshsat.pretty/IDC-Header_2x08_P2.54mm_Vertical_NarrowPad.kicad_mod	61bab0e2646b1b9fb02fc128aa4b1ecf43ddd54f	6424	stale-layout	deliverable folders and review sheets of earlier layout phases (gerbers, BOM and CPL, DRC, renders, 1:1 prints); none carries the current netlist
v2/release/revA/boards/meshsat-pcb-e-revA-E9/meshsat.pretty/IDC-Header_2x09_P2.54mm_Vertical_NarrowPad.kicad_mod	bdbae7c0254c8a2ff7ea12b60b4ffa282bf76e39	6692	stale-layout	deliverable folders and review sheets of earlier layout phases (gerbers, BOM and CPL, DRC, renders, 1:1 prints); none carries the current netlist
v2/release/revA/boards/meshsat-pcb-e-revA-E9/meshsat.pretty/IDC-Header_2x10_P2.54mm_Vertical_NarrowPad.kicad_mod	a1a17da82ee2da5512b81af1d9b4f58dec981264	6959	stale-layout	deliverable folders and review sheets of earlier layout phases (gerbers, BOM and CPL, DRC, renders, 1:1 prints); none carries the current netlist
v2/release/revA/boards/meshsat-pcb-e-revA-E9/meshsat.pretty/IDC-Header_2x13_P2.54mm_Vertical_NarrowPad.kicad_mod	3ccffea6baf6f3fa38adb29dfd75f88d01e864c4	7764	stale-layout	deliverable folders and review sheets of earlier layout phases (gerbers, BOM and CPL, DRC, renders, 1:1 prints); none carries the current netlist
v2/release/revA/boards/meshsat-pcb-e-revA-E9/meshsat.pretty/IDC-Header_2x20_P2.54mm_Vertical_NarrowPad.kicad_mod	07f5ef3e28017ec0aa2e3b2865440f9020fbcd35	9631	stale-layout	deliverable folders and review sheets of earlier layout phases (gerbers, BOM and CPL, DRC, renders, 1:1 prints); none carries the current netlist
v2/release/revA/boards/meshsat-pcb-e-revA-E9/meshsat.pretty/LQFP-128_14x14mm_P0.4mm_EP6.0.kicad_mod	b4f32ac72c359ff96f9104f1d228d62c0340d47e	21781	stale-layout	deliverable folders and review sheets of earlier layout phases (gerbers, BOM and CPL, DRC, renders, 1:1 prints); none carries the current netlist
v2/release/revA/boards/meshsat-pcb-e-revA-E9/meshsat.pretty/LeadLands_1x02.kicad_mod	684dba90f12f0d7c586f63996de6a859f5e9104c	940	stale-layout	deliverable folders and review sheets of earlier layout phases (gerbers, BOM and CPL, DRC, renders, 1:1 prints); none carries the current netlist
v2/release/revA/boards/meshsat-pcb-e-revA-E9/meshsat.pretty/M2_B-Key_Socket_3052.kicad_mod	9d36c9d4e54be4570f4d73543a68bf7254c79832	8356	stale-layout	deliverable folders and review sheets of earlier layout phases (gerbers, BOM and CPL, DRC, renders, 1:1 prints); none carries the current netlist
v2/release/revA/boards/meshsat-pcb-e-revA-E9/meshsat.pretty/M2_E-Key_Socket_2230.kicad_mod	f535d6ccbcb8827a1ba076c8ff4d473446042c3a	11906	stale-layout	deliverable folders and review sheets of earlier layout phases (gerbers, BOM and CPL, DRC, renders, 1:1 prints); none carries the current netlist
v2/release/revA/boards/meshsat-pcb-e-revA-E9/meshsat.pretty/M2_M-Key_Socket_2242.kicad_mod	1cb336bc94bf0788b57ac315995cf9d0a460fa1b	8364	stale-layout	deliverable folders and review sheets of earlier layout phases (gerbers, BOM and CPL, DRC, renders, 1:1 prints); none carries the current netlist
v2/release/revA/boards/meshsat-pcb-e-revA-E9/meshsat.pretty/Mill-Max_0858_power_pin.kicad_mod	e7ae0538e73ccd2f68dc34445c4e96d31aaad04a	2238	stale-layout	deliverable folders and review sheets of earlier layout phases (gerbers, BOM and CPL, DRC, renders, 1:1 prints); none carries the current netlist
v2/release/revA/boards/meshsat-pcb-e-revA-E9/meshsat.pretty/Mill-Max_0858_target.kicad_mod	847341092da38e4370746c238f1ec88a109ce3a1	3349	stale-layout	deliverable folders and review sheets of earlier layout phases (gerbers, BOM and CPL, DRC, renders, 1:1 prints); none carries the current netlist
v2/release/revA/boards/meshsat-pcb-e-revA-E9/meshsat.pretty/MiniPCIe_Socket_52P_H4.0_Standoff.kicad_mod	22dfefd604c75cbf02106436d5a51850762dcefa	9992	stale-layout	deliverable folders and review sheets of earlier layout phases (gerbers, BOM and CPL, DRC, renders, 1:1 prints); none carries the current netlist
v2/release/revA/boards/meshsat-pcb-e-revA-E9/meshsat.pretty/NiceRF_SA868.kicad_mod	6d18850bc11de25f1365987feabbbe144f7b6d34	3060	stale-layout	deliverable folders and review sheets of earlier layout phases (gerbers, BOM and CPL, DRC, renders, 1:1 prints); none carries the current netlist
v2/release/revA/boards/meshsat-pcb-e-revA-E9/meshsat.pretty/PanelJack_17mm.kicad_mod	24252c51561ce62337d26bc48e3f95c2d1617b09	1860	stale-layout	deliverable folders and review sheets of earlier layout phases (gerbers, BOM and CPL, DRC, renders, 1:1 prints); none carries the current netlist
v2/release/revA/boards/meshsat-pcb-e-revA-E9/meshsat.pretty/PanelSounder.kicad_mod	1f6272b2dd125e4fb079ad7ce69c35993aa54546	1333	stale-layout	deliverable folders and review sheets of earlier layout phases (gerbers, BOM and CPL, DRC, renders, 1:1 prints); none carries the current netlist
v2/release/revA/boards/meshsat-pcb-e-revA-E9/meshsat.pretty/PanelSwitch_16mm.kicad_mod	0a623a3e226ad6174334b806b85cc4e02f26f014	1514	stale-layout	deliverable folders and review sheets of earlier layout phases (gerbers, BOM and CPL, DRC, renders, 1:1 prints); none carries the current netlist
v2/release/revA/boards/meshsat-pcb-e-revA-E9/meshsat.pretty/PanelSwitch_19mm.kicad_mod	2544a22529720cbfd41819913bfe8a522d217b31	1514	stale-layout	deliverable folders and review sheets of earlier layout phases (gerbers, BOM and CPL, DRC, renders, 1:1 prints); none carries the current netlist
v2/release/revA/boards/meshsat-pcb-e-revA-E9/meshsat.pretty/PanelToggle_DPDT.kicad_mod	f8796fa733bc66f5e2cd65cf3bfe743dc8259bbd	3533	stale-layout	deliverable folders and review sheets of earlier layout phases (gerbers, BOM and CPL, DRC, renders, 1:1 prints); none carries the current netlist
v2/release/revA/boards/meshsat-pcb-e-revA-E9/meshsat.pretty/PogoPins_2x4.kicad_mod	cb9ae20ccdc1803b624a44ff6be0787babb50f04	1514	stale-layout	deliverable folders and review sheets of earlier layout phases (gerbers, BOM and CPL, DRC, renders, 1:1 prints); none carries the current netlist
v2/release/revA/boards/meshsat-pcb-e-revA-E9/meshsat.pretty/PogoPins_2x6.kicad_mod	8705c1dca881bb048e98192cb9205567b3858eec	1921	stale-layout	deliverable folders and review sheets of earlier layout phases (gerbers, BOM and CPL, DRC, renders, 1:1 prints); none carries the current netlist
v2/release/revA/boards/meshsat-pcb-e-revA-E9/meshsat.pretty/PogoTargets_2x4.kicad_mod	f12181613f62896296bc45af4e7ac3834083dda6	1340	stale-layout	deliverable folders and review sheets of earlier layout phases (gerbers, BOM and CPL, DRC, renders, 1:1 prints); none carries the current netlist
v2/release/revA/boards/meshsat-pcb-e-revA-E9/meshsat.pretty/PogoTargets_2x6.kicad_mod	0b5028a70be47bd7156e7cd419f0b644f5aeea8d	1663	stale-layout	deliverable folders and review sheets of earlier layout phases (gerbers, BOM and CPL, DRC, renders, 1:1 prints); none carries the current netlist
v2/release/revA/boards/meshsat-pcb-e-revA-E9/meshsat.pretty/Pulse_H5007NL.kicad_mod	0365d0017c5fdefcf0c59e2f745747dd0cd2694c	3574	stale-layout	deliverable folders and review sheets of earlier layout phases (gerbers, BOM and CPL, DRC, renders, 1:1 prints); none carries the current netlist
v2/release/revA/boards/meshsat-pcb-e-revA-E9/meshsat.pretty/Quectel_LG290P.kicad_mod	ab90aab3dc4e8587536055e9f55ba474764d6e8f	8796	stale-layout	deliverable folders and review sheets of earlier layout phases (gerbers, BOM and CPL, DRC, renders, 1:1 prints); none carries the current netlist
v2/release/revA/boards/meshsat-pcb-e-revA-E9/meshsat.pretty/Radiall_SMPMAX_R222M00720.kicad_mod	8b85546846fa3c00ab365f63af42027532b2ec52	4584	stale-layout	deliverable folders and review sheets of earlier layout phases (gerbers, BOM and CPL, DRC, renders, 1:1 prints); none carries the current netlist
v2/release/revA/boards/meshsat-pcb-e-revA-E9/meshsat.pretty/Seeed_Wio-SX1262.kicad_mod	13f3ad42fc07c6d98e2b3a1ef174374bfb80672a	4015	stale-layout	deliverable folders and review sheets of earlier layout phases (gerbers, BOM and CPL, DRC, renders, 1:1 prints); none carries the current netlist
v2/release/revA/boards/meshsat-pcb-e-revA-E9/meshsat.pretty/Skyworks_SKY13351_MLPD-6_1x1mm.kicad_mod	9d715f84372f857d74f88d2b1d431771594dd4cb	1840	stale-layout	deliverable folders and review sheets of earlier layout phases (gerbers, BOM and CPL, DRC, renders, 1:1 prints); none carries the current netlist
v2/release/revA/boards/meshsat-pcb-e-revA-E9/meshsat.pretty/Slot_5x1.8_NPTH.kicad_mod	aa14174da5d277214ebb334ecbb5f0cede22eb27	428	stale-layout	deliverable folders and review sheets of earlier layout phases (gerbers, BOM and CPL, DRC, renders, 1:1 prints); none carries the current netlist
v2/release/revA/boards/meshsat-pcb-e-revA-E9/meshsat.pretty/SolderPad_8x6.kicad_mod	e54e951880f1177e8d14d774300fc58679397740	644	stale-layout	deliverable folders and review sheets of earlier layout phases (gerbers, BOM and CPL, DRC, renders, 1:1 prints); none carries the current netlist
v2/release/revA/boards/meshsat-pcb-e-revA-E9/meshsat.pretty/TQFP-128_14x14mm_P0.4mm_EP10.0.kicad_mod	cef192ea8c5b0b2a18e075ab4600c4ae5b4b2228	21663	stale-layout	deliverable folders and review sheets of earlier layout phases (gerbers, BOM and CPL, DRC, renders, 1:1 prints); none carries the current netlist
v2/release/revA/boards/meshsat-pcb-e-revA-E9/meshsat.pretty/Texas_RKS0020A_VQFN-20_2.5x4.5mm.kicad_mod	9300f208435ad56c03bddd6ce95651e0a73731c1	3541	stale-layout	deliverable folders and review sheets of earlier layout phases (gerbers, BOM and CPL, DRC, renders, 1:1 prints); none carries the current netlist
v2/release/revA/boards/meshsat-pcb-e-revA-E9/meshsat.pretty/Texas_RQM0029A_QFN-29_4x4mm.kicad_mod	e834904a82b1f8acae5a591ee5c58a2222a76b23	8906	stale-layout	deliverable folders and review sheets of earlier layout phases (gerbers, BOM and CPL, DRC, renders, 1:1 prints); none carries the current netlist
v2/release/revA/boards/meshsat-pcb-e-revA-E9/meshsat.pretty/Texas_RQQ0011A_VQFN-HR-11_2.5x3mm.kicad_mod	413b76a1947732671281ae679d70cf692791c652	6467	stale-layout	deliverable folders and review sheets of earlier layout phases (gerbers, BOM and CPL, DRC, renders, 1:1 prints); none carries the current netlist
v2/release/revA/boards/meshsat-pcb-e-revA-E9/meshsat.pretty/Texas_RSE0010A_UQFN-10_1.5x2mm.kicad_mod	d91e3d1cdf26eec817fadd3d83f7a8473cfa62c9	2333	stale-layout	deliverable folders and review sheets of earlier layout phases (gerbers, BOM and CPL, DRC, renders, 1:1 prints); none carries the current netlist
v2/release/revA/boards/meshsat-pcb-e-revA-E9/meshsat.pretty/ToggleBody_DPDT.kicad_mod	abe2f1d39c47b7b1fc6a0d89317a83fe18d4327b	1560	stale-layout	deliverable folders and review sheets of earlier layout phases (gerbers, BOM and CPL, DRC, renders, 1:1 prints); none carries the current netlist
v2/release/revA/boards/meshsat-pcb-e-revA-E9/meshsat.pretty/ToggleBody_SPDT.kicad_mod	da327469e4115214a336e2c8cda9324d1b6c816e	1308	stale-layout	deliverable folders and review sheets of earlier layout phases (gerbers, BOM and CPL, DRC, renders, 1:1 prints); none carries the current netlist
v2/release/revA/boards/meshsat-pcb-e-revA-E9/meshsat.pretty/Vishay_VEML7700.kicad_mod	5eb1038164776db9994d9cf039ba2630c767cb30	1186	stale-layout	deliverable folders and review sheets of earlier layout phases (gerbers, BOM and CPL, DRC, renders, 1:1 prints); none carries the current netlist
v2/release/revA/boards/meshsat-pcb-e-revA-E9/meshsat.pretty/WeAct_EPD_3p7.kicad_mod	4d3218b9fb116948e290dd5085abc24818cb8251	2202	stale-layout	deliverable folders and review sheets of earlier layout phases (gerbers, BOM and CPL, DRC, renders, 1:1 prints); none carries the current netlist
v2/release/revA/boards/meshsat-pcb-e-revA-E9/meshsat.pretty/WireHole_2mm.kicad_mod	4035c0334674f2bdca516ca60f29ce0361b81d7b	689	stale-layout	deliverable folders and review sheets of earlier layout phases (gerbers, BOM and CPL, DRC, renders, 1:1 prints); none carries the current netlist
v2/release/revA/boards/meshsat-pcb-e-revA-E9/meshsat.pretty/WireLands_2x6.kicad_mod	88fb8fac6ee7b88238030791e7ca12927d4625a9	1935	stale-layout	deliverable folders and review sheets of earlier layout phases (gerbers, BOM and CPL, DRC, renders, 1:1 prints); none carries the current netlist
v2/release/revA/boards/meshsat-pcb-e-revA-E9/pcb-e1-dock-1to1-bottom-mirrored.pdf	ecd7f8659c10d10c58b4ca2292fe2997bd1228c2	106619	stale-layout	deliverable folders and review sheets of earlier layout phases (gerbers, BOM and CPL, DRC, renders, 1:1 prints); none carries the current netlist
v2/release/revA/boards/meshsat-pcb-e-revA-E9/pcb-e1-dock-1to1-top.pdf	dc30ec50dc53b66820dcb4a2decfce8338e8ae36	178881	stale-layout	deliverable folders and review sheets of earlier layout phases (gerbers, BOM and CPL, DRC, renders, 1:1 prints); none carries the current netlist
v2/release/revA/boards/meshsat-pcb-e-revA-E9/pcb-e1-dock-board.sha256	a64f42c5d56dce12b5723cb9df0b93bfcd63a3cc	65	stale-layout	deliverable folders and review sheets of earlier layout phases (gerbers, BOM and CPL, DRC, renders, 1:1 prints); none carries the current netlist
v2/release/revA/boards/meshsat-pcb-e-revA-E9/pcb-e1-dock-bom-full.csv	6e33ffed30a66c8f7e8fe0b3e0e690562c0f858c	9556	stale-layout	deliverable folders and review sheets of earlier layout phases (gerbers, BOM and CPL, DRC, renders, 1:1 prints); none carries the current netlist
v2/release/revA/boards/meshsat-pcb-e-revA-E9/pcb-e1-dock-bom.csv	7a1d310223063b6159f1fcca2f65de3d7c4a24c1	7635	stale-layout	deliverable folders and review sheets of earlier layout phases (gerbers, BOM and CPL, DRC, renders, 1:1 prints); none carries the current netlist
v2/release/revA/boards/meshsat-pcb-e-revA-E9/pcb-e1-dock-bom.status	d86bac9de59abcc26bc7956c1e842237c7581859	3	stale-layout	deliverable folders and review sheets of earlier layout phases (gerbers, BOM and CPL, DRC, renders, 1:1 prints); none carries the current netlist
v2/release/revA/boards/meshsat-pcb-e-revA-E9/pcb-e1-dock-cpl.csv	18fac4eabad744ec1684886ea82ffe332a4adbc0	6320	stale-layout	deliverable folders and review sheets of earlier layout phases (gerbers, BOM and CPL, DRC, renders, 1:1 prints); none carries the current netlist
v2/release/revA/boards/meshsat-pcb-e-revA-E9/pcb-e1-dock-drc.rpt	541b740831b19c013f8ea14d67143bf291a52b54	15195	stale-layout	deliverable folders and review sheets of earlier layout phases (gerbers, BOM and CPL, DRC, renders, 1:1 prints); none carries the current netlist
v2/release/revA/boards/meshsat-pcb-e-revA-E9/pcb-e1-dock-gerbers.zip	106aab6f3c9898c3ded4d18c902517fd3a36ffe8	661991	stale-layout	deliverable folders and review sheets of earlier layout phases (gerbers, BOM and CPL, DRC, renders, 1:1 prints); none carries the current netlist
v2/release/revA/boards/meshsat-pcb-e-revA-E9/pcb-e1-dock-render-bottom.png	48c715fd954f1e494a94f35235ee5d0211fbfb7a	76350	stale-layout	deliverable folders and review sheets of earlier layout phases (gerbers, BOM and CPL, DRC, renders, 1:1 prints); none carries the current netlist
v2/release/revA/boards/meshsat-pcb-e-revA-E9/pcb-e1-dock-render-top.png	de6218d3d2eead6a28c851021b566d73b04eb10e	116830	stale-layout	deliverable folders and review sheets of earlier layout phases (gerbers, BOM and CPL, DRC, renders, 1:1 prints); none carries the current netlist
v2/release/revA/boards/meshsat-pcb-e-revA-E9/pcb-e1-dock-schematic.pdf	7f05fc394e54a4c356135298f777dba7e727534e	565327	stale-layout	deliverable folders and review sheets of earlier layout phases (gerbers, BOM and CPL, DRC, renders, 1:1 prints); none carries the current netlist
v2/release/revA/boards/meshsat-pcb-e-revA-E9/pcb-e1-dock.kicad_pcb	7455206f6f7f21aecf8626a436ac66c03b0e83d2	2624045	stale-layout	deliverable folders and review sheets of earlier layout phases (gerbers, BOM and CPL, DRC, renders, 1:1 prints); none carries the current netlist
v2/release/revA/boards/meshsat-pcb-e-revA-E9/pcb-e1-dock.kicad_pro	c86be6f47406149329664393e19721bc666bd899	12756	stale-layout	deliverable folders and review sheets of earlier layout phases (gerbers, BOM and CPL, DRC, renders, 1:1 prints); none carries the current netlist
v2/release/revA/boards/meshsat-pcb-e-revA-E9/pcb-e1-dock.kicad_sch	530482f38100763cf5c4cf46a5b059a38d705e18	561770	stale-layout	deliverable folders and review sheets of earlier layout phases (gerbers, BOM and CPL, DRC, renders, 1:1 prints); none carries the current netlist
v2/release/revA/boards/meshsat-pcb-e5-revA-E5/meshsat.pretty/BackerScrew_M3_GND.kicad_mod	969a703459dcadfb90c646c9890937a8efd6d8a9	704	stale-layout	deliverable folders and review sheets of earlier layout phases (gerbers, BOM and CPL, DRC, renders, 1:1 prints); none carries the current netlist
v2/release/revA/boards/meshsat-pcb-e5-revA-E5/meshsat.pretty/CM5_Amphenol_10164227.kicad_mod	420dacd5e3ec1a0c66b430fb525dba18d1dc2917	37300	stale-layout	deliverable folders and review sheets of earlier layout phases (gerbers, BOM and CPL, DRC, renders, 1:1 prints); none carries the current netlist
v2/release/revA/boards/meshsat-pcb-e5-revA-E5/meshsat.pretty/CM5_Conn_A_10164227.kicad_mod	babefb7b93929185782ea645a07b0835ca738c07	17831	stale-layout	deliverable folders and review sheets of earlier layout phases (gerbers, BOM and CPL, DRC, renders, 1:1 prints); none carries the current netlist
v2/release/revA/boards/meshsat-pcb-e5-revA-E5/meshsat.pretty/CM5_Conn_B_10164227.kicad_mod	f1a863ce6743c7cd63a13036d2b0bb8aa4dd23d1	18639	stale-layout	deliverable folders and review sheets of earlier layout phases (gerbers, BOM and CPL, DRC, renders, 1:1 prints); none carries the current netlist
v2/release/revA/boards/meshsat-pcb-e5-revA-E5/meshsat.pretty/DMR858M.kicad_mod	b7eeb551102aaf3cf232a0c6261b57dd1babab12	5075	stale-layout	deliverable folders and review sheets of earlier layout phases (gerbers, BOM and CPL, DRC, renders, 1:1 prints); none carries the current netlist
v2/release/revA/boards/meshsat-pcb-e5-revA-E5/meshsat.pretty/Ebyte_E22-900M30S.kicad_mod	69cdb329999d405eeb085a9587da267e9c7b5b29	3574	stale-layout	deliverable folders and review sheets of earlier layout phases (gerbers, BOM and CPL, DRC, renders, 1:1 prints); none carries the current netlist
v2/release/revA/boards/meshsat-pcb-e5-revA-E5/meshsat.pretty/Ebyte_E72-2G4M20S1E.kicad_mod	d254ca6c23c8c475e80b8bed202fda372dc8ad00	7098	stale-layout	deliverable folders and review sheets of earlier layout phases (gerbers, BOM and CPL, DRC, renders, 1:1 prints); none carries the current netlist
v2/release/revA/boards/meshsat-pcb-e5-revA-E5/meshsat.pretty/FrameScrew_M3_GND.kicad_mod	f92a3c2825954d6206a4affe969198fccf3a1255	950	stale-layout	deliverable folders and review sheets of earlier layout phases (gerbers, BOM and CPL, DRC, renders, 1:1 prints); none carries the current netlist
v2/release/revA/boards/meshsat-pcb-e5-revA-E5/meshsat.pretty/GuardedToggle_SPDT.kicad_mod	0b93bdcd4fb501a1824a9de49059c8cc4f6af8cf	2463	stale-layout	deliverable folders and review sheets of earlier layout phases (gerbers, BOM and CPL, DRC, renders, 1:1 prints); none carries the current netlist
v2/release/revA/boards/meshsat-pcb-e5-revA-E5/meshsat.pretty/GuidePin_Dock.kicad_mod	b7ea90d1631656f172b7e0570dc68d5f06551e6d	757	stale-layout	deliverable folders and review sheets of earlier layout phases (gerbers, BOM and CPL, DRC, renders, 1:1 prints); none carries the current netlist
v2/release/revA/boards/meshsat-pcb-e5-revA-E5/meshsat.pretty/GuidePin_Stack.kicad_mod	6bad73715f57372d8d64c8ced5d0701583eb296a	758	stale-layout	deliverable folders and review sheets of earlier layout phases (gerbers, BOM and CPL, DRC, renders, 1:1 prints); none carries the current netlist
v2/release/revA/boards/meshsat-pcb-e5-revA-E5/meshsat.pretty/Hirose_FH12-22S-0.5SH_1x22-1MP_P0.50mm_Horizontal.kicad_mod	0b67a52f9e86c229f5e76d05d0bad6fa27c9a8cd	8478	stale-layout	deliverable folders and review sheets of earlier layout phases (gerbers, BOM and CPL, DRC, renders, 1:1 prints); none carries the current netlist
v2/release/revA/boards/meshsat-pcb-e5-revA-E5/meshsat.pretty/Hirose_FH34SRJ-24S.kicad_mod	fffcc0e8964fe160de31b0bb3ac0af3bef66a2a0	4027	stale-layout	deliverable folders and review sheets of earlier layout phases (gerbers, BOM and CPL, DRC, renders, 1:1 prints); none carries the current netlist
v2/release/revA/boards/meshsat-pcb-e5-revA-E5/meshsat.pretty/IDC-Header_2x05_P2.54mm_Vertical_NarrowPad.kicad_mod	39ee3bb4388fbbb47907842c3da6848c2150b820	5619	stale-layout	deliverable folders and review sheets of earlier layout phases (gerbers, BOM and CPL, DRC, renders, 1:1 prints); none carries the current netlist
v2/release/revA/boards/meshsat-pcb-e5-revA-E5/meshsat.pretty/IDC-Header_2x07_P2.54mm_Vertical_NarrowPad.kicad_mod	1c620b9b894ed0a9961bd0299515292c345786d8	6151	stale-layout	deliverable folders and review sheets of earlier layout phases (gerbers, BOM and CPL, DRC, renders, 1:1 prints); none carries the current netlist
v2/release/revA/boards/meshsat-pcb-e5-revA-E5/meshsat.pretty/IDC-Header_2x08_P2.54mm_Vertical_NarrowPad.kicad_mod	61bab0e2646b1b9fb02fc128aa4b1ecf43ddd54f	6424	stale-layout	deliverable folders and review sheets of earlier layout phases (gerbers, BOM and CPL, DRC, renders, 1:1 prints); none carries the current netlist
v2/release/revA/boards/meshsat-pcb-e5-revA-E5/meshsat.pretty/IDC-Header_2x09_P2.54mm_Vertical_NarrowPad.kicad_mod	bdbae7c0254c8a2ff7ea12b60b4ffa282bf76e39	6692	stale-layout	deliverable folders and review sheets of earlier layout phases (gerbers, BOM and CPL, DRC, renders, 1:1 prints); none carries the current netlist
v2/release/revA/boards/meshsat-pcb-e5-revA-E5/meshsat.pretty/IDC-Header_2x10_P2.54mm_Vertical_NarrowPad.kicad_mod	a1a17da82ee2da5512b81af1d9b4f58dec981264	6959	stale-layout	deliverable folders and review sheets of earlier layout phases (gerbers, BOM and CPL, DRC, renders, 1:1 prints); none carries the current netlist
v2/release/revA/boards/meshsat-pcb-e5-revA-E5/meshsat.pretty/IDC-Header_2x13_P2.54mm_Vertical_NarrowPad.kicad_mod	3ccffea6baf6f3fa38adb29dfd75f88d01e864c4	7764	stale-layout	deliverable folders and review sheets of earlier layout phases (gerbers, BOM and CPL, DRC, renders, 1:1 prints); none carries the current netlist
v2/release/revA/boards/meshsat-pcb-e5-revA-E5/meshsat.pretty/IDC-Header_2x20_P2.54mm_Vertical_NarrowPad.kicad_mod	07f5ef3e28017ec0aa2e3b2865440f9020fbcd35	9631	stale-layout	deliverable folders and review sheets of earlier layout phases (gerbers, BOM and CPL, DRC, renders, 1:1 prints); none carries the current netlist
v2/release/revA/boards/meshsat-pcb-e5-revA-E5/meshsat.pretty/LQFP-128_14x14mm_P0.4mm_EP6.0.kicad_mod	b4f32ac72c359ff96f9104f1d228d62c0340d47e	21781	stale-layout	deliverable folders and review sheets of earlier layout phases (gerbers, BOM and CPL, DRC, renders, 1:1 prints); none carries the current netlist
v2/release/revA/boards/meshsat-pcb-e5-revA-E5/meshsat.pretty/LeadLands_1x02.kicad_mod	684dba90f12f0d7c586f63996de6a859f5e9104c	940	stale-layout	deliverable folders and review sheets of earlier layout phases (gerbers, BOM and CPL, DRC, renders, 1:1 prints); none carries the current netlist
v2/release/revA/boards/meshsat-pcb-e5-revA-E5/meshsat.pretty/M2_B-Key_Socket_3052.kicad_mod	9d36c9d4e54be4570f4d73543a68bf7254c79832	8356	stale-layout	deliverable folders and review sheets of earlier layout phases (gerbers, BOM and CPL, DRC, renders, 1:1 prints); none carries the current netlist
v2/release/revA/boards/meshsat-pcb-e5-revA-E5/meshsat.pretty/M2_E-Key_Socket_2230.kicad_mod	f535d6ccbcb8827a1ba076c8ff4d473446042c3a	11906	stale-layout	deliverable folders and review sheets of earlier layout phases (gerbers, BOM and CPL, DRC, renders, 1:1 prints); none carries the current netlist
v2/release/revA/boards/meshsat-pcb-e5-revA-E5/meshsat.pretty/M2_M-Key_Socket_2242.kicad_mod	1cb336bc94bf0788b57ac315995cf9d0a460fa1b	8364	stale-layout	deliverable folders and review sheets of earlier layout phases (gerbers, BOM and CPL, DRC, renders, 1:1 prints); none carries the current netlist
v2/release/revA/boards/meshsat-pcb-e5-revA-E5/meshsat.pretty/Mill-Max_0858_power_pin.kicad_mod	e7ae0538e73ccd2f68dc34445c4e96d31aaad04a	2238	stale-layout	deliverable folders and review sheets of earlier layout phases (gerbers, BOM and CPL, DRC, renders, 1:1 prints); none carries the current netlist
v2/release/revA/boards/meshsat-pcb-e5-revA-E5/meshsat.pretty/Mill-Max_0858_target.kicad_mod	847341092da38e4370746c238f1ec88a109ce3a1	3349	stale-layout	deliverable folders and review sheets of earlier layout phases (gerbers, BOM and CPL, DRC, renders, 1:1 prints); none carries the current netlist
v2/release/revA/boards/meshsat-pcb-e5-revA-E5/meshsat.pretty/MiniPCIe_Socket_52P_H4.0_Standoff.kicad_mod	22dfefd604c75cbf02106436d5a51850762dcefa	9992	stale-layout	deliverable folders and review sheets of earlier layout phases (gerbers, BOM and CPL, DRC, renders, 1:1 prints); none carries the current netlist
v2/release/revA/boards/meshsat-pcb-e5-revA-E5/meshsat.pretty/NiceRF_SA868.kicad_mod	6d18850bc11de25f1365987feabbbe144f7b6d34	3060	stale-layout	deliverable folders and review sheets of earlier layout phases (gerbers, BOM and CPL, DRC, renders, 1:1 prints); none carries the current netlist
v2/release/revA/boards/meshsat-pcb-e5-revA-E5/meshsat.pretty/PanelJack_17mm.kicad_mod	24252c51561ce62337d26bc48e3f95c2d1617b09	1860	stale-layout	deliverable folders and review sheets of earlier layout phases (gerbers, BOM and CPL, DRC, renders, 1:1 prints); none carries the current netlist
v2/release/revA/boards/meshsat-pcb-e5-revA-E5/meshsat.pretty/PanelSounder.kicad_mod	1f6272b2dd125e4fb079ad7ce69c35993aa54546	1333	stale-layout	deliverable folders and review sheets of earlier layout phases (gerbers, BOM and CPL, DRC, renders, 1:1 prints); none carries the current netlist
v2/release/revA/boards/meshsat-pcb-e5-revA-E5/meshsat.pretty/PanelSwitch_16mm.kicad_mod	0a623a3e226ad6174334b806b85cc4e02f26f014	1514	stale-layout	deliverable folders and review sheets of earlier layout phases (gerbers, BOM and CPL, DRC, renders, 1:1 prints); none carries the current netlist
v2/release/revA/boards/meshsat-pcb-e5-revA-E5/meshsat.pretty/PanelSwitch_19mm.kicad_mod	2544a22529720cbfd41819913bfe8a522d217b31	1514	stale-layout	deliverable folders and review sheets of earlier layout phases (gerbers, BOM and CPL, DRC, renders, 1:1 prints); none carries the current netlist
v2/release/revA/boards/meshsat-pcb-e5-revA-E5/meshsat.pretty/PanelToggle_DPDT.kicad_mod	f8796fa733bc66f5e2cd65cf3bfe743dc8259bbd	3533	stale-layout	deliverable folders and review sheets of earlier layout phases (gerbers, BOM and CPL, DRC, renders, 1:1 prints); none carries the current netlist
v2/release/revA/boards/meshsat-pcb-e5-revA-E5/meshsat.pretty/PogoPins_2x4.kicad_mod	cb9ae20ccdc1803b624a44ff6be0787babb50f04	1514	stale-layout	deliverable folders and review sheets of earlier layout phases (gerbers, BOM and CPL, DRC, renders, 1:1 prints); none carries the current netlist
v2/release/revA/boards/meshsat-pcb-e5-revA-E5/meshsat.pretty/PogoPins_2x6.kicad_mod	8705c1dca881bb048e98192cb9205567b3858eec	1921	stale-layout	deliverable folders and review sheets of earlier layout phases (gerbers, BOM and CPL, DRC, renders, 1:1 prints); none carries the current netlist
v2/release/revA/boards/meshsat-pcb-e5-revA-E5/meshsat.pretty/PogoTargets_2x4.kicad_mod	f12181613f62896296bc45af4e7ac3834083dda6	1340	stale-layout	deliverable folders and review sheets of earlier layout phases (gerbers, BOM and CPL, DRC, renders, 1:1 prints); none carries the current netlist
v2/release/revA/boards/meshsat-pcb-e5-revA-E5/meshsat.pretty/PogoTargets_2x6.kicad_mod	0b5028a70be47bd7156e7cd419f0b644f5aeea8d	1663	stale-layout	deliverable folders and review sheets of earlier layout phases (gerbers, BOM and CPL, DRC, renders, 1:1 prints); none carries the current netlist
v2/release/revA/boards/meshsat-pcb-e5-revA-E5/meshsat.pretty/Pulse_H5007NL.kicad_mod	0365d0017c5fdefcf0c59e2f745747dd0cd2694c	3574	stale-layout	deliverable folders and review sheets of earlier layout phases (gerbers, BOM and CPL, DRC, renders, 1:1 prints); none carries the current netlist
v2/release/revA/boards/meshsat-pcb-e5-revA-E5/meshsat.pretty/Quectel_LG290P.kicad_mod	ab90aab3dc4e8587536055e9f55ba474764d6e8f	8796	stale-layout	deliverable folders and review sheets of earlier layout phases (gerbers, BOM and CPL, DRC, renders, 1:1 prints); none carries the current netlist
v2/release/revA/boards/meshsat-pcb-e5-revA-E5/meshsat.pretty/Radiall_SMPMAX_R222M00720.kicad_mod	8b85546846fa3c00ab365f63af42027532b2ec52	4584	stale-layout	deliverable folders and review sheets of earlier layout phases (gerbers, BOM and CPL, DRC, renders, 1:1 prints); none carries the current netlist
v2/release/revA/boards/meshsat-pcb-e5-revA-E5/meshsat.pretty/Seeed_Wio-SX1262.kicad_mod	13f3ad42fc07c6d98e2b3a1ef174374bfb80672a	4015	stale-layout	deliverable folders and review sheets of earlier layout phases (gerbers, BOM and CPL, DRC, renders, 1:1 prints); none carries the current netlist
v2/release/revA/boards/meshsat-pcb-e5-revA-E5/meshsat.pretty/Skyworks_SKY13351_MLPD-6_1x1mm.kicad_mod	9d715f84372f857d74f88d2b1d431771594dd4cb	1840	stale-layout	deliverable folders and review sheets of earlier layout phases (gerbers, BOM and CPL, DRC, renders, 1:1 prints); none carries the current netlist
v2/release/revA/boards/meshsat-pcb-e5-revA-E5/meshsat.pretty/Slot_5x1.8_NPTH.kicad_mod	aa14174da5d277214ebb334ecbb5f0cede22eb27	428	stale-layout	deliverable folders and review sheets of earlier layout phases (gerbers, BOM and CPL, DRC, renders, 1:1 prints); none carries the current netlist
v2/release/revA/boards/meshsat-pcb-e5-revA-E5/meshsat.pretty/SolderPad_8x6.kicad_mod	e54e951880f1177e8d14d774300fc58679397740	644	stale-layout	deliverable folders and review sheets of earlier layout phases (gerbers, BOM and CPL, DRC, renders, 1:1 prints); none carries the current netlist
v2/release/revA/boards/meshsat-pcb-e5-revA-E5/meshsat.pretty/TQFP-128_14x14mm_P0.4mm_EP10.0.kicad_mod	cef192ea8c5b0b2a18e075ab4600c4ae5b4b2228	21663	stale-layout	deliverable folders and review sheets of earlier layout phases (gerbers, BOM and CPL, DRC, renders, 1:1 prints); none carries the current netlist
v2/release/revA/boards/meshsat-pcb-e5-revA-E5/meshsat.pretty/Texas_RKS0020A_VQFN-20_2.5x4.5mm.kicad_mod	9300f208435ad56c03bddd6ce95651e0a73731c1	3541	stale-layout	deliverable folders and review sheets of earlier layout phases (gerbers, BOM and CPL, DRC, renders, 1:1 prints); none carries the current netlist
v2/release/revA/boards/meshsat-pcb-e5-revA-E5/meshsat.pretty/Texas_RQM0029A_QFN-29_4x4mm.kicad_mod	e834904a82b1f8acae5a591ee5c58a2222a76b23	8906	stale-layout	deliverable folders and review sheets of earlier layout phases (gerbers, BOM and CPL, DRC, renders, 1:1 prints); none carries the current netlist
v2/release/revA/boards/meshsat-pcb-e5-revA-E5/meshsat.pretty/Texas_RQQ0011A_VQFN-HR-11_2.5x3mm.kicad_mod	413b76a1947732671281ae679d70cf692791c652	6467	stale-layout	deliverable folders and review sheets of earlier layout phases (gerbers, BOM and CPL, DRC, renders, 1:1 prints); none carries the current netlist
v2/release/revA/boards/meshsat-pcb-e5-revA-E5/meshsat.pretty/Texas_RSE0010A_UQFN-10_1.5x2mm.kicad_mod	d91e3d1cdf26eec817fadd3d83f7a8473cfa62c9	2333	stale-layout	deliverable folders and review sheets of earlier layout phases (gerbers, BOM and CPL, DRC, renders, 1:1 prints); none carries the current netlist
v2/release/revA/boards/meshsat-pcb-e5-revA-E5/meshsat.pretty/ToggleBody_DPDT.kicad_mod	abe2f1d39c47b7b1fc6a0d89317a83fe18d4327b	1560	stale-layout	deliverable folders and review sheets of earlier layout phases (gerbers, BOM and CPL, DRC, renders, 1:1 prints); none carries the current netlist
v2/release/revA/boards/meshsat-pcb-e5-revA-E5/meshsat.pretty/ToggleBody_SPDT.kicad_mod	da327469e4115214a336e2c8cda9324d1b6c816e	1308	stale-layout	deliverable folders and review sheets of earlier layout phases (gerbers, BOM and CPL, DRC, renders, 1:1 prints); none carries the current netlist
v2/release/revA/boards/meshsat-pcb-e5-revA-E5/meshsat.pretty/Vishay_VEML7700.kicad_mod	5eb1038164776db9994d9cf039ba2630c767cb30	1186	stale-layout	deliverable folders and review sheets of earlier layout phases (gerbers, BOM and CPL, DRC, renders, 1:1 prints); none carries the current netlist
v2/release/revA/boards/meshsat-pcb-e5-revA-E5/meshsat.pretty/WeAct_EPD_3p7.kicad_mod	4d3218b9fb116948e290dd5085abc24818cb8251	2202	stale-layout	deliverable folders and review sheets of earlier layout phases (gerbers, BOM and CPL, DRC, renders, 1:1 prints); none carries the current netlist
v2/release/revA/boards/meshsat-pcb-e5-revA-E5/meshsat.pretty/WireHole_2mm.kicad_mod	4035c0334674f2bdca516ca60f29ce0361b81d7b	689	stale-layout	deliverable folders and review sheets of earlier layout phases (gerbers, BOM and CPL, DRC, renders, 1:1 prints); none carries the current netlist
v2/release/revA/boards/meshsat-pcb-e5-revA-E5/meshsat.pretty/WireLands_2x6.kicad_mod	88fb8fac6ee7b88238030791e7ca12927d4625a9	1935	stale-layout	deliverable folders and review sheets of earlier layout phases (gerbers, BOM and CPL, DRC, renders, 1:1 prints); none carries the current netlist
v2/release/revA/boards/meshsat-pcb-e5-revA-E5/pcb-e5-block-1to1-bottom-mirrored.pdf	3efa9464b62015cab98aa97818b12d631bbabd41	19738	stale-layout	deliverable folders and review sheets of earlier layout phases (gerbers, BOM and CPL, DRC, renders, 1:1 prints); none carries the current netlist
v2/release/revA/boards/meshsat-pcb-e5-revA-E5/pcb-e5-block-1to1-top.pdf	57212fee5cc4813b1c5f2bb66ec73012aa2a4181	19554	stale-layout	deliverable folders and review sheets of earlier layout phases (gerbers, BOM and CPL, DRC, renders, 1:1 prints); none carries the current netlist
v2/release/revA/boards/meshsat-pcb-e5-revA-E5/pcb-e5-block-cpl.csv	31f2fe6c89e57af4ce2768d86e80a44311ea62ee	38	stale-layout	deliverable folders and review sheets of earlier layout phases (gerbers, BOM and CPL, DRC, renders, 1:1 prints); none carries the current netlist
v2/release/revA/boards/meshsat-pcb-e5-revA-E5/pcb-e5-block-drc.rpt	6b705cd2ddadb10a0c92ec4f1c88648667143c85	834	stale-layout	deliverable folders and review sheets of earlier layout phases (gerbers, BOM and CPL, DRC, renders, 1:1 prints); none carries the current netlist
v2/release/revA/boards/meshsat-pcb-e5-revA-E5/pcb-e5-block-gerbers.zip	5f63e01a363f0eda5423c73678c25f79656a00e8	45716	stale-layout	deliverable folders and review sheets of earlier layout phases (gerbers, BOM and CPL, DRC, renders, 1:1 prints); none carries the current netlist
v2/release/revA/boards/meshsat-pcb-e5-revA-E5/pcb-e5-block-render-bottom.png	58c6b510af85fd2a76789a2f16db16c6cd6eab29	53003	stale-layout	deliverable folders and review sheets of earlier layout phases (gerbers, BOM and CPL, DRC, renders, 1:1 prints); none carries the current netlist
v2/release/revA/boards/meshsat-pcb-e5-revA-E5/pcb-e5-block-render-top.png	4194b511f90e91fd5523841c42b8e998cfdf4811	70793	stale-layout	deliverable folders and review sheets of earlier layout phases (gerbers, BOM and CPL, DRC, renders, 1:1 prints); none carries the current netlist
v2/release/revA/boards/meshsat-pcb-e5-revA-E5/pcb-e5-block.kicad_pcb	9173a2b8619b59f4b943ecae0b85f14db95a5286	66078	stale-layout	deliverable folders and review sheets of earlier layout phases (gerbers, BOM and CPL, DRC, renders, 1:1 prints); none carries the current netlist
v2/release/revA/boards/meshsat-pcb-e5-revA-E5/pcb-e5-block.kicad_pro	aab3604576fbe2795d13382ab227a0c2f1d02c24	8364	stale-layout	deliverable folders and review sheets of earlier layout phases (gerbers, BOM and CPL, DRC, renders, 1:1 prints); none carries the current netlist
v2/release/revA/boards/meshsat-pcb-p-revA-P1/README-fab.txt	2a5379b0d3878a0fc2e52ed14c245d6f15a40459	631	stale-layout	deliverable folders and review sheets of earlier layout phases (gerbers, BOM and CPL, DRC, renders, 1:1 prints); none carries the current netlist
v2/release/revA/boards/meshsat-pcb-p-revA-P1/meshsat.pretty/BackerScrew_M3_GND.kicad_mod	969a703459dcadfb90c646c9890937a8efd6d8a9	704	stale-layout	deliverable folders and review sheets of earlier layout phases (gerbers, BOM and CPL, DRC, renders, 1:1 prints); none carries the current netlist
v2/release/revA/boards/meshsat-pcb-p-revA-P1/meshsat.pretty/CM5_Amphenol_10164227.kicad_mod	420dacd5e3ec1a0c66b430fb525dba18d1dc2917	37300	stale-layout	deliverable folders and review sheets of earlier layout phases (gerbers, BOM and CPL, DRC, renders, 1:1 prints); none carries the current netlist
v2/release/revA/boards/meshsat-pcb-p-revA-P1/meshsat.pretty/CM5_Conn_A_10164227.kicad_mod	babefb7b93929185782ea645a07b0835ca738c07	17831	stale-layout	deliverable folders and review sheets of earlier layout phases (gerbers, BOM and CPL, DRC, renders, 1:1 prints); none carries the current netlist
v2/release/revA/boards/meshsat-pcb-p-revA-P1/meshsat.pretty/CM5_Conn_B_10164227.kicad_mod	f1a863ce6743c7cd63a13036d2b0bb8aa4dd23d1	18639	stale-layout	deliverable folders and review sheets of earlier layout phases (gerbers, BOM and CPL, DRC, renders, 1:1 prints); none carries the current netlist
v2/release/revA/boards/meshsat-pcb-p-revA-P1/meshsat.pretty/DMR858M.kicad_mod	b7eeb551102aaf3cf232a0c6261b57dd1babab12	5075	stale-layout	deliverable folders and review sheets of earlier layout phases (gerbers, BOM and CPL, DRC, renders, 1:1 prints); none carries the current netlist
v2/release/revA/boards/meshsat-pcb-p-revA-P1/meshsat.pretty/Ebyte_E22-900M30S.kicad_mod	69cdb329999d405eeb085a9587da267e9c7b5b29	3574	stale-layout	deliverable folders and review sheets of earlier layout phases (gerbers, BOM and CPL, DRC, renders, 1:1 prints); none carries the current netlist
v2/release/revA/boards/meshsat-pcb-p-revA-P1/meshsat.pretty/Ebyte_E72-2G4M20S1E.kicad_mod	d254ca6c23c8c475e80b8bed202fda372dc8ad00	7098	stale-layout	deliverable folders and review sheets of earlier layout phases (gerbers, BOM and CPL, DRC, renders, 1:1 prints); none carries the current netlist
v2/release/revA/boards/meshsat-pcb-p-revA-P1/meshsat.pretty/FrameScrew_M3_GND.kicad_mod	f92a3c2825954d6206a4affe969198fccf3a1255	950	stale-layout	deliverable folders and review sheets of earlier layout phases (gerbers, BOM and CPL, DRC, renders, 1:1 prints); none carries the current netlist
v2/release/revA/boards/meshsat-pcb-p-revA-P1/meshsat.pretty/GuardedToggle_SPDT.kicad_mod	0b93bdcd4fb501a1824a9de49059c8cc4f6af8cf	2463	stale-layout	deliverable folders and review sheets of earlier layout phases (gerbers, BOM and CPL, DRC, renders, 1:1 prints); none carries the current netlist
v2/release/revA/boards/meshsat-pcb-p-revA-P1/meshsat.pretty/GuidePin_Dock.kicad_mod	b7ea90d1631656f172b7e0570dc68d5f06551e6d	757	stale-layout	deliverable folders and review sheets of earlier layout phases (gerbers, BOM and CPL, DRC, renders, 1:1 prints); none carries the current netlist
v2/release/revA/boards/meshsat-pcb-p-revA-P1/meshsat.pretty/GuidePin_Stack.kicad_mod	6bad73715f57372d8d64c8ced5d0701583eb296a	758	stale-layout	deliverable folders and review sheets of earlier layout phases (gerbers, BOM and CPL, DRC, renders, 1:1 prints); none carries the current netlist
v2/release/revA/boards/meshsat-pcb-p-revA-P1/meshsat.pretty/Hirose_FH12-22S-0.5SH_1x22-1MP_P0.50mm_Horizontal.kicad_mod	0b67a52f9e86c229f5e76d05d0bad6fa27c9a8cd	8478	stale-layout	deliverable folders and review sheets of earlier layout phases (gerbers, BOM and CPL, DRC, renders, 1:1 prints); none carries the current netlist
v2/release/revA/boards/meshsat-pcb-p-revA-P1/meshsat.pretty/Hirose_FH34SRJ-24S.kicad_mod	fffcc0e8964fe160de31b0bb3ac0af3bef66a2a0	4027	stale-layout	deliverable folders and review sheets of earlier layout phases (gerbers, BOM and CPL, DRC, renders, 1:1 prints); none carries the current netlist
v2/release/revA/boards/meshsat-pcb-p-revA-P1/meshsat.pretty/LQFP-128_14x14mm_P0.4mm_EP6.0.kicad_mod	b4f32ac72c359ff96f9104f1d228d62c0340d47e	21781	stale-layout	deliverable folders and review sheets of earlier layout phases (gerbers, BOM and CPL, DRC, renders, 1:1 prints); none carries the current netlist
v2/release/revA/boards/meshsat-pcb-p-revA-P1/meshsat.pretty/LeadLands_1x02.kicad_mod	684dba90f12f0d7c586f63996de6a859f5e9104c	940	stale-layout	deliverable folders and review sheets of earlier layout phases (gerbers, BOM and CPL, DRC, renders, 1:1 prints); none carries the current netlist
v2/release/revA/boards/meshsat-pcb-p-revA-P1/meshsat.pretty/M2_B-Key_Socket_3052.kicad_mod	9d36c9d4e54be4570f4d73543a68bf7254c79832	8356	stale-layout	deliverable folders and review sheets of earlier layout phases (gerbers, BOM and CPL, DRC, renders, 1:1 prints); none carries the current netlist
v2/release/revA/boards/meshsat-pcb-p-revA-P1/meshsat.pretty/M2_E-Key_Socket_2230.kicad_mod	f535d6ccbcb8827a1ba076c8ff4d473446042c3a	11906	stale-layout	deliverable folders and review sheets of earlier layout phases (gerbers, BOM and CPL, DRC, renders, 1:1 prints); none carries the current netlist
v2/release/revA/boards/meshsat-pcb-p-revA-P1/meshsat.pretty/M2_M-Key_Socket_2242.kicad_mod	1cb336bc94bf0788b57ac315995cf9d0a460fa1b	8364	stale-layout	deliverable folders and review sheets of earlier layout phases (gerbers, BOM and CPL, DRC, renders, 1:1 prints); none carries the current netlist
v2/release/revA/boards/meshsat-pcb-p-revA-P1/meshsat.pretty/Mill-Max_0858_power_pin.kicad_mod	e7ae0538e73ccd2f68dc34445c4e96d31aaad04a	2238	stale-layout	deliverable folders and review sheets of earlier layout phases (gerbers, BOM and CPL, DRC, renders, 1:1 prints); none carries the current netlist
v2/release/revA/boards/meshsat-pcb-p-revA-P1/meshsat.pretty/Mill-Max_0858_target.kicad_mod	847341092da38e4370746c238f1ec88a109ce3a1	3349	stale-layout	deliverable folders and review sheets of earlier layout phases (gerbers, BOM and CPL, DRC, renders, 1:1 prints); none carries the current netlist
v2/release/revA/boards/meshsat-pcb-p-revA-P1/meshsat.pretty/MiniPCIe_Socket_52P_H4.0_Standoff.kicad_mod	22dfefd604c75cbf02106436d5a51850762dcefa	9992	stale-layout	deliverable folders and review sheets of earlier layout phases (gerbers, BOM and CPL, DRC, renders, 1:1 prints); none carries the current netlist
v2/release/revA/boards/meshsat-pcb-p-revA-P1/meshsat.pretty/NiceRF_SA868.kicad_mod	6d18850bc11de25f1365987feabbbe144f7b6d34	3060	stale-layout	deliverable folders and review sheets of earlier layout phases (gerbers, BOM and CPL, DRC, renders, 1:1 prints); none carries the current netlist
v2/release/revA/boards/meshsat-pcb-p-revA-P1/meshsat.pretty/PanelJack_17mm.kicad_mod	24252c51561ce62337d26bc48e3f95c2d1617b09	1860	stale-layout	deliverable folders and review sheets of earlier layout phases (gerbers, BOM and CPL, DRC, renders, 1:1 prints); none carries the current netlist
v2/release/revA/boards/meshsat-pcb-p-revA-P1/meshsat.pretty/PanelSounder.kicad_mod	1f6272b2dd125e4fb079ad7ce69c35993aa54546	1333	stale-layout	deliverable folders and review sheets of earlier layout phases (gerbers, BOM and CPL, DRC, renders, 1:1 prints); none carries the current netlist
v2/release/revA/boards/meshsat-pcb-p-revA-P1/meshsat.pretty/PanelSwitch_16mm.kicad_mod	0a623a3e226ad6174334b806b85cc4e02f26f014	1514	stale-layout	deliverable folders and review sheets of earlier layout phases (gerbers, BOM and CPL, DRC, renders, 1:1 prints); none carries the current netlist
v2/release/revA/boards/meshsat-pcb-p-revA-P1/meshsat.pretty/PanelSwitch_19mm.kicad_mod	2544a22529720cbfd41819913bfe8a522d217b31	1514	stale-layout	deliverable folders and review sheets of earlier layout phases (gerbers, BOM and CPL, DRC, renders, 1:1 prints); none carries the current netlist
v2/release/revA/boards/meshsat-pcb-p-revA-P1/meshsat.pretty/PanelToggle_DPDT.kicad_mod	f8796fa733bc66f5e2cd65cf3bfe743dc8259bbd	3533	stale-layout	deliverable folders and review sheets of earlier layout phases (gerbers, BOM and CPL, DRC, renders, 1:1 prints); none carries the current netlist
v2/release/revA/boards/meshsat-pcb-p-revA-P1/meshsat.pretty/PogoPins_2x4.kicad_mod	cb9ae20ccdc1803b624a44ff6be0787babb50f04	1514	stale-layout	deliverable folders and review sheets of earlier layout phases (gerbers, BOM and CPL, DRC, renders, 1:1 prints); none carries the current netlist
v2/release/revA/boards/meshsat-pcb-p-revA-P1/meshsat.pretty/PogoPins_2x6.kicad_mod	8705c1dca881bb048e98192cb9205567b3858eec	1921	stale-layout	deliverable folders and review sheets of earlier layout phases (gerbers, BOM and CPL, DRC, renders, 1:1 prints); none carries the current netlist
v2/release/revA/boards/meshsat-pcb-p-revA-P1/meshsat.pretty/PogoTargets_2x4.kicad_mod	f12181613f62896296bc45af4e7ac3834083dda6	1340	stale-layout	deliverable folders and review sheets of earlier layout phases (gerbers, BOM and CPL, DRC, renders, 1:1 prints); none carries the current netlist
v2/release/revA/boards/meshsat-pcb-p-revA-P1/meshsat.pretty/PogoTargets_2x6.kicad_mod	0b5028a70be47bd7156e7cd419f0b644f5aeea8d	1663	stale-layout	deliverable folders and review sheets of earlier layout phases (gerbers, BOM and CPL, DRC, renders, 1:1 prints); none carries the current netlist
v2/release/revA/boards/meshsat-pcb-p-revA-P1/meshsat.pretty/Pulse_H5007NL.kicad_mod	0365d0017c5fdefcf0c59e2f745747dd0cd2694c	3574	stale-layout	deliverable folders and review sheets of earlier layout phases (gerbers, BOM and CPL, DRC, renders, 1:1 prints); none carries the current netlist
v2/release/revA/boards/meshsat-pcb-p-revA-P1/meshsat.pretty/Quectel_LG290P.kicad_mod	ab90aab3dc4e8587536055e9f55ba474764d6e8f	8796	stale-layout	deliverable folders and review sheets of earlier layout phases (gerbers, BOM and CPL, DRC, renders, 1:1 prints); none carries the current netlist
v2/release/revA/boards/meshsat-pcb-p-revA-P1/meshsat.pretty/Radiall_SMPMAX_R222M00720.kicad_mod	8b85546846fa3c00ab365f63af42027532b2ec52	4584	stale-layout	deliverable folders and review sheets of earlier layout phases (gerbers, BOM and CPL, DRC, renders, 1:1 prints); none carries the current netlist
v2/release/revA/boards/meshsat-pcb-p-revA-P1/meshsat.pretty/Seeed_Wio-SX1262.kicad_mod	13f3ad42fc07c6d98e2b3a1ef174374bfb80672a	4015	stale-layout	deliverable folders and review sheets of earlier layout phases (gerbers, BOM and CPL, DRC, renders, 1:1 prints); none carries the current netlist
v2/release/revA/boards/meshsat-pcb-p-revA-P1/meshsat.pretty/Slot_5x1.8_NPTH.kicad_mod	aa14174da5d277214ebb334ecbb5f0cede22eb27	428	stale-layout	deliverable folders and review sheets of earlier layout phases (gerbers, BOM and CPL, DRC, renders, 1:1 prints); none carries the current netlist
v2/release/revA/boards/meshsat-pcb-p-revA-P1/meshsat.pretty/SolderPad_8x6.kicad_mod	e54e951880f1177e8d14d774300fc58679397740	644	stale-layout	deliverable folders and review sheets of earlier layout phases (gerbers, BOM and CPL, DRC, renders, 1:1 prints); none carries the current netlist
v2/release/revA/boards/meshsat-pcb-p-revA-P1/meshsat.pretty/TQFP-128_14x14mm_P0.4mm_EP10.0.kicad_mod	cef192ea8c5b0b2a18e075ab4600c4ae5b4b2228	21663	stale-layout	deliverable folders and review sheets of earlier layout phases (gerbers, BOM and CPL, DRC, renders, 1:1 prints); none carries the current netlist
v2/release/revA/boards/meshsat-pcb-p-revA-P1/meshsat.pretty/Texas_RQM0029A_QFN-29_4x4mm.kicad_mod	e834904a82b1f8acae5a591ee5c58a2222a76b23	8906	stale-layout	deliverable folders and review sheets of earlier layout phases (gerbers, BOM and CPL, DRC, renders, 1:1 prints); none carries the current netlist
v2/release/revA/boards/meshsat-pcb-p-revA-P1/meshsat.pretty/Texas_RQQ0011A_VQFN-HR-11_2.5x3mm.kicad_mod	413b76a1947732671281ae679d70cf692791c652	6467	stale-layout	deliverable folders and review sheets of earlier layout phases (gerbers, BOM and CPL, DRC, renders, 1:1 prints); none carries the current netlist
v2/release/revA/boards/meshsat-pcb-p-revA-P1/meshsat.pretty/ToggleBody_DPDT.kicad_mod	abe2f1d39c47b7b1fc6a0d89317a83fe18d4327b	1560	stale-layout	deliverable folders and review sheets of earlier layout phases (gerbers, BOM and CPL, DRC, renders, 1:1 prints); none carries the current netlist
v2/release/revA/boards/meshsat-pcb-p-revA-P1/meshsat.pretty/ToggleBody_SPDT.kicad_mod	da327469e4115214a336e2c8cda9324d1b6c816e	1308	stale-layout	deliverable folders and review sheets of earlier layout phases (gerbers, BOM and CPL, DRC, renders, 1:1 prints); none carries the current netlist
v2/release/revA/boards/meshsat-pcb-p-revA-P1/meshsat.pretty/Vishay_VEML7700.kicad_mod	5eb1038164776db9994d9cf039ba2630c767cb30	1186	stale-layout	deliverable folders and review sheets of earlier layout phases (gerbers, BOM and CPL, DRC, renders, 1:1 prints); none carries the current netlist
v2/release/revA/boards/meshsat-pcb-p-revA-P1/meshsat.pretty/WeAct_EPD_3p7.kicad_mod	4d3218b9fb116948e290dd5085abc24818cb8251	2202	stale-layout	deliverable folders and review sheets of earlier layout phases (gerbers, BOM and CPL, DRC, renders, 1:1 prints); none carries the current netlist
v2/release/revA/boards/meshsat-pcb-p-revA-P1/meshsat.pretty/WireHole_2mm.kicad_mod	4035c0334674f2bdca516ca60f29ce0361b81d7b	689	stale-layout	deliverable folders and review sheets of earlier layout phases (gerbers, BOM and CPL, DRC, renders, 1:1 prints); none carries the current netlist
v2/release/revA/boards/meshsat-pcb-p-revA-P1/meshsat.pretty/WireLands_2x6.kicad_mod	88fb8fac6ee7b88238030791e7ca12927d4625a9	1935	stale-layout	deliverable folders and review sheets of earlier layout phases (gerbers, BOM and CPL, DRC, renders, 1:1 prints); none carries the current netlist
v2/release/revA/boards/meshsat-pcb-p-revA-P1/pcb-p-pack-1to1-bottom-mirrored.pdf	2ec3b3879627b59f63d15fbc19288990d2559b11	39511	stale-layout	deliverable folders and review sheets of earlier layout phases (gerbers, BOM and CPL, DRC, renders, 1:1 prints); none carries the current netlist
v2/release/revA/boards/meshsat-pcb-p-revA-P1/pcb-p-pack-1to1-top.pdf	0abe776eba99e19ddaca1da29823ac6891397acf	52550	stale-layout	deliverable folders and review sheets of earlier layout phases (gerbers, BOM and CPL, DRC, renders, 1:1 prints); none carries the current netlist
v2/release/revA/boards/meshsat-pcb-p-revA-P1/pcb-p-pack-bom.csv	54c344d6e2d68668fc12116d2e1e842052c4ce03	1639	stale-layout	deliverable folders and review sheets of earlier layout phases (gerbers, BOM and CPL, DRC, renders, 1:1 prints); none carries the current netlist
v2/release/revA/boards/meshsat-pcb-p-revA-P1/pcb-p-pack-cpl.csv	7be87e9b5c71dd126b5effdcbede8cb2a986c69c	1783	stale-layout	deliverable folders and review sheets of earlier layout phases (gerbers, BOM and CPL, DRC, renders, 1:1 prints); none carries the current netlist
v2/release/revA/boards/meshsat-pcb-p-revA-P1/pcb-p-pack-drc.rpt	8a8d831bd86c6021e1ec8f53fa31198d1e4a4bda	6156	stale-layout	deliverable folders and review sheets of earlier layout phases (gerbers, BOM and CPL, DRC, renders, 1:1 prints); none carries the current netlist
v2/release/revA/boards/meshsat-pcb-p-revA-P1/pcb-p-pack-gerbers.zip	ce69645c6d491b0090b6a363392342bf7e0da95c	119227	stale-layout	deliverable folders and review sheets of earlier layout phases (gerbers, BOM and CPL, DRC, renders, 1:1 prints); none carries the current netlist
v2/release/revA/boards/meshsat-pcb-p-revA-P1/pcb-p-pack-render-bottom.png	e160171ab0a671c4719c0ba3822ecd1781b3ba1f	93072	stale-layout	deliverable folders and review sheets of earlier layout phases (gerbers, BOM and CPL, DRC, renders, 1:1 prints); none carries the current netlist
v2/release/revA/boards/meshsat-pcb-p-revA-P1/pcb-p-pack-render-top.png	a0fcabad9b95d0e4f9cb3a6bfed65dc81db4c645	125008	stale-layout	deliverable folders and review sheets of earlier layout phases (gerbers, BOM and CPL, DRC, renders, 1:1 prints); none carries the current netlist
v2/release/revA/boards/meshsat-pcb-p-revA-P1/pcb-p-pack-schematic.pdf	991a12187825778aa0227920d22f420b59f23099	353431	stale-layout	deliverable folders and review sheets of earlier layout phases (gerbers, BOM and CPL, DRC, renders, 1:1 prints); none carries the current netlist
v2/release/revA/boards/meshsat-pcb-p-revA-P1/pcb-p-pack.kicad_pcb	eedbe50c8e1a04087d68b8e87b6064a1e44d0998	401953	stale-layout	deliverable folders and review sheets of earlier layout phases (gerbers, BOM and CPL, DRC, renders, 1:1 prints); none carries the current netlist
v2/release/revA/boards/meshsat-pcb-p-revA-P1/pcb-p-pack.kicad_pro	1a6b3bac7352b05ddc80c039c5fa6c2db9ec8b31	11563	stale-layout	deliverable folders and review sheets of earlier layout phases (gerbers, BOM and CPL, DRC, renders, 1:1 prints); none carries the current netlist
v2/release/revA/boards/meshsat-pcb-p-revA-P1/pcb-p-pack.kicad_sch	a4656cdfa338a3f598f4ecb394c140828604dd7c	178062	stale-layout	deliverable folders and review sheets of earlier layout phases (gerbers, BOM and CPL, DRC, renders, 1:1 prints); none carries the current netlist
v2/release/revA/boards/meshsat-pcb-p-revA-P2/LCSC-CORRECTIONS.txt	3149b9078e4b7870545b7c50bd5cfb531d3f147f	900	stale-layout	deliverable folders and review sheets of earlier layout phases (gerbers, BOM and CPL, DRC, renders, 1:1 prints); none carries the current netlist
v2/release/revA/boards/meshsat-pcb-p-revA-P2/README-fab.txt	2a5379b0d3878a0fc2e52ed14c245d6f15a40459	631	stale-layout	deliverable folders and review sheets of earlier layout phases (gerbers, BOM and CPL, DRC, renders, 1:1 prints); none carries the current netlist
v2/release/revA/boards/meshsat-pcb-p-revA-P2/meshsat.pretty/BackerScrew_M3_GND.kicad_mod	969a703459dcadfb90c646c9890937a8efd6d8a9	704	stale-layout	deliverable folders and review sheets of earlier layout phases (gerbers, BOM and CPL, DRC, renders, 1:1 prints); none carries the current netlist
v2/release/revA/boards/meshsat-pcb-p-revA-P2/meshsat.pretty/CM5_Amphenol_10164227.kicad_mod	420dacd5e3ec1a0c66b430fb525dba18d1dc2917	37300	stale-layout	deliverable folders and review sheets of earlier layout phases (gerbers, BOM and CPL, DRC, renders, 1:1 prints); none carries the current netlist
v2/release/revA/boards/meshsat-pcb-p-revA-P2/meshsat.pretty/CM5_Conn_A_10164227.kicad_mod	babefb7b93929185782ea645a07b0835ca738c07	17831	stale-layout	deliverable folders and review sheets of earlier layout phases (gerbers, BOM and CPL, DRC, renders, 1:1 prints); none carries the current netlist
v2/release/revA/boards/meshsat-pcb-p-revA-P2/meshsat.pretty/CM5_Conn_B_10164227.kicad_mod	f1a863ce6743c7cd63a13036d2b0bb8aa4dd23d1	18639	stale-layout	deliverable folders and review sheets of earlier layout phases (gerbers, BOM and CPL, DRC, renders, 1:1 prints); none carries the current netlist
v2/release/revA/boards/meshsat-pcb-p-revA-P2/meshsat.pretty/DMR858M.kicad_mod	b7eeb551102aaf3cf232a0c6261b57dd1babab12	5075	stale-layout	deliverable folders and review sheets of earlier layout phases (gerbers, BOM and CPL, DRC, renders, 1:1 prints); none carries the current netlist
v2/release/revA/boards/meshsat-pcb-p-revA-P2/meshsat.pretty/Ebyte_E22-900M30S.kicad_mod	69cdb329999d405eeb085a9587da267e9c7b5b29	3574	stale-layout	deliverable folders and review sheets of earlier layout phases (gerbers, BOM and CPL, DRC, renders, 1:1 prints); none carries the current netlist
v2/release/revA/boards/meshsat-pcb-p-revA-P2/meshsat.pretty/Ebyte_E72-2G4M20S1E.kicad_mod	d254ca6c23c8c475e80b8bed202fda372dc8ad00	7098	stale-layout	deliverable folders and review sheets of earlier layout phases (gerbers, BOM and CPL, DRC, renders, 1:1 prints); none carries the current netlist
v2/release/revA/boards/meshsat-pcb-p-revA-P2/meshsat.pretty/FrameScrew_M3_GND.kicad_mod	f92a3c2825954d6206a4affe969198fccf3a1255	950	stale-layout	deliverable folders and review sheets of earlier layout phases (gerbers, BOM and CPL, DRC, renders, 1:1 prints); none carries the current netlist
v2/release/revA/boards/meshsat-pcb-p-revA-P2/meshsat.pretty/GuardedToggle_SPDT.kicad_mod	0b93bdcd4fb501a1824a9de49059c8cc4f6af8cf	2463	stale-layout	deliverable folders and review sheets of earlier layout phases (gerbers, BOM and CPL, DRC, renders, 1:1 prints); none carries the current netlist
v2/release/revA/boards/meshsat-pcb-p-revA-P2/meshsat.pretty/GuidePin_Dock.kicad_mod	b7ea90d1631656f172b7e0570dc68d5f06551e6d	757	stale-layout	deliverable folders and review sheets of earlier layout phases (gerbers, BOM and CPL, DRC, renders, 1:1 prints); none carries the current netlist
v2/release/revA/boards/meshsat-pcb-p-revA-P2/meshsat.pretty/GuidePin_Stack.kicad_mod	6bad73715f57372d8d64c8ced5d0701583eb296a	758	stale-layout	deliverable folders and review sheets of earlier layout phases (gerbers, BOM and CPL, DRC, renders, 1:1 prints); none carries the current netlist
v2/release/revA/boards/meshsat-pcb-p-revA-P2/meshsat.pretty/Hirose_FH12-22S-0.5SH_1x22-1MP_P0.50mm_Horizontal.kicad_mod	0b67a52f9e86c229f5e76d05d0bad6fa27c9a8cd	8478	stale-layout	deliverable folders and review sheets of earlier layout phases (gerbers, BOM and CPL, DRC, renders, 1:1 prints); none carries the current netlist
v2/release/revA/boards/meshsat-pcb-p-revA-P2/meshsat.pretty/Hirose_FH34SRJ-24S.kicad_mod	fffcc0e8964fe160de31b0bb3ac0af3bef66a2a0	4027	stale-layout	deliverable folders and review sheets of earlier layout phases (gerbers, BOM and CPL, DRC, renders, 1:1 prints); none carries the current netlist
v2/release/revA/boards/meshsat-pcb-p-revA-P2/meshsat.pretty/LQFP-128_14x14mm_P0.4mm_EP6.0.kicad_mod	b4f32ac72c359ff96f9104f1d228d62c0340d47e	21781	stale-layout	deliverable folders and review sheets of earlier layout phases (gerbers, BOM and CPL, DRC, renders, 1:1 prints); none carries the current netlist
v2/release/revA/boards/meshsat-pcb-p-revA-P2/meshsat.pretty/LeadLands_1x02.kicad_mod	684dba90f12f0d7c586f63996de6a859f5e9104c	940	stale-layout	deliverable folders and review sheets of earlier layout phases (gerbers, BOM and CPL, DRC, renders, 1:1 prints); none carries the current netlist
v2/release/revA/boards/meshsat-pcb-p-revA-P2/meshsat.pretty/M2_B-Key_Socket_3052.kicad_mod	9d36c9d4e54be4570f4d73543a68bf7254c79832	8356	stale-layout	deliverable folders and review sheets of earlier layout phases (gerbers, BOM and CPL, DRC, renders, 1:1 prints); none carries the current netlist
v2/release/revA/boards/meshsat-pcb-p-revA-P2/meshsat.pretty/M2_E-Key_Socket_2230.kicad_mod	f535d6ccbcb8827a1ba076c8ff4d473446042c3a	11906	stale-layout	deliverable folders and review sheets of earlier layout phases (gerbers, BOM and CPL, DRC, renders, 1:1 prints); none carries the current netlist
v2/release/revA/boards/meshsat-pcb-p-revA-P2/meshsat.pretty/M2_M-Key_Socket_2242.kicad_mod	1cb336bc94bf0788b57ac315995cf9d0a460fa1b	8364	stale-layout	deliverable folders and review sheets of earlier layout phases (gerbers, BOM and CPL, DRC, renders, 1:1 prints); none carries the current netlist
v2/release/revA/boards/meshsat-pcb-p-revA-P2/meshsat.pretty/Mill-Max_0858_power_pin.kicad_mod	e7ae0538e73ccd2f68dc34445c4e96d31aaad04a	2238	stale-layout	deliverable folders and review sheets of earlier layout phases (gerbers, BOM and CPL, DRC, renders, 1:1 prints); none carries the current netlist
v2/release/revA/boards/meshsat-pcb-p-revA-P2/meshsat.pretty/Mill-Max_0858_target.kicad_mod	847341092da38e4370746c238f1ec88a109ce3a1	3349	stale-layout	deliverable folders and review sheets of earlier layout phases (gerbers, BOM and CPL, DRC, renders, 1:1 prints); none carries the current netlist
v2/release/revA/boards/meshsat-pcb-p-revA-P2/meshsat.pretty/MiniPCIe_Socket_52P_H4.0_Standoff.kicad_mod	22dfefd604c75cbf02106436d5a51850762dcefa	9992	stale-layout	deliverable folders and review sheets of earlier layout phases (gerbers, BOM and CPL, DRC, renders, 1:1 prints); none carries the current netlist
v2/release/revA/boards/meshsat-pcb-p-revA-P2/meshsat.pretty/NiceRF_SA868.kicad_mod	6d18850bc11de25f1365987feabbbe144f7b6d34	3060	stale-layout	deliverable folders and review sheets of earlier layout phases (gerbers, BOM and CPL, DRC, renders, 1:1 prints); none carries the current netlist
v2/release/revA/boards/meshsat-pcb-p-revA-P2/meshsat.pretty/PanelJack_17mm.kicad_mod	24252c51561ce62337d26bc48e3f95c2d1617b09	1860	stale-layout	deliverable folders and review sheets of earlier layout phases (gerbers, BOM and CPL, DRC, renders, 1:1 prints); none carries the current netlist
v2/release/revA/boards/meshsat-pcb-p-revA-P2/meshsat.pretty/PanelSounder.kicad_mod	1f6272b2dd125e4fb079ad7ce69c35993aa54546	1333	stale-layout	deliverable folders and review sheets of earlier layout phases (gerbers, BOM and CPL, DRC, renders, 1:1 prints); none carries the current netlist
v2/release/revA/boards/meshsat-pcb-p-revA-P2/meshsat.pretty/PanelSwitch_16mm.kicad_mod	0a623a3e226ad6174334b806b85cc4e02f26f014	1514	stale-layout	deliverable folders and review sheets of earlier layout phases (gerbers, BOM and CPL, DRC, renders, 1:1 prints); none carries the current netlist
v2/release/revA/boards/meshsat-pcb-p-revA-P2/meshsat.pretty/PanelSwitch_19mm.kicad_mod	2544a22529720cbfd41819913bfe8a522d217b31	1514	stale-layout	deliverable folders and review sheets of earlier layout phases (gerbers, BOM and CPL, DRC, renders, 1:1 prints); none carries the current netlist
v2/release/revA/boards/meshsat-pcb-p-revA-P2/meshsat.pretty/PanelToggle_DPDT.kicad_mod	f8796fa733bc66f5e2cd65cf3bfe743dc8259bbd	3533	stale-layout	deliverable folders and review sheets of earlier layout phases (gerbers, BOM and CPL, DRC, renders, 1:1 prints); none carries the current netlist
v2/release/revA/boards/meshsat-pcb-p-revA-P2/meshsat.pretty/PogoPins_2x4.kicad_mod	cb9ae20ccdc1803b624a44ff6be0787babb50f04	1514	stale-layout	deliverable folders and review sheets of earlier layout phases (gerbers, BOM and CPL, DRC, renders, 1:1 prints); none carries the current netlist
v2/release/revA/boards/meshsat-pcb-p-revA-P2/meshsat.pretty/PogoPins_2x6.kicad_mod	8705c1dca881bb048e98192cb9205567b3858eec	1921	stale-layout	deliverable folders and review sheets of earlier layout phases (gerbers, BOM and CPL, DRC, renders, 1:1 prints); none carries the current netlist
v2/release/revA/boards/meshsat-pcb-p-revA-P2/meshsat.pretty/PogoTargets_2x4.kicad_mod	f12181613f62896296bc45af4e7ac3834083dda6	1340	stale-layout	deliverable folders and review sheets of earlier layout phases (gerbers, BOM and CPL, DRC, renders, 1:1 prints); none carries the current netlist
v2/release/revA/boards/meshsat-pcb-p-revA-P2/meshsat.pretty/PogoTargets_2x6.kicad_mod	0b5028a70be47bd7156e7cd419f0b644f5aeea8d	1663	stale-layout	deliverable folders and review sheets of earlier layout phases (gerbers, BOM and CPL, DRC, renders, 1:1 prints); none carries the current netlist
v2/release/revA/boards/meshsat-pcb-p-revA-P2/meshsat.pretty/Pulse_H5007NL.kicad_mod	0365d0017c5fdefcf0c59e2f745747dd0cd2694c	3574	stale-layout	deliverable folders and review sheets of earlier layout phases (gerbers, BOM and CPL, DRC, renders, 1:1 prints); none carries the current netlist
v2/release/revA/boards/meshsat-pcb-p-revA-P2/meshsat.pretty/Quectel_LG290P.kicad_mod	ab90aab3dc4e8587536055e9f55ba474764d6e8f	8796	stale-layout	deliverable folders and review sheets of earlier layout phases (gerbers, BOM and CPL, DRC, renders, 1:1 prints); none carries the current netlist
v2/release/revA/boards/meshsat-pcb-p-revA-P2/meshsat.pretty/Radiall_SMPMAX_R222M00720.kicad_mod	8b85546846fa3c00ab365f63af42027532b2ec52	4584	stale-layout	deliverable folders and review sheets of earlier layout phases (gerbers, BOM and CPL, DRC, renders, 1:1 prints); none carries the current netlist
v2/release/revA/boards/meshsat-pcb-p-revA-P2/meshsat.pretty/Seeed_Wio-SX1262.kicad_mod	13f3ad42fc07c6d98e2b3a1ef174374bfb80672a	4015	stale-layout	deliverable folders and review sheets of earlier layout phases (gerbers, BOM and CPL, DRC, renders, 1:1 prints); none carries the current netlist
v2/release/revA/boards/meshsat-pcb-p-revA-P2/meshsat.pretty/Slot_5x1.8_NPTH.kicad_mod	aa14174da5d277214ebb334ecbb5f0cede22eb27	428	stale-layout	deliverable folders and review sheets of earlier layout phases (gerbers, BOM and CPL, DRC, renders, 1:1 prints); none carries the current netlist
v2/release/revA/boards/meshsat-pcb-p-revA-P2/meshsat.pretty/SolderPad_8x6.kicad_mod	e54e951880f1177e8d14d774300fc58679397740	644	stale-layout	deliverable folders and review sheets of earlier layout phases (gerbers, BOM and CPL, DRC, renders, 1:1 prints); none carries the current netlist
v2/release/revA/boards/meshsat-pcb-p-revA-P2/meshsat.pretty/TQFP-128_14x14mm_P0.4mm_EP10.0.kicad_mod	cef192ea8c5b0b2a18e075ab4600c4ae5b4b2228	21663	stale-layout	deliverable folders and review sheets of earlier layout phases (gerbers, BOM and CPL, DRC, renders, 1:1 prints); none carries the current netlist
v2/release/revA/boards/meshsat-pcb-p-revA-P2/meshsat.pretty/Texas_RQM0029A_QFN-29_4x4mm.kicad_mod	e834904a82b1f8acae5a591ee5c58a2222a76b23	8906	stale-layout	deliverable folders and review sheets of earlier layout phases (gerbers, BOM and CPL, DRC, renders, 1:1 prints); none carries the current netlist
v2/release/revA/boards/meshsat-pcb-p-revA-P2/meshsat.pretty/Texas_RQQ0011A_VQFN-HR-11_2.5x3mm.kicad_mod	413b76a1947732671281ae679d70cf692791c652	6467	stale-layout	deliverable folders and review sheets of earlier layout phases (gerbers, BOM and CPL, DRC, renders, 1:1 prints); none carries the current netlist
v2/release/revA/boards/meshsat-pcb-p-revA-P2/meshsat.pretty/ToggleBody_DPDT.kicad_mod	abe2f1d39c47b7b1fc6a0d89317a83fe18d4327b	1560	stale-layout	deliverable folders and review sheets of earlier layout phases (gerbers, BOM and CPL, DRC, renders, 1:1 prints); none carries the current netlist
v2/release/revA/boards/meshsat-pcb-p-revA-P2/meshsat.pretty/ToggleBody_SPDT.kicad_mod	da327469e4115214a336e2c8cda9324d1b6c816e	1308	stale-layout	deliverable folders and review sheets of earlier layout phases (gerbers, BOM and CPL, DRC, renders, 1:1 prints); none carries the current netlist
v2/release/revA/boards/meshsat-pcb-p-revA-P2/meshsat.pretty/Vishay_VEML7700.kicad_mod	5eb1038164776db9994d9cf039ba2630c767cb30	1186	stale-layout	deliverable folders and review sheets of earlier layout phases (gerbers, BOM and CPL, DRC, renders, 1:1 prints); none carries the current netlist
v2/release/revA/boards/meshsat-pcb-p-revA-P2/meshsat.pretty/WeAct_EPD_3p7.kicad_mod	4d3218b9fb116948e290dd5085abc24818cb8251	2202	stale-layout	deliverable folders and review sheets of earlier layout phases (gerbers, BOM and CPL, DRC, renders, 1:1 prints); none carries the current netlist
v2/release/revA/boards/meshsat-pcb-p-revA-P2/meshsat.pretty/WireHole_2mm.kicad_mod	4035c0334674f2bdca516ca60f29ce0361b81d7b	689	stale-layout	deliverable folders and review sheets of earlier layout phases (gerbers, BOM and CPL, DRC, renders, 1:1 prints); none carries the current netlist
v2/release/revA/boards/meshsat-pcb-p-revA-P2/meshsat.pretty/WireLands_2x6.kicad_mod	88fb8fac6ee7b88238030791e7ca12927d4625a9	1935	stale-layout	deliverable folders and review sheets of earlier layout phases (gerbers, BOM and CPL, DRC, renders, 1:1 prints); none carries the current netlist
v2/release/revA/boards/meshsat-pcb-p-revA-P2/pcb-p-pack-1to1-bottom-mirrored.pdf	9ac63e96066fe3355a25652019112b528b7e75dc	39539	stale-layout	deliverable folders and review sheets of earlier layout phases (gerbers, BOM and CPL, DRC, renders, 1:1 prints); none carries the current netlist
v2/release/revA/boards/meshsat-pcb-p-revA-P2/pcb-p-pack-1to1-top.pdf	ac07d1134a52203ef2894f044d042709117d01f2	52566	stale-layout	deliverable folders and review sheets of earlier layout phases (gerbers, BOM and CPL, DRC, renders, 1:1 prints); none carries the current netlist
v2/release/revA/boards/meshsat-pcb-p-revA-P2/pcb-p-pack-bom-full.csv	49ca7ea14b72c784f13328acabb7462ecee5cb7f	2158	stale-layout	deliverable folders and review sheets of earlier layout phases (gerbers, BOM and CPL, DRC, renders, 1:1 prints); none carries the current netlist
v2/release/revA/boards/meshsat-pcb-p-revA-P2/pcb-p-pack-bom.csv	41533a15dd4bf1e599a4cfaa04cfd24df27b0a38	1676	stale-layout	deliverable folders and review sheets of earlier layout phases (gerbers, BOM and CPL, DRC, renders, 1:1 prints); none carries the current netlist
v2/release/revA/boards/meshsat-pcb-p-revA-P2/pcb-p-pack-bom.status	9be10bbc0d0a725845671f8417cee460d919485b	40	stale-layout	deliverable folders and review sheets of earlier layout phases (gerbers, BOM and CPL, DRC, renders, 1:1 prints); none carries the current netlist
v2/release/revA/boards/meshsat-pcb-p-revA-P2/pcb-p-pack-cpl.csv	7be87e9b5c71dd126b5effdcbede8cb2a986c69c	1783	stale-layout	deliverable folders and review sheets of earlier layout phases (gerbers, BOM and CPL, DRC, renders, 1:1 prints); none carries the current netlist
v2/release/revA/boards/meshsat-pcb-p-revA-P2/pcb-p-pack-drc.rpt	cafc21956c5360c706a109a9c6841a1e38a10b33	7840	stale-layout	deliverable folders and review sheets of earlier layout phases (gerbers, BOM and CPL, DRC, renders, 1:1 prints); none carries the current netlist
v2/release/revA/boards/meshsat-pcb-p-revA-P2/pcb-p-pack-gerbers.zip	dc4c1a5df86d8636c1e4d9e11b0dcae505511c7f	136231	stale-layout	deliverable folders and review sheets of earlier layout phases (gerbers, BOM and CPL, DRC, renders, 1:1 prints); none carries the current netlist
v2/release/revA/boards/meshsat-pcb-p-revA-P2/pcb-p-pack-render-bottom.png	5ff78d0eebf884a38534d39e22b8f2db74b2a9da	105285	stale-layout	deliverable folders and review sheets of earlier layout phases (gerbers, BOM and CPL, DRC, renders, 1:1 prints); none carries the current netlist
v2/release/revA/boards/meshsat-pcb-p-revA-P2/pcb-p-pack-render-top.png	6fae39b15e7395470a670570ae00b0a2d1b3d369	133553	stale-layout	deliverable folders and review sheets of earlier layout phases (gerbers, BOM and CPL, DRC, renders, 1:1 prints); none carries the current netlist
v2/release/revA/boards/meshsat-pcb-p-revA-P2/pcb-p-pack-schematic.pdf	13536867104ac7dc97028f4b3fb46b953d715fe5	353431	stale-layout	deliverable folders and review sheets of earlier layout phases (gerbers, BOM and CPL, DRC, renders, 1:1 prints); none carries the current netlist
v2/release/revA/boards/meshsat-pcb-p-revA-P2/pcb-p-pack.kicad_pcb	13f3dca4753fad2532f00f2e382a05eac75bec12	473615	stale-layout	deliverable folders and review sheets of earlier layout phases (gerbers, BOM and CPL, DRC, renders, 1:1 prints); none carries the current netlist
v2/release/revA/boards/meshsat-pcb-p-revA-P2/pcb-p-pack.kicad_pro	dae02f3d5e7aecd648bc05622ade27bdaca6600a	11563	stale-layout	deliverable folders and review sheets of earlier layout phases (gerbers, BOM and CPL, DRC, renders, 1:1 prints); none carries the current netlist
v2/release/revA/boards/meshsat-pcb-p-revA-P2/pcb-p-pack.kicad_sch	69964acf5b63554ed0dee3eefaf561f2b35b4b26	178062	stale-layout	deliverable folders and review sheets of earlier layout phases (gerbers, BOM and CPL, DRC, renders, 1:1 prints); none carries the current netlist
v2/release/revA/boards/meshsat-pcb-p-revA-P3/README-fab.txt	2a5379b0d3878a0fc2e52ed14c245d6f15a40459	631	stale-layout	deliverable folders and review sheets of earlier layout phases (gerbers, BOM and CPL, DRC, renders, 1:1 prints); none carries the current netlist
v2/release/revA/boards/meshsat-pcb-p-revA-P3/meshsat.pretty/BackerScrew_M3_GND.kicad_mod	969a703459dcadfb90c646c9890937a8efd6d8a9	704	stale-layout	deliverable folders and review sheets of earlier layout phases (gerbers, BOM and CPL, DRC, renders, 1:1 prints); none carries the current netlist
v2/release/revA/boards/meshsat-pcb-p-revA-P3/meshsat.pretty/CM5_Amphenol_10164227.kicad_mod	420dacd5e3ec1a0c66b430fb525dba18d1dc2917	37300	stale-layout	deliverable folders and review sheets of earlier layout phases (gerbers, BOM and CPL, DRC, renders, 1:1 prints); none carries the current netlist
v2/release/revA/boards/meshsat-pcb-p-revA-P3/meshsat.pretty/CM5_Conn_A_10164227.kicad_mod	babefb7b93929185782ea645a07b0835ca738c07	17831	stale-layout	deliverable folders and review sheets of earlier layout phases (gerbers, BOM and CPL, DRC, renders, 1:1 prints); none carries the current netlist
v2/release/revA/boards/meshsat-pcb-p-revA-P3/meshsat.pretty/CM5_Conn_B_10164227.kicad_mod	f1a863ce6743c7cd63a13036d2b0bb8aa4dd23d1	18639	stale-layout	deliverable folders and review sheets of earlier layout phases (gerbers, BOM and CPL, DRC, renders, 1:1 prints); none carries the current netlist
v2/release/revA/boards/meshsat-pcb-p-revA-P3/meshsat.pretty/DMR858M.kicad_mod	b7eeb551102aaf3cf232a0c6261b57dd1babab12	5075	stale-layout	deliverable folders and review sheets of earlier layout phases (gerbers, BOM and CPL, DRC, renders, 1:1 prints); none carries the current netlist
v2/release/revA/boards/meshsat-pcb-p-revA-P3/meshsat.pretty/Ebyte_E22-900M30S.kicad_mod	69cdb329999d405eeb085a9587da267e9c7b5b29	3574	stale-layout	deliverable folders and review sheets of earlier layout phases (gerbers, BOM and CPL, DRC, renders, 1:1 prints); none carries the current netlist
v2/release/revA/boards/meshsat-pcb-p-revA-P3/meshsat.pretty/Ebyte_E72-2G4M20S1E.kicad_mod	d254ca6c23c8c475e80b8bed202fda372dc8ad00	7098	stale-layout	deliverable folders and review sheets of earlier layout phases (gerbers, BOM and CPL, DRC, renders, 1:1 prints); none carries the current netlist
v2/release/revA/boards/meshsat-pcb-p-revA-P3/meshsat.pretty/FrameScrew_M3_GND.kicad_mod	f92a3c2825954d6206a4affe969198fccf3a1255	950	stale-layout	deliverable folders and review sheets of earlier layout phases (gerbers, BOM and CPL, DRC, renders, 1:1 prints); none carries the current netlist
v2/release/revA/boards/meshsat-pcb-p-revA-P3/meshsat.pretty/GuardedToggle_SPDT.kicad_mod	0b93bdcd4fb501a1824a9de49059c8cc4f6af8cf	2463	stale-layout	deliverable folders and review sheets of earlier layout phases (gerbers, BOM and CPL, DRC, renders, 1:1 prints); none carries the current netlist
v2/release/revA/boards/meshsat-pcb-p-revA-P3/meshsat.pretty/GuidePin_Dock.kicad_mod	b7ea90d1631656f172b7e0570dc68d5f06551e6d	757	stale-layout	deliverable folders and review sheets of earlier layout phases (gerbers, BOM and CPL, DRC, renders, 1:1 prints); none carries the current netlist
v2/release/revA/boards/meshsat-pcb-p-revA-P3/meshsat.pretty/GuidePin_Stack.kicad_mod	6bad73715f57372d8d64c8ced5d0701583eb296a	758	stale-layout	deliverable folders and review sheets of earlier layout phases (gerbers, BOM and CPL, DRC, renders, 1:1 prints); none carries the current netlist
v2/release/revA/boards/meshsat-pcb-p-revA-P3/meshsat.pretty/Hirose_FH12-22S-0.5SH_1x22-1MP_P0.50mm_Horizontal.kicad_mod	0b67a52f9e86c229f5e76d05d0bad6fa27c9a8cd	8478	stale-layout	deliverable folders and review sheets of earlier layout phases (gerbers, BOM and CPL, DRC, renders, 1:1 prints); none carries the current netlist
v2/release/revA/boards/meshsat-pcb-p-revA-P3/meshsat.pretty/Hirose_FH34SRJ-24S.kicad_mod	fffcc0e8964fe160de31b0bb3ac0af3bef66a2a0	4027	stale-layout	deliverable folders and review sheets of earlier layout phases (gerbers, BOM and CPL, DRC, renders, 1:1 prints); none carries the current netlist
v2/release/revA/boards/meshsat-pcb-p-revA-P3/meshsat.pretty/IDC-Header_2x05_P2.54mm_Vertical_NarrowPad.kicad_mod	39ee3bb4388fbbb47907842c3da6848c2150b820	5619	stale-layout	deliverable folders and review sheets of earlier layout phases (gerbers, BOM and CPL, DRC, renders, 1:1 prints); none carries the current netlist
v2/release/revA/boards/meshsat-pcb-p-revA-P3/meshsat.pretty/IDC-Header_2x07_P2.54mm_Vertical_NarrowPad.kicad_mod	1c620b9b894ed0a9961bd0299515292c345786d8	6151	stale-layout	deliverable folders and review sheets of earlier layout phases (gerbers, BOM and CPL, DRC, renders, 1:1 prints); none carries the current netlist
v2/release/revA/boards/meshsat-pcb-p-revA-P3/meshsat.pretty/IDC-Header_2x08_P2.54mm_Vertical_NarrowPad.kicad_mod	61bab0e2646b1b9fb02fc128aa4b1ecf43ddd54f	6424	stale-layout	deliverable folders and review sheets of earlier layout phases (gerbers, BOM and CPL, DRC, renders, 1:1 prints); none carries the current netlist
v2/release/revA/boards/meshsat-pcb-p-revA-P3/meshsat.pretty/IDC-Header_2x09_P2.54mm_Vertical_NarrowPad.kicad_mod	bdbae7c0254c8a2ff7ea12b60b4ffa282bf76e39	6692	stale-layout	deliverable folders and review sheets of earlier layout phases (gerbers, BOM and CPL, DRC, renders, 1:1 prints); none carries the current netlist
v2/release/revA/boards/meshsat-pcb-p-revA-P3/meshsat.pretty/IDC-Header_2x10_P2.54mm_Vertical_NarrowPad.kicad_mod	a1a17da82ee2da5512b81af1d9b4f58dec981264	6959	stale-layout	deliverable folders and review sheets of earlier layout phases (gerbers, BOM and CPL, DRC, renders, 1:1 prints); none carries the current netlist
v2/release/revA/boards/meshsat-pcb-p-revA-P3/meshsat.pretty/IDC-Header_2x13_P2.54mm_Vertical_NarrowPad.kicad_mod	3ccffea6baf6f3fa38adb29dfd75f88d01e864c4	7764	stale-layout	deliverable folders and review sheets of earlier layout phases (gerbers, BOM and CPL, DRC, renders, 1:1 prints); none carries the current netlist
v2/release/revA/boards/meshsat-pcb-p-revA-P3/meshsat.pretty/IDC-Header_2x20_P2.54mm_Vertical_NarrowPad.kicad_mod	07f5ef3e28017ec0aa2e3b2865440f9020fbcd35	9631	stale-layout	deliverable folders and review sheets of earlier layout phases (gerbers, BOM and CPL, DRC, renders, 1:1 prints); none carries the current netlist
v2/release/revA/boards/meshsat-pcb-p-revA-P3/meshsat.pretty/LQFP-128_14x14mm_P0.4mm_EP6.0.kicad_mod	b4f32ac72c359ff96f9104f1d228d62c0340d47e	21781	stale-layout	deliverable folders and review sheets of earlier layout phases (gerbers, BOM and CPL, DRC, renders, 1:1 prints); none carries the current netlist
v2/release/revA/boards/meshsat-pcb-p-revA-P3/meshsat.pretty/LeadLands_1x02.kicad_mod	684dba90f12f0d7c586f63996de6a859f5e9104c	940	stale-layout	deliverable folders and review sheets of earlier layout phases (gerbers, BOM and CPL, DRC, renders, 1:1 prints); none carries the current netlist
v2/release/revA/boards/meshsat-pcb-p-revA-P3/meshsat.pretty/M2_B-Key_Socket_3052.kicad_mod	9d36c9d4e54be4570f4d73543a68bf7254c79832	8356	stale-layout	deliverable folders and review sheets of earlier layout phases (gerbers, BOM and CPL, DRC, renders, 1:1 prints); none carries the current netlist
v2/release/revA/boards/meshsat-pcb-p-revA-P3/meshsat.pretty/M2_E-Key_Socket_2230.kicad_mod	f535d6ccbcb8827a1ba076c8ff4d473446042c3a	11906	stale-layout	deliverable folders and review sheets of earlier layout phases (gerbers, BOM and CPL, DRC, renders, 1:1 prints); none carries the current netlist
v2/release/revA/boards/meshsat-pcb-p-revA-P3/meshsat.pretty/M2_M-Key_Socket_2242.kicad_mod	1cb336bc94bf0788b57ac315995cf9d0a460fa1b	8364	stale-layout	deliverable folders and review sheets of earlier layout phases (gerbers, BOM and CPL, DRC, renders, 1:1 prints); none carries the current netlist
v2/release/revA/boards/meshsat-pcb-p-revA-P3/meshsat.pretty/Mill-Max_0858_power_pin.kicad_mod	e7ae0538e73ccd2f68dc34445c4e96d31aaad04a	2238	stale-layout	deliverable folders and review sheets of earlier layout phases (gerbers, BOM and CPL, DRC, renders, 1:1 prints); none carries the current netlist
v2/release/revA/boards/meshsat-pcb-p-revA-P3/meshsat.pretty/Mill-Max_0858_target.kicad_mod	847341092da38e4370746c238f1ec88a109ce3a1	3349	stale-layout	deliverable folders and review sheets of earlier layout phases (gerbers, BOM and CPL, DRC, renders, 1:1 prints); none carries the current netlist
v2/release/revA/boards/meshsat-pcb-p-revA-P3/meshsat.pretty/MiniPCIe_Socket_52P_H4.0_Standoff.kicad_mod	22dfefd604c75cbf02106436d5a51850762dcefa	9992	stale-layout	deliverable folders and review sheets of earlier layout phases (gerbers, BOM and CPL, DRC, renders, 1:1 prints); none carries the current netlist
v2/release/revA/boards/meshsat-pcb-p-revA-P3/meshsat.pretty/NiceRF_SA868.kicad_mod	6d18850bc11de25f1365987feabbbe144f7b6d34	3060	stale-layout	deliverable folders and review sheets of earlier layout phases (gerbers, BOM and CPL, DRC, renders, 1:1 prints); none carries the current netlist
v2/release/revA/boards/meshsat-pcb-p-revA-P3/meshsat.pretty/PanelJack_17mm.kicad_mod	24252c51561ce62337d26bc48e3f95c2d1617b09	1860	stale-layout	deliverable folders and review sheets of earlier layout phases (gerbers, BOM and CPL, DRC, renders, 1:1 prints); none carries the current netlist
v2/release/revA/boards/meshsat-pcb-p-revA-P3/meshsat.pretty/PanelSounder.kicad_mod	1f6272b2dd125e4fb079ad7ce69c35993aa54546	1333	stale-layout	deliverable folders and review sheets of earlier layout phases (gerbers, BOM and CPL, DRC, renders, 1:1 prints); none carries the current netlist
v2/release/revA/boards/meshsat-pcb-p-revA-P3/meshsat.pretty/PanelSwitch_16mm.kicad_mod	0a623a3e226ad6174334b806b85cc4e02f26f014	1514	stale-layout	deliverable folders and review sheets of earlier layout phases (gerbers, BOM and CPL, DRC, renders, 1:1 prints); none carries the current netlist
v2/release/revA/boards/meshsat-pcb-p-revA-P3/meshsat.pretty/PanelSwitch_19mm.kicad_mod	2544a22529720cbfd41819913bfe8a522d217b31	1514	stale-layout	deliverable folders and review sheets of earlier layout phases (gerbers, BOM and CPL, DRC, renders, 1:1 prints); none carries the current netlist
v2/release/revA/boards/meshsat-pcb-p-revA-P3/meshsat.pretty/PanelToggle_DPDT.kicad_mod	f8796fa733bc66f5e2cd65cf3bfe743dc8259bbd	3533	stale-layout	deliverable folders and review sheets of earlier layout phases (gerbers, BOM and CPL, DRC, renders, 1:1 prints); none carries the current netlist
v2/release/revA/boards/meshsat-pcb-p-revA-P3/meshsat.pretty/PogoPins_2x4.kicad_mod	cb9ae20ccdc1803b624a44ff6be0787babb50f04	1514	stale-layout	deliverable folders and review sheets of earlier layout phases (gerbers, BOM and CPL, DRC, renders, 1:1 prints); none carries the current netlist
v2/release/revA/boards/meshsat-pcb-p-revA-P3/meshsat.pretty/PogoPins_2x6.kicad_mod	8705c1dca881bb048e98192cb9205567b3858eec	1921	stale-layout	deliverable folders and review sheets of earlier layout phases (gerbers, BOM and CPL, DRC, renders, 1:1 prints); none carries the current netlist
v2/release/revA/boards/meshsat-pcb-p-revA-P3/meshsat.pretty/PogoTargets_2x4.kicad_mod	f12181613f62896296bc45af4e7ac3834083dda6	1340	stale-layout	deliverable folders and review sheets of earlier layout phases (gerbers, BOM and CPL, DRC, renders, 1:1 prints); none carries the current netlist
v2/release/revA/boards/meshsat-pcb-p-revA-P3/meshsat.pretty/PogoTargets_2x6.kicad_mod	0b5028a70be47bd7156e7cd419f0b644f5aeea8d	1663	stale-layout	deliverable folders and review sheets of earlier layout phases (gerbers, BOM and CPL, DRC, renders, 1:1 prints); none carries the current netlist
v2/release/revA/boards/meshsat-pcb-p-revA-P3/meshsat.pretty/Pulse_H5007NL.kicad_mod	0365d0017c5fdefcf0c59e2f745747dd0cd2694c	3574	stale-layout	deliverable folders and review sheets of earlier layout phases (gerbers, BOM and CPL, DRC, renders, 1:1 prints); none carries the current netlist
v2/release/revA/boards/meshsat-pcb-p-revA-P3/meshsat.pretty/Quectel_LG290P.kicad_mod	ab90aab3dc4e8587536055e9f55ba474764d6e8f	8796	stale-layout	deliverable folders and review sheets of earlier layout phases (gerbers, BOM and CPL, DRC, renders, 1:1 prints); none carries the current netlist
v2/release/revA/boards/meshsat-pcb-p-revA-P3/meshsat.pretty/Radiall_SMPMAX_R222M00720.kicad_mod	8b85546846fa3c00ab365f63af42027532b2ec52	4584	stale-layout	deliverable folders and review sheets of earlier layout phases (gerbers, BOM and CPL, DRC, renders, 1:1 prints); none carries the current netlist
v2/release/revA/boards/meshsat-pcb-p-revA-P3/meshsat.pretty/Seeed_Wio-SX1262.kicad_mod	13f3ad42fc07c6d98e2b3a1ef174374bfb80672a	4015	stale-layout	deliverable folders and review sheets of earlier layout phases (gerbers, BOM and CPL, DRC, renders, 1:1 prints); none carries the current netlist
v2/release/revA/boards/meshsat-pcb-p-revA-P3/meshsat.pretty/Skyworks_SKY13351_MLPD-6_1x1mm.kicad_mod	9d715f84372f857d74f88d2b1d431771594dd4cb	1840	stale-layout	deliverable folders and review sheets of earlier layout phases (gerbers, BOM and CPL, DRC, renders, 1:1 prints); none carries the current netlist
v2/release/revA/boards/meshsat-pcb-p-revA-P3/meshsat.pretty/Slot_5x1.8_NPTH.kicad_mod	aa14174da5d277214ebb334ecbb5f0cede22eb27	428	stale-layout	deliverable folders and review sheets of earlier layout phases (gerbers, BOM and CPL, DRC, renders, 1:1 prints); none carries the current netlist
v2/release/revA/boards/meshsat-pcb-p-revA-P3/meshsat.pretty/SolderPad_8x6.kicad_mod	e54e951880f1177e8d14d774300fc58679397740	644	stale-layout	deliverable folders and review sheets of earlier layout phases (gerbers, BOM and CPL, DRC, renders, 1:1 prints); none carries the current netlist
v2/release/revA/boards/meshsat-pcb-p-revA-P3/meshsat.pretty/TQFP-128_14x14mm_P0.4mm_EP10.0.kicad_mod	cef192ea8c5b0b2a18e075ab4600c4ae5b4b2228	21663	stale-layout	deliverable folders and review sheets of earlier layout phases (gerbers, BOM and CPL, DRC, renders, 1:1 prints); none carries the current netlist
v2/release/revA/boards/meshsat-pcb-p-revA-P3/meshsat.pretty/Texas_RKS0020A_VQFN-20_2.5x4.5mm.kicad_mod	9300f208435ad56c03bddd6ce95651e0a73731c1	3541	stale-layout	deliverable folders and review sheets of earlier layout phases (gerbers, BOM and CPL, DRC, renders, 1:1 prints); none carries the current netlist
v2/release/revA/boards/meshsat-pcb-p-revA-P3/meshsat.pretty/Texas_RQM0029A_QFN-29_4x4mm.kicad_mod	e834904a82b1f8acae5a591ee5c58a2222a76b23	8906	stale-layout	deliverable folders and review sheets of earlier layout phases (gerbers, BOM and CPL, DRC, renders, 1:1 prints); none carries the current netlist
v2/release/revA/boards/meshsat-pcb-p-revA-P3/meshsat.pretty/Texas_RQQ0011A_VQFN-HR-11_2.5x3mm.kicad_mod	413b76a1947732671281ae679d70cf692791c652	6467	stale-layout	deliverable folders and review sheets of earlier layout phases (gerbers, BOM and CPL, DRC, renders, 1:1 prints); none carries the current netlist
v2/release/revA/boards/meshsat-pcb-p-revA-P3/meshsat.pretty/Texas_RSE0010A_UQFN-10_1.5x2mm.kicad_mod	d91e3d1cdf26eec817fadd3d83f7a8473cfa62c9	2333	stale-layout	deliverable folders and review sheets of earlier layout phases (gerbers, BOM and CPL, DRC, renders, 1:1 prints); none carries the current netlist
v2/release/revA/boards/meshsat-pcb-p-revA-P3/meshsat.pretty/ToggleBody_DPDT.kicad_mod	abe2f1d39c47b7b1fc6a0d89317a83fe18d4327b	1560	stale-layout	deliverable folders and review sheets of earlier layout phases (gerbers, BOM and CPL, DRC, renders, 1:1 prints); none carries the current netlist
v2/release/revA/boards/meshsat-pcb-p-revA-P3/meshsat.pretty/ToggleBody_SPDT.kicad_mod	da327469e4115214a336e2c8cda9324d1b6c816e	1308	stale-layout	deliverable folders and review sheets of earlier layout phases (gerbers, BOM and CPL, DRC, renders, 1:1 prints); none carries the current netlist
v2/release/revA/boards/meshsat-pcb-p-revA-P3/meshsat.pretty/Vishay_VEML7700.kicad_mod	5eb1038164776db9994d9cf039ba2630c767cb30	1186	stale-layout	deliverable folders and review sheets of earlier layout phases (gerbers, BOM and CPL, DRC, renders, 1:1 prints); none carries the current netlist
v2/release/revA/boards/meshsat-pcb-p-revA-P3/meshsat.pretty/WeAct_EPD_3p7.kicad_mod	4d3218b9fb116948e290dd5085abc24818cb8251	2202	stale-layout	deliverable folders and review sheets of earlier layout phases (gerbers, BOM and CPL, DRC, renders, 1:1 prints); none carries the current netlist
v2/release/revA/boards/meshsat-pcb-p-revA-P3/meshsat.pretty/WireHole_2mm.kicad_mod	4035c0334674f2bdca516ca60f29ce0361b81d7b	689	stale-layout	deliverable folders and review sheets of earlier layout phases (gerbers, BOM and CPL, DRC, renders, 1:1 prints); none carries the current netlist
v2/release/revA/boards/meshsat-pcb-p-revA-P3/meshsat.pretty/WireLands_2x6.kicad_mod	88fb8fac6ee7b88238030791e7ca12927d4625a9	1935	stale-layout	deliverable folders and review sheets of earlier layout phases (gerbers, BOM and CPL, DRC, renders, 1:1 prints); none carries the current netlist
v2/release/revA/boards/meshsat-pcb-p-revA-P3/pcb-p-pack-1to1-bottom-mirrored.pdf	63d2d454e7810d254536ff96b727b28f8a074482	39602	stale-layout	deliverable folders and review sheets of earlier layout phases (gerbers, BOM and CPL, DRC, renders, 1:1 prints); none carries the current netlist
v2/release/revA/boards/meshsat-pcb-p-revA-P3/pcb-p-pack-1to1-top.pdf	78b5def7be2c8590f772b49860e8d07010542e0a	52566	stale-layout	deliverable folders and review sheets of earlier layout phases (gerbers, BOM and CPL, DRC, renders, 1:1 prints); none carries the current netlist
v2/release/revA/boards/meshsat-pcb-p-revA-P3/pcb-p-pack-board.sha256	ddf37547664a58c4dd77f497081f2c0555e1e845	65	stale-layout	deliverable folders and review sheets of earlier layout phases (gerbers, BOM and CPL, DRC, renders, 1:1 prints); none carries the current netlist
v2/release/revA/boards/meshsat-pcb-p-revA-P3/pcb-p-pack-bom-full.csv	043071d9506c9a545b1b799610b1084bddc83db0	2205	stale-layout	deliverable folders and review sheets of earlier layout phases (gerbers, BOM and CPL, DRC, renders, 1:1 prints); none carries the current netlist
v2/release/revA/boards/meshsat-pcb-p-revA-P3/pcb-p-pack-bom.csv	205fd2878da762caf1684ea596e5ba7184b7fbc1	1777	stale-layout	deliverable folders and review sheets of earlier layout phases (gerbers, BOM and CPL, DRC, renders, 1:1 prints); none carries the current netlist
v2/release/revA/boards/meshsat-pcb-p-revA-P3/pcb-p-pack-bom.status	d86bac9de59abcc26bc7956c1e842237c7581859	3	stale-layout	deliverable folders and review sheets of earlier layout phases (gerbers, BOM and CPL, DRC, renders, 1:1 prints); none carries the current netlist
v2/release/revA/boards/meshsat-pcb-p-revA-P3/pcb-p-pack-cpl.csv	7be87e9b5c71dd126b5effdcbede8cb2a986c69c	1783	stale-layout	deliverable folders and review sheets of earlier layout phases (gerbers, BOM and CPL, DRC, renders, 1:1 prints); none carries the current netlist
v2/release/revA/boards/meshsat-pcb-p-revA-P3/pcb-p-pack-drc.rpt	3d3260a8c2094668d44431733f2ff346b99167db	6965	stale-layout	deliverable folders and review sheets of earlier layout phases (gerbers, BOM and CPL, DRC, renders, 1:1 prints); none carries the current netlist
v2/release/revA/boards/meshsat-pcb-p-revA-P3/pcb-p-pack-gerbers.zip	12b482fddd87618be2a1d3b37f2af01771e6a116	131637	stale-layout	deliverable folders and review sheets of earlier layout phases (gerbers, BOM and CPL, DRC, renders, 1:1 prints); none carries the current netlist
v2/release/revA/boards/meshsat-pcb-p-revA-P3/pcb-p-pack-render-bottom.png	2161bea444188a7bb11ecbf4d3b5b3bead43a8fb	100527	stale-layout	deliverable folders and review sheets of earlier layout phases (gerbers, BOM and CPL, DRC, renders, 1:1 prints); none carries the current netlist
v2/release/revA/boards/meshsat-pcb-p-revA-P3/pcb-p-pack-render-top.png	74034d1bfc8a861f27c76a38b35214428f2f08eb	134535	stale-layout	deliverable folders and review sheets of earlier layout phases (gerbers, BOM and CPL, DRC, renders, 1:1 prints); none carries the current netlist
v2/release/revA/boards/meshsat-pcb-p-revA-P3/pcb-p-pack-schematic.pdf	b271e9f0dff1dbe1c5bea3c66fdb7b9e2611f2e2	357785	stale-layout	deliverable folders and review sheets of earlier layout phases (gerbers, BOM and CPL, DRC, renders, 1:1 prints); none carries the current netlist
v2/release/revA/boards/meshsat-pcb-p-revA-P3/pcb-p-pack.kicad_pcb	d27d35f57ed2d65fbe8cc644772d4165b238688e	465767	stale-layout	deliverable folders and review sheets of earlier layout phases (gerbers, BOM and CPL, DRC, renders, 1:1 prints); none carries the current netlist
v2/release/revA/boards/meshsat-pcb-p-revA-P3/pcb-p-pack.kicad_pro	dae02f3d5e7aecd648bc05622ade27bdaca6600a	11563	stale-layout	deliverable folders and review sheets of earlier layout phases (gerbers, BOM and CPL, DRC, renders, 1:1 prints); none carries the current netlist
v2/release/revA/boards/meshsat-pcb-p-revA-P3/pcb-p-pack.kicad_sch	8ab4d8b84ead78a80b810eb493abc7ed5b507152	178212	stale-layout	deliverable folders and review sheets of earlier layout phases (gerbers, BOM and CPL, DRC, renders, 1:1 prints); none carries the current netlist
v2/release/revA/boards/meshsat-pcb-p-revA-P4/README-fab.txt	9fa1a1fc2c27a2e72726f0907b5915a01af71b3e	631	stale-layout	deliverable folders and review sheets of earlier layout phases (gerbers, BOM and CPL, DRC, renders, 1:1 prints); none carries the current netlist
v2/release/revA/boards/meshsat-pcb-p-revA-P4/meshsat.pretty/BackerScrew_M3_GND.kicad_mod	969a703459dcadfb90c646c9890937a8efd6d8a9	704	stale-layout	deliverable folders and review sheets of earlier layout phases (gerbers, BOM and CPL, DRC, renders, 1:1 prints); none carries the current netlist
v2/release/revA/boards/meshsat-pcb-p-revA-P4/meshsat.pretty/CM5_Amphenol_10164227.kicad_mod	420dacd5e3ec1a0c66b430fb525dba18d1dc2917	37300	stale-layout	deliverable folders and review sheets of earlier layout phases (gerbers, BOM and CPL, DRC, renders, 1:1 prints); none carries the current netlist
v2/release/revA/boards/meshsat-pcb-p-revA-P4/meshsat.pretty/CM5_Conn_A_10164227.kicad_mod	babefb7b93929185782ea645a07b0835ca738c07	17831	stale-layout	deliverable folders and review sheets of earlier layout phases (gerbers, BOM and CPL, DRC, renders, 1:1 prints); none carries the current netlist
v2/release/revA/boards/meshsat-pcb-p-revA-P4/meshsat.pretty/CM5_Conn_B_10164227.kicad_mod	f1a863ce6743c7cd63a13036d2b0bb8aa4dd23d1	18639	stale-layout	deliverable folders and review sheets of earlier layout phases (gerbers, BOM and CPL, DRC, renders, 1:1 prints); none carries the current netlist
v2/release/revA/boards/meshsat-pcb-p-revA-P4/meshsat.pretty/DMR858M.kicad_mod	b7eeb551102aaf3cf232a0c6261b57dd1babab12	5075	stale-layout	deliverable folders and review sheets of earlier layout phases (gerbers, BOM and CPL, DRC, renders, 1:1 prints); none carries the current netlist
v2/release/revA/boards/meshsat-pcb-p-revA-P4/meshsat.pretty/Ebyte_E22-900M30S.kicad_mod	69cdb329999d405eeb085a9587da267e9c7b5b29	3574	stale-layout	deliverable folders and review sheets of earlier layout phases (gerbers, BOM and CPL, DRC, renders, 1:1 prints); none carries the current netlist
v2/release/revA/boards/meshsat-pcb-p-revA-P4/meshsat.pretty/Ebyte_E72-2G4M20S1E.kicad_mod	d254ca6c23c8c475e80b8bed202fda372dc8ad00	7098	stale-layout	deliverable folders and review sheets of earlier layout phases (gerbers, BOM and CPL, DRC, renders, 1:1 prints); none carries the current netlist
v2/release/revA/boards/meshsat-pcb-p-revA-P4/meshsat.pretty/FrameScrew_M3_GND.kicad_mod	f92a3c2825954d6206a4affe969198fccf3a1255	950	stale-layout	deliverable folders and review sheets of earlier layout phases (gerbers, BOM and CPL, DRC, renders, 1:1 prints); none carries the current netlist
v2/release/revA/boards/meshsat-pcb-p-revA-P4/meshsat.pretty/GuardedToggle_SPDT.kicad_mod	0b93bdcd4fb501a1824a9de49059c8cc4f6af8cf	2463	stale-layout	deliverable folders and review sheets of earlier layout phases (gerbers, BOM and CPL, DRC, renders, 1:1 prints); none carries the current netlist
v2/release/revA/boards/meshsat-pcb-p-revA-P4/meshsat.pretty/GuidePin_Dock.kicad_mod	b7ea90d1631656f172b7e0570dc68d5f06551e6d	757	stale-layout	deliverable folders and review sheets of earlier layout phases (gerbers, BOM and CPL, DRC, renders, 1:1 prints); none carries the current netlist
v2/release/revA/boards/meshsat-pcb-p-revA-P4/meshsat.pretty/GuidePin_Stack.kicad_mod	6bad73715f57372d8d64c8ced5d0701583eb296a	758	stale-layout	deliverable folders and review sheets of earlier layout phases (gerbers, BOM and CPL, DRC, renders, 1:1 prints); none carries the current netlist
v2/release/revA/boards/meshsat-pcb-p-revA-P4/meshsat.pretty/Hirose_FH12-22S-0.5SH_1x22-1MP_P0.50mm_Horizontal.kicad_mod	0b67a52f9e86c229f5e76d05d0bad6fa27c9a8cd	8478	stale-layout	deliverable folders and review sheets of earlier layout phases (gerbers, BOM and CPL, DRC, renders, 1:1 prints); none carries the current netlist
v2/release/revA/boards/meshsat-pcb-p-revA-P4/meshsat.pretty/Hirose_FH34SRJ-24S.kicad_mod	fffcc0e8964fe160de31b0bb3ac0af3bef66a2a0	4027	stale-layout	deliverable folders and review sheets of earlier layout phases (gerbers, BOM and CPL, DRC, renders, 1:1 prints); none carries the current netlist
v2/release/revA/boards/meshsat-pcb-p-revA-P4/meshsat.pretty/IDC-Header_2x05_P2.54mm_Vertical_NarrowPad.kicad_mod	39ee3bb4388fbbb47907842c3da6848c2150b820	5619	stale-layout	deliverable folders and review sheets of earlier layout phases (gerbers, BOM and CPL, DRC, renders, 1:1 prints); none carries the current netlist
v2/release/revA/boards/meshsat-pcb-p-revA-P4/meshsat.pretty/IDC-Header_2x07_P2.54mm_Vertical_NarrowPad.kicad_mod	1c620b9b894ed0a9961bd0299515292c345786d8	6151	stale-layout	deliverable folders and review sheets of earlier layout phases (gerbers, BOM and CPL, DRC, renders, 1:1 prints); none carries the current netlist
v2/release/revA/boards/meshsat-pcb-p-revA-P4/meshsat.pretty/IDC-Header_2x08_P2.54mm_Vertical_NarrowPad.kicad_mod	61bab0e2646b1b9fb02fc128aa4b1ecf43ddd54f	6424	stale-layout	deliverable folders and review sheets of earlier layout phases (gerbers, BOM and CPL, DRC, renders, 1:1 prints); none carries the current netlist
v2/release/revA/boards/meshsat-pcb-p-revA-P4/meshsat.pretty/IDC-Header_2x09_P2.54mm_Vertical_NarrowPad.kicad_mod	bdbae7c0254c8a2ff7ea12b60b4ffa282bf76e39	6692	stale-layout	deliverable folders and review sheets of earlier layout phases (gerbers, BOM and CPL, DRC, renders, 1:1 prints); none carries the current netlist
v2/release/revA/boards/meshsat-pcb-p-revA-P4/meshsat.pretty/IDC-Header_2x10_P2.54mm_Vertical_NarrowPad.kicad_mod	a1a17da82ee2da5512b81af1d9b4f58dec981264	6959	stale-layout	deliverable folders and review sheets of earlier layout phases (gerbers, BOM and CPL, DRC, renders, 1:1 prints); none carries the current netlist
v2/release/revA/boards/meshsat-pcb-p-revA-P4/meshsat.pretty/IDC-Header_2x13_P2.54mm_Vertical_NarrowPad.kicad_mod	3ccffea6baf6f3fa38adb29dfd75f88d01e864c4	7764	stale-layout	deliverable folders and review sheets of earlier layout phases (gerbers, BOM and CPL, DRC, renders, 1:1 prints); none carries the current netlist
v2/release/revA/boards/meshsat-pcb-p-revA-P4/meshsat.pretty/IDC-Header_2x20_P2.54mm_Vertical_NarrowPad.kicad_mod	07f5ef3e28017ec0aa2e3b2865440f9020fbcd35	9631	stale-layout	deliverable folders and review sheets of earlier layout phases (gerbers, BOM and CPL, DRC, renders, 1:1 prints); none carries the current netlist
v2/release/revA/boards/meshsat-pcb-p-revA-P4/meshsat.pretty/LQFP-128_14x14mm_P0.4mm_EP6.0.kicad_mod	b4f32ac72c359ff96f9104f1d228d62c0340d47e	21781	stale-layout	deliverable folders and review sheets of earlier layout phases (gerbers, BOM and CPL, DRC, renders, 1:1 prints); none carries the current netlist
v2/release/revA/boards/meshsat-pcb-p-revA-P4/meshsat.pretty/LeadLands_1x02.kicad_mod	684dba90f12f0d7c586f63996de6a859f5e9104c	940	stale-layout	deliverable folders and review sheets of earlier layout phases (gerbers, BOM and CPL, DRC, renders, 1:1 prints); none carries the current netlist
v2/release/revA/boards/meshsat-pcb-p-revA-P4/meshsat.pretty/M2_B-Key_Socket_3052.kicad_mod	9d36c9d4e54be4570f4d73543a68bf7254c79832	8356	stale-layout	deliverable folders and review sheets of earlier layout phases (gerbers, BOM and CPL, DRC, renders, 1:1 prints); none carries the current netlist
v2/release/revA/boards/meshsat-pcb-p-revA-P4/meshsat.pretty/M2_E-Key_Socket_2230.kicad_mod	f535d6ccbcb8827a1ba076c8ff4d473446042c3a	11906	stale-layout	deliverable folders and review sheets of earlier layout phases (gerbers, BOM and CPL, DRC, renders, 1:1 prints); none carries the current netlist
v2/release/revA/boards/meshsat-pcb-p-revA-P4/meshsat.pretty/M2_M-Key_Socket_2242.kicad_mod	1cb336bc94bf0788b57ac315995cf9d0a460fa1b	8364	stale-layout	deliverable folders and review sheets of earlier layout phases (gerbers, BOM and CPL, DRC, renders, 1:1 prints); none carries the current netlist
v2/release/revA/boards/meshsat-pcb-p-revA-P4/meshsat.pretty/Mill-Max_0858_power_pin.kicad_mod	e7ae0538e73ccd2f68dc34445c4e96d31aaad04a	2238	stale-layout	deliverable folders and review sheets of earlier layout phases (gerbers, BOM and CPL, DRC, renders, 1:1 prints); none carries the current netlist
v2/release/revA/boards/meshsat-pcb-p-revA-P4/meshsat.pretty/Mill-Max_0858_target.kicad_mod	847341092da38e4370746c238f1ec88a109ce3a1	3349	stale-layout	deliverable folders and review sheets of earlier layout phases (gerbers, BOM and CPL, DRC, renders, 1:1 prints); none carries the current netlist
v2/release/revA/boards/meshsat-pcb-p-revA-P4/meshsat.pretty/MiniPCIe_Socket_52P_H4.0_Standoff.kicad_mod	22dfefd604c75cbf02106436d5a51850762dcefa	9992	stale-layout	deliverable folders and review sheets of earlier layout phases (gerbers, BOM and CPL, DRC, renders, 1:1 prints); none carries the current netlist
v2/release/revA/boards/meshsat-pcb-p-revA-P4/meshsat.pretty/NiceRF_SA868.kicad_mod	6d18850bc11de25f1365987feabbbe144f7b6d34	3060	stale-layout	deliverable folders and review sheets of earlier layout phases (gerbers, BOM and CPL, DRC, renders, 1:1 prints); none carries the current netlist
v2/release/revA/boards/meshsat-pcb-p-revA-P4/meshsat.pretty/PanelJack_17mm.kicad_mod	24252c51561ce62337d26bc48e3f95c2d1617b09	1860	stale-layout	deliverable folders and review sheets of earlier layout phases (gerbers, BOM and CPL, DRC, renders, 1:1 prints); none carries the current netlist
v2/release/revA/boards/meshsat-pcb-p-revA-P4/meshsat.pretty/PanelSounder.kicad_mod	1f6272b2dd125e4fb079ad7ce69c35993aa54546	1333	stale-layout	deliverable folders and review sheets of earlier layout phases (gerbers, BOM and CPL, DRC, renders, 1:1 prints); none carries the current netlist
v2/release/revA/boards/meshsat-pcb-p-revA-P4/meshsat.pretty/PanelSwitch_16mm.kicad_mod	0a623a3e226ad6174334b806b85cc4e02f26f014	1514	stale-layout	deliverable folders and review sheets of earlier layout phases (gerbers, BOM and CPL, DRC, renders, 1:1 prints); none carries the current netlist
v2/release/revA/boards/meshsat-pcb-p-revA-P4/meshsat.pretty/PanelSwitch_19mm.kicad_mod	2544a22529720cbfd41819913bfe8a522d217b31	1514	stale-layout	deliverable folders and review sheets of earlier layout phases (gerbers, BOM and CPL, DRC, renders, 1:1 prints); none carries the current netlist
v2/release/revA/boards/meshsat-pcb-p-revA-P4/meshsat.pretty/PanelToggle_DPDT.kicad_mod	f8796fa733bc66f5e2cd65cf3bfe743dc8259bbd	3533	stale-layout	deliverable folders and review sheets of earlier layout phases (gerbers, BOM and CPL, DRC, renders, 1:1 prints); none carries the current netlist
v2/release/revA/boards/meshsat-pcb-p-revA-P4/meshsat.pretty/PogoPins_2x4.kicad_mod	cb9ae20ccdc1803b624a44ff6be0787babb50f04	1514	stale-layout	deliverable folders and review sheets of earlier layout phases (gerbers, BOM and CPL, DRC, renders, 1:1 prints); none carries the current netlist
v2/release/revA/boards/meshsat-pcb-p-revA-P4/meshsat.pretty/PogoPins_2x6.kicad_mod	8705c1dca881bb048e98192cb9205567b3858eec	1921	stale-layout	deliverable folders and review sheets of earlier layout phases (gerbers, BOM and CPL, DRC, renders, 1:1 prints); none carries the current netlist
v2/release/revA/boards/meshsat-pcb-p-revA-P4/meshsat.pretty/PogoTargets_2x4.kicad_mod	f12181613f62896296bc45af4e7ac3834083dda6	1340	stale-layout	deliverable folders and review sheets of earlier layout phases (gerbers, BOM and CPL, DRC, renders, 1:1 prints); none carries the current netlist
v2/release/revA/boards/meshsat-pcb-p-revA-P4/meshsat.pretty/PogoTargets_2x6.kicad_mod	0b5028a70be47bd7156e7cd419f0b644f5aeea8d	1663	stale-layout	deliverable folders and review sheets of earlier layout phases (gerbers, BOM and CPL, DRC, renders, 1:1 prints); none carries the current netlist
v2/release/revA/boards/meshsat-pcb-p-revA-P4/meshsat.pretty/Pulse_H5007NL.kicad_mod	0365d0017c5fdefcf0c59e2f745747dd0cd2694c	3574	stale-layout	deliverable folders and review sheets of earlier layout phases (gerbers, BOM and CPL, DRC, renders, 1:1 prints); none carries the current netlist
v2/release/revA/boards/meshsat-pcb-p-revA-P4/meshsat.pretty/Quectel_LG290P.kicad_mod	ab90aab3dc4e8587536055e9f55ba474764d6e8f	8796	stale-layout	deliverable folders and review sheets of earlier layout phases (gerbers, BOM and CPL, DRC, renders, 1:1 prints); none carries the current netlist
v2/release/revA/boards/meshsat-pcb-p-revA-P4/meshsat.pretty/Radiall_SMPMAX_R222M00720.kicad_mod	8b85546846fa3c00ab365f63af42027532b2ec52	4584	stale-layout	deliverable folders and review sheets of earlier layout phases (gerbers, BOM and CPL, DRC, renders, 1:1 prints); none carries the current netlist
v2/release/revA/boards/meshsat-pcb-p-revA-P4/meshsat.pretty/Seeed_Wio-SX1262.kicad_mod	13f3ad42fc07c6d98e2b3a1ef174374bfb80672a	4015	stale-layout	deliverable folders and review sheets of earlier layout phases (gerbers, BOM and CPL, DRC, renders, 1:1 prints); none carries the current netlist
v2/release/revA/boards/meshsat-pcb-p-revA-P4/meshsat.pretty/Skyworks_SKY13351_MLPD-6_1x1mm.kicad_mod	9d715f84372f857d74f88d2b1d431771594dd4cb	1840	stale-layout	deliverable folders and review sheets of earlier layout phases (gerbers, BOM and CPL, DRC, renders, 1:1 prints); none carries the current netlist
v2/release/revA/boards/meshsat-pcb-p-revA-P4/meshsat.pretty/Slot_5x1.8_NPTH.kicad_mod	aa14174da5d277214ebb334ecbb5f0cede22eb27	428	stale-layout	deliverable folders and review sheets of earlier layout phases (gerbers, BOM and CPL, DRC, renders, 1:1 prints); none carries the current netlist
v2/release/revA/boards/meshsat-pcb-p-revA-P4/meshsat.pretty/SolderPad_8x6.kicad_mod	e54e951880f1177e8d14d774300fc58679397740	644	stale-layout	deliverable folders and review sheets of earlier layout phases (gerbers, BOM and CPL, DRC, renders, 1:1 prints); none carries the current netlist
v2/release/revA/boards/meshsat-pcb-p-revA-P4/meshsat.pretty/TQFP-128_14x14mm_P0.4mm_EP10.0.kicad_mod	cef192ea8c5b0b2a18e075ab4600c4ae5b4b2228	21663	stale-layout	deliverable folders and review sheets of earlier layout phases (gerbers, BOM and CPL, DRC, renders, 1:1 prints); none carries the current netlist
v2/release/revA/boards/meshsat-pcb-p-revA-P4/meshsat.pretty/Texas_RKS0020A_VQFN-20_2.5x4.5mm.kicad_mod	9300f208435ad56c03bddd6ce95651e0a73731c1	3541	stale-layout	deliverable folders and review sheets of earlier layout phases (gerbers, BOM and CPL, DRC, renders, 1:1 prints); none carries the current netlist
v2/release/revA/boards/meshsat-pcb-p-revA-P4/meshsat.pretty/Texas_RQM0029A_QFN-29_4x4mm.kicad_mod	e834904a82b1f8acae5a591ee5c58a2222a76b23	8906	stale-layout	deliverable folders and review sheets of earlier layout phases (gerbers, BOM and CPL, DRC, renders, 1:1 prints); none carries the current netlist
v2/release/revA/boards/meshsat-pcb-p-revA-P4/meshsat.pretty/Texas_RQQ0011A_VQFN-HR-11_2.5x3mm.kicad_mod	413b76a1947732671281ae679d70cf692791c652	6467	stale-layout	deliverable folders and review sheets of earlier layout phases (gerbers, BOM and CPL, DRC, renders, 1:1 prints); none carries the current netlist
v2/release/revA/boards/meshsat-pcb-p-revA-P4/meshsat.pretty/Texas_RSE0010A_UQFN-10_1.5x2mm.kicad_mod	d91e3d1cdf26eec817fadd3d83f7a8473cfa62c9	2333	stale-layout	deliverable folders and review sheets of earlier layout phases (gerbers, BOM and CPL, DRC, renders, 1:1 prints); none carries the current netlist
v2/release/revA/boards/meshsat-pcb-p-revA-P4/meshsat.pretty/ToggleBody_DPDT.kicad_mod	abe2f1d39c47b7b1fc6a0d89317a83fe18d4327b	1560	stale-layout	deliverable folders and review sheets of earlier layout phases (gerbers, BOM and CPL, DRC, renders, 1:1 prints); none carries the current netlist
v2/release/revA/boards/meshsat-pcb-p-revA-P4/meshsat.pretty/ToggleBody_SPDT.kicad_mod	da327469e4115214a336e2c8cda9324d1b6c816e	1308	stale-layout	deliverable folders and review sheets of earlier layout phases (gerbers, BOM and CPL, DRC, renders, 1:1 prints); none carries the current netlist
v2/release/revA/boards/meshsat-pcb-p-revA-P4/meshsat.pretty/Vishay_VEML7700.kicad_mod	5eb1038164776db9994d9cf039ba2630c767cb30	1186	stale-layout	deliverable folders and review sheets of earlier layout phases (gerbers, BOM and CPL, DRC, renders, 1:1 prints); none carries the current netlist
v2/release/revA/boards/meshsat-pcb-p-revA-P4/meshsat.pretty/WeAct_EPD_3p7.kicad_mod	4d3218b9fb116948e290dd5085abc24818cb8251	2202	stale-layout	deliverable folders and review sheets of earlier layout phases (gerbers, BOM and CPL, DRC, renders, 1:1 prints); none carries the current netlist
v2/release/revA/boards/meshsat-pcb-p-revA-P4/meshsat.pretty/WireHole_2mm.kicad_mod	4035c0334674f2bdca516ca60f29ce0361b81d7b	689	stale-layout	deliverable folders and review sheets of earlier layout phases (gerbers, BOM and CPL, DRC, renders, 1:1 prints); none carries the current netlist
v2/release/revA/boards/meshsat-pcb-p-revA-P4/meshsat.pretty/WireLands_2x6.kicad_mod	88fb8fac6ee7b88238030791e7ca12927d4625a9	1935	stale-layout	deliverable folders and review sheets of earlier layout phases (gerbers, BOM and CPL, DRC, renders, 1:1 prints); none carries the current netlist
v2/release/revA/boards/meshsat-pcb-p-revA-P4/pcb-p-pack-1to1-bottom-mirrored.pdf	355e495099a53dad7d9dcf08fd549785c96405ff	39531	stale-layout	deliverable folders and review sheets of earlier layout phases (gerbers, BOM and CPL, DRC, renders, 1:1 prints); none carries the current netlist
v2/release/revA/boards/meshsat-pcb-p-revA-P4/pcb-p-pack-1to1-top.pdf	c6914b66208efd7562c082d9a8ec79b68b110926	52593	stale-layout	deliverable folders and review sheets of earlier layout phases (gerbers, BOM and CPL, DRC, renders, 1:1 prints); none carries the current netlist
v2/release/revA/boards/meshsat-pcb-p-revA-P4/pcb-p-pack-board.sha256	1ad247252a2c23712e3c67804a9882849b238981	65	stale-layout	deliverable folders and review sheets of earlier layout phases (gerbers, BOM and CPL, DRC, renders, 1:1 prints); none carries the current netlist
v2/release/revA/boards/meshsat-pcb-p-revA-P4/pcb-p-pack-bom-full.csv	043071d9506c9a545b1b799610b1084bddc83db0	2205	stale-layout	deliverable folders and review sheets of earlier layout phases (gerbers, BOM and CPL, DRC, renders, 1:1 prints); none carries the current netlist
v2/release/revA/boards/meshsat-pcb-p-revA-P4/pcb-p-pack-bom.csv	205fd2878da762caf1684ea596e5ba7184b7fbc1	1777	stale-layout	deliverable folders and review sheets of earlier layout phases (gerbers, BOM and CPL, DRC, renders, 1:1 prints); none carries the current netlist
v2/release/revA/boards/meshsat-pcb-p-revA-P4/pcb-p-pack-bom.status	d86bac9de59abcc26bc7956c1e842237c7581859	3	stale-layout	deliverable folders and review sheets of earlier layout phases (gerbers, BOM and CPL, DRC, renders, 1:1 prints); none carries the current netlist
v2/release/revA/boards/meshsat-pcb-p-revA-P4/pcb-p-pack-cpl.csv	7be87e9b5c71dd126b5effdcbede8cb2a986c69c	1783	stale-layout	deliverable folders and review sheets of earlier layout phases (gerbers, BOM and CPL, DRC, renders, 1:1 prints); none carries the current netlist
v2/release/revA/boards/meshsat-pcb-p-revA-P4/pcb-p-pack-drc.rpt	fd8b2bfe286b86ef5fa5984ad49101002df14de8	7829	stale-layout	deliverable folders and review sheets of earlier layout phases (gerbers, BOM and CPL, DRC, renders, 1:1 prints); none carries the current netlist
v2/release/revA/boards/meshsat-pcb-p-revA-P4/pcb-p-pack-gerbers.zip	70e112d90d36c67d3fe57958266fd65560530dcb	140928	stale-layout	deliverable folders and review sheets of earlier layout phases (gerbers, BOM and CPL, DRC, renders, 1:1 prints); none carries the current netlist
v2/release/revA/boards/meshsat-pcb-p-revA-P4/pcb-p-pack-render-bottom.png	69333677e834a4a89c6901a8af699500cba6bf37	115811	stale-layout	deliverable folders and review sheets of earlier layout phases (gerbers, BOM and CPL, DRC, renders, 1:1 prints); none carries the current netlist
v2/release/revA/boards/meshsat-pcb-p-revA-P4/pcb-p-pack-render-top.png	ef0327a06da716ef8ea14513caf44e4edd8f483a	136631	stale-layout	deliverable folders and review sheets of earlier layout phases (gerbers, BOM and CPL, DRC, renders, 1:1 prints); none carries the current netlist
v2/release/revA/boards/meshsat-pcb-p-revA-P4/pcb-p-pack-schematic.pdf	8ca7fbf598a29c286c4b94942824bd4e34c84b0d	276410	stale-layout	deliverable folders and review sheets of earlier layout phases (gerbers, BOM and CPL, DRC, renders, 1:1 prints); none carries the current netlist
v2/release/revA/boards/meshsat-pcb-p-revA-P4/pcb-p-pack.kicad_pcb	f90ea55b49be98701a295b5f3d0b017db84062f0	490964	stale-layout	deliverable folders and review sheets of earlier layout phases (gerbers, BOM and CPL, DRC, renders, 1:1 prints); none carries the current netlist
v2/release/revA/boards/meshsat-pcb-p-revA-P4/pcb-p-pack.kicad_pro	dae02f3d5e7aecd648bc05622ade27bdaca6600a	11563	stale-layout	deliverable folders and review sheets of earlier layout phases (gerbers, BOM and CPL, DRC, renders, 1:1 prints); none carries the current netlist
v2/release/revA/boards/meshsat-pcb-p-revA-P4/pcb-p-pack.kicad_sch	8ab4d8b84ead78a80b810eb493abc7ed5b507152	178212	stale-layout	deliverable folders and review sheets of earlier layout phases (gerbers, BOM and CPL, DRC, renders, 1:1 prints); none carries the current netlist
v2/release/revA/boards/superseded/meshsat-pcb-a-revA-A18/README-fab.txt	64c22d38814986c552a170c2e5ba0c1aa22bca21	823	stale-layout	deliverable folders and review sheets of earlier layout phases (gerbers, BOM and CPL, DRC, renders, 1:1 prints); none carries the current netlist
v2/release/revA/boards/superseded/meshsat-pcb-a-revA-A18/meshsat.pretty/DMR858M.kicad_mod	b7eeb551102aaf3cf232a0c6261b57dd1babab12	5075	stale-layout	deliverable folders and review sheets of earlier layout phases (gerbers, BOM and CPL, DRC, renders, 1:1 prints); none carries the current netlist
v2/release/revA/boards/superseded/meshsat-pcb-a-revA-A18/meshsat.pretty/GuardedToggle_SPDT.kicad_mod	38753d04eef343c53a202ffe074672c6831c8630	1527	stale-layout	deliverable folders and review sheets of earlier layout phases (gerbers, BOM and CPL, DRC, renders, 1:1 prints); none carries the current netlist
v2/release/revA/boards/superseded/meshsat-pcb-a-revA-A18/meshsat.pretty/GuidePin_Dock.kicad_mod	b7ea90d1631656f172b7e0570dc68d5f06551e6d	757	stale-layout	deliverable folders and review sheets of earlier layout phases (gerbers, BOM and CPL, DRC, renders, 1:1 prints); none carries the current netlist
v2/release/revA/boards/superseded/meshsat-pcb-a-revA-A18/meshsat.pretty/GuidePin_Stack.kicad_mod	6bad73715f57372d8d64c8ced5d0701583eb296a	758	stale-layout	deliverable folders and review sheets of earlier layout phases (gerbers, BOM and CPL, DRC, renders, 1:1 prints); none carries the current netlist
v2/release/revA/boards/superseded/meshsat-pcb-a-revA-A18/meshsat.pretty/PanelSwitch_16mm.kicad_mod	c7a9d917e01650f7a5ebcde7c136d344a6974288	1595	stale-layout	deliverable folders and review sheets of earlier layout phases (gerbers, BOM and CPL, DRC, renders, 1:1 prints); none carries the current netlist
v2/release/revA/boards/superseded/meshsat-pcb-a-revA-A18/meshsat.pretty/PanelSwitch_19mm.kicad_mod	37112e786da76317d2e8ff2e0b3d80ee791e69f7	1596	stale-layout	deliverable folders and review sheets of earlier layout phases (gerbers, BOM and CPL, DRC, renders, 1:1 prints); none carries the current netlist
v2/release/revA/boards/superseded/meshsat-pcb-a-revA-A18/meshsat.pretty/PanelToggle_DPDT.kicad_mod	b88d92738f3dfe2f5f940c0e87e12dded482960e	1786	stale-layout	deliverable folders and review sheets of earlier layout phases (gerbers, BOM and CPL, DRC, renders, 1:1 prints); none carries the current netlist
v2/release/revA/boards/superseded/meshsat-pcb-a-revA-A18/meshsat.pretty/PogoPins_2x4.kicad_mod	cf1352c04a3707c564b094e95f8ec2b6c929f295	1514	stale-layout	deliverable folders and review sheets of earlier layout phases (gerbers, BOM and CPL, DRC, renders, 1:1 prints); none carries the current netlist
v2/release/revA/boards/superseded/meshsat-pcb-a-revA-A18/meshsat.pretty/PogoTargets_2x4.kicad_mod	f12181613f62896296bc45af4e7ac3834083dda6	1340	stale-layout	deliverable folders and review sheets of earlier layout phases (gerbers, BOM and CPL, DRC, renders, 1:1 prints); none carries the current netlist
v2/release/revA/boards/superseded/meshsat-pcb-a-revA-A18/meshsat.pretty/Slot_5x1.8_NPTH.kicad_mod	aa14174da5d277214ebb334ecbb5f0cede22eb27	428	stale-layout	deliverable folders and review sheets of earlier layout phases (gerbers, BOM and CPL, DRC, renders, 1:1 prints); none carries the current netlist
v2/release/revA/boards/superseded/meshsat-pcb-a-revA-A18/meshsat.pretty/WeAct_EPD_3p7.kicad_mod	4d3218b9fb116948e290dd5085abc24818cb8251	2202	stale-layout	deliverable folders and review sheets of earlier layout phases (gerbers, BOM and CPL, DRC, renders, 1:1 prints); none carries the current netlist
v2/release/revA/boards/superseded/meshsat-pcb-a-revA-A18/pcb-a-power-1to1-bottom-mirrored.pdf	78be7e388d786adf1cba0c4ae03c165e16c4bc86	83121	stale-layout	deliverable folders and review sheets of earlier layout phases (gerbers, BOM and CPL, DRC, renders, 1:1 prints); none carries the current netlist
v2/release/revA/boards/superseded/meshsat-pcb-a-revA-A18/pcb-a-power-1to1-top.pdf	eb13d04a16dcbe53786a3e3d4e4d8e852b48c41d	162874	stale-layout	deliverable folders and review sheets of earlier layout phases (gerbers, BOM and CPL, DRC, renders, 1:1 prints); none carries the current netlist
v2/release/revA/boards/superseded/meshsat-pcb-a-revA-A18/pcb-a-power-bom.csv	bb1902bb224945e51a869409b27f44c140b8da84	3229	stale-layout	deliverable folders and review sheets of earlier layout phases (gerbers, BOM and CPL, DRC, renders, 1:1 prints); none carries the current netlist
v2/release/revA/boards/superseded/meshsat-pcb-a-revA-A18/pcb-a-power-cpl.csv	fe72921ab3b6a74e972f43d8308e0e6852f7a7ab	4597	stale-layout	deliverable folders and review sheets of earlier layout phases (gerbers, BOM and CPL, DRC, renders, 1:1 prints); none carries the current netlist
v2/release/revA/boards/superseded/meshsat-pcb-a-revA-A18/pcb-a-power-drc.rpt	2da9f29be332e6269ff9fa6239189832b58046bd	21376	stale-layout	deliverable folders and review sheets of earlier layout phases (gerbers, BOM and CPL, DRC, renders, 1:1 prints); none carries the current netlist
v2/release/revA/boards/superseded/meshsat-pcb-a-revA-A18/pcb-a-power-gerbers.zip	4d8d4b63ea8e2bd978899a1019ae241f105f102a	474175	stale-layout	deliverable folders and review sheets of earlier layout phases (gerbers, BOM and CPL, DRC, renders, 1:1 prints); none carries the current netlist
v2/release/revA/boards/superseded/meshsat-pcb-a-revA-A18/pcb-a-power-render-bottom.png	bdae5c15cfd329ed101e8fa9e417e65af924e837	53711	stale-layout	deliverable folders and review sheets of earlier layout phases (gerbers, BOM and CPL, DRC, renders, 1:1 prints); none carries the current netlist
v2/release/revA/boards/superseded/meshsat-pcb-a-revA-A18/pcb-a-power-render-top.png	1052867e0ba9e7de877f3b38d7071f4c52919cf0	93302	stale-layout	deliverable folders and review sheets of earlier layout phases (gerbers, BOM and CPL, DRC, renders, 1:1 prints); none carries the current netlist
v2/release/revA/boards/superseded/meshsat-pcb-a-revA-A18/pcb-a-power-schematic.pdf	cf47d642e6411f33240b7ec654b67ae04160aa06	890198	stale-layout	deliverable folders and review sheets of earlier layout phases (gerbers, BOM and CPL, DRC, renders, 1:1 prints); none carries the current netlist
v2/release/revA/boards/superseded/meshsat-pcb-a-revA-A18/pcb-a-power.kicad_pcb	6b0873f77d90eebfcbff6f567da5a52405fb80d1	1580445	stale-layout	deliverable folders and review sheets of earlier layout phases (gerbers, BOM and CPL, DRC, renders, 1:1 prints); none carries the current netlist
v2/release/revA/boards/superseded/meshsat-pcb-a-revA-A18/pcb-a-power.kicad_pro	1da830a48eb27e1481f0f6458a5875ccd9a6bc34	11262	stale-layout	deliverable folders and review sheets of earlier layout phases (gerbers, BOM and CPL, DRC, renders, 1:1 prints); none carries the current netlist
v2/release/revA/boards/superseded/meshsat-pcb-a-revA-A18/pcb-a-power.kicad_sch	dc9490aa0592c193926b43e03b7e7a6e7ea42256	456265	stale-layout	deliverable folders and review sheets of earlier layout phases (gerbers, BOM and CPL, DRC, renders, 1:1 prints); none carries the current netlist
v2/release/revA/boards/superseded/meshsat-pcb-b-revA-B11/README-fab.txt	64c22d38814986c552a170c2e5ba0c1aa22bca21	823	stale-layout	deliverable folders and review sheets of earlier layout phases (gerbers, BOM and CPL, DRC, renders, 1:1 prints); none carries the current netlist
v2/release/revA/boards/superseded/meshsat-pcb-b-revA-B11/meshsat.pretty/DMR858M.kicad_mod	b7eeb551102aaf3cf232a0c6261b57dd1babab12	5075	stale-layout	deliverable folders and review sheets of earlier layout phases (gerbers, BOM and CPL, DRC, renders, 1:1 prints); none carries the current netlist
v2/release/revA/boards/superseded/meshsat-pcb-b-revA-B11/meshsat.pretty/GuardedToggle_SPDT.kicad_mod	38753d04eef343c53a202ffe074672c6831c8630	1527	stale-layout	deliverable folders and review sheets of earlier layout phases (gerbers, BOM and CPL, DRC, renders, 1:1 prints); none carries the current netlist
v2/release/revA/boards/superseded/meshsat-pcb-b-revA-B11/meshsat.pretty/GuidePin_Dock.kicad_mod	b7ea90d1631656f172b7e0570dc68d5f06551e6d	757	stale-layout	deliverable folders and review sheets of earlier layout phases (gerbers, BOM and CPL, DRC, renders, 1:1 prints); none carries the current netlist
v2/release/revA/boards/superseded/meshsat-pcb-b-revA-B11/meshsat.pretty/GuidePin_Stack.kicad_mod	6bad73715f57372d8d64c8ced5d0701583eb296a	758	stale-layout	deliverable folders and review sheets of earlier layout phases (gerbers, BOM and CPL, DRC, renders, 1:1 prints); none carries the current netlist
v2/release/revA/boards/superseded/meshsat-pcb-b-revA-B11/meshsat.pretty/PanelSwitch_16mm.kicad_mod	c7a9d917e01650f7a5ebcde7c136d344a6974288	1595	stale-layout	deliverable folders and review sheets of earlier layout phases (gerbers, BOM and CPL, DRC, renders, 1:1 prints); none carries the current netlist
v2/release/revA/boards/superseded/meshsat-pcb-b-revA-B11/meshsat.pretty/PanelSwitch_19mm.kicad_mod	37112e786da76317d2e8ff2e0b3d80ee791e69f7	1596	stale-layout	deliverable folders and review sheets of earlier layout phases (gerbers, BOM and CPL, DRC, renders, 1:1 prints); none carries the current netlist
v2/release/revA/boards/superseded/meshsat-pcb-b-revA-B11/meshsat.pretty/PanelToggle_DPDT.kicad_mod	b88d92738f3dfe2f5f940c0e87e12dded482960e	1786	stale-layout	deliverable folders and review sheets of earlier layout phases (gerbers, BOM and CPL, DRC, renders, 1:1 prints); none carries the current netlist
v2/release/revA/boards/superseded/meshsat-pcb-b-revA-B11/meshsat.pretty/PogoPins_2x4.kicad_mod	cb9ae20ccdc1803b624a44ff6be0787babb50f04	1514	stale-layout	deliverable folders and review sheets of earlier layout phases (gerbers, BOM and CPL, DRC, renders, 1:1 prints); none carries the current netlist
v2/release/revA/boards/superseded/meshsat-pcb-b-revA-B11/meshsat.pretty/PogoTargets_2x4.kicad_mod	f12181613f62896296bc45af4e7ac3834083dda6	1340	stale-layout	deliverable folders and review sheets of earlier layout phases (gerbers, BOM and CPL, DRC, renders, 1:1 prints); none carries the current netlist
v2/release/revA/boards/superseded/meshsat-pcb-b-revA-B11/meshsat.pretty/Slot_5x1.8_NPTH.kicad_mod	aa14174da5d277214ebb334ecbb5f0cede22eb27	428	stale-layout	deliverable folders and review sheets of earlier layout phases (gerbers, BOM and CPL, DRC, renders, 1:1 prints); none carries the current netlist
v2/release/revA/boards/superseded/meshsat-pcb-b-revA-B11/meshsat.pretty/WeAct_EPD_3p7.kicad_mod	4d3218b9fb116948e290dd5085abc24818cb8251	2202	stale-layout	deliverable folders and review sheets of earlier layout phases (gerbers, BOM and CPL, DRC, renders, 1:1 prints); none carries the current netlist
v2/release/revA/boards/superseded/meshsat-pcb-b-revA-B11/pcb-b-compute-1to1-bottom-mirrored.pdf	86a4fb569dd40b1b242f95f3709f33ac4e51fd02	96881	stale-layout	deliverable folders and review sheets of earlier layout phases (gerbers, BOM and CPL, DRC, renders, 1:1 prints); none carries the current netlist
v2/release/revA/boards/superseded/meshsat-pcb-b-revA-B11/pcb-b-compute-1to1-top.pdf	28fbc7c4051fd248d00bb8afd5119972a10389bc	209001	stale-layout	deliverable folders and review sheets of earlier layout phases (gerbers, BOM and CPL, DRC, renders, 1:1 prints); none carries the current netlist
v2/release/revA/boards/superseded/meshsat-pcb-b-revA-B11/pcb-b-compute-bom.csv	80200dfa912a78156d359545704d577ddf9fad2d	2805	stale-layout	deliverable folders and review sheets of earlier layout phases (gerbers, BOM and CPL, DRC, renders, 1:1 prints); none carries the current netlist
v2/release/revA/boards/superseded/meshsat-pcb-b-revA-B11/pcb-b-compute-cpl.csv	dab56e0f3ea6c7cc1bbcd97afe1a2bf3344aba8b	4957	stale-layout	deliverable folders and review sheets of earlier layout phases (gerbers, BOM and CPL, DRC, renders, 1:1 prints); none carries the current netlist
v2/release/revA/boards/superseded/meshsat-pcb-b-revA-B11/pcb-b-compute-drc.rpt	9efc97dde2c5c900798b309b1f3154853c811383	7084	stale-layout	deliverable folders and review sheets of earlier layout phases (gerbers, BOM and CPL, DRC, renders, 1:1 prints); none carries the current netlist
v2/release/revA/boards/superseded/meshsat-pcb-b-revA-B11/pcb-b-compute-gerbers.zip	2c0f2785638391a22df023abce4619d62f98a01e	575967	stale-layout	deliverable folders and review sheets of earlier layout phases (gerbers, BOM and CPL, DRC, renders, 1:1 prints); none carries the current netlist
v2/release/revA/boards/superseded/meshsat-pcb-b-revA-B11/pcb-b-compute-render-bottom.png	1d81c003421997a3a31c7860799af326d6b62678	60986	stale-layout	deliverable folders and review sheets of earlier layout phases (gerbers, BOM and CPL, DRC, renders, 1:1 prints); none carries the current netlist
v2/release/revA/boards/superseded/meshsat-pcb-b-revA-B11/pcb-b-compute-render-top.png	f5cc50e58fecc3794b8dd568fbd0aae899182ffc	131313	stale-layout	deliverable folders and review sheets of earlier layout phases (gerbers, BOM and CPL, DRC, renders, 1:1 prints); none carries the current netlist
v2/release/revA/boards/superseded/meshsat-pcb-b-revA-B11/pcb-b-compute-schematic.pdf	634289f4756d8189631b615353e8fcb3e009acfe	1052173	stale-layout	deliverable folders and review sheets of earlier layout phases (gerbers, BOM and CPL, DRC, renders, 1:1 prints); none carries the current netlist
v2/release/revA/boards/superseded/meshsat-pcb-b-revA-B11/pcb-b-compute.kicad_pcb	1617135ab2f8ead76ed4e71515bb78921a41eada	1661497	stale-layout	deliverable folders and review sheets of earlier layout phases (gerbers, BOM and CPL, DRC, renders, 1:1 prints); none carries the current netlist
v2/release/revA/boards/superseded/meshsat-pcb-b-revA-B11/pcb-b-compute.kicad_pro	a20285f5c0bf847b8361dcbff6a56b18b85ab21d	9882	stale-layout	deliverable folders and review sheets of earlier layout phases (gerbers, BOM and CPL, DRC, renders, 1:1 prints); none carries the current netlist
v2/release/revA/boards/superseded/meshsat-pcb-b-revA-B11/pcb-b-compute.kicad_sch	9984f45d6d7eb029ca58a303c244078bbc20816d	589733	stale-layout	deliverable folders and review sheets of earlier layout phases (gerbers, BOM and CPL, DRC, renders, 1:1 prints); none carries the current netlist
v2/release/revA/boards/superseded/meshsat-pcb-c-revA-C4/README-fab.txt	64c22d38814986c552a170c2e5ba0c1aa22bca21	823	stale-layout	deliverable folders and review sheets of earlier layout phases (gerbers, BOM and CPL, DRC, renders, 1:1 prints); none carries the current netlist
v2/release/revA/boards/superseded/meshsat-pcb-c-revA-C4/meshsat.pretty/DMR858M.kicad_mod	b7eeb551102aaf3cf232a0c6261b57dd1babab12	5075	stale-layout	deliverable folders and review sheets of earlier layout phases (gerbers, BOM and CPL, DRC, renders, 1:1 prints); none carries the current netlist
v2/release/revA/boards/superseded/meshsat-pcb-c-revA-C4/meshsat.pretty/GuardedToggle_SPDT.kicad_mod	38753d04eef343c53a202ffe074672c6831c8630	1527	stale-layout	deliverable folders and review sheets of earlier layout phases (gerbers, BOM and CPL, DRC, renders, 1:1 prints); none carries the current netlist
v2/release/revA/boards/superseded/meshsat-pcb-c-revA-C4/meshsat.pretty/GuidePin_Dock.kicad_mod	b7ea90d1631656f172b7e0570dc68d5f06551e6d	757	stale-layout	deliverable folders and review sheets of earlier layout phases (gerbers, BOM and CPL, DRC, renders, 1:1 prints); none carries the current netlist
v2/release/revA/boards/superseded/meshsat-pcb-c-revA-C4/meshsat.pretty/GuidePin_Stack.kicad_mod	6bad73715f57372d8d64c8ced5d0701583eb296a	758	stale-layout	deliverable folders and review sheets of earlier layout phases (gerbers, BOM and CPL, DRC, renders, 1:1 prints); none carries the current netlist
v2/release/revA/boards/superseded/meshsat-pcb-c-revA-C4/meshsat.pretty/PanelSwitch_16mm.kicad_mod	c7a9d917e01650f7a5ebcde7c136d344a6974288	1595	stale-layout	deliverable folders and review sheets of earlier layout phases (gerbers, BOM and CPL, DRC, renders, 1:1 prints); none carries the current netlist
v2/release/revA/boards/superseded/meshsat-pcb-c-revA-C4/meshsat.pretty/PanelSwitch_19mm.kicad_mod	37112e786da76317d2e8ff2e0b3d80ee791e69f7	1596	stale-layout	deliverable folders and review sheets of earlier layout phases (gerbers, BOM and CPL, DRC, renders, 1:1 prints); none carries the current netlist
v2/release/revA/boards/superseded/meshsat-pcb-c-revA-C4/meshsat.pretty/PanelToggle_DPDT.kicad_mod	b88d92738f3dfe2f5f940c0e87e12dded482960e	1786	stale-layout	deliverable folders and review sheets of earlier layout phases (gerbers, BOM and CPL, DRC, renders, 1:1 prints); none carries the current netlist
v2/release/revA/boards/superseded/meshsat-pcb-c-revA-C4/meshsat.pretty/PogoPins_2x4.kicad_mod	cb9ae20ccdc1803b624a44ff6be0787babb50f04	1514	stale-layout	deliverable folders and review sheets of earlier layout phases (gerbers, BOM and CPL, DRC, renders, 1:1 prints); none carries the current netlist
v2/release/revA/boards/superseded/meshsat-pcb-c-revA-C4/meshsat.pretty/PogoTargets_2x4.kicad_mod	f12181613f62896296bc45af4e7ac3834083dda6	1340	stale-layout	deliverable folders and review sheets of earlier layout phases (gerbers, BOM and CPL, DRC, renders, 1:1 prints); none carries the current netlist
v2/release/revA/boards/superseded/meshsat-pcb-c-revA-C4/meshsat.pretty/Slot_5x1.8_NPTH.kicad_mod	aa14174da5d277214ebb334ecbb5f0cede22eb27	428	stale-layout	deliverable folders and review sheets of earlier layout phases (gerbers, BOM and CPL, DRC, renders, 1:1 prints); none carries the current netlist
v2/release/revA/boards/superseded/meshsat-pcb-c-revA-C4/meshsat.pretty/WeAct_EPD_3p7.kicad_mod	4d3218b9fb116948e290dd5085abc24818cb8251	2202	stale-layout	deliverable folders and review sheets of earlier layout phases (gerbers, BOM and CPL, DRC, renders, 1:1 prints); none carries the current netlist
v2/release/revA/boards/superseded/meshsat-pcb-c-revA-C4/pcb-c-display-1to1-bottom-mirrored.pdf	15e917e532d36b03bedb9cfc3b4223005b72a412	114784	stale-layout	deliverable folders and review sheets of earlier layout phases (gerbers, BOM and CPL, DRC, renders, 1:1 prints); none carries the current netlist
v2/release/revA/boards/superseded/meshsat-pcb-c-revA-C4/pcb-c-display-1to1-top.pdf	d0b9ee900de196ec6619e5578bde10d1c9157c94	149331	stale-layout	deliverable folders and review sheets of earlier layout phases (gerbers, BOM and CPL, DRC, renders, 1:1 prints); none carries the current netlist
v2/release/revA/boards/superseded/meshsat-pcb-c-revA-C4/pcb-c-display-bom.csv	11e1633c8c0e778824396afb91b41717d8ee21b1	2952	stale-layout	deliverable folders and review sheets of earlier layout phases (gerbers, BOM and CPL, DRC, renders, 1:1 prints); none carries the current netlist
v2/release/revA/boards/superseded/meshsat-pcb-c-revA-C4/pcb-c-display-cpl.csv	bb3ca183a484d8ad185705d7f83242a6a4f07c40	4437	stale-layout	deliverable folders and review sheets of earlier layout phases (gerbers, BOM and CPL, DRC, renders, 1:1 prints); none carries the current netlist
v2/release/revA/boards/superseded/meshsat-pcb-c-revA-C4/pcb-c-display-drc.rpt	e604b812c414097a1b6ba30c2753afef13763af8	4807	stale-layout	deliverable folders and review sheets of earlier layout phases (gerbers, BOM and CPL, DRC, renders, 1:1 prints); none carries the current netlist
v2/release/revA/boards/superseded/meshsat-pcb-c-revA-C4/pcb-c-display-gerbers.zip	0aff3eefe4278e677600747815b77cadde0e06f4	458192	stale-layout	deliverable folders and review sheets of earlier layout phases (gerbers, BOM and CPL, DRC, renders, 1:1 prints); none carries the current netlist
v2/release/revA/boards/superseded/meshsat-pcb-c-revA-C4/pcb-c-display-render-bottom.png	047eded16c99c567283bd2f5168d337806913ffe	91720	stale-layout	deliverable folders and review sheets of earlier layout phases (gerbers, BOM and CPL, DRC, renders, 1:1 prints); none carries the current netlist
v2/release/revA/boards/superseded/meshsat-pcb-c-revA-C4/pcb-c-display-render-top.png	c6b2e30c79d41cc88f2b318e85ea9ed3f29e6a40	93565	stale-layout	deliverable folders and review sheets of earlier layout phases (gerbers, BOM and CPL, DRC, renders, 1:1 prints); none carries the current netlist
v2/release/revA/boards/superseded/meshsat-pcb-c-revA-C4/pcb-c-display-schematic.pdf	d6a504909365d88d5e0947f99ae3f6a863c6117f	808541	stale-layout	deliverable folders and review sheets of earlier layout phases (gerbers, BOM and CPL, DRC, renders, 1:1 prints); none carries the current netlist
v2/release/revA/boards/superseded/meshsat-pcb-c-revA-C4/pcb-c-display.kicad_pcb	517c407c991b59c4e66042a6bc22b80a94794fdb	1346526	stale-layout	deliverable folders and review sheets of earlier layout phases (gerbers, BOM and CPL, DRC, renders, 1:1 prints); none carries the current netlist
v2/release/revA/boards/superseded/meshsat-pcb-c-revA-C4/pcb-c-display.kicad_pro	be255ed0e04afc602cb4d65fea6bc0d648a74d53	9095	stale-layout	deliverable folders and review sheets of earlier layout phases (gerbers, BOM and CPL, DRC, renders, 1:1 prints); none carries the current netlist
v2/release/revA/boards/superseded/meshsat-pcb-c-revA-C4/pcb-c-display.kicad_sch	efda99ca2baf5390d9682ff89309c718dde8b4b9	394201	stale-layout	deliverable folders and review sheets of earlier layout phases (gerbers, BOM and CPL, DRC, renders, 1:1 prints); none carries the current netlist
v2/release/revA/boards/superseded/meshsat-pcb-c-ring-revA-R1/meshsat.pretty/DMR858M.kicad_mod	b7eeb551102aaf3cf232a0c6261b57dd1babab12	5075	stale-layout	deliverable folders and review sheets of earlier layout phases (gerbers, BOM and CPL, DRC, renders, 1:1 prints); none carries the current netlist
v2/release/revA/boards/superseded/meshsat-pcb-c-ring-revA-R1/meshsat.pretty/GuardedToggle_SPDT.kicad_mod	38753d04eef343c53a202ffe074672c6831c8630	1527	stale-layout	deliverable folders and review sheets of earlier layout phases (gerbers, BOM and CPL, DRC, renders, 1:1 prints); none carries the current netlist
v2/release/revA/boards/superseded/meshsat-pcb-c-ring-revA-R1/meshsat.pretty/GuidePin_Dock.kicad_mod	b7ea90d1631656f172b7e0570dc68d5f06551e6d	757	stale-layout	deliverable folders and review sheets of earlier layout phases (gerbers, BOM and CPL, DRC, renders, 1:1 prints); none carries the current netlist
v2/release/revA/boards/superseded/meshsat-pcb-c-ring-revA-R1/meshsat.pretty/GuidePin_Stack.kicad_mod	6bad73715f57372d8d64c8ced5d0701583eb296a	758	stale-layout	deliverable folders and review sheets of earlier layout phases (gerbers, BOM and CPL, DRC, renders, 1:1 prints); none carries the current netlist
v2/release/revA/boards/superseded/meshsat-pcb-c-ring-revA-R1/meshsat.pretty/PanelSwitch_16mm.kicad_mod	c7a9d917e01650f7a5ebcde7c136d344a6974288	1595	stale-layout	deliverable folders and review sheets of earlier layout phases (gerbers, BOM and CPL, DRC, renders, 1:1 prints); none carries the current netlist
v2/release/revA/boards/superseded/meshsat-pcb-c-ring-revA-R1/meshsat.pretty/PanelSwitch_19mm.kicad_mod	37112e786da76317d2e8ff2e0b3d80ee791e69f7	1596	stale-layout	deliverable folders and review sheets of earlier layout phases (gerbers, BOM and CPL, DRC, renders, 1:1 prints); none carries the current netlist
v2/release/revA/boards/superseded/meshsat-pcb-c-ring-revA-R1/meshsat.pretty/PanelToggle_DPDT.kicad_mod	b88d92738f3dfe2f5f940c0e87e12dded482960e	1786	stale-layout	deliverable folders and review sheets of earlier layout phases (gerbers, BOM and CPL, DRC, renders, 1:1 prints); none carries the current netlist
v2/release/revA/boards/superseded/meshsat-pcb-c-ring-revA-R1/meshsat.pretty/PogoPins_2x4.kicad_mod	cb9ae20ccdc1803b624a44ff6be0787babb50f04	1514	stale-layout	deliverable folders and review sheets of earlier layout phases (gerbers, BOM and CPL, DRC, renders, 1:1 prints); none carries the current netlist
v2/release/revA/boards/superseded/meshsat-pcb-c-ring-revA-R1/meshsat.pretty/PogoTargets_2x4.kicad_mod	f12181613f62896296bc45af4e7ac3834083dda6	1340	stale-layout	deliverable folders and review sheets of earlier layout phases (gerbers, BOM and CPL, DRC, renders, 1:1 prints); none carries the current netlist
v2/release/revA/boards/superseded/meshsat-pcb-c-ring-revA-R1/meshsat.pretty/Slot_5x1.8_NPTH.kicad_mod	aa14174da5d277214ebb334ecbb5f0cede22eb27	428	stale-layout	deliverable folders and review sheets of earlier layout phases (gerbers, BOM and CPL, DRC, renders, 1:1 prints); none carries the current netlist
v2/release/revA/boards/superseded/meshsat-pcb-c-ring-revA-R1/meshsat.pretty/WeAct_EPD_3p7.kicad_mod	4d3218b9fb116948e290dd5085abc24818cb8251	2202	stale-layout	deliverable folders and review sheets of earlier layout phases (gerbers, BOM and CPL, DRC, renders, 1:1 prints); none carries the current netlist
v2/release/revA/boards/superseded/meshsat-pcb-c-ring-revA-R1/pcb-c-ring-1to1-bottom-mirrored.pdf	92393ce5846179c111683328dcb78fdf5b7c236b	6121	stale-layout	deliverable folders and review sheets of earlier layout phases (gerbers, BOM and CPL, DRC, renders, 1:1 prints); none carries the current netlist
v2/release/revA/boards/superseded/meshsat-pcb-c-ring-revA-R1/pcb-c-ring-1to1-top.pdf	50ea432ccce777e8fe891da295fcd97d72492f94	7294	stale-layout	deliverable folders and review sheets of earlier layout phases (gerbers, BOM and CPL, DRC, renders, 1:1 prints); none carries the current netlist
v2/release/revA/boards/superseded/meshsat-pcb-c-ring-revA-R1/pcb-c-ring-cpl.csv	2d2a8396ffa0b2fdecb1c40232419584efcb5ba6	39	stale-layout	deliverable folders and review sheets of earlier layout phases (gerbers, BOM and CPL, DRC, renders, 1:1 prints); none carries the current netlist
v2/release/revA/boards/superseded/meshsat-pcb-c-ring-revA-R1/pcb-c-ring-drc.rpt	07d84ddf85ae95cff9fa4cc12abded79284081d4	251	stale-layout	deliverable folders and review sheets of earlier layout phases (gerbers, BOM and CPL, DRC, renders, 1:1 prints); none carries the current netlist
v2/release/revA/boards/superseded/meshsat-pcb-c-ring-revA-R1/pcb-c-ring-gerbers.zip	a7d9f300c95f26ea12a323752cf622dbdcdb25ef	10719	stale-layout	deliverable folders and review sheets of earlier layout phases (gerbers, BOM and CPL, DRC, renders, 1:1 prints); none carries the current netlist
v2/release/revA/boards/superseded/meshsat-pcb-c-ring-revA-R1/pcb-c-ring-render-bottom.png	e08bfc9fba8f857024faa99c68da680316662f40	16712	stale-layout	deliverable folders and review sheets of earlier layout phases (gerbers, BOM and CPL, DRC, renders, 1:1 prints); none carries the current netlist
v2/release/revA/boards/superseded/meshsat-pcb-c-ring-revA-R1/pcb-c-ring-render-top.png	7c156aa9414e2fe09622dacf313fe44ad28a8b63	17968	stale-layout	deliverable folders and review sheets of earlier layout phases (gerbers, BOM and CPL, DRC, renders, 1:1 prints); none carries the current netlist
v2/release/revA/boards/superseded/meshsat-pcb-c-ring-revA-R1/pcb-c-ring.kicad_pcb	61b6e13f0ec48223ef60eb7d0c6c68f48d952529	13042	stale-layout	deliverable folders and review sheets of earlier layout phases (gerbers, BOM and CPL, DRC, renders, 1:1 prints); none carries the current netlist
v2/release/revA/boards/superseded/meshsat-pcb-c-ring-revA-R1/pcb-c-ring.kicad_pro	171ce0fc7e50bd1555d4e21c2192900c08e491e6	8363	stale-layout	deliverable folders and review sheets of earlier layout phases (gerbers, BOM and CPL, DRC, renders, 1:1 prints); none carries the current netlist
v2/release/revA/boards/superseded/meshsat-pcb-e-revA-E1/README-fab.txt	64c22d38814986c552a170c2e5ba0c1aa22bca21	823	stale-layout	deliverable folders and review sheets of earlier layout phases (gerbers, BOM and CPL, DRC, renders, 1:1 prints); none carries the current netlist
v2/release/revA/boards/superseded/meshsat-pcb-e-revA-E1/meshsat.pretty/DMR858M.kicad_mod	b7eeb551102aaf3cf232a0c6261b57dd1babab12	5075	stale-layout	deliverable folders and review sheets of earlier layout phases (gerbers, BOM and CPL, DRC, renders, 1:1 prints); none carries the current netlist
v2/release/revA/boards/superseded/meshsat-pcb-e-revA-E1/meshsat.pretty/GuardedToggle_SPDT.kicad_mod	38753d04eef343c53a202ffe074672c6831c8630	1527	stale-layout	deliverable folders and review sheets of earlier layout phases (gerbers, BOM and CPL, DRC, renders, 1:1 prints); none carries the current netlist
v2/release/revA/boards/superseded/meshsat-pcb-e-revA-E1/meshsat.pretty/GuidePin_Dock.kicad_mod	b7ea90d1631656f172b7e0570dc68d5f06551e6d	757	stale-layout	deliverable folders and review sheets of earlier layout phases (gerbers, BOM and CPL, DRC, renders, 1:1 prints); none carries the current netlist
v2/release/revA/boards/superseded/meshsat-pcb-e-revA-E1/meshsat.pretty/GuidePin_Stack.kicad_mod	6bad73715f57372d8d64c8ced5d0701583eb296a	758	stale-layout	deliverable folders and review sheets of earlier layout phases (gerbers, BOM and CPL, DRC, renders, 1:1 prints); none carries the current netlist
v2/release/revA/boards/superseded/meshsat-pcb-e-revA-E1/meshsat.pretty/PanelSwitch_16mm.kicad_mod	c7a9d917e01650f7a5ebcde7c136d344a6974288	1595	stale-layout	deliverable folders and review sheets of earlier layout phases (gerbers, BOM and CPL, DRC, renders, 1:1 prints); none carries the current netlist
v2/release/revA/boards/superseded/meshsat-pcb-e-revA-E1/meshsat.pretty/PanelSwitch_19mm.kicad_mod	37112e786da76317d2e8ff2e0b3d80ee791e69f7	1596	stale-layout	deliverable folders and review sheets of earlier layout phases (gerbers, BOM and CPL, DRC, renders, 1:1 prints); none carries the current netlist
v2/release/revA/boards/superseded/meshsat-pcb-e-revA-E1/meshsat.pretty/PanelToggle_DPDT.kicad_mod	b88d92738f3dfe2f5f940c0e87e12dded482960e	1786	stale-layout	deliverable folders and review sheets of earlier layout phases (gerbers, BOM and CPL, DRC, renders, 1:1 prints); none carries the current netlist
v2/release/revA/boards/superseded/meshsat-pcb-e-revA-E1/meshsat.pretty/PogoPins_2x4.kicad_mod	cb9ae20ccdc1803b624a44ff6be0787babb50f04	1514	stale-layout	deliverable folders and review sheets of earlier layout phases (gerbers, BOM and CPL, DRC, renders, 1:1 prints); none carries the current netlist
v2/release/revA/boards/superseded/meshsat-pcb-e-revA-E1/meshsat.pretty/PogoTargets_2x4.kicad_mod	f12181613f62896296bc45af4e7ac3834083dda6	1340	stale-layout	deliverable folders and review sheets of earlier layout phases (gerbers, BOM and CPL, DRC, renders, 1:1 prints); none carries the current netlist
v2/release/revA/boards/superseded/meshsat-pcb-e-revA-E1/meshsat.pretty/Slot_5x1.8_NPTH.kicad_mod	aa14174da5d277214ebb334ecbb5f0cede22eb27	428	stale-layout	deliverable folders and review sheets of earlier layout phases (gerbers, BOM and CPL, DRC, renders, 1:1 prints); none carries the current netlist
v2/release/revA/boards/superseded/meshsat-pcb-e-revA-E1/meshsat.pretty/WeAct_EPD_3p7.kicad_mod	4d3218b9fb116948e290dd5085abc24818cb8251	2202	stale-layout	deliverable folders and review sheets of earlier layout phases (gerbers, BOM and CPL, DRC, renders, 1:1 prints); none carries the current netlist
v2/release/revA/boards/superseded/meshsat-pcb-e-revA-E1/pcb-e1-dock-1to1-bottom-mirrored.pdf	27f82ce998c984d5e77627df8eaca4272ebadddb	20993	stale-layout	deliverable folders and review sheets of earlier layout phases (gerbers, BOM and CPL, DRC, renders, 1:1 prints); none carries the current netlist
v2/release/revA/boards/superseded/meshsat-pcb-e-revA-E1/pcb-e1-dock-1to1-top.pdf	8c9a7110d655feb4fa6261f1460a601e81eb2ca7	40092	stale-layout	deliverable folders and review sheets of earlier layout phases (gerbers, BOM and CPL, DRC, renders, 1:1 prints); none carries the current netlist
v2/release/revA/boards/superseded/meshsat-pcb-e-revA-E1/pcb-e1-dock-bom.csv	a2b92d4e3dff6afc7e5f19e2651c66ff73295ae4	1392	stale-layout	deliverable folders and review sheets of earlier layout phases (gerbers, BOM and CPL, DRC, renders, 1:1 prints); none carries the current netlist
v2/release/revA/boards/superseded/meshsat-pcb-e-revA-E1/pcb-e1-dock-cpl.csv	320632043ab3a4be57840ef6a85c07e2d2ab0996	816	stale-layout	deliverable folders and review sheets of earlier layout phases (gerbers, BOM and CPL, DRC, renders, 1:1 prints); none carries the current netlist
v2/release/revA/boards/superseded/meshsat-pcb-e-revA-E1/pcb-e1-dock-drc.rpt	12425a9d06c4b3b93098e31de563b13a19f5b067	252	stale-layout	deliverable folders and review sheets of earlier layout phases (gerbers, BOM and CPL, DRC, renders, 1:1 prints); none carries the current netlist
v2/release/revA/boards/superseded/meshsat-pcb-e-revA-E1/pcb-e1-dock-gerbers.zip	859d35f119d8447b37a5de75c03e1b181023f6d2	106025	stale-layout	deliverable folders and review sheets of earlier layout phases (gerbers, BOM and CPL, DRC, renders, 1:1 prints); none carries the current netlist
v2/release/revA/boards/superseded/meshsat-pcb-e-revA-E1/pcb-e1-dock-render-bottom.png	dc056216844ab48b5142bfac3f863cf3987c7bd5	25922	stale-layout	deliverable folders and review sheets of earlier layout phases (gerbers, BOM and CPL, DRC, renders, 1:1 prints); none carries the current netlist
v2/release/revA/boards/superseded/meshsat-pcb-e-revA-E1/pcb-e1-dock-render-top.png	01fbbedd5b3495f1ee79404d6dc78d98c961b726	40274	stale-layout	deliverable folders and review sheets of earlier layout phases (gerbers, BOM and CPL, DRC, renders, 1:1 prints); none carries the current netlist
v2/release/revA/boards/superseded/meshsat-pcb-e-revA-E1/pcb-e1-dock-schematic.pdf	469f9c79a0831804c8b9de58fd28efb9d13cab55	215710	stale-layout	deliverable folders and review sheets of earlier layout phases (gerbers, BOM and CPL, DRC, renders, 1:1 prints); none carries the current netlist
v2/release/revA/boards/superseded/meshsat-pcb-e-revA-E1/pcb-e1-dock.kicad_pcb	a7f6bfb962958d461d81cd31274477d734c019ff	242087	stale-layout	deliverable folders and review sheets of earlier layout phases (gerbers, BOM and CPL, DRC, renders, 1:1 prints); none carries the current netlist
v2/release/revA/boards/superseded/meshsat-pcb-e-revA-E1/pcb-e1-dock.kicad_pro	40ac79fb24b8fc2fdfecaf00976f190e1567f5f9	9094	stale-layout	deliverable folders and review sheets of earlier layout phases (gerbers, BOM and CPL, DRC, renders, 1:1 prints); none carries the current netlist
v2/release/revA/boards/superseded/meshsat-pcb-e-revA-E1/pcb-e1-dock.kicad_sch	61a82201ca309fe8e8cbad64e37f87fd05bb9469	99000	stale-layout	deliverable folders and review sheets of earlier layout phases (gerbers, BOM and CPL, DRC, renders, 1:1 prints); none carries the current netlist
v2/release/revA/boards/superseded/meshsat-pcb-e2-revA-E3/meshsat.pretty/DMR858M.kicad_mod	b7eeb551102aaf3cf232a0c6261b57dd1babab12	5075	stale-layout	deliverable folders and review sheets of earlier layout phases (gerbers, BOM and CPL, DRC, renders, 1:1 prints); none carries the current netlist
v2/release/revA/boards/superseded/meshsat-pcb-e2-revA-E3/meshsat.pretty/GuardedToggle_SPDT.kicad_mod	38753d04eef343c53a202ffe074672c6831c8630	1527	stale-layout	deliverable folders and review sheets of earlier layout phases (gerbers, BOM and CPL, DRC, renders, 1:1 prints); none carries the current netlist
v2/release/revA/boards/superseded/meshsat-pcb-e2-revA-E3/meshsat.pretty/GuidePin_Dock.kicad_mod	b7ea90d1631656f172b7e0570dc68d5f06551e6d	757	stale-layout	deliverable folders and review sheets of earlier layout phases (gerbers, BOM and CPL, DRC, renders, 1:1 prints); none carries the current netlist
v2/release/revA/boards/superseded/meshsat-pcb-e2-revA-E3/meshsat.pretty/GuidePin_Stack.kicad_mod	6bad73715f57372d8d64c8ced5d0701583eb296a	758	stale-layout	deliverable folders and review sheets of earlier layout phases (gerbers, BOM and CPL, DRC, renders, 1:1 prints); none carries the current netlist
v2/release/revA/boards/superseded/meshsat-pcb-e2-revA-E3/meshsat.pretty/PanelSwitch_16mm.kicad_mod	c7a9d917e01650f7a5ebcde7c136d344a6974288	1595	stale-layout	deliverable folders and review sheets of earlier layout phases (gerbers, BOM and CPL, DRC, renders, 1:1 prints); none carries the current netlist
v2/release/revA/boards/superseded/meshsat-pcb-e2-revA-E3/meshsat.pretty/PanelSwitch_19mm.kicad_mod	37112e786da76317d2e8ff2e0b3d80ee791e69f7	1596	stale-layout	deliverable folders and review sheets of earlier layout phases (gerbers, BOM and CPL, DRC, renders, 1:1 prints); none carries the current netlist
v2/release/revA/boards/superseded/meshsat-pcb-e2-revA-E3/meshsat.pretty/PanelToggle_DPDT.kicad_mod	b88d92738f3dfe2f5f940c0e87e12dded482960e	1786	stale-layout	deliverable folders and review sheets of earlier layout phases (gerbers, BOM and CPL, DRC, renders, 1:1 prints); none carries the current netlist
v2/release/revA/boards/superseded/meshsat-pcb-e2-revA-E3/meshsat.pretty/PogoPins_2x4.kicad_mod	cf1352c04a3707c564b094e95f8ec2b6c929f295	1514	stale-layout	deliverable folders and review sheets of earlier layout phases (gerbers, BOM and CPL, DRC, renders, 1:1 prints); none carries the current netlist
v2/release/revA/boards/superseded/meshsat-pcb-e2-revA-E3/meshsat.pretty/PogoTargets_2x4.kicad_mod	f12181613f62896296bc45af4e7ac3834083dda6	1340	stale-layout	deliverable folders and review sheets of earlier layout phases (gerbers, BOM and CPL, DRC, renders, 1:1 prints); none carries the current netlist
v2/release/revA/boards/superseded/meshsat-pcb-e2-revA-E3/meshsat.pretty/Slot_5x1.8_NPTH.kicad_mod	aa14174da5d277214ebb334ecbb5f0cede22eb27	428	stale-layout	deliverable folders and review sheets of earlier layout phases (gerbers, BOM and CPL, DRC, renders, 1:1 prints); none carries the current netlist
v2/release/revA/boards/superseded/meshsat-pcb-e2-revA-E3/meshsat.pretty/WeAct_EPD_3p7.kicad_mod	4d3218b9fb116948e290dd5085abc24818cb8251	2202	stale-layout	deliverable folders and review sheets of earlier layout phases (gerbers, BOM and CPL, DRC, renders, 1:1 prints); none carries the current netlist
v2/release/revA/boards/superseded/meshsat-pcb-e2-revA-E3/pcb-e2-rfjunction-1to1-bottom-mirrored.pdf	08f6d58fcb5d54f04360298568168f90bb0efca7	15267	stale-layout	deliverable folders and review sheets of earlier layout phases (gerbers, BOM and CPL, DRC, renders, 1:1 prints); none carries the current netlist
v2/release/revA/boards/superseded/meshsat-pcb-e2-revA-E3/pcb-e2-rfjunction-1to1-top.pdf	47c42c4ae086f6ec99f8ea9cbb61782f3947ada4	18852	stale-layout	deliverable folders and review sheets of earlier layout phases (gerbers, BOM and CPL, DRC, renders, 1:1 prints); none carries the current netlist
v2/release/revA/boards/superseded/meshsat-pcb-e2-revA-E3/pcb-e2-rfjunction-cpl.csv	31f2fe6c89e57af4ce2768d86e80a44311ea62ee	38	stale-layout	deliverable folders and review sheets of earlier layout phases (gerbers, BOM and CPL, DRC, renders, 1:1 prints); none carries the current netlist
v2/release/revA/boards/superseded/meshsat-pcb-e2-revA-E3/pcb-e2-rfjunction-drc.rpt	e201e2faf5ea6a23d83e6d6fdeb1a89da787c5e8	258	stale-layout	deliverable folders and review sheets of earlier layout phases (gerbers, BOM and CPL, DRC, renders, 1:1 prints); none carries the current netlist
v2/release/revA/boards/superseded/meshsat-pcb-e2-revA-E3/pcb-e2-rfjunction-gerbers.zip	c70989fd862053726eaff83eb7f7c04d1368630e	20384	stale-layout	deliverable folders and review sheets of earlier layout phases (gerbers, BOM and CPL, DRC, renders, 1:1 prints); none carries the current netlist
v2/release/revA/boards/superseded/meshsat-pcb-e2-revA-E3/pcb-e2-rfjunction-render-bottom.png	d203bcd2143f623420dfefe01cc573249a431b78	17797	stale-layout	deliverable folders and review sheets of earlier layout phases (gerbers, BOM and CPL, DRC, renders, 1:1 prints); none carries the current netlist
v2/release/revA/boards/superseded/meshsat-pcb-e2-revA-E3/pcb-e2-rfjunction-render-top.png	d3da4fcac29c42205b2d69bb5d6a0a3c5ab6c9bc	23586	stale-layout	deliverable folders and review sheets of earlier layout phases (gerbers, BOM and CPL, DRC, renders, 1:1 prints); none carries the current netlist
v2/release/revA/boards/superseded/meshsat-pcb-e2-revA-E3/pcb-e2-rfjunction.kicad_pcb	c3be204292e1501faec16eb804c948113a68550d	21737	stale-layout	deliverable folders and review sheets of earlier layout phases (gerbers, BOM and CPL, DRC, renders, 1:1 prints); none carries the current netlist
v2/release/revA/boards/superseded/meshsat-pcb-e2-revA-E3/pcb-e2-rfjunction.kicad_pro	0614d6737230019ddabf1e92740062e7c4f2643a	8370	stale-layout	deliverable folders and review sheets of earlier layout phases (gerbers, BOM and CPL, DRC, renders, 1:1 prints); none carries the current netlist
v2/release/revA/case/face-plate/face-plate.stl	dc5f1bd4d1ac6fb2cf81cae57aff64c476a73b8b	1414684	derived-mesh	an STL tessellation of the STEP beside it (regenerated by the v2/cad scripts)
v2/release/revA/case/lid-bracket-qmx/lid-bracket-qmx.stl	ef04d876bedc6291e34da7713fb697267501a8a1	163084	derived-mesh	an STL tessellation of the STEP beside it (regenerated by the v2/cad scripts)
v2/release/revA/case/pack-4s/pack-4s-box.stl	b08eb1fb7ae0dd3949275a2df71776461b9192eb	376284	derived-mesh	an STL tessellation of the STEP beside it (regenerated by the v2/cad scripts)
v2/release/revA/case/pack-4s/pack-4s-lid.stl	15c44eea60fe4632b665ba3dc9a82739f0d03e8e	137284	derived-mesh	an STL tessellation of the STEP beside it (regenerated by the v2/cad scripts)
v2/release/revA/module/battery-module-base.stl	71c322cb7307e8597f1fea7e09fa0ff5e8fe6c0e	276484	derived-mesh	an STL tessellation of the STEP beside it (regenerated by the v2/cad scripts)
v2/release/revA/module/battery-module-cradle.stl	a3b585bac17c859520e86e3b9430042a37ca5408	5484	derived-mesh	an STL tessellation of the STEP beside it (regenerated by the v2/cad scripts)
v2/release/revA/module/battery-module-lid.stl	5b7459a289f5b1bbf2103dfb0d20db1c0176b1e7	209484	derived-mesh	an STL tessellation of the STEP beside it (regenerated by the v2/cad scripts)
v2/release/revA/module/float-nest-smp-max.stl	94f3e7ea4523ee54326cf3f89d6f69f8bbfe0b03	57884	derived-mesh	an STL tessellation of the STEP beside it (regenerated by the v2/cad scripts)
v2/release/revA/order/ORDER-LOG.md	d7c584cba72499abf0f93a9e2ff34201dc8a7a68	110509	historical-order-set	the JLCPCB upload sets, carts and order log of earlier layout phases (A22, B16, C24, D8, E6, E5, P4 and the superseded folder); nothing was ordered and none carries the current netlist
v2/release/revA/order/ORDERABILITY-2026-09-12.md	8834c0c283f3e5558e854b39294a39d1f0b9415f	7549	historical-order-set	the JLCPCB upload sets, carts and order log of earlier layout phases (A22, B16, C24, D8, E6, E5, P4 and the superseded folder); nothing was ordered and none carries the current netlist
v2/release/revA/order/PCB-A-POWER-A22/ORDER-NOTES.txt	e08cd48e2dab299f8390f7287f7e2daa98243ff5	6284	historical-order-set	the JLCPCB upload sets, carts and order log of earlier layout phases (A22, B16, C24, D8, E6, E5, P4 and the superseded folder); nothing was ordered and none carries the current netlist
v2/release/revA/order/PCB-A-POWER-A22/pcb-a-power-bom.csv	72b0309d084b1bb50dd06937b37bb6be269e32aa	9485	historical-order-set	the JLCPCB upload sets, carts and order log of earlier layout phases (A22, B16, C24, D8, E6, E5, P4 and the superseded folder); nothing was ordered and none carries the current netlist
v2/release/revA/order/PCB-A-POWER-A22/pcb-a-power-cpl.csv	cecb67e7be781d48c611fcee5371bc3c1d6253c5	14917	historical-order-set	the JLCPCB upload sets, carts and order log of earlier layout phases (A22, B16, C24, D8, E6, E5, P4 and the superseded folder); nothing was ordered and none carries the current netlist
v2/release/revA/order/PCB-A-POWER-A22/pcb-a-power-gerbers.zip	5a8570a4926eb85705c64e3c0fa6109a47130f86	1292338	historical-order-set	the JLCPCB upload sets, carts and order log of earlier layout phases (A22, B16, C24, D8, E6, E5, P4 and the superseded folder); nothing was ordered and none carries the current netlist
v2/release/revA/order/PCB-A-POWER-A22/upload/pcb-a-power-bom-jlc.csv	1dea722a0a8e00d87733f5f4ec9a3bc38c6cb9db	9911	historical-order-set	the JLCPCB upload sets, carts and order log of earlier layout phases (A22, B16, C24, D8, E6, E5, P4 and the superseded folder); nothing was ordered and none carries the current netlist
v2/release/revA/order/PCB-B-COMPUTE-B16/ORDER-NOTES.txt	2957d9f7cd20a7ea3e56ef42ddc734d797e13d07	6478	historical-order-set	the JLCPCB upload sets, carts and order log of earlier layout phases (A22, B16, C24, D8, E6, E5, P4 and the superseded folder); nothing was ordered and none carries the current netlist
v2/release/revA/order/PCB-B-COMPUTE-B16/pcb-b-compute-bom.csv	73effc307cba44c6500dd82c00cda081b4d568af	16296	historical-order-set	the JLCPCB upload sets, carts and order log of earlier layout phases (A22, B16, C24, D8, E6, E5, P4 and the superseded folder); nothing was ordered and none carries the current netlist
v2/release/revA/order/PCB-B-COMPUTE-B16/pcb-b-compute-cpl.csv	934d8f1fee86f31c2fe6ac49e39f4da00569489c	32439	historical-order-set	the JLCPCB upload sets, carts and order log of earlier layout phases (A22, B16, C24, D8, E6, E5, P4 and the superseded folder); nothing was ordered and none carries the current netlist
v2/release/revA/order/PCB-B-COMPUTE-B16/pcb-b-compute-gerbers.zip	121aed7e3e65f7e6cf134bb3f1ef103b9e644f7d	1165671	historical-order-set	the JLCPCB upload sets, carts and order log of earlier layout phases (A22, B16, C24, D8, E6, E5, P4 and the superseded folder); nothing was ordered and none carries the current netlist
v2/release/revA/order/PCB-B-COMPUTE-B16/upload/pcb-b-compute-bom-jlc.csv	642e6a1118f9f9d0d06e4943d7c4312003404d31	16710	historical-order-set	the JLCPCB upload sets, carts and order log of earlier layout phases (A22, B16, C24, D8, E6, E5, P4 and the superseded folder); nothing was ordered and none carries the current netlist
v2/release/revA/order/PCB-C-DISPLAY-C24/ORDER-NOTES.txt	d94b55da069d55b44a04d49dee65532089e342d1	6719	historical-order-set	the JLCPCB upload sets, carts and order log of earlier layout phases (A22, B16, C24, D8, E6, E5, P4 and the superseded folder); nothing was ordered and none carries the current netlist
v2/release/revA/order/PCB-C-DISPLAY-C24/pcb-c-display-bom.csv	93e7b154ddc2565c210df22f8edf160036dfa8bd	3879	historical-order-set	the JLCPCB upload sets, carts and order log of earlier layout phases (A22, B16, C24, D8, E6, E5, P4 and the superseded folder); nothing was ordered and none carries the current netlist
v2/release/revA/order/PCB-C-DISPLAY-C24/pcb-c-display-cpl.csv	20f39dabdc22da2f7ab1803c2758f341713803eb	6035	historical-order-set	the JLCPCB upload sets, carts and order log of earlier layout phases (A22, B16, C24, D8, E6, E5, P4 and the superseded folder); nothing was ordered and none carries the current netlist
v2/release/revA/order/PCB-C-DISPLAY-C24/pcb-c-display-gerbers.zip	502ba0b980086ce9ba10d5746cce17f7f392cab6	801956	historical-order-set	the JLCPCB upload sets, carts and order log of earlier layout phases (A22, B16, C24, D8, E6, E5, P4 and the superseded folder); nothing was ordered and none carries the current netlist
v2/release/revA/order/PCB-D-APRS-D8/ORDER-NOTES.txt	0f49342fc49cbb582bfda4798268859f7176ea08	4746	historical-order-set	the JLCPCB upload sets, carts and order log of earlier layout phases (A22, B16, C24, D8, E6, E5, P4 and the superseded folder); nothing was ordered and none carries the current netlist
v2/release/revA/order/PCB-D-APRS-D8/pcb-d-aprs-bom.csv	3ad68c3abf59ed2352bb4e0dc03f37d0847a9946	4721	historical-order-set	the JLCPCB upload sets, carts and order log of earlier layout phases (A22, B16, C24, D8, E6, E5, P4 and the superseded folder); nothing was ordered and none carries the current netlist
v2/release/revA/order/PCB-D-APRS-D8/pcb-d-aprs-cpl.csv	1d36bac28508d433ba588acfcda659964e37f8be	8017	historical-order-set	the JLCPCB upload sets, carts and order log of earlier layout phases (A22, B16, C24, D8, E6, E5, P4 and the superseded folder); nothing was ordered and none carries the current netlist
v2/release/revA/order/PCB-D-APRS-D8/pcb-d-aprs-gerbers.zip	75e5de39a8ff2493c8b309929de631eb3e81c432	640278	historical-order-set	the JLCPCB upload sets, carts and order log of earlier layout phases (A22, B16, C24, D8, E6, E5, P4 and the superseded folder); nothing was ordered and none carries the current netlist
v2/release/revA/order/PCB-D-APRS-D8/upload/pcb-d-aprs-bom-jlc.csv	4fc22479abf2b7022068b5e74a358c46fb76dfd4	4948	historical-order-set	the JLCPCB upload sets, carts and order log of earlier layout phases (A22, B16, C24, D8, E6, E5, P4 and the superseded folder); nothing was ordered and none carries the current netlist
v2/release/revA/order/PCB-E1-DOCK-E6/ORDER-NOTES.txt	c50d5616fb50c8e78dfde3c5b62e0ee35b9870d6	4927	historical-order-set	the JLCPCB upload sets, carts and order log of earlier layout phases (A22, B16, C24, D8, E6, E5, P4 and the superseded folder); nothing was ordered and none carries the current netlist
v2/release/revA/order/PCB-E1-DOCK-E6/pcb-e1-dock-bom.csv	85a7d478e741597f3825c5207accb6b358efcca9	6245	historical-order-set	the JLCPCB upload sets, carts and order log of earlier layout phases (A22, B16, C24, D8, E6, E5, P4 and the superseded folder); nothing was ordered and none carries the current netlist
v2/release/revA/order/PCB-E1-DOCK-E6/pcb-e1-dock-cpl.csv	b228f55000553622c052fee05f43ff15a7a93fcd	6108	historical-order-set	the JLCPCB upload sets, carts and order log of earlier layout phases (A22, B16, C24, D8, E6, E5, P4 and the superseded folder); nothing was ordered and none carries the current netlist
v2/release/revA/order/PCB-E1-DOCK-E6/pcb-e1-dock-gerbers.zip	4fb3142bcc2d373c723dcddff4f1cd739cc9a84b	658665	historical-order-set	the JLCPCB upload sets, carts and order log of earlier layout phases (A22, B16, C24, D8, E6, E5, P4 and the superseded folder); nothing was ordered and none carries the current netlist
v2/release/revA/order/PCB-E1-DOCK-E6/upload/pcb-e1-dock-bom-jlc.csv	cadfd4df368073307fb42f5acf48d1c9f4a4e5a0	6369	historical-order-set	the JLCPCB upload sets, carts and order log of earlier layout phases (A22, B16, C24, D8, E6, E5, P4 and the superseded folder); nothing was ordered and none carries the current netlist
v2/release/revA/order/PCB-E5-BLOCK-E5/ORDER-NOTES.txt	e0fedcb1f5538dfd215024fc8b110411908e0d4a	2966	historical-order-set	the JLCPCB upload sets, carts and order log of earlier layout phases (A22, B16, C24, D8, E6, E5, P4 and the superseded folder); nothing was ordered and none carries the current netlist
v2/release/revA/order/PCB-E5-BLOCK-E5/pcb-e5-block-gerbers.zip	5f63e01a363f0eda5423c73678c25f79656a00e8	45716	historical-order-set	the JLCPCB upload sets, carts and order log of earlier layout phases (A22, B16, C24, D8, E6, E5, P4 and the superseded folder); nothing was ordered and none carries the current netlist
v2/release/revA/order/PCB-P-PACK-P4/ORDER-NOTES.txt	7902b80a6c655d6967464b60419c1b4639475f3a	5940	historical-order-set	the JLCPCB upload sets, carts and order log of earlier layout phases (A22, B16, C24, D8, E6, E5, P4 and the superseded folder); nothing was ordered and none carries the current netlist
v2/release/revA/order/PCB-P-PACK-P4/pcb-p-pack-bom.csv	e4c6c37e9a4e138e37fc9c9ab01426906b496cdc	1381	historical-order-set	the JLCPCB upload sets, carts and order log of earlier layout phases (A22, B16, C24, D8, E6, E5, P4 and the superseded folder); nothing was ordered and none carries the current netlist
v2/release/revA/order/PCB-P-PACK-P4/pcb-p-pack-cpl.csv	45d50ec1699828585cee16bf1ef3b833f9b1d4d6	1785	historical-order-set	the JLCPCB upload sets, carts and order log of earlier layout phases (A22, B16, C24, D8, E6, E5, P4 and the superseded folder); nothing was ordered and none carries the current netlist
v2/release/revA/order/PCB-P-PACK-P4/pcb-p-pack-gerbers.zip	70e112d90d36c67d3fe57958266fd65560530dcb	140928	historical-order-set	the JLCPCB upload sets, carts and order log of earlier layout phases (A22, B16, C24, D8, E6, E5, P4 and the superseded folder); nothing was ordered and none carries the current netlist
v2/release/revA/order/README.md	4f5592a94c39a57d6b28c2accd2d8425cca41617	4190	historical-order-set	the JLCPCB upload sets, carts and order log of earlier layout phases (A22, B16, C24, D8, E6, E5, P4 and the superseded folder); nothing was ordered and none carries the current netlist
v2/release/revA/order/ROTATION-CHECKLIST.md	8769f02c87678daf690783252259ed4c9fd93402	5173	historical-order-set	the JLCPCB upload sets, carts and order log of earlier layout phases (A22, B16, C24, D8, E6, E5, P4 and the superseded folder); nothing was ordered and none carries the current netlist
v2/release/revA/order/cart-830-set-2026-09-08.jpg	9aefe94f48a9dce39f06ba2ada151f15bc792524	139457	historical-order-set	the JLCPCB upload sets, carts and order log of earlier layout phases (A22, B16, C24, D8, E6, E5, P4 and the superseded folder); nothing was ordered and none carries the current netlist
v2/release/revA/order/cart-all-six-boards-2026-09-03.jpg	ad56e37553277eafb95a2b611aebd107c44291d8	82107	historical-order-set	the JLCPCB upload sets, carts and order log of earlier layout phases (A22, B16, C24, D8, E6, E5, P4 and the superseded folder); nothing was ordered and none carries the current netlist
v2/release/revA/order/jlc_final.py	57a36a86bce211fb8addb27693338844c07997c4	6770	historical-order-set	the JLCPCB upload sets, carts and order log of earlier layout phases (A22, B16, C24, D8, E6, E5, P4 and the superseded folder); nothing was ordered and none carries the current netlist
v2/release/revA/order/superseded/PCB-A-POWER-A16/ORDER-NOTES.txt	551f2778df2a92de0b6930ee8067ce00a6a4cbfe	2011	historical-order-set	the JLCPCB upload sets, carts and order log of earlier layout phases (A22, B16, C24, D8, E6, E5, P4 and the superseded folder); nothing was ordered and none carries the current netlist
v2/release/revA/order/superseded/PCB-A-POWER-A16/final/pcb-a-power-bom-final.csv	04690583b0996397d05583808ccc73af943e721a	2271	historical-order-set	the JLCPCB upload sets, carts and order log of earlier layout phases (A22, B16, C24, D8, E6, E5, P4 and the superseded folder); nothing was ordered and none carries the current netlist
v2/release/revA/order/superseded/PCB-A-POWER-A16/final/pcb-a-power-cpl-jlc.csv	5c09d46621a115313c85018ff628e94e6d1249c0	3607	historical-order-set	the JLCPCB upload sets, carts and order log of earlier layout phases (A22, B16, C24, D8, E6, E5, P4 and the superseded folder); nothing was ordered and none carries the current netlist
v2/release/revA/order/superseded/PCB-A-POWER-A16/pcb-a-power-bom.csv	acea26f19283a65189f3481af9d37d58bcb13254	2147	historical-order-set	the JLCPCB upload sets, carts and order log of earlier layout phases (A22, B16, C24, D8, E6, E5, P4 and the superseded folder); nothing was ordered and none carries the current netlist
v2/release/revA/order/superseded/PCB-A-POWER-A16/pcb-a-power-cpl.csv	5c09d46621a115313c85018ff628e94e6d1249c0	3607	historical-order-set	the JLCPCB upload sets, carts and order log of earlier layout phases (A22, B16, C24, D8, E6, E5, P4 and the superseded folder); nothing was ordered and none carries the current netlist
v2/release/revA/order/superseded/PCB-A-POWER-A16/pcb-a-power-gerbers.zip	dd7a0f499e09402486d63be776874f5ce9ee34bd	387098	historical-order-set	the JLCPCB upload sets, carts and order log of earlier layout phases (A22, B16, C24, D8, E6, E5, P4 and the superseded folder); nothing was ordered and none carries the current netlist
v2/release/revA/order/superseded/PCB-A-POWER-A17/ORDER-NOTES.txt	dc821ef231f6cbce00bdf0b7a316144f927e0b34	2257	historical-order-set	the JLCPCB upload sets, carts and order log of earlier layout phases (A22, B16, C24, D8, E6, E5, P4 and the superseded folder); nothing was ordered and none carries the current netlist
v2/release/revA/order/superseded/PCB-A-POWER-A17/pcb-a-power-bom.csv	760a618d7dbe993798532efaa08897ac26d476a8	2832	historical-order-set	the JLCPCB upload sets, carts and order log of earlier layout phases (A22, B16, C24, D8, E6, E5, P4 and the superseded folder); nothing was ordered and none carries the current netlist
v2/release/revA/order/superseded/PCB-A-POWER-A17/pcb-a-power-cpl.csv	d99e9728853b14745c52fb22e83a0c7cecf9192e	4537	historical-order-set	the JLCPCB upload sets, carts and order log of earlier layout phases (A22, B16, C24, D8, E6, E5, P4 and the superseded folder); nothing was ordered and none carries the current netlist
v2/release/revA/order/superseded/PCB-A-POWER-A17/pcb-a-power-gerbers.zip	c3529842da32ab0a2339ea7d49c72ba4f22199da	474127	historical-order-set	the JLCPCB upload sets, carts and order log of earlier layout phases (A22, B16, C24, D8, E6, E5, P4 and the superseded folder); nothing was ordered and none carries the current netlist
v2/release/revA/order/superseded/PCB-A-POWER-A18/ORDER-NOTES.txt	e7132b3aa4c20b2bacd681fafd5ac266a373bc98	2847	historical-order-set	the JLCPCB upload sets, carts and order log of earlier layout phases (A22, B16, C24, D8, E6, E5, P4 and the superseded folder); nothing was ordered and none carries the current netlist
v2/release/revA/order/superseded/PCB-A-POWER-A18/pcb-a-power-bom.csv	760a618d7dbe993798532efaa08897ac26d476a8	2832	historical-order-set	the JLCPCB upload sets, carts and order log of earlier layout phases (A22, B16, C24, D8, E6, E5, P4 and the superseded folder); nothing was ordered and none carries the current netlist
v2/release/revA/order/superseded/PCB-A-POWER-A18/pcb-a-power-cpl.csv	d99e9728853b14745c52fb22e83a0c7cecf9192e	4537	historical-order-set	the JLCPCB upload sets, carts and order log of earlier layout phases (A22, B16, C24, D8, E6, E5, P4 and the superseded folder); nothing was ordered and none carries the current netlist
v2/release/revA/order/superseded/PCB-A-POWER-A18/pcb-a-power-gerbers.zip	4d8d4b63ea8e2bd978899a1019ae241f105f102a	474175	historical-order-set	the JLCPCB upload sets, carts and order log of earlier layout phases (A22, B16, C24, D8, E6, E5, P4 and the superseded folder); nothing was ordered and none carries the current netlist
v2/release/revA/order/superseded/PCB-A-POWER-A19/ORDER-NOTES.txt	197712d13518491b974e5decc1ea7cc66e568e30	3495	historical-order-set	the JLCPCB upload sets, carts and order log of earlier layout phases (A22, B16, C24, D8, E6, E5, P4 and the superseded folder); nothing was ordered and none carries the current netlist
v2/release/revA/order/superseded/PCB-A-POWER-A19/pcb-a-power-bom.csv	0ca74bf9ad15f075122576aa53bb516bfaf6c463	5770	historical-order-set	the JLCPCB upload sets, carts and order log of earlier layout phases (A22, B16, C24, D8, E6, E5, P4 and the superseded folder); nothing was ordered and none carries the current netlist
v2/release/revA/order/superseded/PCB-A-POWER-A19/pcb-a-power-cpl.csv	838c0ee8f6fbace1b8aec7c91974cdad22fda48a	9293	historical-order-set	the JLCPCB upload sets, carts and order log of earlier layout phases (A22, B16, C24, D8, E6, E5, P4 and the superseded folder); nothing was ordered and none carries the current netlist
v2/release/revA/order/superseded/PCB-A-POWER-A19/pcb-a-power-gerbers.zip	6d3a8cff0436e92d3650835b8d3d861f2a964dc5	797662	historical-order-set	the JLCPCB upload sets, carts and order log of earlier layout phases (A22, B16, C24, D8, E6, E5, P4 and the superseded folder); nothing was ordered and none carries the current netlist
v2/release/revA/order/superseded/PCB-A-POWER-A20/ORDER-NOTES.txt	17550056a0ea24a24d5f2128fe99f22048ba288a	2918	historical-order-set	the JLCPCB upload sets, carts and order log of earlier layout phases (A22, B16, C24, D8, E6, E5, P4 and the superseded folder); nothing was ordered and none carries the current netlist
v2/release/revA/order/superseded/PCB-A-POWER-A20/pcb-a-power-bom.csv	3a4ce374d91c5a503a414551fe44929f1720c352	5270	historical-order-set	the JLCPCB upload sets, carts and order log of earlier layout phases (A22, B16, C24, D8, E6, E5, P4 and the superseded folder); nothing was ordered and none carries the current netlist
v2/release/revA/order/superseded/PCB-A-POWER-A20/pcb-a-power-cpl.csv	94725a1627cce09f73e107079c340cbaa538aa34	6633	historical-order-set	the JLCPCB upload sets, carts and order log of earlier layout phases (A22, B16, C24, D8, E6, E5, P4 and the superseded folder); nothing was ordered and none carries the current netlist
v2/release/revA/order/superseded/PCB-A-POWER-A20/pcb-a-power-gerbers.zip	2a703d8b6a41d04b16db1a2b183eafbfd92940fe	607306	historical-order-set	the JLCPCB upload sets, carts and order log of earlier layout phases (A22, B16, C24, D8, E6, E5, P4 and the superseded folder); nothing was ordered and none carries the current netlist
v2/release/revA/order/superseded/PCB-A-POWER-A21/ORDER-NOTES.txt	211d6e89a9250fc29211f4d4e3bf98085a8fb176	3076	historical-order-set	the JLCPCB upload sets, carts and order log of earlier layout phases (A22, B16, C24, D8, E6, E5, P4 and the superseded folder); nothing was ordered and none carries the current netlist
v2/release/revA/order/superseded/PCB-A-POWER-A21/pcb-a-power-bom.csv	3a4ce374d91c5a503a414551fe44929f1720c352	5270	historical-order-set	the JLCPCB upload sets, carts and order log of earlier layout phases (A22, B16, C24, D8, E6, E5, P4 and the superseded folder); nothing was ordered and none carries the current netlist
v2/release/revA/order/superseded/PCB-A-POWER-A21/pcb-a-power-cpl.csv	3b43c7215f71805edbd0b0b139ab18ea66b1fd2f	6633	historical-order-set	the JLCPCB upload sets, carts and order log of earlier layout phases (A22, B16, C24, D8, E6, E5, P4 and the superseded folder); nothing was ordered and none carries the current netlist
v2/release/revA/order/superseded/PCB-A-POWER-A21/pcb-a-power-gerbers.zip	ece89470063962bc123f136c3ff9bea850e7db5a	693331	historical-order-set	the JLCPCB upload sets, carts and order log of earlier layout phases (A22, B16, C24, D8, E6, E5, P4 and the superseded folder); nothing was ordered and none carries the current netlist
v2/release/revA/order/superseded/PCB-B-COMPUTE-B10/ORDER-NOTES.txt	1ab13fb753d29fa73832cdc952e28dc7fdd40d87	1877	historical-order-set	the JLCPCB upload sets, carts and order log of earlier layout phases (A22, B16, C24, D8, E6, E5, P4 and the superseded folder); nothing was ordered and none carries the current netlist
v2/release/revA/order/superseded/PCB-B-COMPUTE-B10/final/pcb-b-compute-bom-final.csv	6507789d12f23201e98fb9017355a4f852af0f8c	2569	historical-order-set	the JLCPCB upload sets, carts and order log of earlier layout phases (A22, B16, C24, D8, E6, E5, P4 and the superseded folder); nothing was ordered and none carries the current netlist
v2/release/revA/order/superseded/PCB-B-COMPUTE-B10/final/pcb-b-compute-cpl-jlc.csv	7365f845040f742b1d7763e27e9c74047c5aaaff	5002	historical-order-set	the JLCPCB upload sets, carts and order log of earlier layout phases (A22, B16, C24, D8, E6, E5, P4 and the superseded folder); nothing was ordered and none carries the current netlist
v2/release/revA/order/superseded/PCB-B-COMPUTE-B10/jlcpcb-cart-added-2026-09-03.jpg	f3f92d56c989d6e431e6d8daf4aa1450d98dba96	82024	historical-order-set	the JLCPCB upload sets, carts and order log of earlier layout phases (A22, B16, C24, D8, E6, E5, P4 and the superseded folder); nothing was ordered and none carries the current netlist
v2/release/revA/order/superseded/PCB-B-COMPUTE-B10/jlcpcb-placement-preview-bottom-2026-09-03.jpg	cf1e6d65700cfd29f4f2df03ec737caabc42fc35	51811	historical-order-set	the JLCPCB upload sets, carts and order log of earlier layout phases (A22, B16, C24, D8, E6, E5, P4 and the superseded folder); nothing was ordered and none carries the current netlist
v2/release/revA/order/superseded/PCB-B-COMPUTE-B10/jlcpcb-placement-preview-top-2026-09-03.jpg	45063c49356585598a1e25152cd475b9bd111107	104413	historical-order-set	the JLCPCB upload sets, carts and order log of earlier layout phases (A22, B16, C24, D8, E6, E5, P4 and the superseded folder); nothing was ordered and none carries the current netlist
v2/release/revA/order/superseded/PCB-B-COMPUTE-B10/pcb-b-compute-bom.csv	a6ca3275254bb1dc6246b823a8ccaa0a3d29cbce	2388	historical-order-set	the JLCPCB upload sets, carts and order log of earlier layout phases (A22, B16, C24, D8, E6, E5, P4 and the superseded folder); nothing was ordered and none carries the current netlist
v2/release/revA/order/superseded/PCB-B-COMPUTE-B10/pcb-b-compute-cpl.csv	7365f845040f742b1d7763e27e9c74047c5aaaff	5002	historical-order-set	the JLCPCB upload sets, carts and order log of earlier layout phases (A22, B16, C24, D8, E6, E5, P4 and the superseded folder); nothing was ordered and none carries the current netlist
v2/release/revA/order/superseded/PCB-B-COMPUTE-B10/pcb-b-compute-gerbers.zip	33d0e7c04e90f2b92a9e3aee61736376e0db99cd	571346	historical-order-set	the JLCPCB upload sets, carts and order log of earlier layout phases (A22, B16, C24, D8, E6, E5, P4 and the superseded folder); nothing was ordered and none carries the current netlist
v2/release/revA/order/superseded/PCB-B-COMPUTE-B10/upload/pcb-b-compute-bom.csv	a6ca3275254bb1dc6246b823a8ccaa0a3d29cbce	2388	historical-order-set	the JLCPCB upload sets, carts and order log of earlier layout phases (A22, B16, C24, D8, E6, E5, P4 and the superseded folder); nothing was ordered and none carries the current netlist
v2/release/revA/order/superseded/PCB-B-COMPUTE-B10/upload/pcb-b-compute-cpl.csv	bdc8d918bb4fadb77339c905c5dc10accbd4af19	4961	historical-order-set	the JLCPCB upload sets, carts and order log of earlier layout phases (A22, B16, C24, D8, E6, E5, P4 and the superseded folder); nothing was ordered and none carries the current netlist
v2/release/revA/order/superseded/PCB-B-COMPUTE-B11/ORDER-NOTES.txt	586a02bf68774b096e14fb68bed436b44782c1e2	2620	historical-order-set	the JLCPCB upload sets, carts and order log of earlier layout phases (A22, B16, C24, D8, E6, E5, P4 and the superseded folder); nothing was ordered and none carries the current netlist
v2/release/revA/order/superseded/PCB-B-COMPUTE-B11/pcb-b-compute-bom.csv	8996acccb3a732b3b3f6b2852bdb3432bf28b20e	2564	historical-order-set	the JLCPCB upload sets, carts and order log of earlier layout phases (A22, B16, C24, D8, E6, E5, P4 and the superseded folder); nothing was ordered and none carries the current netlist
v2/release/revA/order/superseded/PCB-B-COMPUTE-B11/pcb-b-compute-cpl.csv	a2143b2b1969544588bfac34d5de4bbfb004fd3d	4998	historical-order-set	the JLCPCB upload sets, carts and order log of earlier layout phases (A22, B16, C24, D8, E6, E5, P4 and the superseded folder); nothing was ordered and none carries the current netlist
v2/release/revA/order/superseded/PCB-B-COMPUTE-B11/pcb-b-compute-gerbers.zip	2c0f2785638391a22df023abce4619d62f98a01e	575967	historical-order-set	the JLCPCB upload sets, carts and order log of earlier layout phases (A22, B16, C24, D8, E6, E5, P4 and the superseded folder); nothing was ordered and none carries the current netlist
v2/release/revA/order/superseded/PCB-B-COMPUTE-B12/ORDER-NOTES.txt	10ad0b182b9d2455c2a44974b89ecf4a8be255d2	2673	historical-order-set	the JLCPCB upload sets, carts and order log of earlier layout phases (A22, B16, C24, D8, E6, E5, P4 and the superseded folder); nothing was ordered and none carries the current netlist
v2/release/revA/order/superseded/PCB-B-COMPUTE-B12/pcb-b-compute-bom.csv	9706e1163580efe7fcdde5ddb26c3dab72f18422	2790	historical-order-set	the JLCPCB upload sets, carts and order log of earlier layout phases (A22, B16, C24, D8, E6, E5, P4 and the superseded folder); nothing was ordered and none carries the current netlist
v2/release/revA/order/superseded/PCB-B-COMPUTE-B12/pcb-b-compute-cpl.csv	42621f1dd28e633b30d0742c7ed999834c0f9902	4872	historical-order-set	the JLCPCB upload sets, carts and order log of earlier layout phases (A22, B16, C24, D8, E6, E5, P4 and the superseded folder); nothing was ordered and none carries the current netlist
v2/release/revA/order/superseded/PCB-B-COMPUTE-B12/pcb-b-compute-gerbers.zip	437a1f8849ea0f72d3f3f48fa4ee9debb1248575	585987	historical-order-set	the JLCPCB upload sets, carts and order log of earlier layout phases (A22, B16, C24, D8, E6, E5, P4 and the superseded folder); nothing was ordered and none carries the current netlist
v2/release/revA/order/superseded/PCB-B-COMPUTE-B13/ORDER-NOTES.txt	93e702936407f9c93b38264fcf79948ab3696b21	3714	historical-order-set	the JLCPCB upload sets, carts and order log of earlier layout phases (A22, B16, C24, D8, E6, E5, P4 and the superseded folder); nothing was ordered and none carries the current netlist
v2/release/revA/order/superseded/PCB-B-COMPUTE-B13/pcb-b-compute-bom.csv	4eba795a818d7d4a64d3f3c1714906179551f568	5781	historical-order-set	the JLCPCB upload sets, carts and order log of earlier layout phases (A22, B16, C24, D8, E6, E5, P4 and the superseded folder); nothing was ordered and none carries the current netlist
v2/release/revA/order/superseded/PCB-B-COMPUTE-B13/pcb-b-compute-cpl.csv	8e8ca6a883bf8994643635e10839d016c39848fd	7924	historical-order-set	the JLCPCB upload sets, carts and order log of earlier layout phases (A22, B16, C24, D8, E6, E5, P4 and the superseded folder); nothing was ordered and none carries the current netlist
v2/release/revA/order/superseded/PCB-B-COMPUTE-B13/pcb-b-compute-gerbers.zip	017063753a95257b84b4d9dcb249edd69bc4ce76	704434	historical-order-set	the JLCPCB upload sets, carts and order log of earlier layout phases (A22, B16, C24, D8, E6, E5, P4 and the superseded folder); nothing was ordered and none carries the current netlist
v2/release/revA/order/superseded/PCB-B-COMPUTE-B14/ORDER-NOTES.txt	16625f04f6b4776412ebd84d32f57bc42352b870	3930	historical-order-set	the JLCPCB upload sets, carts and order log of earlier layout phases (A22, B16, C24, D8, E6, E5, P4 and the superseded folder); nothing was ordered and none carries the current netlist
v2/release/revA/order/superseded/PCB-B-COMPUTE-B14/pcb-b-compute-bom.csv	49c9a3fca4df7fef87abbd4f6b17752a4747b00a	6122	historical-order-set	the JLCPCB upload sets, carts and order log of earlier layout phases (A22, B16, C24, D8, E6, E5, P4 and the superseded folder); nothing was ordered and none carries the current netlist
v2/release/revA/order/superseded/PCB-B-COMPUTE-B14/pcb-b-compute-cpl.csv	d4334dd1012c9c8d842f3cb50fde3d96cb12cce0	8735	historical-order-set	the JLCPCB upload sets, carts and order log of earlier layout phases (A22, B16, C24, D8, E6, E5, P4 and the superseded folder); nothing was ordered and none carries the current netlist
v2/release/revA/order/superseded/PCB-B-COMPUTE-B14/pcb-b-compute-gerbers.zip	dc4c3545d1749f62a36b33ef92410113009bb18e	770031	historical-order-set	the JLCPCB upload sets, carts and order log of earlier layout phases (A22, B16, C24, D8, E6, E5, P4 and the superseded folder); nothing was ordered and none carries the current netlist
v2/release/revA/order/superseded/PCB-B-COMPUTE-B15/ORDER-NOTES.txt	8f1a0601892d56f0762ba668389faba594dba506	4456	historical-order-set	the JLCPCB upload sets, carts and order log of earlier layout phases (A22, B16, C24, D8, E6, E5, P4 and the superseded folder); nothing was ordered and none carries the current netlist
v2/release/revA/order/superseded/PCB-B-COMPUTE-B15/pcb-b-compute-bom.csv	49c9a3fca4df7fef87abbd4f6b17752a4747b00a	6122	historical-order-set	the JLCPCB upload sets, carts and order log of earlier layout phases (A22, B16, C24, D8, E6, E5, P4 and the superseded folder); nothing was ordered and none carries the current netlist
v2/release/revA/order/superseded/PCB-B-COMPUTE-B15/pcb-b-compute-cpl.csv	d4334dd1012c9c8d842f3cb50fde3d96cb12cce0	8735	historical-order-set	the JLCPCB upload sets, carts and order log of earlier layout phases (A22, B16, C24, D8, E6, E5, P4 and the superseded folder); nothing was ordered and none carries the current netlist
v2/release/revA/order/superseded/PCB-B-COMPUTE-B15/pcb-b-compute-gerbers.zip	0f956e6547fae1a6a1bb95f4e6752884c811b224	977994	historical-order-set	the JLCPCB upload sets, carts and order log of earlier layout phases (A22, B16, C24, D8, E6, E5, P4 and the superseded folder); nothing was ordered and none carries the current netlist
v2/release/revA/order/superseded/PCB-C-DISPLAY-C4/ORDER-NOTES.txt	ea129b72230f797b4e64c047d865ddda9b89338e	2969	historical-order-set	the JLCPCB upload sets, carts and order log of earlier layout phases (A22, B16, C24, D8, E6, E5, P4 and the superseded folder); nothing was ordered and none carries the current netlist
v2/release/revA/order/superseded/PCB-C-DISPLAY-C4/final/pcb-c-display-bom-final.csv	6daecce2d32dddb694b5173df2d0423204ee886e	2423	historical-order-set	the JLCPCB upload sets, carts and order log of earlier layout phases (A22, B16, C24, D8, E6, E5, P4 and the superseded folder); nothing was ordered and none carries the current netlist
v2/release/revA/order/superseded/PCB-C-DISPLAY-C4/final/pcb-c-display-cpl-jlc.csv	73d8c6eeca5c22aaa031739bcfdafce26c98e903	4121	historical-order-set	the JLCPCB upload sets, carts and order log of earlier layout phases (A22, B16, C24, D8, E6, E5, P4 and the superseded folder); nothing was ordered and none carries the current netlist
v2/release/revA/order/superseded/PCB-C-DISPLAY-C4/pcb-c-display-bom.csv	5d2ae7ccbbf2d92dbdfef299f64b4a852e6e02c1	2275	historical-order-set	the JLCPCB upload sets, carts and order log of earlier layout phases (A22, B16, C24, D8, E6, E5, P4 and the superseded folder); nothing was ordered and none carries the current netlist
v2/release/revA/order/superseded/PCB-C-DISPLAY-C4/pcb-c-display-cpl.csv	73d8c6eeca5c22aaa031739bcfdafce26c98e903	4121	historical-order-set	the JLCPCB upload sets, carts and order log of earlier layout phases (A22, B16, C24, D8, E6, E5, P4 and the superseded folder); nothing was ordered and none carries the current netlist
v2/release/revA/order/superseded/PCB-C-DISPLAY-C4/pcb-c-display-gerbers.zip	0aff3eefe4278e677600747815b77cadde0e06f4	458192	historical-order-set	the JLCPCB upload sets, carts and order log of earlier layout phases (A22, B16, C24, D8, E6, E5, P4 and the superseded folder); nothing was ordered and none carries the current netlist
v2/release/revA/order/superseded/PCB-C-DISPLAY-C5/ORDER-NOTES.txt	589cafee7e3a86bba0f5ce31f4c7e83db6015956	4741	historical-order-set	the JLCPCB upload sets, carts and order log of earlier layout phases (A22, B16, C24, D8, E6, E5, P4 and the superseded folder); nothing was ordered and none carries the current netlist
v2/release/revA/order/superseded/PCB-C-DISPLAY-C5/pcb-c-display-bom.csv	8d21b41539e61e8cc689efe02f9ed7fda5a43992	2366	historical-order-set	the JLCPCB upload sets, carts and order log of earlier layout phases (A22, B16, C24, D8, E6, E5, P4 and the superseded folder); nothing was ordered and none carries the current netlist
v2/release/revA/order/superseded/PCB-C-DISPLAY-C5/pcb-c-display-cpl.csv	bf63d811035926eea3dcb8dde03189a49218697a	4083	historical-order-set	the JLCPCB upload sets, carts and order log of earlier layout phases (A22, B16, C24, D8, E6, E5, P4 and the superseded folder); nothing was ordered and none carries the current netlist
v2/release/revA/order/superseded/PCB-C-DISPLAY-C5/pcb-c-display-gerbers.zip	87571a9e5e64a23c2c242c334e35126a36ff890c	403654	historical-order-set	the JLCPCB upload sets, carts and order log of earlier layout phases (A22, B16, C24, D8, E6, E5, P4 and the superseded folder); nothing was ordered and none carries the current netlist
v2/release/revA/order/superseded/PCB-C-DISPLAY-C6/ORDER-NOTES.txt	ba1bcf5a6ad75b5282cd9eac1b6b448c4cc1907b	4166	historical-order-set	the JLCPCB upload sets, carts and order log of earlier layout phases (A22, B16, C24, D8, E6, E5, P4 and the superseded folder); nothing was ordered and none carries the current netlist
v2/release/revA/order/superseded/PCB-C-DISPLAY-C6/pcb-c-display-bom.csv	8d21b41539e61e8cc689efe02f9ed7fda5a43992	2366	historical-order-set	the JLCPCB upload sets, carts and order log of earlier layout phases (A22, B16, C24, D8, E6, E5, P4 and the superseded folder); nothing was ordered and none carries the current netlist
v2/release/revA/order/superseded/PCB-C-DISPLAY-C6/pcb-c-display-cpl.csv	4381db9a74e919b77d33fc5ea5658fc52bd754e3	4068	historical-order-set	the JLCPCB upload sets, carts and order log of earlier layout phases (A22, B16, C24, D8, E6, E5, P4 and the superseded folder); nothing was ordered and none carries the current netlist
v2/release/revA/order/superseded/PCB-C-DISPLAY-C6/pcb-c-display-gerbers.zip	5fc0e8bdf34b14593edab88efc8b707ec74b0592	476632	historical-order-set	the JLCPCB upload sets, carts and order log of earlier layout phases (A22, B16, C24, D8, E6, E5, P4 and the superseded folder); nothing was ordered and none carries the current netlist
v2/release/revA/order/superseded/PCB-C-DISPLAY-C7/ORDER-NOTES.txt	7736e9be575561ac406e7c6bafe4fceb54ad8477	4432	historical-order-set	the JLCPCB upload sets, carts and order log of earlier layout phases (A22, B16, C24, D8, E6, E5, P4 and the superseded folder); nothing was ordered and none carries the current netlist
v2/release/revA/order/superseded/PCB-C-DISPLAY-C7/pcb-c-display-bom.csv	54c18f4413b28b581f0eaedd021f2b53156d302d	3734	historical-order-set	the JLCPCB upload sets, carts and order log of earlier layout phases (A22, B16, C24, D8, E6, E5, P4 and the superseded folder); nothing was ordered and none carries the current netlist
v2/release/revA/order/superseded/PCB-C-DISPLAY-C7/pcb-c-display-cpl.csv	beccd9d85dfb0568c77abd08a3a1f673d473805f	5941	historical-order-set	the JLCPCB upload sets, carts and order log of earlier layout phases (A22, B16, C24, D8, E6, E5, P4 and the superseded folder); nothing was ordered and none carries the current netlist
v2/release/revA/order/superseded/PCB-C-DISPLAY-C7/pcb-c-display-gerbers.zip	0c09b728b0676fb440cb1baeccdbc4446a8f44bd	785844	historical-order-set	the JLCPCB upload sets, carts and order log of earlier layout phases (A22, B16, C24, D8, E6, E5, P4 and the superseded folder); nothing was ordered and none carries the current netlist
v2/release/revA/order/superseded/PCB-C-DISPLAY-C7/upload/pcb-c-display-bom-jlc.csv	b2336068fa5acc6677ca463d7ea1b645108b1a4d	3779	historical-order-set	the JLCPCB upload sets, carts and order log of earlier layout phases (A22, B16, C24, D8, E6, E5, P4 and the superseded folder); nothing was ordered and none carries the current netlist
v2/release/revA/order/superseded/PCB-C-RING-R1/ORDER-NOTES.txt	13b43583d3c826874713f77b5e1413ae4707e4bb	1255	historical-order-set	the JLCPCB upload sets, carts and order log of earlier layout phases (A22, B16, C24, D8, E6, E5, P4 and the superseded folder); nothing was ordered and none carries the current netlist
v2/release/revA/order/superseded/PCB-C-RING-R1/pcb-c-ring-gerbers.zip	a7d9f300c95f26ea12a323752cf622dbdcdb25ef	10719	historical-order-set	the JLCPCB upload sets, carts and order log of earlier layout phases (A22, B16, C24, D8, E6, E5, P4 and the superseded folder); nothing was ordered and none carries the current netlist
v2/release/revA/order/superseded/PCB-D-APRS-D5/ORDER-NOTES.txt	bed0f8c0d3ac0f9990de7ff19535f3b73c2dc0f5	2430	historical-order-set	the JLCPCB upload sets, carts and order log of earlier layout phases (A22, B16, C24, D8, E6, E5, P4 and the superseded folder); nothing was ordered and none carries the current netlist
v2/release/revA/order/superseded/PCB-D-APRS-D5/final/pcb-d-aprs-bom-final.csv	b73c5bb5c1b382a0ddcd3a1f25882925d724110e	2095	historical-order-set	the JLCPCB upload sets, carts and order log of earlier layout phases (A22, B16, C24, D8, E6, E5, P4 and the superseded folder); nothing was ordered and none carries the current netlist
v2/release/revA/order/superseded/PCB-D-APRS-D5/final/pcb-d-aprs-cpl-jlc.csv	a7e5b418d32cb10926c2dafc86faf506cd7bc51b	3272	historical-order-set	the JLCPCB upload sets, carts and order log of earlier layout phases (A22, B16, C24, D8, E6, E5, P4 and the superseded folder); nothing was ordered and none carries the current netlist
v2/release/revA/order/superseded/PCB-D-APRS-D5/jlcpcb-cart-added-2026-09-03.jpg	53cb8e4de3edd96eac49288db6d545bf0cffd030	82128	historical-order-set	the JLCPCB upload sets, carts and order log of earlier layout phases (A22, B16, C24, D8, E6, E5, P4 and the superseded folder); nothing was ordered and none carries the current netlist
v2/release/revA/order/superseded/PCB-D-APRS-D5/jlcpcb-placement-preview-top-2026-09-03.jpg	3747473173565b2e8ad383f7c398e4435e0fc207	110528	historical-order-set	the JLCPCB upload sets, carts and order log of earlier layout phases (A22, B16, C24, D8, E6, E5, P4 and the superseded folder); nothing was ordered and none carries the current netlist
v2/release/revA/order/superseded/PCB-D-APRS-D5/pcb-d-aprs-bom.csv	b67871142413dbc7474ff4a3cdae3e40a643fff8	1907	historical-order-set	the JLCPCB upload sets, carts and order log of earlier layout phases (A22, B16, C24, D8, E6, E5, P4 and the superseded folder); nothing was ordered and none carries the current netlist
v2/release/revA/order/superseded/PCB-D-APRS-D5/pcb-d-aprs-cpl.csv	563ab19d329457ab58b9d465004de9a941b1d8b2	3231	historical-order-set	the JLCPCB upload sets, carts and order log of earlier layout phases (A22, B16, C24, D8, E6, E5, P4 and the superseded folder); nothing was ordered and none carries the current netlist
v2/release/revA/order/superseded/PCB-D-APRS-D5/pcb-d-aprs-gerbers.zip	7eefba59ad51bce5bcd4b17a32bdca41de453b88	245136	historical-order-set	the JLCPCB upload sets, carts and order log of earlier layout phases (A22, B16, C24, D8, E6, E5, P4 and the superseded folder); nothing was ordered and none carries the current netlist
v2/release/revA/order/superseded/PCB-D-APRS-D5/upload/pcb-d-aprs-bom.csv	8311903e710c173d4b3381684dd54dce3f7e465d	1981	historical-order-set	the JLCPCB upload sets, carts and order log of earlier layout phases (A22, B16, C24, D8, E6, E5, P4 and the superseded folder); nothing was ordered and none carries the current netlist
v2/release/revA/order/superseded/PCB-D-APRS-D5/upload/pcb-d-aprs-cpl.csv	541cefcec315e1491b0a5abdc90305288981a06a	3250	historical-order-set	the JLCPCB upload sets, carts and order log of earlier layout phases (A22, B16, C24, D8, E6, E5, P4 and the superseded folder); nothing was ordered and none carries the current netlist
v2/release/revA/order/superseded/PCB-D-APRS-D6/ORDER-NOTES.txt	7de593f0f0121601ab417994c47d98bc1b21261d	2394	historical-order-set	the JLCPCB upload sets, carts and order log of earlier layout phases (A22, B16, C24, D8, E6, E5, P4 and the superseded folder); nothing was ordered and none carries the current netlist
v2/release/revA/order/superseded/PCB-D-APRS-D6/pcb-d-aprs-bom.csv	6cbee5d91fc8b9a8f5c4db9e36a30fa17440758c	2099	historical-order-set	the JLCPCB upload sets, carts and order log of earlier layout phases (A22, B16, C24, D8, E6, E5, P4 and the superseded folder); nothing was ordered and none carries the current netlist
v2/release/revA/order/superseded/PCB-D-APRS-D6/pcb-d-aprs-cpl.csv	1f40e12997ec3ab285d6bd45aeba2a0771ca9276	2646	historical-order-set	the JLCPCB upload sets, carts and order log of earlier layout phases (A22, B16, C24, D8, E6, E5, P4 and the superseded folder); nothing was ordered and none carries the current netlist
v2/release/revA/order/superseded/PCB-D-APRS-D6/pcb-d-aprs-gerbers.zip	0800632ebc1d621b246c56018432972814e1324b	224591	historical-order-set	the JLCPCB upload sets, carts and order log of earlier layout phases (A22, B16, C24, D8, E6, E5, P4 and the superseded folder); nothing was ordered and none carries the current netlist
v2/release/revA/order/superseded/PCB-D-APRS-D7/ORDER-NOTES.txt	accf980205010bc0a8337fdd840c517e46e3d16c	2651	historical-order-set	the JLCPCB upload sets, carts and order log of earlier layout phases (A22, B16, C24, D8, E6, E5, P4 and the superseded folder); nothing was ordered and none carries the current netlist
v2/release/revA/order/superseded/PCB-D-APRS-D7/pcb-d-aprs-bom.csv	639922ebabd580cb2f8384e836f3a48d763823ff	2087	historical-order-set	the JLCPCB upload sets, carts and order log of earlier layout phases (A22, B16, C24, D8, E6, E5, P4 and the superseded folder); nothing was ordered and none carries the current netlist
v2/release/revA/order/superseded/PCB-D-APRS-D7/pcb-d-aprs-cpl.csv	2a261b388116c2136b8cbc5442d7332537b10199	3153	historical-order-set	the JLCPCB upload sets, carts and order log of earlier layout phases (A22, B16, C24, D8, E6, E5, P4 and the superseded folder); nothing was ordered and none carries the current netlist
v2/release/revA/order/superseded/PCB-D-APRS-D7/pcb-d-aprs-gerbers.zip	3100a799bfaa362ff5a2606153fea486ede5cbf2	242500	historical-order-set	the JLCPCB upload sets, carts and order log of earlier layout phases (A22, B16, C24, D8, E6, E5, P4 and the superseded folder); nothing was ordered and none carries the current netlist
v2/release/revA/order/superseded/PCB-E1-DOCK-E1/ORDER-NOTES.txt	9bd40397d07fa4aa87073d4743e45c2ce0e2d485	2236	historical-order-set	the JLCPCB upload sets, carts and order log of earlier layout phases (A22, B16, C24, D8, E6, E5, P4 and the superseded folder); nothing was ordered and none carries the current netlist
v2/release/revA/order/superseded/PCB-E1-DOCK-E1/final/pcb-e1-dock-bom-final.csv	38032b9558eceaad93504b811e34b0a3b30b17bc	1027	historical-order-set	the JLCPCB upload sets, carts and order log of earlier layout phases (A22, B16, C24, D8, E6, E5, P4 and the superseded folder); nothing was ordered and none carries the current netlist
v2/release/revA/order/superseded/PCB-E1-DOCK-E1/final/pcb-e1-dock-cpl-jlc.csv	d07a99ee56f4c4d8f1189d32d2371965bfc25461	685	historical-order-set	the JLCPCB upload sets, carts and order log of earlier layout phases (A22, B16, C24, D8, E6, E5, P4 and the superseded folder); nothing was ordered and none carries the current netlist
v2/release/revA/order/superseded/PCB-E1-DOCK-E1/jlcpcb-cart-added-2026-09-03.jpg	b99cf956d774f2b41aeb9de3d049b069ca6a12fe	71010	historical-order-set	the JLCPCB upload sets, carts and order log of earlier layout phases (A22, B16, C24, D8, E6, E5, P4 and the superseded folder); nothing was ordered and none carries the current netlist
v2/release/revA/order/superseded/PCB-E1-DOCK-E1/jlcpcb-placement-preview-2026-09-03.jpg	afd7d9cdafa049f1bf638eef646731a32d62127e	71134	historical-order-set	the JLCPCB upload sets, carts and order log of earlier layout phases (A22, B16, C24, D8, E6, E5, P4 and the superseded folder); nothing was ordered and none carries the current netlist
v2/release/revA/order/superseded/PCB-E1-DOCK-E1/pcb-e1-dock-bom.csv	27e14920d310defb22eb6b73416da51db8255a37	972	historical-order-set	the JLCPCB upload sets, carts and order log of earlier layout phases (A22, B16, C24, D8, E6, E5, P4 and the superseded folder); nothing was ordered and none carries the current netlist
v2/release/revA/order/superseded/PCB-E1-DOCK-E1/pcb-e1-dock-cpl.csv	d07a99ee56f4c4d8f1189d32d2371965bfc25461	685	historical-order-set	the JLCPCB upload sets, carts and order log of earlier layout phases (A22, B16, C24, D8, E6, E5, P4 and the superseded folder); nothing was ordered and none carries the current netlist
v2/release/revA/order/superseded/PCB-E1-DOCK-E1/pcb-e1-dock-gerbers.zip	859d35f119d8447b37a5de75c03e1b181023f6d2	106025	historical-order-set	the JLCPCB upload sets, carts and order log of earlier layout phases (A22, B16, C24, D8, E6, E5, P4 and the superseded folder); nothing was ordered and none carries the current netlist
v2/release/revA/order/superseded/PCB-E1-DOCK-E1/upload/pcb-e1-dock-bom.csv	747c9a44b5f3fe4bfa7a86788bfe6784a41c4102	743	historical-order-set	the JLCPCB upload sets, carts and order log of earlier layout phases (A22, B16, C24, D8, E6, E5, P4 and the superseded folder); nothing was ordered and none carries the current netlist
v2/release/revA/order/superseded/PCB-E1-DOCK-E1/upload/pcb-e1-dock-cpl.csv	9001cc2570495529b408d9875f7bd710c4912265	555	historical-order-set	the JLCPCB upload sets, carts and order log of earlier layout phases (A22, B16, C24, D8, E6, E5, P4 and the superseded folder); nothing was ordered and none carries the current netlist
v2/release/revA/order/superseded/PCB-E1-DOCK-E4/ORDER-NOTES.txt	87a65dca6213230d0684eadbc3aadcb623cf4a75	2634	historical-order-set	the JLCPCB upload sets, carts and order log of earlier layout phases (A22, B16, C24, D8, E6, E5, P4 and the superseded folder); nothing was ordered and none carries the current netlist
v2/release/revA/order/superseded/PCB-E1-DOCK-E4/pcb-e1-dock-bom.csv	fca1c2c925ba1746e88f3ce19f497493c0660382	3064	historical-order-set	the JLCPCB upload sets, carts and order log of earlier layout phases (A22, B16, C24, D8, E6, E5, P4 and the superseded folder); nothing was ordered and none carries the current netlist
v2/release/revA/order/superseded/PCB-E1-DOCK-E4/pcb-e1-dock-cpl.csv	55d2b47f20598576494cb139ea0078605c035394	2655	historical-order-set	the JLCPCB upload sets, carts and order log of earlier layout phases (A22, B16, C24, D8, E6, E5, P4 and the superseded folder); nothing was ordered and none carries the current netlist
v2/release/revA/order/superseded/PCB-E1-DOCK-E4/pcb-e1-dock-gerbers.zip	d022bbe8bcf63b7b54ecc213f72231dbe5e7e187	351564	historical-order-set	the JLCPCB upload sets, carts and order log of earlier layout phases (A22, B16, C24, D8, E6, E5, P4 and the superseded folder); nothing was ordered and none carries the current netlist
v2/release/revA/order/superseded/PCB-E2-RFJUNCTION-E2/ORDER-NOTES.txt	63e40053da38a176f63e74389c0ac223d52190bf	1235	historical-order-set	the JLCPCB upload sets, carts and order log of earlier layout phases (A22, B16, C24, D8, E6, E5, P4 and the superseded folder); nothing was ordered and none carries the current netlist
v2/release/revA/order/superseded/PCB-E2-RFJUNCTION-E2/jlcpcb-cart-added-2026-09-03.jpg	c40ca20df832d9a9b659f83a7782065290646673	69747	historical-order-set	the JLCPCB upload sets, carts and order log of earlier layout phases (A22, B16, C24, D8, E6, E5, P4 and the superseded folder); nothing was ordered and none carries the current netlist
v2/release/revA/order/superseded/PCB-E2-RFJUNCTION-E2/pcb-e2-rfjunction-gerbers.zip	e354c4502e9c99bbf98a2bec577b828206209428	20393	historical-order-set	the JLCPCB upload sets, carts and order log of earlier layout phases (A22, B16, C24, D8, E6, E5, P4 and the superseded folder); nothing was ordered and none carries the current netlist
v2/release/revA/order/superseded/PCB-E2-RFJUNCTION-E3/ORDER-NOTES.txt	eadccd1a672760d21f0c8570e4d79467623ffb18	1361	historical-order-set	the JLCPCB upload sets, carts and order log of earlier layout phases (A22, B16, C24, D8, E6, E5, P4 and the superseded folder); nothing was ordered and none carries the current netlist
v2/release/revA/order/superseded/PCB-E2-RFJUNCTION-E3/pcb-e2-rfjunction-gerbers.zip	c70989fd862053726eaff83eb7f7c04d1368630e	20384	historical-order-set	the JLCPCB upload sets, carts and order log of earlier layout phases (A22, B16, C24, D8, E6, E5, P4 and the superseded folder); nothing was ordered and none carries the current netlist
v2/release/revA/order/superseded/PCB-P-PACK-P1/ORDER-NOTES.txt	ca79d9e2ea5761e45b719df50eaf74a120a16207	3403	historical-order-set	the JLCPCB upload sets, carts and order log of earlier layout phases (A22, B16, C24, D8, E6, E5, P4 and the superseded folder); nothing was ordered and none carries the current netlist
v2/release/revA/order/superseded/PCB-P-PACK-P1/pcb-p-pack-bom.csv	8851995c4e5d975faf4f9909c84275f265cd3cc0	1282	historical-order-set	the JLCPCB upload sets, carts and order log of earlier layout phases (A22, B16, C24, D8, E6, E5, P4 and the superseded folder); nothing was ordered and none carries the current netlist
v2/release/revA/order/superseded/PCB-P-PACK-P1/pcb-p-pack-cpl.csv	45d50ec1699828585cee16bf1ef3b833f9b1d4d6	1785	historical-order-set	the JLCPCB upload sets, carts and order log of earlier layout phases (A22, B16, C24, D8, E6, E5, P4 and the superseded folder); nothing was ordered and none carries the current netlist
v2/release/revA/order/superseded/PCB-P-PACK-P1/pcb-p-pack-gerbers.zip	ce69645c6d491b0090b6a363392342bf7e0da95c	119227	historical-order-set	the JLCPCB upload sets, carts and order log of earlier layout phases (A22, B16, C24, D8, E6, E5, P4 and the superseded folder); nothing was ordered and none carries the current netlist
v2/release/revA/order/superseded/PCB-P-PACK-P1/upload/pcb-p-pack-bom-jlc.csv	558c939701c6dbb971849374cf3929aae4815437	1321	historical-order-set	the JLCPCB upload sets, carts and order log of earlier layout phases (A22, B16, C24, D8, E6, E5, P4 and the superseded folder); nothing was ordered and none carries the current netlist
v2/release/revA/order/superseded/meshsat-pcb-b-revA-B16-quote/LCSC-CORRECTIONS.txt	a2530d7d3289b5ae0b6583bed687a3ff961fadd0	3201	historical-order-set	the JLCPCB upload sets, carts and order log of earlier layout phases (A22, B16, C24, D8, E6, E5, P4 and the superseded folder); nothing was ordered and none carries the current netlist
v2/release/revA/order/superseded/meshsat-pcb-b-revA-B16-quote/QUOTE-ONLY.txt	e0a4bab8bdd31af2fd0a9586ed06d97af65182ea	369	historical-order-set	the JLCPCB upload sets, carts and order log of earlier layout phases (A22, B16, C24, D8, E6, E5, P4 and the superseded folder); nothing was ordered and none carries the current netlist
v2/release/revA/order/superseded/meshsat-pcb-b-revA-B16-quote/README-fab.txt	066b0e8594789b44ebb18b52e19dbd6b6b0d7756	829	historical-order-set	the JLCPCB upload sets, carts and order log of earlier layout phases (A22, B16, C24, D8, E6, E5, P4 and the superseded folder); nothing was ordered and none carries the current netlist
v2/release/revA/order/superseded/meshsat-pcb-b-revA-B16-quote/pcb-b-compute-bom.csv	bf81901b9f939756119001aec86d815ea0aa24f1	16322	historical-order-set	the JLCPCB upload sets, carts and order log of earlier layout phases (A22, B16, C24, D8, E6, E5, P4 and the superseded folder); nothing was ordered and none carries the current netlist
v2/release/revA/order/superseded/meshsat-pcb-b-revA-B16-quote/pcb-b-compute-bom.status	9be10bbc0d0a725845671f8417cee460d919485b	40	historical-order-set	the JLCPCB upload sets, carts and order log of earlier layout phases (A22, B16, C24, D8, E6, E5, P4 and the superseded folder); nothing was ordered and none carries the current netlist
v2/release/revA/order/superseded/meshsat-pcb-b-revA-B16-quote/pcb-b-compute-cpl.csv	522f794da42552f72333b7684a4d8b21becd0c2b	32280	historical-order-set	the JLCPCB upload sets, carts and order log of earlier layout phases (A22, B16, C24, D8, E6, E5, P4 and the superseded folder); nothing was ordered and none carries the current netlist
v2/release/revA/order/superseded/meshsat-pcb-b-revA-B16-quote/pcb-b-compute-gerbers.zip	121aed7e3e65f7e6cf134bb3f1ef103b9e644f7d	1165671	historical-order-set	the JLCPCB upload sets, carts and order log of earlier layout phases (A22, B16, C24, D8, E6, E5, P4 and the superseded folder); nothing was ordered and none carries the current netlist
v2/release/revA/order/superseded/meshsat-pcb-b-revA-B16-quote/pcb-b-compute-render-bottom.png	e2bafe7ed1ca8344c469293cae1f676c56c08fd9	83576	historical-order-set	the JLCPCB upload sets, carts and order log of earlier layout phases (A22, B16, C24, D8, E6, E5, P4 and the superseded folder); nothing was ordered and none carries the current netlist
v2/release/revA/order/superseded/meshsat-pcb-b-revA-B16-quote/pcb-b-compute-render-top.png	e571c3494a389e327443367db0415fbc417f1214	165790	historical-order-set	the JLCPCB upload sets, carts and order log of earlier layout phases (A22, B16, C24, D8, E6, E5, P4 and the superseded folder); nothing was ordered and none carries the current netlist
v2/release/revA/order/superseded/meshsat-pcb-b-revA-B16-quote/pcb-b-compute.kicad_pcb	36cf0ce4718477a630573a39ff29b97380b39817	3779896	historical-order-set	the JLCPCB upload sets, carts and order log of earlier layout phases (A22, B16, C24, D8, E6, E5, P4 and the superseded folder); nothing was ordered and none carries the current netlist
v2/release/revA/order/superseded/meshsat-pcb-b-revA-B16-quote/pcb-b-compute.kicad_pro	2cfabc85dd2fd1b0e5c0d8766d6287ab8185dacf	30476	historical-order-set	the JLCPCB upload sets, carts and order log of earlier layout phases (A22, B16, C24, D8, E6, E5, P4 and the superseded folder); nothing was ordered and none carries the current netlist
v2/release/revA/review/PCB-A-POWER-A22/pcb-a-power-1to1-bottom-mirrored.pdf	a2860517608f56c313640eb1063918156689b2a8	244495	stale-layout	deliverable folders and review sheets of earlier layout phases (gerbers, BOM and CPL, DRC, renders, 1:1 prints); none carries the current netlist
v2/release/revA/review/PCB-A-POWER-A22/pcb-a-power-1to1-top.pdf	b00c11e58c0f1874e2903ea99477a9da690f20ad	343792	stale-layout	deliverable folders and review sheets of earlier layout phases (gerbers, BOM and CPL, DRC, renders, 1:1 prints); none carries the current netlist
v2/release/revA/review/PCB-A-POWER-A22/pcb-a-power-assembly-bottom-mirrored.pdf	2e99202176fd703a5e44f66cf933d5de74c43f0d	283957	stale-layout	deliverable folders and review sheets of earlier layout phases (gerbers, BOM and CPL, DRC, renders, 1:1 prints); none carries the current netlist
v2/release/revA/review/PCB-A-POWER-A22/pcb-a-power-assembly-top.pdf	43e1c095a978e4beaf52456b1459f3bc22413b9b	718821	stale-layout	deliverable folders and review sheets of earlier layout phases (gerbers, BOM and CPL, DRC, renders, 1:1 prints); none carries the current netlist
v2/release/revA/review/PCB-A-POWER-A22/pcb-a-power-copper-layers.pdf	a18ca9a4066d82c57ab283564770fe2b43ac8f94	880495	stale-layout	deliverable folders and review sheets of earlier layout phases (gerbers, BOM and CPL, DRC, renders, 1:1 prints); none carries the current netlist
v2/release/revA/review/PCB-A-POWER-A22/pcb-a-power-drc.rpt	83573e48554a1f82a98fdb486d4ffc2737dc911d	15698	stale-layout	deliverable folders and review sheets of earlier layout phases (gerbers, BOM and CPL, DRC, renders, 1:1 prints); none carries the current netlist
v2/release/revA/review/PCB-A-POWER-A22/pcb-a-power-render-bottom-A4.png	ad6d33cf0e15fa4a86107c8ec6196e25d64a1a52	562371	stale-layout	deliverable folders and review sheets of earlier layout phases (gerbers, BOM and CPL, DRC, renders, 1:1 prints); none carries the current netlist
v2/release/revA/review/PCB-A-POWER-A22/pcb-a-power-render-bottom.png	1e5edc10db33b653506257930724dc89cf0fef4a	118450	stale-layout	deliverable folders and review sheets of earlier layout phases (gerbers, BOM and CPL, DRC, renders, 1:1 prints); none carries the current netlist
v2/release/revA/review/PCB-A-POWER-A22/pcb-a-power-render-top-A4.png	ebbc2870294b9550d05caddb33a0f984d567a023	749704	stale-layout	deliverable folders and review sheets of earlier layout phases (gerbers, BOM and CPL, DRC, renders, 1:1 prints); none carries the current netlist
v2/release/revA/review/PCB-A-POWER-A22/pcb-a-power-render-top.png	890db1da0aaf9e1c01d8f109c2c6c0422088da58	206676	stale-layout	deliverable folders and review sheets of earlier layout phases (gerbers, BOM and CPL, DRC, renders, 1:1 prints); none carries the current netlist
v2/release/revA/review/PCB-A-POWER-A22/pcb-a-power-schematic.pdf	96a4eb43a99c169e2a1cf4d31cf0d98089391a9a	2750820	stale-layout	deliverable folders and review sheets of earlier layout phases (gerbers, BOM and CPL, DRC, renders, 1:1 prints); none carries the current netlist
v2/release/revA/review/PCB-B-COMPUTE-B16/pcb-b-compute-assembly-bottom-mirrored.pdf	f85ce3cbfd0d0c473842825322255cfab66d8a69	749749	stale-layout	deliverable folders and review sheets of earlier layout phases (gerbers, BOM and CPL, DRC, renders, 1:1 prints); none carries the current netlist
v2/release/revA/review/PCB-B-COMPUTE-B16/pcb-b-compute-assembly-top.pdf	d7c2531934aa127aca2598708b84b9970f67a2fb	1320975	stale-layout	deliverable folders and review sheets of earlier layout phases (gerbers, BOM and CPL, DRC, renders, 1:1 prints); none carries the current netlist
v2/release/revA/review/PCB-B-COMPUTE-B16/pcb-b-compute-copper-layers.pdf	29c165d915fee585fc855c78d2c1762a724e9eb3	1651165	stale-layout	deliverable folders and review sheets of earlier layout phases (gerbers, BOM and CPL, DRC, renders, 1:1 prints); none carries the current netlist
v2/release/revA/review/PCB-B-COMPUTE-B16/pcb-b-compute-render-bottom-A4.png	53c517170f101bbc0a9e0fd98d3e10327a9f2cb3	466711	stale-layout	deliverable folders and review sheets of earlier layout phases (gerbers, BOM and CPL, DRC, renders, 1:1 prints); none carries the current netlist
v2/release/revA/review/PCB-B-COMPUTE-B16/pcb-b-compute-render-bottom.png	e2bafe7ed1ca8344c469293cae1f676c56c08fd9	83576	stale-layout	deliverable folders and review sheets of earlier layout phases (gerbers, BOM and CPL, DRC, renders, 1:1 prints); none carries the current netlist
v2/release/revA/review/PCB-B-COMPUTE-B16/pcb-b-compute-render-top-A4.png	09221c51e6325a580435afc778551fda54d46992	691898	stale-layout	deliverable folders and review sheets of earlier layout phases (gerbers, BOM and CPL, DRC, renders, 1:1 prints); none carries the current netlist
v2/release/revA/review/PCB-B-COMPUTE-B16/pcb-b-compute-render-top.png	e571c3494a389e327443367db0415fbc417f1214	165790	stale-layout	deliverable folders and review sheets of earlier layout phases (gerbers, BOM and CPL, DRC, renders, 1:1 prints); none carries the current netlist
v2/release/revA/review/PCB-C-DISPLAY-C7/pcb-c-display-1to1-bottom-mirrored.pdf	c9fdcf81c9c9f27bee686afe9f9267633e66ed08	126206	stale-layout	deliverable folders and review sheets of earlier layout phases (gerbers, BOM and CPL, DRC, renders, 1:1 prints); none carries the current netlist
v2/release/revA/review/PCB-C-DISPLAY-C7/pcb-c-display-1to1-top.pdf	2cfd7b4568b16c3195949d7087c606edb540bd1b	173895	stale-layout	deliverable folders and review sheets of earlier layout phases (gerbers, BOM and CPL, DRC, renders, 1:1 prints); none carries the current netlist
v2/release/revA/review/PCB-C-DISPLAY-C7/pcb-c-display-assembly-bottom-mirrored.pdf	8cf12d44beb7b7cb4ceeb9eb4eb6b24b17312ea5	306158	stale-layout	deliverable folders and review sheets of earlier layout phases (gerbers, BOM and CPL, DRC, renders, 1:1 prints); none carries the current netlist
v2/release/revA/review/PCB-C-DISPLAY-C7/pcb-c-display-assembly-top.pdf	1ac7571f45acf90091241589265a445ce82920cd	200657	stale-layout	deliverable folders and review sheets of earlier layout phases (gerbers, BOM and CPL, DRC, renders, 1:1 prints); none carries the current netlist
v2/release/revA/review/PCB-C-DISPLAY-C7/pcb-c-display-copper-layers.pdf	53434cc439173ef168b16c1d9b0931c45d45c9f6	1521183	stale-layout	deliverable folders and review sheets of earlier layout phases (gerbers, BOM and CPL, DRC, renders, 1:1 prints); none carries the current netlist
v2/release/revA/review/PCB-C-DISPLAY-C7/pcb-c-display-drc.rpt	19d9c6d242ce10f5d8a8c9eedb8b804ea913ce2d	13854	stale-layout	deliverable folders and review sheets of earlier layout phases (gerbers, BOM and CPL, DRC, renders, 1:1 prints); none carries the current netlist
v2/release/revA/review/PCB-C-DISPLAY-C7/pcb-c-display-render-bottom-A4.png	efb54c93d89a57e74d23bb902d652023a9790778	463219	stale-layout	deliverable folders and review sheets of earlier layout phases (gerbers, BOM and CPL, DRC, renders, 1:1 prints); none carries the current netlist
v2/release/revA/review/PCB-C-DISPLAY-C7/pcb-c-display-render-bottom.png	f51280613cddb6f9639c01a68258cd6459c7e1f0	104268	stale-layout	deliverable folders and review sheets of earlier layout phases (gerbers, BOM and CPL, DRC, renders, 1:1 prints); none carries the current netlist
v2/release/revA/review/PCB-C-DISPLAY-C7/pcb-c-display-render-top-A4.png	631e3fe02817620bf5da58e01588dd0108bae7ff	442264	stale-layout	deliverable folders and review sheets of earlier layout phases (gerbers, BOM and CPL, DRC, renders, 1:1 prints); none carries the current netlist
v2/release/revA/review/PCB-C-DISPLAY-C7/pcb-c-display-render-top.png	0bf5a8468da7dae36e11058601c065683f56a0e3	91672	stale-layout	deliverable folders and review sheets of earlier layout phases (gerbers, BOM and CPL, DRC, renders, 1:1 prints); none carries the current netlist
v2/release/revA/review/PCB-C-DISPLAY-C7/pcb-c-display-schematic.pdf	2119ca078b11a55682397ff0615105f34595708e	1407675	stale-layout	deliverable folders and review sheets of earlier layout phases (gerbers, BOM and CPL, DRC, renders, 1:1 prints); none carries the current netlist
v2/release/revA/review/PCB-D-APRS-D8/pcb-d-aprs-1to1-bottom-mirrored.pdf	96d6c30843921b86c327894846ae8d8d612fa056	117205	stale-layout	deliverable folders and review sheets of earlier layout phases (gerbers, BOM and CPL, DRC, renders, 1:1 prints); none carries the current netlist
v2/release/revA/review/PCB-D-APRS-D8/pcb-d-aprs-1to1-top.pdf	caffceb46bd0a7b2406426ab46f6718d6393067e	174902	stale-layout	deliverable folders and review sheets of earlier layout phases (gerbers, BOM and CPL, DRC, renders, 1:1 prints); none carries the current netlist
v2/release/revA/review/PCB-D-APRS-D8/pcb-d-aprs-assembly-bottom-mirrored.pdf	2a090357b5a021ea29891fd323c9b39d40619b1e	230055	stale-layout	deliverable folders and review sheets of earlier layout phases (gerbers, BOM and CPL, DRC, renders, 1:1 prints); none carries the current netlist
v2/release/revA/review/PCB-D-APRS-D8/pcb-d-aprs-assembly-top.pdf	58c123949555f8396fb816cff1c7df0c58674af6	330124	stale-layout	deliverable folders and review sheets of earlier layout phases (gerbers, BOM and CPL, DRC, renders, 1:1 prints); none carries the current netlist
v2/release/revA/review/PCB-D-APRS-D8/pcb-d-aprs-copper-layers.pdf	c5cbe3304d87dd096913dd4eafa6d8d52076993c	1232161	stale-layout	deliverable folders and review sheets of earlier layout phases (gerbers, BOM and CPL, DRC, renders, 1:1 prints); none carries the current netlist
v2/release/revA/review/PCB-D-APRS-D8/pcb-d-aprs-drc.rpt	e7c10c63e57f8f0d1206cd40c2701f5360fdf46d	24019	stale-layout	deliverable folders and review sheets of earlier layout phases (gerbers, BOM and CPL, DRC, renders, 1:1 prints); none carries the current netlist
v2/release/revA/review/PCB-D-APRS-D8/pcb-d-aprs-render-bottom-A4.png	123b671ac4f2ed83b058a6d554948f07ead8ab52	707792	stale-layout	deliverable folders and review sheets of earlier layout phases (gerbers, BOM and CPL, DRC, renders, 1:1 prints); none carries the current netlist
v2/release/revA/review/PCB-D-APRS-D8/pcb-d-aprs-render-bottom.png	5b35659cfe5f14886f1c3bf320908cba7d8556fa	164001	stale-layout	deliverable folders and review sheets of earlier layout phases (gerbers, BOM and CPL, DRC, renders, 1:1 prints); none carries the current netlist
v2/release/revA/review/PCB-D-APRS-D8/pcb-d-aprs-render-top-A4.png	915fac52d396d6c21b224669572236931cfcff19	998603	stale-layout	deliverable folders and review sheets of earlier layout phases (gerbers, BOM and CPL, DRC, renders, 1:1 prints); none carries the current netlist
v2/release/revA/review/PCB-D-APRS-D8/pcb-d-aprs-render-top.png	989ac735d69af83b7b31237ac645842d5a8060ed	235022	stale-layout	deliverable folders and review sheets of earlier layout phases (gerbers, BOM and CPL, DRC, renders, 1:1 prints); none carries the current netlist
v2/release/revA/review/PCB-D-APRS-D8/pcb-d-aprs-schematic.pdf	012e9589a5627469cd67cc95796515568c9a3ea0	1295618	stale-layout	deliverable folders and review sheets of earlier layout phases (gerbers, BOM and CPL, DRC, renders, 1:1 prints); none carries the current netlist
v2/release/revA/review/PCB-E1-DOCK-E6/pcb-e1-dock-1to1-bottom-mirrored.pdf	6004017e9c1c30efec8d3a165efcb6cb14cf07f0	106594	stale-layout	deliverable folders and review sheets of earlier layout phases (gerbers, BOM and CPL, DRC, renders, 1:1 prints); none carries the current netlist
v2/release/revA/review/PCB-E1-DOCK-E6/pcb-e1-dock-1to1-top.pdf	ffa4364e5a69031aa45b4e1c828da9f71df34184	179184	stale-layout	deliverable folders and review sheets of earlier layout phases (gerbers, BOM and CPL, DRC, renders, 1:1 prints); none carries the current netlist
v2/release/revA/review/PCB-E1-DOCK-E6/pcb-e1-dock-assembly-bottom-mirrored.pdf	66654f82504bb0d9c42496dc9c27e85806137ee7	139877	stale-layout	deliverable folders and review sheets of earlier layout phases (gerbers, BOM and CPL, DRC, renders, 1:1 prints); none carries the current netlist
v2/release/revA/review/PCB-E1-DOCK-E6/pcb-e1-dock-assembly-top.pdf	9b84912e76f52330aed6a02a7c41277da97d0fdd	354640	stale-layout	deliverable folders and review sheets of earlier layout phases (gerbers, BOM and CPL, DRC, renders, 1:1 prints); none carries the current netlist
v2/release/revA/review/PCB-E1-DOCK-E6/pcb-e1-dock-copper-layers.pdf	0eeacaa41ced3851a568e3fa0bd9821463432838	1263422	stale-layout	deliverable folders and review sheets of earlier layout phases (gerbers, BOM and CPL, DRC, renders, 1:1 prints); none carries the current netlist
v2/release/revA/review/PCB-E1-DOCK-E6/pcb-e1-dock-drc.rpt	98a9ed0bf76c79247d92a1054bafbc96dc5b56c4	19112	stale-layout	deliverable folders and review sheets of earlier layout phases (gerbers, BOM and CPL, DRC, renders, 1:1 prints); none carries the current netlist
v2/release/revA/review/PCB-E1-DOCK-E6/pcb-e1-dock-render-bottom-A4.png	9dae50fb1832d7d58cd54363b67332ceeb8d5353	311743	stale-layout	deliverable folders and review sheets of earlier layout phases (gerbers, BOM and CPL, DRC, renders, 1:1 prints); none carries the current netlist
v2/release/revA/review/PCB-E1-DOCK-E6/pcb-e1-dock-render-bottom.png	605ef2fba4f4c141d7bf53a386cb6c4e5ee197d5	75857	stale-layout	deliverable folders and review sheets of earlier layout phases (gerbers, BOM and CPL, DRC, renders, 1:1 prints); none carries the current netlist
v2/release/revA/review/PCB-E1-DOCK-E6/pcb-e1-dock-render-top-A4.png	37616d23e3fda6dd321547e7083b19b97b1f96ff	427462	stale-layout	deliverable folders and review sheets of earlier layout phases (gerbers, BOM and CPL, DRC, renders, 1:1 prints); none carries the current netlist
v2/release/revA/review/PCB-E1-DOCK-E6/pcb-e1-dock-render-top.png	17e549ce28a4c70a135697460e5853d0fc0e96ee	116379	stale-layout	deliverable folders and review sheets of earlier layout phases (gerbers, BOM and CPL, DRC, renders, 1:1 prints); none carries the current netlist
v2/release/revA/review/PCB-E1-DOCK-E6/pcb-e1-dock-schematic.pdf	0d1f7ebad14144ce7c647baf3ddb1f12b09c698c	1231060	stale-layout	deliverable folders and review sheets of earlier layout phases (gerbers, BOM and CPL, DRC, renders, 1:1 prints); none carries the current netlist
v2/release/revA/review/PCB-E5-BLOCK-E5/pcb-e5-block-1to1-bottom-mirrored.pdf	fcf4c07133745c8026d92391a0ca4d1572031cab	19731	stale-layout	deliverable folders and review sheets of earlier layout phases (gerbers, BOM and CPL, DRC, renders, 1:1 prints); none carries the current netlist
v2/release/revA/review/PCB-E5-BLOCK-E5/pcb-e5-block-1to1-top.pdf	73df702ce17c1479e8e387080b9920974baab4cd	19545	stale-layout	deliverable folders and review sheets of earlier layout phases (gerbers, BOM and CPL, DRC, renders, 1:1 prints); none carries the current netlist
v2/release/revA/review/PCB-E5-BLOCK-E5/pcb-e5-block-assembly-bottom-mirrored.pdf	47021787dd085e62bf89660c7e73a370ab91f04f	47100	stale-layout	deliverable folders and review sheets of earlier layout phases (gerbers, BOM and CPL, DRC, renders, 1:1 prints); none carries the current netlist
v2/release/revA/review/PCB-E5-BLOCK-E5/pcb-e5-block-assembly-top.pdf	b7e5e453908d87cf25eb96c528e1b191ee97ae91	47863	stale-layout	deliverable folders and review sheets of earlier layout phases (gerbers, BOM and CPL, DRC, renders, 1:1 prints); none carries the current netlist
v2/release/revA/review/PCB-E5-BLOCK-E5/pcb-e5-block-copper-layers.pdf	048b893fb5f1f1cfec66b90ddc80f9730b1c9254	88901	stale-layout	deliverable folders and review sheets of earlier layout phases (gerbers, BOM and CPL, DRC, renders, 1:1 prints); none carries the current netlist
v2/release/revA/review/PCB-E5-BLOCK-E5/pcb-e5-block-drc.rpt	83b31093a5bad1362e6d2c7fbba474b696c2733f	834	stale-layout	deliverable folders and review sheets of earlier layout phases (gerbers, BOM and CPL, DRC, renders, 1:1 prints); none carries the current netlist
v2/release/revA/review/PCB-E5-BLOCK-E5/pcb-e5-block-render-bottom-A4.png	16d5d9eb324e5818cbf06ac6212c6f709dd7e50f	465996	stale-layout	deliverable folders and review sheets of earlier layout phases (gerbers, BOM and CPL, DRC, renders, 1:1 prints); none carries the current netlist
v2/release/revA/review/PCB-E5-BLOCK-E5/pcb-e5-block-render-bottom.png	a6a379af41c13ce8749d21572ce830c02abfa9c3	52969	stale-layout	deliverable folders and review sheets of earlier layout phases (gerbers, BOM and CPL, DRC, renders, 1:1 prints); none carries the current netlist
v2/release/revA/review/PCB-E5-BLOCK-E5/pcb-e5-block-render-top-A4.png	87e192eb9fbcd4965bd37b09cb86d3034a2e83ed	581525	stale-layout	deliverable folders and review sheets of earlier layout phases (gerbers, BOM and CPL, DRC, renders, 1:1 prints); none carries the current netlist
v2/release/revA/review/PCB-E5-BLOCK-E5/pcb-e5-block-render-top.png	61cc855fd6c08436e2eeb5584580c441dc43eaf7	70833	stale-layout	deliverable folders and review sheets of earlier layout phases (gerbers, BOM and CPL, DRC, renders, 1:1 prints); none carries the current netlist
v2/release/revA/review/PCB-P-PACK-P1/pcb-p-pack-1to1-bottom-mirrored.pdf	2ec3b3879627b59f63d15fbc19288990d2559b11	39511	stale-layout	deliverable folders and review sheets of earlier layout phases (gerbers, BOM and CPL, DRC, renders, 1:1 prints); none carries the current netlist
v2/release/revA/review/PCB-P-PACK-P1/pcb-p-pack-1to1-top.pdf	0abe776eba99e19ddaca1da29823ac6891397acf	52550	stale-layout	deliverable folders and review sheets of earlier layout phases (gerbers, BOM and CPL, DRC, renders, 1:1 prints); none carries the current netlist
v2/release/revA/review/PCB-P-PACK-P1/pcb-p-pack-assembly-bottom-mirrored.pdf	46add6d8299f29f14c26114ae2e1d4e45a972e9a	76011	stale-layout	deliverable folders and review sheets of earlier layout phases (gerbers, BOM and CPL, DRC, renders, 1:1 prints); none carries the current netlist
v2/release/revA/review/PCB-P-PACK-P1/pcb-p-pack-assembly-top.pdf	d38a7e193fe7797e7e7417e20e1628c5c0c41589	130445	stale-layout	deliverable folders and review sheets of earlier layout phases (gerbers, BOM and CPL, DRC, renders, 1:1 prints); none carries the current netlist
v2/release/revA/review/PCB-P-PACK-P1/pcb-p-pack-copper-layers.pdf	8a4ca78b5d8ab1d052a7134a6cf60cc385766b05	209118	stale-layout	deliverable folders and review sheets of earlier layout phases (gerbers, BOM and CPL, DRC, renders, 1:1 prints); none carries the current netlist
v2/release/revA/review/PCB-P-PACK-P1/pcb-p-pack-drc.rpt	8a8d831bd86c6021e1ec8f53fa31198d1e4a4bda	6156	stale-layout	deliverable folders and review sheets of earlier layout phases (gerbers, BOM and CPL, DRC, renders, 1:1 prints); none carries the current netlist
v2/release/revA/review/PCB-P-PACK-P1/pcb-p-pack-render-bottom-A4.png	2aee573c35a6f1c69e2b065b0ed1a301815eea29	540802	stale-layout	deliverable folders and review sheets of earlier layout phases (gerbers, BOM and CPL, DRC, renders, 1:1 prints); none carries the current netlist
v2/release/revA/review/PCB-P-PACK-P1/pcb-p-pack-render-bottom.png	e160171ab0a671c4719c0ba3822ecd1781b3ba1f	93072	stale-layout	deliverable folders and review sheets of earlier layout phases (gerbers, BOM and CPL, DRC, renders, 1:1 prints); none carries the current netlist
v2/release/revA/review/PCB-P-PACK-P1/pcb-p-pack-render-top-A4.png	eef892d33fc92653ed71281f62f62ad6a2f57136	696652	stale-layout	deliverable folders and review sheets of earlier layout phases (gerbers, BOM and CPL, DRC, renders, 1:1 prints); none carries the current netlist
v2/release/revA/review/PCB-P-PACK-P1/pcb-p-pack-render-top.png	a0fcabad9b95d0e4f9cb3a6bfed65dc81db4c645	125008	stale-layout	deliverable folders and review sheets of earlier layout phases (gerbers, BOM and CPL, DRC, renders, 1:1 prints); none carries the current netlist
v2/release/revA/review/PCB-P-PACK-P1/pcb-p-pack-schematic.pdf	991a12187825778aa0227920d22f420b59f23099	353431	stale-layout	deliverable folders and review sheets of earlier layout phases (gerbers, BOM and CPL, DRC, renders, 1:1 prints); none carries the current netlist
v2/release/revA/review/README.md	fbb01635c17901d461a3984cc0ec53ad35af3235	7365	stale-layout	deliverable folders and review sheets of earlier layout phases (gerbers, BOM and CPL, DRC, renders, 1:1 prints); none carries the current netlist
v2/release/review-packets/C-C24-1f614233/MANIFEST.json	d8e08d29748a3d18d2b909d9657e435923cd8805	13654	packet-to-rebuild	built at 1f614233 with a SOURCES.yaml part map that has changed since; v2/release/review-packets/README.md says it is 'rebuilt before it is sent', and the handover carries the current schematic exports in v2/release/handover/_generated instead
v2/release/review-packets/C-C24-1f614233/README.md	270ca27b1b5ebce8ef931247762dbec6faf3698c	20469	packet-to-rebuild	built at 1f614233 with a SOURCES.yaml part map that has changed since; v2/release/review-packets/README.md says it is 'rebuilt before it is sent', and the handover carries the current schematic exports in v2/release/handover/_generated instead
v2/release/review-packets/C-C24-1f614233/SHA256SUMS	e84c35d24ff1f7e631513415c0de23a15b18031e	3616	packet-to-rebuild	built at 1f614233 with a SOURCES.yaml part map that has changed since; v2/release/review-packets/README.md says it is 'rebuilt before it is sent', and the handover carries the current schematic exports in v2/release/handover/_generated instead
v2/release/review-packets/C-C24-1f614233/bom/NOT_FOR_FAB-parts-identity.csv	31e2e10cc32c2234f5e5c0e8e76d48d29ee1a9e3	15120	packet-to-rebuild	built at 1f614233 with a SOURCES.yaml part map that has changed since; v2/release/review-packets/README.md says it is 'rebuilt before it is sent', and the handover carries the current schematic exports in v2/release/handover/_generated instead
v2/release/review-packets/C-C24-1f614233/bom/NOT_FOR_FAB-pcb-c-display-bom.csv	5df587671f56c36457df4065482229635fe82cf1	8103	packet-to-rebuild	built at 1f614233 with a SOURCES.yaml part map that has changed since; v2/release/review-packets/README.md says it is 'rebuilt before it is sent', and the handover carries the current schematic exports in v2/release/handover/_generated instead
v2/release/review-packets/C-C24-1f614233/bom/parts-identity.json	aa1f6975e89d92e266f3f6b42ffa59d67c551897	46248	packet-to-rebuild	built at 1f614233 with a SOURCES.yaml part map that has changed since; v2/release/review-packets/README.md says it is 'rebuilt before it is sent', and the handover carries the current schematic exports in v2/release/handover/_generated instead
v2/release/review-packets/C-C24-1f614233/bom/sources-coverage.json	64cf62181a42b45e52f1041ad911c5a159ccbdef	829	packet-to-rebuild	built at 1f614233 with a SOURCES.yaml part map that has changed since; v2/release/review-packets/README.md says it is 'rebuilt before it is sent', and the handover carries the current schematic exports in v2/release/handover/_generated instead
v2/release/review-packets/C-C24-1f614233/changes/attribution-read-by-hand.yaml	319064c31f8dbdce824500d693474fc3e0ce32f8	5534	packet-to-rebuild	built at 1f614233 with a SOURCES.yaml part map that has changed since; v2/release/review-packets/README.md says it is 'rebuilt before it is sent', and the handover carries the current schematic exports in v2/release/handover/_generated instead
v2/release/review-packets/C-C24-1f614233/changes/changes.json	cb1e0a6e72b767f6a11b3868da9563292be33d3b	53693	packet-to-rebuild	built at 1f614233 with a SOURCES.yaml part map that has changed since; v2/release/review-packets/README.md says it is 'rebuilt before it is sent', and the handover carries the current schematic exports in v2/release/handover/_generated instead
v2/release/review-packets/C-C24-1f614233/changes/gen_sch_c.diff	7d99f43363ae59418c0255b18f3819dfbf0dbb01	25658	packet-to-rebuild	built at 1f614233 with a SOURCES.yaml part map that has changed since; v2/release/review-packets/README.md says it is 'rebuilt before it is sent', and the handover carries the current schematic exports in v2/release/handover/_generated instead
v2/release/review-packets/C-C24-1f614233/changes/prev-82dd1e4d-gen_sch_c.py	5e7283da26dcd447f779e859122f3e7e655a2093	38252	packet-to-rebuild	built at 1f614233 with a SOURCES.yaml part map that has changed since; v2/release/review-packets/README.md says it is 'rebuilt before it is sent', and the handover carries the current schematic exports in v2/release/handover/_generated instead
v2/release/review-packets/C-C24-1f614233/changes/prev-82dd1e4d.net	2ea1abd556fe61b36f20719541c2e17aa2a4c30b	213337	packet-to-rebuild	built at 1f614233 with a SOURCES.yaml part map that has changed since; v2/release/review-packets/README.md says it is 'rebuilt before it is sent', and the handover carries the current schematic exports in v2/release/handover/_generated instead
v2/release/review-packets/C-C24-1f614233/contracts/check_contracts.log	d291516dc9e900d909afbabb623ffcd75e6fe5b4	5333	packet-to-rebuild	built at 1f614233 with a SOURCES.yaml part map that has changed since; v2/release/review-packets/README.md says it is 'rebuilt before it is sent', and the handover carries the current schematic exports in v2/release/handover/_generated instead
v2/release/review-packets/C-C24-1f614233/contracts/contracts.json	7c671ebbd0712167f924a044b0e400f3fdb7f990	4272	packet-to-rebuild	built at 1f614233 with a SOURCES.yaml part map that has changed since; v2/release/review-packets/README.md says it is 'rebuilt before it is sent', and the handover carries the current schematic exports in v2/release/handover/_generated instead
v2/release/review-packets/C-C24-1f614233/interfaces/interfaces.json	23799b6a33d7c786bbf991f55a5c6b4e4f22cef7	687	packet-to-rebuild	built at 1f614233 with a SOURCES.yaml part map that has changed since; v2/release/review-packets/README.md says it is 'rebuilt before it is sent', and the handover carries the current schematic exports in v2/release/handover/_generated instead
v2/release/review-packets/C-C24-1f614233/native/boards-c.json	85a7a3d53d3445e7f943e92db92f3411ccd47ac1	30708	packet-to-rebuild	built at 1f614233 with a SOURCES.yaml part map that has changed since; v2/release/review-packets/README.md says it is 'rebuilt before it is sent', and the handover carries the current schematic exports in v2/release/handover/_generated instead
v2/release/review-packets/C-C24-1f614233/native/fp-lib-table	fd7c68e15545a10459df09195a3bfa1e9283c3f5	162	packet-to-rebuild	built at 1f614233 with a SOURCES.yaml part map that has changed since; v2/release/review-packets/README.md says it is 'rebuilt before it is sent', and the handover carries the current schematic exports in v2/release/handover/_generated instead
v2/release/review-packets/C-C24-1f614233/native/gen_sch_c.py	51a14a39c9c4b1f78acf7092d4077f43e5eadf2d	47725	packet-to-rebuild	built at 1f614233 with a SOURCES.yaml part map that has changed since; v2/release/review-packets/README.md says it is 'rebuilt before it is sent', and the handover carries the current schematic exports in v2/release/handover/_generated instead
v2/release/review-packets/C-C24-1f614233/native/meshsat.pretty/BackerScrew_M3_GND.kicad_mod	969a703459dcadfb90c646c9890937a8efd6d8a9	704	packet-to-rebuild	built at 1f614233 with a SOURCES.yaml part map that has changed since; v2/release/review-packets/README.md says it is 'rebuilt before it is sent', and the handover carries the current schematic exports in v2/release/handover/_generated instead
v2/release/review-packets/C-C24-1f614233/native/meshsat.pretty/Hirose_FH34SRJ-24S.kicad_mod	fffcc0e8964fe160de31b0bb3ac0af3bef66a2a0	4027	packet-to-rebuild	built at 1f614233 with a SOURCES.yaml part map that has changed since; v2/release/review-packets/README.md says it is 'rebuilt before it is sent', and the handover carries the current schematic exports in v2/release/handover/_generated instead
v2/release/review-packets/C-C24-1f614233/native/meshsat.pretty/LeadLands_1x02.kicad_mod	684dba90f12f0d7c586f63996de6a859f5e9104c	940	packet-to-rebuild	built at 1f614233 with a SOURCES.yaml part map that has changed since; v2/release/review-packets/README.md says it is 'rebuilt before it is sent', and the handover carries the current schematic exports in v2/release/handover/_generated instead
v2/release/review-packets/C-C24-1f614233/native/meshsat.pretty/PanelJack_17mm.kicad_mod	24252c51561ce62337d26bc48e3f95c2d1617b09	1860	packet-to-rebuild	built at 1f614233 with a SOURCES.yaml part map that has changed since; v2/release/review-packets/README.md says it is 'rebuilt before it is sent', and the handover carries the current schematic exports in v2/release/handover/_generated instead
v2/release/review-packets/C-C24-1f614233/native/meshsat.pretty/PanelSounder.kicad_mod	1f6272b2dd125e4fb079ad7ce69c35993aa54546	1333	packet-to-rebuild	built at 1f614233 with a SOURCES.yaml part map that has changed since; v2/release/review-packets/README.md says it is 'rebuilt before it is sent', and the handover carries the current schematic exports in v2/release/handover/_generated instead
v2/release/review-packets/C-C24-1f614233/native/meshsat.pretty/PanelSwitch_16mm.kicad_mod	0a623a3e226ad6174334b806b85cc4e02f26f014	1514	packet-to-rebuild	built at 1f614233 with a SOURCES.yaml part map that has changed since; v2/release/review-packets/README.md says it is 'rebuilt before it is sent', and the handover carries the current schematic exports in v2/release/handover/_generated instead
v2/release/review-packets/C-C24-1f614233/native/meshsat.pretty/PanelSwitch_19mm.kicad_mod	2544a22529720cbfd41819913bfe8a522d217b31	1514	packet-to-rebuild	built at 1f614233 with a SOURCES.yaml part map that has changed since; v2/release/review-packets/README.md says it is 'rebuilt before it is sent', and the handover carries the current schematic exports in v2/release/handover/_generated instead
v2/release/review-packets/C-C24-1f614233/native/meshsat.pretty/ToggleBody_DPDT.kicad_mod	abe2f1d39c47b7b1fc6a0d89317a83fe18d4327b	1560	packet-to-rebuild	built at 1f614233 with a SOURCES.yaml part map that has changed since; v2/release/review-packets/README.md says it is 'rebuilt before it is sent', and the handover carries the current schematic exports in v2/release/handover/_generated instead
v2/release/review-packets/C-C24-1f614233/native/meshsat.pretty/ToggleBody_SPDT.kicad_mod	da327469e4115214a336e2c8cda9324d1b6c816e	1308	packet-to-rebuild	built at 1f614233 with a SOURCES.yaml part map that has changed since; v2/release/review-packets/README.md says it is 'rebuilt before it is sent', and the handover carries the current schematic exports in v2/release/handover/_generated instead
v2/release/review-packets/C-C24-1f614233/native/meshsat.pretty/Vishay_VEML7700.kicad_mod	5eb1038164776db9994d9cf039ba2630c767cb30	1186	packet-to-rebuild	built at 1f614233 with a SOURCES.yaml part map that has changed since; v2/release/review-packets/README.md says it is 'rebuilt before it is sent', and the handover carries the current schematic exports in v2/release/handover/_generated instead
v2/release/review-packets/C-C24-1f614233/native/netlist/pcb-c-display-intent.json	37d1b9dbcba9da7c72a0ecfc1d189541eaccbab6	10610	packet-to-rebuild	built at 1f614233 with a SOURCES.yaml part map that has changed since; v2/release/review-packets/README.md says it is 'rebuilt before it is sent', and the handover carries the current schematic exports in v2/release/handover/_generated instead
v2/release/review-packets/C-C24-1f614233/native/netlist/pcb-c-display.net	f95ef8325afb20d612ef3f128b548dd716cd159c	223012	packet-to-rebuild	built at 1f614233 with a SOURCES.yaml part map that has changed since; v2/release/review-packets/README.md says it is 'rebuilt before it is sent', and the handover carries the current schematic exports in v2/release/handover/_generated instead
v2/release/review-packets/C-C24-1f614233/native/netlist/pcb-c-display.net.prov.json	6af14d5499eda22dd9db89216b9893391aaa51fe	8447	packet-to-rebuild	built at 1f614233 with a SOURCES.yaml part map that has changed since; v2/release/review-packets/README.md says it is 'rebuilt before it is sent', and the handover carries the current schematic exports in v2/release/handover/_generated instead
v2/release/review-packets/C-C24-1f614233/native/pcb-c-display.kicad_pro	54a2d30e9d5ec59c6f7f021acace092c8d3a4050	11191	packet-to-rebuild	built at 1f614233 with a SOURCES.yaml part map that has changed since; v2/release/review-packets/README.md says it is 'rebuilt before it is sent', and the handover carries the current schematic exports in v2/release/handover/_generated instead
v2/release/review-packets/C-C24-1f614233/native/pcb-c-display.kicad_sch	8850a0eb003af08bf85a728fa227514d7654caf1	651582	packet-to-rebuild	built at 1f614233 with a SOURCES.yaml part map that has changed since; v2/release/review-packets/README.md says it is 'rebuilt before it is sent', and the handover carries the current schematic exports in v2/release/handover/_generated instead
v2/release/review-packets/C-C24-1f614233/open/holds-and-decisions.json	c4874a659225ef39de3ef9ddc3f321fcb95d9e0d	252	packet-to-rebuild	built at 1f614233 with a SOURCES.yaml part map that has changed since; v2/release/review-packets/README.md says it is 'rebuilt before it is sent', and the handover carries the current schematic exports in v2/release/handover/_generated instead
v2/release/review-packets/C-C24-1f614233/schematic/pcb-c-display-erc.json	7986cf8464e9fd62c1978cf4d1636cc18aff7380	192405	packet-to-rebuild	built at 1f614233 with a SOURCES.yaml part map that has changed since; v2/release/review-packets/README.md says it is 'rebuilt before it is sent', and the handover carries the current schematic exports in v2/release/handover/_generated instead
v2/release/review-packets/C-C24-1f614233/schematic/pcb-c-display-schematic-sheet.pdf	085ca1ac545c11ee88c94b3cf00fb1bc604327c0	1147086	packet-to-rebuild	built at 1f614233 with a SOURCES.yaml part map that has changed since; v2/release/review-packets/README.md says it is 'rebuilt before it is sent', and the handover carries the current schematic exports in v2/release/handover/_generated instead
v2/release/review-packets/C-C24-1f614233/schematic/pcb-c-display-schematic.pdf	aca726bcc292fa8b2c064bc174cbb8a1d957abb5	735329	packet-to-rebuild	built at 1f614233 with a SOURCES.yaml part map that has changed since; v2/release/review-packets/README.md says it is 'rebuilt before it is sent', and the handover carries the current schematic exports in v2/release/handover/_generated instead
v2/release/review-packets/D-D12-1f614233/MANIFEST.json	3dd6a7cf3a57c0bb26f2ef260641d7410d81c7fb	12037	superseded-packet	SUPERSEDED per v2/release/review-packets/README.md (D by 458b2873, P by d90f30e4); a review of that board uses the packet or record the README names
v2/release/review-packets/D-D12-1f614233/README.md	db9a5ac7dc1991d6f5be456c3498eecd69dff4b8	21659	superseded-packet	SUPERSEDED per v2/release/review-packets/README.md (D by 458b2873, P by d90f30e4); a review of that board uses the packet or record the README names
v2/release/review-packets/D-D12-1f614233/SHA256SUMS	2fb70dfe47af0e0c10e67b7bfcc7044934ae46f4	2698	superseded-packet	SUPERSEDED per v2/release/review-packets/README.md (D by 458b2873, P by d90f30e4); a review of that board uses the packet or record the README names
v2/release/review-packets/D-D12-1f614233/bom/NOT_FOR_FAB-parts-identity.csv	95b503c00cd6d0aaac3112595f6d5a5a10613753	14963	superseded-packet	SUPERSEDED per v2/release/review-packets/README.md (D by 458b2873, P by d90f30e4); a review of that board uses the packet or record the README names
v2/release/review-packets/D-D12-1f614233/bom/NOT_FOR_FAB-pcb-d-aprs-bom.csv	8e0dd1a9a0f338f03109726543b65177ee32b2c3	8098	superseded-packet	SUPERSEDED per v2/release/review-packets/README.md (D by 458b2873, P by d90f30e4); a review of that board uses the packet or record the README names
v2/release/review-packets/D-D12-1f614233/bom/parts-identity.json	eee116eb9dcf201bd8d959f75a99efd2ad01c92c	47312	superseded-packet	SUPERSEDED per v2/release/review-packets/README.md (D by 458b2873, P by d90f30e4); a review of that board uses the packet or record the README names
v2/release/review-packets/D-D12-1f614233/bom/sources-coverage.json	7d6091de24b982fc55f671b8118620d8f332b069	1095	superseded-packet	SUPERSEDED per v2/release/review-packets/README.md (D by 458b2873, P by d90f30e4); a review of that board uses the packet or record the README names
v2/release/review-packets/D-D12-1f614233/changes/attribution-read-by-hand.yaml	34ea168f83f3b9d4750413c4ea3ae8da0c1b22ff	4942	superseded-packet	SUPERSEDED per v2/release/review-packets/README.md (D by 458b2873, P by d90f30e4); a review of that board uses the packet or record the README names
v2/release/review-packets/D-D12-1f614233/changes/changes.json	b40b3f25a87dd40d4443ee7e90306f38a2512a4e	58908	superseded-packet	SUPERSEDED per v2/release/review-packets/README.md (D by 458b2873, P by d90f30e4); a review of that board uses the packet or record the README names
v2/release/review-packets/D-D12-1f614233/changes/gen_sch_d.diff	d280c52011e55c3351029a8ddbe32d8f98b99749	52258	superseded-packet	SUPERSEDED per v2/release/review-packets/README.md (D by 458b2873, P by d90f30e4); a review of that board uses the packet or record the README names
v2/release/review-packets/D-D12-1f614233/changes/prev-82dd1e4d-gen_sch_d.py	bc9bc0a3163e9210fc36e2d2ea0cb0bb71111b78	46932	superseded-packet	SUPERSEDED per v2/release/review-packets/README.md (D by 458b2873, P by d90f30e4); a review of that board uses the packet or record the README names
v2/release/review-packets/D-D12-1f614233/changes/prev-82dd1e4d.net	87168e71e88c7027f33c195b52dd8bd5ab17a8fd	230595	superseded-packet	SUPERSEDED per v2/release/review-packets/README.md (D by 458b2873, P by d90f30e4); a review of that board uses the packet or record the README names
v2/release/review-packets/D-D12-1f614233/contracts/check_contracts.log	d291516dc9e900d909afbabb623ffcd75e6fe5b4	5333	superseded-packet	SUPERSEDED per v2/release/review-packets/README.md (D by 458b2873, P by d90f30e4); a review of that board uses the packet or record the README names
v2/release/review-packets/D-D12-1f614233/contracts/contracts.json	cf912df08d510be1bff82457c5a57a40e8dbc240	5285	superseded-packet	SUPERSEDED per v2/release/review-packets/README.md (D by 458b2873, P by d90f30e4); a review of that board uses the packet or record the README names
v2/release/review-packets/D-D12-1f614233/interfaces/interfaces.json	ed03e76549814d66ff407a61dbeec456daa644dd	1032	superseded-packet	SUPERSEDED per v2/release/review-packets/README.md (D by 458b2873, P by d90f30e4); a review of that board uses the packet or record the README names
v2/release/review-packets/D-D12-1f614233/native/boards-d.json	0e9dadf7e2b57a251cef66fa8e62a826e8ccab27	86337	superseded-packet	SUPERSEDED per v2/release/review-packets/README.md (D by 458b2873, P by d90f30e4); a review of that board uses the packet or record the README names
v2/release/review-packets/D-D12-1f614233/native/fp-lib-table	fd7c68e15545a10459df09195a3bfa1e9283c3f5	162	superseded-packet	SUPERSEDED per v2/release/review-packets/README.md (D by 458b2873, P by d90f30e4); a review of that board uses the packet or record the README names
v2/release/review-packets/D-D12-1f614233/native/gen_sch_d.py	cffdde50fc023fe3c3143ff51c25beb9962fcb04	72335	superseded-packet	SUPERSEDED per v2/release/review-packets/README.md (D by 458b2873, P by d90f30e4); a review of that board uses the packet or record the README names
v2/release/review-packets/D-D12-1f614233/native/meshsat.pretty/IDC-Header_2x08_P2.54mm_Vertical_NarrowPad.kicad_mod	61bab0e2646b1b9fb02fc128aa4b1ecf43ddd54f	6424	superseded-packet	SUPERSEDED per v2/release/review-packets/README.md (D by 458b2873, P by d90f30e4); a review of that board uses the packet or record the README names
v2/release/review-packets/D-D12-1f614233/native/meshsat.pretty/NiceRF_SA868.kicad_mod	6d18850bc11de25f1365987feabbbe144f7b6d34	3060	superseded-packet	SUPERSEDED per v2/release/review-packets/README.md (D by 458b2873, P by d90f30e4); a review of that board uses the packet or record the README names
v2/release/review-packets/D-D12-1f614233/native/netlist/pcb-d-aprs-intent.json	7ef57be9be9363d8f75e71d5642f273e15fbf911	9368	superseded-packet	SUPERSEDED per v2/release/review-packets/README.md (D by 458b2873, P by d90f30e4); a review of that board uses the packet or record the README names
v2/release/review-packets/D-D12-1f614233/native/netlist/pcb-d-aprs.net	e1217112f725ea0b066582371777039b11d0c200	238859	superseded-packet	SUPERSEDED per v2/release/review-packets/README.md (D by 458b2873, P by d90f30e4); a review of that board uses the packet or record the README names
v2/release/review-packets/D-D12-1f614233/native/netlist/pcb-d-aprs.net.prov.json	e30afb7875a14b05d83f1a75d0fce6ddd093482b	8498	superseded-packet	SUPERSEDED per v2/release/review-packets/README.md (D by 458b2873, P by d90f30e4); a review of that board uses the packet or record the README names
v2/release/review-packets/D-D12-1f614233/native/pcb-d-aprs.kicad_pro	0c4bac082ed9497fdddcea2d6949e894f67e821f	12369	superseded-packet	SUPERSEDED per v2/release/review-packets/README.md (D by 458b2873, P by d90f30e4); a review of that board uses the packet or record the README names
v2/release/review-packets/D-D12-1f614233/native/pcb-d-aprs.kicad_sch	63e125d0e37541b2f0a7258f88894291487d30f7	731558	superseded-packet	SUPERSEDED per v2/release/review-packets/README.md (D by 458b2873, P by d90f30e4); a review of that board uses the packet or record the README names
v2/release/review-packets/D-D12-1f614233/open/holds-and-decisions.json	fde6bf6062589b9365ffb6de34fe7f0611ab8743	1516	superseded-packet	SUPERSEDED per v2/release/review-packets/README.md (D by 458b2873, P by d90f30e4); a review of that board uses the packet or record the README names
v2/release/review-packets/D-D12-1f614233/schematic/pcb-d-aprs-erc.json	2aa57a7b656d2943a58b07499a500913981f43f4	246180	superseded-packet	SUPERSEDED per v2/release/review-packets/README.md (D by 458b2873, P by d90f30e4); a review of that board uses the packet or record the README names
v2/release/review-packets/D-D12-1f614233/schematic/pcb-d-aprs-schematic-sheet.pdf	caac58a0a6bc1c92170ba3c8b5e2138614a76372	1260728	superseded-packet	SUPERSEDED per v2/release/review-packets/README.md (D by 458b2873, P by d90f30e4); a review of that board uses the packet or record the README names
v2/release/review-packets/D-D12-1f614233/schematic/pcb-d-aprs-schematic.pdf	6f54b1e509b404edbcd421d81e885823f5e23d12	779794	superseded-packet	SUPERSEDED per v2/release/review-packets/README.md (D by 458b2873, P by d90f30e4); a review of that board uses the packet or record the README names
v2/release/review-packets/E-E17-1f614233/MANIFEST.json	883b2f90618d7d9d53e564df58fc412887ebd245	12418	packet-to-rebuild	built at 1f614233 with a SOURCES.yaml part map that has changed since; v2/release/review-packets/README.md says it is 'rebuilt before it is sent', and the handover carries the current schematic exports in v2/release/handover/_generated instead
v2/release/review-packets/E-E17-1f614233/README.md	6772c7515fbd0c8ba53c5f9501e4e45ebd7fcb7f	22220	packet-to-rebuild	built at 1f614233 with a SOURCES.yaml part map that has changed since; v2/release/review-packets/README.md says it is 'rebuilt before it is sent', and the handover carries the current schematic exports in v2/release/handover/_generated instead
v2/release/review-packets/E-E17-1f614233/SHA256SUMS	e7931060aa14c2f86b750c442a7e38898f241749	2831	packet-to-rebuild	built at 1f614233 with a SOURCES.yaml part map that has changed since; v2/release/review-packets/README.md says it is 'rebuilt before it is sent', and the handover carries the current schematic exports in v2/release/handover/_generated instead
v2/release/review-packets/E-E17-1f614233/bom/NOT_FOR_FAB-parts-identity.csv	c79b687aab474d78915f31aacb381c2677e6f880	17177	packet-to-rebuild	built at 1f614233 with a SOURCES.yaml part map that has changed since; v2/release/review-packets/README.md says it is 'rebuilt before it is sent', and the handover carries the current schematic exports in v2/release/handover/_generated instead
v2/release/review-packets/E-E17-1f614233/bom/NOT_FOR_FAB-pcb-e1-dock-bom.csv	62b31aea1d660ecbd0b65b7e8b92c70e8d1a5e13	10959	packet-to-rebuild	built at 1f614233 with a SOURCES.yaml part map that has changed since; v2/release/review-packets/README.md says it is 'rebuilt before it is sent', and the handover carries the current schematic exports in v2/release/handover/_generated instead
v2/release/review-packets/E-E17-1f614233/bom/parts-identity.json	7aa0df4d2017b3e8aafcba522cd48b0f19ababc6	51887	packet-to-rebuild	built at 1f614233 with a SOURCES.yaml part map that has changed since; v2/release/review-packets/README.md says it is 'rebuilt before it is sent', and the handover carries the current schematic exports in v2/release/handover/_generated instead
v2/release/review-packets/E-E17-1f614233/bom/sources-coverage.json	77c42777a1fa32f4930b837ce28b805838d86edb	994	packet-to-rebuild	built at 1f614233 with a SOURCES.yaml part map that has changed since; v2/release/review-packets/README.md says it is 'rebuilt before it is sent', and the handover carries the current schematic exports in v2/release/handover/_generated instead
v2/release/review-packets/E-E17-1f614233/changes/attribution-read-by-hand.yaml	603db4e16fda38c88cd3588c5784f5c93d94083e	4912	packet-to-rebuild	built at 1f614233 with a SOURCES.yaml part map that has changed since; v2/release/review-packets/README.md says it is 'rebuilt before it is sent', and the handover carries the current schematic exports in v2/release/handover/_generated instead
v2/release/review-packets/E-E17-1f614233/changes/changes.json	9b452a4b36757e069c12462db7cb941f190364f0	76867	packet-to-rebuild	built at 1f614233 with a SOURCES.yaml part map that has changed since; v2/release/review-packets/README.md says it is 'rebuilt before it is sent', and the handover carries the current schematic exports in v2/release/handover/_generated instead
v2/release/review-packets/E-E17-1f614233/changes/gen_sch_e.diff	96c29304e8b695614c0f9bd79b2694ccd0d64ba1	48340	packet-to-rebuild	built at 1f614233 with a SOURCES.yaml part map that has changed since; v2/release/review-packets/README.md says it is 'rebuilt before it is sent', and the handover carries the current schematic exports in v2/release/handover/_generated instead
v2/release/review-packets/E-E17-1f614233/changes/prev-82dd1e4d-gen_sch_e.py	2dea0bb0e6391ee18749eafdeb3ed69400e30a17	54899	packet-to-rebuild	built at 1f614233 with a SOURCES.yaml part map that has changed since; v2/release/review-packets/README.md says it is 'rebuilt before it is sent', and the handover carries the current schematic exports in v2/release/handover/_generated instead
v2/release/review-packets/E-E17-1f614233/changes/prev-82dd1e4d.net	9e0377189eccdcfd9ce1a23c79f0d3eebb9d3af7	189827	packet-to-rebuild	built at 1f614233 with a SOURCES.yaml part map that has changed since; v2/release/review-packets/README.md says it is 'rebuilt before it is sent', and the handover carries the current schematic exports in v2/release/handover/_generated instead
v2/release/review-packets/E-E17-1f614233/contracts/check_contracts.log	d291516dc9e900d909afbabb623ffcd75e6fe5b4	5333	packet-to-rebuild	built at 1f614233 with a SOURCES.yaml part map that has changed since; v2/release/review-packets/README.md says it is 'rebuilt before it is sent', and the handover carries the current schematic exports in v2/release/handover/_generated instead
v2/release/review-packets/E-E17-1f614233/contracts/contracts.json	b66450900af0e3959eea2cb25f9de2111bd0ade3	4878	packet-to-rebuild	built at 1f614233 with a SOURCES.yaml part map that has changed since; v2/release/review-packets/README.md says it is 'rebuilt before it is sent', and the handover carries the current schematic exports in v2/release/handover/_generated instead
v2/release/review-packets/E-E17-1f614233/interfaces/interfaces.json	094c958384a1201d28eaf54f1aa4fbd00ee258e1	685	packet-to-rebuild	built at 1f614233 with a SOURCES.yaml part map that has changed since; v2/release/review-packets/README.md says it is 'rebuilt before it is sent', and the handover carries the current schematic exports in v2/release/handover/_generated instead
v2/release/review-packets/E-E17-1f614233/native/boards-e.json	04cbc9fedb36c32841e5a050d71ee18c82374b2d	209941	packet-to-rebuild	built at 1f614233 with a SOURCES.yaml part map that has changed since; v2/release/review-packets/README.md says it is 'rebuilt before it is sent', and the handover carries the current schematic exports in v2/release/handover/_generated instead
v2/release/review-packets/E-E17-1f614233/native/fp-lib-table	fd7c68e15545a10459df09195a3bfa1e9283c3f5	162	packet-to-rebuild	built at 1f614233 with a SOURCES.yaml part map that has changed since; v2/release/review-packets/README.md says it is 'rebuilt before it is sent', and the handover carries the current schematic exports in v2/release/handover/_generated instead
v2/release/review-packets/E-E17-1f614233/native/gen_sch_e.py	7a3e688db1b0b0f16eb2ba0486c68fd5c4472b22	77736	packet-to-rebuild	built at 1f614233 with a SOURCES.yaml part map that has changed since; v2/release/review-packets/README.md says it is 'rebuilt before it is sent', and the handover carries the current schematic exports in v2/release/handover/_generated instead
v2/release/review-packets/E-E17-1f614233/native/meshsat.pretty/PogoTargets_2x6.kicad_mod	0b5028a70be47bd7156e7cd419f0b644f5aeea8d	1663	packet-to-rebuild	built at 1f614233 with a SOURCES.yaml part map that has changed since; v2/release/review-packets/README.md says it is 'rebuilt before it is sent', and the handover carries the current schematic exports in v2/release/handover/_generated instead
v2/release/review-packets/E-E17-1f614233/native/meshsat.pretty/Sensirion_DFN-6-1EP_2.44x2.44mm_P0.8mm_EP1.25x1.7mm.kicad_mod	a48d0518b854182258cc9ee8eac65b0f4be82697	2413	packet-to-rebuild	built at 1f614233 with a SOURCES.yaml part map that has changed since; v2/release/review-packets/README.md says it is 'rebuilt before it is sent', and the handover carries the current schematic exports in v2/release/handover/_generated instead
v2/release/review-packets/E-E17-1f614233/native/meshsat.pretty/SolderPad_8x6.kicad_mod	e54e951880f1177e8d14d774300fc58679397740	644	packet-to-rebuild	built at 1f614233 with a SOURCES.yaml part map that has changed since; v2/release/review-packets/README.md says it is 'rebuilt before it is sent', and the handover carries the current schematic exports in v2/release/handover/_generated instead
v2/release/review-packets/E-E17-1f614233/native/netlist/pcb-e1-dock-intent.json	2da34f3ac6dcc7125ab1265025fb86510895bcf8	13079	packet-to-rebuild	built at 1f614233 with a SOURCES.yaml part map that has changed since; v2/release/review-packets/README.md says it is 'rebuilt before it is sent', and the handover carries the current schematic exports in v2/release/handover/_generated instead
v2/release/review-packets/E-E17-1f614233/native/netlist/pcb-e1-dock.net	68b68a4f44de2b6897d7200727d7ec63089fa7d2	206701	packet-to-rebuild	built at 1f614233 with a SOURCES.yaml part map that has changed since; v2/release/review-packets/README.md says it is 'rebuilt before it is sent', and the handover carries the current schematic exports in v2/release/handover/_generated instead
v2/release/review-packets/E-E17-1f614233/native/netlist/pcb-e1-dock.net.prov.json	df4215bfc1d86de65b5f7a4f5ba233207d9d10ad	8445	packet-to-rebuild	built at 1f614233 with a SOURCES.yaml part map that has changed since; v2/release/review-packets/README.md says it is 'rebuilt before it is sent', and the handover carries the current schematic exports in v2/release/handover/_generated instead
v2/release/review-packets/E-E17-1f614233/native/pcb-e1-dock.kicad_pro	f8887c9ad091f291835895da6a5f3d94ef100563	14131	packet-to-rebuild	built at 1f614233 with a SOURCES.yaml part map that has changed since; v2/release/review-packets/README.md says it is 'rebuilt before it is sent', and the handover carries the current schematic exports in v2/release/handover/_generated instead
v2/release/review-packets/E-E17-1f614233/native/pcb-e1-dock.kicad_sch	277674f440dbddf9b1ddc890ed943936f96749ed	710209	packet-to-rebuild	built at 1f614233 with a SOURCES.yaml part map that has changed since; v2/release/review-packets/README.md says it is 'rebuilt before it is sent', and the handover carries the current schematic exports in v2/release/handover/_generated instead
v2/release/review-packets/E-E17-1f614233/open/holds-and-decisions.json	f8184000e626be079424109313a6c3027220f4ab	2303	packet-to-rebuild	built at 1f614233 with a SOURCES.yaml part map that has changed since; v2/release/review-packets/README.md says it is 'rebuilt before it is sent', and the handover carries the current schematic exports in v2/release/handover/_generated instead
v2/release/review-packets/E-E17-1f614233/schematic/pcb-e1-dock-erc.json	fd68de1768da468f28538b4fbc12756969deebe3	226317	packet-to-rebuild	built at 1f614233 with a SOURCES.yaml part map that has changed since; v2/release/review-packets/README.md says it is 'rebuilt before it is sent', and the handover carries the current schematic exports in v2/release/handover/_generated instead
v2/release/review-packets/E-E17-1f614233/schematic/pcb-e1-dock-schematic-sheet.pdf	6c35e40e4cb50c516b6fea3ff4203705001d529d	1031318	packet-to-rebuild	built at 1f614233 with a SOURCES.yaml part map that has changed since; v2/release/review-packets/README.md says it is 'rebuilt before it is sent', and the handover carries the current schematic exports in v2/release/handover/_generated instead
v2/release/review-packets/E-E17-1f614233/schematic/pcb-e1-dock-schematic.pdf	97ac39f6c47c9c4cfd1d5178dca15a0f330eeafc	628448	packet-to-rebuild	built at 1f614233 with a SOURCES.yaml part map that has changed since; v2/release/review-packets/README.md says it is 'rebuilt before it is sent', and the handover carries the current schematic exports in v2/release/handover/_generated instead
v2/release/review-packets/P-P4-1f614233/MANIFEST.json	6fde9b6de55328d062324130fbf27594a3159eef	11599	superseded-packet	SUPERSEDED per v2/release/review-packets/README.md (D by 458b2873, P by d90f30e4); a review of that board uses the packet or record the README names
v2/release/review-packets/P-P4-1f614233/README.md	59124d9704db18a11afaa2f3b497e461d7f62015	26244	superseded-packet	SUPERSEDED per v2/release/review-packets/README.md (D by 458b2873, P by d90f30e4); a review of that board uses the packet or record the README names
v2/release/review-packets/P-P4-1f614233/SHA256SUMS	73fd0bb2d4432e4968e623021f3c67b67d2dd354	2718	superseded-packet	SUPERSEDED per v2/release/review-packets/README.md (D by 458b2873, P by d90f30e4); a review of that board uses the packet or record the README names
v2/release/review-packets/P-P4-1f614233/bom/NOT_FOR_FAB-parts-identity.csv	138a94fb0fded7127136853c3689e025c96e808f	8707	superseded-packet	SUPERSEDED per v2/release/review-packets/README.md (D by 458b2873, P by d90f30e4); a review of that board uses the packet or record the README names
v2/release/review-packets/P-P4-1f614233/bom/NOT_FOR_FAB-pcb-p-pack-bom.csv	76ab4a417b5fefdb46530f8d4df34d18b18ec075	3470	superseded-packet	SUPERSEDED per v2/release/review-packets/README.md (D by 458b2873, P by d90f30e4); a review of that board uses the packet or record the README names
v2/release/review-packets/P-P4-1f614233/bom/parts-identity.json	b600773b97fa625a3aa2a8f67ba69de26fdd584d	28434	superseded-packet	SUPERSEDED per v2/release/review-packets/README.md (D by 458b2873, P by d90f30e4); a review of that board uses the packet or record the README names
v2/release/review-packets/P-P4-1f614233/bom/sources-coverage.json	8f1033e226bd7daf07a95efbf1717f2df502cc1c	1185	superseded-packet	SUPERSEDED per v2/release/review-packets/README.md (D by 458b2873, P by d90f30e4); a review of that board uses the packet or record the README names
v2/release/review-packets/P-P4-1f614233/changes/attribution-read-by-hand.yaml	37ed82c55267412b0a6f7660092797c46cbaa894	7544	superseded-packet	SUPERSEDED per v2/release/review-packets/README.md (D by 458b2873, P by d90f30e4); a review of that board uses the packet or record the README names
v2/release/review-packets/P-P4-1f614233/changes/changes.json	31c972047e3cf4b754a7eb8eab73164d37a1a596	123512	superseded-packet	SUPERSEDED per v2/release/review-packets/README.md (D by 458b2873, P by d90f30e4); a review of that board uses the packet or record the README names
v2/release/review-packets/P-P4-1f614233/changes/gen_sch_p.diff	33271dbeb0fe111acd38d3da598aad26e7e83146	56584	superseded-packet	SUPERSEDED per v2/release/review-packets/README.md (D by 458b2873, P by d90f30e4); a review of that board uses the packet or record the README names
v2/release/review-packets/P-P4-1f614233/changes/prev-82dd1e4d-gen_sch_p.py	59a2b975aacc9ddd184c3f73b0af98f825808ae6	24356	superseded-packet	SUPERSEDED per v2/release/review-packets/README.md (D by 458b2873, P by d90f30e4); a review of that board uses the packet or record the README names
v2/release/review-packets/P-P4-1f614233/changes/prev-82dd1e4d.net	63441571bb14d7628d612847d6281c56b038cabc	61272	superseded-packet	SUPERSEDED per v2/release/review-packets/README.md (D by 458b2873, P by d90f30e4); a review of that board uses the packet or record the README names
v2/release/review-packets/P-P4-1f614233/contracts/check_contracts.log	a0d18e1145eb236fb74937400f7d0b41bc921d87	6335	superseded-packet	SUPERSEDED per v2/release/review-packets/README.md (D by 458b2873, P by d90f30e4); a review of that board uses the packet or record the README names
v2/release/review-packets/P-P4-1f614233/contracts/contracts.json	6339c651d6de0074f5640c1c52d334542026a202	1152	superseded-packet	SUPERSEDED per v2/release/review-packets/README.md (D by 458b2873, P by d90f30e4); a review of that board uses the packet or record the README names
v2/release/review-packets/P-P4-1f614233/interfaces/interfaces.json	2d17a0fa0a516c5e90eaad10c9be2d526039301d	576	superseded-packet	SUPERSEDED per v2/release/review-packets/README.md (D by 458b2873, P by d90f30e4); a review of that board uses the packet or record the README names
v2/release/review-packets/P-P4-1f614233/native/boards-p.json	9c44d8f8ae7f38d465f7c0cc6978d81e2d72c4a4	52148	superseded-packet	SUPERSEDED per v2/release/review-packets/README.md (D by 458b2873, P by d90f30e4); a review of that board uses the packet or record the README names
v2/release/review-packets/P-P4-1f614233/native/fp-lib-table	fd7c68e15545a10459df09195a3bfa1e9283c3f5	162	superseded-packet	SUPERSEDED per v2/release/review-packets/README.md (D by 458b2873, P by d90f30e4); a review of that board uses the packet or record the README names
v2/release/review-packets/P-P4-1f614233/native/gen_sch_p.py	846f4796817e19d77cd5f38083c67c0086ab8b8d	63506	superseded-packet	SUPERSEDED per v2/release/review-packets/README.md (D by 458b2873, P by d90f30e4); a review of that board uses the packet or record the README names
v2/release/review-packets/P-P4-1f614233/native/meshsat.pretty/Eaton_SCF9550_9.5x5.0mm.kicad_mod	4f84adb6101844e04ee3f091a125c57f5b44112c	3478	superseded-packet	SUPERSEDED per v2/release/review-packets/README.md (D by 458b2873, P by d90f30e4); a review of that board uses the packet or record the README names
v2/release/review-packets/P-P4-1f614233/native/meshsat.pretty/Texas_RSM0032A_VQFN-32-1EP_4x4mm_P0.4mm_EP1.4x1.4mm.kicad_mod	6a7df33f9688c18e02d304cf443cd5ce283333b8	9646	superseded-packet	SUPERSEDED per v2/release/review-packets/README.md (D by 458b2873, P by d90f30e4); a review of that board uses the packet or record the README names
v2/release/review-packets/P-P4-1f614233/native/netlist/pcb-p-pack-intent.json	d1d60f03e21f6f48176b9c71e8918618c9882cab	3729	superseded-packet	SUPERSEDED per v2/release/review-packets/README.md (D by 458b2873, P by d90f30e4); a review of that board uses the packet or record the README names
v2/release/review-packets/P-P4-1f614233/native/netlist/pcb-p-pack.net	d0ed3e5bcd472032920662b5969afa952a3facc9	88395	superseded-packet	SUPERSEDED per v2/release/review-packets/README.md (D by 458b2873, P by d90f30e4); a review of that board uses the packet or record the README names
v2/release/review-packets/P-P4-1f614233/native/netlist/pcb-p-pack.net.prov.json	7cd0c43a18e4ba75d975d7f70f99e43177e5c2b3	8498	superseded-packet	SUPERSEDED per v2/release/review-packets/README.md (D by 458b2873, P by d90f30e4); a review of that board uses the packet or record the README names
v2/release/review-packets/P-P4-1f614233/native/pcb-p-pack.kicad_pro	dae02f3d5e7aecd648bc05622ade27bdaca6600a	11563	superseded-packet	SUPERSEDED per v2/release/review-packets/README.md (D by 458b2873, P by d90f30e4); a review of that board uses the packet or record the README names
v2/release/review-packets/P-P4-1f614233/native/pcb-p-pack.kicad_sch	d1f7e8f31a2bb3aa1c324b9160394d637cef03f4	266177	superseded-packet	SUPERSEDED per v2/release/review-packets/README.md (D by 458b2873, P by d90f30e4); a review of that board uses the packet or record the README names
v2/release/review-packets/P-P4-1f614233/open/holds-and-decisions.json	c4874a659225ef39de3ef9ddc3f321fcb95d9e0d	252	superseded-packet	SUPERSEDED per v2/release/review-packets/README.md (D by 458b2873, P by d90f30e4); a review of that board uses the packet or record the README names
v2/release/review-packets/P-P4-1f614233/schematic/pcb-p-pack-erc.json	cb69089d9ace365d91a8ff0707cf934ccafee4d5	76988	superseded-packet	SUPERSEDED per v2/release/review-packets/README.md (D by 458b2873, P by d90f30e4); a review of that board uses the packet or record the README names
v2/release/review-packets/P-P4-1f614233/schematic/pcb-p-pack-schematic-sheet.pdf	a5dc7852ed62599deed2f74565971ea4fed81e0b	407311	superseded-packet	SUPERSEDED per v2/release/review-packets/README.md (D by 458b2873, P by d90f30e4); a review of that board uses the packet or record the README names
v2/release/review-packets/P-P4-1f614233/schematic/pcb-p-pack-schematic.pdf	a7ef4cb925f1154b53d5d76add345a6a6088aa4c	235245	superseded-packet	SUPERSEDED per v2/release/review-packets/README.md (D by 458b2873, P by d90f30e4); a review of that board uses the packet or record the README names
