path	git_blob_sha	sha256	bytes	group	role
.gitignore	4b2b6df11e89399ec0e797fdc11abd195f639593	5acb74ec8a71d2405f39bb2d56cec59a2b5b51eaa02b21632c49f1a24f4a726f	418	L1 layer 1, vision and product definition	repository overview, licence (CERN-OHL-S-2.0) and ignore rules
CONTINUATION-BRIEF.md	c62e2594ffe85315b2d8a2785dbfb2e5e647b153	99193a0359bbb93ef414836f81cd3b9d3de486436e1221b253db9bf94d7bb6eb	51128	H0 handover pages, the pack spec and the regeneration instructions	handover page, a copy of v2/docs/handover/CONTINUATION-BRIEF.md
ENGINEERING-QUESTIONS.md	8813c6c60e89d0f60f4497baeebe64af7380c4e9	c76042d6c12bf9d9aab584d414b9d283ef99bba0cc516545fb9135cb6a1f68f3	46640	H0 handover pages, the pack spec and the regeneration instructions	handover page, a copy of v2/docs/handover/ENGINEERING-QUESTIONS.md
EXCLUDED.tsv	-	6838f90b49216213de7bfdec3254133963ceeef936beeb4d3738d70082359a3f	852982	meta	generated: the files this snapshot leaves out, and why
LAYER-STATUS.md	7f9e98266d07b6e7b7858bbe5411335a61f3a503	a398a302144b1e196d8179d822dc4e688102fe73890dfcb9ae86af8e589d2026	179725	H0 handover pages, the pack spec and the regeneration instructions	handover page, a copy of v2/docs/handover/LAYER-STATUS.md
LICENSE	0f1092207caa645ff426e0cc40b7eaad69caecb1	253ad3f89603e728abfa60c36fbcaf8225cf55c1eab12725f19fb3d74d647f3a	13419	L1 layer 1, vision and product definition	repository overview, licence (CERN-OHL-S-2.0) and ignore rules
README.md	e2beaf951a2c2df74961dc28712b89083d441560	d33c351f6212d4c95334cbb4b35684bbd403ebbe97b70d2d9ccf7431c8d98a62	12506	L1 layer 1, vision and product definition	repository overview, licence (CERN-OHL-S-2.0) and ignore rules
REFERENCED-SOURCES.tsv	-	925c856424962ce0efd989592a2acaba06f9f30de083ce7b51d48bc5e88a3d7a	183027	meta	generated: maker documents and CAD cited or held but not bundled
REGENERATE.md	653c0456b092c184fd8d0113a5b21495c96b3035	8d19617d77d1119b13fdcaf3884019e6a8f18ab4bc53e0d9f8f294c143f8b854	21004	H0 handover pages, the pack spec and the regeneration instructions	handover page, a copy of v2/docs/handover/REGENERATE.md
SOURCE.txt	-	8326f21f9fa1dd61e1db4a2c2ff2f0ef30142a87754d2e0268472d310c6c199c	4894	meta	generated: the commit, the builder and the tool versions
START-HERE.md	a9b5a9469da2abeebda75daa7f41bb3e934232b5	c9bcfc5c5199c018aa4737c341ec95057f03ffe04a637c6b84daedd7d990a5f8	30015	H0 handover pages, the pack spec and the regeneration instructions	handover page, a copy of v2/docs/handover/START-HERE.md
v2/README.md	b9b772d38f5c7e0b929ee467ded8ad8ed47c6566	6f9b68c398ccd355c830777daaa528f765b87d8c60074ad83ffc4ae583f36d8f	15266	L1 layer 1, vision and product definition	repository overview, licence (CERN-OHL-S-2.0) and ignore rules
v2/cad/battery_module.py	9cf976433337e219cd764cda6662bd38a7ba526d	4319a2f6a1706b5ba1b18c5fcbd02da880f9e3c6fb6c5c52d9479a247b021247	5898	L7 layer 7, mechanical and enclosure	editable parametric CAD (build123d) and the stack height map; the source of the case and module files
v2/cad/face_plate.py	c17c5720ab721c0c3af35a9c6fe5b6835b6c4661	13de5de0af3d07d1bb81c928fe9d71e68c4f98abd1db9536f11636b62d90c34e	11228	L7 layer 7, mechanical and enclosure	editable parametric CAD (build123d) and the stack height map; the source of the case and module files
v2/cad/float_clamp.py	131a9775c84a83caa1c2c888e2912fefc0543553	40e63f6237e1f7a3b4e8bb595cf996e15e6c4c0d9e3ef43e5a4c8d2a09fc5a57	6457	L7 layer 7, mechanical and enclosure	editable parametric CAD (build123d) and the stack height map; the source of the case and module files
v2/cad/lid_bracket_qmx.py	351bb2bee9d5a3ead6d10c80f305a91b04a8ecd5	01c384c793b58766330aa5802bcecfabd5814b8ba1422d9b1785e72f2ad24017	3380	L7 layer 7, mechanical and enclosure	editable parametric CAD (build123d) and the stack height map; the source of the case and module files
v2/cad/pack_4s.py	78d7cdd24cf3e58d0950e70ce4cdb380f4dc6e11	cfa8fed3affab289404c449a015bd1b2ee35dcbc611ee06713ba516883364d53	3906	L7 layer 7, mechanical and enclosure	editable parametric CAD (build123d) and the stack height map; the source of the case and module files
v2/cad/plate_drawing.py	2b992e7cc4835ef846fc05c7f54175ae97a60cb6	7a61a306dfa69a06cf55f5763416758c8ea402abf378c3d459107d893642f33f	9325	L7 layer 7, mechanical and enclosure	editable parametric CAD (build123d) and the stack height map; the source of the case and module files
v2/cad/stack-heightmap.json	b674a48ec7971599b0c8ff0f9c63ca705ef2e9e5	cde86879d4530ff3fc8edebb9e3c36a8e25687400ffde4a06ca0c655a2f3f1df	24237	L7 layer 7, mechanical and enclosure	editable parametric CAD (build123d) and the stack height map; the source of the case and module files
v2/docs/AGENTIC-SYSTEM.md	3fd6e2fefe928d2be168dfeda5c72862ef098bdf	59f78a4776a5d658fbed6d91eaf0714b36d881e131bc37c80bcf2969d8afc186	10929	HIST history: superseded or process records, kept only to trace a ruling; never an authority	history: the design record (every ruling, every audit round) and superseded research and process records; trace a ruling here, never take it as the current state
v2/docs/ARCH-PCB-B-IOHA.md	e3ac955679c957b24d624a471600f094ce982949	26fed4e40e0da078ee37de5a0ee186ef731442bfb97dcd05b3ba4da56cb07a6b	46824	L4 layer 4, system architecture (with the feasibility studies)	system architecture, board B feasibility, grounding strategy, layer-count decisions and the feasibility studies (ZEROIZE, EMCON, failover fabric, power and thermal, decoupling)
v2/docs/ARCHITECTURE.md	46286524800e0262ca3b4525ffcdf5b9debd08b2	bda324a7bf47c5cf4b5954a453483ddf0180df6d5fb27a73f84cefa08ae4044c	157943	L4 layer 4, system architecture (with the feasibility studies)	system architecture, board B feasibility, grounding strategy, layer-count decisions and the feasibility studies (ZEROIZE, EMCON, failover fabric, power and thermal, decoupling)
v2/docs/ASSEMBLY.md	fc9311a799ca416c6996a95784f3cab107f1a73e	30db27eee509212c8716005df9ab752746530e341ccee3e4d6ba2dd181fd1095	51503	L7 layer 7, mechanical and enclosure	case margins and fit study (CASE-MARGINS) and assembly, fasteners and coatings (ASSEMBLY, written for the MESHSAT-830 board phases)
v2/docs/B-FEASIBILITY.md	608b2d0bb5ad4ca7c337a996d6dff4090d15353f	d67a27812b620b0c0a0f1a6ebf26a2ca900b6ce41d58b056a46da3157fa0b39c	90828	L4 layer 4, system architecture (with the feasibility studies)	system architecture, board B feasibility, grounding strategy, layer-count decisions and the feasibility studies (ZEROIZE, EMCON, failover fabric, power and thermal, decoupling)
v2/docs/CASE-MARGINS.md	c8220c14583056381092ac3d2d669b202e1f4046	275a3083db30a7bffaf09fd00677caa4569cb86dc9922e117025490af7fa08be	163411	L7 layer 7, mechanical and enclosure	case margins and fit study (CASE-MARGINS) and assembly, fasteners and coatings (ASSEMBLY, written for the MESHSAT-830 board phases)
v2/docs/CONOPS.md	b68e373966836003c288062c5b15f1f42abaa97b	122c921af6e3de40dcd9fedafb49e7f8c8147cf5a5abb0ed28dba01f2532e6e7	72990	L2 layer 2, concept of operations	concept of operations and the operating envelope
v2/docs/CONTROL-PLANE.md	f0793c912b553aa5c5f7d80e5be1693569e3e7fa	3480a9ba405322eefa7968855e072ce7d7ece9fd674ffbeff6354db3222d7ce7	26338	HIST history: superseded or process records, kept only to trace a ruling; never an authority	history: the design record (every ruling, every audit round) and superseded research and process records; trace a ruling here, never take it as the current state
v2/docs/CURRENT-EVIDENCE.md	ee9b3f24999aa22d236c85fb9c3b6a4a8213beae	685e4c7e49f1f383ab2a298fc21015891548e891dd0b28a086306ce55dd921b0	61674	EV verification results, reviews and records, with the pages that classify them	generated status pages: every reading classified against the current candidate, per board, with the exact remaining blockers
v2/docs/EXECUTION-PLAN.md	6b3d9899c62a4a8c709a0d434e4f2f538d0cd86b	107dfddcf85f34066a3f0768712aaff0b47b2200fab495cddb77ffa1aef2d05c	22392	EV verification results, reviews and records, with the pages that classify them	execution plan, the owner's reviews and prompts, review routes, and the filed records of each work round
v2/docs/GROUNDING-AND-SHIELDS.md	f12867b3cbb330ed30cfb101db47675d95a624a2	8f305cc23551084f05b2410a0ab5664b92cc9761b3a972aeec0b03e6ee0ba312	5995	L4 layer 4, system architecture (with the feasibility studies)	system architecture, board B feasibility, grounding strategy, layer-count decisions and the feasibility studies (ZEROIZE, EMCON, failover fabric, power and thermal, decoupling)
v2/docs/LAYER-DECISIONS-2026-09-11.md	a2413ae44c174db172b552a81033e2c3730f4954	2149ce06635566bbb54ca186cfbed969e9ebbcc5ffaebd13b357cfa6a132dacf	22327	L4 layer 4, system architecture (with the feasibility studies)	system architecture, board B feasibility, grounding strategy, layer-count decisions and the feasibility studies (ZEROIZE, EMCON, failover fabric, power and thermal, decoupling)
v2/docs/MESHSAT-709-geometry-appendix.md	7e7f04ae7142a07b3a48bfc36205a03c5c021272	5e942dd41e9e4ed0753f6c6382418563e9968fe3144144f21883e07786a1cc59	2037896	HIST history: superseded or process records, kept only to trace a ruling; never an authority	history: the design record (every ruling, every audit round) and superseded research and process records; trace a ruling here, never take it as the current state
v2/docs/OPERATING-ENVELOPE.md	3c1b426cc4fb50b98dc355fe990d4799939141d0	89de81a11c52f34afab349adc74d948e824583a15544218cd7b91b83c19f76ca	30360	L2 layer 2, concept of operations	concept of operations and the operating envelope
v2/docs/OWNER-DECISIONS-2026-09-11.md	cf5b05ff8f00b261120672cd3edb44074ed68f86	0726834a1f8bca080721126e97cfd822c1775aabaf1d7c4ecc30a2b554a0109a	217256	HIST history: superseded or process records, kept only to trace a ruling; never an authority	history: the design record (every ruling, every audit round) and superseded research and process records; trace a ruling here, never take it as the current state
v2/docs/OWNER-DECISIONS-OPEN.md	ccc986d453e408999dabd726b67a6d2f410cd175	03342e2a766969ffea17a61b2989ceb9ee07fe4cc94d61e3c973e561333d6d71	42882	L3 layer 3, requirements (with the rule and decision registries)	pages rendered from the decision and rule registries
v2/docs/PAIR-COVERAGE-2026-09-09.md	8dd285aa17a9da26bc62ba0f37c33bcf4ebc0497	f15c95fdea61e7348a900a010a03e01c2e038439e362be8230912e07a47eeb0c	6530	HIST history: superseded or process records, kept only to trace a ruling; never an authority	history: the design record (every ruling, every audit round) and superseded research and process records; trace a ruling here, never take it as the current state
v2/docs/PAIR-PREROUTER-KNOBS.md	792fefa7f800fbe452bf9f3119fafa4f68d7672b	b3f4938d4a44e0ececf66fbccf14c11cf4dfbe02c39dca1dfdda1644747a06ac	13926	HIST history: superseded or process records, kept only to trace a ruling; never an authority	history: the design record (every ruling, every audit round) and superseded research and process records; trace a ruling here, never take it as the current state
v2/docs/PANEL.md	b2f6cbcce3f1b825f8a3bc2302a3697fd8df6252	8eeb152e4d82080c33d40fd3d9352a29dd71f43e7d60343a03075e496d644cc5	32487	L5 layer 5, partitioning and interfaces	board-to-board interfaces, per-board facts and the panel software contract
v2/docs/PCB-BRING-UP.md	6a44ba7860e28ea7983c86dcc21408ef27e49417	b369997fc82173b1b6a7c6343325edd0d5c5163b6f16423a1f9432e8b7e0d983	9536	EV verification results, reviews and records, with the pages that classify them	generated status pages: every reading classified against the current candidate, per board, with the exact remaining blockers
v2/docs/PCB-ETA.md	21d8392987af7183dd142fb0a20ab70004fface6	a1cf5fb2f81cdb534c5e559ff3fd6acd18f9412b75bcde9ed7a2c0fe060fa4ea	5214	EV verification results, reviews and records, with the pages that classify them	generated status pages: every reading classified against the current candidate, per board, with the exact remaining blockers
v2/docs/PCB-GAP-REGISTER.md	7a23e91c62d159ce4b8446ff1939dc1de6024f5f	18ce29280720443f67aad61d4786bb66270067692611479137c2e4f5a89409b6	47312	EV verification results, reviews and records, with the pages that classify them	generated status pages: every reading classified against the current candidate, per board, with the exact remaining blockers
v2/docs/PCB-GOLDEN-RULES.md	5cefbd4657e91776397a4132dd32701525166a5f	43df70e174902bae704634ed3a92fb5de88334e05a20dccd4abbdd632f96b4e0	181468	L3 layer 3, requirements (with the rule and decision registries)	pages rendered from the decision and rule registries
v2/docs/PCB-OPEN-PAIRS.md	dba219761b331faab38d8d53b81534c7d75b4f7a	1d5cbf4afdc207b36b6e289f93f432ecb3c0a2a251fcd129b9a63fac41d6fe08	29108	EV verification results, reviews and records, with the pages that classify them	generated status pages: every reading classified against the current candidate, per board, with the exact remaining blockers
v2/docs/PCB-PROTOTYPE-UNKNOWNS.md	69d9007bca5f199683c9c138d779275c10483979	968b64ce3681921c5743cc7d7c2b6fbe041cd52351ff31b3c3693b30750e8520	2313	EV verification results, reviews and records, with the pages that classify them	generated status pages: every reading classified against the current candidate, per board, with the exact remaining blockers
v2/docs/PCB-ROTATION-CHECKLIST.md	d1ded8cf1af4dc9a13cf976f946fb8c29eea45f8	106f0320387750b6ef7772b90eae18c5dc0ffd4eaf405ff62d94f75fe382c21e	3080	EV verification results, reviews and records, with the pages that classify them	generated status pages: every reading classified against the current candidate, per board, with the exact remaining blockers
v2/docs/PCB-RULE-COVERAGE.md	5a8faabafab264bbfae06f0fdc1bcfaec94822cd	009011610145008acd6b3b82a518173da987dec506ac37634003dc6531e6d074	12257	L3 layer 3, requirements (with the rule and decision registries)	pages rendered from the decision and rule registries
v2/docs/PCB-RULE-STATUS-A.md	446b37846e6b04da550ece28a5f5d44ea9825a17	07650fd1826719b119d047efc3857129a6bf56f50dcf4deef47b90464ed66501	12480	EV verification results, reviews and records, with the pages that classify them	generated status pages: every reading classified against the current candidate, per board, with the exact remaining blockers
v2/docs/PCB-RULE-STATUS-B.md	2651cf407019d22c098b855780bc28866361d945	fa4258c029f76e6b4cb44b2219a12f67097b80627853fc6461ca0c70808f00c2	12539	EV verification results, reviews and records, with the pages that classify them	generated status pages: every reading classified against the current candidate, per board, with the exact remaining blockers
v2/docs/PCB-RULE-STATUS-C.md	83164f73c2233a5c73e5c64da6a56f41eb6b29ef	9f97792965859349891b76906257c3c09d7868651f633d756e354fadf1938109	8141	EV verification results, reviews and records, with the pages that classify them	generated status pages: every reading classified against the current candidate, per board, with the exact remaining blockers
v2/docs/PCB-RULE-STATUS-D.md	7e2f3a6f90f3a16fe429ab196b064a7ddf8a9e17	491999a0512da5909fbf5eed027556f89a3fe59fde20ae3c33d83cab7b3a126d	11015	EV verification results, reviews and records, with the pages that classify them	generated status pages: every reading classified against the current candidate, per board, with the exact remaining blockers
v2/docs/PCB-RULE-STATUS-E.md	44233a25eb3cb3b817ab7398fd22ce1ee39973a9	870e0dc338f2b1835ca3bd43d2b78092d5f97293e62f84ff79daca9b786823c2	11815	EV verification results, reviews and records, with the pages that classify them	generated status pages: every reading classified against the current candidate, per board, with the exact remaining blockers
v2/docs/PCB-RULE-STATUS-E5.md	d42bfdf2214a5ed5455c6e5a383c081b1a8cf17c	7e8bf8cf278a8ff2c50d6a2159ede740d2c105642e5793628bfed6adc5d1f67b	4640	EV verification results, reviews and records, with the pages that classify them	generated status pages: every reading classified against the current candidate, per board, with the exact remaining blockers
v2/docs/PCB-RULE-STATUS-P.md	ee5fa216680a30efe12b05597c59ee3a5e41abee	72367f87337adcaf41655985e131dc61d280d7b75aa591b487847ba4f21d1dfc	8033	EV verification results, reviews and records, with the pages that classify them	generated status pages: every reading classified against the current candidate, per board, with the exact remaining blockers
v2/docs/PRODUCT-BRIEF.md	8686919212f043673f54652a7e938fb7517af59c	e0e92872d1f27b041e112bbec8ddede0bdbec36e6848ea4dfb3ae39a2bd0f655	30174	L1 layer 1, vision and product definition	product purpose, users, prototype scope, exclusions and outcome
v2/docs/RED-TEAM-2026-09-09.md	2135df589e9e87ff30e54687889fa47ae82c8d40	0f00ef483d97af9722aa38cf00f9f302e24d80914b86d78e9e0b63aef867f0be	30358	HIST history: superseded or process records, kept only to trace a ruling; never an authority	history: the design record (every ruling, every audit round) and superseded research and process records; trace a ruling here, never take it as the current state
v2/docs/RED-TEAM-2026-09-15-agentic.md	790150b6c3b01d7a487ed19ea10edb3944896f93	5c61d465a5605bb41354d1fe0dc76524dc89f4e1b70ce7cfd7d35c43135e4beb	22356	HIST history: superseded or process records, kept only to trace a ruling; never an authority	history: the design record (every ruling, every audit round) and superseded research and process records; trace a ruling here, never take it as the current state
v2/docs/RED-TEAM-2026-09-15-round4.md	4a0c32d53f48d9245a2b5f049c5dbecf26b474cf	a319c8b9764f486ffc5d269513f14edc11a0f50f55b78b748e0a98a9ae4a33a8	16703	HIST history: superseded or process records, kept only to trace a ruling; never an authority	history: the design record (every ruling, every audit round) and superseded research and process records; trace a ruling here, never take it as the current state
v2/docs/REQUIREMENTS-TRACE.md	345c9ebd93830fcd31e63aa11941483bf8967334	da549696351b313a54b42ba12f0b2ca4370864f07be4928a74b6faf4eb5c6ead	449223	L3 layer 3, requirements (with the rule and decision registries)	requirements with source, verification stage and method (REQUIREMENTS-TRACE, generated from pcb_requirements.yaml), the qualification test plan, and the V2 specification as of 7 September 2026
v2/docs/ROUTEFLOW-PHASES.md	0fefb6c7c34f1a738bbc6c1fe7c70c063dedf515	4b9d10f6caba636f3dd17d7a451754e1ad9ad5d3a334e018b39ce608e31c73a3	28392	HIST history: superseded or process records, kept only to trace a ruling; never an authority	history: the design record (every ruling, every audit round) and superseded research and process records; trace a ruling here, never take it as the current state
v2/docs/STACKUP-DECISIONS.md	4d7cf241dddecedd38d695b42429406f22454171	f1ce4c8edea8b2dc2aee50a75a3770040e0c973726293f08562a6314fbc9ff96	30046	L9 layer 9, pre-layout design analysis	per-board layout constraint sheets handed to layout, with their calculations, and the stackup decision record
v2/docs/TEST-PLAN.md	eb6722acef12a5e9825d11ace3af1cbfdb9f911d	86742b72d44adce6064e738e4874314bbe9299d283a408e96d1c1f7ffec6aff8	29408	L3 layer 3, requirements (with the rule and decision registries)	requirements with source, verification stage and method (REQUIREMENTS-TRACE, generated from pcb_requirements.yaml), the qualification test plan, and the V2 specification as of 7 September 2026
v2/docs/V2-SPEC.md	1699a25a428f1033f049ebdc288efb0b238e27c3	dd9a92946a8d186fffb05c359cfaa2c62c0df52bf71bc463c5d531e5b44321e5	57239	L3 layer 3, requirements (with the rule and decision registries)	requirements with source, verification stage and method (REQUIREMENTS-TRACE, generated from pcb_requirements.yaml), the qualification test plan, and the V2 specification as of 7 September 2026
v2/docs/diagrams/MANIFEST.json	1241814ca8938071f1117b4245e5abcdcf42d97d	aff6afe3e8becc16516640057f5385951bf4f2302f60323af7a30fe005130594	8533	L4 layer 4, system architecture (with the feasibility studies)	readable renderings (SVG, PDF) of the architecture, power tree, control lines and case drawings, their Mermaid sources, the tools that draw and check them and MANIFEST.json; drawn at e3aedb25, before round 8 (the folder's README states the status)
v2/docs/diagrams/README.md	3e13b5a70def13966fdf241f3237029cadaf20e4	c0ade5c7889b378679a8adb2c92809e5cc65cb7d9bb69e75661904aaa8bc85e1	13843	L4 layer 4, system architecture (with the feasibility studies)	readable renderings (SVG, PDF) of the architecture, power tree, control lines and case drawings, their Mermaid sources, the tools that draw and check them and MANIFEST.json; drawn at e3aedb25, before round 8 (the folder's README states the status)
v2/docs/diagrams/case-drawings.md	1a6dbead1bb42fc1a6f7953721fc32fe831b6e9a	51dddab392a4deb384913edbae7259b3f6983e0f83587d21a5d0a809e799ff86	6794	L4 layer 4, system architecture (with the feasibility studies)	readable renderings (SVG, PDF) of the architecture, power tree, control lines and case drawings, their Mermaid sources, the tools that draw and check them and MANIFEST.json; drawn at e3aedb25, before round 8 (the folder's README states the status)
v2/docs/diagrams/control-lines.md	653ed55b60de6a7d4c2d89e764213e42187a5305	d1f249bd0183bc22f01c0a2cc1a932d4ef27d753cb1a9f436b854f94963b1a7b	17375	L4 layer 4, system architecture (with the feasibility studies)	readable renderings (SVG, PDF) of the architecture, power tree, control lines and case drawings, their Mermaid sources, the tools that draw and check them and MANIFEST.json; drawn at e3aedb25, before round 8 (the folder's README states the status)
v2/docs/diagrams/pdf/arch-2-context.pdf	27014b484dbaee80b506ebb0fd8a208d7ab76034	64d3a7fe4d2652376dd6b4c15044118c36e81c0994a505d9b38a65ebd40c02ad	28675	L4 layer 4, system architecture (with the feasibility studies)	readable renderings (SVG, PDF) of the architecture, power tree, control lines and case drawings, their Mermaid sources, the tools that draw and check them and MANIFEST.json; drawn at e3aedb25, before round 8 (the folder's README states the status)
v2/docs/diagrams/pdf/arch-3-2-board-interconnect.pdf	888b19dbaf138a6d1a3e8e423786588b448453ee	3a1e5ce7dbeb724cf2b04b58bbf13ea17ec3b90cbbb7a2568b9ffe1de4f22dc2	46171	L4 layer 4, system architecture (with the feasibility studies)	readable renderings (SVG, PDF) of the architecture, power tree, control lines and case drawings, their Mermaid sources, the tools that draw and check them and MANIFEST.json; drawn at e3aedb25, before round 8 (the folder's README states the status)
v2/docs/diagrams/pdf/arch-4-1-power-tree.pdf	c6a4a2e2c6723051646621850f3838253969a327	d54588dc29575b6b5976558b3e5a0061aaad3edf116f23cdc86dc1fc87a13632	56212	L4 layer 4, system architecture (with the feasibility studies)	readable renderings (SVG, PDF) of the architecture, power tree, control lines and case drawings, their Mermaid sources, the tools that draw and check them and MANIFEST.json; drawn at e3aedb25, before round 8 (the folder's README states the status)
v2/docs/diagrams/pdf/arch-4-3-power-up.pdf	e77988bdf2825b257bdb0c3c490df17d9e340caf	d061ea4c20751cf50e289431fb9fec7a0380ff09b342a65b71ad6b3bf15a9358	35035	L4 layer 4, system architecture (with the feasibility studies)	readable renderings (SVG, PDF) of the architecture, power tree, control lines and case drawings, their Mermaid sources, the tools that draw and check them and MANIFEST.json; drawn at e3aedb25, before round 8 (the folder's README states the status)
v2/docs/diagrams/pdf/arch-5-5-lanes-and-fabric.pdf	b19db819f53c54b68a0b691c3e7aca080ba46157	5c7aaa9bcc11f797c77ac660f19b05a9eeefc5a9fb8770cdecdb9d911922006b	39043	L4 layer 4, system architecture (with the feasibility studies)	readable renderings (SVG, PDF) of the architecture, power tree, control lines and case drawings, their Mermaid sources, the tools that draw and check them and MANIFEST.json; drawn at e3aedb25, before round 8 (the folder's README states the status)
v2/docs/diagrams/pdf/battery-charger-states.pdf	3b9a56a4a40f45b894ed8ef4f98e36223da62ea3	fed0214e11d020de6a90f88bcbe827be61872e5089eaee9f2b210a9ea38a1038	31115	L4 layer 4, system architecture (with the feasibility studies)	readable renderings (SVG, PDF) of the architecture, power tree, control lines and case drawings, their Mermaid sources, the tools that draw and check them and MANIFEST.json; drawn at e3aedb25, before round 8 (the folder's README states the status)
v2/docs/diagrams/pdf/battery-protection-states.pdf	736b47bfbd50704a48e2a441e4c302d7a7e0633a	5112cd3ca00187a799326e44a38e86a77bfe9f8f283878962d13462141c7c676	35916	L4 layer 4, system architecture (with the feasibility studies)	readable renderings (SVG, PDF) of the architecture, power tree, control lines and case drawings, their Mermaid sources, the tools that draw and check them and MANIFEST.json; drawn at e3aedb25, before round 8 (the folder's README states the status)
v2/docs/diagrams/pdf/case-plan.pdf	947225db0cacbdc8b746038d0c90b284f4d5a31b	d0e34f9143a800a8a6dfb0a32833b511ffa5769aa5f3e20bf2a211e56479824a	23984	L4 layer 4, system architecture (with the feasibility studies)	readable renderings (SVG, PDF) of the architecture, power tree, control lines and case drawings, their Mermaid sources, the tools that draw and check them and MANIFEST.json; drawn at e3aedb25, before round 8 (the folder's README states the status)
v2/docs/diagrams/pdf/case-zstack.pdf	eae42c51abe76aa0ddd8c00def379ad832591db8	4d26c70872eca65371c8afee73b2a1ca5e44cec3147153c2bc048e3a4c49ee50	25992	L4 layer 4, system architecture (with the feasibility studies)	readable renderings (SVG, PDF) of the architecture, power tree, control lines and case drawings, their Mermaid sources, the tools that draw and check them and MANIFEST.json; drawn at e3aedb25, before round 8 (the folder's README states the status)
v2/docs/diagrams/pdf/control-lines.pdf	d4087dfa0b88d7efcd0838a6fd7655960b41a980	e4d4755aa87a44ba8bb61b269193758f73f76062af5968a55d499e2ed4671e40	165294	L4 layer 4, system architecture (with the feasibility studies)	readable renderings (SVG, PDF) of the architecture, power tree, control lines and case drawings, their Mermaid sources, the tools that draw and check them and MANIFEST.json; drawn at e3aedb25, before round 8 (the folder's README states the status)
v2/docs/diagrams/pdf/power-tree.pdf	a62b8a5e6a7cf0a32b6151d2b0afb61893ddb297	52a2b25578691e03cba5945ff594fed35a96e3020b0b8b0fd67dea679dc3dd4d	807673	L4 layer 4, system architecture (with the feasibility studies)	readable renderings (SVG, PDF) of the architecture, power tree, control lines and case drawings, their Mermaid sources, the tools that draw and check them and MANIFEST.json; drawn at e3aedb25, before round 8 (the folder's README states the status)
v2/docs/diagrams/power-tree.md	48502af12ecae1715f839946214c1d097af21f78	9a0bcff01fa494479daccaac05cab1e4444c8c93106e42f7d8d6c776c7161dde	18818	L4 layer 4, system architecture (with the feasibility studies)	readable renderings (SVG, PDF) of the architecture, power tree, control lines and case drawings, their Mermaid sources, the tools that draw and check them and MANIFEST.json; drawn at e3aedb25, before round 8 (the folder's README states the status)
v2/docs/diagrams/src/arch-2-context.mmd	16b756fd5f88154e9afa32bcb71ae837af817d48	9b6f1d5c274f83a3de8b4ab6c0de997c56c258f0d9084545095b3568501f00e4	708	L4 layer 4, system architecture (with the feasibility studies)	readable renderings (SVG, PDF) of the architecture, power tree, control lines and case drawings, their Mermaid sources, the tools that draw and check them and MANIFEST.json; drawn at e3aedb25, before round 8 (the folder's README states the status)
v2/docs/diagrams/src/arch-3-2-board-interconnect.mmd	8e9ff8390a989be8f494922a1c9be1336635422f	7b7b6b1cb15fef00a6a838ec5177798fca54e5656345a91f12ae10cb374ab4b5	1312	L4 layer 4, system architecture (with the feasibility studies)	readable renderings (SVG, PDF) of the architecture, power tree, control lines and case drawings, their Mermaid sources, the tools that draw and check them and MANIFEST.json; drawn at e3aedb25, before round 8 (the folder's README states the status)
v2/docs/diagrams/src/arch-4-1-power-tree.mmd	d43ca526a23c6d1709ffe5defb0914cee9f089af	c248d3d2575b9807014d328c6d446d85bbc4f5ce3a2aaafbe11ce656d897f57b	1948	L4 layer 4, system architecture (with the feasibility studies)	readable renderings (SVG, PDF) of the architecture, power tree, control lines and case drawings, their Mermaid sources, the tools that draw and check them and MANIFEST.json; drawn at e3aedb25, before round 8 (the folder's README states the status)
v2/docs/diagrams/src/arch-4-3-power-up.mmd	bdba36e8b000e72b7695f18637635b68ecda8116	779e456147833ac2645711272c71c7bf156f331c4ea0ac2238ffa5f5ab10b7f5	1064	L4 layer 4, system architecture (with the feasibility studies)	readable renderings (SVG, PDF) of the architecture, power tree, control lines and case drawings, their Mermaid sources, the tools that draw and check them and MANIFEST.json; drawn at e3aedb25, before round 8 (the folder's README states the status)
v2/docs/diagrams/src/arch-5-5-lanes-and-fabric.mmd	d8a9a9cda54a7a81e4ab8bfd1f78273436ce6bb1	330c8a66d1f2b2e261a80be428bc65a1d0bb459497b47f69d8085f83f91578c4	1150	L4 layer 4, system architecture (with the feasibility studies)	readable renderings (SVG, PDF) of the architecture, power tree, control lines and case drawings, their Mermaid sources, the tools that draw and check them and MANIFEST.json; drawn at e3aedb25, before round 8 (the folder's README states the status)
v2/docs/diagrams/src/battery-charger-states.mmd	3718d183ef2516d7276f520bebbb26b982b23e36	d2520cc37132979914f904033daab61538a18e62c4f51bd673bedb914108797b	1004	L4 layer 4, system architecture (with the feasibility studies)	readable renderings (SVG, PDF) of the architecture, power tree, control lines and case drawings, their Mermaid sources, the tools that draw and check them and MANIFEST.json; drawn at e3aedb25, before round 8 (the folder's README states the status)
v2/docs/diagrams/src/battery-protection-states.mmd	8326b7d7f85562996bc0c5b69abd5d9d7ed07b5d	70b3ec0415e9ae767ae89bb529be5f9470be4235eea4cb9c9af71a746f670cd0	1031	L4 layer 4, system architecture (with the feasibility studies)	readable renderings (SVG, PDF) of the architecture, power tree, control lines and case drawings, their Mermaid sources, the tools that draw and check them and MANIFEST.json; drawn at e3aedb25, before round 8 (the folder's README states the status)
v2/docs/diagrams/src/control-lines.mmd	413b19af26232a20be6eccf00c01ecdab01707c5	05787b198d822b8b97a042e1edc02ce98ad10fd16d9975e6c6217882e6c71b99	9340	L4 layer 4, system architecture (with the feasibility studies)	readable renderings (SVG, PDF) of the architecture, power tree, control lines and case drawings, their Mermaid sources, the tools that draw and check them and MANIFEST.json; drawn at e3aedb25, before round 8 (the folder's README states the status)
v2/docs/diagrams/src/power-tree.mmd	5f4904e2ae5e1e5d824f0d7c0f0c3f922921523d	592bd843ae4c51ff95559d7f42467f149c18f26fbaaf513731fe4122a7955040	16032	L4 layer 4, system architecture (with the feasibility studies)	readable renderings (SVG, PDF) of the architecture, power tree, control lines and case drawings, their Mermaid sources, the tools that draw and check them and MANIFEST.json; drawn at e3aedb25, before round 8 (the folder's README states the status)
v2/docs/diagrams/svg/arch-2-context.svg	579618f72900968a72d72d59b4c157ae63f24a02	55c105735bcae6a40dfd3c57733476b6948c969c48d1eb9d11d686854f34fc50	29635	L4 layer 4, system architecture (with the feasibility studies)	readable renderings (SVG, PDF) of the architecture, power tree, control lines and case drawings, their Mermaid sources, the tools that draw and check them and MANIFEST.json; drawn at e3aedb25, before round 8 (the folder's README states the status)
v2/docs/diagrams/svg/arch-3-2-board-interconnect.svg	7f493b1dddf6e4a458ef5d7d22f1f9bb3476eb22	9537f52465da909270e9b988ca23237f52a061c0fc5a928ce8250bf4e19101df	48290	L4 layer 4, system architecture (with the feasibility studies)	readable renderings (SVG, PDF) of the architecture, power tree, control lines and case drawings, their Mermaid sources, the tools that draw and check them and MANIFEST.json; drawn at e3aedb25, before round 8 (the folder's README states the status)
v2/docs/diagrams/svg/arch-4-1-power-tree.svg	2456bad630f8418f5a56ae891f093010fd6e4635	1d97f17a15c3a067710e8f1a0bc1266489a6cf1d18dacb64a68f54c3e6e62196	81922	L4 layer 4, system architecture (with the feasibility studies)	readable renderings (SVG, PDF) of the architecture, power tree, control lines and case drawings, their Mermaid sources, the tools that draw and check them and MANIFEST.json; drawn at e3aedb25, before round 8 (the folder's README states the status)
v2/docs/diagrams/svg/arch-4-3-power-up.svg	020b7f3373e63797e3a0acd415f5612adfaf5f97	b508edfcfb936d0573da56a2978de8e17a767d1df6fb851556e572869fee1836	29641	L4 layer 4, system architecture (with the feasibility studies)	readable renderings (SVG, PDF) of the architecture, power tree, control lines and case drawings, their Mermaid sources, the tools that draw and check them and MANIFEST.json; drawn at e3aedb25, before round 8 (the folder's README states the status)
v2/docs/diagrams/svg/arch-5-5-lanes-and-fabric.svg	3fcaa9079f05980f9c8055933df623d63b9d5ee4	52bdaa241337012b538bec43f5b76294230f12f295037f10c9ce57ecc2a22f0b	57632	L4 layer 4, system architecture (with the feasibility studies)	readable renderings (SVG, PDF) of the architecture, power tree, control lines and case drawings, their Mermaid sources, the tools that draw and check them and MANIFEST.json; drawn at e3aedb25, before round 8 (the folder's README states the status)
v2/docs/diagrams/svg/battery-charger-states.svg	d96dae2ef1a75d673142260f10916c5280a932aa	a1053882a688c76387975af94d6e25f872f8b210ae49a69a091d00d1f2e873ca	34210	L4 layer 4, system architecture (with the feasibility studies)	readable renderings (SVG, PDF) of the architecture, power tree, control lines and case drawings, their Mermaid sources, the tools that draw and check them and MANIFEST.json; drawn at e3aedb25, before round 8 (the folder's README states the status)
v2/docs/diagrams/svg/battery-protection-states.svg	49d5d40265d34b4280e7a66244694b8245efe0bf	bb6a1deaa26080a4fdab0c94ef0cd42b5c715240f0fdf9a0e0d60f409cd5ce65	53553	L4 layer 4, system architecture (with the feasibility studies)	readable renderings (SVG, PDF) of the architecture, power tree, control lines and case drawings, their Mermaid sources, the tools that draw and check them and MANIFEST.json; drawn at e3aedb25, before round 8 (the folder's README states the status)
v2/docs/diagrams/svg/case-plan.svg	e98ace26d666e47a4f1cdff8409751d05c9bf5c2	1c0c3b1e039db4d45820b86c701119397bbf1e51492966cb63e54a1b523d550b	41732	L4 layer 4, system architecture (with the feasibility studies)	readable renderings (SVG, PDF) of the architecture, power tree, control lines and case drawings, their Mermaid sources, the tools that draw and check them and MANIFEST.json; drawn at e3aedb25, before round 8 (the folder's README states the status)
v2/docs/diagrams/svg/case-zstack.svg	da04f2222603ec3cc90c7446694b230830b6576b	a6690721c7fdc4266d24dabd3cb8bb8c7204a91a187a07ede3b5c468ccf82639	55237	L4 layer 4, system architecture (with the feasibility studies)	readable renderings (SVG, PDF) of the architecture, power tree, control lines and case drawings, their Mermaid sources, the tools that draw and check them and MANIFEST.json; drawn at e3aedb25, before round 8 (the folder's README states the status)
v2/docs/diagrams/svg/control-lines.svg	a8de81e1163dd7697ea5b3d9d36ed0737cd44c31	c11c3edfbb791c7969a9936ebf8a9bbce7fb5b7925566fcdb4b2a7d029c6684e	161254	L4 layer 4, system architecture (with the feasibility studies)	readable renderings (SVG, PDF) of the architecture, power tree, control lines and case drawings, their Mermaid sources, the tools that draw and check them and MANIFEST.json; drawn at e3aedb25, before round 8 (the folder's README states the status)
v2/docs/diagrams/svg/power-tree.svg	1b6f6badf1ec9b229f83abbe502f7b1eed55a31d	8dcc51b1b78b44c04f121fc54732103f7f936b84fbcda4ff52b9c77dedf1d06e	3781951	L4 layer 4, system architecture (with the feasibility studies)	readable renderings (SVG, PDF) of the architecture, power tree, control lines and case drawings, their Mermaid sources, the tools that draw and check them and MANIFEST.json; drawn at e3aedb25, before round 8 (the folder's README states the status)
v2/docs/diagrams/tools/build.py	8e84b29a2f6403feff61d78b6844bc0ebf31c6d6	01596ff0243daaf0b12dc607725d965b0e2a993ed4cfe1aa004cfa0fda377dd7	5801	L4 layer 4, system architecture (with the feasibility studies)	readable renderings (SVG, PDF) of the architecture, power tree, control lines and case drawings, their Mermaid sources, the tools that draw and check them and MANIFEST.json; drawn at e3aedb25, before round 8 (the folder's README states the status)
v2/docs/diagrams/tools/case_drawings.py	82d33c175e6880395f53574c359a3cb6a943c0b4	851c5bde0dd258aed66ada61d551f936b37b7a65c64f1d4dc1581e6db519e826	36592	L4 layer 4, system architecture (with the feasibility studies)	readable renderings (SVG, PDF) of the architecture, power tree, control lines and case drawings, their Mermaid sources, the tools that draw and check them and MANIFEST.json; drawn at e3aedb25, before round 8 (the folder's README states the status)
v2/docs/diagrams/tools/control_lines.py	c09e8a635ed794eb6808976e0938a0cb1c99a980	c78082e8e0a7991d3937950ca736d7cefc64fd5e30351a2d7fafd106bed389c7	21113	L4 layer 4, system architecture (with the feasibility studies)	readable renderings (SVG, PDF) of the architecture, power tree, control lines and case drawings, their Mermaid sources, the tools that draw and check them and MANIFEST.json; drawn at e3aedb25, before round 8 (the folder's README states the status)
v2/docs/diagrams/tools/extract_mermaid.py	070b2c5bd32e586c6bbc901674c91a4553dc131e	30ddac24b0d3a9fd9e89c8d420855d64ac47e2942ecf37c46c5ae94ec89c2c70	4068	L4 layer 4, system architecture (with the feasibility studies)	readable renderings (SVG, PDF) of the architecture, power tree, control lines and case drawings, their Mermaid sources, the tools that draw and check them and MANIFEST.json; drawn at e3aedb25, before round 8 (the folder's README states the status)
v2/docs/diagrams/tools/mermaid.json	29190a05238235fc3299932f211b9588c194a620	7899e96fd6eb9cc020cbcd937b507f33ca214425831e46a92dd063ce3118ae75	599	L4 layer 4, system architecture (with the feasibility studies)	readable renderings (SVG, PDF) of the architecture, power tree, control lines and case drawings, their Mermaid sources, the tools that draw and check them and MANIFEST.json; drawn at e3aedb25, before round 8 (the folder's README states the status)
v2/docs/diagrams/tools/netlist.py	758eac3f338f85bebe0731339fef274a43a8c4ba	3d8a22329a239b6500599617e0c8f2e0cec0d910c002cf053ce3c41d7b59de92	7885	L4 layer 4, system architecture (with the feasibility studies)	readable renderings (SVG, PDF) of the architecture, power tree, control lines and case drawings, their Mermaid sources, the tools that draw and check them and MANIFEST.json; drawn at e3aedb25, before round 8 (the folder's README states the status)
v2/docs/diagrams/tools/power_tree.py	f1c19116e2fbb31d6124f88eeb8885b16d26f88d	2623aedb613f791d45027b484d6910db9694e32e98030c4e3495bf982e276459	38342	L4 layer 4, system architecture (with the feasibility studies)	readable renderings (SVG, PDF) of the architecture, power tree, control lines and case drawings, their Mermaid sources, the tools that draw and check them and MANIFEST.json; drawn at e3aedb25, before round 8 (the folder's README states the status)
v2/docs/diagrams/tools/readback.py	bfd24e93a4099ac6d156d285b2b2c7310800dd53	a00c21fc012d4f8ef1a6059fe0fd691db7ecfbb8e38dd854ceae9bbc613e2e55	4017	L4 layer 4, system architecture (with the feasibility studies)	readable renderings (SVG, PDF) of the architecture, power tree, control lines and case drawings, their Mermaid sources, the tools that draw and check them and MANIFEST.json; drawn at e3aedb25, before round 8 (the folder's README states the status)
v2/docs/diagrams/tools/render.sh	421641bb289a315406b6618bbf46bb1870710f37	27aafd7504c7231577a256a97302c60f82218b4ea94f321c9d732e4802a594b5	1541	L4 layer 4, system architecture (with the feasibility studies)	readable renderings (SVG, PDF) of the architecture, power tree, control lines and case drawings, their Mermaid sources, the tools that draw and check them and MANIFEST.json; drawn at e3aedb25, before round 8 (the folder's README states the status)
v2/docs/evidence/COMPATIBILITY.md	d68efce994c8b3ee97287496e90e5187866218e2	91b9051c8735451df2523fb81ebb5212791f3a9c1636e32e1dfe3a5e9a4b7cf7	15688	L6 layer 6, components	part compatibility and wrong-model reconciliation records, and the order-code and footprint research
v2/docs/evidence/INVALIDATED-2026-09-26.md	d699de5fdf05878348024fffa2a6e775ce560185	607d50e611eb9f0f319f5528111d380366024d9249591fbe7e8e095d03916ade	11896	EV verification results, reviews and records, with the pages that classify them	execution plan, the owner's reviews and prompts, review routes, and the filed records of each work round
v2/docs/evidence/WRONG-MODEL-RECONCILIATION.md	d49365467a05a95b9ad76ba612b4364c75b71133	97b1f63aa6ea11f1e436ff046f46bf69563b5b90a9f401e13e2d8dae0bf3a74e	22972	L6 layer 6, components	part compatibility and wrong-model reconciliation records, and the order-code and footprint research
v2/docs/feasibility/DECOUPLING.md	561c92490b9dec6f76c2b40ae75399e719df0962	eb39cbaedf0e4f3b7ac64a94d0cf589f61d12eef231da5e429eb2ce2a0bcbbce	118629	L4 layer 4, system architecture (with the feasibility studies)	system architecture, board B feasibility, grounding strategy, layer-count decisions and the feasibility studies (ZEROIZE, EMCON, failover fabric, power and thermal, decoupling)
v2/docs/feasibility/EMCON.md	cfbd7323a448ef83623b50f3d4c26368e6c7bde2	ced77f66063dfdeaa1808ce9fd9f3d199203038d76cb489fe5a37a438c0652d9	201133	L4 layer 4, system architecture (with the feasibility studies)	system architecture, board B feasibility, grounding strategy, layer-count decisions and the feasibility studies (ZEROIZE, EMCON, failover fabric, power and thermal, decoupling)
v2/docs/feasibility/FAILOVER-FABRIC.md	ed212905ee5a03c765545a2199e7584853ad3ad6	4646ad528ec4b3c6a6c00e5e602f0161a3a96e9ad29744a8ecb356e978479f65	101761	L4 layer 4, system architecture (with the feasibility studies)	system architecture, board B feasibility, grounding strategy, layer-count decisions and the feasibility studies (ZEROIZE, EMCON, failover fabric, power and thermal, decoupling)
v2/docs/feasibility/POWER-THERMAL.md	83918e07020a2efa5a24d52415daf79751783334	465abd3bb9c97416c9a05fb00c5abddfd53cbe950a81eb8ea791df913abe3be9	136647	L4 layer 4, system architecture (with the feasibility studies)	system architecture, board B feasibility, grounding strategy, layer-count decisions and the feasibility studies (ZEROIZE, EMCON, failover fabric, power and thermal, decoupling)
v2/docs/feasibility/ZEROIZE.md	e9c963ea8fbf72c7fecfcde69d1fcadb75c0ae35	e7a7b9d05a0560eda3ef2d5afa0932ac404039a0bc415e8819e598e224b92799	75476	L4 layer 4, system architecture (with the feasibility studies)	system architecture, board B feasibility, grounding strategy, layer-count decisions and the feasibility studies (ZEROIZE, EMCON, failover fabric, power and thermal, decoupling)
v2/docs/feasibility/fab/.gitignore	410b2e65b1e1fe0aa55fcf40bf3d381ec069d313	083a0d7ea94b33a7569c1cd7778b5bafa369fc346c7eb425fb1c1e6de8cb2481	111	L4 layer 4, system architecture (with the feasibility studies)	system architecture, board B feasibility, grounding strategy, layer-count decisions and the feasibility studies (ZEROIZE, EMCON, failover fabric, power and thermal, decoupling)
v2/docs/feasibility/fab/dump.py	fa4f65dec20b8d59aa6ed165815f6686d9d87d65	32bfee8d9fc10f8412fa3d3e47b820015b6dfd5144339fdcf44343f732054c55	520	L4 layer 4, system architecture (with the feasibility studies)	system architecture, board B feasibility, grounding strategy, layer-count decisions and the feasibility studies (ZEROIZE, EMCON, failover fabric, power and thermal, decoupling)
v2/docs/feasibility/fab/fabmap.py	c59b9ce73c173044ce850a71bace89df7f8677cb	5b2bb0cfce37f5e58c7e83609e79269d3b1c86f561f6a6543d4f83bb2695d2f2	13251	L4 layer 4, system architecture (with the feasibility studies)	system architecture, board B feasibility, grounding strategy, layer-count decisions and the feasibility studies (ZEROIZE, EMCON, failover fabric, power and thermal, decoupling)
v2/docs/feasibility/fab/lengths.py	286620136306751aefcc42c65fbe1aa4d18cc3b2	af726f4968da23c538d82c2d318f2af2ee32c7ee1f397685277a09197fab28d7	1943	L4 layer 4, system architecture (with the feasibility studies)	system architecture, board B feasibility, grounding strategy, layer-count decisions and the feasibility studies (ZEROIZE, EMCON, failover fabric, power and thermal, decoupling)
v2/docs/feasibility/fab/netparse.py	c4c9cabe9c6a223547d05ab972affedcc9b5b294	f1ebef1f5868c0c47800089624a3821e942a685e2014be37d818baff5b06d277	2661	L4 layer 4, system architecture (with the feasibility studies)	system architecture, board B feasibility, grounding strategy, layer-count decisions and the feasibility studies (ZEROIZE, EMCON, failover fabric, power and thermal, decoupling)
v2/docs/feasibility/fab/out/SHA256SUMS-scripts.txt	2c4eb166577ad5abe2b607cf2d857dd9959ab62b	0a6b8e0631f39d6cb89a8ee004d57b51c165a19e2a61d93ea532be5b444e7194	853	L4 layer 4, system architecture (with the feasibility studies)	system architecture, board B feasibility, grounding strategy, layer-count decisions and the feasibility studies (ZEROIZE, EMCON, failover fabric, power and thermal, decoupling)
v2/docs/feasibility/fab/out/fabmap-tables.md	9fbfe84d98bb04a6890fe2de2839a78f4c75507c	ba22315d499ddb7b4522e4d7d4a59d24a2b74b5e5e370009cfb8e6b62994971a	62610	L4 layer 4, system architecture (with the feasibility studies)	system architecture, board B feasibility, grounding strategy, layer-count decisions and the feasibility studies (ZEROIZE, EMCON, failover fabric, power and thermal, decoupling)
v2/docs/feasibility/fab/out/fabmap.json	f40014d9438007d3e489b7dec528070c364db902	32ed062f9b04a2583ad027052ca5f8b0c8f35a0fd2958a765787556aac54ee0c	258969	L4 layer 4, system architecture (with the feasibility studies)	system architecture, board B feasibility, grounding strategy, layer-count decisions and the feasibility studies (ZEROIZE, EMCON, failover fabric, power and thermal, decoupling)
v2/docs/feasibility/fab/out/lengths.txt	639c2140493d24f659b6957d120f167d377db935	27b758674f5069033b7dc7e87736ccb577d47b85952fe4a19d8cb32172e6798d	2036	L4 layer 4, system architecture (with the feasibility studies)	system architecture, board B feasibility, grounding strategy, layer-count decisions and the feasibility studies (ZEROIZE, EMCON, failover fabric, power and thermal, decoupling)
v2/docs/feasibility/fab/out/pulldowns-mutations.txt	3e7868289d95ce4c158d7d4c538e08e255f38022	7510bd673640255b44ce2711be8e4e4d630950dab3940c907c07eef09eb42956	658	L4 layer 4, system architecture (with the feasibility studies)	system architecture, board B feasibility, grounding strategy, layer-count decisions and the feasibility studies (ZEROIZE, EMCON, failover fabric, power and thermal, decoupling)
v2/docs/feasibility/fab/out/pulldowns.txt	a79b8036b6c1db2ecafc50be7b1be1a90ee28327	895f8df0cdba1c5fa791f3de10e0500684b5a3d173b13c2a5547de4baca45160	7974	L4 layer 4, system architecture (with the feasibility studies)	system architecture, board B feasibility, grounding strategy, layer-count decisions and the feasibility studies (ZEROIZE, EMCON, failover fabric, power and thermal, decoupling)
v2/docs/feasibility/fab/out/tables.md	9893711fe3694251356f69d3306bcf1e90fca859	fec8b96bc60fb4549771c963fc7dd513d9a583787af4c6710396be4a835fb6fd	33138	L4 layer 4, system architecture (with the feasibility studies)	system architecture, board B feasibility, grounding strategy, layer-count decisions and the feasibility studies (ZEROIZE, EMCON, failover fabric, power and thermal, decoupling)
v2/docs/feasibility/fab/out/voters-b21.txt	42810894a973d316876d801e11e44be8455ab294	26560f43d4a00bdbb44c29f2c274d513f09073ea9651916053d11f990ab078a0	541	L4 layer 4, system architecture (with the feasibility studies)	system architecture, board B feasibility, grounding strategy, layer-count decisions and the feasibility studies (ZEROIZE, EMCON, failover fabric, power and thermal, decoupling)
v2/docs/feasibility/fab/out/voters.txt	42810894a973d316876d801e11e44be8455ab294	26560f43d4a00bdbb44c29f2c274d513f09073ea9651916053d11f990ab078a0	541	L4 layer 4, system architecture (with the feasibility studies)	system architecture, board B feasibility, grounding strategy, layer-count decisions and the feasibility studies (ZEROIZE, EMCON, failover fabric, power and thermal, decoupling)
v2/docs/feasibility/fab/pagefind.py	af2b00ff8cb8d52164d52ad8a4bfd582f64e9b52	a359fbe70c74b7433cadccea3243e198dc0344d64078070ef5d8ea99890a4324	605	L4 layer 4, system architecture (with the feasibility studies)	system architecture, board B feasibility, grounding strategy, layer-count decisions and the feasibility studies (ZEROIZE, EMCON, failover fabric, power and thermal, decoupling)
v2/docs/feasibility/fab/pulldowns.py	bb6b222ae05084a89cdb7bc7b2b90f23e206b2c9	daf6281676cc3833b4a7bbfef8a4ab65e782a70b83489d006294369877cd148d	5350	L4 layer 4, system architecture (with the feasibility studies)	system architecture, board B feasibility, grounding strategy, layer-count decisions and the feasibility studies (ZEROIZE, EMCON, failover fabric, power and thermal, decoupling)
v2/docs/feasibility/fab/pulldowns_mut.py	be7a394c879f16e1bde8dde4ee25c9e2fa6dce39	f4aae148b65b36219ac0e17e361db86be073d9870d02e794a8b2f17daad28975	1150	L4 layer 4, system architecture (with the feasibility studies)	system architecture, board B feasibility, grounding strategy, layer-count decisions and the feasibility studies (ZEROIZE, EMCON, failover fabric, power and thermal, decoupling)
v2/docs/feasibility/fab/questions.txt	dd853aadc53e0a0fd3fd12572c300a35e32be7f5	76a62624902b69b47811dba6babd18087e0884f39fb6d7f4e4a0d3c4f0fec063	1892	L4 layer 4, system architecture (with the feasibility studies)	system architecture, board B feasibility, grounding strategy, layer-count decisions and the feasibility studies (ZEROIZE, EMCON, failover fabric, power and thermal, decoupling)
v2/docs/feasibility/fab/render.py	a8cdc7eda4b1aeda427b2b87779ee671b89dc725	9a1c635356db53efab6136a7690ffa18f2ddc7e2a5fbc270279cc5715dab6691	3218	L4 layer 4, system architecture (with the feasibility studies)	system architecture, board B feasibility, grounding strategy, layer-count decisions and the feasibility studies (ZEROIZE, EMCON, failover fabric, power and thermal, decoupling)
v2/docs/feasibility/fab/tracer.py	7ffa3c0c4253c4be18e0656fa9c7de34732d6315	b624e4f6bcabd52ca285827adc74e615963877ae6e073d37dd11e397f8479905	3151	L4 layer 4, system architecture (with the feasibility studies)	system architecture, board B feasibility, grounding strategy, layer-count decisions and the feasibility studies (ZEROIZE, EMCON, failover fabric, power and thermal, decoupling)
v2/docs/feasibility/fab/voters.py	27f532f6e4ea7179bfc7cfd0d8d29cd594a217ee	8d8f5d855219647c5efd654c5bebf730d41c6703055ffabe4b5bb738b87cc02f	2478	L4 layer 4, system architecture (with the feasibility studies)	system architecture, board B feasibility, grounding strategy, layer-count decisions and the feasibility studies (ZEROIZE, EMCON, failover fabric, power and thermal, decoupling)
v2/docs/handover/CONTINUATION-BRIEF.md	c62e2594ffe85315b2d8a2785dbfb2e5e647b153	99193a0359bbb93ef414836f81cd3b9d3de486436e1221b253db9bf94d7bb6eb	51128	H0 handover pages, the pack spec and the regeneration instructions	handover page, pack specification or regeneration instructions
v2/docs/handover/ENGINEERING-QUESTIONS.md	8813c6c60e89d0f60f4497baeebe64af7380c4e9	c76042d6c12bf9d9aab584d414b9d283ef99bba0cc516545fb9135cb6a1f68f3	46640	H0 handover pages, the pack spec and the regeneration instructions	handover page, pack specification or regeneration instructions
v2/docs/handover/LAYER-STATUS.md	7f9e98266d07b6e7b7858bbe5411335a61f3a503	a398a302144b1e196d8179d822dc4e688102fe73890dfcb9ae86af8e589d2026	179725	H0 handover pages, the pack spec and the regeneration instructions	handover page, pack specification or regeneration instructions
v2/docs/handover/REGENERATE.md	653c0456b092c184fd8d0113a5b21495c96b3035	8d19617d77d1119b13fdcaf3884019e6a8f18ab4bc53e0d9f8f294c143f8b854	21004	H0 handover pages, the pack spec and the regeneration instructions	handover page, pack specification or regeneration instructions
v2/docs/handover/START-HERE.md	a9b5a9469da2abeebda75daa7f41bb3e934232b5	c9bcfc5c5199c018aa4737c341ec95057f03ffe04a637c6b84daedd7d990a5f8	30015	H0 handover pages, the pack spec and the regeneration instructions	handover page, pack specification or regeneration instructions
v2/docs/handover/pack.yaml	947e95dd92ae216712456b76df0a72cd0634bdd1	59f3d962526609de28984f53bc8e2add8ebd61ff7e13198391ce30867dfea127	22200	H0 handover pages, the pack spec and the regeneration instructions	handover page, pack specification or regeneration instructions
v2/docs/layout-constraints/A.md	eb466dfbee8d303c9db48478de112834d14ec540	1364f6d0578cb365b9f01fd4433a9b430edb2cbd8c759cff2eb8064a44302ce5	17309	L9 layer 9, pre-layout design analysis	per-board layout constraint sheets handed to layout, with their calculations, and the stackup decision record
v2/docs/layout-constraints/B.md	38cf9ed81403f869688b460cc2cf0eab079a7e9f	f9753761f14985f99ee2ccc6a266001519d92662c544142c88fecb04b5f11685	16848	L9 layer 9, pre-layout design analysis	per-board layout constraint sheets handed to layout, with their calculations, and the stackup decision record
v2/docs/layout-constraints/C.md	c8c4e269b0a17c6921a565508f252a67b5989615	b97bc89b3f5ad8542c60477ded1761e84d590cfca639e65a8cbe25a237e085b4	8002	L9 layer 9, pre-layout design analysis	per-board layout constraint sheets handed to layout, with their calculations, and the stackup decision record
v2/docs/layout-constraints/D.md	b5426a959121dee4befe3f83ac43e406ab9a1a47	3e405088057b5b403b8dad58d3d5d37440e5d003138ee5eedb10094f9299896d	10294	L9 layer 9, pre-layout design analysis	per-board layout constraint sheets handed to layout, with their calculations, and the stackup decision record
v2/docs/layout-constraints/E.md	40ace9cfe291eca17ae2f2b0f69e092a90aa6c06	dfe045f3e077af795ffa9f36f049e2b6974d5b8b99f8c5f8158ec1fb1e439108	26913	L9 layer 9, pre-layout design analysis	per-board layout constraint sheets handed to layout, with their calculations, and the stackup decision record
v2/docs/layout-constraints/E5.md	ea574875c7df7e4234f53afcbf25bd54ce497a72	21b6098400dac9c5ae7cfa28370683ac78adc0a324c574966532fb776bd7eeee	4373	L9 layer 9, pre-layout design analysis	per-board layout constraint sheets handed to layout, with their calculations, and the stackup decision record
v2/docs/layout-constraints/P.md	6120d37f8aaf480d541641ea3c4f9adff1e193e8	0ba486ae2de2ef6a891ec6d664692f790d7d0c771d521025ede679c7a1b84592	10874	L9 layer 9, pre-layout design analysis	per-board layout constraint sheets handed to layout, with their calculations, and the stackup decision record
v2/docs/layout-constraints/README.md	df9ed6e98f0ada207f2250bde1597a5936de3f83	ab9302edf69f00f46bcc7d1fefe5a72dcfcd195a2ff2d01d09e0d6e3bb6fa401	12052	L9 layer 9, pre-layout design analysis	per-board layout constraint sheets handed to layout, with their calculations, and the stackup decision record
v2/docs/layout-constraints/calc/rail_widths.out	00b29d22d16d0bffc035017e2d385f03af0f2964	1f4780b68009b7c11fc2459eb3ac1f7f0644e0dd11f4d48cf9baa17350348dd7	12151	L9 layer 9, pre-layout design analysis	per-board layout constraint sheets handed to layout, with their calculations, and the stackup decision record
v2/docs/layout-constraints/calc/rail_widths.py	be0cfcf7a884255e5e0fdd68bf5ecbd7415a2e08	ae63002798ead16c1f7e3ecc56516d7bf2621fb4fae032317e7d097e38fb09e6	6731	L9 layer 9, pre-layout design analysis	per-board layout constraint sheets handed to layout, with their calculations, and the stackup decision record
v2/docs/layout-constraints/calc/stack_solves.out	f32fc251c271112088d9a1c0477b137eacd6252b	47c68e2571a51228e3c2c3b2281d0e944b7f5a619867a3e9e62f20457a2d27d9	4538	L9 layer 9, pre-layout design analysis	per-board layout constraint sheets handed to layout, with their calculations, and the stackup decision record
v2/docs/layout-constraints/calc/stack_solves.py	acefe3245b35015d3b0fb75ba34a3a852da5e4d1	7848a0d98dda47e5b69210d1cfabae8422f9326cb1b18d3956442176afe46c88	10051	L9 layer 9, pre-layout design analysis	per-board layout constraint sheets handed to layout, with their calculations, and the stackup decision record
v2/docs/parts/GRADE-CHECK.md	60b81eb56ca26d62b4831012f4a33f48c284afb6	e68bd0bbd89272aa3dd3c52999ae43406ea158a9dcd9f77fcf3a2f43e34a7980	51030	L6 layer 6, components	component records of the layer 6 closer: the supervisor MCU compatibility matrix, procurement constraints and alternatives with dated public stock readings, and the generated grade check of every fitted active part and connector against the envelope
v2/docs/parts/PROCUREMENT.md	88ea60df2553206d465bebe12a291e937e5b599d	878d6774edb9aeb287ca9bf9fb2b525de6dd227a317da768759388e6368a815b	28355	L6 layer 6, components	component records of the layer 6 closer: the supervisor MCU compatibility matrix, procurement constraints and alternatives with dated public stock readings, and the generated grade check of every fitted active part and connector against the envelope
v2/docs/parts/STM32H743-COMPATIBILITY.md	0e1064232f2c982c7f5e9d33d53bc2a441f684d9	67335ea42747e22f6fb12cb579c35bcf718de371060ed95830127aec1df88213	31762	L6 layer 6, components	component records of the layer 6 closer: the supervisor MCU compatibility matrix, procurement constraints and alternatives with dated public stock readings, and the generated grade check of every fitted active part and connector against the envelope
v2/docs/parts/grade-sources.yaml	1076cf866c81f79969104a41e834455b835e480c	436f6616df5197606b38b3ab27e1c1d8c57b143c16f68c714ff2b49aee79f437	72089	L6 layer 6, components	component records of the layer 6 closer: the supervisor MCU compatibility matrix, procurement constraints and alternatives with dated public stock readings, and the generated grade check of every fitted active part and connector against the envelope
v2/docs/parts/grade_check.py	32c46aa9326b228ca63457e6facda16ab2006e71	3569a5fa7f24ec60f7e0ee3d893f105c019f8a02034f401bd8d75a3d85014086	14986	L6 layer 6, components	component records of the layer 6 closer: the supervisor MCU compatibility matrix, procurement constraints and alternatives with dated public stock readings, and the generated grade check of every fitted active part and connector against the envelope
v2/docs/parts/readings/findchips-2026-09-27.json	93368a48a376117fe2486574f16a649e5e3ca1fd	9ae01294ac3df6dab5a79542df87797f40aa3711d6156ef7cd082adfb38e0162	130431	L6 layer 6, components	component records of the layer 6 closer: the supervisor MCU compatibility matrix, procurement constraints and alternatives with dated public stock readings, and the generated grade check of every fitted active part and connector against the envelope
v2/docs/parts/readings/jlc-2026-09-27.json	dd9374c43bd6978df47efcee40b4bebd9c9a8b10	5c5da5bdd9af7bd5fd6b5bdd117213f9e6fe1e6c99fe0e38c892379d6cbce00f	27931	L6 layer 6, components	component records of the layer 6 closer: the supervisor MCU compatibility matrix, procurement constraints and alternatives with dated public stock readings, and the generated grade check of every fitted active part and connector against the envelope
v2/docs/parts/readings/jlc-r8-main-2026-09-27.json	e2d5dec47279a331456ff0779c447577e6b0495f	63c727f1f1ba8eb5921907ec6090f9292d08baf605ceed7fbcb9dbb8b1ae9da6	9131	L6 layer 6, components	component records of the layer 6 closer: the supervisor MCU compatibility matrix, procurement constraints and alternatives with dated public stock readings, and the generated grade check of every fitted active part and connector against the envelope
v2/docs/parts/readings/lcsc-2026-09-27.json	2819e233f46f5784f8bb9bd15325a250cd9d7989	88a6554273f881f55abb067cee1d69f824db1b3704c56e7b715406b5f8fb6279	144931	L6 layer 6, components	component records of the layer 6 closer: the supervisor MCU compatibility matrix, procurement constraints and alternatives with dated public stock readings, and the generated grade check of every fitted active part and connector against the envelope
v2/docs/parts/readings/sheet-temps-2026-09-27.json	afe40add6743b5b10b444ad3788e2d9572eaa902	d9bb4d51e1ffc5c19471f79a8d2b98cfb8393c210edf0692260168ccf9c7e575	76357	L6 layer 6, components	component records of the layer 6 closer: the supervisor MCU compatibility matrix, procurement constraints and alternatives with dated public stock readings, and the generated grade check of every fitted active part and connector against the envelope
v2/docs/records/README.md	a0cfdbb4f57d866f828fbd71ceb7e63563f602e2	43b80aa5b23dce66a3db1ced5d5a716dbea552dc9d1cdf8a501985d6b491f4f1	106057	EV verification results, reviews and records, with the pages that classify them	execution plan, the owner's reviews and prompts, review routes, and the filed records of each work round
v2/docs/records/adj/A01-expander-power-up/netlist_trace.txt	089923a1a9b0b14817417e8d0b021ea77699ca2c	9a3fc6f43d9c9f8813af58ad8538eff64a173af98478ddff6caaad78ae7baf5f	20155	EV verification results, reviews and records, with the pages that classify them	execution plan, the owner's reviews and prompts, review routes, and the filed records of each work round
v2/docs/records/adj/A01-expander-power-up/netq.py	6c2bfebc568d79706e99e9707fd98e31df17a811	30815b19f75664d82ef92c98429fb563419c7fbd41899a3a996f3428d12db7e0	1337	EV verification results, reviews and records, with the pages that classify them	execution plan, the owner's reviews and prompts, review routes, and the filed records of each work round
v2/docs/records/adj/A01-expander-power-up/node_calc.out	51e4c88a9784949961be0a7e56784a7c8aacf561	b8917ceba8281659dc7f74ec368e9bf196d5783f3654c4903136cc2e41a510a5	7034	EV verification results, reviews and records, with the pages that classify them	execution plan, the owner's reviews and prompts, review routes, and the filed records of each work round
v2/docs/records/adj/A01-expander-power-up/node_calc.py	8bccb87362a1d896ee9c81f65b7b883fd756593c	2c993140b1e04d820691e81be19599e1b9f65cdffdb06fff1fdbfaf79c54a920	6737	EV verification results, reviews and records, with the pages that classify them	execution plan, the owner's reviews and prompts, review routes, and the filed records of each work round
v2/docs/records/adj/A01-expander-power-up/sources.txt	a5a21edce8d963e43c282d5fcb99bd004697ee98	30f4bc8216be34dbc9c5b3095cce91c2f6652d0903f7d76224271d883945c2fb	1993	EV verification results, reviews and records, with the pages that classify them	execution plan, the owner's reviews and prompts, review routes, and the filed records of each work round
v2/docs/records/adj/A02-charger-without-host/A02-adjudication.md	49f3ed5b5dcf08131a6f32505d422dadd8f206d8	13c8876afe2b8b9aa64e5d5f18b3212adb9808cd2f752770ecd408540e5ae0f2	17068	EV verification results, reviews and records, with the pages that classify them	execution plan, the owner's reviews and prompts, review routes, and the filed records of each work round
v2/docs/records/adj/A02-charger-without-host/SHA256SUMS	6c495385f31a71d9d1a89e8feeb19480c6eda216	075e34c19d879aa54fb1dcbc9a1264417d054bdd224e5083faeddc0c9aae464f	583	EV verification results, reviews and records, with the pages that classify them	execution plan, the owner's reviews and prompts, review routes, and the filed records of each work round
v2/docs/records/adj/A02-charger-without-host/fetched_at.txt	5f7ee3277341884b1b8e3b69d1471f83294c8f3b	bc8704e68f20f82388a257d5f2e78024657230eab64c9d16b023d6d1249b0b98	21	EV verification results, reviews and records, with the pages that classify them	execution plan, the owner's reviews and prompts, review routes, and the filed records of each work round
v2/docs/records/adj/A02-charger-without-host/strap_calc.out	b19ac839b4336e3f22d3737cdc538c1311a95b9c	9e3aed93a18650a42c5d8c5c05fe16fca3d39678cb30f4216e5c08411cc03133	442	EV verification results, reviews and records, with the pages that classify them	execution plan, the owner's reviews and prompts, review routes, and the filed records of each work round
v2/docs/records/adj/A02-charger-without-host/strap_calc.py	9b35bb3b057e9914e8af556225c3674cc0515f00	18d5b0ad23b28d6e74694c200ce17cce554c7cdf408543ef846a893141c2f620	1174	EV verification results, reviews and records, with the pages that classify them	execution plan, the owner's reviews and prompts, review routes, and the filed records of each work round
v2/docs/records/adj/A03-clamp-orientation/clamp_table.csv	cce34543ed9a6611f6847995548d1c7273891a6f	a22463682ec5fafaccc5ae22a6b87ba1a80a9a9fc7a9acde1e97eaabf4b93171	24650	EV verification results, reviews and records, with the pages that classify them	execution plan, the owner's reviews and prompts, review routes, and the filed records of each work round
v2/docs/records/adj/A03-clamp-orientation/clamp_table.json	fcacf35e8d66844fa7b9f3556ad284ade8828d3a	d2727ee33af83a1ffe41a550edaf963a21da7422cd25a9831ea4aa9e41091fa2	41912	EV verification results, reviews and records, with the pages that classify them	execution plan, the owner's reviews and prompts, review routes, and the filed records of each work round
v2/docs/records/adj/A03-clamp-orientation/drafts/board_diodes.py	83b645d144b3893be484fe84a3cad70888e88791	d4fefac5684028ec47bb7fe2bbb08b2776b4b770e68d247266d9692e6a45fc75	3725	EV verification results, reviews and records, with the pages that classify them	execution plan, the owner's reviews and prompts, review routes, and the filed records of each work round
v2/docs/records/adj/A03-clamp-orientation/drafts/box/kicad9_footprints.txt	3f9b0271a40fbd09d6b2e9e7bc50eb0714318ff3	dc5e06b3afe351d74ee78e07e393e01120b89d44fffd5380706a6674c86b90be	1010	EV verification results, reviews and records, with the pages that classify them	execution plan, the owner's reviews and prompts, review routes, and the filed records of each work round
v2/docs/records/adj/A03-clamp-orientation/drafts/box/kicad9_symbols.txt	6db0af831e5baec3d0b713875eccf54e1ef67287	40a9adaee1428c02c6cb3bc532151603f2d4a568ca8c91e254e30fda58ed3974	1534	EV verification results, reviews and records, with the pages that classify them	execution plan, the owner's reviews and prompts, review routes, and the filed records of each work round
v2/docs/records/adj/A03-clamp-orientation/drafts/box/pcbnew_clamps.json	de41658d7ed53df0ef4399adc4f3e9c1258ba217	5311558996d6b939aba8637b7eadd6272d28268d034ed63ca7bdb40c65b88f64	30814	EV verification results, reviews and records, with the pages that classify them	execution plan, the owner's reviews and prompts, review routes, and the filed records of each work round
v2/docs/records/adj/A03-clamp-orientation/drafts/box/pcbnew_clamps.txt	a4af14c30bb851614bdc287b0384e07127a2a0fa	b8862a9b3da3a4c2012697d817644395c904329980d52688cdfe659260e101ad	5113	EV verification results, reviews and records, with the pages that classify them	execution plan, the owner's reviews and prompts, review routes, and the filed records of each work round
v2/docs/records/adj/A03-clamp-orientation/drafts/box/regen/clone_status_after.txt	e69de29bb2d1d6434b8b29ae775ad8c2e48c5391	e3b0c44298fc1c149afbf4c8996fb92427ae41e4649b934ca495991b7852b855	0	EV verification results, reviews and records, with the pages that classify them	execution plan, the owner's reviews and prompts, review routes, and the filed records of each work round
v2/docs/records/adj/A03-clamp-orientation/drafts/box/regen/gen_sch_a.log	30a77e32cee462ee6fe37802a790d19bcc520c76	6d327903a20ffe733b589f007e9884c0d27c80ed09e4b89772981a2182b794c6	515	EV verification results, reviews and records, with the pages that classify them	execution plan, the owner's reviews and prompts, review routes, and the filed records of each work round
v2/docs/records/adj/A03-clamp-orientation/drafts/box/regen/gen_sch_b.log	8ac8c1127ecaeb4654a987f4020eca02fdac09af	a0860b6859be7cdd45f550c8c233c68c8eee8e9a58bf2f172806f001d50f1a2a	520	EV verification results, reviews and records, with the pages that classify them	execution plan, the owner's reviews and prompts, review routes, and the filed records of each work round
v2/docs/records/adj/A03-clamp-orientation/drafts/box/regen/gen_sch_c.log	64296bf2a05610ebd4f8693556227ea1d7a7af8d	55db5fe0a945ee0c2c817f78dbf36678d46f95e3e9b8a4d8a7bb970374151c4a	513	EV verification results, reviews and records, with the pages that classify them	execution plan, the owner's reviews and prompts, review routes, and the filed records of each work round
v2/docs/records/adj/A03-clamp-orientation/drafts/box/regen/gen_sch_d.log	56b3cf1b8e1892cbc185b4a4c7d7840d5fa8a8e8	3450f8747bcd4413267a00f3716f6b1c1164c906940806f0891d61d53635b5c0	507	EV verification results, reviews and records, with the pages that classify them	execution plan, the owner's reviews and prompts, review routes, and the filed records of each work round
v2/docs/records/adj/A03-clamp-orientation/drafts/box/regen/gen_sch_e.log	f7b0e4dc29833147741a0af66cdfed909cd6181a	21033fa91f133cf57f59edb239f4da8e85fb431e637ea282af59109d20cb6ba9	1920	EV verification results, reviews and records, with the pages that classify them	execution plan, the owner's reviews and prompts, review routes, and the filed records of each work round
v2/docs/records/adj/A03-clamp-orientation/drafts/box/regen/gen_sch_p.log	94e8e9d7484de256b23ad33597c7f50fded13096	49a20c4363c14719910a8697fcae6edb547849a193de64ddacafe57b13da4790	503	EV verification results, reviews and records, with the pages that classify them	execution plan, the owner's reviews and prompts, review routes, and the filed records of each work round
v2/docs/records/adj/A03-clamp-orientation/drafts/box/regen/regen.log	b9f881ade0f6b6952e6a3a67e2d2b02a1b91b85d	2208e9978ab10769c55cd2931e65b98040f2e15856195de2910cad744fe5611c	224	EV verification results, reviews and records, with the pages that classify them	execution plan, the owner's reviews and prompts, review routes, and the filed records of each work round
v2/docs/records/adj/A03-clamp-orientation/drafts/box/regen_clamp_parity.json	72d5c158709004ebe7272e301a23fc4a7979120f	649f91c594ba7914c3636837b8415caaaa4d3850351ccc0c34344676dd880599	1366	EV verification results, reviews and records, with the pages that classify them	execution plan, the owner's reviews and prompts, review routes, and the filed records of each work round
v2/docs/records/adj/A03-clamp-orientation/drafts/boxsrc/libfp.py	fa84a01ac17ba07d72150962dc632b99d189b4ec	1ea72e59a9a78f63adf9143f995f851738b8437f0263d0e2b2a9dfad313bb16d	1187	EV verification results, reviews and records, with the pages that classify them	execution plan, the owner's reviews and prompts, review routes, and the filed records of each work round
v2/docs/records/adj/A03-clamp-orientation/drafts/boxsrc/pcbnew_clamps.py	d8a6261d909001378e4a0dafce23ac51a467f509	31035d49728693bf04787adf2e5829f2e3f89bb296bde3afea5ca76d98ef018c	3379	EV verification results, reviews and records, with the pages that classify them	execution plan, the owner's reviews and prompts, review routes, and the filed records of each work round
v2/docs/records/adj/A03-clamp-orientation/drafts/boxsrc/regen.sh	3beb8f9554cfaf6e84a8fced31a7a1b26bd791f0	54680a695509edf2e0da14db114de82cc7d90dd7d60d806daa39fdd2db207fd9	960	EV verification results, reviews and records, with the pages that classify them	execution plan, the owner's reviews and prompts, review routes, and the filed records of each work round
v2/docs/records/adj/A03-clamp-orientation/drafts/build_table.py	2fc69b10faaeb7b19bb08a79f0e1f8ecb94e4ad6	98bcec6da8b5730a62f18687dc8639ef47d54a92aadb95facbd2cec48dd4a73d	8254	EV verification results, reviews and records, with the pages that classify them	execution plan, the owner's reviews and prompts, review routes, and the filed records of each work round
v2/docs/records/adj/A03-clamp-orientation/drafts/gen_diodes.py	380f00b9c5da6b840234f9079644e9818c51e146	135153e3c8edaa25a8e774e407326c397d039b652972543fe0dfb82c0708d251	1090	EV verification results, reviews and records, with the pages that classify them	execution plan, the owner's reviews and prompts, review routes, and the filed records of each work round
v2/docs/records/adj/A03-clamp-orientation/drafts/lcsc/fetched_at.txt	b3a0567905b55a02aff5bd7e2435f822158663ff	ce55514931fd6bb7bb096d3e98ccf76a65ee30604d7713e0a22fe5cf761188ce	21	EV verification results, reviews and records, with the pages that classify them	execution plan, the owner's reviews and prompts, review routes, and the filed records of each work round
v2/docs/records/adj/A03-clamp-orientation/drafts/lcsc/lcsc_summary.json	9a1252e635a6a065b6fc66881c880c285e867e58	a5ae947aa896d606c97449dbb31acbd670e6848a28055c1eb20d11641ae1de8d	4833	EV verification results, reviews and records, with the pages that classify them	execution plan, the owner's reviews and prompts, review routes, and the filed records of each work round
v2/docs/records/adj/A03-clamp-orientation/drafts/lcsc/pdfs.txt	b66602fc1d2d6703ad8904146e6756d635361791	d80f43952fbbfa6dc906f2b775c3dd10b990363c7a5ca61f224578fe7e68b8b9	1617	EV verification results, reviews and records, with the pages that classify them	execution plan, the owner's reviews and prompts, review routes, and the filed records of each work round
v2/docs/records/adj/A03-clamp-orientation/drafts/net_diodes.py	87207561651c668dd548aa1918e47aea1aca838b	0845a30bf6aff274b419e0a2f68097ab229239707d5a3a8ab76cfc1aa3d71a1a	2107	EV verification results, reviews and records, with the pages that classify them	execution plan, the owner's reviews and prompts, review routes, and the filed records of each work round
v2/docs/records/adj/A03-clamp-orientation/drafts/runner/board_a.json	87e9fae442428cca93c6448f89b0cc234b44eef3	22d121814f51df09cc39cb08595a35165069b9290aa17fe0194138e197f8fe83	3354	EV verification results, reviews and records, with the pages that classify them	execution plan, the owner's reviews and prompts, review routes, and the filed records of each work round
v2/docs/records/adj/A03-clamp-orientation/drafts/runner/board_b.json	bd5012d405aeb11d7729aa9664f7ff8e1106facb	7a10479a4a9529577c73e3d8d70763acf918ae1f5c295034ad4611f3313dbdc2	10527	EV verification results, reviews and records, with the pages that classify them	execution plan, the owner's reviews and prompts, review routes, and the filed records of each work round
v2/docs/records/adj/A03-clamp-orientation/drafts/runner/board_c.json	086e79712f50f2b60aa587c01da06010947af9e5	8477cb27cb8d3168b9de37b509df1d10b377ca813eaf775ad4e2eb5bd7fbe947	6267	EV verification results, reviews and records, with the pages that classify them	execution plan, the owner's reviews and prompts, review routes, and the filed records of each work round
v2/docs/records/adj/A03-clamp-orientation/drafts/runner/board_d.json	5d943cbb544ed9875d410e6ea2c84e94c0161e1a	998eef500bd5109978b1468caeed48d75eb57463fd61e87f5c0c59ee905e63be	2070	EV verification results, reviews and records, with the pages that classify them	execution plan, the owner's reviews and prompts, review routes, and the filed records of each work round
v2/docs/records/adj/A03-clamp-orientation/drafts/runner/board_e.json	2086ae009137fbc431d033a76d1b8fe827d6d893	4ac2582a5b6589869e3f0a5f87e5ba635e455edea3c3ce12d5a9b44bbe6cddcf	5387	EV verification results, reviews and records, with the pages that classify them	execution plan, the owner's reviews and prompts, review routes, and the filed records of each work round
v2/docs/records/adj/A03-clamp-orientation/drafts/runner/board_e5.json	aedcd1db680a30cf3ec892b9e098c2c54348e3ac	495991b736dc60bbafca15e05f72b7deb46ce91eea6cecb0480ca68649d87ad9	100	EV verification results, reviews and records, with the pages that classify them	execution plan, the owner's reviews and prompts, review routes, and the filed records of each work round
v2/docs/records/adj/A03-clamp-orientation/drafts/runner/board_p.json	4f839ab0227af12b13b9e4d6b76735f848256972	e8301176e549ac50f2314c0caf1291eceed836f17b6754c7cfd7bfd0b90494e0	1435	EV verification results, reviews and records, with the pages that classify them	execution plan, the owner's reviews and prompts, review routes, and the filed records of each work round
v2/docs/records/adj/A03-clamp-orientation/drafts/sexp.py	b92e78ee8d349e59b9dad5786f8367c395ef986c	4d34ec27429e582211f340e89fdd61a96312f8f6109d7fb1599ea46bdee32854	877	EV verification results, reviews and records, with the pages that classify them	execution plan, the owner's reviews and prompts, review routes, and the filed records of each work round
v2/docs/records/adj/A04-board-a-hold-criterion/a04_box.sh	f7199c62479ac4413ca4dceb3981e894f67d4b8c	cb73570d768b7d111986297e04896ed75459e29f3b6c4a97642a91a2491f7fa6	1778	EV verification results, reviews and records, with the pages that classify them	execution plan, the owner's reviews and prompts, review routes, and the filed records of each work round
v2/docs/records/adj/A04-board-a-hold-criterion/a04_compare.py	4e5eaa27b7f92c8899bfc4ed4e2d9cb05c72fd38	f2d96069c7b9be0fe14ec79154d1d7080172a41481cd91ae4a924c8db869a224	18584	EV verification results, reviews and records, with the pages that classify them	execution plan, the owner's reviews and prompts, review routes, and the filed records of each work round
v2/docs/records/adj/A04-board-a-hold-criterion/a04_sch002_all.py	b05fe0ab7f217a44d161746a99744af37fdf3325	4929e05bc9860319b6545e054abd9b7d41b6a3eca91592b11010c5441f162056	2940	EV verification results, reviews and records, with the pages that classify them	execution plan, the owner's reviews and prompts, review routes, and the filed records of each work round
v2/docs/records/adj/A04-board-a-hold-criterion/drafts/a04-table.tsv	a16dc493cf7c194eacda6e0b9d37055b879c261a	188c3fdf4a310f965c7f379454f3cae8c3610bff3ce0e78a41ea52a3a972a651	4120	EV verification results, reviews and records, with the pages that classify them	execution plan, the owner's reviews and prompts, review routes, and the filed records of each work round
v2/docs/records/adj/A04-board-a-hold-criterion/drafts/box/run/a04_compare.json	7a4c77c8434cdab605577edeae3eb691e0798bf9	b6c6b0578371ed14a1b34e786193c1c6630acaf56cf81bd7b552485a389c0b82	23129	EV verification results, reviews and records, with the pages that classify them	execution plan, the owner's reviews and prompts, review routes, and the filed records of each work round
v2/docs/records/adj/A04-board-a-hold-criterion/drafts/box/run/a04_compare.txt	b48bf7a35b60c2ce2751487ef2d41f9c2685d28e	7d97c632b376f7d61979a9b0ad9263a90e7d23e6c08c02f4625616030f6efba7	8937	EV verification results, reviews and records, with the pages that classify them	execution plan, the owner's reviews and prompts, review routes, and the filed records of each work round
v2/docs/records/adj/A04-board-a-hold-criterion/drafts/box/run/a04_sch002_all.json	79b29deda3ba4bc991c1138b9b056678a155fcb3	82d685971a0e4c21daf7cfa84845d9ede3ef965d3240530207703bd4dbe8317d	8065	EV verification results, reviews and records, with the pages that classify them	execution plan, the owner's reviews and prompts, review routes, and the filed records of each work round
v2/docs/records/adj/A04-board-a-hold-criterion/drafts/box/run/a04_sch002_all.txt	2b7c724df80ce7961cdc0a5dd93559cd3cced13b	108403ffce0335aa0f0cd59f65c43690c15c7fab470f17e4cdb6e6c0c4e21647	3417	EV verification results, reviews and records, with the pages that classify them	execution plan, the owner's reviews and prompts, review routes, and the filed records of each work round
v2/docs/records/adj/A04-board-a-hold-criterion/drafts/box/run/inputs/pcb-a-power-intent.json	b9ee58d1124c6892eb5ca7850b5c5b08648b9023	abeb227d673b3af39f12b17f6b8f0094412e93ded959a0e9f1321decfb3f51f0	27504	EV verification results, reviews and records, with the pages that classify them	execution plan, the owner's reviews and prompts, review routes, and the filed records of each work round
v2/docs/records/adj/A04-board-a-hold-criterion/drafts/box/run/journal.txt	d8cfd383f4ab32af0614d48402d553a7c26e6ff0	91e56d0609f3d4424a9a853cc89f53b1953e56e989bb81441f7ac5e89f60df9a	14983	EV verification results, reviews and records, with the pages that classify them	execution plan, the owner's reviews and prompts, review routes, and the filed records of each work round
v2/docs/records/adj/A04-board-a-hold-criterion/drafts/box/run/pcb-a-power.board-values-intent.json	b9ee58d1124c6892eb5ca7850b5c5b08648b9023	abeb227d673b3af39f12b17f6b8f0094412e93ded959a0e9f1321decfb3f51f0	27504	EV verification results, reviews and records, with the pages that classify them	execution plan, the owner's reviews and prompts, review routes, and the filed records of each work round
v2/docs/records/adj/A04-board-a-hold-criterion/drafts/box/run/verdicts/cmp001_boardvalues/derate.verdict.json	cf67a0cb9f92b11cfa92cd689ee396a02f03e21c	11021fa072a9e514db57dfb62ee4903c003374a68d1c362f6ac48435ca29a054	1175	EV verification results, reviews and records, with the pages that classify them	execution plan, the owner's reviews and prompts, review routes, and the filed records of each work round
v2/docs/records/adj/A04-board-a-hold-criterion/drafts/box/run/verdicts/cmp001_netlist/derate.verdict.json	de6a940de58446ca836e814cfb86e3bb89ef2fd2	105d4b0fd1a76e2cc9c2c12b0e9ecbb37ee59796696d1f8805e8638873bed7bd	1018	EV verification results, reviews and records, with the pages that classify them	execution plan, the owner's reviews and prompts, review routes, and the filed records of each work round
v2/docs/records/adj/A04-board-a-hold-criterion/drafts/box/run/verdicts/sch002/netlist_board.verdict.json	1eef2c0d9949c99df63407976b10dccf888c7e2d	14738d8fb8806b5a7bf0f519799ff795e83199cba591dd01060faa2279ddc10f	3722	EV verification results, reviews and records, with the pages that classify them	execution plan, the owner's reviews and prompts, review routes, and the filed records of each work round
v2/docs/records/adj/A04-board-a-hold-criterion/drafts/box/run/verdicts/trn001/port_protect.verdict.json	4764e3601d683168d7f27595db29554c51cf7594	995a1b8c529796faf96222bfafa5b7ab5627e6494df5a1999cbf9c58949db450	880	EV verification results, reviews and records, with the pages that classify them	execution plan, the owner's reviews and prompts, review routes, and the filed records of each work round
v2/docs/records/adj/A04-board-a-hold-criterion/drafts/box/run/verdicts/trn001/port_protect_a.verdict.json	8dd82b3d44407baa6deef2a231d7716244a61823	b12498e17e5cbe0431dc31dc597263e93e5bbf6442922cdca47809a5380693f5	959	EV verification results, reviews and records, with the pages that classify them	execution plan, the owner's reviews and prompts, review routes, and the filed records of each work round
v2/docs/records/adj/A05-modes-and-runtime-basis/A05-modes-and-runtime-basis.md	bad9f49bb8a444586fda1730dbe8ff9532540ba4	6d5027f0268ed878db5387566ef4db1966d9cefbfd2368432584eafe322de3c1	20876	EV verification results, reviews and records, with the pages that classify them	execution plan, the owner's reviews and prompts, review routes, and the filed records of each work round
v2/docs/records/adj/A05-modes-and-runtime-basis/a05_results.json	9f6ea0616215f593269856d8c6adea0429d62db2	c96225320deb64634c3bb45100b4671470168ad9f0fb3bd16117a117dd9207ee	6806	EV verification results, reviews and records, with the pages that classify them	execution plan, the owner's reviews and prompts, review routes, and the filed records of each work round
v2/docs/records/adj/A05-modes-and-runtime-basis/a05_results.txt	9a1844238f945b3aaf473070bf1305844b7c90cc	23ad3579873cb9077fd5f8ab884bb694f8d901ddb87f605cc0cb2f04a0c90d27	5924	EV verification results, reviews and records, with the pages that classify them	execution plan, the owner's reviews and prompts, review routes, and the filed records of each work round
v2/docs/records/adj/A05-modes-and-runtime-basis/model_a05.py	106266de421b986133ff9fa7b8e25277f9a802d6	4b4fe69a317509d61d848cb496542608ae29b727da750101f8159225f6f85210	8728	EV verification results, reviews and records, with the pages that classify them	execution plan, the owner's reviews and prompts, review routes, and the filed records of each work round
v2/docs/records/adj/A06-pack-geometry/drafts/b21_bcu_over_pockets.txt	bf20479983ac3a38e8d2ba12349b38a9b364663c	29f70fcec74042c0e075e945287287268d9ba63079f8af71a80e5d7c99e42f24	16781	EV verification results, reviews and records, with the pages that classify them	execution plan, the owner's reviews and prompts, review routes, and the filed records of each work round
v2/docs/records/adj/A06-pack-geometry/drafts/b21_fps.json	1b8ae66c19ab758cf5ef4f1c984e20383c4ecee4	5bbecd55fa53b50f72336c5514b7189e8a5a7e90695c4cc26ab0f81df55325e1	479769	EV verification results, reviews and records, with the pages that classify them	execution plan, the owner's reviews and prompts, review routes, and the filed records of each work round
v2/docs/records/adj/A06-pack-geometry/drafts/b21_tht_over_pockets.txt	26940648f39c9829ecfa84ef7154a6ab6d88b494	f5a8ba0e65cdb9648bc87af3d63b97fe2f60f8f1ea6429239d37591340f0d30b	3381	EV verification results, reviews and records, with the pages that classify them	execution plan, the owner's reviews and prompts, review routes, and the filed records of each work round
v2/docs/records/adj/A06-pack-geometry/drafts/b_tht.py	efe84c01751e2bf49d144ca035b8e9f1d0d4702c	80e1cfd19668fd58b1676539e0b814dda177d480c5299b32fc95be4bc711c975	2213	EV verification results, reviews and records, with the pages that classify them	execution plan, the owner's reviews and prompts, review routes, and the filed records of each work round
v2/docs/records/adj/A06-pack-geometry/drafts/b_under.py	fe0d8ae0f5bdd769efd0d45ad515f11ac949e83c	3df183ed0050389f506e66d50d3b560cca80604f03d558b8f75e84d7d67533ac	4258	EV verification results, reviews and records, with the pages that classify them	execution plan, the owner's reviews and prompts, review routes, and the filed records of each work round
v2/docs/records/adj/A06-pack-geometry/drafts/box/pack_fit.out	c61717c81b59581cc15c74f0bd6220735e42b4de	d9f44317f7365bb7e9aa505cdb3006e474710082e587141f335d9233874da803	129549	EV verification results, reviews and records, with the pages that classify them	execution plan, the owner's reviews and prompts, review routes, and the filed records of each work round
v2/docs/records/adj/A06-pack-geometry/drafts/box/pack_fit.py.ran	a50e9df6bc0bb937f8f438354a97966325c94bf5	a2a050dc24c461f207bb0485ef98851f238641f449f30151605042970bccf02c	15224	EV verification results, reviews and records, with the pages that classify them	execution plan, the owner's reviews and prompts, review routes, and the filed records of each work round
v2/docs/records/adj/A06-pack-geometry/drafts/box/sens.out	a623e4a4c2da08ec0337c0cb2390f0b20f725247	cb8cdf3e68bb838841ae13010a30d718181a8fe39323fa416249ab80d19635f8	11162	EV verification results, reviews and records, with the pages that classify them	execution plan, the owner's reviews and prompts, review routes, and the filed records of each work round
v2/docs/records/adj/A06-pack-geometry/drafts/p4_fps.json	60de36247be5a8d9a5ae098769e24f2ccc7cd8d1	f3e5c50987a987f6fe0b4785fb596532fac27452ddc4842bf5f34fdf9aa7cb0d	27748	EV verification results, reviews and records, with the pages that classify them	execution plan, the owner's reviews and prompts, review routes, and the filed records of each work round
v2/docs/records/adj/A06-pack-geometry/drafts/pack_fit.py	a50e9df6bc0bb937f8f438354a97966325c94bf5	a2a050dc24c461f207bb0485ef98851f238641f449f30151605042970bccf02c	15224	EV verification results, reviews and records, with the pages that classify them	execution plan, the owner's reviews and prompts, review routes, and the filed records of each work round
v2/docs/records/adj/A06-pack-geometry/drafts/sens.sh	04a18a2223049b042fd44ab22841a36a10b08a56	5193676b5e281c4d639461876920af9b2c7633ada204fd6fc9ac3febb975b973	492	EV verification results, reviews and records, with the pages that classify them	execution plan, the owner's reviews and prompts, review routes, and the filed records of each work round
v2/docs/records/adj/A07-pack-smbus-lead/drafts/bypass_and_clamp.out	4b7b99c5b7c8e24210a4e40ea30df6b20a32013d	aa484dea58da0a6ff06c31d0e4f18417e6c3e0ea6e4dc809cad11a0ed4961b58	815	EV verification results, reviews and records, with the pages that classify them	execution plan, the owner's reviews and prompts, review routes, and the filed records of each work round
v2/docs/records/adj/A07-pack-smbus-lead/drafts/bypass_and_clamp.py	a016456d1987b9019bd5f9751d06b28ea2914044	d9329588d0cffafa1af1ec217a4e15914186709975465d0904e103d3a778598e	1194	EV verification results, reviews and records, with the pages that classify them	execution plan, the owner's reviews and prompts, review routes, and the filed records of each work round
v2/docs/records/adj/A07-pack-smbus-lead/drafts/fix_sketch.txt	ce08db56e3f8ad44c1b2b39ec4380820eff4321c	8ca2946d547433a8741dcd7c4be33c1221e70866bca6f5254ae07d0fd3bb1c84	1675	EV verification results, reviews and records, with the pages that classify them	execution plan, the owner's reviews and prompts, review routes, and the filed records of each work round
v2/docs/records/adj/A07-pack-smbus-lead/drafts/pinmap.out	e19fc6ae6cb7e07ad10847bf2164653e6804d0f9	e7ebe6ba911fcfafdbe725dbc826f236fa9fdc02a5c3018113bba4d22bf1d3d3	645	EV verification results, reviews and records, with the pages that classify them	execution plan, the owner's reviews and prompts, review routes, and the filed records of each work round
v2/docs/records/adj/A07-pack-smbus-lead/drafts/pinmap.py	6b170a1f8b99634b5a270b3c0650cee47884645b	f50334c700cf56a31f6654df1f4cc7ccf93f16d065dce1161bb077070c775df1	721	EV verification results, reviews and records, with the pages that classify them	execution plan, the owner's reviews and prompts, review routes, and the filed records of each work round
v2/docs/records/adj/A07-pack-smbus-lead/drafts/straight_lead.txt	0951de0fee1edb7b2b05dbf1eb163dfca49fac76	a1cca93078f21e9f4c929344dd700151cba10a4ef0fda93f33591844fcae4034	1358	EV verification results, reviews and records, with the pages that classify them	execution plan, the owner's reviews and prompts, review routes, and the filed records of each work round
v2/docs/records/adj/A08-5g-socket-and-antennas/drafts/SHA256SUMS	a295d0732862446fadfd277de47c2f814f0e47a9	9632ba1e25c4a2771b0ebc88805b9fa227ed8d382aa3b4b445527792c3af3179	3805	EV verification results, reviews and records, with the pages that classify them	execution plan, the owner's reviews and prompts, review routes, and the filed records of each work round
v2/docs/records/adj/A08-5g-socket-and-antennas/drafts/web/SOURCES.txt	5e782b58e5c614a286e8e0ec2d41c128c585add2	f039a88e5799374ed390f4e29ce5a3bf541c0ccbf62574d9ae9e1a1f44e52f09	2099	EV verification results, reviews and records, with the pages that classify them	execution plan, the owner's reviews and prompts, review routes, and the filed records of each work round
v2/docs/records/adj/A08-5g-socket-and-antennas/drafts/web/jlc_query_time.txt	5431f7577b8e7feceae441c43a33b04e0eff86fd	4e370261cb0b538265b5ca0ed3cc78618dd88d2afeb1109f8b0a014cc47ae701	21	EV verification results, reviews and records, with the pages that classify them	execution plan, the owner's reviews and prompts, review routes, and the filed records of each work round
v2/docs/records/adj/A09-rf-x-and-d8-z/drafts/A09-adjudication.md	7a41bd7586ca45eb87c496f8a40dd087b7c77ae0	6f17f8893287c1d5e4e8aaf80fe781252be72eb00a97622bc2f08958b876131d	10142	EV verification results, reviews and records, with the pages that classify them	execution plan, the owner's reviews and prompts, review routes, and the filed records of each work round
v2/docs/records/adj/A09-rf-x-and-d8-z/drafts/box/a09_geom.out	515fddae7fba4d31d8a0bf767579440f1abf5040	1a23b800f3c6f3f79394277e7f577e754f0ab727671a4016af398ccba79b405e	20309	EV verification results, reviews and records, with the pages that classify them	execution plan, the owner's reviews and prompts, review routes, and the filed records of each work round
v2/docs/records/adj/A09-rf-x-and-d8-z/drafts/box/a09_geom.py	c85bb6fba61a28c39c6576b6874c90fd419eaffa	8a051bd26c3fdcac545cf8066f2d97808052eea33c496670af55817c1a403bdf	4121	EV verification results, reviews and records, with the pages that classify them	execution plan, the owner's reviews and prompts, review routes, and the filed records of each work round
v2/docs/records/adj/A09-rf-x-and-d8-z/drafts/tools/fpread.py	2b44bff900c3948b84a7063c8536f97551be311a	4a367c2c9de42ea6806b4a2dffe6d25d90993eeb53a60a3f95d668e95f8c56ab	2048	EV verification results, reviews and records, with the pages that classify them	execution plan, the owner's reviews and prompts, review routes, and the filed records of each work round
v2/docs/records/adj/A09-rf-x-and-d8-z/drafts/tools/underside.py	48298de0b1f7aa9ddd33a3a0bf53d9336b899338	f02ac8cb7fb0c34f1653a485e818e5b20666da6afed13f2b46f2b71ad8082355	1389	EV verification results, reviews and records, with the pages that classify them	execution plan, the owner's reviews and prompts, review routes, and the filed records of each work round
v2/docs/records/adj/A10-jlc-stackups/drafts/box/MANIFEST.txt	f33bb93291542082949633309a237f7c70a4aa0c	7b89793a2ca500b897e57dffd4ac747e179a73d371c79722f3056ea2c95aeaed	3441	EV verification results, reviews and records, with the pages that classify them	execution plan, the owner's reviews and prompts, review routes, and the filed records of each work round
v2/docs/records/adj/A10-jlc-stackups/drafts/box/SHA256SUMS	8c4ee0642fe7ade1844b801593963c9b767bebfa	d07a0bee2a3b9143b3576cc2f80d3c08dbf16ce70733ce950ad98dab7acfbf7a	4274	EV verification results, reviews and records, with the pages that classify them	execution plan, the owner's reviews and prompts, review routes, and the filed records of each work round
v2/docs/records/adj/A10-jlc-stackups/drafts/box/api/calc_render.py	617a9c7df43a38dfd337cf1e9913783e11e09cc9	e3ee115178e30778ac0c5cbf14196b3160de6616b5dd2c1f56b81124a6dd9e01	1769	EV verification results, reviews and records, with the pages that classify them	execution plan, the owner's reviews and prompts, review routes, and the filed records of each work round
v2/docs/records/adj/A10-jlc-stackups/drafts/box/api/calc_render_4L6L_1oz_2026-09-25.txt	a6a21d76b20838bf031a422b6c412976f96635ed	0c6f29b05098407b7488080f9837f2bd7aa7512377e764fee7b05a9d78ff513d	23129	EV verification results, reviews and records, with the pages that classify them	execution plan, the owner's reviews and prompts, review routes, and the filed records of each work round
v2/docs/records/adj/A10-jlc-stackups/drafts/box/api/calc_render_4L_2oz_2026-09-25.txt	47b74179dbd7ca259fe4476893dc0eed7f73a9f0	ab1e468616206905bb57d8fb39a2ba2d535fe990763558cb3a160434b8cf3ef2	11822	EV verification results, reviews and records, with the pages that classify them	execution plan, the owner's reviews and prompts, review routes, and the filed records of each work round
v2/docs/records/adj/A10-jlc-stackups/drafts/box/api/calc_render_8L_2026-09-25.txt	64b29dfef25c0b3cf46375fd56ceefe9c2641fbd	15787274d2932678daf56ae6e07495bb79d31e66f19c90cf9a73df06adaaf23f	45464	EV verification results, reviews and records, with the pages that classify them	execution plan, the owner's reviews and prompts, review routes, and the filed records of each work round
v2/docs/records/adj/A10-jlc-stackups/drafts/box/api/calc_sweep.py	b21e4f1c76dfeb1cf12e4ae6b094a1d65a5d0d2f	928c142f9d736e644afcd2f365abecd7b6b4a008e6cbe9fe8bacec175f660efa	1709	EV verification results, reviews and records, with the pages that classify them	execution plan, the owner's reviews and prompts, review routes, and the filed records of each work round
v2/docs/records/adj/A10-jlc-stackups/drafts/box/api/html2txt.py	a6acc1be4162b8975312ea1a194b52efa3d05782	064a89ec50d7c0a712773ebb6bace6050e8dbb3c29f0592e617b4357a01d3f95	651	EV verification results, reviews and records, with the pages that classify them	execution plan, the owner's reviews and prompts, review routes, and the filed records of each work round
v2/docs/records/adj/A10-jlc-stackups/drafts/box/api/render.py	4fe31cc74a727214ea8561503859b0d7d4acec7c	3bd986a9a7e6542d6c058954fc795e0ac3cd645c37e454af550c2428c415d079	1642	EV verification results, reviews and records, with the pages that classify them	execution plan, the owner's reviews and prompts, review routes, and the filed records of each work round
v2/docs/records/adj/A10-jlc-stackups/drafts/box/api/render_4L_1.6mm_1oz_2026-09-25.txt	7b17fd5dfdc0bac3b83b8860b1752f4aad79c715	6c31bdf4c7cb1d10a6adcc474c059d85eafcfd85578b7e3513d68cb9825e7aa1	8709	EV verification results, reviews and records, with the pages that classify them	execution plan, the owner's reviews and prompts, review routes, and the filed records of each work round
v2/docs/records/adj/A10-jlc-stackups/drafts/box/api/render_4L_1.6mm_2oz_2026-09-25.txt	ca51164ea0fdf05a9d8ca16703088e271b7e983f	ed5c6011efde7533d1d46f51907f85b743dae252ee0c96b1bde5b23e71b5837b	7868	EV verification results, reviews and records, with the pages that classify them	execution plan, the owner's reviews and prompts, review routes, and the filed records of each work round
v2/docs/records/adj/A10-jlc-stackups/drafts/box/api/render_8L_1.6mm_2026-09-25.txt	86b984af09bbcc2d0818cc23483bef58fcae160c	f8f007bceb1eb4aa517928f12fdd72f6da45423733b0dcddd85ee7872c031d87	29132	EV verification results, reviews and records, with the pages that classify them	execution plan, the owner's reviews and prompts, review routes, and the filed records of each work round
v2/docs/records/adj/A10-jlc-stackups/drafts/box/api/sweep.py	2372b97358e4eeffd9cb48c20f50bc91feada117	2a8aa35b5c8a698268e4dd1653e5a725fa8909630f30bf7119e50a66a978b36a	1258	EV verification results, reviews and records, with the pages that classify them	execution plan, the owner's reviews and prompts, review routes, and the filed records of each work round
v2/docs/records/adj/A10-jlc-stackups/drafts/box/ui/render_impedance.py	c19693336688e98be964fb927679d3b1c0f8cf4b	076133d57a2a7b6d6686b2d5bf0212498a81571be679634a800e76bae1d20fd3	1460	EV verification results, reviews and records, with the pages that classify them	execution plan, the owner's reviews and prompts, review routes, and the filed records of each work round
v2/docs/records/adj/A10-jlc-stackups/drafts/box/ui/render_quote.py	95a656b79dd64ed9d37784495e90c894496e1e07	2b810b9ca900824e09fa5aecca6ca4d5d9d4b209447a852360a9cf13906e76bb	1873	EV verification results, reviews and records, with the pages that classify them	execution plan, the owner's reviews and prompts, review routes, and the filed records of each work round
v2/docs/records/adj/A10-jlc-stackups/drafts/box/ui/render_quote2.py	aa64280cec030804fc0fa6a19edecec72856bf1a	d775c26f5ef41c259391833cf4d1634073ba8912aef49d69a7a5e83bf78a5846	1833	EV verification results, reviews and records, with the pages that classify them	execution plan, the owner's reviews and prompts, review routes, and the filed records of each work round
v2/docs/records/adj/A11-emcon-receive/drafts/a_nets.txt	65bbaaf956b05ad301778aa4424ea61614589921	29f7ffc7a68310b60cbefc17ba9fe416f2e687a1a070c0dad755337cc0cdb57a	3255	EV verification results, reviews and records, with the pages that classify them	execution plan, the owner's reviews and prompts, review routes, and the filed records of each work round
v2/docs/records/adj/A11-emcon-receive/drafts/a_refs.txt	feb9eef46ee3ce836177e539373ea226c50b5e91	dde66c8ded436195a024f7b0e2126476c8949a07e4e40f4324947ae84c933451	1952	EV verification results, reviews and records, with the pages that classify them	execution plan, the owner's reviews and prompts, review routes, and the filed records of each work round
v2/docs/records/adj/A11-emcon-receive/drafts/b_nets_1.txt	46de972c55934ac2bdb0cf8749b22564d2044796	eaa8fc9a743b46eb763b9f2ce2619a61eac3acadb2b1b93ecb2078c24127a238	5651	EV verification results, reviews and records, with the pages that classify them	execution plan, the owner's reviews and prompts, review routes, and the filed records of each work round
v2/docs/records/adj/A11-emcon-receive/drafts/b_nets_2.txt	c7029d0a6dc9df2a82dd1e45e4685d5bacdff9fc	e00ed7a518e61fb4071ee1aa836a0d5ea53865856f42bad3cb552f42a71a1915	4987	EV verification results, reviews and records, with the pages that classify them	execution plan, the owner's reviews and prompts, review routes, and the filed records of each work round
v2/docs/records/adj/A11-emcon-receive/drafts/b_refs.txt	c09c1f0f8fce7f4c44e205e86d0c4ec9227d8959	036fbf625ba1d2291ec8b45a1d36794513584a995a03437ecbfc61cea16dccb7	5668	EV verification results, reviews and records, with the pages that classify them	execution plan, the owner's reviews and prompts, review routes, and the filed records of each work round
v2/docs/records/adj/A11-emcon-receive/drafts/box/a_regen_nets.txt	cc2fffc66204c81bed69eb62d20cab42f05c93a7	0914d24569f600f2be4f44e03a0373db296b92578fc7116835e9a19c60f231df	983	EV verification results, reviews and records, with the pages that classify them	execution plan, the owner's reviews and prompts, review routes, and the filed records of each work round
v2/docs/records/adj/A11-emcon-receive/drafts/box/b_regen_nets.txt	a717bf2f2f1f23a5efe849de8af1f54c7b0b3fc7	2acc36574d1f71e8f48944b7825ecfe21e13d15053c0ee22ddddc69e38fe1f3b	3858	EV verification results, reviews and records, with the pages that classify them	execution plan, the owner's reviews and prompts, review routes, and the filed records of each work round
v2/docs/records/adj/A11-emcon-receive/drafts/box/d_regen_nets.txt	504286f1ca98c0b65355da3ce2bfa5a45c40640f	9c88208283d0dcd8f77f6d480a158c943860cec6bb1d516388bce591cace4a4d	1226	EV verification results, reviews and records, with the pages that classify them	execution plan, the owner's reviews and prompts, review routes, and the filed records of each work round
v2/docs/records/adj/A11-emcon-receive/drafts/box/regen_parity.sh	0e170177f7b5913c359653df6a12ba72268c7a48	aef273cfbb514e6c93559b92265e6f8da62120617e29e800c973ddde5bfb65eb	2048	EV verification results, reviews and records, with the pages that classify them	execution plan, the owner's reviews and prompts, review routes, and the filed records of each work round
v2/docs/records/adj/A11-emcon-receive/drafts/box/summary.txt	7213d386f405d17e2741e1674a28479b8fded376	7f20445cf6993218f3a704be86fd5475e59087fc7810fbdf48891293e028ca01	394	EV verification results, reviews and records, with the pages that classify them	execution plan, the owner's reviews and prompts, review routes, and the filed records of each work round
v2/docs/records/adj/A11-emcon-receive/drafts/c_nets.txt	0e3ccff83976ae45fea57850587b01851d255675	92d494e5535c2cdeb5f96faf43f20ae71ddef680d77b506c11c2dddd9081b00c	950	EV verification results, reviews and records, with the pages that classify them	execution plan, the owner's reviews and prompts, review routes, and the filed records of each work round
v2/docs/records/adj/A11-emcon-receive/drafts/d_nets.txt	433d428a484dc5b5887910e4cebcf46212527bfb	483a524b3fcfbdb8f3c211c50acff684829f69d366f44c59317aed19f7976550	3035	EV verification results, reviews and records, with the pages that classify them	execution plan, the owner's reviews and prompts, review routes, and the filed records of each work round
v2/docs/records/adj/A11-emcon-receive/drafts/d_refs.txt	89865b3916c10a4e8ca43526766a0aed773b813c	0bd80bf48c7fd9bc5aec8cb94532a677b6b3b30834fd6f65fd0ccf1227f4079a	1952	EV verification results, reviews and records, with the pages that classify them	execution plan, the owner's reviews and prompts, review routes, and the filed records of each work round
v2/docs/records/adj/A11-emcon-receive/drafts/netdump.py	83ea328c9207007b78886935b559a9501120ad10	eedd50ce04d88dbe354621fb48561785e50f4e9257d9b67015584427be2cb42b	938	EV verification results, reviews and records, with the pages that classify them	execution plan, the owner's reviews and prompts, review routes, and the filed records of each work round
v2/docs/records/adj/A11-emcon-receive/drafts/refdump.py	820e357abc4b624db2b741ff04a40f17cafb8564	98c1b6016a00d79ed76ce5bff49aff14fa439d690bddf67db1fd3dbd584d3184	901	EV verification results, reviews and records, with the pages that classify them	execution plan, the owner's reviews and prompts, review routes, and the filed records of each work round
v2/docs/records/adj/A11-emcon-receive/drafts/regen_parity.sh	0e170177f7b5913c359653df6a12ba72268c7a48	aef273cfbb514e6c93559b92265e6f8da62120617e29e800c973ddde5bfb65eb	2048	EV verification results, reviews and records, with the pages that classify them	execution plan, the owner's reviews and prompts, review routes, and the filed records of each work round
v2/docs/records/adj/NOT-FILED.tsv	3b3cbe69b16ddf4f4dfacdb750c12ca021f5f578	76a2cebd3048b46b50d96c1e92b7f252fadb46600a25ca8f9f11e2d726cda87a	62367	EV verification results, reviews and records, with the pages that classify them	execution plan, the owner's reviews and prompts, review routes, and the filed records of each work round
v2/docs/records/adj/adj_results_w3r2.json	c74a0d9da356c120cff1640d0cc25b008f906a5c	aebdb1d4464a87ad83399fee9fa618d0f1a2bd104cdcc121de6dc2bb8bab521c	169189	EV verification results, reviews and records, with the pages that classify them	execution plan, the owner's reviews and prompts, review routes, and the filed records of each work round
v2/docs/records/hc4/energy-chain-disagreements.md	436b0c62b316b5eeef4b227134e3f31f2d36f199	3fe0a2dd50917fed9b61ad32bd6d872fcf749c1638d1faaeb3925aa2e5944730	3728	EV verification results, reviews and records, with the pages that classify them	execution plan, the owner's reviews and prompts, review routes, and the filed records of each work round
v2/docs/records/r4a/r4-decisions.md	9a189b554b914c1b0c8d0b3dc3c20c09d2c68f2c	2e5a0c20fc9d4f25d70d3defda2aaee056ed6b340584447fddc711898377bee2	101439	EV verification results, reviews and records, with the pages that classify them	execution plan, the owner's reviews and prompts, review routes, and the filed records of each work round
v2/docs/records/r4a/r4-open-items.md	9657dfd3d87ee1ee12b6989ddcd92b45211dcaed	0c58f8a3574801b15b39ae06e377710e4c41646fe71d2dd81c8257733d259c91	27963	EV verification results, reviews and records, with the pages that classify them	execution plan, the owner's reviews and prompts, review routes, and the filed records of each work round
v2/docs/records/r4b/box/r6-run6/README.txt	019a062be8a5674b039c93684068b88b25da1763	3977a8c3646ec82921c9bb2be1103f2c3ad55b192178ed2ac849e1d999ecbfae	1877	EV verification results, reviews and records, with the pages that classify them	execution plan, the owner's reviews and prompts, review routes, and the filed records of each work round
v2/docs/records/r4b/box/r6-run6/SHA256SUMS	17301c2be61a9f36490d7216ee5864f58445b441	eab4a7fbb05cfec2d88d4dbb52e67d85b8800698e2aeadc573580df558c08e0e	14282	EV verification results, reviews and records, with the pages that classify them	execution plan, the owner's reviews and prompts, review routes, and the filed records of each work round
v2/docs/records/r4b/box/r6-run6/check_pcb_b/emul-r6-gate-on-round6.txt	f9853d579f4b6c2df180f012bececf4a8ec026ba	3ed0cc3868ff2b40e768a4bbfb2453bf1e28e2b4661db74e6b5ddd458861a7ab	19470	EV verification results, reviews and records, with the pages that classify them	execution plan, the owner's reviews and prompts, review routes, and the filed records of each work round
v2/docs/records/r4b/box/r6-run6/parity_netlist_t6_tint.json	9e273919ae0d1909cbac8b39ba7fc4c138d2e5db	4b7e4a072b4d6a964a8d60e36a64cb2566d8422f9f27d114d354305fc5fa9091	716	EV verification results, reviews and records, with the pages that classify them	execution plan, the owner's reviews and prompts, review routes, and the filed records of each work round
v2/docs/records/r4b/box/r6-run6/run.log	a03d4ccab62a797a31bffcc9fca2bdd71a0cd936	a1b51495cf05f4961997bf4537eb87e0d50ce6881125a6cfcb67ebd22702a1a2	17735	EV verification results, reviews and records, with the pages that classify them	execution plan, the owner's reviews and prompts, review routes, and the filed records of each work round
v2/docs/records/r4b/box/r6-run6/tint/set.sha256	c2e471d041bec65a992366b2ce56483ea04e1615	ad88fa59804dcf32afcf212a48669425070064447b0babaed845d94f6684d7de	1090	EV verification results, reviews and records, with the pages that classify them	execution plan, the owner's reviews and prompts, review routes, and the filed records of each work round
v2/docs/records/r4b/box/r6b_box6.sh	bd728f64b8e024bf8be36c6b4a3822cd73dfb958	002275ffe884ab774b1f40d1a17ceec352d9f447f762c11f3565703aecf847a6	15476	EV verification results, reviews and records, with the pages that classify them	execution plan, the owner's reviews and prompts, review routes, and the filed records of each work round
v2/docs/records/r4b/box/r6b_post6.sh	984bd54ec2f804550d550dd644eb40c7d4277a89	dcaf39a37f83f0b81f2306af04829d1c10107c53e5f0b450972e61087c5819f6	2084	EV verification results, reviews and records, with the pages that classify them	execution plan, the owner's reviews and prompts, review routes, and the filed records of each work round
v2/docs/records/r4b/pin_parity.py	10c01ca4e3828a257da66891dd374c9839f6fd95	a36a9ffe82fbffd103795f241a5f5116bf595b413062d1edf48c20f8723a6f66	2157	EV verification results, reviews and records, with the pages that classify them	execution plan, the owner's reviews and prompts, review routes, and the filed records of each work round
v2/docs/records/r4b/r4-decisions.md	c30841bf06b08293c64f20770e80167f6040889f	27023b76fce3d48dd198c64a43952f4e5632730bb9087cf7b793dcaf3166e671	103862	EV verification results, reviews and records, with the pages that classify them	execution plan, the owner's reviews and prompts, review routes, and the filed records of each work round
v2/docs/records/r4b/r4-interfaces.md	cb47b1427437d9673948c6ead331bb8477488b8b	dafa398fa1c82e471c5292acc3e0e566727ea0a355856d4a56b40bb745349922	11702	EV verification results, reviews and records, with the pages that classify them	execution plan, the owner's reviews and prompts, review routes, and the filed records of each work round
v2/docs/records/r4e/footprints/gen_footprint_sgp41.py	5bd45eb99b8a0a3f7f375fe4f726a40300e9cd57	18555d1d239862def79025888cee91424869a440674d4148e37de4fb59e22a67	5516	EV verification results, reviews and records, with the pages that classify them	execution plan, the owner's reviews and prompts, review routes, and the filed records of each work round
v2/docs/records/r4e/jlc/jlc-SMCJ40CA.json	1419ab72fe71c992a45bd76f1e0e756d36e0f510	03d24c92aaf89b4c576244fd18fde13a7134b19261b8de9fe30c3cc24eea396f	64805	EV verification results, reviews and records, with the pages that classify them	execution plan, the owner's reviews and prompts, review routes, and the filed records of each work round
v2/docs/records/r4e/jlc/jlc-SRF1260.json	3a63af11f6445921f2b9f3fc63a55042d44c0d27	312a2b79bf8b6083789373d8356965b70fc6f4c36f726a1884d7bfc2c5b93919	50446	EV verification results, reviews and records, with the pages that classify them	execution plan, the owner's reviews and prompts, review routes, and the filed records of each work round
v2/docs/records/r4e/jlc/jlc-SRF1260_1R0Y.json	f24136fcd8fcc0cd5beeba01ca8df7bc8837e994	abf447d72049bd2e716141a329383095f9189eb5873359b5c2b6ac6f0e960096	4046	EV verification results, reviews and records, with the pages that classify them	execution plan, the owner's reviews and prompts, review routes, and the filed records of each work round
v2/docs/records/r4e/jlc/jlc-SRF1260_1R5Y.json	56be2100e2e763448eb04e7960a84a01fbf729b5	813915919dbdb06595e93bd61128881e008b95d365ee7da8889e95b4b1561061	4056	EV verification results, reviews and records, with the pages that classify them	execution plan, the owner's reviews and prompts, review routes, and the filed records of each work round
v2/docs/records/r4e/jlc/jlc-SRF1260_2R2Y.json	7f731dd9496b0475c3c424749a3d27dc5382ee84	40d3db2d4cd918a333958d6b673b99c92a9aa8516c88df7864d1dbe352f46664	88	EV verification results, reviews and records, with the pages that classify them	execution plan, the owner's reviews and prompts, review routes, and the filed records of each work round
v2/docs/records/r4e/jlc/jlc-SRF1260_4R7Y.json	b0d8527e25ff2b1d9b546e9efc667d5fd8410bab	571681216f60a8429888d8633300343b614e9a9edf7041a8c9a825ac965da450	4057	EV verification results, reviews and records, with the pages that classify them	execution plan, the owner's reviews and prompts, review routes, and the filed records of each work round
v2/docs/records/r4e/jlc/jlc-SRF1260_R47Y.json	a2469d3e264876d98ba614a57bbab59e7bc20219	e42554d2b11ae1eca2c3956350e8336d9a22bb49bba813b90a0884976586c793	4050	EV verification results, reviews and records, with the pages that classify them	execution plan, the owner's reviews and prompts, review routes, and the filed records of each work round
v2/docs/records/r4e/jlc/jlc-SRF1280.json	5f332ebdb3a8ce1d0a19f0f067ee6577e6b43a4b	ca5dcc1a57c5195ad721a2d21056b54f7ce00038302361df7d56c6e4cf64d617	51488	EV verification results, reviews and records, with the pages that classify them	execution plan, the owner's reviews and prompts, review routes, and the filed records of each work round
v2/docs/records/r4e/lcsc/C158012.json	f024ea21f299dcd45073ff1725e355f82f310c20	cde2f69a427c8dba96daff2170dfbce1fa19f0ccebe35a37a5d36a45f81bffe5	49788	EV verification results, reviews and records, with the pages that classify them	execution plan, the owner's reviews and prompts, review routes, and the filed records of each work round
v2/docs/records/r4e/lcsc/C224047.json	16027a13cb65aaf778ccb76cda32b135ebc27296	ccb876725c2b9c137f5c49f3dcfc7f2a3de018d72ad1bed82cf0c7ce9cfb7351	5903	EV verification results, reviews and records, with the pages that classify them	execution plan, the owner's reviews and prompts, review routes, and the filed records of each work round
v2/docs/records/r4e/lcsc/C224052.json	cd926a65a95ab4fb88026d33f0efac69727b4e3d	9acc3b7108f79cf4236161071172e6188da0df239a72b55e273daa183a7e65d7	5941	EV verification results, reviews and records, with the pages that classify them	execution plan, the owner's reviews and prompts, review routes, and the filed records of each work round
v2/docs/records/r4e/lcsc/C22935.json	730941ad22a83166cc5d98dab70cb332f3d926bf	e7728cf5be7be716a55badd66dc259883b6f2da81ec92f3d6b6c4704ba676f0f	32715	EV verification results, reviews and records, with the pages that classify them	execution plan, the owner's reviews and prompts, review routes, and the filed records of each work round
v2/docs/records/r4e/lcsc/C3659325.json	cc43c12885bd8d860ea29ffc900585698532eaf9	a86e135fd9e76049a75c577cf98b0b67134bf05ac5638e61ac1583ded0e2f901	47	EV verification results, reviews and records, with the pages that classify them	execution plan, the owner's reviews and prompts, review routes, and the filed records of each work round
v2/docs/records/r4e/lcsc/C374030.json	3c000d886bcb0176e2802020c085d43b5a7eff36	a9b666c5696b401c642388fe91382eb8712c56f01ed2ac69137210f949e2c29a	5675	EV verification results, reviews and records, with the pages that classify them	execution plan, the owner's reviews and prompts, review routes, and the filed records of each work round
v2/docs/records/r4e/lcsc/C527679.json	2a91374a36bf93943f765bec525da5ad5ba50cb8	a8801ce55f07efa4260cbca20fe99e5f34ffefc24384ce298c5bf2b17d38f382	12519	EV verification results, reviews and records, with the pages that classify them	execution plan, the owner's reviews and prompts, review routes, and the filed records of each work round
v2/docs/records/r4e/lcsc/C594232.json	2302a35d9daf31c0baca23bad2c9205f64b108b6	8e3fc7b9b96afa00f1962da7129a8ece1a4c0d8b989f31bce6636490013871e1	48514	EV verification results, reviews and records, with the pages that classify them	execution plan, the owner's reviews and prompts, review routes, and the filed records of each work round
v2/docs/records/r4e/lcsc/C7320434.json	7d373173d9efa843259ce1e4de6d312a9f7155b6	0373b93f0dcfff998c5cdca69fcdddace6d73b2ddb55665e46f3e4547521a7b0	31301	EV verification results, reviews and records, with the pages that classify them	execution plan, the owner's reviews and prompts, review routes, and the filed records of each work round
v2/docs/records/r4e/lcsc/C80273.json	1eebb2ab708e406d25e8447f3f6f74693a84b7e3	e19c409d1d5cc11dfcffee7c5ca7e5657250e6789205a175b3aaa7a8ce1051f7	5683	EV verification results, reviews and records, with the pages that classify them	execution plan, the owner's reviews and prompts, review routes, and the filed records of each work round
v2/docs/records/r4e/r4-decisions.md	f0da9113ec36c763e4a9025b8b10877f33a43625	e05a31a54cfe5b9ec1159a110dc3bd6f0f0bbb8ed87cdd753d0e81fdd012f450	62162	EV verification results, reviews and records, with the pages that classify them	execution plan, the owner's reviews and prompts, review routes, and the filed records of each work round
v2/docs/records/r4p/datasheets/SOURCES.txt	a3ae55f7060ba4e30490cd1e3c2c250530a47240	dc8f584ca53c085dcd3fa7634cbc8ae2f72b3b3b3cdd6496292acb318bcc812f	9785	EV verification results, reviews and records, with the pages that classify them	execution plan, the owner's reviews and prompts, review routes, and the filed records of each work round
v2/docs/records/r4p/datasheets/lcsc-urls.txt	f33ddae5051cbf406512fdacb9c59f207a5ef4f6	20b48c3ee78175d919793a67181aab69693569e0c566427182c7d6eecc26732a	742	EV verification results, reviews and records, with the pages that classify them	execution plan, the owner's reviews and prompts, review routes, and the filed records of each work round
v2/docs/records/r4p/r4-decisions.md	30e32a18801b5b797a078c0a58a78b2712f0c12c	bab45c321c0c367561fdffc11d56c04a5a6c07497ce3d11fb28dd7868b4e49a0	43964	EV verification results, reviews and records, with the pages that classify them	execution plan, the owner's reviews and prompts, review routes, and the filed records of each work round
v2/docs/records/r4p/scripts/netdiff.py	d249544064ca5638b0e6c274a040481ef4cb9664	a3b05ba1fc0d9b13f8034169a26dbb48d3d284e00be6a96ba27b495777b421be	3534	EV verification results, reviews and records, with the pages that classify them	execution plan, the owner's reviews and prompts, review routes, and the filed records of each work round
v2/docs/records/r4p/scripts/r5p2_box.sh	10e72ebfba1726cbbdcfe26f54934569f4d09742	af7d59d6a8da41beb8cfa21b0e14b17652afb395863b623797d6eb026e90bdcd	10587	EV verification results, reviews and records, with the pages that classify them	execution plan, the owner's reviews and prompts, review routes, and the filed records of each work round
v2/docs/records/r4t/r4-decisions.md	1f6cc11b67bcb851554cf19b85ab6162041c0e0c	833218028f012e008d20db38204d574e1b511661ae92be353f4f564578b6fcda	216568	EV verification results, reviews and records, with the pages that classify them	execution plan, the owner's reviews and prompts, review routes, and the filed records of each work round
v2/docs/records/r6d/r6-decisions.md	7a78794aec53009877e0bd9f03b40341f6c233dc	959ee8c6b9bf4e6622a81d858775b099e5e8637d6fc19d8dc263b13accac3ca1	32654	EV verification results, reviews and records, with the pages that classify them	execution plan, the owner's reviews and prompts, review routes, and the filed records of each work round
v2/docs/records/r8d/r8d-gates.txt	a7b05b5834a6b74049a9e37c2c5c75f0d92f78a7	b32af9bc5bf5ac1c04f04ee18a0f1656a1106cde273f8c98a9dd38c2b1c73c1d	3731	EV verification results, reviews and records, with the pages that classify them	execution plan, the owner's reviews and prompts, review routes, and the filed records of each work round
v2/docs/records/r8d/r8d-par.txt	d0a700c54f9aa2709951a394aa229b490abdffbd	064ae27b66f8bcff68ea377c14b0dbe415797814d70f8a9492bbc182fc940804	29949	EV verification results, reviews and records, with the pages that classify them	execution plan, the owner's reviews and prompts, review routes, and the filed records of each work round
v2/docs/records/r8d/r8d-parity-and-suite.txt	5b7dbdafa25b656b194dd38416485bc8318d1a48	c763a2930bcc1e920a77093c6900e559a5e5323925083f9d33d4c6f4b3e80654	5185	EV verification results, reviews and records, with the pages that classify them	execution plan, the owner's reviews and prompts, review routes, and the filed records of each work round
v2/docs/records/r8d/r8d_par.py	ce7e55807c7d17b505e953f398937595652fee74	72b766f7221008599ce1272d0b6bd118081194d9dc2b65aadf718ca87ce135f4	15435	EV verification results, reviews and records, with the pages that classify them	execution plan, the owner's reviews and prompts, review routes, and the filed records of each work round
v2/docs/records/r8d/r8d_regen.sh	b3595f72d194d0ebec25a2ddfc36fa3634723068	297651d22f4e3797360fb6517080c6a2e52865d81da9052aec7f0507dc155db1	8865	EV verification results, reviews and records, with the pages that classify them	execution plan, the owner's reviews and prompts, review routes, and the filed records of each work round
v2/docs/records/r8d/r8d_set.sh	142bffc15d8a024242c7ad503f0c24e7505ffdf6	fa34ed5489c48ab438c3d9e98c465e8cdec35c5c4ce16a8ff092325496070a64	5804	EV verification results, reviews and records, with the pages that classify them	execution plan, the owner's reviews and prompts, review routes, and the filed records of each work round
v2/docs/records/r8d/r8d_suite.sh	35e0d14cd6e2f54181b43bc53f2e814757d31f8c	c6ce1bdea945d1e606500e3f10dad8aa192e6b4609ff46d73080b9311e8efdc8	4908	EV verification results, reviews and records, with the pages that classify them	execution plan, the owner's reviews and prompts, review routes, and the filed records of each work round
v2/docs/records/r8p/box/p1p2.txt	68b79f58ad8fb0e3b4a9c70325e77f97eea8814d	646d9a381f5eb076fa9b6012cdf7864c5f4f224ea2bc6b950b35c334b09f6b4f	2293	EV verification results, reviews and records, with the pages that classify them	execution plan, the owner's reviews and prompts, review routes, and the filed records of each work round
v2/docs/records/r8p/box/par.txt	e7b79724d4a1cd1b88027227a0d539695e2f7827	31644e678a7e539a1783cdba34655d9ae96d85ab80fd7b82f1c634b82d07fbd5	3115	EV verification results, reviews and records, with the pages that classify them	execution plan, the owner's reviews and prompts, review routes, and the filed records of each work round
v2/docs/records/r8p/evidence/asked-Keystone_3568.txt	7c74be10fa8deb7e4fcd005b9b05ee6dac63394e	519f23ee3d8ffe0721c842337b0f41d41e80b77e9868c250fc839a2c5c35f45a	21	EV verification results, reviews and records, with the pages that classify them	execution plan, the owner's reviews and prompts, review routes, and the filed records of each work round
v2/docs/records/r8p/evidence/jlc-Keystone_3568.json	3a15dc7dbb991faf2e4caef9086e6c76d95f12c7	0959de51a5f57256dfd3f3f8ce7083914d5d2bb64fdcec6a3ec1dee56e7cb59e	12422	EV verification results, reviews and records, with the pages that classify them	execution plan, the owner's reviews and prompts, review routes, and the filed records of each work round
v2/docs/records/rv-bat/bat-integration-notes.md	80a45f2776c2e2da15c0f3ecaac0744a1092ca0e	af4516bccc528c3e309a9237fa060357ac26961de499458f0b19a6f9f640bc5b	12303	EV verification results, reviews and records, with the pages that classify them	execution plan, the owner's reviews and prompts, review routes, and the filed records of each work round
v2/docs/records/rv-bat/box/bat-cycle1/new/files/pcb-p-pack.net	35696e39b0e838dcd05bcebde64635beaddc786a	4df605c1c9a9d2dbf17b4758cb1fe65205800668a19e30fb6f70b0daa1c4bfc4	91969	EV verification results, reviews and records, with the pages that classify them	execution plan, the owner's reviews and prompts, review routes, and the filed records of each work round
v2/docs/records/rv-bat/box/bat-cycle1/new/files/pcb-p-pack.net.prov.json	f16274ac4cd98708fe744143779d9fa3f66525bb	e6fe22a3cc3df7d6d08c2a0de930d6de4a4eca1bc5e876bccf967717b3f95638	8498	EV verification results, reviews and records, with the pages that classify them	execution plan, the owner's reviews and prompts, review routes, and the filed records of each work round
v2/docs/records/rv-bat/box/bat-cycle1/run.log	87af20660fe33324ca71247f504fa4d7d7a7cc32	9bffc3191029b7f528e42f8e9302f3d2b1ba00ad34a2ccfe0efafde5702d99e7	3548	EV verification results, reviews and records, with the pages that classify them	execution plan, the owner's reviews and prompts, review routes, and the filed records of each work round
v2/docs/records/rv-bat/box/bat/suite-worktree-cycle3.log	7c1d2e0b24481082b96ee165f5f002444d1b121b	239a5d3e3d1fd06459627ce8bd081aecd534629520b50a16a9da1cca29cf7fec	153630	EV verification results, reviews and records, with the pages that classify them	execution plan, the owner's reviews and prompts, review routes, and the filed records of each work round
v2/docs/records/rv-bat/box/bat/suite-worktree.log	7da04d1617b69d0a37ee0e88df7d8ad8d8129cf7	b10fecd057ba0aff6bc53aad1a7e4d5cea3aee4c071177e08ddaf256aafc2629	153623	EV verification results, reviews and records, with the pages that classify them	execution plan, the owner's reviews and prompts, review routes, and the filed records of each work round
v2/docs/records/rv-bat/datasheets/SOURCES.txt	7754b28c31ed96e0ecaa2e61e99e3bece4fb6c55	fa0399eb8bfcf2a9c9d0fb1a3bf9306836f6b6cd8194742a7fd5099d35d2e576	9648	EV verification results, reviews and records, with the pages that classify them	execution plan, the owner's reviews and prompts, review routes, and the filed records of each work round
v2/docs/records/rv-bat/vendor-files.txt	6f771a96291f77a2a07123607e7d17b755806199	f3c546e124cc2b27f89dba24d7283e7329508a258642f3bcbceebcb4b33aac36	4272	EV verification results, reviews and records, with the pages that classify them	execution plan, the owner's reviews and prompts, review routes, and the filed records of each work round
v2/docs/records/rv-dec/PCB-OPEN-PAIRS.decision-42.isolated.diff	6787f174abd86531ea48eac200b8c6c341624d16	1fc433e865bff5de41aa43fd8c0776821f58cb3e2f2698bf204b0a3ecd3b91fb	3703	EV verification results, reviews and records, with the pages that classify them	execution plan, the owner's reviews and prompts, review routes, and the filed records of each work round
v2/docs/records/rv-dec/datasheets/SOURCES.txt	fa3fe7397e5a049da3b4a179217dd44ebf8c243f	05deb9062aaf96f8092e1664cc4b9c84faa3db89543caf3eac0d1a3094144af7	1616	EV verification results, reviews and records, with the pages that classify them	execution plan, the owner's reviews and prompts, review routes, and the filed records of each work round
v2/docs/records/rv-dec/dec-request-diodes-pi7c9x2g404sl.md	ba6d1b2e1d284f75de18fb1ff0996c3950a1fc62	3429e1ebdaec77d45c08c8ee82edf6884f4b46514723b8f8790bc1ea3472bf2c	1974	EV verification results, reviews and records, with the pages that classify them	execution plan, the owner's reviews and prompts, review routes, and the filed records of each work round
v2/docs/records/rv-dec/dec_escset.out	b4867f08a167b42102dbc27833480cecf555caeb	1b6b5f7adda5e92d900d2100dbb5856b7d04c662fb97fbc2a0c13fa32aa1dad8	25200	EV verification results, reviews and records, with the pages that classify them	execution plan, the owner's reviews and prompts, review routes, and the filed records of each work round
v2/docs/records/rv-dec/dec_escset.py	257e14cb308d532964cd4976e41a8fdcb1e5693a	14aa6aab298f8711873dbab4f3521cba2214bac886beb5c8a88503009f9412e1	3847	EV verification results, reviews and records, with the pages that classify them	execution plan, the owner's reviews and prompts, review routes, and the filed records of each work round
v2/docs/records/rv-dec/dec_escvias.out	fd9b0f6211142e195670027a30b64a41929a9934	18eb109b0761515e8f5fe5431ffb18c2c20c4ee3638eda014c4d35813b98330c	584	EV verification results, reviews and records, with the pages that classify them	execution plan, the owner's reviews and prompts, review routes, and the filed records of each work round
v2/docs/records/rv-dec/dec_escvias.py	4c2c1da10d508696fca2a161c8f45e3f440f503b	2a9c5f76e50565715d68490fe0310d457203d7929d534d004fdf1b0326f2652d	2168	EV verification results, reviews and records, with the pages that classify them	execution plan, the owner's reviews and prompts, review routes, and the filed records of each work round
v2/docs/records/rv-dec/dec_fanwin.py	7a4b7576e3609d47e98fc6cca22a7f08df54ff20	0db8b66f971b33c9220fe7112aa710ee9558492de3d9f323195a066f4d411167	3910	EV verification results, reviews and records, with the pages that classify them	execution plan, the owner's reviews and prompts, review routes, and the filed records of each work round
v2/docs/records/rv-dec/dec_farside.before-17h15.out	b3fcc0243c4f7fd34086ae71189ac8af197fcdb6	58bdc3b166bad755de3ee5382d23ba2e2cf8900a853fd6d14a33f1ff3bc96d45	9619	EV verification results, reviews and records, with the pages that classify them	execution plan, the owner's reviews and prompts, review routes, and the filed records of each work round
v2/docs/records/rv-dec/dec_farside.out	9ea635d948748930da80bb13023924d33634dbc9	3173557d0cf6f590f365227d1a631edbaae9bd84cfc213517e8bd23b2cec45dd	9825	EV verification results, reviews and records, with the pages that classify them	execution plan, the owner's reviews and prompts, review routes, and the filed records of each work round
v2/docs/records/rv-dec/dec_farside.py	0ab7b26dcedf1ee976868da78fedaced2e065848	22d3ab7f5e12776341084e4e346b336ff7cb856755f1405bd3ad1dc8d545a14c	5114	EV verification results, reviews and records, with the pages that classify them	execution plan, the owner's reviews and prompts, review routes, and the filed records of each work round
v2/docs/records/rv-dec/dec_finesets.before-17h15.out	425a471b2efb84743155a15b8418efbc8de30449	1f671a942967e4abd0aca55c71e3b413a08c58391a82ca5215f5c2d9a34c2a2c	291	EV verification results, reviews and records, with the pages that classify them	execution plan, the owner's reviews and prompts, review routes, and the filed records of each work round
v2/docs/records/rv-dec/dec_finesets.out	d462b44d59d5cd5e4c6480d4975438879947c32d	3a4db397e9047965ae24e799ad3b45588ac74a5738b7eb30818b840bc04c5093	292	EV verification results, reviews and records, with the pages that classify them	execution plan, the owner's reviews and prompts, review routes, and the filed records of each work round
v2/docs/records/rv-dec/dec_finesets.py	4b771ade331af16a4c0e5a6fde353dedcda434fb	96069898ef19c835ef14a60c7b2b4bc4bae9c665f6ff45daffdc4a3b4b281ff4	1377	EV verification results, reviews and records, with the pages that classify them	execution plan, the owner's reviews and prompts, review routes, and the filed records of each work round
v2/docs/records/rv-dec/dec_geom_pcb-a-power-a23.json	8554966955ff217abb13d465e44688db985a2237	e9dbb38eaab141f271bea175966539cd5659d13f1672e14cdfe09f8fb3e78f9b	18862	EV verification results, reviews and records, with the pages that classify them	execution plan, the owner's reviews and prompts, review routes, and the filed records of each work round
v2/docs/records/rv-dec/dec_geom_pcb-a-power-a23.txt	194d3b9fbee5754aa09cdd806ad2e17e87030116	bdda040348795966c26060405f614438d2c1d8f1423d8da07fa70792fbbf8c53	7111	EV verification results, reviews and records, with the pages that classify them	execution plan, the owner's reviews and prompts, review routes, and the filed records of each work round
v2/docs/records/rv-dec/dec_geom_pcb-b-compute-b19.json	2343d0d410ec48f5db04c301f5f10af8f2bca516	126e7667ff3dfe26e087c888d97e732645c4593f278aa06f64109a9cdb040c5e	17583	EV verification results, reviews and records, with the pages that classify them	execution plan, the owner's reviews and prompts, review routes, and the filed records of each work round
v2/docs/records/rv-dec/dec_geom_pcb-b-compute-b19.txt	61846043441fc44742cf736909f72ebd6eb3e0a4	0e54ea8e684e857bd04d1a5ac82cd85c1cc2a5ed3a49b740007c7757030c4028	6711	EV verification results, reviews and records, with the pages that classify them	execution plan, the owner's reviews and prompts, review routes, and the filed records of each work round
v2/docs/records/rv-dec/dec_geom_pcb-c-display-c8.json	ebcfa14b1a4b553352eafccaca018c56c703c15e	90e52bf8c6e969afa8ff20dba649936fcd1936e6cba7176b850c423a967b885f	10553	EV verification results, reviews and records, with the pages that classify them	execution plan, the owner's reviews and prompts, review routes, and the filed records of each work round
v2/docs/records/rv-dec/dec_geom_pcb-c-display-c8.txt	af39c8cc4ff51eb050364ed4762843e69635acf1	37699f7ad0c6703fada5a57395f3362578ab36db33a9174ee70ace5ad9950e50	4065	EV verification results, reviews and records, with the pages that classify them	execution plan, the owner's reviews and prompts, review routes, and the filed records of each work round
v2/docs/records/rv-dec/dec_geom_pcb-d-aprs-d9.json	bed35d7e085493c89faa992d6d4e674bc8a293ec	fb39a416968ae18a38a59faab04831f32c7dc05e8a05f9d319976038a5964897	13856	EV verification results, reviews and records, with the pages that classify them	execution plan, the owner's reviews and prompts, review routes, and the filed records of each work round
v2/docs/records/rv-dec/dec_geom_pcb-d-aprs-d9.txt	c09b23baea3890c992951f68b9e4c60760fdc5a8	c2b93acd520861403bbb7a0fbd6f134889d8f55df0d931e15f5d0e43ef3d3c6a	5444	EV verification results, reviews and records, with the pages that classify them	execution plan, the owner's reviews and prompts, review routes, and the filed records of each work round
v2/docs/records/rv-dec/dec_geom_pcb-e1-dock-e7.json	e0fef35c551e77a1eb93e41dab3820f5ba34b3f1	d94ee632c3204fc251d4514323d76e3ba108fe2580afe5b74f414a4c772e871f	10729	EV verification results, reviews and records, with the pages that classify them	execution plan, the owner's reviews and prompts, review routes, and the filed records of each work round
v2/docs/records/rv-dec/dec_geom_pcb-e1-dock-e7.txt	948b36a99d8951236d9eccf811dd21beb895b468	f04d47c2f6181b0e8dd9334d4b6118fcf21c9a5788f79bd14921b6dc9a6b909f	4133	EV verification results, reviews and records, with the pages that classify them	execution plan, the owner's reviews and prompts, review routes, and the filed records of each work round
v2/docs/records/rv-dec/dec_geom_pcb-p-pack-p2.json	f96408558c15d262a44b65c079efdcc4af3cf0ba	b6263d87a0aab0006fbca673192343e65c8f8516ca3cf5b1a93cd04dd3cf9a50	1848	EV verification results, reviews and records, with the pages that classify them	execution plan, the owner's reviews and prompts, review routes, and the filed records of each work round
v2/docs/records/rv-dec/dec_geom_pcb-p-pack-p2.txt	0838a74a05e4b4b4e51823c2da9f35f137566d28	d2754f45088e73c16f967810bac1904324ae221b57f3986e940e4af6627d1505	708	EV verification results, reviews and records, with the pages that classify them	execution plan, the owner's reviews and prompts, review routes, and the filed records of each work round
v2/docs/records/rv-dec/dec_geom_table.md	4f250c1ad06fdd137ae3c993bbc427dfd062d9f4	a485552f8f4162e57141596afaecfa52a9f9a95121c2f916d73f6f7cf2f14314	4281	EV verification results, reviews and records, with the pages that classify them	execution plan, the owner's reviews and prompts, review routes, and the filed records of each work round
v2/docs/records/rv-dec/dec_geometry.py	656d828d404de3297abed146bd8cf764691ae4a7	fc926ba59d982b6f109c99b5a72d6a8ea130ca1d6cdb8dd1c54d28e40671ee30	11642	EV verification results, reviews and records, with the pages that classify them	execution plan, the owner's reviews and prompts, review routes, and the filed records of each work round
v2/docs/records/rv-dec/dec_loop.out	5198c581a8e83ebf4e6ab92e1f4ad476badf27c2	85dc41584ef9aaab3e5d1db5c3d5e26830cd60432709d01c8f78cb3a2b9c5f67	5158	EV verification results, reviews and records, with the pages that classify them	execution plan, the owner's reviews and prompts, review routes, and the filed records of each work round
v2/docs/records/rv-dec/dec_loop.py	3e70a9c3b60a45ce247eeb1107c81f5926b976dd	eed91e6beb8b1fdb8de067667c434f799f20117c61c48ac08ef9633bf202c051	6319	EV verification results, reviews and records, with the pages that classify them	execution plan, the owner's reviews and prompts, review routes, and the filed records of each work round
v2/docs/records/rv-dec/dec_mmscan.err	3bb08b3ea17449331d2dbb6bf91a5a21bc9b1785	e1f317bb966d63ee6869e9c744c6208a1807842953ff49082165d073b25f07ab	27	EV verification results, reviews and records, with the pages that classify them	execution plan, the owner's reviews and prompts, review routes, and the filed records of each work round
v2/docs/records/rv-dec/dec_mmscan.out	bc11ea394b753c083cad55ef5dc9893ab235e7db	0ce71790d660874aee17670ae03be9f86f36e8c90733fd9bfd560863981b01a0	1628	EV verification results, reviews and records, with the pages that classify them	execution plan, the owner's reviews and prompts, review routes, and the filed records of each work round
v2/docs/records/rv-dec/dec_mmscan.py	1c04e021eef1382e4cd95d6d836fba1c4e8f2151	4cba5432e38b426fac5bb4de458fb59079232a3a894d24ee4be1a0bae5d209bf	1601	EV verification results, reviews and records, with the pages that classify them	execution plan, the owner's reviews and prompts, review routes, and the filed records of each work round
v2/docs/records/rv-dec/dec_newfans.out	d5b0e8cfb62466576691a52f721ccc0cde972478	2c6e0e762020c71bdb62d872c1c93b1abda7515adac0d5b4b68910dfb294c4c3	1467	EV verification results, reviews and records, with the pages that classify them	execution plan, the owner's reviews and prompts, review routes, and the filed records of each work round
v2/docs/records/rv-dec/dec_newfans.py	0b69f44be58b767e9a47c546294d99c20d0b6f1e	b7b8cf6284e7f17307322b74a5978f82434ce7e7accdacdb78b19edfe7621cde	2077	EV verification results, reviews and records, with the pages that classify them	execution plan, the owner's reviews and prompts, review routes, and the filed records of each work round
v2/docs/records/rv-dec/dec_planes.out	bda13afad1e0f3a79f705992eec9fdd00bf348fd	11f7337a77ac81e091dde17e8121bf07196cfa8b5707620b1e036045bb6d10ca	4806	EV verification results, reviews and records, with the pages that classify them	execution plan, the owner's reviews and prompts, review routes, and the filed records of each work round
v2/docs/records/rv-dec/dec_planes.py	0b86d216dd775a1f87ea662014385fb284a048b7	a6d0256b4ad8c8d2dece39f3dce98fd5354ea87db61b2dc40e815bcba1224479	1561	EV verification results, reviews and records, with the pages that classify them	execution plan, the owner's reviews and prompts, review routes, and the filed records of each work round
v2/docs/records/rv-dec/dec_sides.out	be1691fcd881d7ef6a2c9a5059972aa4a725fbd2	9fd3a9dc45c09e1a52cbcceb71f3bdd28bdd4fcbdd2321e2f6c5c509ccf33d60	40378	EV verification results, reviews and records, with the pages that classify them	execution plan, the owner's reviews and prompts, review routes, and the filed records of each work round
v2/docs/records/rv-dec/dec_sides.py	b5b5a5e810997f97ce4e6b1666a68fde116d02b8	3730e4328f4d10411cdde4b3796cc3c3a470a568e6da519e6864e6c56c3fb15b	1991	EV verification results, reviews and records, with the pages that classify them	execution plan, the owner's reviews and prompts, review routes, and the filed records of each work round
v2/docs/records/rv-dec/dec_sides_decl.out	ef7a48a249cf729902b7ce3bacaa96d549722fce	ab69cedf2f86fe58e10e17d0a5bdcd1a198f27030b8e2e5eacb00056a609da83	16961	EV verification results, reviews and records, with the pages that classify them	execution plan, the owner's reviews and prompts, review routes, and the filed records of each work round
v2/docs/records/rv-dec/dec_sides_decl.py	436fb91bfebce66083108ac0459a443aa58ea13e	a788a9365159eb57531b7d8126eda712b528eb1a6c46cedc750badf63ea47076	1583	EV verification results, reviews and records, with the pages that classify them	execution plan, the owner's reviews and prompts, review routes, and the filed records of each work round
v2/docs/records/rv-emc/datasheets/SHA256SUMS	c4857590ff3c3745d286306f7a665ddb253e915e	c911282e3cccf6b594cac97e03449d169fa0259680fb91b00f13a335fcb52961	1793	EV verification results, reviews and records, with the pages that classify them	execution plan, the owner's reviews and prompts, review routes, and the filed records of each work round
v2/docs/records/rv-emc/datasheets/SOURCES.txt	faa7085652f3c4bec28a4a5a635edc2ef495a4ba	e31f8043723f3e74c1662aaaee2286e4e80c10268c075c7c1bc530708869466e	4619	EV verification results, reviews and records, with the pages that classify them	execution plan, the owner's reviews and prompts, review routes, and the filed records of each work round
v2/docs/records/rv-emc/netlists/A-r6cand-pcb-a-power.net	62376209f9896103d83d456e4cd7bd52e36afeff	e7c50a4f212a510a7df37693bd600af64539b2f3077ef7cb8e96bb150beb96c5	592776	EV verification results, reviews and records, with the pages that classify them	execution plan, the owner's reviews and prompts, review routes, and the filed records of each work round
v2/docs/records/rv-emc/netlists/A-r6cand-pcb-a-power.net.prov.json	3f89e2b99faaf75192adeacad8fd2dd53f2549f6	aadf6aea8234396188573205233cc052d0638a5301ac34bf7dd8651b226efc84	8499	EV verification results, reviews and records, with the pages that classify them	execution plan, the owner's reviews and prompts, review routes, and the filed records of each work round
v2/docs/records/rv-emc/netlists/B-r6cand-pcb-b-compute.net.prov.json	43fd6d2fa73c7ba9b80913fc5afd0d3b0e02277d	4c1d9b2665324943f35830cb6161e0694c8178c98abcfba25e406d4472e2cd55	8501	EV verification results, reviews and records, with the pages that classify them	execution plan, the owner's reviews and prompts, review routes, and the filed records of each work round
v2/docs/records/rv-emc/netlists/D-r6cand-pcb-d-aprs.net	7f0602fd18fcaf2f9d1a389441b107494c278622	9aae5bf93a104abcbf14568657b79d11704cb243971415fd0bc0ac6911263a94	247232	EV verification results, reviews and records, with the pages that classify them	execution plan, the owner's reviews and prompts, review routes, and the filed records of each work round
v2/docs/records/rv-emc/netlists/D-r6cand-pcb-d-aprs.net.prov.json	10eb23a5fdb3153233a0f44179e6074580f5f04e	71f4a2068f25c87a890070c617e67a724b59e800aabd77bab4e7dcde081e457f	8498	EV verification results, reviews and records, with the pages that classify them	execution plan, the owner's reviews and prompts, review routes, and the filed records of each work round
v2/docs/records/rv-emc/netlists/SHA256SUMS	7a7d981b60929e060b2935b74027733e7bac05c2	40d7131f3e0e932b9747c5f7c12fec93577acec1c9c16e603865697a1312fc3c	798	EV verification results, reviews and records, with the pages that classify them	execution plan, the owner's reviews and prompts, review routes, and the filed records of each work round
v2/docs/records/rv-emc/readings/A-nets.txt	d970e4ede090f4408dccfff9f61a26583a670f97	0ca1600212a5bd2158048189dcacd05d2fb50385eefd3f084ef1670f9cbeeb5b	4132	EV verification results, reviews and records, with the pages that classify them	execution plan, the owner's reviews and prompts, review routes, and the filed records of each work round
v2/docs/records/rv-emc/readings/B-e22-e72.txt	cd09745d565f03c0e223dfc8920c0179a8e756b0	4fdb45beef9332f93fe02634e4278d0cf6c3694f1526af491b47f6bfca9350c3	5864	EV verification results, reviews and records, with the pages that classify them	execution plan, the owner's reviews and prompts, review routes, and the filed records of each work round
v2/docs/records/rv-emc/readings/B-m2c2-sdemc1.txt	80b25413378f0cc92293d8b10f98d58a226fa939	72fdc8b2a92561cdaf70869cf9ce42791b4caa408150c09e695f95a591a744d0	11583	EV verification results, reviews and records, with the pages that classify them	execution plan, the owner's reviews and prompts, review routes, and the filed records of each work round
v2/docs/records/rv-emc/readings/B-nets-1.txt	043a6d1e986a844d11699fec95dd60d354c0fd1f	8fe20f994c243e92c64af02e923a92fb326b9bcb63da6a32077056155f7d38d7	7718	EV verification results, reviews and records, with the pages that classify them	execution plan, the owner's reviews and prompts, review routes, and the filed records of each work round
v2/docs/records/rv-emc/readings/B-nets-cm5.txt	4ad0de90e051035bde11056aaacef4070dc3f7bf	1858194cca83a4ad4c8c80ff81b36b8486949a200475e9e32e361c95bb200f00	3892	EV verification results, reviews and records, with the pages that classify them	execution plan, the owner's reviews and prompts, review routes, and the filed records of each work round
v2/docs/records/rv-emc/readings/B-nets-m2-io.txt	cac19863239af7bfa2416bd6749bc91431fa2e4c	33e7527b2e34026b660e11269e6e7bb8e90be8711ad646390d90ad9f42bc6da3	9480	EV verification results, reviews and records, with the pages that classify them	execution plan, the owner's reviews and prompts, review routes, and the filed records of each work round
v2/docs/records/rv-emc/readings/B-nets-m2.txt	c82edeec387465992ee0b5578d04630cad05b0e2	1f46803581ebe2abfd160c77ed2c3a7e66f01eb4f4ed52309883cd78c154870a	4154	EV verification results, reviews and records, with the pages that classify them	execution plan, the owner's reviews and prompts, review routes, and the filed records of each work round
v2/docs/records/rv-emc/readings/B-rb-lime.txt	76cb14808e54bc1d4428c180aac661298a1acff6	b8b6f5a78c9d437bb747a5400de409411447e876dbb9f06d518a4f3f51f58e20	2062	EV verification results, reviews and records, with the pages that classify them	execution plan, the owner's reviews and prompts, review routes, and the filed records of each work round
v2/docs/records/rv-emc/readings/B-refs-gates.txt	73b604816436c95a75d676c2bfcef4fa45f9458a	610dc419377e7d95f6b524fd4fbe4dc77c99cea15c137ae39eaefdee3bcbbb5d	2430	EV verification results, reviews and records, with the pages that classify them	execution plan, the owner's reviews and prompts, review routes, and the filed records of each work round
v2/docs/records/rv-emc/readings/B-refs-m2.txt	57ac61eb662013780818ca67b23253cb09102d6f	6d646b7465fa33b8f5b88042074cb2e9db6150e297ccd6202fde3909b4ee7f19	1676	EV verification results, reviews and records, with the pages that classify them	execution plan, the owner's reviews and prompts, review routes, and the filed records of each work round
v2/docs/records/rv-emc/readings/B-refs-pulls.txt	37c62a9a8cd346ed95338e2e16e36b8683d675aa	6bbcec8721bb8d82fd3a1cb4f020797725b8bec96de78c775bb3d8504dce5bfb	1602	EV verification results, reviews and records, with the pages that classify them	execution plan, the owner's reviews and prompts, review routes, and the filed records of each work round
v2/docs/records/rv-emc/readings/B-refs-sockets.txt	2a7070f51cc24d7b80d208eb8b0e33933d6bd8a9	60a04732a7204aae72dd50c0790037e704d81a20f910edee4600167d3d27343e	2312	EV verification results, reviews and records, with the pages that classify them	execution plan, the owner's reviews and prompts, review routes, and the filed records of each work round
v2/docs/records/rv-emc/readings/C-lamp-nets.txt	4981b96400dc198a3ab8a4c11efe5290a66ddb7c	dd860919f792dbce068ef86bf2dca524588b6ff2401c423c82198f5dc1c5e549	1766	EV verification results, reviews and records, with the pages that classify them	execution plan, the owner's reviews and prompts, review routes, and the filed records of each work round
v2/docs/records/rv-emc/readings/C-nets.txt	12091ee9e7e78ca3769e0b5e810536255ab2cbcb	a1fc241f310dd40a98323f3f42e0cf6df51ed98ace7838f0ea3cd4748900741a	1634	EV verification results, reviews and records, with the pages that classify them	execution plan, the owner's reviews and prompts, review routes, and the filed records of each work round
v2/docs/records/rv-emc/readings/D-nets.txt	16398f7d03b229b661ed7ca8c010fd150b8fa343	3bc4ebd855e014e8a665d3d9e5b5fe3595a68aeb360e4a53314bb7cfe3e990b7	4712	EV verification results, reviews and records, with the pages that classify them	execution plan, the owner's reviews and prompts, review routes, and the filed records of each work round
v2/docs/records/rv-emc/readings/D-refs.txt	860a8c1c4c135768fc0946dfbba3104af6d48a8a	da92ccc287b733e2098ce16afc4bf9650715e29daa02259169fa2c1ef5192b92	2351	EV verification results, reviews and records, with the pages that classify them	execution plan, the owner's reviews and prompts, review routes, and the filed records of each work round
v2/docs/records/rv-emc/readings/candidates-vs-main-458b2873.txt	154a49b63ee5bf33ef8161e24a8c85fb0826d2d8	6848d919a39d7602a73edcbc0b2c75a2cae095127ba1ca9e0b01f2d00151f5bf	2024	EV verification results, reviews and records, with the pages that classify them	execution plan, the owner's reviews and prompts, review routes, and the filed records of each work round
v2/docs/records/rv-emc/readings/candidates-vs-r6int-1629.txt	c3e54b352bd9a51089a24f6552c398fd0b4b2c9d	fd7b8ee080a431bb24e033fe655bc3e62cd9e7c3832834e97928cf4e8b4d8588	1758	EV verification results, reviews and records, with the pages that classify them	execution plan, the owner's reviews and prompts, review routes, and the filed records of each work round
v2/docs/records/rv-emc/readings/claims_check_on_EMCON.judged.txt	08004cbd92480b61aec6cadb5cee24afe9d0edd7	10d08aea859fc2c6a88ebeb9070e27ef5fde2fcc0078496a3bd6aeaef8105181	505	EV verification results, reviews and records, with the pages that classify them	execution plan, the owner's reviews and prompts, review routes, and the filed records of each work round
v2/docs/records/rv-emc/readings/claims_check_on_EMCON.verdict.json	5a204caa29e4e5d76d9ac82beb6a7782158a0823	3e4fe0049c342ed2e059d27a677726ab3cb5e5cf05c8b4895462779cc7f91397	794	EV verification results, reviews and records, with the pages that classify them	execution plan, the owner's reviews and prompts, review routes, and the filed records of each work round
v2/docs/records/rv-emc/readings/main-01469100-drift.txt	9e8183a2ceaa1b4de3c432f29c6f4d8847bf2380	7d0875902eb8e72440cf83c871b9fcfaad93b77b2b55cb62190f64ac497aa18a	1974	EV verification results, reviews and records, with the pages that classify them	execution plan, the owner's reviews and prompts, review routes, and the filed records of each work round
v2/docs/records/rv-emc/readings/main-b69f20db-drift.txt	431026bca43ec695abd24683870c43daae9d8722	53f19df4b06db4448cde975ade6ccb559be528a4face306bb793fbfbd743e7fa	1574	EV verification results, reviews and records, with the pages that classify them	execution plan, the owner's reviews and prompts, review routes, and the filed records of each work round
v2/docs/records/rv-emc/readings/main-ccf5808e-drift.txt	3debcdd70982395dd4a2652c6b01e923e5d63ff5	dc5c72304e5a891a2b1db6b85187266a87922fdf0b7a29d01a31da5c6a2b169b	3106	EV verification results, reviews and records, with the pages that classify them	execution plan, the owner's reviews and prompts, review routes, and the filed records of each work round
v2/docs/records/rv-emc/readings/tx-inhibit-conductor.txt	31418a588b4b797c558b2ffccf3895613395b4bc	b950ee353e29ff62969480921b749b4c51aa01e49893b936e68468af1134fcf6	8800	EV verification results, reviews and records, with the pages that classify them	execution plan, the owner's reviews and prompts, review routes, and the filed records of each work round
v2/docs/records/rv-emc/readings/tx_inhibit_r4t-0795c5de_on_main_by_r6d.txt	b265f2072aec7aae11245fe66b8882f021e67a74	b323525d4e7abece07673643341d633e1363c092705f2fdaebf6fdb4af53bbd7	11044	EV verification results, reviews and records, with the pages that classify them	execution plan, the owner's reviews and prompts, review routes, and the filed records of each work round
v2/docs/records/rv-emc/readings/tx_inhibit_r4t-5aece264_on_candidate_set.txt	703fed8d24a1470b634e21e4ec78e6269c4a8922	3b95f0fab9795f03cc99193dad8966463bbbf796c4a5ce0aad5e12599ebea743	9546	EV verification results, reviews and records, with the pages that classify them	execution plan, the owner's reviews and prompts, review routes, and the filed records of each work round
v2/docs/records/rv-emc/readings/tx_inhibit_r4t-853f3082_on_candidate_set.txt	2965481c4b131c139a591b262838c1fd771fb843	6aeff06e3a721bf7c474242d9cd9289e8f874cd365986c921e1c2b787ff53897	8616	EV verification results, reviews and records, with the pages that classify them	execution plan, the owner's reviews and prompts, review routes, and the filed records of each work round
v2/docs/records/rv-emc/readings/tx_inhibit_r4t-e88aa46b_on_candidate_set.txt	d61bb86d43517d73ea462fd42eae21194f368e3a	29b02fdedcf588ea1fb512b3010e848787b37f0bb0598944432fc31f82d73292	9588	EV verification results, reviews and records, with the pages that classify them	execution plan, the owner's reviews and prompts, review routes, and the filed records of each work round
v2/docs/records/rv-emc/tools/netcompare.py	aa347648575ad3fc8f7072c80badab9f08e201dc	ec843a6b9e7074478359819ef42bb488344025eb122dfffb83191b0412e859d3	940	EV verification results, reviews and records, with the pages that classify them	execution plan, the owner's reviews and prompts, review routes, and the filed records of each work round
v2/docs/records/rv-emc/tools/netdump.py	83ea328c9207007b78886935b559a9501120ad10	eedd50ce04d88dbe354621fb48561785e50f4e9257d9b67015584427be2cb42b	938	EV verification results, reviews and records, with the pages that classify them	execution plan, the owner's reviews and prompts, review routes, and the filed records of each work round
v2/docs/records/rv-emc/tools/netline.py	a5aba73e1980e32b980b8cd3bf0fd9fc7dba6788	9097f2d8b9d6857e4dc54f22b02cb77a280409ebc818f617f583eab0e9c7d306	479	EV verification results, reviews and records, with the pages that classify them	execution plan, the owner's reviews and prompts, review routes, and the filed records of each work round
v2/docs/records/rv-emc/tools/refdump.py	820e357abc4b624db2b741ff04a40f17cafb8564	98c1b6016a00d79ed76ce5bff49aff14fa439d690bddf67db1fd3dbd584d3184	901	EV verification results, reviews and records, with the pages that classify them	execution plan, the owner's reviews and prompts, review routes, and the filed records of each work round
v2/docs/records/rv-pwr/datasheets/README.md	90b6cb19e2c3cd0d13009f9cf6f915903ffc6bb0	3d119538584511a80717c65082d5488926d570e62f976856a18bbbdbed3770a5	4131	EV verification results, reviews and records, with the pages that classify them	execution plan, the owner's reviews and prompts, review routes, and the filed records of each work round
v2/docs/records/rv-pwr/pwr-chain-redeclaration.yaml	25072850b5625bb19a133db4a249dc17d3e3191b	039c72aa6f451dbdb9b68d6ae6946fb3ca02b70cd76f8390569fc39f178f5f45	11663	EV verification results, reviews and records, with the pages that classify them	execution plan, the owner's reviews and prompts, review routes, and the filed records of each work round
v2/docs/records/rv-pwr/pwr-maker-questions.md	ca3f1b4222027d6cde1a974abae4e8d683390798	6d2e5d29b957c80ffe8b973a3cc705a034694f1ef1bb947c8e6574d02850c293	2301	EV verification results, reviews and records, with the pages that classify them	execution plan, the owner's reviews and prompts, review routes, and the filed records of each work round
v2/docs/records/rv-pwr/pwr-part-temps-rows.yaml	b96ef2799040d4a1c206646ecaec150c7f65b2de	cee34b52c6b452593d0f3a7f5ab6b2e4feb4cd1615b9af7e540dd8e90d2cec5e	5229	EV verification results, reviews and records, with the pages that classify them	execution plan, the owner's reviews and prompts, review routes, and the filed records of each work round
v2/docs/records/rv-pwr/pwr_budget.json	b1422a1358ce29d483fea8528d47d3ce8e0181e6	5a616902d2ddab82f25d34ab55d848d06011fb6fbe48c147221d6b442783e462	76863	EV verification results, reviews and records, with the pages that classify them	execution plan, the owner's reviews and prompts, review routes, and the filed records of each work round
v2/docs/records/rv-pwr/pwr_budget.out	c4459b5f7a3102357ac0d7b1a2e01df6638a2bed	58e40cf604804cc9d70c7fbeb1012be4552563fcc8ae7ef6755003c33acb902f	47499	EV verification results, reviews and records, with the pages that classify them	execution plan, the owner's reviews and prompts, review routes, and the filed records of each work round
v2/docs/records/rv-pwr/pwr_budget.py	d29ce5e3268d9b61d55af3a33cc12e5ad324c83f	469d0820b046ef6ff5aceadf422b4166de3d6a02bc50fa5b0c3644704f0f9556	67785	EV verification results, reviews and records, with the pages that classify them	execution plan, the owner's reviews and prompts, review routes, and the filed records of each work round
v2/docs/records/rv-zer/ZEROIZE-integration.md	d92adac6b7e9065e384bc6f58c86d1eef3688b7d	ea8afca20dcac2f8f0585200ef0383d2b860826141af0cd669c467196e27f5e3	14289	EV verification results, reviews and records, with the pages that classify them	execution plan, the owner's reviews and prompts, review routes, and the filed records of each work round
v2/docs/records/rv-zer/datasheets/SOURCES.md	3e4348b6894284fc4b028a2afa227301afbc0a12	e37862cd151f74af7dea3fa29cf920717279a836cd12985e7ab72c5f4118a1ee	7306	EV verification results, reviews and records, with the pages that classify them	execution plan, the owner's reviews and prompts, review routes, and the filed records of each work round
v2/docs/records/rv-zer/prices/jlc-ATECC608B-SSHDA-T.json	6d25102c99a1ba62fb27408533ebdb8ce604f68e	1b75f8c933d888608a11927a2df2335326ff852da6cf0cb35ae1a90c7891848e	11976	EV verification results, reviews and records, with the pages that classify them	execution plan, the owner's reviews and prompts, review routes, and the filed records of each work round
v2/docs/records/rv-zer/zeroize/zer_budget.py	efddbeeb972ea296901b3013dd9dcba32639b5c7	8cdad0569ec3d8140d291da79361ccc9b519592e91decb1bc1547f21624bca9e	20269	EV verification results, reviews and records, with the pages that classify them	execution plan, the owner's reviews and prompts, review routes, and the filed records of each work round
v2/docs/records/rv-zer/zeroize/zer_config.py	1a52b1ee867e9e1cf626f2bca14db33a14a48b4a	3d4271b2b9aec3e069ebc8d005f802abb07c7e90b186afc50ef5281725f4b795	11519	EV verification results, reviews and records, with the pages that classify them	execution plan, the owner's reviews and prompts, review routes, and the filed records of each work round
v2/docs/records/ts-net/ts-net-decisions.md	451c8732d7d7f684d07f2ec47cb3cb97017b6f4f	78c2dba37c579c4894d12460f2901fec7816b87def759828eb514df7d51fbdff	19831	EV verification results, reviews and records, with the pages that classify them	execution plan, the owner's reviews and prompts, review routes, and the filed records of each work round
v2/docs/records/w1/_r2_patch_reqs.py	f15825b578cc79ecf35c7cf3c958f591e5f3de18	6f969daee1ea19ba220f2b4cff116e51336adfd026e5c96d3421b3e9e4591476	36897	EV verification results, reviews and records, with the pages that classify them	execution plan, the owner's reviews and prompts, review routes, and the filed records of each work round
v2/docs/records/w1/validate_w1.py	1ab5802ee731a52c949e7fc103b903b71e365044	ffca78212c50e259317c3c5e05b1ed2c7599f980f46139dd5fa932f0f3c31af4	4044	EV verification results, reviews and records, with the pages that classify them	execution plan, the owner's reviews and prompts, review routes, and the filed records of each work round
v2/docs/records/w1/w1-conflicts.md	249d8d478131c41d4e40b3e541d4009c2a0c73cf	eb8d1b0648d0a98349e194d363036404d7435e36749fef30abb61782a2efe333	40872	EV verification results, reviews and records, with the pages that classify them	execution plan, the owner's reviews and prompts, review routes, and the filed records of each work round
v2/docs/records/w1/w1-decisions.md	466f7cdfca3f2ff8f7d2c056cfa17f789484058c	493db60b7d4ab1b65dba7eb9b7e3f78cfa434b27cfd992eb5ccfafa0c28081ec	48603	EV verification results, reviews and records, with the pages that classify them	execution plan, the owner's reviews and prompts, review routes, and the filed records of each work round
v2/docs/records/w1/w1-requirements.yaml	c827ab4851577366c480ae7a992cd6d6e806cec9	1679f096dcfa2f73b5619cc1006367c54b4718a59a01c84df5af1d2cedd55724	93050	EV verification results, reviews and records, with the pages that classify them	execution plan, the owner's reviews and prompts, review routes, and the filed records of each work round
v2/docs/records/w2/w2-power.md	fd77fb645aee08ed5d84240a5a9000e04ecad22c	960e46bdd58bf857aeb436dc9239ee11b30060fad978ba557f560e1be50a53ec	27952	EV verification results, reviews and records, with the pages that classify them	execution plan, the owner's reviews and prompts, review routes, and the filed records of each work round
v2/docs/records/w2/w2-runtime.md	7852961d07b14a7282072ad2a006734c4d9baacf	2b203982023f6fe63a1eecc1103cc3ceb1b6e51f4a858fbe0e79ce365626c9db	16780	EV verification results, reviews and records, with the pages that classify them	execution plan, the owner's reviews and prompts, review routes, and the filed records of each work round
v2/docs/records/w4/w4-mech-thermal-rf.md	6d664602b6841e02249be1a43a8b2c5300cd540b	ba590c405b672995eee2094ec302eb08ddfed9ca49a7411d71041ffd459bd42e	52637	EV verification results, reviews and records, with the pages that classify them	execution plan, the owner's reviews and prompts, review routes, and the filed records of each work round
v2/docs/records/w4/w4-scratch-thermal.py	562822c9a40d8848de4e8fbbea7c39aa1a328d45	6c83da5f7e3e4f0f5393bfe0f609ba02c423adbadfa3661a245d0a9b778e65c3	9871	EV verification results, reviews and records, with the pages that classify them	execution plan, the owner's reviews and prompts, review routes, and the filed records of each work round
v2/docs/records/w6/w6-findings.md	8415a97bbfd38a48ae4e2a56fc20dfe387c9a31a	4cde4801efe8aeb2c0a1942240553d2da8bd623a012486dee0730a41ffb04bf8	40483	EV verification results, reviews and records, with the pages that classify them	execution plan, the owner's reviews and prompts, review routes, and the filed records of each work round
v2/docs/research-io-supervisor-2026-09-09.md	d13e3f7c91fa23281e9dfff64a436e03c54aff97	1da5251ffd47a5b20b73caabce5368b2d44fd425a2171893406e78b11a177d89	7890	HIST history: superseded or process records, kept only to trace a ruling; never an authority	history: the design record (every ruling, every audit round) and superseded research and process records; trace a ruling here, never take it as the current state
v2/docs/research-learned-critic.md	939a8795646c50f001218324a8109ed33102a10a	9c7d38ebe350d0aca66e158122e649c7e0a4ee92f3fa18126e1d0b931d062729	10552	HIST history: superseded or process records, kept only to trace a ruling; never an authority	history: the design record (every ruling, every audit round) and superseded research and process records; trace a ruling here, never take it as the current state
v2/docs/research-parallel-autorouting.md	a757226c25c10b3b8e21a9f822e0bcba70a80395	9d344370b59352858e5e5aa68795ea00d654b82bd008dce93fddeb5c67032dc2	12067	HIST history: superseded or process records, kept only to trace a ruling; never an authority	history: the design record (every ruling, every audit round) and superseded research and process records; trace a ruling here, never take it as the current state
v2/docs/respin-footprints-2026-09-04.md	97704aa4f98dc87e2f9a3c1d2a0631f7eb8fc9cc	469a42d3360979dd50fb179375d13dd6ce1cd7f5ae2914b19cedb55abe04606d	17144	L6 layer 6, components	part compatibility and wrong-model reconciliation records, and the order-code and footprint research
v2/docs/respin-lcsc-2026-09-04.md	cc3a483d1f32e37febde8870568f429f8a360e44	799be5d0b040c364c7727929975cf58f5c8d93ee6fae444b37bf295dd8ac1bf6	42840	L6 layer 6, components	part compatibility and wrong-model reconciliation records, and the order-code and footprint research
v2/docs/respin-research-cm5-2026-09-04.md	9c6dd1a627f313dd1935f8b04921726b022c75e3	6c87219a209369d5456e71c71d0d4dc70bd7a485ce7019422719c728f283c4a7	17750	HIST history: superseded or process records, kept only to trace a ruling; never an authority	history: the design record (every ruling, every audit round) and superseded research and process records; trace a ruling here, never take it as the current state
v2/docs/respin-research-heater-2026-09-04.md	899153f1060bfe8b962e08d9d20ca615f10f12a6	9b4aed99190ec2e4756d8b51ef38955ab8eb848a701fa556c925c9adbd86aed6	20550	HIST history: superseded or process records, kept only to trace a ruling; never an authority	history: the design record (every ruling, every audit round) and superseded research and process records; trace a ruling here, never take it as the current state
v2/docs/respin-research-mech-2026-09-04.md	6a8c237262c79ba1bf66dbba99d3ee2ff863a63e	6b615175119a74004b066c3f54d1f6e4533a786fc712d26f22147331e07c1d4b	35843	HIST history: superseded or process records, kept only to trace a ruling; never an authority	history: the design record (every ruling, every audit round) and superseded research and process records; trace a ruling here, never take it as the current state
v2/docs/respin-research-module-2026-09-04.md	d0f7b96fec223f69ff632dba91b2ef3139407c3f	62341b84f3451ea3f24a43fe9ee8e77f9ff9a8482c76a56f5be5ac6dc79512ac	37263	HIST history: superseded or process records, kept only to trace a ruling; never an authority	history: the design record (every ruling, every audit round) and superseded research and process records; trace a ruling here, never take it as the current state
v2/docs/respin-research-plugs-2026-09-04.md	18548c057ffde4373174f20adc76f7bd2aa3957b	1dabf5275e4b5cfffa5b7b14808dfd4278f8faad1d7e78e204872de6c737a6a7	27607	HIST history: superseded or process records, kept only to trace a ruling; never an authority	history: the design record (every ruling, every audit round) and superseded research and process records; trace a ruling here, never take it as the current state
v2/docs/respin-research-power-2026-09-04.md	d123be9db3b4e61c6ab270340ea38f27072f4d4f	d945d6e39706d45147f6a0faa0ade3c5d82ae6de97afd2221c91b033b5b41031	37367	HIST history: superseded or process records, kept only to trace a ruling; never an authority	history: the design record (every ruling, every audit round) and superseded research and process records; trace a ruling here, never take it as the current state
v2/docs/respin-research-seal-2026-09-04.md	391ff516c957f18570149ee234ba7ab2d9fe1593	d3e61983c78bfec79052ec19741c2cae9b84c5ddc79e23314bb6a29937209180	52538	HIST history: superseded or process records, kept only to trace a ruling; never an authority	history: the design record (every ruling, every audit round) and superseded research and process records; trace a ruling here, never take it as the current state
v2/docs/review-packets/battery/CHARGER-STATE-SEQUENCE.md	6a8276c717c1f141b3fc1747bb55b89a62df178d	44fdf9a022c49337d60eeefd15b7e7267fb5a4659449f7dc5c38153a9786548f	24220	EV verification results, reviews and records, with the pages that classify them	review packet for a qualified reviewer (the battery packet is board P's current review input, per v2/release/review-packets/README.md)
v2/docs/review-packets/battery/FUSE-INTERPRETATION.md	e81f8bd6eaebd4fce9b2dd1a41952cb7ea61fbe7	cc340aa73b5d03218e4a064e820df8cdf0d7b880d8b72e432da321aef936077e	23303	EV verification results, reviews and records, with the pages that classify them	review packet for a qualified reviewer (the battery packet is board P's current review input, per v2/release/review-packets/README.md)
v2/docs/review-packets/battery/MANIFEST.md	57d11ad6e1f5380fd68cc11e3c9e9f218c852590	ecc251f110b71b98e7da579cb918721fac6788e7295e85329e6057b265538942	25995	EV verification results, reviews and records, with the pages that classify them	review packet for a qualified reviewer (the battery packet is board P's current review input, per v2/release/review-packets/README.md)
v2/docs/review-packets/battery/PRIMARY-CONFIGURATION.md	7b3bce4e0d8cd3a077c1a0140e86c64b7b545efa	6726f23778f48e1017d29fffe923c4b07b9e196d4636e3e90432774d9f922aac	31022	EV verification results, reviews and records, with the pages that classify them	review packet for a qualified reviewer (the battery packet is board P's current review input, per v2/release/review-packets/README.md)
v2/docs/review-packets/battery/PROTECTION-ARCHITECTURE.md	b8a3a68f2071fa3862c96bd8e9fdc4845dca9b96	c1fa24d2ee645a1db07b6023d38dd68179b9b99158a71b3940fb0cd52584bac7	27849	EV verification results, reviews and records, with the pages that classify them	review packet for a qualified reviewer (the battery packet is board P's current review input, per v2/release/review-packets/README.md)
v2/docs/review-packets/battery/README.md	c041592966abf60b15fd226d3b7d0045ad71fd14	c2bf5a9c05788f6ecba871568395aeff27b475514ba2f73f942f05e326bf4746	1147	EV verification results, reviews and records, with the pages that classify them	review packet for a qualified reviewer (the battery packet is board P's current review input, per v2/release/review-packets/README.md)
v2/docs/review-packets/battery/REVIEW-REQUEST.md	c672bce7a8f1058339e9159ccf3d67afcdc05afa	91a257430cbeb53a672ca57592bb75092a98a761d1c8ee7bbaefa95e339b102e	45055	EV verification results, reviews and records, with the pages that classify them	review packet for a qualified reviewer (the battery packet is board P's current review input, per v2/release/review-packets/README.md)
v2/docs/review-packets/battery/SECONDARY-OT-DECISION.md	4a1d0b9b4a63f32e13e1a5d9c4268b10716f7e04	8b3ce887c4e1594ab417f0dc66cc3da9f8599a75ea64dc753d6ce8f7c217844a	34357	EV verification results, reviews and records, with the pages that classify them	review packet for a qualified reviewer (the battery packet is board P's current review input, per v2/release/review-packets/README.md)
v2/docs/review-packets/battery/THERMAL-COORDINATION.md	f822ccaee8fe889681a38b4d4f34daeb19c456ae	0d4d60f03260f004cd7af9d738e41bbdb5f5a1d4818fa33775328d0d264d41ec	62904	EV verification results, reviews and records, with the pages that classify them	review packet for a qualified reviewer (the battery packet is board P's current review input, per v2/release/review-packets/README.md)
v2/docs/review-packets/battery/candidate/netlist-diff-vs-d90f30e4.txt	993d8692563522c75b1b8db6bc007733ca10fa51	3d1a13c571d28776cf88eef5dfab11dc7a6726e515ffd0ff84786ec325ed51f1	315	EV verification results, reviews and records, with the pages that classify them	review packet for a qualified reviewer (the battery packet is board P's current review input, per v2/release/review-packets/README.md)
v2/docs/review-packets/battery/candidate/netlist-diff-vs-first-cycle.txt	a286c5161d3761f0aa14cfff3a7b4d1db89944fd	09bcb21d687c3e4f9b3ae968205f68b8c37521b6fc46ca75bbffc09745ee4fef	384	EV verification results, reviews and records, with the pages that classify them	review packet for a qualified reviewer (the battery packet is board P's current review input, per v2/release/review-packets/README.md)
v2/docs/review-packets/battery/candidate/netlist-diff-vs-main.txt	7899c23ec78926ae7401a56172ecb46b2fe7960a	79c8e0ece3bb125ccf0ba52ae9d4d5429980e51dd4ff4f9d88ebaac1b5c03465	1004	EV verification results, reviews and records, with the pages that classify them	review packet for a qualified reviewer (the battery packet is board P's current review input, per v2/release/review-packets/README.md)
v2/docs/review-packets/battery/candidate/pcb-p-pack-bom.csv	dd159e1d08efc406e85e90b31fe71255a22f6e16	38f209c9d7ec4d44f991189614f724d521512ac4e438e05418e444ae215b14f4	3791	EV verification results, reviews and records, with the pages that classify them	review packet for a qualified reviewer (the battery packet is board P's current review input, per v2/release/review-packets/README.md)
v2/docs/review-packets/battery/candidate/pcb-p-pack-erc.rpt	824c32e10de5ba3b2ee7cebc5a73c8fc3c0e21fe	a9c900f6d11bd80e979d18da75b29bfb063ea686aa1f607edf023233bcaf0843	18778	EV verification results, reviews and records, with the pages that classify them	review packet for a qualified reviewer (the battery packet is board P's current review input, per v2/release/review-packets/README.md)
v2/docs/review-packets/battery/candidate/pcb-p-pack-intent.json	3db2b867980b5fc361fb62f4f6986095e4086ff5	6ff1b8129a5c5affdb4dcb1532b8bc9e6b68ebdcc9a62e3029ba66f3dde73414	7622	EV verification results, reviews and records, with the pages that classify them	review packet for a qualified reviewer (the battery packet is board P's current review input, per v2/release/review-packets/README.md)
v2/docs/review-packets/battery/candidate/pcb-p-pack-jlc-bom.filled.csv	274072a4eaaf87c661ff6a1e71ce0e36c1ca8646	cdda617b88d54ad892fa279a8732678928d83dcf4541f12fcd12fcc6ee5de036	3057	EV verification results, reviews and records, with the pages that classify them	review packet for a qualified reviewer (the battery packet is board P's current review input, per v2/release/review-packets/README.md)
v2/docs/review-packets/battery/candidate/pcb-p-pack-schematic.pdf	b58cf73a7cf8e1363db0cacc5b19c7f15cc2d462	0e4e637011d1711ce13993a9acc16b214e912a2efef8ba47d47b618e3404c204	240695	EV verification results, reviews and records, with the pages that classify them	review packet for a qualified reviewer (the battery packet is board P's current review input, per v2/release/review-packets/README.md)
v2/docs/review-packets/battery/candidate/pcb-p-pack.kicad_sch	08b9173ea1115dee8203741207e7a83ceef76a4c	47e0bc19e8e18cf02a09223e7a1e7159262b2f2eb5ba92e270ba7a774ab5e4d5	274549	EV verification results, reviews and records, with the pages that classify them	review packet for a qualified reviewer (the battery packet is board P's current review input, per v2/release/review-packets/README.md)
v2/docs/review-packets/battery/candidate/pcb-p-pack.net	914d2612a7437f095a51473dcd1939118270f123	085f833362fbbda8b2f84b350771338d49db7f5cdb9cd823b9ff84eef47bcf43	92140	EV verification results, reviews and records, with the pages that classify them	review packet for a qualified reviewer (the battery packet is board P's current review input, per v2/release/review-packets/README.md)
v2/docs/review-packets/battery/candidate/pcb-p-pack.net.prov.json	c00b9686f20aaba4c14363d041f70f4db30ceb54	9c500addc6bf71ca64894c09b07fef9023ba69733bf041338d7d54e1c60def9a	8498	EV verification results, reviews and records, with the pages that classify them	review packet for a qualified reviewer (the battery packet is board P's current review input, per v2/release/review-packets/README.md)
v2/docs/review-packets/battery/candidate/ts_network.out	8e7202cde8f17f7647835b709b7ddad2fe5faafb	4d986756daf09ab854417d1d6b87acd4f25ac3a3e2e2d447fd490605d67ecde0	3438	EV verification results, reviews and records, with the pages that classify them	review packet for a qualified reviewer (the battery packet is board P's current review input, per v2/release/review-packets/README.md)
v2/docs/review-packets/battery/candidate/ts_network.py	21f7b98aa806f1d2c496cde36ffd53dc95d5c6d2	2a6925c4c62c030efb3c128a9ab563fdb41bc49bcd36745072abfea13adc6bbd	10374	EV verification results, reviews and records, with the pages that classify them	review packet for a qualified reviewer (the battery packet is board P's current review input, per v2/release/review-packets/README.md)
v2/docs/review-packets/battery/evidence/check_manifest.py	34094955cb2b9a5a2519cfb8c8cdc87000c4146a	7f501f8a2de4cf42fb53add0dab4e77a28cb0c7507e59bb758de8eb0ac8e06c7	2419	EV verification results, reviews and records, with the pages that classify them	review packet for a qualified reviewer (the battery packet is board P's current review input, per v2/release/review-packets/README.md)
v2/docs/review-packets/battery/evidence/jlc-queries-bat.json	6a7ae58eeeb8027a4ed5c5aeafba45478ec26cc1	69ba9104f80d94b2ed8e79ba26c40f1fe9760d42d4f0442eb94606d46f4d52aa	8925	EV verification results, reviews and records, with the pages that classify them	review packet for a qualified reviewer (the battery packet is board P's current review input, per v2/release/review-packets/README.md)
v2/docs/review-packets/battery/evidence/jlc-r8p-C131337.json	2b6d5d456bba76886eaf9ff67de2ab268e1950e0	2ee4d08175b47aa352577a4c716170e0e98be56c4ca775dbb1e6cb6e8af80c49	5275	EV verification results, reviews and records, with the pages that classify them	review packet for a qualified reviewer (the battery packet is board P's current review input, per v2/release/review-packets/README.md)
v2/docs/review-packets/battery/evidence/jlc-r8p-C144395.json	c5d8ee58411b6b62998e216cd1a86981a5cd499f	ba023e4cf92f1e33e02ee8bfa6a8fe36c6d5d8e577511b6dd9f3601850f0481d	6218	EV verification results, reviews and records, with the pages that classify them	review packet for a qualified reviewer (the battery packet is board P's current review input, per v2/release/review-packets/README.md)
v2/docs/review-packets/battery/evidence/regeneration/bat_box.sh	bcb85b89d23c1ac9920299a6d92e2eec61a47482	ebfbb319abc08d530b05e8b047d29e36f392645abf123db50fbf7a0d2c0b2b10	8197	EV verification results, reviews and records, with the pages that classify them	review packet for a qualified reviewer (the battery packet is board P's current review input, per v2/release/review-packets/README.md)
v2/docs/review-packets/battery/evidence/regeneration/bom_diff.txt	2345ae174a58d18998a95b49ee4ee4a0abe8f43d	517b96a2453b23f73e0951fd030a0b12fe4d8b1645889b0650fcbc904886474c	876	EV verification results, reviews and records, with the pages that classify them	review packet for a qualified reviewer (the battery packet is board P's current review input, per v2/release/review-packets/README.md)
v2/docs/review-packets/battery/evidence/regeneration/change_bom.json	0eb79d353b194052e993098ee0471cad27db0786	3fb0d3832c2cbb5585bdbe8328cff419a6c72f89af17838db4b6cd0b68c21734	1104	EV verification results, reviews and records, with the pages that classify them	review packet for a qualified reviewer (the battery packet is board P's current review input, per v2/release/review-packets/README.md)
v2/docs/review-packets/battery/evidence/regeneration/change_erc.json	bccdd62a3519252152414bfb2d34b93aaaf56fc9	a4164c9d445358715777d5502f3c10f5622f809ebdf7a9cff057116b66b26312	814	EV verification results, reviews and records, with the pages that classify them	review packet for a qualified reviewer (the battery packet is board P's current review input, per v2/release/review-packets/README.md)
v2/docs/review-packets/battery/evidence/regeneration/change_net.json	31ee75f90580822a3c7a66304468468bdd4c7b9e	755f4f54b62a30526bb354862029994b3a041b042247439daeefe833c08c8955	5818	EV verification results, reviews and records, with the pages that classify them	review packet for a qualified reviewer (the battery packet is board P's current review input, per v2/release/review-packets/README.md)
v2/docs/review-packets/battery/evidence/regeneration/env.txt	576c7373e736fdcf3b6b400fe1d396d148db0338	8b1712b908411a51ebb9679887b1f2bb09139cb86a1f0ca0f5831ec66439c1b5	192	EV verification results, reviews and records, with the pages that classify them	review packet for a qualified reviewer (the battery packet is board P's current review input, per v2/release/review-packets/README.md)
v2/docs/review-packets/battery/evidence/regeneration/gates-base/check_contracts.log	62b8d7166fbe75aa75f2bbc30116c27c1cffb7d9	23dff7ee905e6949e27b538d3998e737e1d498b9fd1415b2057f96cb154c44da	6358	EV verification results, reviews and records, with the pages that classify them	review packet for a qualified reviewer (the battery packet is board P's current review input, per v2/release/review-packets/README.md)
v2/docs/review-packets/battery/evidence/regeneration/gates-base/check_contracts.verdict.json	8cff475f5afa7a7d48d0c375f18783c447b2c9c2	c02269c6430fc22a97e50c7c9913854eac5eb6c82fe4085f30914220aec27ed0	1613	EV verification results, reviews and records, with the pages that classify them	review packet for a qualified reviewer (the battery packet is board P's current review input, per v2/release/review-packets/README.md)
v2/docs/review-packets/battery/evidence/regeneration/gates-base/check_contracts_a.verdict.json	297c2e0a58370ae7c9ccc63d83665e92a7264f21	a87aff3bfd65c3fd14b66904a59edc8ee51a6a0a4923fc441942cc136a4b4c59	2609	EV verification results, reviews and records, with the pages that classify them	review packet for a qualified reviewer (the battery packet is board P's current review input, per v2/release/review-packets/README.md)
v2/docs/review-packets/battery/evidence/regeneration/gates-base/check_contracts_b.verdict.json	002e06695126308dd43a872aba344f2623e9a436	fecf21ab7071a329612f97eaf4f508fecd59a6a00110d0af58b7f92f06653e71	2690	EV verification results, reviews and records, with the pages that classify them	review packet for a qualified reviewer (the battery packet is board P's current review input, per v2/release/review-packets/README.md)
v2/docs/review-packets/battery/evidence/regeneration/gates-base/check_contracts_c.verdict.json	7987d996e9e0039d539b3797cc26746b4247bd3f	c2524a50536f738c8b4ad7edc7ddbc771a35a2a381066b09f7737d793b77c382	1188	EV verification results, reviews and records, with the pages that classify them	review packet for a qualified reviewer (the battery packet is board P's current review input, per v2/release/review-packets/README.md)
v2/docs/review-packets/battery/evidence/regeneration/gates-base/check_contracts_d.verdict.json	d2a7eb9906d0393e08f602de8a5afefa137aeb3f	db47db021c1caaf6b33d4bc437f25265e6f3220edacee3b040feeaad1214c8ae	1328	EV verification results, reviews and records, with the pages that classify them	review packet for a qualified reviewer (the battery packet is board P's current review input, per v2/release/review-packets/README.md)
v2/docs/review-packets/battery/evidence/regeneration/gates-base/check_contracts_e.verdict.json	bd544fcc4e529cc4044e2bfcbef093484ab1a5ba	0c1676539349c4cd215583754c4ab478265097def4b67cfa9c86e23257bf53ae	1123	EV verification results, reviews and records, with the pages that classify them	review packet for a qualified reviewer (the battery packet is board P's current review input, per v2/release/review-packets/README.md)
v2/docs/review-packets/battery/evidence/regeneration/gates-base/check_contracts_p.verdict.json	ad6d10c8fbf0d77d851695053b60dc2e63593438	054d9116e8a941519178e5ed7b063459a9a2d304533273638a0f0a0489f35918	723	EV verification results, reviews and records, with the pages that classify them	review packet for a qualified reviewer (the battery packet is board P's current review input, per v2/release/review-packets/README.md)
v2/docs/review-packets/battery/evidence/regeneration/gates-base/derate.log	f97d5f52480275580394336aadfa208206b053d8	4ffcc40839e4f894ea14b01794650fa63c46f655487e68ce8a97ffdaef20e423	599	EV verification results, reviews and records, with the pages that classify them	review packet for a qualified reviewer (the battery packet is board P's current review input, per v2/release/review-packets/README.md)
v2/docs/review-packets/battery/evidence/regeneration/gates-base/derate.verdict.json	f5f84bafa2d7d64b79661fa176c87159bad958c4	d352c611ff034fcbb19d2da659e5ea9ddb88898e369cf18621fe1ebc88c28e4c	975	EV verification results, reviews and records, with the pages that classify them	review packet for a qualified reviewer (the battery packet is board P's current review input, per v2/release/review-packets/README.md)
v2/docs/review-packets/battery/evidence/regeneration/gates-base/energy_chain.log	23de9e403098dbabeef2ca3e77d81e6126c092b6	400f7c926a45882ef89dddf5aa5d0157dac2d2c97302485a5035dd5d9d1595b7	3460	EV verification results, reviews and records, with the pages that classify them	review packet for a qualified reviewer (the battery packet is board P's current review input, per v2/release/review-packets/README.md)
v2/docs/review-packets/battery/evidence/regeneration/gates-base/energy_chain.verdict.json	6bfef88b9defda4c5d768f3ced41c2a3eab82a8f	61f7c5facc2de48c5e3797ffb2e891a33550c341391e5ca17d3cd4f077b57138	1945	EV verification results, reviews and records, with the pages that classify them	review packet for a qualified reviewer (the battery packet is board P's current review input, per v2/release/review-packets/README.md)
v2/docs/review-packets/battery/evidence/regeneration/gates-base/energy_chain_a.verdict.json	79da876fa0268266b16f042e06372a939fd68ed6	0c1eabca0d74eb4a0c0acda25786c0d9ab484a1e56d0dc1a4334fe390ba9cef0	1012	EV verification results, reviews and records, with the pages that classify them	review packet for a qualified reviewer (the battery packet is board P's current review input, per v2/release/review-packets/README.md)
v2/docs/review-packets/battery/evidence/regeneration/gates-base/energy_chain_b.verdict.json	910a5b069d26e60d17600f51233895659fa32d70	2a4f7fff07f4b782a37336eff56b6d73000068c8714ec7196714a60283c6589d	1636	EV verification results, reviews and records, with the pages that classify them	review packet for a qualified reviewer (the battery packet is board P's current review input, per v2/release/review-packets/README.md)
v2/docs/review-packets/battery/evidence/regeneration/gates-base/energy_chain_e.verdict.json	5c790a84ece929bf5606aa925a8f05b438fc90a8	15da9acdf5e7ce5afac83c7740f4359177c25af339bc2b9b9e8debb788b1fa88	899	EV verification results, reviews and records, with the pages that classify them	review packet for a qualified reviewer (the battery packet is board P's current review input, per v2/release/review-packets/README.md)
v2/docs/review-packets/battery/evidence/regeneration/gates-base/energy_chain_e5.verdict.json	1e1ce60a66430e4845b5391bead63d9d241de36d	aff2185c374ea56bb54395d6ecdb3ed7f93dd337b76188da203a170a8087701d	963	EV verification results, reviews and records, with the pages that classify them	review packet for a qualified reviewer (the battery packet is board P's current review input, per v2/release/review-packets/README.md)
v2/docs/review-packets/battery/evidence/regeneration/gates-base/energy_chain_p.verdict.json	9e1109f8771cda8c50c4cd96b7a5f55038679fce	27fd30401bc8ea10684ccf958a9ba155d2f890b532bb7ca7e759401f8663d48c	897	EV verification results, reviews and records, with the pages that classify them	review packet for a qualified reviewer (the battery packet is board P's current review input, per v2/release/review-packets/README.md)
v2/docs/review-packets/battery/evidence/regeneration/gates-base/erc_gate.log	96e8e38a4d5490b7387b03a3887691c8e23dc10b	3ff8d86ec8da8b492a774a4ba76ea994b836852a1d3bf224c6871414e7123153	342	EV verification results, reviews and records, with the pages that classify them	review packet for a qualified reviewer (the battery packet is board P's current review input, per v2/release/review-packets/README.md)
v2/docs/review-packets/battery/evidence/regeneration/gates-base/inhibit_chain_a.verdict.json	ee4209523c9f442e458a27db1f6ed3832592cf1b	2c929d72f7e0820ce3ba175315bf6335eccfb075c3d7e45dcc2c42b69074ce3e	1212	EV verification results, reviews and records, with the pages that classify them	review packet for a qualified reviewer (the battery packet is board P's current review input, per v2/release/review-packets/README.md)
v2/docs/review-packets/battery/evidence/regeneration/gates-base/inhibit_chain_b.verdict.json	bca3213e645dc6679afaf6e509369d2a45b5adee	038784edf25a5db94deb6d0ee0a3006d927d12f9f68b7c5d8a31b5880ea2265d	1096	EV verification results, reviews and records, with the pages that classify them	review packet for a qualified reviewer (the battery packet is board P's current review input, per v2/release/review-packets/README.md)
v2/docs/review-packets/battery/evidence/regeneration/gates-base/inhibit_chain_c.verdict.json	7463ae30fce7d265a8b80a03c3a1e8cd3f8f9c36	f271ddd5ef0dfeca74354a893ee3e9fae3b495ab944bd3db9e9d9901101ea45a	837	EV verification results, reviews and records, with the pages that classify them	review packet for a qualified reviewer (the battery packet is board P's current review input, per v2/release/review-packets/README.md)
v2/docs/review-packets/battery/evidence/regeneration/gates-base/inhibit_chain_d.verdict.json	a9eaad988e1c5a14cc8cf9bba5320b1e68c63e63	62c86e32c0e289f55324844d2db5cd09a483e931b10c1e6d3879264d851aae17	837	EV verification results, reviews and records, with the pages that classify them	review packet for a qualified reviewer (the battery packet is board P's current review input, per v2/release/review-packets/README.md)
v2/docs/review-packets/battery/evidence/regeneration/gates-base/lcsc_fill.log	88af8e3b8e716a59397d31722bd134ec7bebf47e	2c1c4447073cfe1ffd020aaf87ff52e7f5f030a5a7bf60b226c2c28124095242	288	EV verification results, reviews and records, with the pages that classify them	review packet for a qualified reviewer (the battery packet is board P's current review input, per v2/release/review-packets/README.md)
v2/docs/review-packets/battery/evidence/regeneration/gates-base/lcsc_fill.verdict.json	7acf8d80064cc1c8d8c24cd4aba3f64ffa6b3b38	e56921a8b75590c889c9adf84a479b098c8689c24a81b672ef096968527be696	1287	EV verification results, reviews and records, with the pages that classify them	review packet for a qualified reviewer (the battery packet is board P's current review input, per v2/release/review-packets/README.md)
v2/docs/review-packets/battery/evidence/regeneration/gates-base/pack_protection.log	ad5c1cc4bb0ba2835239f237db51cb5daef5f2cb	de1aa29fbfacb46e90bb2340e7c1e33175747b84e71ae60fc0fab174a76c9d70	832	EV verification results, reviews and records, with the pages that classify them	review packet for a qualified reviewer (the battery packet is board P's current review input, per v2/release/review-packets/README.md)
v2/docs/review-packets/battery/evidence/regeneration/gates-base/pin_map_lands.log	68678cee22fa3f8b6bb6f9acc3147a105f4f15bf	d0e607262cffa2f38809a00d3ee10b2101db935c4d196caf64b866b4710fb153	319	EV verification results, reviews and records, with the pages that classify them	review packet for a qualified reviewer (the battery packet is board P's current review input, per v2/release/review-packets/README.md)
v2/docs/review-packets/battery/evidence/regeneration/gates-base/pin_map_lands_p.verdict.json	67536faee0ba3e62337d600dbcc8139b12705ad3	fa501bb824fd7cf6353e2a9a0c16ef80e72d453530f14ff63baa2458cb8de13b	842	EV verification results, reviews and records, with the pages that classify them	review packet for a qualified reviewer (the battery packet is board P's current review input, per v2/release/review-packets/README.md)
v2/docs/review-packets/battery/evidence/regeneration/gates-base/port_protect.log	aa4054c9cdfa1932d61b8ed9a6e19ab78068a4a6	af43a31121fa1a64117a5c8f4da49d4d67bee97020174b94ab458e97913c0864	487	EV verification results, reviews and records, with the pages that classify them	review packet for a qualified reviewer (the battery packet is board P's current review input, per v2/release/review-packets/README.md)
v2/docs/review-packets/battery/evidence/regeneration/gates-base/port_protect.verdict.json	421c06ab85ee426f72d44a5a582b5b0ad8bd64e7	4945b7a2c9782a1668640f1dc8c29ab92fff80d72b16a8c718128bfee7dc5509	974	EV verification results, reviews and records, with the pages that classify them	review packet for a qualified reviewer (the battery packet is board P's current review input, per v2/release/review-packets/README.md)
v2/docs/review-packets/battery/evidence/regeneration/gates-base/port_protect_p.verdict.json	e2dd159aaf823e093ca2a4b474ad18e30f2ec141	166ccf5b81d15d61333d094b6d36a3b0627f8cf3f78e7f26d72e5c392816108d	1053	EV verification results, reviews and records, with the pages that classify them	review packet for a qualified reviewer (the battery packet is board P's current review input, per v2/release/review-packets/README.md)
v2/docs/review-packets/battery/evidence/regeneration/gates-base/power_path.log	abb6bc7a3f4a9528d66c2149873ced616e90c459	905c6f0c122f7bf2b76b625196ae4f9ac7f06846434871851bbe7d5626f92267	1048	EV verification results, reviews and records, with the pages that classify them	review packet for a qualified reviewer (the battery packet is board P's current review input, per v2/release/review-packets/README.md)
v2/docs/review-packets/battery/evidence/regeneration/gates-base/power_path.verdict.json	189219fabc21bb438100b09506ff3bb488e9c314	bd78fb54c9277257f8f0a79b4909b0d92b9d60c41dbfa816b6f77237f62b7aac	890	EV verification results, reviews and records, with the pages that classify them	review packet for a qualified reviewer (the battery packet is board P's current review input, per v2/release/review-packets/README.md)
v2/docs/review-packets/battery/evidence/regeneration/gates-base/review_nets.log	7afa7fc6951c460a825dc1f389dc3bc5cbcde412	f373dceaf6003c0d38568cadcb941485e8e2cc8047c2e89f1efb8530cdf79d02	124	EV verification results, reviews and records, with the pages that classify them	review packet for a qualified reviewer (the battery packet is board P's current review input, per v2/release/review-packets/README.md)
v2/docs/review-packets/battery/evidence/regeneration/gates-new/check_contracts.log	eff8466b7bda65d13ff2bdc0936a1dcc10784db4	95a4315b25f123f1ce84a4b995f00effdedb1cb158fad328d69689e71ead852f	6358	EV verification results, reviews and records, with the pages that classify them	review packet for a qualified reviewer (the battery packet is board P's current review input, per v2/release/review-packets/README.md)
v2/docs/review-packets/battery/evidence/regeneration/gates-new/check_contracts.verdict.json	57ed065d291e52bfd2cfe87113883dc992396839	0b25995885378d727788d5b6b949914354aaa258b7cc7100b4fa69cdd4416f6d	1613	EV verification results, reviews and records, with the pages that classify them	review packet for a qualified reviewer (the battery packet is board P's current review input, per v2/release/review-packets/README.md)
v2/docs/review-packets/battery/evidence/regeneration/gates-new/check_contracts_a.verdict.json	2e42aa53f4d962ea90872565ae78a7a45c3ec645	a01afdb7f958f97fd62f6a9d27202b251d44edd267de24ea99f3c92017ae31a2	2609	EV verification results, reviews and records, with the pages that classify them	review packet for a qualified reviewer (the battery packet is board P's current review input, per v2/release/review-packets/README.md)
v2/docs/review-packets/battery/evidence/regeneration/gates-new/check_contracts_b.verdict.json	ab1d593909e6770c9b993a32ef6954af2310c2bc	141786b486cde4b9cf413aae1ef53b67f34dc4928ae5f7c4ce782dc5a2cf5de5	2690	EV verification results, reviews and records, with the pages that classify them	review packet for a qualified reviewer (the battery packet is board P's current review input, per v2/release/review-packets/README.md)
v2/docs/review-packets/battery/evidence/regeneration/gates-new/check_contracts_c.verdict.json	68cf9efa24901d9dee3459f66f0542884a215552	11f78aea3e2f54aef1cbea2a8b905e0eb456174b18d2252bc84e0c544a5d5270	1188	EV verification results, reviews and records, with the pages that classify them	review packet for a qualified reviewer (the battery packet is board P's current review input, per v2/release/review-packets/README.md)
v2/docs/review-packets/battery/evidence/regeneration/gates-new/check_contracts_d.verdict.json	811fc5cf6cccd230b48896ba523f099619dd3534	df6449c9910ff0be854d1b4b97a0cb33d1e7e7f82bcf826980b9c333d160cc85	1328	EV verification results, reviews and records, with the pages that classify them	review packet for a qualified reviewer (the battery packet is board P's current review input, per v2/release/review-packets/README.md)
v2/docs/review-packets/battery/evidence/regeneration/gates-new/check_contracts_e.verdict.json	745775bfd2210a9219a416b9e4ee056598f3a057	2c77ef378d5922abcaf2172192c9b1532f8e127326eb56f92b56bce17aa82c0f	1123	EV verification results, reviews and records, with the pages that classify them	review packet for a qualified reviewer (the battery packet is board P's current review input, per v2/release/review-packets/README.md)
v2/docs/review-packets/battery/evidence/regeneration/gates-new/check_contracts_p.verdict.json	1e50d1d1c39c6e8140e0725d1621f473e3fbb1dd	012699cc991d5d985489438df9bf955dd8d75a35019f293274fe14d6d285926d	723	EV verification results, reviews and records, with the pages that classify them	review packet for a qualified reviewer (the battery packet is board P's current review input, per v2/release/review-packets/README.md)
v2/docs/review-packets/battery/evidence/regeneration/gates-new/derate.log	f97d5f52480275580394336aadfa208206b053d8	4ffcc40839e4f894ea14b01794650fa63c46f655487e68ce8a97ffdaef20e423	599	EV verification results, reviews and records, with the pages that classify them	review packet for a qualified reviewer (the battery packet is board P's current review input, per v2/release/review-packets/README.md)
v2/docs/review-packets/battery/evidence/regeneration/gates-new/derate.verdict.json	a31ecaf0a9b6c4fe9062a9461a97f5a04c2b8476	92b02edd7c462406dc5e694fa0f41211bb4fc67e600f63f37c0c999fc547d9f0	974	EV verification results, reviews and records, with the pages that classify them	review packet for a qualified reviewer (the battery packet is board P's current review input, per v2/release/review-packets/README.md)
v2/docs/review-packets/battery/evidence/regeneration/gates-new/energy_chain.log	23de9e403098dbabeef2ca3e77d81e6126c092b6	400f7c926a45882ef89dddf5aa5d0157dac2d2c97302485a5035dd5d9d1595b7	3460	EV verification results, reviews and records, with the pages that classify them	review packet for a qualified reviewer (the battery packet is board P's current review input, per v2/release/review-packets/README.md)
v2/docs/review-packets/battery/evidence/regeneration/gates-new/energy_chain.verdict.json	41cb1bba1c5794d0331cc4e0a9cc71cbfb4c829d	7ab450e7f0f78f336f6faf00a0b2550c1ec68aaa03baa796f58727c4f1569026	1945	EV verification results, reviews and records, with the pages that classify them	review packet for a qualified reviewer (the battery packet is board P's current review input, per v2/release/review-packets/README.md)
v2/docs/review-packets/battery/evidence/regeneration/gates-new/energy_chain_a.verdict.json	3cf32a16dca895610737121a3682cf4131bd73b4	d1b00ece220c01d970952b8ce09f695bd8dc851c37fe4cec5dea5512884b26d4	1012	EV verification results, reviews and records, with the pages that classify them	review packet for a qualified reviewer (the battery packet is board P's current review input, per v2/release/review-packets/README.md)
v2/docs/review-packets/battery/evidence/regeneration/gates-new/energy_chain_b.verdict.json	9352935c7b5435d2c066bf1df69bd0a4f2d36f10	8645b84d3035eb4c02b189968bd33136644be79290277d0bc0dbc83013f3b74f	1636	EV verification results, reviews and records, with the pages that classify them	review packet for a qualified reviewer (the battery packet is board P's current review input, per v2/release/review-packets/README.md)
v2/docs/review-packets/battery/evidence/regeneration/gates-new/energy_chain_e.verdict.json	bb824273f8af48a14a3836e3fc9d0f87021d1ea0	d636934c489cc77b0a0059cc18c32d288817a902da3aaa98051526769e8d3174	899	EV verification results, reviews and records, with the pages that classify them	review packet for a qualified reviewer (the battery packet is board P's current review input, per v2/release/review-packets/README.md)
v2/docs/review-packets/battery/evidence/regeneration/gates-new/energy_chain_e5.verdict.json	9b90ee515fc9a902dc2f10e73374d121cce574fa	9126a9834b2208ecbd2f971674d9cbcd00100b7d69fd021495ee14fd34fd3feb	963	EV verification results, reviews and records, with the pages that classify them	review packet for a qualified reviewer (the battery packet is board P's current review input, per v2/release/review-packets/README.md)
v2/docs/review-packets/battery/evidence/regeneration/gates-new/energy_chain_p.verdict.json	b4e570f8620ceac5f127fde22a3fd055f00dce99	af441ae272a3ef53324f1cbc4cb644f45ff0a8191bea49c7baefe83bfead9e2f	897	EV verification results, reviews and records, with the pages that classify them	review packet for a qualified reviewer (the battery packet is board P's current review input, per v2/release/review-packets/README.md)
v2/docs/review-packets/battery/evidence/regeneration/gates-new/erc_gate.log	19c25cd61cae5fdda1324ce08b3529e90d00af8f	e2cd0a9beceac3bf73cb67d46bf62ddac68df74cbeebf77ccbad49f0b53c2c76	342	EV verification results, reviews and records, with the pages that classify them	review packet for a qualified reviewer (the battery packet is board P's current review input, per v2/release/review-packets/README.md)
v2/docs/review-packets/battery/evidence/regeneration/gates-new/inhibit_chain_a.verdict.json	004ade4b1bbd3b92f39293e9fe0e34ee5874fcb1	0c4ef631f559859022923ff49552e6afb1e7a5f22194a225c6f3ff558b7abbb3	1212	EV verification results, reviews and records, with the pages that classify them	review packet for a qualified reviewer (the battery packet is board P's current review input, per v2/release/review-packets/README.md)
v2/docs/review-packets/battery/evidence/regeneration/gates-new/inhibit_chain_b.verdict.json	ca5fc55f57b96c2b3f0f4f169a913b3b32cc8086	a04b0bf060fa3d2fc1f9488b7f7acb57e2a5e5ed50bba37f1b84d7f05fbc0fcb	1096	EV verification results, reviews and records, with the pages that classify them	review packet for a qualified reviewer (the battery packet is board P's current review input, per v2/release/review-packets/README.md)
v2/docs/review-packets/battery/evidence/regeneration/gates-new/inhibit_chain_c.verdict.json	e1d83c3f521469e1669c0911fced947daf6a63bd	14463dd387e262f3a809807da71cf9d2e51e20da33cd14fa2205ede95eef94b7	837	EV verification results, reviews and records, with the pages that classify them	review packet for a qualified reviewer (the battery packet is board P's current review input, per v2/release/review-packets/README.md)
v2/docs/review-packets/battery/evidence/regeneration/gates-new/inhibit_chain_d.verdict.json	603b716d5d469588b7246fea1336104a72da06c2	3adb5c157a2343ad6221b5bdeb2e8e21692d5f66ca16f75b0f9032e5a7dff306	837	EV verification results, reviews and records, with the pages that classify them	review packet for a qualified reviewer (the battery packet is board P's current review input, per v2/release/review-packets/README.md)
v2/docs/review-packets/battery/evidence/regeneration/gates-new/lcsc_fill.log	5ce4513f8bc0c3a28cf3d2c654db3b3168a37e27	762c54dbde241ddcfa786aae17e28bab09f08f5346d29e9acf7763aaf11002da	288	EV verification results, reviews and records, with the pages that classify them	review packet for a qualified reviewer (the battery packet is board P's current review input, per v2/release/review-packets/README.md)
v2/docs/review-packets/battery/evidence/regeneration/gates-new/lcsc_fill.verdict.json	666dc1d267ce2f3ae3ad8042cb94045ff21856e8	df0c7edd4ab4efe0a7f5cc22493c48a5ffed28debf9d33ec1592f71470bf3cad	1287	EV verification results, reviews and records, with the pages that classify them	review packet for a qualified reviewer (the battery packet is board P's current review input, per v2/release/review-packets/README.md)
v2/docs/review-packets/battery/evidence/regeneration/gates-new/pack_protection.log	ad5c1cc4bb0ba2835239f237db51cb5daef5f2cb	de1aa29fbfacb46e90bb2340e7c1e33175747b84e71ae60fc0fab174a76c9d70	832	EV verification results, reviews and records, with the pages that classify them	review packet for a qualified reviewer (the battery packet is board P's current review input, per v2/release/review-packets/README.md)
v2/docs/review-packets/battery/evidence/regeneration/gates-new/pin_map_lands.log	b1be2e4bade0634cb44d2db59120ee3b983a0a38	94eaf3b3d4246f71e29ec3677db6c69be7168a56b96866af883fee592451a8e7	319	EV verification results, reviews and records, with the pages that classify them	review packet for a qualified reviewer (the battery packet is board P's current review input, per v2/release/review-packets/README.md)
v2/docs/review-packets/battery/evidence/regeneration/gates-new/pin_map_lands_p.verdict.json	0df7ea495392a716d6d470ec316077a410c4f196	72031a379cdb7368ca0393be38efd4b86e2d203f6b9fb9db7c6d5eaaa987dd65	841	EV verification results, reviews and records, with the pages that classify them	review packet for a qualified reviewer (the battery packet is board P's current review input, per v2/release/review-packets/README.md)
v2/docs/review-packets/battery/evidence/regeneration/gates-new/port_protect.log	aa4054c9cdfa1932d61b8ed9a6e19ab78068a4a6	af43a31121fa1a64117a5c8f4da49d4d67bee97020174b94ab458e97913c0864	487	EV verification results, reviews and records, with the pages that classify them	review packet for a qualified reviewer (the battery packet is board P's current review input, per v2/release/review-packets/README.md)
v2/docs/review-packets/battery/evidence/regeneration/gates-new/port_protect.verdict.json	299eb243d90d4cb838047e0d691263d3cf432588	899de5d1e685d0cf92f627950e9ff6e38ac7bbe19de81302423145a00d8c73a4	973	EV verification results, reviews and records, with the pages that classify them	review packet for a qualified reviewer (the battery packet is board P's current review input, per v2/release/review-packets/README.md)
v2/docs/review-packets/battery/evidence/regeneration/gates-new/port_protect_p.verdict.json	6b3189e0e88c7b80f4817e698724b2514e7ee480	b3604f1f796588bfe5d93c2259fdad7817a6f50186e40fcb83e3e2a133120fb7	1052	EV verification results, reviews and records, with the pages that classify them	review packet for a qualified reviewer (the battery packet is board P's current review input, per v2/release/review-packets/README.md)
v2/docs/review-packets/battery/evidence/regeneration/gates-new/power_path.log	831e403aea480a26e62d22820734debb6c033162	310bf2e7305e1df3b77a1b8a5da11319a7adfe763ce5a6ec847c18718e6bfe6e	1047	EV verification results, reviews and records, with the pages that classify them	review packet for a qualified reviewer (the battery packet is board P's current review input, per v2/release/review-packets/README.md)
v2/docs/review-packets/battery/evidence/regeneration/gates-new/power_path.verdict.json	be5c56515d6c7004c8b6bf8fbd294d22dd4f80e4	6b03b699bc8c60a59a8a002d42d80006db26a3add415651899f10572e1a7a4f6	890	EV verification results, reviews and records, with the pages that classify them	review packet for a qualified reviewer (the battery packet is board P's current review input, per v2/release/review-packets/README.md)
v2/docs/review-packets/battery/evidence/regeneration/gates-new/review_nets.log	762a3f0d021002f590ab5cc3f60fe8d6015ebc91	f05a4c14dcadb948f1732e8043e741898346242808802c3df97a6d79e782195f	123	EV verification results, reviews and records, with the pages that classify them	review packet for a qualified reviewer (the battery packet is board P's current review input, per v2/release/review-packets/README.md)
v2/docs/review-packets/battery/evidence/regeneration/generator-sha256.txt	64849546f68264e3bbd2ec82d40f0e1ab03b9cdb	e2fb67eed59d1ec85065a399e0d4e4a657fdd8e19512983adf93c516c2ef8893	229	EV verification results, reviews and records, with the pages that classify them	review packet for a qualified reviewer (the battery packet is board P's current review input, per v2/release/review-packets/README.md)
v2/docs/review-packets/battery/evidence/regeneration/lcsc_fill-runner/base-lcsc_fill.log	e13c0af5a3af117bebb171b9ce7348a598709ce9	928006e11b8ec35a03cc0ed42b406ed574f7ba4624e5252ba0dedcc290c3df69	248	EV verification results, reviews and records, with the pages that classify them	review packet for a qualified reviewer (the battery packet is board P's current review input, per v2/release/review-packets/README.md)
v2/docs/review-packets/battery/evidence/regeneration/lcsc_fill-runner/base-lcsc_fill.verdict.json	b67a2069b93ea01bde0a06684facf8860780f728	96a14f7e018aa272b2a98797351d19f0dd257ebe92b2b980832aa14a627e352e	894	EV verification results, reviews and records, with the pages that classify them	review packet for a qualified reviewer (the battery packet is board P's current review input, per v2/release/review-packets/README.md)
v2/docs/review-packets/battery/evidence/regeneration/lcsc_fill-runner/new-lcsc_fill.log	5dd1bcde25e88691e0bdcf0d93e80f8c615afabc	85492144ce0cfbce7d6f3ac99351b79a02cab17904052d6ff94dcd3e6cc84cae	248	EV verification results, reviews and records, with the pages that classify them	review packet for a qualified reviewer (the battery packet is board P's current review input, per v2/release/review-packets/README.md)
v2/docs/review-packets/battery/evidence/regeneration/lcsc_fill-runner/new-lcsc_fill.verdict.json	c3e402e9636c97fb1ba9052fa9bab535e07ef78f	7e7585fa4916de91fb07e6cac83a679f504fa5a779880c7af42c3523f71d9164	894	EV verification results, reviews and records, with the pages that classify them	review packet for a qualified reviewer (the battery packet is board P's current review input, per v2/release/review-packets/README.md)
v2/docs/review-packets/battery/evidence/regeneration/netdiff.py	4233faa04e2453de32db0108ead730c621217885	233d391292bd69c27d227c0c99d59c38ae95cd9d52cf5cf26a432287befd3515	3612	EV verification results, reviews and records, with the pages that classify them	review packet for a qualified reviewer (the battery packet is board P's current review input, per v2/release/review-packets/README.md)
v2/docs/review-packets/battery/evidence/regeneration/overlay-files.txt	7b96932aeff2126edbfa64e28f0e6c4635d84f2c	cb8fdd018ce1631e0433a650329c6d3de768a9865fbbb7675a9db9d4e1e69d0d	27	EV verification results, reviews and records, with the pages that classify them	review packet for a qualified reviewer (the battery packet is board P's current review input, per v2/release/review-packets/README.md)
v2/docs/review-packets/battery/evidence/regeneration/parity_bom.json	42ab04a5fdd08883066eef87de63d5c1cbb1c6e4	cb06effee90d3015e2072f4e4501d9955cae6b42b056aec707a75d573202706d	66	EV verification results, reviews and records, with the pages that classify them	review packet for a qualified reviewer (the battery packet is board P's current review input, per v2/release/review-packets/README.md)
v2/docs/review-packets/battery/evidence/regeneration/parity_erc.json	07cf56477cb30ff02a8eb1e168fef11d822275c0	1c991cfae6347800c939a6e90fe17fe11e826d9024e42cefc83de7a0884ba420	281	EV verification results, reviews and records, with the pages that classify them	review packet for a qualified reviewer (the battery packet is board P's current review input, per v2/release/review-packets/README.md)
v2/docs/review-packets/battery/evidence/regeneration/parity_intent.json	7ceec776d6602ec3f596fcc9e01b86fc0fc4922d	607f2e1b7adb75dc66267217a7334114126f37ea6ca8cab0548736b90c1ba3d4	76	EV verification results, reviews and records, with the pages that classify them	review packet for a qualified reviewer (the battery packet is board P's current review input, per v2/release/review-packets/README.md)
v2/docs/review-packets/battery/evidence/regeneration/parity_net.json	f04875ff4d781979903c90df50bc48d6fcd6e97c	38232469c3f70134cacf5560ede7728daf73a4226cea020143cfac35454f8900	710	EV verification results, reviews and records, with the pages that classify them	review packet for a qualified reviewer (the battery packet is board P's current review input, per v2/release/review-packets/README.md)
v2/docs/review-packets/battery/evidence/regeneration/parity_sch.json	04f1be75a9bb528e7a3aca07e48748094d4944cf	f466f68f3e846502aa2ed1a2474c0294577ce676326e266ae941e3725e161453	345	EV verification results, reviews and records, with the pages that classify them	review packet for a qualified reviewer (the battery packet is board P's current review input, per v2/release/review-packets/README.md)
v2/docs/review-packets/battery/evidence/regeneration/run.log	bfa8ca6df7ccacc68692599b126559f8bed72c02	6178dc6af090f9cb3c3ecd085cba18427d293c8bb1c86e9c8e76f10c9c165ca9	3594	EV verification results, reviews and records, with the pages that classify them	review packet for a qualified reviewer (the battery packet is board P's current review input, per v2/release/review-packets/README.md)
v2/docs/review-packets/battery/evidence/regeneration/sha256.txt	c0baef8a0adf708ac22499383a9e0276a241353a	b19fc501b6011523fcf7d61b09719f781c33bb19f1b1fb23731973474d6b22b2	3376	EV verification results, reviews and records, with the pages that classify them	review packet for a qualified reviewer (the battery packet is board P's current review input, per v2/release/review-packets/README.md)
v2/docs/review-packets/battery/evidence/regeneration/test-pack-secondary-ts-runs.txt	bc6e4036d852c4188fd2e21ef89d8a4393d76e02	e30f054450f2198571691dcdd6e31d7a62f0b678bcf1b19dda46753eb14ba722	4894	EV verification results, reviews and records, with the pages that classify them	review packet for a qualified reviewer (the battery packet is board P's current review input, per v2/release/review-packets/README.md)
v2/docs/review-packets/battery/evidence/thermal_budget.out	93b7fdb3b76a9f7c13eee71ef8769571d286e839	7de91fcecd3d109280c6beefdb817efb8455d472dba8cd024da7385289bfa15b	3609	EV verification results, reviews and records, with the pages that classify them	review packet for a qualified reviewer (the battery packet is board P's current review input, per v2/release/review-packets/README.md)
v2/docs/review-packets/battery/evidence/thermal_budget.py	33858e3bd8fb09c2d1a08602a7f701529351eae5	b78aeed52a24063d6b35b599755b8219595f92610736cddd9000f5a4396c8775	9024	EV verification results, reviews and records, with the pages that classify them	review packet for a qualified reviewer (the battery packet is board P's current review input, per v2/release/review-packets/README.md)
v2/docs/review-packets/battery/evidence/trm_defaults_check.out	2518ffa6a35ae5f73a38392a7dd51b85340210c4	b04e2438d09cbf4a514c854dc215e8252cf0b1290839095af11709bb3ed6b0c4	8517	EV verification results, reviews and records, with the pages that classify them	review packet for a qualified reviewer (the battery packet is board P's current review input, per v2/release/review-packets/README.md)
v2/docs/review-packets/battery/evidence/trm_defaults_check.py	96bc69300de094b1336e048f3528b147316e5718	870eecc2f324fcd38268afcde63a012ebf9f36931bd0970eafb0d15980f99500	12770	EV verification results, reviews and records, with the pages that classify them	review packet for a qualified reviewer (the battery packet is board P's current review input, per v2/release/review-packets/README.md)
v2/docs/reviews/2026-09-26-foundation-progress-review.md	73c1e323db1f58937e23ee7afe59d9c37f6bfb3f	5a6a5b60efddce21d0b9ee1b99aaa7113ef03733bf39a3c2b950a9c28efa2a08	16188	EV verification results, reviews and records, with the pages that classify them	execution plan, the owner's reviews and prompts, review routes, and the filed records of each work round
v2/docs/reviews/2026-09-26-second-checkpoint-review.md	a28859b78bdd123bf5f7c0b7746c66ec83db0fc0	a1050d5b8fc2807f1060ca2d47d2778db5a9d0b0ecd8e57c02cf22f90a733516	20021	EV verification results, reviews and records, with the pages that classify them	execution plan, the owner's reviews and prompts, review routes, and the filed records of each work round
v2/docs/reviews/2026-09-27-handover-execution-prompt.md	761b6fc90c9fdafc68adee4e13a1b30455e52daa	f815c5715f3adba729868a3aa76bbd74bc0c232d3cc696599e2fa1dd9219215c	13735	EV verification results, reviews and records, with the pages that classify them	execution plan, the owner's reviews and prompts, review routes, and the filed records of each work round
v2/docs/reviews/INT-002-PRE-LAYOUT-ASSESSMENT.md	d2ec8f5e98da14123f498e1d6eff7f12e5df03a6	cad907b73c7ed8ea3c3f7b3dfb05ddcffd68fa4dedeb7333ebf70be502372ed4	11853	EV verification results, reviews and records, with the pages that classify them	execution plan, the owner's reviews and prompts, review routes, and the filed records of each work round
v2/docs/reviews/READY-TO-ACT.md	6431cc407706cce287a7df85bbeba197f3d0fb34	c4485a0cfed7621dc44236b1b038cb46a787677118a25f758d5d68b19d6ad0d2	69131	EV verification results, reviews and records, with the pages that classify them	execution plan, the owner's reviews and prompts, review routes, and the filed records of each work round
v2/docs/reviews/REVIEW-A-LAYER-1-2026-09-27.md	7a6482c10f44b4869e7285f1f7150113c3727ed4	d469a268fe0b8768a12c1f407ddb40e6dbfdab2d7b51e4da357253d88015865c	40410	EV verification results, reviews and records, with the pages that classify them	execution plan, the owner's reviews and prompts, review routes, and the filed records of each work round
v2/docs/reviews/REVIEW-ROUTES.md	439ea4e720ffb6c0e354e1232c8db9fccfec0d62	b0f8f30234126da0ac42a037ab90fdaed991974b1c0909fdeb3f7b442757d95d	25538	EV verification results, reviews and records, with the pages that classify them	execution plan, the owner's reviews and prompts, review routes, and the filed records of each work round
v2/docs/routeflow-methodology.md	66e436952f3c98340ab943cca0b6c835bb60f056	8c136fb0cec3052abb0bdb3da32a409a7c7039c0a78aa28292b1d78174d2c6de	18621	HIST history: superseded or process records, kept only to trace a ruling; never an authority	history: the design record (every ruling, every audit round) and superseded research and process records; trace a ruling here, never take it as the current state
v2/ecad/meshsat.pretty/BackerScrew_M3_GND.kicad_mod	969a703459dcadfb90c646c9890937a8efd6d8a9	e0b8f321b6539d37d1bc69ac67ca74bf983e27235b7e9583d45897fb0e33041d	704	L6 layer 6, components	the project's own land patterns (a generator input: their content is in the netlist provenance)
v2/ecad/meshsat.pretty/CM5_Amphenol_10164227.kicad_mod	420dacd5e3ec1a0c66b430fb525dba18d1dc2917	e5ad42053038d917fe4f90475be22db2039859d24fee432cbee9614acbb05696	37300	L6 layer 6, components	the project's own land patterns (a generator input: their content is in the netlist provenance)
v2/ecad/meshsat.pretty/CM5_Conn_A_10164227.kicad_mod	babefb7b93929185782ea645a07b0835ca738c07	3a9dd27aa4e835718d3ce7717a14077d3c7be05921c372ff88de84067fe1c93f	17831	L6 layer 6, components	the project's own land patterns (a generator input: their content is in the netlist provenance)
v2/ecad/meshsat.pretty/CM5_Conn_B_10164227.kicad_mod	f1a863ce6743c7cd63a13036d2b0bb8aa4dd23d1	70d693d26d5da48744f6380901cb9651b1f919fea24a2bd6b092a22537935111	18639	L6 layer 6, components	the project's own land patterns (a generator input: their content is in the netlist provenance)
v2/ecad/meshsat.pretty/DMR858M.kicad_mod	b7eeb551102aaf3cf232a0c6261b57dd1babab12	248d6d69dbfb3920e4f4ec629f6d83b9a03daf6d82a1c9ef84293328cd757886	5075	L6 layer 6, components	the project's own land patterns (a generator input: their content is in the netlist provenance)
v2/ecad/meshsat.pretty/Eaton_SCF9550_9.5x5.0mm.kicad_mod	4f84adb6101844e04ee3f091a125c57f5b44112c	9ae65da606637469cad4c3cdcb1b8e2d3f0a22a69e542f5d85b60c4e9796b0e9	3478	L6 layer 6, components	the project's own land patterns (a generator input: their content is in the netlist provenance)
v2/ecad/meshsat.pretty/Ebyte_E22-900M30S.kicad_mod	69cdb329999d405eeb085a9587da267e9c7b5b29	320fcd4eb92c9a3d8c4881655730dabf55a3a8e03e5e4e804f0faed561fc3dbb	3574	L6 layer 6, components	the project's own land patterns (a generator input: their content is in the netlist provenance)
v2/ecad/meshsat.pretty/Ebyte_E72-2G4M20S1E.kicad_mod	d254ca6c23c8c475e80b8bed202fda372dc8ad00	e23886e119231fae408563063e17ee4c89c1b359fcb0087696c0563304b3bccf	7098	L6 layer 6, components	the project's own land patterns (a generator input: their content is in the netlist provenance)
v2/ecad/meshsat.pretty/FrameScrew_M3_GND.kicad_mod	f92a3c2825954d6206a4affe969198fccf3a1255	953fbf7b8d2775c61575ff1f57a63ab7d3caecb364502377ac05263855244c47	950	L6 layer 6, components	the project's own land patterns (a generator input: their content is in the netlist provenance)
v2/ecad/meshsat.pretty/GuardedToggle_SPDT.kicad_mod	0b93bdcd4fb501a1824a9de49059c8cc4f6af8cf	3ba23e9472430bfbb2d73b55cb9a034d23ed2d07189b50300e78d29883bf970a	2463	L6 layer 6, components	the project's own land patterns (a generator input: their content is in the netlist provenance)
v2/ecad/meshsat.pretty/GuidePin_Dock.kicad_mod	b7ea90d1631656f172b7e0570dc68d5f06551e6d	127868c515b1fdba86eb0b3443edf22613e04cacc1c22af15dba4bde07da0292	757	L6 layer 6, components	the project's own land patterns (a generator input: their content is in the netlist provenance)
v2/ecad/meshsat.pretty/GuidePin_Stack.kicad_mod	6bad73715f57372d8d64c8ced5d0701583eb296a	96e57f5f09143c02a0910fff6d3c317bcbb03c23d2593388c8a509683d688407	758	L6 layer 6, components	the project's own land patterns (a generator input: their content is in the netlist provenance)
v2/ecad/meshsat.pretty/Hirose_FH12-22S-0.5SH_1x22-1MP_P0.50mm_Horizontal.kicad_mod	0b67a52f9e86c229f5e76d05d0bad6fa27c9a8cd	0b61f235fdd3fedc511011e354bf45ce98f8f2576f30c44adc3b61e0dff1436a	8478	L6 layer 6, components	the project's own land patterns (a generator input: their content is in the netlist provenance)
v2/ecad/meshsat.pretty/Hirose_FH34SRJ-24S.kicad_mod	fffcc0e8964fe160de31b0bb3ac0af3bef66a2a0	088c3893a6e7cd07787ce3103ff2998affaba8a68ec18755bc88cb53be922f18	4027	L6 layer 6, components	the project's own land patterns (a generator input: their content is in the netlist provenance)
v2/ecad/meshsat.pretty/IDC-Header_2x05_P2.54mm_Vertical_NarrowPad.kicad_mod	39ee3bb4388fbbb47907842c3da6848c2150b820	55d3be9b5c62f4e3288bc14babc5f28d2d39b0699a2ac5910273c0723234db40	5619	L6 layer 6, components	the project's own land patterns (a generator input: their content is in the netlist provenance)
v2/ecad/meshsat.pretty/IDC-Header_2x07_P2.54mm_Vertical_NarrowPad.kicad_mod	1c620b9b894ed0a9961bd0299515292c345786d8	8c552c0508d353dddce0c261b809388a3e50d2a6261fca38ce4080a8577a13f1	6151	L6 layer 6, components	the project's own land patterns (a generator input: their content is in the netlist provenance)
v2/ecad/meshsat.pretty/IDC-Header_2x08_P2.54mm_Vertical_NarrowPad.kicad_mod	61bab0e2646b1b9fb02fc128aa4b1ecf43ddd54f	a01394897fbff0502fd3316e286001a0b789412163ae7cf2cc1227f89acc9d17	6424	L6 layer 6, components	the project's own land patterns (a generator input: their content is in the netlist provenance)
v2/ecad/meshsat.pretty/IDC-Header_2x09_P2.54mm_Vertical_NarrowPad.kicad_mod	bdbae7c0254c8a2ff7ea12b60b4ffa282bf76e39	6c1abe3206771c72b6e8a4ce944c7d6e45b9b2fc47e1a566e2504857771a49c2	6692	L6 layer 6, components	the project's own land patterns (a generator input: their content is in the netlist provenance)
v2/ecad/meshsat.pretty/IDC-Header_2x10_P2.54mm_Vertical_NarrowPad.kicad_mod	a1a17da82ee2da5512b81af1d9b4f58dec981264	6db93a5cf77db321d58e9437e2c127e60dfbebba4b6621a6532ba6caecb841c8	6959	L6 layer 6, components	the project's own land patterns (a generator input: their content is in the netlist provenance)
v2/ecad/meshsat.pretty/IDC-Header_2x13_P2.54mm_Vertical_NarrowPad.kicad_mod	3ccffea6baf6f3fa38adb29dfd75f88d01e864c4	49a8f7be064e043a60d1caad6fdebc7f12eed3c7b6558cadc3d863e71ceb6cc3	7764	L6 layer 6, components	the project's own land patterns (a generator input: their content is in the netlist provenance)
v2/ecad/meshsat.pretty/IDC-Header_2x20_P2.54mm_Vertical_NarrowPad.kicad_mod	07f5ef3e28017ec0aa2e3b2865440f9020fbcd35	c872ca1c0b64fbf1990ae04c3858df528df90f1adcfea07d67ef9ee1006d248b	9631	L6 layer 6, components	the project's own land patterns (a generator input: their content is in the netlist provenance)
v2/ecad/meshsat.pretty/LQFP-128_14x14mm_P0.4mm_EP6.0.kicad_mod	b4f32ac72c359ff96f9104f1d228d62c0340d47e	6a8b77e14185381b095d07845479a085cb1fb28ef580cd57378a55f3243166fe	21781	L6 layer 6, components	the project's own land patterns (a generator input: their content is in the netlist provenance)
v2/ecad/meshsat.pretty/LeadLands_1x02.kicad_mod	684dba90f12f0d7c586f63996de6a859f5e9104c	1e3fa195a8f63a9c521ca608e1f0696b9005e308f0fa44552587c1e0e9c3a1f2	940	L6 layer 6, components	the project's own land patterns (a generator input: their content is in the netlist provenance)
v2/ecad/meshsat.pretty/M2_B-Key_Socket_3052.kicad_mod	9d36c9d4e54be4570f4d73543a68bf7254c79832	4982b4c8fa21070bfb57de1c17ebb16b3f497be3e4f5ee6f6f1a9b7216014a7a	8356	L6 layer 6, components	the project's own land patterns (a generator input: their content is in the netlist provenance)
v2/ecad/meshsat.pretty/M2_E-Key_Socket_2230.kicad_mod	f535d6ccbcb8827a1ba076c8ff4d473446042c3a	c8bc157e47cbdc73d8bc129a07f710082a45fd58464e03ed67b0cd517601128d	11906	L6 layer 6, components	the project's own land patterns (a generator input: their content is in the netlist provenance)
v2/ecad/meshsat.pretty/M2_M-Key_Socket_2242.kicad_mod	1cb336bc94bf0788b57ac315995cf9d0a460fa1b	7a780b96b8af6b69d6af81a12d83203ee98843a94c8ec4e4f1f0f795961feb53	8364	L6 layer 6, components	the project's own land patterns (a generator input: their content is in the netlist provenance)
v2/ecad/meshsat.pretty/Mill-Max_0858_power_pin.kicad_mod	e7ae0538e73ccd2f68dc34445c4e96d31aaad04a	aca8f7f50b3510b79e95317050e56e0aa15e3778ccc4a48b3ddfe4bd9c5ceb37	2238	L6 layer 6, components	the project's own land patterns (a generator input: their content is in the netlist provenance)
v2/ecad/meshsat.pretty/Mill-Max_0858_target.kicad_mod	847341092da38e4370746c238f1ec88a109ce3a1	ac3acfd980ac8f008ee300bcbfa87f5b4c9e82fb3027a6a894df99150eace459	3349	L6 layer 6, components	the project's own land patterns (a generator input: their content is in the netlist provenance)
v2/ecad/meshsat.pretty/MiniPCIe_Socket_52P_H4.0_Standoff.kicad_mod	22dfefd604c75cbf02106436d5a51850762dcefa	9b4b5f9b12b7ffdd87a73df37fabd4907bcfd7cb06b20111140965440a89dd34	9992	L6 layer 6, components	the project's own land patterns (a generator input: their content is in the netlist provenance)
v2/ecad/meshsat.pretty/NiceRF_SA868.kicad_mod	6d18850bc11de25f1365987feabbbe144f7b6d34	e7a55e1a606daff47424d8946cb12a2af1c1d7e547261ab812d243032865d074	3060	L6 layer 6, components	the project's own land patterns (a generator input: their content is in the netlist provenance)
v2/ecad/meshsat.pretty/PanelJack_17mm.kicad_mod	24252c51561ce62337d26bc48e3f95c2d1617b09	57e493be8fb2bbe238d55d83b2f1b5391c53b9d944a2e3cbf41dbe6db3871fa6	1860	L6 layer 6, components	the project's own land patterns (a generator input: their content is in the netlist provenance)
v2/ecad/meshsat.pretty/PanelSounder.kicad_mod	1f6272b2dd125e4fb079ad7ce69c35993aa54546	b0cefe91582284d94f1616e24fae0365a4a792d35224ecf613b5bee33151f3c3	1333	L6 layer 6, components	the project's own land patterns (a generator input: their content is in the netlist provenance)
v2/ecad/meshsat.pretty/PanelSwitch_16mm.kicad_mod	0a623a3e226ad6174334b806b85cc4e02f26f014	d96bed5c02a782005e6cbdff35c36e8ad0bf72735480dc3e07ae14bef685b802	1514	L6 layer 6, components	the project's own land patterns (a generator input: their content is in the netlist provenance)
v2/ecad/meshsat.pretty/PanelSwitch_19mm.kicad_mod	2544a22529720cbfd41819913bfe8a522d217b31	9f90b2fa4904b3f3cf83bbc3a7d768e73d1db5b6696c3650dd5fe6ac6a024304	1514	L6 layer 6, components	the project's own land patterns (a generator input: their content is in the netlist provenance)
v2/ecad/meshsat.pretty/PanelToggle_DPDT.kicad_mod	f8796fa733bc66f5e2cd65cf3bfe743dc8259bbd	6ce26720f476c6aa9ced7e2c6c19823414a6e04cc3b538dd5e0344c8df42d677	3533	L6 layer 6, components	the project's own land patterns (a generator input: their content is in the netlist provenance)
v2/ecad/meshsat.pretty/PogoPins_2x4.kicad_mod	cb9ae20ccdc1803b624a44ff6be0787babb50f04	cf5389ccc07994615ed0ef36d834e25dc92980ae35cf438f9ddf2acab446623a	1514	L6 layer 6, components	the project's own land patterns (a generator input: their content is in the netlist provenance)
v2/ecad/meshsat.pretty/PogoPins_2x6.kicad_mod	8705c1dca881bb048e98192cb9205567b3858eec	171fa629c58b8f1e91006da4d3fb87c933abc33c59d528d087a9bc5d060d2a68	1921	L6 layer 6, components	the project's own land patterns (a generator input: their content is in the netlist provenance)
v2/ecad/meshsat.pretty/PogoTargets_2x4.kicad_mod	f12181613f62896296bc45af4e7ac3834083dda6	d6f6471174dfb9d70416cefbd620c0389591b11003eae1bc083f99442c0f05d9	1340	L6 layer 6, components	the project's own land patterns (a generator input: their content is in the netlist provenance)
v2/ecad/meshsat.pretty/PogoTargets_2x6.kicad_mod	0b5028a70be47bd7156e7cd419f0b644f5aeea8d	94b2f0134ac6ee1180e7b7a4847f9beaccb036add245bdda387cc593bf3e4ec1	1663	L6 layer 6, components	the project's own land patterns (a generator input: their content is in the netlist provenance)
v2/ecad/meshsat.pretty/Pulse_H5007NL.kicad_mod	0365d0017c5fdefcf0c59e2f745747dd0cd2694c	128dfe0f1d65c364aaec2e47560fad7166c07e9164087011a81a7f2f7d4a8128	3574	L6 layer 6, components	the project's own land patterns (a generator input: their content is in the netlist provenance)
v2/ecad/meshsat.pretty/Quectel_LG290P.kicad_mod	ab90aab3dc4e8587536055e9f55ba474764d6e8f	d76eeb96b23d70956474e74eb9725cd55d9a8b0c20a4529794cb14780a47b27b	8796	L6 layer 6, components	the project's own land patterns (a generator input: their content is in the netlist provenance)
v2/ecad/meshsat.pretty/Radiall_SMPMAX_R222M00720.kicad_mod	8b85546846fa3c00ab365f63af42027532b2ec52	71510bda3748db671ffac79071100471b4bae8d5290080a74f28e623be0bb6cc	4584	L6 layer 6, components	the project's own land patterns (a generator input: their content is in the netlist provenance)
v2/ecad/meshsat.pretty/Seeed_Wio-SX1262.kicad_mod	13f3ad42fc07c6d98e2b3a1ef174374bfb80672a	7d63f492567e7fce7ed47bf8856c4a978d3c42986a41646f6a3d147a545dfc51	4015	L6 layer 6, components	the project's own land patterns (a generator input: their content is in the netlist provenance)
v2/ecad/meshsat.pretty/Sensirion_DFN-6-1EP_2.44x2.44mm_P0.8mm_EP1.25x1.7mm.kicad_mod	a48d0518b854182258cc9ee8eac65b0f4be82697	4fd7bf77769ab06d2f95995f94e2e8d267808b395f0790b5f0a256f14aab5beb	2413	L6 layer 6, components	the project's own land patterns (a generator input: their content is in the netlist provenance)
v2/ecad/meshsat.pretty/Skyworks_SKY13351_MLPD-6_1x1mm.kicad_mod	9d715f84372f857d74f88d2b1d431771594dd4cb	e64cd3a24b3b0c99dfb6f8eec7bc77b4c436b2b09c287b12d889894b8d89e5f9	1840	L6 layer 6, components	the project's own land patterns (a generator input: their content is in the netlist provenance)
v2/ecad/meshsat.pretty/Slot_5x1.8_NPTH.kicad_mod	aa14174da5d277214ebb334ecbb5f0cede22eb27	9e499bdd0b654dc6e071272dc7f483dbe24524a128c39322c6de035d37ae88a0	428	L6 layer 6, components	the project's own land patterns (a generator input: their content is in the netlist provenance)
v2/ecad/meshsat.pretty/SolderPad_8x6.kicad_mod	e54e951880f1177e8d14d774300fc58679397740	c9da5808d2ef317e5f36b0eccaaef0d49549764e7a3a31ab619931597989aec4	644	L6 layer 6, components	the project's own land patterns (a generator input: their content is in the netlist provenance)
v2/ecad/meshsat.pretty/TQFP-128_14x14mm_P0.4mm_EP10.0.kicad_mod	cef192ea8c5b0b2a18e075ab4600c4ae5b4b2228	f46f11fe8fb1790cf1297c9fd6c574d9a0b844227264fd4a2871c5544db0889f	21663	L6 layer 6, components	the project's own land patterns (a generator input: their content is in the netlist provenance)
v2/ecad/meshsat.pretty/Texas_RKS0020A_VQFN-20_2.5x4.5mm.kicad_mod	9300f208435ad56c03bddd6ce95651e0a73731c1	7d7b6fd5a01e1ddfc88a39cbd02955bb5a8801921fa3fb2be58499d883ad5e04	3541	L6 layer 6, components	the project's own land patterns (a generator input: their content is in the netlist provenance)
v2/ecad/meshsat.pretty/Texas_RQM0029A_QFN-29_4x4mm.kicad_mod	e834904a82b1f8acae5a591ee5c58a2222a76b23	ee1f25f041a0fecc99f707f75f2a700652ba21fa29797031e493c43961274b65	8906	L6 layer 6, components	the project's own land patterns (a generator input: their content is in the netlist provenance)
v2/ecad/meshsat.pretty/Texas_RQQ0011A_VQFN-HR-11_2.5x3mm.kicad_mod	413b76a1947732671281ae679d70cf692791c652	d52318714fba429baeb83a97a8767ef2db7bba0ca3ec843732b06f0e7870615c	6467	L6 layer 6, components	the project's own land patterns (a generator input: their content is in the netlist provenance)
v2/ecad/meshsat.pretty/Texas_RSE0010A_UQFN-10_1.5x2mm.kicad_mod	d91e3d1cdf26eec817fadd3d83f7a8473cfa62c9	8234d844f4e7f6a5ff3fe86a56e03a370c6ca00b9fdc6d8199818b8168a4894b	2333	L6 layer 6, components	the project's own land patterns (a generator input: their content is in the netlist provenance)
v2/ecad/meshsat.pretty/Texas_RSM0032A_VQFN-32-1EP_4x4mm_P0.4mm_EP1.4x1.4mm.kicad_mod	6a7df33f9688c18e02d304cf443cd5ce283333b8	fd01a6538a5316026812d573b3a9889bcc127a84d501fa40c57d7a59f0446982	9646	L6 layer 6, components	the project's own land patterns (a generator input: their content is in the netlist provenance)
v2/ecad/meshsat.pretty/ToggleBody_DPDT.kicad_mod	abe2f1d39c47b7b1fc6a0d89317a83fe18d4327b	1bc556b1632dc3caad4c4f8091b4eaf6ca117ba2a61e40cf393626d16eb5ceb6	1560	L6 layer 6, components	the project's own land patterns (a generator input: their content is in the netlist provenance)
v2/ecad/meshsat.pretty/ToggleBody_SPDT.kicad_mod	da327469e4115214a336e2c8cda9324d1b6c816e	a8576aab37c32b12710fc3320ad9923b2af117426b517752f5487b4364bc1dee	1308	L6 layer 6, components	the project's own land patterns (a generator input: their content is in the netlist provenance)
v2/ecad/meshsat.pretty/Vishay_VEML7700.kicad_mod	5eb1038164776db9994d9cf039ba2630c767cb30	fb8764f71ec401dc98091e2c711a1df644a5bc30f0cf3e9646f636be937996d3	1186	L6 layer 6, components	the project's own land patterns (a generator input: their content is in the netlist provenance)
v2/ecad/meshsat.pretty/WeAct_EPD_3p7.kicad_mod	4d3218b9fb116948e290dd5085abc24818cb8251	8c495ece41cc80b4c8a0a999330e9cacc93d8b4805b09cd1daf870c8d70cf7b8	2202	L6 layer 6, components	the project's own land patterns (a generator input: their content is in the netlist provenance)
v2/ecad/meshsat.pretty/WireHole_2mm.kicad_mod	4035c0334674f2bdca516ca60f29ce0361b81d7b	dba7cab10484e9aadcee0c61750236b33478cd5c4937aad654fd9ca075cde443	689	L6 layer 6, components	the project's own land patterns (a generator input: their content is in the netlist provenance)
v2/ecad/meshsat.pretty/WireLands_2x6.kicad_mod	88fb8fac6ee7b88238030791e7ca12927d4625a9	83be0b1d2c58cd4e2ba86c8568c2036bcd55a9d8c51ddbc886e3f1e86e834390	1935	L6 layer 6, components	the project's own land patterns (a generator input: their content is in the netlist provenance)
v2/ecad/pcb-a-power-a23/bypass-allow.txt	200b04051d6a1155ab759eabbbc6a4b6f7cccbbf	788989723a33c7b6b1e7c91b0a36f4518d6f1ea1fd0caddff51dab922769196c	618	L8 layer 8, schematics	allow-list with a reason per line, read by a check of this board (ERC, LCSC, bypass)
v2/ecad/pcb-a-power-a23/fp-lib-table	fd7c68e15545a10459df09195a3bfa1e9283c3f5	9c2d14bd7a666d8449ea4e59410076e5167000b98681b2ea302ae00e93d46c32	162	L8 layer 8, schematics	footprint library table (points at ../meshsat.pretty)
v2/ecad/pcb-a-power-a23/lcsc-allow.txt	8dead444d5dc42c2549437ad459b3713b593662e	78ccf60cfc38b2c3bb6462218193248f057ea7e124e9a4d0974ee6eb179697de	1804	L8 layer 8, schematics	allow-list with a reason per line, read by a check of this board (ERC, LCSC, bypass)
v2/ecad/pcb-a-power-a23/out/pcb-a-power-intent.json	645ebcaf687949c27b185c4eb933bcad61f7de18	98f0100b1023700ed0815848f529e66dfcca772db02bdd6dd6e160ec85c73b06	55741	L8 layer 8, schematics	electrical intent written by the generator (rails, nodes, classes) beside the netlist
v2/ecad/pcb-a-power-a23/out/pcb-a-power.net	17d4888f630ffeee0f3e4bc67e5a2a0e54991ec2	3a786cf31614fe63725f57227b6160226d5d945a99401fcb7c279e7ff51ec78a	631924	L8 layer 8, schematics	netlist exported from the committed schematic (the design every schematic-phase rule judges)
v2/ecad/pcb-a-power-a23/out/pcb-a-power.net.prov.json	16bebedec98da7a07e1ab8a3426c5c37e532d27e	4686125f76ae3a9600897ca02eda02637444334ae2e76273ac29eb47d734dd8a	8499	L8 layer 8, schematics	provenance sidecar: the generator files that wrote the netlist, by content (sch_prov.py)
v2/ecad/pcb-a-power-a23/pcb-a-power.kicad_pro	089cfe071cb3e45c4608c75ba6058bc39885f4cf	a5f669ecb899545fb6a39f75f14133b813f5151b95ba692da7479a4a5768e20d	17895	L8 layer 8, schematics	KiCad project file of the declared phase (net classes, ERC settings)
v2/ecad/pcb-a-power-a23/pcb-a-power.kicad_sch	00f1cab731428315409a553d6b3ad1182eff76d6	e96c92ab344d4305a741901e69707580162ef7c78c3e538dc40751bcedf2d534	2127774	L8 layer 8, schematics	native KiCad 9 schematic of the declared phase (written by the board's generator)
v2/ecad/pcb-a-power/bypass-allow.txt	200b04051d6a1155ab759eabbbc6a4b6f7cccbbf	788989723a33c7b6b1e7c91b0a36f4518d6f1ea1fd0caddff51dab922769196c	618	L8 layer 8, schematics	the stem directory readiness_manifest.json names (an earlier phase): only its footprint table and allow-lists, so the directory the tools fall back to exists
v2/ecad/pcb-a-power/fp-lib-table	fd7c68e15545a10459df09195a3bfa1e9283c3f5	9c2d14bd7a666d8449ea4e59410076e5167000b98681b2ea302ae00e93d46c32	162	L8 layer 8, schematics	the stem directory readiness_manifest.json names (an earlier phase): only its footprint table and allow-lists, so the directory the tools fall back to exists
v2/ecad/pcb-a-power/lcsc-allow.txt	8dead444d5dc42c2549437ad459b3713b593662e	78ccf60cfc38b2c3bb6462218193248f057ea7e124e9a4d0974ee6eb179697de	1804	L8 layer 8, schematics	the stem directory readiness_manifest.json names (an earlier phase): only its footprint table and allow-lists, so the directory the tools fall back to exists
v2/ecad/pcb-b-compute-b19/bypass-allow.txt	200b04051d6a1155ab759eabbbc6a4b6f7cccbbf	788989723a33c7b6b1e7c91b0a36f4518d6f1ea1fd0caddff51dab922769196c	618	L8 layer 8, schematics	allow-list with a reason per line, read by a check of this board (ERC, LCSC, bypass)
v2/ecad/pcb-b-compute-b19/erc-allow.txt	9a1a76efba2a4c191f1494689f65a599517c677a	9810934c1c03f7452a111bdc5be3f407b2db8b8a34026d6c403fb82d8b0a2071	632	L8 layer 8, schematics	allow-list with a reason per line, read by a check of this board (ERC, LCSC, bypass)
v2/ecad/pcb-b-compute-b19/fp-lib-table	fd7c68e15545a10459df09195a3bfa1e9283c3f5	9c2d14bd7a666d8449ea4e59410076e5167000b98681b2ea302ae00e93d46c32	162	L8 layer 8, schematics	footprint library table (points at ../meshsat.pretty)
v2/ecad/pcb-b-compute-b19/lcsc-allow.txt	5bc513b3caebbcae3cd5336407a15f9168a31b38	0853945a870351eb75501b79a20ab9cea6ecc9484cc58a511c3a224972ba3f40	1791	L8 layer 8, schematics	allow-list with a reason per line, read by a check of this board (ERC, LCSC, bypass)
v2/ecad/pcb-b-compute-b19/out/pcb-b-compute-intent.json	df7a4c22868dd186fc715dbdd3b2e9278bd37c6d	cf461c0b75ce368b831119e395dfcc27de3b2defd174f076a67b40150fd2d793	52539	L8 layer 8, schematics	electrical intent written by the generator (rails, nodes, classes) beside the netlist
v2/ecad/pcb-b-compute-b19/out/pcb-b-compute.net	8945a5d141a0a82318d88267b21b70e461307cdb	669d02d07aeaae4be388beb904361d95daacc43bbee3e294cd81e1a714fe4e87	1449348	L8 layer 8, schematics	netlist exported from the committed schematic (the design every schematic-phase rule judges)
v2/ecad/pcb-b-compute-b19/out/pcb-b-compute.net.prov.json	58e41c034e468c1b486f39b335a94af09a9cc3d0	d7d029791bc7fd5cd7ec341b7ab2f8c8dfea2069ed6b116434020daa854ef530	8501	L8 layer 8, schematics	provenance sidecar: the generator files that wrote the netlist, by content (sch_prov.py)
v2/ecad/pcb-b-compute-b19/pcb-b-compute.kicad_pro	49bd8ab9241209dbcac68731eab795acb25c11cd	c2c6e771722d9f53d7468170eb61478b52582f9791c747c579f394711cac1eb4	34849	L8 layer 8, schematics	KiCad project file of the declared phase (net classes, ERC settings)
v2/ecad/pcb-b-compute-b19/pcb-b-compute.kicad_sch	5aecc0f273c6d0a09ea833335e866014549f3abf	d6a25e63622e20dade5617c16089eb97aad3a29d5c062065cdc95ff5fe277880	4363303	L8 layer 8, schematics	native KiCad 9 schematic of the declared phase (written by the board's generator)
v2/ecad/pcb-b-compute/bypass-allow.txt	200b04051d6a1155ab759eabbbc6a4b6f7cccbbf	788989723a33c7b6b1e7c91b0a36f4518d6f1ea1fd0caddff51dab922769196c	618	L8 layer 8, schematics	the stem directory readiness_manifest.json names (an earlier phase): only its footprint table and allow-lists, so the directory the tools fall back to exists
v2/ecad/pcb-b-compute/erc-allow.txt	9a1a76efba2a4c191f1494689f65a599517c677a	9810934c1c03f7452a111bdc5be3f407b2db8b8a34026d6c403fb82d8b0a2071	632	L8 layer 8, schematics	the stem directory readiness_manifest.json names (an earlier phase): only its footprint table and allow-lists, so the directory the tools fall back to exists
v2/ecad/pcb-b-compute/fp-lib-table	fd7c68e15545a10459df09195a3bfa1e9283c3f5	9c2d14bd7a666d8449ea4e59410076e5167000b98681b2ea302ae00e93d46c32	162	L8 layer 8, schematics	the stem directory readiness_manifest.json names (an earlier phase): only its footprint table and allow-lists, so the directory the tools fall back to exists
v2/ecad/pcb-b-compute/lcsc-allow.txt	5bc513b3caebbcae3cd5336407a15f9168a31b38	0853945a870351eb75501b79a20ab9cea6ecc9484cc58a511c3a224972ba3f40	1791	L8 layer 8, schematics	the stem directory readiness_manifest.json names (an earlier phase): only its footprint table and allow-lists, so the directory the tools fall back to exists
v2/ecad/pcb-c-display-c8/bypass-allow.txt	200b04051d6a1155ab759eabbbc6a4b6f7cccbbf	788989723a33c7b6b1e7c91b0a36f4518d6f1ea1fd0caddff51dab922769196c	618	L8 layer 8, schematics	allow-list with a reason per line, read by a check of this board (ERC, LCSC, bypass)
v2/ecad/pcb-c-display-c8/fp-lib-table	fd7c68e15545a10459df09195a3bfa1e9283c3f5	9c2d14bd7a666d8449ea4e59410076e5167000b98681b2ea302ae00e93d46c32	162	L8 layer 8, schematics	footprint library table (points at ../meshsat.pretty)
v2/ecad/pcb-c-display-c8/lcsc-allow.txt	e8e205e8343c442f27721919498e44ca315b3d34	9b5bbc3df7a065c19799b7f73839369f3389c17f0c0352e944a69783eb09c293	1884	L8 layer 8, schematics	allow-list with a reason per line, read by a check of this board (ERC, LCSC, bypass)
v2/ecad/pcb-c-display-c8/out/pcb-c-display-intent.json	eab731fa2853800b5e6ae0f9e3feec0b8ed4d3c5	854436c729322993dd05c7bb94fd5dd9be7833c89a28c1eec7766e778b2cee3a	18744	L8 layer 8, schematics	electrical intent written by the generator (rails, nodes, classes) beside the netlist
v2/ecad/pcb-c-display-c8/out/pcb-c-display.net	eb66ee4ccd78bd2c4dafa929db3d0d53bd532710	11eabc2dddca516198ee2af7474ba5608c6538d961bea93e72e2629d244dd26f	236792	L8 layer 8, schematics	netlist exported from the committed schematic (the design every schematic-phase rule judges)
v2/ecad/pcb-c-display-c8/out/pcb-c-display.net.prov.json	e460ae45698fe7fef6ea56c55c9139c28c184202	40e9eff1e95b8987bead46ccec77bb91e70debdf69236274f6e82e96d6634def	8447	L8 layer 8, schematics	provenance sidecar: the generator files that wrote the netlist, by content (sch_prov.py)
v2/ecad/pcb-c-display-c8/pcb-c-display.kicad_pro	54a2d30e9d5ec59c6f7f021acace092c8d3a4050	36ff707561384db010796ee6aedf8eca1c3e1cbb9d13a9c258c8d96f270d1437	11191	L8 layer 8, schematics	KiCad project file of the declared phase (net classes, ERC settings)
v2/ecad/pcb-c-display-c8/pcb-c-display.kicad_sch	d6c7c821f129018e3efd356875384a97f92a1ddc	f566ea89fb3e3af478e73f1541a136df8f2a8235458e786c4fc2cc6254a0d6f8	692574	L8 layer 8, schematics	native KiCad 9 schematic of the declared phase (written by the board's generator)
v2/ecad/pcb-c-display/bypass-allow.txt	200b04051d6a1155ab759eabbbc6a4b6f7cccbbf	788989723a33c7b6b1e7c91b0a36f4518d6f1ea1fd0caddff51dab922769196c	618	L8 layer 8, schematics	the stem directory readiness_manifest.json names (an earlier phase): only its footprint table and allow-lists, so the directory the tools fall back to exists
v2/ecad/pcb-c-display/fp-lib-table	fd7c68e15545a10459df09195a3bfa1e9283c3f5	9c2d14bd7a666d8449ea4e59410076e5167000b98681b2ea302ae00e93d46c32	162	L8 layer 8, schematics	the stem directory readiness_manifest.json names (an earlier phase): only its footprint table and allow-lists, so the directory the tools fall back to exists
v2/ecad/pcb-c-display/lcsc-allow.txt	e8e205e8343c442f27721919498e44ca315b3d34	9b5bbc3df7a065c19799b7f73839369f3389c17f0c0352e944a69783eb09c293	1884	L8 layer 8, schematics	the stem directory readiness_manifest.json names (an earlier phase): only its footprint table and allow-lists, so the directory the tools fall back to exists
v2/ecad/pcb-d-aprs-d9/bypass-allow.txt	200b04051d6a1155ab759eabbbc6a4b6f7cccbbf	788989723a33c7b6b1e7c91b0a36f4518d6f1ea1fd0caddff51dab922769196c	618	L8 layer 8, schematics	allow-list with a reason per line, read by a check of this board (ERC, LCSC, bypass)
v2/ecad/pcb-d-aprs-d9/fp-lib-table	fd7c68e15545a10459df09195a3bfa1e9283c3f5	9c2d14bd7a666d8449ea4e59410076e5167000b98681b2ea302ae00e93d46c32	162	L8 layer 8, schematics	footprint library table (points at ../meshsat.pretty)
v2/ecad/pcb-d-aprs-d9/lcsc-allow.txt	d1b973283a6153306d22069767f6d60814d5cc9b	8ac51147b6222768abd5fbf6b45bfab13fd8d8a2532ea18e1754ee1ac61c0590	1205	L8 layer 8, schematics	allow-list with a reason per line, read by a check of this board (ERC, LCSC, bypass)
v2/ecad/pcb-d-aprs-d9/out/pcb-d-aprs-intent.json	f3f1e8e95b2c92338b6b255c075cd7f328772ced	865d8514f1d5b7f860baedb1bda37cb297ad2d85e8147ca109f0b7d3e6e73255	16835	L8 layer 8, schematics	electrical intent written by the generator (rails, nodes, classes) beside the netlist
v2/ecad/pcb-d-aprs-d9/out/pcb-d-aprs.net	4ec2158739448c7d5fe88d793fa64eb90a51cc5a	0dad82b4b6a79290cb1b281be336522bfe61b20730bbd0f1804708426ae96ec0	266969	L8 layer 8, schematics	netlist exported from the committed schematic (the design every schematic-phase rule judges)
v2/ecad/pcb-d-aprs-d9/out/pcb-d-aprs.net.prov.json	80a326fec331e55eb0441f98a3bfe5a916176435	56afeebbfc6e5f0f1cbcf325ab352b931c3ee7e766e377dc43108a304df1d993	8498	L8 layer 8, schematics	provenance sidecar: the generator files that wrote the netlist, by content (sch_prov.py)
v2/ecad/pcb-d-aprs-d9/pcb-d-aprs.kicad_pro	0c4bac082ed9497fdddcea2d6949e894f67e821f	a820c200f1b4a5426b095a49537ab3e5dc5e751206d3f469c226ef9980db0685	12369	L8 layer 8, schematics	KiCad project file of the declared phase (net classes, ERC settings)
v2/ecad/pcb-d-aprs-d9/pcb-d-aprs.kicad_sch	1d922d32a7278f8ba17aca293cb88c3f8e1e2b36	4adfe0c87e44db5e4fa3c6f16f2a8073a8b37ebab5a54206dd3d41d32798b773	819779	L8 layer 8, schematics	native KiCad 9 schematic of the declared phase (written by the board's generator)
v2/ecad/pcb-d-aprs/bypass-allow.txt	200b04051d6a1155ab759eabbbc6a4b6f7cccbbf	788989723a33c7b6b1e7c91b0a36f4518d6f1ea1fd0caddff51dab922769196c	618	L8 layer 8, schematics	the stem directory readiness_manifest.json names (an earlier phase): only its footprint table and allow-lists, so the directory the tools fall back to exists
v2/ecad/pcb-d-aprs/fp-lib-table	fd7c68e15545a10459df09195a3bfa1e9283c3f5	9c2d14bd7a666d8449ea4e59410076e5167000b98681b2ea302ae00e93d46c32	162	L8 layer 8, schematics	the stem directory readiness_manifest.json names (an earlier phase): only its footprint table and allow-lists, so the directory the tools fall back to exists
v2/ecad/pcb-d-aprs/lcsc-allow.txt	d1b973283a6153306d22069767f6d60814d5cc9b	8ac51147b6222768abd5fbf6b45bfab13fd8d8a2532ea18e1754ee1ac61c0590	1205	L8 layer 8, schematics	the stem directory readiness_manifest.json names (an earlier phase): only its footprint table and allow-lists, so the directory the tools fall back to exists
v2/ecad/pcb-e1-dock-e7/bypass-allow.txt	1baea57840ff133e872c3bdf2c9f537acab929e8	caa26a17f01f91a5ed4725b8732b4eb0e68117e641b3f54c0404746c010a01a9	595	L8 layer 8, schematics	allow-list with a reason per line, read by a check of this board (ERC, LCSC, bypass)
v2/ecad/pcb-e1-dock-e7/fp-lib-table	fd7c68e15545a10459df09195a3bfa1e9283c3f5	9c2d14bd7a666d8449ea4e59410076e5167000b98681b2ea302ae00e93d46c32	162	L8 layer 8, schematics	footprint library table (points at ../meshsat.pretty)
v2/ecad/pcb-e1-dock-e7/lcsc-allow.txt	0ccf8fa13fbd0633a40d5b38194b23ef247ba7d6	8eeb0d6cde89d2c7043fe2fac174bb95160c0c2072d8c9966303f8fb1bd2f819	3111	L8 layer 8, schematics	allow-list with a reason per line, read by a check of this board (ERC, LCSC, bypass)
v2/ecad/pcb-e1-dock-e7/out/pcb-e1-dock-intent.json	68070318de3c6f1223276edaca5688b985c2e53e	b4c90bb84593638b2122061406803fa5057a7b62906eec6794c3cc40d98c4d18	20439	L8 layer 8, schematics	electrical intent written by the generator (rails, nodes, classes) beside the netlist
v2/ecad/pcb-e1-dock-e7/out/pcb-e1-dock.net	f7c5db603baac6a339ef18e17df90431720b3592	f3c1ad6153002976407f48bf1c4d6890c9832f2cbc9986d37d9b74776b146c9b	210522	L8 layer 8, schematics	netlist exported from the committed schematic (the design every schematic-phase rule judges)
v2/ecad/pcb-e1-dock-e7/out/pcb-e1-dock.net.prov.json	98b174deb5c46c91848ca4a1f7687f8dafc58ade	39316948b17861b820f9c3f620b3b28dd718df9b3aceb0a0985694f4d1a9fc45	8445	L8 layer 8, schematics	provenance sidecar: the generator files that wrote the netlist, by content (sch_prov.py)
v2/ecad/pcb-e1-dock-e7/pcb-e1-dock.kicad_pro	f8887c9ad091f291835895da6a5f3d94ef100563	9f3d11f497873838de55dd1a675b28bc2f9ab918b246130e4d8de39ade141ca9	14131	L8 layer 8, schematics	KiCad project file of the declared phase (net classes, ERC settings)
v2/ecad/pcb-e1-dock-e7/pcb-e1-dock.kicad_sch	bcfc5a5445c5bc67e1ec7edc1c1a28c893a062a6	e6137ea442932e4d55e6be3381881af6b7e12caef17c1b168c400093707f8a02	720764	L8 layer 8, schematics	native KiCad 9 schematic of the declared phase (written by the board's generator)
v2/ecad/pcb-e1-dock/bypass-allow.txt	1baea57840ff133e872c3bdf2c9f537acab929e8	caa26a17f01f91a5ed4725b8732b4eb0e68117e641b3f54c0404746c010a01a9	595	L8 layer 8, schematics	the stem directory readiness_manifest.json names (an earlier phase): only its footprint table and allow-lists, so the directory the tools fall back to exists
v2/ecad/pcb-e1-dock/fp-lib-table	fd7c68e15545a10459df09195a3bfa1e9283c3f5	9c2d14bd7a666d8449ea4e59410076e5167000b98681b2ea302ae00e93d46c32	162	L8 layer 8, schematics	the stem directory readiness_manifest.json names (an earlier phase): only its footprint table and allow-lists, so the directory the tools fall back to exists
v2/ecad/pcb-e1-dock/lcsc-allow.txt	0ccf8fa13fbd0633a40d5b38194b23ef247ba7d6	8eeb0d6cde89d2c7043fe2fac174bb95160c0c2072d8c9966303f8fb1bd2f819	3111	L8 layer 8, schematics	the stem directory readiness_manifest.json names (an earlier phase): only its footprint table and allow-lists, so the directory the tools fall back to exists
v2/ecad/pcb-e5-block/fp-lib-table	fd7c68e15545a10459df09195a3bfa1e9283c3f5	9c2d14bd7a666d8449ea4e59410076e5167000b98681b2ea302ae00e93d46c32	162	L8 layer 8, schematics	board E5 (dock block): a bare contact board with no schematic chain, so its board file is its design (readiness_manifest.json no_chain)
v2/ecad/pcb-e5-block/pcb-e5-block.kicad_pcb	9173a2b8619b59f4b943ecae0b85f14db95a5286	686b29a734c55b9a676c3f08d3dc561cbeda4c17568655e44cff04fa2d9020c6	66078	L8 layer 8, schematics	board E5 (dock block): a bare contact board with no schematic chain, so its board file is its design (readiness_manifest.json no_chain)
v2/ecad/pcb-e5-block/pcb-e5-block.kicad_pro	aab3604576fbe2795d13382ab227a0c2f1d02c24	4022241628945956fdbb69dfacd1ef6a3f229696a83ce540021ff917b44e0ddd	8364	L8 layer 8, schematics	board E5 (dock block): a bare contact board with no schematic chain, so its board file is its design (readiness_manifest.json no_chain)
v2/ecad/pcb-e5-block/routed/assembly_set.verdict.json	a8b1c3a18c1b15300556d7070f8a5552776e18d4	83810a52182d63d74d614cc3c3df4ade6b5103480b7a89cc15be70f6db40feca	1113	EV verification results, reviews and records, with the pages that classify them	board E5's gate verdicts on its board file (AWAITING_REVALIDATION per v2/docs/CURRENT-EVIDENCE.md)
v2/ecad/pcb-e5-block/routed/check_contracts.verdict.json	088b4e773a4095c0289414bc6e3e874041de9aa5	d742c23bb865d8476a409643f65fbfcdffd9f4afdc5e398f7763f979ae2270d3	722	EV verification results, reviews and records, with the pages that classify them	board E5's gate verdicts on its board file (AWAITING_REVALIDATION per v2/docs/CURRENT-EVIDENCE.md)
v2/ecad/pcb-e5-block/routed/check_contracts_a.verdict.json	b05d36e0a12fc17053fde93d4bcd196559f69214	92018483883315a7a87670544b8fc2e80410fa346d3bd5d92ad7a7ab93541665	725	EV verification results, reviews and records, with the pages that classify them	board E5's gate verdicts on its board file (AWAITING_REVALIDATION per v2/docs/CURRENT-EVIDENCE.md)
v2/ecad/pcb-e5-block/routed/check_contracts_b.verdict.json	b214efc230d247b7ecb2b2c060faf32d6026c5fc	80602f080b23aa88e292e4f60daabc2b0cecd51cd32f2e8b176dba2c3a1dbd5a	725	EV verification results, reviews and records, with the pages that classify them	board E5's gate verdicts on its board file (AWAITING_REVALIDATION per v2/docs/CURRENT-EVIDENCE.md)
v2/ecad/pcb-e5-block/routed/check_contracts_c.verdict.json	db71156331749bf181c1a49f4643935c3e3a3048	49408dd74c0ebc6cb206f87f69109d3be42d8fb78962965114fae39773e31657	723	EV verification results, reviews and records, with the pages that classify them	board E5's gate verdicts on its board file (AWAITING_REVALIDATION per v2/docs/CURRENT-EVIDENCE.md)
v2/ecad/pcb-e5-block/routed/check_contracts_d.verdict.json	66744e20d7563e16bba1baca16cca9983c419ab9	13193e2fb277652dee578fa95a27fc05b0d45faaf37a3e10958d1e1565eeca2b	725	EV verification results, reviews and records, with the pages that classify them	board E5's gate verdicts on its board file (AWAITING_REVALIDATION per v2/docs/CURRENT-EVIDENCE.md)
v2/ecad/pcb-e5-block/routed/check_contracts_e.verdict.json	98cffd7af20d7541c406b5ea498bd9a6be06f976	d4817794ff0e0cd70f413b2c73488ce486e62267e19dc7225690678cc6edc0f3	723	EV verification results, reviews and records, with the pages that classify them	board E5's gate verdicts on its board file (AWAITING_REVALIDATION per v2/docs/CURRENT-EVIDENCE.md)
v2/ecad/pcb-e5-block/routed/check_contracts_e5.verdict.json	05ff4f942eaa19bf89181bf906dbeaff7746a536	75a6aab12d89972db15921c2a667d26706f2ac76f333095b9900eb99e2a560e0	1080	EV verification results, reviews and records, with the pages that classify them	board E5's gate verdicts on its board file (AWAITING_REVALIDATION per v2/docs/CURRENT-EVIDENCE.md)
v2/ecad/pcb-e5-block/routed/check_contracts_p.verdict.json	d189c75fece1e464044176717a1611a47e375ca5	1d32c089db53d79c3e7125bd1cacb7fd6cf5f6a2a5175c1a73dd9a9ac76da0c3	723	EV verification results, reviews and records, with the pages that classify them	board E5's gate verdicts on its board file (AWAITING_REVALIDATION per v2/docs/CURRENT-EVIDENCE.md)
v2/ecad/pcb-e5-block/routed/check_pcb_e5.verdict.json	768ee7f3361924c73ad9629c9f1149052656b382	4883de1514b72ed667e96258cb19aabbeaede30ed2a5e10b2b89f98a9ade147f	707	EV verification results, reviews and records, with the pages that classify them	board E5's gate verdicts on its board file (AWAITING_REVALIDATION per v2/docs/CURRENT-EVIDENCE.md)
v2/ecad/pcb-e5-block/routed/check_zone_nets.verdict.json	274332a5407cc77687d8ebb44425ed27fc37b75d	ef448e4cf3849abd0855026f11949d59dc98481cf09cf5d762ea013cab4029e6	692	EV verification results, reviews and records, with the pages that classify them	board E5's gate verdicts on its board file (AWAITING_REVALIDATION per v2/docs/CURRENT-EVIDENCE.md)
v2/ecad/pcb-e5-block/routed/class_floor.verdict.json	0b274d1b6c67c132646c3851cd9c3f3fe9304e97	121dc32945abf008c86b8c5230c817f1b4eeb911d928547117cdea87a09e34e8	829	EV verification results, reviews and records, with the pages that classify them	board E5's gate verdicts on its board file (AWAITING_REVALIDATION per v2/docs/CURRENT-EVIDENCE.md)
v2/ecad/pcb-e5-block/routed/closer_audit.verdict.json	f1d21c2d16bacb854aa6dd4a7bab22d3d0401253	0380585b0bc1b9f30154022004948496e2dcc8905d53dfafc24639cf444ad264	1015	EV verification results, reviews and records, with the pages that classify them	board E5's gate verdicts on its board file (AWAITING_REVALIDATION per v2/docs/CURRENT-EVIDENCE.md)
v2/ecad/pcb-e5-block/routed/dc_drop.verdict.json	371fac5fa14f218a04d0e54798727b1b88487428	4c0d95af38fa8d6e710fd28d1fac5c7dde646bc847cd273c6a234b9ee060bc0b	712	EV verification results, reviews and records, with the pages that classify them	board E5's gate verdicts on its board file (AWAITING_REVALIDATION per v2/docs/CURRENT-EVIDENCE.md)
v2/ecad/pcb-e5-block/routed/derate.verdict.json	a25a3bdc64455dbd8aac12b592bbe259ee0367ed	c13c3af655175b983ffea71c48f8a8d42938f228b94043450507f98323b18fa2	1180	EV verification results, reviews and records, with the pages that classify them	board E5's gate verdicts on its board file (AWAITING_REVALIDATION per v2/docs/CURRENT-EVIDENCE.md)
v2/ecad/pcb-e5-block/routed/doc_provenance.verdict.json	c293c8a27969121dac40ee20833df4d0883922dc	19982497a516a2a32b6033e9ebd26830d5801e8d12f3ea8ea0383c563ebc516b	1698	EV verification results, reviews and records, with the pages that classify them	board E5's gate verdicts on its board file (AWAITING_REVALIDATION per v2/docs/CURRENT-EVIDENCE.md)
v2/ecad/pcb-e5-block/routed/doc_provenance_a.verdict.json	f82a56274d7df41075a3c8dabec55289eda4340e	bd526cf0b3c2358c40eb5358828b935e7919879b4d403a54586d24d834d52b4d	933	EV verification results, reviews and records, with the pages that classify them	board E5's gate verdicts on its board file (AWAITING_REVALIDATION per v2/docs/CURRENT-EVIDENCE.md)
v2/ecad/pcb-e5-block/routed/doc_provenance_b.verdict.json	8719263b40d599bd0156de2dd042048b971d3032	3068f658a635823fd42dc5922feb8d7c46660054e2082637239ac2b341dda6b0	935	EV verification results, reviews and records, with the pages that classify them	board E5's gate verdicts on its board file (AWAITING_REVALIDATION per v2/docs/CURRENT-EVIDENCE.md)
v2/ecad/pcb-e5-block/routed/doc_provenance_c.verdict.json	23be1b82f3cc66105b465f1e58c184540f918c82	408a56776c1e1e93b0d6b0fe7fb9ccf074fcfda0d4b51335094b255f2804509d	933	EV verification results, reviews and records, with the pages that classify them	board E5's gate verdicts on its board file (AWAITING_REVALIDATION per v2/docs/CURRENT-EVIDENCE.md)
v2/ecad/pcb-e5-block/routed/doc_provenance_d.verdict.json	4db10a96b01b63b54951cff47e6ffb5ea8f8e94f	1a1e78b7ba7e3126ef6aeda29dbe20152192d5bad9b7d049d6e124a0f3bc22f8	930	EV verification results, reviews and records, with the pages that classify them	board E5's gate verdicts on its board file (AWAITING_REVALIDATION per v2/docs/CURRENT-EVIDENCE.md)
v2/ecad/pcb-e5-block/routed/doc_provenance_e.verdict.json	68c2a34d6d862a9648452dc152d47377d1caadfd	46eaeece2d9d965ed8abaa8a97cc7a0db73c738a5ed644e4b5f7593158e99c43	931	EV verification results, reviews and records, with the pages that classify them	board E5's gate verdicts on its board file (AWAITING_REVALIDATION per v2/docs/CURRENT-EVIDENCE.md)
v2/ecad/pcb-e5-block/routed/doc_provenance_e5.verdict.json	b9e5b798a8427701dae27d3c7891e93b08663463	c2b8c4d55fd78f870118d5287814bbb01b1931791ab5d796a5829a9e14926dde	965	EV verification results, reviews and records, with the pages that classify them	board E5's gate verdicts on its board file (AWAITING_REVALIDATION per v2/docs/CURRENT-EVIDENCE.md)
v2/ecad/pcb-e5-block/routed/doc_provenance_p.verdict.json	5d0a16f068453d718a4ff790c338e65665786216	42ceafb86f5ae8f2d6de57045bbfabd7928f0d93f1f3d3b621b834fea4a17bbc	928	EV verification results, reviews and records, with the pages that classify them	board E5's gate verdicts on its board file (AWAITING_REVALIDATION per v2/docs/CURRENT-EVIDENCE.md)
v2/ecad/pcb-e5-block/routed/edge_length.verdict.json	6b7dfa0a1293537605661202e9b7ac72dc94ca39	e94142cb231f65517b46b1e36f4a801c03a02f127a76788c38d4e4889e5a528e	780	EV verification results, reviews and records, with the pages that classify them	board E5's gate verdicts on its board file (AWAITING_REVALIDATION per v2/docs/CURRENT-EVIDENCE.md)
v2/ecad/pcb-e5-block/routed/emc_sheet.verdict.json	966a5a4c93c9c12369e3f6f7f388dd79fcd49dc0	50ba3777de6c33334c6fce2c30dfb77452502ac96e624e1a3f7b64420e3005ff	1044	EV verification results, reviews and records, with the pages that classify them	board E5's gate verdicts on its board file (AWAITING_REVALIDATION per v2/docs/CURRENT-EVIDENCE.md)
v2/ecad/pcb-e5-block/routed/energy_chain.verdict.json	64753a86192e35738d3c5db66cee1e4a874e8c58	34a09fb099b6ab6f77741f31e5519cc870a26f5b5f28f2970af57f206331df37	1174	EV verification results, reviews and records, with the pages that classify them	board E5's gate verdicts on its board file (AWAITING_REVALIDATION per v2/docs/CURRENT-EVIDENCE.md)
v2/ecad/pcb-e5-block/routed/energy_chain_a.verdict.json	17dc5f8cfe8f71b4b39bb3430a5f888c684ea361	7803ca1a6e2ba461565089974ba749c4958a91d476042f54a679aeb70ce93105	874	EV verification results, reviews and records, with the pages that classify them	board E5's gate verdicts on its board file (AWAITING_REVALIDATION per v2/docs/CURRENT-EVIDENCE.md)
v2/ecad/pcb-e5-block/routed/energy_chain_b.verdict.json	917d74b16a666f15af7dafda20bc93add16b8d92	b5f82cb4c6058555f171b04fe45eb8ec396f219f460b74e25b08dece496d1957	950	EV verification results, reviews and records, with the pages that classify them	board E5's gate verdicts on its board file (AWAITING_REVALIDATION per v2/docs/CURRENT-EVIDENCE.md)
v2/ecad/pcb-e5-block/routed/energy_chain_e.verdict.json	53a0626f55d0a4aac798e3c8e0a89d8891d56ea6	918511649e97d10b0ccab6c7d6ac99e175a16faadb1f6a5895451b95ba4b3c4b	846	EV verification results, reviews and records, with the pages that classify them	board E5's gate verdicts on its board file (AWAITING_REVALIDATION per v2/docs/CURRENT-EVIDENCE.md)
v2/ecad/pcb-e5-block/routed/energy_chain_e5.verdict.json	79ecbd2683fd1f92ae619dc2f89e529f859dba4a	601dc7b0f2ed4189c81e6546ff4a8c01f6f7eec185adc95818e2cf3789e00c28	825	EV verification results, reviews and records, with the pages that classify them	board E5's gate verdicts on its board file (AWAITING_REVALIDATION per v2/docs/CURRENT-EVIDENCE.md)
v2/ecad/pcb-e5-block/routed/energy_chain_p.verdict.json	fcfca8fc959ce5fd7cf2c318cce79a7c8ed86cc5	4cd62e007afa7fffecf748c482a3c7e06499038b32a56c023a96017d0219c72f	844	EV verification results, reviews and records, with the pages that classify them	board E5's gate verdicts on its board file (AWAITING_REVALIDATION per v2/docs/CURRENT-EVIDENCE.md)
v2/ecad/pcb-e5-block/routed/fab_limits.verdict.json	f2d4bc71bcf038ad237ea397495c6a9409b84108	a604c75e4c3d4db066ee348b38c6e36f07a9ec97101425b07647f0e8fb4d3d35	914	EV verification results, reviews and records, with the pages that classify them	board E5's gate verdicts on its board file (AWAITING_REVALIDATION per v2/docs/CURRENT-EVIDENCE.md)
v2/ecad/pcb-e5-block/routed/final_gate_e5.verdict.json	29c7802a40a3dc2f9cd5929ceee4134695117a71	26e8771dc894ea00c5c3ac6c3fb88e050a2cc2090b5a7caa4242b0874b2f9b89	666	EV verification results, reviews and records, with the pages that classify them	board E5's gate verdicts on its board file (AWAITING_REVALIDATION per v2/docs/CURRENT-EVIDENCE.md)
v2/ecad/pcb-e5-block/routed/hardset-routed-board-gate.verdict.json	565fb53e657c67d1b6b85c541d352b80e92742ce	ab38b36fd59b643fdabd5827cae768b36f8f0b221301b92019df1cd834593fe5	1051	EV verification results, reviews and records, with the pages that classify them	board E5's gate verdicts on its board file (AWAITING_REVALIDATION per v2/docs/CURRENT-EVIDENCE.md)
v2/ecad/pcb-e5-block/routed/impedance_check.verdict.json	3db8f7321c834c5534e3eb1d252c9e43021a8901	a0f5bcd4a7fc4ec2512bc803435e66199b9bb81015abe42e871cc368ca6a18d7	941	EV verification results, reviews and records, with the pages that classify them	board E5's gate verdicts on its board file (AWAITING_REVALIDATION per v2/docs/CURRENT-EVIDENCE.md)
v2/ecad/pcb-e5-block/routed/inhibit_chain_a.verdict.json	6bf2365342567a884bcc16d52ec7c65c22110f0e	088a30c18b8e798a97fbaae4763300e2e259ad15faa42460385b5bb71a5cdbc8	837	EV verification results, reviews and records, with the pages that classify them	board E5's gate verdicts on its board file (AWAITING_REVALIDATION per v2/docs/CURRENT-EVIDENCE.md)
v2/ecad/pcb-e5-block/routed/inhibit_chain_b.verdict.json	8a913898dcb1ee8bb2a20364d0b4e7d6b4a33eb5	dda881802e9ce309c13aacdbe49ce9b2c23edb197596c1fe008e5843134a5cf0	837	EV verification results, reviews and records, with the pages that classify them	board E5's gate verdicts on its board file (AWAITING_REVALIDATION per v2/docs/CURRENT-EVIDENCE.md)
v2/ecad/pcb-e5-block/routed/inhibit_chain_c.verdict.json	e6a379bb9717033b830075e5b1a874b1a16885a3	b11cc89626429e98127dd4ea218051c5db143a9f6bbae05d690ec62814b699f3	837	EV verification results, reviews and records, with the pages that classify them	board E5's gate verdicts on its board file (AWAITING_REVALIDATION per v2/docs/CURRENT-EVIDENCE.md)
v2/ecad/pcb-e5-block/routed/inhibit_chain_d.verdict.json	aaf7a1aca7dbb3af7f7df2cdfc3de581720f84ff	84b52d1e4850b1a6a42a00661d5e16ad677834ecb1f6234e345f7b202fc9398a	837	EV verification results, reviews and records, with the pages that classify them	board E5's gate verdicts on its board file (AWAITING_REVALIDATION per v2/docs/CURRENT-EVIDENCE.md)
v2/ecad/pcb-e5-block/routed/intent_checks.verdict.json	72784f7febb0ead0887c18b97c752d20858cae28	25f01dff27c32f6351b3d185fa8771d0bcbfb17a3f851f93832f9290e1558214	831	EV verification results, reviews and records, with the pages that classify them	board E5's gate verdicts on its board file (AWAITING_REVALIDATION per v2/docs/CURRENT-EVIDENCE.md)
v2/ecad/pcb-e5-block/routed/intent_decoupling.verdict.json	c65d8e4e5e7cf20c847ce6d027ee63057e596af4	4d927e7b449e3f29461bafcce2fea07f05e814056efafd39b7996aa965d73cb3	745	EV verification results, reviews and records, with the pages that classify them	board E5's gate verdicts on its board file (AWAITING_REVALIDATION per v2/docs/CURRENT-EVIDENCE.md)
v2/ecad/pcb-e5-block/routed/intent_other.verdict.json	64dd2bdcad0636b8f151678c12ef190627e98bed	67df5c5fa40a7b1ccb07cf532378d1d3add9f6ec84f847ea09efdeb2b7edf378	742	EV verification results, reviews and records, with the pages that classify them	board E5's gate verdicts on its board file (AWAITING_REVALIDATION per v2/docs/CURRENT-EVIDENCE.md)
v2/ecad/pcb-e5-block/routed/intent_rails.verdict.json	f1520b9ed6557b9dc0a790f7d47fb85c777aff39	48cd3d5f4c76afd68d4b2c28715826d93372abafff1b1b6d7b12f7a1f75355af	740	EV verification results, reviews and records, with the pages that classify them	board E5's gate verdicts on its board file (AWAITING_REVALIDATION per v2/docs/CURRENT-EVIDENCE.md)
v2/ecad/pcb-e5-block/routed/intent_return_path.verdict.json	0b918df39b881af603f64dcc4e8efe1fc4dda763	00ebca6eb339b2b70a200a3a3fee6c17ebe69696a6a8bce795734caeffacb286	793	EV verification results, reviews and records, with the pages that classify them	board E5's gate verdicts on its board file (AWAITING_REVALIDATION per v2/docs/CURRENT-EVIDENCE.md)
v2/ecad/pcb-e5-block/routed/intent_return_via.verdict.json	29256f8ea3f4181870c244e171f509da66cc41e5	bf2a4a2d77ef2bbc11013b46f52f7e62d9ef824ef4460004800bbe4ddd24fc39	668	EV verification results, reviews and records, with the pages that classify them	board E5's gate verdicts on its board file (AWAITING_REVALIDATION per v2/docs/CURRENT-EVIDENCE.md)
v2/ecad/pcb-e5-block/routed/interfaces.verdict.json	b7f77775bb674c5c0f0d1060e08d37695d61820c	1e75fc0f46a286f6491a3ab09245ee15d3edc500286bfcd93ad4210736de6c68	962	EV verification results, reviews and records, with the pages that classify them	board E5's gate verdicts on its board file (AWAITING_REVALIDATION per v2/docs/CURRENT-EVIDENCE.md)
v2/ecad/pcb-e5-block/routed/interfaces_a.verdict.json	ecfd09a641d659377c9699bd4c05a2b7e4d35419	64801b7119bae173052c6d9f578b8cf56bb1cb8160794fcc7267623802fec764	878	EV verification results, reviews and records, with the pages that classify them	board E5's gate verdicts on its board file (AWAITING_REVALIDATION per v2/docs/CURRENT-EVIDENCE.md)
v2/ecad/pcb-e5-block/routed/interfaces_b.verdict.json	d62940d67e3f9662bd6cefe42724736ded0e5db8	5f4f1efbf73f099162b1e4e70fbb754536aabb98ec6d22afd12873908f7d7339	878	EV verification results, reviews and records, with the pages that classify them	board E5's gate verdicts on its board file (AWAITING_REVALIDATION per v2/docs/CURRENT-EVIDENCE.md)
v2/ecad/pcb-e5-block/routed/interfaces_c.verdict.json	10e2de2c860a42cdf8b16c6872ab47bff3d2e507	f0f463178081d3954f15eddd8e1f54b141b7238266602ebb0667d2c8ec7a7a48	878	EV verification results, reviews and records, with the pages that classify them	board E5's gate verdicts on its board file (AWAITING_REVALIDATION per v2/docs/CURRENT-EVIDENCE.md)
v2/ecad/pcb-e5-block/routed/interfaces_d.verdict.json	7ef64931f8e37a1b24fe51b5d975eb8657456309	9216d8f949f8cecc23997d995e90e47aaef6a676c04c09a34abd46a83c246f8b	878	EV verification results, reviews and records, with the pages that classify them	board E5's gate verdicts on its board file (AWAITING_REVALIDATION per v2/docs/CURRENT-EVIDENCE.md)
v2/ecad/pcb-e5-block/routed/interfaces_e.verdict.json	2cfd4c26490625be5572cd60cd709f4f03e1d864	5b742ceca5da79ae377a2b2b05cfad42aa2c400f5098ce9b108223ee09e218fe	878	EV verification results, reviews and records, with the pages that classify them	board E5's gate verdicts on its board file (AWAITING_REVALIDATION per v2/docs/CURRENT-EVIDENCE.md)
v2/ecad/pcb-e5-block/routed/interfaces_e5.verdict.json	096b38696c5aadd223e9007c6894d38fd07c4129	535dbf436fdbc21ddbb4da5108ef46f37c553b9adda1a7a57feb545493df7908	1198	EV verification results, reviews and records, with the pages that classify them	board E5's gate verdicts on its board file (AWAITING_REVALIDATION per v2/docs/CURRENT-EVIDENCE.md)
v2/ecad/pcb-e5-block/routed/interfaces_p.verdict.json	caef5abaa3b3dff9b151ea4a3a4fa972744c17da	c79431eb3a5c8f1a6110f7fee9f2ce0eef5e86d219519bc92213366a6de3eb24	878	EV verification results, reviews and records, with the pages that classify them	board E5's gate verdicts on its board file (AWAITING_REVALIDATION per v2/docs/CURRENT-EVIDENCE.md)
v2/ecad/pcb-e5-block/routed/jlc_certify_e5.verdict.json	d58001d518da0feadd2f605f5cf8b4d4e5c33ddf	3f05cd9da93a719bec8ec81c4df0b43a2bc6156d923578f5295b889473a8e067	773	EV verification results, reviews and records, with the pages that classify them	board E5's gate verdicts on its board file (AWAITING_REVALIDATION per v2/docs/CURRENT-EVIDENCE.md)
v2/ecad/pcb-e5-block/routed/lcsc_fill.verdict.json	8fd7b8f904ce6cec1e986650ebc4ed7e4a4ab5d6	a4cce8f6ede4f43789b62ba6be38b4b3d46b7e48edbdf6ea5a6aa522f35abe14	961	EV verification results, reviews and records, with the pages that classify them	board E5's gate verdicts on its board file (AWAITING_REVALIDATION per v2/docs/CURRENT-EVIDENCE.md)
v2/ecad/pcb-e5-block/routed/ledger_verify.verdict.json	b2e1695a476233ccb58cca3bc867612bdc38344a	9691276029e09fabc09d1acf0b21109f7f3e36569dc6ee56b6f9dc1709d51a7c	859	EV verification results, reviews and records, with the pages that classify them	board E5's gate verdicts on its board file (AWAITING_REVALIDATION per v2/docs/CURRENT-EVIDENCE.md)
v2/ecad/pcb-e5-block/routed/netlist_board.verdict.json	5723558341019abe4acb2c5a1abc03965c851acb	1ee4197d8cc613926f9281ed50525cb833e13cb499a4f2f10cd55274f5ce60bd	702	EV verification results, reviews and records, with the pages that classify them	board E5's gate verdicts on its board file (AWAITING_REVALIDATION per v2/docs/CURRENT-EVIDENCE.md)
v2/ecad/pcb-e5-block/routed/pcb-e5-block-drc.json	47a6107997b03dc335292d5a16f1d64e22fa5240	39067008b4c3677f2559003766edbbec18b51e8a53c9b65ab06c4ff1aa030bb3	2344	EV verification results, reviews and records, with the pages that classify them	board E5's gate verdicts on its board file (AWAITING_REVALIDATION per v2/docs/CURRENT-EVIDENCE.md)
v2/ecad/pcb-e5-block/routed/place_audit.verdict.json	6397689c4b5006f0230a629e5588fd0688d99c6c	b789c81f040213a54260dbd5401e1b4ab0af46ef5e655b9bd375e465747944b6	798	EV verification results, reviews and records, with the pages that classify them	board E5's gate verdicts on its board file (AWAITING_REVALIDATION per v2/docs/CURRENT-EVIDENCE.md)
v2/ecad/pcb-e5-block/routed/port_protect.verdict.json	b136b713108a4271b8567e2247471b13548e9750	f983310ba822e8eecc16a62a193125625f5ff2772c93ded30c8992f049db00f2	1055	EV verification results, reviews and records, with the pages that classify them	board E5's gate verdicts on its board file (AWAITING_REVALIDATION per v2/docs/CURRENT-EVIDENCE.md)
v2/ecad/pcb-e5-block/routed/port_protect_e5.verdict.json	2c1eac10da600b6afc2514f8cf98a619db7129f6	d6ed8ba1e37f08e50b2a431f3f7d063451dd9eabfdcbd684f4182d179e79a11c	1058	EV verification results, reviews and records, with the pages that classify them	board E5's gate verdicts on its board file (AWAITING_REVALIDATION per v2/docs/CURRENT-EVIDENCE.md)
v2/ecad/pcb-e5-block/routed/pruned_gate.verdict.json	2dad2e0ff378573b1e07e0a262a5e52d7cc70889	9628bc443cebd95270d4b1b2a942eebecfe1824741eb05ec74457441b23bad08	1088	EV verification results, reviews and records, with the pages that classify them	board E5's gate verdicts on its board file (AWAITING_REVALIDATION per v2/docs/CURRENT-EVIDENCE.md)
v2/ecad/pcb-e5-block/routed/reliability.verdict.json	7c245d4daa5fcda90480a3e9ead100baf4818bb6	cbddd0efabb46b3c1227886ad5fb83daff1234a2040ebf75ed254ccd5240475d	912	EV verification results, reviews and records, with the pages that classify them	board E5's gate verdicts on its board file (AWAITING_REVALIDATION per v2/docs/CURRENT-EVIDENCE.md)
v2/ecad/pcb-e5-block/routed/return_stitch.verdict.json	689f588b31b8b34e0d6ac7d9e6717994d9ce9ba5	ca4df523d329841585e834f376c55b1ec7f9d9b06ab97bc9c9d37802dac7f933	813	EV verification results, reviews and records, with the pages that classify them	board E5's gate verdicts on its board file (AWAITING_REVALIDATION per v2/docs/CURRENT-EVIDENCE.md)
v2/ecad/pcb-e5-block/routed/return_via.verdict.json	6ac7331cf4331c1fcf4a4593efc64a8c5be4fdf9	62de21baf1ffe371204d5206222ae3014370955d37f4dff0ce38d5cc02e4279c	1437	EV verification results, reviews and records, with the pages that classify them	board E5's gate verdicts on its board file (AWAITING_REVALIDATION per v2/docs/CURRENT-EVIDENCE.md)
v2/ecad/pcb-e5-block/routed/rf_line.verdict.json	fb95e41bfa0faa03d403d902d95e3ac512cfa244	88924fffac4dc02309fe555939178bacd3d1d2ac270be9d5500a7fdbf0369ee0	810	EV verification results, reviews and records, with the pages that classify them	board E5's gate verdicts on its board file (AWAITING_REVALIDATION per v2/docs/CURRENT-EVIDENCE.md)
v2/ecad/pcb-e5-block/routed/safe_lines.verdict.json	1af5027b0c45d95b706443bc2734bb18136e658d	764b0d9a257f9fc62b50d8621f9314c57d6370ac43a6dbcc1da6063bfc8b86ab	978	EV verification results, reviews and records, with the pages that classify them	board E5's gate verdicts on its board file (AWAITING_REVALIDATION per v2/docs/CURRENT-EVIDENCE.md)
v2/ecad/pcb-e5-block/routed/safe_lines_e5.verdict.json	65d8f40b16c03a6443b4761fbf30589499b6bb06	a333a1c317fe8e7cee8b42ac1040d12ab6f4a261c4227ffc6dde603d49cd8490	981	EV verification results, reviews and records, with the pages that classify them	board E5's gate verdicts on its board file (AWAITING_REVALIDATION per v2/docs/CURRENT-EVIDENCE.md)
v2/ecad/pcb-e5-block/routed/sensitive_nodes.verdict.json	78ecbab36ca15dab16f9434b36e30dbc97faa465	c9fc227f82afba383d7704eb3731b6b96a7c933924c184751b7e9612e5273ac5	993	EV verification results, reviews and records, with the pages that classify them	board E5's gate verdicts on its board file (AWAITING_REVALIDATION per v2/docs/CURRENT-EVIDENCE.md)
v2/ecad/pcb-e5-block/routed/spacing.verdict.json	c55ec5f57bf12405319524dba34a2c0223b0fa05	fec4c4f8867c20d8ee8d73e7d535394c6dc9aeaac9a6d3c7b5b86a92cf259aff	691	EV verification results, reviews and records, with the pages that classify them	board E5's gate verdicts on its board file (AWAITING_REVALIDATION per v2/docs/CURRENT-EVIDENCE.md)
v2/ecad/pcb-e5-block/routed/stackup_gate.verdict.json	49b1e1cb7fab125a39aa2fc7153a2e9e0575505f	0f97d14abf92a844868d1bf24987cbfeaaa9aabf02826f606b54bab53c89af57	974	EV verification results, reviews and records, with the pages that classify them	board E5's gate verdicts on its board file (AWAITING_REVALIDATION per v2/docs/CURRENT-EVIDENCE.md)
v2/ecad/pcb-e5-block/routed/sweep.json	5fe04097e4f1753dbc6f95c73b8eaf9ea4c2cd88	39dbe94991ad84d0ab604d5226e13113215c7f8c0937e9f22c5eb2d4bcc74211	387	EV verification results, reviews and records, with the pages that classify them	board E5's gate verdicts on its board file (AWAITING_REVALIDATION per v2/docs/CURRENT-EVIDENCE.md)
v2/ecad/pcb-e5-block/routed/thermal.verdict.json	7210028fc95549619b9d6294bc2a3ff69f7ec9bb	06985ef33ce1267c4d1d9119162ac969b7369cdaa826f6bbc1bbff4847588b6c	711	EV verification results, reviews and records, with the pages that classify them	board E5's gate verdicts on its board file (AWAITING_REVALIDATION per v2/docs/CURRENT-EVIDENCE.md)
v2/ecad/pcb-e5-block/routed/verify_deliverable_e5.verdict.json	ba06fa4468c8fdf982b5c596fb71fca7a5635fd1	6abbf51f9c27359006f87bafc7d0c5dfb0764e5f9977898fd927f6f7131d25c2	635	EV verification results, reviews and records, with the pages that classify them	board E5's gate verdicts on its board file (AWAITING_REVALIDATION per v2/docs/CURRENT-EVIDENCE.md)
v2/ecad/pcb-e5-block/routed/via_annular.verdict.json	f41239cc70ecac0aec221cb5e2bfa1dec91141b3	dce414ddde212a8aa7ef1c4514f0f5156df4c1ef2379348bd2fc893f8f275c4e	999	EV verification results, reviews and records, with the pages that classify them	board E5's gate verdicts on its board file (AWAITING_REVALIDATION per v2/docs/CURRENT-EVIDENCE.md)
v2/ecad/pcb-e5-block/routed/via_audit.verdict.json	d8e5b1ef49734af04ee0f93ed139604a42bdcfb9	8156c073781b93351446ca56c70c8392dca3885fc50227bf6030bcddbabc524f	912	EV verification results, reviews and records, with the pages that classify them	board E5's gate verdicts on its board file (AWAITING_REVALIDATION per v2/docs/CURRENT-EVIDENCE.md)
v2/ecad/pcb-e5-block/routed/via_current.verdict.json	27d10412e112426e294f9ffb6c7bce521f9efd17	e5289a86bc98abf77b066692f4f0c881558624a2dee6f05127983c7c705cc0e5	732	EV verification results, reviews and records, with the pages that classify them	board E5's gate verdicts on its board file (AWAITING_REVALIDATION per v2/docs/CURRENT-EVIDENCE.md)
v2/ecad/pcb-p-pack-p2/bypass-allow.txt	200b04051d6a1155ab759eabbbc6a4b6f7cccbbf	788989723a33c7b6b1e7c91b0a36f4518d6f1ea1fd0caddff51dab922769196c	618	L8 layer 8, schematics	allow-list with a reason per line, read by a check of this board (ERC, LCSC, bypass)
v2/ecad/pcb-p-pack-p2/fp-lib-table	fd7c68e15545a10459df09195a3bfa1e9283c3f5	9c2d14bd7a666d8449ea4e59410076e5167000b98681b2ea302ae00e93d46c32	162	L8 layer 8, schematics	footprint library table (points at ../meshsat.pretty)
v2/ecad/pcb-p-pack-p2/lcsc-allow.txt	e18a1424fda1045f63ef2b741c407a072293e94a	c0964703b8bac90e6a0f70a7ff4419d5cf9703c481d7dbc74aee743754bf41ec	1176	L8 layer 8, schematics	allow-list with a reason per line, read by a check of this board (ERC, LCSC, bypass)
v2/ecad/pcb-p-pack-p2/out/pcb-p-pack-intent.json	3db2b867980b5fc361fb62f4f6986095e4086ff5	6ff1b8129a5c5affdb4dcb1532b8bc9e6b68ebdcc9a62e3029ba66f3dde73414	7622	L8 layer 8, schematics	electrical intent written by the generator (rails, nodes, classes) beside the netlist
v2/ecad/pcb-p-pack-p2/out/pcb-p-pack.net	914d2612a7437f095a51473dcd1939118270f123	085f833362fbbda8b2f84b350771338d49db7f5cdb9cd823b9ff84eef47bcf43	92140	L8 layer 8, schematics	netlist exported from the committed schematic (the design every schematic-phase rule judges)
v2/ecad/pcb-p-pack-p2/out/pcb-p-pack.net.prov.json	c00b9686f20aaba4c14363d041f70f4db30ceb54	9c500addc6bf71ca64894c09b07fef9023ba69733bf041338d7d54e1c60def9a	8498	L8 layer 8, schematics	provenance sidecar: the generator files that wrote the netlist, by content (sch_prov.py)
v2/ecad/pcb-p-pack-p2/pcb-p-pack.kicad_pro	dae02f3d5e7aecd648bc05622ade27bdaca6600a	9c9da1f900f7ef59ced5ac3a4cb761eb291b212c138993ccb7253034d842953d	11563	L8 layer 8, schematics	KiCad project file of the declared phase (net classes, ERC settings)
v2/ecad/pcb-p-pack-p2/pcb-p-pack.kicad_sch	08b9173ea1115dee8203741207e7a83ceef76a4c	47e0bc19e8e18cf02a09223e7a1e7159262b2f2eb5ba92e270ba7a774ab5e4d5	274549	L8 layer 8, schematics	native KiCad 9 schematic of the declared phase (written by the board's generator)
v2/ecad/pcb-p-pack/bypass-allow.txt	200b04051d6a1155ab759eabbbc6a4b6f7cccbbf	788989723a33c7b6b1e7c91b0a36f4518d6f1ea1fd0caddff51dab922769196c	618	L8 layer 8, schematics	the stem directory readiness_manifest.json names (an earlier phase): only its footprint table and allow-lists, so the directory the tools fall back to exists
v2/ecad/pcb-p-pack/fp-lib-table	fd7c68e15545a10459df09195a3bfa1e9283c3f5	9c2d14bd7a666d8449ea4e59410076e5167000b98681b2ea302ae00e93d46c32	162	L8 layer 8, schematics	the stem directory readiness_manifest.json names (an earlier phase): only its footprint table and allow-lists, so the directory the tools fall back to exists
v2/ecad/pcb-p-pack/lcsc-allow.txt	e18a1424fda1045f63ef2b741c407a072293e94a	c0964703b8bac90e6a0f70a7ff4419d5cf9703c481d7dbc74aee743754bf41ec	1176	L8 layer 8, schematics	the stem directory readiness_manifest.json names (an earlier phase): only its footprint table and allow-lists, so the directory the tools fall back to exists
v2/ecad/tools/agent/client.py	b57a4381e73fb926cf2991486037e91459bc2024	c7f2df11ce0869c8279e9df75426ce51503709066d85f02d20a62edf8248bd92	8831	T tools: generators, checks and their tests	tools: schematic and placement generators, their inputs (board tables, profiles), the checks and their fixtures
v2/ecad/tools/agent/evidence.py	4b0c132c14b4f116a825baeb0d5a407cf7b53a9c	806a7054103dd52581305f4885ad542ff4e1478f1c5cf248806a502ac299ac87	12150	T tools: generators, checks and their tests	tools: schematic and placement generators, their inputs (board tables, profiles), the checks and their fixtures
v2/ecad/tools/agent/knobs.json	eefab477c4e2e0779ace17450e2fd86a87cc2046	c77d8120b1918f6ac1d18de8946e3b9614192db70e864e3a6cefbace681fb2fb	14880	T tools: generators, checks and their tests	tools: schematic and placement generators, their inputs (board tables, profiles), the checks and their fixtures
v2/ecad/tools/agent/loop.py	6169c6f3ddb7c6b5185ad572e8b5dd70b1f0e426	da2d7ded0e1dd0650b3a0048e67435571122406816dbcd6dbb0dfabbc37955b4	28273	T tools: generators, checks and their tests	tools: schematic and placement generators, their inputs (board tables, profiles), the checks and their fixtures
v2/ecad/tools/agent/patch.py	4d4b68bcebdae4c5d72b34c3851a0861b0053405	317f014af9c7bcc68014f08036ca8aa5b72d8e6ed8308f5f6fa3b48e87c33dc1	16106	T tools: generators, checks and their tests	tools: schematic and placement generators, their inputs (board tables, profiles), the checks and their fixtures
v2/ecad/tools/agent/propose.py	5572d322ec8135068087cac1d8d015d63145b3a6	35768889c23ea2043f730fc9ec649a849f57bd6e4e91ff0879428732d940feb1	9081	T tools: generators, checks and their tests	tools: schematic and placement generators, their inputs (board tables, profiles), the checks and their fixtures
v2/ecad/tools/agent/review.py	abc90256c36699e8f0cf064a3dd8b3cc95273add	f0ce1b4a50470adc68641d84337ba906eb227ad36d7fba2e6bc658612523baac	10676	T tools: generators, checks and their tests	tools: schematic and placement generators, their inputs (board tables, profiles), the checks and their fixtures
v2/ecad/tools/agent/schema.py	7823be788a6d7022faeba7171bc6afb12c34d758	d24e3b4d50227545d342cc5c27a94a558e08ee615fc24baa35f67a7b37c55171	14071	T tools: generators, checks and their tests	tools: schematic and placement generators, their inputs (board tables, profiles), the checks and their fixtures
v2/ecad/tools/agent/selftest.py	8571240efec24490fb27155000a5b4a5a8f0f338	e14291fece397b355ced5b669c6b22458d6e28b7d07a91a49c1a601bf51b5b4d	12363	T tools: generators, checks and their tests	tools: schematic and placement generators, their inputs (board tables, profiles), the checks and their fixtures
v2/ecad/tools/agent/templates/b-place.json	91ed109014fbbd38621d76117223c91a9ee96a1d	a8d135946b4909af6e6e246251b3a2d2f6a1dc1195dd1077511a811e6651edbf	1959	T tools: generators, checks and their tests	tools: schematic and placement generators, their inputs (board tables, profiles), the checks and their fixtures
v2/ecad/tools/agent/templates/b.json	b5c53c028c686f9a7ccd3933e65c9d2ea80cb561	5a70de9320896c982dec29754a3d3d22720a38566ad33a6c76afabad1931c91b	2231	T tools: generators, checks and their tests	tools: schematic and placement generators, their inputs (board tables, profiles), the checks and their fixtures
v2/ecad/tools/agent/templates/d.json	042761829b1ffc7524b2d13c05db8021f56734d0	da3b55b8eae0f46826532b3f9dbbc91f5f91b397e93e3524adcc783535e02d33	1186	T tools: generators, checks and their tests	tools: schematic and placement generators, their inputs (board tables, profiles), the checks and their fixtures
v2/ecad/tools/apply_netlist_values.py	12c7d3b6dca1a6b8ac4943d951011539f850cc57	794b39b9d2ef9f55aa73e5b97888f40d6379191c751dd6b47970e031f62b8743	5446	T tools: generators, checks and their tests	tools: schematic and placement generators, their inputs (board tables, profiles), the checks and their fixtures
v2/ecad/tools/arms.py	298f17be677f565227690fa35a1c86d118e9039c	c6c592d43b6349c74c4a49691df8ab00e7d9e14f9ef874e46c04761a1f45ff04	27233	T tools: generators, checks and their tests	tools: schematic and placement generators, their inputs (board tables, profiles), the checks and their fixtures
v2/ecad/tools/arms/b-place-pilot.json	f7be28dfd5fd43a6f99915596c067696584eef67	be584b8fbb1e61262418143447fee8a55f90cbe0d9108314859d45e6c58ebe60	4123	T tools: generators, checks and their tests	tools: schematic and placement generators, their inputs (board tables, profiles), the checks and their fixtures
v2/ecad/tools/arms/b19-slack.json	37df6375d038338c9b5a01e0c803c94ac689a31a	9c837e24a8875230e3587c8271a468b4429a1d9d93250d270d07166b87029d75	6495	T tools: generators, checks and their tests	tools: schematic and placement generators, their inputs (board tables, profiles), the checks and their fixtures
v2/ecad/tools/arms/b19-stubvia.json	33b80119ffffa2e1f0d90847b5631f25b8fe8d90	ab07f68e0e06d9fef05e0c3b43cfb9bfcd49c97f1695b7fc7764cbf1d6d46def	5099	T tools: generators, checks and their tests	tools: schematic and placement generators, their inputs (board tables, profiles), the checks and their fixtures
v2/ecad/tools/assembly_set.py	3bb29d064d270a1b595754aedb4ada18d1f517a6	721d3b56702b85735b49c79dbc3db9d9ca826a97a963ee61b19ad39dfde7104f	19360	T tools: generators, checks and their tests	tools: schematic and placement generators, their inputs (board tables, profiles), the checks and their fixtures
v2/ecad/tools/barrel_sites.py	87fedd1e742d1892e5166fefb3091126a2c8aa60	1c411293981ec7319276c9ef7cfb9f869b98b3cc19e4236c8a4dffcc1699b42e	19003	T tools: generators, checks and their tests	tools: schematic and placement generators, their inputs (board tables, profiles), the checks and their fixtures
v2/ecad/tools/bench_baseline.sh	0e6321cb4cbc5b4be0fb020f2375f6c699345a7c	1e388505330fb867d05760d63bd15e4795670a6000ab35426abb0b0cad1cc200	2663	T tools: generators, checks and their tests	tools: schematic and placement generators, their inputs (board tables, profiles), the checks and their fixtures
v2/ecad/tools/bench_compare.py	16009f83b03912b0b3caac7cd42a7fdc5cd50ebb	34fbede4c9e34716e9550bdccb5cccac8dacddae07eef062a1cfa15e3fe8d1ba	4720	T tools: generators, checks and their tests	tools: schematic and placement generators, their inputs (board tables, profiles), the checks and their fixtures
v2/ecad/tools/bench_report.py	412767581a38dbe954be07a92c901ba764194e76	d927b10db2ad7ec138ccbce9dd2721bfa9370c93d7b89a97cee13fc25eb45c5e	9864	T tools: generators, checks and their tests	tools: schematic and placement generators, their inputs (board tables, profiles), the checks and their fixtures
v2/ecad/tools/block_contract.py	da383ad84b13371ef629137ae034fb3e09a37bf8	b8533c8fde76ee32b53550916b1a49aa4a286aa7b0ae36795638e5a9ea3a88bf	7469	T tools: generators, checks and their tests	tools: schematic and placement generators, their inputs (board tables, profiles), the checks and their fixtures
v2/ecad/tools/board_diff.py	cf6a7e1b7d6707e5f09a8033380efe17624036bf	d13af5494246de1c8bfff28f1d2de21cdcc31e16b470c67c335ae45c4e78d365	7008	T tools: generators, checks and their tests	tools: schematic and placement generators, their inputs (board tables, profiles), the checks and their fixtures
v2/ecad/tools/boardorder.py	50cc84c16c969eacc8927733f7d02f59d27aae1d	298e46edcc028954464069c55739cf673e190ca886080c394d83227ec0c35ef6	2794	T tools: generators, checks and their tests	tools: schematic and placement generators, their inputs (board tables, profiles), the checks and their fixtures
v2/ecad/tools/boards/a.json	3c585364f15167a0198bfbac2b1e0f10999e7f5f	4e680bed9e8fd26811a6f04b38c541e739d73c2dc1ef62bb6ee4df6cbf1b2bcb	336388	T tools: generators, checks and their tests	tools: schematic and placement generators, their inputs (board tables, profiles), the checks and their fixtures
v2/ecad/tools/boards/b.json	d691f2c2336cb48f39564ed2d6a7159606874cc7	1a4c6b0ce47d5d422b03bf47f69820d7ff6ed55ec015e2ec9a0097599305ee1c	107817	T tools: generators, checks and their tests	tools: schematic and placement generators, their inputs (board tables, profiles), the checks and their fixtures
v2/ecad/tools/boards/c.json	087bd1f63b3bce9975d56b17f17aa7b8bf22a070	11801af8a4c11b42f986134b07312389a6bf471bb5622d7100f039dac2ebc468	31186	T tools: generators, checks and their tests	tools: schematic and placement generators, their inputs (board tables, profiles), the checks and their fixtures
v2/ecad/tools/boards/d.json	0e9dadf7e2b57a251cef66fa8e62a826e8ccab27	e0f787a8bfe117a196376ab3a9d685190eaf8aa1229ed700c1a5e1e26da29656	86337	T tools: generators, checks and their tests	tools: schematic and placement generators, their inputs (board tables, profiles), the checks and their fixtures
v2/ecad/tools/boards/e.json	04cbc9fedb36c32841e5a050d71ee18c82374b2d	72adb2e89b490449ec77185c42aad097f494c7033e37e7576e4411c8fef283db	209941	T tools: generators, checks and their tests	tools: schematic and placement generators, their inputs (board tables, profiles), the checks and their fixtures
v2/ecad/tools/boards/e5.json	a2f5b8fb1623788c76fd79b9bdaffc530709e894	6bc23f492d8bc88da6e95e1339a37c149e8fd5e8751d391edaa99f9b0f493bef	8294	T tools: generators, checks and their tests	tools: schematic and placement generators, their inputs (board tables, profiles), the checks and their fixtures
v2/ecad/tools/boards/p.json	9c44d8f8ae7f38d465f7c0cc6978d81e2d72c4a4	fb26e422307afb21b40d9cf950a13f1aa3fb21398731afe85a3c278c525806b6	52148	T tools: generators, checks and their tests	tools: schematic and placement generators, their inputs (board tables, profiles), the checks and their fixtures
v2/ecad/tools/boardtable.py	3325a2ac9737c435a866823511e1f5854f27af6e	41bd92e61f12c374a1e3d206cbab48ed9d555c92bc383db52e364f1c4ebf6c84	2146	T tools: generators, checks and their tests	tools: schematic and placement generators, their inputs (board tables, profiles), the checks and their fixtures
v2/ecad/tools/build_e2.sh	43be18f34f2ae15a1453cc24598f18b9beb53455	5de3ff74f84442180119e4b17df759b3c939d9bd03f33b148b505e3744b45fb6	1009	T tools: generators, checks and their tests	tools: schematic and placement generators, their inputs (board tables, profiles), the checks and their fixtures
v2/ecad/tools/build_e5.sh	a343808c4d701db39fd2051948cfe000748e6e8c	46e8c2c69333f4643257b7079be824588c7fbacf2b79ae953b5cf881e8c8e1cd	1359	T tools: generators, checks and their tests	tools: schematic and placement generators, their inputs (board tables, profiles), the checks and their fixtures
v2/ecad/tools/build_pcb.sh	40ad8c66daafdc8d4fea41338bb6e1efa2215c41	f50f6980d16445ee884824a91d784382d1565af7a48bbe279f868b4b6538e013	2472	T tools: generators, checks and their tests	tools: schematic and placement generators, their inputs (board tables, profiles), the checks and their fixtures
v2/ecad/tools/build_sch.sh	033985fee241e01b9171d47c126b63f66c2ec22b	93362c20c54e9edc727b4b369d6f9a9817547a9ba55a609506ba98fb90db65a3	3544	T tools: generators, checks and their tests	tools: schematic and placement generators, their inputs (board tables, profiles), the checks and their fixtures
v2/ecad/tools/bump_a18.py	eb0f4bc2ade5fee8b6f490b24e5f996f0dc41dd4	da29573878ca160952e60dc6bbecd4f132cb4468c291fa04f76f8e48c75eefd2	864	T tools: generators, checks and their tests	tools: schematic and placement generators, their inputs (board tables, profiles), the checks and their fixtures
v2/ecad/tools/bus_a21.py	b8201f45896459c23403f952d029a1b6e03647cd	f082ed811013d7cc67d0756580e451fe14b77076ec9d04d3e75f977b256f107f	2672	T tools: generators, checks and their tests	tools: schematic and placement generators, their inputs (board tables, profiles), the checks and their fixtures
v2/ecad/tools/bypass_place.py	a11ecb8097a0294e4cb7ff917da5f42d3aa0386d	23aaed5cf0261bf65236a74738d301b778fa60d51a117a4b68a568d99219f5e7	8045	T tools: generators, checks and their tests	tools: schematic and placement generators, their inputs (board tables, profiles), the checks and their fixtures
v2/ecad/tools/bypass_seats.py	b2963abdf39f1618d8ea1915bf8ce8bac713ffc8	ae11418125e6567f1337430590c94f8d296c1250948cbb230a23a4875a41f5db	15330	T tools: generators, checks and their tests	tools: schematic and placement generators, their inputs (board tables, profiles), the checks and their fixtures
v2/ecad/tools/bypass_slots.py	2c84f0e8fa828a780ad191bb969e64cac78c5d56	475ef8f8755dad2228bc2425cadee69482d3e79c7594fe50c2de9e873eec5af3	9415	T tools: generators, checks and their tests	tools: schematic and placement generators, their inputs (board tables, profiles), the checks and their fixtures
v2/ecad/tools/carry_placed.py	30a9ba036c5580b0f64038843e94dca2cb4bc4b1	61f790e12a1ef9d3ed379f21cb7c026c37420a358848ba8265cf535697cc1e51	15089	T tools: generators, checks and their tests	tools: schematic and placement generators, their inputs (board tables, profiles), the checks and their fixtures
v2/ecad/tools/case_wall_cutouts.py	3b1c40366d483986e4f9f0f3189ee0ab9a4420be	f89c5ed0e34a6dba22ecfcd29f63d201dfed3c05b5d80a7777d3449c7b87de1f	15997	T tools: generators, checks and their tests	tools: schematic and placement generators, their inputs (board tables, profiles), the checks and their fixtures
v2/ecad/tools/check_contracts.py	2669304a68bb6f81fd0d5704d585569cf080431a	308fdefb90335da42ee888ad137f1d56f1d85c1b3a223223bfca519b67654e75	67047	T tools: generators, checks and their tests	tools: schematic and placement generators, their inputs (board tables, profiles), the checks and their fixtures
v2/ecad/tools/check_pcb_a.py	441c3666c481119d9d8ba145c3243fe582551795	ed09e95458341aa087452b123724e927a4bd60f8b0db0c03a40c3e529a23fc5f	15814	T tools: generators, checks and their tests	tools: schematic and placement generators, their inputs (board tables, profiles), the checks and their fixtures
v2/ecad/tools/check_pcb_b.py	fcd8a7c57196654d9bbb74e6ca4efebbb328c584	28904a37f2f1810399e553f522d73fcc7848afc4d6ce3cce21556bffd70ccd4d	42718	T tools: generators, checks and their tests	tools: schematic and placement generators, their inputs (board tables, profiles), the checks and their fixtures
v2/ecad/tools/check_pcb_c.py	63b185e47aa90ea2cd22c68b6c64f7350566724d	b02c4f5d5e2ae006516aa21eb2760ae36e790b4acb18273014565cba57ab793e	17275	T tools: generators, checks and their tests	tools: schematic and placement generators, their inputs (board tables, profiles), the checks and their fixtures
v2/ecad/tools/check_pcb_d.py	1c704d86a27bed71b0e249f6d7ef1dbeef1791c5	19bae03d0e2f4be29abab47eb1af52638e2832a1f85119d56a7f553ae300e122	7233	T tools: generators, checks and their tests	tools: schematic and placement generators, their inputs (board tables, profiles), the checks and their fixtures
v2/ecad/tools/check_pcb_e.py	6f0538e8327ca4a45b9627606ba0e5ec16f89e4b	a43d6c7b86ec73619ce9716c8ad7413bdb6f257daee7893f71401a698a88995f	12590	T tools: generators, checks and their tests	tools: schematic and placement generators, their inputs (board tables, profiles), the checks and their fixtures
v2/ecad/tools/check_pcb_e5.py	3c480cf24662ff75622c1a34b6ebc4978c8fd0c5	b6a78f8871e67d665156b97901385a9f2bf3900fe1ac7e67ed6a377d21e581bc	5435	T tools: generators, checks and their tests	tools: schematic and placement generators, their inputs (board tables, profiles), the checks and their fixtures
v2/ecad/tools/check_pcb_p.py	50705c642509f3ab9d6920fea8750d129c7c2ef6	9a58f0e7f1fc9ab93381ffc7093cdf036824631dabc87226a02a63aaf2cac6f4	6509	T tools: generators, checks and their tests	tools: schematic and placement generators, their inputs (board tables, profiles), the checks and their fixtures
v2/ecad/tools/check_zone_nets.py	13c1ed36f597b351381d7cbf577abde59fb29326	6168cdfbf6ef54468cb3fd9e57eb2f6efc455873a230ab3984c6b8f26f3f7943	2724	T tools: generators, checks and their tests	tools: schematic and placement generators, their inputs (board tables, profiles), the checks and their fixtures
v2/ecad/tools/claims-allow.txt	76d989079bc47eb93228c6eec1cd22a29600971a	74eedab5ac0711beada112a3f054494768b9c6d4ac151ffd06e886e8bf3d194a	1616	T tools: generators, checks and their tests	tools: schematic and placement generators, their inputs (board tables, profiles), the checks and their fixtures
v2/ecad/tools/claims_check.py	545b342dcbb880fef4e417feed563421b1f0a579	85adfbf9db1120796a49ab4c127fe327d1a3e355867e48f4a1af71cffaac0e55	5817	T tools: generators, checks and their tests	tools: schematic and placement generators, their inputs (board tables, profiles), the checks and their fixtures
v2/ecad/tools/class_floor.py	f600da2c3eae94a778c46657026c3f60d0a59827	c803025504a041b9cc2f97adf63d4169e218a37f5a10abefe261afe928f20ecc	3729	T tools: generators, checks and their tests	tools: schematic and placement generators, their inputs (board tables, profiles), the checks and their fixtures
v2/ecad/tools/class_table_age.py	30ff3013cdd6c1eaa04230e6d4658395f3a605bc	a882f003fd5c81cb267517daedaa2144f2bb01a07315ea8729bdbf3df7b1ea86	4590	T tools: generators, checks and their tests	tools: schematic and placement generators, their inputs (board tables, profiles), the checks and their fixtures
v2/ecad/tools/cleanup_dangling.py	469fa3fabccc96d8d5f7ca2c5bd1efa108abc60e	3a8c61863ab7a3781f668870fa49e250236447226e39c1fe1d7ae9bcb8e2f05a	3964	T tools: generators, checks and their tests	tools: schematic and placement generators, their inputs (board tables, profiles), the checks and their fixtures
v2/ecad/tools/clock_check.py	e6455bc55afa084d9393928ee8eb86e885e4a11f	8da2b82cac511dd0a60dfb3fcb8e47abdfd740e5ab52b883d67400d451ad286e	12904	T tools: generators, checks and their tests	tools: schematic and placement generators, their inputs (board tables, profiles), the checks and their fixtures
v2/ecad/tools/closer_audit.py	3decd07de5c0b920c9ddda38b3b4749f1ad21588	fd296cc7fbcca99c4fa4070bb07595e553a50b5eb6936ff14bcfd178346ee7dc	15626	T tools: generators, checks and their tests	tools: schematic and placement generators, their inputs (board tables, profiles), the checks and their fixtures
v2/ecad/tools/cont21.sh	41457d57f289449fdad879f4692231046a2acb78	568d0bdc6274fd2e7a3a5f450007fe42a692ddf18f2803b5ecae399aa39723ce	1703	T tools: generators, checks and their tests	tools: schematic and placement generators, their inputs (board tables, profiles), the checks and their fixtures
v2/ecad/tools/cont_route.sh	856a14831ad8915c2ed1fc598751e424f5bfcdd5	5836ecd2ec95d0d5574143c5d505b3dfefca34305ca9ceb4fc0675706f62b5a9	8206	T tools: generators, checks and their tests	tools: schematic and placement generators, their inputs (board tables, profiles), the checks and their fixtures
v2/ecad/tools/copper_checks.py	177cc8d3ef03f0d64a66024507f986bf907512b3	590a0b7904c3ea4897895512639199f99c529cac5c56bc55f18684ba06826f37	15893	T tools: generators, checks and their tests	tools: schematic and placement generators, their inputs (board tables, profiles), the checks and their fixtures
v2/ecad/tools/couple_gap.py	62482049bdb2d88a102f840f769166a51371aaa2	35274a8072e977e5c9a5a786bab3ed296e96a4a249f3342bdacc8381f22aed6e	3083	T tools: generators, checks and their tests	tools: schematic and placement generators, their inputs (board tables, profiles), the checks and their fixtures
v2/ecad/tools/critic_e2.py	5f8360798fc412df29c8e8399166b23f9f6cf342	7f2a27f8f4a418a3017e5a45868b19dabcf49ca13f8e88982b39cb4719fd9faa	2174	T tools: generators, checks and their tests	tools: schematic and placement generators, their inputs (board tables, profiles), the checks and their fixtures
v2/ecad/tools/dc_drop.py	2b0bdccb4bf69219d28e21a39ab386bbf90202dc	0b28f57e0a09a385f943b71f617562d52c393b1e11a3ce4b323af0ac20b91daf	59097	T tools: generators, checks and their tests	tools: schematic and placement generators, their inputs (board tables, profiles), the checks and their fixtures
v2/ecad/tools/decisions_render.py	8fcc534ef0fb456bf75bbd0d9c64fdcf34334383	dba00562a170d32ff5390eac81131dcb556b82eddcf17922b7de2b1f288ddaab	6969	T tools: generators, checks and their tests	tools: schematic and placement generators, their inputs (board tables, profiles), the checks and their fixtures
v2/ecad/tools/density_probe.py	d1393dfc95ecdcf468cd716e23e621721a198509	df4a212afb174f62a8b36e3ecb0a194ad1dcb9fee711f2bf45baef4bedf0adfb	5336	T tools: generators, checks and their tests	tools: schematic and placement generators, their inputs (board tables, profiles), the checks and their fixtures
v2/ecad/tools/derate.py	90d7cae66d0e1255193faada1e0df45c9ed408c0	6c29d1b9a523d38524bef8cdb73185a74f9c319455a9c71deedf64b7e3095d52	21186	T tools: generators, checks and their tests	tools: schematic and placement generators, their inputs (board tables, profiles), the checks and their fixtures
v2/ecad/tools/direct_close.py	5d3a7b6e32d8ff0137f9a807b5b11981f2820b3f	0f3bbd08fc6c80e747ba9833d00015b92b8222d20b05abfabd5762904c8e2917	29280	T tools: generators, checks and their tests	tools: schematic and placement generators, their inputs (board tables, profiles), the checks and their fixtures
v2/ecad/tools/doc_provenance.py	1237269e827e817f78ca5231a24f10236ef8da71	f2e2ea02b803956233f93a29c48b3b4cd3cdc05b0e082bb3d30052bb1794cde2	11445	T tools: generators, checks and their tests	tools: schematic and placement generators, their inputs (board tables, profiles), the checks and their fixtures
v2/ecad/tools/dot_prune.py	f57f8053a7b5f9628aa33d3602f91d2d348be03e	eb4026e3fc30d9ea7671d9bc497d39fc62e0ffc95bee84bdc16b028b358c3f97	7898	T tools: generators, checks and their tests	tools: schematic and placement generators, their inputs (board tables, profiles), the checks and their fixtures
v2/ecad/tools/drc.sh	b60c1fc586af5ae99d3a480b387cbf42da63832a	06df9e15425a3b1173cccd8a2cd591a350cfcfefd41c11b419d002966ab00dcd	4242	T tools: generators, checks and their tests	tools: schematic and placement generators, their inputs (board tables, profiles), the checks and their fixtures
v2/ecad/tools/dsn_confine.py	dfd55b6ed26f546dd6cb3c588efc4dbebe015bbe	be186c319e436ee48a0b1c3055e2a2178d8727df444d5f36f4dd02651a9daf76	1940	T tools: generators, checks and their tests	tools: schematic and placement generators, their inputs (board tables, profiles), the checks and their fixtures
v2/ecad/tools/dsn_export.sh	c83dcbaec92d7b17117ad3e1b6a6088aed134941	6691022c07095cdd2a28ab2e422c69a19af504e6e26f7461cdb22161423c4f83	1913	T tools: generators, checks and their tests	tools: schematic and placement generators, their inputs (board tables, profiles), the checks and their fixtures
v2/ecad/tools/dsn_partition.py	fdf761e2d107f89314c2ed761766d97efea8f814	cac0cc9a1ac7f4382f3d17a2d9b4cf85e9243ff2fef9769a76af14712daed95c	4736	T tools: generators, checks and their tests	tools: schematic and placement generators, their inputs (board tables, profiles), the checks and their fixtures
v2/ecad/tools/dsn_power_layers.py	7fcba3c36cd613d81a7dd2a15207a568729c2acb	4e8fdf6f15a8dad4cfd95b6743f7b3ba434ffd67e9bd2c899f25481e07855435	5619	T tools: generators, checks and their tests	tools: schematic and placement generators, their inputs (board tables, profiles), the checks and their fixtures
v2/ecad/tools/easyeda_import_set.py	df1a8a9825d23ed3f348b91faf1990f08a9abf3b	3b898dc1669779479e8257decae7c6080cad1f525dac1de2331254ec5f357679	8480	T tools: generators, checks and their tests	tools: schematic and placement generators, their inputs (board tables, profiles), the checks and their fixtures
v2/ecad/tools/edge_length.py	c4fc456c3d16375adf88034056d94a604a68c9b3	fd66cbd9bce2fa7be76734d573a69f3855f7864b1fbacc45770272ce7533af61	43777	T tools: generators, checks and their tests	tools: schematic and placement generators, their inputs (board tables, profiles), the checks and their fixtures
v2/ecad/tools/emc_sheet.py	b9d4348dd1055c8329f6c473e2ec5725c5b82144	fa3789c3a634513f5aea44406c1b7f0b8ea9b8bf917c8c63c2b3dbb019f061cc	8644	T tools: generators, checks and their tests	tools: schematic and placement generators, their inputs (board tables, profiles), the checks and their fixtures
v2/ecad/tools/energy_chain.py	33a7cb8c175938284a43cff609cc6b0bcb047afd	2eb665d0e50ee7816cf3e4df98f15c15ada51f4318bb5d3048fd96ffb4863ccf	27360	T tools: generators, checks and their tests	tools: schematic and placement generators, their inputs (board tables, profiles), the checks and their fixtures
v2/ecad/tools/erc_gate.py	afde6ef999b81283a8961de070310210ac753f00	bb4bf868c515f37a3fbbc0b9cd5f3ffbdea38ee5497da85a17ae3b1f07ee4f5f	12168	T tools: generators, checks and their tests	tools: schematic and placement generators, their inputs (board tables, profiles), the checks and their fixtures
v2/ecad/tools/escape.py	21784cea4786e23d1bdaea5facb6f9b6d50a1a67	c2b7f734b575095cf9a5a382f2e1d5416f7125374bae3d74777cd7d2061a47f4	28585	T tools: generators, checks and their tests	tools: schematic and placement generators, their inputs (board tables, profiles), the checks and their fixtures
v2/ecad/tools/escape_prune.py	95ef7d6f466782607aa5bd5ae499e4633d07620b	9fe547566b376dd9214348c84c01b435f9728ef193c1b5b2be40e946b16d84a6	6347	T tools: generators, checks and their tests	tools: schematic and placement generators, their inputs (board tables, profiles), the checks and their fixtures
v2/ecad/tools/execution_paths.py	b70c78f0d25b95443094ca1c5dd7c5abeaa02f7d	30d7e09c551f5e626659f5fac49ffb7e08b58f032c81d3608fa18c2f9202b62a	9054	T tools: generators, checks and their tests	tools: schematic and placement generators, their inputs (board tables, profiles), the checks and their fixtures
v2/ecad/tools/export_jlc.sh	04d9993b71040732805b18ef8d427bd23001638b	bd0e3e49853fd84dd45b3b80bd85583c21207bb3ccf784affadf35359cad00a0	7971	T tools: generators, checks and their tests	tools: schematic and placement generators, their inputs (board tables, profiles), the checks and their fixtures
v2/ecad/tools/expstore.py	1a6438969b2e7c4e436ae65f522c3b1a8c84c662	9272978446b1709915dd3ac40e80154af517ac59d0c1ee6e4d86ef9306631f31	9713	T tools: generators, checks and their tests	tools: schematic and placement generators, their inputs (board tables, profiles), the checks and their fixtures
v2/ecad/tools/fab_limits.py	3c7704d9faf81d54eac183308852e2bc6c20ad1d	04d184797dc0a246f58eb683d65c4e2e654dc856a4f9ff2cdf33dfbc58adb4fd	7375	T tools: generators, checks and their tests	tools: schematic and placement generators, their inputs (board tables, profiles), the checks and their fixtures
v2/ecad/tools/face_section.py	b671b1e58ced962fdf388528c52a45b4a9ee99bc	52674678f019f5c0fc755b6b315f00e7ad79433b5fb730d2820505048ff351d5	4729	T tools: generators, checks and their tests	tools: schematic and placement generators, their inputs (board tables, profiles), the checks and their fixtures
v2/ecad/tools/final_gate.py	3bc3d5ba3a35a8598dda7bd2105da74726d7789e	a4698b6e0662166b2990c052c2c300f545bf7891d66d7b65f785b5bb160c96fb	19424	T tools: generators, checks and their tests	tools: schematic and placement generators, their inputs (board tables, profiles), the checks and their fixtures
v2/ecad/tools/finish.sh	89e52f144ffba033d817b398de50c4d5a9464fe7	80975f1b552eeca5c493659605948d88b5d66a9c765636dbbc29203583ec28e2	32998	T tools: generators, checks and their tests	tools: schematic and placement generators, their inputs (board tables, profiles), the checks and their fixtures
v2/ecad/tools/finish_a18.sh	10f5b8ab7f86ee3b6f85848a452223a869ed68f1	40809c593b5d4dbc6fc0c0e9c65b2302afe79eb162e22cebfbedb8b75e68d433	633	T tools: generators, checks and their tests	tools: schematic and placement generators, their inputs (board tables, profiles), the checks and their fixtures
v2/ecad/tools/finish_b_after.sh	bcf1ce7d52b4badd1f001aa4134f33afdf2e65dc	66dc24a7c8e01e5b006a2f60f4a37ae4151ee440aeb222cb3fc9e124cca4109d	540	T tools: generators, checks and their tests	tools: schematic and placement generators, their inputs (board tables, profiles), the checks and their fixtures
v2/ecad/tools/finish_board.sh	33400c999ca5f13732c91049a37c4bb2fec9499c	1e7af8c6b846d18fa7a673dc9577876283b5567e7f77bfab3bf23d68e03b4ad4	8273	T tools: generators, checks and their tests	tools: schematic and placement generators, their inputs (board tables, profiles), the checks and their fixtures
v2/ecad/tools/finish_stubs.py	2bf36b4d918e82665c46eff0fa9d78ac842f95c9	015848a432791ac9955d557f4de971c6c10beb17d8db4dd542c0936b0791fee7	3394	T tools: generators, checks and their tests	tools: schematic and placement generators, their inputs (board tables, profiles), the checks and their fixtures
v2/ecad/tools/fix_a15_node.py	6c3dae0b98c3f7c63546cc5cefb7973d2f96a4b6	730a795f4b127fdcd82fa16d334075bc9f0ffafd95a94ddbebd07a6e58c22974	4374	T tools: generators, checks and their tests	tools: schematic and placement generators, their inputs (board tables, profiles), the checks and their fixtures
v2/ecad/tools/fix_a17_node.py	b0ffe80e28a8ef3ee1581b082c733df8e2def735	c3abc84363ecf23f86b3e07c3627750c1f6813c5406d57b9bdcf26364049e14f	5367	T tools: generators, checks and their tests	tools: schematic and placement generators, their inputs (board tables, profiles), the checks and their fixtures
v2/ecad/tools/fix_a19_node.py	ee6b4df31402d603143d59178f53a76a48476517	23a0169226a15601995a6fb76521de282b8203bc017674c2fe3fe40b018c8034	4027	T tools: generators, checks and their tests	tools: schematic and placement generators, their inputs (board tables, profiles), the checks and their fixtures
v2/ecad/tools/fix_c7_u3.py	c2de984c045525b6801952c20594c211512b5516	39ec4abab543d1e64261ea9af63015a4fe2ba795b3aaf5fbaa36942e57c545b5	1806	T tools: generators, checks and their tests	tools: schematic and placement generators, their inputs (board tables, profiles), the checks and their fixtures
v2/ecad/tools/fix_d10_hubdm1.py	11440cc4f00e6aa82dfd4158985d3f8965d440f8	eb1cacfa27ee6abf78a34927366b08388aeabffde6926787cdc4c193b962feed	4018	T tools: generators, checks and their tests	tools: schematic and placement generators, their inputs (board tables, profiles), the checks and their fixtures
v2/ecad/tools/fix_pad_escapes.py	9c97b4a693e2cbac1e31397cfae0021f3921d991	3d1f785de90aa9bd3e3fe482e61009ffafd61b1e4c5991e26d8ea5fa70242c41	4021	T tools: generators, checks and their tests	tools: schematic and placement generators, their inputs (board tables, profiles), the checks and their fixtures
v2/ecad/tools/fr_dialog_watch.sh	c2b88964ad09429e50055e75d130d499ff36c6e0	c0133b9337e5eee7ff142362b4846a20825fd8b2cb8104f592a781054d61e7a4	22735	T tools: generators, checks and their tests	tools: schematic and placement generators, their inputs (board tables, profiles), the checks and their fixtures
v2/ecad/tools/fr_import_check.py	0a4b08e00b236563399f48383e35c9ff118c625a	60382c247ac573ef9dad50bbe4ae1a3fea4eac4616617f795262e1a89700f77d	58769	T tools: generators, checks and their tests	tools: schematic and placement generators, their inputs (board tables, profiles), the checks and their fixtures
v2/ecad/tools/fr_jar.sh	e18c5bc94f8b76c53d88971ae163f0bc1b820496	6e8829f8a7d86958d41674f202aadf31aa20a117e0a207060674f0721a3c50a6	2601	T tools: generators, checks and their tests	tools: schematic and placement generators, their inputs (board tables, profiles), the checks and their fixtures
v2/ecad/tools/fr_probe.sh	2ec77656dcd7e9031fed1a2eb331b4afdb46cbac	9cd169c861cb456a82311cca47e9b07c13377a2bc9f02f50d6aa929d5972934b	7927	T tools: generators, checks and their tests	tools: schematic and placement generators, their inputs (board tables, profiles), the checks and their fixtures
v2/ecad/tools/fr_rules.py	e14c833ba8a35a6f21297fb9287257512517ea12	a23c299a33783d732bf532e758809fdb4e3e0a74e65a177991da1d5291065508	4336	T tools: generators, checks and their tests	tools: schematic and placement generators, their inputs (board tables, profiles), the checks and their fixtures
v2/ecad/tools/freerouting/README.md	76512d082a3e2c346acdbfc2c54515ef23020ac9	9c5528749698d519c2029c78858d82c7f5fe047f3a3c205134b7bdc8b72d6c03	2949	T tools: generators, checks and their tests	tools: schematic and placement generators, their inputs (board tables, profiles), the checks and their fixtures
v2/ecad/tools/freerouting/ses_per_pass.py	1a501123ce602948da21db33f3a5e697df6fa9e4	dc218aca10c6c3c1c42d9867bab0b482ee81ae94519384ac2fffcb86867e021b	2851	T tools: generators, checks and their tests	tools: schematic and placement generators, their inputs (board tables, profiles), the checks and their fixtures
v2/ecad/tools/full.sh	ea14dd90c5f82cde414bf9f9aaf15facf69b87be	55018f7bb60a060e758a4c5aca26cb0dda0c7ab9bc79733b42d138d0321b2035	43413	T tools: generators, checks and their tests	tools: schematic and placement generators, their inputs (board tables, profiles), the checks and their fixtures
v2/ecad/tools/full_a22.sh	8b30576713e90b794b7b7e55f178e30fce355ed5	dd49fc3059ef852605e7a7c577281eb784b2686cd1207e4af9646e986cadd26a	320	T tools: generators, checks and their tests	tools: schematic and placement generators, their inputs (board tables, profiles), the checks and their fixtures
v2/ecad/tools/full_b16.sh	11c29b98473e0ae9e026e0d81ad55683c94f9f9d	b8ceae0346e1a7a56019ed786f7e7b4f794cc67e4738f065b3004e14d09b3c1e	356	T tools: generators, checks and their tests	tools: schematic and placement generators, their inputs (board tables, profiles), the checks and their fixtures
v2/ecad/tools/full_b19.sh	141b18f7bb0b9cc447542dfb8ddb58f8ce4287fe	2fa355320f75a021e6e75f13c6dd2b35b4f3f97c6f10f60b4d9e2212669612eb	911	T tools: generators, checks and their tests	tools: schematic and placement generators, their inputs (board tables, profiles), the checks and their fixtures
v2/ecad/tools/full_c7.sh	4cf10e6648d6415e1f92bde9637848efdb96aabc	5e65f4dc0f3d4fd35d0c3a049ce0e862e1107975402e080e496e2e5280bd84e9	329	T tools: generators, checks and their tests	tools: schematic and placement generators, their inputs (board tables, profiles), the checks and their fixtures
v2/ecad/tools/full_d8.sh	f81fa75daaf46debd12984edce98dbce88f16a8b	27e092de6500309c9cb4efb58a5d36ca55c048feb0ba6a0eb940fe56e637df28	329	T tools: generators, checks and their tests	tools: schematic and placement generators, their inputs (board tables, profiles), the checks and their fixtures
v2/ecad/tools/full_e6.sh	724ef828e1dd67c6eef8d59d76011dd820956a8f	66e3168e7ea82a3f6b86ad33b433a7edf4632a577708fb66b89c618700cace9e	320	T tools: generators, checks and their tests	tools: schematic and placement generators, their inputs (board tables, profiles), the checks and their fixtures
v2/ecad/tools/full_p1.sh	909a97464f6fee08877d051ce855aef15af16333	d4f61bddde2eccfec4ee79a692d1000f084c5fa3ebc5707ca799771b8ff9ae9f	329	T tools: generators, checks and their tests	tools: schematic and placement generators, their inputs (board tables, profiles), the checks and their fixtures
v2/ecad/tools/gap_closer_checked.py	c794244abe2502db3af377e772b926e6fc9cdc06	f701746b2b8c7fac5d975e1749b8615ddcdaf38ef88d6d26b35f37a7dc80afc9	4661	T tools: generators, checks and their tests	tools: schematic and placement generators, their inputs (board tables, profiles), the checks and their fixtures
v2/ecad/tools/gate_sweep.sh	9f9f8ad70619536fff519340e28aaddec4e3b8cf	9debe0f574fdd967ee54bab390bac95ed6ffb53606c85ca745ac3380c8a50017	27567	T tools: generators, checks and their tests	tools: schematic and placement generators, their inputs (board tables, profiles), the checks and their fixtures
v2/ecad/tools/gen_footprints_b16.py	541f44a46af895cdfba479271cfe48afbf3eb54d	1012311c0cc661b2498878cf5c943eb144c93698d7ab2c58527eb5334f5c2a70	19067	T tools: generators, checks and their tests	tools: schematic and placement generators, their inputs (board tables, profiles), the checks and their fixtures
v2/ecad/tools/gen_footprints_e.py	c8c5f853775ee387dda1041b0537e1a7d3a67904	1c1fab411acfa1d5afbad4c604c85ad910e1f113e666a991750f1d3290d89e6e	5442	T tools: generators, checks and their tests	tools: schematic and placement generators, their inputs (board tables, profiles), the checks and their fixtures
v2/ecad/tools/gen_footprints_idc.py	75613477f598858563fc4d3e1f734cb60c7c2999	17716f42fc0824a523eeafed40d635a27b093f6ad331e4e45e7b2a03d7db038d	3262	T tools: generators, checks and their tests	tools: schematic and placement generators, their inputs (board tables, profiles), the checks and their fixtures
v2/ecad/tools/gen_footprints_panel.py	ae70dd810eab706faa02ad26002a717e4a7f49fb	8291174d7f0a2993fbdf9fcdc611bac94c242a8689d342827fc8c0b47cbc7ee6	17443	T tools: generators, checks and their tests	tools: schematic and placement generators, their inputs (board tables, profiles), the checks and their fixtures
v2/ecad/tools/gen_pcb_a.py	d96072be5bf216b09aa6529f6c06bd99e8dc4cde	2101683401aa426d8e66d1675c50e9224ddf2e30c410a5366402d74f7a81c6b8	16564	T tools: generators, checks and their tests	tools: schematic and placement generators, their inputs (board tables, profiles), the checks and their fixtures
v2/ecad/tools/gen_pcb_a3.py	d908f55735cbf4e4edae43d8e7b4f270afe5dca6	70068b0ab12bdfc9faa966a0546e2a011d1d571f85287b5ff7608e2aa610621b	98793	T tools: generators, checks and their tests	tools: schematic and placement generators, their inputs (board tables, profiles), the checks and their fixtures
v2/ecad/tools/gen_pcb_b.py	52ca95a92c96344e0355309a8779cec2c7128444	62149b7680d6270836fbb77f3b9e2def887b135e91648f8bee809b2645e51c97	16895	T tools: generators, checks and their tests	tools: schematic and placement generators, their inputs (board tables, profiles), the checks and their fixtures
v2/ecad/tools/gen_pcb_b3.py	4c34e48ec1556637dc5cd432c3e73efcdb7a965e	6c0832a745f2a090e1ebe6ac2818cda5e913788e1bf3854f6f309e0a5c9eb32a	50989	T tools: generators, checks and their tests	tools: schematic and placement generators, their inputs (board tables, profiles), the checks and their fixtures
v2/ecad/tools/gen_pcb_c.py	cb4091ab37ab6cb2856a5109b2a6429e411790cd	47f9691da5654f0713dea74d0b154d775651938bd7811e0c3a558e42b8c549bd	14723	T tools: generators, checks and their tests	tools: schematic and placement generators, their inputs (board tables, profiles), the checks and their fixtures
v2/ecad/tools/gen_pcb_c3.py	8f29c281595dc6b08ef6f2e65a4434e110087c3c	da72ab3f986e1355dfc6029954b56b5695eb90e507a8d4336caedac51eb1244b	21279	T tools: generators, checks and their tests	tools: schematic and placement generators, their inputs (board tables, profiles), the checks and their fixtures
v2/ecad/tools/gen_pcb_cring.py	2d1b93883f42d4e6d40c71308371af99c9d230ba	6e40fc67398d1ba328480b2fb6ac2e372bb6ec9970fb8e77282097469bd0445c	3378	T tools: generators, checks and their tests	tools: schematic and placement generators, their inputs (board tables, profiles), the checks and their fixtures
v2/ecad/tools/gen_pcb_d.py	74b3a8917e301420794177d7d00a66e8f90b1b5a	2061c907762c1eba075013d9698b5329ebf756df4a1235d1684429ae1fc604e8	10892	T tools: generators, checks and their tests	tools: schematic and placement generators, their inputs (board tables, profiles), the checks and their fixtures
v2/ecad/tools/gen_pcb_d3.py	4740d89311949890a934a3b963f5a07fc73f6108	85ee3a3677222429e99f613bb809b67c5fa76677ad3eab5bbe66605e47203453	42501	T tools: generators, checks and their tests	tools: schematic and placement generators, their inputs (board tables, profiles), the checks and their fixtures
v2/ecad/tools/gen_pcb_e.py	9db78f9afd38533f6209ef212dd69565ea541d87	46f16a8c3924d25f80340e31cc65a58fb829fd60d4086a33696f715ef85b5b52	15089	T tools: generators, checks and their tests	tools: schematic and placement generators, their inputs (board tables, profiles), the checks and their fixtures
v2/ecad/tools/gen_pcb_e2.py	633ea81793307565224144a840425c90e61f8563	5fd30718502924fe7833ae2ecfc149a86b988b1db79fd41ae9d58697d955c731	5145	T tools: generators, checks and their tests	tools: schematic and placement generators, their inputs (board tables, profiles), the checks and their fixtures
v2/ecad/tools/gen_pcb_e3.py	ca160570ca2a36c417b96a0cf7bc24e4445aa75f	4e25ea45cf3a4a305ef6c03f8dc40585caa196af9aae058499a40528cef6e7ce	48395	T tools: generators, checks and their tests	tools: schematic and placement generators, their inputs (board tables, profiles), the checks and their fixtures
v2/ecad/tools/gen_pcb_e5.py	0a3232644a64e1533504652513a3bc67e0ff9885	3ecfcb5ad2d57f6500d424242f82123bc700e5b334d181aaf62cebd80a47967e	11856	T tools: generators, checks and their tests	tools: schematic and placement generators, their inputs (board tables, profiles), the checks and their fixtures
v2/ecad/tools/gen_pcb_p.py	3ac2a11b3c40dd1fc1bce1540c33e935e807f8cd	091919dfe5c7da2e27c394c45fe9ff9750d07b34ce5af5570255464c31f8ac74	10611	T tools: generators, checks and their tests	tools: schematic and placement generators, their inputs (board tables, profiles), the checks and their fixtures
v2/ecad/tools/gen_pcb_p3.py	c2001a40f3b5d8c704ce3cc8112138be499b0208	97c9f2e522e41e07efac1270d97000374549059005e87ebae5368372d5b2c2e5	38438	T tools: generators, checks and their tests	tools: schematic and placement generators, their inputs (board tables, profiles), the checks and their fixtures
v2/ecad/tools/gen_sch_a.py	af69c3921b6a503a7270b4dac9ad4baa71a7202e	5a97fed72c42b79d36187aa1b0c50a2d4f0f6f0ff0b5d0293df363872d975b8e	172359	T tools: generators, checks and their tests	tools: schematic and placement generators, their inputs (board tables, profiles), the checks and their fixtures
v2/ecad/tools/gen_sch_b.py	9fb51483e08743c08f7f33b408d72ef5e4cf0e8e	dedaf34ce285e5ff1049b580f050644c78ee21eeb888dfc061d7e9dd0a5260b5	157718	T tools: generators, checks and their tests	tools: schematic and placement generators, their inputs (board tables, profiles), the checks and their fixtures
v2/ecad/tools/gen_sch_c.py	8d3e7a63aaa0e2d9dedb913b6ee9b00d0c6ee9cf	7c555c07abc97500751fb15876b38532cccbc3f6bc9feb0a5f6d64aa329b2a79	63045	T tools: generators, checks and their tests	tools: schematic and placement generators, their inputs (board tables, profiles), the checks and their fixtures
v2/ecad/tools/gen_sch_d.py	0dfbad4a8a9b174d23af55fe4962848d3523c735	0f1d59fd60ffb5ef21eb31d70be4ce619c4910561d6e170f28e28b8fb3adaab4	119145	T tools: generators, checks and their tests	tools: schematic and placement generators, their inputs (board tables, profiles), the checks and their fixtures
v2/ecad/tools/gen_sch_e.py	1921c23660d818c9475b5269adfa03187a1ffd43	f275102965fafa10e5d5eae86a73052f48ba0a3c34fde1d698508b47e9560a7e	98430	T tools: generators, checks and their tests	tools: schematic and placement generators, their inputs (board tables, profiles), the checks and their fixtures
v2/ecad/tools/gen_sch_p.py	702f312441b232768cb75ede86c00e29cac90bc0	91ccbb922c427d43072160db9b44b720b55c2bf2644f66043ed26fbd07096366	75242	T tools: generators, checks and their tests	tools: schematic and placement generators, their inputs (board tables, profiles), the checks and their fixtures
v2/ecad/tools/gnd_grid.py	3207c2cca489ff3aa0af9d799f4fa25121fdcac7	3e2fd3b9b0ca56d41cf438c21f22d11b574afbc8ea2315146b320b3b2ecb7f95	7049	T tools: generators, checks and their tests	tools: schematic and placement generators, their inputs (board tables, profiles), the checks and their fixtures
v2/ecad/tools/ground_system.py	455d16483c7db568aeb7fbc185d3a3c808d83601	228e0a905a75b254a42d4bf6b93264e5f9cd9a3ac8d943122766dda879c4ff56	8642	T tools: generators, checks and their tests	tools: schematic and placement generators, their inputs (board tables, profiles), the checks and their fixtures
v2/ecad/tools/guarded.sh	b158a874115c504cfe909d54b99a33fa3d2ece7d	9c8734c979b122dadb6d1c160a08a0b38596807abcbac65e82427400eac4e843	4637	T tools: generators, checks and their tests	tools: schematic and placement generators, their inputs (board tables, profiles), the checks and their fixtures
v2/ecad/tools/hand_route.py	44006f179105935b0532d01d5a00c43e76b7b065	d3f7fc3ae425479ecd4889610515c164cb916938cfb0f67b09b55973b32ea793	3877	T tools: generators, checks and their tests	tools: schematic and placement generators, their inputs (board tables, profiles), the checks and their fixtures
v2/ecad/tools/handover_exports.py	5dc0825c8cc50535f5c742b9bad1e639e8d77c58	dc212f1b06ae34149b643425819dea6d4d85bbb078545b16e4f7c0534f98d69b	17873	T tools: generators, checks and their tests	tools: schematic and placement generators, their inputs (board tables, profiles), the checks and their fixtures
v2/ecad/tools/handover_pack.py	c0b3e49017212dddb57ce49bbd66e4ed7f85dfb7	a36e66007d86f0008a22ea58584b45d4756b938f2bbe9c89b0f3c7bff1c6d156	33137	T tools: generators, checks and their tests	tools: schematic and placement generators, their inputs (board tables, profiles), the checks and their fixtures
v2/ecad/tools/hardset.py	13278c9bf3d94f5a5d5e16a30b1468d6fb166e7b	be29a44c4a59287688687c1875bcce0cf39922771e2ab8a549917ffdb1b951c1	15123	T tools: generators, checks and their tests	tools: schematic and placement generators, their inputs (board tables, profiles), the checks and their fixtures
v2/ecad/tools/idc_pads.py	9e3a82c70b38a5285c9d1de870970068e12155a4	359895768625712d2a350eb782f9faaf8980b73ad09bfb2968bf951c470469bf	1810	T tools: generators, checks and their tests	tools: schematic and placement generators, their inputs (board tables, profiles), the checks and their fixtures
v2/ecad/tools/impedance_2d.py	49a4b6475419e92afa4d3dad3364b0d72df32096	91142adb857630946872bde3c0e638011ccf337fda50736f504a67d087bc6b9b	9318	T tools: generators, checks and their tests	tools: schematic and placement generators, their inputs (board tables, profiles), the checks and their fixtures
v2/ecad/tools/impedance_check.py	8f0283de49f8afb02266082113f3fda888ef2937	e2495a04e16fc600c8366084953e02a7b15786f0ec8a9ab9de6badb249eb825a	29559	T tools: generators, checks and their tests	tools: schematic and placement generators, their inputs (board tables, profiles), the checks and their fixtures
v2/ecad/tools/intent.py	2e6767d86198c85402b20e8830a6c8cf18725a4e	f1ac033e0f3c10f1d33b4a1f8f19653d1ba8dd47e089fcce53a29c16fe5d2b2c	27733	T tools: generators, checks and their tests	tools: schematic and placement generators, their inputs (board tables, profiles), the checks and their fixtures
v2/ecad/tools/intent_checks.py	5685c677b36c49cd0825a8347ed1ef214d29b9ac	1ad7af0c718ba940329196aa5f02364400763f187a37e0c8dfebb6eb606e44f8	115996	T tools: generators, checks and their tests	tools: schematic and placement generators, their inputs (board tables, profiles), the checks and their fixtures
v2/ecad/tools/interfaces.py	534cb7750fb6dece8ae494d0ad86039988d3006a	7b7e4f3a0241cf355092bfa5c66108beb8866feb211452a6b7a5380d20c2af81	18566	T tools: generators, checks and their tests	tools: schematic and placement generators, their inputs (board tables, profiles), the checks and their fixtures
v2/ecad/tools/jitter_campaign.sh	f9d900928bc3a79270a10a8d75468c11259cba8b	722ff51a22e78178c09ef4d51aa9c33637f69fc2a0b997f73dfb642652bb73cc	3665	T tools: generators, checks and their tests	tools: schematic and placement generators, their inputs (board tables, profiles), the checks and their fixtures
v2/ecad/tools/jlc-handfit.txt	28eb2dd8f03041572b93b29c364ba15df26bc5da	af72c7e248a949d022b2c9353666fbb5df394b9c1faaad0a03a62094dec43b49	10486	L6 layer 6, components	part data: fuse derating tables, part temperature grades, blocked and hand-fit order codes, package and pad aliases
v2/ecad/tools/jlc-mismatch.yaml	ca567c1c7dd881e327c753998fc3c684d818d05a	31b82bacb31ca7efaac19627ebc97e1e7c2649c3cf1fa68e8fa513b7b61bca8c	9712	T tools: generators, checks and their tests	tools: schematic and placement generators, their inputs (board tables, profiles), the checks and their fixtures
v2/ecad/tools/jlc_certify.py	168d517396c0a8df0ac822ee44ee3d03fb812bb0	912efeb07aeb7781d634d97526b7b3ff3330405981a720ce32983e0c1cdeca50	98273	T tools: generators, checks and their tests	tools: schematic and placement generators, their inputs (board tables, profiles), the checks and their fixtures
v2/ecad/tools/join_adjacent_pins.py	75c0da2efa9b5a01144b3118c0023163087cc24c	28795ceaad93e319dc8060db02e5337ccec6b8d85d1610142ebb704201db8994	6994	T tools: generators, checks and their tests	tools: schematic and placement generators, their inputs (board tables, profiles), the checks and their fixtures
v2/ecad/tools/jumper_clearance.py	e2390fc753d5f91acd7aede0a56a574cfff9fbaf	301cee4a2c8db0d70badf987daad94718d0b03fda657cc1cb6fc6d6d1c9ca1b3	1457	T tools: generators, checks and their tests	tools: schematic and placement generators, their inputs (board tables, profiles), the checks and their fixtures
v2/ecad/tools/kb/README.md	a25ce652ed18186742e53ecbfe1ff1bdb1090854	38e9d63b4252dd9c23db2c12bd14f076818e756f87fbe645ff2207fedd835f9f	11412	T tools: generators, checks and their tests	tools: schematic and placement generators, their inputs (board tables, profiles), the checks and their fixtures
v2/ecad/tools/kb/geom_probe.py	3fb2b571cf253d98160ccbdb294a4b70730ac914	3eebc4d99f7cf8655d3f6b4f15e049e2b361ac2e95b1f8fbd83d7608cbfeaba9	15302	T tools: generators, checks and their tests	tools: schematic and placement generators, their inputs (board tables, profiles), the checks and their fixtures
v2/ecad/tools/kb/gold.json	ae9dd588f9ecbaf1611e322ede3795c078875ebe	c18efac4bca6a6216ec6a4dd1a0bda02baac497ce3b07150fa523dd4ac91245c	4133	T tools: generators, checks and their tests	tools: schematic and placement generators, their inputs (board tables, profiles), the checks and their fixtures
v2/ecad/tools/kb/kb_confidence.py	6ee32cbe4e4f5a85dbff50620f1bbee9a524d249	8fc38041295994418905b32fa9600ee28f4d97f6bdfc1af7080fdf2ea737f58b	3605	T tools: generators, checks and their tests	tools: schematic and placement generators, their inputs (board tables, profiles), the checks and their fixtures
v2/ecad/tools/kb/kb_ingest.py	7cda7e209f908e47aaddf71e9c1d6e548ca0c3f9	3b83de6ba7ffd800dc4d4b477ffa4d20392e6f842b5752ea5a5b57f570f76308	16735	T tools: generators, checks and their tests	tools: schematic and placement generators, their inputs (board tables, profiles), the checks and their fixtures
v2/ecad/tools/kb/kb_inventory.py	6bc992803701b214dd7c13b9dfb824682f035834	f6c93b35caea63f753f9e553d622f13a184fdd803e76c1f6de92234dfcc1547c	20695	T tools: generators, checks and their tests	tools: schematic and placement generators, their inputs (board tables, profiles), the checks and their fixtures
v2/ecad/tools/kb/kb_ocr.py	9cda0de056ef24bc869806fd26f2f7c6b009b1cc	810b3fa01d0510643c217ab94a62b56115cc763ed3bc259a602ae1425a40ece0	5545	T tools: generators, checks and their tests	tools: schematic and placement generators, their inputs (board tables, profiles), the checks and their fixtures
v2/ecad/tools/kb/kb_parts.py	c37ab770b4f095e8ea31cae0a48b5a7128755729	5d9aa856c680b50c2b06396b9dd8ba9ca973a8c8e45914a3c43d98ec1815b33c	12802	T tools: generators, checks and their tests	tools: schematic and placement generators, their inputs (board tables, profiles), the checks and their fixtures
v2/ecad/tools/kb/kb_recall.py	ca01d627d723d3b9a9ec67f2684e59e5164919bf	8ea42d7111992e63272d507fea475fef98857e252887a99a654012cfc7936072	7460	T tools: generators, checks and their tests	tools: schematic and placement generators, their inputs (board tables, profiles), the checks and their fixtures
v2/ecad/tools/kb/kb_recheck.py	e050f981dc865a92adab6635d285194956d00e30	dd0d639f7eb317fc70b2bebf31b7ef48fe02cb30dfd90feb80581223f0662b9e	5368	T tools: generators, checks and their tests	tools: schematic and placement generators, their inputs (board tables, profiles), the checks and their fixtures
v2/ecad/tools/kb/kb_search.py	dd58952f6656b9fae871fe437cd2f4eb3e624868	84e53d8c6a010b026a1d131fe6ef24e94605fe82d1efc2d3208dcc3740d0bd93	16130	T tools: generators, checks and their tests	tools: schematic and placement generators, their inputs (board tables, profiles), the checks and their fixtures
v2/ecad/tools/kb/kb_verify.py	ce3d7ab523a71438d68e5df7c3b9e2dad1dfffaa	40b19eaf8607802006a79afa00720dc0a5a27b6c5a86240a19a95c24d37d91fd	16438	T tools: generators, checks and their tests	tools: schematic and placement generators, their inputs (board tables, profiles), the checks and their fixtures
v2/ecad/tools/kb/kbdb.py	b8abfac5a4109d7bff6ee6599f5f635f1b0d400d	f91d609aa978501a1f448c90047c299fec232d5e2dd4a2fad330ef109f724889	967	T tools: generators, checks and their tests	tools: schematic and placement generators, their inputs (board tables, profiles), the checks and their fixtures
v2/ecad/tools/kb/kbembed.py	00cfdaa52ea64b0509bd6c3bf114c08491d0e9c9	a06d8507ff2d2475089f88dac0ff263514ae6251b201a6bf3905a1928e523106	2385	T tools: generators, checks and their tests	tools: schematic and placement generators, their inputs (board tables, profiles), the checks and their fixtures
v2/ecad/tools/kb/kbenv.py	9204c9123b58faa1f31bc43a3d1b78cd2d3ca51b	01b67af139ee23aaf2e7f52f65522a1c9d159b1d95a0bcb631e6e8f82eef3a7c	2028	T tools: generators, checks and their tests	tools: schematic and placement generators, their inputs (board tables, profiles), the checks and their fixtures
v2/ecad/tools/kb/schema.sql	9b8b2a23faa74e8f89ecc7592427275b54ec76a4	d6689fb8345601087771e574779902e67f7950fb4c9c59309066a3f7884b9b78	6451	T tools: generators, checks and their tests	tools: schematic and placement generators, their inputs (board tables, profiles), the checks and their fixtures
v2/ecad/tools/kelvin_check.py	8da117ed1de31178b486b8e2942ff6184d766e39	d35bb8029dc17a47e1357035dde95d03703e2b74483a567ee4d401f423377741	12370	T tools: generators, checks and their tests	tools: schematic and placement generators, their inputs (board tables, profiles), the checks and their fixtures
v2/ecad/tools/kicad_compat.py	9ddbab859863769885aafce6030520014f500ea2	6b8f77490466e9390ba07f52bafcd23d413b2eda40aa1839f0592c0c67ef3854	1326	T tools: generators, checks and their tests	tools: schematic and placement generators, their inputs (board tables, profiles), the checks and their fixtures
v2/ecad/tools/kisch.py	ba52c7b14e811769794aaed1efa09611b1dd3a04	3e28374d15be25e07334f06af3188320cb88dacfa4ae98b2928f97598db6a661	38764	T tools: generators, checks and their tests	tools: schematic and placement generators, their inputs (board tables, profiles), the checks and their fixtures
v2/ecad/tools/layer_audit.py	dfb71f57a4284f9b22e227535ecddd6cb494d0bc	9917f74775d32ca8c91750d28925d16ac691795200bbb8e2427d76386f942c34	8217	T tools: generators, checks and their tests	tools: schematic and placement generators, their inputs (board tables, profiles), the checks and their fixtures
v2/ecad/tools/layer_judge.py	adaa2711a073f74cfa501e36424374ecd15beb8f	e16df978b7598499992dc7ed1269e3adb13bc6e07b90ef68ef101af7d4639540	14102	T tools: generators, checks and their tests	tools: schematic and placement generators, their inputs (board tables, profiles), the checks and their fixtures
v2/ecad/tools/lcsc-blocked.txt	9971b79c0d7fef12f0ae905d84dee8d97c2964c7	b0139eaffacb68018d125aab72bc401042e99dc1e9735f41b89a9cde59c398b2	5894	L6 layer 6, components	part data: fuse derating tables, part temperature grades, blocked and hand-fit order codes, package and pad aliases
v2/ecad/tools/lcsc_fill.py	c50c100183f9e3d1b88dbb6225e70fd47d2ace72	b209f9d6d241e7bab447656254f9a8308f61822d4aa0c223753ab711e1b45841	32872	T tools: generators, checks and their tests	tools: schematic and placement generators, their inputs (board tables, profiles), the checks and their fixtures
v2/ecad/tools/ledger.py	c3e41dfc6a83ee1471d04cde2cee441e14659c2d	eb9889804ee12f9a28b2909dad883796d6b37c4906865779f41e42f6cbb9c247	6365	T tools: generators, checks and their tests	tools: schematic and placement generators, their inputs (board tables, profiles), the checks and their fixtures
v2/ecad/tools/ledger_verify.py	4d5d1845de09fccc35ce4e5b5c117d8723798da5	8a1fec2b2b28703eeb9c99ac84ff1935a602d889a5000c5de1531ea58b832615	5815	T tools: generators, checks and their tests	tools: schematic and placement generators, their inputs (board tables, profiles), the checks and their fixtures
v2/ecad/tools/logo_meshsat.json	fc3c3a291b164d63a8a01e9e90631b11b38019fd	b89b8253ec9daa4d97b0f913e7675596ca2e7a437da574080212aad9601bdb12	36231	T tools: generators, checks and their tests	tools: schematic and placement generators, their inputs (board tables, profiles), the checks and their fixtures
v2/ecad/tools/logo_silk.py	cd3f1fd9ad84fbd77a7e79178559dcfed7a01be7	95d828892ce04a69b04a08da3cc7879ccef967accc9976e03bcc1105462e5825	2301	T tools: generators, checks and their tests	tools: schematic and placement generators, their inputs (board tables, profiles), the checks and their fixtures
v2/ecad/tools/logo_stage.py	477725242c27ec80ecee3c59b04df84a3893b0a1	8b760463ab39ee7187119caa590e5a50d193a70ea548f53fd6056d7b3df24c76	2992	T tools: generators, checks and their tests	tools: schematic and placement generators, their inputs (board tables, profiles), the checks and their fixtures
v2/ecad/tools/long_route.sh	159b6e7051522d83c676c554a2f11c417afb9e2f	4dc13b55905070f32d5089e0ae72a16afe2307a90eccfc4cea99bf6ba577bbd1	1651	T tools: generators, checks and their tests	tools: schematic and placement generators, their inputs (board tables, profiles), the checks and their fixtures
v2/ecad/tools/make_handoff.py	ab00c92347c9f1caf31148392216f0fd4b25c4b4	2ce921c595ff5a8fddf8bc71cf0050003bbfe6f40a62b744b151d086f7dfdb01	51916	T tools: generators, checks and their tests	tools: schematic and placement generators, their inputs (board tables, profiles), the checks and their fixtures
v2/ecad/tools/meander.py	eb698b33ae3ec6a50c1d0685a55fc9170820c525	e92f64ee5288d9a5fbd6ed1fc57c53499d33424f9022531b84143a4f2e551f64	9383	T tools: generators, checks and their tests	tools: schematic and placement generators, their inputs (board tables, profiles), the checks and their fixtures
v2/ecad/tools/net_tie.py	a5b6f9b2766f06b20a6773f50b4129bef051468e	4dfadb886b5eed72f6142c25f64fff62d53ce5c8bf16390099750d725629eec7	834	T tools: generators, checks and their tests	tools: schematic and placement generators, their inputs (board tables, profiles), the checks and their fixtures
v2/ecad/tools/netclass.py	efd39be545e3e84c76704868de504f1e7978456c	4cc1adf0ddae03908f37d06abf5e93363623015cf602c67114ddb4fbc57068b0	2288	T tools: generators, checks and their tests	tools: schematic and placement generators, their inputs (board tables, profiles), the checks and their fixtures
v2/ecad/tools/netlist_board.py	da080e375d06e61d0d15c04dec01e66177646047	655bc402d36b0fa571a08552791ef9c136641c11897b940bbc4dd8410d78efa2	11507	T tools: generators, checks and their tests	tools: schematic and placement generators, their inputs (board tables, profiles), the checks and their fixtures
v2/ecad/tools/netlist_parts.py	68e08515584ec0129aaebfb4c9dcfb48c57b36a6	41cf192223d822c203c5f2544418169b91478febb3ef494dddf8717a75559141	9683	T tools: generators, checks and their tests	tools: schematic and placement generators, their inputs (board tables, profiles), the checks and their fixtures
v2/ecad/tools/open_pairs.py	41236d4887db781c8e8ed7b6efb91a66ef47eb19	bf578f7e52ffc073fb739c17d96543933f6279ba329f5a42dfdae74ed8cfab97	11284	T tools: generators, checks and their tests	tools: schematic and placement generators, their inputs (board tables, profiles), the checks and their fixtures
v2/ecad/tools/order_readiness.py	b18a357ea468a25842189e94b8f5411ad5d82106	1db6ff95f09997267afe458562e6e65e95ada3194bf624bdc78f43f15fc31911	17636	T tools: generators, checks and their tests	tools: schematic and placement generators, their inputs (board tables, profiles), the checks and their fixtures
v2/ecad/tools/pack_protection.py	3a33aa81ba71f8e6c6c333e34f753981cc848cda	bcd644b9822c724dc2689a4b99940a53443a5abf048f33c7fe8e7509c261a218	12296	T tools: generators, checks and their tests	tools: schematic and placement generators, their inputs (board tables, profiles), the checks and their fixtures
v2/ecad/tools/package-aliases.txt	ca69e5cc4ac7defb3d85e9292194f741369f399e	b5a8c03737f0db2a57bdd84bbf4b22d171c3633ea2d82c12d72c1accea60eddd	2507	L6 layer 6, components	part data: fuse derating tables, part temperature grades, blocked and hand-fit order codes, package and pad aliases
v2/ecad/tools/pad-aliases.txt	bcab6a6bff7eed34f993370a98c9a441ab7b7b98	f22f7316fcb3c526100ef93cbb479e433cfff956a3d87f9898c32a30734e6856	1169	L6 layer 6, components	part data: fuse derating tables, part temperature grades, blocked and hand-fit order codes, package and pad aliases
v2/ecad/tools/pair-header-allow.txt	96c7c651a6cbec3aa0c365143b25dcfa45fb99ad	84703ea60fede2f59f718aeaa5df3559dffe5f708aff9ebcbbebb8c97ffd15c2	882	T tools: generators, checks and their tests	tools: schematic and placement generators, their inputs (board tables, profiles), the checks and their fixtures
v2/ecad/tools/pair_audit.py	48983f7edaade540a0bf59dda008aa1a07a6cfc2	f16d3048347a0b92a7af6ce104208a8fb33fd3f79faf54e605b3af42f2dc35dc	4099	T tools: generators, checks and their tests	tools: schematic and placement generators, their inputs (board tables, profiles), the checks and their fixtures
v2/ecad/tools/pair_gate.py	c3df9bd70b52a4034bd459838092a80b089ea444	9317252be1a179b7ea33f0330df4fa40edb228363bb25770b366c83725f1dfa8	4343	T tools: generators, checks and their tests	tools: schematic and placement generators, their inputs (board tables, profiles), the checks and their fixtures
v2/ecad/tools/pair_match.sh	18dd39b86c7711fac55e0b99d2b0ef3e308e7e83	d7859d10a3558e79c6745794069725d60d5cbe21a190797282d940ccee272d3c	4868	T tools: generators, checks and their tests	tools: schematic and placement generators, their inputs (board tables, profiles), the checks and their fixtures
v2/ecad/tools/pair_negotiate.py	32a002c29493d8c8d8162a76a5aab4c9ecdb3164	efe69899dbc098cd0720fa27eaf33cead6c045b351696cdb3d4bd5cb11caa93d	5534	T tools: generators, checks and their tests	tools: schematic and placement generators, their inputs (board tables, profiles), the checks and their fixtures
v2/ecad/tools/pair_order_from_plan.py	fc91196c4397ef1b651c42f602000fdf1fdee9db	c513ff778268ae0a6383a59809ba315f5980496493c525cbf5cb3f3572eedab7	2257	T tools: generators, checks and their tests	tools: schematic and placement generators, their inputs (board tables, profiles), the checks and their fixtures
v2/ecad/tools/pair_passes.py	06a0844599b7e3bc633e9fb9ba8933b9b1990430	0a4bc9fd88af00372fb67ad17668effe0c584ff5c2b041275228d11ec840e210	3065	T tools: generators, checks and their tests	tools: schematic and placement generators, their inputs (board tables, profiles), the checks and their fixtures
v2/ecad/tools/pair_preroute.py	9a78793c37925c2973cfd11b05f6a4103c0309d2	2d8cee839a0a85a7c9d8a00127c25bad6981c9b80839565e7b300787572e3ac1	171824	T tools: generators, checks and their tests	tools: schematic and placement generators, their inputs (board tables, profiles), the checks and their fixtures
v2/ecad/tools/pair_prune.py	d20cc3f3a6ae3ae5e5cc861fa3074b53214f289b	b2df4543fe2cd240e00a823fb4f4094aa382b68f1a0a3bc992cea93e6fb5a545	5131	T tools: generators, checks and their tests	tools: schematic and placement generators, their inputs (board tables, profiles), the checks and their fixtures
v2/ecad/tools/pair_report.py	f2a9ae03de75f7cbfe027a32445d965be3769f5d	a183099e9cf4015d9095739bb0f49800a7c55145bbfe7d8d9f22f0f7dc9bccf6	5119	T tools: generators, checks and their tests	tools: schematic and placement generators, their inputs (board tables, profiles), the checks and their fixtures
v2/ecad/tools/pair_router/__init__.py	8a6f6b270d6286454ba89f9b1c55281cbdda8840	984b9e9afdd5352e2ff2ab5ae687fcfd31b784f3cf5a630eef31744ee21c01a4	918	T tools: generators, checks and their tests	tools: schematic and placement generators, their inputs (board tables, profiles), the checks and their fixtures
v2/ecad/tools/pair_router/config.py	f13d6241dc21bf95c24db3d86d59c56e17f100ef	0d5c091b066032f0c53a920a43a4fd7383100b249d5a06c0d4af13ab30d3a936	9579	T tools: generators, checks and their tests	tools: schematic and placement generators, their inputs (board tables, profiles), the checks and their fixtures
v2/ecad/tools/pair_router/geometry.py	55ad93ce554e42616dfae22da836ec22b9c1c61d	8434b1222f69aacfc9c32328bfbbe3f22d4bffe3f75e6e5f6053b6b7789f5d7f	8226	T tools: generators, checks and their tests	tools: schematic and placement generators, their inputs (board tables, profiles), the checks and their fixtures
v2/ecad/tools/pair_router/occupancy.py	351d138c348edea2959a28963ec7b50194fedf1c	08be03bd8fc9dc30030174d4160828bb0e0673cb129826a13b39af3d50bda03f	26483	T tools: generators, checks and their tests	tools: schematic and placement generators, their inputs (board tables, profiles), the checks and their fixtures
v2/ecad/tools/pair_router/search.py	006354f73a9ed9da13a674546e150b5f0712b379	163ab69ee6f4221b3aac9c6559520efd5349ff12395ecfa2917ebf516e6c7476	14060	T tools: generators, checks and their tests	tools: schematic and placement generators, their inputs (board tables, profiles), the checks and their fixtures
v2/ecad/tools/pair_shadow.py	246cdca447895676a8f499b2a20834d0e2b33f36	b840363ca613988b640ca068448a89053e39c4cc016b3da2f48c8c9c1d7ae5d9	7843	T tools: generators, checks and their tests	tools: schematic and placement generators, their inputs (board tables, profiles), the checks and their fixtures
v2/ecad/tools/pairsearch.py	9e805ff2f49dcbad2f49e699915124d118a860e0	8fb4d320e19a011d24ddd41c96f04a609cb5b95f63ab97dee26a92b74a55a9d5	16070	T tools: generators, checks and their tests	tools: schematic and placement generators, their inputs (board tables, profiles), the checks and their fixtures
v2/ecad/tools/panel1450.py	1a6bc4fe15be8c5ff04c6ab7c961e7c4eb1471d1	df4959c6b4b818259b405cfa0aa2d677f207f1f9a5e443f8e36c039fd86b8e61	21855	T tools: generators, checks and their tests	tools: schematic and placement generators, their inputs (board tables, profiles), the checks and their fixtures
v2/ecad/tools/part_reconcile.sh	d0c2204bc1dfe74154368017aa94ca1948a86216	79d30e781c5b6a6348d3e961eff39d255b6d672379e1948b42a59b45a1697339	2455	T tools: generators, checks and their tests	tools: schematic and placement generators, their inputs (board tables, profiles), the checks and their fixtures
v2/ecad/tools/part_room.py	4f796093ab53e0fb6ff257b3491d740662412d6b	188abd3fa801a6369e4a5826decb58dba6dea4659b433485f52b09d4b8816fdb	5154	T tools: generators, checks and their tests	tools: schematic and placement generators, their inputs (board tables, profiles), the checks and their fixtures
v2/ecad/tools/part_stage2.sh	7b708cf86229eab02481097f49985b4378192cdd	647d3355e924e1a986eeac3effac572e32c824d171f742bfaac1ead82df08a05	6013	T tools: generators, checks and their tests	tools: schematic and placement generators, their inputs (board tables, profiles), the checks and their fixtures
v2/ecad/tools/part_temps.py	7758e8b7fea9fb0fb93e168728bf07cef5a7b7e5	03194d7899e36d6aa31a5b3e1660a37825c82e3188feae44625165fcc3271a1f	9683	T tools: generators, checks and their tests	tools: schematic and placement generators, their inputs (board tables, profiles), the checks and their fixtures
v2/ecad/tools/pcb_board_facts.yaml	8eb5f459683dc5b4f409291635381d762f41d7a9	4a0474ddac0b1404d2b14857a50bdb7d6b1180613d7760ff3e07e6f9f7bda5ef	11361	L5 layer 5, partitioning and interfaces	board-to-board interfaces, per-board facts and the panel software contract
v2/ecad/tools/pcb_board_holds.yaml	09709fdb8557a5c880e448a0ec09302dcd45d978	cdeac27ab5f7802d334b4cad681ffda085ab590913a2f5abaa763c2e3c7da7dc	11666	L4 layer 4, system architecture (with the feasibility studies)	architecture data: the stored-energy chain, pack protection, board holds and the EMC sheet
v2/ecad/tools/pcb_closers.yaml	b470f556daae99d2eb81a090fa06022df253b5ba	f2aeeaae4ffd551a6affb19b2b9504675b6242d7c30acd0ad21ec086fe7d347b	17498	T tools: generators, checks and their tests	tools: schematic and placement generators, their inputs (board tables, profiles), the checks and their fixtures
v2/ecad/tools/pcb_decisions.yaml	2129bd85aacaf7ef94cdd1574721c40e55c1acbf	b5f7162443d5ad91026803a61eda47e3814060d8b2ac5d7b753a2f7126d859d8	132982	L3 layer 3, requirements (with the rule and decision registries)	requirement, rule, decision and stage registries (the one authority for each; the pages under v2/docs are rendered from them)
v2/ecad/tools/pcb_emc.yaml	70597460c6643cae2194e57c7a3160911ac63284	46282bc0c1ae331f958d5feaa4183f9a98a4da8be374325423013a4149bbb847	18457	L4 layer 4, system architecture (with the feasibility studies)	architecture data: the stored-energy chain, pack protection, board holds and the EMC sheet
v2/ecad/tools/pcb_energy_chain.yaml	d0ca546c0eb0b9402a41aee25dcc669c1a495819	935e524eed0ee4d156ebd2a66b017f728e8a2c519a94d413f265f1748ce3c8c4	18785	L4 layer 4, system architecture (with the feasibility studies)	architecture data: the stored-energy chain, pack protection, board holds and the EMC sheet
v2/ecad/tools/pcb_envelope.yaml	70796ab7a152dcbc4c167e281439d54a12db7aec	bc78efbf633223b5c1a16b0d8a309ec6e8f453081a88df6a87d6f3299642f2f3	7463	L2 layer 2, concept of operations	the operating envelope as data (read by part_temps.py and the envelope rules)
v2/ecad/tools/pcb_fuse_derating.yaml	9f5978d71adc9d57f918446b4894ad7c09947bc8	5d1f81e183dcad4933e07d1ded910146ee91f2868dcffa0498b87d479c1b4e54	3094	L6 layer 6, components	part data: fuse derating tables, part temperature grades, blocked and hand-fit order codes, package and pad aliases
v2/ecad/tools/pcb_interfaces.yaml	9e21d4a3a6dc47b0030ad3c4238c98f39b3efa91	7f1dc0c9440cfbc5f8925aad341547b14f522443c2641aeaf90a2beb90b3b81a	46511	L5 layer 5, partitioning and interfaces	board-to-board interfaces, per-board facts and the panel software contract
v2/ecad/tools/pcb_pack_protection.yaml	65c7d53ef2e54bad56aa5a4d2328f05abbb70493	54039554131c1e26ae9897f36fa827701739f3b07b9af1a35a8438c9fe203f4f	11880	L4 layer 4, system architecture (with the feasibility studies)	architecture data: the stored-energy chain, pack protection, board holds and the EMC sheet
v2/ecad/tools/pcb_part_temps.yaml	7996e882ea6543ee9ba79a34a4b6edb52182bf3c	f1cefc3a48504a01acbc0a27bb6415db292e0c7fa365ddfb63e16de9429004af	6351	L6 layer 6, components	part data: fuse derating tables, part temperature grades, blocked and hand-fit order codes, package and pad aliases
v2/ecad/tools/pcb_programme_stages.yaml	0cdfd8de0866c7273ceb0b22d65db78939137544	c8ae5dc5f1f78990b75ef1fd23b89d9b8c41dd7d5874fd1e575ca6d8e393fc25	4537	L3 layer 3, requirements (with the rule and decision registries)	requirement, rule, decision and stage registries (the one authority for each; the pages under v2/docs are rendered from them)
v2/ecad/tools/pcb_reliability.yaml	9703cba4340beab838ae96b240e23dc70f570a86	fbf56eb06df1d007cb64650cfea708176f74f6d1687aa4350b5e63f87328a372	12016	T tools: generators, checks and their tests	tools: schematic and placement generators, their inputs (board tables, profiles), the checks and their fixtures
v2/ecad/tools/pcb_requirements.yaml	114d936274f3f67853b3941ec9faa4b68b7ef1ce	d45ef04eb44e3ec6b56f745f19840fab6571b7b901509ae3a1c1a2d9ad3f1e2a	456051	L3 layer 3, requirements (with the rule and decision registries)	requirement, rule, decision and stage registries (the one authority for each; the pages under v2/docs are rendered from them)
v2/ecad/tools/pcb_rules.yaml	c5ab990b479c2e4445a6a66ddcc189eb8f55c162	30bfbbcd4cb418c5352b9883443853f558a51892d78515317ce51c445ce229ea	166119	L3 layer 3, requirements (with the rule and decision registries)	requirement, rule, decision and stage registries (the one authority for each; the pages under v2/docs are rendered from them)
v2/ecad/tools/pcb_rules_coverage.yaml	931fb973eca664d74394eebb5621e727216bcf7a	0c3b0de3ee74b6c5810312b826c465f7b4e3da9588cf03c2bad115444426f7b4	191036	L3 layer 3, requirements (with the rule and decision registries)	requirement, rule, decision and stage registries (the one authority for each; the pages under v2/docs are rendered from them)
v2/ecad/tools/pcb_sensitive.yaml	f46e8a441b0266655fa774146c91aeac8124fc81	04243c8107129af05733ca072947453566edc7d360c85e6d421753d33cbf192f	32079	T tools: generators, checks and their tests	tools: schematic and placement generators, their inputs (board tables, profiles), the checks and their fixtures
v2/ecad/tools/peli_probe.py	e2ebbb282b2471b9d09f5b3acb13cc01876ee40d	a5b6e40cad1e26ea631300ae575822093ac9d4bc819d1375cc498e2c680a1682	4628	T tools: generators, checks and their tests	tools: schematic and placement generators, their inputs (board tables, profiles), the checks and their fixtures
v2/ecad/tools/phase_artefacts.py	c12207972d9c6eb640f6673e937461e717cb68e2	96642ce767188c73afad2c5c0da93756b137ad9123c046c47d7d2cc15d1286b6	8920	T tools: generators, checks and their tests	tools: schematic and placement generators, their inputs (board tables, profiles), the checks and their fixtures
v2/ecad/tools/pin_map_lands.py	687cc66e5707070a83422d20406e87bf5c2f460f	89d2ad7c2bab8ba0f4c38741e64e4af3862decd158b66e98c891d906502ab060	7207	T tools: generators, checks and their tests	tools: schematic and placement generators, their inputs (board tables, profiles), the checks and their fixtures
v2/ecad/tools/place_audit.py	cca940ebfc827f01ad7fcb1b19746d721006d0d1	6e2f9bf7fe10fb159752c6f979104103025c55a690f6c9f946d599b4072c76b1	32870	T tools: generators, checks and their tests	tools: schematic and placement generators, their inputs (board tables, profiles), the checks and their fixtures
v2/ecad/tools/place_jitter.py	3c7760e218276f26d701acb295c3eadf67727716	0deff640d996e518cc094099caea9504a430b23bc19ad8f8c8aba86f28a5410d	2706	T tools: generators, checks and their tests	tools: schematic and placement generators, their inputs (board tables, profiles), the checks and their fixtures
v2/ecad/tools/port_protect.py	a9c6132bb5a5d38152c9566880d83d92a1b23979	2d69facd3c25c8a46f3ee8457b511b840edca13d50b19f18d88f5817c424e9d4	42347	T tools: generators, checks and their tests	tools: schematic and placement generators, their inputs (board tables, profiles), the checks and their fixtures
v2/ecad/tools/post_fix.py	597c59c1009fcb93c57fccd4fcfbd3700e1eeafb	fdf8acceead5f099029b126233ffc5c3d625e05fb2afc0db1a65bea74568b610	616	T tools: generators, checks and their tests	tools: schematic and placement generators, their inputs (board tables, profiles), the checks and their fixtures
v2/ecad/tools/post_fix_a.py	5b887b91a2f84147cf5a59526ea6bbf3fb4d85b6	6156074bc028487c0b2053cda3340c2a3e9617a57dd53ff199f1799145ca9303	3590	T tools: generators, checks and their tests	tools: schematic and placement generators, their inputs (board tables, profiles), the checks and their fixtures
v2/ecad/tools/post_fix_b13.py	3a0a8c91828cb4f09b8a0bcb535716251ecd7c21	ef37b6e34709d72b4667f8d74884e3edf5e7a53b9c18ca7024e0c5023a89660c	4334	T tools: generators, checks and their tests	tools: schematic and placement generators, their inputs (board tables, profiles), the checks and their fixtures
v2/ecad/tools/post_fix_b4.py	0b053f2a4f91ba9c19cce31795d0a3d2ae15d8b1	177f0efd67ec351f473300f9dc27fc06fc1cdb8ef8afefffc26915f3174757e2	2558	T tools: generators, checks and their tests	tools: schematic and placement generators, their inputs (board tables, profiles), the checks and their fixtures
v2/ecad/tools/post_fix_d.py	f94207b18fef284a6b52be445de87b6101b897a9	ff462b788e1dbc68250cc0986235b716ee295674619679643fdb59ff68305a29	2095	T tools: generators, checks and their tests	tools: schematic and placement generators, their inputs (board tables, profiles), the checks and their fixtures
v2/ecad/tools/pour_stitch.py	1d807fb4bf997c2905cb4019021bfc2cb4b421bf	d7b0e2fc5b4370438a7ec2044fc68f593b6fbe4f928531200ce186607450af3d	9007	T tools: generators, checks and their tests	tools: schematic and placement generators, their inputs (board tables, profiles), the checks and their fixtures
v2/ecad/tools/power_copper.py	ca57f59ee60ca60f855dae097cfd2d80bd55a9cc	6e52394286797577072b1120fe65f3dc0c319f0518a1a7fe2dd1e77880a9fbd9	21332	T tools: generators, checks and their tests	tools: schematic and placement generators, their inputs (board tables, profiles), the checks and their fixtures
v2/ecad/tools/power_path.py	e62bab946897296a36ee4619023524bdd8b25c26	d587cd5843213f62fed2651bdf9e36ae6ec02a7fc5d4371199ec4f1fcfee81de	18560	T tools: generators, checks and their tests	tools: schematic and placement generators, their inputs (board tables, profiles), the checks and their fixtures
v2/ecad/tools/power_sequence.py	cc408a596c61cf5e639ba116e2319a3bf39537b5	2ba1e2e1a719c9d15ff13234865d54bb185a1e3a164d1bf55d41a8acdb639ac6	17200	T tools: generators, checks and their tests	tools: schematic and placement generators, their inputs (board tables, profiles), the checks and their fixtures
v2/ecad/tools/prefanout.py	9ff0851e1258128dbe5df5c23b48cfd3d1bc2e91	0fb5f8cbc57d30b145dfd943483fe9288b46660214f69595d2ddbe6311795ec4	19271	T tools: generators, checks and their tests	tools: schematic and placement generators, their inputs (board tables, profiles), the checks and their fixtures
v2/ecad/tools/prelay_pairs.py	ac3465e360bf81e2533519772681e2845da15376	546b3a27b3efb58f81968eec40d010656d5feda9878562a116d39671917a4ae9	5408	T tools: generators, checks and their tests	tools: schematic and placement generators, their inputs (board tables, profiles), the checks and their fixtures
v2/ecad/tools/prune_stale_evidence.py	8037ba26b5aa1ef4419c8894639297c8082c55b8	ecf8294f78cd9703c501cd05368b006f3077e761ea86e3ec3de9de25c4c0cd99	7796	T tools: generators, checks and their tests	tools: schematic and placement generators, their inputs (board tables, profiles), the checks and their fixtures
v2/ecad/tools/pruned_gate.py	8ce5b771c39042a871c3c3097e54013f33c7adf9	47f4454389a41a2c5576715cd415bc08fe0e1bbe79e616ab1e78c5b83a13df27	6919	T tools: generators, checks and their tests	tools: schematic and placement generators, their inputs (board tables, profiles), the checks and their fixtures
v2/ecad/tools/quality_pass.sh	18a3bac90d5340695d8038b5746381629c503f8a	cbe3b37c5d79b38f6237f269eba3961ddf2c6b9aa675c4a71446440b818c23d8	3937	T tools: generators, checks and their tests	tools: schematic and placement generators, their inputs (board tables, profiles), the checks and their fixtures
v2/ecad/tools/rail_barrels.py	9130447e3267b2d687cc5004a15889d9475b5354	0eb9e458763154d39b922e2a02755fe6ceaa459e9c3bb92ae9a3e9c58152741e	28101	T tools: generators, checks and their tests	tools: schematic and placement generators, their inputs (board tables, profiles), the checks and their fixtures
v2/ecad/tools/rail_crossings.py	35a5d223a767e7986577a1bf381b7698c06067c1	5621297450543ce6f34fba017a4038527e00e6982e34c91b7d16e84af4f6061b	22187	T tools: generators, checks and their tests	tools: schematic and placement generators, their inputs (board tables, profiles), the checks and their fixtures
v2/ecad/tools/rail_prune.py	9b4723decd699379df9670c012ee0c58c75c68cd	e204db9f7e4f7941e5d4f5fb312e1b586cf22059cf5fca87d5760981cf4350b8	4297	T tools: generators, checks and their tests	tools: schematic and placement generators, their inputs (board tables, profiles), the checks and their fixtures
v2/ecad/tools/readiness_manifest.json	875e3fe6d5746af3914ec322b09cae79fd88f73c	e9e13edc3317ae71656bacdd419eee54f0d321664cbfa74a93012823eda0ce49	3198	L3 layer 3, requirements (with the rule and decision registries)	requirement, rule, decision and stage registries (the one authority for each; the pages under v2/docs are rendered from them)
v2/ecad/tools/ref_change.py	632e8a344e118a4c674ceac334a96a60a242accd	09262699e6f3c692ded3234027eb54b6da1bc19621eb62ba65b0da90b32e0321	14074	T tools: generators, checks and their tests	tools: schematic and placement generators, their inputs (board tables, profiles), the checks and their fixtures
v2/ecad/tools/regen_compare.py	47d24e775636242227153b53110e599c68761d83	341d7f129a1e6f24453e3fd579b99a9648efc7e253b0f514f5c182a4691d6b22	24603	T tools: generators, checks and their tests	tools: schematic and placement generators, their inputs (board tables, profiles), the checks and their fixtures
v2/ecad/tools/region_room.py	dd2c6bb290f2cd6ab67bb49cff935143a0c80a67	e979c99ef8007ce3c384bfb549ba1b7bce34a14d29c74a84a64396a144fd34be	13711	T tools: generators, checks and their tests	tools: schematic and placement generators, their inputs (board tables, profiles), the checks and their fixtures
v2/ecad/tools/regionfit.py	9f7f3c97f8ebb7c0d11713d2f993f0e71bedf4e8	613079f358dfcd58bcd09e951087d55ecc060338575817b64ad5051f70cbd1ca	4837	T tools: generators, checks and their tests	tools: schematic and placement generators, their inputs (board tables, profiles), the checks and their fixtures
v2/ecad/tools/reliability.py	7478312f6fcc9f2fafbeb2cb74fe1d63fbdfdab6	149a48e5f241995512cff4cc0e35fc0eb8542df09d2a16881c2fab3ef9d69189	9028	T tools: generators, checks and their tests	tools: schematic and placement generators, their inputs (board tables, profiles), the checks and their fixtures
v2/ecad/tools/reserved.json	4e4dc4abf2a67c26b4dfbc2cdbc73d2de9066604	d5e623cd333aa3950899626ad01f48600c8115a6174c849d221f15f0a520dc9b	6163	L3 layer 3, requirements (with the rule and decision registries)	requirement, rule, decision and stage registries (the one authority for each; the pages under v2/docs are rendered from them)
v2/ecad/tools/reserved.py	58e106937618605bfdf5295908c2f13507cc03c4	bdd62399c884300757764d9c0f180c465c1379c162066e07748a5c9d69525e1b	7213	T tools: generators, checks and their tests	tools: schematic and placement generators, their inputs (board tables, profiles), the checks and their fixtures
v2/ecad/tools/retitle.py	d46473f6d230470e9a4719bc77a92522f84d6b1e	cd3fe1e386f249ff70727a3d8fd0738ca011755849dac67b844a5c2f2c41c973	1188	T tools: generators, checks and their tests	tools: schematic and placement generators, their inputs (board tables, profiles), the checks and their fixtures
v2/ecad/tools/return_gaps.py	ad5a72654fc93333c6ccfe00695ca0fc61f1e809	2e21353c4359bfc7c86c3e12b79a93b7e58807cbd35dca3239de2b2baa79dc91	6541	T tools: generators, checks and their tests	tools: schematic and placement generators, their inputs (board tables, profiles), the checks and their fixtures
v2/ecad/tools/return_report.py	6237f27bfc755144faeabdc16bcb08b2d1f92da6	079726d93fb79c0f22b4f875c55564888481d055455b96e3322ffe7faf81a53d	4094	T tools: generators, checks and their tests	tools: schematic and placement generators, their inputs (board tables, profiles), the checks and their fixtures
v2/ecad/tools/return_via.py	15126753921a6a55acf5afd2d6ae31931388f26a	b61d138e54955dd41e40a3a59526439a70c43fe079fc3e2de01222af3f08e6f6	29952	T tools: generators, checks and their tests	tools: schematic and placement generators, their inputs (board tables, profiles), the checks and their fixtures
v2/ecad/tools/review_nets.py	02f1a34d84b31e78b104322eb6825570c96c0288	b0e8c4a85edd8341ad6715ccd90347fef83dcc89ab59a93aa366a6bae9adfc6c	5462	T tools: generators, checks and their tests	tools: schematic and placement generators, their inputs (board tables, profiles), the checks and their fixtures
v2/ecad/tools/review_packet.py	82b5e0ecce0e3f3d8b7e58be3d95b470cbdb2b5b	7913d0a57567d8961e413098d486c2ad12d0a21790462fbc5d6251e1812fe79c	108020	T tools: generators, checks and their tests	tools: schematic and placement generators, their inputs (board tables, profiles), the checks and their fixtures
v2/ecad/tools/rf_line.py	77e6aa509587aeb8474aa9356e66cfcf68f6d58a	31c2940b4455c9da413a43609a6ea20dc1c2041924c98b1f33ec7ee477d45ca5	11279	T tools: generators, checks and their tests	tools: schematic and placement generators, their inputs (board tables, profiles), the checks and their fixtures
v2/ecad/tools/ripup_viol.py	2440adbd5d4205ee4dba0309d81cf06cb589a65e	47264bda8ff71ba2acb9e4d4324986c328a194b7d385617dd452c1d180b893b8	2435	T tools: generators, checks and their tests	tools: schematic and placement generators, their inputs (board tables, profiles), the checks and their fixtures
v2/ecad/tools/route_audit.py	3a4b81aa5adf0a3e46aa404117d23b9b04b2e959	95879c540f2564f49b6d7dd95ea654f0bf3a9dbc05b093e2aca588e56dd1e73f	4398	T tools: generators, checks and their tests	tools: schematic and placement generators, their inputs (board tables, profiles), the checks and their fixtures
v2/ecad/tools/route_metrics.py	49ffe39cfa8e5d03c6e07c6b3e8b3a05176b3b1d	81994889ad47301b4d7f5e88173deef94e8740cd5e3af30dc7b34727f0b46385	7965	T tools: generators, checks and their tests	tools: schematic and placement generators, their inputs (board tables, profiles), the checks and their fixtures
v2/ecad/tools/route_one.sh	21fdc2c346f970bdd2f19fdd8ccf29344fcc06e4	a2e677bb0c09499f6f14aa0c630eb66f837608184577c97ef873c87fb3d0088c	21775	T tools: generators, checks and their tests	tools: schematic and placement generators, their inputs (board tables, profiles), the checks and their fixtures
v2/ecad/tools/route_parallel.sh	137131bfee05cdaffb1ba99497debb3e71b96554	56344c1b6a4959347312519bba046ca427de4f2f1c6ef66be1ba97f6af064723	4259	T tools: generators, checks and their tests	tools: schematic and placement generators, their inputs (board tables, profiles), the checks and their fixtures
v2/ecad/tools/route_part.sh	484157e828d344eb443ef3acbf12c6cb54ce6c73	d7d7bbd086b0025268d7bda6716a45e47d524565541e75298dfca9af049ecb55	4076	T tools: generators, checks and their tests	tools: schematic and placement generators, their inputs (board tables, profiles), the checks and their fixtures
v2/ecad/tools/route_pcb.sh	f8c1a5f3b125b1f8445ba6989fc88145473e0e29	0729e11acdbfa8d2842b6f29c779684cbbd9329f259b5e51b78e7ac16dbfc89b	4182	T tools: generators, checks and their tests	tools: schematic and placement generators, their inputs (board tables, profiles), the checks and their fixtures
v2/ecad/tools/routeflow.py	baa27c24eb6c4b49f9e6ef6fcde4a3f4c519d929	ef4532738b8a35d0be35ce9745cd4a8ed24cc86334a47b8d70ab692a3f4a201e	110416	T tools: generators, checks and their tests	tools: schematic and placement generators, their inputs (board tables, profiles), the checks and their fixtures
v2/ecad/tools/routeflow/a.json	34e5475fa32cce4c78c93dc10a47ddbd13dc081c	c218112e326ccfdf9b8c91050d2627f9c99333c3aef8b0db599708dbab9a1117	3756	T tools: generators, checks and their tests	tools: schematic and placement generators, their inputs (board tables, profiles), the checks and their fixtures
v2/ecad/tools/routeflow/b.json	899019e4cf27dcf05ec82399b859a849870e14f0	a5d77b30488b8f8600cf2ebf246c51fdc99f010fb5d90cdcf3df54178941b237	3808	T tools: generators, checks and their tests	tools: schematic and placement generators, their inputs (board tables, profiles), the checks and their fixtures
v2/ecad/tools/routeflow/bench/baseline.json	ace6a830467d8f7b547ba55dab685a4f14d92957	3d163e783f52e10e8f58dd8c91f19cd44735857d90eecacc2b69675f8fe669df	7988	T tools: generators, checks and their tests	tools: schematic and placement generators, their inputs (board tables, profiles), the checks and their fixtures
v2/ecad/tools/routeflow/bench/capabilities.json	a1d65dda34b6d6661e32dd9eb7171750425eaedd	a1f164f6efe38015e9d69563cfe8c02e9c2a84280bf67792bd90d86187bd1c2f	3402	T tools: generators, checks and their tests	tools: schematic and placement generators, their inputs (board tables, profiles), the checks and their fixtures
v2/ecad/tools/routeflow/bench/jitter/jitter-pcb-d-aprs-smallbox.csv	efb5b9bee0181bc0dbf8904c5b9a2b31f741bb67	80f8e401867e65c271cf75dacb27dad8b62cf80f6d4026b7905a41104d2acca5	51559	T tools: generators, checks and their tests	tools: schematic and placement generators, their inputs (board tables, profiles), the checks and their fixtures
v2/ecad/tools/routeflow/bench/jitter/jitter-pcb-d-aprs.csv	c40994622d01093fd84a5503eb15170ae2e2e7e9	d4abb55287707f294fd34af28e30c555aa0d053d8f09e40f633d3f7b4f16a8e2	199171	T tools: generators, checks and their tests	tools: schematic and placement generators, their inputs (board tables, profiles), the checks and their fixtures
v2/ecad/tools/routeflow/bench/jitter/jitter-pcb-e1-dock.csv	f91b174dabb3f1c37198a39de6c5172f7faed523	75e3ca590b3d902469d4c92c6840b166ca2da98be871bfcd78ba7622504464d6	523245	T tools: generators, checks and their tests	tools: schematic and placement generators, their inputs (board tables, profiles), the checks and their fixtures
v2/ecad/tools/routeflow/bench/jitter/jitter-pcb-p-pack-smallbox.csv	027365700f9042b3a90ec6a4c303cfb97ad6396a	8f65d40b2390db7b540eeea2d409e86a9cc974679832cf04577e15e8662a1e10	21569	T tools: generators, checks and their tests	tools: schematic and placement generators, their inputs (board tables, profiles), the checks and their fixtures
v2/ecad/tools/routeflow/bench/jitter/jitter-pcb-p-pack.csv	8552243568d44453704bd1d5c171b42a5ab902ad	0253d53801bb2f30d2b86f48e1a9fd2ff69e5b559f9166fe5f48329d916cbcd2	49137	T tools: generators, checks and their tests	tools: schematic and placement generators, their inputs (board tables, profiles), the checks and their fixtures
v2/ecad/tools/routeflow/bench/report.md	e2deea0878587d8dec171bf32aea01fb73717b6e	6ebd865f4e5c826614a4c0fbc7f14bd450bfb09131cd237f6737f5c8727f7f29	32890	T tools: generators, checks and their tests	tools: schematic and placement generators, their inputs (board tables, profiles), the checks and their fixtures
v2/ecad/tools/routeflow/bench/results.jsonl	42a388c60afa6c010296f8035479930fd8a28694	2f03054840449cd659c4d619f1d98a4d10c7b6ff4fa0260e9f55c8abf738cc9e	394512	T tools: generators, checks and their tests	tools: schematic and placement generators, their inputs (board tables, profiles), the checks and their fixtures
v2/ecad/tools/routeflow/c.json	e2775e3b5ec1c8fa25cb573e0454204f7ab5c34f	f1ecc69f71ad646bb3a638d5b22782f05527baca457d35ed6c5d9b5fee222f93	4965	T tools: generators, checks and their tests	tools: schematic and placement generators, their inputs (board tables, profiles), the checks and their fixtures
v2/ecad/tools/routeflow/cloud/iso_chain.sh	9e3e9a90f459574d496cc2f167cbb4e3054098e7	d62ed31255bcbc22c424857899054e7df5ddf84265407cbd0c1a3720abbf2981	1866	T tools: generators, checks and their tests	tools: schematic and placement generators, their inputs (board tables, profiles), the checks and their fixtures
v2/ecad/tools/routeflow/cloud/onstart.sh	b50a46f4ca49440435f984dc696f03c7c3f004ec	871eda126041ae1e062731898e578bcf37c72ab832ef50c169b9d121bbf47699	4864	T tools: generators, checks and their tests	tools: schematic and placement generators, their inputs (board tables, profiles), the checks and their fixtures
v2/ecad/tools/routeflow/cloud/onstart_render.sh	ada3b1b8ed68577885cd1320e3c40e28ee4d3424	8f2a8642d0ed76ce10661e1b54aa4e867527fbaaf1cc688e26e76050e7733833	1244	T tools: generators, checks and their tests	tools: schematic and placement generators, their inputs (board tables, profiles), the checks and their fixtures
v2/ecad/tools/routeflow/cloud/run_cloud.sh	7c7c571e0dbb73b9efa6af7859561a93e8e4a47e	5688c563b0f74b7cc4a3d45da9b240cf2e4aafce3844cc60caf6e76690385726	1740	T tools: generators, checks and their tests	tools: schematic and placement generators, their inputs (board tables, profiles), the checks and their fixtures
v2/ecad/tools/routeflow/cloud/run_render_box.sh	736008e4db4362a81b00b699c43f482c6beb21d6	3ece1201bebd19019238502cdce946939d3d82aa126520ea9326d179a1772806	2051	T tools: generators, checks and their tests	tools: schematic and placement generators, their inputs (board tables, profiles), the checks and their fixtures
v2/ecad/tools/routeflow/cloud/stage_chain.sh	5c04fda3621422cafb7047a8191339032a317127	4c92e19cebf977c5b54624f56de7e86361b1418a34253bfbee129569ab29f73f	2002	T tools: generators, checks and their tests	tools: schematic and placement generators, their inputs (board tables, profiles), the checks and their fixtures
v2/ecad/tools/routeflow/d.json	de8f828e355dcc5b0c56e4cf3113494d22d7595f	7cfe5619dc5e5d65c760ad97c66a9383719d3e9055820da26bb7b7db2cc06a36	2860	T tools: generators, checks and their tests	tools: schematic and placement generators, their inputs (board tables, profiles), the checks and their fixtures
v2/ecad/tools/routeflow/e.json	be27a6b9c052a3b72be02b80ed31ce8684af3923	e41cee6c1db254f99e78b0401a9e3f19f9255416aa6cbd8e99c665b42d1d4f1f	3264	T tools: generators, checks and their tests	tools: schematic and placement generators, their inputs (board tables, profiles), the checks and their fixtures
v2/ecad/tools/routeflow/experiments/ab_a21.json	6cb0594d2b0f952c70e617398b7dd536c0339c54	d12d017da74a6467bbf9236e76d04f7c190df16daa1f53d150ca7bd4b1c8d6bd	1191	T tools: generators, checks and their tests	tools: schematic and placement generators, their inputs (board tables, profiles), the checks and their fixtures
v2/ecad/tools/routeflow/experiments/ab_b14.json	645061a514067c1e2d76c0a1984eeccfda2d6466	c6238f4b3b2e08726530d7041f0868f5b99b1b955d3d987d41bd937ef5f81103	1198	T tools: generators, checks and their tests	tools: schematic and placement generators, their inputs (board tables, profiles), the checks and their fixtures
v2/ecad/tools/routeflow/experiments/ab_b15.json	23bbc679876ae0fc201c8885c49f1caab600710b	2d467379c5a4fb9611cb7c02d11f45e097f99a8544bd01dc2212c7cb44bf8f76	1744	T tools: generators, checks and their tests	tools: schematic and placement generators, their inputs (board tables, profiles), the checks and their fixtures
v2/ecad/tools/routeflow/experiments/ab_c5.json	c2e69cd194529c1defced3f259e57b1ba1bff33f	37d0384d5b3c8d11b2da02e319a10b6e1d64dbc662af47fe0c94713200509a6f	1023	T tools: generators, checks and their tests	tools: schematic and placement generators, their inputs (board tables, profiles), the checks and their fixtures
v2/ecad/tools/routeflow/experiments/ab_c6.json	2354ca528774efb5669f39b70648fe8530cccce5	39e0d9db1809e4593aa122bee358190aabcafbedb6b7084098bb3f0e920402de	1028	T tools: generators, checks and their tests	tools: schematic and placement generators, their inputs (board tables, profiles), the checks and their fixtures
v2/ecad/tools/routeflow/experiments/ab_c6_4l.json	1ab307ae40324f85544561681d8445d092adaa72	28691f1ec071dd6e353ba3149fad2a4e85fcbc10e30dacb077c3444e4082799f	2061	T tools: generators, checks and their tests	tools: schematic and placement generators, their inputs (board tables, profiles), the checks and their fixtures
v2/ecad/tools/routeflow/experiments/ab_c6_4lk.json	f8913342434193642dc9d1bcd8316443acf837c2	7779b1c6664da2ace8c3dd06cd0eaaa53f6f6d0f13a98d840199c4886c2b3110	1163	T tools: generators, checks and their tests	tools: schematic and placement generators, their inputs (board tables, profiles), the checks and their fixtures
v2/ecad/tools/routeflow/experiments/ab_d7.json	3f40bf944c8eecfaeefca231d628f9c3e5f9383b	af3e568eb944d3eb4afd7b2f40b0713bca6761ca8510ab77f6694e5a080a4faa	1186	T tools: generators, checks and their tests	tools: schematic and placement generators, their inputs (board tables, profiles), the checks and their fixtures
v2/ecad/tools/routeflow/experiments/ab_e4.json	0350346fb7efad490f2d5df49c6ccc02cd5478fd	2f7a82f6de1f0cfb5e88036f1d0288e31e57b7830b52bdb37b7d725073d2532b	1189	T tools: generators, checks and their tests	tools: schematic and placement generators, their inputs (board tables, profiles), the checks and their fixtures
v2/ecad/tools/routeflow/experiments/b_esc1/count_open.py	99f694e416dfbe73948226e72dba213c9cbccd8e	093839e72286f50c518883c8c09059a75eb3049d427503b83caa3b036bb13d91	8888	T tools: generators, checks and their tests	tools: schematic and placement generators, their inputs (board tables, profiles), the checks and their fixtures
v2/ecad/tools/routeflow/experiments/b_esc1/judge.py	1e82219a269632e15653d58c1d16ab4af7f4168a	0d849b2577171e798b312cd9bc1268448fb4c86aa06128f450af1a21f690ef38	6365	T tools: generators, checks and their tests	tools: schematic and placement generators, their inputs (board tables, profiles), the checks and their fixtures
v2/ecad/tools/routeflow/experiments/b_esc1/make_arm8.py	e3714cc627ae46b77e93bc898b7ae5a97b966d7f	e1482746504485a790262c53e9fd0ccf320b4e623a34a60e06c42e1f96abfb6d	4271	T tools: generators, checks and their tests	tools: schematic and placement generators, their inputs (board tables, profiles), the checks and their fixtures
v2/ecad/tools/routeflow/experiments/b_esc1/plateau_watch.py	b55475a2a9052682cbc752de69e746446178341a	0a7d15af2178078ec34b0b09bce18bbc039d04c8f2aff5ecd9c1b07fc28fbab5	7662	T tools: generators, checks and their tests	tools: schematic and placement generators, their inputs (board tables, profiles), the checks and their fixtures
v2/ecad/tools/routeflow/experiments/b_esc1/results/2026-09-26/JOURNAL.md	7cd51fe4a731b5b5d9866ab3c0e0263035c1af25	3a27bb74c8cb4b0563c60059323ada418328128884473ac82d75ebad9b877c2b	3516	T tools: generators, checks and their tests	tools: schematic and placement generators, their inputs (board tables, profiles), the checks and their fixtures
v2/ecad/tools/routeflow/experiments/b_esc1/results/2026-09-26/README.md	2ed36edfa96566e88a50b68644717ac890ea27f9	fb4d3d4b5056d49d257c66a02e6dab38f6ac537e66c86da68ac9f13723e58bb3	16267	T tools: generators, checks and their tests	tools: schematic and placement generators, their inputs (board tables, profiles), the checks and their fixtures
v2/ecad/tools/routeflow/experiments/b_esc1/results/2026-09-26/a6/base.json	5eb774949d2d0fb9100420905d51f9884f3986eb	7a56020c8d1b00c8c62c97150084e5aaae4c6b2623f0ea4ba46a5793805063d8	10471	T tools: generators, checks and their tests	tools: schematic and placement generators, their inputs (board tables, profiles), the checks and their fixtures
v2/ecad/tools/routeflow/experiments/b_esc1/results/2026-09-26/a6/drc.log	36315a123ed1f50f5e50f6b1356f8dc0f21a96c1	9f1f5169a821815a5af5782c944780629edc8cd547850d37fc5d901be113e0c3	51	T tools: generators, checks and their tests	tools: schematic and placement generators, their inputs (board tables, profiles), the checks and their fixtures
v2/ecad/tools/routeflow/experiments/b_esc1/results/2026-09-26/a6/dsn.log	a6d782035b6cdc19e3e058724951f2c422af2133	73c32b038f7d81254dbc16d8149b56b5b4408f52e3fa0ad7d5146302691422de	1208	T tools: generators, checks and their tests	tools: schematic and placement generators, their inputs (board tables, profiles), the checks and their fixtures
v2/ecad/tools/routeflow/experiments/b_esc1/results/2026-09-26/a6/final.json	8219efe471ed58d6dd022b01e43ba82159589896	19eda8f328ee2f374dfbaa28e66a2bcb0664c7df3858055bd757eb662f28d7aa	2353	T tools: generators, checks and their tests	tools: schematic and placement generators, their inputs (board tables, profiles), the checks and their fixtures
v2/ecad/tools/routeflow/experiments/b_esc1/results/2026-09-26/a6/hardset.log	ae30b5567cc8632c55bf60144537371c9aa18362	e9119e3183dfb54b477bc0e7e625626d2e9422764051107ebd0837a271d15292	738	T tools: generators, checks and their tests	tools: schematic and placement generators, their inputs (board tables, profiles), the checks and their fixtures
v2/ecad/tools/routeflow/experiments/b_esc1/results/2026-09-26/a6/import.log	53526c1d91f86901ee71fa2d3a47954ffff4f8eb	1110be803d57af4a98f5b6aca5352bbd14589f8b6b558ec0182a80cec3ce3796	3110	T tools: generators, checks and their tests	tools: schematic and placement generators, their inputs (board tables, profiles), the checks and their fixtures
v2/ecad/tools/routeflow/experiments/b_esc1/results/2026-09-26/a6/part.json	0d8a813ff8f1ffa2a9ae9fd0f8f6344f2a72e0a9	0d54fe1b87d1496825f867a8375c5ee869551652288f629ce9647d4e7b7e0a92	15557	T tools: generators, checks and their tests	tools: schematic and placement generators, their inputs (board tables, profiles), the checks and their fixtures
v2/ecad/tools/routeflow/experiments/b_esc1/results/2026-09-26/a6/part.log	765510ecb87424f1a8ab83646b8b1a311e09f7bb	5ffcfbf82456d70661bcd4c3be9293995bfa9ba551ca80fa2a7d2f4e0d13f581	747	T tools: generators, checks and their tests	tools: schematic and placement generators, their inputs (board tables, profiles), the checks and their fixtures
v2/ecad/tools/routeflow/experiments/b_esc1/results/2026-09-26/a6/place_audit.txt	a28a1cd27a057272858125a4eaece86ea6fdd862	e63bcb33aff2e90e1ac3e8e35f88e142118b96a71f727964d2c9aae84fc4417d	5827	T tools: generators, checks and their tests	tools: schematic and placement generators, their inputs (board tables, profiles), the checks and their fixtures
v2/ecad/tools/routeflow/experiments/b_esc1/results/2026-09-26/a6/route.log	ebc02cfe32b419346d18f2097e85795afc7dcb08	8ba12a2881933004a5ccc1e73fa331a7595a90feb7bbcf81f960af3ab9109bdf	253	T tools: generators, checks and their tests	tools: schematic and placement generators, their inputs (board tables, profiles), the checks and their fixtures
v2/ecad/tools/routeflow/experiments/b_esc1/results/2026-09-26/a6/run/S3/fr.log	5dbb30e3c287aebfe31972b2ba915350b0ce04ac	325042eb8e7a0fff6a6ee68ddf11db9cd9e0bfd48f3207d8d86c5e4169b31a04	16560	T tools: generators, checks and their tests	tools: schematic and placement generators, their inputs (board tables, profiles), the checks and their fixtures
v2/ecad/tools/routeflow/experiments/b_esc1/results/2026-09-26/a6/s3-counts.txt	a986293918cd1aec3bec990774f402ff480c0f56	bc6db581da7ab69ce7af72b6053f3ab66ca991910c42e3ff359d19575e22a963	6	T tools: generators, checks and their tests	tools: schematic and placement generators, their inputs (board tables, profiles), the checks and their fixtures
v2/ecad/tools/routeflow/experiments/b_esc1/results/2026-09-26/a6/watch.log	67dee52c15a93587cf92d8cb26774e861bf8e73e	0a0288365d7c2130136b3de42227568e3103261a1bb1ed3bcbeb793923f71a61	109	T tools: generators, checks and their tests	tools: schematic and placement generators, their inputs (board tables, profiles), the checks and their fixtures
v2/ecad/tools/routeflow/experiments/b_esc1/results/2026-09-26/a6/watch/pass-001.log	e76af91a0790e65c9500123fa2d028256ec1f108	152f25ce03b7f8da9c0025b9c82f2edb64a5487b50ff65fc966b33b2dbb4966e	261	T tools: generators, checks and their tests	tools: schematic and placement generators, their inputs (board tables, profiles), the checks and their fixtures
v2/ecad/tools/routeflow/experiments/b_esc1/results/2026-09-26/a6/watch/pass-002.log	9f069a56a1d17fa3a07767b0f9900632c34122d4	79e04e7b6412c63c9ba6a280d4ea1352139dd3d8fc860ed7df113b6e2b355b16	264	T tools: generators, checks and their tests	tools: schematic and placement generators, their inputs (board tables, profiles), the checks and their fixtures
v2/ecad/tools/routeflow/experiments/b_esc1/results/2026-09-26/a6/watch/pass-003.log	8c7861eb7df704041b26b95fa4caeb994c3f4494	ed9eb1c35bd6bc30e395edda07f99ef15105e6f68c79639a82170a4865f58618	262	T tools: generators, checks and their tests	tools: schematic and placement generators, their inputs (board tables, profiles), the checks and their fixtures
v2/ecad/tools/routeflow/experiments/b_esc1/results/2026-09-26/a6/watch/pass-004.log	3ec1fe5c903cf812c020c7442e4651415676191e	892f5f7073a72d916a648b8f09e9c9dd51ed7dd1ad76595663942c3f74faa9b2	261	T tools: generators, checks and their tests	tools: schematic and placement generators, their inputs (board tables, profiles), the checks and their fixtures
v2/ecad/tools/routeflow/experiments/b_esc1/results/2026-09-26/a6/watch/pass-005.log	b44a6b16196091779023fa6a7e3b4df59ddf3a7f	4233283bfb65c49882aadf62f247d4ba73cf5d9851065dfb2e0c6e6541a31e35	260	T tools: generators, checks and their tests	tools: schematic and placement generators, their inputs (board tables, profiles), the checks and their fixtures
v2/ecad/tools/routeflow/experiments/b_esc1/results/2026-09-26/a6/watch/pass-006.log	648098181f5bb286ea5c1a0bbd542ff9f8208d72	f18124bd16514ee3ba13d2b8ef4e4c196d95249b746cca0db2920b01ca0fdfa7	260	T tools: generators, checks and their tests	tools: schematic and placement generators, their inputs (board tables, profiles), the checks and their fixtures
v2/ecad/tools/routeflow/experiments/b_esc1/results/2026-09-26/a6/watch/pass-007.log	0f2fd69e8c56991700c0b9901cceb987f7e242bf	69d1903ed9b650473f5878bb4b6836c43e953bc160573a53bca94728aab3957f	261	T tools: generators, checks and their tests	tools: schematic and placement generators, their inputs (board tables, profiles), the checks and their fixtures
v2/ecad/tools/routeflow/experiments/b_esc1/results/2026-09-26/a6/watch/pass-008.log	e8c2c0e10336605c9c2d5fdd86188b5f6943f1c5	276162a02e4ae30a9b8fd32aa5ef211850baab91fc72ca8f80489ca2b3ae4eac	260	T tools: generators, checks and their tests	tools: schematic and placement generators, their inputs (board tables, profiles), the checks and their fixtures
v2/ecad/tools/routeflow/experiments/b_esc1/results/2026-09-26/a6/watch/pass-009.log	b2b4558ae5736e6801e73fb29dd2006f930e10b6	1171c724395c9491b5cc7600c03369edfcc1ec7bf09ae10224b2f5340beff0b0	260	T tools: generators, checks and their tests	tools: schematic and placement generators, their inputs (board tables, profiles), the checks and their fixtures
v2/ecad/tools/routeflow/experiments/b_esc1/results/2026-09-26/a6/watch/pass-010.log	89ff3f466e5c37b95fae55fef3e04273d6181d2f	e0b617d7f13783df784b4dba0abfba5a8230af980c0406cf14c9f391ce43ca55	260	T tools: generators, checks and their tests	tools: schematic and placement generators, their inputs (board tables, profiles), the checks and their fixtures
v2/ecad/tools/routeflow/experiments/b_esc1/results/2026-09-26/a6/watch/pass-011.log	df1c375fc89160070bde484325cf21d121fcc60b	abf92b2fdb4548216cb56672ee46ad5c5e981daaf9024d272445a7236fdc022a	249	T tools: generators, checks and their tests	tools: schematic and placement generators, their inputs (board tables, profiles), the checks and their fixtures
v2/ecad/tools/routeflow/experiments/b_esc1/results/2026-09-26/a6/watch/pass-012.log	af04e8d67fe97fa0c8cf6dfa4e6b31900fbfe301	15bb4c15ce60ef780813eccddc6c84f4601c16e4a2267b0eb712c3ada747da7e	260	T tools: generators, checks and their tests	tools: schematic and placement generators, their inputs (board tables, profiles), the checks and their fixtures
v2/ecad/tools/routeflow/experiments/b_esc1/results/2026-09-26/a6/watch/passes.csv	37e725ac492bfe78f5ad74c60ed871fde784402c	c2bedf0114d40c2898b0a588d412e533828d7e8d3a2e32971b0c7fff60050339	297	T tools: generators, checks and their tests	tools: schematic and placement generators, their inputs (board tables, profiles), the checks and their fixtures
v2/ecad/tools/routeflow/experiments/b_esc1/results/2026-09-26/a6/watch/watch.json	8623fee5b54654efc0192c72f9a8a75492668a59	2fdb4be3ee258e3454f4af04b87395630676148fe5c9cd58a97cd53826373539	1609	T tools: generators, checks and their tests	tools: schematic and placement generators, their inputs (board tables, profiles), the checks and their fixtures
v2/ecad/tools/routeflow/experiments/b_esc1/results/2026-09-26/a8/base.json	c9972c4f5d4002dae10f230dea3a6ed8ecbe13a4	44546f3c53a9a1f94ba41d7c130317988d70c097c0500e51fe4baa01ef436103	10471	T tools: generators, checks and their tests	tools: schematic and placement generators, their inputs (board tables, profiles), the checks and their fixtures
v2/ecad/tools/routeflow/experiments/b_esc1/results/2026-09-26/a8/drc.log	3af900ee1328699b04857806d5f70f33acd2e2ba	d8c27fd317bebc6231d53b11f5ec2c001fc1fc73ba9ece9f28fcc5f42e199773	52	T tools: generators, checks and their tests	tools: schematic and placement generators, their inputs (board tables, profiles), the checks and their fixtures
v2/ecad/tools/routeflow/experiments/b_esc1/results/2026-09-26/a8/dsn.log	54254d20479ebc7d24b8792d0a1339060e137f9b	a11fe863dd462cee199a1b70febb68b7597de5f7f53f159c39c9070352cbcf10	1208	T tools: generators, checks and their tests	tools: schematic and placement generators, their inputs (board tables, profiles), the checks and their fixtures
v2/ecad/tools/routeflow/experiments/b_esc1/results/2026-09-26/a8/final.json	345c74927d5b948ed1be13bf7f320b72d62b4193	58f9dd938d7e86e172a16aa6deb853cfcf4d2f5e12b660585af9c05aa6c0e5eb	2025	T tools: generators, checks and their tests	tools: schematic and placement generators, their inputs (board tables, profiles), the checks and their fixtures
v2/ecad/tools/routeflow/experiments/b_esc1/results/2026-09-26/a8/hardset.log	44eeddd377bf8f4dfdb3d0d1a447accd735817a6	2a177dfd8ca80908d4c3806ef30dcffbc6f9041c2bcb79ce1d556959dad81432	738	T tools: generators, checks and their tests	tools: schematic and placement generators, their inputs (board tables, profiles), the checks and their fixtures
v2/ecad/tools/routeflow/experiments/b_esc1/results/2026-09-26/a8/import.log	0e1faddbf5e7ea8a352b6bb3e39119292b92d79a	139381f214d9128ebec592fe7c8b70191fabfb6a20c29874e0bb4fc506848a34	3110	T tools: generators, checks and their tests	tools: schematic and placement generators, their inputs (board tables, profiles), the checks and their fixtures
v2/ecad/tools/routeflow/experiments/b_esc1/results/2026-09-26/a8/part.json	0d8a813ff8f1ffa2a9ae9fd0f8f6344f2a72e0a9	0d54fe1b87d1496825f867a8375c5ee869551652288f629ce9647d4e7b7e0a92	15557	T tools: generators, checks and their tests	tools: schematic and placement generators, their inputs (board tables, profiles), the checks and their fixtures
v2/ecad/tools/routeflow/experiments/b_esc1/results/2026-09-26/a8/part.log	0161af1a351678f606e107fb65192c43b5bc555e	117b891f02b193e5c10e7c07b38c3a1505e15026978166d12164eb52f7239e72	747	T tools: generators, checks and their tests	tools: schematic and placement generators, their inputs (board tables, profiles), the checks and their fixtures
v2/ecad/tools/routeflow/experiments/b_esc1/results/2026-09-26/a8/place_audit.txt	a28a1cd27a057272858125a4eaece86ea6fdd862	e63bcb33aff2e90e1ac3e8e35f88e142118b96a71f727964d2c9aae84fc4417d	5827	T tools: generators, checks and their tests	tools: schematic and placement generators, their inputs (board tables, profiles), the checks and their fixtures
v2/ecad/tools/routeflow/experiments/b_esc1/results/2026-09-26/a8/route.log	95053aa1c672892463a6707a044d443b1956a243	6a77c7425011504c2b22dc239b8551880eeac23c54e7e22ba79562f185325344	211	T tools: generators, checks and their tests	tools: schematic and placement generators, their inputs (board tables, profiles), the checks and their fixtures
v2/ecad/tools/routeflow/experiments/b_esc1/results/2026-09-26/a8/run/S3/fr.log	cb11b92935eec34902022c957fc2369e59666fbe	3973c0cd89f8e4bd587982bbb9a8d82e15532750e5f37c7eeeff0edd23e327b0	16686	T tools: generators, checks and their tests	tools: schematic and placement generators, their inputs (board tables, profiles), the checks and their fixtures
v2/ecad/tools/routeflow/experiments/b_esc1/results/2026-09-26/a8/s3-counts.txt	a986293918cd1aec3bec990774f402ff480c0f56	bc6db581da7ab69ce7af72b6053f3ab66ca991910c42e3ff359d19575e22a963	6	T tools: generators, checks and their tests	tools: schematic and placement generators, their inputs (board tables, profiles), the checks and their fixtures
v2/ecad/tools/routeflow/experiments/b_esc1/results/2026-09-26/a8/watch.log	2044325ba3da8a9d93bd7a3a35ab94b79eba2fea	65e8fa3416222f383ec87e03b604dfb98993d00a8267b38211ebed4994d51478	114	T tools: generators, checks and their tests	tools: schematic and placement generators, their inputs (board tables, profiles), the checks and their fixtures
v2/ecad/tools/routeflow/experiments/b_esc1/results/2026-09-26/a8/watch/pass-001.log	0159977e77f24591da0c140a3194bbe4174bc8a2	ea33e1097bf8fc4dda899548cef3a87a0d6ce18903533fcc79ae0e14eeed194d	261	T tools: generators, checks and their tests	tools: schematic and placement generators, their inputs (board tables, profiles), the checks and their fixtures
v2/ecad/tools/routeflow/experiments/b_esc1/results/2026-09-26/a8/watch/pass-002.log	08575cfce7de1b94d81492a1edaf8143d64b0af1	38ccd4a24fee13defa1d2acecac8d8596d95ab6a59618d2b78e089fdb2e8b4ac	260	T tools: generators, checks and their tests	tools: schematic and placement generators, their inputs (board tables, profiles), the checks and their fixtures
v2/ecad/tools/routeflow/experiments/b_esc1/results/2026-09-26/a8/watch/pass-003.log	d361a62fcad788fea9485d0a643cb9ab03756922	37abcee739b45b109b76d3a4f93611631af4963602464b67bc3bc72fb8368035	249	T tools: generators, checks and their tests	tools: schematic and placement generators, their inputs (board tables, profiles), the checks and their fixtures
v2/ecad/tools/routeflow/experiments/b_esc1/results/2026-09-26/a8/watch/pass-004.log	ec22157f8da06f383df55bfbaee270e625803e3e	ab1a6abf09cf1cd5626af2e50260146093a245ecbc63d209d5d25f586ad68a2a	249	T tools: generators, checks and their tests	tools: schematic and placement generators, their inputs (board tables, profiles), the checks and their fixtures
v2/ecad/tools/routeflow/experiments/b_esc1/results/2026-09-26/a8/watch/pass-005.log	4f2443ff6ee45c5d7322dd89c178595442f5c799	464625231e389f78deaf604c6462ae5cb90d507c478f426dd8c7bf5ffbea8b66	249	T tools: generators, checks and their tests	tools: schematic and placement generators, their inputs (board tables, profiles), the checks and their fixtures
v2/ecad/tools/routeflow/experiments/b_esc1/results/2026-09-26/a8/watch/pass-006.log	2eafefce3c555d12f154e143c72282d026c96715	210cacc55f3e9235e21b8c42d50a29dad58785605e38c6bc906afa7dea6efe40	249	T tools: generators, checks and their tests	tools: schematic and placement generators, their inputs (board tables, profiles), the checks and their fixtures
v2/ecad/tools/routeflow/experiments/b_esc1/results/2026-09-26/a8/watch/pass-007.log	de0fc5ba187d59a02c1850e4d6d2fad0f3bc194a	f6d7a074770e7fa6c8608e19ac38a3d3f3a4a1de3f1e7f0303bcd46db14f5ce6	238	T tools: generators, checks and their tests	tools: schematic and placement generators, their inputs (board tables, profiles), the checks and their fixtures
v2/ecad/tools/routeflow/experiments/b_esc1/results/2026-09-26/a8/watch/pass-008.log	de16138c8bc44f098abfdb795f6b8da6f7df796b	e5c96539daff22370f019bdd346fb3069214144d63158d958ae9289730025ae2	249	T tools: generators, checks and their tests	tools: schematic and placement generators, their inputs (board tables, profiles), the checks and their fixtures
v2/ecad/tools/routeflow/experiments/b_esc1/results/2026-09-26/a8/watch/pass-009.log	d0bc2f8250580835839daf801142ea2ee6ac72c1	96ac4c8ac97b07662a1cc75b1c0de18b59bccdec17bd01cb84ed4258cb7398aa	249	T tools: generators, checks and their tests	tools: schematic and placement generators, their inputs (board tables, profiles), the checks and their fixtures
v2/ecad/tools/routeflow/experiments/b_esc1/results/2026-09-26/a8/watch/pass-010.log	c2c78a62066e093f08839129456c7eca75bb2463	ee5d4be41dd51c8f265c425733cb1955f9ca30c1e02c98bc7f4f9e358de165e1	238	T tools: generators, checks and their tests	tools: schematic and placement generators, their inputs (board tables, profiles), the checks and their fixtures
v2/ecad/tools/routeflow/experiments/b_esc1/results/2026-09-26/a8/watch/pass-011.log	3c474b26f5ca46cbf6472be7e1e788f4699b529b	7b2b6405e40d67aee6e617e428c405fca1b72668819b7e5acc7d65929ab07c73	238	T tools: generators, checks and their tests	tools: schematic and placement generators, their inputs (board tables, profiles), the checks and their fixtures
v2/ecad/tools/routeflow/experiments/b_esc1/results/2026-09-26/a8/watch/pass-012.log	0d555ad3c49d767fef6473a37d33b7d2aca1a820	54e0bcb83058eae4dd6b8f3b5f664d0ff24a635cd9a40bd69b18af36334e959e	260	T tools: generators, checks and their tests	tools: schematic and placement generators, their inputs (board tables, profiles), the checks and their fixtures
v2/ecad/tools/routeflow/experiments/b_esc1/results/2026-09-26/a8/watch/pass-013.log	d53a7abbd7f522be6c9da0c52e297540090c34bf	b7d5f956cf908503c7380749bf2472f91708c83101a423ce3746e5879dac9fca	238	T tools: generators, checks and their tests	tools: schematic and placement generators, their inputs (board tables, profiles), the checks and their fixtures
v2/ecad/tools/routeflow/experiments/b_esc1/results/2026-09-26/a8/watch/pass-014.log	09c6055246f8e370d8adcea8952af65f3324e40c	9f29e284d84821331e13e27ec024d5c4d0eec829017777330efa0943cd7309e4	238	T tools: generators, checks and their tests	tools: schematic and placement generators, their inputs (board tables, profiles), the checks and their fixtures
v2/ecad/tools/routeflow/experiments/b_esc1/results/2026-09-26/a8/watch/passes.csv	b5f0f14a5289f8283728da9baed2aeb29912e241	0c6fec1302c3d7d02a6b081dcaf1dc55435d023577de88f7856b3655954bfb4c	340	T tools: generators, checks and their tests	tools: schematic and placement generators, their inputs (board tables, profiles), the checks and their fixtures
v2/ecad/tools/routeflow/experiments/b_esc1/results/2026-09-26/a8/watch/watch.json	2488aed7fe8ac7ec847aac3a821229254ce9f0fb	a79531d4714414f41fae7d1b481dfe6ed2b96572da5e979d82ad1f8e06445de2	1888	T tools: generators, checks and their tests	tools: schematic and placement generators, their inputs (board tables, profiles), the checks and their fixtures
v2/ecad/tools/routeflow/experiments/b_esc1/results/2026-09-26/analysis/besc1_causes.py	8bdbe6862b3fb5a607f18b9411cac7ec7c0a2083	bcf520d6ca8554f80f0006c2ff6736bd9f9eb387f736ff97d4fc553e68d1ffc5	10371	T tools: generators, checks and their tests	tools: schematic and placement generators, their inputs (board tables, profiles), the checks and their fixtures
v2/ecad/tools/routeflow/experiments/b_esc1/results/2026-09-26/analysis/besc1_copper.py	4b4dcae5841295c77c1a4e45bf97837007e4cffe	e86d70e8fab65850abc7acc0e024b9788b4f37a3e83edc2fc73585b6d9888344	2913	T tools: generators, checks and their tests	tools: schematic and placement generators, their inputs (board tables, profiles), the checks and their fixtures
v2/ecad/tools/routeflow/experiments/b_esc1/results/2026-09-26/analysis/besc1_passes.py	5ac961b0bb5cafab092eec998162ba4c4fb2c0b4	8860b233470f142703266d49677db1003de0fbf17de732330ab857ac80311bc1	7877	T tools: generators, checks and their tests	tools: schematic and placement generators, their inputs (board tables, profiles), the checks and their fixtures
v2/ecad/tools/routeflow/experiments/b_esc1/results/2026-09-26/analysis/besc1_residue.py	b16ee6f8e577debe65daab679d68497eba60948f	4b87b546309e7a5117e18b7dae92f88bb3bf95db5d330be98891ee3f68e0658c	9794	T tools: generators, checks and their tests	tools: schematic and placement generators, their inputs (board tables, profiles), the checks and their fixtures
v2/ecad/tools/routeflow/experiments/b_esc1/results/2026-09-26/analysis/besc1_rows.py	d9e4442057ac57f5be9271825b9ae8422213c2c8	096e5ee165e53126fcda5cb23413ffe827ad782014b64688e801ea5f6112f4f4	3668	T tools: generators, checks and their tests	tools: schematic and placement generators, their inputs (board tables, profiles), the checks and their fixtures
v2/ecad/tools/routeflow/experiments/b_esc1/results/2026-09-26/analysis/besc1_timesplit.py	98930f6584f7ef65b6297f97620b02411acc459a	a52f77ec562918f72bb2a8cb9315de98e8acccd32a7393a0c0bcce3a4e96701c	3592	T tools: generators, checks and their tests	tools: schematic and placement generators, their inputs (board tables, profiles), the checks and their fixtures
v2/ecad/tools/routeflow/experiments/b_esc1/results/2026-09-26/analysis/besc1_viasite.py	9dce5dbe73cbb7347cd7ca5b9ca945c9d9d1aec8	cffdde24a552398f637e4d287c81b47732634358032c370cc27b88f0bc8c7be6	9285	T tools: generators, checks and their tests	tools: schematic and placement generators, their inputs (board tables, profiles), the checks and their fixtures
v2/ecad/tools/routeflow/experiments/b_esc1/results/2026-09-26/analysis/box-files.sha256	692be6fe4faa2491e6416cbd05f9c9a92a2206cc	114656d0fc9b2712b786f9c78ab01b6ac1adf11240e7f4ec7bf71033875065da	3574	T tools: generators, checks and their tests	tools: schematic and placement generators, their inputs (board tables, profiles), the checks and their fixtures
v2/ecad/tools/routeflow/experiments/b_esc1/results/2026-09-26/analysis/copper.json	784ec02af769b08ec6e867bcc22e57bbc8f0c14f	096cf7bc325e8d6dcc6c6b6d31047874654db74f94e478d299d363ba9cdcdbdb	8406	T tools: generators, checks and their tests	tools: schematic and placement generators, their inputs (board tables, profiles), the checks and their fixtures
v2/ecad/tools/routeflow/experiments/b_esc1/results/2026-09-26/analysis/pass-times.csv	d005b35f37445f4aaf78be0969f3cd5fbbec6790	d4f3521d6f5b26ea1ecb582cf324866acbd4af194d245aa82b93bca4a1d6ac4c	535	T tools: generators, checks and their tests	tools: schematic and placement generators, their inputs (board tables, profiles), the checks and their fixtures
v2/ecad/tools/routeflow/experiments/b_esc1/results/2026-09-26/analysis/passes-a6.json	fcaf74386b12232dd7e4381973544ab23d937541	c5c367b9a6281edf1203517d2f6c1eaab0a3f14415ac7a9638a8a5871e5d5975	106611	T tools: generators, checks and their tests	tools: schematic and placement generators, their inputs (board tables, profiles), the checks and their fixtures
v2/ecad/tools/routeflow/experiments/b_esc1/results/2026-09-26/analysis/passes-a8.json	f27daf7ff1fd47622e993c922a9af98177b1ba3e	12a4f8cd9f08fc4e43caaa1861e6069451f030ea9978564d9adbdf06c157e66c	85753	T tools: generators, checks and their tests	tools: schematic and placement generators, their inputs (board tables, profiles), the checks and their fixtures
v2/ecad/tools/routeflow/experiments/b_esc1/results/2026-09-26/analysis/residue-a6.csv	a8092aee651234dd9f7cb8e4e945089903d88ebc	9ab43adb713c94424b7477f5f63f4f2eb2fea741cddc79658d37018bdbbc5147	9166	T tools: generators, checks and their tests	tools: schematic and placement generators, their inputs (board tables, profiles), the checks and their fixtures
v2/ecad/tools/routeflow/experiments/b_esc1/results/2026-09-26/analysis/residue-a6.json	ba05fe640adbcc46655108bdcd87df5639ebadf3	d5ce5cef2e5a4cab5d4e74d6134edd906600f3785d9775a2c3264e6212a2fe58	113058	T tools: generators, checks and their tests	tools: schematic and placement generators, their inputs (board tables, profiles), the checks and their fixtures
v2/ecad/tools/routeflow/experiments/b_esc1/results/2026-09-26/analysis/residue-a8.csv	f5b5ebeb52b882e283e1f8995c12a1177d785d5b	310a5cba8ee1785336bd4c9a6fccd3a67a3385f93b222b8dac59714909a438ed	4935	T tools: generators, checks and their tests	tools: schematic and placement generators, their inputs (board tables, profiles), the checks and their fixtures
v2/ecad/tools/routeflow/experiments/b_esc1/results/2026-09-26/analysis/residue-a8.json	31634a837dcb1650672f97734b2e5537a3459cde	d85b25ab440f97093e2d75b8f7c2c5005d3db72514d74ca6689d6c00b71ebee5	71798	T tools: generators, checks and their tests	tools: schematic and placement generators, their inputs (board tables, profiles), the checks and their fixtures
v2/ecad/tools/routeflow/experiments/b_esc1/results/2026-09-26/analysis/rows.json	c93e3729391ced7749fdfd12761ea52e74efb7f0	8a9742e9991d269f45c7a4c765d7fb8bbbf1b2ebef781bd02d0a334084a31794	51920	T tools: generators, checks and their tests	tools: schematic and placement generators, their inputs (board tables, profiles), the checks and their fixtures
v2/ecad/tools/routeflow/experiments/b_esc1/results/2026-09-26/analysis/time-split.csv	9c4bdabb9d8c3eb622b2f3fe271b40365a2c5df1	1ffd6db6b41596a93d229dfb6761a09e11df0de15a1af496e8ad4d703d023b7c	404	T tools: generators, checks and their tests	tools: schematic and placement generators, their inputs (board tables, profiles), the checks and their fixtures
v2/ecad/tools/routeflow/experiments/b_esc1/results/2026-09-26/analysis/viasite-a6.json	c3ac9bedb196142baa656626144e3e9044dbf70c	78b3d744dc454476a0b9c74e2c1ceff2092739eeca957e78f474440fcbccc46c	72834	T tools: generators, checks and their tests	tools: schematic and placement generators, their inputs (board tables, profiles), the checks and their fixtures
v2/ecad/tools/routeflow/experiments/b_esc1/results/2026-09-26/analysis/viasite-a8.json	2f9413fd5a765b838e0e15f496e4fd154b8bf0a3	e2eba9b65154eab252ba0df9e1e76ee7d791eabf540f6d656aed8e2434afbd58	38142	T tools: generators, checks and their tests	tools: schematic and placement generators, their inputs (board tables, profiles), the checks and their fixtures
v2/ecad/tools/routeflow/experiments/b_esc1/results/2026-09-26/arm8.json	71b700589b1852708f6addd379b8ab554abd01e1	03fd353ea652aee53fcbc49c337d7a8772286195a5123b0afac3bf68010d2225	2928	T tools: generators, checks and their tests	tools: schematic and placement generators, their inputs (board tables, profiles), the checks and their fixtures
v2/ecad/tools/routeflow/experiments/b_esc1/results/2026-09-26/besc1-run.log	67714413889135beeaa2458d0eaed048e9a75774	af3b5ddca5a6edf4d076a8002dd582ddec9ae27ccb723aa40665b2dbd15048fd	2313	T tools: generators, checks and their tests	tools: schematic and placement generators, their inputs (board tables, profiles), the checks and their fixtures
v2/ecad/tools/routeflow/experiments/b_esc1/results/2026-09-26/integrity.json	72f2a30aefe3fcc81fd679352be8472d6f76915c	3a0a2a39896b64f4ca1eed24fde10ee099a1a8cfcaebd45b10663108ab52f32e	301	T tools: generators, checks and their tests	tools: schematic and placement generators, their inputs (board tables, profiles), the checks and their fixtures
v2/ecad/tools/routeflow/experiments/b_esc1/results/2026-09-26/outcome.json	8a336a54a4b610a7439b547e9719a0c9d404cfe3	9f07a20512320a57523193975457966bd6944948b2b3b933d2187fe2c66ed2e7	1301	T tools: generators, checks and their tests	tools: schematic and placement generators, their inputs (board tables, profiles), the checks and their fixtures
v2/ecad/tools/routeflow/experiments/b_esc1/run.sh	22dfd8d8416b27ad06835b5c7cdc905aa4c51723	a7e32b812e5b559a7beac09e0f4f527e835d99e96affdad449673fb2e6b3871c	11138	T tools: generators, checks and their tests	tools: schematic and placement generators, their inputs (board tables, profiles), the checks and their fixtures
v2/ecad/tools/routeflow/experiments/s1_a21.json	fa510d9de4fed7693255c4541f6603abe52cbf20	48204092c9548a581afa9267c224f274291b692e09eb9b2eb609b5e55a45bc0e	1332	T tools: generators, checks and their tests	tools: schematic and placement generators, their inputs (board tables, profiles), the checks and their fixtures
v2/ecad/tools/routeflow/experiments/s1_b14.json	d3eeefad89726c30b090be3c19f840c5617c7774	77b40c5311a38175d5ff5f53a175c47b2f39d92a0565f2c37b0c414c3c7dcf34	1783	T tools: generators, checks and their tests	tools: schematic and placement generators, their inputs (board tables, profiles), the checks and their fixtures
v2/ecad/tools/routeflow/experiments/s1_b15.json	c56de11949acc964ac715132cda429a7daf649e0	7eb961a76448e8a5701e427c2c09ce2fb9ec9c15f618be18585fdc6b91d4742c	2289	T tools: generators, checks and their tests	tools: schematic and placement generators, their inputs (board tables, profiles), the checks and their fixtures
v2/ecad/tools/routeflow/experiments/s1_c6.json	506d7b1496ce4d58976ad0e386fb52963e221514	00fcbf48082e42df6b525e6fce93e9c5da5cbdc7e96f1ad0be9df4264179271f	1325	T tools: generators, checks and their tests	tools: schematic and placement generators, their inputs (board tables, profiles), the checks and their fixtures
v2/ecad/tools/routeflow/experiments/s1_d7.json	5b378c196ad38ab425fe059746076ad263546350	3a0e48f3ba820672f76d006e3615b35278f15524d0c1a980e55fe66746e7f69f	1329	T tools: generators, checks and their tests	tools: schematic and placement generators, their inputs (board tables, profiles), the checks and their fixtures
v2/ecad/tools/routeflow/experiments/s1_e4.json	7332452fdb0a057db897262e6c6217ed84927063	3bd00ec17ab159c1c934e55bb558f3ac1200e407971cae888848df38e605d63e	1252	T tools: generators, checks and their tests	tools: schematic and placement generators, their inputs (board tables, profiles), the checks and their fixtures
v2/ecad/tools/routeflow/experiments/s2_b15.json	0b081d5b8b6d66cf0e68c87bef412b7f0edc1725	35b49798aa75196736635d5d91e0934b7d5dc09501a52e5a5219e84c8677d896	1312	T tools: generators, checks and their tests	tools: schematic and placement generators, their inputs (board tables, profiles), the checks and their fixtures
v2/ecad/tools/routeflow/experiments/s3_b15.json	2b5d21815565be491b5a3d65f8067ca027dd9128	17bc5611ad88866c34376ae43978d2e58e762a527f2928bbecd19e3ec2afa179	1336	T tools: generators, checks and their tests	tools: schematic and placement generators, their inputs (board tables, profiles), the checks and their fixtures
v2/ecad/tools/routeflow/experiments/s4_b15.json	14305f745b0f60e7edcda5b2d1183260f7b83558	168efbc5f8618a1bf8c10f5c85bf7f451acc32d23bb0d26028ea0054d3684ff2	1913	T tools: generators, checks and their tests	tools: schematic and placement generators, their inputs (board tables, profiles), the checks and their fixtures
v2/ecad/tools/routeflow/p.json	a57d3c654281bd5556f60721e273a8a201828d1f	0994822df8911bb337be94a0856a183452eb7a8e3ae6a204e9bf349203f4fa5f	2260	T tools: generators, checks and their tests	tools: schematic and placement generators, their inputs (board tables, profiles), the checks and their fixtures
v2/ecad/tools/rules_eta.py	19b535f7430d2e5bf10a0cf1331623541dbdd1ed	4272ddadea5f54537341cb2b12949cac41e7363036dfdd8271dccdb3fb251959	20455	T tools: generators, checks and their tests	tools: schematic and placement generators, their inputs (board tables, profiles), the checks and their fixtures
v2/ecad/tools/rules_lib.py	af082eef5b86fa87a94b9edf043369bfec4e7e72	c0458c53923d792599185979e693600435005ea50c35df96e5af6aa95d2bb90e	74880	T tools: generators, checks and their tests	tools: schematic and placement generators, their inputs (board tables, profiles), the checks and their fixtures
v2/ecad/tools/rules_render.py	fad3f1ae763cb81e2145cd5401f6280935bd52d5	d9dfa6fb8a1961ef83adce52787553872ce3049f7687da9c4951d51059a7bc8e	121598	T tools: generators, checks and their tests	tools: schematic and placement generators, their inputs (board tables, profiles), the checks and their fixtures
v2/ecad/tools/rules_status.py	839ff35cdb9a8f317533c0c16ee9cc664adae315	414c2f894ca95f250cbe6c32cd6211b6b4b56625911c1732be0516f1c72f7f5f	140720	T tools: generators, checks and their tests	tools: schematic and placement generators, their inputs (board tables, profiles), the checks and their fixtures
v2/ecad/tools/safe_lines.py	3228a6880f4af274fe261f44abc76299281e44b3	8529487f405ec55da403e9d5c9cc2992ccb9f8966ae05f0b90819366ff21abe6	13740	T tools: generators, checks and their tests	tools: schematic and placement generators, their inputs (board tables, profiles), the checks and their fixtures
v2/ecad/tools/sch_pages.py	05583d12b735eded07e09936e5f4bf10b1ac219b	f4fe37141904cb617341e7a72de4078107149b9b6a2351a0af096fe07e060f74	2692	T tools: generators, checks and their tests	tools: schematic and placement generators, their inputs (board tables, profiles), the checks and their fixtures
v2/ecad/tools/sch_prov.py	576d0cc44d4b7c05dafc080dedfb798ac1b06a1e	a98e5a71ac74ccee41d1f4bc6202d9e91e5576fe8f582495744db7fdfea430af	14232	T tools: generators, checks and their tests	tools: schematic and placement generators, their inputs (board tables, profiles), the checks and their fixtures
v2/ecad/tools/schlayout.py	721f7a9f55a598ec75c8873e42b0c280efe4916f	a9eee3d6b0b38baed883701e05fa4bb0d6f7490f099d659ff661a573eb11991c	64888	T tools: generators, checks and their tests	tools: schematic and placement generators, their inputs (board tables, profiles), the checks and their fixtures
v2/ecad/tools/sense_fence.py	d312482c6203c67948064359e1aa307595a6d8ec	926bed4208d767db156bb3a39608cef97ec78987e727b6e7caa5c7f14703a3d4	8882	T tools: generators, checks and their tests	tools: schematic and placement generators, their inputs (board tables, profiles), the checks and their fixtures
v2/ecad/tools/sense_reach.py	f31ffaf7c6f7cc204d6c26356535f8f229bbabb5	dd2291cf725cf5d26fc8456c688a5dd689e9e73307cf73021098a185bd9c716a	14030	T tools: generators, checks and their tests	tools: schematic and placement generators, their inputs (board tables, profiles), the checks and their fixtures
v2/ecad/tools/sensitive_guard.py	b85dac2e4a4f60a47872707f31c1d1ba9b64b07d	073d5a7100a4bcb311e8dbe93e10a2709ce7e4087d758b64bd6b91097a4b2b5a	7128	T tools: generators, checks and their tests	tools: schematic and placement generators, their inputs (board tables, profiles), the checks and their fixtures
v2/ecad/tools/sensitive_nodes.py	4efc15b1f3dd951afed183bcc29fcbfbc166b6f2	f52a2a103672601a0b3f5d9df9b7f9dd14ee91b8116693ca69ab2069cb449be6	23182	T tools: generators, checks and their tests	tools: schematic and placement generators, their inputs (board tables, profiles), the checks and their fixtures
v2/ecad/tools/ses_apply.py	cbff4621320dd73d037849f89f3c7f17fa0e7c96	b85beffadfa0d1d41fa91748ef087bd29c9fa56ead1890f7c687831f93a70133	1246	T tools: generators, checks and their tests	tools: schematic and placement generators, their inputs (board tables, profiles), the checks and their fixtures
v2/ecad/tools/ses_import_lock.py	4187b97a1a7ca8c3d2769cc262cd0b3a3c191304	bc316885edd326ad89f72f668d598020a105239ce6ee068b80af6d0f92b5256a	2412	T tools: generators, checks and their tests	tools: schematic and placement generators, their inputs (board tables, profiles), the checks and their fixtures
v2/ecad/tools/ses_merge.py	c50bd0f26659a77d29717d1bfa12afbb7d4a4939	f915c43f7febd252700d88983549b872b75750e7d1f5b66095478b4fa2d7295f	1417	T tools: generators, checks and their tests	tools: schematic and placement generators, their inputs (board tables, profiles), the checks and their fixtures
v2/ecad/tools/ses_via_drill.py	8dd1c058e70399ed0fb663ac36ea1afb9e909fd4	9043d1a7e6a430e8e8383b2d4765997968eb3db2124e5f2469a0a061c2cfbfa6	3265	T tools: generators, checks and their tests	tools: schematic and placement generators, their inputs (board tables, profiles), the checks and their fixtures
v2/ecad/tools/signal_class.py	4b6f0efc82b9ab1d3fde330ec0f3f85a572909eb	60b8647301428da4752ee3314137daff8a99ac2a0200ae7a540f8f28218cae13	9143	T tools: generators, checks and their tests	tools: schematic and placement generators, their inputs (board tables, profiles), the checks and their fixtures
v2/ecad/tools/signalnets.py	9da8bf1eed90f5e0048590f56b0a84ea5be58272	688be12d8e42e7a4652f7f0ae2cb2463ff3f0b5d817d8ef5cbc79f41443f756d	2907	T tools: generators, checks and their tests	tools: schematic and placement generators, their inputs (board tables, profiles), the checks and their fixtures
v2/ecad/tools/silk_fix_all.py	1f40a0e2392d672a8cbd1c0703670d432d1b4214	5386ecd5ab9c51ff94904b0f738c5763eaeabd580237cdd5fcdbba93f23703de	3680	T tools: generators, checks and their tests	tools: schematic and placement generators, their inputs (board tables, profiles), the checks and their fixtures
v2/ecad/tools/silk_space.py	70f384402fa14c43a67f58a9ebad3578be98ca86	dd758151ff22c25e7eb1c4bd32f272a24d60d2b0c931cb6fc9c43c21b8ea443f	3764	T tools: generators, checks and their tests	tools: schematic and placement generators, their inputs (board tables, profiles), the checks and their fixtures
v2/ecad/tools/spacing.py	7aa62fec781580cb44da99fe1de75d5e92760e63	ea3c7630a0e22740ebc31b12a427ae9747fb926dfe331af88ac1742e55b1db4a	13455	T tools: generators, checks and their tests	tools: schematic and placement generators, their inputs (board tables, profiles), the checks and their fixtures
v2/ecad/tools/stack_heightmap.py	f11cb9ffdce3a98e78ec33c3c159999027fbfc33	df7f24b40a8e7abce98a1bf91417ee3933638beb26c67aaf8ed5e89e42bcf980	2175	T tools: generators, checks and their tests	tools: schematic and placement generators, their inputs (board tables, profiles), the checks and their fixtures
v2/ecad/tools/stackup_gate.py	24042ed8ad1e31c7fea95e11b31a64711c515a4d	b1b00043dbffcd6bd63477707edeb3fcb7783745cdf391d4c0c08e90278f3aa2	10859	T tools: generators, checks and their tests	tools: schematic and placement generators, their inputs (board tables, profiles), the checks and their fixtures
v2/ecad/tools/stackup_read.py	ffa14bf3172d6e4a0dc1807e3058915376b6ec2a	65184b960e6f0c6e8d4b9168f569b2e8c4358d5f6b6dcc7688da439f0b0bc248	4905	T tools: generators, checks and their tests	tools: schematic and placement generators, their inputs (board tables, profiles), the checks and their fixtures
v2/ecad/tools/stackup_write.py	395c332b1e74d5221ad6ff9674ea4c94e69f4597	b55a3c0f58c805c2cfac828fd243db74c1ef7967e48405c90a4de11e71b0b5ae	10126	T tools: generators, checks and their tests	tools: schematic and placement generators, their inputs (board tables, profiles), the checks and their fixtures
v2/ecad/tools/stale_readings.py	54248940ef4c40eaf3695755a133f386edfa0ad1	bbe4f1d27b48400a34ac9ee78ef08ab931f4aab446056a7300b848878b1dc630	18418	T tools: generators, checks and their tests	tools: schematic and placement generators, their inputs (board tables, profiles), the checks and their fixtures
v2/ecad/tools/stitch_prune.py	569785f1e31b52a0641b21a8e46deb520b0abfdb	ddf73b6fbda16ec7ab3545d79bbefcb7bd6bd79f8c09603b57537a6f8bfb3713	9259	T tools: generators, checks and their tests	tools: schematic and placement generators, their inputs (board tables, profiles), the checks and their fixtures
v2/ecad/tools/straighten.py	58718b050441fa207144be73f87287f808f02bde	a8c4396a4aa610c098f283327ee0cdf5c1b257dd266ed6690dc269eb4bb2baca	11821	T tools: generators, checks and their tests	tools: schematic and placement generators, their inputs (board tables, profiles), the checks and their fixtures
v2/ecad/tools/strip_route.py	8d7c4d98b4f8067eed3e59d619e6507f4fe9ed6b	a459df6f9f6c046125c4b089e4920b83f28eb8d881c337a0ca92d06d81340b59	1442	T tools: generators, checks and their tests	tools: schematic and placement generators, their inputs (board tables, profiles), the checks and their fixtures
v2/ecad/tools/stub_accept.py	2f1d95382ea19319357a31449455afe78bd6459b	a9ca25496228ec022979c12f35da13f10a072a0e2286fbf67a4fd7cd081c7675	3598	T tools: generators, checks and their tests	tools: schematic and placement generators, their inputs (board tables, profiles), the checks and their fixtures
v2/ecad/tools/stub_and_finish.sh	ee439d6fdd6e086df77d5349e936d9533800378e	66926131239a4f7d2aaf821eccfa23a53cb96adc3354064ed0b463040b557aa8	429	T tools: generators, checks and their tests	tools: schematic and placement generators, their inputs (board tables, profiles), the checks and their fixtures
v2/ecad/tools/stub_router.py	b5f94ad2326938f2fd71dd4636624487fc48091e	ae4eae1270ef060f71c65823c723df645f6d9e8995b8f3070e8350919ef2b63c	83474	T tools: generators, checks and their tests	tools: schematic and placement generators, their inputs (board tables, profiles), the checks and their fixtures
v2/ecad/tools/switch_list.py	6c1935eb591ddb97bd1c82ff34d06d008181953a	35a209116b20db9759a099ade39f78d9a61ce750c04e10ea176b552036ea3973	9926	T tools: generators, checks and their tests	tools: schematic and placement generators, their inputs (board tables, profiles), the checks and their fixtures
v2/ecad/tools/tests/determinism.sh	95543721b5c80c71a7cfc7c325ac6e8a16c399b9	2e2236c0c34e15ff8a71977e3dd66f2ed64c46bb137f4eeecd45fb42ce9fb073	2687	T tools: generators, checks and their tests	tools: schematic and placement generators, their inputs (board tables, profiles), the checks and their fixtures
v2/ecad/tools/tests/golden_sch.sh	0fb8434d6e111cb991c6f7a130c686a0a3ba58eb	f86d9d92e9165c638d71eacf0f8e280fdf39d1a69415bf066f851e9d49e3183d	2015	T tools: generators, checks and their tests	tools: schematic and placement generators, their inputs (board tables, profiles), the checks and their fixtures
v2/ecad/tools/tests/harness.py	e6bf8f875395a151a508f3c9f757477f93c93cd1	9aa2dfac24236630da5f6fdc37e5828b39522fa7685988cbcd660188cbc67cb5	2495	T tools: generators, checks and their tests	tools: schematic and placement generators, their inputs (board tables, profiles), the checks and their fixtures
v2/ecad/tools/tests/mutate_agent.sh	8226a6ebec03415c40649e465f955dc9436c3509	b310e40ff9638d50ef1b645b0ce1f8159b19b9a9ab8b1c0f466ec24d2b161f0f	11080	T tools: generators, checks and their tests	tools: schematic and placement generators, their inputs (board tables, profiles), the checks and their fixtures
v2/ecad/tools/tests/run.py	6959ef08a47062f71ba7f9af07b60ea9dd6d32d5	99d747e552af6e37a633ba10eafcaf934d51895ffc488e3597e919bec7ec0f02	4719	T tools: generators, checks and their tests	tools: schematic and placement generators, their inputs (board tables, profiles), the checks and their fixtures
v2/ecad/tools/tests/run_code_only.sh	033c967166e4ede902274aa7acceb5ea7069cbe4	a3c6a6f7e24b3c5f1608e3be371ef3d9aa2ecede18b7433b13df03c2a100602b	975	T tools: generators, checks and their tests	tools: schematic and placement generators, their inputs (board tables, profiles), the checks and their fixtures
v2/ecad/tools/tests/run_tests.sh	417b9edf0f7a90835a92e5543ac12f127ae447da	ad2949157ebfa18f14e513a0bb7aab8495ef10e55a0bae4954e5bb9324b5e2c4	362	T tools: generators, checks and their tests	tools: schematic and placement generators, their inputs (board tables, profiles), the checks and their fixtures
v2/ecad/tools/tests/test_agent_contract.py	a92921f75fcf54d3a0d68924644327d5ca0ad23e	4c171f8f0c7534a2b7df9180c1a57a6d01cdb8bbf47515e893cbeb910ceb38b9	40415	T tools: generators, checks and their tests	tools: schematic and placement generators, their inputs (board tables, profiles), the checks and their fixtures
v2/ecad/tools/tests/test_agent_loop_decision.py	0356069abc22f16135f48c945c47bdc6c012320b	3adcc605321e3a21e56827ee694a62fee45eda559155168f580d1899f8e9ccad	3569	T tools: generators, checks and their tests	tools: schematic and placement generators, their inputs (board tables, profiles), the checks and their fixtures
v2/ecad/tools/tests/test_arms.py	bbb03abddd62dd104d9c190de219b16324c599a1	a762f21c63ab10fc1182d5a6e1beec4ae4c6d87a63c8893440d4d6f4dbbf1e24	5883	T tools: generators, checks and their tests	tools: schematic and placement generators, their inputs (board tables, profiles), the checks and their fixtures
v2/ecad/tools/tests/test_artefact_recording.py	ca7d0f6e940e11c1cb01f4099318a78658d659fa	78b6983d69409041793adc8828016a48a34c6a92dcc65cf727b30672e78bc553	24743	T tools: generators, checks and their tests	tools: schematic and placement generators, their inputs (board tables, profiles), the checks and their fixtures
v2/ecad/tools/tests/test_assembly_set.py	7d2da15b21ecc74d0acc8a2e809a632668e60bbd	5d01e9b5d22bdca052cc0a44dd2c432413ef6e0838bff3fdccea6a4628fbb039	12368	T tools: generators, checks and their tests	tools: schematic and placement generators, their inputs (board tables, profiles), the checks and their fixtures
v2/ecad/tools/tests/test_barrel_sites.py	ed81be37978baf54cbcac43f2d79c7ed3bd1ff3a	a2cded52748f58ee3cfa9a7a87a75bddae8afb32d47326bc9a780fbdbe24eaae	9319	T tools: generators, checks and their tests	tools: schematic and placement generators, their inputs (board tables, profiles), the checks and their fixtures
v2/ecad/tools/tests/test_block_contract.py	f5d03cd35fec6af45403e97bae9a79f4ce70700b	3e112bbd4ad869b3fb446b6b81cd216ef00b1cb7047e204a2cafb37ee4be2856	4052	T tools: generators, checks and their tests	tools: schematic and placement generators, their inputs (board tables, profiles), the checks and their fixtures
v2/ecad/tools/tests/test_board_file_format.py	ea14eb13c95f5cfbceb82f12bc55ef4b5d184c7b	9bb5e0c167b29ac8d1ff16b85c352a9eb05f1959d4f8f46a48bc89d95c7f263f	2741	T tools: generators, checks and their tests	tools: schematic and placement generators, their inputs (board tables, profiles), the checks and their fixtures
v2/ecad/tools/tests/test_board_gates.py	f25764fd54410f691afc59c5799564f0e084bfc9	5a3decc12546502c563e80a9cdbcba718932df803efa2324a2e57aa9bf73b526	87181	T tools: generators, checks and their tests	tools: schematic and placement generators, their inputs (board tables, profiles), the checks and their fixtures
v2/ecad/tools/tests/test_board_hold.py	6c9ab5dcac4c8c0608a2103fe77e0dde2b89f9a8	811b60bb6b6c7c29679427a2cb4abebea4a21b62532c272bf9ee54cfdc56d6fd	7609	T tools: generators, checks and their tests	tools: schematic and placement generators, their inputs (board tables, profiles), the checks and their fixtures
v2/ecad/tools/tests/test_box_packages.py	7f0c308bb005cf31bdce5c750732c62ed8262fd3	50314623d0c14573efc4aa4fa6827717204a37fab017e3a5b03eb07d87675412	7842	T tools: generators, checks and their tests	tools: schematic and placement generators, their inputs (board tables, profiles), the checks and their fixtures
v2/ecad/tools/tests/test_bypass_place.py	68d43ab0d0e0350890f83adcc79010f4e72b2fd2	76a04a4bec7ef2c880a62a1f57e3400302e8db744af91a7b24a622dea0770f58	5205	T tools: generators, checks and their tests	tools: schematic and placement generators, their inputs (board tables, profiles), the checks and their fixtures
v2/ecad/tools/tests/test_bypass_seats.py	35b7d60bcc3d44a75ac5b7f1873c66bdeb4f8227	55d0ec84382c18d811183b66163fae537307c328636af11cc881099f91b56a93	6729	T tools: generators, checks and their tests	tools: schematic and placement generators, their inputs (board tables, profiles), the checks and their fixtures
v2/ecad/tools/tests/test_bypass_slots_duplicate.py	1cbed1d0284c58f5f173893edb23c78deab3f2c1	429b787bebaa73869934eb3a40fb9f539d0db315addfa3359990b3857cbecb0d	4137	T tools: generators, checks and their tests	tools: schematic and placement generators, their inputs (board tables, profiles), the checks and their fixtures
v2/ecad/tools/tests/test_carry_placed.py	966119a4fde389d9f30210bf1af388027206c691	43f2bd55cee29bd28f282141686a9a7ddc7fce1cf6f9f46268b3337bb9e96805	10888	T tools: generators, checks and their tests	tools: schematic and placement generators, their inputs (board tables, profiles), the checks and their fixtures
v2/ecad/tools/tests/test_certify_allow_list.py	74e2bc88b3521f37cbf28ab1ac2322a98f243e79	ca3f1a2ec3d9f629ab38c1715b1ab8cf4d775f610e3c7c0b5c043cc406c572ad	1989	T tools: generators, checks and their tests	tools: schematic and placement generators, their inputs (board tables, profiles), the checks and their fixtures
v2/ecad/tools/tests/test_certify_identity.py	de6596e81f19f385213e35cab24e58c08480e878	76916d0350c106fbee0486a4672bc6f5f4cc3c1b5075c3ab941eb61c6f48cc4c	24165	T tools: generators, checks and their tests	tools: schematic and placement generators, their inputs (board tables, profiles), the checks and their fixtures
v2/ecad/tools/tests/test_certify_mismatch.py	78b9a7bffae2b35f1ae765572461bad121aa3cb1	1a6036d101b492506978a2cdb69106e23656b4b14259912ed83f75e3adc9c054	42642	T tools: generators, checks and their tests	tools: schematic and placement generators, their inputs (board tables, profiles), the checks and their fixtures
v2/ecad/tools/tests/test_class_pair_clearance.py	e01e3ba9162568ad83a079fb0d287fbd04617533	d70ff4acc9b71203309db610fc0c933930bc56f02f3df510a5935a89e63b5204	5670	T tools: generators, checks and their tests	tools: schematic and placement generators, their inputs (board tables, profiles), the checks and their fixtures
v2/ecad/tools/tests/test_class_table_age.py	28494a1224933955fa5dce56c7cba94744f2a731	b74e9a1ed10317fb66794174ec7d4c183478a7bd9e1d8300c9d240a9f7613f68	2878	T tools: generators, checks and their tests	tools: schematic and placement generators, their inputs (board tables, profiles), the checks and their fixtures
v2/ecad/tools/tests/test_clock_check.py	8463d81197bfa796b4d1e517880d7d61ad6134d0	8b1b8674a86f30e86748825be2384cde3d5717018fcf5b5f751b21c5d4b47b15	9666	T tools: generators, checks and their tests	tools: schematic and placement generators, their inputs (board tables, profiles), the checks and their fixtures
v2/ecad/tools/tests/test_closer_audit.py	62c5d807bec023c564a9cc3d58603af83b0464ed	c0df3ae4edb2b0c99a61750d4d19c16efb85dc71ae10a09503dbaedbe80e56d6	10621	T tools: generators, checks and their tests	tools: schematic and placement generators, their inputs (board tables, profiles), the checks and their fixtures
v2/ecad/tools/tests/test_cluster_skew_basis.py	e0a962d32910cb104391a7501b81b5cc165a4bda	a96de99371f47e3d949a1fce46cd6ac12c2e3ae762cb0de88656d616ba164459	4400	T tools: generators, checks and their tests	tools: schematic and placement generators, their inputs (board tables, profiles), the checks and their fixtures
v2/ecad/tools/tests/test_conductor_current.py	ed68c4d242f488a427d77884ce13498164fd7449	d46252bf73340444856d10b2ed3da84a726e9a7d91131b74590e2830731ddf1a	11936	T tools: generators, checks and their tests	tools: schematic and placement generators, their inputs (board tables, profiles), the checks and their fixtures
v2/ecad/tools/tests/test_contract_attribution.py	a72e6aadfe744466084bd4af1630ce15c9ec1918	9bba8bb923d69146379718441658c911d420344ce65c858199fb590f6496f98f	11104	T tools: generators, checks and their tests	tools: schematic and placement generators, their inputs (board tables, profiles), the checks and their fixtures
v2/ecad/tools/tests/test_current_model.py	7f934279a6943ffb9c9a747a628d9bff20dba8a7	73a162e9278d31caa1ef1cea8d00923ddd3997dd5885bdf42c1febabf5c1f955	4029	T tools: generators, checks and their tests	tools: schematic and placement generators, their inputs (board tables, profiles), the checks and their fixtures
v2/ecad/tools/tests/test_dc_drop.py	7324fdd5fcb73bc4b4a3b4ee6cd9015e30412e4d	b6f2eb0bcbb11737d9996cb0f6e7a7e31e387025aa82110dd901cfbdde2fc2a4	3447	T tools: generators, checks and their tests	tools: schematic and placement generators, their inputs (board tables, profiles), the checks and their fixtures
v2/ecad/tools/tests/test_dead_pour_islands.py	c67b13a02ca12c5b2bb5026c24b6d6bdb67cfe16	e16ab1630d36201af9f2e568d094d68f5eee711e6a953f45da0528e234daab1d	6301	T tools: generators, checks and their tests	tools: schematic and placement generators, their inputs (board tables, profiles), the checks and their fixtures
v2/ecad/tools/tests/test_decision_register.py	49c49477a9c290e3e0b800a5f32d11f38eef5b13	03a51f14c41c22c757a61449b7e76459728be6401290a3b5186cc4879debdd5a	6475	T tools: generators, checks and their tests	tools: schematic and placement generators, their inputs (board tables, profiles), the checks and their fixtures
v2/ecad/tools/tests/test_derate_prefix.py	12b44270a38657af7def2192eae43e73dec27035	05f8a9a8cc7b1ad9aad077fded6c5c0d4bbdecbb64c546772829e9ce8e6cc26d	17251	T tools: generators, checks and their tests	tools: schematic and placement generators, their inputs (board tables, profiles), the checks and their fixtures
v2/ecad/tools/tests/test_derived_barrel_sites.py	f6d207434622306203e963e3f8887e87937a65fb	673808ef3a47bd83e338550d3da22e3b1ce398f977974c2c8d06516979e2dc0b	5314	T tools: generators, checks and their tests	tools: schematic and placement generators, their inputs (board tables, profiles), the checks and their fixtures
v2/ecad/tools/tests/test_doc_provenance.py	e530b3b486326b7c0763712eeb192c0ffd414d85	e83daf158bf50916ff65fa04da65329d29b6012d69a58e0c6adb045c01ac0360	8386	T tools: generators, checks and their tests	tools: schematic and placement generators, their inputs (board tables, profiles), the checks and their fixtures
v2/ecad/tools/tests/test_documented_options.py	a071325814387ca33587a4dae7482c94ce94409d	e38bfc24ea51fce3706f7e954f52286bdf75cbbebf2a1c6bc8fb79744758a08b	5577	T tools: generators, checks and their tests	tools: schematic and placement generators, their inputs (board tables, profiles), the checks and their fixtures
v2/ecad/tools/tests/test_dot_prune.py	c7af2c050d88bdf4bb424193e7bba86b8b808854	b366221b1f75d82590e0c83f29a12773a46ccd1a1748bcd6d7148b3455ce64f3	5838	T tools: generators, checks and their tests	tools: schematic and placement generators, their inputs (board tables, profiles), the checks and their fixtures
v2/ecad/tools/tests/test_driver_hygiene.py	918c53d48a4c097a37900298b55b0891e5a354e8	641d318fd11e11508c808aeec45ba52ceefc27062f15ba1ec48db9c27d7700fd	111180	T tools: generators, checks and their tests	tools: schematic and placement generators, their inputs (board tables, profiles), the checks and their fixtures
v2/ecad/tools/tests/test_dsn_power_layers.py	9a124ce6631ccb9c854939ca6a7d404851ea1297	b987620a8f7279b8eb47dc2a8b2b7daf1567837fec5770152d57e328e3c6b7ce	6919	T tools: generators, checks and their tests	tools: schematic and placement generators, their inputs (board tables, profiles), the checks and their fixtures
v2/ecad/tools/tests/test_edge_length.py	066d4c7b4387ab256eb51d253852260465360438	82acc54ee791c8c9f39796b5cf50d8626a42c73b368f9ebaea326c5c85d47df8	18884	T tools: generators, checks and their tests	tools: schematic and placement generators, their inputs (board tables, profiles), the checks and their fixtures
v2/ecad/tools/tests/test_emc_sheet.py	292ca7be58857bf56ea170cd6080d7827a65ce2b	46995dec794565a81baa958e8394982df41527b42c63344d428dbaf2191661cf	4388	T tools: generators, checks and their tests	tools: schematic and placement generators, their inputs (board tables, profiles), the checks and their fixtures
v2/ecad/tools/tests/test_energy_chain.py	3546b842110112f3ab4362d142f3d348334840e7	29c8a4cc4011d8669d27e419563c65a3476c8518bd95e58d83550e554769b1a6	19015	T tools: generators, checks and their tests	tools: schematic and placement generators, their inputs (board tables, profiles), the checks and their fixtures
v2/ecad/tools/tests/test_envelope_data.py	fe17e3d73ce7483f3c0ca78c4f8b3817af433909	e0b79f4f6a5992810204c9d2f1a0a2209599a2d6a13ccfbcdf60a5b328fb13b6	10544	T tools: generators, checks and their tests	tools: schematic and placement generators, their inputs (board tables, profiles), the checks and their fixtures
v2/ecad/tools/tests/test_erc_gate.py	24d714d51772ef406613208cddf4636671aded41	0d6b3dae5c43e1ac5b8e64d943631086174da74787050422d72080f26a159923	4280	T tools: generators, checks and their tests	tools: schematic and placement generators, their inputs (board tables, profiles), the checks and their fixtures
v2/ecad/tools/tests/test_eta_execution.py	e37cd0adcf527d6631e94e724b6b6d33829a1356	8620a48ede6cf56a98f66cd47d9de4ecf304ff41d4c135d30415b264344ee816	6955	T tools: generators, checks and their tests	tools: schematic and placement generators, their inputs (board tables, profiles), the checks and their fixtures
v2/ecad/tools/tests/test_evidence_class.py	2c5fd6849864ab9a8c91dc463f9be8f005c0d663	915ae2b5c3f0015abdd95f6afe3e7fa9653fd39c87e3f3851e8baa573430f532	39253	T tools: generators, checks and their tests	tools: schematic and placement generators, their inputs (board tables, profiles), the checks and their fixtures
v2/ecad/tools/tests/test_execution_paths.py	64380af956157553e04a0e92abf9721da429a97c	671dadc3d1a7294fe72e93e192a83e9cbe08f5217df4ae4136f127ddf0927afa	3170	T tools: generators, checks and their tests	tools: schematic and placement generators, their inputs (board tables, profiles), the checks and their fixtures
v2/ecad/tools/tests/test_exposed_pad_vias.py	9e61452c5414f9d63bf6c314a63e526452a46448	748d9edc373fc5e6458aec2fcc87d1f6811c636f30ce6badf0ee0a0594b434b4	9122	T tools: generators, checks and their tests	tools: schematic and placement generators, their inputs (board tables, profiles), the checks and their fixtures
v2/ecad/tools/tests/test_expstore.py	1ea2375c30f7bbe00e990b7e4a6a6b1ef8aaab3e	fa2c8a9e8a93324dcb1c12f9b6edebdd1ba499e2e1800d8c732b79368890230f	3098	T tools: generators, checks and their tests	tools: schematic and placement generators, their inputs (board tables, profiles), the checks and their fixtures
v2/ecad/tools/tests/test_fab_limits.py	d9914740c0ee3b7ffa9a5e971df148e5b477c0cd	b75e63d69233d7981779c1388269b4567f0cdd71891891c1840d0ee0be1f8484	7332	T tools: generators, checks and their tests	tools: schematic and placement generators, their inputs (board tables, profiles), the checks and their fixtures
v2/ecad/tools/tests/test_fanout_in_pad.py	a99f96b3770914bbbb9b8aeef313a0ee61422d08	9d32937c1e84b9b3d2d0e9e22e13794092b54669a185abb7bbb199f36da1a49d	10727	T tools: generators, checks and their tests	tools: schematic and placement generators, their inputs (board tables, profiles), the checks and their fixtures
v2/ecad/tools/tests/test_fill_before_judgement.py	a166135e4a7c8847662bbd7b6004e05eed5ed79c	f03d724800e88fd7a75f55c2f7969db9b0c6609d747b91609bed7f7919d7a4df	2150	T tools: generators, checks and their tests	tools: schematic and placement generators, their inputs (board tables, profiles), the checks and their fixtures
v2/ecad/tools/tests/test_final_gate.py	c85c230eb4aad628f20474bf7bd71d4840d3c040	f3a74e40a21eb02fb2285555848c70f0f67ed3c3a20c00466b576328b81adebc	13258	T tools: generators, checks and their tests	tools: schematic and placement generators, their inputs (board tables, profiles), the checks and their fixtures
v2/ecad/tools/tests/test_finish_order.py	b33f5c68ce7d9410fd833484b4cadae4810f3adc	f1d5914f487ac3adb989806798c32e0cbf3f626a3f1f6b4cdd861ec59d0be74f	31331	T tools: generators, checks and their tests	tools: schematic and placement generators, their inputs (board tables, profiles), the checks and their fixtures
v2/ecad/tools/tests/test_footprint_library.py	4a36ea3926b44ba6a79728d1011ed9e79a6a0712	9cc987dadd4a4f2f2f7e5b3efa31002e4020489b9810c9ee5f1e9e8d6fec00f8	4952	T tools: generators, checks and their tests	tools: schematic and placement generators, their inputs (board tables, profiles), the checks and their fixtures
v2/ecad/tools/tests/test_footprint_pads.py	258450509295bd6f04696af761f8565e4ebdfec3	b96e82c5d1b1d6d3967b12773e3313bcadcd8070a3161ea220d05ff49113c5d9	3800	T tools: generators, checks and their tests	tools: schematic and placement generators, their inputs (board tables, profiles), the checks and their fixtures
v2/ecad/tools/tests/test_fr_import_check.py	5a4c0a11862bd796b044801cff9f51f45ea6ff23	aa2332b0c37b7e2d17036d2fb87885ba0dd344a2e3050bf0cc3c5542ad7a49bb	20814	T tools: generators, checks and their tests	tools: schematic and placement generators, their inputs (board tables, profiles), the checks and their fixtures
v2/ecad/tools/tests/test_gate_crash_guard.py	eb69f71453348b7fc49c55a7d0a924a0a34c756a	49049931bfcef8236382be1580d7ed35e2a4050bfb999d072ce39ad2a0a3d391	7994	T tools: generators, checks and their tests	tools: schematic and placement generators, their inputs (board tables, profiles), the checks and their fixtures
v2/ecad/tools/tests/test_gate_fixtures.py	3ef31f8d2cad3c09492cc031110c112bfb247d6e	677c0a4c03be85ff420abb864bd5c8ba029ba5c67ae382f6a12ff618b35db4f1	48171	T tools: generators, checks and their tests	tools: schematic and placement generators, their inputs (board tables, profiles), the checks and their fixtures
v2/ecad/tools/tests/test_ground_system.py	83733839f5f3295878d0ef0791c1420a4923a901	ac78b5a97b065958c84a0e74c56b90ad6b1f3268f52facb49776727c0606728b	4807	T tools: generators, checks and their tests	tools: schematic and placement generators, their inputs (board tables, profiles), the checks and their fixtures
v2/ecad/tools/tests/test_handoff_phase.py	9d4a55e4ca43a9423210432de9f92512a6c0ef31	5d14371fbd8b85eed7b71c8356d971d2bced1ee7fdc73ba9b9d39d604b3a7d6b	8259	T tools: generators, checks and their tests	tools: schematic and placement generators, their inputs (board tables, profiles), the checks and their fixtures
v2/ecad/tools/tests/test_handover_pack.py	4523108ea385e44795d34b22bbca01c03177dcb7	4578bb5a94c70e418b0fef23676a36f5703f409a4c5c62783b0c54bc4371dbad	12857	T tools: generators, checks and their tests	tools: schematic and placement generators, their inputs (board tables, profiles), the checks and their fixtures
v2/ecad/tools/tests/test_hardset.py	bbcc903c37e2177fc19087102233a7632188db3a	7be5fa0fb5e5975302d0e64182732e35c767e77cbe314dd5eab569f5a52eca62	15107	T tools: generators, checks and their tests	tools: schematic and placement generators, their inputs (board tables, profiles), the checks and their fixtures
v2/ecad/tools/tests/test_impedance.py	e07c563179a992a23cadff1b8cabf6fcdbab088e	e3b2ddbd3d406fd8fdce24897d21e0f28618ea5c6b64998ab8c2197d0f2ea56e	2735	T tools: generators, checks and their tests	tools: schematic and placement generators, their inputs (board tables, profiles), the checks and their fixtures
v2/ecad/tools/tests/test_import_before_use.py	d7d84175f9bdb2cb247822d4336923ba93d03c55	5e6a1ed387a9ef118d07fc56c989c97846c49a1d3ddfbc5f447e02d955d7e3d3	3943	T tools: generators, checks and their tests	tools: schematic and placement generators, their inputs (board tables, profiles), the checks and their fixtures
v2/ecad/tools/tests/test_interfaces.py	fb474561dd28db2f6e7f5d70158f3f5ba8385567	e8301d2addaf724d1dc3a1a4ea00e75c1890c7879b6e1903e482bc13e8700378	15260	T tools: generators, checks and their tests	tools: schematic and placement generators, their inputs (board tables, profiles), the checks and their fixtures
v2/ecad/tools/tests/test_island_pairs.py	c7c6f8c3d06e4116bf3259853f41c4e6cc0ceed5	7a4777ac7017915517834efbb3f25096bce0fa87aa129a434d3cdff73e9210a8	6444	T tools: generators, checks and their tests	tools: schematic and placement generators, their inputs (board tables, profiles), the checks and their fixtures
v2/ecad/tools/tests/test_kb_isolation.py	a70d72379ec372683c8d235d9079ac9c3caef777	dd7c7b4c4955074cd4f925215e1a10d4121574a0d69dcbc0abce41e5be85b6fe	3710	T tools: generators, checks and their tests	tools: schematic and placement generators, their inputs (board tables, profiles), the checks and their fixtures
v2/ecad/tools/tests/test_kelvin_check.py	53d9659fb827fbf9972819b06edb108be000683a	ce3b22f977bc789a7a867d352d7d058a35651db728e2fc47c0c9d60279a56248	11357	T tools: generators, checks and their tests	tools: schematic and placement generators, their inputs (board tables, profiles), the checks and their fixtures
v2/ecad/tools/tests/test_kisch_tvs.py	efd3cd8badd2e74b62315cf1a089745600c1763c	fd47bffb5fbf68535ae635d1af3c6ef8765c4f04d6b5415764514408e3947639	10100	T tools: generators, checks and their tests	tools: schematic and placement generators, their inputs (board tables, profiles), the checks and their fixtures
v2/ecad/tools/tests/test_last_net.py	4eedab8a4fabe5c2109e5d3d4caf7c9d938ad50e	1cdaf5547ccff5a6757145506f7b9435109bcb5beecf113ad2ed688b6c17f366	4222	T tools: generators, checks and their tests	tools: schematic and placement generators, their inputs (board tables, profiles), the checks and their fixtures
v2/ecad/tools/tests/test_layer_change_clear.py	9df412c0e2294e60cfc79cd5eb79ce266c2e91ab	e059b23cdc0d930820dce206730b14620aeac611fd9abc8f24e851fa6660f3aa	1392	T tools: generators, checks and their tests	tools: schematic and placement generators, their inputs (board tables, profiles), the checks and their fixtures
v2/ecad/tools/tests/test_layer_declaration.py	04c416441bc36441c5a6cb8b5f579aef0402fc11	c515b89be6c472c0ce8fa71a35a10a5a3100f001b22c9b7454ebc68c4993f969	2335	T tools: generators, checks and their tests	tools: schematic and placement generators, their inputs (board tables, profiles), the checks and their fixtures
v2/ecad/tools/tests/test_layer_judge.py	2d7d01b4fa1747a0411143d24ee4f0ba852ad26d	beb5f00cecffb7dca35f635461b9bb4380931301e2ccecfddb671619c0e8590c	8050	T tools: generators, checks and their tests	tools: schematic and placement generators, their inputs (board tables, profiles), the checks and their fixtures
v2/ecad/tools/tests/test_layout_entry_stages.py	3b3324224e7d87234b843734c55c8282f2007d03	c099c1c5446b9f860ccffa67deae8f95ebc26b240cd0cc3ad168ce7db49b064d	16563	T tools: generators, checks and their tests	tools: schematic and placement generators, their inputs (board tables, profiles), the checks and their fixtures
v2/ecad/tools/tests/test_ledger.py	2cc4a9b414a95cf6989146bb5e165c215c3b9409	aed7e6d3e3e1198666bd3bd2dda63673c0e5f69314f82318dc6dfc71942da5c2	4277	T tools: generators, checks and their tests	tools: schematic and placement generators, their inputs (board tables, profiles), the checks and their fixtures
v2/ecad/tools/tests/test_ledger_verify.py	90f215248e4f1951ee3a59ab72997f0822dc5e1e	9f98d378f3f367acfc6b3dc0e760f91e42c7d13b9b4ede5bb64f493af4b43f12	3855	T tools: generators, checks and their tests	tools: schematic and placement generators, their inputs (board tables, profiles), the checks and their fixtures
v2/ecad/tools/tests/test_meander_locked.py	ac971d8cb84240533dbb85ed35d1b8ff4e5b8378	c9e7b81ed67562602ec2687999e4d11c7afb5f310d2fd9186c6a1aaed7d4ff60	3606	T tools: generators, checks and their tests	tools: schematic and placement generators, their inputs (board tables, profiles), the checks and their fixtures
v2/ecad/tools/tests/test_netclass.py	5c13d97968b04eeda6dd118771eaf2ee934b806b	620936b789d561d423516ba600d92dd8cec682dc66e46f719c3f7100565ad350	8224	T tools: generators, checks and their tests	tools: schematic and placement generators, their inputs (board tables, profiles), the checks and their fixtures
v2/ecad/tools/tests/test_netclass_one_source.py	2d321a85122a14b147625dc632de6dec42b54910	27412e7f38376b791e21daa158b2bbd9296fa2db8bd2bbe420d77e19943eabb7	3917	T tools: generators, checks and their tests	tools: schematic and placement generators, their inputs (board tables, profiles), the checks and their fixtures
v2/ecad/tools/tests/test_netlist_board.py	28408d2264d527423078a57303c714b491931eeb	21d3be3a4e36a8cbbc764babf3613367c344e89b2897013eebf78d20d3032efc	9124	T tools: generators, checks and their tests	tools: schematic and placement generators, their inputs (board tables, profiles), the checks and their fixtures
v2/ecad/tools/tests/test_netlist_classes.py	0d838ec39719188d90d959dc89748c21fc098fcf	83db8a18389f40ce5fb922a9e8c1878d0331ace24ebd38a7e31c69c696b28524	4231	T tools: generators, checks and their tests	tools: schematic and placement generators, their inputs (board tables, profiles), the checks and their fixtures
v2/ecad/tools/tests/test_netlist_parts.py	fe6c27f643616816f485312d07cb0937d5898564	4680ec4b1b689ce221ce637dacf414b377b92e839203b844ddd961a2e924b8f4	14973	T tools: generators, checks and their tests	tools: schematic and placement generators, their inputs (board tables, profiles), the checks and their fixtures
v2/ecad/tools/tests/test_netlist_provenance.py	90f984d2039229b2fb46d15deb8564348a247edc	f1bfeb908ab5cd9dc48f43263a8aec8ea9669247a843ee323800c158bc622dcd	3507	T tools: generators, checks and their tests	tools: schematic and placement generators, their inputs (board tables, profiles), the checks and their fixtures
v2/ecad/tools/tests/test_open_pairs.py	6495446dd63bd49a9a84db9c28d4372c2229d59f	c430fb48723cdf86d77b017a802e736575fa10726f2eae85932e71f478dc6d5a	9773	T tools: generators, checks and their tests	tools: schematic and placement generators, their inputs (board tables, profiles), the checks and their fixtures
v2/ecad/tools/tests/test_order_codes.py	5cc17b21dc1d24ec7ce446b2f7e29550507af09f	91c009a47fbf49b03e57d809e7f9dbc39723b435f464461bb4c9c96add5dc14e	43986	T tools: generators, checks and their tests	tools: schematic and placement generators, their inputs (board tables, profiles), the checks and their fixtures
v2/ecad/tools/tests/test_order_readiness.py	b5780a4b793c297f0520550947f3206793b21254	857c485ae5ce9a191b5ca0adb841ffe2a36d6fbcdf4d84a8264acd17f68a5074	11648	T tools: generators, checks and their tests	tools: schematic and placement generators, their inputs (board tables, profiles), the checks and their fixtures
v2/ecad/tools/tests/test_owner_decisions.py	64d4895d4769114e0ecaae3159e91e5f8bc2c7c5	386ddaf93a360436824161ef6ae248524243bb5bcd890bb49960086e8ab1680d	2822	T tools: generators, checks and their tests	tools: schematic and placement generators, their inputs (board tables, profiles), the checks and their fixtures
v2/ecad/tools/tests/test_pack_protection.py	805d9a9723fe8967f2d864c651bb5a569d887dff	deab22cd2d1c5cfe6da53556a2ec708275f565576bdea46c3be00556f29a4f54	6126	T tools: generators, checks and their tests	tools: schematic and placement generators, their inputs (board tables, profiles), the checks and their fixtures
v2/ecad/tools/tests/test_pack_secondary_ts.py	fee1b2215bbbaabc2a444948bdab1cafa86fb463	26316ddfe7fc1e1bb6ef2605aa57cba3fde1f213739a07503baf604a4f24222f	16269	T tools: generators, checks and their tests	tools: schematic and placement generators, their inputs (board tables, profiles), the checks and their fixtures
v2/ecad/tools/tests/test_pair_class_clear.py	7e23000248d149f24def34ffe8650295be53cfde	732f819d4f084be4a84c46b61c08d356a8ed933a43332027bfb520a05d0a5fc9	4183	T tools: generators, checks and their tests	tools: schematic and placement generators, their inputs (board tables, profiles), the checks and their fixtures
v2/ecad/tools/tests/test_pair_gate.py	b81ef0e013f014867b2331f3d40cafc824841cf8	3ec2bbd324673d79836e0a8fb8e27929c18933fab6f38dd7b0352201bc74d27a	4509	T tools: generators, checks and their tests	tools: schematic and placement generators, their inputs (board tables, profiles), the checks and their fixtures
v2/ecad/tools/tests/test_pair_headers.py	10d29c4a1e37b3ebda21d96f3d06efacf3b8c8b0	fc82734e7fa758770cbf93d96afacb6220b2bcf727a5097739ae3b076b6144a5	9699	T tools: generators, checks and their tests	tools: schematic and placement generators, their inputs (board tables, profiles), the checks and their fixtures
v2/ecad/tools/tests/test_pair_leg_match.py	432d00fb25e0308eb006232ed368c18ec34f6229	92e79da5512ab79f1015dfd5781038e3cce5e97365f0025d471d9bea7bc4b9bd	2887	T tools: generators, checks and their tests	tools: schematic and placement generators, their inputs (board tables, profiles), the checks and their fixtures
v2/ecad/tools/tests/test_pair_legality.py	a52a218939de1f11eea74f02054a0c23b74df73a	8c45f65f7028f398c479565f864cc5887bf311d69ac290ddec32ef8b3a1161cb	6823	T tools: generators, checks and their tests	tools: schematic and placement generators, their inputs (board tables, profiles), the checks and their fixtures
v2/ecad/tools/tests/test_pair_maps.py	2cd21d4f72a355a92442bf114ec3104bfbfe598e	4cf7715f8ca36eebb06d326f514f016c284effb7d52e51171306c6d1151d2df2	7625	T tools: generators, checks and their tests	tools: schematic and placement generators, their inputs (board tables, profiles), the checks and their fixtures
v2/ecad/tools/tests/test_pair_own_legs.py	5a5a083d2d8dc13e22f1a34414c61eb1c3ab585f	ea2e3b29e93c410763b3557f641cb69573bb192a7e235bc4a1a3170f264d2fbf	11127	T tools: generators, checks and their tests	tools: schematic and placement generators, their inputs (board tables, profiles), the checks and their fixtures
v2/ecad/tools/tests/test_pair_report.py	2c5e35097bfed71a431eccdef4124556e6960c9a	a739ba34d2289d3de0fbb8eccfbf183d9e88946dcf5b02d16bad032cdd443f06	5021	T tools: generators, checks and their tests	tools: schematic and placement generators, their inputs (board tables, profiles), the checks and their fixtures
v2/ecad/tools/tests/test_pair_router_imports.py	2ae4860c08739ad3f15ccd2e070fd7275be7ebc0	ff6c58f1685096c4e53ae7c214ed2601ebd465b23e538ff1672ab7f714dea9b0	2776	T tools: generators, checks and their tests	tools: schematic and placement generators, their inputs (board tables, profiles), the checks and their fixtures
v2/ecad/tools/tests/test_pair_station_side.py	3277c2d95ee99ea6b60c1f31e961ebb5b2b2df58	4cbd45e718736cfeea77d08f5f3d032567ad058e15469be5cd3ad3b7f07e2a9f	2524	T tools: generators, checks and their tests	tools: schematic and placement generators, their inputs (board tables, profiles), the checks and their fixtures
v2/ecad/tools/tests/test_pairsearch.py	382e02dd9b24b0a97bac029137a123eb3bc7a25e	ec0f766002d4e769bd1fe3ba808a3de08883071b9b185c59b0e5ea16d7125840	3332	T tools: generators, checks and their tests	tools: schematic and placement generators, their inputs (board tables, profiles), the checks and their fixtures
v2/ecad/tools/tests/test_part_room.py	4444d090ec688ecddfefe0d46e0d252620654dd8	ca0189f880d34e0eed1f0ad62136a9292b9b3afdcf871f7ee6e20183b8996092	3123	T tools: generators, checks and their tests	tools: schematic and placement generators, their inputs (board tables, profiles), the checks and their fixtures
v2/ecad/tools/tests/test_part_temps.py	46cda90a97ca41913fd7b4ec242672bb2ed15c17	c860f8fc02f0c0c1b990327b659908d78a53f4ed8b1f014b56e7bb6ea25b3472	4691	T tools: generators, checks and their tests	tools: schematic and placement generators, their inputs (board tables, profiles), the checks and their fixtures
v2/ecad/tools/tests/test_pcb_rules.py	5979fb1927917fa442815fba9400e9fb651f8f23	4b1fc8af800414a155203a2b2f391bf63de14e75d42412642c3b277ddb88e034	11557	T tools: generators, checks and their tests	tools: schematic and placement generators, their inputs (board tables, profiles), the checks and their fixtures
v2/ecad/tools/tests/test_phase_directory.py	d361194d4c9736954b546ce1dadcaa615af886a1	7710a2c2d4e07a3dd7235e16e0d2c0f31aa687fb4814bc5051b973e9d038ff71	4645	T tools: generators, checks and their tests	tools: schematic and placement generators, their inputs (board tables, profiles), the checks and their fixtures
v2/ecad/tools/tests/test_pin_map_lands.py	2b201b6eb472c16e0a129d823215abcf025e7e93	ea10c48bac1e786cadd4b5289b03074377ff2b7310ec6b20ed0d4bddb0ab9b98	5131	T tools: generators, checks and their tests	tools: schematic and placement generators, their inputs (board tables, profiles), the checks and their fixtures
v2/ecad/tools/tests/test_plane_nets_guard.py	8e190bf697f7510357b925ab406890349b951b61	89d1d9b6da047ca0aefdd67e53267bb0546d07f5696ad6735911462599cca65b	3472	T tools: generators, checks and their tests	tools: schematic and placement generators, their inputs (board tables, profiles), the checks and their fixtures
v2/ecad/tools/tests/test_port_protect.py	15bcce3cfa92bc0e9e361c94a254920042bfd715	f06d08c9c22cb7ce730dc92b5ea2e17963f2ae72f111f7a6c6bd8b89758cd172	45820	T tools: generators, checks and their tests	tools: schematic and placement generators, their inputs (board tables, profiles), the checks and their fixtures
v2/ecad/tools/tests/test_pour_coverage_exemption.py	36fd3a21efeb83cd4013b58b3d75da99c772926e	a434874c3cdb376f15486b5566f18be6447b448a789e1ab02c048706b1076aaf	3575	T tools: generators, checks and their tests	tools: schematic and placement generators, their inputs (board tables, profiles), the checks and their fixtures
v2/ecad/tools/tests/test_pour_stitch_spots.py	6279f029c3c92b17619470897fdf955325fe4321	f72c84c5eb2965ce80ae35346ce5e856ec7fa9c2bfc2d65c2f6d0450b02f9133	2145	T tools: generators, checks and their tests	tools: schematic and placement generators, their inputs (board tables, profiles), the checks and their fixtures
v2/ecad/tools/tests/test_power_path.py	0533230807435cea46d925fedcd09af7df3ef13c	c779cdd5a0a2a4c2e5c8b1486fc594df3b36bd1f3624d2083098e038d4ea7772	12417	T tools: generators, checks and their tests	tools: schematic and placement generators, their inputs (board tables, profiles), the checks and their fixtures
v2/ecad/tools/tests/test_power_sequence.py	3a5d76a0f18b9895e1bb5fda9f6180fcd1eb2d23	ca37fa7f7b94602e79176e98502070cf6ff4bee9ffcd211d41f54c6d0912ca0d	9969	T tools: generators, checks and their tests	tools: schematic and placement generators, their inputs (board tables, profiles), the checks and their fixtures
v2/ecad/tools/tests/test_prelay.py	6f87fcdf207dfbb90e007335011674609c1fc4a9	eabda2a41675a5f316960071879023d40e9712d6c4f6fc43712d55c946663862	16488	T tools: generators, checks and their tests	tools: schematic and placement generators, their inputs (board tables, profiles), the checks and their fixtures
v2/ecad/tools/tests/test_prelay_pairs.py	595318905bda239c1dccecca0b9d42597427c275	b5106dc5f4546468e8beb80bd08cc54de98bf877825e3350c3aec370de6aaca2	6540	T tools: generators, checks and their tests	tools: schematic and placement generators, their inputs (board tables, profiles), the checks and their fixtures
v2/ecad/tools/tests/test_project_minimums.py	fec63ca08b6f45bf3083a98143ec948d60df3c21	fdd6ae92c47f45f6a1218634e87d27e56e4655830ddfcda91651ac6ba3da222d	3323	T tools: generators, checks and their tests	tools: schematic and placement generators, their inputs (board tables, profiles), the checks and their fixtures
v2/ecad/tools/tests/test_provenance_bundle.py	8c485e09fe7fc93f7e49f6592fc21b04a6fe47ea	d0caa9ff3fdcff08098343583631e6f14dfe1585826159a6ff67b9379e22eb50	12075	T tools: generators, checks and their tests	tools: schematic and placement generators, their inputs (board tables, profiles), the checks and their fixtures
v2/ecad/tools/tests/test_public_tables.py	0ace9ded52945d66a211f8916e5152d0c3c85ed5	e163b1a5130772bf3d5722d7987864099b24d84e6fb598f56de9b13cdffcea01	3256	T tools: generators, checks and their tests	tools: schematic and placement generators, their inputs (board tables, profiles), the checks and their fixtures
v2/ecad/tools/tests/test_rail_barrels.py	da75aacc4a96d234d251b08eb1dd8ad915b5885f	c12d5175bc7db88f7f4d845e37568a83c1c09299a8ef6d26391ddd46e5b8995b	29182	T tools: generators, checks and their tests	tools: schematic and placement generators, their inputs (board tables, profiles), the checks and their fixtures
v2/ecad/tools/tests/test_rail_crossings.py	34f9b61ca822c448ffbee66029c86a58f3efe2fd	ea4a1f1efc29ff12b18dfaf503b2090538abf20b35c8998e9091560143c94049	23840	T tools: generators, checks and their tests	tools: schematic and placement generators, their inputs (board tables, profiles), the checks and their fixtures
v2/ecad/tools/tests/test_rail_loads.py	2695d201da361a0775816c16fcf9cd0eb849abd5	0b65548c74d59ed697428e220b7ecbba1137626980bcdb7b07cd94945dcff836	11324	T tools: generators, checks and their tests	tools: schematic and placement generators, their inputs (board tables, profiles), the checks and their fixtures
v2/ecad/tools/tests/test_rails_census.py	91fdbe1924eab3a406b00385300298be20d4b1af	c1fdf795e24142baba562b05b6bff7414667d83114cb2ed98553fd76c3799df6	32351	T tools: generators, checks and their tests	tools: schematic and placement generators, their inputs (board tables, profiles), the checks and their fixtures
v2/ecad/tools/tests/test_rails_netlist.py	b448747317250756a7e1980d788a93abc12791b7	f6171c138eea398d1807c8a916ed762c3c3f4a0b2c0d8d7995c1b62a2a1ece0a	53316	T tools: generators, checks and their tests	tools: schematic and placement generators, their inputs (board tables, profiles), the checks and their fixtures
v2/ecad/tools/tests/test_ref_change.py	2a2b5e23603358203e7b0a1941c35eff6ad56d5f	fbbe4d9378ed4ae56fd62ae59ec9e23b4a3dc9b23c0fa2ac1d486b1f25174821	3958	T tools: generators, checks and their tests	tools: schematic and placement generators, their inputs (board tables, profiles), the checks and their fixtures
v2/ecad/tools/tests/test_regen_compare.py	e6e53d947754c411ab828535ca5dbe59994350f8	e3fa380e2b5fb71ae9904f892e6b9da29d1301d769590516dfe2c3fb8d832743	16173	T tools: generators, checks and their tests	tools: schematic and placement generators, their inputs (board tables, profiles), the checks and their fixtures
v2/ecad/tools/tests/test_region_fit.py	9043143c0ef85d68a68fbac36750d00acb5506e4	9476cb156bf80124d50db037ae8cf9877d05a5e55f6c7ab713e534d1d0955b52	5547	T tools: generators, checks and their tests	tools: schematic and placement generators, their inputs (board tables, profiles), the checks and their fixtures
v2/ecad/tools/tests/test_region_overlap.py	82ec75fe45d3864d9fc3d3ce7612eed9f98cb587	59c1f8fb158dfaa77f92f6a0acc3690356e0c8121963539f08e64f3e4487c41c	8292	T tools: generators, checks and their tests	tools: schematic and placement generators, their inputs (board tables, profiles), the checks and their fixtures
v2/ecad/tools/tests/test_reliability.py	9d19932b52d27b587303488c23a7e36fecc4089e	cc55ccb7d623c17355b3da41614a339248ee296056595b636449f18fd93e0723	3783	T tools: generators, checks and their tests	tools: schematic and placement generators, their inputs (board tables, profiles), the checks and their fixtures
v2/ecad/tools/tests/test_requirements.py	0b64af5e56e96ffc9c25e3fc094aae8a6b88cafc	01a6137e30fccfb926035bb156f29bb54a7c09189510fb5a8e035ede70ed41c2	46276	T tools: generators, checks and their tests	tools: schematic and placement generators, their inputs (board tables, profiles), the checks and their fixtures
v2/ecad/tools/tests/test_reserved.py	82803e80747a7140966b4b7c72a2c08956d26022	f97b551c31c7deefc674fc1d353bf5984715c56b97f2b2158d6bbf42fb952768	9639	T tools: generators, checks and their tests	tools: schematic and placement generators, their inputs (board tables, profiles), the checks and their fixtures
v2/ecad/tools/tests/test_retired_boards.py	41560248ec1f79b703f087732967d7fc5cb79e8b	ad219625ab07e3d78cd25fc702be3dc0d7968f5ca48e648d00af37eddab81152	4912	T tools: generators, checks and their tests	tools: schematic and placement generators, their inputs (board tables, profiles), the checks and their fixtures
v2/ecad/tools/tests/test_retired_parts.py	041241224723dde6165e75922883a50d44b4f645	ca45bf4aa50ec4223349ec3b82d38e13dc7ecd7f574b387db8fd997b7cd2a77b	3446	T tools: generators, checks and their tests	tools: schematic and placement generators, their inputs (board tables, profiles), the checks and their fixtures
v2/ecad/tools/tests/test_return_rules.py	249e920b21265e16df6ed31dd307aefa302051cf	3ed10d12c27ba46eae04036aea8c5cfd241b97ca47dd0e33685d5ee59e0c680d	29006	T tools: generators, checks and their tests	tools: schematic and placement generators, their inputs (board tables, profiles), the checks and their fixtures
v2/ecad/tools/tests/test_review_packet.py	6fe83a2bb4dde797e86ca5c84f6c0c5df908a8e1	db4b3f8eeb951e7816811582d29c51bcb97e7e71f59f56610ea8b5809f0a6ea5	32841	T tools: generators, checks and their tests	tools: schematic and placement generators, their inputs (board tables, profiles), the checks and their fixtures
v2/ecad/tools/tests/test_rf_line.py	77a3620b5d9c942fa334b9002d5e3b1e064ba4bb	4979ffd7747c04c39f73e53908e367f38f5a01e3860fddcc51b44d14bae2d670	6296	T tools: generators, checks and their tests	tools: schematic and placement generators, their inputs (board tables, profiles), the checks and their fixtures
v2/ecad/tools/tests/test_rule_gate_mapping.py	a003bf3bb61c4d9cd6a13eed894b0dddd882e37e	957e1350735f15cb3844408a47eadaaac3dbda387e80c497b9007ecffe4b61d8	22377	T tools: generators, checks and their tests	tools: schematic and placement generators, their inputs (board tables, profiles), the checks and their fixtures
v2/ecad/tools/tests/test_rule_windows.py	6963f8a9ba8bc0761de15225ddc7a5dfff004d3b	d4578c8fc4b67c505d65fbd79ae0af33c8a5dc046c1db2a097f37aeff5c73ee9	7372	T tools: generators, checks and their tests	tools: schematic and placement generators, their inputs (board tables, profiles), the checks and their fixtures
v2/ecad/tools/tests/test_rules_registry.py	cd5ff288d84862d07b4fbad0a1f2dde968124d39	22fb5564b362f1a98374338aea8393944b1a50a5882104d6a581ba94c9e515c1	9344	T tools: generators, checks and their tests	tools: schematic and placement generators, their inputs (board tables, profiles), the checks and their fixtures
v2/ecad/tools/tests/test_rules_status.py	6e68227738836e367c8205afd7587dabf5d07756	06bb950955ff35ce25ea01b2952294cb1e2a41c1ad5db5696cb805431ab11456	38285	T tools: generators, checks and their tests	tools: schematic and placement generators, their inputs (board tables, profiles), the checks and their fixtures
v2/ecad/tools/tests/test_safe_lines.py	229f4efa3bf964b15b03b06d43870831ff81008b	56fda6852072954cb886c02dc9a382f7b9aac7935a187fdce7b9a0fc5e816e34	7853	T tools: generators, checks and their tests	tools: schematic and placement generators, their inputs (board tables, profiles), the checks and their fixtures
v2/ecad/tools/tests/test_sch_prov.py	06c4331189fe4d835e35fc979a42d2791884f85d	f1feef2777bf1078fd8f8414697c4a816107bd4995a5b4f2a7a9a79624a27e4d	15313	T tools: generators, checks and their tests	tools: schematic and placement generators, their inputs (board tables, profiles), the checks and their fixtures
v2/ecad/tools/tests/test_schematic_pages.py	7d8a5136d4695d523abb000261e7fa76766857f3	568bcf115c0edd8e79111c1981266d31a9bb3e0a16e00579b02d569241ab97a4	5042	T tools: generators, checks and their tests	tools: schematic and placement generators, their inputs (board tables, profiles), the checks and their fixtures
v2/ecad/tools/tests/test_schematic_paging.py	032933b43286ff4dd10b92951fa6ec7d03563f26	8ace76cd8f16dab0667227b432ba45f930a7440f9fc3e225c72dc3218a09a02e	3033	T tools: generators, checks and their tests	tools: schematic and placement generators, their inputs (board tables, profiles), the checks and their fixtures
v2/ecad/tools/tests/test_sense_fence.py	4d9b07fb374d442dccb8772cfd9a8fc6eb3d0b75	95de0452a63b88450509a948474e14233b1adf9597829f1262da53cda80a407f	5790	T tools: generators, checks and their tests	tools: schematic and placement generators, their inputs (board tables, profiles), the checks and their fixtures
v2/ecad/tools/tests/test_sense_reach.py	5371f30ece5c749eb4d4d1df31839e474d55cb47	16a5e6dcbba566f6a74d1f5aa8f78aa8c68bec8424f4d2dca71e95da90da8e96	10252	T tools: generators, checks and their tests	tools: schematic and placement generators, their inputs (board tables, profiles), the checks and their fixtures
v2/ecad/tools/tests/test_sensitive_guard.py	c800daa1f62b3b5471f01e7d7d0876dbb818977e	cafa3cd9990d8918616f6ce8b2389a82f056cf97ff9c15f8f19bff25a7f7ad20	3065	T tools: generators, checks and their tests	tools: schematic and placement generators, their inputs (board tables, profiles), the checks and their fixtures
v2/ecad/tools/tests/test_sensitive_nodes.py	0e32b4e0c445e61deb3fead97f851638c2dd397c	86aeac1210edd01d79c61a68400aceb012d467af9dc7da17ae9df307328d60ab	11880	T tools: generators, checks and their tests	tools: schematic and placement generators, their inputs (board tables, profiles), the checks and their fixtures
v2/ecad/tools/tests/test_series_segment.py	19bbb49e38c1579d4cc8ef743618511c0976862a	294a0b44cce6b1cfd2812a88bfb09cbaf9fc85ae0adc6cea2bec71dc14637412	9472	T tools: generators, checks and their tests	tools: schematic and placement generators, their inputs (board tables, profiles), the checks and their fixtures
v2/ecad/tools/tests/test_ses_via_drill.py	8e8f1778711d6fc04b9ee716fcb77e178d141ad9	f94d182d9da063277cb93fee5398cbe20f17a3da44d2456d087a73c1b9a50d74	2360	T tools: generators, checks and their tests	tools: schematic and placement generators, their inputs (board tables, profiles), the checks and their fixtures
v2/ecad/tools/tests/test_shell_parses.py	551016a6b1c1f4e181808bdbb8b9f94fe6dfd2c5	f6c576bbbd8d082055147dcd2ccff8c6db73d4f25603f3a12045cd3f7a198acd	710	T tools: generators, checks and their tests	tools: schematic and placement generators, their inputs (board tables, profiles), the checks and their fixtures
v2/ecad/tools/tests/test_shipped_strings.py	d1aea9b4278dcd970109183c2377f75423f29e3e	03d3554584077698537b3e7bc78d5a3cc3c271db10affe7b2cc0860949f7b294	3409	T tools: generators, checks and their tests	tools: schematic and placement generators, their inputs (board tables, profiles), the checks and their fixtures
v2/ecad/tools/tests/test_signal_class.py	01ee38cee27271aa11902013f155a1ff3a07fc20	8d4f9486d840188b756a2eb7c8117944d8912b8f56b54cc69486ca6d6a4b142d	11390	T tools: generators, checks and their tests	tools: schematic and placement generators, their inputs (board tables, profiles), the checks and their fixtures
v2/ecad/tools/tests/test_silk_sibling_phase.py	aa99957d75f479d1b66459d20d52217fddc6f957	b178700c24d7c60a8b05a86959ded51953041986e50b8aeee4d65d673644003a	5160	T tools: generators, checks and their tests	tools: schematic and placement generators, their inputs (board tables, profiles), the checks and their fixtures
v2/ecad/tools/tests/test_smbus_lead_contract.py	c5b809a6b6194ad85966972deaeaa13d5120cb47	437816796daaf9515dda026dc225c2d20520f40224634d1e3e47e72c720c3b65	7579	T tools: generators, checks and their tests	tools: schematic and placement generators, their inputs (board tables, profiles), the checks and their fixtures
v2/ecad/tools/tests/test_spacing.py	845d5dbe744143c539509268ce5e729e1bf2b3d6	4cfe72999126a112c25f7656006506c67a9aecdf88510204a9d1e764afad249f	8919	T tools: generators, checks and their tests	tools: schematic and placement generators, their inputs (board tables, profiles), the checks and their fixtures
v2/ecad/tools/tests/test_stackup_gate.py	19b8d4022a89ce6752480fc65d9c78cad041a33b	f3860eba691d44b735455d002acc7e55ad9d3f22662e26a72b4de64f4f099b3d	5069	T tools: generators, checks and their tests	tools: schematic and placement generators, their inputs (board tables, profiles), the checks and their fixtures
v2/ecad/tools/tests/test_stackup_reader.py	b090ff4818f2f95ab4b82835c320cf41f3b16943	a512595f25e7cca09e3039705f248f4b34b6ffdbb1fa7bba7bcd0e914e960e4e	8202	T tools: generators, checks and their tests	tools: schematic and placement generators, their inputs (board tables, profiles), the checks and their fixtures
v2/ecad/tools/tests/test_stackup_write.py	5a3938ff0ad8669fc9075ff8e91b5f1495746223	7a67b6235ab2d8feb559690179f129afb1b4c8cb1a7e35cc638464ad97e1e771	9513	T tools: generators, checks and their tests	tools: schematic and placement generators, their inputs (board tables, profiles), the checks and their fixtures
v2/ecad/tools/tests/test_stale_evidence.py	8153a17d84b2ae3018d610a3c7a3217833ef2661	c1373be2033b0cb2dde960b4c2b297dcd22489e1be27f92a147ef191f97e09d2	5606	T tools: generators, checks and their tests	tools: schematic and placement generators, their inputs (board tables, profiles), the checks and their fixtures
v2/ecad/tools/tests/test_stale_netlist.py	ef086957fa9cc5623cc2a5eba4a04f6dd1906366	9a90a3703b99ecdc88fc51b1ec006e1e42fbd48b5ae8be35e6697e04ad9deee4	2551	T tools: generators, checks and their tests	tools: schematic and placement generators, their inputs (board tables, profiles), the checks and their fixtures
v2/ecad/tools/tests/test_stale_readings.py	7332afe1ac8599ec98e3deabfa5762e39890a41f	9ad656b121f4bece59e83408bf84a8d025e510b0ab81440560e20ef5e23bbd0f	7328	T tools: generators, checks and their tests	tools: schematic and placement generators, their inputs (board tables, profiles), the checks and their fixtures
v2/ecad/tools/tests/test_stub_clearance.py	e87a11fc177d22c6cba9b0a634cb41eba5dc1e9e	318bc075d15e1b3257b569fc6d1694a81a2d17aad742553974d6e0a1819cd71a	5606	T tools: generators, checks and their tests	tools: schematic and placement generators, their inputs (board tables, profiles), the checks and their fixtures
v2/ecad/tools/tests/test_stub_emit.py	62f4c7c70dda8ecdc64070413c49b352afccfa4b	1c616837f606882aa6ea6f1514383e0c7aedb79ae5eeb7cb0a84139e7677718b	3634	T tools: generators, checks and their tests	tools: schematic and placement generators, their inputs (board tables, profiles), the checks and their fixtures
v2/ecad/tools/tests/test_stub_landing.py	2d58689483d2ac947441bcd772d07b776e3272e5	f5feca365044a27b97a3168f1590cc317e94247b8925440367fe527e3c7ae9b6	5486	T tools: generators, checks and their tests	tools: schematic and placement generators, their inputs (board tables, profiles), the checks and their fixtures
v2/ecad/tools/tests/test_stub_not_worse.py	07455305c0c1e9c004bcd1a1f60d8dae707d9289	a8aa3e4210edbc3512e9e3b7a3212be7468ac5f512fe02c6f5e802360df1f219	3201	T tools: generators, checks and their tests	tools: schematic and placement generators, their inputs (board tables, profiles), the checks and their fixtures
v2/ecad/tools/tests/test_stub_router.py	abf3cd68843a2654555a4cd587e769cbac33f575	1014065c03890e174e04444362686708f33e7054ffc19f244f6e9ff5f19f0b55	3612	T tools: generators, checks and their tests	tools: schematic and placement generators, their inputs (board tables, profiles), the checks and their fixtures
v2/ecad/tools/tests/test_stub_router_accept.py	1d53c518bc0ba8d43955b4b708ad7426abe194bf	9017415faef927e798a6d12ea7823a4c78983d97ae35a7c82a1c939a17c9bd35	36312	T tools: generators, checks and their tests	tools: schematic and placement generators, their inputs (board tables, profiles), the checks and their fixtures
v2/ecad/tools/tests/test_stub_zone_obstacle.py	a90438c8184c037201290df95ca4aa0f842b8eca	cbc9537f49125c482f57b3c686165a931976e3c26a57d09cb9f26bf07d9a8449	4258	T tools: generators, checks and their tests	tools: schematic and placement generators, their inputs (board tables, profiles), the checks and their fixtures
v2/ecad/tools/tests/test_swallowed_calls.py	cd7b2541607eaa997cefa42f77647782b024e894	b60862b6127f764adbc00ab27f5565755b095013c707030d239bfd079f8d67c3	3604	T tools: generators, checks and their tests	tools: schematic and placement generators, their inputs (board tables, profiles), the checks and their fixtures
v2/ecad/tools/tests/test_swallowed_code.py	8e7173808cdb06a7e8e7b6a633821843b13ee773	5f2ee7411f4a1def648955617c4e87c9bfe83d72195b320328664cd8c83834e8	4369	T tools: generators, checks and their tests	tools: schematic and placement generators, their inputs (board tables, profiles), the checks and their fixtures
v2/ecad/tools/tests/test_sweep_placement.py	998329c01207dcd1fe47828c78ab4eccf0e90673	e51cc635ae6c8862daccd028967afd20f47305d37381fb77f31d09be4d1baefa	2581	T tools: generators, checks and their tests	tools: schematic and placement generators, their inputs (board tables, profiles), the checks and their fixtures
v2/ecad/tools/tests/test_switch_list.py	eff4d42f0bf3f59c46eb96f2e488be0a4cc56d5e	ef7fa105535991283a41d4affcbc99506327c6d10d9b8d5f91b3621e5f367fd1	5350	T tools: generators, checks and their tests	tools: schematic and placement generators, their inputs (board tables, profiles), the checks and their fixtures
v2/ecad/tools/tests/test_thermal.py	1d0e22dd4c00ed0ca2bf056190e5c4402fed9225	c485d6968ca0c1d60ee30a34cedceea13aea6a643dd2686196bc2c10398b7f92	3121	T tools: generators, checks and their tests	tools: schematic and placement generators, their inputs (board tables, profiles), the checks and their fixtures
v2/ecad/tools/tests/test_track_current.py	980e5ccab8f0c9ec3c462e3dcb641c9497fbdaae	6741c3ffe94009346aae2e39fd32b0a6950529e0f23b47e4c4c5af1b06dabf32	8954	T tools: generators, checks and their tests	tools: schematic and placement generators, their inputs (board tables, profiles), the checks and their fixtures
v2/ecad/tools/tests/test_trial_board_measure.py	84423eb46bb5f8a095b8d5e95fa4d6276d1ab78f	8d4e1410f4e09d4a58b17f7dbbef0e5a17ff38b8b309bb8d861c4c513afa661b	2419	T tools: generators, checks and their tests	tools: schematic and placement generators, their inputs (board tables, profiles), the checks and their fixtures
v2/ecad/tools/tests/test_tx_inhibit.py	fbd2310de89159b480cb7a373805f287b0c26899	619d3fd40b0ad2b290fe4ca00653e8fc4b5be3dbafdebb2e61b536722c6e0b51	261287	T tools: generators, checks and their tests	tools: schematic and placement generators, their inputs (board tables, profiles), the checks and their fixtures
v2/ecad/tools/tests/test_tx_inhibit_split_guard.py	2443d4875d1fd355d609f327393e5de5835e15c4	3fd028e87359d1876b3a3aa7b622289f3045635fb46df624e4bce48769cd56c2	6024	T tools: generators, checks and their tests	tools: schematic and placement generators, their inputs (board tables, profiles), the checks and their fixtures
v2/ecad/tools/tests/test_unfilled_board.py	1190aff42e580c51ae97e3862feb5b36c0967fb3	94a316c71ebdecbded1bf671ee5056b01aed9c1536401a026e8960d0cba8caf5	1805	T tools: generators, checks and their tests	tools: schematic and placement generators, their inputs (board tables, profiles), the checks and their fixtures
v2/ecad/tools/tests/test_verdict_channel.py	4da79d0f5b37e59d488507c0e15b62060f875740	c05022fe149c2dbcd1f656737f64ad0aa07ea376ad9dde79c54848ad4066d36c	49889	T tools: generators, checks and their tests	tools: schematic and placement generators, their inputs (board tables, profiles), the checks and their fixtures
v2/ecad/tools/tests/test_via_current.py	269444087a33fd18f559cd1a1c33a049f3d8de50	afcf80143010dc8b0165b58d53a09114c04f93c207372c8cc17920c0ee7b775e	25847	T tools: generators, checks and their tests	tools: schematic and placement generators, their inputs (board tables, profiles), the checks and their fixtures
v2/ecad/tools/tests/test_via_in_its_nets_fill.py	1f18f118731a2acaaa02ad5524ed9f186b31e326	f41ed55f85d96971620a13f1ba9fbf4e079fd8c25267f6e9590838480ac447ba	3614	T tools: generators, checks and their tests	tools: schematic and placement generators, their inputs (board tables, profiles), the checks and their fixtures
v2/ecad/tools/tests/test_via_parallel.py	047c3597cf95d0a52b6326ee84b9b0c7b093a7f8	1d870d80831d87e03c3a2cc067e25ef5fe3fdc45148aa307989d2aa652fc03dd	5319	T tools: generators, checks and their tests	tools: schematic and placement generators, their inputs (board tables, profiles), the checks and their fixtures
v2/ecad/tools/tests/test_widen_net.py	71bfb6ab5adad62edb0e9b6db8d682b1c102f78b	4f8511c2115715871e4464b1f9fbda049a217d49f09f2b97d51ba4d92e735c18	2561	T tools: generators, checks and their tests	tools: schematic and placement generators, their inputs (board tables, profiles), the checks and their fixtures
v2/ecad/tools/thermal.py	8019cad3fc18939578177378fdda1467fbb481f9	5b8aade8ce28be00e29837cdd055cdba7290338ce9b106bdd4cbe3d26edb3bf7	13169	T tools: generators, checks and their tests	tools: schematic and placement generators, their inputs (board tables, profiles), the checks and their fixtures
v2/ecad/tools/thermal_pads.py	4a22a08e3f56df403e35aafa0e065ee8c67f9769	7d8c09271d4a384a5a5b44e895f8a28a93a73b104a1876f491d2214bc336a9fe	2061	T tools: generators, checks and their tests	tools: schematic and placement generators, their inputs (board tables, profiles), the checks and their fixtures
v2/ecad/tools/tile_labels.py	05385bdab8b410dd54d7be3604d45edf2fe66711	6ad6f19fcf2cac9589633e0f8f8fe19f2aef00e9ffe91a83f51163556ecd4321	5799	T tools: generators, checks and their tests	tools: schematic and placement generators, their inputs (board tables, profiles), the checks and their fixtures
v2/ecad/tools/track_current.py	71f26d3b45a6d8d762986b729838d8916c46af6b	fd750e4dc429a7907364346d6de4087f4ca1aeed1a073976eef9f15a62b059a0	12262	T tools: generators, checks and their tests	tools: schematic and placement generators, their inputs (board tables, profiles), the checks and their fixtures
v2/ecad/tools/tx_inhibit.py	8b27f7fa0c5547b1cd8e7dfd59746c639520ef4e	1d01e6d2999f0f7d3c4f6436b9e2b50c276108fcf054571a3133711e32909031	321642	T tools: generators, checks and their tests	tools: schematic and placement generators, their inputs (board tables, profiles), the checks and their fixtures
v2/ecad/tools/unknot.py	de2d0fdc32426d887c7a13475ba5aa7974479baa	140a2371e2dd1059317773fff0b4161b9aa9a1e7dfd02562a0be63c69dcb737a	2157	T tools: generators, checks and their tests	tools: schematic and placement generators, their inputs (board tables, profiles), the checks and their fixtures
v2/ecad/tools/verdict.py	92876a045ab71765f2e928bae5f82b80d204451c	e7d66c930b2c43570c2b2e324d430e294603c20af6e95be99af3ca08119734fe	42697	T tools: generators, checks and their tests	tools: schematic and placement generators, their inputs (board tables, profiles), the checks and their fixtures
v2/ecad/tools/verify_deliverable.py	19dbc9e1fe1662506608bfcefa131a7e752e70b9	a9b9fa6db4f35c7f1f39e72aedb313aa06802f4d4cce33ebe90e8c6191a72189	14004	T tools: generators, checks and their tests	tools: schematic and placement generators, their inputs (board tables, profiles), the checks and their fixtures
v2/ecad/tools/via_audit.py	43694963837e4073f3367e31987a226fb00e56e3	07e650e0efda1dd100db08806bb17b6c8246e52d88ee35d65d7f9d66a34beddb	10022	T tools: generators, checks and their tests	tools: schematic and placement generators, their inputs (board tables, profiles), the checks and their fixtures
v2/ecad/tools/via_current.py	f6a1ba7e014e262cbadbb0ed7614cf2c65784918	92ed84ac1612fd549fa440fb6a62737306e3af9569084e784f62fe9c5597dd3a	22383	T tools: generators, checks and their tests	tools: schematic and placement generators, their inputs (board tables, profiles), the checks and their fixtures
v2/ecad/tools/via_merge.py	a12a70e31fe8723e8df72a748a70dc41e2845dc0	96c6d5ad9077a375fbad2883836ae9f8d34db26bdb16b183f6c2311255441356	9749	T tools: generators, checks and their tests	tools: schematic and placement generators, their inputs (board tables, profiles), the checks and their fixtures
v2/ecad/tools/via_parallel.py	3d9db0c3eaaeced83d0240c91725582db20f09df	759943ee53438796c8c33a7d4886443e8d2105cfa301a04bc63910c01f86d685	25804	T tools: generators, checks and their tests	tools: schematic and placement generators, their inputs (board tables, profiles), the checks and their fixtures
v2/ecad/tools/widen_net.py	bf6c60f9766c92d435da25297b55f3de5ee23c37	3fdb7c460093df7384e95db24a994514492ca7e5fd4ec7f3e22a2b7a16de95ad	10526	T tools: generators, checks and their tests	tools: schematic and placement generators, their inputs (board tables, profiles), the checks and their fixtures
v2/ecad/tools/z_budget.py	fe9a2f47ff940c55e0f472f889887292373e291b	9468924a47799e67f5db5340c2c8d712996be088faaad98d3288ca0ffef2778a	4134	T tools: generators, checks and their tests	tools: schematic and placement generators, their inputs (board tables, profiles), the checks and their fixtures
v2/ecad/tools/zone_pad_via.py	3796ee55f26a11681ae7aefd3f6e1ec1cfd5a2f7	f3958442744426e345572d05f5b114d1efb3450a89c1b61515f76d8bb4e5d85b	6152	T tools: generators, checks and their tests	tools: schematic and placement generators, their inputs (board tables, profiles), the checks and their fixtures
v2/release/handover/_generated/pcb-a-power-a23/NOT_FOR_FAB-pcb-a-power-bom-per-reference.csv	76035b4e5350763ed4b19d23818f6afda3b19475	62f45d80971d0ec553ed52145b35c8d95eaf2bf78ee08760cfb2238435caa65f	47191	L8 layer 8, schematics	exports of the committed schematic of the declared phase (paged PDF, sheet PDF, BOMs, ERC, netlist parity) with provenance.json naming the schematic sha256 and the kicad-cli that made them
v2/release/handover/_generated/pcb-a-power-a23/NOT_FOR_FAB-pcb-a-power-bom.csv	d59dc961fde08ab52639994335e307b85acdd6ef	8415a2957c5ecf603912b05f9f0bf455387305a6cd7a3fa5ee7eb921ba349f56	19271	L8 layer 8, schematics	exports of the committed schematic of the declared phase (paged PDF, sheet PDF, BOMs, ERC, netlist parity) with provenance.json naming the schematic sha256 and the kicad-cli that made them
v2/release/handover/_generated/pcb-a-power-a23/pcb-a-power-erc.json	1e1f306b0bc90b43fa569b18368430e443e61073	aa5582e9dd5e1d876d685e0e74d6f9f244b7496aba5e8ef913c22829b70fa6e2	970013	L8 layer 8, schematics	exports of the committed schematic of the declared phase (paged PDF, sheet PDF, BOMs, ERC, netlist parity) with provenance.json naming the schematic sha256 and the kicad-cli that made them
v2/release/handover/_generated/pcb-a-power-a23/pcb-a-power-erc.rpt	be791e48ec093ac00f8d7d4206d8f146f6261a64	af80897fbf6e995d6cec4a72ce2cf134b24d89536b7cde1db2d0f242d721a22e	226281	L8 layer 8, schematics	exports of the committed schematic of the declared phase (paged PDF, sheet PDF, BOMs, ERC, netlist parity) with provenance.json naming the schematic sha256 and the kicad-cli that made them
v2/release/handover/_generated/pcb-a-power-a23/pcb-a-power-net-parity.json	64ae20885b99a20b83637a0245987c5b02fdca41	583a95d3b34d6d27212a40df5d0741429655f031258d3346033235af1067ad5e	710	L8 layer 8, schematics	exports of the committed schematic of the declared phase (paged PDF, sheet PDF, BOMs, ERC, netlist parity) with provenance.json naming the schematic sha256 and the kicad-cli that made them
v2/release/handover/_generated/pcb-a-power-a23/pcb-a-power-schematic.pdf	7a8870e7605a70d906e93ddea544a71b30b82364	249e703fa9efd0e43e6f7f22b6f9f7d661973d5356cb2d46a851d132f33b3971	2299984	L8 layer 8, schematics	exports of the committed schematic of the declared phase (paged PDF, sheet PDF, BOMs, ERC, netlist parity) with provenance.json naming the schematic sha256 and the kicad-cli that made them
v2/release/handover/_generated/pcb-a-power-a23/provenance.json	f915d64f7972a1478f4286f78cf20d44b633e702	aabc089b8672b36509db89907e37058d04579d4b305e20caa50223397a222bc7	6245	L8 layer 8, schematics	exports of the committed schematic of the declared phase (paged PDF, sheet PDF, BOMs, ERC, netlist parity) with provenance.json naming the schematic sha256 and the kicad-cli that made them
v2/release/handover/_generated/pcb-b-compute-b19/NOT_FOR_FAB-pcb-b-compute-bom-per-reference.csv	fca7c7b74421f4fd45fe3f515966a5f9243bbbda	f6f5f98b19d0998808fb25bc5929109bec564aca55b5e81f0776256236ca3d0f	80207	L8 layer 8, schematics	exports of the committed schematic of the declared phase (paged PDF, sheet PDF, BOMs, ERC, netlist parity) with provenance.json naming the schematic sha256 and the kicad-cli that made them
v2/release/handover/_generated/pcb-b-compute-b19/NOT_FOR_FAB-pcb-b-compute-bom.csv	70fdcc69d1074e5655212a54c5e4a961341774b6	5e5961effab984e2efdcdca438e4249bea74b2fc98e06e66f233613bbaae4776	29817	L8 layer 8, schematics	exports of the committed schematic of the declared phase (paged PDF, sheet PDF, BOMs, ERC, netlist parity) with provenance.json naming the schematic sha256 and the kicad-cli that made them
v2/release/handover/_generated/pcb-b-compute-b19/pcb-b-compute-erc.json	8e46483b3b50c46dea37d098f076d9338662df54	3b89e3de7b3e6c803b82cd2dcb2fe82ed2d125ed2f57156ee0942b7518a79e1c	1528396	L8 layer 8, schematics	exports of the committed schematic of the declared phase (paged PDF, sheet PDF, BOMs, ERC, netlist parity) with provenance.json naming the schematic sha256 and the kicad-cli that made them
v2/release/handover/_generated/pcb-b-compute-b19/pcb-b-compute-erc.rpt	028f8d99057f08ee6da9918651154c694983925b	422c5a8db16f07e70129778e63af97122a984558ba50c13c5cb987bca07db57c	360843	L8 layer 8, schematics	exports of the committed schematic of the declared phase (paged PDF, sheet PDF, BOMs, ERC, netlist parity) with provenance.json naming the schematic sha256 and the kicad-cli that made them
v2/release/handover/_generated/pcb-b-compute-b19/pcb-b-compute-net-parity.json	626a6a6ccfe20387523b066ba9eed9349c876704	fe1bbb17e8eb6c012bd9471fb529792c18862b7ea349f9f4b7c5c46af2795cc7	720	L8 layer 8, schematics	exports of the committed schematic of the declared phase (paged PDF, sheet PDF, BOMs, ERC, netlist parity) with provenance.json naming the schematic sha256 and the kicad-cli that made them
v2/release/handover/_generated/pcb-b-compute-b19/pcb-b-compute-schematic.pdf	feaa3dd1b73c4fd412bf1a483b43b46d83692c33	c9bab2a0d50302d621eb6c760a1437afde7a175222a4cc872d689c7de8fa9574	6292081	L8 layer 8, schematics	exports of the committed schematic of the declared phase (paged PDF, sheet PDF, BOMs, ERC, netlist parity) with provenance.json naming the schematic sha256 and the kicad-cli that made them
v2/release/handover/_generated/pcb-b-compute-b19/provenance.json	49978ae3771d028315d58f9d444e32ecbdaac44f	165299ceb0cb17ff8c1f7de4b788ded5a01482bc5c89fca01702687a9a4f1eed	6355	L8 layer 8, schematics	exports of the committed schematic of the declared phase (paged PDF, sheet PDF, BOMs, ERC, netlist parity) with provenance.json naming the schematic sha256 and the kicad-cli that made them
v2/release/handover/_generated/pcb-c-display-c8/NOT_FOR_FAB-pcb-c-display-bom-per-reference.csv	8c4820855786ea16cdbb9207fa94fce94c260a1b	e9e7e0a8585341d869d53232faeba7f96cadcad10dd099b65fc51fb514ed12df	15129	L8 layer 8, schematics	exports of the committed schematic of the declared phase (paged PDF, sheet PDF, BOMs, ERC, netlist parity) with provenance.json naming the schematic sha256 and the kicad-cli that made them
v2/release/handover/_generated/pcb-c-display-c8/NOT_FOR_FAB-pcb-c-display-bom.csv	3b33c4ee5ee85e213187811a781235c58c0fbc00	279189c1d34e6bf6be451f774c335f771b51911e683cc5a451758bd33914526b	8913	L8 layer 8, schematics	exports of the committed schematic of the declared phase (paged PDF, sheet PDF, BOMs, ERC, netlist parity) with provenance.json naming the schematic sha256 and the kicad-cli that made them
v2/release/handover/_generated/pcb-c-display-c8/pcb-c-display-erc.json	d8e642a695445308b9bba34bea8d172e40d09369	498b88313140d77875f23fb8c24240ea7fe63aa9aa4f547bed59ecfbda276822	210198	L8 layer 8, schematics	exports of the committed schematic of the declared phase (paged PDF, sheet PDF, BOMs, ERC, netlist parity) with provenance.json naming the schematic sha256 and the kicad-cli that made them
v2/release/handover/_generated/pcb-c-display-c8/pcb-c-display-erc.rpt	0d852ba31ff641af42ba5c4723182ad58ce458e3	34ea285c64451d7aee3c059805d2be7dd900991a8f74d838a72e0c940dbf591d	50411	L8 layer 8, schematics	exports of the committed schematic of the declared phase (paged PDF, sheet PDF, BOMs, ERC, netlist parity) with provenance.json naming the schematic sha256 and the kicad-cli that made them
v2/release/handover/_generated/pcb-c-display-c8/pcb-c-display-net-parity.json	33efe073d0c58e448e1a918d00b5ee615b7f039f	5d57ad78574c022a8b5eb25b11d54fd0e0dab6b16e931e8017ca4393b1fa56ca	715	L8 layer 8, schematics	exports of the committed schematic of the declared phase (paged PDF, sheet PDF, BOMs, ERC, netlist parity) with provenance.json naming the schematic sha256 and the kicad-cli that made them
v2/release/handover/_generated/pcb-c-display-c8/pcb-c-display-schematic.pdf	605331c65c0bbfba7b2ec421a272ed19aab828d1	5cb87050fbe1da2967a4ab5adfbe51a67621322fa423504b75e9d456de7b2a07	782795	L8 layer 8, schematics	exports of the committed schematic of the declared phase (paged PDF, sheet PDF, BOMs, ERC, netlist parity) with provenance.json naming the schematic sha256 and the kicad-cli that made them
v2/release/handover/_generated/pcb-c-display-c8/provenance.json	d546a25362def92fc80f637044c1620b34f053f3	2b91b26ae0c90383162c11d358e0bccfa4a36adc940526856c60c988a4bffc6c	6312	L8 layer 8, schematics	exports of the committed schematic of the declared phase (paged PDF, sheet PDF, BOMs, ERC, netlist parity) with provenance.json naming the schematic sha256 and the kicad-cli that made them
v2/release/handover/_generated/pcb-d-aprs-d9/NOT_FOR_FAB-pcb-d-aprs-bom-per-reference.csv	9164d1521b1985e808e51a293993d5bbea4f3e8c	ade9e0150751f7cae6f5e22c57c4a985d804ff438abc9b79022d76fa201cb4eb	17218	L8 layer 8, schematics	exports of the committed schematic of the declared phase (paged PDF, sheet PDF, BOMs, ERC, netlist parity) with provenance.json naming the schematic sha256 and the kicad-cli that made them
v2/release/handover/_generated/pcb-d-aprs-d9/NOT_FOR_FAB-pcb-d-aprs-bom.csv	fc63c1b7775d0cb3a7639435044c8eaf416dbaa7	688d3ee0c1ca55a0e940ccaff1fc438744a1d16e46b5911396ac2c41fc84e192	9857	L8 layer 8, schematics	exports of the committed schematic of the declared phase (paged PDF, sheet PDF, BOMs, ERC, netlist parity) with provenance.json naming the schematic sha256 and the kicad-cli that made them
v2/release/handover/_generated/pcb-d-aprs-d9/pcb-d-aprs-erc.json	8b7d94dfc8d2918d2a05ddf84b6a2ec5988be7cc	c40fc9d7e9f2143a4f39525e18e8635010306ede36d170d17aa8083bff582481	283668	L8 layer 8, schematics	exports of the committed schematic of the declared phase (paged PDF, sheet PDF, BOMs, ERC, netlist parity) with provenance.json naming the schematic sha256 and the kicad-cli that made them
v2/release/handover/_generated/pcb-d-aprs-d9/pcb-d-aprs-erc.rpt	7a8f2f8479af2f0c976f7ccd84d9b4bb3fa22ffa	5cce63940541140685147f5689a25a7722b99bbe04f5cbe3b844b7b01c851075	66898	L8 layer 8, schematics	exports of the committed schematic of the declared phase (paged PDF, sheet PDF, BOMs, ERC, netlist parity) with provenance.json naming the schematic sha256 and the kicad-cli that made them
v2/release/handover/_generated/pcb-d-aprs-d9/pcb-d-aprs-net-parity.json	87ae385d91537212599cce600e875ae7df6343ea	21dfc83b28d4c4a525577f88290e5ca3c2f8b3b4ee6010c4b40d267a401a7988	706	L8 layer 8, schematics	exports of the committed schematic of the declared phase (paged PDF, sheet PDF, BOMs, ERC, netlist parity) with provenance.json naming the schematic sha256 and the kicad-cli that made them
v2/release/handover/_generated/pcb-d-aprs-d9/pcb-d-aprs-schematic.pdf	0ba886ac77f3aa745d0d8b3dd30216bb1ec4d1bf	823148afe7c4141cc7de5f47c83af83fa15c8b8e8fea3c40e05c1ff18f3d2e4e	875148	L8 layer 8, schematics	exports of the committed schematic of the declared phase (paged PDF, sheet PDF, BOMs, ERC, netlist parity) with provenance.json naming the schematic sha256 and the kicad-cli that made them
v2/release/handover/_generated/pcb-d-aprs-d9/provenance.json	29db2137095efcda770c1d3b35199b28573acbf4	18db5d8301fb7f35eadbba3cd933e010676c53ba24310cee6a097b7d58931342	6172	L8 layer 8, schematics	exports of the committed schematic of the declared phase (paged PDF, sheet PDF, BOMs, ERC, netlist parity) with provenance.json naming the schematic sha256 and the kicad-cli that made them
v2/release/handover/_generated/pcb-e1-dock-e7/NOT_FOR_FAB-pcb-e1-dock-bom-per-reference.csv	04438f1c4f1f938524f51fd6458fbe9dd9c5c4ea	8eca4c7a9842b9cf831eb32942efea971914c5f5a21b408fad916b1eaa6d0003	15579	L8 layer 8, schematics	exports of the committed schematic of the declared phase (paged PDF, sheet PDF, BOMs, ERC, netlist parity) with provenance.json naming the schematic sha256 and the kicad-cli that made them
v2/release/handover/_generated/pcb-e1-dock-e7/NOT_FOR_FAB-pcb-e1-dock-bom.csv	d0587cc7ca8a996a0d03a7303e68c2c0a39c04d6	25d494921d2b803021700420a655089d0b85c7d59bb9794b50c729c7e451c32c	11055	L8 layer 8, schematics	exports of the committed schematic of the declared phase (paged PDF, sheet PDF, BOMs, ERC, netlist parity) with provenance.json naming the schematic sha256 and the kicad-cli that made them
v2/release/handover/_generated/pcb-e1-dock-e7/pcb-e1-dock-erc.json	ceea2e84afe7f28a6f9613a4b6c7dab42ead48c8	0c7604e3edd7cb444e09e5c1d21e048a70edd6b17a2173882039343cfd1f7550	232662	L8 layer 8, schematics	exports of the committed schematic of the declared phase (paged PDF, sheet PDF, BOMs, ERC, netlist parity) with provenance.json naming the schematic sha256 and the kicad-cli that made them
v2/release/handover/_generated/pcb-e1-dock-e7/pcb-e1-dock-erc.rpt	9ea4384882751941cd432e89dca7819a62b60655	397a6067d09f2a640f3036a50fc66bfee48e6753dc250bb93b08c283886768cc	54724	L8 layer 8, schematics	exports of the committed schematic of the declared phase (paged PDF, sheet PDF, BOMs, ERC, netlist parity) with provenance.json naming the schematic sha256 and the kicad-cli that made them
v2/release/handover/_generated/pcb-e1-dock-e7/pcb-e1-dock-net-parity.json	314165475f7a6070ea0f71155e6e3d22562857f3	2ced26c5c70ab2e37592acf4f4b0e3b24b227d90acca16492a0c0ea6dc0742fb	708	L8 layer 8, schematics	exports of the committed schematic of the declared phase (paged PDF, sheet PDF, BOMs, ERC, netlist parity) with provenance.json naming the schematic sha256 and the kicad-cli that made them
v2/release/handover/_generated/pcb-e1-dock-e7/pcb-e1-dock-schematic.pdf	0be08a90f4d96f580573de04309696dbb87d6ca3	56297a5b05ea12e7dbb9a51ded8acbb25c54acd23db79b76519735e254b039f9	636718	L8 layer 8, schematics	exports of the committed schematic of the declared phase (paged PDF, sheet PDF, BOMs, ERC, netlist parity) with provenance.json naming the schematic sha256 and the kicad-cli that made them
v2/release/handover/_generated/pcb-e1-dock-e7/provenance.json	d63160a9945a26f65340ae84678f32f6b8ed0321	401e417ef46b96bcf25bb4236e8f6d5a6ec0f2ab271ef9589f681b7c80c49621	6220	L8 layer 8, schematics	exports of the committed schematic of the declared phase (paged PDF, sheet PDF, BOMs, ERC, netlist parity) with provenance.json naming the schematic sha256 and the kicad-cli that made them
v2/release/handover/_generated/pcb-p-pack-p2/NOT_FOR_FAB-pcb-p-pack-bom-per-reference.csv	bb48f214165837e1b2a1bfd771bd52c78344a738	c7aedbb93aaa42de1b5cd3c8eb8e6d592a2077a56b01fe479cda76951478d97c	5779	L8 layer 8, schematics	exports of the committed schematic of the declared phase (paged PDF, sheet PDF, BOMs, ERC, netlist parity) with provenance.json naming the schematic sha256 and the kicad-cli that made them
v2/release/handover/_generated/pcb-p-pack-p2/NOT_FOR_FAB-pcb-p-pack-bom.csv	dd159e1d08efc406e85e90b31fe71255a22f6e16	38f209c9d7ec4d44f991189614f724d521512ac4e438e05418e444ae215b14f4	3791	L8 layer 8, schematics	exports of the committed schematic of the declared phase (paged PDF, sheet PDF, BOMs, ERC, netlist parity) with provenance.json naming the schematic sha256 and the kicad-cli that made them
v2/release/handover/_generated/pcb-p-pack-p2/pcb-p-pack-erc.json	56bb99097682cf2ce7b0076cc56c91d0a50f91f8	b486bf7e29f7dccc111113c262cde8ead23a5e70b708515ad4cc93622dca0434	78929	L8 layer 8, schematics	exports of the committed schematic of the declared phase (paged PDF, sheet PDF, BOMs, ERC, netlist parity) with provenance.json naming the schematic sha256 and the kicad-cli that made them
v2/release/handover/_generated/pcb-p-pack-p2/pcb-p-pack-erc.rpt	6a87ee311898bfe5ec5dc1e44ab661142b8a5107	b4feda806b75c0c5b8171028b1d762aefc7222b093e49f5915c9dcf4f0568213	18778	L8 layer 8, schematics	exports of the committed schematic of the declared phase (paged PDF, sheet PDF, BOMs, ERC, netlist parity) with provenance.json naming the schematic sha256 and the kicad-cli that made them
v2/release/handover/_generated/pcb-p-pack-p2/pcb-p-pack-net-parity.json	b9e8da56422a37e3ac81d1087343108d6e85bae7	d840660cb58d1ec09d108b648ec4297ad400432c3028a7763cf78b28694ae57b	702	L8 layer 8, schematics	exports of the committed schematic of the declared phase (paged PDF, sheet PDF, BOMs, ERC, netlist parity) with provenance.json naming the schematic sha256 and the kicad-cli that made them
v2/release/handover/_generated/pcb-p-pack-p2/pcb-p-pack-schematic.pdf	b58cf73a7cf8e1363db0cacc5b19c7f15cc2d462	0e4e637011d1711ce13993a9acc16b214e912a2efef8ba47d47b618e3404c204	240695	L8 layer 8, schematics	exports of the committed schematic of the declared phase (paged PDF, sheet PDF, BOMs, ERC, netlist parity) with provenance.json naming the schematic sha256 and the kicad-cli that made them
v2/release/handover/_generated/pcb-p-pack-p2/provenance.json	f7cfb3cf3b7511c0427c7b36ef34769385649f45	36ff0f6ab25779039ec53cbd9dceda3c554b1fd813b7434b94396322e2c1f53c	6165	L8 layer 8, schematics	exports of the committed schematic of the declared phase (paged PDF, sheet PDF, BOMs, ERC, netlist parity) with provenance.json naming the schematic sha256 and the kicad-cli that made them
v2/release/revA/case/README.md	ba6cd9a332ee966bd67d62d6b263a26070b21227	5cdf5d10dbbccaddd4e582447f9288f7df3fb525d171fb95e2c75e2c63f0f00a	5042	L7 layer 7, mechanical and enclosure	case and module CAD as released for Rev A (STEP, DXF, dimensioned PDF, marking SVG); generated by the v2/cad scripts
v2/release/revA/case/face-plate/face-plate-drawing.pdf	77b00c3b8354023f4d00becc66d1521502c3f165	44206af0982195c6a6a33d7af9daa2c007ca4ce6bbf3547249ba363409641ef1	49270	L7 layer 7, mechanical and enclosure	case and module CAD as released for Rev A (STEP, DXF, dimensioned PDF, marking SVG); generated by the v2/cad scripts
v2/release/revA/case/face-plate/face-plate-marking.svg	0dd3a3729fc864a6e239fb70a206fc4134ac4b39	2797a7162681d634f7bf79ec2f4a6d999c6db89cf998341f3a6f0e39d226439a	4072	L7 layer 7, mechanical and enclosure	case and module CAD as released for Rev A (STEP, DXF, dimensioned PDF, marking SVG); generated by the v2/cad scripts
v2/release/revA/case/face-plate/face-plate.dxf	9d0998e138d7a1af443a8a62c5033057be6ba42a	df4ded5194cfc9f640479b627acea0d5eae3690ad2fe476b8171101ed8733aef	28552	L7 layer 7, mechanical and enclosure	case and module CAD as released for Rev A (STEP, DXF, dimensioned PDF, marking SVG); generated by the v2/cad scripts
v2/release/revA/case/face-plate/face-plate.step	096cdb36566e788f224d313e3b127e2f310d0513	87dca83f2b0ffc59feb4a613346f3261b554c6faf2c7cb7babeb424b235d1d86	379042	L7 layer 7, mechanical and enclosure	case and module CAD as released for Rev A (STEP, DXF, dimensioned PDF, marking SVG); generated by the v2/cad scripts
v2/release/revA/case/lid-bracket-qmx/lid-bracket-qmx.step	b78dcbc400c2ad653b63bfed485f93f86d39c4f1	12171585f14821776953f410ed2058f8928b12ebddacc916badfae5010810833	248403	L7 layer 7, mechanical and enclosure	case and module CAD as released for Rev A (STEP, DXF, dimensioned PDF, marking SVG); generated by the v2/cad scripts
v2/release/revA/case/pack-4s/pack-4s-box.step	0bce7df774dd740caad2f995299deac1c6c85de0	045fa2df68511abf6e28d2e0cea87dc241d7252020a2ed8ceec8a2e3c7cdcb21	197937	L7 layer 7, mechanical and enclosure	case and module CAD as released for Rev A (STEP, DXF, dimensioned PDF, marking SVG); generated by the v2/cad scripts
v2/release/revA/case/pack-4s/pack-4s-lid.step	f5ab17d63d843a854057968ec25318ae201ab046	f7adcddc5c5d1726c9c5acc697c276f8cabba1ab28631087728862544e51bcb1	105819	L7 layer 7, mechanical and enclosure	case and module CAD as released for Rev A (STEP, DXF, dimensioned PDF, marking SVG); generated by the v2/cad scripts
v2/release/revA/case/wall-receptacles-1to1.pdf	be926a8289ee12ca56e2a571be9a3e67693e5c15	4b27b80f470a762edb6f235c41c4abfbb9cd72f9037da47d2d2f9faefd7a8d8a	14325	L7 layer 7, mechanical and enclosure	case and module CAD as released for Rev A (STEP, DXF, dimensioned PDF, marking SVG); generated by the v2/cad scripts
v2/release/revA/module/battery-module-base.step	32f8dc031b00ae2ce60e28a7a9418ebf7c570efc	d925ab629695df5770bd68e10e47198cdc5f1d18dc37d817e6586d9428accbfd	600366	L7 layer 7, mechanical and enclosure	case and module CAD as released for Rev A (STEP, DXF, dimensioned PDF, marking SVG); generated by the v2/cad scripts
v2/release/revA/module/battery-module-cradle.step	8a905080039aac667b1ae40ef1d76dce3273b233	569c4b6eb9540a3ae2af8776f83cbcba99fbcf3e98951ee4b5216bd054bd0dae	100987	L7 layer 7, mechanical and enclosure	case and module CAD as released for Rev A (STEP, DXF, dimensioned PDF, marking SVG); generated by the v2/cad scripts
v2/release/revA/module/battery-module-lid.step	33cc8ca9f20a7047a95611654488774edc2e7e41	2df71d04b1f147d4712aeb9e08bb2755359359e8f87699a980604be18e888d22	145808	L7 layer 7, mechanical and enclosure	case and module CAD as released for Rev A (STEP, DXF, dimensioned PDF, marking SVG); generated by the v2/cad scripts
v2/release/revA/module/float-nest-smp-max.step	7ac4924433dbf3be9501597db1ffd1d550c43463	21a847c592bc0a23482e072988769d8ba8177310556e6bba3c985163312c9abe	138699	L7 layer 7, mechanical and enclosure	case and module CAD as released for Rev A (STEP, DXF, dimensioned PDF, marking SVG); generated by the v2/cad scripts
v2/release/revA/order/JLC-CERTIFIED.tsv	725dda29438932d08a91c34a43ccae0c78c2c485	8200c1c6e7c2131ab213dcc8f871b8cb3f9977e9d35bcd0541da1b6617393fbf	186654	L6 layer 6, components	dated JLCPCB catalogue readings per order code (jlc_certify.py); a catalogue reading, not evidence of grade or land (SOURCES.yaml header)
v2/release/revA/order/jlc-rotations.csv	6b3755c1273b2b3ac63014599226cee08bd7bea8	cfa3b889641e4066273df8afb7150527bfb5404a680ac4a420bedae8fde8b701	1039	L6 layer 6, components	JLCPCB placement rotation offsets per land (assembly data read by make_handoff.py; a fabrication-stage input)
v2/release/review-packets/README.md	9936f2b8300b2fe5611d0be556d4c20c076a5ca1	d32071ceac4be3e787248ccec9491a8b2509e35e063bc34f8947a697df46547a	16719	EV verification results, reviews and records, with the pages that classify them	which review packet is current for which board, and the hand-read change attribution of each
v2/release/review-packets/attribution/c-1f614233.yaml	319064c31f8dbdce824500d693474fc3e0ce32f8	52570da3a6d22defb72a5f0494877adf847b46777242c7630654ab8696043d2c	5534	EV verification results, reviews and records, with the pages that classify them	which review packet is current for which board, and the hand-read change attribution of each
v2/release/review-packets/attribution/d-1f614233.yaml	34ea168f83f3b9d4750413c4ea3ae8da0c1b22ff	2a85b4fe4c1614b1e920c9568652fa313adef312295b2b4b171f55eff8392533	4942	EV verification results, reviews and records, with the pages that classify them	which review packet is current for which board, and the hand-read change attribution of each
v2/release/review-packets/attribution/e-1f614233.yaml	603db4e16fda38c88cd3588c5784f5c93d94083e	3198b8024b4ab84fd1059ed6632e9c4965c3d961007e058baaf859607a2f5bc7	4912	EV verification results, reviews and records, with the pages that classify them	which review packet is current for which board, and the hand-read change attribution of each
v2/release/review-packets/attribution/p-1f614233.yaml	37ed82c55267412b0a6f7660092797c46cbaa894	91e14f52288281a29ccf0c2eb0ae8d99a5b3f769672c9ff5009974757ae37c44	7544	EV verification results, reviews and records, with the pages that classify them	which review packet is current for which board, and the hand-read change attribution of each
v2/vendor/DOWNLOADS-2026-09-10.md	2b65203ea1db167d71488d0b74458c133f42e946	b77173f7ea31917da9d6449d996ceb5ec81037917f65075724aa13e2e028ef26	8722	L6 layer 6, components	vendor index (SOURCES.yaml, PARTS.md, sources.txt), per-folder notes and text extractions of maker documents
v2/vendor/PARTS.md	db57b8a9b6efd180762ff9e2fe04894426abc73a	f0b36d00a90dcd21bfa95faa152bc4981c2c2b537f46e103412ffd649703c7f7	33362	L6 layer 6, components	vendor index (SOURCES.yaml, PARTS.md, sources.txt), per-folder notes and text extractions of maker documents
v2/vendor/README.md	3dd4ab506df6229575f2185fd8abddd76bda005b	4dcfb632bf90b352bda0c4b3139a2a3c83562394496bcefd1c1064fa7f3267e1	22784	L6 layer 6, components	vendor index (SOURCES.yaml, PARTS.md, sources.txt), per-folder notes and text extractions of maker documents
v2/vendor/SOURCES.yaml	1b953d14b2c277ebf8cf8d69c4b7a1e85bd63b9d	4df980aa61e9585f9f401bad453943dbdce092d2bd57ab501ef7e1f1f4e684bb	308431	L6 layer 6, components	vendor index (SOURCES.yaml, PARTS.md, sources.txt), per-folder notes and text extractions of maker documents
v2/vendor/aioc/LICENSE.md	af77e2e55feeb27c5c86cf97cb8a86771f402b6c	7cd70121c8ae1066e4b900477634d7bfea74eca255f82651a7e7564f56397bb9	1071	L6 layer 6, components	vendor index (SOURCES.yaml, PARTS.md, sources.txt), per-folder notes and text extractions of maker documents
v2/vendor/audio/README.md	9e905aa6f2cda01c0cb73d6cb313aee46346eab0	0295110fc368971b44306f0ab75ba90cffc0f002f0b796e3c03e815c8aecb55a	2136	L6 layer 6, components	vendor index (SOURCES.yaml, PARTS.md, sources.txt), per-folder notes and text extractions of maker documents
v2/vendor/audio/waveshare-wm8960-audio-hat-wiki.md	5e2bfcd5e0a36e566669eb838cfae7b510c27bd1	2b5d79bcc14ccf2256d9272af6d769a226974d2f56b5e5a923061c01cbbab885	27187	L6 layer 6, components	vendor index (SOURCES.yaml, PARTS.md, sources.txt), per-folder notes and text extractions of maker documents
v2/vendor/battery/amass-xt60-spec-tme.pdf	15f6d541ac9b792fc9eaba024e663c66589c6fee	c2cbb5962c1f37da89e76e505c75184dd07e84eec3a6fe5f24569dafc6f6b9e9	373677	L9 layer 9, pre-layout design analysis	a maker document pcb_energy_chain.yaml cites as the basis of a rating; bundled so energy_chain.py can check its citations from the snapshot
v2/vendor/battery/littelfuse-287-atof.pdf	e36a2540df71902f45c858e2815e5404d91cd8ff	c02ee0e20cdd5fb0f213cee2bad742b7c6a6f63fb50eb70e89574b48c467015e	417577	L9 layer 9, pre-layout design analysis	a maker document pcb_energy_chain.yaml cites as the basis of a rating; bundled so energy_chain.py can check its citations from the snapshot
v2/vendor/battery/samsung-35e-orbtronic.pdf	20235507b1e402b4af2d062f8e30472ff22bdaa7	5ec577b952b9dc5106593a4e4c3a6e8cea64f6f72b8faaf1bb512155c29dc516	334031	L9 layer 9, pre-layout design analysis	a maker document pcb_energy_chain.yaml cites as the basis of a rating; bundled so energy_chain.py can check its citations from the snapshot
v2/vendor/battery/ti-bq4050.pdf	ef912e2d60b40ba965f9445da1dde11a62a529b3	2664e33fe6d6ebed3a0f58153d8ba8ce66cb84f07741f6708ae11a224f443f5e	2083705	L9 layer 9, pre-layout design analysis	a maker document pcb_energy_chain.yaml cites as the basis of a rating; bundled so energy_chain.py can check its citations from the snapshot
v2/vendor/battery/ti-csd17570q5b.pdf	77fb2a363f665e8970b541f208b127e29b6eed53	596555c33dce1fcac6de3b6ecc3eeb443f202382b3e2091fd6e1c27d129f2436	762119	L9 layer 9, pre-layout design analysis	a maker document pcb_energy_chain.yaml cites as the basis of a rating; bundled so energy_chain.py can check its citations from the snapshot
v2/vendor/cluster/README.md	8602610094bc528b0aef33a856af2cb7fae11cd2	00aeeb729d76f970055e5d8d1d64c69a98a8715ccf1d842e0bd131805bd4db1a	2171	L6 layer 6, components	vendor index (SOURCES.yaml, PARTS.md, sources.txt), per-folder notes and text extractions of maker documents
v2/vendor/cluster/k3s-requirements.md	45e3cbcd4f78191499990e7e188691e3b554a8f2	2aa2cf6ce0e7d93f6e3ce02e32e18c72860b13c758ed7d7dc8f96d4952c054bd	12418	L6 layer 6, components	vendor index (SOURCES.yaml, PARTS.md, sources.txt), per-folder notes and text extractions of maker documents
v2/vendor/cluster/super4c.md	040fe17c9fe8927206192df9693eda7f98fc0dea	fa9f89872a1096f795f41ed96ad75144471f1a7b2c03bbe6a40d7245efd7822d	38183	L6 layer 6, components	vendor index (SOURCES.yaml, PARTS.md, sources.txt), per-folder notes and text extractions of maker documents
v2/vendor/cm5/README.md	971d6f3dfd762d3f7863a89429c06fc0d2a1413c	02ac9cb5f6325506b7f6d05cc1bb740e8fc89f8d06a2420a5e81c3f05c67a8ca	3579	L6 layer 6, components	vendor index (SOURCES.yaml, PARTS.md, sources.txt), per-folder notes and text extractions of maker documents
v2/vendor/cm5/cm5-datasheet.pdf	f4dc739d59493a61d7988a1baf5447af424f6e24	80070fefd8db6e8abc6e146c8b7b5fb318ba129cc1e28826936d547fde79c863	7705648	L3 layer 3, requirements (with the rule and decision registries)	a maker document pcb_requirements.yaml cites as a requirement's source; bundled so rules_lib.py requirements validates from the snapshot
v2/vendor/cm5/doc-cm-bootloader.adoc	7f502d626fbfe6d81e1a4b130b778dc790fb253a	9c0c41fd057db41a61ab4ed297de4e0bb207b7ab44b269355cbc7e6340da400a	3482	L6 layer 6, components	vendor index (SOURCES.yaml, PARTS.md, sources.txt), per-folder notes and text extractions of maker documents
v2/vendor/cm5/doc-cm-emmc-flashing.adoc	2ba941b3026cdce746e1e7a47b551cd2afedcddb	f89a23d0ebc530bfa14dda233c496f4e7feadfe3cf31d699ecd37ae6e7f3ca2a	7254	L6 layer 6, components	vendor index (SOURCES.yaml, PARTS.md, sources.txt), per-folder notes and text extractions of maker documents
v2/vendor/cm5/doc-cm-peri-sw-guide.adoc	80651814ab7a592e33f8d23f1cd510457d7a1727	5fd9174672a798bdfee45a85dcf7337ddddadb3324e523270ea22362617655fa	13906	L6 layer 6, components	vendor index (SOURCES.yaml, PARTS.md, sources.txt), per-folder notes and text extractions of maker documents
v2/vendor/cm5/doc-cmio-camera.adoc	f65fb187f425e43a6750241998fd640cb4ec9380	0ce8113012bfffbc7afe888007d58a0f4dab7a5ff2011acfc7d17100e239a385	8355	L6 layer 6, components	vendor index (SOURCES.yaml, PARTS.md, sources.txt), per-folder notes and text extractions of maker documents
v2/vendor/cm5/doc-cmio-display.adoc	afd5474a6658d1b0d1ae6a53cc80792f1e23eebb	36cb95715d66cf2bed2aafa1fc2b88cb4dfc392ea90ac4d486f7d4fac57b19e0	270	L6 layer 6, components	vendor index (SOURCES.yaml, PARTS.md, sources.txt), per-folder notes and text extractions of maker documents
v2/vendor/cm5/doc-datasheet.adoc	fc800f81c036756f30fe995c681570445266a507	fd487995fa8f5bcd28758ee61809211ab949f2ba666fbe53e5d620624416c211	4116	L6 layer 6, components	vendor index (SOURCES.yaml, PARTS.md, sources.txt), per-folder notes and text extractions of maker documents
v2/vendor/cm5/doc-introduction.adoc	8fa9a0c5f8d716fbb2ac42be25d1b9dd83994624	4bc971f5cb90d34ee7620d96e2071c428f16ec21cfe8d4dfa44f1bf787bb3f39	24804	L6 layer 6, components	vendor index (SOURCES.yaml, PARTS.md, sources.txt), per-folder notes and text extractions of maker documents
v2/vendor/cm5/doc-rtc.adoc	de7b9f056bf2df582f5ba9268ae9774fc852978f	821fcbf7551eb9a78b86d2312bccc5cbbf56e5cc1b555130be6a9b128b651b2b	3170	L6 layer 6, components	vendor index (SOURCES.yaml, PARTS.md, sources.txt), per-folder notes and text extractions of maker documents
v2/vendor/cm5/doc-td2-about.adoc	16108ab9de76343a1a454e8ca40ca2de4d1be419	a8cd631cea63b8ee63df13fbcef38870f2dd64e341f8b026e09c6adee9eb3d6c	27450	L6 layer 6, components	vendor index (SOURCES.yaml, PARTS.md, sources.txt), per-folder notes and text extractions of maker documents
v2/vendor/cm5/doc-touch-display-2.adoc	982c35d56a8a5a09216abb9426420d13bf0c66f1	202a7eb7520e098ee879bac11cc02264bc1444c7f1e6928105b4be4f7113e8b4	38	L6 layer 6, components	vendor index (SOURCES.yaml, PARTS.md, sources.txt), per-folder notes and text extractions of maker documents
v2/vendor/cm5/rpi-firmware-overlays-README.txt	64aab639e4984749bdba8809966aa7d63b7132b3	48a13f1f5fa1de9f60d81447ca9166e1b355fd7449ccb6bb5d5e3bb94794f595	304661	L6 layer 6, components	vendor index (SOURCES.yaml, PARTS.md, sources.txt), per-folder notes and text extractions of maker documents
v2/vendor/diodes/diodes-ap64500.pdf	839cbbd88fdef7216d3420a36bcf5b41b2cdd3b5	d3bcdc7dd4ca44cb36ef893d3dbfabbd1742dfc736557777868f6ead5d0a98e8	1278269	L9 layer 9, pre-layout design analysis	a maker document pcb_energy_chain.yaml cites as the basis of a rating; bundled so energy_chain.py can check its citations from the snapshot
v2/vendor/duplicates-allowed.txt	1cf71313a4502dd486f6cd83edaef646f2efa9be	df9ccd4175a2974023fe4907c0ec352c26361ecec75e4764caee13adce5c3cf8	590	L6 layer 6, components	vendor index (SOURCES.yaml, PARTS.md, sources.txt), per-folder notes and text extractions of maker documents
v2/vendor/fabricator/jlcpcb-impedance-stackups-2026-09-16.md	bb8f931e790af4d221413e122e3e6f5c5cec70ff	8183aed38e1873034011a6b1ec50985608edcf37d6466c3b996961fe2f85d8cf	2475	L6 layer 6, components	vendor index (SOURCES.yaml, PARTS.md, sources.txt), per-folder notes and text extractions of maker documents
v2/vendor/fabricator/jlcpcb-pcb-capabilities-2026-09-16.md	9ac0afb80353dadf8cc54595bae4f994f95054a6	123b9bf63df2c8030ca17060793f353e5c6345e9da67016815e2fb7c4e0c2bdd	5807	L6 layer 6, components	vendor index (SOURCES.yaml, PARTS.md, sources.txt), per-folder notes and text extractions of maker documents
v2/vendor/fabricator/jlcpcb-stackups-2026-09-25.md	895f4a977d8dae67328cde2b7c13c4b70c3d62bd	5fa7c9abfcc519da58d9450b246871199fd1960dad76efb6a89bf7c39f03ded3	8253	L6 layer 6, components	vendor index (SOURCES.yaml, PARTS.md, sources.txt), per-folder notes and text extractions of maker documents
v2/vendor/family-matches.txt	27511c7cd9dc823d20b127fa6c76438063227b10	982dd2d5f3244d22da426a0e2a29aeaeda9cc1bbe5c4d7bade18e6ec2d48be33	2835	L6 layer 6, components	vendor index (SOURCES.yaml, PARTS.md, sources.txt), per-folder notes and text extractions of maker documents
v2/vendor/gnss/README.md	ec4b4072fc9b036f7ecd43a7585b46a6f2b6ae7c	7aa9666ff122558b3c3632c079897c2b37115fe0c642a7ea7b57d836f711373e	1827	L6 layer 6, components	vendor index (SOURCES.yaml, PARTS.md, sources.txt), per-folder notes and text extractions of maker documents
v2/vendor/limesdr/limesdr-mini-2v4.geom.txt	9436d76a3137047d3547caf269aabdfd8e257178	ec025ba8d8d6ed060d54c244ff79a5590128f41e52f2723f78d069b7fdf051dd	11175	L6 layer 6, components	vendor index (SOURCES.yaml, PARTS.md, sources.txt), per-folder notes and text extractions of maker documents
v2/vendor/lora/README.md	59dddb1c3056493299953259f0d9439a78c5e186	8a5e10ad1a10faf75c192411aacfdb61673ca3fed407933f4a3ba4ae103857d5	2764	L6 layer 6, components	vendor index (SOURCES.yaml, PARTS.md, sources.txt), per-folder notes and text extractions of maker documents
v2/vendor/lora/lora-MeshAdv-900M30S.yaml	c90391cb05e0cc89a0dfb45463e149971f6f7668	9e77846cde332365773d86cd743817457d64ac3b336ffcbff62156236fcf804f	367	L6 layer 6, components	vendor index (SOURCES.yaml, PARTS.md, sources.txt), per-folder notes and text extractions of maker documents
v2/vendor/lora/lora-MeshAdv-Mini-900M22S.yaml	d878bce1b3b2d01f90d4ce904c706b1d8a805e3a	e1440db7391d7ae45b5558eb63fb9085982e5f723751f5e865d3e698c81358e7	319	L6 layer 6, components	vendor index (SOURCES.yaml, PARTS.md, sources.txt), per-folder notes and text extractions of maker documents
v2/vendor/lora/meshtastic-linux-hardware.md	2ab992627034a7c7a92f4beea0cfdc021fcea7a5	b909fa70d75e6fb28a067ed7d9b750fddb4ffa1e8f173729cc7f7eb0eef768d2	2011	L6 layer 6, components	vendor index (SOURCES.yaml, PARTS.md, sources.txt), per-folder notes and text extractions of maker documents
v2/vendor/lora/meshtastic-linux-native-devices-wayback-2024-09-06.md	9f5d2123019a68a775fe76bda5808fdb8dc921c6	ba479d0755c80df3c0afe1ae53adfbf6272469077c1279364725842ad98d7b43	8647	L6 layer 6, components	vendor index (SOURCES.yaml, PARTS.md, sources.txt), per-folder notes and text extractions of maker documents
v2/vendor/lora/meshtastic-raspberry-pi-linux.md	6fc56e995dd25126506e97a0c8584650d6b9b166	cd49b4b0d56cfea23e90a42e11a8a51794d3fa260e410f33d6875de631d35ec9	2656	L6 layer 6, components	vendor index (SOURCES.yaml, PARTS.md, sources.txt), per-folder notes and text extractions of maker documents
v2/vendor/lte/README.md	6272a703c1658c31b5c3a93f88b30e090f5bc090	e307761220c919f9b6fbfc66fd4c9ef9b27ff2b88e004739dd59c2369484fcd9	3206	L6 layer 6, components	vendor index (SOURCES.yaml, PARTS.md, sources.txt), per-folder notes and text extractions of maker documents
v2/vendor/m2/amphenol-mdt420m02001-m2-m-key.ocr.txt	262dda64992f025c6a695ff284e16443cdaf54d9	8f3d6bbdfe8c4dd6521b40be11557c8fa0c1e6944fef2b77e1b61ec2a6383bdf	3760	L6 layer 6, components	vendor index (SOURCES.yaml, PARTS.md, sources.txt), per-folder notes and text extractions of maker documents
v2/vendor/m2/te-2199230-m2-e-key.ocr.txt	73b53454ef37622de5b5fd23734398aa4d778b8d	5e16edae211b6c7271dec5947fa08e84ec606980a773c0fb0978a9585c8f06e8	8379	L6 layer 6, components	vendor index (SOURCES.yaml, PARTS.md, sources.txt), per-folder notes and text extractions of maker documents
v2/vendor/microchip/microchip-atecc608b-datasheet.pdf	de2ca4e2683d447fe9181cc22e39fcbdf77b8814	519e2edac0deefe1755a98e30b8ce2a5a2ff9b9c39acda333bb625b87bdac3ff	927627	L3 layer 3, requirements (with the rule and decision registries)	a maker document pcb_requirements.yaml cites as a requirement's source; bundled so rules_lib.py requirements validates from the snapshot
v2/vendor/nicerf/nicerf-sa868-datasheet-v1.3.pdf	2932d6f40b9db08bab6e59f4e1f311dc24d9a3e4	938ef5ef5007df6bb8a3f2d2eb6878e3eac269e1f327c9a9164406b0f5152be1	898340	L3 layer 3, requirements (with the rule and decision registries)	a maker document pcb_requirements.yaml cites as a requirement's source; bundled so rules_lib.py requirements validates from the snapshot
v2/vendor/not-used.txt	7aed9edd4f178dd86f3d4c931c6845c6c354276f	343d6cecf9a98c6f549ced402329b5063729b94f3d0498b6159dde44c51c9bf6	536	L6 layer 6, components	vendor index (SOURCES.yaml, PARTS.md, sources.txt), per-folder notes and text extractions of maker documents
v2/vendor/open-picks.txt	216ce81649a63aed497ce4bca49dda6631e8f5f8	50fc4045f66137fcf4de58afef0d8297d126e4ea09cecc41c1e17b86fb89a27e	4514	L6 layer 6, components	vendor index (SOURCES.yaml, PARTS.md, sources.txt), per-folder notes and text extractions of maker documents
v2/vendor/openthread/ot-cc13x2-cc26x2-README.md	44cb7184b445a797f4fdf07bb6ec23cc8fcc5cae	9fb33fee45215ec8b537e1ebe8b9e0ed90c8a9f4ca1983e09334ff77ada3ae97	2924	L6 layer 6, components	vendor index (SOURCES.yaml, PARTS.md, sources.txt), per-folder notes and text extractions of maker documents
v2/vendor/peli/1400/1400-PF.geom.txt	81e04087e23bde0dd630c5bf9a99da5379c44c82	669e1e0ed1216f51bd390827a9304d4cba2f6e61e0bd25362275c2ff50506e9c	1866	L7 layer 7, mechanical and enclosure	case geometry read from Peli's CAD (text extractions and the scripts that read them)
v2/vendor/peli/1400/1400-panel-frame.geom.txt	0e9718b381b328fb588d0989403b329445752e84	a9420954cf4df9b95e2913c7266286c7c9f9980c7b76a6886a14960a9c0c74f6	1938	L7 layer 7, mechanical and enclosure	case geometry read from Peli's CAD (text extractions and the scripts that read them)
v2/vendor/peli/1400/1402-931 Bottom PID 7-24-2025.geom.txt	e5760b763b17b4d24d6304eb1378c5d5f0d55fc8	1a6c2b5c62fbf1e9ac504d8a1a6234307a53f0230a795a7e5dd25b24a5bfcf8d	1656	L7 layer 7, mechanical and enclosure	case geometry read from Peli's CAD (text extractions and the scripts that read them)
v2/vendor/peli/1400/1402-931 PID 7-24-2025.geom.txt	1bf4bb755b909ed9fa101d015aad3d29616ae893	bda8dc1fc9edf9fdbd5897cda434f9c66729fecb34eeb9ae9ea39742faf93a3d	2354	L7 layer 7, mechanical and enclosure	case geometry read from Peli's CAD (text extractions and the scripts that read them)
v2/vendor/peli/1400/1402-931 Top PID 7-24-2025.geom.txt	3e85683f9a8a050c496c741e73c30310aec7a59c	01b67efeee3e103c890f9123705eef11de5b8fe78d9d293c8d4ac9ff95ddae83	1624	L7 layer 7, mechanical and enclosure	case geometry read from Peli's CAD (text extractions and the scripts that read them)
v2/vendor/peli/1400/1403-314-000.geom.txt	841985f952389db390032064cea5a75d7a07fda7	32a25bfe4d9ec1bf9b25f8d2d139433ba32944fdcd0adf8cbe975e1918283744	1644	L7 layer 7, mechanical and enclosure	case geometry read from Peli's CAD (text extractions and the scripts that read them)
v2/vendor/peli/1430/1431-932-bottom.geom.txt	aa34c4403f6c3fb18f5bec7682231fc113c63c46	bff6b8b8cb3a97c0775db31b546d2ce81b6af4e084764047ccd0cd20e33769b8	1571	L7 layer 7, mechanical and enclosure	case geometry read from Peli's CAD (text extractions and the scripts that read them)
v2/vendor/peli/1430/1431-932-top.geom.txt	4fb14e522e2376622b666e5564fac013f8d38eec	569b9c60e995ed14438a8648de9c2aa540f8b88fbe0a409de9b037da2a66d10c	2163	L7 layer 7, mechanical and enclosure	case geometry read from Peli's CAD (text extractions and the scripts that read them)
v2/vendor/peli/1450/1450-panel-frame.faces.txt	83a0eed533a2996a7b850d5d609644378f836263	1cc7bf5d6218aa4ab7c3bb21c26f3b276c9ee513de3d654476ff8e6924332b92	28820	L7 layer 7, mechanical and enclosure	case geometry read from Peli's CAD (text extractions and the scripts that read them)
v2/vendor/peli/1450/1450-panel-frame.geom.txt	6e4fe3fd8ee0a43ed44d12f60efd607ffa023244	6156666c70a4b018d3b47a3af55888420964b519995e2170be9ce27cb5986176	1987	L7 layer 7, mechanical and enclosure	case geometry read from Peli's CAD (text extractions and the scripts that read them)
v2/vendor/peli/1450/1451-931-bottom.faces.txt	94a5d1590f3a482188d3ed56abe4c20fef7c4bc0	0ef2cc7890984dd31c37ea5fd6553d9ee893c5ee5f0e40fd46fc3ce8b7d1d1a6	12498	L7 layer 7, mechanical and enclosure	case geometry read from Peli's CAD (text extractions and the scripts that read them)
v2/vendor/peli/1450/1451-931-bottom.geom.txt	83403fda40509cf98918a6f5a9e832ed0bee00f1	c25c37d0bff2252643f13d0427078018089207d50d64e071ee1e0bd93781a300	1571	L7 layer 7, mechanical and enclosure	case geometry read from Peli's CAD (text extractions and the scripts that read them)
v2/vendor/peli/1450/1451-931-customer-drawing.geom.txt	a9bbdbf5666ab7be94fb64944a96c2d7cdeb773c	33ccb90a9ccaf7b4245da8ea3c76525b2dc9a6ef50e4a6880db17fd61a593498	2586	L7 layer 7, mechanical and enclosure	case geometry read from Peli's CAD (text extractions and the scripts that read them)
v2/vendor/peli/1450/1451-931-top.faces.txt	c1db11d154d98fb08b9e7c711982d43f82544a66	35ccf482a757a72d091efda6dc6be1a2c247ac9dd2fd2753d3cd862d53c4e973	5489	L7 layer 7, mechanical and enclosure	case geometry read from Peli's CAD (text extractions and the scripts that read them)
v2/vendor/peli/1450/1451-931-top.geom.txt	089ac704d32f3107a67af030b1484ce56a449982	7a0e622e01d7b025042dc4b5ab9922bc17fca08cac775f79af1cd7b38c361f92	1554	L7 layer 7, mechanical and enclosure	case geometry read from Peli's CAD (text extractions and the scripts that read them)
v2/vendor/peli/1500/1500-panel-frame.geom.txt	fe68fd865c6ab96128803f62d05d27f96a290910	6af7d1efdb71a479b72518df0a5e7f51d117acb7d091ec7d44534c2f4e22689e	1631	L7 layer 7, mechanical and enclosure	case geometry read from Peli's CAD (text extractions and the scripts that read them)
v2/vendor/peli/1500/1501-931-bottom.geom.txt	896ce5368c50b3077000303836009501ed9b0480	9dcdb406a2206ca7b9b6bd57f6df6cf6f499b0fc579aa1a87b9061ce268b6f70	1848	L7 layer 7, mechanical and enclosure	case geometry read from Peli's CAD (text extractions and the scripts that read them)
v2/vendor/peli/1500/1501-931-top.geom.txt	60111cc3aac28017a1edae4b758b0bea3bfc6061	b94dbb3c61bd4ae66069260095ba35c2f3efdae98819d7aa6741031b9b1d7920	2399	L7 layer 7, mechanical and enclosure	case geometry read from Peli's CAD (text extractions and the scripts that read them)
v2/vendor/peli/1520/1521-931 Bottom PID 7-24-2025.geom.txt	5d194037bfa8b03c1f3e0020ea03c80ec6176abf	1ee802bbc433f1ba22eed88dae2da30a6eae2a88ac46975e70282ea84947d145	2137	L7 layer 7, mechanical and enclosure	case geometry read from Peli's CAD (text extractions and the scripts that read them)
v2/vendor/peli/1520/1521-931 PID 7-24-2025.geom.txt	d84b0271bd0cc114772bcf0bfd91354b91b50b79	76513a0aa1f5f9bdb1e1e1491f69283e848346e0855f4586eadba0e74ac48df1	2585	L7 layer 7, mechanical and enclosure	case geometry read from Peli's CAD (text extractions and the scripts that read them)
v2/vendor/peli/1520/1521-931 Top PID 7-24-2025.geom.txt	31112aeb59895cfb8ab4a64e4d65939587741e18	272738f2f8c8727b0c73704adec13ded5a87b2c9b5dba397542f61eb9fd371bc	1783	L7 layer 7, mechanical and enclosure	case geometry read from Peli's CAD (text extractions and the scripts that read them)
v2/vendor/peli/1520/1523-PF-panel-frame.geom.txt	924fb97c9bc136b475dd59e19f2aa443d80a3028	d3d523008484aefe0ce509dae9f7453bcb4045889fe0a6ffbe6ed9aa7505dd2c	1650	L7 layer 7, mechanical and enclosure	case geometry read from Peli's CAD (text extractions and the scripts that read them)
v2/vendor/peli/1520/1523-PF.geom.txt	8feaee384c130944cc810e222a9d4b270eef8b9d	586f6736afffbccfa46dba0d1eec7e4e69eb36d7ef77fe7d077fd2d7b25971ce	1578	L7 layer 7, mechanical and enclosure	case geometry read from Peli's CAD (text extractions and the scripts that read them)
v2/vendor/peli/1520/probe-1520.txt	2505069f8eccb2d210a22b668cfa73c4f0448537	8fbd6850ca5ea49b5864047ac634b93b5ba27e105b889729f4e337daf600cc9c	3506	L7 layer 7, mechanical and enclosure	case geometry read from Peli's CAD (text extractions and the scripts that read them)
v2/vendor/peli/1550/1550-panel-frame.geom.txt	b9b45fe1176d7bf9eb56374cfdcb83949fae7ad3	7c37d31bab07e50919e27f1ef60df502409f40e283bcb1b89e1364cd6826a48b	1632	L7 layer 7, mechanical and enclosure	case geometry read from Peli's CAD (text extractions and the scripts that read them)
v2/vendor/peli/case_margins.py	43e4da83ec3293fdcc224d1f424fc75872444bb9	3391fe828e17870c028bfa06ea34295563f5c4cd336d5b9473a5a88150a60e5f	19656	L7 layer 7, mechanical and enclosure	case geometry read from Peli's CAD (text extractions and the scripts that read them)
v2/vendor/peli/dxf_read.py	7996245486d9e7fd75b54d4631a2404a37fa4f19	4c05bf71f57bb95bfece6db3eb77071120ab365c7f8e308bfb4a3dfeb69e1a4c	7410	L7 layer 7, mechanical and enclosure	case geometry read from Peli's CAD (text extractions and the scripts that read them)
v2/vendor/peli/frame_seat.py	ba4f415378b0937ee7a17e230c95375a2324f99c	93049a16bf89ed306b5dd8afbe356098838140e8d6a268fbe050d51ffc037615	84089	L7 layer 7, mechanical and enclosure	case geometry read from Peli's CAD (text extractions and the scripts that read them)
v2/vendor/peli/proj.py	d830f79722cd8db580968ad89e92950f171ef15f	f4f42b5ddcabebf989faede108d2e31f77ac9a8f9ce6b52836b29fa68b1e395c	818	L7 layer 7, mechanical and enclosure	case geometry read from Peli's CAD (text extractions and the scripts that read them)
v2/vendor/peli/sect.py	f825ab6b4ccd63c02a67df1ecfaccdd4048067a5	552f6792cd0be6ae23fa677f720189304fc0d5ad2629172c99447de80e0b5266	1330	L7 layer 7, mechanical and enclosure	case geometry read from Peli's CAD (text extractions and the scripts that read them)
v2/vendor/peli/step_faces.py	557b4511b8be6eb89076c067b932cd444db6b46f	9779a237c067c24224919274179f92182acb55db3b2ed0e5486758f988a4e33d	2927	L7 layer 7, mechanical and enclosure	case geometry read from Peli's CAD (text extractions and the scripts that read them)
v2/vendor/peli/wall.py	97ec8db646fc57435f11cb8b017d191a01bac322	dd40ffa291bea4faf0ff05ec0c3caf4a30f49601d6fc6260757b06034fd8ef91	1603	L7 layer 7, mechanical and enclosure	case geometry read from Peli's CAD (text extractions and the scripts that read them)
v2/vendor/peli/wall2.py	b369f9992fbdc6021eb827fd64ce43d40201c9b7	a2dc8b938ccfacf9e52d50a3b66aa40f78f77e85d0cc1cda98e67d128db0687e	1323	L7 layer 7, mechanical and enclosure	case geometry read from Peli's CAD (text extractions and the scripts that read them)
v2/vendor/power/bourns-mf-msmf-pptc.pdf	fa14758f25b804280eadbc25877a8bfc2f00d244	a84b990157dd1d755b5c7a413156ddf8792a3a95cff56f09a95d10754e9e49ed	1309025	L9 layer 9, pre-layout design analysis	a maker document pcb_energy_chain.yaml cites as the basis of a rating; bundled so energy_chain.py can check its citations from the snapshot
v2/vendor/precidip/precidip-813-spring-loaded-connector-pages-31-34.pdf	1cf37664b5bf79a642e6c0ca7eff62eee367737c	d630c8a92e7f65fc63a51fed5bebfe974ecacfc81b64265c4c262d0d01b3d194	158643	L9 layer 9, pre-layout design analysis	a maker document pcb_energy_chain.yaml cites as the basis of a rating; bundled so energy_chain.py can check its citations from the snapshot
v2/vendor/probes/probe_holes.py	450c7963a7d000f66fde1b2b467c73af553284bb	765bd306a541dec301bac1fec027c654fb265e29e1cce6e9540609d675bf663b	2394	L7 layer 7, mechanical and enclosure	case geometry read from Peli's CAD (text extractions and the scripts that read them)
v2/vendor/probes/probe_holes2.py	cdf1770a31822657cdc582bfcca96351086d33eb	48ccb9cb4c70a0f7a5a69f607eee759915602815c198850f7b1e5b21dfb13948	1823	L7 layer 7, mechanical and enclosure	case geometry read from Peli's CAD (text extractions and the scripts that read them)
v2/vendor/probes/rb9704_probe.py	18a769e82daf66086febf30cdfe5e17482664d8e	fe6c907a19649685525e702cc0c1b741e426a2d7160ba9a16b75a4a5ef70eaf4	1358	L7 layer 7, mechanical and enclosure	case geometry read from Peli's CAD (text extractions and the scripts that read them)
v2/vendor/probes/rb9704_probe2.py	5036b3777be30711ed8fffc38a448f82ee7cbd73	952f738ba965939f595f48a705f98e91741f675d3cbdc658463256b393d89c59	2096	L7 layer 7, mechanical and enclosure	case geometry read from Peli's CAD (text extractions and the scripts that read them)
v2/vendor/probes/step_probe.py	40b153ffc48d4fcf004e6a366e1fdf4ee3ac8c82	953af88395d4c2652fee94a37b3cca93e5504bab94cbfc3427e9e6b9f20b4705	1738	L7 layer 7, mechanical and enclosure	case geometry read from Peli's CAD (text extractions and the scripts that read them)
v2/vendor/probes/td2_step_probe.py	0e745136c300c8d3cecfa973d026e4799e31735f	041cacd14199199b67ad72975c9e0b4600d35ecdfe752239436f975eb6b1e99b	1210	L7 layer 7, mechanical and enclosure	case geometry read from Peli's CAD (text extractions and the scripts that read them)
v2/vendor/probes/td2_step_probe2.py	fdfc2b5aec4ea87e2f010698223c3a4e321fb2d7	478910c47861c4726e8bbf093690104305c632d334dfb4ddbc740dcda04110c1	1526	L7 layer 7, mechanical and enclosure	case geometry read from Peli's CAD (text extractions and the scripts that read them)
v2/vendor/probes/td2_step_probe3.py	3fc42f10766344480ebf876d9683e653423b6864	431c07db0db038a5f79343f2515bf30ffb5dbf0b20b73039c90a60e65be5e86f	1208	L7 layer 7, mechanical and enclosure	case geometry read from Peli's CAD (text extractions and the scripts that read them)
v2/vendor/probes/td2_step_probe4.py	e2389b8e1e34f11a90b8150d5c18ea8d44c730bc	36dc5d70d113409bc0354452af4f87449c90d3d9059c6f04f99184cd8bef3dc8	1800	L7 layer 7, mechanical and enclosure	case geometry read from Peli's CAD (text extractions and the scripts that read them)
v2/vendor/probes/td2_step_probe5.py	59c026403d4cfd6f40aec52c6819b5274033b56e	6e2a64634c812c8ac0b97c171afb28e7d80d13fcdfe0be3fdd5acfca1fcba387	2131	L7 layer 7, mechanical and enclosure	case geometry read from Peli's CAD (text extractions and the scripts that read them)
v2/vendor/quectel/quectel-rm520n-series-hardware-design-v1.1.pdf	412a8ccc7792c2354af869953254882d439ab706	2bae882148b45172e009f88cbea08878f80e284dc6d44e93af5d67f6b9ed030a	2336341	L3 layer 3, requirements (with the rule and decision registries)	a maker document pcb_requirements.yaml cites as a requirement's source; bundled so rules_lib.py requirements validates from the snapshot
v2/vendor/quectel/sparkfun-lg290p-breakout-schematic.ocr.txt	571591bb21a528ceaa21904edb1e2e2f13f110a8	95bddb273b894344573b30451d6c72fad11e1141eea2fd7a85261258a583cdf1	3070	L6 layer 6, components	vendor index (SOURCES.yaml, PARTS.md, sources.txt), per-folder notes and text extractions of maker documents
v2/vendor/rf/amphenol-connex-132170-sma-bulkhead-ff-drawing.ocr.txt	30036844f7dd146c1986e33ec9e8b9ec7ed0c1ce	0c95f7ee560f8f6c72b0577457e41608ba2a5c648b7ed8297ccff181323b2a1f	1318	L6 layer 6, components	vendor index (SOURCES.yaml, PARTS.md, sources.txt), per-folder notes and text extractions of maker documents
v2/vendor/rockblock/RockBLOCK 9704-SMA-2A.geom.txt	af4a8afd613bcd95928e175e24abe57be8408a67	6232d8bb3cfefb938f6c5ea5b21eaccf66a1c8e6e4d4f82f9defcc7e6545660e	36529	L6 layer 6, components	vendor index (SOURCES.yaml, PARTS.md, sources.txt), per-folder notes and text extractions of maker documents
v2/vendor/rockblock/rb9603.geom.txt	d0de9d159ef298ababb297968807aa1fbfe03669	edfb06fd761dddc647826e96aa836e04d5021baa52a1b3d7bf8590ef28727efa	3344	L6 layer 6, components	vendor index (SOURCES.yaml, PARTS.md, sources.txt), per-folder notes and text extractions of maker documents
v2/vendor/rockblock/rb9704-sch-2B1.pdf	1de1cf2797118e9debe4a9d141a4391381438df4	8151ea31acd1556855a3886c57fae759d34b5dd83b254b80dc1b03cf49b6f7c3	2339416	L3 layer 3, requirements (with the rule and decision registries)	a maker document pcb_requirements.yaml cites as a requirement's source; bundled so rules_lib.py requirements validates from the snapshot
v2/vendor/seals/README.md	fa29d3632767512c26c002eb6d3a4df659230452	b609606bc2d8ccea230a790f11253792f8a0bb7e2a71820aaf75b49accc0f68f	10101	L6 layer 6, components	vendor index (SOURCES.yaml, PARTS.md, sources.txt), per-folder notes and text extractions of maker documents
v2/vendor/seals/jlcpcb-parts-search-2026-09-05.txt	234c9be4f010c16658bfec25e9436fe3ab648a40	fa05fc5105e23e8ce2611fcf3d0b1e578e3b8dcee88cd5569df717c2ea56ca5e	9156	L6 layer 6, components	vendor index (SOURCES.yaml, PARTS.md, sources.txt), per-folder notes and text extractions of maker documents
v2/vendor/seals/jlcpcb-pcb-capabilities-page.txt	f841de75637b1a9f767b4b15ad7c9c14ac0c7f55	af573c467e5dcb25a673570da37edc9aa78887c05ec249286cc3f98c15b0b5ea	17207	L6 layer 6, components	vendor index (SOURCES.yaml, PARTS.md, sources.txt), per-folder notes and text extractions of maker documents
v2/vendor/seals/jlcpcb-via-covering-help-page.txt	0f03563c04881c8697facfb7d5f7b290082094ef	d9906c7d9dda9feeb753cdfef6805f3fe4fe14722b67728497ea744f24cd9e7c	10522	L6 layer 6, components	vendor index (SOURCES.yaml, PARTS.md, sources.txt), per-folder notes and text extractions of maker documents
v2/vendor/seals/polyvantis-lexan-mr10-thickness-list-wahlee.txt	066735f728ad6a0d8335ee149f30862602d830ac	88fad6e3a9b24f21fb00239e605826068863b6ef253acd2bec6c11bf3d5b8e26	461	L6 layer 6, components	vendor index (SOURCES.yaml, PARTS.md, sources.txt), per-folder notes and text extractions of maker documents
v2/vendor/sources.txt	59e1a377aeb5827f3d9c386bac667e7bcf4fe9dc	d13f3beb81bbcded8091b954fa2863fd19723462cb9943c7c752d02a204271eb	49435	L6 layer 6, components	vendor index (SOURCES.yaml, PARTS.md, sources.txt), per-folder notes and text extractions of maker documents
v2/vendor/standards/ecss-e-hb-20-07a-2012-09-05.md	76f0449481790a17270c423a53ac5a1a435f67ca	2983321f9a765a2fb1402ef40efaa1aec01c6f614c455a018bc658a0cbc052c2	8975	L6 layer 6, components	vendor index (SOURCES.yaml, PARTS.md, sources.txt), per-folder notes and text extractions of maker documents
v2/vendor/standards/ecss-q-st-30-11c-rev2-2021-06-23.md	816e7b3db070c313dbede2c87c915073d230ccf8	53b962e963c532ddce9c480b926ed7b29e512c146f06e6adf0af802dca6b2974	3632	L6 layer 6, components	vendor index (SOURCES.yaml, PARTS.md, sources.txt), per-folder notes and text extractions of maker documents
v2/vendor/standards/ecss-q-st-70-12c-2014-07-14.md	28c76d8566819694a760bd3482afd967b304e3fd	6a8ae167b317221c660c3ef9947038959e5e2f310a19efded25bc6b5c4dd11ae	11721	L6 layer 6, components	vendor index (SOURCES.yaml, PARTS.md, sources.txt), per-folder notes and text extractions of maker documents
v2/vendor/standards/mil-std-810h-method-516-8.md	a11337c996fe1d3bb1a056201f7d5e706c6dbbd4	f6e0c9e663ae1e3d0e16c57b87232a19803208e7cdfca81c140789d7567c64ce	4086	L6 layer 6, components	vendor index (SOURCES.yaml, PARTS.md, sources.txt), per-folder notes and text extractions of maker documents
v2/vendor/standards/tcg-tpm2-library-r1p59-2019-11-08.md	3a0bec18efb7a27a668160bdcd112ae8a444ad5c	7d262b06e75125e79f990a8f52ec5ee3d9dbf4b122b78fbc87ea90286a425d54	6220	L6 layer 6, components	vendor index (SOURCES.yaml, PARTS.md, sources.txt), per-folder notes and text extractions of maker documents
v2/vendor/standards/usb-2-0-specification-2024-09-27.md	89304e9944e2526035bc09f45ee2d7e39a8f92d9	2ecb40606d4b84feae3f6c34216e9840fba9de2deb7ae1e76c546b453e35a36b	6016	L6 layer 6, components	vendor index (SOURCES.yaml, PARTS.md, sources.txt), per-folder notes and text extractions of maker documents
v2/vendor/switches/apem-switch-guards-series.ocr.txt	22bccaacb5c987a81aa7a770bcd608d258093f52	92e781e5ba1e71ab735b727b2103baa8ff311b2538aaf9d1f015b6b67f7a8dae	6450	L6 layer 6, components	vendor index (SOURCES.yaml, PARTS.md, sources.txt), per-folder notes and text extractions of maker documents
v2/vendor/tbeam/H768-01-DISPLAY-BAT-SHELL.geom.txt	22bb2b1652035b80042dd567d81215f301f4ac54	9fe0736c26fc0fdf04daabe6b58dae693f33459ba4cf480b7684fdc91705e86b	4058	L6 layer 6, components	vendor index (SOURCES.yaml, PARTS.md, sources.txt), per-folder notes and text extractions of maker documents
v2/vendor/tbeam/H768-01-PCB-FAN.geom.txt	efad350b235a37be0b0c654dea120d8a99adf18c	cc75a02f1549f8773d96171e9453dcf7eb62a5693999fd4c3c3e2a581313dc17	12230	L6 layer 6, components	vendor index (SOURCES.yaml, PARTS.md, sources.txt), per-folder notes and text extractions of maker documents
v2/vendor/tcall/T-A7670X-Board-3D.geom.txt	a919b892de73cf85280c0428f6fb613dfcd08f38	39bc4a2fe619ca2cb0ede5342fae5a56aa7c607d32298fe3174241c29948a47a	6458	L6 layer 6, components	vendor index (SOURCES.yaml, PARTS.md, sources.txt), per-folder notes and text extractions of maker documents
v2/vendor/tcall/T-Call-A7670-ESP32.geom.txt	47ba4d030f2960523517bd0234161592c288598e	bce7c9cf35c3c0b7137325f64139abd4c1d90e8e411b85ba445005e6023ab437	1353	L6 layer 6, components	vendor index (SOURCES.yaml, PARTS.md, sources.txt), per-folder notes and text extractions of maker documents
v2/vendor/td2/raspberry-pi-touch-display-2-7inch-RP-009154-DD-1.geom.txt	8b1f3c378c72c3d3f2890377bcd27b427d25bc73	2e34222ca4102b5e5a5ba6a8fb58001b11c3e7a446fb769572ddfe974d6ee7fa	2478	L6 layer 6, components	vendor index (SOURCES.yaml, PARTS.md, sources.txt), per-folder notes and text extractions of maker documents
v2/vendor/td2/td2-7inch.geom.txt	91f77638454e92a3eba642247f0a1b0f83564568	d78574ec89d909a03b84aa377af81ca02aa3cf6805b34d3ececbbb9be4aeeed8	2198	L6 layer 6, components	vendor index (SOURCES.yaml, PARTS.md, sources.txt), per-folder notes and text extractions of maker documents
v2/vendor/ti/bq25731-datasheet.pdf	15e81b442be6ea514151abe75c6272549e7e2357	3e5e927fdf63cf6a2397630987c58e947ebc80d5a1cfc93fb1fb58d98bb58973	3689450	L3 layer 3, requirements (with the rule and decision registries)	a maker document pcb_requirements.yaml cites as a requirement's source; bundled so rules_lib.py requirements validates from the snapshot
v2/vendor/ti/ti-pca9555.pdf	efd930c670eca40c3c364bd6e01f8c0e395fcd6e	9b5cc24c3c9e286a7132e27267f98e8b8b36f02ead2157d66df2676de3a474cb	2803580	L3 layer 3, requirements (with the rule and decision registries)	a maker document pcb_requirements.yaml cites as a requirement's source; bundled so rules_lib.py requirements validates from the snapshot
v2/vendor/vendor-noindex.txt	42a4ff17a377fd2d07500301659deca65fb9d0ba	b36f3665035c3b2274d33f5beb4a11f8f1589c3ac47f5dd47d02afefadccf6e1	5343	L6 layer 6, components	vendor index (SOURCES.yaml, PARTS.md, sources.txt), per-folder notes and text extractions of maker documents
v2/vendor/vendor-status.txt	0f59e2644dcfb0d865b1afad87d8a9fdfe55adf1	934f45b218145d663d8f622a305c9ec341fe129752fdf5b12006a402626294d1	29661	L6 layer 6, components	vendor index (SOURCES.yaml, PARTS.md, sources.txt), per-folder notes and text extractions of maker documents
v2/vendor/weact/Doc/3.7 Inch Black&Write/3D7_BW_240X416_8253-DU - ok(1).c	8a336c66574a7dad02184e623930aec0dd23361d	9806828e072cb5c28d5d0c7caa7e418132db6bb0391337ae5e6989e265d7456e	10718	L6 layer 6, components	vendor index (SOURCES.yaml, PARTS.md, sources.txt), per-folder notes and text extractions of maker documents
v2/vendor/weact/Hardware/WeAct-EpaperModule-3.7 Board 3D.geom.txt	3d973140cc47f7add4583a9ffe02f49c5a0c8cd9	5e59b6b3aca38341f8d46b9f1a9a18f5e9d64b421876e3eebadfe65f83f674cb	2940	L6 layer 6, components	vendor index (SOURCES.yaml, PARTS.md, sources.txt), per-folder notes and text extractions of maker documents
v2/vendor/weact/README.md	9f30c57e323479983424ece0ad4c854a593b1e31	527f71b773086378b59ef69d0e36dcb1ae58e92627c07d704266cfa155a58211	1001	L6 layer 6, components	vendor index (SOURCES.yaml, PARTS.md, sources.txt), per-folder notes and text extractions of maker documents
v2/vendor/weact/readme.md	00cd280e09990736f5a019a97236a12021a772e9	c7af130ac5fbfb4b8760f27a1eb0a1bab7dbe5265bd7546c6e400e659a79c549	273	L6 layer 6, components	vendor index (SOURCES.yaml, PARTS.md, sources.txt), per-folder notes and text extractions of maker documents
v2/vendor/wifi/README.md	bc43adb47e5b1beae24a06d9c3543b49482e898a	04a8377d118cc3cc5fe0e01ab21742239c9f25744a4c57ef215575f994497d0c	4099	L6 layer 6, components	vendor index (SOURCES.yaml, PARTS.md, sources.txt), per-folder notes and text extractions of maker documents
v2/vendor/wifi/linux-mt76x2-usb-device-table.c	ade15bddefc59a927ddc9b47087d3f599f83160c	6e6292552a4b3a8f9a9e773d226c0255042d84203ff19e8621fb7650e60c02fd	4150	L6 layer 6, components	vendor index (SOURCES.yaml, PARTS.md, sources.txt), per-folder notes and text extractions of maker documents
v2/vendor/wifi/linux-mt7915-f14572c2/head.json	afd16c495705953f85e7a1eaf0703ac58d294e3a	17a1bb915f136f4ed0dcf41aceb6aa7f31ed2813f0b42b6095337e5207322c2b	33560	L6 layer 6, components	vendor index (SOURCES.yaml, PARTS.md, sources.txt), per-folder notes and text extractions of maker documents
v2/vendor/wifi/linux-mt7915-f14572c2/mcu.c	5bfe0366562f92b6dbdb85a6aa45d96358c630a9	e3cc6c75c355e7e2ede45f946113dc1371b7652f3fb3a740581503b434ebeb2d	108231	L6 layer 6, components	vendor index (SOURCES.yaml, PARTS.md, sources.txt), per-folder notes and text extractions of maker documents
v2/vendor/wifi/linux-mt7915-f14572c2/mt7915.h	30fb119ce87285f9a318193705ebaed11423d70d	b11e1fc5910e4a7035fa180cd996d4bf10d751481aa0a197b64188e7901700a5	19134	L6 layer 6, components	vendor index (SOURCES.yaml, PARTS.md, sources.txt), per-folder notes and text extractions of maker documents
v2/vendor/wio/wio-sx1262.geom.txt	fb945ff69e8c95dd36dbbe6ac7b6866b8ffffd13	bed5fba580eae07e2758c185fc75b6e513b5c91e379dfb95c5b2b24aefa85630	3319	L6 layer 6, components	vendor index (SOURCES.yaml, PARTS.md, sources.txt), per-folder notes and text extractions of maker documents
v2/vendor/x1202/X1202-pcb-V1.1.geom.txt	6773b3d7290dfd02596690a58ba0acebae3c6017	dec43090de33c2992e1afdcb716b54fdee337c1c5243bb9134e7f87eca02f52f	1332	L6 layer 6, components	vendor index (SOURCES.yaml, PARTS.md, sources.txt), per-folder notes and text extractions of maker documents
v2/vendor/xenarc/xenarc-709gnk-dimensional-drawing-v3.ocr.txt	bf07e54febcb6f2138c833767ef180f40910b478	35490cbdfc657a2dd5d0d2a486fb8a2da06e6e4ff2c234770ea8c043818f9bc7	1525	L6 layer 6, components	vendor index (SOURCES.yaml, PARTS.md, sources.txt), per-folder notes and text extractions of maker documents
v2/vendor/zigbee/README.md	fe7bf2c70d3635d6733eab217249d31ea27795c1	357d65ce4e79bff8f3e55001587ec3d51df996804b2655c719fa4fbe6fe2d039	2540	L6 layer 6, components	vendor index (SOURCES.yaml, PARTS.md, sources.txt), per-folder notes and text extractions of maker documents
v2/vendor/zigbee/sonoff-dongle-e-ncp-readme.md	c0535dd4de7da6d16c07ca0059ff8485a9c2a049	83eff7a19da1df39b1db671fc22be27d8373e45c96a879b45655fca3034890b9	4987	L6 layer 6, components	vendor index (SOURCES.yaml, PARTS.md, sources.txt), per-folder notes and text extractions of maker documents
v2/vendor/zigbee/zigbee2mqtt-adapter-settings.md	b629421d38c213456fe324ab6cdaf290e89040e7	365a5d20bad100f9acbf6cbb78f503e106d2c2d2b824e6d56533e8dbce988f7c	4719	L6 layer 6, components	vendor index (SOURCES.yaml, PARTS.md, sources.txt), per-folder notes and text extractions of maker documents
