path	git_blob_sha	bytes	cited_by_sources_yaml	a_citing_entry_is_fitted	sha256_declared	sha256_at_commit	check	url	not_bundled_because
v2/vendor/adhesives/3m-scotch-weld-dp8005.pdf	2304bc4861d766292b89ceef45bbfa1bba287523	146871	-	-	-	-	NOT_CITED_BY_SOURCES_YAML	-	a maker document or CAD model (PDF, STEP, DXF, HTML, images, archives): cited, not bundled for size; the repository at the snapshot commit holds it, and its sha256 here identifies it
v2/vendor/adi/adi-ds3231.pdf	d090702c9a2e2526f11e08f8ee04b42b58d8ee53	912296	-	-	-	-	NOT_CITED_BY_SOURCES_YAML	-	a maker document or CAD model (PDF, STEP, DXF, HTML, images, archives): cited, not bundled for size; the repository at the snapshot commit holds it, and its sha256 here identifies it
v2/vendor/aioc/aioc-net.xml	71639d8529abd4bdbed21ba8d6c738a5da640e92	68396	-	-	-	-	NOT_CITED_BY_SOURCES_YAML	-	a maker document or CAD model (PDF, STEP, DXF, HTML, images, archives): cited, not bundled for size; the repository at the snapshot commit holds it, and its sha256 here identifies it
v2/vendor/aioc/k1-aioc-schematic-rev1.2.pdf	40c632457dd8d02ed6f492fc5a8018b2f3e4278f	142251	-	-	-	-	NOT_CITED_BY_SOURCES_YAML	-	a maker document or CAD model (PDF, STEP, DXF, HTML, images, archives): cited, not bundled for size; the repository at the snapshot commit holds it, and its sha256 here identifies it
v2/vendor/aioc/k1-aioc.kicad_pcb	763b65d7c1aea0e0a4e3c800b2fabb59b206ecfa	579653	-	-	-	-	NOT_CITED_BY_SOURCES_YAML	-	a maker document or CAD model (PDF, STEP, DXF, HTML, images, archives): cited, not bundled for size; the repository at the snapshot commit holds it, and its sha256 here identifies it
v2/vendor/aioc/k1-aioc.kicad_sch	0a0fa2fb7782d92959f5d06603c2db63bbc5ac41	176324	-	-	-	-	NOT_CITED_BY_SOURCES_YAML	-	a maker document or CAD model (PDF, STEP, DXF, HTML, images, archives): cited, not bundled for size; the repository at the snapshot commit holds it, and its sha256 here identifies it
v2/vendor/ams/ams-as7331.pdf	4cf617d1189060ae6c8af38a196e338c8147265f	2336519	-	-	-	-	NOT_CITED_BY_SOURCES_YAML	-	a maker document or CAD model (PDF, STEP, DXF, HTML, images, archives): cited, not bundled for size; the repository at the snapshot commit holds it, and its sha256 here identifies it
v2/vendor/audio/cirrus-wm8960-datasheet-rev4.4.pdf	6e79527f37a09913e9358b51539b0468009db26d	1873872	-	-	-	-	NOT_CITED_BY_SOURCES_YAML	-	a maker document or CAD model (PDF, STEP, DXF, HTML, images, archives): cited, not bundled for size; the repository at the snapshot commit holds it, and its sha256 here identifies it
v2/vendor/audio/cmedia-cm108b-datasheet-v1.41.pdf	93373e1ce72db970c9d806d0a6a9e50b4b4cb4a3	801874	-	-	-	-	NOT_CITED_BY_SOURCES_YAML	-	a maker document or CAD model (PDF, STEP, DXF, HTML, images, archives): cited, not bundled for size; the repository at the snapshot commit holds it, and its sha256 here identifies it
v2/vendor/audio/direwolf-user-guide-1.8.pdf	79b16e3ab799ad6bc2c3ce5af473825eacc14426	2219205	-	-	-	-	NOT_CITED_BY_SOURCES_YAML	-	a maker document or CAD model (PDF, STEP, DXF, HTML, images, archives): cited, not bundled for size; the repository at the snapshot commit holds it, and its sha256 here identifies it
v2/vendor/audio/rpi-RP-009699-WP-1-using-the-i2s-peripherals-on-raspberry-pi-sbcs.pdf	2f9503207313027202eecb2e7164e24b6f5c681d	467593	-	-	-	-	NOT_CITED_BY_SOURCES_YAML	-	a maker document or CAD model (PDF, STEP, DXF, HTML, images, archives): cited, not bundled for size; the repository at the snapshot commit holds it, and its sha256 here identifies it
v2/vendor/battery/ablic-s8261.pdf	2df6ad6f4bbefc9b4c78cda7d9fc44662574fc7a	600870	-	-	-	-	NOT_CITED_BY_SOURCES_YAML	-	a maker document or CAD model (PDF, STEP, DXF, HTML, images, archives): cited, not bundled for size; the repository at the snapshot commit holds it, and its sha256 here identifies it
v2/vendor/battery/amass-xt60e-m-shoptronica.pdf	80b66c7174817aa50c5d5bc37df42cefed876862	522223	pack-connector	yes	828c34996962cc63c5205a684186b7900650ecf16f2ab6373fe9ad38152c6a5e	828c34996962cc63c5205a684186b7900650ecf16f2ab6373fe9ad38152c6a5e	MATCH	-	a maker document or CAD model (PDF, STEP, DXF, HTML, images, archives): cited, not bundled for size; the repository at the snapshot commit holds it, and its sha256 here identifies it
v2/vendor/battery/batteryspace-prod-spec-274.pdf	29232203192eb1dba710e6811088efc1d413ba20	254666	-	-	-	-	NOT_CITED_BY_SOURCES_YAML	-	a maker document or CAD model (PDF, STEP, DXF, HTML, images, archives): cited, not bundled for size; the repository at the snapshot commit holds it, and its sha256 here identifies it
v2/vendor/battery/dexerials-sfk-series-datasheet.pdf	5c10efeb5b221ab6c8d1849acccdc78d27026b09	509790	pack-chemical-fuse	yes	8e58c68254fb833570e3fa01323b5bc4231d70096f62eafc1d3175f14d3ab773	8e58c68254fb833570e3fa01323b5bc4231d70096f62eafc1d3175f14d3ab773	MATCH	https://6197088.fs1.hubspotusercontent-na1.net/hubfs/6197088/TDS/SCP/SFK%20series_Datasheet.pdf, linked from dexerials.jp's SFK page (byte-identical at 2026-09-26T21:16:33Z)	a maker document or CAD model (PDF, STEP, DXF, HTML, images, archives): cited, not bundled for size; the repository at the snapshot commit holds it, and its sha256 here identifies it
v2/vendor/battery/eaton-scf9550-elx1135.pdf	1d88d5342ccc12f8664f6d11d4b5d37bd688f58c	738112	pack-chemical-fuse	yes	3ecc2424acfa1753c2aec0b62d5706d4f25b7a08e731795c0d84d59938a3158e	3ecc2424acfa1753c2aec0b62d5706d4f25b7a08e731795c0d84d59938a3158e	MATCH	https://www.eaton.com/content/dam/eaton/products/electronic-components/resources/data-sheet/eaton-scf9550-self-control-fuse-data-sheet-elx1135-en.pdf	a maker document or CAD model (PDF, STEP, DXF, HTML, images, archives): cited, not bundled for size; the repository at the snapshot commit holds it, and its sha256 here identifies it
v2/vendor/battery/heater/rs-heater-mat-range-leaflet-V9322.pdf	1780248392d5f007fec9f532536f770b67753d5a	84358	-	-	-	-	NOT_CITED_BY_SOURCES_YAML	-	a maker document or CAD model (PDF, STEP, DXF, HTML, images, archives): cited, not bundled for size; the repository at the snapshot commit holds it, and its sha256 here identifies it
v2/vendor/battery/heater/rs-pro-245-556-doc2.pdf	cea51358869ecb395ab3b4a29c6863a3f73909b2	87889	-	-	-	-	NOT_CITED_BY_SOURCES_YAML	-	a maker document or CAD model (PDF, STEP, DXF, HTML, images, archives): cited, not bundled for size; the repository at the snapshot commit holds it, and its sha256 here identifies it
v2/vendor/battery/heater/rs-pro-245-556-heater-mat-sheet.pdf	8a43b42599b12d5f7fd3f9c87fe323a88744aa89	197691	-	-	-	-	NOT_CITED_BY_SOURCES_YAML	-	a maker document or CAD model (PDF, STEP, DXF, HTML, images, archives): cited, not bundled for size; the repository at the snapshot commit holds it, and its sha256 here identifies it
v2/vendor/battery/keystone/M65p39.pdf	3eb34c7581f171e5b2214f8203c7ff1907d02059	151491	-	-	-	-	NOT_CITED_BY_SOURCES_YAML	-	a maker document or CAD model (PDF, STEP, DXF, HTML, images, archives): cited, not bundled for size; the repository at the snapshot commit holds it, and its sha256 here identifies it
v2/vendor/battery/keystone/M65p40.pdf	0aca28dbccb5c52afbe7c9a187d0fab1ef294b42	217654	-	-	-	-	NOT_CITED_BY_SOURCES_YAML	-	a maker document or CAD model (PDF, STEP, DXF, HTML, images, archives): cited, not bundled for size; the repository at the snapshot commit holds it, and its sha256 here identifies it
v2/vendor/battery/keystone/M65p41.pdf	420654a9dfce75d017ee0f9a3d24df56b6a2e171	291157	-	-	-	-	NOT_CITED_BY_SOURCES_YAML	-	a maker document or CAD model (PDF, STEP, DXF, HTML, images, archives): cited, not bundled for size; the repository at the snapshot commit holds it, and its sha256 here identifies it
v2/vendor/battery/keystone/M65p43.pdf	2a3d963035319c4b8fcf865456776f1cd73820ad	118505	-	-	-	-	NOT_CITED_BY_SOURCES_YAML	-	a maker document or CAD model (PDF, STEP, DXF, HTML, images, archives): cited, not bundled for size; the repository at the snapshot commit holds it, and its sha256 here identifies it
v2/vendor/battery/keystone/M65p44.pdf	c2b51d79ecbdfc5cee01b38f76de840d1eebb68e	257534	-	-	-	-	NOT_CITED_BY_SOURCES_YAML	-	a maker document or CAD model (PDF, STEP, DXF, HTML, images, archives): cited, not bundled for size; the repository at the snapshot commit holds it, and its sha256 here identifies it
v2/vendor/battery/littelfuse-299-maxi32v.pdf	f45a41d795eab996f249ac40d75c9e110d7d940f	463046	-	-	-	-	NOT_CITED_BY_SOURCES_YAML	-	a maker document or CAD model (PDF, STEP, DXF, HTML, images, archives): cited, not bundled for size; the repository at the snapshot commit holds it, and its sha256 here identifies it
v2/vendor/battery/littelfuse-ato-fha-inline.pdf	0ddf3f57c1aa820a8535f17d5c1642819e5927f1	143064	-	-	-	-	NOT_CITED_BY_SOURCES_YAML	-	a maker document or CAD model (PDF, STEP, DXF, HTML, images, archives): cited, not bundled for size; the repository at the snapshot commit holds it, and its sha256 here identifies it
v2/vendor/battery/littelfuse-itv4030-c1869305.pdf	245f93dce6b98781dc4f58f07037b0fb9257112a	755825	pack-chemical-fuse	yes	f19f1bca636dcb235a4f1e1348f3eaeb9082b270cb83547eb4f7fa10ef0c0c23	f19f1bca636dcb235a4f1e1348f3eaeb9082b270cb83547eb4f7fa10ef0c0c23	MATCH	LCSC's copy of the Littelfuse sheet (sources.txt gives the URL; littelfuse.com refuses this host); byte-identical at 2026-09-26T21:16:34Z	a maker document or CAD model (PDF, STEP, DXF, HTML, images, archives): cited, not bundled for size; the repository at the snapshot commit holds it, and its sha256 here identifies it
v2/vendor/battery/littelfuse-itv9550-30a.pdf	c23779af3e2c636ae92cdfae744990b377bdb67f	746961	pack-chemical-fuse-alternative	no	018e0d53243b986d0f089eb210728452c94cf2bbbcd09fd160e6a36ff2ff72ed	018e0d53243b986d0f089eb210728452c94cf2bbbcd09fd160e6a36ff2ff72ed	MATCH	https://mm.digikey.com/Volume0/opasdata/d220001/medias/docus/194/ITV9550_30A_Series_DS.pdf (Digi-Key's copy; littelfuse.com answered 403 to this host on 26 September 2026, per the battery review stream)	a maker document or CAD model (PDF, STEP, DXF, HTML, images, archives): cited, not bundled for size; the repository at the snapshot commit holds it, and its sha256 here identifies it
v2/vendor/battery/littelfuse-maxi-152-holder.pdf	4b75127bca648ed969f32c343b5c0deb8dc9c1f5	169787	-	-	-	-	NOT_CITED_BY_SOURCES_YAML	-	a maker document or CAD model (PDF, STEP, DXF, HTML, images, archives): cited, not bundled for size; the repository at the snapshot commit holds it, and its sha256 here identifies it
v2/vendor/battery/littelfuse-maxi-mah-inline.pdf	a6a9cd6db9e7b515fdb207f623a10228f39348d5	283737	-	-	-	-	NOT_CITED_BY_SOURCES_YAML	-	a maker document or CAD model (PDF, STEP, DXF, HTML, images, archives): cited, not bundled for size; the repository at the snapshot commit holds it, and its sha256 here identifies it
v2/vendor/battery/murata-nxrt15xh103fa1b.pdf	a5facfddad9e20d07786df8cba364179f01ee3f2	337475	-	-	-	-	NOT_CITED_BY_SOURCES_YAML	-	a maker document or CAD model (PDF, STEP, DXF, HTML, images, archives): cited, not bundled for size; the repository at the snapshot commit holds it, and its sha256 here identifies it
v2/vendor/battery/murata-prf-series.pdf	e00313550d6ec187deffea5ac2712f18f70f79e9	364124	pack-ptc-element	yes	a29cd6200c656636fd69bf525d365cfa50432a2fe696ee8ee9e172a4b7cba27a	a29cd6200c656636fd69bf525d365cfa50432a2fe696ee8ee9e172a4b7cba27a	MATCH	https://www.murata.com/~/media/webrenewal/products/thermistor/ptc/prf/datasheet_prfseries.ashx?la=en-us	a maker document or CAD model (PDF, STEP, DXF, HTML, images, archives): cited, not bundled for size; the repository at the snapshot commit holds it, and its sha256 here identifies it
v2/vendor/battery/nisshinbo-r5405.pdf	3cd4781adda044f4ec8ad7dabc9654bcdb95d9d6	1693605	-	-	-	-	NOT_CITED_BY_SOURCES_YAML	-	a maker document or CAD model (PDF, STEP, DXF, HTML, images, archives): cited, not bundled for size; the repository at the snapshot commit holds it, and its sha256 here identifies it
v2/vendor/battery/nisshinbo-r5460-rs.pdf	570c1626f47de67b050adf6bfd8067d56a20545b	1898654	-	-	-	-	NOT_CITED_BY_SOURCES_YAML	-	a maker document or CAD model (PDF, STEP, DXF, HTML, images, archives): cited, not bundled for size; the repository at the snapshot commit holds it, and its sha256 here identifies it
v2/vendor/battery/onsemi-mm3z-c82071.pdf	453b1338b4e19ea24732ba6a7dfac56f6a46f752	57840	esd-headset-clamps	yes	be0d734edc03a774996b107f2f92f3b2d909c5da931b7e964f7a3bf7602ce2a4	be0d734edc03a774996b107f2f92f3b2d909c5da931b7e964f7a3bf7602ce2a4	MATCH	LCSC's copy of onsemi's sheet (sources.txt gives the URL; onsemi.com answered 403 to the round 4 author); byte-identical at 2026-09-26T21:16:34Z	a maker document or CAD model (PDF, STEP, DXF, HTML, images, archives): cited, not bundled for size; the repository at the snapshot commit holds it, and its sha256 here identifies it
v2/vendor/battery/prosemi-dhc45-c2937382.pdf	241d250324b20f4900169ac7a4d6b9ecdf53e20a	3067941	pack-chemical-fuse	yes	7888f3b48e46d52eaee937bc30454cf5304609ab380be1dd9e94cfea14cca51a	7888f3b48e46d52eaee937bc30454cf5304609ab380be1dd9e94cfea14cca51a	MATCH	LCSC's copy of the Prosemi sheet (sources.txt gives the URL); byte-identical at 2026-09-26T21:16:34Z	a maker document or CAD model (PDF, STEP, DXF, HTML, images, archives): cited, not bundled for size; the repository at the snapshot commit holds it, and its sha256 here identifies it
v2/vendor/battery/samsung-35e-akkuzentrum.pdf	10e8925c72c5c00b0f06d52c66265c77e4a253ce	1012288	-	-	-	-	NOT_CITED_BY_SOURCES_YAML	-	a maker document or CAD model (PDF, STEP, DXF, HTML, images, archives): cited, not bundled for size; the repository at the snapshot commit holds it, and its sha256 here identifies it
v2/vendor/battery/samsung-35e-conrad.pdf	7adf6de22208f9bd318105f851441e2c983060ec	604475	-	-	-	-	NOT_CITED_BY_SOURCES_YAML	-	a maker document or CAD model (PDF, STEP, DXF, HTML, images, archives): cited, not bundled for size; the repository at the snapshot commit holds it, and its sha256 here identifies it
v2/vendor/battery/samsung-35e-relectro.pdf	c5d0d2b57109d3ea2898f026ceaa9417c1200958	735426	-	-	-	-	NOT_CITED_BY_SOURCES_YAML	-	a maker document or CAD model (PDF, STEP, DXF, HTML, images, archives): cited, not bundled for size; the repository at the snapshot commit holds it, and its sha256 here identifies it
v2/vendor/battery/semitec-103at-2-kempston.pdf	75b416ce44f8cfd6790922b94def00ca450e7186	714018	-	-	-	-	NOT_CITED_BY_SOURCES_YAML	-	a maker document or CAD model (PDF, STEP, DXF, HTML, images, archives): cited, not bundled for size; the repository at the snapshot commit holds it, and its sha256 here identifies it
v2/vendor/battery/semitec-at-p12-13.pdf	c757bfe0b2caef30e841fb31f90d0b1fabbaabd8	102736	-	-	-	-	NOT_CITED_BY_SOURCES_YAML	-	a maker document or CAD model (PDF, STEP, DXF, HTML, images, archives): cited, not bundled for size; the repository at the snapshot commit holds it, and its sha256 here identifies it
v2/vendor/battery/semitec-catalog-129M.pdf	a55ca9bca21030262c23c89ee8a83af9941fb7f9	5439668	flange-ntc-103at2	no	0914f59f843e367f55e9887d3ffc748296ea63d67e1696d7a145af7429df5bdb	0914f59f843e367f55e9887d3ffc748296ea63d67e1696d7a145af7429df5bdb	MATCH	held in the tree (filed for board P)	a maker document or CAD model (PDF, STEP, DXF, HTML, images, archives): cited, not bundled for size; the repository at the snapshot commit holds it, and its sha256 here identifies it
v2/vendor/battery/ti-bq2947.pdf	b9b4972ea77828de34c4b7deedeac5521381791b	1868276	pack-secondary-protector	yes	5ce408285737a207b8deee0bc9b6f1c167fccf56f382dbf93d740bcde42ee98e	5ce408285737a207b8deee0bc9b6f1c167fccf56f382dbf93d740bcde42ee98e	MATCH	https://www.ti.com/lit/ds/symlink/bq2947.pdf (byte-identical at 2026-09-26T21:16:33Z)	a maker document or CAD model (PDF, STEP, DXF, HTML, images, archives): cited, not bundled for size; the repository at the snapshot commit holds it, and its sha256 here identifies it
v2/vendor/battery/ti-bq2970.pdf	cc0a9905712b7f46c08f07e3170d8ee00c21350e	1500249	-	-	-	-	NOT_CITED_BY_SOURCES_YAML	-	a maker document or CAD model (PDF, STEP, DXF, HTML, images, archives): cited, not bundled for size; the repository at the snapshot commit holds it, and its sha256 here identifies it
v2/vendor/battery/ti-bq77207.pdf	c89629af62a02dd5b3b66f4d95f6625f57afbff0	1167707	pack-secondary-protector	yes	45c1c99e2d303be8bcf1a2b1eea8275f657c7c80170bda7c2778042a688295cb	45c1c99e2d303be8bcf1a2b1eea8275f657c7c80170bda7c2778042a688295cb	MATCH	https://www.ti.com/lit/ds/symlink/bq77207.pdf	a maker document or CAD model (PDF, STEP, DXF, HTML, images, archives): cited, not bundled for size; the repository at the snapshot commit holds it, and its sha256 here identifies it
v2/vendor/battery/ti-csd18510q5b.pdf	a7de8c241c974785c6575b0fda9e56a12b67607b	640349	-	-	-	-	NOT_CITED_BY_SOURCES_YAML	-	a maker document or CAD model (PDF, STEP, DXF, HTML, images, archives): cited, not bundled for size; the repository at the snapshot commit holds it, and its sha256 here identifies it
v2/vendor/battery/ti-e2e-1421182-bq77207-application.html	b9378bdb6149fe7fb74e91caaa0a9fcf9f69e489	132619	pack-secondary-protector	yes	2038e7af80b8c35e3b0a92c07f9d0edd482e146bb0e0bf80072c0c2b6428610c	2038e7af80b8c35e3b0a92c07f9d0edd482e146bb0e0bf80072c0c2b6428610c	MATCH	https://e2e.ti.com/support/power-management-group/power-management/f/power-management-forum/1421182/bq77207-help-understanding-application-configuration	a maker document or CAD model (PDF, STEP, DXF, HTML, images, archives): cited, not bundled for size; the repository at the snapshot commit holds it, and its sha256 here identifies it
v2/vendor/battery/ti-sffs317a-bq77207-fusa.pdf	4c7fcfc884931968a3195ffde3dd88213621a027	504612	pack-secondary-protector	yes	fe429cf90332c2bba2eb3d456036312982ff25eba4f0f370a2107b67ed4812b3	fe429cf90332c2bba2eb3d456036312982ff25eba4f0f370a2107b67ed4812b3	MATCH	https://www.ti.com/lit/fs/sffs317a/sffs317a.pdf	a maker document or CAD model (PDF, STEP, DXF, HTML, images, archives): cited, not bundled for size; the repository at the snapshot commit holds it, and its sha256 here identifies it
v2/vendor/battery/ti-sluuaq3a-bq4050-trm.pdf	98e7893588ede8ec66ff97ee0396121f330055f5	3381192	pack-gauge-protection	yes	525d16b2bdee44e5b587ccf6800b9967bc524772d0b5a20937957ea2e738b7ad	525d16b2bdee44e5b587ccf6800b9967bc524772d0b5a20937957ea2e738b7ad	MATCH	https://www.ti.com/lit/ug/sluuaq3a/sluuaq3a.pdf	a maker document or CAD model (PDF, STEP, DXF, HTML, images, archives): cited, not bundled for size; the repository at the snapshot commit holds it, and its sha256 here identifies it
v2/vendor/battery/ti-sluuav7c-bq40z50evm.pdf	ad10898eb5d5dff4df17eec9ec6ecde11af36c37	1995770	pack-ptc-element	yes	0a88d8645a71d9dab6e9e074d3197e0494b87bce008906c93bfdc07e9854e350	0a88d8645a71d9dab6e9e074d3197e0494b87bce008906c93bfdc07e9854e350	MATCH	https://www.ti.com/lit/ug/sluuav7c/sluuav7c.pdf	a maker document or CAD model (PDF, STEP, DXF, HTML, images, archives): cited, not bundled for size; the repository at the snapshot commit holds it, and its sha256 here identifies it
v2/vendor/battery/ti-sluuaz3-bq29700evm.pdf	4d25612b279d0eae4bf51d648eb73ed2d4228117	164326	-	-	-	-	NOT_CITED_BY_SOURCES_YAML	-	a maker document or CAD model (PDF, STEP, DXF, HTML, images, archives): cited, not bundled for size; the repository at the snapshot commit holds it, and its sha256 here identifies it
v2/vendor/battery/ti-sluubf9-bq4050evm.pdf	11931a27f356f44b7d3d2e19fe7f35299c45bf0b	1958604	pack-gauge-protection	yes	917c0db25428865ac1124aedfa315343fa9cee6bf54db8bae967cec7deb029d1	917c0db25428865ac1124aedfa315343fa9cee6bf54db8bae967cec7deb029d1	MATCH	https://www.ti.com/lit/ug/sluubf9/sluubf9.pdf	a maker document or CAD model (PDF, STEP, DXF, HTML, images, archives): cited, not bundled for size; the repository at the snapshot commit holds it, and its sha256 here identifies it
v2/vendor/bosch/bme280-datasheet.pdf	36ef4e0a7a58c4103d770fa37969610aa5875699	1663806	-	-	-	-	NOT_CITED_BY_SOURCES_YAML	-	a maker document or CAD model (PDF, STEP, DXF, HTML, images, archives): cited, not bundled for size; the repository at the snapshot commit holds it, and its sha256 here identifies it
v2/vendor/bosch/bosch-bme688.pdf	81ef21b64132dbceacd2f49a97d53c51b1608c42	2046627	climate-bme688	yes	fce73ae028a985b3265ce3dbc17ab5b7bea1ae31b7ea84c6698c7694083e2478	fce73ae028a985b3265ce3dbc17ab5b7bea1ae31b7ea84c6698c7694083e2478	MATCH	TBD	a maker document or CAD model (PDF, STEP, DXF, HTML, images, archives): cited, not bundled for size; the repository at the snapshot commit holds it, and its sha256 here identifies it
v2/vendor/bosch/bosch-bmi270.pdf	d4bfe80c8b61d701115d99a9199ee97d0de4f0d5	2636042	-	-	-	-	NOT_CITED_BY_SOURCES_YAML	-	a maker document or CAD model (PDF, STEP, DXF, HTML, images, archives): cited, not bundled for size; the repository at the snapshot commit holds it, and its sha256 here identifies it
v2/vendor/bosch/bosch-bmp390.pdf	a74d0a4cf183b91de3bf58f96a7e0d9684b4f323	1930878	-	-	-	-	NOT_CITED_BY_SOURCES_YAML	-	a maker document or CAD model (PDF, STEP, DXF, HTML, images, archives): cited, not bundled for size; the repository at the snapshot commit holds it, and its sha256 here identifies it
v2/vendor/bulgin/bulgin-4000-series-sealed-usb-c.pdf	b6e68ac507ebbe8ae5935345252bc022e59b3c50	1371119	wall-connectors-bulgin	no	bc353c794cafec7a6108fa6e8abdca3bc64d5e3f550d53c4741640e098365dea	bc353c794cafec7a6108fa6e8abdca3bc64d5e3f550d53c4741640e098365dea	MATCH	https://www.bulgin.com/products/pub/media/bulgin/data/4000_series_c_type.pdf	a maker document or CAD model (PDF, STEP, DXF, HTML, images, archives): cited, not bundled for size; the repository at the snapshot commit holds it, and its sha256 here identifies it
v2/vendor/bulgin/bulgin-px0833-sealed-rj45-coupler.pdf	305c9a4d5c0dff3cee006ba75bce586e3be558bb	108779	wall-connectors-bulgin	no	b0fb46464e073ab9d145d805346ae3bc5227237f303d70d3799be4d68d6874a8	b0fb46464e073ab9d145d805346ae3bc5227237f303d70d3799be4d68d6874a8	MATCH	https://www.bulgin.com/pdf/pdf.php?sku=PX0833	a maker document or CAD model (PDF, STEP, DXF, HTML, images, archives): cited, not bundled for size; the repository at the snapshot commit holds it, and its sha256 here identifies it
v2/vendor/bulgin/bulgin-pxp4043-micro-usb-rear-panel.pdf	8a672780eb6171cf1aa04fd45bcb6fdfa2666144	100545	wall-connectors-bulgin	no	245d895c678995b21d8d30c795b88ca0acf025abde2e5764a1938332d25d164b	245d895c678995b21d8d30c795b88ca0acf025abde2e5764a1938332d25d164b	MATCH	https://www.bulgin.com/pdf/pdf.php?sku=PXP4043	a maker document or CAD model (PDF, STEP, DXF, HTML, images, archives): cited, not bundled for size; the repository at the snapshot commit holds it, and its sha256 here identifies it
v2/vendor/bulgin/bulgin-pxp4043c-usb-c-rear-panel.pdf	0d47d6c6ca6438118cd33227c94ca73e7cbeb821	107178	wall-connectors-bulgin	no	cce556227a71f8956420e5deb3a72ed99d639d376ac75bd612d36d23fa6d1532	cce556227a71f8956420e5deb3a72ed99d639d376ac75bd612d36d23fa6d1532	MATCH	https://www.bulgin.com/pdf/pdf.php?sku=PXP4043/C	a maker document or CAD model (PDF, STEP, DXF, HTML, images, archives): cited, not bundled for size; the repository at the snapshot commit holds it, and its sha256 here identifies it
v2/vendor/cluster/an6048-daisy-chain-ksz.pdf	720c01a1bb937c225751f0602c4bad33741b6385	314059	-	-	-	-	NOT_CITED_BY_SOURCES_YAML	-	a maker document or CAD model (PDF, STEP, DXF, HTML, images, archives): cited, not bundled for size; the repository at the snapshot commit holds it, and its sha256 here identifies it
v2/vendor/cluster/computeblade-datasheet.pdf	1d9ed69d5d8f9f1180fb3ae64456c46d213c5686	4404219	-	-	-	-	NOT_CITED_BY_SOURCES_YAML	-	a maker document or CAD model (PDF, STEP, DXF, HTML, images, archives): cited, not bundled for size; the repository at the snapshot commit holds it, and its sha256 here identifies it
v2/vendor/cluster/geerling-cm5.html	83dcce98677c3802e2ccab571aecaed8eb6d6a98	20020	-	-	-	-	NOT_CITED_BY_SOURCES_YAML	-	a maker document or CAD model (PDF, STEP, DXF, HTML, images, archives): cited, not bundled for size; the repository at the snapshot commit holds it, and its sha256 here identifies it
v2/vendor/cluster/geerling-nanocluster.html	f9e3e3a59cec1af8ac157e5664064e35673abfd7	19221	-	-	-	-	NOT_CITED_BY_SOURCES_YAML	-	a maker document or CAD model (PDF, STEP, DXF, HTML, images, archives): cited, not bundled for size; the repository at the snapshot commit holds it, and its sha256 here identifies it
v2/vendor/cluster/ksz9893.pdf	c0133222e633a13097051b3b03f744de85247f76	1771507	-	-	-	-	NOT_CITED_BY_SOURCES_YAML	-	a maker document or CAD model (PDF, STEP, DXF, HTML, images, archives): cited, not bundled for size; the repository at the snapshot commit holds it, and its sha256 here identifies it
v2/vendor/cluster/ksz9897.pdf	56f6df593b1d720a23e7ff41faf88e7eba1b91cb	1519163	ethernet-magnetics,ethernet-switch	yes	02aab4c6a8065c497946191af10bc41f7299d9bbd98c8b3b1db5a51407c21bf0	02aab4c6a8065c497946191af10bc41f7299d9bbd98c8b3b1db5a51407c21bf0	MATCH	TBD | not recorded (folder line of sources.txt, cluster)	a maker document or CAD model (PDF, STEP, DXF, HTML, images, archives): cited, not bundled for size; the repository at the snapshot commit holds it, and its sha256 here identifies it
v2/vendor/cluster/ksz989x-hw-design-checklist.pdf	5cde16d969cee94a7cf721dc0001ff513975b5dd	1955497	ethernet-switch	yes	2a9d80931a0bed4b02c951846ab089def68d4f58d321efdd43539e4e12e17d2a	2a9d80931a0bed4b02c951846ab089def68d4f58d321efdd43539e4e12e17d2a	MATCH	-	a maker document or CAD model (PDF, STEP, DXF, HTML, images, archives): cited, not bundled for size; the repository at the snapshot commit holds it, and its sha256 here identifies it
v2/vendor/cluster/pca9615.pdf	698de9666c035c6031f1056634b06fefd696d3da	1062896	-	-	-	-	NOT_CITED_BY_SOURCES_YAML	-	a maker document or CAD model (PDF, STEP, DXF, HTML, images, archives): cited, not bundled for size; the repository at the snapshot commit holds it, and its sha256 here identifies it
v2/vendor/cluster/super4c.html	2675e31624765b6b9ec6b1bd66c7973eae8ca4fb	100863	-	-	-	-	NOT_CITED_BY_SOURCES_YAML	-	a maker document or CAD model (PDF, STEP, DXF, HTML, images, archives): cited, not bundled for size; the repository at the snapshot commit holds it, and its sha256 here identifies it
v2/vendor/cluster/tca9548a.pdf	7fa74b9b368326f1fbfab27f119239fe17ad0eb9	2772549	-	-	-	-	NOT_CITED_BY_SOURCES_YAML	-	a maker document or CAD model (PDF, STEP, DXF, HTML, images, archives): cited, not bundled for size; the repository at the snapshot commit holds it, and its sha256 here identifies it
v2/vendor/cluster/tmux1308.pdf	43df7bc02f3bf299792d85d9b95c0be011c5a923	2877110	-	-	-	-	NOT_CITED_BY_SOURCES_YAML	-	a maker document or CAD model (PDF, STEP, DXF, HTML, images, archives): cited, not bundled for size; the repository at the snapshot commit holds it, and its sha256 here identifies it
v2/vendor/cluster/ts3usb221.pdf	27d29e186c84f7e0fe12bbcd9fa6c807eb52f61c	2132155	usb2-host-mux	yes	037dc670f1762e962bbeed8d7e2cd434b1feb8969a9a1cb748c2c9f850b89e29	037dc670f1762e962bbeed8d7e2cd434b1feb8969a9a1cb748c2c9f850b89e29	MATCH	-	a maker document or CAD model (PDF, STEP, DXF, HTML, images, archives): cited, not bundled for size; the repository at the snapshot commit holds it, and its sha256 here identifies it
v2/vendor/cluster/ts3usb3031.pdf	55a4d697a2fd6f83be29f4879b505364e50d4fda	1668992	-	-	-	-	NOT_CITED_BY_SOURCES_YAML	-	a maker document or CAD model (PDF, STEP, DXF, HTML, images, archives): cited, not bundled for size; the repository at the snapshot commit holds it, and its sha256 here identifies it
v2/vendor/cm5/amphenol-10164227-bergstak-0.40mm-product-sheet.pdf	e10df7b777464c92529e0eb649e7ff787a8d1346	349378	cm5-receptacle	yes	825f39e43efc199fbc7346ec45a6dd3623e4ef38255edac8d69d435e854e4997	825f39e43efc199fbc7346ec45a6dd3623e4ef38255edac8d69d435e854e4997	MATCH	TBD	a maker document or CAD model (PDF, STEP, DXF, HTML, images, archives): cited, not bundled for size; the repository at the snapshot commit holds it, and its sha256 here identifies it
v2/vendor/cm5/amphenol-10164227-bergstak-drawing-revC.pdf	425c507722c392736d829f95fada5255be2bc141	1553342	cm5-receptacle	yes	0edf3ab9304f0f7ada1f79187e60ea6c6f593dd8ed81827d6e96e9b827e68b02	0edf3ab9304f0f7ada1f79187e60ea6c6f593dd8ed81827d6e96e9b827e68b02	MATCH	TBD	a maker document or CAD model (PDF, STEP, DXF, HTML, images, archives): cited, not bundled for size; the repository at the snapshot commit holds it, and its sha256 here identifies it
v2/vendor/cm5/cm5-antenna-kit-product-brief.pdf	197a408c699cfadd60f2471e370c8655ab350b0a	606566	-	-	-	-	NOT_CITED_BY_SOURCES_YAML	-	a maker document or CAD model (PDF, STEP, DXF, HTML, images, archives): cited, not bundled for size; the repository at the snapshot commit holds it, and its sha256 here identifies it
v2/vendor/cm5/cm5-product-brief.pdf	34c8141c7a4a062634d10354852468a9b3cd57da	13857161	-	-	-	-	NOT_CITED_BY_SOURCES_YAML	-	a maker document or CAD model (PDF, STEP, DXF, HTML, images, archives): cited, not bundled for size; the repository at the snapshot commit holds it, and its sha256 here identifies it
v2/vendor/cm5/cm5io-datasheet.pdf	3cf62a62b6c6c8a392584508917e042ce22a4c56	5781777	-	-	-	-	NOT_CITED_BY_SOURCES_YAML	-	a maker document or CAD model (PDF, STEP, DXF, HTML, images, archives): cited, not bundled for size; the repository at the snapshot commit holds it, and its sha256 here identifies it
v2/vendor/cm5/cm5io-kicad.zip	8c0f685bed6bc12d9013c6677f67423758c84d3a	3607418	-	-	-	-	NOT_CITED_BY_SOURCES_YAML	-	a maker document or CAD model (PDF, STEP, DXF, HTML, images, archives): cited, not bundled for size; the repository at the snapshot commit holds it, and its sha256 here identifies it
v2/vendor/cm5/cm5io-product-brief.pdf	5644fda7408dfc54afb77630a64c543a44fa7bb3	741765	-	-	-	-	NOT_CITED_BY_SOURCES_YAML	-	a maker document or CAD model (PDF, STEP, DXF, HTML, images, archives): cited, not bundled for size; the repository at the snapshot commit holds it, and its sha256 here identifies it
v2/vendor/cm5/linux-bcm2712-rpi-cm5.dtsi	dfad85a666a8a6ebb78371a909307664358da3fc	14879	cm5-receptacle	yes	bd97a9e44686112354dfc17e7af54cec6eba67a2afdd06ce7110c838642ec87b	bd97a9e44686112354dfc17e7af54cec6eba67a2afdd06ce7110c838642ec87b	MATCH	https://raw.githubusercontent.com/raspberrypi/linux/rpi-6.18.y/arch/arm64/boot/dts/broadcom/bcm2712-rpi-cm5.dtsi	a maker document or CAD model (PDF, STEP, DXF, HTML, images, archives): cited, not bundled for size; the repository at the snapshot commit holds it, and its sha256 here identifies it
v2/vendor/cm5/linux-bcm2712-rpi.dtsi	efbc2c5b9aee470c24f0570ff0b67e98c2131ab0	12567	cm5-receptacle	yes	6d09493a2912d8e616d2dbefe49892591023fb7d47ab08c61cb741da4fc681f0	6d09493a2912d8e616d2dbefe49892591023fb7d47ab08c61cb741da4fc681f0	MATCH	https://raw.githubusercontent.com/raspberrypi/linux/rpi-6.18.y/arch/arm64/boot/dts/broadcom/bcm2712-rpi.dtsi	a maker document or CAD model (PDF, STEP, DXF, HTML, images, archives): cited, not bundled for size; the repository at the snapshot commit holds it, and its sha256 here identifies it
v2/vendor/coilcraft/coilcraft-xal40xx-series.pdf	191a30608167d9bea8c52f2eb5aba6ba92557c0b	210340	-	-	-	-	NOT_CITED_BY_SOURCES_YAML	-	a maker document or CAD model (PDF, STEP, DXF, HTML, images, archives): cited, not bundled for size; the repository at the snapshot commit holds it, and its sha256 here identifies it
v2/vendor/coilcraft/coilcraft-xal60xx-series.pdf	58c93845eb6f43d4e5461a7d09a853ee41a1d357	223472	-	-	-	-	NOT_CITED_BY_SOURCES_YAML	-	a maker document or CAD model (PDF, STEP, DXF, HTML, images, archives): cited, not bundled for size; the repository at the snapshot commit holds it, and its sha256 here identifies it
v2/vendor/connectors/amphenol-rjhse5380-rj45-jack.pdf	d86000046d82dac918b73a1d6b1a0f5d7b455d00	481103	-	-	-	-	NOT_CITED_BY_SOURCES_YAML	-	a maker document or CAD model (PDF, STEP, DXF, HTML, images, archives): cited, not bundled for size; the repository at the snapshot commit holds it, and its sha256 here identifies it
v2/vendor/connectors/gct-sim8060-nano-sim-socket.pdf	02461fa090aa1f5fe1468048296b7e1b41583e86	866263	-	-	-	-	NOT_CITED_BY_SOURCES_YAML	-	a maker document or CAD model (PDF, STEP, DXF, HTML, images, archives): cited, not bundled for size; the repository at the snapshot commit holds it, and its sha256 here identifies it
v2/vendor/connectors/hongcheng-usb3-a-receptacle.pdf	91cc1e2fdb7271d60c8d696d0c7fc6318a3c7b13	230151	-	-	-	-	NOT_CITED_BY_SOURCES_YAML	-	a maker document or CAD model (PDF, STEP, DXF, HTML, images, archives): cited, not bundled for size; the repository at the snapshot commit holds it, and its sha256 here identifies it
v2/vendor/connectors/jst-ph-catalogue.pdf	8c37a486bcd08cbcaf184fedf531f850d0b5d96c	103369	jst-ph-headers	yes	447624f4f2f7d37c58c1eaa7ee314ad757fe7aff48f6186491ef6f69fbc00b96	447624f4f2f7d37c58c1eaa7ee314ad757fe7aff48f6186491ef6f69fbc00b96	MATCH	https://www.jst-mfg.com/product/pdf/eng/ePH.pdf	a maker document or CAD model (PDF, STEP, DXF, HTML, images, archives): cited, not bundled for size; the repository at the snapshot commit holds it, and its sha256 here identifies it
v2/vendor/connectors/jst-vh-catalogue.pdf	d3b204fc6364589eee9386d98ba128904dbadef9	122881	power-leads-jst-vh	yes	d51e669c597988b20c0963daf5bef7356cbd2104c1f867e9107c6fa6cd2b899c	d51e669c597988b20c0963daf5bef7356cbd2104c1f867e9107c6fa6cd2b899c	MATCH	https://www.jst-mfg.com/product/pdf/eng/eVH.pdf	a maker document or CAD model (PDF, STEP, DXF, HTML, images, archives): cited, not bundled for size; the repository at the snapshot commit holds it, and its sha256 here identifies it
v2/vendor/connectors/jst-xh-catalogue.pdf	7765517cb656eaddfbb0e598bae3a05c1a229201	175724	pack-and-lid-leads-jst-xh	yes	9426b136902f11900825077535e5c65032b7fbc31ffb59c5e9e1f463bb20fb90	9426b136902f11900825077535e5c65032b7fbc31ffb59c5e9e1f463bb20fb90	MATCH	https://www.jst-mfg.com/product/pdf/eng/eXH.pdf	a maker document or CAD model (PDF, STEP, DXF, HTML, images, archives): cited, not bundled for size; the repository at the snapshot commit holds it, and its sha256 here identifies it
v2/vendor/connectors/millmax-0858-product-page-20260927.html	597a3f38972f0bb5c10fc156dab197bbeaeca2e7	60012	pack-spring-pins-millmax-0858	yes	7a11ec390b01e69fd2fca595260d60a5aca2bd1f5b83a20670b30ad11ccc4883	7a11ec390b01e69fd2fca595260d60a5aca2bd1f5b83a20670b30ad11ccc4883	MATCH	https://www.mill-max.com/products/discrete-spring-loaded-pins/spring-loaded-pin-with-standard-tail/0858	a maker document or CAD model (PDF, STEP, DXF, HTML, images, archives): cited, not bundled for size; the repository at the snapshot commit holds it, and its sha256 here identifies it
v2/vendor/connectors/millmax-rugged-power-spring-pins-page28.pdf	2ff6d4b6a670286e2dc83f62b5963975d12f7830	3850294	pack-spring-pins-millmax-0858	yes	8ef40cd98d95c653ce506a1af457656b287a475342684ac110cf594f923782d6	8ef40cd98d95c653ce506a1af457656b287a475342684ac110cf594f923782d6	MATCH	https://www.mill-max.com/sites/default/files/external/assets/2017-12/Rugged%20Spring%20Pins.pdf	a maker document or CAD model (PDF, STEP, DXF, HTML, images, archives): cited, not bundled for size; the repository at the snapshot commit holds it, and its sha256 here identifies it
v2/vendor/connectors/shouhan-nano-sim-7p.pdf	b0086c1b37188d61e96dd5872a0bc5213018a267	801653	-	-	-	-	NOT_CITED_BY_SOURCES_YAML	-	a maker document or CAD model (PDF, STEP, DXF, HTML, images, archives): cited, not bundled for size; the repository at the snapshot commit holds it, and its sha256 here identifies it
v2/vendor/connectors/wurth-wr-bhd-box-header-61201021621.pdf	f00f109390aebb4a78c95bc9a6f3519e99408b2f	947331	ribbon-headers-idc	yes	dbaa4765e57457ac68cc667d33da6128b63651ee25a5938b713a91b21c58a929	dbaa4765e57457ac68cc667d33da6128b63651ee25a5938b713a91b21c58a929	MATCH	https://www.we-online.com/components/products/datasheet/61201021621.pdf	a maker document or CAD model (PDF, STEP, DXF, HTML, images, archives): cited, not bundled for size; the repository at the snapshot commit holds it, and its sha256 here identifies it
v2/vendor/connectors/wurth-wr-bhd-box-header-61201621621.pdf	6245375f9ec16aeb69256a9a6074594ced5a26db	947361	ribbon-headers-idc	yes	0df87add7e40d43c6154ff4d0b47710515a4fd9972b4fbe13c5d55295497b364	0df87add7e40d43c6154ff4d0b47710515a4fd9972b4fbe13c5d55295497b364	MATCH	https://www.we-online.com/components/products/datasheet/61201621621.pdf	a maker document or CAD model (PDF, STEP, DXF, HTML, images, archives): cited, not bundled for size; the repository at the snapshot commit holds it, and its sha256 here identifies it
v2/vendor/connectors/wurth-wr-bhd-box-header-61202621621.pdf	9ada3dd4879a2e053b63a0a8f51e56616914cee5	947291	ribbon-headers-idc	yes	38509e478ba394d0c87d25b3d16442d8f77d0eb3ccb90357a5a4639010fcc248	38509e478ba394d0c87d25b3d16442d8f77d0eb3ccb90357a5a4639010fcc248	MATCH	https://www.we-online.com/components/products/datasheet/61202621621.pdf	a maker document or CAD model (PDF, STEP, DXF, HTML, images, archives): cited, not bundled for size; the repository at the snapshot commit holds it, and its sha256 here identifies it
v2/vendor/connectors/wurth-wr-bhd-idc-socket-61201023021.pdf	c9b1a196d60dd06141931f6302ddc2aad3e90170	663484	ribbon-headers-idc	yes	259dc513fa09e9114529f274e15f532adb71c43fed911ee871a8821c7d318bf7	259dc513fa09e9114529f274e15f532adb71c43fed911ee871a8821c7d318bf7	MATCH	https://www.we-online.com/components/products/datasheet/61201023021.pdf	a maker document or CAD model (PDF, STEP, DXF, HTML, images, archives): cited, not bundled for size; the repository at the snapshot commit holds it, and its sha256 here identifies it
v2/vendor/connectors/wurth-wr-bhd-idc-socket-61201623021.pdf	ea97868da6f52d1d9c9582988de41e840f5c0156	663523	ribbon-headers-idc	yes	9477ffdc02af63552cbb1919ff84abc44abbc6446fa3ab00c1573d0f11b97913	9477ffdc02af63552cbb1919ff84abc44abbc6446fa3ab00c1573d0f11b97913	MATCH	https://www.we-online.com/components/products/datasheet/61201623021.pdf	a maker document or CAD model (PDF, STEP, DXF, HTML, images, archives): cited, not bundled for size; the repository at the snapshot commit holds it, and its sha256 here identifies it
v2/vendor/connectors/wurth-wr-bhd-idc-socket-61202623021.pdf	226398f9ac114dcec2adab17d7d76269b0cffea3	663620	ribbon-headers-idc	yes	6f7254b5bcf6f837ddd0540a002071371b19e2586fca48979b00ebf3f2dff623	6f7254b5bcf6f837ddd0540a002071371b19e2586fca48979b00ebf3f2dff623	MATCH	https://www.we-online.com/components/products/datasheet/61202623021.pdf	a maker document or CAD model (PDF, STEP, DXF, HTML, images, archives): cited, not bundled for size; the repository at the snapshot commit holds it, and its sha256 here identifies it
v2/vendor/connectors/wurth-wr-cab-ribbon-63911015521cab.pdf	dc2b58710a0ebe008364877918d20da8ae83714e	455728	ribbon-headers-idc	yes	4b4b78e0c17b7f1d4be739c1f9d4e17230c0b14eca8188ef0b12b9ce9156c68b	4b4b78e0c17b7f1d4be739c1f9d4e17230c0b14eca8188ef0b12b9ce9156c68b	MATCH	https://www.we-online.com/components/products/datasheet/63911015521CAB.pdf	a maker document or CAD model (PDF, STEP, DXF, HTML, images, archives): cited, not bundled for size; the repository at the snapshot commit holds it, and its sha256 here identifies it
v2/vendor/connectors/wurth-wr-cab-ribbon-63911615521cab.pdf	1210d5cc1b032b754a9c164b457657ea4a6f1ffa	455634	ribbon-headers-idc	yes	b076f824f67b9ee7bf5fe475cba663448b2d7d214abc43ddb22bac28a80e8d98	b076f824f67b9ee7bf5fe475cba663448b2d7d214abc43ddb22bac28a80e8d98	MATCH	https://www.we-online.com/components/products/datasheet/63911615521CAB.pdf	a maker document or CAD model (PDF, STEP, DXF, HTML, images, archives): cited, not bundled for size; the repository at the snapshot commit holds it, and its sha256 here identifies it
v2/vendor/connectors/wurth-wr-cab-ribbon-63912615521cab.pdf	1fd23964003ec3357cf3c6454c4abfd5364d4ddb	455751	ribbon-headers-idc	yes	fdee657377aed9acce6d325d6dc53828fe7236be132a2f6c3b74641dc67ded8a	fdee657377aed9acce6d325d6dc53828fe7236be132a2f6c3b74641dc67ded8a	MATCH	https://www.we-online.com/components/products/datasheet/63912615521CAB.pdf	a maker document or CAD model (PDF, STEP, DXF, HTML, images, archives): cited, not bundled for size; the repository at the snapshot commit holds it, and its sha256 here identifies it
v2/vendor/connectors/wurth-wr-com-usb3-a-692122030100.pdf	3ee1de72667078ddd9111d029bdf964e4abb9553	737801	-	-	-	-	NOT_CITED_BY_SOURCES_YAML	-	a maker document or CAD model (PDF, STEP, DXF, HTML, images, archives): cited, not bundled for size; the repository at the snapshot commit holds it, and its sha256 here identifies it
v2/vendor/crystals/epson-tsx-3225-x1e0000210139.pdf	2695311e87cec4916fa1a32c6ac90f62e596be48	707914	board-b-25mhz-crystals	yes	4e9c0baa33e30d2d40d6cf3baf5a46e43ac2d3d5ed5b27246829c28469d475e6	4e9c0baa33e30d2d40d6cf3baf5a46e43ac2d3d5ed5b27246829c28469d475e6	MATCH	https://datasheet.lcsc.com/datasheet/pdf/0d18bdcfc6729dd0d95eefcfc4755fee.pdf?productCode=C91750 (LCSC's copy)	a maker document or CAD model (PDF, STEP, DXF, HTML, images, archives): cited, not bundled for size; the repository at the snapshot commit holds it, and its sha256 here identifies it
v2/vendor/crystals/yajingxin-taxm25m4rfbcct2t-spec-2026-08-26.pdf	ae6fe445754009bddae9fffb043794b23c4e4f08	754041	board-b-25mhz-crystals	yes	cf02a0872e39ea73aafe2589609f263899165c8daaf7fbb55f808a89d23dbbc2	cf02a0872e39ea73aafe2589609f263899165c8daaf7fbb55f808a89d23dbbc2	MATCH	https://datasheet.lcsc.com/datasheet/pdf/3086cc872f6c9505eebaf3751fb73fcd.pdf?productCode=C164047 (LCSC's copy)	a maker document or CAD model (PDF, STEP, DXF, HTML, images, archives): cited, not bundled for size; the repository at the snapshot commit holds it, and its sha256 here identifies it
v2/vendor/crystals/yxc-ysx321sl-x322525mob4si.pdf	a51c96b235eb4bcb46d3852c667c510de40d4dac	507889	board-b-25mhz-crystals	yes	7bc18549e407d8e381075b0f5fc696e48cf0fa060aeee67971925f43cfdfbb8b	7bc18549e407d8e381075b0f5fc696e48cf0fa060aeee67971925f43cfdfbb8b	MATCH	https://datasheet.lcsc.com/datasheet/pdf/a84bd8d530dd46e4b0f6d0ee59d8a89c.pdf?productCode=C9006 (LCSC's copy)	a maker document or CAD model (PDF, STEP, DXF, HTML, images, archives): cited, not bundled for size; the repository at the snapshot commit holds it, and its sha256 here identifies it
v2/vendor/d38999/amphenol-d38999-iii-federal.pdf	064860e69dc85fd715fe8b67b6597b91fc9954da	3592957	wall-d38999-and-usb-feedthrough	no	13a19268ba5939d9e4df5a20f9db84bb72e86525b82f0586c85696e42c126a2b	13a19268ba5939d9e4df5a20f9db84bb72e86525b82f0586c85696e42c126a2b	MATCH	not recorded (folder line of sources.txt)	a maker document or CAD model (PDF, STEP, DXF, HTML, images, archives): cited, not bundled for size; the repository at the snapshot commit holds it, and its sha256 here identifies it
v2/vendor/d38999/cables/alpha-25064-spec.pdf	61778a8cf09495db99235336283373bcd94210d3	413493	-	-	-	-	NOT_CITED_BY_SOURCES_YAML	-	a maker document or CAD model (PDF, STEP, DXF, HTML, images, archives): cited, not bundled for size; the repository at the snapshot commit holds it, and its sha256 here identifies it
v2/vendor/d38999/cables/alpha-5064C-spec.pdf	7b2a9aab5ec282b86f0ace1953fc2b6eb02bbabd	416670	-	-	-	-	NOT_CITED_BY_SOURCES_YAML	-	a maker document or CAD model (PDF, STEP, DXF, HTML, images, archives): cited, not bundled for size; the repository at the snapshot commit holds it, and its sha256 here identifies it
v2/vendor/d38999/cables/lapp-olflex-robust-210-product-information.pdf	bf1697d7314005b4a6d26d0407d09552dcffa4bb	331366	-	-	-	-	NOT_CITED_BY_SOURCES_YAML	-	a maker document or CAD model (PDF, STEP, DXF, HTML, images, archives): cited, not bundled for size; the repository at the snapshot commit holds it, and its sha256 here identifies it
v2/vendor/d38999/glenair-233-340.pdf	3deae8b0693479857c4ae064e6297ed879c6e743	767398	-	-	-	-	NOT_CITED_BY_SOURCES_YAML	-	a maker document or CAD model (PDF, STEP, DXF, HTML, images, archives): cited, not bundled for size; the repository at the snapshot commit holds it, and its sha256 here identifies it
v2/vendor/d38999/glenair-233-345.pdf	cba569fb7ad53fffde0b99e96c218683b41ca81d	846257	-	-	-	-	NOT_CITED_BY_SOURCES_YAML	-	a maker document or CAD model (PDF, STEP, DXF, HTML, images, archives): cited, not bundled for size; the repository at the snapshot commit holds it, and its sha256 here identifies it
v2/vendor/d38999/glenair-233-370.pdf	2fc16951d7509d2c25b44125ad0879971a1fefe7	631033	wall-d38999-and-usb-feedthrough	no	c150602684aa1fa0fb445b0861dd7c2d031d6e443fac934795c739ec13555a28	c150602684aa1fa0fb445b0861dd7c2d031d6e443fac934795c739ec13555a28	MATCH	https://www.glenair.com/superseal/38999-type/usb-2.0/pdf/233-370.pdf (the maker's path; glenair.com and cdn.glenair.com answered HTTP 403 on 2026-09-27T03:57Z and the Internet Archive was offline, so currency is unconfirmed)	a maker document or CAD model (PDF, STEP, DXF, HTML, images, archives): cited, not bundled for size; the repository at the snapshot commit holds it, and its sha256 here identifies it
v2/vendor/d38999/glenair-2330-0015.pdf	3ce4236a4f4d322a7be6f809414f177480c43b34	652365	-	-	-	-	NOT_CITED_BY_SOURCES_YAML	-	a maker document or CAD model (PDF, STEP, DXF, HTML, images, archives): cited, not bundled for size; the repository at the snapshot commit holds it, and its sha256 here identifies it
v2/vendor/d38999/glenair-2330-0069.pdf	93b60d817360a89c1267996517051dc27f3fb2bd	685955	-	-	-	-	NOT_CITED_BY_SOURCES_YAML	-	a maker document or CAD model (PDF, STEP, DXF, HTML, images, archives): cited, not bundled for size; the repository at the snapshot commit holds it, and its sha256 here identifies it
v2/vendor/d38999/glenair-as85049-124.pdf	a627bbf65d0d30cd5f9b936a06d590a1f0fe21bc	63937	-	-	-	-	NOT_CITED_BY_SOURCES_YAML	-	a maker document or CAD model (PDF, STEP, DXF, HTML, images, archives): cited, not bundled for size; the repository at the snapshot commit holds it, and its sha256 here identifies it
v2/vendor/d38999/glenair-as85049-38.pdf	1960832447c6076ea58ffe7aea35de0fc4327fdc	196445	-	-	-	-	NOT_CITED_BY_SOURCES_YAML	-	a maker document or CAD model (PDF, STEP, DXF, HTML, images, archives): cited, not bundled for size; the repository at the snapshot commit holds it, and its sha256 here identifies it
v2/vendor/d38999/glenair-backshells-accessories-selection-guide.pdf	8ab67c4748880f7e96c73183ef49e266b5ba5097	257838	-	-	-	-	NOT_CITED_BY_SOURCES_YAML	-	a maker document or CAD model (PDF, STEP, DXF, HTML, images, archives): cited, not bundled for size; the repository at the snapshot commit holds it, and its sha256 here identifies it
v2/vendor/d38999/glenair-contact-crimp-and-installation-tools.pdf	28a1837f04eca2d872542849aad059f5a22ca72c	746089	-	-	-	-	NOT_CITED_BY_SOURCES_YAML	-	a maker document or CAD model (PDF, STEP, DXF, HTML, images, archives): cited, not bundled for size; the repository at the snapshot commit holds it, and its sha256 here identifies it
v2/vendor/d38999/glenair-d38999-20.pdf	327fbdc072f9746a725b251ae5a8bb5f63b78e33	387885	wall-d38999-and-usb-feedthrough	no	33feff93dd3f41f6645f4a46a30dcf47d9430f0002e8a0f6f02a1eb81a79c9ef	33feff93dd3f41f6645f4a46a30dcf47d9430f0002e8a0f6f02a1eb81a79c9ef	MATCH	not recorded (folder line of sources.txt)	a maker document or CAD model (PDF, STEP, DXF, HTML, images, archives): cited, not bundled for size; the repository at the snapshot commit holds it, and its sha256 here identifies it
v2/vendor/d38999/glenair-d38999-26.pdf	1ed5200c0581491f1b520a63edb83bb4c1efd3c7	408786	wall-d38999-and-usb-feedthrough	no	5b47e66949e5a0ce5772e415c9d3f32dfa4f33087f578aa9ebe6c14472767f51	5b47e66949e5a0ce5772e415c9d3f32dfa4f33087f578aa9ebe6c14472767f51	MATCH	not recorded (folder line of sources.txt)	a maker document or CAD model (PDF, STEP, DXF, HTML, images, archives): cited, not bundled for size; the repository at the snapshot commit holds it, and its sha256 here identifies it
v2/vendor/d38999/glenair-series-iii-env-overview.pdf	4defd20abb0671d6a57d9c283ca02d4fbbadb116	1716699	-	-	-	-	NOT_CITED_BY_SOURCES_YAML	-	a maker document or CAD model (PDF, STEP, DXF, HTML, images, archives): cited, not bundled for size; the repository at the snapshot commit holds it, and its sha256 here identifies it
v2/vendor/d38999/glenair-series-iii-iv-panel-cutouts.pdf	902a31841f6cbf3e049cd0a45e24d18a26adbdae	94165	-	-	-	-	NOT_CITED_BY_SOURCES_YAML	-	a maker document or CAD model (PDF, STEP, DXF, HTML, images, archives): cited, not bundled for size; the repository at the snapshot commit holds it, and its sha256 here identifies it
v2/vendor/d38999/glenair-series-iii-iv-pin-contact-selection.pdf	af6981757dc63aa8699a21ad21928ab2261472de	80147	-	-	-	-	NOT_CITED_BY_SOURCES_YAML	-	a maker document or CAD model (PDF, STEP, DXF, HTML, images, archives): cited, not bundled for size; the repository at the snapshot commit holds it, and its sha256 here identifies it
v2/vendor/d38999/glenair-series-iii-iv-socket-contact-selection.pdf	55ef44330a658c8fc1ed99413fbdce432937f3c3	94882	-	-	-	-	NOT_CITED_BY_SOURCES_YAML	-	a maker document or CAD model (PDF, STEP, DXF, HTML, images, archives): cited, not bundled for size; the repository at the snapshot commit holds it, and its sha256 here identifies it
v2/vendor/d38999/glenair-usb-2.0-product-selection-guide.pdf	c6dc9a9aea94119d34f51315d82562e27dd5625e	1335607	-	-	-	-	NOT_CITED_BY_SOURCES_YAML	-	a maker document or CAD model (PDF, STEP, DXF, HTML, images, archives): cited, not bundled for size; the repository at the snapshot commit holds it, and its sha256 here identifies it
v2/vendor/diodes/diodes-74lvc1g17.pdf	8e75946befe3a6bbaf08314d70a92ec6460ddfef	534960	panel-schmitt-buffers	yes	029f345a1e7be917fee46d47c49a61963938e0aab1631b019fe7eddb014fb548	029f345a1e7be917fee46d47c49a61963938e0aab1631b019fe7eddb014fb548	MATCH	https://www.diodes.com/assets/Datasheets/74LVC1G17.pdf	a maker document or CAD model (PDF, STEP, DXF, HTML, images, archives): cited, not bundled for size; the repository at the snapshot commit holds it, and its sha256 here identifies it
v2/vendor/diodes/diodes-74lvc1g34.pdf	9349770608acae192a32d3e506ca162c6bad1b7b	498243	board-d-ptt-emcon-logic	yes	efd2d7978bb880b7e07e05dee034b87701f12b834aa8132b6f61ce3705187a98	efd2d7978bb880b7e07e05dee034b87701f12b834aa8132b6f61ce3705187a98	MATCH	https://www.diodes.com/assets/Datasheets/74LVC1G34.pdf	a maker document or CAD model (PDF, STEP, DXF, HTML, images, archives): cited, not bundled for size; the repository at the snapshot commit holds it, and its sha256 here identifies it
v2/vendor/diodes/diodes-ap2112-ldo.pdf	431944e3c16ede870a4887569609add309949c94	755270	-	-	-	-	NOT_CITED_BY_SOURCES_YAML	-	a maker document or CAD model (PDF, STEP, DXF, HTML, images, archives): cited, not bundled for size; the repository at the snapshot commit holds it, and its sha256 here identifies it
v2/vendor/diodes/diodes-ap63200-series-buck.pdf	7fe05cdd972f07b78487c12926bd1f50a071b62a	1226090	buck-ap63205	yes	ef99daa3789d835bc025dfcb4c605c5c2e6d3e7223e86d40b33e6b497ea5a722	ef99daa3789d835bc025dfcb4c605c5c2e6d3e7223e86d40b33e6b497ea5a722	MATCH	https://www.diodes.com/assets/Datasheets/AP63200-AP63201-AP63203-AP63205.pdf (sources.txt)	a maker document or CAD model (PDF, STEP, DXF, HTML, images, archives): cited, not bundled for size; the repository at the snapshot commit holds it, and its sha256 here identifies it
v2/vendor/diodes/diodes-bat46w.pdf	087b062ad3646e44551dbcfd82b9a8c6f8486792	621388	buck-boost-bootstrap-diodes	yes	3bc31f4a5302521c7e298f95aef7e3425ea68ae287bd28a6cfa8d0689fcbe56b	3bc31f4a5302521c7e298f95aef7e3425ea68ae287bd28a6cfa8d0689fcbe56b	MATCH	https://www.diodes.com/assets/Datasheets/BAT46W.pdf	a maker document or CAD model (PDF, STEP, DXF, HTML, images, archives): cited, not bundled for size; the repository at the snapshot commit holds it, and its sha256 here identifies it
v2/vendor/diodes/diodes-bzt52c-ds18004.pdf	709fffa2622c046e04c184d7184f287bb3923167	395331	zener-bzt52c12	yes	0fbd7d137524820f0160594065cbceb8c6b3188757c328416d08fceb7418202f	0fbd7d137524820f0160594065cbceb8c6b3188757c328416d08fceb7418202f	MATCH	https://www.diodes.com/assets/Datasheets/ds18004.pdf	a maker document or CAD model (PDF, STEP, DXF, HTML, images, archives): cited, not bundled for size; the repository at the snapshot commit holds it, and its sha256 here identifies it
v2/vendor/diodes/diodes-pi3hdx414.pdf	bebc97f2ecaf7992370b578a14434d4adf95efbe	1163633	-	-	-	-	NOT_CITED_BY_SOURCES_YAML	-	a maker document or CAD model (PDF, STEP, DXF, HTML, images, archives): cited, not bundled for size; the repository at the snapshot commit holds it, and its sha256 here identifies it
v2/vendor/diodes/diodes-pi7c9x2g304sl.pdf	984d039a7eaa9b54beb7758e33ffd6874bbd1724	2000238	-	-	-	-	NOT_CITED_BY_SOURCES_YAML	-	a maker document or CAD model (PDF, STEP, DXF, HTML, images, archives): cited, not bundled for size; the repository at the snapshot commit holds it, and its sha256 here identifies it
v2/vendor/diodes/diodes-pi7c9x2g404sl.pdf	de7c8971465746756525ba8cbf01f7a6849f6440	2097855	pcie-switch	yes	675fa7ee40c91ad64db5e25abd75da2bc4c8e8e42f1569079d3b9cf1f2114687	675fa7ee40c91ad64db5e25abd75da2bc4c8e8e42f1569079d3b9cf1f2114687	MATCH	TBD	a maker document or CAD model (PDF, STEP, DXF, HTML, images, archives): cited, not bundled for size; the repository at the snapshot commit holds it, and its sha256 here identifies it
v2/vendor/diodes/diodes-smbj-ds19002.pdf	ef6e99d9137464652c2df92af7df33c6b764a0f6	498941	tvs-surge-clamps	yes	752945fa3acaf46947c4f9ffdca98027af4ffb4845c5250713f0b608a547d97f	752945fa3acaf46947c4f9ffdca98027af4ffb4845c5250713f0b608a547d97f	MATCH	https://www.diodes.com/assets/Datasheets/ds19002.pdf	a maker document or CAD model (PDF, STEP, DXF, HTML, images, archives): cited, not bundled for size; the repository at the snapshot commit holds it, and its sha256 here identifies it
v2/vendor/dmr858/dmr818s-5w-v1.7.pdf	d1c93329f32a86d535845cc2435c501a2c91e4f8	817039	-	-	-	-	NOT_CITED_BY_SOURCES_YAML	-	a maker document or CAD model (PDF, STEP, DXF, HTML, images, archives): cited, not bundled for size; the repository at the snapshot commit holds it, and its sha256 here identifies it
v2/vendor/dmr858/dmr858-logifind.pdf	df05513fea5e14b8cb271ea98369751a787e8b10	880204	-	-	-	-	NOT_CITED_BY_SOURCES_YAML	-	a maker document or CAD model (PDF, STEP, DXF, HTML, images, archives): cited, not bundled for size; the repository at the snapshot commit holds it, and its sha256 here identifies it
v2/vendor/dmr858/dmr858m-datasheet.pdf	ffb8302b5dd66343fc9fb9082a1d2d9ac3daeeb1	552	-	-	-	-	NOT_CITED_BY_SOURCES_YAML	-	a maker document or CAD model (PDF, STEP, DXF, HTML, images, archives): cited, not bundled for size; the repository at the snapshot commit holds it, and its sha256 here identifies it
v2/vendor/dmr858/dmr858m-mech-10.png	17190bfa4c2ccd0bfc67a9ded4e054a50e03bf8b	506395	-	-	-	-	NOT_CITED_BY_SOURCES_YAML	-	a maker document or CAD model (PDF, STEP, DXF, HTML, images, archives): cited, not bundled for size; the repository at the snapshot commit holds it, and its sha256 here identifies it
v2/vendor/dmr858/dmr858m-page.html	531295216a0fa052cb34b23c8fc85e74397277fe	143	-	-	-	-	NOT_CITED_BY_SOURCES_YAML	-	a maker document or CAD model (PDF, STEP, DXF, HTML, images, archives): cited, not bundled for size; the repository at the snapshot commit holds it, and its sha256 here identifies it
v2/vendor/dmr858/dmr858m-v1.2.pdf	c6cf1d45e2beccd987e95401f93043391ca30420	1078571	-	-	-	-	NOT_CITED_BY_SOURCES_YAML	-	a maker document or CAD model (PDF, STEP, DXF, HTML, images, archives): cited, not bundled for size; the repository at the snapshot commit holds it, and its sha256 here identifies it
v2/vendor/dmr858/dmr858s.pdf	37571d08cd546ac0589127a330569735d29b9949	1504318	-	-	-	-	NOT_CITED_BY_SOURCES_YAML	-	a maker document or CAD model (PDF, STEP, DXF, HTML, images, archives): cited, not bundled for size; the repository at the snapshot commit holds it, and its sha256 here identifies it
v2/vendor/dmr858/nicerf-download.html	e51cc1a783712a3cc7b9b79833c65607f047b7e4	119	-	-	-	-	NOT_CITED_BY_SOURCES_YAML	-	a maker document or CAD model (PDF, STEP, DXF, HTML, images, archives): cited, not bundled for size; the repository at the snapshot commit holds it, and its sha256 here identifies it
v2/vendor/dmr858/nxp-sc16is740-750-760-datasheet.pdf	0fefae3480127c342494c49d041eecc543ca0406	758123	-	-	-	-	NOT_CITED_BY_SOURCES_YAML	-	a maker document or CAD model (PDF, STEP, DXF, HTML, images, archives): cited, not bundled for size; the repository at the snapshot commit holds it, and its sha256 here identifies it
v2/vendor/ebyte/e22-900m30s-spec-zh.pdf	12a491e01d64585127645c98b4a4ef04fbf31771	1277678	lora-module	yes	fa65f7f7d2412ac4af466b2a4761902897a719f0fbd952e3ffac20ad0c3ed55b	fa65f7f7d2412ac4af466b2a4761902897a719f0fbd952e3ffac20ad0c3ed55b	MATCH	-	a maker document or CAD model (PDF, STEP, DXF, HTML, images, archives): cited, not bundled for size; the repository at the snapshot commit holds it, and its sha256 here identifies it
v2/vendor/ebyte/e22-m-series-user-manual.pdf	316582343b9ac400244701a9e4b1f0630c71accc	1729331	-	-	-	-	NOT_CITED_BY_SOURCES_YAML	-	a maker document or CAD model (PDF, STEP, DXF, HTML, images, archives): cited, not bundled for size; the repository at the snapshot commit holds it, and its sha256 here identifies it
v2/vendor/everlight/everlight-el817-optocoupler.pdf	3cf27e460e617f6a5a1fb8fd732217ea5b5814e7	1138039	-	-	-	-	NOT_CITED_BY_SOURCES_YAML	-	a maker document or CAD model (PDF, STEP, DXF, HTML, images, archives): cited, not bundled for size; the repository at the snapshot commit holds it, and its sha256 here identifies it
v2/vendor/fans/sunon-dc-fan-catalogue-240A-pp18-40-extract.pdf	8fccb72e6ff4e823bffd4223f12ea10778450875	273117	-	-	-	-	NOT_CITED_BY_SOURCES_YAML	-	a maker document or CAD model (PDF, STEP, DXF, HTML, images, archives): cited, not bundled for size; the repository at the snapshot commit holds it, and its sha256 here identifies it
v2/vendor/gnss/ublox-max-m10s-datasheet-UBX-20035208-R08.pdf	e178475c64b37e3f96f99ea002e8a6e75a3b963f	3259178	-	-	-	-	NOT_CITED_BY_SOURCES_YAML	-	a maker document or CAD model (PDF, STEP, DXF, HTML, images, archives): cited, not bundled for size; the repository at the snapshot commit holds it, and its sha256 here identifies it
v2/vendor/gnss/ublox-neo-m9n-00b-datasheet-UBX-19014285-R08.pdf	2a5c5e9629e8447a7312f4748565d65a656d2b97	653973	-	-	-	-	NOT_CITED_BY_SOURCES_YAML	-	a maker document or CAD model (PDF, STEP, DXF, HTML, images, archives): cited, not bundled for size; the repository at the snapshot commit holds it, and its sha256 here identifies it
v2/vendor/gnss/ublox-neo-m9n-integration-manual-UBX-19014286-R10.pdf	976b2970723ad26af878f97a730da2164acff127	4072746	-	-	-	-	NOT_CITED_BY_SOURCES_YAML	-	a maker document or CAD model (PDF, STEP, DXF, HTML, images, archives): cited, not bundled for size; the repository at the snapshot commit holds it, and its sha256 here identifies it
v2/vendor/gnss/ublox-sam-m10q-datasheet-UBX-22013293-R05.pdf	309c8a47d418975c33c606b07cc5c07b1c0d3d5a	2064657	-	-	-	-	NOT_CITED_BY_SOURCES_YAML	-	a maker document or CAD model (PDF, STEP, DXF, HTML, images, archives): cited, not bundled for size; the repository at the snapshot commit holds it, and its sha256 here identifies it
v2/vendor/hirose/hirose-fh12-series-ffc-connectors.pdf	27430e785ed4ece9d2849dfaff2ef6738597c6ba	864017	-	-	-	-	NOT_CITED_BY_SOURCES_YAML	-	a maker document or CAD model (PDF, STEP, DXF, HTML, images, archives): cited, not bundled for size; the repository at the snapshot commit holds it, and its sha256 here identifies it
v2/vendor/hirose/hirose-fh34-series-ffc-connectors.pdf	881ed7abc49f84c55fde52dbc9fd4801d7f07c6e	671567	-	-	-	-	NOT_CITED_BY_SOURCES_YAML	-	a maker document or CAD model (PDF, STEP, DXF, HTML, images, archives): cited, not bundled for size; the repository at the snapshot commit holds it, and its sha256 here identifies it
v2/vendor/infineon/infineon-slb9673-fw26-datasheet-rev1.4.pdf	69d449c9551f92384b2a1c6ae5f155a172c7a941	516054	secure-element	yes	0750aaaba4f59ef5208c97af10b89bc616dd69a075ebda0225b57109b9d24001	0750aaaba4f59ef5208c97af10b89bc616dd69a075ebda0225b57109b9d24001	MATCH	https://www.infineon.com/dgdl/Infineon-SLB9673-TPM20-I2C_FW26xx_DS_Rev1-4-2024-11-13-DataSheet-v01_00-EN.pdf?fileId=8ac78c8c93dda25b01944055dd2c5d11	a maker document or CAD model (PDF, STEP, DXF, HTML, images, archives): cited, not bundled for size; the repository at the snapshot commit holds it, and its sha256 here identifies it
v2/vendor/kento/kento-kt-0603y-citayl-0603.pdf	19666378b5ec9fffaf417569ea1059c12e3cad31	611838	-	no	86f7efb743b271c3cc9d63a09ae3c2fd457c8ea8513dae81b350436317520574	86f7efb743b271c3cc9d63a09ae3c2fd457c8ea8513dae81b350436317520574	MATCH	https://datasheet.lcsc.com/datasheet/pdf/ba7b73648918210433b88ee1f2fd7ebf.pdf?productCode=C2287 (LCSC's copy, the part's pdfUrl in LCSC's product detail)	a maker document or CAD model (PDF, STEP, DXF, HTML, images, archives): cited, not bundled for size; the repository at the snapshot commit holds it, and its sha256 here identifies it
v2/vendor/keystone/M65p42.pdf	566ed692cc88c5443cc636819bbbfb3ad9239eab	263884	pack-blade-fuse-holder	yes	caa141ea51ac68cf80ab6e14ad2075fcfc76206451f4bfe45330005c0deaf395	caa141ea51ac68cf80ab6e14ad2075fcfc76206451f4bfe45330005c0deaf395	MATCH	TBD	a maker document or CAD model (PDF, STEP, DXF, HTML, images, archives): cited, not bundled for size; the repository at the snapshot commit holds it, and its sha256 here identifies it
v2/vendor/keystone/littelfuse-297-ficcorp.pdf	28df60be6c6099ed7ed04e7c2342358db9aeb402	368396	pack-blade-fuse-holder	yes	98a7e99bc5bbdf2abc9f329de5b779ea97fc78a3ba9aa8d8fecc0ec5b9c3a778	98a7e99bc5bbdf2abc9f329de5b779ea97fc78a3ba9aa8d8fecc0ec5b9c3a778	MATCH	TBD	a maker document or CAD model (PDF, STEP, DXF, HTML, images, archives): cited, not bundled for size; the repository at the snapshot commit holds it, and its sha256 here identifies it
v2/vendor/limesdr/limesdr-mini-2v4-drawings.pdf	925996a7cb2b33c104b4c411f068e679c86a21e7	872744	sdr-limesdr-mini-v2	no	dc3cac0ecb61c1abae363a87b64b60086c8853b7c879aa2d184762496c18e1d7	dc3cac0ecb61c1abae363a87b64b60086c8853b7c879aa2d184762496c18e1d7	MATCH	not recorded (folder line of sources.txt)	a maker document or CAD model (PDF, STEP, DXF, HTML, images, archives): cited, not bundled for size; the repository at the snapshot commit holds it, and its sha256 here identifies it
v2/vendor/limesdr/limesdr-mini-2v4.step	5e1d5043d5f02d920eceda92a0706b48b47b8cf6	33312523	-	-	-	-	NOT_CITED_BY_SOURCES_YAML	-	a maker document or CAD model (PDF, STEP, DXF, HTML, images, archives): cited, not bundled for size; the repository at the snapshot commit holds it, and its sha256 here identifies it
v2/vendor/limesdr/myriadrf-limesdr-mini-2-0-page-20260925.html	baf3c77d0030e3d181e2da7692cbf1d8378a3d73	59824	sdr-limesdr-mini-v2	no	f1146105a3c09ebcf786d217fbf0053f8e6df3c5192efcf666e731281be4c4f1	f1146105a3c09ebcf786d217fbf0053f8e6df3c5192efcf666e731281be4c4f1	MATCH	https://myriadrf.org/projects/limesdr-mini-2-0	a maker document or CAD model (PDF, STEP, DXF, HTML, images, archives): cited, not bundled for size; the repository at the snapshot commit holds it, and its sha256 here identifies it
v2/vendor/limesdr/myriadrf-limesdr-mini-2-0-user-setup-20260926.html	4c1ae1ca5730ac441fbf4a1d4881fa033dcb6e48	59456	sdr-limesdr-mini-v2	no	87b2e5605196b5c5f48e9175991c63143152dbb694d6f4faeba85d6cdaeca3b3	87b2e5605196b5c5f48e9175991c63143152dbb694d6f4faeba85d6cdaeca3b3	MATCH	https://myriadrf.org/projects/limesdr-mini-2-0/user/setup.html	a maker document or CAD model (PDF, STEP, DXF, HTML, images, archives): cited, not bundled for size; the repository at the snapshot commit holds it, and its sha256 here identifies it
v2/vendor/lora/ebyte-e22-900m22s-user-manual-en.pdf	0ecbaa4497c263a29aaea1c1f5d115ea90c5fff5	740115	-	-	-	-	NOT_CITED_BY_SOURCES_YAML	-	a maker document or CAD model (PDF, STEP, DXF, HTML, images, archives): cited, not bundled for size; the repository at the snapshot commit holds it, and its sha256 here identifies it
v2/vendor/lora/ebyte-e22-900m30s-user-manual-en-v1.20.pdf	94659b599927b248172bcabc478add7218e47110	962585	lora-module	yes	d864e9ca390f15c9a09aab6421a3e671263912ecd1d23fa1ad45c1324c801f75	d864e9ca390f15c9a09aab6421a3e671263912ecd1d23fa1ad45c1324c801f75	MATCH	TBD	a maker document or CAD model (PDF, STEP, DXF, HTML, images, archives): cited, not bundled for size; the repository at the snapshot commit holds it, and its sha256 here identifies it
v2/vendor/lora/seeed-wio-sx1262-module-datasheet-v1.1.pdf	693f5d400d70fbcc640757ef3172b7927c137886	1049663	-	-	-	-	NOT_CITED_BY_SOURCES_YAML	-	a maker document or CAD model (PDF, STEP, DXF, HTML, images, archives): cited, not bundled for size; the repository at the snapshot commit holds it, and its sha256 here identifies it
v2/vendor/lte/lilygo-t-call-a7670-v1.0-schematic.pdf	4b3bf8f2c34d4357b34ff5bade45c67b4fae5d78	621429	-	-	-	-	NOT_CITED_BY_SOURCES_YAML	-	a maker document or CAD model (PDF, STEP, DXF, HTML, images, archives): cited, not bundled for size; the repository at the snapshot commit holds it, and its sha256 here identifies it
v2/vendor/lte/quectel-eg25-g-mini-pcie-hardware-design-v1.0.pdf	a0df4db12134bd8b1f9a7d8a59b5cc0e906a3184	837634	-	-	-	-	NOT_CITED_BY_SOURCES_YAML	-	a maker document or CAD model (PDF, STEP, DXF, HTML, images, archives): cited, not bundled for size; the repository at the snapshot commit holds it, and its sha256 here identifies it
v2/vendor/lte/quectel-eg25-g-mini-pcie-lte-standard-specification-v1.5.pdf	a127ed0c6a20c56ef2cb08d1d51a241e40842b84	466321	-	-	-	-	NOT_CITED_BY_SOURCES_YAML	-	a maker document or CAD model (PDF, STEP, DXF, HTML, images, archives): cited, not bundled for size; the repository at the snapshot commit holds it, and its sha256 here identifies it
v2/vendor/lte/simcom-a7670g-spec-2021-11.pdf	1b5b72de0a083e5d4c8ca285cb66c3a7b4f480d2	420445	-	-	-	-	NOT_CITED_BY_SOURCES_YAML	-	a maker document or CAD model (PDF, STEP, DXF, HTML, images, archives): cited, not bundled for size; the repository at the snapshot commit holds it, and its sha256 here identifies it
v2/vendor/lte/simcom-a7672x-a7670x-series-hardware-design-v1.03.pdf	0b41715e00957b4294b45194d58c96d2ddd816c5	4834723	-	-	-	-	NOT_CITED_BY_SOURCES_YAML	-	a maker document or CAD model (PDF, STEP, DXF, HTML, images, archives): cited, not bundled for size; the repository at the snapshot commit holds it, and its sha256 here identifies it
v2/vendor/lte/simcom-a76xx-series-uart-application-note-v1.02.pdf	b69e846f7390ab3167b587f44bcbff2521351b05	588567	-	-	-	-	NOT_CITED_BY_SOURCES_YAML	-	a maker document or CAD model (PDF, STEP, DXF, HTML, images, archives): cited, not bundled for size; the repository at the snapshot commit holds it, and its sha256 here identifies it
v2/vendor/lte/te-2041119-mini-pcie-msata-socket-4mm-customer-drawing-rev-d.pdf	f9de70e7ff4d5e484414e7f4d369ef8589263067	581775	-	-	-	-	NOT_CITED_BY_SOURCES_YAML	-	a maker document or CAD model (PDF, STEP, DXF, HTML, images, archives): cited, not bundled for size; the repository at the snapshot commit holds it, and its sha256 here identifies it
v2/vendor/m2/amphenol-mdt420b01001-m2-b-key.pdf	71408e1fadf4b6aa1e9d23133e86d0dc3c9d5c10	403274	cellular-socket	yes	7be3f397b1aa52d18384f29f4b61d928c75bef480c04d1aebc2e6e954f692e55	7be3f397b1aa52d18384f29f4b61d928c75bef480c04d1aebc2e6e954f692e55	MATCH	-	a maker document or CAD model (PDF, STEP, DXF, HTML, images, archives): cited, not bundled for size; the repository at the snapshot commit holds it, and its sha256 here identifies it
v2/vendor/m2/amphenol-mdt420m02001-m2-m-key.pdf	434384da40f60032c4dba004e66e2a504733c604	128452	-	-	-	-	NOT_CITED_BY_SOURCES_YAML	-	a maker document or CAD model (PDF, STEP, DXF, HTML, images, archives): cited, not bundled for size; the repository at the snapshot commit holds it, and its sha256 here identifies it
v2/vendor/m2/te-2199119-customer-drawing-revF.pdf	d7b1ec911f695789d16721ca2e77d0e0d42807d0	435531	cellular-socket	yes	ef35dbf8332b951c64be9662678bc2820f6091e1f2bb07777d0b4bf4f97b9bff	ef35dbf8332b951c64be9662678bc2820f6091e1f2bb07777d0b4bf4f97b9bff	MATCH	https://web.archive.org/web/20240629111304id_/https://www.te.com/commerce/DocumentDelivery/DDEController?Action=showdoc&DocId=Customer+Drawing%7F2199119%7FB1%7Fpdf%7FEnglish%7FENG_CD_2199119_B1.pdf%7F1-2199119-5 (Wayback copy; te.com answered this host with HTTP 403)	a maker document or CAD model (PDF, STEP, DXF, HTML, images, archives): cited, not bundled for size; the repository at the snapshot commit holds it, and its sha256 here identifies it
v2/vendor/m2/te-2199119-m2-b-key.pdf	c86c48bffe2b53641d6caf7cf8dce6d7a476a3be	5532784	cellular-socket	yes	d8f58c5892aec2ef9505032a774ee9a4da52c3d9363604440bd3125a76f02012	d8f58c5892aec2ef9505032a774ee9a4da52c3d9363604440bd3125a76f02012	MATCH	byte-identical to LCSC's datasheet link for C574849	a maker document or CAD model (PDF, STEP, DXF, HTML, images, archives): cited, not bundled for size; the repository at the snapshot commit holds it, and its sha256 here identifies it
v2/vendor/m2/te-2199230-m2-e-key.pdf	2e726abb583854d36ffe70b051baade4704a571b	344203	-	-	-	-	NOT_CITED_BY_SOURCES_YAML	-	a maker document or CAD model (PDF, STEP, DXF, HTML, images, archives): cited, not bundled for size; the repository at the snapshot commit holds it, and its sha256 here identifies it
v2/vendor/mentor/mentor-ll14-14-ip68-front-panel-light-guides.pdf	c2bcdb78b2c59344dc519fd4660c6e3e911d99ea	742628	-	-	-	-	NOT_CITED_BY_SOURCES_YAML	-	a maker document or CAD model (PDF, STEP, DXF, HTML, images, archives): cited, not bundled for size; the repository at the snapshot commit holds it, and its sha256 here identifies it
v2/vendor/microchip/microchip-atecc508a-complete-20005927A.pdf	8cfb724c66dd8c3c9a3d7430320575eb2727d92b	841710	secure-element	yes	3e79484ff38cde1980159af097487ea336774016d4e64965b0ba666bb8d66bc0	3e79484ff38cde1980159af097487ea336774016d4e64965b0ba666bb8d66bc0	MATCH	http://ww1.microchip.com/downloads/en/DeviceDoc/20005927A.pdf (HTTP 403 to this host on 2026-09-26; the file is the Internet Archive's capture 20190618060547, byte-identical at 21:15:47Z)	a maker document or CAD model (PDF, STEP, DXF, HTML, images, archives): cited, not bundled for size; the repository at the snapshot commit holds it, and its sha256 here identifies it
v2/vendor/microchip/microchip-atecc608a-40001977A.pdf	08dc93e0d29be1914646935c644df183ba1dc4a3	335784	secure-element	yes	3e971d6d284ebc64fc81d168788b9abd32da81a90ce1e0bb56037b0ca16a4a26	3e971d6d284ebc64fc81d168788b9abd32da81a90ce1e0bb56037b0ca16a4a26	MATCH	http://ww1.microchip.com/downloads/en/DeviceDoc/40001977A.pdf (byte-identical at 2026-09-26T21:15:49Z)	a maker document or CAD model (PDF, STEP, DXF, HTML, images, archives): cited, not bundled for size; the repository at the snapshot commit holds it, and its sha256 here identifies it
v2/vendor/microchip/microchip-atecc608b-summary-DS40002239B.pdf	b790973e0d2648c2da8a846efd2a49ffa6ab6ff2	837633	secure-element	yes	1b21d7b0d5c6265fcca2bbd28e88174e9d3a3d05c57be30712e8951c75503acc	1b21d7b0d5c6265fcca2bbd28e88174e9d3a3d05c57be30712e8951c75503acc	MATCH	https://ww1.microchip.com/downloads/aemDocuments/documents/SCBU/ProductDocuments/DataSheets/ATECC608B-CryptoAuthentication-Device-Summary-Data-Sheet-DS40002239B.pdf	a maker document or CAD model (PDF, STEP, DXF, HTML, images, archives): cited, not bundled for size; the repository at the snapshot commit holds it, and its sha256 here identifies it
v2/vendor/microchip/microchip-atecc608b-tflxtls-DS40002249.pdf	158af35387c80f656800040898607afbd5dce10e	1489345	secure-element	yes	b4601f1c2dc395af532d556010ace8b19ca792368d4cda8bfc960a6d3018646d	b4601f1c2dc395af532d556010ace8b19ca792368d4cda8bfc960a6d3018646d	MATCH	https://ww1.microchip.com/downloads/aemDocuments/documents/SCBU/ProductDocuments/DataSheets/ATECC608B-TFLXTLS-CryptoAuthentication-Data-DS40002249.pdf (byte-identical at 2026-09-26T21:15:50Z)	a maker document or CAD model (PDF, STEP, DXF, HTML, images, archives): cited, not bundled for size; the repository at the snapshot commit holds it, and its sha256 here identifies it
v2/vendor/microchip/microchip-atecc608b-tngtls-DS40002250.pdf	c61b6fc7555834d298c312bf7e2854749731dc44	1201389	secure-element	yes	db25050e016b887c578795e79c0ece0532dc176c5ef3ef4fb2f46b3eae0127b5	db25050e016b887c578795e79c0ece0532dc176c5ef3ef4fb2f46b3eae0127b5	MATCH	https://ww1.microchip.com/downloads/aemDocuments/documents/SCBU/ProductDocuments/DataSheets/ATECC608B-TNGTLS-CryptoAuthentication-Data-Sheet-DS40002250.pdf (byte-identical at 2026-09-26T21:15:50Z)	a maker document or CAD model (PDF, STEP, DXF, HTML, images, archives): cited, not bundled for size; the repository at the snapshot commit holds it, and its sha256 here identifies it
v2/vendor/microchip/microchip-dm320118-users-guide-DS50002921A.pdf	99f0e2784ff938a0b1a1836b84cf52f787dedfc6	768268	secure-element	yes	6951ca754fad1f9e78c9f63a5f788fe183e21ca01b5358f10ee4cfa6001df3b1	6951ca754fad1f9e78c9f63a5f788fe183e21ca01b5358f10ee4cfa6001df3b1	MATCH	http://ww1.microchip.com/downloads/en/DeviceDoc/CryptoAuth-Trust-Platform-Users-Guide-DS50002921A.pdf (byte-identical at 2026-09-26T21:15:52Z)	a maker document or CAD model (PDF, STEP, DXF, HTML, images, archives): cited, not bundled for size; the repository at the snapshot commit holds it, and its sha256 here identifies it
v2/vendor/microchip/microchip-ksz9897-datasheet.pdf	2431796830dc80294dd5f7c906683704ac41b681	1377774	ethernet-switch	yes	72b89179ed6a42a7bafa737de31a21fc28db6f0852bcc7964546bc99b0c7d064	72b89179ed6a42a7bafa737de31a21fc28db6f0852bcc7964546bc99b0c7d064	MATCH	-	a maker document or CAD model (PDF, STEP, DXF, HTML, images, archives): cited, not bundled for size; the repository at the snapshot commit holds it, and its sha256 here identifies it
v2/vendor/microchip/microchip-usb5744.pdf	e6fea2f8a789be84cdb4c6c9ef8289ae064040f6	717558	-	-	-	-	NOT_CITED_BY_SOURCES_YAML	-	a maker document or CAD model (PDF, STEP, DXF, HTML, images, archives): cited, not bundled for size; the repository at the snapshot commit holds it, and its sha256 here identifies it
v2/vendor/mitsubishi/ra30h1317m1-datasheet.pdf	c4ab019964ca5d3a39e1412a1761ba2e3e13dbeb	232811	vhf-pa	no	9fda757ab1acfb6b29125429035d2361ad711db44b6f40773469527fe17c6da0	9fda757ab1acfb6b29125429035d2361ad711db44b6f40773469527fe17c6da0	MATCH	TBD	a maker document or CAD model (PDF, STEP, DXF, HTML, images, archives): cited, not bundled for size; the repository at the snapshot commit holds it, and its sha256 here identifies it
v2/vendor/nexperia/nexperia-74lvc08a-quad-and.pdf	efc36f366fbb15783f3a65af9d277843d7f88e20	261245	-	-	-	-	NOT_CITED_BY_SOURCES_YAML	-	a maker document or CAD model (PDF, STEP, DXF, HTML, images, archives): cited, not bundled for size; the repository at the snapshot commit holds it, and its sha256 here identifies it
v2/vendor/nexperia/nexperia-74lvc86a.pdf	0bb71039aede89b61b823a9236016d46ea863114	242741	bbm-xor	yes	aa449c7949d141d555967710a235c7686a6ece02468f783f8c8cf924a1fc926a	aa449c7949d141d555967710a235c7686a6ece02468f783f8c8cf924a1fc926a	MATCH	https://assets.nexperia.com/documents/data-sheet/74LVC86A.pdf	a maker document or CAD model (PDF, STEP, DXF, HTML, images, archives): cited, not bundled for size; the repository at the snapshot commit holds it, and its sha256 here identifies it
v2/vendor/nexperia/nexperia-bc847bs-dual-npn.pdf	5ab306fa07a3368816fc2c7931316e4cea1dcfa1	243018	-	-	-	-	NOT_CITED_BY_SOURCES_YAML	-	a maker document or CAD model (PDF, STEP, DXF, HTML, images, archives): cited, not bundled for size; the repository at the snapshot commit holds it, and its sha256 here identifies it
v2/vendor/nexperia/nexperia-pesd12vl1ba.pdf	035e4e5c6421a76ce0b970ddd1d27ac5fdcab272	237028	esd-mic-clamps	yes	3cc06cb0d46c5565324c906f9d45c64c2b5f122e7e7532ee116c3188b0effc5a	3cc06cb0d46c5565324c906f9d45c64c2b5f122e7e7532ee116c3188b0effc5a	MATCH	https://assets.nexperia.com/documents/data-sheet/PESD12VL1BA.pdf	a maker document or CAD model (PDF, STEP, DXF, HTML, images, archives): cited, not bundled for size; the repository at the snapshot commit holds it, and its sha256 here identifies it
v2/vendor/nexperia/nexperia-pesd5v0s1ba.pdf	affa909cd41f2b55170b68cfe60dbc0d60d16642	223015	esd-headset-clamps	yes	6546e415b8885ea3790c91629034c6b4e5c6961d5fde734e55dfa479dd8dc49a	6546e415b8885ea3790c91629034c6b4e5c6961d5fde734e55dfa479dd8dc49a	MATCH	https://assets.nexperia.com/documents/data-sheet/PESD5V0S1BA.pdf	a maker document or CAD model (PDF, STEP, DXF, HTML, images, archives): cited, not bundled for size; the repository at the snapshot commit holds it, and its sha256 here identifies it
v2/vendor/nxp/nxp-an12413-se050-apdu.pdf	368c60b2453c4ed780f488a58b02cd40a5157051	1625193	secure-element	yes	e98a72e4215ba2886d777509f066ff620925ae65999d9c28cbcf24b7f2cf5622	e98a72e4215ba2886d777509f066ff620925ae65999d9c28cbcf24b7f2cf5622	MATCH	https://www.nxp.com/docs/en/application-note/AN12413.pdf (HTTP 404 to this host; the Internet Archive's capture 20260916110513, byte-identical at 2026-09-26T21:15:54Z)	a maker document or CAD model (PDF, STEP, DXF, HTML, images, archives): cited, not bundled for size; the repository at the snapshot commit holds it, and its sha256 here identifies it
v2/vendor/nxp/nxp-se050-datasheet.pdf	133c1f1af416591e0e31bbd519a8c46c06c7dd26	377642	secure-element	yes	b47c8a5d40191f31b78e48f6c60c6ba17c3eac56bf97976212ade786ee3ee83c	b47c8a5d40191f31b78e48f6c60c6ba17c3eac56bf97976212ade786ee3ee83c	MATCH	https://www.nxp.com/docs/en/data-sheet/SE050-DATASHEET.pdf (HTTP 404 to this host on 2026-09-26; the file is the Internet Archive's capture 20260313115240, byte-identical at 21:15:52Z)	a maker document or CAD model (PDF, STEP, DXF, HTML, images, archives): cited, not bundled for size; the repository at the snapshot commit holds it, and its sha256 here identifies it
v2/vendor/omron/omron-g6k-signal-relay.pdf	fc58edea224921fe91c751f9fb51b2fe0bdd4490	1893025	-	-	-	-	NOT_CITED_BY_SOURCES_YAML	-	a maker document or CAD model (PDF, STEP, DXF, HTML, images, archives): cited, not bundled for size; the repository at the snapshot commit holds it, and its sha256 here identifies it
v2/vendor/pdi/pdi-e2370ks0c1-flyer.pdf	2311e5b640056dbb2cb4924f658e46cc84bbefa3	98888	-	-	-	-	NOT_CITED_BY_SOURCES_YAML	-	a maker document or CAD model (PDF, STEP, DXF, HTML, images, archives): cited, not bundled for size; the repository at the snapshot commit holds it, and its sha256 here identifies it
v2/vendor/pdi/pdi-epd-driving-circuit-rev02.pdf	f059d4bfba60624dcb21b1a9f300148201c567c0	513698	-	-	-	-	NOT_CITED_BY_SOURCES_YAML	-	a maker document or CAD model (PDF, STEP, DXF, HTML, images, archives): cited, not bundled for size; the repository at the snapshot commit holds it, and its sha256 here identifies it
v2/vendor/peli/1400/1400-panel-frame.STEP	0f9184e0851382d7074dded636f2819419a3acb4	1792173	-	-	-	-	NOT_CITED_BY_SOURCES_YAML	-	a maker document or CAD model (PDF, STEP, DXF, HTML, images, archives): cited, not bundled for size; the repository at the snapshot commit holds it, and its sha256 here identifies it
v2/vendor/peli/1400/1400EU_dxf_peli.zip	dc502ae0f4a3395a1b3ffd511db851fb82693eb8	1128443	-	-	-	-	NOT_CITED_BY_SOURCES_YAML	-	a maker document or CAD model (PDF, STEP, DXF, HTML, images, archives): cited, not bundled for size; the repository at the snapshot commit holds it, and its sha256 here identifies it
v2/vendor/peli/1400/1400EU_pdf_peli.zip	1fe584ad279e79f602a04d734a9024ba8734f3f1	438831	-	-	-	-	NOT_CITED_BY_SOURCES_YAML	-	a maker document or CAD model (PDF, STEP, DXF, HTML, images, archives): cited, not bundled for size; the repository at the snapshot commit holds it, and its sha256 here identifies it
v2/vendor/peli/1400/1400EU_step_peli.zip	09915936d839e5ced1fdc4368cef0b2cd344dbcc	33598	-	-	-	-	NOT_CITED_BY_SOURCES_YAML	-	a maker document or CAD model (PDF, STEP, DXF, HTML, images, archives): cited, not bundled for size; the repository at the snapshot commit holds it, and its sha256 here identifies it
v2/vendor/peli/1400/1400EU_x_t_peli.zip	d781dd9e986eaedff4f834ecae51d6d6c87bc41b	27427	-	-	-	-	NOT_CITED_BY_SOURCES_YAML	-	a maker document or CAD model (PDF, STEP, DXF, HTML, images, archives): cited, not bundled for size; the repository at the snapshot commit holds it, and its sha256 here identifies it
v2/vendor/peli/1400/1400_pf.pdf	4676b5e3989f5b29d11b3ce59b326e8db33d70ed	41259	-	-	-	-	NOT_CITED_BY_SOURCES_YAML	-	a maker document or CAD model (PDF, STEP, DXF, HTML, images, archives): cited, not bundled for size; the repository at the snapshot commit holds it, and its sha256 here identifies it
v2/vendor/peli/1400/1400_pf_dxf.zip	183d24f830f63cb6131bd47be7a38b753deda2cf	89044	-	-	-	-	NOT_CITED_BY_SOURCES_YAML	-	a maker document or CAD model (PDF, STEP, DXF, HTML, images, archives): cited, not bundled for size; the repository at the snapshot commit holds it, and its sha256 here identifies it
v2/vendor/peli/1400/1400_pf_step.zip	24387c6a0505cceb0a7a8ae472c5881fcabd88c7	287790	-	-	-	-	NOT_CITED_BY_SOURCES_YAML	-	a maker document or CAD model (PDF, STEP, DXF, HTML, images, archives): cited, not bundled for size; the repository at the snapshot commit holds it, and its sha256 here identifies it
v2/vendor/peli/1400/1402-931 Bottom PID 7-24-2025.STEP	950b9a567f114d62b946c020e973a264c19740f1	98013	-	-	-	-	NOT_CITED_BY_SOURCES_YAML	-	a maker document or CAD model (PDF, STEP, DXF, HTML, images, archives): cited, not bundled for size; the repository at the snapshot commit holds it, and its sha256 here identifies it
v2/vendor/peli/1400/1402-931 Bottom PID 7-24-2025.x_t	948ba06fd4436d4b2c23e2157ded98c3ca04da53	50889	-	-	-	-	NOT_CITED_BY_SOURCES_YAML	-	a maker document or CAD model (PDF, STEP, DXF, HTML, images, archives): cited, not bundled for size; the repository at the snapshot commit holds it, and its sha256 here identifies it
v2/vendor/peli/1400/1402-931 PID 7-24-2025.DXF	5e8421036d522b6cfd6a403f64ab580c87ecc01a	10329241	-	-	-	-	NOT_CITED_BY_SOURCES_YAML	-	a maker document or CAD model (PDF, STEP, DXF, HTML, images, archives): cited, not bundled for size; the repository at the snapshot commit holds it, and its sha256 here identifies it
v2/vendor/peli/1400/1402-931 PID 7-24-2025.pdf	46bbe2f708fbf69531888d3fedad2264239dbee3	447467	-	-	-	-	NOT_CITED_BY_SOURCES_YAML	-	a maker document or CAD model (PDF, STEP, DXF, HTML, images, archives): cited, not bundled for size; the repository at the snapshot commit holds it, and its sha256 here identifies it
v2/vendor/peli/1400/1402-931 Top PID 7-24-2025.STEP	d655083c242f2b464a03cee22fb2e5f7646a4470	103032	-	-	-	-	NOT_CITED_BY_SOURCES_YAML	-	a maker document or CAD model (PDF, STEP, DXF, HTML, images, archives): cited, not bundled for size; the repository at the snapshot commit holds it, and its sha256 here identifies it
v2/vendor/peli/1400/1402-931 Top PID 7-24-2025.x_t	2dc2d2ec4915f4e7679b56b54b54df11e4e94641	32116	-	-	-	-	NOT_CITED_BY_SOURCES_YAML	-	a maker document or CAD model (PDF, STEP, DXF, HTML, images, archives): cited, not bundled for size; the repository at the snapshot commit holds it, and its sha256 here identifies it
v2/vendor/peli/1400/1403-314-000.DXF	bd72190f671afcffa31e2048776d69793a698a0b	546094	-	-	-	-	NOT_CITED_BY_SOURCES_YAML	-	a maker document or CAD model (PDF, STEP, DXF, HTML, images, archives): cited, not bundled for size; the repository at the snapshot commit holds it, and its sha256 here identifies it
v2/vendor/peli/1430/1431-932-bottom.STEP	94d06369f8d153894ba6e2507ae7a63782adf6c8	99015	-	-	-	-	NOT_CITED_BY_SOURCES_YAML	-	a maker document or CAD model (PDF, STEP, DXF, HTML, images, archives): cited, not bundled for size; the repository at the snapshot commit holds it, and its sha256 here identifies it
v2/vendor/peli/1430/1431-932-top.STEP	d1a382e1f9c8fe6cfffcac1eb2e661a06d606d45	3587674	-	-	-	-	NOT_CITED_BY_SOURCES_YAML	-	a maker document or CAD model (PDF, STEP, DXF, HTML, images, archives): cited, not bundled for size; the repository at the snapshot commit holds it, and its sha256 here identifies it
v2/vendor/peli/1450/1450-panel-frame.STEP	43ed8820a5bfde8b87837d6da49521e2bdfa17d0	756044	case-peli-1450	no	f58e434c61053940eef8946074617f0e12a6143ea61bdacd08e01594a8c79ea3	f58e434c61053940eef8946074617f0e12a6143ea61bdacd08e01594a8c79ea3	MATCH	not recorded (owner-supplied, 5 September 2026)	a maker document or CAD model (PDF, STEP, DXF, HTML, images, archives): cited, not bundled for size; the repository at the snapshot commit holds it, and its sha256 here identifies it
v2/vendor/peli/1450/1450_pf.pdf	9960dd8dc3e1ddc499464fcd29a02daae7cda96e	121126	case-peli-1450	no	4681c0525a3cf605a0cdf669573917b75d849170eff2ae2372a958c87ffbdd27	4681c0525a3cf605a0cdf669573917b75d849170eff2ae2372a958c87ffbdd27	MATCH	https://media.pelican.com/cad/protector-panel-frames/1450/1450_pf.pdf	a maker document or CAD model (PDF, STEP, DXF, HTML, images, archives): cited, not bundled for size; the repository at the snapshot commit holds it, and its sha256 here identifies it
v2/vendor/peli/1450/1451-931-bottom.STEP	8c2419c90444fddd07d2cf5562e65a200cb22abe	212159	case-peli-1450	no	4b44e67c6911e8ca613cc0560f2719430147a18ee93861dd32d42f2769f05f1a	4b44e67c6911e8ca613cc0560f2719430147a18ee93861dd32d42f2769f05f1a	MATCH	not recorded (owner-supplied, 5 September 2026)	a maker document or CAD model (PDF, STEP, DXF, HTML, images, archives): cited, not bundled for size; the repository at the snapshot commit holds it, and its sha256 here identifies it
v2/vendor/peli/1450/1451-931-customer-drawing-2025-01-15.pdf	a7c65ddf54cabdb92ccdff1709a07e1746a81aab	428928	case-peli-1450	no	389facc842e41397c89a64395e2839b4153a93382499329c96f2a95e10d37356	389facc842e41397c89a64395e2839b4153a93382499329c96f2a95e10d37356	MATCH	not recorded: supplied by the owner on 5 September 2026 from Peli's CAD (appendix 32.41, v2/vendor/README.md); peli.com and pelican.com answered this host HTTP 403 on 26 September 2026	a maker document or CAD model (PDF, STEP, DXF, HTML, images, archives): cited, not bundled for size; the repository at the snapshot commit holds it, and its sha256 here identifies it
v2/vendor/peli/1450/1451-931-customer-drawing.dxf	d5fb1a7bf4690ef434a83e954ba388db6b3c8b72	8890008	case-peli-1450	no	f7e1aa81b3f7309862553587678b12cbd77334ff08d33848204ea7ae54ae8951	f7e1aa81b3f7309862553587678b12cbd77334ff08d33848204ea7ae54ae8951	MATCH	not recorded (owner-supplied, 5 September 2026)	a maker document or CAD model (PDF, STEP, DXF, HTML, images, archives): cited, not bundled for size; the repository at the snapshot commit holds it, and its sha256 here identifies it
v2/vendor/peli/1450/1451-931-top.STEP	569cceddd6c340e600d7fccee2da00a5e35679b6	202003	case-peli-1450	no	11a1aa05ff53d714f4a80efa14fb2e2e94cc4dd6e160039f1e279a3803fa4c8a	11a1aa05ff53d714f4a80efa14fb2e2e94cc4dd6e160039f1e279a3803fa4c8a	MATCH	not recorded (owner-supplied, 5 September 2026)	a maker document or CAD model (PDF, STEP, DXF, HTML, images, archives): cited, not bundled for size; the repository at the snapshot commit holds it, and its sha256 here identifies it
v2/vendor/peli/1450/case_margins.out	b975414aef3590e101839ab6fd350158d4d5d399	6901	-	-	-	-	NOT_CITED_BY_SOURCES_YAML	-	a maker document or CAD model (PDF, STEP, DXF, HTML, images, archives): cited, not bundled for size; the repository at the snapshot commit holds it, and its sha256 here identifies it
v2/vendor/peli/1450/dxf_backwall.out	12af07f09e5057c0ebed18958b5169d91f062dc4	3705	-	-	-	-	NOT_CITED_BY_SOURCES_YAML	-	a maker document or CAD model (PDF, STEP, DXF, HTML, images, archives): cited, not bundled for size; the repository at the snapshot commit holds it, and its sha256 here identifies it
v2/vendor/peli/1450/frame_seat.out	bbf47c0a72a3f44646bd23d44bb5302a78f94560	29921	-	-	-	-	NOT_CITED_BY_SOURCES_YAML	-	a maker document or CAD model (PDF, STEP, DXF, HTML, images, archives): cited, not bundled for size; the repository at the snapshot commit holds it, and its sha256 here identifies it
v2/vendor/peli/1500/1500-panel-frame.STEP	64514513350120c978ffa5539b0bc616bb653dc1	884493	-	-	-	-	NOT_CITED_BY_SOURCES_YAML	-	a maker document or CAD model (PDF, STEP, DXF, HTML, images, archives): cited, not bundled for size; the repository at the snapshot commit holds it, and its sha256 here identifies it
v2/vendor/peli/1500/1501-931-bottom.STEP	e0e4adebaca5116873f0690e80d32435084c8eff	141152	-	-	-	-	NOT_CITED_BY_SOURCES_YAML	-	a maker document or CAD model (PDF, STEP, DXF, HTML, images, archives): cited, not bundled for size; the repository at the snapshot commit holds it, and its sha256 here identifies it
v2/vendor/peli/1500/1501-931-top.STEP	d44efab3604b4261d42cfb609d48ba04394e8abc	2245211	-	-	-	-	NOT_CITED_BY_SOURCES_YAML	-	a maker document or CAD model (PDF, STEP, DXF, HTML, images, archives): cited, not bundled for size; the repository at the snapshot commit holds it, and its sha256 here identifies it
v2/vendor/peli/1520/1520EU_dxf_peli.zip	738e1dfddb6fbb2ed3c3675e6c7a0159c6fbb7cf	1129455	-	-	-	-	NOT_CITED_BY_SOURCES_YAML	-	a maker document or CAD model (PDF, STEP, DXF, HTML, images, archives): cited, not bundled for size; the repository at the snapshot commit holds it, and its sha256 here identifies it
v2/vendor/peli/1520/1520EU_pdf_peli.zip	398b6d59246902c6b635c8666c0361e3d4598d7d	431857	-	-	-	-	NOT_CITED_BY_SOURCES_YAML	-	a maker document or CAD model (PDF, STEP, DXF, HTML, images, archives): cited, not bundled for size; the repository at the snapshot commit holds it, and its sha256 here identifies it
v2/vendor/peli/1520/1520EU_step_peli.zip	368d8ae07155431d8fb0761ffd78900c62db84bb	38074	-	-	-	-	NOT_CITED_BY_SOURCES_YAML	-	a maker document or CAD model (PDF, STEP, DXF, HTML, images, archives): cited, not bundled for size; the repository at the snapshot commit holds it, and its sha256 here identifies it
v2/vendor/peli/1520/1520EU_x_t_peli.zip	a1b1a7fbd1322329280578c1743e3031d4c76ef2	41923	-	-	-	-	NOT_CITED_BY_SOURCES_YAML	-	a maker document or CAD model (PDF, STEP, DXF, HTML, images, archives): cited, not bundled for size; the repository at the snapshot commit holds it, and its sha256 here identifies it
v2/vendor/peli/1520/1520_pf.pdf	8920ad6dbbaa5c0fd7abc1d78ae8a1e632574c8b	35690	-	-	-	-	NOT_CITED_BY_SOURCES_YAML	-	a maker document or CAD model (PDF, STEP, DXF, HTML, images, archives): cited, not bundled for size; the repository at the snapshot commit holds it, and its sha256 here identifies it
v2/vendor/peli/1520/1520_pf_dxf.zip	4e8d4a0108ec37b770969e4c9554a113361c7bd7	96554	-	-	-	-	NOT_CITED_BY_SOURCES_YAML	-	a maker document or CAD model (PDF, STEP, DXF, HTML, images, archives): cited, not bundled for size; the repository at the snapshot commit holds it, and its sha256 here identifies it
v2/vendor/peli/1520/1520_pf_step.zip	8f8433d783a09bba80bccb920a5f72c2949470ef	132941	-	-	-	-	NOT_CITED_BY_SOURCES_YAML	-	a maker document or CAD model (PDF, STEP, DXF, HTML, images, archives): cited, not bundled for size; the repository at the snapshot commit holds it, and its sha256 here identifies it
v2/vendor/peli/1520/1521-931 Bottom PID 7-24-2025.STEP	4da6d0424a78fca2ffe554cbadcde2edda073fd1	169337	-	-	-	-	NOT_CITED_BY_SOURCES_YAML	-	a maker document or CAD model (PDF, STEP, DXF, HTML, images, archives): cited, not bundled for size; the repository at the snapshot commit holds it, and its sha256 here identifies it
v2/vendor/peli/1520/1521-931 Bottom PID 7-24-2025.x_t	e202a4c21313744d79a909a038536818d5e3a5f3	87572	-	-	-	-	NOT_CITED_BY_SOURCES_YAML	-	a maker document or CAD model (PDF, STEP, DXF, HTML, images, archives): cited, not bundled for size; the repository at the snapshot commit holds it, and its sha256 here identifies it
v2/vendor/peli/1520/1521-931 PID 7-24-2025.DXF	c4880a79d4cde0496ca9b607d7519d1920a5893c	10389754	-	-	-	-	NOT_CITED_BY_SOURCES_YAML	-	a maker document or CAD model (PDF, STEP, DXF, HTML, images, archives): cited, not bundled for size; the repository at the snapshot commit holds it, and its sha256 here identifies it
v2/vendor/peli/1520/1521-931 PID 7-24-2025.pdf	3470685187d45f65444d30010916657fc2e19686	441010	-	-	-	-	NOT_CITED_BY_SOURCES_YAML	-	a maker document or CAD model (PDF, STEP, DXF, HTML, images, archives): cited, not bundled for size; the repository at the snapshot commit holds it, and its sha256 here identifies it
v2/vendor/peli/1520/1521-931 Top PID 7-24-2025.STEP	34851729729658fed60452f45ee7bf95efb6b152	65954	-	-	-	-	NOT_CITED_BY_SOURCES_YAML	-	a maker document or CAD model (PDF, STEP, DXF, HTML, images, archives): cited, not bundled for size; the repository at the snapshot commit holds it, and its sha256 here identifies it
v2/vendor/peli/1520/1521-931 Top PID 7-24-2025.x_t	758cb2b05ab3508473a8de96c58df2fe535eba46	37494	-	-	-	-	NOT_CITED_BY_SOURCES_YAML	-	a maker document or CAD model (PDF, STEP, DXF, HTML, images, archives): cited, not bundled for size; the repository at the snapshot commit holds it, and its sha256 here identifies it
v2/vendor/peli/1520/1523-PF-panel-frame.STEP	697beee7972cb5e9710afb98e032d22348a3797f	839066	-	-	-	-	NOT_CITED_BY_SOURCES_YAML	-	a maker document or CAD model (PDF, STEP, DXF, HTML, images, archives): cited, not bundled for size; the repository at the snapshot commit holds it, and its sha256 here identifies it
v2/vendor/peli/1520/1523-PF.DXF	cd0d7ff6a21db976bfb25f59c57fdbb1a70243f0	570511	-	-	-	-	NOT_CITED_BY_SOURCES_YAML	-	a maker document or CAD model (PDF, STEP, DXF, HTML, images, archives): cited, not bundled for size; the repository at the snapshot commit holds it, and its sha256 here identifies it
v2/vendor/peli/1550/1550-panel-frame.STEP	9bdb235247e5941104266cab9ec56b4ad6ba8b2b	858982	-	-	-	-	NOT_CITED_BY_SOURCES_YAML	-	a maker document or CAD model (PDF, STEP, DXF, HTML, images, archives): cited, not bundled for size; the repository at the snapshot commit holds it, and its sha256 here identifies it
v2/vendor/peli/panel-frame-inst.pdf	d37d27010d1a21bf2173adc6b0c09755a3e27852	51110	case-peli-1450	no	797a2ed6f9809d0b22d78a2e5c1b740edf444a591ef623b7d2c8fe92f6b8f05c	797a2ed6f9809d0b22d78a2e5c1b740edf444a591ef623b7d2c8fe92f6b8f05c	MATCH	https://business.pelican.com/storage/docs/cad-downloads/panel-frame-inst.pdf	a maker document or CAD model (PDF, STEP, DXF, HTML, images, archives): cited, not bundled for size; the repository at the snapshot commit holds it, and its sha256 here identifies it
v2/vendor/polyphaser/polyphaser-gth-sff-al-sma-surge-protector.pdf	b6579106bdb428bbfde5127b95d59e5da8d5bd9e	380612	rf-arrestor-polyphaser	no	ae3f031d7ecb8783bacd3cb57e3de76a70953645c5bf39a8b537e566e71516b0	ae3f031d7ecb8783bacd3cb57e3de76a70953645c5bf39a8b537e566e71516b0	MATCH	https://www.polyphaser.com/Images/Downloadables/Datasheets/GTH-SFF-AL_datasheets_US.pdf	a maker document or CAD model (PDF, STEP, DXF, HTML, images, archives): cited, not bundled for size; the repository at the snapshot commit holds it, and its sha256 here identifies it
v2/vendor/power/aos-ao3400a-n-mosfet.pdf	a03a466cebcb93569be7c3b819aa849591e45cfa	317848	fuse-heater-fet	yes	9c60d0b6c1ddc7609a4b788a91181468d8ffe6c3e9ba425c3d8ffc5ba88c5033	9c60d0b6c1ddc7609a4b788a91181468d8ffe6c3e9ba425c3d8ffc5ba88c5033	MATCH	https://www.aosmd.com/res/datasheets/AO3400A.pdf	a maker document or CAD model (PDF, STEP, DXF, HTML, images, archives): cited, not bundled for size; the repository at the snapshot commit holds it, and its sha256 here identifies it
v2/vendor/power/aos-ao3401a-p-mosfet.pdf	8b2b586d38c6305b80b27cc23b893be43ae1df20	326568	-	-	-	-	NOT_CITED_BY_SOURCES_YAML	-	a maker document or CAD model (PDF, STEP, DXF, HTML, images, archives): cited, not bundled for size; the repository at the snapshot commit holds it, and its sha256 here identifies it
v2/vendor/power/bourns-srf1260-common-mode-choke.pdf	2ba950916df60f1060db17a0c81ec899105d91a0	302779	vehicle-input-choke	yes	93b2dc7565d07e727adb658843b52ec227a2c05f1ee21e117d7057d03ba1aea6	93b2dc7565d07e727adb658843b52ec227a2c05f1ee21e117d7057d03ba1aea6	MATCH	https://www.bourns.com/docs/product-datasheets/srf1260.pdf	a maker document or CAD model (PDF, STEP, DXF, HTML, images, archives): cited, not bundled for size; the repository at the snapshot commit holds it, and its sha256 here identifies it
v2/vendor/power/bq25792.pdf	d7e02df58c712111d62c3752567975eebca542bb	3673810	-	-	-	-	NOT_CITED_BY_SOURCES_YAML	-	a maker document or CAD model (PDF, STEP, DXF, HTML, images, archives): cited, not bundled for size; the repository at the snapshot commit holds it, and its sha256 here identifies it
v2/vendor/power/bq25798.pdf	cfc6973638c9d31452195264a112d707dc4b9a4a	3331946	-	-	-	-	NOT_CITED_BY_SOURCES_YAML	-	a maker document or CAD model (PDF, STEP, DXF, HTML, images, archives): cited, not bundled for size; the repository at the snapshot commit holds it, and its sha256 here identifies it
v2/vendor/power/bq34z100-g1.pdf	1b63166377594f1d2a2dbe86c9cf9d268dd024fb	2243344	-	-	-	-	NOT_CITED_BY_SOURCES_YAML	-	a maker document or CAD model (PDF, STEP, DXF, HTML, images, archives): cited, not bundled for size; the repository at the snapshot commit holds it, and its sha256 here identifies it
v2/vendor/power/coilcraft-xal1010.pdf	f94f25acf27fcd969f90d202227082ee5743c0e9	211270	-	-	-	-	NOT_CITED_BY_SOURCES_YAML	-	a maker document or CAD model (PDF, STEP, DXF, HTML, images, archives): cited, not bundled for size; the repository at the snapshot commit holds it, and its sha256 here identifies it
v2/vendor/power/coilcraft-xal1510.pdf	656a354d1825de25642f4e7b23269588f1fc83f7	188528	-	-	-	-	NOT_CITED_BY_SOURCES_YAML	-	a maker document or CAD model (PDF, STEP, DXF, HTML, images, archives): cited, not bundled for size; the repository at the snapshot commit holds it, and its sha256 here identifies it
v2/vendor/power/infineon-irf7404-p-mosfet.pdf	bba0b98ce41703b5a85c4cb7fb81111d1cdacf76	245776	-	-	-	-	NOT_CITED_BY_SOURCES_YAML	-	a maker document or CAD model (PDF, STEP, DXF, HTML, images, archives): cited, not bundled for size; the repository at the snapshot commit holds it, and its sha256 here identifies it
v2/vendor/power/jscj-2n7002-c8545.pdf	de82380285bac8f293f2e5deb501999e4da4c7eb	1575038	logic-nfet-2n7002	yes	7941fb423af7c6c6c8979063a7e8819bb19217ece275efcce18948950a41d9f6	7941fb423af7c6c6c8979063a7e8819bb19217ece275efcce18948950a41d9f6	MATCH	https://datasheet.lcsc.com/datasheet/pdf/a141b8bd86b14475955ac8c4d3eea0a8.pdf?productCode=C8545 (LCSC's copy of the maker's sheet, the document attached to the fitted code; the same bytes are served at the wmsc.lcsc.com address the round 4 board B author used)	a maker document or CAD model (PDF, STEP, DXF, HTML, images, archives): cited, not bundled for size; the repository at the snapshot commit holds it, and its sha256 here identifies it
v2/vendor/power/lcsc-panasonic-35svpf39m.pdf	5faa42742f4f1067ff79dcf7b4c7f6ec982a51e0	53573	-	-	-	-	NOT_CITED_BY_SOURCES_YAML	-	a maker document or CAD model (PDF, STEP, DXF, HTML, images, archives): cited, not bundled for size; the repository at the snapshot commit holds it, and its sha256 here identifies it
v2/vendor/power/lcsc-panasonic-eehzk1v101xp.pdf	3553868be132f9b2c7c0108ed0871114db3c3c67	775128	-	-	-	-	NOT_CITED_BY_SOURCES_YAML	-	a maker document or CAD model (PDF, STEP, DXF, HTML, images, archives): cited, not bundled for size; the repository at the snapshot commit holds it, and its sha256 here identifies it
v2/vendor/power/lcsc-ralec-lr2512-23r005f4.pdf	9d15f113ab7b7bcdd1fe22dc21b2add24014ce53	983827	-	-	-	-	NOT_CITED_BY_SOURCES_YAML	-	a maker document or CAD model (PDF, STEP, DXF, HTML, images, archives): cited, not bundled for size; the repository at the snapshot commit holds it, and its sha256 here identifies it
v2/vendor/power/littelfuse-smbj-series-tvs.pdf	d950db315b0c0cce9581656b851a6be43c793a67	947504	tvs-surge-clamps	yes	d7df155be4b1f612085401e8c946f065e284d65a0e7de22b9225a7b73946e51b	d7df155be4b1f612085401e8c946f065e284d65a0e7de22b9225a7b73946e51b	MATCH	https://datasheet.lcsc.com/datasheet/pdf/4ab84a227fae39f9eac85241b8264ead.pdf?productCode=C83270 (LCSC's copy of the maker's sheet; the same bytes for C151256; littelfuse.com answered this host HTTP 403)	a maker document or CAD model (PDF, STEP, DXF, HTML, images, archives): cited, not bundled for size; the repository at the snapshot commit holds it, and its sha256 here identifies it
v2/vendor/power/littelfuse-smcj-series-tvs.pdf	ae618ac23ed40383bc423211e41ec06cf4b08cf6	984493	tvs-surge-clamps	yes	6e610db955ed876306999009c62b242f7de9bb05e2cd9717288a96586a5093ea	6e610db955ed876306999009c62b242f7de9bb05e2cd9717288a96586a5093ea	MATCH	https://datasheet.lcsc.com/datasheet/pdf/4ffc39069ef6aef3785dfbfda82b9e7d.pdf?productCode=C224052 (LCSC's copy of the maker's sheet, the document attached to the fitted code) | https://datasheet.lcsc.com/datasheet/pdf/4ffc39069ef6aef3785dfbfda82b9e7d.pdf?productCode=C80273 (LCSC's copy for the fitted code)	a maker document or CAD model (PDF, STEP, DXF, HTML, images, archives): cited, not bundled for size; the repository at the snapshot commit holds it, and its sha256 here identifies it
v2/vendor/power/lt8705a.pdf	9777c6b07ae9b3f6941557db3ba1b17bb2634611	657320	tracker-controller-lt8705a	yes	8f552a0b57677bfa7e4a5d5d0fac56d56fbbd1a6f65a9ee7aaaf8743cd534ec3	8f552a0b57677bfa7e4a5d5d0fac56d56fbbd1a6f65a9ee7aaaf8743cd534ec3	MATCH	TBD	a maker document or CAD model (PDF, STEP, DXF, HTML, images, archives): cited, not bundled for size; the repository at the snapshot commit holds it, and its sha256 here identifies it
v2/vendor/power/ltc2954.pdf	9de4104957142a9a793150f410cde59b48f89621	458024	power-button-controller	yes	1e9e2567d15e569ecc95023a40e4fb99eb0288db842803ff78cd14fdd621d8ae	1e9e2567d15e569ecc95023a40e4fb99eb0288db842803ff78cd14fdd621d8ae	MATCH	TBD	a maker document or CAD model (PDF, STEP, DXF, HTML, images, archives): cited, not bundled for size; the repository at the snapshot commit holds it, and its sha256 here identifies it
v2/vendor/power/max17048.pdf	5fe815337c57d4999c0695c58eebfaa2f1fc1924	1109267	-	-	-	-	NOT_CITED_BY_SOURCES_YAML	-	a maker document or CAD model (PDF, STEP, DXF, HTML, images, archives): cited, not bundled for size; the repository at the snapshot commit holds it, and its sha256 here identifies it
v2/vendor/power/mdd-smbj-series-tvs.pdf	dc141c2308cff9e17ddbb03a7af9df4cacfb65d0	1215362	tvs-surge-clamps	yes	95385273b5009dc9ec2f2a432e07e215f71626b825bd53a9f5525f4186566d3b	95385273b5009dc9ec2f2a432e07e215f71626b825bd53a9f5525f4186566d3b	MATCH	https://datasheet.lcsc.com/datasheet/pdf/2fdb55289569ebfc0bc21eab3853afe6.pdf?productCode=C113974 (LCSC's copy; the same bytes for C364296)	a maker document or CAD model (PDF, STEP, DXF, HTML, images, archives): cited, not bundled for size; the repository at the snapshot commit holds it, and its sha256 here identifies it
v2/vendor/power/panjit-ss2020fl-series.pdf	ed8584d507943ac12f7657ffe5954f29897eae87	767550	epd-rectifiers	yes	92544a833cdaa6e17d9192a05ec84bbc8ec797c4cb5fa51c4250f158f2c534fe	92544a833cdaa6e17d9192a05ec84bbc8ec797c4cb5fa51c4250f158f2c534fe	MATCH	https://www.panjit.com.tw/upload/datasheet/SS2020FL_SERIES.pdf	a maker document or CAD model (PDF, STEP, DXF, HTML, images, archives): cited, not bundled for size; the repository at the snapshot commit holds it, and its sha256 here identifies it
v2/vendor/power/ti-csd19532q5b-n-fet.pdf	7e7076d83dde369a4e3271912fa6e78e5ced8600	955553	-	-	-	-	NOT_CITED_BY_SOURCES_YAML	-	a maker document or CAD model (PDF, STEP, DXF, HTML, images, archives): cited, not bundled for size; the repository at the snapshot commit holds it, and its sha256 here identifies it
v2/vendor/power/ti-tlv755p-ldo.pdf	8ff47469e84f13b7957aa17c5bb6a8818e765aff	3072349	-	-	-	-	NOT_CITED_BY_SOURCES_YAML	-	a maker document or CAD model (PDF, STEP, DXF, HTML, images, archives): cited, not bundled for size; the repository at the snapshot commit holds it, and its sha256 here identifies it
v2/vendor/power/ti-tps2595-efuse.pdf	0b5fe0a42d4898db2dd93706e3709493cadd06af	5415611	-	-	-	-	NOT_CITED_BY_SOURCES_YAML	-	a maker document or CAD model (PDF, STEP, DXF, HTML, images, archives): cited, not bundled for size; the repository at the snapshot commit holds it, and its sha256 here identifies it
v2/vendor/power/ti-tps563201-buck.pdf	32aa67da949b17ef75ec0e3b8eb501be21caf5a9	1527700	-	-	-	-	NOT_CITED_BY_SOURCES_YAML	-	a maker document or CAD model (PDF, STEP, DXF, HTML, images, archives): cited, not bundled for size; the repository at the snapshot commit holds it, and its sha256 here identifies it
v2/vendor/power/ti-tps61089-boost.pdf	aa3f63ee0faede2e5a8f0005474558b483cbdc9c	1771916	-	-	-	-	NOT_CITED_BY_SOURCES_YAML	-	a maker document or CAD model (PDF, STEP, DXF, HTML, images, archives): cited, not bundled for size; the repository at the snapshot commit holds it, and its sha256 here identifies it
v2/vendor/power/tps2596.pdf	b8a4aeac39a69237171c3f7a7cd0b11c09948262	4249190	board-a-efuses	yes	66f6bae4494f7bfe7dfdc314e508f0291d9ca1e87265cca9b6fdfeaa5cb19fe9	66f6bae4494f7bfe7dfdc314e508f0291d9ca1e87265cca9b6fdfeaa5cb19fe9	MATCH	https://www.ti.com/lit/ds/symlink/tps2596.pdf	a maker document or CAD model (PDF, STEP, DXF, HTML, images, archives): cited, not bundled for size; the repository at the snapshot commit holds it, and its sha256 here identifies it
v2/vendor/power/tps61288.pdf	e4bf1eaad2425d1a83273e2baa0aca0039f40257	2356009	tps61288	no	3d9ec18fbba349164b8d355144ff7085f5dd49f7cf971e7a7e88cebd17237cec	3d9ec18fbba349164b8d355144ff7085f5dd49f7cf971e7a7e88cebd17237cec	MATCH	-	a maker document or CAD model (PDF, STEP, DXF, HTML, images, archives): cited, not bundled for size; the repository at the snapshot commit holds it, and its sha256 here identifies it
v2/vendor/pulse/pulse-h5007nl.pdf	7c64766968b6baadd69b0e72c9fa34f21835c594	206706	ethernet-magnetics	yes	76b85b47d0bd9f46cfca2281b5e5e31eba1e82f148ffda680472e5a1995c8d65	76b85b47d0bd9f46cfca2281b5e5e31eba1e82f148ffda680472e5a1995c8d65	MATCH	TBD	a maker document or CAD model (PDF, STEP, DXF, HTML, images, archives): cited, not bundled for size; the repository at the snapshot commit holds it, and its sha256 here identifies it
v2/vendor/pulse/pulse-hx6096nl-datasheet-rev-a.pdf	78787c66c2932079a5e56ff7317f6630e0edbf45	338013	ethernet-magnetics	yes	76b47ba60ec8775295c617b69967021700e9924e75c5efd450730657f20fc015	76b47ba60ec8775295c617b69967021700e9924e75c5efd450730657f20fc015	MATCH	https://productfinder.pulseeng.com/doc_type/WEB301/doc_num/HX6096NL/doc_part/HX6096NL.pdf (linked from https://productfinder.pulseeng.com/productSearch/HX6096NL)	a maker document or CAD model (PDF, STEP, DXF, HTML, images, archives): cited, not bundled for size; the repository at the snapshot commit holds it, and its sha256 here identifies it
v2/vendor/qrp-labs/qmx-cat-manual-1_04_004.pdf	28d89b0354ae459541a94ae8e3f42c17d69e6387	212230	-	-	-	-	NOT_CITED_BY_SOURCES_YAML	-	a maker document or CAD model (PDF, STEP, DXF, HTML, images, archives): cited, not bundled for size; the repository at the snapshot commit holds it, and its sha256 here identifies it
v2/vendor/qrp-labs/qmx-crops/rev1a-p2-J201.png	01c5d2c19079ec47f5935f060be4ba1759743ecb	107032	-	-	-	-	NOT_CITED_BY_SOURCES_YAML	-	a maker document or CAD model (PDF, STEP, DXF, HTML, images, archives): cited, not bundled for size; the repository at the snapshot commit holds it, and its sha256 here identifies it
v2/vendor/qrp-labs/qmx-crops/rev3-left-rev2-right-p2-J201.png	eff41b609f5336b34fe0c357ea87a3c1382bf76d	295430	-	-	-	-	NOT_CITED_BY_SOURCES_YAML	-	a maker document or CAD model (PDF, STEP, DXF, HTML, images, archives): cited, not bundled for size; the repository at the snapshot commit holds it, and its sha256 here identifies it
v2/vendor/qrp-labs/qmx-crops/rev5-p1-power-supplies.png	f567eca3fe11b77274ba5f4f99a87b858e484425	486194	-	-	-	-	NOT_CITED_BY_SOURCES_YAML	-	a maker document or CAD model (PDF, STEP, DXF, HTML, images, archives): cited, not bundled for size; the repository at the snapshot commit holds it, and its sha256 here identifies it
v2/vendor/qrp-labs/qmx-crops/rev5-p2-J201.png	fc2797801e924c9b9dd8199434c814e7e1987191	143136	-	-	-	-	NOT_CITED_BY_SOURCES_YAML	-	a maker document or CAD model (PDF, STEP, DXF, HTML, images, archives): cited, not bundled for size; the repository at the snapshot commit holds it, and its sha256 here identifies it
v2/vendor/qrp-labs/qmx-operating-manual-1_04_004.pdf	60b634b28d052081fae8a656a5a66975f1109bfe	4696798	-	-	-	-	NOT_CITED_BY_SOURCES_YAML	-	a maker document or CAD model (PDF, STEP, DXF, HTML, images, archives): cited, not bundled for size; the repository at the snapshot commit holds it, and its sha256 here identifies it
v2/vendor/qrp-labs/qrplabs-qmx-rev1-searchable-schematic-1b.pdf	a161e24adabe59700da70e08dab9ae74d4cd75d3	943212	-	-	-	-	NOT_CITED_BY_SOURCES_YAML	-	a maker document or CAD model (PDF, STEP, DXF, HTML, images, archives): cited, not bundled for size; the repository at the snapshot commit holds it, and its sha256 here identifies it
v2/vendor/qrp-labs/qrplabs-qmx-schematics-rev1-a.pdf	8a05ff955198fd5652db5be0b0950b355c7aaf27	3431101	-	-	-	-	NOT_CITED_BY_SOURCES_YAML	-	a maker document or CAD model (PDF, STEP, DXF, HTML, images, archives): cited, not bundled for size; the repository at the snapshot commit holds it, and its sha256 here identifies it
v2/vendor/qrp-labs/qrplabs-qmx-schematics-rev2.pdf	2125b8235dcbe8fac74f789433a1e5c46bd024ef	3434389	-	-	-	-	NOT_CITED_BY_SOURCES_YAML	-	a maker document or CAD model (PDF, STEP, DXF, HTML, images, archives): cited, not bundled for size; the repository at the snapshot commit holds it, and its sha256 here identifies it
v2/vendor/qrp-labs/qrplabs-qmx-schematics-rev3.pdf	661cbc75032e002af7b9fca731a4660397d4a22c	3422207	-	-	-	-	NOT_CITED_BY_SOURCES_YAML	-	a maker document or CAD model (PDF, STEP, DXF, HTML, images, archives): cited, not bundled for size; the repository at the snapshot commit holds it, and its sha256 here identifies it
v2/vendor/qrp-labs/qrplabs-qmx-schematics-rev5.pdf	3dfc9a1f096b804a1157275be24e01c59c798b4d	3355330	-	-	-	-	NOT_CITED_BY_SOURCES_YAML	-	a maker document or CAD model (PDF, STEP, DXF, HTML, images, archives): cited, not bundled for size; the repository at the snapshot commit holds it, and its sha256 here identifies it
v2/vendor/quectel/lg290p-hardware-design-v1.0.0-zh.pdf	6a64706a4652f23e4cba6209be09fabf3c7b3c9b	1773756	-	-	-	-	NOT_CITED_BY_SOURCES_YAML	-	a maker document or CAD model (PDF, STEP, DXF, HTML, images, archives): cited, not bundled for size; the repository at the snapshot commit holds it, and its sha256 here identifies it
v2/vendor/quectel/lg290p03-gnss-protocol-specification-v1.1.pdf	0bc21a60f9035be5a7ed9da42cbfa826d40ef579	753921	-	-	-	-	NOT_CITED_BY_SOURCES_YAML	-	a maker document or CAD model (PDF, STEP, DXF, HTML, images, archives): cited, not bundled for size; the repository at the snapshot commit holds it, and its sha256 here identifies it
v2/vendor/quectel/lg290p03-hardware-design-v1.1.pdf	544022dca5de1b08359343431c364801898316e4	1458575	gnss	yes	422ca9a2aa5495c15df5080b50a01993404cf78d98d3ce526ae26efebf88ee77	422ca9a2aa5495c15df5080b50a01993404cf78d98d3ce526ae26efebf88ee77	MATCH	TBD	a maker document or CAD model (PDF, STEP, DXF, HTML, images, archives): cited, not bundled for size; the repository at the snapshot commit holds it, and its sha256 here identifies it
v2/vendor/quectel/lg290p03-module-specification-v1.3.pdf	d9ca96af5e149b346d8e27a407928ce17057cc45	199862	gnss	yes	f49af042f0e639730fb50ae8012f0b4166fca0c1cee4802b8cbc608e561352b8	f49af042f0e639730fb50ae8012f0b4166fca0c1cee4802b8cbc608e561352b8	MATCH	-	a maker document or CAD model (PDF, STEP, DXF, HTML, images, archives): cited, not bundled for size; the repository at the snapshot commit holds it, and its sha256 here identifies it
v2/vendor/quectel/quectel-antenna-brochure-2025-12.pdf	558e63b92a73df08e9c915e92afd2aff29af5d5c	10157973	-	-	-	-	NOT_CITED_BY_SOURCES_YAML	-	a maker document or CAD model (PDF, STEP, DXF, HTML, images, archives): cited, not bundled for size; the repository at the snapshot commit holds it, and its sha256 here identifies it
v2/vendor/quectel/quectel-ec2x-eg2x-eg9x-em05-qcfg-at-commands-manual-v1.1-sixfab.pdf	6906a21d31127ecdf8944de1db3df41ee24c0816	968989	cellular-module	yes	0280b1af1cfa627e232014c7d12c6544115014cb24143b91bd63ae290e03be8e	0280b1af1cfa627e232014c7d12c6544115014cb24143b91bd63ae290e03be8e	MATCH	https://sixfab.com/wp-content/uploads/2023/11/Quectel_EC2xEG2xEG9xEM05_Series_QCFG_AT_Commands_Manual_V1.1.pdf (Sixfab's copy)	a maker document or CAD model (PDF, STEP, DXF, HTML, images, archives): cited, not bundled for size; the repository at the snapshot commit holds it, and its sha256 here identifies it
v2/vendor/quectel/quectel-rg50xq-rm5xxq-at-commands-manual-v1.1.1-quectelforums.pdf	cc4ef7edd534e1ff2052ba034bc1dd1fece7e508	1747091	cellular-module	yes	ef90013314f828b82e1e6f7b024590b2f77a3dc617ff7dd2fd0f15a01410abf7	ef90013314f828b82e1e6f7b024590b2f77a3dc617ff7dd2fd0f15a01410abf7	MATCH	https://forums.quectel.com/uploads/short-url/avUSxfJeKqWJzAie8wEZCshlXjm.pdf (Quectel's forum host)	a maker document or CAD model (PDF, STEP, DXF, HTML, images, archives): cited, not bundled for size; the repository at the snapshot commit holds it, and its sha256 here identifies it
v2/vendor/quectel/quectel-rm520n-at-commands-manual-v1.0.0-prelim-20220812-waveshare.pdf	1824e67cd170d474567f4d875f7723e20790c6a1	2145643	cellular-module	yes	0e940dbc5957dbda2cafd30c1306e5b2b8f6534610f5b08d1c271d9538f017dd	0e940dbc5957dbda2cafd30c1306e5b2b8f6534610f5b08d1c271d9538f017dd	MATCH	https://files.waveshare.com/upload/8/8a/Quectel_RG520N&RG52xF&RG530F&RM520N&RM530N_Series_AT_Commands_Manual_V1.0.0_Preliminary_20220812.pdf (Waveshare's copy)	a maker document or CAD model (PDF, STEP, DXF, HTML, images, archives): cited, not bundled for size; the repository at the snapshot commit holds it, and its sha256 here identifies it
v2/vendor/quectel/quectel-rm520n-gl-5g-specification-brief.pdf	0558fd106bf958b7d0e192674daa334cbae9261a	612426	-	-	-	-	NOT_CITED_BY_SOURCES_YAML	-	a maker document or CAD model (PDF, STEP, DXF, HTML, images, archives): cited, not bundled for size; the repository at the snapshot commit holds it, and its sha256 here identifies it
v2/vendor/quectel/quectel-rm520n-gl-hardware-design-v1.0.pdf	2d76308c03096b75624bc5bdea0c13234ecad9c5	2046128	cellular-module	yes	139583b38ce1fd47be76d73d47e44902bfd152510dd486956fc54022be0ec179	139583b38ce1fd47be76d73d47e44902bfd152510dd486956fc54022be0ec179	MATCH	https://forums.quectel.com/uploads/short-url/1zkjPRnxF5BZ2woox386baCZx4g.pdf	a maker document or CAD model (PDF, STEP, DXF, HTML, images, archives): cited, not bundled for size; the repository at the snapshot commit holds it, and its sha256 here identifies it
v2/vendor/quectel/quectel-rm5x0n-at-commands-manual-v1.0-digikey.pdf	91a32af9b23a3412429ac7ea3b84143f72b14b89	1757874	cellular-module	yes	6ed74e7e61da55211002cacc7075bc0a6051e81eeb7bb12848926fbc69f96c8c	6ed74e7e61da55211002cacc7075bc0a6051e81eeb7bb12848926fbc69f96c8c	MATCH	https://mm.digikey.com/Volume0/opasdata/d220001/medias/docus/6382/Quectel_RG520NRG525FRG5x0FRM5x0NRM521F_Series_AT_Commands_Manual_V1.0.pdf (Digi-Key's copy of Quectel's manual)	a maker document or CAD model (PDF, STEP, DXF, HTML, images, archives): cited, not bundled for size; the repository at the snapshot commit holds it, and its sha256 here identifies it
v2/vendor/quectel/sparkfun-lg290p-breakout-schematic.pdf	fca85ca8906f42a5a6e30f834be93b61807cef97	100404	-	-	-	-	NOT_CITED_BY_SOURCES_YAML	-	a maker document or CAD model (PDF, STEP, DXF, HTML, images, archives): cited, not bundled for size; the repository at the snapshot commit holds it, and its sha256 here identifies it
v2/vendor/rf/amphenol-connex-132170-sma-bulkhead-ff-drawing.pdf	b11bc6b77d6078921bc39634de07e88cc308fb2c	78870	-	-	-	-	NOT_CITED_BY_SOURCES_YAML	-	a maker document or CAD model (PDF, STEP, DXF, HTML, images, archives): cited, not bundled for size; the repository at the snapshot commit holds it, and its sha256 here identifies it
v2/vendor/rf/radiall-R222M00720-tds.pdf	3c12ee57a4dc512a992af44525d94929a1a8c1c2	51816	blind-mate-smp-max-radiall	yes	849a5fd1a4084b6b21ec621243953a08c5cff8be1e65f57b777b50f153f7d3e4	849a5fd1a4084b6b21ec621243953a08c5cff8be1e65f57b777b50f153f7d3e4	MATCH	not recorded: Radiall's per-part data sheet path (radiall-files.s3.amazonaws.com/tds/coaxialconnectors/) answered HTTP 403 on 2026-09-27T03:57Z and the Internet Archive was offline, so this issue's currency is unconfirmed	a maker document or CAD model (PDF, STEP, DXF, HTML, images, archives): cited, not bundled for size; the repository at the snapshot commit holds it, and its sha256 here identifies it
v2/vendor/rf/radiall-R222M40050-tds.pdf	1e843a847d8ba7abe906ad7bd15185c78f7a2c06	76775	-	-	-	-	NOT_CITED_BY_SOURCES_YAML	-	a maker document or CAD model (PDF, STEP, DXF, HTML, images, archives): cited, not bundled for size; the repository at the snapshot commit holds it, and its sha256 here identifies it
v2/vendor/rf/radiall-R222M80500-tds.pdf	48a29ca91c64af02867bc042ec5b47172761a91e	44278	blind-mate-smp-max-radiall	yes	62f00eee402db99e94f59f50d93d753e2c1967e0a826ba85d9746cd0e9f70cf5	62f00eee402db99e94f59f50d93d753e2c1967e0a826ba85d9746cd0e9f70cf5	MATCH	not recorded: Radiall's per-part data sheet path (radiall-files.s3.amazonaws.com/tds/coaxialconnectors/) answered HTTP 403 on 2026-09-27T03:57Z and the Internet Archive was offline, so this issue's currency is unconfirmed	a maker document or CAD model (PDF, STEP, DXF, HTML, images, archives): cited, not bundled for size; the repository at the snapshot commit holds it, and its sha256 here identifies it
v2/vendor/rf/radiall-smp-max-series-R222M-D1C004XEe.pdf	88c5d15a342748760798210ccfa20dda29b393d8	1431976	blind-mate-smp-max-radiall	yes	75da1e0d00dbcff400e22e61ba3a9585402fc339f3d58c5f348ac23f77c69358	75da1e0d00dbcff400e22e61ba3a9585402fc339f3d58c5f348ac23f77c69358	MATCH	https://www.radiall.com/media/files/SMP-MAX%20D1C004XEe.pdf	a maker document or CAD model (PDF, STEP, DXF, HTML, images, archives): cited, not bundled for size; the repository at the snapshot commit holds it, and its sha256 here identifies it
v2/vendor/rf/rosenberger-19S102-40ML5-smp-limited-detent-smd.pdf	578c42e732594706aacc57589c2c293ea36a9d02	740836	-	-	-	-	NOT_CITED_BY_SOURCES_YAML	-	a maker document or CAD model (PDF, STEP, DXF, HTML, images, archives): cited, not bundled for size; the repository at the snapshot commit holds it, and its sha256 here identifies it
v2/vendor/rf/skyworks-sky13351-378lf-spdt.pdf	c6c7cfc8d5639965bfad5a4bc465516f29b8ca9d	868153	-	-	-	-	NOT_CITED_BY_SOURCES_YAML	-	a maker document or CAD model (PDF, STEP, DXF, HTML, images, archives): cited, not bundled for size; the repository at the snapshot commit holds it, and its sha256 here identifies it
v2/vendor/rockblock/RockBLOCK 9704-SMA-2A.step	bfa3b9ca66b4efa35fe3512c3a2c8b5456535f96	52669518	-	-	-	-	NOT_CITED_BY_SOURCES_YAML	-	a maker document or CAD model (PDF, STEP, DXF, HTML, images, archives): cited, not bundled for size; the repository at the snapshot commit holds it, and its sha256 here identifies it
v2/vendor/rockblock/groundcontrol-docs-rockblock-9704-specification-20260927.html	1130f656b638c5ffe32ad0c6b369558d850170d3	23683	iridium-modem-rockblock-9704	no	30bad6e0074bea49bad4023b541c7d48c70e5d73e58281e7a9e3ab4d7bddcf84	30bad6e0074bea49bad4023b541c7d48c70e5d73e58281e7a9e3ab4d7bddcf84	MATCH	https://docs.groundcontrol.com/iot/rockblock-9704/specification	a maker document or CAD model (PDF, STEP, DXF, HTML, images, archives): cited, not bundled for size; the repository at the snapshot commit holds it, and its sha256 here identifies it
v2/vendor/rockblock/groundcontrol-rockblock-9704-product-page-20260927.html	07cbf675f06baddda1905f0a6acc840139df4f14	208563	iridium-modem-rockblock-9704	no	3ee56a034ace33a7e184787eede7ee3cafe39bdd7c37a8d72d52fe93e892a501	3ee56a034ace33a7e184787eede7ee3cafe39bdd7c37a8d72d52fe93e892a501	MATCH	https://www.groundcontrol.com/product/rockblock-9704/	a maker document or CAD model (PDF, STEP, DXF, HTML, images, archives): cited, not bundled for size; the repository at the snapshot commit holds it, and its sha256 here identifies it
v2/vendor/rockblock/maxtena-m1621hct-p-sma-datasheet.pdf	95af60867ed77604dec485b1994c92d359d3494e	283430	-	-	-	-	NOT_CITED_BY_SOURCES_YAML	-	a maker document or CAD model (PDF, STEP, DXF, HTML, images, archives): cited, not bundled for size; the repository at the snapshot commit holds it, and its sha256 here identifies it
v2/vendor/rockblock/rb9603.step	52ee0c5cd41df828f02c0a801476d6f65de7054b	419538	-	-	-	-	NOT_CITED_BY_SOURCES_YAML	-	a maker document or CAD model (PDF, STEP, DXF, HTML, images, archives): cited, not bundled for size; the repository at the snapshot commit holds it, and its sha256 here identifies it
v2/vendor/rockblock/rb9704-datasheet-RB9704-001-JUN26.pdf	54029194d7fa016dbc1aa9efdd9c59822977afb2	356928	iridium-modem-rockblock-9704	no	d48acbea28ee2a7db300203cde8833293d8542d7d683de256d47e932c425edb7	d48acbea28ee2a7db300203cde8833293d8542d7d683de256d47e932c425edb7	MATCH	https://www.groundcontrol.com/wp-content/uploads/2026/07/RockBLOCK-9704-Data-Sheet.pdf	a maker document or CAD model (PDF, STEP, DXF, HTML, images, archives): cited, not bundled for size; the repository at the snapshot commit holds it, and its sha256 here identifies it
v2/vendor/rockblock/rb9704-sma-dims.pdf	c30eed5e0ccdc5dbd03e1fd9ba87c4bbf27faf06	149413	iridium-modem-rockblock-9704	no	968d7d5205517335db7ac8bd39f1852639b4683c01079573b93dd23a5184f343	968d7d5205517335db7ac8bd39f1852639b4683c01079573b93dd23a5184f343	MATCH	not recorded (folder line of sources.txt)	a maker document or CAD model (PDF, STEP, DXF, HTML, images, archives): cited, not bundled for size; the repository at the snapshot commit holds it, and its sha256 here identifies it
v2/vendor/rockblock/rb9704-sma-step.zip	41e26a0ae6b5c9ba823dbd9f75ae1a3f81d85a66	8183581	-	-	-	-	NOT_CITED_BY_SOURCES_YAML	-	a maker document or CAD model (PDF, STEP, DXF, HTML, images, archives): cited, not bundled for size; the repository at the snapshot commit holds it, and its sha256 here identifies it
v2/vendor/rp2040/rpi-rp2040-datasheet.pdf	0dfae4ed11807bafd9a8e312bf33b99250fb0da6	5301205	rp2040	yes	be56fbb75ba0ae9e26558a73c93ac3e75c2ad4e6878d3b6703de2a76d886ea8c	be56fbb75ba0ae9e26558a73c93ac3e75c2ad4e6878d3b6703de2a76d886ea8c	MATCH	https://datasheets.raspberrypi.com/rp2040/rp2040-datasheet.pdf (INFERRED from sources.txt line 53)	a maker document or CAD model (PDF, STEP, DXF, HTML, images, archives): cited, not bundled for size; the repository at the snapshot commit holds it, and its sha256 here identifies it
v2/vendor/rp2040/rpi-rp2040-hardware-design.pdf	787e329041fbdaefdfa4bd7af7e3090d348b030b	8853773	rp2040	yes	51c4f430153fcdbf3209d9b3b41662c8527ff0150bc25777e3fcd6f5221a1c19	51c4f430153fcdbf3209d9b3b41662c8527ff0150bc25777e3fcd6f5221a1c19	MATCH	-	a maker document or CAD model (PDF, STEP, DXF, HTML, images, archives): cited, not bundled for size; the repository at the snapshot commit holds it, and its sha256 here identifies it
v2/vendor/rpi5/raspberry-pi-5-mechanical-drawing.pdf	1b38898632a3b147d078c1abe7fad7137eec0439	174949	-	-	-	-	NOT_CITED_BY_SOURCES_YAML	-	a maker document or CAD model (PDF, STEP, DXF, HTML, images, archives): cited, not bundled for size; the repository at the snapshot commit holds it, and its sha256 here identifies it
v2/vendor/rpi5/raspberry-pi-5-product-brief.pdf	203a3be41314c6eaeaa3da0b9445eb9ca5d31198	1095537	-	-	-	-	NOT_CITED_BY_SOURCES_YAML	-	a maker document or CAD model (PDF, STEP, DXF, HTML, images, archives): cited, not bundled for size; the repository at the snapshot commit holds it, and its sha256 here identifies it
v2/vendor/samsung/samsung-cl05a225ko5nqn-spec.html	b3208b948f21aef46a124bd110d9a4233d4524f2	164489	-	no	95ae829954e4a5a5a36fbb318487b3c4668f4ed0488a23ce53bf3bc019cb3edc	95ae829954e4a5a5a36fbb318487b3c4668f4ed0488a23ce53bf3bc019cb3edc	MATCH	https://weblib.samsungsem.com/mlcc/mlcc-ec-data-sheet.do?partNumber=CL05A225KO5NQN	a maker document or CAD model (PDF, STEP, DXF, HTML, images, archives): cited, not bundled for size; the repository at the snapshot commit holds it, and its sha256 here identifies it
v2/vendor/sciosense/sciosense-as3935-factsheet.pdf	0e0f25f4aa74b4d6276b9200ede76ffe48174d9b	444795	-	-	-	-	NOT_CITED_BY_SOURCES_YAML	-	a maker document or CAD model (PDF, STEP, DXF, HTML, images, archives): cited, not bundled for size; the repository at the snapshot commit holds it, and its sha256 here identifies it
v2/vendor/sciosense/sciosense-as3935-hw-guide.pdf	a01ffa0b908c8c72b0307210ba016c66fe45f26f	343080	-	-	-	-	NOT_CITED_BY_SOURCES_YAML	-	a maker document or CAD model (PDF, STEP, DXF, HTML, images, archives): cited, not bundled for size; the repository at the snapshot commit holds it, and its sha256 here identifies it
v2/vendor/seals/3m-467mp-tds.pdf	714e1e797222c9fb86fab5e5b401e8732c0565fe	101942	-	-	-	-	NOT_CITED_BY_SOURCES_YAML	-	a maker document or CAD model (PDF, STEP, DXF, HTML, images, archives): cited, not bundled for size; the repository at the snapshot commit holds it, and its sha256 here identifies it
v2/vendor/seals/3m-7871-label-tds.pdf	8d9b7235fa3197d365ff5920562435bc25090c60	94237	-	-	-	-	NOT_CITED_BY_SOURCES_YAML	-	a maker document or CAD model (PDF, STEP, DXF, HTML, images, archives): cited, not bundled for size; the repository at the snapshot commit holds it, and its sha256 here identifies it
v2/vendor/seals/3m-7871ec-label-tds-eu.pdf	a16e1d921e42f7ac2743182823c37bd49efdcd39	57101	-	-	-	-	NOT_CITED_BY_SOURCES_YAML	-	a maker document or CAD model (PDF, STEP, DXF, HTML, images, archives): cited, not bundled for size; the repository at the snapshot commit holds it, and its sha256 here identifies it
v2/vendor/seals/3m-vhb-4926-tds.pdf	8536caf3a88fe3add58720e58f839147d39acdc7	967543	-	-	-	-	NOT_CITED_BY_SOURCES_YAML	-	a maker document or CAD model (PDF, STEP, DXF, HTML, images, archives): cited, not bundled for size; the repository at the snapshot commit holds it, and its sha256 here identifies it
v2/vendor/seals/3m-vhb-4930-tds.pdf	7bbfb8bc49fc96fea6cf36bf4db96a90f14b05e9	96487	-	-	-	-	NOT_CITED_BY_SOURCES_YAML	-	a maker document or CAD model (PDF, STEP, DXF, HTML, images, archives): cited, not bundled for size; the repository at the snapshot commit holds it, and its sha256 here identifies it
v2/vendor/seals/3m-vhb-4936-tds.pdf	5ab13376dc531436e91b818b348d7d5bb8aa5f55	962412	-	-	-	-	NOT_CITED_BY_SOURCES_YAML	-	a maker document or CAD model (PDF, STEP, DXF, HTML, images, archives): cited, not bundled for size; the repository at the snapshot commit holds it, and its sha256 here identifies it
v2/vendor/seals/3m-vhb-5915-tds.pdf	b3dc680c1a661cb8cc38cf1cc2e66e830b3e89b7	986655	-	-	-	-	NOT_CITED_BY_SOURCES_YAML	-	a maker document or CAD model (PDF, STEP, DXF, HTML, images, archives): cited, not bundled for size; the repository at the snapshot commit holds it, and its sha256 here identifies it
v2/vendor/seals/3m-vhb-5925-tds.pdf	8e96a676a66fa8c23b6939cb5e514ec637420c27	229669	-	-	-	-	NOT_CITED_BY_SOURCES_YAML	-	a maker document or CAD model (PDF, STEP, DXF, HTML, images, archives): cited, not bundled for size; the repository at the snapshot commit holds it, and its sha256 here identifies it
v2/vendor/seals/3m-vhb-specialty-tapes-tds.pdf	affc5928167ea9982c42e819045eb21e52839eaf	747549	-	-	-	-	NOT_CITED_BY_SOURCES_YAML	-	a maker document or CAD model (PDF, STEP, DXF, HTML, images, archives): cited, not bundled for size; the repository at the snapshot commit holds it, and its sha256 here identifies it
v2/vendor/seals/3m-vhb-tapes-family-2018.pdf	1076a930ed13d9b88f990f0099b2ad2ecf1298ab	436447	-	-	-	-	NOT_CITED_BY_SOURCES_YAML	-	a maker document or CAD model (PDF, STEP, DXF, HTML, images, archives): cited, not bundled for size; the repository at the snapshot commit holds it, and its sha256 here identifies it
v2/vendor/seals/apem-5000-series-catalogue.pdf	f363460cb793a53760970565c7b60aa21bfd5b45	3018824	-	-	-	-	NOT_CITED_BY_SOURCES_YAML	-	a maker document or CAD model (PDF, STEP, DXF, HTML, images, archives): cited, not bundled for size; the repository at the snapshot commit holds it, and its sha256 here identifies it
v2/vendor/seals/apem-5000-series-datasheet-rs-copy.pdf	9f83876411bb65cebaa7fd105ded83997c20b7f3	2215087	-	-	-	-	NOT_CITED_BY_SOURCES_YAML	-	a maker document or CAD model (PDF, STEP, DXF, HTML, images, archives): cited, not bundled for size; the repository at the snapshot commit holds it, and its sha256 here identifies it
v2/vendor/seals/brady-b-8423-tds.pdf	e701c5bc23ca25eac4e3e884c1df1a6208fc0e54	293766	-	-	-	-	NOT_CITED_BY_SOURCES_YAML	-	a maker document or CAD model (PDF, STEP, DXF, HTML, images, archives): cited, not bundled for size; the repository at the snapshot commit holds it, and its sha256 here identifies it
v2/vendor/seals/centricrf-c3154-sma-bulkhead-ip67.pdf	2b455409ed8a5a897c9539f73bd0dbc43ba27ef0	218007	-	-	-	-	NOT_CITED_BY_SOURCES_YAML	-	a maker document or CAD model (PDF, STEP, DXF, HTML, images, archives): cited, not bundled for size; the repository at the snapshot commit holds it, and its sha256 here identifies it
v2/vendor/seals/dowsil-3145-clear-tds.pdf	b1e429fff9269e8a5d961072919c2b2d2b0b8be3	185746	-	-	-	-	NOT_CITED_BY_SOURCES_YAML	-	a maker document or CAD model (PDF, STEP, DXF, HTML, images, archives): cited, not bundled for size; the repository at the snapshot commit holds it, and its sha256 here identifies it
v2/vendor/seals/exolon-ar-datasheet-de-sahlberg.pdf	62ec790aa0c12b885ae11b25ced52bd6f36dc6b6	171854	-	-	-	-	NOT_CITED_BY_SOURCES_YAML	-	a maker document or CAD model (PDF, STEP, DXF, HTML, images, archives): cited, not bundled for size; the repository at the snapshot commit holds it, and its sha256 here identifies it
v2/vendor/seals/floydbell-gasket-61663-g79-spec.pdf	76bc15bbde582b29b043dc27234ed97831e8be51	70685	-	-	-	-	NOT_CITED_BY_SOURCES_YAML	-	a maker document or CAD model (PDF, STEP, DXF, HTML, images, archives): cited, not bundled for size; the repository at the snapshot commit holds it, and its sha256 here identifies it
v2/vendor/seals/floydbell-mc-09-530-q-spec.pdf	14e857763a9e20fc418dd8d155a5f677ac8a5d86	120742	-	-	-	-	NOT_CITED_BY_SOURCES_YAML	-	a maker document or CAD model (PDF, STEP, DXF, HTML, images, archives): cited, not bundled for size; the repository at the snapshot commit holds it, and its sha256 here identifies it
v2/vendor/seals/glenair-930-001-flange-gasket.pdf	df4084cb66f02d33150e341811c033dbe5132d3c	316735	-	-	-	-	NOT_CITED_BY_SOURCES_YAML	-	a maker document or CAD model (PDF, STEP, DXF, HTML, images, archives): cited, not bundled for size; the repository at the snapshot commit holds it, and its sha256 here identifies it
v2/vendor/seals/glenair-series-93-flange-gasket-selection-guide.pdf	bdb44d934f626edcddd204995dce3886a9254510	259699	-	-	-	-	NOT_CITED_BY_SOURCES_YAML	-	a maker document or CAD model (PDF, STEP, DXF, HTML, images, archives): cited, not bundled for size; the repository at the snapshot commit holds it, and its sha256 here identifies it
v2/vendor/seals/loctite-si-5145-tds.pdf	b96c48c87d3fdd1e853ff044e8a23f160a97f13a	107018	-	-	-	-	NOT_CITED_BY_SOURCES_YAML	-	a maker document or CAD model (PDF, STEP, DXF, HTML, images, archives): cited, not bundled for size; the repository at the snapshot commit holds it, and its sha256 here identifies it
v2/vendor/seals/mallory-sc628-spec.pdf	cc74583a754e28d279e2e80b9a083ac8d94666b5	122210	-	-	-	-	NOT_CITED_BY_SOURCES_YAML	-	a maker document or CAD model (PDF, STEP, DXF, HTML, images, archives): cited, not bundled for size; the repository at the snapshot commit holds it, and its sha256 here identifies it
v2/vendor/seals/mg-chemicals-422b-liquid-tds.pdf	83db0980b0d82dd51867de9a0f38d5da1c501b29	376051	-	-	-	-	NOT_CITED_BY_SOURCES_YAML	-	a maker document or CAD model (PDF, STEP, DXF, HTML, images, archives): cited, not bundled for size; the repository at the snapshot commit holds it, and its sha256 here identifies it
v2/vendor/seals/mg-chemicals-422bp-tds.pdf	462d58d9a27ccfda3bf900ab1e04d7d10f05ef9b	194514	-	-	-	-	NOT_CITED_BY_SOURCES_YAML	-	a maker document or CAD model (PDF, STEP, DXF, HTML, images, archives): cited, not bundled for size; the repository at the snapshot commit holds it, and its sha256 here identifies it
v2/vendor/seals/momentive-rtv162-tds.pdf	b8bb2317b65bdd5c73f2453714c44df95b934a96	315947	-	-	-	-	NOT_CITED_BY_SOURCES_YAML	-	a maker document or CAD model (PDF, STEP, DXF, HTML, images, archives): cited, not bundled for size; the repository at the snapshot commit holds it, and its sha256 here identifies it
v2/vendor/seals/nkk-ip-rated-switches-accessories.pdf	1b49d5572563ade716c425330c4184b1efb72d27	2411995	-	-	-	-	NOT_CITED_BY_SOURCES_YAML	-	a maker document or CAD model (PDF, STEP, DXF, HTML, images, archives): cited, not bundled for size; the repository at the snapshot commit holds it, and its sha256 here identifies it
v2/vendor/seals/plaskolite-tuffak-ar-metric-pds.pdf	7e6a4992d509eae519e70c534871b0dd3db9ceb2	169192	-	-	-	-	NOT_CITED_BY_SOURCES_YAML	-	a maker document or CAD model (PDF, STEP, DXF, HTML, images, archives): cited, not bundled for size; the repository at the snapshot commit holds it, and its sha256 here identifies it
v2/vendor/seals/plaskolite-tuffak-ar1-pds.pdf	1b83ab600e3e701037bdddf69a9f4e8f1de97b60	168590	-	-	-	-	NOT_CITED_BY_SOURCES_YAML	-	a maker document or CAD model (PDF, STEP, DXF, HTML, images, archives): cited, not bundled for size; the repository at the snapshot commit holds it, and its sha256 here identifies it
v2/vendor/seals/plaskolite-tuffak-hc-eu-pds.pdf	f3b6f6b25884cc1f95a1f112c5e189f04c66c173	168736	-	-	-	-	NOT_CITED_BY_SOURCES_YAML	-	a maker document or CAD model (PDF, STEP, DXF, HTML, images, archives): cited, not bundled for size; the repository at the snapshot commit holds it, and its sha256 here identifies it
v2/vendor/seals/polyvantis-lexan-margard-mr10-datasheet.pdf	5e21c2a7176760d81aba57412ec3c23245dad151	168822	-	-	-	-	NOT_CITED_BY_SOURCES_YAML	-	a maker document or CAD model (PDF, STEP, DXF, HTML, images, archives): cited, not bundled for size; the repository at the snapshot commit holds it, and its sha256 here identifies it
v2/vendor/seals/polyvantis-lexan-margard-mr5e-datasheet.pdf	846c2673f0954531fc4fa5c4e770d8a6c8d49758	343516	-	-	-	-	NOT_CITED_BY_SOURCES_YAML	-	a maker document or CAD model (PDF, STEP, DXF, HTML, images, archives): cited, not bundled for size; the repository at the snapshot commit holds it, and its sha256 here identifies it
v2/vendor/seals/rogers-bisco-ht-800-datasheet.pdf	a2d293e636df98ec1a8e2d715bf181a487953067	646361	-	-	-	-	NOT_CITED_BY_SOURCES_YAML	-	a maker document or CAD model (PDF, STEP, DXF, HTML, images, archives): cited, not bundled for size; the repository at the snapshot commit holds it, and its sha256 here identifies it
v2/vendor/seals/rogers-poron-4701-30-very-soft-supported.pdf	ccf7b5e9828eb2d521af853a0d164d8f554823d8	590574	-	-	-	-	NOT_CITED_BY_SOURCES_YAML	-	a maker document or CAD model (PDF, STEP, DXF, HTML, images, archives): cited, not bundled for size; the repository at the snapshot commit holds it, and its sha256 here identifies it
v2/vendor/seals/rogers-poron-4701-30-very-soft.pdf	28067755e156bb91949e20c2c3c1babcfbce602b	589374	-	-	-	-	NOT_CITED_BY_SOURCES_YAML	-	a maker document or CAD model (PDF, STEP, DXF, HTML, images, archives): cited, not bundled for size; the repository at the snapshot commit holds it, and its sha256 here identifies it
v2/vendor/seals/rogers-poron-4701-40-soft.pdf	595d2273371cf9486e446248fffd451c3af9807e	611657	-	-	-	-	NOT_CITED_BY_SOURCES_YAML	-	a maker document or CAD model (PDF, STEP, DXF, HTML, images, archives): cited, not bundled for size; the repository at the snapshot commit holds it, and its sha256 here identifies it
v2/vendor/seals/silex-gp-silicone-sheets-datasheet.pdf	21c596436d782ba7b41291084738aa99297a12a0	243785	-	-	-	-	NOT_CITED_BY_SOURCES_YAML	-	a maker document or CAD model (PDF, STEP, DXF, HTML, images, archives): cited, not bundled for size; the repository at the snapshot commit holds it, and its sha256 here identifies it
v2/vendor/sensirion/sgp41-datasheet.pdf	dbbd66fd70a24b4a9f3b31d7cf092e8654d197f5	1067257	battery-bay-gas-sensor	yes	331f35ed1f027a74ec79b302763f7adb920759bc055b3d2ada17822bb0005bec	331f35ed1f027a74ec79b302763f7adb920759bc055b3d2ada17822bb0005bec	MATCH	https://sensirion.com/media/documents/5FE8673C/61E96F50/Sensirion_Gas_Sensors_Datasheet_SGP41.pdf (the link on https://sensirion.com/products/catalog/SGP41, read 2026-09-26)	a maker document or CAD model (PDF, STEP, DXF, HTML, images, archives): cited, not bundled for size; the repository at the snapshot commit holds it, and its sha256 here identifies it
v2/vendor/silabs/silabs-cp2102n.pdf	0f901419b778e1a3cc08ca8bdafb4d7d080e7bb4	2252034	-	-	-	-	NOT_CITED_BY_SOURCES_YAML	-	a maker document or CAD model (PDF, STEP, DXF, HTML, images, archives): cited, not bundled for size; the repository at the snapshot commit holds it, and its sha256 here identifies it
v2/vendor/st/st-an4938-rev7.pdf	fcfe3d58f330232328122e20ac6454f45843a05a	1126615	io-supervisor-mcu	yes	217b5dcbfdd27cec4f6013cf1f51930bf81c338ccbaf7bf8dce3fa69592bb8b3	217b5dcbfdd27cec4f6013cf1f51930bf81c338ccbaf7bf8dce3fa69592bb8b3	MATCH	https://web.archive.org/web/20250726045640id_/https://www.st.com/resource/en/application_note/an4938-getting-started-with-stm32h74xig-and-stm32h75xig-mcu-hardware-development-stmicroelectronics.pdf	a maker document or CAD model (PDF, STEP, DXF, HTML, images, archives): cited, not bundled for size; the repository at the snapshot commit holds it, and its sha256 here identifies it
v2/vendor/st/st-es0392-rev15.pdf	7f9e6791c50f96856097889141157d372a5c22b4	3278533	io-supervisor-mcu	yes	effe23b2b79ec4ee33a8ab42b1b934cdd34100775cd6ca6b8dc8f3f2f01a1f9e	effe23b2b79ec4ee33a8ab42b1b934cdd34100775cd6ca6b8dc8f3f2f01a1f9e	MATCH	https://web.archive.org/web/20260526205148id_/https://www.st.com/resource/en/errata_sheet/es0392-stm32h742xig-stm32h743xig-and-stm32h753xi-device-errata-stmicroelectronics.pdf	a maker document or CAD model (PDF, STEP, DXF, HTML, images, archives): cited, not bundled for size; the repository at the snapshot commit holds it, and its sha256 here identifies it
v2/vendor/st/st-lis3mdl.pdf	20ac9c7beb4349831f703b5dcdf974da2208cd9f	1709153	-	-	-	-	NOT_CITED_BY_SOURCES_YAML	-	a maker document or CAD model (PDF, STEP, DXF, HTML, images, archives): cited, not bundled for size; the repository at the snapshot commit holds it, and its sha256 here identifies it
v2/vendor/st/st-rm0433-rev8.pdf	ce000ee20e1cad0ed6a08cbdb70ded96169f4208	40711860	io-supervisor-mcu	yes	9ba54135736a47a302cdc28fdc7ca8f23c6eed5a646fa0a639af6ed2ad71336e	9ba54135736a47a302cdc28fdc7ca8f23c6eed5a646fa0a639af6ed2ad71336e	MATCH	https://web.archive.org/web/20251014013150id_/https://www.st.com/resource/en/reference_manual/rm0433-stm32h742-stm32h743753-and-stm32h750-value-line-advanced-armbased-32bit-mcus-stmicroelectronics.pdf	a maker document or CAD model (PDF, STEP, DXF, HTML, images, archives): cited, not bundled for size; the repository at the snapshot commit holds it, and its sha256 here identifies it
v2/vendor/st/st-stm32h743xi-datasheet-rev11.pdf	4b2812d8b65658d4031c39bcf51a48c538a9f23a	7075281	io-supervisor-mcu	yes	f6e620179006c8c4d497b477ba065edc89c6dd9ac24d9debb3362910651f42ee	f6e620179006c8c4d497b477ba065edc89c6dd9ac24d9debb3362910651f42ee	MATCH	https://web.archive.org/web/20260827112637id_/https://www.st.com/resource/en/datasheet/stm32h743vi.pdf (Internet Archive copy; st.com refuses this host)	a maker document or CAD model (PDF, STEP, DXF, HTML, images, archives): cited, not bundled for size; the repository at the snapshot commit holds it, and its sha256 here identifies it
v2/vendor/st/st-stm32h743xi-datasheet.pdf	0a8f77ccb2dc9105006c706e9ce833188ef1a796	7342897	io-supervisor-mcu	yes	9b27d1d993a8bc5b095125c85dd71b61f8d31f4556d0552623841d529b959f21	9b27d1d993a8bc5b095125c85dd71b61f8d31f4556d0552623841d529b959f21	MATCH	https://web.archive.org/web/2024id_/https://www.st.com/resource/en/datasheet/stm32h743vi.pdf (Wayback copy; st.com refuses this host)	a maker document or CAD model (PDF, STEP, DXF, HTML, images, archives): cited, not bundled for size; the repository at the snapshot commit holds it, and its sha256 here identifies it
v2/vendor/st/st-stm32h753xi-datasheet.pdf	92dce5e33f5a00973aae563b5f5cc35788ef76a6	21514624	io-supervisor-mcu	yes	3bf346d8a511843ac6f5397a0e1c59d83e7ed70c7835fde72669fa545f4bd9d7	3bf346d8a511843ac6f5397a0e1c59d83e7ed70c7835fde72669fa545f4bd9d7	MATCH	https://web.archive.org/web/2024id_/https://www.st.com/resource/en/datasheet/stm32h753vi.pdf (Wayback copy)	a maker document or CAD model (PDF, STEP, DXF, HTML, images, archives): cited, not bundled for size; the repository at the snapshot commit holds it, and its sha256 here identifies it
v2/vendor/st/st-usblc6-2-esd-protection.pdf	14a1ce92e55f12acb3ab105154c81ddf58f5ef3f	575521	usb-esd-array	yes	bc30154f310cd631043214ed52571daefe04270587ec55072d49a23bd18b9068	bc30154f310cd631043214ed52571daefe04270587ec55072d49a23bd18b9068	MATCH	TBD	a maker document or CAD model (PDF, STEP, DXF, HTML, images, archives): cited, not bundled for size; the repository at the snapshot commit holds it, and its sha256 here identifies it
v2/vendor/standards/intel-an574.pdf	ccc6263abe29a2c942505ae440b6f698c68d3c67	949869	-	-	-	-	NOT_CITED_BY_SOURCES_YAML	-	a maker document or CAD model (PDF, STEP, DXF, HTML, images, archives): cited, not bundled for size; the repository at the snapshot commit holds it, and its sha256 here identifies it
v2/vendor/storage/advantech-sqflash-720-d-m2-2242-v1.9.pdf	ab4ce002adc7f73aa54d85b104005908c31925ec	707692	-	-	-	-	NOT_CITED_BY_SOURCES_YAML	-	a maker document or CAD model (PDF, STEP, DXF, HTML, images, archives): cited, not bundled for size; the repository at the snapshot commit holds it, and its sha256 here identifies it
v2/vendor/storage/cervoz-m2-2242-nvme-titan.pdf	5736f26e14eacf562fcb66be1f72606364f4456b	1159075	-	-	-	-	NOT_CITED_BY_SOURCES_YAML	-	a maker document or CAD model (PDF, STEP, DXF, HTML, images, archives): cited, not bundled for size; the repository at the snapshot commit holds it, and its sha256 here identifies it
v2/vendor/switches/apem-switch-guards-series.pdf	7975c7d6652e6e33f4767dc557ab9ee3a6aead54	1328635	-	-	-	-	NOT_CITED_BY_SOURCES_YAML	-	a maker document or CAD model (PDF, STEP, DXF, HTML, images, archives): cited, not bundled for size; the repository at the snapshot commit holds it, and its sha256 here identifies it
v2/vendor/switches/ck-atp16-series-datasheet.pdf	5bb0249da74d2b66a64cb1165e84591d0c3a3094	854753	-	-	-	-	NOT_CITED_BY_SOURCES_YAML	-	a maker document or CAD model (PDF, STEP, DXF, HTML, images, archives): cited, not bundled for size; the repository at the snapshot commit holds it, and its sha256 here identifies it
v2/vendor/switches/ck-atp19-series-datasheet.pdf	25b05375a12370b5e266158ef169a25f02c5b171	506512	-	-	-	-	NOT_CITED_BY_SOURCES_YAML	-	a maker document or CAD model (PDF, STEP, DXF, HTML, images, archives): cited, not bundled for size; the repository at the snapshot commit holds it, and its sha256 here identifies it
v2/vendor/switches/littelfuse-59140-reed-sensor-2022-03-25.pdf	cb1abf022293711c1eb896641bdc0bd7919cb26b	427176	None	no	c54b8c66982b3ebd90d52a74f005a06815c80ba9b0561f67f13d6dede3e0d27b	c54b8c66982b3ebd90d52a74f005a06815c80ba9b0561f67f13d6dede3e0d27b	MATCH	TBD	a maker document or CAD model (PDF, STEP, DXF, HTML, images, archives): cited, not bundled for size; the repository at the snapshot commit holds it, and its sha256 here identifies it
v2/vendor/switches/nkk-accessories-hardware.pdf	a813a23ec06c8d57fd7e05ea5680301560433209	3026359	-	-	-	-	NOT_CITED_BY_SOURCES_YAML	-	a maker document or CAD model (PDF, STEP, DXF, HTML, images, archives): cited, not bundled for size; the repository at the snapshot commit holds it, and its sha256 here identifies it
v2/vendor/switches/nkk-m-series-toggles-datasheet.pdf	a8a3dccbb1d24154aad139e0e59ea0bef738e4e1	2622293	-	-	-	-	NOT_CITED_BY_SOURCES_YAML	-	a maker document or CAD model (PDF, STEP, DXF, HTML, images, archives): cited, not bundled for size; the repository at the snapshot commit holds it, and its sha256 here identifies it
v2/vendor/tbeam/H768-01-DISPLAY-BAT-SHELL.stp	0c711af8363753c489653c7f6192abd6713196ee	743857	-	-	-	-	NOT_CITED_BY_SOURCES_YAML	-	a maker document or CAD model (PDF, STEP, DXF, HTML, images, archives): cited, not bundled for size; the repository at the snapshot commit holds it, and its sha256 here identifies it
v2/vendor/tbeam/H768-01-PCB-FAN.stp	375f9437d58a063535495a6aaaa88aa7769e2d09	47286242	-	-	-	-	NOT_CITED_BY_SOURCES_YAML	-	a maker document or CAD model (PDF, STEP, DXF, HTML, images, archives): cited, not bundled for size; the repository at the snapshot commit holds it, and its sha256 here identifies it
v2/vendor/tbeam/t-beam-1w-dwg.png	9bd9402c98c9a620d7479a2eda9a4541a8f28c0c	121402	-	-	-	-	NOT_CITED_BY_SOURCES_YAML	-	a maker document or CAD model (PDF, STEP, DXF, HTML, images, archives): cited, not bundled for size; the repository at the snapshot commit holds it, and its sha256 here identifies it
v2/vendor/tcall/T-A7670X-Board-3D.stp	aac0674f26c1cb24a401fdded89cc678f2785f07	694684	-	-	-	-	NOT_CITED_BY_SOURCES_YAML	-	a maker document or CAD model (PDF, STEP, DXF, HTML, images, archives): cited, not bundled for size; the repository at the snapshot commit holds it, and its sha256 here identifies it
v2/vendor/tcall/T-Call-A7670-ESP32.dxf	e49cc385a86dedecb76302255c11dcd848c6e43e	763250	-	-	-	-	NOT_CITED_BY_SOURCES_YAML	-	a maker document or CAD model (PDF, STEP, DXF, HTML, images, archives): cited, not bundled for size; the repository at the snapshot commit holds it, and its sha256 here identifies it
v2/vendor/tcall/T-Call-A767X-ESP32.png	587140205749eb2d284f5e0ff50d01bf1faa2fa1	53209	-	-	-	-	NOT_CITED_BY_SOURCES_YAML	-	a maker document or CAD model (PDF, STEP, DXF, HTML, images, archives): cited, not bundled for size; the repository at the snapshot commit holds it, and its sha256 here identifies it
v2/vendor/td2/RP-008387-DS-1-touch-display-2-product-brief.pdf	5ba33de7d30636d37a68439d015cff827d671342	739335	-	-	-	-	NOT_CITED_BY_SOURCES_YAML	-	a maker document or CAD model (PDF, STEP, DXF, HTML, images, archives): cited, not bundled for size; the repository at the snapshot commit holds it, and its sha256 here identifies it
v2/vendor/td2/RP-009106-MM-8-touch-display-2-product-brief.pdf	29cb11ebed9df88c5b9ec705f319012340e08220	543318	-	-	-	-	NOT_CITED_BY_SOURCES_YAML	-	a maker document or CAD model (PDF, STEP, DXF, HTML, images, archives): cited, not bundled for size; the repository at the snapshot commit holds it, and its sha256 here identifies it
v2/vendor/td2/RP-010429-MM-1-touch-display-2-7-inch-product-brief.pdf	69a3164d6b3e3aacbafb57a40e1b9eebc62dc49d	9696656	-	-	-	-	NOT_CITED_BY_SOURCES_YAML	-	a maker document or CAD model (PDF, STEP, DXF, HTML, images, archives): cited, not bundled for size; the repository at the snapshot commit holds it, and its sha256 here identifies it
v2/vendor/td2/RPi-Touch-Display-2-product-brief-2025-08-(design-source).pdf	22605b77a2f181a92b797c51676aa51ae829c538	2817418	-	-	-	-	NOT_CITED_BY_SOURCES_YAML	-	a maker document or CAD model (PDF, STEP, DXF, HTML, images, archives): cited, not bundled for size; the repository at the snapshot commit holds it, and its sha256 here identifies it
v2/vendor/td2/RPi-Touch-Display-2-product-brief-2026-08-datasheets.raspberrypi.com.pdf	3664eee063069e60bc2b7b4cf19bf74b2d955985	13081596	-	-	-	-	NOT_CITED_BY_SOURCES_YAML	-	a maker document or CAD model (PDF, STEP, DXF, HTML, images, archives): cited, not bundled for size; the repository at the snapshot commit holds it, and its sha256 here identifies it
v2/vendor/td2/raspberry-pi-touch-display-2-7inch-RP-009154-DD-1.step	d6729478688fd923b777760d3aba4927f759ebae	11522395	-	-	-	-	NOT_CITED_BY_SOURCES_YAML	-	a maker document or CAD model (PDF, STEP, DXF, HTML, images, archives): cited, not bundled for size; the repository at the snapshot commit holds it, and its sha256 here identifies it
v2/vendor/techpublic/techpublic-74lvc1g08gv-c19829591.pdf	d3ed3d8c9f22c72afb64a062c4670e5e7aa15dd5	2016731	board-d-ptt-emcon-logic	yes	37d1f4d4afb932981a81fe12eb752143105ccbb17e399e04bd163c8b75f2ff0a	37d1f4d4afb932981a81fe12eb752143105ccbb17e399e04bd163c8b75f2ff0a	MATCH	https://datasheet.lcsc.com/datasheet/pdf/e335bb6567581dcd835345d1662386ee.pdf?productCode=C19829591 (LCSC's copy; the maker's site www.techpublic.com was not tried)	a maker document or CAD model (PDF, STEP, DXF, HTML, images, archives): cited, not bundled for size; the repository at the snapshot commit holds it, and its sha256 here identifies it
v2/vendor/ti/lm5176-datasheet.pdf	aa19fc85f636e036e0f9cc187b6085141e2f77bd	2219997	buck-boost-lm5176	yes	98191bec36d43771affa3e1540f6e1737347c19a1602747ffb4327509550a820	98191bec36d43771affa3e1540f6e1737347c19a1602747ffb4327509550a820	MATCH	https://www.ti.com/lit/ds/symlink/lm5176.pdf	a maker document or CAD model (PDF, STEP, DXF, HTML, images, archives): cited, not bundled for size; the repository at the snapshot commit holds it, and its sha256 here identifies it
v2/vendor/ti/ti-ads1115-sbas444e.pdf	7d7db173219804167a1c1c447c85f06496d327ca	2654255	board-d-flange-adc	yes	eefff4d412ce2dcd7e659f47238edc9b2fa02e5971f2625af730502033701834	eefff4d412ce2dcd7e659f47238edc9b2fa02e5971f2625af730502033701834	MATCH	https://www.ti.com/lit/ds/symlink/ads1115.pdf	a maker document or CAD model (PDF, STEP, DXF, HTML, images, archives): cited, not bundled for size; the repository at the snapshot commit holds it, and its sha256 here identifies it
v2/vendor/ti/ti-e2e-1316778-bq25731-chargecurrent-por.html	fc53e9d47f1d02e385deb64049d843a6e2a0e6d1	147958	charger	yes	96c511cf238d00182bcd82c5e7bdce3d25571c49cbd77f6b57a9171159f0d8c4	96c511cf238d00182bcd82c5e7bdce3d25571c49cbd77f6b57a9171159f0d8c4	MATCH	https://e2e.ti.com/support/power-management-group/power-management/f/power-management-forum/1316778/bq25731-bq25731-chargecurrent-start-up-behavior	a maker document or CAD model (PDF, STEP, DXF, HTML, images, archives): cited, not bundled for size; the repository at the snapshot commit holds it, and its sha256 here identifies it
v2/vendor/ti/ti-ina219.pdf	45ef794703f86c2e1a2769708fb6c3b93120bc75	892731	-	-	-	-	NOT_CITED_BY_SOURCES_YAML	-	a maker document or CAD model (PDF, STEP, DXF, HTML, images, archives): cited, not bundled for size; the repository at the snapshot commit holds it, and its sha256 here identifies it
v2/vendor/ti/ti-ina226.pdf	88526dd0425dec3585cd1c8d6ecc86794cc3bcf1	1516957	-	-	-	-	NOT_CITED_BY_SOURCES_YAML	-	a maker document or CAD model (PDF, STEP, DXF, HTML, images, archives): cited, not bundled for size; the repository at the snapshot commit holds it, and its sha256 here identifies it
v2/vendor/ti/ti-lm5069.pdf	891dd49dff2d91ece303e770fb2a40ceacc5a0cc	2202582	hot-swap-lm5069	yes	d60d8106a6e8113900ff8b9576dd959942fa7169742baf0beeb30684d4d64681	d60d8106a6e8113900ff8b9576dd959942fa7169742baf0beeb30684d4d64681	MATCH	https://www.ti.com/lit/ds/symlink/lm5069.pdf	a maker document or CAD model (PDF, STEP, DXF, HTML, images, archives): cited, not bundled for size; the repository at the snapshot commit holds it, and its sha256 here identifies it
v2/vendor/ti/ti-lm74700-q1.pdf	6fb23bd52af4da4a34ef9c0a14ecad042719e455	2657068	ideal-diode-lm74700	yes	e16b3a8c0023201fafa5825436f5f2dd6f885b92b84e65602b3f50d741c58b6f	e16b3a8c0023201fafa5825436f5f2dd6f885b92b84e65602b3f50d741c58b6f	MATCH	https://www.ti.com/lit/ds/symlink/lm74700-q1.pdf	a maker document or CAD model (PDF, STEP, DXF, HTML, images, archives): cited, not bundled for size; the repository at the snapshot commit holds it, and its sha256 here identifies it
v2/vendor/ti/ti-lmr33640.pdf	5b94d0a2c63c06dd99f2deca488f994a576b4712	2626223	-	-	-	-	NOT_CITED_BY_SOURCES_YAML	-	a maker document or CAD model (PDF, STEP, DXF, HTML, images, archives): cited, not bundled for size; the repository at the snapshot commit holds it, and its sha256 here identifies it
v2/vendor/ti/ti-pcm2912a.pdf	525f39d7516a185994c8aa617503b03c6d112488	936723	-	-	-	-	NOT_CITED_BY_SOURCES_YAML	-	a maker document or CAD model (PDF, STEP, DXF, HTML, images, archives): cited, not bundled for size; the repository at the snapshot commit holds it, and its sha256 here identifies it
v2/vendor/ti/ti-scaa082a-high-speed-layout-guidelines.pdf	f9d6aefd18481eba2c52e96b9e46cebc48b176cc	780522	-	-	-	-	NOT_CITED_BY_SOURCES_YAML	-	a maker document or CAD model (PDF, STEP, DXF, HTML, images, archives): cited, not bundled for size; the repository at the snapshot commit holds it, and its sha256 here identifies it
v2/vendor/ti/ti-slla552-tmuxhs4212-schematic-checklist.pdf	bfbd86586d982b5f256de8708a9f77717e22464e	427588	usb3-host-mux	yes	5258cb808aa0d2cfb4579cc91ee3b9a39d4448133e149ce09c06062a40a4182e	5258cb808aa0d2cfb4579cc91ee3b9a39d4448133e149ce09c06062a40a4182e	MATCH	https://www.ti.com/lit/pdf/SLLA552 (resolved to https://www.ti.com/lit/an/slla552/slla552.pdf)	a maker document or CAD model (PDF, STEP, DXF, HTML, images, archives): cited, not bundled for size; the repository at the snapshot commit holds it, and its sha256 here identifies it
v2/vendor/ti/ti-sn74aup1g08.pdf	d9afc37d729e999163d570b85cd3ffc4dcb5df22	3130585	emcon-gates-board-a	yes	6d3ebde01544528256297fbf38fcbc9b0c09f1d28147a3b911a6aa684c962256	6d3ebde01544528256297fbf38fcbc9b0c09f1d28147a3b911a6aa684c962256	MATCH	https://www.ti.com/lit/ds/symlink/sn74aup1g08.pdf	a maker document or CAD model (PDF, STEP, DXF, HTML, images, archives): cited, not bundled for size; the repository at the snapshot commit holds it, and its sha256 here identifies it
v2/vendor/ti/ti-sn74lvc00a.pdf	2a82b3b79c6f038773ba4fc73047d165f6e9d413	3398208	-	no	e2f3429c2a9f58341a9e0263ff8eb9a55bb71c170d50365b6d38687f22585342	e2f3429c2a9f58341a9e0263ff8eb9a55bb71c170d50365b6d38687f22585342	MATCH	https://www.ti.com/lit/ds/symlink/sn74lvc00a.pdf	a maker document or CAD model (PDF, STEP, DXF, HTML, images, archives): cited, not bundled for size; the repository at the snapshot commit holds it, and its sha256 here identifies it
v2/vendor/ti/ti-sn74lvc07a.pdf	d30adfefaf192958a4f50fb46031b22d62689e9c	1474197	-	no	52e8588a17302bc7b299b08002bf80f9c06035f34374b75fdc33afa0a4e3dd9f	52e8588a17302bc7b299b08002bf80f9c06035f34374b75fdc33afa0a4e3dd9f	MATCH	https://www.ti.com/lit/ds/symlink/sn74lvc07a.pdf	a maker document or CAD model (PDF, STEP, DXF, HTML, images, archives): cited, not bundled for size; the repository at the snapshot commit holds it, and its sha256 here identifies it
v2/vendor/ti/ti-sn74lvc08a-quad-and.pdf	6fe5ac01943d8bafac36f73d2670a61eb68b91d8	3451095	-	-	-	-	NOT_CITED_BY_SOURCES_YAML	-	a maker document or CAD model (PDF, STEP, DXF, HTML, images, archives): cited, not bundled for size; the repository at the snapshot commit holds it, and its sha256 here identifies it
v2/vendor/ti/ti-sn74lvc1g00.pdf	652c5d1fd1e35c0a7d46311ab7eec950d99f4774	2845572	outlet-interlock-nand	yes	1264f79853e6119b66d60fe54f1f6e87995c12c00138bd820981fe68febb1063	1264f79853e6119b66d60fe54f1f6e87995c12c00138bd820981fe68febb1063	MATCH	https://www.ti.com/lit/ds/symlink/sn74lvc1g00.pdf	a maker document or CAD model (PDF, STEP, DXF, HTML, images, archives): cited, not bundled for size; the repository at the snapshot commit holds it, and its sha256 here identifies it
v2/vendor/ti/ti-sn74lvc1g04.pdf	b3e1d0548f7158e5b921961973f9c00bea7f505a	2748219	board-d-ptt-emcon-logic	yes	ac04a53de979125799e57ea5a6dff4138fe53e0eceebe45c31f57523669887d5	ac04a53de979125799e57ea5a6dff4138fe53e0eceebe45c31f57523669887d5	MATCH	https://www.ti.com/lit/ds/symlink/sn74lvc1g04.pdf	a maker document or CAD model (PDF, STEP, DXF, HTML, images, archives): cited, not bundled for size; the repository at the snapshot commit holds it, and its sha256 here identifies it
v2/vendor/ti/ti-sn74lvc1g06.pdf	696cd5cb290306e39e4bb2f0159c47d496ea055b	2771450	board-d-ptt-emcon-logic	yes	44dbca33c92d677ed71f99c2d1a2eb28f12d6fdb512e13fdf485444a3a42b4a4	44dbca33c92d677ed71f99c2d1a2eb28f12d6fdb512e13fdf485444a3a42b4a4	MATCH	https://www.ti.com/lit/ds/symlink/sn74lvc1g06.pdf	a maker document or CAD model (PDF, STEP, DXF, HTML, images, archives): cited, not bundled for size; the repository at the snapshot commit holds it, and its sha256 here identifies it
v2/vendor/ti/ti-sn74lvc1g07.pdf	9864341935a99aec1870cb7e1f7e32129a45a94b	3049063	-	no	5c68b82a5110b337457ca918b149432c6b9c605be7849e76116f108ddbd7abee	5c68b82a5110b337457ca918b149432c6b9c605be7849e76116f108ddbd7abee	MATCH	https://www.ti.com/lit/ds/symlink/sn74lvc1g07.pdf	a maker document or CAD model (PDF, STEP, DXF, HTML, images, archives): cited, not bundled for size; the repository at the snapshot commit holds it, and its sha256 here identifies it
v2/vendor/ti/ti-sn74lvc1g08.pdf	a5b3e9d2b662c93b0a58f9907047d0d8f8bf3f9c	2837825	lvc-ioff-reference	no	30b963cc44233cf3ca35c891ff987c8323a2244ecc765e23296ec96ca4b42666	30b963cc44233cf3ca35c891ff987c8323a2244ecc765e23296ec96ca4b42666	MATCH	https://www.ti.com/lit/ds/symlink/sn74lvc1g08.pdf	a maker document or CAD model (PDF, STEP, DXF, HTML, images, archives): cited, not bundled for size; the repository at the snapshot commit holds it, and its sha256 here identifies it
v2/vendor/ti/ti-sn74lvc1g34.pdf	eba13675569171021bd556e55e1b5cbd2332982c	2968667	-	no	04384d3a3cf65b2b3f83cc2d04c19b660c3d6a423af6a863e8de3ddf45ccecb3	04384d3a3cf65b2b3f83cc2d04c19b660c3d6a423af6a863e8de3ddf45ccecb3	MATCH	https://www.ti.com/lit/ds/symlink/sn74lvc1g34.pdf	a maker document or CAD model (PDF, STEP, DXF, HTML, images, archives): cited, not bundled for size; the repository at the snapshot commit holds it, and its sha256 here identifies it
v2/vendor/ti/ti-sn74lvc1g57.pdf	cb19c1e6b4e82bbb035de7066a548603e4a9878f	2098202	panel-emcon-lamp-gate	yes	078364de617898af0dd4cee99931ab1d36b622824a06e8f9b7fa95087644af24	078364de617898af0dd4cee99931ab1d36b622824a06e8f9b7fa95087644af24	MATCH	https://www.ti.com/lit/ds/symlink/sn74lvc1g57.pdf	a maker document or CAD model (PDF, STEP, DXF, HTML, images, archives): cited, not bundled for size; the repository at the snapshot commit holds it, and its sha256 here identifies it
v2/vendor/ti/ti-sn74lvc2g07.pdf	3c7c48ac7399a2799c1ef30deca112cbd96ba337	1855270	-	no	71bbb2fc452e2949b332c030b004b094ba679ac8cce27123f806a0a6b1fde660	71bbb2fc452e2949b332c030b004b094ba679ac8cce27123f806a0a6b1fde660	MATCH	https://www.ti.com/lit/ds/symlink/sn74lvc2g07.pdf	a maker document or CAD model (PDF, STEP, DXF, HTML, images, archives): cited, not bundled for size; the repository at the snapshot commit holds it, and its sha256 here identifies it
v2/vendor/ti/ti-sn74lvc32a-quad-or.pdf	77f626c6914ba013c8c12367068408a96b9fe0a2	3409678	-	-	-	-	NOT_CITED_BY_SOURCES_YAML	-	a maker document or CAD model (PDF, STEP, DXF, HTML, images, archives): cited, not bundled for size; the repository at the snapshot commit holds it, and its sha256 here identifies it
v2/vendor/ti/ti-sn74lvc86a.pdf	0f732d8f3e1e65357ecd79bcced1bea41c1b6440	3304765	bbm-xor	yes	8115c852d23ce42a0a2518462474171d809c6d6ad5ed28f21c110bdb5a60a334	8115c852d23ce42a0a2518462474171d809c6d6ad5ed28f21c110bdb5a60a334	MATCH	https://www.ti.com/lit/ds/symlink/sn74lvc86a.pdf	a maker document or CAD model (PDF, STEP, DXF, HTML, images, archives): cited, not bundled for size; the repository at the snapshot commit holds it, and its sha256 here identifies it
v2/vendor/ti/ti-tca9517a-i2c-buffer.pdf	84c4143245c9de3031d6efbb052edb16c2f710f8	1119704	-	-	-	-	NOT_CITED_BY_SOURCES_YAML	-	a maker document or CAD model (PDF, STEP, DXF, HTML, images, archives): cited, not bundled for size; the repository at the snapshot commit holds it, and its sha256 here identifies it
v2/vendor/ti/ti-tcan334-can-fd-transceiver.pdf	a6fe8e319916243937987e90ea2a1850abbdb1f6	1718520	can-transceiver	yes	bb89f067e6a7902867bf6b82eaab762167f403ae8464a29ec4f318ab0c71628f	bb89f067e6a7902867bf6b82eaab762167f403ae8464a29ec4f318ab0c71628f	MATCH	TBD	a maker document or CAD model (PDF, STEP, DXF, HTML, images, archives): cited, not bundled for size; the repository at the snapshot commit holds it, and its sha256 here identifies it
v2/vendor/ti/ti-tlv320aic3204.pdf	a4929acdae267276eae8913ee99328c7288ee620	1561342	-	-	-	-	NOT_CITED_BY_SOURCES_YAML	-	a maker document or CAD model (PDF, STEP, DXF, HTML, images, archives): cited, not bundled for size; the repository at the snapshot commit holds it, and its sha256 here identifies it
v2/vendor/ti/ti-tlv758p.pdf	781afb5bc4fb76b152586ad0833228617c6e3977	3441410	board-d-regulators-tlv758p	yes	4a86306d6734f1f4212e897c29787a93b56724c06adf87d926cc7b603a694d12	4a86306d6734f1f4212e897c29787a93b56724c06adf87d926cc7b603a694d12	MATCH	https://www.ti.com/lit/ds/symlink/tlv758p.pdf	a maker document or CAD model (PDF, STEP, DXF, HTML, images, archives): cited, not bundled for size; the repository at the snapshot commit holds it, and its sha256 here identifies it
v2/vendor/ti/ti-tlv9062-op-amp.pdf	693193eaa118ec3cf124399e654e9fe0aaff5fd8	8130784	-	-	-	-	NOT_CITED_BY_SOURCES_YAML	-	a maker document or CAD model (PDF, STEP, DXF, HTML, images, archives): cited, not bundled for size; the repository at the snapshot commit holds it, and its sha256 here identifies it
v2/vendor/ti/ti-tmds341a.pdf	e44786a5dc07448c850d977d54a477aa7120f346	1631259	tmds341a	no	d4b5ddfc7a56b285d65a8a3dc7c385733e3aa1220bd2735a1f0fc55f444741da	d4b5ddfc7a56b285d65a8a3dc7c385733e3aa1220bd2735a1f0fc55f444741da	MATCH	-	a maker document or CAD model (PDF, STEP, DXF, HTML, images, archives): cited, not bundled for size; the repository at the snapshot commit holds it, and its sha256 here identifies it
v2/vendor/ti/ti-tmp117-temperature.pdf	477405c43bde3595de3e4090e78f56bcbce303fa	1718295	-	-	-	-	NOT_CITED_BY_SOURCES_YAML	-	a maker document or CAD model (PDF, STEP, DXF, HTML, images, archives): cited, not bundled for size; the repository at the snapshot commit holds it, and its sha256 here identifies it
v2/vendor/ti/ti-tmuxhs4212.pdf	4b98967e4f13db0f152106582c0fa515e5873571	2589328	usb3-host-mux	yes	34fa7c385e6aa8987e44a346219e15beac36e645e45b01d6542169f5b8e6d729	34fa7c385e6aa8987e44a346219e15beac36e645e45b01d6542169f5b8e6d729	MATCH	https://www.ti.com/lit/ds/symlink/tmuxhs4212.pdf	a maker document or CAD model (PDF, STEP, DXF, HTML, images, archives): cited, not bundled for size; the repository at the snapshot commit holds it, and its sha256 here identifies it
v2/vendor/ti/ti-tpa6132a2.pdf	e4efd90e99ff226646cda58091cd2ae1d3a0bae4	1593631	-	-	-	-	NOT_CITED_BY_SOURCES_YAML	-	a maker document or CAD model (PDF, STEP, DXF, HTML, images, archives): cited, not bundled for size; the repository at the snapshot commit holds it, and its sha256 here identifies it
v2/vendor/ti/ti-tpd2e2u06-q1.pdf	85b6fb6a53cf4fc03b79e8c35d9682dbf67187bc	1282364	usbc-cc-esd	yes	dca8b4e0bc48d8fceac96882eb49bd629c3c627ee259196ec19a42a115b1a0c6	dca8b4e0bc48d8fceac96882eb49bd629c3c627ee259196ec19a42a115b1a0c6	MATCH	https://www.ti.com/lit/ds/symlink/tpd2e2u06-q1.pdf	a maker document or CAD model (PDF, STEP, DXF, HTML, images, archives): cited, not bundled for size; the repository at the snapshot commit holds it, and its sha256 here identifies it
v2/vendor/ti/ti-tps2065-tps2066-tps2067.pdf	dd8a5a4c80630ef098b8def73b17f6ba23fe8333	2935978	usb-power-switch	yes	42af2c87de21378292500da9bafc9c074d494c9fc93af47db564b76895d7a4e5	42af2c87de21378292500da9bafc9c074d494c9fc93af47db564b76895d7a4e5	MATCH	-	a maker document or CAD model (PDF, STEP, DXF, HTML, images, archives): cited, not bundled for size; the repository at the snapshot commit holds it, and its sha256 here identifies it
v2/vendor/ti/ti-tps2065c-slvsau6i.pdf	1d1f333275be590f0456eb5c7fc463e7e9175b13	2726989	usb-power-switch	yes	898c093489ac30dde4c62f1ccaeaf71573239021a93da4182eb8efadf4be3fcd	898c093489ac30dde4c62f1ccaeaf71573239021a93da4182eb8efadf4be3fcd	MATCH	https://www.ti.com/lit/ds/symlink/tps2065c.pdf	a maker document or CAD model (PDF, STEP, DXF, HTML, images, archives): cited, not bundled for size; the repository at the snapshot commit holds it, and its sha256 here identifies it
v2/vendor/ti/ti-tps22810-load-switch.pdf	c8b91aac1dc55af7b3b7304069a6bee22c75c43d	2320958	load-switch-tps22810	yes	10450eedecbc454291088e3c8cf0e177555814ac83be021448d1d16cba126c98	10450eedecbc454291088e3c8cf0e177555814ac83be021448d1d16cba126c98	MATCH	https://www.ti.com/lit/ds/symlink/tps22810.pdf (the URL sources.txt records for the file)	a maker document or CAD model (PDF, STEP, DXF, HTML, images, archives): cited, not bundled for size; the repository at the snapshot commit holds it, and its sha256 here identifies it
v2/vendor/ti/ti-tps25730.pdf	dda86a3438264bcc1e6ded667eaceaf47b38ba70	3448624	-	-	-	-	NOT_CITED_BY_SOURCES_YAML	-	a maker document or CAD model (PDF, STEP, DXF, HTML, images, archives): cited, not bundled for size; the repository at the snapshot commit holds it, and its sha256 here identifies it
v2/vendor/ti/ti-tps25740.pdf	caa389bb2ffda089f9f7a4c6f6d043e10ec98c1b	3263764	-	-	-	-	NOT_CITED_BY_SOURCES_YAML	-	a maker document or CAD model (PDF, STEP, DXF, HTML, images, archives): cited, not bundled for size; the repository at the snapshot commit holds it, and its sha256 here identifies it
v2/vendor/ti/ti-tps25740b.pdf	96b85011fd3ce0d228e749b309b90c451612d135	3287835	-	-	-	-	NOT_CITED_BY_SOURCES_YAML	-	a maker document or CAD model (PDF, STEP, DXF, HTML, images, archives): cited, not bundled for size; the repository at the snapshot commit holds it, and its sha256 here identifies it
v2/vendor/ti/ti-tps25982.pdf	cc83a1f4bbfcd18a4e2dd26d24c21bde01c7b131	5000955	-	-	-	-	NOT_CITED_BY_SOURCES_YAML	-	a maker document or CAD model (PDF, STEP, DXF, HTML, images, archives): cited, not bundled for size; the repository at the snapshot commit holds it, and its sha256 here identifies it
v2/vendor/ti/ti-tps54a24.pdf	9b9e41bfca86607539c96467886837454ba92997	2329696	-	-	-	-	NOT_CITED_BY_SOURCES_YAML	-	a maker document or CAD model (PDF, STEP, DXF, HTML, images, archives): cited, not bundled for size; the repository at the snapshot commit holds it, and its sha256 here identifies it
v2/vendor/ti/ti-tps55288.pdf	78457b9e62c71c93aa45bfcf993eff004396e7e4	3726365	-	-	-	-	NOT_CITED_BY_SOURCES_YAML	-	a maker document or CAD model (PDF, STEP, DXF, HTML, images, archives): cited, not bundled for size; the repository at the snapshot commit holds it, and its sha256 here identifies it
v2/vendor/ti/ti-tps56637.pdf	d11c2dc4b5c246b44482db97a0f82b4b7f6de526	1798868	-	-	-	-	NOT_CITED_BY_SOURCES_YAML	-	a maker document or CAD model (PDF, STEP, DXF, HTML, images, archives): cited, not bundled for size; the repository at the snapshot commit holds it, and its sha256 here identifies it
v2/vendor/ti/ti-tps62933.pdf	b403a407e1596f2340d966db47b6f61e5117d02f	4034940	buck-tps62933	yes	16ec2eac43c7374eb9e7edd7df7bdb24de6862f695e1582c68716ced4820e5f6	16ec2eac43c7374eb9e7edd7df7bdb24de6862f695e1582c68716ced4820e5f6	MATCH	https://www.ti.com/lit/ds/symlink/tps62933.pdf	a maker document or CAD model (PDF, STEP, DXF, HTML, images, archives): cited, not bundled for size; the repository at the snapshot commit holds it, and its sha256 here identifies it
v2/vendor/ti/ti-ts3dv642.pdf	feb557d94044b4b3d5d10e9d79666f441dc784ed	1792077	hdmi-switch	yes	31e45a0729bc2e7164293fa902dd6daaa9089d51490518f80513a7bcaaea45d8	31e45a0729bc2e7164293fa902dd6daaa9089d51490518f80513a7bcaaea45d8	MATCH	https://www.ti.com/lit/ds/symlink/ts3dv642.pdf (INFERRED from the ti folder line, sources.txt line 64)	a maker document or CAD model (PDF, STEP, DXF, HTML, images, archives): cited, not bundled for size; the repository at the snapshot commit holds it, and its sha256 here identifies it
v2/vendor/ti/ti-ts3usb221a.pdf	96b0c319e1898869d2b17a8708cb06fa2f570928	1462357	usb2-host-mux	yes	cccebf8c10df605133d24bd3ab3abeb97a19dbf539d3465b53562fc19f7a242e	cccebf8c10df605133d24bd3ab3abeb97a19dbf539d3465b53562fc19f7a242e	MATCH	https://www.ti.com/lit/ds/symlink/ts3usb221a.pdf	a maker document or CAD model (PDF, STEP, DXF, HTML, images, archives): cited, not bundled for size; the repository at the snapshot commit holds it, and its sha256 here identifies it
v2/vendor/ti/ti-tusb2046b-slls413l-addendum-2025.pdf	fe95b5c8e1dfe40fbb4d7c1efeccb06f5790fc37	1756404	board-d-usb-hub	yes	eaa20027fc3dde2d9b4550fb300f9b3e4361c06e8418eaba093c856065f4be9a	eaa20027fc3dde2d9b4550fb300f9b3e4361c06e8418eaba093c856065f4be9a	MATCH	https://www.ti.com/lit/ds/symlink/tusb2046b.pdf	a maker document or CAD model (PDF, STEP, DXF, HTML, images, archives): cited, not bundled for size; the repository at the snapshot commit holds it, and its sha256 here identifies it
v2/vendor/ti/ti-tusb2046b.pdf	4b10bdbb3098851fb25890f84edc8f0c7c6cb767	2193269	board-d-usb-hub	yes	d02d0b8af5cbdb1b8186f890efdb214cb8edc50d55b9df5eed0650933a08d3db	d02d0b8af5cbdb1b8186f890efdb214cb8edc50d55b9df5eed0650933a08d3db	MATCH	https://www.ti.com/lit/ds/symlink/tusb2046b.pdf	a maker document or CAD model (PDF, STEP, DXF, HTML, images, archives): cited, not bundled for size; the repository at the snapshot commit holds it, and its sha256 here identifies it
v2/vendor/ti/ti-tusb8020b.pdf	636a279d1dd22d62a62929b6d20bddfa34e306d0	1592954	-	-	-	-	NOT_CITED_BY_SOURCES_YAML	-	a maker document or CAD model (PDF, STEP, DXF, HTML, images, archives): cited, not bundled for size; the repository at the snapshot commit holds it, and its sha256 here identifies it
v2/vendor/ti/ti-tusb8041.pdf	ab217dcd402893ef98eb9459f3db528df1f59638	1757865	usb3-hub	yes	b715bce72e988310d18dbc8eb041a05b5f15e4a0b690843a873abdc373a1ad87	b715bce72e988310d18dbc8eb041a05b5f15e4a0b690843a873abdc373a1ad87	MATCH	https://www.ti.com/lit/ds/symlink/tusb8041.pdf	a maker document or CAD model (PDF, STEP, DXF, HTML, images, archives): cited, not bundled for size; the repository at the snapshot commit holds it, and its sha256 here identifies it
v2/vendor/ti/tps23861-datasheet.pdf	a9c1cb91ed169b8dfeaf984dfd244f763ea7bb4d	1613120	poe-pse-tps23861	yes	65262ce4766a5f8e3b9f580ac02782ad7d5e35b39045fa5346288c21e240c093	65262ce4766a5f8e3b9f580ac02782ad7d5e35b39045fa5346288c21e240c093	MATCH	https://www.ti.com/lit/ds/symlink/tps23861.pdf	a maker document or CAD model (PDF, STEP, DXF, HTML, images, archives): cited, not bundled for size; the repository at the snapshot commit holds it, and its sha256 here identifies it
v2/vendor/ti/tps25750-datasheet.pdf	b209c2858be6e90c07c3c724b82930e2a069b85f	4984214	-	-	-	-	NOT_CITED_BY_SOURCES_YAML	-	a maker document or CAD model (PDF, STEP, DXF, HTML, images, archives): cited, not bundled for size; the repository at the snapshot commit holds it, and its sha256 here identifies it
v2/vendor/traco/ten40win_datasheet-3049699.pdf	1ba9ceb1dc26c1a9c26a7d923ee9d1d310fd5a1b	950076	-	-	-	-	NOT_CITED_BY_SOURCES_YAML	-	a maker document or CAD model (PDF, STEP, DXF, HTML, images, archives): cited, not bundled for size; the repository at the snapshot commit holds it, and its sha256 here identifies it
v2/vendor/usb2517/usb2517-datasheet-DS00001598C-lcsc.pdf	0004498bbdba7ebcf7c32c6002611846653fd307	1013621	-	-	-	-	NOT_CITED_BY_SOURCES_YAML	-	a maker document or CAD model (PDF, STEP, DXF, HTML, images, archives): cited, not bundled for size; the repository at the snapshot commit holds it, and its sha256 here identifies it
v2/vendor/vishay/veml7700-datasheet.pdf	7c1e46c551715391391462ef6590a32addaa421a	295562	-	-	-	-	NOT_CITED_BY_SOURCES_YAML	-	a maker document or CAD model (PDF, STEP, DXF, HTML, images, archives): cited, not bundled for size; the repository at the snapshot commit holds it, and its sha256 here identifies it
v2/vendor/vishay/vishay-si2300ds.pdf	1216be6c2a431c343d1e9dc222db71a4c04e5426	205627	epd-boost-fet	yes	cffcc3972eeb825d822def9e5d649e76ae74f94de08dab8021ff194b9175f231	cffcc3972eeb825d822def9e5d649e76ae74f94de08dab8021ff194b9175f231	MATCH	https://www.vishay.com/docs/65701/si2300ds.pdf	a maker document or CAD model (PDF, STEP, DXF, HTML, images, archives): cited, not bundled for size; the repository at the snapshot commit holds it, and its sha256 here identifies it
v2/vendor/vishay/vishay-smbj-series-tvs.pdf	feb728a7819103211028ec6a0ef108d264067e58	129599	tvs-surge-clamps	yes	1b65b57a4311128068c1dec747bbb99f6846ae932d77fcfd39904cb2d7a5cd50	1b65b57a4311128068c1dec747bbb99f6846ae932d77fcfd39904cb2d7a5cd50	MATCH	https://www.vishay.com/docs/88392/smbj.pdf	a maker document or CAD model (PDF, STEP, DXF, HTML, images, archives): cited, not bundled for size; the repository at the snapshot commit holds it, and its sha256 here identifies it
v2/vendor/vishay/vishay-smcj-series-tvs.pdf	83dc74891de5cd154458a527850573b5f6930361	111095	tvs-surge-clamps	yes	d9b1dafa25c0fa45eeb22fc4258fbdee3cafffb0bd14741e3cd9e35ea98f8e4c	d9b1dafa25c0fa45eeb22fc4258fbdee3cafffb0bd14741e3cd9e35ea98f8e4c	MATCH	https://www.vishay.com/docs/88394/smcj.pdf	a maker document or CAD model (PDF, STEP, DXF, HTML, images, archives): cited, not bundled for size; the repository at the snapshot commit holds it, and its sha256 here identifies it
v2/vendor/vishay/vishay-ss12-ss16-schottky.pdf	cafe24d0d929f0f8b27c4335c41c834c4fa1eb5c	1174123	-	-	-	-	NOT_CITED_BY_SOURCES_YAML	-	a maker document or CAD model (PDF, STEP, DXF, HTML, images, archives): cited, not bundled for size; the repository at the snapshot commit holds it, and its sha256 here identifies it
v2/vendor/vishay/vishay-wsl-power-metal-strip.pdf	73a5bc3d74b2fd384c8ff6973e75a3dc9d40750b	142434	stage-current-shunts	yes	96c2dc89ae1e3039815ed6c41f566a6e9f6b53035f8e45ea2ada1697935a44dc	96c2dc89ae1e3039815ed6c41f566a6e9f6b53035f8e45ea2ada1697935a44dc	MATCH	https://www.vishay.com/docs/30100/wsl.pdf	a maker document or CAD model (PDF, STEP, DXF, HTML, images, archives): cited, not bundled for size; the repository at the snapshot commit holds it, and its sha256 here identifies it
v2/vendor/wch/wch-ch334-ch335-datasheet-v2.7-zh.pdf	930e9cbde50162eae124fdf73c4afe76ea9ba8fa	487025	-	-	-	-	NOT_CITED_BY_SOURCES_YAML	-	a maker document or CAD model (PDF, STEP, DXF, HTML, images, archives): cited, not bundled for size; the repository at the snapshot commit holds it, and its sha256 here identifies it
v2/vendor/weact/Doc/3.7 Inch Black&Write/英瑞达E037A75-A0(BW).pdf	2bfecf4d40e98ffc1f354a81d2a85aa4efb216c8	1696470	-	-	-	-	NOT_CITED_BY_SOURCES_YAML	-	a maker document or CAD model (PDF, STEP, DXF, HTML, images, archives): cited, not bundled for size; the repository at the snapshot commit holds it, and its sha256 here identifies it
v2/vendor/weact/Hardware/WeAct-EpaperModule-3.7 Board 3D.step	34b168c336c4960f2fd0fd9bc48cd99673db4ab6	3488822	-	-	-	-	NOT_CITED_BY_SOURCES_YAML	-	a maker document or CAD model (PDF, STEP, DXF, HTML, images, archives): cited, not bundled for size; the repository at the snapshot commit holds it, and its sha256 here identifies it
v2/vendor/weact/Hardware/WeAct-EpaperModule-3.7 Board Shape 外形.pdf	561631b5a818ae4ea728fb6e9200ba9be7c6fb75	400422	-	-	-	-	NOT_CITED_BY_SOURCES_YAML	-	a maker document or CAD model (PDF, STEP, DXF, HTML, images, archives): cited, not bundled for size; the repository at the snapshot commit holds it, and its sha256 here identifies it
v2/vendor/weact/Hardware/WeAct-EpaperModule-4.2_3.7 SchDoc.pdf	64a95d5f1659caa534b193b09cda03af27217e46	96402	-	-	-	-	NOT_CITED_BY_SOURCES_YAML	-	a maker document or CAD model (PDF, STEP, DXF, HTML, images, archives): cited, not bundled for size; the repository at the snapshot commit holds it, and its sha256 here identifies it
v2/vendor/wifi/asiarf-AW7915-AE1-datasheet.pdf	ba1f41646c5453f165fee5b8fad3d729ee05e833	95540	-	-	-	-	NOT_CITED_BY_SOURCES_YAML	-	a maker document or CAD model (PDF, STEP, DXF, HTML, images, archives): cited, not bundled for size; the repository at the snapshot commit holds it, and its sha256 here identifies it
v2/vendor/wifi/asiarf-AW7915-AED-datasheet.pdf	b4b3f0189532af2485be2235dbd88092037543a7	99814	wifi-card-aw7915-aed	no	babcddfd36fe36559b7ed4ffdbff5a5c4281cdcf39a4c6a9863f68bcdb4c4177	babcddfd36fe36559b7ed4ffdbff5a5c4281cdcf39a4c6a9863f68bcdb4c4177	MATCH	https://asiarf.com/wp-content/uploads/2026/05/260505_Datasheet_AW7915-AED-1P.pdf (linked from the held product page)	a maker document or CAD model (PDF, STEP, DXF, HTML, images, archives): cited, not bundled for size; the repository at the snapshot commit holds it, and its sha256 here identifies it
v2/vendor/wifi/asiarf-AW7915-AED_V1.pdf	e08ca4c6fa650145a0a93495f9dcb63967442cbe	322159	wifi-card-aw7915-aed	no	af1a93ef3b484a3da4354779f0b2a8a2537c94d71025eb68b82a4d4879f8e8db	af1a93ef3b484a3da4354779f0b2a8a2537c94d71025eb68b82a4d4879f8e8db	MATCH	https://asiarf.com/wp-content/uploads/2023/09/AW7915-AED_V1.pdf	a maker document or CAD model (PDF, STEP, DXF, HTML, images, archives): cited, not bundled for size; the repository at the snapshot commit holds it, and its sha256 here identifies it
v2/vendor/wifi/asiarf-AW7915-NP1-datasheet.pdf	107a1e052287e03681a8e2b579dc0538b77fe9c3	97909	-	-	-	-	NOT_CITED_BY_SOURCES_YAML	-	a maker document or CAD model (PDF, STEP, DXF, HTML, images, archives): cited, not bundled for size; the repository at the snapshot commit holds it, and its sha256 here identifies it
v2/vendor/wifi/asiarf-AW7916-AED-datasheet.pdf	4f455f13c6e0e77cc217b43840583db80149e1a6	91142	-	-	-	-	NOT_CITED_BY_SOURCES_YAML	-	a maker document or CAD model (PDF, STEP, DXF, HTML, images, archives): cited, not bundled for size; the repository at the snapshot commit holds it, and its sha256 here identifies it
v2/vendor/wifi/asiarf-aw7915-aed-product-page-20260926.html	8b5ba21cd1243bd89ae649ca94b8f43f13a21507	427240	wifi-card-aw7915-aed	no	b153fe713673d0f6df7936038333096e8fc14842609d90e8d8b1e7694c120846	b153fe713673d0f6df7936038333096e8fc14842609d90e8d8b1e7694c120846	MATCH	https://asiarf.com/product/wifi-6-11ax-m-2-ae-key-module-aw7915-aed/	a maker document or CAD model (PDF, STEP, DXF, HTML, images, archives): cited, not bundled for size; the repository at the snapshot commit holds it, and its sha256 here identifies it
v2/vendor/winbond/winbond-w25q16jv-serial-flash.pdf	a6ade7763b9ed34ea8a1e198aa1db381f9e5df8a	1706343	-	-	-	-	NOT_CITED_BY_SOURCES_YAML	-	a maker document or CAD model (PDF, STEP, DXF, HTML, images, archives): cited, not bundled for size; the repository at the snapshot commit holds it, and its sha256 here identifies it
v2/vendor/wio/wio-sx1262.step	87efb1a1627073600b5aba4fefa1870e14b5a1ec	3754614	-	-	-	-	NOT_CITED_BY_SOURCES_YAML	-	a maker document or CAD model (PDF, STEP, DXF, HTML, images, archives): cited, not bundled for size; the repository at the snapshot commit holds it, and its sha256 here identifies it
v2/vendor/x1202/X1202-V1.1-Overview-2.jpg	1512fa461a5cd6ec389f025ae731ecde13a54532	917185	-	-	-	-	NOT_CITED_BY_SOURCES_YAML	-	a maker document or CAD model (PDF, STEP, DXF, HTML, images, archives): cited, not bundled for size; the repository at the snapshot commit holds it, and its sha256 here identifies it
v2/vendor/x1202/X1202-pcb-V1.1.dxf	754f5514630ba54a30a3b412eaee177b357ea1dc	964202	-	-	-	-	NOT_CITED_BY_SOURCES_YAML	-	a maker document or CAD model (PDF, STEP, DXF, HTML, images, archives): cited, not bundled for size; the repository at the snapshot commit holds it, and its sha256 here identifies it
v2/vendor/x1202/wiki-geekworm-X1202-wayback-2026-05-09.html	0c263855bacf27bbb88b4717ab717489160810ea	95066	-	-	-	-	NOT_CITED_BY_SOURCES_YAML	-	a maker document or CAD model (PDF, STEP, DXF, HTML, images, archives): cited, not bundled for size; the repository at the snapshot commit holds it, and its sha256 here identifies it
v2/vendor/xenarc/xenarc-709gnk-dimensional-drawing-v3.pdf	46ba6b6ddcf753b5e0cbe8182bf69f97314d7253	1151306	monitor-xenarc-709gnk	no	3949bd9f618bbda8522c6df19cdfefc5effcd6d37666e14818466927e7f47f73	3949bd9f618bbda8522c6df19cdfefc5effcd6d37666e14818466927e7f47f73	MATCH	served by the maker's download page https://www.xenarc.com/product_downloads.php?productid=17782 through a script, no direct link (read 2026-09-27T03:57Z)	a maker document or CAD model (PDF, STEP, DXF, HTML, images, archives): cited, not bundled for size; the repository at the snapshot commit holds it, and its sha256 here identifies it
v2/vendor/xenarc/xenarc-709gnk-product-manual-v2.pdf	26ef2d66951119001be094cd2ae01df9d6bba061	969860	monitor-xenarc-709gnk	no	ba3b1474406fdaf5c7cfc87f80f691cf983f44b0e19f8757511df13f5d6241be	ba3b1474406fdaf5c7cfc87f80f691cf983f44b0e19f8757511df13f5d6241be	MATCH	served by the maker's download page https://www.xenarc.com/product_downloads.php?productid=17782 through a script, no direct link (read 2026-09-27T03:57Z)	a maker document or CAD model (PDF, STEP, DXF, HTML, images, archives): cited, not bundled for size; the repository at the snapshot commit holds it, and its sha256 here identifies it
v2/vendor/xenarc/xenarc-709gnk-product-page-20260926.html	b975ccc347f1a14a9fa9d7c78b46b33f2c55f0ae	66845	monitor-xenarc-709gnk	no	dc32f6556d6ddc398064e3a15eec0c600937b2235138cbd10e0ed344d708bf93	dc32f6556d6ddc398064e3a15eec0c600937b2235138cbd10e0ed344d708bf93	MATCH	https://www.xenarc.com/709GNK.html	a maker document or CAD model (PDF, STEP, DXF, HTML, images, archives): cited, not bundled for size; the repository at the snapshot commit holds it, and its sha256 here identifies it
v2/vendor/yageo/yageo-cc-general-purpose-np0-16v-250v.pdf	089a3bf2e093ff6c348dbb73396fbf0839f41d5c	844174	-	no	495287fc811dc714366f2edd3bc974d98d2d80133266a0a73bb01ac01237e3eb	495287fc811dc714366f2edd3bc974d98d2d80133266a0a73bb01ac01237e3eb	MATCH	https://datasheet.lcsc.com/datasheet/pdf/4eca2bb4b507f1633db47e922d632b95.pdf?productCode=C113780 (LCSC's copy; yageo.com's path answered 404 that evening)	a maker document or CAD model (PDF, STEP, DXF, HTML, images, archives): cited, not bundled for size; the repository at the snapshot commit holds it, and its sha256 here identifies it
v2/vendor/zigbee/ebyte-e180-zg120-user-manual-software-cdebyte-id1921.pdf	64105659f1ca7838f793031673d0cb1bd4232717	1904356	-	-	-	-	NOT_CITED_BY_SOURCES_YAML	-	a maker document or CAD model (PDF, STEP, DXF, HTML, images, archives): cited, not bundled for size; the repository at the snapshot commit holds it, and its sha256 here identifies it
v2/vendor/zigbee/ebyte-e180-zg120b-product-specification-cdebyte-id3309.pdf	e2dc6fe11117ff02acc659205bb9453d8109854e	1425313	-	-	-	-	NOT_CITED_BY_SOURCES_YAML	-	a maker document or CAD model (PDF, STEP, DXF, HTML, images, archives): cited, not bundled for size; the repository at the snapshot commit holds it, and its sha256 here identifies it
v2/vendor/zigbee/ebyte-e72-2g4m20s1e-user-manual.pdf	6749dd865a4d52ec218b1300a9d6f6cb1ce71334	1631724	zigbee-thread-radio	yes	4bae5b3e67483b0bae1c4425f9de35242cb04adfab0446b03b61d7e4e7c6e081	4bae5b3e67483b0bae1c4425f9de35242cb04adfab0446b03b61d7e4e7c6e081	MATCH	TBD	a maker document or CAD model (PDF, STEP, DXF, HTML, images, archives): cited, not bundled for size; the repository at the snapshot commit holds it, and its sha256 here identifies it
