board,sample,prehash,tx,ty,pads,fine_pads,unescaped_pads,escape_vias,locked_len,env_overlap,nets_crossing,rule_area,opens,hard,router_vias,router_len
pcb-e1-dock-preroute.kicad_pcb,pcb-e1-dock-1,d941ad82dfc8,0,0,3,0,0,0,0,0,6,2,0,0,0,12.47
pcb-e1-dock-preroute.kicad_pcb,pcb-e1-dock-1,d941ad82dfc8,0,1,4,0,0,0,0,0,10,2,0,0,0,61.26
pcb-e1-dock-preroute.kicad_pcb,pcb-e1-dock-1,d941ad82dfc8,0,2,3,0,0,1,1.9,0,11,2,0,0,0,12.2
pcb-e1-dock-preroute.kicad_pcb,pcb-e1-dock-1,d941ad82dfc8,0,3,3,0,0,0,0,0,13,2,0,0,1,118.63
pcb-e1-dock-preroute.kicad_pcb,pcb-e1-dock-1,d941ad82dfc8,0,4,8,6,0,5,15.12,0,14,2,0,0,0,7.23
pcb-e1-dock-preroute.kicad_pcb,pcb-e1-dock-1,d941ad82dfc8,0,5,8,0,0,4,3.39,0,13,2,0,0,1,43.54
pcb-e1-dock-preroute.kicad_pcb,pcb-e1-dock-1,d941ad82dfc8,0,6,1,0,0,0,0,0,2,2,0,0,0,0
pcb-e1-dock-preroute.kicad_pcb,pcb-e1-dock-1,d941ad82dfc8,1,0,6,0,0,0,0,0,10,2,0,0,0,184.76
pcb-e1-dock-preroute.kicad_pcb,pcb-e1-dock-1,d941ad82dfc8,1,1,7,0,0,0,0,0,14,2,0,0,1,56.37
pcb-e1-dock-preroute.kicad_pcb,pcb-e1-dock-1,d941ad82dfc8,1,2,5,0,0,1,1.9,0,17,2,0,0,0,46.39
pcb-e1-dock-preroute.kicad_pcb,pcb-e1-dock-1,d941ad82dfc8,1,3,5,0,0,0,0,0,17,2,0,0,2,47.61
pcb-e1-dock-preroute.kicad_pcb,pcb-e1-dock-1,d941ad82dfc8,1,4,5,0,0,2,8.3,0,18,2,0,0,1,34.37
pcb-e1-dock-preroute.kicad_pcb,pcb-e1-dock-1,d941ad82dfc8,1,5,8,0,0,6,3.65,0,18,2,0,0,1,54.86
pcb-e1-dock-preroute.kicad_pcb,pcb-e1-dock-1,d941ad82dfc8,1,6,1,0,0,0,0,0,3,2,0,0,0,7.74
pcb-e1-dock-preroute.kicad_pcb,pcb-e1-dock-1,d941ad82dfc8,2,0,0,0,0,0,0,0,10,2,0,0,0,333.04
pcb-e1-dock-preroute.kicad_pcb,pcb-e1-dock-1,d941ad82dfc8,2,1,3,0,0,0,0,0,14,2,0,0,0,118.39
pcb-e1-dock-preroute.kicad_pcb,pcb-e1-dock-1,d941ad82dfc8,2,2,4,0,0,1,1.39,0,17,2,0,0,3,169.09
pcb-e1-dock-preroute.kicad_pcb,pcb-e1-dock-1,d941ad82dfc8,2,3,5,0,0,1,1.39,0,17,2,0,0,4,136.54
pcb-e1-dock-preroute.kicad_pcb,pcb-e1-dock-1,d941ad82dfc8,2,4,5,0,0,1,4.3,0,18,2,0,0,1,53.45
pcb-e1-dock-preroute.kicad_pcb,pcb-e1-dock-1,d941ad82dfc8,2,5,4,0,0,2,1.12,0,17,2,0,0,0,40.68
pcb-e1-dock-preroute.kicad_pcb,pcb-e1-dock-1,d941ad82dfc8,2,6,2,0,0,0,0,0,3,2,0,0,0,4.81
pcb-e1-dock-preroute.kicad_pcb,pcb-e1-dock-1,d941ad82dfc8,3,2,2,0,0,0,0,0,13,3,0,0,0,32.93
pcb-e1-dock-preroute.kicad_pcb,pcb-e1-dock-1,d941ad82dfc8,3,3,0,0,0,0,0,0,14,3,0,0,1,37.76
pcb-e1-dock-preroute.kicad_pcb,pcb-e1-dock-1,d941ad82dfc8,3,4,0,0,0,0,0,0,15,2,0,0,1,31.8
pcb-e1-dock-preroute.kicad_pcb,pcb-e1-dock-1,d941ad82dfc8,3,5,0,0,0,0,0,0,14,2,0,0,2,64.14
pcb-e1-dock-preroute.kicad_pcb,pcb-e1-dock-1,d941ad82dfc8,3,6,2,0,0,0,0,0,2,2,0,0,0,7.72
pcb-e1-dock-preroute.kicad_pcb,pcb-e1-dock-1,d941ad82dfc8,4,1,1,0,0,0,0,0,11,2,0,0,0,0
pcb-e1-dock-preroute.kicad_pcb,pcb-e1-dock-1,d941ad82dfc8,4,3,1,0,0,0,0,0,14,3,0,0,0,3.0
pcb-e1-dock-preroute.kicad_pcb,pcb-e1-dock-1,d941ad82dfc8,4,4,5,5,0,5,10.56,0,22,2,0,0,3,121.35
pcb-e1-dock-preroute.kicad_pcb,pcb-e1-dock-1,d941ad82dfc8,4,5,8,0,0,0,0,0,21,2,0,0,4,143.65
pcb-e1-dock-preroute.kicad_pcb,pcb-e1-dock-1,d941ad82dfc8,4,6,1,0,0,1,4.65,0,3,2,0,0,0,9.34
pcb-e1-dock-preroute.kicad_pcb,pcb-e1-dock-1,d941ad82dfc8,5,3,0,0,0,0,0,0,13,2,0,0,0,10.06
pcb-e1-dock-preroute.kicad_pcb,pcb-e1-dock-1,d941ad82dfc8,5,4,6,5,0,6,12.86,0,24,2,0,0,1,70.31
pcb-e1-dock-preroute.kicad_pcb,pcb-e1-dock-1,d941ad82dfc8,5,5,11,0,0,0,0,0,23,2,0,0,3,55.01
pcb-e1-dock-preroute.kicad_pcb,pcb-e1-dock-1,d941ad82dfc8,5,6,1,0,0,1,4.65,0,2,2,0,0,0,0
pcb-e1-dock-preroute.kicad_pcb,pcb-e1-dock-1,d941ad82dfc8,6,2,0,0,0,3,0,0,13,2,0,0,0,30.76
pcb-e1-dock-preroute.kicad_pcb,pcb-e1-dock-1,d941ad82dfc8,6,3,6,0,0,1,14.67,0,17,2,0,0,1,39.1
pcb-e1-dock-preroute.kicad_pcb,pcb-e1-dock-1,d941ad82dfc8,6,4,1,0,0,1,2.3,0,24,2,0,0,0,14.55
pcb-e1-dock-preroute.kicad_pcb,pcb-e1-dock-1,d941ad82dfc8,6,5,8,0,0,2,4.0,0,22,2,1,0,2,253.7
pcb-e1-dock-preroute.kicad_pcb,pcb-e1-dock-1,d941ad82dfc8,6,6,1,0,0,0,0,0,3,2,0,0,0,3.25
pcb-e1-dock-preroute.kicad_pcb,pcb-e1-dock-1,d941ad82dfc8,7,2,0,0,0,3,0,0,14,2,0,0,0,144.84
pcb-e1-dock-preroute.kicad_pcb,pcb-e1-dock-1,d941ad82dfc8,7,3,6,0,0,1,6.6,0,20,2,0,0,2,36.13
pcb-e1-dock-preroute.kicad_pcb,pcb-e1-dock-1,d941ad82dfc8,7,4,8,0,0,6,6.84,0,28,2,0,0,2,71.64
pcb-e1-dock-preroute.kicad_pcb,pcb-e1-dock-1,d941ad82dfc8,7,5,4,0,0,0,0,0,25,2,0,0,1,76.74
pcb-e1-dock-preroute.kicad_pcb,pcb-e1-dock-1,d941ad82dfc8,7,6,1,0,0,0,0,0,6,2,0,0,0,3.25
pcb-e1-dock-preroute.kicad_pcb,pcb-e1-dock-1,d941ad82dfc8,8,1,1,0,0,0,0,0,12,2,0,0,0,0
pcb-e1-dock-preroute.kicad_pcb,pcb-e1-dock-1,d941ad82dfc8,8,2,0,0,0,0,0,0,14,2,0,0,0,8.63
pcb-e1-dock-preroute.kicad_pcb,pcb-e1-dock-1,d941ad82dfc8,8,3,1,0,0,0,0,0,20,2,0,0,2,268.74
pcb-e1-dock-preroute.kicad_pcb,pcb-e1-dock-1,d941ad82dfc8,8,4,12,6,0,5,10.17,0,28,2,0,0,3,67.74
pcb-e1-dock-preroute.kicad_pcb,pcb-e1-dock-1,d941ad82dfc8,8,5,3,0,0,0,0,0,26,2,0,0,3,26.5
pcb-e1-dock-preroute.kicad_pcb,pcb-e1-dock-1,d941ad82dfc8,8,6,2,0,0,0,0,0,7,2,0,0,0,14.42
pcb-e1-dock-preroute.kicad_pcb,pcb-e1-dock-1,d941ad82dfc8,9,1,1,0,0,0,0,0,12,3,0,0,0,73.41
pcb-e1-dock-preroute.kicad_pcb,pcb-e1-dock-1,d941ad82dfc8,9,2,0,0,0,0,0,0,14,3,0,0,0,249.55
pcb-e1-dock-preroute.kicad_pcb,pcb-e1-dock-1,d941ad82dfc8,9,3,1,0,0,0,0,0,20,2,0,0,0,22.91
pcb-e1-dock-preroute.kicad_pcb,pcb-e1-dock-1,d941ad82dfc8,9,4,1,0,0,3,0,0,28,2,0,0,0,41.92
pcb-e1-dock-preroute.kicad_pcb,pcb-e1-dock-1,d941ad82dfc8,9,5,4,0,0,0,0,0,26,2,0,0,3,17.56
pcb-e1-dock-preroute.kicad_pcb,pcb-e1-dock-1,d941ad82dfc8,9,6,2,0,0,0,0,0,7,2,0,0,0,10.36
pcb-e1-dock-preroute.kicad_pcb,pcb-e1-dock-1,d941ad82dfc8,10,3,0,0,0,0,0,0,20,2,0,0,0,68.96
pcb-e1-dock-preroute.kicad_pcb,pcb-e1-dock-1,d941ad82dfc8,10,4,3,0,0,1,2.9,0,26,2,0,0,1,68.81
pcb-e1-dock-preroute.kicad_pcb,pcb-e1-dock-1,d941ad82dfc8,10,5,6,0,0,3,2.25,0,24,2,0,0,1,34.03
pcb-e1-dock-preroute.kicad_pcb,pcb-e1-dock-1,d941ad82dfc8,10,6,2,0,0,0,0,0,6,2,0,0,0,16.61
pcb-e1-dock-preroute.kicad_pcb,pcb-e1-dock-1,d941ad82dfc8,11,1,1,0,0,0,0,0,12,4,0,0,0,0
pcb-e1-dock-preroute.kicad_pcb,pcb-e1-dock-1,d941ad82dfc8,11,3,1,0,0,0,0,0,20,2,0,0,0,0
pcb-e1-dock-preroute.kicad_pcb,pcb-e1-dock-1,d941ad82dfc8,11,4,2,0,0,0,2.9,0,23,2,0,0,1,38.58
pcb-e1-dock-preroute.kicad_pcb,pcb-e1-dock-1,d941ad82dfc8,11,5,5,0,0,2,6.53,0,21,2,0,0,3,61.74
pcb-e1-dock-preroute.kicad_pcb,pcb-e1-dock-1,d941ad82dfc8,11,6,0,0,0,0,0,0,5,2,0,0,1,35.86
pcb-e1-dock-preroute.kicad_pcb,pcb-e1-dock-1,d941ad82dfc8,12,1,1,0,0,0,0,0,12,3,0,0,0,0
pcb-e1-dock-preroute.kicad_pcb,pcb-e1-dock-1,d941ad82dfc8,12,3,1,0,0,0,0,0,21,2,0,0,1,74.95
pcb-e1-dock-preroute.kicad_pcb,pcb-e1-dock-1,d941ad82dfc8,12,4,2,0,0,3,4.7,0,23,2,0,0,0,7.37
pcb-e1-dock-preroute.kicad_pcb,pcb-e1-dock-1,d941ad82dfc8,12,5,2,0,0,3,3.1,0,20,2,0,0,0,9.61
pcb-e1-dock-preroute.kicad_pcb,pcb-e1-dock-1,d941ad82dfc8,12,6,2,0,0,0,0,0,6,2,0,0,0,2.66
pcb-e1-dock-preroute.kicad_pcb,pcb-e1-dock-1,d941ad82dfc8,13,1,1,0,0,0,0,0,12,4,0,0,0,0
pcb-e1-dock-preroute.kicad_pcb,pcb-e1-dock-1,d941ad82dfc8,13,3,2,0,0,1,2.4,0,21,2,0,0,0,39.61
pcb-e1-dock-preroute.kicad_pcb,pcb-e1-dock-1,d941ad82dfc8,13,4,4,0,0,3,7.8,0,23,2,0,0,0,63.76
pcb-e1-dock-preroute.kicad_pcb,pcb-e1-dock-1,d941ad82dfc8,13,5,1,0,0,2,1.4,0,20,2,0,0,0,4.0
pcb-e1-dock-preroute.kicad_pcb,pcb-e1-dock-1,d941ad82dfc8,13,6,2,0,0,0,0,0,6,2,0,0,0,14.62
pcb-e1-dock-preroute.kicad_pcb,pcb-e1-dock-1,d941ad82dfc8,14,1,0,0,0,0,0,0,12,4,0,0,0,87.04
pcb-e1-dock-preroute.kicad_pcb,pcb-e1-dock-1,d941ad82dfc8,14,3,1,0,0,3,2.4,0,21,2,0,0,0,8.79
pcb-e1-dock-preroute.kicad_pcb,pcb-e1-dock-1,d941ad82dfc8,14,4,6,0,0,8,7.4,0,26,2,0,0,0,27.37
pcb-e1-dock-preroute.kicad_pcb,pcb-e1-dock-1,d941ad82dfc8,14,5,3,0,0,0,0,0,23,2,0,0,0,17.38
pcb-e1-dock-preroute.kicad_pcb,pcb-e1-dock-1,d941ad82dfc8,14,6,2,0,0,0,0,0,5,2,0,0,0,12.89
pcb-e1-dock-preroute.kicad_pcb,pcb-e1-dock-1,d941ad82dfc8,15,1,1,0,0,0,0,0,12,3,0,0,0,0
pcb-e1-dock-preroute.kicad_pcb,pcb-e1-dock-1,d941ad82dfc8,15,3,9,0,0,6,4.69,0,22,2,0,0,2,14.57
pcb-e1-dock-preroute.kicad_pcb,pcb-e1-dock-1,d941ad82dfc8,15,4,16,0,0,11,2.15,0,31,2,0,0,7,100.7
pcb-e1-dock-preroute.kicad_pcb,pcb-e1-dock-1,d941ad82dfc8,15,5,6,0,0,0,0,0,27,2,0,0,5,122.77
pcb-e1-dock-preroute.kicad_pcb,pcb-e1-dock-1,d941ad82dfc8,16,1,1,0,0,0,0,0,12,3,0,0,1,18.15
pcb-e1-dock-preroute.kicad_pcb,pcb-e1-dock-1,d941ad82dfc8,16,2,0,0,0,0,0,0,14,3,0,0,0,18.25
pcb-e1-dock-preroute.kicad_pcb,pcb-e1-dock-1,d941ad82dfc8,16,3,11,0,0,2,3.58,0,24,2,0,0,2,4.14
pcb-e1-dock-preroute.kicad_pcb,pcb-e1-dock-1,d941ad82dfc8,16,4,18,0,0,7,7.56,0,35,2,0,0,7,47.97
pcb-e1-dock-preroute.kicad_pcb,pcb-e1-dock-1,d941ad82dfc8,16,5,4,0,0,0,0,0,29,2,0,0,2,96.74
pcb-e1-dock-preroute.kicad_pcb,pcb-e1-dock-1,d941ad82dfc8,17,0,0,0,0,0,0,0,7,2,0,0,1,61.36
pcb-e1-dock-preroute.kicad_pcb,pcb-e1-dock-1,d941ad82dfc8,17,3,0,0,0,0,0,0,28,2,0,0,2,116.22
pcb-e1-dock-preroute.kicad_pcb,pcb-e1-dock-1,d941ad82dfc8,17,4,12,12,0,11,21.59,0,43,2,0,0,7,117.38
pcb-e1-dock-preroute.kicad_pcb,pcb-e1-dock-1,d941ad82dfc8,17,5,3,0,0,1,0,0,29,2,0,0,3,50.04
pcb-e1-dock-preroute.kicad_pcb,pcb-e1-dock-1,d941ad82dfc8,18,0,0,0,0,1,0,0,7,2,0,0,2,56.9
pcb-e1-dock-preroute.kicad_pcb,pcb-e1-dock-1,d941ad82dfc8,18,1,1,0,0,0,0,0,12,3,0,0,0,49.95
pcb-e1-dock-preroute.kicad_pcb,pcb-e1-dock-1,d941ad82dfc8,18,2,0,0,0,1,0,0,14,3,0,0,2,55.59
pcb-e1-dock-preroute.kicad_pcb,pcb-e1-dock-1,d941ad82dfc8,18,3,3,0,0,0,0,0,28,2,0,0,3,21.36
pcb-e1-dock-preroute.kicad_pcb,pcb-e1-dock-1,d941ad82dfc8,18,4,36,33,1,15,32.8,0,42,2,0,0,9,105.9
pcb-e1-dock-preroute.kicad_pcb,pcb-e1-dock-1,d941ad82dfc8,18,5,0,0,0,6,6.84,0,27,2,0,0,1,91.39
pcb-e1-dock-preroute.kicad_pcb,pcb-e1-dock-1,d941ad82dfc8,19,0,20,14,0,12,25.06,0,9,2,0,0,1,74.77
pcb-e1-dock-preroute.kicad_pcb,pcb-e1-dock-1,d941ad82dfc8,19,1,14,0,0,4,4.29,0,14,2,0,0,1,64.88
pcb-e1-dock-preroute.kicad_pcb,pcb-e1-dock-1,d941ad82dfc8,19,2,6,0,0,2,3.38,0,16,2,0,0,2,33.12
pcb-e1-dock-preroute.kicad_pcb,pcb-e1-dock-1,d941ad82dfc8,19,3,8,0,0,4,6.05,0,30,2,0,0,2,499.01
pcb-e1-dock-preroute.kicad_pcb,pcb-e1-dock-1,d941ad82dfc8,19,4,14,0,0,7,9.0,0,36,2,0,0,4,69.8
pcb-e1-dock-preroute.kicad_pcb,pcb-e1-dock-1,d941ad82dfc8,19,5,1,0,0,0,0,0,24,2,0,0,2,61.62
pcb-e1-dock-preroute.kicad_pcb,pcb-e1-dock-1,d941ad82dfc8,20,1,1,0,0,0,0,0,12,3,0,0,0,0
pcb-e1-dock-preroute.kicad_pcb,pcb-e1-dock-1,d941ad82dfc8,20,2,0,0,0,0,0,0,15,3,0,0,0,19.61
pcb-e1-dock-preroute.kicad_pcb,pcb-e1-dock-1,d941ad82dfc8,20,3,5,0,0,3,5.81,0,24,2,0,0,1,70.34
pcb-e1-dock-preroute.kicad_pcb,pcb-e1-dock-1,d941ad82dfc8,20,4,4,0,0,5,4.8,0,27,2,0,0,2,95.62
pcb-e1-dock-preroute.kicad_pcb,pcb-e1-dock-1,d941ad82dfc8,20,5,2,0,0,1,2.65,0,22,2,0,0,1,41.82
pcb-e1-dock-preroute.kicad_pcb,pcb-e1-dock-1,d941ad82dfc8,20,6,2,0,0,2,3.1,0,5,2,0,0,1,8.72
pcb-e1-dock-preroute.kicad_pcb,pcb-e1-dock-1,d941ad82dfc8,21,2,0,0,0,0,0,0,15,4,0,0,1,34.54
pcb-e1-dock-preroute.kicad_pcb,pcb-e1-dock-1,d941ad82dfc8,21,3,9,3,0,6,5.09,0,24,2,0,0,3,61.62
pcb-e1-dock-preroute.kicad_pcb,pcb-e1-dock-1,d941ad82dfc8,21,4,5,0,0,3,2.65,0,26,2,0,0,2,13.58
pcb-e1-dock-preroute.kicad_pcb,pcb-e1-dock-1,d941ad82dfc8,21,5,2,0,0,2,4.2,0,22,2,0,0,1,51.5
pcb-e1-dock-preroute.kicad_pcb,pcb-e1-dock-1,d941ad82dfc8,21,6,4,0,0,2,2.52,0,6,2,0,0,2,11.09
pcb-e1-dock-preroute.kicad_pcb,pcb-e1-dock-1,d941ad82dfc8,22,1,1,0,0,0,0,0,12,3,0,0,0,0
pcb-e1-dock-preroute.kicad_pcb,pcb-e1-dock-1,d941ad82dfc8,22,3,4,3,0,3,5.09,0,23,2,0,0,5,322.53
pcb-e1-dock-preroute.kicad_pcb,pcb-e1-dock-1,d941ad82dfc8,22,4,0,0,0,0,0,0,25,2,0,0,4,135.32
pcb-e1-dock-preroute.kicad_pcb,pcb-e1-dock-1,d941ad82dfc8,22,5,1,0,0,1,1.55,0,21,2,0,0,0,38.65
pcb-e1-dock-preroute.kicad_pcb,pcb-e1-dock-1,d941ad82dfc8,22,6,2,0,0,1,2.52,0,5,2,0,0,0,117.85
pcb-e1-dock-preroute.kicad_pcb,pcb-e1-dock-1,d941ad82dfc8,23,1,1,0,0,0,0,0,12,3,0,0,0,0
pcb-e1-dock-preroute.kicad_pcb,pcb-e1-dock-1,d941ad82dfc8,23,3,1,0,0,0,0,0,29,2,0,0,1,22.39
pcb-e1-dock-preroute.kicad_pcb,pcb-e1-dock-1,d941ad82dfc8,23,4,37,37,0,28,28.82,0,37,2,0,0,7,141.69
pcb-e1-dock-preroute.kicad_pcb,pcb-e1-dock-1,d941ad82dfc8,23,5,24,24,0,17,21.41,0,25,2,0,0,2,96.29
pcb-e1-dock-preroute.kicad_pcb,pcb-e1-dock-1,d941ad82dfc8,23,6,1,0,0,1,0,0,3,2,0,0,0,4.08
pcb-e1-dock-preroute.kicad_pcb,pcb-e1-dock-1,d941ad82dfc8,24,2,0,0,0,0,0,0,6,4,0,0,0,10.59
pcb-e1-dock-preroute.kicad_pcb,pcb-e1-dock-1,d941ad82dfc8,24,3,12,10,0,9,17.49,0,17,2,0,0,1,70.82
pcb-e1-dock-preroute.kicad_pcb,pcb-e1-dock-1,d941ad82dfc8,24,4,14,0,0,6,3.38,19.28,24,2,0,0,8,153.32
pcb-e1-dock-preroute.kicad_pcb,pcb-e1-dock-1,d941ad82dfc8,24,5,5,0,0,2,1.12,0,14,2,0,0,2,76.35
pcb-e1-dock-preroute.kicad_pcb,pcb-e1-dock-1,d941ad82dfc8,25,1,1,0,0,0,0,0,5,3,0,0,0,0
pcb-e1-dock-preroute.kicad_pcb,pcb-e1-dock-1,d941ad82dfc8,25,2,1,0,0,0,0,0,5,4,0,0,0,0
pcb-e1-dock-preroute.kicad_pcb,pcb-e1-dock-1,d941ad82dfc8,25,3,5,0,0,2,2.5,0,10,3,0,0,2,62.82
pcb-e1-dock-preroute.kicad_pcb,pcb-e1-dock-1,d941ad82dfc8,25,4,15,0,0,4,7.88,0,13,2,0,0,3,67.96
pcb-e1-dock-preroute.kicad_pcb,pcb-e1-dock-1,d941ad82dfc8,25,5,5,0,0,1,0,0,9,2,0,0,2,29.9
pcb-e1-dock-preroute.kicad_pcb,pcb-e1-dock-1,d941ad82dfc8,26,3,2,0,0,0,0,0,6,3,0,0,1,22.67
pcb-e1-dock-preroute.kicad_pcb,pcb-e1-dock-1,d941ad82dfc8,26,4,6,0,0,4,2.25,0,7,2,0,0,0,18.8
pcb-e1-dock-preroute.kicad_pcb,pcb-e1-dock-1,d941ad82dfc8,26,5,2,0,0,0,0,0,5,2,0,0,0,36.83
pcb-e1-dock-preroute.kicad_pcb,pcb-e1-dock-2,56fd95422f34,0,0,3,0,0,0,0,0,6,2,0,0,0,24.13
pcb-e1-dock-preroute.kicad_pcb,pcb-e1-dock-2,56fd95422f34,0,1,4,0,0,0,0,0,10,2,0,0,0,33.25
pcb-e1-dock-preroute.kicad_pcb,pcb-e1-dock-2,56fd95422f34,0,2,3,0,0,1,1.9,0,11,2,0,0,0,21.53
pcb-e1-dock-preroute.kicad_pcb,pcb-e1-dock-2,56fd95422f34,0,3,3,0,0,0,0,0,13,2,0,0,0,33.53
pcb-e1-dock-preroute.kicad_pcb,pcb-e1-dock-2,56fd95422f34,0,4,8,6,0,5,15.12,0,14,2,0,0,0,18.15
pcb-e1-dock-preroute.kicad_pcb,pcb-e1-dock-2,56fd95422f34,0,5,9,0,0,4,3.39,0,14,2,0,0,3,91.92
pcb-e1-dock-preroute.kicad_pcb,pcb-e1-dock-2,56fd95422f34,0,6,1,0,0,0,0,0,2,2,0,0,0,0
pcb-e1-dock-preroute.kicad_pcb,pcb-e1-dock-2,56fd95422f34,1,0,6,0,0,0,0,0,10,2,0,0,0,50.32
pcb-e1-dock-preroute.kicad_pcb,pcb-e1-dock-2,56fd95422f34,1,1,7,0,0,0,0,0,14,2,0,0,0,67.63
pcb-e1-dock-preroute.kicad_pcb,pcb-e1-dock-2,56fd95422f34,1,2,5,0,0,1,1.9,0,17,2,0,0,1,55.2
pcb-e1-dock-preroute.kicad_pcb,pcb-e1-dock-2,56fd95422f34,1,3,5,0,0,0,0,0,17,2,0,0,1,109.69
pcb-e1-dock-preroute.kicad_pcb,pcb-e1-dock-2,56fd95422f34,1,4,6,0,0,3,10.6,0,18,2,0,0,0,33.07
pcb-e1-dock-preroute.kicad_pcb,pcb-e1-dock-2,56fd95422f34,1,5,7,0,0,6,3.65,0,18,2,0,0,1,50.0
pcb-e1-dock-preroute.kicad_pcb,pcb-e1-dock-2,56fd95422f34,1,6,1,0,0,0,0,0,3,2,0,0,0,7.74
pcb-e1-dock-preroute.kicad_pcb,pcb-e1-dock-2,56fd95422f34,2,0,0,0,0,0,0,0,10,2,0,0,1,532.78
pcb-e1-dock-preroute.kicad_pcb,pcb-e1-dock-2,56fd95422f34,2,1,3,0,0,0,0,0,14,2,0,0,2,174.16
pcb-e1-dock-preroute.kicad_pcb,pcb-e1-dock-2,56fd95422f34,2,2,5,0,0,2,2.77,0,17,2,0,0,2,72.85
pcb-e1-dock-preroute.kicad_pcb,pcb-e1-dock-2,56fd95422f34,2,3,4,0,0,0,0,0,17,2,0,0,5,98.62
pcb-e1-dock-preroute.kicad_pcb,pcb-e1-dock-2,56fd95422f34,2,4,4,0,0,0,2.0,0,18,2,0,0,1,45.43
pcb-e1-dock-preroute.kicad_pcb,pcb-e1-dock-2,56fd95422f34,2,5,4,0,0,2,1.12,0,17,2,0,0,0,21.14
pcb-e1-dock-preroute.kicad_pcb,pcb-e1-dock-2,56fd95422f34,2,6,2,0,0,0,0,0,3,2,0,0,0,4.81
pcb-e1-dock-preroute.kicad_pcb,pcb-e1-dock-2,56fd95422f34,3,0,0,0,0,0,0,0,9,2,0,0,0,160.47
pcb-e1-dock-preroute.kicad_pcb,pcb-e1-dock-2,56fd95422f34,3,2,2,0,0,0,0,0,13,3,0,0,0,80.88
pcb-e1-dock-preroute.kicad_pcb,pcb-e1-dock-2,56fd95422f34,3,3,0,0,0,0,0,0,14,3,0,0,0,0.67
pcb-e1-dock-preroute.kicad_pcb,pcb-e1-dock-2,56fd95422f34,3,4,0,0,0,0,0,0,15,2,0,0,0,83.62
pcb-e1-dock-preroute.kicad_pcb,pcb-e1-dock-2,56fd95422f34,3,5,0,0,0,0,0,0,14,2,0,0,0,8.75
pcb-e1-dock-preroute.kicad_pcb,pcb-e1-dock-2,56fd95422f34,3,6,2,0,0,0,0,0,2,2,0,0,0,8.1
pcb-e1-dock-preroute.kicad_pcb,pcb-e1-dock-2,56fd95422f34,4,1,1,0,0,0,0,0,11,2,0,0,0,0
pcb-e1-dock-preroute.kicad_pcb,pcb-e1-dock-2,56fd95422f34,4,2,0,0,0,0,0,0,12,3,0,0,0,34.07
pcb-e1-dock-preroute.kicad_pcb,pcb-e1-dock-2,56fd95422f34,4,3,1,0,0,0,0,0,14,3,0,0,0,323.43
pcb-e1-dock-preroute.kicad_pcb,pcb-e1-dock-2,56fd95422f34,4,4,5,5,0,5,10.56,0,22,2,0,0,0,67.56
pcb-e1-dock-preroute.kicad_pcb,pcb-e1-dock-2,56fd95422f34,4,5,8,0,0,0,0,0,21,2,0,0,7,84.05
pcb-e1-dock-preroute.kicad_pcb,pcb-e1-dock-2,56fd95422f34,4,6,1,0,0,1,4.65,0,3,2,0,0,0,10.52
pcb-e1-dock-preroute.kicad_pcb,pcb-e1-dock-2,56fd95422f34,5,3,0,0,0,0,0,0,13,2,0,0,0,7.75
pcb-e1-dock-preroute.kicad_pcb,pcb-e1-dock-2,56fd95422f34,5,4,6,5,0,6,12.86,0,24,2,0,0,0,48.5
pcb-e1-dock-preroute.kicad_pcb,pcb-e1-dock-2,56fd95422f34,5,5,11,0,0,0,0,0,23,2,1,0,5,64.85
pcb-e1-dock-preroute.kicad_pcb,pcb-e1-dock-2,56fd95422f34,5,6,1,0,0,1,4.65,0,2,2,0,0,0,0
pcb-e1-dock-preroute.kicad_pcb,pcb-e1-dock-2,56fd95422f34,6,2,0,0,0,3,0,0,13,2,0,0,1,12.37
pcb-e1-dock-preroute.kicad_pcb,pcb-e1-dock-2,56fd95422f34,6,3,6,0,0,1,14.67,0,17,2,0,0,1,49.27
pcb-e1-dock-preroute.kicad_pcb,pcb-e1-dock-2,56fd95422f34,6,4,1,0,0,1,2.3,0,24,2,0,0,0,47.53
pcb-e1-dock-preroute.kicad_pcb,pcb-e1-dock-2,56fd95422f34,6,5,8,0,0,2,4.0,0,22,2,0,0,2,96.19
pcb-e1-dock-preroute.kicad_pcb,pcb-e1-dock-2,56fd95422f34,6,6,1,0,0,0,0,0,3,2,0,0,0,3.25
pcb-e1-dock-preroute.kicad_pcb,pcb-e1-dock-2,56fd95422f34,7,2,0,0,0,3,0,0,14,2,0,0,0,20.23
pcb-e1-dock-preroute.kicad_pcb,pcb-e1-dock-2,56fd95422f34,7,3,6,0,0,1,6.6,0,20,2,0,0,2,130.38
pcb-e1-dock-preroute.kicad_pcb,pcb-e1-dock-2,56fd95422f34,7,4,10,0,0,6,6.84,0,28,2,0,0,2,35.01
pcb-e1-dock-preroute.kicad_pcb,pcb-e1-dock-2,56fd95422f34,7,5,4,0,0,0,0,0,25,2,0,0,1,47.43
pcb-e1-dock-preroute.kicad_pcb,pcb-e1-dock-2,56fd95422f34,7,6,1,0,0,0,0,0,6,2,0,0,1,5.76
pcb-e1-dock-preroute.kicad_pcb,pcb-e1-dock-2,56fd95422f34,8,1,1,0,0,0,0,0,12,2,0,0,0,9.69
pcb-e1-dock-preroute.kicad_pcb,pcb-e1-dock-2,56fd95422f34,8,2,0,0,0,0,0,0,14,2,0,0,0,204.65
pcb-e1-dock-preroute.kicad_pcb,pcb-e1-dock-2,56fd95422f34,8,3,1,0,0,0,0,0,20,2,0,0,0,71.25
pcb-e1-dock-preroute.kicad_pcb,pcb-e1-dock-2,56fd95422f34,8,4,10,6,0,5,10.17,0,28,2,0,0,2,56.32
pcb-e1-dock-preroute.kicad_pcb,pcb-e1-dock-2,56fd95422f34,8,5,3,0,0,0,0,0,26,2,0,0,2,63.91
pcb-e1-dock-preroute.kicad_pcb,pcb-e1-dock-2,56fd95422f34,8,6,2,0,0,0,0,0,7,2,0,0,0,40.79
pcb-e1-dock-preroute.kicad_pcb,pcb-e1-dock-2,56fd95422f34,9,0,0,0,0,0,0,0,7,2,0,0,0,93.96
pcb-e1-dock-preroute.kicad_pcb,pcb-e1-dock-2,56fd95422f34,9,1,1,0,0,0,0,0,12,3,0,0,0,0
pcb-e1-dock-preroute.kicad_pcb,pcb-e1-dock-2,56fd95422f34,9,2,0,0,0,0,0,0,14,3,0,0,0,103.53
pcb-e1-dock-preroute.kicad_pcb,pcb-e1-dock-2,56fd95422f34,9,3,1,0,0,0,0,0,20,2,0,0,0,0
pcb-e1-dock-preroute.kicad_pcb,pcb-e1-dock-2,56fd95422f34,9,4,1,0,0,3,0,0,28,2,0,0,1,48.75
pcb-e1-dock-preroute.kicad_pcb,pcb-e1-dock-2,56fd95422f34,9,5,4,0,0,0,0,0,26,2,0,0,2,53.33
pcb-e1-dock-preroute.kicad_pcb,pcb-e1-dock-2,56fd95422f34,9,6,2,0,0,0,0,0,7,2,0,0,0,5.9
pcb-e1-dock-preroute.kicad_pcb,pcb-e1-dock-2,56fd95422f34,10,3,0,0,0,0,0,0,20,2,0,0,0,41.83
pcb-e1-dock-preroute.kicad_pcb,pcb-e1-dock-2,56fd95422f34,10,4,3,0,0,1,2.9,0,26,2,0,0,0,76.72
pcb-e1-dock-preroute.kicad_pcb,pcb-e1-dock-2,56fd95422f34,10,5,6,0,0,3,2.25,0,24,2,0,0,2,45.23
pcb-e1-dock-preroute.kicad_pcb,pcb-e1-dock-2,56fd95422f34,10,6,2,0,0,0,0,0,6,2,0,0,0,13.73
pcb-e1-dock-preroute.kicad_pcb,pcb-e1-dock-2,56fd95422f34,11,1,1,0,0,0,0,0,12,4,0,0,0,0
pcb-e1-dock-preroute.kicad_pcb,pcb-e1-dock-2,56fd95422f34,11,3,1,0,0,0,0,0,20,2,0,0,0,0
pcb-e1-dock-preroute.kicad_pcb,pcb-e1-dock-2,56fd95422f34,11,4,2,0,0,1,2.9,0,23,2,0,0,0,10.8
pcb-e1-dock-preroute.kicad_pcb,pcb-e1-dock-2,56fd95422f34,11,5,5,0,0,2,6.53,0,21,2,0,0,0,15.18
pcb-e1-dock-preroute.kicad_pcb,pcb-e1-dock-2,56fd95422f34,11,6,0,0,0,0,0,0,5,2,0,0,0,19.1
pcb-e1-dock-preroute.kicad_pcb,pcb-e1-dock-2,56fd95422f34,12,1,1,0,0,0,0,0,12,3,0,0,0,0
pcb-e1-dock-preroute.kicad_pcb,pcb-e1-dock-2,56fd95422f34,12,3,2,0,0,1,2.4,0,21,2,0,0,0,2.19
pcb-e1-dock-preroute.kicad_pcb,pcb-e1-dock-2,56fd95422f34,12,4,1,0,0,1,2.3,0,23,2,0,0,0,65.97
pcb-e1-dock-preroute.kicad_pcb,pcb-e1-dock-2,56fd95422f34,12,5,2,0,0,3,3.1,0,20,2,0,0,0,23.28
pcb-e1-dock-preroute.kicad_pcb,pcb-e1-dock-2,56fd95422f34,12,6,2,0,0,0,0,0,6,2,0,0,0,12.81
pcb-e1-dock-preroute.kicad_pcb,pcb-e1-dock-2,56fd95422f34,13,1,1,0,0,0,0,0,12,4,0,0,0,0
pcb-e1-dock-preroute.kicad_pcb,pcb-e1-dock-2,56fd95422f34,13,2,0,0,0,0,0,0,14,4,0,0,0,116.24
pcb-e1-dock-preroute.kicad_pcb,pcb-e1-dock-2,56fd95422f34,13,3,3,0,0,2,4.8,0,21,2,0,0,0,10.79
pcb-e1-dock-preroute.kicad_pcb,pcb-e1-dock-2,56fd95422f34,13,4,3,0,0,3,5.4,0,23,2,0,0,0,5.39
pcb-e1-dock-preroute.kicad_pcb,pcb-e1-dock-2,56fd95422f34,13,5,1,0,0,1,1.4,0,20,2,0,0,0,6.5
pcb-e1-dock-preroute.kicad_pcb,pcb-e1-dock-2,56fd95422f34,13,6,2,0,0,0,0,0,6,2,0,0,0,4.53
pcb-e1-dock-preroute.kicad_pcb,pcb-e1-dock-2,56fd95422f34,14,1,0,0,0,0,0,0,12,4,0,0,0,2.75
pcb-e1-dock-preroute.kicad_pcb,pcb-e1-dock-2,56fd95422f34,14,2,0,0,0,0,0,0,14,4,0,0,0,47.21
pcb-e1-dock-preroute.kicad_pcb,pcb-e1-dock-2,56fd95422f34,14,3,3,0,0,3,7.09,0,22,2,0,0,1,142.49
pcb-e1-dock-preroute.kicad_pcb,pcb-e1-dock-2,56fd95422f34,14,4,8,0,0,8,9.55,0,27,2,0,0,0,26.55
pcb-e1-dock-preroute.kicad_pcb,pcb-e1-dock-2,56fd95422f34,14,5,2,0,0,0,0,0,23,2,0,0,0,23.48
pcb-e1-dock-preroute.kicad_pcb,pcb-e1-dock-2,56fd95422f34,14,6,2,0,0,0,0,0,5,2,0,0,0,3.4
pcb-e1-dock-preroute.kicad_pcb,pcb-e1-dock-2,56fd95422f34,15,1,1,0,0,0,0,0,12,3,0,0,0,0
pcb-e1-dock-preroute.kicad_pcb,pcb-e1-dock-2,56fd95422f34,15,3,7,0,0,5,0,0,22,2,0,0,3,236.65
pcb-e1-dock-preroute.kicad_pcb,pcb-e1-dock-2,56fd95422f34,15,4,14,0,0,10,0,0,31,2,0,0,7,47.28
pcb-e1-dock-preroute.kicad_pcb,pcb-e1-dock-2,56fd95422f34,15,5,7,0,0,0,0,0,27,2,0,0,9,151.11
pcb-e1-dock-preroute.kicad_pcb,pcb-e1-dock-2,56fd95422f34,16,1,1,0,0,0,0,0,12,3,0,0,0,0
pcb-e1-dock-preroute.kicad_pcb,pcb-e1-dock-2,56fd95422f34,16,3,9,0,0,2,2.15,0,24,2,0,0,3,57.9
pcb-e1-dock-preroute.kicad_pcb,pcb-e1-dock-2,56fd95422f34,16,4,20,0,0,9,8.99,0,35,2,0,0,8,127.85
pcb-e1-dock-preroute.kicad_pcb,pcb-e1-dock-2,56fd95422f34,16,5,4,0,0,0,0,0,29,2,0,0,0,67.17
pcb-e1-dock-preroute.kicad_pcb,pcb-e1-dock-2,56fd95422f34,17,3,0,0,0,0,0,0,28,2,0,0,1,42.17
pcb-e1-dock-preroute.kicad_pcb,pcb-e1-dock-2,56fd95422f34,17,4,12,12,0,11,21.59,0,43,2,0,0,3,81.26
pcb-e1-dock-preroute.kicad_pcb,pcb-e1-dock-2,56fd95422f34,17,5,3,0,0,1,0,0,29,2,0,0,2,65.8
pcb-e1-dock-preroute.kicad_pcb,pcb-e1-dock-2,56fd95422f34,18,0,0,0,0,1,0,0,7,2,0,0,2,34.66
pcb-e1-dock-preroute.kicad_pcb,pcb-e1-dock-2,56fd95422f34,18,1,2,0,0,0,0,0,12,3,0,0,0,8.96
pcb-e1-dock-preroute.kicad_pcb,pcb-e1-dock-2,56fd95422f34,18,2,0,0,0,1,0,0,14,3,0,0,2,108.01
pcb-e1-dock-preroute.kicad_pcb,pcb-e1-dock-2,56fd95422f34,18,3,3,0,0,0,0,0,28,2,0,0,3,45.81
pcb-e1-dock-preroute.kicad_pcb,pcb-e1-dock-2,56fd95422f34,18,4,34,33,1,15,32.8,0,42,2,0,0,6,112.55
pcb-e1-dock-preroute.kicad_pcb,pcb-e1-dock-2,56fd95422f34,18,5,1,0,0,6,6.84,0,27,2,1,0,0,105.93
pcb-e1-dock-preroute.kicad_pcb,pcb-e1-dock-2,56fd95422f34,18,6,0,0,0,0,0,0,6,2,0,0,0,65.24
pcb-e1-dock-preroute.kicad_pcb,pcb-e1-dock-2,56fd95422f34,19,0,18,14,0,11,23.93,0,9,2,0,0,3,52.17
pcb-e1-dock-preroute.kicad_pcb,pcb-e1-dock-2,56fd95422f34,19,1,15,0,0,6,7.27,0,14,2,0,0,2,116.31
pcb-e1-dock-preroute.kicad_pcb,pcb-e1-dock-2,56fd95422f34,19,2,6,0,0,2,3.38,0,16,2,0,0,1,33.05
pcb-e1-dock-preroute.kicad_pcb,pcb-e1-dock-2,56fd95422f34,19,3,8,0,0,4,6.05,0,29,2,0,0,3,162.3
pcb-e1-dock-preroute.kicad_pcb,pcb-e1-dock-2,56fd95422f34,19,4,15,0,0,7,7.88,0,36,2,0,0,8,151.66
pcb-e1-dock-preroute.kicad_pcb,pcb-e1-dock-2,56fd95422f34,19,5,0,0,0,0,0,0,23,2,0,0,0,10.11
pcb-e1-dock-preroute.kicad_pcb,pcb-e1-dock-2,56fd95422f34,20,1,1,0,0,0,0,0,12,3,0,0,0,0
pcb-e1-dock-preroute.kicad_pcb,pcb-e1-dock-2,56fd95422f34,20,2,0,0,0,0,0,0,15,3,0,0,1,174.44
pcb-e1-dock-preroute.kicad_pcb,pcb-e1-dock-2,56fd95422f34,20,3,5,0,0,3,5.82,0,24,2,0,0,0,77.71
pcb-e1-dock-preroute.kicad_pcb,pcb-e1-dock-2,56fd95422f34,20,4,5,0,0,5,5.92,0,27,2,0,0,1,81.56
pcb-e1-dock-preroute.kicad_pcb,pcb-e1-dock-2,56fd95422f34,20,5,2,0,0,1,2.65,0,22,2,0,0,0,14.21
pcb-e1-dock-preroute.kicad_pcb,pcb-e1-dock-2,56fd95422f34,20,6,2,0,0,2,3.1,0,5,2,0,0,0,39.82
pcb-e1-dock-preroute.kicad_pcb,pcb-e1-dock-2,56fd95422f34,21,0,0,0,0,0,0,0,8,2,0,0,1,17.69
pcb-e1-dock-preroute.kicad_pcb,pcb-e1-dock-2,56fd95422f34,21,2,0,0,0,0,0,0,15,4,0,0,1,28.02
pcb-e1-dock-preroute.kicad_pcb,pcb-e1-dock-2,56fd95422f34,21,3,9,3,0,6,5.09,0,24,2,0,0,4,160.53
pcb-e1-dock-preroute.kicad_pcb,pcb-e1-dock-2,56fd95422f34,21,4,5,0,0,3,2.65,0,26,2,0,0,2,14.48
pcb-e1-dock-preroute.kicad_pcb,pcb-e1-dock-2,56fd95422f34,21,5,2,0,0,2,4.2,0,22,2,0,0,1,31.14
pcb-e1-dock-preroute.kicad_pcb,pcb-e1-dock-2,56fd95422f34,21,6,4,0,0,2,2.52,0,6,2,0,0,2,7.92
pcb-e1-dock-preroute.kicad_pcb,pcb-e1-dock-2,56fd95422f34,22,1,1,0,0,0,0,0,12,3,0,0,0,0
pcb-e1-dock-preroute.kicad_pcb,pcb-e1-dock-2,56fd95422f34,22,2,0,0,0,0,0,0,15,3,0,0,0,47.69
pcb-e1-dock-preroute.kicad_pcb,pcb-e1-dock-2,56fd95422f34,22,3,4,3,0,3,5.09,0,23,2,0,0,5,128.33
pcb-e1-dock-preroute.kicad_pcb,pcb-e1-dock-2,56fd95422f34,22,4,0,0,0,0,0,0,25,2,0,0,4,120.44
pcb-e1-dock-preroute.kicad_pcb,pcb-e1-dock-2,56fd95422f34,22,5,1,0,0,1,1.55,0,21,2,0,0,0,45.63
pcb-e1-dock-preroute.kicad_pcb,pcb-e1-dock-2,56fd95422f34,22,6,2,0,0,1,2.52,0,5,2,0,0,1,178.95
pcb-e1-dock-preroute.kicad_pcb,pcb-e1-dock-2,56fd95422f34,23,1,1,0,0,0,0,0,12,3,0,0,0,12.43
pcb-e1-dock-preroute.kicad_pcb,pcb-e1-dock-2,56fd95422f34,23,2,0,0,0,0,0,0,14,3,0,0,2,58.94
pcb-e1-dock-preroute.kicad_pcb,pcb-e1-dock-2,56fd95422f34,23,3,1,0,0,0,0,0,29,2,0,0,1,7.47
pcb-e1-dock-preroute.kicad_pcb,pcb-e1-dock-2,56fd95422f34,23,4,37,37,0,28,28.82,0,37,2,0,0,6,194.26
pcb-e1-dock-preroute.kicad_pcb,pcb-e1-dock-2,56fd95422f34,23,5,24,24,0,17,21.41,0,25,2,0,0,3,153.58
pcb-e1-dock-preroute.kicad_pcb,pcb-e1-dock-2,56fd95422f34,23,6,1,0,0,1,0,0,3,2,0,0,0,0
pcb-e1-dock-preroute.kicad_pcb,pcb-e1-dock-2,56fd95422f34,24,2,0,0,0,0,0,0,6,4,0,0,1,14.9
pcb-e1-dock-preroute.kicad_pcb,pcb-e1-dock-2,56fd95422f34,24,3,12,10,0,9,17.49,0,17,2,0,0,1,94.37
pcb-e1-dock-preroute.kicad_pcb,pcb-e1-dock-2,56fd95422f34,24,4,13,0,0,6,3.38,24.53,24,2,0,0,10,153.28
pcb-e1-dock-preroute.kicad_pcb,pcb-e1-dock-2,56fd95422f34,24,5,5,0,0,2,1.12,0,14,2,0,0,0,53.87
pcb-e1-dock-preroute.kicad_pcb,pcb-e1-dock-2,56fd95422f34,25,1,1,0,0,0,0,0,5,3,0,0,0,0
pcb-e1-dock-preroute.kicad_pcb,pcb-e1-dock-2,56fd95422f34,25,2,1,0,0,0,0,0,5,4,0,0,0,0
pcb-e1-dock-preroute.kicad_pcb,pcb-e1-dock-2,56fd95422f34,25,3,5,0,0,2,2.5,0,10,3,0,0,2,85.04
pcb-e1-dock-preroute.kicad_pcb,pcb-e1-dock-2,56fd95422f34,25,4,16,0,0,4,7.88,0,13,2,0,0,1,73.85
pcb-e1-dock-preroute.kicad_pcb,pcb-e1-dock-2,56fd95422f34,25,5,5,0,0,1,0,0,9,2,0,0,3,79.96
pcb-e1-dock-preroute.kicad_pcb,pcb-e1-dock-2,56fd95422f34,26,3,2,0,0,0,0,0,6,3,0,0,1,26.81
pcb-e1-dock-preroute.kicad_pcb,pcb-e1-dock-2,56fd95422f34,26,4,6,0,0,4,2.25,0,8,2,0,0,1,36.51
pcb-e1-dock-preroute.kicad_pcb,pcb-e1-dock-2,56fd95422f34,26,5,2,0,0,0,0,0,6,2,0,0,0,3.61
pcb-e1-dock-preroute.kicad_pcb,pcb-e1-dock-3,76715f5b624b,0,0,3,0,0,0,0,0,6,2,0,0,0,9.6
pcb-e1-dock-preroute.kicad_pcb,pcb-e1-dock-3,76715f5b624b,0,1,4,0,0,0,0,0,10,2,0,0,0,76.57
pcb-e1-dock-preroute.kicad_pcb,pcb-e1-dock-3,76715f5b624b,0,2,3,0,0,1,1.9,0,11,2,0,0,0,30.63
pcb-e1-dock-preroute.kicad_pcb,pcb-e1-dock-3,76715f5b624b,0,3,3,0,0,0,0,0,13,2,0,0,0,20.39
pcb-e1-dock-preroute.kicad_pcb,pcb-e1-dock-3,76715f5b624b,0,4,8,6,0,5,15.12,0,14,2,0,0,0,27.7
pcb-e1-dock-preroute.kicad_pcb,pcb-e1-dock-3,76715f5b624b,0,5,9,0,0,4,3.39,0,14,2,1,0,2,90.78
pcb-e1-dock-preroute.kicad_pcb,pcb-e1-dock-3,76715f5b624b,0,6,1,0,0,0,0,0,2,2,0,0,0,0
pcb-e1-dock-preroute.kicad_pcb,pcb-e1-dock-3,76715f5b624b,1,0,6,0,0,0,0,0,10,2,0,0,0,184.42
pcb-e1-dock-preroute.kicad_pcb,pcb-e1-dock-3,76715f5b624b,1,1,7,0,0,0,0,0,14,2,0,0,0,66.26
pcb-e1-dock-preroute.kicad_pcb,pcb-e1-dock-3,76715f5b624b,1,2,5,0,0,1,1.9,0,17,2,0,0,0,69.25
pcb-e1-dock-preroute.kicad_pcb,pcb-e1-dock-3,76715f5b624b,1,3,5,0,0,0,0,0,17,2,0,0,2,58.55
pcb-e1-dock-preroute.kicad_pcb,pcb-e1-dock-3,76715f5b624b,1,4,5,0,0,2,8.3,0,18,2,0,0,0,30.39
pcb-e1-dock-preroute.kicad_pcb,pcb-e1-dock-3,76715f5b624b,1,5,7,0,0,6,3.65,0,18,2,0,0,0,83.4
pcb-e1-dock-preroute.kicad_pcb,pcb-e1-dock-3,76715f5b624b,1,6,1,0,0,0,0,0,3,2,0,0,0,7.74
pcb-e1-dock-preroute.kicad_pcb,pcb-e1-dock-3,76715f5b624b,2,0,0,0,0,0,0,0,10,2,0,0,0,198.01
pcb-e1-dock-preroute.kicad_pcb,pcb-e1-dock-3,76715f5b624b,2,1,3,0,0,0,0,0,14,2,0,0,1,90.78
pcb-e1-dock-preroute.kicad_pcb,pcb-e1-dock-3,76715f5b624b,2,2,5,0,0,1,1.39,0,17,2,0,0,5,179.11
pcb-e1-dock-preroute.kicad_pcb,pcb-e1-dock-3,76715f5b624b,2,3,5,0,0,1,1.39,0,17,2,0,0,2,51.08
pcb-e1-dock-preroute.kicad_pcb,pcb-e1-dock-3,76715f5b624b,2,4,5,0,0,1,4.3,0,18,2,0,0,0,35.34
pcb-e1-dock-preroute.kicad_pcb,pcb-e1-dock-3,76715f5b624b,2,5,4,0,0,2,1.12,0,17,2,0,0,1,41.32
pcb-e1-dock-preroute.kicad_pcb,pcb-e1-dock-3,76715f5b624b,2,6,2,0,0,0,0,0,3,2,0,0,0,4.81
pcb-e1-dock-preroute.kicad_pcb,pcb-e1-dock-3,76715f5b624b,3,1,0,0,0,0,0,0,11,2,0,0,0,150.26
pcb-e1-dock-preroute.kicad_pcb,pcb-e1-dock-3,76715f5b624b,3,2,1,0,0,0,0,0,12,3,0,0,0,86.48
pcb-e1-dock-preroute.kicad_pcb,pcb-e1-dock-3,76715f5b624b,3,6,2,0,0,0,0,0,2,2,0,0,0,7.54
pcb-e1-dock-preroute.kicad_pcb,pcb-e1-dock-3,76715f5b624b,4,1,1,0,0,0,0,0,11,2,0,0,0,0
pcb-e1-dock-preroute.kicad_pcb,pcb-e1-dock-3,76715f5b624b,4,3,1,0,0,0,0,0,14,3,0,0,0,32.12
pcb-e1-dock-preroute.kicad_pcb,pcb-e1-dock-3,76715f5b624b,4,4,5,5,0,5,10.56,0,22,2,0,0,2,58.06
pcb-e1-dock-preroute.kicad_pcb,pcb-e1-dock-3,76715f5b624b,4,5,8,0,0,0,0,0,21,2,0,0,5,47.6
pcb-e1-dock-preroute.kicad_pcb,pcb-e1-dock-3,76715f5b624b,4,6,1,0,0,1,4.65,0,3,2,0,0,0,9.34
pcb-e1-dock-preroute.kicad_pcb,pcb-e1-dock-3,76715f5b624b,5,3,0,0,0,0,0,0,13,2,0,0,0,73.13
pcb-e1-dock-preroute.kicad_pcb,pcb-e1-dock-3,76715f5b624b,5,4,6,5,0,6,12.86,0,24,2,0,0,0,48.34
pcb-e1-dock-preroute.kicad_pcb,pcb-e1-dock-3,76715f5b624b,5,5,11,0,0,0,0,0,23,2,1,0,3,37.23
pcb-e1-dock-preroute.kicad_pcb,pcb-e1-dock-3,76715f5b624b,5,6,1,0,0,1,4.65,0,2,2,0,0,0,0
pcb-e1-dock-preroute.kicad_pcb,pcb-e1-dock-3,76715f5b624b,6,2,0,0,0,3,0,0,13,2,0,0,0,26.26
pcb-e1-dock-preroute.kicad_pcb,pcb-e1-dock-3,76715f5b624b,6,3,6,0,0,1,14.67,0,17,2,0,0,1,27.29
pcb-e1-dock-preroute.kicad_pcb,pcb-e1-dock-3,76715f5b624b,6,4,1,0,0,1,2.3,0,24,2,0,0,1,25.14
pcb-e1-dock-preroute.kicad_pcb,pcb-e1-dock-3,76715f5b624b,6,5,8,0,0,2,4.0,0,22,2,0,0,3,84.95
pcb-e1-dock-preroute.kicad_pcb,pcb-e1-dock-3,76715f5b624b,6,6,1,0,0,0,0,0,3,2,0,0,0,4.58
pcb-e1-dock-preroute.kicad_pcb,pcb-e1-dock-3,76715f5b624b,7,2,0,0,0,3,0,0,14,2,0,0,0,4.69
pcb-e1-dock-preroute.kicad_pcb,pcb-e1-dock-3,76715f5b624b,7,3,6,0,0,1,6.6,0,20,2,0,0,0,376.84
pcb-e1-dock-preroute.kicad_pcb,pcb-e1-dock-3,76715f5b624b,7,4,8,0,0,6,6.84,0,28,2,0,0,2,55.72
pcb-e1-dock-preroute.kicad_pcb,pcb-e1-dock-3,76715f5b624b,7,5,4,0,0,0,0,0,25,2,0,0,1,29.05
pcb-e1-dock-preroute.kicad_pcb,pcb-e1-dock-3,76715f5b624b,7,6,1,0,0,0,0,0,6,2,0,0,1,137.23
pcb-e1-dock-preroute.kicad_pcb,pcb-e1-dock-3,76715f5b624b,8,1,1,0,0,0,0,0,11,2,0,0,0,0
pcb-e1-dock-preroute.kicad_pcb,pcb-e1-dock-3,76715f5b624b,8,2,0,0,0,0,0,0,14,2,0,0,0,184.37
pcb-e1-dock-preroute.kicad_pcb,pcb-e1-dock-3,76715f5b624b,8,3,1,0,0,0,0,0,20,2,0,0,2,17.52
pcb-e1-dock-preroute.kicad_pcb,pcb-e1-dock-3,76715f5b624b,8,4,12,6,0,5,10.17,0,28,2,0,0,3,87.91
pcb-e1-dock-preroute.kicad_pcb,pcb-e1-dock-3,76715f5b624b,8,5,3,0,0,0,0,0,26,2,0,0,1,39.41
pcb-e1-dock-preroute.kicad_pcb,pcb-e1-dock-3,76715f5b624b,8,6,2,0,0,0,0,0,7,2,0,0,0,15.04
pcb-e1-dock-preroute.kicad_pcb,pcb-e1-dock-3,76715f5b624b,9,1,1,0,0,0,0,0,11,3,0,0,0,0
pcb-e1-dock-preroute.kicad_pcb,pcb-e1-dock-3,76715f5b624b,9,2,0,0,0,0,0,0,14,3,0,0,0,239.47
pcb-e1-dock-preroute.kicad_pcb,pcb-e1-dock-3,76715f5b624b,9,3,1,0,0,0,0,0,20,2,0,0,0,158.28
pcb-e1-dock-preroute.kicad_pcb,pcb-e1-dock-3,76715f5b624b,9,4,1,0,0,3,0,0,28,2,0,0,1,57.46
pcb-e1-dock-preroute.kicad_pcb,pcb-e1-dock-3,76715f5b624b,9,5,5,0,0,0,0,0,26,2,0,0,3,20.35
pcb-e1-dock-preroute.kicad_pcb,pcb-e1-dock-3,76715f5b624b,9,6,2,0,0,0,0,0,7,2,0,0,0,43.76
pcb-e1-dock-preroute.kicad_pcb,pcb-e1-dock-3,76715f5b624b,10,4,3,0,0,1,2.9,0,26,2,0,0,0,79.96
pcb-e1-dock-preroute.kicad_pcb,pcb-e1-dock-3,76715f5b624b,10,5,5,0,0,3,2.25,0,24,2,0,0,0,60.52
pcb-e1-dock-preroute.kicad_pcb,pcb-e1-dock-3,76715f5b624b,10,6,2,0,0,0,0,0,6,2,0,0,1,59.4
pcb-e1-dock-preroute.kicad_pcb,pcb-e1-dock-3,76715f5b624b,11,1,1,0,0,0,0,0,11,4,0,0,0,0
pcb-e1-dock-preroute.kicad_pcb,pcb-e1-dock-3,76715f5b624b,11,3,1,0,0,0,0,0,20,2,0,0,0,0
pcb-e1-dock-preroute.kicad_pcb,pcb-e1-dock-3,76715f5b624b,11,4,2,0,0,1,2.9,0,23,2,0,0,0,10.81
pcb-e1-dock-preroute.kicad_pcb,pcb-e1-dock-3,76715f5b624b,11,5,5,0,0,2,6.53,0,21,2,0,0,0,14.66
pcb-e1-dock-preroute.kicad_pcb,pcb-e1-dock-3,76715f5b624b,11,6,0,0,0,0,0,0,5,2,0,0,1,19.31
pcb-e1-dock-preroute.kicad_pcb,pcb-e1-dock-3,76715f5b624b,12,1,1,0,0,0,0,0,11,3,0,0,0,0
pcb-e1-dock-preroute.kicad_pcb,pcb-e1-dock-3,76715f5b624b,12,3,1,0,0,0,0,0,21,2,0,0,0,66.09
pcb-e1-dock-preroute.kicad_pcb,pcb-e1-dock-3,76715f5b624b,12,4,2,0,0,2,4.7,0,23,2,0,0,0,10.45
pcb-e1-dock-preroute.kicad_pcb,pcb-e1-dock-3,76715f5b624b,12,5,2,0,0,3,3.1,0,20,2,0,0,0,54.08
pcb-e1-dock-preroute.kicad_pcb,pcb-e1-dock-3,76715f5b624b,12,6,2,0,0,0,0,0,6,2,0,0,0,2.66
pcb-e1-dock-preroute.kicad_pcb,pcb-e1-dock-3,76715f5b624b,13,1,1,0,0,0,0,0,11,4,0,0,0,0
pcb-e1-dock-preroute.kicad_pcb,pcb-e1-dock-3,76715f5b624b,13,3,1,0,0,0,0,0,21,2,0,0,0,0
pcb-e1-dock-preroute.kicad_pcb,pcb-e1-dock-3,76715f5b624b,13,4,5,0,0,5,10.2,0,23,2,0,0,0,17.74
pcb-e1-dock-preroute.kicad_pcb,pcb-e1-dock-3,76715f5b624b,13,5,1,0,0,1,1.4,0,20,2,0,0,0,6.8
pcb-e1-dock-preroute.kicad_pcb,pcb-e1-dock-3,76715f5b624b,13,6,2,0,0,0,0,0,6,2,0,0,0,14.62
pcb-e1-dock-preroute.kicad_pcb,pcb-e1-dock-3,76715f5b624b,14,1,0,0,0,0,0,0,11,4,0,0,0,46.45
pcb-e1-dock-preroute.kicad_pcb,pcb-e1-dock-3,76715f5b624b,14,2,0,0,0,0,0,0,14,4,0,0,0,73.67
pcb-e1-dock-preroute.kicad_pcb,pcb-e1-dock-3,76715f5b624b,14,3,2,0,0,2,4.69,0,22,2,0,0,0,3.88
pcb-e1-dock-preroute.kicad_pcb,pcb-e1-dock-3,76715f5b624b,14,4,5,0,0,9,7.65,0,26,2,0,0,1,53.57
pcb-e1-dock-preroute.kicad_pcb,pcb-e1-dock-3,76715f5b624b,14,5,2,0,0,0,0,0,23,2,0,0,0,23.11
pcb-e1-dock-preroute.kicad_pcb,pcb-e1-dock-3,76715f5b624b,14,6,2,0,0,0,0,0,5,2,0,0,0,12.92
pcb-e1-dock-preroute.kicad_pcb,pcb-e1-dock-3,76715f5b624b,15,1,1,0,0,0,0,0,11,3,0,0,0,0
pcb-e1-dock-preroute.kicad_pcb,pcb-e1-dock-3,76715f5b624b,15,3,7,0,0,5,0,0,22,2,0,0,2,13.82
pcb-e1-dock-preroute.kicad_pcb,pcb-e1-dock-3,76715f5b624b,15,4,18,0,0,10,4.3,0,31,2,0,0,7,26.14
pcb-e1-dock-preroute.kicad_pcb,pcb-e1-dock-3,76715f5b624b,15,5,7,0,0,0,0,0,27,2,0,0,4,115.33
pcb-e1-dock-preroute.kicad_pcb,pcb-e1-dock-3,76715f5b624b,16,1,1,0,0,0,0,0,11,3,0,0,0,0
pcb-e1-dock-preroute.kicad_pcb,pcb-e1-dock-3,76715f5b624b,16,3,13,0,0,5,3.58,0,24,2,0,0,4,7.67
pcb-e1-dock-preroute.kicad_pcb,pcb-e1-dock-3,76715f5b624b,16,4,16,0,0,6,7.56,0,35,2,0,0,5,36.43
pcb-e1-dock-preroute.kicad_pcb,pcb-e1-dock-3,76715f5b624b,16,5,4,0,0,0,0,0,29,2,0,0,3,90.25
pcb-e1-dock-preroute.kicad_pcb,pcb-e1-dock-3,76715f5b624b,17,0,0,0,0,0,0,0,7,2,0,0,1,4.51
pcb-e1-dock-preroute.kicad_pcb,pcb-e1-dock-3,76715f5b624b,17,1,0,0,0,0,0,0,11,4,0,0,0,8.93
pcb-e1-dock-preroute.kicad_pcb,pcb-e1-dock-3,76715f5b624b,17,3,0,0,0,0,0,0,26,2,0,0,0,15.68
pcb-e1-dock-preroute.kicad_pcb,pcb-e1-dock-3,76715f5b624b,17,4,12,12,0,11,21.59,0,43,2,0,0,9,148.3
pcb-e1-dock-preroute.kicad_pcb,pcb-e1-dock-3,76715f5b624b,17,5,3,0,0,1,0,0,29,2,0,0,2,83.36
pcb-e1-dock-preroute.kicad_pcb,pcb-e1-dock-3,76715f5b624b,18,0,0,0,0,1,0,0,7,2,0,0,1,215.33
pcb-e1-dock-preroute.kicad_pcb,pcb-e1-dock-3,76715f5b624b,18,1,1,0,0,0,0,0,11,3,0,0,1,20.92
pcb-e1-dock-preroute.kicad_pcb,pcb-e1-dock-3,76715f5b624b,18,2,0,0,0,1,0,0,14,3,0,0,2,85.5
pcb-e1-dock-preroute.kicad_pcb,pcb-e1-dock-3,76715f5b624b,18,3,2,0,0,0,0,0,26,2,0,0,1,35.13
pcb-e1-dock-preroute.kicad_pcb,pcb-e1-dock-3,76715f5b624b,18,4,35,33,1,15,32.8,0,42,2,0,0,9,95.17
pcb-e1-dock-preroute.kicad_pcb,pcb-e1-dock-3,76715f5b624b,18,5,1,0,0,6,6.84,0,27,2,0,0,3,29.19
pcb-e1-dock-preroute.kicad_pcb,pcb-e1-dock-3,76715f5b624b,18,6,0,0,0,0,0,0,6,2,0,0,0,136.9
pcb-e1-dock-preroute.kicad_pcb,pcb-e1-dock-3,76715f5b624b,19,0,20,14,0,12,25.06,0,9,2,0,0,1,39.47
pcb-e1-dock-preroute.kicad_pcb,pcb-e1-dock-3,76715f5b624b,19,1,12,0,0,3,3.16,0,13,2,0,0,1,227.0
pcb-e1-dock-preroute.kicad_pcb,pcb-e1-dock-3,76715f5b624b,19,2,8,0,0,3,4.5,0,16,2,0,0,0,32.13
pcb-e1-dock-preroute.kicad_pcb,pcb-e1-dock-3,76715f5b624b,19,3,5,0,0,2,3.8,0,27,2,0,0,2,157.81
pcb-e1-dock-preroute.kicad_pcb,pcb-e1-dock-3,76715f5b624b,19,4,19,0,0,9,11.25,0,35,2,0,0,5,77.53
pcb-e1-dock-preroute.kicad_pcb,pcb-e1-dock-3,76715f5b624b,19,5,0,0,0,0,0,0,23,2,0,0,1,67.48
pcb-e1-dock-preroute.kicad_pcb,pcb-e1-dock-3,76715f5b624b,20,1,1,0,0,0,0,0,11,3,0,0,0,0
pcb-e1-dock-preroute.kicad_pcb,pcb-e1-dock-3,76715f5b624b,20,2,0,0,0,0,0,0,15,3,0,0,1,310.7
pcb-e1-dock-preroute.kicad_pcb,pcb-e1-dock-3,76715f5b624b,20,3,5,0,0,3,5.82,0,24,2,0,0,0,16.82
pcb-e1-dock-preroute.kicad_pcb,pcb-e1-dock-3,76715f5b624b,20,4,4,0,0,5,4.8,0,27,2,0,0,3,113.28
pcb-e1-dock-preroute.kicad_pcb,pcb-e1-dock-3,76715f5b624b,20,5,2,0,0,1,2.65,0,22,2,0,0,2,63.59
pcb-e1-dock-preroute.kicad_pcb,pcb-e1-dock-3,76715f5b624b,20,6,2,0,0,2,3.1,0,5,2,0,0,0,8.41
pcb-e1-dock-preroute.kicad_pcb,pcb-e1-dock-3,76715f5b624b,21,2,0,0,0,0,0,0,15,4,0,0,3,59.06
pcb-e1-dock-preroute.kicad_pcb,pcb-e1-dock-3,76715f5b624b,21,3,9,3,0,6,5.09,0,24,2,0,0,4,189.06
pcb-e1-dock-preroute.kicad_pcb,pcb-e1-dock-3,76715f5b624b,21,4,5,0,0,3,2.65,0,26,2,0,0,2,15.53
pcb-e1-dock-preroute.kicad_pcb,pcb-e1-dock-3,76715f5b624b,21,5,2,0,0,2,4.2,0,22,2,0,0,0,0.94
pcb-e1-dock-preroute.kicad_pcb,pcb-e1-dock-3,76715f5b624b,21,6,4,0,0,2,2.52,0,6,2,0,0,1,38.1
pcb-e1-dock-preroute.kicad_pcb,pcb-e1-dock-3,76715f5b624b,22,1,1,0,0,0,0,0,11,3,0,0,0,0
pcb-e1-dock-preroute.kicad_pcb,pcb-e1-dock-3,76715f5b624b,22,2,0,0,0,0,0,0,15,3,0,0,0,52.48
pcb-e1-dock-preroute.kicad_pcb,pcb-e1-dock-3,76715f5b624b,22,3,4,3,0,3,5.09,0,23,2,0,0,1,288.37
pcb-e1-dock-preroute.kicad_pcb,pcb-e1-dock-3,76715f5b624b,22,4,0,0,0,0,0,0,25,2,0,0,4,127.58
pcb-e1-dock-preroute.kicad_pcb,pcb-e1-dock-3,76715f5b624b,22,5,1,0,0,1,1.55,0,21,2,0,0,4,90.9
pcb-e1-dock-preroute.kicad_pcb,pcb-e1-dock-3,76715f5b624b,22,6,2,0,0,1,2.52,0,5,2,0,0,1,138.77
pcb-e1-dock-preroute.kicad_pcb,pcb-e1-dock-3,76715f5b624b,23,1,1,0,0,0,0,0,11,3,0,0,0,0
pcb-e1-dock-preroute.kicad_pcb,pcb-e1-dock-3,76715f5b624b,23,3,1,0,0,0,0,0,29,2,0,0,0,35.64
pcb-e1-dock-preroute.kicad_pcb,pcb-e1-dock-3,76715f5b624b,23,4,37,37,0,28,28.82,0,37,2,0,0,8,156.77
pcb-e1-dock-preroute.kicad_pcb,pcb-e1-dock-3,76715f5b624b,23,5,24,24,0,17,21.41,0,25,2,0,0,3,133.0
pcb-e1-dock-preroute.kicad_pcb,pcb-e1-dock-3,76715f5b624b,23,6,1,0,0,1,0,0,3,2,0,0,0,4.32
pcb-e1-dock-preroute.kicad_pcb,pcb-e1-dock-3,76715f5b624b,24,3,12,10,0,9,17.49,0,17,2,0,0,3,66.77
pcb-e1-dock-preroute.kicad_pcb,pcb-e1-dock-3,76715f5b624b,24,4,14,0,0,6,3.38,19.28,24,2,0,0,7,121.16
pcb-e1-dock-preroute.kicad_pcb,pcb-e1-dock-3,76715f5b624b,24,5,5,0,0,2,1.12,0,14,2,0,0,2,41.27
pcb-e1-dock-preroute.kicad_pcb,pcb-e1-dock-3,76715f5b624b,25,1,1,0,0,0,0,0,5,3,0,0,0,0
pcb-e1-dock-preroute.kicad_pcb,pcb-e1-dock-3,76715f5b624b,25,2,1,0,0,0,0,0,5,4,0,0,0,0
pcb-e1-dock-preroute.kicad_pcb,pcb-e1-dock-3,76715f5b624b,25,3,5,0,0,2,2.5,0,10,3,0,0,4,55.59
pcb-e1-dock-preroute.kicad_pcb,pcb-e1-dock-3,76715f5b624b,25,4,14,0,0,5,6.75,0,13,2,0,0,0,37.77
pcb-e1-dock-preroute.kicad_pcb,pcb-e1-dock-3,76715f5b624b,25,5,4,0,0,0,0,0,9,2,0,0,4,51.05
pcb-e1-dock-preroute.kicad_pcb,pcb-e1-dock-3,76715f5b624b,26,3,2,0,0,0,0,0,6,3,0,0,0,12.29
pcb-e1-dock-preroute.kicad_pcb,pcb-e1-dock-3,76715f5b624b,26,4,7,0,0,4,3.38,0,8,2,0,0,2,30.48
pcb-e1-dock-preroute.kicad_pcb,pcb-e1-dock-3,76715f5b624b,26,5,3,0,0,0,0,0,6,2,0,0,0,16.17
pcb-e1-dock-preroute.kicad_pcb,pcb-e1-dock-4,2dcb99eb7a6b,0,0,3,0,0,0,0,0,6,2,0,0,0,42.06
pcb-e1-dock-preroute.kicad_pcb,pcb-e1-dock-4,2dcb99eb7a6b,0,1,4,0,0,0,0,0,9,2,0,0,0,17.95
pcb-e1-dock-preroute.kicad_pcb,pcb-e1-dock-4,2dcb99eb7a6b,0,2,3,0,0,1,1.9,0,10,2,0,0,0,19.52
pcb-e1-dock-preroute.kicad_pcb,pcb-e1-dock-4,2dcb99eb7a6b,0,3,3,0,0,0,0,0,12,2,0,0,1,79.88
pcb-e1-dock-preroute.kicad_pcb,pcb-e1-dock-4,2dcb99eb7a6b,0,4,8,6,0,5,15.12,0,14,2,0,0,0,19.57
pcb-e1-dock-preroute.kicad_pcb,pcb-e1-dock-4,2dcb99eb7a6b,0,5,9,0,0,4,4.51,0,13,2,0,0,1,68.59
pcb-e1-dock-preroute.kicad_pcb,pcb-e1-dock-4,2dcb99eb7a6b,0,6,1,0,0,0,0,0,2,2,0,0,0,0
pcb-e1-dock-preroute.kicad_pcb,pcb-e1-dock-4,2dcb99eb7a6b,1,0,6,0,0,0,0,0,10,2,0,0,2,37.5
pcb-e1-dock-preroute.kicad_pcb,pcb-e1-dock-4,2dcb99eb7a6b,1,1,7,0,0,0,0,0,14,2,0,0,0,55.94
pcb-e1-dock-preroute.kicad_pcb,pcb-e1-dock-4,2dcb99eb7a6b,1,2,5,0,0,1,1.9,0,17,2,0,0,1,81.85
pcb-e1-dock-preroute.kicad_pcb,pcb-e1-dock-4,2dcb99eb7a6b,1,3,5,0,0,0,0,0,17,2,0,0,3,95.35
pcb-e1-dock-preroute.kicad_pcb,pcb-e1-dock-4,2dcb99eb7a6b,1,4,5,0,0,2,8.3,0,18,2,0,0,2,54.56
pcb-e1-dock-preroute.kicad_pcb,pcb-e1-dock-4,2dcb99eb7a6b,1,5,7,0,0,6,2.52,0,18,2,0,0,0,25.18
pcb-e1-dock-preroute.kicad_pcb,pcb-e1-dock-4,2dcb99eb7a6b,1,6,1,0,0,0,0,0,3,2,0,0,0,0
pcb-e1-dock-preroute.kicad_pcb,pcb-e1-dock-4,2dcb99eb7a6b,2,0,0,0,0,0,0,0,10,2,0,0,0,357.62
pcb-e1-dock-preroute.kicad_pcb,pcb-e1-dock-4,2dcb99eb7a6b,2,1,3,0,0,0,0,0,14,2,0,0,1,62.43
pcb-e1-dock-preroute.kicad_pcb,pcb-e1-dock-4,2dcb99eb7a6b,2,2,5,0,0,2,2.77,0,17,2,0,0,2,164.11
pcb-e1-dock-preroute.kicad_pcb,pcb-e1-dock-4,2dcb99eb7a6b,2,3,4,0,0,0,0,0,17,2,0,0,2,97.83
pcb-e1-dock-preroute.kicad_pcb,pcb-e1-dock-4,2dcb99eb7a6b,2,4,5,0,0,1,4.3,0,18,2,0,0,0,25.32
pcb-e1-dock-preroute.kicad_pcb,pcb-e1-dock-4,2dcb99eb7a6b,2,5,4,0,0,2,1.12,0,17,2,0,0,0,19.69
pcb-e1-dock-preroute.kicad_pcb,pcb-e1-dock-4,2dcb99eb7a6b,2,6,2,0,0,0,0,0,3,2,0,0,0,12.84
pcb-e1-dock-preroute.kicad_pcb,pcb-e1-dock-4,2dcb99eb7a6b,3,1,0,0,0,0,0,0,12,2,0,0,0,152.72
pcb-e1-dock-preroute.kicad_pcb,pcb-e1-dock-4,2dcb99eb7a6b,3,2,2,0,0,0,0,0,13,3,0,0,0,14.8
pcb-e1-dock-preroute.kicad_pcb,pcb-e1-dock-4,2dcb99eb7a6b,3,3,0,0,0,0,0,0,14,3,0,0,0,19.92
pcb-e1-dock-preroute.kicad_pcb,pcb-e1-dock-4,2dcb99eb7a6b,3,4,0,0,0,0,0,0,15,2,0,0,0,17.59
pcb-e1-dock-preroute.kicad_pcb,pcb-e1-dock-4,2dcb99eb7a6b,3,5,0,0,0,0,0,0,14,2,0,0,2,51.16
pcb-e1-dock-preroute.kicad_pcb,pcb-e1-dock-4,2dcb99eb7a6b,3,6,2,0,0,0,0,0,2,2,0,0,0,21.29
pcb-e1-dock-preroute.kicad_pcb,pcb-e1-dock-4,2dcb99eb7a6b,4,1,1,0,0,0,0,0,11,2,0,0,0,0
pcb-e1-dock-preroute.kicad_pcb,pcb-e1-dock-4,2dcb99eb7a6b,4,2,0,0,0,0,0,0,12,3,0,0,1,5.16
pcb-e1-dock-preroute.kicad_pcb,pcb-e1-dock-4,2dcb99eb7a6b,4,3,1,0,0,0,0,0,14,3,0,0,0,144.46
pcb-e1-dock-preroute.kicad_pcb,pcb-e1-dock-4,2dcb99eb7a6b,4,4,5,5,0,5,10.56,0,22,2,0,0,2,123.56
pcb-e1-dock-preroute.kicad_pcb,pcb-e1-dock-4,2dcb99eb7a6b,4,5,9,0,0,0,0,0,21,2,0,0,3,58.12
pcb-e1-dock-preroute.kicad_pcb,pcb-e1-dock-4,2dcb99eb7a6b,4,6,1,0,0,1,4.65,0,3,2,0,0,0,9.34
pcb-e1-dock-preroute.kicad_pcb,pcb-e1-dock-4,2dcb99eb7a6b,5,2,0,0,0,0,0,0,11,2,0,0,0,14.08
pcb-e1-dock-preroute.kicad_pcb,pcb-e1-dock-4,2dcb99eb7a6b,5,3,0,0,0,0,0,0,13,2,0,0,0,17.57
pcb-e1-dock-preroute.kicad_pcb,pcb-e1-dock-4,2dcb99eb7a6b,5,4,6,5,0,6,12.86,0,24,2,0,0,0,68.12
pcb-e1-dock-preroute.kicad_pcb,pcb-e1-dock-4,2dcb99eb7a6b,5,5,10,0,0,0,0,0,23,2,0,0,3,41.24
pcb-e1-dock-preroute.kicad_pcb,pcb-e1-dock-4,2dcb99eb7a6b,5,6,1,0,0,1,4.65,0,2,2,0,0,0,0
pcb-e1-dock-preroute.kicad_pcb,pcb-e1-dock-4,2dcb99eb7a6b,6,2,0,0,0,3,0,0,13,2,0,0,0,24.73
pcb-e1-dock-preroute.kicad_pcb,pcb-e1-dock-4,2dcb99eb7a6b,6,3,6,0,0,1,14.67,0,17,2,0,0,1,10.55
pcb-e1-dock-preroute.kicad_pcb,pcb-e1-dock-4,2dcb99eb7a6b,6,4,1,0,0,2,2.3,0,24,2,0,0,0,56.93
pcb-e1-dock-preroute.kicad_pcb,pcb-e1-dock-4,2dcb99eb7a6b,6,5,8,0,0,1,4.0,0,22,2,0,0,3,89.41
pcb-e1-dock-preroute.kicad_pcb,pcb-e1-dock-4,2dcb99eb7a6b,6,6,1,0,0,0,0,0,3,2,0,0,0,3.25
pcb-e1-dock-preroute.kicad_pcb,pcb-e1-dock-4,2dcb99eb7a6b,7,2,0,0,0,3,0,0,14,2,0,0,0,393.37
pcb-e1-dock-preroute.kicad_pcb,pcb-e1-dock-4,2dcb99eb7a6b,7,3,6,0,0,1,6.6,0,20,2,0,0,0,33.32
pcb-e1-dock-preroute.kicad_pcb,pcb-e1-dock-4,2dcb99eb7a6b,7,4,10,0,0,6,6.84,0,28,2,0,0,2,59.96
pcb-e1-dock-preroute.kicad_pcb,pcb-e1-dock-4,2dcb99eb7a6b,7,5,4,0,0,0,0,0,25,2,0,0,1,57.36
pcb-e1-dock-preroute.kicad_pcb,pcb-e1-dock-4,2dcb99eb7a6b,7,6,1,0,0,0,0,0,6,2,0,0,0,3.25
pcb-e1-dock-preroute.kicad_pcb,pcb-e1-dock-4,2dcb99eb7a6b,8,1,1,0,0,0,0,0,11,2,0,0,0,0
pcb-e1-dock-preroute.kicad_pcb,pcb-e1-dock-4,2dcb99eb7a6b,8,3,1,0,0,0,0,0,20,2,0,0,0,0
pcb-e1-dock-preroute.kicad_pcb,pcb-e1-dock-4,2dcb99eb7a6b,8,4,10,6,0,5,10.17,0,28,2,0,0,2,77.05
pcb-e1-dock-preroute.kicad_pcb,pcb-e1-dock-4,2dcb99eb7a6b,8,5,3,0,0,0,0,0,26,2,0,0,2,99.47
pcb-e1-dock-preroute.kicad_pcb,pcb-e1-dock-4,2dcb99eb7a6b,8,6,2,0,0,0,0,0,7,2,0,0,1,10.91
pcb-e1-dock-preroute.kicad_pcb,pcb-e1-dock-4,2dcb99eb7a6b,9,1,1,0,0,0,0,0,11,3,0,0,0,0
pcb-e1-dock-preroute.kicad_pcb,pcb-e1-dock-4,2dcb99eb7a6b,9,3,1,0,0,0,0,0,20,2,0,0,0,15.34
pcb-e1-dock-preroute.kicad_pcb,pcb-e1-dock-4,2dcb99eb7a6b,9,4,1,0,0,3,0,0,28,2,0,0,3,67.9
pcb-e1-dock-preroute.kicad_pcb,pcb-e1-dock-4,2dcb99eb7a6b,9,5,4,0,0,0,0,0,26,2,0,0,3,38.41
pcb-e1-dock-preroute.kicad_pcb,pcb-e1-dock-4,2dcb99eb7a6b,9,6,2,0,0,0,0,0,7,2,0,0,0,13.78
pcb-e1-dock-preroute.kicad_pcb,pcb-e1-dock-4,2dcb99eb7a6b,10,3,0,0,0,0,0,0,20,2,0,0,0,80.23
pcb-e1-dock-preroute.kicad_pcb,pcb-e1-dock-4,2dcb99eb7a6b,10,4,3,0,0,1,2.9,0,26,2,0,0,1,100.59
pcb-e1-dock-preroute.kicad_pcb,pcb-e1-dock-4,2dcb99eb7a6b,10,5,6,0,0,2,2.25,0,24,2,0,0,2,28.6
pcb-e1-dock-preroute.kicad_pcb,pcb-e1-dock-4,2dcb99eb7a6b,10,6,2,0,0,0,0,0,6,2,0,0,0,18.64
pcb-e1-dock-preroute.kicad_pcb,pcb-e1-dock-4,2dcb99eb7a6b,11,1,1,0,0,0,0,0,11,4,0,0,0,0
pcb-e1-dock-preroute.kicad_pcb,pcb-e1-dock-4,2dcb99eb7a6b,11,3,1,0,0,0,0,0,20,2,0,0,0,0
pcb-e1-dock-preroute.kicad_pcb,pcb-e1-dock-4,2dcb99eb7a6b,11,4,2,0,0,0,2.9,0,23,2,0,0,0,59.62
pcb-e1-dock-preroute.kicad_pcb,pcb-e1-dock-4,2dcb99eb7a6b,11,5,5,0,0,3,6.53,0,21,2,0,0,1,19.1
pcb-e1-dock-preroute.kicad_pcb,pcb-e1-dock-4,2dcb99eb7a6b,11,6,0,0,0,0,0,0,5,2,0,0,0,89.79
pcb-e1-dock-preroute.kicad_pcb,pcb-e1-dock-4,2dcb99eb7a6b,12,1,1,0,0,0,0,0,11,3,0,0,0,0
pcb-e1-dock-preroute.kicad_pcb,pcb-e1-dock-4,2dcb99eb7a6b,12,3,1,0,0,0,0,0,21,2,0,0,0,0
pcb-e1-dock-preroute.kicad_pcb,pcb-e1-dock-4,2dcb99eb7a6b,12,4,2,0,0,3,4.7,0,23,2,0,0,0,40.74
pcb-e1-dock-preroute.kicad_pcb,pcb-e1-dock-4,2dcb99eb7a6b,12,5,2,0,0,3,3.1,0,20,2,0,0,0,27.91
pcb-e1-dock-preroute.kicad_pcb,pcb-e1-dock-4,2dcb99eb7a6b,12,6,2,0,0,0,0,0,6,2,0,0,0,2.67
pcb-e1-dock-preroute.kicad_pcb,pcb-e1-dock-4,2dcb99eb7a6b,13,1,1,0,0,0,0,0,11,4,0,0,0,122.02
pcb-e1-dock-preroute.kicad_pcb,pcb-e1-dock-4,2dcb99eb7a6b,13,2,0,0,0,0,0,0,14,4,0,0,0,111.71
pcb-e1-dock-preroute.kicad_pcb,pcb-e1-dock-4,2dcb99eb7a6b,13,3,1,0,0,0,0,0,21,2,0,0,0,0
pcb-e1-dock-preroute.kicad_pcb,pcb-e1-dock-4,2dcb99eb7a6b,13,4,5,0,0,5,10.2,0,23,2,0,0,0,16.23
pcb-e1-dock-preroute.kicad_pcb,pcb-e1-dock-4,2dcb99eb7a6b,13,5,1,0,0,1,1.4,0,20,2,0,0,0,7.23
pcb-e1-dock-preroute.kicad_pcb,pcb-e1-dock-4,2dcb99eb7a6b,13,6,2,0,0,0,0,0,6,2,0,0,0,14.61
pcb-e1-dock-preroute.kicad_pcb,pcb-e1-dock-4,2dcb99eb7a6b,14,3,0,0,0,2,0,0,21,2,0,0,1,302.41
pcb-e1-dock-preroute.kicad_pcb,pcb-e1-dock-4,2dcb99eb7a6b,14,4,3,0,0,9,5.5,0,25,2,0,0,0,33.88
pcb-e1-dock-preroute.kicad_pcb,pcb-e1-dock-4,2dcb99eb7a6b,14,5,3,0,0,0,0,0,23,2,0,0,0,24.54
pcb-e1-dock-preroute.kicad_pcb,pcb-e1-dock-4,2dcb99eb7a6b,14,6,2,0,0,0,0,0,5,2,0,0,0,3.4
pcb-e1-dock-preroute.kicad_pcb,pcb-e1-dock-4,2dcb99eb7a6b,15,1,1,0,0,0,0,0,11,3,0,0,0,0
pcb-e1-dock-preroute.kicad_pcb,pcb-e1-dock-4,2dcb99eb7a6b,15,3,9,0,0,4,4.69,0,23,2,0,0,3,118.06
pcb-e1-dock-preroute.kicad_pcb,pcb-e1-dock-4,2dcb99eb7a6b,15,4,20,0,0,9,6.45,0,31,2,0,0,7,50.9
pcb-e1-dock-preroute.kicad_pcb,pcb-e1-dock-4,2dcb99eb7a6b,15,5,6,0,0,0,0,0,27,2,0,0,2,73.29
pcb-e1-dock-preroute.kicad_pcb,pcb-e1-dock-4,2dcb99eb7a6b,15,6,0,0,0,0,0,0,5,2,0,0,0,6.91
pcb-e1-dock-preroute.kicad_pcb,pcb-e1-dock-4,2dcb99eb7a6b,16,1,1,0,0,0,0,0,11,3,0,0,0,0
pcb-e1-dock-preroute.kicad_pcb,pcb-e1-dock-4,2dcb99eb7a6b,16,3,9,0,0,3,2.15,0,25,2,0,0,2,5.61
pcb-e1-dock-preroute.kicad_pcb,pcb-e1-dock-4,2dcb99eb7a6b,16,4,20,0,0,10,8.99,0,35,2,0,0,6,43.32
pcb-e1-dock-preroute.kicad_pcb,pcb-e1-dock-4,2dcb99eb7a6b,16,5,4,0,0,0,0,0,29,2,0,0,4,72.54
pcb-e1-dock-preroute.kicad_pcb,pcb-e1-dock-4,2dcb99eb7a6b,17,2,0,0,0,0,0,0,14,4,0,0,2,57.44
pcb-e1-dock-preroute.kicad_pcb,pcb-e1-dock-4,2dcb99eb7a6b,17,3,0,0,0,0,0,0,27,2,0,0,0,21.34
pcb-e1-dock-preroute.kicad_pcb,pcb-e1-dock-4,2dcb99eb7a6b,17,4,12,12,0,11,21.59,0,43,2,0,0,5,117.86
pcb-e1-dock-preroute.kicad_pcb,pcb-e1-dock-4,2dcb99eb7a6b,17,5,3,0,0,1,0,0,29,2,0,0,3,49.15
pcb-e1-dock-preroute.kicad_pcb,pcb-e1-dock-4,2dcb99eb7a6b,17,6,0,0,0,0,0,0,6,2,0,0,0,24.93
pcb-e1-dock-preroute.kicad_pcb,pcb-e1-dock-4,2dcb99eb7a6b,18,0,0,0,0,1,0,0,7,2,0,0,1,17.97
pcb-e1-dock-preroute.kicad_pcb,pcb-e1-dock-4,2dcb99eb7a6b,18,1,2,0,0,0,0,0,11,3,0,0,1,11.88
pcb-e1-dock-preroute.kicad_pcb,pcb-e1-dock-4,2dcb99eb7a6b,18,2,0,0,0,1,0,0,14,3,0,0,1,23.33
pcb-e1-dock-preroute.kicad_pcb,pcb-e1-dock-4,2dcb99eb7a6b,18,3,3,0,0,0,0,0,27,2,0,0,1,51.39
pcb-e1-dock-preroute.kicad_pcb,pcb-e1-dock-4,2dcb99eb7a6b,18,4,36,33,1,15,32.8,0,42,2,1,0,7,112.96
pcb-e1-dock-preroute.kicad_pcb,pcb-e1-dock-4,2dcb99eb7a6b,18,5,0,0,0,6,6.84,0,27,2,0,0,1,60.25
pcb-e1-dock-preroute.kicad_pcb,pcb-e1-dock-4,2dcb99eb7a6b,18,6,0,0,0,0,0,0,6,2,0,0,0,10.53
pcb-e1-dock-preroute.kicad_pcb,pcb-e1-dock-4,2dcb99eb7a6b,19,0,20,14,0,12,25.06,0,9,2,0,0,1,78.67
pcb-e1-dock-preroute.kicad_pcb,pcb-e1-dock-4,2dcb99eb7a6b,19,1,11,0,0,3,3.16,0,13,2,0,0,3,32.4
pcb-e1-dock-preroute.kicad_pcb,pcb-e1-dock-4,2dcb99eb7a6b,19,2,8,0,0,3,4.5,0,16,2,0,0,1,31.52
pcb-e1-dock-preroute.kicad_pcb,pcb-e1-dock-4,2dcb99eb7a6b,19,3,4,0,0,3,3.8,0,28,2,0,0,0,279.87
pcb-e1-dock-preroute.kicad_pcb,pcb-e1-dock-4,2dcb99eb7a6b,19,4,16,0,0,7,7.88,0,36,2,0,0,7,143.66
pcb-e1-dock-preroute.kicad_pcb,pcb-e1-dock-4,2dcb99eb7a6b,19,5,1,0,0,0,0,0,24,2,1,0,0,8.21
pcb-e1-dock-preroute.kicad_pcb,pcb-e1-dock-4,2dcb99eb7a6b,19,6,0,0,0,0,0,0,6,2,0,0,0,10.08
pcb-e1-dock-preroute.kicad_pcb,pcb-e1-dock-4,2dcb99eb7a6b,20,0,0,0,0,0,0,0,8,2,0,0,0,8.31
pcb-e1-dock-preroute.kicad_pcb,pcb-e1-dock-4,2dcb99eb7a6b,20,1,1,0,0,0,0,0,11,3,0,0,1,19.01
pcb-e1-dock-preroute.kicad_pcb,pcb-e1-dock-4,2dcb99eb7a6b,20,2,0,0,0,0,0,0,15,3,0,0,1,43.0
pcb-e1-dock-preroute.kicad_pcb,pcb-e1-dock-4,2dcb99eb7a6b,20,3,6,0,0,4,7.24,0,24,2,0,0,0,8.61
pcb-e1-dock-preroute.kicad_pcb,pcb-e1-dock-4,2dcb99eb7a6b,20,4,5,0,0,5,6.75,0,26,2,0,0,1,85.71
pcb-e1-dock-preroute.kicad_pcb,pcb-e1-dock-4,2dcb99eb7a6b,20,5,2,0,0,1,2.65,0,22,2,0,0,2,40.41
pcb-e1-dock-preroute.kicad_pcb,pcb-e1-dock-4,2dcb99eb7a6b,20,6,2,0,0,2,3.1,0,5,2,0,0,1,162.46
pcb-e1-dock-preroute.kicad_pcb,pcb-e1-dock-4,2dcb99eb7a6b,21,0,0,0,0,0,0,0,8,2,0,0,1,205.82
pcb-e1-dock-preroute.kicad_pcb,pcb-e1-dock-4,2dcb99eb7a6b,21,2,0,0,0,0,0,0,15,4,0,0,2,34.72
pcb-e1-dock-preroute.kicad_pcb,pcb-e1-dock-4,2dcb99eb7a6b,21,3,10,3,0,8,5.09,0,24,2,0,0,5,37.56
pcb-e1-dock-preroute.kicad_pcb,pcb-e1-dock-4,2dcb99eb7a6b,21,4,4,0,0,1,2.65,0,26,2,0,0,0,27.32
pcb-e1-dock-preroute.kicad_pcb,pcb-e1-dock-4,2dcb99eb7a6b,21,5,2,0,0,2,4.2,0,22,2,0,0,0,7.73
pcb-e1-dock-preroute.kicad_pcb,pcb-e1-dock-4,2dcb99eb7a6b,21,6,3,0,0,2,2.52,0,6,2,0,0,1,34.45
pcb-e1-dock-preroute.kicad_pcb,pcb-e1-dock-4,2dcb99eb7a6b,22,0,0,0,0,0,0,0,8,2,0,0,1,0
pcb-e1-dock-preroute.kicad_pcb,pcb-e1-dock-4,2dcb99eb7a6b,22,1,1,0,0,0,0,0,11,3,0,0,0,15.5
pcb-e1-dock-preroute.kicad_pcb,pcb-e1-dock-4,2dcb99eb7a6b,22,2,0,0,0,0,0,0,15,3,0,0,1,193.38
pcb-e1-dock-preroute.kicad_pcb,pcb-e1-dock-4,2dcb99eb7a6b,22,3,4,3,0,3,5.09,0,23,2,0,0,1,212.71
pcb-e1-dock-preroute.kicad_pcb,pcb-e1-dock-4,2dcb99eb7a6b,22,4,0,0,0,0,0,0,25,2,0,0,8,142.53
pcb-e1-dock-preroute.kicad_pcb,pcb-e1-dock-4,2dcb99eb7a6b,22,5,1,0,0,1,1.55,0,21,2,0,0,2,78.48
pcb-e1-dock-preroute.kicad_pcb,pcb-e1-dock-4,2dcb99eb7a6b,22,6,3,0,0,1,2.52,0,5,2,0,0,1,26.92
pcb-e1-dock-preroute.kicad_pcb,pcb-e1-dock-4,2dcb99eb7a6b,23,1,1,0,0,0,0,0,11,3,0,0,0,9.18
pcb-e1-dock-preroute.kicad_pcb,pcb-e1-dock-4,2dcb99eb7a6b,23,3,1,0,0,0,0,0,29,2,0,0,1,58.67
pcb-e1-dock-preroute.kicad_pcb,pcb-e1-dock-4,2dcb99eb7a6b,23,4,37,37,0,28,28.82,0,37,2,0,0,7,184.82
pcb-e1-dock-preroute.kicad_pcb,pcb-e1-dock-4,2dcb99eb7a6b,23,5,24,24,0,17,21.41,0,25,2,0,0,7,142.32
pcb-e1-dock-preroute.kicad_pcb,pcb-e1-dock-4,2dcb99eb7a6b,23,6,1,0,0,1,0,0,3,2,0,0,1,22.36
pcb-e1-dock-preroute.kicad_pcb,pcb-e1-dock-4,2dcb99eb7a6b,24,3,12,10,0,9,17.49,0,17,2,0,0,1,66.0
pcb-e1-dock-preroute.kicad_pcb,pcb-e1-dock-4,2dcb99eb7a6b,24,4,13,0,0,6,3.38,19.28,24,2,0,0,6,136.85
pcb-e1-dock-preroute.kicad_pcb,pcb-e1-dock-4,2dcb99eb7a6b,24,5,5,0,0,2,1.12,0,14,2,0,0,4,68.79
pcb-e1-dock-preroute.kicad_pcb,pcb-e1-dock-4,2dcb99eb7a6b,25,1,1,0,0,0,0,0,5,3,0,0,0,0
pcb-e1-dock-preroute.kicad_pcb,pcb-e1-dock-4,2dcb99eb7a6b,25,2,1,0,0,0,0,0,5,4,0,0,0,0
pcb-e1-dock-preroute.kicad_pcb,pcb-e1-dock-4,2dcb99eb7a6b,25,3,5,0,0,2,2.5,0,10,3,0,0,1,193.64
pcb-e1-dock-preroute.kicad_pcb,pcb-e1-dock-4,2dcb99eb7a6b,25,4,16,0,0,5,7.88,0,13,2,0,0,1,73.38
pcb-e1-dock-preroute.kicad_pcb,pcb-e1-dock-4,2dcb99eb7a6b,25,5,5,0,0,1,0,0,9,2,0,0,1,45.07
pcb-e1-dock-preroute.kicad_pcb,pcb-e1-dock-4,2dcb99eb7a6b,26,3,2,0,0,0,0,0,6,3,0,0,1,25.18
pcb-e1-dock-preroute.kicad_pcb,pcb-e1-dock-4,2dcb99eb7a6b,26,4,6,0,0,3,2.25,0,8,2,0,0,0,39.43
pcb-e1-dock-preroute.kicad_pcb,pcb-e1-dock-4,2dcb99eb7a6b,26,5,2,0,0,0,0,0,6,2,0,0,0,36.02
pcb-e1-dock-preroute.kicad_pcb,pcb-e1-dock-5,4fd519bd6ff9,0,0,3,0,0,0,0,0,6,2,0,0,0,48.67
pcb-e1-dock-preroute.kicad_pcb,pcb-e1-dock-5,4fd519bd6ff9,0,1,4,0,0,0,0,0,10,2,0,0,0,20.88
pcb-e1-dock-preroute.kicad_pcb,pcb-e1-dock-5,4fd519bd6ff9,0,2,3,0,0,1,1.9,0,11,2,0,0,0,43.16
pcb-e1-dock-preroute.kicad_pcb,pcb-e1-dock-5,4fd519bd6ff9,0,3,3,0,0,0,0,0,13,2,0,0,0,6.32
pcb-e1-dock-preroute.kicad_pcb,pcb-e1-dock-5,4fd519bd6ff9,0,4,8,6,0,5,15.12,0,14,2,0,0,0,12.85
pcb-e1-dock-preroute.kicad_pcb,pcb-e1-dock-5,4fd519bd6ff9,0,5,8,0,0,4,3.39,0,13,2,1,0,1,31.27
pcb-e1-dock-preroute.kicad_pcb,pcb-e1-dock-5,4fd519bd6ff9,0,6,1,0,0,0,0,0,2,2,1,0,0,0
pcb-e1-dock-preroute.kicad_pcb,pcb-e1-dock-5,4fd519bd6ff9,1,0,6,0,0,0,0,0,10,2,0,0,1,25.64
pcb-e1-dock-preroute.kicad_pcb,pcb-e1-dock-5,4fd519bd6ff9,1,1,7,0,0,0,0,0,14,2,0,0,1,73.37
pcb-e1-dock-preroute.kicad_pcb,pcb-e1-dock-5,4fd519bd6ff9,1,2,5,0,0,1,1.9,0,17,2,0,0,2,93.62
pcb-e1-dock-preroute.kicad_pcb,pcb-e1-dock-5,4fd519bd6ff9,1,3,5,0,0,0,0,0,17,2,0,0,4,111.88
pcb-e1-dock-preroute.kicad_pcb,pcb-e1-dock-5,4fd519bd6ff9,1,4,6,0,0,2,8.6,0,18,2,0,0,0,21.51
pcb-e1-dock-preroute.kicad_pcb,pcb-e1-dock-5,4fd519bd6ff9,1,5,8,0,0,4,3.65,0,18,2,0,0,3,59.35
pcb-e1-dock-preroute.kicad_pcb,pcb-e1-dock-5,4fd519bd6ff9,1,6,1,0,0,0,0,0,3,2,0,0,0,7.74
pcb-e1-dock-preroute.kicad_pcb,pcb-e1-dock-5,4fd519bd6ff9,2,0,0,0,0,0,0,0,10,2,0,0,0,496.83
pcb-e1-dock-preroute.kicad_pcb,pcb-e1-dock-5,4fd519bd6ff9,2,1,3,0,0,0,0,0,14,2,0,0,0,95.04
pcb-e1-dock-preroute.kicad_pcb,pcb-e1-dock-5,4fd519bd6ff9,2,2,6,0,0,2,2.77,0,17,2,0,0,0,75.98
pcb-e1-dock-preroute.kicad_pcb,pcb-e1-dock-5,4fd519bd6ff9,2,3,4,0,0,0,0,0,17,2,0,0,3,106.98
pcb-e1-dock-preroute.kicad_pcb,pcb-e1-dock-5,4fd519bd6ff9,2,4,4,0,0,1,4.0,0,18,2,0,0,0,27.48
pcb-e1-dock-preroute.kicad_pcb,pcb-e1-dock-5,4fd519bd6ff9,2,5,4,0,0,4,1.12,0,17,2,0,0,0,47.48
pcb-e1-dock-preroute.kicad_pcb,pcb-e1-dock-5,4fd519bd6ff9,2,6,2,0,0,0,0,0,3,2,0,0,0,4.81
pcb-e1-dock-preroute.kicad_pcb,pcb-e1-dock-5,4fd519bd6ff9,3,2,1,0,0,0,0,0,12,3,0,0,0,4.56
pcb-e1-dock-preroute.kicad_pcb,pcb-e1-dock-5,4fd519bd6ff9,3,4,0,0,0,0,0,0,15,2,0,0,0,38.41
pcb-e1-dock-preroute.kicad_pcb,pcb-e1-dock-5,4fd519bd6ff9,3,5,0,0,0,0,0,0,14,2,0,0,1,65.43
pcb-e1-dock-preroute.kicad_pcb,pcb-e1-dock-5,4fd519bd6ff9,3,6,2,0,0,0,0,0,2,2,0,0,0,6.61
pcb-e1-dock-preroute.kicad_pcb,pcb-e1-dock-5,4fd519bd6ff9,4,1,1,0,0,0,0,0,11,2,0,0,0,0
pcb-e1-dock-preroute.kicad_pcb,pcb-e1-dock-5,4fd519bd6ff9,4,3,1,0,0,0,0,0,14,3,0,0,0,32.35
pcb-e1-dock-preroute.kicad_pcb,pcb-e1-dock-5,4fd519bd6ff9,4,4,5,5,0,5,10.56,0,22,2,0,0,1,41.5
pcb-e1-dock-preroute.kicad_pcb,pcb-e1-dock-5,4fd519bd6ff9,4,5,8,0,0,0,0,0,21,2,0,0,6,57.78
pcb-e1-dock-preroute.kicad_pcb,pcb-e1-dock-5,4fd519bd6ff9,4,6,1,0,0,1,4.65,0,3,2,0,0,0,32.35
pcb-e1-dock-preroute.kicad_pcb,pcb-e1-dock-5,4fd519bd6ff9,5,4,6,5,0,6,12.86,0,24,2,0,0,0,96.26
pcb-e1-dock-preroute.kicad_pcb,pcb-e1-dock-5,4fd519bd6ff9,5,5,11,0,0,0,0,0,23,2,1,0,3,55.03
pcb-e1-dock-preroute.kicad_pcb,pcb-e1-dock-5,4fd519bd6ff9,5,6,1,0,0,1,4.65,0,2,2,0,0,0,0
pcb-e1-dock-preroute.kicad_pcb,pcb-e1-dock-5,4fd519bd6ff9,6,1,0,0,0,0,0,0,11,2,0,0,1,370.37
pcb-e1-dock-preroute.kicad_pcb,pcb-e1-dock-5,4fd519bd6ff9,6,2,0,0,0,3,0,0,13,2,0,0,0,42.48
pcb-e1-dock-preroute.kicad_pcb,pcb-e1-dock-5,4fd519bd6ff9,6,3,6,0,0,1,14.67,0,17,2,0,0,1,79.96
pcb-e1-dock-preroute.kicad_pcb,pcb-e1-dock-5,4fd519bd6ff9,6,4,1,0,0,1,2.3,0,24,2,0,0,0,30.84
pcb-e1-dock-preroute.kicad_pcb,pcb-e1-dock-5,4fd519bd6ff9,6,5,8,0,0,2,4.0,0,22,2,0,0,3,122.77
pcb-e1-dock-preroute.kicad_pcb,pcb-e1-dock-5,4fd519bd6ff9,6,6,1,0,0,0,0,0,3,2,0,0,0,3.67
pcb-e1-dock-preroute.kicad_pcb,pcb-e1-dock-5,4fd519bd6ff9,7,2,0,0,0,3,0,0,14,2,0,0,1,98.82
pcb-e1-dock-preroute.kicad_pcb,pcb-e1-dock-5,4fd519bd6ff9,7,3,6,0,0,1,6.6,0,20,2,0,0,1,161.04
pcb-e1-dock-preroute.kicad_pcb,pcb-e1-dock-5,4fd519bd6ff9,7,4,10,0,0,6,6.84,0,28,2,0,0,3,67.87
pcb-e1-dock-preroute.kicad_pcb,pcb-e1-dock-5,4fd519bd6ff9,7,5,4,0,0,0,0,0,25,2,0,0,1,70.16
pcb-e1-dock-preroute.kicad_pcb,pcb-e1-dock-5,4fd519bd6ff9,7,6,1,0,0,0,0,0,6,2,0,0,0,3.25
pcb-e1-dock-preroute.kicad_pcb,pcb-e1-dock-5,4fd519bd6ff9,8,1,1,0,0,0,0,0,12,2,0,0,1,122.29
pcb-e1-dock-preroute.kicad_pcb,pcb-e1-dock-5,4fd519bd6ff9,8,2,0,0,0,0,0,0,14,2,0,0,0,118.63
pcb-e1-dock-preroute.kicad_pcb,pcb-e1-dock-5,4fd519bd6ff9,8,3,1,0,0,0,0,0,20,2,0,0,0,85.47
pcb-e1-dock-preroute.kicad_pcb,pcb-e1-dock-5,4fd519bd6ff9,8,4,10,6,0,5,10.17,0,28,2,1,0,5,46.98
pcb-e1-dock-preroute.kicad_pcb,pcb-e1-dock-5,4fd519bd6ff9,8,5,3,0,0,0,0,0,26,2,0,0,3,134.98
pcb-e1-dock-preroute.kicad_pcb,pcb-e1-dock-5,4fd519bd6ff9,8,6,2,0,0,0,0,0,7,2,0,0,0,24.55
pcb-e1-dock-preroute.kicad_pcb,pcb-e1-dock-5,4fd519bd6ff9,9,1,1,0,0,0,0,0,12,3,0,0,0,0
pcb-e1-dock-preroute.kicad_pcb,pcb-e1-dock-5,4fd519bd6ff9,9,3,1,0,0,0,0,0,20,2,0,0,0,4.65
pcb-e1-dock-preroute.kicad_pcb,pcb-e1-dock-5,4fd519bd6ff9,9,4,1,0,0,3,0,0,28,2,0,0,1,81.09
pcb-e1-dock-preroute.kicad_pcb,pcb-e1-dock-5,4fd519bd6ff9,9,5,4,0,0,0,0,0,26,2,1,0,1,23.8
pcb-e1-dock-preroute.kicad_pcb,pcb-e1-dock-5,4fd519bd6ff9,9,6,2,0,0,0,0,0,7,2,0,0,0,5.99
pcb-e1-dock-preroute.kicad_pcb,pcb-e1-dock-5,4fd519bd6ff9,10,3,0,0,0,0,0,0,20,2,0,0,0,2.86
pcb-e1-dock-preroute.kicad_pcb,pcb-e1-dock-5,4fd519bd6ff9,10,4,3,0,0,1,2.9,0,26,2,0,0,1,159.84
pcb-e1-dock-preroute.kicad_pcb,pcb-e1-dock-5,4fd519bd6ff9,10,5,6,0,0,3,2.25,0,24,2,0,0,3,47.36
pcb-e1-dock-preroute.kicad_pcb,pcb-e1-dock-5,4fd519bd6ff9,10,6,2,0,0,0,0,0,6,2,0,0,0,3.43
pcb-e1-dock-preroute.kicad_pcb,pcb-e1-dock-5,4fd519bd6ff9,11,1,1,0,0,0,0,0,12,4,0,0,0,0
pcb-e1-dock-preroute.kicad_pcb,pcb-e1-dock-5,4fd519bd6ff9,11,3,1,0,0,0,0,0,20,2,0,0,0,0
pcb-e1-dock-preroute.kicad_pcb,pcb-e1-dock-5,4fd519bd6ff9,11,4,2,0,0,1,2.9,0,23,2,0,0,0,10.25
pcb-e1-dock-preroute.kicad_pcb,pcb-e1-dock-5,4fd519bd6ff9,11,5,5,0,0,2,6.53,0,21,2,0,0,0,15.41
pcb-e1-dock-preroute.kicad_pcb,pcb-e1-dock-5,4fd519bd6ff9,12,1,1,0,0,0,0,0,12,3,0,0,0,0
pcb-e1-dock-preroute.kicad_pcb,pcb-e1-dock-5,4fd519bd6ff9,12,2,0,0,0,0,0,0,14,3,0,0,1,222.03
pcb-e1-dock-preroute.kicad_pcb,pcb-e1-dock-5,4fd519bd6ff9,12,3,1,0,0,0,0,0,21,2,0,0,0,111.5
pcb-e1-dock-preroute.kicad_pcb,pcb-e1-dock-5,4fd519bd6ff9,12,4,2,0,0,2,4.7,0,23,2,0,0,0,35.44
pcb-e1-dock-preroute.kicad_pcb,pcb-e1-dock-5,4fd519bd6ff9,12,5,2,0,0,3,3.1,0,20,2,0,0,0,20.02
pcb-e1-dock-preroute.kicad_pcb,pcb-e1-dock-5,4fd519bd6ff9,12,6,2,0,0,0,0,0,6,2,0,0,0,12.84
pcb-e1-dock-preroute.kicad_pcb,pcb-e1-dock-5,4fd519bd6ff9,13,1,1,0,0,0,0,0,12,4,0,0,0,0
pcb-e1-dock-preroute.kicad_pcb,pcb-e1-dock-5,4fd519bd6ff9,13,2,0,0,0,0,0,0,14,4,0,0,0,50.21
pcb-e1-dock-preroute.kicad_pcb,pcb-e1-dock-5,4fd519bd6ff9,13,3,1,0,0,0,0,0,21,2,0,0,0,0
pcb-e1-dock-preroute.kicad_pcb,pcb-e1-dock-5,4fd519bd6ff9,13,4,5,0,0,5,10.2,0,23,2,0,0,0,22.95
pcb-e1-dock-preroute.kicad_pcb,pcb-e1-dock-5,4fd519bd6ff9,13,5,1,0,0,1,1.4,0,20,2,0,0,0,15.73
pcb-e1-dock-preroute.kicad_pcb,pcb-e1-dock-5,4fd519bd6ff9,13,6,2,0,0,0,0,0,6,2,0,0,0,4.44
pcb-e1-dock-preroute.kicad_pcb,pcb-e1-dock-5,4fd519bd6ff9,14,3,0,0,0,2,0,0,21,2,0,0,0,99.04
pcb-e1-dock-preroute.kicad_pcb,pcb-e1-dock-5,4fd519bd6ff9,14,4,7,0,0,9,9.8,0,26,2,0,0,0,20.11
pcb-e1-dock-preroute.kicad_pcb,pcb-e1-dock-5,4fd519bd6ff9,14,5,3,0,0,0,0,0,23,2,0,0,0,16.98
pcb-e1-dock-preroute.kicad_pcb,pcb-e1-dock-5,4fd519bd6ff9,14,6,2,0,0,0,0,0,5,2,0,0,0,9.71
pcb-e1-dock-preroute.kicad_pcb,pcb-e1-dock-5,4fd519bd6ff9,15,1,1,0,0,0,0,0,12,3,0,0,0,0
pcb-e1-dock-preroute.kicad_pcb,pcb-e1-dock-5,4fd519bd6ff9,15,3,9,0,0,5,4.69,0,22,2,0,0,2,33.15
pcb-e1-dock-preroute.kicad_pcb,pcb-e1-dock-5,4fd519bd6ff9,15,4,16,0,0,8,2.15,0,31,2,0,0,7,21.38
pcb-e1-dock-preroute.kicad_pcb,pcb-e1-dock-5,4fd519bd6ff9,15,5,6,0,0,0,0,0,27,2,0,0,7,46.36
pcb-e1-dock-preroute.kicad_pcb,pcb-e1-dock-5,4fd519bd6ff9,16,1,1,0,0,0,0,0,12,3,0,0,0,0
pcb-e1-dock-preroute.kicad_pcb,pcb-e1-dock-5,4fd519bd6ff9,16,3,13,0,0,5,3.58,0,24,2,0,0,4,35.19
pcb-e1-dock-preroute.kicad_pcb,pcb-e1-dock-5,4fd519bd6ff9,16,4,16,0,0,8,7.56,0,35,2,0,0,4,42.64
pcb-e1-dock-preroute.kicad_pcb,pcb-e1-dock-5,4fd519bd6ff9,16,5,4,0,0,0,0,0,29,2,0,0,5,76.19
pcb-e1-dock-preroute.kicad_pcb,pcb-e1-dock-5,4fd519bd6ff9,17,3,0,0,0,0,0,0,26,2,0,0,0,10.92
pcb-e1-dock-preroute.kicad_pcb,pcb-e1-dock-5,4fd519bd6ff9,17,4,12,12,0,11,21.59,0,43,2,2,0,3,116.39
pcb-e1-dock-preroute.kicad_pcb,pcb-e1-dock-5,4fd519bd6ff9,17,5,3,0,0,1,0,0,29,2,0,0,2,66.99
pcb-e1-dock-preroute.kicad_pcb,pcb-e1-dock-5,4fd519bd6ff9,18,0,0,0,0,1,0,0,7,2,0,0,2,180.17
pcb-e1-dock-preroute.kicad_pcb,pcb-e1-dock-5,4fd519bd6ff9,18,1,1,0,0,0,0,0,12,3,0,0,1,28.88
pcb-e1-dock-preroute.kicad_pcb,pcb-e1-dock-5,4fd519bd6ff9,18,2,0,0,0,1,0,0,14,3,0,0,1,5.54
pcb-e1-dock-preroute.kicad_pcb,pcb-e1-dock-5,4fd519bd6ff9,18,3,1,0,0,0,0,0,26,2,0,0,2,20.75
pcb-e1-dock-preroute.kicad_pcb,pcb-e1-dock-5,4fd519bd6ff9,18,4,36,33,1,15,32.8,0,42,2,2,0,11,92.31
pcb-e1-dock-preroute.kicad_pcb,pcb-e1-dock-5,4fd519bd6ff9,18,5,0,0,0,6,6.84,0,27,2,0,0,3,93.03
pcb-e1-dock-preroute.kicad_pcb,pcb-e1-dock-5,4fd519bd6ff9,19,0,20,14,0,12,25.06,0,9,2,0,0,0,56.32
pcb-e1-dock-preroute.kicad_pcb,pcb-e1-dock-5,4fd519bd6ff9,19,1,14,0,0,4,4.29,0,14,2,0,0,3,88.33
pcb-e1-dock-preroute.kicad_pcb,pcb-e1-dock-5,4fd519bd6ff9,19,2,6,0,0,2,3.38,0,16,2,0,0,1,175.08
pcb-e1-dock-preroute.kicad_pcb,pcb-e1-dock-5,4fd519bd6ff9,19,3,7,0,0,3,3.8,0,29,2,0,0,0,20.04
pcb-e1-dock-preroute.kicad_pcb,pcb-e1-dock-5,4fd519bd6ff9,19,4,18,0,0,8,10.12,0,37,2,0,0,2,88.59
pcb-e1-dock-preroute.kicad_pcb,pcb-e1-dock-5,4fd519bd6ff9,19,5,1,0,0,0,0,0,25,2,0,0,1,50.87
pcb-e1-dock-preroute.kicad_pcb,pcb-e1-dock-5,4fd519bd6ff9,20,0,0,0,0,0,0,0,8,2,0,0,0,84.56
pcb-e1-dock-preroute.kicad_pcb,pcb-e1-dock-5,4fd519bd6ff9,20,1,1,0,0,0,0,0,12,3,0,0,0,92.52
pcb-e1-dock-preroute.kicad_pcb,pcb-e1-dock-5,4fd519bd6ff9,20,2,0,0,0,0,0,0,15,3,0,0,0,0.73
pcb-e1-dock-preroute.kicad_pcb,pcb-e1-dock-5,4fd519bd6ff9,20,3,4,0,0,3,5.82,0,23,2,0,0,0,17.66
pcb-e1-dock-preroute.kicad_pcb,pcb-e1-dock-5,4fd519bd6ff9,20,4,4,0,0,5,5.92,0,25,2,0,0,1,29.69
pcb-e1-dock-preroute.kicad_pcb,pcb-e1-dock-5,4fd519bd6ff9,20,5,2,0,0,1,2.65,0,22,2,0,0,1,47.87
pcb-e1-dock-preroute.kicad_pcb,pcb-e1-dock-5,4fd519bd6ff9,20,6,2,0,0,2,3.1,0,5,2,0,0,0,9.57
pcb-e1-dock-preroute.kicad_pcb,pcb-e1-dock-5,4fd519bd6ff9,21,1,0,0,0,0,0,0,12,4,0,0,1,19.36
pcb-e1-dock-preroute.kicad_pcb,pcb-e1-dock-5,4fd519bd6ff9,21,2,0,0,0,0,0,0,15,4,0,0,0,18.92
pcb-e1-dock-preroute.kicad_pcb,pcb-e1-dock-5,4fd519bd6ff9,21,3,9,3,0,6,5.09,0,24,2,0,0,4,312.07
pcb-e1-dock-preroute.kicad_pcb,pcb-e1-dock-5,4fd519bd6ff9,21,4,5,0,0,3,2.65,0,26,2,0,0,2,18.53
pcb-e1-dock-preroute.kicad_pcb,pcb-e1-dock-5,4fd519bd6ff9,21,5,2,0,0,2,4.2,0,22,2,0,0,0,11.07
pcb-e1-dock-preroute.kicad_pcb,pcb-e1-dock-5,4fd519bd6ff9,21,6,3,0,0,2,2.52,0,6,2,0,0,1,16.49
pcb-e1-dock-preroute.kicad_pcb,pcb-e1-dock-5,4fd519bd6ff9,22,1,1,0,0,0,0,0,12,3,0,0,0,0
pcb-e1-dock-preroute.kicad_pcb,pcb-e1-dock-5,4fd519bd6ff9,22,2,0,0,0,0,0,0,15,3,0,0,0,37.21
pcb-e1-dock-preroute.kicad_pcb,pcb-e1-dock-5,4fd519bd6ff9,22,3,4,3,0,3,5.09,0,23,2,0,0,3,419.79
pcb-e1-dock-preroute.kicad_pcb,pcb-e1-dock-5,4fd519bd6ff9,22,4,0,0,0,0,0,0,25,2,0,0,3,153.15
pcb-e1-dock-preroute.kicad_pcb,pcb-e1-dock-5,4fd519bd6ff9,22,5,1,0,0,1,1.55,0,21,2,0,0,1,82.75
pcb-e1-dock-preroute.kicad_pcb,pcb-e1-dock-5,4fd519bd6ff9,22,6,3,0,0,1,2.52,0,5,2,0,0,1,5.42
pcb-e1-dock-preroute.kicad_pcb,pcb-e1-dock-5,4fd519bd6ff9,23,1,1,0,0,0,0,0,12,3,0,0,0,0
pcb-e1-dock-preroute.kicad_pcb,pcb-e1-dock-5,4fd519bd6ff9,23,2,0,0,0,0,0,0,14,3,0,0,3,151.59
pcb-e1-dock-preroute.kicad_pcb,pcb-e1-dock-5,4fd519bd6ff9,23,3,1,0,0,0,0,0,29,2,0,0,0,14.17
pcb-e1-dock-preroute.kicad_pcb,pcb-e1-dock-5,4fd519bd6ff9,23,4,37,37,0,28,28.82,0,37,2,0,0,7,150.89
pcb-e1-dock-preroute.kicad_pcb,pcb-e1-dock-5,4fd519bd6ff9,23,5,24,24,0,17,21.41,0,25,2,0,0,1,79.19
pcb-e1-dock-preroute.kicad_pcb,pcb-e1-dock-5,4fd519bd6ff9,23,6,1,0,0,1,0,0,3,2,0,0,1,11.36
pcb-e1-dock-preroute.kicad_pcb,pcb-e1-dock-5,4fd519bd6ff9,24,2,0,0,0,0,0,0,6,4,0,0,1,0.11
pcb-e1-dock-preroute.kicad_pcb,pcb-e1-dock-5,4fd519bd6ff9,24,3,12,10,0,9,17.49,0,17,2,0,0,1,75.28
pcb-e1-dock-preroute.kicad_pcb,pcb-e1-dock-5,4fd519bd6ff9,24,4,14,0,0,5,3.38,19.28,24,2,0,0,5,159.71
pcb-e1-dock-preroute.kicad_pcb,pcb-e1-dock-5,4fd519bd6ff9,24,5,5,0,0,3,1.12,0,14,2,0,0,2,50.65
pcb-e1-dock-preroute.kicad_pcb,pcb-e1-dock-5,4fd519bd6ff9,25,1,1,0,0,0,0,0,5,3,0,0,0,0
pcb-e1-dock-preroute.kicad_pcb,pcb-e1-dock-5,4fd519bd6ff9,25,2,1,0,0,0,0,0,5,4,0,0,0,0
pcb-e1-dock-preroute.kicad_pcb,pcb-e1-dock-5,4fd519bd6ff9,25,3,5,0,0,2,2.5,0,10,3,0,0,2,39.71
pcb-e1-dock-preroute.kicad_pcb,pcb-e1-dock-5,4fd519bd6ff9,25,4,15,0,0,5,7.88,0,13,2,0,0,2,73.72
pcb-e1-dock-preroute.kicad_pcb,pcb-e1-dock-5,4fd519bd6ff9,25,5,5,0,0,0,0,0,9,2,0,0,3,55.16
pcb-e1-dock-preroute.kicad_pcb,pcb-e1-dock-5,4fd519bd6ff9,26,3,2,0,0,0,0,0,6,3,0,0,0,51.58
pcb-e1-dock-preroute.kicad_pcb,pcb-e1-dock-5,4fd519bd6ff9,26,4,6,0,0,4,2.25,0,8,2,0,0,0,35.73
pcb-e1-dock-preroute.kicad_pcb,pcb-e1-dock-5,4fd519bd6ff9,26,5,2,0,0,0,0,0,6,2,0,0,0,12.84
pcb-e1-dock-preroute.kicad_pcb,pcb-e1-dock-6,0a2390072c55,0,0,3,0,0,0,0,0,6,2,0,0,0,8.57
pcb-e1-dock-preroute.kicad_pcb,pcb-e1-dock-6,0a2390072c55,0,1,4,0,0,0,0,0,10,2,0,0,0,27.06
pcb-e1-dock-preroute.kicad_pcb,pcb-e1-dock-6,0a2390072c55,0,2,3,0,0,1,1.9,0,11,2,0,0,1,19.43
pcb-e1-dock-preroute.kicad_pcb,pcb-e1-dock-6,0a2390072c55,0,3,3,0,0,0,0,0,13,2,0,0,0,50.6
pcb-e1-dock-preroute.kicad_pcb,pcb-e1-dock-6,0a2390072c55,0,4,9,6,0,5,17.12,0,14,2,0,0,1,14.27
pcb-e1-dock-preroute.kicad_pcb,pcb-e1-dock-6,0a2390072c55,0,5,8,0,0,5,3.39,0,13,2,0,0,1,32.45
pcb-e1-dock-preroute.kicad_pcb,pcb-e1-dock-6,0a2390072c55,0,6,1,0,0,0,0,0,2,2,0,0,0,0
pcb-e1-dock-preroute.kicad_pcb,pcb-e1-dock-6,0a2390072c55,1,0,6,0,0,0,0,0,10,2,0,0,0,66.89
pcb-e1-dock-preroute.kicad_pcb,pcb-e1-dock-6,0a2390072c55,1,1,7,0,0,0,0,0,14,2,0,0,0,93.52
pcb-e1-dock-preroute.kicad_pcb,pcb-e1-dock-6,0a2390072c55,1,2,5,0,0,1,1.9,0,17,2,0,0,1,49.98
pcb-e1-dock-preroute.kicad_pcb,pcb-e1-dock-6,0a2390072c55,1,3,5,0,0,0,0,0,17,2,0,0,4,115.28
pcb-e1-dock-preroute.kicad_pcb,pcb-e1-dock-6,0a2390072c55,1,4,4,0,0,2,6.3,0,18,2,0,0,0,29.05
pcb-e1-dock-preroute.kicad_pcb,pcb-e1-dock-6,0a2390072c55,1,5,8,0,0,5,3.65,0,18,2,0,0,0,63.09
pcb-e1-dock-preroute.kicad_pcb,pcb-e1-dock-6,0a2390072c55,1,6,1,0,0,0,0,0,3,2,0,0,0,7.74
pcb-e1-dock-preroute.kicad_pcb,pcb-e1-dock-6,0a2390072c55,2,0,0,0,0,0,0,0,10,2,0,0,3,55.57
pcb-e1-dock-preroute.kicad_pcb,pcb-e1-dock-6,0a2390072c55,2,1,3,0,0,0,0,0,14,2,0,0,2,208.97
pcb-e1-dock-preroute.kicad_pcb,pcb-e1-dock-6,0a2390072c55,2,2,6,0,0,2,2.77,0,17,2,0,0,2,75.25
pcb-e1-dock-preroute.kicad_pcb,pcb-e1-dock-6,0a2390072c55,2,3,4,0,0,0,0,0,17,2,0,0,2,81.32
pcb-e1-dock-preroute.kicad_pcb,pcb-e1-dock-6,0a2390072c55,2,4,5,0,0,1,4.3,0,18,2,0,0,0,37.07
pcb-e1-dock-preroute.kicad_pcb,pcb-e1-dock-6,0a2390072c55,2,5,4,0,0,2,1.12,0,17,2,0,0,1,35.57
pcb-e1-dock-preroute.kicad_pcb,pcb-e1-dock-6,0a2390072c55,2,6,2,0,0,0,0,0,3,2,0,0,0,4.81
pcb-e1-dock-preroute.kicad_pcb,pcb-e1-dock-6,0a2390072c55,3,0,0,0,0,0,0,0,8,2,0,0,1,36.52
pcb-e1-dock-preroute.kicad_pcb,pcb-e1-dock-6,0a2390072c55,3,2,1,0,0,0,0,0,12,3,0,0,1,47.94
pcb-e1-dock-preroute.kicad_pcb,pcb-e1-dock-6,0a2390072c55,3,3,0,0,0,0,0,0,14,3,0,0,0,16.79
pcb-e1-dock-preroute.kicad_pcb,pcb-e1-dock-6,0a2390072c55,3,4,0,0,0,0,0,0,15,2,0,0,0,11.73
pcb-e1-dock-preroute.kicad_pcb,pcb-e1-dock-6,0a2390072c55,3,5,0,0,0,0,0,0,14,2,0,0,3,26.43
pcb-e1-dock-preroute.kicad_pcb,pcb-e1-dock-6,0a2390072c55,3,6,2,0,0,0,0,0,2,2,0,0,0,7.36
pcb-e1-dock-preroute.kicad_pcb,pcb-e1-dock-6,0a2390072c55,4,0,0,0,0,0,0,0,8,2,0,0,0,9.34
pcb-e1-dock-preroute.kicad_pcb,pcb-e1-dock-6,0a2390072c55,4,1,1,0,0,0,0,0,11,2,0,0,0,0
pcb-e1-dock-preroute.kicad_pcb,pcb-e1-dock-6,0a2390072c55,4,3,1,0,0,0,0,0,14,3,0,0,0,123.38
pcb-e1-dock-preroute.kicad_pcb,pcb-e1-dock-6,0a2390072c55,4,4,5,5,0,5,10.56,0,22,2,0,0,0,109.93
pcb-e1-dock-preroute.kicad_pcb,pcb-e1-dock-6,0a2390072c55,4,5,9,0,0,0,0,0,21,2,0,0,4,44.73
pcb-e1-dock-preroute.kicad_pcb,pcb-e1-dock-6,0a2390072c55,4,6,1,0,0,1,4.65,0,3,2,0,0,0,9.34
pcb-e1-dock-preroute.kicad_pcb,pcb-e1-dock-6,0a2390072c55,5,0,0,0,0,0,0,0,7,2,0,0,1,0
pcb-e1-dock-preroute.kicad_pcb,pcb-e1-dock-6,0a2390072c55,5,4,6,5,0,6,12.86,0,24,2,1,0,0,109.81
pcb-e1-dock-preroute.kicad_pcb,pcb-e1-dock-6,0a2390072c55,5,5,10,0,0,0,0,0,23,2,1,0,3,34.93
pcb-e1-dock-preroute.kicad_pcb,pcb-e1-dock-6,0a2390072c55,5,6,1,0,0,1,4.65,0,2,2,0,0,0,0
pcb-e1-dock-preroute.kicad_pcb,pcb-e1-dock-6,0a2390072c55,6,1,0,0,0,0,0,0,11,2,0,0,0,53.28
pcb-e1-dock-preroute.kicad_pcb,pcb-e1-dock-6,0a2390072c55,6,2,0,0,0,3,0,0,13,2,0,0,0,13.25
pcb-e1-dock-preroute.kicad_pcb,pcb-e1-dock-6,0a2390072c55,6,3,6,0,0,1,14.67,0,17,2,0,0,0,34.89
pcb-e1-dock-preroute.kicad_pcb,pcb-e1-dock-6,0a2390072c55,6,4,1,0,0,1,2.3,0,24,2,0,0,0,32.04
pcb-e1-dock-preroute.kicad_pcb,pcb-e1-dock-6,0a2390072c55,6,5,8,0,0,2,4.0,0,22,2,0,0,2,76.22
pcb-e1-dock-preroute.kicad_pcb,pcb-e1-dock-6,0a2390072c55,6,6,1,0,0,0,0,0,3,2,0,0,0,5.64
pcb-e1-dock-preroute.kicad_pcb,pcb-e1-dock-6,0a2390072c55,7,2,0,0,0,3,0,0,14,2,0,0,0,70.93
pcb-e1-dock-preroute.kicad_pcb,pcb-e1-dock-6,0a2390072c55,7,3,6,0,0,1,6.6,0,20,2,0,0,3,124.23
pcb-e1-dock-preroute.kicad_pcb,pcb-e1-dock-6,0a2390072c55,7,4,10,0,0,6,6.84,0,28,2,0,0,2,19.73
pcb-e1-dock-preroute.kicad_pcb,pcb-e1-dock-6,0a2390072c55,7,5,4,0,0,0,0,0,25,2,0,0,2,75.54
pcb-e1-dock-preroute.kicad_pcb,pcb-e1-dock-6,0a2390072c55,7,6,1,0,0,0,0,0,6,2,0,0,1,9.88
pcb-e1-dock-preroute.kicad_pcb,pcb-e1-dock-6,0a2390072c55,8,1,1,0,0,0,0,0,11,2,0,0,0,0
pcb-e1-dock-preroute.kicad_pcb,pcb-e1-dock-6,0a2390072c55,8,3,1,0,0,0,0,0,20,2,0,0,2,52.24
pcb-e1-dock-preroute.kicad_pcb,pcb-e1-dock-6,0a2390072c55,8,4,10,6,0,5,10.17,0,28,2,0,0,2,64.45
pcb-e1-dock-preroute.kicad_pcb,pcb-e1-dock-6,0a2390072c55,8,5,3,0,0,0,0,0,26,2,0,0,3,88.06
pcb-e1-dock-preroute.kicad_pcb,pcb-e1-dock-6,0a2390072c55,8,6,2,0,0,0,0,0,7,2,0,0,0,32.25
pcb-e1-dock-preroute.kicad_pcb,pcb-e1-dock-6,0a2390072c55,9,1,1,0,0,0,0,0,11,3,0,0,0,0
pcb-e1-dock-preroute.kicad_pcb,pcb-e1-dock-6,0a2390072c55,9,2,0,0,0,0,0,0,14,3,0,0,0,8.0
pcb-e1-dock-preroute.kicad_pcb,pcb-e1-dock-6,0a2390072c55,9,3,1,0,0,0,0,0,20,2,0,0,0,21.72
pcb-e1-dock-preroute.kicad_pcb,pcb-e1-dock-6,0a2390072c55,9,4,1,0,0,3,0,0,28,2,0,0,2,51.3
pcb-e1-dock-preroute.kicad_pcb,pcb-e1-dock-6,0a2390072c55,9,5,5,0,0,0,0,0,26,2,0,0,2,39.28
pcb-e1-dock-preroute.kicad_pcb,pcb-e1-dock-6,0a2390072c55,9,6,2,0,0,0,0,0,7,2,0,0,1,5.9
pcb-e1-dock-preroute.kicad_pcb,pcb-e1-dock-6,0a2390072c55,10,3,0,0,0,0,0,0,20,2,0,0,0,258.58
pcb-e1-dock-preroute.kicad_pcb,pcb-e1-dock-6,0a2390072c55,10,4,3,0,0,1,2.9,0,26,2,0,0,0,46.49
pcb-e1-dock-preroute.kicad_pcb,pcb-e1-dock-6,0a2390072c55,10,5,5,0,0,3,2.25,0,24,2,0,0,1,77.37
pcb-e1-dock-preroute.kicad_pcb,pcb-e1-dock-6,0a2390072c55,10,6,2,0,0,0,0,0,6,2,0,0,0,13.76
pcb-e1-dock-preroute.kicad_pcb,pcb-e1-dock-6,0a2390072c55,11,1,1,0,0,0,0,0,11,4,0,0,0,0
pcb-e1-dock-preroute.kicad_pcb,pcb-e1-dock-6,0a2390072c55,11,3,1,0,0,0,0,0,20,2,0,0,0,0
pcb-e1-dock-preroute.kicad_pcb,pcb-e1-dock-6,0a2390072c55,11,4,2,0,0,0,2.9,0,23,2,0,0,0,48.43
pcb-e1-dock-preroute.kicad_pcb,pcb-e1-dock-6,0a2390072c55,11,5,5,0,0,2,6.53,0,21,2,0,0,3,177.84
pcb-e1-dock-preroute.kicad_pcb,pcb-e1-dock-6,0a2390072c55,11,6,0,0,0,0,0,0,5,2,0,0,1,150.01
pcb-e1-dock-preroute.kicad_pcb,pcb-e1-dock-6,0a2390072c55,12,1,1,0,0,0,0,0,11,3,0,0,0,0
pcb-e1-dock-preroute.kicad_pcb,pcb-e1-dock-6,0a2390072c55,12,2,0,0,0,0,0,0,14,3,0,0,0,93.4
pcb-e1-dock-preroute.kicad_pcb,pcb-e1-dock-6,0a2390072c55,12,3,1,0,0,0,0,0,21,2,0,0,0,0
pcb-e1-dock-preroute.kicad_pcb,pcb-e1-dock-6,0a2390072c55,12,4,2,0,0,3,4.7,0,23,2,0,0,0,27.99
pcb-e1-dock-preroute.kicad_pcb,pcb-e1-dock-6,0a2390072c55,12,5,2,0,0,3,3.1,0,20,2,0,0,0,36.95
pcb-e1-dock-preroute.kicad_pcb,pcb-e1-dock-6,0a2390072c55,12,6,2,0,0,0,0,0,6,2,0,0,0,12.84
pcb-e1-dock-preroute.kicad_pcb,pcb-e1-dock-6,0a2390072c55,13,1,1,0,0,0,0,0,11,4,0,0,0,0
pcb-e1-dock-preroute.kicad_pcb,pcb-e1-dock-6,0a2390072c55,13,2,0,0,0,0,0,0,14,4,0,0,0,141.3
pcb-e1-dock-preroute.kicad_pcb,pcb-e1-dock-6,0a2390072c55,13,3,1,0,0,0,0,0,21,2,0,0,0,0
pcb-e1-dock-preroute.kicad_pcb,pcb-e1-dock-6,0a2390072c55,13,4,5,0,0,5,10.2,0,23,2,0,0,0,10.46
pcb-e1-dock-preroute.kicad_pcb,pcb-e1-dock-6,0a2390072c55,13,5,1,0,0,1,1.4,0,20,2,0,0,0,6.48
pcb-e1-dock-preroute.kicad_pcb,pcb-e1-dock-6,0a2390072c55,13,6,2,0,0,0,0,0,6,2,0,0,1,17.03
pcb-e1-dock-preroute.kicad_pcb,pcb-e1-dock-6,0a2390072c55,14,3,2,0,0,2,4.69,0,22,2,0,0,0,10.34
pcb-e1-dock-preroute.kicad_pcb,pcb-e1-dock-6,0a2390072c55,14,4,5,0,0,9,7.65,0,26,2,0,0,0,24.71
pcb-e1-dock-preroute.kicad_pcb,pcb-e1-dock-6,0a2390072c55,14,5,2,0,0,0,0,0,23,2,0,0,0,55.95
pcb-e1-dock-preroute.kicad_pcb,pcb-e1-dock-6,0a2390072c55,14,6,2,0,0,0,0,0,5,2,0,0,0,13.09
pcb-e1-dock-preroute.kicad_pcb,pcb-e1-dock-6,0a2390072c55,15,1,1,0,0,0,0,0,11,3,0,0,0,0
pcb-e1-dock-preroute.kicad_pcb,pcb-e1-dock-6,0a2390072c55,15,3,7,0,0,4,0,0,22,2,0,0,2,52.69
pcb-e1-dock-preroute.kicad_pcb,pcb-e1-dock-6,0a2390072c55,15,4,18,0,0,9,4.3,0,31,2,0,0,6,41.83
pcb-e1-dock-preroute.kicad_pcb,pcb-e1-dock-6,0a2390072c55,15,5,7,0,0,0,0,0,27,2,0,0,5,308.9
pcb-e1-dock-preroute.kicad_pcb,pcb-e1-dock-6,0a2390072c55,15,6,0,0,0,0,0,0,5,2,0,0,0,19.05
pcb-e1-dock-preroute.kicad_pcb,pcb-e1-dock-6,0a2390072c55,16,1,1,0,0,0,0,0,11,3,0,0,0,0
pcb-e1-dock-preroute.kicad_pcb,pcb-e1-dock-6,0a2390072c55,16,3,9,0,0,3,2.15,0,24,2,0,0,2,6.75
pcb-e1-dock-preroute.kicad_pcb,pcb-e1-dock-6,0a2390072c55,16,4,20,0,0,10,8.99,0,35,2,0,0,9,87.41
pcb-e1-dock-preroute.kicad_pcb,pcb-e1-dock-6,0a2390072c55,16,5,4,0,0,0,0,0,29,2,0,0,2,81.91
pcb-e1-dock-preroute.kicad_pcb,pcb-e1-dock-6,0a2390072c55,17,3,0,0,0,0,0,0,26,2,0,0,3,91.51
pcb-e1-dock-preroute.kicad_pcb,pcb-e1-dock-6,0a2390072c55,17,4,12,12,0,11,21.59,0,43,2,0,0,6,87.53
pcb-e1-dock-preroute.kicad_pcb,pcb-e1-dock-6,0a2390072c55,17,5,3,0,0,1,0,0,29,2,0,0,3,63.74
pcb-e1-dock-preroute.kicad_pcb,pcb-e1-dock-6,0a2390072c55,18,0,0,0,0,1,0,0,7,2,0,0,0,142.09
pcb-e1-dock-preroute.kicad_pcb,pcb-e1-dock-6,0a2390072c55,18,1,1,0,0,0,0,0,11,3,0,0,1,37.53
pcb-e1-dock-preroute.kicad_pcb,pcb-e1-dock-6,0a2390072c55,18,2,0,0,0,1,0,0,14,3,0,0,1,56.06
pcb-e1-dock-preroute.kicad_pcb,pcb-e1-dock-6,0a2390072c55,18,3,1,0,0,0,0,0,26,2,0,0,1,41.62
pcb-e1-dock-preroute.kicad_pcb,pcb-e1-dock-6,0a2390072c55,18,4,37,33,1,15,32.8,0,42,2,0,0,7,111.93
pcb-e1-dock-preroute.kicad_pcb,pcb-e1-dock-6,0a2390072c55,18,5,1,0,0,6,6.84,0,27,2,0,0,2,178.35
pcb-e1-dock-preroute.kicad_pcb,pcb-e1-dock-6,0a2390072c55,19,0,20,14,0,12,25.06,0,9,2,0,0,1,210.34
pcb-e1-dock-preroute.kicad_pcb,pcb-e1-dock-6,0a2390072c55,19,1,12,0,0,3,3.16,0,13,2,0,0,2,239.08
pcb-e1-dock-preroute.kicad_pcb,pcb-e1-dock-6,0a2390072c55,19,2,8,0,0,3,4.5,0,16,2,0,0,0,22.01
pcb-e1-dock-preroute.kicad_pcb,pcb-e1-dock-6,0a2390072c55,19,3,6,0,0,3,3.8,0,28,2,0,0,2,56.55
pcb-e1-dock-preroute.kicad_pcb,pcb-e1-dock-6,0a2390072c55,19,4,18,0,0,8,11.25,0,36,2,0,0,5,104.43
pcb-e1-dock-preroute.kicad_pcb,pcb-e1-dock-6,0a2390072c55,19,5,0,0,0,0,0,0,24,2,0,0,2,26.37
pcb-e1-dock-preroute.kicad_pcb,pcb-e1-dock-6,0a2390072c55,19,6,0,0,0,0,0,0,6,2,0,0,0,62.94
pcb-e1-dock-preroute.kicad_pcb,pcb-e1-dock-6,0a2390072c55,20,1,1,0,0,0,0,0,11,3,0,0,1,16.67
pcb-e1-dock-preroute.kicad_pcb,pcb-e1-dock-6,0a2390072c55,20,3,6,0,0,4,7.24,0,24,2,0,0,0,142.56
pcb-e1-dock-preroute.kicad_pcb,pcb-e1-dock-6,0a2390072c55,20,4,2,0,0,4,3.38,0,26,2,0,0,1,41.91
pcb-e1-dock-preroute.kicad_pcb,pcb-e1-dock-6,0a2390072c55,20,5,2,0,0,1,2.65,0,22,2,0,0,0,14.8
pcb-e1-dock-preroute.kicad_pcb,pcb-e1-dock-6,0a2390072c55,20,6,2,0,0,1,3.1,0,5,2,0,0,0,64.68
pcb-e1-dock-preroute.kicad_pcb,pcb-e1-dock-6,0a2390072c55,21,2,0,0,0,0,0,0,15,4,0,0,2,173.48
pcb-e1-dock-preroute.kicad_pcb,pcb-e1-dock-6,0a2390072c55,21,3,10,3,0,6,5.09,0,24,2,0,0,3,181.21
pcb-e1-dock-preroute.kicad_pcb,pcb-e1-dock-6,0a2390072c55,21,4,4,0,0,3,2.65,0,26,2,0,0,3,47.27
pcb-e1-dock-preroute.kicad_pcb,pcb-e1-dock-6,0a2390072c55,21,5,2,0,0,2,4.2,0,22,2,0,0,1,33.69
pcb-e1-dock-preroute.kicad_pcb,pcb-e1-dock-6,0a2390072c55,21,6,3,0,0,3,2.52,0,6,2,0,0,2,25.94
pcb-e1-dock-preroute.kicad_pcb,pcb-e1-dock-6,0a2390072c55,22,1,1,0,0,0,0,0,11,3,0,0,0,0
pcb-e1-dock-preroute.kicad_pcb,pcb-e1-dock-6,0a2390072c55,22,3,4,3,0,3,5.09,0,23,2,0,0,3,361.09
pcb-e1-dock-preroute.kicad_pcb,pcb-e1-dock-6,0a2390072c55,22,4,0,0,0,0,0,0,25,2,0,0,1,90.46
pcb-e1-dock-preroute.kicad_pcb,pcb-e1-dock-6,0a2390072c55,22,5,1,0,0,1,1.55,0,21,2,0,0,2,37.25
pcb-e1-dock-preroute.kicad_pcb,pcb-e1-dock-6,0a2390072c55,22,6,3,0,0,1,2.52,0,5,2,0,0,1,159.98
pcb-e1-dock-preroute.kicad_pcb,pcb-e1-dock-6,0a2390072c55,23,1,1,0,0,0,0,0,11,3,0,0,0,0
pcb-e1-dock-preroute.kicad_pcb,pcb-e1-dock-6,0a2390072c55,23,2,0,0,0,0,0,0,14,3,0,0,1,48.64
pcb-e1-dock-preroute.kicad_pcb,pcb-e1-dock-6,0a2390072c55,23,3,1,0,0,0,0,0,29,2,0,0,1,16.6
pcb-e1-dock-preroute.kicad_pcb,pcb-e1-dock-6,0a2390072c55,23,4,37,37,0,28,28.82,0,37,2,0,0,8,151.53
pcb-e1-dock-preroute.kicad_pcb,pcb-e1-dock-6,0a2390072c55,23,5,24,24,0,17,21.41,0,25,2,0,0,2,167.87
pcb-e1-dock-preroute.kicad_pcb,pcb-e1-dock-6,0a2390072c55,23,6,1,0,0,1,0,0,3,2,0,0,0,74.39
pcb-e1-dock-preroute.kicad_pcb,pcb-e1-dock-6,0a2390072c55,24,3,12,10,0,9,17.49,0,18,2,0,0,1,220.03
pcb-e1-dock-preroute.kicad_pcb,pcb-e1-dock-6,0a2390072c55,24,4,14,0,0,6,3.38,20.11,25,2,0,0,4,115.24
pcb-e1-dock-preroute.kicad_pcb,pcb-e1-dock-6,0a2390072c55,24,5,5,0,0,2,1.12,0,14,2,0,0,3,50.9
pcb-e1-dock-preroute.kicad_pcb,pcb-e1-dock-6,0a2390072c55,25,1,1,0,0,0,0,0,5,3,0,0,0,0
pcb-e1-dock-preroute.kicad_pcb,pcb-e1-dock-6,0a2390072c55,25,2,1,0,0,0,0,0,5,4,0,0,0,0
pcb-e1-dock-preroute.kicad_pcb,pcb-e1-dock-6,0a2390072c55,25,3,5,0,0,2,2.5,0,11,3,0,0,1,44.9
pcb-e1-dock-preroute.kicad_pcb,pcb-e1-dock-6,0a2390072c55,25,4,15,0,0,4,7.88,0,14,2,0,0,6,96.03
pcb-e1-dock-preroute.kicad_pcb,pcb-e1-dock-6,0a2390072c55,25,5,5,0,0,1,0,0,10,2,0,0,2,42.75
pcb-e1-dock-preroute.kicad_pcb,pcb-e1-dock-6,0a2390072c55,26,3,2,0,0,0,0,0,6,3,0,0,2,13.34
pcb-e1-dock-preroute.kicad_pcb,pcb-e1-dock-6,0a2390072c55,26,4,6,0,0,4,2.25,0,8,2,0,0,1,57.9
pcb-e1-dock-preroute.kicad_pcb,pcb-e1-dock-6,0a2390072c55,26,5,2,0,0,0,0,0,6,2,0,0,1,6.65
pcb-e1-dock-preroute.kicad_pcb,pcb-e1-dock-7,21fe0e25a1a3,0,0,3,0,0,0,0,0,6,2,0,0,0,29.85
pcb-e1-dock-preroute.kicad_pcb,pcb-e1-dock-7,21fe0e25a1a3,0,1,4,0,0,0,0,0,10,2,0,0,0,13.33
pcb-e1-dock-preroute.kicad_pcb,pcb-e1-dock-7,21fe0e25a1a3,0,2,3,0,0,1,1.9,0,11,2,0,0,0,4.48
pcb-e1-dock-preroute.kicad_pcb,pcb-e1-dock-7,21fe0e25a1a3,0,3,3,0,0,0,0,0,13,2,0,0,0,216.07
pcb-e1-dock-preroute.kicad_pcb,pcb-e1-dock-7,21fe0e25a1a3,0,4,8,6,0,5,15.12,0,14,2,0,0,0,30.04
pcb-e1-dock-preroute.kicad_pcb,pcb-e1-dock-7,21fe0e25a1a3,0,5,9,0,0,4,3.39,0,14,2,0,0,3,66.91
pcb-e1-dock-preroute.kicad_pcb,pcb-e1-dock-7,21fe0e25a1a3,0,6,1,0,0,0,0,0,2,2,0,0,0,0
pcb-e1-dock-preroute.kicad_pcb,pcb-e1-dock-7,21fe0e25a1a3,1,0,6,0,0,0,0,0,10,2,0,0,1,198.97
pcb-e1-dock-preroute.kicad_pcb,pcb-e1-dock-7,21fe0e25a1a3,1,1,7,0,0,0,0,0,14,2,0,0,0,63.73
pcb-e1-dock-preroute.kicad_pcb,pcb-e1-dock-7,21fe0e25a1a3,1,2,5,0,0,1,1.9,0,17,2,0,0,2,85.93
pcb-e1-dock-preroute.kicad_pcb,pcb-e1-dock-7,21fe0e25a1a3,1,3,5,0,0,0,0,0,17,2,0,0,3,88.15
pcb-e1-dock-preroute.kicad_pcb,pcb-e1-dock-7,21fe0e25a1a3,1,4,6,0,0,3,10.6,0,18,2,0,0,0,30.79
pcb-e1-dock-preroute.kicad_pcb,pcb-e1-dock-7,21fe0e25a1a3,1,5,7,0,0,6,3.65,0,18,2,0,0,2,38.78
pcb-e1-dock-preroute.kicad_pcb,pcb-e1-dock-7,21fe0e25a1a3,1,6,1,0,0,0,0,0,3,2,0,0,0,7.74
pcb-e1-dock-preroute.kicad_pcb,pcb-e1-dock-7,21fe0e25a1a3,2,0,0,0,0,0,0,0,10,2,0,0,0,328.83
pcb-e1-dock-preroute.kicad_pcb,pcb-e1-dock-7,21fe0e25a1a3,2,1,3,0,0,0,0,0,14,2,0,0,0,42.1
pcb-e1-dock-preroute.kicad_pcb,pcb-e1-dock-7,21fe0e25a1a3,2,2,6,0,0,1,2.77,0,17,2,0,0,3,165.29
pcb-e1-dock-preroute.kicad_pcb,pcb-e1-dock-7,21fe0e25a1a3,2,3,4,0,0,1,0,0,17,2,0,0,3,51.24
pcb-e1-dock-preroute.kicad_pcb,pcb-e1-dock-7,21fe0e25a1a3,2,4,4,0,0,0,2.0,0,18,2,0,0,1,26.72
pcb-e1-dock-preroute.kicad_pcb,pcb-e1-dock-7,21fe0e25a1a3,2,5,4,0,0,2,1.12,0,17,2,0,0,0,21.3
pcb-e1-dock-preroute.kicad_pcb,pcb-e1-dock-7,21fe0e25a1a3,2,6,2,0,0,0,0,0,3,2,0,0,0,4.81
pcb-e1-dock-preroute.kicad_pcb,pcb-e1-dock-7,21fe0e25a1a3,3,1,0,0,0,0,0,0,11,2,0,0,0,149.94
pcb-e1-dock-preroute.kicad_pcb,pcb-e1-dock-7,21fe0e25a1a3,3,2,1,0,0,0,0,0,12,3,0,0,0,5.2
pcb-e1-dock-preroute.kicad_pcb,pcb-e1-dock-7,21fe0e25a1a3,3,6,2,0,0,0,0,0,2,2,0,0,0,21.59
pcb-e1-dock-preroute.kicad_pcb,pcb-e1-dock-7,21fe0e25a1a3,4,1,1,0,0,0,0,0,11,2,0,0,0,0
pcb-e1-dock-preroute.kicad_pcb,pcb-e1-dock-7,21fe0e25a1a3,4,3,1,0,0,0,0,0,14,3,0,0,0,33.72
pcb-e1-dock-preroute.kicad_pcb,pcb-e1-dock-7,21fe0e25a1a3,4,4,5,5,0,5,10.56,0,22,2,1,0,1,57.18
pcb-e1-dock-preroute.kicad_pcb,pcb-e1-dock-7,21fe0e25a1a3,4,5,8,0,0,0,0,0,21,2,0,0,4,130.37
pcb-e1-dock-preroute.kicad_pcb,pcb-e1-dock-7,21fe0e25a1a3,4,6,1,0,0,1,4.65,0,3,2,0,0,0,10.43
pcb-e1-dock-preroute.kicad_pcb,pcb-e1-dock-7,21fe0e25a1a3,5,3,0,0,0,0,0,0,13,2,0,0,1,0.25
pcb-e1-dock-preroute.kicad_pcb,pcb-e1-dock-7,21fe0e25a1a3,5,4,6,5,0,6,12.86,0,24,2,0,0,0,45.69
pcb-e1-dock-preroute.kicad_pcb,pcb-e1-dock-7,21fe0e25a1a3,5,5,11,0,0,0,0,0,23,2,0,0,4,44.34
pcb-e1-dock-preroute.kicad_pcb,pcb-e1-dock-7,21fe0e25a1a3,5,6,1,0,0,1,4.65,0,2,2,0,0,0,0
pcb-e1-dock-preroute.kicad_pcb,pcb-e1-dock-7,21fe0e25a1a3,6,2,0,0,0,3,0,0,13,2,0,0,0,58.4
pcb-e1-dock-preroute.kicad_pcb,pcb-e1-dock-7,21fe0e25a1a3,6,3,6,0,0,1,14.67,0,17,2,0,0,1,32.78
pcb-e1-dock-preroute.kicad_pcb,pcb-e1-dock-7,21fe0e25a1a3,6,4,1,0,0,1,2.3,0,24,2,0,0,0,10.93
pcb-e1-dock-preroute.kicad_pcb,pcb-e1-dock-7,21fe0e25a1a3,6,5,8,0,0,2,4.0,0,22,2,0,0,2,183.28
pcb-e1-dock-preroute.kicad_pcb,pcb-e1-dock-7,21fe0e25a1a3,6,6,1,0,0,0,0,0,3,2,0,0,1,4.44
pcb-e1-dock-preroute.kicad_pcb,pcb-e1-dock-7,21fe0e25a1a3,7,2,0,0,0,3,0,0,14,2,0,0,0,48.45
pcb-e1-dock-preroute.kicad_pcb,pcb-e1-dock-7,21fe0e25a1a3,7,3,6,0,0,1,6.6,0,20,2,0,0,0,193.31
pcb-e1-dock-preroute.kicad_pcb,pcb-e1-dock-7,21fe0e25a1a3,7,4,7,0,0,6,6.84,0,28,2,0,0,3,62.36
pcb-e1-dock-preroute.kicad_pcb,pcb-e1-dock-7,21fe0e25a1a3,7,5,4,0,0,0,0,0,25,2,0,0,1,47.68
pcb-e1-dock-preroute.kicad_pcb,pcb-e1-dock-7,21fe0e25a1a3,7,6,1,0,0,0,0,0,6,2,0,0,1,40.45
pcb-e1-dock-preroute.kicad_pcb,pcb-e1-dock-7,21fe0e25a1a3,8,1,1,0,0,0,0,0,11,2,0,0,0,0
pcb-e1-dock-preroute.kicad_pcb,pcb-e1-dock-7,21fe0e25a1a3,8,2,0,0,0,0,0,0,14,2,0,0,1,130.39
pcb-e1-dock-preroute.kicad_pcb,pcb-e1-dock-7,21fe0e25a1a3,8,3,1,0,0,0,0,0,20,2,0,0,0,57.41
pcb-e1-dock-preroute.kicad_pcb,pcb-e1-dock-7,21fe0e25a1a3,8,4,13,6,0,5,10.17,0,28,2,0,0,3,34.51
pcb-e1-dock-preroute.kicad_pcb,pcb-e1-dock-7,21fe0e25a1a3,8,5,3,0,0,0,0,0,26,2,0,0,3,46.34
pcb-e1-dock-preroute.kicad_pcb,pcb-e1-dock-7,21fe0e25a1a3,8,6,2,0,0,0,0,0,7,2,0,0,0,25.39
pcb-e1-dock-preroute.kicad_pcb,pcb-e1-dock-7,21fe0e25a1a3,9,1,1,0,0,0,0,0,11,3,0,0,0,0
pcb-e1-dock-preroute.kicad_pcb,pcb-e1-dock-7,21fe0e25a1a3,9,3,1,0,0,0,0,0,20,2,0,0,0,179.87
pcb-e1-dock-preroute.kicad_pcb,pcb-e1-dock-7,21fe0e25a1a3,9,4,1,0,0,3,0,0,28,2,0,0,3,42.42
pcb-e1-dock-preroute.kicad_pcb,pcb-e1-dock-7,21fe0e25a1a3,9,5,4,0,0,0,0,0,26,2,0,0,1,54.72
pcb-e1-dock-preroute.kicad_pcb,pcb-e1-dock-7,21fe0e25a1a3,9,6,2,0,0,0,0,0,7,2,0,0,0,5.9
pcb-e1-dock-preroute.kicad_pcb,pcb-e1-dock-7,21fe0e25a1a3,10,4,3,0,0,1,2.9,0,26,2,0,0,0,71.8
pcb-e1-dock-preroute.kicad_pcb,pcb-e1-dock-7,21fe0e25a1a3,10,5,6,0,0,3,2.25,0,24,2,0,0,2,101.16
pcb-e1-dock-preroute.kicad_pcb,pcb-e1-dock-7,21fe0e25a1a3,10,6,2,0,0,0,0,0,6,2,0,0,0,3.4
pcb-e1-dock-preroute.kicad_pcb,pcb-e1-dock-7,21fe0e25a1a3,11,1,1,0,0,0,0,0,11,4,0,0,0,0
pcb-e1-dock-preroute.kicad_pcb,pcb-e1-dock-7,21fe0e25a1a3,11,3,1,0,0,0,0,0,20,2,0,0,0,0
pcb-e1-dock-preroute.kicad_pcb,pcb-e1-dock-7,21fe0e25a1a3,11,4,2,0,0,1,2.9,0,23,2,0,0,0,10.66
pcb-e1-dock-preroute.kicad_pcb,pcb-e1-dock-7,21fe0e25a1a3,11,5,5,0,0,2,6.53,0,21,2,0,0,0,9.43
pcb-e1-dock-preroute.kicad_pcb,pcb-e1-dock-7,21fe0e25a1a3,11,6,0,0,0,0,0,0,5,2,0,0,0,18.67
pcb-e1-dock-preroute.kicad_pcb,pcb-e1-dock-7,21fe0e25a1a3,12,1,1,0,0,0,0,0,11,3,0,0,0,0
pcb-e1-dock-preroute.kicad_pcb,pcb-e1-dock-7,21fe0e25a1a3,12,3,1,0,0,0,0,0,21,2,0,0,0,0
pcb-e1-dock-preroute.kicad_pcb,pcb-e1-dock-7,21fe0e25a1a3,12,4,2,0,0,2,4.7,0,23,2,0,0,0,36.69
pcb-e1-dock-preroute.kicad_pcb,pcb-e1-dock-7,21fe0e25a1a3,12,5,2,0,0,3,3.1,0,20,2,0,0,0,26.6
pcb-e1-dock-preroute.kicad_pcb,pcb-e1-dock-7,21fe0e25a1a3,12,6,2,0,0,0,0,0,6,2,0,0,0,12.83
pcb-e1-dock-preroute.kicad_pcb,pcb-e1-dock-7,21fe0e25a1a3,13,1,1,0,0,0,0,0,11,4,0,0,0,0
pcb-e1-dock-preroute.kicad_pcb,pcb-e1-dock-7,21fe0e25a1a3,13,2,0,0,0,0,0,0,14,4,0,0,0,124.93
pcb-e1-dock-preroute.kicad_pcb,pcb-e1-dock-7,21fe0e25a1a3,13,3,1,0,0,0,0,0,21,2,0,0,0,129.78
pcb-e1-dock-preroute.kicad_pcb,pcb-e1-dock-7,21fe0e25a1a3,13,4,5,0,0,5,10.2,0,23,2,0,0,0,14.09
pcb-e1-dock-preroute.kicad_pcb,pcb-e1-dock-7,21fe0e25a1a3,13,5,1,0,0,1,1.4,0,20,2,0,0,0,6.42
pcb-e1-dock-preroute.kicad_pcb,pcb-e1-dock-7,21fe0e25a1a3,13,6,2,0,0,0,0,0,6,2,0,0,0,4.48
pcb-e1-dock-preroute.kicad_pcb,pcb-e1-dock-7,21fe0e25a1a3,14,1,0,0,0,0,0,0,11,4,0,0,1,0.11
pcb-e1-dock-preroute.kicad_pcb,pcb-e1-dock-7,21fe0e25a1a3,14,3,3,0,0,3,6.11,0,22,2,0,0,0,32.82
pcb-e1-dock-preroute.kicad_pcb,pcb-e1-dock-7,21fe0e25a1a3,14,4,8,0,0,8,10.53,0,28,2,0,0,0,25.75
pcb-e1-dock-preroute.kicad_pcb,pcb-e1-dock-7,21fe0e25a1a3,14,5,3,0,0,0,0,0,24,2,0,0,0,16.28
pcb-e1-dock-preroute.kicad_pcb,pcb-e1-dock-7,21fe0e25a1a3,14,6,2,0,0,0,0,0,5,2,0,0,0,12.93
pcb-e1-dock-preroute.kicad_pcb,pcb-e1-dock-7,21fe0e25a1a3,15,0,0,0,0,0,0,0,7,2,0,0,0,22.6
pcb-e1-dock-preroute.kicad_pcb,pcb-e1-dock-7,21fe0e25a1a3,15,1,1,0,0,0,0,0,11,3,0,0,0,0
pcb-e1-dock-preroute.kicad_pcb,pcb-e1-dock-7,21fe0e25a1a3,15,3,10,0,0,8,0,0,22,2,0,0,5,33.5
pcb-e1-dock-preroute.kicad_pcb,pcb-e1-dock-7,21fe0e25a1a3,15,4,11,0,0,7,0,0,31,2,0,0,5,74.22
pcb-e1-dock-preroute.kicad_pcb,pcb-e1-dock-7,21fe0e25a1a3,15,5,6,0,0,0,0,0,27,2,0,0,5,49.98
pcb-e1-dock-preroute.kicad_pcb,pcb-e1-dock-7,21fe0e25a1a3,16,0,0,0,0,0,0,0,7,2,0,0,1,182.69
pcb-e1-dock-preroute.kicad_pcb,pcb-e1-dock-7,21fe0e25a1a3,16,1,1,0,0,0,0,0,11,3,0,0,0,0
pcb-e1-dock-preroute.kicad_pcb,pcb-e1-dock-7,21fe0e25a1a3,16,3,11,0,0,4,3.58,0,24,2,0,0,4,9.85
pcb-e1-dock-preroute.kicad_pcb,pcb-e1-dock-7,21fe0e25a1a3,16,4,18,0,0,7,7.56,0,35,2,0,0,7,65.08
pcb-e1-dock-preroute.kicad_pcb,pcb-e1-dock-7,21fe0e25a1a3,16,5,4,0,0,0,0,0,29,2,0,0,2,43.39
pcb-e1-dock-preroute.kicad_pcb,pcb-e1-dock-7,21fe0e25a1a3,17,0,0,0,0,0,0,0,7,2,0,0,1,15.98
pcb-e1-dock-preroute.kicad_pcb,pcb-e1-dock-7,21fe0e25a1a3,17,3,0,0,0,0,0,0,27,2,0,0,0,5.84
pcb-e1-dock-preroute.kicad_pcb,pcb-e1-dock-7,21fe0e25a1a3,17,4,12,12,0,11,21.59,0,43,2,0,0,6,99.46
pcb-e1-dock-preroute.kicad_pcb,pcb-e1-dock-7,21fe0e25a1a3,17,5,3,0,0,1,0,0,29,2,0,0,4,195.83
pcb-e1-dock-preroute.kicad_pcb,pcb-e1-dock-7,21fe0e25a1a3,17,6,0,0,0,0,0,0,6,2,0,0,0,24.08
pcb-e1-dock-preroute.kicad_pcb,pcb-e1-dock-7,21fe0e25a1a3,18,0,0,0,0,1,0,0,7,2,0,0,2,206.75
pcb-e1-dock-preroute.kicad_pcb,pcb-e1-dock-7,21fe0e25a1a3,18,1,1,0,0,0,0,0,11,3,0,0,2,111.4
pcb-e1-dock-preroute.kicad_pcb,pcb-e1-dock-7,21fe0e25a1a3,18,2,1,0,0,1,0,0,14,3,0,0,0,126.08
pcb-e1-dock-preroute.kicad_pcb,pcb-e1-dock-7,21fe0e25a1a3,18,3,2,0,0,0,0,0,27,2,0,0,2,70.54
pcb-e1-dock-preroute.kicad_pcb,pcb-e1-dock-7,21fe0e25a1a3,18,4,35,33,1,15,32.8,0,42,2,0,0,9,114.64
pcb-e1-dock-preroute.kicad_pcb,pcb-e1-dock-7,21fe0e25a1a3,18,5,1,0,0,6,6.84,0,27,2,0,0,5,198.99
pcb-e1-dock-preroute.kicad_pcb,pcb-e1-dock-7,21fe0e25a1a3,19,0,20,14,0,12,25.06,0,9,2,0,0,3,101.34
pcb-e1-dock-preroute.kicad_pcb,pcb-e1-dock-7,21fe0e25a1a3,19,1,12,0,0,3,3.16,0,13,2,0,0,1,81.64
pcb-e1-dock-preroute.kicad_pcb,pcb-e1-dock-7,21fe0e25a1a3,19,2,7,0,0,3,4.5,0,16,2,0,0,0,38.29
pcb-e1-dock-preroute.kicad_pcb,pcb-e1-dock-7,21fe0e25a1a3,19,3,8,0,0,2,4.92,0,28,2,0,0,1,31.42
pcb-e1-dock-preroute.kicad_pcb,pcb-e1-dock-7,21fe0e25a1a3,19,4,17,0,0,9,10.12,0,35,2,0,0,3,70.72
pcb-e1-dock-preroute.kicad_pcb,pcb-e1-dock-7,21fe0e25a1a3,19,5,0,0,0,0,0,0,23,2,0,0,1,30.96
pcb-e1-dock-preroute.kicad_pcb,pcb-e1-dock-7,21fe0e25a1a3,19,6,0,0,0,0,0,0,6,2,0,0,0,78.78
pcb-e1-dock-preroute.kicad_pcb,pcb-e1-dock-7,21fe0e25a1a3,20,1,1,0,0,0,0,0,11,3,0,0,0,110.89
pcb-e1-dock-preroute.kicad_pcb,pcb-e1-dock-7,21fe0e25a1a3,20,2,0,0,0,0,0,0,15,3,0,0,1,15.71
pcb-e1-dock-preroute.kicad_pcb,pcb-e1-dock-7,21fe0e25a1a3,20,3,5,0,0,4,7.24,0,23,2,0,0,1,147.96
pcb-e1-dock-preroute.kicad_pcb,pcb-e1-dock-7,21fe0e25a1a3,20,4,3,0,0,4,3.38,0,26,2,0,0,1,37.36
pcb-e1-dock-preroute.kicad_pcb,pcb-e1-dock-7,21fe0e25a1a3,20,5,2,0,0,1,2.65,0,22,2,0,0,2,30.78
pcb-e1-dock-preroute.kicad_pcb,pcb-e1-dock-7,21fe0e25a1a3,20,6,2,0,0,2,3.1,0,5,2,0,0,0,28.54
pcb-e1-dock-preroute.kicad_pcb,pcb-e1-dock-7,21fe0e25a1a3,21,0,0,0,0,0,0,0,8,2,0,0,0,30.88
pcb-e1-dock-preroute.kicad_pcb,pcb-e1-dock-7,21fe0e25a1a3,21,2,0,0,0,0,0,0,15,4,0,0,1,43.69
pcb-e1-dock-preroute.kicad_pcb,pcb-e1-dock-7,21fe0e25a1a3,21,3,10,3,0,8,5.09,0,24,2,0,0,5,126.91
pcb-e1-dock-preroute.kicad_pcb,pcb-e1-dock-7,21fe0e25a1a3,21,4,4,0,0,1,2.65,0,26,2,0,0,2,47.27
pcb-e1-dock-preroute.kicad_pcb,pcb-e1-dock-7,21fe0e25a1a3,21,5,2,0,0,2,4.2,0,22,2,0,0,2,60.42
pcb-e1-dock-preroute.kicad_pcb,pcb-e1-dock-7,21fe0e25a1a3,21,6,3,0,0,2,2.52,0,6,2,0,0,2,45.33
pcb-e1-dock-preroute.kicad_pcb,pcb-e1-dock-7,21fe0e25a1a3,22,1,1,0,0,0,0,0,11,3,0,0,0,0
pcb-e1-dock-preroute.kicad_pcb,pcb-e1-dock-7,21fe0e25a1a3,22,2,0,0,0,0,0,0,15,3,0,0,1,168.27
pcb-e1-dock-preroute.kicad_pcb,pcb-e1-dock-7,21fe0e25a1a3,22,3,4,3,0,3,5.09,0,23,2,0,0,0,37.17
pcb-e1-dock-preroute.kicad_pcb,pcb-e1-dock-7,21fe0e25a1a3,22,4,0,0,0,0,0,0,25,2,0,0,8,125.53
pcb-e1-dock-preroute.kicad_pcb,pcb-e1-dock-7,21fe0e25a1a3,22,5,1,0,0,1,1.55,0,21,2,0,0,2,55.12
pcb-e1-dock-preroute.kicad_pcb,pcb-e1-dock-7,21fe0e25a1a3,22,6,3,0,0,1,2.52,0,5,2,0,0,0,23.69
pcb-e1-dock-preroute.kicad_pcb,pcb-e1-dock-7,21fe0e25a1a3,23,1,1,0,0,0,0,0,11,3,0,0,1,0
pcb-e1-dock-preroute.kicad_pcb,pcb-e1-dock-7,21fe0e25a1a3,23,2,0,0,0,0,0,0,14,3,0,0,0,27.38
pcb-e1-dock-preroute.kicad_pcb,pcb-e1-dock-7,21fe0e25a1a3,23,3,1,0,0,0,0,0,29,2,0,0,0,32.47
pcb-e1-dock-preroute.kicad_pcb,pcb-e1-dock-7,21fe0e25a1a3,23,4,37,37,0,28,28.82,0,37,2,0,0,9,122.43
pcb-e1-dock-preroute.kicad_pcb,pcb-e1-dock-7,21fe0e25a1a3,23,5,24,24,0,17,21.41,0,25,2,0,0,7,121.29
pcb-e1-dock-preroute.kicad_pcb,pcb-e1-dock-7,21fe0e25a1a3,23,6,1,0,0,1,0,0,3,2,0,0,0,0
pcb-e1-dock-preroute.kicad_pcb,pcb-e1-dock-7,21fe0e25a1a3,24,3,12,10,0,9,17.49,0,17,2,1,0,2,248.11
pcb-e1-dock-preroute.kicad_pcb,pcb-e1-dock-7,21fe0e25a1a3,24,4,14,0,0,6,3.38,25.33,24,2,0,0,5,173.53
pcb-e1-dock-preroute.kicad_pcb,pcb-e1-dock-7,21fe0e25a1a3,24,5,4,0,0,2,1.12,0,14,2,0,0,4,99.21
pcb-e1-dock-preroute.kicad_pcb,pcb-e1-dock-7,21fe0e25a1a3,25,1,1,0,0,0,0,0,6,3,0,0,0,0
pcb-e1-dock-preroute.kicad_pcb,pcb-e1-dock-7,21fe0e25a1a3,25,2,1,0,0,0,0,0,6,4,0,0,0,0
pcb-e1-dock-preroute.kicad_pcb,pcb-e1-dock-7,21fe0e25a1a3,25,3,5,0,0,2,2.5,0,12,3,0,0,3,12.72
pcb-e1-dock-preroute.kicad_pcb,pcb-e1-dock-7,21fe0e25a1a3,25,4,14,0,0,5,6.75,0,15,2,0,0,4,73.48
pcb-e1-dock-preroute.kicad_pcb,pcb-e1-dock-7,21fe0e25a1a3,25,5,6,0,0,0,0,0,11,2,0,0,1,64.97
pcb-e1-dock-preroute.kicad_pcb,pcb-e1-dock-7,21fe0e25a1a3,26,3,2,0,0,0,0,0,6,3,0,0,0,9.24
pcb-e1-dock-preroute.kicad_pcb,pcb-e1-dock-7,21fe0e25a1a3,26,4,7,0,0,4,3.38,0,8,2,0,0,1,30.85
pcb-e1-dock-preroute.kicad_pcb,pcb-e1-dock-7,21fe0e25a1a3,26,5,2,0,0,0,0,0,6,2,0,0,1,14.21
pcb-e1-dock-preroute.kicad_pcb,pcb-e1-dock-8,cb1f32619462,0,0,3,0,0,0,0,0,6,2,0,0,0,50.61
pcb-e1-dock-preroute.kicad_pcb,pcb-e1-dock-8,cb1f32619462,0,1,4,0,0,0,0,0,10,2,0,0,0,21.95
pcb-e1-dock-preroute.kicad_pcb,pcb-e1-dock-8,cb1f32619462,0,2,3,0,0,1,1.9,0,11,2,0,0,0,0.0
pcb-e1-dock-preroute.kicad_pcb,pcb-e1-dock-8,cb1f32619462,0,3,3,0,0,0,0,0,13,2,0,0,0,36.66
pcb-e1-dock-preroute.kicad_pcb,pcb-e1-dock-8,cb1f32619462,0,4,8,6,0,5,15.12,0,14,2,0,0,0,3.26
pcb-e1-dock-preroute.kicad_pcb,pcb-e1-dock-8,cb1f32619462,0,5,8,0,0,4,3.39,0,12,2,0,0,1,50.78
pcb-e1-dock-preroute.kicad_pcb,pcb-e1-dock-8,cb1f32619462,0,6,1,0,0,0,0,0,2,2,0,0,0,0
pcb-e1-dock-preroute.kicad_pcb,pcb-e1-dock-8,cb1f32619462,1,0,6,0,0,0,0,0,10,2,0,0,0,41.21
pcb-e1-dock-preroute.kicad_pcb,pcb-e1-dock-8,cb1f32619462,1,1,7,0,0,0,0,0,14,2,0,0,0,43.78
pcb-e1-dock-preroute.kicad_pcb,pcb-e1-dock-8,cb1f32619462,1,2,5,0,0,1,1.9,0,17,2,0,0,1,46.66
pcb-e1-dock-preroute.kicad_pcb,pcb-e1-dock-8,cb1f32619462,1,3,5,0,0,0,0,0,17,2,0,0,4,172.17
pcb-e1-dock-preroute.kicad_pcb,pcb-e1-dock-8,cb1f32619462,1,4,5,0,0,2,8.3,0,18,2,0,0,1,38.39
pcb-e1-dock-preroute.kicad_pcb,pcb-e1-dock-8,cb1f32619462,1,5,8,0,0,5,3.65,0,17,2,0,0,1,33.25
pcb-e1-dock-preroute.kicad_pcb,pcb-e1-dock-8,cb1f32619462,1,6,1,0,0,0,0,0,3,2,0,0,0,7.74
pcb-e1-dock-preroute.kicad_pcb,pcb-e1-dock-8,cb1f32619462,2,0,0,0,0,0,0,0,10,2,0,0,1,460.63
pcb-e1-dock-preroute.kicad_pcb,pcb-e1-dock-8,cb1f32619462,2,1,3,0,0,0,0,0,14,2,0,0,2,250.47
pcb-e1-dock-preroute.kicad_pcb,pcb-e1-dock-8,cb1f32619462,2,2,4,0,0,0,0,0,17,2,0,0,3,154.31
pcb-e1-dock-preroute.kicad_pcb,pcb-e1-dock-8,cb1f32619462,2,3,6,0,0,2,2.77,0,17,2,0,0,2,38.01
pcb-e1-dock-preroute.kicad_pcb,pcb-e1-dock-8,cb1f32619462,2,4,5,0,0,1,4.3,0,18,2,0,0,1,39.8
pcb-e1-dock-preroute.kicad_pcb,pcb-e1-dock-8,cb1f32619462,2,5,4,0,0,3,1.12,0,16,2,0,0,0,9.56
pcb-e1-dock-preroute.kicad_pcb,pcb-e1-dock-8,cb1f32619462,2,6,2,0,0,0,0,0,3,2,0,0,0,4.81
pcb-e1-dock-preroute.kicad_pcb,pcb-e1-dock-8,cb1f32619462,3,1,0,0,0,0,0,0,11,2,0,0,0,5.09
pcb-e1-dock-preroute.kicad_pcb,pcb-e1-dock-8,cb1f32619462,3,2,1,0,0,0,0,0,12,3,0,0,0,5.78
pcb-e1-dock-preroute.kicad_pcb,pcb-e1-dock-8,cb1f32619462,3,4,0,0,0,0,0,0,15,2,0,0,0,10.88
pcb-e1-dock-preroute.kicad_pcb,pcb-e1-dock-8,cb1f32619462,3,5,0,0,0,0,0,0,13,2,0,0,2,97.75
pcb-e1-dock-preroute.kicad_pcb,pcb-e1-dock-8,cb1f32619462,3,6,2,0,0,0,0,0,2,2,0,0,0,5.81
pcb-e1-dock-preroute.kicad_pcb,pcb-e1-dock-8,cb1f32619462,4,1,1,0,0,0,0,0,11,2,0,0,0,0
pcb-e1-dock-preroute.kicad_pcb,pcb-e1-dock-8,cb1f32619462,4,3,1,0,0,0,0,0,14,3,0,0,0,33.3
pcb-e1-dock-preroute.kicad_pcb,pcb-e1-dock-8,cb1f32619462,4,4,5,5,0,5,10.56,0,22,2,2,0,1,100.88
pcb-e1-dock-preroute.kicad_pcb,pcb-e1-dock-8,cb1f32619462,4,5,8,0,0,0,0,0,20,2,0,0,4,57.67
pcb-e1-dock-preroute.kicad_pcb,pcb-e1-dock-8,cb1f32619462,4,6,1,0,0,1,4.65,0,3,2,0,0,0,11.66
pcb-e1-dock-preroute.kicad_pcb,pcb-e1-dock-8,cb1f32619462,5,3,0,0,0,0,0,0,13,2,0,0,1,0
pcb-e1-dock-preroute.kicad_pcb,pcb-e1-dock-8,cb1f32619462,5,4,6,5,0,6,12.86,0,24,2,0,0,0,58.05
pcb-e1-dock-preroute.kicad_pcb,pcb-e1-dock-8,cb1f32619462,5,5,11,0,0,0,0,0,22,2,0,0,3,46.7
pcb-e1-dock-preroute.kicad_pcb,pcb-e1-dock-8,cb1f32619462,5,6,1,0,0,1,4.65,0,2,2,0,0,0,0
pcb-e1-dock-preroute.kicad_pcb,pcb-e1-dock-8,cb1f32619462,6,2,0,0,0,3,0,0,13,2,0,0,0,55.46
pcb-e1-dock-preroute.kicad_pcb,pcb-e1-dock-8,cb1f32619462,6,3,6,0,0,1,14.67,0,17,2,0,0,1,58.45
pcb-e1-dock-preroute.kicad_pcb,pcb-e1-dock-8,cb1f32619462,6,4,1,0,0,1,2.3,0,24,2,0,0,0,34.01
pcb-e1-dock-preroute.kicad_pcb,pcb-e1-dock-8,cb1f32619462,6,5,8,0,0,2,4.0,0,21,2,0,0,2,49.76
pcb-e1-dock-preroute.kicad_pcb,pcb-e1-dock-8,cb1f32619462,6,6,1,0,0,0,0,0,3,2,0,0,1,5.94
pcb-e1-dock-preroute.kicad_pcb,pcb-e1-dock-8,cb1f32619462,7,2,0,0,0,3,0,0,14,2,0,0,0,164.1
pcb-e1-dock-preroute.kicad_pcb,pcb-e1-dock-8,cb1f32619462,7,3,6,0,0,1,6.6,0,20,2,0,0,1,236.01
pcb-e1-dock-preroute.kicad_pcb,pcb-e1-dock-8,cb1f32619462,7,4,8,0,0,6,6.84,0,28,2,0,0,2,60.46
pcb-e1-dock-preroute.kicad_pcb,pcb-e1-dock-8,cb1f32619462,7,5,4,0,0,0,0,0,24,2,0,0,1,18.61
pcb-e1-dock-preroute.kicad_pcb,pcb-e1-dock-8,cb1f32619462,7,6,1,0,0,0,0,0,6,2,0,0,0,115.7
pcb-e1-dock-preroute.kicad_pcb,pcb-e1-dock-8,cb1f32619462,8,1,1,0,0,0,0,0,11,2,0,0,0,0
pcb-e1-dock-preroute.kicad_pcb,pcb-e1-dock-8,cb1f32619462,8,2,0,0,0,0,0,0,14,2,0,0,0,67.78
pcb-e1-dock-preroute.kicad_pcb,pcb-e1-dock-8,cb1f32619462,8,3,1,0,0,0,0,0,20,2,0,0,0,148.63
pcb-e1-dock-preroute.kicad_pcb,pcb-e1-dock-8,cb1f32619462,8,4,12,6,0,5,10.17,0,28,2,0,0,3,32.11
pcb-e1-dock-preroute.kicad_pcb,pcb-e1-dock-8,cb1f32619462,8,5,3,0,0,0,0,0,25,2,0,0,2,63.72
pcb-e1-dock-preroute.kicad_pcb,pcb-e1-dock-8,cb1f32619462,8,6,2,0,0,0,0,0,7,2,0,0,0,11.66
pcb-e1-dock-preroute.kicad_pcb,pcb-e1-dock-8,cb1f32619462,9,1,1,0,0,0,0,0,11,3,0,0,0,0
pcb-e1-dock-preroute.kicad_pcb,pcb-e1-dock-8,cb1f32619462,9,3,1,0,0,0,0,0,20,2,0,0,0,18.67
pcb-e1-dock-preroute.kicad_pcb,pcb-e1-dock-8,cb1f32619462,9,4,1,0,0,3,0,0,28,2,0,0,1,44.34
pcb-e1-dock-preroute.kicad_pcb,pcb-e1-dock-8,cb1f32619462,9,5,4,0,0,0,0,0,25,2,0,0,2,15.2
pcb-e1-dock-preroute.kicad_pcb,pcb-e1-dock-8,cb1f32619462,9,6,2,0,0,0,0,0,7,2,0,0,0,17.6
pcb-e1-dock-preroute.kicad_pcb,pcb-e1-dock-8,cb1f32619462,10,3,0,0,0,0,0,0,20,2,0,0,0,33.1
pcb-e1-dock-preroute.kicad_pcb,pcb-e1-dock-8,cb1f32619462,10,4,3,0,0,1,2.9,0,26,2,0,0,0,100.46
pcb-e1-dock-preroute.kicad_pcb,pcb-e1-dock-8,cb1f32619462,10,5,6,0,0,3,2.25,0,23,2,0,0,0,31.05
pcb-e1-dock-preroute.kicad_pcb,pcb-e1-dock-8,cb1f32619462,10,6,2,0,0,0,0,0,6,2,0,0,0,15.32
pcb-e1-dock-preroute.kicad_pcb,pcb-e1-dock-8,cb1f32619462,11,1,1,0,0,0,0,0,11,4,0,0,0,0
pcb-e1-dock-preroute.kicad_pcb,pcb-e1-dock-8,cb1f32619462,11,3,1,0,0,0,0,0,20,2,0,0,0,0
pcb-e1-dock-preroute.kicad_pcb,pcb-e1-dock-8,cb1f32619462,11,4,2,0,0,1,2.9,0,23,2,0,0,0,10.3
pcb-e1-dock-preroute.kicad_pcb,pcb-e1-dock-8,cb1f32619462,11,5,5,0,0,2,6.53,0,20,2,0,0,0,8.25
pcb-e1-dock-preroute.kicad_pcb,pcb-e1-dock-8,cb1f32619462,12,1,1,0,0,0,0,0,11,3,0,0,0,0
pcb-e1-dock-preroute.kicad_pcb,pcb-e1-dock-8,cb1f32619462,12,3,1,0,0,0,0,0,21,2,0,0,1,28.21
pcb-e1-dock-preroute.kicad_pcb,pcb-e1-dock-8,cb1f32619462,12,4,2,0,0,2,4.7,0,23,2,0,0,0,22.53
pcb-e1-dock-preroute.kicad_pcb,pcb-e1-dock-8,cb1f32619462,12,5,2,0,0,3,3.1,0,19,2,0,0,0,19.82
pcb-e1-dock-preroute.kicad_pcb,pcb-e1-dock-8,cb1f32619462,12,6,2,0,0,0,0,0,6,2,0,0,0,43.18
pcb-e1-dock-preroute.kicad_pcb,pcb-e1-dock-8,cb1f32619462,13,1,1,0,0,0,0,0,11,4,0,0,0,0
pcb-e1-dock-preroute.kicad_pcb,pcb-e1-dock-8,cb1f32619462,13,2,0,0,0,0,0,0,14,4,0,0,1,51.36
pcb-e1-dock-preroute.kicad_pcb,pcb-e1-dock-8,cb1f32619462,13,3,1,0,0,1,0,0,21,2,0,0,1,287.08
pcb-e1-dock-preroute.kicad_pcb,pcb-e1-dock-8,cb1f32619462,13,4,5,0,0,4,10.2,0,23,2,0,0,0,37.11
pcb-e1-dock-preroute.kicad_pcb,pcb-e1-dock-8,cb1f32619462,13,5,1,0,0,1,1.4,0,19,2,0,0,0,8.89
pcb-e1-dock-preroute.kicad_pcb,pcb-e1-dock-8,cb1f32619462,13,6,2,0,0,0,0,0,6,2,0,0,0,16.0
pcb-e1-dock-preroute.kicad_pcb,pcb-e1-dock-8,cb1f32619462,14,3,2,0,0,2,4.69,0,22,2,0,0,0,6.51
pcb-e1-dock-preroute.kicad_pcb,pcb-e1-dock-8,cb1f32619462,14,4,9,0,0,9,11.95,0,27,2,0,0,0,4.8
pcb-e1-dock-preroute.kicad_pcb,pcb-e1-dock-8,cb1f32619462,14,5,2,0,0,0,0,0,22,2,0,0,0,7.34
pcb-e1-dock-preroute.kicad_pcb,pcb-e1-dock-8,cb1f32619462,14,6,2,0,0,0,0,0,5,2,0,0,0,12.74
pcb-e1-dock-preroute.kicad_pcb,pcb-e1-dock-8,cb1f32619462,15,1,1,0,0,0,0,0,11,3,0,0,0,0
pcb-e1-dock-preroute.kicad_pcb,pcb-e1-dock-8,cb1f32619462,15,3,7,0,0,5,0,0,23,2,0,0,2,4.72
pcb-e1-dock-preroute.kicad_pcb,pcb-e1-dock-8,cb1f32619462,15,4,14,0,0,8,0,0,31,2,0,0,11,62.56
pcb-e1-dock-preroute.kicad_pcb,pcb-e1-dock-8,cb1f32619462,15,5,7,0,0,0,0,0,26,2,0,0,9,196.5
pcb-e1-dock-preroute.kicad_pcb,pcb-e1-dock-8,cb1f32619462,16,1,1,0,0,0,0,0,11,3,0,0,0,0
pcb-e1-dock-preroute.kicad_pcb,pcb-e1-dock-8,cb1f32619462,16,3,11,0,0,4,6.12,0,25,2,0,0,2,3.25
pcb-e1-dock-preroute.kicad_pcb,pcb-e1-dock-8,cb1f32619462,16,4,18,0,0,9,5.03,0,35,2,0,0,6,26.98
pcb-e1-dock-preroute.kicad_pcb,pcb-e1-dock-8,cb1f32619462,16,5,4,0,0,0,0,0,28,2,0,0,2,60.9
pcb-e1-dock-preroute.kicad_pcb,pcb-e1-dock-8,cb1f32619462,17,0,0,0,0,0,0,0,7,2,0,0,2,27.83
pcb-e1-dock-preroute.kicad_pcb,pcb-e1-dock-8,cb1f32619462,17,3,0,0,0,0,0,0,27,2,0,0,0,3.12
pcb-e1-dock-preroute.kicad_pcb,pcb-e1-dock-8,cb1f32619462,17,4,12,12,0,11,21.59,0,43,2,0,0,4,125.34
pcb-e1-dock-preroute.kicad_pcb,pcb-e1-dock-8,cb1f32619462,17,5,3,0,0,1,0,0,28,2,0,0,3,136.0
pcb-e1-dock-preroute.kicad_pcb,pcb-e1-dock-8,cb1f32619462,17,6,0,0,0,0,0,0,6,2,0,0,0,45.26
pcb-e1-dock-preroute.kicad_pcb,pcb-e1-dock-8,cb1f32619462,18,0,0,0,0,1,0,0,7,2,0,0,0,15.91
pcb-e1-dock-preroute.kicad_pcb,pcb-e1-dock-8,cb1f32619462,18,1,1,0,0,0,0,0,11,3,0,0,2,195.24
pcb-e1-dock-preroute.kicad_pcb,pcb-e1-dock-8,cb1f32619462,18,2,0,0,0,1,0,0,14,3,0,0,0,125.29
pcb-e1-dock-preroute.kicad_pcb,pcb-e1-dock-8,cb1f32619462,18,3,2,0,0,0,0,0,27,2,0,0,0,47.78
pcb-e1-dock-preroute.kicad_pcb,pcb-e1-dock-8,cb1f32619462,18,4,36,33,1,15,32.8,0,42,2,0,0,11,139.86
pcb-e1-dock-preroute.kicad_pcb,pcb-e1-dock-8,cb1f32619462,18,5,0,0,0,6,6.84,0,26,2,0,0,1,42.5
pcb-e1-dock-preroute.kicad_pcb,pcb-e1-dock-8,cb1f32619462,18,6,0,0,0,0,0,0,6,2,0,0,1,2.31
pcb-e1-dock-preroute.kicad_pcb,pcb-e1-dock-8,cb1f32619462,19,0,20,14,0,12,25.06,0,9,2,0,0,0,46.52
pcb-e1-dock-preroute.kicad_pcb,pcb-e1-dock-8,cb1f32619462,19,1,12,0,0,3,3.16,0,13,2,0,0,2,95.26
pcb-e1-dock-preroute.kicad_pcb,pcb-e1-dock-8,cb1f32619462,19,2,8,0,0,3,4.5,0,16,2,0,0,0,34.26
pcb-e1-dock-preroute.kicad_pcb,pcb-e1-dock-8,cb1f32619462,19,3,4,0,0,3,3.8,0,28,2,0,0,0,30.19
pcb-e1-dock-preroute.kicad_pcb,pcb-e1-dock-8,cb1f32619462,19,4,18,0,0,8,10.12,0,35,2,0,0,4,85.45
pcb-e1-dock-preroute.kicad_pcb,pcb-e1-dock-8,cb1f32619462,19,5,1,0,0,0,0,0,23,2,0,0,2,40.57
pcb-e1-dock-preroute.kicad_pcb,pcb-e1-dock-8,cb1f32619462,20,0,0,0,0,0,0,0,8,2,1,0,0,48.09
pcb-e1-dock-preroute.kicad_pcb,pcb-e1-dock-8,cb1f32619462,20,1,1,0,0,0,0,0,11,3,0,0,0,70.48
pcb-e1-dock-preroute.kicad_pcb,pcb-e1-dock-8,cb1f32619462,20,2,0,0,0,0,0,0,15,3,0,0,0,63.78
pcb-e1-dock-preroute.kicad_pcb,pcb-e1-dock-8,cb1f32619462,20,3,6,0,0,3,5.82,0,25,2,0,0,0,100.6
pcb-e1-dock-preroute.kicad_pcb,pcb-e1-dock-8,cb1f32619462,20,4,4,0,0,5,5.92,0,27,2,0,0,1,57.12
pcb-e1-dock-preroute.kicad_pcb,pcb-e1-dock-8,cb1f32619462,20,5,2,0,0,1,2.65,0,21,2,0,0,0,48.86
pcb-e1-dock-preroute.kicad_pcb,pcb-e1-dock-8,cb1f32619462,20,6,2,0,0,1,3.1,0,5,2,0,0,0,30.48
pcb-e1-dock-preroute.kicad_pcb,pcb-e1-dock-8,cb1f32619462,21,1,0,0,0,0,0,0,11,4,0,0,1,0
pcb-e1-dock-preroute.kicad_pcb,pcb-e1-dock-8,cb1f32619462,21,2,0,0,0,0,0,0,15,4,0,0,2,218.42
pcb-e1-dock-preroute.kicad_pcb,pcb-e1-dock-8,cb1f32619462,21,3,9,3,0,6,5.09,0,24,2,0,0,2,185.68
pcb-e1-dock-preroute.kicad_pcb,pcb-e1-dock-8,cb1f32619462,21,4,5,0,0,3,2.65,0,26,2,0,0,2,20.79
pcb-e1-dock-preroute.kicad_pcb,pcb-e1-dock-8,cb1f32619462,21,5,2,0,0,2,4.2,0,21,2,0,0,0,5.43
pcb-e1-dock-preroute.kicad_pcb,pcb-e1-dock-8,cb1f32619462,21,6,3,0,0,3,2.52,0,6,2,0,0,1,45.08
pcb-e1-dock-preroute.kicad_pcb,pcb-e1-dock-8,cb1f32619462,22,1,1,0,0,0,0,0,11,3,0,0,0,0
pcb-e1-dock-preroute.kicad_pcb,pcb-e1-dock-8,cb1f32619462,22,2,0,0,0,0,0,0,15,3,0,0,1,135.54
pcb-e1-dock-preroute.kicad_pcb,pcb-e1-dock-8,cb1f32619462,22,3,4,3,0,3,5.09,0,23,2,0,0,3,121.42
pcb-e1-dock-preroute.kicad_pcb,pcb-e1-dock-8,cb1f32619462,22,4,0,0,0,0,0,0,25,2,0,0,4,98.73
pcb-e1-dock-preroute.kicad_pcb,pcb-e1-dock-8,cb1f32619462,22,5,1,0,0,1,1.55,0,20,2,0,0,3,62.4
pcb-e1-dock-preroute.kicad_pcb,pcb-e1-dock-8,cb1f32619462,22,6,3,0,0,1,2.52,0,5,2,0,0,1,18.22
pcb-e1-dock-preroute.kicad_pcb,pcb-e1-dock-8,cb1f32619462,23,1,1,0,0,0,0,0,11,3,0,0,0,0
pcb-e1-dock-preroute.kicad_pcb,pcb-e1-dock-8,cb1f32619462,23,2,0,0,0,0,0,0,14,3,0,0,1,40.68
pcb-e1-dock-preroute.kicad_pcb,pcb-e1-dock-8,cb1f32619462,23,3,1,0,0,0,0,0,29,2,0,0,1,105.52
pcb-e1-dock-preroute.kicad_pcb,pcb-e1-dock-8,cb1f32619462,23,4,37,37,0,28,28.82,0,37,2,1,0,10,188.37
pcb-e1-dock-preroute.kicad_pcb,pcb-e1-dock-8,cb1f32619462,23,5,24,24,0,17,21.41,0,24,2,0,0,4,142.84
pcb-e1-dock-preroute.kicad_pcb,pcb-e1-dock-8,cb1f32619462,23,6,1,0,0,1,0,0,3,2,0,0,1,17.31
pcb-e1-dock-preroute.kicad_pcb,pcb-e1-dock-8,cb1f32619462,24,3,12,10,0,9,17.49,0,17,2,0,0,0,59.39
pcb-e1-dock-preroute.kicad_pcb,pcb-e1-dock-8,cb1f32619462,24,4,13,0,0,6,3.38,19.46,24,2,0,0,8,147.77
pcb-e1-dock-preroute.kicad_pcb,pcb-e1-dock-8,cb1f32619462,24,5,5,0,0,2,1.12,0,13,2,0,0,0,37.62
pcb-e1-dock-preroute.kicad_pcb,pcb-e1-dock-8,cb1f32619462,24,6,0,0,0,0,0,0,1,2,0,0,0,29.31
pcb-e1-dock-preroute.kicad_pcb,pcb-e1-dock-8,cb1f32619462,25,1,1,0,0,0,0,0,4,3,0,0,0,0
pcb-e1-dock-preroute.kicad_pcb,pcb-e1-dock-8,cb1f32619462,25,2,1,0,0,0,0,0,4,4,0,0,0,0
pcb-e1-dock-preroute.kicad_pcb,pcb-e1-dock-8,cb1f32619462,25,3,5,0,0,2,2.5,0,9,3,0,0,2,222.58
pcb-e1-dock-preroute.kicad_pcb,pcb-e1-dock-8,cb1f32619462,25,4,16,0,0,4,7.88,0,13,2,0,0,3,46.24
pcb-e1-dock-preroute.kicad_pcb,pcb-e1-dock-8,cb1f32619462,25,5,5,0,0,1,0,0,9,2,0,0,2,85.07
pcb-e1-dock-preroute.kicad_pcb,pcb-e1-dock-8,cb1f32619462,26,3,2,0,0,0,0,0,6,3,0,0,1,13.62
pcb-e1-dock-preroute.kicad_pcb,pcb-e1-dock-8,cb1f32619462,26,4,6,0,0,4,2.25,0,8,2,0,0,1,32.82
pcb-e1-dock-preroute.kicad_pcb,pcb-e1-dock-8,cb1f32619462,26,5,2,0,0,0,0,0,6,2,0,0,0,4.7
pcb-e1-dock-preroute.kicad_pcb,pcb-e1-dock-9,e18edb4f466b,0,0,3,0,0,0,0,0,6,2,0,0,0,12.35
pcb-e1-dock-preroute.kicad_pcb,pcb-e1-dock-9,e18edb4f466b,0,1,4,0,0,0,0,0,10,2,1,0,0,20.73
pcb-e1-dock-preroute.kicad_pcb,pcb-e1-dock-9,e18edb4f466b,0,2,3,0,0,1,1.9,0,11,2,0,0,1,7.5
pcb-e1-dock-preroute.kicad_pcb,pcb-e1-dock-9,e18edb4f466b,0,3,3,0,0,0,0,0,13,2,0,0,0,241.63
pcb-e1-dock-preroute.kicad_pcb,pcb-e1-dock-9,e18edb4f466b,0,4,8,6,0,5,15.12,0,14,2,0,0,0,60.24
pcb-e1-dock-preroute.kicad_pcb,pcb-e1-dock-9,e18edb4f466b,0,5,8,0,0,4,3.39,0,13,2,0,0,0,65.54
pcb-e1-dock-preroute.kicad_pcb,pcb-e1-dock-9,e18edb4f466b,0,6,1,0,0,0,0,0,2,2,1,0,0,0
pcb-e1-dock-preroute.kicad_pcb,pcb-e1-dock-9,e18edb4f466b,1,0,6,0,0,0,0,0,10,2,0,0,1,42.8
pcb-e1-dock-preroute.kicad_pcb,pcb-e1-dock-9,e18edb4f466b,1,1,7,0,0,0,0,0,14,2,0,0,0,33.58
pcb-e1-dock-preroute.kicad_pcb,pcb-e1-dock-9,e18edb4f466b,1,2,5,0,0,1,1.9,0,17,2,0,0,2,98.2
pcb-e1-dock-preroute.kicad_pcb,pcb-e1-dock-9,e18edb4f466b,1,3,5,0,0,0,0,0,17,2,0,0,3,71.47
pcb-e1-dock-preroute.kicad_pcb,pcb-e1-dock-9,e18edb4f466b,1,4,6,0,0,3,10.6,0,18,2,0,0,0,45.37
pcb-e1-dock-preroute.kicad_pcb,pcb-e1-dock-9,e18edb4f466b,1,5,8,0,0,6,3.65,0,18,2,0,0,1,71.46
pcb-e1-dock-preroute.kicad_pcb,pcb-e1-dock-9,e18edb4f466b,1,6,1,0,0,0,0,0,3,2,0,0,0,7.74
pcb-e1-dock-preroute.kicad_pcb,pcb-e1-dock-9,e18edb4f466b,2,0,0,0,0,0,0,0,10,2,0,0,0,326.86
pcb-e1-dock-preroute.kicad_pcb,pcb-e1-dock-9,e18edb4f466b,2,1,3,0,0,0,0,0,14,2,0,0,2,391.9
pcb-e1-dock-preroute.kicad_pcb,pcb-e1-dock-9,e18edb4f466b,2,2,4,0,0,0,0,0,17,2,0,0,5,139.48
pcb-e1-dock-preroute.kicad_pcb,pcb-e1-dock-9,e18edb4f466b,2,3,6,0,0,2,2.77,0,17,2,1,0,3,68.73
pcb-e1-dock-preroute.kicad_pcb,pcb-e1-dock-9,e18edb4f466b,2,4,4,0,0,0,2.0,0,18,2,0,0,0,32.01
pcb-e1-dock-preroute.kicad_pcb,pcb-e1-dock-9,e18edb4f466b,2,5,4,0,0,2,1.12,0,17,2,0,0,1,39.44
pcb-e1-dock-preroute.kicad_pcb,pcb-e1-dock-9,e18edb4f466b,2,6,2,0,0,0,0,0,3,2,0,0,0,4.81
pcb-e1-dock-preroute.kicad_pcb,pcb-e1-dock-9,e18edb4f466b,3,1,0,0,0,0,0,0,11,2,0,0,0,20.56
pcb-e1-dock-preroute.kicad_pcb,pcb-e1-dock-9,e18edb4f466b,3,2,1,0,0,0,0,0,12,3,0,0,0,4.69
pcb-e1-dock-preroute.kicad_pcb,pcb-e1-dock-9,e18edb4f466b,3,4,0,0,0,0,0,0,15,2,0,0,0,16.63
pcb-e1-dock-preroute.kicad_pcb,pcb-e1-dock-9,e18edb4f466b,3,5,0,0,0,0,0,0,14,2,0,0,2,13.81
pcb-e1-dock-preroute.kicad_pcb,pcb-e1-dock-9,e18edb4f466b,3,6,2,0,0,0,0,0,2,2,0,0,0,5.8
pcb-e1-dock-preroute.kicad_pcb,pcb-e1-dock-9,e18edb4f466b,4,1,1,0,0,0,0,0,11,2,0,0,0,5.78
pcb-e1-dock-preroute.kicad_pcb,pcb-e1-dock-9,e18edb4f466b,4,3,1,0,0,0,0,0,14,3,0,0,0,4.11
pcb-e1-dock-preroute.kicad_pcb,pcb-e1-dock-9,e18edb4f466b,4,4,5,5,0,5,10.56,0,22,2,0,0,1,133.12
pcb-e1-dock-preroute.kicad_pcb,pcb-e1-dock-9,e18edb4f466b,4,5,9,0,0,0,0,0,21,2,0,0,4,78.15
pcb-e1-dock-preroute.kicad_pcb,pcb-e1-dock-9,e18edb4f466b,4,6,1,0,0,1,4.65,0,3,2,0,0,0,9.34
pcb-e1-dock-preroute.kicad_pcb,pcb-e1-dock-9,e18edb4f466b,5,4,6,5,0,6,12.86,0,24,2,0,0,0,122.66
pcb-e1-dock-preroute.kicad_pcb,pcb-e1-dock-9,e18edb4f466b,5,5,10,0,0,0,0,0,23,2,0,0,5,51.64
pcb-e1-dock-preroute.kicad_pcb,pcb-e1-dock-9,e18edb4f466b,5,6,1,0,0,1,4.65,0,2,2,0,0,0,0
pcb-e1-dock-preroute.kicad_pcb,pcb-e1-dock-9,e18edb4f466b,6,2,0,0,0,3,0,0,13,2,0,0,0,48.56
pcb-e1-dock-preroute.kicad_pcb,pcb-e1-dock-9,e18edb4f466b,6,3,6,0,0,1,14.67,0,17,2,0,0,1,14.36
pcb-e1-dock-preroute.kicad_pcb,pcb-e1-dock-9,e18edb4f466b,6,4,3,0,0,1,2.3,0,24,2,0,0,0,24.41
pcb-e1-dock-preroute.kicad_pcb,pcb-e1-dock-9,e18edb4f466b,6,5,6,0,0,2,4.0,0,22,2,0,0,4,234.27
pcb-e1-dock-preroute.kicad_pcb,pcb-e1-dock-9,e18edb4f466b,6,6,1,0,0,0,0,0,3,2,0,0,1,6.8
pcb-e1-dock-preroute.kicad_pcb,pcb-e1-dock-9,e18edb4f466b,7,2,0,0,0,3,0,0,14,2,0,0,0,9.98
pcb-e1-dock-preroute.kicad_pcb,pcb-e1-dock-9,e18edb4f466b,7,3,6,0,0,1,6.6,0,20,2,0,0,0,228.44
pcb-e1-dock-preroute.kicad_pcb,pcb-e1-dock-9,e18edb4f466b,7,4,8,0,0,6,6.84,0,28,2,0,0,2,48.95
pcb-e1-dock-preroute.kicad_pcb,pcb-e1-dock-9,e18edb4f466b,7,5,4,0,0,0,0,0,25,2,0,0,1,96.45
pcb-e1-dock-preroute.kicad_pcb,pcb-e1-dock-9,e18edb4f466b,7,6,1,0,0,0,0,0,6,2,0,0,0,5.75
pcb-e1-dock-preroute.kicad_pcb,pcb-e1-dock-9,e18edb4f466b,8,1,1,0,0,0,0,0,11,2,0,0,0,0
pcb-e1-dock-preroute.kicad_pcb,pcb-e1-dock-9,e18edb4f466b,8,2,0,0,0,0,0,0,14,2,0,0,0,10.46
pcb-e1-dock-preroute.kicad_pcb,pcb-e1-dock-9,e18edb4f466b,8,3,1,0,0,0,0,0,20,2,0,0,0,0
pcb-e1-dock-preroute.kicad_pcb,pcb-e1-dock-9,e18edb4f466b,8,4,12,6,0,5,10.17,0,28,2,0,0,2,33.8
pcb-e1-dock-preroute.kicad_pcb,pcb-e1-dock-9,e18edb4f466b,8,5,3,0,0,0,0,0,26,2,0,0,2,34.7
pcb-e1-dock-preroute.kicad_pcb,pcb-e1-dock-9,e18edb4f466b,8,6,2,0,0,0,0,0,7,2,0,0,0,25.8
pcb-e1-dock-preroute.kicad_pcb,pcb-e1-dock-9,e18edb4f466b,9,1,1,0,0,0,0,0,11,3,0,0,0,0
pcb-e1-dock-preroute.kicad_pcb,pcb-e1-dock-9,e18edb4f466b,9,2,0,0,0,0,0,0,14,3,0,0,0,117.09
pcb-e1-dock-preroute.kicad_pcb,pcb-e1-dock-9,e18edb4f466b,9,3,1,0,0,0,0,0,20,2,0,0,0,43.8
pcb-e1-dock-preroute.kicad_pcb,pcb-e1-dock-9,e18edb4f466b,9,4,1,0,0,3,0,0,28,2,0,0,0,66.16
pcb-e1-dock-preroute.kicad_pcb,pcb-e1-dock-9,e18edb4f466b,9,5,4,0,0,0,0,0,26,2,0,0,2,38.23
pcb-e1-dock-preroute.kicad_pcb,pcb-e1-dock-9,e18edb4f466b,9,6,2,0,0,0,0,0,7,2,0,0,0,36.58
pcb-e1-dock-preroute.kicad_pcb,pcb-e1-dock-9,e18edb4f466b,10,4,3,0,0,1,2.9,0,26,2,0,0,1,32.15
pcb-e1-dock-preroute.kicad_pcb,pcb-e1-dock-9,e18edb4f466b,10,5,6,0,0,3,2.25,0,24,2,0,0,2,71.75
pcb-e1-dock-preroute.kicad_pcb,pcb-e1-dock-9,e18edb4f466b,10,6,2,0,0,0,0,0,6,2,0,0,0,3.4
pcb-e1-dock-preroute.kicad_pcb,pcb-e1-dock-9,e18edb4f466b,11,1,1,0,0,0,0,0,11,4,0,0,0,0
pcb-e1-dock-preroute.kicad_pcb,pcb-e1-dock-9,e18edb4f466b,11,3,1,0,0,0,0,0,20,2,0,0,0,0
pcb-e1-dock-preroute.kicad_pcb,pcb-e1-dock-9,e18edb4f466b,11,4,2,0,0,1,2.9,0,23,2,0,0,0,13.78
pcb-e1-dock-preroute.kicad_pcb,pcb-e1-dock-9,e18edb4f466b,11,5,5,0,0,2,6.53,0,21,2,0,0,0,16.27
pcb-e1-dock-preroute.kicad_pcb,pcb-e1-dock-9,e18edb4f466b,11,6,0,0,0,0,0,0,5,2,0,0,0,76.17
pcb-e1-dock-preroute.kicad_pcb,pcb-e1-dock-9,e18edb4f466b,12,1,1,0,0,0,0,0,11,3,0,0,0,0
pcb-e1-dock-preroute.kicad_pcb,pcb-e1-dock-9,e18edb4f466b,12,3,1,0,0,0,0,0,21,2,0,0,0,0
pcb-e1-dock-preroute.kicad_pcb,pcb-e1-dock-9,e18edb4f466b,12,4,2,0,0,2,4.7,0,23,2,0,0,0,42.42
pcb-e1-dock-preroute.kicad_pcb,pcb-e1-dock-9,e18edb4f466b,12,5,2,0,0,3,3.1,0,20,2,0,0,1,45.04
pcb-e1-dock-preroute.kicad_pcb,pcb-e1-dock-9,e18edb4f466b,12,6,2,0,0,0,0,0,6,2,0,0,0,15.77
pcb-e1-dock-preroute.kicad_pcb,pcb-e1-dock-9,e18edb4f466b,13,1,1,0,0,0,0,0,11,4,0,0,0,0
pcb-e1-dock-preroute.kicad_pcb,pcb-e1-dock-9,e18edb4f466b,13,3,2,0,0,1,2.4,0,21,2,0,0,0,19.26
pcb-e1-dock-preroute.kicad_pcb,pcb-e1-dock-9,e18edb4f466b,13,4,4,0,0,4,7.8,0,23,2,0,0,0,27.3
pcb-e1-dock-preroute.kicad_pcb,pcb-e1-dock-9,e18edb4f466b,13,5,1,0,0,1,1.4,0,20,2,0,0,1,65.52
pcb-e1-dock-preroute.kicad_pcb,pcb-e1-dock-9,e18edb4f466b,13,6,2,0,0,0,0,0,6,2,0,0,0,5.88
pcb-e1-dock-preroute.kicad_pcb,pcb-e1-dock-9,e18edb4f466b,14,3,3,0,0,3,7.09,0,22,2,0,0,1,266.63
pcb-e1-dock-preroute.kicad_pcb,pcb-e1-dock-9,e18edb4f466b,14,4,8,0,0,8,9.55,0,28,2,0,0,0,41.37
pcb-e1-dock-preroute.kicad_pcb,pcb-e1-dock-9,e18edb4f466b,14,5,3,0,0,0,0,0,24,2,0,0,0,5.24
pcb-e1-dock-preroute.kicad_pcb,pcb-e1-dock-9,e18edb4f466b,14,6,2,0,0,0,0,0,5,2,0,0,0,22.83
pcb-e1-dock-preroute.kicad_pcb,pcb-e1-dock-9,e18edb4f466b,15,1,1,0,0,0,0,0,11,3,0,0,0,23.9
pcb-e1-dock-preroute.kicad_pcb,pcb-e1-dock-9,e18edb4f466b,15,2,0,0,0,0,0,0,14,3,0,0,0,81.35
pcb-e1-dock-preroute.kicad_pcb,pcb-e1-dock-9,e18edb4f466b,15,3,7,0,0,4,0,0,22,2,0,0,2,37.36
pcb-e1-dock-preroute.kicad_pcb,pcb-e1-dock-9,e18edb4f466b,15,4,14,0,0,9,0,0,31,2,0,0,9,95.08
pcb-e1-dock-preroute.kicad_pcb,pcb-e1-dock-9,e18edb4f466b,15,5,6,0,0,0,0,0,27,2,0,0,5,78.87
pcb-e1-dock-preroute.kicad_pcb,pcb-e1-dock-9,e18edb4f466b,16,1,1,0,0,0,0,0,11,3,0,0,0,0
pcb-e1-dock-preroute.kicad_pcb,pcb-e1-dock-9,e18edb4f466b,16,2,0,0,0,0,0,0,14,3,0,0,0,21.38
pcb-e1-dock-preroute.kicad_pcb,pcb-e1-dock-9,e18edb4f466b,16,3,9,0,0,3,2.15,0,24,2,0,0,2,13.4
pcb-e1-dock-preroute.kicad_pcb,pcb-e1-dock-9,e18edb4f466b,16,4,20,0,0,10,8.99,0,35,2,0,0,8,61.89
pcb-e1-dock-preroute.kicad_pcb,pcb-e1-dock-9,e18edb4f466b,16,5,4,0,0,0,0,0,29,2,0,0,2,54.56
pcb-e1-dock-preroute.kicad_pcb,pcb-e1-dock-9,e18edb4f466b,16,6,0,0,0,0,0,0,6,2,0,0,0,16.42
pcb-e1-dock-preroute.kicad_pcb,pcb-e1-dock-9,e18edb4f466b,17,3,0,0,0,0,0,0,27,2,0,0,0,8.34
pcb-e1-dock-preroute.kicad_pcb,pcb-e1-dock-9,e18edb4f466b,17,4,12,12,0,11,21.59,0,43,2,0,0,14,155.71
pcb-e1-dock-preroute.kicad_pcb,pcb-e1-dock-9,e18edb4f466b,17,5,3,0,0,1,0,0,29,2,0,0,7,181.64
pcb-e1-dock-preroute.kicad_pcb,pcb-e1-dock-9,e18edb4f466b,18,0,0,0,0,1,0,0,7,2,0,0,1,9.78
pcb-e1-dock-preroute.kicad_pcb,pcb-e1-dock-9,e18edb4f466b,18,1,1,0,0,0,0,0,11,3,0,0,2,187.54
pcb-e1-dock-preroute.kicad_pcb,pcb-e1-dock-9,e18edb4f466b,18,2,0,0,0,1,0,0,14,3,0,0,1,24.17
pcb-e1-dock-preroute.kicad_pcb,pcb-e1-dock-9,e18edb4f466b,18,3,2,0,0,0,0,0,27,2,0,0,3,116.54
pcb-e1-dock-preroute.kicad_pcb,pcb-e1-dock-9,e18edb4f466b,18,4,36,33,1,15,32.8,0,42,2,0,0,12,107.79
pcb-e1-dock-preroute.kicad_pcb,pcb-e1-dock-9,e18edb4f466b,18,5,1,0,0,6,6.84,0,27,2,0,0,4,112.5
pcb-e1-dock-preroute.kicad_pcb,pcb-e1-dock-9,e18edb4f466b,18,6,0,0,0,0,0,0,6,2,0,0,0,8.92
pcb-e1-dock-preroute.kicad_pcb,pcb-e1-dock-9,e18edb4f466b,19,0,18,14,0,11,23.93,0,9,2,0,0,0,30.1
pcb-e1-dock-preroute.kicad_pcb,pcb-e1-dock-9,e18edb4f466b,19,1,14,0,0,4,4.29,0,13,2,0,0,3,95.74
pcb-e1-dock-preroute.kicad_pcb,pcb-e1-dock-9,e18edb4f466b,19,2,8,0,0,3,4.5,0,16,2,0,0,0,51.67
pcb-e1-dock-preroute.kicad_pcb,pcb-e1-dock-9,e18edb4f466b,19,3,8,0,0,4,4.92,0,29,2,0,0,2,87.0
pcb-e1-dock-preroute.kicad_pcb,pcb-e1-dock-9,e18edb4f466b,19,4,16,0,0,8,9.0,0,36,2,0,0,5,98.31
pcb-e1-dock-preroute.kicad_pcb,pcb-e1-dock-9,e18edb4f466b,19,5,0,0,0,0,0,0,24,2,0,0,0,27.91
pcb-e1-dock-preroute.kicad_pcb,pcb-e1-dock-9,e18edb4f466b,19,6,0,0,0,0,0,0,6,2,0,0,0,19.31
pcb-e1-dock-preroute.kicad_pcb,pcb-e1-dock-9,e18edb4f466b,20,1,1,0,0,0,0,0,11,3,0,0,1,41.78
pcb-e1-dock-preroute.kicad_pcb,pcb-e1-dock-9,e18edb4f466b,20,2,0,0,0,0,0,0,15,3,0,0,3,212.65
pcb-e1-dock-preroute.kicad_pcb,pcb-e1-dock-9,e18edb4f466b,20,3,4,0,0,3,5.82,0,23,2,0,0,0,41.44
pcb-e1-dock-preroute.kicad_pcb,pcb-e1-dock-9,e18edb4f466b,20,4,4,0,0,4,5.92,0,25,2,0,0,0,12.62
pcb-e1-dock-preroute.kicad_pcb,pcb-e1-dock-9,e18edb4f466b,20,5,2,0,0,1,2.65,0,22,2,0,0,2,52.42
pcb-e1-dock-preroute.kicad_pcb,pcb-e1-dock-9,e18edb4f466b,20,6,2,0,0,2,3.1,0,5,2,0,0,0,37.31
pcb-e1-dock-preroute.kicad_pcb,pcb-e1-dock-9,e18edb4f466b,21,3,9,3,0,6,5.09,0,24,2,0,0,3,185.43
pcb-e1-dock-preroute.kicad_pcb,pcb-e1-dock-9,e18edb4f466b,21,4,5,0,0,3,2.65,0,26,2,0,0,2,2.22
pcb-e1-dock-preroute.kicad_pcb,pcb-e1-dock-9,e18edb4f466b,21,5,2,0,0,2,4.2,0,22,2,0,0,2,30.71
pcb-e1-dock-preroute.kicad_pcb,pcb-e1-dock-9,e18edb4f466b,21,6,4,0,0,2,2.52,0,6,2,0,0,2,31.07
pcb-e1-dock-preroute.kicad_pcb,pcb-e1-dock-9,e18edb4f466b,22,1,1,0,0,0,0,0,11,3,0,0,0,0
pcb-e1-dock-preroute.kicad_pcb,pcb-e1-dock-9,e18edb4f466b,22,3,4,3,0,3,5.09,0,23,2,0,0,1,186.85
pcb-e1-dock-preroute.kicad_pcb,pcb-e1-dock-9,e18edb4f466b,22,4,0,0,0,0,0,0,25,2,0,0,5,98.61
pcb-e1-dock-preroute.kicad_pcb,pcb-e1-dock-9,e18edb4f466b,22,5,1,0,0,1,1.55,0,21,2,0,0,4,79.12
pcb-e1-dock-preroute.kicad_pcb,pcb-e1-dock-9,e18edb4f466b,22,6,2,0,0,1,2.52,0,5,2,0,0,0,21.37
pcb-e1-dock-preroute.kicad_pcb,pcb-e1-dock-9,e18edb4f466b,23,1,1,0,0,0,0,0,11,3,0,0,0,0
pcb-e1-dock-preroute.kicad_pcb,pcb-e1-dock-9,e18edb4f466b,23,3,1,0,0,0,0,0,29,2,0,0,2,122.35
pcb-e1-dock-preroute.kicad_pcb,pcb-e1-dock-9,e18edb4f466b,23,4,37,37,0,28,28.82,0,37,2,0,0,7,166.11
pcb-e1-dock-preroute.kicad_pcb,pcb-e1-dock-9,e18edb4f466b,23,5,24,24,0,17,21.41,0,25,2,0,0,3,149.72
pcb-e1-dock-preroute.kicad_pcb,pcb-e1-dock-9,e18edb4f466b,23,6,1,0,0,1,0,0,3,2,0,0,1,1.21
pcb-e1-dock-preroute.kicad_pcb,pcb-e1-dock-9,e18edb4f466b,24,3,12,10,0,9,17.49,0,17,2,0,0,1,73.82
pcb-e1-dock-preroute.kicad_pcb,pcb-e1-dock-9,e18edb4f466b,24,4,13,0,0,5,3.38,19.28,24,2,0,0,7,134.67
pcb-e1-dock-preroute.kicad_pcb,pcb-e1-dock-9,e18edb4f466b,24,5,5,0,0,3,1.12,0,14,2,0,0,2,95.16
pcb-e1-dock-preroute.kicad_pcb,pcb-e1-dock-9,e18edb4f466b,25,1,1,0,0,0,0,0,5,3,0,0,0,0
pcb-e1-dock-preroute.kicad_pcb,pcb-e1-dock-9,e18edb4f466b,25,2,1,0,0,0,0,0,5,4,0,0,0,0
pcb-e1-dock-preroute.kicad_pcb,pcb-e1-dock-9,e18edb4f466b,25,3,5,0,0,2,2.5,0,10,3,0,0,2,70.79
pcb-e1-dock-preroute.kicad_pcb,pcb-e1-dock-9,e18edb4f466b,25,4,15,0,0,5,6.75,0,13,2,0,0,1,54.95
pcb-e1-dock-preroute.kicad_pcb,pcb-e1-dock-9,e18edb4f466b,25,5,5,0,0,1,0,0,9,2,0,0,2,42.19
pcb-e1-dock-preroute.kicad_pcb,pcb-e1-dock-9,e18edb4f466b,26,3,2,0,0,0,0,0,6,3,0,0,0,11.21
pcb-e1-dock-preroute.kicad_pcb,pcb-e1-dock-9,e18edb4f466b,26,4,7,0,0,3,3.38,0,8,2,0,0,0,36.33
pcb-e1-dock-preroute.kicad_pcb,pcb-e1-dock-9,e18edb4f466b,26,5,2,0,0,0,0,0,6,2,0,0,1,11.88
pcb-e1-dock-preroute.kicad_pcb,pcb-e1-dock-10,4a1d29eac12d,0,0,3,0,0,0,0,0,6,2,3,0,0,0
pcb-e1-dock-preroute.kicad_pcb,pcb-e1-dock-10,4a1d29eac12d,0,1,4,0,0,0,0,0,10,2,4,0,0,0
pcb-e1-dock-preroute.kicad_pcb,pcb-e1-dock-10,4a1d29eac12d,0,2,3,0,0,1,1.9,0,11,2,3,0,0,0
pcb-e1-dock-preroute.kicad_pcb,pcb-e1-dock-10,4a1d29eac12d,0,3,3,0,0,0,0,0,13,2,3,0,0,0
pcb-e1-dock-preroute.kicad_pcb,pcb-e1-dock-10,4a1d29eac12d,0,4,8,6,0,5,15.12,0,14,2,3,0,0,0
pcb-e1-dock-preroute.kicad_pcb,pcb-e1-dock-10,4a1d29eac12d,0,5,8,0,0,4,3.39,0,13,2,6,0,0,0
pcb-e1-dock-preroute.kicad_pcb,pcb-e1-dock-10,4a1d29eac12d,0,6,1,0,0,0,0,0,2,2,0,0,0,0
pcb-e1-dock-preroute.kicad_pcb,pcb-e1-dock-10,4a1d29eac12d,1,0,6,0,0,0,0,0,10,2,6,0,0,0
pcb-e1-dock-preroute.kicad_pcb,pcb-e1-dock-10,4a1d29eac12d,1,1,7,0,0,0,0,0,14,2,5,0,0,0
pcb-e1-dock-preroute.kicad_pcb,pcb-e1-dock-10,4a1d29eac12d,1,2,5,0,0,1,1.9,0,17,2,4,0,0,0
pcb-e1-dock-preroute.kicad_pcb,pcb-e1-dock-10,4a1d29eac12d,1,3,5,0,0,0,0,0,17,2,5,0,0,0
pcb-e1-dock-preroute.kicad_pcb,pcb-e1-dock-10,4a1d29eac12d,1,4,5,0,0,2,8.3,0,18,2,5,0,0,0
pcb-e1-dock-preroute.kicad_pcb,pcb-e1-dock-10,4a1d29eac12d,1,5,8,0,0,6,3.65,0,18,2,6,0,0,0
pcb-e1-dock-preroute.kicad_pcb,pcb-e1-dock-10,4a1d29eac12d,1,6,1,0,0,0,0,0,3,2,1,0,0,0
pcb-e1-dock-preroute.kicad_pcb,pcb-e1-dock-10,4a1d29eac12d,2,1,3,0,0,0,0,0,14,2,3,0,0,0
pcb-e1-dock-preroute.kicad_pcb,pcb-e1-dock-10,4a1d29eac12d,2,2,5,0,0,1,1.39,0,17,2,1,0,0,0
pcb-e1-dock-preroute.kicad_pcb,pcb-e1-dock-10,4a1d29eac12d,2,3,5,0,0,1,1.39,0,17,2,6,0,0,0
pcb-e1-dock-preroute.kicad_pcb,pcb-e1-dock-10,4a1d29eac12d,2,4,5,0,0,1,4.3,0,18,2,7,0,0,0
pcb-e1-dock-preroute.kicad_pcb,pcb-e1-dock-10,4a1d29eac12d,2,5,4,0,0,2,1.12,0,17,2,3,0,0,0
pcb-e1-dock-preroute.kicad_pcb,pcb-e1-dock-10,4a1d29eac12d,2,6,2,0,0,0,0,0,3,2,1,0,0,0
pcb-e1-dock-preroute.kicad_pcb,pcb-e1-dock-10,4a1d29eac12d,3,2,1,0,0,0,0,0,12,3,0,0,0,0
pcb-e1-dock-preroute.kicad_pcb,pcb-e1-dock-10,4a1d29eac12d,3,6,2,0,0,0,0,0,2,2,3,0,0,0
pcb-e1-dock-preroute.kicad_pcb,pcb-e1-dock-10,4a1d29eac12d,4,1,1,0,0,0,0,0,11,2,0,0,0,0
pcb-e1-dock-preroute.kicad_pcb,pcb-e1-dock-10,4a1d29eac12d,4,3,1,0,0,0,0,0,14,3,0,0,0,0
pcb-e1-dock-preroute.kicad_pcb,pcb-e1-dock-10,4a1d29eac12d,4,4,5,5,0,5,10.56,0,22,2,2,0,0,0
pcb-e1-dock-preroute.kicad_pcb,pcb-e1-dock-10,4a1d29eac12d,4,5,8,0,0,0,0,0,21,2,3,0,0,0
pcb-e1-dock-preroute.kicad_pcb,pcb-e1-dock-10,4a1d29eac12d,4,6,1,0,0,1,4.65,0,3,2,0,0,0,0
pcb-e1-dock-preroute.kicad_pcb,pcb-e1-dock-10,4a1d29eac12d,5,4,6,5,0,6,12.86,0,24,2,5,0,0,0
pcb-e1-dock-preroute.kicad_pcb,pcb-e1-dock-10,4a1d29eac12d,5,5,11,0,0,0,0,0,23,2,7,0,0,0
pcb-e1-dock-preroute.kicad_pcb,pcb-e1-dock-10,4a1d29eac12d,5,6,1,0,0,1,4.65,0,2,2,1,0,0,0
pcb-e1-dock-preroute.kicad_pcb,pcb-e1-dock-10,4a1d29eac12d,6,3,6,0,0,1,14.67,0,17,2,2,0,0,0
pcb-e1-dock-preroute.kicad_pcb,pcb-e1-dock-10,4a1d29eac12d,6,4,1,0,0,1,2.3,0,24,2,1,0,0,0
pcb-e1-dock-preroute.kicad_pcb,pcb-e1-dock-10,4a1d29eac12d,6,5,8,0,0,2,4.0,0,22,2,7,0,0,0
pcb-e1-dock-preroute.kicad_pcb,pcb-e1-dock-10,4a1d29eac12d,6,6,1,0,0,0,0,0,3,2,1,0,0,0
pcb-e1-dock-preroute.kicad_pcb,pcb-e1-dock-10,4a1d29eac12d,7,3,6,0,0,1,6.6,0,20,2,5,0,0,0
pcb-e1-dock-preroute.kicad_pcb,pcb-e1-dock-10,4a1d29eac12d,7,4,8,0,0,6,6.84,0,28,2,3,0,2,0
pcb-e1-dock-preroute.kicad_pcb,pcb-e1-dock-10,4a1d29eac12d,7,5,4,0,0,0,0,0,25,2,4,0,0,0
pcb-e1-dock-preroute.kicad_pcb,pcb-e1-dock-10,4a1d29eac12d,7,6,1,0,0,0,0,0,6,2,0,0,0,0
pcb-e1-dock-preroute.kicad_pcb,pcb-e1-dock-10,4a1d29eac12d,8,1,1,0,0,0,0,0,11,2,0,0,0,0
pcb-e1-dock-preroute.kicad_pcb,pcb-e1-dock-10,4a1d29eac12d,8,3,1,0,0,0,0,0,20,2,0,0,0,0
pcb-e1-dock-preroute.kicad_pcb,pcb-e1-dock-10,4a1d29eac12d,8,4,12,6,0,5,10.17,0,28,2,6,0,2,0
pcb-e1-dock-preroute.kicad_pcb,pcb-e1-dock-10,4a1d29eac12d,8,5,3,0,0,0,0,0,26,2,2,0,0,0
pcb-e1-dock-preroute.kicad_pcb,pcb-e1-dock-10,4a1d29eac12d,8,6,2,0,0,0,0,0,7,2,0,0,0,0
pcb-e1-dock-preroute.kicad_pcb,pcb-e1-dock-10,4a1d29eac12d,9,1,1,0,0,0,0,0,11,3,0,0,0,0
pcb-e1-dock-preroute.kicad_pcb,pcb-e1-dock-10,4a1d29eac12d,9,3,1,0,0,0,0,0,20,2,0,0,0,0
pcb-e1-dock-preroute.kicad_pcb,pcb-e1-dock-10,4a1d29eac12d,9,4,1,0,0,3,0,0,28,2,1,0,0,0
pcb-e1-dock-preroute.kicad_pcb,pcb-e1-dock-10,4a1d29eac12d,9,5,5,0,0,0,0,0,26,2,4,0,0,0
pcb-e1-dock-preroute.kicad_pcb,pcb-e1-dock-10,4a1d29eac12d,9,6,2,0,0,0,0,0,7,2,2,0,0,0
pcb-e1-dock-preroute.kicad_pcb,pcb-e1-dock-10,4a1d29eac12d,10,4,3,0,0,1,2.9,0,26,2,1,0,0,0
pcb-e1-dock-preroute.kicad_pcb,pcb-e1-dock-10,4a1d29eac12d,10,5,5,0,0,3,2.25,0,24,2,6,0,0,0
pcb-e1-dock-preroute.kicad_pcb,pcb-e1-dock-10,4a1d29eac12d,10,6,2,0,0,0,0,0,6,2,2,0,0,0
pcb-e1-dock-preroute.kicad_pcb,pcb-e1-dock-10,4a1d29eac12d,11,1,1,0,0,0,0,0,11,4,0,0,0,0
pcb-e1-dock-preroute.kicad_pcb,pcb-e1-dock-10,4a1d29eac12d,11,3,1,0,0,0,0,0,20,2,0,0,0,0
pcb-e1-dock-preroute.kicad_pcb,pcb-e1-dock-10,4a1d29eac12d,11,4,2,0,0,1,2.9,0,23,2,0,0,0,0
pcb-e1-dock-preroute.kicad_pcb,pcb-e1-dock-10,4a1d29eac12d,11,5,5,0,0,2,6.53,0,21,2,4,0,0,0
pcb-e1-dock-preroute.kicad_pcb,pcb-e1-dock-10,4a1d29eac12d,12,1,1,0,0,0,0,0,11,3,0,0,0,0
pcb-e1-dock-preroute.kicad_pcb,pcb-e1-dock-10,4a1d29eac12d,12,3,2,0,0,1,2.4,0,21,2,0,0,0,0
pcb-e1-dock-preroute.kicad_pcb,pcb-e1-dock-10,4a1d29eac12d,12,4,1,0,0,1,2.3,0,23,2,3,0,0,0
pcb-e1-dock-preroute.kicad_pcb,pcb-e1-dock-10,4a1d29eac12d,12,5,2,0,0,3,3.1,0,20,2,0,0,0,0
pcb-e1-dock-preroute.kicad_pcb,pcb-e1-dock-10,4a1d29eac12d,12,6,2,0,0,0,0,0,6,2,1,0,0,0
pcb-e1-dock-preroute.kicad_pcb,pcb-e1-dock-10,4a1d29eac12d,13,1,1,0,0,0,0,0,11,4,0,0,0,0
pcb-e1-dock-preroute.kicad_pcb,pcb-e1-dock-10,4a1d29eac12d,13,3,2,0,0,2,2.4,0,21,2,0,0,0,0
pcb-e1-dock-preroute.kicad_pcb,pcb-e1-dock-10,4a1d29eac12d,13,4,4,0,0,3,7.8,0,23,2,4,0,0,0
pcb-e1-dock-preroute.kicad_pcb,pcb-e1-dock-10,4a1d29eac12d,13,5,1,0,0,1,1.4,0,20,2,2,0,0,0
pcb-e1-dock-preroute.kicad_pcb,pcb-e1-dock-10,4a1d29eac12d,13,6,2,0,0,0,0,0,6,2,2,0,0,0
pcb-e1-dock-preroute.kicad_pcb,pcb-e1-dock-10,4a1d29eac12d,14,3,3,0,0,3,3.58,0,21,2,3,0,0,0
pcb-e1-dock-preroute.kicad_pcb,pcb-e1-dock-10,4a1d29eac12d,14,4,4,0,0,8,6.22,0,25,2,5,0,0,0
pcb-e1-dock-preroute.kicad_pcb,pcb-e1-dock-10,4a1d29eac12d,14,5,2,0,0,0,0,0,22,2,1,0,0,0
pcb-e1-dock-preroute.kicad_pcb,pcb-e1-dock-10,4a1d29eac12d,14,6,2,0,0,0,0,0,5,2,2,0,0,0
pcb-e1-dock-preroute.kicad_pcb,pcb-e1-dock-10,4a1d29eac12d,15,1,1,0,0,0,0,0,11,3,0,0,0,0
pcb-e1-dock-preroute.kicad_pcb,pcb-e1-dock-10,4a1d29eac12d,15,3,8,0,0,3,0,0,22,2,0,0,2,0
pcb-e1-dock-preroute.kicad_pcb,pcb-e1-dock-10,4a1d29eac12d,15,4,17,0,0,9,4.3,0,31,2,6,0,6,0
pcb-e1-dock-preroute.kicad_pcb,pcb-e1-dock-10,4a1d29eac12d,15,5,7,0,0,0,0,0,27,2,4,0,0,0
pcb-e1-dock-preroute.kicad_pcb,pcb-e1-dock-10,4a1d29eac12d,16,1,1,0,0,0,0,0,11,3,0,0,0,0
pcb-e1-dock-preroute.kicad_pcb,pcb-e1-dock-10,4a1d29eac12d,16,3,9,0,0,4,4.69,0,24,2,1,0,2,0
pcb-e1-dock-preroute.kicad_pcb,pcb-e1-dock-10,4a1d29eac12d,16,4,20,0,0,10,8.99,0,35,2,3,0,6,0
pcb-e1-dock-preroute.kicad_pcb,pcb-e1-dock-10,4a1d29eac12d,16,5,4,0,0,0,0,0,29,2,4,0,0,0
pcb-e1-dock-preroute.kicad_pcb,pcb-e1-dock-10,4a1d29eac12d,17,4,12,12,0,11,21.59,0,43,2,7,0,0,0
pcb-e1-dock-preroute.kicad_pcb,pcb-e1-dock-10,4a1d29eac12d,17,5,3,0,0,1,0,0,29,2,3,0,0,0
pcb-e1-dock-preroute.kicad_pcb,pcb-e1-dock-10,4a1d29eac12d,18,1,1,0,0,0,0,0,11,3,0,0,0,0
pcb-e1-dock-preroute.kicad_pcb,pcb-e1-dock-10,4a1d29eac12d,18,2,0,0,0,1,0,0,14,3,1,0,0,0
pcb-e1-dock-preroute.kicad_pcb,pcb-e1-dock-10,4a1d29eac12d,18,3,2,0,0,0,0,0,28,2,1,0,0,0
pcb-e1-dock-preroute.kicad_pcb,pcb-e1-dock-10,4a1d29eac12d,18,4,34,33,1,15,32.8,0,42,2,8,0,4,0
pcb-e1-dock-preroute.kicad_pcb,pcb-e1-dock-10,4a1d29eac12d,18,5,1,0,0,6,6.84,0,27,2,2,0,0,0
pcb-e1-dock-preroute.kicad_pcb,pcb-e1-dock-10,4a1d29eac12d,19,0,20,14,0,12,25.06,0,9,2,14,0,0,0
pcb-e1-dock-preroute.kicad_pcb,pcb-e1-dock-10,4a1d29eac12d,19,1,12,0,0,4,3.16,0,13,2,10,0,0,0
pcb-e1-dock-preroute.kicad_pcb,pcb-e1-dock-10,4a1d29eac12d,19,2,8,0,0,2,4.5,0,16,2,7,0,0,0
pcb-e1-dock-preroute.kicad_pcb,pcb-e1-dock-10,4a1d29eac12d,19,3,9,0,0,4,6.05,0,30,2,5,0,0,0
pcb-e1-dock-preroute.kicad_pcb,pcb-e1-dock-10,4a1d29eac12d,19,4,15,0,0,7,7.88,0,36,2,12,0,0,0
pcb-e1-dock-preroute.kicad_pcb,pcb-e1-dock-10,4a1d29eac12d,19,5,1,0,0,0,0,0,24,2,1,0,0,0
pcb-e1-dock-preroute.kicad_pcb,pcb-e1-dock-10,4a1d29eac12d,20,1,1,0,0,0,0,0,11,3,0,0,0,0
pcb-e1-dock-preroute.kicad_pcb,pcb-e1-dock-10,4a1d29eac12d,20,3,5,0,0,3,5.82,0,24,2,2,0,0,0
pcb-e1-dock-preroute.kicad_pcb,pcb-e1-dock-10,4a1d29eac12d,20,4,5,0,0,5,5.92,0,27,2,4,0,0,0
pcb-e1-dock-preroute.kicad_pcb,pcb-e1-dock-10,4a1d29eac12d,20,5,1,0,0,1,2.65,0,21,2,1,0,0,0
pcb-e1-dock-preroute.kicad_pcb,pcb-e1-dock-10,4a1d29eac12d,20,6,2,0,0,1,3.1,0,5,2,1,0,0,0
pcb-e1-dock-preroute.kicad_pcb,pcb-e1-dock-10,4a1d29eac12d,21,3,9,3,0,6,5.09,0,24,2,4,0,2,0
pcb-e1-dock-preroute.kicad_pcb,pcb-e1-dock-10,4a1d29eac12d,21,4,5,0,0,3,2.65,0,26,2,2,0,2,0
pcb-e1-dock-preroute.kicad_pcb,pcb-e1-dock-10,4a1d29eac12d,21,5,2,0,0,2,4.2,0,22,2,1,0,0,0
pcb-e1-dock-preroute.kicad_pcb,pcb-e1-dock-10,4a1d29eac12d,21,6,3,0,0,3,2.52,0,6,2,2,0,0,0
pcb-e1-dock-preroute.kicad_pcb,pcb-e1-dock-10,4a1d29eac12d,22,1,1,0,0,0,0,0,11,3,0,0,0,0
pcb-e1-dock-preroute.kicad_pcb,pcb-e1-dock-10,4a1d29eac12d,22,3,4,3,0,3,5.09,0,23,2,2,0,0,0
pcb-e1-dock-preroute.kicad_pcb,pcb-e1-dock-10,4a1d29eac12d,22,5,1,0,0,1,1.55,0,21,2,2,0,0,0
pcb-e1-dock-preroute.kicad_pcb,pcb-e1-dock-10,4a1d29eac12d,22,6,3,0,0,1,2.52,0,5,2,2,0,0,0
pcb-e1-dock-preroute.kicad_pcb,pcb-e1-dock-10,4a1d29eac12d,23,1,1,0,0,0,0,0,11,3,0,0,0,0
pcb-e1-dock-preroute.kicad_pcb,pcb-e1-dock-10,4a1d29eac12d,23,3,1,0,0,0,0,0,29,2,0,0,0,0
pcb-e1-dock-preroute.kicad_pcb,pcb-e1-dock-10,4a1d29eac12d,23,4,37,37,0,28,28.82,0,37,2,14,0,4,0
pcb-e1-dock-preroute.kicad_pcb,pcb-e1-dock-10,4a1d29eac12d,23,5,24,24,0,17,21.41,0,24,2,6,0,0,0
pcb-e1-dock-preroute.kicad_pcb,pcb-e1-dock-10,4a1d29eac12d,23,6,1,0,0,1,0,0,3,2,0,0,0,0
pcb-e1-dock-preroute.kicad_pcb,pcb-e1-dock-10,4a1d29eac12d,24,3,12,10,0,9,17.49,0,17,2,9,0,0,0
pcb-e1-dock-preroute.kicad_pcb,pcb-e1-dock-10,4a1d29eac12d,24,4,14,0,0,6,3.38,23.53,24,2,12,0,0,0
pcb-e1-dock-preroute.kicad_pcb,pcb-e1-dock-10,4a1d29eac12d,24,5,5,0,0,2,1.12,0,12,2,5,0,0,0
pcb-e1-dock-preroute.kicad_pcb,pcb-e1-dock-10,4a1d29eac12d,25,1,1,0,0,0,0,0,5,3,0,0,0,0
pcb-e1-dock-preroute.kicad_pcb,pcb-e1-dock-10,4a1d29eac12d,25,2,1,0,0,0,0,0,5,4,0,0,0,0
pcb-e1-dock-preroute.kicad_pcb,pcb-e1-dock-10,4a1d29eac12d,25,3,5,0,0,2,2.5,0,10,3,1,0,0,0
pcb-e1-dock-preroute.kicad_pcb,pcb-e1-dock-10,4a1d29eac12d,25,4,14,0,0,5,6.75,0,13,2,16,0,0,0
pcb-e1-dock-preroute.kicad_pcb,pcb-e1-dock-10,4a1d29eac12d,25,5,5,0,0,0,0,0,9,2,5,0,0,0
pcb-e1-dock-preroute.kicad_pcb,pcb-e1-dock-10,4a1d29eac12d,26,3,2,0,0,0,0,0,6,3,2,0,0,0
pcb-e1-dock-preroute.kicad_pcb,pcb-e1-dock-10,4a1d29eac12d,26,4,7,0,0,4,3.38,0,8,2,4,0,0,0
pcb-e1-dock-preroute.kicad_pcb,pcb-e1-dock-10,4a1d29eac12d,26,5,2,0,0,0,0,0,6,2,1,0,0,0
pcb-e1-dock-preroute.kicad_pcb,pcb-e1-dock-11,a0ecb9e48f1f,0,0,3,0,0,0,0,0,6,2,0,0,1,19.0
pcb-e1-dock-preroute.kicad_pcb,pcb-e1-dock-11,a0ecb9e48f1f,0,1,4,0,0,0,0,0,10,2,0,0,0,35.2
pcb-e1-dock-preroute.kicad_pcb,pcb-e1-dock-11,a0ecb9e48f1f,0,2,3,0,0,1,1.9,0,11,2,0,0,1,9.29
pcb-e1-dock-preroute.kicad_pcb,pcb-e1-dock-11,a0ecb9e48f1f,0,3,3,0,0,0,0,0,13,2,0,0,0,58.35
pcb-e1-dock-preroute.kicad_pcb,pcb-e1-dock-11,a0ecb9e48f1f,0,4,8,6,0,5,15.12,0,14,2,0,0,0,61.23
pcb-e1-dock-preroute.kicad_pcb,pcb-e1-dock-11,a0ecb9e48f1f,0,5,9,0,0,4,3.39,0,14,2,1,0,2,62.26
pcb-e1-dock-preroute.kicad_pcb,pcb-e1-dock-11,a0ecb9e48f1f,0,6,1,0,0,0,0,0,2,2,0,0,0,0
pcb-e1-dock-preroute.kicad_pcb,pcb-e1-dock-11,a0ecb9e48f1f,1,0,6,0,0,0,0,0,10,2,0,0,0,50.75
pcb-e1-dock-preroute.kicad_pcb,pcb-e1-dock-11,a0ecb9e48f1f,1,1,7,0,0,0,0,0,14,2,0,0,1,52.32
pcb-e1-dock-preroute.kicad_pcb,pcb-e1-dock-11,a0ecb9e48f1f,1,2,5,0,0,1,1.9,0,17,2,0,0,2,54.05
pcb-e1-dock-preroute.kicad_pcb,pcb-e1-dock-11,a0ecb9e48f1f,1,3,5,0,0,0,0,0,17,2,0,0,3,90.26
pcb-e1-dock-preroute.kicad_pcb,pcb-e1-dock-11,a0ecb9e48f1f,1,4,6,0,0,3,8.6,0,18,2,0,0,0,50.82
pcb-e1-dock-preroute.kicad_pcb,pcb-e1-dock-11,a0ecb9e48f1f,1,5,7,0,0,5,3.65,0,18,2,1,0,1,40.42
pcb-e1-dock-preroute.kicad_pcb,pcb-e1-dock-11,a0ecb9e48f1f,1,6,1,0,0,0,0,0,3,2,0,0,0,0
pcb-e1-dock-preroute.kicad_pcb,pcb-e1-dock-11,a0ecb9e48f1f,2,0,0,0,0,0,0,0,10,2,0,0,0,179.23
pcb-e1-dock-preroute.kicad_pcb,pcb-e1-dock-11,a0ecb9e48f1f,2,1,3,0,0,0,0,0,14,2,0,0,0,88.73
pcb-e1-dock-preroute.kicad_pcb,pcb-e1-dock-11,a0ecb9e48f1f,2,2,4,0,0,1,1.39,0,17,2,0,0,3,71.19
pcb-e1-dock-preroute.kicad_pcb,pcb-e1-dock-11,a0ecb9e48f1f,2,3,5,0,0,1,1.39,0,17,2,0,0,3,35.47
pcb-e1-dock-preroute.kicad_pcb,pcb-e1-dock-11,a0ecb9e48f1f,2,4,4,0,0,0,4.0,0,18,2,0,0,1,55.27
pcb-e1-dock-preroute.kicad_pcb,pcb-e1-dock-11,a0ecb9e48f1f,2,5,4,0,0,3,1.12,0,17,2,0,0,1,42.28
pcb-e1-dock-preroute.kicad_pcb,pcb-e1-dock-11,a0ecb9e48f1f,2,6,2,0,0,0,0,0,3,2,0,0,0,12.84
pcb-e1-dock-preroute.kicad_pcb,pcb-e1-dock-11,a0ecb9e48f1f,3,0,0,0,0,0,0,0,9,2,0,0,0,153.46
pcb-e1-dock-preroute.kicad_pcb,pcb-e1-dock-11,a0ecb9e48f1f,3,2,2,0,0,0,0,0,13,3,0,0,0,2.45
pcb-e1-dock-preroute.kicad_pcb,pcb-e1-dock-11,a0ecb9e48f1f,3,3,0,0,0,0,0,0,14,3,0,0,0,37.01
pcb-e1-dock-preroute.kicad_pcb,pcb-e1-dock-11,a0ecb9e48f1f,3,4,0,0,0,0,0,0,15,2,0,0,0,11.99
pcb-e1-dock-preroute.kicad_pcb,pcb-e1-dock-11,a0ecb9e48f1f,3,5,0,0,0,0,0,0,14,2,0,0,0,18.29
pcb-e1-dock-preroute.kicad_pcb,pcb-e1-dock-11,a0ecb9e48f1f,3,6,2,0,0,0,0,0,2,2,0,0,0,9.14
pcb-e1-dock-preroute.kicad_pcb,pcb-e1-dock-11,a0ecb9e48f1f,4,1,1,0,0,0,0,0,11,2,0,0,0,22.73
pcb-e1-dock-preroute.kicad_pcb,pcb-e1-dock-11,a0ecb9e48f1f,4,3,1,0,0,0,0,0,14,3,0,0,0,28.24
pcb-e1-dock-preroute.kicad_pcb,pcb-e1-dock-11,a0ecb9e48f1f,4,4,5,5,0,5,10.56,0,22,2,0,0,1,163.57
pcb-e1-dock-preroute.kicad_pcb,pcb-e1-dock-11,a0ecb9e48f1f,4,5,8,0,0,0,0,0,21,2,0,0,4,71.41
pcb-e1-dock-preroute.kicad_pcb,pcb-e1-dock-11,a0ecb9e48f1f,4,6,1,0,0,1,4.65,0,3,2,0,0,0,9.34
pcb-e1-dock-preroute.kicad_pcb,pcb-e1-dock-11,a0ecb9e48f1f,5,0,0,0,0,0,0,0,7,2,0,0,0,14.91
pcb-e1-dock-preroute.kicad_pcb,pcb-e1-dock-11,a0ecb9e48f1f,5,4,6,5,0,6,12.86,0,24,2,0,0,1,49.84
pcb-e1-dock-preroute.kicad_pcb,pcb-e1-dock-11,a0ecb9e48f1f,5,5,11,0,0,0,0,0,23,2,1,0,1,80.12
pcb-e1-dock-preroute.kicad_pcb,pcb-e1-dock-11,a0ecb9e48f1f,5,6,1,0,0,1,4.65,0,2,2,0,0,1,189.68
pcb-e1-dock-preroute.kicad_pcb,pcb-e1-dock-11,a0ecb9e48f1f,6,2,0,0,0,3,0,0,13,2,0,0,0,103.38
pcb-e1-dock-preroute.kicad_pcb,pcb-e1-dock-11,a0ecb9e48f1f,6,3,6,0,0,1,14.67,0,17,2,0,0,1,111.21
pcb-e1-dock-preroute.kicad_pcb,pcb-e1-dock-11,a0ecb9e48f1f,6,4,1,0,0,1,2.3,0,24,2,0,0,0,21.16
pcb-e1-dock-preroute.kicad_pcb,pcb-e1-dock-11,a0ecb9e48f1f,6,5,8,0,0,2,4.0,0,22,2,0,0,3,70.66
pcb-e1-dock-preroute.kicad_pcb,pcb-e1-dock-11,a0ecb9e48f1f,6,6,1,0,0,0,0,0,3,2,0,0,0,13.42
pcb-e1-dock-preroute.kicad_pcb,pcb-e1-dock-11,a0ecb9e48f1f,7,1,0,0,0,0,0,0,11,2,0,0,1,153.38
pcb-e1-dock-preroute.kicad_pcb,pcb-e1-dock-11,a0ecb9e48f1f,7,2,0,0,0,3,0,0,14,2,0,0,0,25.93
pcb-e1-dock-preroute.kicad_pcb,pcb-e1-dock-11,a0ecb9e48f1f,7,3,6,0,0,1,6.6,0,20,2,0,0,0,172.89
pcb-e1-dock-preroute.kicad_pcb,pcb-e1-dock-11,a0ecb9e48f1f,7,4,10,0,0,6,6.84,0,28,2,0,0,2,69.46
pcb-e1-dock-preroute.kicad_pcb,pcb-e1-dock-11,a0ecb9e48f1f,7,5,4,0,0,0,0,0,25,2,0,0,2,46.01
pcb-e1-dock-preroute.kicad_pcb,pcb-e1-dock-11,a0ecb9e48f1f,7,6,1,0,0,0,0,0,6,2,0,0,1,10.52
pcb-e1-dock-preroute.kicad_pcb,pcb-e1-dock-11,a0ecb9e48f1f,8,1,1,0,0,0,0,0,11,2,0,0,0,0
pcb-e1-dock-preroute.kicad_pcb,pcb-e1-dock-11,a0ecb9e48f1f,8,2,0,0,0,0,0,0,14,2,0,0,0,60.43
pcb-e1-dock-preroute.kicad_pcb,pcb-e1-dock-11,a0ecb9e48f1f,8,3,1,0,0,0,0,0,20,2,0,0,0,5.17
pcb-e1-dock-preroute.kicad_pcb,pcb-e1-dock-11,a0ecb9e48f1f,8,4,10,6,0,5,10.17,0,28,2,0,0,3,83.5
pcb-e1-dock-preroute.kicad_pcb,pcb-e1-dock-11,a0ecb9e48f1f,8,5,3,0,0,0,0,0,26,2,0,0,2,57.66
pcb-e1-dock-preroute.kicad_pcb,pcb-e1-dock-11,a0ecb9e48f1f,8,6,2,0,0,0,0,0,7,2,0,0,0,44.19
pcb-e1-dock-preroute.kicad_pcb,pcb-e1-dock-11,a0ecb9e48f1f,9,1,1,0,0,0,0,0,11,3,0,0,0,0
pcb-e1-dock-preroute.kicad_pcb,pcb-e1-dock-11,a0ecb9e48f1f,9,2,0,0,0,0,0,0,14,3,0,0,0,10.64
pcb-e1-dock-preroute.kicad_pcb,pcb-e1-dock-11,a0ecb9e48f1f,9,3,1,0,0,0,0,0,20,2,0,0,0,16.8
pcb-e1-dock-preroute.kicad_pcb,pcb-e1-dock-11,a0ecb9e48f1f,9,4,1,0,0,3,0,0,28,2,0,0,3,50.07
pcb-e1-dock-preroute.kicad_pcb,pcb-e1-dock-11,a0ecb9e48f1f,9,5,4,0,0,0,0,0,26,2,0,0,1,83.62
pcb-e1-dock-preroute.kicad_pcb,pcb-e1-dock-11,a0ecb9e48f1f,9,6,2,0,0,0,0,0,7,2,0,0,0,5.9
pcb-e1-dock-preroute.kicad_pcb,pcb-e1-dock-11,a0ecb9e48f1f,10,4,3,0,0,1,2.9,0,26,2,0,0,0,60.15
pcb-e1-dock-preroute.kicad_pcb,pcb-e1-dock-11,a0ecb9e48f1f,10,5,6,0,0,3,2.25,0,24,2,0,0,0,17.66
pcb-e1-dock-preroute.kicad_pcb,pcb-e1-dock-11,a0ecb9e48f1f,10,6,2,0,0,0,0,0,6,2,0,0,0,36.49
pcb-e1-dock-preroute.kicad_pcb,pcb-e1-dock-11,a0ecb9e48f1f,11,1,1,0,0,0,0,0,11,4,0,0,0,0
pcb-e1-dock-preroute.kicad_pcb,pcb-e1-dock-11,a0ecb9e48f1f,11,3,1,0,0,0,0,0,20,2,0,0,0,0
pcb-e1-dock-preroute.kicad_pcb,pcb-e1-dock-11,a0ecb9e48f1f,11,4,2,0,0,0,2.9,0,23,2,0,0,0,22.08
pcb-e1-dock-preroute.kicad_pcb,pcb-e1-dock-11,a0ecb9e48f1f,11,5,5,0,0,2,6.53,0,21,2,0,0,0,13.86
pcb-e1-dock-preroute.kicad_pcb,pcb-e1-dock-11,a0ecb9e48f1f,11,6,0,0,0,0,0,0,5,2,0,0,1,0
pcb-e1-dock-preroute.kicad_pcb,pcb-e1-dock-11,a0ecb9e48f1f,12,1,1,0,0,0,0,0,11,3,0,0,0,0
pcb-e1-dock-preroute.kicad_pcb,pcb-e1-dock-11,a0ecb9e48f1f,12,3,2,0,0,1,2.4,0,21,2,0,0,0,9.83
pcb-e1-dock-preroute.kicad_pcb,pcb-e1-dock-11,a0ecb9e48f1f,12,4,1,0,0,2,2.3,0,23,2,0,0,0,76.74
pcb-e1-dock-preroute.kicad_pcb,pcb-e1-dock-11,a0ecb9e48f1f,12,5,2,0,0,3,3.1,0,20,2,0,0,0,43.34
pcb-e1-dock-preroute.kicad_pcb,pcb-e1-dock-11,a0ecb9e48f1f,12,6,2,0,0,0,0,0,6,2,0,0,0,12.83
pcb-e1-dock-preroute.kicad_pcb,pcb-e1-dock-11,a0ecb9e48f1f,13,1,1,0,0,0,0,0,11,4,0,0,0,0
pcb-e1-dock-preroute.kicad_pcb,pcb-e1-dock-11,a0ecb9e48f1f,13,2,0,0,0,0,0,0,14,4,0,0,0,71.6
pcb-e1-dock-preroute.kicad_pcb,pcb-e1-dock-11,a0ecb9e48f1f,13,3,2,0,0,0,2.4,0,21,2,0,0,0,0.85
pcb-e1-dock-preroute.kicad_pcb,pcb-e1-dock-11,a0ecb9e48f1f,13,4,4,0,0,5,7.8,0,23,2,0,0,0,17.86
pcb-e1-dock-preroute.kicad_pcb,pcb-e1-dock-11,a0ecb9e48f1f,13,5,1,0,0,1,1.4,0,20,2,0,0,0,6.54
pcb-e1-dock-preroute.kicad_pcb,pcb-e1-dock-11,a0ecb9e48f1f,13,6,2,0,0,0,0,0,6,2,0,0,0,4.48
pcb-e1-dock-preroute.kicad_pcb,pcb-e1-dock-11,a0ecb9e48f1f,14,3,3,0,0,3,6.11,0,22,2,0,0,0,4.3
pcb-e1-dock-preroute.kicad_pcb,pcb-e1-dock-11,a0ecb9e48f1f,14,4,8,0,0,8,10.53,0,28,2,0,0,0,38.93
pcb-e1-dock-preroute.kicad_pcb,pcb-e1-dock-11,a0ecb9e48f1f,14,5,3,0,0,0,0,0,24,2,0,0,0,16.1
pcb-e1-dock-preroute.kicad_pcb,pcb-e1-dock-11,a0ecb9e48f1f,14,6,2,0,0,0,0,0,5,2,0,0,0,3.4
pcb-e1-dock-preroute.kicad_pcb,pcb-e1-dock-11,a0ecb9e48f1f,15,1,1,0,0,0,0,0,11,3,0,0,0,0
pcb-e1-dock-preroute.kicad_pcb,pcb-e1-dock-11,a0ecb9e48f1f,15,3,8,0,0,5,0,0,22,2,0,0,3,301.92
pcb-e1-dock-preroute.kicad_pcb,pcb-e1-dock-11,a0ecb9e48f1f,15,4,13,0,0,8,0,0,31,2,0,0,7,36.61
pcb-e1-dock-preroute.kicad_pcb,pcb-e1-dock-11,a0ecb9e48f1f,15,5,6,0,0,0,0,0,27,2,0,0,3,52.22
pcb-e1-dock-preroute.kicad_pcb,pcb-e1-dock-11,a0ecb9e48f1f,16,1,1,0,0,0,0,0,11,3,0,0,0,0
pcb-e1-dock-preroute.kicad_pcb,pcb-e1-dock-11,a0ecb9e48f1f,16,3,11,0,0,5,3.58,0,24,2,0,0,4,13.22
pcb-e1-dock-preroute.kicad_pcb,pcb-e1-dock-11,a0ecb9e48f1f,16,4,18,0,0,8,7.56,0,35,2,0,0,4,56.52
pcb-e1-dock-preroute.kicad_pcb,pcb-e1-dock-11,a0ecb9e48f1f,16,5,4,0,0,0,0,0,29,2,0,0,6,112.23
pcb-e1-dock-preroute.kicad_pcb,pcb-e1-dock-11,a0ecb9e48f1f,17,3,0,0,0,0,0,0,27,2,0,0,0,10.54
pcb-e1-dock-preroute.kicad_pcb,pcb-e1-dock-11,a0ecb9e48f1f,17,4,12,12,0,11,21.59,0,43,2,0,0,3,104.67
pcb-e1-dock-preroute.kicad_pcb,pcb-e1-dock-11,a0ecb9e48f1f,17,5,3,0,0,1,0,0,29,2,0,0,4,113.54
pcb-e1-dock-preroute.kicad_pcb,pcb-e1-dock-11,a0ecb9e48f1f,18,0,0,0,0,1,0,0,7,2,0,0,0,145.32
pcb-e1-dock-preroute.kicad_pcb,pcb-e1-dock-11,a0ecb9e48f1f,18,1,1,0,0,0,0,0,11,3,0,0,0,0.91
pcb-e1-dock-preroute.kicad_pcb,pcb-e1-dock-11,a0ecb9e48f1f,18,2,0,0,0,1,0,0,14,3,0,0,2,183.59
pcb-e1-dock-preroute.kicad_pcb,pcb-e1-dock-11,a0ecb9e48f1f,18,3,3,0,0,0,0,0,27,2,0,0,1,140.18
pcb-e1-dock-preroute.kicad_pcb,pcb-e1-dock-11,a0ecb9e48f1f,18,4,36,33,1,15,32.8,0,42,2,0,0,14,119.22
pcb-e1-dock-preroute.kicad_pcb,pcb-e1-dock-11,a0ecb9e48f1f,18,5,1,0,0,6,6.84,0,27,2,0,0,6,278.04
pcb-e1-dock-preroute.kicad_pcb,pcb-e1-dock-11,a0ecb9e48f1f,18,6,0,0,0,0,0,0,6,2,0,0,1,156.3
pcb-e1-dock-preroute.kicad_pcb,pcb-e1-dock-11,a0ecb9e48f1f,19,0,20,14,0,12,25.06,0,9,2,0,0,1,86.84
pcb-e1-dock-preroute.kicad_pcb,pcb-e1-dock-11,a0ecb9e48f1f,19,1,12,0,0,3,3.16,0,13,2,0,0,0,34.7
pcb-e1-dock-preroute.kicad_pcb,pcb-e1-dock-11,a0ecb9e48f1f,19,2,8,0,0,3,4.5,0,16,2,0,0,0,13.45
pcb-e1-dock-preroute.kicad_pcb,pcb-e1-dock-11,a0ecb9e48f1f,19,3,6,0,0,5,4.92,0,28,2,0,0,1,104.94
pcb-e1-dock-preroute.kicad_pcb,pcb-e1-dock-11,a0ecb9e48f1f,19,4,16,0,0,6,9.0,0,35,2,0,0,9,82.23
pcb-e1-dock-preroute.kicad_pcb,pcb-e1-dock-11,a0ecb9e48f1f,19,5,0,0,0,0,0,0,23,2,0,0,1,27.31
pcb-e1-dock-preroute.kicad_pcb,pcb-e1-dock-11,a0ecb9e48f1f,20,0,0,0,0,0,0,0,8,2,0,0,1,84.22
pcb-e1-dock-preroute.kicad_pcb,pcb-e1-dock-11,a0ecb9e48f1f,20,1,1,0,0,0,0,0,11,3,0,0,0,0
pcb-e1-dock-preroute.kicad_pcb,pcb-e1-dock-11,a0ecb9e48f1f,20,3,6,0,0,4,7.24,0,24,2,0,0,0,22.49
pcb-e1-dock-preroute.kicad_pcb,pcb-e1-dock-11,a0ecb9e48f1f,20,4,3,0,0,4,4.5,0,26,2,0,0,3,156.62
pcb-e1-dock-preroute.kicad_pcb,pcb-e1-dock-11,a0ecb9e48f1f,20,5,2,0,0,1,2.65,0,22,2,0,0,1,41.09
pcb-e1-dock-preroute.kicad_pcb,pcb-e1-dock-11,a0ecb9e48f1f,20,6,2,0,0,1,3.1,0,5,2,0,0,0,13.34
pcb-e1-dock-preroute.kicad_pcb,pcb-e1-dock-11,a0ecb9e48f1f,21,2,0,0,0,0,0,0,15,4,0,0,3,432.76
pcb-e1-dock-preroute.kicad_pcb,pcb-e1-dock-11,a0ecb9e48f1f,21,3,10,3,0,8,5.09,0,24,2,0,0,4,52.41
pcb-e1-dock-preroute.kicad_pcb,pcb-e1-dock-11,a0ecb9e48f1f,21,4,4,0,0,1,2.65,0,26,2,0,0,0,19.54
pcb-e1-dock-preroute.kicad_pcb,pcb-e1-dock-11,a0ecb9e48f1f,21,5,2,0,0,2,4.2,0,22,2,0,0,2,31.5
pcb-e1-dock-preroute.kicad_pcb,pcb-e1-dock-11,a0ecb9e48f1f,21,6,3,0,0,3,2.52,0,6,2,0,0,0,11.14
pcb-e1-dock-preroute.kicad_pcb,pcb-e1-dock-11,a0ecb9e48f1f,22,1,1,0,0,0,0,0,11,3,0,0,0,0
pcb-e1-dock-preroute.kicad_pcb,pcb-e1-dock-11,a0ecb9e48f1f,22,2,0,0,0,0,0,0,15,3,0,0,0,14.38
pcb-e1-dock-preroute.kicad_pcb,pcb-e1-dock-11,a0ecb9e48f1f,22,3,4,3,0,3,5.09,0,23,2,0,0,2,153.5
pcb-e1-dock-preroute.kicad_pcb,pcb-e1-dock-11,a0ecb9e48f1f,22,4,0,0,0,0,0,0,25,2,0,0,3,21.46
pcb-e1-dock-preroute.kicad_pcb,pcb-e1-dock-11,a0ecb9e48f1f,22,5,1,0,0,1,1.55,0,21,2,0,0,4,65.39
pcb-e1-dock-preroute.kicad_pcb,pcb-e1-dock-11,a0ecb9e48f1f,22,6,3,0,0,1,2.52,0,5,2,0,0,3,66.83
pcb-e1-dock-preroute.kicad_pcb,pcb-e1-dock-11,a0ecb9e48f1f,23,1,1,0,0,0,0,0,11,3,0,0,0,0
pcb-e1-dock-preroute.kicad_pcb,pcb-e1-dock-11,a0ecb9e48f1f,23,2,0,0,0,0,0,0,14,3,0,0,1,105.41
pcb-e1-dock-preroute.kicad_pcb,pcb-e1-dock-11,a0ecb9e48f1f,23,3,1,0,0,0,0,0,29,2,0,0,3,261.92
pcb-e1-dock-preroute.kicad_pcb,pcb-e1-dock-11,a0ecb9e48f1f,23,4,37,37,0,28,28.82,0,37,2,0,0,9,185.63
pcb-e1-dock-preroute.kicad_pcb,pcb-e1-dock-11,a0ecb9e48f1f,23,5,24,24,0,17,21.41,0,25,2,0,0,2,125.19
pcb-e1-dock-preroute.kicad_pcb,pcb-e1-dock-11,a0ecb9e48f1f,23,6,1,0,0,1,0,0,3,2,0,0,2,193.85
pcb-e1-dock-preroute.kicad_pcb,pcb-e1-dock-11,a0ecb9e48f1f,24,3,12,10,0,9,17.49,0,17,2,1,0,1,70.7
pcb-e1-dock-preroute.kicad_pcb,pcb-e1-dock-11,a0ecb9e48f1f,24,4,13,0,0,5,3.38,19.7,24,2,0,0,5,76.76
pcb-e1-dock-preroute.kicad_pcb,pcb-e1-dock-11,a0ecb9e48f1f,24,5,5,0,0,3,1.12,0,14,2,0,0,2,36.83
pcb-e1-dock-preroute.kicad_pcb,pcb-e1-dock-11,a0ecb9e48f1f,24,6,0,0,0,0,0,0,1,2,0,0,0,14.19
pcb-e1-dock-preroute.kicad_pcb,pcb-e1-dock-11,a0ecb9e48f1f,25,1,1,0,0,0,0,0,5,3,0,0,0,0
pcb-e1-dock-preroute.kicad_pcb,pcb-e1-dock-11,a0ecb9e48f1f,25,2,1,0,0,0,0,0,5,4,0,0,0,0
pcb-e1-dock-preroute.kicad_pcb,pcb-e1-dock-11,a0ecb9e48f1f,25,3,5,0,0,2,2.5,0,11,3,0,0,1,40.08
pcb-e1-dock-preroute.kicad_pcb,pcb-e1-dock-11,a0ecb9e48f1f,25,4,16,0,0,5,7.88,0,14,2,0,0,1,74.66
pcb-e1-dock-preroute.kicad_pcb,pcb-e1-dock-11,a0ecb9e48f1f,25,5,5,0,0,1,0,0,9,2,0,0,2,165.59
pcb-e1-dock-preroute.kicad_pcb,pcb-e1-dock-11,a0ecb9e48f1f,26,3,2,0,0,0,0,0,6,3,0,0,1,24.75
pcb-e1-dock-preroute.kicad_pcb,pcb-e1-dock-11,a0ecb9e48f1f,26,4,6,0,0,3,2.25,0,8,2,0,0,3,50.38
pcb-e1-dock-preroute.kicad_pcb,pcb-e1-dock-11,a0ecb9e48f1f,26,5,2,0,0,0,0,0,6,2,0,0,0,8.98
pcb-e1-dock-preroute.kicad_pcb,pcb-e1-dock-12,59b0c7b7c20e,0,0,3,0,0,0,0,0,6,2,0,0,0,30.76
pcb-e1-dock-preroute.kicad_pcb,pcb-e1-dock-12,59b0c7b7c20e,0,1,4,0,0,0,0,0,10,2,0,0,0,75.89
pcb-e1-dock-preroute.kicad_pcb,pcb-e1-dock-12,59b0c7b7c20e,0,2,3,0,0,1,1.9,0,11,2,0,0,0,3.46
pcb-e1-dock-preroute.kicad_pcb,pcb-e1-dock-12,59b0c7b7c20e,0,3,3,0,0,0,0,0,13,2,0,0,0,251.39
pcb-e1-dock-preroute.kicad_pcb,pcb-e1-dock-12,59b0c7b7c20e,0,4,8,6,0,5,15.12,0,14,2,0,0,1,28.81
pcb-e1-dock-preroute.kicad_pcb,pcb-e1-dock-12,59b0c7b7c20e,0,5,8,0,0,4,3.39,0,13,2,0,0,2,38.62
pcb-e1-dock-preroute.kicad_pcb,pcb-e1-dock-12,59b0c7b7c20e,0,6,1,0,0,0,0,0,2,2,0,0,0,0
pcb-e1-dock-preroute.kicad_pcb,pcb-e1-dock-12,59b0c7b7c20e,1,0,6,0,0,0,0,0,10,2,0,0,0,43.9
pcb-e1-dock-preroute.kicad_pcb,pcb-e1-dock-12,59b0c7b7c20e,1,1,7,0,0,0,0,0,14,2,0,0,0,63.82
pcb-e1-dock-preroute.kicad_pcb,pcb-e1-dock-12,59b0c7b7c20e,1,2,5,0,0,1,1.9,0,17,2,0,0,2,54.32
pcb-e1-dock-preroute.kicad_pcb,pcb-e1-dock-12,59b0c7b7c20e,1,3,5,0,0,0,0,0,17,2,0,0,1,50.08
pcb-e1-dock-preroute.kicad_pcb,pcb-e1-dock-12,59b0c7b7c20e,1,4,6,0,0,3,10.6,0,18,2,0,0,1,36.73
pcb-e1-dock-preroute.kicad_pcb,pcb-e1-dock-12,59b0c7b7c20e,1,5,8,0,0,6,3.65,0,18,2,0,0,1,99.98
pcb-e1-dock-preroute.kicad_pcb,pcb-e1-dock-12,59b0c7b7c20e,1,6,1,0,0,0,0,0,3,2,0,0,0,0
pcb-e1-dock-preroute.kicad_pcb,pcb-e1-dock-12,59b0c7b7c20e,2,0,0,0,0,0,0,0,10,2,0,0,2,28.4
pcb-e1-dock-preroute.kicad_pcb,pcb-e1-dock-12,59b0c7b7c20e,2,1,3,0,0,0,0,0,14,2,0,0,1,136.03
pcb-e1-dock-preroute.kicad_pcb,pcb-e1-dock-12,59b0c7b7c20e,2,2,4,0,0,1,1.39,0,17,2,0,0,2,87.37
pcb-e1-dock-preroute.kicad_pcb,pcb-e1-dock-12,59b0c7b7c20e,2,3,5,0,0,1,1.39,0,17,2,0,0,3,59.05
pcb-e1-dock-preroute.kicad_pcb,pcb-e1-dock-12,59b0c7b7c20e,2,4,4,0,0,0,2.0,0,18,2,0,0,1,40.35
pcb-e1-dock-preroute.kicad_pcb,pcb-e1-dock-12,59b0c7b7c20e,2,5,4,0,0,2,1.12,0,17,2,0,0,0,3.98
pcb-e1-dock-preroute.kicad_pcb,pcb-e1-dock-12,59b0c7b7c20e,2,6,2,0,0,0,0,0,3,2,0,0,0,12.84
pcb-e1-dock-preroute.kicad_pcb,pcb-e1-dock-12,59b0c7b7c20e,3,0,0,0,0,0,0,0,9,2,0,0,0,345.96
pcb-e1-dock-preroute.kicad_pcb,pcb-e1-dock-12,59b0c7b7c20e,3,2,2,0,0,0,0,0,13,3,0,0,0,18.22
pcb-e1-dock-preroute.kicad_pcb,pcb-e1-dock-12,59b0c7b7c20e,3,3,0,0,0,0,0,0,14,3,0,0,0,7.6
pcb-e1-dock-preroute.kicad_pcb,pcb-e1-dock-12,59b0c7b7c20e,3,4,0,0,0,0,0,0,15,2,0,0,0,100.01
pcb-e1-dock-preroute.kicad_pcb,pcb-e1-dock-12,59b0c7b7c20e,3,5,0,0,0,0,0,0,14,2,0,0,0,27.92
pcb-e1-dock-preroute.kicad_pcb,pcb-e1-dock-12,59b0c7b7c20e,3,6,2,0,0,0,0,0,2,2,0,0,0,11.86
pcb-e1-dock-preroute.kicad_pcb,pcb-e1-dock-12,59b0c7b7c20e,4,1,1,0,0,0,0,0,11,2,0,0,0,0
pcb-e1-dock-preroute.kicad_pcb,pcb-e1-dock-12,59b0c7b7c20e,4,2,0,0,0,0,0,0,12,3,0,0,1,36.23
pcb-e1-dock-preroute.kicad_pcb,pcb-e1-dock-12,59b0c7b7c20e,4,3,1,0,0,0,0,0,14,3,0,0,0,0
pcb-e1-dock-preroute.kicad_pcb,pcb-e1-dock-12,59b0c7b7c20e,4,4,5,5,0,5,10.56,0,22,2,0,0,2,73.38
pcb-e1-dock-preroute.kicad_pcb,pcb-e1-dock-12,59b0c7b7c20e,4,5,9,0,0,0,0,0,21,2,0,0,3,65.86
pcb-e1-dock-preroute.kicad_pcb,pcb-e1-dock-12,59b0c7b7c20e,4,6,1,0,0,1,4.65,0,3,2,0,0,0,9.34
pcb-e1-dock-preroute.kicad_pcb,pcb-e1-dock-12,59b0c7b7c20e,5,2,0,0,0,0,0,0,11,2,0,0,0,4.92
pcb-e1-dock-preroute.kicad_pcb,pcb-e1-dock-12,59b0c7b7c20e,5,4,6,5,0,6,12.86,0,24,2,0,0,0,111.36
pcb-e1-dock-preroute.kicad_pcb,pcb-e1-dock-12,59b0c7b7c20e,5,5,10,0,0,0,0,0,23,2,0,0,2,46.24
pcb-e1-dock-preroute.kicad_pcb,pcb-e1-dock-12,59b0c7b7c20e,5,6,1,0,0,1,4.65,0,2,2,0,0,0,0
pcb-e1-dock-preroute.kicad_pcb,pcb-e1-dock-12,59b0c7b7c20e,6,2,0,0,0,3,0,0,13,2,0,0,0,91.19
pcb-e1-dock-preroute.kicad_pcb,pcb-e1-dock-12,59b0c7b7c20e,6,3,6,0,0,1,14.67,0,17,2,0,0,0,33.44
pcb-e1-dock-preroute.kicad_pcb,pcb-e1-dock-12,59b0c7b7c20e,6,4,1,0,0,1,2.3,0,24,2,0,0,0,29.01
pcb-e1-dock-preroute.kicad_pcb,pcb-e1-dock-12,59b0c7b7c20e,6,5,8,0,0,2,4.0,0,22,2,0,0,4,125.58
pcb-e1-dock-preroute.kicad_pcb,pcb-e1-dock-12,59b0c7b7c20e,6,6,1,0,0,0,0,0,3,2,0,0,0,45.47
pcb-e1-dock-preroute.kicad_pcb,pcb-e1-dock-12,59b0c7b7c20e,7,1,0,0,0,0,0,0,11,2,0,0,0,18.42
pcb-e1-dock-preroute.kicad_pcb,pcb-e1-dock-12,59b0c7b7c20e,7,2,0,0,0,3,0,0,14,2,0,0,0,153.49
pcb-e1-dock-preroute.kicad_pcb,pcb-e1-dock-12,59b0c7b7c20e,7,3,6,0,0,1,6.6,0,20,2,0,0,0,31.34
pcb-e1-dock-preroute.kicad_pcb,pcb-e1-dock-12,59b0c7b7c20e,7,4,8,0,0,6,6.84,0,28,2,0,0,2,48.07
pcb-e1-dock-preroute.kicad_pcb,pcb-e1-dock-12,59b0c7b7c20e,7,5,4,0,0,0,0,0,25,2,0,0,1,29.13
pcb-e1-dock-preroute.kicad_pcb,pcb-e1-dock-12,59b0c7b7c20e,7,6,1,0,0,0,0,0,6,2,0,0,0,4.58
pcb-e1-dock-preroute.kicad_pcb,pcb-e1-dock-12,59b0c7b7c20e,8,0,0,0,0,0,0,0,7,2,0,0,0,104.89
pcb-e1-dock-preroute.kicad_pcb,pcb-e1-dock-12,59b0c7b7c20e,8,1,1,0,0,0,0,0,11,2,0,0,0,0
pcb-e1-dock-preroute.kicad_pcb,pcb-e1-dock-12,59b0c7b7c20e,8,3,1,0,0,0,0,0,20,2,0,0,0,20.52
pcb-e1-dock-preroute.kicad_pcb,pcb-e1-dock-12,59b0c7b7c20e,8,4,12,6,0,5,10.17,0,28,2,0,0,2,60.89
pcb-e1-dock-preroute.kicad_pcb,pcb-e1-dock-12,59b0c7b7c20e,8,5,3,0,0,0,0,0,26,2,0,0,5,69.79
pcb-e1-dock-preroute.kicad_pcb,pcb-e1-dock-12,59b0c7b7c20e,8,6,2,0,0,0,0,0,7,2,0,0,1,64.22
pcb-e1-dock-preroute.kicad_pcb,pcb-e1-dock-12,59b0c7b7c20e,9,1,1,0,0,0,0,0,11,3,0,0,0,0
pcb-e1-dock-preroute.kicad_pcb,pcb-e1-dock-12,59b0c7b7c20e,9,2,0,0,0,0,0,0,14,3,0,0,0,41.73
pcb-e1-dock-preroute.kicad_pcb,pcb-e1-dock-12,59b0c7b7c20e,9,3,1,0,0,0,0,0,20,2,0,0,3,140.77
pcb-e1-dock-preroute.kicad_pcb,pcb-e1-dock-12,59b0c7b7c20e,9,4,1,0,0,3,0,0,28,2,0,0,1,41.83
pcb-e1-dock-preroute.kicad_pcb,pcb-e1-dock-12,59b0c7b7c20e,9,5,5,0,0,0,0,0,26,2,0,0,3,82.84
pcb-e1-dock-preroute.kicad_pcb,pcb-e1-dock-12,59b0c7b7c20e,9,6,2,0,0,0,0,0,7,2,0,0,0,12.19
pcb-e1-dock-preroute.kicad_pcb,pcb-e1-dock-12,59b0c7b7c20e,10,3,0,0,0,0,0,0,20,2,0,0,0,69.11
pcb-e1-dock-preroute.kicad_pcb,pcb-e1-dock-12,59b0c7b7c20e,10,4,3,0,0,1,2.9,0,26,2,0,0,0,32.88
pcb-e1-dock-preroute.kicad_pcb,pcb-e1-dock-12,59b0c7b7c20e,10,5,5,0,0,3,2.25,0,24,2,0,0,0,182.73
pcb-e1-dock-preroute.kicad_pcb,pcb-e1-dock-12,59b0c7b7c20e,10,6,2,0,0,0,0,0,6,2,0,0,2,48.09
pcb-e1-dock-preroute.kicad_pcb,pcb-e1-dock-12,59b0c7b7c20e,11,1,1,0,0,0,0,0,11,4,0,0,0,0
pcb-e1-dock-preroute.kicad_pcb,pcb-e1-dock-12,59b0c7b7c20e,11,3,1,0,0,0,0,0,20,2,0,0,0,0
pcb-e1-dock-preroute.kicad_pcb,pcb-e1-dock-12,59b0c7b7c20e,11,4,2,0,0,1,2.9,0,23,2,0,0,0,17.68
pcb-e1-dock-preroute.kicad_pcb,pcb-e1-dock-12,59b0c7b7c20e,11,5,5,0,0,2,6.53,0,21,2,0,0,1,18.08
pcb-e1-dock-preroute.kicad_pcb,pcb-e1-dock-12,59b0c7b7c20e,11,6,0,0,0,0,0,0,5,2,0,0,0,3.21
pcb-e1-dock-preroute.kicad_pcb,pcb-e1-dock-12,59b0c7b7c20e,12,1,1,0,0,0,0,0,11,3,0,0,0,0
pcb-e1-dock-preroute.kicad_pcb,pcb-e1-dock-12,59b0c7b7c20e,12,3,2,0,0,1,2.4,0,21,2,0,0,0,57.93
pcb-e1-dock-preroute.kicad_pcb,pcb-e1-dock-12,59b0c7b7c20e,12,4,1,0,0,1,2.3,0,23,2,0,0,0,27.12
pcb-e1-dock-preroute.kicad_pcb,pcb-e1-dock-12,59b0c7b7c20e,12,5,2,0,0,3,3.1,0,20,2,0,0,0,39.38
pcb-e1-dock-preroute.kicad_pcb,pcb-e1-dock-12,59b0c7b7c20e,12,6,2,0,0,0,0,0,6,2,0,0,0,12.82
pcb-e1-dock-preroute.kicad_pcb,pcb-e1-dock-12,59b0c7b7c20e,13,1,1,0,0,0,0,0,11,4,0,0,0,0
pcb-e1-dock-preroute.kicad_pcb,pcb-e1-dock-12,59b0c7b7c20e,13,2,0,0,0,0,0,0,14,4,0,0,0,52.69
pcb-e1-dock-preroute.kicad_pcb,pcb-e1-dock-12,59b0c7b7c20e,13,3,2,0,0,0,2.4,0,21,2,0,0,0,0
pcb-e1-dock-preroute.kicad_pcb,pcb-e1-dock-12,59b0c7b7c20e,13,4,4,0,0,5,7.8,0,23,2,0,0,0,13.91
pcb-e1-dock-preroute.kicad_pcb,pcb-e1-dock-12,59b0c7b7c20e,13,5,1,0,0,1,1.4,0,20,2,0,0,0,6.36
pcb-e1-dock-preroute.kicad_pcb,pcb-e1-dock-12,59b0c7b7c20e,13,6,2,0,0,0,0,0,6,2,0,0,0,4.5
pcb-e1-dock-preroute.kicad_pcb,pcb-e1-dock-12,59b0c7b7c20e,14,2,0,0,0,0,0,0,14,4,0,0,0,46.88
pcb-e1-dock-preroute.kicad_pcb,pcb-e1-dock-12,59b0c7b7c20e,14,3,2,0,0,2,4.69,0,22,2,0,0,0,2.73
pcb-e1-dock-preroute.kicad_pcb,pcb-e1-dock-12,59b0c7b7c20e,14,4,9,0,0,9,11.95,0,28,2,0,0,0,17.74
pcb-e1-dock-preroute.kicad_pcb,pcb-e1-dock-12,59b0c7b7c20e,14,5,3,0,0,0,0,0,24,2,0,0,0,64.29
pcb-e1-dock-preroute.kicad_pcb,pcb-e1-dock-12,59b0c7b7c20e,14,6,2,0,0,0,0,0,5,2,0,0,0,10.5
pcb-e1-dock-preroute.kicad_pcb,pcb-e1-dock-12,59b0c7b7c20e,15,0,0,0,0,0,0,0,7,2,0,0,0,51.76
pcb-e1-dock-preroute.kicad_pcb,pcb-e1-dock-12,59b0c7b7c20e,15,1,1,0,0,0,0,0,11,3,0,0,0,0
pcb-e1-dock-preroute.kicad_pcb,pcb-e1-dock-12,59b0c7b7c20e,15,3,7,0,0,5,0,0,22,2,0,0,2,19.92
pcb-e1-dock-preroute.kicad_pcb,pcb-e1-dock-12,59b0c7b7c20e,15,4,14,0,0,12,0,0,31,2,0,0,7,42.75
pcb-e1-dock-preroute.kicad_pcb,pcb-e1-dock-12,59b0c7b7c20e,15,5,6,0,0,0,0,0,27,2,0,0,5,78.58
pcb-e1-dock-preroute.kicad_pcb,pcb-e1-dock-12,59b0c7b7c20e,15,6,0,0,0,0,0,0,5,2,0,0,0,69.06
pcb-e1-dock-preroute.kicad_pcb,pcb-e1-dock-12,59b0c7b7c20e,16,1,1,0,0,0,0,0,11,3,0,0,0,0
pcb-e1-dock-preroute.kicad_pcb,pcb-e1-dock-12,59b0c7b7c20e,16,3,9,0,0,2,2.15,0,24,2,0,0,2,9.63
pcb-e1-dock-preroute.kicad_pcb,pcb-e1-dock-12,59b0c7b7c20e,16,4,20,0,0,7,8.99,0,35,2,0,0,9,148.4
pcb-e1-dock-preroute.kicad_pcb,pcb-e1-dock-12,59b0c7b7c20e,16,5,4,0,0,0,0,0,29,2,0,0,3,66.02
pcb-e1-dock-preroute.kicad_pcb,pcb-e1-dock-12,59b0c7b7c20e,17,3,0,0,0,0,0,0,27,2,0,0,2,445.73
pcb-e1-dock-preroute.kicad_pcb,pcb-e1-dock-12,59b0c7b7c20e,17,4,12,12,0,11,21.59,0,43,2,0,0,6,107.13
pcb-e1-dock-preroute.kicad_pcb,pcb-e1-dock-12,59b0c7b7c20e,17,5,3,0,0,1,0,0,29,2,0,0,4,92.18
pcb-e1-dock-preroute.kicad_pcb,pcb-e1-dock-12,59b0c7b7c20e,18,0,0,0,0,1,0,0,7,2,0,0,1,36.07
pcb-e1-dock-preroute.kicad_pcb,pcb-e1-dock-12,59b0c7b7c20e,18,1,1,0,0,0,0,0,11,3,0,0,0,0
pcb-e1-dock-preroute.kicad_pcb,pcb-e1-dock-12,59b0c7b7c20e,18,2,0,0,0,1,0,0,14,3,0,0,1,55.45
pcb-e1-dock-preroute.kicad_pcb,pcb-e1-dock-12,59b0c7b7c20e,18,3,3,0,0,0,0,0,27,2,0,0,0,9.94
pcb-e1-dock-preroute.kicad_pcb,pcb-e1-dock-12,59b0c7b7c20e,18,4,35,33,1,15,32.8,0,42,2,0,0,7,92.96
pcb-e1-dock-preroute.kicad_pcb,pcb-e1-dock-12,59b0c7b7c20e,18,5,1,0,0,6,6.84,0,27,2,1,0,0,129.52
pcb-e1-dock-preroute.kicad_pcb,pcb-e1-dock-12,59b0c7b7c20e,18,6,0,0,0,0,0,0,6,2,0,0,2,14.62
pcb-e1-dock-preroute.kicad_pcb,pcb-e1-dock-12,59b0c7b7c20e,19,0,20,14,0,12,25.06,0,9,2,0,0,3,108.0
pcb-e1-dock-preroute.kicad_pcb,pcb-e1-dock-12,59b0c7b7c20e,19,1,12,0,0,3,3.16,0,13,2,0,0,2,105.82
pcb-e1-dock-preroute.kicad_pcb,pcb-e1-dock-12,59b0c7b7c20e,19,2,8,0,0,3,4.5,0,16,2,0,0,3,265.52
pcb-e1-dock-preroute.kicad_pcb,pcb-e1-dock-12,59b0c7b7c20e,19,3,7,0,0,5,4.92,0,28,2,0,0,2,66.51
pcb-e1-dock-preroute.kicad_pcb,pcb-e1-dock-12,59b0c7b7c20e,19,4,18,0,0,6,10.12,0,35,2,0,0,8,121.51
pcb-e1-dock-preroute.kicad_pcb,pcb-e1-dock-12,59b0c7b7c20e,19,5,0,0,0,0,0,0,23,2,0,0,2,42.12
pcb-e1-dock-preroute.kicad_pcb,pcb-e1-dock-12,59b0c7b7c20e,19,6,0,0,0,0,0,0,6,2,0,0,0,17.18
pcb-e1-dock-preroute.kicad_pcb,pcb-e1-dock-12,59b0c7b7c20e,20,0,0,0,0,0,0,0,8,2,0,0,1,0.64
pcb-e1-dock-preroute.kicad_pcb,pcb-e1-dock-12,59b0c7b7c20e,20,1,1,0,0,0,0,0,11,3,0,0,0,29.05
pcb-e1-dock-preroute.kicad_pcb,pcb-e1-dock-12,59b0c7b7c20e,20,2,0,0,0,0,0,0,15,3,0,0,0,22.25
pcb-e1-dock-preroute.kicad_pcb,pcb-e1-dock-12,59b0c7b7c20e,20,3,5,0,0,4,7.24,0,23,2,0,0,0,17.27
pcb-e1-dock-preroute.kicad_pcb,pcb-e1-dock-12,59b0c7b7c20e,20,4,2,0,0,4,3.38,0,25,2,0,0,3,153.58
pcb-e1-dock-preroute.kicad_pcb,pcb-e1-dock-12,59b0c7b7c20e,20,5,2,0,0,1,2.65,0,22,2,0,0,1,37.26
pcb-e1-dock-preroute.kicad_pcb,pcb-e1-dock-12,59b0c7b7c20e,20,6,2,0,0,2,3.1,0,5,2,0,0,0,1.55
pcb-e1-dock-preroute.kicad_pcb,pcb-e1-dock-12,59b0c7b7c20e,21,2,0,0,0,0,0,0,15,4,0,0,1,10.33
pcb-e1-dock-preroute.kicad_pcb,pcb-e1-dock-12,59b0c7b7c20e,21,3,10,3,0,8,5.09,0,24,2,0,0,4,40.36
pcb-e1-dock-preroute.kicad_pcb,pcb-e1-dock-12,59b0c7b7c20e,21,4,4,0,0,1,2.65,0,26,2,0,0,0,0.61
pcb-e1-dock-preroute.kicad_pcb,pcb-e1-dock-12,59b0c7b7c20e,21,5,2,0,0,2,4.2,0,22,2,0,0,2,54.17
pcb-e1-dock-preroute.kicad_pcb,pcb-e1-dock-12,59b0c7b7c20e,21,6,3,0,0,2,2.52,0,6,2,0,0,1,39.16
pcb-e1-dock-preroute.kicad_pcb,pcb-e1-dock-12,59b0c7b7c20e,22,1,1,0,0,0,0,0,11,3,0,0,0,0
pcb-e1-dock-preroute.kicad_pcb,pcb-e1-dock-12,59b0c7b7c20e,22,2,0,0,0,0,0,0,15,3,0,0,1,128.72
pcb-e1-dock-preroute.kicad_pcb,pcb-e1-dock-12,59b0c7b7c20e,22,3,4,3,0,3,5.09,0,23,2,0,0,3,159.74
pcb-e1-dock-preroute.kicad_pcb,pcb-e1-dock-12,59b0c7b7c20e,22,4,0,0,0,0,0,0,25,2,0,0,6,115.92
pcb-e1-dock-preroute.kicad_pcb,pcb-e1-dock-12,59b0c7b7c20e,22,5,1,0,0,1,1.55,0,21,2,0,0,2,133.35
pcb-e1-dock-preroute.kicad_pcb,pcb-e1-dock-12,59b0c7b7c20e,22,6,3,0,0,1,2.52,0,5,2,0,0,1,129.2
pcb-e1-dock-preroute.kicad_pcb,pcb-e1-dock-12,59b0c7b7c20e,23,1,1,0,0,0,0,0,11,3,0,0,0,0
pcb-e1-dock-preroute.kicad_pcb,pcb-e1-dock-12,59b0c7b7c20e,23,3,1,0,0,0,0,0,29,2,0,0,1,39.82
pcb-e1-dock-preroute.kicad_pcb,pcb-e1-dock-12,59b0c7b7c20e,23,4,37,37,0,28,28.82,0,37,2,0,0,11,139.24
pcb-e1-dock-preroute.kicad_pcb,pcb-e1-dock-12,59b0c7b7c20e,23,5,24,24,0,17,21.41,0,25,2,0,0,2,109.33
pcb-e1-dock-preroute.kicad_pcb,pcb-e1-dock-12,59b0c7b7c20e,23,6,1,0,0,1,0,0,3,2,0,0,0,4.26
pcb-e1-dock-preroute.kicad_pcb,pcb-e1-dock-12,59b0c7b7c20e,24,2,0,0,0,0,0,0,6,4,0,0,1,39.21
pcb-e1-dock-preroute.kicad_pcb,pcb-e1-dock-12,59b0c7b7c20e,24,3,12,10,0,9,17.49,0,17,2,0,0,1,231.03
pcb-e1-dock-preroute.kicad_pcb,pcb-e1-dock-12,59b0c7b7c20e,24,4,14,0,0,5,3.38,19.28,24,2,0,0,4,145.58
pcb-e1-dock-preroute.kicad_pcb,pcb-e1-dock-12,59b0c7b7c20e,24,5,5,0,0,3,1.12,0,14,2,0,0,1,66.57
pcb-e1-dock-preroute.kicad_pcb,pcb-e1-dock-12,59b0c7b7c20e,25,1,1,0,0,0,0,0,5,3,0,0,0,0
pcb-e1-dock-preroute.kicad_pcb,pcb-e1-dock-12,59b0c7b7c20e,25,2,1,0,0,0,0,0,5,4,0,0,0,0
pcb-e1-dock-preroute.kicad_pcb,pcb-e1-dock-12,59b0c7b7c20e,25,3,5,0,0,2,2.5,0,10,3,0,0,2,91.65
pcb-e1-dock-preroute.kicad_pcb,pcb-e1-dock-12,59b0c7b7c20e,25,4,15,0,0,5,7.88,0,13,2,0,0,2,55.06
pcb-e1-dock-preroute.kicad_pcb,pcb-e1-dock-12,59b0c7b7c20e,25,5,5,0,0,0,0,0,9,2,0,0,1,59.15
pcb-e1-dock-preroute.kicad_pcb,pcb-e1-dock-12,59b0c7b7c20e,26,3,2,0,0,0,0,0,6,3,0,0,1,2.33
pcb-e1-dock-preroute.kicad_pcb,pcb-e1-dock-12,59b0c7b7c20e,26,4,6,0,0,4,2.25,0,8,2,0,0,0,18.09
pcb-e1-dock-preroute.kicad_pcb,pcb-e1-dock-12,59b0c7b7c20e,26,5,2,0,0,0,0,0,6,2,0,0,0,8.19
pcb-e1-dock-preroute.kicad_pcb,pcb-e1-dock-13,a1675590c5e4,0,0,3,0,0,0,0,0,7,2,0,0,0,24.53
pcb-e1-dock-preroute.kicad_pcb,pcb-e1-dock-13,a1675590c5e4,0,1,4,0,0,0,0,0,11,2,0,0,0,51.06
pcb-e1-dock-preroute.kicad_pcb,pcb-e1-dock-13,a1675590c5e4,0,2,3,0,0,1,1.9,0,12,2,0,0,0,11.75
pcb-e1-dock-preroute.kicad_pcb,pcb-e1-dock-13,a1675590c5e4,0,3,3,0,0,0,0,0,13,2,0,0,0,46.23
pcb-e1-dock-preroute.kicad_pcb,pcb-e1-dock-13,a1675590c5e4,0,4,8,6,0,5,15.12,0,14,2,0,0,2,29.22
pcb-e1-dock-preroute.kicad_pcb,pcb-e1-dock-13,a1675590c5e4,0,5,8,0,0,4,3.39,0,13,2,0,0,2,86.55
pcb-e1-dock-preroute.kicad_pcb,pcb-e1-dock-13,a1675590c5e4,0,6,1,0,0,0,0,0,2,2,0,0,0,0
pcb-e1-dock-preroute.kicad_pcb,pcb-e1-dock-13,a1675590c5e4,1,0,6,0,0,0,0,0,10,2,0,0,0,58.73
pcb-e1-dock-preroute.kicad_pcb,pcb-e1-dock-13,a1675590c5e4,1,1,7,0,0,0,0,0,14,2,0,0,0,146.71
pcb-e1-dock-preroute.kicad_pcb,pcb-e1-dock-13,a1675590c5e4,1,2,5,0,0,1,1.9,0,17,2,0,0,0,60.58
pcb-e1-dock-preroute.kicad_pcb,pcb-e1-dock-13,a1675590c5e4,1,3,5,0,0,0,0,0,17,2,0,0,1,165.71
pcb-e1-dock-preroute.kicad_pcb,pcb-e1-dock-13,a1675590c5e4,1,4,5,0,0,2,8.3,0,18,2,0,0,1,35.32
pcb-e1-dock-preroute.kicad_pcb,pcb-e1-dock-13,a1675590c5e4,1,5,8,0,0,6,3.65,0,18,2,0,0,2,50.93
pcb-e1-dock-preroute.kicad_pcb,pcb-e1-dock-13,a1675590c5e4,1,6,1,0,0,0,0,0,3,2,0,0,0,7.74
pcb-e1-dock-preroute.kicad_pcb,pcb-e1-dock-13,a1675590c5e4,2,0,0,0,0,0,0,0,10,2,0,0,0,334.85
pcb-e1-dock-preroute.kicad_pcb,pcb-e1-dock-13,a1675590c5e4,2,1,3,0,0,0,0,0,14,2,0,0,3,245.39
pcb-e1-dock-preroute.kicad_pcb,pcb-e1-dock-13,a1675590c5e4,2,2,5,0,0,1,1.39,0,17,2,0,0,3,144.52
pcb-e1-dock-preroute.kicad_pcb,pcb-e1-dock-13,a1675590c5e4,2,3,5,0,0,1,1.39,0,17,2,0,0,6,146.56
pcb-e1-dock-preroute.kicad_pcb,pcb-e1-dock-13,a1675590c5e4,2,4,5,0,0,1,4.3,0,18,2,0,0,0,29.15
pcb-e1-dock-preroute.kicad_pcb,pcb-e1-dock-13,a1675590c5e4,2,5,4,0,0,2,1.12,0,17,2,0,0,1,41.68
pcb-e1-dock-preroute.kicad_pcb,pcb-e1-dock-13,a1675590c5e4,2,6,2,0,0,0,0,0,3,2,0,0,0,4.81
pcb-e1-dock-preroute.kicad_pcb,pcb-e1-dock-13,a1675590c5e4,3,0,0,0,0,0,0,0,8,2,0,0,0,161.79
pcb-e1-dock-preroute.kicad_pcb,pcb-e1-dock-13,a1675590c5e4,3,1,0,0,0,0,0,0,11,2,0,0,0,45.44
pcb-e1-dock-preroute.kicad_pcb,pcb-e1-dock-13,a1675590c5e4,3,2,1,0,0,0,0,0,12,3,0,0,0,49.94
pcb-e1-dock-preroute.kicad_pcb,pcb-e1-dock-13,a1675590c5e4,3,5,0,0,0,0,0,0,14,2,0,0,1,12.98
pcb-e1-dock-preroute.kicad_pcb,pcb-e1-dock-13,a1675590c5e4,3,6,2,0,0,0,0,0,2,2,0,0,0,5.8
pcb-e1-dock-preroute.kicad_pcb,pcb-e1-dock-13,a1675590c5e4,4,1,1,0,0,0,0,0,11,2,0,0,0,0
pcb-e1-dock-preroute.kicad_pcb,pcb-e1-dock-13,a1675590c5e4,4,3,1,0,0,0,0,0,14,3,0,0,0,0
pcb-e1-dock-preroute.kicad_pcb,pcb-e1-dock-13,a1675590c5e4,4,4,5,5,0,5,10.56,0,22,2,0,0,0,64.59
pcb-e1-dock-preroute.kicad_pcb,pcb-e1-dock-13,a1675590c5e4,4,5,9,0,0,0,0,0,21,2,0,0,5,80.77
pcb-e1-dock-preroute.kicad_pcb,pcb-e1-dock-13,a1675590c5e4,4,6,1,0,0,1,4.65,0,3,2,0,0,0,9.34
pcb-e1-dock-preroute.kicad_pcb,pcb-e1-dock-13,a1675590c5e4,5,3,0,0,0,0,0,0,13,2,0,0,0,9.73
pcb-e1-dock-preroute.kicad_pcb,pcb-e1-dock-13,a1675590c5e4,5,4,6,5,0,6,12.86,0,24,2,0,0,1,54.09
pcb-e1-dock-preroute.kicad_pcb,pcb-e1-dock-13,a1675590c5e4,5,5,10,0,0,0,0,0,23,2,0,0,4,81.11
pcb-e1-dock-preroute.kicad_pcb,pcb-e1-dock-13,a1675590c5e4,5,6,1,0,0,1,4.65,0,2,2,0,0,0,0
pcb-e1-dock-preroute.kicad_pcb,pcb-e1-dock-13,a1675590c5e4,6,2,0,0,0,3,0,0,13,2,0,0,0,32.13
pcb-e1-dock-preroute.kicad_pcb,pcb-e1-dock-13,a1675590c5e4,6,3,6,0,0,1,14.67,0,17,2,0,0,1,64.26
pcb-e1-dock-preroute.kicad_pcb,pcb-e1-dock-13,a1675590c5e4,6,4,1,0,0,1,2.3,0,24,2,0,0,0,48.39
pcb-e1-dock-preroute.kicad_pcb,pcb-e1-dock-13,a1675590c5e4,6,5,8,0,0,2,4.0,0,22,2,0,0,3,134.06
pcb-e1-dock-preroute.kicad_pcb,pcb-e1-dock-13,a1675590c5e4,6,6,1,0,0,0,0,0,3,2,0,0,1,36.5
pcb-e1-dock-preroute.kicad_pcb,pcb-e1-dock-13,a1675590c5e4,7,2,0,0,0,3,0,0,14,2,0,0,0,31.48
pcb-e1-dock-preroute.kicad_pcb,pcb-e1-dock-13,a1675590c5e4,7,3,6,0,0,1,6.6,0,20,2,0,0,1,102.36
pcb-e1-dock-preroute.kicad_pcb,pcb-e1-dock-13,a1675590c5e4,7,4,10,0,0,6,6.84,0,28,2,0,0,2,40.68
pcb-e1-dock-preroute.kicad_pcb,pcb-e1-dock-13,a1675590c5e4,7,5,4,0,0,0,0,0,25,2,0,0,1,39.38
pcb-e1-dock-preroute.kicad_pcb,pcb-e1-dock-13,a1675590c5e4,7,6,1,0,0,0,0,0,6,2,0,0,0,5.76
pcb-e1-dock-preroute.kicad_pcb,pcb-e1-dock-13,a1675590c5e4,8,1,1,0,0,0,0,0,11,2,0,0,0,109.03
pcb-e1-dock-preroute.kicad_pcb,pcb-e1-dock-13,a1675590c5e4,8,2,0,0,0,0,0,0,14,2,0,0,0,24.01
pcb-e1-dock-preroute.kicad_pcb,pcb-e1-dock-13,a1675590c5e4,8,3,1,0,0,0,0,0,20,2,0,0,0,583.43
pcb-e1-dock-preroute.kicad_pcb,pcb-e1-dock-13,a1675590c5e4,8,4,10,6,0,5,10.17,0,28,2,1,0,3,68.1
pcb-e1-dock-preroute.kicad_pcb,pcb-e1-dock-13,a1675590c5e4,8,5,3,0,0,0,0,0,26,2,0,0,1,55.26
pcb-e1-dock-preroute.kicad_pcb,pcb-e1-dock-13,a1675590c5e4,8,6,2,0,0,0,0,0,7,2,0,0,0,26.98
pcb-e1-dock-preroute.kicad_pcb,pcb-e1-dock-13,a1675590c5e4,9,1,1,0,0,0,0,0,11,3,0,0,0,90.67
pcb-e1-dock-preroute.kicad_pcb,pcb-e1-dock-13,a1675590c5e4,9,2,0,0,0,0,0,0,14,3,0,0,0,338.53
pcb-e1-dock-preroute.kicad_pcb,pcb-e1-dock-13,a1675590c5e4,9,3,1,0,0,0,0,0,20,2,0,0,0,37.35
pcb-e1-dock-preroute.kicad_pcb,pcb-e1-dock-13,a1675590c5e4,9,4,1,0,0,3,0,0,28,2,0,0,0,48.69
pcb-e1-dock-preroute.kicad_pcb,pcb-e1-dock-13,a1675590c5e4,9,5,4,0,0,0,0,0,26,2,0,0,2,28.35
pcb-e1-dock-preroute.kicad_pcb,pcb-e1-dock-13,a1675590c5e4,9,6,2,0,0,0,0,0,7,2,0,0,0,20.96
pcb-e1-dock-preroute.kicad_pcb,pcb-e1-dock-13,a1675590c5e4,10,0,0,0,0,0,0,0,7,2,0,0,0,24.11
pcb-e1-dock-preroute.kicad_pcb,pcb-e1-dock-13,a1675590c5e4,10,4,3,0,0,1,2.9,0,26,2,0,0,0,61.04
pcb-e1-dock-preroute.kicad_pcb,pcb-e1-dock-13,a1675590c5e4,10,5,6,0,0,3,2.25,0,24,2,0,0,2,105.17
pcb-e1-dock-preroute.kicad_pcb,pcb-e1-dock-13,a1675590c5e4,10,6,2,0,0,0,0,0,6,2,0,0,0,14.27
pcb-e1-dock-preroute.kicad_pcb,pcb-e1-dock-13,a1675590c5e4,11,1,1,0,0,0,0,0,11,4,0,0,0,0
pcb-e1-dock-preroute.kicad_pcb,pcb-e1-dock-13,a1675590c5e4,11,3,1,0,0,0,0,0,20,2,0,0,0,0
pcb-e1-dock-preroute.kicad_pcb,pcb-e1-dock-13,a1675590c5e4,11,4,2,0,0,1,2.9,0,23,2,0,0,0,10.31
pcb-e1-dock-preroute.kicad_pcb,pcb-e1-dock-13,a1675590c5e4,11,5,5,0,0,2,6.53,0,21,2,0,0,0,54.23
pcb-e1-dock-preroute.kicad_pcb,pcb-e1-dock-13,a1675590c5e4,12,1,1,0,0,0,0,0,11,3,0,0,0,0
pcb-e1-dock-preroute.kicad_pcb,pcb-e1-dock-13,a1675590c5e4,12,2,0,0,0,0,0,0,14,3,0,0,0,30.69
pcb-e1-dock-preroute.kicad_pcb,pcb-e1-dock-13,a1675590c5e4,12,3,1,0,0,0,0,0,21,2,0,0,0,0
pcb-e1-dock-preroute.kicad_pcb,pcb-e1-dock-13,a1675590c5e4,12,4,2,0,0,2,4.7,0,23,2,0,0,0,10.62
pcb-e1-dock-preroute.kicad_pcb,pcb-e1-dock-13,a1675590c5e4,12,5,2,0,0,3,3.1,0,20,2,0,0,0,15.69
pcb-e1-dock-preroute.kicad_pcb,pcb-e1-dock-13,a1675590c5e4,12,6,2,0,0,0,0,0,6,2,0,0,0,2.67
pcb-e1-dock-preroute.kicad_pcb,pcb-e1-dock-13,a1675590c5e4,13,1,1,0,0,0,0,0,11,4,0,0,0,0
pcb-e1-dock-preroute.kicad_pcb,pcb-e1-dock-13,a1675590c5e4,13,2,0,0,0,0,0,0,14,4,0,0,0,48.13
pcb-e1-dock-preroute.kicad_pcb,pcb-e1-dock-13,a1675590c5e4,13,3,1,0,0,0,0,0,21,2,0,0,0,13.94
pcb-e1-dock-preroute.kicad_pcb,pcb-e1-dock-13,a1675590c5e4,13,4,5,0,0,5,10.2,0,23,2,0,0,0,13.91
pcb-e1-dock-preroute.kicad_pcb,pcb-e1-dock-13,a1675590c5e4,13,5,1,0,0,1,1.4,0,20,2,0,0,0,6.51
pcb-e1-dock-preroute.kicad_pcb,pcb-e1-dock-13,a1675590c5e4,13,6,2,0,0,0,0,0,6,2,0,0,0,14.61
pcb-e1-dock-preroute.kicad_pcb,pcb-e1-dock-13,a1675590c5e4,14,3,2,0,0,2,4.69,0,22,2,0,0,0,1.27
pcb-e1-dock-preroute.kicad_pcb,pcb-e1-dock-13,a1675590c5e4,14,4,9,0,0,9,11.95,0,28,2,0,0,0,32.58
pcb-e1-dock-preroute.kicad_pcb,pcb-e1-dock-13,a1675590c5e4,14,5,3,0,0,0,0,0,24,2,0,0,1,15.34
pcb-e1-dock-preroute.kicad_pcb,pcb-e1-dock-13,a1675590c5e4,14,6,2,0,0,0,0,0,5,2,0,0,0,10.2
pcb-e1-dock-preroute.kicad_pcb,pcb-e1-dock-13,a1675590c5e4,15,1,1,0,0,0,0,0,11,3,0,0,0,0
pcb-e1-dock-preroute.kicad_pcb,pcb-e1-dock-13,a1675590c5e4,15,3,7,0,0,5,0,0,23,2,0,0,2,26.09
pcb-e1-dock-preroute.kicad_pcb,pcb-e1-dock-13,a1675590c5e4,15,4,14,0,0,8,0,0,31,2,0,0,6,27.09
pcb-e1-dock-preroute.kicad_pcb,pcb-e1-dock-13,a1675590c5e4,15,5,6,0,0,0,0,0,27,2,0,0,3,49.53
pcb-e1-dock-preroute.kicad_pcb,pcb-e1-dock-13,a1675590c5e4,16,1,1,0,0,0,0,0,11,3,0,0,0,0
pcb-e1-dock-preroute.kicad_pcb,pcb-e1-dock-13,a1675590c5e4,16,3,13,0,0,5,3.58,0,25,2,0,0,4,26.52
pcb-e1-dock-preroute.kicad_pcb,pcb-e1-dock-13,a1675590c5e4,16,4,16,0,0,8,7.56,0,35,2,0,0,6,102.02
pcb-e1-dock-preroute.kicad_pcb,pcb-e1-dock-13,a1675590c5e4,16,5,4,0,0,0,0,0,29,2,0,0,3,199.21
pcb-e1-dock-preroute.kicad_pcb,pcb-e1-dock-13,a1675590c5e4,17,0,0,0,0,0,0,0,7,2,0,0,1,0
pcb-e1-dock-preroute.kicad_pcb,pcb-e1-dock-13,a1675590c5e4,17,2,0,0,0,0,0,0,14,4,0,0,1,11.14
pcb-e1-dock-preroute.kicad_pcb,pcb-e1-dock-13,a1675590c5e4,17,3,0,0,0,0,0,0,28,2,0,0,2,24.92
pcb-e1-dock-preroute.kicad_pcb,pcb-e1-dock-13,a1675590c5e4,17,4,12,12,0,11,21.59,0,43,2,0,0,2,99.05
pcb-e1-dock-preroute.kicad_pcb,pcb-e1-dock-13,a1675590c5e4,17,5,3,0,0,1,0,0,29,2,0,0,5,124.65
pcb-e1-dock-preroute.kicad_pcb,pcb-e1-dock-13,a1675590c5e4,18,0,0,0,0,1,0,0,7,2,0,0,0,9.05
pcb-e1-dock-preroute.kicad_pcb,pcb-e1-dock-13,a1675590c5e4,18,1,1,0,0,0,0,0,11,3,0,0,1,41.14
pcb-e1-dock-preroute.kicad_pcb,pcb-e1-dock-13,a1675590c5e4,18,2,1,0,0,1,0,0,14,3,0,0,1,88.69
pcb-e1-dock-preroute.kicad_pcb,pcb-e1-dock-13,a1675590c5e4,18,3,3,0,0,0,0,0,28,2,0,0,1,49.57
pcb-e1-dock-preroute.kicad_pcb,pcb-e1-dock-13,a1675590c5e4,18,4,35,33,1,15,32.8,0,42,2,0,0,6,96.37
pcb-e1-dock-preroute.kicad_pcb,pcb-e1-dock-13,a1675590c5e4,18,5,1,0,0,6,6.84,0,27,2,0,0,1,132.82
pcb-e1-dock-preroute.kicad_pcb,pcb-e1-dock-13,a1675590c5e4,19,0,20,14,0,12,25.06,0,9,2,0,0,2,172.06
pcb-e1-dock-preroute.kicad_pcb,pcb-e1-dock-13,a1675590c5e4,19,1,12,0,0,3,3.16,0,13,2,0,0,2,61.31
pcb-e1-dock-preroute.kicad_pcb,pcb-e1-dock-13,a1675590c5e4,19,2,7,0,0,3,4.5,0,16,2,0,0,0,29.24
pcb-e1-dock-preroute.kicad_pcb,pcb-e1-dock-13,a1675590c5e4,19,3,6,0,0,4,4.92,0,28,2,0,0,1,35.64
pcb-e1-dock-preroute.kicad_pcb,pcb-e1-dock-13,a1675590c5e4,19,4,18,0,0,7,10.12,0,35,2,0,0,5,84.81
pcb-e1-dock-preroute.kicad_pcb,pcb-e1-dock-13,a1675590c5e4,19,5,0,0,0,0,0,0,23,2,0,0,1,26.83
pcb-e1-dock-preroute.kicad_pcb,pcb-e1-dock-13,a1675590c5e4,20,1,1,0,0,0,0,0,11,3,0,0,0,66.03
pcb-e1-dock-preroute.kicad_pcb,pcb-e1-dock-13,a1675590c5e4,20,3,6,0,0,4,7.24,0,24,2,0,0,0,136.35
pcb-e1-dock-preroute.kicad_pcb,pcb-e1-dock-13,a1675590c5e4,20,4,2,0,0,4,3.38,0,26,2,0,0,1,61.25
pcb-e1-dock-preroute.kicad_pcb,pcb-e1-dock-13,a1675590c5e4,20,5,2,0,0,1,2.65,0,22,2,0,0,0,28.12
pcb-e1-dock-preroute.kicad_pcb,pcb-e1-dock-13,a1675590c5e4,20,6,2,0,0,2,3.1,0,5,2,0,0,0,10.38
pcb-e1-dock-preroute.kicad_pcb,pcb-e1-dock-13,a1675590c5e4,21,1,0,0,0,0,0,0,11,4,0,0,0,5.02
pcb-e1-dock-preroute.kicad_pcb,pcb-e1-dock-13,a1675590c5e4,21,2,0,0,0,0,0,0,15,4,0,0,3,93.47
pcb-e1-dock-preroute.kicad_pcb,pcb-e1-dock-13,a1675590c5e4,21,3,10,3,0,6,5.09,0,24,2,0,0,2,63.21
pcb-e1-dock-preroute.kicad_pcb,pcb-e1-dock-13,a1675590c5e4,21,4,4,0,0,3,2.65,0,26,2,0,0,2,10.94
pcb-e1-dock-preroute.kicad_pcb,pcb-e1-dock-13,a1675590c5e4,21,5,2,0,0,2,4.2,0,22,2,0,0,0,25.94
pcb-e1-dock-preroute.kicad_pcb,pcb-e1-dock-13,a1675590c5e4,21,6,3,0,0,2,2.52,0,6,2,0,0,2,12.96
pcb-e1-dock-preroute.kicad_pcb,pcb-e1-dock-13,a1675590c5e4,22,1,1,0,0,0,0,0,11,3,0,0,0,0
pcb-e1-dock-preroute.kicad_pcb,pcb-e1-dock-13,a1675590c5e4,22,2,0,0,0,0,0,0,15,3,0,0,0,13.76
pcb-e1-dock-preroute.kicad_pcb,pcb-e1-dock-13,a1675590c5e4,22,3,4,3,0,3,5.09,0,23,2,0,0,3,153.5
pcb-e1-dock-preroute.kicad_pcb,pcb-e1-dock-13,a1675590c5e4,22,4,0,0,0,0,0,0,25,2,0,0,8,197.7
pcb-e1-dock-preroute.kicad_pcb,pcb-e1-dock-13,a1675590c5e4,22,5,1,0,0,1,1.55,0,21,2,0,0,3,95.17
pcb-e1-dock-preroute.kicad_pcb,pcb-e1-dock-13,a1675590c5e4,22,6,3,0,0,1,2.52,0,5,2,0,0,0,7.03
pcb-e1-dock-preroute.kicad_pcb,pcb-e1-dock-13,a1675590c5e4,23,1,1,0,0,0,0,0,11,3,0,0,0,0
pcb-e1-dock-preroute.kicad_pcb,pcb-e1-dock-13,a1675590c5e4,23,3,1,0,0,0,0,0,29,2,0,0,2,193.12
pcb-e1-dock-preroute.kicad_pcb,pcb-e1-dock-13,a1675590c5e4,23,4,37,37,0,28,28.82,0,37,2,1,0,7,161.71
pcb-e1-dock-preroute.kicad_pcb,pcb-e1-dock-13,a1675590c5e4,23,5,24,24,0,17,21.41,0,25,2,0,0,3,128.38
pcb-e1-dock-preroute.kicad_pcb,pcb-e1-dock-13,a1675590c5e4,23,6,1,0,0,1,0,0,3,2,0,0,1,14.33
pcb-e1-dock-preroute.kicad_pcb,pcb-e1-dock-13,a1675590c5e4,24,3,12,10,0,9,17.49,0,17,2,0,0,1,65.75
pcb-e1-dock-preroute.kicad_pcb,pcb-e1-dock-13,a1675590c5e4,24,4,14,0,0,6,3.38,19.28,24,2,0,0,5,88.56
pcb-e1-dock-preroute.kicad_pcb,pcb-e1-dock-13,a1675590c5e4,24,5,4,0,0,2,1.12,0,14,2,0,0,3,73.88
pcb-e1-dock-preroute.kicad_pcb,pcb-e1-dock-13,a1675590c5e4,24,6,0,0,0,0,0,0,1,2,0,0,0,13.08
pcb-e1-dock-preroute.kicad_pcb,pcb-e1-dock-13,a1675590c5e4,25,1,1,0,0,0,0,0,6,3,0,0,0,0
pcb-e1-dock-preroute.kicad_pcb,pcb-e1-dock-13,a1675590c5e4,25,2,1,0,0,0,0,0,6,4,0,0,0,0
pcb-e1-dock-preroute.kicad_pcb,pcb-e1-dock-13,a1675590c5e4,25,3,5,0,0,2,2.5,0,11,3,0,0,2,198.97
pcb-e1-dock-preroute.kicad_pcb,pcb-e1-dock-13,a1675590c5e4,25,4,14,0,0,5,6.75,0,14,2,0,0,5,70.82
pcb-e1-dock-preroute.kicad_pcb,pcb-e1-dock-13,a1675590c5e4,25,5,6,0,0,0,0,0,10,2,0,0,3,95.84
pcb-e1-dock-preroute.kicad_pcb,pcb-e1-dock-13,a1675590c5e4,26,3,2,0,0,0,0,0,6,3,0,0,1,9.13
pcb-e1-dock-preroute.kicad_pcb,pcb-e1-dock-13,a1675590c5e4,26,4,7,0,0,3,3.38,0,8,2,0,0,0,17.31
pcb-e1-dock-preroute.kicad_pcb,pcb-e1-dock-13,a1675590c5e4,26,5,2,0,0,1,0,0,6,2,0,0,0,9.1
pcb-e1-dock-preroute.kicad_pcb,pcb-e1-dock-14,596c4f8365b6,0,0,3,0,0,0,0,0,6,2,0,0,0,22.46
pcb-e1-dock-preroute.kicad_pcb,pcb-e1-dock-14,596c4f8365b6,0,1,4,0,0,0,0,0,10,2,0,0,0,54.02
pcb-e1-dock-preroute.kicad_pcb,pcb-e1-dock-14,596c4f8365b6,0,2,3,0,0,1,1.9,0,11,2,0,0,0,3.61
pcb-e1-dock-preroute.kicad_pcb,pcb-e1-dock-14,596c4f8365b6,0,3,3,0,0,0,0,0,13,2,0,0,1,72.68
pcb-e1-dock-preroute.kicad_pcb,pcb-e1-dock-14,596c4f8365b6,0,4,8,6,0,5,15.12,0,14,2,0,0,0,32.82
pcb-e1-dock-preroute.kicad_pcb,pcb-e1-dock-14,596c4f8365b6,0,5,9,0,0,4,3.39,0,13,2,1,0,0,25.17
pcb-e1-dock-preroute.kicad_pcb,pcb-e1-dock-14,596c4f8365b6,0,6,1,0,0,0,0,0,2,2,0,0,0,0
pcb-e1-dock-preroute.kicad_pcb,pcb-e1-dock-14,596c4f8365b6,1,0,6,0,0,0,0,0,10,2,0,0,1,197.47
pcb-e1-dock-preroute.kicad_pcb,pcb-e1-dock-14,596c4f8365b6,1,1,7,0,0,0,0,0,14,2,0,0,2,78.64
pcb-e1-dock-preroute.kicad_pcb,pcb-e1-dock-14,596c4f8365b6,1,2,5,0,0,1,1.9,0,17,2,0,0,1,37.53
pcb-e1-dock-preroute.kicad_pcb,pcb-e1-dock-14,596c4f8365b6,1,3,5,0,0,0,0,0,17,2,0,0,3,90.67
pcb-e1-dock-preroute.kicad_pcb,pcb-e1-dock-14,596c4f8365b6,1,4,5,0,0,2,6.3,0,18,2,0,0,0,26.92
pcb-e1-dock-preroute.kicad_pcb,pcb-e1-dock-14,596c4f8365b6,1,5,7,0,0,5,3.65,0,17,2,0,0,2,47.11
pcb-e1-dock-preroute.kicad_pcb,pcb-e1-dock-14,596c4f8365b6,1,6,1,0,0,0,0,0,3,2,0,0,0,7.74
pcb-e1-dock-preroute.kicad_pcb,pcb-e1-dock-14,596c4f8365b6,2,0,0,0,0,0,0,0,10,2,0,0,0,193.95
pcb-e1-dock-preroute.kicad_pcb,pcb-e1-dock-14,596c4f8365b6,2,1,3,0,0,0,0,0,14,2,0,0,0,123.81
pcb-e1-dock-preroute.kicad_pcb,pcb-e1-dock-14,596c4f8365b6,2,2,6,0,0,2,2.77,0,17,2,0,0,1,42.28
pcb-e1-dock-preroute.kicad_pcb,pcb-e1-dock-14,596c4f8365b6,2,3,4,0,0,0,0,0,17,2,0,0,3,76.32
pcb-e1-dock-preroute.kicad_pcb,pcb-e1-dock-14,596c4f8365b6,2,4,5,0,0,1,6.3,0,18,2,0,0,0,25.59
pcb-e1-dock-preroute.kicad_pcb,pcb-e1-dock-14,596c4f8365b6,2,5,4,0,0,3,1.12,0,16,2,0,0,0,29.57
pcb-e1-dock-preroute.kicad_pcb,pcb-e1-dock-14,596c4f8365b6,2,6,2,0,0,0,0,0,3,2,0,0,0,4.81
pcb-e1-dock-preroute.kicad_pcb,pcb-e1-dock-14,596c4f8365b6,3,2,1,0,0,0,0,0,12,3,0,0,0,88.58
pcb-e1-dock-preroute.kicad_pcb,pcb-e1-dock-14,596c4f8365b6,3,4,0,0,0,0,0,0,15,2,0,0,0,6.45
pcb-e1-dock-preroute.kicad_pcb,pcb-e1-dock-14,596c4f8365b6,3,5,0,0,0,0,0,0,13,2,0,0,2,70.47
pcb-e1-dock-preroute.kicad_pcb,pcb-e1-dock-14,596c4f8365b6,3,6,2,0,0,0,0,0,2,2,0,0,0,7.86
pcb-e1-dock-preroute.kicad_pcb,pcb-e1-dock-14,596c4f8365b6,4,1,1,0,0,0,0,0,11,2,0,0,0,0
pcb-e1-dock-preroute.kicad_pcb,pcb-e1-dock-14,596c4f8365b6,4,2,0,0,0,0,0,0,12,3,0,0,1,41.39
pcb-e1-dock-preroute.kicad_pcb,pcb-e1-dock-14,596c4f8365b6,4,3,1,0,0,0,0,0,14,3,0,0,1,11.43
pcb-e1-dock-preroute.kicad_pcb,pcb-e1-dock-14,596c4f8365b6,4,4,5,5,0,5,10.56,0,22,2,0,0,4,58.57
pcb-e1-dock-preroute.kicad_pcb,pcb-e1-dock-14,596c4f8365b6,4,5,8,0,0,0,0,0,20,2,0,0,4,55.87
pcb-e1-dock-preroute.kicad_pcb,pcb-e1-dock-14,596c4f8365b6,4,6,1,0,0,1,4.65,0,3,2,0,0,0,9.34
pcb-e1-dock-preroute.kicad_pcb,pcb-e1-dock-14,596c4f8365b6,5,4,6,5,0,6,12.86,0,24,2,0,0,1,49.48
pcb-e1-dock-preroute.kicad_pcb,pcb-e1-dock-14,596c4f8365b6,5,5,11,0,0,0,0,0,22,2,0,0,6,77.43
pcb-e1-dock-preroute.kicad_pcb,pcb-e1-dock-14,596c4f8365b6,5,6,1,0,0,1,4.65,0,2,2,0,0,0,0
pcb-e1-dock-preroute.kicad_pcb,pcb-e1-dock-14,596c4f8365b6,6,2,0,0,0,3,0,0,13,2,0,0,0,4.69
pcb-e1-dock-preroute.kicad_pcb,pcb-e1-dock-14,596c4f8365b6,6,3,6,0,0,1,14.67,0,17,2,0,0,1,24.43
pcb-e1-dock-preroute.kicad_pcb,pcb-e1-dock-14,596c4f8365b6,6,4,1,0,0,1,2.3,0,24,2,0,0,0,3.5
pcb-e1-dock-preroute.kicad_pcb,pcb-e1-dock-14,596c4f8365b6,6,5,8,0,0,2,4.0,0,21,2,0,0,1,192.21
pcb-e1-dock-preroute.kicad_pcb,pcb-e1-dock-14,596c4f8365b6,6,6,1,0,0,0,0,0,3,2,0,0,1,5.24
pcb-e1-dock-preroute.kicad_pcb,pcb-e1-dock-14,596c4f8365b6,7,3,6,0,0,1,6.6,0,20,2,0,0,1,330.74
pcb-e1-dock-preroute.kicad_pcb,pcb-e1-dock-14,596c4f8365b6,7,4,8,0,0,6,6.84,0,28,2,1,0,2,39.14
pcb-e1-dock-preroute.kicad_pcb,pcb-e1-dock-14,596c4f8365b6,7,5,4,0,0,0,0,0,24,2,0,0,2,88.67
pcb-e1-dock-preroute.kicad_pcb,pcb-e1-dock-14,596c4f8365b6,7,6,1,0,0,0,0,0,6,2,0,0,0,3.25
pcb-e1-dock-preroute.kicad_pcb,pcb-e1-dock-14,596c4f8365b6,8,1,1,0,0,0,0,0,12,2,0,0,0,0
pcb-e1-dock-preroute.kicad_pcb,pcb-e1-dock-14,596c4f8365b6,8,2,0,0,0,0,0,0,14,2,0,0,0,128.11
pcb-e1-dock-preroute.kicad_pcb,pcb-e1-dock-14,596c4f8365b6,8,3,1,0,0,0,0,0,20,2,0,0,0,11.53
pcb-e1-dock-preroute.kicad_pcb,pcb-e1-dock-14,596c4f8365b6,8,4,12,6,0,5,10.17,0,28,2,0,0,2,45.16
pcb-e1-dock-preroute.kicad_pcb,pcb-e1-dock-14,596c4f8365b6,8,5,3,0,0,0,0,0,25,2,0,0,4,79.36
pcb-e1-dock-preroute.kicad_pcb,pcb-e1-dock-14,596c4f8365b6,8,6,2,0,0,0,0,0,7,2,0,0,0,21.69
pcb-e1-dock-preroute.kicad_pcb,pcb-e1-dock-14,596c4f8365b6,9,1,1,0,0,0,0,0,12,3,0,0,0,88.16
pcb-e1-dock-preroute.kicad_pcb,pcb-e1-dock-14,596c4f8365b6,9,2,0,0,0,0,0,0,14,3,0,0,0,259.64
pcb-e1-dock-preroute.kicad_pcb,pcb-e1-dock-14,596c4f8365b6,9,3,1,0,0,0,0,0,20,2,0,0,0,18.44
pcb-e1-dock-preroute.kicad_pcb,pcb-e1-dock-14,596c4f8365b6,9,4,1,0,0,3,0,0,28,2,0,0,0,36.89
pcb-e1-dock-preroute.kicad_pcb,pcb-e1-dock-14,596c4f8365b6,9,5,4,0,0,0,0,0,25,2,1,0,1,21.63
pcb-e1-dock-preroute.kicad_pcb,pcb-e1-dock-14,596c4f8365b6,9,6,2,0,0,0,0,0,7,2,0,0,0,5.9
pcb-e1-dock-preroute.kicad_pcb,pcb-e1-dock-14,596c4f8365b6,10,4,3,0,0,1,2.9,0,26,2,0,0,0,86.26
pcb-e1-dock-preroute.kicad_pcb,pcb-e1-dock-14,596c4f8365b6,10,5,6,0,0,3,2.25,0,23,2,0,0,1,92.23
pcb-e1-dock-preroute.kicad_pcb,pcb-e1-dock-14,596c4f8365b6,10,6,2,0,0,0,0,0,6,2,0,0,0,3.4
pcb-e1-dock-preroute.kicad_pcb,pcb-e1-dock-14,596c4f8365b6,11,1,1,0,0,0,0,0,12,4,0,0,0,0
pcb-e1-dock-preroute.kicad_pcb,pcb-e1-dock-14,596c4f8365b6,11,3,1,0,0,0,0,0,20,2,0,0,0,0
pcb-e1-dock-preroute.kicad_pcb,pcb-e1-dock-14,596c4f8365b6,11,4,2,0,0,0,2.9,0,23,2,0,0,0,21.76
pcb-e1-dock-preroute.kicad_pcb,pcb-e1-dock-14,596c4f8365b6,11,5,5,0,0,2,6.53,0,20,2,0,0,0,12.57
pcb-e1-dock-preroute.kicad_pcb,pcb-e1-dock-14,596c4f8365b6,12,1,1,0,0,0,0,0,12,3,0,0,0,0
pcb-e1-dock-preroute.kicad_pcb,pcb-e1-dock-14,596c4f8365b6,12,3,1,0,0,0,0,0,21,2,0,0,0,0
pcb-e1-dock-preroute.kicad_pcb,pcb-e1-dock-14,596c4f8365b6,12,4,2,0,0,3,4.7,0,23,2,0,0,0,43.69
pcb-e1-dock-preroute.kicad_pcb,pcb-e1-dock-14,596c4f8365b6,12,5,2,0,0,3,3.1,0,19,2,0,0,1,24.81
pcb-e1-dock-preroute.kicad_pcb,pcb-e1-dock-14,596c4f8365b6,12,6,2,0,0,0,0,0,6,2,0,0,0,12.81
pcb-e1-dock-preroute.kicad_pcb,pcb-e1-dock-14,596c4f8365b6,13,1,1,0,0,0,0,0,12,4,0,0,0,0
pcb-e1-dock-preroute.kicad_pcb,pcb-e1-dock-14,596c4f8365b6,13,3,1,0,0,0,0,0,21,2,0,0,0,0
pcb-e1-dock-preroute.kicad_pcb,pcb-e1-dock-14,596c4f8365b6,13,4,5,0,0,5,10.2,0,23,2,0,0,0,15.61
pcb-e1-dock-preroute.kicad_pcb,pcb-e1-dock-14,596c4f8365b6,13,5,1,0,0,1,1.4,0,19,2,0,0,0,70.65
pcb-e1-dock-preroute.kicad_pcb,pcb-e1-dock-14,596c4f8365b6,13,6,2,0,0,0,0,0,6,2,0,0,0,4.52
pcb-e1-dock-preroute.kicad_pcb,pcb-e1-dock-14,596c4f8365b6,14,1,0,0,0,0,0,0,12,4,0,0,0,97.61
pcb-e1-dock-preroute.kicad_pcb,pcb-e1-dock-14,596c4f8365b6,14,3,0,0,0,2,0,0,21,2,0,0,0,3.27
pcb-e1-dock-preroute.kicad_pcb,pcb-e1-dock-14,596c4f8365b6,14,4,3,0,0,9,5.5,0,24,2,0,0,0,48.67
pcb-e1-dock-preroute.kicad_pcb,pcb-e1-dock-14,596c4f8365b6,14,5,2,0,0,0,0,0,21,2,0,0,0,58.49
pcb-e1-dock-preroute.kicad_pcb,pcb-e1-dock-14,596c4f8365b6,14,6,2,0,0,0,0,0,5,2,0,0,0,3.4
pcb-e1-dock-preroute.kicad_pcb,pcb-e1-dock-14,596c4f8365b6,15,1,1,0,0,0,0,0,12,3,0,0,0,0
pcb-e1-dock-preroute.kicad_pcb,pcb-e1-dock-14,596c4f8365b6,15,3,9,0,0,4,4.69,0,23,2,0,0,2,20.27
pcb-e1-dock-preroute.kicad_pcb,pcb-e1-dock-14,596c4f8365b6,15,4,20,0,0,12,8.99,0,32,2,0,0,6,57.83
pcb-e1-dock-preroute.kicad_pcb,pcb-e1-dock-14,596c4f8365b6,15,5,7,0,0,0,0,0,27,2,0,0,5,92.42
pcb-e1-dock-preroute.kicad_pcb,pcb-e1-dock-14,596c4f8365b6,16,1,1,0,0,0,0,0,12,3,0,0,0,0
pcb-e1-dock-preroute.kicad_pcb,pcb-e1-dock-14,596c4f8365b6,16,2,0,0,0,0,0,0,14,3,0,0,0,55.57
pcb-e1-dock-preroute.kicad_pcb,pcb-e1-dock-14,596c4f8365b6,16,3,9,0,0,3,2.15,0,24,2,0,0,3,9.29
pcb-e1-dock-preroute.kicad_pcb,pcb-e1-dock-14,596c4f8365b6,16,4,20,0,0,7,6.45,0,35,2,0,0,7,77.42
pcb-e1-dock-preroute.kicad_pcb,pcb-e1-dock-14,596c4f8365b6,16,5,4,0,0,0,0,0,28,2,0,0,3,95.91
pcb-e1-dock-preroute.kicad_pcb,pcb-e1-dock-14,596c4f8365b6,17,3,0,0,0,0,0,0,26,2,0,0,0,58.08
pcb-e1-dock-preroute.kicad_pcb,pcb-e1-dock-14,596c4f8365b6,17,4,12,12,0,11,21.59,0,43,2,0,0,9,122.95
pcb-e1-dock-preroute.kicad_pcb,pcb-e1-dock-14,596c4f8365b6,17,5,3,0,0,1,0,0,28,2,0,0,1,138.6
pcb-e1-dock-preroute.kicad_pcb,pcb-e1-dock-14,596c4f8365b6,18,0,0,0,0,1,0,0,7,2,0,0,2,218.18
pcb-e1-dock-preroute.kicad_pcb,pcb-e1-dock-14,596c4f8365b6,18,1,1,0,0,0,0,0,12,3,0,0,1,1.9
pcb-e1-dock-preroute.kicad_pcb,pcb-e1-dock-14,596c4f8365b6,18,2,0,0,0,1,0,0,14,3,0,0,1,25.14
pcb-e1-dock-preroute.kicad_pcb,pcb-e1-dock-14,596c4f8365b6,18,3,3,0,0,0,0,0,26,2,0,0,4,56.67
pcb-e1-dock-preroute.kicad_pcb,pcb-e1-dock-14,596c4f8365b6,18,4,36,33,1,15,32.8,0,42,2,2,0,7,76.44
pcb-e1-dock-preroute.kicad_pcb,pcb-e1-dock-14,596c4f8365b6,18,5,1,0,0,6,6.84,0,26,2,0,0,3,61.12
pcb-e1-dock-preroute.kicad_pcb,pcb-e1-dock-14,596c4f8365b6,19,0,18,14,0,11,23.93,0,9,2,0,0,1,125.78
pcb-e1-dock-preroute.kicad_pcb,pcb-e1-dock-14,596c4f8365b6,19,1,16,0,0,5,5.41,0,14,2,0,0,3,220.41
pcb-e1-dock-preroute.kicad_pcb,pcb-e1-dock-14,596c4f8365b6,19,2,6,0,0,2,3.38,0,16,2,0,0,2,226.99
pcb-e1-dock-preroute.kicad_pcb,pcb-e1-dock-14,596c4f8365b6,19,3,4,0,0,3,3.8,0,27,2,0,0,1,65.49
pcb-e1-dock-preroute.kicad_pcb,pcb-e1-dock-14,596c4f8365b6,19,4,19,0,0,8,11.25,0,35,2,0,0,3,80.65
pcb-e1-dock-preroute.kicad_pcb,pcb-e1-dock-14,596c4f8365b6,19,5,0,0,0,0,0,0,22,2,0,0,1,32.72
pcb-e1-dock-preroute.kicad_pcb,pcb-e1-dock-14,596c4f8365b6,20,1,1,0,0,0,0,0,12,3,0,0,1,52.66
pcb-e1-dock-preroute.kicad_pcb,pcb-e1-dock-14,596c4f8365b6,20,2,0,0,0,0,0,0,15,3,0,0,1,26.8
pcb-e1-dock-preroute.kicad_pcb,pcb-e1-dock-14,596c4f8365b6,20,3,6,0,0,4,7.24,0,24,2,0,0,3,846.18
pcb-e1-dock-preroute.kicad_pcb,pcb-e1-dock-14,596c4f8365b6,20,4,2,0,0,4,3.38,0,26,2,0,0,2,58.61
pcb-e1-dock-preroute.kicad_pcb,pcb-e1-dock-14,596c4f8365b6,20,5,2,0,0,1,2.65,0,21,2,0,0,1,56.63
pcb-e1-dock-preroute.kicad_pcb,pcb-e1-dock-14,596c4f8365b6,20,6,2,0,0,2,3.1,0,5,2,0,0,0,13.72
pcb-e1-dock-preroute.kicad_pcb,pcb-e1-dock-14,596c4f8365b6,21,2,0,0,0,0,0,0,15,4,0,0,1,35.09
pcb-e1-dock-preroute.kicad_pcb,pcb-e1-dock-14,596c4f8365b6,21,3,10,3,0,6,5.09,0,24,2,0,0,5,125.66
pcb-e1-dock-preroute.kicad_pcb,pcb-e1-dock-14,596c4f8365b6,21,4,4,0,0,3,2.65,0,26,2,0,0,4,58.8
pcb-e1-dock-preroute.kicad_pcb,pcb-e1-dock-14,596c4f8365b6,21,5,2,0,0,2,4.2,0,21,2,0,0,2,55.87
pcb-e1-dock-preroute.kicad_pcb,pcb-e1-dock-14,596c4f8365b6,21,6,3,0,0,2,2.52,0,6,2,0,0,2,40.43
pcb-e1-dock-preroute.kicad_pcb,pcb-e1-dock-14,596c4f8365b6,22,1,1,0,0,0,0,0,12,3,0,0,0,0
pcb-e1-dock-preroute.kicad_pcb,pcb-e1-dock-14,596c4f8365b6,22,2,0,0,0,0,0,0,15,3,0,0,0,32.7
pcb-e1-dock-preroute.kicad_pcb,pcb-e1-dock-14,596c4f8365b6,22,3,4,3,0,3,5.09,0,23,2,0,0,0,80.86
pcb-e1-dock-preroute.kicad_pcb,pcb-e1-dock-14,596c4f8365b6,22,4,0,0,0,0,0,0,25,2,0,0,2,134.45
pcb-e1-dock-preroute.kicad_pcb,pcb-e1-dock-14,596c4f8365b6,22,5,1,0,0,1,1.55,0,20,2,0,0,2,76.47
pcb-e1-dock-preroute.kicad_pcb,pcb-e1-dock-14,596c4f8365b6,22,6,3,0,0,1,2.52,0,5,2,0,0,0,2.0
pcb-e1-dock-preroute.kicad_pcb,pcb-e1-dock-14,596c4f8365b6,23,1,1,0,0,0,0,0,12,3,0,0,0,0
pcb-e1-dock-preroute.kicad_pcb,pcb-e1-dock-14,596c4f8365b6,23,3,1,0,0,0,0,0,29,2,0,0,1,22.95
pcb-e1-dock-preroute.kicad_pcb,pcb-e1-dock-14,596c4f8365b6,23,4,37,37,0,28,28.82,0,36,2,0,0,9,227.66
pcb-e1-dock-preroute.kicad_pcb,pcb-e1-dock-14,596c4f8365b6,23,5,24,24,0,17,21.41,0,24,2,0,0,2,130.4
pcb-e1-dock-preroute.kicad_pcb,pcb-e1-dock-14,596c4f8365b6,23,6,1,0,0,1,0,0,3,2,0,0,1,2.59
pcb-e1-dock-preroute.kicad_pcb,pcb-e1-dock-14,596c4f8365b6,24,3,12,10,0,9,17.49,0,17,2,0,0,0,63.73
pcb-e1-dock-preroute.kicad_pcb,pcb-e1-dock-14,596c4f8365b6,24,4,14,0,0,5,3.38,20.22,23,2,0,0,4,135.38
pcb-e1-dock-preroute.kicad_pcb,pcb-e1-dock-14,596c4f8365b6,24,5,5,0,0,3,1.12,0,13,2,0,0,1,56.61
pcb-e1-dock-preroute.kicad_pcb,pcb-e1-dock-14,596c4f8365b6,25,1,1,0,0,0,0,0,5,3,0,0,0,0
pcb-e1-dock-preroute.kicad_pcb,pcb-e1-dock-14,596c4f8365b6,25,2,1,0,0,0,0,0,5,4,0,0,0,0
pcb-e1-dock-preroute.kicad_pcb,pcb-e1-dock-14,596c4f8365b6,25,3,5,0,0,2,2.5,0,10,3,0,0,2,67.17
pcb-e1-dock-preroute.kicad_pcb,pcb-e1-dock-14,596c4f8365b6,25,4,15,0,0,6,7.88,0,12,2,0,0,3,71.46
pcb-e1-dock-preroute.kicad_pcb,pcb-e1-dock-14,596c4f8365b6,25,5,5,0,0,0,0,0,9,2,0,0,2,18.45
pcb-e1-dock-preroute.kicad_pcb,pcb-e1-dock-14,596c4f8365b6,26,3,2,0,0,0,0,0,6,3,0,0,1,21.81
pcb-e1-dock-preroute.kicad_pcb,pcb-e1-dock-14,596c4f8365b6,26,4,6,0,0,3,2.25,0,8,2,0,0,0,12.03
pcb-e1-dock-preroute.kicad_pcb,pcb-e1-dock-14,596c4f8365b6,26,5,2,0,0,0,0,0,6,2,0,0,1,46.54
pcb-e1-dock-preroute.kicad_pcb,pcb-e1-dock-15,92d2a4f01309,0,0,3,0,0,0,0,0,6,2,0,0,0,16.29
pcb-e1-dock-preroute.kicad_pcb,pcb-e1-dock-15,92d2a4f01309,0,1,4,0,0,0,0,0,10,2,0,0,0,84.05
pcb-e1-dock-preroute.kicad_pcb,pcb-e1-dock-15,92d2a4f01309,0,2,3,0,0,1,1.9,0,11,2,0,0,0,8.63
pcb-e1-dock-preroute.kicad_pcb,pcb-e1-dock-15,92d2a4f01309,0,3,3,0,0,0,0,0,13,2,0,0,2,39.16
pcb-e1-dock-preroute.kicad_pcb,pcb-e1-dock-15,92d2a4f01309,0,4,8,6,0,5,13.12,0,14,2,0,0,0,17.0
pcb-e1-dock-preroute.kicad_pcb,pcb-e1-dock-15,92d2a4f01309,0,5,8,0,0,3,3.39,0,13,2,0,0,1,33.55
pcb-e1-dock-preroute.kicad_pcb,pcb-e1-dock-15,92d2a4f01309,0,6,1,0,0,0,0,0,2,2,0,0,0,0
pcb-e1-dock-preroute.kicad_pcb,pcb-e1-dock-15,92d2a4f01309,1,0,6,0,0,0,0,0,10,2,0,0,1,47.11
pcb-e1-dock-preroute.kicad_pcb,pcb-e1-dock-15,92d2a4f01309,1,1,7,0,0,0,0,0,14,2,0,0,1,77.69
pcb-e1-dock-preroute.kicad_pcb,pcb-e1-dock-15,92d2a4f01309,1,2,5,0,0,1,1.9,0,17,2,0,0,2,131.67
pcb-e1-dock-preroute.kicad_pcb,pcb-e1-dock-15,92d2a4f01309,1,3,5,0,0,0,0,0,17,2,0,0,1,68.73
pcb-e1-dock-preroute.kicad_pcb,pcb-e1-dock-15,92d2a4f01309,1,4,5,0,0,2,10.3,0,18,2,0,0,0,49.46
pcb-e1-dock-preroute.kicad_pcb,pcb-e1-dock-15,92d2a4f01309,1,5,8,0,0,7,3.65,0,18,2,0,0,1,132.56
pcb-e1-dock-preroute.kicad_pcb,pcb-e1-dock-15,92d2a4f01309,1,6,1,0,0,0,0,0,3,2,0,0,0,7.74
pcb-e1-dock-preroute.kicad_pcb,pcb-e1-dock-15,92d2a4f01309,2,0,0,0,0,0,0,0,10,2,0,0,1,0
pcb-e1-dock-preroute.kicad_pcb,pcb-e1-dock-15,92d2a4f01309,2,1,3,0,0,0,0,0,14,2,0,0,1,78.2
pcb-e1-dock-preroute.kicad_pcb,pcb-e1-dock-15,92d2a4f01309,2,2,6,0,0,2,2.77,0,17,2,0,0,3,70.25
pcb-e1-dock-preroute.kicad_pcb,pcb-e1-dock-15,92d2a4f01309,2,3,4,0,0,0,0,0,17,2,0,0,3,81.64
pcb-e1-dock-preroute.kicad_pcb,pcb-e1-dock-15,92d2a4f01309,2,4,5,0,0,1,4.3,0,18,2,0,0,0,23.09
pcb-e1-dock-preroute.kicad_pcb,pcb-e1-dock-15,92d2a4f01309,2,5,4,0,0,2,1.12,0,17,2,0,0,3,37.46
pcb-e1-dock-preroute.kicad_pcb,pcb-e1-dock-15,92d2a4f01309,2,6,2,0,0,0,0,0,3,2,0,0,0,4.81
pcb-e1-dock-preroute.kicad_pcb,pcb-e1-dock-15,92d2a4f01309,3,0,0,0,0,0,0,0,8,2,0,0,0,323.52
pcb-e1-dock-preroute.kicad_pcb,pcb-e1-dock-15,92d2a4f01309,3,2,1,0,0,0,0,0,12,3,0,0,0,18.24
pcb-e1-dock-preroute.kicad_pcb,pcb-e1-dock-15,92d2a4f01309,3,6,2,0,0,0,0,0,2,2,0,0,0,5.8
pcb-e1-dock-preroute.kicad_pcb,pcb-e1-dock-15,92d2a4f01309,4,0,0,0,0,0,0,0,8,2,0,0,0,16.95
pcb-e1-dock-preroute.kicad_pcb,pcb-e1-dock-15,92d2a4f01309,4,1,1,0,0,0,0,0,11,2,0,0,0,0
pcb-e1-dock-preroute.kicad_pcb,pcb-e1-dock-15,92d2a4f01309,4,3,1,0,0,0,0,0,14,3,0,0,0,108.15
pcb-e1-dock-preroute.kicad_pcb,pcb-e1-dock-15,92d2a4f01309,4,4,5,5,0,5,10.56,0,22,2,0,0,3,77.32
pcb-e1-dock-preroute.kicad_pcb,pcb-e1-dock-15,92d2a4f01309,4,5,8,0,0,0,0,0,21,2,0,0,4,46.03
pcb-e1-dock-preroute.kicad_pcb,pcb-e1-dock-15,92d2a4f01309,4,6,1,0,0,1,4.65,0,3,2,0,0,0,9.34
pcb-e1-dock-preroute.kicad_pcb,pcb-e1-dock-15,92d2a4f01309,5,3,0,0,0,0,0,0,13,2,0,0,0,7.08
pcb-e1-dock-preroute.kicad_pcb,pcb-e1-dock-15,92d2a4f01309,5,4,6,5,0,6,12.86,0,24,2,0,0,0,91.5
pcb-e1-dock-preroute.kicad_pcb,pcb-e1-dock-15,92d2a4f01309,5,5,11,0,0,0,0,0,23,2,0,0,3,203.59
pcb-e1-dock-preroute.kicad_pcb,pcb-e1-dock-15,92d2a4f01309,5,6,1,0,0,1,4.65,0,2,2,0,0,0,0
pcb-e1-dock-preroute.kicad_pcb,pcb-e1-dock-15,92d2a4f01309,6,2,0,0,0,3,0,0,13,2,0,0,0,119.09
pcb-e1-dock-preroute.kicad_pcb,pcb-e1-dock-15,92d2a4f01309,6,3,6,0,0,1,14.67,0,17,2,0,0,1,6.55
pcb-e1-dock-preroute.kicad_pcb,pcb-e1-dock-15,92d2a4f01309,6,4,1,0,0,1,2.3,0,24,2,0,0,0,31.02
pcb-e1-dock-preroute.kicad_pcb,pcb-e1-dock-15,92d2a4f01309,6,5,8,0,0,2,4.0,0,22,2,0,0,3,96.48
pcb-e1-dock-preroute.kicad_pcb,pcb-e1-dock-15,92d2a4f01309,6,6,1,0,0,0,0,0,3,2,0,0,1,9.22
pcb-e1-dock-preroute.kicad_pcb,pcb-e1-dock-15,92d2a4f01309,7,2,0,0,0,3,0,0,14,2,0,0,0,189.1
pcb-e1-dock-preroute.kicad_pcb,pcb-e1-dock-15,92d2a4f01309,7,3,6,0,0,1,6.6,0,20,2,0,0,0,223.89
pcb-e1-dock-preroute.kicad_pcb,pcb-e1-dock-15,92d2a4f01309,7,4,10,0,0,6,6.84,0,28,2,0,0,2,37.34
pcb-e1-dock-preroute.kicad_pcb,pcb-e1-dock-15,92d2a4f01309,7,5,4,0,0,0,0,0,25,2,0,0,2,82.95
pcb-e1-dock-preroute.kicad_pcb,pcb-e1-dock-15,92d2a4f01309,7,6,1,0,0,0,0,0,6,2,0,0,0,48.73
pcb-e1-dock-preroute.kicad_pcb,pcb-e1-dock-15,92d2a4f01309,8,1,1,0,0,0,0,0,11,2,0,0,0,0
pcb-e1-dock-preroute.kicad_pcb,pcb-e1-dock-15,92d2a4f01309,8,2,0,0,0,0,0,0,14,2,0,0,0,9.0
pcb-e1-dock-preroute.kicad_pcb,pcb-e1-dock-15,92d2a4f01309,8,3,1,0,0,0,0,0,20,2,0,0,2,37.81
pcb-e1-dock-preroute.kicad_pcb,pcb-e1-dock-15,92d2a4f01309,8,4,10,6,0,5,10.17,0,28,2,0,0,4,59.57
pcb-e1-dock-preroute.kicad_pcb,pcb-e1-dock-15,92d2a4f01309,8,5,3,0,0,0,0,0,26,2,0,0,3,39.14
pcb-e1-dock-preroute.kicad_pcb,pcb-e1-dock-15,92d2a4f01309,8,6,2,0,0,0,0,0,7,2,0,0,0,15.86
pcb-e1-dock-preroute.kicad_pcb,pcb-e1-dock-15,92d2a4f01309,9,1,1,0,0,0,0,0,11,3,0,0,0,0
pcb-e1-dock-preroute.kicad_pcb,pcb-e1-dock-15,92d2a4f01309,9,2,0,0,0,0,0,0,14,3,0,0,0,108.07
pcb-e1-dock-preroute.kicad_pcb,pcb-e1-dock-15,92d2a4f01309,9,3,1,0,0,0,0,0,20,2,0,0,0,44.85
pcb-e1-dock-preroute.kicad_pcb,pcb-e1-dock-15,92d2a4f01309,9,4,1,0,0,3,0,0,28,2,0,0,1,78.64
pcb-e1-dock-preroute.kicad_pcb,pcb-e1-dock-15,92d2a4f01309,9,5,5,0,0,1,1.12,0,26,2,1,0,1,27.87
pcb-e1-dock-preroute.kicad_pcb,pcb-e1-dock-15,92d2a4f01309,9,6,2,0,0,0,0,0,7,2,0,0,0,14.2
pcb-e1-dock-preroute.kicad_pcb,pcb-e1-dock-15,92d2a4f01309,10,4,3,0,0,1,2.9,0,26,2,0,0,0,20.04
pcb-e1-dock-preroute.kicad_pcb,pcb-e1-dock-15,92d2a4f01309,10,5,5,0,0,2,1.12,0,24,2,0,0,1,55.61
pcb-e1-dock-preroute.kicad_pcb,pcb-e1-dock-15,92d2a4f01309,10,6,2,0,0,0,0,0,6,2,0,0,0,25.1
pcb-e1-dock-preroute.kicad_pcb,pcb-e1-dock-15,92d2a4f01309,11,1,1,0,0,0,0,0,11,4,0,0,0,0
pcb-e1-dock-preroute.kicad_pcb,pcb-e1-dock-15,92d2a4f01309,11,3,1,0,0,0,0,0,20,2,0,0,0,41.49
pcb-e1-dock-preroute.kicad_pcb,pcb-e1-dock-15,92d2a4f01309,11,4,2,0,0,0,2.9,0,23,2,0,0,0,13.42
pcb-e1-dock-preroute.kicad_pcb,pcb-e1-dock-15,92d2a4f01309,11,5,5,0,0,2,6.53,0,21,2,0,0,0,286.76
pcb-e1-dock-preroute.kicad_pcb,pcb-e1-dock-15,92d2a4f01309,11,6,0,0,0,0,0,0,5,2,0,0,0,8.85
pcb-e1-dock-preroute.kicad_pcb,pcb-e1-dock-15,92d2a4f01309,12,1,1,0,0,0,0,0,11,3,0,0,0,0
pcb-e1-dock-preroute.kicad_pcb,pcb-e1-dock-15,92d2a4f01309,12,3,1,0,0,0,0,0,21,2,0,0,0,0
pcb-e1-dock-preroute.kicad_pcb,pcb-e1-dock-15,92d2a4f01309,12,4,2,0,0,3,4.7,0,23,2,0,0,0,44.45
pcb-e1-dock-preroute.kicad_pcb,pcb-e1-dock-15,92d2a4f01309,12,5,2,0,0,3,3.1,0,20,2,0,0,1,22.78
pcb-e1-dock-preroute.kicad_pcb,pcb-e1-dock-15,92d2a4f01309,12,6,2,0,0,0,0,0,6,2,0,0,0,23.51
pcb-e1-dock-preroute.kicad_pcb,pcb-e1-dock-15,92d2a4f01309,13,1,1,0,0,0,0,0,11,4,0,0,0,0
pcb-e1-dock-preroute.kicad_pcb,pcb-e1-dock-15,92d2a4f01309,13,3,1,0,0,1,0,0,21,2,0,0,0,11.25
pcb-e1-dock-preroute.kicad_pcb,pcb-e1-dock-15,92d2a4f01309,13,4,5,0,0,4,10.2,0,23,2,0,0,0,27.9
pcb-e1-dock-preroute.kicad_pcb,pcb-e1-dock-15,92d2a4f01309,13,5,1,0,0,1,1.4,0,20,2,0,0,0,75.96
pcb-e1-dock-preroute.kicad_pcb,pcb-e1-dock-15,92d2a4f01309,13,6,2,0,0,0,0,0,6,2,0,0,0,14.27
pcb-e1-dock-preroute.kicad_pcb,pcb-e1-dock-15,92d2a4f01309,14,1,0,0,0,0,0,0,11,4,0,0,0,45.25
pcb-e1-dock-preroute.kicad_pcb,pcb-e1-dock-15,92d2a4f01309,14,3,2,0,0,2,4.69,0,22,2,0,0,0,22.68
pcb-e1-dock-preroute.kicad_pcb,pcb-e1-dock-15,92d2a4f01309,14,4,9,0,0,9,11.95,0,27,2,0,0,0,22.82
pcb-e1-dock-preroute.kicad_pcb,pcb-e1-dock-15,92d2a4f01309,14,5,2,0,0,0,0,0,23,2,0,0,1,18.79
pcb-e1-dock-preroute.kicad_pcb,pcb-e1-dock-15,92d2a4f01309,14,6,2,0,0,0,0,0,5,2,0,0,0,12.46
pcb-e1-dock-preroute.kicad_pcb,pcb-e1-dock-15,92d2a4f01309,15,1,1,0,0,0,0,0,11,3,0,0,0,0
pcb-e1-dock-preroute.kicad_pcb,pcb-e1-dock-15,92d2a4f01309,15,3,7,0,0,4,0,0,23,2,0,0,2,51.64
pcb-e1-dock-preroute.kicad_pcb,pcb-e1-dock-15,92d2a4f01309,15,4,14,0,0,9,0,0,31,2,0,0,6,57.53
pcb-e1-dock-preroute.kicad_pcb,pcb-e1-dock-15,92d2a4f01309,15,5,7,0,0,0,0,0,27,2,0,0,4,71.34
pcb-e1-dock-preroute.kicad_pcb,pcb-e1-dock-15,92d2a4f01309,16,1,1,0,0,0,0,0,11,3,0,0,0,0
pcb-e1-dock-preroute.kicad_pcb,pcb-e1-dock-15,92d2a4f01309,16,2,0,0,0,0,0,0,14,3,0,0,0,34.19
pcb-e1-dock-preroute.kicad_pcb,pcb-e1-dock-15,92d2a4f01309,16,3,9,0,0,4,4.69,0,25,2,0,0,2,7.46
pcb-e1-dock-preroute.kicad_pcb,pcb-e1-dock-15,92d2a4f01309,16,4,20,0,0,9,6.45,0,35,2,0,0,7,92.52
pcb-e1-dock-preroute.kicad_pcb,pcb-e1-dock-15,92d2a4f01309,16,5,4,0,0,0,0,0,29,2,0,0,5,78.35
pcb-e1-dock-preroute.kicad_pcb,pcb-e1-dock-15,92d2a4f01309,17,2,0,0,0,0,0,0,14,4,0,0,0,16.82
pcb-e1-dock-preroute.kicad_pcb,pcb-e1-dock-15,92d2a4f01309,17,3,0,0,0,0,0,0,28,2,0,0,1,30.06
pcb-e1-dock-preroute.kicad_pcb,pcb-e1-dock-15,92d2a4f01309,17,4,12,12,0,11,21.59,0,43,2,0,0,5,106.44
pcb-e1-dock-preroute.kicad_pcb,pcb-e1-dock-15,92d2a4f01309,17,5,3,0,0,1,0,0,29,2,0,0,3,148.8
pcb-e1-dock-preroute.kicad_pcb,pcb-e1-dock-15,92d2a4f01309,18,0,0,0,0,1,0,0,7,2,0,0,2,158.24
pcb-e1-dock-preroute.kicad_pcb,pcb-e1-dock-15,92d2a4f01309,18,1,1,0,0,0,0,0,11,3,0,0,0,2.42
pcb-e1-dock-preroute.kicad_pcb,pcb-e1-dock-15,92d2a4f01309,18,2,0,0,0,1,0,0,14,3,0,0,2,41.95
pcb-e1-dock-preroute.kicad_pcb,pcb-e1-dock-15,92d2a4f01309,18,3,2,0,0,0,0,0,28,2,0,0,1,233.36
pcb-e1-dock-preroute.kicad_pcb,pcb-e1-dock-15,92d2a4f01309,18,4,34,33,1,15,32.8,0,42,2,0,0,10,119.38
pcb-e1-dock-preroute.kicad_pcb,pcb-e1-dock-15,92d2a4f01309,18,5,1,0,0,6,6.84,0,27,2,0,0,2,172.85
pcb-e1-dock-preroute.kicad_pcb,pcb-e1-dock-15,92d2a4f01309,18,6,0,0,0,0,0,0,6,2,0,0,1,6.9
pcb-e1-dock-preroute.kicad_pcb,pcb-e1-dock-15,92d2a4f01309,19,0,18,14,0,11,23.93,0,9,2,0,0,1,55.49
pcb-e1-dock-preroute.kicad_pcb,pcb-e1-dock-15,92d2a4f01309,19,1,14,0,0,4,4.29,0,13,2,0,0,2,70.63
pcb-e1-dock-preroute.kicad_pcb,pcb-e1-dock-15,92d2a4f01309,19,2,8,0,0,3,4.5,0,16,2,0,0,2,30.39
pcb-e1-dock-preroute.kicad_pcb,pcb-e1-dock-15,92d2a4f01309,19,3,8,0,0,4,4.92,0,28,2,0,0,0,43.45
pcb-e1-dock-preroute.kicad_pcb,pcb-e1-dock-15,92d2a4f01309,19,4,17,0,0,7,7.88,0,36,2,0,0,7,112.12
pcb-e1-dock-preroute.kicad_pcb,pcb-e1-dock-15,92d2a4f01309,19,5,0,0,0,0,0,0,23,2,0,0,1,86.56
pcb-e1-dock-preroute.kicad_pcb,pcb-e1-dock-15,92d2a4f01309,19,6,0,0,0,0,0,0,6,2,0,0,0,4.41
pcb-e1-dock-preroute.kicad_pcb,pcb-e1-dock-15,92d2a4f01309,20,1,1,0,0,0,0,0,11,3,0,0,0,34.87
pcb-e1-dock-preroute.kicad_pcb,pcb-e1-dock-15,92d2a4f01309,20,2,0,0,0,0,0,0,15,3,0,0,1,143.28
pcb-e1-dock-preroute.kicad_pcb,pcb-e1-dock-15,92d2a4f01309,20,3,4,0,0,3,5.82,0,23,2,0,0,1,87.95
pcb-e1-dock-preroute.kicad_pcb,pcb-e1-dock-15,92d2a4f01309,20,4,5,0,0,5,7.05,0,25,2,0,0,2,37.23
pcb-e1-dock-preroute.kicad_pcb,pcb-e1-dock-15,92d2a4f01309,20,5,2,0,0,1,2.65,0,22,2,0,0,0,22.03
pcb-e1-dock-preroute.kicad_pcb,pcb-e1-dock-15,92d2a4f01309,20,6,2,0,0,1,3.1,0,5,2,0,0,0,9.06
pcb-e1-dock-preroute.kicad_pcb,pcb-e1-dock-15,92d2a4f01309,21,3,9,3,0,6,5.09,0,24,2,0,0,3,322.83
pcb-e1-dock-preroute.kicad_pcb,pcb-e1-dock-15,92d2a4f01309,21,4,5,0,0,3,2.65,0,26,2,0,0,5,89.83
pcb-e1-dock-preroute.kicad_pcb,pcb-e1-dock-15,92d2a4f01309,21,5,2,0,0,2,4.2,0,22,2,0,0,4,76.95
pcb-e1-dock-preroute.kicad_pcb,pcb-e1-dock-15,92d2a4f01309,21,6,3,0,0,3,2.52,0,6,2,0,0,1,36.11
pcb-e1-dock-preroute.kicad_pcb,pcb-e1-dock-15,92d2a4f01309,22,1,1,0,0,0,0,0,11,3,0,0,0,0
pcb-e1-dock-preroute.kicad_pcb,pcb-e1-dock-15,92d2a4f01309,22,3,4,3,0,3,5.09,0,23,2,0,0,2,141.84
pcb-e1-dock-preroute.kicad_pcb,pcb-e1-dock-15,92d2a4f01309,22,4,0,0,0,0,0,0,25,2,0,0,5,144.26
pcb-e1-dock-preroute.kicad_pcb,pcb-e1-dock-15,92d2a4f01309,22,5,1,0,0,1,1.55,0,21,2,0,0,1,74.91
pcb-e1-dock-preroute.kicad_pcb,pcb-e1-dock-15,92d2a4f01309,22,6,3,0,0,1,2.52,0,5,2,0,0,1,9.34
pcb-e1-dock-preroute.kicad_pcb,pcb-e1-dock-15,92d2a4f01309,23,1,1,0,0,0,0,0,11,3,0,0,0,0
pcb-e1-dock-preroute.kicad_pcb,pcb-e1-dock-15,92d2a4f01309,23,2,0,0,0,0,0,0,14,3,0,0,0,4.43
pcb-e1-dock-preroute.kicad_pcb,pcb-e1-dock-15,92d2a4f01309,23,3,1,0,0,0,0,0,29,2,0,0,0,24.87
pcb-e1-dock-preroute.kicad_pcb,pcb-e1-dock-15,92d2a4f01309,23,4,37,37,0,28,28.82,0,37,2,0,0,8,183.68
pcb-e1-dock-preroute.kicad_pcb,pcb-e1-dock-15,92d2a4f01309,23,5,24,24,0,17,21.41,0,25,2,0,0,1,107.72
pcb-e1-dock-preroute.kicad_pcb,pcb-e1-dock-15,92d2a4f01309,23,6,1,0,0,1,0,0,3,2,0,0,1,2.59
pcb-e1-dock-preroute.kicad_pcb,pcb-e1-dock-15,92d2a4f01309,24,2,0,0,0,0,0,0,6,4,0,0,1,167.64
pcb-e1-dock-preroute.kicad_pcb,pcb-e1-dock-15,92d2a4f01309,24,3,12,10,0,9,17.49,0,17,2,1,0,3,86.23
pcb-e1-dock-preroute.kicad_pcb,pcb-e1-dock-15,92d2a4f01309,24,4,12,0,0,6,3.38,20.23,24,2,0,0,4,129.65
pcb-e1-dock-preroute.kicad_pcb,pcb-e1-dock-15,92d2a4f01309,24,5,5,0,0,2,1.12,0,14,2,0,0,4,71.64
pcb-e1-dock-preroute.kicad_pcb,pcb-e1-dock-15,92d2a4f01309,25,1,1,0,0,0,0,0,5,3,0,0,0,0
pcb-e1-dock-preroute.kicad_pcb,pcb-e1-dock-15,92d2a4f01309,25,2,1,0,0,0,0,0,5,4,0,0,0,0
pcb-e1-dock-preroute.kicad_pcb,pcb-e1-dock-15,92d2a4f01309,25,3,5,0,0,2,2.5,0,11,3,0,0,2,177.35
pcb-e1-dock-preroute.kicad_pcb,pcb-e1-dock-15,92d2a4f01309,25,4,17,0,0,5,7.88,0,14,2,0,0,1,63.48
pcb-e1-dock-preroute.kicad_pcb,pcb-e1-dock-15,92d2a4f01309,25,5,4,0,0,0,0,0,9,2,0,0,2,131.67
pcb-e1-dock-preroute.kicad_pcb,pcb-e1-dock-15,92d2a4f01309,26,3,2,0,0,0,0,0,6,3,0,0,1,4.69
pcb-e1-dock-preroute.kicad_pcb,pcb-e1-dock-15,92d2a4f01309,26,4,6,0,0,4,2.25,0,8,2,0,0,1,25.9
pcb-e1-dock-preroute.kicad_pcb,pcb-e1-dock-15,92d2a4f01309,26,5,3,0,0,0,0,0,6,2,0,0,0,8.09
pcb-e1-dock-preroute.kicad_pcb,pcb-e1-dock-16,4afb62f772f5,0,0,3,0,0,0,0,0,7,2,0,0,0,23.63
pcb-e1-dock-preroute.kicad_pcb,pcb-e1-dock-16,4afb62f772f5,0,1,4,0,0,0,0,0,11,2,0,0,0,14.32
pcb-e1-dock-preroute.kicad_pcb,pcb-e1-dock-16,4afb62f772f5,0,2,3,0,0,1,1.9,0,11,2,0,0,1,10.53
pcb-e1-dock-preroute.kicad_pcb,pcb-e1-dock-16,4afb62f772f5,0,3,3,0,0,0,0,0,12,2,0,0,2,22.24
pcb-e1-dock-preroute.kicad_pcb,pcb-e1-dock-16,4afb62f772f5,0,4,8,6,0,5,15.12,0,14,2,0,0,0,32.99
pcb-e1-dock-preroute.kicad_pcb,pcb-e1-dock-16,4afb62f772f5,0,5,8,0,0,4,3.39,0,13,2,0,0,1,46.98
pcb-e1-dock-preroute.kicad_pcb,pcb-e1-dock-16,4afb62f772f5,0,6,1,0,0,0,0,0,2,2,1,0,0,0
pcb-e1-dock-preroute.kicad_pcb,pcb-e1-dock-16,4afb62f772f5,1,0,6,0,0,0,0,0,10,2,0,0,1,64.44
pcb-e1-dock-preroute.kicad_pcb,pcb-e1-dock-16,4afb62f772f5,1,1,7,0,0,0,0,0,14,2,0,0,0,80.9
pcb-e1-dock-preroute.kicad_pcb,pcb-e1-dock-16,4afb62f772f5,1,2,5,0,0,1,1.9,0,17,2,0,0,4,150.12
pcb-e1-dock-preroute.kicad_pcb,pcb-e1-dock-16,4afb62f772f5,1,3,5,0,0,0,0,0,17,2,0,0,2,71.07
pcb-e1-dock-preroute.kicad_pcb,pcb-e1-dock-16,4afb62f772f5,1,4,5,0,0,2,8.3,0,18,2,0,0,0,29.3
pcb-e1-dock-preroute.kicad_pcb,pcb-e1-dock-16,4afb62f772f5,1,5,8,0,0,6,3.65,0,18,2,0,0,2,45.34
pcb-e1-dock-preroute.kicad_pcb,pcb-e1-dock-16,4afb62f772f5,1,6,1,0,0,0,0,0,3,2,0,0,0,7.74
pcb-e1-dock-preroute.kicad_pcb,pcb-e1-dock-16,4afb62f772f5,2,0,0,0,0,0,0,0,10,2,0,0,0,172.96
pcb-e1-dock-preroute.kicad_pcb,pcb-e1-dock-16,4afb62f772f5,2,1,3,0,0,0,0,0,14,2,0,0,1,186.7
pcb-e1-dock-preroute.kicad_pcb,pcb-e1-dock-16,4afb62f772f5,2,2,5,0,0,1,1.39,0,17,2,0,0,0,55.22
pcb-e1-dock-preroute.kicad_pcb,pcb-e1-dock-16,4afb62f772f5,2,3,5,0,0,1,1.39,0,17,2,0,0,2,58.58
pcb-e1-dock-preroute.kicad_pcb,pcb-e1-dock-16,4afb62f772f5,2,4,5,0,0,2,4.3,0,18,2,0,0,1,40.85
pcb-e1-dock-preroute.kicad_pcb,pcb-e1-dock-16,4afb62f772f5,2,5,4,0,0,1,1.12,0,17,2,0,0,3,221.13
pcb-e1-dock-preroute.kicad_pcb,pcb-e1-dock-16,4afb62f772f5,2,6,2,0,0,0,0,0,3,2,0,0,0,4.81
pcb-e1-dock-preroute.kicad_pcb,pcb-e1-dock-16,4afb62f772f5,3,1,0,0,0,0,0,0,11,2,0,0,0,155.47
pcb-e1-dock-preroute.kicad_pcb,pcb-e1-dock-16,4afb62f772f5,3,2,1,0,0,0,0,0,12,3,0,0,0,31.77
pcb-e1-dock-preroute.kicad_pcb,pcb-e1-dock-16,4afb62f772f5,3,3,0,0,0,0,0,0,14,3,0,0,0,54.39
pcb-e1-dock-preroute.kicad_pcb,pcb-e1-dock-16,4afb62f772f5,3,5,0,0,0,0,0,0,14,2,0,0,1,0
pcb-e1-dock-preroute.kicad_pcb,pcb-e1-dock-16,4afb62f772f5,3,6,2,0,0,0,0,0,2,2,0,0,0,15.26
pcb-e1-dock-preroute.kicad_pcb,pcb-e1-dock-16,4afb62f772f5,4,1,1,0,0,0,0,0,11,2,0,0,0,9.22
pcb-e1-dock-preroute.kicad_pcb,pcb-e1-dock-16,4afb62f772f5,4,3,1,0,0,0,0,0,14,3,0,0,1,0.59
pcb-e1-dock-preroute.kicad_pcb,pcb-e1-dock-16,4afb62f772f5,4,4,5,5,0,5,10.56,0,22,2,0,0,2,60.7
pcb-e1-dock-preroute.kicad_pcb,pcb-e1-dock-16,4afb62f772f5,4,5,9,0,0,0,0,0,21,2,0,0,3,38.98
pcb-e1-dock-preroute.kicad_pcb,pcb-e1-dock-16,4afb62f772f5,4,6,1,0,0,1,4.65,0,3,2,0,0,0,9.34
pcb-e1-dock-preroute.kicad_pcb,pcb-e1-dock-16,4afb62f772f5,5,3,0,0,0,0,0,0,13,2,0,0,1,20.94
pcb-e1-dock-preroute.kicad_pcb,pcb-e1-dock-16,4afb62f772f5,5,4,6,5,0,6,12.86,0,24,2,0,0,1,72.85
pcb-e1-dock-preroute.kicad_pcb,pcb-e1-dock-16,4afb62f772f5,5,5,10,0,0,0,0,0,23,2,0,0,3,44.64
pcb-e1-dock-preroute.kicad_pcb,pcb-e1-dock-16,4afb62f772f5,5,6,1,0,0,1,4.65,0,2,2,0,0,0,0
pcb-e1-dock-preroute.kicad_pcb,pcb-e1-dock-16,4afb62f772f5,6,2,0,0,0,3,0,0,13,2,0,0,0,7.68
pcb-e1-dock-preroute.kicad_pcb,pcb-e1-dock-16,4afb62f772f5,6,3,6,0,0,1,14.67,0,17,2,0,0,2,17.31
pcb-e1-dock-preroute.kicad_pcb,pcb-e1-dock-16,4afb62f772f5,6,4,1,0,0,1,2.3,0,24,2,0,0,1,41.63
pcb-e1-dock-preroute.kicad_pcb,pcb-e1-dock-16,4afb62f772f5,6,5,8,0,0,2,4.0,0,22,2,0,0,2,52.8
pcb-e1-dock-preroute.kicad_pcb,pcb-e1-dock-16,4afb62f772f5,6,6,1,0,0,0,0,0,3,2,0,0,0,4.58
pcb-e1-dock-preroute.kicad_pcb,pcb-e1-dock-16,4afb62f772f5,7,2,0,0,0,3,0,0,14,2,0,0,0,149.3
pcb-e1-dock-preroute.kicad_pcb,pcb-e1-dock-16,4afb62f772f5,7,3,6,0,0,1,6.6,0,20,2,0,0,0,183.33
pcb-e1-dock-preroute.kicad_pcb,pcb-e1-dock-16,4afb62f772f5,7,4,8,0,0,6,6.84,0,28,2,0,0,2,42.51
pcb-e1-dock-preroute.kicad_pcb,pcb-e1-dock-16,4afb62f772f5,7,5,4,0,0,0,0,0,25,2,0,0,2,155.15
pcb-e1-dock-preroute.kicad_pcb,pcb-e1-dock-16,4afb62f772f5,7,6,1,0,0,0,0,0,6,2,0,0,1,13.77
pcb-e1-dock-preroute.kicad_pcb,pcb-e1-dock-16,4afb62f772f5,8,1,1,0,0,0,0,0,12,2,0,0,0,0
pcb-e1-dock-preroute.kicad_pcb,pcb-e1-dock-16,4afb62f772f5,8,3,1,0,0,0,0,0,20,2,0,0,0,12.88
pcb-e1-dock-preroute.kicad_pcb,pcb-e1-dock-16,4afb62f772f5,8,4,12,6,0,5,10.17,0,28,2,0,0,5,68.31
pcb-e1-dock-preroute.kicad_pcb,pcb-e1-dock-16,4afb62f772f5,8,5,3,0,0,0,0,0,26,2,0,0,1,24.44
pcb-e1-dock-preroute.kicad_pcb,pcb-e1-dock-16,4afb62f772f5,8,6,2,0,0,0,0,0,7,2,0,0,0,25.11
pcb-e1-dock-preroute.kicad_pcb,pcb-e1-dock-16,4afb62f772f5,9,1,1,0,0,0,0,0,12,3,0,0,1,0
pcb-e1-dock-preroute.kicad_pcb,pcb-e1-dock-16,4afb62f772f5,9,3,1,0,0,0,0,0,20,2,0,0,0,42.56
pcb-e1-dock-preroute.kicad_pcb,pcb-e1-dock-16,4afb62f772f5,9,4,1,0,0,3,0,0,28,2,0,0,0,49.38
pcb-e1-dock-preroute.kicad_pcb,pcb-e1-dock-16,4afb62f772f5,9,5,5,0,0,0,0,0,26,2,0,0,2,64.69
pcb-e1-dock-preroute.kicad_pcb,pcb-e1-dock-16,4afb62f772f5,9,6,2,0,0,0,0,0,7,2,0,0,0,45.55
pcb-e1-dock-preroute.kicad_pcb,pcb-e1-dock-16,4afb62f772f5,10,4,3,0,0,1,2.9,0,26,2,0,0,1,86.32
pcb-e1-dock-preroute.kicad_pcb,pcb-e1-dock-16,4afb62f772f5,10,5,5,0,0,3,2.25,0,24,2,0,0,1,33.86
pcb-e1-dock-preroute.kicad_pcb,pcb-e1-dock-16,4afb62f772f5,10,6,2,0,0,0,0,0,6,2,0,0,0,3.4
pcb-e1-dock-preroute.kicad_pcb,pcb-e1-dock-16,4afb62f772f5,11,1,1,0,0,0,0,0,12,4,0,0,0,0
pcb-e1-dock-preroute.kicad_pcb,pcb-e1-dock-16,4afb62f772f5,11,3,1,0,0,0,0,0,20,2,0,0,0,0
pcb-e1-dock-preroute.kicad_pcb,pcb-e1-dock-16,4afb62f772f5,11,4,2,0,0,0,2.9,0,23,2,0,0,0,10.94
pcb-e1-dock-preroute.kicad_pcb,pcb-e1-dock-16,4afb62f772f5,11,5,5,0,0,2,6.53,0,21,2,0,0,0,20.42
pcb-e1-dock-preroute.kicad_pcb,pcb-e1-dock-16,4afb62f772f5,12,1,1,0,0,0,0,0,12,3,0,0,0,0
pcb-e1-dock-preroute.kicad_pcb,pcb-e1-dock-16,4afb62f772f5,12,3,1,0,0,0,0,0,21,2,0,0,0,0
pcb-e1-dock-preroute.kicad_pcb,pcb-e1-dock-16,4afb62f772f5,12,4,2,0,0,3,4.7,0,23,2,0,0,0,39.52
pcb-e1-dock-preroute.kicad_pcb,pcb-e1-dock-16,4afb62f772f5,12,5,2,0,0,3,3.1,0,20,2,0,0,0,51.7
pcb-e1-dock-preroute.kicad_pcb,pcb-e1-dock-16,4afb62f772f5,12,6,2,0,0,0,0,0,6,2,0,0,0,10.24
pcb-e1-dock-preroute.kicad_pcb,pcb-e1-dock-16,4afb62f772f5,13,1,1,0,0,0,0,0,12,4,0,0,0,0
pcb-e1-dock-preroute.kicad_pcb,pcb-e1-dock-16,4afb62f772f5,13,2,0,0,0,0,0,0,14,4,0,0,0,50.4
pcb-e1-dock-preroute.kicad_pcb,pcb-e1-dock-16,4afb62f772f5,13,3,1,0,0,0,0,0,21,2,0,0,0,0
pcb-e1-dock-preroute.kicad_pcb,pcb-e1-dock-16,4afb62f772f5,13,4,5,0,0,5,10.2,0,23,2,0,0,0,31.01
pcb-e1-dock-preroute.kicad_pcb,pcb-e1-dock-16,4afb62f772f5,13,5,1,0,0,1,1.4,0,20,2,0,0,1,22.7
pcb-e1-dock-preroute.kicad_pcb,pcb-e1-dock-16,4afb62f772f5,13,6,2,0,0,0,0,0,6,2,0,0,0,11.65
pcb-e1-dock-preroute.kicad_pcb,pcb-e1-dock-16,4afb62f772f5,14,3,3,0,0,3,6.12,0,22,2,0,0,0,8.5
pcb-e1-dock-preroute.kicad_pcb,pcb-e1-dock-16,4afb62f772f5,14,4,8,0,0,8,10.53,0,28,2,0,0,1,41.94
pcb-e1-dock-preroute.kicad_pcb,pcb-e1-dock-16,4afb62f772f5,14,5,3,0,0,0,0,0,24,2,0,0,1,49.63
pcb-e1-dock-preroute.kicad_pcb,pcb-e1-dock-16,4afb62f772f5,14,6,2,0,0,0,0,0,5,2,0,0,0,12.78
pcb-e1-dock-preroute.kicad_pcb,pcb-e1-dock-16,4afb62f772f5,15,1,1,0,0,0,0,0,12,3,0,0,0,0
pcb-e1-dock-preroute.kicad_pcb,pcb-e1-dock-16,4afb62f772f5,15,3,8,0,0,6,0,0,22,2,0,0,4,28.92
pcb-e1-dock-preroute.kicad_pcb,pcb-e1-dock-16,4afb62f772f5,15,4,13,0,0,9,0,0,31,2,0,0,4,70.92
pcb-e1-dock-preroute.kicad_pcb,pcb-e1-dock-16,4afb62f772f5,15,5,6,0,0,0,0,0,27,2,0,0,6,153.59
pcb-e1-dock-preroute.kicad_pcb,pcb-e1-dock-16,4afb62f772f5,15,6,0,0,0,0,0,0,5,2,0,0,0,64.17
pcb-e1-dock-preroute.kicad_pcb,pcb-e1-dock-16,4afb62f772f5,16,1,1,0,0,0,0,0,12,3,0,0,0,0
pcb-e1-dock-preroute.kicad_pcb,pcb-e1-dock-16,4afb62f772f5,16,3,9,0,0,3,2.15,0,24,2,0,0,2,6.26
pcb-e1-dock-preroute.kicad_pcb,pcb-e1-dock-16,4afb62f772f5,16,4,20,0,0,8,8.99,0,35,2,0,0,6,42.9
pcb-e1-dock-preroute.kicad_pcb,pcb-e1-dock-16,4afb62f772f5,16,5,4,0,0,0,0,0,29,2,0,0,1,47.43
pcb-e1-dock-preroute.kicad_pcb,pcb-e1-dock-16,4afb62f772f5,17,3,0,0,0,0,0,0,26,2,0,0,8,104.22
pcb-e1-dock-preroute.kicad_pcb,pcb-e1-dock-16,4afb62f772f5,17,4,12,12,0,11,21.59,0,43,2,0,0,4,120.78
pcb-e1-dock-preroute.kicad_pcb,pcb-e1-dock-16,4afb62f772f5,17,5,3,0,0,1,0,0,29,2,0,0,4,65.42
pcb-e1-dock-preroute.kicad_pcb,pcb-e1-dock-16,4afb62f772f5,18,0,0,0,0,1,0,0,7,2,0,0,3,514.34
pcb-e1-dock-preroute.kicad_pcb,pcb-e1-dock-16,4afb62f772f5,18,1,1,0,0,0,0,0,12,3,0,0,2,148.05
pcb-e1-dock-preroute.kicad_pcb,pcb-e1-dock-16,4afb62f772f5,18,2,0,0,0,1,0,0,14,3,0,0,1,12.67
pcb-e1-dock-preroute.kicad_pcb,pcb-e1-dock-16,4afb62f772f5,18,3,2,0,0,0,0,0,26,2,0,0,3,54.84
pcb-e1-dock-preroute.kicad_pcb,pcb-e1-dock-16,4afb62f772f5,18,4,34,33,1,15,32.8,0,42,2,0,0,8,101.22
pcb-e1-dock-preroute.kicad_pcb,pcb-e1-dock-16,4afb62f772f5,18,5,1,0,0,6,6.84,0,27,2,0,0,3,117.14
pcb-e1-dock-preroute.kicad_pcb,pcb-e1-dock-16,4afb62f772f5,19,0,18,14,0,11,23.93,0,9,2,0,0,0,64.09
pcb-e1-dock-preroute.kicad_pcb,pcb-e1-dock-16,4afb62f772f5,19,1,16,0,0,5,5.41,0,14,2,0,0,3,243.38
pcb-e1-dock-preroute.kicad_pcb,pcb-e1-dock-16,4afb62f772f5,19,2,6,0,0,2,3.38,0,16,2,0,0,1,131.84
pcb-e1-dock-preroute.kicad_pcb,pcb-e1-dock-16,4afb62f772f5,19,3,6,0,0,4,3.8,0,28,2,0,0,1,135.38
pcb-e1-dock-preroute.kicad_pcb,pcb-e1-dock-16,4afb62f772f5,19,4,20,0,0,7,11.25,0,37,2,0,0,4,87.24
pcb-e1-dock-preroute.kicad_pcb,pcb-e1-dock-16,4afb62f772f5,19,5,0,0,0,0,0,0,24,2,0,0,1,104.99
pcb-e1-dock-preroute.kicad_pcb,pcb-e1-dock-16,4afb62f772f5,20,1,1,0,0,0,0,0,12,3,0,0,0,98.09
pcb-e1-dock-preroute.kicad_pcb,pcb-e1-dock-16,4afb62f772f5,20,2,0,0,0,0,0,0,15,3,0,0,0,11.73
pcb-e1-dock-preroute.kicad_pcb,pcb-e1-dock-16,4afb62f772f5,20,3,4,0,0,3,5.82,0,23,2,0,0,2,541.77
pcb-e1-dock-preroute.kicad_pcb,pcb-e1-dock-16,4afb62f772f5,20,4,4,0,0,5,4.8,0,26,2,0,0,0,73.85
pcb-e1-dock-preroute.kicad_pcb,pcb-e1-dock-16,4afb62f772f5,20,5,2,0,0,1,2.65,0,22,2,0,0,1,49.76
pcb-e1-dock-preroute.kicad_pcb,pcb-e1-dock-16,4afb62f772f5,20,6,2,0,0,2,3.1,0,5,2,0,0,0,9.92
pcb-e1-dock-preroute.kicad_pcb,pcb-e1-dock-16,4afb62f772f5,21,0,0,0,0,0,0,0,8,2,0,0,0,39.7
pcb-e1-dock-preroute.kicad_pcb,pcb-e1-dock-16,4afb62f772f5,21,3,9,3,0,6,5.09,0,24,2,0,0,4,323.83
pcb-e1-dock-preroute.kicad_pcb,pcb-e1-dock-16,4afb62f772f5,21,4,5,0,0,3,2.65,0,26,2,0,0,3,70.93
pcb-e1-dock-preroute.kicad_pcb,pcb-e1-dock-16,4afb62f772f5,21,5,2,0,0,2,4.2,0,22,2,0,0,1,27.56
pcb-e1-dock-preroute.kicad_pcb,pcb-e1-dock-16,4afb62f772f5,21,6,3,0,0,2,2.52,0,6,2,0,0,1,13.59
pcb-e1-dock-preroute.kicad_pcb,pcb-e1-dock-16,4afb62f772f5,22,1,1,0,0,0,0,0,12,3,0,0,0,0
pcb-e1-dock-preroute.kicad_pcb,pcb-e1-dock-16,4afb62f772f5,22,3,4,3,0,3,5.09,0,23,2,0,0,1,180.57
pcb-e1-dock-preroute.kicad_pcb,pcb-e1-dock-16,4afb62f772f5,22,4,0,0,0,0,0,0,25,2,0,0,3,144.56
pcb-e1-dock-preroute.kicad_pcb,pcb-e1-dock-16,4afb62f772f5,22,5,1,0,0,1,1.55,0,21,2,0,0,2,60.61
pcb-e1-dock-preroute.kicad_pcb,pcb-e1-dock-16,4afb62f772f5,22,6,3,0,0,1,2.52,0,5,2,0,0,1,22.88
pcb-e1-dock-preroute.kicad_pcb,pcb-e1-dock-16,4afb62f772f5,23,1,1,0,0,0,0,0,12,3,0,0,0,0
pcb-e1-dock-preroute.kicad_pcb,pcb-e1-dock-16,4afb62f772f5,23,2,0,0,0,0,0,0,14,3,0,0,1,0.15
pcb-e1-dock-preroute.kicad_pcb,pcb-e1-dock-16,4afb62f772f5,23,3,1,0,0,0,0,0,29,2,0,0,2,45.57
pcb-e1-dock-preroute.kicad_pcb,pcb-e1-dock-16,4afb62f772f5,23,4,37,37,0,28,28.82,0,37,2,0,0,9,138.37
pcb-e1-dock-preroute.kicad_pcb,pcb-e1-dock-16,4afb62f772f5,23,5,24,24,0,17,21.41,0,25,2,0,0,5,142.3
pcb-e1-dock-preroute.kicad_pcb,pcb-e1-dock-16,4afb62f772f5,23,6,1,0,0,1,0,0,3,2,0,0,1,1.18
pcb-e1-dock-preroute.kicad_pcb,pcb-e1-dock-16,4afb62f772f5,24,3,12,10,0,9,17.49,0,18,2,0,0,2,88.29
pcb-e1-dock-preroute.kicad_pcb,pcb-e1-dock-16,4afb62f772f5,24,4,14,0,0,5,3.38,19.28,25,2,0,0,7,100.83
pcb-e1-dock-preroute.kicad_pcb,pcb-e1-dock-16,4afb62f772f5,24,5,5,0,0,3,1.12,0,14,2,0,0,2,69.11
pcb-e1-dock-preroute.kicad_pcb,pcb-e1-dock-16,4afb62f772f5,25,1,1,0,0,0,0,0,5,3,0,0,0,0
pcb-e1-dock-preroute.kicad_pcb,pcb-e1-dock-16,4afb62f772f5,25,2,1,0,0,0,0,0,5,4,0,0,0,0
pcb-e1-dock-preroute.kicad_pcb,pcb-e1-dock-16,4afb62f772f5,25,3,5,0,0,2,2.5,0,10,3,0,0,2,65.88
pcb-e1-dock-preroute.kicad_pcb,pcb-e1-dock-16,4afb62f772f5,25,4,15,0,0,4,7.88,0,13,2,0,0,1,73.71
pcb-e1-dock-preroute.kicad_pcb,pcb-e1-dock-16,4afb62f772f5,25,5,5,0,0,1,0,0,9,2,0,0,1,60.95
pcb-e1-dock-preroute.kicad_pcb,pcb-e1-dock-16,4afb62f772f5,26,3,2,0,0,0,0,0,6,3,0,0,0,4.66
pcb-e1-dock-preroute.kicad_pcb,pcb-e1-dock-16,4afb62f772f5,26,4,6,0,0,4,2.25,0,8,2,0,0,0,40.07
pcb-e1-dock-preroute.kicad_pcb,pcb-e1-dock-16,4afb62f772f5,26,5,2,0,0,0,0,0,6,2,0,0,0,3.88
pcb-e1-dock-preroute.kicad_pcb,pcb-e1-dock-17,ac6f4645a8c6,0,0,3,0,0,0,0,0,6,2,0,0,0,2.8
pcb-e1-dock-preroute.kicad_pcb,pcb-e1-dock-17,ac6f4645a8c6,0,1,4,0,0,0,0,0,10,2,0,0,0,22.89
pcb-e1-dock-preroute.kicad_pcb,pcb-e1-dock-17,ac6f4645a8c6,0,2,3,0,0,1,1.9,0,11,2,0,0,0,23.27
pcb-e1-dock-preroute.kicad_pcb,pcb-e1-dock-17,ac6f4645a8c6,0,3,3,0,0,0,0,0,13,2,0,0,0,12.08
pcb-e1-dock-preroute.kicad_pcb,pcb-e1-dock-17,ac6f4645a8c6,0,4,8,6,0,5,15.12,0,14,2,0,0,0,13.97
pcb-e1-dock-preroute.kicad_pcb,pcb-e1-dock-17,ac6f4645a8c6,0,5,8,0,0,4,3.39,0,13,2,0,0,2,91.52
pcb-e1-dock-preroute.kicad_pcb,pcb-e1-dock-17,ac6f4645a8c6,0,6,1,0,0,0,0,0,2,2,0,0,0,0
pcb-e1-dock-preroute.kicad_pcb,pcb-e1-dock-17,ac6f4645a8c6,1,0,6,0,0,0,0,0,10,2,0,0,0,61.15
pcb-e1-dock-preroute.kicad_pcb,pcb-e1-dock-17,ac6f4645a8c6,1,1,7,0,0,0,0,0,14,2,0,0,0,51.92
pcb-e1-dock-preroute.kicad_pcb,pcb-e1-dock-17,ac6f4645a8c6,1,2,5,0,0,1,1.9,0,17,2,0,0,0,78.21
pcb-e1-dock-preroute.kicad_pcb,pcb-e1-dock-17,ac6f4645a8c6,1,3,5,0,0,0,0,0,17,2,0,0,0,49.09
pcb-e1-dock-preroute.kicad_pcb,pcb-e1-dock-17,ac6f4645a8c6,1,4,5,0,0,2,8.3,0,18,2,0,0,0,26.89
pcb-e1-dock-preroute.kicad_pcb,pcb-e1-dock-17,ac6f4645a8c6,1,5,8,0,0,6,3.65,0,18,2,0,0,3,58.13
pcb-e1-dock-preroute.kicad_pcb,pcb-e1-dock-17,ac6f4645a8c6,1,6,1,0,0,0,0,0,3,2,0,0,0,7.74
pcb-e1-dock-preroute.kicad_pcb,pcb-e1-dock-17,ac6f4645a8c6,2,0,0,0,0,0,0,0,10,2,0,0,0,36.56
pcb-e1-dock-preroute.kicad_pcb,pcb-e1-dock-17,ac6f4645a8c6,2,1,3,0,0,0,0,0,14,2,0,0,2,295.91
pcb-e1-dock-preroute.kicad_pcb,pcb-e1-dock-17,ac6f4645a8c6,2,2,6,0,0,2,2.77,0,17,2,0,0,4,103.17
pcb-e1-dock-preroute.kicad_pcb,pcb-e1-dock-17,ac6f4645a8c6,2,3,4,0,0,0,0,0,17,2,0,0,5,114.46
pcb-e1-dock-preroute.kicad_pcb,pcb-e1-dock-17,ac6f4645a8c6,2,4,5,0,0,1,4.3,0,18,2,0,0,1,38.59
pcb-e1-dock-preroute.kicad_pcb,pcb-e1-dock-17,ac6f4645a8c6,2,5,4,0,0,2,1.12,0,17,2,0,0,1,30.59
pcb-e1-dock-preroute.kicad_pcb,pcb-e1-dock-17,ac6f4645a8c6,2,6,2,0,0,0,0,0,3,2,0,0,0,4.81
pcb-e1-dock-preroute.kicad_pcb,pcb-e1-dock-17,ac6f4645a8c6,3,1,0,0,0,0,0,0,11,2,0,0,0,167.2
pcb-e1-dock-preroute.kicad_pcb,pcb-e1-dock-17,ac6f4645a8c6,3,2,1,0,0,0,0,0,12,3,0,0,1,6.2
pcb-e1-dock-preroute.kicad_pcb,pcb-e1-dock-17,ac6f4645a8c6,3,5,0,0,0,0,0,0,14,2,0,0,0,33.1
pcb-e1-dock-preroute.kicad_pcb,pcb-e1-dock-17,ac6f4645a8c6,3,6,2,0,0,0,0,0,2,2,0,0,0,10.69
pcb-e1-dock-preroute.kicad_pcb,pcb-e1-dock-17,ac6f4645a8c6,4,1,1,0,0,0,0,0,11,2,0,0,0,0
pcb-e1-dock-preroute.kicad_pcb,pcb-e1-dock-17,ac6f4645a8c6,4,3,1,0,0,0,0,0,14,3,0,0,0,0
pcb-e1-dock-preroute.kicad_pcb,pcb-e1-dock-17,ac6f4645a8c6,4,4,5,5,0,5,10.56,0,22,2,0,0,2,55.6
pcb-e1-dock-preroute.kicad_pcb,pcb-e1-dock-17,ac6f4645a8c6,4,5,8,0,0,0,0,0,21,2,0,0,3,51.18
pcb-e1-dock-preroute.kicad_pcb,pcb-e1-dock-17,ac6f4645a8c6,4,6,1,0,0,1,4.65,0,3,2,0,0,0,9.34
pcb-e1-dock-preroute.kicad_pcb,pcb-e1-dock-17,ac6f4645a8c6,5,3,0,0,0,0,0,0,13,2,0,0,1,0
pcb-e1-dock-preroute.kicad_pcb,pcb-e1-dock-17,ac6f4645a8c6,5,4,6,5,0,6,12.86,0,24,2,0,0,1,148.31
pcb-e1-dock-preroute.kicad_pcb,pcb-e1-dock-17,ac6f4645a8c6,5,5,11,0,0,0,0,0,23,2,1,0,2,35.57
pcb-e1-dock-preroute.kicad_pcb,pcb-e1-dock-17,ac6f4645a8c6,5,6,1,0,0,1,4.65,0,2,2,0,0,0,0
pcb-e1-dock-preroute.kicad_pcb,pcb-e1-dock-17,ac6f4645a8c6,6,2,0,0,0,3,0,0,13,2,0,0,0,21.58
pcb-e1-dock-preroute.kicad_pcb,pcb-e1-dock-17,ac6f4645a8c6,6,3,6,0,0,1,14.67,0,17,2,0,0,1,6.14
pcb-e1-dock-preroute.kicad_pcb,pcb-e1-dock-17,ac6f4645a8c6,6,4,1,0,0,1,2.3,0,24,2,0,0,0,25.18
pcb-e1-dock-preroute.kicad_pcb,pcb-e1-dock-17,ac6f4645a8c6,6,5,8,0,0,2,4.0,0,22,2,0,0,3,72.53
pcb-e1-dock-preroute.kicad_pcb,pcb-e1-dock-17,ac6f4645a8c6,6,6,1,0,0,0,0,0,3,2,0,0,0,3.25
pcb-e1-dock-preroute.kicad_pcb,pcb-e1-dock-17,ac6f4645a8c6,7,2,0,0,0,3,0,0,14,2,0,0,0,24.39
pcb-e1-dock-preroute.kicad_pcb,pcb-e1-dock-17,ac6f4645a8c6,7,3,6,0,0,1,6.6,0,20,2,1,0,0,86.56
pcb-e1-dock-preroute.kicad_pcb,pcb-e1-dock-17,ac6f4645a8c6,7,4,8,0,0,6,6.84,0,28,2,0,0,2,113.62
pcb-e1-dock-preroute.kicad_pcb,pcb-e1-dock-17,ac6f4645a8c6,7,5,4,0,0,0,0,0,25,2,0,0,1,98.04
pcb-e1-dock-preroute.kicad_pcb,pcb-e1-dock-17,ac6f4645a8c6,7,6,1,0,0,0,0,0,6,2,0,0,0,3.25
pcb-e1-dock-preroute.kicad_pcb,pcb-e1-dock-17,ac6f4645a8c6,8,1,1,0,0,0,0,0,12,2,0,0,0,0
pcb-e1-dock-preroute.kicad_pcb,pcb-e1-dock-17,ac6f4645a8c6,8,2,0,0,0,0,0,0,14,2,0,0,0,135.04
pcb-e1-dock-preroute.kicad_pcb,pcb-e1-dock-17,ac6f4645a8c6,8,3,1,0,0,0,0,0,20,2,0,0,0,82.47
pcb-e1-dock-preroute.kicad_pcb,pcb-e1-dock-17,ac6f4645a8c6,8,4,12,6,0,5,10.17,0,28,2,0,0,3,72.96
pcb-e1-dock-preroute.kicad_pcb,pcb-e1-dock-17,ac6f4645a8c6,8,5,3,0,0,0,0,0,26,2,0,0,2,22.31
pcb-e1-dock-preroute.kicad_pcb,pcb-e1-dock-17,ac6f4645a8c6,8,6,2,0,0,0,0,0,7,2,0,0,0,122.7
pcb-e1-dock-preroute.kicad_pcb,pcb-e1-dock-17,ac6f4645a8c6,9,1,1,0,0,0,0,0,12,3,0,0,0,0
pcb-e1-dock-preroute.kicad_pcb,pcb-e1-dock-17,ac6f4645a8c6,9,2,0,0,0,0,0,0,14,3,0,0,0,131.13
pcb-e1-dock-preroute.kicad_pcb,pcb-e1-dock-17,ac6f4645a8c6,9,3,1,0,0,0,0,0,20,2,0,0,0,45.38
pcb-e1-dock-preroute.kicad_pcb,pcb-e1-dock-17,ac6f4645a8c6,9,4,1,0,0,3,0,0,28,2,0,0,0,77.92
pcb-e1-dock-preroute.kicad_pcb,pcb-e1-dock-17,ac6f4645a8c6,9,5,4,0,0,0,0,0,26,2,0,0,3,80.48
pcb-e1-dock-preroute.kicad_pcb,pcb-e1-dock-17,ac6f4645a8c6,9,6,2,0,0,0,0,0,7,2,0,0,0,14.27
pcb-e1-dock-preroute.kicad_pcb,pcb-e1-dock-17,ac6f4645a8c6,10,3,0,0,0,0,0,0,20,2,0,0,0,8.16
pcb-e1-dock-preroute.kicad_pcb,pcb-e1-dock-17,ac6f4645a8c6,10,4,3,0,0,1,2.9,0,26,2,0,0,0,38.03
pcb-e1-dock-preroute.kicad_pcb,pcb-e1-dock-17,ac6f4645a8c6,10,5,6,0,0,3,2.25,0,24,2,0,0,1,13.3
pcb-e1-dock-preroute.kicad_pcb,pcb-e1-dock-17,ac6f4645a8c6,10,6,2,0,0,0,0,0,6,2,0,0,0,4.41
pcb-e1-dock-preroute.kicad_pcb,pcb-e1-dock-17,ac6f4645a8c6,11,1,1,0,0,0,0,0,12,4,0,0,0,0
pcb-e1-dock-preroute.kicad_pcb,pcb-e1-dock-17,ac6f4645a8c6,11,3,1,0,0,0,0,0,20,2,0,0,0,0
pcb-e1-dock-preroute.kicad_pcb,pcb-e1-dock-17,ac6f4645a8c6,11,4,2,0,0,1,2.9,0,23,2,0,0,0,7.36
pcb-e1-dock-preroute.kicad_pcb,pcb-e1-dock-17,ac6f4645a8c6,11,5,5,0,0,2,6.53,0,21,2,0,0,1,29.76
pcb-e1-dock-preroute.kicad_pcb,pcb-e1-dock-17,ac6f4645a8c6,11,6,0,0,0,0,0,0,5,2,0,0,0,74.37
pcb-e1-dock-preroute.kicad_pcb,pcb-e1-dock-17,ac6f4645a8c6,12,1,1,0,0,0,0,0,12,3,0,0,0,0
pcb-e1-dock-preroute.kicad_pcb,pcb-e1-dock-17,ac6f4645a8c6,12,3,1,0,0,0,0,0,21,2,0,0,0,0
pcb-e1-dock-preroute.kicad_pcb,pcb-e1-dock-17,ac6f4645a8c6,12,4,2,0,0,2,4.7,0,23,2,0,0,0,36.45
pcb-e1-dock-preroute.kicad_pcb,pcb-e1-dock-17,ac6f4645a8c6,12,5,2,0,0,3,3.1,0,20,2,0,0,0,27.36
pcb-e1-dock-preroute.kicad_pcb,pcb-e1-dock-17,ac6f4645a8c6,12,6,2,0,0,0,0,0,6,2,0,0,0,2.69
pcb-e1-dock-preroute.kicad_pcb,pcb-e1-dock-17,ac6f4645a8c6,13,1,1,0,0,0,0,0,12,4,0,0,0,0
pcb-e1-dock-preroute.kicad_pcb,pcb-e1-dock-17,ac6f4645a8c6,13,2,0,0,0,0,0,0,14,4,0,0,0,50.49
pcb-e1-dock-preroute.kicad_pcb,pcb-e1-dock-17,ac6f4645a8c6,13,3,1,0,0,0,0,0,21,2,0,0,0,0
pcb-e1-dock-preroute.kicad_pcb,pcb-e1-dock-17,ac6f4645a8c6,13,4,5,0,0,5,10.2,0,23,2,0,0,0,14.72
pcb-e1-dock-preroute.kicad_pcb,pcb-e1-dock-17,ac6f4645a8c6,13,5,1,0,0,1,1.4,0,20,2,0,0,0,8.11
pcb-e1-dock-preroute.kicad_pcb,pcb-e1-dock-17,ac6f4645a8c6,13,6,2,0,0,0,0,0,6,2,0,0,0,14.3
pcb-e1-dock-preroute.kicad_pcb,pcb-e1-dock-17,ac6f4645a8c6,14,1,0,0,0,0,0,0,12,4,0,0,0,46.84
pcb-e1-dock-preroute.kicad_pcb,pcb-e1-dock-17,ac6f4645a8c6,14,2,0,0,0,0,0,0,14,4,0,0,0,42.17
pcb-e1-dock-preroute.kicad_pcb,pcb-e1-dock-17,ac6f4645a8c6,14,3,2,0,0,2,4.69,0,22,2,0,0,0,14.77
pcb-e1-dock-preroute.kicad_pcb,pcb-e1-dock-17,ac6f4645a8c6,14,4,9,0,0,9,11.95,0,27,2,0,0,0,23.05
pcb-e1-dock-preroute.kicad_pcb,pcb-e1-dock-17,ac6f4645a8c6,14,5,2,0,0,0,0,0,23,2,0,0,0,18.42
pcb-e1-dock-preroute.kicad_pcb,pcb-e1-dock-17,ac6f4645a8c6,14,6,2,0,0,0,0,0,5,2,0,0,0,19.88
pcb-e1-dock-preroute.kicad_pcb,pcb-e1-dock-17,ac6f4645a8c6,15,1,1,0,0,0,0,0,12,3,0,0,0,0
pcb-e1-dock-preroute.kicad_pcb,pcb-e1-dock-17,ac6f4645a8c6,15,3,7,0,0,4,0,0,22,2,0,0,2,6.1
pcb-e1-dock-preroute.kicad_pcb,pcb-e1-dock-17,ac6f4645a8c6,15,4,14,0,0,9,0,0,31,2,0,0,8,65.46
pcb-e1-dock-preroute.kicad_pcb,pcb-e1-dock-17,ac6f4645a8c6,15,5,7,0,0,0,0,0,27,2,0,0,7,92.02
pcb-e1-dock-preroute.kicad_pcb,pcb-e1-dock-17,ac6f4645a8c6,16,1,1,0,0,0,0,0,12,3,0,0,0,0
pcb-e1-dock-preroute.kicad_pcb,pcb-e1-dock-17,ac6f4645a8c6,16,3,9,0,0,3,2.15,0,24,2,0,0,2,9.41
pcb-e1-dock-preroute.kicad_pcb,pcb-e1-dock-17,ac6f4645a8c6,16,4,20,0,0,10,8.99,0,35,2,0,0,6,57.45
pcb-e1-dock-preroute.kicad_pcb,pcb-e1-dock-17,ac6f4645a8c6,16,5,4,0,0,0,0,0,29,2,0,0,3,75.35
pcb-e1-dock-preroute.kicad_pcb,pcb-e1-dock-17,ac6f4645a8c6,17,3,0,0,0,0,0,0,25,2,0,0,0,11.91
pcb-e1-dock-preroute.kicad_pcb,pcb-e1-dock-17,ac6f4645a8c6,17,4,12,12,0,11,21.59,0,43,2,0,0,6,128.92
pcb-e1-dock-preroute.kicad_pcb,pcb-e1-dock-17,ac6f4645a8c6,17,5,3,0,0,1,0,0,29,2,0,0,2,114.29
pcb-e1-dock-preroute.kicad_pcb,pcb-e1-dock-17,ac6f4645a8c6,18,0,0,0,0,1,0,0,7,2,0,0,2,513.69
pcb-e1-dock-preroute.kicad_pcb,pcb-e1-dock-17,ac6f4645a8c6,18,1,1,0,0,0,0,0,12,3,0,0,1,68.18
pcb-e1-dock-preroute.kicad_pcb,pcb-e1-dock-17,ac6f4645a8c6,18,2,0,0,0,1,0,0,14,3,0,0,1,47.28
pcb-e1-dock-preroute.kicad_pcb,pcb-e1-dock-17,ac6f4645a8c6,18,3,1,0,0,0,0,0,25,2,0,0,1,36.25
pcb-e1-dock-preroute.kicad_pcb,pcb-e1-dock-17,ac6f4645a8c6,18,4,36,33,1,15,32.8,0,42,2,0,0,12,98.56
pcb-e1-dock-preroute.kicad_pcb,pcb-e1-dock-17,ac6f4645a8c6,18,5,1,0,0,6,6.84,0,27,2,0,0,1,66.93
pcb-e1-dock-preroute.kicad_pcb,pcb-e1-dock-17,ac6f4645a8c6,18,6,0,0,0,0,0,0,6,2,0,0,0,40.03
pcb-e1-dock-preroute.kicad_pcb,pcb-e1-dock-17,ac6f4645a8c6,19,0,20,14,0,12,25.06,0,9,2,0,0,0,46.73
pcb-e1-dock-preroute.kicad_pcb,pcb-e1-dock-17,ac6f4645a8c6,19,1,14,0,0,3,4.29,0,14,2,0,0,3,95.6
pcb-e1-dock-preroute.kicad_pcb,pcb-e1-dock-17,ac6f4645a8c6,19,2,6,0,0,3,3.38,0,16,2,0,0,2,277.63
pcb-e1-dock-preroute.kicad_pcb,pcb-e1-dock-17,ac6f4645a8c6,19,3,5,0,0,3,2.67,0,27,2,0,0,0,40.44
pcb-e1-dock-preroute.kicad_pcb,pcb-e1-dock-17,ac6f4645a8c6,19,4,19,0,0,8,10.12,0,36,2,0,0,2,87.3
pcb-e1-dock-preroute.kicad_pcb,pcb-e1-dock-17,ac6f4645a8c6,19,5,1,0,0,0,0,0,24,2,0,0,1,8.48
pcb-e1-dock-preroute.kicad_pcb,pcb-e1-dock-17,ac6f4645a8c6,20,1,1,0,0,0,0,0,12,3,0,0,1,22.18
pcb-e1-dock-preroute.kicad_pcb,pcb-e1-dock-17,ac6f4645a8c6,20,2,0,0,0,0,0,0,15,3,0,0,1,36.19
pcb-e1-dock-preroute.kicad_pcb,pcb-e1-dock-17,ac6f4645a8c6,20,3,4,0,0,3,5.81,0,23,2,0,0,0,366.0
pcb-e1-dock-preroute.kicad_pcb,pcb-e1-dock-17,ac6f4645a8c6,20,4,5,0,0,5,7.05,0,25,2,0,0,1,28.09
pcb-e1-dock-preroute.kicad_pcb,pcb-e1-dock-17,ac6f4645a8c6,20,5,1,0,0,1,2.65,0,21,2,0,0,2,34.0
pcb-e1-dock-preroute.kicad_pcb,pcb-e1-dock-17,ac6f4645a8c6,20,6,2,0,0,2,3.1,0,5,2,0,0,0,14.99
pcb-e1-dock-preroute.kicad_pcb,pcb-e1-dock-17,ac6f4645a8c6,21,1,0,0,0,0,0,0,12,4,0,0,0,10.86
pcb-e1-dock-preroute.kicad_pcb,pcb-e1-dock-17,ac6f4645a8c6,21,3,9,3,0,6,5.09,0,24,2,0,0,3,290.51
pcb-e1-dock-preroute.kicad_pcb,pcb-e1-dock-17,ac6f4645a8c6,21,4,5,0,0,3,2.65,0,26,2,0,0,6,35.41
pcb-e1-dock-preroute.kicad_pcb,pcb-e1-dock-17,ac6f4645a8c6,21,5,2,0,0,2,4.2,0,22,2,0,0,0,9.17
pcb-e1-dock-preroute.kicad_pcb,pcb-e1-dock-17,ac6f4645a8c6,21,6,3,0,0,2,2.52,0,6,2,0,0,1,12.23
pcb-e1-dock-preroute.kicad_pcb,pcb-e1-dock-17,ac6f4645a8c6,22,1,1,0,0,0,0,0,12,3,0,0,0,0
pcb-e1-dock-preroute.kicad_pcb,pcb-e1-dock-17,ac6f4645a8c6,22,3,4,3,0,3,5.09,0,23,2,0,0,3,324.6
pcb-e1-dock-preroute.kicad_pcb,pcb-e1-dock-17,ac6f4645a8c6,22,4,0,0,0,0,0,0,25,2,0,0,7,196.4
pcb-e1-dock-preroute.kicad_pcb,pcb-e1-dock-17,ac6f4645a8c6,22,5,1,0,0,1,1.55,0,21,2,0,0,2,115.02
pcb-e1-dock-preroute.kicad_pcb,pcb-e1-dock-17,ac6f4645a8c6,22,6,3,0,0,1,2.52,0,5,2,0,0,1,5.4
pcb-e1-dock-preroute.kicad_pcb,pcb-e1-dock-17,ac6f4645a8c6,23,1,1,0,0,0,0,0,12,3,0,0,0,0
pcb-e1-dock-preroute.kicad_pcb,pcb-e1-dock-17,ac6f4645a8c6,23,2,0,0,0,0,0,0,14,3,0,0,1,40.71
pcb-e1-dock-preroute.kicad_pcb,pcb-e1-dock-17,ac6f4645a8c6,23,3,1,0,0,0,0,0,29,2,0,0,1,45.72
pcb-e1-dock-preroute.kicad_pcb,pcb-e1-dock-17,ac6f4645a8c6,23,4,37,37,0,28,28.82,0,37,2,1,0,5,143.06
pcb-e1-dock-preroute.kicad_pcb,pcb-e1-dock-17,ac6f4645a8c6,23,5,24,24,0,17,21.41,0,25,2,0,0,3,90.74
pcb-e1-dock-preroute.kicad_pcb,pcb-e1-dock-17,ac6f4645a8c6,23,6,1,0,0,1,0,0,3,2,0,0,0,0
pcb-e1-dock-preroute.kicad_pcb,pcb-e1-dock-17,ac6f4645a8c6,24,3,12,10,0,9,17.49,0,17,2,0,0,0,68.26
pcb-e1-dock-preroute.kicad_pcb,pcb-e1-dock-17,ac6f4645a8c6,24,4,12,0,0,5,3.38,19.28,24,2,0,0,5,127.48
pcb-e1-dock-preroute.kicad_pcb,pcb-e1-dock-17,ac6f4645a8c6,24,5,5,0,0,3,1.12,0,14,2,0,0,3,53.22
pcb-e1-dock-preroute.kicad_pcb,pcb-e1-dock-17,ac6f4645a8c6,25,1,1,0,0,0,0,0,5,3,0,0,0,0
pcb-e1-dock-preroute.kicad_pcb,pcb-e1-dock-17,ac6f4645a8c6,25,2,1,0,0,0,0,0,5,4,0,0,0,0
pcb-e1-dock-preroute.kicad_pcb,pcb-e1-dock-17,ac6f4645a8c6,25,3,5,0,0,2,2.5,0,11,3,0,0,0,168.1
pcb-e1-dock-preroute.kicad_pcb,pcb-e1-dock-17,ac6f4645a8c6,25,4,16,0,0,4,6.75,0,14,2,0,0,1,77.91
pcb-e1-dock-preroute.kicad_pcb,pcb-e1-dock-17,ac6f4645a8c6,25,5,4,0,0,1,0,0,9,2,0,0,3,77.1
pcb-e1-dock-preroute.kicad_pcb,pcb-e1-dock-17,ac6f4645a8c6,26,3,2,0,0,0,0,0,6,3,0,0,2,10.94
pcb-e1-dock-preroute.kicad_pcb,pcb-e1-dock-17,ac6f4645a8c6,26,4,7,0,0,4,3.38,0,8,2,0,0,0,30.09
pcb-e1-dock-preroute.kicad_pcb,pcb-e1-dock-17,ac6f4645a8c6,26,5,3,0,0,0,0,0,6,2,0,0,0,11.73
pcb-e1-dock-preroute.kicad_pcb,pcb-e1-dock-18,bd39fa547654,0,0,3,0,0,0,0,0,6,2,0,0,0,20.17
pcb-e1-dock-preroute.kicad_pcb,pcb-e1-dock-18,bd39fa547654,0,1,4,0,0,0,0,0,10,2,0,0,0,54.83
pcb-e1-dock-preroute.kicad_pcb,pcb-e1-dock-18,bd39fa547654,0,2,3,0,0,1,1.9,0,11,2,0,0,0,11.2
pcb-e1-dock-preroute.kicad_pcb,pcb-e1-dock-18,bd39fa547654,0,3,3,0,0,0,0,0,13,2,0,0,1,61.09
pcb-e1-dock-preroute.kicad_pcb,pcb-e1-dock-18,bd39fa547654,0,4,8,6,0,5,15.12,0,14,2,0,0,0,11.34
pcb-e1-dock-preroute.kicad_pcb,pcb-e1-dock-18,bd39fa547654,0,5,9,0,0,4,3.39,0,14,2,0,0,3,44.26
pcb-e1-dock-preroute.kicad_pcb,pcb-e1-dock-18,bd39fa547654,0,6,1,0,0,0,0,0,2,2,0,0,0,0
pcb-e1-dock-preroute.kicad_pcb,pcb-e1-dock-18,bd39fa547654,1,0,6,0,0,0,0,0,10,2,0,0,1,35.53
pcb-e1-dock-preroute.kicad_pcb,pcb-e1-dock-18,bd39fa547654,1,1,7,0,0,0,0,0,14,2,0,0,1,67.89
pcb-e1-dock-preroute.kicad_pcb,pcb-e1-dock-18,bd39fa547654,1,2,5,0,0,1,1.9,0,17,2,0,0,2,121.65
pcb-e1-dock-preroute.kicad_pcb,pcb-e1-dock-18,bd39fa547654,1,3,5,0,0,0,0,0,17,2,0,0,3,269.78
pcb-e1-dock-preroute.kicad_pcb,pcb-e1-dock-18,bd39fa547654,1,4,5,0,0,2,8.3,0,18,2,0,0,0,25.5
pcb-e1-dock-preroute.kicad_pcb,pcb-e1-dock-18,bd39fa547654,1,5,7,0,0,6,3.65,0,18,2,0,0,3,58.09
pcb-e1-dock-preroute.kicad_pcb,pcb-e1-dock-18,bd39fa547654,1,6,1,0,0,0,0,0,3,2,0,0,0,7.74
pcb-e1-dock-preroute.kicad_pcb,pcb-e1-dock-18,bd39fa547654,2,0,0,0,0,0,0,0,10,2,0,0,0,9.87
pcb-e1-dock-preroute.kicad_pcb,pcb-e1-dock-18,bd39fa547654,2,1,3,0,0,0,0,0,14,2,0,0,0,100.44
pcb-e1-dock-preroute.kicad_pcb,pcb-e1-dock-18,bd39fa547654,2,2,4,0,0,1,1.39,0,17,2,0,0,1,34.57
pcb-e1-dock-preroute.kicad_pcb,pcb-e1-dock-18,bd39fa547654,2,3,5,0,0,1,1.39,0,17,2,0,0,3,108.46
pcb-e1-dock-preroute.kicad_pcb,pcb-e1-dock-18,bd39fa547654,2,4,5,0,0,1,4.3,0,18,2,0,0,0,85.62
pcb-e1-dock-preroute.kicad_pcb,pcb-e1-dock-18,bd39fa547654,2,5,4,0,0,2,1.12,0,17,2,0,0,0,36.88
pcb-e1-dock-preroute.kicad_pcb,pcb-e1-dock-18,bd39fa547654,2,6,2,0,0,0,0,0,3,2,0,0,0,4.81
pcb-e1-dock-preroute.kicad_pcb,pcb-e1-dock-18,bd39fa547654,3,0,0,0,0,0,0,0,9,2,0,0,0,161.81
pcb-e1-dock-preroute.kicad_pcb,pcb-e1-dock-18,bd39fa547654,3,1,0,0,0,0,0,0,12,2,0,0,0,160.89
pcb-e1-dock-preroute.kicad_pcb,pcb-e1-dock-18,bd39fa547654,3,2,2,0,0,0,0,0,13,3,0,0,0,7.73
pcb-e1-dock-preroute.kicad_pcb,pcb-e1-dock-18,bd39fa547654,3,3,0,0,0,0,0,0,14,3,0,0,0,18.03
pcb-e1-dock-preroute.kicad_pcb,pcb-e1-dock-18,bd39fa547654,3,6,2,0,0,0,0,0,2,2,0,0,0,8.56
pcb-e1-dock-preroute.kicad_pcb,pcb-e1-dock-18,bd39fa547654,4,1,1,0,0,0,0,0,11,2,0,0,0,0
pcb-e1-dock-preroute.kicad_pcb,pcb-e1-dock-18,bd39fa547654,4,3,1,0,0,0,0,0,14,3,0,0,0,20.45
pcb-e1-dock-preroute.kicad_pcb,pcb-e1-dock-18,bd39fa547654,4,4,5,5,0,5,10.56,0,22,2,0,0,0,106.07
pcb-e1-dock-preroute.kicad_pcb,pcb-e1-dock-18,bd39fa547654,4,5,9,0,0,0,0,0,21,2,0,0,5,47.64
pcb-e1-dock-preroute.kicad_pcb,pcb-e1-dock-18,bd39fa547654,4,6,1,0,0,1,4.65,0,3,2,0,0,0,9.34
pcb-e1-dock-preroute.kicad_pcb,pcb-e1-dock-18,bd39fa547654,5,1,0,0,0,0,0,0,10,2,0,0,0,28.29
pcb-e1-dock-preroute.kicad_pcb,pcb-e1-dock-18,bd39fa547654,5,3,0,0,0,0,0,0,13,2,0,0,0,7.16
pcb-e1-dock-preroute.kicad_pcb,pcb-e1-dock-18,bd39fa547654,5,4,6,5,0,6,12.86,0,24,2,0,0,1,61.29
pcb-e1-dock-preroute.kicad_pcb,pcb-e1-dock-18,bd39fa547654,5,5,10,0,0,0,0,0,23,2,0,0,3,55.12
pcb-e1-dock-preroute.kicad_pcb,pcb-e1-dock-18,bd39fa547654,5,6,1,0,0,1,4.65,0,2,2,0,0,1,0
pcb-e1-dock-preroute.kicad_pcb,pcb-e1-dock-18,bd39fa547654,6,2,0,0,0,3,0,0,13,2,0,0,0,126.11
pcb-e1-dock-preroute.kicad_pcb,pcb-e1-dock-18,bd39fa547654,6,3,6,0,0,1,14.67,0,17,2,0,0,1,31.54
pcb-e1-dock-preroute.kicad_pcb,pcb-e1-dock-18,bd39fa547654,6,4,1,0,0,1,2.3,0,24,2,0,0,1,63.43
pcb-e1-dock-preroute.kicad_pcb,pcb-e1-dock-18,bd39fa547654,6,5,8,0,0,2,4.0,0,22,2,0,0,2,125.32
pcb-e1-dock-preroute.kicad_pcb,pcb-e1-dock-18,bd39fa547654,6,6,1,0,0,0,0,0,3,2,0,0,0,3.25
pcb-e1-dock-preroute.kicad_pcb,pcb-e1-dock-18,bd39fa547654,7,3,6,0,0,1,6.6,0,20,2,0,0,1,291.47
pcb-e1-dock-preroute.kicad_pcb,pcb-e1-dock-18,bd39fa547654,7,4,10,0,0,6,6.84,0,28,2,0,0,2,16.5
pcb-e1-dock-preroute.kicad_pcb,pcb-e1-dock-18,bd39fa547654,7,5,4,0,0,0,0,0,25,2,0,0,2,132.61
pcb-e1-dock-preroute.kicad_pcb,pcb-e1-dock-18,bd39fa547654,7,6,1,0,0,0,0,0,6,2,0,0,0,3.25
pcb-e1-dock-preroute.kicad_pcb,pcb-e1-dock-18,bd39fa547654,8,1,1,0,0,0,0,0,12,2,0,0,0,0
pcb-e1-dock-preroute.kicad_pcb,pcb-e1-dock-18,bd39fa547654,8,2,0,0,0,0,0,0,14,2,0,0,0,169.89
pcb-e1-dock-preroute.kicad_pcb,pcb-e1-dock-18,bd39fa547654,8,3,1,0,0,0,0,0,20,2,0,0,0,76.57
pcb-e1-dock-preroute.kicad_pcb,pcb-e1-dock-18,bd39fa547654,8,4,10,6,0,5,10.17,0,28,2,0,0,5,59.93
pcb-e1-dock-preroute.kicad_pcb,pcb-e1-dock-18,bd39fa547654,8,5,3,0,0,0,0,0,26,2,0,0,3,33.31
pcb-e1-dock-preroute.kicad_pcb,pcb-e1-dock-18,bd39fa547654,8,6,2,0,0,0,0,0,7,2,0,0,0,19.72
pcb-e1-dock-preroute.kicad_pcb,pcb-e1-dock-18,bd39fa547654,9,1,1,0,0,0,0,0,12,3,0,0,0,0
pcb-e1-dock-preroute.kicad_pcb,pcb-e1-dock-18,bd39fa547654,9,2,0,0,0,0,0,0,14,3,0,0,0,100.17
pcb-e1-dock-preroute.kicad_pcb,pcb-e1-dock-18,bd39fa547654,9,3,1,0,0,0,0,0,20,2,0,0,0,21.97
pcb-e1-dock-preroute.kicad_pcb,pcb-e1-dock-18,bd39fa547654,9,4,1,0,0,3,0,0,28,2,0,0,1,39.12
pcb-e1-dock-preroute.kicad_pcb,pcb-e1-dock-18,bd39fa547654,9,5,5,0,0,0,0,0,26,2,0,0,1,60.6
pcb-e1-dock-preroute.kicad_pcb,pcb-e1-dock-18,bd39fa547654,9,6,2,0,0,0,0,0,7,2,0,0,0,14.3
pcb-e1-dock-preroute.kicad_pcb,pcb-e1-dock-18,bd39fa547654,10,4,3,0,0,1,2.9,0,26,2,0,0,1,90.02
pcb-e1-dock-preroute.kicad_pcb,pcb-e1-dock-18,bd39fa547654,10,5,5,0,0,3,2.25,0,24,2,0,0,2,29.12
pcb-e1-dock-preroute.kicad_pcb,pcb-e1-dock-18,bd39fa547654,10,6,2,0,0,0,0,0,6,2,0,0,0,3.4
pcb-e1-dock-preroute.kicad_pcb,pcb-e1-dock-18,bd39fa547654,11,1,1,0,0,0,0,0,12,4,0,0,0,0
pcb-e1-dock-preroute.kicad_pcb,pcb-e1-dock-18,bd39fa547654,11,3,1,0,0,0,0,0,20,2,0,0,0,0
pcb-e1-dock-preroute.kicad_pcb,pcb-e1-dock-18,bd39fa547654,11,4,2,0,0,1,2.9,0,23,2,0,0,0,8.86
pcb-e1-dock-preroute.kicad_pcb,pcb-e1-dock-18,bd39fa547654,11,5,5,0,0,2,6.53,0,21,2,0,0,0,24.47
pcb-e1-dock-preroute.kicad_pcb,pcb-e1-dock-18,bd39fa547654,12,1,1,0,0,0,0,0,12,3,0,0,0,0
pcb-e1-dock-preroute.kicad_pcb,pcb-e1-dock-18,bd39fa547654,12,3,1,0,0,0,0,0,21,2,0,0,0,0
pcb-e1-dock-preroute.kicad_pcb,pcb-e1-dock-18,bd39fa547654,12,4,2,0,0,2,4.7,0,23,2,0,0,0,26.0
pcb-e1-dock-preroute.kicad_pcb,pcb-e1-dock-18,bd39fa547654,12,5,2,0,0,3,3.1,0,20,2,0,0,0,57.38
pcb-e1-dock-preroute.kicad_pcb,pcb-e1-dock-18,bd39fa547654,12,6,2,0,0,0,0,0,6,2,0,0,0,12.82
pcb-e1-dock-preroute.kicad_pcb,pcb-e1-dock-18,bd39fa547654,13,1,1,0,0,0,0,0,12,4,0,0,0,0
pcb-e1-dock-preroute.kicad_pcb,pcb-e1-dock-18,bd39fa547654,13,2,0,0,0,0,0,0,14,4,0,0,0,51.88
pcb-e1-dock-preroute.kicad_pcb,pcb-e1-dock-18,bd39fa547654,13,3,1,0,0,1,0,0,21,2,0,0,0,2.25
pcb-e1-dock-preroute.kicad_pcb,pcb-e1-dock-18,bd39fa547654,13,4,5,0,0,4,10.2,0,23,2,0,0,0,14.98
pcb-e1-dock-preroute.kicad_pcb,pcb-e1-dock-18,bd39fa547654,13,5,1,0,0,1,1.4,0,20,2,0,0,1,28.94
pcb-e1-dock-preroute.kicad_pcb,pcb-e1-dock-18,bd39fa547654,13,6,2,0,0,0,0,0,6,2,0,0,0,4.49
pcb-e1-dock-preroute.kicad_pcb,pcb-e1-dock-18,bd39fa547654,14,1,0,0,0,0,0,0,12,4,0,0,0,47.51
pcb-e1-dock-preroute.kicad_pcb,pcb-e1-dock-18,bd39fa547654,14,3,3,0,0,3,6.12,0,22,2,0,0,0,2.73
pcb-e1-dock-preroute.kicad_pcb,pcb-e1-dock-18,bd39fa547654,14,4,8,0,0,8,10.53,0,27,2,0,0,0,46.44
pcb-e1-dock-preroute.kicad_pcb,pcb-e1-dock-18,bd39fa547654,14,5,2,0,0,0,0,0,23,2,0,0,0,95.71
pcb-e1-dock-preroute.kicad_pcb,pcb-e1-dock-18,bd39fa547654,14,6,2,0,0,0,0,0,5,2,0,0,0,12.29
pcb-e1-dock-preroute.kicad_pcb,pcb-e1-dock-18,bd39fa547654,15,1,1,0,0,0,0,0,12,3,0,0,0,0
pcb-e1-dock-preroute.kicad_pcb,pcb-e1-dock-18,bd39fa547654,15,3,8,0,0,4,0,0,22,2,0,0,3,101.15
pcb-e1-dock-preroute.kicad_pcb,pcb-e1-dock-18,bd39fa547654,15,4,13,0,0,9,0,0,31,2,0,0,8,61.67
pcb-e1-dock-preroute.kicad_pcb,pcb-e1-dock-18,bd39fa547654,15,5,7,0,0,0,0,0,27,2,0,0,5,115.99
pcb-e1-dock-preroute.kicad_pcb,pcb-e1-dock-18,bd39fa547654,15,6,0,0,0,0,0,0,5,2,0,0,0,7.93
pcb-e1-dock-preroute.kicad_pcb,pcb-e1-dock-18,bd39fa547654,16,1,1,0,0,0,0,0,12,3,0,0,0,0
pcb-e1-dock-preroute.kicad_pcb,pcb-e1-dock-18,bd39fa547654,16,2,0,0,0,0,0,0,14,3,0,0,0,19.24
pcb-e1-dock-preroute.kicad_pcb,pcb-e1-dock-18,bd39fa547654,16,3,9,0,0,3,2.15,0,24,2,0,0,2,6.27
pcb-e1-dock-preroute.kicad_pcb,pcb-e1-dock-18,bd39fa547654,16,4,20,0,0,10,8.99,0,35,2,0,0,6,57.89
pcb-e1-dock-preroute.kicad_pcb,pcb-e1-dock-18,bd39fa547654,16,5,4,0,0,0,0,0,29,2,0,0,1,55.19
pcb-e1-dock-preroute.kicad_pcb,pcb-e1-dock-18,bd39fa547654,17,3,0,0,0,0,0,0,27,2,0,0,3,70.98
pcb-e1-dock-preroute.kicad_pcb,pcb-e1-dock-18,bd39fa547654,17,4,12,12,0,11,21.59,0,43,2,0,0,3,92.47
pcb-e1-dock-preroute.kicad_pcb,pcb-e1-dock-18,bd39fa547654,17,5,3,0,0,1,0,0,29,2,0,0,2,25.01
pcb-e1-dock-preroute.kicad_pcb,pcb-e1-dock-18,bd39fa547654,18,0,0,0,0,1,0,0,7,2,0,0,0,170.67
pcb-e1-dock-preroute.kicad_pcb,pcb-e1-dock-18,bd39fa547654,18,1,1,0,0,0,0,0,12,3,0,0,0,167.09
pcb-e1-dock-preroute.kicad_pcb,pcb-e1-dock-18,bd39fa547654,18,2,0,0,0,1,0,0,14,3,0,0,2,21.8
pcb-e1-dock-preroute.kicad_pcb,pcb-e1-dock-18,bd39fa547654,18,3,2,0,0,0,0,0,28,2,0,0,5,258.11
pcb-e1-dock-preroute.kicad_pcb,pcb-e1-dock-18,bd39fa547654,18,4,35,33,1,15,32.8,0,43,2,0,0,10,89.88
pcb-e1-dock-preroute.kicad_pcb,pcb-e1-dock-18,bd39fa547654,18,5,1,0,0,6,6.84,0,27,2,0,0,4,217.19
pcb-e1-dock-preroute.kicad_pcb,pcb-e1-dock-18,bd39fa547654,19,0,18,14,0,11,23.93,0,9,2,0,0,2,45.84
pcb-e1-dock-preroute.kicad_pcb,pcb-e1-dock-18,bd39fa547654,19,1,16,0,0,5,5.41,0,14,2,0,0,3,101.71
pcb-e1-dock-preroute.kicad_pcb,pcb-e1-dock-18,bd39fa547654,19,2,6,0,0,2,3.38,0,16,2,1,0,3,234.92
pcb-e1-dock-preroute.kicad_pcb,pcb-e1-dock-18,bd39fa547654,19,3,7,0,0,4,4.92,0,29,2,0,0,0,98.0
pcb-e1-dock-preroute.kicad_pcb,pcb-e1-dock-18,bd39fa547654,19,4,17,0,0,7,9.0,0,36,2,0,0,7,135.84
pcb-e1-dock-preroute.kicad_pcb,pcb-e1-dock-18,bd39fa547654,19,5,0,0,0,0,0,0,24,2,0,0,0,20.76
pcb-e1-dock-preroute.kicad_pcb,pcb-e1-dock-18,bd39fa547654,20,0,0,0,0,0,0,0,8,2,0,0,0,9.65
pcb-e1-dock-preroute.kicad_pcb,pcb-e1-dock-18,bd39fa547654,20,1,1,0,0,0,0,0,12,3,0,0,1,38.47
pcb-e1-dock-preroute.kicad_pcb,pcb-e1-dock-18,bd39fa547654,20,3,5,0,0,3,5.81,0,24,2,0,0,0,26.51
pcb-e1-dock-preroute.kicad_pcb,pcb-e1-dock-18,bd39fa547654,20,4,4,0,0,5,5.92,0,26,2,0,0,4,132.24
pcb-e1-dock-preroute.kicad_pcb,pcb-e1-dock-18,bd39fa547654,20,5,2,0,0,1,2.65,0,22,2,0,0,0,33.36
pcb-e1-dock-preroute.kicad_pcb,pcb-e1-dock-18,bd39fa547654,20,6,2,0,0,2,3.1,0,5,2,0,0,0,220.7
pcb-e1-dock-preroute.kicad_pcb,pcb-e1-dock-18,bd39fa547654,21,2,0,0,0,0,0,0,15,4,0,0,0,50.66
pcb-e1-dock-preroute.kicad_pcb,pcb-e1-dock-18,bd39fa547654,21,3,9,3,0,6,5.09,0,24,2,0,0,2,41.46
pcb-e1-dock-preroute.kicad_pcb,pcb-e1-dock-18,bd39fa547654,21,4,5,0,0,3,2.65,0,26,2,0,0,3,25.58
pcb-e1-dock-preroute.kicad_pcb,pcb-e1-dock-18,bd39fa547654,21,5,2,0,0,2,4.2,0,22,2,0,0,2,27.75
pcb-e1-dock-preroute.kicad_pcb,pcb-e1-dock-18,bd39fa547654,21,6,3,0,0,2,2.52,0,6,2,0,0,0,14.58
pcb-e1-dock-preroute.kicad_pcb,pcb-e1-dock-18,bd39fa547654,22,1,1,0,0,0,0,0,12,3,0,0,0,0
pcb-e1-dock-preroute.kicad_pcb,pcb-e1-dock-18,bd39fa547654,22,2,0,0,0,0,0,0,15,3,0,0,0,36.97
pcb-e1-dock-preroute.kicad_pcb,pcb-e1-dock-18,bd39fa547654,22,3,4,3,0,3,5.09,0,23,2,0,0,3,271.01
pcb-e1-dock-preroute.kicad_pcb,pcb-e1-dock-18,bd39fa547654,22,4,0,0,0,0,0,0,25,2,0,0,3,96.46
pcb-e1-dock-preroute.kicad_pcb,pcb-e1-dock-18,bd39fa547654,22,5,1,0,0,1,1.55,0,21,2,0,0,2,79.47
pcb-e1-dock-preroute.kicad_pcb,pcb-e1-dock-18,bd39fa547654,22,6,3,0,0,1,2.52,0,5,2,0,0,2,56.46
pcb-e1-dock-preroute.kicad_pcb,pcb-e1-dock-18,bd39fa547654,23,1,1,0,0,0,0,0,12,3,0,0,0,0
pcb-e1-dock-preroute.kicad_pcb,pcb-e1-dock-18,bd39fa547654,23,2,0,0,0,0,0,0,14,3,0,0,0,40.07
pcb-e1-dock-preroute.kicad_pcb,pcb-e1-dock-18,bd39fa547654,23,3,1,0,0,0,0,0,29,2,0,0,1,21.06
pcb-e1-dock-preroute.kicad_pcb,pcb-e1-dock-18,bd39fa547654,23,4,37,37,0,28,28.82,0,37,2,1,0,9,138.91
pcb-e1-dock-preroute.kicad_pcb,pcb-e1-dock-18,bd39fa547654,23,5,24,24,0,17,21.41,0,25,2,0,0,3,164.04
pcb-e1-dock-preroute.kicad_pcb,pcb-e1-dock-18,bd39fa547654,23,6,1,0,0,1,0,0,3,2,0,0,1,11.03
pcb-e1-dock-preroute.kicad_pcb,pcb-e1-dock-18,bd39fa547654,24,3,12,10,0,9,17.49,0,17,2,0,0,2,74.11
pcb-e1-dock-preroute.kicad_pcb,pcb-e1-dock-18,bd39fa547654,24,4,14,0,0,5,3.38,19.97,24,2,0,0,3,106.78
pcb-e1-dock-preroute.kicad_pcb,pcb-e1-dock-18,bd39fa547654,24,5,5,0,0,3,1.12,0,14,2,0,0,1,38.53
pcb-e1-dock-preroute.kicad_pcb,pcb-e1-dock-18,bd39fa547654,25,1,1,0,0,0,0,0,5,3,0,0,0,0
pcb-e1-dock-preroute.kicad_pcb,pcb-e1-dock-18,bd39fa547654,25,2,1,0,0,0,0,0,5,4,0,0,0,5.9
pcb-e1-dock-preroute.kicad_pcb,pcb-e1-dock-18,bd39fa547654,25,3,5,0,0,2,2.5,0,10,3,0,0,3,53.4
pcb-e1-dock-preroute.kicad_pcb,pcb-e1-dock-18,bd39fa547654,25,4,15,0,0,5,7.88,0,13,2,0,0,4,57.91
pcb-e1-dock-preroute.kicad_pcb,pcb-e1-dock-18,bd39fa547654,25,5,5,0,0,0,0,0,9,2,0,0,2,74.89
pcb-e1-dock-preroute.kicad_pcb,pcb-e1-dock-18,bd39fa547654,26,3,2,0,0,0,0,0,6,3,0,0,1,11.75
pcb-e1-dock-preroute.kicad_pcb,pcb-e1-dock-18,bd39fa547654,26,4,6,0,0,4,2.25,0,8,2,0,0,2,36.61
pcb-e1-dock-preroute.kicad_pcb,pcb-e1-dock-18,bd39fa547654,26,5,2,0,0,0,0,0,6,2,0,0,1,5.55
pcb-e1-dock-preroute.kicad_pcb,pcb-e1-dock-19,d6e52c5b91a7,0,0,3,0,0,0,0,0,6,2,1,0,1,12.72
pcb-e1-dock-preroute.kicad_pcb,pcb-e1-dock-19,d6e52c5b91a7,0,1,4,0,0,0,0,0,10,2,0,0,0,49.37
pcb-e1-dock-preroute.kicad_pcb,pcb-e1-dock-19,d6e52c5b91a7,0,2,3,0,0,1,1.9,0,11,2,0,0,0,15.89
pcb-e1-dock-preroute.kicad_pcb,pcb-e1-dock-19,d6e52c5b91a7,0,3,3,0,0,0,0,0,13,2,0,0,0,59.12
pcb-e1-dock-preroute.kicad_pcb,pcb-e1-dock-19,d6e52c5b91a7,0,4,8,6,0,5,15.12,0,14,2,0,0,0,8.75
pcb-e1-dock-preroute.kicad_pcb,pcb-e1-dock-19,d6e52c5b91a7,0,5,8,0,0,4,3.39,0,12,2,0,0,0,30.75
pcb-e1-dock-preroute.kicad_pcb,pcb-e1-dock-19,d6e52c5b91a7,0,6,1,0,0,0,0,0,2,2,0,0,0,0
pcb-e1-dock-preroute.kicad_pcb,pcb-e1-dock-19,d6e52c5b91a7,1,0,6,0,0,0,0,0,10,2,0,0,0,232.44
pcb-e1-dock-preroute.kicad_pcb,pcb-e1-dock-19,d6e52c5b91a7,1,1,7,0,0,0,0,0,14,2,0,0,0,101.17
pcb-e1-dock-preroute.kicad_pcb,pcb-e1-dock-19,d6e52c5b91a7,1,2,5,0,0,1,1.9,0,17,2,0,0,1,86.69
pcb-e1-dock-preroute.kicad_pcb,pcb-e1-dock-19,d6e52c5b91a7,1,3,5,0,0,0,0,0,17,2,1,0,4,50.65
pcb-e1-dock-preroute.kicad_pcb,pcb-e1-dock-19,d6e52c5b91a7,1,4,5,0,0,2,8.3,0,18,2,0,0,0,19.68
pcb-e1-dock-preroute.kicad_pcb,pcb-e1-dock-19,d6e52c5b91a7,1,5,8,0,0,6,3.65,0,17,2,0,0,1,67.52
pcb-e1-dock-preroute.kicad_pcb,pcb-e1-dock-19,d6e52c5b91a7,1,6,1,0,0,0,0,0,3,2,0,0,0,7.74
pcb-e1-dock-preroute.kicad_pcb,pcb-e1-dock-19,d6e52c5b91a7,2,0,0,0,0,0,0,0,10,2,0,0,0,341.84
pcb-e1-dock-preroute.kicad_pcb,pcb-e1-dock-19,d6e52c5b91a7,2,1,3,0,0,0,0,0,14,2,0,0,0,7.32
pcb-e1-dock-preroute.kicad_pcb,pcb-e1-dock-19,d6e52c5b91a7,2,2,5,0,0,1,2.77,0,17,2,0,0,1,42.83
pcb-e1-dock-preroute.kicad_pcb,pcb-e1-dock-19,d6e52c5b91a7,2,3,4,0,0,1,0,0,17,2,0,0,2,74.72
pcb-e1-dock-preroute.kicad_pcb,pcb-e1-dock-19,d6e52c5b91a7,2,4,5,0,0,1,4.3,0,18,2,0,0,2,57.55
pcb-e1-dock-preroute.kicad_pcb,pcb-e1-dock-19,d6e52c5b91a7,2,5,4,0,0,2,1.12,0,16,2,0,0,1,19.54
pcb-e1-dock-preroute.kicad_pcb,pcb-e1-dock-19,d6e52c5b91a7,2,6,2,0,0,0,0,0,3,2,0,0,0,4.81
pcb-e1-dock-preroute.kicad_pcb,pcb-e1-dock-19,d6e52c5b91a7,3,1,0,0,0,0,0,0,12,2,0,0,0,13.64
pcb-e1-dock-preroute.kicad_pcb,pcb-e1-dock-19,d6e52c5b91a7,3,2,2,0,0,0,0,0,13,3,0,0,0,0
pcb-e1-dock-preroute.kicad_pcb,pcb-e1-dock-19,d6e52c5b91a7,3,3,0,0,0,0,0,0,14,3,0,0,0,44.07
pcb-e1-dock-preroute.kicad_pcb,pcb-e1-dock-19,d6e52c5b91a7,3,5,0,0,0,0,0,0,13,2,0,0,1,168.13
pcb-e1-dock-preroute.kicad_pcb,pcb-e1-dock-19,d6e52c5b91a7,3,6,2,0,0,0,0,0,2,2,0,0,0,21.05
pcb-e1-dock-preroute.kicad_pcb,pcb-e1-dock-19,d6e52c5b91a7,4,1,1,0,0,0,0,0,11,2,0,0,0,0
pcb-e1-dock-preroute.kicad_pcb,pcb-e1-dock-19,d6e52c5b91a7,4,2,0,0,0,0,0,0,12,3,0,0,0,23.15
pcb-e1-dock-preroute.kicad_pcb,pcb-e1-dock-19,d6e52c5b91a7,4,3,1,0,0,0,0,0,14,3,0,0,0,0
pcb-e1-dock-preroute.kicad_pcb,pcb-e1-dock-19,d6e52c5b91a7,4,4,5,5,0,5,10.56,0,22,2,0,0,2,62.7
pcb-e1-dock-preroute.kicad_pcb,pcb-e1-dock-19,d6e52c5b91a7,4,5,8,0,0,0,0,0,20,2,0,0,4,45.47
pcb-e1-dock-preroute.kicad_pcb,pcb-e1-dock-19,d6e52c5b91a7,4,6,1,0,0,1,4.65,0,3,2,0,0,0,9.34
pcb-e1-dock-preroute.kicad_pcb,pcb-e1-dock-19,d6e52c5b91a7,5,3,0,0,0,0,0,0,13,2,0,0,1,54.89
pcb-e1-dock-preroute.kicad_pcb,pcb-e1-dock-19,d6e52c5b91a7,5,4,6,5,0,6,12.86,0,24,2,0,0,1,94.49
pcb-e1-dock-preroute.kicad_pcb,pcb-e1-dock-19,d6e52c5b91a7,5,5,11,0,0,0,0,0,22,2,0,0,5,79.52
pcb-e1-dock-preroute.kicad_pcb,pcb-e1-dock-19,d6e52c5b91a7,5,6,1,0,0,1,4.65,0,2,2,0,0,0,0
pcb-e1-dock-preroute.kicad_pcb,pcb-e1-dock-19,d6e52c5b91a7,6,2,0,0,0,3,0,0,13,2,0,0,0,8.13
pcb-e1-dock-preroute.kicad_pcb,pcb-e1-dock-19,d6e52c5b91a7,6,3,6,0,0,1,14.67,0,17,2,0,0,2,87.85
pcb-e1-dock-preroute.kicad_pcb,pcb-e1-dock-19,d6e52c5b91a7,6,4,1,0,0,1,2.3,0,24,2,0,0,0,34.86
pcb-e1-dock-preroute.kicad_pcb,pcb-e1-dock-19,d6e52c5b91a7,6,5,8,0,0,2,4.0,0,22,2,1,0,3,88.9
pcb-e1-dock-preroute.kicad_pcb,pcb-e1-dock-19,d6e52c5b91a7,6,6,1,0,0,0,0,0,3,2,0,0,1,4.43
pcb-e1-dock-preroute.kicad_pcb,pcb-e1-dock-19,d6e52c5b91a7,7,2,0,0,0,3,0,0,14,2,0,0,2,175.05
pcb-e1-dock-preroute.kicad_pcb,pcb-e1-dock-19,d6e52c5b91a7,7,3,6,0,0,1,6.6,0,20,2,0,0,0,431.62
pcb-e1-dock-preroute.kicad_pcb,pcb-e1-dock-19,d6e52c5b91a7,7,4,10,0,0,6,6.84,0,28,2,0,0,2,42.53
pcb-e1-dock-preroute.kicad_pcb,pcb-e1-dock-19,d6e52c5b91a7,7,5,4,0,0,0,0,0,25,2,0,0,2,19.54
pcb-e1-dock-preroute.kicad_pcb,pcb-e1-dock-19,d6e52c5b91a7,7,6,1,0,0,0,0,0,6,2,0,0,1,40.2
pcb-e1-dock-preroute.kicad_pcb,pcb-e1-dock-19,d6e52c5b91a7,8,1,1,0,0,0,0,0,12,2,0,0,0,0
pcb-e1-dock-preroute.kicad_pcb,pcb-e1-dock-19,d6e52c5b91a7,8,3,1,0,0,0,0,0,20,2,0,0,0,0
pcb-e1-dock-preroute.kicad_pcb,pcb-e1-dock-19,d6e52c5b91a7,8,4,10,6,0,5,10.17,0,28,2,0,0,3,79.94
pcb-e1-dock-preroute.kicad_pcb,pcb-e1-dock-19,d6e52c5b91a7,8,5,3,0,0,0,0,0,26,2,0,0,4,42.8
pcb-e1-dock-preroute.kicad_pcb,pcb-e1-dock-19,d6e52c5b91a7,8,6,2,0,0,0,0,0,7,2,0,0,0,14.11
pcb-e1-dock-preroute.kicad_pcb,pcb-e1-dock-19,d6e52c5b91a7,9,1,1,0,0,0,0,0,12,3,0,0,0,0
pcb-e1-dock-preroute.kicad_pcb,pcb-e1-dock-19,d6e52c5b91a7,9,3,1,0,0,0,0,0,20,2,0,0,0,16.56
pcb-e1-dock-preroute.kicad_pcb,pcb-e1-dock-19,d6e52c5b91a7,9,4,1,0,0,3,0,0,28,2,0,0,2,21.34
pcb-e1-dock-preroute.kicad_pcb,pcb-e1-dock-19,d6e52c5b91a7,9,5,4,0,0,0,0,0,26,2,0,0,1,38.4
pcb-e1-dock-preroute.kicad_pcb,pcb-e1-dock-19,d6e52c5b91a7,9,6,2,0,0,0,0,0,7,2,0,0,0,14.27
pcb-e1-dock-preroute.kicad_pcb,pcb-e1-dock-19,d6e52c5b91a7,10,4,3,0,0,1,2.9,0,26,2,0,0,0,26.29
pcb-e1-dock-preroute.kicad_pcb,pcb-e1-dock-19,d6e52c5b91a7,10,5,6,0,0,3,2.25,0,24,2,0,0,0,37.59
pcb-e1-dock-preroute.kicad_pcb,pcb-e1-dock-19,d6e52c5b91a7,10,6,2,0,0,0,0,0,6,2,0,0,0,15.84
pcb-e1-dock-preroute.kicad_pcb,pcb-e1-dock-19,d6e52c5b91a7,11,1,1,0,0,0,0,0,12,4,0,0,0,0
pcb-e1-dock-preroute.kicad_pcb,pcb-e1-dock-19,d6e52c5b91a7,11,3,1,0,0,0,0,0,20,2,0,0,0,0
pcb-e1-dock-preroute.kicad_pcb,pcb-e1-dock-19,d6e52c5b91a7,11,4,2,0,0,0,2.9,0,23,2,0,0,0,10.95
pcb-e1-dock-preroute.kicad_pcb,pcb-e1-dock-19,d6e52c5b91a7,11,5,5,0,0,2,6.53,0,21,2,0,0,0,21.64
pcb-e1-dock-preroute.kicad_pcb,pcb-e1-dock-19,d6e52c5b91a7,12,1,1,0,0,0,0,0,12,3,0,0,0,0
pcb-e1-dock-preroute.kicad_pcb,pcb-e1-dock-19,d6e52c5b91a7,12,3,1,0,0,0,0,0,21,2,0,0,0,0
pcb-e1-dock-preroute.kicad_pcb,pcb-e1-dock-19,d6e52c5b91a7,12,4,2,0,0,3,4.7,0,23,2,0,0,0,43.53
pcb-e1-dock-preroute.kicad_pcb,pcb-e1-dock-19,d6e52c5b91a7,12,5,2,0,0,3,3.1,0,20,2,0,0,0,87.52
pcb-e1-dock-preroute.kicad_pcb,pcb-e1-dock-19,d6e52c5b91a7,12,6,2,0,0,0,0,0,6,2,0,0,0,60.63
pcb-e1-dock-preroute.kicad_pcb,pcb-e1-dock-19,d6e52c5b91a7,13,1,1,0,0,0,0,0,12,4,0,0,0,0
pcb-e1-dock-preroute.kicad_pcb,pcb-e1-dock-19,d6e52c5b91a7,13,2,0,0,0,0,0,0,14,4,0,0,0,49.6
pcb-e1-dock-preroute.kicad_pcb,pcb-e1-dock-19,d6e52c5b91a7,13,3,1,0,0,1,0,0,21,2,0,0,0,5.25
pcb-e1-dock-preroute.kicad_pcb,pcb-e1-dock-19,d6e52c5b91a7,13,4,5,0,0,4,10.2,0,23,2,0,0,0,17.45
pcb-e1-dock-preroute.kicad_pcb,pcb-e1-dock-19,d6e52c5b91a7,13,5,1,0,0,1,1.4,0,20,2,0,0,0,11.84
pcb-e1-dock-preroute.kicad_pcb,pcb-e1-dock-19,d6e52c5b91a7,13,6,2,0,0,0,0,0,6,2,0,0,0,14.59
pcb-e1-dock-preroute.kicad_pcb,pcb-e1-dock-19,d6e52c5b91a7,14,3,3,0,0,3,6.11,0,22,2,0,0,0,3.62
pcb-e1-dock-preroute.kicad_pcb,pcb-e1-dock-19,d6e52c5b91a7,14,4,8,0,0,8,10.53,0,28,2,0,0,0,31.72
pcb-e1-dock-preroute.kicad_pcb,pcb-e1-dock-19,d6e52c5b91a7,14,5,3,0,0,0,0,0,24,2,0,0,0,100.81
pcb-e1-dock-preroute.kicad_pcb,pcb-e1-dock-19,d6e52c5b91a7,14,6,2,0,0,0,0,0,5,2,0,0,0,10.79
pcb-e1-dock-preroute.kicad_pcb,pcb-e1-dock-19,d6e52c5b91a7,15,1,1,0,0,0,0,0,12,3,0,0,0,0
pcb-e1-dock-preroute.kicad_pcb,pcb-e1-dock-19,d6e52c5b91a7,15,3,8,0,0,6,0,0,22,2,0,0,5,22.88
pcb-e1-dock-preroute.kicad_pcb,pcb-e1-dock-19,d6e52c5b91a7,15,4,13,0,0,7,0,0,31,2,0,0,4,68.78
pcb-e1-dock-preroute.kicad_pcb,pcb-e1-dock-19,d6e52c5b91a7,15,5,6,0,0,0,0,0,27,2,0,0,6,120.64
pcb-e1-dock-preroute.kicad_pcb,pcb-e1-dock-19,d6e52c5b91a7,16,1,1,0,0,0,0,0,12,3,0,0,0,0
pcb-e1-dock-preroute.kicad_pcb,pcb-e1-dock-19,d6e52c5b91a7,16,3,9,0,0,3,2.15,0,24,2,0,0,2,26.33
pcb-e1-dock-preroute.kicad_pcb,pcb-e1-dock-19,d6e52c5b91a7,16,4,20,0,0,10,8.99,0,35,2,0,0,7,114.52
pcb-e1-dock-preroute.kicad_pcb,pcb-e1-dock-19,d6e52c5b91a7,16,5,4,0,0,0,0,0,29,2,0,0,3,40.34
pcb-e1-dock-preroute.kicad_pcb,pcb-e1-dock-19,d6e52c5b91a7,16,6,0,0,0,0,0,0,6,2,0,0,0,56.1
pcb-e1-dock-preroute.kicad_pcb,pcb-e1-dock-19,d6e52c5b91a7,17,3,0,0,0,0,0,0,26,2,0,0,1,33.82
pcb-e1-dock-preroute.kicad_pcb,pcb-e1-dock-19,d6e52c5b91a7,17,4,12,12,0,11,21.59,0,43,2,0,0,4,82.85
pcb-e1-dock-preroute.kicad_pcb,pcb-e1-dock-19,d6e52c5b91a7,17,5,3,0,0,1,0,0,29,2,0,0,2,109.18
pcb-e1-dock-preroute.kicad_pcb,pcb-e1-dock-19,d6e52c5b91a7,18,0,0,0,0,1,0,0,7,2,0,0,3,182.39
pcb-e1-dock-preroute.kicad_pcb,pcb-e1-dock-19,d6e52c5b91a7,18,1,1,0,0,0,0,0,12,3,0,0,0,14.16
pcb-e1-dock-preroute.kicad_pcb,pcb-e1-dock-19,d6e52c5b91a7,18,2,0,0,0,1,0,0,14,3,0,0,0,215.77
pcb-e1-dock-preroute.kicad_pcb,pcb-e1-dock-19,d6e52c5b91a7,18,3,3,0,0,0,0,0,26,2,0,0,6,160.94
pcb-e1-dock-preroute.kicad_pcb,pcb-e1-dock-19,d6e52c5b91a7,18,4,35,33,1,15,32.8,0,42,2,0,0,10,105.45
pcb-e1-dock-preroute.kicad_pcb,pcb-e1-dock-19,d6e52c5b91a7,18,5,1,0,0,6,6.84,0,27,2,0,0,0,108.95
pcb-e1-dock-preroute.kicad_pcb,pcb-e1-dock-19,d6e52c5b91a7,18,6,0,0,0,0,0,0,6,2,0,0,0,13.55
pcb-e1-dock-preroute.kicad_pcb,pcb-e1-dock-19,d6e52c5b91a7,19,0,20,14,0,12,25.06,0,9,2,0,0,1,231.19
pcb-e1-dock-preroute.kicad_pcb,pcb-e1-dock-19,d6e52c5b91a7,19,1,14,0,0,3,4.29,0,14,2,0,0,2,109.34
pcb-e1-dock-preroute.kicad_pcb,pcb-e1-dock-19,d6e52c5b91a7,19,2,6,0,0,3,3.38,0,16,2,0,0,0,57.21
pcb-e1-dock-preroute.kicad_pcb,pcb-e1-dock-19,d6e52c5b91a7,19,3,5,0,0,4,3.8,0,26,2,0,0,0,52.64
pcb-e1-dock-preroute.kicad_pcb,pcb-e1-dock-19,d6e52c5b91a7,19,4,20,0,0,7,11.25,0,34,2,0,0,4,96.61
pcb-e1-dock-preroute.kicad_pcb,pcb-e1-dock-19,d6e52c5b91a7,19,5,0,0,0,0,0,0,23,2,0,0,3,15.07
pcb-e1-dock-preroute.kicad_pcb,pcb-e1-dock-19,d6e52c5b91a7,20,0,0,0,0,0,0,0,8,2,0,0,0,26.0
pcb-e1-dock-preroute.kicad_pcb,pcb-e1-dock-19,d6e52c5b91a7,20,1,1,0,0,0,0,0,12,3,0,0,0,26.82
pcb-e1-dock-preroute.kicad_pcb,pcb-e1-dock-19,d6e52c5b91a7,20,3,4,0,0,3,5.82,0,23,2,0,0,1,30.5
pcb-e1-dock-preroute.kicad_pcb,pcb-e1-dock-19,d6e52c5b91a7,20,4,3,0,0,5,4.8,0,25,2,0,0,1,49.42
pcb-e1-dock-preroute.kicad_pcb,pcb-e1-dock-19,d6e52c5b91a7,20,5,2,0,0,1,2.65,0,22,2,0,0,0,50.52
pcb-e1-dock-preroute.kicad_pcb,pcb-e1-dock-19,d6e52c5b91a7,20,6,2,0,0,2,3.1,0,5,2,0,0,0,20.29
pcb-e1-dock-preroute.kicad_pcb,pcb-e1-dock-19,d6e52c5b91a7,21,1,0,0,0,0,0,0,12,4,0,0,0,28.41
pcb-e1-dock-preroute.kicad_pcb,pcb-e1-dock-19,d6e52c5b91a7,21,2,0,0,0,0,0,0,15,4,0,0,0,0.54
pcb-e1-dock-preroute.kicad_pcb,pcb-e1-dock-19,d6e52c5b91a7,21,3,9,3,0,6,5.09,0,24,2,0,0,3,179.03
pcb-e1-dock-preroute.kicad_pcb,pcb-e1-dock-19,d6e52c5b91a7,21,4,5,0,0,3,2.65,0,26,2,0,0,2,13.11
pcb-e1-dock-preroute.kicad_pcb,pcb-e1-dock-19,d6e52c5b91a7,21,5,2,0,0,2,4.2,0,22,2,0,0,1,41.23
pcb-e1-dock-preroute.kicad_pcb,pcb-e1-dock-19,d6e52c5b91a7,21,6,3,0,0,2,2.52,0,6,2,0,0,2,78.88
pcb-e1-dock-preroute.kicad_pcb,pcb-e1-dock-19,d6e52c5b91a7,22,1,1,0,0,0,0,0,12,3,0,0,1,0
pcb-e1-dock-preroute.kicad_pcb,pcb-e1-dock-19,d6e52c5b91a7,22,2,0,0,0,0,0,0,15,3,0,0,0,22.71
pcb-e1-dock-preroute.kicad_pcb,pcb-e1-dock-19,d6e52c5b91a7,22,3,4,3,0,3,5.09,0,23,2,0,0,1,532.23
pcb-e1-dock-preroute.kicad_pcb,pcb-e1-dock-19,d6e52c5b91a7,22,4,0,0,0,0,0,0,25,2,0,0,4,49.39
pcb-e1-dock-preroute.kicad_pcb,pcb-e1-dock-19,d6e52c5b91a7,22,5,1,0,0,1,1.55,0,21,2,0,0,4,169.9
pcb-e1-dock-preroute.kicad_pcb,pcb-e1-dock-19,d6e52c5b91a7,22,6,3,0,0,1,2.52,0,5,2,0,0,1,6.77
pcb-e1-dock-preroute.kicad_pcb,pcb-e1-dock-19,d6e52c5b91a7,23,1,1,0,0,0,0,0,12,3,0,0,0,0
pcb-e1-dock-preroute.kicad_pcb,pcb-e1-dock-19,d6e52c5b91a7,23,2,0,0,0,0,0,0,14,3,0,0,1,182.39
pcb-e1-dock-preroute.kicad_pcb,pcb-e1-dock-19,d6e52c5b91a7,23,3,1,0,0,0,0,0,29,2,0,0,3,125.47
pcb-e1-dock-preroute.kicad_pcb,pcb-e1-dock-19,d6e52c5b91a7,23,4,37,37,0,28,28.82,0,37,2,0,0,5,130.53
pcb-e1-dock-preroute.kicad_pcb,pcb-e1-dock-19,d6e52c5b91a7,23,5,24,24,0,17,21.41,0,26,2,0,0,2,112.26
pcb-e1-dock-preroute.kicad_pcb,pcb-e1-dock-19,d6e52c5b91a7,23,6,1,0,0,1,0,0,3,2,0,0,1,2.59
pcb-e1-dock-preroute.kicad_pcb,pcb-e1-dock-19,d6e52c5b91a7,24,2,0,0,0,0,0,0,6,4,0,0,0,8.74
pcb-e1-dock-preroute.kicad_pcb,pcb-e1-dock-19,d6e52c5b91a7,24,3,12,10,0,9,17.49,0,17,2,0,0,0,66.07
pcb-e1-dock-preroute.kicad_pcb,pcb-e1-dock-19,d6e52c5b91a7,24,4,14,0,0,6,3.38,24.75,24,2,0,0,6,167.33
pcb-e1-dock-preroute.kicad_pcb,pcb-e1-dock-19,d6e52c5b91a7,24,5,5,0,0,2,1.12,0,15,2,0,0,2,83.49
pcb-e1-dock-preroute.kicad_pcb,pcb-e1-dock-19,d6e52c5b91a7,25,1,1,0,0,0,0,0,5,3,0,0,0,0
pcb-e1-dock-preroute.kicad_pcb,pcb-e1-dock-19,d6e52c5b91a7,25,2,1,0,0,0,0,0,5,4,0,0,0,0
pcb-e1-dock-preroute.kicad_pcb,pcb-e1-dock-19,d6e52c5b91a7,25,3,5,0,0,2,2.5,0,10,3,0,0,2,25.19
pcb-e1-dock-preroute.kicad_pcb,pcb-e1-dock-19,d6e52c5b91a7,25,4,15,0,0,4,7.88,0,13,2,0,0,3,82.74
pcb-e1-dock-preroute.kicad_pcb,pcb-e1-dock-19,d6e52c5b91a7,25,5,5,0,0,1,0,0,10,2,0,0,4,44.51
pcb-e1-dock-preroute.kicad_pcb,pcb-e1-dock-19,d6e52c5b91a7,26,3,2,0,0,0,0,0,6,3,0,0,2,37.95
pcb-e1-dock-preroute.kicad_pcb,pcb-e1-dock-19,d6e52c5b91a7,26,4,6,0,0,4,2.25,0,7,2,0,0,0,25.67
pcb-e1-dock-preroute.kicad_pcb,pcb-e1-dock-19,d6e52c5b91a7,26,5,2,0,0,0,0,0,6,2,0,0,0,15.97
pcb-e1-dock-preroute.kicad_pcb,pcb-e1-dock-20,718e87433cae,0,0,3,0,0,0,0,0,6,2,0,0,0,64.87
pcb-e1-dock-preroute.kicad_pcb,pcb-e1-dock-20,718e87433cae,0,1,4,0,0,0,0,0,10,2,0,0,0,49.4
pcb-e1-dock-preroute.kicad_pcb,pcb-e1-dock-20,718e87433cae,0,2,3,0,0,1,1.9,0,11,2,0,0,0,6.53
pcb-e1-dock-preroute.kicad_pcb,pcb-e1-dock-20,718e87433cae,0,3,3,0,0,0,0,0,13,2,0,0,0,8.62
pcb-e1-dock-preroute.kicad_pcb,pcb-e1-dock-20,718e87433cae,0,4,8,6,0,5,15.12,0,14,2,0,0,0,0.4
pcb-e1-dock-preroute.kicad_pcb,pcb-e1-dock-20,718e87433cae,0,5,8,0,0,4,3.39,0,12,2,0,0,1,31.11
pcb-e1-dock-preroute.kicad_pcb,pcb-e1-dock-20,718e87433cae,0,6,1,0,0,0,0,0,2,2,0,0,0,0
pcb-e1-dock-preroute.kicad_pcb,pcb-e1-dock-20,718e87433cae,1,0,6,0,0,0,0,0,10,2,0,0,0,65.5
pcb-e1-dock-preroute.kicad_pcb,pcb-e1-dock-20,718e87433cae,1,1,7,0,0,0,0,0,14,2,0,0,0,89.37
pcb-e1-dock-preroute.kicad_pcb,pcb-e1-dock-20,718e87433cae,1,2,5,0,0,1,1.9,0,17,2,0,0,0,99.73
pcb-e1-dock-preroute.kicad_pcb,pcb-e1-dock-20,718e87433cae,1,3,5,0,0,0,0,0,17,2,0,0,4,85.16
pcb-e1-dock-preroute.kicad_pcb,pcb-e1-dock-20,718e87433cae,1,4,5,0,0,2,8.3,0,18,2,0,0,1,40.55
pcb-e1-dock-preroute.kicad_pcb,pcb-e1-dock-20,718e87433cae,1,5,8,0,0,6,3.65,0,17,2,0,0,2,67.39
pcb-e1-dock-preroute.kicad_pcb,pcb-e1-dock-20,718e87433cae,1,6,1,0,0,0,0,0,3,2,0,0,0,7.74
pcb-e1-dock-preroute.kicad_pcb,pcb-e1-dock-20,718e87433cae,2,0,0,0,0,0,0,0,10,2,0,0,0,25.0
pcb-e1-dock-preroute.kicad_pcb,pcb-e1-dock-20,718e87433cae,2,1,3,0,0,0,0,0,14,2,0,0,0,131.13
pcb-e1-dock-preroute.kicad_pcb,pcb-e1-dock-20,718e87433cae,2,2,6,0,0,2,2.77,0,17,2,0,0,2,35.84
pcb-e1-dock-preroute.kicad_pcb,pcb-e1-dock-20,718e87433cae,2,3,4,0,0,0,0,0,17,2,1,0,2,172.17
pcb-e1-dock-preroute.kicad_pcb,pcb-e1-dock-20,718e87433cae,2,4,5,0,0,1,4.3,0,18,2,0,0,1,58.14
pcb-e1-dock-preroute.kicad_pcb,pcb-e1-dock-20,718e87433cae,2,5,4,0,0,2,1.12,0,16,2,0,0,1,23.6
pcb-e1-dock-preroute.kicad_pcb,pcb-e1-dock-20,718e87433cae,2,6,2,0,0,0,0,0,3,2,0,0,0,4.81
pcb-e1-dock-preroute.kicad_pcb,pcb-e1-dock-20,718e87433cae,3,0,0,0,0,0,0,0,8,2,0,0,0,321.01
pcb-e1-dock-preroute.kicad_pcb,pcb-e1-dock-20,718e87433cae,3,2,1,0,0,0,0,0,12,3,0,0,0,0
pcb-e1-dock-preroute.kicad_pcb,pcb-e1-dock-20,718e87433cae,3,4,0,0,0,0,0,0,15,2,0,0,0,11.81
pcb-e1-dock-preroute.kicad_pcb,pcb-e1-dock-20,718e87433cae,3,5,0,0,0,0,0,0,13,2,0,0,1,6.07
pcb-e1-dock-preroute.kicad_pcb,pcb-e1-dock-20,718e87433cae,3,6,2,0,0,0,0,0,2,2,0,0,0,6.42
pcb-e1-dock-preroute.kicad_pcb,pcb-e1-dock-20,718e87433cae,4,1,1,0,0,0,0,0,11,2,0,0,0,0
pcb-e1-dock-preroute.kicad_pcb,pcb-e1-dock-20,718e87433cae,4,3,1,0,0,0,0,0,14,3,0,0,0,15.43
pcb-e1-dock-preroute.kicad_pcb,pcb-e1-dock-20,718e87433cae,4,4,5,5,0,5,10.56,0,22,2,1,0,3,50.63
pcb-e1-dock-preroute.kicad_pcb,pcb-e1-dock-20,718e87433cae,4,5,8,0,0,0,0,0,20,2,0,0,3,46.97
pcb-e1-dock-preroute.kicad_pcb,pcb-e1-dock-20,718e87433cae,4,6,1,0,0,1,4.65,0,3,2,0,0,0,9.34
pcb-e1-dock-preroute.kicad_pcb,pcb-e1-dock-20,718e87433cae,5,4,6,5,0,6,12.86,0,24,2,0,0,0,116.49
pcb-e1-dock-preroute.kicad_pcb,pcb-e1-dock-20,718e87433cae,5,5,11,0,0,0,0,0,22,2,0,0,2,41.39
pcb-e1-dock-preroute.kicad_pcb,pcb-e1-dock-20,718e87433cae,5,6,1,0,0,1,4.65,0,2,2,0,0,0,0
pcb-e1-dock-preroute.kicad_pcb,pcb-e1-dock-20,718e87433cae,6,2,0,0,0,3,0,0,13,2,0,0,0,46.1
pcb-e1-dock-preroute.kicad_pcb,pcb-e1-dock-20,718e87433cae,6,3,6,0,0,1,14.67,0,17,2,0,0,1,102.15
pcb-e1-dock-preroute.kicad_pcb,pcb-e1-dock-20,718e87433cae,6,4,3,0,0,1,2.3,0,24,2,0,0,0,6.82
pcb-e1-dock-preroute.kicad_pcb,pcb-e1-dock-20,718e87433cae,6,5,6,0,0,2,4.0,0,21,2,0,0,4,120.84
pcb-e1-dock-preroute.kicad_pcb,pcb-e1-dock-20,718e87433cae,6,6,1,0,0,0,0,0,3,2,0,0,1,4.43
pcb-e1-dock-preroute.kicad_pcb,pcb-e1-dock-20,718e87433cae,7,2,0,0,0,3,0,0,14,2,0,0,0,310.93
pcb-e1-dock-preroute.kicad_pcb,pcb-e1-dock-20,718e87433cae,7,3,6,0,0,1,6.6,0,20,2,0,0,2,88.35
pcb-e1-dock-preroute.kicad_pcb,pcb-e1-dock-20,718e87433cae,7,4,10,0,0,6,6.84,0,28,2,0,0,2,59.83
pcb-e1-dock-preroute.kicad_pcb,pcb-e1-dock-20,718e87433cae,7,5,4,0,0,0,0,0,24,2,0,0,1,30.04
pcb-e1-dock-preroute.kicad_pcb,pcb-e1-dock-20,718e87433cae,7,6,1,0,0,0,0,0,6,2,0,0,0,137.95
pcb-e1-dock-preroute.kicad_pcb,pcb-e1-dock-20,718e87433cae,8,0,0,0,0,0,0,0,7,2,0,0,1,0
pcb-e1-dock-preroute.kicad_pcb,pcb-e1-dock-20,718e87433cae,8,1,1,0,0,0,0,0,11,2,0,0,0,15.26
pcb-e1-dock-preroute.kicad_pcb,pcb-e1-dock-20,718e87433cae,8,2,0,0,0,0,0,0,14,2,0,0,0,64.99
pcb-e1-dock-preroute.kicad_pcb,pcb-e1-dock-20,718e87433cae,8,3,1,0,0,0,0,0,20,2,0,0,0,6.14
pcb-e1-dock-preroute.kicad_pcb,pcb-e1-dock-20,718e87433cae,8,4,10,6,0,5,10.17,0,28,2,1,0,2,69.25
pcb-e1-dock-preroute.kicad_pcb,pcb-e1-dock-20,718e87433cae,8,5,3,0,0,0,0,0,25,2,0,0,1,28.71
pcb-e1-dock-preroute.kicad_pcb,pcb-e1-dock-20,718e87433cae,8,6,2,0,0,0,0,0,7,2,0,0,0,136.61
pcb-e1-dock-preroute.kicad_pcb,pcb-e1-dock-20,718e87433cae,9,0,0,0,0,0,0,0,7,2,0,0,0,96.63
pcb-e1-dock-preroute.kicad_pcb,pcb-e1-dock-20,718e87433cae,9,1,1,0,0,0,0,0,11,3,0,0,0,0
pcb-e1-dock-preroute.kicad_pcb,pcb-e1-dock-20,718e87433cae,9,2,0,0,0,0,0,0,14,3,0,0,0,9.9
pcb-e1-dock-preroute.kicad_pcb,pcb-e1-dock-20,718e87433cae,9,3,1,0,0,0,0,0,20,2,0,0,2,225.84
pcb-e1-dock-preroute.kicad_pcb,pcb-e1-dock-20,718e87433cae,9,4,1,0,0,3,0,0,28,2,0,0,1,106.58
pcb-e1-dock-preroute.kicad_pcb,pcb-e1-dock-20,718e87433cae,9,5,5,0,0,0,0,0,25,2,0,0,2,33.5
pcb-e1-dock-preroute.kicad_pcb,pcb-e1-dock-20,718e87433cae,9,6,2,0,0,0,0,0,7,2,0,0,0,14.27
pcb-e1-dock-preroute.kicad_pcb,pcb-e1-dock-20,718e87433cae,10,4,3,0,0,1,2.9,0,26,2,0,0,0,104.67
pcb-e1-dock-preroute.kicad_pcb,pcb-e1-dock-20,718e87433cae,10,5,5,0,0,3,2.25,0,23,2,0,0,0,37.45
pcb-e1-dock-preroute.kicad_pcb,pcb-e1-dock-20,718e87433cae,10,6,2,0,0,0,0,0,6,2,0,0,0,22.97
pcb-e1-dock-preroute.kicad_pcb,pcb-e1-dock-20,718e87433cae,11,1,1,0,0,0,0,0,11,4,0,0,0,0
pcb-e1-dock-preroute.kicad_pcb,pcb-e1-dock-20,718e87433cae,11,3,1,0,0,0,0,0,20,2,0,0,0,8.59
pcb-e1-dock-preroute.kicad_pcb,pcb-e1-dock-20,718e87433cae,11,4,2,0,0,0,2.9,0,23,2,0,0,0,10.95
pcb-e1-dock-preroute.kicad_pcb,pcb-e1-dock-20,718e87433cae,11,5,5,0,0,2,6.53,0,20,2,0,0,0,9.56
pcb-e1-dock-preroute.kicad_pcb,pcb-e1-dock-20,718e87433cae,11,6,0,0,0,0,0,0,5,2,0,0,0,44.22
pcb-e1-dock-preroute.kicad_pcb,pcb-e1-dock-20,718e87433cae,12,1,1,0,0,0,0,0,11,3,0,0,0,0
pcb-e1-dock-preroute.kicad_pcb,pcb-e1-dock-20,718e87433cae,12,3,1,0,0,0,0,0,21,2,0,0,0,10.52
pcb-e1-dock-preroute.kicad_pcb,pcb-e1-dock-20,718e87433cae,12,4,2,0,0,3,4.7,0,23,2,0,0,0,10.78
pcb-e1-dock-preroute.kicad_pcb,pcb-e1-dock-20,718e87433cae,12,5,2,0,0,3,3.1,0,19,2,0,0,0,16.29
pcb-e1-dock-preroute.kicad_pcb,pcb-e1-dock-20,718e87433cae,12,6,2,0,0,0,0,0,6,2,0,0,0,2.69
pcb-e1-dock-preroute.kicad_pcb,pcb-e1-dock-20,718e87433cae,13,1,1,0,0,0,0,0,11,4,0,0,0,0
pcb-e1-dock-preroute.kicad_pcb,pcb-e1-dock-20,718e87433cae,13,2,0,0,0,0,0,0,14,4,0,0,0,25.42
pcb-e1-dock-preroute.kicad_pcb,pcb-e1-dock-20,718e87433cae,13,3,2,0,0,1,2.4,0,21,2,0,0,0,7.17
pcb-e1-dock-preroute.kicad_pcb,pcb-e1-dock-20,718e87433cae,13,4,4,0,0,4,7.8,0,23,2,0,0,0,6.81
pcb-e1-dock-preroute.kicad_pcb,pcb-e1-dock-20,718e87433cae,13,5,1,0,0,1,1.4,0,19,2,0,0,0,6.67
pcb-e1-dock-preroute.kicad_pcb,pcb-e1-dock-20,718e87433cae,13,6,2,0,0,0,0,0,6,2,0,0,0,14.3
pcb-e1-dock-preroute.kicad_pcb,pcb-e1-dock-20,718e87433cae,14,3,3,0,0,3,7.09,0,22,2,0,0,0,1.98
pcb-e1-dock-preroute.kicad_pcb,pcb-e1-dock-20,718e87433cae,14,4,8,0,0,8,9.55,0,28,2,0,0,0,21.57
pcb-e1-dock-preroute.kicad_pcb,pcb-e1-dock-20,718e87433cae,14,5,3,0,0,0,0,0,23,2,0,0,1,12.92
pcb-e1-dock-preroute.kicad_pcb,pcb-e1-dock-20,718e87433cae,14,6,2,0,0,0,0,0,5,2,0,0,0,13.22
pcb-e1-dock-preroute.kicad_pcb,pcb-e1-dock-20,718e87433cae,15,1,1,0,0,0,0,0,11,3,0,0,0,0
pcb-e1-dock-preroute.kicad_pcb,pcb-e1-dock-20,718e87433cae,15,3,7,0,0,4,0,0,22,2,0,0,2,6.55
pcb-e1-dock-preroute.kicad_pcb,pcb-e1-dock-20,718e87433cae,15,4,14,0,0,9,0,0,31,2,0,0,7,60.73
pcb-e1-dock-preroute.kicad_pcb,pcb-e1-dock-20,718e87433cae,15,5,6,0,0,0,0,0,26,2,0,0,3,116.75
pcb-e1-dock-preroute.kicad_pcb,pcb-e1-dock-20,718e87433cae,16,1,1,0,0,0,0,0,11,3,0,0,0,0
pcb-e1-dock-preroute.kicad_pcb,pcb-e1-dock-20,718e87433cae,16,3,9,0,0,3,2.15,0,24,2,0,0,2,40.95
pcb-e1-dock-preroute.kicad_pcb,pcb-e1-dock-20,718e87433cae,16,4,20,0,0,10,8.99,0,35,2,0,0,7,90.81
pcb-e1-dock-preroute.kicad_pcb,pcb-e1-dock-20,718e87433cae,16,5,4,0,0,0,0,0,28,2,0,0,2,49.2
pcb-e1-dock-preroute.kicad_pcb,pcb-e1-dock-20,718e87433cae,17,3,0,0,0,0,0,0,26,2,0,0,0,23.03
pcb-e1-dock-preroute.kicad_pcb,pcb-e1-dock-20,718e87433cae,17,4,12,12,0,11,21.59,0,43,2,0,0,4,128.34
pcb-e1-dock-preroute.kicad_pcb,pcb-e1-dock-20,718e87433cae,17,5,3,0,0,1,0,0,28,2,0,0,5,92.01
pcb-e1-dock-preroute.kicad_pcb,pcb-e1-dock-20,718e87433cae,18,0,0,0,0,1,0,0,7,2,0,0,1,13.61
pcb-e1-dock-preroute.kicad_pcb,pcb-e1-dock-20,718e87433cae,18,1,1,0,0,0,0,0,11,3,0,0,1,112.1
pcb-e1-dock-preroute.kicad_pcb,pcb-e1-dock-20,718e87433cae,18,2,0,0,0,1,0,0,14,3,0,0,0,55.91
pcb-e1-dock-preroute.kicad_pcb,pcb-e1-dock-20,718e87433cae,18,3,2,0,0,0,0,0,26,2,0,0,2,39.48
pcb-e1-dock-preroute.kicad_pcb,pcb-e1-dock-20,718e87433cae,18,4,36,33,1,15,32.8,0,42,2,0,0,11,94.31
pcb-e1-dock-preroute.kicad_pcb,pcb-e1-dock-20,718e87433cae,18,5,1,0,0,6,6.84,0,26,2,0,0,1,117.19
pcb-e1-dock-preroute.kicad_pcb,pcb-e1-dock-20,718e87433cae,19,0,20,14,0,12,25.06,0,9,2,0,0,3,384.24
pcb-e1-dock-preroute.kicad_pcb,pcb-e1-dock-20,718e87433cae,19,1,12,0,0,3,3.16,0,13,2,0,0,1,98.88
pcb-e1-dock-preroute.kicad_pcb,pcb-e1-dock-20,718e87433cae,19,2,8,0,0,3,4.5,0,16,2,0,0,1,164.49
pcb-e1-dock-preroute.kicad_pcb,pcb-e1-dock-20,718e87433cae,19,3,6,0,0,4,3.8,0,27,2,0,0,0,330.52
pcb-e1-dock-preroute.kicad_pcb,pcb-e1-dock-20,718e87433cae,19,4,17,0,0,7,10.12,0,35,2,0,0,4,96.31
pcb-e1-dock-preroute.kicad_pcb,pcb-e1-dock-20,718e87433cae,19,5,0,0,0,0,0,0,22,2,0,0,0,10.1
pcb-e1-dock-preroute.kicad_pcb,pcb-e1-dock-20,718e87433cae,19,6,0,0,0,0,0,0,6,2,0,0,0,146.43
pcb-e1-dock-preroute.kicad_pcb,pcb-e1-dock-20,718e87433cae,20,1,1,0,0,0,0,0,11,3,0,0,0,25.68
pcb-e1-dock-preroute.kicad_pcb,pcb-e1-dock-20,718e87433cae,20,2,0,0,0,0,0,0,15,3,0,0,0,5.5
pcb-e1-dock-preroute.kicad_pcb,pcb-e1-dock-20,718e87433cae,20,3,4,0,0,3,5.82,0,23,2,0,0,0,41.4
pcb-e1-dock-preroute.kicad_pcb,pcb-e1-dock-20,718e87433cae,20,4,5,0,0,5,5.92,0,26,2,0,0,0,16.17
pcb-e1-dock-preroute.kicad_pcb,pcb-e1-dock-20,718e87433cae,20,5,2,0,0,1,2.65,0,21,2,0,0,2,82.78
pcb-e1-dock-preroute.kicad_pcb,pcb-e1-dock-20,718e87433cae,20,6,2,0,0,2,3.1,0,5,2,0,0,0,19.76
pcb-e1-dock-preroute.kicad_pcb,pcb-e1-dock-20,718e87433cae,21,2,0,0,0,0,0,0,15,4,0,0,1,41.42
pcb-e1-dock-preroute.kicad_pcb,pcb-e1-dock-20,718e87433cae,21,3,9,3,0,6,5.09,0,24,2,1,0,5,323.89
pcb-e1-dock-preroute.kicad_pcb,pcb-e1-dock-20,718e87433cae,21,4,5,0,0,3,2.65,0,26,2,0,0,2,11.94
pcb-e1-dock-preroute.kicad_pcb,pcb-e1-dock-20,718e87433cae,21,5,2,0,0,2,4.2,0,21,2,0,0,1,30.62
pcb-e1-dock-preroute.kicad_pcb,pcb-e1-dock-20,718e87433cae,21,6,3,0,0,2,2.52,0,6,2,0,0,3,67.52
pcb-e1-dock-preroute.kicad_pcb,pcb-e1-dock-20,718e87433cae,22,1,1,0,0,0,0,0,11,3,0,0,0,0
pcb-e1-dock-preroute.kicad_pcb,pcb-e1-dock-20,718e87433cae,22,2,0,0,0,0,0,0,15,3,0,0,2,87.3
pcb-e1-dock-preroute.kicad_pcb,pcb-e1-dock-20,718e87433cae,22,3,4,3,0,3,5.09,0,23,2,0,0,1,56.18
pcb-e1-dock-preroute.kicad_pcb,pcb-e1-dock-20,718e87433cae,22,4,0,0,0,0,0,0,25,2,0,0,4,141.2
pcb-e1-dock-preroute.kicad_pcb,pcb-e1-dock-20,718e87433cae,22,5,1,0,0,1,1.55,0,20,2,0,0,1,47.59
pcb-e1-dock-preroute.kicad_pcb,pcb-e1-dock-20,718e87433cae,22,6,3,0,0,1,2.52,0,5,2,0,0,0,10.04
pcb-e1-dock-preroute.kicad_pcb,pcb-e1-dock-20,718e87433cae,23,1,1,0,0,0,0,0,11,3,0,0,0,0
pcb-e1-dock-preroute.kicad_pcb,pcb-e1-dock-20,718e87433cae,23,3,1,0,0,0,0,0,29,2,0,0,1,207.77
pcb-e1-dock-preroute.kicad_pcb,pcb-e1-dock-20,718e87433cae,23,4,37,37,0,28,28.82,0,36,2,1,0,10,151.79
pcb-e1-dock-preroute.kicad_pcb,pcb-e1-dock-20,718e87433cae,23,5,24,24,0,17,21.41,0,24,2,0,0,1,137.35
pcb-e1-dock-preroute.kicad_pcb,pcb-e1-dock-20,718e87433cae,23,6,1,0,0,1,0,0,3,2,0,0,0,10.4
pcb-e1-dock-preroute.kicad_pcb,pcb-e1-dock-20,718e87433cae,24,2,0,0,0,0,0,0,6,4,0,0,0,16.56
pcb-e1-dock-preroute.kicad_pcb,pcb-e1-dock-20,718e87433cae,24,3,12,10,0,9,17.49,0,17,2,0,0,1,53.49
pcb-e1-dock-preroute.kicad_pcb,pcb-e1-dock-20,718e87433cae,24,4,12,0,0,6,3.38,20.36,23,2,0,0,4,114.25
pcb-e1-dock-preroute.kicad_pcb,pcb-e1-dock-20,718e87433cae,24,5,5,0,0,2,1.12,0,13,2,0,0,2,71.5
pcb-e1-dock-preroute.kicad_pcb,pcb-e1-dock-20,718e87433cae,25,1,1,0,0,0,0,0,5,3,0,0,0,0
pcb-e1-dock-preroute.kicad_pcb,pcb-e1-dock-20,718e87433cae,25,2,1,0,0,0,0,0,5,4,0,0,0,0
pcb-e1-dock-preroute.kicad_pcb,pcb-e1-dock-20,718e87433cae,25,3,5,0,0,2,2.5,0,11,3,0,0,2,43.43
pcb-e1-dock-preroute.kicad_pcb,pcb-e1-dock-20,718e87433cae,25,4,16,0,0,4,6.75,0,13,2,0,0,3,88.15
pcb-e1-dock-preroute.kicad_pcb,pcb-e1-dock-20,718e87433cae,25,5,5,0,0,1,0,0,9,2,0,0,1,38.05
pcb-e1-dock-preroute.kicad_pcb,pcb-e1-dock-20,718e87433cae,26,3,2,0,0,0,0,0,6,3,0,0,1,32.38
pcb-e1-dock-preroute.kicad_pcb,pcb-e1-dock-20,718e87433cae,26,4,7,0,0,4,3.38,0,8,2,0,0,1,48.76
pcb-e1-dock-preroute.kicad_pcb,pcb-e1-dock-20,718e87433cae,26,5,2,0,0,0,0,0,7,2,0,0,1,4.76
pcb-e1-dock-preroute.kicad_pcb,pcb-e1-dock-21,d200604b2d2b,0,0,3,0,0,0,0,0,6,2,0,0,0,220.74
pcb-e1-dock-preroute.kicad_pcb,pcb-e1-dock-21,d200604b2d2b,0,1,4,0,0,0,0,0,10,2,0,0,0,23.96
pcb-e1-dock-preroute.kicad_pcb,pcb-e1-dock-21,d200604b2d2b,0,2,3,0,0,1,1.9,0,11,2,0,0,0,27.06
pcb-e1-dock-preroute.kicad_pcb,pcb-e1-dock-21,d200604b2d2b,0,3,3,0,0,0,0,0,13,2,0,0,0,123.2
pcb-e1-dock-preroute.kicad_pcb,pcb-e1-dock-21,d200604b2d2b,0,4,8,6,0,5,15.12,0,14,2,0,0,0,5.58
pcb-e1-dock-preroute.kicad_pcb,pcb-e1-dock-21,d200604b2d2b,0,5,8,0,0,4,3.39,0,13,2,0,0,2,27.19
pcb-e1-dock-preroute.kicad_pcb,pcb-e1-dock-21,d200604b2d2b,0,6,1,0,0,0,0,0,2,2,0,0,0,0
pcb-e1-dock-preroute.kicad_pcb,pcb-e1-dock-21,d200604b2d2b,1,0,6,0,0,0,0,0,10,2,0,0,0,43.96
pcb-e1-dock-preroute.kicad_pcb,pcb-e1-dock-21,d200604b2d2b,1,1,7,0,0,0,0,0,14,2,0,0,0,226.77
pcb-e1-dock-preroute.kicad_pcb,pcb-e1-dock-21,d200604b2d2b,1,2,5,0,0,1,1.9,0,17,2,0,0,3,154.93
pcb-e1-dock-preroute.kicad_pcb,pcb-e1-dock-21,d200604b2d2b,1,3,5,0,0,0,0,0,17,2,0,0,1,54.13
pcb-e1-dock-preroute.kicad_pcb,pcb-e1-dock-21,d200604b2d2b,1,4,5,0,0,2,8.3,0,18,2,0,0,0,26.4
pcb-e1-dock-preroute.kicad_pcb,pcb-e1-dock-21,d200604b2d2b,1,5,8,0,0,5,3.65,0,18,2,0,0,0,41.83
pcb-e1-dock-preroute.kicad_pcb,pcb-e1-dock-21,d200604b2d2b,1,6,1,0,0,0,0,0,3,2,0,0,0,7.74
pcb-e1-dock-preroute.kicad_pcb,pcb-e1-dock-21,d200604b2d2b,2,1,3,0,0,0,0,0,14,2,0,0,0,24.46
pcb-e1-dock-preroute.kicad_pcb,pcb-e1-dock-21,d200604b2d2b,2,2,6,0,0,2,2.77,0,17,2,0,0,1,30.23
pcb-e1-dock-preroute.kicad_pcb,pcb-e1-dock-21,d200604b2d2b,2,3,4,0,0,0,0,0,17,2,0,0,4,98.79
pcb-e1-dock-preroute.kicad_pcb,pcb-e1-dock-21,d200604b2d2b,2,4,5,0,0,1,4.3,0,18,2,0,0,1,64.21
pcb-e1-dock-preroute.kicad_pcb,pcb-e1-dock-21,d200604b2d2b,2,5,4,0,0,3,1.12,0,17,2,0,0,2,196.97
pcb-e1-dock-preroute.kicad_pcb,pcb-e1-dock-21,d200604b2d2b,2,6,2,0,0,0,0,0,3,2,0,0,0,10.0
pcb-e1-dock-preroute.kicad_pcb,pcb-e1-dock-21,d200604b2d2b,3,1,0,0,0,0,0,0,11,2,0,0,0,5.27
pcb-e1-dock-preroute.kicad_pcb,pcb-e1-dock-21,d200604b2d2b,3,2,1,0,0,0,0,0,12,3,0,0,0,0
pcb-e1-dock-preroute.kicad_pcb,pcb-e1-dock-21,d200604b2d2b,3,6,2,0,0,0,0,0,2,2,0,0,0,5.8
pcb-e1-dock-preroute.kicad_pcb,pcb-e1-dock-21,d200604b2d2b,4,1,1,0,0,0,0,0,11,2,0,0,0,0
pcb-e1-dock-preroute.kicad_pcb,pcb-e1-dock-21,d200604b2d2b,4,3,1,0,0,0,0,0,14,3,0,0,0,110.91
pcb-e1-dock-preroute.kicad_pcb,pcb-e1-dock-21,d200604b2d2b,4,4,5,5,0,5,10.56,0,22,2,0,0,1,121.73
pcb-e1-dock-preroute.kicad_pcb,pcb-e1-dock-21,d200604b2d2b,4,5,9,0,0,0,0,0,21,2,0,0,4,30.01
pcb-e1-dock-preroute.kicad_pcb,pcb-e1-dock-21,d200604b2d2b,4,6,1,0,0,1,4.65,0,3,2,0,0,0,9.34
pcb-e1-dock-preroute.kicad_pcb,pcb-e1-dock-21,d200604b2d2b,5,3,0,0,0,0,0,0,13,2,0,0,1,1.47
pcb-e1-dock-preroute.kicad_pcb,pcb-e1-dock-21,d200604b2d2b,5,4,6,5,0,6,12.86,0,24,2,0,0,1,101.07
pcb-e1-dock-preroute.kicad_pcb,pcb-e1-dock-21,d200604b2d2b,5,5,10,0,0,0,0,0,23,2,0,0,1,59.59
pcb-e1-dock-preroute.kicad_pcb,pcb-e1-dock-21,d200604b2d2b,5,6,1,0,0,1,4.65,0,2,2,0,0,0,0
pcb-e1-dock-preroute.kicad_pcb,pcb-e1-dock-21,d200604b2d2b,6,2,0,0,0,3,0,0,13,2,0,0,0,14.04
pcb-e1-dock-preroute.kicad_pcb,pcb-e1-dock-21,d200604b2d2b,6,3,6,0,0,1,14.67,0,17,2,0,0,0,82.08
pcb-e1-dock-preroute.kicad_pcb,pcb-e1-dock-21,d200604b2d2b,6,4,1,0,0,1,2.3,0,24,2,0,0,0,19.75
pcb-e1-dock-preroute.kicad_pcb,pcb-e1-dock-21,d200604b2d2b,6,5,8,0,0,2,4.0,0,22,2,0,0,4,118.35
pcb-e1-dock-preroute.kicad_pcb,pcb-e1-dock-21,d200604b2d2b,6,6,1,0,0,0,0,0,3,2,0,0,0,4.58
pcb-e1-dock-preroute.kicad_pcb,pcb-e1-dock-21,d200604b2d2b,7,1,0,0,0,0,0,0,11,2,0,0,1,2.3
pcb-e1-dock-preroute.kicad_pcb,pcb-e1-dock-21,d200604b2d2b,7,2,0,0,0,3,0,0,14,2,0,0,1,21.61
pcb-e1-dock-preroute.kicad_pcb,pcb-e1-dock-21,d200604b2d2b,7,3,6,0,0,1,6.6,0,20,2,0,0,1,119.72
pcb-e1-dock-preroute.kicad_pcb,pcb-e1-dock-21,d200604b2d2b,7,4,8,0,0,6,6.84,0,28,2,0,0,2,61.12
pcb-e1-dock-preroute.kicad_pcb,pcb-e1-dock-21,d200604b2d2b,7,5,4,0,0,0,0,0,25,2,0,0,2,67.66
pcb-e1-dock-preroute.kicad_pcb,pcb-e1-dock-21,d200604b2d2b,7,6,1,0,0,0,0,0,6,2,0,0,1,31.08
pcb-e1-dock-preroute.kicad_pcb,pcb-e1-dock-21,d200604b2d2b,8,1,1,0,0,0,0,0,11,2,0,0,0,0
pcb-e1-dock-preroute.kicad_pcb,pcb-e1-dock-21,d200604b2d2b,8,2,0,0,0,0,0,0,14,2,0,0,1,285.93
pcb-e1-dock-preroute.kicad_pcb,pcb-e1-dock-21,d200604b2d2b,8,3,1,0,0,0,0,0,20,2,0,0,2,211.32
pcb-e1-dock-preroute.kicad_pcb,pcb-e1-dock-21,d200604b2d2b,8,4,12,6,0,5,10.17,0,28,2,0,0,2,65.68
pcb-e1-dock-preroute.kicad_pcb,pcb-e1-dock-21,d200604b2d2b,8,5,3,0,0,0,0,0,26,2,0,0,3,36.54
pcb-e1-dock-preroute.kicad_pcb,pcb-e1-dock-21,d200604b2d2b,8,6,2,0,0,0,0,0,7,2,0,0,0,15.22
pcb-e1-dock-preroute.kicad_pcb,pcb-e1-dock-21,d200604b2d2b,9,1,1,0,0,0,0,0,11,3,0,0,1,92.06
pcb-e1-dock-preroute.kicad_pcb,pcb-e1-dock-21,d200604b2d2b,9,2,0,0,0,0,0,0,14,3,0,0,0,120.56
pcb-e1-dock-preroute.kicad_pcb,pcb-e1-dock-21,d200604b2d2b,9,3,1,0,0,0,0,0,20,2,0,0,0,72.0
pcb-e1-dock-preroute.kicad_pcb,pcb-e1-dock-21,d200604b2d2b,9,4,1,0,0,3,0,0,28,2,0,0,1,47.14
pcb-e1-dock-preroute.kicad_pcb,pcb-e1-dock-21,d200604b2d2b,9,5,5,0,0,0,0,0,26,2,0,0,2,28.35
pcb-e1-dock-preroute.kicad_pcb,pcb-e1-dock-21,d200604b2d2b,9,6,2,0,0,0,0,0,7,2,0,0,0,14.27
pcb-e1-dock-preroute.kicad_pcb,pcb-e1-dock-21,d200604b2d2b,10,4,3,0,0,1,2.9,0,26,2,0,0,0,19.03
pcb-e1-dock-preroute.kicad_pcb,pcb-e1-dock-21,d200604b2d2b,10,5,5,0,0,3,2.25,0,24,2,0,0,1,50.5
pcb-e1-dock-preroute.kicad_pcb,pcb-e1-dock-21,d200604b2d2b,10,6,2,0,0,0,0,0,6,2,0,0,0,3.4
pcb-e1-dock-preroute.kicad_pcb,pcb-e1-dock-21,d200604b2d2b,11,1,1,0,0,0,0,0,11,4,0,0,0,0
pcb-e1-dock-preroute.kicad_pcb,pcb-e1-dock-21,d200604b2d2b,11,3,1,0,0,0,0,0,20,2,0,0,0,0
pcb-e1-dock-preroute.kicad_pcb,pcb-e1-dock-21,d200604b2d2b,11,4,2,0,0,0,2.9,0,23,2,0,0,0,0.66
pcb-e1-dock-preroute.kicad_pcb,pcb-e1-dock-21,d200604b2d2b,11,5,5,0,0,2,6.53,0,21,2,1,0,0,8.84
pcb-e1-dock-preroute.kicad_pcb,pcb-e1-dock-21,d200604b2d2b,12,1,1,0,0,0,0,0,11,3,0,0,0,0
pcb-e1-dock-preroute.kicad_pcb,pcb-e1-dock-21,d200604b2d2b,12,3,1,0,0,0,0,0,21,2,0,0,0,10.93
pcb-e1-dock-preroute.kicad_pcb,pcb-e1-dock-21,d200604b2d2b,12,4,2,0,0,3,4.7,0,23,2,0,0,0,10.4
pcb-e1-dock-preroute.kicad_pcb,pcb-e1-dock-21,d200604b2d2b,12,5,2,0,0,3,3.1,0,20,2,0,0,0,27.93
pcb-e1-dock-preroute.kicad_pcb,pcb-e1-dock-21,d200604b2d2b,12,6,2,0,0,0,0,0,6,2,0,0,1,50.95
pcb-e1-dock-preroute.kicad_pcb,pcb-e1-dock-21,d200604b2d2b,13,1,1,0,0,0,0,0,11,4,0,0,0,0
pcb-e1-dock-preroute.kicad_pcb,pcb-e1-dock-21,d200604b2d2b,13,2,0,0,0,0,0,0,14,4,0,0,1,65.19
pcb-e1-dock-preroute.kicad_pcb,pcb-e1-dock-21,d200604b2d2b,13,3,1,0,0,0,0,0,21,2,0,0,0,0
pcb-e1-dock-preroute.kicad_pcb,pcb-e1-dock-21,d200604b2d2b,13,4,5,0,0,5,10.2,0,23,2,0,0,0,13.5
pcb-e1-dock-preroute.kicad_pcb,pcb-e1-dock-21,d200604b2d2b,13,5,1,0,0,1,1.4,0,20,2,0,0,0,50.85
pcb-e1-dock-preroute.kicad_pcb,pcb-e1-dock-21,d200604b2d2b,13,6,2,0,0,0,0,0,6,2,0,0,0,14.59
pcb-e1-dock-preroute.kicad_pcb,pcb-e1-dock-21,d200604b2d2b,14,3,2,0,0,2,4.69,0,22,2,0,0,2,132.24
pcb-e1-dock-preroute.kicad_pcb,pcb-e1-dock-21,d200604b2d2b,14,4,5,0,0,9,7.65,0,26,2,0,0,0,31.72
pcb-e1-dock-preroute.kicad_pcb,pcb-e1-dock-21,d200604b2d2b,14,5,2,0,0,0,0,0,23,2,0,0,1,22.56
pcb-e1-dock-preroute.kicad_pcb,pcb-e1-dock-21,d200604b2d2b,14,6,2,0,0,0,0,0,5,2,0,0,1,13.12
pcb-e1-dock-preroute.kicad_pcb,pcb-e1-dock-21,d200604b2d2b,15,1,1,0,0,0,0,0,11,3,0,0,0,0
pcb-e1-dock-preroute.kicad_pcb,pcb-e1-dock-21,d200604b2d2b,15,3,7,0,0,4,0,0,22,2,0,0,2,18.42
pcb-e1-dock-preroute.kicad_pcb,pcb-e1-dock-21,d200604b2d2b,15,4,18,0,0,9,4.3,0,31,2,0,0,6,70.06
pcb-e1-dock-preroute.kicad_pcb,pcb-e1-dock-21,d200604b2d2b,15,5,7,0,0,0,0,0,27,2,0,0,5,154.8
pcb-e1-dock-preroute.kicad_pcb,pcb-e1-dock-21,d200604b2d2b,15,6,0,0,0,0,0,0,5,2,0,0,0,5.33
pcb-e1-dock-preroute.kicad_pcb,pcb-e1-dock-21,d200604b2d2b,16,1,1,0,0,0,0,0,11,3,0,0,0,0
pcb-e1-dock-preroute.kicad_pcb,pcb-e1-dock-21,d200604b2d2b,16,3,9,0,0,3,2.15,0,24,2,0,0,2,17.26
pcb-e1-dock-preroute.kicad_pcb,pcb-e1-dock-21,d200604b2d2b,16,4,20,0,0,10,8.99,0,35,2,0,0,7,83.43
pcb-e1-dock-preroute.kicad_pcb,pcb-e1-dock-21,d200604b2d2b,16,5,4,0,0,0,0,0,29,2,0,0,2,29.11
pcb-e1-dock-preroute.kicad_pcb,pcb-e1-dock-21,d200604b2d2b,17,3,0,0,0,0,0,0,27,2,0,0,1,3.39
pcb-e1-dock-preroute.kicad_pcb,pcb-e1-dock-21,d200604b2d2b,17,4,12,12,0,11,21.59,0,43,2,0,0,10,141.8
pcb-e1-dock-preroute.kicad_pcb,pcb-e1-dock-21,d200604b2d2b,17,5,3,0,0,1,0,0,29,2,0,0,3,109.37
pcb-e1-dock-preroute.kicad_pcb,pcb-e1-dock-21,d200604b2d2b,18,0,0,0,0,1,0,0,7,2,0,0,0,14.88
pcb-e1-dock-preroute.kicad_pcb,pcb-e1-dock-21,d200604b2d2b,18,1,1,0,0,0,0,0,11,3,0,0,1,252.15
pcb-e1-dock-preroute.kicad_pcb,pcb-e1-dock-21,d200604b2d2b,18,2,0,0,0,1,0,0,14,3,0,0,2,85.48
pcb-e1-dock-preroute.kicad_pcb,pcb-e1-dock-21,d200604b2d2b,18,3,3,0,0,0,0,0,27,2,0,0,4,55.25
pcb-e1-dock-preroute.kicad_pcb,pcb-e1-dock-21,d200604b2d2b,18,4,36,33,1,15,32.8,0,42,2,0,0,8,153.89
pcb-e1-dock-preroute.kicad_pcb,pcb-e1-dock-21,d200604b2d2b,18,5,1,0,0,6,6.84,0,27,2,0,0,2,116.44
pcb-e1-dock-preroute.kicad_pcb,pcb-e1-dock-21,d200604b2d2b,19,0,20,14,0,12,25.06,0,9,2,0,0,3,74.12
pcb-e1-dock-preroute.kicad_pcb,pcb-e1-dock-21,d200604b2d2b,19,1,12,0,0,3,3.16,0,13,2,0,0,2,156.56
pcb-e1-dock-preroute.kicad_pcb,pcb-e1-dock-21,d200604b2d2b,19,2,8,0,0,3,4.5,0,16,2,0,0,0,157.05
pcb-e1-dock-preroute.kicad_pcb,pcb-e1-dock-21,d200604b2d2b,19,3,7,0,0,3,4.92,0,28,2,0,0,0,82.4
pcb-e1-dock-preroute.kicad_pcb,pcb-e1-dock-21,d200604b2d2b,19,4,15,0,0,8,9.0,0,35,2,0,0,6,86.86
pcb-e1-dock-preroute.kicad_pcb,pcb-e1-dock-21,d200604b2d2b,19,5,0,0,0,0,0,0,23,2,0,0,1,16.98
pcb-e1-dock-preroute.kicad_pcb,pcb-e1-dock-21,d200604b2d2b,20,0,0,0,0,0,0,0,8,2,0,0,0,2.68
pcb-e1-dock-preroute.kicad_pcb,pcb-e1-dock-21,d200604b2d2b,20,1,1,0,0,0,0,0,11,3,0,0,1,35.68
pcb-e1-dock-preroute.kicad_pcb,pcb-e1-dock-21,d200604b2d2b,20,3,4,0,0,3,5.82,0,23,2,0,0,0,98.2
pcb-e1-dock-preroute.kicad_pcb,pcb-e1-dock-21,d200604b2d2b,20,4,5,0,0,5,5.92,0,26,2,0,0,1,53.58
pcb-e1-dock-preroute.kicad_pcb,pcb-e1-dock-21,d200604b2d2b,20,5,2,0,0,1,2.65,0,22,2,0,0,0,22.92
pcb-e1-dock-preroute.kicad_pcb,pcb-e1-dock-21,d200604b2d2b,20,6,2,0,0,2,3.1,0,5,2,0,0,0,10.09
pcb-e1-dock-preroute.kicad_pcb,pcb-e1-dock-21,d200604b2d2b,21,1,0,0,0,0,0,0,11,4,0,0,0,21.34
pcb-e1-dock-preroute.kicad_pcb,pcb-e1-dock-21,d200604b2d2b,21,2,0,0,0,0,0,0,15,4,0,0,0,24.24
pcb-e1-dock-preroute.kicad_pcb,pcb-e1-dock-21,d200604b2d2b,21,3,9,3,0,6,5.09,0,24,2,0,0,2,245.11
pcb-e1-dock-preroute.kicad_pcb,pcb-e1-dock-21,d200604b2d2b,21,4,5,0,0,3,2.65,0,26,2,0,0,6,68.68
pcb-e1-dock-preroute.kicad_pcb,pcb-e1-dock-21,d200604b2d2b,21,5,2,0,0,2,4.2,0,22,2,0,0,0,8.94
pcb-e1-dock-preroute.kicad_pcb,pcb-e1-dock-21,d200604b2d2b,21,6,3,0,0,2,2.52,0,6,2,0,0,1,36.29
pcb-e1-dock-preroute.kicad_pcb,pcb-e1-dock-21,d200604b2d2b,22,1,1,0,0,0,0,0,11,3,0,0,0,0
pcb-e1-dock-preroute.kicad_pcb,pcb-e1-dock-21,d200604b2d2b,22,2,0,0,0,0,0,0,15,3,0,0,0,30.93
pcb-e1-dock-preroute.kicad_pcb,pcb-e1-dock-21,d200604b2d2b,22,3,4,3,0,3,5.09,0,23,2,0,0,4,433.73
pcb-e1-dock-preroute.kicad_pcb,pcb-e1-dock-21,d200604b2d2b,22,4,0,0,0,0,0,0,25,2,0,0,7,138.92
pcb-e1-dock-preroute.kicad_pcb,pcb-e1-dock-21,d200604b2d2b,22,5,1,0,0,1,1.55,0,21,2,0,0,0,96.11
pcb-e1-dock-preroute.kicad_pcb,pcb-e1-dock-21,d200604b2d2b,22,6,3,0,0,1,2.52,0,5,2,0,0,1,108.08
pcb-e1-dock-preroute.kicad_pcb,pcb-e1-dock-21,d200604b2d2b,23,1,1,0,0,0,0,0,11,3,0,0,0,0
pcb-e1-dock-preroute.kicad_pcb,pcb-e1-dock-21,d200604b2d2b,23,3,1,0,0,0,0,0,29,2,0,0,2,10.38
pcb-e1-dock-preroute.kicad_pcb,pcb-e1-dock-21,d200604b2d2b,23,4,37,37,0,28,28.82,0,37,2,1,0,10,191.89
pcb-e1-dock-preroute.kicad_pcb,pcb-e1-dock-21,d200604b2d2b,23,5,24,24,0,17,21.41,0,25,2,0,0,2,133.77
pcb-e1-dock-preroute.kicad_pcb,pcb-e1-dock-21,d200604b2d2b,23,6,1,0,0,1,0,0,3,2,0,0,0,4.45
pcb-e1-dock-preroute.kicad_pcb,pcb-e1-dock-21,d200604b2d2b,24,2,0,0,0,0,0,0,6,4,0,0,0,41.21
pcb-e1-dock-preroute.kicad_pcb,pcb-e1-dock-21,d200604b2d2b,24,3,12,10,0,9,17.49,0,17,2,0,0,2,198.49
pcb-e1-dock-preroute.kicad_pcb,pcb-e1-dock-21,d200604b2d2b,24,4,14,0,0,5,3.38,19.28,24,2,0,0,7,145.8
pcb-e1-dock-preroute.kicad_pcb,pcb-e1-dock-21,d200604b2d2b,24,5,4,0,0,3,1.12,0,14,2,0,0,2,97.0
pcb-e1-dock-preroute.kicad_pcb,pcb-e1-dock-21,d200604b2d2b,25,1,1,0,0,0,0,0,6,3,0,0,0,0
pcb-e1-dock-preroute.kicad_pcb,pcb-e1-dock-21,d200604b2d2b,25,2,1,0,0,0,0,0,6,4,0,0,0,22.32
pcb-e1-dock-preroute.kicad_pcb,pcb-e1-dock-21,d200604b2d2b,25,3,5,0,0,2,2.5,0,11,3,0,0,2,47.75
pcb-e1-dock-preroute.kicad_pcb,pcb-e1-dock-21,d200604b2d2b,25,4,15,0,0,5,7.88,0,14,2,0,0,1,82.81
pcb-e1-dock-preroute.kicad_pcb,pcb-e1-dock-21,d200604b2d2b,25,5,6,0,0,0,0,0,10,2,0,0,1,35.3
pcb-e1-dock-preroute.kicad_pcb,pcb-e1-dock-21,d200604b2d2b,26,3,2,0,0,0,0,0,6,3,0,0,0,5.24
pcb-e1-dock-preroute.kicad_pcb,pcb-e1-dock-21,d200604b2d2b,26,4,6,0,0,4,2.25,0,7,2,0,0,0,18.69
pcb-e1-dock-preroute.kicad_pcb,pcb-e1-dock-21,d200604b2d2b,26,5,2,0,0,0,0,0,5,2,0,0,0,3.67
pcb-e1-dock-preroute.kicad_pcb,pcb-e1-dock-22,5b729151eac6,0,0,3,0,0,0,0,0,6,2,0,0,0,55.47
pcb-e1-dock-preroute.kicad_pcb,pcb-e1-dock-22,5b729151eac6,0,1,4,0,0,0,0,0,10,2,0,0,0,55.77
pcb-e1-dock-preroute.kicad_pcb,pcb-e1-dock-22,5b729151eac6,0,2,3,0,0,1,1.9,0,11,2,0,0,1,10.72
pcb-e1-dock-preroute.kicad_pcb,pcb-e1-dock-22,5b729151eac6,0,3,3,0,0,0,0,0,13,2,0,0,2,75.59
pcb-e1-dock-preroute.kicad_pcb,pcb-e1-dock-22,5b729151eac6,0,4,8,6,0,5,15.13,0,14,2,0,0,0,4.17
pcb-e1-dock-preroute.kicad_pcb,pcb-e1-dock-22,5b729151eac6,0,5,8,0,0,4,3.39,0,13,2,0,0,2,41.59
pcb-e1-dock-preroute.kicad_pcb,pcb-e1-dock-22,5b729151eac6,0,6,1,0,0,0,0,0,2,2,1,0,0,0
pcb-e1-dock-preroute.kicad_pcb,pcb-e1-dock-22,5b729151eac6,1,0,6,0,0,0,0,0,10,2,0,0,2,63.94
pcb-e1-dock-preroute.kicad_pcb,pcb-e1-dock-22,5b729151eac6,1,1,7,0,0,0,0,0,14,2,0,0,0,72.47
pcb-e1-dock-preroute.kicad_pcb,pcb-e1-dock-22,5b729151eac6,1,2,5,0,0,1,1.9,0,17,2,0,0,2,75.12
pcb-e1-dock-preroute.kicad_pcb,pcb-e1-dock-22,5b729151eac6,1,3,5,0,0,0,0,0,17,2,0,0,3,63.21
pcb-e1-dock-preroute.kicad_pcb,pcb-e1-dock-22,5b729151eac6,1,4,5,0,0,2,8.3,0,18,2,0,0,0,39.44
pcb-e1-dock-preroute.kicad_pcb,pcb-e1-dock-22,5b729151eac6,1,5,8,0,0,5,3.65,0,18,2,0,0,2,188.48
pcb-e1-dock-preroute.kicad_pcb,pcb-e1-dock-22,5b729151eac6,1,6,1,0,0,0,0,0,3,2,0,0,0,0
pcb-e1-dock-preroute.kicad_pcb,pcb-e1-dock-22,5b729151eac6,2,0,0,0,0,0,0,0,10,2,0,0,0,179.57
pcb-e1-dock-preroute.kicad_pcb,pcb-e1-dock-22,5b729151eac6,2,1,3,0,0,0,0,0,14,2,0,0,0,25.11
pcb-e1-dock-preroute.kicad_pcb,pcb-e1-dock-22,5b729151eac6,2,2,5,0,0,1,1.39,0,17,2,0,0,1,210.96
pcb-e1-dock-preroute.kicad_pcb,pcb-e1-dock-22,5b729151eac6,2,3,5,0,0,1,1.39,0,17,2,0,0,2,38.51
pcb-e1-dock-preroute.kicad_pcb,pcb-e1-dock-22,5b729151eac6,2,4,5,0,0,1,4.3,0,18,2,0,0,1,56.57
pcb-e1-dock-preroute.kicad_pcb,pcb-e1-dock-22,5b729151eac6,2,5,4,0,0,3,1.12,0,17,2,0,0,1,41.06
pcb-e1-dock-preroute.kicad_pcb,pcb-e1-dock-22,5b729151eac6,2,6,2,0,0,0,0,0,3,2,0,0,0,12.84
pcb-e1-dock-preroute.kicad_pcb,pcb-e1-dock-22,5b729151eac6,3,2,1,0,0,0,0,0,12,3,0,0,1,24.72
pcb-e1-dock-preroute.kicad_pcb,pcb-e1-dock-22,5b729151eac6,3,3,0,0,0,0,0,0,14,3,0,0,0,39.79
pcb-e1-dock-preroute.kicad_pcb,pcb-e1-dock-22,5b729151eac6,3,4,0,0,0,0,0,0,15,2,0,0,0,77.91
pcb-e1-dock-preroute.kicad_pcb,pcb-e1-dock-22,5b729151eac6,3,6,2,0,0,0,0,0,2,2,0,0,0,21.56
pcb-e1-dock-preroute.kicad_pcb,pcb-e1-dock-22,5b729151eac6,4,1,1,0,0,0,0,0,11,2,0,0,0,0
pcb-e1-dock-preroute.kicad_pcb,pcb-e1-dock-22,5b729151eac6,4,3,1,0,0,0,0,0,14,3,0,0,0,15.87
pcb-e1-dock-preroute.kicad_pcb,pcb-e1-dock-22,5b729151eac6,4,4,5,5,0,5,10.56,0,22,2,0,0,2,72.97
pcb-e1-dock-preroute.kicad_pcb,pcb-e1-dock-22,5b729151eac6,4,5,8,0,0,0,0,0,21,2,0,0,3,15.33
pcb-e1-dock-preroute.kicad_pcb,pcb-e1-dock-22,5b729151eac6,4,6,1,0,0,1,4.65,0,3,2,0,0,0,9.34
pcb-e1-dock-preroute.kicad_pcb,pcb-e1-dock-22,5b729151eac6,5,4,6,5,0,6,12.86,0,24,2,0,0,1,92.72
pcb-e1-dock-preroute.kicad_pcb,pcb-e1-dock-22,5b729151eac6,5,5,11,0,0,0,0,0,23,2,1,0,3,90.08
pcb-e1-dock-preroute.kicad_pcb,pcb-e1-dock-22,5b729151eac6,5,6,1,0,0,1,4.65,0,2,2,0,0,0,0
pcb-e1-dock-preroute.kicad_pcb,pcb-e1-dock-22,5b729151eac6,6,2,0,0,0,3,0,0,13,2,0,0,0,73.75
pcb-e1-dock-preroute.kicad_pcb,pcb-e1-dock-22,5b729151eac6,6,3,6,0,0,1,14.67,0,17,2,0,0,1,30.36
pcb-e1-dock-preroute.kicad_pcb,pcb-e1-dock-22,5b729151eac6,6,4,1,0,0,1,2.3,0,24,2,0,0,0,24.23
pcb-e1-dock-preroute.kicad_pcb,pcb-e1-dock-22,5b729151eac6,6,5,8,0,0,2,4.0,0,22,2,0,0,3,200.58
pcb-e1-dock-preroute.kicad_pcb,pcb-e1-dock-22,5b729151eac6,6,6,1,0,0,0,0,0,3,2,0,0,0,3.25
pcb-e1-dock-preroute.kicad_pcb,pcb-e1-dock-22,5b729151eac6,7,2,0,0,0,3,0,0,14,2,0,0,0,35.65
pcb-e1-dock-preroute.kicad_pcb,pcb-e1-dock-22,5b729151eac6,7,3,6,0,0,1,6.6,0,20,2,0,0,1,356.26
pcb-e1-dock-preroute.kicad_pcb,pcb-e1-dock-22,5b729151eac6,7,4,8,0,0,6,6.84,0,28,2,1,0,3,16.72
pcb-e1-dock-preroute.kicad_pcb,pcb-e1-dock-22,5b729151eac6,7,5,4,0,0,0,0,0,25,2,0,0,2,89.46
pcb-e1-dock-preroute.kicad_pcb,pcb-e1-dock-22,5b729151eac6,7,6,1,0,0,0,0,0,6,2,0,0,0,3.25
pcb-e1-dock-preroute.kicad_pcb,pcb-e1-dock-22,5b729151eac6,8,1,1,0,0,0,0,0,11,2,1,0,1,20.79
pcb-e1-dock-preroute.kicad_pcb,pcb-e1-dock-22,5b729151eac6,8,2,0,0,0,0,0,0,14,2,0,0,0,62.75
pcb-e1-dock-preroute.kicad_pcb,pcb-e1-dock-22,5b729151eac6,8,3,1,0,0,0,0,0,20,2,0,0,0,0
pcb-e1-dock-preroute.kicad_pcb,pcb-e1-dock-22,5b729151eac6,8,4,12,6,0,5,10.17,0,28,2,0,0,2,50.64
pcb-e1-dock-preroute.kicad_pcb,pcb-e1-dock-22,5b729151eac6,8,5,3,0,0,0,0,0,26,2,0,0,3,72.39
pcb-e1-dock-preroute.kicad_pcb,pcb-e1-dock-22,5b729151eac6,8,6,2,0,0,0,0,0,7,2,0,0,0,21.36
pcb-e1-dock-preroute.kicad_pcb,pcb-e1-dock-22,5b729151eac6,9,1,1,0,0,0,0,0,11,3,0,0,0,0
pcb-e1-dock-preroute.kicad_pcb,pcb-e1-dock-22,5b729151eac6,9,2,0,0,0,0,0,0,14,3,0,0,0,234.76
pcb-e1-dock-preroute.kicad_pcb,pcb-e1-dock-22,5b729151eac6,9,3,1,0,0,0,0,0,20,2,0,0,0,22.75
pcb-e1-dock-preroute.kicad_pcb,pcb-e1-dock-22,5b729151eac6,9,4,1,0,0,3,0,0,28,2,0,0,0,38.4
pcb-e1-dock-preroute.kicad_pcb,pcb-e1-dock-22,5b729151eac6,9,5,5,0,0,0,0,0,26,2,1,0,2,47.32
pcb-e1-dock-preroute.kicad_pcb,pcb-e1-dock-22,5b729151eac6,9,6,2,0,0,0,0,0,7,2,0,0,0,14.41
pcb-e1-dock-preroute.kicad_pcb,pcb-e1-dock-22,5b729151eac6,10,3,0,0,0,0,0,0,20,2,0,0,1,293.51
pcb-e1-dock-preroute.kicad_pcb,pcb-e1-dock-22,5b729151eac6,10,4,3,0,0,1,2.9,0,26,2,0,0,3,139.99
pcb-e1-dock-preroute.kicad_pcb,pcb-e1-dock-22,5b729151eac6,10,5,5,0,0,3,2.25,0,24,2,0,0,3,32.11
pcb-e1-dock-preroute.kicad_pcb,pcb-e1-dock-22,5b729151eac6,10,6,2,0,0,0,0,0,6,2,0,0,0,17.21
pcb-e1-dock-preroute.kicad_pcb,pcb-e1-dock-22,5b729151eac6,11,1,1,0,0,0,0,0,11,4,0,0,0,0
pcb-e1-dock-preroute.kicad_pcb,pcb-e1-dock-22,5b729151eac6,11,3,1,0,0,0,0,0,20,2,0,0,0,0
pcb-e1-dock-preroute.kicad_pcb,pcb-e1-dock-22,5b729151eac6,11,4,2,0,0,0,2.9,0,23,2,0,0,2,5.83
pcb-e1-dock-preroute.kicad_pcb,pcb-e1-dock-22,5b729151eac6,11,5,5,0,0,2,6.53,0,21,2,0,0,0,12.7
pcb-e1-dock-preroute.kicad_pcb,pcb-e1-dock-22,5b729151eac6,11,6,0,0,0,0,0,0,5,2,0,0,0,79.88
pcb-e1-dock-preroute.kicad_pcb,pcb-e1-dock-22,5b729151eac6,12,1,1,0,0,0,0,0,11,3,0,0,0,0
pcb-e1-dock-preroute.kicad_pcb,pcb-e1-dock-22,5b729151eac6,12,3,1,0,0,0,0,0,21,2,0,0,0,0
pcb-e1-dock-preroute.kicad_pcb,pcb-e1-dock-22,5b729151eac6,12,4,2,0,0,3,4.7,0,23,2,0,0,0,24.06
pcb-e1-dock-preroute.kicad_pcb,pcb-e1-dock-22,5b729151eac6,12,5,2,0,0,3,3.1,0,20,2,0,0,0,16.28
pcb-e1-dock-preroute.kicad_pcb,pcb-e1-dock-22,5b729151eac6,12,6,2,0,0,0,0,0,6,2,0,0,0,12.83
pcb-e1-dock-preroute.kicad_pcb,pcb-e1-dock-22,5b729151eac6,13,1,1,0,0,0,0,0,11,4,0,0,0,0
pcb-e1-dock-preroute.kicad_pcb,pcb-e1-dock-22,5b729151eac6,13,2,0,0,0,0,0,0,14,4,0,0,1,168.33
pcb-e1-dock-preroute.kicad_pcb,pcb-e1-dock-22,5b729151eac6,13,3,2,0,0,1,2.4,0,21,2,0,0,0,10.25
pcb-e1-dock-preroute.kicad_pcb,pcb-e1-dock-22,5b729151eac6,13,4,4,0,0,4,7.8,0,23,2,0,0,0,9.13
pcb-e1-dock-preroute.kicad_pcb,pcb-e1-dock-22,5b729151eac6,13,5,1,0,0,1,1.4,0,20,2,0,0,0,7.03
pcb-e1-dock-preroute.kicad_pcb,pcb-e1-dock-22,5b729151eac6,13,6,2,0,0,0,0,0,6,2,0,0,0,4.46
pcb-e1-dock-preroute.kicad_pcb,pcb-e1-dock-22,5b729151eac6,14,1,0,0,0,0,0,0,11,4,0,0,0,42.36
pcb-e1-dock-preroute.kicad_pcb,pcb-e1-dock-22,5b729151eac6,14,2,0,0,0,0,0,0,14,4,0,0,0,38.82
pcb-e1-dock-preroute.kicad_pcb,pcb-e1-dock-22,5b729151eac6,14,3,3,0,0,3,7.09,0,22,2,0,0,0,2.68
pcb-e1-dock-preroute.kicad_pcb,pcb-e1-dock-22,5b729151eac6,14,4,8,0,0,8,9.55,0,28,2,0,0,1,51.81
pcb-e1-dock-preroute.kicad_pcb,pcb-e1-dock-22,5b729151eac6,14,5,3,0,0,0,0,0,24,2,0,0,0,14.34
pcb-e1-dock-preroute.kicad_pcb,pcb-e1-dock-22,5b729151eac6,14,6,2,0,0,0,0,0,5,2,0,0,0,12.56
pcb-e1-dock-preroute.kicad_pcb,pcb-e1-dock-22,5b729151eac6,15,1,1,0,0,0,0,0,11,3,0,0,0,0
pcb-e1-dock-preroute.kicad_pcb,pcb-e1-dock-22,5b729151eac6,15,3,7,0,0,5,0,0,22,2,0,0,2,39.17
pcb-e1-dock-preroute.kicad_pcb,pcb-e1-dock-22,5b729151eac6,15,4,14,0,0,8,0,0,31,2,1,0,6,28.78
pcb-e1-dock-preroute.kicad_pcb,pcb-e1-dock-22,5b729151eac6,15,5,6,0,0,0,0,0,27,2,0,0,1,82.84
pcb-e1-dock-preroute.kicad_pcb,pcb-e1-dock-22,5b729151eac6,16,1,1,0,0,0,0,0,11,3,0,0,0,0
pcb-e1-dock-preroute.kicad_pcb,pcb-e1-dock-22,5b729151eac6,16,3,11,0,0,5,3.58,0,24,2,0,0,4,13.14
pcb-e1-dock-preroute.kicad_pcb,pcb-e1-dock-22,5b729151eac6,16,4,18,0,0,8,7.56,0,35,2,0,0,5,39.55
pcb-e1-dock-preroute.kicad_pcb,pcb-e1-dock-22,5b729151eac6,16,5,4,0,0,0,0,0,29,2,0,0,3,96.96
pcb-e1-dock-preroute.kicad_pcb,pcb-e1-dock-22,5b729151eac6,17,3,0,0,0,0,0,0,27,2,0,0,0,23.25
pcb-e1-dock-preroute.kicad_pcb,pcb-e1-dock-22,5b729151eac6,17,4,12,12,0,11,21.59,0,43,2,0,0,2,105.98
pcb-e1-dock-preroute.kicad_pcb,pcb-e1-dock-22,5b729151eac6,17,5,3,0,0,1,0,0,29,2,1,0,2,76.19
pcb-e1-dock-preroute.kicad_pcb,pcb-e1-dock-22,5b729151eac6,17,6,0,0,0,0,0,0,6,2,0,0,0,25.77
pcb-e1-dock-preroute.kicad_pcb,pcb-e1-dock-22,5b729151eac6,18,0,0,0,0,1,0,0,7,2,0,0,1,175.86
pcb-e1-dock-preroute.kicad_pcb,pcb-e1-dock-22,5b729151eac6,18,1,1,0,0,0,0,0,11,3,0,0,1,50.25
pcb-e1-dock-preroute.kicad_pcb,pcb-e1-dock-22,5b729151eac6,18,2,0,0,0,1,0,0,14,3,0,0,1,97.3
pcb-e1-dock-preroute.kicad_pcb,pcb-e1-dock-22,5b729151eac6,18,3,1,0,0,0,0,0,27,2,0,0,0,0.95
pcb-e1-dock-preroute.kicad_pcb,pcb-e1-dock-22,5b729151eac6,18,4,35,33,1,15,32.8,0,42,2,0,0,12,108.9
pcb-e1-dock-preroute.kicad_pcb,pcb-e1-dock-22,5b729151eac6,18,5,1,0,0,6,6.84,0,27,2,0,0,3,168.62
pcb-e1-dock-preroute.kicad_pcb,pcb-e1-dock-22,5b729151eac6,19,0,18,14,0,11,23.93,0,9,2,0,0,3,203.84
pcb-e1-dock-preroute.kicad_pcb,pcb-e1-dock-22,5b729151eac6,19,1,14,0,0,4,4.29,0,13,2,0,0,1,175.99
pcb-e1-dock-preroute.kicad_pcb,pcb-e1-dock-22,5b729151eac6,19,2,8,0,0,3,4.5,0,16,2,0,0,1,14.55
pcb-e1-dock-preroute.kicad_pcb,pcb-e1-dock-22,5b729151eac6,19,3,8,0,0,3,4.92,0,29,2,0,0,1,36.83
pcb-e1-dock-preroute.kicad_pcb,pcb-e1-dock-22,5b729151eac6,19,4,17,0,0,8,9.0,0,36,2,0,0,5,75.76
pcb-e1-dock-preroute.kicad_pcb,pcb-e1-dock-22,5b729151eac6,19,5,0,0,0,0,0,0,24,2,0,0,1,38.25
pcb-e1-dock-preroute.kicad_pcb,pcb-e1-dock-22,5b729151eac6,19,6,0,0,0,0,0,0,6,2,0,0,0,18.61
pcb-e1-dock-preroute.kicad_pcb,pcb-e1-dock-22,5b729151eac6,20,1,1,0,0,0,0,0,11,3,0,0,0,36.0
pcb-e1-dock-preroute.kicad_pcb,pcb-e1-dock-22,5b729151eac6,20,2,0,0,0,0,0,0,15,3,0,0,0,65.82
pcb-e1-dock-preroute.kicad_pcb,pcb-e1-dock-22,5b729151eac6,20,3,5,0,0,3,5.82,0,24,2,0,0,2,373.25
pcb-e1-dock-preroute.kicad_pcb,pcb-e1-dock-22,5b729151eac6,20,4,4,0,0,5,5.92,0,26,2,0,0,0,49.23
pcb-e1-dock-preroute.kicad_pcb,pcb-e1-dock-22,5b729151eac6,20,5,2,0,0,1,2.65,0,22,2,0,0,2,82.25
pcb-e1-dock-preroute.kicad_pcb,pcb-e1-dock-22,5b729151eac6,20,6,2,0,0,2,3.1,0,5,2,0,0,0,37.81
pcb-e1-dock-preroute.kicad_pcb,pcb-e1-dock-22,5b729151eac6,21,2,0,0,0,0,0,0,15,4,0,0,2,108.64
pcb-e1-dock-preroute.kicad_pcb,pcb-e1-dock-22,5b729151eac6,21,3,9,3,0,6,5.09,0,24,2,0,0,4,85.04
pcb-e1-dock-preroute.kicad_pcb,pcb-e1-dock-22,5b729151eac6,21,4,5,0,0,3,2.65,0,26,2,0,0,2,47.51
pcb-e1-dock-preroute.kicad_pcb,pcb-e1-dock-22,5b729151eac6,21,5,2,0,0,2,4.2,0,22,2,0,0,0,23.99
pcb-e1-dock-preroute.kicad_pcb,pcb-e1-dock-22,5b729151eac6,21,6,4,0,0,2,2.52,0,6,2,0,0,2,15.73
pcb-e1-dock-preroute.kicad_pcb,pcb-e1-dock-22,5b729151eac6,22,1,1,0,0,0,0,0,11,3,0,0,1,22.77
pcb-e1-dock-preroute.kicad_pcb,pcb-e1-dock-22,5b729151eac6,22,2,0,0,0,0,0,0,15,3,0,0,0,19.02
pcb-e1-dock-preroute.kicad_pcb,pcb-e1-dock-22,5b729151eac6,22,3,4,3,0,3,5.09,0,23,2,0,0,4,282.58
pcb-e1-dock-preroute.kicad_pcb,pcb-e1-dock-22,5b729151eac6,22,4,0,0,0,0,0,0,25,2,0,0,5,196.01
pcb-e1-dock-preroute.kicad_pcb,pcb-e1-dock-22,5b729151eac6,22,5,1,0,0,1,1.55,0,21,2,0,0,4,82.04
pcb-e1-dock-preroute.kicad_pcb,pcb-e1-dock-22,5b729151eac6,22,6,2,0,0,1,2.52,0,5,2,0,0,0,4.28
pcb-e1-dock-preroute.kicad_pcb,pcb-e1-dock-22,5b729151eac6,23,1,1,0,0,0,0,0,11,3,0,0,0,0
pcb-e1-dock-preroute.kicad_pcb,pcb-e1-dock-22,5b729151eac6,23,3,1,0,0,0,0,0,29,2,0,0,2,93.82
pcb-e1-dock-preroute.kicad_pcb,pcb-e1-dock-22,5b729151eac6,23,4,37,37,0,28,28.82,0,37,2,0,0,7,138.91
pcb-e1-dock-preroute.kicad_pcb,pcb-e1-dock-22,5b729151eac6,23,5,24,24,0,17,21.41,0,25,2,0,0,5,131.22
pcb-e1-dock-preroute.kicad_pcb,pcb-e1-dock-22,5b729151eac6,23,6,1,0,0,1,0,0,3,2,0,0,1,9.12
pcb-e1-dock-preroute.kicad_pcb,pcb-e1-dock-22,5b729151eac6,24,3,12,10,0,9,17.49,0,17,2,0,0,1,51.63
pcb-e1-dock-preroute.kicad_pcb,pcb-e1-dock-22,5b729151eac6,24,4,13,0,0,6,3.38,20.51,24,2,0,0,3,106.12
pcb-e1-dock-preroute.kicad_pcb,pcb-e1-dock-22,5b729151eac6,24,5,5,0,0,2,1.12,0,14,2,0,0,0,79.86
pcb-e1-dock-preroute.kicad_pcb,pcb-e1-dock-22,5b729151eac6,25,1,1,0,0,0,0,0,5,3,0,0,0,0
pcb-e1-dock-preroute.kicad_pcb,pcb-e1-dock-22,5b729151eac6,25,2,1,0,0,0,0,0,5,4,0,0,0,11.09
pcb-e1-dock-preroute.kicad_pcb,pcb-e1-dock-22,5b729151eac6,25,3,5,0,0,2,2.5,0,11,3,0,0,1,55.26
pcb-e1-dock-preroute.kicad_pcb,pcb-e1-dock-22,5b729151eac6,25,4,15,0,0,4,6.75,0,14,2,0,0,1,46.57
pcb-e1-dock-preroute.kicad_pcb,pcb-e1-dock-22,5b729151eac6,25,5,5,0,0,1,0,0,9,2,0,0,1,99.58
pcb-e1-dock-preroute.kicad_pcb,pcb-e1-dock-22,5b729151eac6,26,3,2,0,0,0,0,0,6,3,0,0,1,14.77
pcb-e1-dock-preroute.kicad_pcb,pcb-e1-dock-22,5b729151eac6,26,4,7,0,0,4,3.38,0,8,2,0,0,3,38.66
pcb-e1-dock-preroute.kicad_pcb,pcb-e1-dock-22,5b729151eac6,26,5,2,0,0,0,0,0,6,2,0,0,1,15.23
pcb-e1-dock-preroute.kicad_pcb,pcb-e1-dock-23,4945d69e3682,0,0,3,0,0,0,0,0,6,2,0,0,0,56.09
pcb-e1-dock-preroute.kicad_pcb,pcb-e1-dock-23,4945d69e3682,0,1,4,0,0,0,0,0,10,2,0,0,0,33.07
pcb-e1-dock-preroute.kicad_pcb,pcb-e1-dock-23,4945d69e3682,0,2,3,0,0,1,1.9,0,11,2,0,0,0,46.72
pcb-e1-dock-preroute.kicad_pcb,pcb-e1-dock-23,4945d69e3682,0,3,3,0,0,0,0,0,13,2,0,0,1,121.33
pcb-e1-dock-preroute.kicad_pcb,pcb-e1-dock-23,4945d69e3682,0,4,8,6,0,5,15.12,0,14,2,0,0,0,63.8
pcb-e1-dock-preroute.kicad_pcb,pcb-e1-dock-23,4945d69e3682,0,5,8,0,0,4,3.39,0,13,2,0,0,4,44.41
pcb-e1-dock-preroute.kicad_pcb,pcb-e1-dock-23,4945d69e3682,0,6,1,0,0,0,0,0,2,2,0,0,0,0
pcb-e1-dock-preroute.kicad_pcb,pcb-e1-dock-23,4945d69e3682,1,0,6,0,0,0,0,0,10,2,1,0,0,223.23
pcb-e1-dock-preroute.kicad_pcb,pcb-e1-dock-23,4945d69e3682,1,1,7,0,0,0,0,0,14,2,1,0,0,34.29
pcb-e1-dock-preroute.kicad_pcb,pcb-e1-dock-23,4945d69e3682,1,2,5,0,0,1,1.9,0,17,2,0,0,2,80.06
pcb-e1-dock-preroute.kicad_pcb,pcb-e1-dock-23,4945d69e3682,1,3,5,0,0,0,0,0,17,2,0,0,2,137.79
pcb-e1-dock-preroute.kicad_pcb,pcb-e1-dock-23,4945d69e3682,1,4,5,0,0,2,8.3,0,18,2,0,0,0,35.9
pcb-e1-dock-preroute.kicad_pcb,pcb-e1-dock-23,4945d69e3682,1,5,8,0,0,6,3.65,0,18,2,0,0,2,90.69
pcb-e1-dock-preroute.kicad_pcb,pcb-e1-dock-23,4945d69e3682,1,6,1,0,0,0,0,0,3,2,0,0,0,7.74
pcb-e1-dock-preroute.kicad_pcb,pcb-e1-dock-23,4945d69e3682,2,0,0,0,0,0,0,0,10,2,0,0,0,327.69
pcb-e1-dock-preroute.kicad_pcb,pcb-e1-dock-23,4945d69e3682,2,1,3,0,0,0,0,0,14,2,0,0,0,4.24
pcb-e1-dock-preroute.kicad_pcb,pcb-e1-dock-23,4945d69e3682,2,2,5,0,0,1,1.39,0,17,2,0,0,1,89.73
pcb-e1-dock-preroute.kicad_pcb,pcb-e1-dock-23,4945d69e3682,2,3,5,0,0,1,1.39,0,17,2,0,0,2,77.0
pcb-e1-dock-preroute.kicad_pcb,pcb-e1-dock-23,4945d69e3682,2,4,5,0,0,1,4.3,0,18,2,0,0,0,46.98
pcb-e1-dock-preroute.kicad_pcb,pcb-e1-dock-23,4945d69e3682,2,5,4,0,0,2,1.12,0,17,2,0,0,1,27.91
pcb-e1-dock-preroute.kicad_pcb,pcb-e1-dock-23,4945d69e3682,2,6,2,0,0,0,0,0,3,2,0,0,0,4.81
pcb-e1-dock-preroute.kicad_pcb,pcb-e1-dock-23,4945d69e3682,3,2,1,0,0,0,0,0,12,3,0,0,0,3.71
pcb-e1-dock-preroute.kicad_pcb,pcb-e1-dock-23,4945d69e3682,3,3,0,0,0,0,0,0,14,3,0,0,0,5.09
pcb-e1-dock-preroute.kicad_pcb,pcb-e1-dock-23,4945d69e3682,3,5,0,0,0,0,0,0,14,2,0,0,0,276.34
pcb-e1-dock-preroute.kicad_pcb,pcb-e1-dock-23,4945d69e3682,3,6,2,0,0,0,0,0,2,2,0,0,0,21.54
pcb-e1-dock-preroute.kicad_pcb,pcb-e1-dock-23,4945d69e3682,4,1,1,0,0,0,0,0,11,2,0,0,0,0
pcb-e1-dock-preroute.kicad_pcb,pcb-e1-dock-23,4945d69e3682,4,3,1,0,0,0,0,0,14,3,0,0,0,0
pcb-e1-dock-preroute.kicad_pcb,pcb-e1-dock-23,4945d69e3682,4,4,5,5,0,5,10.56,0,22,2,1,0,0,79.97
pcb-e1-dock-preroute.kicad_pcb,pcb-e1-dock-23,4945d69e3682,4,5,9,0,0,0,0,0,21,2,0,0,4,58.67
pcb-e1-dock-preroute.kicad_pcb,pcb-e1-dock-23,4945d69e3682,4,6,1,0,0,1,4.65,0,3,2,0,0,0,9.34
pcb-e1-dock-preroute.kicad_pcb,pcb-e1-dock-23,4945d69e3682,5,2,0,0,0,0,0,0,11,2,0,0,0,7.88
pcb-e1-dock-preroute.kicad_pcb,pcb-e1-dock-23,4945d69e3682,5,4,6,5,0,6,12.86,0,24,2,0,0,0,61.51
pcb-e1-dock-preroute.kicad_pcb,pcb-e1-dock-23,4945d69e3682,5,5,10,0,0,0,0,0,23,2,0,0,3,36.83
pcb-e1-dock-preroute.kicad_pcb,pcb-e1-dock-23,4945d69e3682,5,6,1,0,0,1,4.65,0,2,2,0,0,0,0
pcb-e1-dock-preroute.kicad_pcb,pcb-e1-dock-23,4945d69e3682,6,2,0,0,0,3,0,0,13,2,0,0,0,127.1
pcb-e1-dock-preroute.kicad_pcb,pcb-e1-dock-23,4945d69e3682,6,3,6,0,0,1,14.67,0,17,2,0,0,1,28.01
pcb-e1-dock-preroute.kicad_pcb,pcb-e1-dock-23,4945d69e3682,6,4,1,0,0,1,2.3,0,24,2,0,0,0,64.36
pcb-e1-dock-preroute.kicad_pcb,pcb-e1-dock-23,4945d69e3682,6,5,8,0,0,2,4.0,0,22,2,0,0,2,95.04
pcb-e1-dock-preroute.kicad_pcb,pcb-e1-dock-23,4945d69e3682,6,6,1,0,0,0,0,0,3,2,0,0,0,59.48
pcb-e1-dock-preroute.kicad_pcb,pcb-e1-dock-23,4945d69e3682,7,3,6,0,0,1,6.6,0,20,2,0,0,0,21.71
pcb-e1-dock-preroute.kicad_pcb,pcb-e1-dock-23,4945d69e3682,7,4,8,0,0,6,6.84,0,28,2,0,0,2,44.52
pcb-e1-dock-preroute.kicad_pcb,pcb-e1-dock-23,4945d69e3682,7,5,4,0,0,0,0,0,25,2,0,0,2,33.86
pcb-e1-dock-preroute.kicad_pcb,pcb-e1-dock-23,4945d69e3682,7,6,1,0,0,0,0,0,6,2,0,0,0,3.25
pcb-e1-dock-preroute.kicad_pcb,pcb-e1-dock-23,4945d69e3682,8,1,1,0,0,0,0,0,11,2,0,0,0,0
pcb-e1-dock-preroute.kicad_pcb,pcb-e1-dock-23,4945d69e3682,8,2,0,0,0,0,0,0,14,2,0,0,0,9.87
pcb-e1-dock-preroute.kicad_pcb,pcb-e1-dock-23,4945d69e3682,8,3,1,0,0,0,0,0,20,2,0,0,0,4.72
pcb-e1-dock-preroute.kicad_pcb,pcb-e1-dock-23,4945d69e3682,8,4,12,6,0,5,10.17,0,28,2,0,0,2,103.75
pcb-e1-dock-preroute.kicad_pcb,pcb-e1-dock-23,4945d69e3682,8,5,3,0,0,0,0,0,26,2,0,0,3,56.64
pcb-e1-dock-preroute.kicad_pcb,pcb-e1-dock-23,4945d69e3682,8,6,2,0,0,0,0,0,7,2,0,0,1,31.99
pcb-e1-dock-preroute.kicad_pcb,pcb-e1-dock-23,4945d69e3682,9,1,1,0,0,0,0,0,11,3,0,0,0,96.61
pcb-e1-dock-preroute.kicad_pcb,pcb-e1-dock-23,4945d69e3682,9,3,1,0,0,0,0,0,20,2,0,0,0,17.88
pcb-e1-dock-preroute.kicad_pcb,pcb-e1-dock-23,4945d69e3682,9,4,1,0,0,3,0,0,28,2,0,0,1,35.84
pcb-e1-dock-preroute.kicad_pcb,pcb-e1-dock-23,4945d69e3682,9,5,5,0,0,0,0,0,26,2,0,0,2,22.54
pcb-e1-dock-preroute.kicad_pcb,pcb-e1-dock-23,4945d69e3682,9,6,2,0,0,0,0,0,7,2,0,0,0,45.62
pcb-e1-dock-preroute.kicad_pcb,pcb-e1-dock-23,4945d69e3682,10,4,3,0,0,1,2.9,0,26,2,0,0,0,44.83
pcb-e1-dock-preroute.kicad_pcb,pcb-e1-dock-23,4945d69e3682,10,5,5,0,0,3,2.25,0,24,2,0,0,2,79.64
pcb-e1-dock-preroute.kicad_pcb,pcb-e1-dock-23,4945d69e3682,10,6,2,0,0,0,0,0,6,2,0,0,0,5.8
pcb-e1-dock-preroute.kicad_pcb,pcb-e1-dock-23,4945d69e3682,11,1,1,0,0,0,0,0,11,4,0,0,0,0
pcb-e1-dock-preroute.kicad_pcb,pcb-e1-dock-23,4945d69e3682,11,2,0,0,0,0,0,0,14,4,0,0,1,3.09
pcb-e1-dock-preroute.kicad_pcb,pcb-e1-dock-23,4945d69e3682,11,3,1,0,0,0,0,0,20,2,0,0,0,50.32
pcb-e1-dock-preroute.kicad_pcb,pcb-e1-dock-23,4945d69e3682,11,4,2,0,0,1,2.9,0,23,2,0,0,0,10.56
pcb-e1-dock-preroute.kicad_pcb,pcb-e1-dock-23,4945d69e3682,11,5,5,0,0,2,6.53,0,21,2,0,0,2,82.32
pcb-e1-dock-preroute.kicad_pcb,pcb-e1-dock-23,4945d69e3682,11,6,0,0,0,0,0,0,5,2,0,0,0,36.48
pcb-e1-dock-preroute.kicad_pcb,pcb-e1-dock-23,4945d69e3682,12,1,1,0,0,0,0,0,11,3,0,0,0,0
pcb-e1-dock-preroute.kicad_pcb,pcb-e1-dock-23,4945d69e3682,12,3,1,0,0,0,0,0,21,2,0,0,2,12.46
pcb-e1-dock-preroute.kicad_pcb,pcb-e1-dock-23,4945d69e3682,12,4,2,0,0,2,4.7,0,23,2,0,0,0,69.28
pcb-e1-dock-preroute.kicad_pcb,pcb-e1-dock-23,4945d69e3682,12,5,2,0,0,3,3.1,0,20,2,0,0,0,15.25
pcb-e1-dock-preroute.kicad_pcb,pcb-e1-dock-23,4945d69e3682,12,6,2,0,0,0,0,0,6,2,0,0,1,27.29
pcb-e1-dock-preroute.kicad_pcb,pcb-e1-dock-23,4945d69e3682,13,1,1,0,0,0,0,0,11,4,0,0,0,0
pcb-e1-dock-preroute.kicad_pcb,pcb-e1-dock-23,4945d69e3682,13,2,0,0,0,0,0,0,14,4,0,0,0,17.47
pcb-e1-dock-preroute.kicad_pcb,pcb-e1-dock-23,4945d69e3682,13,3,1,0,0,0,0,0,21,2,0,0,0,14.2
pcb-e1-dock-preroute.kicad_pcb,pcb-e1-dock-23,4945d69e3682,13,4,5,0,0,5,10.2,0,23,2,0,0,0,16.18
pcb-e1-dock-preroute.kicad_pcb,pcb-e1-dock-23,4945d69e3682,13,5,1,0,0,1,1.4,0,20,2,0,0,0,6.69
pcb-e1-dock-preroute.kicad_pcb,pcb-e1-dock-23,4945d69e3682,13,6,2,0,0,0,0,0,6,2,0,0,0,43.78
pcb-e1-dock-preroute.kicad_pcb,pcb-e1-dock-23,4945d69e3682,14,2,0,0,0,0,0,0,14,4,0,0,0,74.31
pcb-e1-dock-preroute.kicad_pcb,pcb-e1-dock-23,4945d69e3682,14,3,2,0,0,2,4.69,0,22,2,0,0,1,55.53
pcb-e1-dock-preroute.kicad_pcb,pcb-e1-dock-23,4945d69e3682,14,4,9,0,0,9,11.95,0,28,2,0,0,1,11.23
pcb-e1-dock-preroute.kicad_pcb,pcb-e1-dock-23,4945d69e3682,14,5,3,0,0,0,0,0,24,2,0,0,0,20.78
pcb-e1-dock-preroute.kicad_pcb,pcb-e1-dock-23,4945d69e3682,14,6,2,0,0,0,0,0,5,2,0,0,0,13.09
pcb-e1-dock-preroute.kicad_pcb,pcb-e1-dock-23,4945d69e3682,15,1,1,0,0,0,0,0,11,3,0,0,0,0
pcb-e1-dock-preroute.kicad_pcb,pcb-e1-dock-23,4945d69e3682,15,3,7,0,0,4,0,0,22,2,0,0,2,30.52
pcb-e1-dock-preroute.kicad_pcb,pcb-e1-dock-23,4945d69e3682,15,4,14,0,0,9,0,0,31,2,0,0,6,58.15
pcb-e1-dock-preroute.kicad_pcb,pcb-e1-dock-23,4945d69e3682,15,5,6,0,0,0,0,0,27,2,0,0,3,50.61
pcb-e1-dock-preroute.kicad_pcb,pcb-e1-dock-23,4945d69e3682,15,6,0,0,0,0,0,0,5,2,0,0,0,59.36
pcb-e1-dock-preroute.kicad_pcb,pcb-e1-dock-23,4945d69e3682,16,1,1,0,0,0,0,0,11,3,0,0,0,0
pcb-e1-dock-preroute.kicad_pcb,pcb-e1-dock-23,4945d69e3682,16,3,9,0,0,3,2.15,0,24,2,0,0,2,11.27
pcb-e1-dock-preroute.kicad_pcb,pcb-e1-dock-23,4945d69e3682,16,4,20,0,0,10,8.99,0,35,2,0,0,7,39.93
pcb-e1-dock-preroute.kicad_pcb,pcb-e1-dock-23,4945d69e3682,16,5,4,0,0,0,0,0,29,2,0,0,3,103.98
pcb-e1-dock-preroute.kicad_pcb,pcb-e1-dock-23,4945d69e3682,17,0,0,0,0,0,0,0,7,2,0,0,2,165.92
pcb-e1-dock-preroute.kicad_pcb,pcb-e1-dock-23,4945d69e3682,17,3,0,0,0,0,0,0,27,2,0,0,0,11.17
pcb-e1-dock-preroute.kicad_pcb,pcb-e1-dock-23,4945d69e3682,17,4,12,12,0,11,21.59,0,43,2,0,0,5,121.67
pcb-e1-dock-preroute.kicad_pcb,pcb-e1-dock-23,4945d69e3682,17,5,3,0,0,1,0,0,29,2,1,0,2,79.81
pcb-e1-dock-preroute.kicad_pcb,pcb-e1-dock-23,4945d69e3682,17,6,0,0,0,0,0,0,6,2,0,0,0,32.37
pcb-e1-dock-preroute.kicad_pcb,pcb-e1-dock-23,4945d69e3682,18,0,0,0,0,1,0,0,7,2,0,0,1,38.54
pcb-e1-dock-preroute.kicad_pcb,pcb-e1-dock-23,4945d69e3682,18,1,1,0,0,0,0,0,11,3,0,0,3,94.25
pcb-e1-dock-preroute.kicad_pcb,pcb-e1-dock-23,4945d69e3682,18,2,0,0,0,1,0,0,14,3,0,0,2,176.93
pcb-e1-dock-preroute.kicad_pcb,pcb-e1-dock-23,4945d69e3682,18,3,1,0,0,0,0,0,27,2,0,0,2,377.47
pcb-e1-dock-preroute.kicad_pcb,pcb-e1-dock-23,4945d69e3682,18,4,36,33,1,15,32.8,0,42,2,0,0,11,108.18
pcb-e1-dock-preroute.kicad_pcb,pcb-e1-dock-23,4945d69e3682,18,5,1,0,0,6,6.84,0,27,2,0,0,4,151.65
pcb-e1-dock-preroute.kicad_pcb,pcb-e1-dock-23,4945d69e3682,19,0,20,14,0,12,25.06,0,9,2,0,0,1,120.0
pcb-e1-dock-preroute.kicad_pcb,pcb-e1-dock-23,4945d69e3682,19,1,12,0,0,4,5.02,0,13,2,0,0,1,108.37
pcb-e1-dock-preroute.kicad_pcb,pcb-e1-dock-23,4945d69e3682,19,2,8,0,0,3,4.5,0,16,2,0,0,1,43.64
pcb-e1-dock-preroute.kicad_pcb,pcb-e1-dock-23,4945d69e3682,19,3,8,0,0,3,4.92,0,29,2,0,0,1,69.97
pcb-e1-dock-preroute.kicad_pcb,pcb-e1-dock-23,4945d69e3682,19,4,15,0,0,8,9.0,0,36,2,0,0,4,90.77
pcb-e1-dock-preroute.kicad_pcb,pcb-e1-dock-23,4945d69e3682,19,5,0,0,0,0,0,0,24,2,0,0,1,7.49
pcb-e1-dock-preroute.kicad_pcb,pcb-e1-dock-23,4945d69e3682,20,1,1,0,0,0,0,0,11,3,0,0,1,79.34
pcb-e1-dock-preroute.kicad_pcb,pcb-e1-dock-23,4945d69e3682,20,3,6,0,0,4,7.24,0,24,2,0,0,1,48.36
pcb-e1-dock-preroute.kicad_pcb,pcb-e1-dock-23,4945d69e3682,20,4,4,0,0,4,4.5,0,27,2,0,0,3,88.58
pcb-e1-dock-preroute.kicad_pcb,pcb-e1-dock-23,4945d69e3682,20,5,2,0,0,1,2.65,0,22,2,0,0,0,61.92
pcb-e1-dock-preroute.kicad_pcb,pcb-e1-dock-23,4945d69e3682,20,6,2,0,0,2,3.1,0,5,2,0,0,0,31.57
pcb-e1-dock-preroute.kicad_pcb,pcb-e1-dock-23,4945d69e3682,21,3,10,3,0,8,5.09,0,24,2,0,0,4,40.02
pcb-e1-dock-preroute.kicad_pcb,pcb-e1-dock-23,4945d69e3682,21,4,4,0,0,1,2.65,0,26,2,0,0,1,14.59
pcb-e1-dock-preroute.kicad_pcb,pcb-e1-dock-23,4945d69e3682,21,5,2,0,0,2,4.2,0,22,2,0,0,4,49.22
pcb-e1-dock-preroute.kicad_pcb,pcb-e1-dock-23,4945d69e3682,21,6,4,0,0,2,2.52,0,6,2,0,0,1,20.7
pcb-e1-dock-preroute.kicad_pcb,pcb-e1-dock-23,4945d69e3682,22,0,0,0,0,0,0,0,8,2,0,0,1,248.59
pcb-e1-dock-preroute.kicad_pcb,pcb-e1-dock-23,4945d69e3682,22,1,1,0,0,0,0,0,11,3,0,0,0,0
pcb-e1-dock-preroute.kicad_pcb,pcb-e1-dock-23,4945d69e3682,22,3,4,3,0,3,5.09,0,23,2,0,0,1,207.91
pcb-e1-dock-preroute.kicad_pcb,pcb-e1-dock-23,4945d69e3682,22,4,0,0,0,0,0,0,25,2,0,0,3,101.93
pcb-e1-dock-preroute.kicad_pcb,pcb-e1-dock-23,4945d69e3682,22,5,1,0,0,1,1.55,0,21,2,0,0,3,44.88
pcb-e1-dock-preroute.kicad_pcb,pcb-e1-dock-23,4945d69e3682,22,6,2,0,0,1,2.52,0,5,2,0,0,2,53.71
pcb-e1-dock-preroute.kicad_pcb,pcb-e1-dock-23,4945d69e3682,23,1,1,0,0,0,0,0,11,3,0,0,0,0
pcb-e1-dock-preroute.kicad_pcb,pcb-e1-dock-23,4945d69e3682,23,3,1,0,0,0,0,0,29,2,0,0,1,172.93
pcb-e1-dock-preroute.kicad_pcb,pcb-e1-dock-23,4945d69e3682,23,4,37,37,0,28,28.82,0,37,2,0,0,8,194.39
pcb-e1-dock-preroute.kicad_pcb,pcb-e1-dock-23,4945d69e3682,23,5,24,24,0,17,21.41,0,25,2,0,0,7,156.24
pcb-e1-dock-preroute.kicad_pcb,pcb-e1-dock-23,4945d69e3682,23,6,1,0,0,1,0,0,3,2,0,0,0,8.03
pcb-e1-dock-preroute.kicad_pcb,pcb-e1-dock-23,4945d69e3682,24,3,12,10,0,9,17.49,0,17,2,0,0,1,45.05
pcb-e1-dock-preroute.kicad_pcb,pcb-e1-dock-23,4945d69e3682,24,4,14,0,0,6,3.38,19.28,24,2,0,0,4,139.43
pcb-e1-dock-preroute.kicad_pcb,pcb-e1-dock-23,4945d69e3682,24,5,5,0,0,2,1.12,0,14,2,0,0,0,74.7
pcb-e1-dock-preroute.kicad_pcb,pcb-e1-dock-23,4945d69e3682,24,6,0,0,0,0,0,0,1,2,0,0,0,13.59
pcb-e1-dock-preroute.kicad_pcb,pcb-e1-dock-23,4945d69e3682,25,1,1,0,0,0,0,0,5,3,0,0,0,0
pcb-e1-dock-preroute.kicad_pcb,pcb-e1-dock-23,4945d69e3682,25,2,1,0,0,0,0,0,5,4,0,0,0,0
pcb-e1-dock-preroute.kicad_pcb,pcb-e1-dock-23,4945d69e3682,25,3,5,0,0,2,2.5,0,10,3,0,0,1,197.88
pcb-e1-dock-preroute.kicad_pcb,pcb-e1-dock-23,4945d69e3682,25,4,15,0,0,5,7.88,0,13,2,0,0,1,57.06
pcb-e1-dock-preroute.kicad_pcb,pcb-e1-dock-23,4945d69e3682,25,5,4,0,0,0,0,0,9,2,0,0,2,33.91
pcb-e1-dock-preroute.kicad_pcb,pcb-e1-dock-23,4945d69e3682,26,3,2,0,0,0,0,0,6,3,0,0,1,15.34
pcb-e1-dock-preroute.kicad_pcb,pcb-e1-dock-23,4945d69e3682,26,4,6,0,0,4,2.25,0,8,2,0,0,1,36.93
pcb-e1-dock-preroute.kicad_pcb,pcb-e1-dock-23,4945d69e3682,26,5,3,0,0,0,0,0,6,2,0,0,0,7.77
pcb-e1-dock-preroute.kicad_pcb,pcb-e1-dock-24,30f76ce51a82,0,0,3,0,0,0,0,0,6,2,0,0,0,64.75
pcb-e1-dock-preroute.kicad_pcb,pcb-e1-dock-24,30f76ce51a82,0,1,4,0,0,0,0,0,10,2,0,0,0,40.04
pcb-e1-dock-preroute.kicad_pcb,pcb-e1-dock-24,30f76ce51a82,0,2,3,0,0,1,1.9,0,11,2,0,0,1,11.77
pcb-e1-dock-preroute.kicad_pcb,pcb-e1-dock-24,30f76ce51a82,0,3,3,0,0,0,0,0,13,2,0,0,0,15.63
pcb-e1-dock-preroute.kicad_pcb,pcb-e1-dock-24,30f76ce51a82,0,4,8,6,0,5,15.12,0,14,2,0,0,0,15.88
pcb-e1-dock-preroute.kicad_pcb,pcb-e1-dock-24,30f76ce51a82,0,5,8,0,0,4,3.39,0,13,2,0,0,2,130.76
pcb-e1-dock-preroute.kicad_pcb,pcb-e1-dock-24,30f76ce51a82,0,6,1,0,0,0,0,0,2,2,0,0,0,0
pcb-e1-dock-preroute.kicad_pcb,pcb-e1-dock-24,30f76ce51a82,1,0,6,0,0,0,0,0,10,2,0,0,1,46.35
pcb-e1-dock-preroute.kicad_pcb,pcb-e1-dock-24,30f76ce51a82,1,1,7,0,0,0,0,0,14,2,0,0,0,54.49
pcb-e1-dock-preroute.kicad_pcb,pcb-e1-dock-24,30f76ce51a82,1,2,5,0,0,1,1.9,0,17,2,0,0,0,105.96
pcb-e1-dock-preroute.kicad_pcb,pcb-e1-dock-24,30f76ce51a82,1,3,5,0,0,0,0,0,17,2,0,0,1,51.68
pcb-e1-dock-preroute.kicad_pcb,pcb-e1-dock-24,30f76ce51a82,1,4,5,0,0,2,8.3,0,18,2,0,0,0,34.97
pcb-e1-dock-preroute.kicad_pcb,pcb-e1-dock-24,30f76ce51a82,1,5,8,0,0,6,3.65,0,18,2,0,0,1,41.14
pcb-e1-dock-preroute.kicad_pcb,pcb-e1-dock-24,30f76ce51a82,1,6,1,0,0,0,0,0,3,2,0,0,0,7.74
pcb-e1-dock-preroute.kicad_pcb,pcb-e1-dock-24,30f76ce51a82,2,0,0,0,0,0,0,0,10,2,0,0,2,178.54
pcb-e1-dock-preroute.kicad_pcb,pcb-e1-dock-24,30f76ce51a82,2,1,3,0,0,0,0,0,14,2,0,0,2,140.66
pcb-e1-dock-preroute.kicad_pcb,pcb-e1-dock-24,30f76ce51a82,2,2,5,0,0,2,2.77,0,17,2,0,0,4,103.92
pcb-e1-dock-preroute.kicad_pcb,pcb-e1-dock-24,30f76ce51a82,2,3,4,0,0,0,0,0,17,2,0,0,5,174.69
pcb-e1-dock-preroute.kicad_pcb,pcb-e1-dock-24,30f76ce51a82,2,4,5,0,0,1,4.3,0,18,2,0,0,2,86.68
pcb-e1-dock-preroute.kicad_pcb,pcb-e1-dock-24,30f76ce51a82,2,5,4,0,0,2,1.12,0,17,2,0,0,0,6.52
pcb-e1-dock-preroute.kicad_pcb,pcb-e1-dock-24,30f76ce51a82,2,6,2,0,0,0,0,0,3,2,0,0,0,4.81
pcb-e1-dock-preroute.kicad_pcb,pcb-e1-dock-24,30f76ce51a82,3,0,0,0,0,0,0,0,9,2,0,0,0,160.78
pcb-e1-dock-preroute.kicad_pcb,pcb-e1-dock-24,30f76ce51a82,3,2,2,0,0,0,0,0,13,3,0,0,0,0
pcb-e1-dock-preroute.kicad_pcb,pcb-e1-dock-24,30f76ce51a82,3,3,0,0,0,0,0,0,14,3,0,0,0,25.07
pcb-e1-dock-preroute.kicad_pcb,pcb-e1-dock-24,30f76ce51a82,3,4,0,0,0,0,0,0,15,2,0,0,0,40.26
pcb-e1-dock-preroute.kicad_pcb,pcb-e1-dock-24,30f76ce51a82,3,5,0,0,0,0,0,0,14,2,0,0,1,34.02
pcb-e1-dock-preroute.kicad_pcb,pcb-e1-dock-24,30f76ce51a82,3,6,2,0,0,0,0,0,2,2,0,0,0,5.8
pcb-e1-dock-preroute.kicad_pcb,pcb-e1-dock-24,30f76ce51a82,4,1,1,0,0,0,0,0,11,2,0,0,0,0
pcb-e1-dock-preroute.kicad_pcb,pcb-e1-dock-24,30f76ce51a82,4,3,1,0,0,0,0,0,14,3,0,0,0,35.22
pcb-e1-dock-preroute.kicad_pcb,pcb-e1-dock-24,30f76ce51a82,4,4,5,5,0,5,10.56,0,22,2,1,0,2,71.73
pcb-e1-dock-preroute.kicad_pcb,pcb-e1-dock-24,30f76ce51a82,4,5,8,0,0,0,0,0,21,2,0,0,5,57.5
pcb-e1-dock-preroute.kicad_pcb,pcb-e1-dock-24,30f76ce51a82,4,6,1,0,0,1,4.65,0,3,2,0,0,0,9.34
pcb-e1-dock-preroute.kicad_pcb,pcb-e1-dock-24,30f76ce51a82,5,2,0,0,0,0,0,0,11,2,0,0,0,22.74
pcb-e1-dock-preroute.kicad_pcb,pcb-e1-dock-24,30f76ce51a82,5,3,0,0,0,0,0,0,13,2,0,0,1,82.06
pcb-e1-dock-preroute.kicad_pcb,pcb-e1-dock-24,30f76ce51a82,5,4,6,5,0,6,12.86,0,24,2,0,0,0,109.88
pcb-e1-dock-preroute.kicad_pcb,pcb-e1-dock-24,30f76ce51a82,5,5,11,0,0,0,0,0,23,2,0,0,2,33.88
pcb-e1-dock-preroute.kicad_pcb,pcb-e1-dock-24,30f76ce51a82,5,6,1,0,0,1,4.65,0,2,2,0,0,0,0
pcb-e1-dock-preroute.kicad_pcb,pcb-e1-dock-24,30f76ce51a82,6,2,0,0,0,3,0,0,13,2,0,0,0,38.52
pcb-e1-dock-preroute.kicad_pcb,pcb-e1-dock-24,30f76ce51a82,6,3,6,0,0,1,14.67,0,17,2,0,0,1,20.4
pcb-e1-dock-preroute.kicad_pcb,pcb-e1-dock-24,30f76ce51a82,6,4,1,0,0,1,2.3,0,24,2,0,0,0,8.13
pcb-e1-dock-preroute.kicad_pcb,pcb-e1-dock-24,30f76ce51a82,6,5,8,0,0,2,4.0,0,22,2,1,0,2,79.7
pcb-e1-dock-preroute.kicad_pcb,pcb-e1-dock-24,30f76ce51a82,6,6,1,0,0,0,0,0,3,2,0,0,0,3.25
pcb-e1-dock-preroute.kicad_pcb,pcb-e1-dock-24,30f76ce51a82,7,2,0,0,0,3,0,0,14,2,0,0,1,187.35
pcb-e1-dock-preroute.kicad_pcb,pcb-e1-dock-24,30f76ce51a82,7,3,6,0,0,1,6.6,0,20,2,0,0,1,27.02
pcb-e1-dock-preroute.kicad_pcb,pcb-e1-dock-24,30f76ce51a82,7,4,8,0,0,6,6.84,0,28,2,0,0,2,27.54
pcb-e1-dock-preroute.kicad_pcb,pcb-e1-dock-24,30f76ce51a82,7,5,4,0,0,0,0,0,25,2,0,0,1,79.04
pcb-e1-dock-preroute.kicad_pcb,pcb-e1-dock-24,30f76ce51a82,7,6,1,0,0,0,0,0,6,2,0,0,0,3.25
pcb-e1-dock-preroute.kicad_pcb,pcb-e1-dock-24,30f76ce51a82,8,1,1,0,0,0,0,0,12,2,0,0,0,9.66
pcb-e1-dock-preroute.kicad_pcb,pcb-e1-dock-24,30f76ce51a82,8,3,1,0,0,0,0,0,20,2,0,0,2,39.61
pcb-e1-dock-preroute.kicad_pcb,pcb-e1-dock-24,30f76ce51a82,8,4,12,6,0,5,10.17,0,28,2,0,0,4,60.65
pcb-e1-dock-preroute.kicad_pcb,pcb-e1-dock-24,30f76ce51a82,8,5,3,0,0,0,0,0,26,2,0,0,2,24.95
pcb-e1-dock-preroute.kicad_pcb,pcb-e1-dock-24,30f76ce51a82,8,6,2,0,0,0,0,0,7,2,0,0,0,21.69
pcb-e1-dock-preroute.kicad_pcb,pcb-e1-dock-24,30f76ce51a82,9,0,0,0,0,0,0,0,7,2,0,0,0,98.08
pcb-e1-dock-preroute.kicad_pcb,pcb-e1-dock-24,30f76ce51a82,9,1,1,0,0,0,0,0,12,3,0,0,0,0
pcb-e1-dock-preroute.kicad_pcb,pcb-e1-dock-24,30f76ce51a82,9,2,0,0,0,0,0,0,14,3,0,0,0,13.34
pcb-e1-dock-preroute.kicad_pcb,pcb-e1-dock-24,30f76ce51a82,9,3,1,0,0,0,0,0,20,2,0,0,1,58.95
pcb-e1-dock-preroute.kicad_pcb,pcb-e1-dock-24,30f76ce51a82,9,4,1,0,0,3,0,0,28,2,0,0,1,67.27
pcb-e1-dock-preroute.kicad_pcb,pcb-e1-dock-24,30f76ce51a82,9,5,4,0,0,0,0,0,26,2,0,0,3,32.52
pcb-e1-dock-preroute.kicad_pcb,pcb-e1-dock-24,30f76ce51a82,9,6,2,0,0,0,0,0,7,2,0,0,0,14.41
pcb-e1-dock-preroute.kicad_pcb,pcb-e1-dock-24,30f76ce51a82,10,4,3,0,0,1,2.9,0,26,2,0,0,0,46.09
pcb-e1-dock-preroute.kicad_pcb,pcb-e1-dock-24,30f76ce51a82,10,5,6,0,0,2,2.25,0,24,2,1,0,1,114.47
pcb-e1-dock-preroute.kicad_pcb,pcb-e1-dock-24,30f76ce51a82,10,6,2,0,0,0,0,0,6,2,0,0,0,16.84
pcb-e1-dock-preroute.kicad_pcb,pcb-e1-dock-24,30f76ce51a82,11,1,1,0,0,0,0,0,12,4,0,0,0,0
pcb-e1-dock-preroute.kicad_pcb,pcb-e1-dock-24,30f76ce51a82,11,2,0,0,0,0,0,0,14,4,0,0,1,0
pcb-e1-dock-preroute.kicad_pcb,pcb-e1-dock-24,30f76ce51a82,11,3,1,0,0,0,0,0,20,2,0,0,0,98.84
pcb-e1-dock-preroute.kicad_pcb,pcb-e1-dock-24,30f76ce51a82,11,4,2,0,0,1,2.9,0,23,2,0,0,0,54.29
pcb-e1-dock-preroute.kicad_pcb,pcb-e1-dock-24,30f76ce51a82,11,5,5,0,0,3,6.53,0,21,2,0,0,1,15.85
pcb-e1-dock-preroute.kicad_pcb,pcb-e1-dock-24,30f76ce51a82,11,6,0,0,0,0,0,0,5,2,0,0,1,160.29
pcb-e1-dock-preroute.kicad_pcb,pcb-e1-dock-24,30f76ce51a82,12,1,1,0,0,0,0,0,12,3,0,0,0,0
pcb-e1-dock-preroute.kicad_pcb,pcb-e1-dock-24,30f76ce51a82,12,3,1,0,0,0,0,0,21,2,0,0,0,304.04
pcb-e1-dock-preroute.kicad_pcb,pcb-e1-dock-24,30f76ce51a82,12,4,2,0,0,2,4.7,0,23,2,0,0,0,99.3
pcb-e1-dock-preroute.kicad_pcb,pcb-e1-dock-24,30f76ce51a82,12,5,2,0,0,3,3.1,0,20,2,0,0,1,65.55
pcb-e1-dock-preroute.kicad_pcb,pcb-e1-dock-24,30f76ce51a82,12,6,2,0,0,0,0,0,6,2,0,0,0,12.85
pcb-e1-dock-preroute.kicad_pcb,pcb-e1-dock-24,30f76ce51a82,13,1,1,0,0,0,0,0,12,4,0,0,0,0
pcb-e1-dock-preroute.kicad_pcb,pcb-e1-dock-24,30f76ce51a82,13,3,2,0,0,1,2.4,0,21,2,0,0,0,0.27
pcb-e1-dock-preroute.kicad_pcb,pcb-e1-dock-24,30f76ce51a82,13,4,4,0,0,4,7.8,0,23,2,0,0,1,72.56
pcb-e1-dock-preroute.kicad_pcb,pcb-e1-dock-24,30f76ce51a82,13,5,1,0,0,1,1.4,0,20,2,0,0,0,8.71
pcb-e1-dock-preroute.kicad_pcb,pcb-e1-dock-24,30f76ce51a82,13,6,2,0,0,0,0,0,6,2,0,0,0,4.43
pcb-e1-dock-preroute.kicad_pcb,pcb-e1-dock-24,30f76ce51a82,14,1,0,0,0,0,0,0,12,4,0,0,1,84.63
pcb-e1-dock-preroute.kicad_pcb,pcb-e1-dock-24,30f76ce51a82,14,3,1,0,0,3,2.4,0,21,2,0,0,0,32.3
pcb-e1-dock-preroute.kicad_pcb,pcb-e1-dock-24,30f76ce51a82,14,4,6,0,0,8,7.4,0,26,2,0,0,0,32.7
pcb-e1-dock-preroute.kicad_pcb,pcb-e1-dock-24,30f76ce51a82,14,5,3,0,0,0,0,0,23,2,0,0,1,15.93
pcb-e1-dock-preroute.kicad_pcb,pcb-e1-dock-24,30f76ce51a82,14,6,2,0,0,0,0,0,5,2,0,0,0,3.4
pcb-e1-dock-preroute.kicad_pcb,pcb-e1-dock-24,30f76ce51a82,15,1,1,0,0,0,0,0,12,3,0,0,0,0
pcb-e1-dock-preroute.kicad_pcb,pcb-e1-dock-24,30f76ce51a82,15,3,9,0,0,5,4.69,0,22,2,0,0,2,14.65
pcb-e1-dock-preroute.kicad_pcb,pcb-e1-dock-24,30f76ce51a82,15,4,16,0,0,8,2.15,0,31,2,0,0,6,57.36
pcb-e1-dock-preroute.kicad_pcb,pcb-e1-dock-24,30f76ce51a82,15,5,6,0,0,0,0,0,27,2,0,0,3,127.72
pcb-e1-dock-preroute.kicad_pcb,pcb-e1-dock-24,30f76ce51a82,16,1,1,0,0,0,0,0,12,3,0,0,0,17.91
pcb-e1-dock-preroute.kicad_pcb,pcb-e1-dock-24,30f76ce51a82,16,3,11,0,0,5,3.58,0,24,2,0,0,4,7.64
pcb-e1-dock-preroute.kicad_pcb,pcb-e1-dock-24,30f76ce51a82,16,4,18,0,0,8,7.56,0,35,2,0,0,4,79.69
pcb-e1-dock-preroute.kicad_pcb,pcb-e1-dock-24,30f76ce51a82,16,5,4,0,0,0,0,0,29,2,0,0,1,84.2
pcb-e1-dock-preroute.kicad_pcb,pcb-e1-dock-24,30f76ce51a82,17,3,0,0,0,0,0,0,27,2,0,0,0,32.61
pcb-e1-dock-preroute.kicad_pcb,pcb-e1-dock-24,30f76ce51a82,17,4,12,12,0,11,21.59,0,43,2,0,0,5,86.34
pcb-e1-dock-preroute.kicad_pcb,pcb-e1-dock-24,30f76ce51a82,17,5,3,0,0,1,0,0,29,2,0,0,3,55.79
pcb-e1-dock-preroute.kicad_pcb,pcb-e1-dock-24,30f76ce51a82,18,0,0,0,0,1,0,0,7,2,0,0,2,233.88
pcb-e1-dock-preroute.kicad_pcb,pcb-e1-dock-24,30f76ce51a82,18,1,2,0,0,0,0,0,12,3,0,0,1,45.45
pcb-e1-dock-preroute.kicad_pcb,pcb-e1-dock-24,30f76ce51a82,18,2,0,0,0,1,0,0,14,3,0,0,1,191.87
pcb-e1-dock-preroute.kicad_pcb,pcb-e1-dock-24,30f76ce51a82,18,3,2,0,0,0,0,0,27,2,1,0,2,27.12
pcb-e1-dock-preroute.kicad_pcb,pcb-e1-dock-24,30f76ce51a82,18,4,35,33,1,15,32.8,0,42,2,0,0,7,95.14
pcb-e1-dock-preroute.kicad_pcb,pcb-e1-dock-24,30f76ce51a82,18,5,1,0,0,6,6.84,0,27,2,0,0,5,119.56
pcb-e1-dock-preroute.kicad_pcb,pcb-e1-dock-24,30f76ce51a82,19,0,18,14,0,11,23.93,0,9,2,0,0,1,51.37
pcb-e1-dock-preroute.kicad_pcb,pcb-e1-dock-24,30f76ce51a82,19,1,15,0,0,5,5.41,0,14,2,0,0,2,66.08
pcb-e1-dock-preroute.kicad_pcb,pcb-e1-dock-24,30f76ce51a82,19,2,6,0,0,2,3.38,0,16,2,0,0,2,159.99
pcb-e1-dock-preroute.kicad_pcb,pcb-e1-dock-24,30f76ce51a82,19,3,8,0,0,4,4.92,0,29,2,0,0,0,64.69
pcb-e1-dock-preroute.kicad_pcb,pcb-e1-dock-24,30f76ce51a82,19,4,15,0,0,7,7.88,0,37,2,0,0,3,115.12
pcb-e1-dock-preroute.kicad_pcb,pcb-e1-dock-24,30f76ce51a82,19,5,0,0,0,0,0,0,24,2,0,0,1,32.8
pcb-e1-dock-preroute.kicad_pcb,pcb-e1-dock-24,30f76ce51a82,20,1,1,0,0,0,0,0,12,3,0,0,0,0
pcb-e1-dock-preroute.kicad_pcb,pcb-e1-dock-24,30f76ce51a82,20,3,4,0,0,3,5.82,0,23,2,0,0,1,321.38
pcb-e1-dock-preroute.kicad_pcb,pcb-e1-dock-24,30f76ce51a82,20,4,6,0,0,5,7.05,0,26,2,0,0,2,63.18
pcb-e1-dock-preroute.kicad_pcb,pcb-e1-dock-24,30f76ce51a82,20,5,2,0,0,1,2.65,0,22,2,0,0,0,39.37
pcb-e1-dock-preroute.kicad_pcb,pcb-e1-dock-24,30f76ce51a82,20,6,2,0,0,2,3.1,0,5,2,0,0,0,10.15
pcb-e1-dock-preroute.kicad_pcb,pcb-e1-dock-24,30f76ce51a82,21,2,0,0,0,0,0,0,15,4,0,0,1,0.21
pcb-e1-dock-preroute.kicad_pcb,pcb-e1-dock-24,30f76ce51a82,21,3,9,3,0,6,5.09,0,24,2,0,0,3,218.05
pcb-e1-dock-preroute.kicad_pcb,pcb-e1-dock-24,30f76ce51a82,21,4,5,0,0,3,2.65,0,26,2,0,0,3,31.6
pcb-e1-dock-preroute.kicad_pcb,pcb-e1-dock-24,30f76ce51a82,21,5,2,0,0,2,4.2,0,22,2,0,0,0,3.29
pcb-e1-dock-preroute.kicad_pcb,pcb-e1-dock-24,30f76ce51a82,21,6,4,0,0,2,2.52,0,6,2,0,0,2,25.32
pcb-e1-dock-preroute.kicad_pcb,pcb-e1-dock-24,30f76ce51a82,22,1,1,0,0,0,0,0,12,3,0,0,0,0
pcb-e1-dock-preroute.kicad_pcb,pcb-e1-dock-24,30f76ce51a82,22,3,4,3,0,3,5.09,0,23,2,0,0,2,221.22
pcb-e1-dock-preroute.kicad_pcb,pcb-e1-dock-24,30f76ce51a82,22,4,0,0,0,0,0,0,25,2,0,0,5,127.75
pcb-e1-dock-preroute.kicad_pcb,pcb-e1-dock-24,30f76ce51a82,22,5,1,0,0,1,1.55,0,21,2,0,0,0,27.68
pcb-e1-dock-preroute.kicad_pcb,pcb-e1-dock-24,30f76ce51a82,22,6,2,0,0,1,2.52,0,5,2,0,0,0,6.66
pcb-e1-dock-preroute.kicad_pcb,pcb-e1-dock-24,30f76ce51a82,23,1,1,0,0,0,0,0,12,3,0,0,0,0
pcb-e1-dock-preroute.kicad_pcb,pcb-e1-dock-24,30f76ce51a82,23,2,0,0,0,0,0,0,14,3,0,0,1,8.37
pcb-e1-dock-preroute.kicad_pcb,pcb-e1-dock-24,30f76ce51a82,23,3,1,0,0,0,0,0,29,2,0,0,1,36.97
pcb-e1-dock-preroute.kicad_pcb,pcb-e1-dock-24,30f76ce51a82,23,4,37,37,0,28,28.82,0,37,2,0,0,6,146.57
pcb-e1-dock-preroute.kicad_pcb,pcb-e1-dock-24,30f76ce51a82,23,5,24,24,0,18,20.71,0,25,2,1,0,1,128.37
pcb-e1-dock-preroute.kicad_pcb,pcb-e1-dock-24,30f76ce51a82,23,6,1,0,0,1,0,0,3,2,0,0,0,0
pcb-e1-dock-preroute.kicad_pcb,pcb-e1-dock-24,30f76ce51a82,24,2,0,0,0,0,0,0,6,4,0,0,1,11.76
pcb-e1-dock-preroute.kicad_pcb,pcb-e1-dock-24,30f76ce51a82,24,3,12,10,0,9,17.49,0,17,2,0,0,2,142.26
pcb-e1-dock-preroute.kicad_pcb,pcb-e1-dock-24,30f76ce51a82,24,4,13,0,0,6,3.38,20.62,24,2,0,0,6,166.05
pcb-e1-dock-preroute.kicad_pcb,pcb-e1-dock-24,30f76ce51a82,24,5,5,0,0,1,1.12,0,14,2,0,0,2,46.68
pcb-e1-dock-preroute.kicad_pcb,pcb-e1-dock-24,30f76ce51a82,25,1,1,0,0,0,0,0,5,3,0,0,0,0
pcb-e1-dock-preroute.kicad_pcb,pcb-e1-dock-24,30f76ce51a82,25,2,1,0,0,0,0,0,5,4,0,0,0,19.92
pcb-e1-dock-preroute.kicad_pcb,pcb-e1-dock-24,30f76ce51a82,25,3,5,0,0,2,2.5,0,10,3,0,0,2,26.02
pcb-e1-dock-preroute.kicad_pcb,pcb-e1-dock-24,30f76ce51a82,25,4,16,0,0,5,7.88,0,13,2,0,0,2,41.42
pcb-e1-dock-preroute.kicad_pcb,pcb-e1-dock-24,30f76ce51a82,25,5,5,0,0,1,0,0,9,2,0,0,1,50.76
pcb-e1-dock-preroute.kicad_pcb,pcb-e1-dock-24,30f76ce51a82,26,3,2,0,0,0,0,0,6,3,0,0,1,43.65
pcb-e1-dock-preroute.kicad_pcb,pcb-e1-dock-24,30f76ce51a82,26,4,6,0,0,3,2.25,0,8,2,0,0,0,37.28
pcb-e1-dock-preroute.kicad_pcb,pcb-e1-dock-24,30f76ce51a82,26,5,2,0,0,0,0,0,6,2,0,0,1,12.39
pcb-e1-dock-preroute.kicad_pcb,pcb-e1-dock-25,2a52d52b2318,0,0,3,0,0,0,0,0,6,2,0,0,0,5.91
pcb-e1-dock-preroute.kicad_pcb,pcb-e1-dock-25,2a52d52b2318,0,1,4,0,0,0,0,0,10,2,0,0,0,33.16
pcb-e1-dock-preroute.kicad_pcb,pcb-e1-dock-25,2a52d52b2318,0,2,3,0,0,1,1.9,0,11,2,0,0,0,15.4
pcb-e1-dock-preroute.kicad_pcb,pcb-e1-dock-25,2a52d52b2318,0,3,3,0,0,0,0,0,13,2,0,0,0,70.4
pcb-e1-dock-preroute.kicad_pcb,pcb-e1-dock-25,2a52d52b2318,0,4,8,6,0,5,13.12,0,14,2,0,0,1,21.7
pcb-e1-dock-preroute.kicad_pcb,pcb-e1-dock-25,2a52d52b2318,0,5,9,0,0,3,3.39,0,14,2,0,0,0,105.18
pcb-e1-dock-preroute.kicad_pcb,pcb-e1-dock-25,2a52d52b2318,0,6,1,0,0,0,0,0,2,2,0,0,0,0
pcb-e1-dock-preroute.kicad_pcb,pcb-e1-dock-25,2a52d52b2318,1,0,6,0,0,0,0,0,10,2,1,0,0,22.83
pcb-e1-dock-preroute.kicad_pcb,pcb-e1-dock-25,2a52d52b2318,1,1,7,0,0,0,0,0,14,2,0,0,1,40.84
pcb-e1-dock-preroute.kicad_pcb,pcb-e1-dock-25,2a52d52b2318,1,2,5,0,0,1,1.9,0,17,2,0,0,0,45.25
pcb-e1-dock-preroute.kicad_pcb,pcb-e1-dock-25,2a52d52b2318,1,3,5,0,0,0,0,0,17,2,0,0,4,118.87
pcb-e1-dock-preroute.kicad_pcb,pcb-e1-dock-25,2a52d52b2318,1,4,5,0,0,2,10.3,0,18,2,0,0,0,24.01
pcb-e1-dock-preroute.kicad_pcb,pcb-e1-dock-25,2a52d52b2318,1,5,7,0,0,7,3.65,0,18,2,0,0,3,66.87
pcb-e1-dock-preroute.kicad_pcb,pcb-e1-dock-25,2a52d52b2318,1,6,1,0,0,0,0,0,3,2,0,0,0,7.74
pcb-e1-dock-preroute.kicad_pcb,pcb-e1-dock-25,2a52d52b2318,2,0,0,0,0,0,0,0,10,2,0,0,0,168.53
pcb-e1-dock-preroute.kicad_pcb,pcb-e1-dock-25,2a52d52b2318,2,1,3,0,0,0,0,0,14,2,0,0,2,145.6
pcb-e1-dock-preroute.kicad_pcb,pcb-e1-dock-25,2a52d52b2318,2,2,5,0,0,1,1.39,0,17,2,0,0,5,145.65
pcb-e1-dock-preroute.kicad_pcb,pcb-e1-dock-25,2a52d52b2318,2,3,5,0,0,1,1.39,0,17,2,0,0,3,52.99
pcb-e1-dock-preroute.kicad_pcb,pcb-e1-dock-25,2a52d52b2318,2,4,5,0,0,1,4.3,0,18,2,0,0,0,30.19
pcb-e1-dock-preroute.kicad_pcb,pcb-e1-dock-25,2a52d52b2318,2,5,4,0,0,2,1.12,0,17,2,0,0,1,9.02
pcb-e1-dock-preroute.kicad_pcb,pcb-e1-dock-25,2a52d52b2318,2,6,2,0,0,0,0,0,3,2,0,0,0,4.81
pcb-e1-dock-preroute.kicad_pcb,pcb-e1-dock-25,2a52d52b2318,3,1,0,0,0,0,0,0,11,2,0,0,0,5.26
pcb-e1-dock-preroute.kicad_pcb,pcb-e1-dock-25,2a52d52b2318,3,2,1,0,0,0,0,0,12,3,0,0,0,3.75
pcb-e1-dock-preroute.kicad_pcb,pcb-e1-dock-25,2a52d52b2318,3,3,0,0,0,0,0,0,14,3,0,0,1,6.47
pcb-e1-dock-preroute.kicad_pcb,pcb-e1-dock-25,2a52d52b2318,3,4,0,0,0,0,0,0,15,2,0,0,0,21.13
pcb-e1-dock-preroute.kicad_pcb,pcb-e1-dock-25,2a52d52b2318,3,5,0,0,0,0,0,0,14,2,0,0,1,25.53
pcb-e1-dock-preroute.kicad_pcb,pcb-e1-dock-25,2a52d52b2318,3,6,2,0,0,0,0,0,2,2,0,0,0,26.06
pcb-e1-dock-preroute.kicad_pcb,pcb-e1-dock-25,2a52d52b2318,4,1,1,0,0,0,0,0,11,2,0,0,0,0
pcb-e1-dock-preroute.kicad_pcb,pcb-e1-dock-25,2a52d52b2318,4,3,1,0,0,0,0,0,14,3,0,0,0,41.83
pcb-e1-dock-preroute.kicad_pcb,pcb-e1-dock-25,2a52d52b2318,4,4,5,5,0,5,10.56,0,22,2,0,0,2,90.65
pcb-e1-dock-preroute.kicad_pcb,pcb-e1-dock-25,2a52d52b2318,4,5,9,0,0,0,0,0,21,2,0,0,4,51.31
pcb-e1-dock-preroute.kicad_pcb,pcb-e1-dock-25,2a52d52b2318,4,6,1,0,0,1,4.65,0,3,2,0,0,0,9.34
pcb-e1-dock-preroute.kicad_pcb,pcb-e1-dock-25,2a52d52b2318,5,4,6,5,0,6,12.86,0,24,2,0,0,1,105.66
pcb-e1-dock-preroute.kicad_pcb,pcb-e1-dock-25,2a52d52b2318,5,5,10,0,0,0,0,0,23,2,0,0,4,48.16
pcb-e1-dock-preroute.kicad_pcb,pcb-e1-dock-25,2a52d52b2318,5,6,1,0,0,1,4.65,0,2,2,0,0,0,0
pcb-e1-dock-preroute.kicad_pcb,pcb-e1-dock-25,2a52d52b2318,6,2,0,0,0,3,0,0,13,2,0,0,0,62.88
pcb-e1-dock-preroute.kicad_pcb,pcb-e1-dock-25,2a52d52b2318,6,3,6,0,0,1,14.67,0,17,2,0,0,2,19.26
pcb-e1-dock-preroute.kicad_pcb,pcb-e1-dock-25,2a52d52b2318,6,4,1,0,0,1,2.3,0,24,2,0,0,0,45.86
pcb-e1-dock-preroute.kicad_pcb,pcb-e1-dock-25,2a52d52b2318,6,5,8,0,0,2,4.0,0,22,2,0,0,1,73.37
pcb-e1-dock-preroute.kicad_pcb,pcb-e1-dock-25,2a52d52b2318,6,6,1,0,0,0,0,0,3,2,0,0,0,15.2
pcb-e1-dock-preroute.kicad_pcb,pcb-e1-dock-25,2a52d52b2318,7,2,0,0,0,3,0,0,14,2,0,0,0,169.92
pcb-e1-dock-preroute.kicad_pcb,pcb-e1-dock-25,2a52d52b2318,7,3,6,0,0,1,6.6,0,20,2,0,0,2,78.31
pcb-e1-dock-preroute.kicad_pcb,pcb-e1-dock-25,2a52d52b2318,7,4,7,0,0,6,6.84,0,28,2,0,0,2,45.77
pcb-e1-dock-preroute.kicad_pcb,pcb-e1-dock-25,2a52d52b2318,7,5,4,0,0,0,0,0,25,2,0,0,1,110.95
pcb-e1-dock-preroute.kicad_pcb,pcb-e1-dock-25,2a52d52b2318,7,6,1,0,0,0,0,0,6,2,0,0,0,116.06
pcb-e1-dock-preroute.kicad_pcb,pcb-e1-dock-25,2a52d52b2318,8,1,1,0,0,0,0,0,11,2,0,0,0,0
pcb-e1-dock-preroute.kicad_pcb,pcb-e1-dock-25,2a52d52b2318,8,2,0,0,0,0,0,0,14,2,0,0,0,10.25
pcb-e1-dock-preroute.kicad_pcb,pcb-e1-dock-25,2a52d52b2318,8,3,1,0,0,0,0,0,20,2,0,0,2,230.81
pcb-e1-dock-preroute.kicad_pcb,pcb-e1-dock-25,2a52d52b2318,8,4,13,6,0,5,10.17,0,28,2,1,0,2,57.25
pcb-e1-dock-preroute.kicad_pcb,pcb-e1-dock-25,2a52d52b2318,8,5,3,0,0,0,0,0,26,2,0,0,3,66.9
pcb-e1-dock-preroute.kicad_pcb,pcb-e1-dock-25,2a52d52b2318,8,6,2,0,0,0,0,0,7,2,0,0,0,20.42
pcb-e1-dock-preroute.kicad_pcb,pcb-e1-dock-25,2a52d52b2318,9,1,1,0,0,0,0,0,11,3,0,0,0,0
pcb-e1-dock-preroute.kicad_pcb,pcb-e1-dock-25,2a52d52b2318,9,3,1,0,0,0,0,0,20,2,0,0,0,18.04
pcb-e1-dock-preroute.kicad_pcb,pcb-e1-dock-25,2a52d52b2318,9,4,1,0,0,3,0,0,28,2,0,0,1,37.94
pcb-e1-dock-preroute.kicad_pcb,pcb-e1-dock-25,2a52d52b2318,9,5,4,0,0,0,0,0,26,2,0,0,0,32.93
pcb-e1-dock-preroute.kicad_pcb,pcb-e1-dock-25,2a52d52b2318,9,6,2,0,0,0,0,0,7,2,0,0,0,5.9
pcb-e1-dock-preroute.kicad_pcb,pcb-e1-dock-25,2a52d52b2318,10,4,3,0,0,1,2.9,0,26,2,0,0,0,118.84
pcb-e1-dock-preroute.kicad_pcb,pcb-e1-dock-25,2a52d52b2318,10,5,6,0,0,3,2.25,0,24,2,0,0,2,29.27
pcb-e1-dock-preroute.kicad_pcb,pcb-e1-dock-25,2a52d52b2318,10,6,2,0,0,0,0,0,6,2,0,0,0,20.16
pcb-e1-dock-preroute.kicad_pcb,pcb-e1-dock-25,2a52d52b2318,11,1,1,0,0,0,0,0,11,4,0,0,0,0
pcb-e1-dock-preroute.kicad_pcb,pcb-e1-dock-25,2a52d52b2318,11,3,1,0,0,0,0,0,20,2,0,0,0,0
pcb-e1-dock-preroute.kicad_pcb,pcb-e1-dock-25,2a52d52b2318,11,4,2,0,0,1,2.9,0,23,2,0,0,0,36.35
pcb-e1-dock-preroute.kicad_pcb,pcb-e1-dock-25,2a52d52b2318,11,5,5,0,0,2,6.53,0,21,2,0,0,0,27.36
pcb-e1-dock-preroute.kicad_pcb,pcb-e1-dock-25,2a52d52b2318,11,6,0,0,0,0,0,0,5,2,0,0,1,0
pcb-e1-dock-preroute.kicad_pcb,pcb-e1-dock-25,2a52d52b2318,12,1,1,0,0,0,0,0,11,3,0,0,0,0
pcb-e1-dock-preroute.kicad_pcb,pcb-e1-dock-25,2a52d52b2318,12,3,1,0,0,0,0,0,21,2,0,0,0,0
pcb-e1-dock-preroute.kicad_pcb,pcb-e1-dock-25,2a52d52b2318,12,4,2,0,0,2,4.7,0,23,2,0,0,0,14.6
pcb-e1-dock-preroute.kicad_pcb,pcb-e1-dock-25,2a52d52b2318,12,5,2,0,0,3,3.1,0,20,2,0,0,0,12.26
pcb-e1-dock-preroute.kicad_pcb,pcb-e1-dock-25,2a52d52b2318,12,6,2,0,0,0,0,0,6,2,0,0,0,12.84
pcb-e1-dock-preroute.kicad_pcb,pcb-e1-dock-25,2a52d52b2318,13,1,1,0,0,0,0,0,11,4,0,0,0,60.89
pcb-e1-dock-preroute.kicad_pcb,pcb-e1-dock-25,2a52d52b2318,13,2,0,0,0,0,0,0,14,4,0,0,0,100.32
pcb-e1-dock-preroute.kicad_pcb,pcb-e1-dock-25,2a52d52b2318,13,3,1,0,0,1,0,0,21,2,0,0,1,351.79
pcb-e1-dock-preroute.kicad_pcb,pcb-e1-dock-25,2a52d52b2318,13,4,5,0,0,4,10.2,0,23,2,0,0,0,8.76
pcb-e1-dock-preroute.kicad_pcb,pcb-e1-dock-25,2a52d52b2318,13,5,1,0,0,1,1.4,0,20,2,0,0,0,6.7
pcb-e1-dock-preroute.kicad_pcb,pcb-e1-dock-25,2a52d52b2318,13,6,2,0,0,0,0,0,6,2,0,0,0,4.45
pcb-e1-dock-preroute.kicad_pcb,pcb-e1-dock-25,2a52d52b2318,14,3,2,0,0,2,2.15,0,22,2,0,0,0,0.0
pcb-e1-dock-preroute.kicad_pcb,pcb-e1-dock-25,2a52d52b2318,14,4,9,0,0,9,14.49,0,28,2,0,0,0,11.73
pcb-e1-dock-preroute.kicad_pcb,pcb-e1-dock-25,2a52d52b2318,14,5,3,0,0,0,0,0,24,2,0,0,0,21.71
pcb-e1-dock-preroute.kicad_pcb,pcb-e1-dock-25,2a52d52b2318,14,6,2,0,0,0,0,0,5,2,0,0,0,3.4
pcb-e1-dock-preroute.kicad_pcb,pcb-e1-dock-25,2a52d52b2318,15,1,1,0,0,0,0,0,11,3,0,0,0,0
pcb-e1-dock-preroute.kicad_pcb,pcb-e1-dock-25,2a52d52b2318,15,3,7,0,0,3,0,0,23,2,0,0,2,11.76
pcb-e1-dock-preroute.kicad_pcb,pcb-e1-dock-25,2a52d52b2318,15,4,14,0,0,12,0,0,31,2,0,0,6,51.34
pcb-e1-dock-preroute.kicad_pcb,pcb-e1-dock-25,2a52d52b2318,15,5,6,0,0,0,0,0,27,2,0,0,4,109.7
pcb-e1-dock-preroute.kicad_pcb,pcb-e1-dock-25,2a52d52b2318,16,1,1,0,0,0,0,0,11,3,0,0,0,0
pcb-e1-dock-preroute.kicad_pcb,pcb-e1-dock-25,2a52d52b2318,16,3,9,0,0,3,2.15,0,25,2,0,0,2,29.17
pcb-e1-dock-preroute.kicad_pcb,pcb-e1-dock-25,2a52d52b2318,16,4,20,0,0,8,8.99,0,35,2,0,0,7,49.32
pcb-e1-dock-preroute.kicad_pcb,pcb-e1-dock-25,2a52d52b2318,16,5,4,0,0,0,0,0,29,2,0,0,3,57.38
pcb-e1-dock-preroute.kicad_pcb,pcb-e1-dock-25,2a52d52b2318,17,3,0,0,0,0,0,0,28,2,0,0,0,44.43
pcb-e1-dock-preroute.kicad_pcb,pcb-e1-dock-25,2a52d52b2318,17,4,12,12,0,11,21.59,0,43,2,0,0,6,121.7
pcb-e1-dock-preroute.kicad_pcb,pcb-e1-dock-25,2a52d52b2318,17,5,3,0,0,1,0,0,29,2,0,0,4,110.26
pcb-e1-dock-preroute.kicad_pcb,pcb-e1-dock-25,2a52d52b2318,18,0,0,0,0,1,0,0,7,2,0,0,1,186.62
pcb-e1-dock-preroute.kicad_pcb,pcb-e1-dock-25,2a52d52b2318,18,1,1,0,0,0,0,0,11,3,0,0,2,314.72
pcb-e1-dock-preroute.kicad_pcb,pcb-e1-dock-25,2a52d52b2318,18,2,0,0,0,1,0,0,14,3,0,0,1,220.42
pcb-e1-dock-preroute.kicad_pcb,pcb-e1-dock-25,2a52d52b2318,18,3,3,0,0,0,0,0,28,2,0,0,3,68.76
pcb-e1-dock-preroute.kicad_pcb,pcb-e1-dock-25,2a52d52b2318,18,4,36,33,1,15,32.8,0,42,2,0,11,7,152.61
pcb-e1-dock-preroute.kicad_pcb,pcb-e1-dock-25,2a52d52b2318,18,5,0,0,0,6,6.84,0,27,2,0,0,0,32.33
pcb-e1-dock-preroute.kicad_pcb,pcb-e1-dock-25,2a52d52b2318,18,6,0,0,0,0,0,0,6,2,0,0,0,24.77
pcb-e1-dock-preroute.kicad_pcb,pcb-e1-dock-25,2a52d52b2318,19,0,18,14,0,11,23.93,0,9,2,0,0,1,67.72
pcb-e1-dock-preroute.kicad_pcb,pcb-e1-dock-25,2a52d52b2318,19,1,14,0,0,4,4.29,0,13,2,0,0,2,254.29
pcb-e1-dock-preroute.kicad_pcb,pcb-e1-dock-25,2a52d52b2318,19,2,8,0,0,3,4.5,0,16,2,0,0,0,39.4
pcb-e1-dock-preroute.kicad_pcb,pcb-e1-dock-25,2a52d52b2318,19,3,6,0,0,4,4.92,0,29,2,0,0,2,316.6
pcb-e1-dock-preroute.kicad_pcb,pcb-e1-dock-25,2a52d52b2318,19,4,16,0,0,7,10.12,0,36,2,0,0,3,101.54
pcb-e1-dock-preroute.kicad_pcb,pcb-e1-dock-25,2a52d52b2318,19,5,1,0,0,0,0,0,24,2,1,0,1,7.74
pcb-e1-dock-preroute.kicad_pcb,pcb-e1-dock-25,2a52d52b2318,20,1,1,0,0,0,0,0,11,3,0,0,2,116.66
pcb-e1-dock-preroute.kicad_pcb,pcb-e1-dock-25,2a52d52b2318,20,2,0,0,0,0,0,0,15,3,0,0,1,57.02
pcb-e1-dock-preroute.kicad_pcb,pcb-e1-dock-25,2a52d52b2318,20,3,5,0,0,3,5.81,0,24,2,0,0,0,17.49
pcb-e1-dock-preroute.kicad_pcb,pcb-e1-dock-25,2a52d52b2318,20,4,4,0,0,5,4.8,0,27,2,0,0,4,65.34
pcb-e1-dock-preroute.kicad_pcb,pcb-e1-dock-25,2a52d52b2318,20,5,2,0,0,1,2.65,0,22,2,0,0,0,78.58
pcb-e1-dock-preroute.kicad_pcb,pcb-e1-dock-25,2a52d52b2318,20,6,2,0,0,2,3.1,0,5,2,0,0,0,9.7
pcb-e1-dock-preroute.kicad_pcb,pcb-e1-dock-25,2a52d52b2318,21,2,0,0,0,0,0,0,15,4,0,0,1,40.66
pcb-e1-dock-preroute.kicad_pcb,pcb-e1-dock-25,2a52d52b2318,21,3,9,3,0,6,5.09,0,24,2,0,0,4,157.63
pcb-e1-dock-preroute.kicad_pcb,pcb-e1-dock-25,2a52d52b2318,21,4,5,0,0,3,2.65,0,26,2,0,0,5,98.22
pcb-e1-dock-preroute.kicad_pcb,pcb-e1-dock-25,2a52d52b2318,21,5,2,0,0,2,4.2,0,22,2,0,0,0,4.88
pcb-e1-dock-preroute.kicad_pcb,pcb-e1-dock-25,2a52d52b2318,21,6,3,0,0,2,2.52,0,6,2,0,0,2,25.38
pcb-e1-dock-preroute.kicad_pcb,pcb-e1-dock-25,2a52d52b2318,22,1,1,0,0,0,0,0,11,3,0,0,0,0
pcb-e1-dock-preroute.kicad_pcb,pcb-e1-dock-25,2a52d52b2318,22,2,0,0,0,0,0,0,15,3,0,0,0,8.26
pcb-e1-dock-preroute.kicad_pcb,pcb-e1-dock-25,2a52d52b2318,22,3,4,3,0,3,5.09,0,23,2,0,0,2,209.12
pcb-e1-dock-preroute.kicad_pcb,pcb-e1-dock-25,2a52d52b2318,22,4,0,0,0,0,0,0,25,2,0,0,3,102.54
pcb-e1-dock-preroute.kicad_pcb,pcb-e1-dock-25,2a52d52b2318,22,5,1,0,0,1,1.55,0,21,2,0,0,5,63.06
pcb-e1-dock-preroute.kicad_pcb,pcb-e1-dock-25,2a52d52b2318,22,6,3,0,0,1,2.52,0,5,2,0,0,0,6.01
pcb-e1-dock-preroute.kicad_pcb,pcb-e1-dock-25,2a52d52b2318,23,1,1,0,0,0,0,0,11,3,0,0,0,0
pcb-e1-dock-preroute.kicad_pcb,pcb-e1-dock-25,2a52d52b2318,23,2,0,0,0,0,0,0,14,3,0,0,1,39.74
pcb-e1-dock-preroute.kicad_pcb,pcb-e1-dock-25,2a52d52b2318,23,3,1,0,0,0,0,0,29,2,0,0,1,16.82
pcb-e1-dock-preroute.kicad_pcb,pcb-e1-dock-25,2a52d52b2318,23,4,37,37,0,28,28.82,0,37,2,0,0,8,161.07
pcb-e1-dock-preroute.kicad_pcb,pcb-e1-dock-25,2a52d52b2318,23,5,24,24,0,18,20.71,0,25,2,0,0,7,112.92
pcb-e1-dock-preroute.kicad_pcb,pcb-e1-dock-25,2a52d52b2318,23,6,1,0,0,1,0,0,3,2,0,0,0,114.93
pcb-e1-dock-preroute.kicad_pcb,pcb-e1-dock-25,2a52d52b2318,24,3,12,10,0,9,17.49,0,17,2,0,0,2,184.99
pcb-e1-dock-preroute.kicad_pcb,pcb-e1-dock-25,2a52d52b2318,24,4,14,0,0,5,3.38,22.54,24,2,0,0,4,139.58
pcb-e1-dock-preroute.kicad_pcb,pcb-e1-dock-25,2a52d52b2318,24,5,5,0,0,2,1.12,0,14,2,0,0,1,47.28
pcb-e1-dock-preroute.kicad_pcb,pcb-e1-dock-25,2a52d52b2318,25,1,1,0,0,0,0,0,5,3,0,0,0,0
pcb-e1-dock-preroute.kicad_pcb,pcb-e1-dock-25,2a52d52b2318,25,2,1,0,0,0,0,0,5,4,0,0,0,0
pcb-e1-dock-preroute.kicad_pcb,pcb-e1-dock-25,2a52d52b2318,25,3,5,0,0,2,2.5,0,10,3,0,0,1,132.05
pcb-e1-dock-preroute.kicad_pcb,pcb-e1-dock-25,2a52d52b2318,25,4,15,0,0,5,7.88,0,13,2,0,0,1,84.66
pcb-e1-dock-preroute.kicad_pcb,pcb-e1-dock-25,2a52d52b2318,25,5,5,0,0,0,0,0,9,2,0,0,2,90.89
pcb-e1-dock-preroute.kicad_pcb,pcb-e1-dock-25,2a52d52b2318,26,3,2,0,0,0,0,0,6,3,0,0,1,18.27
pcb-e1-dock-preroute.kicad_pcb,pcb-e1-dock-25,2a52d52b2318,26,4,6,0,0,4,2.25,0,8,2,0,0,1,27.56
pcb-e1-dock-preroute.kicad_pcb,pcb-e1-dock-25,2a52d52b2318,26,5,2,0,0,0,0,0,6,2,0,0,0,6.71
pcb-e1-dock-preroute.kicad_pcb,pcb-e1-dock-26,ed20b997f630,0,0,3,0,0,0,0,0,6,2,0,0,1,9.62
pcb-e1-dock-preroute.kicad_pcb,pcb-e1-dock-26,ed20b997f630,0,1,4,0,0,0,0,0,10,2,0,0,0,34.81
pcb-e1-dock-preroute.kicad_pcb,pcb-e1-dock-26,ed20b997f630,0,2,3,0,0,1,1.9,0,11,2,0,0,0,17.17
pcb-e1-dock-preroute.kicad_pcb,pcb-e1-dock-26,ed20b997f630,0,3,3,0,0,0,0,0,13,2,0,0,0,10.45
pcb-e1-dock-preroute.kicad_pcb,pcb-e1-dock-26,ed20b997f630,0,4,8,6,0,5,15.12,0,14,2,0,0,0,19.9
pcb-e1-dock-preroute.kicad_pcb,pcb-e1-dock-26,ed20b997f630,0,5,8,0,0,4,3.39,0,13,2,1,0,2,19.48
pcb-e1-dock-preroute.kicad_pcb,pcb-e1-dock-26,ed20b997f630,0,6,1,0,0,0,0,0,2,2,1,0,0,0
pcb-e1-dock-preroute.kicad_pcb,pcb-e1-dock-26,ed20b997f630,1,0,6,0,0,0,0,0,10,2,0,0,0,47.48
pcb-e1-dock-preroute.kicad_pcb,pcb-e1-dock-26,ed20b997f630,1,1,7,0,0,0,0,0,14,2,0,0,1,83.29
pcb-e1-dock-preroute.kicad_pcb,pcb-e1-dock-26,ed20b997f630,1,2,5,0,0,1,1.9,0,17,2,0,0,1,76.94
pcb-e1-dock-preroute.kicad_pcb,pcb-e1-dock-26,ed20b997f630,1,3,5,0,0,0,0,0,17,2,0,0,4,142.31
pcb-e1-dock-preroute.kicad_pcb,pcb-e1-dock-26,ed20b997f630,1,4,6,0,0,3,10.6,0,18,2,0,0,1,31.95
pcb-e1-dock-preroute.kicad_pcb,pcb-e1-dock-26,ed20b997f630,1,5,8,0,0,6,3.65,0,18,2,0,0,1,43.86
pcb-e1-dock-preroute.kicad_pcb,pcb-e1-dock-26,ed20b997f630,1,6,1,0,0,0,0,0,3,2,0,0,0,7.74
pcb-e1-dock-preroute.kicad_pcb,pcb-e1-dock-26,ed20b997f630,2,0,0,0,0,0,0,0,10,2,0,0,0,180.79
pcb-e1-dock-preroute.kicad_pcb,pcb-e1-dock-26,ed20b997f630,2,1,3,0,0,0,0,0,14,2,0,0,0,54.46
pcb-e1-dock-preroute.kicad_pcb,pcb-e1-dock-26,ed20b997f630,2,2,6,0,0,2,2.77,0,17,2,0,0,2,42.57
pcb-e1-dock-preroute.kicad_pcb,pcb-e1-dock-26,ed20b997f630,2,3,4,0,0,0,0,0,17,2,0,0,3,70.4
pcb-e1-dock-preroute.kicad_pcb,pcb-e1-dock-26,ed20b997f630,2,4,4,0,0,0,2.0,0,18,2,0,0,1,37.18
pcb-e1-dock-preroute.kicad_pcb,pcb-e1-dock-26,ed20b997f630,2,5,4,0,0,2,1.12,0,17,2,0,0,0,30.31
pcb-e1-dock-preroute.kicad_pcb,pcb-e1-dock-26,ed20b997f630,2,6,2,0,0,0,0,0,3,2,0,0,0,9.65
pcb-e1-dock-preroute.kicad_pcb,pcb-e1-dock-26,ed20b997f630,3,1,0,0,0,0,0,0,11,2,0,0,0,5.37
pcb-e1-dock-preroute.kicad_pcb,pcb-e1-dock-26,ed20b997f630,3,2,1,0,0,0,0,0,12,3,0,0,0,3.79
pcb-e1-dock-preroute.kicad_pcb,pcb-e1-dock-26,ed20b997f630,3,4,0,0,0,0,0,0,15,2,0,0,1,35.44
pcb-e1-dock-preroute.kicad_pcb,pcb-e1-dock-26,ed20b997f630,3,5,0,0,0,0,0,0,14,2,0,0,2,44.95
pcb-e1-dock-preroute.kicad_pcb,pcb-e1-dock-26,ed20b997f630,3,6,2,0,0,0,0,0,2,2,0,0,0,5.8
pcb-e1-dock-preroute.kicad_pcb,pcb-e1-dock-26,ed20b997f630,4,1,1,0,0,0,0,0,11,2,0,0,0,0
pcb-e1-dock-preroute.kicad_pcb,pcb-e1-dock-26,ed20b997f630,4,2,0,0,0,0,0,0,12,3,0,0,1,41.12
pcb-e1-dock-preroute.kicad_pcb,pcb-e1-dock-26,ed20b997f630,4,3,1,0,0,0,0,0,14,3,0,0,1,49.14
pcb-e1-dock-preroute.kicad_pcb,pcb-e1-dock-26,ed20b997f630,4,4,5,5,0,5,10.56,0,22,2,0,0,2,48.76
pcb-e1-dock-preroute.kicad_pcb,pcb-e1-dock-26,ed20b997f630,4,5,8,0,0,0,0,0,21,2,0,0,6,93.44
pcb-e1-dock-preroute.kicad_pcb,pcb-e1-dock-26,ed20b997f630,4,6,1,0,0,1,4.65,0,3,2,0,0,0,9.34
pcb-e1-dock-preroute.kicad_pcb,pcb-e1-dock-26,ed20b997f630,5,4,6,5,0,6,12.86,0,24,2,0,0,0,101.24
pcb-e1-dock-preroute.kicad_pcb,pcb-e1-dock-26,ed20b997f630,5,5,11,0,0,0,0,0,23,2,0,0,2,32.76
pcb-e1-dock-preroute.kicad_pcb,pcb-e1-dock-26,ed20b997f630,5,6,1,0,0,1,4.65,0,2,2,0,0,0,0
pcb-e1-dock-preroute.kicad_pcb,pcb-e1-dock-26,ed20b997f630,6,2,0,0,0,3,0,0,13,2,0,0,0,13.17
pcb-e1-dock-preroute.kicad_pcb,pcb-e1-dock-26,ed20b997f630,6,3,6,0,0,1,14.67,0,17,2,0,0,2,60.12
pcb-e1-dock-preroute.kicad_pcb,pcb-e1-dock-26,ed20b997f630,6,4,1,0,0,1,2.3,0,24,2,0,0,0,42.88
pcb-e1-dock-preroute.kicad_pcb,pcb-e1-dock-26,ed20b997f630,6,5,8,0,0,2,4.0,0,22,2,0,0,5,98.22
pcb-e1-dock-preroute.kicad_pcb,pcb-e1-dock-26,ed20b997f630,6,6,1,0,0,0,0,0,3,2,0,0,0,3.25
pcb-e1-dock-preroute.kicad_pcb,pcb-e1-dock-26,ed20b997f630,7,2,0,0,0,3,0,0,14,2,0,0,0,383.88
pcb-e1-dock-preroute.kicad_pcb,pcb-e1-dock-26,ed20b997f630,7,3,6,0,0,1,6.6,0,20,2,0,0,1,344.13
pcb-e1-dock-preroute.kicad_pcb,pcb-e1-dock-26,ed20b997f630,7,4,8,0,0,6,6.84,0,28,2,0,0,2,17.68
pcb-e1-dock-preroute.kicad_pcb,pcb-e1-dock-26,ed20b997f630,7,5,4,0,0,0,0,0,25,2,0,0,2,31.25
pcb-e1-dock-preroute.kicad_pcb,pcb-e1-dock-26,ed20b997f630,7,6,1,0,0,0,0,0,6,2,0,0,0,124.07
pcb-e1-dock-preroute.kicad_pcb,pcb-e1-dock-26,ed20b997f630,8,1,1,0,0,0,0,0,11,2,0,0,0,0
pcb-e1-dock-preroute.kicad_pcb,pcb-e1-dock-26,ed20b997f630,8,2,0,0,0,0,0,0,14,2,0,0,0,59.1
pcb-e1-dock-preroute.kicad_pcb,pcb-e1-dock-26,ed20b997f630,8,3,1,0,0,0,0,0,20,2,0,0,0,3.94
pcb-e1-dock-preroute.kicad_pcb,pcb-e1-dock-26,ed20b997f630,8,4,12,6,0,5,10.17,0,28,2,0,0,3,109.37
pcb-e1-dock-preroute.kicad_pcb,pcb-e1-dock-26,ed20b997f630,8,5,3,0,0,0,0,0,26,2,0,0,2,56.22
pcb-e1-dock-preroute.kicad_pcb,pcb-e1-dock-26,ed20b997f630,8,6,2,0,0,0,0,0,7,2,0,0,0,53.09
pcb-e1-dock-preroute.kicad_pcb,pcb-e1-dock-26,ed20b997f630,9,1,1,0,0,0,0,0,11,3,0,0,0,0
pcb-e1-dock-preroute.kicad_pcb,pcb-e1-dock-26,ed20b997f630,9,2,0,0,0,0,0,0,14,3,0,0,0,10.16
pcb-e1-dock-preroute.kicad_pcb,pcb-e1-dock-26,ed20b997f630,9,3,1,0,0,0,0,0,20,2,0,0,0,46.44
pcb-e1-dock-preroute.kicad_pcb,pcb-e1-dock-26,ed20b997f630,9,4,1,0,0,3,0,0,28,2,0,0,2,28.85
pcb-e1-dock-preroute.kicad_pcb,pcb-e1-dock-26,ed20b997f630,9,5,4,0,0,0,0,0,26,2,0,0,1,61.56
pcb-e1-dock-preroute.kicad_pcb,pcb-e1-dock-26,ed20b997f630,9,6,2,0,0,0,0,0,7,2,0,0,0,8.16
pcb-e1-dock-preroute.kicad_pcb,pcb-e1-dock-26,ed20b997f630,10,4,3,0,0,1,2.9,0,26,2,0,0,0,56.11
pcb-e1-dock-preroute.kicad_pcb,pcb-e1-dock-26,ed20b997f630,10,5,6,0,0,3,2.25,0,24,2,0,0,1,29.19
pcb-e1-dock-preroute.kicad_pcb,pcb-e1-dock-26,ed20b997f630,10,6,2,0,0,0,0,0,6,2,0,0,0,6.17
pcb-e1-dock-preroute.kicad_pcb,pcb-e1-dock-26,ed20b997f630,11,1,1,0,0,0,0,0,11,4,0,0,0,0
pcb-e1-dock-preroute.kicad_pcb,pcb-e1-dock-26,ed20b997f630,11,3,1,0,0,0,0,0,20,2,0,0,0,0
pcb-e1-dock-preroute.kicad_pcb,pcb-e1-dock-26,ed20b997f630,11,4,2,0,0,0,2.9,0,23,2,0,0,0,42.2
pcb-e1-dock-preroute.kicad_pcb,pcb-e1-dock-26,ed20b997f630,11,5,5,0,0,2,6.53,0,21,2,0,0,1,16.86
pcb-e1-dock-preroute.kicad_pcb,pcb-e1-dock-26,ed20b997f630,12,1,1,0,0,0,0,0,11,3,0,0,0,0
pcb-e1-dock-preroute.kicad_pcb,pcb-e1-dock-26,ed20b997f630,12,2,0,0,0,0,0,0,14,3,0,0,0,52.02
pcb-e1-dock-preroute.kicad_pcb,pcb-e1-dock-26,ed20b997f630,12,3,2,0,0,1,2.4,0,21,2,0,0,0,1.88
pcb-e1-dock-preroute.kicad_pcb,pcb-e1-dock-26,ed20b997f630,12,4,1,0,0,2,2.3,0,23,2,0,0,0,37.52
pcb-e1-dock-preroute.kicad_pcb,pcb-e1-dock-26,ed20b997f630,12,5,2,0,0,3,3.1,0,20,2,0,0,0,29.1
pcb-e1-dock-preroute.kicad_pcb,pcb-e1-dock-26,ed20b997f630,12,6,2,0,0,0,0,0,6,2,0,0,0,12.84
pcb-e1-dock-preroute.kicad_pcb,pcb-e1-dock-26,ed20b997f630,13,1,1,0,0,0,0,0,11,4,0,0,0,12.25
pcb-e1-dock-preroute.kicad_pcb,pcb-e1-dock-26,ed20b997f630,13,2,0,0,0,0,0,0,14,4,0,0,0,105.42
pcb-e1-dock-preroute.kicad_pcb,pcb-e1-dock-26,ed20b997f630,13,3,2,0,0,1,2.4,0,21,2,0,0,0,0.0
pcb-e1-dock-preroute.kicad_pcb,pcb-e1-dock-26,ed20b997f630,13,4,4,0,0,4,7.8,0,23,2,0,0,0,16.38
pcb-e1-dock-preroute.kicad_pcb,pcb-e1-dock-26,ed20b997f630,13,5,1,0,0,1,1.4,0,20,2,0,0,0,7.09
pcb-e1-dock-preroute.kicad_pcb,pcb-e1-dock-26,ed20b997f630,13,6,2,0,0,0,0,0,6,2,0,0,0,4.46
pcb-e1-dock-preroute.kicad_pcb,pcb-e1-dock-26,ed20b997f630,14,3,2,0,0,2,4.69,0,22,2,0,0,1,69.37
pcb-e1-dock-preroute.kicad_pcb,pcb-e1-dock-26,ed20b997f630,14,4,9,0,0,9,11.95,0,27,2,0,0,0,32.23
pcb-e1-dock-preroute.kicad_pcb,pcb-e1-dock-26,ed20b997f630,14,5,2,0,0,0,0,0,23,2,0,0,1,24.89
pcb-e1-dock-preroute.kicad_pcb,pcb-e1-dock-26,ed20b997f630,14,6,2,0,0,0,0,0,5,2,0,0,0,3.4
pcb-e1-dock-preroute.kicad_pcb,pcb-e1-dock-26,ed20b997f630,15,1,1,0,0,0,0,0,11,3,0,0,0,0
pcb-e1-dock-preroute.kicad_pcb,pcb-e1-dock-26,ed20b997f630,15,3,7,0,0,4,0,0,22,2,0,0,2,21.0
pcb-e1-dock-preroute.kicad_pcb,pcb-e1-dock-26,ed20b997f630,15,4,14,0,0,9,0,0,31,2,0,0,7,55.23
pcb-e1-dock-preroute.kicad_pcb,pcb-e1-dock-26,ed20b997f630,15,5,7,0,0,0,0,0,27,2,0,0,6,142.9
pcb-e1-dock-preroute.kicad_pcb,pcb-e1-dock-26,ed20b997f630,16,1,1,0,0,0,0,0,11,3,0,0,0,0
pcb-e1-dock-preroute.kicad_pcb,pcb-e1-dock-26,ed20b997f630,16,3,9,0,0,3,2.15,0,24,2,0,0,2,4.66
pcb-e1-dock-preroute.kicad_pcb,pcb-e1-dock-26,ed20b997f630,16,4,20,0,0,10,8.99,0,35,2,1,0,8,77.46
pcb-e1-dock-preroute.kicad_pcb,pcb-e1-dock-26,ed20b997f630,16,5,4,0,0,0,0,0,29,2,0,0,3,113.93
pcb-e1-dock-preroute.kicad_pcb,pcb-e1-dock-26,ed20b997f630,17,3,0,0,0,0,0,0,26,2,0,0,0,10.75
pcb-e1-dock-preroute.kicad_pcb,pcb-e1-dock-26,ed20b997f630,17,4,12,12,0,11,21.59,0,43,2,0,0,2,80.65
pcb-e1-dock-preroute.kicad_pcb,pcb-e1-dock-26,ed20b997f630,17,5,3,0,0,1,0,0,29,2,0,0,2,51.38
pcb-e1-dock-preroute.kicad_pcb,pcb-e1-dock-26,ed20b997f630,18,0,0,0,0,1,0,0,7,2,0,0,1,191.33
pcb-e1-dock-preroute.kicad_pcb,pcb-e1-dock-26,ed20b997f630,18,1,2,0,0,0,0,0,11,3,0,0,1,336.72
pcb-e1-dock-preroute.kicad_pcb,pcb-e1-dock-26,ed20b997f630,18,2,0,0,0,1,0,0,14,3,0,0,1,18.08
pcb-e1-dock-preroute.kicad_pcb,pcb-e1-dock-26,ed20b997f630,18,3,2,0,0,0,0,0,26,2,0,0,4,427.48
pcb-e1-dock-preroute.kicad_pcb,pcb-e1-dock-26,ed20b997f630,18,4,36,33,1,15,32.8,0,42,2,0,0,7,93.2
pcb-e1-dock-preroute.kicad_pcb,pcb-e1-dock-26,ed20b997f630,18,5,1,0,0,6,6.84,0,27,2,0,0,2,61.92
pcb-e1-dock-preroute.kicad_pcb,pcb-e1-dock-26,ed20b997f630,18,6,0,0,0,0,0,0,6,2,0,0,0,18.49
pcb-e1-dock-preroute.kicad_pcb,pcb-e1-dock-26,ed20b997f630,19,0,18,14,0,11,23.93,0,9,2,0,0,3,239.0
pcb-e1-dock-preroute.kicad_pcb,pcb-e1-dock-26,ed20b997f630,19,1,13,0,0,4,4.29,0,13,2,0,0,2,136.47
pcb-e1-dock-preroute.kicad_pcb,pcb-e1-dock-26,ed20b997f630,19,2,8,0,0,3,4.5,0,16,2,0,0,1,51.43
pcb-e1-dock-preroute.kicad_pcb,pcb-e1-dock-26,ed20b997f630,19,3,5,0,0,4,3.8,0,27,2,0,0,1,103.82
pcb-e1-dock-preroute.kicad_pcb,pcb-e1-dock-26,ed20b997f630,19,4,17,0,0,7,9.0,0,35,2,0,0,6,84.69
pcb-e1-dock-preroute.kicad_pcb,pcb-e1-dock-26,ed20b997f630,19,5,0,0,0,0,0,0,23,2,0,0,1,15.91
pcb-e1-dock-preroute.kicad_pcb,pcb-e1-dock-26,ed20b997f630,20,1,1,0,0,0,0,0,11,3,0,0,0,0
pcb-e1-dock-preroute.kicad_pcb,pcb-e1-dock-26,ed20b997f630,20,2,0,0,0,0,0,0,15,3,0,0,1,389.48
pcb-e1-dock-preroute.kicad_pcb,pcb-e1-dock-26,ed20b997f630,20,3,6,0,0,4,7.24,0,24,2,0,0,1,87.44
pcb-e1-dock-preroute.kicad_pcb,pcb-e1-dock-26,ed20b997f630,20,4,4,0,0,4,5.62,0,26,2,0,0,3,59.87
pcb-e1-dock-preroute.kicad_pcb,pcb-e1-dock-26,ed20b997f630,20,5,2,0,0,1,2.65,0,22,2,0,0,1,53.43
pcb-e1-dock-preroute.kicad_pcb,pcb-e1-dock-26,ed20b997f630,20,6,2,0,0,2,3.1,0,5,2,0,0,0,9.44
pcb-e1-dock-preroute.kicad_pcb,pcb-e1-dock-26,ed20b997f630,21,2,0,0,0,0,0,0,15,4,0,0,3,42.53
pcb-e1-dock-preroute.kicad_pcb,pcb-e1-dock-26,ed20b997f630,21,3,10,3,0,8,5.09,0,24,2,0,0,6,144.5
pcb-e1-dock-preroute.kicad_pcb,pcb-e1-dock-26,ed20b997f630,21,4,4,0,0,1,2.65,0,26,2,0,0,4,102.74
pcb-e1-dock-preroute.kicad_pcb,pcb-e1-dock-26,ed20b997f630,21,5,2,0,0,2,4.2,0,22,2,0,0,1,20.25
pcb-e1-dock-preroute.kicad_pcb,pcb-e1-dock-26,ed20b997f630,21,6,3,0,0,2,2.52,0,6,2,0,0,2,8.62
pcb-e1-dock-preroute.kicad_pcb,pcb-e1-dock-26,ed20b997f630,22,1,1,0,0,0,0,0,11,3,0,0,0,0
pcb-e1-dock-preroute.kicad_pcb,pcb-e1-dock-26,ed20b997f630,22,2,0,0,0,0,0,0,15,3,0,0,0,74.39
pcb-e1-dock-preroute.kicad_pcb,pcb-e1-dock-26,ed20b997f630,22,3,4,3,0,3,5.09,0,23,2,0,0,1,146.42
pcb-e1-dock-preroute.kicad_pcb,pcb-e1-dock-26,ed20b997f630,22,4,0,0,0,0,0,0,25,2,0,0,2,87.26
pcb-e1-dock-preroute.kicad_pcb,pcb-e1-dock-26,ed20b997f630,22,5,1,0,0,1,1.55,0,21,2,0,0,1,62.08
pcb-e1-dock-preroute.kicad_pcb,pcb-e1-dock-26,ed20b997f630,22,6,3,0,0,1,2.52,0,5,2,0,0,0,9.47
pcb-e1-dock-preroute.kicad_pcb,pcb-e1-dock-26,ed20b997f630,23,1,1,0,0,0,0,0,11,3,0,0,0,0
pcb-e1-dock-preroute.kicad_pcb,pcb-e1-dock-26,ed20b997f630,23,3,1,0,0,0,0,0,29,2,0,0,1,22.87
pcb-e1-dock-preroute.kicad_pcb,pcb-e1-dock-26,ed20b997f630,23,4,37,37,0,28,28.82,0,37,2,0,0,6,185.37
pcb-e1-dock-preroute.kicad_pcb,pcb-e1-dock-26,ed20b997f630,23,5,24,24,0,17,21.41,0,25,2,0,0,2,117.02
pcb-e1-dock-preroute.kicad_pcb,pcb-e1-dock-26,ed20b997f630,23,6,1,0,0,1,0,0,3,2,0,0,1,18.16
pcb-e1-dock-preroute.kicad_pcb,pcb-e1-dock-26,ed20b997f630,24,3,12,10,0,9,17.49,0,17,2,0,0,2,28.81
pcb-e1-dock-preroute.kicad_pcb,pcb-e1-dock-26,ed20b997f630,24,4,14,0,0,5,3.38,19.28,24,2,0,0,8,219.56
pcb-e1-dock-preroute.kicad_pcb,pcb-e1-dock-26,ed20b997f630,24,5,5,0,0,3,1.12,0,14,2,0,0,2,54.8
pcb-e1-dock-preroute.kicad_pcb,pcb-e1-dock-26,ed20b997f630,25,1,1,0,0,0,0,0,5,3,0,0,0,0
pcb-e1-dock-preroute.kicad_pcb,pcb-e1-dock-26,ed20b997f630,25,2,1,0,0,0,0,0,5,4,0,0,0,0
pcb-e1-dock-preroute.kicad_pcb,pcb-e1-dock-26,ed20b997f630,25,3,5,0,0,2,2.5,0,10,3,0,0,1,175.25
pcb-e1-dock-preroute.kicad_pcb,pcb-e1-dock-26,ed20b997f630,25,4,14,0,0,5,6.75,0,13,2,0,0,2,55.0
pcb-e1-dock-preroute.kicad_pcb,pcb-e1-dock-26,ed20b997f630,25,5,5,0,0,0,0,0,9,2,0,0,1,110.13
pcb-e1-dock-preroute.kicad_pcb,pcb-e1-dock-26,ed20b997f630,26,3,2,0,0,0,0,0,6,3,0,0,1,36.41
pcb-e1-dock-preroute.kicad_pcb,pcb-e1-dock-26,ed20b997f630,26,4,7,0,0,4,3.38,0,8,2,0,0,0,52.68
pcb-e1-dock-preroute.kicad_pcb,pcb-e1-dock-26,ed20b997f630,26,5,2,0,0,0,0,0,6,2,0,0,0,15.95
pcb-e1-dock-preroute.kicad_pcb,pcb-e1-dock-27,29ca51ec7ca2,0,0,3,0,0,0,0,0,6,2,0,0,2,62.14
pcb-e1-dock-preroute.kicad_pcb,pcb-e1-dock-27,29ca51ec7ca2,0,1,4,0,0,0,0,0,10,2,0,0,0,48.83
pcb-e1-dock-preroute.kicad_pcb,pcb-e1-dock-27,29ca51ec7ca2,0,2,3,0,0,1,1.9,0,11,2,0,0,1,34.49
pcb-e1-dock-preroute.kicad_pcb,pcb-e1-dock-27,29ca51ec7ca2,0,3,3,0,0,0,0,0,13,2,0,0,2,37.2
pcb-e1-dock-preroute.kicad_pcb,pcb-e1-dock-27,29ca51ec7ca2,0,4,8,6,0,5,15.12,0,14,2,0,0,0,1.77
pcb-e1-dock-preroute.kicad_pcb,pcb-e1-dock-27,29ca51ec7ca2,0,5,8,0,0,4,3.39,0,13,2,0,0,0,84.65
pcb-e1-dock-preroute.kicad_pcb,pcb-e1-dock-27,29ca51ec7ca2,0,6,1,0,0,0,0,0,2,2,0,0,0,0
pcb-e1-dock-preroute.kicad_pcb,pcb-e1-dock-27,29ca51ec7ca2,1,0,6,0,0,0,0,0,10,2,0,0,1,213.49
pcb-e1-dock-preroute.kicad_pcb,pcb-e1-dock-27,29ca51ec7ca2,1,1,7,0,0,0,0,0,14,2,0,0,0,59.67
pcb-e1-dock-preroute.kicad_pcb,pcb-e1-dock-27,29ca51ec7ca2,1,2,5,0,0,1,1.9,0,17,2,0,0,1,42.82
pcb-e1-dock-preroute.kicad_pcb,pcb-e1-dock-27,29ca51ec7ca2,1,3,5,0,0,0,0,0,17,2,0,0,3,128.58
pcb-e1-dock-preroute.kicad_pcb,pcb-e1-dock-27,29ca51ec7ca2,1,4,5,0,0,2,8.3,0,18,2,0,0,1,40.38
pcb-e1-dock-preroute.kicad_pcb,pcb-e1-dock-27,29ca51ec7ca2,1,5,8,0,0,6,3.65,0,18,2,0,0,1,28.61
pcb-e1-dock-preroute.kicad_pcb,pcb-e1-dock-27,29ca51ec7ca2,1,6,1,0,0,0,0,0,3,2,0,0,0,0
pcb-e1-dock-preroute.kicad_pcb,pcb-e1-dock-27,29ca51ec7ca2,2,0,0,0,0,0,0,0,10,2,0,0,0,326.45
pcb-e1-dock-preroute.kicad_pcb,pcb-e1-dock-27,29ca51ec7ca2,2,1,3,0,0,0,0,0,14,2,0,0,1,127.8
pcb-e1-dock-preroute.kicad_pcb,pcb-e1-dock-27,29ca51ec7ca2,2,2,4,0,0,0,0,0,17,2,0,0,2,68.64
pcb-e1-dock-preroute.kicad_pcb,pcb-e1-dock-27,29ca51ec7ca2,2,3,6,0,0,2,2.77,0,17,2,0,0,1,137.51
pcb-e1-dock-preroute.kicad_pcb,pcb-e1-dock-27,29ca51ec7ca2,2,4,5,0,0,1,4.3,0,18,2,0,0,2,53.82
pcb-e1-dock-preroute.kicad_pcb,pcb-e1-dock-27,29ca51ec7ca2,2,5,4,0,0,2,1.12,0,17,2,0,0,0,34.24
pcb-e1-dock-preroute.kicad_pcb,pcb-e1-dock-27,29ca51ec7ca2,2,6,2,0,0,0,0,0,3,2,0,0,0,12.84
pcb-e1-dock-preroute.kicad_pcb,pcb-e1-dock-27,29ca51ec7ca2,3,2,1,0,0,0,0,0,12,3,0,0,0,0
pcb-e1-dock-preroute.kicad_pcb,pcb-e1-dock-27,29ca51ec7ca2,3,4,0,0,0,0,0,0,15,2,0,0,0,17.42
pcb-e1-dock-preroute.kicad_pcb,pcb-e1-dock-27,29ca51ec7ca2,3,5,0,0,0,0,0,0,14,2,0,0,3,98.49
pcb-e1-dock-preroute.kicad_pcb,pcb-e1-dock-27,29ca51ec7ca2,3,6,2,0,0,0,0,0,2,2,0,0,0,6.07
pcb-e1-dock-preroute.kicad_pcb,pcb-e1-dock-27,29ca51ec7ca2,4,1,1,0,0,0,0,0,11,2,0,0,0,0
pcb-e1-dock-preroute.kicad_pcb,pcb-e1-dock-27,29ca51ec7ca2,4,3,1,0,0,0,0,0,14,3,0,0,0,0
pcb-e1-dock-preroute.kicad_pcb,pcb-e1-dock-27,29ca51ec7ca2,4,4,5,5,0,5,10.56,0,22,2,0,0,1,68.1
pcb-e1-dock-preroute.kicad_pcb,pcb-e1-dock-27,29ca51ec7ca2,4,5,8,0,0,0,0,0,21,2,0,0,5,80.14
pcb-e1-dock-preroute.kicad_pcb,pcb-e1-dock-27,29ca51ec7ca2,4,6,1,0,0,1,4.65,0,3,2,0,0,0,11.19
pcb-e1-dock-preroute.kicad_pcb,pcb-e1-dock-27,29ca51ec7ca2,5,2,0,0,0,0,0,0,11,2,0,0,1,29.21
pcb-e1-dock-preroute.kicad_pcb,pcb-e1-dock-27,29ca51ec7ca2,5,4,6,5,0,6,12.86,0,24,2,0,0,0,112.49
pcb-e1-dock-preroute.kicad_pcb,pcb-e1-dock-27,29ca51ec7ca2,5,5,11,0,0,0,0,0,23,2,0,0,4,35.34
pcb-e1-dock-preroute.kicad_pcb,pcb-e1-dock-27,29ca51ec7ca2,5,6,1,0,0,1,4.65,0,2,2,0,0,0,0
pcb-e1-dock-preroute.kicad_pcb,pcb-e1-dock-27,29ca51ec7ca2,6,2,0,0,0,3,0,0,13,2,0,0,0,54.95
pcb-e1-dock-preroute.kicad_pcb,pcb-e1-dock-27,29ca51ec7ca2,6,3,6,0,0,1,14.67,0,17,2,0,0,1,25.94
pcb-e1-dock-preroute.kicad_pcb,pcb-e1-dock-27,29ca51ec7ca2,6,4,1,0,0,1,2.3,0,24,2,0,0,0,19.19
pcb-e1-dock-preroute.kicad_pcb,pcb-e1-dock-27,29ca51ec7ca2,6,5,8,0,0,2,4.0,0,22,2,0,0,2,131.87
pcb-e1-dock-preroute.kicad_pcb,pcb-e1-dock-27,29ca51ec7ca2,6,6,1,0,0,0,0,0,3,2,0,0,1,4.45
pcb-e1-dock-preroute.kicad_pcb,pcb-e1-dock-27,29ca51ec7ca2,7,2,0,0,0,3,0,0,14,2,0,0,0,315.91
pcb-e1-dock-preroute.kicad_pcb,pcb-e1-dock-27,29ca51ec7ca2,7,3,6,0,0,1,6.6,0,20,2,0,0,2,85.77
pcb-e1-dock-preroute.kicad_pcb,pcb-e1-dock-27,29ca51ec7ca2,7,4,10,0,0,6,6.84,0,28,2,0,0,2,33.1
pcb-e1-dock-preroute.kicad_pcb,pcb-e1-dock-27,29ca51ec7ca2,7,5,4,0,0,0,0,0,25,2,0,0,3,55.64
pcb-e1-dock-preroute.kicad_pcb,pcb-e1-dock-27,29ca51ec7ca2,7,6,1,0,0,0,0,0,6,2,0,0,0,5.75
pcb-e1-dock-preroute.kicad_pcb,pcb-e1-dock-27,29ca51ec7ca2,8,1,1,0,0,0,0,0,11,2,0,0,0,9.66
pcb-e1-dock-preroute.kicad_pcb,pcb-e1-dock-27,29ca51ec7ca2,8,3,1,0,0,0,0,0,20,2,0,0,1,102.08
pcb-e1-dock-preroute.kicad_pcb,pcb-e1-dock-27,29ca51ec7ca2,8,4,10,6,0,5,10.17,0,28,2,0,0,4,57.0
pcb-e1-dock-preroute.kicad_pcb,pcb-e1-dock-27,29ca51ec7ca2,8,5,3,0,0,0,0,0,26,2,0,0,2,29.71
pcb-e1-dock-preroute.kicad_pcb,pcb-e1-dock-27,29ca51ec7ca2,8,6,2,0,0,0,0,0,7,2,0,0,0,29.41
pcb-e1-dock-preroute.kicad_pcb,pcb-e1-dock-27,29ca51ec7ca2,9,0,0,0,0,0,0,0,7,2,0,0,0,97.38
pcb-e1-dock-preroute.kicad_pcb,pcb-e1-dock-27,29ca51ec7ca2,9,1,1,0,0,0,0,0,11,3,0,0,0,0
pcb-e1-dock-preroute.kicad_pcb,pcb-e1-dock-27,29ca51ec7ca2,9,3,1,0,0,0,0,0,20,2,0,0,0,18.25
pcb-e1-dock-preroute.kicad_pcb,pcb-e1-dock-27,29ca51ec7ca2,9,4,1,0,0,3,0,0,28,2,0,0,1,30.43
pcb-e1-dock-preroute.kicad_pcb,pcb-e1-dock-27,29ca51ec7ca2,9,5,5,0,0,0,0,0,26,2,0,0,2,65.42
pcb-e1-dock-preroute.kicad_pcb,pcb-e1-dock-27,29ca51ec7ca2,9,6,2,0,0,0,0,0,7,2,0,0,0,32.24
pcb-e1-dock-preroute.kicad_pcb,pcb-e1-dock-27,29ca51ec7ca2,10,3,0,0,0,0,0,0,20,2,0,0,0,88.26
pcb-e1-dock-preroute.kicad_pcb,pcb-e1-dock-27,29ca51ec7ca2,10,4,3,0,0,1,2.9,0,26,2,0,0,1,120.81
pcb-e1-dock-preroute.kicad_pcb,pcb-e1-dock-27,29ca51ec7ca2,10,5,5,0,0,3,2.25,0,24,2,0,0,1,216.57
pcb-e1-dock-preroute.kicad_pcb,pcb-e1-dock-27,29ca51ec7ca2,10,6,2,0,0,0,0,0,6,2,0,0,1,11.79
pcb-e1-dock-preroute.kicad_pcb,pcb-e1-dock-27,29ca51ec7ca2,11,1,1,0,0,0,0,0,11,4,0,0,0,0
pcb-e1-dock-preroute.kicad_pcb,pcb-e1-dock-27,29ca51ec7ca2,11,3,1,0,0,0,0,0,20,2,0,0,1,240.47
pcb-e1-dock-preroute.kicad_pcb,pcb-e1-dock-27,29ca51ec7ca2,11,4,2,0,0,0,2.9,0,23,2,0,0,1,23.05
pcb-e1-dock-preroute.kicad_pcb,pcb-e1-dock-27,29ca51ec7ca2,11,5,5,0,0,2,6.53,0,21,2,0,0,1,33.7
pcb-e1-dock-preroute.kicad_pcb,pcb-e1-dock-27,29ca51ec7ca2,11,6,0,0,0,0,0,0,5,2,0,0,0,114.68
pcb-e1-dock-preroute.kicad_pcb,pcb-e1-dock-27,29ca51ec7ca2,12,1,1,0,0,0,0,0,11,3,0,0,0,0
pcb-e1-dock-preroute.kicad_pcb,pcb-e1-dock-27,29ca51ec7ca2,12,2,0,0,0,0,0,0,14,3,0,0,0,57.29
pcb-e1-dock-preroute.kicad_pcb,pcb-e1-dock-27,29ca51ec7ca2,12,3,1,0,0,0,0,0,21,2,0,0,0,10.27
pcb-e1-dock-preroute.kicad_pcb,pcb-e1-dock-27,29ca51ec7ca2,12,4,2,0,0,3,4.7,0,23,2,0,0,0,33.14
pcb-e1-dock-preroute.kicad_pcb,pcb-e1-dock-27,29ca51ec7ca2,12,5,2,0,0,3,3.1,0,20,2,0,0,0,9.79
pcb-e1-dock-preroute.kicad_pcb,pcb-e1-dock-27,29ca51ec7ca2,12,6,2,0,0,0,0,0,6,2,0,0,0,12.81
pcb-e1-dock-preroute.kicad_pcb,pcb-e1-dock-27,29ca51ec7ca2,13,1,1,0,0,0,0,0,11,4,0,0,0,13.28
pcb-e1-dock-preroute.kicad_pcb,pcb-e1-dock-27,29ca51ec7ca2,13,2,0,0,0,0,0,0,14,4,0,0,0,49.3
pcb-e1-dock-preroute.kicad_pcb,pcb-e1-dock-27,29ca51ec7ca2,13,3,2,0,0,1,2.4,0,21,2,0,0,0,6.59
pcb-e1-dock-preroute.kicad_pcb,pcb-e1-dock-27,29ca51ec7ca2,13,4,4,0,0,4,7.8,0,23,2,0,0,0,13.54
pcb-e1-dock-preroute.kicad_pcb,pcb-e1-dock-27,29ca51ec7ca2,13,5,1,0,0,1,1.4,0,20,2,0,0,0,9.24
pcb-e1-dock-preroute.kicad_pcb,pcb-e1-dock-27,29ca51ec7ca2,13,6,2,0,0,0,0,0,6,2,0,0,0,4.51
pcb-e1-dock-preroute.kicad_pcb,pcb-e1-dock-27,29ca51ec7ca2,14,2,0,0,0,0,0,0,14,4,0,0,0,41.4
pcb-e1-dock-preroute.kicad_pcb,pcb-e1-dock-27,29ca51ec7ca2,14,3,1,0,0,3,2.4,0,21,2,0,0,0,3.26
pcb-e1-dock-preroute.kicad_pcb,pcb-e1-dock-27,29ca51ec7ca2,14,4,6,0,0,8,7.4,0,26,2,0,0,0,29.1
pcb-e1-dock-preroute.kicad_pcb,pcb-e1-dock-27,29ca51ec7ca2,14,5,3,0,0,0,0,0,23,2,0,0,2,36.17
pcb-e1-dock-preroute.kicad_pcb,pcb-e1-dock-27,29ca51ec7ca2,14,6,2,0,0,0,0,0,5,2,0,0,0,10.24
pcb-e1-dock-preroute.kicad_pcb,pcb-e1-dock-27,29ca51ec7ca2,15,1,1,0,0,0,0,0,11,3,0,0,0,0
pcb-e1-dock-preroute.kicad_pcb,pcb-e1-dock-27,29ca51ec7ca2,15,3,9,0,0,5,4.69,0,22,2,0,0,2,44.36
pcb-e1-dock-preroute.kicad_pcb,pcb-e1-dock-27,29ca51ec7ca2,15,4,16,0,0,8,2.15,0,31,2,0,0,7,89.49
pcb-e1-dock-preroute.kicad_pcb,pcb-e1-dock-27,29ca51ec7ca2,15,5,6,0,0,0,0,0,27,2,0,0,5,192.37
pcb-e1-dock-preroute.kicad_pcb,pcb-e1-dock-27,29ca51ec7ca2,16,1,1,0,0,0,0,0,11,3,0,0,0,0
pcb-e1-dock-preroute.kicad_pcb,pcb-e1-dock-27,29ca51ec7ca2,16,3,11,0,0,5,3.58,0,24,2,0,0,4,7.69
pcb-e1-dock-preroute.kicad_pcb,pcb-e1-dock-27,29ca51ec7ca2,16,4,18,0,0,8,7.56,0,35,2,0,0,4,46.76
pcb-e1-dock-preroute.kicad_pcb,pcb-e1-dock-27,29ca51ec7ca2,16,5,4,0,0,0,0,0,29,2,0,0,3,82.96
pcb-e1-dock-preroute.kicad_pcb,pcb-e1-dock-27,29ca51ec7ca2,17,3,0,0,0,0,0,0,26,2,0,0,0,8.75
pcb-e1-dock-preroute.kicad_pcb,pcb-e1-dock-27,29ca51ec7ca2,17,4,12,12,0,11,21.59,0,43,2,0,0,3,90.66
pcb-e1-dock-preroute.kicad_pcb,pcb-e1-dock-27,29ca51ec7ca2,17,5,3,0,0,1,0,0,29,2,0,0,6,135.39
pcb-e1-dock-preroute.kicad_pcb,pcb-e1-dock-27,29ca51ec7ca2,18,0,0,0,0,1,0,0,7,2,0,0,2,258.61
pcb-e1-dock-preroute.kicad_pcb,pcb-e1-dock-27,29ca51ec7ca2,18,1,1,0,0,0,0,0,11,3,0,0,1,49.02
pcb-e1-dock-preroute.kicad_pcb,pcb-e1-dock-27,29ca51ec7ca2,18,2,0,0,0,1,0,0,14,3,0,0,1,46.79
pcb-e1-dock-preroute.kicad_pcb,pcb-e1-dock-27,29ca51ec7ca2,18,3,1,0,0,0,0,0,26,2,0,0,2,29.03
pcb-e1-dock-preroute.kicad_pcb,pcb-e1-dock-27,29ca51ec7ca2,18,4,34,33,1,16,32.8,0,42,2,0,0,8,117.64
pcb-e1-dock-preroute.kicad_pcb,pcb-e1-dock-27,29ca51ec7ca2,18,5,1,0,0,6,6.84,0,27,2,0,0,5,127.3
pcb-e1-dock-preroute.kicad_pcb,pcb-e1-dock-27,29ca51ec7ca2,18,6,0,0,0,0,0,0,6,2,0,0,0,21.58
pcb-e1-dock-preroute.kicad_pcb,pcb-e1-dock-27,29ca51ec7ca2,19,0,18,14,0,11,23.93,0,9,2,0,0,2,123.86
pcb-e1-dock-preroute.kicad_pcb,pcb-e1-dock-27,29ca51ec7ca2,19,1,14,0,0,4,4.29,0,13,2,0,0,2,84.22
pcb-e1-dock-preroute.kicad_pcb,pcb-e1-dock-27,29ca51ec7ca2,19,2,8,0,0,3,4.5,0,16,2,0,0,0,179.61
pcb-e1-dock-preroute.kicad_pcb,pcb-e1-dock-27,29ca51ec7ca2,19,3,7,0,0,3,3.8,0,28,2,0,0,0,21.11
pcb-e1-dock-preroute.kicad_pcb,pcb-e1-dock-27,29ca51ec7ca2,19,4,21,0,0,7,11.25,0,37,2,0,0,3,103.62
pcb-e1-dock-preroute.kicad_pcb,pcb-e1-dock-27,29ca51ec7ca2,19,5,0,0,0,0,0,0,24,2,0,0,1,42.14
pcb-e1-dock-preroute.kicad_pcb,pcb-e1-dock-27,29ca51ec7ca2,20,1,1,0,0,0,0,0,11,3,0,0,0,26.62
pcb-e1-dock-preroute.kicad_pcb,pcb-e1-dock-27,29ca51ec7ca2,20,3,5,0,0,4,7.24,0,23,2,0,0,1,171.39
pcb-e1-dock-preroute.kicad_pcb,pcb-e1-dock-27,29ca51ec7ca2,20,4,2,0,0,4,3.38,0,25,2,0,0,0,13.82
pcb-e1-dock-preroute.kicad_pcb,pcb-e1-dock-27,29ca51ec7ca2,20,5,2,0,0,1,2.65,0,22,2,0,0,4,44.2
pcb-e1-dock-preroute.kicad_pcb,pcb-e1-dock-27,29ca51ec7ca2,20,6,2,0,0,2,3.1,0,5,2,0,0,0,16.49
pcb-e1-dock-preroute.kicad_pcb,pcb-e1-dock-27,29ca51ec7ca2,21,2,0,0,0,0,0,0,15,4,0,0,1,12.78
pcb-e1-dock-preroute.kicad_pcb,pcb-e1-dock-27,29ca51ec7ca2,21,3,10,3,0,8,5.09,0,24,2,0,0,4,175.06
pcb-e1-dock-preroute.kicad_pcb,pcb-e1-dock-27,29ca51ec7ca2,21,4,4,0,0,1,2.65,0,26,2,0,0,0,0.74
pcb-e1-dock-preroute.kicad_pcb,pcb-e1-dock-27,29ca51ec7ca2,21,5,2,0,0,2,4.2,0,22,2,0,0,0,12.79
pcb-e1-dock-preroute.kicad_pcb,pcb-e1-dock-27,29ca51ec7ca2,21,6,3,0,0,2,2.52,0,6,2,0,0,0,9.75
pcb-e1-dock-preroute.kicad_pcb,pcb-e1-dock-27,29ca51ec7ca2,22,1,1,0,0,0,0,0,11,3,0,0,1,0
pcb-e1-dock-preroute.kicad_pcb,pcb-e1-dock-27,29ca51ec7ca2,22,2,0,0,0,0,0,0,15,3,0,0,1,29.77
pcb-e1-dock-preroute.kicad_pcb,pcb-e1-dock-27,29ca51ec7ca2,22,3,4,3,0,3,5.09,0,23,2,0,0,3,291.18
pcb-e1-dock-preroute.kicad_pcb,pcb-e1-dock-27,29ca51ec7ca2,22,4,0,0,0,0,0,0,25,2,0,0,4,71.43
pcb-e1-dock-preroute.kicad_pcb,pcb-e1-dock-27,29ca51ec7ca2,22,5,1,0,0,1,1.55,0,21,2,0,0,4,111.37
pcb-e1-dock-preroute.kicad_pcb,pcb-e1-dock-27,29ca51ec7ca2,22,6,3,0,0,1,2.52,0,5,2,0,0,2,32.11
pcb-e1-dock-preroute.kicad_pcb,pcb-e1-dock-27,29ca51ec7ca2,23,1,1,0,0,0,0,0,11,3,0,0,0,0
pcb-e1-dock-preroute.kicad_pcb,pcb-e1-dock-27,29ca51ec7ca2,23,2,0,0,0,0,0,0,14,3,0,0,1,3.58
pcb-e1-dock-preroute.kicad_pcb,pcb-e1-dock-27,29ca51ec7ca2,23,3,1,0,0,0,0,0,29,2,0,0,1,73.11
pcb-e1-dock-preroute.kicad_pcb,pcb-e1-dock-27,29ca51ec7ca2,23,4,37,37,0,28,28.82,0,37,2,0,0,8,206.86
pcb-e1-dock-preroute.kicad_pcb,pcb-e1-dock-27,29ca51ec7ca2,23,5,24,24,0,17,21.41,0,25,2,0,0,5,122.66
pcb-e1-dock-preroute.kicad_pcb,pcb-e1-dock-27,29ca51ec7ca2,23,6,1,0,0,1,0,0,3,2,0,0,0,0
pcb-e1-dock-preroute.kicad_pcb,pcb-e1-dock-27,29ca51ec7ca2,24,2,0,0,0,0,0,0,6,4,0,0,0,9.23
pcb-e1-dock-preroute.kicad_pcb,pcb-e1-dock-27,29ca51ec7ca2,24,3,12,10,0,9,17.49,0,17,2,0,0,0,65.79
pcb-e1-dock-preroute.kicad_pcb,pcb-e1-dock-27,29ca51ec7ca2,24,4,13,0,0,6,3.38,19.28,24,2,0,0,5,121.27
pcb-e1-dock-preroute.kicad_pcb,pcb-e1-dock-27,29ca51ec7ca2,24,5,5,0,0,2,1.12,0,14,2,0,0,4,76.53
pcb-e1-dock-preroute.kicad_pcb,pcb-e1-dock-27,29ca51ec7ca2,25,1,1,0,0,0,0,0,5,3,0,0,0,0
pcb-e1-dock-preroute.kicad_pcb,pcb-e1-dock-27,29ca51ec7ca2,25,2,1,0,0,0,0,0,5,4,0,0,0,0
pcb-e1-dock-preroute.kicad_pcb,pcb-e1-dock-27,29ca51ec7ca2,25,3,5,0,0,2,2.5,0,10,3,0,0,2,31.29
pcb-e1-dock-preroute.kicad_pcb,pcb-e1-dock-27,29ca51ec7ca2,25,4,16,0,0,5,7.88,0,13,2,0,0,1,56.87
pcb-e1-dock-preroute.kicad_pcb,pcb-e1-dock-27,29ca51ec7ca2,25,5,5,0,0,0,0,0,9,2,0,0,3,114.65
pcb-e1-dock-preroute.kicad_pcb,pcb-e1-dock-27,29ca51ec7ca2,26,3,2,0,0,0,0,0,6,3,0,0,1,3.65
pcb-e1-dock-preroute.kicad_pcb,pcb-e1-dock-27,29ca51ec7ca2,26,4,6,0,0,4,2.25,0,8,2,0,0,1,7.06
pcb-e1-dock-preroute.kicad_pcb,pcb-e1-dock-27,29ca51ec7ca2,26,5,2,0,0,0,0,0,6,2,0,0,1,27.66
pcb-e1-dock-preroute.kicad_pcb,pcb-e1-dock-28,846d39fa55cc,0,0,3,0,0,0,0,0,6,2,0,0,0,182.82
pcb-e1-dock-preroute.kicad_pcb,pcb-e1-dock-28,846d39fa55cc,0,1,4,0,0,0,0,0,10,2,0,0,0,44.03
pcb-e1-dock-preroute.kicad_pcb,pcb-e1-dock-28,846d39fa55cc,0,2,3,0,0,1,1.9,0,11,2,0,0,0,9.5
pcb-e1-dock-preroute.kicad_pcb,pcb-e1-dock-28,846d39fa55cc,0,3,3,0,0,0,0,0,13,2,0,0,1,50.4
pcb-e1-dock-preroute.kicad_pcb,pcb-e1-dock-28,846d39fa55cc,0,4,8,6,0,5,15.12,0,14,2,0,0,0,10.54
pcb-e1-dock-preroute.kicad_pcb,pcb-e1-dock-28,846d39fa55cc,0,5,8,0,0,4,3.39,0,13,2,0,0,1,80.74
pcb-e1-dock-preroute.kicad_pcb,pcb-e1-dock-28,846d39fa55cc,0,6,1,0,0,0,0,0,2,2,0,0,0,0
pcb-e1-dock-preroute.kicad_pcb,pcb-e1-dock-28,846d39fa55cc,1,0,6,0,0,0,0,0,10,2,0,0,0,209.52
pcb-e1-dock-preroute.kicad_pcb,pcb-e1-dock-28,846d39fa55cc,1,1,7,0,0,0,0,0,14,2,0,0,0,117.55
pcb-e1-dock-preroute.kicad_pcb,pcb-e1-dock-28,846d39fa55cc,1,2,5,0,0,1,1.9,0,17,2,0,0,1,43.02
pcb-e1-dock-preroute.kicad_pcb,pcb-e1-dock-28,846d39fa55cc,1,3,5,0,0,0,0,0,17,2,0,0,5,403.58
pcb-e1-dock-preroute.kicad_pcb,pcb-e1-dock-28,846d39fa55cc,1,4,5,0,0,2,8.3,0,18,2,0,0,0,38.73
pcb-e1-dock-preroute.kicad_pcb,pcb-e1-dock-28,846d39fa55cc,1,5,8,0,0,5,3.65,0,18,2,0,0,2,39.58
pcb-e1-dock-preroute.kicad_pcb,pcb-e1-dock-28,846d39fa55cc,1,6,1,0,0,0,0,0,3,2,0,0,0,7.74
pcb-e1-dock-preroute.kicad_pcb,pcb-e1-dock-28,846d39fa55cc,2,0,0,0,0,0,0,0,10,2,0,0,0,17.21
pcb-e1-dock-preroute.kicad_pcb,pcb-e1-dock-28,846d39fa55cc,2,1,3,0,0,0,0,0,14,2,0,0,1,49.86
pcb-e1-dock-preroute.kicad_pcb,pcb-e1-dock-28,846d39fa55cc,2,2,4,0,0,1,1.39,0,17,2,0,0,0,120.8
pcb-e1-dock-preroute.kicad_pcb,pcb-e1-dock-28,846d39fa55cc,2,3,5,0,0,1,1.39,0,17,2,0,0,0,24.67
pcb-e1-dock-preroute.kicad_pcb,pcb-e1-dock-28,846d39fa55cc,2,4,5,0,0,1,4.3,0,18,2,0,0,1,57.26
pcb-e1-dock-preroute.kicad_pcb,pcb-e1-dock-28,846d39fa55cc,2,5,4,0,0,3,1.12,0,17,2,1,0,1,28.65
pcb-e1-dock-preroute.kicad_pcb,pcb-e1-dock-28,846d39fa55cc,2,6,2,0,0,0,0,0,3,2,0,0,0,4.81
pcb-e1-dock-preroute.kicad_pcb,pcb-e1-dock-28,846d39fa55cc,3,0,0,0,0,0,0,0,9,2,0,0,0,36.74
pcb-e1-dock-preroute.kicad_pcb,pcb-e1-dock-28,846d39fa55cc,3,2,2,0,0,0,0,0,13,3,0,0,0,21.45
pcb-e1-dock-preroute.kicad_pcb,pcb-e1-dock-28,846d39fa55cc,3,3,0,0,0,0,0,0,14,3,0,0,0,28.53
pcb-e1-dock-preroute.kicad_pcb,pcb-e1-dock-28,846d39fa55cc,3,4,0,0,0,0,0,0,15,2,0,0,0,21.27
pcb-e1-dock-preroute.kicad_pcb,pcb-e1-dock-28,846d39fa55cc,3,5,0,0,0,0,0,0,14,2,0,0,1,134.55
pcb-e1-dock-preroute.kicad_pcb,pcb-e1-dock-28,846d39fa55cc,3,6,2,0,0,0,0,0,2,2,0,0,0,8.01
pcb-e1-dock-preroute.kicad_pcb,pcb-e1-dock-28,846d39fa55cc,4,1,1,0,0,0,0,0,11,2,0,0,0,0
pcb-e1-dock-preroute.kicad_pcb,pcb-e1-dock-28,846d39fa55cc,4,3,1,0,0,0,0,0,14,3,0,0,0,0
pcb-e1-dock-preroute.kicad_pcb,pcb-e1-dock-28,846d39fa55cc,4,4,5,5,0,5,10.56,0,22,2,0,0,1,30.51
pcb-e1-dock-preroute.kicad_pcb,pcb-e1-dock-28,846d39fa55cc,4,5,8,0,0,0,0,0,21,2,1,0,4,60.07
pcb-e1-dock-preroute.kicad_pcb,pcb-e1-dock-28,846d39fa55cc,4,6,1,0,0,1,4.65,0,3,2,0,0,0,9.34
pcb-e1-dock-preroute.kicad_pcb,pcb-e1-dock-28,846d39fa55cc,5,4,6,5,0,6,12.86,0,24,2,1,0,0,112.6
pcb-e1-dock-preroute.kicad_pcb,pcb-e1-dock-28,846d39fa55cc,5,5,11,0,0,0,0,0,23,2,1,0,1,24.18
pcb-e1-dock-preroute.kicad_pcb,pcb-e1-dock-28,846d39fa55cc,5,6,1,0,0,1,4.65,0,2,2,0,0,0,0
pcb-e1-dock-preroute.kicad_pcb,pcb-e1-dock-28,846d39fa55cc,6,2,0,0,0,3,0,0,13,2,0,0,0,16.96
pcb-e1-dock-preroute.kicad_pcb,pcb-e1-dock-28,846d39fa55cc,6,3,6,0,0,1,14.67,0,17,2,0,0,2,28.95
pcb-e1-dock-preroute.kicad_pcb,pcb-e1-dock-28,846d39fa55cc,6,4,1,0,0,1,2.3,0,24,2,0,0,0,25.63
pcb-e1-dock-preroute.kicad_pcb,pcb-e1-dock-28,846d39fa55cc,6,5,8,0,0,2,4.0,0,22,2,0,0,3,38.81
pcb-e1-dock-preroute.kicad_pcb,pcb-e1-dock-28,846d39fa55cc,6,6,1,0,0,0,0,0,3,2,0,0,0,5.8
pcb-e1-dock-preroute.kicad_pcb,pcb-e1-dock-28,846d39fa55cc,7,0,0,0,0,0,0,0,7,2,0,0,0,20.49
pcb-e1-dock-preroute.kicad_pcb,pcb-e1-dock-28,846d39fa55cc,7,2,0,0,0,3,0,0,14,2,0,0,0,1.38
pcb-e1-dock-preroute.kicad_pcb,pcb-e1-dock-28,846d39fa55cc,7,3,6,0,0,1,6.6,0,20,2,0,0,1,18.51
pcb-e1-dock-preroute.kicad_pcb,pcb-e1-dock-28,846d39fa55cc,7,4,8,0,0,6,6.84,0,28,2,0,0,2,66.35
pcb-e1-dock-preroute.kicad_pcb,pcb-e1-dock-28,846d39fa55cc,7,5,4,0,0,0,0,0,25,2,0,0,1,36.43
pcb-e1-dock-preroute.kicad_pcb,pcb-e1-dock-28,846d39fa55cc,7,6,1,0,0,0,0,0,6,2,0,0,1,22.78
pcb-e1-dock-preroute.kicad_pcb,pcb-e1-dock-28,846d39fa55cc,8,1,1,0,0,0,0,0,11,2,0,0,1,0
pcb-e1-dock-preroute.kicad_pcb,pcb-e1-dock-28,846d39fa55cc,8,2,0,0,0,0,0,0,14,2,0,0,0,82.58
pcb-e1-dock-preroute.kicad_pcb,pcb-e1-dock-28,846d39fa55cc,8,3,1,0,0,0,0,0,20,2,0,0,0,0
pcb-e1-dock-preroute.kicad_pcb,pcb-e1-dock-28,846d39fa55cc,8,4,12,6,0,5,10.17,0,28,2,0,0,3,98.5
pcb-e1-dock-preroute.kicad_pcb,pcb-e1-dock-28,846d39fa55cc,8,5,3,0,0,0,0,0,26,2,0,0,4,86.52
pcb-e1-dock-preroute.kicad_pcb,pcb-e1-dock-28,846d39fa55cc,8,6,2,0,0,0,0,0,7,2,0,0,1,27.79
pcb-e1-dock-preroute.kicad_pcb,pcb-e1-dock-28,846d39fa55cc,9,0,0,0,0,0,0,0,7,2,0,0,1,119.32
pcb-e1-dock-preroute.kicad_pcb,pcb-e1-dock-28,846d39fa55cc,9,1,1,0,0,0,0,0,11,3,0,0,0,75.69
pcb-e1-dock-preroute.kicad_pcb,pcb-e1-dock-28,846d39fa55cc,9,3,1,0,0,0,0,0,20,2,0,0,0,0
pcb-e1-dock-preroute.kicad_pcb,pcb-e1-dock-28,846d39fa55cc,9,4,1,0,0,3,0,0,28,2,0,0,0,67.69
pcb-e1-dock-preroute.kicad_pcb,pcb-e1-dock-28,846d39fa55cc,9,5,4,0,0,0,0,0,26,2,0,0,4,32.53
pcb-e1-dock-preroute.kicad_pcb,pcb-e1-dock-28,846d39fa55cc,9,6,2,0,0,0,0,0,7,2,0,0,0,13.78
pcb-e1-dock-preroute.kicad_pcb,pcb-e1-dock-28,846d39fa55cc,10,4,3,0,0,1,2.9,0,26,2,0,0,0,35.17
pcb-e1-dock-preroute.kicad_pcb,pcb-e1-dock-28,846d39fa55cc,10,5,6,0,0,3,2.25,0,24,2,0,0,3,44.64
pcb-e1-dock-preroute.kicad_pcb,pcb-e1-dock-28,846d39fa55cc,10,6,2,0,0,0,0,0,6,2,0,0,0,20.12
pcb-e1-dock-preroute.kicad_pcb,pcb-e1-dock-28,846d39fa55cc,11,1,1,0,0,0,0,0,11,4,0,0,0,0
pcb-e1-dock-preroute.kicad_pcb,pcb-e1-dock-28,846d39fa55cc,11,2,0,0,0,0,0,0,14,4,0,0,1,72.15
pcb-e1-dock-preroute.kicad_pcb,pcb-e1-dock-28,846d39fa55cc,11,3,1,0,0,0,0,0,20,2,0,0,0,0
pcb-e1-dock-preroute.kicad_pcb,pcb-e1-dock-28,846d39fa55cc,11,4,2,0,0,1,2.9,0,23,2,0,0,1,72.78
pcb-e1-dock-preroute.kicad_pcb,pcb-e1-dock-28,846d39fa55cc,11,5,5,0,0,2,6.53,0,21,2,0,0,0,18.01
pcb-e1-dock-preroute.kicad_pcb,pcb-e1-dock-28,846d39fa55cc,11,6,0,0,0,0,0,0,5,2,0,0,1,129.48
pcb-e1-dock-preroute.kicad_pcb,pcb-e1-dock-28,846d39fa55cc,12,1,1,0,0,0,0,0,11,3,0,0,0,0
pcb-e1-dock-preroute.kicad_pcb,pcb-e1-dock-28,846d39fa55cc,12,3,1,0,0,0,0,0,21,2,0,0,0,0
pcb-e1-dock-preroute.kicad_pcb,pcb-e1-dock-28,846d39fa55cc,12,4,2,0,0,2,4.7,0,23,2,0,0,0,41.6
pcb-e1-dock-preroute.kicad_pcb,pcb-e1-dock-28,846d39fa55cc,12,5,2,0,0,3,3.1,0,20,2,0,0,0,20.14
pcb-e1-dock-preroute.kicad_pcb,pcb-e1-dock-28,846d39fa55cc,12,6,2,0,0,0,0,0,6,2,0,0,0,2.67
pcb-e1-dock-preroute.kicad_pcb,pcb-e1-dock-28,846d39fa55cc,13,1,1,0,0,0,0,0,11,4,0,0,0,0
pcb-e1-dock-preroute.kicad_pcb,pcb-e1-dock-28,846d39fa55cc,13,2,0,0,0,0,0,0,14,4,0,0,0,49.96
pcb-e1-dock-preroute.kicad_pcb,pcb-e1-dock-28,846d39fa55cc,13,3,1,0,0,1,0,0,21,2,0,0,0,10.78
pcb-e1-dock-preroute.kicad_pcb,pcb-e1-dock-28,846d39fa55cc,13,4,5,0,0,4,10.2,0,23,2,0,0,0,4.7
pcb-e1-dock-preroute.kicad_pcb,pcb-e1-dock-28,846d39fa55cc,13,5,1,0,0,1,1.4,0,20,2,0,0,0,117.52
pcb-e1-dock-preroute.kicad_pcb,pcb-e1-dock-28,846d39fa55cc,13,6,2,0,0,0,0,0,6,2,0,0,0,14.62
pcb-e1-dock-preroute.kicad_pcb,pcb-e1-dock-28,846d39fa55cc,14,1,0,0,0,0,0,0,11,4,0,0,0,54.66
pcb-e1-dock-preroute.kicad_pcb,pcb-e1-dock-28,846d39fa55cc,14,3,0,0,0,2,0,0,21,2,0,0,0,1.47
pcb-e1-dock-preroute.kicad_pcb,pcb-e1-dock-28,846d39fa55cc,14,4,3,0,0,9,5.5,0,25,2,0,0,0,26.75
pcb-e1-dock-preroute.kicad_pcb,pcb-e1-dock-28,846d39fa55cc,14,5,3,0,0,0,0,0,23,2,0,0,0,19.23
pcb-e1-dock-preroute.kicad_pcb,pcb-e1-dock-28,846d39fa55cc,14,6,2,0,0,0,0,0,5,2,0,0,0,47.62
pcb-e1-dock-preroute.kicad_pcb,pcb-e1-dock-28,846d39fa55cc,15,1,1,0,0,0,0,0,11,3,0,0,0,0
pcb-e1-dock-preroute.kicad_pcb,pcb-e1-dock-28,846d39fa55cc,15,3,9,0,0,4,4.69,0,22,2,0,0,3,447.31
pcb-e1-dock-preroute.kicad_pcb,pcb-e1-dock-28,846d39fa55cc,15,4,20,0,0,11,6.45,0,31,2,0,0,10,111.3
pcb-e1-dock-preroute.kicad_pcb,pcb-e1-dock-28,846d39fa55cc,15,5,6,0,0,0,0,0,27,2,0,0,5,121.03
pcb-e1-dock-preroute.kicad_pcb,pcb-e1-dock-28,846d39fa55cc,16,1,1,0,0,0,0,0,11,3,0,0,0,0
pcb-e1-dock-preroute.kicad_pcb,pcb-e1-dock-28,846d39fa55cc,16,3,9,0,0,3,2.15,0,24,2,0,0,2,6.24
pcb-e1-dock-preroute.kicad_pcb,pcb-e1-dock-28,846d39fa55cc,16,4,20,0,0,8,8.99,0,35,2,0,0,9,53.79
pcb-e1-dock-preroute.kicad_pcb,pcb-e1-dock-28,846d39fa55cc,16,5,4,0,0,0,0,0,29,2,0,0,2,93.09
pcb-e1-dock-preroute.kicad_pcb,pcb-e1-dock-28,846d39fa55cc,17,0,0,0,0,0,0,0,7,2,0,0,1,3.55
pcb-e1-dock-preroute.kicad_pcb,pcb-e1-dock-28,846d39fa55cc,17,3,0,0,0,0,0,0,27,2,0,0,1,78.74
pcb-e1-dock-preroute.kicad_pcb,pcb-e1-dock-28,846d39fa55cc,17,4,12,12,0,11,21.59,0,43,2,0,0,4,90.96
pcb-e1-dock-preroute.kicad_pcb,pcb-e1-dock-28,846d39fa55cc,17,5,3,0,0,1,0,0,29,2,0,0,1,63.89
pcb-e1-dock-preroute.kicad_pcb,pcb-e1-dock-28,846d39fa55cc,18,0,0,0,0,1,0,0,7,2,0,0,2,135.6
pcb-e1-dock-preroute.kicad_pcb,pcb-e1-dock-28,846d39fa55cc,18,1,1,0,0,0,0,0,11,3,0,0,0,7.55
pcb-e1-dock-preroute.kicad_pcb,pcb-e1-dock-28,846d39fa55cc,18,2,1,0,0,1,1.12,0,14,3,0,0,0,11.58
pcb-e1-dock-preroute.kicad_pcb,pcb-e1-dock-28,846d39fa55cc,18,3,2,0,0,0,0,0,27,2,0,0,0,19.82
pcb-e1-dock-preroute.kicad_pcb,pcb-e1-dock-28,846d39fa55cc,18,4,36,33,1,15,32.8,0,42,2,0,0,9,84.86
pcb-e1-dock-preroute.kicad_pcb,pcb-e1-dock-28,846d39fa55cc,18,5,1,0,0,6,6.84,0,27,2,0,0,4,126.8
pcb-e1-dock-preroute.kicad_pcb,pcb-e1-dock-28,846d39fa55cc,18,6,0,0,0,0,0,0,6,2,0,0,1,32.45
pcb-e1-dock-preroute.kicad_pcb,pcb-e1-dock-28,846d39fa55cc,19,0,20,14,0,12,25.06,0,9,2,0,0,3,366.1
pcb-e1-dock-preroute.kicad_pcb,pcb-e1-dock-28,846d39fa55cc,19,1,12,0,0,3,3.16,0,13,2,0,0,2,52.06
pcb-e1-dock-preroute.kicad_pcb,pcb-e1-dock-28,846d39fa55cc,19,2,7,0,0,3,3.38,0,16,2,0,0,0,76.75
pcb-e1-dock-preroute.kicad_pcb,pcb-e1-dock-28,846d39fa55cc,19,3,8,0,0,4,4.92,0,28,2,0,0,2,426.75
pcb-e1-dock-preroute.kicad_pcb,pcb-e1-dock-28,846d39fa55cc,19,4,17,0,0,7,10.12,0,35,2,0,0,4,80.07
pcb-e1-dock-preroute.kicad_pcb,pcb-e1-dock-28,846d39fa55cc,19,5,0,0,0,0,0,0,23,2,0,0,1,8.04
pcb-e1-dock-preroute.kicad_pcb,pcb-e1-dock-28,846d39fa55cc,20,1,1,0,0,0,0,0,11,3,0,0,0,56.84
pcb-e1-dock-preroute.kicad_pcb,pcb-e1-dock-28,846d39fa55cc,20,2,0,0,0,0,0,0,15,3,0,0,1,22.68
pcb-e1-dock-preroute.kicad_pcb,pcb-e1-dock-28,846d39fa55cc,20,3,4,0,0,3,5.82,0,23,2,0,0,0,9.57
pcb-e1-dock-preroute.kicad_pcb,pcb-e1-dock-28,846d39fa55cc,20,4,3,0,0,5,4.8,0,25,2,0,0,4,80.33
pcb-e1-dock-preroute.kicad_pcb,pcb-e1-dock-28,846d39fa55cc,20,5,2,0,0,1,2.65,0,22,2,0,0,0,38.19
pcb-e1-dock-preroute.kicad_pcb,pcb-e1-dock-28,846d39fa55cc,20,6,2,0,0,1,3.1,0,5,2,0,0,0,0.0
pcb-e1-dock-preroute.kicad_pcb,pcb-e1-dock-28,846d39fa55cc,21,3,9,3,0,6,5.09,0,24,2,0,0,3,30.51
pcb-e1-dock-preroute.kicad_pcb,pcb-e1-dock-28,846d39fa55cc,21,4,5,0,0,3,2.65,0,26,2,0,0,2,12.75
pcb-e1-dock-preroute.kicad_pcb,pcb-e1-dock-28,846d39fa55cc,21,5,2,0,0,2,4.2,0,22,2,0,0,0,8.58
pcb-e1-dock-preroute.kicad_pcb,pcb-e1-dock-28,846d39fa55cc,21,6,3,0,0,3,2.52,0,6,2,0,0,1,33.56
pcb-e1-dock-preroute.kicad_pcb,pcb-e1-dock-28,846d39fa55cc,22,1,1,0,0,0,0,0,11,3,0,0,0,0
pcb-e1-dock-preroute.kicad_pcb,pcb-e1-dock-28,846d39fa55cc,22,2,0,0,0,0,0,0,15,3,0,0,1,51.89
pcb-e1-dock-preroute.kicad_pcb,pcb-e1-dock-28,846d39fa55cc,22,3,4,3,0,3,5.09,0,23,2,0,0,2,242.69
pcb-e1-dock-preroute.kicad_pcb,pcb-e1-dock-28,846d39fa55cc,22,4,0,0,0,0,0,0,25,2,0,0,7,176.92
pcb-e1-dock-preroute.kicad_pcb,pcb-e1-dock-28,846d39fa55cc,22,5,1,0,0,1,1.55,0,21,2,0,0,1,16.69
pcb-e1-dock-preroute.kicad_pcb,pcb-e1-dock-28,846d39fa55cc,22,6,3,0,0,1,2.52,0,5,2,0,0,3,183.21
pcb-e1-dock-preroute.kicad_pcb,pcb-e1-dock-28,846d39fa55cc,23,1,1,0,0,0,0,0,11,3,0,0,0,0
pcb-e1-dock-preroute.kicad_pcb,pcb-e1-dock-28,846d39fa55cc,23,3,1,0,0,0,0,0,29,2,0,0,0,79.17
pcb-e1-dock-preroute.kicad_pcb,pcb-e1-dock-28,846d39fa55cc,23,4,37,37,0,28,28.82,0,37,2,0,0,8,154.9
pcb-e1-dock-preroute.kicad_pcb,pcb-e1-dock-28,846d39fa55cc,23,5,24,24,0,17,21.41,0,25,2,1,0,2,153.48
pcb-e1-dock-preroute.kicad_pcb,pcb-e1-dock-28,846d39fa55cc,23,6,1,0,0,1,0,0,3,2,0,0,0,5.09
pcb-e1-dock-preroute.kicad_pcb,pcb-e1-dock-28,846d39fa55cc,24,3,12,10,0,9,17.49,0,17,2,0,0,2,43.29
pcb-e1-dock-preroute.kicad_pcb,pcb-e1-dock-28,846d39fa55cc,24,4,13,0,0,6,3.38,20.26,24,2,0,0,7,153.96
pcb-e1-dock-preroute.kicad_pcb,pcb-e1-dock-28,846d39fa55cc,24,5,5,0,0,2,1.12,0,14,2,0,0,2,70.93
pcb-e1-dock-preroute.kicad_pcb,pcb-e1-dock-28,846d39fa55cc,25,1,1,0,0,0,0,0,5,3,0,0,0,0
pcb-e1-dock-preroute.kicad_pcb,pcb-e1-dock-28,846d39fa55cc,25,2,1,0,0,0,0,0,5,4,0,0,0,0
pcb-e1-dock-preroute.kicad_pcb,pcb-e1-dock-28,846d39fa55cc,25,3,5,0,0,2,2.5,0,11,3,0,0,1,39.18
pcb-e1-dock-preroute.kicad_pcb,pcb-e1-dock-28,846d39fa55cc,25,4,15,0,0,5,6.75,0,14,2,0,0,2,72.39
pcb-e1-dock-preroute.kicad_pcb,pcb-e1-dock-28,846d39fa55cc,25,5,5,0,0,0,0,0,9,2,0,0,2,84.23
pcb-e1-dock-preroute.kicad_pcb,pcb-e1-dock-28,846d39fa55cc,26,3,2,0,0,0,0,0,7,3,0,0,1,5.9
pcb-e1-dock-preroute.kicad_pcb,pcb-e1-dock-28,846d39fa55cc,26,4,7,0,0,3,3.38,0,8,2,0,0,0,12.27
pcb-e1-dock-preroute.kicad_pcb,pcb-e1-dock-28,846d39fa55cc,26,5,2,0,0,1,0,0,6,2,0,0,0,7.13
pcb-e1-dock-preroute.kicad_pcb,pcb-e1-dock-29,24da81dabeff,0,0,3,0,0,0,0,0,6,2,0,0,0,88.69
pcb-e1-dock-preroute.kicad_pcb,pcb-e1-dock-29,24da81dabeff,0,1,4,0,0,0,0,0,10,2,0,0,0,20.8
pcb-e1-dock-preroute.kicad_pcb,pcb-e1-dock-29,24da81dabeff,0,2,3,0,0,1,1.9,0,11,2,0,0,0,31.98
pcb-e1-dock-preroute.kicad_pcb,pcb-e1-dock-29,24da81dabeff,0,3,3,0,0,0,0,0,13,2,0,0,0,51.63
pcb-e1-dock-preroute.kicad_pcb,pcb-e1-dock-29,24da81dabeff,0,4,8,6,0,5,15.12,0,14,2,0,0,0,17.03
pcb-e1-dock-preroute.kicad_pcb,pcb-e1-dock-29,24da81dabeff,0,5,8,0,0,4,3.39,0,13,2,0,0,2,61.95
pcb-e1-dock-preroute.kicad_pcb,pcb-e1-dock-29,24da81dabeff,0,6,1,0,0,0,0,0,2,2,1,0,0,0
pcb-e1-dock-preroute.kicad_pcb,pcb-e1-dock-29,24da81dabeff,1,0,6,0,0,0,0,0,10,2,0,0,0,39.27
pcb-e1-dock-preroute.kicad_pcb,pcb-e1-dock-29,24da81dabeff,1,1,7,0,0,0,0,0,14,2,0,0,0,62.76
pcb-e1-dock-preroute.kicad_pcb,pcb-e1-dock-29,24da81dabeff,1,2,5,0,0,1,1.9,0,17,2,0,0,3,153.81
pcb-e1-dock-preroute.kicad_pcb,pcb-e1-dock-29,24da81dabeff,1,3,5,0,0,0,0,0,17,2,0,0,3,234.45
pcb-e1-dock-preroute.kicad_pcb,pcb-e1-dock-29,24da81dabeff,1,4,5,0,0,2,8.3,0,18,2,0,0,0,21.74
pcb-e1-dock-preroute.kicad_pcb,pcb-e1-dock-29,24da81dabeff,1,5,8,0,0,6,3.65,0,18,2,0,0,1,36.6
pcb-e1-dock-preroute.kicad_pcb,pcb-e1-dock-29,24da81dabeff,1,6,1,0,0,0,0,0,3,2,0,0,0,7.74
pcb-e1-dock-preroute.kicad_pcb,pcb-e1-dock-29,24da81dabeff,2,0,0,0,0,0,0,0,10,2,0,0,0,347.1
pcb-e1-dock-preroute.kicad_pcb,pcb-e1-dock-29,24da81dabeff,2,1,3,0,0,0,0,0,14,2,0,0,0,35.16
pcb-e1-dock-preroute.kicad_pcb,pcb-e1-dock-29,24da81dabeff,2,2,6,0,0,2,2.77,0,17,2,0,0,1,103.72
pcb-e1-dock-preroute.kicad_pcb,pcb-e1-dock-29,24da81dabeff,2,3,4,0,0,0,0,0,17,2,0,0,4,229.57
pcb-e1-dock-preroute.kicad_pcb,pcb-e1-dock-29,24da81dabeff,2,4,5,0,0,1,4.3,0,18,2,0,0,1,105.26
pcb-e1-dock-preroute.kicad_pcb,pcb-e1-dock-29,24da81dabeff,2,5,4,0,0,2,1.12,0,17,2,0,0,1,4.51
pcb-e1-dock-preroute.kicad_pcb,pcb-e1-dock-29,24da81dabeff,2,6,2,0,0,0,0,0,3,2,0,0,0,4.81
pcb-e1-dock-preroute.kicad_pcb,pcb-e1-dock-29,24da81dabeff,3,2,1,0,0,0,0,0,12,3,0,0,0,0
pcb-e1-dock-preroute.kicad_pcb,pcb-e1-dock-29,24da81dabeff,3,4,0,0,0,0,0,0,15,2,0,0,0,67.8
pcb-e1-dock-preroute.kicad_pcb,pcb-e1-dock-29,24da81dabeff,3,5,0,0,0,0,0,0,14,2,0,0,1,40.3
pcb-e1-dock-preroute.kicad_pcb,pcb-e1-dock-29,24da81dabeff,3,6,2,0,0,0,0,0,2,2,0,0,0,11.96
pcb-e1-dock-preroute.kicad_pcb,pcb-e1-dock-29,24da81dabeff,4,1,1,0,0,0,0,0,11,2,0,0,0,0
pcb-e1-dock-preroute.kicad_pcb,pcb-e1-dock-29,24da81dabeff,4,3,1,0,0,0,0,0,14,3,0,0,0,0
pcb-e1-dock-preroute.kicad_pcb,pcb-e1-dock-29,24da81dabeff,4,4,5,5,0,5,10.56,0,22,2,0,0,3,77.03
pcb-e1-dock-preroute.kicad_pcb,pcb-e1-dock-29,24da81dabeff,4,5,8,0,0,0,0,0,21,2,0,0,4,122.55
pcb-e1-dock-preroute.kicad_pcb,pcb-e1-dock-29,24da81dabeff,4,6,1,0,0,1,4.65,0,3,2,0,0,0,9.34
pcb-e1-dock-preroute.kicad_pcb,pcb-e1-dock-29,24da81dabeff,5,4,6,5,0,6,12.86,0,24,2,0,0,0,38.73
pcb-e1-dock-preroute.kicad_pcb,pcb-e1-dock-29,24da81dabeff,5,5,11,0,0,0,0,0,23,2,0,0,6,72.66
pcb-e1-dock-preroute.kicad_pcb,pcb-e1-dock-29,24da81dabeff,5,6,1,0,0,1,4.65,0,2,2,0,0,0,0
pcb-e1-dock-preroute.kicad_pcb,pcb-e1-dock-29,24da81dabeff,6,2,0,0,0,3,0,0,13,2,0,0,0,33.94
pcb-e1-dock-preroute.kicad_pcb,pcb-e1-dock-29,24da81dabeff,6,3,6,0,0,1,14.67,0,17,2,0,0,1,7.9
pcb-e1-dock-preroute.kicad_pcb,pcb-e1-dock-29,24da81dabeff,6,4,1,0,0,1,2.3,0,24,2,0,0,0,79.92
pcb-e1-dock-preroute.kicad_pcb,pcb-e1-dock-29,24da81dabeff,6,5,8,0,0,2,4.0,0,22,2,0,0,2,98.63
pcb-e1-dock-preroute.kicad_pcb,pcb-e1-dock-29,24da81dabeff,6,6,1,0,0,0,0,0,3,2,0,0,1,10.84
pcb-e1-dock-preroute.kicad_pcb,pcb-e1-dock-29,24da81dabeff,7,2,0,0,0,3,0,0,14,2,0,0,0,115.8
pcb-e1-dock-preroute.kicad_pcb,pcb-e1-dock-29,24da81dabeff,7,3,6,0,0,1,6.6,0,20,2,0,0,0,234.01
pcb-e1-dock-preroute.kicad_pcb,pcb-e1-dock-29,24da81dabeff,7,4,10,0,0,6,6.84,0,28,2,0,0,2,84.67
pcb-e1-dock-preroute.kicad_pcb,pcb-e1-dock-29,24da81dabeff,7,5,4,0,0,0,0,0,25,2,0,0,3,256.99
pcb-e1-dock-preroute.kicad_pcb,pcb-e1-dock-29,24da81dabeff,7,6,1,0,0,0,0,0,6,2,0,0,0,3.25
pcb-e1-dock-preroute.kicad_pcb,pcb-e1-dock-29,24da81dabeff,8,0,0,0,0,0,0,0,7,2,0,0,0,10.04
pcb-e1-dock-preroute.kicad_pcb,pcb-e1-dock-29,24da81dabeff,8,1,1,0,0,0,0,0,11,2,0,0,1,59.67
pcb-e1-dock-preroute.kicad_pcb,pcb-e1-dock-29,24da81dabeff,8,2,0,0,0,0,0,0,14,2,0,0,0,19.74
pcb-e1-dock-preroute.kicad_pcb,pcb-e1-dock-29,24da81dabeff,8,3,1,0,0,0,0,0,20,2,0,0,2,161.54
pcb-e1-dock-preroute.kicad_pcb,pcb-e1-dock-29,24da81dabeff,8,4,10,6,0,5,10.17,0,28,2,0,0,3,48.07
pcb-e1-dock-preroute.kicad_pcb,pcb-e1-dock-29,24da81dabeff,8,5,3,0,0,0,0,0,26,2,0,0,4,73.6
pcb-e1-dock-preroute.kicad_pcb,pcb-e1-dock-29,24da81dabeff,8,6,2,0,0,0,0,0,7,2,0,0,0,13.6
pcb-e1-dock-preroute.kicad_pcb,pcb-e1-dock-29,24da81dabeff,9,1,1,0,0,0,0,0,11,3,0,0,0,0
pcb-e1-dock-preroute.kicad_pcb,pcb-e1-dock-29,24da81dabeff,9,2,0,0,0,0,0,0,14,3,0,0,0,234.04
pcb-e1-dock-preroute.kicad_pcb,pcb-e1-dock-29,24da81dabeff,9,3,1,0,0,0,0,0,20,2,0,0,0,148.8
pcb-e1-dock-preroute.kicad_pcb,pcb-e1-dock-29,24da81dabeff,9,4,1,0,0,3,0,0,28,2,0,0,3,50.25
pcb-e1-dock-preroute.kicad_pcb,pcb-e1-dock-29,24da81dabeff,9,5,5,0,0,0,0,0,26,2,0,0,1,38.76
pcb-e1-dock-preroute.kicad_pcb,pcb-e1-dock-29,24da81dabeff,9,6,2,0,0,0,0,0,7,2,0,0,0,14.91
pcb-e1-dock-preroute.kicad_pcb,pcb-e1-dock-29,24da81dabeff,10,3,0,0,0,0,0,0,20,2,0,0,0,88.37
pcb-e1-dock-preroute.kicad_pcb,pcb-e1-dock-29,24da81dabeff,10,4,3,0,0,1,2.9,0,26,2,0,0,0,55.69
pcb-e1-dock-preroute.kicad_pcb,pcb-e1-dock-29,24da81dabeff,10,5,5,0,0,3,2.25,0,24,2,0,0,1,73.54
pcb-e1-dock-preroute.kicad_pcb,pcb-e1-dock-29,24da81dabeff,10,6,2,0,0,0,0,0,6,2,0,0,0,3.4
pcb-e1-dock-preroute.kicad_pcb,pcb-e1-dock-29,24da81dabeff,11,1,1,0,0,0,0,0,11,4,0,0,0,0
pcb-e1-dock-preroute.kicad_pcb,pcb-e1-dock-29,24da81dabeff,11,3,1,0,0,0,0,0,20,2,0,0,0,0
pcb-e1-dock-preroute.kicad_pcb,pcb-e1-dock-29,24da81dabeff,11,4,2,0,0,1,2.9,0,23,2,0,0,0,9.1
pcb-e1-dock-preroute.kicad_pcb,pcb-e1-dock-29,24da81dabeff,11,5,5,0,0,2,6.53,0,21,2,1,0,0,41.65
pcb-e1-dock-preroute.kicad_pcb,pcb-e1-dock-29,24da81dabeff,12,1,1,0,0,0,0,0,11,3,0,0,0,0
pcb-e1-dock-preroute.kicad_pcb,pcb-e1-dock-29,24da81dabeff,12,3,1,0,0,0,0,0,21,2,0,0,0,0
pcb-e1-dock-preroute.kicad_pcb,pcb-e1-dock-29,24da81dabeff,12,4,2,0,0,2,4.7,0,23,2,0,0,0,42.66
pcb-e1-dock-preroute.kicad_pcb,pcb-e1-dock-29,24da81dabeff,12,5,2,0,0,3,3.1,0,20,2,0,0,0,27.26
pcb-e1-dock-preroute.kicad_pcb,pcb-e1-dock-29,24da81dabeff,12,6,2,0,0,0,0,0,6,2,0,0,1,58.55
pcb-e1-dock-preroute.kicad_pcb,pcb-e1-dock-29,24da81dabeff,13,1,1,0,0,0,0,0,11,4,0,0,0,0
pcb-e1-dock-preroute.kicad_pcb,pcb-e1-dock-29,24da81dabeff,13,2,0,0,0,0,0,0,14,4,0,0,0,44.12
pcb-e1-dock-preroute.kicad_pcb,pcb-e1-dock-29,24da81dabeff,13,3,1,0,0,0,0,0,21,2,0,0,0,0
pcb-e1-dock-preroute.kicad_pcb,pcb-e1-dock-29,24da81dabeff,13,4,5,0,0,5,10.2,0,23,2,0,0,0,12.59
pcb-e1-dock-preroute.kicad_pcb,pcb-e1-dock-29,24da81dabeff,13,5,1,0,0,1,1.4,0,20,2,0,0,0,6.61
pcb-e1-dock-preroute.kicad_pcb,pcb-e1-dock-29,24da81dabeff,13,6,2,0,0,0,0,0,6,2,0,0,0,4.49
pcb-e1-dock-preroute.kicad_pcb,pcb-e1-dock-29,24da81dabeff,14,3,0,0,0,3,0,0,21,2,0,0,2,24.96
pcb-e1-dock-preroute.kicad_pcb,pcb-e1-dock-29,24da81dabeff,14,4,7,0,0,8,9.8,0,26,2,0,0,0,35.74
pcb-e1-dock-preroute.kicad_pcb,pcb-e1-dock-29,24da81dabeff,14,5,3,0,0,0,0,0,23,2,0,0,1,41.32
pcb-e1-dock-preroute.kicad_pcb,pcb-e1-dock-29,24da81dabeff,14,6,2,0,0,0,0,0,5,2,0,0,0,5.66
pcb-e1-dock-preroute.kicad_pcb,pcb-e1-dock-29,24da81dabeff,15,1,1,0,0,0,0,0,11,3,0,0,0,0
pcb-e1-dock-preroute.kicad_pcb,pcb-e1-dock-29,24da81dabeff,15,3,11,0,0,5,3.58,0,22,2,0,0,4,16.68
pcb-e1-dock-preroute.kicad_pcb,pcb-e1-dock-29,24da81dabeff,15,4,14,0,0,7,0.72,0,31,2,0,0,4,66.0
pcb-e1-dock-preroute.kicad_pcb,pcb-e1-dock-29,24da81dabeff,15,5,6,0,0,0,0,0,27,2,1,0,4,118.01
pcb-e1-dock-preroute.kicad_pcb,pcb-e1-dock-29,24da81dabeff,15,6,0,0,0,0,0,0,5,2,0,0,0,108.99
pcb-e1-dock-preroute.kicad_pcb,pcb-e1-dock-29,24da81dabeff,16,1,1,0,0,0,0,0,11,3,0,0,0,0
pcb-e1-dock-preroute.kicad_pcb,pcb-e1-dock-29,24da81dabeff,16,2,0,0,0,0,0,0,14,3,0,0,0,17.58
pcb-e1-dock-preroute.kicad_pcb,pcb-e1-dock-29,24da81dabeff,16,3,9,0,0,4,4.69,0,24,2,0,0,3,33.53
pcb-e1-dock-preroute.kicad_pcb,pcb-e1-dock-29,24da81dabeff,16,4,20,0,0,10,8.99,0,35,2,0,0,7,43.57
pcb-e1-dock-preroute.kicad_pcb,pcb-e1-dock-29,24da81dabeff,16,5,4,0,0,0,0,0,29,2,0,0,4,104.3
pcb-e1-dock-preroute.kicad_pcb,pcb-e1-dock-29,24da81dabeff,17,3,0,0,0,0,0,0,26,2,0,0,1,72.92
pcb-e1-dock-preroute.kicad_pcb,pcb-e1-dock-29,24da81dabeff,17,4,12,12,0,11,21.59,0,43,2,0,0,6,145.8
pcb-e1-dock-preroute.kicad_pcb,pcb-e1-dock-29,24da81dabeff,17,5,3,0,0,1,0,0,29,2,0,0,5,86.67
pcb-e1-dock-preroute.kicad_pcb,pcb-e1-dock-29,24da81dabeff,18,0,0,0,0,1,0,0,7,2,0,0,3,323.56
pcb-e1-dock-preroute.kicad_pcb,pcb-e1-dock-29,24da81dabeff,18,1,1,0,0,0,0,0,11,3,0,0,1,0.38
pcb-e1-dock-preroute.kicad_pcb,pcb-e1-dock-29,24da81dabeff,18,2,0,0,0,1,0,0,14,3,0,0,1,40.45
pcb-e1-dock-preroute.kicad_pcb,pcb-e1-dock-29,24da81dabeff,18,3,1,0,0,0,0,0,26,2,0,0,1,50.63
pcb-e1-dock-preroute.kicad_pcb,pcb-e1-dock-29,24da81dabeff,18,4,37,33,1,15,32.8,0,42,2,0,0,11,108.74
pcb-e1-dock-preroute.kicad_pcb,pcb-e1-dock-29,24da81dabeff,18,5,0,0,0,6,6.84,0,27,2,0,0,3,77.5
pcb-e1-dock-preroute.kicad_pcb,pcb-e1-dock-29,24da81dabeff,19,0,20,14,0,12,25.06,0,9,2,0,0,2,76.84
pcb-e1-dock-preroute.kicad_pcb,pcb-e1-dock-29,24da81dabeff,19,1,12,0,0,3,3.16,0,13,2,0,0,1,193.06
pcb-e1-dock-preroute.kicad_pcb,pcb-e1-dock-29,24da81dabeff,19,2,8,0,0,3,4.5,0,16,2,0,0,0,103.26
pcb-e1-dock-preroute.kicad_pcb,pcb-e1-dock-29,24da81dabeff,19,3,6,0,0,3,3.8,0,29,2,0,0,1,167.66
pcb-e1-dock-preroute.kicad_pcb,pcb-e1-dock-29,24da81dabeff,19,4,17,0,0,8,10.12,0,37,2,0,0,4,98.63
pcb-e1-dock-preroute.kicad_pcb,pcb-e1-dock-29,24da81dabeff,19,5,1,0,0,0,0,0,25,2,0,0,1,16.71
pcb-e1-dock-preroute.kicad_pcb,pcb-e1-dock-29,24da81dabeff,20,1,1,0,0,0,0,0,11,3,0,0,0,49.45
pcb-e1-dock-preroute.kicad_pcb,pcb-e1-dock-29,24da81dabeff,20,3,6,0,0,4,7.24,0,24,2,0,0,0,8.03
pcb-e1-dock-preroute.kicad_pcb,pcb-e1-dock-29,24da81dabeff,20,4,3,0,0,4,4.5,0,26,2,0,0,2,86.96
pcb-e1-dock-preroute.kicad_pcb,pcb-e1-dock-29,24da81dabeff,20,5,2,0,0,1,2.65,0,22,2,0,0,3,52.33
pcb-e1-dock-preroute.kicad_pcb,pcb-e1-dock-29,24da81dabeff,20,6,2,0,0,2,3.1,0,5,2,0,0,0,39.48
pcb-e1-dock-preroute.kicad_pcb,pcb-e1-dock-29,24da81dabeff,21,2,0,0,0,0,0,0,15,4,0,0,2,24.68
pcb-e1-dock-preroute.kicad_pcb,pcb-e1-dock-29,24da81dabeff,21,3,10,3,0,6,5.09,0,24,2,0,0,2,26.78
pcb-e1-dock-preroute.kicad_pcb,pcb-e1-dock-29,24da81dabeff,21,4,4,0,0,3,2.65,0,26,2,0,0,2,32.73
pcb-e1-dock-preroute.kicad_pcb,pcb-e1-dock-29,24da81dabeff,21,5,2,0,0,2,4.2,0,22,2,0,0,1,18.79
pcb-e1-dock-preroute.kicad_pcb,pcb-e1-dock-29,24da81dabeff,21,6,3,0,0,2,2.52,0,6,2,0,0,2,61.26
pcb-e1-dock-preroute.kicad_pcb,pcb-e1-dock-29,24da81dabeff,22,1,1,0,0,0,0,0,11,3,0,0,0,0
pcb-e1-dock-preroute.kicad_pcb,pcb-e1-dock-29,24da81dabeff,22,2,0,0,0,0,0,0,15,3,0,0,1,1.87
pcb-e1-dock-preroute.kicad_pcb,pcb-e1-dock-29,24da81dabeff,22,3,4,3,0,3,5.09,0,23,2,0,0,1,189.1
pcb-e1-dock-preroute.kicad_pcb,pcb-e1-dock-29,24da81dabeff,22,4,0,0,0,0,0,0,25,2,0,0,7,70.2
pcb-e1-dock-preroute.kicad_pcb,pcb-e1-dock-29,24da81dabeff,22,5,1,0,0,1,1.55,0,21,2,0,0,0,22.73
pcb-e1-dock-preroute.kicad_pcb,pcb-e1-dock-29,24da81dabeff,22,6,3,0,0,1,2.52,0,5,2,0,0,0,120.89
pcb-e1-dock-preroute.kicad_pcb,pcb-e1-dock-29,24da81dabeff,23,1,1,0,0,0,0,0,11,3,0,0,0,0
pcb-e1-dock-preroute.kicad_pcb,pcb-e1-dock-29,24da81dabeff,23,2,0,0,0,0,0,0,14,3,0,0,1,13.24
pcb-e1-dock-preroute.kicad_pcb,pcb-e1-dock-29,24da81dabeff,23,3,1,0,0,0,0,0,29,2,0,0,0,29.19
pcb-e1-dock-preroute.kicad_pcb,pcb-e1-dock-29,24da81dabeff,23,4,37,37,0,28,28.82,0,37,2,0,0,9,140.99
pcb-e1-dock-preroute.kicad_pcb,pcb-e1-dock-29,24da81dabeff,23,5,24,24,0,17,21.41,0,25,2,0,0,4,163.4
pcb-e1-dock-preroute.kicad_pcb,pcb-e1-dock-29,24da81dabeff,23,6,1,0,0,1,0,0,3,2,0,0,0,3.85
pcb-e1-dock-preroute.kicad_pcb,pcb-e1-dock-29,24da81dabeff,24,3,12,10,0,9,17.49,0,17,2,0,0,2,64.14
pcb-e1-dock-preroute.kicad_pcb,pcb-e1-dock-29,24da81dabeff,24,4,14,0,0,5,3.38,19.64,24,2,0,0,5,123.08
pcb-e1-dock-preroute.kicad_pcb,pcb-e1-dock-29,24da81dabeff,24,5,4,0,0,3,1.12,0,14,2,0,0,3,80.4
pcb-e1-dock-preroute.kicad_pcb,pcb-e1-dock-29,24da81dabeff,25,1,1,0,0,0,0,0,6,3,0,0,0,0
pcb-e1-dock-preroute.kicad_pcb,pcb-e1-dock-29,24da81dabeff,25,2,1,0,0,0,0,0,6,4,0,0,0,29.02
pcb-e1-dock-preroute.kicad_pcb,pcb-e1-dock-29,24da81dabeff,25,3,5,0,0,2,2.5,0,11,3,0,0,1,22.5
pcb-e1-dock-preroute.kicad_pcb,pcb-e1-dock-29,24da81dabeff,25,4,14,0,0,5,6.75,0,14,2,0,0,2,55.48
pcb-e1-dock-preroute.kicad_pcb,pcb-e1-dock-29,24da81dabeff,25,5,6,0,0,0,0,0,10,2,0,0,2,81.92
pcb-e1-dock-preroute.kicad_pcb,pcb-e1-dock-29,24da81dabeff,26,3,2,0,0,0,0,0,6,3,0,0,1,23.66
pcb-e1-dock-preroute.kicad_pcb,pcb-e1-dock-29,24da81dabeff,26,4,7,0,0,4,3.38,0,8,2,0,0,0,33.49
pcb-e1-dock-preroute.kicad_pcb,pcb-e1-dock-29,24da81dabeff,26,5,2,0,0,0,0,0,6,2,0,0,0,35.49
pcb-e1-dock-preroute.kicad_pcb,pcb-e1-dock-30,9a06d8118d84,0,0,3,0,0,0,0,0,6,2,0,0,0,37.5
pcb-e1-dock-preroute.kicad_pcb,pcb-e1-dock-30,9a06d8118d84,0,1,4,0,0,0,0,0,10,2,0,0,0,49.15
pcb-e1-dock-preroute.kicad_pcb,pcb-e1-dock-30,9a06d8118d84,0,2,3,0,0,1,1.9,0,11,2,0,0,1,51.99
pcb-e1-dock-preroute.kicad_pcb,pcb-e1-dock-30,9a06d8118d84,0,3,3,0,0,0,0,0,13,2,0,0,2,15.93
pcb-e1-dock-preroute.kicad_pcb,pcb-e1-dock-30,9a06d8118d84,0,4,8,6,0,5,15.12,0,14,2,0,0,0,61.99
pcb-e1-dock-preroute.kicad_pcb,pcb-e1-dock-30,9a06d8118d84,0,5,8,0,0,4,3.39,0,13,2,1,0,1,36.91
pcb-e1-dock-preroute.kicad_pcb,pcb-e1-dock-30,9a06d8118d84,0,6,1,0,0,0,0,0,2,2,0,0,0,0
pcb-e1-dock-preroute.kicad_pcb,pcb-e1-dock-30,9a06d8118d84,1,0,6,0,0,0,0,0,10,2,0,0,0,232.36
pcb-e1-dock-preroute.kicad_pcb,pcb-e1-dock-30,9a06d8118d84,1,1,7,0,0,0,0,0,14,2,0,0,0,141.12
pcb-e1-dock-preroute.kicad_pcb,pcb-e1-dock-30,9a06d8118d84,1,2,5,0,0,1,1.9,0,17,2,0,0,0,16.43
pcb-e1-dock-preroute.kicad_pcb,pcb-e1-dock-30,9a06d8118d84,1,3,5,0,0,0,0,0,17,2,0,0,3,77.5
pcb-e1-dock-preroute.kicad_pcb,pcb-e1-dock-30,9a06d8118d84,1,4,5,0,0,2,8.3,0,18,2,0,0,1,21.92
pcb-e1-dock-preroute.kicad_pcb,pcb-e1-dock-30,9a06d8118d84,1,5,8,0,0,6,3.65,0,18,2,0,0,1,31.78
pcb-e1-dock-preroute.kicad_pcb,pcb-e1-dock-30,9a06d8118d84,1,6,1,0,0,0,0,0,3,2,0,0,0,0
pcb-e1-dock-preroute.kicad_pcb,pcb-e1-dock-30,9a06d8118d84,2,0,0,0,0,0,0,0,10,2,0,0,0,3.97
pcb-e1-dock-preroute.kicad_pcb,pcb-e1-dock-30,9a06d8118d84,2,1,3,0,0,0,0,0,14,2,0,0,1,71.28
pcb-e1-dock-preroute.kicad_pcb,pcb-e1-dock-30,9a06d8118d84,2,2,5,0,0,1,1.39,0,17,2,0,0,1,56.82
pcb-e1-dock-preroute.kicad_pcb,pcb-e1-dock-30,9a06d8118d84,2,3,5,0,0,1,1.39,0,17,2,0,0,2,106.02
pcb-e1-dock-preroute.kicad_pcb,pcb-e1-dock-30,9a06d8118d84,2,4,5,0,0,2,4.3,0,18,2,0,0,2,36.99
pcb-e1-dock-preroute.kicad_pcb,pcb-e1-dock-30,9a06d8118d84,2,5,4,0,0,1,1.12,0,17,2,0,0,0,40.63
pcb-e1-dock-preroute.kicad_pcb,pcb-e1-dock-30,9a06d8118d84,2,6,2,0,0,0,0,0,3,2,0,0,0,12.84
pcb-e1-dock-preroute.kicad_pcb,pcb-e1-dock-30,9a06d8118d84,3,1,0,0,0,0,0,0,11,2,0,0,0,245.12
pcb-e1-dock-preroute.kicad_pcb,pcb-e1-dock-30,9a06d8118d84,3,2,1,0,0,0,0,0,12,3,0,0,1,10.12
pcb-e1-dock-preroute.kicad_pcb,pcb-e1-dock-30,9a06d8118d84,3,3,0,0,0,0,0,0,14,3,0,0,1,85.36
pcb-e1-dock-preroute.kicad_pcb,pcb-e1-dock-30,9a06d8118d84,3,4,0,0,0,0,0,0,15,2,0,0,0,24.48
pcb-e1-dock-preroute.kicad_pcb,pcb-e1-dock-30,9a06d8118d84,3,5,0,0,0,0,0,0,14,2,0,0,3,26.15
pcb-e1-dock-preroute.kicad_pcb,pcb-e1-dock-30,9a06d8118d84,3,6,2,0,0,0,0,0,2,2,0,0,0,9.13
pcb-e1-dock-preroute.kicad_pcb,pcb-e1-dock-30,9a06d8118d84,4,1,1,0,0,0,0,0,11,2,0,0,0,11.43
pcb-e1-dock-preroute.kicad_pcb,pcb-e1-dock-30,9a06d8118d84,4,2,0,0,0,0,0,0,12,3,0,0,0,161.06
pcb-e1-dock-preroute.kicad_pcb,pcb-e1-dock-30,9a06d8118d84,4,3,1,0,0,0,0,0,14,3,0,0,1,127.29
pcb-e1-dock-preroute.kicad_pcb,pcb-e1-dock-30,9a06d8118d84,4,4,5,5,0,5,10.56,0,22,2,0,0,2,69.63
pcb-e1-dock-preroute.kicad_pcb,pcb-e1-dock-30,9a06d8118d84,4,5,8,0,0,0,0,0,21,2,0,0,3,38.31
pcb-e1-dock-preroute.kicad_pcb,pcb-e1-dock-30,9a06d8118d84,4,6,1,0,0,1,4.65,0,3,2,0,0,0,11.41
pcb-e1-dock-preroute.kicad_pcb,pcb-e1-dock-30,9a06d8118d84,5,3,0,0,0,0,0,0,13,2,0,0,0,5.82
pcb-e1-dock-preroute.kicad_pcb,pcb-e1-dock-30,9a06d8118d84,5,4,6,5,0,6,12.86,0,24,2,0,0,2,97.39
pcb-e1-dock-preroute.kicad_pcb,pcb-e1-dock-30,9a06d8118d84,5,5,11,0,0,0,0,0,23,2,0,0,4,80.56
pcb-e1-dock-preroute.kicad_pcb,pcb-e1-dock-30,9a06d8118d84,5,6,1,0,0,1,4.65,0,2,2,0,0,0,0
pcb-e1-dock-preroute.kicad_pcb,pcb-e1-dock-30,9a06d8118d84,6,2,0,0,0,3,0,0,13,2,0,0,0,14.13
pcb-e1-dock-preroute.kicad_pcb,pcb-e1-dock-30,9a06d8118d84,6,3,6,0,0,1,14.67,0,17,2,0,0,2,58.49
pcb-e1-dock-preroute.kicad_pcb,pcb-e1-dock-30,9a06d8118d84,6,4,1,0,0,1,2.3,0,24,2,0,0,0,32.65
pcb-e1-dock-preroute.kicad_pcb,pcb-e1-dock-30,9a06d8118d84,6,5,8,0,0,2,4.0,0,22,2,0,0,1,61.67
pcb-e1-dock-preroute.kicad_pcb,pcb-e1-dock-30,9a06d8118d84,6,6,1,0,0,0,0,0,3,2,0,0,0,144.48
pcb-e1-dock-preroute.kicad_pcb,pcb-e1-dock-30,9a06d8118d84,7,2,0,0,0,3,0,0,14,2,0,0,1,7.72
pcb-e1-dock-preroute.kicad_pcb,pcb-e1-dock-30,9a06d8118d84,7,3,6,0,0,1,6.6,0,20,2,0,0,2,97.95
pcb-e1-dock-preroute.kicad_pcb,pcb-e1-dock-30,9a06d8118d84,7,4,8,0,0,6,6.84,0,28,2,0,0,2,64.56
pcb-e1-dock-preroute.kicad_pcb,pcb-e1-dock-30,9a06d8118d84,7,5,4,0,0,0,0,0,25,2,0,0,3,63.05
pcb-e1-dock-preroute.kicad_pcb,pcb-e1-dock-30,9a06d8118d84,7,6,1,0,0,0,0,0,6,2,0,0,0,117.48
pcb-e1-dock-preroute.kicad_pcb,pcb-e1-dock-30,9a06d8118d84,8,1,1,0,0,0,0,0,11,2,0,0,0,0
pcb-e1-dock-preroute.kicad_pcb,pcb-e1-dock-30,9a06d8118d84,8,3,1,0,0,0,0,0,20,2,0,0,1,265.77
pcb-e1-dock-preroute.kicad_pcb,pcb-e1-dock-30,9a06d8118d84,8,4,12,6,0,5,10.17,0,28,2,0,0,4,48.63
pcb-e1-dock-preroute.kicad_pcb,pcb-e1-dock-30,9a06d8118d84,8,5,3,0,0,0,0,0,26,2,0,0,2,38.9
pcb-e1-dock-preroute.kicad_pcb,pcb-e1-dock-30,9a06d8118d84,8,6,2,0,0,0,0,0,7,2,0,0,0,27.42
pcb-e1-dock-preroute.kicad_pcb,pcb-e1-dock-30,9a06d8118d84,9,1,1,0,0,0,0,0,11,3,0,0,0,95.91
pcb-e1-dock-preroute.kicad_pcb,pcb-e1-dock-30,9a06d8118d84,9,2,0,0,0,0,0,0,14,3,0,0,0,28.09
pcb-e1-dock-preroute.kicad_pcb,pcb-e1-dock-30,9a06d8118d84,9,3,1,0,0,0,0,0,20,2,0,0,0,18.33
pcb-e1-dock-preroute.kicad_pcb,pcb-e1-dock-30,9a06d8118d84,9,4,1,0,0,3,0,0,28,2,0,0,0,65.79
pcb-e1-dock-preroute.kicad_pcb,pcb-e1-dock-30,9a06d8118d84,9,5,4,0,0,0,0,0,26,2,1,0,2,26.11
pcb-e1-dock-preroute.kicad_pcb,pcb-e1-dock-30,9a06d8118d84,9,6,2,0,0,0,0,0,7,2,0,0,0,22.54
pcb-e1-dock-preroute.kicad_pcb,pcb-e1-dock-30,9a06d8118d84,10,1,0,0,0,0,0,0,11,4,0,0,1,20.23
pcb-e1-dock-preroute.kicad_pcb,pcb-e1-dock-30,9a06d8118d84,10,3,0,0,0,0,0,0,20,2,0,0,1,32.79
pcb-e1-dock-preroute.kicad_pcb,pcb-e1-dock-30,9a06d8118d84,10,4,3,0,0,1,2.9,0,26,2,0,0,0,29.21
pcb-e1-dock-preroute.kicad_pcb,pcb-e1-dock-30,9a06d8118d84,10,5,6,0,0,3,2.25,0,24,2,0,0,2,73.57
pcb-e1-dock-preroute.kicad_pcb,pcb-e1-dock-30,9a06d8118d84,10,6,2,0,0,0,0,0,6,2,0,0,0,3.4
pcb-e1-dock-preroute.kicad_pcb,pcb-e1-dock-30,9a06d8118d84,11,1,1,0,0,0,0,0,11,4,0,0,0,0
pcb-e1-dock-preroute.kicad_pcb,pcb-e1-dock-30,9a06d8118d84,11,2,0,0,0,0,0,0,14,4,0,0,1,99.11
pcb-e1-dock-preroute.kicad_pcb,pcb-e1-dock-30,9a06d8118d84,11,3,1,0,0,0,0,0,20,2,0,0,0,0
pcb-e1-dock-preroute.kicad_pcb,pcb-e1-dock-30,9a06d8118d84,11,4,2,0,0,1,2.9,0,23,2,0,0,0,21.12
pcb-e1-dock-preroute.kicad_pcb,pcb-e1-dock-30,9a06d8118d84,11,5,5,0,0,2,6.53,0,21,2,0,0,0,13.61
pcb-e1-dock-preroute.kicad_pcb,pcb-e1-dock-30,9a06d8118d84,11,6,0,0,0,0,0,0,5,2,0,0,0,20.98
pcb-e1-dock-preroute.kicad_pcb,pcb-e1-dock-30,9a06d8118d84,12,1,1,0,0,0,0,0,11,3,0,0,0,0
pcb-e1-dock-preroute.kicad_pcb,pcb-e1-dock-30,9a06d8118d84,12,3,1,0,0,0,0,0,21,2,0,0,0,0
pcb-e1-dock-preroute.kicad_pcb,pcb-e1-dock-30,9a06d8118d84,12,4,2,0,0,2,4.7,0,23,2,0,0,0,38.54
pcb-e1-dock-preroute.kicad_pcb,pcb-e1-dock-30,9a06d8118d84,12,5,2,0,0,3,3.1,0,20,2,0,0,0,19.66
pcb-e1-dock-preroute.kicad_pcb,pcb-e1-dock-30,9a06d8118d84,12,6,2,0,0,0,0,0,6,2,0,0,0,12.82
pcb-e1-dock-preroute.kicad_pcb,pcb-e1-dock-30,9a06d8118d84,13,1,1,0,0,0,0,0,11,4,0,0,0,0
pcb-e1-dock-preroute.kicad_pcb,pcb-e1-dock-30,9a06d8118d84,13,2,0,0,0,0,0,0,14,4,0,0,0,91.95
pcb-e1-dock-preroute.kicad_pcb,pcb-e1-dock-30,9a06d8118d84,13,3,1,0,0,0,0,0,21,2,0,0,0,0
pcb-e1-dock-preroute.kicad_pcb,pcb-e1-dock-30,9a06d8118d84,13,4,5,0,0,5,10.2,0,23,2,0,0,0,18.95
pcb-e1-dock-preroute.kicad_pcb,pcb-e1-dock-30,9a06d8118d84,13,5,1,0,0,1,1.4,0,20,2,0,0,0,6.52
pcb-e1-dock-preroute.kicad_pcb,pcb-e1-dock-30,9a06d8118d84,13,6,2,0,0,0,0,0,6,2,0,0,0,4.49
pcb-e1-dock-preroute.kicad_pcb,pcb-e1-dock-30,9a06d8118d84,14,3,3,0,0,3,6.11,0,22,2,0,0,1,322.31
pcb-e1-dock-preroute.kicad_pcb,pcb-e1-dock-30,9a06d8118d84,14,4,8,0,0,8,10.53,0,28,2,0,0,0,15.4
pcb-e1-dock-preroute.kicad_pcb,pcb-e1-dock-30,9a06d8118d84,14,5,3,0,0,0,0,0,24,2,0,0,0,16.04
pcb-e1-dock-preroute.kicad_pcb,pcb-e1-dock-30,9a06d8118d84,14,6,2,0,0,0,0,0,5,2,0,0,0,16.06
pcb-e1-dock-preroute.kicad_pcb,pcb-e1-dock-30,9a06d8118d84,15,1,1,0,0,0,0,0,11,3,0,0,0,0
pcb-e1-dock-preroute.kicad_pcb,pcb-e1-dock-30,9a06d8118d84,15,3,8,0,0,6,0,0,22,2,0,0,4,5.79
pcb-e1-dock-preroute.kicad_pcb,pcb-e1-dock-30,9a06d8118d84,15,4,13,0,0,7,0,0,31,2,0,0,5,76.47
pcb-e1-dock-preroute.kicad_pcb,pcb-e1-dock-30,9a06d8118d84,15,5,6,0,0,0,0,0,27,2,0,0,6,72.03
pcb-e1-dock-preroute.kicad_pcb,pcb-e1-dock-30,9a06d8118d84,16,1,1,0,0,0,0,0,11,3,0,0,0,0
pcb-e1-dock-preroute.kicad_pcb,pcb-e1-dock-30,9a06d8118d84,16,3,9,0,0,3,2.15,0,24,2,0,0,2,23.32
pcb-e1-dock-preroute.kicad_pcb,pcb-e1-dock-30,9a06d8118d84,16,4,20,0,0,10,8.99,0,35,2,0,0,8,70.77
pcb-e1-dock-preroute.kicad_pcb,pcb-e1-dock-30,9a06d8118d84,16,5,4,0,0,0,0,0,29,2,0,0,3,86.32
pcb-e1-dock-preroute.kicad_pcb,pcb-e1-dock-30,9a06d8118d84,17,3,0,0,0,0,0,0,28,2,0,0,0,28.4
pcb-e1-dock-preroute.kicad_pcb,pcb-e1-dock-30,9a06d8118d84,17,4,12,12,0,11,21.59,0,43,2,0,0,5,91.8
pcb-e1-dock-preroute.kicad_pcb,pcb-e1-dock-30,9a06d8118d84,17,5,3,0,0,1,0,0,29,2,0,0,4,79.34
pcb-e1-dock-preroute.kicad_pcb,pcb-e1-dock-30,9a06d8118d84,18,0,0,0,0,1,0,0,7,2,0,0,1,196.78
pcb-e1-dock-preroute.kicad_pcb,pcb-e1-dock-30,9a06d8118d84,18,1,1,0,0,0,0,0,11,3,0,0,2,165.35
pcb-e1-dock-preroute.kicad_pcb,pcb-e1-dock-30,9a06d8118d84,18,2,0,0,0,1,0,0,14,3,0,0,1,12.88
pcb-e1-dock-preroute.kicad_pcb,pcb-e1-dock-30,9a06d8118d84,18,3,2,0,0,0,0,0,28,2,0,0,2,43.06
pcb-e1-dock-preroute.kicad_pcb,pcb-e1-dock-30,9a06d8118d84,18,4,36,33,1,15,32.8,0,42,2,0,0,13,128.95
pcb-e1-dock-preroute.kicad_pcb,pcb-e1-dock-30,9a06d8118d84,18,5,1,0,0,6,6.84,0,27,2,0,0,1,84.74
pcb-e1-dock-preroute.kicad_pcb,pcb-e1-dock-30,9a06d8118d84,18,6,0,0,0,0,0,0,6,2,0,0,0,116.9
pcb-e1-dock-preroute.kicad_pcb,pcb-e1-dock-30,9a06d8118d84,19,0,20,14,0,12,25.06,0,9,2,0,0,2,112.85
pcb-e1-dock-preroute.kicad_pcb,pcb-e1-dock-30,9a06d8118d84,19,1,12,0,0,3,3.16,0,13,2,0,0,1,92.83
pcb-e1-dock-preroute.kicad_pcb,pcb-e1-dock-30,9a06d8118d84,19,2,8,0,0,3,4.5,0,16,2,0,0,1,39.16
pcb-e1-dock-preroute.kicad_pcb,pcb-e1-dock-30,9a06d8118d84,19,3,9,0,0,5,6.05,0,30,2,0,0,0,69.05
pcb-e1-dock-preroute.kicad_pcb,pcb-e1-dock-30,9a06d8118d84,19,4,12,0,0,6,6.75,0,36,2,0,0,2,88.48
pcb-e1-dock-preroute.kicad_pcb,pcb-e1-dock-30,9a06d8118d84,19,5,1,0,0,0,0,0,24,2,0,0,0,10.11
pcb-e1-dock-preroute.kicad_pcb,pcb-e1-dock-30,9a06d8118d84,19,6,0,0,0,0,0,0,6,2,0,0,0,9.81
pcb-e1-dock-preroute.kicad_pcb,pcb-e1-dock-30,9a06d8118d84,20,0,0,0,0,0,0,0,8,2,0,0,0,4.65
pcb-e1-dock-preroute.kicad_pcb,pcb-e1-dock-30,9a06d8118d84,20,1,1,0,0,0,0,0,11,3,0,0,1,64.02
pcb-e1-dock-preroute.kicad_pcb,pcb-e1-dock-30,9a06d8118d84,20,2,0,0,0,0,0,0,15,3,0,0,1,22.73
pcb-e1-dock-preroute.kicad_pcb,pcb-e1-dock-30,9a06d8118d84,20,3,6,0,0,4,7.24,0,24,2,0,0,0,138.35
pcb-e1-dock-preroute.kicad_pcb,pcb-e1-dock-30,9a06d8118d84,20,4,5,0,0,4,5.62,0,27,2,0,0,3,61.18
pcb-e1-dock-preroute.kicad_pcb,pcb-e1-dock-30,9a06d8118d84,20,5,1,0,0,1,2.65,0,21,2,0,0,2,114.41
pcb-e1-dock-preroute.kicad_pcb,pcb-e1-dock-30,9a06d8118d84,20,6,2,0,0,2,3.1,0,5,2,0,0,1,35.99
pcb-e1-dock-preroute.kicad_pcb,pcb-e1-dock-30,9a06d8118d84,21,2,0,0,0,0,0,0,15,4,0,0,1,22.49
pcb-e1-dock-preroute.kicad_pcb,pcb-e1-dock-30,9a06d8118d84,21,3,10,3,0,8,5.09,0,24,2,0,0,8,378.9
pcb-e1-dock-preroute.kicad_pcb,pcb-e1-dock-30,9a06d8118d84,21,4,4,0,0,1,2.65,0,26,2,0,0,1,60.26
pcb-e1-dock-preroute.kicad_pcb,pcb-e1-dock-30,9a06d8118d84,21,5,2,0,0,2,4.2,0,22,2,0,0,0,38.26
pcb-e1-dock-preroute.kicad_pcb,pcb-e1-dock-30,9a06d8118d84,21,6,3,0,0,2,2.52,0,6,2,0,0,2,30.14
pcb-e1-dock-preroute.kicad_pcb,pcb-e1-dock-30,9a06d8118d84,22,1,1,0,0,0,0,0,11,3,0,0,0,0
pcb-e1-dock-preroute.kicad_pcb,pcb-e1-dock-30,9a06d8118d84,22,3,4,3,0,3,5.09,0,23,2,0,0,0,99.11
pcb-e1-dock-preroute.kicad_pcb,pcb-e1-dock-30,9a06d8118d84,22,4,0,0,0,0,0,0,25,2,0,0,4,123.42
pcb-e1-dock-preroute.kicad_pcb,pcb-e1-dock-30,9a06d8118d84,22,5,1,0,0,1,1.55,0,21,2,0,0,3,37.15
pcb-e1-dock-preroute.kicad_pcb,pcb-e1-dock-30,9a06d8118d84,22,6,3,0,0,1,2.52,0,5,2,0,0,0,4.5
pcb-e1-dock-preroute.kicad_pcb,pcb-e1-dock-30,9a06d8118d84,23,1,1,0,0,0,0,0,11,3,0,0,0,0
pcb-e1-dock-preroute.kicad_pcb,pcb-e1-dock-30,9a06d8118d84,23,3,1,0,0,0,0,0,29,2,0,0,1,20.98
pcb-e1-dock-preroute.kicad_pcb,pcb-e1-dock-30,9a06d8118d84,23,4,37,37,0,28,28.82,0,37,2,0,0,8,139.8
pcb-e1-dock-preroute.kicad_pcb,pcb-e1-dock-30,9a06d8118d84,23,5,24,24,0,17,21.41,0,25,2,0,0,4,169.18
pcb-e1-dock-preroute.kicad_pcb,pcb-e1-dock-30,9a06d8118d84,23,6,1,0,0,1,0,0,3,2,0,0,1,28.7
pcb-e1-dock-preroute.kicad_pcb,pcb-e1-dock-30,9a06d8118d84,24,2,0,0,0,0,0,0,6,4,0,0,1,178.34
pcb-e1-dock-preroute.kicad_pcb,pcb-e1-dock-30,9a06d8118d84,24,3,12,10,0,9,17.49,0,18,2,0,0,0,222.45
pcb-e1-dock-preroute.kicad_pcb,pcb-e1-dock-30,9a06d8118d84,24,4,14,0,0,6,3.38,19.28,25,2,0,0,5,119.68
pcb-e1-dock-preroute.kicad_pcb,pcb-e1-dock-30,9a06d8118d84,24,5,5,0,0,2,1.12,0,14,2,0,0,1,74.08
pcb-e1-dock-preroute.kicad_pcb,pcb-e1-dock-30,9a06d8118d84,25,1,1,0,0,0,0,0,5,3,0,0,0,0
pcb-e1-dock-preroute.kicad_pcb,pcb-e1-dock-30,9a06d8118d84,25,2,1,0,0,0,0,0,5,4,0,0,0,0
pcb-e1-dock-preroute.kicad_pcb,pcb-e1-dock-30,9a06d8118d84,25,3,5,0,0,2,2.5,0,10,3,0,0,3,21.87
pcb-e1-dock-preroute.kicad_pcb,pcb-e1-dock-30,9a06d8118d84,25,4,15,0,0,5,7.88,0,13,2,0,0,3,81.3
pcb-e1-dock-preroute.kicad_pcb,pcb-e1-dock-30,9a06d8118d84,25,5,5,0,0,0,0,0,9,2,0,0,0,46.62
pcb-e1-dock-preroute.kicad_pcb,pcb-e1-dock-30,9a06d8118d84,26,3,2,0,0,0,0,0,6,3,0,0,1,3.8
pcb-e1-dock-preroute.kicad_pcb,pcb-e1-dock-30,9a06d8118d84,26,4,6,0,0,4,2.25,0,8,2,0,0,0,37.21
pcb-e1-dock-preroute.kicad_pcb,pcb-e1-dock-30,9a06d8118d84,26,5,2,0,0,0,0,0,6,2,0,0,0,4.72
pcb-e1-dock-preroute.kicad_pcb,pcb-e1-dock-31,e18e2243f284,0,0,3,0,0,0,0,0,6,2,0,0,0,16.02
pcb-e1-dock-preroute.kicad_pcb,pcb-e1-dock-31,e18e2243f284,0,1,4,0,0,0,0,0,9,2,0,0,0,35.21
pcb-e1-dock-preroute.kicad_pcb,pcb-e1-dock-31,e18e2243f284,0,2,3,0,0,1,1.9,0,10,2,0,0,1,8.26
pcb-e1-dock-preroute.kicad_pcb,pcb-e1-dock-31,e18e2243f284,0,3,3,0,0,0,0,0,12,2,0,0,0,51.92
pcb-e1-dock-preroute.kicad_pcb,pcb-e1-dock-31,e18e2243f284,0,4,8,6,0,5,15.12,0,13,2,0,0,0,28.91
pcb-e1-dock-preroute.kicad_pcb,pcb-e1-dock-31,e18e2243f284,0,5,8,0,0,5,4.51,0,12,2,0,0,1,48.29
pcb-e1-dock-preroute.kicad_pcb,pcb-e1-dock-31,e18e2243f284,0,6,1,0,0,0,0,0,2,2,0,0,0,0
pcb-e1-dock-preroute.kicad_pcb,pcb-e1-dock-31,e18e2243f284,1,0,6,0,0,0,0,0,10,2,0,0,1,26.21
pcb-e1-dock-preroute.kicad_pcb,pcb-e1-dock-31,e18e2243f284,1,1,7,0,0,0,0,0,14,2,0,0,1,87.32
pcb-e1-dock-preroute.kicad_pcb,pcb-e1-dock-31,e18e2243f284,1,2,5,0,0,1,1.9,0,17,2,0,0,1,46.17
pcb-e1-dock-preroute.kicad_pcb,pcb-e1-dock-31,e18e2243f284,1,3,5,0,0,0,0,0,17,2,0,0,4,62.31
pcb-e1-dock-preroute.kicad_pcb,pcb-e1-dock-31,e18e2243f284,1,4,6,0,0,3,10.6,0,18,2,0,0,0,46.83
pcb-e1-dock-preroute.kicad_pcb,pcb-e1-dock-31,e18e2243f284,1,5,8,0,0,5,2.52,0,18,2,0,0,1,40.82
pcb-e1-dock-preroute.kicad_pcb,pcb-e1-dock-31,e18e2243f284,1,6,1,0,0,0,0,0,3,2,0,0,0,0
pcb-e1-dock-preroute.kicad_pcb,pcb-e1-dock-31,e18e2243f284,2,0,0,0,0,0,0,0,10,2,0,0,0,18.19
pcb-e1-dock-preroute.kicad_pcb,pcb-e1-dock-31,e18e2243f284,2,1,3,0,0,0,0,0,14,2,0,0,2,82.56
pcb-e1-dock-preroute.kicad_pcb,pcb-e1-dock-31,e18e2243f284,2,2,5,0,0,1,1.39,0,17,2,0,0,4,92.55
pcb-e1-dock-preroute.kicad_pcb,pcb-e1-dock-31,e18e2243f284,2,3,5,0,0,1,1.39,0,17,2,0,0,2,136.7
pcb-e1-dock-preroute.kicad_pcb,pcb-e1-dock-31,e18e2243f284,2,4,4,0,0,0,2.0,0,18,2,0,0,0,23.55
pcb-e1-dock-preroute.kicad_pcb,pcb-e1-dock-31,e18e2243f284,2,5,4,0,0,2,1.12,0,17,2,0,0,1,38.59
pcb-e1-dock-preroute.kicad_pcb,pcb-e1-dock-31,e18e2243f284,2,6,2,0,0,0,0,0,3,2,0,0,0,12.84
pcb-e1-dock-preroute.kicad_pcb,pcb-e1-dock-31,e18e2243f284,3,0,0,0,0,0,0,0,8,2,0,0,0,14.05
pcb-e1-dock-preroute.kicad_pcb,pcb-e1-dock-31,e18e2243f284,3,1,0,0,0,0,0,0,11,2,0,0,0,15.33
pcb-e1-dock-preroute.kicad_pcb,pcb-e1-dock-31,e18e2243f284,3,2,1,0,0,0,0,0,12,3,0,0,0,27.99
pcb-e1-dock-preroute.kicad_pcb,pcb-e1-dock-31,e18e2243f284,3,3,0,0,0,0,0,0,14,3,0,0,1,35.33
pcb-e1-dock-preroute.kicad_pcb,pcb-e1-dock-31,e18e2243f284,3,5,0,0,0,0,0,0,14,2,0,0,1,47.55
pcb-e1-dock-preroute.kicad_pcb,pcb-e1-dock-31,e18e2243f284,3,6,2,0,0,0,0,0,2,2,0,0,0,21.08
pcb-e1-dock-preroute.kicad_pcb,pcb-e1-dock-31,e18e2243f284,4,1,1,0,0,0,0,0,11,2,0,0,0,147.29
pcb-e1-dock-preroute.kicad_pcb,pcb-e1-dock-31,e18e2243f284,4,3,1,0,0,0,0,0,14,3,0,0,0,0
pcb-e1-dock-preroute.kicad_pcb,pcb-e1-dock-31,e18e2243f284,4,4,5,5,0,5,10.56,0,22,2,0,0,1,60.37
pcb-e1-dock-preroute.kicad_pcb,pcb-e1-dock-31,e18e2243f284,4,5,9,0,0,0,0,0,21,2,0,0,3,74.18
pcb-e1-dock-preroute.kicad_pcb,pcb-e1-dock-31,e18e2243f284,4,6,1,0,0,1,4.65,0,3,2,0,0,0,9.34
pcb-e1-dock-preroute.kicad_pcb,pcb-e1-dock-31,e18e2243f284,5,3,0,0,0,0,0,0,13,2,0,0,0,127.06
pcb-e1-dock-preroute.kicad_pcb,pcb-e1-dock-31,e18e2243f284,5,4,6,5,0,6,12.86,0,24,2,0,0,0,47.87
pcb-e1-dock-preroute.kicad_pcb,pcb-e1-dock-31,e18e2243f284,5,5,10,0,0,0,0,0,23,2,1,0,4,37.73
pcb-e1-dock-preroute.kicad_pcb,pcb-e1-dock-31,e18e2243f284,5,6,1,0,0,1,4.65,0,2,2,0,0,0,0
pcb-e1-dock-preroute.kicad_pcb,pcb-e1-dock-31,e18e2243f284,6,2,0,0,0,3,0,0,13,2,0,0,0,48.2
pcb-e1-dock-preroute.kicad_pcb,pcb-e1-dock-31,e18e2243f284,6,3,6,0,0,1,14.67,0,17,2,0,0,1,30.97
pcb-e1-dock-preroute.kicad_pcb,pcb-e1-dock-31,e18e2243f284,6,4,1,0,0,1,2.3,0,24,2,0,0,0,13.16
pcb-e1-dock-preroute.kicad_pcb,pcb-e1-dock-31,e18e2243f284,6,5,8,0,0,2,4.0,0,22,2,0,0,3,146.71
pcb-e1-dock-preroute.kicad_pcb,pcb-e1-dock-31,e18e2243f284,6,6,1,0,0,0,0,0,3,2,0,0,0,3.25
pcb-e1-dock-preroute.kicad_pcb,pcb-e1-dock-31,e18e2243f284,7,2,0,0,0,3,0,0,14,2,0,0,0,61.83
pcb-e1-dock-preroute.kicad_pcb,pcb-e1-dock-31,e18e2243f284,7,3,6,0,0,1,6.6,0,20,2,0,0,1,13.05
pcb-e1-dock-preroute.kicad_pcb,pcb-e1-dock-31,e18e2243f284,7,4,10,0,0,6,6.84,0,28,2,0,0,2,31.56
pcb-e1-dock-preroute.kicad_pcb,pcb-e1-dock-31,e18e2243f284,7,5,4,0,0,0,0,0,25,2,0,0,2,49.18
pcb-e1-dock-preroute.kicad_pcb,pcb-e1-dock-31,e18e2243f284,7,6,1,0,0,0,0,0,6,2,0,0,1,144.98
pcb-e1-dock-preroute.kicad_pcb,pcb-e1-dock-31,e18e2243f284,8,1,1,0,0,0,0,0,12,2,0,0,0,0
pcb-e1-dock-preroute.kicad_pcb,pcb-e1-dock-31,e18e2243f284,8,2,0,0,0,0,0,0,14,2,0,0,0,60.24
pcb-e1-dock-preroute.kicad_pcb,pcb-e1-dock-31,e18e2243f284,8,3,1,0,0,0,0,0,20,2,0,0,0,510.73
pcb-e1-dock-preroute.kicad_pcb,pcb-e1-dock-31,e18e2243f284,8,4,10,6,0,5,10.17,0,28,2,0,0,4,48.17
pcb-e1-dock-preroute.kicad_pcb,pcb-e1-dock-31,e18e2243f284,8,5,3,0,0,0,0,0,26,2,0,0,2,51.32
pcb-e1-dock-preroute.kicad_pcb,pcb-e1-dock-31,e18e2243f284,8,6,2,0,0,0,0,0,7,2,0,0,0,21.93
pcb-e1-dock-preroute.kicad_pcb,pcb-e1-dock-31,e18e2243f284,9,1,1,0,0,0,0,0,12,3,0,0,0,0
pcb-e1-dock-preroute.kicad_pcb,pcb-e1-dock-31,e18e2243f284,9,2,0,0,0,0,0,0,14,3,0,0,0,8.6
pcb-e1-dock-preroute.kicad_pcb,pcb-e1-dock-31,e18e2243f284,9,3,1,0,0,0,0,0,20,2,0,0,0,18.47
pcb-e1-dock-preroute.kicad_pcb,pcb-e1-dock-31,e18e2243f284,9,4,1,0,0,3,0,0,28,2,0,0,2,60.63
pcb-e1-dock-preroute.kicad_pcb,pcb-e1-dock-31,e18e2243f284,9,5,5,0,0,0,0,0,26,2,0,0,1,68.09
pcb-e1-dock-preroute.kicad_pcb,pcb-e1-dock-31,e18e2243f284,9,6,2,0,0,0,0,0,7,2,0,0,0,5.9
pcb-e1-dock-preroute.kicad_pcb,pcb-e1-dock-31,e18e2243f284,10,4,3,0,0,1,2.9,0,26,2,0,0,1,86.8
pcb-e1-dock-preroute.kicad_pcb,pcb-e1-dock-31,e18e2243f284,10,5,5,0,0,3,2.25,0,24,2,0,0,2,98.69
pcb-e1-dock-preroute.kicad_pcb,pcb-e1-dock-31,e18e2243f284,10,6,2,0,0,0,0,0,6,2,0,0,0,3.41
pcb-e1-dock-preroute.kicad_pcb,pcb-e1-dock-31,e18e2243f284,11,1,1,0,0,0,0,0,12,4,0,0,0,0
pcb-e1-dock-preroute.kicad_pcb,pcb-e1-dock-31,e18e2243f284,11,3,1,0,0,0,0,0,20,2,0,0,0,0
pcb-e1-dock-preroute.kicad_pcb,pcb-e1-dock-31,e18e2243f284,11,4,2,0,0,1,2.9,0,23,2,0,0,0,14.75
pcb-e1-dock-preroute.kicad_pcb,pcb-e1-dock-31,e18e2243f284,11,5,5,0,0,2,6.53,0,21,2,0,0,2,19.54
pcb-e1-dock-preroute.kicad_pcb,pcb-e1-dock-31,e18e2243f284,12,1,1,0,0,0,0,0,12,3,0,0,0,0
pcb-e1-dock-preroute.kicad_pcb,pcb-e1-dock-31,e18e2243f284,12,3,2,0,0,1,2.4,0,21,2,0,0,0,10.41
pcb-e1-dock-preroute.kicad_pcb,pcb-e1-dock-31,e18e2243f284,12,4,1,0,0,1,2.3,0,23,2,0,0,0,24.76
pcb-e1-dock-preroute.kicad_pcb,pcb-e1-dock-31,e18e2243f284,12,5,2,0,0,3,3.1,0,20,2,0,0,0,27.9
pcb-e1-dock-preroute.kicad_pcb,pcb-e1-dock-31,e18e2243f284,12,6,2,0,0,0,0,0,6,2,0,0,0,12.83
pcb-e1-dock-preroute.kicad_pcb,pcb-e1-dock-31,e18e2243f284,13,1,1,0,0,0,0,0,12,4,0,0,0,0
pcb-e1-dock-preroute.kicad_pcb,pcb-e1-dock-31,e18e2243f284,13,2,0,0,0,0,0,0,14,4,0,0,0,88.03
pcb-e1-dock-preroute.kicad_pcb,pcb-e1-dock-31,e18e2243f284,13,3,2,0,0,0,2.4,0,21,2,0,0,0,0.4
pcb-e1-dock-preroute.kicad_pcb,pcb-e1-dock-31,e18e2243f284,13,4,4,0,0,5,7.8,0,23,2,0,0,0,12.39
pcb-e1-dock-preroute.kicad_pcb,pcb-e1-dock-31,e18e2243f284,13,5,1,0,0,1,1.4,0,20,2,0,0,0,6.97
pcb-e1-dock-preroute.kicad_pcb,pcb-e1-dock-31,e18e2243f284,13,6,2,0,0,0,0,0,6,2,0,0,0,4.46
pcb-e1-dock-preroute.kicad_pcb,pcb-e1-dock-31,e18e2243f284,14,3,2,0,0,2,4.69,0,22,2,0,0,0,1.27
pcb-e1-dock-preroute.kicad_pcb,pcb-e1-dock-31,e18e2243f284,14,4,9,0,0,9,11.95,0,27,2,0,0,0,23.48
pcb-e1-dock-preroute.kicad_pcb,pcb-e1-dock-31,e18e2243f284,14,5,2,0,0,0,0,0,23,2,0,0,0,10.55
pcb-e1-dock-preroute.kicad_pcb,pcb-e1-dock-31,e18e2243f284,14,6,2,0,0,0,0,0,5,2,0,0,0,3.4
pcb-e1-dock-preroute.kicad_pcb,pcb-e1-dock-31,e18e2243f284,15,1,1,0,0,0,0,0,12,3,0,0,0,0
pcb-e1-dock-preroute.kicad_pcb,pcb-e1-dock-31,e18e2243f284,15,3,7,0,0,4,0,0,23,2,0,0,2,14.78
pcb-e1-dock-preroute.kicad_pcb,pcb-e1-dock-31,e18e2243f284,15,4,14,0,0,9,0,0,31,2,0,0,7,41.22
pcb-e1-dock-preroute.kicad_pcb,pcb-e1-dock-31,e18e2243f284,15,5,7,0,0,0,0,0,27,2,0,0,4,78.0
pcb-e1-dock-preroute.kicad_pcb,pcb-e1-dock-31,e18e2243f284,16,1,1,0,0,0,0,0,12,3,0,0,0,0
pcb-e1-dock-preroute.kicad_pcb,pcb-e1-dock-31,e18e2243f284,16,3,9,0,0,4,4.69,0,25,2,0,0,3,29.42
pcb-e1-dock-preroute.kicad_pcb,pcb-e1-dock-31,e18e2243f284,16,4,20,0,0,9,6.45,0,35,2,0,0,7,65.07
pcb-e1-dock-preroute.kicad_pcb,pcb-e1-dock-31,e18e2243f284,16,5,4,0,0,0,0,0,29,2,0,0,3,65.78
pcb-e1-dock-preroute.kicad_pcb,pcb-e1-dock-31,e18e2243f284,17,3,0,0,0,0,0,0,27,2,0,0,1,11.6
pcb-e1-dock-preroute.kicad_pcb,pcb-e1-dock-31,e18e2243f284,17,4,12,12,0,11,21.59,0,43,2,0,0,3,68.75
pcb-e1-dock-preroute.kicad_pcb,pcb-e1-dock-31,e18e2243f284,17,5,3,0,0,1,0,0,29,2,0,0,5,130.95
pcb-e1-dock-preroute.kicad_pcb,pcb-e1-dock-31,e18e2243f284,18,0,0,0,0,1,0,0,8,2,0,0,0,8.17
pcb-e1-dock-preroute.kicad_pcb,pcb-e1-dock-31,e18e2243f284,18,1,1,0,0,0,0,0,12,3,0,0,1,0
pcb-e1-dock-preroute.kicad_pcb,pcb-e1-dock-31,e18e2243f284,18,2,1,0,0,1,0,0,14,3,0,0,1,51.2
pcb-e1-dock-preroute.kicad_pcb,pcb-e1-dock-31,e18e2243f284,18,3,3,0,0,0,0,0,27,2,0,0,1,66.28
pcb-e1-dock-preroute.kicad_pcb,pcb-e1-dock-31,e18e2243f284,18,4,36,33,1,15,32.8,0,42,2,2,0,7,92.77
pcb-e1-dock-preroute.kicad_pcb,pcb-e1-dock-31,e18e2243f284,18,5,0,0,0,6,6.84,0,27,2,0,0,2,337.31
pcb-e1-dock-preroute.kicad_pcb,pcb-e1-dock-31,e18e2243f284,19,0,20,14,0,12,25.06,0,10,2,0,0,2,402.67
pcb-e1-dock-preroute.kicad_pcb,pcb-e1-dock-31,e18e2243f284,19,1,12,0,0,3,3.16,0,14,2,0,0,3,269.93
pcb-e1-dock-preroute.kicad_pcb,pcb-e1-dock-31,e18e2243f284,19,2,7,0,0,3,4.5,0,16,2,0,0,1,138.28
pcb-e1-dock-preroute.kicad_pcb,pcb-e1-dock-31,e18e2243f284,19,3,4,0,0,4,3.8,0,28,2,0,0,1,50.8
pcb-e1-dock-preroute.kicad_pcb,pcb-e1-dock-31,e18e2243f284,19,4,18,0,0,7,11.25,0,36,2,0,0,5,84.95
pcb-e1-dock-preroute.kicad_pcb,pcb-e1-dock-31,e18e2243f284,19,5,1,0,0,0,0,0,24,2,0,0,1,26.03
pcb-e1-dock-preroute.kicad_pcb,pcb-e1-dock-31,e18e2243f284,20,0,0,0,0,0,0,0,9,2,0,0,0,42.64
pcb-e1-dock-preroute.kicad_pcb,pcb-e1-dock-31,e18e2243f284,20,1,1,0,0,0,0,0,12,3,0,0,0,0
pcb-e1-dock-preroute.kicad_pcb,pcb-e1-dock-31,e18e2243f284,20,2,0,0,0,0,0,0,15,3,0,0,1,28.4
pcb-e1-dock-preroute.kicad_pcb,pcb-e1-dock-31,e18e2243f284,20,3,5,0,0,3,5.81,0,24,2,0,0,0,121.73
pcb-e1-dock-preroute.kicad_pcb,pcb-e1-dock-31,e18e2243f284,20,4,4,0,0,5,4.8,0,27,2,0,0,1,57.84
pcb-e1-dock-preroute.kicad_pcb,pcb-e1-dock-31,e18e2243f284,20,5,2,0,0,1,2.65,0,22,2,0,0,1,86.48
pcb-e1-dock-preroute.kicad_pcb,pcb-e1-dock-31,e18e2243f284,20,6,2,0,0,2,3.1,0,5,2,0,0,1,27.99
pcb-e1-dock-preroute.kicad_pcb,pcb-e1-dock-31,e18e2243f284,21,2,0,0,0,0,0,0,15,4,0,0,1,301.67
pcb-e1-dock-preroute.kicad_pcb,pcb-e1-dock-31,e18e2243f284,21,3,9,3,0,6,5.09,0,24,2,0,0,2,86.24
pcb-e1-dock-preroute.kicad_pcb,pcb-e1-dock-31,e18e2243f284,21,4,5,0,0,3,2.65,0,26,2,0,0,2,17.51
pcb-e1-dock-preroute.kicad_pcb,pcb-e1-dock-31,e18e2243f284,21,5,2,0,0,2,4.2,0,22,2,0,0,0,8.43
pcb-e1-dock-preroute.kicad_pcb,pcb-e1-dock-31,e18e2243f284,21,6,3,0,0,2,2.52,0,6,2,0,0,1,31.73
pcb-e1-dock-preroute.kicad_pcb,pcb-e1-dock-31,e18e2243f284,22,1,1,0,0,0,0,0,12,3,0,0,0,0
pcb-e1-dock-preroute.kicad_pcb,pcb-e1-dock-31,e18e2243f284,22,3,4,3,0,3,5.09,0,23,2,0,0,3,330.25
pcb-e1-dock-preroute.kicad_pcb,pcb-e1-dock-31,e18e2243f284,22,4,0,0,0,0,0,0,25,2,0,0,9,119.99
pcb-e1-dock-preroute.kicad_pcb,pcb-e1-dock-31,e18e2243f284,22,5,1,0,0,1,1.55,0,21,2,0,0,2,66.5
pcb-e1-dock-preroute.kicad_pcb,pcb-e1-dock-31,e18e2243f284,22,6,3,0,0,1,2.52,0,5,2,0,0,1,158.42
pcb-e1-dock-preroute.kicad_pcb,pcb-e1-dock-31,e18e2243f284,23,1,1,0,0,0,0,0,12,3,0,0,0,0
pcb-e1-dock-preroute.kicad_pcb,pcb-e1-dock-31,e18e2243f284,23,3,1,0,0,0,0,0,29,2,0,0,2,195.42
pcb-e1-dock-preroute.kicad_pcb,pcb-e1-dock-31,e18e2243f284,23,4,37,37,0,28,28.82,0,37,2,1,0,10,98.32
pcb-e1-dock-preroute.kicad_pcb,pcb-e1-dock-31,e18e2243f284,23,5,24,24,0,18,20.71,0,25,2,0,0,4,180.72
pcb-e1-dock-preroute.kicad_pcb,pcb-e1-dock-31,e18e2243f284,23,6,1,0,0,1,0,0,3,2,0,0,0,4.33
pcb-e1-dock-preroute.kicad_pcb,pcb-e1-dock-31,e18e2243f284,24,3,12,10,0,9,17.49,0,17,2,0,0,2,55.68
pcb-e1-dock-preroute.kicad_pcb,pcb-e1-dock-31,e18e2243f284,24,4,13,0,0,6,3.38,19.28,24,2,0,0,5,108.09
pcb-e1-dock-preroute.kicad_pcb,pcb-e1-dock-31,e18e2243f284,24,5,5,0,0,1,1.12,0,14,2,0,0,1,52.69
pcb-e1-dock-preroute.kicad_pcb,pcb-e1-dock-31,e18e2243f284,25,1,1,0,0,0,0,0,5,3,0,0,0,0
pcb-e1-dock-preroute.kicad_pcb,pcb-e1-dock-31,e18e2243f284,25,2,1,0,0,0,0,0,5,4,0,0,0,0
pcb-e1-dock-preroute.kicad_pcb,pcb-e1-dock-31,e18e2243f284,25,3,5,0,0,2,2.5,0,11,3,0,0,2,25.87
pcb-e1-dock-preroute.kicad_pcb,pcb-e1-dock-31,e18e2243f284,25,4,16,0,0,5,7.88,0,14,2,0,0,2,62.0
pcb-e1-dock-preroute.kicad_pcb,pcb-e1-dock-31,e18e2243f284,25,5,4,0,0,0,0,0,9,2,0,0,2,78.33
pcb-e1-dock-preroute.kicad_pcb,pcb-e1-dock-31,e18e2243f284,26,3,2,0,0,0,0,0,6,3,0,0,1,34.65
pcb-e1-dock-preroute.kicad_pcb,pcb-e1-dock-31,e18e2243f284,26,4,6,0,0,4,2.25,0,8,2,0,0,0,7.23
pcb-e1-dock-preroute.kicad_pcb,pcb-e1-dock-31,e18e2243f284,26,5,3,0,0,0,0,0,6,2,0,0,1,29.23
pcb-e1-dock-preroute.kicad_pcb,pcb-e1-dock-32,dff7d2b104a1,0,0,3,0,0,0,0,0,6,2,0,0,0,19.68
pcb-e1-dock-preroute.kicad_pcb,pcb-e1-dock-32,dff7d2b104a1,0,1,4,0,0,0,0,0,10,2,0,0,0,33.88
pcb-e1-dock-preroute.kicad_pcb,pcb-e1-dock-32,dff7d2b104a1,0,2,3,0,0,1,1.9,0,11,2,0,0,1,91.73
pcb-e1-dock-preroute.kicad_pcb,pcb-e1-dock-32,dff7d2b104a1,0,3,3,0,0,0,0,0,13,2,0,0,0,7.09
pcb-e1-dock-preroute.kicad_pcb,pcb-e1-dock-32,dff7d2b104a1,0,4,8,6,0,5,15.12,0,14,2,0,0,0,30.42
pcb-e1-dock-preroute.kicad_pcb,pcb-e1-dock-32,dff7d2b104a1,0,5,9,0,0,4,3.39,0,14,2,1,0,1,41.5
pcb-e1-dock-preroute.kicad_pcb,pcb-e1-dock-32,dff7d2b104a1,0,6,1,0,0,0,0,0,2,2,1,0,0,0
pcb-e1-dock-preroute.kicad_pcb,pcb-e1-dock-32,dff7d2b104a1,1,0,6,0,0,0,0,0,10,2,0,0,1,77.75
pcb-e1-dock-preroute.kicad_pcb,pcb-e1-dock-32,dff7d2b104a1,1,1,7,0,0,0,0,0,14,2,0,0,0,65.32
pcb-e1-dock-preroute.kicad_pcb,pcb-e1-dock-32,dff7d2b104a1,1,2,5,0,0,1,1.9,0,17,2,0,0,3,148.5
pcb-e1-dock-preroute.kicad_pcb,pcb-e1-dock-32,dff7d2b104a1,1,3,5,0,0,0,0,0,17,2,0,0,4,225.04
pcb-e1-dock-preroute.kicad_pcb,pcb-e1-dock-32,dff7d2b104a1,1,4,5,0,0,2,8.3,0,18,2,0,0,0,34.9
pcb-e1-dock-preroute.kicad_pcb,pcb-e1-dock-32,dff7d2b104a1,1,5,7,0,0,6,3.65,0,18,2,0,0,1,36.77
pcb-e1-dock-preroute.kicad_pcb,pcb-e1-dock-32,dff7d2b104a1,1,6,1,0,0,0,0,0,3,2,0,0,0,7.74
pcb-e1-dock-preroute.kicad_pcb,pcb-e1-dock-32,dff7d2b104a1,2,1,3,0,0,0,0,0,14,2,0,0,2,45.08
pcb-e1-dock-preroute.kicad_pcb,pcb-e1-dock-32,dff7d2b104a1,2,2,6,0,0,1,2.77,0,17,2,0,0,1,68.42
pcb-e1-dock-preroute.kicad_pcb,pcb-e1-dock-32,dff7d2b104a1,2,3,4,0,0,1,0,0,17,2,0,0,3,100.02
pcb-e1-dock-preroute.kicad_pcb,pcb-e1-dock-32,dff7d2b104a1,2,4,5,0,0,1,4.3,0,18,2,0,0,1,48.51
pcb-e1-dock-preroute.kicad_pcb,pcb-e1-dock-32,dff7d2b104a1,2,5,4,0,0,2,1.12,0,17,2,0,0,1,24.13
pcb-e1-dock-preroute.kicad_pcb,pcb-e1-dock-32,dff7d2b104a1,2,6,2,0,0,0,0,0,3,2,0,0,0,4.81
pcb-e1-dock-preroute.kicad_pcb,pcb-e1-dock-32,dff7d2b104a1,3,0,0,0,0,0,0,0,8,2,0,0,0,160.97
pcb-e1-dock-preroute.kicad_pcb,pcb-e1-dock-32,dff7d2b104a1,3,2,1,0,0,0,0,0,12,3,0,0,0,5.53
pcb-e1-dock-preroute.kicad_pcb,pcb-e1-dock-32,dff7d2b104a1,3,3,0,0,0,0,0,0,14,3,0,0,0,90.27
pcb-e1-dock-preroute.kicad_pcb,pcb-e1-dock-32,dff7d2b104a1,3,4,0,0,0,0,0,0,15,2,0,0,0,56.21
pcb-e1-dock-preroute.kicad_pcb,pcb-e1-dock-32,dff7d2b104a1,3,5,0,0,0,0,0,0,14,2,0,0,3,47.46
pcb-e1-dock-preroute.kicad_pcb,pcb-e1-dock-32,dff7d2b104a1,3,6,2,0,0,0,0,0,2,2,0,0,0,20.98
pcb-e1-dock-preroute.kicad_pcb,pcb-e1-dock-32,dff7d2b104a1,4,1,1,0,0,0,0,0,11,2,0,0,0,0
pcb-e1-dock-preroute.kicad_pcb,pcb-e1-dock-32,dff7d2b104a1,4,3,1,0,0,0,0,0,14,3,0,0,0,0
pcb-e1-dock-preroute.kicad_pcb,pcb-e1-dock-32,dff7d2b104a1,4,4,5,5,0,5,10.56,0,22,2,1,0,1,73.56
pcb-e1-dock-preroute.kicad_pcb,pcb-e1-dock-32,dff7d2b104a1,4,5,9,0,0,0,0,0,21,2,0,0,3,52.13
pcb-e1-dock-preroute.kicad_pcb,pcb-e1-dock-32,dff7d2b104a1,4,6,1,0,0,1,4.65,0,3,2,0,0,0,9.34
pcb-e1-dock-preroute.kicad_pcb,pcb-e1-dock-32,dff7d2b104a1,5,4,6,5,0,6,12.86,0,24,2,0,0,0,67.07
pcb-e1-dock-preroute.kicad_pcb,pcb-e1-dock-32,dff7d2b104a1,5,5,10,0,0,0,0,0,23,2,0,0,5,33.12
pcb-e1-dock-preroute.kicad_pcb,pcb-e1-dock-32,dff7d2b104a1,5,6,1,0,0,1,4.65,0,2,2,0,0,0,0
pcb-e1-dock-preroute.kicad_pcb,pcb-e1-dock-32,dff7d2b104a1,6,2,0,0,0,3,0,0,13,2,0,0,0,39.21
pcb-e1-dock-preroute.kicad_pcb,pcb-e1-dock-32,dff7d2b104a1,6,3,6,0,0,1,14.67,0,17,2,0,0,1,29.58
pcb-e1-dock-preroute.kicad_pcb,pcb-e1-dock-32,dff7d2b104a1,6,4,1,0,0,1,2.3,0,24,2,0,0,0,16.01
pcb-e1-dock-preroute.kicad_pcb,pcb-e1-dock-32,dff7d2b104a1,6,5,8,0,0,2,4.0,0,22,2,0,0,1,94.53
pcb-e1-dock-preroute.kicad_pcb,pcb-e1-dock-32,dff7d2b104a1,6,6,1,0,0,0,0,0,3,2,0,0,0,4.77
pcb-e1-dock-preroute.kicad_pcb,pcb-e1-dock-32,dff7d2b104a1,7,2,0,0,0,3,0,0,14,2,0,0,0,4.29
pcb-e1-dock-preroute.kicad_pcb,pcb-e1-dock-32,dff7d2b104a1,7,3,6,0,0,1,6.6,0,20,2,0,0,2,204.6
pcb-e1-dock-preroute.kicad_pcb,pcb-e1-dock-32,dff7d2b104a1,7,4,10,0,0,6,6.84,0,28,2,0,0,2,62.6
pcb-e1-dock-preroute.kicad_pcb,pcb-e1-dock-32,dff7d2b104a1,7,5,4,0,0,0,0,0,25,2,0,0,1,31.95
pcb-e1-dock-preroute.kicad_pcb,pcb-e1-dock-32,dff7d2b104a1,7,6,1,0,0,0,0,0,6,2,0,0,2,6.43
pcb-e1-dock-preroute.kicad_pcb,pcb-e1-dock-32,dff7d2b104a1,8,1,1,0,0,0,0,0,11,2,0,0,0,0
pcb-e1-dock-preroute.kicad_pcb,pcb-e1-dock-32,dff7d2b104a1,8,2,0,0,0,0,0,0,14,2,0,0,0,17.11
pcb-e1-dock-preroute.kicad_pcb,pcb-e1-dock-32,dff7d2b104a1,8,3,1,0,0,0,0,0,20,2,0,0,0,465.94
pcb-e1-dock-preroute.kicad_pcb,pcb-e1-dock-32,dff7d2b104a1,8,4,10,6,0,5,10.17,0,28,2,0,0,6,120.82
pcb-e1-dock-preroute.kicad_pcb,pcb-e1-dock-32,dff7d2b104a1,8,5,3,0,0,0,0,0,26,2,0,0,2,33.73
pcb-e1-dock-preroute.kicad_pcb,pcb-e1-dock-32,dff7d2b104a1,8,6,2,0,0,0,0,0,7,2,0,0,0,27.94
pcb-e1-dock-preroute.kicad_pcb,pcb-e1-dock-32,dff7d2b104a1,9,1,1,0,0,0,0,0,11,3,0,0,0,0
pcb-e1-dock-preroute.kicad_pcb,pcb-e1-dock-32,dff7d2b104a1,9,2,0,0,0,0,0,0,14,3,0,0,1,402.48
pcb-e1-dock-preroute.kicad_pcb,pcb-e1-dock-32,dff7d2b104a1,9,3,1,0,0,0,0,0,20,2,0,0,0,21.93
pcb-e1-dock-preroute.kicad_pcb,pcb-e1-dock-32,dff7d2b104a1,9,4,1,0,0,3,0,0,28,2,0,0,2,39.77
pcb-e1-dock-preroute.kicad_pcb,pcb-e1-dock-32,dff7d2b104a1,9,5,4,0,0,0,0,0,26,2,0,0,1,59.34
pcb-e1-dock-preroute.kicad_pcb,pcb-e1-dock-32,dff7d2b104a1,9,6,2,0,0,0,0,0,7,2,0,0,0,45.37
pcb-e1-dock-preroute.kicad_pcb,pcb-e1-dock-32,dff7d2b104a1,10,4,3,0,0,1,2.9,0,26,2,0,0,0,62.67
pcb-e1-dock-preroute.kicad_pcb,pcb-e1-dock-32,dff7d2b104a1,10,5,6,0,0,3,2.25,0,24,2,0,0,1,51.2
pcb-e1-dock-preroute.kicad_pcb,pcb-e1-dock-32,dff7d2b104a1,10,6,2,0,0,0,0,0,6,2,0,0,0,13.59
pcb-e1-dock-preroute.kicad_pcb,pcb-e1-dock-32,dff7d2b104a1,11,1,1,0,0,0,0,0,11,4,0,0,0,0
pcb-e1-dock-preroute.kicad_pcb,pcb-e1-dock-32,dff7d2b104a1,11,3,1,0,0,0,0,0,20,2,0,0,0,0
pcb-e1-dock-preroute.kicad_pcb,pcb-e1-dock-32,dff7d2b104a1,11,4,2,0,0,0,2.9,0,23,2,0,0,0,17.22
pcb-e1-dock-preroute.kicad_pcb,pcb-e1-dock-32,dff7d2b104a1,11,5,5,0,0,2,6.53,0,21,2,0,0,0,9.48
pcb-e1-dock-preroute.kicad_pcb,pcb-e1-dock-32,dff7d2b104a1,12,1,1,0,0,0,0,0,11,3,0,0,0,0
pcb-e1-dock-preroute.kicad_pcb,pcb-e1-dock-32,dff7d2b104a1,12,3,1,0,0,0,0,0,21,2,0,0,1,87.54
pcb-e1-dock-preroute.kicad_pcb,pcb-e1-dock-32,dff7d2b104a1,12,4,2,0,0,3,4.7,0,23,2,0,0,0,23.07
pcb-e1-dock-preroute.kicad_pcb,pcb-e1-dock-32,dff7d2b104a1,12,5,2,0,0,3,3.1,0,20,2,0,0,0,25.06
pcb-e1-dock-preroute.kicad_pcb,pcb-e1-dock-32,dff7d2b104a1,12,6,2,0,0,0,0,0,6,2,0,0,1,19.76
pcb-e1-dock-preroute.kicad_pcb,pcb-e1-dock-32,dff7d2b104a1,13,1,1,0,0,0,0,0,11,4,0,0,0,0
pcb-e1-dock-preroute.kicad_pcb,pcb-e1-dock-32,dff7d2b104a1,13,3,2,0,0,1,2.4,0,21,2,0,0,0,10.82
pcb-e1-dock-preroute.kicad_pcb,pcb-e1-dock-32,dff7d2b104a1,13,4,4,0,0,4,7.8,0,23,2,0,0,0,3.91
pcb-e1-dock-preroute.kicad_pcb,pcb-e1-dock-32,dff7d2b104a1,13,5,1,0,0,1,1.4,0,20,2,0,0,0,6.9
pcb-e1-dock-preroute.kicad_pcb,pcb-e1-dock-32,dff7d2b104a1,13,6,2,0,0,0,0,0,6,2,0,0,0,4.45
pcb-e1-dock-preroute.kicad_pcb,pcb-e1-dock-32,dff7d2b104a1,14,1,0,0,0,0,0,0,11,4,0,0,0,95.86
pcb-e1-dock-preroute.kicad_pcb,pcb-e1-dock-32,dff7d2b104a1,14,2,0,0,0,0,0,0,14,4,0,0,0,48.94
pcb-e1-dock-preroute.kicad_pcb,pcb-e1-dock-32,dff7d2b104a1,14,3,3,0,0,3,7.09,0,22,2,0,0,0,1.59
pcb-e1-dock-preroute.kicad_pcb,pcb-e1-dock-32,dff7d2b104a1,14,4,8,0,0,8,9.55,0,27,2,0,0,0,20.74
pcb-e1-dock-preroute.kicad_pcb,pcb-e1-dock-32,dff7d2b104a1,14,5,2,0,0,0,0,0,23,2,0,0,1,7.94
pcb-e1-dock-preroute.kicad_pcb,pcb-e1-dock-32,dff7d2b104a1,14,6,2,0,0,0,0,0,5,2,0,0,0,12.71
pcb-e1-dock-preroute.kicad_pcb,pcb-e1-dock-32,dff7d2b104a1,15,1,1,0,0,0,0,0,11,3,0,0,0,0
pcb-e1-dock-preroute.kicad_pcb,pcb-e1-dock-32,dff7d2b104a1,15,3,7,0,0,5,0,0,22,2,0,0,4,166.39
pcb-e1-dock-preroute.kicad_pcb,pcb-e1-dock-32,dff7d2b104a1,15,4,14,0,0,10,0,0,31,2,0,0,7,69.44
pcb-e1-dock-preroute.kicad_pcb,pcb-e1-dock-32,dff7d2b104a1,15,5,7,0,0,0,0,0,27,2,0,0,3,175.14
pcb-e1-dock-preroute.kicad_pcb,pcb-e1-dock-32,dff7d2b104a1,15,6,0,0,0,0,0,0,5,2,0,0,0,9.2
pcb-e1-dock-preroute.kicad_pcb,pcb-e1-dock-32,dff7d2b104a1,16,1,1,0,0,0,0,0,11,3,0,0,0,0
pcb-e1-dock-preroute.kicad_pcb,pcb-e1-dock-32,dff7d2b104a1,16,2,0,0,0,0,0,0,14,3,0,0,0,51.15
pcb-e1-dock-preroute.kicad_pcb,pcb-e1-dock-32,dff7d2b104a1,16,3,13,0,0,5,3.58,0,24,2,0,0,4,12.88
pcb-e1-dock-preroute.kicad_pcb,pcb-e1-dock-32,dff7d2b104a1,16,4,16,0,0,6,7.56,0,35,2,0,0,4,52.13
pcb-e1-dock-preroute.kicad_pcb,pcb-e1-dock-32,dff7d2b104a1,16,5,4,0,0,0,0,0,29,2,0,0,3,85.5
pcb-e1-dock-preroute.kicad_pcb,pcb-e1-dock-32,dff7d2b104a1,17,3,0,0,0,0,0,0,28,2,0,0,1,30.07
pcb-e1-dock-preroute.kicad_pcb,pcb-e1-dock-32,dff7d2b104a1,17,4,12,12,0,11,21.59,0,43,2,0,0,6,104.47
pcb-e1-dock-preroute.kicad_pcb,pcb-e1-dock-32,dff7d2b104a1,17,5,3,0,0,1,0,0,29,2,0,0,2,108.0
pcb-e1-dock-preroute.kicad_pcb,pcb-e1-dock-32,dff7d2b104a1,18,0,0,0,0,1,0,0,7,2,0,0,0,6.8
pcb-e1-dock-preroute.kicad_pcb,pcb-e1-dock-32,dff7d2b104a1,18,1,1,0,0,0,0,0,11,3,0,0,1,201.13
pcb-e1-dock-preroute.kicad_pcb,pcb-e1-dock-32,dff7d2b104a1,18,2,1,0,0,1,0,0,14,3,0,0,1,47.72
pcb-e1-dock-preroute.kicad_pcb,pcb-e1-dock-32,dff7d2b104a1,18,3,2,0,0,0,0,0,28,2,0,0,1,28.17
pcb-e1-dock-preroute.kicad_pcb,pcb-e1-dock-32,dff7d2b104a1,18,4,35,33,1,15,32.8,0,42,2,0,0,11,109.1
pcb-e1-dock-preroute.kicad_pcb,pcb-e1-dock-32,dff7d2b104a1,18,5,1,0,0,6,6.84,0,27,2,0,0,1,86.46
pcb-e1-dock-preroute.kicad_pcb,pcb-e1-dock-32,dff7d2b104a1,19,0,20,14,0,12,25.06,0,9,2,0,0,0,93.54
pcb-e1-dock-preroute.kicad_pcb,pcb-e1-dock-32,dff7d2b104a1,19,1,12,0,0,3,3.16,0,13,2,0,0,4,261.44
pcb-e1-dock-preroute.kicad_pcb,pcb-e1-dock-32,dff7d2b104a1,19,2,7,0,0,3,4.5,0,16,2,0,0,2,202.7
pcb-e1-dock-preroute.kicad_pcb,pcb-e1-dock-32,dff7d2b104a1,19,3,8,0,0,5,6.05,0,29,2,0,0,1,43.66
pcb-e1-dock-preroute.kicad_pcb,pcb-e1-dock-32,dff7d2b104a1,19,4,16,0,0,6,9.0,0,35,2,0,0,3,106.37
pcb-e1-dock-preroute.kicad_pcb,pcb-e1-dock-32,dff7d2b104a1,19,5,1,0,0,0,0,0,23,2,0,0,1,23.99
pcb-e1-dock-preroute.kicad_pcb,pcb-e1-dock-32,dff7d2b104a1,20,1,1,0,0,0,0,0,11,3,0,0,0,0
pcb-e1-dock-preroute.kicad_pcb,pcb-e1-dock-32,dff7d2b104a1,20,2,0,0,0,0,0,0,15,3,0,0,0,17.59
pcb-e1-dock-preroute.kicad_pcb,pcb-e1-dock-32,dff7d2b104a1,20,3,7,0,0,4,7.24,0,25,2,0,0,0,321.36
pcb-e1-dock-preroute.kicad_pcb,pcb-e1-dock-32,dff7d2b104a1,20,4,2,0,0,4,3.38,0,27,2,0,0,3,94.63
pcb-e1-dock-preroute.kicad_pcb,pcb-e1-dock-32,dff7d2b104a1,20,5,1,0,0,1,2.65,0,21,2,0,0,0,26.51
pcb-e1-dock-preroute.kicad_pcb,pcb-e1-dock-32,dff7d2b104a1,20,6,2,0,0,2,3.1,0,5,2,0,0,0,56.01
pcb-e1-dock-preroute.kicad_pcb,pcb-e1-dock-32,dff7d2b104a1,21,0,0,0,0,0,0,0,8,2,0,0,0,72.51
pcb-e1-dock-preroute.kicad_pcb,pcb-e1-dock-32,dff7d2b104a1,21,2,0,0,0,0,0,0,15,4,0,0,0,33.08
pcb-e1-dock-preroute.kicad_pcb,pcb-e1-dock-32,dff7d2b104a1,21,3,10,3,0,6,5.09,0,24,2,0,0,2,12.39
pcb-e1-dock-preroute.kicad_pcb,pcb-e1-dock-32,dff7d2b104a1,21,4,4,0,0,3,2.65,0,26,2,0,0,4,20.67
pcb-e1-dock-preroute.kicad_pcb,pcb-e1-dock-32,dff7d2b104a1,21,5,2,0,0,2,4.2,0,22,2,0,0,0,18.67
pcb-e1-dock-preroute.kicad_pcb,pcb-e1-dock-32,dff7d2b104a1,21,6,3,0,0,2,2.52,0,6,2,0,0,0,19.96
pcb-e1-dock-preroute.kicad_pcb,pcb-e1-dock-32,dff7d2b104a1,22,1,1,0,0,0,0,0,11,3,0,0,0,0
pcb-e1-dock-preroute.kicad_pcb,pcb-e1-dock-32,dff7d2b104a1,22,2,0,0,0,0,0,0,15,3,0,0,1,0
pcb-e1-dock-preroute.kicad_pcb,pcb-e1-dock-32,dff7d2b104a1,22,3,4,3,0,3,5.09,0,23,2,0,0,5,136.52
pcb-e1-dock-preroute.kicad_pcb,pcb-e1-dock-32,dff7d2b104a1,22,4,0,0,0,0,0,0,25,2,0,0,6,124.43
pcb-e1-dock-preroute.kicad_pcb,pcb-e1-dock-32,dff7d2b104a1,22,5,1,0,0,1,1.55,0,21,2,0,0,1,61.06
pcb-e1-dock-preroute.kicad_pcb,pcb-e1-dock-32,dff7d2b104a1,22,6,3,0,0,1,2.52,0,5,2,0,0,2,33.58
pcb-e1-dock-preroute.kicad_pcb,pcb-e1-dock-32,dff7d2b104a1,23,1,1,0,0,0,0,0,11,3,0,0,0,0
pcb-e1-dock-preroute.kicad_pcb,pcb-e1-dock-32,dff7d2b104a1,23,2,0,0,0,0,0,0,14,3,0,0,0,3.0
pcb-e1-dock-preroute.kicad_pcb,pcb-e1-dock-32,dff7d2b104a1,23,3,1,0,0,0,0,0,29,2,0,0,0,52.28
pcb-e1-dock-preroute.kicad_pcb,pcb-e1-dock-32,dff7d2b104a1,23,4,37,37,0,28,28.82,0,37,2,0,0,10,165.49
pcb-e1-dock-preroute.kicad_pcb,pcb-e1-dock-32,dff7d2b104a1,23,5,24,24,0,17,21.41,0,25,2,0,0,3,107.21
pcb-e1-dock-preroute.kicad_pcb,pcb-e1-dock-32,dff7d2b104a1,23,6,1,0,0,1,0,0,3,2,0,0,3,223.44
pcb-e1-dock-preroute.kicad_pcb,pcb-e1-dock-32,dff7d2b104a1,24,2,0,0,0,0,0,0,6,4,0,0,1,44.49
pcb-e1-dock-preroute.kicad_pcb,pcb-e1-dock-32,dff7d2b104a1,24,3,12,10,0,9,17.49,0,17,2,0,0,2,116.23
pcb-e1-dock-preroute.kicad_pcb,pcb-e1-dock-32,dff7d2b104a1,24,4,12,0,0,6,3.38,20.74,24,2,0,0,9,163.27
pcb-e1-dock-preroute.kicad_pcb,pcb-e1-dock-32,dff7d2b104a1,24,5,5,0,0,2,1.12,0,14,2,0,0,4,73.23
pcb-e1-dock-preroute.kicad_pcb,pcb-e1-dock-32,dff7d2b104a1,25,1,1,0,0,0,0,0,5,3,0,0,0,0
pcb-e1-dock-preroute.kicad_pcb,pcb-e1-dock-32,dff7d2b104a1,25,2,1,0,0,0,0,0,5,4,0,0,0,0
pcb-e1-dock-preroute.kicad_pcb,pcb-e1-dock-32,dff7d2b104a1,25,3,5,0,0,2,2.5,0,11,3,0,0,3,65.71
pcb-e1-dock-preroute.kicad_pcb,pcb-e1-dock-32,dff7d2b104a1,25,4,16,0,0,4,6.75,0,14,2,0,0,2,45.35
pcb-e1-dock-preroute.kicad_pcb,pcb-e1-dock-32,dff7d2b104a1,25,5,5,0,0,1,0,0,9,2,0,0,3,64.21
pcb-e1-dock-preroute.kicad_pcb,pcb-e1-dock-32,dff7d2b104a1,26,3,2,0,0,0,0,0,6,3,0,0,0,7.21
pcb-e1-dock-preroute.kicad_pcb,pcb-e1-dock-32,dff7d2b104a1,26,4,7,0,0,3,3.38,0,8,2,0,0,0,47.3
pcb-e1-dock-preroute.kicad_pcb,pcb-e1-dock-32,dff7d2b104a1,26,5,2,0,0,1,0,0,6,2,0,0,1,10.59
pcb-e1-dock-preroute.kicad_pcb,pcb-e1-dock-33,625130f6430a,0,0,3,0,0,0,0,0,6,2,0,0,0,6.72
pcb-e1-dock-preroute.kicad_pcb,pcb-e1-dock-33,625130f6430a,0,1,4,0,0,0,0,0,10,2,0,0,0,72.09
pcb-e1-dock-preroute.kicad_pcb,pcb-e1-dock-33,625130f6430a,0,2,3,0,0,1,1.9,0,11,2,0,0,0,8.73
pcb-e1-dock-preroute.kicad_pcb,pcb-e1-dock-33,625130f6430a,0,3,3,0,0,0,0,0,13,2,0,0,1,85.78
pcb-e1-dock-preroute.kicad_pcb,pcb-e1-dock-33,625130f6430a,0,4,9,6,0,5,17.12,0,14,2,0,0,0,23.51
pcb-e1-dock-preroute.kicad_pcb,pcb-e1-dock-33,625130f6430a,0,5,8,0,0,5,3.39,0,13,2,0,0,1,53.5
pcb-e1-dock-preroute.kicad_pcb,pcb-e1-dock-33,625130f6430a,0,6,1,0,0,0,0,0,2,2,0,0,0,0
pcb-e1-dock-preroute.kicad_pcb,pcb-e1-dock-33,625130f6430a,1,0,6,0,0,0,0,0,10,2,0,0,1,66.86
pcb-e1-dock-preroute.kicad_pcb,pcb-e1-dock-33,625130f6430a,1,1,7,0,0,0,0,0,14,2,0,0,0,96.45
pcb-e1-dock-preroute.kicad_pcb,pcb-e1-dock-33,625130f6430a,1,2,5,0,0,1,1.9,0,17,2,0,0,0,66.34
pcb-e1-dock-preroute.kicad_pcb,pcb-e1-dock-33,625130f6430a,1,3,5,0,0,0,0,0,17,2,0,0,4,73.81
pcb-e1-dock-preroute.kicad_pcb,pcb-e1-dock-33,625130f6430a,1,4,4,0,0,2,6.3,0,18,2,0,0,1,21.83
pcb-e1-dock-preroute.kicad_pcb,pcb-e1-dock-33,625130f6430a,1,5,8,0,0,5,3.65,0,18,2,0,0,1,44.0
pcb-e1-dock-preroute.kicad_pcb,pcb-e1-dock-33,625130f6430a,1,6,1,0,0,0,0,0,3,2,0,0,0,7.74
pcb-e1-dock-preroute.kicad_pcb,pcb-e1-dock-33,625130f6430a,2,0,0,0,0,0,0,0,10,2,0,0,0,173.57
pcb-e1-dock-preroute.kicad_pcb,pcb-e1-dock-33,625130f6430a,2,1,3,0,0,0,0,0,14,2,1,0,3,115.53
pcb-e1-dock-preroute.kicad_pcb,pcb-e1-dock-33,625130f6430a,2,2,5,0,0,1,1.39,0,17,2,0,0,3,73.8
pcb-e1-dock-preroute.kicad_pcb,pcb-e1-dock-33,625130f6430a,2,3,5,0,0,1,1.39,0,17,2,0,0,2,54.53
pcb-e1-dock-preroute.kicad_pcb,pcb-e1-dock-33,625130f6430a,2,4,5,0,0,1,4.3,0,18,2,0,0,0,52.6
pcb-e1-dock-preroute.kicad_pcb,pcb-e1-dock-33,625130f6430a,2,5,4,0,0,2,1.12,0,17,2,0,0,0,20.8
pcb-e1-dock-preroute.kicad_pcb,pcb-e1-dock-33,625130f6430a,2,6,2,0,0,0,0,0,3,2,0,0,0,4.81
pcb-e1-dock-preroute.kicad_pcb,pcb-e1-dock-33,625130f6430a,3,0,0,0,0,0,0,0,8,2,0,0,0,160.97
pcb-e1-dock-preroute.kicad_pcb,pcb-e1-dock-33,625130f6430a,3,2,1,0,0,0,0,0,12,3,0,0,0,3.85
pcb-e1-dock-preroute.kicad_pcb,pcb-e1-dock-33,625130f6430a,3,3,0,0,0,0,0,0,14,3,0,0,1,54.25
pcb-e1-dock-preroute.kicad_pcb,pcb-e1-dock-33,625130f6430a,3,4,0,0,0,0,0,0,15,2,0,0,0,70.93
pcb-e1-dock-preroute.kicad_pcb,pcb-e1-dock-33,625130f6430a,3,5,0,0,0,0,0,0,14,2,0,0,1,19.49
pcb-e1-dock-preroute.kicad_pcb,pcb-e1-dock-33,625130f6430a,3,6,2,0,0,0,0,0,2,2,0,0,0,15.07
pcb-e1-dock-preroute.kicad_pcb,pcb-e1-dock-33,625130f6430a,4,1,1,0,0,0,0,0,11,2,0,0,0,14.34
pcb-e1-dock-preroute.kicad_pcb,pcb-e1-dock-33,625130f6430a,4,2,0,0,0,0,0,0,12,3,0,0,0,85.96
pcb-e1-dock-preroute.kicad_pcb,pcb-e1-dock-33,625130f6430a,4,3,1,0,0,0,0,0,14,3,0,0,0,54.27
pcb-e1-dock-preroute.kicad_pcb,pcb-e1-dock-33,625130f6430a,4,4,5,5,0,5,10.56,0,22,2,0,0,4,91.38
pcb-e1-dock-preroute.kicad_pcb,pcb-e1-dock-33,625130f6430a,4,5,8,0,0,0,0,0,21,2,0,0,4,29.99
pcb-e1-dock-preroute.kicad_pcb,pcb-e1-dock-33,625130f6430a,4,6,1,0,0,1,4.65,0,3,2,0,0,1,178.87
pcb-e1-dock-preroute.kicad_pcb,pcb-e1-dock-33,625130f6430a,5,2,0,0,0,0,0,0,11,2,0,0,0,14.09
pcb-e1-dock-preroute.kicad_pcb,pcb-e1-dock-33,625130f6430a,5,4,6,5,0,6,12.86,0,24,2,0,0,0,50.01
pcb-e1-dock-preroute.kicad_pcb,pcb-e1-dock-33,625130f6430a,5,5,11,0,0,0,0,0,23,2,0,0,3,59.91
pcb-e1-dock-preroute.kicad_pcb,pcb-e1-dock-33,625130f6430a,5,6,1,0,0,1,4.65,0,2,2,0,0,1,150.03
pcb-e1-dock-preroute.kicad_pcb,pcb-e1-dock-33,625130f6430a,6,2,0,0,0,3,0,0,13,2,0,0,1,35.13
pcb-e1-dock-preroute.kicad_pcb,pcb-e1-dock-33,625130f6430a,6,3,6,0,0,1,14.67,0,17,2,0,0,1,7.94
pcb-e1-dock-preroute.kicad_pcb,pcb-e1-dock-33,625130f6430a,6,4,1,0,0,1,2.3,0,24,2,0,0,0,20.94
pcb-e1-dock-preroute.kicad_pcb,pcb-e1-dock-33,625130f6430a,6,5,8,0,0,2,4.0,0,22,2,0,0,4,169.95
pcb-e1-dock-preroute.kicad_pcb,pcb-e1-dock-33,625130f6430a,6,6,1,0,0,0,0,0,3,2,0,0,0,3.25
pcb-e1-dock-preroute.kicad_pcb,pcb-e1-dock-33,625130f6430a,7,2,0,0,0,3,0,0,14,2,0,0,0,322.5
pcb-e1-dock-preroute.kicad_pcb,pcb-e1-dock-33,625130f6430a,7,3,6,0,0,1,6.6,0,20,2,0,0,1,172.16
pcb-e1-dock-preroute.kicad_pcb,pcb-e1-dock-33,625130f6430a,7,4,8,0,0,6,6.84,0,28,2,1,0,3,45.45
pcb-e1-dock-preroute.kicad_pcb,pcb-e1-dock-33,625130f6430a,7,5,4,0,0,0,0,0,25,2,0,0,1,97.89
pcb-e1-dock-preroute.kicad_pcb,pcb-e1-dock-33,625130f6430a,7,6,1,0,0,0,0,0,6,2,0,0,0,91.23
pcb-e1-dock-preroute.kicad_pcb,pcb-e1-dock-33,625130f6430a,8,1,1,0,0,0,0,0,12,2,0,0,1,0
pcb-e1-dock-preroute.kicad_pcb,pcb-e1-dock-33,625130f6430a,8,2,0,0,0,0,0,0,14,2,0,0,0,130.4
pcb-e1-dock-preroute.kicad_pcb,pcb-e1-dock-33,625130f6430a,8,3,1,0,0,0,0,0,20,2,0,0,0,0
pcb-e1-dock-preroute.kicad_pcb,pcb-e1-dock-33,625130f6430a,8,4,12,6,0,5,10.17,0,28,2,0,0,3,52.94
pcb-e1-dock-preroute.kicad_pcb,pcb-e1-dock-33,625130f6430a,8,5,3,0,0,0,0,0,26,2,0,0,2,22.25
pcb-e1-dock-preroute.kicad_pcb,pcb-e1-dock-33,625130f6430a,8,6,2,0,0,0,0,0,7,2,0,0,0,15.11
pcb-e1-dock-preroute.kicad_pcb,pcb-e1-dock-33,625130f6430a,9,1,1,0,0,0,0,0,12,3,0,0,0,0
pcb-e1-dock-preroute.kicad_pcb,pcb-e1-dock-33,625130f6430a,9,2,0,0,0,0,0,0,14,3,0,0,0,144.99
pcb-e1-dock-preroute.kicad_pcb,pcb-e1-dock-33,625130f6430a,9,3,1,0,0,0,0,0,20,2,0,0,0,21.61
pcb-e1-dock-preroute.kicad_pcb,pcb-e1-dock-33,625130f6430a,9,4,1,0,0,3,0,0,28,2,0,0,0,35.2
pcb-e1-dock-preroute.kicad_pcb,pcb-e1-dock-33,625130f6430a,9,5,5,0,0,0,0,0,26,2,0,0,1,42.44
pcb-e1-dock-preroute.kicad_pcb,pcb-e1-dock-33,625130f6430a,9,6,2,0,0,0,0,0,7,2,0,0,0,18.86
pcb-e1-dock-preroute.kicad_pcb,pcb-e1-dock-33,625130f6430a,10,3,0,0,0,0,0,0,20,2,0,0,0,48.2
pcb-e1-dock-preroute.kicad_pcb,pcb-e1-dock-33,625130f6430a,10,4,3,0,0,1,2.9,0,26,2,0,0,0,95.73
pcb-e1-dock-preroute.kicad_pcb,pcb-e1-dock-33,625130f6430a,10,5,5,0,0,3,2.25,0,24,2,0,0,1,64.13
pcb-e1-dock-preroute.kicad_pcb,pcb-e1-dock-33,625130f6430a,10,6,2,0,0,0,0,0,6,2,0,0,0,3.4
pcb-e1-dock-preroute.kicad_pcb,pcb-e1-dock-33,625130f6430a,11,1,1,0,0,0,0,0,12,4,0,0,0,0
pcb-e1-dock-preroute.kicad_pcb,pcb-e1-dock-33,625130f6430a,11,3,1,0,0,0,0,0,20,2,0,0,0,0
pcb-e1-dock-preroute.kicad_pcb,pcb-e1-dock-33,625130f6430a,11,4,2,0,0,1,2.9,0,23,2,0,0,0,51.72
pcb-e1-dock-preroute.kicad_pcb,pcb-e1-dock-33,625130f6430a,11,5,5,0,0,2,6.53,0,21,2,0,0,2,22.81
pcb-e1-dock-preroute.kicad_pcb,pcb-e1-dock-33,625130f6430a,11,6,0,0,0,0,0,0,5,2,0,0,0,47.7
pcb-e1-dock-preroute.kicad_pcb,pcb-e1-dock-33,625130f6430a,12,1,1,0,0,0,0,0,12,3,0,0,0,0
pcb-e1-dock-preroute.kicad_pcb,pcb-e1-dock-33,625130f6430a,12,3,2,0,0,1,2.4,0,21,2,0,0,0,100.44
pcb-e1-dock-preroute.kicad_pcb,pcb-e1-dock-33,625130f6430a,12,4,1,0,0,1,2.3,0,23,2,0,0,0,26.03
pcb-e1-dock-preroute.kicad_pcb,pcb-e1-dock-33,625130f6430a,12,5,2,0,0,3,3.1,0,20,2,0,0,0,19.31
pcb-e1-dock-preroute.kicad_pcb,pcb-e1-dock-33,625130f6430a,12,6,2,0,0,0,0,0,6,2,0,0,0,12.83
pcb-e1-dock-preroute.kicad_pcb,pcb-e1-dock-33,625130f6430a,13,1,1,0,0,0,0,0,12,4,0,0,0,0
pcb-e1-dock-preroute.kicad_pcb,pcb-e1-dock-33,625130f6430a,13,2,0,0,0,0,0,0,14,4,0,0,0,103.67
pcb-e1-dock-preroute.kicad_pcb,pcb-e1-dock-33,625130f6430a,13,3,3,0,0,1,4.8,0,21,2,0,0,0,6.61
pcb-e1-dock-preroute.kicad_pcb,pcb-e1-dock-33,625130f6430a,13,4,3,0,0,4,5.4,0,23,2,0,0,0,6.22
pcb-e1-dock-preroute.kicad_pcb,pcb-e1-dock-33,625130f6430a,13,5,1,0,0,1,1.4,0,20,2,0,0,0,6.38
pcb-e1-dock-preroute.kicad_pcb,pcb-e1-dock-33,625130f6430a,13,6,2,0,0,0,0,0,6,2,0,0,0,4.48
pcb-e1-dock-preroute.kicad_pcb,pcb-e1-dock-33,625130f6430a,14,1,0,0,0,0,0,0,12,4,0,0,0,44.29
pcb-e1-dock-preroute.kicad_pcb,pcb-e1-dock-33,625130f6430a,14,3,1,0,0,3,2.4,0,21,2,0,0,0,0.0
pcb-e1-dock-preroute.kicad_pcb,pcb-e1-dock-33,625130f6430a,14,4,2,0,0,8,3.1,0,25,2,0,0,0,16.46
pcb-e1-dock-preroute.kicad_pcb,pcb-e1-dock-33,625130f6430a,14,5,3,0,0,0,0,0,23,2,0,0,0,15.43
pcb-e1-dock-preroute.kicad_pcb,pcb-e1-dock-33,625130f6430a,14,6,2,0,0,0,0,0,5,2,0,0,0,12.73
pcb-e1-dock-preroute.kicad_pcb,pcb-e1-dock-33,625130f6430a,15,1,1,0,0,0,0,0,12,3,0,0,0,0
pcb-e1-dock-preroute.kicad_pcb,pcb-e1-dock-33,625130f6430a,15,3,9,0,0,5,4.69,0,22,2,0,0,4,197.37
pcb-e1-dock-preroute.kicad_pcb,pcb-e1-dock-33,625130f6430a,15,4,20,0,0,8,6.45,0,31,2,0,0,6,48.28
pcb-e1-dock-preroute.kicad_pcb,pcb-e1-dock-33,625130f6430a,15,5,6,0,0,0,0,0,27,2,0,0,5,81.28
pcb-e1-dock-preroute.kicad_pcb,pcb-e1-dock-33,625130f6430a,16,1,1,0,0,0,0,0,12,3,0,0,0,0
pcb-e1-dock-preroute.kicad_pcb,pcb-e1-dock-33,625130f6430a,16,3,13,0,0,5,3.58,0,24,2,0,0,4,7.64
pcb-e1-dock-preroute.kicad_pcb,pcb-e1-dock-33,625130f6430a,16,4,16,0,0,8,7.56,0,35,2,0,0,4,35.71
pcb-e1-dock-preroute.kicad_pcb,pcb-e1-dock-33,625130f6430a,16,5,4,0,0,0,0,0,29,2,1,0,3,116.47
pcb-e1-dock-preroute.kicad_pcb,pcb-e1-dock-33,625130f6430a,16,6,0,0,0,0,0,0,6,2,0,0,0,92.11
pcb-e1-dock-preroute.kicad_pcb,pcb-e1-dock-33,625130f6430a,17,3,0,0,0,0,0,0,27,2,0,0,0,66.19
pcb-e1-dock-preroute.kicad_pcb,pcb-e1-dock-33,625130f6430a,17,4,12,12,0,11,21.59,0,43,2,0,0,7,144.97
pcb-e1-dock-preroute.kicad_pcb,pcb-e1-dock-33,625130f6430a,17,5,3,0,0,1,0,0,29,2,1,0,2,41.22
pcb-e1-dock-preroute.kicad_pcb,pcb-e1-dock-33,625130f6430a,17,6,0,0,0,0,0,0,6,2,0,0,0,27.95
pcb-e1-dock-preroute.kicad_pcb,pcb-e1-dock-33,625130f6430a,18,0,0,0,0,1,0,0,7,2,0,0,0,0.46
pcb-e1-dock-preroute.kicad_pcb,pcb-e1-dock-33,625130f6430a,18,1,1,0,0,0,0,0,12,3,0,0,0,106.52
pcb-e1-dock-preroute.kicad_pcb,pcb-e1-dock-33,625130f6430a,18,2,0,0,0,1,0,0,14,3,0,0,0,5.11
pcb-e1-dock-preroute.kicad_pcb,pcb-e1-dock-33,625130f6430a,18,3,2,0,0,0,0,0,27,2,0,0,1,378.5
pcb-e1-dock-preroute.kicad_pcb,pcb-e1-dock-33,625130f6430a,18,4,35,33,1,15,32.8,0,42,2,0,0,7,83.24
pcb-e1-dock-preroute.kicad_pcb,pcb-e1-dock-33,625130f6430a,18,5,1,0,0,6,6.84,0,27,2,0,0,0,57.2
pcb-e1-dock-preroute.kicad_pcb,pcb-e1-dock-33,625130f6430a,19,0,20,14,0,12,25.06,0,9,2,0,0,2,249.03
pcb-e1-dock-preroute.kicad_pcb,pcb-e1-dock-33,625130f6430a,19,1,14,0,0,4,4.29,0,14,2,0,0,3,123.48
pcb-e1-dock-preroute.kicad_pcb,pcb-e1-dock-33,625130f6430a,19,2,6,0,0,2,3.38,0,16,2,0,0,2,50.66
pcb-e1-dock-preroute.kicad_pcb,pcb-e1-dock-33,625130f6430a,19,3,7,0,0,3,4.92,0,28,2,0,0,1,26.45
pcb-e1-dock-preroute.kicad_pcb,pcb-e1-dock-33,625130f6430a,19,4,17,0,0,8,9.0,0,35,2,0,0,4,90.74
pcb-e1-dock-preroute.kicad_pcb,pcb-e1-dock-33,625130f6430a,19,5,0,0,0,0,0,0,23,2,0,0,2,21.4
pcb-e1-dock-preroute.kicad_pcb,pcb-e1-dock-33,625130f6430a,19,6,0,0,0,0,0,0,6,2,0,0,0,15.59
pcb-e1-dock-preroute.kicad_pcb,pcb-e1-dock-33,625130f6430a,20,1,1,0,0,0,0,0,12,3,0,0,2,67.64
pcb-e1-dock-preroute.kicad_pcb,pcb-e1-dock-33,625130f6430a,20,2,0,0,0,0,0,0,15,3,0,0,1,11.23
pcb-e1-dock-preroute.kicad_pcb,pcb-e1-dock-33,625130f6430a,20,3,5,0,0,3,5.82,0,24,2,0,0,4,52.06
pcb-e1-dock-preroute.kicad_pcb,pcb-e1-dock-33,625130f6430a,20,4,4,0,0,5,5.92,0,26,2,0,0,0,73.36
pcb-e1-dock-preroute.kicad_pcb,pcb-e1-dock-33,625130f6430a,20,5,2,0,0,1,2.65,0,22,2,0,0,1,49.42
pcb-e1-dock-preroute.kicad_pcb,pcb-e1-dock-33,625130f6430a,20,6,2,0,0,2,3.1,0,5,2,0,0,0,22.84
pcb-e1-dock-preroute.kicad_pcb,pcb-e1-dock-33,625130f6430a,21,2,0,0,0,0,0,0,15,4,0,0,1,26.95
pcb-e1-dock-preroute.kicad_pcb,pcb-e1-dock-33,625130f6430a,21,3,9,3,0,6,5.09,0,24,2,0,0,5,254.33
pcb-e1-dock-preroute.kicad_pcb,pcb-e1-dock-33,625130f6430a,21,4,5,0,0,3,2.65,0,26,2,0,0,3,64.69
pcb-e1-dock-preroute.kicad_pcb,pcb-e1-dock-33,625130f6430a,21,5,2,0,0,2,4.2,0,22,2,0,0,0,41.8
pcb-e1-dock-preroute.kicad_pcb,pcb-e1-dock-33,625130f6430a,21,6,4,0,0,2,2.52,0,6,2,0,0,2,34.49
pcb-e1-dock-preroute.kicad_pcb,pcb-e1-dock-33,625130f6430a,22,1,1,0,0,0,0,0,12,3,0,0,0,0
pcb-e1-dock-preroute.kicad_pcb,pcb-e1-dock-33,625130f6430a,22,3,4,3,0,3,5.09,0,23,2,0,0,0,70.45
pcb-e1-dock-preroute.kicad_pcb,pcb-e1-dock-33,625130f6430a,22,4,0,0,0,0,0,0,25,2,0,0,6,91.01
pcb-e1-dock-preroute.kicad_pcb,pcb-e1-dock-33,625130f6430a,22,5,1,0,0,1,1.55,0,21,2,0,0,2,62.95
pcb-e1-dock-preroute.kicad_pcb,pcb-e1-dock-33,625130f6430a,22,6,2,0,0,1,2.52,0,5,2,0,0,0,3.27
pcb-e1-dock-preroute.kicad_pcb,pcb-e1-dock-33,625130f6430a,23,1,1,0,0,0,0,0,12,3,0,0,0,0
pcb-e1-dock-preroute.kicad_pcb,pcb-e1-dock-33,625130f6430a,23,3,1,0,0,0,0,0,29,2,0,0,1,40.53
pcb-e1-dock-preroute.kicad_pcb,pcb-e1-dock-33,625130f6430a,23,4,37,37,0,28,28.82,0,37,2,0,0,9,108.59
pcb-e1-dock-preroute.kicad_pcb,pcb-e1-dock-33,625130f6430a,23,5,24,24,0,17,21.41,0,25,2,0,0,2,144.81
pcb-e1-dock-preroute.kicad_pcb,pcb-e1-dock-33,625130f6430a,23,6,1,0,0,1,0,0,3,2,0,0,0,5.9
pcb-e1-dock-preroute.kicad_pcb,pcb-e1-dock-33,625130f6430a,24,2,0,0,0,0,0,0,6,4,0,0,1,5.71
pcb-e1-dock-preroute.kicad_pcb,pcb-e1-dock-33,625130f6430a,24,3,12,10,0,9,17.49,0,17,2,0,0,3,143.58
pcb-e1-dock-preroute.kicad_pcb,pcb-e1-dock-33,625130f6430a,24,4,14,0,0,5,3.38,19.28,24,2,0,0,6,105.35
pcb-e1-dock-preroute.kicad_pcb,pcb-e1-dock-33,625130f6430a,24,5,5,0,0,3,1.12,0,14,2,0,0,3,85.49
pcb-e1-dock-preroute.kicad_pcb,pcb-e1-dock-33,625130f6430a,25,1,1,0,0,0,0,0,5,3,0,0,0,0
pcb-e1-dock-preroute.kicad_pcb,pcb-e1-dock-33,625130f6430a,25,2,1,0,0,0,0,0,5,4,0,0,0,0
pcb-e1-dock-preroute.kicad_pcb,pcb-e1-dock-33,625130f6430a,25,3,5,0,0,2,2.5,0,10,3,0,0,1,40.11
pcb-e1-dock-preroute.kicad_pcb,pcb-e1-dock-33,625130f6430a,25,4,15,0,0,5,7.88,0,13,2,0,0,2,33.36
pcb-e1-dock-preroute.kicad_pcb,pcb-e1-dock-33,625130f6430a,25,5,4,0,0,0,0,0,9,2,0,0,2,75.37
pcb-e1-dock-preroute.kicad_pcb,pcb-e1-dock-33,625130f6430a,26,3,2,0,0,0,0,0,6,3,0,0,0,16.36
pcb-e1-dock-preroute.kicad_pcb,pcb-e1-dock-33,625130f6430a,26,4,6,0,0,4,2.25,0,8,2,0,0,0,57.07
pcb-e1-dock-preroute.kicad_pcb,pcb-e1-dock-33,625130f6430a,26,5,3,0,0,0,0,0,6,2,0,0,1,15.27
pcb-e1-dock-preroute.kicad_pcb,pcb-e1-dock-34,a2a6ec867728,0,0,3,0,0,0,0,0,6,2,0,0,1,24.05
pcb-e1-dock-preroute.kicad_pcb,pcb-e1-dock-34,a2a6ec867728,0,1,4,0,0,0,0,0,10,2,0,0,0,19.78
pcb-e1-dock-preroute.kicad_pcb,pcb-e1-dock-34,a2a6ec867728,0,2,3,0,0,1,1.9,0,11,2,0,0,0,18.51
pcb-e1-dock-preroute.kicad_pcb,pcb-e1-dock-34,a2a6ec867728,0,3,3,0,0,0,0,0,13,2,0,0,0,9.67
pcb-e1-dock-preroute.kicad_pcb,pcb-e1-dock-34,a2a6ec867728,0,4,8,6,0,5,15.12,0,14,2,0,0,0,33.92
pcb-e1-dock-preroute.kicad_pcb,pcb-e1-dock-34,a2a6ec867728,0,5,9,0,0,4,3.39,0,13,2,0,0,1,39.34
pcb-e1-dock-preroute.kicad_pcb,pcb-e1-dock-34,a2a6ec867728,0,6,1,0,0,0,0,0,2,2,1,0,0,0
pcb-e1-dock-preroute.kicad_pcb,pcb-e1-dock-34,a2a6ec867728,1,0,6,0,0,0,0,0,10,2,0,0,0,65.06
pcb-e1-dock-preroute.kicad_pcb,pcb-e1-dock-34,a2a6ec867728,1,1,7,0,0,0,0,0,14,2,0,0,1,69.84
pcb-e1-dock-preroute.kicad_pcb,pcb-e1-dock-34,a2a6ec867728,1,2,5,0,0,1,1.9,0,17,2,0,0,1,63.31
pcb-e1-dock-preroute.kicad_pcb,pcb-e1-dock-34,a2a6ec867728,1,3,5,0,0,0,0,0,17,2,0,0,3,294.05
pcb-e1-dock-preroute.kicad_pcb,pcb-e1-dock-34,a2a6ec867728,1,4,5,0,0,2,8.3,0,18,2,0,0,1,29.91
pcb-e1-dock-preroute.kicad_pcb,pcb-e1-dock-34,a2a6ec867728,1,5,7,0,0,6,3.65,0,17,2,0,0,0,63.86
pcb-e1-dock-preroute.kicad_pcb,pcb-e1-dock-34,a2a6ec867728,1,6,1,0,0,0,0,0,3,2,0,0,0,7.74
pcb-e1-dock-preroute.kicad_pcb,pcb-e1-dock-34,a2a6ec867728,2,0,0,0,0,0,0,0,10,2,0,0,0,347.05
pcb-e1-dock-preroute.kicad_pcb,pcb-e1-dock-34,a2a6ec867728,2,1,3,0,0,0,0,0,14,2,0,0,0,236.13
pcb-e1-dock-preroute.kicad_pcb,pcb-e1-dock-34,a2a6ec867728,2,2,4,0,0,1,1.39,0,17,2,0,0,4,245.83
pcb-e1-dock-preroute.kicad_pcb,pcb-e1-dock-34,a2a6ec867728,2,3,5,0,0,1,1.39,0,17,2,0,0,1,39.71
pcb-e1-dock-preroute.kicad_pcb,pcb-e1-dock-34,a2a6ec867728,2,4,5,0,0,1,4.3,0,18,2,0,0,1,20.58
pcb-e1-dock-preroute.kicad_pcb,pcb-e1-dock-34,a2a6ec867728,2,5,4,0,0,2,1.12,0,16,2,0,0,3,48.12
pcb-e1-dock-preroute.kicad_pcb,pcb-e1-dock-34,a2a6ec867728,2,6,2,0,0,0,0,0,3,2,0,0,0,4.81
pcb-e1-dock-preroute.kicad_pcb,pcb-e1-dock-34,a2a6ec867728,3,0,0,0,0,0,0,0,9,2,0,0,0,50.17
pcb-e1-dock-preroute.kicad_pcb,pcb-e1-dock-34,a2a6ec867728,3,1,0,0,0,0,0,0,12,2,0,0,0,44.15
pcb-e1-dock-preroute.kicad_pcb,pcb-e1-dock-34,a2a6ec867728,3,2,2,0,0,0,0,0,13,3,0,0,0,10.76
pcb-e1-dock-preroute.kicad_pcb,pcb-e1-dock-34,a2a6ec867728,3,3,0,0,0,0,0,0,14,3,0,0,1,17.28
pcb-e1-dock-preroute.kicad_pcb,pcb-e1-dock-34,a2a6ec867728,3,5,0,0,0,0,0,0,13,2,0,0,0,6.5
pcb-e1-dock-preroute.kicad_pcb,pcb-e1-dock-34,a2a6ec867728,3,6,2,0,0,0,0,0,2,2,0,0,0,31.36
pcb-e1-dock-preroute.kicad_pcb,pcb-e1-dock-34,a2a6ec867728,4,0,0,0,0,0,0,0,8,2,0,0,1,4.21
pcb-e1-dock-preroute.kicad_pcb,pcb-e1-dock-34,a2a6ec867728,4,1,1,0,0,0,0,0,11,2,0,0,0,0
pcb-e1-dock-preroute.kicad_pcb,pcb-e1-dock-34,a2a6ec867728,4,2,0,0,0,0,0,0,12,3,0,0,0,28.89
pcb-e1-dock-preroute.kicad_pcb,pcb-e1-dock-34,a2a6ec867728,4,3,1,0,0,0,0,0,14,3,0,0,0,4.0
pcb-e1-dock-preroute.kicad_pcb,pcb-e1-dock-34,a2a6ec867728,4,4,5,5,0,5,10.56,0,22,2,0,0,1,55.91
pcb-e1-dock-preroute.kicad_pcb,pcb-e1-dock-34,a2a6ec867728,4,5,8,0,0,0,0,0,20,2,0,0,4,62.28
pcb-e1-dock-preroute.kicad_pcb,pcb-e1-dock-34,a2a6ec867728,4,6,1,0,0,1,4.65,0,3,2,0,0,0,9.34
pcb-e1-dock-preroute.kicad_pcb,pcb-e1-dock-34,a2a6ec867728,5,4,6,5,0,6,12.86,0,24,2,0,0,0,44.17
pcb-e1-dock-preroute.kicad_pcb,pcb-e1-dock-34,a2a6ec867728,5,5,11,0,0,0,0,0,22,2,0,0,5,93.33
pcb-e1-dock-preroute.kicad_pcb,pcb-e1-dock-34,a2a6ec867728,5,6,1,0,0,1,4.65,0,2,2,0,0,0,18.47
pcb-e1-dock-preroute.kicad_pcb,pcb-e1-dock-34,a2a6ec867728,6,1,0,0,0,0,0,0,11,2,0,0,1,160.73
pcb-e1-dock-preroute.kicad_pcb,pcb-e1-dock-34,a2a6ec867728,6,2,0,0,0,3,0,0,13,2,0,0,0,13.57
pcb-e1-dock-preroute.kicad_pcb,pcb-e1-dock-34,a2a6ec867728,6,3,6,0,0,1,14.67,0,17,2,0,0,1,58.23
pcb-e1-dock-preroute.kicad_pcb,pcb-e1-dock-34,a2a6ec867728,6,4,1,0,0,1,2.3,0,24,2,0,0,2,17.55
pcb-e1-dock-preroute.kicad_pcb,pcb-e1-dock-34,a2a6ec867728,6,5,8,0,0,2,4.0,0,22,2,1,0,4,60.1
pcb-e1-dock-preroute.kicad_pcb,pcb-e1-dock-34,a2a6ec867728,6,6,1,0,0,0,0,0,3,2,0,0,0,3.25
pcb-e1-dock-preroute.kicad_pcb,pcb-e1-dock-34,a2a6ec867728,7,2,0,0,0,3,0,0,14,2,0,0,0,221.09
pcb-e1-dock-preroute.kicad_pcb,pcb-e1-dock-34,a2a6ec867728,7,3,6,0,0,1,6.6,0,20,2,0,0,2,396.66
pcb-e1-dock-preroute.kicad_pcb,pcb-e1-dock-34,a2a6ec867728,7,4,8,0,0,6,6.84,0,28,2,0,0,4,64.77
pcb-e1-dock-preroute.kicad_pcb,pcb-e1-dock-34,a2a6ec867728,7,5,4,0,0,0,0,0,25,2,0,0,1,41.23
pcb-e1-dock-preroute.kicad_pcb,pcb-e1-dock-34,a2a6ec867728,7,6,1,0,0,0,0,0,6,2,0,0,0,4.25
pcb-e1-dock-preroute.kicad_pcb,pcb-e1-dock-34,a2a6ec867728,8,1,1,0,0,0,0,0,11,2,0,0,0,0
pcb-e1-dock-preroute.kicad_pcb,pcb-e1-dock-34,a2a6ec867728,8,2,0,0,0,0,0,0,14,2,0,0,0,13.88
pcb-e1-dock-preroute.kicad_pcb,pcb-e1-dock-34,a2a6ec867728,8,3,1,0,0,0,0,0,20,2,0,0,0,145.07
pcb-e1-dock-preroute.kicad_pcb,pcb-e1-dock-34,a2a6ec867728,8,4,12,6,0,5,10.17,0,28,2,0,0,4,57.95
pcb-e1-dock-preroute.kicad_pcb,pcb-e1-dock-34,a2a6ec867728,8,5,3,0,0,0,0,0,26,2,0,0,2,37.11
pcb-e1-dock-preroute.kicad_pcb,pcb-e1-dock-34,a2a6ec867728,8,6,2,0,0,0,0,0,7,2,0,0,0,16.7
pcb-e1-dock-preroute.kicad_pcb,pcb-e1-dock-34,a2a6ec867728,9,1,1,0,0,0,0,0,11,3,0,0,0,0
pcb-e1-dock-preroute.kicad_pcb,pcb-e1-dock-34,a2a6ec867728,9,2,0,0,0,0,0,0,14,3,0,0,0,36.2
pcb-e1-dock-preroute.kicad_pcb,pcb-e1-dock-34,a2a6ec867728,9,3,1,0,0,0,0,0,20,2,0,0,0,0
pcb-e1-dock-preroute.kicad_pcb,pcb-e1-dock-34,a2a6ec867728,9,4,1,0,0,3,0,0,28,2,0,0,1,47.89
pcb-e1-dock-preroute.kicad_pcb,pcb-e1-dock-34,a2a6ec867728,9,5,5,0,0,0,0,0,26,2,0,0,2,31.07
pcb-e1-dock-preroute.kicad_pcb,pcb-e1-dock-34,a2a6ec867728,9,6,2,0,0,0,0,0,7,2,0,0,0,33.22
pcb-e1-dock-preroute.kicad_pcb,pcb-e1-dock-34,a2a6ec867728,10,3,0,0,0,0,0,0,20,2,0,0,0,15.91
pcb-e1-dock-preroute.kicad_pcb,pcb-e1-dock-34,a2a6ec867728,10,4,3,0,0,1,2.9,0,26,2,0,0,1,77.94
pcb-e1-dock-preroute.kicad_pcb,pcb-e1-dock-34,a2a6ec867728,10,5,5,0,0,3,2.25,0,24,2,0,0,1,58.68
pcb-e1-dock-preroute.kicad_pcb,pcb-e1-dock-34,a2a6ec867728,10,6,2,0,0,0,0,0,6,2,0,0,0,13.67
pcb-e1-dock-preroute.kicad_pcb,pcb-e1-dock-34,a2a6ec867728,11,1,1,0,0,0,0,0,11,4,0,0,0,0
pcb-e1-dock-preroute.kicad_pcb,pcb-e1-dock-34,a2a6ec867728,11,2,0,0,0,0,0,0,14,4,0,0,0,37.93
pcb-e1-dock-preroute.kicad_pcb,pcb-e1-dock-34,a2a6ec867728,11,3,1,0,0,0,0,0,20,2,0,0,0,0
pcb-e1-dock-preroute.kicad_pcb,pcb-e1-dock-34,a2a6ec867728,11,4,2,0,0,0,2.9,0,23,2,0,0,0,61.85
pcb-e1-dock-preroute.kicad_pcb,pcb-e1-dock-34,a2a6ec867728,11,5,5,0,0,2,6.53,0,21,2,0,0,1,31.9
pcb-e1-dock-preroute.kicad_pcb,pcb-e1-dock-34,a2a6ec867728,11,6,0,0,0,0,0,0,5,2,0,0,1,135.35
pcb-e1-dock-preroute.kicad_pcb,pcb-e1-dock-34,a2a6ec867728,12,1,1,0,0,0,0,0,11,3,0,0,0,7.7
pcb-e1-dock-preroute.kicad_pcb,pcb-e1-dock-34,a2a6ec867728,12,2,0,0,0,0,0,0,14,3,0,0,1,145.61
pcb-e1-dock-preroute.kicad_pcb,pcb-e1-dock-34,a2a6ec867728,12,3,1,0,0,0,0,0,21,2,0,0,0,10.61
pcb-e1-dock-preroute.kicad_pcb,pcb-e1-dock-34,a2a6ec867728,12,4,2,0,0,3,4.7,0,23,2,0,0,0,19.03
pcb-e1-dock-preroute.kicad_pcb,pcb-e1-dock-34,a2a6ec867728,12,5,2,0,0,3,3.1,0,20,2,0,0,1,18.43
pcb-e1-dock-preroute.kicad_pcb,pcb-e1-dock-34,a2a6ec867728,12,6,2,0,0,0,0,0,6,2,0,0,0,12.83
pcb-e1-dock-preroute.kicad_pcb,pcb-e1-dock-34,a2a6ec867728,13,1,1,0,0,0,0,0,11,4,0,0,0,0
pcb-e1-dock-preroute.kicad_pcb,pcb-e1-dock-34,a2a6ec867728,13,2,0,0,0,0,0,0,14,4,0,0,0,109.49
pcb-e1-dock-preroute.kicad_pcb,pcb-e1-dock-34,a2a6ec867728,13,3,2,0,0,1,2.4,0,21,2,0,0,0,1.2
pcb-e1-dock-preroute.kicad_pcb,pcb-e1-dock-34,a2a6ec867728,13,4,4,0,0,4,7.8,0,23,2,0,0,0,7.16
pcb-e1-dock-preroute.kicad_pcb,pcb-e1-dock-34,a2a6ec867728,13,5,1,0,0,1,1.4,0,20,2,0,0,0,9.53
pcb-e1-dock-preroute.kicad_pcb,pcb-e1-dock-34,a2a6ec867728,13,6,2,0,0,0,0,0,6,2,0,0,0,4.47
pcb-e1-dock-preroute.kicad_pcb,pcb-e1-dock-34,a2a6ec867728,14,3,1,0,0,4,2.4,0,21,2,0,0,0,0.0
pcb-e1-dock-preroute.kicad_pcb,pcb-e1-dock-34,a2a6ec867728,14,4,6,0,0,7,7.4,0,25,2,0,0,0,53.47
pcb-e1-dock-preroute.kicad_pcb,pcb-e1-dock-34,a2a6ec867728,14,5,2,0,0,0,0,0,22,2,0,0,0,16.47
pcb-e1-dock-preroute.kicad_pcb,pcb-e1-dock-34,a2a6ec867728,14,6,2,0,0,0,0,0,5,2,0,0,0,13.48
pcb-e1-dock-preroute.kicad_pcb,pcb-e1-dock-34,a2a6ec867728,15,1,1,0,0,0,0,0,11,3,0,0,0,0
pcb-e1-dock-preroute.kicad_pcb,pcb-e1-dock-34,a2a6ec867728,15,2,0,0,0,0,0,0,14,3,0,0,0,45.42
pcb-e1-dock-preroute.kicad_pcb,pcb-e1-dock-34,a2a6ec867728,15,3,11,0,0,7,6.12,0,22,2,0,0,4,51.62
pcb-e1-dock-preroute.kicad_pcb,pcb-e1-dock-34,a2a6ec867728,15,4,14,0,0,6,0.72,0,31,2,0,0,4,36.03
pcb-e1-dock-preroute.kicad_pcb,pcb-e1-dock-34,a2a6ec867728,15,5,7,0,0,0,0,0,27,2,0,0,6,68.23
pcb-e1-dock-preroute.kicad_pcb,pcb-e1-dock-34,a2a6ec867728,16,1,1,0,0,0,0,0,11,3,0,0,0,0
pcb-e1-dock-preroute.kicad_pcb,pcb-e1-dock-34,a2a6ec867728,16,3,11,0,0,5,3.58,0,24,2,0,0,4,43.75
pcb-e1-dock-preroute.kicad_pcb,pcb-e1-dock-34,a2a6ec867728,16,4,18,0,0,8,7.56,0,35,2,0,0,6,93.51
pcb-e1-dock-preroute.kicad_pcb,pcb-e1-dock-34,a2a6ec867728,16,5,4,0,0,0,0,0,29,2,0,0,2,37.53
pcb-e1-dock-preroute.kicad_pcb,pcb-e1-dock-34,a2a6ec867728,17,3,0,0,0,0,0,0,27,2,0,0,1,22.4
pcb-e1-dock-preroute.kicad_pcb,pcb-e1-dock-34,a2a6ec867728,17,4,12,12,0,11,21.59,0,43,2,0,0,5,96.33
pcb-e1-dock-preroute.kicad_pcb,pcb-e1-dock-34,a2a6ec867728,17,5,3,0,0,1,0,0,29,2,0,0,3,101.74
pcb-e1-dock-preroute.kicad_pcb,pcb-e1-dock-34,a2a6ec867728,18,0,0,0,0,1,0,0,7,2,0,0,1,176.71
pcb-e1-dock-preroute.kicad_pcb,pcb-e1-dock-34,a2a6ec867728,18,1,1,0,0,0,0,0,11,3,0,0,0,0
pcb-e1-dock-preroute.kicad_pcb,pcb-e1-dock-34,a2a6ec867728,18,2,0,0,0,1,0,0,14,3,0,0,3,128.55
pcb-e1-dock-preroute.kicad_pcb,pcb-e1-dock-34,a2a6ec867728,18,3,2,0,0,0,0,0,27,2,0,0,3,141.7
pcb-e1-dock-preroute.kicad_pcb,pcb-e1-dock-34,a2a6ec867728,18,4,35,33,1,16,32.8,0,42,2,0,0,7,131.53
pcb-e1-dock-preroute.kicad_pcb,pcb-e1-dock-34,a2a6ec867728,18,5,1,0,0,6,6.84,0,27,2,0,0,3,77.03
pcb-e1-dock-preroute.kicad_pcb,pcb-e1-dock-34,a2a6ec867728,19,0,20,14,0,12,25.06,0,9,2,0,0,0,71.87
pcb-e1-dock-preroute.kicad_pcb,pcb-e1-dock-34,a2a6ec867728,19,1,12,0,0,3,3.16,0,13,2,0,0,4,153.16
pcb-e1-dock-preroute.kicad_pcb,pcb-e1-dock-34,a2a6ec867728,19,2,8,0,0,3,4.5,0,16,2,1,0,0,3.31
pcb-e1-dock-preroute.kicad_pcb,pcb-e1-dock-34,a2a6ec867728,19,3,7,0,0,3,4.92,0,29,2,0,0,0,43.14
pcb-e1-dock-preroute.kicad_pcb,pcb-e1-dock-34,a2a6ec867728,19,4,17,0,0,6,9.0,0,36,2,0,0,4,77.46
pcb-e1-dock-preroute.kicad_pcb,pcb-e1-dock-34,a2a6ec867728,19,5,0,0,0,0,0,0,24,2,0,0,1,48.16
pcb-e1-dock-preroute.kicad_pcb,pcb-e1-dock-34,a2a6ec867728,20,0,0,0,0,0,0,0,8,2,0,0,0,173.9
pcb-e1-dock-preroute.kicad_pcb,pcb-e1-dock-34,a2a6ec867728,20,1,1,0,0,0,0,0,11,3,0,0,0,77.97
pcb-e1-dock-preroute.kicad_pcb,pcb-e1-dock-34,a2a6ec867728,20,3,5,0,0,3,5.82,0,24,2,0,0,0,20.14
pcb-e1-dock-preroute.kicad_pcb,pcb-e1-dock-34,a2a6ec867728,20,4,4,0,0,6,5.92,0,26,2,0,0,2,56.56
pcb-e1-dock-preroute.kicad_pcb,pcb-e1-dock-34,a2a6ec867728,20,5,2,0,0,1,2.65,0,22,2,0,0,0,18.65
pcb-e1-dock-preroute.kicad_pcb,pcb-e1-dock-34,a2a6ec867728,20,6,2,0,0,2,3.1,0,5,2,0,0,0,9.91
pcb-e1-dock-preroute.kicad_pcb,pcb-e1-dock-34,a2a6ec867728,21,0,0,0,0,0,0,0,8,2,0,0,2,75.56
pcb-e1-dock-preroute.kicad_pcb,pcb-e1-dock-34,a2a6ec867728,21,1,0,0,0,0,0,0,11,4,0,0,0,21.18
pcb-e1-dock-preroute.kicad_pcb,pcb-e1-dock-34,a2a6ec867728,21,2,0,0,0,0,0,0,15,4,0,0,2,14.41
pcb-e1-dock-preroute.kicad_pcb,pcb-e1-dock-34,a2a6ec867728,21,3,9,3,0,6,5.09,0,24,2,0,0,3,43.76
pcb-e1-dock-preroute.kicad_pcb,pcb-e1-dock-34,a2a6ec867728,21,4,5,0,0,3,2.65,0,26,2,0,0,3,27.51
pcb-e1-dock-preroute.kicad_pcb,pcb-e1-dock-34,a2a6ec867728,21,5,2,0,0,2,4.2,0,22,2,0,0,0,8.38
pcb-e1-dock-preroute.kicad_pcb,pcb-e1-dock-34,a2a6ec867728,21,6,3,0,0,2,2.52,0,6,2,0,0,1,30.09
pcb-e1-dock-preroute.kicad_pcb,pcb-e1-dock-34,a2a6ec867728,22,1,1,0,0,0,0,0,11,3,0,0,0,0
pcb-e1-dock-preroute.kicad_pcb,pcb-e1-dock-34,a2a6ec867728,22,3,4,3,0,3,5.09,0,23,2,0,0,2,135.09
pcb-e1-dock-preroute.kicad_pcb,pcb-e1-dock-34,a2a6ec867728,22,4,0,0,0,0,0,0,25,2,0,0,7,102.8
pcb-e1-dock-preroute.kicad_pcb,pcb-e1-dock-34,a2a6ec867728,22,5,1,0,0,1,1.55,0,21,2,0,0,0,39.9
pcb-e1-dock-preroute.kicad_pcb,pcb-e1-dock-34,a2a6ec867728,22,6,3,0,0,1,2.52,0,5,2,0,0,1,39.65
pcb-e1-dock-preroute.kicad_pcb,pcb-e1-dock-34,a2a6ec867728,23,1,1,0,0,0,0,0,11,3,0,0,0,0
pcb-e1-dock-preroute.kicad_pcb,pcb-e1-dock-34,a2a6ec867728,23,2,0,0,0,0,0,0,14,3,0,0,0,16.1
pcb-e1-dock-preroute.kicad_pcb,pcb-e1-dock-34,a2a6ec867728,23,3,1,0,0,0,0,0,29,2,0,0,2,195.02
pcb-e1-dock-preroute.kicad_pcb,pcb-e1-dock-34,a2a6ec867728,23,4,37,37,0,28,28.82,0,37,2,1,0,7,148.5
pcb-e1-dock-preroute.kicad_pcb,pcb-e1-dock-34,a2a6ec867728,23,5,24,24,0,17,21.41,0,26,2,0,0,5,132.83
pcb-e1-dock-preroute.kicad_pcb,pcb-e1-dock-34,a2a6ec867728,23,6,1,0,0,1,0,0,3,2,0,0,0,0
pcb-e1-dock-preroute.kicad_pcb,pcb-e1-dock-34,a2a6ec867728,24,3,12,10,0,9,17.49,0,17,2,0,0,0,94.8
pcb-e1-dock-preroute.kicad_pcb,pcb-e1-dock-34,a2a6ec867728,24,4,13,0,0,6,3.38,19.28,24,2,0,0,7,104.6
pcb-e1-dock-preroute.kicad_pcb,pcb-e1-dock-34,a2a6ec867728,24,5,5,0,0,2,1.12,0,15,2,0,0,2,34.26
pcb-e1-dock-preroute.kicad_pcb,pcb-e1-dock-34,a2a6ec867728,25,1,1,0,0,0,0,0,5,3,0,0,0,0
pcb-e1-dock-preroute.kicad_pcb,pcb-e1-dock-34,a2a6ec867728,25,2,1,0,0,0,0,0,5,4,0,0,0,0
pcb-e1-dock-preroute.kicad_pcb,pcb-e1-dock-34,a2a6ec867728,25,3,5,0,0,2,2.5,0,11,3,0,0,0,4.82
pcb-e1-dock-preroute.kicad_pcb,pcb-e1-dock-34,a2a6ec867728,25,4,16,0,0,5,7.88,0,14,2,0,0,1,95.35
pcb-e1-dock-preroute.kicad_pcb,pcb-e1-dock-34,a2a6ec867728,25,5,5,0,0,0,0,0,10,2,0,0,2,137.23
pcb-e1-dock-preroute.kicad_pcb,pcb-e1-dock-34,a2a6ec867728,26,3,2,0,0,0,0,0,6,3,0,0,2,14.76
pcb-e1-dock-preroute.kicad_pcb,pcb-e1-dock-34,a2a6ec867728,26,4,6,0,0,4,2.25,0,7,2,0,0,2,35.59
pcb-e1-dock-preroute.kicad_pcb,pcb-e1-dock-34,a2a6ec867728,26,5,2,0,0,0,0,0,6,2,0,0,0,6.83
pcb-e1-dock-preroute.kicad_pcb,pcb-e1-dock-35,d868fdbebf10,0,0,3,0,0,0,0,0,6,2,0,0,0,42.14
pcb-e1-dock-preroute.kicad_pcb,pcb-e1-dock-35,d868fdbebf10,0,1,4,0,0,0,0,0,10,2,0,0,0,37.67
pcb-e1-dock-preroute.kicad_pcb,pcb-e1-dock-35,d868fdbebf10,0,2,3,0,0,1,1.9,0,11,2,0,0,1,54.71
pcb-e1-dock-preroute.kicad_pcb,pcb-e1-dock-35,d868fdbebf10,0,3,3,0,0,0,0,0,13,2,0,0,1,105.49
pcb-e1-dock-preroute.kicad_pcb,pcb-e1-dock-35,d868fdbebf10,0,4,8,6,0,5,15.12,0,14,2,0,0,0,13.6
pcb-e1-dock-preroute.kicad_pcb,pcb-e1-dock-35,d868fdbebf10,0,5,9,0,0,4,3.39,0,14,2,1,0,2,102.44
pcb-e1-dock-preroute.kicad_pcb,pcb-e1-dock-35,d868fdbebf10,0,6,1,0,0,0,0,0,2,2,0,0,0,0
pcb-e1-dock-preroute.kicad_pcb,pcb-e1-dock-35,d868fdbebf10,1,0,6,0,0,0,0,0,10,2,0,0,0,57.7
pcb-e1-dock-preroute.kicad_pcb,pcb-e1-dock-35,d868fdbebf10,1,1,7,0,0,0,0,0,14,2,0,0,0,40.5
pcb-e1-dock-preroute.kicad_pcb,pcb-e1-dock-35,d868fdbebf10,1,2,5,0,0,1,1.9,0,17,2,0,0,2,140.75
pcb-e1-dock-preroute.kicad_pcb,pcb-e1-dock-35,d868fdbebf10,1,3,5,0,0,0,0,0,17,2,0,0,1,63.0
pcb-e1-dock-preroute.kicad_pcb,pcb-e1-dock-35,d868fdbebf10,1,4,5,0,0,2,8.3,0,18,2,0,0,1,11.6
pcb-e1-dock-preroute.kicad_pcb,pcb-e1-dock-35,d868fdbebf10,1,5,7,0,0,6,3.65,0,18,2,0,0,0,41.43
pcb-e1-dock-preroute.kicad_pcb,pcb-e1-dock-35,d868fdbebf10,1,6,1,0,0,0,0,0,3,2,0,0,0,7.74
pcb-e1-dock-preroute.kicad_pcb,pcb-e1-dock-35,d868fdbebf10,2,1,3,0,0,0,0,0,14,2,0,0,0,80.52
pcb-e1-dock-preroute.kicad_pcb,pcb-e1-dock-35,d868fdbebf10,2,2,6,0,0,2,2.77,0,17,2,0,0,4,222.28
pcb-e1-dock-preroute.kicad_pcb,pcb-e1-dock-35,d868fdbebf10,2,3,4,0,0,0,0,0,17,2,0,0,3,57.12
pcb-e1-dock-preroute.kicad_pcb,pcb-e1-dock-35,d868fdbebf10,2,4,5,0,0,1,4.3,0,18,2,0,0,1,66.59
pcb-e1-dock-preroute.kicad_pcb,pcb-e1-dock-35,d868fdbebf10,2,5,4,0,0,2,1.12,0,17,2,0,0,0,23.58
pcb-e1-dock-preroute.kicad_pcb,pcb-e1-dock-35,d868fdbebf10,2,6,2,0,0,0,0,0,3,2,0,0,0,4.81
pcb-e1-dock-preroute.kicad_pcb,pcb-e1-dock-35,d868fdbebf10,3,0,0,0,0,0,0,0,8,2,0,0,0,167.41
pcb-e1-dock-preroute.kicad_pcb,pcb-e1-dock-35,d868fdbebf10,3,2,1,0,0,0,0,0,12,3,0,0,0,4.01
pcb-e1-dock-preroute.kicad_pcb,pcb-e1-dock-35,d868fdbebf10,3,3,0,0,0,0,0,0,14,3,0,0,0,14.26
pcb-e1-dock-preroute.kicad_pcb,pcb-e1-dock-35,d868fdbebf10,3,5,0,0,0,0,0,0,14,2,0,0,0,6.16
pcb-e1-dock-preroute.kicad_pcb,pcb-e1-dock-35,d868fdbebf10,3,6,2,0,0,0,0,0,2,2,0,0,0,5.8
pcb-e1-dock-preroute.kicad_pcb,pcb-e1-dock-35,d868fdbebf10,4,1,1,0,0,0,0,0,11,2,0,0,0,0
pcb-e1-dock-preroute.kicad_pcb,pcb-e1-dock-35,d868fdbebf10,4,3,1,0,0,0,0,0,14,3,0,0,4,42.19
pcb-e1-dock-preroute.kicad_pcb,pcb-e1-dock-35,d868fdbebf10,4,4,5,5,0,5,10.56,0,22,2,1,0,0,71.35
pcb-e1-dock-preroute.kicad_pcb,pcb-e1-dock-35,d868fdbebf10,4,5,9,0,0,0,0,0,21,2,0,0,5,48.19
pcb-e1-dock-preroute.kicad_pcb,pcb-e1-dock-35,d868fdbebf10,4,6,1,0,0,1,4.65,0,3,2,0,0,0,9.34
pcb-e1-dock-preroute.kicad_pcb,pcb-e1-dock-35,d868fdbebf10,5,3,0,0,0,0,0,0,13,2,0,0,0,11.65
pcb-e1-dock-preroute.kicad_pcb,pcb-e1-dock-35,d868fdbebf10,5,4,6,5,0,6,12.86,0,24,2,0,0,1,116.7
pcb-e1-dock-preroute.kicad_pcb,pcb-e1-dock-35,d868fdbebf10,5,5,10,0,0,0,0,0,23,2,0,0,4,55.78
pcb-e1-dock-preroute.kicad_pcb,pcb-e1-dock-35,d868fdbebf10,5,6,1,0,0,1,4.65,0,2,2,0,0,0,0
pcb-e1-dock-preroute.kicad_pcb,pcb-e1-dock-35,d868fdbebf10,6,2,0,0,0,3,0,0,13,2,0,0,0,92.43
pcb-e1-dock-preroute.kicad_pcb,pcb-e1-dock-35,d868fdbebf10,6,3,6,0,0,1,14.67,0,17,2,0,0,0,76.0
pcb-e1-dock-preroute.kicad_pcb,pcb-e1-dock-35,d868fdbebf10,6,4,1,0,0,1,2.3,0,24,2,0,0,0,19.34
pcb-e1-dock-preroute.kicad_pcb,pcb-e1-dock-35,d868fdbebf10,6,5,8,0,0,2,4.0,0,22,2,0,0,4,41.2
pcb-e1-dock-preroute.kicad_pcb,pcb-e1-dock-35,d868fdbebf10,6,6,1,0,0,0,0,0,3,2,0,0,1,4.46
pcb-e1-dock-preroute.kicad_pcb,pcb-e1-dock-35,d868fdbebf10,7,2,0,0,0,3,0,0,14,2,0,0,1,412.37
pcb-e1-dock-preroute.kicad_pcb,pcb-e1-dock-35,d868fdbebf10,7,3,6,0,0,1,6.6,0,20,2,0,0,1,247.89
pcb-e1-dock-preroute.kicad_pcb,pcb-e1-dock-35,d868fdbebf10,7,4,8,0,0,6,6.84,0,28,2,0,0,2,51.88
pcb-e1-dock-preroute.kicad_pcb,pcb-e1-dock-35,d868fdbebf10,7,5,4,0,0,0,0,0,25,2,0,0,1,48.54
pcb-e1-dock-preroute.kicad_pcb,pcb-e1-dock-35,d868fdbebf10,7,6,1,0,0,0,0,0,6,2,0,0,2,4.44
pcb-e1-dock-preroute.kicad_pcb,pcb-e1-dock-35,d868fdbebf10,8,1,1,0,0,0,0,0,12,2,0,0,1,19.97
pcb-e1-dock-preroute.kicad_pcb,pcb-e1-dock-35,d868fdbebf10,8,2,0,0,0,0,0,0,14,2,0,0,0,18.67
pcb-e1-dock-preroute.kicad_pcb,pcb-e1-dock-35,d868fdbebf10,8,3,1,0,0,0,0,0,20,2,0,0,0,97.03
pcb-e1-dock-preroute.kicad_pcb,pcb-e1-dock-35,d868fdbebf10,8,4,12,6,0,5,10.17,0,28,2,0,0,3,70.45
pcb-e1-dock-preroute.kicad_pcb,pcb-e1-dock-35,d868fdbebf10,8,5,3,0,0,0,0,0,26,2,0,0,1,30.97
pcb-e1-dock-preroute.kicad_pcb,pcb-e1-dock-35,d868fdbebf10,8,6,2,0,0,0,0,0,7,2,0,0,0,24.12
pcb-e1-dock-preroute.kicad_pcb,pcb-e1-dock-35,d868fdbebf10,9,1,1,0,0,0,0,0,12,3,0,0,0,0
pcb-e1-dock-preroute.kicad_pcb,pcb-e1-dock-35,d868fdbebf10,9,2,0,0,0,0,0,0,14,3,0,0,0,268.71
pcb-e1-dock-preroute.kicad_pcb,pcb-e1-dock-35,d868fdbebf10,9,3,1,0,0,0,0,0,20,2,0,0,0,27.09
pcb-e1-dock-preroute.kicad_pcb,pcb-e1-dock-35,d868fdbebf10,9,4,1,0,0,3,0,0,28,2,0,0,2,35.49
pcb-e1-dock-preroute.kicad_pcb,pcb-e1-dock-35,d868fdbebf10,9,5,4,0,0,0,0,0,26,2,0,0,0,36.86
pcb-e1-dock-preroute.kicad_pcb,pcb-e1-dock-35,d868fdbebf10,9,6,2,0,0,0,0,0,7,2,0,0,0,5.93
pcb-e1-dock-preroute.kicad_pcb,pcb-e1-dock-35,d868fdbebf10,10,3,0,0,0,0,0,0,20,2,0,0,1,131.14
pcb-e1-dock-preroute.kicad_pcb,pcb-e1-dock-35,d868fdbebf10,10,4,3,0,0,1,2.9,0,26,2,0,0,1,30.33
pcb-e1-dock-preroute.kicad_pcb,pcb-e1-dock-35,d868fdbebf10,10,5,6,0,0,3,2.25,0,24,2,0,0,1,32.72
pcb-e1-dock-preroute.kicad_pcb,pcb-e1-dock-35,d868fdbebf10,10,6,2,0,0,0,0,0,6,2,0,0,0,15.75
pcb-e1-dock-preroute.kicad_pcb,pcb-e1-dock-35,d868fdbebf10,11,1,1,0,0,0,0,0,12,4,0,0,0,0
pcb-e1-dock-preroute.kicad_pcb,pcb-e1-dock-35,d868fdbebf10,11,3,1,0,0,0,0,0,20,2,0,0,0,0
pcb-e1-dock-preroute.kicad_pcb,pcb-e1-dock-35,d868fdbebf10,11,4,2,0,0,0,2.9,0,23,2,0,0,0,0.0
pcb-e1-dock-preroute.kicad_pcb,pcb-e1-dock-35,d868fdbebf10,11,5,5,0,0,2,6.53,0,21,2,0,0,0,15.08
pcb-e1-dock-preroute.kicad_pcb,pcb-e1-dock-35,d868fdbebf10,12,1,1,0,0,0,0,0,12,3,0,0,0,0
pcb-e1-dock-preroute.kicad_pcb,pcb-e1-dock-35,d868fdbebf10,12,3,1,0,0,0,0,0,21,2,0,0,0,0
pcb-e1-dock-preroute.kicad_pcb,pcb-e1-dock-35,d868fdbebf10,12,4,2,0,0,3,4.7,0,23,2,0,0,0,46.83
pcb-e1-dock-preroute.kicad_pcb,pcb-e1-dock-35,d868fdbebf10,12,5,2,0,0,3,3.1,0,20,2,0,0,0,10.75
pcb-e1-dock-preroute.kicad_pcb,pcb-e1-dock-35,d868fdbebf10,12,6,2,0,0,0,0,0,6,2,0,0,0,12.82
pcb-e1-dock-preroute.kicad_pcb,pcb-e1-dock-35,d868fdbebf10,13,1,1,0,0,0,0,0,12,4,0,0,0,0
pcb-e1-dock-preroute.kicad_pcb,pcb-e1-dock-35,d868fdbebf10,13,2,0,0,0,0,0,0,14,4,0,0,0,49.81
pcb-e1-dock-preroute.kicad_pcb,pcb-e1-dock-35,d868fdbebf10,13,3,1,0,0,1,0,0,21,2,0,0,1,407.17
pcb-e1-dock-preroute.kicad_pcb,pcb-e1-dock-35,d868fdbebf10,13,4,5,0,0,4,10.2,0,23,2,0,0,0,1.99
pcb-e1-dock-preroute.kicad_pcb,pcb-e1-dock-35,d868fdbebf10,13,5,1,0,0,1,1.4,0,20,2,0,0,0,6.74
pcb-e1-dock-preroute.kicad_pcb,pcb-e1-dock-35,d868fdbebf10,13,6,2,0,0,0,0,0,6,2,0,0,0,4.49
pcb-e1-dock-preroute.kicad_pcb,pcb-e1-dock-35,d868fdbebf10,14,3,2,0,0,2,4.69,0,22,2,0,0,0,7.27
pcb-e1-dock-preroute.kicad_pcb,pcb-e1-dock-35,d868fdbebf10,14,4,9,0,0,9,11.95,0,28,2,0,0,0,45.57
pcb-e1-dock-preroute.kicad_pcb,pcb-e1-dock-35,d868fdbebf10,14,5,3,0,0,0,0,0,24,2,0,0,0,33.16
pcb-e1-dock-preroute.kicad_pcb,pcb-e1-dock-35,d868fdbebf10,14,6,2,0,0,0,0,0,5,2,0,0,0,12.24
pcb-e1-dock-preroute.kicad_pcb,pcb-e1-dock-35,d868fdbebf10,15,1,1,0,0,0,0,0,12,3,0,0,0,0
pcb-e1-dock-preroute.kicad_pcb,pcb-e1-dock-35,d868fdbebf10,15,3,7,0,0,4,0,0,22,2,0,0,2,6.97
pcb-e1-dock-preroute.kicad_pcb,pcb-e1-dock-35,d868fdbebf10,15,4,14,0,0,9,0,0,31,2,0,0,6,62.59
pcb-e1-dock-preroute.kicad_pcb,pcb-e1-dock-35,d868fdbebf10,15,5,6,0,0,0,0,0,27,2,0,0,2,59.51
pcb-e1-dock-preroute.kicad_pcb,pcb-e1-dock-35,d868fdbebf10,16,1,1,0,0,0,0,0,12,3,0,0,0,0
pcb-e1-dock-preroute.kicad_pcb,pcb-e1-dock-35,d868fdbebf10,16,3,9,0,0,3,2.15,0,24,2,0,0,2,2.1
pcb-e1-dock-preroute.kicad_pcb,pcb-e1-dock-35,d868fdbebf10,16,4,20,0,0,10,8.99,0,35,2,0,0,7,100.28
pcb-e1-dock-preroute.kicad_pcb,pcb-e1-dock-35,d868fdbebf10,16,5,4,0,0,0,0,0,29,2,0,0,1,54.19
pcb-e1-dock-preroute.kicad_pcb,pcb-e1-dock-35,d868fdbebf10,17,4,12,12,0,11,21.59,0,43,2,0,0,2,86.65
pcb-e1-dock-preroute.kicad_pcb,pcb-e1-dock-35,d868fdbebf10,17,5,3,0,0,1,0,0,29,2,0,0,4,133.58
pcb-e1-dock-preroute.kicad_pcb,pcb-e1-dock-35,d868fdbebf10,18,0,0,0,0,1,0,0,7,2,0,0,0,167.27
pcb-e1-dock-preroute.kicad_pcb,pcb-e1-dock-35,d868fdbebf10,18,1,1,0,0,0,0,0,12,3,0,0,1,2.31
pcb-e1-dock-preroute.kicad_pcb,pcb-e1-dock-35,d868fdbebf10,18,2,0,0,0,1,0,0,14,3,0,0,1,225.04
pcb-e1-dock-preroute.kicad_pcb,pcb-e1-dock-35,d868fdbebf10,18,3,2,0,0,0,0,0,26,2,0,0,4,265.53
pcb-e1-dock-preroute.kicad_pcb,pcb-e1-dock-35,d868fdbebf10,18,4,35,33,1,15,32.8,0,42,2,0,0,11,125.62
pcb-e1-dock-preroute.kicad_pcb,pcb-e1-dock-35,d868fdbebf10,18,5,1,0,0,6,6.84,0,27,2,0,0,0,74.85
pcb-e1-dock-preroute.kicad_pcb,pcb-e1-dock-35,d868fdbebf10,19,0,20,14,0,12,25.06,0,9,2,0,0,1,47.35
pcb-e1-dock-preroute.kicad_pcb,pcb-e1-dock-35,d868fdbebf10,19,1,16,0,0,5,5.41,0,14,2,0,0,1,177.03
pcb-e1-dock-preroute.kicad_pcb,pcb-e1-dock-35,d868fdbebf10,19,2,4,0,0,1,2.25,0,16,2,0,0,0,31.25
pcb-e1-dock-preroute.kicad_pcb,pcb-e1-dock-35,d868fdbebf10,19,3,5,0,0,4,3.8,0,28,2,0,0,0,47.03
pcb-e1-dock-preroute.kicad_pcb,pcb-e1-dock-35,d868fdbebf10,19,4,20,0,0,7,11.25,0,36,2,0,0,1,90.99
pcb-e1-dock-preroute.kicad_pcb,pcb-e1-dock-35,d868fdbebf10,19,5,0,0,0,0,0,0,24,2,0,0,1,0
pcb-e1-dock-preroute.kicad_pcb,pcb-e1-dock-35,d868fdbebf10,20,0,0,0,0,0,0,0,8,2,0,0,0,40.61
pcb-e1-dock-preroute.kicad_pcb,pcb-e1-dock-35,d868fdbebf10,20,1,1,0,0,0,0,0,12,3,0,0,2,55.9
pcb-e1-dock-preroute.kicad_pcb,pcb-e1-dock-35,d868fdbebf10,20,2,0,0,0,0,0,0,15,3,0,0,0,3.04
pcb-e1-dock-preroute.kicad_pcb,pcb-e1-dock-35,d868fdbebf10,20,3,6,0,0,4,7.24,0,24,2,0,0,0,21.65
pcb-e1-dock-preroute.kicad_pcb,pcb-e1-dock-35,d868fdbebf10,20,4,2,0,0,4,3.38,0,26,2,0,0,3,99.53
pcb-e1-dock-preroute.kicad_pcb,pcb-e1-dock-35,d868fdbebf10,20,5,2,0,0,1,2.65,0,22,2,0,0,0,44.78
pcb-e1-dock-preroute.kicad_pcb,pcb-e1-dock-35,d868fdbebf10,20,6,2,0,0,2,3.1,0,5,2,0,0,0,7.29
pcb-e1-dock-preroute.kicad_pcb,pcb-e1-dock-35,d868fdbebf10,21,1,0,0,0,0,0,0,12,4,0,0,0,22.53
pcb-e1-dock-preroute.kicad_pcb,pcb-e1-dock-35,d868fdbebf10,21,2,0,0,0,0,0,0,15,4,0,0,5,148.71
pcb-e1-dock-preroute.kicad_pcb,pcb-e1-dock-35,d868fdbebf10,21,3,12,3,0,8,5.09,0,24,2,0,0,5,80.75
pcb-e1-dock-preroute.kicad_pcb,pcb-e1-dock-35,d868fdbebf10,21,4,2,0,0,1,2.65,0,26,2,0,0,0,16.76
pcb-e1-dock-preroute.kicad_pcb,pcb-e1-dock-35,d868fdbebf10,21,5,2,0,0,2,4.2,0,22,2,0,0,0,15.21
pcb-e1-dock-preroute.kicad_pcb,pcb-e1-dock-35,d868fdbebf10,21,6,4,0,0,2,2.52,0,6,2,0,0,1,18.1
pcb-e1-dock-preroute.kicad_pcb,pcb-e1-dock-35,d868fdbebf10,22,1,1,0,0,0,0,0,12,3,0,0,0,0
pcb-e1-dock-preroute.kicad_pcb,pcb-e1-dock-35,d868fdbebf10,22,3,4,3,0,3,5.09,0,23,2,0,0,4,229.59
pcb-e1-dock-preroute.kicad_pcb,pcb-e1-dock-35,d868fdbebf10,22,4,0,0,0,0,0,0,25,2,0,0,7,107.31
pcb-e1-dock-preroute.kicad_pcb,pcb-e1-dock-35,d868fdbebf10,22,5,1,0,0,1,1.55,0,21,2,0,0,4,149.56
pcb-e1-dock-preroute.kicad_pcb,pcb-e1-dock-35,d868fdbebf10,22,6,2,0,0,1,2.52,0,5,2,0,0,1,20.61
pcb-e1-dock-preroute.kicad_pcb,pcb-e1-dock-35,d868fdbebf10,23,1,1,0,0,0,0,0,12,3,0,0,0,0
pcb-e1-dock-preroute.kicad_pcb,pcb-e1-dock-35,d868fdbebf10,23,2,0,0,0,0,0,0,14,3,0,0,0,3.17
pcb-e1-dock-preroute.kicad_pcb,pcb-e1-dock-35,d868fdbebf10,23,3,1,0,0,0,0,0,29,2,0,0,1,77.12
pcb-e1-dock-preroute.kicad_pcb,pcb-e1-dock-35,d868fdbebf10,23,4,37,37,0,28,28.82,0,37,2,1,0,6,109.83
pcb-e1-dock-preroute.kicad_pcb,pcb-e1-dock-35,d868fdbebf10,23,5,24,24,0,17,21.41,0,25,2,0,0,2,99.49
pcb-e1-dock-preroute.kicad_pcb,pcb-e1-dock-35,d868fdbebf10,23,6,1,0,0,1,0,0,3,2,0,0,2,181.3
pcb-e1-dock-preroute.kicad_pcb,pcb-e1-dock-35,d868fdbebf10,24,3,12,10,0,9,17.49,0,17,2,0,0,2,74.54
pcb-e1-dock-preroute.kicad_pcb,pcb-e1-dock-35,d868fdbebf10,24,4,14,0,0,5,3.38,19.28,24,2,0,0,6,121.0
pcb-e1-dock-preroute.kicad_pcb,pcb-e1-dock-35,d868fdbebf10,24,5,5,0,0,3,1.12,0,14,2,0,0,2,74.32
pcb-e1-dock-preroute.kicad_pcb,pcb-e1-dock-35,d868fdbebf10,25,1,1,0,0,0,0,0,5,3,0,0,0,0
pcb-e1-dock-preroute.kicad_pcb,pcb-e1-dock-35,d868fdbebf10,25,2,1,0,0,0,0,0,5,4,0,0,0,0
pcb-e1-dock-preroute.kicad_pcb,pcb-e1-dock-35,d868fdbebf10,25,3,5,0,0,2,2.5,0,10,3,0,0,2,39.98
pcb-e1-dock-preroute.kicad_pcb,pcb-e1-dock-35,d868fdbebf10,25,4,14,0,0,5,6.75,0,13,2,0,0,4,75.3
pcb-e1-dock-preroute.kicad_pcb,pcb-e1-dock-35,d868fdbebf10,25,5,5,0,0,0,0,0,9,2,0,0,1,26.46
pcb-e1-dock-preroute.kicad_pcb,pcb-e1-dock-35,d868fdbebf10,26,3,2,0,0,0,0,0,6,3,0,0,1,35.75
pcb-e1-dock-preroute.kicad_pcb,pcb-e1-dock-35,d868fdbebf10,26,4,7,0,0,4,3.38,0,8,2,0,0,0,16.97
pcb-e1-dock-preroute.kicad_pcb,pcb-e1-dock-35,d868fdbebf10,26,5,2,0,0,0,0,0,6,2,0,0,0,5.24
pcb-e1-dock-preroute.kicad_pcb,pcb-e1-dock-36,0d5ca1e33192,0,0,3,0,0,0,0,0,6,2,0,0,0,61.38
pcb-e1-dock-preroute.kicad_pcb,pcb-e1-dock-36,0d5ca1e33192,0,1,4,0,0,0,0,0,10,2,0,0,0,31.14
pcb-e1-dock-preroute.kicad_pcb,pcb-e1-dock-36,0d5ca1e33192,0,2,3,0,0,1,1.9,0,11,2,0,0,1,25.54
pcb-e1-dock-preroute.kicad_pcb,pcb-e1-dock-36,0d5ca1e33192,0,3,3,0,0,0,0,0,13,2,0,0,2,64.96
pcb-e1-dock-preroute.kicad_pcb,pcb-e1-dock-36,0d5ca1e33192,0,4,8,6,0,5,15.12,0,14,2,0,0,0,14.93
pcb-e1-dock-preroute.kicad_pcb,pcb-e1-dock-36,0d5ca1e33192,0,5,8,0,0,4,3.39,0,13,2,0,0,1,42.26
pcb-e1-dock-preroute.kicad_pcb,pcb-e1-dock-36,0d5ca1e33192,0,6,1,0,0,0,0,0,2,2,0,0,0,0
pcb-e1-dock-preroute.kicad_pcb,pcb-e1-dock-36,0d5ca1e33192,1,0,6,0,0,0,0,0,10,2,0,0,1,71.39
pcb-e1-dock-preroute.kicad_pcb,pcb-e1-dock-36,0d5ca1e33192,1,1,7,0,0,0,0,0,14,2,0,0,1,74.59
pcb-e1-dock-preroute.kicad_pcb,pcb-e1-dock-36,0d5ca1e33192,1,2,5,0,0,1,1.9,0,17,2,0,0,1,71.32
pcb-e1-dock-preroute.kicad_pcb,pcb-e1-dock-36,0d5ca1e33192,1,3,5,0,0,0,0,0,17,2,0,0,1,61.38
pcb-e1-dock-preroute.kicad_pcb,pcb-e1-dock-36,0d5ca1e33192,1,4,6,0,0,3,10.6,0,18,2,0,0,0,48.97
pcb-e1-dock-preroute.kicad_pcb,pcb-e1-dock-36,0d5ca1e33192,1,5,8,0,0,6,3.65,0,18,2,0,0,3,66.19
pcb-e1-dock-preroute.kicad_pcb,pcb-e1-dock-36,0d5ca1e33192,1,6,1,0,0,0,0,0,3,2,0,0,0,7.74
pcb-e1-dock-preroute.kicad_pcb,pcb-e1-dock-36,0d5ca1e33192,2,0,0,0,0,0,0,0,10,2,0,0,0,496.65
pcb-e1-dock-preroute.kicad_pcb,pcb-e1-dock-36,0d5ca1e33192,2,1,3,0,0,0,0,0,14,2,0,0,1,71.36
pcb-e1-dock-preroute.kicad_pcb,pcb-e1-dock-36,0d5ca1e33192,2,2,6,0,0,2,2.77,0,17,2,0,0,3,69.76
pcb-e1-dock-preroute.kicad_pcb,pcb-e1-dock-36,0d5ca1e33192,2,3,4,0,0,0,0,0,17,2,0,0,3,80.15
pcb-e1-dock-preroute.kicad_pcb,pcb-e1-dock-36,0d5ca1e33192,2,4,4,0,0,0,2.0,0,18,2,0,0,1,31.4
pcb-e1-dock-preroute.kicad_pcb,pcb-e1-dock-36,0d5ca1e33192,2,5,4,0,0,2,1.12,0,17,2,0,0,2,60.15
pcb-e1-dock-preroute.kicad_pcb,pcb-e1-dock-36,0d5ca1e33192,2,6,2,0,0,0,0,0,3,2,0,0,0,4.81
pcb-e1-dock-preroute.kicad_pcb,pcb-e1-dock-36,0d5ca1e33192,3,2,1,0,0,0,0,0,12,3,0,0,0,3.11
pcb-e1-dock-preroute.kicad_pcb,pcb-e1-dock-36,0d5ca1e33192,3,3,0,0,0,0,0,0,14,3,0,0,0,4.05
pcb-e1-dock-preroute.kicad_pcb,pcb-e1-dock-36,0d5ca1e33192,3,4,0,0,0,0,0,0,15,2,0,0,1,6.44
pcb-e1-dock-preroute.kicad_pcb,pcb-e1-dock-36,0d5ca1e33192,3,5,0,0,0,0,0,0,14,2,0,0,0,17.92
pcb-e1-dock-preroute.kicad_pcb,pcb-e1-dock-36,0d5ca1e33192,3,6,2,0,0,0,0,0,2,2,0,0,0,18.09
pcb-e1-dock-preroute.kicad_pcb,pcb-e1-dock-36,0d5ca1e33192,4,1,1,0,0,0,0,0,11,2,0,0,0,0
pcb-e1-dock-preroute.kicad_pcb,pcb-e1-dock-36,0d5ca1e33192,4,2,0,0,0,0,0,0,12,3,0,0,0,25.84
pcb-e1-dock-preroute.kicad_pcb,pcb-e1-dock-36,0d5ca1e33192,4,3,1,0,0,0,0,0,14,3,0,0,0,61.4
pcb-e1-dock-preroute.kicad_pcb,pcb-e1-dock-36,0d5ca1e33192,4,4,5,5,0,5,10.56,0,22,2,0,0,2,61.22
pcb-e1-dock-preroute.kicad_pcb,pcb-e1-dock-36,0d5ca1e33192,4,5,8,0,0,0,0,0,21,2,0,0,4,96.39
pcb-e1-dock-preroute.kicad_pcb,pcb-e1-dock-36,0d5ca1e33192,4,6,1,0,0,1,4.65,0,3,2,0,0,0,12.22
pcb-e1-dock-preroute.kicad_pcb,pcb-e1-dock-36,0d5ca1e33192,5,3,0,0,0,0,0,0,13,2,0,0,0,55.26
pcb-e1-dock-preroute.kicad_pcb,pcb-e1-dock-36,0d5ca1e33192,5,4,6,5,0,6,12.86,0,24,2,0,0,1,42.71
pcb-e1-dock-preroute.kicad_pcb,pcb-e1-dock-36,0d5ca1e33192,5,5,11,0,0,0,0,0,23,2,0,0,4,61.52
pcb-e1-dock-preroute.kicad_pcb,pcb-e1-dock-36,0d5ca1e33192,5,6,1,0,0,1,4.65,0,2,2,0,0,0,0
pcb-e1-dock-preroute.kicad_pcb,pcb-e1-dock-36,0d5ca1e33192,6,1,0,0,0,0,0,0,11,2,0,0,1,130.64
pcb-e1-dock-preroute.kicad_pcb,pcb-e1-dock-36,0d5ca1e33192,6,2,0,0,0,3,0,0,13,2,0,0,0,13.13
pcb-e1-dock-preroute.kicad_pcb,pcb-e1-dock-36,0d5ca1e33192,6,3,6,0,0,1,14.67,0,17,2,0,0,1,12.8
pcb-e1-dock-preroute.kicad_pcb,pcb-e1-dock-36,0d5ca1e33192,6,4,1,0,0,1,2.3,0,24,2,0,0,0,28.43
pcb-e1-dock-preroute.kicad_pcb,pcb-e1-dock-36,0d5ca1e33192,6,5,8,0,0,2,4.0,0,22,2,0,0,1,104.77
pcb-e1-dock-preroute.kicad_pcb,pcb-e1-dock-36,0d5ca1e33192,6,6,1,0,0,0,0,0,3,2,0,0,0,3.25
pcb-e1-dock-preroute.kicad_pcb,pcb-e1-dock-36,0d5ca1e33192,7,2,0,0,0,3,0,0,14,2,0,0,0,208.89
pcb-e1-dock-preroute.kicad_pcb,pcb-e1-dock-36,0d5ca1e33192,7,3,6,0,0,1,6.6,0,20,2,0,0,0,26.53
pcb-e1-dock-preroute.kicad_pcb,pcb-e1-dock-36,0d5ca1e33192,7,4,8,0,0,6,6.84,0,28,2,0,0,2,73.62
pcb-e1-dock-preroute.kicad_pcb,pcb-e1-dock-36,0d5ca1e33192,7,5,4,0,0,0,0,0,25,2,0,0,3,59.62
pcb-e1-dock-preroute.kicad_pcb,pcb-e1-dock-36,0d5ca1e33192,7,6,1,0,0,0,0,0,6,2,0,0,0,5.75
pcb-e1-dock-preroute.kicad_pcb,pcb-e1-dock-36,0d5ca1e33192,8,1,1,0,0,0,0,0,11,2,0,0,0,0
pcb-e1-dock-preroute.kicad_pcb,pcb-e1-dock-36,0d5ca1e33192,8,3,1,0,0,0,0,0,20,2,0,0,0,0
pcb-e1-dock-preroute.kicad_pcb,pcb-e1-dock-36,0d5ca1e33192,8,4,12,6,0,5,10.17,0,28,2,0,0,3,30.26
pcb-e1-dock-preroute.kicad_pcb,pcb-e1-dock-36,0d5ca1e33192,8,5,3,0,0,0,0,0,26,2,0,0,2,47.36
pcb-e1-dock-preroute.kicad_pcb,pcb-e1-dock-36,0d5ca1e33192,8,6,2,0,0,0,0,0,7,2,0,0,0,31.06
pcb-e1-dock-preroute.kicad_pcb,pcb-e1-dock-36,0d5ca1e33192,9,1,1,0,0,0,0,0,11,3,0,0,0,0
pcb-e1-dock-preroute.kicad_pcb,pcb-e1-dock-36,0d5ca1e33192,9,3,1,0,0,0,0,0,20,2,0,0,0,15.96
pcb-e1-dock-preroute.kicad_pcb,pcb-e1-dock-36,0d5ca1e33192,9,4,1,0,0,3,0,0,28,2,0,0,0,51.46
pcb-e1-dock-preroute.kicad_pcb,pcb-e1-dock-36,0d5ca1e33192,9,5,4,0,0,0,0,0,26,2,0,0,4,55.59
pcb-e1-dock-preroute.kicad_pcb,pcb-e1-dock-36,0d5ca1e33192,9,6,2,0,0,0,0,0,7,2,0,0,0,30.64
pcb-e1-dock-preroute.kicad_pcb,pcb-e1-dock-36,0d5ca1e33192,10,4,3,0,0,1,2.9,0,26,2,0,0,0,72.08
pcb-e1-dock-preroute.kicad_pcb,pcb-e1-dock-36,0d5ca1e33192,10,5,6,0,0,3,2.25,0,24,2,0,0,0,34.45
pcb-e1-dock-preroute.kicad_pcb,pcb-e1-dock-36,0d5ca1e33192,10,6,2,0,0,0,0,0,6,2,0,0,0,3.47
pcb-e1-dock-preroute.kicad_pcb,pcb-e1-dock-36,0d5ca1e33192,11,1,1,0,0,0,0,0,11,4,0,0,0,0
pcb-e1-dock-preroute.kicad_pcb,pcb-e1-dock-36,0d5ca1e33192,11,3,1,0,0,0,0,0,20,2,0,0,0,322.55
pcb-e1-dock-preroute.kicad_pcb,pcb-e1-dock-36,0d5ca1e33192,11,4,2,0,0,0,2.9,0,23,2,0,0,0,56.79
pcb-e1-dock-preroute.kicad_pcb,pcb-e1-dock-36,0d5ca1e33192,11,5,5,0,0,2,6.53,0,21,2,0,0,1,26.1
pcb-e1-dock-preroute.kicad_pcb,pcb-e1-dock-36,0d5ca1e33192,11,6,0,0,0,0,0,0,5,2,0,0,1,53.15
pcb-e1-dock-preroute.kicad_pcb,pcb-e1-dock-36,0d5ca1e33192,12,1,1,0,0,0,0,0,11,3,0,0,0,0
pcb-e1-dock-preroute.kicad_pcb,pcb-e1-dock-36,0d5ca1e33192,12,3,1,0,0,0,0,0,21,2,0,0,0,25.92
pcb-e1-dock-preroute.kicad_pcb,pcb-e1-dock-36,0d5ca1e33192,12,4,2,0,0,3,4.7,0,23,2,0,0,0,0.62
pcb-e1-dock-preroute.kicad_pcb,pcb-e1-dock-36,0d5ca1e33192,12,5,2,0,0,3,3.1,0,20,2,0,0,0,17.33
pcb-e1-dock-preroute.kicad_pcb,pcb-e1-dock-36,0d5ca1e33192,12,6,2,0,0,0,0,0,6,2,0,0,0,2.73
pcb-e1-dock-preroute.kicad_pcb,pcb-e1-dock-36,0d5ca1e33192,13,1,1,0,0,0,0,0,11,4,0,0,0,59.39
pcb-e1-dock-preroute.kicad_pcb,pcb-e1-dock-36,0d5ca1e33192,13,2,0,0,0,0,0,0,14,4,0,0,1,85.28
pcb-e1-dock-preroute.kicad_pcb,pcb-e1-dock-36,0d5ca1e33192,13,3,2,0,0,1,2.4,0,21,2,0,0,0,8.22
pcb-e1-dock-preroute.kicad_pcb,pcb-e1-dock-36,0d5ca1e33192,13,4,4,0,0,4,7.8,0,23,2,0,0,0,13.31
pcb-e1-dock-preroute.kicad_pcb,pcb-e1-dock-36,0d5ca1e33192,13,5,1,0,0,1,1.4,0,20,2,0,0,0,8.8
pcb-e1-dock-preroute.kicad_pcb,pcb-e1-dock-36,0d5ca1e33192,13,6,2,0,0,0,0,0,6,2,0,0,0,14.59
pcb-e1-dock-preroute.kicad_pcb,pcb-e1-dock-36,0d5ca1e33192,14,3,3,0,0,3,7.09,0,22,2,0,0,0,1.27
pcb-e1-dock-preroute.kicad_pcb,pcb-e1-dock-36,0d5ca1e33192,14,4,8,0,0,8,9.55,0,27,2,0,0,0,17.37
pcb-e1-dock-preroute.kicad_pcb,pcb-e1-dock-36,0d5ca1e33192,14,5,2,0,0,0,0,0,23,2,0,0,1,29.09
pcb-e1-dock-preroute.kicad_pcb,pcb-e1-dock-36,0d5ca1e33192,14,6,2,0,0,0,0,0,5,2,0,0,0,10.81
pcb-e1-dock-preroute.kicad_pcb,pcb-e1-dock-36,0d5ca1e33192,15,1,1,0,0,0,0,0,11,3,0,0,0,0
pcb-e1-dock-preroute.kicad_pcb,pcb-e1-dock-36,0d5ca1e33192,15,3,7,0,0,5,0,0,22,2,0,0,2,5.56
pcb-e1-dock-preroute.kicad_pcb,pcb-e1-dock-36,0d5ca1e33192,15,4,14,0,0,10,0,0,31,2,0,0,8,51.01
pcb-e1-dock-preroute.kicad_pcb,pcb-e1-dock-36,0d5ca1e33192,15,5,7,0,0,0,0,0,27,2,0,0,2,103.74
pcb-e1-dock-preroute.kicad_pcb,pcb-e1-dock-36,0d5ca1e33192,15,6,0,0,0,0,0,0,5,2,0,0,0,16.76
pcb-e1-dock-preroute.kicad_pcb,pcb-e1-dock-36,0d5ca1e33192,16,1,1,0,0,0,0,0,11,3,0,0,0,0
pcb-e1-dock-preroute.kicad_pcb,pcb-e1-dock-36,0d5ca1e33192,16,3,9,0,0,2,2.15,0,24,2,0,0,2,15.76
pcb-e1-dock-preroute.kicad_pcb,pcb-e1-dock-36,0d5ca1e33192,16,4,20,0,0,9,8.99,0,35,2,0,0,7,112.38
pcb-e1-dock-preroute.kicad_pcb,pcb-e1-dock-36,0d5ca1e33192,16,5,4,0,0,0,0,0,29,2,0,0,3,109.26
pcb-e1-dock-preroute.kicad_pcb,pcb-e1-dock-36,0d5ca1e33192,17,3,0,0,0,0,0,0,26,2,0,0,0,3.9
pcb-e1-dock-preroute.kicad_pcb,pcb-e1-dock-36,0d5ca1e33192,17,4,12,12,0,11,21.59,0,43,2,0,0,7,97.11
pcb-e1-dock-preroute.kicad_pcb,pcb-e1-dock-36,0d5ca1e33192,17,5,3,0,0,1,0,0,29,2,0,0,2,72.81
pcb-e1-dock-preroute.kicad_pcb,pcb-e1-dock-36,0d5ca1e33192,17,6,0,0,0,0,0,0,6,2,0,0,0,14.33
pcb-e1-dock-preroute.kicad_pcb,pcb-e1-dock-36,0d5ca1e33192,18,0,0,0,0,1,0,0,7,2,0,0,5,547.87
pcb-e1-dock-preroute.kicad_pcb,pcb-e1-dock-36,0d5ca1e33192,18,1,1,0,0,0,0,0,11,3,0,0,0,12.67
pcb-e1-dock-preroute.kicad_pcb,pcb-e1-dock-36,0d5ca1e33192,18,2,1,0,0,1,1.12,0,14,3,0,0,0,58.79
pcb-e1-dock-preroute.kicad_pcb,pcb-e1-dock-36,0d5ca1e33192,18,3,2,0,0,0,0,0,26,2,0,0,0,53.09
pcb-e1-dock-preroute.kicad_pcb,pcb-e1-dock-36,0d5ca1e33192,18,4,37,33,1,15,32.8,0,42,2,0,0,9,101.54
pcb-e1-dock-preroute.kicad_pcb,pcb-e1-dock-36,0d5ca1e33192,18,5,0,0,0,6,6.84,0,27,2,0,0,4,242.6
pcb-e1-dock-preroute.kicad_pcb,pcb-e1-dock-36,0d5ca1e33192,19,0,18,14,0,11,23.93,0,9,2,0,0,1,224.12
pcb-e1-dock-preroute.kicad_pcb,pcb-e1-dock-36,0d5ca1e33192,19,1,14,0,0,4,4.29,0,13,2,0,0,3,189.15
pcb-e1-dock-preroute.kicad_pcb,pcb-e1-dock-36,0d5ca1e33192,19,2,7,0,0,3,3.38,0,16,2,0,0,0,62.79
pcb-e1-dock-preroute.kicad_pcb,pcb-e1-dock-36,0d5ca1e33192,19,3,4,0,0,3,3.8,0,28,2,0,0,1,36.19
pcb-e1-dock-preroute.kicad_pcb,pcb-e1-dock-36,0d5ca1e33192,19,4,18,0,0,8,11.25,0,36,2,0,0,2,86.5
pcb-e1-dock-preroute.kicad_pcb,pcb-e1-dock-36,0d5ca1e33192,19,5,1,0,0,0,0,0,24,2,0,0,1,2.15
pcb-e1-dock-preroute.kicad_pcb,pcb-e1-dock-36,0d5ca1e33192,19,6,0,0,0,0,0,0,6,2,0,0,1,5.42
pcb-e1-dock-preroute.kicad_pcb,pcb-e1-dock-36,0d5ca1e33192,20,0,0,0,0,0,0,0,8,2,0,0,0,73.3
pcb-e1-dock-preroute.kicad_pcb,pcb-e1-dock-36,0d5ca1e33192,20,1,1,0,0,0,0,0,11,3,0,0,1,52.65
pcb-e1-dock-preroute.kicad_pcb,pcb-e1-dock-36,0d5ca1e33192,20,2,0,0,0,0,0,0,15,3,0,0,1,138.99
pcb-e1-dock-preroute.kicad_pcb,pcb-e1-dock-36,0d5ca1e33192,20,3,7,0,0,4,7.24,0,25,2,0,0,0,21.14
pcb-e1-dock-preroute.kicad_pcb,pcb-e1-dock-36,0d5ca1e33192,20,4,2,0,0,4,3.38,0,27,2,0,0,1,30.42
pcb-e1-dock-preroute.kicad_pcb,pcb-e1-dock-36,0d5ca1e33192,20,5,2,0,0,1,2.65,0,22,2,0,0,0,23.58
pcb-e1-dock-preroute.kicad_pcb,pcb-e1-dock-36,0d5ca1e33192,20,6,2,0,0,2,3.1,0,5,2,0,0,0,10.12
pcb-e1-dock-preroute.kicad_pcb,pcb-e1-dock-36,0d5ca1e33192,21,3,10,3,0,8,5.09,0,24,2,0,0,6,280.54
pcb-e1-dock-preroute.kicad_pcb,pcb-e1-dock-36,0d5ca1e33192,21,4,4,0,0,1,2.65,0,26,2,0,0,0,47.98
pcb-e1-dock-preroute.kicad_pcb,pcb-e1-dock-36,0d5ca1e33192,21,5,2,0,0,2,4.2,0,22,2,0,0,0,27.73
pcb-e1-dock-preroute.kicad_pcb,pcb-e1-dock-36,0d5ca1e33192,21,6,3,0,0,2,2.52,0,6,2,0,0,2,14.72
pcb-e1-dock-preroute.kicad_pcb,pcb-e1-dock-36,0d5ca1e33192,22,1,1,0,0,0,0,0,11,3,0,0,0,0
pcb-e1-dock-preroute.kicad_pcb,pcb-e1-dock-36,0d5ca1e33192,22,2,0,0,0,0,0,0,15,3,0,0,1,22.93
pcb-e1-dock-preroute.kicad_pcb,pcb-e1-dock-36,0d5ca1e33192,22,3,4,3,0,3,5.09,0,23,2,0,0,2,228.98
pcb-e1-dock-preroute.kicad_pcb,pcb-e1-dock-36,0d5ca1e33192,22,4,0,0,0,0,0,0,25,2,0,0,7,260.9
pcb-e1-dock-preroute.kicad_pcb,pcb-e1-dock-36,0d5ca1e33192,22,5,1,0,0,1,1.55,0,21,2,0,0,3,94.42
pcb-e1-dock-preroute.kicad_pcb,pcb-e1-dock-36,0d5ca1e33192,22,6,3,0,0,1,2.52,0,5,2,0,0,0,2.17
pcb-e1-dock-preroute.kicad_pcb,pcb-e1-dock-36,0d5ca1e33192,23,1,1,0,0,0,0,0,11,3,0,0,0,0
pcb-e1-dock-preroute.kicad_pcb,pcb-e1-dock-36,0d5ca1e33192,23,3,1,0,0,0,0,0,29,2,0,0,0,52.71
pcb-e1-dock-preroute.kicad_pcb,pcb-e1-dock-36,0d5ca1e33192,23,4,37,37,0,28,28.82,0,37,2,0,0,8,129.95
pcb-e1-dock-preroute.kicad_pcb,pcb-e1-dock-36,0d5ca1e33192,23,5,24,24,0,17,21.41,0,25,2,0,0,2,96.07
pcb-e1-dock-preroute.kicad_pcb,pcb-e1-dock-36,0d5ca1e33192,23,6,1,0,0,1,0,0,3,2,0,0,1,23.22
pcb-e1-dock-preroute.kicad_pcb,pcb-e1-dock-36,0d5ca1e33192,24,3,12,10,0,9,17.49,0,17,2,0,0,4,332.2
pcb-e1-dock-preroute.kicad_pcb,pcb-e1-dock-36,0d5ca1e33192,24,4,13,0,0,6,3.38,19.28,24,2,0,0,6,115.18
pcb-e1-dock-preroute.kicad_pcb,pcb-e1-dock-36,0d5ca1e33192,24,5,5,0,0,2,1.12,0,14,2,0,0,2,67.88
pcb-e1-dock-preroute.kicad_pcb,pcb-e1-dock-36,0d5ca1e33192,25,1,1,0,0,0,0,0,5,3,0,0,0,0
pcb-e1-dock-preroute.kicad_pcb,pcb-e1-dock-36,0d5ca1e33192,25,2,1,0,0,0,0,0,5,4,0,0,0,0
pcb-e1-dock-preroute.kicad_pcb,pcb-e1-dock-36,0d5ca1e33192,25,3,5,0,0,2,2.5,0,11,3,0,0,3,50.31
pcb-e1-dock-preroute.kicad_pcb,pcb-e1-dock-36,0d5ca1e33192,25,4,14,0,0,5,5.62,0,14,2,0,0,4,71.37
pcb-e1-dock-preroute.kicad_pcb,pcb-e1-dock-36,0d5ca1e33192,25,5,4,0,0,0,0,0,9,2,0,0,1,60.3
pcb-e1-dock-preroute.kicad_pcb,pcb-e1-dock-36,0d5ca1e33192,26,3,2,0,0,0,0,0,6,3,0,0,1,23.39
pcb-e1-dock-preroute.kicad_pcb,pcb-e1-dock-36,0d5ca1e33192,26,4,8,0,0,4,4.5,0,8,2,0,0,0,28.21
pcb-e1-dock-preroute.kicad_pcb,pcb-e1-dock-36,0d5ca1e33192,26,5,3,0,0,0,0,0,6,2,0,0,1,25.22
pcb-e1-dock-preroute.kicad_pcb,pcb-e1-dock-37,78f9a6135786,0,0,3,0,0,0,0,0,6,2,0,0,0,28.82
pcb-e1-dock-preroute.kicad_pcb,pcb-e1-dock-37,78f9a6135786,0,1,4,0,0,0,0,0,10,2,0,0,0,39.48
pcb-e1-dock-preroute.kicad_pcb,pcb-e1-dock-37,78f9a6135786,0,2,3,0,0,1,1.9,0,11,2,0,0,0,13.91
pcb-e1-dock-preroute.kicad_pcb,pcb-e1-dock-37,78f9a6135786,0,3,3,0,0,0,0,0,13,2,0,0,1,52.28
pcb-e1-dock-preroute.kicad_pcb,pcb-e1-dock-37,78f9a6135786,0,4,8,6,0,5,13.12,0,14,2,1,0,0,37.17
pcb-e1-dock-preroute.kicad_pcb,pcb-e1-dock-37,78f9a6135786,0,5,9,0,0,3,3.39,0,14,2,0,0,1,69.56
pcb-e1-dock-preroute.kicad_pcb,pcb-e1-dock-37,78f9a6135786,0,6,1,0,0,0,0,0,2,2,0,0,0,0
pcb-e1-dock-preroute.kicad_pcb,pcb-e1-dock-37,78f9a6135786,1,0,6,0,0,0,0,0,10,2,0,0,0,270.28
pcb-e1-dock-preroute.kicad_pcb,pcb-e1-dock-37,78f9a6135786,1,1,7,0,0,0,0,0,14,2,0,0,0,83.97
pcb-e1-dock-preroute.kicad_pcb,pcb-e1-dock-37,78f9a6135786,1,2,5,0,0,1,1.9,0,17,2,0,0,3,77.55
pcb-e1-dock-preroute.kicad_pcb,pcb-e1-dock-37,78f9a6135786,1,3,5,0,0,0,0,0,17,2,0,0,6,107.6
pcb-e1-dock-preroute.kicad_pcb,pcb-e1-dock-37,78f9a6135786,1,4,5,0,0,2,10.3,0,18,2,0,0,0,38.52
pcb-e1-dock-preroute.kicad_pcb,pcb-e1-dock-37,78f9a6135786,1,5,7,0,0,7,3.65,0,18,2,0,0,1,38.6
pcb-e1-dock-preroute.kicad_pcb,pcb-e1-dock-37,78f9a6135786,1,6,1,0,0,0,0,0,3,2,0,0,0,0
pcb-e1-dock-preroute.kicad_pcb,pcb-e1-dock-37,78f9a6135786,2,0,0,0,0,0,0,0,10,2,0,0,0,36.39
pcb-e1-dock-preroute.kicad_pcb,pcb-e1-dock-37,78f9a6135786,2,1,3,0,0,0,0,0,14,2,1,0,0,44.48
pcb-e1-dock-preroute.kicad_pcb,pcb-e1-dock-37,78f9a6135786,2,2,6,0,0,2,2.77,0,17,2,0,0,2,153.77
pcb-e1-dock-preroute.kicad_pcb,pcb-e1-dock-37,78f9a6135786,2,3,4,0,0,0,0,0,17,2,0,0,1,168.84
pcb-e1-dock-preroute.kicad_pcb,pcb-e1-dock-37,78f9a6135786,2,4,5,0,0,1,4.3,0,18,2,0,0,2,31.34
pcb-e1-dock-preroute.kicad_pcb,pcb-e1-dock-37,78f9a6135786,2,5,4,0,0,2,1.12,0,17,2,0,0,1,9.07
pcb-e1-dock-preroute.kicad_pcb,pcb-e1-dock-37,78f9a6135786,2,6,2,0,0,0,0,0,3,2,0,0,0,12.84
pcb-e1-dock-preroute.kicad_pcb,pcb-e1-dock-37,78f9a6135786,3,1,0,0,0,0,0,0,11,2,0,0,0,150.53
pcb-e1-dock-preroute.kicad_pcb,pcb-e1-dock-37,78f9a6135786,3,2,1,0,0,0,0,0,12,3,0,0,0,0
pcb-e1-dock-preroute.kicad_pcb,pcb-e1-dock-37,78f9a6135786,3,4,0,0,0,0,0,0,15,2,0,0,0,20.46
pcb-e1-dock-preroute.kicad_pcb,pcb-e1-dock-37,78f9a6135786,3,5,0,0,0,0,0,0,14,2,0,0,1,44.59
pcb-e1-dock-preroute.kicad_pcb,pcb-e1-dock-37,78f9a6135786,3,6,2,0,0,0,0,0,2,2,0,0,0,7.73
pcb-e1-dock-preroute.kicad_pcb,pcb-e1-dock-37,78f9a6135786,4,1,1,0,0,0,0,0,11,2,0,0,0,0
pcb-e1-dock-preroute.kicad_pcb,pcb-e1-dock-37,78f9a6135786,4,2,0,0,0,0,0,0,12,3,0,0,0,7.64
pcb-e1-dock-preroute.kicad_pcb,pcb-e1-dock-37,78f9a6135786,4,3,1,0,0,0,0,0,14,3,0,0,0,17.13
pcb-e1-dock-preroute.kicad_pcb,pcb-e1-dock-37,78f9a6135786,4,4,5,5,0,5,10.56,0,22,2,1,0,5,76.22
pcb-e1-dock-preroute.kicad_pcb,pcb-e1-dock-37,78f9a6135786,4,5,8,0,0,0,0,0,21,2,0,0,4,44.41
pcb-e1-dock-preroute.kicad_pcb,pcb-e1-dock-37,78f9a6135786,4,6,1,0,0,1,4.65,0,3,2,0,0,0,11.44
pcb-e1-dock-preroute.kicad_pcb,pcb-e1-dock-37,78f9a6135786,5,4,6,5,0,6,12.86,0,24,2,0,0,0,88.08
pcb-e1-dock-preroute.kicad_pcb,pcb-e1-dock-37,78f9a6135786,5,5,11,0,0,0,0,0,23,2,0,0,4,68.16
pcb-e1-dock-preroute.kicad_pcb,pcb-e1-dock-37,78f9a6135786,5,6,1,0,0,1,4.65,0,2,2,0,0,0,0
pcb-e1-dock-preroute.kicad_pcb,pcb-e1-dock-37,78f9a6135786,6,2,0,0,0,3,0,0,13,2,0,0,1,79.58
pcb-e1-dock-preroute.kicad_pcb,pcb-e1-dock-37,78f9a6135786,6,3,6,0,0,1,14.67,0,17,2,0,0,1,6.11
pcb-e1-dock-preroute.kicad_pcb,pcb-e1-dock-37,78f9a6135786,6,4,1,0,0,1,2.3,0,24,2,0,0,0,9.46
pcb-e1-dock-preroute.kicad_pcb,pcb-e1-dock-37,78f9a6135786,6,5,8,0,0,2,4.0,0,22,2,0,0,4,155.14
pcb-e1-dock-preroute.kicad_pcb,pcb-e1-dock-37,78f9a6135786,6,6,1,0,0,0,0,0,3,2,0,0,0,3.25
pcb-e1-dock-preroute.kicad_pcb,pcb-e1-dock-37,78f9a6135786,7,0,0,0,0,0,0,0,7,2,0,0,1,66.09
pcb-e1-dock-preroute.kicad_pcb,pcb-e1-dock-37,78f9a6135786,7,2,0,0,0,3,0,0,14,2,0,0,0,349.28
pcb-e1-dock-preroute.kicad_pcb,pcb-e1-dock-37,78f9a6135786,7,3,6,0,0,1,6.6,0,20,2,0,0,1,101.55
pcb-e1-dock-preroute.kicad_pcb,pcb-e1-dock-37,78f9a6135786,7,4,8,0,0,6,6.84,0,28,2,0,0,2,19.3
pcb-e1-dock-preroute.kicad_pcb,pcb-e1-dock-37,78f9a6135786,7,5,4,0,0,0,0,0,25,2,0,0,1,93.83
pcb-e1-dock-preroute.kicad_pcb,pcb-e1-dock-37,78f9a6135786,7,6,1,0,0,0,0,0,6,2,0,0,1,21.12
pcb-e1-dock-preroute.kicad_pcb,pcb-e1-dock-37,78f9a6135786,8,1,1,0,0,0,0,0,11,2,0,0,0,0
pcb-e1-dock-preroute.kicad_pcb,pcb-e1-dock-37,78f9a6135786,8,2,0,0,0,0,0,0,14,2,0,0,0,9.4
pcb-e1-dock-preroute.kicad_pcb,pcb-e1-dock-37,78f9a6135786,8,3,1,0,0,0,0,0,20,2,0,0,0,0
pcb-e1-dock-preroute.kicad_pcb,pcb-e1-dock-37,78f9a6135786,8,4,12,6,0,5,10.17,0,28,2,0,0,3,73.87
pcb-e1-dock-preroute.kicad_pcb,pcb-e1-dock-37,78f9a6135786,8,5,3,0,0,0,0,0,26,2,0,0,4,53.33
pcb-e1-dock-preroute.kicad_pcb,pcb-e1-dock-37,78f9a6135786,8,6,2,0,0,0,0,0,7,2,0,0,1,175.26
pcb-e1-dock-preroute.kicad_pcb,pcb-e1-dock-37,78f9a6135786,9,1,1,0,0,0,0,0,11,3,0,0,0,0
pcb-e1-dock-preroute.kicad_pcb,pcb-e1-dock-37,78f9a6135786,9,2,0,0,0,0,0,0,14,3,0,0,0,141.16
pcb-e1-dock-preroute.kicad_pcb,pcb-e1-dock-37,78f9a6135786,9,3,1,0,0,0,0,0,20,2,0,0,0,37.9
pcb-e1-dock-preroute.kicad_pcb,pcb-e1-dock-37,78f9a6135786,9,4,1,0,0,3,0,0,28,2,1,0,1,27.1
pcb-e1-dock-preroute.kicad_pcb,pcb-e1-dock-37,78f9a6135786,9,5,5,0,0,0,0,0,26,2,0,0,2,57.82
pcb-e1-dock-preroute.kicad_pcb,pcb-e1-dock-37,78f9a6135786,9,6,2,0,0,0,0,0,7,2,0,0,0,13.78
pcb-e1-dock-preroute.kicad_pcb,pcb-e1-dock-37,78f9a6135786,10,4,3,0,0,1,2.9,0,26,2,0,0,1,110.42
pcb-e1-dock-preroute.kicad_pcb,pcb-e1-dock-37,78f9a6135786,10,5,5,0,0,3,2.25,0,24,2,0,0,1,17.49
pcb-e1-dock-preroute.kicad_pcb,pcb-e1-dock-37,78f9a6135786,10,6,2,0,0,0,0,0,6,2,0,0,0,17.77
pcb-e1-dock-preroute.kicad_pcb,pcb-e1-dock-37,78f9a6135786,11,1,1,0,0,0,0,0,11,4,0,0,0,0
pcb-e1-dock-preroute.kicad_pcb,pcb-e1-dock-37,78f9a6135786,11,3,1,0,0,0,0,0,20,2,0,0,0,5.09
pcb-e1-dock-preroute.kicad_pcb,pcb-e1-dock-37,78f9a6135786,11,4,2,0,0,0,2.9,0,23,2,0,0,0,0.13
pcb-e1-dock-preroute.kicad_pcb,pcb-e1-dock-37,78f9a6135786,11,5,5,0,0,2,6.53,0,21,2,0,0,0,30.72
pcb-e1-dock-preroute.kicad_pcb,pcb-e1-dock-37,78f9a6135786,11,6,0,0,0,0,0,0,5,2,0,0,0,76.44
pcb-e1-dock-preroute.kicad_pcb,pcb-e1-dock-37,78f9a6135786,12,0,0,0,0,0,0,0,7,2,0,0,0,107.48
pcb-e1-dock-preroute.kicad_pcb,pcb-e1-dock-37,78f9a6135786,12,1,1,0,0,0,0,0,11,3,0,0,0,0
pcb-e1-dock-preroute.kicad_pcb,pcb-e1-dock-37,78f9a6135786,12,3,1,0,0,0,0,0,21,2,0,0,0,3.54
pcb-e1-dock-preroute.kicad_pcb,pcb-e1-dock-37,78f9a6135786,12,4,2,0,0,3,4.7,0,23,2,0,0,0,16.21
pcb-e1-dock-preroute.kicad_pcb,pcb-e1-dock-37,78f9a6135786,12,5,2,0,0,3,3.1,0,20,2,0,0,3,180.01
pcb-e1-dock-preroute.kicad_pcb,pcb-e1-dock-37,78f9a6135786,12,6,2,0,0,0,0,0,6,2,0,0,0,12.84
pcb-e1-dock-preroute.kicad_pcb,pcb-e1-dock-37,78f9a6135786,13,1,1,0,0,0,0,0,11,4,0,0,0,0
pcb-e1-dock-preroute.kicad_pcb,pcb-e1-dock-37,78f9a6135786,13,3,1,0,0,1,0,0,21,2,0,0,0,10.8
pcb-e1-dock-preroute.kicad_pcb,pcb-e1-dock-37,78f9a6135786,13,4,5,0,0,4,10.2,0,23,2,0,0,0,4.61
pcb-e1-dock-preroute.kicad_pcb,pcb-e1-dock-37,78f9a6135786,13,5,1,0,0,1,1.4,0,20,2,0,0,0,27.38
pcb-e1-dock-preroute.kicad_pcb,pcb-e1-dock-37,78f9a6135786,13,6,2,0,0,0,0,0,6,2,0,0,0,4.44
pcb-e1-dock-preroute.kicad_pcb,pcb-e1-dock-37,78f9a6135786,14,3,3,0,0,3,6.12,0,22,2,0,0,0,2.89
pcb-e1-dock-preroute.kicad_pcb,pcb-e1-dock-37,78f9a6135786,14,4,8,0,0,8,10.53,0,28,2,0,0,0,47.03
pcb-e1-dock-preroute.kicad_pcb,pcb-e1-dock-37,78f9a6135786,14,5,3,0,0,0,0,0,24,2,0,0,0,23.45
pcb-e1-dock-preroute.kicad_pcb,pcb-e1-dock-37,78f9a6135786,14,6,2,0,0,0,0,0,5,2,0,0,0,47.95
pcb-e1-dock-preroute.kicad_pcb,pcb-e1-dock-37,78f9a6135786,15,1,1,0,0,0,0,0,11,3,0,0,0,27.5
pcb-e1-dock-preroute.kicad_pcb,pcb-e1-dock-37,78f9a6135786,15,2,0,0,0,0,0,0,14,3,0,0,0,60.05
pcb-e1-dock-preroute.kicad_pcb,pcb-e1-dock-37,78f9a6135786,15,3,10,0,0,7,0,0,24,2,0,0,4,62.57
pcb-e1-dock-preroute.kicad_pcb,pcb-e1-dock-37,78f9a6135786,15,4,11,0,0,6,0,0,32,2,0,0,5,52.11
pcb-e1-dock-preroute.kicad_pcb,pcb-e1-dock-37,78f9a6135786,15,5,6,0,0,0,0,0,28,2,0,0,9,172.92
pcb-e1-dock-preroute.kicad_pcb,pcb-e1-dock-37,78f9a6135786,16,1,1,0,0,0,0,0,11,3,0,0,0,0
pcb-e1-dock-preroute.kicad_pcb,pcb-e1-dock-37,78f9a6135786,16,3,11,0,0,5,3.58,0,25,2,0,0,4,304.15
pcb-e1-dock-preroute.kicad_pcb,pcb-e1-dock-37,78f9a6135786,16,4,18,0,0,8,7.56,0,35,2,0,0,7,62.06
pcb-e1-dock-preroute.kicad_pcb,pcb-e1-dock-37,78f9a6135786,16,5,4,0,0,0,0,0,29,2,0,0,0,12.34
pcb-e1-dock-preroute.kicad_pcb,pcb-e1-dock-37,78f9a6135786,17,1,0,0,0,0,0,0,11,4,0,0,1,310.34
pcb-e1-dock-preroute.kicad_pcb,pcb-e1-dock-37,78f9a6135786,17,3,0,0,0,0,0,0,29,2,0,0,0,12.16
pcb-e1-dock-preroute.kicad_pcb,pcb-e1-dock-37,78f9a6135786,17,4,12,12,0,11,21.59,0,43,2,0,0,5,76.86
pcb-e1-dock-preroute.kicad_pcb,pcb-e1-dock-37,78f9a6135786,17,5,3,0,0,1,0,0,29,2,0,0,2,141.64
pcb-e1-dock-preroute.kicad_pcb,pcb-e1-dock-37,78f9a6135786,18,0,0,0,0,1,0,0,7,2,0,0,2,88.04
pcb-e1-dock-preroute.kicad_pcb,pcb-e1-dock-37,78f9a6135786,18,1,1,0,0,0,0,0,11,3,0,0,2,25.42
pcb-e1-dock-preroute.kicad_pcb,pcb-e1-dock-37,78f9a6135786,18,2,1,0,0,1,1.12,0,14,3,0,0,1,6.83
pcb-e1-dock-preroute.kicad_pcb,pcb-e1-dock-37,78f9a6135786,18,3,3,0,0,0,0,0,29,2,0,0,6,112.78
pcb-e1-dock-preroute.kicad_pcb,pcb-e1-dock-37,78f9a6135786,18,4,35,33,1,15,32.8,0,42,2,0,0,7,89.79
pcb-e1-dock-preroute.kicad_pcb,pcb-e1-dock-37,78f9a6135786,18,5,1,0,0,6,6.84,0,27,2,0,0,6,99.12
pcb-e1-dock-preroute.kicad_pcb,pcb-e1-dock-37,78f9a6135786,18,6,0,0,0,0,0,0,6,2,0,0,0,24.29
pcb-e1-dock-preroute.kicad_pcb,pcb-e1-dock-37,78f9a6135786,19,0,20,14,0,12,25.06,0,9,2,0,0,1,49.48
pcb-e1-dock-preroute.kicad_pcb,pcb-e1-dock-37,78f9a6135786,19,1,12,0,0,3,3.16,0,13,2,0,0,1,91.06
pcb-e1-dock-preroute.kicad_pcb,pcb-e1-dock-37,78f9a6135786,19,2,7,0,0,3,3.38,0,16,2,0,0,0,16.77
pcb-e1-dock-preroute.kicad_pcb,pcb-e1-dock-37,78f9a6135786,19,3,8,0,0,4,6.05,0,29,2,0,0,1,70.45
pcb-e1-dock-preroute.kicad_pcb,pcb-e1-dock-37,78f9a6135786,19,4,14,0,0,7,7.88,0,35,2,0,0,6,96.87
pcb-e1-dock-preroute.kicad_pcb,pcb-e1-dock-37,78f9a6135786,19,5,0,0,0,0,0,0,23,2,0,0,1,18.12
pcb-e1-dock-preroute.kicad_pcb,pcb-e1-dock-37,78f9a6135786,19,6,0,0,0,0,0,0,6,2,0,0,0,23.24
pcb-e1-dock-preroute.kicad_pcb,pcb-e1-dock-37,78f9a6135786,20,0,0,0,0,0,0,0,8,2,0,0,0,4.91
pcb-e1-dock-preroute.kicad_pcb,pcb-e1-dock-37,78f9a6135786,20,1,1,0,0,0,0,0,11,3,0,0,0,89.22
pcb-e1-dock-preroute.kicad_pcb,pcb-e1-dock-37,78f9a6135786,20,3,6,0,0,4,7.24,0,24,2,0,0,0,27.68
pcb-e1-dock-preroute.kicad_pcb,pcb-e1-dock-37,78f9a6135786,20,4,4,0,0,4,4.5,0,27,2,0,0,2,84.07
pcb-e1-dock-preroute.kicad_pcb,pcb-e1-dock-37,78f9a6135786,20,5,2,0,0,1,2.65,0,22,2,0,0,1,47.75
pcb-e1-dock-preroute.kicad_pcb,pcb-e1-dock-37,78f9a6135786,20,6,2,0,0,2,3.1,0,5,2,0,0,0,137.83
pcb-e1-dock-preroute.kicad_pcb,pcb-e1-dock-37,78f9a6135786,21,2,0,0,0,0,0,0,15,4,0,0,3,220.82
pcb-e1-dock-preroute.kicad_pcb,pcb-e1-dock-37,78f9a6135786,21,3,10,3,0,6,5.09,0,24,2,0,0,2,23.9
pcb-e1-dock-preroute.kicad_pcb,pcb-e1-dock-37,78f9a6135786,21,4,4,0,0,3,2.65,0,26,2,0,0,2,22.63
pcb-e1-dock-preroute.kicad_pcb,pcb-e1-dock-37,78f9a6135786,21,5,2,0,0,2,4.2,0,22,2,0,0,0,25.01
pcb-e1-dock-preroute.kicad_pcb,pcb-e1-dock-37,78f9a6135786,21,6,3,0,0,2,2.52,0,6,2,0,0,2,15.53
pcb-e1-dock-preroute.kicad_pcb,pcb-e1-dock-37,78f9a6135786,22,1,1,0,0,0,0,0,11,3,0,0,0,0
pcb-e1-dock-preroute.kicad_pcb,pcb-e1-dock-37,78f9a6135786,22,2,0,0,0,0,0,0,15,3,0,0,0,39.43
pcb-e1-dock-preroute.kicad_pcb,pcb-e1-dock-37,78f9a6135786,22,3,4,3,0,3,5.09,0,23,2,0,0,2,167.96
pcb-e1-dock-preroute.kicad_pcb,pcb-e1-dock-37,78f9a6135786,22,4,0,0,0,0,0,0,25,2,0,0,7,186.71
pcb-e1-dock-preroute.kicad_pcb,pcb-e1-dock-37,78f9a6135786,22,5,1,0,0,1,1.55,0,21,2,0,0,2,39.08
pcb-e1-dock-preroute.kicad_pcb,pcb-e1-dock-37,78f9a6135786,22,6,3,0,0,1,2.52,0,5,2,0,0,0,11.47
pcb-e1-dock-preroute.kicad_pcb,pcb-e1-dock-37,78f9a6135786,23,1,1,0,0,0,0,0,11,3,0,0,0,0
pcb-e1-dock-preroute.kicad_pcb,pcb-e1-dock-37,78f9a6135786,23,3,1,0,0,0,0,0,29,2,0,0,1,49.9
pcb-e1-dock-preroute.kicad_pcb,pcb-e1-dock-37,78f9a6135786,23,4,37,37,0,28,28.82,0,37,2,0,0,9,123.76
pcb-e1-dock-preroute.kicad_pcb,pcb-e1-dock-37,78f9a6135786,23,5,24,24,0,17,21.41,0,25,2,0,0,5,154.2
pcb-e1-dock-preroute.kicad_pcb,pcb-e1-dock-37,78f9a6135786,23,6,1,0,0,1,0,0,3,2,0,0,0,0
pcb-e1-dock-preroute.kicad_pcb,pcb-e1-dock-37,78f9a6135786,24,2,0,0,0,0,0,0,6,4,0,0,2,0.8
pcb-e1-dock-preroute.kicad_pcb,pcb-e1-dock-37,78f9a6135786,24,3,12,10,0,9,17.49,0,17,2,0,0,1,70.41
pcb-e1-dock-preroute.kicad_pcb,pcb-e1-dock-37,78f9a6135786,24,4,14,0,0,6,3.38,20.58,24,2,0,0,10,152.49
pcb-e1-dock-preroute.kicad_pcb,pcb-e1-dock-37,78f9a6135786,24,5,5,0,0,2,1.12,0,14,2,0,0,3,36.15
pcb-e1-dock-preroute.kicad_pcb,pcb-e1-dock-37,78f9a6135786,25,1,1,0,0,0,0,0,5,3,0,0,0,0
pcb-e1-dock-preroute.kicad_pcb,pcb-e1-dock-37,78f9a6135786,25,2,1,0,0,0,0,0,5,4,0,0,0,0
pcb-e1-dock-preroute.kicad_pcb,pcb-e1-dock-37,78f9a6135786,25,3,5,0,0,2,2.5,0,10,3,0,0,2,174.89
pcb-e1-dock-preroute.kicad_pcb,pcb-e1-dock-37,78f9a6135786,25,4,14,0,0,5,6.75,0,13,2,0,0,3,111.42
pcb-e1-dock-preroute.kicad_pcb,pcb-e1-dock-37,78f9a6135786,25,5,5,0,0,0,0,0,9,2,0,0,2,138.52
pcb-e1-dock-preroute.kicad_pcb,pcb-e1-dock-37,78f9a6135786,26,3,2,0,0,0,0,0,6,3,0,0,1,3.61
pcb-e1-dock-preroute.kicad_pcb,pcb-e1-dock-37,78f9a6135786,26,4,7,0,0,4,3.38,0,8,2,0,0,0,37.39
pcb-e1-dock-preroute.kicad_pcb,pcb-e1-dock-37,78f9a6135786,26,5,2,0,0,0,0,0,6,2,0,0,0,12.68
pcb-e1-dock-preroute.kicad_pcb,pcb-e1-dock-38,4cab5bccbd3e,0,0,3,0,0,0,0,0,6,2,0,0,0,22.49
pcb-e1-dock-preroute.kicad_pcb,pcb-e1-dock-38,4cab5bccbd3e,0,1,4,0,0,0,0,0,10,2,0,0,0,43.78
pcb-e1-dock-preroute.kicad_pcb,pcb-e1-dock-38,4cab5bccbd3e,0,2,3,0,0,1,1.9,0,11,2,0,0,0,11.16
pcb-e1-dock-preroute.kicad_pcb,pcb-e1-dock-38,4cab5bccbd3e,0,3,3,0,0,0,0,0,13,2,0,0,0,35.53
pcb-e1-dock-preroute.kicad_pcb,pcb-e1-dock-38,4cab5bccbd3e,0,4,8,6,0,5,15.12,0,14,2,0,0,0,6.39
pcb-e1-dock-preroute.kicad_pcb,pcb-e1-dock-38,4cab5bccbd3e,0,5,8,0,0,4,3.39,0,13,2,0,0,2,88.99
pcb-e1-dock-preroute.kicad_pcb,pcb-e1-dock-38,4cab5bccbd3e,0,6,1,0,0,0,0,0,2,2,1,0,0,0
pcb-e1-dock-preroute.kicad_pcb,pcb-e1-dock-38,4cab5bccbd3e,1,0,6,0,0,0,0,0,10,2,0,0,1,217.14
pcb-e1-dock-preroute.kicad_pcb,pcb-e1-dock-38,4cab5bccbd3e,1,1,7,0,0,0,0,0,14,2,0,0,0,90.46
pcb-e1-dock-preroute.kicad_pcb,pcb-e1-dock-38,4cab5bccbd3e,1,2,5,0,0,1,1.9,0,17,2,0,0,1,70.11
pcb-e1-dock-preroute.kicad_pcb,pcb-e1-dock-38,4cab5bccbd3e,1,3,5,0,0,0,0,0,17,2,0,0,4,76.54
pcb-e1-dock-preroute.kicad_pcb,pcb-e1-dock-38,4cab5bccbd3e,1,4,5,0,0,2,8.3,0,18,2,0,0,0,29.03
pcb-e1-dock-preroute.kicad_pcb,pcb-e1-dock-38,4cab5bccbd3e,1,5,8,0,0,6,3.65,0,18,2,0,0,2,123.63
pcb-e1-dock-preroute.kicad_pcb,pcb-e1-dock-38,4cab5bccbd3e,1,6,1,0,0,0,0,0,3,2,0,0,0,7.74
pcb-e1-dock-preroute.kicad_pcb,pcb-e1-dock-38,4cab5bccbd3e,2,0,0,0,0,0,0,0,10,2,0,0,0,163.32
pcb-e1-dock-preroute.kicad_pcb,pcb-e1-dock-38,4cab5bccbd3e,2,1,3,0,0,0,0,0,14,2,0,0,1,145.28
pcb-e1-dock-preroute.kicad_pcb,pcb-e1-dock-38,4cab5bccbd3e,2,2,5,0,0,1,1.39,0,17,2,0,0,3,182.19
pcb-e1-dock-preroute.kicad_pcb,pcb-e1-dock-38,4cab5bccbd3e,2,3,5,0,0,1,1.39,0,17,2,0,0,2,65.58
pcb-e1-dock-preroute.kicad_pcb,pcb-e1-dock-38,4cab5bccbd3e,2,4,5,0,0,1,4.3,0,18,2,0,0,0,52.94
pcb-e1-dock-preroute.kicad_pcb,pcb-e1-dock-38,4cab5bccbd3e,2,5,4,0,0,2,1.12,0,17,2,0,0,0,30.23
pcb-e1-dock-preroute.kicad_pcb,pcb-e1-dock-38,4cab5bccbd3e,2,6,2,0,0,0,0,0,3,2,0,0,0,4.81
pcb-e1-dock-preroute.kicad_pcb,pcb-e1-dock-38,4cab5bccbd3e,3,1,0,0,0,0,0,0,11,2,0,0,0,173.12
pcb-e1-dock-preroute.kicad_pcb,pcb-e1-dock-38,4cab5bccbd3e,3,2,1,0,0,0,0,0,12,3,0,0,0,6.24
pcb-e1-dock-preroute.kicad_pcb,pcb-e1-dock-38,4cab5bccbd3e,3,3,0,0,0,0,0,0,14,3,0,0,0,21.14
pcb-e1-dock-preroute.kicad_pcb,pcb-e1-dock-38,4cab5bccbd3e,3,6,2,0,0,0,0,0,2,2,0,0,0,6.44
pcb-e1-dock-preroute.kicad_pcb,pcb-e1-dock-38,4cab5bccbd3e,4,1,1,0,0,0,0,0,11,2,0,0,0,0
pcb-e1-dock-preroute.kicad_pcb,pcb-e1-dock-38,4cab5bccbd3e,4,3,1,0,0,0,0,0,14,3,0,0,0,31.05
pcb-e1-dock-preroute.kicad_pcb,pcb-e1-dock-38,4cab5bccbd3e,4,4,5,5,0,5,10.56,0,22,2,0,0,0,116.65
pcb-e1-dock-preroute.kicad_pcb,pcb-e1-dock-38,4cab5bccbd3e,4,5,8,0,0,0,0,0,21,2,0,0,4,41.06
pcb-e1-dock-preroute.kicad_pcb,pcb-e1-dock-38,4cab5bccbd3e,4,6,1,0,0,1,4.65,0,3,2,0,0,0,10.51
pcb-e1-dock-preroute.kicad_pcb,pcb-e1-dock-38,4cab5bccbd3e,5,4,6,5,0,6,12.86,0,24,2,0,0,0,52.91
pcb-e1-dock-preroute.kicad_pcb,pcb-e1-dock-38,4cab5bccbd3e,5,5,11,0,0,0,0,0,23,2,1,0,3,41.68
pcb-e1-dock-preroute.kicad_pcb,pcb-e1-dock-38,4cab5bccbd3e,5,6,1,0,0,1,4.65,0,2,2,0,0,0,0
pcb-e1-dock-preroute.kicad_pcb,pcb-e1-dock-38,4cab5bccbd3e,6,1,0,0,0,0,0,0,11,2,0,0,1,156.49
pcb-e1-dock-preroute.kicad_pcb,pcb-e1-dock-38,4cab5bccbd3e,6,2,0,0,0,3,0,0,13,2,0,0,0,1.13
pcb-e1-dock-preroute.kicad_pcb,pcb-e1-dock-38,4cab5bccbd3e,6,3,6,0,0,1,14.67,0,17,2,0,0,1,27.31
pcb-e1-dock-preroute.kicad_pcb,pcb-e1-dock-38,4cab5bccbd3e,6,4,1,0,0,1,2.3,0,24,2,0,0,0,36.34
pcb-e1-dock-preroute.kicad_pcb,pcb-e1-dock-38,4cab5bccbd3e,6,5,8,0,0,2,4.0,0,22,2,0,0,3,97.02
pcb-e1-dock-preroute.kicad_pcb,pcb-e1-dock-38,4cab5bccbd3e,6,6,1,0,0,0,0,0,3,2,0,0,0,3.25
pcb-e1-dock-preroute.kicad_pcb,pcb-e1-dock-38,4cab5bccbd3e,7,2,0,0,0,3,0,0,14,2,0,0,0,340.16
pcb-e1-dock-preroute.kicad_pcb,pcb-e1-dock-38,4cab5bccbd3e,7,3,6,0,0,1,6.6,0,20,2,0,0,1,67.88
pcb-e1-dock-preroute.kicad_pcb,pcb-e1-dock-38,4cab5bccbd3e,7,4,8,0,0,6,6.84,0,28,2,0,0,2,27.04
pcb-e1-dock-preroute.kicad_pcb,pcb-e1-dock-38,4cab5bccbd3e,7,5,4,0,0,0,0,0,25,2,0,0,1,36.73
pcb-e1-dock-preroute.kicad_pcb,pcb-e1-dock-38,4cab5bccbd3e,7,6,1,0,0,0,0,0,6,2,0,0,0,131.4
pcb-e1-dock-preroute.kicad_pcb,pcb-e1-dock-38,4cab5bccbd3e,8,1,1,0,0,0,0,0,11,2,0,0,0,0
pcb-e1-dock-preroute.kicad_pcb,pcb-e1-dock-38,4cab5bccbd3e,8,3,1,0,0,0,0,0,20,2,0,0,1,18.61
pcb-e1-dock-preroute.kicad_pcb,pcb-e1-dock-38,4cab5bccbd3e,8,4,12,6,0,5,10.17,0,28,2,0,0,5,123.92
pcb-e1-dock-preroute.kicad_pcb,pcb-e1-dock-38,4cab5bccbd3e,8,5,3,0,0,0,0,0,26,2,0,0,2,35.35
pcb-e1-dock-preroute.kicad_pcb,pcb-e1-dock-38,4cab5bccbd3e,8,6,2,0,0,0,0,0,7,2,0,0,0,30.77
pcb-e1-dock-preroute.kicad_pcb,pcb-e1-dock-38,4cab5bccbd3e,9,1,1,0,0,0,0,0,11,3,0,0,0,98.61
pcb-e1-dock-preroute.kicad_pcb,pcb-e1-dock-38,4cab5bccbd3e,9,2,0,0,0,0,0,0,14,3,0,0,1,68.83
pcb-e1-dock-preroute.kicad_pcb,pcb-e1-dock-38,4cab5bccbd3e,9,3,1,0,0,0,0,0,20,2,0,0,0,353.86
pcb-e1-dock-preroute.kicad_pcb,pcb-e1-dock-38,4cab5bccbd3e,9,4,1,0,0,3,0,0,28,2,0,0,1,39.93
pcb-e1-dock-preroute.kicad_pcb,pcb-e1-dock-38,4cab5bccbd3e,9,5,5,0,0,0,0,0,26,2,0,0,2,65.56
pcb-e1-dock-preroute.kicad_pcb,pcb-e1-dock-38,4cab5bccbd3e,9,6,2,0,0,0,0,0,7,2,0,0,0,5.9
pcb-e1-dock-preroute.kicad_pcb,pcb-e1-dock-38,4cab5bccbd3e,10,4,3,0,0,1,2.9,0,26,2,0,0,0,75.82
pcb-e1-dock-preroute.kicad_pcb,pcb-e1-dock-38,4cab5bccbd3e,10,5,5,0,0,3,2.25,0,24,2,0,0,2,55.95
pcb-e1-dock-preroute.kicad_pcb,pcb-e1-dock-38,4cab5bccbd3e,10,6,2,0,0,0,0,0,6,2,0,0,0,17.29
pcb-e1-dock-preroute.kicad_pcb,pcb-e1-dock-38,4cab5bccbd3e,11,1,1,0,0,0,0,0,11,4,0,0,0,0
pcb-e1-dock-preroute.kicad_pcb,pcb-e1-dock-38,4cab5bccbd3e,11,3,1,0,0,0,0,0,20,2,0,0,0,0
pcb-e1-dock-preroute.kicad_pcb,pcb-e1-dock-38,4cab5bccbd3e,11,4,2,0,0,1,2.9,0,23,2,0,0,0,11.03
pcb-e1-dock-preroute.kicad_pcb,pcb-e1-dock-38,4cab5bccbd3e,11,5,5,0,0,2,6.53,0,21,2,0,0,0,22.23
pcb-e1-dock-preroute.kicad_pcb,pcb-e1-dock-38,4cab5bccbd3e,11,6,0,0,0,0,0,0,5,2,0,0,1,45.29
pcb-e1-dock-preroute.kicad_pcb,pcb-e1-dock-38,4cab5bccbd3e,12,1,1,0,0,0,0,0,11,3,0,0,0,0
pcb-e1-dock-preroute.kicad_pcb,pcb-e1-dock-38,4cab5bccbd3e,12,3,1,0,0,0,0,0,21,2,0,0,0,10.15
pcb-e1-dock-preroute.kicad_pcb,pcb-e1-dock-38,4cab5bccbd3e,12,4,2,0,0,2,4.7,0,23,2,0,0,0,28.22
pcb-e1-dock-preroute.kicad_pcb,pcb-e1-dock-38,4cab5bccbd3e,12,5,2,0,0,3,3.1,0,20,2,0,0,0,81.75
pcb-e1-dock-preroute.kicad_pcb,pcb-e1-dock-38,4cab5bccbd3e,12,6,2,0,0,0,0,0,6,2,0,0,0,12.84
pcb-e1-dock-preroute.kicad_pcb,pcb-e1-dock-38,4cab5bccbd3e,13,1,1,0,0,0,0,0,11,4,0,0,0,0
pcb-e1-dock-preroute.kicad_pcb,pcb-e1-dock-38,4cab5bccbd3e,13,2,0,0,0,0,0,0,14,4,0,0,1,171.36
pcb-e1-dock-preroute.kicad_pcb,pcb-e1-dock-38,4cab5bccbd3e,13,3,2,0,0,1,2.4,0,21,2,0,0,0,2.46
pcb-e1-dock-preroute.kicad_pcb,pcb-e1-dock-38,4cab5bccbd3e,13,4,4,0,0,4,7.8,0,23,2,0,0,0,11.66
pcb-e1-dock-preroute.kicad_pcb,pcb-e1-dock-38,4cab5bccbd3e,13,5,1,0,0,1,1.4,0,20,2,0,0,0,6.71
pcb-e1-dock-preroute.kicad_pcb,pcb-e1-dock-38,4cab5bccbd3e,13,6,2,0,0,0,0,0,6,2,0,0,0,4.45
pcb-e1-dock-preroute.kicad_pcb,pcb-e1-dock-38,4cab5bccbd3e,14,1,0,0,0,0,0,0,11,4,0,0,0,45.07
pcb-e1-dock-preroute.kicad_pcb,pcb-e1-dock-38,4cab5bccbd3e,14,3,3,0,0,3,7.09,0,22,2,0,0,1,6.39
pcb-e1-dock-preroute.kicad_pcb,pcb-e1-dock-38,4cab5bccbd3e,14,4,8,0,0,8,9.55,0,28,2,0,0,0,23.36
pcb-e1-dock-preroute.kicad_pcb,pcb-e1-dock-38,4cab5bccbd3e,14,5,3,0,0,0,0,0,24,2,0,0,0,11.35
pcb-e1-dock-preroute.kicad_pcb,pcb-e1-dock-38,4cab5bccbd3e,14,6,2,0,0,0,0,0,5,2,0,0,0,3.4
pcb-e1-dock-preroute.kicad_pcb,pcb-e1-dock-38,4cab5bccbd3e,15,1,1,0,0,0,0,0,11,3,0,0,0,0
pcb-e1-dock-preroute.kicad_pcb,pcb-e1-dock-38,4cab5bccbd3e,15,3,7,0,0,4,0,0,22,2,0,0,3,95.85
pcb-e1-dock-preroute.kicad_pcb,pcb-e1-dock-38,4cab5bccbd3e,15,4,14,0,0,9,0,0,31,2,0,0,7,81.01
pcb-e1-dock-preroute.kicad_pcb,pcb-e1-dock-38,4cab5bccbd3e,15,5,6,0,0,0,0,0,27,2,0,0,4,44.08
pcb-e1-dock-preroute.kicad_pcb,pcb-e1-dock-38,4cab5bccbd3e,16,1,1,0,0,0,0,0,11,3,0,0,0,0
pcb-e1-dock-preroute.kicad_pcb,pcb-e1-dock-38,4cab5bccbd3e,16,3,9,0,0,3,2.15,0,24,2,0,0,2,6.28
pcb-e1-dock-preroute.kicad_pcb,pcb-e1-dock-38,4cab5bccbd3e,16,4,20,0,0,10,8.99,0,35,2,0,0,6,93.34
pcb-e1-dock-preroute.kicad_pcb,pcb-e1-dock-38,4cab5bccbd3e,16,5,4,0,0,0,0,0,29,2,0,0,1,53.87
pcb-e1-dock-preroute.kicad_pcb,pcb-e1-dock-38,4cab5bccbd3e,17,3,0,0,0,0,0,0,27,2,0,0,1,27.22
pcb-e1-dock-preroute.kicad_pcb,pcb-e1-dock-38,4cab5bccbd3e,17,4,12,12,0,11,21.59,0,43,2,0,0,5,149.35
pcb-e1-dock-preroute.kicad_pcb,pcb-e1-dock-38,4cab5bccbd3e,17,5,3,0,0,1,0,0,29,2,0,0,2,172.34
pcb-e1-dock-preroute.kicad_pcb,pcb-e1-dock-38,4cab5bccbd3e,18,0,0,0,0,1,0,0,7,2,0,0,1,15.98
pcb-e1-dock-preroute.kicad_pcb,pcb-e1-dock-38,4cab5bccbd3e,18,1,1,0,0,0,0,0,11,3,0,0,1,47.0
pcb-e1-dock-preroute.kicad_pcb,pcb-e1-dock-38,4cab5bccbd3e,18,2,1,0,0,1,0,0,14,3,0,0,0,6.13
pcb-e1-dock-preroute.kicad_pcb,pcb-e1-dock-38,4cab5bccbd3e,18,3,2,0,0,0,0,0,27,2,0,0,1,575.57
pcb-e1-dock-preroute.kicad_pcb,pcb-e1-dock-38,4cab5bccbd3e,18,4,35,33,1,15,32.8,0,42,2,0,0,8,101.74
pcb-e1-dock-preroute.kicad_pcb,pcb-e1-dock-38,4cab5bccbd3e,18,5,1,0,0,6,6.84,0,27,2,0,0,4,190.63
pcb-e1-dock-preroute.kicad_pcb,pcb-e1-dock-38,4cab5bccbd3e,19,0,20,14,0,12,25.06,0,9,2,0,0,0,69.03
pcb-e1-dock-preroute.kicad_pcb,pcb-e1-dock-38,4cab5bccbd3e,19,1,12,0,0,3,3.16,0,13,2,0,0,3,130.76
pcb-e1-dock-preroute.kicad_pcb,pcb-e1-dock-38,4cab5bccbd3e,19,2,7,0,0,3,4.5,0,16,2,0,0,1,83.93
pcb-e1-dock-preroute.kicad_pcb,pcb-e1-dock-38,4cab5bccbd3e,19,3,7,0,0,4,4.92,0,29,2,0,0,1,65.1
pcb-e1-dock-preroute.kicad_pcb,pcb-e1-dock-38,4cab5bccbd3e,19,4,16,0,0,7,9.0,0,36,2,0,0,6,105.85
pcb-e1-dock-preroute.kicad_pcb,pcb-e1-dock-38,4cab5bccbd3e,19,5,0,0,0,0,0,0,24,2,0,0,1,51.82
pcb-e1-dock-preroute.kicad_pcb,pcb-e1-dock-38,4cab5bccbd3e,20,1,1,0,0,0,0,0,11,3,0,0,1,114.98
pcb-e1-dock-preroute.kicad_pcb,pcb-e1-dock-38,4cab5bccbd3e,20,2,0,0,0,0,0,0,15,3,0,0,2,30.37
pcb-e1-dock-preroute.kicad_pcb,pcb-e1-dock-38,4cab5bccbd3e,20,3,6,0,0,4,7.24,0,24,2,0,0,0,54.79
pcb-e1-dock-preroute.kicad_pcb,pcb-e1-dock-38,4cab5bccbd3e,20,4,4,0,0,4,4.5,0,27,2,0,0,2,98.66
pcb-e1-dock-preroute.kicad_pcb,pcb-e1-dock-38,4cab5bccbd3e,20,5,2,0,0,1,2.65,0,22,2,0,0,1,35.89
pcb-e1-dock-preroute.kicad_pcb,pcb-e1-dock-38,4cab5bccbd3e,20,6,2,0,0,2,3.1,0,5,2,0,0,0,32.51
pcb-e1-dock-preroute.kicad_pcb,pcb-e1-dock-38,4cab5bccbd3e,21,2,0,0,0,0,0,0,15,4,0,0,1,20.0
pcb-e1-dock-preroute.kicad_pcb,pcb-e1-dock-38,4cab5bccbd3e,21,3,10,3,0,6,5.09,0,24,2,0,0,3,142.72
pcb-e1-dock-preroute.kicad_pcb,pcb-e1-dock-38,4cab5bccbd3e,21,4,4,0,0,3,2.65,0,26,2,0,0,3,53.0
pcb-e1-dock-preroute.kicad_pcb,pcb-e1-dock-38,4cab5bccbd3e,21,5,2,0,0,2,4.2,0,22,2,0,0,0,25.41
pcb-e1-dock-preroute.kicad_pcb,pcb-e1-dock-38,4cab5bccbd3e,21,6,3,0,0,2,2.52,0,6,2,0,0,1,13.76
pcb-e1-dock-preroute.kicad_pcb,pcb-e1-dock-38,4cab5bccbd3e,22,1,1,0,0,0,0,0,11,3,0,0,0,0
pcb-e1-dock-preroute.kicad_pcb,pcb-e1-dock-38,4cab5bccbd3e,22,3,4,3,0,3,5.09,0,23,2,0,0,2,121.39
pcb-e1-dock-preroute.kicad_pcb,pcb-e1-dock-38,4cab5bccbd3e,22,4,0,0,0,0,0,0,25,2,0,0,6,82.41
pcb-e1-dock-preroute.kicad_pcb,pcb-e1-dock-38,4cab5bccbd3e,22,5,1,0,0,1,1.55,0,21,2,0,0,3,94.84
pcb-e1-dock-preroute.kicad_pcb,pcb-e1-dock-38,4cab5bccbd3e,22,6,3,0,0,1,2.52,0,5,2,0,0,1,120.18
pcb-e1-dock-preroute.kicad_pcb,pcb-e1-dock-38,4cab5bccbd3e,23,1,1,0,0,0,0,0,11,3,0,0,0,0
pcb-e1-dock-preroute.kicad_pcb,pcb-e1-dock-38,4cab5bccbd3e,23,3,1,0,0,0,0,0,29,2,0,0,2,42.25
pcb-e1-dock-preroute.kicad_pcb,pcb-e1-dock-38,4cab5bccbd3e,23,4,37,37,0,28,28.82,0,37,2,0,0,11,134.99
pcb-e1-dock-preroute.kicad_pcb,pcb-e1-dock-38,4cab5bccbd3e,23,5,24,24,0,17,21.41,0,25,2,0,0,3,178.41
pcb-e1-dock-preroute.kicad_pcb,pcb-e1-dock-38,4cab5bccbd3e,23,6,1,0,0,1,0,0,3,2,0,0,0,4.41
pcb-e1-dock-preroute.kicad_pcb,pcb-e1-dock-38,4cab5bccbd3e,24,3,12,10,0,9,17.49,0,17,2,0,0,1,52.88
pcb-e1-dock-preroute.kicad_pcb,pcb-e1-dock-38,4cab5bccbd3e,24,4,14,0,0,6,3.38,19.28,24,2,0,0,4,84.63
pcb-e1-dock-preroute.kicad_pcb,pcb-e1-dock-38,4cab5bccbd3e,24,5,5,0,0,2,1.12,0,14,2,0,0,0,92.9
pcb-e1-dock-preroute.kicad_pcb,pcb-e1-dock-38,4cab5bccbd3e,25,1,1,0,0,0,0,0,5,3,0,0,0,0
pcb-e1-dock-preroute.kicad_pcb,pcb-e1-dock-38,4cab5bccbd3e,25,2,1,0,0,0,0,0,5,4,0,0,0,0
pcb-e1-dock-preroute.kicad_pcb,pcb-e1-dock-38,4cab5bccbd3e,25,3,5,0,0,2,2.5,0,10,3,0,0,2,59.29
pcb-e1-dock-preroute.kicad_pcb,pcb-e1-dock-38,4cab5bccbd3e,25,4,15,0,0,6,7.88,0,13,2,0,0,2,64.34
pcb-e1-dock-preroute.kicad_pcb,pcb-e1-dock-38,4cab5bccbd3e,25,5,5,0,0,0,0,0,9,2,0,0,1,29.65
pcb-e1-dock-preroute.kicad_pcb,pcb-e1-dock-38,4cab5bccbd3e,26,3,2,0,0,0,0,0,6,3,0,0,0,6.28
pcb-e1-dock-preroute.kicad_pcb,pcb-e1-dock-38,4cab5bccbd3e,26,4,6,0,0,3,2.25,0,8,2,0,0,1,31.84
pcb-e1-dock-preroute.kicad_pcb,pcb-e1-dock-38,4cab5bccbd3e,26,5,2,0,0,0,0,0,6,2,0,0,0,6.96
pcb-e1-dock-preroute.kicad_pcb,pcb-e1-dock-39,20857b21ae88,0,0,3,0,0,0,0,0,6,2,0,0,0,43.67
pcb-e1-dock-preroute.kicad_pcb,pcb-e1-dock-39,20857b21ae88,0,1,4,0,0,0,0,0,10,2,0,0,0,32.14
pcb-e1-dock-preroute.kicad_pcb,pcb-e1-dock-39,20857b21ae88,0,2,3,0,0,1,1.9,0,11,2,0,0,2,36.57
pcb-e1-dock-preroute.kicad_pcb,pcb-e1-dock-39,20857b21ae88,0,3,3,0,0,0,0,0,13,2,0,0,1,67.41
pcb-e1-dock-preroute.kicad_pcb,pcb-e1-dock-39,20857b21ae88,0,4,9,6,0,5,17.12,0,14,2,0,0,1,11.92
pcb-e1-dock-preroute.kicad_pcb,pcb-e1-dock-39,20857b21ae88,0,5,8,0,0,5,3.39,0,13,2,2,0,0,56.08
pcb-e1-dock-preroute.kicad_pcb,pcb-e1-dock-39,20857b21ae88,0,6,1,0,0,0,0,0,2,2,0,0,0,0
pcb-e1-dock-preroute.kicad_pcb,pcb-e1-dock-39,20857b21ae88,1,0,6,0,0,0,0,0,10,2,0,0,0,29.67
pcb-e1-dock-preroute.kicad_pcb,pcb-e1-dock-39,20857b21ae88,1,1,7,0,0,0,0,0,14,2,0,0,0,89.49
pcb-e1-dock-preroute.kicad_pcb,pcb-e1-dock-39,20857b21ae88,1,2,5,0,0,1,1.9,0,17,2,0,0,1,82.74
pcb-e1-dock-preroute.kicad_pcb,pcb-e1-dock-39,20857b21ae88,1,3,5,0,0,0,0,0,17,2,0,0,2,39.34
pcb-e1-dock-preroute.kicad_pcb,pcb-e1-dock-39,20857b21ae88,1,4,4,0,0,2,6.3,0,18,2,0,0,0,47.33
pcb-e1-dock-preroute.kicad_pcb,pcb-e1-dock-39,20857b21ae88,1,5,8,0,0,4,3.65,0,18,2,0,0,3,38.57
pcb-e1-dock-preroute.kicad_pcb,pcb-e1-dock-39,20857b21ae88,1,6,1,0,0,0,0,0,3,2,0,0,0,0
pcb-e1-dock-preroute.kicad_pcb,pcb-e1-dock-39,20857b21ae88,2,0,0,0,0,0,0,0,10,2,0,0,0,199.52
pcb-e1-dock-preroute.kicad_pcb,pcb-e1-dock-39,20857b21ae88,2,1,3,0,0,0,0,0,14,2,0,0,1,44.84
pcb-e1-dock-preroute.kicad_pcb,pcb-e1-dock-39,20857b21ae88,2,2,5,0,0,1,1.39,0,17,2,0,0,2,121.12
pcb-e1-dock-preroute.kicad_pcb,pcb-e1-dock-39,20857b21ae88,2,3,5,0,0,1,1.39,0,17,2,0,0,1,104.56
pcb-e1-dock-preroute.kicad_pcb,pcb-e1-dock-39,20857b21ae88,2,4,5,0,0,1,4.3,0,18,2,0,0,0,80.75
pcb-e1-dock-preroute.kicad_pcb,pcb-e1-dock-39,20857b21ae88,2,5,4,0,0,3,1.12,0,17,2,0,0,1,65.95
pcb-e1-dock-preroute.kicad_pcb,pcb-e1-dock-39,20857b21ae88,2,6,2,0,0,0,0,0,3,2,0,0,0,12.84
pcb-e1-dock-preroute.kicad_pcb,pcb-e1-dock-39,20857b21ae88,3,1,0,0,0,0,0,0,11,2,0,0,0,151.66
pcb-e1-dock-preroute.kicad_pcb,pcb-e1-dock-39,20857b21ae88,3,2,1,0,0,0,0,0,12,3,0,0,0,6.81
pcb-e1-dock-preroute.kicad_pcb,pcb-e1-dock-39,20857b21ae88,3,3,0,0,0,0,0,0,14,3,0,0,1,54.9
pcb-e1-dock-preroute.kicad_pcb,pcb-e1-dock-39,20857b21ae88,3,5,0,0,0,0,0,0,14,2,0,0,1,25.81
pcb-e1-dock-preroute.kicad_pcb,pcb-e1-dock-39,20857b21ae88,3,6,2,0,0,0,0,0,2,2,0,0,1,221.1
pcb-e1-dock-preroute.kicad_pcb,pcb-e1-dock-39,20857b21ae88,4,1,1,0,0,0,0,0,11,2,0,0,0,0
pcb-e1-dock-preroute.kicad_pcb,pcb-e1-dock-39,20857b21ae88,4,2,0,0,0,0,0,0,12,3,0,0,1,37.3
pcb-e1-dock-preroute.kicad_pcb,pcb-e1-dock-39,20857b21ae88,4,3,1,0,0,0,0,0,14,3,0,0,0,0
pcb-e1-dock-preroute.kicad_pcb,pcb-e1-dock-39,20857b21ae88,4,4,5,5,0,5,10.56,0,22,2,1,0,1,44.08
pcb-e1-dock-preroute.kicad_pcb,pcb-e1-dock-39,20857b21ae88,4,5,8,0,0,0,0,0,21,2,0,0,3,82.22
pcb-e1-dock-preroute.kicad_pcb,pcb-e1-dock-39,20857b21ae88,4,6,1,0,0,1,4.65,0,3,2,0,0,0,9.34
pcb-e1-dock-preroute.kicad_pcb,pcb-e1-dock-39,20857b21ae88,5,2,0,0,0,0,0,0,11,2,0,0,0,15.41
pcb-e1-dock-preroute.kicad_pcb,pcb-e1-dock-39,20857b21ae88,5,4,6,5,0,6,12.86,0,24,2,0,0,0,48.56
pcb-e1-dock-preroute.kicad_pcb,pcb-e1-dock-39,20857b21ae88,5,5,11,0,0,0,0,0,23,2,0,0,6,48.6
pcb-e1-dock-preroute.kicad_pcb,pcb-e1-dock-39,20857b21ae88,5,6,1,0,0,1,4.65,0,2,2,0,0,0,0
pcb-e1-dock-preroute.kicad_pcb,pcb-e1-dock-39,20857b21ae88,6,1,0,0,0,0,0,0,11,2,0,0,1,0
pcb-e1-dock-preroute.kicad_pcb,pcb-e1-dock-39,20857b21ae88,6,2,0,0,0,3,0,0,13,2,0,0,0,22.85
pcb-e1-dock-preroute.kicad_pcb,pcb-e1-dock-39,20857b21ae88,6,3,6,0,0,1,14.67,0,17,2,0,0,1,40.76
pcb-e1-dock-preroute.kicad_pcb,pcb-e1-dock-39,20857b21ae88,6,4,1,0,0,1,2.3,0,24,2,0,0,0,56.96
pcb-e1-dock-preroute.kicad_pcb,pcb-e1-dock-39,20857b21ae88,6,5,8,0,0,2,4.0,0,22,2,0,0,1,92.61
pcb-e1-dock-preroute.kicad_pcb,pcb-e1-dock-39,20857b21ae88,6,6,1,0,0,0,0,0,3,2,0,0,1,66.67
pcb-e1-dock-preroute.kicad_pcb,pcb-e1-dock-39,20857b21ae88,7,2,0,0,0,3,0,0,14,2,0,0,1,634.33
pcb-e1-dock-preroute.kicad_pcb,pcb-e1-dock-39,20857b21ae88,7,3,6,0,0,1,6.6,0,20,2,0,0,0,32.54
pcb-e1-dock-preroute.kicad_pcb,pcb-e1-dock-39,20857b21ae88,7,4,8,0,0,6,6.84,0,28,2,0,0,2,71.03
pcb-e1-dock-preroute.kicad_pcb,pcb-e1-dock-39,20857b21ae88,7,5,4,0,0,0,0,0,25,2,0,0,1,43.84
pcb-e1-dock-preroute.kicad_pcb,pcb-e1-dock-39,20857b21ae88,7,6,1,0,0,0,0,0,6,2,0,0,1,7.52
pcb-e1-dock-preroute.kicad_pcb,pcb-e1-dock-39,20857b21ae88,8,1,1,0,0,0,0,0,11,2,0,0,0,0
pcb-e1-dock-preroute.kicad_pcb,pcb-e1-dock-39,20857b21ae88,8,3,1,0,0,0,0,0,20,2,0,0,0,94.64
pcb-e1-dock-preroute.kicad_pcb,pcb-e1-dock-39,20857b21ae88,8,4,12,6,0,5,10.17,0,28,2,0,0,2,47.11
pcb-e1-dock-preroute.kicad_pcb,pcb-e1-dock-39,20857b21ae88,8,5,3,0,0,0,0,0,26,2,0,0,4,70.6
pcb-e1-dock-preroute.kicad_pcb,pcb-e1-dock-39,20857b21ae88,8,6,2,0,0,0,0,0,7,2,0,0,0,11.06
pcb-e1-dock-preroute.kicad_pcb,pcb-e1-dock-39,20857b21ae88,9,1,1,0,0,0,0,0,11,3,0,0,0,0
pcb-e1-dock-preroute.kicad_pcb,pcb-e1-dock-39,20857b21ae88,9,3,1,0,0,0,0,0,20,2,0,0,0,20.41
pcb-e1-dock-preroute.kicad_pcb,pcb-e1-dock-39,20857b21ae88,9,4,1,0,0,3,0,0,28,2,0,0,0,44.13
pcb-e1-dock-preroute.kicad_pcb,pcb-e1-dock-39,20857b21ae88,9,5,5,0,0,0,0,0,26,2,0,0,2,28.44
pcb-e1-dock-preroute.kicad_pcb,pcb-e1-dock-39,20857b21ae88,9,6,2,0,0,0,0,0,7,2,0,0,0,13.78
pcb-e1-dock-preroute.kicad_pcb,pcb-e1-dock-39,20857b21ae88,10,4,3,0,0,1,2.9,0,26,2,0,0,0,50.34
pcb-e1-dock-preroute.kicad_pcb,pcb-e1-dock-39,20857b21ae88,10,5,5,0,0,3,2.25,0,24,2,0,0,1,86.21
pcb-e1-dock-preroute.kicad_pcb,pcb-e1-dock-39,20857b21ae88,10,6,2,0,0,0,0,0,6,2,0,0,0,18.64
pcb-e1-dock-preroute.kicad_pcb,pcb-e1-dock-39,20857b21ae88,11,1,1,0,0,0,0,0,11,4,0,0,0,0
pcb-e1-dock-preroute.kicad_pcb,pcb-e1-dock-39,20857b21ae88,11,3,1,0,0,0,0,0,20,2,0,0,0,0
pcb-e1-dock-preroute.kicad_pcb,pcb-e1-dock-39,20857b21ae88,11,4,2,0,0,1,2.9,0,23,2,0,0,0,10.44
pcb-e1-dock-preroute.kicad_pcb,pcb-e1-dock-39,20857b21ae88,11,5,5,0,0,2,6.53,0,21,2,0,0,0,9.93
pcb-e1-dock-preroute.kicad_pcb,pcb-e1-dock-39,20857b21ae88,11,6,0,0,0,0,0,0,5,2,0,0,0,74.78
pcb-e1-dock-preroute.kicad_pcb,pcb-e1-dock-39,20857b21ae88,12,1,1,0,0,0,0,0,11,3,0,0,0,0
pcb-e1-dock-preroute.kicad_pcb,pcb-e1-dock-39,20857b21ae88,12,3,1,0,0,0,0,0,21,2,0,0,0,371.45
pcb-e1-dock-preroute.kicad_pcb,pcb-e1-dock-39,20857b21ae88,12,4,2,0,0,2,4.7,0,23,2,0,0,0,26.06
pcb-e1-dock-preroute.kicad_pcb,pcb-e1-dock-39,20857b21ae88,12,5,2,0,0,3,3.1,0,20,2,0,0,0,19.42
pcb-e1-dock-preroute.kicad_pcb,pcb-e1-dock-39,20857b21ae88,12,6,2,0,0,0,0,0,6,2,0,0,0,2.69
pcb-e1-dock-preroute.kicad_pcb,pcb-e1-dock-39,20857b21ae88,13,1,1,0,0,0,0,0,11,4,0,0,0,0
pcb-e1-dock-preroute.kicad_pcb,pcb-e1-dock-39,20857b21ae88,13,2,0,0,0,0,0,0,14,4,0,0,0,50.15
pcb-e1-dock-preroute.kicad_pcb,pcb-e1-dock-39,20857b21ae88,13,3,1,0,0,0,0,0,21,2,0,0,0,10.07
pcb-e1-dock-preroute.kicad_pcb,pcb-e1-dock-39,20857b21ae88,13,4,5,0,0,5,10.2,0,23,2,0,0,0,21.94
pcb-e1-dock-preroute.kicad_pcb,pcb-e1-dock-39,20857b21ae88,13,5,1,0,0,1,1.4,0,20,2,0,0,0,21.38
pcb-e1-dock-preroute.kicad_pcb,pcb-e1-dock-39,20857b21ae88,13,6,2,0,0,0,0,0,6,2,0,0,0,64.45
pcb-e1-dock-preroute.kicad_pcb,pcb-e1-dock-39,20857b21ae88,14,3,3,0,0,3,6.12,0,22,2,0,0,0,37.2
pcb-e1-dock-preroute.kicad_pcb,pcb-e1-dock-39,20857b21ae88,14,4,8,0,0,8,10.53,0,28,2,0,0,0,46.95
pcb-e1-dock-preroute.kicad_pcb,pcb-e1-dock-39,20857b21ae88,14,5,3,0,0,0,0,0,24,2,0,0,1,19.28
pcb-e1-dock-preroute.kicad_pcb,pcb-e1-dock-39,20857b21ae88,14,6,2,0,0,0,0,0,5,2,0,0,0,10.46
pcb-e1-dock-preroute.kicad_pcb,pcb-e1-dock-39,20857b21ae88,15,1,1,0,0,0,0,0,11,3,0,0,0,0
pcb-e1-dock-preroute.kicad_pcb,pcb-e1-dock-39,20857b21ae88,15,3,10,0,0,7,0,0,22,2,0,0,4,16.03
pcb-e1-dock-preroute.kicad_pcb,pcb-e1-dock-39,20857b21ae88,15,4,11,0,0,6,0,0,31,2,0,0,4,57.63
pcb-e1-dock-preroute.kicad_pcb,pcb-e1-dock-39,20857b21ae88,15,5,6,0,0,0,0,0,27,2,0,0,7,111.29
pcb-e1-dock-preroute.kicad_pcb,pcb-e1-dock-39,20857b21ae88,16,1,1,0,0,0,0,0,11,3,0,0,0,0
pcb-e1-dock-preroute.kicad_pcb,pcb-e1-dock-39,20857b21ae88,16,3,11,0,0,5,3.58,0,24,2,0,0,4,13.96
pcb-e1-dock-preroute.kicad_pcb,pcb-e1-dock-39,20857b21ae88,16,4,18,0,0,8,7.56,0,35,2,0,0,5,61.22
pcb-e1-dock-preroute.kicad_pcb,pcb-e1-dock-39,20857b21ae88,16,5,4,0,0,0,0,0,29,2,0,0,3,79.53
pcb-e1-dock-preroute.kicad_pcb,pcb-e1-dock-39,20857b21ae88,17,3,0,0,0,0,0,0,28,2,0,0,0,5.62
pcb-e1-dock-preroute.kicad_pcb,pcb-e1-dock-39,20857b21ae88,17,4,12,12,0,11,21.59,0,43,2,0,0,2,81.76
pcb-e1-dock-preroute.kicad_pcb,pcb-e1-dock-39,20857b21ae88,17,5,3,0,0,1,0,0,29,2,0,0,3,104.73
pcb-e1-dock-preroute.kicad_pcb,pcb-e1-dock-39,20857b21ae88,18,0,0,0,0,1,0,0,7,2,0,0,1,183.12
pcb-e1-dock-preroute.kicad_pcb,pcb-e1-dock-39,20857b21ae88,18,1,1,0,0,0,0,0,11,3,0,0,2,308.71
pcb-e1-dock-preroute.kicad_pcb,pcb-e1-dock-39,20857b21ae88,18,2,0,0,0,1,0,0,14,3,0,0,0,15.97
pcb-e1-dock-preroute.kicad_pcb,pcb-e1-dock-39,20857b21ae88,18,3,2,0,0,0,0,0,28,2,0,0,1,463.31
pcb-e1-dock-preroute.kicad_pcb,pcb-e1-dock-39,20857b21ae88,18,4,36,33,1,15,32.8,0,42,2,1,0,10,135.46
pcb-e1-dock-preroute.kicad_pcb,pcb-e1-dock-39,20857b21ae88,18,5,1,0,0,6,6.84,0,27,2,0,0,0,28.34
pcb-e1-dock-preroute.kicad_pcb,pcb-e1-dock-39,20857b21ae88,18,6,0,0,0,0,0,0,6,2,0,0,0,17.62
pcb-e1-dock-preroute.kicad_pcb,pcb-e1-dock-39,20857b21ae88,19,0,20,14,0,12,25.06,0,9,2,0,0,0,61.63
pcb-e1-dock-preroute.kicad_pcb,pcb-e1-dock-39,20857b21ae88,19,1,12,0,0,3,3.16,0,13,2,0,0,2,81.62
pcb-e1-dock-preroute.kicad_pcb,pcb-e1-dock-39,20857b21ae88,19,2,8,0,0,3,4.5,0,16,2,1,0,1,33.47
pcb-e1-dock-preroute.kicad_pcb,pcb-e1-dock-39,20857b21ae88,19,3,9,0,0,3,6.05,0,29,2,0,0,0,38.52
pcb-e1-dock-preroute.kicad_pcb,pcb-e1-dock-39,20857b21ae88,19,4,15,0,0,8,9.0,0,35,2,0,0,3,109.43
pcb-e1-dock-preroute.kicad_pcb,pcb-e1-dock-39,20857b21ae88,19,5,0,0,0,0,0,0,23,2,0,0,1,4.39
pcb-e1-dock-preroute.kicad_pcb,pcb-e1-dock-39,20857b21ae88,19,6,0,0,0,0,0,0,6,2,0,0,0,17.68
pcb-e1-dock-preroute.kicad_pcb,pcb-e1-dock-39,20857b21ae88,20,0,0,0,0,0,0,0,8,2,0,0,0,47.52
pcb-e1-dock-preroute.kicad_pcb,pcb-e1-dock-39,20857b21ae88,20,1,1,0,0,0,0,0,11,3,0,0,0,0
pcb-e1-dock-preroute.kicad_pcb,pcb-e1-dock-39,20857b21ae88,20,2,0,0,0,0,0,0,15,3,0,0,0,30.43
pcb-e1-dock-preroute.kicad_pcb,pcb-e1-dock-39,20857b21ae88,20,3,6,0,0,4,7.24,0,24,2,0,0,0,132.07
pcb-e1-dock-preroute.kicad_pcb,pcb-e1-dock-39,20857b21ae88,20,4,2,0,0,4,3.38,0,26,2,0,0,1,31.5
pcb-e1-dock-preroute.kicad_pcb,pcb-e1-dock-39,20857b21ae88,20,5,2,0,0,1,2.65,0,22,2,0,0,1,49.88
pcb-e1-dock-preroute.kicad_pcb,pcb-e1-dock-39,20857b21ae88,20,6,2,0,0,2,3.1,0,5,2,0,0,0,33.03
pcb-e1-dock-preroute.kicad_pcb,pcb-e1-dock-39,20857b21ae88,21,2,0,0,0,0,0,0,15,4,0,0,1,1.68
pcb-e1-dock-preroute.kicad_pcb,pcb-e1-dock-39,20857b21ae88,21,3,12,3,0,8,5.09,0,24,2,0,0,5,193.65
pcb-e1-dock-preroute.kicad_pcb,pcb-e1-dock-39,20857b21ae88,21,4,2,0,0,1,2.65,0,26,2,0,0,0,6.59
pcb-e1-dock-preroute.kicad_pcb,pcb-e1-dock-39,20857b21ae88,21,5,2,0,0,2,4.2,0,22,2,0,0,0,9.56
pcb-e1-dock-preroute.kicad_pcb,pcb-e1-dock-39,20857b21ae88,21,6,4,0,0,2,2.52,0,6,2,0,0,1,35.16
pcb-e1-dock-preroute.kicad_pcb,pcb-e1-dock-39,20857b21ae88,22,0,0,0,0,0,0,0,8,2,0,0,0,31.75
pcb-e1-dock-preroute.kicad_pcb,pcb-e1-dock-39,20857b21ae88,22,1,1,0,0,0,0,0,11,3,0,0,0,0
pcb-e1-dock-preroute.kicad_pcb,pcb-e1-dock-39,20857b21ae88,22,2,0,0,0,0,0,0,15,3,0,0,1,36.15
pcb-e1-dock-preroute.kicad_pcb,pcb-e1-dock-39,20857b21ae88,22,3,4,3,0,3,5.09,0,23,2,0,0,5,178.98
pcb-e1-dock-preroute.kicad_pcb,pcb-e1-dock-39,20857b21ae88,22,4,0,0,0,0,0,0,25,2,0,0,7,171.82
pcb-e1-dock-preroute.kicad_pcb,pcb-e1-dock-39,20857b21ae88,22,5,1,0,0,1,1.55,0,21,2,0,0,1,53.91
pcb-e1-dock-preroute.kicad_pcb,pcb-e1-dock-39,20857b21ae88,22,6,2,0,0,1,2.52,0,5,2,0,0,1,9.16
pcb-e1-dock-preroute.kicad_pcb,pcb-e1-dock-39,20857b21ae88,23,1,1,0,0,0,0,0,11,3,0,0,0,0
pcb-e1-dock-preroute.kicad_pcb,pcb-e1-dock-39,20857b21ae88,23,3,1,0,0,0,0,0,29,2,0,0,0,30.3
pcb-e1-dock-preroute.kicad_pcb,pcb-e1-dock-39,20857b21ae88,23,4,37,37,0,28,28.82,0,37,2,0,0,7,119.84
pcb-e1-dock-preroute.kicad_pcb,pcb-e1-dock-39,20857b21ae88,23,5,24,24,0,17,21.41,0,25,2,0,0,3,166.49
pcb-e1-dock-preroute.kicad_pcb,pcb-e1-dock-39,20857b21ae88,23,6,1,0,0,1,0,0,3,2,0,0,2,11.39
pcb-e1-dock-preroute.kicad_pcb,pcb-e1-dock-39,20857b21ae88,24,3,12,10,0,9,17.49,0,18,2,0,0,2,79.0
pcb-e1-dock-preroute.kicad_pcb,pcb-e1-dock-39,20857b21ae88,24,4,14,0,0,6,3.38,19.28,25,2,0,0,6,158.22
pcb-e1-dock-preroute.kicad_pcb,pcb-e1-dock-39,20857b21ae88,24,5,4,0,0,2,1.12,0,14,2,0,0,2,54.56
pcb-e1-dock-preroute.kicad_pcb,pcb-e1-dock-39,20857b21ae88,25,1,1,0,0,0,0,0,6,3,0,0,0,0
pcb-e1-dock-preroute.kicad_pcb,pcb-e1-dock-39,20857b21ae88,25,2,1,0,0,0,0,0,6,4,0,0,0,0
pcb-e1-dock-preroute.kicad_pcb,pcb-e1-dock-39,20857b21ae88,25,3,5,0,0,2,2.5,0,11,3,0,0,3,147.26
pcb-e1-dock-preroute.kicad_pcb,pcb-e1-dock-39,20857b21ae88,25,4,15,0,0,5,7.88,0,14,2,0,0,6,154.44
pcb-e1-dock-preroute.kicad_pcb,pcb-e1-dock-39,20857b21ae88,25,5,6,0,0,0,0,0,10,2,0,0,5,38.03
pcb-e1-dock-preroute.kicad_pcb,pcb-e1-dock-39,20857b21ae88,26,3,2,0,0,0,0,0,6,3,0,0,0,20.08
pcb-e1-dock-preroute.kicad_pcb,pcb-e1-dock-39,20857b21ae88,26,4,6,0,0,4,2.25,0,8,2,0,0,0,22.54
pcb-e1-dock-preroute.kicad_pcb,pcb-e1-dock-39,20857b21ae88,26,5,2,0,0,0,0,0,6,2,0,0,0,16.57
pcb-e1-dock-preroute.kicad_pcb,pcb-e1-dock-40,561b73bb8dbf,0,0,3,0,0,0,0,0,7,2,0,0,0,46.05
pcb-e1-dock-preroute.kicad_pcb,pcb-e1-dock-40,561b73bb8dbf,0,1,4,0,0,0,0,0,11,2,0,0,0,33.69
pcb-e1-dock-preroute.kicad_pcb,pcb-e1-dock-40,561b73bb8dbf,0,2,3,0,0,1,1.9,0,11,2,0,0,0,8.51
pcb-e1-dock-preroute.kicad_pcb,pcb-e1-dock-40,561b73bb8dbf,0,3,3,0,0,0,0,0,12,2,0,0,1,40.44
pcb-e1-dock-preroute.kicad_pcb,pcb-e1-dock-40,561b73bb8dbf,0,4,8,6,0,5,15.12,0,14,2,0,0,0,1.23
pcb-e1-dock-preroute.kicad_pcb,pcb-e1-dock-40,561b73bb8dbf,0,5,8,0,0,4,3.39,0,13,2,0,0,2,30.5
pcb-e1-dock-preroute.kicad_pcb,pcb-e1-dock-40,561b73bb8dbf,0,6,1,0,0,0,0,0,2,2,0,0,0,0
pcb-e1-dock-preroute.kicad_pcb,pcb-e1-dock-40,561b73bb8dbf,1,0,6,0,0,0,0,0,10,2,0,0,0,40.1
pcb-e1-dock-preroute.kicad_pcb,pcb-e1-dock-40,561b73bb8dbf,1,1,7,0,0,0,0,0,14,2,0,0,0,84.68
pcb-e1-dock-preroute.kicad_pcb,pcb-e1-dock-40,561b73bb8dbf,1,2,5,0,0,1,1.9,0,17,2,0,0,2,107.99
pcb-e1-dock-preroute.kicad_pcb,pcb-e1-dock-40,561b73bb8dbf,1,3,5,0,0,0,0,0,17,2,0,0,4,83.38
pcb-e1-dock-preroute.kicad_pcb,pcb-e1-dock-40,561b73bb8dbf,1,4,5,0,0,2,8.3,0,18,2,0,0,0,50.69
pcb-e1-dock-preroute.kicad_pcb,pcb-e1-dock-40,561b73bb8dbf,1,5,8,0,0,5,3.65,0,18,2,0,0,2,69.07
pcb-e1-dock-preroute.kicad_pcb,pcb-e1-dock-40,561b73bb8dbf,1,6,1,0,0,0,0,0,3,2,0,0,0,7.74
pcb-e1-dock-preroute.kicad_pcb,pcb-e1-dock-40,561b73bb8dbf,2,0,0,0,0,0,0,0,10,2,0,0,0,13.08
pcb-e1-dock-preroute.kicad_pcb,pcb-e1-dock-40,561b73bb8dbf,2,1,3,0,0,0,0,0,14,2,0,0,0,61.31
pcb-e1-dock-preroute.kicad_pcb,pcb-e1-dock-40,561b73bb8dbf,2,2,5,0,0,2,2.77,0,17,2,0,0,0,15.96
pcb-e1-dock-preroute.kicad_pcb,pcb-e1-dock-40,561b73bb8dbf,2,3,4,0,0,0,0,0,17,2,0,0,3,230.43
pcb-e1-dock-preroute.kicad_pcb,pcb-e1-dock-40,561b73bb8dbf,2,4,5,0,0,2,4.3,0,18,2,0,0,1,53.49
pcb-e1-dock-preroute.kicad_pcb,pcb-e1-dock-40,561b73bb8dbf,2,5,4,0,0,2,1.12,0,17,2,0,0,0,39.84
pcb-e1-dock-preroute.kicad_pcb,pcb-e1-dock-40,561b73bb8dbf,2,6,2,0,0,0,0,0,3,2,0,0,0,4.81
pcb-e1-dock-preroute.kicad_pcb,pcb-e1-dock-40,561b73bb8dbf,3,0,0,0,0,0,0,0,9,2,0,0,0,161.83
pcb-e1-dock-preroute.kicad_pcb,pcb-e1-dock-40,561b73bb8dbf,3,2,2,0,0,0,0,0,13,3,0,0,0,53.73
pcb-e1-dock-preroute.kicad_pcb,pcb-e1-dock-40,561b73bb8dbf,3,3,0,0,0,0,0,0,14,3,0,0,0,14.49
pcb-e1-dock-preroute.kicad_pcb,pcb-e1-dock-40,561b73bb8dbf,3,4,0,0,0,0,0,0,15,2,0,0,0,97.42
pcb-e1-dock-preroute.kicad_pcb,pcb-e1-dock-40,561b73bb8dbf,3,5,0,0,0,0,0,0,14,2,0,0,1,5.42
pcb-e1-dock-preroute.kicad_pcb,pcb-e1-dock-40,561b73bb8dbf,3,6,2,0,0,0,0,0,2,2,0,0,0,16.77
pcb-e1-dock-preroute.kicad_pcb,pcb-e1-dock-40,561b73bb8dbf,4,1,1,0,0,0,0,0,11,2,0,0,0,0
pcb-e1-dock-preroute.kicad_pcb,pcb-e1-dock-40,561b73bb8dbf,4,3,1,0,0,0,0,0,14,3,0,0,0,27.24
pcb-e1-dock-preroute.kicad_pcb,pcb-e1-dock-40,561b73bb8dbf,4,4,5,5,0,5,10.56,0,22,2,1,0,0,66.62
pcb-e1-dock-preroute.kicad_pcb,pcb-e1-dock-40,561b73bb8dbf,4,5,9,0,0,0,0,0,21,2,0,0,4,55.41
pcb-e1-dock-preroute.kicad_pcb,pcb-e1-dock-40,561b73bb8dbf,4,6,1,0,0,1,4.65,0,3,2,0,0,0,9.34
pcb-e1-dock-preroute.kicad_pcb,pcb-e1-dock-40,561b73bb8dbf,5,3,0,0,0,0,0,0,13,2,0,0,1,10.24
pcb-e1-dock-preroute.kicad_pcb,pcb-e1-dock-40,561b73bb8dbf,5,4,6,5,0,6,12.86,0,24,2,0,0,2,56.4
pcb-e1-dock-preroute.kicad_pcb,pcb-e1-dock-40,561b73bb8dbf,5,5,10,0,0,0,0,0,23,2,0,0,4,43.18
pcb-e1-dock-preroute.kicad_pcb,pcb-e1-dock-40,561b73bb8dbf,5,6,1,0,0,1,4.65,0,2,2,0,0,0,0
pcb-e1-dock-preroute.kicad_pcb,pcb-e1-dock-40,561b73bb8dbf,6,2,0,0,0,3,0,0,13,2,0,0,0,154.85
pcb-e1-dock-preroute.kicad_pcb,pcb-e1-dock-40,561b73bb8dbf,6,3,6,0,0,1,14.67,0,17,2,0,0,1,25.18
pcb-e1-dock-preroute.kicad_pcb,pcb-e1-dock-40,561b73bb8dbf,6,4,1,0,0,1,2.3,0,24,2,0,0,0,21.9
pcb-e1-dock-preroute.kicad_pcb,pcb-e1-dock-40,561b73bb8dbf,6,5,8,0,0,2,4.0,0,22,2,0,0,1,195.94
pcb-e1-dock-preroute.kicad_pcb,pcb-e1-dock-40,561b73bb8dbf,6,6,1,0,0,0,0,0,3,2,0,0,0,3.25
pcb-e1-dock-preroute.kicad_pcb,pcb-e1-dock-40,561b73bb8dbf,7,2,0,0,0,3,0,0,14,2,0,0,0,30.43
pcb-e1-dock-preroute.kicad_pcb,pcb-e1-dock-40,561b73bb8dbf,7,3,6,0,0,1,6.6,0,20,2,0,0,0,176.99
pcb-e1-dock-preroute.kicad_pcb,pcb-e1-dock-40,561b73bb8dbf,7,4,7,0,0,6,6.84,0,28,2,0,0,3,105.7
pcb-e1-dock-preroute.kicad_pcb,pcb-e1-dock-40,561b73bb8dbf,7,5,4,0,0,0,0,0,25,2,0,0,3,73.98
pcb-e1-dock-preroute.kicad_pcb,pcb-e1-dock-40,561b73bb8dbf,7,6,1,0,0,0,0,0,6,2,0,0,0,44.29
pcb-e1-dock-preroute.kicad_pcb,pcb-e1-dock-40,561b73bb8dbf,8,1,1,0,0,0,0,0,12,2,0,0,0,0
pcb-e1-dock-preroute.kicad_pcb,pcb-e1-dock-40,561b73bb8dbf,8,2,0,0,0,0,0,0,14,2,0,0,2,280.76
pcb-e1-dock-preroute.kicad_pcb,pcb-e1-dock-40,561b73bb8dbf,8,3,1,0,0,0,0,0,20,2,0,0,2,3.86
pcb-e1-dock-preroute.kicad_pcb,pcb-e1-dock-40,561b73bb8dbf,8,4,13,6,0,5,10.17,0,28,2,0,0,2,92.94
pcb-e1-dock-preroute.kicad_pcb,pcb-e1-dock-40,561b73bb8dbf,8,5,3,0,0,0,0,0,26,2,0,0,4,45.75
pcb-e1-dock-preroute.kicad_pcb,pcb-e1-dock-40,561b73bb8dbf,8,6,2,0,0,0,0,0,7,2,0,0,0,20.45
pcb-e1-dock-preroute.kicad_pcb,pcb-e1-dock-40,561b73bb8dbf,9,0,0,0,0,0,0,0,7,2,0,0,0,16.81
pcb-e1-dock-preroute.kicad_pcb,pcb-e1-dock-40,561b73bb8dbf,9,1,1,0,0,0,0,0,12,3,0,0,1,12.76
pcb-e1-dock-preroute.kicad_pcb,pcb-e1-dock-40,561b73bb8dbf,9,2,0,0,0,0,0,0,14,3,0,0,0,6.91
pcb-e1-dock-preroute.kicad_pcb,pcb-e1-dock-40,561b73bb8dbf,9,3,1,0,0,0,0,0,20,2,0,0,0,19.84
pcb-e1-dock-preroute.kicad_pcb,pcb-e1-dock-40,561b73bb8dbf,9,4,1,0,0,3,0,0,28,2,0,0,1,33.51
pcb-e1-dock-preroute.kicad_pcb,pcb-e1-dock-40,561b73bb8dbf,9,5,5,0,0,0,0,0,26,2,0,0,1,37.44
pcb-e1-dock-preroute.kicad_pcb,pcb-e1-dock-40,561b73bb8dbf,9,6,2,0,0,0,0,0,7,2,0,0,0,10.36
pcb-e1-dock-preroute.kicad_pcb,pcb-e1-dock-40,561b73bb8dbf,10,3,0,0,0,0,0,0,20,2,0,0,0,38.68
pcb-e1-dock-preroute.kicad_pcb,pcb-e1-dock-40,561b73bb8dbf,10,4,3,0,0,1,2.9,0,26,2,0,0,2,72.8
pcb-e1-dock-preroute.kicad_pcb,pcb-e1-dock-40,561b73bb8dbf,10,5,5,0,0,2,2.25,0,24,2,0,0,4,79.51
pcb-e1-dock-preroute.kicad_pcb,pcb-e1-dock-40,561b73bb8dbf,10,6,2,0,0,0,0,0,6,2,0,0,0,3.62
pcb-e1-dock-preroute.kicad_pcb,pcb-e1-dock-40,561b73bb8dbf,11,1,1,0,0,0,0,0,12,4,0,0,0,0
pcb-e1-dock-preroute.kicad_pcb,pcb-e1-dock-40,561b73bb8dbf,11,3,1,0,0,0,0,0,20,2,0,0,0,0
pcb-e1-dock-preroute.kicad_pcb,pcb-e1-dock-40,561b73bb8dbf,11,4,2,0,0,1,2.9,0,23,2,0,0,0,69.72
pcb-e1-dock-preroute.kicad_pcb,pcb-e1-dock-40,561b73bb8dbf,11,5,5,0,0,3,6.53,0,21,2,0,0,0,17.73
pcb-e1-dock-preroute.kicad_pcb,pcb-e1-dock-40,561b73bb8dbf,11,6,0,0,0,0,0,0,5,2,0,0,1,134.44
pcb-e1-dock-preroute.kicad_pcb,pcb-e1-dock-40,561b73bb8dbf,12,1,1,0,0,0,0,0,12,3,0,0,0,0
pcb-e1-dock-preroute.kicad_pcb,pcb-e1-dock-40,561b73bb8dbf,12,3,1,0,0,0,0,0,21,2,0,0,0,0
pcb-e1-dock-preroute.kicad_pcb,pcb-e1-dock-40,561b73bb8dbf,12,4,2,0,0,2,4.7,0,23,2,0,0,0,35.88
pcb-e1-dock-preroute.kicad_pcb,pcb-e1-dock-40,561b73bb8dbf,12,5,2,0,0,3,3.1,0,20,2,0,0,0,27.88
pcb-e1-dock-preroute.kicad_pcb,pcb-e1-dock-40,561b73bb8dbf,12,6,2,0,0,0,0,0,6,2,0,0,0,2.73
pcb-e1-dock-preroute.kicad_pcb,pcb-e1-dock-40,561b73bb8dbf,13,1,1,0,0,0,0,0,12,4,0,0,0,0
pcb-e1-dock-preroute.kicad_pcb,pcb-e1-dock-40,561b73bb8dbf,13,2,0,0,0,0,0,0,14,4,0,0,0,50.47
pcb-e1-dock-preroute.kicad_pcb,pcb-e1-dock-40,561b73bb8dbf,13,3,1,0,0,0,0,0,21,2,0,0,0,0
pcb-e1-dock-preroute.kicad_pcb,pcb-e1-dock-40,561b73bb8dbf,13,4,5,0,0,5,10.2,0,23,2,0,0,0,13.58
pcb-e1-dock-preroute.kicad_pcb,pcb-e1-dock-40,561b73bb8dbf,13,5,1,0,0,1,1.4,0,20,2,0,0,0,6.95
pcb-e1-dock-preroute.kicad_pcb,pcb-e1-dock-40,561b73bb8dbf,13,6,2,0,0,0,0,0,6,2,0,0,0,14.27
pcb-e1-dock-preroute.kicad_pcb,pcb-e1-dock-40,561b73bb8dbf,14,1,0,0,0,0,0,0,12,4,0,0,0,53.19
pcb-e1-dock-preroute.kicad_pcb,pcb-e1-dock-40,561b73bb8dbf,14,3,3,0,0,3,6.12,0,22,2,0,0,1,444.66
pcb-e1-dock-preroute.kicad_pcb,pcb-e1-dock-40,561b73bb8dbf,14,4,8,0,0,8,10.53,0,28,2,0,0,0,33.88
pcb-e1-dock-preroute.kicad_pcb,pcb-e1-dock-40,561b73bb8dbf,14,5,3,0,0,0,0,0,24,2,1,0,1,24.06
pcb-e1-dock-preroute.kicad_pcb,pcb-e1-dock-40,561b73bb8dbf,14,6,2,0,0,0,0,0,5,2,0,0,0,12.2
pcb-e1-dock-preroute.kicad_pcb,pcb-e1-dock-40,561b73bb8dbf,15,0,0,0,0,0,0,0,7,2,0,0,0,58.87
pcb-e1-dock-preroute.kicad_pcb,pcb-e1-dock-40,561b73bb8dbf,15,1,1,0,0,0,0,0,12,3,0,0,0,0
pcb-e1-dock-preroute.kicad_pcb,pcb-e1-dock-40,561b73bb8dbf,15,3,10,0,0,7,0,0,22,2,0,0,4,7.52
pcb-e1-dock-preroute.kicad_pcb,pcb-e1-dock-40,561b73bb8dbf,15,4,11,0,0,10,0,0,31,2,0,0,4,62.48
pcb-e1-dock-preroute.kicad_pcb,pcb-e1-dock-40,561b73bb8dbf,15,5,6,0,0,0,0,0,27,2,0,0,3,58.19
pcb-e1-dock-preroute.kicad_pcb,pcb-e1-dock-40,561b73bb8dbf,16,1,1,0,0,0,0,0,12,3,0,0,0,0
pcb-e1-dock-preroute.kicad_pcb,pcb-e1-dock-40,561b73bb8dbf,16,3,9,0,0,2,2.15,0,24,2,0,0,2,13.67
pcb-e1-dock-preroute.kicad_pcb,pcb-e1-dock-40,561b73bb8dbf,16,4,20,0,0,7,8.99,0,35,2,0,0,8,27.47
pcb-e1-dock-preroute.kicad_pcb,pcb-e1-dock-40,561b73bb8dbf,16,5,4,0,0,0,0,0,29,2,0,0,2,40.04
pcb-e1-dock-preroute.kicad_pcb,pcb-e1-dock-40,561b73bb8dbf,17,3,0,0,0,0,0,0,26,2,0,0,1,24.33
pcb-e1-dock-preroute.kicad_pcb,pcb-e1-dock-40,561b73bb8dbf,17,4,12,12,0,11,21.59,0,43,2,0,0,5,166.8
pcb-e1-dock-preroute.kicad_pcb,pcb-e1-dock-40,561b73bb8dbf,17,5,3,0,0,1,0,0,29,2,0,0,4,97.74
pcb-e1-dock-preroute.kicad_pcb,pcb-e1-dock-40,561b73bb8dbf,18,0,0,0,0,1,0,0,7,2,0,0,0,168.74
pcb-e1-dock-preroute.kicad_pcb,pcb-e1-dock-40,561b73bb8dbf,18,1,1,0,0,0,0,0,12,3,0,0,0,103.64
pcb-e1-dock-preroute.kicad_pcb,pcb-e1-dock-40,561b73bb8dbf,18,2,0,0,0,1,0,0,14,3,0,0,0,6.12
pcb-e1-dock-preroute.kicad_pcb,pcb-e1-dock-40,561b73bb8dbf,18,3,1,0,0,0,0,0,26,2,0,0,9,390.72
pcb-e1-dock-preroute.kicad_pcb,pcb-e1-dock-40,561b73bb8dbf,18,4,37,33,1,16,33.93,0,42,2,1,0,10,109.12
pcb-e1-dock-preroute.kicad_pcb,pcb-e1-dock-40,561b73bb8dbf,18,5,1,0,0,6,6.84,0,27,2,0,0,1,89.24
pcb-e1-dock-preroute.kicad_pcb,pcb-e1-dock-40,561b73bb8dbf,19,0,20,14,0,12,25.06,0,9,2,0,0,2,259.29
pcb-e1-dock-preroute.kicad_pcb,pcb-e1-dock-40,561b73bb8dbf,19,1,12,0,0,4,4.29,0,14,2,0,0,1,50.95
pcb-e1-dock-preroute.kicad_pcb,pcb-e1-dock-40,561b73bb8dbf,19,2,8,0,0,2,3.38,0,17,2,0,0,2,68.05
pcb-e1-dock-preroute.kicad_pcb,pcb-e1-dock-40,561b73bb8dbf,19,3,6,0,0,3,3.8,0,28,2,0,0,1,75.68
pcb-e1-dock-preroute.kicad_pcb,pcb-e1-dock-40,561b73bb8dbf,19,4,17,0,0,7,9.0,0,37,2,0,0,5,81.47
pcb-e1-dock-preroute.kicad_pcb,pcb-e1-dock-40,561b73bb8dbf,19,5,0,0,0,0,0,0,24,2,0,0,1,2.48
pcb-e1-dock-preroute.kicad_pcb,pcb-e1-dock-40,561b73bb8dbf,20,0,0,0,0,0,0,0,8,2,0,0,0,39.72
pcb-e1-dock-preroute.kicad_pcb,pcb-e1-dock-40,561b73bb8dbf,20,1,1,0,0,0,0,0,12,3,0,0,1,21.52
pcb-e1-dock-preroute.kicad_pcb,pcb-e1-dock-40,561b73bb8dbf,20,2,0,0,0,0,0,0,15,3,0,0,2,20.76
pcb-e1-dock-preroute.kicad_pcb,pcb-e1-dock-40,561b73bb8dbf,20,3,6,0,0,4,7.24,0,24,2,0,0,1,115.72
pcb-e1-dock-preroute.kicad_pcb,pcb-e1-dock-40,561b73bb8dbf,20,4,3,0,0,4,4.5,0,26,2,0,0,1,38.2
pcb-e1-dock-preroute.kicad_pcb,pcb-e1-dock-40,561b73bb8dbf,20,5,2,0,0,1,2.65,0,22,2,0,0,0,23.95
pcb-e1-dock-preroute.kicad_pcb,pcb-e1-dock-40,561b73bb8dbf,20,6,2,0,0,2,3.1,0,5,2,0,0,0,8.63
pcb-e1-dock-preroute.kicad_pcb,pcb-e1-dock-40,561b73bb8dbf,21,2,0,0,0,0,0,0,15,4,0,0,1,121.44
pcb-e1-dock-preroute.kicad_pcb,pcb-e1-dock-40,561b73bb8dbf,21,3,10,3,0,6,5.09,0,24,2,0,0,4,59.74
pcb-e1-dock-preroute.kicad_pcb,pcb-e1-dock-40,561b73bb8dbf,21,4,4,0,0,3,2.65,0,26,2,0,0,3,42.01
pcb-e1-dock-preroute.kicad_pcb,pcb-e1-dock-40,561b73bb8dbf,21,5,2,0,0,2,4.2,0,22,2,0,0,1,36.22
pcb-e1-dock-preroute.kicad_pcb,pcb-e1-dock-40,561b73bb8dbf,21,6,3,0,0,2,2.52,0,6,2,0,0,0,13.37
pcb-e1-dock-preroute.kicad_pcb,pcb-e1-dock-40,561b73bb8dbf,22,0,0,0,0,0,0,0,8,2,0,0,0,28.02
pcb-e1-dock-preroute.kicad_pcb,pcb-e1-dock-40,561b73bb8dbf,22,1,1,0,0,0,0,0,12,3,0,0,0,0
pcb-e1-dock-preroute.kicad_pcb,pcb-e1-dock-40,561b73bb8dbf,22,2,0,0,0,0,0,0,15,3,0,0,1,4.95
pcb-e1-dock-preroute.kicad_pcb,pcb-e1-dock-40,561b73bb8dbf,22,3,4,3,0,3,5.09,0,23,2,0,0,2,243.9
pcb-e1-dock-preroute.kicad_pcb,pcb-e1-dock-40,561b73bb8dbf,22,4,0,0,0,0,0,0,25,2,0,0,4,64.18
pcb-e1-dock-preroute.kicad_pcb,pcb-e1-dock-40,561b73bb8dbf,22,5,1,0,0,1,1.55,0,21,2,0,0,2,103.77
pcb-e1-dock-preroute.kicad_pcb,pcb-e1-dock-40,561b73bb8dbf,22,6,3,0,0,1,2.52,0,5,2,0,0,3,230.92
pcb-e1-dock-preroute.kicad_pcb,pcb-e1-dock-40,561b73bb8dbf,23,1,1,0,0,0,0,0,12,3,0,0,0,0
pcb-e1-dock-preroute.kicad_pcb,pcb-e1-dock-40,561b73bb8dbf,23,2,0,0,0,0,0,0,14,3,0,0,0,16.45
pcb-e1-dock-preroute.kicad_pcb,pcb-e1-dock-40,561b73bb8dbf,23,3,1,0,0,0,0,0,29,2,0,0,1,40.85
pcb-e1-dock-preroute.kicad_pcb,pcb-e1-dock-40,561b73bb8dbf,23,4,37,37,0,28,28.82,0,37,2,0,0,8,137.37
pcb-e1-dock-preroute.kicad_pcb,pcb-e1-dock-40,561b73bb8dbf,23,5,24,24,0,17,21.41,0,25,2,0,0,4,139.95
pcb-e1-dock-preroute.kicad_pcb,pcb-e1-dock-40,561b73bb8dbf,23,6,1,0,0,1,0,0,3,2,0,0,0,0
pcb-e1-dock-preroute.kicad_pcb,pcb-e1-dock-40,561b73bb8dbf,24,2,0,0,0,0,0,0,6,4,0,0,0,27.04
pcb-e1-dock-preroute.kicad_pcb,pcb-e1-dock-40,561b73bb8dbf,24,3,12,10,0,9,17.49,0,17,2,0,0,2,50.05
pcb-e1-dock-preroute.kicad_pcb,pcb-e1-dock-40,561b73bb8dbf,24,4,14,0,0,5,3.38,20.24,24,2,0,0,7,152.24
pcb-e1-dock-preroute.kicad_pcb,pcb-e1-dock-40,561b73bb8dbf,24,5,5,0,0,3,1.12,0,14,2,0,0,2,85.29
pcb-e1-dock-preroute.kicad_pcb,pcb-e1-dock-40,561b73bb8dbf,25,1,1,0,0,0,0,0,5,3,0,0,0,0
pcb-e1-dock-preroute.kicad_pcb,pcb-e1-dock-40,561b73bb8dbf,25,2,1,0,0,0,0,0,5,4,0,0,0,21.07
pcb-e1-dock-preroute.kicad_pcb,pcb-e1-dock-40,561b73bb8dbf,25,3,5,0,0,2,2.5,0,10,3,0,0,2,17.98
pcb-e1-dock-preroute.kicad_pcb,pcb-e1-dock-40,561b73bb8dbf,25,4,15,0,0,6,7.88,0,13,2,0,0,5,109.83
pcb-e1-dock-preroute.kicad_pcb,pcb-e1-dock-40,561b73bb8dbf,25,5,5,0,0,0,0,0,9,2,0,0,2,65.6
pcb-e1-dock-preroute.kicad_pcb,pcb-e1-dock-40,561b73bb8dbf,26,3,2,0,0,0,0,0,6,3,0,0,1,28.96
pcb-e1-dock-preroute.kicad_pcb,pcb-e1-dock-40,561b73bb8dbf,26,4,6,0,0,3,2.25,0,8,2,0,0,0,24.8
pcb-e1-dock-preroute.kicad_pcb,pcb-e1-dock-40,561b73bb8dbf,26,5,2,0,0,0,0,0,6,2,0,0,1,14.67
