board,sample,prehash,tx,ty,pads,fine_pads,unescaped_pads,escape_vias,locked_len,env_overlap,nets_crossing,rule_area,opens,hard,router_vias,router_len
pcb-d-aprs-preroute.kicad_pcb,pcb-d-aprs-1,859e07673c4b,0,0,1,0,0,0,0,0,9,3,0,0,0,0
pcb-d-aprs-preroute.kicad_pcb,pcb-d-aprs-1,859e07673c4b,0,1,0,0,0,0,0,0,11,2,0,0,0,32.69
pcb-d-aprs-preroute.kicad_pcb,pcb-d-aprs-1,859e07673c4b,0,2,6,0,0,0,0,0,12,2,0,0,1,117.15
pcb-d-aprs-preroute.kicad_pcb,pcb-d-aprs-1,859e07673c4b,0,3,8,0,0,0,0,0,13,2,0,0,0,32.16
pcb-d-aprs-preroute.kicad_pcb,pcb-d-aprs-1,859e07673c4b,0,4,2,0,0,0,0,0,12,2,0,0,0,27.74
pcb-d-aprs-preroute.kicad_pcb,pcb-d-aprs-1,859e07673c4b,0,5,2,0,0,0,0,0,7,2,0,0,0,6.5
pcb-d-aprs-preroute.kicad_pcb,pcb-d-aprs-1,859e07673c4b,0,6,4,0,0,2,2.25,0,5,2,0,0,0,15.85
pcb-d-aprs-preroute.kicad_pcb,pcb-d-aprs-1,859e07673c4b,0,7,1,0,0,0,0,0,1,3,0,0,0,0
pcb-d-aprs-preroute.kicad_pcb,pcb-d-aprs-1,859e07673c4b,1,0,8,0,0,2,3.27,0,21,2,0,0,3,72.62
pcb-d-aprs-preroute.kicad_pcb,pcb-d-aprs-1,859e07673c4b,1,1,15,0,0,5,8.76,0,25,2,0,0,1,111.68
pcb-d-aprs-preroute.kicad_pcb,pcb-d-aprs-1,859e07673c4b,1,2,0,0,0,0,0,0,26,2,0,0,0,173.97
pcb-d-aprs-preroute.kicad_pcb,pcb-d-aprs-1,859e07673c4b,1,3,0,0,0,0,0,0,26,2,0,0,0,38.88
pcb-d-aprs-preroute.kicad_pcb,pcb-d-aprs-1,859e07673c4b,1,4,7,7,0,7,14.91,0,27,2,0,0,0,69.02
pcb-d-aprs-preroute.kicad_pcb,pcb-d-aprs-1,859e07673c4b,1,5,13,5,0,7,12.21,0,19,2,0,0,3,77.92
pcb-d-aprs-preroute.kicad_pcb,pcb-d-aprs-1,859e07673c4b,1,6,3,0,0,0,0,0,8,2,0,0,2,61.33
pcb-d-aprs-preroute.kicad_pcb,pcb-d-aprs-1,859e07673c4b,1,7,3,0,0,0,0,0,2,2,0,0,0,0
pcb-d-aprs-preroute.kicad_pcb,pcb-d-aprs-1,859e07673c4b,2,0,7,0,0,3,6.75,0,29,2,0,0,7,130.45
pcb-d-aprs-preroute.kicad_pcb,pcb-d-aprs-1,859e07673c4b,2,1,10,0,0,4,6.32,0,33,2,0,0,3,103.52
pcb-d-aprs-preroute.kicad_pcb,pcb-d-aprs-1,859e07673c4b,2,2,2,0,0,0,0,0,34,2,0,0,2,100.18
pcb-d-aprs-preroute.kicad_pcb,pcb-d-aprs-1,859e07673c4b,2,3,0,0,0,0,0,0,33,2,0,0,0,24.12
pcb-d-aprs-preroute.kicad_pcb,pcb-d-aprs-1,859e07673c4b,2,4,15,7,0,8,16.95,0,36,2,0,0,10,280.81
pcb-d-aprs-preroute.kicad_pcb,pcb-d-aprs-1,859e07673c4b,2,5,16,5,0,9,12.72,0,26,2,0,0,8,184.8
pcb-d-aprs-preroute.kicad_pcb,pcb-d-aprs-1,859e07673c4b,2,6,1,0,0,1,1.12,0,10,2,0,0,1,49.96
pcb-d-aprs-preroute.kicad_pcb,pcb-d-aprs-1,859e07673c4b,2,7,5,0,0,1,1.39,0,5,2,0,0,0,20.08
pcb-d-aprs-preroute.kicad_pcb,pcb-d-aprs-1,859e07673c4b,3,0,16,0,0,0,0,0,28,2,0,0,7,159.44
pcb-d-aprs-preroute.kicad_pcb,pcb-d-aprs-1,859e07673c4b,3,1,13,0,0,0,0,0,33,2,0,0,6,185.52
pcb-d-aprs-preroute.kicad_pcb,pcb-d-aprs-1,859e07673c4b,3,2,3,0,0,0,0,0,34,2,0,0,2,144.82
pcb-d-aprs-preroute.kicad_pcb,pcb-d-aprs-1,859e07673c4b,3,3,0,0,0,0,0,0,30,2,0,0,3,123.28
pcb-d-aprs-preroute.kicad_pcb,pcb-d-aprs-1,859e07673c4b,3,4,22,0,0,4,8.67,0,36,2,0,0,2,55.08
pcb-d-aprs-preroute.kicad_pcb,pcb-d-aprs-1,859e07673c4b,3,5,10,0,0,3,3.64,0,25,2,0,0,6,94.66
pcb-d-aprs-preroute.kicad_pcb,pcb-d-aprs-1,859e07673c4b,3,6,8,0,0,0,0,0,14,2,0,0,3,75.2
pcb-d-aprs-preroute.kicad_pcb,pcb-d-aprs-1,859e07673c4b,3,7,4,0,0,1,1.12,0,6,2,0,0,1,44.78
pcb-d-aprs-preroute.kicad_pcb,pcb-d-aprs-1,859e07673c4b,4,0,14,0,0,0,0,0,22,2,0,0,4,129.21
pcb-d-aprs-preroute.kicad_pcb,pcb-d-aprs-1,859e07673c4b,4,1,8,0,0,0,0,0,26,2,0,0,6,121.45
pcb-d-aprs-preroute.kicad_pcb,pcb-d-aprs-1,859e07673c4b,4,2,2,0,0,0,0,0,26,2,0,0,2,44.33
pcb-d-aprs-preroute.kicad_pcb,pcb-d-aprs-1,859e07673c4b,4,3,0,0,0,0,0,0,22,2,0,0,0,23.7
pcb-d-aprs-preroute.kicad_pcb,pcb-d-aprs-1,859e07673c4b,4,4,8,0,0,2,1.12,0,25,2,0,0,1,44.44
pcb-d-aprs-preroute.kicad_pcb,pcb-d-aprs-1,859e07673c4b,4,5,3,0,0,0,0,0,19,2,0,0,1,46.7
pcb-d-aprs-preroute.kicad_pcb,pcb-d-aprs-1,859e07673c4b,4,6,2,0,0,0,0,0,10,2,0,0,1,28.38
pcb-d-aprs-preroute.kicad_pcb,pcb-d-aprs-1,859e07673c4b,4,7,1,0,0,0,0,0,4,2,0,0,0,26.83
pcb-d-aprs-preroute.kicad_pcb,pcb-d-aprs-1,859e07673c4b,5,0,5,0,0,0,0,0,20,2,0,0,2,112.95
pcb-d-aprs-preroute.kicad_pcb,pcb-d-aprs-1,859e07673c4b,5,1,13,13,0,7,12.8,0,29,2,0,0,5,151.7
pcb-d-aprs-preroute.kicad_pcb,pcb-d-aprs-1,859e07673c4b,5,2,18,3,0,4,6.37,0,39,2,1,0,8,211.91
pcb-d-aprs-preroute.kicad_pcb,pcb-d-aprs-1,859e07673c4b,5,3,17,0,0,5,7.55,0,28,2,0,0,3,107.04
pcb-d-aprs-preroute.kicad_pcb,pcb-d-aprs-1,859e07673c4b,5,4,7,4,0,4,8.25,0,29,2,0,0,2,78.38
pcb-d-aprs-preroute.kicad_pcb,pcb-d-aprs-1,859e07673c4b,5,5,15,0,0,3,3.62,0,23,2,0,0,3,86.57
pcb-d-aprs-preroute.kicad_pcb,pcb-d-aprs-1,859e07673c4b,5,6,3,0,0,0,1.75,0,9,2,0,0,0,28.13
pcb-d-aprs-preroute.kicad_pcb,pcb-d-aprs-1,859e07673c4b,5,7,3,0,0,1,3.73,0,5,2,0,0,0,7.98
pcb-d-aprs-preroute.kicad_pcb,pcb-d-aprs-1,859e07673c4b,6,0,4,0,0,0,0,0,17,2,0,0,1,91.37
pcb-d-aprs-preroute.kicad_pcb,pcb-d-aprs-1,859e07673c4b,6,1,18,18,0,9,7.36,3.39,28,2,0,0,4,71.58
pcb-d-aprs-preroute.kicad_pcb,pcb-d-aprs-1,859e07673c4b,6,2,26,4,0,4,12.6,0,44,2,0,0,10,230.75
pcb-d-aprs-preroute.kicad_pcb,pcb-d-aprs-1,859e07673c4b,6,3,18,0,0,4,4.5,0,35,2,0,0,13,275.83
pcb-d-aprs-preroute.kicad_pcb,pcb-d-aprs-1,859e07673c4b,6,4,25,4,0,6,13.68,0,38,2,0,0,11,141.28
pcb-d-aprs-preroute.kicad_pcb,pcb-d-aprs-1,859e07673c4b,6,5,24,0,0,8,5.54,0,32,2,0,0,5,114.74
pcb-d-aprs-preroute.kicad_pcb,pcb-d-aprs-1,859e07673c4b,6,6,2,0,0,1,0,0,8,2,0,0,0,51.64
pcb-d-aprs-preroute.kicad_pcb,pcb-d-aprs-1,859e07673c4b,6,7,2,0,0,3,1.55,0,5,2,0,0,0,10.24
pcb-d-aprs-preroute.kicad_pcb,pcb-d-aprs-1,859e07673c4b,7,0,6,0,0,0,0,0,14,2,0,0,2,68.88
pcb-d-aprs-preroute.kicad_pcb,pcb-d-aprs-1,859e07673c4b,7,1,27,27,1,12,31.69,6.67,33,2,0,0,2,92.56
pcb-d-aprs-preroute.kicad_pcb,pcb-d-aprs-1,859e07673c4b,7,2,12,0,0,7,3.87,0,44,2,0,0,7,144.82
pcb-d-aprs-preroute.kicad_pcb,pcb-d-aprs-1,859e07673c4b,7,3,8,0,0,6,4.5,0,33,2,0,0,6,128.62
pcb-d-aprs-preroute.kicad_pcb,pcb-d-aprs-1,859e07673c4b,7,4,24,0,0,7,21.05,0,33,2,0,0,4,128.14
pcb-d-aprs-preroute.kicad_pcb,pcb-d-aprs-1,859e07673c4b,7,5,18,0,0,2,2.08,0,35,2,0,0,11,181.98
pcb-d-aprs-preroute.kicad_pcb,pcb-d-aprs-1,859e07673c4b,7,6,2,0,0,0,0,0,9,2,0,0,0,6.55
pcb-d-aprs-preroute.kicad_pcb,pcb-d-aprs-1,859e07673c4b,7,7,4,0,0,1,3.1,0,5,2,0,0,0,18.45
pcb-d-aprs-preroute.kicad_pcb,pcb-d-aprs-1,859e07673c4b,8,0,2,0,0,0,0,0,11,2,0,0,1,29.83
pcb-d-aprs-preroute.kicad_pcb,pcb-d-aprs-1,859e07673c4b,8,1,9,9,0,7,17.97,25.34,23,2,0,0,1,84.09
pcb-d-aprs-preroute.kicad_pcb,pcb-d-aprs-1,859e07673c4b,8,2,14,0,0,4,4.33,0,32,2,0,0,0,75.8
pcb-d-aprs-preroute.kicad_pcb,pcb-d-aprs-1,859e07673c4b,8,3,8,0,0,4,4.17,0,24,2,0,0,4,105.89
pcb-d-aprs-preroute.kicad_pcb,pcb-d-aprs-1,859e07673c4b,8,4,9,0,0,2,1.12,0,22,2,0,0,3,104.16
pcb-d-aprs-preroute.kicad_pcb,pcb-d-aprs-1,859e07673c4b,8,5,15,0,0,3,3.21,0,22,2,0,0,3,123.97
pcb-d-aprs-preroute.kicad_pcb,pcb-d-aprs-1,859e07673c4b,8,6,2,0,0,0,0,0,7,2,0,0,0,0
pcb-d-aprs-preroute.kicad_pcb,pcb-d-aprs-1,859e07673c4b,8,7,3,0,0,0,0,0,3,2,0,0,0,9.39
pcb-d-aprs-preroute.kicad_pcb,pcb-d-aprs-1,859e07673c4b,9,0,1,0,0,0,0,0,7,3,0,0,1,39.2
pcb-d-aprs-preroute.kicad_pcb,pcb-d-aprs-1,859e07673c4b,9,1,4,0,0,1,0,0,14,2,0,0,0,30.41
pcb-d-aprs-preroute.kicad_pcb,pcb-d-aprs-1,859e07673c4b,9,2,7,0,0,0,0,0,16,2,0,0,0,41.03
pcb-d-aprs-preroute.kicad_pcb,pcb-d-aprs-1,859e07673c4b,9,3,4,0,0,1,0.96,0,14,2,0,0,0,4.38
pcb-d-aprs-preroute.kicad_pcb,pcb-d-aprs-1,859e07673c4b,9,4,2,0,0,0,0,0,11,2,0,0,0,55.6
pcb-d-aprs-preroute.kicad_pcb,pcb-d-aprs-1,859e07673c4b,9,5,6,0,0,0,0,0,11,2,0,0,0,19.99
pcb-d-aprs-preroute.kicad_pcb,pcb-d-aprs-1,859e07673c4b,9,6,2,0,0,0,0,0,5,2,0,0,0,0
pcb-d-aprs-preroute.kicad_pcb,pcb-d-aprs-1,859e07673c4b,9,7,1,0,0,0,0,0,1,3,0,0,0,0
pcb-d-aprs-preroute.kicad_pcb,pcb-d-aprs-3,36cd254f05eb,0,0,1,0,0,0,0,0,9,3,0,0,0,0
pcb-d-aprs-preroute.kicad_pcb,pcb-d-aprs-3,36cd254f05eb,0,1,0,0,0,0,0,0,11,2,0,0,0,4.91
pcb-d-aprs-preroute.kicad_pcb,pcb-d-aprs-3,36cd254f05eb,0,2,6,0,0,0,0,0,12,2,0,0,0,77.66
pcb-d-aprs-preroute.kicad_pcb,pcb-d-aprs-3,36cd254f05eb,0,3,8,0,0,0,0,0,14,2,0,0,0,68.22
pcb-d-aprs-preroute.kicad_pcb,pcb-d-aprs-3,36cd254f05eb,0,4,2,0,0,0,0,0,12,2,0,0,0,19.95
pcb-d-aprs-preroute.kicad_pcb,pcb-d-aprs-3,36cd254f05eb,0,5,2,0,0,0,0,0,7,2,0,0,1,20.83
pcb-d-aprs-preroute.kicad_pcb,pcb-d-aprs-3,36cd254f05eb,0,6,4,0,0,2,2.25,0,5,2,0,0,0,9.77
pcb-d-aprs-preroute.kicad_pcb,pcb-d-aprs-3,36cd254f05eb,0,7,1,0,0,0,0,0,1,3,0,0,0,0
pcb-d-aprs-preroute.kicad_pcb,pcb-d-aprs-3,36cd254f05eb,1,0,8,0,0,2,4.83,0,19,2,0,0,1,50.08
pcb-d-aprs-preroute.kicad_pcb,pcb-d-aprs-3,36cd254f05eb,1,1,15,0,0,4,5.39,0,25,2,0,0,1,99.07
pcb-d-aprs-preroute.kicad_pcb,pcb-d-aprs-3,36cd254f05eb,1,2,0,0,0,0,0,0,26,2,0,0,0,17.9
pcb-d-aprs-preroute.kicad_pcb,pcb-d-aprs-3,36cd254f05eb,1,3,0,0,0,0,0,0,27,2,0,0,0,30.42
pcb-d-aprs-preroute.kicad_pcb,pcb-d-aprs-3,36cd254f05eb,1,4,7,7,0,7,14.91,0,27,2,0,0,1,53.69
pcb-d-aprs-preroute.kicad_pcb,pcb-d-aprs-3,36cd254f05eb,1,5,13,5,0,7,12.21,0,19,2,0,0,3,136.5
pcb-d-aprs-preroute.kicad_pcb,pcb-d-aprs-3,36cd254f05eb,1,6,3,0,0,0,0,0,8,2,0,0,0,17.79
pcb-d-aprs-preroute.kicad_pcb,pcb-d-aprs-3,36cd254f05eb,1,7,3,0,0,0,0,0,2,2,0,0,0,0
pcb-d-aprs-preroute.kicad_pcb,pcb-d-aprs-3,36cd254f05eb,2,0,7,0,0,3,6.05,0,26,2,0,0,8,201.28
pcb-d-aprs-preroute.kicad_pcb,pcb-d-aprs-3,36cd254f05eb,2,1,10,0,0,4,5.38,0,33,2,0,0,6,103.44
pcb-d-aprs-preroute.kicad_pcb,pcb-d-aprs-3,36cd254f05eb,2,2,2,0,0,0,0,0,34,2,0,0,2,65.26
pcb-d-aprs-preroute.kicad_pcb,pcb-d-aprs-3,36cd254f05eb,2,3,0,0,0,0,0,0,34,2,0,0,2,141.0
pcb-d-aprs-preroute.kicad_pcb,pcb-d-aprs-3,36cd254f05eb,2,4,15,7,0,9,16.95,0,36,2,0,0,4,281.22
pcb-d-aprs-preroute.kicad_pcb,pcb-d-aprs-3,36cd254f05eb,2,5,16,5,0,8,12.72,0,26,2,0,0,7,153.89
pcb-d-aprs-preroute.kicad_pcb,pcb-d-aprs-3,36cd254f05eb,2,6,1,0,0,1,1.12,0,10,2,0,0,0,6.1
pcb-d-aprs-preroute.kicad_pcb,pcb-d-aprs-3,36cd254f05eb,2,7,5,0,0,1,1.39,0,5,2,0,0,1,4.97
pcb-d-aprs-preroute.kicad_pcb,pcb-d-aprs-3,36cd254f05eb,3,0,16,0,0,0,0,0,25,2,0,0,6,117.38
pcb-d-aprs-preroute.kicad_pcb,pcb-d-aprs-3,36cd254f05eb,3,1,14,0,0,0,0,0,31,2,0,0,4,139.24
pcb-d-aprs-preroute.kicad_pcb,pcb-d-aprs-3,36cd254f05eb,3,2,3,0,0,0,0,0,34,2,0,0,1,78.62
pcb-d-aprs-preroute.kicad_pcb,pcb-d-aprs-3,36cd254f05eb,3,3,0,0,0,0,0,0,31,2,0,0,4,143.82
pcb-d-aprs-preroute.kicad_pcb,pcb-d-aprs-3,36cd254f05eb,3,4,22,0,0,2,7.21,0,36,2,0,0,6,246.03
pcb-d-aprs-preroute.kicad_pcb,pcb-d-aprs-3,36cd254f05eb,3,5,10,0,0,4,3.64,0,25,2,0,0,4,80.34
pcb-d-aprs-preroute.kicad_pcb,pcb-d-aprs-3,36cd254f05eb,3,6,8,0,0,0,0,0,14,2,0,0,2,111.08
pcb-d-aprs-preroute.kicad_pcb,pcb-d-aprs-3,36cd254f05eb,3,7,4,0,0,1,1.12,0,7,2,0,0,1,67.16
pcb-d-aprs-preroute.kicad_pcb,pcb-d-aprs-3,36cd254f05eb,4,0,10,0,0,0,0,0,20,2,0,0,2,123.45
pcb-d-aprs-preroute.kicad_pcb,pcb-d-aprs-3,36cd254f05eb,4,1,11,0,0,0,0,0,26,2,0,0,4,135.35
pcb-d-aprs-preroute.kicad_pcb,pcb-d-aprs-3,36cd254f05eb,4,2,2,0,0,0,0,0,27,2,0,0,3,142.45
pcb-d-aprs-preroute.kicad_pcb,pcb-d-aprs-3,36cd254f05eb,4,3,0,0,0,0,0,0,24,2,0,0,1,37.85
pcb-d-aprs-preroute.kicad_pcb,pcb-d-aprs-3,36cd254f05eb,4,4,8,0,0,2,1.12,0,26,2,0,0,2,97.93
pcb-d-aprs-preroute.kicad_pcb,pcb-d-aprs-3,36cd254f05eb,4,5,3,0,0,0,0,0,19,2,0,0,1,19.77
pcb-d-aprs-preroute.kicad_pcb,pcb-d-aprs-3,36cd254f05eb,4,6,1,0,0,0,0,0,10,2,0,0,0,9.41
pcb-d-aprs-preroute.kicad_pcb,pcb-d-aprs-3,36cd254f05eb,4,7,2,0,0,1,1.98,0,5,2,0,0,0,11.57
pcb-d-aprs-preroute.kicad_pcb,pcb-d-aprs-3,36cd254f05eb,5,0,5,0,0,0,0,0,18,2,0,0,4,65.04
pcb-d-aprs-preroute.kicad_pcb,pcb-d-aprs-3,36cd254f05eb,5,1,13,13,0,7,12.8,0,28,2,0,0,2,65.43
pcb-d-aprs-preroute.kicad_pcb,pcb-d-aprs-3,36cd254f05eb,5,2,17,3,0,4,6.37,0,38,2,0,0,7,109.45
pcb-d-aprs-preroute.kicad_pcb,pcb-d-aprs-3,36cd254f05eb,5,3,17,0,0,5,7.55,0,30,2,0,0,6,124.39
pcb-d-aprs-preroute.kicad_pcb,pcb-d-aprs-3,36cd254f05eb,5,4,7,4,0,4,8.25,0,28,2,0,0,5,97.01
pcb-d-aprs-preroute.kicad_pcb,pcb-d-aprs-3,36cd254f05eb,5,5,15,0,0,3,2.25,0,22,2,0,0,2,115.99
pcb-d-aprs-preroute.kicad_pcb,pcb-d-aprs-3,36cd254f05eb,5,6,4,0,0,0,1.75,0,8,2,0,0,0,7.09
pcb-d-aprs-preroute.kicad_pcb,pcb-d-aprs-3,36cd254f05eb,5,7,2,0,0,0,1.75,0,4,2,0,0,0,0.02
pcb-d-aprs-preroute.kicad_pcb,pcb-d-aprs-3,36cd254f05eb,6,0,4,0,0,0,0,0,17,2,0,0,2,134.97
pcb-d-aprs-preroute.kicad_pcb,pcb-d-aprs-3,36cd254f05eb,6,1,18,18,0,9,7.36,1.99,27,2,0,0,4,59.12
pcb-d-aprs-preroute.kicad_pcb,pcb-d-aprs-3,36cd254f05eb,6,2,27,4,0,5,13.72,0,43,2,0,0,11,264.76
pcb-d-aprs-preroute.kicad_pcb,pcb-d-aprs-3,36cd254f05eb,6,3,18,0,0,3,3.38,0,35,2,0,0,5,192.25
pcb-d-aprs-preroute.kicad_pcb,pcb-d-aprs-3,36cd254f05eb,6,4,25,4,0,6,13.68,0,38,2,0,0,8,169.86
pcb-d-aprs-preroute.kicad_pcb,pcb-d-aprs-3,36cd254f05eb,6,5,24,0,0,9,8.24,0,32,2,0,0,6,169.73
pcb-d-aprs-preroute.kicad_pcb,pcb-d-aprs-3,36cd254f05eb,6,6,2,0,0,1,0,0,7,2,0,0,0,16.36
pcb-d-aprs-preroute.kicad_pcb,pcb-d-aprs-3,36cd254f05eb,6,7,2,0,0,3,1.55,0,4,2,0,0,0,17.57
pcb-d-aprs-preroute.kicad_pcb,pcb-d-aprs-3,36cd254f05eb,7,0,6,0,0,0,0,0,14,2,0,0,1,113.43
pcb-d-aprs-preroute.kicad_pcb,pcb-d-aprs-3,36cd254f05eb,7,1,27,27,1,12,31.69,6.67,33,2,0,0,0,103.49
pcb-d-aprs-preroute.kicad_pcb,pcb-d-aprs-3,36cd254f05eb,7,2,12,0,0,10,5.95,0,44,2,0,0,9,188.56
pcb-d-aprs-preroute.kicad_pcb,pcb-d-aprs-3,36cd254f05eb,7,3,8,0,0,4,3.38,0,34,2,0,0,8,98.81
pcb-d-aprs-preroute.kicad_pcb,pcb-d-aprs-3,36cd254f05eb,7,4,24,0,0,7,20.35,0,33,2,0,0,7,116.3
pcb-d-aprs-preroute.kicad_pcb,pcb-d-aprs-3,36cd254f05eb,7,5,19,0,0,2,3.04,0,34,2,0,0,11,141.64
pcb-d-aprs-preroute.kicad_pcb,pcb-d-aprs-3,36cd254f05eb,7,6,2,0,0,0,0,0,8,2,0,0,0,10.99
pcb-d-aprs-preroute.kicad_pcb,pcb-d-aprs-3,36cd254f05eb,7,7,4,0,0,1,3.1,0,4,2,0,0,0,12.9
pcb-d-aprs-preroute.kicad_pcb,pcb-d-aprs-3,36cd254f05eb,8,0,2,0,0,0,0,0,11,2,0,0,2,54.76
pcb-d-aprs-preroute.kicad_pcb,pcb-d-aprs-3,36cd254f05eb,8,1,9,9,0,7,17.97,25.34,23,2,0,0,1,27.05
pcb-d-aprs-preroute.kicad_pcb,pcb-d-aprs-3,36cd254f05eb,8,2,14,0,0,3,3.38,0,32,2,0,0,5,127.81
pcb-d-aprs-preroute.kicad_pcb,pcb-d-aprs-3,36cd254f05eb,8,3,8,0,0,4,4.17,0,26,2,0,0,3,81.93
pcb-d-aprs-preroute.kicad_pcb,pcb-d-aprs-3,36cd254f05eb,8,4,9,0,0,2,1.12,0,22,2,0,0,4,71.65
pcb-d-aprs-preroute.kicad_pcb,pcb-d-aprs-3,36cd254f05eb,8,5,14,0,0,3,2.25,0,22,2,0,0,4,99.94
pcb-d-aprs-preroute.kicad_pcb,pcb-d-aprs-3,36cd254f05eb,8,6,2,0,0,0,0,0,7,2,0,0,0,0.6
pcb-d-aprs-preroute.kicad_pcb,pcb-d-aprs-3,36cd254f05eb,8,7,3,0,0,0,0,0,3,2,0,0,0,12.31
pcb-d-aprs-preroute.kicad_pcb,pcb-d-aprs-3,36cd254f05eb,9,0,1,0,0,0,0,0,7,3,0,0,0,0
pcb-d-aprs-preroute.kicad_pcb,pcb-d-aprs-3,36cd254f05eb,9,1,4,0,0,1,0,0,14,2,0,0,0,45.4
pcb-d-aprs-preroute.kicad_pcb,pcb-d-aprs-3,36cd254f05eb,9,2,7,0,0,0,0,0,16,2,0,0,1,32.08
pcb-d-aprs-preroute.kicad_pcb,pcb-d-aprs-3,36cd254f05eb,9,3,4,0,0,1,0.96,0,14,2,0,0,0,21.73
pcb-d-aprs-preroute.kicad_pcb,pcb-d-aprs-3,36cd254f05eb,9,4,2,0,0,0,0,0,11,2,0,0,0,72.67
pcb-d-aprs-preroute.kicad_pcb,pcb-d-aprs-3,36cd254f05eb,9,5,6,0,0,0,0,0,11,2,0,0,0,26.95
pcb-d-aprs-preroute.kicad_pcb,pcb-d-aprs-3,36cd254f05eb,9,6,2,0,0,0,0,0,5,2,0,0,0,17.95
pcb-d-aprs-preroute.kicad_pcb,pcb-d-aprs-3,36cd254f05eb,9,7,1,0,0,0,0,0,1,3,0,0,0,0
pcb-d-aprs-preroute.kicad_pcb,pcb-d-aprs-7,e208505bce1a,0,0,1,0,0,0,0,0,9,3,0,0,0,0
pcb-d-aprs-preroute.kicad_pcb,pcb-d-aprs-7,e208505bce1a,0,1,0,0,0,0,0,0,11,2,0,0,1,0
pcb-d-aprs-preroute.kicad_pcb,pcb-d-aprs-7,e208505bce1a,0,2,6,0,0,0,0,0,12,2,0,0,0,22.47
pcb-d-aprs-preroute.kicad_pcb,pcb-d-aprs-7,e208505bce1a,0,3,8,0,0,0,0,0,13,2,0,0,0,49.65
pcb-d-aprs-preroute.kicad_pcb,pcb-d-aprs-7,e208505bce1a,0,4,2,0,0,0,0,0,12,2,0,0,0,28.22
pcb-d-aprs-preroute.kicad_pcb,pcb-d-aprs-7,e208505bce1a,0,5,2,0,0,0,0,0,7,2,0,0,0,43.11
pcb-d-aprs-preroute.kicad_pcb,pcb-d-aprs-7,e208505bce1a,0,6,4,0,0,2,2.25,0,5,2,0,0,0,30.64
pcb-d-aprs-preroute.kicad_pcb,pcb-d-aprs-7,e208505bce1a,0,7,1,0,0,0,0,0,1,3,0,0,0,0
pcb-d-aprs-preroute.kicad_pcb,pcb-d-aprs-7,e208505bce1a,1,0,8,0,0,2,3.27,0,19,2,0,0,4,76.55
pcb-d-aprs-preroute.kicad_pcb,pcb-d-aprs-7,e208505bce1a,1,1,15,0,0,4,6.96,0,25,2,0,0,3,79.79
pcb-d-aprs-preroute.kicad_pcb,pcb-d-aprs-7,e208505bce1a,1,2,0,0,0,0,0,0,26,2,0,0,2,153.32
pcb-d-aprs-preroute.kicad_pcb,pcb-d-aprs-7,e208505bce1a,1,3,0,0,0,0,0,0,26,2,0,0,0,114.54
pcb-d-aprs-preroute.kicad_pcb,pcb-d-aprs-7,e208505bce1a,1,4,7,7,0,7,14.91,0,27,2,0,0,1,114.59
pcb-d-aprs-preroute.kicad_pcb,pcb-d-aprs-7,e208505bce1a,1,5,13,5,0,7,12.21,0,19,2,0,0,3,151.91
pcb-d-aprs-preroute.kicad_pcb,pcb-d-aprs-7,e208505bce1a,1,6,3,0,0,0,0,0,8,2,0,0,0,27.07
pcb-d-aprs-preroute.kicad_pcb,pcb-d-aprs-7,e208505bce1a,1,7,3,0,0,0,0,0,2,2,0,0,0,4.8
pcb-d-aprs-preroute.kicad_pcb,pcb-d-aprs-7,e208505bce1a,2,0,7,0,0,3,6.05,0,26,2,0,0,5,59.33
pcb-d-aprs-preroute.kicad_pcb,pcb-d-aprs-7,e208505bce1a,2,1,10,0,0,4,5.38,0,33,2,0,0,7,184.16
pcb-d-aprs-preroute.kicad_pcb,pcb-d-aprs-7,e208505bce1a,2,2,2,0,0,0,0,0,34,2,0,0,0,23.72
pcb-d-aprs-preroute.kicad_pcb,pcb-d-aprs-7,e208505bce1a,2,3,0,0,0,0,0,0,33,2,0,0,1,105.94
pcb-d-aprs-preroute.kicad_pcb,pcb-d-aprs-7,e208505bce1a,2,4,15,7,0,8,16.95,0,36,2,0,0,4,231.83
pcb-d-aprs-preroute.kicad_pcb,pcb-d-aprs-7,e208505bce1a,2,5,16,5,0,8,12.72,0,26,2,0,0,3,152.88
pcb-d-aprs-preroute.kicad_pcb,pcb-d-aprs-7,e208505bce1a,2,6,1,0,0,1,1.12,0,10,2,0,0,3,28.36
pcb-d-aprs-preroute.kicad_pcb,pcb-d-aprs-7,e208505bce1a,2,7,5,0,0,1,1.39,0,5,2,0,0,2,11.03
pcb-d-aprs-preroute.kicad_pcb,pcb-d-aprs-7,e208505bce1a,3,0,16,0,0,0,0,0,25,2,0,0,6,107.54
pcb-d-aprs-preroute.kicad_pcb,pcb-d-aprs-7,e208505bce1a,3,1,12,0,0,0,0,0,31,2,0,0,8,142.22
pcb-d-aprs-preroute.kicad_pcb,pcb-d-aprs-7,e208505bce1a,3,2,3,0,0,0,0,0,34,2,0,0,3,55.14
pcb-d-aprs-preroute.kicad_pcb,pcb-d-aprs-7,e208505bce1a,3,3,0,0,0,0,0,0,30,2,0,0,0,100.8
pcb-d-aprs-preroute.kicad_pcb,pcb-d-aprs-7,e208505bce1a,3,4,23,0,0,5,8.25,0,36,2,0,0,4,113.09
pcb-d-aprs-preroute.kicad_pcb,pcb-d-aprs-7,e208505bce1a,3,5,10,0,0,3,3.64,0,25,2,0,0,5,113.43
pcb-d-aprs-preroute.kicad_pcb,pcb-d-aprs-7,e208505bce1a,3,6,8,0,0,0,0,0,14,2,0,0,1,93.69
pcb-d-aprs-preroute.kicad_pcb,pcb-d-aprs-7,e208505bce1a,3,7,4,0,0,1,1.12,0,6,2,0,0,0,8.41
pcb-d-aprs-preroute.kicad_pcb,pcb-d-aprs-7,e208505bce1a,4,0,13,0,0,0,0,0,20,2,0,0,2,153.33
pcb-d-aprs-preroute.kicad_pcb,pcb-d-aprs-7,e208505bce1a,4,1,11,0,0,0,0,0,26,2,0,0,4,159.68
pcb-d-aprs-preroute.kicad_pcb,pcb-d-aprs-7,e208505bce1a,4,2,2,0,0,0,0,0,27,2,0,0,3,92.52
pcb-d-aprs-preroute.kicad_pcb,pcb-d-aprs-7,e208505bce1a,4,3,0,0,0,0,0,0,23,2,0,0,3,35.2
pcb-d-aprs-preroute.kicad_pcb,pcb-d-aprs-7,e208505bce1a,4,4,7,0,0,1,1.12,0,26,2,0,0,2,182.68
pcb-d-aprs-preroute.kicad_pcb,pcb-d-aprs-7,e208505bce1a,4,5,3,0,0,0,0,0,19,2,0,0,0,28.57
pcb-d-aprs-preroute.kicad_pcb,pcb-d-aprs-7,e208505bce1a,4,6,2,0,0,0,0,0,10,2,0,0,0,3.87
pcb-d-aprs-preroute.kicad_pcb,pcb-d-aprs-7,e208505bce1a,4,7,2,0,0,0,1.98,0,4,2,0,0,0,22.51
pcb-d-aprs-preroute.kicad_pcb,pcb-d-aprs-7,e208505bce1a,5,0,4,0,0,0,0,0,18,2,0,0,3,57.63
pcb-d-aprs-preroute.kicad_pcb,pcb-d-aprs-7,e208505bce1a,5,1,13,13,0,7,12.8,0,28,2,0,0,3,81.25
pcb-d-aprs-preroute.kicad_pcb,pcb-d-aprs-7,e208505bce1a,5,2,18,3,0,5,9.3,0,38,2,0,0,6,125.33
pcb-d-aprs-preroute.kicad_pcb,pcb-d-aprs-7,e208505bce1a,5,3,17,0,0,5,7.55,0,27,2,0,0,6,155.18
pcb-d-aprs-preroute.kicad_pcb,pcb-d-aprs-7,e208505bce1a,5,4,7,4,0,4,8.25,0,29,2,0,0,4,32.16
pcb-d-aprs-preroute.kicad_pcb,pcb-d-aprs-7,e208505bce1a,5,5,16,0,0,3,3.62,0,24,2,0,0,5,103.56
pcb-d-aprs-preroute.kicad_pcb,pcb-d-aprs-7,e208505bce1a,5,6,4,0,0,0,1.75,0,8,2,0,0,0,9.94
pcb-d-aprs-preroute.kicad_pcb,pcb-d-aprs-7,e208505bce1a,5,7,1,0,0,1,1.75,0,4,2,0,0,0,1.74
pcb-d-aprs-preroute.kicad_pcb,pcb-d-aprs-7,e208505bce1a,6,0,4,0,0,0,0,0,17,2,0,0,0,85.06
pcb-d-aprs-preroute.kicad_pcb,pcb-d-aprs-7,e208505bce1a,6,1,18,18,0,9,7.36,0,28,2,0,0,4,127.45
pcb-d-aprs-preroute.kicad_pcb,pcb-d-aprs-7,e208505bce1a,6,2,26,4,0,5,11.65,0,44,2,0,0,7,211.65
pcb-d-aprs-preroute.kicad_pcb,pcb-d-aprs-7,e208505bce1a,6,3,18,0,0,3,4.5,0,35,2,0,0,6,146.4
pcb-d-aprs-preroute.kicad_pcb,pcb-d-aprs-7,e208505bce1a,6,4,25,4,0,6,13.68,0,39,2,0,0,8,159.89
pcb-d-aprs-preroute.kicad_pcb,pcb-d-aprs-7,e208505bce1a,6,5,23,0,0,9,10.07,0,34,2,0,0,8,196.34
pcb-d-aprs-preroute.kicad_pcb,pcb-d-aprs-7,e208505bce1a,6,6,2,0,0,1,0,0,7,2,0,0,0,9.05
pcb-d-aprs-preroute.kicad_pcb,pcb-d-aprs-7,e208505bce1a,6,7,2,0,0,3,1.55,0,4,2,0,0,0,11.42
pcb-d-aprs-preroute.kicad_pcb,pcb-d-aprs-7,e208505bce1a,7,0,6,0,0,0,0,0,14,2,0,0,2,62.84
pcb-d-aprs-preroute.kicad_pcb,pcb-d-aprs-7,e208505bce1a,7,1,27,27,1,12,31.69,10.86,33,2,0,0,2,102.04
pcb-d-aprs-preroute.kicad_pcb,pcb-d-aprs-7,e208505bce1a,7,2,12,0,0,8,4.32,0,44,2,0,0,9,195.3
pcb-d-aprs-preroute.kicad_pcb,pcb-d-aprs-7,e208505bce1a,7,3,8,0,0,6,4.5,0,33,2,0,0,4,90.44
pcb-d-aprs-preroute.kicad_pcb,pcb-d-aprs-7,e208505bce1a,7,4,24,0,0,7,20.35,0,34,2,0,0,10,108.52
pcb-d-aprs-preroute.kicad_pcb,pcb-d-aprs-7,e208505bce1a,7,5,18,0,0,2,2.08,0,36,2,0,0,11,114.27
pcb-d-aprs-preroute.kicad_pcb,pcb-d-aprs-7,e208505bce1a,7,6,2,0,0,0,0,0,8,2,0,0,0,13.14
pcb-d-aprs-preroute.kicad_pcb,pcb-d-aprs-7,e208505bce1a,7,7,4,0,0,1,3.1,0,4,2,0,0,0,15.93
pcb-d-aprs-preroute.kicad_pcb,pcb-d-aprs-7,e208505bce1a,8,0,2,0,0,0,0,0,11,2,0,0,0,72.34
pcb-d-aprs-preroute.kicad_pcb,pcb-d-aprs-7,e208505bce1a,8,1,9,9,0,7,17.97,25.34,23,2,0,0,0,88.43
pcb-d-aprs-preroute.kicad_pcb,pcb-d-aprs-7,e208505bce1a,8,2,15,0,0,3,3.38,0,32,2,0,0,3,114.98
pcb-d-aprs-preroute.kicad_pcb,pcb-d-aprs-7,e208505bce1a,8,3,8,0,0,4,4.17,0,24,2,0,0,4,147.79
pcb-d-aprs-preroute.kicad_pcb,pcb-d-aprs-7,e208505bce1a,8,4,9,0,0,2,1.12,0,23,2,0,0,2,102.72
pcb-d-aprs-preroute.kicad_pcb,pcb-d-aprs-7,e208505bce1a,8,5,15,0,0,3,3.21,0,23,2,0,0,3,168.33
pcb-d-aprs-preroute.kicad_pcb,pcb-d-aprs-7,e208505bce1a,8,6,2,0,0,0,0,0,7,2,0,0,0,0
pcb-d-aprs-preroute.kicad_pcb,pcb-d-aprs-7,e208505bce1a,8,7,3,0,0,0,0,0,3,2,0,0,0,7.58
pcb-d-aprs-preroute.kicad_pcb,pcb-d-aprs-7,e208505bce1a,9,0,1,0,0,0,0,0,7,3,0,0,0,0
pcb-d-aprs-preroute.kicad_pcb,pcb-d-aprs-7,e208505bce1a,9,1,4,0,0,1,0,0,12,2,0,0,1,34.32
pcb-d-aprs-preroute.kicad_pcb,pcb-d-aprs-7,e208505bce1a,9,2,6,0,0,0,0,0,15,2,0,0,0,61.08
pcb-d-aprs-preroute.kicad_pcb,pcb-d-aprs-7,e208505bce1a,9,3,4,0,0,1,0.96,0,14,2,0,0,0,38.13
pcb-d-aprs-preroute.kicad_pcb,pcb-d-aprs-7,e208505bce1a,9,4,2,0,0,0,0,0,12,2,0,0,0,26.15
pcb-d-aprs-preroute.kicad_pcb,pcb-d-aprs-7,e208505bce1a,9,5,6,0,0,0,0,0,12,2,0,0,0,14.88
pcb-d-aprs-preroute.kicad_pcb,pcb-d-aprs-7,e208505bce1a,9,6,2,0,0,0,0,0,5,2,0,0,0,6.14
pcb-d-aprs-preroute.kicad_pcb,pcb-d-aprs-7,e208505bce1a,9,7,1,0,0,0,0,0,1,3,0,0,0,0
pcb-d-aprs-preroute.kicad_pcb,pcb-d-aprs-10,ded7c31fbbe5,0,0,1,0,0,0,0,0,9,3,0,0,0,0
pcb-d-aprs-preroute.kicad_pcb,pcb-d-aprs-10,ded7c31fbbe5,0,1,0,0,0,0,0,0,11,2,0,0,0,15.86
pcb-d-aprs-preroute.kicad_pcb,pcb-d-aprs-10,ded7c31fbbe5,0,2,6,0,0,0,0,0,12,2,0,0,0,53.2
pcb-d-aprs-preroute.kicad_pcb,pcb-d-aprs-10,ded7c31fbbe5,0,3,8,0,0,0,0,0,13,2,0,0,0,53.04
pcb-d-aprs-preroute.kicad_pcb,pcb-d-aprs-10,ded7c31fbbe5,0,4,2,0,0,0,0,0,12,2,0,0,0,1.57
pcb-d-aprs-preroute.kicad_pcb,pcb-d-aprs-10,ded7c31fbbe5,0,5,2,0,0,0,0,0,7,2,0,0,0,58.48
pcb-d-aprs-preroute.kicad_pcb,pcb-d-aprs-10,ded7c31fbbe5,0,6,4,0,0,2,2.25,0,5,2,0,0,1,2.39
pcb-d-aprs-preroute.kicad_pcb,pcb-d-aprs-10,ded7c31fbbe5,0,7,1,0,0,0,0,0,1,3,0,0,0,0
pcb-d-aprs-preroute.kicad_pcb,pcb-d-aprs-10,ded7c31fbbe5,1,0,8,0,0,2,3.27,0,21,2,0,0,2,117.2
pcb-d-aprs-preroute.kicad_pcb,pcb-d-aprs-10,ded7c31fbbe5,1,1,16,0,0,4,6.51,0,25,2,0,0,3,92.11
pcb-d-aprs-preroute.kicad_pcb,pcb-d-aprs-10,ded7c31fbbe5,1,2,0,0,0,0,0,0,26,2,0,0,2,23.15
pcb-d-aprs-preroute.kicad_pcb,pcb-d-aprs-10,ded7c31fbbe5,1,3,0,0,0,0,0,0,26,2,0,0,0,101.9
pcb-d-aprs-preroute.kicad_pcb,pcb-d-aprs-10,ded7c31fbbe5,1,4,7,7,0,7,14.91,0,27,2,0,0,0,142.68
pcb-d-aprs-preroute.kicad_pcb,pcb-d-aprs-10,ded7c31fbbe5,1,5,13,5,0,7,12.21,0,19,2,0,0,2,63.34
pcb-d-aprs-preroute.kicad_pcb,pcb-d-aprs-10,ded7c31fbbe5,1,6,4,0,0,0,1.12,0,8,2,0,0,0,32.66
pcb-d-aprs-preroute.kicad_pcb,pcb-d-aprs-10,ded7c31fbbe5,1,7,3,0,0,0,0,0,2,2,0,0,0,0
pcb-d-aprs-preroute.kicad_pcb,pcb-d-aprs-10,ded7c31fbbe5,2,0,7,0,0,3,4.95,0,28,2,0,0,5,111.68
pcb-d-aprs-preroute.kicad_pcb,pcb-d-aprs-10,ded7c31fbbe5,2,1,9,0,0,4,4.25,0,33,2,0,0,4,105.34
pcb-d-aprs-preroute.kicad_pcb,pcb-d-aprs-10,ded7c31fbbe5,2,2,2,0,0,0,0,0,34,2,0,0,1,10.39
pcb-d-aprs-preroute.kicad_pcb,pcb-d-aprs-10,ded7c31fbbe5,2,3,0,0,0,0,0,0,33,2,0,0,1,98.72
pcb-d-aprs-preroute.kicad_pcb,pcb-d-aprs-10,ded7c31fbbe5,2,4,15,7,0,8,16.95,0,36,2,0,0,3,177.07
pcb-d-aprs-preroute.kicad_pcb,pcb-d-aprs-10,ded7c31fbbe5,2,5,16,5,0,8,12.72,0,26,2,0,0,6,212.32
pcb-d-aprs-preroute.kicad_pcb,pcb-d-aprs-10,ded7c31fbbe5,2,6,0,0,0,1,0,0,10,2,0,0,1,49.85
pcb-d-aprs-preroute.kicad_pcb,pcb-d-aprs-10,ded7c31fbbe5,2,7,5,0,0,1,1.39,0,5,2,0,0,2,24.69
pcb-d-aprs-preroute.kicad_pcb,pcb-d-aprs-10,ded7c31fbbe5,3,0,17,0,0,0,0,0,27,2,0,0,6,151.83
pcb-d-aprs-preroute.kicad_pcb,pcb-d-aprs-10,ded7c31fbbe5,3,1,13,0,0,0,0,0,32,2,0,0,6,213.7
pcb-d-aprs-preroute.kicad_pcb,pcb-d-aprs-10,ded7c31fbbe5,3,2,3,0,0,0,0,0,34,2,0,0,2,80.4
pcb-d-aprs-preroute.kicad_pcb,pcb-d-aprs-10,ded7c31fbbe5,3,3,0,0,0,0,0,0,30,2,0,0,3,228.62
pcb-d-aprs-preroute.kicad_pcb,pcb-d-aprs-10,ded7c31fbbe5,3,4,23,0,0,4,6.24,0,36,2,0,0,5,119.86
pcb-d-aprs-preroute.kicad_pcb,pcb-d-aprs-10,ded7c31fbbe5,3,5,10,0,0,3,3.64,0,25,2,0,0,5,108.66
pcb-d-aprs-preroute.kicad_pcb,pcb-d-aprs-10,ded7c31fbbe5,3,6,8,0,0,0,0,0,14,2,0,0,2,80.08
pcb-d-aprs-preroute.kicad_pcb,pcb-d-aprs-10,ded7c31fbbe5,3,7,4,0,0,1,1.12,0,6,2,0,0,0,10.22
pcb-d-aprs-preroute.kicad_pcb,pcb-d-aprs-10,ded7c31fbbe5,4,0,14,0,0,0,0,0,22,2,0,0,6,111.58
pcb-d-aprs-preroute.kicad_pcb,pcb-d-aprs-10,ded7c31fbbe5,4,1,8,0,0,0,0,0,26,2,0,0,8,97.43
pcb-d-aprs-preroute.kicad_pcb,pcb-d-aprs-10,ded7c31fbbe5,4,2,2,0,0,0,0,0,27,2,0,0,1,26.12
pcb-d-aprs-preroute.kicad_pcb,pcb-d-aprs-10,ded7c31fbbe5,4,3,0,0,0,0,0,0,23,2,0,0,2,28.11
pcb-d-aprs-preroute.kicad_pcb,pcb-d-aprs-10,ded7c31fbbe5,4,4,7,0,0,2,1.12,0,26,2,0,0,2,31.17
pcb-d-aprs-preroute.kicad_pcb,pcb-d-aprs-10,ded7c31fbbe5,4,5,3,0,0,0,0,0,19,2,0,0,1,35.61
pcb-d-aprs-preroute.kicad_pcb,pcb-d-aprs-10,ded7c31fbbe5,4,6,2,0,0,0,0,0,10,2,0,0,0,30.74
pcb-d-aprs-preroute.kicad_pcb,pcb-d-aprs-10,ded7c31fbbe5,4,7,2,0,0,0,1.98,0,4,2,0,0,0,8.3
pcb-d-aprs-preroute.kicad_pcb,pcb-d-aprs-10,ded7c31fbbe5,5,0,4,0,0,0,0,0,19,2,0,0,3,199.99
pcb-d-aprs-preroute.kicad_pcb,pcb-d-aprs-10,ded7c31fbbe5,5,1,13,13,0,7,12.8,0,28,2,0,0,3,136.45
pcb-d-aprs-preroute.kicad_pcb,pcb-d-aprs-10,ded7c31fbbe5,5,2,18,3,0,5,10.0,0,38,2,0,0,8,119.7
pcb-d-aprs-preroute.kicad_pcb,pcb-d-aprs-10,ded7c31fbbe5,5,3,17,0,0,5,7.55,0,27,2,0,0,3,95.51
pcb-d-aprs-preroute.kicad_pcb,pcb-d-aprs-10,ded7c31fbbe5,5,4,7,4,0,4,8.25,0,26,2,0,0,3,79.47
pcb-d-aprs-preroute.kicad_pcb,pcb-d-aprs-10,ded7c31fbbe5,5,5,14,0,0,3,3.62,0,20,2,0,0,4,133.43
pcb-d-aprs-preroute.kicad_pcb,pcb-d-aprs-10,ded7c31fbbe5,5,6,4,0,0,0,1.75,0,8,2,0,0,0,16.34
pcb-d-aprs-preroute.kicad_pcb,pcb-d-aprs-10,ded7c31fbbe5,5,7,1,0,0,1,1.75,0,4,2,0,0,0,31.31
pcb-d-aprs-preroute.kicad_pcb,pcb-d-aprs-10,ded7c31fbbe5,6,0,4,0,0,0,0,0,17,2,0,0,1,33.22
pcb-d-aprs-preroute.kicad_pcb,pcb-d-aprs-10,ded7c31fbbe5,6,1,18,18,0,9,7.36,0,28,2,0,0,8,134.75
pcb-d-aprs-preroute.kicad_pcb,pcb-d-aprs-10,ded7c31fbbe5,6,2,25,4,0,4,11.65,0,44,2,0,0,9,168.64
pcb-d-aprs-preroute.kicad_pcb,pcb-d-aprs-10,ded7c31fbbe5,6,3,18,0,0,4,4.5,0,35,2,0,0,8,234.75
pcb-d-aprs-preroute.kicad_pcb,pcb-d-aprs-10,ded7c31fbbe5,6,4,25,4,0,6,13.68,0,38,2,0,0,7,121.42
pcb-d-aprs-preroute.kicad_pcb,pcb-d-aprs-10,ded7c31fbbe5,6,5,25,0,0,9,10.74,0,32,2,0,0,3,132.56
pcb-d-aprs-preroute.kicad_pcb,pcb-d-aprs-10,ded7c31fbbe5,6,6,2,0,0,1,0,0,8,2,0,0,1,3.43
pcb-d-aprs-preroute.kicad_pcb,pcb-d-aprs-10,ded7c31fbbe5,6,7,2,0,0,3,1.55,0,5,2,0,0,0,4.72
pcb-d-aprs-preroute.kicad_pcb,pcb-d-aprs-10,ded7c31fbbe5,7,0,6,0,0,0,0,0,14,2,0,0,3,68.07
pcb-d-aprs-preroute.kicad_pcb,pcb-d-aprs-10,ded7c31fbbe5,7,1,27,27,1,12,31.69,6.67,33,2,0,0,1,154.95
pcb-d-aprs-preroute.kicad_pcb,pcb-d-aprs-10,ded7c31fbbe5,7,2,13,0,0,8,4.82,0,45,2,0,0,5,105.91
pcb-d-aprs-preroute.kicad_pcb,pcb-d-aprs-10,ded7c31fbbe5,7,3,8,0,0,6,4.5,0,33,2,0,0,2,80.11
pcb-d-aprs-preroute.kicad_pcb,pcb-d-aprs-10,ded7c31fbbe5,7,4,24,0,0,6,19.95,0,33,2,0,0,7,119.01
pcb-d-aprs-preroute.kicad_pcb,pcb-d-aprs-10,ded7c31fbbe5,7,5,18,0,0,3,2.08,0,35,2,0,0,10,154.87
pcb-d-aprs-preroute.kicad_pcb,pcb-d-aprs-10,ded7c31fbbe5,7,6,2,0,0,0,0,0,9,2,0,0,1,30.96
pcb-d-aprs-preroute.kicad_pcb,pcb-d-aprs-10,ded7c31fbbe5,7,7,4,0,0,1,3.1,0,5,2,0,0,0,26.97
pcb-d-aprs-preroute.kicad_pcb,pcb-d-aprs-10,ded7c31fbbe5,8,0,2,0,0,0,0,0,11,2,0,0,0,68.86
pcb-d-aprs-preroute.kicad_pcb,pcb-d-aprs-10,ded7c31fbbe5,8,1,9,9,0,7,17.97,25.34,23,2,0,0,1,106.17
pcb-d-aprs-preroute.kicad_pcb,pcb-d-aprs-10,ded7c31fbbe5,8,2,15,0,0,3,3.83,0,32,2,0,0,2,93.48
pcb-d-aprs-preroute.kicad_pcb,pcb-d-aprs-10,ded7c31fbbe5,8,3,8,0,0,4,4.17,0,24,2,0,0,3,118.13
pcb-d-aprs-preroute.kicad_pcb,pcb-d-aprs-10,ded7c31fbbe5,8,4,9,0,0,2,1.12,0,22,2,0,0,3,110.64
pcb-d-aprs-preroute.kicad_pcb,pcb-d-aprs-10,ded7c31fbbe5,8,5,15,0,0,3,4.76,0,22,2,0,0,3,115.1
pcb-d-aprs-preroute.kicad_pcb,pcb-d-aprs-10,ded7c31fbbe5,8,6,2,0,0,0,0,0,7,2,0,0,0,3.83
pcb-d-aprs-preroute.kicad_pcb,pcb-d-aprs-10,ded7c31fbbe5,8,7,3,0,0,0,0,0,3,2,0,0,0,8.9
pcb-d-aprs-preroute.kicad_pcb,pcb-d-aprs-10,ded7c31fbbe5,9,0,1,0,0,0,0,0,7,3,0,0,0,0
pcb-d-aprs-preroute.kicad_pcb,pcb-d-aprs-10,ded7c31fbbe5,9,1,4,0,0,1,0,0,13,2,0,0,0,37.59
pcb-d-aprs-preroute.kicad_pcb,pcb-d-aprs-10,ded7c31fbbe5,9,2,6,0,0,0,0,0,15,2,0,0,0,49.8
pcb-d-aprs-preroute.kicad_pcb,pcb-d-aprs-10,ded7c31fbbe5,9,3,4,0,0,1,0.96,0,14,2,0,0,0,17.2
pcb-d-aprs-preroute.kicad_pcb,pcb-d-aprs-10,ded7c31fbbe5,9,4,2,0,0,0,0,0,11,2,0,0,0,48.16
pcb-d-aprs-preroute.kicad_pcb,pcb-d-aprs-10,ded7c31fbbe5,9,5,6,0,0,0,0,0,11,2,0,0,0,63.71
pcb-d-aprs-preroute.kicad_pcb,pcb-d-aprs-10,ded7c31fbbe5,9,6,2,0,0,0,0,0,5,2,0,0,0,0
pcb-d-aprs-preroute.kicad_pcb,pcb-d-aprs-10,ded7c31fbbe5,9,7,1,0,0,0,0,0,1,3,0,0,0,0
pcb-d-aprs-preroute.kicad_pcb,pcb-d-aprs-11,9623df755318,0,0,1,0,0,0,0,0,9,3,0,0,0,41.32
pcb-d-aprs-preroute.kicad_pcb,pcb-d-aprs-11,9623df755318,0,1,0,0,0,0,0,0,11,2,0,0,1,46.96
pcb-d-aprs-preroute.kicad_pcb,pcb-d-aprs-11,9623df755318,0,2,6,0,0,0,0,0,12,2,0,0,0,16.48
pcb-d-aprs-preroute.kicad_pcb,pcb-d-aprs-11,9623df755318,0,3,8,0,0,0,0,0,13,2,0,0,0,64.38
pcb-d-aprs-preroute.kicad_pcb,pcb-d-aprs-11,9623df755318,0,4,2,0,0,0,0,0,12,2,0,0,0,25.56
pcb-d-aprs-preroute.kicad_pcb,pcb-d-aprs-11,9623df755318,0,5,2,0,0,0,0,0,7,2,0,0,0,12.83
pcb-d-aprs-preroute.kicad_pcb,pcb-d-aprs-11,9623df755318,0,6,4,0,0,2,2.25,0,5,2,0,0,0,42.8
pcb-d-aprs-preroute.kicad_pcb,pcb-d-aprs-11,9623df755318,0,7,1,0,0,0,0,0,1,3,0,0,0,0
pcb-d-aprs-preroute.kicad_pcb,pcb-d-aprs-11,9623df755318,1,0,8,0,0,1,3.72,0,19,2,0,0,4,65.0
pcb-d-aprs-preroute.kicad_pcb,pcb-d-aprs-11,9623df755318,1,1,14,0,0,6,5.39,0,25,2,0,0,3,77.19
pcb-d-aprs-preroute.kicad_pcb,pcb-d-aprs-11,9623df755318,1,2,0,0,0,0,0,0,26,2,0,0,1,159.05
pcb-d-aprs-preroute.kicad_pcb,pcb-d-aprs-11,9623df755318,1,3,0,0,0,0,0,0,26,2,0,0,2,74.6
pcb-d-aprs-preroute.kicad_pcb,pcb-d-aprs-11,9623df755318,1,4,7,7,0,7,14.91,0,27,2,0,0,1,51.57
pcb-d-aprs-preroute.kicad_pcb,pcb-d-aprs-11,9623df755318,1,5,13,5,0,7,12.21,0,19,2,0,0,2,183.22
pcb-d-aprs-preroute.kicad_pcb,pcb-d-aprs-11,9623df755318,1,6,3,0,0,0,0,0,8,2,0,0,0,28.89
pcb-d-aprs-preroute.kicad_pcb,pcb-d-aprs-11,9623df755318,1,7,3,0,0,0,0,0,2,2,0,0,0,6.5
pcb-d-aprs-preroute.kicad_pcb,pcb-d-aprs-11,9623df755318,2,0,7,0,0,3,6.05,0,26,2,0,0,6,160.22
pcb-d-aprs-preroute.kicad_pcb,pcb-d-aprs-11,9623df755318,2,1,11,0,0,4,8.75,0,33,2,0,0,5,201.67
pcb-d-aprs-preroute.kicad_pcb,pcb-d-aprs-11,9623df755318,2,2,2,0,0,0,0,0,34,2,0,0,2,46.29
pcb-d-aprs-preroute.kicad_pcb,pcb-d-aprs-11,9623df755318,2,3,0,0,0,0,0,0,33,2,0,0,0,174.13
pcb-d-aprs-preroute.kicad_pcb,pcb-d-aprs-11,9623df755318,2,4,15,7,0,8,16.95,0,36,2,0,0,5,198.41
pcb-d-aprs-preroute.kicad_pcb,pcb-d-aprs-11,9623df755318,2,5,16,5,0,8,12.72,0,26,2,0,0,5,137.84
pcb-d-aprs-preroute.kicad_pcb,pcb-d-aprs-11,9623df755318,2,6,1,0,0,1,1.12,0,10,2,0,0,2,21.98
pcb-d-aprs-preroute.kicad_pcb,pcb-d-aprs-11,9623df755318,2,7,5,0,0,1,1.39,0,5,2,0,0,0,10.69
pcb-d-aprs-preroute.kicad_pcb,pcb-d-aprs-11,9623df755318,3,0,18,0,0,0,0,0,25,2,0,0,8,137.16
pcb-d-aprs-preroute.kicad_pcb,pcb-d-aprs-11,9623df755318,3,1,12,0,0,0,0,0,32,2,0,0,8,113.7
pcb-d-aprs-preroute.kicad_pcb,pcb-d-aprs-11,9623df755318,3,2,3,0,0,0,0,0,34,2,0,0,2,135.95
pcb-d-aprs-preroute.kicad_pcb,pcb-d-aprs-11,9623df755318,3,3,0,0,0,0,0,0,30,2,0,0,1,110.08
pcb-d-aprs-preroute.kicad_pcb,pcb-d-aprs-11,9623df755318,3,4,23,0,0,5,8.91,0,36,2,0,0,5,131.25
pcb-d-aprs-preroute.kicad_pcb,pcb-d-aprs-11,9623df755318,3,5,11,0,0,2,3.64,0,25,2,0,0,6,80.92
pcb-d-aprs-preroute.kicad_pcb,pcb-d-aprs-11,9623df755318,3,6,8,0,0,0,0,0,14,2,0,0,4,83.78
pcb-d-aprs-preroute.kicad_pcb,pcb-d-aprs-11,9623df755318,3,7,4,0,0,1,1.12,0,7,2,0,0,1,22.39
pcb-d-aprs-preroute.kicad_pcb,pcb-d-aprs-11,9623df755318,4,0,11,0,0,0,0,0,20,2,0,0,5,136.18
pcb-d-aprs-preroute.kicad_pcb,pcb-d-aprs-11,9623df755318,4,1,10,0,0,0,0,0,26,2,0,0,4,145.66
pcb-d-aprs-preroute.kicad_pcb,pcb-d-aprs-11,9623df755318,4,2,2,0,0,0,0,0,27,2,0,0,2,41.35
pcb-d-aprs-preroute.kicad_pcb,pcb-d-aprs-11,9623df755318,4,3,0,0,0,0,0,0,23,2,0,0,2,55.39
pcb-d-aprs-preroute.kicad_pcb,pcb-d-aprs-11,9623df755318,4,4,7,0,0,2,1.12,0,26,2,0,0,2,82.65
pcb-d-aprs-preroute.kicad_pcb,pcb-d-aprs-11,9623df755318,4,5,2,0,0,0,0,0,19,2,0,0,0,32.93
pcb-d-aprs-preroute.kicad_pcb,pcb-d-aprs-11,9623df755318,4,6,1,0,0,0,0,0,10,2,0,0,0,12.29
pcb-d-aprs-preroute.kicad_pcb,pcb-d-aprs-11,9623df755318,4,7,2,0,0,1,1.98,0,5,2,0,0,0,15.71
pcb-d-aprs-preroute.kicad_pcb,pcb-d-aprs-11,9623df755318,5,0,4,0,0,0,0,0,19,2,0,0,3,77.82
pcb-d-aprs-preroute.kicad_pcb,pcb-d-aprs-11,9623df755318,5,1,14,13,0,7,12.8,0,29,2,0,0,4,132.25
pcb-d-aprs-preroute.kicad_pcb,pcb-d-aprs-11,9623df755318,5,2,18,3,0,4,6.37,0,39,2,0,0,6,193.58
pcb-d-aprs-preroute.kicad_pcb,pcb-d-aprs-11,9623df755318,5,3,17,0,0,5,7.55,0,28,2,0,0,5,98.08
pcb-d-aprs-preroute.kicad_pcb,pcb-d-aprs-11,9623df755318,5,4,7,4,0,4,8.25,0,30,2,0,0,0,48.08
pcb-d-aprs-preroute.kicad_pcb,pcb-d-aprs-11,9623df755318,5,5,15,0,0,3,3.63,0,24,2,0,0,2,136.79
pcb-d-aprs-preroute.kicad_pcb,pcb-d-aprs-11,9623df755318,5,6,4,0,0,0,1.75,0,9,2,0,0,0,6.72
pcb-d-aprs-preroute.kicad_pcb,pcb-d-aprs-11,9623df755318,5,7,2,0,0,0,1.75,0,4,2,0,0,0,0.29
pcb-d-aprs-preroute.kicad_pcb,pcb-d-aprs-11,9623df755318,6,0,4,0,0,0,0,0,17,2,0,0,1,60.01
pcb-d-aprs-preroute.kicad_pcb,pcb-d-aprs-11,9623df755318,6,1,18,18,0,9,7.36,1.99,28,2,0,0,3,100.27
pcb-d-aprs-preroute.kicad_pcb,pcb-d-aprs-11,9623df755318,6,2,25,4,0,5,11.65,0,44,2,0,0,10,142.66
pcb-d-aprs-preroute.kicad_pcb,pcb-d-aprs-11,9623df755318,6,3,18,0,0,3,4.5,0,35,2,0,0,6,175.47
pcb-d-aprs-preroute.kicad_pcb,pcb-d-aprs-11,9623df755318,6,4,25,4,0,6,13.68,0,38,2,0,0,12,147.88
pcb-d-aprs-preroute.kicad_pcb,pcb-d-aprs-11,9623df755318,6,5,24,0,0,9,11.84,0,32,2,0,0,6,172.52
pcb-d-aprs-preroute.kicad_pcb,pcb-d-aprs-11,9623df755318,6,6,2,0,0,1,0,0,7,2,0,0,0,15.37
pcb-d-aprs-preroute.kicad_pcb,pcb-d-aprs-11,9623df755318,6,7,2,0,0,3,1.55,0,4,2,0,0,0,21.8
pcb-d-aprs-preroute.kicad_pcb,pcb-d-aprs-11,9623df755318,7,0,6,0,0,0,0,0,14,2,0,0,2,36.67
pcb-d-aprs-preroute.kicad_pcb,pcb-d-aprs-11,9623df755318,7,1,27,27,1,12,31.69,6.67,33,2,0,0,1,143.88
pcb-d-aprs-preroute.kicad_pcb,pcb-d-aprs-11,9623df755318,7,2,13,0,0,8,3.87,0,45,2,0,0,3,130.04
pcb-d-aprs-preroute.kicad_pcb,pcb-d-aprs-11,9623df755318,7,3,8,0,0,6,4.5,0,33,2,0,0,6,59.71
pcb-d-aprs-preroute.kicad_pcb,pcb-d-aprs-11,9623df755318,7,4,24,0,0,7,21.75,0,33,2,0,0,4,88.46
pcb-d-aprs-preroute.kicad_pcb,pcb-d-aprs-11,9623df755318,7,5,18,0,0,2,2.08,0,35,2,0,0,9,165.1
pcb-d-aprs-preroute.kicad_pcb,pcb-d-aprs-11,9623df755318,7,6,2,0,0,0,0,0,8,2,0,0,0,7.97
pcb-d-aprs-preroute.kicad_pcb,pcb-d-aprs-11,9623df755318,7,7,4,0,0,1,3.1,0,4,2,0,0,0,20.58
pcb-d-aprs-preroute.kicad_pcb,pcb-d-aprs-11,9623df755318,8,0,2,0,0,0,0,0,11,2,0,0,0,83.86
pcb-d-aprs-preroute.kicad_pcb,pcb-d-aprs-11,9623df755318,8,1,9,9,0,7,17.97,25.34,23,2,0,0,1,96.88
pcb-d-aprs-preroute.kicad_pcb,pcb-d-aprs-11,9623df755318,8,2,14,0,0,3,4.33,0,32,2,0,0,5,107.98
pcb-d-aprs-preroute.kicad_pcb,pcb-d-aprs-11,9623df755318,8,3,8,0,0,4,4.17,0,24,2,0,0,2,137.4
pcb-d-aprs-preroute.kicad_pcb,pcb-d-aprs-11,9623df755318,8,4,9,0,0,2,1.12,0,22,2,0,0,6,99.44
pcb-d-aprs-preroute.kicad_pcb,pcb-d-aprs-11,9623df755318,8,5,15,0,0,3,5.21,0,22,2,0,0,5,96.49
pcb-d-aprs-preroute.kicad_pcb,pcb-d-aprs-11,9623df755318,8,6,2,0,0,0,0,0,7,2,0,0,0,0
pcb-d-aprs-preroute.kicad_pcb,pcb-d-aprs-11,9623df755318,8,7,3,0,0,0,0,0,3,2,0,0,0,6.43
pcb-d-aprs-preroute.kicad_pcb,pcb-d-aprs-11,9623df755318,9,0,1,0,0,0,0,0,7,3,0,0,0,0
pcb-d-aprs-preroute.kicad_pcb,pcb-d-aprs-11,9623df755318,9,1,4,0,0,1,0,0,13,2,0,0,0,50.15
pcb-d-aprs-preroute.kicad_pcb,pcb-d-aprs-11,9623df755318,9,2,7,0,0,0,0,0,16,2,0,0,0,59.08
pcb-d-aprs-preroute.kicad_pcb,pcb-d-aprs-11,9623df755318,9,3,4,0,0,1,0.96,0,14,2,0,0,0,5.23
pcb-d-aprs-preroute.kicad_pcb,pcb-d-aprs-11,9623df755318,9,4,2,0,0,0,0,0,11,2,0,0,0,31.93
pcb-d-aprs-preroute.kicad_pcb,pcb-d-aprs-11,9623df755318,9,5,6,0,0,0,0,0,11,2,0,0,0,91.71
pcb-d-aprs-preroute.kicad_pcb,pcb-d-aprs-11,9623df755318,9,6,2,0,0,0,0,0,5,2,0,0,0,7.35
pcb-d-aprs-preroute.kicad_pcb,pcb-d-aprs-11,9623df755318,9,7,1,0,0,0,0,0,1,3,0,0,0,0
pcb-d-aprs-preroute.kicad_pcb,pcb-d-aprs-13,6002df461acc,0,0,1,0,0,0,0,0,9,3,0,0,0,0
pcb-d-aprs-preroute.kicad_pcb,pcb-d-aprs-13,6002df461acc,0,1,0,0,0,0,0,0,11,2,0,0,0,60.61
pcb-d-aprs-preroute.kicad_pcb,pcb-d-aprs-13,6002df461acc,0,2,6,0,0,0,0,0,12,2,0,0,0,39.35
pcb-d-aprs-preroute.kicad_pcb,pcb-d-aprs-13,6002df461acc,0,3,8,0,0,0,0,0,13,2,0,0,0,47.43
pcb-d-aprs-preroute.kicad_pcb,pcb-d-aprs-13,6002df461acc,0,4,2,0,0,0,0,0,12,2,0,0,1,11.99
pcb-d-aprs-preroute.kicad_pcb,pcb-d-aprs-13,6002df461acc,0,5,2,0,0,0,0,0,7,2,0,0,1,69.67
pcb-d-aprs-preroute.kicad_pcb,pcb-d-aprs-13,6002df461acc,0,6,4,0,0,2,2.25,0,5,2,0,0,0,35.35
pcb-d-aprs-preroute.kicad_pcb,pcb-d-aprs-13,6002df461acc,0,7,1,0,0,0,0,0,1,3,0,0,0,0
pcb-d-aprs-preroute.kicad_pcb,pcb-d-aprs-13,6002df461acc,1,0,8,0,0,2,3.27,0,20,2,0,0,3,118.46
pcb-d-aprs-preroute.kicad_pcb,pcb-d-aprs-13,6002df461acc,1,1,16,0,0,3,6.51,0,25,2,0,0,5,88.18
pcb-d-aprs-preroute.kicad_pcb,pcb-d-aprs-13,6002df461acc,1,2,0,0,0,0,0,0,26,2,0,0,1,65.0
pcb-d-aprs-preroute.kicad_pcb,pcb-d-aprs-13,6002df461acc,1,3,0,0,0,0,0,0,26,2,0,0,1,102.43
pcb-d-aprs-preroute.kicad_pcb,pcb-d-aprs-13,6002df461acc,1,4,7,7,0,7,14.91,0,27,2,0,0,1,61.94
pcb-d-aprs-preroute.kicad_pcb,pcb-d-aprs-13,6002df461acc,1,5,13,5,0,7,12.21,0,19,2,0,0,1,54.17
pcb-d-aprs-preroute.kicad_pcb,pcb-d-aprs-13,6002df461acc,1,6,4,0,0,0,1.12,0,8,2,0,0,1,27.68
pcb-d-aprs-preroute.kicad_pcb,pcb-d-aprs-13,6002df461acc,1,7,3,0,0,0,0,0,2,2,0,0,0,0
pcb-d-aprs-preroute.kicad_pcb,pcb-d-aprs-13,6002df461acc,2,0,7,0,0,2,6.05,0,27,2,0,0,8,186.47
pcb-d-aprs-preroute.kicad_pcb,pcb-d-aprs-13,6002df461acc,2,1,9,0,0,5,4.25,0,33,2,0,0,6,201.85
pcb-d-aprs-preroute.kicad_pcb,pcb-d-aprs-13,6002df461acc,2,2,2,0,0,0,0,0,34,2,0,0,2,154.01
pcb-d-aprs-preroute.kicad_pcb,pcb-d-aprs-13,6002df461acc,2,3,0,0,0,0,0,0,33,2,0,0,1,29.6
pcb-d-aprs-preroute.kicad_pcb,pcb-d-aprs-13,6002df461acc,2,4,15,7,0,8,16.95,0,36,2,0,0,3,230.69
pcb-d-aprs-preroute.kicad_pcb,pcb-d-aprs-13,6002df461acc,2,5,16,5,0,8,12.72,0,26,2,0,0,6,185.22
pcb-d-aprs-preroute.kicad_pcb,pcb-d-aprs-13,6002df461acc,2,6,0,0,0,1,0,0,10,2,0,0,2,9.86
pcb-d-aprs-preroute.kicad_pcb,pcb-d-aprs-13,6002df461acc,2,7,5,0,0,1,1.39,0,5,2,0,0,2,48.36
pcb-d-aprs-preroute.kicad_pcb,pcb-d-aprs-13,6002df461acc,3,0,19,0,0,0,0,0,26,2,0,0,11,141.57
pcb-d-aprs-preroute.kicad_pcb,pcb-d-aprs-13,6002df461acc,3,1,11,0,0,0,0,0,32,2,0,0,9,138.68
pcb-d-aprs-preroute.kicad_pcb,pcb-d-aprs-13,6002df461acc,3,2,3,0,0,0,0,0,34,2,0,0,1,28.89
pcb-d-aprs-preroute.kicad_pcb,pcb-d-aprs-13,6002df461acc,3,3,0,0,0,0,0,0,30,2,0,0,0,62.31
pcb-d-aprs-preroute.kicad_pcb,pcb-d-aprs-13,6002df461acc,3,4,22,0,0,5,10.92,0,36,2,0,0,3,135.78
pcb-d-aprs-preroute.kicad_pcb,pcb-d-aprs-13,6002df461acc,3,5,11,0,0,3,3.64,0,25,2,0,0,6,112.03
pcb-d-aprs-preroute.kicad_pcb,pcb-d-aprs-13,6002df461acc,3,6,8,0,0,0,0,0,14,2,0,0,2,128.24
pcb-d-aprs-preroute.kicad_pcb,pcb-d-aprs-13,6002df461acc,3,7,4,0,0,1,1.12,0,7,2,0,0,0,17.42
pcb-d-aprs-preroute.kicad_pcb,pcb-d-aprs-13,6002df461acc,4,0,14,0,0,0,0,0,21,2,0,0,3,84.98
pcb-d-aprs-preroute.kicad_pcb,pcb-d-aprs-13,6002df461acc,4,1,8,0,0,0,0,0,26,2,0,0,3,126.6
pcb-d-aprs-preroute.kicad_pcb,pcb-d-aprs-13,6002df461acc,4,2,2,0,0,0,0,0,27,2,0,0,3,38.61
pcb-d-aprs-preroute.kicad_pcb,pcb-d-aprs-13,6002df461acc,4,3,0,0,0,0,0,0,23,2,0,0,2,58.82
pcb-d-aprs-preroute.kicad_pcb,pcb-d-aprs-13,6002df461acc,4,4,8,0,0,2,1.12,0,26,2,0,0,3,101.76
pcb-d-aprs-preroute.kicad_pcb,pcb-d-aprs-13,6002df461acc,4,5,2,0,0,0,0,0,19,2,0,0,0,28.54
pcb-d-aprs-preroute.kicad_pcb,pcb-d-aprs-13,6002df461acc,4,6,1,0,0,0,0,0,10,2,0,0,0,8.05
pcb-d-aprs-preroute.kicad_pcb,pcb-d-aprs-13,6002df461acc,4,7,2,0,0,1,1.98,0,5,2,0,0,0,12.4
pcb-d-aprs-preroute.kicad_pcb,pcb-d-aprs-13,6002df461acc,5,0,4,0,0,0,0,0,18,2,0,0,4,116.53
pcb-d-aprs-preroute.kicad_pcb,pcb-d-aprs-13,6002df461acc,5,1,13,13,0,7,12.8,0,28,2,0,0,2,93.54
pcb-d-aprs-preroute.kicad_pcb,pcb-d-aprs-13,6002df461acc,5,2,18,3,0,4,6.37,0,39,2,0,0,6,210.26
pcb-d-aprs-preroute.kicad_pcb,pcb-d-aprs-13,6002df461acc,5,3,17,0,0,5,7.55,0,28,2,0,0,1,79.09
pcb-d-aprs-preroute.kicad_pcb,pcb-d-aprs-13,6002df461acc,5,4,7,4,0,4,8.25,0,27,2,0,0,0,59.73
pcb-d-aprs-preroute.kicad_pcb,pcb-d-aprs-13,6002df461acc,5,5,14,0,0,2,2.5,0,21,2,0,0,6,172.89
pcb-d-aprs-preroute.kicad_pcb,pcb-d-aprs-13,6002df461acc,5,6,4,0,0,0,1.75,0,8,2,0,0,0,7.4
pcb-d-aprs-preroute.kicad_pcb,pcb-d-aprs-13,6002df461acc,5,7,2,0,0,0,1.75,0,4,2,0,0,0,13.16
pcb-d-aprs-preroute.kicad_pcb,pcb-d-aprs-13,6002df461acc,6,0,4,0,0,0,0,0,17,2,0,0,0,61.93
pcb-d-aprs-preroute.kicad_pcb,pcb-d-aprs-13,6002df461acc,6,1,18,18,0,9,7.36,3.39,28,2,0,0,2,94.07
pcb-d-aprs-preroute.kicad_pcb,pcb-d-aprs-13,6002df461acc,6,2,26,4,0,5,12.6,0,45,2,0,0,10,189.7
pcb-d-aprs-preroute.kicad_pcb,pcb-d-aprs-13,6002df461acc,6,3,18,0,0,3,4.5,0,36,2,0,0,9,172.57
pcb-d-aprs-preroute.kicad_pcb,pcb-d-aprs-13,6002df461acc,6,4,25,4,0,6,13.68,0,38,2,0,0,15,160.3
pcb-d-aprs-preroute.kicad_pcb,pcb-d-aprs-13,6002df461acc,6,5,25,0,0,9,10.29,0,32,2,0,0,3,117.15
pcb-d-aprs-preroute.kicad_pcb,pcb-d-aprs-13,6002df461acc,6,6,2,0,0,1,0,0,8,2,0,0,0,15.5
pcb-d-aprs-preroute.kicad_pcb,pcb-d-aprs-13,6002df461acc,6,7,2,0,0,3,1.55,0,5,2,0,0,0,1.45
pcb-d-aprs-preroute.kicad_pcb,pcb-d-aprs-13,6002df461acc,7,0,6,0,0,0,0,0,14,2,0,0,1,38.03
pcb-d-aprs-preroute.kicad_pcb,pcb-d-aprs-13,6002df461acc,7,1,27,27,1,12,31.69,6.67,33,2,0,0,1,128.21
pcb-d-aprs-preroute.kicad_pcb,pcb-d-aprs-13,6002df461acc,7,2,12,0,0,7,5.27,0,44,2,0,0,6,128.71
pcb-d-aprs-preroute.kicad_pcb,pcb-d-aprs-13,6002df461acc,7,3,8,0,0,6,4.5,0,33,2,0,0,6,139.09
pcb-d-aprs-preroute.kicad_pcb,pcb-d-aprs-13,6002df461acc,7,4,24,0,0,6,19.25,0,33,2,0,0,9,144.25
pcb-d-aprs-preroute.kicad_pcb,pcb-d-aprs-13,6002df461acc,7,5,18,0,0,3,0.96,0,35,2,0,0,12,157.84
pcb-d-aprs-preroute.kicad_pcb,pcb-d-aprs-13,6002df461acc,7,6,2,0,0,0,0,0,9,2,0,0,0,11.7
pcb-d-aprs-preroute.kicad_pcb,pcb-d-aprs-13,6002df461acc,7,7,4,0,0,1,3.1,0,5,2,0,0,0,24.45
pcb-d-aprs-preroute.kicad_pcb,pcb-d-aprs-13,6002df461acc,8,0,2,0,0,0,0,0,11,2,0,0,1,145.06
pcb-d-aprs-preroute.kicad_pcb,pcb-d-aprs-13,6002df461acc,8,1,9,9,0,7,17.97,25.34,23,2,0,0,1,88.44
pcb-d-aprs-preroute.kicad_pcb,pcb-d-aprs-13,6002df461acc,8,2,15,0,0,4,3.82,0,32,2,0,0,5,109.11
pcb-d-aprs-preroute.kicad_pcb,pcb-d-aprs-13,6002df461acc,8,3,8,0,0,4,4.17,0,24,2,0,0,3,91.26
pcb-d-aprs-preroute.kicad_pcb,pcb-d-aprs-13,6002df461acc,8,4,9,0,0,2,1.12,0,22,2,0,0,4,73.02
pcb-d-aprs-preroute.kicad_pcb,pcb-d-aprs-13,6002df461acc,8,5,15,0,0,3,3.21,0,22,2,0,0,6,138.61
pcb-d-aprs-preroute.kicad_pcb,pcb-d-aprs-13,6002df461acc,8,6,2,0,0,0,0,0,7,2,0,0,0,0
pcb-d-aprs-preroute.kicad_pcb,pcb-d-aprs-13,6002df461acc,8,7,3,0,0,0,0,0,3,2,0,0,0,11.09
pcb-d-aprs-preroute.kicad_pcb,pcb-d-aprs-13,6002df461acc,9,0,1,0,0,0,0,0,7,3,0,0,0,0
pcb-d-aprs-preroute.kicad_pcb,pcb-d-aprs-13,6002df461acc,9,1,4,0,0,1,0,0,13,2,0,0,0,74.87
pcb-d-aprs-preroute.kicad_pcb,pcb-d-aprs-13,6002df461acc,9,2,6,0,0,0,0,0,15,2,0,0,1,71.58
pcb-d-aprs-preroute.kicad_pcb,pcb-d-aprs-13,6002df461acc,9,3,4,0,0,1,0.96,0,14,2,0,0,1,42.16
pcb-d-aprs-preroute.kicad_pcb,pcb-d-aprs-13,6002df461acc,9,4,2,0,0,0,0,0,11,2,0,0,1,42.18
pcb-d-aprs-preroute.kicad_pcb,pcb-d-aprs-13,6002df461acc,9,5,6,0,0,0,0,0,11,2,0,0,0,35.5
pcb-d-aprs-preroute.kicad_pcb,pcb-d-aprs-13,6002df461acc,9,6,2,0,0,0,0,0,5,2,0,0,0,13.47
pcb-d-aprs-preroute.kicad_pcb,pcb-d-aprs-13,6002df461acc,9,7,1,0,0,0,0,0,1,3,0,0,0,0
pcb-d-aprs-preroute.kicad_pcb,pcb-d-aprs-15,98366cd7b587,0,0,1,0,0,0,0,0,9,3,0,0,0,0
pcb-d-aprs-preroute.kicad_pcb,pcb-d-aprs-15,98366cd7b587,0,2,6,0,0,0,0,0,12,2,0,0,0,143.2
pcb-d-aprs-preroute.kicad_pcb,pcb-d-aprs-15,98366cd7b587,0,3,8,0,0,0,0,0,13,2,0,0,0,57.7
pcb-d-aprs-preroute.kicad_pcb,pcb-d-aprs-15,98366cd7b587,0,4,2,0,0,0,0,0,12,2,0,0,0,55.39
pcb-d-aprs-preroute.kicad_pcb,pcb-d-aprs-15,98366cd7b587,0,5,2,0,0,0,0,0,7,2,0,0,1,10.24
pcb-d-aprs-preroute.kicad_pcb,pcb-d-aprs-15,98366cd7b587,0,6,4,0,0,2,2.25,0,5,2,0,0,1,17.72
pcb-d-aprs-preroute.kicad_pcb,pcb-d-aprs-15,98366cd7b587,0,7,1,0,0,0,0,0,1,3,0,0,0,0
pcb-d-aprs-preroute.kicad_pcb,pcb-d-aprs-15,98366cd7b587,1,0,8,0,0,2,4.83,0,20,2,1,0,2,51.2
pcb-d-aprs-preroute.kicad_pcb,pcb-d-aprs-15,98366cd7b587,1,1,13,0,0,4,5.39,0,25,2,0,0,3,88.65
pcb-d-aprs-preroute.kicad_pcb,pcb-d-aprs-15,98366cd7b587,1,2,0,0,0,0,0,0,26,2,0,0,0,65.2
pcb-d-aprs-preroute.kicad_pcb,pcb-d-aprs-15,98366cd7b587,1,3,0,0,0,0,0,0,26,2,0,0,0,16.97
pcb-d-aprs-preroute.kicad_pcb,pcb-d-aprs-15,98366cd7b587,1,4,7,7,0,7,14.91,0,27,2,0,12,2,123.26
pcb-d-aprs-preroute.kicad_pcb,pcb-d-aprs-15,98366cd7b587,1,5,13,5,0,7,12.21,0,19,2,0,0,4,91.26
pcb-d-aprs-preroute.kicad_pcb,pcb-d-aprs-15,98366cd7b587,1,6,3,0,0,0,0,0,8,2,0,0,0,28.2
pcb-d-aprs-preroute.kicad_pcb,pcb-d-aprs-15,98366cd7b587,1,7,3,0,0,0,0,0,2,2,0,0,0,0
pcb-d-aprs-preroute.kicad_pcb,pcb-d-aprs-15,98366cd7b587,2,0,7,0,0,3,7.7,0,27,2,0,0,0,47.41
pcb-d-aprs-preroute.kicad_pcb,pcb-d-aprs-15,98366cd7b587,2,1,12,0,0,4,5.38,0,33,2,0,0,8,129.84
pcb-d-aprs-preroute.kicad_pcb,pcb-d-aprs-15,98366cd7b587,2,2,2,0,0,0,0,0,34,2,0,0,1,182.49
pcb-d-aprs-preroute.kicad_pcb,pcb-d-aprs-15,98366cd7b587,2,3,0,0,0,0,0,0,33,2,0,0,1,120.82
pcb-d-aprs-preroute.kicad_pcb,pcb-d-aprs-15,98366cd7b587,2,4,15,7,0,8,16.95,0,36,2,0,0,6,250.45
pcb-d-aprs-preroute.kicad_pcb,pcb-d-aprs-15,98366cd7b587,2,5,16,5,0,9,12.72,0,26,2,0,0,4,168.32
pcb-d-aprs-preroute.kicad_pcb,pcb-d-aprs-15,98366cd7b587,2,6,1,0,0,1,1.12,0,10,2,0,0,0,18.87
pcb-d-aprs-preroute.kicad_pcb,pcb-d-aprs-15,98366cd7b587,2,7,5,0,0,1,1.39,0,5,2,0,0,1,12.01
pcb-d-aprs-preroute.kicad_pcb,pcb-d-aprs-15,98366cd7b587,3,0,14,0,0,0,0,0,26,2,0,0,7,97.55
pcb-d-aprs-preroute.kicad_pcb,pcb-d-aprs-15,98366cd7b587,3,1,16,0,0,0,0,0,32,2,0,0,10,187.32
pcb-d-aprs-preroute.kicad_pcb,pcb-d-aprs-15,98366cd7b587,3,2,3,0,0,0,0,0,34,2,0,0,3,140.63
pcb-d-aprs-preroute.kicad_pcb,pcb-d-aprs-15,98366cd7b587,3,3,0,0,0,0,0,0,30,2,0,0,3,72.89
pcb-d-aprs-preroute.kicad_pcb,pcb-d-aprs-15,98366cd7b587,3,4,22,0,0,2,6.94,0,36,2,0,0,2,152.33
pcb-d-aprs-preroute.kicad_pcb,pcb-d-aprs-15,98366cd7b587,3,5,10,0,0,4,3.64,0,25,2,0,0,8,106.23
pcb-d-aprs-preroute.kicad_pcb,pcb-d-aprs-15,98366cd7b587,3,6,8,0,0,0,0,0,14,2,1,0,2,93.24
pcb-d-aprs-preroute.kicad_pcb,pcb-d-aprs-15,98366cd7b587,3,7,4,0,0,1,1.12,0,6,2,0,0,1,10.63
pcb-d-aprs-preroute.kicad_pcb,pcb-d-aprs-15,98366cd7b587,4,0,11,0,0,0,0,0,20,2,0,0,5,68.95
pcb-d-aprs-preroute.kicad_pcb,pcb-d-aprs-15,98366cd7b587,4,1,11,0,0,0,0,0,26,2,0,0,4,136.65
pcb-d-aprs-preroute.kicad_pcb,pcb-d-aprs-15,98366cd7b587,4,2,2,0,0,0,0,0,27,2,0,0,2,64.47
pcb-d-aprs-preroute.kicad_pcb,pcb-d-aprs-15,98366cd7b587,4,3,0,0,0,0,0,0,23,2,0,0,0,32.59
pcb-d-aprs-preroute.kicad_pcb,pcb-d-aprs-15,98366cd7b587,4,4,8,0,0,2,1.12,0,26,2,0,0,2,149.33
pcb-d-aprs-preroute.kicad_pcb,pcb-d-aprs-15,98366cd7b587,4,5,3,0,0,0,0,0,19,2,0,0,1,27.47
pcb-d-aprs-preroute.kicad_pcb,pcb-d-aprs-15,98366cd7b587,4,6,2,0,0,0,0,0,10,2,0,0,0,0.55
pcb-d-aprs-preroute.kicad_pcb,pcb-d-aprs-15,98366cd7b587,4,7,2,0,0,0,1.98,0,4,2,0,0,0,7.26
pcb-d-aprs-preroute.kicad_pcb,pcb-d-aprs-15,98366cd7b587,5,0,4,0,0,0,0,0,18,2,0,0,3,99.71
pcb-d-aprs-preroute.kicad_pcb,pcb-d-aprs-15,98366cd7b587,5,1,13,13,0,7,12.8,0,28,2,0,0,3,190.22
pcb-d-aprs-preroute.kicad_pcb,pcb-d-aprs-15,98366cd7b587,5,2,18,3,0,4,6.37,0,38,2,0,0,5,142.11
pcb-d-aprs-preroute.kicad_pcb,pcb-d-aprs-15,98366cd7b587,5,3,17,0,0,5,7.55,0,27,2,0,0,2,49.37
pcb-d-aprs-preroute.kicad_pcb,pcb-d-aprs-15,98366cd7b587,5,4,7,4,0,4,8.25,0,26,2,0,0,2,60.83
pcb-d-aprs-preroute.kicad_pcb,pcb-d-aprs-15,98366cd7b587,5,5,14,0,0,3,5.87,0,20,2,0,0,4,100.63
pcb-d-aprs-preroute.kicad_pcb,pcb-d-aprs-15,98366cd7b587,5,6,4,0,0,0,1.75,0,8,2,0,0,0,9.51
pcb-d-aprs-preroute.kicad_pcb,pcb-d-aprs-15,98366cd7b587,5,7,1,0,0,1,1.75,0,4,2,0,0,0,1.07
pcb-d-aprs-preroute.kicad_pcb,pcb-d-aprs-15,98366cd7b587,6,0,4,0,0,0,0,0,17,2,0,0,0,72.12
pcb-d-aprs-preroute.kicad_pcb,pcb-d-aprs-15,98366cd7b587,6,1,18,18,0,9,7.36,0,28,2,0,0,2,82.82
pcb-d-aprs-preroute.kicad_pcb,pcb-d-aprs-15,98366cd7b587,6,2,26,4,0,5,11.65,0,45,2,0,0,9,163.99
pcb-d-aprs-preroute.kicad_pcb,pcb-d-aprs-15,98366cd7b587,6,3,18,0,0,3,4.5,0,35,2,0,0,6,121.13
pcb-d-aprs-preroute.kicad_pcb,pcb-d-aprs-15,98366cd7b587,6,4,25,4,0,6,13.68,0,38,2,0,0,11,172.42
pcb-d-aprs-preroute.kicad_pcb,pcb-d-aprs-15,98366cd7b587,6,5,25,0,0,9,7.79,0,32,2,0,0,5,157.4
pcb-d-aprs-preroute.kicad_pcb,pcb-d-aprs-15,98366cd7b587,6,6,2,0,0,1,0,0,7,2,0,0,0,8.44
pcb-d-aprs-preroute.kicad_pcb,pcb-d-aprs-15,98366cd7b587,6,7,2,0,0,3,1.55,0,4,2,0,0,0,35.76
pcb-d-aprs-preroute.kicad_pcb,pcb-d-aprs-15,98366cd7b587,7,0,6,0,0,0,0,0,14,2,0,0,3,50.48
pcb-d-aprs-preroute.kicad_pcb,pcb-d-aprs-15,98366cd7b587,7,1,27,27,1,12,31.69,6.67,33,2,0,0,0,113.39
pcb-d-aprs-preroute.kicad_pcb,pcb-d-aprs-15,98366cd7b587,7,2,12,0,0,8,5.77,0,44,2,0,0,6,190.7
pcb-d-aprs-preroute.kicad_pcb,pcb-d-aprs-15,98366cd7b587,7,3,8,0,0,6,4.5,0,33,2,0,0,7,115.26
pcb-d-aprs-preroute.kicad_pcb,pcb-d-aprs-15,98366cd7b587,7,4,24,0,0,6,20.35,0,33,2,0,0,5,105.14
pcb-d-aprs-preroute.kicad_pcb,pcb-d-aprs-15,98366cd7b587,7,5,18,0,0,3,2.08,0,35,2,0,0,12,122.04
pcb-d-aprs-preroute.kicad_pcb,pcb-d-aprs-15,98366cd7b587,7,6,2,0,0,0,0,0,8,2,0,0,0,15.92
pcb-d-aprs-preroute.kicad_pcb,pcb-d-aprs-15,98366cd7b587,7,7,4,0,0,1,3.1,0,4,2,0,0,0,5.72
pcb-d-aprs-preroute.kicad_pcb,pcb-d-aprs-15,98366cd7b587,8,0,2,0,0,0,0,0,11,2,0,0,1,108.05
pcb-d-aprs-preroute.kicad_pcb,pcb-d-aprs-15,98366cd7b587,8,1,9,9,0,7,17.97,25.34,23,2,0,0,0,65.63
pcb-d-aprs-preroute.kicad_pcb,pcb-d-aprs-15,98366cd7b587,8,2,14,0,0,2,4.32,0,32,2,0,0,6,135.67
pcb-d-aprs-preroute.kicad_pcb,pcb-d-aprs-15,98366cd7b587,8,3,8,0,0,5,4.17,0,24,2,0,0,4,124.65
pcb-d-aprs-preroute.kicad_pcb,pcb-d-aprs-15,98366cd7b587,8,4,9,0,0,1,1.12,0,22,2,0,0,3,74.08
pcb-d-aprs-preroute.kicad_pcb,pcb-d-aprs-15,98366cd7b587,8,5,15,0,0,4,3.21,0,22,2,0,0,6,150.5
pcb-d-aprs-preroute.kicad_pcb,pcb-d-aprs-15,98366cd7b587,8,6,2,0,0,0,0,0,7,2,0,0,0,0
pcb-d-aprs-preroute.kicad_pcb,pcb-d-aprs-15,98366cd7b587,8,7,3,0,0,0,0,0,3,2,0,0,0,13.14
pcb-d-aprs-preroute.kicad_pcb,pcb-d-aprs-15,98366cd7b587,9,0,1,0,0,0,0,0,7,3,0,0,0,0
pcb-d-aprs-preroute.kicad_pcb,pcb-d-aprs-15,98366cd7b587,9,1,4,0,0,1,0,0,14,2,0,0,0,53.91
pcb-d-aprs-preroute.kicad_pcb,pcb-d-aprs-15,98366cd7b587,9,2,7,0,0,0,0,0,16,2,0,0,0,62.48
pcb-d-aprs-preroute.kicad_pcb,pcb-d-aprs-15,98366cd7b587,9,3,4,0,0,1,0.96,0,14,2,0,0,0,35.27
pcb-d-aprs-preroute.kicad_pcb,pcb-d-aprs-15,98366cd7b587,9,4,2,0,0,0,0,0,11,2,0,0,0,31.63
pcb-d-aprs-preroute.kicad_pcb,pcb-d-aprs-15,98366cd7b587,9,5,6,0,0,0,0,0,11,2,0,0,0,31.08
pcb-d-aprs-preroute.kicad_pcb,pcb-d-aprs-15,98366cd7b587,9,6,2,0,0,0,0,0,5,2,0,0,0,0
pcb-d-aprs-preroute.kicad_pcb,pcb-d-aprs-15,98366cd7b587,9,7,1,0,0,0,0,0,1,3,0,0,0,0
pcb-d-aprs-preroute.kicad_pcb,pcb-d-aprs-17,4fd3fdedf2cd,0,0,1,0,0,0,0,0,9,3,0,0,0,0
pcb-d-aprs-preroute.kicad_pcb,pcb-d-aprs-17,4fd3fdedf2cd,0,2,6,0,0,0,0,0,12,2,0,0,1,96.4
pcb-d-aprs-preroute.kicad_pcb,pcb-d-aprs-17,4fd3fdedf2cd,0,3,8,0,0,0,0,0,13,2,0,0,0,58.97
pcb-d-aprs-preroute.kicad_pcb,pcb-d-aprs-17,4fd3fdedf2cd,0,4,2,0,0,0,0,0,12,2,0,0,0,1.91
pcb-d-aprs-preroute.kicad_pcb,pcb-d-aprs-17,4fd3fdedf2cd,0,5,2,0,0,0,0,0,7,2,0,0,0,6.94
pcb-d-aprs-preroute.kicad_pcb,pcb-d-aprs-17,4fd3fdedf2cd,0,6,4,0,0,2,2.25,0,5,2,0,0,0,13.15
pcb-d-aprs-preroute.kicad_pcb,pcb-d-aprs-17,4fd3fdedf2cd,0,7,1,0,0,0,0,0,1,3,0,0,0,0
pcb-d-aprs-preroute.kicad_pcb,pcb-d-aprs-17,4fd3fdedf2cd,1,0,8,0,0,2,3.27,0,21,2,0,0,0,35.09
pcb-d-aprs-preroute.kicad_pcb,pcb-d-aprs-17,4fd3fdedf2cd,1,1,15,0,0,4,6.51,0,25,2,0,0,5,61.69
pcb-d-aprs-preroute.kicad_pcb,pcb-d-aprs-17,4fd3fdedf2cd,1,2,0,0,0,0,0,0,26,2,0,0,0,19.22
pcb-d-aprs-preroute.kicad_pcb,pcb-d-aprs-17,4fd3fdedf2cd,1,3,0,0,0,0,0,0,26,2,0,0,0,7.57
pcb-d-aprs-preroute.kicad_pcb,pcb-d-aprs-17,4fd3fdedf2cd,1,4,7,7,0,7,14.91,0,27,2,0,0,0,118.76
pcb-d-aprs-preroute.kicad_pcb,pcb-d-aprs-17,4fd3fdedf2cd,1,5,13,5,0,7,12.21,0,19,2,0,0,3,89.89
pcb-d-aprs-preroute.kicad_pcb,pcb-d-aprs-17,4fd3fdedf2cd,1,6,3,0,0,0,0,0,8,2,0,0,1,37.05
pcb-d-aprs-preroute.kicad_pcb,pcb-d-aprs-17,4fd3fdedf2cd,1,7,3,0,0,0,0,0,2,2,0,0,0,0
pcb-d-aprs-preroute.kicad_pcb,pcb-d-aprs-17,4fd3fdedf2cd,2,0,7,0,0,3,4.95,0,28,2,0,0,8,152.79
pcb-d-aprs-preroute.kicad_pcb,pcb-d-aprs-17,4fd3fdedf2cd,2,1,10,0,0,3,4.25,0,33,2,0,0,3,240.58
pcb-d-aprs-preroute.kicad_pcb,pcb-d-aprs-17,4fd3fdedf2cd,2,2,2,0,0,0,0,0,34,2,0,0,1,93.02
pcb-d-aprs-preroute.kicad_pcb,pcb-d-aprs-17,4fd3fdedf2cd,2,3,0,0,0,0,0,0,33,2,0,0,2,76.79
pcb-d-aprs-preroute.kicad_pcb,pcb-d-aprs-17,4fd3fdedf2cd,2,4,15,7,0,9,16.0,0,36,2,0,0,12,259.5
pcb-d-aprs-preroute.kicad_pcb,pcb-d-aprs-17,4fd3fdedf2cd,2,5,16,5,0,8,12.72,0,26,2,0,0,2,152.51
pcb-d-aprs-preroute.kicad_pcb,pcb-d-aprs-17,4fd3fdedf2cd,2,6,1,0,0,1,1.12,0,10,2,0,0,1,30.41
pcb-d-aprs-preroute.kicad_pcb,pcb-d-aprs-17,4fd3fdedf2cd,2,7,5,0,0,1,1.39,0,5,2,0,0,1,13.46
pcb-d-aprs-preroute.kicad_pcb,pcb-d-aprs-17,4fd3fdedf2cd,3,0,13,0,0,0,0,0,27,2,0,0,3,95.43
pcb-d-aprs-preroute.kicad_pcb,pcb-d-aprs-17,4fd3fdedf2cd,3,1,16,0,0,0,0,0,32,2,0,0,7,184.98
pcb-d-aprs-preroute.kicad_pcb,pcb-d-aprs-17,4fd3fdedf2cd,3,2,3,0,0,0,0,0,34,2,0,0,3,121.79
pcb-d-aprs-preroute.kicad_pcb,pcb-d-aprs-17,4fd3fdedf2cd,3,3,0,0,0,0,0,0,30,2,0,0,3,232.5
pcb-d-aprs-preroute.kicad_pcb,pcb-d-aprs-17,4fd3fdedf2cd,3,4,23,0,0,2,6.76,0,36,2,0,0,3,92.29
pcb-d-aprs-preroute.kicad_pcb,pcb-d-aprs-17,4fd3fdedf2cd,3,5,10,0,0,4,3.64,0,25,2,0,0,9,118.8
pcb-d-aprs-preroute.kicad_pcb,pcb-d-aprs-17,4fd3fdedf2cd,3,6,8,0,0,0,0,0,14,2,0,0,2,94.58
pcb-d-aprs-preroute.kicad_pcb,pcb-d-aprs-17,4fd3fdedf2cd,3,7,4,0,0,1,1.12,0,6,2,0,0,1,42.29
pcb-d-aprs-preroute.kicad_pcb,pcb-d-aprs-17,4fd3fdedf2cd,4,0,14,0,0,0,0,0,21,2,0,0,6,120.95
pcb-d-aprs-preroute.kicad_pcb,pcb-d-aprs-17,4fd3fdedf2cd,4,1,9,0,0,0,0,0,26,2,0,0,6,109.94
pcb-d-aprs-preroute.kicad_pcb,pcb-d-aprs-17,4fd3fdedf2cd,4,2,2,0,0,0,0,0,27,2,0,0,2,57.05
pcb-d-aprs-preroute.kicad_pcb,pcb-d-aprs-17,4fd3fdedf2cd,4,3,0,0,0,0,0,0,23,2,0,0,1,32.3
pcb-d-aprs-preroute.kicad_pcb,pcb-d-aprs-17,4fd3fdedf2cd,4,4,7,0,0,2,1.12,0,26,2,0,0,1,83.55
pcb-d-aprs-preroute.kicad_pcb,pcb-d-aprs-17,4fd3fdedf2cd,4,5,3,0,0,0,0,0,19,2,0,0,0,66.82
pcb-d-aprs-preroute.kicad_pcb,pcb-d-aprs-17,4fd3fdedf2cd,4,6,2,0,0,0,0,0,10,2,0,0,0,1.1
pcb-d-aprs-preroute.kicad_pcb,pcb-d-aprs-17,4fd3fdedf2cd,4,7,2,0,0,0,1.98,0,4,2,0,0,0,24.54
pcb-d-aprs-preroute.kicad_pcb,pcb-d-aprs-17,4fd3fdedf2cd,5,0,4,0,0,0,0,0,18,2,0,0,2,73.17
pcb-d-aprs-preroute.kicad_pcb,pcb-d-aprs-17,4fd3fdedf2cd,5,1,13,13,0,7,12.8,0,28,2,0,0,2,98.09
pcb-d-aprs-preroute.kicad_pcb,pcb-d-aprs-17,4fd3fdedf2cd,5,2,18,3,0,4,6.37,0,38,2,0,0,8,150.82
pcb-d-aprs-preroute.kicad_pcb,pcb-d-aprs-17,4fd3fdedf2cd,5,3,17,0,0,5,7.55,0,27,2,0,0,5,95.02
pcb-d-aprs-preroute.kicad_pcb,pcb-d-aprs-17,4fd3fdedf2cd,5,4,7,4,0,4,8.25,0,27,2,0,0,1,57.49
pcb-d-aprs-preroute.kicad_pcb,pcb-d-aprs-17,4fd3fdedf2cd,5,5,15,0,0,3,1.12,0,21,2,0,0,3,106.88
pcb-d-aprs-preroute.kicad_pcb,pcb-d-aprs-17,4fd3fdedf2cd,5,6,4,0,0,0,1.75,0,8,2,0,0,0,35.23
pcb-d-aprs-preroute.kicad_pcb,pcb-d-aprs-17,4fd3fdedf2cd,5,7,1,0,0,1,1.75,0,4,2,0,0,0,0
pcb-d-aprs-preroute.kicad_pcb,pcb-d-aprs-17,4fd3fdedf2cd,6,0,4,0,0,0,0,0,17,2,0,0,1,85.49
pcb-d-aprs-preroute.kicad_pcb,pcb-d-aprs-17,4fd3fdedf2cd,6,1,18,18,0,9,7.36,1.99,28,2,0,0,2,72.97
pcb-d-aprs-preroute.kicad_pcb,pcb-d-aprs-17,4fd3fdedf2cd,6,2,25,4,0,4,11.65,0,44,2,0,0,10,195.41
pcb-d-aprs-preroute.kicad_pcb,pcb-d-aprs-17,4fd3fdedf2cd,6,3,18,0,0,4,4.5,0,35,2,0,0,14,264.18
pcb-d-aprs-preroute.kicad_pcb,pcb-d-aprs-17,4fd3fdedf2cd,6,4,25,4,0,6,13.68,0,38,2,1,0,10,162.22
pcb-d-aprs-preroute.kicad_pcb,pcb-d-aprs-17,4fd3fdedf2cd,6,5,24,0,0,9,8.05,0,32,2,0,0,5,164.54
pcb-d-aprs-preroute.kicad_pcb,pcb-d-aprs-17,4fd3fdedf2cd,6,6,2,0,0,1,0,0,7,2,0,0,0,16.22
pcb-d-aprs-preroute.kicad_pcb,pcb-d-aprs-17,4fd3fdedf2cd,6,7,2,0,0,3,1.55,0,4,2,0,0,0,2.96
pcb-d-aprs-preroute.kicad_pcb,pcb-d-aprs-17,4fd3fdedf2cd,7,0,6,0,0,0,0,0,14,2,0,0,2,90.28
pcb-d-aprs-preroute.kicad_pcb,pcb-d-aprs-17,4fd3fdedf2cd,7,1,27,27,1,12,31.69,6.67,33,2,0,0,1,101.31
pcb-d-aprs-preroute.kicad_pcb,pcb-d-aprs-17,4fd3fdedf2cd,7,2,13,0,0,7,4.32,0,45,2,0,0,4,117.38
pcb-d-aprs-preroute.kicad_pcb,pcb-d-aprs-17,4fd3fdedf2cd,7,3,8,0,0,6,4.5,0,33,2,0,0,5,102.85
pcb-d-aprs-preroute.kicad_pcb,pcb-d-aprs-17,4fd3fdedf2cd,7,4,24,0,0,6,19.25,0,33,2,0,0,8,110.09
pcb-d-aprs-preroute.kicad_pcb,pcb-d-aprs-17,4fd3fdedf2cd,7,5,18,0,0,3,2.08,0,35,2,0,0,8,145.97
pcb-d-aprs-preroute.kicad_pcb,pcb-d-aprs-17,4fd3fdedf2cd,7,6,2,0,0,0,0,0,8,2,0,0,0,12.71
pcb-d-aprs-preroute.kicad_pcb,pcb-d-aprs-17,4fd3fdedf2cd,7,7,4,0,0,1,3.1,0,4,2,0,0,0,24.56
pcb-d-aprs-preroute.kicad_pcb,pcb-d-aprs-17,4fd3fdedf2cd,8,0,2,0,0,0,0,0,11,2,0,0,2,95.79
pcb-d-aprs-preroute.kicad_pcb,pcb-d-aprs-17,4fd3fdedf2cd,8,1,9,9,0,7,17.97,25.34,23,2,0,0,1,55.99
pcb-d-aprs-preroute.kicad_pcb,pcb-d-aprs-17,4fd3fdedf2cd,8,2,15,0,0,4,3.38,0,32,2,0,0,2,136.73
pcb-d-aprs-preroute.kicad_pcb,pcb-d-aprs-17,4fd3fdedf2cd,8,3,8,0,0,4,4.17,0,24,2,0,0,2,123.96
pcb-d-aprs-preroute.kicad_pcb,pcb-d-aprs-17,4fd3fdedf2cd,8,4,9,0,0,2,1.12,0,22,2,0,0,6,93.87
pcb-d-aprs-preroute.kicad_pcb,pcb-d-aprs-17,4fd3fdedf2cd,8,5,15,0,0,3,3.21,0,22,2,0,0,3,100.17
pcb-d-aprs-preroute.kicad_pcb,pcb-d-aprs-17,4fd3fdedf2cd,8,6,2,0,0,0,0,0,7,2,0,0,0,7.38
pcb-d-aprs-preroute.kicad_pcb,pcb-d-aprs-17,4fd3fdedf2cd,8,7,3,0,0,0,0,0,3,2,0,0,0,0
pcb-d-aprs-preroute.kicad_pcb,pcb-d-aprs-17,4fd3fdedf2cd,9,0,1,0,0,0,0,0,7,3,0,0,0,0
pcb-d-aprs-preroute.kicad_pcb,pcb-d-aprs-17,4fd3fdedf2cd,9,1,4,0,0,1,0,0,13,2,0,0,0,92.2
pcb-d-aprs-preroute.kicad_pcb,pcb-d-aprs-17,4fd3fdedf2cd,9,2,6,0,0,0,0,0,15,2,0,0,1,66.54
pcb-d-aprs-preroute.kicad_pcb,pcb-d-aprs-17,4fd3fdedf2cd,9,3,4,0,0,1,0.96,0,14,2,0,0,0,14.42
pcb-d-aprs-preroute.kicad_pcb,pcb-d-aprs-17,4fd3fdedf2cd,9,4,2,0,0,0,0,0,11,2,0,0,1,28.11
pcb-d-aprs-preroute.kicad_pcb,pcb-d-aprs-17,4fd3fdedf2cd,9,5,6,0,0,0,0,0,11,2,0,0,0,43.86
pcb-d-aprs-preroute.kicad_pcb,pcb-d-aprs-17,4fd3fdedf2cd,9,6,2,0,0,0,0,0,5,2,0,0,0,15.6
pcb-d-aprs-preroute.kicad_pcb,pcb-d-aprs-17,4fd3fdedf2cd,9,7,1,0,0,0,0,0,1,3,0,0,0,0
pcb-d-aprs-preroute.kicad_pcb,pcb-d-aprs-18,c0fb06c985df,0,0,1,0,0,0,0,0,9,3,0,0,0,0
pcb-d-aprs-preroute.kicad_pcb,pcb-d-aprs-18,c0fb06c985df,0,2,6,0,0,0,0,0,12,2,0,0,0,24.12
pcb-d-aprs-preroute.kicad_pcb,pcb-d-aprs-18,c0fb06c985df,0,3,8,0,0,0,0,0,13,2,0,0,0,61.99
pcb-d-aprs-preroute.kicad_pcb,pcb-d-aprs-18,c0fb06c985df,0,4,2,0,0,0,0,0,12,2,0,0,0,37.7
pcb-d-aprs-preroute.kicad_pcb,pcb-d-aprs-18,c0fb06c985df,0,5,2,0,0,0,0,0,7,2,0,0,1,51.39
pcb-d-aprs-preroute.kicad_pcb,pcb-d-aprs-18,c0fb06c985df,0,6,4,0,0,2,2.25,0,5,2,0,0,0,22.88
pcb-d-aprs-preroute.kicad_pcb,pcb-d-aprs-18,c0fb06c985df,0,7,1,0,0,0,0,0,1,3,0,0,0,0
pcb-d-aprs-preroute.kicad_pcb,pcb-d-aprs-18,c0fb06c985df,1,0,8,0,0,2,3.27,0,20,2,0,0,1,40.98
pcb-d-aprs-preroute.kicad_pcb,pcb-d-aprs-18,c0fb06c985df,1,1,15,0,0,3,6.51,0,25,2,0,0,4,65.76
pcb-d-aprs-preroute.kicad_pcb,pcb-d-aprs-18,c0fb06c985df,1,2,0,0,0,0,0,0,26,2,0,0,0,71.05
pcb-d-aprs-preroute.kicad_pcb,pcb-d-aprs-18,c0fb06c985df,1,3,0,0,0,0,0,0,26,2,0,0,0,41.88
pcb-d-aprs-preroute.kicad_pcb,pcb-d-aprs-18,c0fb06c985df,1,4,7,7,0,7,14.91,0,27,2,0,0,2,83.58
pcb-d-aprs-preroute.kicad_pcb,pcb-d-aprs-18,c0fb06c985df,1,5,13,5,0,7,12.21,0,19,2,0,0,3,148.14
pcb-d-aprs-preroute.kicad_pcb,pcb-d-aprs-18,c0fb06c985df,1,6,3,0,0,0,0,0,8,2,0,0,1,17.99
pcb-d-aprs-preroute.kicad_pcb,pcb-d-aprs-18,c0fb06c985df,1,7,3,0,0,0,0,0,2,2,0,0,0,0
pcb-d-aprs-preroute.kicad_pcb,pcb-d-aprs-18,c0fb06c985df,2,0,7,0,0,3,6.05,0,27,2,0,0,8,94.41
pcb-d-aprs-preroute.kicad_pcb,pcb-d-aprs-18,c0fb06c985df,2,1,10,0,0,4,4.25,0,33,2,0,0,6,142.14
pcb-d-aprs-preroute.kicad_pcb,pcb-d-aprs-18,c0fb06c985df,2,2,2,0,0,0,0,0,34,2,0,0,1,71.8
pcb-d-aprs-preroute.kicad_pcb,pcb-d-aprs-18,c0fb06c985df,2,3,0,0,0,0,0,0,33,2,0,0,0,52.46
pcb-d-aprs-preroute.kicad_pcb,pcb-d-aprs-18,c0fb06c985df,2,4,15,7,0,9,16.95,0,36,2,0,0,3,221.42
pcb-d-aprs-preroute.kicad_pcb,pcb-d-aprs-18,c0fb06c985df,2,5,16,5,0,8,12.72,0,26,2,0,0,3,163.24
pcb-d-aprs-preroute.kicad_pcb,pcb-d-aprs-18,c0fb06c985df,2,6,1,0,0,1,1.12,0,10,2,0,0,2,40.77
pcb-d-aprs-preroute.kicad_pcb,pcb-d-aprs-18,c0fb06c985df,2,7,5,0,0,1,1.39,0,5,2,0,0,1,9.53
pcb-d-aprs-preroute.kicad_pcb,pcb-d-aprs-18,c0fb06c985df,3,0,14,0,0,0,0,0,26,2,0,0,7,225.22
pcb-d-aprs-preroute.kicad_pcb,pcb-d-aprs-18,c0fb06c985df,3,1,16,0,0,0,0,0,32,2,0,0,5,199.22
pcb-d-aprs-preroute.kicad_pcb,pcb-d-aprs-18,c0fb06c985df,3,2,3,0,0,0,0,0,34,2,0,0,2,68.7
pcb-d-aprs-preroute.kicad_pcb,pcb-d-aprs-18,c0fb06c985df,3,3,0,0,0,0,0,0,30,2,0,0,1,219.8
pcb-d-aprs-preroute.kicad_pcb,pcb-d-aprs-18,c0fb06c985df,3,4,23,0,0,2,6.76,0,36,2,0,0,4,169.64
pcb-d-aprs-preroute.kicad_pcb,pcb-d-aprs-18,c0fb06c985df,3,5,10,0,0,4,3.64,0,26,2,0,0,8,116.23
pcb-d-aprs-preroute.kicad_pcb,pcb-d-aprs-18,c0fb06c985df,3,6,8,0,0,0,0,0,14,2,1,0,1,47.35
pcb-d-aprs-preroute.kicad_pcb,pcb-d-aprs-18,c0fb06c985df,3,7,4,0,0,1,1.12,0,6,2,0,0,1,22.41
pcb-d-aprs-preroute.kicad_pcb,pcb-d-aprs-18,c0fb06c985df,4,0,14,0,0,0,0,0,21,2,0,0,4,103.41
pcb-d-aprs-preroute.kicad_pcb,pcb-d-aprs-18,c0fb06c985df,4,1,7,0,0,0,0,0,26,2,0,0,8,132.1
pcb-d-aprs-preroute.kicad_pcb,pcb-d-aprs-18,c0fb06c985df,4,2,2,0,0,0,0,0,27,2,0,0,3,53.77
pcb-d-aprs-preroute.kicad_pcb,pcb-d-aprs-18,c0fb06c985df,4,3,0,0,0,0,0,0,23,2,0,0,3,69.73
pcb-d-aprs-preroute.kicad_pcb,pcb-d-aprs-18,c0fb06c985df,4,4,7,0,0,2,1.12,0,26,2,0,0,2,64.73
pcb-d-aprs-preroute.kicad_pcb,pcb-d-aprs-18,c0fb06c985df,4,5,3,0,0,0,0,0,20,2,0,0,0,19.14
pcb-d-aprs-preroute.kicad_pcb,pcb-d-aprs-18,c0fb06c985df,4,6,2,0,0,0,0,0,10,2,0,0,0,3.2
pcb-d-aprs-preroute.kicad_pcb,pcb-d-aprs-18,c0fb06c985df,4,7,2,0,0,0,1.98,0,4,2,0,0,0,8.2
pcb-d-aprs-preroute.kicad_pcb,pcb-d-aprs-18,c0fb06c985df,5,0,5,0,0,0,0,0,18,2,0,0,2,72.44
pcb-d-aprs-preroute.kicad_pcb,pcb-d-aprs-18,c0fb06c985df,5,1,13,13,0,7,12.8,0,28,2,0,0,2,100.15
pcb-d-aprs-preroute.kicad_pcb,pcb-d-aprs-18,c0fb06c985df,5,2,18,3,0,4,6.37,0,38,2,0,0,6,250.99
pcb-d-aprs-preroute.kicad_pcb,pcb-d-aprs-18,c0fb06c985df,5,3,17,0,0,5,7.55,0,27,2,0,0,1,138.41
pcb-d-aprs-preroute.kicad_pcb,pcb-d-aprs-18,c0fb06c985df,5,4,7,4,0,4,8.25,0,26,2,0,0,3,104.46
pcb-d-aprs-preroute.kicad_pcb,pcb-d-aprs-18,c0fb06c985df,5,5,15,0,0,3,2.5,0,21,2,0,0,5,120.32
pcb-d-aprs-preroute.kicad_pcb,pcb-d-aprs-18,c0fb06c985df,5,6,4,0,0,0,1.75,0,8,2,0,0,0,3.09
pcb-d-aprs-preroute.kicad_pcb,pcb-d-aprs-18,c0fb06c985df,5,7,1,0,0,1,1.75,0,4,2,0,0,0,15.77
pcb-d-aprs-preroute.kicad_pcb,pcb-d-aprs-18,c0fb06c985df,6,0,4,0,0,0,0,0,17,2,0,0,1,61.19
pcb-d-aprs-preroute.kicad_pcb,pcb-d-aprs-18,c0fb06c985df,6,1,18,18,0,9,7.36,2.66,28,2,0,0,4,116.47
pcb-d-aprs-preroute.kicad_pcb,pcb-d-aprs-18,c0fb06c985df,6,2,26,4,0,4,10.97,0,44,2,0,0,10,199.41
pcb-d-aprs-preroute.kicad_pcb,pcb-d-aprs-18,c0fb06c985df,6,3,18,0,0,3,4.5,0,35,2,0,0,8,116.94
pcb-d-aprs-preroute.kicad_pcb,pcb-d-aprs-18,c0fb06c985df,6,4,25,4,0,6,13.68,0,38,2,0,0,12,131.71
pcb-d-aprs-preroute.kicad_pcb,pcb-d-aprs-18,c0fb06c985df,6,5,24,0,0,9,9.34,0,33,2,0,0,6,181.67
pcb-d-aprs-preroute.kicad_pcb,pcb-d-aprs-18,c0fb06c985df,6,6,2,0,0,1,0,0,8,2,0,0,0,4.98
pcb-d-aprs-preroute.kicad_pcb,pcb-d-aprs-18,c0fb06c985df,6,7,2,0,0,3,1.55,0,5,2,0,0,0,8.15
pcb-d-aprs-preroute.kicad_pcb,pcb-d-aprs-18,c0fb06c985df,7,0,6,0,0,0,0,0,14,2,0,0,3,43.36
pcb-d-aprs-preroute.kicad_pcb,pcb-d-aprs-18,c0fb06c985df,7,1,27,27,1,12,31.69,21.91,33,2,0,0,1,111.91
pcb-d-aprs-preroute.kicad_pcb,pcb-d-aprs-18,c0fb06c985df,7,2,12,0,0,9,5.0,0,44,2,0,0,7,181.31
pcb-d-aprs-preroute.kicad_pcb,pcb-d-aprs-18,c0fb06c985df,7,3,8,0,0,6,4.5,0,33,2,0,0,4,100.93
pcb-d-aprs-preroute.kicad_pcb,pcb-d-aprs-18,c0fb06c985df,7,4,24,0,0,7,20.35,0,34,2,0,0,5,105.61
pcb-d-aprs-preroute.kicad_pcb,pcb-d-aprs-18,c0fb06c985df,7,5,18,0,0,2,2.08,0,36,2,0,0,7,130.27
pcb-d-aprs-preroute.kicad_pcb,pcb-d-aprs-18,c0fb06c985df,7,6,2,0,0,0,0,0,9,2,0,0,0,26.53
pcb-d-aprs-preroute.kicad_pcb,pcb-d-aprs-18,c0fb06c985df,7,7,4,0,0,1,3.1,0,5,2,0,0,0,15.2
pcb-d-aprs-preroute.kicad_pcb,pcb-d-aprs-18,c0fb06c985df,8,0,2,0,0,0,0,0,11,2,0,0,0,84.4
pcb-d-aprs-preroute.kicad_pcb,pcb-d-aprs-18,c0fb06c985df,8,1,9,9,0,7,17.97,25.34,23,2,0,0,1,58.7
pcb-d-aprs-preroute.kicad_pcb,pcb-d-aprs-18,c0fb06c985df,8,2,14,0,0,3,4.32,0,32,2,0,0,5,120.97
pcb-d-aprs-preroute.kicad_pcb,pcb-d-aprs-18,c0fb06c985df,8,3,8,0,0,4,4.17,0,24,2,0,0,3,84.07
pcb-d-aprs-preroute.kicad_pcb,pcb-d-aprs-18,c0fb06c985df,8,4,9,0,0,2,1.12,0,22,2,0,0,4,105.03
pcb-d-aprs-preroute.kicad_pcb,pcb-d-aprs-18,c0fb06c985df,8,5,15,0,0,3,3.21,0,22,2,0,0,3,145.78
pcb-d-aprs-preroute.kicad_pcb,pcb-d-aprs-18,c0fb06c985df,8,6,2,0,0,0,0,0,7,2,0,0,0,53.21
pcb-d-aprs-preroute.kicad_pcb,pcb-d-aprs-18,c0fb06c985df,8,7,3,0,0,0,0,0,3,2,0,0,0,15.63
pcb-d-aprs-preroute.kicad_pcb,pcb-d-aprs-18,c0fb06c985df,9,0,1,0,0,0,0,0,7,3,0,0,0,0
pcb-d-aprs-preroute.kicad_pcb,pcb-d-aprs-18,c0fb06c985df,9,1,4,0,0,1,0,0,14,2,0,0,0,17.12
pcb-d-aprs-preroute.kicad_pcb,pcb-d-aprs-18,c0fb06c985df,9,2,7,0,0,0,0,0,16,2,0,0,0,55.24
pcb-d-aprs-preroute.kicad_pcb,pcb-d-aprs-18,c0fb06c985df,9,3,4,0,0,1,0.96,0,14,2,0,0,1,8.62
pcb-d-aprs-preroute.kicad_pcb,pcb-d-aprs-18,c0fb06c985df,9,4,2,0,0,0,0,0,11,2,0,0,0,22.62
pcb-d-aprs-preroute.kicad_pcb,pcb-d-aprs-18,c0fb06c985df,9,5,6,0,0,0,0,0,11,2,0,0,0,45.6
pcb-d-aprs-preroute.kicad_pcb,pcb-d-aprs-18,c0fb06c985df,9,6,2,0,0,0,0,0,5,2,0,0,0,6.12
pcb-d-aprs-preroute.kicad_pcb,pcb-d-aprs-18,c0fb06c985df,9,7,1,0,0,0,0,0,1,3,0,0,0,0
pcb-d-aprs-preroute.kicad_pcb,pcb-d-aprs-19,9c670195fc47,0,0,1,0,0,0,0,0,9,3,0,0,0,6.68
pcb-d-aprs-preroute.kicad_pcb,pcb-d-aprs-19,9c670195fc47,0,2,6,0,0,0,0,0,12,2,0,0,1,41.18
pcb-d-aprs-preroute.kicad_pcb,pcb-d-aprs-19,9c670195fc47,0,3,8,0,0,0,0,0,13,2,0,0,0,51.27
pcb-d-aprs-preroute.kicad_pcb,pcb-d-aprs-19,9c670195fc47,0,4,2,0,0,0,0,0,12,2,0,0,1,33.7
pcb-d-aprs-preroute.kicad_pcb,pcb-d-aprs-19,9c670195fc47,0,5,2,0,0,0,0,0,7,2,0,0,0,6.28
pcb-d-aprs-preroute.kicad_pcb,pcb-d-aprs-19,9c670195fc47,0,6,4,0,0,2,2.25,0,5,2,0,0,1,45.84
pcb-d-aprs-preroute.kicad_pcb,pcb-d-aprs-19,9c670195fc47,0,7,1,0,0,0,0,0,1,3,0,0,0,0
pcb-d-aprs-preroute.kicad_pcb,pcb-d-aprs-19,9c670195fc47,1,0,8,0,0,2,1.37,0,21,2,0,0,4,144.04
pcb-d-aprs-preroute.kicad_pcb,pcb-d-aprs-19,9c670195fc47,1,1,15,0,0,4,5.39,0,25,2,0,0,2,66.91
pcb-d-aprs-preroute.kicad_pcb,pcb-d-aprs-19,9c670195fc47,1,2,0,0,0,0,0,0,26,2,0,0,0,44.99
pcb-d-aprs-preroute.kicad_pcb,pcb-d-aprs-19,9c670195fc47,1,3,0,0,0,0,0,0,26,2,0,0,0,30.13
pcb-d-aprs-preroute.kicad_pcb,pcb-d-aprs-19,9c670195fc47,1,4,7,7,0,7,14.91,0,27,2,0,0,2,88.29
pcb-d-aprs-preroute.kicad_pcb,pcb-d-aprs-19,9c670195fc47,1,5,13,5,0,7,12.21,0,19,2,0,0,3,112.28
pcb-d-aprs-preroute.kicad_pcb,pcb-d-aprs-19,9c670195fc47,1,6,3,0,0,0,0,0,8,2,0,0,1,29.64
pcb-d-aprs-preroute.kicad_pcb,pcb-d-aprs-19,9c670195fc47,1,7,3,0,0,0,0,0,2,2,0,0,0,0
pcb-d-aprs-preroute.kicad_pcb,pcb-d-aprs-19,9c670195fc47,2,0,7,0,0,3,4.5,0,28,2,0,0,5,68.55
pcb-d-aprs-preroute.kicad_pcb,pcb-d-aprs-19,9c670195fc47,2,1,10,0,0,4,5.38,0,33,2,0,0,4,191.93
pcb-d-aprs-preroute.kicad_pcb,pcb-d-aprs-19,9c670195fc47,2,2,2,0,0,0,0,0,34,2,0,0,1,31.71
pcb-d-aprs-preroute.kicad_pcb,pcb-d-aprs-19,9c670195fc47,2,4,15,7,0,9,16.95,0,36,2,0,0,6,237.16
pcb-d-aprs-preroute.kicad_pcb,pcb-d-aprs-19,9c670195fc47,2,5,16,5,0,8,12.72,0,26,2,0,0,5,160.95
pcb-d-aprs-preroute.kicad_pcb,pcb-d-aprs-19,9c670195fc47,2,6,1,0,0,1,1.12,0,10,2,0,0,0,38.27
pcb-d-aprs-preroute.kicad_pcb,pcb-d-aprs-19,9c670195fc47,2,7,5,0,0,1,1.39,0,5,2,0,0,1,18.25
pcb-d-aprs-preroute.kicad_pcb,pcb-d-aprs-19,9c670195fc47,3,0,17,0,0,0,0,0,27,2,0,0,9,168.71
pcb-d-aprs-preroute.kicad_pcb,pcb-d-aprs-19,9c670195fc47,3,1,13,0,0,0,0,0,32,2,0,0,9,199.19
pcb-d-aprs-preroute.kicad_pcb,pcb-d-aprs-19,9c670195fc47,3,2,3,0,0,0,0,0,34,2,0,0,3,156.08
pcb-d-aprs-preroute.kicad_pcb,pcb-d-aprs-19,9c670195fc47,3,3,0,0,0,0,0,0,30,2,0,0,1,211.81
pcb-d-aprs-preroute.kicad_pcb,pcb-d-aprs-19,9c670195fc47,3,4,22,0,0,1,5.14,0,36,2,0,0,5,180.4
pcb-d-aprs-preroute.kicad_pcb,pcb-d-aprs-19,9c670195fc47,3,5,10,0,0,4,3.64,0,25,2,0,0,5,98.56
pcb-d-aprs-preroute.kicad_pcb,pcb-d-aprs-19,9c670195fc47,3,6,8,0,0,0,0,0,14,2,0,0,2,83.79
pcb-d-aprs-preroute.kicad_pcb,pcb-d-aprs-19,9c670195fc47,3,7,4,0,0,1,1.12,0,6,2,0,0,0,21.36
pcb-d-aprs-preroute.kicad_pcb,pcb-d-aprs-19,9c670195fc47,4,0,13,0,0,0,0,0,20,2,0,0,3,70.94
pcb-d-aprs-preroute.kicad_pcb,pcb-d-aprs-19,9c670195fc47,4,1,8,0,0,0,0,0,25,2,0,0,9,109.07
pcb-d-aprs-preroute.kicad_pcb,pcb-d-aprs-19,9c670195fc47,4,2,2,0,0,0,0,0,26,2,0,0,1,17.46
pcb-d-aprs-preroute.kicad_pcb,pcb-d-aprs-19,9c670195fc47,4,3,0,0,0,0,0,0,22,2,0,0,1,45.03
pcb-d-aprs-preroute.kicad_pcb,pcb-d-aprs-19,9c670195fc47,4,4,8,0,0,2,1.12,0,25,2,0,0,3,102.63
pcb-d-aprs-preroute.kicad_pcb,pcb-d-aprs-19,9c670195fc47,4,5,3,0,0,0,0,0,19,2,0,0,0,6.11
pcb-d-aprs-preroute.kicad_pcb,pcb-d-aprs-19,9c670195fc47,4,6,2,0,0,0,0,0,10,2,0,0,2,36.93
pcb-d-aprs-preroute.kicad_pcb,pcb-d-aprs-19,9c670195fc47,4,7,2,0,0,0,1.98,0,4,2,0,0,1,57.24
pcb-d-aprs-preroute.kicad_pcb,pcb-d-aprs-19,9c670195fc47,5,0,5,0,0,0,0,0,18,2,0,0,2,77.17
pcb-d-aprs-preroute.kicad_pcb,pcb-d-aprs-19,9c670195fc47,5,1,13,13,0,7,12.8,0,28,2,0,0,2,56.75
pcb-d-aprs-preroute.kicad_pcb,pcb-d-aprs-19,9c670195fc47,5,2,18,3,0,5,10.0,0,38,2,0,0,7,244.66
pcb-d-aprs-preroute.kicad_pcb,pcb-d-aprs-19,9c670195fc47,5,3,17,0,0,5,7.55,0,27,2,0,0,4,105.86
pcb-d-aprs-preroute.kicad_pcb,pcb-d-aprs-19,9c670195fc47,5,4,7,4,0,4,8.25,0,27,2,0,0,2,56.26
pcb-d-aprs-preroute.kicad_pcb,pcb-d-aprs-19,9c670195fc47,5,5,14,0,0,3,3.62,0,21,2,0,0,6,149.02
pcb-d-aprs-preroute.kicad_pcb,pcb-d-aprs-19,9c670195fc47,5,6,4,0,0,0,1.75,0,8,2,0,0,0,3.4
pcb-d-aprs-preroute.kicad_pcb,pcb-d-aprs-19,9c670195fc47,5,7,1,0,0,1,1.75,0,4,2,0,0,0,0
pcb-d-aprs-preroute.kicad_pcb,pcb-d-aprs-19,9c670195fc47,6,0,4,0,0,0,0,0,17,2,0,0,0,70.36
pcb-d-aprs-preroute.kicad_pcb,pcb-d-aprs-19,9c670195fc47,6,1,18,18,0,9,7.36,1.99,28,2,0,0,3,67.56
pcb-d-aprs-preroute.kicad_pcb,pcb-d-aprs-19,9c670195fc47,6,2,26,4,0,4,13.48,0,44,2,0,0,8,189.14
pcb-d-aprs-preroute.kicad_pcb,pcb-d-aprs-19,9c670195fc47,6,3,18,0,0,4,4.5,0,35,2,0,0,9,203.5
pcb-d-aprs-preroute.kicad_pcb,pcb-d-aprs-19,9c670195fc47,6,4,25,4,0,6,13.68,0,38,2,0,0,8,111.21
pcb-d-aprs-preroute.kicad_pcb,pcb-d-aprs-19,9c670195fc47,6,5,25,0,0,8,9.17,0,32,2,0,0,4,161.58
pcb-d-aprs-preroute.kicad_pcb,pcb-d-aprs-19,9c670195fc47,6,6,2,0,0,1,0,0,7,2,0,0,0,15.92
pcb-d-aprs-preroute.kicad_pcb,pcb-d-aprs-19,9c670195fc47,6,7,2,0,0,3,1.55,0,4,2,0,0,0,17.66
pcb-d-aprs-preroute.kicad_pcb,pcb-d-aprs-19,9c670195fc47,7,0,6,0,0,0,0,0,14,2,0,0,2,101.63
pcb-d-aprs-preroute.kicad_pcb,pcb-d-aprs-19,9c670195fc47,7,1,27,27,1,12,31.69,6.67,33,2,0,0,2,161.68
pcb-d-aprs-preroute.kicad_pcb,pcb-d-aprs-19,9c670195fc47,7,2,12,0,0,8,3.7,0,45,2,0,0,7,150.21
pcb-d-aprs-preroute.kicad_pcb,pcb-d-aprs-19,9c670195fc47,7,3,8,0,0,6,4.5,0,34,2,0,0,3,47.48
pcb-d-aprs-preroute.kicad_pcb,pcb-d-aprs-19,9c670195fc47,7,4,24,0,0,7,21.05,0,33,2,0,0,12,128.37
pcb-d-aprs-preroute.kicad_pcb,pcb-d-aprs-19,9c670195fc47,7,5,18,0,0,2,2.08,0,35,2,0,0,10,138.57
pcb-d-aprs-preroute.kicad_pcb,pcb-d-aprs-19,9c670195fc47,7,6,2,0,0,0,0,0,8,2,0,0,0,11.95
pcb-d-aprs-preroute.kicad_pcb,pcb-d-aprs-19,9c670195fc47,7,7,4,0,0,1,3.1,0,4,2,0,0,0,15.13
pcb-d-aprs-preroute.kicad_pcb,pcb-d-aprs-19,9c670195fc47,8,0,2,0,0,0,0,0,11,2,0,0,0,112.59
pcb-d-aprs-preroute.kicad_pcb,pcb-d-aprs-19,9c670195fc47,8,1,9,9,0,7,17.97,25.34,23,2,0,0,2,73.0
pcb-d-aprs-preroute.kicad_pcb,pcb-d-aprs-19,9c670195fc47,8,2,14,0,0,3,4.77,0,32,2,0,0,3,104.9
pcb-d-aprs-preroute.kicad_pcb,pcb-d-aprs-19,9c670195fc47,8,3,8,0,0,4,4.17,0,24,2,0,0,4,169.44
pcb-d-aprs-preroute.kicad_pcb,pcb-d-aprs-19,9c670195fc47,8,4,9,0,0,2,1.12,0,22,2,0,0,4,90.42
pcb-d-aprs-preroute.kicad_pcb,pcb-d-aprs-19,9c670195fc47,8,5,15,0,0,3,3.21,0,22,2,0,0,3,115.48
pcb-d-aprs-preroute.kicad_pcb,pcb-d-aprs-19,9c670195fc47,8,6,2,0,0,0,0,0,7,2,0,0,0,0
pcb-d-aprs-preroute.kicad_pcb,pcb-d-aprs-19,9c670195fc47,8,7,3,0,0,0,0,0,3,2,0,0,0,10.31
pcb-d-aprs-preroute.kicad_pcb,pcb-d-aprs-19,9c670195fc47,9,0,1,0,0,0,0,0,7,3,0,0,0,0
pcb-d-aprs-preroute.kicad_pcb,pcb-d-aprs-19,9c670195fc47,9,1,4,0,0,1,0,0,14,2,0,0,1,70.65
pcb-d-aprs-preroute.kicad_pcb,pcb-d-aprs-19,9c670195fc47,9,2,7,0,0,0,0,0,16,2,0,0,0,81.17
pcb-d-aprs-preroute.kicad_pcb,pcb-d-aprs-19,9c670195fc47,9,3,4,0,0,1,0.96,0,14,2,0,0,0,1.93
pcb-d-aprs-preroute.kicad_pcb,pcb-d-aprs-19,9c670195fc47,9,4,2,0,0,0,0,0,11,2,0,0,0,59.94
pcb-d-aprs-preroute.kicad_pcb,pcb-d-aprs-19,9c670195fc47,9,5,6,0,0,0,0,0,11,2,0,0,0,9.57
pcb-d-aprs-preroute.kicad_pcb,pcb-d-aprs-19,9c670195fc47,9,6,2,0,0,0,0,0,5,2,0,0,0,13.75
pcb-d-aprs-preroute.kicad_pcb,pcb-d-aprs-19,9c670195fc47,9,7,1,0,0,0,0,0,1,3,0,0,0,0
pcb-d-aprs-preroute.kicad_pcb,pcb-d-aprs-21,c37eac613816,0,0,1,0,0,0,0,0,9,3,0,0,0,0
pcb-d-aprs-preroute.kicad_pcb,pcb-d-aprs-21,c37eac613816,0,1,0,0,0,0,0,0,11,2,0,0,0,48.71
pcb-d-aprs-preroute.kicad_pcb,pcb-d-aprs-21,c37eac613816,0,2,6,0,0,0,0,0,12,2,0,0,0,76.7
pcb-d-aprs-preroute.kicad_pcb,pcb-d-aprs-21,c37eac613816,0,3,8,0,0,0,0,0,13,2,0,0,0,78.11
pcb-d-aprs-preroute.kicad_pcb,pcb-d-aprs-21,c37eac613816,0,4,2,0,0,0,0,0,12,2,0,0,0,22.0
pcb-d-aprs-preroute.kicad_pcb,pcb-d-aprs-21,c37eac613816,0,5,2,0,0,0,0,0,7,2,0,0,0,15.48
pcb-d-aprs-preroute.kicad_pcb,pcb-d-aprs-21,c37eac613816,0,6,4,0,0,2,2.25,0,5,2,0,0,0,2.35
pcb-d-aprs-preroute.kicad_pcb,pcb-d-aprs-21,c37eac613816,0,7,1,0,0,0,0,0,1,3,0,0,0,0
pcb-d-aprs-preroute.kicad_pcb,pcb-d-aprs-21,c37eac613816,0,8,0,0,0,0,0,0,0,2,1,0,0,0
pcb-d-aprs-preroute.kicad_pcb,pcb-d-aprs-21,c37eac613816,1,0,8,0,0,2,4.83,0,20,2,2,0,1,52.07
pcb-d-aprs-preroute.kicad_pcb,pcb-d-aprs-21,c37eac613816,1,1,14,0,0,3,5.39,0,25,2,0,0,3,97.6
pcb-d-aprs-preroute.kicad_pcb,pcb-d-aprs-21,c37eac613816,1,2,0,0,0,0,0,0,26,2,0,0,1,17.77
pcb-d-aprs-preroute.kicad_pcb,pcb-d-aprs-21,c37eac613816,1,3,0,0,0,0,0,0,26,2,0,0,0,34.97
pcb-d-aprs-preroute.kicad_pcb,pcb-d-aprs-21,c37eac613816,1,4,7,7,0,7,14.91,0,27,2,0,0,1,80.14
pcb-d-aprs-preroute.kicad_pcb,pcb-d-aprs-21,c37eac613816,1,5,13,5,0,7,12.21,0,19,2,0,0,3,89.69
pcb-d-aprs-preroute.kicad_pcb,pcb-d-aprs-21,c37eac613816,1,6,3,0,0,0,0,0,8,2,0,0,1,13.3
pcb-d-aprs-preroute.kicad_pcb,pcb-d-aprs-21,c37eac613816,1,7,3,0,0,0,0,0,2,2,0,0,0,0
pcb-d-aprs-preroute.kicad_pcb,pcb-d-aprs-21,c37eac613816,2,0,7,0,0,3,4.5,0,27,2,0,0,7,229.64
pcb-d-aprs-preroute.kicad_pcb,pcb-d-aprs-21,c37eac613816,2,1,11,0,0,4,5.37,0,33,2,0,0,5,110.95
pcb-d-aprs-preroute.kicad_pcb,pcb-d-aprs-21,c37eac613816,2,2,2,0,0,0,0,0,34,2,0,0,1,42.82
pcb-d-aprs-preroute.kicad_pcb,pcb-d-aprs-21,c37eac613816,2,4,15,7,0,8,16.95,0,36,2,0,0,1,305.38
pcb-d-aprs-preroute.kicad_pcb,pcb-d-aprs-21,c37eac613816,2,5,16,5,0,9,12.72,0,26,2,0,0,5,158.22
pcb-d-aprs-preroute.kicad_pcb,pcb-d-aprs-21,c37eac613816,2,6,1,0,0,1,1.12,0,10,2,0,0,0,26.58
pcb-d-aprs-preroute.kicad_pcb,pcb-d-aprs-21,c37eac613816,2,7,5,0,0,1,1.39,0,5,2,0,0,2,21.43
pcb-d-aprs-preroute.kicad_pcb,pcb-d-aprs-21,c37eac613816,3,0,15,0,0,0,0,0,26,2,0,0,8,137.74
pcb-d-aprs-preroute.kicad_pcb,pcb-d-aprs-21,c37eac613816,3,1,15,0,0,0,0,0,32,2,0,0,5,175.6
pcb-d-aprs-preroute.kicad_pcb,pcb-d-aprs-21,c37eac613816,3,2,3,0,0,0,0,0,34,2,0,0,2,74.93
pcb-d-aprs-preroute.kicad_pcb,pcb-d-aprs-21,c37eac613816,3,3,0,0,0,0,0,0,30,2,0,0,2,117.37
pcb-d-aprs-preroute.kicad_pcb,pcb-d-aprs-21,c37eac613816,3,4,22,0,0,2,5.64,0,36,2,0,0,6,234.45
pcb-d-aprs-preroute.kicad_pcb,pcb-d-aprs-21,c37eac613816,3,5,11,0,0,3,3.64,0,25,2,0,0,8,101.86
pcb-d-aprs-preroute.kicad_pcb,pcb-d-aprs-21,c37eac613816,3,6,8,0,0,0,0,0,14,2,0,0,2,81.19
pcb-d-aprs-preroute.kicad_pcb,pcb-d-aprs-21,c37eac613816,3,7,4,0,0,1,1.12,0,6,2,0,0,0,6.53
pcb-d-aprs-preroute.kicad_pcb,pcb-d-aprs-21,c37eac613816,4,0,12,0,0,0,0,0,21,2,0,0,2,67.09
pcb-d-aprs-preroute.kicad_pcb,pcb-d-aprs-21,c37eac613816,4,1,8,0,0,0,0,0,26,2,0,0,5,90.38
pcb-d-aprs-preroute.kicad_pcb,pcb-d-aprs-21,c37eac613816,4,2,2,0,0,0,0,0,27,2,0,0,3,188.93
pcb-d-aprs-preroute.kicad_pcb,pcb-d-aprs-21,c37eac613816,4,3,0,0,0,0,0,0,23,2,0,0,0,1.37
pcb-d-aprs-preroute.kicad_pcb,pcb-d-aprs-21,c37eac613816,4,4,8,0,0,2,1.12,0,26,2,0,0,4,130.58
pcb-d-aprs-preroute.kicad_pcb,pcb-d-aprs-21,c37eac613816,4,5,2,0,0,0,0,0,19,2,0,0,1,29.66
pcb-d-aprs-preroute.kicad_pcb,pcb-d-aprs-21,c37eac613816,4,6,2,0,0,0,0,0,10,2,0,0,0,6.17
pcb-d-aprs-preroute.kicad_pcb,pcb-d-aprs-21,c37eac613816,4,7,2,0,0,0,1.98,0,4,2,0,0,0,19.67
pcb-d-aprs-preroute.kicad_pcb,pcb-d-aprs-21,c37eac613816,5,0,6,0,0,0,0,0,19,2,0,0,3,64.66
pcb-d-aprs-preroute.kicad_pcb,pcb-d-aprs-21,c37eac613816,5,1,13,13,0,7,12.8,0,29,2,0,0,3,180.98
pcb-d-aprs-preroute.kicad_pcb,pcb-d-aprs-21,c37eac613816,5,2,17,3,0,6,11.12,0,37,2,0,0,5,90.93
pcb-d-aprs-preroute.kicad_pcb,pcb-d-aprs-21,c37eac613816,5,3,17,0,0,5,7.55,0,26,2,0,0,2,120.12
pcb-d-aprs-preroute.kicad_pcb,pcb-d-aprs-21,c37eac613816,5,4,7,4,0,4,8.25,0,27,2,0,0,2,100.66
pcb-d-aprs-preroute.kicad_pcb,pcb-d-aprs-21,c37eac613816,5,5,15,0,0,3,2.5,0,22,2,0,0,4,89.34
pcb-d-aprs-preroute.kicad_pcb,pcb-d-aprs-21,c37eac613816,5,6,4,0,0,0,1.75,0,9,2,0,0,0,5.83
pcb-d-aprs-preroute.kicad_pcb,pcb-d-aprs-21,c37eac613816,5,7,1,0,0,1,1.75,0,4,2,0,0,0,0
pcb-d-aprs-preroute.kicad_pcb,pcb-d-aprs-21,c37eac613816,6,0,4,0,0,0,0,0,17,2,0,0,1,62.97
pcb-d-aprs-preroute.kicad_pcb,pcb-d-aprs-21,c37eac613816,6,1,18,18,0,9,7.36,0,28,2,0,0,2,61.14
pcb-d-aprs-preroute.kicad_pcb,pcb-d-aprs-21,c37eac613816,6,2,27,4,0,4,8.7,0,45,2,0,0,11,178.06
pcb-d-aprs-preroute.kicad_pcb,pcb-d-aprs-21,c37eac613816,6,3,18,0,0,2,3.38,0,34,2,0,0,5,81.08
pcb-d-aprs-preroute.kicad_pcb,pcb-d-aprs-21,c37eac613816,6,4,25,4,0,6,13.68,0,38,2,0,0,6,129.18
pcb-d-aprs-preroute.kicad_pcb,pcb-d-aprs-21,c37eac613816,6,5,24,0,0,9,6.67,0,32,2,0,0,5,196.43
pcb-d-aprs-preroute.kicad_pcb,pcb-d-aprs-21,c37eac613816,6,6,2,0,0,1,0,0,7,2,0,0,0,17.06
pcb-d-aprs-preroute.kicad_pcb,pcb-d-aprs-21,c37eac613816,6,7,2,0,0,3,1.55,0,4,2,0,0,0,2.69
pcb-d-aprs-preroute.kicad_pcb,pcb-d-aprs-21,c37eac613816,7,0,6,0,0,0,0,0,14,2,0,0,0,32.67
pcb-d-aprs-preroute.kicad_pcb,pcb-d-aprs-21,c37eac613816,7,1,27,27,1,12,31.69,6.67,33,2,0,0,6,140.72
pcb-d-aprs-preroute.kicad_pcb,pcb-d-aprs-21,c37eac613816,7,2,12,0,0,8,3.88,0,44,2,0,0,7,221.06
pcb-d-aprs-preroute.kicad_pcb,pcb-d-aprs-21,c37eac613816,7,3,8,0,0,6,4.5,0,32,2,0,0,6,140.02
pcb-d-aprs-preroute.kicad_pcb,pcb-d-aprs-21,c37eac613816,7,4,24,0,0,6,19.75,0,33,2,0,0,8,139.78
pcb-d-aprs-preroute.kicad_pcb,pcb-d-aprs-21,c37eac613816,7,5,18,0,0,3,0.96,0,35,2,0,0,14,182.09
pcb-d-aprs-preroute.kicad_pcb,pcb-d-aprs-21,c37eac613816,7,6,2,0,0,0,0,0,8,2,0,0,0,8.02
pcb-d-aprs-preroute.kicad_pcb,pcb-d-aprs-21,c37eac613816,7,7,4,0,0,1,3.1,0,4,2,0,0,0,17.48
pcb-d-aprs-preroute.kicad_pcb,pcb-d-aprs-21,c37eac613816,8,0,2,0,0,0,0,0,11,2,0,0,0,137.44
pcb-d-aprs-preroute.kicad_pcb,pcb-d-aprs-21,c37eac613816,8,1,9,9,0,7,17.97,25.34,23,2,0,0,1,72.14
pcb-d-aprs-preroute.kicad_pcb,pcb-d-aprs-21,c37eac613816,8,2,14,0,0,3,3.82,0,32,2,0,0,3,99.02
pcb-d-aprs-preroute.kicad_pcb,pcb-d-aprs-21,c37eac613816,8,3,8,0,0,4,4.17,0,23,2,0,0,3,64.46
pcb-d-aprs-preroute.kicad_pcb,pcb-d-aprs-21,c37eac613816,8,4,9,0,0,2,1.12,0,22,2,0,0,3,83.47
pcb-d-aprs-preroute.kicad_pcb,pcb-d-aprs-21,c37eac613816,8,5,15,0,0,3,3.21,0,22,2,0,0,4,104.82
pcb-d-aprs-preroute.kicad_pcb,pcb-d-aprs-21,c37eac613816,8,6,2,0,0,0,0,0,7,2,0,0,0,0
pcb-d-aprs-preroute.kicad_pcb,pcb-d-aprs-21,c37eac613816,8,7,3,0,0,0,0,0,3,2,0,0,0,10.54
pcb-d-aprs-preroute.kicad_pcb,pcb-d-aprs-21,c37eac613816,9,0,1,0,0,0,0,0,7,3,0,0,0,0
pcb-d-aprs-preroute.kicad_pcb,pcb-d-aprs-21,c37eac613816,9,1,4,0,0,1,0,0,14,2,0,0,0,33.08
pcb-d-aprs-preroute.kicad_pcb,pcb-d-aprs-21,c37eac613816,9,2,7,0,0,0,0,0,16,2,0,0,0,45.29
pcb-d-aprs-preroute.kicad_pcb,pcb-d-aprs-21,c37eac613816,9,3,4,0,0,1,0.96,0,13,2,0,0,1,79.52
pcb-d-aprs-preroute.kicad_pcb,pcb-d-aprs-21,c37eac613816,9,4,2,0,0,0,0,0,11,2,0,0,0,15.15
pcb-d-aprs-preroute.kicad_pcb,pcb-d-aprs-21,c37eac613816,9,5,6,0,0,0,0,0,11,2,0,0,0,37.59
pcb-d-aprs-preroute.kicad_pcb,pcb-d-aprs-21,c37eac613816,9,6,2,0,0,0,0,0,5,2,0,0,0,14.1
pcb-d-aprs-preroute.kicad_pcb,pcb-d-aprs-21,c37eac613816,9,7,1,0,0,0,0,0,1,3,0,0,0,0
pcb-d-aprs-preroute.kicad_pcb,pcb-d-aprs-22,28307faffb8d,0,0,1,0,0,0,0,0,9,3,0,0,0,0
pcb-d-aprs-preroute.kicad_pcb,pcb-d-aprs-22,28307faffb8d,0,1,0,0,0,0,0,0,11,2,0,0,0,3.99
pcb-d-aprs-preroute.kicad_pcb,pcb-d-aprs-22,28307faffb8d,0,2,6,0,0,0,0,0,12,2,0,0,1,65.88
pcb-d-aprs-preroute.kicad_pcb,pcb-d-aprs-22,28307faffb8d,0,3,8,0,0,0,0,0,13,2,0,0,0,67.98
pcb-d-aprs-preroute.kicad_pcb,pcb-d-aprs-22,28307faffb8d,0,4,2,0,0,0,0,0,12,2,0,0,0,21.08
pcb-d-aprs-preroute.kicad_pcb,pcb-d-aprs-22,28307faffb8d,0,5,2,0,0,0,0,0,7,2,0,0,0,94.48
pcb-d-aprs-preroute.kicad_pcb,pcb-d-aprs-22,28307faffb8d,0,6,4,0,0,2,2.25,0,4,2,0,0,0,27.16
pcb-d-aprs-preroute.kicad_pcb,pcb-d-aprs-22,28307faffb8d,0,7,1,0,0,0,0,0,1,3,0,0,0,0
pcb-d-aprs-preroute.kicad_pcb,pcb-d-aprs-22,28307faffb8d,1,0,8,0,0,2,3.27,0,19,2,0,0,1,42.04
pcb-d-aprs-preroute.kicad_pcb,pcb-d-aprs-22,28307faffb8d,1,1,14,0,0,4,7.46,0,25,2,0,0,3,83.29
pcb-d-aprs-preroute.kicad_pcb,pcb-d-aprs-22,28307faffb8d,1,2,0,0,0,0,0,0,26,2,0,0,1,70.68
pcb-d-aprs-preroute.kicad_pcb,pcb-d-aprs-22,28307faffb8d,1,3,0,0,0,0,0,0,26,2,0,0,0,44.91
pcb-d-aprs-preroute.kicad_pcb,pcb-d-aprs-22,28307faffb8d,1,4,7,7,0,7,14.91,0,27,2,0,0,0,60.44
pcb-d-aprs-preroute.kicad_pcb,pcb-d-aprs-22,28307faffb8d,1,5,14,5,0,7,12.21,0,19,2,0,0,2,113.03
pcb-d-aprs-preroute.kicad_pcb,pcb-d-aprs-22,28307faffb8d,1,6,2,0,0,0,0,0,7,2,0,0,1,14.82
pcb-d-aprs-preroute.kicad_pcb,pcb-d-aprs-22,28307faffb8d,1,7,3,0,0,0,0,0,2,2,0,0,0,3.46
pcb-d-aprs-preroute.kicad_pcb,pcb-d-aprs-22,28307faffb8d,2,0,7,0,0,3,6.05,0,26,2,0,0,10,77.54
pcb-d-aprs-preroute.kicad_pcb,pcb-d-aprs-22,28307faffb8d,2,1,11,0,0,4,4.25,0,33,2,0,0,3,109.71
pcb-d-aprs-preroute.kicad_pcb,pcb-d-aprs-22,28307faffb8d,2,2,2,0,0,0,0,0,34,2,0,0,1,26.89
pcb-d-aprs-preroute.kicad_pcb,pcb-d-aprs-22,28307faffb8d,2,3,0,0,0,0,0,0,33,2,0,0,0,19.0
pcb-d-aprs-preroute.kicad_pcb,pcb-d-aprs-22,28307faffb8d,2,4,15,7,0,8,16.95,0,36,2,0,0,8,412.26
pcb-d-aprs-preroute.kicad_pcb,pcb-d-aprs-22,28307faffb8d,2,5,17,5,0,9,13.85,0,26,2,0,0,7,174.33
pcb-d-aprs-preroute.kicad_pcb,pcb-d-aprs-22,28307faffb8d,2,6,0,0,0,0,0,0,9,2,0,0,1,57.38
pcb-d-aprs-preroute.kicad_pcb,pcb-d-aprs-22,28307faffb8d,2,7,5,0,0,1,1.39,0,5,2,0,0,2,26.36
pcb-d-aprs-preroute.kicad_pcb,pcb-d-aprs-22,28307faffb8d,3,0,15,0,0,0,0,0,25,2,0,0,6,63.67
pcb-d-aprs-preroute.kicad_pcb,pcb-d-aprs-22,28307faffb8d,3,1,15,0,0,0,0,0,32,2,0,0,4,146.88
pcb-d-aprs-preroute.kicad_pcb,pcb-d-aprs-22,28307faffb8d,3,2,3,0,0,0,0,0,34,2,0,0,1,95.49
pcb-d-aprs-preroute.kicad_pcb,pcb-d-aprs-22,28307faffb8d,3,3,0,0,0,0,0,0,30,2,0,0,4,173.53
pcb-d-aprs-preroute.kicad_pcb,pcb-d-aprs-22,28307faffb8d,3,4,22,0,0,4,6.95,0,36,2,0,0,4,236.45
pcb-d-aprs-preroute.kicad_pcb,pcb-d-aprs-22,28307faffb8d,3,5,11,0,0,3,3.64,0,25,2,0,0,10,104.91
pcb-d-aprs-preroute.kicad_pcb,pcb-d-aprs-22,28307faffb8d,3,6,8,0,0,0,0,0,13,2,0,0,2,48.05
pcb-d-aprs-preroute.kicad_pcb,pcb-d-aprs-22,28307faffb8d,3,7,4,0,0,1,1.12,0,6,2,0,0,0,13.46
pcb-d-aprs-preroute.kicad_pcb,pcb-d-aprs-22,28307faffb8d,4,0,14,0,0,0,0,0,20,2,0,0,6,125.32
pcb-d-aprs-preroute.kicad_pcb,pcb-d-aprs-22,28307faffb8d,4,1,8,0,0,0,0,0,25,2,0,0,6,113.3
pcb-d-aprs-preroute.kicad_pcb,pcb-d-aprs-22,28307faffb8d,4,2,2,0,0,0,0,0,26,2,0,0,2,112.26
pcb-d-aprs-preroute.kicad_pcb,pcb-d-aprs-22,28307faffb8d,4,3,0,0,0,0,0,0,22,2,0,0,0,17.76
pcb-d-aprs-preroute.kicad_pcb,pcb-d-aprs-22,28307faffb8d,4,4,8,0,0,2,1.12,0,25,2,0,0,4,71.57
pcb-d-aprs-preroute.kicad_pcb,pcb-d-aprs-22,28307faffb8d,4,5,2,0,0,0,0,0,19,2,0,0,0,25.67
pcb-d-aprs-preroute.kicad_pcb,pcb-d-aprs-22,28307faffb8d,4,6,2,0,0,0,0,0,9,2,0,0,0,29.08
pcb-d-aprs-preroute.kicad_pcb,pcb-d-aprs-22,28307faffb8d,4,7,1,0,0,0,0,0,4,2,0,0,0,3.75
pcb-d-aprs-preroute.kicad_pcb,pcb-d-aprs-22,28307faffb8d,5,0,4,0,0,0,0,0,18,2,0,0,3,57.5
pcb-d-aprs-preroute.kicad_pcb,pcb-d-aprs-22,28307faffb8d,5,1,13,13,0,7,12.8,0,28,2,0,0,4,190.16
pcb-d-aprs-preroute.kicad_pcb,pcb-d-aprs-22,28307faffb8d,5,2,18,3,0,4,6.37,0,38,2,0,0,5,66.39
pcb-d-aprs-preroute.kicad_pcb,pcb-d-aprs-22,28307faffb8d,5,3,17,0,0,5,7.55,0,27,2,0,0,4,159.85
pcb-d-aprs-preroute.kicad_pcb,pcb-d-aprs-22,28307faffb8d,5,4,7,4,0,5,9.38,0,27,2,0,0,4,83.46
pcb-d-aprs-preroute.kicad_pcb,pcb-d-aprs-22,28307faffb8d,5,5,16,0,0,2,3.37,0,22,2,0,0,4,109.22
pcb-d-aprs-preroute.kicad_pcb,pcb-d-aprs-22,28307faffb8d,5,6,3,0,0,0,1.75,0,8,2,0,0,0,86.23
pcb-d-aprs-preroute.kicad_pcb,pcb-d-aprs-22,28307faffb8d,5,7,3,0,0,1,3.73,0,5,2,0,0,0,1.88
pcb-d-aprs-preroute.kicad_pcb,pcb-d-aprs-22,28307faffb8d,6,0,4,0,0,0,0,0,17,2,0,0,1,32.18
pcb-d-aprs-preroute.kicad_pcb,pcb-d-aprs-22,28307faffb8d,6,1,18,18,0,9,7.36,3.39,28,2,0,0,5,132.33
pcb-d-aprs-preroute.kicad_pcb,pcb-d-aprs-22,28307faffb8d,6,2,26,4,0,5,12.6,0,44,2,0,0,9,208.86
pcb-d-aprs-preroute.kicad_pcb,pcb-d-aprs-22,28307faffb8d,6,3,18,0,0,3,4.5,0,35,2,0,0,5,156.1
pcb-d-aprs-preroute.kicad_pcb,pcb-d-aprs-22,28307faffb8d,6,4,25,4,0,6,13.68,0,38,2,0,0,12,195.07
pcb-d-aprs-preroute.kicad_pcb,pcb-d-aprs-22,28307faffb8d,6,5,23,0,0,9,9.62,0,33,2,0,0,7,137.72
pcb-d-aprs-preroute.kicad_pcb,pcb-d-aprs-22,28307faffb8d,6,6,2,0,0,1,0,0,7,2,0,0,0,20.99
pcb-d-aprs-preroute.kicad_pcb,pcb-d-aprs-22,28307faffb8d,6,7,2,0,0,3,1.55,0,4,2,0,0,0,4.23
pcb-d-aprs-preroute.kicad_pcb,pcb-d-aprs-22,28307faffb8d,7,0,6,0,0,0,0,0,14,2,0,0,1,164.52
pcb-d-aprs-preroute.kicad_pcb,pcb-d-aprs-22,28307faffb8d,7,1,27,27,1,12,31.69,10.91,33,2,0,0,1,92.21
pcb-d-aprs-preroute.kicad_pcb,pcb-d-aprs-22,28307faffb8d,7,2,12,0,0,8,5.87,0,44,2,0,0,6,155.92
pcb-d-aprs-preroute.kicad_pcb,pcb-d-aprs-22,28307faffb8d,7,3,8,0,0,6,4.5,0,33,2,0,0,3,59.66
pcb-d-aprs-preroute.kicad_pcb,pcb-d-aprs-22,28307faffb8d,7,4,24,0,0,6,19.5,0,33,2,0,0,5,102.35
pcb-d-aprs-preroute.kicad_pcb,pcb-d-aprs-22,28307faffb8d,7,5,19,0,0,2,3.04,0,35,2,0,0,11,129.47
pcb-d-aprs-preroute.kicad_pcb,pcb-d-aprs-22,28307faffb8d,7,6,2,0,0,0,0,0,8,2,0,0,0,11.99
pcb-d-aprs-preroute.kicad_pcb,pcb-d-aprs-22,28307faffb8d,7,7,4,0,0,1,3.1,0,4,2,0,0,0,15.49
pcb-d-aprs-preroute.kicad_pcb,pcb-d-aprs-22,28307faffb8d,8,0,2,0,0,0,0,0,11,2,0,0,1,36.74
pcb-d-aprs-preroute.kicad_pcb,pcb-d-aprs-22,28307faffb8d,8,1,9,9,0,7,17.97,25.34,23,2,0,0,1,50.37
pcb-d-aprs-preroute.kicad_pcb,pcb-d-aprs-22,28307faffb8d,8,2,15,0,0,3,3.37,0,32,2,0,0,4,92.25
pcb-d-aprs-preroute.kicad_pcb,pcb-d-aprs-22,28307faffb8d,8,3,8,0,0,4,4.17,0,24,2,0,0,3,179.29
pcb-d-aprs-preroute.kicad_pcb,pcb-d-aprs-22,28307faffb8d,8,4,9,0,0,2,1.12,0,22,2,0,2,3,92.58
pcb-d-aprs-preroute.kicad_pcb,pcb-d-aprs-22,28307faffb8d,8,5,14,0,0,4,1.12,0,22,2,0,0,7,107.32
pcb-d-aprs-preroute.kicad_pcb,pcb-d-aprs-22,28307faffb8d,8,6,2,0,0,0,0,0,7,2,0,0,0,7.73
pcb-d-aprs-preroute.kicad_pcb,pcb-d-aprs-22,28307faffb8d,8,7,3,0,0,0,0,0,3,2,0,0,0,10.25
pcb-d-aprs-preroute.kicad_pcb,pcb-d-aprs-22,28307faffb8d,9,0,1,0,0,0,0,0,7,3,0,0,0,0
pcb-d-aprs-preroute.kicad_pcb,pcb-d-aprs-22,28307faffb8d,9,1,4,0,0,1,0,0,13,2,0,0,0,76.04
pcb-d-aprs-preroute.kicad_pcb,pcb-d-aprs-22,28307faffb8d,9,2,6,0,0,0,0,0,15,2,0,0,0,25.03
pcb-d-aprs-preroute.kicad_pcb,pcb-d-aprs-22,28307faffb8d,9,3,4,0,0,1,0.96,0,14,2,0,0,1,50.31
pcb-d-aprs-preroute.kicad_pcb,pcb-d-aprs-22,28307faffb8d,9,4,2,0,0,0,0,0,11,2,0,0,0,11.27
pcb-d-aprs-preroute.kicad_pcb,pcb-d-aprs-22,28307faffb8d,9,5,6,0,0,0,0,0,11,2,0,0,1,33.01
pcb-d-aprs-preroute.kicad_pcb,pcb-d-aprs-22,28307faffb8d,9,6,2,0,0,0,0,0,5,2,0,0,0,8.65
pcb-d-aprs-preroute.kicad_pcb,pcb-d-aprs-22,28307faffb8d,9,7,1,0,0,0,0,0,1,3,0,0,0,0
pcb-d-aprs-preroute.kicad_pcb,pcb-d-aprs-26,2bbe5fd2563a,0,0,1,0,0,0,0,0,9,3,0,0,0,0
pcb-d-aprs-preroute.kicad_pcb,pcb-d-aprs-26,2bbe5fd2563a,0,1,0,0,0,0,0,0,11,2,0,0,0,26.97
pcb-d-aprs-preroute.kicad_pcb,pcb-d-aprs-26,2bbe5fd2563a,0,2,6,0,0,0,0,0,12,2,0,0,0,67.38
pcb-d-aprs-preroute.kicad_pcb,pcb-d-aprs-26,2bbe5fd2563a,0,3,8,0,0,0,0,0,13,2,0,0,0,50.34
pcb-d-aprs-preroute.kicad_pcb,pcb-d-aprs-26,2bbe5fd2563a,0,4,2,0,0,0,0,0,12,2,0,0,1,71.39
pcb-d-aprs-preroute.kicad_pcb,pcb-d-aprs-26,2bbe5fd2563a,0,5,2,0,0,0,0,0,7,2,0,0,0,26.77
pcb-d-aprs-preroute.kicad_pcb,pcb-d-aprs-26,2bbe5fd2563a,0,6,4,0,0,2,2.25,0,5,2,0,0,0,22.22
pcb-d-aprs-preroute.kicad_pcb,pcb-d-aprs-26,2bbe5fd2563a,0,7,1,0,0,0,0,0,1,3,0,0,0,0
pcb-d-aprs-preroute.kicad_pcb,pcb-d-aprs-26,2bbe5fd2563a,1,0,8,0,0,1,3.27,0,22,2,0,0,1,58.07
pcb-d-aprs-preroute.kicad_pcb,pcb-d-aprs-26,2bbe5fd2563a,1,1,16,0,0,4,5.39,0,25,2,1,0,3,112.04
pcb-d-aprs-preroute.kicad_pcb,pcb-d-aprs-26,2bbe5fd2563a,1,2,0,0,0,0,0,0,26,2,0,0,1,108.69
pcb-d-aprs-preroute.kicad_pcb,pcb-d-aprs-26,2bbe5fd2563a,1,3,0,0,0,0,0,0,26,2,0,0,0,61.58
pcb-d-aprs-preroute.kicad_pcb,pcb-d-aprs-26,2bbe5fd2563a,1,4,7,7,0,7,14.91,0,27,2,0,0,1,65.76
pcb-d-aprs-preroute.kicad_pcb,pcb-d-aprs-26,2bbe5fd2563a,1,5,13,5,0,7,12.21,0,19,2,0,0,4,105.45
pcb-d-aprs-preroute.kicad_pcb,pcb-d-aprs-26,2bbe5fd2563a,1,6,3,0,0,0,0,0,8,2,0,0,2,39.18
pcb-d-aprs-preroute.kicad_pcb,pcb-d-aprs-26,2bbe5fd2563a,1,7,3,0,0,0,0,0,2,2,0,0,0,2.82
pcb-d-aprs-preroute.kicad_pcb,pcb-d-aprs-26,2bbe5fd2563a,2,0,7,0,0,3,4.5,0,29,2,0,0,6,92.22
pcb-d-aprs-preroute.kicad_pcb,pcb-d-aprs-26,2bbe5fd2563a,2,1,9,0,0,4,5.37,0,33,2,0,0,9,245.25
pcb-d-aprs-preroute.kicad_pcb,pcb-d-aprs-26,2bbe5fd2563a,2,2,2,0,0,0,0,0,34,2,0,0,3,245.63
pcb-d-aprs-preroute.kicad_pcb,pcb-d-aprs-26,2bbe5fd2563a,2,3,0,0,0,0,0,0,33,2,0,0,0,31.66
pcb-d-aprs-preroute.kicad_pcb,pcb-d-aprs-26,2bbe5fd2563a,2,4,15,7,0,8,16.95,0,36,2,0,0,5,264.77
pcb-d-aprs-preroute.kicad_pcb,pcb-d-aprs-26,2bbe5fd2563a,2,5,16,5,0,8,12.72,0,26,2,0,0,6,184.55
pcb-d-aprs-preroute.kicad_pcb,pcb-d-aprs-26,2bbe5fd2563a,2,6,1,0,0,1,1.12,0,10,2,0,0,0,11.23
pcb-d-aprs-preroute.kicad_pcb,pcb-d-aprs-26,2bbe5fd2563a,2,7,5,0,0,1,1.39,0,5,2,0,0,0,14.92
pcb-d-aprs-preroute.kicad_pcb,pcb-d-aprs-26,2bbe5fd2563a,3,0,15,0,0,0,0,0,29,2,0,0,7,147.74
pcb-d-aprs-preroute.kicad_pcb,pcb-d-aprs-26,2bbe5fd2563a,3,1,15,0,0,0,0,0,32,2,0,0,9,174.68
pcb-d-aprs-preroute.kicad_pcb,pcb-d-aprs-26,2bbe5fd2563a,3,2,3,0,0,0,0,0,34,2,0,0,4,74.97
pcb-d-aprs-preroute.kicad_pcb,pcb-d-aprs-26,2bbe5fd2563a,3,3,0,0,0,0,0,0,30,2,0,0,0,37.72
pcb-d-aprs-preroute.kicad_pcb,pcb-d-aprs-26,2bbe5fd2563a,3,4,22,0,0,4,9.82,0,36,2,0,0,3,148.64
pcb-d-aprs-preroute.kicad_pcb,pcb-d-aprs-26,2bbe5fd2563a,3,5,10,0,0,4,3.64,0,25,2,0,0,7,135.02
pcb-d-aprs-preroute.kicad_pcb,pcb-d-aprs-26,2bbe5fd2563a,3,6,8,0,0,0,0,0,14,2,0,0,5,74.65
pcb-d-aprs-preroute.kicad_pcb,pcb-d-aprs-26,2bbe5fd2563a,3,7,4,0,0,1,1.12,0,6,2,0,0,2,21.37
pcb-d-aprs-preroute.kicad_pcb,pcb-d-aprs-26,2bbe5fd2563a,4,0,14,0,0,0,0,0,24,2,0,0,5,111.81
pcb-d-aprs-preroute.kicad_pcb,pcb-d-aprs-26,2bbe5fd2563a,4,1,8,0,0,0,0,0,26,2,0,0,8,145.09
pcb-d-aprs-preroute.kicad_pcb,pcb-d-aprs-26,2bbe5fd2563a,4,2,2,0,0,0,0,0,27,2,0,0,1,16.02
pcb-d-aprs-preroute.kicad_pcb,pcb-d-aprs-26,2bbe5fd2563a,4,4,8,0,0,2,1.12,0,26,2,0,0,3,37.45
pcb-d-aprs-preroute.kicad_pcb,pcb-d-aprs-26,2bbe5fd2563a,4,5,3,0,0,0,0,0,20,2,0,0,0,24.12
pcb-d-aprs-preroute.kicad_pcb,pcb-d-aprs-26,2bbe5fd2563a,4,6,2,0,0,0,0,0,11,2,0,0,0,21.95
pcb-d-aprs-preroute.kicad_pcb,pcb-d-aprs-26,2bbe5fd2563a,4,7,2,0,0,0,1.98,0,4,2,0,0,0,30.0
pcb-d-aprs-preroute.kicad_pcb,pcb-d-aprs-26,2bbe5fd2563a,5,0,4,0,0,0,0,0,20,2,0,0,3,111.11
pcb-d-aprs-preroute.kicad_pcb,pcb-d-aprs-26,2bbe5fd2563a,5,1,13,13,0,7,12.8,0,28,2,0,0,3,95.66
pcb-d-aprs-preroute.kicad_pcb,pcb-d-aprs-26,2bbe5fd2563a,5,2,17,3,0,5,7.5,0,38,2,0,0,9,150.34
pcb-d-aprs-preroute.kicad_pcb,pcb-d-aprs-26,2bbe5fd2563a,5,3,17,0,0,5,7.55,0,27,2,0,0,4,76.39
pcb-d-aprs-preroute.kicad_pcb,pcb-d-aprs-26,2bbe5fd2563a,5,4,7,4,0,4,8.25,0,28,2,0,0,2,64.22
pcb-d-aprs-preroute.kicad_pcb,pcb-d-aprs-26,2bbe5fd2563a,5,5,15,0,0,3,3.63,0,22,2,0,0,5,163.76
pcb-d-aprs-preroute.kicad_pcb,pcb-d-aprs-26,2bbe5fd2563a,5,6,4,0,0,0,1.75,0,9,2,0,0,0,36.78
pcb-d-aprs-preroute.kicad_pcb,pcb-d-aprs-26,2bbe5fd2563a,5,7,1,0,0,1,1.75,0,4,2,0,0,0,4.26
pcb-d-aprs-preroute.kicad_pcb,pcb-d-aprs-26,2bbe5fd2563a,6,0,4,0,0,0,0,0,18,2,0,0,2,67.79
pcb-d-aprs-preroute.kicad_pcb,pcb-d-aprs-26,2bbe5fd2563a,6,1,18,18,0,9,7.36,1.99,28,2,0,0,2,154.46
pcb-d-aprs-preroute.kicad_pcb,pcb-d-aprs-26,2bbe5fd2563a,6,2,26,4,0,4,10.53,0,46,2,0,0,6,170.77
pcb-d-aprs-preroute.kicad_pcb,pcb-d-aprs-26,2bbe5fd2563a,6,3,18,0,0,3,4.5,0,36,2,0,0,6,163.51
pcb-d-aprs-preroute.kicad_pcb,pcb-d-aprs-26,2bbe5fd2563a,6,4,25,4,0,6,13.68,0,38,2,0,0,8,136.51
pcb-d-aprs-preroute.kicad_pcb,pcb-d-aprs-26,2bbe5fd2563a,6,5,24,0,0,9,8.92,0,32,2,0,0,5,169.66
pcb-d-aprs-preroute.kicad_pcb,pcb-d-aprs-26,2bbe5fd2563a,6,6,2,0,0,1,0,0,7,2,0,0,0,12.43
pcb-d-aprs-preroute.kicad_pcb,pcb-d-aprs-26,2bbe5fd2563a,6,7,2,0,0,3,1.55,0,4,2,0,0,0,3.14
pcb-d-aprs-preroute.kicad_pcb,pcb-d-aprs-26,2bbe5fd2563a,7,0,6,0,0,0,0,0,15,2,0,0,2,118.51
pcb-d-aprs-preroute.kicad_pcb,pcb-d-aprs-26,2bbe5fd2563a,7,1,27,27,1,12,31.69,6.67,33,2,0,0,1,156.54
pcb-d-aprs-preroute.kicad_pcb,pcb-d-aprs-26,2bbe5fd2563a,7,2,13,0,0,8,5.28,0,45,2,0,0,7,82.52
pcb-d-aprs-preroute.kicad_pcb,pcb-d-aprs-26,2bbe5fd2563a,7,3,8,0,0,6,4.5,0,33,2,0,0,4,71.42
pcb-d-aprs-preroute.kicad_pcb,pcb-d-aprs-26,2bbe5fd2563a,7,4,24,0,0,6,20.45,0,33,2,0,0,8,125.54
pcb-d-aprs-preroute.kicad_pcb,pcb-d-aprs-26,2bbe5fd2563a,7,5,19,0,0,4,3.04,0,35,2,0,0,12,158.23
pcb-d-aprs-preroute.kicad_pcb,pcb-d-aprs-26,2bbe5fd2563a,7,6,2,0,0,0,0,0,8,2,0,0,0,19.07
pcb-d-aprs-preroute.kicad_pcb,pcb-d-aprs-26,2bbe5fd2563a,7,7,4,0,0,1,3.1,0,4,2,0,0,0,12.26
pcb-d-aprs-preroute.kicad_pcb,pcb-d-aprs-26,2bbe5fd2563a,8,0,2,0,0,0,0,0,11,2,0,0,0,88.15
pcb-d-aprs-preroute.kicad_pcb,pcb-d-aprs-26,2bbe5fd2563a,8,1,9,9,0,7,17.97,25.34,23,2,0,0,1,46.64
pcb-d-aprs-preroute.kicad_pcb,pcb-d-aprs-26,2bbe5fd2563a,8,2,14,0,0,3,3.38,0,32,2,0,0,4,136.56
pcb-d-aprs-preroute.kicad_pcb,pcb-d-aprs-26,2bbe5fd2563a,8,3,8,0,0,4,4.17,0,24,2,0,0,3,129.64
pcb-d-aprs-preroute.kicad_pcb,pcb-d-aprs-26,2bbe5fd2563a,8,4,9,0,0,2,1.12,0,22,2,0,0,3,60.2
pcb-d-aprs-preroute.kicad_pcb,pcb-d-aprs-26,2bbe5fd2563a,8,5,14,0,0,2,2.25,0,23,2,0,0,3,94.96
pcb-d-aprs-preroute.kicad_pcb,pcb-d-aprs-26,2bbe5fd2563a,8,6,2,0,0,0,0,0,7,2,0,0,0,6.79
pcb-d-aprs-preroute.kicad_pcb,pcb-d-aprs-26,2bbe5fd2563a,8,7,3,0,0,0,0,0,3,2,0,0,0,10.35
pcb-d-aprs-preroute.kicad_pcb,pcb-d-aprs-26,2bbe5fd2563a,9,0,1,0,0,0,0,0,7,3,0,0,0,0
pcb-d-aprs-preroute.kicad_pcb,pcb-d-aprs-26,2bbe5fd2563a,9,1,4,0,0,1,0,0,14,2,0,0,0,61.55
pcb-d-aprs-preroute.kicad_pcb,pcb-d-aprs-26,2bbe5fd2563a,9,2,7,0,0,0,0,0,16,2,0,0,1,61.43
pcb-d-aprs-preroute.kicad_pcb,pcb-d-aprs-26,2bbe5fd2563a,9,3,4,0,0,1,0.96,0,14,2,0,0,0,1.82
pcb-d-aprs-preroute.kicad_pcb,pcb-d-aprs-26,2bbe5fd2563a,9,4,2,0,0,0,0,0,11,2,0,0,0,49.39
pcb-d-aprs-preroute.kicad_pcb,pcb-d-aprs-26,2bbe5fd2563a,9,5,6,0,0,0,0,0,11,2,0,0,0,37.07
pcb-d-aprs-preroute.kicad_pcb,pcb-d-aprs-26,2bbe5fd2563a,9,6,2,0,0,0,0,0,5,2,0,0,0,31.31
pcb-d-aprs-preroute.kicad_pcb,pcb-d-aprs-26,2bbe5fd2563a,9,7,1,0,0,0,0,0,1,3,0,0,0,0
pcb-d-aprs-preroute.kicad_pcb,pcb-d-aprs-27,13dd616032ee,0,0,1,0,0,0,0,0,9,3,0,0,0,0
pcb-d-aprs-preroute.kicad_pcb,pcb-d-aprs-27,13dd616032ee,0,2,6,0,0,0,0,0,12,2,0,0,0,98.84
pcb-d-aprs-preroute.kicad_pcb,pcb-d-aprs-27,13dd616032ee,0,3,8,0,0,0,0,0,13,2,0,0,0,65.29
pcb-d-aprs-preroute.kicad_pcb,pcb-d-aprs-27,13dd616032ee,0,4,2,0,0,0,0,0,12,2,0,0,0,11.47
pcb-d-aprs-preroute.kicad_pcb,pcb-d-aprs-27,13dd616032ee,0,5,2,0,0,0,0,0,7,2,0,0,0,2.5
pcb-d-aprs-preroute.kicad_pcb,pcb-d-aprs-27,13dd616032ee,0,6,4,0,0,2,2.25,0,5,2,0,0,0,28.71
pcb-d-aprs-preroute.kicad_pcb,pcb-d-aprs-27,13dd616032ee,0,7,1,0,0,0,0,0,1,3,0,0,0,0
pcb-d-aprs-preroute.kicad_pcb,pcb-d-aprs-27,13dd616032ee,1,0,8,0,0,1,3.27,0,19,2,0,0,0,64.02
pcb-d-aprs-preroute.kicad_pcb,pcb-d-aprs-27,13dd616032ee,1,1,14,0,0,5,7.46,0,25,2,0,0,3,65.35
pcb-d-aprs-preroute.kicad_pcb,pcb-d-aprs-27,13dd616032ee,1,2,0,0,0,0,0,0,26,2,0,0,0,29.61
pcb-d-aprs-preroute.kicad_pcb,pcb-d-aprs-27,13dd616032ee,1,3,0,0,0,0,0,0,26,2,0,0,0,10.42
pcb-d-aprs-preroute.kicad_pcb,pcb-d-aprs-27,13dd616032ee,1,4,7,7,0,7,14.91,0,27,2,0,0,0,39.47
pcb-d-aprs-preroute.kicad_pcb,pcb-d-aprs-27,13dd616032ee,1,5,13,5,0,7,12.21,0,19,2,0,0,1,59.48
pcb-d-aprs-preroute.kicad_pcb,pcb-d-aprs-27,13dd616032ee,1,6,3,0,0,0,0,0,8,2,1,0,0,21.77
pcb-d-aprs-preroute.kicad_pcb,pcb-d-aprs-27,13dd616032ee,1,7,3,0,0,0,0,0,2,2,0,0,0,0
pcb-d-aprs-preroute.kicad_pcb,pcb-d-aprs-27,13dd616032ee,2,0,7,0,0,2,5.45,0,26,2,0,0,8,80.31
pcb-d-aprs-preroute.kicad_pcb,pcb-d-aprs-27,13dd616032ee,2,1,11,0,0,6,7.45,0,33,2,0,0,6,122.06
pcb-d-aprs-preroute.kicad_pcb,pcb-d-aprs-27,13dd616032ee,2,2,2,0,0,0,0,0,34,2,0,0,2,160.31
pcb-d-aprs-preroute.kicad_pcb,pcb-d-aprs-27,13dd616032ee,2,3,0,0,0,0,0,0,33,2,0,0,0,38.43
pcb-d-aprs-preroute.kicad_pcb,pcb-d-aprs-27,13dd616032ee,2,4,15,7,0,9,16.95,0,36,2,0,0,0,401.51
pcb-d-aprs-preroute.kicad_pcb,pcb-d-aprs-27,13dd616032ee,2,5,16,5,0,8,12.72,0,26,2,0,0,4,177.89
pcb-d-aprs-preroute.kicad_pcb,pcb-d-aprs-27,13dd616032ee,2,6,1,0,0,1,1.12,0,10,2,0,0,2,23.21
pcb-d-aprs-preroute.kicad_pcb,pcb-d-aprs-27,13dd616032ee,2,7,5,0,0,1,1.39,0,5,2,0,0,2,36.76
pcb-d-aprs-preroute.kicad_pcb,pcb-d-aprs-27,13dd616032ee,3,0,14,0,0,0,0,0,25,2,0,0,8,116.51
pcb-d-aprs-preroute.kicad_pcb,pcb-d-aprs-27,13dd616032ee,3,1,16,0,0,0,0,0,32,2,0,0,9,280.3
pcb-d-aprs-preroute.kicad_pcb,pcb-d-aprs-27,13dd616032ee,3,2,3,0,0,0,0,0,34,2,0,0,2,172.68
pcb-d-aprs-preroute.kicad_pcb,pcb-d-aprs-27,13dd616032ee,3,3,0,0,0,0,0,0,30,2,0,0,2,43.62
pcb-d-aprs-preroute.kicad_pcb,pcb-d-aprs-27,13dd616032ee,3,4,23,0,0,2,7.36,0,36,2,0,0,7,284.81
pcb-d-aprs-preroute.kicad_pcb,pcb-d-aprs-27,13dd616032ee,3,5,10,0,0,4,3.64,0,25,2,0,0,7,108.59
pcb-d-aprs-preroute.kicad_pcb,pcb-d-aprs-27,13dd616032ee,3,6,8,0,0,0,0,0,14,2,0,0,1,113.29
pcb-d-aprs-preroute.kicad_pcb,pcb-d-aprs-27,13dd616032ee,3,7,4,0,0,1,1.12,0,6,2,0,0,0,27.51
pcb-d-aprs-preroute.kicad_pcb,pcb-d-aprs-27,13dd616032ee,4,0,11,0,0,0,0,0,20,2,0,0,1,105.82
pcb-d-aprs-preroute.kicad_pcb,pcb-d-aprs-27,13dd616032ee,4,1,11,0,0,0,0,0,26,2,0,0,9,173.34
pcb-d-aprs-preroute.kicad_pcb,pcb-d-aprs-27,13dd616032ee,4,2,2,0,0,0,0,0,27,2,0,0,1,26.94
pcb-d-aprs-preroute.kicad_pcb,pcb-d-aprs-27,13dd616032ee,4,3,0,0,0,0,0,0,23,2,0,0,0,31.25
pcb-d-aprs-preroute.kicad_pcb,pcb-d-aprs-27,13dd616032ee,4,4,7,0,0,2,1.12,0,26,2,0,0,2,78.21
pcb-d-aprs-preroute.kicad_pcb,pcb-d-aprs-27,13dd616032ee,4,5,3,0,0,0,0,0,19,2,0,0,0,36.97
pcb-d-aprs-preroute.kicad_pcb,pcb-d-aprs-27,13dd616032ee,4,6,2,0,0,0,0,0,10,2,0,0,0,3.84
pcb-d-aprs-preroute.kicad_pcb,pcb-d-aprs-27,13dd616032ee,4,7,2,0,0,0,1.98,0,4,2,0,0,0,27.09
pcb-d-aprs-preroute.kicad_pcb,pcb-d-aprs-27,13dd616032ee,5,0,4,0,0,0,0,0,18,2,0,0,2,90.45
pcb-d-aprs-preroute.kicad_pcb,pcb-d-aprs-27,13dd616032ee,5,1,13,13,0,7,12.8,0,28,2,0,0,4,105.21
pcb-d-aprs-preroute.kicad_pcb,pcb-d-aprs-27,13dd616032ee,5,2,18,3,0,5,10.0,0,38,2,0,0,4,139.22
pcb-d-aprs-preroute.kicad_pcb,pcb-d-aprs-27,13dd616032ee,5,3,17,0,0,5,7.55,0,27,2,0,0,6,96.54
pcb-d-aprs-preroute.kicad_pcb,pcb-d-aprs-27,13dd616032ee,5,4,7,4,0,4,8.25,0,28,2,0,0,1,59.93
pcb-d-aprs-preroute.kicad_pcb,pcb-d-aprs-27,13dd616032ee,5,5,15,0,0,3,2.25,0,22,2,0,0,5,164.73
pcb-d-aprs-preroute.kicad_pcb,pcb-d-aprs-27,13dd616032ee,5,6,4,0,0,0,1.75,0,8,2,0,0,0,6.28
pcb-d-aprs-preroute.kicad_pcb,pcb-d-aprs-27,13dd616032ee,5,7,1,0,0,1,1.75,0,4,2,0,0,0,22.18
pcb-d-aprs-preroute.kicad_pcb,pcb-d-aprs-27,13dd616032ee,6,0,4,0,0,0,0,0,17,2,0,0,0,38.13
pcb-d-aprs-preroute.kicad_pcb,pcb-d-aprs-27,13dd616032ee,6,1,18,18,0,9,7.36,0,28,2,0,0,4,118.53
pcb-d-aprs-preroute.kicad_pcb,pcb-d-aprs-27,13dd616032ee,6,2,26,4,0,4,9.4,0,44,2,1,0,11,181.67
pcb-d-aprs-preroute.kicad_pcb,pcb-d-aprs-27,13dd616032ee,6,3,18,0,0,3,4.5,0,35,2,0,0,9,230.83
pcb-d-aprs-preroute.kicad_pcb,pcb-d-aprs-27,13dd616032ee,6,4,25,4,0,6,13.68,0,38,2,0,0,9,131.24
pcb-d-aprs-preroute.kicad_pcb,pcb-d-aprs-27,13dd616032ee,6,5,24,0,0,9,6.92,0,32,2,0,0,8,149.22
pcb-d-aprs-preroute.kicad_pcb,pcb-d-aprs-27,13dd616032ee,6,6,2,0,0,1,0,0,7,2,0,0,0,28.66
pcb-d-aprs-preroute.kicad_pcb,pcb-d-aprs-27,13dd616032ee,6,7,2,0,0,3,1.55,0,4,2,0,0,0,9.89
pcb-d-aprs-preroute.kicad_pcb,pcb-d-aprs-27,13dd616032ee,7,0,6,0,0,0,0,0,14,2,0,0,3,42.45
pcb-d-aprs-preroute.kicad_pcb,pcb-d-aprs-27,13dd616032ee,7,1,27,27,1,12,31.69,6.67,33,2,0,0,0,79.31
pcb-d-aprs-preroute.kicad_pcb,pcb-d-aprs-27,13dd616032ee,7,2,12,0,0,8,5.28,0,44,2,0,0,5,147.58
pcb-d-aprs-preroute.kicad_pcb,pcb-d-aprs-27,13dd616032ee,7,3,8,0,0,6,4.5,0,33,2,0,0,4,87.43
pcb-d-aprs-preroute.kicad_pcb,pcb-d-aprs-27,13dd616032ee,7,4,24,0,0,7,20.35,0,33,2,0,0,7,122.45
pcb-d-aprs-preroute.kicad_pcb,pcb-d-aprs-27,13dd616032ee,7,5,19,0,0,3,3.04,0,35,2,0,0,8,126.85
pcb-d-aprs-preroute.kicad_pcb,pcb-d-aprs-27,13dd616032ee,7,6,2,0,0,0,0,0,8,2,0,0,0,15.11
pcb-d-aprs-preroute.kicad_pcb,pcb-d-aprs-27,13dd616032ee,7,7,4,0,0,1,3.1,0,4,2,0,0,0,8.0
pcb-d-aprs-preroute.kicad_pcb,pcb-d-aprs-27,13dd616032ee,8,0,2,0,0,0,0,0,11,2,0,0,1,69.06
pcb-d-aprs-preroute.kicad_pcb,pcb-d-aprs-27,13dd616032ee,8,1,9,9,0,7,17.97,25.34,23,2,0,0,1,66.33
pcb-d-aprs-preroute.kicad_pcb,pcb-d-aprs-27,13dd616032ee,8,2,14,0,0,3,3.83,0,32,2,0,0,1,88.4
pcb-d-aprs-preroute.kicad_pcb,pcb-d-aprs-27,13dd616032ee,8,3,8,0,0,4,4.17,0,24,2,0,0,0,77.42
pcb-d-aprs-preroute.kicad_pcb,pcb-d-aprs-27,13dd616032ee,8,4,9,0,0,2,1.12,0,22,2,0,0,3,74.0
pcb-d-aprs-preroute.kicad_pcb,pcb-d-aprs-27,13dd616032ee,8,5,14,0,0,2,2.25,0,22,2,0,0,4,141.11
pcb-d-aprs-preroute.kicad_pcb,pcb-d-aprs-27,13dd616032ee,8,6,2,0,0,0,0,0,7,2,0,0,0,0
pcb-d-aprs-preroute.kicad_pcb,pcb-d-aprs-27,13dd616032ee,8,7,3,0,0,0,0,0,3,2,0,0,0,18.42
pcb-d-aprs-preroute.kicad_pcb,pcb-d-aprs-27,13dd616032ee,9,0,1,0,0,0,0,0,7,3,0,0,0,0
pcb-d-aprs-preroute.kicad_pcb,pcb-d-aprs-27,13dd616032ee,9,1,4,0,0,1,0,0,14,2,0,0,0,61.15
pcb-d-aprs-preroute.kicad_pcb,pcb-d-aprs-27,13dd616032ee,9,2,7,0,0,0,0,0,16,2,0,0,1,59.15
pcb-d-aprs-preroute.kicad_pcb,pcb-d-aprs-27,13dd616032ee,9,3,4,0,0,1,0.96,0,14,2,0,0,1,51.6
pcb-d-aprs-preroute.kicad_pcb,pcb-d-aprs-27,13dd616032ee,9,4,2,0,0,0,0,0,11,2,0,0,1,44.82
pcb-d-aprs-preroute.kicad_pcb,pcb-d-aprs-27,13dd616032ee,9,5,6,0,0,0,0,0,11,2,0,0,0,18.77
pcb-d-aprs-preroute.kicad_pcb,pcb-d-aprs-27,13dd616032ee,9,6,2,0,0,0,0,0,5,2,0,0,0,0
pcb-d-aprs-preroute.kicad_pcb,pcb-d-aprs-27,13dd616032ee,9,7,1,0,0,0,0,0,1,3,0,0,0,0
pcb-d-aprs-preroute.kicad_pcb,pcb-d-aprs-29,87f0c660ae62,0,0,1,0,0,0,0,0,9,3,0,0,0,7.18
pcb-d-aprs-preroute.kicad_pcb,pcb-d-aprs-29,87f0c660ae62,0,2,6,0,0,0,0,0,12,2,0,0,0,36.66
pcb-d-aprs-preroute.kicad_pcb,pcb-d-aprs-29,87f0c660ae62,0,3,8,0,0,0,0,0,13,2,0,0,0,13.58
pcb-d-aprs-preroute.kicad_pcb,pcb-d-aprs-29,87f0c660ae62,0,4,2,0,0,0,0,0,12,2,0,0,0,1.8
pcb-d-aprs-preroute.kicad_pcb,pcb-d-aprs-29,87f0c660ae62,0,5,2,0,0,0,0,0,7,2,0,0,0,34.7
pcb-d-aprs-preroute.kicad_pcb,pcb-d-aprs-29,87f0c660ae62,0,6,4,0,0,2,2.25,0,4,2,0,0,0,7.64
pcb-d-aprs-preroute.kicad_pcb,pcb-d-aprs-29,87f0c660ae62,0,7,1,0,0,0,0,0,1,3,0,0,0,0
pcb-d-aprs-preroute.kicad_pcb,pcb-d-aprs-29,87f0c660ae62,0,8,0,0,0,0,0,0,0,2,1,0,0,0
pcb-d-aprs-preroute.kicad_pcb,pcb-d-aprs-29,87f0c660ae62,1,0,8,0,0,2,5.53,0,20,2,0,0,4,196.48
pcb-d-aprs-preroute.kicad_pcb,pcb-d-aprs-29,87f0c660ae62,1,1,14,0,0,4,6.51,0,25,2,0,0,2,223.98
pcb-d-aprs-preroute.kicad_pcb,pcb-d-aprs-29,87f0c660ae62,1,2,0,0,0,0,0,0,26,2,0,0,2,107.54
pcb-d-aprs-preroute.kicad_pcb,pcb-d-aprs-29,87f0c660ae62,1,3,0,0,0,0,0,0,26,2,0,0,1,92.99
pcb-d-aprs-preroute.kicad_pcb,pcb-d-aprs-29,87f0c660ae62,1,4,7,7,0,7,14.91,0,26,2,0,0,1,103.37
pcb-d-aprs-preroute.kicad_pcb,pcb-d-aprs-29,87f0c660ae62,1,5,14,5,0,7,12.21,0,19,2,0,0,4,84.3
pcb-d-aprs-preroute.kicad_pcb,pcb-d-aprs-29,87f0c660ae62,1,6,2,0,0,0,0,0,7,2,0,0,0,17.41
pcb-d-aprs-preroute.kicad_pcb,pcb-d-aprs-29,87f0c660ae62,1,7,3,0,0,0,0,0,2,2,0,0,0,0
pcb-d-aprs-preroute.kicad_pcb,pcb-d-aprs-29,87f0c660ae62,2,0,7,0,0,3,6.05,0,27,2,0,0,9,94.5
pcb-d-aprs-preroute.kicad_pcb,pcb-d-aprs-29,87f0c660ae62,2,1,11,0,0,4,5.38,0,33,2,0,0,5,164.66
pcb-d-aprs-preroute.kicad_pcb,pcb-d-aprs-29,87f0c660ae62,2,2,2,0,0,0,0,0,34,2,0,0,0,12.78
pcb-d-aprs-preroute.kicad_pcb,pcb-d-aprs-29,87f0c660ae62,2,3,0,0,0,0,0,0,33,2,0,0,0,88.45
pcb-d-aprs-preroute.kicad_pcb,pcb-d-aprs-29,87f0c660ae62,2,4,15,7,0,9,16.95,0,35,2,0,0,6,216.54
pcb-d-aprs-preroute.kicad_pcb,pcb-d-aprs-29,87f0c660ae62,2,5,17,5,0,9,13.85,0,26,2,0,0,6,216.12
pcb-d-aprs-preroute.kicad_pcb,pcb-d-aprs-29,87f0c660ae62,2,6,0,0,0,0,0,0,9,2,0,0,0,6.4
pcb-d-aprs-preroute.kicad_pcb,pcb-d-aprs-29,87f0c660ae62,2,7,5,0,0,1,1.39,0,5,2,0,0,0,12.97
pcb-d-aprs-preroute.kicad_pcb,pcb-d-aprs-29,87f0c660ae62,3,0,16,0,0,0,0,0,26,2,0,0,3,126.32
pcb-d-aprs-preroute.kicad_pcb,pcb-d-aprs-29,87f0c660ae62,3,1,14,0,0,0,0,0,32,2,0,0,11,192.17
pcb-d-aprs-preroute.kicad_pcb,pcb-d-aprs-29,87f0c660ae62,3,2,3,0,0,0,0,0,34,2,0,0,2,113.29
pcb-d-aprs-preroute.kicad_pcb,pcb-d-aprs-29,87f0c660ae62,3,3,0,0,0,0,0,0,30,2,0,0,5,109.03
pcb-d-aprs-preroute.kicad_pcb,pcb-d-aprs-29,87f0c660ae62,3,4,23,0,0,1,3.83,0,35,2,0,0,5,162.34
pcb-d-aprs-preroute.kicad_pcb,pcb-d-aprs-29,87f0c660ae62,3,5,11,0,0,3,3.64,0,25,2,0,0,8,113.06
pcb-d-aprs-preroute.kicad_pcb,pcb-d-aprs-29,87f0c660ae62,3,6,8,0,0,0,0,0,13,2,1,0,2,75.03
pcb-d-aprs-preroute.kicad_pcb,pcb-d-aprs-29,87f0c660ae62,3,7,4,0,0,1,1.12,0,6,2,0,0,2,13.77
pcb-d-aprs-preroute.kicad_pcb,pcb-d-aprs-29,87f0c660ae62,4,0,10,0,0,0,0,0,21,2,0,0,5,59.36
pcb-d-aprs-preroute.kicad_pcb,pcb-d-aprs-29,87f0c660ae62,4,1,11,0,0,0,0,0,26,2,0,0,5,92.66
pcb-d-aprs-preroute.kicad_pcb,pcb-d-aprs-29,87f0c660ae62,4,2,2,0,0,0,0,0,27,2,0,0,1,76.76
pcb-d-aprs-preroute.kicad_pcb,pcb-d-aprs-29,87f0c660ae62,4,3,0,0,0,0,0,0,23,2,0,0,0,26.18
pcb-d-aprs-preroute.kicad_pcb,pcb-d-aprs-29,87f0c660ae62,4,4,7,0,0,2,1.12,0,25,2,0,0,2,82.1
pcb-d-aprs-preroute.kicad_pcb,pcb-d-aprs-29,87f0c660ae62,4,5,2,0,0,0,0,0,19,2,0,0,0,31.35
pcb-d-aprs-preroute.kicad_pcb,pcb-d-aprs-29,87f0c660ae62,4,6,2,0,0,0,0,0,9,2,0,0,0,6.38
pcb-d-aprs-preroute.kicad_pcb,pcb-d-aprs-29,87f0c660ae62,4,7,2,0,0,0,1.98,0,4,2,0,0,0,11.02
pcb-d-aprs-preroute.kicad_pcb,pcb-d-aprs-29,87f0c660ae62,5,0,5,0,0,0,0,0,19,2,0,0,2,54.73
pcb-d-aprs-preroute.kicad_pcb,pcb-d-aprs-29,87f0c660ae62,5,1,13,13,0,7,12.8,0,28,2,0,0,2,134.08
pcb-d-aprs-preroute.kicad_pcb,pcb-d-aprs-29,87f0c660ae62,5,2,17,3,0,5,10.0,0,38,2,0,0,5,157.67
pcb-d-aprs-preroute.kicad_pcb,pcb-d-aprs-29,87f0c660ae62,5,3,17,0,0,5,7.55,0,27,2,0,0,3,110.92
pcb-d-aprs-preroute.kicad_pcb,pcb-d-aprs-29,87f0c660ae62,5,4,7,4,0,4,8.25,0,27,2,0,0,1,78.12
pcb-d-aprs-preroute.kicad_pcb,pcb-d-aprs-29,87f0c660ae62,5,5,15,0,0,3,3.62,0,22,2,0,0,5,139.1
pcb-d-aprs-preroute.kicad_pcb,pcb-d-aprs-29,87f0c660ae62,5,6,4,0,0,0,1.75,0,8,2,0,0,0,2.27
pcb-d-aprs-preroute.kicad_pcb,pcb-d-aprs-29,87f0c660ae62,5,7,1,0,0,1,1.75,0,4,2,0,0,0,12.16
pcb-d-aprs-preroute.kicad_pcb,pcb-d-aprs-29,87f0c660ae62,6,0,4,0,0,0,0,0,17,2,0,0,1,72.0
pcb-d-aprs-preroute.kicad_pcb,pcb-d-aprs-29,87f0c660ae62,6,1,18,18,0,9,7.36,2.66,28,2,0,0,2,106.99
pcb-d-aprs-preroute.kicad_pcb,pcb-d-aprs-29,87f0c660ae62,6,2,26,4,0,4,9.15,0,45,2,1,0,9,154.3
pcb-d-aprs-preroute.kicad_pcb,pcb-d-aprs-29,87f0c660ae62,6,3,18,0,0,3,4.5,0,35,2,0,0,5,169.97
pcb-d-aprs-preroute.kicad_pcb,pcb-d-aprs-29,87f0c660ae62,6,4,25,4,0,6,13.68,0,37,2,0,0,9,146.43
pcb-d-aprs-preroute.kicad_pcb,pcb-d-aprs-29,87f0c660ae62,6,5,24,0,0,9,10.99,0,33,2,0,0,8,151.32
pcb-d-aprs-preroute.kicad_pcb,pcb-d-aprs-29,87f0c660ae62,6,6,2,0,0,1,0,0,8,2,0,0,0,25.36
pcb-d-aprs-preroute.kicad_pcb,pcb-d-aprs-29,87f0c660ae62,6,7,2,0,0,3,1.55,0,5,2,0,0,0,2.49
pcb-d-aprs-preroute.kicad_pcb,pcb-d-aprs-29,87f0c660ae62,7,0,6,0,0,0,0,0,14,2,0,0,1,116.98
pcb-d-aprs-preroute.kicad_pcb,pcb-d-aprs-29,87f0c660ae62,7,1,27,27,1,12,31.69,6.67,33,2,0,0,2,122.2
pcb-d-aprs-preroute.kicad_pcb,pcb-d-aprs-29,87f0c660ae62,7,2,13,0,0,7,5.95,0,44,2,0,0,9,209.04
pcb-d-aprs-preroute.kicad_pcb,pcb-d-aprs-29,87f0c660ae62,7,3,8,0,0,7,4.5,0,33,2,0,0,4,76.09
pcb-d-aprs-preroute.kicad_pcb,pcb-d-aprs-29,87f0c660ae62,7,4,24,0,0,7,20.35,0,32,2,0,0,4,122.24
pcb-d-aprs-preroute.kicad_pcb,pcb-d-aprs-29,87f0c660ae62,7,5,18,0,0,2,2.08,0,36,2,0,0,14,162.92
pcb-d-aprs-preroute.kicad_pcb,pcb-d-aprs-29,87f0c660ae62,7,6,2,0,0,0,0,0,9,2,0,0,0,10.98
pcb-d-aprs-preroute.kicad_pcb,pcb-d-aprs-29,87f0c660ae62,7,7,4,0,0,1,3.1,0,5,2,0,0,0,23.56
pcb-d-aprs-preroute.kicad_pcb,pcb-d-aprs-29,87f0c660ae62,8,0,2,0,0,0,0,0,11,2,0,0,1,77.47
pcb-d-aprs-preroute.kicad_pcb,pcb-d-aprs-29,87f0c660ae62,8,1,9,9,0,7,17.97,25.34,22,2,0,0,0,89.88
pcb-d-aprs-preroute.kicad_pcb,pcb-d-aprs-29,87f0c660ae62,8,2,14,0,0,3,3.2,0,32,2,0,0,4,79.16
pcb-d-aprs-preroute.kicad_pcb,pcb-d-aprs-29,87f0c660ae62,8,3,8,0,0,4,4.17,0,24,2,0,0,3,109.87
pcb-d-aprs-preroute.kicad_pcb,pcb-d-aprs-29,87f0c660ae62,8,4,9,0,0,2,1.12,0,22,2,0,0,2,85.71
pcb-d-aprs-preroute.kicad_pcb,pcb-d-aprs-29,87f0c660ae62,8,5,15,0,0,3,3.21,0,23,2,0,0,4,142.82
pcb-d-aprs-preroute.kicad_pcb,pcb-d-aprs-29,87f0c660ae62,8,6,2,0,0,0,0,0,7,2,0,0,0,0
pcb-d-aprs-preroute.kicad_pcb,pcb-d-aprs-29,87f0c660ae62,8,7,3,0,0,0,0,0,3,2,0,0,0,12.89
pcb-d-aprs-preroute.kicad_pcb,pcb-d-aprs-29,87f0c660ae62,9,0,1,0,0,0,0,0,7,3,0,0,0,0
pcb-d-aprs-preroute.kicad_pcb,pcb-d-aprs-29,87f0c660ae62,9,1,4,0,0,1,0,0,13,2,0,0,0,63.25
pcb-d-aprs-preroute.kicad_pcb,pcb-d-aprs-29,87f0c660ae62,9,2,7,0,0,0,0,0,16,2,0,0,1,54.37
pcb-d-aprs-preroute.kicad_pcb,pcb-d-aprs-29,87f0c660ae62,9,3,4,0,0,1,0.96,0,14,2,0,0,0,3.91
pcb-d-aprs-preroute.kicad_pcb,pcb-d-aprs-29,87f0c660ae62,9,4,2,0,0,0,0,0,11,2,0,0,0,39.46
pcb-d-aprs-preroute.kicad_pcb,pcb-d-aprs-29,87f0c660ae62,9,5,6,0,0,0,0,0,11,2,0,0,1,39.26
pcb-d-aprs-preroute.kicad_pcb,pcb-d-aprs-29,87f0c660ae62,9,6,2,0,0,0,0,0,5,2,0,0,0,4.91
pcb-d-aprs-preroute.kicad_pcb,pcb-d-aprs-29,87f0c660ae62,9,7,1,0,0,0,0,0,1,3,0,0,0,0
pcb-d-aprs-preroute.kicad_pcb,pcb-d-aprs-30,e5c13cd219e0,0,0,1,0,0,0,0,0,9,3,0,0,0,21.95
pcb-d-aprs-preroute.kicad_pcb,pcb-d-aprs-30,e5c13cd219e0,0,1,0,0,0,0,0,0,11,2,0,0,1,0
pcb-d-aprs-preroute.kicad_pcb,pcb-d-aprs-30,e5c13cd219e0,0,2,6,0,0,0,0,0,12,2,0,0,0,48.17
pcb-d-aprs-preroute.kicad_pcb,pcb-d-aprs-30,e5c13cd219e0,0,3,8,0,0,0,0,0,13,2,0,0,0,39.53
pcb-d-aprs-preroute.kicad_pcb,pcb-d-aprs-30,e5c13cd219e0,0,4,2,0,0,0,0,0,12,2,0,0,0,6.78
pcb-d-aprs-preroute.kicad_pcb,pcb-d-aprs-30,e5c13cd219e0,0,5,2,0,0,0,0,0,7,2,0,0,0,64.03
pcb-d-aprs-preroute.kicad_pcb,pcb-d-aprs-30,e5c13cd219e0,0,6,4,0,0,2,2.25,0,5,2,0,0,1,1.08
pcb-d-aprs-preroute.kicad_pcb,pcb-d-aprs-30,e5c13cd219e0,0,7,1,0,0,0,0,0,1,3,0,0,0,0
pcb-d-aprs-preroute.kicad_pcb,pcb-d-aprs-30,e5c13cd219e0,1,0,8,0,0,2,3.27,0,20,2,0,0,3,64.89
pcb-d-aprs-preroute.kicad_pcb,pcb-d-aprs-30,e5c13cd219e0,1,1,14,0,0,3,5.39,0,25,2,0,0,3,88.0
pcb-d-aprs-preroute.kicad_pcb,pcb-d-aprs-30,e5c13cd219e0,1,2,0,0,0,0,0,0,26,2,0,0,4,117.16
pcb-d-aprs-preroute.kicad_pcb,pcb-d-aprs-30,e5c13cd219e0,1,3,0,0,0,0,0,0,26,2,0,0,0,70.65
pcb-d-aprs-preroute.kicad_pcb,pcb-d-aprs-30,e5c13cd219e0,1,4,7,7,0,7,14.91,0,27,2,0,0,0,159.46
pcb-d-aprs-preroute.kicad_pcb,pcb-d-aprs-30,e5c13cd219e0,1,5,13,5,0,7,12.21,0,19,2,0,0,4,88.6
pcb-d-aprs-preroute.kicad_pcb,pcb-d-aprs-30,e5c13cd219e0,1,6,3,0,0,0,0,0,8,2,0,0,1,19.23
pcb-d-aprs-preroute.kicad_pcb,pcb-d-aprs-30,e5c13cd219e0,1,7,3,0,0,0,0,0,2,2,0,0,0,2.82
pcb-d-aprs-preroute.kicad_pcb,pcb-d-aprs-30,e5c13cd219e0,2,0,7,0,0,2,4.5,0,27,2,0,0,8,154.58
pcb-d-aprs-preroute.kicad_pcb,pcb-d-aprs-30,e5c13cd219e0,2,1,11,0,0,5,5.38,0,33,2,0,0,1,91.11
pcb-d-aprs-preroute.kicad_pcb,pcb-d-aprs-30,e5c13cd219e0,2,2,2,0,0,0,0,0,34,2,0,0,2,42.82
pcb-d-aprs-preroute.kicad_pcb,pcb-d-aprs-30,e5c13cd219e0,2,3,0,0,0,0,0,0,33,2,0,0,2,73.3
pcb-d-aprs-preroute.kicad_pcb,pcb-d-aprs-30,e5c13cd219e0,2,4,15,7,0,9,16.95,0,36,2,0,0,3,415.15
pcb-d-aprs-preroute.kicad_pcb,pcb-d-aprs-30,e5c13cd219e0,2,5,16,5,0,8,12.72,0,26,2,0,0,7,192.72
pcb-d-aprs-preroute.kicad_pcb,pcb-d-aprs-30,e5c13cd219e0,2,6,1,0,0,1,1.12,0,10,2,0,0,1,37.32
pcb-d-aprs-preroute.kicad_pcb,pcb-d-aprs-30,e5c13cd219e0,2,7,5,0,0,1,1.39,0,5,2,0,0,1,16.9
pcb-d-aprs-preroute.kicad_pcb,pcb-d-aprs-30,e5c13cd219e0,3,0,17,0,0,0,0,0,26,2,0,0,5,86.07
pcb-d-aprs-preroute.kicad_pcb,pcb-d-aprs-30,e5c13cd219e0,3,1,13,0,0,0,0,0,32,2,0,0,6,204.98
pcb-d-aprs-preroute.kicad_pcb,pcb-d-aprs-30,e5c13cd219e0,3,2,3,0,0,0,0,0,34,2,0,0,2,97.93
pcb-d-aprs-preroute.kicad_pcb,pcb-d-aprs-30,e5c13cd219e0,3,3,0,0,0,0,0,0,30,2,0,0,2,20.05
pcb-d-aprs-preroute.kicad_pcb,pcb-d-aprs-30,e5c13cd219e0,3,4,22,0,0,3,6.95,0,36,2,0,0,3,254.65
pcb-d-aprs-preroute.kicad_pcb,pcb-d-aprs-30,e5c13cd219e0,3,5,11,0,0,3,3.64,0,25,2,0,0,6,84.46
pcb-d-aprs-preroute.kicad_pcb,pcb-d-aprs-30,e5c13cd219e0,3,6,8,0,0,0,0,0,14,2,0,0,1,36.84
pcb-d-aprs-preroute.kicad_pcb,pcb-d-aprs-30,e5c13cd219e0,3,7,4,0,0,1,1.12,0,6,2,0,0,1,16.34
pcb-d-aprs-preroute.kicad_pcb,pcb-d-aprs-30,e5c13cd219e0,4,0,14,0,0,0,0,0,21,2,0,0,4,80.09
pcb-d-aprs-preroute.kicad_pcb,pcb-d-aprs-30,e5c13cd219e0,4,1,8,0,0,0,0,0,26,2,0,0,8,174.65
pcb-d-aprs-preroute.kicad_pcb,pcb-d-aprs-30,e5c13cd219e0,4,2,2,0,0,0,0,0,27,2,0,0,2,55.82
pcb-d-aprs-preroute.kicad_pcb,pcb-d-aprs-30,e5c13cd219e0,4,3,0,0,0,0,0,0,23,2,0,0,0,11.64
pcb-d-aprs-preroute.kicad_pcb,pcb-d-aprs-30,e5c13cd219e0,4,4,8,0,0,2,1.12,0,26,2,0,0,3,62.21
pcb-d-aprs-preroute.kicad_pcb,pcb-d-aprs-30,e5c13cd219e0,4,5,2,0,0,0,0,0,19,2,0,0,0,23.96
pcb-d-aprs-preroute.kicad_pcb,pcb-d-aprs-30,e5c13cd219e0,4,6,2,0,0,0,0,0,11,2,0,0,1,7.14
pcb-d-aprs-preroute.kicad_pcb,pcb-d-aprs-30,e5c13cd219e0,4,7,2,0,0,0,1.98,0,4,2,0,0,0,29.54
pcb-d-aprs-preroute.kicad_pcb,pcb-d-aprs-30,e5c13cd219e0,5,0,4,0,0,0,0,0,18,2,0,0,2,124.53
pcb-d-aprs-preroute.kicad_pcb,pcb-d-aprs-30,e5c13cd219e0,5,1,13,13,0,7,12.8,0,28,2,0,0,2,114.49
pcb-d-aprs-preroute.kicad_pcb,pcb-d-aprs-30,e5c13cd219e0,5,2,18,3,0,5,7.5,0,39,2,0,0,5,159.16
pcb-d-aprs-preroute.kicad_pcb,pcb-d-aprs-30,e5c13cd219e0,5,3,17,0,0,5,7.55,0,27,2,0,0,4,105.99
pcb-d-aprs-preroute.kicad_pcb,pcb-d-aprs-30,e5c13cd219e0,5,4,7,4,0,4,8.25,0,27,2,0,0,3,93.48
pcb-d-aprs-preroute.kicad_pcb,pcb-d-aprs-30,e5c13cd219e0,5,5,14,0,0,3,3.63,0,21,2,0,0,3,148.04
pcb-d-aprs-preroute.kicad_pcb,pcb-d-aprs-30,e5c13cd219e0,5,6,4,0,0,0,1.75,0,9,2,0,0,0,13.92
pcb-d-aprs-preroute.kicad_pcb,pcb-d-aprs-30,e5c13cd219e0,5,7,1,0,0,1,1.75,0,4,2,0,0,0,5.3
pcb-d-aprs-preroute.kicad_pcb,pcb-d-aprs-30,e5c13cd219e0,6,0,4,0,0,0,0,0,17,2,0,0,2,16.71
pcb-d-aprs-preroute.kicad_pcb,pcb-d-aprs-30,e5c13cd219e0,6,1,18,18,0,9,7.36,0,28,2,0,0,2,92.04
pcb-d-aprs-preroute.kicad_pcb,pcb-d-aprs-30,e5c13cd219e0,6,2,26,4,0,4,11.23,0,45,2,0,0,8,159.71
pcb-d-aprs-preroute.kicad_pcb,pcb-d-aprs-30,e5c13cd219e0,6,3,18,0,0,4,4.5,0,35,2,0,0,9,233.12
pcb-d-aprs-preroute.kicad_pcb,pcb-d-aprs-30,e5c13cd219e0,6,4,25,4,0,6,13.68,0,38,2,0,0,7,134.92
pcb-d-aprs-preroute.kicad_pcb,pcb-d-aprs-30,e5c13cd219e0,6,5,25,0,0,9,5.3,0,32,2,0,0,6,176.44
pcb-d-aprs-preroute.kicad_pcb,pcb-d-aprs-30,e5c13cd219e0,6,6,2,0,0,1,0,0,8,2,0,0,0,18.33
pcb-d-aprs-preroute.kicad_pcb,pcb-d-aprs-30,e5c13cd219e0,6,7,2,0,0,3,1.55,0,5,2,0,0,0,10.14
pcb-d-aprs-preroute.kicad_pcb,pcb-d-aprs-30,e5c13cd219e0,7,0,6,0,0,0,0,0,14,2,0,0,2,77.31
pcb-d-aprs-preroute.kicad_pcb,pcb-d-aprs-30,e5c13cd219e0,7,1,27,27,1,12,31.69,6.67,33,2,0,0,0,76.54
pcb-d-aprs-preroute.kicad_pcb,pcb-d-aprs-30,e5c13cd219e0,7,2,12,0,0,7,4.32,0,44,2,0,0,6,166.82
pcb-d-aprs-preroute.kicad_pcb,pcb-d-aprs-30,e5c13cd219e0,7,3,8,0,0,5,4.5,0,33,2,0,0,5,98.07
pcb-d-aprs-preroute.kicad_pcb,pcb-d-aprs-30,e5c13cd219e0,7,4,24,0,0,6,19.75,0,33,2,0,0,8,121.18
pcb-d-aprs-preroute.kicad_pcb,pcb-d-aprs-30,e5c13cd219e0,7,5,18,0,0,2,2.08,0,35,2,0,0,12,109.34
pcb-d-aprs-preroute.kicad_pcb,pcb-d-aprs-30,e5c13cd219e0,7,6,2,0,0,0,0,0,9,2,0,0,0,3.26
pcb-d-aprs-preroute.kicad_pcb,pcb-d-aprs-30,e5c13cd219e0,7,7,4,0,0,1,3.1,0,5,2,0,0,0,24.61
pcb-d-aprs-preroute.kicad_pcb,pcb-d-aprs-30,e5c13cd219e0,8,0,2,0,0,0,0,0,11,2,0,0,1,75.4
pcb-d-aprs-preroute.kicad_pcb,pcb-d-aprs-30,e5c13cd219e0,8,1,9,9,0,7,17.97,25.34,23,2,1,0,1,82.29
pcb-d-aprs-preroute.kicad_pcb,pcb-d-aprs-30,e5c13cd219e0,8,2,15,0,0,4,3.38,0,32,2,0,0,4,95.22
pcb-d-aprs-preroute.kicad_pcb,pcb-d-aprs-30,e5c13cd219e0,8,3,8,0,0,4,4.17,0,24,2,0,0,3,131.03
pcb-d-aprs-preroute.kicad_pcb,pcb-d-aprs-30,e5c13cd219e0,8,4,9,0,0,2,1.12,0,22,2,0,0,3,68.34
pcb-d-aprs-preroute.kicad_pcb,pcb-d-aprs-30,e5c13cd219e0,8,5,15,0,0,4,3.66,0,22,2,0,0,6,128.42
pcb-d-aprs-preroute.kicad_pcb,pcb-d-aprs-30,e5c13cd219e0,8,6,2,0,0,0,0,0,7,2,0,0,0,0
pcb-d-aprs-preroute.kicad_pcb,pcb-d-aprs-30,e5c13cd219e0,8,7,3,0,0,0,0,0,3,2,0,0,0,10.41
pcb-d-aprs-preroute.kicad_pcb,pcb-d-aprs-30,e5c13cd219e0,9,0,1,0,0,0,0,0,7,3,0,0,0,0
pcb-d-aprs-preroute.kicad_pcb,pcb-d-aprs-30,e5c13cd219e0,9,1,4,0,0,1,0,0,13,2,0,0,0,27.55
pcb-d-aprs-preroute.kicad_pcb,pcb-d-aprs-30,e5c13cd219e0,9,2,6,0,0,0,0,0,15,2,0,0,1,66.03
pcb-d-aprs-preroute.kicad_pcb,pcb-d-aprs-30,e5c13cd219e0,9,3,4,0,0,1,0.96,0,14,2,0,0,2,24.19
pcb-d-aprs-preroute.kicad_pcb,pcb-d-aprs-30,e5c13cd219e0,9,4,2,0,0,0,0,0,11,2,0,0,1,46.37
pcb-d-aprs-preroute.kicad_pcb,pcb-d-aprs-30,e5c13cd219e0,9,5,6,0,0,0,0,0,11,2,0,0,0,52.14
pcb-d-aprs-preroute.kicad_pcb,pcb-d-aprs-30,e5c13cd219e0,9,6,2,0,0,0,0,0,5,2,0,0,0,6.73
pcb-d-aprs-preroute.kicad_pcb,pcb-d-aprs-30,e5c13cd219e0,9,7,1,0,0,0,0,0,1,3,0,0,0,0
pcb-d-aprs-preroute.kicad_pcb,pcb-d-aprs-35,553cdb8d42a4,0,0,1,0,0,0,0,0,9,3,0,0,0,0
pcb-d-aprs-preroute.kicad_pcb,pcb-d-aprs-35,553cdb8d42a4,0,1,0,0,0,0,0,0,11,2,0,0,0,43.63
pcb-d-aprs-preroute.kicad_pcb,pcb-d-aprs-35,553cdb8d42a4,0,2,6,0,0,0,0,0,12,2,0,0,0,59.38
pcb-d-aprs-preroute.kicad_pcb,pcb-d-aprs-35,553cdb8d42a4,0,3,8,0,0,0,0,0,13,2,0,0,0,60.36
pcb-d-aprs-preroute.kicad_pcb,pcb-d-aprs-35,553cdb8d42a4,0,4,2,0,0,0,0,0,12,2,0,0,0,65.82
pcb-d-aprs-preroute.kicad_pcb,pcb-d-aprs-35,553cdb8d42a4,0,5,2,0,0,0,0,0,7,2,0,0,0,21.4
pcb-d-aprs-preroute.kicad_pcb,pcb-d-aprs-35,553cdb8d42a4,0,6,4,0,0,2,2.25,0,5,2,0,0,0,15.38
pcb-d-aprs-preroute.kicad_pcb,pcb-d-aprs-35,553cdb8d42a4,0,7,1,0,0,0,0,0,1,3,0,0,0,0
pcb-d-aprs-preroute.kicad_pcb,pcb-d-aprs-35,553cdb8d42a4,1,0,8,0,0,2,5.98,0,20,2,0,0,2,49.51
pcb-d-aprs-preroute.kicad_pcb,pcb-d-aprs-35,553cdb8d42a4,1,1,15,0,0,3,6.51,0,25,2,0,0,1,69.44
pcb-d-aprs-preroute.kicad_pcb,pcb-d-aprs-35,553cdb8d42a4,1,2,0,0,0,0,0,0,26,2,0,0,1,28.29
pcb-d-aprs-preroute.kicad_pcb,pcb-d-aprs-35,553cdb8d42a4,1,3,0,0,0,0,0,0,26,2,0,0,0,21.35
pcb-d-aprs-preroute.kicad_pcb,pcb-d-aprs-35,553cdb8d42a4,1,4,7,7,0,7,14.91,0,27,2,0,0,0,96.54
pcb-d-aprs-preroute.kicad_pcb,pcb-d-aprs-35,553cdb8d42a4,1,5,13,5,0,7,12.21,0,19,2,0,0,6,150.64
pcb-d-aprs-preroute.kicad_pcb,pcb-d-aprs-35,553cdb8d42a4,1,6,3,0,0,0,0,0,8,2,0,0,1,34.97
pcb-d-aprs-preroute.kicad_pcb,pcb-d-aprs-35,553cdb8d42a4,1,7,3,0,0,0,0,0,2,2,0,0,0,0
pcb-d-aprs-preroute.kicad_pcb,pcb-d-aprs-35,553cdb8d42a4,2,0,7,0,0,3,6.05,0,27,2,0,0,3,77.26
pcb-d-aprs-preroute.kicad_pcb,pcb-d-aprs-35,553cdb8d42a4,2,1,10,0,0,4,4.25,0,33,2,0,0,7,95.89
pcb-d-aprs-preroute.kicad_pcb,pcb-d-aprs-35,553cdb8d42a4,2,2,2,0,0,0,0,0,34,2,0,0,1,74.12
pcb-d-aprs-preroute.kicad_pcb,pcb-d-aprs-35,553cdb8d42a4,2,3,0,0,0,0,0,0,33,2,0,0,2,16.97
pcb-d-aprs-preroute.kicad_pcb,pcb-d-aprs-35,553cdb8d42a4,2,4,15,7,0,8,16.95,0,36,2,1,0,8,352.82
pcb-d-aprs-preroute.kicad_pcb,pcb-d-aprs-35,553cdb8d42a4,2,5,16,5,0,8,12.72,0,26,2,0,0,5,187.91
pcb-d-aprs-preroute.kicad_pcb,pcb-d-aprs-35,553cdb8d42a4,2,6,1,0,0,1,1.12,0,10,2,0,0,0,38.09
pcb-d-aprs-preroute.kicad_pcb,pcb-d-aprs-35,553cdb8d42a4,2,7,5,0,0,1,1.39,0,5,2,0,0,1,12.78
pcb-d-aprs-preroute.kicad_pcb,pcb-d-aprs-35,553cdb8d42a4,3,0,19,0,0,0,0,0,26,2,0,0,10,119.71
pcb-d-aprs-preroute.kicad_pcb,pcb-d-aprs-35,553cdb8d42a4,3,1,11,0,0,0,0,0,32,2,0,0,7,176.52
pcb-d-aprs-preroute.kicad_pcb,pcb-d-aprs-35,553cdb8d42a4,3,2,3,0,0,0,0,0,34,2,0,0,2,150.86
pcb-d-aprs-preroute.kicad_pcb,pcb-d-aprs-35,553cdb8d42a4,3,3,0,0,0,0,0,0,30,2,0,0,1,234.55
pcb-d-aprs-preroute.kicad_pcb,pcb-d-aprs-35,553cdb8d42a4,3,4,22,0,0,4,9.12,0,36,2,0,0,6,110.19
pcb-d-aprs-preroute.kicad_pcb,pcb-d-aprs-35,553cdb8d42a4,3,5,11,0,0,4,3.64,0,26,2,0,0,8,87.73
pcb-d-aprs-preroute.kicad_pcb,pcb-d-aprs-35,553cdb8d42a4,3,6,8,0,0,0,0,0,14,2,0,0,2,86.93
pcb-d-aprs-preroute.kicad_pcb,pcb-d-aprs-35,553cdb8d42a4,3,7,4,0,0,1,1.12,0,6,2,0,0,1,24.76
pcb-d-aprs-preroute.kicad_pcb,pcb-d-aprs-35,553cdb8d42a4,4,0,16,0,0,0,0,0,21,2,0,0,2,131.48
pcb-d-aprs-preroute.kicad_pcb,pcb-d-aprs-35,553cdb8d42a4,4,1,6,0,0,0,0,0,26,2,0,0,4,66.21
pcb-d-aprs-preroute.kicad_pcb,pcb-d-aprs-35,553cdb8d42a4,4,2,2,0,0,0,0,0,27,2,0,0,1,38.2
pcb-d-aprs-preroute.kicad_pcb,pcb-d-aprs-35,553cdb8d42a4,4,3,0,0,0,0,0,0,23,2,0,0,0,21.68
pcb-d-aprs-preroute.kicad_pcb,pcb-d-aprs-35,553cdb8d42a4,4,4,8,0,0,2,1.12,0,26,2,0,0,3,70.3
pcb-d-aprs-preroute.kicad_pcb,pcb-d-aprs-35,553cdb8d42a4,4,5,2,0,0,0,0,0,20,2,0,0,0,42.85
pcb-d-aprs-preroute.kicad_pcb,pcb-d-aprs-35,553cdb8d42a4,4,6,2,0,0,0,0,0,10,2,0,0,0,6.76
pcb-d-aprs-preroute.kicad_pcb,pcb-d-aprs-35,553cdb8d42a4,4,7,2,0,0,0,1.98,0,4,2,0,0,0,8.16
pcb-d-aprs-preroute.kicad_pcb,pcb-d-aprs-35,553cdb8d42a4,5,0,4,0,0,0,0,0,18,2,0,0,4,94.89
pcb-d-aprs-preroute.kicad_pcb,pcb-d-aprs-35,553cdb8d42a4,5,1,13,13,0,7,12.8,0,28,2,0,0,3,75.65
pcb-d-aprs-preroute.kicad_pcb,pcb-d-aprs-35,553cdb8d42a4,5,2,18,3,0,5,9.3,0,38,2,0,0,4,202.3
pcb-d-aprs-preroute.kicad_pcb,pcb-d-aprs-35,553cdb8d42a4,5,3,17,0,0,5,7.55,0,27,2,0,0,2,56.3
pcb-d-aprs-preroute.kicad_pcb,pcb-d-aprs-35,553cdb8d42a4,5,4,7,4,0,4,8.25,0,27,2,0,0,5,153.62
pcb-d-aprs-preroute.kicad_pcb,pcb-d-aprs-35,553cdb8d42a4,5,5,14,0,0,2,2.95,0,22,2,0,0,6,98.58
pcb-d-aprs-preroute.kicad_pcb,pcb-d-aprs-35,553cdb8d42a4,5,6,4,0,0,0,1.75,0,8,2,0,0,0,28.35
pcb-d-aprs-preroute.kicad_pcb,pcb-d-aprs-35,553cdb8d42a4,5,7,1,0,0,1,1.75,0,4,2,0,0,0,10.25
pcb-d-aprs-preroute.kicad_pcb,pcb-d-aprs-35,553cdb8d42a4,6,0,4,0,0,0,0,0,17,2,0,0,2,94.63
pcb-d-aprs-preroute.kicad_pcb,pcb-d-aprs-35,553cdb8d42a4,6,1,18,18,0,9,7.36,0,28,2,0,0,3,91.13
pcb-d-aprs-preroute.kicad_pcb,pcb-d-aprs-35,553cdb8d42a4,6,2,25,4,0,5,11.65,0,44,2,0,0,9,241.59
pcb-d-aprs-preroute.kicad_pcb,pcb-d-aprs-35,553cdb8d42a4,6,3,18,0,0,3,4.5,0,35,2,0,0,12,190.3
pcb-d-aprs-preroute.kicad_pcb,pcb-d-aprs-35,553cdb8d42a4,6,4,25,4,0,6,13.68,0,38,2,0,0,7,116.88
pcb-d-aprs-preroute.kicad_pcb,pcb-d-aprs-35,553cdb8d42a4,6,5,25,0,0,9,12.54,0,33,2,0,0,3,131.38
pcb-d-aprs-preroute.kicad_pcb,pcb-d-aprs-35,553cdb8d42a4,6,6,2,0,0,1,0,0,7,2,0,0,0,15.65
pcb-d-aprs-preroute.kicad_pcb,pcb-d-aprs-35,553cdb8d42a4,6,7,2,0,0,3,1.55,0,4,2,0,0,0,3.98
pcb-d-aprs-preroute.kicad_pcb,pcb-d-aprs-35,553cdb8d42a4,7,0,6,0,0,0,0,0,14,2,0,0,2,84.04
pcb-d-aprs-preroute.kicad_pcb,pcb-d-aprs-35,553cdb8d42a4,7,1,27,27,1,12,31.69,6.67,33,2,0,0,1,109.26
pcb-d-aprs-preroute.kicad_pcb,pcb-d-aprs-35,553cdb8d42a4,7,2,13,0,0,8,4.33,0,45,2,0,0,9,157.01
pcb-d-aprs-preroute.kicad_pcb,pcb-d-aprs-35,553cdb8d42a4,7,3,8,0,0,6,4.5,0,33,2,0,0,4,96.66
pcb-d-aprs-preroute.kicad_pcb,pcb-d-aprs-35,553cdb8d42a4,7,4,24,0,0,7,20.35,0,33,2,0,0,11,143.5
pcb-d-aprs-preroute.kicad_pcb,pcb-d-aprs-35,553cdb8d42a4,7,5,19,0,0,3,3.04,0,35,2,0,0,12,213.66
pcb-d-aprs-preroute.kicad_pcb,pcb-d-aprs-35,553cdb8d42a4,7,6,2,0,0,0,0,0,8,2,0,0,0,8.48
pcb-d-aprs-preroute.kicad_pcb,pcb-d-aprs-35,553cdb8d42a4,7,7,4,0,0,1,3.1,0,4,2,0,0,0,19.18
pcb-d-aprs-preroute.kicad_pcb,pcb-d-aprs-35,553cdb8d42a4,8,0,2,0,0,0,0,0,11,2,0,0,1,64.41
pcb-d-aprs-preroute.kicad_pcb,pcb-d-aprs-35,553cdb8d42a4,8,1,9,9,0,7,17.97,25.34,23,2,0,0,2,68.04
pcb-d-aprs-preroute.kicad_pcb,pcb-d-aprs-35,553cdb8d42a4,8,2,14,0,0,3,4.77,0,32,2,0,0,2,104.9
pcb-d-aprs-preroute.kicad_pcb,pcb-d-aprs-35,553cdb8d42a4,8,3,8,0,0,4,4.17,0,24,2,0,0,6,146.86
pcb-d-aprs-preroute.kicad_pcb,pcb-d-aprs-35,553cdb8d42a4,8,4,9,0,0,2,1.12,0,22,2,0,0,6,65.12
pcb-d-aprs-preroute.kicad_pcb,pcb-d-aprs-35,553cdb8d42a4,8,5,14,0,0,3,4.5,0,22,2,0,0,2,154.59
pcb-d-aprs-preroute.kicad_pcb,pcb-d-aprs-35,553cdb8d42a4,8,6,2,0,0,0,0,0,7,2,0,0,0,0
pcb-d-aprs-preroute.kicad_pcb,pcb-d-aprs-35,553cdb8d42a4,8,7,3,0,0,0,0,0,3,2,0,0,0,10.26
pcb-d-aprs-preroute.kicad_pcb,pcb-d-aprs-35,553cdb8d42a4,9,0,1,0,0,0,0,0,7,3,0,0,0,0
pcb-d-aprs-preroute.kicad_pcb,pcb-d-aprs-35,553cdb8d42a4,9,1,4,0,0,1,0,0,13,2,0,0,0,26.3
pcb-d-aprs-preroute.kicad_pcb,pcb-d-aprs-35,553cdb8d42a4,9,2,7,0,0,0,0,0,16,2,0,0,2,72.01
pcb-d-aprs-preroute.kicad_pcb,pcb-d-aprs-35,553cdb8d42a4,9,3,4,0,0,1,0.96,0,14,2,0,0,0,13.78
pcb-d-aprs-preroute.kicad_pcb,pcb-d-aprs-35,553cdb8d42a4,9,4,2,0,0,0,0,0,11,2,0,0,0,23.26
pcb-d-aprs-preroute.kicad_pcb,pcb-d-aprs-35,553cdb8d42a4,9,5,6,0,0,0,0,0,11,2,0,0,0,24.99
pcb-d-aprs-preroute.kicad_pcb,pcb-d-aprs-35,553cdb8d42a4,9,6,2,0,0,0,0,0,5,2,0,0,0,6.14
pcb-d-aprs-preroute.kicad_pcb,pcb-d-aprs-35,553cdb8d42a4,9,7,1,0,0,0,0,0,1,3,0,0,0,0
pcb-d-aprs-preroute.kicad_pcb,pcb-d-aprs-39,0760cf4424f0,0,0,1,0,0,0,0,0,9,3,0,0,0,0
pcb-d-aprs-preroute.kicad_pcb,pcb-d-aprs-39,0760cf4424f0,0,1,0,0,0,0,0,0,11,2,0,0,1,27.1
pcb-d-aprs-preroute.kicad_pcb,pcb-d-aprs-39,0760cf4424f0,0,2,6,0,0,0,0,0,12,2,0,0,1,59.64
pcb-d-aprs-preroute.kicad_pcb,pcb-d-aprs-39,0760cf4424f0,0,3,8,0,0,0,0,0,13,2,0,0,0,67.81
pcb-d-aprs-preroute.kicad_pcb,pcb-d-aprs-39,0760cf4424f0,0,4,2,0,0,0,0,0,12,2,0,0,0,19.39
pcb-d-aprs-preroute.kicad_pcb,pcb-d-aprs-39,0760cf4424f0,0,5,2,0,0,0,0,0,7,2,0,0,0,32.55
pcb-d-aprs-preroute.kicad_pcb,pcb-d-aprs-39,0760cf4424f0,0,6,4,0,0,2,2.25,0,5,2,0,0,0,0.88
pcb-d-aprs-preroute.kicad_pcb,pcb-d-aprs-39,0760cf4424f0,0,7,1,0,0,0,0,0,1,3,0,0,0,0
pcb-d-aprs-preroute.kicad_pcb,pcb-d-aprs-39,0760cf4424f0,1,0,8,0,0,2,5.53,0,19,2,0,0,1,73.44
pcb-d-aprs-preroute.kicad_pcb,pcb-d-aprs-39,0760cf4424f0,1,1,16,0,0,3,6.51,0,25,2,0,0,2,51.29
pcb-d-aprs-preroute.kicad_pcb,pcb-d-aprs-39,0760cf4424f0,1,2,0,0,0,0,0,0,26,2,0,0,0,19.3
pcb-d-aprs-preroute.kicad_pcb,pcb-d-aprs-39,0760cf4424f0,1,3,0,0,0,0,0,0,26,2,0,0,0,27.28
pcb-d-aprs-preroute.kicad_pcb,pcb-d-aprs-39,0760cf4424f0,1,4,7,7,0,7,14.91,0,27,2,0,0,0,60.01
pcb-d-aprs-preroute.kicad_pcb,pcb-d-aprs-39,0760cf4424f0,1,5,13,5,0,7,12.21,0,19,2,0,0,3,155.12
pcb-d-aprs-preroute.kicad_pcb,pcb-d-aprs-39,0760cf4424f0,1,6,4,0,0,0,1.12,0,8,2,0,0,0,28.6
pcb-d-aprs-preroute.kicad_pcb,pcb-d-aprs-39,0760cf4424f0,1,7,3,0,0,0,0,0,2,2,0,0,0,0
pcb-d-aprs-preroute.kicad_pcb,pcb-d-aprs-39,0760cf4424f0,2,0,7,0,0,3,4.95,0,26,2,0,0,9,102.53
pcb-d-aprs-preroute.kicad_pcb,pcb-d-aprs-39,0760cf4424f0,2,1,9,0,0,4,4.25,0,33,2,0,0,3,271.82
pcb-d-aprs-preroute.kicad_pcb,pcb-d-aprs-39,0760cf4424f0,2,2,2,0,0,0,0,0,34,2,0,0,3,172.0
pcb-d-aprs-preroute.kicad_pcb,pcb-d-aprs-39,0760cf4424f0,2,3,0,0,0,0,0,0,33,2,0,0,1,8.12
pcb-d-aprs-preroute.kicad_pcb,pcb-d-aprs-39,0760cf4424f0,2,4,15,7,0,9,16.0,0,36,2,0,0,4,372.96
pcb-d-aprs-preroute.kicad_pcb,pcb-d-aprs-39,0760cf4424f0,2,5,16,5,0,8,12.72,0,26,2,0,0,5,182.58
pcb-d-aprs-preroute.kicad_pcb,pcb-d-aprs-39,0760cf4424f0,2,6,0,0,0,1,0,0,10,2,0,0,0,20.36
pcb-d-aprs-preroute.kicad_pcb,pcb-d-aprs-39,0760cf4424f0,2,7,5,0,0,1,1.39,0,5,2,0,0,1,21.52
pcb-d-aprs-preroute.kicad_pcb,pcb-d-aprs-39,0760cf4424f0,3,0,17,0,0,0,0,0,25,2,0,0,3,103.17
pcb-d-aprs-preroute.kicad_pcb,pcb-d-aprs-39,0760cf4424f0,3,1,12,0,0,0,0,0,31,2,0,0,10,176.3
pcb-d-aprs-preroute.kicad_pcb,pcb-d-aprs-39,0760cf4424f0,3,2,3,0,0,0,0,0,34,2,0,0,1,82.95
pcb-d-aprs-preroute.kicad_pcb,pcb-d-aprs-39,0760cf4424f0,3,3,0,0,0,0,0,0,30,2,0,0,2,141.35
pcb-d-aprs-preroute.kicad_pcb,pcb-d-aprs-39,0760cf4424f0,3,4,23,0,0,2,6.94,0,36,2,0,0,7,102.1
pcb-d-aprs-preroute.kicad_pcb,pcb-d-aprs-39,0760cf4424f0,3,5,10,0,0,4,3.64,0,25,2,0,0,7,97.8
pcb-d-aprs-preroute.kicad_pcb,pcb-d-aprs-39,0760cf4424f0,3,6,8,0,0,0,0,0,14,2,0,0,2,58.7
pcb-d-aprs-preroute.kicad_pcb,pcb-d-aprs-39,0760cf4424f0,3,7,4,0,0,1,1.12,0,6,2,0,0,1,66.45
pcb-d-aprs-preroute.kicad_pcb,pcb-d-aprs-39,0760cf4424f0,4,0,14,0,0,0,0,0,20,2,0,0,3,78.56
pcb-d-aprs-preroute.kicad_pcb,pcb-d-aprs-39,0760cf4424f0,4,1,9,0,0,0,0,0,26,2,0,0,7,134.77
pcb-d-aprs-preroute.kicad_pcb,pcb-d-aprs-39,0760cf4424f0,4,2,2,0,0,0,0,0,27,2,0,0,2,70.02
pcb-d-aprs-preroute.kicad_pcb,pcb-d-aprs-39,0760cf4424f0,4,4,7,0,0,2,1.12,0,26,2,0,0,1,70.42
pcb-d-aprs-preroute.kicad_pcb,pcb-d-aprs-39,0760cf4424f0,4,5,3,0,0,0,0,0,19,2,0,0,1,50.41
pcb-d-aprs-preroute.kicad_pcb,pcb-d-aprs-39,0760cf4424f0,4,6,2,0,0,0,0,0,10,2,0,0,0,6.24
pcb-d-aprs-preroute.kicad_pcb,pcb-d-aprs-39,0760cf4424f0,4,7,2,0,0,0,1.98,0,4,2,0,0,0,24.78
pcb-d-aprs-preroute.kicad_pcb,pcb-d-aprs-39,0760cf4424f0,5,0,4,0,0,0,0,0,18,2,0,0,5,130.03
pcb-d-aprs-preroute.kicad_pcb,pcb-d-aprs-39,0760cf4424f0,5,1,13,13,0,7,12.8,0,27,2,0,0,2,109.14
pcb-d-aprs-preroute.kicad_pcb,pcb-d-aprs-39,0760cf4424f0,5,2,17,3,0,4,6.37,0,37,2,0,0,5,216.1
pcb-d-aprs-preroute.kicad_pcb,pcb-d-aprs-39,0760cf4424f0,5,3,17,0,0,5,7.55,0,26,2,0,0,4,96.5
pcb-d-aprs-preroute.kicad_pcb,pcb-d-aprs-39,0760cf4424f0,5,4,7,4,0,4,8.25,0,28,2,0,0,2,66.87
pcb-d-aprs-preroute.kicad_pcb,pcb-d-aprs-39,0760cf4424f0,5,5,15,0,0,3,2.5,0,22,2,0,0,5,148.74
pcb-d-aprs-preroute.kicad_pcb,pcb-d-aprs-39,0760cf4424f0,5,6,4,0,0,0,1.75,0,8,2,0,0,0,2.8
pcb-d-aprs-preroute.kicad_pcb,pcb-d-aprs-39,0760cf4424f0,5,7,1,0,0,1,1.75,0,4,2,0,0,0,0
pcb-d-aprs-preroute.kicad_pcb,pcb-d-aprs-39,0760cf4424f0,6,0,4,0,0,0,0,0,17,2,0,0,0,56.37
pcb-d-aprs-preroute.kicad_pcb,pcb-d-aprs-39,0760cf4424f0,6,1,18,18,0,9,7.36,2.66,28,2,0,0,4,103.64
pcb-d-aprs-preroute.kicad_pcb,pcb-d-aprs-39,0760cf4424f0,6,2,27,4,0,5,12.1,0,44,2,0,0,10,175.89
pcb-d-aprs-preroute.kicad_pcb,pcb-d-aprs-39,0760cf4424f0,6,3,18,0,0,3,4.5,0,33,2,0,0,7,163.99
pcb-d-aprs-preroute.kicad_pcb,pcb-d-aprs-39,0760cf4424f0,6,4,25,4,0,6,13.68,0,37,2,0,0,11,177.69
pcb-d-aprs-preroute.kicad_pcb,pcb-d-aprs-39,0760cf4424f0,6,5,24,0,0,9,9.17,0,32,2,0,0,10,168.57
pcb-d-aprs-preroute.kicad_pcb,pcb-d-aprs-39,0760cf4424f0,6,6,2,0,0,1,0,0,7,2,0,0,0,14.92
pcb-d-aprs-preroute.kicad_pcb,pcb-d-aprs-39,0760cf4424f0,6,7,2,0,0,3,1.55,0,4,2,0,0,0,2.8
pcb-d-aprs-preroute.kicad_pcb,pcb-d-aprs-39,0760cf4424f0,7,0,6,0,0,0,0,0,14,2,0,0,1,98.41
pcb-d-aprs-preroute.kicad_pcb,pcb-d-aprs-39,0760cf4424f0,7,1,27,27,1,12,31.69,10.42,33,2,0,0,2,119.7
pcb-d-aprs-preroute.kicad_pcb,pcb-d-aprs-39,0760cf4424f0,7,2,12,0,0,7,4.32,0,44,2,0,0,12,211.53
pcb-d-aprs-preroute.kicad_pcb,pcb-d-aprs-39,0760cf4424f0,7,3,8,0,0,6,4.5,0,32,2,0,0,3,85.61
pcb-d-aprs-preroute.kicad_pcb,pcb-d-aprs-39,0760cf4424f0,7,4,24,0,0,7,20.35,0,34,2,0,0,8,95.09
pcb-d-aprs-preroute.kicad_pcb,pcb-d-aprs-39,0760cf4424f0,7,5,19,0,0,3,3.04,0,35,2,0,0,10,147.71
pcb-d-aprs-preroute.kicad_pcb,pcb-d-aprs-39,0760cf4424f0,7,6,2,0,0,0,0,0,8,2,0,0,0,20.39
pcb-d-aprs-preroute.kicad_pcb,pcb-d-aprs-39,0760cf4424f0,7,7,4,0,0,1,3.1,0,4,2,0,0,0,10.5
pcb-d-aprs-preroute.kicad_pcb,pcb-d-aprs-39,0760cf4424f0,8,0,2,0,0,0,0,0,11,2,0,0,2,33.04
pcb-d-aprs-preroute.kicad_pcb,pcb-d-aprs-39,0760cf4424f0,8,1,9,9,0,7,17.97,25.34,23,2,0,0,1,74.44
pcb-d-aprs-preroute.kicad_pcb,pcb-d-aprs-39,0760cf4424f0,8,2,14,0,0,4,4.77,0,32,2,0,0,5,121.58
pcb-d-aprs-preroute.kicad_pcb,pcb-d-aprs-39,0760cf4424f0,8,3,8,0,0,4,4.17,0,23,2,0,0,2,121.73
pcb-d-aprs-preroute.kicad_pcb,pcb-d-aprs-39,0760cf4424f0,8,4,9,0,0,2,1.12,0,23,2,0,0,3,53.47
pcb-d-aprs-preroute.kicad_pcb,pcb-d-aprs-39,0760cf4424f0,8,5,14,0,0,2,2.25,0,23,2,0,0,5,134.82
pcb-d-aprs-preroute.kicad_pcb,pcb-d-aprs-39,0760cf4424f0,8,6,2,0,0,0,0,0,7,2,0,0,0,0
pcb-d-aprs-preroute.kicad_pcb,pcb-d-aprs-39,0760cf4424f0,8,7,3,0,0,0,0,0,3,2,0,0,0,7.73
pcb-d-aprs-preroute.kicad_pcb,pcb-d-aprs-39,0760cf4424f0,9,0,1,0,0,0,0,0,7,3,0,0,0,0
pcb-d-aprs-preroute.kicad_pcb,pcb-d-aprs-39,0760cf4424f0,9,1,4,0,0,1,0,0,14,2,0,0,0,28.08
pcb-d-aprs-preroute.kicad_pcb,pcb-d-aprs-39,0760cf4424f0,9,2,7,0,0,0,0,0,16,2,0,0,0,28.8
pcb-d-aprs-preroute.kicad_pcb,pcb-d-aprs-39,0760cf4424f0,9,3,4,0,0,1,0.96,0,13,2,0,0,1,21.77
pcb-d-aprs-preroute.kicad_pcb,pcb-d-aprs-39,0760cf4424f0,9,4,2,0,0,0,0,0,11,2,0,0,0,58.05
pcb-d-aprs-preroute.kicad_pcb,pcb-d-aprs-39,0760cf4424f0,9,5,6,0,0,0,0,0,11,2,0,0,0,18.0
pcb-d-aprs-preroute.kicad_pcb,pcb-d-aprs-39,0760cf4424f0,9,6,2,0,0,0,0,0,5,2,0,0,0,0
pcb-d-aprs-preroute.kicad_pcb,pcb-d-aprs-39,0760cf4424f0,9,7,1,0,0,0,0,0,1,3,0,0,0,0
pcb-d-aprs-preroute.kicad_pcb,pcb-d-aprs-40,859cb100d0c8,0,0,1,0,0,0,0,0,9,3,0,0,0,0
pcb-d-aprs-preroute.kicad_pcb,pcb-d-aprs-40,859cb100d0c8,0,2,6,0,0,0,0,0,12,2,0,0,0,87.58
pcb-d-aprs-preroute.kicad_pcb,pcb-d-aprs-40,859cb100d0c8,0,3,8,0,0,0,0,0,13,2,0,0,0,88.76
pcb-d-aprs-preroute.kicad_pcb,pcb-d-aprs-40,859cb100d0c8,0,4,2,0,0,0,0,0,12,2,0,0,0,17.92
pcb-d-aprs-preroute.kicad_pcb,pcb-d-aprs-40,859cb100d0c8,0,5,2,0,0,0,0,0,7,2,0,0,1,13.31
pcb-d-aprs-preroute.kicad_pcb,pcb-d-aprs-40,859cb100d0c8,0,6,4,0,0,2,2.25,0,5,2,0,0,0,37.86
pcb-d-aprs-preroute.kicad_pcb,pcb-d-aprs-40,859cb100d0c8,0,7,1,0,0,0,0,0,1,3,0,0,0,0
pcb-d-aprs-preroute.kicad_pcb,pcb-d-aprs-40,859cb100d0c8,1,0,8,0,0,2,3.27,0,20,2,0,0,1,85.59
pcb-d-aprs-preroute.kicad_pcb,pcb-d-aprs-40,859cb100d0c8,1,1,15,0,0,5,8.59,0,25,2,0,0,2,83.53
pcb-d-aprs-preroute.kicad_pcb,pcb-d-aprs-40,859cb100d0c8,1,2,0,0,0,0,0,0,26,2,0,0,1,13.62
pcb-d-aprs-preroute.kicad_pcb,pcb-d-aprs-40,859cb100d0c8,1,3,0,0,0,0,0,0,26,2,0,0,0,48.17
pcb-d-aprs-preroute.kicad_pcb,pcb-d-aprs-40,859cb100d0c8,1,4,7,7,0,7,14.91,0,27,2,0,0,4,113.75
pcb-d-aprs-preroute.kicad_pcb,pcb-d-aprs-40,859cb100d0c8,1,5,13,5,0,7,12.21,0,19,2,0,0,2,67.33
pcb-d-aprs-preroute.kicad_pcb,pcb-d-aprs-40,859cb100d0c8,1,6,3,0,0,0,0,0,8,2,0,0,1,36.38
pcb-d-aprs-preroute.kicad_pcb,pcb-d-aprs-40,859cb100d0c8,1,7,3,0,0,0,0,0,2,2,0,0,0,0
pcb-d-aprs-preroute.kicad_pcb,pcb-d-aprs-40,859cb100d0c8,2,0,7,0,0,3,5.45,0,27,2,0,0,5,87.91
pcb-d-aprs-preroute.kicad_pcb,pcb-d-aprs-40,859cb100d0c8,2,1,10,0,0,3,4.25,0,33,2,0,0,5,180.57
pcb-d-aprs-preroute.kicad_pcb,pcb-d-aprs-40,859cb100d0c8,2,2,2,0,0,0,0,0,34,2,0,0,1,85.92
pcb-d-aprs-preroute.kicad_pcb,pcb-d-aprs-40,859cb100d0c8,2,3,0,0,0,0,0,0,33,2,0,0,0,54.96
pcb-d-aprs-preroute.kicad_pcb,pcb-d-aprs-40,859cb100d0c8,2,4,15,7,0,9,16.95,0,36,2,1,0,3,219.67
pcb-d-aprs-preroute.kicad_pcb,pcb-d-aprs-40,859cb100d0c8,2,5,16,5,0,8,12.72,0,26,2,0,0,4,140.33
pcb-d-aprs-preroute.kicad_pcb,pcb-d-aprs-40,859cb100d0c8,2,6,1,0,0,1,1.12,0,10,2,0,0,0,25.55
pcb-d-aprs-preroute.kicad_pcb,pcb-d-aprs-40,859cb100d0c8,2,7,5,0,0,1,1.39,0,5,2,0,0,2,14.62
pcb-d-aprs-preroute.kicad_pcb,pcb-d-aprs-40,859cb100d0c8,3,0,15,0,0,0,0,0,26,2,1,0,9,115.95
pcb-d-aprs-preroute.kicad_pcb,pcb-d-aprs-40,859cb100d0c8,3,1,15,0,0,0,0,0,33,2,0,0,9,181.37
pcb-d-aprs-preroute.kicad_pcb,pcb-d-aprs-40,859cb100d0c8,3,2,3,0,0,0,0,0,34,2,0,0,5,139.58
pcb-d-aprs-preroute.kicad_pcb,pcb-d-aprs-40,859cb100d0c8,3,3,0,0,0,0,0,0,30,2,0,0,2,157.73
pcb-d-aprs-preroute.kicad_pcb,pcb-d-aprs-40,859cb100d0c8,3,4,23,0,0,2,7.81,0,36,2,0,0,8,178.33
pcb-d-aprs-preroute.kicad_pcb,pcb-d-aprs-40,859cb100d0c8,3,5,11,0,0,4,3.64,0,25,2,0,0,5,69.19
pcb-d-aprs-preroute.kicad_pcb,pcb-d-aprs-40,859cb100d0c8,3,6,8,0,0,0,0,0,14,2,0,0,2,76.44
pcb-d-aprs-preroute.kicad_pcb,pcb-d-aprs-40,859cb100d0c8,3,7,4,0,0,1,1.12,0,6,2,0,0,0,19.5
pcb-d-aprs-preroute.kicad_pcb,pcb-d-aprs-40,859cb100d0c8,4,0,12,0,0,0,0,0,21,2,0,0,3,81.7
pcb-d-aprs-preroute.kicad_pcb,pcb-d-aprs-40,859cb100d0c8,4,1,10,0,0,0,0,0,27,2,0,0,4,116.62
pcb-d-aprs-preroute.kicad_pcb,pcb-d-aprs-40,859cb100d0c8,4,2,2,0,0,0,0,0,28,2,0,0,4,83.99
pcb-d-aprs-preroute.kicad_pcb,pcb-d-aprs-40,859cb100d0c8,4,3,0,0,0,0,0,0,24,2,0,0,1,17.4
pcb-d-aprs-preroute.kicad_pcb,pcb-d-aprs-40,859cb100d0c8,4,4,7,0,0,2,1.12,0,27,2,0,0,5,115.92
pcb-d-aprs-preroute.kicad_pcb,pcb-d-aprs-40,859cb100d0c8,4,5,2,0,0,0,0,0,20,2,0,0,1,52.56
pcb-d-aprs-preroute.kicad_pcb,pcb-d-aprs-40,859cb100d0c8,4,6,2,0,0,0,0,0,11,2,0,0,0,17.88
pcb-d-aprs-preroute.kicad_pcb,pcb-d-aprs-40,859cb100d0c8,4,7,2,0,0,0,1.98,0,4,2,0,0,0,12.46
pcb-d-aprs-preroute.kicad_pcb,pcb-d-aprs-40,859cb100d0c8,5,0,4,0,0,0,0,0,18,2,0,0,4,66.82
pcb-d-aprs-preroute.kicad_pcb,pcb-d-aprs-40,859cb100d0c8,5,1,13,13,0,7,12.8,0,28,2,0,0,6,150.65
pcb-d-aprs-preroute.kicad_pcb,pcb-d-aprs-40,859cb100d0c8,5,2,18,3,0,4,6.37,0,39,2,1,0,6,188.95
pcb-d-aprs-preroute.kicad_pcb,pcb-d-aprs-40,859cb100d0c8,5,3,17,0,0,5,7.55,0,28,2,0,0,4,118.3
pcb-d-aprs-preroute.kicad_pcb,pcb-d-aprs-40,859cb100d0c8,5,4,7,4,0,4,8.25,0,29,2,0,0,2,74.54
pcb-d-aprs-preroute.kicad_pcb,pcb-d-aprs-40,859cb100d0c8,5,5,15,0,0,3,2.5,0,23,2,0,0,6,158.34
pcb-d-aprs-preroute.kicad_pcb,pcb-d-aprs-40,859cb100d0c8,5,6,4,0,0,0,1.75,0,8,2,0,0,0,3.02
pcb-d-aprs-preroute.kicad_pcb,pcb-d-aprs-40,859cb100d0c8,5,7,1,0,0,1,1.75,0,4,2,0,0,0,1.02
pcb-d-aprs-preroute.kicad_pcb,pcb-d-aprs-40,859cb100d0c8,6,0,4,0,0,0,0,0,17,2,0,0,2,42.19
pcb-d-aprs-preroute.kicad_pcb,pcb-d-aprs-40,859cb100d0c8,6,1,18,18,0,9,7.36,1.99,28,2,0,0,2,37.27
pcb-d-aprs-preroute.kicad_pcb,pcb-d-aprs-40,859cb100d0c8,6,2,26,4,0,4,9.4,0,44,2,0,0,8,180.29
pcb-d-aprs-preroute.kicad_pcb,pcb-d-aprs-40,859cb100d0c8,6,3,18,0,0,3,4.5,0,35,2,0,0,11,156.23
pcb-d-aprs-preroute.kicad_pcb,pcb-d-aprs-40,859cb100d0c8,6,4,25,4,0,6,13.68,0,38,2,0,0,10,185.73
pcb-d-aprs-preroute.kicad_pcb,pcb-d-aprs-40,859cb100d0c8,6,5,24,0,0,9,9.17,0,32,2,0,0,9,192.34
pcb-d-aprs-preroute.kicad_pcb,pcb-d-aprs-40,859cb100d0c8,6,6,2,0,0,1,0,0,7,2,0,0,0,11.49
pcb-d-aprs-preroute.kicad_pcb,pcb-d-aprs-40,859cb100d0c8,6,7,2,0,0,3,1.55,0,4,2,0,0,0,15.11
pcb-d-aprs-preroute.kicad_pcb,pcb-d-aprs-40,859cb100d0c8,7,0,6,0,0,0,0,0,14,2,0,0,2,52.92
pcb-d-aprs-preroute.kicad_pcb,pcb-d-aprs-40,859cb100d0c8,7,1,27,27,1,12,31.69,6.67,33,2,0,0,0,166.27
pcb-d-aprs-preroute.kicad_pcb,pcb-d-aprs-40,859cb100d0c8,7,2,12,0,0,8,4.82,0,44,2,0,0,4,147.43
pcb-d-aprs-preroute.kicad_pcb,pcb-d-aprs-40,859cb100d0c8,7,3,8,0,0,6,4.5,0,33,2,0,0,4,96.5
pcb-d-aprs-preroute.kicad_pcb,pcb-d-aprs-40,859cb100d0c8,7,4,24,0,0,6,20.45,0,33,2,0,0,4,93.92
pcb-d-aprs-preroute.kicad_pcb,pcb-d-aprs-40,859cb100d0c8,7,5,19,0,0,3,1.92,0,35,2,0,0,10,137.92
pcb-d-aprs-preroute.kicad_pcb,pcb-d-aprs-40,859cb100d0c8,7,6,2,0,0,0,0,0,8,2,0,0,0,22.94
pcb-d-aprs-preroute.kicad_pcb,pcb-d-aprs-40,859cb100d0c8,7,7,4,0,0,1,3.1,0,4,2,0,0,0,14.21
pcb-d-aprs-preroute.kicad_pcb,pcb-d-aprs-40,859cb100d0c8,8,0,2,0,0,0,0,0,11,2,0,0,2,40.73
pcb-d-aprs-preroute.kicad_pcb,pcb-d-aprs-40,859cb100d0c8,8,1,9,9,0,7,17.97,25.34,23,2,0,0,0,52.25
pcb-d-aprs-preroute.kicad_pcb,pcb-d-aprs-40,859cb100d0c8,8,2,14,0,0,3,3.38,0,32,2,0,0,4,124.48
pcb-d-aprs-preroute.kicad_pcb,pcb-d-aprs-40,859cb100d0c8,8,3,8,0,0,4,4.17,0,24,2,0,0,0,133.36
pcb-d-aprs-preroute.kicad_pcb,pcb-d-aprs-40,859cb100d0c8,8,4,9,0,0,2,1.12,0,22,2,0,0,4,109.05
pcb-d-aprs-preroute.kicad_pcb,pcb-d-aprs-40,859cb100d0c8,8,5,14,0,0,3,2.25,0,22,2,0,0,6,132.6
pcb-d-aprs-preroute.kicad_pcb,pcb-d-aprs-40,859cb100d0c8,8,6,2,0,0,0,0,0,7,2,0,0,0,0
pcb-d-aprs-preroute.kicad_pcb,pcb-d-aprs-40,859cb100d0c8,8,7,3,0,0,0,0,0,3,2,0,0,0,10.21
pcb-d-aprs-preroute.kicad_pcb,pcb-d-aprs-40,859cb100d0c8,9,0,1,0,0,0,0,0,7,3,0,0,0,4.62
pcb-d-aprs-preroute.kicad_pcb,pcb-d-aprs-40,859cb100d0c8,9,1,4,0,0,1,0,0,14,2,0,0,0,65.15
pcb-d-aprs-preroute.kicad_pcb,pcb-d-aprs-40,859cb100d0c8,9,2,7,0,0,0,0,0,16,2,0,0,0,73.47
pcb-d-aprs-preroute.kicad_pcb,pcb-d-aprs-40,859cb100d0c8,9,3,4,0,0,1,0.96,0,14,2,0,0,0,55.17
pcb-d-aprs-preroute.kicad_pcb,pcb-d-aprs-40,859cb100d0c8,9,4,2,0,0,0,0,0,11,2,0,0,0,28.31
pcb-d-aprs-preroute.kicad_pcb,pcb-d-aprs-40,859cb100d0c8,9,5,6,0,0,0,0,0,11,2,0,0,0,36.13
pcb-d-aprs-preroute.kicad_pcb,pcb-d-aprs-40,859cb100d0c8,9,6,2,0,0,0,0,0,5,2,0,0,0,5.5
pcb-d-aprs-preroute.kicad_pcb,pcb-d-aprs-40,859cb100d0c8,9,7,1,0,0,0,0,0,1,3,0,0,0,0
pcb-d-aprs-preroute.kicad_pcb,pcb-d-aprs-42,ecd1b9acf55a,0,0,1,0,0,0,0,0,9,3,0,0,0,0
pcb-d-aprs-preroute.kicad_pcb,pcb-d-aprs-42,ecd1b9acf55a,0,1,0,0,0,0,0,0,11,2,0,0,0,8.76
pcb-d-aprs-preroute.kicad_pcb,pcb-d-aprs-42,ecd1b9acf55a,0,2,6,0,0,0,0,0,12,2,0,0,1,49.54
pcb-d-aprs-preroute.kicad_pcb,pcb-d-aprs-42,ecd1b9acf55a,0,3,8,0,0,0,0,0,13,2,0,0,1,43.3
pcb-d-aprs-preroute.kicad_pcb,pcb-d-aprs-42,ecd1b9acf55a,0,4,2,0,0,0,0,0,12,2,0,0,0,31.74
pcb-d-aprs-preroute.kicad_pcb,pcb-d-aprs-42,ecd1b9acf55a,0,5,2,0,0,0,0,0,7,2,0,0,0,27.88
pcb-d-aprs-preroute.kicad_pcb,pcb-d-aprs-42,ecd1b9acf55a,0,6,4,0,0,2,2.25,0,5,2,0,0,0,1.08
pcb-d-aprs-preroute.kicad_pcb,pcb-d-aprs-42,ecd1b9acf55a,0,7,1,0,0,0,0,0,1,3,0,0,0,0
pcb-d-aprs-preroute.kicad_pcb,pcb-d-aprs-42,ecd1b9acf55a,0,8,0,0,0,0,0,0,0,2,2,0,0,0
pcb-d-aprs-preroute.kicad_pcb,pcb-d-aprs-42,ecd1b9acf55a,1,0,8,0,0,2,3.27,0,19,2,0,0,1,47.94
pcb-d-aprs-preroute.kicad_pcb,pcb-d-aprs-42,ecd1b9acf55a,1,1,14,0,0,4,5.39,0,25,2,0,0,2,55.32
pcb-d-aprs-preroute.kicad_pcb,pcb-d-aprs-42,ecd1b9acf55a,1,2,0,0,0,0,0,0,26,2,0,0,1,70.32
pcb-d-aprs-preroute.kicad_pcb,pcb-d-aprs-42,ecd1b9acf55a,1,3,0,0,0,0,0,0,26,2,0,0,0,29.76
pcb-d-aprs-preroute.kicad_pcb,pcb-d-aprs-42,ecd1b9acf55a,1,4,7,7,0,7,14.91,0,27,2,0,0,1,88.48
pcb-d-aprs-preroute.kicad_pcb,pcb-d-aprs-42,ecd1b9acf55a,1,5,13,5,0,7,12.21,0,19,2,0,0,3,101.68
pcb-d-aprs-preroute.kicad_pcb,pcb-d-aprs-42,ecd1b9acf55a,1,6,4,0,0,0,1.12,0,8,2,0,0,0,26.68
pcb-d-aprs-preroute.kicad_pcb,pcb-d-aprs-42,ecd1b9acf55a,1,7,3,0,0,0,0,0,2,2,0,0,0,5.16
pcb-d-aprs-preroute.kicad_pcb,pcb-d-aprs-42,ecd1b9acf55a,2,0,7,0,0,3,5.45,0,26,2,0,0,10,186.33
pcb-d-aprs-preroute.kicad_pcb,pcb-d-aprs-42,ecd1b9acf55a,2,1,11,0,0,4,5.38,0,33,2,0,0,4,239.78
pcb-d-aprs-preroute.kicad_pcb,pcb-d-aprs-42,ecd1b9acf55a,2,2,2,0,0,0,0,0,34,2,0,0,2,57.17
pcb-d-aprs-preroute.kicad_pcb,pcb-d-aprs-42,ecd1b9acf55a,2,3,0,0,0,0,0,0,33,2,0,0,1,19.17
pcb-d-aprs-preroute.kicad_pcb,pcb-d-aprs-42,ecd1b9acf55a,2,4,15,7,0,8,16.95,0,36,2,0,0,3,196.34
pcb-d-aprs-preroute.kicad_pcb,pcb-d-aprs-42,ecd1b9acf55a,2,5,16,5,0,8,12.72,0,26,2,0,0,5,204.36
pcb-d-aprs-preroute.kicad_pcb,pcb-d-aprs-42,ecd1b9acf55a,2,6,0,0,0,1,0,0,10,2,0,0,1,71.27
pcb-d-aprs-preroute.kicad_pcb,pcb-d-aprs-42,ecd1b9acf55a,2,7,5,0,0,1,1.39,0,5,2,0,0,0,13.03
pcb-d-aprs-preroute.kicad_pcb,pcb-d-aprs-42,ecd1b9acf55a,3,0,16,0,0,0,0,0,25,2,0,0,8,146.46
pcb-d-aprs-preroute.kicad_pcb,pcb-d-aprs-42,ecd1b9acf55a,3,1,13,0,0,0,0,0,32,2,0,0,5,150.69
pcb-d-aprs-preroute.kicad_pcb,pcb-d-aprs-42,ecd1b9acf55a,3,2,3,0,0,0,0,0,34,2,0,0,1,65.5
pcb-d-aprs-preroute.kicad_pcb,pcb-d-aprs-42,ecd1b9acf55a,3,3,0,0,0,0,0,0,30,2,0,0,1,65.72
pcb-d-aprs-preroute.kicad_pcb,pcb-d-aprs-42,ecd1b9acf55a,3,4,23,0,0,4,3.38,0,36,2,0,0,4,240.79
pcb-d-aprs-preroute.kicad_pcb,pcb-d-aprs-42,ecd1b9acf55a,3,5,10,0,0,2,3.64,0,25,2,0,0,4,81.11
pcb-d-aprs-preroute.kicad_pcb,pcb-d-aprs-42,ecd1b9acf55a,3,6,8,0,0,0,0,0,14,2,0,0,3,76.88
pcb-d-aprs-preroute.kicad_pcb,pcb-d-aprs-42,ecd1b9acf55a,3,7,4,0,0,1,1.12,0,6,2,0,0,2,15.2
pcb-d-aprs-preroute.kicad_pcb,pcb-d-aprs-42,ecd1b9acf55a,4,0,13,0,0,0,0,0,20,2,0,0,6,105.21
pcb-d-aprs-preroute.kicad_pcb,pcb-d-aprs-42,ecd1b9acf55a,4,1,9,0,0,0,0,0,26,2,0,0,4,115.03
pcb-d-aprs-preroute.kicad_pcb,pcb-d-aprs-42,ecd1b9acf55a,4,2,2,0,0,0,0,0,27,2,0,0,3,90.85
pcb-d-aprs-preroute.kicad_pcb,pcb-d-aprs-42,ecd1b9acf55a,4,3,0,0,0,0,0,0,23,2,0,0,2,27.63
pcb-d-aprs-preroute.kicad_pcb,pcb-d-aprs-42,ecd1b9acf55a,4,4,7,0,0,1,1.12,0,26,2,0,0,3,62.07
pcb-d-aprs-preroute.kicad_pcb,pcb-d-aprs-42,ecd1b9acf55a,4,5,3,0,0,0,0,0,19,2,0,0,1,27.1
pcb-d-aprs-preroute.kicad_pcb,pcb-d-aprs-42,ecd1b9acf55a,4,6,2,0,0,0,0,0,10,2,0,0,0,15.65
pcb-d-aprs-preroute.kicad_pcb,pcb-d-aprs-42,ecd1b9acf55a,4,7,2,0,0,0,1.98,0,4,2,0,0,0,16.59
pcb-d-aprs-preroute.kicad_pcb,pcb-d-aprs-42,ecd1b9acf55a,5,0,4,0,0,0,0,0,19,2,0,0,4,110.04
pcb-d-aprs-preroute.kicad_pcb,pcb-d-aprs-42,ecd1b9acf55a,5,1,14,13,0,7,12.8,0,29,2,0,0,2,126.74
pcb-d-aprs-preroute.kicad_pcb,pcb-d-aprs-42,ecd1b9acf55a,5,2,18,3,0,4,6.37,0,39,2,0,0,4,231.32
pcb-d-aprs-preroute.kicad_pcb,pcb-d-aprs-42,ecd1b9acf55a,5,3,17,0,0,5,7.55,0,28,2,0,0,3,87.42
pcb-d-aprs-preroute.kicad_pcb,pcb-d-aprs-42,ecd1b9acf55a,5,4,7,4,0,4,8.25,0,28,2,0,0,3,91.56
pcb-d-aprs-preroute.kicad_pcb,pcb-d-aprs-42,ecd1b9acf55a,5,5,16,0,0,4,4.75,0,23,2,0,0,3,132.37
pcb-d-aprs-preroute.kicad_pcb,pcb-d-aprs-42,ecd1b9acf55a,5,6,4,0,0,0,1.75,0,9,2,0,0,0,3.06
pcb-d-aprs-preroute.kicad_pcb,pcb-d-aprs-42,ecd1b9acf55a,5,7,1,0,0,1,1.75,0,4,2,0,0,0,1.37
pcb-d-aprs-preroute.kicad_pcb,pcb-d-aprs-42,ecd1b9acf55a,6,0,4,0,0,0,0,0,17,2,0,0,1,65.72
pcb-d-aprs-preroute.kicad_pcb,pcb-d-aprs-42,ecd1b9acf55a,6,1,18,18,0,9,7.36,0,28,2,0,0,2,82.29
pcb-d-aprs-preroute.kicad_pcb,pcb-d-aprs-42,ecd1b9acf55a,6,2,25,4,0,5,11.65,0,44,2,0,0,15,213.78
pcb-d-aprs-preroute.kicad_pcb,pcb-d-aprs-42,ecd1b9acf55a,6,3,18,0,0,4,4.5,0,35,2,0,0,8,217.7
pcb-d-aprs-preroute.kicad_pcb,pcb-d-aprs-42,ecd1b9acf55a,6,4,25,4,0,6,13.68,0,38,2,0,0,10,154.73
pcb-d-aprs-preroute.kicad_pcb,pcb-d-aprs-42,ecd1b9acf55a,6,5,23,0,0,8,5.54,0,34,2,0,0,6,189.85
pcb-d-aprs-preroute.kicad_pcb,pcb-d-aprs-42,ecd1b9acf55a,6,6,2,0,0,1,0,0,7,2,0,0,0,29.17
pcb-d-aprs-preroute.kicad_pcb,pcb-d-aprs-42,ecd1b9acf55a,6,7,2,0,0,3,1.55,0,4,2,0,0,0,2.36
pcb-d-aprs-preroute.kicad_pcb,pcb-d-aprs-42,ecd1b9acf55a,7,0,6,0,0,0,0,0,14,2,0,0,0,108.7
pcb-d-aprs-preroute.kicad_pcb,pcb-d-aprs-42,ecd1b9acf55a,7,1,27,27,1,12,31.69,6.67,33,2,0,0,0,97.07
pcb-d-aprs-preroute.kicad_pcb,pcb-d-aprs-42,ecd1b9acf55a,7,2,13,0,0,7,4.32,0,45,2,0,0,9,118.67
pcb-d-aprs-preroute.kicad_pcb,pcb-d-aprs-42,ecd1b9acf55a,7,3,8,0,0,5,4.5,0,33,2,0,0,4,76.48
pcb-d-aprs-preroute.kicad_pcb,pcb-d-aprs-42,ecd1b9acf55a,7,4,24,0,0,6,17.67,0,34,2,0,0,8,142.04
pcb-d-aprs-preroute.kicad_pcb,pcb-d-aprs-42,ecd1b9acf55a,7,5,19,0,0,3,3.04,0,36,2,0,0,8,114.23
pcb-d-aprs-preroute.kicad_pcb,pcb-d-aprs-42,ecd1b9acf55a,7,6,2,0,0,0,0,0,8,2,0,0,0,10.52
pcb-d-aprs-preroute.kicad_pcb,pcb-d-aprs-42,ecd1b9acf55a,7,7,4,0,0,1,3.1,0,4,2,0,0,0,15.92
pcb-d-aprs-preroute.kicad_pcb,pcb-d-aprs-42,ecd1b9acf55a,8,0,2,0,0,0,0,0,11,2,0,0,1,71.15
pcb-d-aprs-preroute.kicad_pcb,pcb-d-aprs-42,ecd1b9acf55a,8,1,9,9,0,7,17.97,25.34,23,2,0,0,1,43.23
pcb-d-aprs-preroute.kicad_pcb,pcb-d-aprs-42,ecd1b9acf55a,8,2,15,0,0,4,4.28,0,32,2,0,0,3,132.97
pcb-d-aprs-preroute.kicad_pcb,pcb-d-aprs-42,ecd1b9acf55a,8,3,8,0,0,4,4.17,0,24,2,0,0,2,130.83
pcb-d-aprs-preroute.kicad_pcb,pcb-d-aprs-42,ecd1b9acf55a,8,4,9,0,0,2,1.12,0,24,2,0,0,4,60.41
pcb-d-aprs-preroute.kicad_pcb,pcb-d-aprs-42,ecd1b9acf55a,8,5,14,0,0,2,2.25,0,23,2,0,0,4,101.65
pcb-d-aprs-preroute.kicad_pcb,pcb-d-aprs-42,ecd1b9acf55a,8,6,2,0,0,0,0,0,7,2,0,0,0,0
pcb-d-aprs-preroute.kicad_pcb,pcb-d-aprs-42,ecd1b9acf55a,8,7,3,0,0,0,0,0,3,2,0,0,0,10.13
pcb-d-aprs-preroute.kicad_pcb,pcb-d-aprs-42,ecd1b9acf55a,9,0,1,0,0,0,0,0,7,3,0,0,0,0
pcb-d-aprs-preroute.kicad_pcb,pcb-d-aprs-42,ecd1b9acf55a,9,1,4,0,0,1,0,0,13,2,0,0,0,55.46
pcb-d-aprs-preroute.kicad_pcb,pcb-d-aprs-42,ecd1b9acf55a,9,2,6,0,0,0,0,0,15,2,0,0,0,61.68
pcb-d-aprs-preroute.kicad_pcb,pcb-d-aprs-42,ecd1b9acf55a,9,3,4,0,0,1,0.96,0,14,2,0,0,1,51.18
pcb-d-aprs-preroute.kicad_pcb,pcb-d-aprs-42,ecd1b9acf55a,9,4,2,0,0,0,0,0,11,2,0,0,1,87.36
pcb-d-aprs-preroute.kicad_pcb,pcb-d-aprs-42,ecd1b9acf55a,9,5,6,0,0,0,0,0,11,2,0,0,0,27.46
pcb-d-aprs-preroute.kicad_pcb,pcb-d-aprs-42,ecd1b9acf55a,9,6,2,0,0,0,0,0,5,2,0,0,0,15.1
pcb-d-aprs-preroute.kicad_pcb,pcb-d-aprs-42,ecd1b9acf55a,9,7,1,0,0,0,0,0,1,3,0,0,0,0
pcb-d-aprs-preroute.kicad_pcb,pcb-d-aprs-43,ffda406a19f1,0,0,1,0,0,0,0,0,9,3,0,0,0,0
pcb-d-aprs-preroute.kicad_pcb,pcb-d-aprs-43,ffda406a19f1,0,2,6,0,0,0,0,0,12,2,0,0,0,64.57
pcb-d-aprs-preroute.kicad_pcb,pcb-d-aprs-43,ffda406a19f1,0,3,8,0,0,0,0,0,13,2,0,0,0,66.17
pcb-d-aprs-preroute.kicad_pcb,pcb-d-aprs-43,ffda406a19f1,0,4,2,0,0,0,0,0,12,2,0,0,0,26.59
pcb-d-aprs-preroute.kicad_pcb,pcb-d-aprs-43,ffda406a19f1,0,5,2,0,0,0,0,0,7,2,0,0,0,47.98
pcb-d-aprs-preroute.kicad_pcb,pcb-d-aprs-43,ffda406a19f1,0,6,4,0,0,2,2.25,0,4,2,0,0,0,26.4
pcb-d-aprs-preroute.kicad_pcb,pcb-d-aprs-43,ffda406a19f1,0,7,1,0,0,0,0,0,1,3,0,0,0,0
pcb-d-aprs-preroute.kicad_pcb,pcb-d-aprs-43,ffda406a19f1,0,8,0,0,0,0,0,0,0,2,1,0,0,0
pcb-d-aprs-preroute.kicad_pcb,pcb-d-aprs-43,ffda406a19f1,1,0,8,0,0,2,3.27,0,19,2,0,0,2,42.07
pcb-d-aprs-preroute.kicad_pcb,pcb-d-aprs-43,ffda406a19f1,1,1,15,0,0,3,7.46,0,25,2,0,0,3,73.01
pcb-d-aprs-preroute.kicad_pcb,pcb-d-aprs-43,ffda406a19f1,1,2,0,0,0,0,0,0,26,2,0,0,0,24.92
pcb-d-aprs-preroute.kicad_pcb,pcb-d-aprs-43,ffda406a19f1,1,3,0,0,0,0,0,0,26,2,0,0,0,2.95
pcb-d-aprs-preroute.kicad_pcb,pcb-d-aprs-43,ffda406a19f1,1,4,7,7,0,7,14.91,0,27,2,0,0,3,66.15
pcb-d-aprs-preroute.kicad_pcb,pcb-d-aprs-43,ffda406a19f1,1,5,14,5,0,7,12.21,0,19,2,0,0,3,118.46
pcb-d-aprs-preroute.kicad_pcb,pcb-d-aprs-43,ffda406a19f1,1,6,2,0,0,0,0,0,7,2,0,0,1,54.57
pcb-d-aprs-preroute.kicad_pcb,pcb-d-aprs-43,ffda406a19f1,1,7,3,0,0,0,0,0,2,2,0,0,0,0
pcb-d-aprs-preroute.kicad_pcb,pcb-d-aprs-43,ffda406a19f1,2,0,7,0,0,3,5.45,0,26,2,0,0,6,144.68
pcb-d-aprs-preroute.kicad_pcb,pcb-d-aprs-43,ffda406a19f1,2,1,10,0,0,4,4.25,0,33,2,0,0,3,200.42
pcb-d-aprs-preroute.kicad_pcb,pcb-d-aprs-43,ffda406a19f1,2,2,2,0,0,0,0,0,34,2,0,0,2,57.05
pcb-d-aprs-preroute.kicad_pcb,pcb-d-aprs-43,ffda406a19f1,2,3,0,0,0,0,0,0,33,2,0,0,1,62.43
pcb-d-aprs-preroute.kicad_pcb,pcb-d-aprs-43,ffda406a19f1,2,4,15,7,0,9,16.95,0,36,2,1,0,9,310.9
pcb-d-aprs-preroute.kicad_pcb,pcb-d-aprs-43,ffda406a19f1,2,5,17,5,0,9,13.85,0,26,2,0,0,7,146.17
pcb-d-aprs-preroute.kicad_pcb,pcb-d-aprs-43,ffda406a19f1,2,6,0,0,0,0,0,0,9,2,0,0,1,20.82
pcb-d-aprs-preroute.kicad_pcb,pcb-d-aprs-43,ffda406a19f1,2,7,5,0,0,1,1.39,0,5,2,0,0,1,9.02
pcb-d-aprs-preroute.kicad_pcb,pcb-d-aprs-43,ffda406a19f1,3,0,14,0,0,0,0,0,25,2,0,0,5,120.8
pcb-d-aprs-preroute.kicad_pcb,pcb-d-aprs-43,ffda406a19f1,3,1,16,0,0,0,0,0,32,2,0,0,6,123.64
pcb-d-aprs-preroute.kicad_pcb,pcb-d-aprs-43,ffda406a19f1,3,2,3,0,0,0,0,0,34,2,0,0,1,79.47
pcb-d-aprs-preroute.kicad_pcb,pcb-d-aprs-43,ffda406a19f1,3,3,0,0,0,0,0,0,30,2,0,0,4,58.04
pcb-d-aprs-preroute.kicad_pcb,pcb-d-aprs-43,ffda406a19f1,3,4,22,0,0,4,11.62,0,36,2,0,0,5,178.55
pcb-d-aprs-preroute.kicad_pcb,pcb-d-aprs-43,ffda406a19f1,3,5,10,0,0,3,3.64,0,25,2,0,0,4,78.05
pcb-d-aprs-preroute.kicad_pcb,pcb-d-aprs-43,ffda406a19f1,3,6,8,0,0,0,0,0,13,2,0,0,2,64.08
pcb-d-aprs-preroute.kicad_pcb,pcb-d-aprs-43,ffda406a19f1,3,7,4,0,0,1,1.12,0,6,2,0,0,1,26.72
pcb-d-aprs-preroute.kicad_pcb,pcb-d-aprs-43,ffda406a19f1,4,0,13,0,0,0,0,0,20,2,0,0,3,92.33
pcb-d-aprs-preroute.kicad_pcb,pcb-d-aprs-43,ffda406a19f1,4,1,8,0,0,0,0,0,26,2,0,0,8,152.08
pcb-d-aprs-preroute.kicad_pcb,pcb-d-aprs-43,ffda406a19f1,4,2,2,0,0,0,0,0,27,2,0,0,2,90.12
pcb-d-aprs-preroute.kicad_pcb,pcb-d-aprs-43,ffda406a19f1,4,3,0,0,0,0,0,0,23,2,0,0,1,107.25
pcb-d-aprs-preroute.kicad_pcb,pcb-d-aprs-43,ffda406a19f1,4,4,8,0,0,2,1.12,0,26,2,0,0,2,77.01
pcb-d-aprs-preroute.kicad_pcb,pcb-d-aprs-43,ffda406a19f1,4,5,3,0,0,0,0,0,19,2,0,0,2,70.14
pcb-d-aprs-preroute.kicad_pcb,pcb-d-aprs-43,ffda406a19f1,4,6,2,0,0,0,0,0,9,2,0,0,0,7.01
pcb-d-aprs-preroute.kicad_pcb,pcb-d-aprs-43,ffda406a19f1,4,7,2,0,0,0,1.98,0,4,2,0,0,0,18.95
pcb-d-aprs-preroute.kicad_pcb,pcb-d-aprs-43,ffda406a19f1,5,0,4,0,0,0,0,0,19,2,0,0,0,45.14
pcb-d-aprs-preroute.kicad_pcb,pcb-d-aprs-43,ffda406a19f1,5,1,14,13,0,7,12.8,0,29,2,0,0,3,84.76
pcb-d-aprs-preroute.kicad_pcb,pcb-d-aprs-43,ffda406a19f1,5,2,17,3,0,4,6.37,0,39,2,0,0,4,219.49
pcb-d-aprs-preroute.kicad_pcb,pcb-d-aprs-43,ffda406a19f1,5,3,17,0,0,5,7.55,0,28,2,0,0,2,136.43
pcb-d-aprs-preroute.kicad_pcb,pcb-d-aprs-43,ffda406a19f1,5,4,7,4,0,4,8.25,0,29,2,0,0,0,52.49
pcb-d-aprs-preroute.kicad_pcb,pcb-d-aprs-43,ffda406a19f1,5,5,15,0,0,3,3.62,0,23,2,0,0,3,99.28
pcb-d-aprs-preroute.kicad_pcb,pcb-d-aprs-43,ffda406a19f1,5,6,4,0,0,0,1.75,0,8,2,0,0,0,10.46
pcb-d-aprs-preroute.kicad_pcb,pcb-d-aprs-43,ffda406a19f1,5,7,1,0,0,1,1.75,0,4,2,0,0,0,0
pcb-d-aprs-preroute.kicad_pcb,pcb-d-aprs-43,ffda406a19f1,6,0,4,0,0,0,0,0,17,2,0,0,4,161.74
pcb-d-aprs-preroute.kicad_pcb,pcb-d-aprs-43,ffda406a19f1,6,1,18,18,0,9,7.36,1.99,28,2,0,0,3,104.63
pcb-d-aprs-preroute.kicad_pcb,pcb-d-aprs-43,ffda406a19f1,6,2,27,4,0,3,9.4,0,45,2,0,0,10,222.06
pcb-d-aprs-preroute.kicad_pcb,pcb-d-aprs-43,ffda406a19f1,6,3,18,0,0,4,4.5,0,35,2,0,0,5,147.36
pcb-d-aprs-preroute.kicad_pcb,pcb-d-aprs-43,ffda406a19f1,6,4,25,4,0,6,13.68,0,38,2,0,0,7,166.43
pcb-d-aprs-preroute.kicad_pcb,pcb-d-aprs-43,ffda406a19f1,6,5,24,0,0,9,8.04,0,32,2,0,0,9,157.73
pcb-d-aprs-preroute.kicad_pcb,pcb-d-aprs-43,ffda406a19f1,6,6,2,0,0,1,0,0,7,2,0,0,0,6.92
pcb-d-aprs-preroute.kicad_pcb,pcb-d-aprs-43,ffda406a19f1,6,7,2,0,0,3,1.55,0,4,2,0,0,0,17.61
pcb-d-aprs-preroute.kicad_pcb,pcb-d-aprs-43,ffda406a19f1,7,0,6,0,0,0,0,0,14,2,0,0,1,111.98
pcb-d-aprs-preroute.kicad_pcb,pcb-d-aprs-43,ffda406a19f1,7,1,27,27,1,12,31.69,6.67,33,2,0,0,0,131.83
pcb-d-aprs-preroute.kicad_pcb,pcb-d-aprs-43,ffda406a19f1,7,2,12,0,0,8,4.77,0,44,2,0,0,6,145.54
pcb-d-aprs-preroute.kicad_pcb,pcb-d-aprs-43,ffda406a19f1,7,3,8,0,0,6,4.5,0,33,2,0,0,4,77.02
pcb-d-aprs-preroute.kicad_pcb,pcb-d-aprs-43,ffda406a19f1,7,4,24,0,0,6,20.45,0,33,2,0,0,10,125.69
pcb-d-aprs-preroute.kicad_pcb,pcb-d-aprs-43,ffda406a19f1,7,5,19,0,0,4,3.04,0,35,2,0,0,9,125.24
pcb-d-aprs-preroute.kicad_pcb,pcb-d-aprs-43,ffda406a19f1,7,6,2,0,0,0,0,0,8,2,0,0,0,13.99
pcb-d-aprs-preroute.kicad_pcb,pcb-d-aprs-43,ffda406a19f1,7,7,4,0,0,1,3.1,0,4,2,0,0,0,23.0
pcb-d-aprs-preroute.kicad_pcb,pcb-d-aprs-43,ffda406a19f1,8,0,2,0,0,0,0,0,11,2,0,0,2,37.26
pcb-d-aprs-preroute.kicad_pcb,pcb-d-aprs-43,ffda406a19f1,8,1,9,9,0,7,17.97,25.34,23,2,0,0,1,123.15
pcb-d-aprs-preroute.kicad_pcb,pcb-d-aprs-43,ffda406a19f1,8,2,14,0,0,3,3.82,0,32,2,0,0,2,112.56
pcb-d-aprs-preroute.kicad_pcb,pcb-d-aprs-43,ffda406a19f1,8,3,8,0,0,4,4.17,0,24,2,0,0,4,87.26
pcb-d-aprs-preroute.kicad_pcb,pcb-d-aprs-43,ffda406a19f1,8,4,9,0,0,2,1.12,0,22,2,0,0,3,48.53
pcb-d-aprs-preroute.kicad_pcb,pcb-d-aprs-43,ffda406a19f1,8,5,14,0,0,2,2.25,0,22,2,0,0,5,131.57
pcb-d-aprs-preroute.kicad_pcb,pcb-d-aprs-43,ffda406a19f1,8,6,2,0,0,0,0,0,7,2,0,0,0,29.28
pcb-d-aprs-preroute.kicad_pcb,pcb-d-aprs-43,ffda406a19f1,8,7,3,0,0,0,0,0,3,2,0,0,0,5.08
pcb-d-aprs-preroute.kicad_pcb,pcb-d-aprs-43,ffda406a19f1,9,0,1,0,0,0,0,0,7,3,0,0,0,0
pcb-d-aprs-preroute.kicad_pcb,pcb-d-aprs-43,ffda406a19f1,9,1,4,0,0,1,0,0,14,2,0,0,0,20.89
pcb-d-aprs-preroute.kicad_pcb,pcb-d-aprs-43,ffda406a19f1,9,2,7,0,0,0,0,0,16,2,0,0,0,51.92
pcb-d-aprs-preroute.kicad_pcb,pcb-d-aprs-43,ffda406a19f1,9,3,4,0,0,1,0.96,0,14,2,0,0,0,0.06
pcb-d-aprs-preroute.kicad_pcb,pcb-d-aprs-43,ffda406a19f1,9,4,2,0,0,0,0,0,11,2,0,0,0,52.95
pcb-d-aprs-preroute.kicad_pcb,pcb-d-aprs-43,ffda406a19f1,9,5,6,0,0,0,0,0,11,2,0,0,0,57.57
pcb-d-aprs-preroute.kicad_pcb,pcb-d-aprs-43,ffda406a19f1,9,6,2,0,0,0,0,0,5,2,0,0,0,13.43
pcb-d-aprs-preroute.kicad_pcb,pcb-d-aprs-43,ffda406a19f1,9,7,1,0,0,0,0,0,1,3,0,0,0,0
pcb-d-aprs-preroute.kicad_pcb,pcb-d-aprs-45,d65f61997afd,0,0,1,0,0,0,0,0,9,3,0,0,0,0
pcb-d-aprs-preroute.kicad_pcb,pcb-d-aprs-45,d65f61997afd,0,2,6,0,0,0,0,0,12,2,0,0,0,62.92
pcb-d-aprs-preroute.kicad_pcb,pcb-d-aprs-45,d65f61997afd,0,3,8,0,0,0,0,0,13,2,0,0,1,50.06
pcb-d-aprs-preroute.kicad_pcb,pcb-d-aprs-45,d65f61997afd,0,4,2,0,0,0,0,0,12,2,0,0,0,20.76
pcb-d-aprs-preroute.kicad_pcb,pcb-d-aprs-45,d65f61997afd,0,5,2,0,0,0,0,0,7,2,0,0,0,18.69
pcb-d-aprs-preroute.kicad_pcb,pcb-d-aprs-45,d65f61997afd,0,6,4,0,0,2,2.25,0,5,2,0,0,0,28.55
pcb-d-aprs-preroute.kicad_pcb,pcb-d-aprs-45,d65f61997afd,0,7,1,0,0,0,0,0,1,3,0,0,0,0
pcb-d-aprs-preroute.kicad_pcb,pcb-d-aprs-45,d65f61997afd,1,0,8,0,0,2,1.38,0,19,2,0,0,1,105.85
pcb-d-aprs-preroute.kicad_pcb,pcb-d-aprs-45,d65f61997afd,1,1,13,0,0,4,6.96,0,25,2,0,0,3,53.47
pcb-d-aprs-preroute.kicad_pcb,pcb-d-aprs-45,d65f61997afd,1,2,0,0,0,0,0,0,26,2,0,0,1,99.01
pcb-d-aprs-preroute.kicad_pcb,pcb-d-aprs-45,d65f61997afd,1,3,0,0,0,0,0,0,26,2,0,0,1,71.71
pcb-d-aprs-preroute.kicad_pcb,pcb-d-aprs-45,d65f61997afd,1,4,7,7,0,7,14.91,0,27,2,0,0,2,123.43
pcb-d-aprs-preroute.kicad_pcb,pcb-d-aprs-45,d65f61997afd,1,5,13,5,0,7,12.21,0,19,2,0,0,4,116.78
pcb-d-aprs-preroute.kicad_pcb,pcb-d-aprs-45,d65f61997afd,1,6,3,0,0,0,0,0,8,2,0,0,1,7.53
pcb-d-aprs-preroute.kicad_pcb,pcb-d-aprs-45,d65f61997afd,1,7,3,0,0,0,0,0,2,2,0,0,0,0
pcb-d-aprs-preroute.kicad_pcb,pcb-d-aprs-45,d65f61997afd,2,0,7,0,0,3,6.05,0,26,2,0,0,8,160.07
pcb-d-aprs-preroute.kicad_pcb,pcb-d-aprs-45,d65f61997afd,2,1,12,0,0,4,5.38,0,33,2,0,0,3,243.96
pcb-d-aprs-preroute.kicad_pcb,pcb-d-aprs-45,d65f61997afd,2,2,2,0,0,0,0,0,34,2,0,0,1,175.69
pcb-d-aprs-preroute.kicad_pcb,pcb-d-aprs-45,d65f61997afd,2,3,0,0,0,0,0,0,33,2,0,0,3,146.84
pcb-d-aprs-preroute.kicad_pcb,pcb-d-aprs-45,d65f61997afd,2,4,15,7,0,8,16.95,0,36,2,0,0,4,167.63
pcb-d-aprs-preroute.kicad_pcb,pcb-d-aprs-45,d65f61997afd,2,5,16,5,0,8,12.72,0,26,2,0,0,5,229.21
pcb-d-aprs-preroute.kicad_pcb,pcb-d-aprs-45,d65f61997afd,2,6,1,0,0,1,1.12,0,10,2,0,0,1,17.93
pcb-d-aprs-preroute.kicad_pcb,pcb-d-aprs-45,d65f61997afd,2,7,5,0,0,1,1.39,0,5,2,0,0,2,20.3
pcb-d-aprs-preroute.kicad_pcb,pcb-d-aprs-45,d65f61997afd,3,0,14,0,0,0,0,0,25,2,0,0,5,98.6
pcb-d-aprs-preroute.kicad_pcb,pcb-d-aprs-45,d65f61997afd,3,1,16,0,0,0,0,0,32,2,0,0,9,171.55
pcb-d-aprs-preroute.kicad_pcb,pcb-d-aprs-45,d65f61997afd,3,2,3,0,0,0,0,0,34,2,0,0,1,21.95
pcb-d-aprs-preroute.kicad_pcb,pcb-d-aprs-45,d65f61997afd,3,3,0,0,0,0,0,0,30,2,0,0,0,15.03
pcb-d-aprs-preroute.kicad_pcb,pcb-d-aprs-45,d65f61997afd,3,4,22,0,0,4,9.62,0,36,2,0,0,6,143.85
pcb-d-aprs-preroute.kicad_pcb,pcb-d-aprs-45,d65f61997afd,3,5,11,0,0,4,3.64,0,25,2,0,0,6,113.47
pcb-d-aprs-preroute.kicad_pcb,pcb-d-aprs-45,d65f61997afd,3,6,8,0,0,0,0,0,14,2,0,0,1,80.13
pcb-d-aprs-preroute.kicad_pcb,pcb-d-aprs-45,d65f61997afd,3,7,4,0,0,1,1.12,0,6,2,0,0,0,8.19
pcb-d-aprs-preroute.kicad_pcb,pcb-d-aprs-45,d65f61997afd,4,0,11,0,0,0,0,0,19,2,0,0,4,105.23
pcb-d-aprs-preroute.kicad_pcb,pcb-d-aprs-45,d65f61997afd,4,1,11,0,0,0,0,0,26,2,0,0,4,122.94
pcb-d-aprs-preroute.kicad_pcb,pcb-d-aprs-45,d65f61997afd,4,2,2,0,0,0,0,0,27,2,0,0,5,128.32
pcb-d-aprs-preroute.kicad_pcb,pcb-d-aprs-45,d65f61997afd,4,4,8,0,0,2,1.12,0,26,2,0,0,4,74.78
pcb-d-aprs-preroute.kicad_pcb,pcb-d-aprs-45,d65f61997afd,4,5,2,0,0,0,0,0,20,2,0,0,0,22.44
pcb-d-aprs-preroute.kicad_pcb,pcb-d-aprs-45,d65f61997afd,4,6,2,0,0,0,0,0,10,2,0,0,0,0.49
pcb-d-aprs-preroute.kicad_pcb,pcb-d-aprs-45,d65f61997afd,4,7,2,0,0,0,1.98,0,4,2,0,0,0,8.01
pcb-d-aprs-preroute.kicad_pcb,pcb-d-aprs-45,d65f61997afd,5,0,4,0,0,0,0,0,18,2,0,0,3,72.63
pcb-d-aprs-preroute.kicad_pcb,pcb-d-aprs-45,d65f61997afd,5,1,13,13,0,7,12.8,0,28,2,0,0,2,114.05
pcb-d-aprs-preroute.kicad_pcb,pcb-d-aprs-45,d65f61997afd,5,2,17,3,0,4,6.37,0,38,2,0,0,8,143.89
pcb-d-aprs-preroute.kicad_pcb,pcb-d-aprs-45,d65f61997afd,5,3,17,0,0,5,7.55,0,27,2,0,0,4,101.35
pcb-d-aprs-preroute.kicad_pcb,pcb-d-aprs-45,d65f61997afd,5,4,7,4,0,4,8.25,0,27,2,0,0,3,43.45
pcb-d-aprs-preroute.kicad_pcb,pcb-d-aprs-45,d65f61997afd,5,5,14,0,0,3,3.62,0,21,2,0,0,5,164.87
pcb-d-aprs-preroute.kicad_pcb,pcb-d-aprs-45,d65f61997afd,5,6,4,0,0,0,1.75,0,8,2,0,0,0,6.78
pcb-d-aprs-preroute.kicad_pcb,pcb-d-aprs-45,d65f61997afd,5,7,1,0,0,1,1.75,0,4,2,0,0,0,0
pcb-d-aprs-preroute.kicad_pcb,pcb-d-aprs-45,d65f61997afd,6,0,4,0,0,0,0,0,17,2,0,0,1,43.7
pcb-d-aprs-preroute.kicad_pcb,pcb-d-aprs-45,d65f61997afd,6,1,18,18,0,9,7.36,1.99,28,2,0,0,4,121.04
pcb-d-aprs-preroute.kicad_pcb,pcb-d-aprs-45,d65f61997afd,6,2,26,4,0,5,11.65,0,45,2,0,0,11,151.27
pcb-d-aprs-preroute.kicad_pcb,pcb-d-aprs-45,d65f61997afd,6,3,18,0,0,3,4.5,0,35,2,0,0,12,220.55
pcb-d-aprs-preroute.kicad_pcb,pcb-d-aprs-45,d65f61997afd,6,4,25,4,0,7,13.68,0,38,2,0,0,10,155.78
pcb-d-aprs-preroute.kicad_pcb,pcb-d-aprs-45,d65f61997afd,6,5,25,0,0,8,10.04,0,32,2,0,0,7,187.84
pcb-d-aprs-preroute.kicad_pcb,pcb-d-aprs-45,d65f61997afd,6,6,2,0,0,1,0,0,8,2,0,0,0,16.32
pcb-d-aprs-preroute.kicad_pcb,pcb-d-aprs-45,d65f61997afd,6,7,2,0,0,3,1.55,0,5,2,0,0,0,24.18
pcb-d-aprs-preroute.kicad_pcb,pcb-d-aprs-45,d65f61997afd,7,0,6,0,0,0,0,0,14,2,0,0,1,203.77
pcb-d-aprs-preroute.kicad_pcb,pcb-d-aprs-45,d65f61997afd,7,1,27,27,1,12,31.69,6.67,33,2,0,0,0,82.65
pcb-d-aprs-preroute.kicad_pcb,pcb-d-aprs-45,d65f61997afd,7,2,13,0,0,8,4.83,0,45,2,0,0,7,152.62
pcb-d-aprs-preroute.kicad_pcb,pcb-d-aprs-45,d65f61997afd,7,3,8,0,0,6,4.5,0,33,2,0,0,4,77.01
pcb-d-aprs-preroute.kicad_pcb,pcb-d-aprs-45,d65f61997afd,7,4,24,0,0,6,19.75,0,33,2,0,0,6,126.08
pcb-d-aprs-preroute.kicad_pcb,pcb-d-aprs-45,d65f61997afd,7,5,18,0,0,3,2.08,0,35,2,0,0,9,124.11
pcb-d-aprs-preroute.kicad_pcb,pcb-d-aprs-45,d65f61997afd,7,6,2,0,0,0,0,0,9,2,0,0,0,11.79
pcb-d-aprs-preroute.kicad_pcb,pcb-d-aprs-45,d65f61997afd,7,7,4,0,0,1,3.1,0,5,2,0,0,0,19.09
pcb-d-aprs-preroute.kicad_pcb,pcb-d-aprs-45,d65f61997afd,8,0,2,0,0,0,0,0,11,2,0,0,1,23.61
pcb-d-aprs-preroute.kicad_pcb,pcb-d-aprs-45,d65f61997afd,8,1,9,9,0,7,17.97,25.34,23,2,0,0,3,63.37
pcb-d-aprs-preroute.kicad_pcb,pcb-d-aprs-45,d65f61997afd,8,2,15,0,0,3,4.33,0,32,2,0,0,4,157.1
pcb-d-aprs-preroute.kicad_pcb,pcb-d-aprs-45,d65f61997afd,8,3,8,0,0,4,4.17,0,24,2,0,0,3,112.39
pcb-d-aprs-preroute.kicad_pcb,pcb-d-aprs-45,d65f61997afd,8,4,9,0,0,2,1.12,0,22,2,0,0,3,99.24
pcb-d-aprs-preroute.kicad_pcb,pcb-d-aprs-45,d65f61997afd,8,5,15,0,0,3,3.21,0,22,2,0,0,2,87.72
pcb-d-aprs-preroute.kicad_pcb,pcb-d-aprs-45,d65f61997afd,8,6,2,0,0,0,0,0,7,2,0,0,0,0
pcb-d-aprs-preroute.kicad_pcb,pcb-d-aprs-45,d65f61997afd,8,7,3,0,0,0,0,0,3,2,0,0,0,13.63
pcb-d-aprs-preroute.kicad_pcb,pcb-d-aprs-45,d65f61997afd,9,0,1,0,0,0,0,0,7,3,0,0,0,0
pcb-d-aprs-preroute.kicad_pcb,pcb-d-aprs-45,d65f61997afd,9,1,4,0,0,1,0,0,13,2,0,0,0,40.73
pcb-d-aprs-preroute.kicad_pcb,pcb-d-aprs-45,d65f61997afd,9,2,6,0,0,0,0,0,15,2,0,0,0,92.67
pcb-d-aprs-preroute.kicad_pcb,pcb-d-aprs-45,d65f61997afd,9,3,4,0,0,1,0.96,0,14,2,0,0,0,11.4
pcb-d-aprs-preroute.kicad_pcb,pcb-d-aprs-45,d65f61997afd,9,4,2,0,0,0,0,0,11,2,0,0,0,55.09
pcb-d-aprs-preroute.kicad_pcb,pcb-d-aprs-45,d65f61997afd,9,5,6,0,0,0,0,0,11,2,0,0,0,35.24
pcb-d-aprs-preroute.kicad_pcb,pcb-d-aprs-45,d65f61997afd,9,6,2,0,0,0,0,0,5,2,0,0,0,14.5
pcb-d-aprs-preroute.kicad_pcb,pcb-d-aprs-45,d65f61997afd,9,7,1,0,0,0,0,0,1,3,0,0,0,0
pcb-d-aprs-preroute.kicad_pcb,pcb-d-aprs-46,60dbc27bd1fb,0,0,1,0,0,0,0,0,9,3,0,0,0,0
pcb-d-aprs-preroute.kicad_pcb,pcb-d-aprs-46,60dbc27bd1fb,0,1,0,0,0,0,0,0,11,2,0,0,0,6.86
pcb-d-aprs-preroute.kicad_pcb,pcb-d-aprs-46,60dbc27bd1fb,0,2,6,0,0,0,0,0,12,2,0,0,0,73.41
pcb-d-aprs-preroute.kicad_pcb,pcb-d-aprs-46,60dbc27bd1fb,0,3,8,0,0,0,0,0,13,2,0,0,0,58.27
pcb-d-aprs-preroute.kicad_pcb,pcb-d-aprs-46,60dbc27bd1fb,0,4,2,0,0,0,0,0,12,2,0,0,0,17.75
pcb-d-aprs-preroute.kicad_pcb,pcb-d-aprs-46,60dbc27bd1fb,0,5,2,0,0,0,0,0,7,2,0,0,0,57.34
pcb-d-aprs-preroute.kicad_pcb,pcb-d-aprs-46,60dbc27bd1fb,0,6,4,0,0,2,2.25,0,5,2,0,0,0,10.92
pcb-d-aprs-preroute.kicad_pcb,pcb-d-aprs-46,60dbc27bd1fb,0,7,1,0,0,0,0,0,1,3,0,0,0,0
pcb-d-aprs-preroute.kicad_pcb,pcb-d-aprs-46,60dbc27bd1fb,1,0,8,0,0,2,4.22,0,20,2,0,0,3,64.67
pcb-d-aprs-preroute.kicad_pcb,pcb-d-aprs-46,60dbc27bd1fb,1,1,14,0,0,4,7.46,0,25,2,0,0,1,42.63
pcb-d-aprs-preroute.kicad_pcb,pcb-d-aprs-46,60dbc27bd1fb,1,2,0,0,0,0,0,0,26,2,0,0,0,59.95
pcb-d-aprs-preroute.kicad_pcb,pcb-d-aprs-46,60dbc27bd1fb,1,3,0,0,0,0,0,0,26,2,0,0,1,36.31
pcb-d-aprs-preroute.kicad_pcb,pcb-d-aprs-46,60dbc27bd1fb,1,4,7,7,0,7,14.91,0,27,2,0,0,2,147.67
pcb-d-aprs-preroute.kicad_pcb,pcb-d-aprs-46,60dbc27bd1fb,1,5,13,5,0,7,12.21,0,19,2,0,0,2,84.4
pcb-d-aprs-preroute.kicad_pcb,pcb-d-aprs-46,60dbc27bd1fb,1,6,3,0,0,0,0,0,8,2,0,0,1,38.29
pcb-d-aprs-preroute.kicad_pcb,pcb-d-aprs-46,60dbc27bd1fb,1,7,3,0,0,0,0,0,2,2,0,0,0,3.0
pcb-d-aprs-preroute.kicad_pcb,pcb-d-aprs-46,60dbc27bd1fb,2,0,7,0,0,3,4.5,0,27,2,0,0,5,153.92
pcb-d-aprs-preroute.kicad_pcb,pcb-d-aprs-46,60dbc27bd1fb,2,1,11,0,0,4,5.38,0,33,2,0,0,4,282.97
pcb-d-aprs-preroute.kicad_pcb,pcb-d-aprs-46,60dbc27bd1fb,2,2,2,0,0,0,0,0,34,2,0,0,2,34.82
pcb-d-aprs-preroute.kicad_pcb,pcb-d-aprs-46,60dbc27bd1fb,2,3,0,0,0,0,0,0,33,2,0,0,1,63.59
pcb-d-aprs-preroute.kicad_pcb,pcb-d-aprs-46,60dbc27bd1fb,2,4,15,7,0,8,16.95,0,36,2,0,0,6,288.19
pcb-d-aprs-preroute.kicad_pcb,pcb-d-aprs-46,60dbc27bd1fb,2,5,16,5,0,9,12.72,0,26,2,0,0,6,236.9
pcb-d-aprs-preroute.kicad_pcb,pcb-d-aprs-46,60dbc27bd1fb,2,6,1,0,0,1,1.12,0,10,2,0,0,0,10.72
pcb-d-aprs-preroute.kicad_pcb,pcb-d-aprs-46,60dbc27bd1fb,2,7,5,0,0,1,1.39,0,5,2,0,0,1,20.33
pcb-d-aprs-preroute.kicad_pcb,pcb-d-aprs-46,60dbc27bd1fb,3,0,14,0,0,0,0,0,26,2,0,0,7,120.84
pcb-d-aprs-preroute.kicad_pcb,pcb-d-aprs-46,60dbc27bd1fb,3,1,16,0,0,0,0,0,32,2,0,0,10,158.11
pcb-d-aprs-preroute.kicad_pcb,pcb-d-aprs-46,60dbc27bd1fb,3,2,3,0,0,0,0,0,34,2,0,0,2,42.88
pcb-d-aprs-preroute.kicad_pcb,pcb-d-aprs-46,60dbc27bd1fb,3,3,0,0,0,0,0,0,30,2,0,0,2,85.78
pcb-d-aprs-preroute.kicad_pcb,pcb-d-aprs-46,60dbc27bd1fb,3,4,22,0,0,2,6.75,0,36,2,0,0,2,142.64
pcb-d-aprs-preroute.kicad_pcb,pcb-d-aprs-46,60dbc27bd1fb,3,5,11,0,0,3,3.64,0,25,2,0,0,8,113.9
pcb-d-aprs-preroute.kicad_pcb,pcb-d-aprs-46,60dbc27bd1fb,3,6,8,0,0,0,0,0,14,2,0,0,2,72.0
pcb-d-aprs-preroute.kicad_pcb,pcb-d-aprs-46,60dbc27bd1fb,3,7,4,0,0,1,1.12,0,6,2,0,0,1,52.49
pcb-d-aprs-preroute.kicad_pcb,pcb-d-aprs-46,60dbc27bd1fb,4,0,10,0,0,0,0,0,21,2,0,0,3,96.95
pcb-d-aprs-preroute.kicad_pcb,pcb-d-aprs-46,60dbc27bd1fb,4,1,11,0,0,0,0,0,26,2,0,0,6,105.17
pcb-d-aprs-preroute.kicad_pcb,pcb-d-aprs-46,60dbc27bd1fb,4,2,2,0,0,0,0,0,27,2,0,0,2,91.8
pcb-d-aprs-preroute.kicad_pcb,pcb-d-aprs-46,60dbc27bd1fb,4,3,0,0,0,0,0,0,23,2,0,0,1,9.07
pcb-d-aprs-preroute.kicad_pcb,pcb-d-aprs-46,60dbc27bd1fb,4,4,8,0,0,2,1.12,0,26,2,0,0,1,40.04
pcb-d-aprs-preroute.kicad_pcb,pcb-d-aprs-46,60dbc27bd1fb,4,5,2,0,0,0,0,0,19,2,0,0,0,36.54
pcb-d-aprs-preroute.kicad_pcb,pcb-d-aprs-46,60dbc27bd1fb,4,6,2,0,0,0,0,0,10,2,0,0,0,7.4
pcb-d-aprs-preroute.kicad_pcb,pcb-d-aprs-46,60dbc27bd1fb,4,7,2,0,0,0,1.98,0,4,2,0,0,0,24.97
pcb-d-aprs-preroute.kicad_pcb,pcb-d-aprs-46,60dbc27bd1fb,5,0,5,0,0,0,0,0,19,2,0,0,2,75.59
pcb-d-aprs-preroute.kicad_pcb,pcb-d-aprs-46,60dbc27bd1fb,5,1,13,13,0,7,12.8,0,28,2,0,0,2,113.11
pcb-d-aprs-preroute.kicad_pcb,pcb-d-aprs-46,60dbc27bd1fb,5,2,17,3,0,5,10.0,0,38,2,0,0,7,146.47
pcb-d-aprs-preroute.kicad_pcb,pcb-d-aprs-46,60dbc27bd1fb,5,3,17,0,0,5,7.55,0,27,2,0,0,5,97.46
pcb-d-aprs-preroute.kicad_pcb,pcb-d-aprs-46,60dbc27bd1fb,5,4,7,4,0,4,8.25,0,27,2,0,0,3,111.8
pcb-d-aprs-preroute.kicad_pcb,pcb-d-aprs-46,60dbc27bd1fb,5,5,15,0,0,3,2.25,0,21,2,0,0,7,176.29
pcb-d-aprs-preroute.kicad_pcb,pcb-d-aprs-46,60dbc27bd1fb,5,6,4,0,0,0,1.75,0,8,2,0,0,0,3.06
pcb-d-aprs-preroute.kicad_pcb,pcb-d-aprs-46,60dbc27bd1fb,5,7,1,0,0,1,1.75,0,4,2,0,0,0,29.41
pcb-d-aprs-preroute.kicad_pcb,pcb-d-aprs-46,60dbc27bd1fb,6,0,4,0,0,0,0,0,17,2,0,0,0,88.0
pcb-d-aprs-preroute.kicad_pcb,pcb-d-aprs-46,60dbc27bd1fb,6,1,18,18,0,9,7.36,0,28,2,0,0,4,68.22
pcb-d-aprs-preroute.kicad_pcb,pcb-d-aprs-46,60dbc27bd1fb,6,2,26,4,0,5,11.65,0,45,2,0,0,13,197.16
pcb-d-aprs-preroute.kicad_pcb,pcb-d-aprs-46,60dbc27bd1fb,6,3,18,0,0,3,4.5,0,35,2,0,0,11,192.91
pcb-d-aprs-preroute.kicad_pcb,pcb-d-aprs-46,60dbc27bd1fb,6,4,25,4,0,6,13.68,0,38,2,0,0,12,119.14
pcb-d-aprs-preroute.kicad_pcb,pcb-d-aprs-46,60dbc27bd1fb,6,5,24,0,0,9,8.04,0,32,2,0,0,4,180.03
pcb-d-aprs-preroute.kicad_pcb,pcb-d-aprs-46,60dbc27bd1fb,6,6,2,0,0,1,0,0,7,2,0,0,0,12.2
pcb-d-aprs-preroute.kicad_pcb,pcb-d-aprs-46,60dbc27bd1fb,6,7,2,0,0,3,1.55,0,4,2,0,0,0,2.07
pcb-d-aprs-preroute.kicad_pcb,pcb-d-aprs-46,60dbc27bd1fb,7,0,6,0,0,0,0,0,14,2,0,0,3,120.46
pcb-d-aprs-preroute.kicad_pcb,pcb-d-aprs-46,60dbc27bd1fb,7,1,27,27,1,12,31.69,6.67,33,2,0,0,1,102.88
pcb-d-aprs-preroute.kicad_pcb,pcb-d-aprs-46,60dbc27bd1fb,7,2,13,0,0,8,4.32,0,45,2,0,0,10,140.99
pcb-d-aprs-preroute.kicad_pcb,pcb-d-aprs-46,60dbc27bd1fb,7,3,8,0,0,6,4.5,0,33,2,0,0,5,67.51
pcb-d-aprs-preroute.kicad_pcb,pcb-d-aprs-46,60dbc27bd1fb,7,4,24,0,0,6,19.5,0,33,2,0,0,4,82.2
pcb-d-aprs-preroute.kicad_pcb,pcb-d-aprs-46,60dbc27bd1fb,7,5,18,0,0,3,2.08,0,35,2,0,0,11,134.57
pcb-d-aprs-preroute.kicad_pcb,pcb-d-aprs-46,60dbc27bd1fb,7,6,2,0,0,0,0,0,8,2,0,0,0,15.39
pcb-d-aprs-preroute.kicad_pcb,pcb-d-aprs-46,60dbc27bd1fb,7,7,4,0,0,1,3.1,0,4,2,0,0,0,15.77
pcb-d-aprs-preroute.kicad_pcb,pcb-d-aprs-46,60dbc27bd1fb,8,0,2,0,0,0,0,0,11,2,0,0,1,108.57
pcb-d-aprs-preroute.kicad_pcb,pcb-d-aprs-46,60dbc27bd1fb,8,1,9,9,0,7,17.97,25.34,23,2,0,0,1,87.41
pcb-d-aprs-preroute.kicad_pcb,pcb-d-aprs-46,60dbc27bd1fb,8,2,14,0,0,3,3.83,0,32,2,0,0,3,107.45
pcb-d-aprs-preroute.kicad_pcb,pcb-d-aprs-46,60dbc27bd1fb,8,3,8,0,0,4,4.17,0,24,2,0,0,2,87.3
pcb-d-aprs-preroute.kicad_pcb,pcb-d-aprs-46,60dbc27bd1fb,8,4,9,0,0,2,1.12,0,22,2,0,0,5,121.41
pcb-d-aprs-preroute.kicad_pcb,pcb-d-aprs-46,60dbc27bd1fb,8,5,15,0,0,3,3.21,0,23,2,0,0,4,116.36
pcb-d-aprs-preroute.kicad_pcb,pcb-d-aprs-46,60dbc27bd1fb,8,6,2,0,0,0,0,0,7,2,0,0,0,11.12
pcb-d-aprs-preroute.kicad_pcb,pcb-d-aprs-46,60dbc27bd1fb,8,7,3,0,0,0,0,0,3,2,0,0,0,10.56
pcb-d-aprs-preroute.kicad_pcb,pcb-d-aprs-46,60dbc27bd1fb,9,0,1,0,0,0,0,0,7,3,0,0,0,0
pcb-d-aprs-preroute.kicad_pcb,pcb-d-aprs-46,60dbc27bd1fb,9,1,4,0,0,1,0,0,14,2,0,0,0,72.58
pcb-d-aprs-preroute.kicad_pcb,pcb-d-aprs-46,60dbc27bd1fb,9,2,7,0,0,0,0,0,16,2,0,0,0,45.48
pcb-d-aprs-preroute.kicad_pcb,pcb-d-aprs-46,60dbc27bd1fb,9,3,4,0,0,1,0.96,0,14,2,0,0,0,13.96
pcb-d-aprs-preroute.kicad_pcb,pcb-d-aprs-46,60dbc27bd1fb,9,4,2,0,0,0,0,0,11,2,0,0,1,67.23
pcb-d-aprs-preroute.kicad_pcb,pcb-d-aprs-46,60dbc27bd1fb,9,5,6,0,0,0,0,0,11,2,0,0,0,31.07
pcb-d-aprs-preroute.kicad_pcb,pcb-d-aprs-46,60dbc27bd1fb,9,6,2,0,0,0,0,0,5,2,0,0,0,16.1
pcb-d-aprs-preroute.kicad_pcb,pcb-d-aprs-46,60dbc27bd1fb,9,7,1,0,0,0,0,0,1,3,0,0,0,0
pcb-d-aprs-preroute.kicad_pcb,pcb-d-aprs-47,9b5d899c9605,0,0,1,0,0,0,0,0,9,3,0,0,0,0
pcb-d-aprs-preroute.kicad_pcb,pcb-d-aprs-47,9b5d899c9605,0,2,6,0,0,0,0,0,12,2,0,0,0,86.4
pcb-d-aprs-preroute.kicad_pcb,pcb-d-aprs-47,9b5d899c9605,0,3,8,0,0,0,0,0,13,2,0,0,0,65.24
pcb-d-aprs-preroute.kicad_pcb,pcb-d-aprs-47,9b5d899c9605,0,4,2,0,0,0,0,0,12,2,0,0,0,38.49
pcb-d-aprs-preroute.kicad_pcb,pcb-d-aprs-47,9b5d899c9605,0,5,2,0,0,0,0,0,7,2,0,0,0,18.76
pcb-d-aprs-preroute.kicad_pcb,pcb-d-aprs-47,9b5d899c9605,0,6,4,0,0,2,2.25,0,5,2,0,0,0,22.03
pcb-d-aprs-preroute.kicad_pcb,pcb-d-aprs-47,9b5d899c9605,0,7,1,0,0,0,0,0,1,3,0,0,0,0
pcb-d-aprs-preroute.kicad_pcb,pcb-d-aprs-47,9b5d899c9605,0,8,0,0,0,0,0,0,0,2,1,0,0,0
pcb-d-aprs-preroute.kicad_pcb,pcb-d-aprs-47,9b5d899c9605,1,0,8,0,0,2,4.22,0,19,2,0,0,4,65.53
pcb-d-aprs-preroute.kicad_pcb,pcb-d-aprs-47,9b5d899c9605,1,1,14,0,0,4,5.39,0,25,2,0,0,5,193.35
pcb-d-aprs-preroute.kicad_pcb,pcb-d-aprs-47,9b5d899c9605,1,2,0,0,0,0,0,0,26,2,0,0,0,7.45
pcb-d-aprs-preroute.kicad_pcb,pcb-d-aprs-47,9b5d899c9605,1,3,0,0,0,0,0,0,26,2,0,0,0,11.89
pcb-d-aprs-preroute.kicad_pcb,pcb-d-aprs-47,9b5d899c9605,1,4,7,7,0,7,14.91,0,27,2,0,0,2,104.78
pcb-d-aprs-preroute.kicad_pcb,pcb-d-aprs-47,9b5d899c9605,1,5,13,5,0,7,12.21,0,19,2,0,0,2,66.07
pcb-d-aprs-preroute.kicad_pcb,pcb-d-aprs-47,9b5d899c9605,1,6,3,0,0,0,0,0,8,2,0,0,3,35.22
pcb-d-aprs-preroute.kicad_pcb,pcb-d-aprs-47,9b5d899c9605,1,7,3,0,0,0,0,0,2,2,0,0,0,6.41
pcb-d-aprs-preroute.kicad_pcb,pcb-d-aprs-47,9b5d899c9605,2,0,7,0,0,3,6.05,0,26,2,0,0,6,78.9
pcb-d-aprs-preroute.kicad_pcb,pcb-d-aprs-47,9b5d899c9605,2,1,11,0,0,5,7.45,0,33,2,0,0,5,196.41
pcb-d-aprs-preroute.kicad_pcb,pcb-d-aprs-47,9b5d899c9605,2,2,2,0,0,0,0,0,34,2,0,0,4,239.48
pcb-d-aprs-preroute.kicad_pcb,pcb-d-aprs-47,9b5d899c9605,2,3,0,0,0,0,0,0,33,2,0,0,3,63.42
pcb-d-aprs-preroute.kicad_pcb,pcb-d-aprs-47,9b5d899c9605,2,4,15,7,0,9,16.95,0,36,2,0,0,6,256.94
pcb-d-aprs-preroute.kicad_pcb,pcb-d-aprs-47,9b5d899c9605,2,5,16,5,0,8,12.72,0,26,2,0,0,4,188.1
pcb-d-aprs-preroute.kicad_pcb,pcb-d-aprs-47,9b5d899c9605,2,6,1,0,0,1,1.12,0,10,2,0,0,3,73.99
pcb-d-aprs-preroute.kicad_pcb,pcb-d-aprs-47,9b5d899c9605,2,7,5,0,0,1,1.39,0,5,2,0,0,0,13.73
pcb-d-aprs-preroute.kicad_pcb,pcb-d-aprs-47,9b5d899c9605,3,0,14,0,0,0,0,0,25,2,0,0,5,182.49
pcb-d-aprs-preroute.kicad_pcb,pcb-d-aprs-47,9b5d899c9605,3,1,16,0,0,0,0,0,32,2,0,0,7,182.93
pcb-d-aprs-preroute.kicad_pcb,pcb-d-aprs-47,9b5d899c9605,3,2,3,0,0,0,0,0,34,2,0,0,2,98.88
pcb-d-aprs-preroute.kicad_pcb,pcb-d-aprs-47,9b5d899c9605,3,3,0,0,0,0,0,0,30,2,0,0,0,45.71
pcb-d-aprs-preroute.kicad_pcb,pcb-d-aprs-47,9b5d899c9605,3,4,23,0,0,2,5.64,0,36,2,1,0,4,127.33
pcb-d-aprs-preroute.kicad_pcb,pcb-d-aprs-47,9b5d899c9605,3,5,11,0,0,3,3.64,0,25,2,0,0,4,78.93
pcb-d-aprs-preroute.kicad_pcb,pcb-d-aprs-47,9b5d899c9605,3,6,8,0,0,0,0,0,14,2,0,0,1,58.65
pcb-d-aprs-preroute.kicad_pcb,pcb-d-aprs-47,9b5d899c9605,3,7,4,0,0,1,1.12,0,6,2,0,0,0,5.38
pcb-d-aprs-preroute.kicad_pcb,pcb-d-aprs-47,9b5d899c9605,4,0,13,0,0,0,0,0,20,2,0,0,8,154.67
pcb-d-aprs-preroute.kicad_pcb,pcb-d-aprs-47,9b5d899c9605,4,1,9,0,0,0,0,0,26,2,0,0,8,162.9
pcb-d-aprs-preroute.kicad_pcb,pcb-d-aprs-47,9b5d899c9605,4,2,2,0,0,0,0,0,27,2,0,0,3,45.26
pcb-d-aprs-preroute.kicad_pcb,pcb-d-aprs-47,9b5d899c9605,4,3,0,0,0,0,0,0,23,2,0,0,0,52.89
pcb-d-aprs-preroute.kicad_pcb,pcb-d-aprs-47,9b5d899c9605,4,4,7,0,0,2,1.12,0,26,2,0,0,2,80.47
pcb-d-aprs-preroute.kicad_pcb,pcb-d-aprs-47,9b5d899c9605,4,5,2,0,0,0,0,0,20,2,0,0,1,30.2
pcb-d-aprs-preroute.kicad_pcb,pcb-d-aprs-47,9b5d899c9605,4,6,2,0,0,0,0,0,10,2,0,0,0,16.29
pcb-d-aprs-preroute.kicad_pcb,pcb-d-aprs-47,9b5d899c9605,4,7,2,0,0,0,1.98,0,4,2,0,0,0,23.5
pcb-d-aprs-preroute.kicad_pcb,pcb-d-aprs-47,9b5d899c9605,5,0,4,0,0,0,0,0,18,2,0,0,4,106.51
pcb-d-aprs-preroute.kicad_pcb,pcb-d-aprs-47,9b5d899c9605,5,1,13,13,0,7,12.8,0,28,2,0,0,2,68.55
pcb-d-aprs-preroute.kicad_pcb,pcb-d-aprs-47,9b5d899c9605,5,2,17,3,0,4,6.37,0,38,2,0,0,7,156.96
pcb-d-aprs-preroute.kicad_pcb,pcb-d-aprs-47,9b5d899c9605,5,3,17,0,0,5,7.55,0,27,2,0,0,4,69.03
pcb-d-aprs-preroute.kicad_pcb,pcb-d-aprs-47,9b5d899c9605,5,4,7,4,0,4,8.25,0,28,2,0,0,1,45.79
pcb-d-aprs-preroute.kicad_pcb,pcb-d-aprs-47,9b5d899c9605,5,5,15,0,0,3,4.57,0,22,2,0,0,5,155.38
pcb-d-aprs-preroute.kicad_pcb,pcb-d-aprs-47,9b5d899c9605,5,6,4,0,0,0,1.75,0,8,2,0,0,0,38.16
pcb-d-aprs-preroute.kicad_pcb,pcb-d-aprs-47,9b5d899c9605,5,7,1,0,0,1,1.75,0,4,2,0,0,0,0
pcb-d-aprs-preroute.kicad_pcb,pcb-d-aprs-47,9b5d899c9605,6,0,4,0,0,0,0,0,17,2,0,0,0,48.44
pcb-d-aprs-preroute.kicad_pcb,pcb-d-aprs-47,9b5d899c9605,6,1,18,18,0,9,7.36,1.99,28,2,0,0,5,96.08
pcb-d-aprs-preroute.kicad_pcb,pcb-d-aprs-47,9b5d899c9605,6,2,26,4,0,5,11.65,0,45,2,0,0,7,147.5
pcb-d-aprs-preroute.kicad_pcb,pcb-d-aprs-47,9b5d899c9605,6,3,18,0,0,3,4.5,0,35,2,0,0,8,194.97
pcb-d-aprs-preroute.kicad_pcb,pcb-d-aprs-47,9b5d899c9605,6,4,25,4,0,6,13.68,0,38,2,0,0,10,152.35
pcb-d-aprs-preroute.kicad_pcb,pcb-d-aprs-47,9b5d899c9605,6,5,24,0,0,9,9.17,0,32,2,0,0,4,149.74
pcb-d-aprs-preroute.kicad_pcb,pcb-d-aprs-47,9b5d899c9605,6,6,2,0,0,1,0,0,7,2,0,0,0,7.98
pcb-d-aprs-preroute.kicad_pcb,pcb-d-aprs-47,9b5d899c9605,6,7,2,0,0,3,1.55,0,4,2,0,0,0,12.21
pcb-d-aprs-preroute.kicad_pcb,pcb-d-aprs-47,9b5d899c9605,7,0,6,0,0,0,0,0,14,2,0,0,3,122.68
pcb-d-aprs-preroute.kicad_pcb,pcb-d-aprs-47,9b5d899c9605,7,1,27,27,1,12,31.69,6.67,33,2,0,0,2,80.81
pcb-d-aprs-preroute.kicad_pcb,pcb-d-aprs-47,9b5d899c9605,7,2,13,0,0,8,4.83,0,45,2,0,0,7,149.54
pcb-d-aprs-preroute.kicad_pcb,pcb-d-aprs-47,9b5d899c9605,7,3,8,0,0,6,4.5,0,33,2,0,0,6,95.53
pcb-d-aprs-preroute.kicad_pcb,pcb-d-aprs-47,9b5d899c9605,7,4,24,0,0,7,20.35,0,33,2,0,0,4,123.57
pcb-d-aprs-preroute.kicad_pcb,pcb-d-aprs-47,9b5d899c9605,7,5,18,0,0,1,2.08,0,35,2,0,0,11,139.99
pcb-d-aprs-preroute.kicad_pcb,pcb-d-aprs-47,9b5d899c9605,7,6,2,0,0,0,0,0,8,2,0,0,0,12.5
pcb-d-aprs-preroute.kicad_pcb,pcb-d-aprs-47,9b5d899c9605,7,7,4,0,0,1,3.1,0,4,2,0,0,0,15.8
pcb-d-aprs-preroute.kicad_pcb,pcb-d-aprs-47,9b5d899c9605,8,0,2,0,0,0,0,0,11,2,0,0,1,43.85
pcb-d-aprs-preroute.kicad_pcb,pcb-d-aprs-47,9b5d899c9605,8,1,9,9,0,7,17.97,25.34,23,2,0,0,1,69.65
pcb-d-aprs-preroute.kicad_pcb,pcb-d-aprs-47,9b5d899c9605,8,2,14,0,0,3,4.28,0,32,2,0,0,4,103.8
pcb-d-aprs-preroute.kicad_pcb,pcb-d-aprs-47,9b5d899c9605,8,3,8,0,0,4,4.17,0,24,2,0,0,1,146.91
pcb-d-aprs-preroute.kicad_pcb,pcb-d-aprs-47,9b5d899c9605,8,4,9,0,0,2,1.12,0,22,2,0,0,5,69.17
pcb-d-aprs-preroute.kicad_pcb,pcb-d-aprs-47,9b5d899c9605,8,5,15,0,0,4,3.21,0,22,2,0,0,4,127.47
pcb-d-aprs-preroute.kicad_pcb,pcb-d-aprs-47,9b5d899c9605,8,6,2,0,0,0,0,0,7,2,0,0,0,0
pcb-d-aprs-preroute.kicad_pcb,pcb-d-aprs-47,9b5d899c9605,8,7,3,0,0,0,0,0,3,2,0,0,0,8.02
pcb-d-aprs-preroute.kicad_pcb,pcb-d-aprs-47,9b5d899c9605,9,0,1,0,0,0,0,0,7,3,0,0,0,0
pcb-d-aprs-preroute.kicad_pcb,pcb-d-aprs-47,9b5d899c9605,9,1,4,0,0,1,0,0,14,2,0,0,0,30.08
pcb-d-aprs-preroute.kicad_pcb,pcb-d-aprs-47,9b5d899c9605,9,2,7,0,0,0,0,0,16,2,0,0,0,93.11
pcb-d-aprs-preroute.kicad_pcb,pcb-d-aprs-47,9b5d899c9605,9,3,4,0,0,1,0.96,0,14,2,0,0,1,29.42
pcb-d-aprs-preroute.kicad_pcb,pcb-d-aprs-47,9b5d899c9605,9,4,2,0,0,0,0,0,11,2,0,0,0,30.92
pcb-d-aprs-preroute.kicad_pcb,pcb-d-aprs-47,9b5d899c9605,9,5,6,0,0,0,0,0,11,2,0,0,0,40.62
pcb-d-aprs-preroute.kicad_pcb,pcb-d-aprs-47,9b5d899c9605,9,6,2,0,0,0,0,0,5,2,0,0,0,6.7
pcb-d-aprs-preroute.kicad_pcb,pcb-d-aprs-47,9b5d899c9605,9,7,1,0,0,0,0,0,1,3,0,0,0,0
pcb-d-aprs-preroute.kicad_pcb,pcb-d-aprs-51,ea2bb8ad5271,0,0,1,0,0,0,0,0,9,3,0,0,0,0
pcb-d-aprs-preroute.kicad_pcb,pcb-d-aprs-51,ea2bb8ad5271,0,1,0,0,0,0,0,0,11,2,0,0,0,10.66
pcb-d-aprs-preroute.kicad_pcb,pcb-d-aprs-51,ea2bb8ad5271,0,2,6,0,0,0,0,0,12,2,0,0,0,81.63
pcb-d-aprs-preroute.kicad_pcb,pcb-d-aprs-51,ea2bb8ad5271,0,3,8,0,0,0,0,0,13,2,0,0,1,60.18
pcb-d-aprs-preroute.kicad_pcb,pcb-d-aprs-51,ea2bb8ad5271,0,4,2,0,0,0,0,0,12,2,0,0,0,47.33
pcb-d-aprs-preroute.kicad_pcb,pcb-d-aprs-51,ea2bb8ad5271,0,5,2,0,0,0,0,0,7,2,0,0,1,72.94
pcb-d-aprs-preroute.kicad_pcb,pcb-d-aprs-51,ea2bb8ad5271,0,6,4,0,0,2,2.25,0,5,2,0,0,1,16.24
pcb-d-aprs-preroute.kicad_pcb,pcb-d-aprs-51,ea2bb8ad5271,0,7,1,0,0,0,0,0,1,3,0,0,0,0
pcb-d-aprs-preroute.kicad_pcb,pcb-d-aprs-51,ea2bb8ad5271,1,0,8,0,0,2,4.83,0,19,2,0,0,1,49.9
pcb-d-aprs-preroute.kicad_pcb,pcb-d-aprs-51,ea2bb8ad5271,1,1,15,0,0,4,8.06,0,25,2,0,0,2,76.87
pcb-d-aprs-preroute.kicad_pcb,pcb-d-aprs-51,ea2bb8ad5271,1,2,0,0,0,0,0,0,26,2,0,0,2,53.38
pcb-d-aprs-preroute.kicad_pcb,pcb-d-aprs-51,ea2bb8ad5271,1,3,0,0,0,0,0,0,26,2,0,0,0,14.48
pcb-d-aprs-preroute.kicad_pcb,pcb-d-aprs-51,ea2bb8ad5271,1,4,7,7,0,7,14.91,0,27,2,0,0,0,85.38
pcb-d-aprs-preroute.kicad_pcb,pcb-d-aprs-51,ea2bb8ad5271,1,5,13,5,0,7,12.21,0,19,2,0,0,4,120.23
pcb-d-aprs-preroute.kicad_pcb,pcb-d-aprs-51,ea2bb8ad5271,1,6,3,0,0,0,0,0,8,2,0,0,0,18.28
pcb-d-aprs-preroute.kicad_pcb,pcb-d-aprs-51,ea2bb8ad5271,1,7,3,0,0,0,0,0,2,2,0,0,0,0
pcb-d-aprs-preroute.kicad_pcb,pcb-d-aprs-51,ea2bb8ad5271,2,0,7,0,0,3,4.5,0,26,2,0,0,7,98.21
pcb-d-aprs-preroute.kicad_pcb,pcb-d-aprs-51,ea2bb8ad5271,2,1,10,0,0,4,5.38,0,33,2,0,0,2,109.84
pcb-d-aprs-preroute.kicad_pcb,pcb-d-aprs-51,ea2bb8ad5271,2,2,2,0,0,0,0,0,34,2,0,0,2,40.95
pcb-d-aprs-preroute.kicad_pcb,pcb-d-aprs-51,ea2bb8ad5271,2,3,0,0,0,0,0,0,33,2,0,0,0,9.52
pcb-d-aprs-preroute.kicad_pcb,pcb-d-aprs-51,ea2bb8ad5271,2,4,15,7,0,9,16.95,0,36,2,0,0,4,354.87
pcb-d-aprs-preroute.kicad_pcb,pcb-d-aprs-51,ea2bb8ad5271,2,5,16,5,0,8,12.72,0,25,2,0,0,6,285.63
pcb-d-aprs-preroute.kicad_pcb,pcb-d-aprs-51,ea2bb8ad5271,2,6,1,0,0,1,1.12,0,10,2,0,0,1,24.5
pcb-d-aprs-preroute.kicad_pcb,pcb-d-aprs-51,ea2bb8ad5271,2,7,5,0,0,1,1.39,0,5,2,0,0,1,9.55
pcb-d-aprs-preroute.kicad_pcb,pcb-d-aprs-51,ea2bb8ad5271,3,0,18,0,0,0,0,0,25,2,0,0,6,100.34
pcb-d-aprs-preroute.kicad_pcb,pcb-d-aprs-51,ea2bb8ad5271,3,1,12,0,0,0,0,0,32,2,0,0,9,152.41
pcb-d-aprs-preroute.kicad_pcb,pcb-d-aprs-51,ea2bb8ad5271,3,2,3,0,0,0,0,0,34,2,0,0,0,46.85
pcb-d-aprs-preroute.kicad_pcb,pcb-d-aprs-51,ea2bb8ad5271,3,3,0,0,0,0,0,0,30,2,0,0,4,217.26
pcb-d-aprs-preroute.kicad_pcb,pcb-d-aprs-51,ea2bb8ad5271,3,4,22,0,0,3,8.25,0,36,2,0,0,9,170.35
pcb-d-aprs-preroute.kicad_pcb,pcb-d-aprs-51,ea2bb8ad5271,3,5,10,0,0,4,3.64,0,24,2,0,0,8,111.58
pcb-d-aprs-preroute.kicad_pcb,pcb-d-aprs-51,ea2bb8ad5271,3,6,8,0,0,0,0,0,13,2,0,0,2,74.82
pcb-d-aprs-preroute.kicad_pcb,pcb-d-aprs-51,ea2bb8ad5271,3,7,4,0,0,1,1.12,0,6,2,0,0,1,26.93
pcb-d-aprs-preroute.kicad_pcb,pcb-d-aprs-51,ea2bb8ad5271,4,0,10,0,0,0,0,0,20,2,0,0,5,110.54
pcb-d-aprs-preroute.kicad_pcb,pcb-d-aprs-51,ea2bb8ad5271,4,1,10,0,0,0,0,0,26,2,0,0,4,81.27
pcb-d-aprs-preroute.kicad_pcb,pcb-d-aprs-51,ea2bb8ad5271,4,2,2,0,0,0,0,0,27,2,0,0,3,107.14
pcb-d-aprs-preroute.kicad_pcb,pcb-d-aprs-51,ea2bb8ad5271,4,3,0,0,0,0,0,0,23,2,0,0,0,2.72
pcb-d-aprs-preroute.kicad_pcb,pcb-d-aprs-51,ea2bb8ad5271,4,4,8,0,0,1,1.12,0,26,2,0,0,1,68.81
pcb-d-aprs-preroute.kicad_pcb,pcb-d-aprs-51,ea2bb8ad5271,4,5,3,0,0,0,0,0,19,2,0,0,0,39.84
pcb-d-aprs-preroute.kicad_pcb,pcb-d-aprs-51,ea2bb8ad5271,4,6,2,0,0,0,0,0,10,2,0,0,0,1.93
pcb-d-aprs-preroute.kicad_pcb,pcb-d-aprs-51,ea2bb8ad5271,4,7,2,0,0,0,1.98,0,4,2,0,0,0,23.45
pcb-d-aprs-preroute.kicad_pcb,pcb-d-aprs-51,ea2bb8ad5271,5,0,5,0,0,0,0,0,19,2,0,0,3,115.85
pcb-d-aprs-preroute.kicad_pcb,pcb-d-aprs-51,ea2bb8ad5271,5,1,14,13,0,7,12.8,0,29,2,0,0,5,161.82
pcb-d-aprs-preroute.kicad_pcb,pcb-d-aprs-51,ea2bb8ad5271,5,2,18,3,0,4,6.37,0,39,2,0,0,5,230.51
pcb-d-aprs-preroute.kicad_pcb,pcb-d-aprs-51,ea2bb8ad5271,5,3,17,0,0,5,7.55,0,28,2,0,0,3,92.54
pcb-d-aprs-preroute.kicad_pcb,pcb-d-aprs-51,ea2bb8ad5271,5,4,7,4,0,4,8.25,0,28,2,0,0,1,52.85
pcb-d-aprs-preroute.kicad_pcb,pcb-d-aprs-51,ea2bb8ad5271,5,5,15,0,0,3,3.62,0,22,2,0,0,6,115.83
pcb-d-aprs-preroute.kicad_pcb,pcb-d-aprs-51,ea2bb8ad5271,5,6,4,0,0,0,1.75,0,9,2,0,0,1,5.61
pcb-d-aprs-preroute.kicad_pcb,pcb-d-aprs-51,ea2bb8ad5271,5,7,1,0,0,1,1.75,0,4,2,0,0,0,0
pcb-d-aprs-preroute.kicad_pcb,pcb-d-aprs-51,ea2bb8ad5271,6,0,4,0,0,0,0,0,17,2,0,0,2,113.99
pcb-d-aprs-preroute.kicad_pcb,pcb-d-aprs-51,ea2bb8ad5271,6,1,18,18,0,9,7.36,1.99,28,2,0,0,4,120.09
pcb-d-aprs-preroute.kicad_pcb,pcb-d-aprs-51,ea2bb8ad5271,6,2,25,4,0,5,11.65,0,44,2,0,0,9,134.12
pcb-d-aprs-preroute.kicad_pcb,pcb-d-aprs-51,ea2bb8ad5271,6,3,18,0,0,3,4.5,0,35,2,0,0,12,179.79
pcb-d-aprs-preroute.kicad_pcb,pcb-d-aprs-51,ea2bb8ad5271,6,4,25,4,0,6,13.68,0,38,2,0,0,13,171.96
pcb-d-aprs-preroute.kicad_pcb,pcb-d-aprs-51,ea2bb8ad5271,6,5,24,0,0,9,10.3,0,33,2,0,0,4,160.44
pcb-d-aprs-preroute.kicad_pcb,pcb-d-aprs-51,ea2bb8ad5271,6,6,2,0,0,1,0,0,8,2,0,0,0,6.78
pcb-d-aprs-preroute.kicad_pcb,pcb-d-aprs-51,ea2bb8ad5271,6,7,2,0,0,3,1.55,0,5,2,0,0,1,20.34
pcb-d-aprs-preroute.kicad_pcb,pcb-d-aprs-51,ea2bb8ad5271,7,0,6,0,0,0,0,0,14,2,0,0,2,73.4
pcb-d-aprs-preroute.kicad_pcb,pcb-d-aprs-51,ea2bb8ad5271,7,1,27,27,1,12,31.69,6.67,33,2,0,0,1,86.71
pcb-d-aprs-preroute.kicad_pcb,pcb-d-aprs-51,ea2bb8ad5271,7,2,13,0,0,8,3.88,0,45,2,0,0,11,168.79
pcb-d-aprs-preroute.kicad_pcb,pcb-d-aprs-51,ea2bb8ad5271,7,3,8,0,0,6,4.5,0,33,2,0,0,4,114.16
pcb-d-aprs-preroute.kicad_pcb,pcb-d-aprs-51,ea2bb8ad5271,7,4,24,0,0,6,19.75,0,33,2,0,0,9,113.91
pcb-d-aprs-preroute.kicad_pcb,pcb-d-aprs-51,ea2bb8ad5271,7,5,18,0,0,4,3.21,0,35,2,0,0,8,151.77
pcb-d-aprs-preroute.kicad_pcb,pcb-d-aprs-51,ea2bb8ad5271,7,6,2,0,0,0,0,0,9,2,0,0,0,3.69
pcb-d-aprs-preroute.kicad_pcb,pcb-d-aprs-51,ea2bb8ad5271,7,7,4,0,0,1,3.1,0,5,2,0,0,0,13.56
pcb-d-aprs-preroute.kicad_pcb,pcb-d-aprs-51,ea2bb8ad5271,8,0,2,0,0,0,0,0,11,2,0,0,1,74.13
pcb-d-aprs-preroute.kicad_pcb,pcb-d-aprs-51,ea2bb8ad5271,8,1,9,9,0,7,17.97,25.34,23,2,0,0,1,71.57
pcb-d-aprs-preroute.kicad_pcb,pcb-d-aprs-51,ea2bb8ad5271,8,2,14,0,0,3,3.82,0,32,2,0,0,2,99.94
pcb-d-aprs-preroute.kicad_pcb,pcb-d-aprs-51,ea2bb8ad5271,8,3,8,0,0,4,4.17,0,24,2,0,0,2,89.75
pcb-d-aprs-preroute.kicad_pcb,pcb-d-aprs-51,ea2bb8ad5271,8,4,9,0,0,1,0,0,23,2,0,0,3,54.3
pcb-d-aprs-preroute.kicad_pcb,pcb-d-aprs-51,ea2bb8ad5271,8,5,15,0,0,3,3.21,0,23,2,0,0,7,142.12
pcb-d-aprs-preroute.kicad_pcb,pcb-d-aprs-51,ea2bb8ad5271,8,6,2,0,0,0,0,0,7,2,0,0,0,0
pcb-d-aprs-preroute.kicad_pcb,pcb-d-aprs-51,ea2bb8ad5271,8,7,3,0,0,0,0,0,3,2,0,0,0,27.76
pcb-d-aprs-preroute.kicad_pcb,pcb-d-aprs-51,ea2bb8ad5271,9,0,1,0,0,0,0,0,7,3,0,0,0,10.23
pcb-d-aprs-preroute.kicad_pcb,pcb-d-aprs-51,ea2bb8ad5271,9,1,4,0,0,1,0,0,14,2,0,0,0,46.89
pcb-d-aprs-preroute.kicad_pcb,pcb-d-aprs-51,ea2bb8ad5271,9,2,7,0,0,0,0,0,16,2,0,0,0,55.8
pcb-d-aprs-preroute.kicad_pcb,pcb-d-aprs-51,ea2bb8ad5271,9,3,4,0,0,1,0.96,0,14,2,0,0,1,27.15
pcb-d-aprs-preroute.kicad_pcb,pcb-d-aprs-51,ea2bb8ad5271,9,4,2,0,0,0,0,0,11,2,0,0,0,59.31
pcb-d-aprs-preroute.kicad_pcb,pcb-d-aprs-51,ea2bb8ad5271,9,5,6,0,0,0,0,0,11,2,0,0,0,39.54
pcb-d-aprs-preroute.kicad_pcb,pcb-d-aprs-51,ea2bb8ad5271,9,6,2,0,0,0,0,0,5,2,0,0,0,28.01
pcb-d-aprs-preroute.kicad_pcb,pcb-d-aprs-51,ea2bb8ad5271,9,7,1,0,0,0,0,0,1,3,0,0,0,0
pcb-d-aprs-preroute.kicad_pcb,pcb-d-aprs-57,f1396211fcd1,0,0,1,0,0,0,0,0,9,3,0,0,0,6.9
pcb-d-aprs-preroute.kicad_pcb,pcb-d-aprs-57,f1396211fcd1,0,2,6,0,0,0,0,0,12,2,0,0,0,58.19
pcb-d-aprs-preroute.kicad_pcb,pcb-d-aprs-57,f1396211fcd1,0,3,8,0,0,0,0,0,13,2,0,0,0,56.78
pcb-d-aprs-preroute.kicad_pcb,pcb-d-aprs-57,f1396211fcd1,0,4,2,0,0,0,0,0,12,2,0,0,0,25.61
pcb-d-aprs-preroute.kicad_pcb,pcb-d-aprs-57,f1396211fcd1,0,5,2,0,0,0,0,0,7,2,0,0,0,21.58
pcb-d-aprs-preroute.kicad_pcb,pcb-d-aprs-57,f1396211fcd1,0,6,4,0,0,2,2.25,0,4,2,0,0,0,10.18
pcb-d-aprs-preroute.kicad_pcb,pcb-d-aprs-57,f1396211fcd1,0,7,1,0,0,0,0,0,1,3,0,0,0,0
pcb-d-aprs-preroute.kicad_pcb,pcb-d-aprs-57,f1396211fcd1,1,0,8,0,0,2,3.27,0,19,2,0,0,2,42.55
pcb-d-aprs-preroute.kicad_pcb,pcb-d-aprs-57,f1396211fcd1,1,1,13,0,0,4,5.39,0,25,2,0,0,2,76.97
pcb-d-aprs-preroute.kicad_pcb,pcb-d-aprs-57,f1396211fcd1,1,2,0,0,0,0,0,0,26,2,0,0,1,25.16
pcb-d-aprs-preroute.kicad_pcb,pcb-d-aprs-57,f1396211fcd1,1,3,0,0,0,0,0,0,26,2,0,0,0,77.06
pcb-d-aprs-preroute.kicad_pcb,pcb-d-aprs-57,f1396211fcd1,1,4,7,7,0,7,14.91,0,27,2,0,0,2,67.2
pcb-d-aprs-preroute.kicad_pcb,pcb-d-aprs-57,f1396211fcd1,1,5,14,5,0,7,12.21,0,19,2,0,0,7,142.04
pcb-d-aprs-preroute.kicad_pcb,pcb-d-aprs-57,f1396211fcd1,1,6,2,0,0,0,0,0,7,2,0,0,0,50.76
pcb-d-aprs-preroute.kicad_pcb,pcb-d-aprs-57,f1396211fcd1,1,7,3,0,0,0,0,0,2,2,0,0,0,0
pcb-d-aprs-preroute.kicad_pcb,pcb-d-aprs-57,f1396211fcd1,2,0,7,0,0,3,4.5,0,26,2,0,0,8,30.18
pcb-d-aprs-preroute.kicad_pcb,pcb-d-aprs-57,f1396211fcd1,2,1,12,0,0,5,8.05,0,33,2,0,0,3,218.24
pcb-d-aprs-preroute.kicad_pcb,pcb-d-aprs-57,f1396211fcd1,2,2,2,0,0,0,0,0,34,2,0,0,2,69.72
pcb-d-aprs-preroute.kicad_pcb,pcb-d-aprs-57,f1396211fcd1,2,3,0,0,0,0,0,0,33,2,0,0,1,92.57
pcb-d-aprs-preroute.kicad_pcb,pcb-d-aprs-57,f1396211fcd1,2,4,15,7,0,9,16.95,0,36,2,0,0,4,220.32
pcb-d-aprs-preroute.kicad_pcb,pcb-d-aprs-57,f1396211fcd1,2,5,17,5,0,8,13.85,0,26,2,0,0,4,188.96
pcb-d-aprs-preroute.kicad_pcb,pcb-d-aprs-57,f1396211fcd1,2,6,0,0,0,0,0,0,9,2,0,0,0,7.78
pcb-d-aprs-preroute.kicad_pcb,pcb-d-aprs-57,f1396211fcd1,2,7,5,0,0,1,1.39,0,5,2,0,0,2,46.61
pcb-d-aprs-preroute.kicad_pcb,pcb-d-aprs-57,f1396211fcd1,3,0,16,0,0,0,0,0,25,2,0,0,7,88.17
pcb-d-aprs-preroute.kicad_pcb,pcb-d-aprs-57,f1396211fcd1,3,1,14,0,0,0,0,0,32,2,0,0,8,216.13
pcb-d-aprs-preroute.kicad_pcb,pcb-d-aprs-57,f1396211fcd1,3,2,3,0,0,0,0,0,34,2,0,0,3,103.08
pcb-d-aprs-preroute.kicad_pcb,pcb-d-aprs-57,f1396211fcd1,3,3,0,0,0,0,0,0,30,2,0,0,0,45.16
pcb-d-aprs-preroute.kicad_pcb,pcb-d-aprs-57,f1396211fcd1,3,4,23,0,0,3,8.51,0,36,2,0,0,6,144.5
pcb-d-aprs-preroute.kicad_pcb,pcb-d-aprs-57,f1396211fcd1,3,5,11,0,0,4,3.64,0,25,2,0,0,6,120.73
pcb-d-aprs-preroute.kicad_pcb,pcb-d-aprs-57,f1396211fcd1,3,6,8,0,0,0,0,0,13,2,0,0,4,49.74
pcb-d-aprs-preroute.kicad_pcb,pcb-d-aprs-57,f1396211fcd1,3,7,4,0,0,1,1.12,0,6,2,0,0,0,20.83
pcb-d-aprs-preroute.kicad_pcb,pcb-d-aprs-57,f1396211fcd1,4,0,11,0,0,0,0,0,20,2,0,0,2,84.99
pcb-d-aprs-preroute.kicad_pcb,pcb-d-aprs-57,f1396211fcd1,4,1,11,0,0,0,0,0,26,2,0,0,7,272.36
pcb-d-aprs-preroute.kicad_pcb,pcb-d-aprs-57,f1396211fcd1,4,2,2,0,0,0,0,0,27,2,0,0,2,49.1
pcb-d-aprs-preroute.kicad_pcb,pcb-d-aprs-57,f1396211fcd1,4,3,0,0,0,0,0,0,23,2,0,0,1,135.64
pcb-d-aprs-preroute.kicad_pcb,pcb-d-aprs-57,f1396211fcd1,4,4,7,0,0,2,1.12,0,26,2,0,0,1,54.79
pcb-d-aprs-preroute.kicad_pcb,pcb-d-aprs-57,f1396211fcd1,4,5,2,0,0,0,0,0,19,2,0,0,1,44.98
pcb-d-aprs-preroute.kicad_pcb,pcb-d-aprs-57,f1396211fcd1,4,6,2,0,0,0,0,0,10,2,0,0,1,17.9
pcb-d-aprs-preroute.kicad_pcb,pcb-d-aprs-57,f1396211fcd1,4,7,2,0,0,0,1.98,0,4,2,0,0,0,14.63
pcb-d-aprs-preroute.kicad_pcb,pcb-d-aprs-57,f1396211fcd1,5,0,4,0,0,0,0,0,18,2,0,0,2,55.37
pcb-d-aprs-preroute.kicad_pcb,pcb-d-aprs-57,f1396211fcd1,5,1,13,13,0,7,12.8,0,28,2,0,0,2,95.94
pcb-d-aprs-preroute.kicad_pcb,pcb-d-aprs-57,f1396211fcd1,5,2,18,3,0,4,6.37,0,38,2,2,0,4,122.76
pcb-d-aprs-preroute.kicad_pcb,pcb-d-aprs-57,f1396211fcd1,5,3,17,0,0,5,7.55,0,27,2,0,0,4,123.58
pcb-d-aprs-preroute.kicad_pcb,pcb-d-aprs-57,f1396211fcd1,5,4,7,4,0,4,8.25,0,27,2,0,0,2,48.04
pcb-d-aprs-preroute.kicad_pcb,pcb-d-aprs-57,f1396211fcd1,5,5,14,0,0,3,3.62,0,21,2,0,0,5,117.08
pcb-d-aprs-preroute.kicad_pcb,pcb-d-aprs-57,f1396211fcd1,5,6,4,0,0,0,1.75,0,9,2,0,0,0,14.83
pcb-d-aprs-preroute.kicad_pcb,pcb-d-aprs-57,f1396211fcd1,5,7,1,0,0,1,1.75,0,4,2,0,0,0,25.51
pcb-d-aprs-preroute.kicad_pcb,pcb-d-aprs-57,f1396211fcd1,6,0,4,0,0,0,0,0,17,2,0,0,3,81.19
pcb-d-aprs-preroute.kicad_pcb,pcb-d-aprs-57,f1396211fcd1,6,1,18,18,0,9,7.36,1.99,28,2,0,0,2,100.83
pcb-d-aprs-preroute.kicad_pcb,pcb-d-aprs-57,f1396211fcd1,6,2,25,4,0,5,11.65,0,44,2,0,0,8,206.02
pcb-d-aprs-preroute.kicad_pcb,pcb-d-aprs-57,f1396211fcd1,6,3,18,0,0,3,4.5,0,35,2,0,0,8,225.3
pcb-d-aprs-preroute.kicad_pcb,pcb-d-aprs-57,f1396211fcd1,6,4,25,4,0,6,13.68,0,38,2,0,0,8,157.96
pcb-d-aprs-preroute.kicad_pcb,pcb-d-aprs-57,f1396211fcd1,6,5,25,0,0,8,8.04,0,32,2,0,0,3,148.96
pcb-d-aprs-preroute.kicad_pcb,pcb-d-aprs-57,f1396211fcd1,6,6,2,0,0,1,0,0,7,2,0,0,0,17.14
pcb-d-aprs-preroute.kicad_pcb,pcb-d-aprs-57,f1396211fcd1,6,7,2,0,0,3,1.55,0,4,2,0,0,0,17.33
pcb-d-aprs-preroute.kicad_pcb,pcb-d-aprs-57,f1396211fcd1,7,0,6,0,0,0,0,0,14,2,0,0,2,147.47
pcb-d-aprs-preroute.kicad_pcb,pcb-d-aprs-57,f1396211fcd1,7,1,27,27,1,12,31.69,6.67,33,2,0,0,0,93.78
pcb-d-aprs-preroute.kicad_pcb,pcb-d-aprs-57,f1396211fcd1,7,2,13,0,0,8,4.33,0,45,2,0,0,4,163.88
pcb-d-aprs-preroute.kicad_pcb,pcb-d-aprs-57,f1396211fcd1,7,3,8,0,0,6,4.5,0,33,2,0,0,3,56.12
pcb-d-aprs-preroute.kicad_pcb,pcb-d-aprs-57,f1396211fcd1,7,4,24,0,0,6,21.05,0,33,2,0,0,7,129.96
pcb-d-aprs-preroute.kicad_pcb,pcb-d-aprs-57,f1396211fcd1,7,5,19,0,0,2,3.04,0,35,2,0,0,9,186.54
pcb-d-aprs-preroute.kicad_pcb,pcb-d-aprs-57,f1396211fcd1,7,6,2,0,0,0,0,0,8,2,0,0,0,12.93
pcb-d-aprs-preroute.kicad_pcb,pcb-d-aprs-57,f1396211fcd1,7,7,4,0,0,1,3.1,0,4,2,0,0,0,13.21
pcb-d-aprs-preroute.kicad_pcb,pcb-d-aprs-57,f1396211fcd1,8,0,2,0,0,0,0,0,11,2,0,0,0,77.85
pcb-d-aprs-preroute.kicad_pcb,pcb-d-aprs-57,f1396211fcd1,8,1,9,9,0,7,17.97,25.34,23,2,0,0,2,82.47
pcb-d-aprs-preroute.kicad_pcb,pcb-d-aprs-57,f1396211fcd1,8,2,14,0,0,2,3.38,0,32,2,0,0,4,81.22
pcb-d-aprs-preroute.kicad_pcb,pcb-d-aprs-57,f1396211fcd1,8,3,8,0,0,5,4.17,0,24,2,0,0,4,118.29
pcb-d-aprs-preroute.kicad_pcb,pcb-d-aprs-57,f1396211fcd1,8,4,9,0,0,2,1.12,0,22,2,0,0,4,82.91
pcb-d-aprs-preroute.kicad_pcb,pcb-d-aprs-57,f1396211fcd1,8,5,14,0,0,4,3.2,0,22,2,0,0,4,109.65
pcb-d-aprs-preroute.kicad_pcb,pcb-d-aprs-57,f1396211fcd1,8,6,2,0,0,0,0,0,7,2,0,0,0,0
pcb-d-aprs-preroute.kicad_pcb,pcb-d-aprs-57,f1396211fcd1,8,7,3,0,0,0,0,0,3,2,0,0,0,10.7
pcb-d-aprs-preroute.kicad_pcb,pcb-d-aprs-57,f1396211fcd1,9,0,1,0,0,0,0,0,7,3,0,0,0,0
pcb-d-aprs-preroute.kicad_pcb,pcb-d-aprs-57,f1396211fcd1,9,1,4,0,0,1,0,0,14,2,0,0,0,34.17
pcb-d-aprs-preroute.kicad_pcb,pcb-d-aprs-57,f1396211fcd1,9,2,7,0,0,0,0,0,16,2,0,0,0,69.07
pcb-d-aprs-preroute.kicad_pcb,pcb-d-aprs-57,f1396211fcd1,9,3,4,0,0,1,0.96,0,14,2,0,0,1,13.56
pcb-d-aprs-preroute.kicad_pcb,pcb-d-aprs-57,f1396211fcd1,9,4,2,0,0,0,0,0,11,2,0,0,0,43.37
pcb-d-aprs-preroute.kicad_pcb,pcb-d-aprs-57,f1396211fcd1,9,5,6,0,0,0,0,0,11,2,0,0,0,67.53
pcb-d-aprs-preroute.kicad_pcb,pcb-d-aprs-57,f1396211fcd1,9,6,2,0,0,0,0,0,5,2,0,0,0,15.64
pcb-d-aprs-preroute.kicad_pcb,pcb-d-aprs-57,f1396211fcd1,9,7,1,0,0,0,0,0,1,3,0,0,0,0
pcb-d-aprs-preroute.kicad_pcb,pcb-d-aprs-60,cdd68bbb525b,0,0,1,0,0,0,0,0,9,3,0,0,0,0
pcb-d-aprs-preroute.kicad_pcb,pcb-d-aprs-60,cdd68bbb525b,0,1,0,0,0,0,0,0,11,2,0,0,0,14.23
pcb-d-aprs-preroute.kicad_pcb,pcb-d-aprs-60,cdd68bbb525b,0,2,6,0,0,0,0,0,12,2,0,0,0,102.81
pcb-d-aprs-preroute.kicad_pcb,pcb-d-aprs-60,cdd68bbb525b,0,3,8,0,0,0,0,0,13,2,0,0,0,91.54
pcb-d-aprs-preroute.kicad_pcb,pcb-d-aprs-60,cdd68bbb525b,0,4,2,0,0,0,0,0,12,2,0,0,0,29.34
pcb-d-aprs-preroute.kicad_pcb,pcb-d-aprs-60,cdd68bbb525b,0,5,2,0,0,0,0,0,7,2,0,0,1,26.74
pcb-d-aprs-preroute.kicad_pcb,pcb-d-aprs-60,cdd68bbb525b,0,6,4,0,0,2,2.25,0,5,2,0,0,1,27.37
pcb-d-aprs-preroute.kicad_pcb,pcb-d-aprs-60,cdd68bbb525b,0,7,1,0,0,0,0,0,1,3,0,0,0,0
pcb-d-aprs-preroute.kicad_pcb,pcb-d-aprs-60,cdd68bbb525b,1,0,8,0,0,2,3.27,0,22,2,0,0,1,62.12
pcb-d-aprs-preroute.kicad_pcb,pcb-d-aprs-60,cdd68bbb525b,1,1,13,0,0,4,5.39,0,25,2,0,0,1,53.39
pcb-d-aprs-preroute.kicad_pcb,pcb-d-aprs-60,cdd68bbb525b,1,2,0,0,0,0,0,0,26,2,0,0,1,65.99
pcb-d-aprs-preroute.kicad_pcb,pcb-d-aprs-60,cdd68bbb525b,1,3,0,0,0,0,0,0,26,2,0,0,0,43.41
pcb-d-aprs-preroute.kicad_pcb,pcb-d-aprs-60,cdd68bbb525b,1,4,7,7,0,7,14.91,0,27,2,0,0,2,122.22
pcb-d-aprs-preroute.kicad_pcb,pcb-d-aprs-60,cdd68bbb525b,1,5,13,5,0,7,12.21,0,19,2,0,0,1,82.9
pcb-d-aprs-preroute.kicad_pcb,pcb-d-aprs-60,cdd68bbb525b,1,6,3,0,0,0,0,0,8,2,0,0,0,31.21
pcb-d-aprs-preroute.kicad_pcb,pcb-d-aprs-60,cdd68bbb525b,1,7,3,0,0,0,0,0,2,2,0,0,0,0
pcb-d-aprs-preroute.kicad_pcb,pcb-d-aprs-60,cdd68bbb525b,2,0,7,0,0,3,4.5,0,29,2,0,0,10,248.89
pcb-d-aprs-preroute.kicad_pcb,pcb-d-aprs-60,cdd68bbb525b,2,1,12,0,0,4,5.38,0,33,2,0,0,4,150.7
pcb-d-aprs-preroute.kicad_pcb,pcb-d-aprs-60,cdd68bbb525b,2,2,2,0,0,0,0,0,34,2,0,0,0,90.98
pcb-d-aprs-preroute.kicad_pcb,pcb-d-aprs-60,cdd68bbb525b,2,3,0,0,0,0,0,0,33,2,0,0,2,155.91
pcb-d-aprs-preroute.kicad_pcb,pcb-d-aprs-60,cdd68bbb525b,2,4,15,7,0,8,16.95,0,36,2,0,0,6,295.11
pcb-d-aprs-preroute.kicad_pcb,pcb-d-aprs-60,cdd68bbb525b,2,5,16,5,0,8,12.72,0,26,2,0,0,4,159.54
pcb-d-aprs-preroute.kicad_pcb,pcb-d-aprs-60,cdd68bbb525b,2,6,1,0,0,1,1.12,0,10,2,0,0,0,13.5
pcb-d-aprs-preroute.kicad_pcb,pcb-d-aprs-60,cdd68bbb525b,2,7,5,0,0,1,1.39,0,5,2,0,0,1,7.97
pcb-d-aprs-preroute.kicad_pcb,pcb-d-aprs-60,cdd68bbb525b,3,0,13,0,0,0,0,0,28,2,0,0,3,76.68
pcb-d-aprs-preroute.kicad_pcb,pcb-d-aprs-60,cdd68bbb525b,3,1,15,0,0,0,0,0,32,2,0,0,14,187.5
pcb-d-aprs-preroute.kicad_pcb,pcb-d-aprs-60,cdd68bbb525b,3,2,3,0,0,0,0,0,34,2,0,0,1,25.62
pcb-d-aprs-preroute.kicad_pcb,pcb-d-aprs-60,cdd68bbb525b,3,3,0,0,0,0,0,0,30,2,0,0,1,73.18
pcb-d-aprs-preroute.kicad_pcb,pcb-d-aprs-60,cdd68bbb525b,3,4,23,0,0,3,9.01,0,36,2,0,0,7,222.8
pcb-d-aprs-preroute.kicad_pcb,pcb-d-aprs-60,cdd68bbb525b,3,5,11,0,0,4,3.64,0,25,2,0,0,6,131.67
pcb-d-aprs-preroute.kicad_pcb,pcb-d-aprs-60,cdd68bbb525b,3,6,8,0,0,0,0,0,14,2,1,0,2,92.32
pcb-d-aprs-preroute.kicad_pcb,pcb-d-aprs-60,cdd68bbb525b,3,7,4,0,0,1,1.12,0,6,2,0,0,1,14.59
pcb-d-aprs-preroute.kicad_pcb,pcb-d-aprs-60,cdd68bbb525b,4,0,13,0,0,0,0,0,22,2,0,0,4,109.12
pcb-d-aprs-preroute.kicad_pcb,pcb-d-aprs-60,cdd68bbb525b,4,1,10,0,0,0,0,0,26,2,0,0,8,153.59
pcb-d-aprs-preroute.kicad_pcb,pcb-d-aprs-60,cdd68bbb525b,4,2,2,0,0,0,0,0,27,2,0,0,3,43.39
pcb-d-aprs-preroute.kicad_pcb,pcb-d-aprs-60,cdd68bbb525b,4,3,0,0,0,0,0,0,23,2,0,0,4,70.43
pcb-d-aprs-preroute.kicad_pcb,pcb-d-aprs-60,cdd68bbb525b,4,4,7,0,0,2,1.12,0,26,2,0,0,0,32.22
pcb-d-aprs-preroute.kicad_pcb,pcb-d-aprs-60,cdd68bbb525b,4,5,2,0,0,0,0,0,19,2,0,0,0,27.69
pcb-d-aprs-preroute.kicad_pcb,pcb-d-aprs-60,cdd68bbb525b,4,6,2,0,0,0,0,0,10,2,0,0,0,19.21
pcb-d-aprs-preroute.kicad_pcb,pcb-d-aprs-60,cdd68bbb525b,4,7,2,0,0,0,1.98,0,4,2,0,0,0,17.73
pcb-d-aprs-preroute.kicad_pcb,pcb-d-aprs-60,cdd68bbb525b,5,0,5,0,0,0,0,0,19,2,0,0,1,74.75
pcb-d-aprs-preroute.kicad_pcb,pcb-d-aprs-60,cdd68bbb525b,5,1,13,13,0,7,12.8,0,28,2,0,0,3,174.68
pcb-d-aprs-preroute.kicad_pcb,pcb-d-aprs-60,cdd68bbb525b,5,2,18,3,0,4,6.37,0,38,2,0,0,7,134.44
pcb-d-aprs-preroute.kicad_pcb,pcb-d-aprs-60,cdd68bbb525b,5,3,17,0,0,5,7.55,0,27,2,0,0,3,70.55
pcb-d-aprs-preroute.kicad_pcb,pcb-d-aprs-60,cdd68bbb525b,5,4,7,4,0,4,8.25,0,28,2,0,0,2,72.03
pcb-d-aprs-preroute.kicad_pcb,pcb-d-aprs-60,cdd68bbb525b,5,5,15,0,0,3,2.25,0,22,2,0,0,4,128.55
pcb-d-aprs-preroute.kicad_pcb,pcb-d-aprs-60,cdd68bbb525b,5,6,4,0,0,0,1.75,0,8,2,0,0,0,5.14
pcb-d-aprs-preroute.kicad_pcb,pcb-d-aprs-60,cdd68bbb525b,5,7,1,0,0,1,1.75,0,4,2,0,0,0,0
pcb-d-aprs-preroute.kicad_pcb,pcb-d-aprs-60,cdd68bbb525b,6,0,4,0,0,0,0,0,17,2,0,0,2,73.36
pcb-d-aprs-preroute.kicad_pcb,pcb-d-aprs-60,cdd68bbb525b,6,1,18,18,0,9,7.36,2.0,27,2,0,0,4,89.48
pcb-d-aprs-preroute.kicad_pcb,pcb-d-aprs-60,cdd68bbb525b,6,2,25,4,0,5,11.65,0,43,2,0,0,6,147.26
pcb-d-aprs-preroute.kicad_pcb,pcb-d-aprs-60,cdd68bbb525b,6,3,18,0,0,3,5.62,0,34,2,0,0,8,221.33
pcb-d-aprs-preroute.kicad_pcb,pcb-d-aprs-60,cdd68bbb525b,6,4,25,4,0,6,13.68,0,37,2,0,0,10,172.96
pcb-d-aprs-preroute.kicad_pcb,pcb-d-aprs-60,cdd68bbb525b,6,5,24,0,0,9,8.04,0,31,2,0,0,5,163.99
pcb-d-aprs-preroute.kicad_pcb,pcb-d-aprs-60,cdd68bbb525b,6,6,2,0,0,1,0,0,7,2,0,0,0,11.13
pcb-d-aprs-preroute.kicad_pcb,pcb-d-aprs-60,cdd68bbb525b,6,7,2,0,0,3,1.55,0,4,2,0,0,0,11.51
pcb-d-aprs-preroute.kicad_pcb,pcb-d-aprs-60,cdd68bbb525b,7,0,6,0,0,0,0,0,14,2,0,0,2,31.22
pcb-d-aprs-preroute.kicad_pcb,pcb-d-aprs-60,cdd68bbb525b,7,1,27,27,1,12,31.69,6.67,33,2,0,0,3,125.77
pcb-d-aprs-preroute.kicad_pcb,pcb-d-aprs-60,cdd68bbb525b,7,2,13,0,0,7,5.27,0,45,2,0,0,7,141.3
pcb-d-aprs-preroute.kicad_pcb,pcb-d-aprs-60,cdd68bbb525b,7,3,8,0,0,6,3.38,0,33,2,0,0,6,122.22
pcb-d-aprs-preroute.kicad_pcb,pcb-d-aprs-60,cdd68bbb525b,7,4,24,0,0,6,17.67,0,33,2,1,0,7,140.03
pcb-d-aprs-preroute.kicad_pcb,pcb-d-aprs-60,cdd68bbb525b,7,5,18,0,0,2,2.08,0,35,2,0,0,9,156.15
pcb-d-aprs-preroute.kicad_pcb,pcb-d-aprs-60,cdd68bbb525b,7,6,2,0,0,0,0,0,8,2,0,0,0,3.12
pcb-d-aprs-preroute.kicad_pcb,pcb-d-aprs-60,cdd68bbb525b,7,7,4,0,0,1,3.1,0,4,2,0,0,1,19.47
pcb-d-aprs-preroute.kicad_pcb,pcb-d-aprs-60,cdd68bbb525b,8,0,2,0,0,0,0,0,11,2,0,0,1,89.12
pcb-d-aprs-preroute.kicad_pcb,pcb-d-aprs-60,cdd68bbb525b,8,1,9,9,0,7,17.97,25.34,23,2,0,0,2,102.64
pcb-d-aprs-preroute.kicad_pcb,pcb-d-aprs-60,cdd68bbb525b,8,2,15,0,0,4,3.82,0,32,2,0,0,3,107.83
pcb-d-aprs-preroute.kicad_pcb,pcb-d-aprs-60,cdd68bbb525b,8,3,8,0,0,4,4.17,0,24,2,0,0,4,113.32
pcb-d-aprs-preroute.kicad_pcb,pcb-d-aprs-60,cdd68bbb525b,8,4,9,0,0,2,1.12,0,22,2,0,0,4,99.65
pcb-d-aprs-preroute.kicad_pcb,pcb-d-aprs-60,cdd68bbb525b,8,5,15,0,0,3,2.08,0,22,2,0,0,5,80.69
pcb-d-aprs-preroute.kicad_pcb,pcb-d-aprs-60,cdd68bbb525b,8,6,2,0,0,0,0,0,7,2,0,0,0,0
pcb-d-aprs-preroute.kicad_pcb,pcb-d-aprs-60,cdd68bbb525b,8,7,3,0,0,0,0,0,3,2,0,0,0,10.3
pcb-d-aprs-preroute.kicad_pcb,pcb-d-aprs-60,cdd68bbb525b,9,0,1,0,0,0,0,0,7,3,0,0,0,0
pcb-d-aprs-preroute.kicad_pcb,pcb-d-aprs-60,cdd68bbb525b,9,1,4,0,0,1,0,0,13,2,0,0,0,27.6
pcb-d-aprs-preroute.kicad_pcb,pcb-d-aprs-60,cdd68bbb525b,9,2,6,0,0,0,0,0,15,2,0,0,1,38.96
pcb-d-aprs-preroute.kicad_pcb,pcb-d-aprs-60,cdd68bbb525b,9,3,4,0,0,1,0.96,0,14,2,0,0,1,37.96
pcb-d-aprs-preroute.kicad_pcb,pcb-d-aprs-60,cdd68bbb525b,9,4,2,0,0,0,0,0,11,2,0,0,0,1.89
pcb-d-aprs-preroute.kicad_pcb,pcb-d-aprs-60,cdd68bbb525b,9,5,6,0,0,0,0,0,11,2,0,0,0,51.33
pcb-d-aprs-preroute.kicad_pcb,pcb-d-aprs-60,cdd68bbb525b,9,6,2,0,0,0,0,0,5,2,0,0,0,6.7
pcb-d-aprs-preroute.kicad_pcb,pcb-d-aprs-60,cdd68bbb525b,9,7,1,0,0,0,0,0,1,3,0,0,0,0
