path	git_blob_sha	sha256	bytes	group	role
.gitignore	4b2b6df11e89399ec0e797fdc11abd195f639593	5acb74ec8a71d2405f39bb2d56cec59a2b5b51eaa02b21632c49f1a24f4a726f	418	L1 layer 1, vision and product definition	repository overview, licence (CERN-OHL-S-2.0) and ignore rules
CONTINUATION-BRIEF.md	709d994ff30a95b61d7b4fedcf738d791f303b24	143279c1910c2b59f73e92e8dc0f21af9dbfa26d269bc2b287b977dacb951ba7	65156	H0 handover pages, the pack spec and the regeneration instructions	handover page, a copy of v2/docs/handover/CONTINUATION-BRIEF.md
ENGINEERING-QUESTIONS.md	b79405d3bb1fe5a1b9eddd6ecaa20bfb474ec20e	610d6602e06004fd1d13a65355ac7e5efed0698cbdfd1604448ee6a44479dbcf	95064	H0 handover pages, the pack spec and the regeneration instructions	handover page, a copy of v2/docs/handover/ENGINEERING-QUESTIONS.md
EXCLUDED.tsv	-	94d5736d9c72345b4d954cc9f616c43a1dbd321ac100847f1a1ac641d1f2a11f	1359375	meta	generated: the files this snapshot leaves out, and why
GLOSSARY.md	c7093e5cb2421b922b145bb655dba9c770a2ea3d	49e6e95ee3328ef91e69a643b6f527589e58932c1ec45f804b0ba2b0df0839d3	10755	H0 handover pages, the pack spec and the regeneration instructions	handover page, a copy of v2/docs/handover/GLOSSARY.md
LAYER-STATUS.md	015f1b2c9b19c20f7cf62b3c53255fad3feaea11	9c1c4edea247cc1688c5f037d5244624840c65a03b23b146a67e4b59ad3c3fe8	251363	H0 handover pages, the pack spec and the regeneration instructions	handover page, a copy of v2/docs/handover/LAYER-STATUS.md
LICENSE	0f1092207caa645ff426e0cc40b7eaad69caecb1	253ad3f89603e728abfa60c36fbcaf8225cf55c1eab12725f19fb3d74d647f3a	13419	L1 layer 1, vision and product definition	repository overview, licence (CERN-OHL-S-2.0) and ignore rules
README.md	b2185b43dc6fee4b6933d5017a08ad613ae3b7ed	cfcbe9f8e218308005defb55f997b6f2c9d546b739315518e6a79bca9780a743	12809	L1 layer 1, vision and product definition	repository overview, licence (CERN-OHL-S-2.0) and ignore rules
REFERENCED-SOURCES.tsv	-	a852971741b17d7383a4830e8d2cab379f71747459e0b837d4395daa8d13f852	188734	meta	generated: maker documents and CAD cited or held but not bundled
REGENERATE.md	b35a9e7b44d0744851338a4656f3bfd8c3cc87b6	1eefb8bae0774b6090a53672d93c1337204860276e186dc88d14d3bc41613040	45982	H0 handover pages, the pack spec and the regeneration instructions	handover page, a copy of v2/docs/handover/REGENERATE.md
SOURCE.txt	-	61ba1acad3dfaa6a7f16798a6fe812fe9d2eb29480543de4c5b37e9b3db24ea9	28788	meta	generated: the commit, the builder and the tool versions
START-HERE.md	aca00daedc6410a7173b74bf4b32cca338758102	2ed0ee09a4305d2318826bd7fb912d51e78eff80671313f61b556ddd00a3d0b9	47680	H0 handover pages, the pack spec and the regeneration instructions	handover page, a copy of v2/docs/handover/START-HERE.md
v2/README.md	35456b609d02b038195fc688fa1d27eb23b36d82	2d6929944d063f74b7b560b49835b4a4e18b2c4c001bcf93faa372c385144488	15724	L1 layer 1, vision and product definition	repository overview, licence (CERN-OHL-S-2.0) and ignore rules
v2/cad/README.md	1cf5f4bc275b4006ba82aac927193c84027b2d09	709e61cd986334f418515f8053c6270bf46a9268861818d8cba211780f77500c	8424	L7 layer 7, mechanical and enclosure	editable parametric CAD (build123d) and the stack height map; the source of the case and module files
v2/cad/battery_module.py	9cf976433337e219cd764cda6662bd38a7ba526d	4319a2f6a1706b5ba1b18c5fcbd02da880f9e3c6fb6c5c52d9479a247b021247	5898	L7 layer 7, mechanical and enclosure	editable parametric CAD (build123d) and the stack height map; the source of the case and module files
v2/cad/build_case_release.sh	78ec0c500efa3f46a688b9a7512db6aaeebef8d2	07031faf767c365b12b6da95663f528a6e5214b32d752d267f82f85064859483	2416	L7 layer 7, mechanical and enclosure	editable parametric CAD (build123d) and the stack height map; the source of the case and module files
v2/cad/case_drawings.py	9ca628db8b3354079e1019b4c677586daf2232f0	14fa11886f2b7f0262c6c513bbb4d03926a1db1254f7a01c42de982abedcc002	66781	L7 layer 7, mechanical and enclosure	editable parametric CAD (build123d) and the stack height map; the source of the case and module files
v2/cad/case_geometry_check.py	4246a81018c115ff75f76dbc1fba7a190cab6a60	abca5f5786d7aa093695493692a8a6b043e3e469dff3c21afc414a8d36fd7b04	12339	L7 layer 7, mechanical and enclosure	editable parametric CAD (build123d) and the stack height map; the source of the case and module files
v2/cad/case_manifest.py	3463fa286021b8629b9560f59fb2058fd3f57d99	5433e025c0bcadb4b3607fd80bf551b491c5e1df1ef7b1481d248d571e1e50ed	1860	L7 layer 7, mechanical and enclosure	editable parametric CAD (build123d) and the stack height map; the source of the case and module files
v2/cad/connector_plate.py	9124f0277821930c4fa923cfd683aa2c3e95f374	4c6047173e4a6cc1f61013282d071d74094865aa3c17787d17a4ad8691badca3	6792	L7 layer 7, mechanical and enclosure	editable parametric CAD (build123d) and the stack height map; the source of the case and module files
v2/cad/drawing_kit.py	d92ba96174aa97706fcefc86865c6daa2381bd46	49e7f00d7d57893fe2543e4d71571c2eb965993661bc1ae9d848f79ac4e87ca6	9640	L7 layer 7, mechanical and enclosure	editable parametric CAD (build123d) and the stack height map; the source of the case and module files
v2/cad/face_plate.py	e232761039394d4303ee3ba0a89c9cc48b5f0500	8f25347305e1c446c9200a97b4f6897e301d44c0cfa89738fef9f8a38e1ce47f	13012	L7 layer 7, mechanical and enclosure	editable parametric CAD (build123d) and the stack height map; the source of the case and module files
v2/cad/float_clamp.py	131a9775c84a83caa1c2c888e2912fefc0543553	40e63f6237e1f7a3b4e8bb595cf996e15e6c4c0d9e3ef43e5a4c8d2a09fc5a57	6457	L7 layer 7, mechanical and enclosure	editable parametric CAD (build123d) and the stack height map; the source of the case and module files
v2/cad/frame_leg.py	76dcacce8deefbbb5063505cf6c4a855102fa7fd	28c5adcf7166452abca731e6a2d7ab629dbab5ae25871756c2181b2ca2e057e2	9440	L7 layer 7, mechanical and enclosure	editable parametric CAD (build123d) and the stack height map; the source of the case and module files
v2/cad/lid_bracket_qmx.py	4a942c2f44adb0a02c173114878410079b274074	67ee747c97d3cf67f1bbce71cb6c9aa5939a4df1af3dab7ed8156a4404965c6d	5654	L7 layer 7, mechanical and enclosure	editable parametric CAD (build123d) and the stack height map; the source of the case and module files
v2/cad/model_bbox.py	62e9210cf8fb27bb2aed00dfd6a6ebf556e4d49c	a873c00bace1e791456eee65e9d89f5c3bb8a89afd1ccd041ff5adb4bb993296	4805	L7 layer 7, mechanical and enclosure	editable parametric CAD (build123d) and the stack height map; the source of the case and module files
v2/cad/pack_4s.py	e370fce1d6d007c80652e20353b77f55376c681a	fab2cc216f7ba4609611f020352250091011dfd98f0bdabf1422b90de7f5326d	4545	L7 layer 7, mechanical and enclosure	editable parametric CAD (build123d) and the stack height map; the source of the case and module files
v2/cad/plate_drawing.py	60ecc5a1e98d09adfbf0180498b091e952f487bb	34d0520c73955c8af02158adb82281e54c16ea84c1bdc403545fa5919ec3aff0	10176	L7 layer 7, mechanical and enclosure	editable parametric CAD (build123d) and the stack height map; the source of the case and module files
v2/cad/requirements-cad.lock	9d68c7d4e94a568a96250fe31401575253b60f1b	32f887be3a68bb56b9ad9a1978c0c43ae9fdc27e40611d318c3fb054b504c5d9	1374	L7 layer 7, mechanical and enclosure	editable parametric CAD (build123d) and the stack height map; the source of the case and module files
v2/cad/requirements-cad.txt	c654212e0410b2ff5204e0b4245f2798f0ab5a4c	7578f1ac14b33b1e743c348278abeb33b9de438c4471da155bb9d6bc7701199b	723	L7 layer 7, mechanical and enclosure	editable parametric CAD (build123d) and the stack height map; the source of the case and module files
v2/cad/rf_entry_plate.py	78e21a19d77acec8d47e0bddb44459ee6e85f452	12a454c399c11bc0d9ba5d70e775c36c8b8e138de7e612ccc00842a111dee475	6105	L7 layer 7, mechanical and enclosure	editable parametric CAD (build123d) and the stack height map; the source of the case and module files
v2/cad/stack-heightmap.json	b674a48ec7971599b0c8ff0f9c63ca705ef2e9e5	cde86879d4530ff3fc8edebb9e3c36a8e25687400ffde4a06ca0c655a2f3f1df	24237	L7 layer 7, mechanical and enclosure	editable parametric CAD (build123d) and the stack height map; the source of the case and module files
v2/cad/zstack-models.json	a7d29b60a3e6272b66b81a6a644d9c5612db03fe	3fad2fb95f584782e8b1dd51cdea754c12d0d8a1b59780a593c15b1d641f2018	25700	L7 layer 7, mechanical and enclosure	editable parametric CAD (build123d) and the stack height map; the source of the case and module files
v2/cad/zstack.json	f9b9e372788ad5459fcf28a5f7e235735c3b3217	b4fb79d90d2f3ee1d8e1782419ea11437f573411f5292a5c2e46da47b42230d6	841987	L7 layer 7, mechanical and enclosure	editable parametric CAD (build123d) and the stack height map; the source of the case and module files
v2/cad/zstack.py	3c0cd7c4fd95d3999e9fc1b41d1f61be2d1e7509	1ba75de7ceeffa12873d1fd99bbc4034882d05ec7f30be66e33ca7ad494cfd07	32997	L7 layer 7, mechanical and enclosure	editable parametric CAD (build123d) and the stack height map; the source of the case and module files
v2/docs/AGENTIC-SYSTEM.md	3fd6e2fefe928d2be168dfeda5c72862ef098bdf	59f78a4776a5d658fbed6d91eaf0714b36d881e131bc37c80bcf2969d8afc186	10929	HIST history: superseded or process records, kept only to trace a ruling; never an authority	history: the design record (every ruling, every audit round) and superseded research and process records; trace a ruling here, never take it as the current state
v2/docs/ARCH-PCB-B-IOHA.md	5d8ee999cc098b32a6c40e5fabd7d01ac90b9d68	55620cf51446bfc853f003cccf572e7e11cc9db18e9afdeb0825819dd6e9a322	50494	L4 layer 4, system architecture (with the feasibility studies)	system architecture, board B feasibility, grounding strategy, layer-count decisions and the feasibility studies (ZEROIZE, EMCON, failover fabric, power and thermal, decoupling)
v2/docs/ARCHITECTURE.md	170fc2a5581328a69b1f5fded843f5dd7a76c7b1	722a07af5428c360b06814de8809f33d1f9274d7000d29a173ede5a05776bc82	171687	L4 layer 4, system architecture (with the feasibility studies)	system architecture, board B feasibility, grounding strategy, layer-count decisions and the feasibility studies (ZEROIZE, EMCON, failover fabric, power and thermal, decoupling)
v2/docs/ASSEMBLY.md	0752775f4c95cea8c130b57c97b1625077be9594	b49f853f450d49ee5cc62c7a62236d389685d5615af4d79d7ae3eb839834d80a	63977	L7 layer 7, mechanical and enclosure	case margins and fit study (CASE-MARGINS), the case-fit uncertainties and the mock-up allocation (CASE-FIT-UNCERTAINTIES) and assembly, fasteners and coatings (ASSEMBLY, written for the MESHSAT-830 board phases)
v2/docs/B-FEASIBILITY.md	608b2d0bb5ad4ca7c337a996d6dff4090d15353f	d67a27812b620b0c0a0f1a6ebf26a2ca900b6ce41d58b056a46da3157fa0b39c	90828	L4 layer 4, system architecture (with the feasibility studies)	system architecture, board B feasibility, grounding strategy, layer-count decisions and the feasibility studies (ZEROIZE, EMCON, failover fabric, power and thermal, decoupling)
v2/docs/CASE-FIT-UNCERTAINTIES.md	658e9bc5c603df5424ecbb0822eac820b32ae8ee	efc66afe9140e0228a76f8c685c87087724c186a7ff75f59ace499e4fe953d89	34839	L7 layer 7, mechanical and enclosure	case margins and fit study (CASE-MARGINS), the case-fit uncertainties and the mock-up allocation (CASE-FIT-UNCERTAINTIES) and assembly, fasteners and coatings (ASSEMBLY, written for the MESHSAT-830 board phases)
v2/docs/CASE-MARGINS.md	c4c15caf35927448b779d7826b0756cc89bc112a	0fc449b72532ba7cacf2d9f3bc997cc3c4fa518df74ec3f399d9f7806585fabc	168284	L7 layer 7, mechanical and enclosure	case margins and fit study (CASE-MARGINS), the case-fit uncertainties and the mock-up allocation (CASE-FIT-UNCERTAINTIES) and assembly, fasteners and coatings (ASSEMBLY, written for the MESHSAT-830 board phases)
v2/docs/CONOPS.md	0d0a33b9f35af062380e4855576cdc211c09f57f	4483209659dc391c9677ae8d5351ccad4805d44906f8b142fd3029e4192c96bc	190190	L2 layer 2, concept of operations	concept of operations and the operating envelope
v2/docs/CONTROL-PLANE.md	f0793c912b553aa5c5f7d80e5be1693569e3e7fa	3480a9ba405322eefa7968855e072ce7d7ece9fd674ffbeff6354db3222d7ce7	26338	HIST history: superseded or process records, kept only to trace a ruling; never an authority	history: the design record (every ruling, every audit round) and superseded research and process records; trace a ruling here, never take it as the current state
v2/docs/CURRENT-EVIDENCE.md	51525efd82c9da2235770e12ac661c169671c561	7a834fe55aea6ccd256f0245f3c13c266884e3494f9524d3f0ee809c75ce52f2	71413	EV verification results, reviews and records, with the pages that classify them	generated status pages: every reading classified against the current candidate, per board, with the exact remaining blockers
v2/docs/EXECUTION-PLAN.md	76e0a43a7213908a2d4987d4da3eb35cb1d4732f	260c625393ac37e1b0dd0059de4d3429f12e6ee4d5b72ecb9560d9a6918a6d4b	24057	EV verification results, reviews and records, with the pages that classify them	execution plan, the owner's reviews and prompts, review routes, and the filed records of each work round
v2/docs/GROUNDING-AND-SHIELDS.md	d736cbdd0ac6c9ee63f919a608a94a79293120a5	119ca354c7ff83bc859f4aab564a3980c14e9557d594486e9cf6cf7cae1e90fb	7652	L4 layer 4, system architecture (with the feasibility studies)	system architecture, board B feasibility, grounding strategy, layer-count decisions and the feasibility studies (ZEROIZE, EMCON, failover fabric, power and thermal, decoupling)
v2/docs/HW-FW-CONTRACT.md	55d032473b36d5c5076edcece87b8309f304994d	a20eea9fe2234f86eb87ddf1a2322dd615b97148540bb5ac894b4a7b8e8260f0	67173	L5 layer 5, partitioning and interfaces	board-to-board interfaces, per-board facts, the panel software contract and the hardware and firmware contract (HW-FW-CONTRACT, layer 5)
v2/docs/LAYER-DECISIONS-2026-09-11.md	a2413ae44c174db172b552a81033e2c3730f4954	2149ce06635566bbb54ca186cfbed969e9ebbcc5ffaebd13b357cfa6a132dacf	22327	L4 layer 4, system architecture (with the feasibility studies)	system architecture, board B feasibility, grounding strategy, layer-count decisions and the feasibility studies (ZEROIZE, EMCON, failover fabric, power and thermal, decoupling)
v2/docs/MESHSAT-709-geometry-appendix.md	d287bf9de187415ff4fdac96f34a8345c0adf29b	852736b661a805e36305ca6c2c91ebb76794e883a2ccd75dc3274c25d65212f1	2037878	HIST history: superseded or process records, kept only to trace a ruling; never an authority	history: the design record (every ruling, every audit round) and superseded research and process records; trace a ruling here, never take it as the current state
v2/docs/OPERATING-ENVELOPE.md	5d9122a922f6b4647765ea6903c471be601a832d	43361b02743cf3af0bb33b10b4000e2f07efd425fcf04af94ddaba270441701d	44341	L2 layer 2, concept of operations	concept of operations and the operating envelope
v2/docs/OWNER-DECISIONS-2026-09-11.md	cf5b05ff8f00b261120672cd3edb44074ed68f86	0726834a1f8bca080721126e97cfd822c1775aabaf1d7c4ecc30a2b554a0109a	217256	HIST history: superseded or process records, kept only to trace a ruling; never an authority	history: the design record (every ruling, every audit round) and superseded research and process records; trace a ruling here, never take it as the current state
v2/docs/OWNER-DECISIONS-OPEN.md	ccc986d453e408999dabd726b67a6d2f410cd175	03342e2a766969ffea17a61b2989ceb9ee07fe4cc94d61e3c973e561333d6d71	42882	L3 layer 3, requirements (with the rule and decision registries)	pages rendered from the decision and rule registries
v2/docs/PAIR-COVERAGE-2026-09-09.md	8dd285aa17a9da26bc62ba0f37c33bcf4ebc0497	f15c95fdea61e7348a900a010a03e01c2e038439e362be8230912e07a47eeb0c	6530	HIST history: superseded or process records, kept only to trace a ruling; never an authority	history: the design record (every ruling, every audit round) and superseded research and process records; trace a ruling here, never take it as the current state
v2/docs/PAIR-PREROUTER-KNOBS.md	792fefa7f800fbe452bf9f3119fafa4f68d7672b	b3f4938d4a44e0ececf66fbccf14c11cf4dfbe02c39dca1dfdda1644747a06ac	13926	HIST history: superseded or process records, kept only to trace a ruling; never an authority	history: the design record (every ruling, every audit round) and superseded research and process records; trace a ruling here, never take it as the current state
v2/docs/PANEL.md	1ee88b3a7dfd17014c6c12e085c523188f8b6941	7bb905740ddaebb9c4ca764098024068f84f251131efbeea35273308d67e40a6	40867	L5 layer 5, partitioning and interfaces	board-to-board interfaces, per-board facts, the panel software contract and the hardware and firmware contract (HW-FW-CONTRACT, layer 5)
v2/docs/PCB-BRING-UP.md	9c872e90024dafe47c993de9cba24e96baff58ce	b7e98f548fc14f7a0b6ec1c40b670fa808b5b186b5799af8d727c65bb2404dcc	10763	EV verification results, reviews and records, with the pages that classify them	generated status pages: every reading classified against the current candidate, per board, with the exact remaining blockers
v2/docs/PCB-ETA.md	ea05517c1cec589ddae45568b9e554fa7d762ccd	44763368bfb0e138443a53b76825261ea83485b77698dabd42499995874bdaae	5212	EV verification results, reviews and records, with the pages that classify them	generated status pages: every reading classified against the current candidate, per board, with the exact remaining blockers
v2/docs/PCB-GAP-REGISTER.md	4eabb216181271044bc84703eeac5c00f25c1c27	a294003873b6f686da51ceda8ae9f9e3b7aba4ef5cab731843f65b42f96f76c6	50369	EV verification results, reviews and records, with the pages that classify them	generated status pages: every reading classified against the current candidate, per board, with the exact remaining blockers
v2/docs/PCB-GOLDEN-RULES.md	82c1b8bcdbad8398aa44aa732f0740f6b82d50cf	6ae7917db094ae070ad48d585de8ba143fb175efac1a9d95c3f72da97f49c3ab	185980	L3 layer 3, requirements (with the rule and decision registries)	pages rendered from the decision and rule registries
v2/docs/PCB-OPEN-PAIRS.md	27f1447accdb0f5ff9cc050aad7c24989a99ee09	71ea64a4cf54fecd5258c703f1415d669107d9e40dc1e4eef9f531a6fe351cdf	28213	EV verification results, reviews and records, with the pages that classify them	generated status pages: every reading classified against the current candidate, per board, with the exact remaining blockers
v2/docs/PCB-PROTOTYPE-UNKNOWNS.md	69d9007bca5f199683c9c138d779275c10483979	968b64ce3681921c5743cc7d7c2b6fbe041cd52351ff31b3c3693b30750e8520	2313	EV verification results, reviews and records, with the pages that classify them	generated status pages: every reading classified against the current candidate, per board, with the exact remaining blockers
v2/docs/PCB-ROTATION-CHECKLIST.md	d1ded8cf1af4dc9a13cf976f946fb8c29eea45f8	106f0320387750b6ef7772b90eae18c5dc0ffd4eaf405ff62d94f75fe382c21e	3080	EV verification results, reviews and records, with the pages that classify them	generated status pages: every reading classified against the current candidate, per board, with the exact remaining blockers
v2/docs/PCB-RULE-COVERAGE.md	5a8faabafab264bbfae06f0fdc1bcfaec94822cd	009011610145008acd6b3b82a518173da987dec506ac37634003dc6531e6d074	12257	L3 layer 3, requirements (with the rule and decision registries)	pages rendered from the decision and rule registries
v2/docs/PCB-RULE-STATUS-A.md	f59e5c020505db31b353f7947ce1fea433b1bf4a	7d8eb4d3d8412e049e891c579b8813b2e203ba3c42ef568b0d1041e0fb1fb8de	12227	EV verification results, reviews and records, with the pages that classify them	generated status pages: every reading classified against the current candidate, per board, with the exact remaining blockers
v2/docs/PCB-RULE-STATUS-B.md	951931e699ee057a27d67e0cee01224bc5d680a0	b579197f9a8a0de4658b7c8018835f8619e10ff0181457ec63c0fff10b1dfc59	12265	EV verification results, reviews and records, with the pages that classify them	generated status pages: every reading classified against the current candidate, per board, with the exact remaining blockers
v2/docs/PCB-RULE-STATUS-C.md	0b66245f39d3c20bcefc51a2d221e660d191dd0f	a1fed277da0210dd67c6202ddb1626634474cdf6a4eb88f757c91629bd517edf	8118	EV verification results, reviews and records, with the pages that classify them	generated status pages: every reading classified against the current candidate, per board, with the exact remaining blockers
v2/docs/PCB-RULE-STATUS-D.md	1b3b908a48aab430dda44c47bc19f6bb132f0e08	b89cadb6d5d508ca03d278bf845cecaf9a636901f6b326b2f5dd9ef84071b0f8	11012	EV verification results, reviews and records, with the pages that classify them	generated status pages: every reading classified against the current candidate, per board, with the exact remaining blockers
v2/docs/PCB-RULE-STATUS-E.md	4069adcfe74486630119cd367b59b978089cd768	56cd9dd7cec23a3a65378e2d7816e4f4008fb810af66d5be04e428239bf8824c	11810	EV verification results, reviews and records, with the pages that classify them	generated status pages: every reading classified against the current candidate, per board, with the exact remaining blockers
v2/docs/PCB-RULE-STATUS-E5.md	22ed7db6783e4894ea1e881d211435fc729b9e12	e90a5ff24526d32f8af0d97366d4dcbeb930d2d6608c29feeaf39491c3b83a17	4640	EV verification results, reviews and records, with the pages that classify them	generated status pages: every reading classified against the current candidate, per board, with the exact remaining blockers
v2/docs/PCB-RULE-STATUS-P.md	083385c30c8f95849855da0c6391fa36856cbfd5	29a803d2c7bb218452304f854fbce1d2d8b61a4d8c1a9513ad12b28e15f4afcd	8009	EV verification results, reviews and records, with the pages that classify them	generated status pages: every reading classified against the current candidate, per board, with the exact remaining blockers
v2/docs/PRODUCT-BRIEF.md	c252bf7bb8c335a9b37fc3315a38cf77c56434f2	d36bf76b3dea8b30bdb314e8615031d66f5d570c9c89e4a6ce5baea42253c3fb	38659	L1 layer 1, vision and product definition	product purpose, users, prototype scope, exclusions and outcome
v2/docs/RED-TEAM-2026-09-09.md	2135df589e9e87ff30e54687889fa47ae82c8d40	0f00ef483d97af9722aa38cf00f9f302e24d80914b86d78e9e0b63aef867f0be	30358	HIST history: superseded or process records, kept only to trace a ruling; never an authority	history: the design record (every ruling, every audit round) and superseded research and process records; trace a ruling here, never take it as the current state
v2/docs/RED-TEAM-2026-09-15-agentic.md	790150b6c3b01d7a487ed19ea10edb3944896f93	5c61d465a5605bb41354d1fe0dc76524dc89f4e1b70ce7cfd7d35c43135e4beb	22356	HIST history: superseded or process records, kept only to trace a ruling; never an authority	history: the design record (every ruling, every audit round) and superseded research and process records; trace a ruling here, never take it as the current state
v2/docs/RED-TEAM-2026-09-15-round4.md	4a0c32d53f48d9245a2b5f049c5dbecf26b474cf	a319c8b9764f486ffc5d269513f14edc11a0f50f55b78b748e0a98a9ae4a33a8	16703	HIST history: superseded or process records, kept only to trace a ruling; never an authority	history: the design record (every ruling, every audit round) and superseded research and process records; trace a ruling here, never take it as the current state
v2/docs/REQUIREMENTS-TRACE.md	198b27e43ba7d4c9a8b45a685c3209ddb4351de7	68b76056ef589f55d66da1722ecd723c248ea1aa9c67dd0ddb3ed9c4902f0870	797996	L3 layer 3, requirements (with the rule and decision registries)	requirements with source, verification stage and method (REQUIREMENTS-TRACE, generated from pcb_requirements.yaml), the qualification test plan, and the V2 specification as of 7 September 2026
v2/docs/ROUTEFLOW-PHASES.md	0fefb6c7c34f1a738bbc6c1fe7c70c063dedf515	4b9d10f6caba636f3dd17d7a451754e1ad9ad5d3a334e018b39ce608e31c73a3	28392	HIST history: superseded or process records, kept only to trace a ruling; never an authority	history: the design record (every ruling, every audit round) and superseded research and process records; trace a ruling here, never take it as the current state
v2/docs/STACKUP-DECISIONS.md	4d7cf241dddecedd38d695b42429406f22454171	f1ce4c8edea8b2dc2aee50a75a3770040e0c973726293f08562a6314fbc9ff96	30046	L9 layer 9, pre-layout design analysis	per-board layout constraint sheets handed to layout, with their calculations, and the stackup decision record
v2/docs/TEST-PLAN.md	1ce625345a512e56111bab0154d4b8be99acf40b	4f15bd02a6a8be469523c5a9ba3e8240ceb4e4c9d159de73a26abec457f299b5	53437	L3 layer 3, requirements (with the rule and decision registries)	requirements with source, verification stage and method (REQUIREMENTS-TRACE, generated from pcb_requirements.yaml), the qualification test plan, and the V2 specification as of 7 September 2026
v2/docs/V2-SPEC.md	31b887d325d99b51cd30964e4fff58f5d9de001d	a92ea2ef3793a3c996bc08c5e27faaa6ffff3eb6e6e2551bdbe814eb36a54fc0	61961	L3 layer 3, requirements (with the rule and decision registries)	requirements with source, verification stage and method (REQUIREMENTS-TRACE, generated from pcb_requirements.yaml), the qualification test plan, and the V2 specification as of 7 September 2026
v2/docs/diagrams/MANIFEST.json	d85957304491c3b20fa39d04be12e33eaedb40a3	828e143790fe76ee851abaa3bb038f53abbf9545e09c0cc3f92d1135e650879b	8610	L4 layer 4, system architecture (with the feasibility studies)	readable renderings (SVG, PDF) of the architecture, power tree, control lines and case drawings, their Mermaid sources, the tools that draw and check them and MANIFEST.json; drawn at b7f96784 (committed at 730f8489), with round 8 and set 5 (the folder's README states the status)
v2/docs/diagrams/README.md	133e8821840db1135eff081e074e67706fb910ee	971bab0f0ce181cccee17733cc34e4e7f0209966345648198cb54eb67e5e0279	25829	L4 layer 4, system architecture (with the feasibility studies)	readable renderings (SVG, PDF) of the architecture, power tree, control lines and case drawings, their Mermaid sources, the tools that draw and check them and MANIFEST.json; drawn at b7f96784 (committed at 730f8489), with round 8 and set 5 (the folder's README states the status)
v2/docs/diagrams/case-drawings.md	1d2d9cc11c0973d9c7a3cee56f26211eb496696c	6d8ecdb90b1dd821d8143af869fe9a63bdc08e33093a4816a36edcd23ddbd1c1	6994	L4 layer 4, system architecture (with the feasibility studies)	readable renderings (SVG, PDF) of the architecture, power tree, control lines and case drawings, their Mermaid sources, the tools that draw and check them and MANIFEST.json; drawn at b7f96784 (committed at 730f8489), with round 8 and set 5 (the folder's README states the status)
v2/docs/diagrams/control-lines.md	a1b92d0d6a01496afffad16a8bdc99a5b2a01523	c199ffbe1b0109dffdd901eb5e6f1cd13331f8641ad721acdad204628dfa2c54	20626	L4 layer 4, system architecture (with the feasibility studies)	readable renderings (SVG, PDF) of the architecture, power tree, control lines and case drawings, their Mermaid sources, the tools that draw and check them and MANIFEST.json; drawn at b7f96784 (committed at 730f8489), with round 8 and set 5 (the folder's README states the status)
v2/docs/diagrams/pdf/arch-2-context.pdf	e30207f1d8afe9c41b56bd7d6185f7590ad3b0a6	b979688ed252f4d091d9f403f88ccca0b17b80582eba996a1a88b90bb0dda797	28822	L4 layer 4, system architecture (with the feasibility studies)	readable renderings (SVG, PDF) of the architecture, power tree, control lines and case drawings, their Mermaid sources, the tools that draw and check them and MANIFEST.json; drawn at b7f96784 (committed at 730f8489), with round 8 and set 5 (the folder's README states the status)
v2/docs/diagrams/pdf/arch-3-2-board-interconnect.pdf	2022d73b6213093f64bd9d675b0292b0fd7aea17	2f54e3912c96185d637bbaf0b547b4d33bd0e15f09f427e769bc1df2597330a1	46867	L4 layer 4, system architecture (with the feasibility studies)	readable renderings (SVG, PDF) of the architecture, power tree, control lines and case drawings, their Mermaid sources, the tools that draw and check them and MANIFEST.json; drawn at b7f96784 (committed at 730f8489), with round 8 and set 5 (the folder's README states the status)
v2/docs/diagrams/pdf/arch-4-1-power-tree.pdf	fb29a7bb654612be9f10b8701ade08d526af0eb7	e9eb4b99368f8362cfafc039f4e33e69db91f97a37f490a4d188f87eea7c55b7	57122	L4 layer 4, system architecture (with the feasibility studies)	readable renderings (SVG, PDF) of the architecture, power tree, control lines and case drawings, their Mermaid sources, the tools that draw and check them and MANIFEST.json; drawn at b7f96784 (committed at 730f8489), with round 8 and set 5 (the folder's README states the status)
v2/docs/diagrams/pdf/arch-4-3-power-up.pdf	0d5bf1985fa637f60d7bac11f5d88ce625c15aed	8f1d4fa3a70920deb1fa2258955b62bd6e253aec7d004794b2f50d0a0b858f0a	35171	L4 layer 4, system architecture (with the feasibility studies)	readable renderings (SVG, PDF) of the architecture, power tree, control lines and case drawings, their Mermaid sources, the tools that draw and check them and MANIFEST.json; drawn at b7f96784 (committed at 730f8489), with round 8 and set 5 (the folder's README states the status)
v2/docs/diagrams/pdf/arch-5-5-lanes-and-fabric.pdf	cd2c5e7e96ee4a201f521d74d7f657fb354de054	fc7e991e153f9962d2c28345cfdf787ca79193046146cf3833fe752eee59da97	39166	L4 layer 4, system architecture (with the feasibility studies)	readable renderings (SVG, PDF) of the architecture, power tree, control lines and case drawings, their Mermaid sources, the tools that draw and check them and MANIFEST.json; drawn at b7f96784 (committed at 730f8489), with round 8 and set 5 (the folder's README states the status)
v2/docs/diagrams/pdf/battery-charger-states.pdf	f9f35ba5e966e6bd590873d9a42d3f9695290f4a	83637aa484137b2f17af5a396998a5aebe41a45424d118f98079f87e1ccd840f	30441	L4 layer 4, system architecture (with the feasibility studies)	readable renderings (SVG, PDF) of the architecture, power tree, control lines and case drawings, their Mermaid sources, the tools that draw and check them and MANIFEST.json; drawn at b7f96784 (committed at 730f8489), with round 8 and set 5 (the folder's README states the status)
v2/docs/diagrams/pdf/battery-protection-states.pdf	429df2ff7ee0e8402c3a24ba72f8afa9d066bf09	24f0445d0cbbad34131700ed4a71eb98e1909f5e0c163c8cc0b25526d7488be2	35928	L4 layer 4, system architecture (with the feasibility studies)	readable renderings (SVG, PDF) of the architecture, power tree, control lines and case drawings, their Mermaid sources, the tools that draw and check them and MANIFEST.json; drawn at b7f96784 (committed at 730f8489), with round 8 and set 5 (the folder's README states the status)
v2/docs/diagrams/pdf/case-plan.pdf	de1b90b737416611421f4637aa02367b1960bad3	4412832a9656ede26eb37d566de62f7c238e9fb9e62a6cb9c2951b2c3b4df7af	24005	L4 layer 4, system architecture (with the feasibility studies)	readable renderings (SVG, PDF) of the architecture, power tree, control lines and case drawings, their Mermaid sources, the tools that draw and check them and MANIFEST.json; drawn at b7f96784 (committed at 730f8489), with round 8 and set 5 (the folder's README states the status)
v2/docs/diagrams/pdf/case-zstack.pdf	874159461205ae9ab4cca07c33722acbe66a1159	3f7cc91713d9309e79662cc3a78c1f0364683502d00fb533b202d48a8455d97b	25947	L4 layer 4, system architecture (with the feasibility studies)	readable renderings (SVG, PDF) of the architecture, power tree, control lines and case drawings, their Mermaid sources, the tools that draw and check them and MANIFEST.json; drawn at b7f96784 (committed at 730f8489), with round 8 and set 5 (the folder's README states the status)
v2/docs/diagrams/pdf/control-lines.pdf	09f4b971e7caf3fbdf16d4caeab747e97e8f7b5e	3c6d510ff10ab5673b891efffab6c35f37a656dc13f2defc15328b5de9d2d136	185168	L4 layer 4, system architecture (with the feasibility studies)	readable renderings (SVG, PDF) of the architecture, power tree, control lines and case drawings, their Mermaid sources, the tools that draw and check them and MANIFEST.json; drawn at b7f96784 (committed at 730f8489), with round 8 and set 5 (the folder's README states the status)
v2/docs/diagrams/pdf/power-tree.pdf	776399a47d40136764a868f285a7e20a8b3b7c6c	6a360bb7c8574abf2f99c3f5f54f3bd7dc7126af9c8b2b8b3945fc4171abef0c	835747	L4 layer 4, system architecture (with the feasibility studies)	readable renderings (SVG, PDF) of the architecture, power tree, control lines and case drawings, their Mermaid sources, the tools that draw and check them and MANIFEST.json; drawn at b7f96784 (committed at 730f8489), with round 8 and set 5 (the folder's README states the status)
v2/docs/diagrams/power-tree.md	a8109d6d608f33937bcb1117bcb9abd0a0025b6c	4b84a3e46e0757b15fe2672164d2e72792f298b4b4fd0f1b3ee66dd3de58d08e	23010	L4 layer 4, system architecture (with the feasibility studies)	readable renderings (SVG, PDF) of the architecture, power tree, control lines and case drawings, their Mermaid sources, the tools that draw and check them and MANIFEST.json; drawn at b7f96784 (committed at 730f8489), with round 8 and set 5 (the folder's README states the status)
v2/docs/diagrams/src/arch-2-context.mmd	c97562fbac39bb6555c062f4f9c9d3b12b13576b	748457ac77449aa6d7bf9b9915879d1b4ea571238c572c203758ac71c09852df	708	L4 layer 4, system architecture (with the feasibility studies)	readable renderings (SVG, PDF) of the architecture, power tree, control lines and case drawings, their Mermaid sources, the tools that draw and check them and MANIFEST.json; drawn at b7f96784 (committed at 730f8489), with round 8 and set 5 (the folder's README states the status)
v2/docs/diagrams/src/arch-3-2-board-interconnect.mmd	af9a15da30b9c3e862addaa2d3bf70622273f474	5b2a02a9327505e61705b3c2117861ee65da57d7ee50651659951a6e8abf4837	1328	L4 layer 4, system architecture (with the feasibility studies)	readable renderings (SVG, PDF) of the architecture, power tree, control lines and case drawings, their Mermaid sources, the tools that draw and check them and MANIFEST.json; drawn at b7f96784 (committed at 730f8489), with round 8 and set 5 (the folder's README states the status)
v2/docs/diagrams/src/arch-4-1-power-tree.mmd	ef28522a88e0aea10143c699df7edb748f473c98	47870fad16588c685deadef685e20cd446d1e555169f13701d46be69a37ec866	1964	L4 layer 4, system architecture (with the feasibility studies)	readable renderings (SVG, PDF) of the architecture, power tree, control lines and case drawings, their Mermaid sources, the tools that draw and check them and MANIFEST.json; drawn at b7f96784 (committed at 730f8489), with round 8 and set 5 (the folder's README states the status)
v2/docs/diagrams/src/arch-4-3-power-up.mmd	b3a8d808792c9943efbf0a4e6015a3403dae487f	4207b2be02e6f1b4ff0033c6090c8a947458415734985ffb2267002c45280f25	1064	L4 layer 4, system architecture (with the feasibility studies)	readable renderings (SVG, PDF) of the architecture, power tree, control lines and case drawings, their Mermaid sources, the tools that draw and check them and MANIFEST.json; drawn at b7f96784 (committed at 730f8489), with round 8 and set 5 (the folder's README states the status)
v2/docs/diagrams/src/arch-5-5-lanes-and-fabric.mmd	f282733ac36428cdf2d8812c641624ed53186c5d	564066c93725c51cde76a4a48a9f940afa9dcc4329bd15ec28ee2845b561ef56	1150	L4 layer 4, system architecture (with the feasibility studies)	readable renderings (SVG, PDF) of the architecture, power tree, control lines and case drawings, their Mermaid sources, the tools that draw and check them and MANIFEST.json; drawn at b7f96784 (committed at 730f8489), with round 8 and set 5 (the folder's README states the status)
v2/docs/diagrams/src/battery-charger-states.mmd	ce86865eb1f294ec7ef79e84ad920015cc63006c	e3fb51c60cb21f5715389e7cc86082441a31fa1072d8b2189ea1ffc2f2727b3c	1004	L4 layer 4, system architecture (with the feasibility studies)	readable renderings (SVG, PDF) of the architecture, power tree, control lines and case drawings, their Mermaid sources, the tools that draw and check them and MANIFEST.json; drawn at b7f96784 (committed at 730f8489), with round 8 and set 5 (the folder's README states the status)
v2/docs/diagrams/src/battery-protection-states.mmd	ef9f266904e686d5f59ffd861ac01ba2dc1c1752	06971fe183bd035f86200d8521d2f57a0bbc85320fd0503c953a418c970e6979	1031	L4 layer 4, system architecture (with the feasibility studies)	readable renderings (SVG, PDF) of the architecture, power tree, control lines and case drawings, their Mermaid sources, the tools that draw and check them and MANIFEST.json; drawn at b7f96784 (committed at 730f8489), with round 8 and set 5 (the folder's README states the status)
v2/docs/diagrams/src/control-lines.mmd	b6b4f78dceccb040873d10ef4334bee9fd95f335	6542629d67204d9b0ec3dd046f88780602c2c077de20cf4eea09deaad8f512df	11112	L4 layer 4, system architecture (with the feasibility studies)	readable renderings (SVG, PDF) of the architecture, power tree, control lines and case drawings, their Mermaid sources, the tools that draw and check them and MANIFEST.json; drawn at b7f96784 (committed at 730f8489), with round 8 and set 5 (the folder's README states the status)
v2/docs/diagrams/src/power-tree.mmd	199d552898452f3a28010ccaf3eb1ddd20fcd159	7eb9a3cb38b3985dd2db411f4e1e10db2c7142ae82a91e02afe8965e0d3dfccb	16887	L4 layer 4, system architecture (with the feasibility studies)	readable renderings (SVG, PDF) of the architecture, power tree, control lines and case drawings, their Mermaid sources, the tools that draw and check them and MANIFEST.json; drawn at b7f96784 (committed at 730f8489), with round 8 and set 5 (the folder's README states the status)
v2/docs/diagrams/svg/arch-2-context.svg	009ea0d6b88b7318f766d80e57ba86361c98940b	dbf8d4eeefb3c4b631a8abe824bc816dca4b9bff1410ee193186c4bdc0ae5069	29637	L4 layer 4, system architecture (with the feasibility studies)	readable renderings (SVG, PDF) of the architecture, power tree, control lines and case drawings, their Mermaid sources, the tools that draw and check them and MANIFEST.json; drawn at b7f96784 (committed at 730f8489), with round 8 and set 5 (the folder's README states the status)
v2/docs/diagrams/svg/arch-3-2-board-interconnect.svg	a4f14cbd8c4791f917edbd077e0c1a1c026db0f5	175fc8ab40992b85d574ab86e4af2d8bbf41a617e099f8588a69331f3ce806da	48764	L4 layer 4, system architecture (with the feasibility studies)	readable renderings (SVG, PDF) of the architecture, power tree, control lines and case drawings, their Mermaid sources, the tools that draw and check them and MANIFEST.json; drawn at b7f96784 (committed at 730f8489), with round 8 and set 5 (the folder's README states the status)
v2/docs/diagrams/svg/arch-4-1-power-tree.svg	ef85b8f827f68e38b413f542af5fb74ba935acaf	2264e23ddd7a745f90f8839b1dd642396c192838e083875486480f8db5378e1d	82181	L4 layer 4, system architecture (with the feasibility studies)	readable renderings (SVG, PDF) of the architecture, power tree, control lines and case drawings, their Mermaid sources, the tools that draw and check them and MANIFEST.json; drawn at b7f96784 (committed at 730f8489), with round 8 and set 5 (the folder's README states the status)
v2/docs/diagrams/svg/arch-4-3-power-up.svg	b680160ac04f3e963e5ebe81664533f78851e78a	3144fbe7089a527ebd61ec1392bef66c05af6fe7b7f9be20c4f15ee3f042fbab	29641	L4 layer 4, system architecture (with the feasibility studies)	readable renderings (SVG, PDF) of the architecture, power tree, control lines and case drawings, their Mermaid sources, the tools that draw and check them and MANIFEST.json; drawn at b7f96784 (committed at 730f8489), with round 8 and set 5 (the folder's README states the status)
v2/docs/diagrams/svg/arch-5-5-lanes-and-fabric.svg	8ca5ca2542f04956325b694c5e821f423f0b9cf3	e91c20623aac74a896bd47ecc536a08f87c04dedd5488b8938e531ebe38da8f1	57638	L4 layer 4, system architecture (with the feasibility studies)	readable renderings (SVG, PDF) of the architecture, power tree, control lines and case drawings, their Mermaid sources, the tools that draw and check them and MANIFEST.json; drawn at b7f96784 (committed at 730f8489), with round 8 and set 5 (the folder's README states the status)
v2/docs/diagrams/svg/battery-charger-states.svg	55d746e6e40a432dbaae895aa782f477bda80305	9148a19df16d5b55fa3417fb646e8825f98c401ad99c45339268db8ade93014d	34209	L4 layer 4, system architecture (with the feasibility studies)	readable renderings (SVG, PDF) of the architecture, power tree, control lines and case drawings, their Mermaid sources, the tools that draw and check them and MANIFEST.json; drawn at b7f96784 (committed at 730f8489), with round 8 and set 5 (the folder's README states the status)
v2/docs/diagrams/svg/battery-protection-states.svg	f02386c208a6fd733089f2bc3c2ea30cf008f2a1	f6d190132b0a812e2c062679ed91d3417735019c9cabc55e06471fe7b15ea0ff	53553	L4 layer 4, system architecture (with the feasibility studies)	readable renderings (SVG, PDF) of the architecture, power tree, control lines and case drawings, their Mermaid sources, the tools that draw and check them and MANIFEST.json; drawn at b7f96784 (committed at 730f8489), with round 8 and set 5 (the folder's README states the status)
v2/docs/diagrams/svg/case-plan.svg	d2e35fb86862349bf1fa7224ee216808946fa02c	a8bcde15b33c3939855db976734a575e342adec29d44788f9f2a4bd95bc73890	42305	L4 layer 4, system architecture (with the feasibility studies)	readable renderings (SVG, PDF) of the architecture, power tree, control lines and case drawings, their Mermaid sources, the tools that draw and check them and MANIFEST.json; drawn at b7f96784 (committed at 730f8489), with round 8 and set 5 (the folder's README states the status)
v2/docs/diagrams/svg/case-zstack.svg	3c0637d5cd30ad40627a7dcba9e72beac9446262	7f3db61ddcef712ddbc71d3d6927733d8a89c9c1da43e1238221ab388f93b31f	55233	L4 layer 4, system architecture (with the feasibility studies)	readable renderings (SVG, PDF) of the architecture, power tree, control lines and case drawings, their Mermaid sources, the tools that draw and check them and MANIFEST.json; drawn at b7f96784 (committed at 730f8489), with round 8 and set 5 (the folder's README states the status)
v2/docs/diagrams/svg/control-lines.svg	9e2833a982e0efe5daba7102fa44033381ce4d02	a1907c1ce85f1838e2346a122ba024a63222e66c2daa2842168ffe226e39978e	188680	L4 layer 4, system architecture (with the feasibility studies)	readable renderings (SVG, PDF) of the architecture, power tree, control lines and case drawings, their Mermaid sources, the tools that draw and check them and MANIFEST.json; drawn at b7f96784 (committed at 730f8489), with round 8 and set 5 (the folder's README states the status)
v2/docs/diagrams/svg/power-tree.svg	ed799e4105269f60101edd122a891e225ec44bdd	bc9995a5c8ec4f9eadb7582642d03035793b700a01e46fd779fa686a39f782d9	3841340	L4 layer 4, system architecture (with the feasibility studies)	readable renderings (SVG, PDF) of the architecture, power tree, control lines and case drawings, their Mermaid sources, the tools that draw and check them and MANIFEST.json; drawn at b7f96784 (committed at 730f8489), with round 8 and set 5 (the folder's README states the status)
v2/docs/diagrams/tools/build.py	69c39051dd5ca7fad395d431b0c5fd0638924103	497f51879e340e459f5e04354432af5266e3887277458cdf9fb146f1a2d436fd	6869	L4 layer 4, system architecture (with the feasibility studies)	readable renderings (SVG, PDF) of the architecture, power tree, control lines and case drawings, their Mermaid sources, the tools that draw and check them and MANIFEST.json; drawn at b7f96784 (committed at 730f8489), with round 8 and set 5 (the folder's README states the status)
v2/docs/diagrams/tools/case_drawings.py	363567908b7ea4139125a74c720ff4ffe3f7e351	69103f13ff638680dc8d44de74cb55121ed136dc1d35de4469ac5bb65b759369	37507	L4 layer 4, system architecture (with the feasibility studies)	readable renderings (SVG, PDF) of the architecture, power tree, control lines and case drawings, their Mermaid sources, the tools that draw and check them and MANIFEST.json; drawn at b7f96784 (committed at 730f8489), with round 8 and set 5 (the folder's README states the status)
v2/docs/diagrams/tools/control_lines.py	e8cf393fb7b7a72c2dee79148c1c1477cecf5ab2	09e18834d5a2d0bc9e91960ca1161e26e10aa1ed7471583b899943ed12f3275d	27007	L4 layer 4, system architecture (with the feasibility studies)	readable renderings (SVG, PDF) of the architecture, power tree, control lines and case drawings, their Mermaid sources, the tools that draw and check them and MANIFEST.json; drawn at b7f96784 (committed at 730f8489), with round 8 and set 5 (the folder's README states the status)
v2/docs/diagrams/tools/extract_mermaid.py	cd387e7220ed94852d6711c914c600c3d97e7eb2	de3e26f8b634aafbbbc6a3a14dcf627f11580f737aa0ae39a474ba2d70a53447	4174	L4 layer 4, system architecture (with the feasibility studies)	readable renderings (SVG, PDF) of the architecture, power tree, control lines and case drawings, their Mermaid sources, the tools that draw and check them and MANIFEST.json; drawn at b7f96784 (committed at 730f8489), with round 8 and set 5 (the folder's README states the status)
v2/docs/diagrams/tools/mermaid.json	29190a05238235fc3299932f211b9588c194a620	7899e96fd6eb9cc020cbcd937b507f33ca214425831e46a92dd063ce3118ae75	599	L4 layer 4, system architecture (with the feasibility studies)	readable renderings (SVG, PDF) of the architecture, power tree, control lines and case drawings, their Mermaid sources, the tools that draw and check them and MANIFEST.json; drawn at b7f96784 (committed at 730f8489), with round 8 and set 5 (the folder's README states the status)
v2/docs/diagrams/tools/netlist.py	c52a5e5d8de86ed0b53d5e99e79cf382a1c15554	7325728aa88d2c769ccd125a6446382f725c12f80ef7d3effed1b26fc5cf24fd	9892	L4 layer 4, system architecture (with the feasibility studies)	readable renderings (SVG, PDF) of the architecture, power tree, control lines and case drawings, their Mermaid sources, the tools that draw and check them and MANIFEST.json; drawn at b7f96784 (committed at 730f8489), with round 8 and set 5 (the folder's README states the status)
v2/docs/diagrams/tools/power_tree.py	eba3a0a2b0d62632b1ef90bd2af0bf3e2fccac1a	1ddc66e9c399338442e86ee64c707c053e4b12f5eb55c86cbb8f7295ddeeb5be	57113	L4 layer 4, system architecture (with the feasibility studies)	readable renderings (SVG, PDF) of the architecture, power tree, control lines and case drawings, their Mermaid sources, the tools that draw and check them and MANIFEST.json; drawn at b7f96784 (committed at 730f8489), with round 8 and set 5 (the folder's README states the status)
v2/docs/diagrams/tools/readback.py	2830ed424bc17c9abcec69adae7358db37617cf0	6b75c4ec283519f560875e17cc0f4fd5551b21ec11c7a08f1a07774f4cb24069	6069	L4 layer 4, system architecture (with the feasibility studies)	readable renderings (SVG, PDF) of the architecture, power tree, control lines and case drawings, their Mermaid sources, the tools that draw and check them and MANIFEST.json; drawn at b7f96784 (committed at 730f8489), with round 8 and set 5 (the folder's README states the status)
v2/docs/diagrams/tools/render.sh	89e646320e8fdd9f5958a3bbcff8654bbf9f3527	857134feff410358ca5e1a22f2139efe32fa099c363b75c89fe158951f6488e3	2166	L4 layer 4, system architecture (with the feasibility studies)	readable renderings (SVG, PDF) of the architecture, power tree, control lines and case drawings, their Mermaid sources, the tools that draw and check them and MANIFEST.json; drawn at b7f96784 (committed at 730f8489), with round 8 and set 5 (the folder's README states the status)
v2/docs/evidence/COMPATIBILITY.md	f1cf0b567d00c0dfdc1dd310dd982ee85e87e332	77a408a0a78e937903b612211b75ed2f449e7bb5832a7e6c45e7c2d1a552043b	22059	L6 layer 6, components	part compatibility and wrong-model reconciliation records, and the order-code and footprint research
v2/docs/evidence/INVALIDATED-2026-09-26.md	d699de5fdf05878348024fffa2a6e775ce560185	607d50e611eb9f0f319f5528111d380366024d9249591fbe7e8e095d03916ade	11896	EV verification results, reviews and records, with the pages that classify them	execution plan, the owner's reviews and prompts, review routes, and the filed records of each work round
v2/docs/evidence/WRONG-MODEL-RECONCILIATION.md	d49365467a05a95b9ad76ba612b4364c75b71133	97b1f63aa6ea11f1e436ff046f46bf69563b5b90a9f401e13e2d8dae0bf3a74e	22972	L6 layer 6, components	part compatibility and wrong-model reconciliation records, and the order-code and footprint research
v2/docs/feasibility/DECOUPLING.md	c6a9fd58c3dde4e3f3c72b3c8c997902c4e933ca	9f604241158c678fb17db9b9a8215c3e1337221f3b099f5ae3376951671901fe	119899	L4 layer 4, system architecture (with the feasibility studies)	system architecture, board B feasibility, grounding strategy, layer-count decisions and the feasibility studies (ZEROIZE, EMCON, failover fabric, power and thermal, decoupling)
v2/docs/feasibility/EMCON.md	b404542c7bd5f02e394bec8d6bdac7938afe7d08	1d4a491d9718e6d3d740d521ae532562c727273257ebf131b0aa8eac92c5779b	219158	L4 layer 4, system architecture (with the feasibility studies)	system architecture, board B feasibility, grounding strategy, layer-count decisions and the feasibility studies (ZEROIZE, EMCON, failover fabric, power and thermal, decoupling)
v2/docs/feasibility/FAILOVER-FABRIC.md	a10a28c581c5a542fd44330d243b55044f3c8dc2	a0ad3d7436cd126d5faa591a14ab83687dd92489117ca69958424cb38281e940	110017	L4 layer 4, system architecture (with the feasibility studies)	system architecture, board B feasibility, grounding strategy, layer-count decisions and the feasibility studies (ZEROIZE, EMCON, failover fabric, power and thermal, decoupling)
v2/docs/feasibility/POWER-THERMAL.md	7fc86270a989ed6c235c43bc76d5e06e4bb01e3c	ad3ba27cef9e0f684f28ce81815afa86d44c4114b9bc10ff474308d875ba5788	137909	L4 layer 4, system architecture (with the feasibility studies)	system architecture, board B feasibility, grounding strategy, layer-count decisions and the feasibility studies (ZEROIZE, EMCON, failover fabric, power and thermal, decoupling)
v2/docs/feasibility/ZEROIZE.md	8d9153be820861bfd4aaf84904fccd3f1959e0c8	94bd922511514ca4616b4fcc39b87ce517d8d299271abf32fc810df34640f6d2	76290	L4 layer 4, system architecture (with the feasibility studies)	system architecture, board B feasibility, grounding strategy, layer-count decisions and the feasibility studies (ZEROIZE, EMCON, failover fabric, power and thermal, decoupling)
v2/docs/feasibility/fab/.gitignore	410b2e65b1e1fe0aa55fcf40bf3d381ec069d313	083a0d7ea94b33a7569c1cd7778b5bafa369fc346c7eb425fb1c1e6de8cb2481	111	L4 layer 4, system architecture (with the feasibility studies)	system architecture, board B feasibility, grounding strategy, layer-count decisions and the feasibility studies (ZEROIZE, EMCON, failover fabric, power and thermal, decoupling)
v2/docs/feasibility/fab/dump.py	fa4f65dec20b8d59aa6ed165815f6686d9d87d65	32bfee8d9fc10f8412fa3d3e47b820015b6dfd5144339fdcf44343f732054c55	520	L4 layer 4, system architecture (with the feasibility studies)	system architecture, board B feasibility, grounding strategy, layer-count decisions and the feasibility studies (ZEROIZE, EMCON, failover fabric, power and thermal, decoupling)
v2/docs/feasibility/fab/fabmap.py	c59b9ce73c173044ce850a71bace89df7f8677cb	5b2bb0cfce37f5e58c7e83609e79269d3b1c86f561f6a6543d4f83bb2695d2f2	13251	L4 layer 4, system architecture (with the feasibility studies)	system architecture, board B feasibility, grounding strategy, layer-count decisions and the feasibility studies (ZEROIZE, EMCON, failover fabric, power and thermal, decoupling)
v2/docs/feasibility/fab/lengths.py	286620136306751aefcc42c65fbe1aa4d18cc3b2	af726f4968da23c538d82c2d318f2af2ee32c7ee1f397685277a09197fab28d7	1943	L4 layer 4, system architecture (with the feasibility studies)	system architecture, board B feasibility, grounding strategy, layer-count decisions and the feasibility studies (ZEROIZE, EMCON, failover fabric, power and thermal, decoupling)
v2/docs/feasibility/fab/netparse.py	c4c9cabe9c6a223547d05ab972affedcc9b5b294	f1ebef1f5868c0c47800089624a3821e942a685e2014be37d818baff5b06d277	2661	L4 layer 4, system architecture (with the feasibility studies)	system architecture, board B feasibility, grounding strategy, layer-count decisions and the feasibility studies (ZEROIZE, EMCON, failover fabric, power and thermal, decoupling)
v2/docs/feasibility/fab/out/SHA256SUMS-scripts.txt	2c4eb166577ad5abe2b607cf2d857dd9959ab62b	0a6b8e0631f39d6cb89a8ee004d57b51c165a19e2a61d93ea532be5b444e7194	853	L4 layer 4, system architecture (with the feasibility studies)	system architecture, board B feasibility, grounding strategy, layer-count decisions and the feasibility studies (ZEROIZE, EMCON, failover fabric, power and thermal, decoupling)
v2/docs/feasibility/fab/out/fabmap-tables.md	9fbfe84d98bb04a6890fe2de2839a78f4c75507c	ba22315d499ddb7b4522e4d7d4a59d24a2b74b5e5e370009cfb8e6b62994971a	62610	L4 layer 4, system architecture (with the feasibility studies)	system architecture, board B feasibility, grounding strategy, layer-count decisions and the feasibility studies (ZEROIZE, EMCON, failover fabric, power and thermal, decoupling)
v2/docs/feasibility/fab/out/fabmap.json	f40014d9438007d3e489b7dec528070c364db902	32ed062f9b04a2583ad027052ca5f8b0c8f35a0fd2958a765787556aac54ee0c	258969	L4 layer 4, system architecture (with the feasibility studies)	system architecture, board B feasibility, grounding strategy, layer-count decisions and the feasibility studies (ZEROIZE, EMCON, failover fabric, power and thermal, decoupling)
v2/docs/feasibility/fab/out/lengths.txt	639c2140493d24f659b6957d120f167d377db935	27b758674f5069033b7dc7e87736ccb577d47b85952fe4a19d8cb32172e6798d	2036	L4 layer 4, system architecture (with the feasibility studies)	system architecture, board B feasibility, grounding strategy, layer-count decisions and the feasibility studies (ZEROIZE, EMCON, failover fabric, power and thermal, decoupling)
v2/docs/feasibility/fab/out/pulldowns-mutations.txt	3e7868289d95ce4c158d7d4c538e08e255f38022	7510bd673640255b44ce2711be8e4e4d630950dab3940c907c07eef09eb42956	658	L4 layer 4, system architecture (with the feasibility studies)	system architecture, board B feasibility, grounding strategy, layer-count decisions and the feasibility studies (ZEROIZE, EMCON, failover fabric, power and thermal, decoupling)
v2/docs/feasibility/fab/out/pulldowns.txt	a79b8036b6c1db2ecafc50be7b1be1a90ee28327	895f8df0cdba1c5fa791f3de10e0500684b5a3d173b13c2a5547de4baca45160	7974	L4 layer 4, system architecture (with the feasibility studies)	system architecture, board B feasibility, grounding strategy, layer-count decisions and the feasibility studies (ZEROIZE, EMCON, failover fabric, power and thermal, decoupling)
v2/docs/feasibility/fab/out/tables.md	9893711fe3694251356f69d3306bcf1e90fca859	fec8b96bc60fb4549771c963fc7dd513d9a583787af4c6710396be4a835fb6fd	33138	L4 layer 4, system architecture (with the feasibility studies)	system architecture, board B feasibility, grounding strategy, layer-count decisions and the feasibility studies (ZEROIZE, EMCON, failover fabric, power and thermal, decoupling)
v2/docs/feasibility/fab/out/voters-b21.txt	42810894a973d316876d801e11e44be8455ab294	26560f43d4a00bdbb44c29f2c274d513f09073ea9651916053d11f990ab078a0	541	L4 layer 4, system architecture (with the feasibility studies)	system architecture, board B feasibility, grounding strategy, layer-count decisions and the feasibility studies (ZEROIZE, EMCON, failover fabric, power and thermal, decoupling)
v2/docs/feasibility/fab/out/voters.txt	42810894a973d316876d801e11e44be8455ab294	26560f43d4a00bdbb44c29f2c274d513f09073ea9651916053d11f990ab078a0	541	L4 layer 4, system architecture (with the feasibility studies)	system architecture, board B feasibility, grounding strategy, layer-count decisions and the feasibility studies (ZEROIZE, EMCON, failover fabric, power and thermal, decoupling)
v2/docs/feasibility/fab/pagefind.py	af2b00ff8cb8d52164d52ad8a4bfd582f64e9b52	a359fbe70c74b7433cadccea3243e198dc0344d64078070ef5d8ea99890a4324	605	L4 layer 4, system architecture (with the feasibility studies)	system architecture, board B feasibility, grounding strategy, layer-count decisions and the feasibility studies (ZEROIZE, EMCON, failover fabric, power and thermal, decoupling)
v2/docs/feasibility/fab/pulldowns.py	bb6b222ae05084a89cdb7bc7b2b90f23e206b2c9	daf6281676cc3833b4a7bbfef8a4ab65e782a70b83489d006294369877cd148d	5350	L4 layer 4, system architecture (with the feasibility studies)	system architecture, board B feasibility, grounding strategy, layer-count decisions and the feasibility studies (ZEROIZE, EMCON, failover fabric, power and thermal, decoupling)
v2/docs/feasibility/fab/pulldowns_mut.py	be7a394c879f16e1bde8dde4ee25c9e2fa6dce39	f4aae148b65b36219ac0e17e361db86be073d9870d02e794a8b2f17daad28975	1150	L4 layer 4, system architecture (with the feasibility studies)	system architecture, board B feasibility, grounding strategy, layer-count decisions and the feasibility studies (ZEROIZE, EMCON, failover fabric, power and thermal, decoupling)
v2/docs/feasibility/fab/questions.txt	dd853aadc53e0a0fd3fd12572c300a35e32be7f5	76a62624902b69b47811dba6babd18087e0884f39fb6d7f4e4a0d3c4f0fec063	1892	L4 layer 4, system architecture (with the feasibility studies)	system architecture, board B feasibility, grounding strategy, layer-count decisions and the feasibility studies (ZEROIZE, EMCON, failover fabric, power and thermal, decoupling)
v2/docs/feasibility/fab/render.py	a8cdc7eda4b1aeda427b2b87779ee671b89dc725	9a1c635356db53efab6136a7690ffa18f2ddc7e2a5fbc270279cc5715dab6691	3218	L4 layer 4, system architecture (with the feasibility studies)	system architecture, board B feasibility, grounding strategy, layer-count decisions and the feasibility studies (ZEROIZE, EMCON, failover fabric, power and thermal, decoupling)
v2/docs/feasibility/fab/tracer.py	7ffa3c0c4253c4be18e0656fa9c7de34732d6315	b624e4f6bcabd52ca285827adc74e615963877ae6e073d37dd11e397f8479905	3151	L4 layer 4, system architecture (with the feasibility studies)	system architecture, board B feasibility, grounding strategy, layer-count decisions and the feasibility studies (ZEROIZE, EMCON, failover fabric, power and thermal, decoupling)
v2/docs/feasibility/fab/voters.py	27f532f6e4ea7179bfc7cfd0d8d29cd594a217ee	8d8f5d855219647c5efd654c5bebf730d41c6703055ffabe4b5bb738b87cc02f	2478	L4 layer 4, system architecture (with the feasibility studies)	system architecture, board B feasibility, grounding strategy, layer-count decisions and the feasibility studies (ZEROIZE, EMCON, failover fabric, power and thermal, decoupling)
v2/docs/handover/CONTINUATION-BRIEF.md	709d994ff30a95b61d7b4fedcf738d791f303b24	143279c1910c2b59f73e92e8dc0f21af9dbfa26d269bc2b287b977dacb951ba7	65156	H0 handover pages, the pack spec and the regeneration instructions	handover page, pack specification or regeneration instructions
v2/docs/handover/ENGINEERING-QUESTIONS.md	b79405d3bb1fe5a1b9eddd6ecaa20bfb474ec20e	610d6602e06004fd1d13a65355ac7e5efed0698cbdfd1604448ee6a44479dbcf	95064	H0 handover pages, the pack spec and the regeneration instructions	handover page, pack specification or regeneration instructions
v2/docs/handover/GLOSSARY.md	c7093e5cb2421b922b145bb655dba9c770a2ea3d	49e6e95ee3328ef91e69a643b6f527589e58932c1ec45f804b0ba2b0df0839d3	10755	H0 handover pages, the pack spec and the regeneration instructions	handover page, pack specification or regeneration instructions
v2/docs/handover/H1.1-RESPONSE.md	4585c0f2b13dae4a8cf1c8605a43943ce25c3907	82884f0fa7bde4f917aff1e122236e57a6208aa4c63e17bc31543806e73bfa59	13928	H0 handover pages, the pack spec and the regeneration instructions	handover page, pack specification or regeneration instructions
v2/docs/handover/LAYER-STATUS.md	015f1b2c9b19c20f7cf62b3c53255fad3feaea11	9c1c4edea247cc1688c5f037d5244624840c65a03b23b146a67e4b59ad3c3fe8	251363	H0 handover pages, the pack spec and the regeneration instructions	handover page, pack specification or regeneration instructions
v2/docs/handover/REGENERATE.md	b35a9e7b44d0744851338a4656f3bfd8c3cc87b6	1eefb8bae0774b6090a53672d93c1337204860276e186dc88d14d3bc41613040	45982	H0 handover pages, the pack spec and the regeneration instructions	handover page, pack specification or regeneration instructions
v2/docs/handover/START-HERE.md	aca00daedc6410a7173b74bf4b32cca338758102	2ed0ee09a4305d2318826bd7fb912d51e78eff80671313f61b556ddd00a3d0b9	47680	H0 handover pages, the pack spec and the regeneration instructions	handover page, pack specification or regeneration instructions
v2/docs/handover/candidates/README.md	573e609bd91c1b75ff5ceaac624b50c2c54d2d36	f34c736946a8566633e02b3dab42f5651c242bd2e452ae925ccee11368990d01	32225	EV verification results, reviews and records, with the pages that classify them	the candidates of H1.1 (SUPERSEDED since, each merged from a later state): base, sha256, layer and last review of each patch, and where each landed
v2/docs/handover/pack.yaml	e86545dabae2c04122c4788d6bb7e12971e8d7db	20d8504ca36df24a3ffdae37c1884d73d7fcd0f8ddfdc0b17bdb60db8a78f2f9	25524	H0 handover pages, the pack spec and the regeneration instructions	handover page, pack specification or regeneration instructions
v2/docs/layout-constraints/A.md	eb466dfbee8d303c9db48478de112834d14ec540	1364f6d0578cb365b9f01fd4433a9b430edb2cbd8c759cff2eb8064a44302ce5	17309	L9 layer 9, pre-layout design analysis	per-board layout constraint sheets handed to layout, with their calculations, and the stackup decision record
v2/docs/layout-constraints/B.md	38cf9ed81403f869688b460cc2cf0eab079a7e9f	f9753761f14985f99ee2ccc6a266001519d92662c544142c88fecb04b5f11685	16848	L9 layer 9, pre-layout design analysis	per-board layout constraint sheets handed to layout, with their calculations, and the stackup decision record
v2/docs/layout-constraints/C.md	c8c4e269b0a17c6921a565508f252a67b5989615	b97bc89b3f5ad8542c60477ded1761e84d590cfca639e65a8cbe25a237e085b4	8002	L9 layer 9, pre-layout design analysis	per-board layout constraint sheets handed to layout, with their calculations, and the stackup decision record
v2/docs/layout-constraints/D.md	b5426a959121dee4befe3f83ac43e406ab9a1a47	3e405088057b5b403b8dad58d3d5d37440e5d003138ee5eedb10094f9299896d	10294	L9 layer 9, pre-layout design analysis	per-board layout constraint sheets handed to layout, with their calculations, and the stackup decision record
v2/docs/layout-constraints/E.md	40ace9cfe291eca17ae2f2b0f69e092a90aa6c06	dfe045f3e077af795ffa9f36f049e2b6974d5b8b99f8c5f8158ec1fb1e439108	26913	L9 layer 9, pre-layout design analysis	per-board layout constraint sheets handed to layout, with their calculations, and the stackup decision record
v2/docs/layout-constraints/E5.md	ea574875c7df7e4234f53afcbf25bd54ce497a72	21b6098400dac9c5ae7cfa28370683ac78adc0a324c574966532fb776bd7eeee	4373	L9 layer 9, pre-layout design analysis	per-board layout constraint sheets handed to layout, with their calculations, and the stackup decision record
v2/docs/layout-constraints/P.md	6120d37f8aaf480d541641ea3c4f9adff1e193e8	0ba486ae2de2ef6a891ec6d664692f790d7d0c771d521025ede679c7a1b84592	10874	L9 layer 9, pre-layout design analysis	per-board layout constraint sheets handed to layout, with their calculations, and the stackup decision record
v2/docs/layout-constraints/README.md	3460513a2c964842ed08e7ca236eb18de4de5092	5f0f28d35c7133da5b7e1e08c13a1be222ddbbebc3dc31fcf357dadfc6bca634	12151	L9 layer 9, pre-layout design analysis	per-board layout constraint sheets handed to layout, with their calculations, and the stackup decision record
v2/docs/layout-constraints/calc/rail_widths.out	00b29d22d16d0bffc035017e2d385f03af0f2964	1f4780b68009b7c11fc2459eb3ac1f7f0644e0dd11f4d48cf9baa17350348dd7	12151	L9 layer 9, pre-layout design analysis	per-board layout constraint sheets handed to layout, with their calculations, and the stackup decision record
v2/docs/layout-constraints/calc/rail_widths.py	be0cfcf7a884255e5e0fdd68bf5ecbd7415a2e08	ae63002798ead16c1f7e3ecc56516d7bf2621fb4fae032317e7d097e38fb09e6	6731	L9 layer 9, pre-layout design analysis	per-board layout constraint sheets handed to layout, with their calculations, and the stackup decision record
v2/docs/layout-constraints/calc/stack_solves.out	f32fc251c271112088d9a1c0477b137eacd6252b	47c68e2571a51228e3c2c3b2281d0e944b7f5a619867a3e9e62f20457a2d27d9	4538	L9 layer 9, pre-layout design analysis	per-board layout constraint sheets handed to layout, with their calculations, and the stackup decision record
v2/docs/layout-constraints/calc/stack_solves.py	acefe3245b35015d3b0fb75ba34a3a852da5e4d1	7848a0d98dda47e5b69210d1cfabae8422f9326cb1b18d3956442176afe46c88	10051	L9 layer 9, pre-layout design analysis	per-board layout constraint sheets handed to layout, with their calculations, and the stackup decision record
v2/docs/parts/GRADE-CHECK.md	60b81eb56ca26d62b4831012f4a33f48c284afb6	e68bd0bbd89272aa3dd3c52999ae43406ea158a9dcd9f77fcf3a2f43e34a7980	51030	L6 layer 6, components	component records of the layer 6 closer: the supervisor MCU compatibility matrix, procurement constraints and alternatives with dated public stock readings, and the generated grade check of every fitted active part and connector against the envelope
v2/docs/parts/PROCUREMENT.md	88ea60df2553206d465bebe12a291e937e5b599d	878d6774edb9aeb287ca9bf9fb2b525de6dd227a317da768759388e6368a815b	28355	L6 layer 6, components	component records of the layer 6 closer: the supervisor MCU compatibility matrix, procurement constraints and alternatives with dated public stock readings, and the generated grade check of every fitted active part and connector against the envelope
v2/docs/parts/STM32H743-COMPATIBILITY.md	0e1064232f2c982c7f5e9d33d53bc2a441f684d9	67335ea42747e22f6fb12cb579c35bcf718de371060ed95830127aec1df88213	31762	L6 layer 6, components	component records of the layer 6 closer: the supervisor MCU compatibility matrix, procurement constraints and alternatives with dated public stock readings, and the generated grade check of every fitted active part and connector against the envelope
v2/docs/parts/grade-sources.yaml	1076cf866c81f79969104a41e834455b835e480c	436f6616df5197606b38b3ab27e1c1d8c57b143c16f68c714ff2b49aee79f437	72089	L6 layer 6, components	component records of the layer 6 closer: the supervisor MCU compatibility matrix, procurement constraints and alternatives with dated public stock readings, and the generated grade check of every fitted active part and connector against the envelope
v2/docs/parts/grade_check.py	32c46aa9326b228ca63457e6facda16ab2006e71	3569a5fa7f24ec60f7e0ee3d893f105c019f8a02034f401bd8d75a3d85014086	14986	L6 layer 6, components	component records of the layer 6 closer: the supervisor MCU compatibility matrix, procurement constraints and alternatives with dated public stock readings, and the generated grade check of every fitted active part and connector against the envelope
v2/docs/parts/readings/findchips-2026-09-27.json	93368a48a376117fe2486574f16a649e5e3ca1fd	9ae01294ac3df6dab5a79542df87797f40aa3711d6156ef7cd082adfb38e0162	130431	L6 layer 6, components	component records of the layer 6 closer: the supervisor MCU compatibility matrix, procurement constraints and alternatives with dated public stock readings, and the generated grade check of every fitted active part and connector against the envelope
v2/docs/parts/readings/jlc-2026-09-27.json	dd9374c43bd6978df47efcee40b4bebd9c9a8b10	5c5da5bdd9af7bd5fd6b5bdd117213f9e6fe1e6c99fe0e38c892379d6cbce00f	27931	L6 layer 6, components	component records of the layer 6 closer: the supervisor MCU compatibility matrix, procurement constraints and alternatives with dated public stock readings, and the generated grade check of every fitted active part and connector against the envelope
v2/docs/parts/readings/jlc-r8-main-2026-09-27.json	e2d5dec47279a331456ff0779c447577e6b0495f	63c727f1f1ba8eb5921907ec6090f9292d08baf605ceed7fbcb9dbb8b1ae9da6	9131	L6 layer 6, components	component records of the layer 6 closer: the supervisor MCU compatibility matrix, procurement constraints and alternatives with dated public stock readings, and the generated grade check of every fitted active part and connector against the envelope
v2/docs/parts/readings/lcsc-2026-09-27.json	2819e233f46f5784f8bb9bd15325a250cd9d7989	88a6554273f881f55abb067cee1d69f824db1b3704c56e7b715406b5f8fb6279	144931	L6 layer 6, components	component records of the layer 6 closer: the supervisor MCU compatibility matrix, procurement constraints and alternatives with dated public stock readings, and the generated grade check of every fitted active part and connector against the envelope
v2/docs/parts/readings/sheet-temps-2026-09-27.json	afe40add6743b5b10b444ad3788e2d9572eaa902	d9bb4d51e1ffc5c19471f79a8d2b98cfb8393c210edf0692260168ccf9c7e575	76357	L6 layer 6, components	component records of the layer 6 closer: the supervisor MCU compatibility matrix, procurement constraints and alternatives with dated public stock readings, and the generated grade check of every fitted active part and connector against the envelope
v2/docs/records/README.md	505345e9ae31ac9e2c897ce45fde6a9afe033443	2e8aeea8666540a63a9ed07b08d7bbc8f0e02cef9306d177a5e09025fc31b223	256634	EV verification results, reviews and records, with the pages that classify them	execution plan, the owner's reviews and prompts, review routes, and the filed records of each work round
v2/docs/records/adj/A01-expander-power-up/netlist_trace.txt	089923a1a9b0b14817417e8d0b021ea77699ca2c	9a3fc6f43d9c9f8813af58ad8538eff64a173af98478ddff6caaad78ae7baf5f	20155	EV verification results, reviews and records, with the pages that classify them	execution plan, the owner's reviews and prompts, review routes, and the filed records of each work round
v2/docs/records/adj/A01-expander-power-up/netq.py	6c2bfebc568d79706e99e9707fd98e31df17a811	30815b19f75664d82ef92c98429fb563419c7fbd41899a3a996f3428d12db7e0	1337	EV verification results, reviews and records, with the pages that classify them	execution plan, the owner's reviews and prompts, review routes, and the filed records of each work round
v2/docs/records/adj/A01-expander-power-up/node_calc.out	51e4c88a9784949961be0a7e56784a7c8aacf561	b8917ceba8281659dc7f74ec368e9bf196d5783f3654c4903136cc2e41a510a5	7034	EV verification results, reviews and records, with the pages that classify them	execution plan, the owner's reviews and prompts, review routes, and the filed records of each work round
v2/docs/records/adj/A01-expander-power-up/node_calc.py	8bccb87362a1d896ee9c81f65b7b883fd756593c	2c993140b1e04d820691e81be19599e1b9f65cdffdb06fff1fdbfaf79c54a920	6737	EV verification results, reviews and records, with the pages that classify them	execution plan, the owner's reviews and prompts, review routes, and the filed records of each work round
v2/docs/records/adj/A01-expander-power-up/sources.txt	a5a21edce8d963e43c282d5fcb99bd004697ee98	30f4bc8216be34dbc9c5b3095cce91c2f6652d0903f7d76224271d883945c2fb	1993	EV verification results, reviews and records, with the pages that classify them	execution plan, the owner's reviews and prompts, review routes, and the filed records of each work round
v2/docs/records/adj/A02-charger-without-host/A02-adjudication.md	49f3ed5b5dcf08131a6f32505d422dadd8f206d8	13c8876afe2b8b9aa64e5d5f18b3212adb9808cd2f752770ecd408540e5ae0f2	17068	EV verification results, reviews and records, with the pages that classify them	execution plan, the owner's reviews and prompts, review routes, and the filed records of each work round
v2/docs/records/adj/A02-charger-without-host/SHA256SUMS	6c495385f31a71d9d1a89e8feeb19480c6eda216	075e34c19d879aa54fb1dcbc9a1264417d054bdd224e5083faeddc0c9aae464f	583	EV verification results, reviews and records, with the pages that classify them	execution plan, the owner's reviews and prompts, review routes, and the filed records of each work round
v2/docs/records/adj/A02-charger-without-host/fetched_at.txt	5f7ee3277341884b1b8e3b69d1471f83294c8f3b	bc8704e68f20f82388a257d5f2e78024657230eab64c9d16b023d6d1249b0b98	21	EV verification results, reviews and records, with the pages that classify them	execution plan, the owner's reviews and prompts, review routes, and the filed records of each work round
v2/docs/records/adj/A02-charger-without-host/strap_calc.out	b19ac839b4336e3f22d3737cdc538c1311a95b9c	9e3aed93a18650a42c5d8c5c05fe16fca3d39678cb30f4216e5c08411cc03133	442	EV verification results, reviews and records, with the pages that classify them	execution plan, the owner's reviews and prompts, review routes, and the filed records of each work round
v2/docs/records/adj/A02-charger-without-host/strap_calc.py	9b35bb3b057e9914e8af556225c3674cc0515f00	18d5b0ad23b28d6e74694c200ce17cce554c7cdf408543ef846a893141c2f620	1174	EV verification results, reviews and records, with the pages that classify them	execution plan, the owner's reviews and prompts, review routes, and the filed records of each work round
v2/docs/records/adj/A03-clamp-orientation/clamp_table.csv	cce34543ed9a6611f6847995548d1c7273891a6f	a22463682ec5fafaccc5ae22a6b87ba1a80a9a9fc7a9acde1e97eaabf4b93171	24650	EV verification results, reviews and records, with the pages that classify them	execution plan, the owner's reviews and prompts, review routes, and the filed records of each work round
v2/docs/records/adj/A03-clamp-orientation/clamp_table.json	fcacf35e8d66844fa7b9f3556ad284ade8828d3a	d2727ee33af83a1ffe41a550edaf963a21da7422cd25a9831ea4aa9e41091fa2	41912	EV verification results, reviews and records, with the pages that classify them	execution plan, the owner's reviews and prompts, review routes, and the filed records of each work round
v2/docs/records/adj/A03-clamp-orientation/drafts/board_diodes.py	83b645d144b3893be484fe84a3cad70888e88791	d4fefac5684028ec47bb7fe2bbb08b2776b4b770e68d247266d9692e6a45fc75	3725	EV verification results, reviews and records, with the pages that classify them	execution plan, the owner's reviews and prompts, review routes, and the filed records of each work round
v2/docs/records/adj/A03-clamp-orientation/drafts/box/kicad9_footprints.txt	3f9b0271a40fbd09d6b2e9e7bc50eb0714318ff3	dc5e06b3afe351d74ee78e07e393e01120b89d44fffd5380706a6674c86b90be	1010	EV verification results, reviews and records, with the pages that classify them	execution plan, the owner's reviews and prompts, review routes, and the filed records of each work round
v2/docs/records/adj/A03-clamp-orientation/drafts/box/kicad9_symbols.txt	6db0af831e5baec3d0b713875eccf54e1ef67287	40a9adaee1428c02c6cb3bc532151603f2d4a568ca8c91e254e30fda58ed3974	1534	EV verification results, reviews and records, with the pages that classify them	execution plan, the owner's reviews and prompts, review routes, and the filed records of each work round
v2/docs/records/adj/A03-clamp-orientation/drafts/box/pcbnew_clamps.json	de41658d7ed53df0ef4399adc4f3e9c1258ba217	5311558996d6b939aba8637b7eadd6272d28268d034ed63ca7bdb40c65b88f64	30814	EV verification results, reviews and records, with the pages that classify them	execution plan, the owner's reviews and prompts, review routes, and the filed records of each work round
v2/docs/records/adj/A03-clamp-orientation/drafts/box/pcbnew_clamps.txt	a4af14c30bb851614bdc287b0384e07127a2a0fa	b8862a9b3da3a4c2012697d817644395c904329980d52688cdfe659260e101ad	5113	EV verification results, reviews and records, with the pages that classify them	execution plan, the owner's reviews and prompts, review routes, and the filed records of each work round
v2/docs/records/adj/A03-clamp-orientation/drafts/box/regen/clone_status_after.txt	e69de29bb2d1d6434b8b29ae775ad8c2e48c5391	e3b0c44298fc1c149afbf4c8996fb92427ae41e4649b934ca495991b7852b855	0	EV verification results, reviews and records, with the pages that classify them	execution plan, the owner's reviews and prompts, review routes, and the filed records of each work round
v2/docs/records/adj/A03-clamp-orientation/drafts/box/regen/gen_sch_a.log	30a77e32cee462ee6fe37802a790d19bcc520c76	6d327903a20ffe733b589f007e9884c0d27c80ed09e4b89772981a2182b794c6	515	EV verification results, reviews and records, with the pages that classify them	execution plan, the owner's reviews and prompts, review routes, and the filed records of each work round
v2/docs/records/adj/A03-clamp-orientation/drafts/box/regen/gen_sch_b.log	8ac8c1127ecaeb4654a987f4020eca02fdac09af	a0860b6859be7cdd45f550c8c233c68c8eee8e9a58bf2f172806f001d50f1a2a	520	EV verification results, reviews and records, with the pages that classify them	execution plan, the owner's reviews and prompts, review routes, and the filed records of each work round
v2/docs/records/adj/A03-clamp-orientation/drafts/box/regen/gen_sch_c.log	64296bf2a05610ebd4f8693556227ea1d7a7af8d	55db5fe0a945ee0c2c817f78dbf36678d46f95e3e9b8a4d8a7bb970374151c4a	513	EV verification results, reviews and records, with the pages that classify them	execution plan, the owner's reviews and prompts, review routes, and the filed records of each work round
v2/docs/records/adj/A03-clamp-orientation/drafts/box/regen/gen_sch_d.log	56b3cf1b8e1892cbc185b4a4c7d7840d5fa8a8e8	3450f8747bcd4413267a00f3716f6b1c1164c906940806f0891d61d53635b5c0	507	EV verification results, reviews and records, with the pages that classify them	execution plan, the owner's reviews and prompts, review routes, and the filed records of each work round
v2/docs/records/adj/A03-clamp-orientation/drafts/box/regen/gen_sch_e.log	f7b0e4dc29833147741a0af66cdfed909cd6181a	21033fa91f133cf57f59edb239f4da8e85fb431e637ea282af59109d20cb6ba9	1920	EV verification results, reviews and records, with the pages that classify them	execution plan, the owner's reviews and prompts, review routes, and the filed records of each work round
v2/docs/records/adj/A03-clamp-orientation/drafts/box/regen/gen_sch_p.log	94e8e9d7484de256b23ad33597c7f50fded13096	49a20c4363c14719910a8697fcae6edb547849a193de64ddacafe57b13da4790	503	EV verification results, reviews and records, with the pages that classify them	execution plan, the owner's reviews and prompts, review routes, and the filed records of each work round
v2/docs/records/adj/A03-clamp-orientation/drafts/box/regen/regen.log	b9f881ade0f6b6952e6a3a67e2d2b02a1b91b85d	2208e9978ab10769c55cd2931e65b98040f2e15856195de2910cad744fe5611c	224	EV verification results, reviews and records, with the pages that classify them	execution plan, the owner's reviews and prompts, review routes, and the filed records of each work round
v2/docs/records/adj/A03-clamp-orientation/drafts/box/regen_clamp_parity.json	72d5c158709004ebe7272e301a23fc4a7979120f	649f91c594ba7914c3636837b8415caaaa4d3850351ccc0c34344676dd880599	1366	EV verification results, reviews and records, with the pages that classify them	execution plan, the owner's reviews and prompts, review routes, and the filed records of each work round
v2/docs/records/adj/A03-clamp-orientation/drafts/boxsrc/libfp.py	fa84a01ac17ba07d72150962dc632b99d189b4ec	1ea72e59a9a78f63adf9143f995f851738b8437f0263d0e2b2a9dfad313bb16d	1187	EV verification results, reviews and records, with the pages that classify them	execution plan, the owner's reviews and prompts, review routes, and the filed records of each work round
v2/docs/records/adj/A03-clamp-orientation/drafts/boxsrc/pcbnew_clamps.py	d8a6261d909001378e4a0dafce23ac51a467f509	31035d49728693bf04787adf2e5829f2e3f89bb296bde3afea5ca76d98ef018c	3379	EV verification results, reviews and records, with the pages that classify them	execution plan, the owner's reviews and prompts, review routes, and the filed records of each work round
v2/docs/records/adj/A03-clamp-orientation/drafts/boxsrc/regen.sh	3beb8f9554cfaf6e84a8fced31a7a1b26bd791f0	54680a695509edf2e0da14db114de82cc7d90dd7d60d806daa39fdd2db207fd9	960	EV verification results, reviews and records, with the pages that classify them	execution plan, the owner's reviews and prompts, review routes, and the filed records of each work round
v2/docs/records/adj/A03-clamp-orientation/drafts/build_table.py	2fc69b10faaeb7b19bb08a79f0e1f8ecb94e4ad6	98bcec6da8b5730a62f18687dc8639ef47d54a92aadb95facbd2cec48dd4a73d	8254	EV verification results, reviews and records, with the pages that classify them	execution plan, the owner's reviews and prompts, review routes, and the filed records of each work round
v2/docs/records/adj/A03-clamp-orientation/drafts/gen_diodes.py	380f00b9c5da6b840234f9079644e9818c51e146	135153e3c8edaa25a8e774e407326c397d039b652972543fe0dfb82c0708d251	1090	EV verification results, reviews and records, with the pages that classify them	execution plan, the owner's reviews and prompts, review routes, and the filed records of each work round
v2/docs/records/adj/A03-clamp-orientation/drafts/lcsc/fetched_at.txt	b3a0567905b55a02aff5bd7e2435f822158663ff	ce55514931fd6bb7bb096d3e98ccf76a65ee30604d7713e0a22fe5cf761188ce	21	EV verification results, reviews and records, with the pages that classify them	execution plan, the owner's reviews and prompts, review routes, and the filed records of each work round
v2/docs/records/adj/A03-clamp-orientation/drafts/lcsc/lcsc_summary.json	9a1252e635a6a065b6fc66881c880c285e867e58	a5ae947aa896d606c97449dbb31acbd670e6848a28055c1eb20d11641ae1de8d	4833	EV verification results, reviews and records, with the pages that classify them	execution plan, the owner's reviews and prompts, review routes, and the filed records of each work round
v2/docs/records/adj/A03-clamp-orientation/drafts/lcsc/pdfs.txt	b66602fc1d2d6703ad8904146e6756d635361791	d80f43952fbbfa6dc906f2b775c3dd10b990363c7a5ca61f224578fe7e68b8b9	1617	EV verification results, reviews and records, with the pages that classify them	execution plan, the owner's reviews and prompts, review routes, and the filed records of each work round
v2/docs/records/adj/A03-clamp-orientation/drafts/net_diodes.py	87207561651c668dd548aa1918e47aea1aca838b	0845a30bf6aff274b419e0a2f68097ab229239707d5a3a8ab76cfc1aa3d71a1a	2107	EV verification results, reviews and records, with the pages that classify them	execution plan, the owner's reviews and prompts, review routes, and the filed records of each work round
v2/docs/records/adj/A03-clamp-orientation/drafts/runner/board_a.json	87e9fae442428cca93c6448f89b0cc234b44eef3	22d121814f51df09cc39cb08595a35165069b9290aa17fe0194138e197f8fe83	3354	EV verification results, reviews and records, with the pages that classify them	execution plan, the owner's reviews and prompts, review routes, and the filed records of each work round
v2/docs/records/adj/A03-clamp-orientation/drafts/runner/board_b.json	bd5012d405aeb11d7729aa9664f7ff8e1106facb	7a10479a4a9529577c73e3d8d70763acf918ae1f5c295034ad4611f3313dbdc2	10527	EV verification results, reviews and records, with the pages that classify them	execution plan, the owner's reviews and prompts, review routes, and the filed records of each work round
v2/docs/records/adj/A03-clamp-orientation/drafts/runner/board_c.json	086e79712f50f2b60aa587c01da06010947af9e5	8477cb27cb8d3168b9de37b509df1d10b377ca813eaf775ad4e2eb5bd7fbe947	6267	EV verification results, reviews and records, with the pages that classify them	execution plan, the owner's reviews and prompts, review routes, and the filed records of each work round
v2/docs/records/adj/A03-clamp-orientation/drafts/runner/board_d.json	5d943cbb544ed9875d410e6ea2c84e94c0161e1a	998eef500bd5109978b1468caeed48d75eb57463fd61e87f5c0c59ee905e63be	2070	EV verification results, reviews and records, with the pages that classify them	execution plan, the owner's reviews and prompts, review routes, and the filed records of each work round
v2/docs/records/adj/A03-clamp-orientation/drafts/runner/board_e.json	2086ae009137fbc431d033a76d1b8fe827d6d893	4ac2582a5b6589869e3f0a5f87e5ba635e455edea3c3ce12d5a9b44bbe6cddcf	5387	EV verification results, reviews and records, with the pages that classify them	execution plan, the owner's reviews and prompts, review routes, and the filed records of each work round
v2/docs/records/adj/A03-clamp-orientation/drafts/runner/board_e5.json	aedcd1db680a30cf3ec892b9e098c2c54348e3ac	495991b736dc60bbafca15e05f72b7deb46ce91eea6cecb0480ca68649d87ad9	100	EV verification results, reviews and records, with the pages that classify them	execution plan, the owner's reviews and prompts, review routes, and the filed records of each work round
v2/docs/records/adj/A03-clamp-orientation/drafts/runner/board_p.json	4f839ab0227af12b13b9e4d6b76735f848256972	e8301176e549ac50f2314c0caf1291eceed836f17b6754c7cfd7bfd0b90494e0	1435	EV verification results, reviews and records, with the pages that classify them	execution plan, the owner's reviews and prompts, review routes, and the filed records of each work round
v2/docs/records/adj/A03-clamp-orientation/drafts/sexp.py	b92e78ee8d349e59b9dad5786f8367c395ef986c	4d34ec27429e582211f340e89fdd61a96312f8f6109d7fb1599ea46bdee32854	877	EV verification results, reviews and records, with the pages that classify them	execution plan, the owner's reviews and prompts, review routes, and the filed records of each work round
v2/docs/records/adj/A04-board-a-hold-criterion/a04_box.sh	f7199c62479ac4413ca4dceb3981e894f67d4b8c	cb73570d768b7d111986297e04896ed75459e29f3b6c4a97642a91a2491f7fa6	1778	EV verification results, reviews and records, with the pages that classify them	execution plan, the owner's reviews and prompts, review routes, and the filed records of each work round
v2/docs/records/adj/A04-board-a-hold-criterion/a04_compare.py	4e5eaa27b7f92c8899bfc4ed4e2d9cb05c72fd38	f2d96069c7b9be0fe14ec79154d1d7080172a41481cd91ae4a924c8db869a224	18584	EV verification results, reviews and records, with the pages that classify them	execution plan, the owner's reviews and prompts, review routes, and the filed records of each work round
v2/docs/records/adj/A04-board-a-hold-criterion/a04_sch002_all.py	b05fe0ab7f217a44d161746a99744af37fdf3325	4929e05bc9860319b6545e054abd9b7d41b6a3eca91592b11010c5441f162056	2940	EV verification results, reviews and records, with the pages that classify them	execution plan, the owner's reviews and prompts, review routes, and the filed records of each work round
v2/docs/records/adj/A04-board-a-hold-criterion/drafts/a04-table.tsv	a16dc493cf7c194eacda6e0b9d37055b879c261a	188c3fdf4a310f965c7f379454f3cae8c3610bff3ce0e78a41ea52a3a972a651	4120	EV verification results, reviews and records, with the pages that classify them	execution plan, the owner's reviews and prompts, review routes, and the filed records of each work round
v2/docs/records/adj/A04-board-a-hold-criterion/drafts/box/run/a04_compare.json	7a4c77c8434cdab605577edeae3eb691e0798bf9	b6c6b0578371ed14a1b34e786193c1c6630acaf56cf81bd7b552485a389c0b82	23129	EV verification results, reviews and records, with the pages that classify them	execution plan, the owner's reviews and prompts, review routes, and the filed records of each work round
v2/docs/records/adj/A04-board-a-hold-criterion/drafts/box/run/a04_compare.txt	b48bf7a35b60c2ce2751487ef2d41f9c2685d28e	7d97c632b376f7d61979a9b0ad9263a90e7d23e6c08c02f4625616030f6efba7	8937	EV verification results, reviews and records, with the pages that classify them	execution plan, the owner's reviews and prompts, review routes, and the filed records of each work round
v2/docs/records/adj/A04-board-a-hold-criterion/drafts/box/run/a04_sch002_all.json	79b29deda3ba4bc991c1138b9b056678a155fcb3	82d685971a0e4c21daf7cfa84845d9ede3ef965d3240530207703bd4dbe8317d	8065	EV verification results, reviews and records, with the pages that classify them	execution plan, the owner's reviews and prompts, review routes, and the filed records of each work round
v2/docs/records/adj/A04-board-a-hold-criterion/drafts/box/run/a04_sch002_all.txt	2b7c724df80ce7961cdc0a5dd93559cd3cced13b	108403ffce0335aa0f0cd59f65c43690c15c7fab470f17e4cdb6e6c0c4e21647	3417	EV verification results, reviews and records, with the pages that classify them	execution plan, the owner's reviews and prompts, review routes, and the filed records of each work round
v2/docs/records/adj/A04-board-a-hold-criterion/drafts/box/run/inputs/pcb-a-power-intent.json	b9ee58d1124c6892eb5ca7850b5c5b08648b9023	abeb227d673b3af39f12b17f6b8f0094412e93ded959a0e9f1321decfb3f51f0	27504	EV verification results, reviews and records, with the pages that classify them	execution plan, the owner's reviews and prompts, review routes, and the filed records of each work round
v2/docs/records/adj/A04-board-a-hold-criterion/drafts/box/run/journal.txt	d8cfd383f4ab32af0614d48402d553a7c26e6ff0	91e56d0609f3d4424a9a853cc89f53b1953e56e989bb81441f7ac5e89f60df9a	14983	EV verification results, reviews and records, with the pages that classify them	execution plan, the owner's reviews and prompts, review routes, and the filed records of each work round
v2/docs/records/adj/A04-board-a-hold-criterion/drafts/box/run/pcb-a-power.board-values-intent.json	b9ee58d1124c6892eb5ca7850b5c5b08648b9023	abeb227d673b3af39f12b17f6b8f0094412e93ded959a0e9f1321decfb3f51f0	27504	EV verification results, reviews and records, with the pages that classify them	execution plan, the owner's reviews and prompts, review routes, and the filed records of each work round
v2/docs/records/adj/A04-board-a-hold-criterion/drafts/box/run/verdicts/cmp001_boardvalues/derate.verdict.json	cf67a0cb9f92b11cfa92cd689ee396a02f03e21c	11021fa072a9e514db57dfb62ee4903c003374a68d1c362f6ac48435ca29a054	1175	EV verification results, reviews and records, with the pages that classify them	execution plan, the owner's reviews and prompts, review routes, and the filed records of each work round
v2/docs/records/adj/A04-board-a-hold-criterion/drafts/box/run/verdicts/cmp001_netlist/derate.verdict.json	de6a940de58446ca836e814cfb86e3bb89ef2fd2	105d4b0fd1a76e2cc9c2c12b0e9ecbb37ee59796696d1f8805e8638873bed7bd	1018	EV verification results, reviews and records, with the pages that classify them	execution plan, the owner's reviews and prompts, review routes, and the filed records of each work round
v2/docs/records/adj/A04-board-a-hold-criterion/drafts/box/run/verdicts/sch002/netlist_board.verdict.json	1eef2c0d9949c99df63407976b10dccf888c7e2d	14738d8fb8806b5a7bf0f519799ff795e83199cba591dd01060faa2279ddc10f	3722	EV verification results, reviews and records, with the pages that classify them	execution plan, the owner's reviews and prompts, review routes, and the filed records of each work round
v2/docs/records/adj/A04-board-a-hold-criterion/drafts/box/run/verdicts/trn001/port_protect.verdict.json	4764e3601d683168d7f27595db29554c51cf7594	995a1b8c529796faf96222bfafa5b7ab5627e6494df5a1999cbf9c58949db450	880	EV verification results, reviews and records, with the pages that classify them	execution plan, the owner's reviews and prompts, review routes, and the filed records of each work round
v2/docs/records/adj/A04-board-a-hold-criterion/drafts/box/run/verdicts/trn001/port_protect_a.verdict.json	8dd82b3d44407baa6deef2a231d7716244a61823	b12498e17e5cbe0431dc31dc597263e93e5bbf6442922cdca47809a5380693f5	959	EV verification results, reviews and records, with the pages that classify them	execution plan, the owner's reviews and prompts, review routes, and the filed records of each work round
v2/docs/records/adj/A05-modes-and-runtime-basis/A05-modes-and-runtime-basis.md	bad9f49bb8a444586fda1730dbe8ff9532540ba4	6d5027f0268ed878db5387566ef4db1966d9cefbfd2368432584eafe322de3c1	20876	EV verification results, reviews and records, with the pages that classify them	execution plan, the owner's reviews and prompts, review routes, and the filed records of each work round
v2/docs/records/adj/A05-modes-and-runtime-basis/a05_results.json	9f6ea0616215f593269856d8c6adea0429d62db2	c96225320deb64634c3bb45100b4671470168ad9f0fb3bd16117a117dd9207ee	6806	EV verification results, reviews and records, with the pages that classify them	execution plan, the owner's reviews and prompts, review routes, and the filed records of each work round
v2/docs/records/adj/A05-modes-and-runtime-basis/a05_results.txt	9a1844238f945b3aaf473070bf1305844b7c90cc	23ad3579873cb9077fd5f8ab884bb694f8d901ddb87f605cc0cb2f04a0c90d27	5924	EV verification results, reviews and records, with the pages that classify them	execution plan, the owner's reviews and prompts, review routes, and the filed records of each work round
v2/docs/records/adj/A05-modes-and-runtime-basis/model_a05.py	106266de421b986133ff9fa7b8e25277f9a802d6	4b4fe69a317509d61d848cb496542608ae29b727da750101f8159225f6f85210	8728	EV verification results, reviews and records, with the pages that classify them	execution plan, the owner's reviews and prompts, review routes, and the filed records of each work round
v2/docs/records/adj/A06-pack-geometry/drafts/b21_bcu_over_pockets.txt	bf20479983ac3a38e8d2ba12349b38a9b364663c	29f70fcec74042c0e075e945287287268d9ba63079f8af71a80e5d7c99e42f24	16781	EV verification results, reviews and records, with the pages that classify them	execution plan, the owner's reviews and prompts, review routes, and the filed records of each work round
v2/docs/records/adj/A06-pack-geometry/drafts/b21_fps.json	1b8ae66c19ab758cf5ef4f1c984e20383c4ecee4	5bbecd55fa53b50f72336c5514b7189e8a5a7e90695c4cc26ab0f81df55325e1	479769	EV verification results, reviews and records, with the pages that classify them	execution plan, the owner's reviews and prompts, review routes, and the filed records of each work round
v2/docs/records/adj/A06-pack-geometry/drafts/b21_tht_over_pockets.txt	26940648f39c9829ecfa84ef7154a6ab6d88b494	f5a8ba0e65cdb9648bc87af3d63b97fe2f60f8f1ea6429239d37591340f0d30b	3381	EV verification results, reviews and records, with the pages that classify them	execution plan, the owner's reviews and prompts, review routes, and the filed records of each work round
v2/docs/records/adj/A06-pack-geometry/drafts/b_tht.py	efe84c01751e2bf49d144ca035b8e9f1d0d4702c	80e1cfd19668fd58b1676539e0b814dda177d480c5299b32fc95be4bc711c975	2213	EV verification results, reviews and records, with the pages that classify them	execution plan, the owner's reviews and prompts, review routes, and the filed records of each work round
v2/docs/records/adj/A06-pack-geometry/drafts/b_under.py	fe0d8ae0f5bdd769efd0d45ad515f11ac949e83c	3df183ed0050389f506e66d50d3b560cca80604f03d558b8f75e84d7d67533ac	4258	EV verification results, reviews and records, with the pages that classify them	execution plan, the owner's reviews and prompts, review routes, and the filed records of each work round
v2/docs/records/adj/A06-pack-geometry/drafts/box/pack_fit.out	c61717c81b59581cc15c74f0bd6220735e42b4de	d9f44317f7365bb7e9aa505cdb3006e474710082e587141f335d9233874da803	129549	EV verification results, reviews and records, with the pages that classify them	execution plan, the owner's reviews and prompts, review routes, and the filed records of each work round
v2/docs/records/adj/A06-pack-geometry/drafts/box/pack_fit.py.ran	a50e9df6bc0bb937f8f438354a97966325c94bf5	a2a050dc24c461f207bb0485ef98851f238641f449f30151605042970bccf02c	15224	EV verification results, reviews and records, with the pages that classify them	execution plan, the owner's reviews and prompts, review routes, and the filed records of each work round
v2/docs/records/adj/A06-pack-geometry/drafts/box/sens.out	a623e4a4c2da08ec0337c0cb2390f0b20f725247	cb8cdf3e68bb838841ae13010a30d718181a8fe39323fa416249ab80d19635f8	11162	EV verification results, reviews and records, with the pages that classify them	execution plan, the owner's reviews and prompts, review routes, and the filed records of each work round
v2/docs/records/adj/A06-pack-geometry/drafts/p4_fps.json	60de36247be5a8d9a5ae098769e24f2ccc7cd8d1	f3e5c50987a987f6fe0b4785fb596532fac27452ddc4842bf5f34fdf9aa7cb0d	27748	EV verification results, reviews and records, with the pages that classify them	execution plan, the owner's reviews and prompts, review routes, and the filed records of each work round
v2/docs/records/adj/A06-pack-geometry/drafts/pack_fit.py	a50e9df6bc0bb937f8f438354a97966325c94bf5	a2a050dc24c461f207bb0485ef98851f238641f449f30151605042970bccf02c	15224	EV verification results, reviews and records, with the pages that classify them	execution plan, the owner's reviews and prompts, review routes, and the filed records of each work round
v2/docs/records/adj/A06-pack-geometry/drafts/sens.sh	04a18a2223049b042fd44ab22841a36a10b08a56	5193676b5e281c4d639461876920af9b2c7633ada204fd6fc9ac3febb975b973	492	EV verification results, reviews and records, with the pages that classify them	execution plan, the owner's reviews and prompts, review routes, and the filed records of each work round
v2/docs/records/adj/A07-pack-smbus-lead/drafts/bypass_and_clamp.out	4b7b99c5b7c8e24210a4e40ea30df6b20a32013d	aa484dea58da0a6ff06c31d0e4f18417e6c3e0ea6e4dc809cad11a0ed4961b58	815	EV verification results, reviews and records, with the pages that classify them	execution plan, the owner's reviews and prompts, review routes, and the filed records of each work round
v2/docs/records/adj/A07-pack-smbus-lead/drafts/bypass_and_clamp.py	a016456d1987b9019bd5f9751d06b28ea2914044	d9329588d0cffafa1af1ec217a4e15914186709975465d0904e103d3a778598e	1194	EV verification results, reviews and records, with the pages that classify them	execution plan, the owner's reviews and prompts, review routes, and the filed records of each work round
v2/docs/records/adj/A07-pack-smbus-lead/drafts/fix_sketch.txt	ce08db56e3f8ad44c1b2b39ec4380820eff4321c	8ca2946d547433a8741dcd7c4be33c1221e70866bca6f5254ae07d0fd3bb1c84	1675	EV verification results, reviews and records, with the pages that classify them	execution plan, the owner's reviews and prompts, review routes, and the filed records of each work round
v2/docs/records/adj/A07-pack-smbus-lead/drafts/pinmap.out	e19fc6ae6cb7e07ad10847bf2164653e6804d0f9	e7ebe6ba911fcfafdbe725dbc826f236fa9fdc02a5c3018113bba4d22bf1d3d3	645	EV verification results, reviews and records, with the pages that classify them	execution plan, the owner's reviews and prompts, review routes, and the filed records of each work round
v2/docs/records/adj/A07-pack-smbus-lead/drafts/pinmap.py	6b170a1f8b99634b5a270b3c0650cee47884645b	f50334c700cf56a31f6654df1f4cc7ccf93f16d065dce1161bb077070c775df1	721	EV verification results, reviews and records, with the pages that classify them	execution plan, the owner's reviews and prompts, review routes, and the filed records of each work round
v2/docs/records/adj/A07-pack-smbus-lead/drafts/straight_lead.txt	0951de0fee1edb7b2b05dbf1eb163dfca49fac76	a1cca93078f21e9f4c929344dd700151cba10a4ef0fda93f33591844fcae4034	1358	EV verification results, reviews and records, with the pages that classify them	execution plan, the owner's reviews and prompts, review routes, and the filed records of each work round
v2/docs/records/adj/A08-5g-socket-and-antennas/drafts/SHA256SUMS	a295d0732862446fadfd277de47c2f814f0e47a9	9632ba1e25c4a2771b0ebc88805b9fa227ed8d382aa3b4b445527792c3af3179	3805	EV verification results, reviews and records, with the pages that classify them	execution plan, the owner's reviews and prompts, review routes, and the filed records of each work round
v2/docs/records/adj/A08-5g-socket-and-antennas/drafts/web/SOURCES.txt	5e782b58e5c614a286e8e0ec2d41c128c585add2	f039a88e5799374ed390f4e29ce5a3bf541c0ccbf62574d9ae9e1a1f44e52f09	2099	EV verification results, reviews and records, with the pages that classify them	execution plan, the owner's reviews and prompts, review routes, and the filed records of each work round
v2/docs/records/adj/A08-5g-socket-and-antennas/drafts/web/jlc_query_time.txt	5431f7577b8e7feceae441c43a33b04e0eff86fd	4e370261cb0b538265b5ca0ed3cc78618dd88d2afeb1109f8b0a014cc47ae701	21	EV verification results, reviews and records, with the pages that classify them	execution plan, the owner's reviews and prompts, review routes, and the filed records of each work round
v2/docs/records/adj/A09-rf-x-and-d8-z/drafts/A09-adjudication.md	7a41bd7586ca45eb87c496f8a40dd087b7c77ae0	6f17f8893287c1d5e4e8aaf80fe781252be72eb00a97622bc2f08958b876131d	10142	EV verification results, reviews and records, with the pages that classify them	execution plan, the owner's reviews and prompts, review routes, and the filed records of each work round
v2/docs/records/adj/A09-rf-x-and-d8-z/drafts/box/a09_geom.out	515fddae7fba4d31d8a0bf767579440f1abf5040	1a23b800f3c6f3f79394277e7f577e754f0ab727671a4016af398ccba79b405e	20309	EV verification results, reviews and records, with the pages that classify them	execution plan, the owner's reviews and prompts, review routes, and the filed records of each work round
v2/docs/records/adj/A09-rf-x-and-d8-z/drafts/box/a09_geom.py	c85bb6fba61a28c39c6576b6874c90fd419eaffa	8a051bd26c3fdcac545cf8066f2d97808052eea33c496670af55817c1a403bdf	4121	EV verification results, reviews and records, with the pages that classify them	execution plan, the owner's reviews and prompts, review routes, and the filed records of each work round
v2/docs/records/adj/A09-rf-x-and-d8-z/drafts/tools/fpread.py	2b44bff900c3948b84a7063c8536f97551be311a	4a367c2c9de42ea6806b4a2dffe6d25d90993eeb53a60a3f95d668e95f8c56ab	2048	EV verification results, reviews and records, with the pages that classify them	execution plan, the owner's reviews and prompts, review routes, and the filed records of each work round
v2/docs/records/adj/A09-rf-x-and-d8-z/drafts/tools/underside.py	48298de0b1f7aa9ddd33a3a0bf53d9336b899338	f02ac8cb7fb0c34f1653a485e818e5b20666da6afed13f2b46f2b71ad8082355	1389	EV verification results, reviews and records, with the pages that classify them	execution plan, the owner's reviews and prompts, review routes, and the filed records of each work round
v2/docs/records/adj/A10-jlc-stackups/drafts/box/MANIFEST.txt	f33bb93291542082949633309a237f7c70a4aa0c	7b89793a2ca500b897e57dffd4ac747e179a73d371c79722f3056ea2c95aeaed	3441	EV verification results, reviews and records, with the pages that classify them	execution plan, the owner's reviews and prompts, review routes, and the filed records of each work round
v2/docs/records/adj/A10-jlc-stackups/drafts/box/SHA256SUMS	8c4ee0642fe7ade1844b801593963c9b767bebfa	d07a0bee2a3b9143b3576cc2f80d3c08dbf16ce70733ce950ad98dab7acfbf7a	4274	EV verification results, reviews and records, with the pages that classify them	execution plan, the owner's reviews and prompts, review routes, and the filed records of each work round
v2/docs/records/adj/A10-jlc-stackups/drafts/box/api/calc_render.py	617a9c7df43a38dfd337cf1e9913783e11e09cc9	e3ee115178e30778ac0c5cbf14196b3160de6616b5dd2c1f56b81124a6dd9e01	1769	EV verification results, reviews and records, with the pages that classify them	execution plan, the owner's reviews and prompts, review routes, and the filed records of each work round
v2/docs/records/adj/A10-jlc-stackups/drafts/box/api/calc_render_4L6L_1oz_2026-09-25.txt	a6a21d76b20838bf031a422b6c412976f96635ed	0c6f29b05098407b7488080f9837f2bd7aa7512377e764fee7b05a9d78ff513d	23129	EV verification results, reviews and records, with the pages that classify them	execution plan, the owner's reviews and prompts, review routes, and the filed records of each work round
v2/docs/records/adj/A10-jlc-stackups/drafts/box/api/calc_render_4L_2oz_2026-09-25.txt	47b74179dbd7ca259fe4476893dc0eed7f73a9f0	ab1e468616206905bb57d8fb39a2ba2d535fe990763558cb3a160434b8cf3ef2	11822	EV verification results, reviews and records, with the pages that classify them	execution plan, the owner's reviews and prompts, review routes, and the filed records of each work round
v2/docs/records/adj/A10-jlc-stackups/drafts/box/api/calc_render_8L_2026-09-25.txt	64b29dfef25c0b3cf46375fd56ceefe9c2641fbd	15787274d2932678daf56ae6e07495bb79d31e66f19c90cf9a73df06adaaf23f	45464	EV verification results, reviews and records, with the pages that classify them	execution plan, the owner's reviews and prompts, review routes, and the filed records of each work round
v2/docs/records/adj/A10-jlc-stackups/drafts/box/api/calc_sweep.py	b21e4f1c76dfeb1cf12e4ae6b094a1d65a5d0d2f	928c142f9d736e644afcd2f365abecd7b6b4a008e6cbe9fe8bacec175f660efa	1709	EV verification results, reviews and records, with the pages that classify them	execution plan, the owner's reviews and prompts, review routes, and the filed records of each work round
v2/docs/records/adj/A10-jlc-stackups/drafts/box/api/html2txt.py	a6acc1be4162b8975312ea1a194b52efa3d05782	064a89ec50d7c0a712773ebb6bace6050e8dbb3c29f0592e617b4357a01d3f95	651	EV verification results, reviews and records, with the pages that classify them	execution plan, the owner's reviews and prompts, review routes, and the filed records of each work round
v2/docs/records/adj/A10-jlc-stackups/drafts/box/api/render.py	4fe31cc74a727214ea8561503859b0d7d4acec7c	3bd986a9a7e6542d6c058954fc795e0ac3cd645c37e454af550c2428c415d079	1642	EV verification results, reviews and records, with the pages that classify them	execution plan, the owner's reviews and prompts, review routes, and the filed records of each work round
v2/docs/records/adj/A10-jlc-stackups/drafts/box/api/render_4L_1.6mm_1oz_2026-09-25.txt	7b17fd5dfdc0bac3b83b8860b1752f4aad79c715	6c31bdf4c7cb1d10a6adcc474c059d85eafcfd85578b7e3513d68cb9825e7aa1	8709	EV verification results, reviews and records, with the pages that classify them	execution plan, the owner's reviews and prompts, review routes, and the filed records of each work round
v2/docs/records/adj/A10-jlc-stackups/drafts/box/api/render_4L_1.6mm_2oz_2026-09-25.txt	ca51164ea0fdf05a9d8ca16703088e271b7e983f	ed5c6011efde7533d1d46f51907f85b743dae252ee0c96b1bde5b23e71b5837b	7868	EV verification results, reviews and records, with the pages that classify them	execution plan, the owner's reviews and prompts, review routes, and the filed records of each work round
v2/docs/records/adj/A10-jlc-stackups/drafts/box/api/render_8L_1.6mm_2026-09-25.txt	86b984af09bbcc2d0818cc23483bef58fcae160c	f8f007bceb1eb4aa517928f12fdd72f6da45423733b0dcddd85ee7872c031d87	29132	EV verification results, reviews and records, with the pages that classify them	execution plan, the owner's reviews and prompts, review routes, and the filed records of each work round
v2/docs/records/adj/A10-jlc-stackups/drafts/box/api/sweep.py	2372b97358e4eeffd9cb48c20f50bc91feada117	2a8aa35b5c8a698268e4dd1653e5a725fa8909630f30bf7119e50a66a978b36a	1258	EV verification results, reviews and records, with the pages that classify them	execution plan, the owner's reviews and prompts, review routes, and the filed records of each work round
v2/docs/records/adj/A10-jlc-stackups/drafts/box/ui/render_impedance.py	c19693336688e98be964fb927679d3b1c0f8cf4b	076133d57a2a7b6d6686b2d5bf0212498a81571be679634a800e76bae1d20fd3	1460	EV verification results, reviews and records, with the pages that classify them	execution plan, the owner's reviews and prompts, review routes, and the filed records of each work round
v2/docs/records/adj/A10-jlc-stackups/drafts/box/ui/render_quote.py	95a656b79dd64ed9d37784495e90c894496e1e07	2b810b9ca900824e09fa5aecca6ca4d5d9d4b209447a852360a9cf13906e76bb	1873	EV verification results, reviews and records, with the pages that classify them	execution plan, the owner's reviews and prompts, review routes, and the filed records of each work round
v2/docs/records/adj/A10-jlc-stackups/drafts/box/ui/render_quote2.py	aa64280cec030804fc0fa6a19edecec72856bf1a	d775c26f5ef41c259391833cf4d1634073ba8912aef49d69a7a5e83bf78a5846	1833	EV verification results, reviews and records, with the pages that classify them	execution plan, the owner's reviews and prompts, review routes, and the filed records of each work round
v2/docs/records/adj/A11-emcon-receive/drafts/a_nets.txt	65bbaaf956b05ad301778aa4424ea61614589921	29f7ffc7a68310b60cbefc17ba9fe416f2e687a1a070c0dad755337cc0cdb57a	3255	EV verification results, reviews and records, with the pages that classify them	execution plan, the owner's reviews and prompts, review routes, and the filed records of each work round
v2/docs/records/adj/A11-emcon-receive/drafts/a_refs.txt	feb9eef46ee3ce836177e539373ea226c50b5e91	dde66c8ded436195a024f7b0e2126476c8949a07e4e40f4324947ae84c933451	1952	EV verification results, reviews and records, with the pages that classify them	execution plan, the owner's reviews and prompts, review routes, and the filed records of each work round
v2/docs/records/adj/A11-emcon-receive/drafts/b_nets_1.txt	46de972c55934ac2bdb0cf8749b22564d2044796	eaa8fc9a743b46eb763b9f2ce2619a61eac3acadb2b1b93ecb2078c24127a238	5651	EV verification results, reviews and records, with the pages that classify them	execution plan, the owner's reviews and prompts, review routes, and the filed records of each work round
v2/docs/records/adj/A11-emcon-receive/drafts/b_nets_2.txt	c7029d0a6dc9df2a82dd1e45e4685d5bacdff9fc	e00ed7a518e61fb4071ee1aa836a0d5ea53865856f42bad3cb552f42a71a1915	4987	EV verification results, reviews and records, with the pages that classify them	execution plan, the owner's reviews and prompts, review routes, and the filed records of each work round
v2/docs/records/adj/A11-emcon-receive/drafts/b_refs.txt	c09c1f0f8fce7f4c44e205e86d0c4ec9227d8959	036fbf625ba1d2291ec8b45a1d36794513584a995a03437ecbfc61cea16dccb7	5668	EV verification results, reviews and records, with the pages that classify them	execution plan, the owner's reviews and prompts, review routes, and the filed records of each work round
v2/docs/records/adj/A11-emcon-receive/drafts/box/a_regen_nets.txt	cc2fffc66204c81bed69eb62d20cab42f05c93a7	0914d24569f600f2be4f44e03a0373db296b92578fc7116835e9a19c60f231df	983	EV verification results, reviews and records, with the pages that classify them	execution plan, the owner's reviews and prompts, review routes, and the filed records of each work round
v2/docs/records/adj/A11-emcon-receive/drafts/box/b_regen_nets.txt	a717bf2f2f1f23a5efe849de8af1f54c7b0b3fc7	2acc36574d1f71e8f48944b7825ecfe21e13d15053c0ee22ddddc69e38fe1f3b	3858	EV verification results, reviews and records, with the pages that classify them	execution plan, the owner's reviews and prompts, review routes, and the filed records of each work round
v2/docs/records/adj/A11-emcon-receive/drafts/box/d_regen_nets.txt	504286f1ca98c0b65355da3ce2bfa5a45c40640f	9c88208283d0dcd8f77f6d480a158c943860cec6bb1d516388bce591cace4a4d	1226	EV verification results, reviews and records, with the pages that classify them	execution plan, the owner's reviews and prompts, review routes, and the filed records of each work round
v2/docs/records/adj/A11-emcon-receive/drafts/box/regen_parity.sh	0e170177f7b5913c359653df6a12ba72268c7a48	aef273cfbb514e6c93559b92265e6f8da62120617e29e800c973ddde5bfb65eb	2048	EV verification results, reviews and records, with the pages that classify them	execution plan, the owner's reviews and prompts, review routes, and the filed records of each work round
v2/docs/records/adj/A11-emcon-receive/drafts/box/summary.txt	7213d386f405d17e2741e1674a28479b8fded376	7f20445cf6993218f3a704be86fd5475e59087fc7810fbdf48891293e028ca01	394	EV verification results, reviews and records, with the pages that classify them	execution plan, the owner's reviews and prompts, review routes, and the filed records of each work round
v2/docs/records/adj/A11-emcon-receive/drafts/c_nets.txt	0e3ccff83976ae45fea57850587b01851d255675	92d494e5535c2cdeb5f96faf43f20ae71ddef680d77b506c11c2dddd9081b00c	950	EV verification results, reviews and records, with the pages that classify them	execution plan, the owner's reviews and prompts, review routes, and the filed records of each work round
v2/docs/records/adj/A11-emcon-receive/drafts/d_nets.txt	433d428a484dc5b5887910e4cebcf46212527bfb	483a524b3fcfbdb8f3c211c50acff684829f69d366f44c59317aed19f7976550	3035	EV verification results, reviews and records, with the pages that classify them	execution plan, the owner's reviews and prompts, review routes, and the filed records of each work round
v2/docs/records/adj/A11-emcon-receive/drafts/d_refs.txt	89865b3916c10a4e8ca43526766a0aed773b813c	0bd80bf48c7fd9bc5aec8cb94532a677b6b3b30834fd6f65fd0ccf1227f4079a	1952	EV verification results, reviews and records, with the pages that classify them	execution plan, the owner's reviews and prompts, review routes, and the filed records of each work round
v2/docs/records/adj/A11-emcon-receive/drafts/netdump.py	83ea328c9207007b78886935b559a9501120ad10	eedd50ce04d88dbe354621fb48561785e50f4e9257d9b67015584427be2cb42b	938	EV verification results, reviews and records, with the pages that classify them	execution plan, the owner's reviews and prompts, review routes, and the filed records of each work round
v2/docs/records/adj/A11-emcon-receive/drafts/refdump.py	820e357abc4b624db2b741ff04a40f17cafb8564	98c1b6016a00d79ed76ce5bff49aff14fa439d690bddf67db1fd3dbd584d3184	901	EV verification results, reviews and records, with the pages that classify them	execution plan, the owner's reviews and prompts, review routes, and the filed records of each work round
v2/docs/records/adj/A11-emcon-receive/drafts/regen_parity.sh	0e170177f7b5913c359653df6a12ba72268c7a48	aef273cfbb514e6c93559b92265e6f8da62120617e29e800c973ddde5bfb65eb	2048	EV verification results, reviews and records, with the pages that classify them	execution plan, the owner's reviews and prompts, review routes, and the filed records of each work round
v2/docs/records/adj/NOT-FILED.tsv	3b3cbe69b16ddf4f4dfacdb750c12ca021f5f578	76a2cebd3048b46b50d96c1e92b7f252fadb46600a25ca8f9f11e2d726cda87a	62367	EV verification results, reviews and records, with the pages that classify them	execution plan, the owner's reviews and prompts, review routes, and the filed records of each work round
v2/docs/records/adj/adj_results_w3r2.json	c74a0d9da356c120cff1640d0cc25b008f906a5c	aebdb1d4464a87ad83399fee9fa618d0f1a2bd104cdcc121de6dc2bb8bab521c	169189	EV verification results, reviews and records, with the pages that classify them	execution plan, the owner's reviews and prompts, review routes, and the filed records of each work round
v2/docs/records/h2/apply_baseline.py	f95adc3fe54429d6264584e48513df229d95747a	fc58460a6953d271c059955075c8c2f50330feecae1e68d42d99d1a1d1f1c415	10742	EV verification results, reviews and records, with the pages that classify them	execution plan, the owner's reviews and prompts, review routes, and the filed records of each work round
v2/docs/records/h2/apply_verification.py	2c0e47cf7559abb5b1a34766073099f3605e9e99	69eb6279602ee6b0c86a0cb28128e0710c0881c395130793dcada6e17598eb3b	12850	EV verification results, reviews and records, with the pages that classify them	execution plan, the owner's reviews and prompts, review routes, and the filed records of each work round
v2/docs/records/h2/box/box_exports.sh	c4d6db001344be16251ae12287aee023fc3c09db	461152acb346a6f8a6f9f47258d5d9110c1f6f85d76065799427e5a3b1b650bc	888	EV verification results, reviews and records, with the pages that classify them	execution plan, the owner's reviews and prompts, review routes, and the filed records of each work round
v2/docs/records/h2/box/ec_fetch.log	f559ffe810aafcac8380ee80fc069417f3c9be56	eebd117274e990d97de94cbeb2eef772b177feacab57360a0ebf61d5f5c4b1e3	2816	EV verification results, reviews and records, with the pages that classify them	execution plan, the owner's reviews and prompts, review routes, and the filed records of each work round
v2/docs/records/h2/box/ec_fetch.sh	dbe393dbb091095409409f3b7c2e5777a8309ad3	ceb32b89ae20db60e22133426446fe3835ab584cd8675e9392220ed34c475037	1146	EV verification results, reviews and records, with the pages that classify them	execution plan, the owner's reviews and prompts, review routes, and the filed records of each work round
v2/docs/records/h2/box/exports.log	07396a882b6c3a769b6fb4efd4a495af7a72a4f0	4a320d2241228d1c555a86efdc745c3e5e6a30fd3f4b0689ec5ec4a8a0970f1e	759	EV verification results, reviews and records, with the pages that classify them	execution plan, the owner's reviews and prompts, review routes, and the filed records of each work round
v2/docs/records/h2/box/regen.log	80a6cb3e3d75abcf5c3046c4b2ff9f2cdfc74337	a43bc3cf0d93f34e9040670ebc234f1efc3438116ec465e668cbc3c974d16900	1425	EV verification results, reviews and records, with the pages that classify them	execution plan, the owner's reviews and prompts, review routes, and the filed records of each work round
v2/docs/records/h2/box/section1a.log	64866d0c0fd93789bcef80ddaa6af89d8c71b6c6	c71ddafa5406a8ea282677f558f4c1a5046d0773b49cd4ddef966b814b9cf156	1653	EV verification results, reviews and records, with the pages that classify them	execution plan, the owner's reviews and prompts, review routes, and the filed records of each work round
v2/docs/records/h2/box/section1a.sh	2ecfa79398dbb056d09e555b534284a354e63feb	60d7b68c3949a6f39f91a45ea24254270bae61a5a7cce430b073257de76f6123	1235	EV verification results, reviews and records, with the pages that classify them	execution plan, the owner's reviews and prompts, review routes, and the filed records of each work round
v2/docs/records/h2/box/zip_route.log	62e20109285a0b5a1fb67cb2a2ca47bd7408562a	f5dd653db58b75c1d92c2f48b9df5f0f44c3d42c488f68e4a38541551ab0e8d3	20012	EV verification results, reviews and records, with the pages that classify them	execution plan, the owner's reviews and prompts, review routes, and the filed records of each work round
v2/docs/records/h2/box/zip_route.sh	7f6622de494fe97e88f438e7b1aeb626393138b1	94064990039479ef95942adb7ae6a662abc2dae8535e9121b9d43e460f33c7ee	5095	EV verification results, reviews and records, with the pages that classify them	execution plan, the owner's reviews and prompts, review routes, and the filed records of each work round
v2/docs/records/h2/handover_counts.out	4ebebd8f4b0a634f352e47b8d99876538cec9f13	9e41d27e1a76f7146e7b4a3357915626de0f7e8341d50851362f4c9fcfcbfd1a	7024	EV verification results, reviews and records, with the pages that classify them	execution plan, the owner's reviews and prompts, review routes, and the filed records of each work round
v2/docs/records/h2/handover_counts.py	e461a05cf8722f21384748677e80158adcab64e0	c93087e914b93279a219ea568462802dcedd6fb6702ae3314d3ffd5b2cfaa638	9010	EV verification results, reviews and records, with the pages that classify them	execution plan, the owner's reviews and prompts, review routes, and the filed records of each work round
v2/docs/records/h2/registry_difference.out	47344e5d59438263df97192288828e2f418856c3	a7424cf46db5e00edafadbf6b1a53a38b29392e43dfe026bc4538d2e374d2028	3095	EV verification results, reviews and records, with the pages that classify them	execution plan, the owner's reviews and prompts, review routes, and the filed records of each work round
v2/docs/records/h2/registry_difference.py	573701573e056317d930d22d4c0e838a802ae127	42568994b6ecf2bc199f7e83e11edd54665219941a22cbabbbc077fdee64a9e8	4626	EV verification results, reviews and records, with the pages that classify them	execution plan, the owner's reviews and prompts, review routes, and the filed records of each work round
v2/docs/records/handover/3a1f6576-commit-message.txt	11d822d4ff5f49e8abce44856b8889e2f21da72c	382d1771c084903b6f7261bca1535c00dbf30e561a94aa5a6d2181388cbe52a1	2644	EV verification results, reviews and records, with the pages that classify them	execution plan, the owner's reviews and prompts, review routes, and the filed records of each work round
v2/docs/records/handover/a8652172-commit-message.txt	1bbc4502a324d9883c5de330ac34ed1f7bafae2d	15d4f2b04fd4688348e9e73c2cfca8ac8fe4aed9efa0482d924f1c29c89ddc25	1443	EV verification results, reviews and records, with the pages that classify them	execution plan, the owner's reviews and prompts, review routes, and the filed records of each work round
v2/docs/records/handover/hc4-reviews.md	424664eca1b8a76f1318289031ace99d156d4efb	6941573f2b81298b02428bef8519d3994d35880eceb3c5c83b1ace98e91da17e	16065	EV verification results, reviews and records, with the pages that classify them	execution plan, the owner's reviews and prompts, review routes, and the filed records of each work round
v2/docs/records/handover/hc6-review.md	5e9e0df50bbadb264760903ec3d6038a6ff8f4cb	3a72258e350d3ad72f3ab18d061e2fb82af182adf42eab65a044b7914c1d1334	7087	EV verification results, reviews and records, with the pages that classify them	execution plan, the owner's reviews and prompts, review routes, and the filed records of each work round
v2/docs/records/hc2/LAYER-STATUS-layer2.md	ac76135a3dc262654b459ea2c6c8f6e84d74e1e8	e9afbcd47112a10619abab33c8378fceeeab05dbe726f740b59ac46213cf3729	8272	EV verification results, reviews and records, with the pages that classify them	execution plan, the owner's reviews and prompts, review routes, and the filed records of each work round
v2/docs/records/hc2/handoffs.md	bf71212f578dcf848eacac58a2c97b1c4f3b29b8	60bfcc5f205a09fc23eb249a0aa012c30da38cbec6d4c4d9333253916be53943	29166	EV verification results, reviews and records, with the pages that classify them	execution plan, the owner's reviews and prompts, review routes, and the filed records of each work round
v2/docs/records/hc2/hotstop_bounds.out	6273fb7733584762fa2dd388c401125ed9f147b9	5f03619f7bf5c476e57f90ef17e161989ceac6e9b0df8b40b25d60ed5dfdf825	8163	EV verification results, reviews and records, with the pages that classify them	execution plan, the owner's reviews and prompts, review routes, and the filed records of each work round
v2/docs/records/hc2/hotstop_bounds.py	018ae408282a7f25b6b5e733af2747d3126cde89	ed8f8c6b4c3bed083883439ccfb9fc1a96bb4c3864fc4dc3bc3f934beb1dcf8f	8097	EV verification results, reviews and records, with the pages that classify them	execution plan, the owner's reviews and prompts, review routes, and the filed records of each work round
v2/docs/records/hc2/pwr_red2.out	3fa2d80389d36633aee8a96138d43039b462ca35	835910e807d588c481951dc879e030b55d893453bd124872b9310a99bed46db6	13896	EV verification results, reviews and records, with the pages that classify them	execution plan, the owner's reviews and prompts, review routes, and the filed records of each work round
v2/docs/records/hc2/pwr_red2.py	4be6639b3bf227511ebde03c3ed7c28ef256b9ed	5790bc7e444bebc4b6b7b6616c4641dfe602185631992d19aeb223eb51e9feec	12629	EV verification results, reviews and records, with the pages that classify them	execution plan, the owner's reviews and prompts, review routes, and the filed records of each work round
v2/docs/records/hc2/sc.md	8963893b067ba406322e9e5aee03676b9e8d4eac	83cca82cce9d4c43ff5f238a61d2bb4ee0338e600237a3d2cc0ab85ad1f6f055	20465	EV verification results, reviews and records, with the pages that classify them	execution plan, the owner's reviews and prompts, review routes, and the filed records of each work round
v2/docs/records/hc3/apply_registry.py	56595f59105911c6552500dca2994648e80e8fc6	009770cb4413f14acbb235cbcf92a897288bba85cdd84e46d9d1abb8134a38de	362929	EV verification results, reviews and records, with the pages that classify them	execution plan, the owner's reviews and prompts, review routes, and the filed records of each work round
v2/docs/records/hc3/blocked-questions-layer-3.md	19071fdd86550c5a954cc14d8c9728878484e2e9	c6a8d3693cc962b6f28daa75f05f04c3c1778af276c6cc68fd07194bab992491	21559	EV verification results, reviews and records, with the pages that classify them	execution plan, the owner's reviews and prompts, review routes, and the filed records of each work round
v2/docs/records/hc3/c23-response.md	ed3a885fdb37d9acfebbed8cce20700c4d60a5e8	add69d02b8232a6b11514938f203a47d7de32d8cdc564c8c705d94543b569509	22303	EV verification results, reviews and records, with the pages that classify them	execution plan, the owner's reviews and prompts, review routes, and the filed records of each work round
v2/docs/records/hc3/citations-reread.md	5dce5a576a558b25c57290a4793f171a695e9f06	62bbcc4c84e5ec30be51712da5bf08567c75d572ab0a39c79cb61724ba44afdc	17762	EV verification results, reviews and records, with the pages that classify them	execution plan, the owner's reviews and prompts, review routes, and the filed records of each work round
v2/docs/records/hc3/layer-status-layer-3.md	bb1fd6954d5df4c508a9b27fbe64777be7615926	9a2d72a87446eced17899dd80a80943874a85b0ad4f573bdb3fc43c76c03c89e	4942	EV verification results, reviews and records, with the pages that classify them	execution plan, the owner's reviews and prompts, review routes, and the filed records of each work round
v2/docs/records/hc3/reviewed-citations.json	6c51ba9079a03d32e69255aaa91f2adeeb9839f2	4b4e4031bf44ef9770c147286150d4f7358a2daa42b7ed9ec276b19c5dce93e4	7826	EV verification results, reviews and records, with the pages that classify them	execution plan, the owner's reviews and prompts, review routes, and the filed records of each work round
v2/docs/records/hc3/reviewed-pairs.json	7714e40731793284951a9fc0e8dcc6e66b23182d	6275e1cdc16a026eec30e39992dbcfafc45343a197973fc1d77f9740adf65769	6453	EV verification results, reviews and records, with the pages that classify them	execution plan, the owner's reviews and prompts, review routes, and the filed records of each work round
v2/docs/records/hc3/sc.md	3fbf8809516387fc052572cf8f02b28a3e30e4a7	b94932ed0253247254ed8e1d45ffd7421665221ec0002780c3a08351298e9fba	22259	EV verification results, reviews and records, with the pages that classify them	execution plan, the owner's reviews and prompts, review routes, and the filed records of each work round
v2/docs/records/hc4/energy-chain-disagreements.md	436b0c62b316b5eeef4b227134e3f31f2d36f199	3fe0a2dd50917fed9b61ad32bd6d872fcf749c1638d1faaeb3925aa2e5944730	3728	EV verification results, reviews and records, with the pages that classify them	execution plan, the owner's reviews and prompts, review routes, and the filed records of each work round
v2/docs/records/hc5/c5-response.md	4818e6d6d8afd8e96f2098612f4d9549224d0ab4	f9bfc527e93eb732d078b00e4565baf1d33457aa0c2a333139d9f540bd5fc0f3	12430	EV verification results, reviews and records, with the pages that classify them	execution plan, the owner's reviews and prompts, review routes, and the filed records of each work round
v2/docs/records/hc5/check_contract_fields.out.txt	8da3532931e3afac23bf406b3033d5e115a6e0a1	95418fd8148445da587108f569a354fffe9ddbc80c529571dd376dca5f450624	4591	EV verification results, reviews and records, with the pages that classify them	execution plan, the owner's reviews and prompts, review routes, and the filed records of each work round
v2/docs/records/hc5/check_contract_fields.py	42f13109eda3f86fdc2c17e399b969dfcfee6801	cb4f69e6f9e3afa95691047f74b15baa4a77092f1a85c790f10b69787bdadf4b	7244	EV verification results, reviews and records, with the pages that classify them	execution plan, the owner's reviews and prompts, review routes, and the filed records of each work round
v2/docs/records/hc5/drafts-README.md	c5b9056c54f66f4614ab8f976e2ca6f26f36199d	5a192c631d126e94e85460211e624d730895f948fa92bb2151fbe432f40fa898	13726	EV verification results, reviews and records, with the pages that classify them	execution plan, the owner's reviews and prompts, review routes, and the filed records of each work round
v2/docs/records/hc5/kit_i2c_budget.out.txt	4e3f383e319ca3ab3fbcf5c6548dc210c95f53ce	e06fc107ae4951732dbc56feb8a9eb50028203123391d4a0517df56e73e2df5e	9410	EV verification results, reviews and records, with the pages that classify them	execution plan, the owner's reviews and prompts, review routes, and the filed records of each work round
v2/docs/records/hc5/kit_i2c_budget.py	ca6a1433b17787c50b8e098031715706728b42f3	879154d32d95f41c9d5d14078df537f3fe34412b58859dc222d082dc6f9460ff	20894	EV verification results, reviews and records, with the pages that classify them	execution plan, the owner's reviews and prompts, review routes, and the filed records of each work round
v2/docs/records/hc5/kit_i2c_budget.round8-d.out.txt	5723943e618778cf2c2a4b9dd661703600c21e48	7967404c281d4e126e5f835a7f86bcdcabcdc39070865fe984b159d488b7429d	9455	EV verification results, reviews and records, with the pages that classify them	execution plan, the owner's reviews and prompts, review routes, and the filed records of each work round
v2/docs/records/hc5/usb-2-0-clauses-cited.md	d6e03bfb7afed671e55ddd2c0a5ce8bc9c51435a	b8feb114faa80744b54a55574b0dd735349bc3cb209d4ed59478840db73a5b96	2577	EV verification results, reviews and records, with the pages that classify them	execution plan, the owner's reviews and prompts, review routes, and the filed records of each work round
v2/docs/records/hc5/zer/run-100kHz.txt	dc07d7010df6b570d45fb950e3d37124d5f754f4	78d55deca484b504a0382af29f1af1891599b2354594672c665157a4f153aeed	1057	EV verification results, reviews and records, with the pages that classify them	execution plan, the owner's reviews and prompts, review routes, and the filed records of each work round
v2/docs/records/hc5/zer/run-90kHz.txt	7b41207d8fa456951ae4f600926b580c2584e84c	2c907bc91dc19c0d42e78dfedc9819bcb292931990e78cc275616e488cd7283c	1056	EV verification results, reviews and records, with the pages that classify them	execution plan, the owner's reviews and prompts, review routes, and the filed records of each work round
v2/docs/records/hc5/zer/zer_budget.py	70ce1e0b0dab9688c268e5d7e5b365e994d15d1c	462660aeb39442cc2f7669fb4d3c6334601a5864643ebcd49260d49898ea6b6f	20300	EV verification results, reviews and records, with the pages that classify them	execution plan, the owner's reviews and prompts, review routes, and the filed records of each work round
v2/docs/records/hc7/APPLY.txt	c79428d4a19e9e99c616d45c243563479c202ae3	0bf22ddec89e533a94a8a71a92c891b558df1cb306f706189882569b7b1f6511	12553	EV verification results, reviews and records, with the pages that classify them	execution plan, the owner's reviews and prompts, review routes, and the filed records of each work round
v2/docs/records/hc7/c7-response.md	81e288ad455c107e47397c2dff8fd2ff3d69f36d	b30096c739e99b39902594d3b54b44095d596831b985367a22bcf7ddbb39a7ff	17292	EV verification results, reviews and records, with the pages that classify them	execution plan, the owner's reviews and prompts, review routes, and the filed records of each work round
v2/docs/records/hc7/check_pcb_c-retake-pass2.txt	52d45ed2096334215b65fec427fa819433b879ee	36e61cdf42cc6dedfb5b09d9a5cf596091ec96400c6dfaa01ad4eab0d03d8785	2392	EV verification results, reviews and records, with the pages that classify them	execution plan, the owner's reviews and prompts, review routes, and the filed records of each work round
v2/docs/records/hc7/check_pcb_c-retake.txt	098a7b787cae8cc1deeac7aa61920cf447d79d86	762783a7fc0432d0d65660bdc297d7ea3ea5e1858706bfc82609240838bf143d	2315	EV verification results, reviews and records, with the pages that classify them	execution plan, the owner's reviews and prompts, review routes, and the filed records of each work round
v2/docs/records/hc7/check_pcb_c.e3aedb25.verdict.json	aba936da4f7f7871614151d2e7a7e579936abb35	b886198a07ce06813a030607dcbeb19ee5ac1223f8ea2c8fac5147c9d9ad8bf4	1530	EV verification results, reviews and records, with the pages that classify them	execution plan, the owner's reviews and prompts, review routes, and the filed records of each work round
v2/docs/records/hc7/check_pcb_c.hc7.txt	570511a7f7d8d19ec02d9e441e89b6396938d66b	3a60ff289e06c41814eddf686ae73fa685766a8990515f7c059395dddc1b350c	32000	EV verification results, reviews and records, with the pages that classify them	execution plan, the owner's reviews and prompts, review routes, and the filed records of each work round
v2/docs/records/hc7/check_pcb_c.hc7.verdict.json	858a3c5936b72ec992b07cd6b5750182fd05fa3d	43417b3cf91e355d764e07c82f04cb8aa0543982be4a6afe72125fb4dba19707	1530	EV verification results, reviews and records, with the pages that classify them	execution plan, the owner's reviews and prompts, review routes, and the filed records of each work round
v2/docs/records/hc7/check_pcb_c.hc7p2-nozstack.txt	bedc7f2534fafd06a3ac1edf2457b5ddd8c5bb1e	9fa06e1d287d382d402806284a65656238d2b470eca685dc4652e9028aa6c5a3	543	EV verification results, reviews and records, with the pages that classify them	execution plan, the owner's reviews and prompts, review routes, and the filed records of each work round
v2/docs/records/hc7/check_pcb_c.hc7p2-nozstack.verdict.json	561d166a91e6cbb6d88ffd9ce4506a67f04bf07d	2bfe60cd7f3b331e76ad44e6104648cad40aab8fe76efdb31b887a1c67ccedaf	1920	EV verification results, reviews and records, with the pages that classify them	execution plan, the owner's reviews and prompts, review routes, and the filed records of each work round
v2/docs/records/hc7/check_pcb_c.hc7p2.txt	99ff6aa37c86ec52481bd10a108d9ecffd4f2fb5	eda1a95e92c94c00a6dd8140388270e25f2a7ae8e3c866de8b170f260367b38f	32250	EV verification results, reviews and records, with the pages that classify them	execution plan, the owner's reviews and prompts, review routes, and the filed records of each work round
v2/docs/records/hc7/check_pcb_c.hc7p2.verdict.json	016d14a36c96275e7425c27dacf7bdadf5466f0e	e7c67eec314c57719cdc7cd3c6b6829e5738afe34b7eeeba45469bd14c03c7d2	1896	EV verification results, reviews and records, with the pages that classify them	execution plan, the owner's reviews and prompts, review routes, and the filed records of each work round
v2/docs/records/r4a/r4-decisions.md	9a189b554b914c1b0c8d0b3dc3c20c09d2c68f2c	2e5a0c20fc9d4f25d70d3defda2aaee056ed6b340584447fddc711898377bee2	101439	EV verification results, reviews and records, with the pages that classify them	execution plan, the owner's reviews and prompts, review routes, and the filed records of each work round
v2/docs/records/r4a/r4-hwfw-contract.md	281542aa1c8a55495371adde102a9bb51fee8849	0e473299dac0e4a5eb6e8d2f22b06d1dcd7df1b6e67d93038dd837e0ce7e849e	11353	EV verification results, reviews and records, with the pages that classify them	execution plan, the owner's reviews and prompts, review routes, and the filed records of each work round
v2/docs/records/r4a/r4-open-items.md	9657dfd3d87ee1ee12b6989ddcd92b45211dcaed	0c58f8a3574801b15b39ae06e377710e4c41646fe71d2dd81c8257733d259c91	27963	EV verification results, reviews and records, with the pages that classify them	execution plan, the owner's reviews and prompts, review routes, and the filed records of each work round
v2/docs/records/r4b/box/r6-run6/README.txt	019a062be8a5674b039c93684068b88b25da1763	3977a8c3646ec82921c9bb2be1103f2c3ad55b192178ed2ac849e1d999ecbfae	1877	EV verification results, reviews and records, with the pages that classify them	execution plan, the owner's reviews and prompts, review routes, and the filed records of each work round
v2/docs/records/r4b/box/r6-run6/SHA256SUMS	17301c2be61a9f36490d7216ee5864f58445b441	eab4a7fbb05cfec2d88d4dbb52e67d85b8800698e2aeadc573580df558c08e0e	14282	EV verification results, reviews and records, with the pages that classify them	execution plan, the owner's reviews and prompts, review routes, and the filed records of each work round
v2/docs/records/r4b/box/r6-run6/check_pcb_b/emul-r6-gate-on-round6.txt	f9853d579f4b6c2df180f012bececf4a8ec026ba	3ed0cc3868ff2b40e768a4bbfb2453bf1e28e2b4661db74e6b5ddd458861a7ab	19470	EV verification results, reviews and records, with the pages that classify them	execution plan, the owner's reviews and prompts, review routes, and the filed records of each work round
v2/docs/records/r4b/box/r6-run6/parity_netlist_t6_tint.json	9e273919ae0d1909cbac8b39ba7fc4c138d2e5db	4b7e4a072b4d6a964a8d60e36a64cb2566d8422f9f27d114d354305fc5fa9091	716	EV verification results, reviews and records, with the pages that classify them	execution plan, the owner's reviews and prompts, review routes, and the filed records of each work round
v2/docs/records/r4b/box/r6-run6/run.log	a03d4ccab62a797a31bffcc9fca2bdd71a0cd936	a1b51495cf05f4961997bf4537eb87e0d50ce6881125a6cfcb67ebd22702a1a2	17735	EV verification results, reviews and records, with the pages that classify them	execution plan, the owner's reviews and prompts, review routes, and the filed records of each work round
v2/docs/records/r4b/box/r6-run6/tint/set.sha256	c2e471d041bec65a992366b2ce56483ea04e1615	ad88fa59804dcf32afcf212a48669425070064447b0babaed845d94f6684d7de	1090	EV verification results, reviews and records, with the pages that classify them	execution plan, the owner's reviews and prompts, review routes, and the filed records of each work round
v2/docs/records/r4b/box/r6b_box6.sh	bd728f64b8e024bf8be36c6b4a3822cd73dfb958	002275ffe884ab774b1f40d1a17ceec352d9f447f762c11f3565703aecf847a6	15476	EV verification results, reviews and records, with the pages that classify them	execution plan, the owner's reviews and prompts, review routes, and the filed records of each work round
v2/docs/records/r4b/box/r6b_post6.sh	984bd54ec2f804550d550dd644eb40c7d4277a89	dcaf39a37f83f0b81f2306af04829d1c10107c53e5f0b450972e61087c5819f6	2084	EV verification results, reviews and records, with the pages that classify them	execution plan, the owner's reviews and prompts, review routes, and the filed records of each work round
v2/docs/records/r4b/pin_parity.py	10c01ca4e3828a257da66891dd374c9839f6fd95	a36a9ffe82fbffd103795f241a5f5116bf595b413062d1edf48c20f8723a6f66	2157	EV verification results, reviews and records, with the pages that classify them	execution plan, the owner's reviews and prompts, review routes, and the filed records of each work round
v2/docs/records/r4b/r4-decisions.md	c30841bf06b08293c64f20770e80167f6040889f	27023b76fce3d48dd198c64a43952f4e5632730bb9087cf7b793dcaf3166e671	103862	EV verification results, reviews and records, with the pages that classify them	execution plan, the owner's reviews and prompts, review routes, and the filed records of each work round
v2/docs/records/r4b/r4-interfaces.md	cb47b1427437d9673948c6ead331bb8477488b8b	dafa398fa1c82e471c5292acc3e0e566727ea0a355856d4a56b40bb745349922	11702	EV verification results, reviews and records, with the pages that classify them	execution plan, the owner's reviews and prompts, review routes, and the filed records of each work round
v2/docs/records/r4e/footprints/gen_footprint_sgp41.py	5bd45eb99b8a0a3f7f375fe4f726a40300e9cd57	18555d1d239862def79025888cee91424869a440674d4148e37de4fb59e22a67	5516	EV verification results, reviews and records, with the pages that classify them	execution plan, the owner's reviews and prompts, review routes, and the filed records of each work round
v2/docs/records/r4e/jlc/jlc-SMCJ40CA.json	1419ab72fe71c992a45bd76f1e0e756d36e0f510	03d24c92aaf89b4c576244fd18fde13a7134b19261b8de9fe30c3cc24eea396f	64805	EV verification results, reviews and records, with the pages that classify them	execution plan, the owner's reviews and prompts, review routes, and the filed records of each work round
v2/docs/records/r4e/jlc/jlc-SRF1260.json	3a63af11f6445921f2b9f3fc63a55042d44c0d27	312a2b79bf8b6083789373d8356965b70fc6f4c36f726a1884d7bfc2c5b93919	50446	EV verification results, reviews and records, with the pages that classify them	execution plan, the owner's reviews and prompts, review routes, and the filed records of each work round
v2/docs/records/r4e/jlc/jlc-SRF1260_1R0Y.json	f24136fcd8fcc0cd5beeba01ca8df7bc8837e994	abf447d72049bd2e716141a329383095f9189eb5873359b5c2b6ac6f0e960096	4046	EV verification results, reviews and records, with the pages that classify them	execution plan, the owner's reviews and prompts, review routes, and the filed records of each work round
v2/docs/records/r4e/jlc/jlc-SRF1260_1R5Y.json	56be2100e2e763448eb04e7960a84a01fbf729b5	813915919dbdb06595e93bd61128881e008b95d365ee7da8889e95b4b1561061	4056	EV verification results, reviews and records, with the pages that classify them	execution plan, the owner's reviews and prompts, review routes, and the filed records of each work round
v2/docs/records/r4e/jlc/jlc-SRF1260_2R2Y.json	7f731dd9496b0475c3c424749a3d27dc5382ee84	40d3db2d4cd918a333958d6b673b99c92a9aa8516c88df7864d1dbe352f46664	88	EV verification results, reviews and records, with the pages that classify them	execution plan, the owner's reviews and prompts, review routes, and the filed records of each work round
v2/docs/records/r4e/jlc/jlc-SRF1260_4R7Y.json	b0d8527e25ff2b1d9b546e9efc667d5fd8410bab	571681216f60a8429888d8633300343b614e9a9edf7041a8c9a825ac965da450	4057	EV verification results, reviews and records, with the pages that classify them	execution plan, the owner's reviews and prompts, review routes, and the filed records of each work round
v2/docs/records/r4e/jlc/jlc-SRF1260_R47Y.json	a2469d3e264876d98ba614a57bbab59e7bc20219	e42554d2b11ae1eca2c3956350e8336d9a22bb49bba813b90a0884976586c793	4050	EV verification results, reviews and records, with the pages that classify them	execution plan, the owner's reviews and prompts, review routes, and the filed records of each work round
v2/docs/records/r4e/jlc/jlc-SRF1280.json	5f332ebdb3a8ce1d0a19f0f067ee6577e6b43a4b	ca5dcc1a57c5195ad721a2d21056b54f7ce00038302361df7d56c6e4cf64d617	51488	EV verification results, reviews and records, with the pages that classify them	execution plan, the owner's reviews and prompts, review routes, and the filed records of each work round
v2/docs/records/r4e/lcsc/C158012.json	f024ea21f299dcd45073ff1725e355f82f310c20	cde2f69a427c8dba96daff2170dfbce1fa19f0ccebe35a37a5d36a45f81bffe5	49788	EV verification results, reviews and records, with the pages that classify them	execution plan, the owner's reviews and prompts, review routes, and the filed records of each work round
v2/docs/records/r4e/lcsc/C224047.json	16027a13cb65aaf778ccb76cda32b135ebc27296	ccb876725c2b9c137f5c49f3dcfc7f2a3de018d72ad1bed82cf0c7ce9cfb7351	5903	EV verification results, reviews and records, with the pages that classify them	execution plan, the owner's reviews and prompts, review routes, and the filed records of each work round
v2/docs/records/r4e/lcsc/C224052.json	cd926a65a95ab4fb88026d33f0efac69727b4e3d	9acc3b7108f79cf4236161071172e6188da0df239a72b55e273daa183a7e65d7	5941	EV verification results, reviews and records, with the pages that classify them	execution plan, the owner's reviews and prompts, review routes, and the filed records of each work round
v2/docs/records/r4e/lcsc/C22935.json	730941ad22a83166cc5d98dab70cb332f3d926bf	e7728cf5be7be716a55badd66dc259883b6f2da81ec92f3d6b6c4704ba676f0f	32715	EV verification results, reviews and records, with the pages that classify them	execution plan, the owner's reviews and prompts, review routes, and the filed records of each work round
v2/docs/records/r4e/lcsc/C3659325.json	cc43c12885bd8d860ea29ffc900585698532eaf9	a86e135fd9e76049a75c577cf98b0b67134bf05ac5638e61ac1583ded0e2f901	47	EV verification results, reviews and records, with the pages that classify them	execution plan, the owner's reviews and prompts, review routes, and the filed records of each work round
v2/docs/records/r4e/lcsc/C374030.json	3c000d886bcb0176e2802020c085d43b5a7eff36	a9b666c5696b401c642388fe91382eb8712c56f01ed2ac69137210f949e2c29a	5675	EV verification results, reviews and records, with the pages that classify them	execution plan, the owner's reviews and prompts, review routes, and the filed records of each work round
v2/docs/records/r4e/lcsc/C527679.json	2a91374a36bf93943f765bec525da5ad5ba50cb8	a8801ce55f07efa4260cbca20fe99e5f34ffefc24384ce298c5bf2b17d38f382	12519	EV verification results, reviews and records, with the pages that classify them	execution plan, the owner's reviews and prompts, review routes, and the filed records of each work round
v2/docs/records/r4e/lcsc/C594232.json	2302a35d9daf31c0baca23bad2c9205f64b108b6	8e3fc7b9b96afa00f1962da7129a8ece1a4c0d8b989f31bce6636490013871e1	48514	EV verification results, reviews and records, with the pages that classify them	execution plan, the owner's reviews and prompts, review routes, and the filed records of each work round
v2/docs/records/r4e/lcsc/C7320434.json	7d373173d9efa843259ce1e4de6d312a9f7155b6	0373b93f0dcfff998c5cdca69fcdddace6d73b2ddb55665e46f3e4547521a7b0	31301	EV verification results, reviews and records, with the pages that classify them	execution plan, the owner's reviews and prompts, review routes, and the filed records of each work round
v2/docs/records/r4e/lcsc/C80273.json	1eebb2ab708e406d25e8447f3f6f74693a84b7e3	e19c409d1d5cc11dfcffee7c5ca7e5657250e6789205a175b3aaa7a8ce1051f7	5683	EV verification results, reviews and records, with the pages that classify them	execution plan, the owner's reviews and prompts, review routes, and the filed records of each work round
v2/docs/records/r4e/r4-decisions.md	f0da9113ec36c763e4a9025b8b10877f33a43625	e05a31a54cfe5b9ec1159a110dc3bd6f0f0bbb8ed87cdd753d0e81fdd012f450	62162	EV verification results, reviews and records, with the pages that classify them	execution plan, the owner's reviews and prompts, review routes, and the filed records of each work round
v2/docs/records/r4p/datasheets/SOURCES.txt	a3ae55f7060ba4e30490cd1e3c2c250530a47240	dc8f584ca53c085dcd3fa7634cbc8ae2f72b3b3b3cdd6496292acb318bcc812f	9785	EV verification results, reviews and records, with the pages that classify them	execution plan, the owner's reviews and prompts, review routes, and the filed records of each work round
v2/docs/records/r4p/datasheets/lcsc-urls.txt	f33ddae5051cbf406512fdacb9c59f207a5ef4f6	20b48c3ee78175d919793a67181aab69693569e0c566427182c7d6eecc26732a	742	EV verification results, reviews and records, with the pages that classify them	execution plan, the owner's reviews and prompts, review routes, and the filed records of each work round
v2/docs/records/r4p/r4-decisions.md	30e32a18801b5b797a078c0a58a78b2712f0c12c	bab45c321c0c367561fdffc11d56c04a5a6c07497ce3d11fb28dd7868b4e49a0	43964	EV verification results, reviews and records, with the pages that classify them	execution plan, the owner's reviews and prompts, review routes, and the filed records of each work round
v2/docs/records/r4p/scripts/netdiff.py	d249544064ca5638b0e6c274a040481ef4cb9664	a3b05ba1fc0d9b13f8034169a26dbb48d3d284e00be6a96ba27b495777b421be	3534	EV verification results, reviews and records, with the pages that classify them	execution plan, the owner's reviews and prompts, review routes, and the filed records of each work round
v2/docs/records/r4p/scripts/r5p2_box.sh	10e72ebfba1726cbbdcfe26f54934569f4d09742	af7d59d6a8da41beb8cfa21b0e14b17652afb395863b623797d6eb026e90bdcd	10587	EV verification results, reviews and records, with the pages that classify them	execution plan, the owner's reviews and prompts, review routes, and the filed records of each work round
v2/docs/records/r4t/r4-decisions.md	1f6cc11b67bcb851554cf19b85ab6162041c0e0c	833218028f012e008d20db38204d574e1b511661ae92be353f4f564578b6fcda	216568	EV verification results, reviews and records, with the pages that classify them	execution plan, the owner's reviews and prompts, review routes, and the filed records of each work round
v2/docs/records/r6d/r6-decisions.md	7a78794aec53009877e0bd9f03b40341f6c233dc	959ee8c6b9bf4e6622a81d858775b099e5e8637d6fc19d8dc263b13accac3ca1	32654	EV verification results, reviews and records, with the pages that classify them	execution plan, the owner's reviews and prompts, review routes, and the filed records of each work round
v2/docs/records/r8b/datasheets/SHA256SUMS	7849a8c7108ce8836b90cbc67def9f8262850fcc	47ed7a46a52d4327eebc0ebbeca17e43165c656449240e2112dbc450ef65a045	427	EV verification results, reviews and records, with the pages that classify them	execution plan, the owner's reviews and prompts, review routes, and the filed records of each work round
v2/docs/records/r8b/datasheets/SOURCES.txt	33ebd1042b73ba27ff2b7728c948db2bd91e1ac1	6d8f2f194b036c5c2d7bac6d47334b6fd6d1ba66b6d56269ae6af8206913e2b7	2603	EV verification results, reviews and records, with the pages that classify them	execution plan, the owner's reviews and prompts, review routes, and the filed records of each work round
v2/docs/records/r8b/decoupling-classes-b.json	523bb05e828936cb8e05a7881eb9f5e7f57f3d52	1b92ba7c91697d6f241a3bcd94fe6fd46ef4f0f4dc3bd7f72f3213b9a8180fd1	56766	EV verification results, reviews and records, with the pages that classify them	execution plan, the owner's reviews and prompts, review routes, and the filed records of each work round
v2/docs/records/r8b/evidence/bbm-bounds.json	1427f642e285b822d38559a1fcb43014b7418d71	2602be7188b1cb1fa574ad1e1c85d41c7d7bdb3b0843f128c1777b2d81c315e7	1120	EV verification results, reviews and records, with the pages that classify them	execution plan, the owner's reviews and prompts, review routes, and the filed records of each work round
v2/docs/records/r8b/evidence/bbm-sim-main-hazard.txt	f2a6086b80072838771ee76a7bd466cc60c88ac9	5c3aee27042797b01aa4fae4c737cbe45bb617d831c2cd2a5e8bbd8901f0b92a	2197	EV verification results, reviews and records, with the pages that classify them	execution plan, the owner's reviews and prompts, review routes, and the filed records of each work round
v2/docs/records/r8b/evidence/bbm-sim-main.txt	6b4321a8a9ff4088d0957fa4dab836a316b6b760	34a1505e7b066c2ac4197c43d1c117e642aaf54c05ca6be9f6c9239bc122c444	2198	EV verification results, reviews and records, with the pages that classify them	execution plan, the owner's reviews and prompts, review routes, and the filed records of each work round
v2/docs/records/r8b/evidence/bbm-sim-pass1-hazard.txt	7ac3cd7e7553da7effa26908a923420275509235	1d6c8f4d9a4df583d17b1d2d131aeefd697b3be4b57cf50a130472d6463644bb	2901	EV verification results, reviews and records, with the pages that classify them	execution plan, the owner's reviews and prompts, review routes, and the filed records of each work round
v2/docs/records/r8b/evidence/bbm-sim-pass1.txt	325c879fa839b9d8bcb2dd05939059440a5b27c3	403f64cef0294ad91802c1599151976f6d5069d63ad3717ad9356a766a6a05c0	2899	EV verification results, reviews and records, with the pages that classify them	execution plan, the owner's reviews and prompts, review routes, and the filed records of each work round
v2/docs/records/r8b/evidence/bbm-sim-pass2-hazard.txt	2300713a7a64fccdcca567d6628b1935e03c3484	4de4fc11f847fb66a18ab40bff8bdac1f1fd08e4ae204322f68ac7b2c452546b	894	EV verification results, reviews and records, with the pages that classify them	execution plan, the owner's reviews and prompts, review routes, and the filed records of each work round
v2/docs/records/r8b/evidence/bbm-sim-pass2.txt	0a6f8e62d8b7dfdf0dc9e34b76dc028aac2ebd77	fa796caed4b84e0531e33496326735cb0659da0349ed9d60375b1215895976cd	895	EV verification results, reviews and records, with the pages that classify them	execution plan, the owner's reviews and prompts, review routes, and the filed records of each work round
v2/docs/records/r8b/evidence/check_pcb_b-r8-mutations.txt	1694b8dbe8b091174aa4cfe1ddf05f72be6df221	7f55d8a20d167f899b9f0deed6b5fc5bdd47ee5936bd33e11b31c6ff8cb08ccf	2057	EV verification results, reviews and records, with the pages that classify them	execution plan, the owner's reviews and prompts, review routes, and the filed records of each work round
v2/docs/records/r8b/evidence/emul-patched-gate-on-main-net.txt	30215af4817530638adbdbb1d0d6a1e962ef071a	236624fcfb100cd2a628ac7eec478d3f8075b1b774dc9bb614ca4366076f1e1a	28832	EV verification results, reviews and records, with the pages that classify them	execution plan, the owner's reviews and prompts, review routes, and the filed records of each work round
v2/docs/records/r8b/evidence/emul-patched-gate-on-pass1-net.txt	e6eeeeaaa20423712ea2147f73811971dc446c6c	d0fdc72a8e1e899823c13ed8c4a15e41ad45c8123f0564a37c706bc8f4c484b6	29479	EV verification results, reviews and records, with the pages that classify them	execution plan, the owner's reviews and prompts, review routes, and the filed records of each work round
v2/docs/records/r8b/evidence/emul-patched-gate-on-r8-net.txt	1a274e564ab34cfd2faf8968884e73936f1eedea	de21621f72dc039ace54af678702b8bb1073977f2b039cfafb77a04b9070187f	30014	EV verification results, reviews and records, with the pages that classify them	execution plan, the owner's reviews and prompts, review routes, and the filed records of each work round
v2/docs/records/r8b/evidence/integrated-candidate-apply.log	edba8f7236269883e60e87fe70fbe1972b51c8fe	fb945ea0af622ea52020515f44d0d0497bccda43fc70e56d6f99dce7ca25963f	3276	EV verification results, reviews and records, with the pages that classify them	execution plan, the owner's reviews and prompts, review routes, and the filed records of each work round
v2/docs/records/r8b/evidence/integrated-check_contracts.verdict.json	333c11fc9c59be537cbbfcfff69f5c8500f72a53	056dd780d5561f0aeda750b4ccd064c2d42af58070c49b03731f0368b740bc3f	2299	EV verification results, reviews and records, with the pages that classify them	execution plan, the owner's reviews and prompts, review routes, and the filed records of each work round
v2/docs/records/r8b/evidence/integrated-energy_chain.verdict.json	b32f3e9f02e0464582faf490eb4918b5df29eae9	cc8da6206776ed0ddc5933b79dc5af9df9f8962ed805c2d23d9fd17b7f0a2d7f	2032	EV verification results, reviews and records, with the pages that classify them	execution plan, the owner's reviews and prompts, review routes, and the filed records of each work round
v2/docs/records/r8b/evidence/integrated-energy_chain_b.verdict.json	d6f4f86eb3e3798cf0739969c280bb7fd189d8f7	e4961bf44923c99595a92129a2f2eb76a0c041921d640b9f1f9d40d3d6481b71	1165	EV verification results, reviews and records, with the pages that classify them	execution plan, the owner's reviews and prompts, review routes, and the filed records of each work round
v2/docs/records/r8b/evidence/integrated-inhibit_chain_a.verdict.json	ef34a602f1f8f593ab2d4783c2f28fa7f23e02e5	264d7cab8460a68d5254e09cdbfa7ab844f517a85856e5c5ea389cdbd043a974	2293	EV verification results, reviews and records, with the pages that classify them	execution plan, the owner's reviews and prompts, review routes, and the filed records of each work round
v2/docs/records/r8b/evidence/integrated-inhibit_chain_b.verdict.json	6093187365f682a4dc88f75ca90d8bb48bf0de25	9fd6f6b239cd429eeb68b2f49dadfce60ae211faa4450b7a2799a578afd8917a	2038	EV verification results, reviews and records, with the pages that classify them	execution plan, the owner's reviews and prompts, review routes, and the filed records of each work round
v2/docs/records/r8b/evidence/integrated-inhibit_chain_c.verdict.json	cef3ad57c023cfbb6e64df59726bda42d9ba7d26	e37fce51280965eb95a34deb4e371b0b354ccf1ccd359d0c086b2a6a69c200ce	2038	EV verification results, reviews and records, with the pages that classify them	execution plan, the owner's reviews and prompts, review routes, and the filed records of each work round
v2/docs/records/r8b/evidence/integrated-inhibit_chain_d.verdict.json	85e1dee6bc5fba79372be63e009bbf5e1909c394	45a2c250cdb632a3c240f9a21d9b801a4d427e844b6963cb7b4d57b9670c0482	2038	EV verification results, reviews and records, with the pages that classify them	execution plan, the owner's reviews and prompts, review routes, and the filed records of each work round
v2/docs/records/r8b/evidence/netdiff-committed-vs-r8b.json	d51b56f0ded9fa27838499ff8f2332f20d6966d0	3038a9dd158682f999bf0fbe88b0763ca24e7cfa6d989448d262ea217916ba21	46510	EV verification results, reviews and records, with the pages that classify them	execution plan, the owner's reviews and prompts, review routes, and the filed records of each work round
v2/docs/records/r8b/evidence/netdiff-expected-r8b.txt	40f9b7ec022183543bf14e9214acde121507a8cb	be15851fee7366c6331cb89064c205952897f4b6ca8b51fb8eeeed1fc2c12bb9	93	EV verification results, reviews and records, with the pages that classify them	execution plan, the owner's reviews and prompts, review routes, and the filed records of each work round
v2/docs/records/r8b/evidence/netdiff-pass1-vs-pass2.json	401324a73cc9df37ed4a0f519f465b770eb5ed05	8405dc15ec1c9dfa946d4774e7608b882f6e27724885a66339f36115d568dad0	14444	EV verification results, reviews and records, with the pages that classify them	execution plan, the owner's reviews and prompts, review routes, and the filed records of each work round
v2/docs/records/r8b/evidence/parity_intent_committed_clean.json	7ceec776d6602ec3f596fcc9e01b86fc0fc4922d	607f2e1b7adb75dc66267217a7334114126f37ea6ca8cab0548736b90c1ba3d4	76	EV verification results, reviews and records, with the pages that classify them	execution plan, the owner's reviews and prompts, review routes, and the filed records of each work round
v2/docs/records/r8b/evidence/parity_netlist_committed_clean.json	a4ad39e2880db1d6b041dc7940b88a983f13c182	9003958c6e90294adf9eabf8664040faca5a284695679cf7769c0f53a52051cc	722	EV verification results, reviews and records, with the pages that classify them	execution plan, the owner's reviews and prompts, review routes, and the filed records of each work round
v2/docs/records/r8b/evidence/parity_schematic_committed_clean.json	97768c61d2971768abc86b8594ee4cecd203f451	537b6e103625920221674cff9186aa8343fec27f8b6fda789cd377611551c626	351	EV verification results, reviews and records, with the pages that classify them	execution plan, the owner's reviews and prompts, review routes, and the filed records of each work round
v2/docs/records/r8b/evidence/suite-commit-set-line.txt	b94dea6b08a42f9141dbef87cd987402da0053a0	c76325a8a1431cd211c0ca24de8db74c7ad5b05131215a0c4b4647ea9f28598c	571	EV verification results, reviews and records, with the pages that classify them	execution plan, the owner's reviews and prompts, review routes, and the filed records of each work round
v2/docs/records/r8b/evidence/suite-commit-set-run.log	64d2ca02abea19322b60af1b3042b648ee77fe61	ac8f29fc51eb35dfd43a19f7f6f78a661759bd101044221d40fbf10bd6e20b2f	1072	EV verification results, reviews and records, with the pages that classify them	execution plan, the owner's reviews and prompts, review routes, and the filed records of each work round
v2/docs/records/r8b/evidence/suite-commit-set-status-delta.txt	3b5c4e7c5415b36ecc0379792d5d5efe62ab6d37	d6225da747474bffe74f66a6e1f2db57d93f6230268711851d5ca0fd6589af26	274	EV verification results, reviews and records, with the pages that classify them	execution plan, the owner's reviews and prompts, review routes, and the filed records of each work round
v2/docs/records/r8b/evidence/suite-integrated-line.txt	7813a684bcc9bac03b30383afa590790ae2c04d0	010078b4287a054ae9b3da66bd68c8bc5f0f518ef586f8984e71d33f2f8109b8	40	EV verification results, reviews and records, with the pages that classify them	execution plan, the owner's reviews and prompts, review routes, and the filed records of each work round
v2/docs/records/r8b/evidence/suite-integrated-status-delta.txt	e69de29bb2d1d6434b8b29ae775ad8c2e48c5391	e3b0c44298fc1c149afbf4c8996fb92427ae41e4649b934ca495991b7852b855	0	EV verification results, reviews and records, with the pages that classify them	execution plan, the owner's reviews and prompts, review routes, and the filed records of each work round
v2/docs/records/r8b/evidence/t8-gates-run.log	889b374b24aaa32dc531d07e4c7be48e6778c91f	8eb14cc2d2decc356530c67bb0059311e8ed1c42d1cd09ce8954b89b726dffcd	6332	EV verification results, reviews and records, with the pages that classify them	execution plan, the owner's reviews and prompts, review routes, and the filed records of each work round
v2/docs/records/r8b/evidence/t8s-sidecars-run.log	d7266ab3bbdb388f3c134869c5784fed6587a50c	a4434864ceaf4e3b61994cc6ce71457850c4c85ea46bd6c6498850779891090f	3523	EV verification results, reviews and records, with the pages that classify them	execution plan, the owner's reviews and prompts, review routes, and the filed records of each work round
v2/docs/records/r8b/expected_r8b.json	5bee157186717aaf293e9b3aaf2a0c3540489540	4ee4d56d6f92ad77f3edd1c2bce59d87552b3dee3f2b6c33a66f412cf2f9ca1f	17216	EV verification results, reviews and records, with the pages that classify them	execution plan, the owner's reviews and prompts, review routes, and the filed records of each work round
v2/docs/records/r8b/integration/gates.txt	b4408438d1fb6cc793179f330959ac010032beab	eacc7abe8f9aee5587ec7d4763d6f93698ab457f746b02415a4ac68a9810e058	7434	EV verification results, reviews and records, with the pages that classify them	execution plan, the owner's reviews and prompts, review routes, and the filed records of each work round
v2/docs/records/r8b/integration/indep_author_vs_tree.txt	983d9c58f73cd258c091b7514be1572af88157f1	bbc7ab758c266264a2e144025276246484aca420464a649ec83dc4c71a60cdcf	170	EV verification results, reviews and records, with the pages that classify them	execution plan, the owner's reviews and prompts, review routes, and the filed records of each work round
v2/docs/records/r8b/integration/indep_cmp.py	42b08d177f16aacb6ddb36bb0f03d7a9e61f5a3a	5190f103398fca28723f3cab50fbc72ba591c5fb3a6099ea9f0f85bf35302789	5182	EV verification results, reviews and records, with the pages that classify them	execution plan, the owner's reviews and prompts, review routes, and the filed records of each work round
v2/docs/records/r8b/integration/indep_committed_vs_tree.txt	ff7c9172df3566bce19a9d6875711dae658431d4	c133c1a19dd3f0c426887878f0ad162256e5c14a36ff7b46bd1ddfa8b04ab913	82	EV verification results, reviews and records, with the pages that classify them	execution plan, the owner's reviews and prompts, review routes, and the filed records of each work round
v2/docs/records/r8b/integration/indep_dropped.txt	f47fc1229c00afaf6b839ae6eaebafd1ffbb31d1	756f5ffbd94be8dfa51308016b74d510578f49c20fa0a2eb05e57c4127fd6572	1816	EV verification results, reviews and records, with the pages that classify them	execution plan, the owner's reviews and prompts, review routes, and the filed records of each work round
v2/docs/records/r8b/integration/indep_mainregen_vs_tree.txt	ff7c9172df3566bce19a9d6875711dae658431d4	c133c1a19dd3f0c426887878f0ad162256e5c14a36ff7b46bd1ddfa8b04ab913	82	EV verification results, reviews and records, with the pages that classify them	execution plan, the owner's reviews and prompts, review routes, and the filed records of each work round
v2/docs/records/r8b/integration/r8int3_box.sh	29a738ebd63cae06c9efeffb23b462cf7494d873	7c0e5a07e99841879e641e71cddbe0cfc53c551528e161f9251b1653d9e629ee	16978	EV verification results, reviews and records, with the pages that classify them	execution plan, the owner's reviews and prompts, review routes, and the filed records of each work round
v2/docs/records/r8b/integration/regen.log	34b60ecfae184c6fb5fe26dd1296e7439616ee4c	aeb07c9f14476eb46e6f188ad80a2c174920d5f7c9287d0ac833dd5535ef9ae2	1109	EV verification results, reviews and records, with the pages that classify them	execution plan, the owner's reviews and prompts, review routes, and the filed records of each work round
v2/docs/records/r8b/integration/set.log	af74774b3429b749de21b93275a377f7e2e3ae37	ad258a530940b10a3b41bac437177218cdac783af634751241c0735395a9130d	13621	EV verification results, reviews and records, with the pages that classify them	execution plan, the owner's reviews and prompts, review routes, and the filed records of each work round
v2/docs/records/r8b/mk_m2b_te2199119.py	4cea639ff396119ad0ed6e912a0d9f7572e74500	3575429073cc1f281df064fa388ccdc052bf78b3a74a7e54a9ce616501a0c621	2376	EV verification results, reviews and records, with the pages that classify them	execution plan, the owner's reviews and prompts, review routes, and the filed records of each work round
v2/docs/records/r8b/r8-decisions.md	bb98115ec6c9036ff12c16fd618c9fe716463b31	e7b6ce63b57f917145a819384fb71222cfd553002f481eb99f490d35fcdc303b	37062	EV verification results, reviews and records, with the pages that classify them	execution plan, the owner's reviews and prompts, review routes, and the filed records of each work round
v2/docs/records/r8b/tools/bbm_sim_r8b.py	0955e918ad23d358a3681f3c331e57f3f2b9f2d7	e82e97d4ae67f71eddcba7a40b2ab1a8fcdc5ba65d0abdbd26cd155c6d352afd	27525	EV verification results, reviews and records, with the pages that classify them	execution plan, the owner's reviews and prompts, review routes, and the filed records of each work round
v2/docs/records/r8b/tools/check_pcb_b_emul.py	3f400c1d3e6f91e04fc182ef16cd5a57ca8a0c0b	d0c969110721d8dadd7e4a818bf6e44ebc1c6b6790bbad065879e301930ef53b	3091	EV verification results, reviews and records, with the pages that classify them	execution plan, the owner's reviews and prompts, review routes, and the filed records of each work round
v2/docs/records/r8b/tools/check_pcb_b_r8_mutations.py	39df581b162f3fb9cca148b697e9d8f64e4640a2	fd9c49d135fe958d3b73a6f2f0dc13e6ddaddcfde2a465107d04f51b1aac9a63	4730	EV verification results, reviews and records, with the pages that classify them	execution plan, the owner's reviews and prompts, review routes, and the filed records of each work round
v2/docs/records/r8b/tools/expected_r8b.py	dfd5300567e51f998c3f29cd96da653dcc7d953f	f4977714d17799a16fc03e6c3972ce6151bf967fd0208a3f607067eb4d13f1bd	7208	EV verification results, reviews and records, with the pages that classify them	execution plan, the owner's reviews and prompts, review routes, and the filed records of each work round
v2/docs/records/r8b/tools/netdiff.py	078bb78188fc93d5af3d8211fa703162e2435676	46b64b144c1874748835230e6a03112eec324816ee348ebec7434858e31fd96e	3370	EV verification results, reviews and records, with the pages that classify them	execution plan, the owner's reviews and prompts, review routes, and the filed records of each work round
v2/docs/records/r8b/tools/netdiff_r8b.py	28b901209691a1618ab3457de304bf13706c591d	fa5ce1d6ef8107c0f2e166e8d5bf7820ddf12d4cc01ce7cdd7edc41e3dd1087d	6119	EV verification results, reviews and records, with the pages that classify them	execution plan, the owner's reviews and prompts, review routes, and the filed records of each work round
v2/docs/records/r8b/tools/r8b2_box.sh	9277a8b97e417e52ec0b60759f8ed02a0fc02b48	df9826ad3da0e3bd3d7f8ea2102872f81989579296f08ed025c003fdfe9aadad	12701	EV verification results, reviews and records, with the pages that classify them	execution plan, the owner's reviews and prompts, review routes, and the filed records of each work round
v2/docs/records/r8b/tools/rebind_r8b.py	e0f5bacfbade9d28e6b01273a91dcff5dcb6c80a	7204e6d874065bc84253bb76f2b172ba2952d438bfe6cbe40b609d055f6ac644	8426	EV verification results, reviews and records, with the pages that classify them	execution plan, the owner's reviews and prompts, review routes, and the filed records of each work round
v2/docs/records/r8d/r8d-gates.txt	a7b05b5834a6b74049a9e37c2c5c75f0d92f78a7	b32af9bc5bf5ac1c04f04ee18a0f1656a1106cde273f8c98a9dd38c2b1c73c1d	3731	EV verification results, reviews and records, with the pages that classify them	execution plan, the owner's reviews and prompts, review routes, and the filed records of each work round
v2/docs/records/r8d/r8d-par.txt	d0a700c54f9aa2709951a394aa229b490abdffbd	064ae27b66f8bcff68ea377c14b0dbe415797814d70f8a9492bbc182fc940804	29949	EV verification results, reviews and records, with the pages that classify them	execution plan, the owner's reviews and prompts, review routes, and the filed records of each work round
v2/docs/records/r8d/r8d-parity-and-suite.txt	5b7dbdafa25b656b194dd38416485bc8318d1a48	c763a2930bcc1e920a77093c6900e559a5e5323925083f9d33d4c6f4b3e80654	5185	EV verification results, reviews and records, with the pages that classify them	execution plan, the owner's reviews and prompts, review routes, and the filed records of each work round
v2/docs/records/r8d/r8d_par.py	ce7e55807c7d17b505e953f398937595652fee74	72b766f7221008599ce1272d0b6bd118081194d9dc2b65aadf718ca87ce135f4	15435	EV verification results, reviews and records, with the pages that classify them	execution plan, the owner's reviews and prompts, review routes, and the filed records of each work round
v2/docs/records/r8d/r8d_regen.sh	b3595f72d194d0ebec25a2ddfc36fa3634723068	297651d22f4e3797360fb6517080c6a2e52865d81da9052aec7f0507dc155db1	8865	EV verification results, reviews and records, with the pages that classify them	execution plan, the owner's reviews and prompts, review routes, and the filed records of each work round
v2/docs/records/r8d/r8d_set.sh	142bffc15d8a024242c7ad503f0c24e7505ffdf6	fa34ed5489c48ab438c3d9e98c465e8cdec35c5c4ce16a8ff092325496070a64	5804	EV verification results, reviews and records, with the pages that classify them	execution plan, the owner's reviews and prompts, review routes, and the filed records of each work round
v2/docs/records/r8d/r8d_suite.sh	35e0d14cd6e2f54181b43bc53f2e814757d31f8c	c6ce1bdea945d1e606500e3f10dad8aa192e6b4609ff46d73080b9311e8efdc8	4908	EV verification results, reviews and records, with the pages that classify them	execution plan, the owner's reviews and prompts, review routes, and the filed records of each work round
v2/docs/records/r8int4/c23-apply-registry.log	405e0b2cbd87628e18e0e0fb5b5ebf341777c9f5	58ba20cf0bc76a485419303b4c4809b715f93f0cd98f868b0d712239f01b562c	26515	EV verification results, reviews and records, with the pages that classify them	execution plan, the owner's reviews and prompts, review routes, and the filed records of each work round
v2/docs/records/r8int4/changed_sections.py	44ba24de613753179d47d38fd20ecee0c555a1cf	8669cd02987474d41325f7bc72f1f0301c38fdf4a3f38d22e2ae8755b3f18ed7	856	EV verification results, reviews and records, with the pages that classify them	execution plan, the owner's reviews and prompts, review routes, and the filed records of each work round
v2/docs/records/r8int4/citations-reread-r8int4.md	ff2a80da26a4ce13927b34efb585aa00e154cff6	d04ab7bdc144337fdf1034dad2bed98aa510c0949b941de207daec3650a13fce	4400	EV verification results, reviews and records, with the pages that classify them	execution plan, the owner's reviews and prompts, review routes, and the filed records of each work round
v2/docs/records/r8int4/citations-reread-release.md	c020148610f30b6d30a0dee4c6ea87c5b9d1e195	699d7a062db56cdc93db2ae8c35f773e59b8df07328a319eec2d99ddcfe85cbe	4582	EV verification results, reviews and records, with the pages that classify them	execution plan, the owner's reviews and prompts, review routes, and the filed records of each work round
v2/docs/records/r8int4/edit_c23_contradictions.py	e3db0f3af62d65b15705ab45ac712a9485811830	148842e6c512fb93d9c4862965b3224796961ff5ec4e4be9e1ad67d3404de782	5678	EV verification results, reviews and records, with the pages that classify them	execution plan, the owner's reviews and prompts, review routes, and the filed records of each work round
v2/docs/records/r8int4/edit_c5_handover.py	9fa8b61df33587e53f9df918cb907d8e056c0470	5de611c6e872d989bc98662069e8464ff21e1e54a9dc6fb73a26e59fa8238ad3	2781	EV verification results, reviews and records, with the pages that classify them	execution plan, the owner's reviews and prompts, review routes, and the filed records of each work round
v2/docs/records/r8int4/edit_c5_wording.py	1567a7af379b1d28c254be0fea911ae427be0278	aa8e273b44d0f6fbb36a19ada033108bc4621f14f67994545ca2e2ab315e9712	6212	EV verification results, reviews and records, with the pages that classify them	execution plan, the owner's reviews and prompts, review routes, and the filed records of each work round
v2/docs/records/r8int4/edit_c7_handover.py	5dac3bbc036d7e67554c3f7e5451db6aeaa0d97e	f0762617c9fa426646e3d8184e8d499d517bdbd9f4a07bab67e1c4bd5c271978	3416	EV verification results, reviews and records, with the pages that classify them	execution plan, the owner's reviews and prompts, review routes, and the filed records of each work round
v2/docs/records/r8int4/edit_c7_timing.py	bd6b0648e25574625f27b7a82cc46df68fb90b81	b48f87c634138cc7c4101dd68d53874f9c47b1d23c4d516fc0edcfafbf390560	7800	EV verification results, reviews and records, with the pages that classify them	execution plan, the owner's reviews and prompts, review routes, and the filed records of each work round
v2/docs/records/r8int4/edit_cfl010_reconcile.py	d576fe261621cb20cf83fbcf37689f3ee53dc6df	fd575e8ac00bd3a9e078b0df1496959c3fdf0b4bc9ffe62211357a570693d459	2280	EV verification results, reviews and records, with the pages that classify them	execution plan, the owner's reviews and prompts, review routes, and the filed records of each work round
v2/docs/records/r8int4/edit_handover_set4.py	bdc0cc283ffa58f568cc29556559b9e5b583bcda	606d07ead5432e0ea513da27091df65c21efd711244ae92909074df66a210469	27316	EV verification results, reviews and records, with the pages that classify them	execution plan, the owner's reviews and prompts, review routes, and the filed records of each work round
v2/docs/records/r8int4/edit_layer2_emcon_face.py	318c1da2ed50c30027abdc7e121c9e0515f607f5	fba349a250a52a651bd65b306a47c66a4431d238891619530d1ff55e5cd298f0	7547	EV verification results, reviews and records, with the pages that classify them	execution plan, the owner's reviews and prompts, review routes, and the filed records of each work round
v2/docs/records/r8int4/edit_release_fixes.py	403c54707348627379483b21df32a7acbd5c4ef6	d8e6c67e6ccdcf37c8110b64a509b8a5b8c853ee31a9333dbebe32dc046897b2	40798	EV verification results, reviews and records, with the pages that classify them	execution plan, the owner's reviews and prompts, review routes, and the filed records of each work round
v2/docs/records/r8int4/edit_release_handover.py	90f1496d7d61774d52e557ce997f456d92a2c332	a6f8fe8059c23c042aa3a7a78f20c2220605930c91fda39c92aae9ed9a4fdcc6	15780	EV verification results, reviews and records, with the pages that classify them	execution plan, the owner's reviews and prompts, review routes, and the filed records of each work round
v2/docs/records/r8int4/file_records.py	05f4dd6249aa4629bb87f5c1ed7f77699530fd7d	2eb2b099e40427d8be8665b08f12d40288b2fc3e04c47126a277aa2ace240ad3	1883	EV verification results, reviews and records, with the pages that classify them	execution plan, the owner's reviews and prompts, review routes, and the filed records of each work round
v2/docs/records/r8int4/hc5/ARCHITECTURE-section-12.r8int4.md	ec43961b5be14493434325f071deaf568769be3a	0f7f6d132ba220749fd725931138f7a9b38f538afd55d6082c055738e20959c4	12032	EV verification results, reviews and records, with the pages that classify them	execution plan, the owner's reviews and prompts, review routes, and the filed records of each work round
v2/docs/records/r8int4/hc5/apply_architecture.py	fafc8b774e9bdcb6f6036c272014b62e45a007c6	98271ff6d858c4fe824633e60590a80b04ef918b5effe73bd6890955d8dc0b13	4967	EV verification results, reviews and records, with the pages that classify them	execution plan, the owner's reviews and prompts, review routes, and the filed records of each work round
v2/docs/records/r8int4/hc5/apply_docs.py	b5c712c1a93561a2cf62ea34cf0488e0507759fb	1bb7ba1bf8a5fbc82e552475eaaf7627bb3a71f3adb5ad6c413c452d097b8f58	22680	EV verification results, reviews and records, with the pages that classify them	execution plan, the owner's reviews and prompts, review routes, and the filed records of each work round
v2/docs/records/r8int4/hc5/apply_index.py	c04caf37b02bdb025e5fc37d4f43b9181f73b674	0f410c7282375d67dee109751a10a308a70951ec2bc914418ada89d1d9c0a65d	4457	EV verification results, reviews and records, with the pages that classify them	execution plan, the owner's reviews and prompts, review routes, and the filed records of each work round
v2/docs/records/r8int4/hc5/apply_interfaces.py	08c5efcca28508925ea4d145a590d30a9781075d	b1101e8734307b6de3f25f0d38dfa4d49b98ae1c3a66151704c08c320d054456	6653	EV verification results, reviews and records, with the pages that classify them	execution plan, the owner's reviews and prompts, review routes, and the filed records of each work round
v2/docs/records/r8int4/hc5/apply_registry.py	07f7ed69c6bd6b641ee16793a6b7fcebab959cdb	9b9782280d7092fda704f12681ba8ab5ee99ec969081cf122d5b77a3b4863fd2	13222	EV verification results, reviews and records, with the pages that classify them	execution plan, the owner's reviews and prompts, review routes, and the filed records of each work round
v2/docs/records/r8int4/hc5/pcb_interfaces-new-contracts.yaml	f73a073dfd7fd341cf03e2f0c48ac6b7626bad53	996fa8d5e94dc18d51ae3510879e4662a149e2623fc495186b33171603829cd6	45049	EV verification results, reviews and records, with the pages that classify them	execution plan, the owner's reviews and prompts, review routes, and the filed records of each work round
v2/docs/records/r8int4/hc7/apply_registry.log	fb793643bbe5391eb4178d154aa492e04f1e6868	60f5f7ba90fdc2e3e67e3d3343aac2cdb6fa7a077fef4569ec8bbc3be283661c	859	EV verification results, reviews and records, with the pages that classify them	execution plan, the owner's reviews and prompts, review routes, and the filed records of each work round
v2/docs/records/r8int4/hc7/apply_registry.py	581876ae0db963e7a4a057e054fc34417d78d35f	6dce16575775f48898700c126293002fd7a4ddbee7bc18228a364f606b3caa49	27028	EV verification results, reviews and records, with the pages that classify them	execution plan, the owner's reviews and prompts, review routes, and the filed records of each work round
v2/docs/records/r8int4/post_c23_registry.py	bf37b726fd18800d5758a9f63afea89f0304c66c	fb45b9a3d81169ad9741ec130058d135be725778e7d1a4a0591868584fb43621	5177	EV verification results, reviews and records, with the pages that classify them	execution plan, the owner's reviews and prompts, review routes, and the filed records of each work round
v2/docs/records/r8int4/post_c23_registry2.py	3978f919938f898126c7296d900853e64cc31e19	63266ee51d8741cf5e8054b6f6b2486bc6c59577d57ca0ed7e4f72f42bac96a8	2724	EV verification results, reviews and records, with the pages that classify them	execution plan, the owner's reviews and prompts, review routes, and the filed records of each work round
v2/docs/records/r8int4/post_c5_registry.py	b19a7aa7f71f2434b7d39eedd24dc5132e60ddf3	1495de2ec9fd2e2052fc7993e1c940ea65e6470442becf9ec838e7d9d4e9607d	2876	EV verification results, reviews and records, with the pages that classify them	execution plan, the owner's reviews and prompts, review routes, and the filed records of each work round
v2/docs/records/r8int4/post_c5_registry2.py	8532769f5b56f7bd33c97a9a22789a7523710424	3694e7bfbbf6b173b75aacd0812c2a2443dd609cc5bbec408454a84d111278df	2075	EV verification results, reviews and records, with the pages that classify them	execution plan, the owner's reviews and prompts, review routes, and the filed records of each work round
v2/docs/records/r8int4/post_c7_registry.py	76d51903663ff2c15c48f685379d7e4785585366	f893ea52c36e15e92f062404295dd6ee67011f27db291166aa2517e63a37c8a6	7769	EV verification results, reviews and records, with the pages that classify them	execution plan, the owner's reviews and prompts, review routes, and the filed records of each work round
v2/docs/records/r8int4/post_release_evidence.py	facfbbe60a7c00ef3beaf8a14ece9524bdd8edb8	6f94c7155cc6dbb38e82dc964f7317672c4feeec40d3e25eb390e1184f6025f6	2672	EV verification results, reviews and records, with the pages that classify them	execution plan, the owner's reviews and prompts, review routes, and the filed records of each work round
v2/docs/records/r8int4/post_release_registry.py	3c92121891f636edf9501c5234fe571c6b68a2a0	3ddaab0e42cee12b3c5f6a29d35332ad5e846903d996b79a5ad42627cc734dcd	12846	EV verification results, reviews and records, with the pages that classify them	execution plan, the owner's reviews and prompts, review routes, and the filed records of each work round
v2/docs/records/r8int4/reanchor.log	fcf055605a3e6cd16ae67f718984f46f52f79868	29b51f294297da3e390409378be32c1b7353e0f58f8af0a354270b105867591e	1868	EV verification results, reviews and records, with the pages that classify them	execution plan, the owner's reviews and prompts, review routes, and the filed records of each work round
v2/docs/records/r8int4/reanchor_only.py	93cdf26b7e3fee776b02e464394851ecb9c1925e	c358c1e3fdb05da316f409f18fdb48cf2c297e93f4a4274c96451ea2d32b06a7	1305	EV verification results, reviews and records, with the pages that classify them	execution plan, the owner's reviews and prompts, review routes, and the filed records of each work round
v2/docs/records/r8int4/reanchor_preview.py	f8d5fcf0e52e9c0caa384bc8721962f5e5634b1f	a845aa44c7d6b9a94a0d8d711b5a3cee807f074b9f7df7c51ae91de0ff473152	925	EV verification results, reviews and records, with the pages that classify them	execution plan, the owner's reviews and prompts, review routes, and the filed records of each work round
v2/docs/records/r8int4/reanchor_release.py	7d4058458df8ea5a35f61deacc45e70cf652fd60	49e3859d68d3c03d4a7e9b11b1f9e0341101cce9c2113e2c9598588949883d15	4665	EV verification results, reviews and records, with the pages that classify them	execution plan, the owner's reviews and prompts, review routes, and the filed records of each work round
v2/docs/records/r8int4/rebind_current_evidence.py	897fa002a0740fd9918a0a40faa960409b6415bf	3da37cdd14064434bc8a46a53e98e7a7ffe7f3ec7d8b2307f53922c2769d237c	1518	EV verification results, reviews and records, with the pages that classify them	execution plan, the owner's reviews and prompts, review routes, and the filed records of each work round
v2/docs/records/r8int5/edlib.py	3231ea60e01595ea42a8207a8c5d7f40496ec81f	2675e3518a62d4ce6bca3ed1759a408c12d2c1059e34f639642f312d47060b9e	2205	EV verification results, reviews and records, with the pages that classify them	execution plan, the owner's reviews and prompts, review routes, and the filed records of each work round
v2/docs/records/r8int5/file_stream.py	20e75932c3bad26b26f01cc480a9d64efd81746c	7c378336c0770b47adcdd82373f0b5dfcbc9e717e5972f124a37ce1580696c66	1804	EV verification results, reviews and records, with the pages that classify them	execution plan, the owner's reviews and prompts, review routes, and the filed records of each work round
v2/docs/records/r8int5/final-regen/a/parity_bom.json	6382a698ae4d3a8af4eb9aa84addf9acd1d1bb1e	5145580aba2011e2b5f33bb043e39677356bff43fef0c69f62fa928d20950422	68	EV verification results, reviews and records, with the pages that classify them	execution plan, the owner's reviews and prompts, review routes, and the filed records of each work round
v2/docs/records/r8int5/final-regen/a/parity_erc.json	32001e1ba5e669d16d2bc6d73ed7ce7b4191fea5	75c8d22743f41d58885766af21fd940066b6cbb6132b7cd939e3314ec5d8b5c6	359	EV verification results, reviews and records, with the pages that classify them	execution plan, the owner's reviews and prompts, review routes, and the filed records of each work round
v2/docs/records/r8int5/final-regen/a/parity_intent.json	7ceec776d6602ec3f596fcc9e01b86fc0fc4922d	607f2e1b7adb75dc66267217a7334114126f37ea6ca8cab0548736b90c1ba3d4	76	EV verification results, reviews and records, with the pages that classify them	execution plan, the owner's reviews and prompts, review routes, and the filed records of each work round
v2/docs/records/r8int5/final-regen/a/parity_netlist.json	384f05fb1ccd93af2370b11c969dc644438f03d9	1889661518410c4c450d5ab5cce71c079ccf2b312a7612be0fbf7084e572523c	710	EV verification results, reviews and records, with the pages that classify them	execution plan, the owner's reviews and prompts, review routes, and the filed records of each work round
v2/docs/records/r8int5/final-regen/a/parity_schematic.json	326cca2f3b31eb2a42fb618e4e0feede2abf595e	785d0297dafc79b7c6f22f72f9b4f0106e23bd314dce674116c445fcafa4fe70	351	EV verification results, reviews and records, with the pages that classify them	execution plan, the owner's reviews and prompts, review routes, and the filed records of each work round
v2/docs/records/r8int5/final-regen/a/regen-pcb-a-power.net.prov.json	bf7c32ecd29315b541c4801ebf4b4eb31dd8225a	4fc1d645a434fbc16cf55c9a88b1fb29521ba78f8ed7352cf1e50d70f6ab66a2	8641	EV verification results, reviews and records, with the pages that classify them	execution plan, the owner's reviews and prompts, review routes, and the filed records of each work round
v2/docs/records/r8int5/final-regen/a/regen.json	c43e6b3a656914ddc56a2e3cb9926bb7f4e772c4	340e78cc5e11a37f97490b20670fe7634dae4b422f673f2133ca9bf7ddfd1e41	4575	EV verification results, reviews and records, with the pages that classify them	execution plan, the owner's reviews and prompts, review routes, and the filed records of each work round
v2/docs/records/r8int5/final-regen/b/parity_bom.json	8dedd51891f22f36f5b67c38b800cedfd57b45cc	da4625a57a36e599c5d9cff640a216be0efc29eba0bde764cdfa3069a6c3dd0c	68	EV verification results, reviews and records, with the pages that classify them	execution plan, the owner's reviews and prompts, review routes, and the filed records of each work round
v2/docs/records/r8int5/final-regen/b/parity_erc.json	2b5f00bd7dadb7729f6b26dbc9084f91093f750d	58fbc1bb13978469fa5d013f5d380cda77cac95f7866f35fc349937a028496de	485	EV verification results, reviews and records, with the pages that classify them	execution plan, the owner's reviews and prompts, review routes, and the filed records of each work round
v2/docs/records/r8int5/final-regen/b/parity_intent.json	7ceec776d6602ec3f596fcc9e01b86fc0fc4922d	607f2e1b7adb75dc66267217a7334114126f37ea6ca8cab0548736b90c1ba3d4	76	EV verification results, reviews and records, with the pages that classify them	execution plan, the owner's reviews and prompts, review routes, and the filed records of each work round
v2/docs/records/r8int5/final-regen/b/parity_netlist.json	55157abb49f8511f9eb56f5889335336ab79a411	b06f5bc44c71cd89f80682b407eff7737424fdecd4248f3a2597a7ae16657549	717	EV verification results, reviews and records, with the pages that classify them	execution plan, the owner's reviews and prompts, review routes, and the filed records of each work round
v2/docs/records/r8int5/final-regen/b/parity_schematic.json	90d88e1f6bad752c169e0a82a72aef006bba111b	ae0669e008778caeef8abacf82b910c30b6718d65ac96ed67c81e066696088a0	351	EV verification results, reviews and records, with the pages that classify them	execution plan, the owner's reviews and prompts, review routes, and the filed records of each work round
v2/docs/records/r8int5/final-regen/b/regen-pcb-b-compute.net.prov.json	58f2d125e76cb9fc60f6cc8934ed261e5a00d12c	7f81042288ce056c3225c2a28a24f2e085cf2779d23b83e118faf315458cbd84	8643	EV verification results, reviews and records, with the pages that classify them	execution plan, the owner's reviews and prompts, review routes, and the filed records of each work round
v2/docs/records/r8int5/final-regen/b/regen.json	53a7b14f210f91e84c6dd9147e361dc3ff0226a6	250ffbf35ecca9d74c62478d96b4b186af3bc28fe8ecd3ed75b8882f53d82064	5699	EV verification results, reviews and records, with the pages that classify them	execution plan, the owner's reviews and prompts, review routes, and the filed records of each work round
v2/docs/records/r8int5/final-regen/d/parity_bom.json	7cf09cd9640ea31621ad89ff638d1297a6a81b17	38a45a536d61f86d91b1ac10e9c8e865434582cdf930f8240588b3f8457a9509	66	EV verification results, reviews and records, with the pages that classify them	execution plan, the owner's reviews and prompts, review routes, and the filed records of each work round
v2/docs/records/r8int5/final-regen/d/parity_erc.json	bdc7d0fac0736a48fed12cecef0010d35f3f52a0	360922074f67148628c93519ed75a6c9f9690e98a268f08800c9511596d34cd6	353	EV verification results, reviews and records, with the pages that classify them	execution plan, the owner's reviews and prompts, review routes, and the filed records of each work round
v2/docs/records/r8int5/final-regen/d/parity_intent.json	7ceec776d6602ec3f596fcc9e01b86fc0fc4922d	607f2e1b7adb75dc66267217a7334114126f37ea6ca8cab0548736b90c1ba3d4	76	EV verification results, reviews and records, with the pages that classify them	execution plan, the owner's reviews and prompts, review routes, and the filed records of each work round
v2/docs/records/r8int5/final-regen/d/parity_netlist.json	a8406246056fc48e4b002be23c522b7ae5ca4249	aed45b82852f0c562d4b5eb94b401de0c239a19865ea740eb7ad154900adae47	707	EV verification results, reviews and records, with the pages that classify them	execution plan, the owner's reviews and prompts, review routes, and the filed records of each work round
v2/docs/records/r8int5/final-regen/d/parity_schematic.json	6350c24ee6b4fe90ca8c25af3af5231d2fa2d991	af98d012beb62c3341802f374720616c5c84b954b3ae08ed8dfdd133fac5dc32	349	EV verification results, reviews and records, with the pages that classify them	execution plan, the owner's reviews and prompts, review routes, and the filed records of each work round
v2/docs/records/r8int5/final-regen/d/regen-pcb-d-aprs.net.prov.json	f8f1c4917a3b3dc34318b3e99a79c8bec4406e5e	45c3b4b05a8b6305f650d5aeda2618a0e58c0c168cf4b51a676702ec97700e56	8640	EV verification results, reviews and records, with the pages that classify them	execution plan, the owner's reviews and prompts, review routes, and the filed records of each work round
v2/docs/records/r8int5/final-regen/d/regen.json	9a52582f5f7eb68ec0e93bcc2623770022d086b4	755cc0f8c0a65c1152310af58b6a44c2117545b1a61a247055b76858fefebcfe	5115	EV verification results, reviews and records, with the pages that classify them	execution plan, the owner's reviews and prompts, review routes, and the filed records of each work round
v2/docs/records/r8int5/final-regen/e/parity_bom.json	38703d0ad543949bad51a6d0a15a4d9e397d8c35	09a7a85364829556cbc457c9d2050d8ae254742b3826ae1f6cd0e5f6843d8e9d	68	EV verification results, reviews and records, with the pages that classify them	execution plan, the owner's reviews and prompts, review routes, and the filed records of each work round
v2/docs/records/r8int5/final-regen/e/parity_erc.json	5b93654cf7e74e646832280cbf14d2436f81efe1	14039c7eaa246a5d372faaa999955a9803064d52dda9825485f196cb129abaa2	353	EV verification results, reviews and records, with the pages that classify them	execution plan, the owner's reviews and prompts, review routes, and the filed records of each work round
v2/docs/records/r8int5/final-regen/e/parity_intent.json	7ceec776d6602ec3f596fcc9e01b86fc0fc4922d	607f2e1b7adb75dc66267217a7334114126f37ea6ca8cab0548736b90c1ba3d4	76	EV verification results, reviews and records, with the pages that classify them	execution plan, the owner's reviews and prompts, review routes, and the filed records of each work round
v2/docs/records/r8int5/final-regen/e/parity_netlist.json	8d2c6de60f41bb88f638f5a2552cdbee9dcdbcd0	9b2c5ea9ce1bd5de72711cc8637cdb5eb7b36a0565aa418427c0c71298fd0a4e	711	EV verification results, reviews and records, with the pages that classify them	execution plan, the owner's reviews and prompts, review routes, and the filed records of each work round
v2/docs/records/r8int5/final-regen/e/parity_schematic.json	86093cb5cd6d1c9de55b07f5cee6987f8b3d2f9a	ace929ea68219b80b5988bb0d9b42f9a99b6fdda1b7305c112faa594f6a07d7d	349	EV verification results, reviews and records, with the pages that classify them	execution plan, the owner's reviews and prompts, review routes, and the filed records of each work round
v2/docs/records/r8int5/final-regen/e/regen-pcb-e1-dock.net.prov.json	23ff0a76130164fd6558f281ee21a6443969157c	640336eba8ab9e5b4dcf3b351b7b39e9b8e2eaa598f9d68cc272c88809db6130	8587	EV verification results, reviews and records, with the pages that classify them	execution plan, the owner's reviews and prompts, review routes, and the filed records of each work round
v2/docs/records/r8int5/final-regen/e/regen.json	70b720aa9e682b8dac5d22cca3e0675964946651	0cd7489aa0506d604ef555390449805f5348ef7ea2514b38d106d93d590073e0	4791	EV verification results, reviews and records, with the pages that classify them	execution plan, the owner's reviews and prompts, review routes, and the filed records of each work round
v2/docs/records/r8int5/rebind_current_evidence_r8int5.py	320af20d21ec5f98cb36c23044d59f9222c2fa97	4f10727d0c9b6788b4b42eb5adc4aa0a66a740aed9810aa4127e7f4379d9b77b	1095	EV verification results, reviews and records, with the pages that classify them	execution plan, the owner's reviews and prompts, review routes, and the filed records of each work round
v2/docs/records/r8int5/render_group1.py	70dc358133a232836ba32f0e628410c38520df36	bc2126969fb00925c9ce6b52ca29e46f5af35c4216cc0ecb337125fc57103be6	482	EV verification results, reviews and records, with the pages that classify them	execution plan, the owner's reviews and prompts, review routes, and the filed records of each work round
v2/docs/records/r8int5/s47_fix_r8int5.py	b391549bf43c70a43cdb7905b33140df8a0cd33e	daf263c35f5b3f31dcd177ddb08fbb35c39b6b598d28677acfb4cba9f120a422	1471	EV verification results, reviews and records, with the pages that classify them	execution plan, the owner's reviews and prompts, review routes, and the filed records of each work round
v2/docs/records/r8p/box/p1p2.txt	68b79f58ad8fb0e3b4a9c70325e77f97eea8814d	646d9a381f5eb076fa9b6012cdf7864c5f4f224ea2bc6b950b35c334b09f6b4f	2293	EV verification results, reviews and records, with the pages that classify them	execution plan, the owner's reviews and prompts, review routes, and the filed records of each work round
v2/docs/records/r8p/box/par.txt	e7b79724d4a1cd1b88027227a0d539695e2f7827	31644e678a7e539a1783cdba34655d9ae96d85ab80fd7b82f1c634b82d07fbd5	3115	EV verification results, reviews and records, with the pages that classify them	execution plan, the owner's reviews and prompts, review routes, and the filed records of each work round
v2/docs/records/r8p/evidence/asked-Keystone_3568.txt	7c74be10fa8deb7e4fcd005b9b05ee6dac63394e	519f23ee3d8ffe0721c842337b0f41d41e80b77e9868c250fc839a2c5c35f45a	21	EV verification results, reviews and records, with the pages that classify them	execution plan, the owner's reviews and prompts, review routes, and the filed records of each work round
v2/docs/records/r8p/evidence/jlc-Keystone_3568.json	3a15dc7dbb991faf2e4caef9086e6c76d95f12c7	0959de51a5f57256dfd3f3f8ce7083914d5d2bb64fdcec6a3ec1dee56e7cb59e	12422	EV verification results, reviews and records, with the pages that classify them	execution plan, the owner's reviews and prompts, review routes, and the filed records of each work round
v2/docs/records/rel2/apply_registry.py	0c8ad7b86ebb21d5ec3503287f61d06095b00cab	603b5cdbc92bdc911ad09e356d7524ec189e027acbb7852d2ff2b9125a0f44d2	29263	EV verification results, reviews and records, with the pages that classify them	execution plan, the owner's reviews and prompts, review routes, and the filed records of each work round
v2/docs/records/rel2/edit_docs.py	aa7f1153d96789bafaad1fb3399785e72de8b181	043f097b41731c8c2b328d71ba3e427cdfd28e47c2502cecc48e4b12e7669baf	45117	EV verification results, reviews and records, with the pages that classify them	execution plan, the owner's reviews and prompts, review routes, and the filed records of each work round
v2/docs/records/rel2/edit_handover.py	e6c3b04ceb0e6bffa1c8c51e1d816102e2fdd4c2	80b94784aedd915c0cc160fbb111b912787368077dcd657c306b974299774ed1	12398	EV verification results, reviews and records, with the pages that classify them	execution plan, the owner's reviews and prompts, review routes, and the filed records of each work round
v2/docs/records/rel2/file_records.py	c0d6b0f5e5ee43cd92ca904ee0a135d52b7b764b	0e0bb35b14130472a2f8da4789e8e30b1e74cfe875c834a974cb1e334a3191be	5075	EV verification results, reviews and records, with the pages that classify them	execution plan, the owner's reviews and prompts, review routes, and the filed records of each work round
v2/docs/records/rel2/post_docs_registry.py	4282355f87d6130a4640fedc68c4cdcf89e78ca7	4a353cad52ca0626d2b1a332903db52040d3b61e9b1dd18022dbc2edff0b651a	10853	EV verification results, reviews and records, with the pages that classify them	execution plan, the owner's reviews and prompts, review routes, and the filed records of each work round
v2/docs/records/rel2/rebind_current_evidence.py	b9331274aa1029df3357f1afd1ec4841855515e0	228d5271b4302b8029661b0fdb08a901f17f3ee63b6d89b6ad5e42ffd7893a6f	3202	EV verification results, reviews and records, with the pages that classify them	execution plan, the owner's reviews and prompts, review routes, and the filed records of each work round
v2/docs/records/rel2/tool_compat.out	f3944fd0a5d66bec6e51ab78cae9830653de37a7	6542385d47ca74727d7a984f9c96d894a622c3c0516995ac171e26d8e43800fd	615	EV verification results, reviews and records, with the pages that classify them	execution plan, the owner's reviews and prompts, review routes, and the filed records of each work round
v2/docs/records/rel2/tool_compat.py	f47589380e18f18106ab1473fb6bc1e3aa8474e3	b9b8393c9a3c700b0790cdf2b14deea5c6f1810336ff4fe714f930977da6e94f	4975	EV verification results, reviews and records, with the pages that classify them	execution plan, the owner's reviews and prompts, review routes, and the filed records of each work round
v2/docs/records/rel2f/apply_compat.py	a6e897b8b9bd25c614c94f1694d1b76d4be64c68	213fb3f787fe87149023e8bce92b93c022f20a71d873df388f3d5494819d0a5b	5465	EV verification results, reviews and records, with the pages that classify them	execution plan, the owner's reviews and prompts, review routes, and the filed records of each work round
v2/docs/records/rel2f/apply_registry.py	1d76557831f849834b65efd685dbc2345de2df55	4e38fa32b695fd669a718508e5290acbcac691c2a0d39abab0c84261069daea9	8221	EV verification results, reviews and records, with the pages that classify them	execution plan, the owner's reviews and prompts, review routes, and the filed records of each work round
v2/docs/records/rel2f/check_rebase.py	17a7b720f40a58cfee33f721a3a3421f1c437cf7	fe4c0b4c46e7f9ca2b63c751f2662db4b6c77c55adf77d591574c0a817b4f5e4	2051	EV verification results, reviews and records, with the pages that classify them	execution plan, the owner's reviews and prompts, review routes, and the filed records of each work round
v2/docs/records/rel2f/edit_docs.py	40684fc6c236d886e3136a7b2b861306c40d65e8	fa0ebae1f867858c5b410aadd09b7784bfbaef0a982718a1adb77216bfe4eccf	27490	EV verification results, reviews and records, with the pages that classify them	execution plan, the owner's reviews and prompts, review routes, and the filed records of each work round
v2/docs/records/rel2f/file_records.py	2c1062295e5b8e2cb8395a43f76b99b6ae06a8d0	9f4ba848599f0db2cb8a9b6ec0a6a6faec856e897f0e0a619323c505e6a33f83	5428	EV verification results, reviews and records, with the pages that classify them	execution plan, the owner's reviews and prompts, review routes, and the filed records of each work round
v2/docs/records/rel2f/ids.json	f2f116d031048d2f01179853232a42aa4483c5c1	cacf7eb73e5c0ea3e265ee215caba2071158933774b4e8c69a2688ae6cb9f364	88	EV verification results, reviews and records, with the pages that classify them	execution plan, the owner's reviews and prompts, review routes, and the filed records of each work round
v2/docs/records/rel2f/post_docs_registry.py	ef453f868ab87239dfd4c5ac364568a6e3852954	4fd5019002bd837cea5ae88d7a9633362128b6f8e179576c916db058d63d37c1	3094	EV verification results, reviews and records, with the pages that classify them	execution plan, the owner's reviews and prompts, review routes, and the filed records of each work round
v2/docs/records/rel2f/rebind_current_evidence.py	2c88d65b3b148e1eccc0d48eed19a6d4a3505630	0a3bf702c7d10c6c6e4042174bc2cc62d59bdc66a59c9009f43d0f575712be59	2852	EV verification results, reviews and records, with the pages that classify them	execution plan, the owner's reviews and prompts, review routes, and the filed records of each work round
v2/docs/records/rel2f/resolve_rebase.py	d4f974705a0ce3bd2b8595007d8673d69708c3f5	6f5e87dd5a80e217de687ea545d7f351ab4cf75af75c44126bd453faf60d70d3	8299	EV verification results, reviews and records, with the pages that classify them	execution plan, the owner's reviews and prompts, review routes, and the filed records of each work round
v2/docs/records/rel2f/tool_compat_edge_length.out	b1a1d255b967ebff2e8822ad9138c8797a0f64d0	5e772580d7347355b05e6f00eace9545c1efd7d7270a62e5c02c49972f756146	309	EV verification results, reviews and records, with the pages that classify them	execution plan, the owner's reviews and prompts, review routes, and the filed records of each work round
v2/docs/records/rv-bat/bat-integration-notes.md	80a45f2776c2e2da15c0f3ecaac0744a1092ca0e	af4516bccc528c3e309a9237fa060357ac26961de499458f0b19a6f9f640bc5b	12303	EV verification results, reviews and records, with the pages that classify them	execution plan, the owner's reviews and prompts, review routes, and the filed records of each work round
v2/docs/records/rv-bat/box/bat-cycle1/new/files/pcb-p-pack.net	35696e39b0e838dcd05bcebde64635beaddc786a	4df605c1c9a9d2dbf17b4758cb1fe65205800668a19e30fb6f70b0daa1c4bfc4	91969	EV verification results, reviews and records, with the pages that classify them	execution plan, the owner's reviews and prompts, review routes, and the filed records of each work round
v2/docs/records/rv-bat/box/bat-cycle1/new/files/pcb-p-pack.net.prov.json	f16274ac4cd98708fe744143779d9fa3f66525bb	e6fe22a3cc3df7d6d08c2a0de930d6de4a4eca1bc5e876bccf967717b3f95638	8498	EV verification results, reviews and records, with the pages that classify them	execution plan, the owner's reviews and prompts, review routes, and the filed records of each work round
v2/docs/records/rv-bat/box/bat-cycle1/run.log	87af20660fe33324ca71247f504fa4d7d7a7cc32	9bffc3191029b7f528e42f8e9302f3d2b1ba00ad34a2ccfe0efafde5702d99e7	3548	EV verification results, reviews and records, with the pages that classify them	execution plan, the owner's reviews and prompts, review routes, and the filed records of each work round
v2/docs/records/rv-bat/box/bat/suite-worktree-cycle3.log	7c1d2e0b24481082b96ee165f5f002444d1b121b	239a5d3e3d1fd06459627ce8bd081aecd534629520b50a16a9da1cca29cf7fec	153630	EV verification results, reviews and records, with the pages that classify them	execution plan, the owner's reviews and prompts, review routes, and the filed records of each work round
v2/docs/records/rv-bat/box/bat/suite-worktree.log	7da04d1617b69d0a37ee0e88df7d8ad8d8129cf7	b10fecd057ba0aff6bc53aad1a7e4d5cea3aee4c071177e08ddaf256aafc2629	153623	EV verification results, reviews and records, with the pages that classify them	execution plan, the owner's reviews and prompts, review routes, and the filed records of each work round
v2/docs/records/rv-bat/datasheets/SOURCES.txt	7754b28c31ed96e0ecaa2e61e99e3bece4fb6c55	fa0399eb8bfcf2a9c9d0fb1a3bf9306836f6b6cd8194742a7fd5099d35d2e576	9648	EV verification results, reviews and records, with the pages that classify them	execution plan, the owner's reviews and prompts, review routes, and the filed records of each work round
v2/docs/records/rv-bat/vendor-files.txt	6f771a96291f77a2a07123607e7d17b755806199	f3c546e124cc2b27f89dba24d7283e7329508a258642f3bcbceebcb4b33aac36	4272	EV verification results, reviews and records, with the pages that classify them	execution plan, the owner's reviews and prompts, review routes, and the filed records of each work round
v2/docs/records/rv-dec/PCB-OPEN-PAIRS.decision-42.isolated.diff	6787f174abd86531ea48eac200b8c6c341624d16	1fc433e865bff5de41aa43fd8c0776821f58cb3e2f2698bf204b0a3ecd3b91fb	3703	EV verification results, reviews and records, with the pages that classify them	execution plan, the owner's reviews and prompts, review routes, and the filed records of each work round
v2/docs/records/rv-dec/datasheets/SOURCES.txt	fa3fe7397e5a049da3b4a179217dd44ebf8c243f	05deb9062aaf96f8092e1664cc4b9c84faa3db89543caf3eac0d1a3094144af7	1616	EV verification results, reviews and records, with the pages that classify them	execution plan, the owner's reviews and prompts, review routes, and the filed records of each work round
v2/docs/records/rv-dec/dec-request-diodes-pi7c9x2g404sl.md	ba6d1b2e1d284f75de18fb1ff0996c3950a1fc62	3429e1ebdaec77d45c08c8ee82edf6884f4b46514723b8f8790bc1ea3472bf2c	1974	EV verification results, reviews and records, with the pages that classify them	execution plan, the owner's reviews and prompts, review routes, and the filed records of each work round
v2/docs/records/rv-dec/dec_escset.out	b4867f08a167b42102dbc27833480cecf555caeb	1b6b5f7adda5e92d900d2100dbb5856b7d04c662fb97fbc2a0c13fa32aa1dad8	25200	EV verification results, reviews and records, with the pages that classify them	execution plan, the owner's reviews and prompts, review routes, and the filed records of each work round
v2/docs/records/rv-dec/dec_escset.py	257e14cb308d532964cd4976e41a8fdcb1e5693a	14aa6aab298f8711873dbab4f3521cba2214bac886beb5c8a88503009f9412e1	3847	EV verification results, reviews and records, with the pages that classify them	execution plan, the owner's reviews and prompts, review routes, and the filed records of each work round
v2/docs/records/rv-dec/dec_escvias.out	fd9b0f6211142e195670027a30b64a41929a9934	18eb109b0761515e8f5fe5431ffb18c2c20c4ee3638eda014c4d35813b98330c	584	EV verification results, reviews and records, with the pages that classify them	execution plan, the owner's reviews and prompts, review routes, and the filed records of each work round
v2/docs/records/rv-dec/dec_escvias.py	4c2c1da10d508696fca2a161c8f45e3f440f503b	2a9c5f76e50565715d68490fe0310d457203d7929d534d004fdf1b0326f2652d	2168	EV verification results, reviews and records, with the pages that classify them	execution plan, the owner's reviews and prompts, review routes, and the filed records of each work round
v2/docs/records/rv-dec/dec_fanwin.py	7a4b7576e3609d47e98fc6cca22a7f08df54ff20	0db8b66f971b33c9220fe7112aa710ee9558492de3d9f323195a066f4d411167	3910	EV verification results, reviews and records, with the pages that classify them	execution plan, the owner's reviews and prompts, review routes, and the filed records of each work round
v2/docs/records/rv-dec/dec_farside.before-17h15.out	b3fcc0243c4f7fd34086ae71189ac8af197fcdb6	58bdc3b166bad755de3ee5382d23ba2e2cf8900a853fd6d14a33f1ff3bc96d45	9619	EV verification results, reviews and records, with the pages that classify them	execution plan, the owner's reviews and prompts, review routes, and the filed records of each work round
v2/docs/records/rv-dec/dec_farside.out	9ea635d948748930da80bb13023924d33634dbc9	3173557d0cf6f590f365227d1a631edbaae9bd84cfc213517e8bd23b2cec45dd	9825	EV verification results, reviews and records, with the pages that classify them	execution plan, the owner's reviews and prompts, review routes, and the filed records of each work round
v2/docs/records/rv-dec/dec_farside.py	0ab7b26dcedf1ee976868da78fedaced2e065848	22d3ab7f5e12776341084e4e346b336ff7cb856755f1405bd3ad1dc8d545a14c	5114	EV verification results, reviews and records, with the pages that classify them	execution plan, the owner's reviews and prompts, review routes, and the filed records of each work round
v2/docs/records/rv-dec/dec_finesets.before-17h15.out	425a471b2efb84743155a15b8418efbc8de30449	1f671a942967e4abd0aca55c71e3b413a08c58391a82ca5215f5c2d9a34c2a2c	291	EV verification results, reviews and records, with the pages that classify them	execution plan, the owner's reviews and prompts, review routes, and the filed records of each work round
v2/docs/records/rv-dec/dec_finesets.out	d462b44d59d5cd5e4c6480d4975438879947c32d	3a4db397e9047965ae24e799ad3b45588ac74a5738b7eb30818b840bc04c5093	292	EV verification results, reviews and records, with the pages that classify them	execution plan, the owner's reviews and prompts, review routes, and the filed records of each work round
v2/docs/records/rv-dec/dec_finesets.py	4b771ade331af16a4c0e5a6fde353dedcda434fb	96069898ef19c835ef14a60c7b2b4bc4bae9c665f6ff45daffdc4a3b4b281ff4	1377	EV verification results, reviews and records, with the pages that classify them	execution plan, the owner's reviews and prompts, review routes, and the filed records of each work round
v2/docs/records/rv-dec/dec_geom_pcb-a-power-a23.json	8554966955ff217abb13d465e44688db985a2237	e9dbb38eaab141f271bea175966539cd5659d13f1672e14cdfe09f8fb3e78f9b	18862	EV verification results, reviews and records, with the pages that classify them	execution plan, the owner's reviews and prompts, review routes, and the filed records of each work round
v2/docs/records/rv-dec/dec_geom_pcb-a-power-a23.txt	194d3b9fbee5754aa09cdd806ad2e17e87030116	bdda040348795966c26060405f614438d2c1d8f1423d8da07fa70792fbbf8c53	7111	EV verification results, reviews and records, with the pages that classify them	execution plan, the owner's reviews and prompts, review routes, and the filed records of each work round
v2/docs/records/rv-dec/dec_geom_pcb-b-compute-b19.json	2343d0d410ec48f5db04c301f5f10af8f2bca516	126e7667ff3dfe26e087c888d97e732645c4593f278aa06f64109a9cdb040c5e	17583	EV verification results, reviews and records, with the pages that classify them	execution plan, the owner's reviews and prompts, review routes, and the filed records of each work round
v2/docs/records/rv-dec/dec_geom_pcb-b-compute-b19.txt	61846043441fc44742cf736909f72ebd6eb3e0a4	0e54ea8e684e857bd04d1a5ac82cd85c1cc2a5ed3a49b740007c7757030c4028	6711	EV verification results, reviews and records, with the pages that classify them	execution plan, the owner's reviews and prompts, review routes, and the filed records of each work round
v2/docs/records/rv-dec/dec_geom_pcb-c-display-c8.json	ebcfa14b1a4b553352eafccaca018c56c703c15e	90e52bf8c6e969afa8ff20dba649936fcd1936e6cba7176b850c423a967b885f	10553	EV verification results, reviews and records, with the pages that classify them	execution plan, the owner's reviews and prompts, review routes, and the filed records of each work round
v2/docs/records/rv-dec/dec_geom_pcb-c-display-c8.txt	af39c8cc4ff51eb050364ed4762843e69635acf1	37699f7ad0c6703fada5a57395f3362578ab36db33a9174ee70ace5ad9950e50	4065	EV verification results, reviews and records, with the pages that classify them	execution plan, the owner's reviews and prompts, review routes, and the filed records of each work round
v2/docs/records/rv-dec/dec_geom_pcb-d-aprs-d9.json	bed35d7e085493c89faa992d6d4e674bc8a293ec	fb39a416968ae18a38a59faab04831f32c7dc05e8a05f9d319976038a5964897	13856	EV verification results, reviews and records, with the pages that classify them	execution plan, the owner's reviews and prompts, review routes, and the filed records of each work round
v2/docs/records/rv-dec/dec_geom_pcb-d-aprs-d9.txt	c09b23baea3890c992951f68b9e4c60760fdc5a8	c2b93acd520861403bbb7a0fbd6f134889d8f55df0d931e15f5d0e43ef3d3c6a	5444	EV verification results, reviews and records, with the pages that classify them	execution plan, the owner's reviews and prompts, review routes, and the filed records of each work round
v2/docs/records/rv-dec/dec_geom_pcb-e1-dock-e7.json	e0fef35c551e77a1eb93e41dab3820f5ba34b3f1	d94ee632c3204fc251d4514323d76e3ba108fe2580afe5b74f414a4c772e871f	10729	EV verification results, reviews and records, with the pages that classify them	execution plan, the owner's reviews and prompts, review routes, and the filed records of each work round
v2/docs/records/rv-dec/dec_geom_pcb-e1-dock-e7.txt	948b36a99d8951236d9eccf811dd21beb895b468	f04d47c2f6181b0e8dd9334d4b6118fcf21c9a5788f79bd14921b6dc9a6b909f	4133	EV verification results, reviews and records, with the pages that classify them	execution plan, the owner's reviews and prompts, review routes, and the filed records of each work round
v2/docs/records/rv-dec/dec_geom_pcb-p-pack-p2.json	f96408558c15d262a44b65c079efdcc4af3cf0ba	b6263d87a0aab0006fbca673192343e65c8f8516ca3cf5b1a93cd04dd3cf9a50	1848	EV verification results, reviews and records, with the pages that classify them	execution plan, the owner's reviews and prompts, review routes, and the filed records of each work round
v2/docs/records/rv-dec/dec_geom_pcb-p-pack-p2.txt	0838a74a05e4b4b4e51823c2da9f35f137566d28	d2754f45088e73c16f967810bac1904324ae221b57f3986e940e4af6627d1505	708	EV verification results, reviews and records, with the pages that classify them	execution plan, the owner's reviews and prompts, review routes, and the filed records of each work round
v2/docs/records/rv-dec/dec_geom_table.md	4f250c1ad06fdd137ae3c993bbc427dfd062d9f4	a485552f8f4162e57141596afaecfa52a9f9a95121c2f916d73f6f7cf2f14314	4281	EV verification results, reviews and records, with the pages that classify them	execution plan, the owner's reviews and prompts, review routes, and the filed records of each work round
v2/docs/records/rv-dec/dec_geometry.py	656d828d404de3297abed146bd8cf764691ae4a7	fc926ba59d982b6f109c99b5a72d6a8ea130ca1d6cdb8dd1c54d28e40671ee30	11642	EV verification results, reviews and records, with the pages that classify them	execution plan, the owner's reviews and prompts, review routes, and the filed records of each work round
v2/docs/records/rv-dec/dec_loop.out	5198c581a8e83ebf4e6ab92e1f4ad476badf27c2	85dc41584ef9aaab3e5d1db5c3d5e26830cd60432709d01c8f78cb3a2b9c5f67	5158	EV verification results, reviews and records, with the pages that classify them	execution plan, the owner's reviews and prompts, review routes, and the filed records of each work round
v2/docs/records/rv-dec/dec_loop.py	3e70a9c3b60a45ce247eeb1107c81f5926b976dd	eed91e6beb8b1fdb8de067667c434f799f20117c61c48ac08ef9633bf202c051	6319	EV verification results, reviews and records, with the pages that classify them	execution plan, the owner's reviews and prompts, review routes, and the filed records of each work round
v2/docs/records/rv-dec/dec_mmscan.err	3bb08b3ea17449331d2dbb6bf91a5a21bc9b1785	e1f317bb966d63ee6869e9c744c6208a1807842953ff49082165d073b25f07ab	27	EV verification results, reviews and records, with the pages that classify them	execution plan, the owner's reviews and prompts, review routes, and the filed records of each work round
v2/docs/records/rv-dec/dec_mmscan.out	bc11ea394b753c083cad55ef5dc9893ab235e7db	0ce71790d660874aee17670ae03be9f86f36e8c90733fd9bfd560863981b01a0	1628	EV verification results, reviews and records, with the pages that classify them	execution plan, the owner's reviews and prompts, review routes, and the filed records of each work round
v2/docs/records/rv-dec/dec_mmscan.py	1c04e021eef1382e4cd95d6d836fba1c4e8f2151	4cba5432e38b426fac5bb4de458fb59079232a3a894d24ee4be1a0bae5d209bf	1601	EV verification results, reviews and records, with the pages that classify them	execution plan, the owner's reviews and prompts, review routes, and the filed records of each work round
v2/docs/records/rv-dec/dec_newfans.out	d5b0e8cfb62466576691a52f721ccc0cde972478	2c6e0e762020c71bdb62d872c1c93b1abda7515adac0d5b4b68910dfb294c4c3	1467	EV verification results, reviews and records, with the pages that classify them	execution plan, the owner's reviews and prompts, review routes, and the filed records of each work round
v2/docs/records/rv-dec/dec_newfans.py	0b69f44be58b767e9a47c546294d99c20d0b6f1e	b7b8cf6284e7f17307322b74a5978f82434ce7e7accdacdb78b19edfe7621cde	2077	EV verification results, reviews and records, with the pages that classify them	execution plan, the owner's reviews and prompts, review routes, and the filed records of each work round
v2/docs/records/rv-dec/dec_planes.out	bda13afad1e0f3a79f705992eec9fdd00bf348fd	11f7337a77ac81e091dde17e8121bf07196cfa8b5707620b1e036045bb6d10ca	4806	EV verification results, reviews and records, with the pages that classify them	execution plan, the owner's reviews and prompts, review routes, and the filed records of each work round
v2/docs/records/rv-dec/dec_planes.py	0b86d216dd775a1f87ea662014385fb284a048b7	a6d0256b4ad8c8d2dece39f3dce98fd5354ea87db61b2dc40e815bcba1224479	1561	EV verification results, reviews and records, with the pages that classify them	execution plan, the owner's reviews and prompts, review routes, and the filed records of each work round
v2/docs/records/rv-dec/dec_sides.out	be1691fcd881d7ef6a2c9a5059972aa4a725fbd2	9fd3a9dc45c09e1a52cbcceb71f3bdd28bdd4fcbdd2321e2f6c5c509ccf33d60	40378	EV verification results, reviews and records, with the pages that classify them	execution plan, the owner's reviews and prompts, review routes, and the filed records of each work round
v2/docs/records/rv-dec/dec_sides.py	b5b5a5e810997f97ce4e6b1666a68fde116d02b8	3730e4328f4d10411cdde4b3796cc3c3a470a568e6da519e6864e6c56c3fb15b	1991	EV verification results, reviews and records, with the pages that classify them	execution plan, the owner's reviews and prompts, review routes, and the filed records of each work round
v2/docs/records/rv-dec/dec_sides_decl.out	ef7a48a249cf729902b7ce3bacaa96d549722fce	ab69cedf2f86fe58e10e17d0a5bdcd1a198f27030b8e2e5eacb00056a609da83	16961	EV verification results, reviews and records, with the pages that classify them	execution plan, the owner's reviews and prompts, review routes, and the filed records of each work round
v2/docs/records/rv-dec/dec_sides_decl.py	436fb91bfebce66083108ac0459a443aa58ea13e	a788a9365159eb57531b7d8126eda712b528eb1a6c46cedc750badf63ea47076	1583	EV verification results, reviews and records, with the pages that classify them	execution plan, the owner's reviews and prompts, review routes, and the filed records of each work round
v2/docs/records/rv-emc/datasheets/SHA256SUMS	c4857590ff3c3745d286306f7a665ddb253e915e	c911282e3cccf6b594cac97e03449d169fa0259680fb91b00f13a335fcb52961	1793	EV verification results, reviews and records, with the pages that classify them	execution plan, the owner's reviews and prompts, review routes, and the filed records of each work round
v2/docs/records/rv-emc/datasheets/SOURCES.txt	faa7085652f3c4bec28a4a5a635edc2ef495a4ba	e31f8043723f3e74c1662aaaee2286e4e80c10268c075c7c1bc530708869466e	4619	EV verification results, reviews and records, with the pages that classify them	execution plan, the owner's reviews and prompts, review routes, and the filed records of each work round
v2/docs/records/rv-emc/netlists/A-r6cand-pcb-a-power.net	62376209f9896103d83d456e4cd7bd52e36afeff	e7c50a4f212a510a7df37693bd600af64539b2f3077ef7cb8e96bb150beb96c5	592776	EV verification results, reviews and records, with the pages that classify them	execution plan, the owner's reviews and prompts, review routes, and the filed records of each work round
v2/docs/records/rv-emc/netlists/A-r6cand-pcb-a-power.net.prov.json	3f89e2b99faaf75192adeacad8fd2dd53f2549f6	aadf6aea8234396188573205233cc052d0638a5301ac34bf7dd8651b226efc84	8499	EV verification results, reviews and records, with the pages that classify them	execution plan, the owner's reviews and prompts, review routes, and the filed records of each work round
v2/docs/records/rv-emc/netlists/B-r6cand-pcb-b-compute.net.prov.json	43fd6d2fa73c7ba9b80913fc5afd0d3b0e02277d	4c1d9b2665324943f35830cb6161e0694c8178c98abcfba25e406d4472e2cd55	8501	EV verification results, reviews and records, with the pages that classify them	execution plan, the owner's reviews and prompts, review routes, and the filed records of each work round
v2/docs/records/rv-emc/netlists/D-r6cand-pcb-d-aprs.net	7f0602fd18fcaf2f9d1a389441b107494c278622	9aae5bf93a104abcbf14568657b79d11704cb243971415fd0bc0ac6911263a94	247232	EV verification results, reviews and records, with the pages that classify them	execution plan, the owner's reviews and prompts, review routes, and the filed records of each work round
v2/docs/records/rv-emc/netlists/D-r6cand-pcb-d-aprs.net.prov.json	10eb23a5fdb3153233a0f44179e6074580f5f04e	71f4a2068f25c87a890070c617e67a724b59e800aabd77bab4e7dcde081e457f	8498	EV verification results, reviews and records, with the pages that classify them	execution plan, the owner's reviews and prompts, review routes, and the filed records of each work round
v2/docs/records/rv-emc/netlists/SHA256SUMS	7a7d981b60929e060b2935b74027733e7bac05c2	40d7131f3e0e932b9747c5f7c12fec93577acec1c9c16e603865697a1312fc3c	798	EV verification results, reviews and records, with the pages that classify them	execution plan, the owner's reviews and prompts, review routes, and the filed records of each work round
v2/docs/records/rv-emc/readings/A-nets.txt	d970e4ede090f4408dccfff9f61a26583a670f97	0ca1600212a5bd2158048189dcacd05d2fb50385eefd3f084ef1670f9cbeeb5b	4132	EV verification results, reviews and records, with the pages that classify them	execution plan, the owner's reviews and prompts, review routes, and the filed records of each work round
v2/docs/records/rv-emc/readings/B-e22-e72.txt	cd09745d565f03c0e223dfc8920c0179a8e756b0	4fdb45beef9332f93fe02634e4278d0cf6c3694f1526af491b47f6bfca9350c3	5864	EV verification results, reviews and records, with the pages that classify them	execution plan, the owner's reviews and prompts, review routes, and the filed records of each work round
v2/docs/records/rv-emc/readings/B-m2c2-sdemc1.txt	80b25413378f0cc92293d8b10f98d58a226fa939	72fdc8b2a92561cdaf70869cf9ce42791b4caa408150c09e695f95a591a744d0	11583	EV verification results, reviews and records, with the pages that classify them	execution plan, the owner's reviews and prompts, review routes, and the filed records of each work round
v2/docs/records/rv-emc/readings/B-nets-1.txt	043a6d1e986a844d11699fec95dd60d354c0fd1f	8fe20f994c243e92c64af02e923a92fb326b9bcb63da6a32077056155f7d38d7	7718	EV verification results, reviews and records, with the pages that classify them	execution plan, the owner's reviews and prompts, review routes, and the filed records of each work round
v2/docs/records/rv-emc/readings/B-nets-cm5.txt	4ad0de90e051035bde11056aaacef4070dc3f7bf	1858194cca83a4ad4c8c80ff81b36b8486949a200475e9e32e361c95bb200f00	3892	EV verification results, reviews and records, with the pages that classify them	execution plan, the owner's reviews and prompts, review routes, and the filed records of each work round
v2/docs/records/rv-emc/readings/B-nets-m2-io.txt	cac19863239af7bfa2416bd6749bc91431fa2e4c	33e7527b2e34026b660e11269e6e7bb8e90be8711ad646390d90ad9f42bc6da3	9480	EV verification results, reviews and records, with the pages that classify them	execution plan, the owner's reviews and prompts, review routes, and the filed records of each work round
v2/docs/records/rv-emc/readings/B-nets-m2.txt	c82edeec387465992ee0b5578d04630cad05b0e2	1f46803581ebe2abfd160c77ed2c3a7e66f01eb4f4ed52309883cd78c154870a	4154	EV verification results, reviews and records, with the pages that classify them	execution plan, the owner's reviews and prompts, review routes, and the filed records of each work round
v2/docs/records/rv-emc/readings/B-rb-lime.txt	76cb14808e54bc1d4428c180aac661298a1acff6	b8b6f5a78c9d437bb747a5400de409411447e876dbb9f06d518a4f3f51f58e20	2062	EV verification results, reviews and records, with the pages that classify them	execution plan, the owner's reviews and prompts, review routes, and the filed records of each work round
v2/docs/records/rv-emc/readings/B-refs-gates.txt	73b604816436c95a75d676c2bfcef4fa45f9458a	610dc419377e7d95f6b524fd4fbe4dc77c99cea15c137ae39eaefdee3bcbbb5d	2430	EV verification results, reviews and records, with the pages that classify them	execution plan, the owner's reviews and prompts, review routes, and the filed records of each work round
v2/docs/records/rv-emc/readings/B-refs-m2.txt	57ac61eb662013780818ca67b23253cb09102d6f	6d646b7465fa33b8f5b88042074cb2e9db6150e297ccd6202fde3909b4ee7f19	1676	EV verification results, reviews and records, with the pages that classify them	execution plan, the owner's reviews and prompts, review routes, and the filed records of each work round
v2/docs/records/rv-emc/readings/B-refs-pulls.txt	37c62a9a8cd346ed95338e2e16e36b8683d675aa	6bbcec8721bb8d82fd3a1cb4f020797725b8bec96de78c775bb3d8504dce5bfb	1602	EV verification results, reviews and records, with the pages that classify them	execution plan, the owner's reviews and prompts, review routes, and the filed records of each work round
v2/docs/records/rv-emc/readings/B-refs-sockets.txt	2a7070f51cc24d7b80d208eb8b0e33933d6bd8a9	60a04732a7204aae72dd50c0790037e704d81a20f910edee4600167d3d27343e	2312	EV verification results, reviews and records, with the pages that classify them	execution plan, the owner's reviews and prompts, review routes, and the filed records of each work round
v2/docs/records/rv-emc/readings/C-lamp-nets.txt	4981b96400dc198a3ab8a4c11efe5290a66ddb7c	dd860919f792dbce068ef86bf2dca524588b6ff2401c423c82198f5dc1c5e549	1766	EV verification results, reviews and records, with the pages that classify them	execution plan, the owner's reviews and prompts, review routes, and the filed records of each work round
v2/docs/records/rv-emc/readings/C-nets.txt	12091ee9e7e78ca3769e0b5e810536255ab2cbcb	a1fc241f310dd40a98323f3f42e0cf6df51ed98ace7838f0ea3cd4748900741a	1634	EV verification results, reviews and records, with the pages that classify them	execution plan, the owner's reviews and prompts, review routes, and the filed records of each work round
v2/docs/records/rv-emc/readings/D-nets.txt	16398f7d03b229b661ed7ca8c010fd150b8fa343	3bc4ebd855e014e8a665d3d9e5b5fe3595a68aeb360e4a53314bb7cfe3e990b7	4712	EV verification results, reviews and records, with the pages that classify them	execution plan, the owner's reviews and prompts, review routes, and the filed records of each work round
v2/docs/records/rv-emc/readings/D-refs.txt	860a8c1c4c135768fc0946dfbba3104af6d48a8a	da92ccc287b733e2098ce16afc4bf9650715e29daa02259169fa2c1ef5192b92	2351	EV verification results, reviews and records, with the pages that classify them	execution plan, the owner's reviews and prompts, review routes, and the filed records of each work round
v2/docs/records/rv-emc/readings/candidates-vs-main-458b2873.txt	154a49b63ee5bf33ef8161e24a8c85fb0826d2d8	6848d919a39d7602a73edcbc0b2c75a2cae095127ba1ca9e0b01f2d00151f5bf	2024	EV verification results, reviews and records, with the pages that classify them	execution plan, the owner's reviews and prompts, review routes, and the filed records of each work round
v2/docs/records/rv-emc/readings/candidates-vs-r6int-1629.txt	c3e54b352bd9a51089a24f6552c398fd0b4b2c9d	fd7b8ee080a431bb24e033fe655bc3e62cd9e7c3832834e97928cf4e8b4d8588	1758	EV verification results, reviews and records, with the pages that classify them	execution plan, the owner's reviews and prompts, review routes, and the filed records of each work round
v2/docs/records/rv-emc/readings/claims_check_on_EMCON.judged.txt	08004cbd92480b61aec6cadb5cee24afe9d0edd7	10d08aea859fc2c6a88ebeb9070e27ef5fde2fcc0078496a3bd6aeaef8105181	505	EV verification results, reviews and records, with the pages that classify them	execution plan, the owner's reviews and prompts, review routes, and the filed records of each work round
v2/docs/records/rv-emc/readings/claims_check_on_EMCON.verdict.json	5a204caa29e4e5d76d9ac82beb6a7782158a0823	3e4fe0049c342ed2e059d27a677726ab3cb5e5cf05c8b4895462779cc7f91397	794	EV verification results, reviews and records, with the pages that classify them	execution plan, the owner's reviews and prompts, review routes, and the filed records of each work round
v2/docs/records/rv-emc/readings/main-01469100-drift.txt	9e8183a2ceaa1b4de3c432f29c6f4d8847bf2380	7d0875902eb8e72440cf83c871b9fcfaad93b77b2b55cb62190f64ac497aa18a	1974	EV verification results, reviews and records, with the pages that classify them	execution plan, the owner's reviews and prompts, review routes, and the filed records of each work round
v2/docs/records/rv-emc/readings/main-b69f20db-drift.txt	431026bca43ec695abd24683870c43daae9d8722	53f19df4b06db4448cde975ade6ccb559be528a4face306bb793fbfbd743e7fa	1574	EV verification results, reviews and records, with the pages that classify them	execution plan, the owner's reviews and prompts, review routes, and the filed records of each work round
v2/docs/records/rv-emc/readings/main-ccf5808e-drift.txt	3debcdd70982395dd4a2652c6b01e923e5d63ff5	dc5c72304e5a891a2b1db6b85187266a87922fdf0b7a29d01a31da5c6a2b169b	3106	EV verification results, reviews and records, with the pages that classify them	execution plan, the owner's reviews and prompts, review routes, and the filed records of each work round
v2/docs/records/rv-emc/readings/tx-inhibit-conductor.txt	31418a588b4b797c558b2ffccf3895613395b4bc	b950ee353e29ff62969480921b749b4c51aa01e49893b936e68468af1134fcf6	8800	EV verification results, reviews and records, with the pages that classify them	execution plan, the owner's reviews and prompts, review routes, and the filed records of each work round
v2/docs/records/rv-emc/readings/tx_inhibit_r4t-0795c5de_on_main_by_r6d.txt	b265f2072aec7aae11245fe66b8882f021e67a74	b323525d4e7abece07673643341d633e1363c092705f2fdaebf6fdb4af53bbd7	11044	EV verification results, reviews and records, with the pages that classify them	execution plan, the owner's reviews and prompts, review routes, and the filed records of each work round
v2/docs/records/rv-emc/readings/tx_inhibit_r4t-5aece264_on_candidate_set.txt	703fed8d24a1470b634e21e4ec78e6269c4a8922	3b95f0fab9795f03cc99193dad8966463bbbf796c4a5ce0aad5e12599ebea743	9546	EV verification results, reviews and records, with the pages that classify them	execution plan, the owner's reviews and prompts, review routes, and the filed records of each work round
v2/docs/records/rv-emc/readings/tx_inhibit_r4t-853f3082_on_candidate_set.txt	2965481c4b131c139a591b262838c1fd771fb843	6aeff06e3a721bf7c474242d9cd9289e8f874cd365986c921e1c2b787ff53897	8616	EV verification results, reviews and records, with the pages that classify them	execution plan, the owner's reviews and prompts, review routes, and the filed records of each work round
v2/docs/records/rv-emc/readings/tx_inhibit_r4t-e88aa46b_on_candidate_set.txt	d61bb86d43517d73ea462fd42eae21194f368e3a	29b02fdedcf588ea1fb512b3010e848787b37f0bb0598944432fc31f82d73292	9588	EV verification results, reviews and records, with the pages that classify them	execution plan, the owner's reviews and prompts, review routes, and the filed records of each work round
v2/docs/records/rv-emc/tools/netcompare.py	aa347648575ad3fc8f7072c80badab9f08e201dc	ec843a6b9e7074478359819ef42bb488344025eb122dfffb83191b0412e859d3	940	EV verification results, reviews and records, with the pages that classify them	execution plan, the owner's reviews and prompts, review routes, and the filed records of each work round
v2/docs/records/rv-emc/tools/netdump.py	83ea328c9207007b78886935b559a9501120ad10	eedd50ce04d88dbe354621fb48561785e50f4e9257d9b67015584427be2cb42b	938	EV verification results, reviews and records, with the pages that classify them	execution plan, the owner's reviews and prompts, review routes, and the filed records of each work round
v2/docs/records/rv-emc/tools/netline.py	a5aba73e1980e32b980b8cd3bf0fd9fc7dba6788	9097f2d8b9d6857e4dc54f22b02cb77a280409ebc818f617f583eab0e9c7d306	479	EV verification results, reviews and records, with the pages that classify them	execution plan, the owner's reviews and prompts, review routes, and the filed records of each work round
v2/docs/records/rv-emc/tools/refdump.py	820e357abc4b624db2b741ff04a40f17cafb8564	98c1b6016a00d79ed76ce5bff49aff14fa439d690bddf67db1fd3dbd584d3184	901	EV verification results, reviews and records, with the pages that classify them	execution plan, the owner's reviews and prompts, review routes, and the filed records of each work round
v2/docs/records/rv-pwr/datasheets/README.md	90b6cb19e2c3cd0d13009f9cf6f915903ffc6bb0	3d119538584511a80717c65082d5488926d570e62f976856a18bbbdbed3770a5	4131	EV verification results, reviews and records, with the pages that classify them	execution plan, the owner's reviews and prompts, review routes, and the filed records of each work round
v2/docs/records/rv-pwr/pwr-chain-redeclaration.yaml	25072850b5625bb19a133db4a249dc17d3e3191b	039c72aa6f451dbdb9b68d6ae6946fb3ca02b70cd76f8390569fc39f178f5f45	11663	EV verification results, reviews and records, with the pages that classify them	execution plan, the owner's reviews and prompts, review routes, and the filed records of each work round
v2/docs/records/rv-pwr/pwr-maker-questions.md	ca3f1b4222027d6cde1a974abae4e8d683390798	6d2e5d29b957c80ffe8b973a3cc705a034694f1ef1bb947c8e6574d02850c293	2301	EV verification results, reviews and records, with the pages that classify them	execution plan, the owner's reviews and prompts, review routes, and the filed records of each work round
v2/docs/records/rv-pwr/pwr-part-temps-rows.yaml	b96ef2799040d4a1c206646ecaec150c7f65b2de	cee34b52c6b452593d0f3a7f5ab6b2e4feb4cd1615b9af7e540dd8e90d2cec5e	5229	EV verification results, reviews and records, with the pages that classify them	execution plan, the owner's reviews and prompts, review routes, and the filed records of each work round
v2/docs/records/rv-pwr/pwr_budget.json	b1422a1358ce29d483fea8528d47d3ce8e0181e6	5a616902d2ddab82f25d34ab55d848d06011fb6fbe48c147221d6b442783e462	76863	EV verification results, reviews and records, with the pages that classify them	execution plan, the owner's reviews and prompts, review routes, and the filed records of each work round
v2/docs/records/rv-pwr/pwr_budget.out	c4459b5f7a3102357ac0d7b1a2e01df6638a2bed	58e40cf604804cc9d70c7fbeb1012be4552563fcc8ae7ef6755003c33acb902f	47499	EV verification results, reviews and records, with the pages that classify them	execution plan, the owner's reviews and prompts, review routes, and the filed records of each work round
v2/docs/records/rv-pwr/pwr_budget.py	d29ce5e3268d9b61d55af3a33cc12e5ad324c83f	469d0820b046ef6ff5aceadf422b4166de3d6a02bc50fa5b0c3644704f0f9556	67785	EV verification results, reviews and records, with the pages that classify them	execution plan, the owner's reviews and prompts, review routes, and the filed records of each work round
v2/docs/records/rv-zer/ZEROIZE-integration.md	d92adac6b7e9065e384bc6f58c86d1eef3688b7d	ea8afca20dcac2f8f0585200ef0383d2b860826141af0cd669c467196e27f5e3	14289	EV verification results, reviews and records, with the pages that classify them	execution plan, the owner's reviews and prompts, review routes, and the filed records of each work round
v2/docs/records/rv-zer/datasheets/SOURCES.md	3e4348b6894284fc4b028a2afa227301afbc0a12	e37862cd151f74af7dea3fa29cf920717279a836cd12985e7ab72c5f4118a1ee	7306	EV verification results, reviews and records, with the pages that classify them	execution plan, the owner's reviews and prompts, review routes, and the filed records of each work round
v2/docs/records/rv-zer/prices/jlc-ATECC608B-SSHDA-T.json	6d25102c99a1ba62fb27408533ebdb8ce604f68e	1b75f8c933d888608a11927a2df2335326ff852da6cf0cb35ae1a90c7891848e	11976	EV verification results, reviews and records, with the pages that classify them	execution plan, the owner's reviews and prompts, review routes, and the filed records of each work round
v2/docs/records/rv-zer/zeroize/zer_budget.py	efddbeeb972ea296901b3013dd9dcba32639b5c7	8cdad0569ec3d8140d291da79361ccc9b519592e91decb1bc1547f21624bca9e	20269	EV verification results, reviews and records, with the pages that classify them	execution plan, the owner's reviews and prompts, review routes, and the filed records of each work round
v2/docs/records/rv-zer/zeroize/zer_config.py	1a52b1ee867e9e1cf626f2bca14db33a14a48b4a	3d4271b2b9aec3e069ebc8d005f802abb07c7e90b186afc50ef5281725f4b795	11519	EV verification results, reviews and records, with the pages that classify them	execution plan, the owner's reviews and prompts, review routes, and the filed records of each work round
v2/docs/records/ts-net/ts-net-decisions.md	451c8732d7d7f684d07f2ec47cb3cb97017b6f4f	78c2dba37c579c4894d12460f2901fec7816b87def759828eb514df7d51fbdff	19831	EV verification results, reviews and records, with the pages that classify them	execution plan, the owner's reviews and prompts, review routes, and the filed records of each work round
v2/docs/records/w1/_r2_patch_reqs.py	f15825b578cc79ecf35c7cf3c958f591e5f3de18	6f969daee1ea19ba220f2b4cff116e51336adfd026e5c96d3421b3e9e4591476	36897	EV verification results, reviews and records, with the pages that classify them	execution plan, the owner's reviews and prompts, review routes, and the filed records of each work round
v2/docs/records/w1/validate_w1.py	1ab5802ee731a52c949e7fc103b903b71e365044	ffca78212c50e259317c3c5e05b1ed2c7599f980f46139dd5fa932f0f3c31af4	4044	EV verification results, reviews and records, with the pages that classify them	execution plan, the owner's reviews and prompts, review routes, and the filed records of each work round
v2/docs/records/w1/w1-conflicts.md	249d8d478131c41d4e40b3e541d4009c2a0c73cf	eb8d1b0648d0a98349e194d363036404d7435e36749fef30abb61782a2efe333	40872	EV verification results, reviews and records, with the pages that classify them	execution plan, the owner's reviews and prompts, review routes, and the filed records of each work round
v2/docs/records/w1/w1-decisions.md	466f7cdfca3f2ff8f7d2c056cfa17f789484058c	493db60b7d4ab1b65dba7eb9b7e3f78cfa434b27cfd992eb5ccfafa0c28081ec	48603	EV verification results, reviews and records, with the pages that classify them	execution plan, the owner's reviews and prompts, review routes, and the filed records of each work round
v2/docs/records/w1/w1-requirements.yaml	c827ab4851577366c480ae7a992cd6d6e806cec9	1679f096dcfa2f73b5619cc1006367c54b4718a59a01c84df5af1d2cedd55724	93050	EV verification results, reviews and records, with the pages that classify them	execution plan, the owner's reviews and prompts, review routes, and the filed records of each work round
v2/docs/records/w2/w2-power.md	fd77fb645aee08ed5d84240a5a9000e04ecad22c	960e46bdd58bf857aeb436dc9239ee11b30060fad978ba557f560e1be50a53ec	27952	EV verification results, reviews and records, with the pages that classify them	execution plan, the owner's reviews and prompts, review routes, and the filed records of each work round
v2/docs/records/w2/w2-runtime.md	7852961d07b14a7282072ad2a006734c4d9baacf	2b203982023f6fe63a1eecc1103cc3ceb1b6e51f4a858fbe0e79ce365626c9db	16780	EV verification results, reviews and records, with the pages that classify them	execution plan, the owner's reviews and prompts, review routes, and the filed records of each work round
v2/docs/records/w3a/apply_docs.py	94f4c0dd96ca52ff7ec240e4b14c6503c2ee0bec	998b2218f13c3579ee6f051a57d4d023274f582da790da8889dce5d2db6a7550	6510	EV verification results, reviews and records, with the pages that classify them	execution plan, the owner's reviews and prompts, review routes, and the filed records of each work round
v2/docs/records/w3a/apply_docs_r8int5.py	00f8d83ee355f23a268c95b60cb194818a7db5c9	73c9345aaeb6c9bf0435c517c18c8cab4690caeddedaf337fafc6a794d106bd2	8739	EV verification results, reviews and records, with the pages that classify them	execution plan, the owner's reviews and prompts, review routes, and the filed records of each work round
v2/docs/records/w3a/apply_registry.py	837ed9ce2f2da629c61cec34504d1fd503adacd7	1b8ba02d2763e5abc5bc41265b2bf6e6677966c2f1f38d50e70e40f71ade2633	28901	EV verification results, reviews and records, with the pages that classify them	execution plan, the owner's reviews and prompts, review routes, and the filed records of each work round
v2/docs/records/w3a/apply_registry_r8int5.py	e6f19e20ed8131ece823eb6842f305d2dcbfd771	7868deee7c900aa6fd97d85baa9e984a366d23f4724085f751e1d32cd4495e18	31117	EV verification results, reviews and records, with the pages that classify them	execution plan, the owner's reviews and prompts, review routes, and the filed records of each work round
v2/docs/records/w3a/coverage_and_sources_w3a.py	9f6a50cd98cd0a87e8aa094df020cb5fa464e0cf	af4b273ac07bcd10938f3b271ec9aa8aeb4b95f148b6f87eb78005ac848cd018	7453	EV verification results, reviews and records, with the pages that classify them	execution plan, the owner's reviews and prompts, review routes, and the filed records of each work round
v2/docs/records/w3a/gen_sch_a-linemap.json	cb3ac0e69d804304e29704c9d3bcbc2429d4d378	ac0e59552ab7c30cca1d6bcc627ef5432580fd6fb67bd262f9edb839771de143	16425	EV verification results, reviews and records, with the pages that classify them	execution plan, the owner's reviews and prompts, review routes, and the filed records of each work round
v2/docs/records/w3a/parity/netcmp.py	770446e33e23b74dccabfea30366d08793a3de5e	234317d8d308042752f91f45eb3362ca49222d65282d1b6bc6a74e266b2f3ae7	3633	EV verification results, reviews and records, with the pages that classify them	execution plan, the owner's reviews and prompts, review routes, and the filed records of each work round
v2/docs/records/w3a/parity/parity-candidate-vs-main.json	9a159861b1fdf9eaf2ba7f7a02b96bc1b4404ee2	c2880474d72d0e9cd51a28391d22589738553976885c3d53dfbbed182be9e9e4	8181	EV verification results, reviews and records, with the pages that classify them	execution plan, the owner's reviews and prompts, review routes, and the filed records of each work round
v2/docs/records/w3a/parity/parity-main-regeneration-vs-committed.json	0a9a55098b6c0f670c50e11c2a3f884c48dd0379	aba314a41e32521a6e49c3a2a6a3bd387b5d147f2e063b58d6a30fe52c595b7c	254	EV verification results, reviews and records, with the pages that classify them	execution plan, the owner's reviews and prompts, review routes, and the filed records of each work round
v2/docs/records/w3a/parity/pass2-rerun/compare.txt	f4f361a4fc39a83b41810889ac7fb143684ebe25	384536fe9feb9adb1892c27db9c9974d91bdcf5cc64515b91e3bb7fc505b38fd	686	EV verification results, reviews and records, with the pages that classify them	execution plan, the owner's reviews and prompts, review routes, and the filed records of each work round
v2/docs/records/w3a/parity/pass2-rerun/erc_gate.log	2730bf51efc61ad372c6dabe9caeefa996307ec1	08866e2d87680805eacf5885419620569176669a556394f5743cc579c44e6610	583	EV verification results, reviews and records, with the pages that classify them	execution plan, the owner's reviews and prompts, review routes, and the filed records of each work round
v2/docs/records/w3a/parity/pass2-rerun/erc_gate.verdict.json	0d4ce889ae77dfbb4046123a216b884c034ddef0	7cb408cc2c1ffc4cf4d7a054d02e66e47cfe67b6ce942277203c47440292684a	1749	EV verification results, reviews and records, with the pages that classify them	execution plan, the owner's reviews and prompts, review routes, and the filed records of each work round
v2/docs/records/w3a/parity/pass2-rerun/gen_sch.log	40bd65af951cabdbde3e41f9d98fc635ebb22887	5b418a433e122b0ed9a00397cf8767fea4a63556a03c5334c7417776782dc6e2	474	EV verification results, reviews and records, with the pages that classify them	execution plan, the owner's reviews and prompts, review routes, and the filed records of each work round
v2/docs/records/w3a/parity/pass2-rerun/pcb-a-power.net.prov.json	934e329b13553d6de55e9448607fa8d94ee749b4	b22848e7d502b694185d5e8335d855159368a68de6d0666c15e79ea978cd61b4	8641	EV verification results, reviews and records, with the pages that classify them	execution plan, the owner's reviews and prompts, review routes, and the filed records of each work round
v2/docs/records/w3a/parity/pass2-rerun/power_path.log	af36c9eac72924a9f9aee0029a09a05fb4ff86ef	2a5c10c3ad74bee52be4060ceec2ea2d5bef6d6a7c901d2bd85d9dc73dcc904c	1650	EV verification results, reviews and records, with the pages that classify them	execution plan, the owner's reviews and prompts, review routes, and the filed records of each work round
v2/docs/records/w3a/parity/regen.sh	941da4161ccbc19ffb4716ae492c8c0c503068d9	01d6ad798587a8bf2bed2ce5acc0459e1e66706351305e0d472dd99067f04e1c	2208	EV verification results, reviews and records, with the pages that classify them	execution plan, the owner's reviews and prompts, review routes, and the filed records of each work round
v2/docs/records/w3a/readings/after/derate.txt	0d261046291fb6a69a656d107e9825b27f2e4c0a	65e0cd7d8aed46a387ea816c872fe3e7a3af78976d84da120b94db43d10d06af	587	EV verification results, reviews and records, with the pages that classify them	execution plan, the owner's reviews and prompts, review routes, and the filed records of each work round
v2/docs/records/w3a/readings/after/derate.verdict.json	3b7a72c0baa64bb457d9b49c3a9bfa44c9907b6b	71227021ee715a94723cdf62cd0af8cea7f7addce8e1da8c5e867cd6fbc59543	1276	EV verification results, reviews and records, with the pages that classify them	execution plan, the owner's reviews and prompts, review routes, and the filed records of each work round
v2/docs/records/w3a/readings/after/erc_gate.verdict.json	1acca1940bfa394f4a9bcf840228a1f6b97a6132	eaf2e7924fad9afca2f7de138c57107b99aaad01d5f880399566f890c218cec3	1749	EV verification results, reviews and records, with the pages that classify them	execution plan, the owner's reviews and prompts, review routes, and the filed records of each work round
v2/docs/records/w3a/readings/after/intent_rails.verdict.json	3622e426f539bf4f659b3e8ece18f9d495dd4db4	d5a65203a3750f76e7acdc139f409256bbbb05b17b28eccf1872937e4e0b2148	11044	EV verification results, reviews and records, with the pages that classify them	execution plan, the owner's reviews and prompts, review routes, and the filed records of each work round
v2/docs/records/w3a/readings/after/port_protect.verdict.json	be4f4429b1a7b23db6f8288c6868014329195f1a	245b46e3a730e7804ac92b831e16ba62bdcc0ed5655db6086217747961652900	1717	EV verification results, reviews and records, with the pages that classify them	execution plan, the owner's reviews and prompts, review routes, and the filed records of each work round
v2/docs/records/w3a/readings/after/port_protect_a.verdict.json	7778b81b02858c0d4267c5a080c09453c481f530	c2536d1dac79380e7965cb81b1f6d3b58ed7408462eb97c7a95ee783828b7e73	1796	EV verification results, reviews and records, with the pages that classify them	execution plan, the owner's reviews and prompts, review routes, and the filed records of each work round
v2/docs/records/w3a/readings/after/power_path.log	1df5b81ee8adf0cfcb9cbdb9c027e6443a0e17ff	c45bec39316ac79a33328d4624e7621a2cefd808e115231f655310d483f56f02	1648	EV verification results, reviews and records, with the pages that classify them	execution plan, the owner's reviews and prompts, review routes, and the filed records of each work round
v2/docs/records/w3a/readings/after/power_sequence.verdict.json	9ddeb3a8d7d28ecfad7470b41ac309ee75aeec63	c812bd70f7e7fd7054f8d2ff33b87969491a3b1a709f6e43e671986de25b3905	1736	EV verification results, reviews and records, with the pages that classify them	execution plan, the owner's reviews and prompts, review routes, and the filed records of each work round
v2/docs/records/w3a/readings/after/pp.txt	2693f9e3b8ce79c0df171ea94b57fefa25262375	bfaa9a9feffa71c069175534741da915cf832088f2c0eba96e10f1f8830fe5ba	1594	EV verification results, reviews and records, with the pages that classify them	execution plan, the owner's reviews and prompts, review routes, and the filed records of each work round
v2/docs/records/w3a/readings/after/pseq.txt	7f19563e55d7b02758e96e5c8a955e5840a021ea	3952459a8f86d6069d5cecafd11a4242213249e6a3d8e226f681d6c90eadef34	3448	EV verification results, reviews and records, with the pages that classify them	execution plan, the owner's reviews and prompts, review routes, and the filed records of each work round
v2/docs/records/w3a/readings/after/pwr001.txt	58ef3d5b872f7e9ff0b9b0a7815cc590f60242b0	e7f9c137b1e1817c11f2f00bb187f053f643b7fc065ed8a7d31f3ecd754cdc7f	18443	EV verification results, reviews and records, with the pages that classify them	execution plan, the owner's reviews and prompts, review routes, and the filed records of each work round
v2/docs/records/w3a/readings/before/derate.txt	444406c2d292841cb126509189dac84dcdc2ea45	425d1418902e0f92c727145fef368e75f75b98eb8c50046fc92e4c23dc5700ed	587	EV verification results, reviews and records, with the pages that classify them	execution plan, the owner's reviews and prompts, review routes, and the filed records of each work round
v2/docs/records/w3a/readings/before/derate.verdict.json	fe75c248f0be0379f6e9e30f6c4a85862cc521dc	b4549dce54da191976ac84d7ecbfa4ca4996107f755757a90df639a22e7ba224	1289	EV verification results, reviews and records, with the pages that classify them	execution plan, the owner's reviews and prompts, review routes, and the filed records of each work round
v2/docs/records/w3a/readings/before/erc_gate.verdict.json	ca9099b5b6e951e181eae69d663d28ca4fda9eb0	67816dfe486acdbccf170e8325f71f50dca9a4b5c7e7645961de4eb2f995e0fc	1749	EV verification results, reviews and records, with the pages that classify them	execution plan, the owner's reviews and prompts, review routes, and the filed records of each work round
v2/docs/records/w3a/readings/before/intent_rails.verdict.json	d12e3f9dd32410112cd69057d3d60ad1aa8e4054	405ae0f5a0fc99b61b2f7dde2b1ca276a70ddc73c882f74b97f763e83d4fcb62	11859	EV verification results, reviews and records, with the pages that classify them	execution plan, the owner's reviews and prompts, review routes, and the filed records of each work round
v2/docs/records/w3a/readings/before/port_protect.verdict.json	4b757549a651d65ac311d9926025bd4adf19e67a	560cb60a1346c8e5b1483c7c927dcea43b03ee453a775084967897934a57e9f7	1711	EV verification results, reviews and records, with the pages that classify them	execution plan, the owner's reviews and prompts, review routes, and the filed records of each work round
v2/docs/records/w3a/readings/before/port_protect_a.verdict.json	9483f02583f0c36fa161e12d4a76b9982ab7b3ff	6f2ab741b709822d8293e4248f2694ff18266b64057e2527d930f7963b0fa616	1790	EV verification results, reviews and records, with the pages that classify them	execution plan, the owner's reviews and prompts, review routes, and the filed records of each work round
v2/docs/records/w3a/readings/before/power_sequence.verdict.json	b491e8e90381e396e5ab86ceb0133324ccb990c8	a890b93bd0710b5ce813bee53e24230c711b47964e90fc0ab20a8b7fcf1df759	1730	EV verification results, reviews and records, with the pages that classify them	execution plan, the owner's reviews and prompts, review routes, and the filed records of each work round
v2/docs/records/w3a/readings/before/pp.txt	2693f9e3b8ce79c0df171ea94b57fefa25262375	bfaa9a9feffa71c069175534741da915cf832088f2c0eba96e10f1f8830fe5ba	1594	EV verification results, reviews and records, with the pages that classify them	execution plan, the owner's reviews and prompts, review routes, and the filed records of each work round
v2/docs/records/w3a/readings/before/pseq.txt	cabd075a50ed35267d15b922779cee482426e016	cbb983fb9637c70a020762a7abad4e6a20763f4d4f4271646846e79652b6c408	3150	EV verification results, reviews and records, with the pages that classify them	execution plan, the owner's reviews and prompts, review routes, and the filed records of each work round
v2/docs/records/w3a/readings/before/pwr001.txt	0d34905f30666b95cd9875efa9f6956849c44be2	e44ae5f420997c597a468473f040ac9bca2dc94ee87e33aa85b2593e8b158c49	18795	EV verification results, reviews and records, with the pages that classify them	execution plan, the owner's reviews and prompts, review routes, and the filed records of each work round
v2/docs/records/w3a/readings/rf002-after.txt	f7e0b5fb0417e9b91dbf355d81d531cc97fe3f4b	e646da888fd259e72c886797b0b528504875f69f7dedf58b46792f2c5707a2b7	18638	EV verification results, reviews and records, with the pages that classify them	execution plan, the owner's reviews and prompts, review routes, and the filed records of each work round
v2/docs/records/w3a/readings/rf002-before.txt	f379c548582c3726fb3b6afefb05a89bec65bcc5	7e1270ebf6bfd1b0ee97bb01e750c5006957e9d6551a842d5d9ebb468e227fa3	18620	EV verification results, reviews and records, with the pages that classify them	execution plan, the owner's reviews and prompts, review routes, and the filed records of each work round
v2/docs/records/w3a/readings/tests-pass2.txt	618eef2cc59d32c681365b1afc36f2e8969ff21a	785bb1bb5da8a7303bc08fb43c1d9188446fb4e8730bda53f3dd5ff47bd5a93e	50497	EV verification results, reviews and records, with the pages that classify them	execution plan, the owner's reviews and prompts, review routes, and the filed records of each work round
v2/docs/records/w3a/readings/tests-targeted.txt	f55c3707690b5f251337dcbba8f9465ef0521967	f6de29d01f56b2cc27a28fb65081d67e2bb2fcc04b9da955ea9efd27ef0b8935	33688	EV verification results, reviews and records, with the pages that classify them	execution plan, the owner's reviews and prompts, review routes, and the filed records of each work round
v2/docs/records/w3a/sources-w3a.yaml	6ed53967180cc256c0f2b96f1fff88ae7a9ff1c6	a8c5151c7639db352b58052379b61483696222113e7529da88201ce6b2b95d20	4576	EV verification results, reviews and records, with the pages that classify them	execution plan, the owner's reviews and prompts, review routes, and the filed records of each work round
v2/docs/records/w3a/test_rails_census-replay-state.patch	56e642f0730da14d958f2eda174787f7ff98423f	8fca30488fa016ba7cdaa20686e769ce75a8ae60fe53a2489977ee18380761c9	938	EV verification results, reviews and records, with the pages that classify them	execution plan, the owner's reviews and prompts, review routes, and the filed records of each work round
v2/docs/records/w3b/apply_registry.py	770dc69316bb216819737171100956341d79f95a	3a140fdbd7e1db1029a8c2798ef7e4d43e9adcb4ca008a953748047ae3b0d384	15860	EV verification results, reviews and records, with the pages that classify them	execution plan, the owner's reviews and prompts, review routes, and the filed records of each work round
v2/docs/records/w3b/apply_registry_r8int5.py	983837a1274930734109ee199d03ee50cbcd5054	3a9f70f6fffdd46f83683a993db12aea8f8e6378a88677a64f0e66b265d5aefe	16831	EV verification results, reviews and records, with the pages that classify them	execution plan, the owner's reviews and prompts, review routes, and the filed records of each work round
v2/docs/records/w3b/evidence/box/build_sch-base.log	b91ed7183845840575cb3eef77a9e547cffed24c	a99e71c2a2843de33e44b323304311cd3c1f1e1b2180bd641e3e99dda819e54e	586	EV verification results, reviews and records, with the pages that classify them	execution plan, the owner's reviews and prompts, review routes, and the filed records of each work round
v2/docs/records/w3b/evidence/box/build_sch-cand.log	b259275d6c1603fb624a63d122bab5b75789f387	1b5c0da5519a67d761a98c84dec3fd4194c44d39080f90f313aa579c9599a42f	586	EV verification results, reviews and records, with the pages that classify them	execution plan, the owner's reviews and prompts, review routes, and the filed records of each work round
v2/docs/records/w3b/evidence/box/compare-intermediate-gnd-omitted.log	ef327189e6c9ba81192e8716eeed8526dd5e0246	6331dc97779efd1ca6c10a34033536332333cd5190611d4d48ebee39dd61ef9d	1939	EV verification results, reviews and records, with the pages that classify them	execution plan, the owner's reviews and prompts, review routes, and the filed records of each work round
v2/docs/records/w3b/evidence/box/compare.log	7ac09a8ba7c352497e7cb8572df81819d2498e80	fc2d9217f675e6679f4c12d63c8ce55b6d4bb015a41ace0b21f149eb308766b5	1833	EV verification results, reviews and records, with the pages that classify them	execution plan, the owner's reviews and prompts, review routes, and the filed records of each work round
v2/docs/records/w3b/evidence/box/compare/base_vs_committed_bom.json	9a82e5d49deb952e1ee61f877c7f5fb36b871bb6	49fa6a4ae200094d9e1f2253d63c0b7ae64d1af3d79bbc01f19c5b045b9010a3	68	EV verification results, reviews and records, with the pages that classify them	execution plan, the owner's reviews and prompts, review routes, and the filed records of each work round
v2/docs/records/w3b/evidence/box/compare/base_vs_committed_erc.json	10d81ab25eeda28b82d5f452c15ef425023b826a	bee8b3db674241f3fae67e0377a4a774706ea66debe2490f3ac77e788542ef84	485	EV verification results, reviews and records, with the pages that classify them	execution plan, the owner's reviews and prompts, review routes, and the filed records of each work round
v2/docs/records/w3b/evidence/box/compare/base_vs_committed_intent.json	7ceec776d6602ec3f596fcc9e01b86fc0fc4922d	607f2e1b7adb75dc66267217a7334114126f37ea6ca8cab0548736b90c1ba3d4	76	EV verification results, reviews and records, with the pages that classify them	execution plan, the owner's reviews and prompts, review routes, and the filed records of each work round
v2/docs/records/w3b/evidence/box/compare/base_vs_committed_netlist.json	3eff941bc2b1c0cee1c2dc05474d32f952f083e2	ec85095b86bf29f7ea4cd8a61d85fc775dd8f06461b7dd20c430982c1cd41aa6	719	EV verification results, reviews and records, with the pages that classify them	execution plan, the owner's reviews and prompts, review routes, and the filed records of each work round
v2/docs/records/w3b/evidence/box/compare/base_vs_committed_provenance.json	56f283db159c671e7c034fad0511b4ce1735b57e	beaf5c58de8d3847e983c2730098b050055c47053475cde02de9a08d3210df35	80	EV verification results, reviews and records, with the pages that classify them	execution plan, the owner's reviews and prompts, review routes, and the filed records of each work round
v2/docs/records/w3b/evidence/box/compare/base_vs_committed_schematic.json	90d88e1f6bad752c169e0a82a72aef006bba111b	ae0669e008778caeef8abacf82b910c30b6718d65ac96ed67c81e066696088a0	351	EV verification results, reviews and records, with the pages that classify them	execution plan, the owner's reviews and prompts, review routes, and the filed records of each work round
v2/docs/records/w3b/evidence/box/compare/cand_vs_base_bom.json	3e72aff371a98f931157c27469d0f1c0ecff7a4f	164eac0281d4c760e5d724fce2005481e43074b16293e618580ad746de19d0ae	1854	EV verification results, reviews and records, with the pages that classify them	execution plan, the owner's reviews and prompts, review routes, and the filed records of each work round
v2/docs/records/w3b/evidence/box/compare/cand_vs_base_erc.json	32ee4f38914ac0c9d5b8b8c8ad21203016348387	ca027d4e2f7546801bd71b70f96367c92c335d06483dd4eb5b01fdc2cf82d11a	2934	EV verification results, reviews and records, with the pages that classify them	execution plan, the owner's reviews and prompts, review routes, and the filed records of each work round
v2/docs/records/w3b/evidence/box/compare/cand_vs_base_intent.json	5c731557601a331533a2ca59aee3afe7aeaddde7	3831d89bf7be4ac251a41557a004af5fc975d91961875df923bfaa1d41b2ab12	102	EV verification results, reviews and records, with the pages that classify them	execution plan, the owner's reviews and prompts, review routes, and the filed records of each work round
v2/docs/records/w3b/evidence/box/compare/cand_vs_base_netlist.json	acb086ab2b1c4d1ffff7bcb8805d09b286e5e48e	be9dd79a01e5890e960744e9fd908ed7371c273e7acc0c59c2d76eaac4804d39	5606	EV verification results, reviews and records, with the pages that classify them	execution plan, the owner's reviews and prompts, review routes, and the filed records of each work round
v2/docs/records/w3b/evidence/box/compare/cand_vs_base_schematic.json	a09bcfecff48b2883ff66e2905bb84d570bad5c0	efd099859690682d41740c8333beffda2113a4988bd76badf22ef65e557e935d	9547	EV verification results, reviews and records, with the pages that classify them	execution plan, the owner's reviews and prompts, review routes, and the filed records of each work round
v2/docs/records/w3b/evidence/box/compare/indep_committed_vs_cand.txt	7dcadc9861fd9c837b100317d5787027a69d839d	793b3219924565d438384f04f384172d372a4efa8e7b87354184945d223dc4c2	75	EV verification results, reviews and records, with the pages that classify them	execution plan, the owner's reviews and prompts, review routes, and the filed records of each work round
v2/docs/records/w3b/evidence/box/compare/indep_committed_vs_mainregen.txt	04a1338c0778adb63478a9e61784604e3fb140a6	8e054141b90dd07a0cfb0136918a0cfbd334d4c5fd2b4a00c3e7ede54316942d	188	EV verification results, reviews and records, with the pages that classify them	execution plan, the owner's reviews and prompts, review routes, and the filed records of each work round
v2/docs/records/w3b/evidence/box/compare/indep_dropped.txt	aab40c508b5c454f42990b69525ef147116c3f41	19588d28d92c85f0b5cc93fc2cd5890bbdb8ab7879bfbb9b6a99c78d96b87283	137	EV verification results, reviews and records, with the pages that classify them	execution plan, the owner's reviews and prompts, review routes, and the filed records of each work round
v2/docs/records/w3b/evidence/box/compare/indep_mainregen_vs_cand.txt	7dcadc9861fd9c837b100317d5787027a69d839d	793b3219924565d438384f04f384172d372a4efa8e7b87354184945d223dc4c2	75	EV verification results, reviews and records, with the pages that classify them	execution plan, the owner's reviews and prompts, review routes, and the filed records of each work round
v2/docs/records/w3b/evidence/box/compare/rename_check.txt	2f19ab59704a6bbf0e77ea14b29e74651eea66f6	398357dc291da81dd8f542a64d439cbc07296f13face908e799ea287a5123d93	243	EV verification results, reviews and records, with the pages that classify them	execution plan, the owner's reviews and prompts, review routes, and the filed records of each work round
v2/docs/records/w3b/evidence/box/gates.log	45e5b1bfb08457a3969bfa120f81b7b267f16c36	c3188d0d7502dba25f2e0ca693622ad7aca793a93755b442fa74e5f779c4042a	870	EV verification results, reviews and records, with the pages that classify them	execution plan, the owner's reviews and prompts, review routes, and the filed records of each work round
v2/docs/records/w3b/evidence/box/gen_sch-base.log	51061196a3d8028c4bda7a213aeee3fe85ef2e88	d82d5dcc924772b1271ee925669a6e55d17843c39fec85eddb5f326c53f55caa	999	EV verification results, reviews and records, with the pages that classify them	execution plan, the owner's reviews and prompts, review routes, and the filed records of each work round
v2/docs/records/w3b/evidence/box/gen_sch-cand.log	666499b0a31266db3f78e8c4ad983d6bf10744a6	c74dd287ab039725d6954f049aac7f2eb78a9e9ea47e2b8516711b6fae38fb4c	999	EV verification results, reviews and records, with the pages that classify them	execution plan, the owner's reviews and prompts, review routes, and the filed records of each work round
v2/docs/records/w3b/evidence/box/incoming.sha256	aaf86946d5028831a8380cba27c422a0a5717f13	e6b28e71923ae0287a915def5c0afe64b9117fb0b87fbbf7a30370863b2829a8	324	EV verification results, reviews and records, with the pages that classify them	execution plan, the owner's reviews and prompts, review routes, and the filed records of each work round
v2/docs/records/w3b/evidence/box/prov-after-base.txt	2e98e10cd001a0c48bb90170b33d1ed2e42cea09	bf16f7ffdff8b652e0b0bb93093cc4290847ca4916be2a37b95b467b5a427a22	95	EV verification results, reviews and records, with the pages that classify them	execution plan, the owner's reviews and prompts, review routes, and the filed records of each work round
v2/docs/records/w3b/evidence/box/prov-after-cand.txt	31e5171f50341e75cc0a039a89f1ad863353bff3	49dc87c9fa01343f453df41e2b6a671262d73744a1b484077f8b23a442dc66b6	95	EV verification results, reviews and records, with the pages that classify them	execution plan, the owner's reviews and prompts, review routes, and the filed records of each work round
v2/docs/records/w3b/evidence/box/regen.log	2c4f4156f725f6e34181ff56aad9191d432ca557	bf4e781ecbf0e32e9a982261dc617916d10f7fe2f2170b70512b68eb71aa7ca7	1020	EV verification results, reviews and records, with the pages that classify them	execution plan, the owner's reviews and prompts, review routes, and the filed records of each work round
v2/docs/records/w3b/evidence/box/setup.log	379cc1ce6a320f14b28d8ebc911f2687f57447fd	e74e553e22da72fe9b2bf105f0e913f04a5af16e025fa5cc1195f3a196cd10ac	667	EV verification results, reviews and records, with the pages that classify them	execution plan, the owner's reviews and prompts, review routes, and the filed records of each work round
v2/docs/records/w3b/evidence/decoupling-classes-w3b.txt	de462bdfe5213e9399720e340b6066d9f8c3bfa3	e58028b64e513242effa939e256b72ca53c811211aa3cae64eb4f3c3c73ff095	2071	EV verification results, reviews and records, with the pages that classify them	execution plan, the owner's reviews and prompts, review routes, and the filed records of each work round
v2/docs/records/w3b/evidence/gates-after/check_contracts.log	da83d0acb1970723809c990fc9e93036d4da78c2	757343a55caf14774bf371cfc0e0cbf2474ac45b4461f9560fa5b7819b89b2d3	24221	EV verification results, reviews and records, with the pages that classify them	execution plan, the owner's reviews and prompts, review routes, and the filed records of each work round
v2/docs/records/w3b/evidence/gates-after/check_contracts.verdict.json	b57ae9695c7e80ced8a8b3dd06525a9510a3ad26	c5003bd13b094d381dbe6faf4a7ccf2546e35bbc011d4692d1d198f4eceb95ec	2947	EV verification results, reviews and records, with the pages that classify them	execution plan, the owner's reviews and prompts, review routes, and the filed records of each work round
v2/docs/records/w3b/evidence/gates-after/check_contracts_a.verdict.json	0b5366f963dfee941cd8e6a96ac88cd456a2dd6a	e435586dff2eee0d99b295dba177a2cc143320b9872ed1046318a9b5053a8178	2699	EV verification results, reviews and records, with the pages that classify them	execution plan, the owner's reviews and prompts, review routes, and the filed records of each work round
v2/docs/records/w3b/evidence/gates-after/check_contracts_b.verdict.json	998d5175fa6b40354e1377944cdce434cb3aaa81	39d35a7a31b4264e595fff81f41f383aa94d6f1c7bd77d2e240268dba48a17f3	2444	EV verification results, reviews and records, with the pages that classify them	execution plan, the owner's reviews and prompts, review routes, and the filed records of each work round
v2/docs/records/w3b/evidence/gates-after/check_contracts_c.verdict.json	d9d678057afca311234a5a31f9eb419853479514	e4aa40b65d59a1557d8fc49c5f8e0f614bb6997c39f04e580a3f8c5644cef315	2442	EV verification results, reviews and records, with the pages that classify them	execution plan, the owner's reviews and prompts, review routes, and the filed records of each work round
v2/docs/records/w3b/evidence/gates-after/check_contracts_d.verdict.json	dab1d42102abec720766b019b4c79df7decf86c2	c461c416f46676782574750d135f15370748e7a8298105003f5344bdcc7a5345	2444	EV verification results, reviews and records, with the pages that classify them	execution plan, the owner's reviews and prompts, review routes, and the filed records of each work round
v2/docs/records/w3b/evidence/gates-after/check_contracts_e.verdict.json	3ae7c3b44b39e0d98523448120ea0527a54143d2	b95eddf1be701124d0ab0398a1507c899fa47ffa27716359ed09fc4b8a1b629d	2171	EV verification results, reviews and records, with the pages that classify them	execution plan, the owner's reviews and prompts, review routes, and the filed records of each work round
v2/docs/records/w3b/evidence/gates-after/check_contracts_p.verdict.json	b5790cb637b42c9e200157ba9266e9a809704280	07e26f204e6c0e130ae03fa11b6f7ea3217d7978e6b9b246fe4ae75e2f344017	1912	EV verification results, reviews and records, with the pages that classify them	execution plan, the owner's reviews and prompts, review routes, and the filed records of each work round
v2/docs/records/w3b/evidence/gates-after/clock_check.log	157c5d78c5f41728f454191de15f22cfc3e622d4	0f52220d2d6615664516b6b28aec64c63f14908fdcb00e265e5eb342c3194e8f	1386	EV verification results, reviews and records, with the pages that classify them	execution plan, the owner's reviews and prompts, review routes, and the filed records of each work round
v2/docs/records/w3b/evidence/gates-after/clock_check.verdict.json	9ba2cc341e12030c58fb171fa3588ea1e012f61d	3cfe33a1988e13f17c646782f5811e89bbfa631e7119db6de0e3aedcf6da5d4d	1264	EV verification results, reviews and records, with the pages that classify them	execution plan, the owner's reviews and prompts, review routes, and the filed records of each work round
v2/docs/records/w3b/evidence/gates-after/derate.log	f68c187a0f587f4e0066be3569a6b5776550a338	7272dd3e46d32606f64f738634beff8149c2c12313d780c62a2ce15d3857f76c	595	EV verification results, reviews and records, with the pages that classify them	execution plan, the owner's reviews and prompts, review routes, and the filed records of each work round
v2/docs/records/w3b/evidence/gates-after/derate.verdict.json	46a8a11562b7d52b113e9d7eb5d313edf396a485	22b910e83dc9528ee2e6616e61144ed203a0acfc5ddd22474836cda980013e6c	1299	EV verification results, reviews and records, with the pages that classify them	execution plan, the owner's reviews and prompts, review routes, and the filed records of each work round
v2/docs/records/w3b/evidence/gates-after/edge_length.log	833f2bdebbc7aaf646052c9c663f60a5f1da5601	600705e3cd0e98ea58c61084b93ed58f75dc2891e494ea98d20b5bccda0a8ecc	12581	EV verification results, reviews and records, with the pages that classify them	execution plan, the owner's reviews and prompts, review routes, and the filed records of each work round
v2/docs/records/w3b/evidence/gates-after/edge_length.verdict.json	bde6a9e6aa7c40e672b0b8f763f946a8b6a3d4aa	2acc2c693899506d577d5a49ed64fca6af09e157f4162930ebc76d4ed1bd7296	27402	EV verification results, reviews and records, with the pages that classify them	execution plan, the owner's reviews and prompts, review routes, and the filed records of each work round
v2/docs/records/w3b/evidence/gates-after/energy_chain.log	866ac59ed9a7ac592a93eaeb4022a0b04165a22d	9ec7be1be121756e26bf2c06366ce9c0b2fdce213c26b63f4c1e9d395080bccd	2579	EV verification results, reviews and records, with the pages that classify them	execution plan, the owner's reviews and prompts, review routes, and the filed records of each work round
v2/docs/records/w3b/evidence/gates-after/energy_chain.verdict.json	4160464dcadbaabd850ba34a0d2c4236b8d225ef	ff75c5e379954ac2b129cca4f9b8816ec723315ae8848e8a0e4d493e5c9afc52	2485	EV verification results, reviews and records, with the pages that classify them	execution plan, the owner's reviews and prompts, review routes, and the filed records of each work round
v2/docs/records/w3b/evidence/gates-after/energy_chain_a.verdict.json	6075dfbd471f7cdc905dae2535c12848cd675386	c372dc3d6c81b04d08ccdd11df2c427a67e01f0b0883b44f054ef351bcec287a	1756	EV verification results, reviews and records, with the pages that classify them	execution plan, the owner's reviews and prompts, review routes, and the filed records of each work round
v2/docs/records/w3b/evidence/gates-after/energy_chain_b.verdict.json	4f7a83b554c6f1eb0cf4d7f89222d58af68eb56a	110ccb3510cbf618ebda6f580f4a5a3a2cb6c51c1747f0b6394f0f9cce28d6a5	1618	EV verification results, reviews and records, with the pages that classify them	execution plan, the owner's reviews and prompts, review routes, and the filed records of each work round
v2/docs/records/w3b/evidence/gates-after/energy_chain_e.verdict.json	18e7a33703ccbff62114470e0521a72e43126ba5	9dccb5665c1e46503ec4f36175607177eefd7ab3ea2b4e35e5d22c22e6dcd8c6	1756	EV verification results, reviews and records, with the pages that classify them	execution plan, the owner's reviews and prompts, review routes, and the filed records of each work round
v2/docs/records/w3b/evidence/gates-after/energy_chain_e5.verdict.json	ef14f612106afd1fc5fd2cdeeaf636c32d45d2ce	09dc936163e3c99172f1f68d495f3d90aa8a69dac24882dc639d7391c7bba342	1564	EV verification results, reviews and records, with the pages that classify them	execution plan, the owner's reviews and prompts, review routes, and the filed records of each work round
v2/docs/records/w3b/evidence/gates-after/energy_chain_p.verdict.json	708f3df98c33f67f4ba32c962461ce6685a98212	cc317a120e47c5154c07f27dce3e0d092dd5d38838a5f2eb223abe59e3f9a238	1612	EV verification results, reviews and records, with the pages that classify them	execution plan, the owner's reviews and prompts, review routes, and the filed records of each work round
v2/docs/records/w3b/evidence/gates-after/ground_system.log	95e0529aa654a801ba3ef3746e035cd2b498c036	5eeea039935262ffa6b999d5039b902d25598faf4800c0f04fa88bf1276f521a	381	EV verification results, reviews and records, with the pages that classify them	execution plan, the owner's reviews and prompts, review routes, and the filed records of each work round
v2/docs/records/w3b/evidence/gates-after/ground_system.verdict.json	430c5d8f8c51e59be79d8c8730d19a28eb245ae5	1e8d806275880c5181291ddb06b062a6e1e3b8d5760bb22104b2b2fdb7266e78	1270	EV verification results, reviews and records, with the pages that classify them	execution plan, the owner's reviews and prompts, review routes, and the filed records of each work round
v2/docs/records/w3b/evidence/gates-after/inhibit_chain_a.verdict.json	e5616540fccb5881fdb485000e6f2ea91593ad14	d5ac77bdeac49a25e09138d33d0a1e55642c0e81c04e684048d75fefada9488a	4276	EV verification results, reviews and records, with the pages that classify them	execution plan, the owner's reviews and prompts, review routes, and the filed records of each work round
v2/docs/records/w3b/evidence/gates-after/inhibit_chain_b.verdict.json	9e990ff2c117e6e919ec4b5ab7c3a1cc6c3a0921	13ae203fad9b3b692586e7e5c566cf5d890fc6df30a59520a1db6c9b6ca49f6e	5388	EV verification results, reviews and records, with the pages that classify them	execution plan, the owner's reviews and prompts, review routes, and the filed records of each work round
v2/docs/records/w3b/evidence/gates-after/inhibit_chain_c.verdict.json	3a056626c9603f967c09c3b500c5064cceaf601b	b6d4505b2aaef1a86af2ab21ae18e7a2a8c3772c9f99cb8067b24297b2c7e3cd	3808	EV verification results, reviews and records, with the pages that classify them	execution plan, the owner's reviews and prompts, review routes, and the filed records of each work round
v2/docs/records/w3b/evidence/gates-after/inhibit_chain_d.verdict.json	5a9ed32cddfe84611a065188f4d859bf09af5333	07b9efebd5b75e453be81f37f4973c11c217d50252f13f940345598ba63eb772	3637	EV verification results, reviews and records, with the pages that classify them	execution plan, the owner's reviews and prompts, review routes, and the filed records of each work round
v2/docs/records/w3b/evidence/gates-after/inhibit_chain_e.verdict.json	b57f77548e4f5c8ebd096bfed26ed7eb0b513f64	7408020715eefbedaf8b01ac0f28a6b53a975b20debd03add3e730041fbb1237	2907	EV verification results, reviews and records, with the pages that classify them	execution plan, the owner's reviews and prompts, review routes, and the filed records of each work round
v2/docs/records/w3b/evidence/gates-after/inhibit_chain_p.verdict.json	7475f27b8af47eac5c444e1dc62395bffa55d45c	b0c2adf5aa1af2dcab7eb41c1f8b07ee96975a2aa2afbb3c115bdad509f6c6de	2650	EV verification results, reviews and records, with the pages that classify them	execution plan, the owner's reviews and prompts, review routes, and the filed records of each work round
v2/docs/records/w3b/evidence/gates-after/intent_rails.log	4c0949f52dbc1d40b06cb74b0b8384ae41fe8b23	0e95f98d978b40574e0e89f9f92b9465fa1fea4124ca2fa7a7175043343ef4ac	16693	EV verification results, reviews and records, with the pages that classify them	execution plan, the owner's reviews and prompts, review routes, and the filed records of each work round
v2/docs/records/w3b/evidence/gates-after/intent_rails.verdict.json	f64b0df6006242463f758a777e8b8daddf069794	28c4febfecfe8134128add1f0555c28b5124a08654af541450e802b72c4d766f	11417	EV verification results, reviews and records, with the pages that classify them	execution plan, the owner's reviews and prompts, review routes, and the filed records of each work round
v2/docs/records/w3b/evidence/gates-after/pin_map_lands.log	d809899bdfabb5c6904633f924074b25c642e21d	fadc2507340704ce35b4f2a6ea2236babb202fdae940b0ec4d2abe9c2cd8e6f9	221	EV verification results, reviews and records, with the pages that classify them	execution plan, the owner's reviews and prompts, review routes, and the filed records of each work round
v2/docs/records/w3b/evidence/gates-after/pin_map_lands_b.verdict.json	bbf1bcade2cc491af736b80a684f3e41d63a0ad3	edb38adb1b87d0a54284465478eb83f18c1ca704f53768b886334271723347a3	1458	EV verification results, reviews and records, with the pages that classify them	execution plan, the owner's reviews and prompts, review routes, and the filed records of each work round
v2/docs/records/w3b/evidence/gates-after/port_protect.log	aa0abd7308d05f38aeb8e60a0af0aa06cdb54377	b5a5d078f995486a8ea0346899e7f2c196dcbfd0b454762aaa78398945abb047	1538	EV verification results, reviews and records, with the pages that classify them	execution plan, the owner's reviews and prompts, review routes, and the filed records of each work round
v2/docs/records/w3b/evidence/gates-after/port_protect.verdict.json	2e3d1605d7c815b59e5500bbea2a2a2866c45f3d	ead3d9a308d4902d2358870a94c3843eab4fc1cc0c728f87b424ccfce993db79	1725	EV verification results, reviews and records, with the pages that classify them	execution plan, the owner's reviews and prompts, review routes, and the filed records of each work round
v2/docs/records/w3b/evidence/gates-after/port_protect_b.verdict.json	2eaec3e6a2d2899389825f786075edcd9b58c3e7	d185f96fa797322cc417d3933953da09b36a1d4fb3650d9fc3a2e7a23c9225ea	1804	EV verification results, reviews and records, with the pages that classify them	execution plan, the owner's reviews and prompts, review routes, and the filed records of each work round
v2/docs/records/w3b/evidence/gates-after/power_path.log	df4f1f7c03e3e4a4de8e5e3e5267780ad80bf231	833645aa7793ff892647f8981b7cc432b896b9f8bb00d60434422e6c06eb884c	1155	EV verification results, reviews and records, with the pages that classify them	execution plan, the owner's reviews and prompts, review routes, and the filed records of each work round
v2/docs/records/w3b/evidence/gates-after/power_path.verdict.json	35c5da0bbf13ea87f3416aca50b833f00fc94fea	f140981cadb7ecfec357bcff51cfcd2ffa08a97a4991436f34ff175b6291aa9c	1185	EV verification results, reviews and records, with the pages that classify them	execution plan, the owner's reviews and prompts, review routes, and the filed records of each work round
v2/docs/records/w3b/evidence/gates-after/power_sequence.log	0fbd831f9956efaccb7b10b2897293bb7a709387	4f26e89690f6c5c222190f5a45faf1671785cf298aa75abace09a84699c39373	4460	EV verification results, reviews and records, with the pages that classify them	execution plan, the owner's reviews and prompts, review routes, and the filed records of each work round
v2/docs/records/w3b/evidence/gates-after/power_sequence.verdict.json	bc95b1efb76e29c3ae73357f7397f5658c47ce3a	e8c06fae56242da6933bc8b19da4d657b8f84e634456f22c134fb98edf4abab2	1745	EV verification results, reviews and records, with the pages that classify them	execution plan, the owner's reviews and prompts, review routes, and the filed records of each work round
v2/docs/records/w3b/evidence/gates-after/review_nets.log	735ab538a40b565fb5100a872102c85a7418c9ff	edf934ae4774c56ea149d2bb6366a73614cff81fd21c06efacda5ca010a7e9b9	1434	EV verification results, reviews and records, with the pages that classify them	execution plan, the owner's reviews and prompts, review routes, and the filed records of each work round
v2/docs/records/w3b/evidence/gates-after/safe_lines.log	2f9d7efdb1ba0cbc8a78d85e45978d75e751ad24	34a4483a386c1f3ce5799d4c88a45354c3c94440990cbb9c5261cfae3e82b6f7	1057	EV verification results, reviews and records, with the pages that classify them	execution plan, the owner's reviews and prompts, review routes, and the filed records of each work round
v2/docs/records/w3b/evidence/gates-after/safe_lines.verdict.json	815af4e59be216898a9d4d91694fa53813b03b2a	42591e3b1851539405fc94350e6b222140411c58d8581f440766ffbc19cff828	2468	EV verification results, reviews and records, with the pages that classify them	execution plan, the owner's reviews and prompts, review routes, and the filed records of each work round
v2/docs/records/w3b/evidence/gates-after/safe_lines_b.verdict.json	d5e138b114704ba8196e5c4cdca89e28ebc649f0	1ce5b34a4c6492d66545a4484e51dc75814d5e877fa59441755efed5b6d51b78	2470	EV verification results, reviews and records, with the pages that classify them	execution plan, the owner's reviews and prompts, review routes, and the filed records of each work round
v2/docs/records/w3b/evidence/gates-after/tx_inhibit.log	c5106131730989f80b471ad139804b0b0546b625	921c66582315c270867ff43aabafbd4c8434a83decc1d7f24674ad52f94a7182	18435	EV verification results, reviews and records, with the pages that classify them	execution plan, the owner's reviews and prompts, review routes, and the filed records of each work round
v2/docs/records/w3b/evidence/gates-before/check_contracts.log	da83d0acb1970723809c990fc9e93036d4da78c2	757343a55caf14774bf371cfc0e0cbf2474ac45b4461f9560fa5b7819b89b2d3	24221	EV verification results, reviews and records, with the pages that classify them	execution plan, the owner's reviews and prompts, review routes, and the filed records of each work round
v2/docs/records/w3b/evidence/gates-before/check_contracts.verdict.json	539e27c407dcbf2aca5dc03c61387470d441ba37	7022c36389400ce153b41fc315f6e7f6f1748bef395a80ee6bd297b7d5caec61	2941	EV verification results, reviews and records, with the pages that classify them	execution plan, the owner's reviews and prompts, review routes, and the filed records of each work round
v2/docs/records/w3b/evidence/gates-before/check_contracts_a.verdict.json	143737692dd81efbf8d6be98cef97c7c0901ecf6	81c15f908f4f92e3b88981dfd54ce85f1e7d20a122af89ea79d52dadda36a44d	2693	EV verification results, reviews and records, with the pages that classify them	execution plan, the owner's reviews and prompts, review routes, and the filed records of each work round
v2/docs/records/w3b/evidence/gates-before/check_contracts_b.verdict.json	bd716168678edc8d30d43f61a8dc60e9f513beea	af9553cbc749de619f9eaed520c86d442dee095bc560647824fc935d5b08de1f	2438	EV verification results, reviews and records, with the pages that classify them	execution plan, the owner's reviews and prompts, review routes, and the filed records of each work round
v2/docs/records/w3b/evidence/gates-before/check_contracts_c.verdict.json	238fd20731920cba64b9d28ee9d2a2f4bfe42bf9	d39c8ba3e50e6977f32fc6ff2973ce874f79b84dd411de4257011e489b86ae89	2436	EV verification results, reviews and records, with the pages that classify them	execution plan, the owner's reviews and prompts, review routes, and the filed records of each work round
v2/docs/records/w3b/evidence/gates-before/check_contracts_d.verdict.json	a65e984bd79c173c96cf9cbd6f2128083e1e9c49	902d87d5413bd6d591574543b3268d60c442b923d2409e1c14fc9fe3172f4bf8	2438	EV verification results, reviews and records, with the pages that classify them	execution plan, the owner's reviews and prompts, review routes, and the filed records of each work round
v2/docs/records/w3b/evidence/gates-before/check_contracts_e.verdict.json	98dcaa9591a212efdefd1777c6909b3f0333ec6a	9e9c912b2d50e11d91156a94b84611753d007b501136d80a5ac3b29d9ad06c36	2165	EV verification results, reviews and records, with the pages that classify them	execution plan, the owner's reviews and prompts, review routes, and the filed records of each work round
v2/docs/records/w3b/evidence/gates-before/check_contracts_p.verdict.json	e2aa07831fd4cd2276259f93902893035d6b0fde	ac861e6abefb13d9a88a29741f441d7802ca66e9c321fd13aaffc56020e67037	1906	EV verification results, reviews and records, with the pages that classify them	execution plan, the owner's reviews and prompts, review routes, and the filed records of each work round
v2/docs/records/w3b/evidence/gates-before/clock_check.log	157c5d78c5f41728f454191de15f22cfc3e622d4	0f52220d2d6615664516b6b28aec64c63f14908fdcb00e265e5eb342c3194e8f	1386	EV verification results, reviews and records, with the pages that classify them	execution plan, the owner's reviews and prompts, review routes, and the filed records of each work round
v2/docs/records/w3b/evidence/gates-before/clock_check.verdict.json	bba8d96e37e2c75ac9ccdea8040b03dccfc5e33f	9a328bd1172737f7f5678f7de963d4a22247587c62f772fd1e6687c2f7f55f9f	1258	EV verification results, reviews and records, with the pages that classify them	execution plan, the owner's reviews and prompts, review routes, and the filed records of each work round
v2/docs/records/w3b/evidence/gates-before/derate.log	1dbb02bcfa8942c15ecc3ddfd000d58669697b13	b65558db711189ad52f0c5c8d800678a81ad1e087a316e2292ef323034c039bf	595	EV verification results, reviews and records, with the pages that classify them	execution plan, the owner's reviews and prompts, review routes, and the filed records of each work round
v2/docs/records/w3b/evidence/gates-before/derate.verdict.json	4fba98d62b6570f9513de065f49207ea9da94e10	44350aa7072b04766410b6052f985d6ef1ce1f3f82d7db993cb9a57f5104886c	1293	EV verification results, reviews and records, with the pages that classify them	execution plan, the owner's reviews and prompts, review routes, and the filed records of each work round
v2/docs/records/w3b/evidence/gates-before/edge_length.log	d3fac6c335186a93d8b5ac8b274865b6334f53df	f912f5d727a1213666f6d0597770f4febb627a042f3d86cc632b3fa68802445c	12727	EV verification results, reviews and records, with the pages that classify them	execution plan, the owner's reviews and prompts, review routes, and the filed records of each work round
v2/docs/records/w3b/evidence/gates-before/edge_length.verdict.json	074f16ce84764ffc8ec4464b38382083f594e5e5	18544c51deb1b9d97abcf7ee9664166dba67bfc2f1a90719f739f49a70abcac0	27396	EV verification results, reviews and records, with the pages that classify them	execution plan, the owner's reviews and prompts, review routes, and the filed records of each work round
v2/docs/records/w3b/evidence/gates-before/energy_chain.log	866ac59ed9a7ac592a93eaeb4022a0b04165a22d	9ec7be1be121756e26bf2c06366ce9c0b2fdce213c26b63f4c1e9d395080bccd	2579	EV verification results, reviews and records, with the pages that classify them	execution plan, the owner's reviews and prompts, review routes, and the filed records of each work round
v2/docs/records/w3b/evidence/gates-before/energy_chain.verdict.json	d96b6e95928861f5ab2d186d91e3ada35842d41a	2457e4ffd133d33a1e9b2c59c4c54d8b1020ae5534b36bc0c0863a43abc5ff78	2479	EV verification results, reviews and records, with the pages that classify them	execution plan, the owner's reviews and prompts, review routes, and the filed records of each work round
v2/docs/records/w3b/evidence/gates-before/energy_chain_a.verdict.json	60035656010b486491a5378bb07e737eccb2f13d	7a7c4ef73214efb151f13f8b1c1360794c39c9cb634407fbf9cfbafd450d9cbc	1750	EV verification results, reviews and records, with the pages that classify them	execution plan, the owner's reviews and prompts, review routes, and the filed records of each work round
v2/docs/records/w3b/evidence/gates-before/energy_chain_b.verdict.json	c586c0cb008f21a075150010c3eb6c8e3f9c0a7a	659c8d456e87a8c0dd5f4f5bf2a4da649849b0ce48f433fe11d257e252bcf026	1612	EV verification results, reviews and records, with the pages that classify them	execution plan, the owner's reviews and prompts, review routes, and the filed records of each work round
v2/docs/records/w3b/evidence/gates-before/energy_chain_e.verdict.json	b9194ee794cd705920206f9278da23e394d44536	27da3c3e18a1ecb24db6170dc60a04e6b6a3ce3d4d7990901fa9a714dbe2ea2a	1750	EV verification results, reviews and records, with the pages that classify them	execution plan, the owner's reviews and prompts, review routes, and the filed records of each work round
v2/docs/records/w3b/evidence/gates-before/energy_chain_e5.verdict.json	1513296f16e6c6120908f7dc6f65fc2dc872fead	a05a9fbf18b25de4d7b13dc8aefb4b0a8ecb87854d0ff5d5d4926ccdd4257f09	1558	EV verification results, reviews and records, with the pages that classify them	execution plan, the owner's reviews and prompts, review routes, and the filed records of each work round
v2/docs/records/w3b/evidence/gates-before/energy_chain_p.verdict.json	6aaef3bf3852210bacbdf1244861fba0553abaf6	ef32c9b14e0305891bfafeb5e3f34ba303b3b43d0113517a4476291da4f165ad	1606	EV verification results, reviews and records, with the pages that classify them	execution plan, the owner's reviews and prompts, review routes, and the filed records of each work round
v2/docs/records/w3b/evidence/gates-before/ground_system.log	95e0529aa654a801ba3ef3746e035cd2b498c036	5eeea039935262ffa6b999d5039b902d25598faf4800c0f04fa88bf1276f521a	381	EV verification results, reviews and records, with the pages that classify them	execution plan, the owner's reviews and prompts, review routes, and the filed records of each work round
v2/docs/records/w3b/evidence/gates-before/ground_system.verdict.json	41e76eac9035a60985059a6177bd73e59d016a4d	fded0efa127769570294cbb1f9fa31cfb11ac0e2edcfb9fd2529b718b4df6094	1264	EV verification results, reviews and records, with the pages that classify them	execution plan, the owner's reviews and prompts, review routes, and the filed records of each work round
v2/docs/records/w3b/evidence/gates-before/inhibit_chain_a.verdict.json	e2f7192f032330ed4061b0a94b3f5d372dc3bf55	e66b2b9bc112d28e78d58356377e2333bdc7a1cc3609d3bc1525ebeffa10ec41	4270	EV verification results, reviews and records, with the pages that classify them	execution plan, the owner's reviews and prompts, review routes, and the filed records of each work round
v2/docs/records/w3b/evidence/gates-before/inhibit_chain_b.verdict.json	6edde99934231c688e6c78aadebdb3b98a87dc11	00423b8c7400041aa40b6d30fb22843595dea4c5b8b535aabb1304735e05df5e	5382	EV verification results, reviews and records, with the pages that classify them	execution plan, the owner's reviews and prompts, review routes, and the filed records of each work round
v2/docs/records/w3b/evidence/gates-before/inhibit_chain_c.verdict.json	186aaa93be44f60d55c9eae8f40bd545de71e9df	01eef7200b85b002f0b3c38c5eb94a098c2ffb279d56f1641e546c54461f12a1	3802	EV verification results, reviews and records, with the pages that classify them	execution plan, the owner's reviews and prompts, review routes, and the filed records of each work round
v2/docs/records/w3b/evidence/gates-before/inhibit_chain_d.verdict.json	7c490bc9e6bad8b87252a86b18538874a67aad2b	e05da462c63f80a09d5137cac0663e4869ea082aab4bd9f34d480c524e951f66	3631	EV verification results, reviews and records, with the pages that classify them	execution plan, the owner's reviews and prompts, review routes, and the filed records of each work round
v2/docs/records/w3b/evidence/gates-before/inhibit_chain_e.verdict.json	d075ad04029a9259d2a69c12afae0f35df43a07d	6b11cbbd5fe71cd0ee207c7fa3b964f63cd8416cf0653547364d840d51211a1f	2901	EV verification results, reviews and records, with the pages that classify them	execution plan, the owner's reviews and prompts, review routes, and the filed records of each work round
v2/docs/records/w3b/evidence/gates-before/inhibit_chain_p.verdict.json	50c386de327f4acf802c5d5fd4012bf4790039b9	0491d6683892ff0d0234f12c07261f87890a5581dcc358ce8d7086076795bb86	2644	EV verification results, reviews and records, with the pages that classify them	execution plan, the owner's reviews and prompts, review routes, and the filed records of each work round
v2/docs/records/w3b/evidence/gates-before/intent_rails.log	b5218413db9aa1ceabf2b23a419dca4791483690	7b85e395fe43fd8fe2c0419d16153232d96e72b414a6dfdc28e77b9c0b24da5d	21059	EV verification results, reviews and records, with the pages that classify them	execution plan, the owner's reviews and prompts, review routes, and the filed records of each work round
v2/docs/records/w3b/evidence/gates-before/intent_rails.verdict.json	46b3f097b1f7aea1d77c3aaa926096d560fd68c0	e83c1c592f914a6ae2e130cd905deb84b8bddf74e97433111437ea06b819e446	14394	EV verification results, reviews and records, with the pages that classify them	execution plan, the owner's reviews and prompts, review routes, and the filed records of each work round
v2/docs/records/w3b/evidence/gates-before/pin_map_lands.log	57ad869c1afa6e7a9388c3cd078ae61fff52bdd6	2c367ca833fdd202038bae999580f8e2246645b970cb1d31d414c1f855d11474	221	EV verification results, reviews and records, with the pages that classify them	execution plan, the owner's reviews and prompts, review routes, and the filed records of each work round
v2/docs/records/w3b/evidence/gates-before/pin_map_lands_b.verdict.json	490718b572e854ad205ad91a4f9c58844d4a929c	c81ed22d4f9c6e4548c9f267bdfec41ae3d5b87c0a0ce024aa3c50b0e3936481	1452	EV verification results, reviews and records, with the pages that classify them	execution plan, the owner's reviews and prompts, review routes, and the filed records of each work round
v2/docs/records/w3b/evidence/gates-before/port_protect.log	aa0abd7308d05f38aeb8e60a0af0aa06cdb54377	b5a5d078f995486a8ea0346899e7f2c196dcbfd0b454762aaa78398945abb047	1538	EV verification results, reviews and records, with the pages that classify them	execution plan, the owner's reviews and prompts, review routes, and the filed records of each work round
v2/docs/records/w3b/evidence/gates-before/port_protect.verdict.json	3ae00683742d1215e1887a5d4ab995a212c023ea	a5651ed01123f4d7c791add5073d681d50697d6bf60ec646dc9ec6d74542b323	1719	EV verification results, reviews and records, with the pages that classify them	execution plan, the owner's reviews and prompts, review routes, and the filed records of each work round
v2/docs/records/w3b/evidence/gates-before/port_protect_b.verdict.json	3f5a34badc41c1ec3a4eef63cdcad6b2c68f72d1	772368e6e62ab07a272953118b7597ef842d31467ddb3c3846e4ab90e7a4742f	1798	EV verification results, reviews and records, with the pages that classify them	execution plan, the owner's reviews and prompts, review routes, and the filed records of each work round
v2/docs/records/w3b/evidence/gates-before/power_path.log	3d000b80a30af82211e95d1ad9d58677561aa8f2	8b41bae25f77c6f12d4c64200ee5e292e72f26484524785e2cdb4f267c077fb6	1155	EV verification results, reviews and records, with the pages that classify them	execution plan, the owner's reviews and prompts, review routes, and the filed records of each work round
v2/docs/records/w3b/evidence/gates-before/power_path.verdict.json	0d4fb3f2d3c2c3ce6a1538f1f7863587664f9472	f9e729d1022c7be7a6141f4e7a6af3b97db8ffe69443a8f7d8f203645a44aa1c	1179	EV verification results, reviews and records, with the pages that classify them	execution plan, the owner's reviews and prompts, review routes, and the filed records of each work round
v2/docs/records/w3b/evidence/gates-before/power_sequence.log	c937c67e3e53f6d7c317da3c3feb5c11d2487c82	4d2204b9f802a26e71b96d0eef8b0d0547917eb03aa3e3bb5d8e591537f57af7	3460	EV verification results, reviews and records, with the pages that classify them	execution plan, the owner's reviews and prompts, review routes, and the filed records of each work round
v2/docs/records/w3b/evidence/gates-before/power_sequence.verdict.json	3e598ff14219ae5469f67dc9fd42544d3e2e841f	7d3eed3351c8129bf4b406ce9fe36cd22c22d2b4a334b0efc2d5aa3a76021e2a	1738	EV verification results, reviews and records, with the pages that classify them	execution plan, the owner's reviews and prompts, review routes, and the filed records of each work round
v2/docs/records/w3b/evidence/gates-before/review_nets.log	6da2dde7adde0c8bc82a217f156656163f5d1dc6	078d037349c3d4dd427d3ec0acedc18ae2de8606dc07796b612bcb2d3106e492	1664	EV verification results, reviews and records, with the pages that classify them	execution plan, the owner's reviews and prompts, review routes, and the filed records of each work round
v2/docs/records/w3b/evidence/gates-before/safe_lines.log	2f9d7efdb1ba0cbc8a78d85e45978d75e751ad24	34a4483a386c1f3ce5799d4c88a45354c3c94440990cbb9c5261cfae3e82b6f7	1057	EV verification results, reviews and records, with the pages that classify them	execution plan, the owner's reviews and prompts, review routes, and the filed records of each work round
v2/docs/records/w3b/evidence/gates-before/tx_inhibit.log	c5106131730989f80b471ad139804b0b0546b625	921c66582315c270867ff43aabafbd4c8434a83decc1d7f24674ad52f94a7182	18435	EV verification results, reviews and records, with the pages that classify them	execution plan, the owner's reviews and prompts, review routes, and the filed records of each work round
v2/docs/records/w3b/evidence/gates-box/base/erc_gate.log	2af4e5f8930882e87898b614016e3d459a66e777	3b25e5c57e3c082aac620186ef44f8a1c5a080b429541525b36c4bcfc0d5a850	729	EV verification results, reviews and records, with the pages that classify them	execution plan, the owner's reviews and prompts, review routes, and the filed records of each work round
v2/docs/records/w3b/evidence/gates-box/base/intent_board.log	76e65f81b89b2861ff10da258572079c494a2fe6	17a1fa808b9646fdeedba3154b6a5ffa9b25e19db32162b0e8649a772ff30d2b	193537	EV verification results, reviews and records, with the pages that classify them	execution plan, the owner's reviews and prompts, review routes, and the filed records of each work round
v2/docs/records/w3b/evidence/gates-box/base/intent_checks.verdict.json	4c40ca71acd31584cfe67eec144afb8debd14014	ab558bf0e17e00c1f0f0c4f19f611bb958a20e467c7a5330ae40055845a0f734	5138	EV verification results, reviews and records, with the pages that classify them	execution plan, the owner's reviews and prompts, review routes, and the filed records of each work round
v2/docs/records/w3b/evidence/gates-box/base/intent_decoupling.verdict.json	a8d3b99c1f1fbbc9c5db2dd09c580ab77533828d	858f5f8db0f4338c872c960f9a5767ca9ef0b6044abb316d84e49cfff71b5e38	2675	EV verification results, reviews and records, with the pages that classify them	execution plan, the owner's reviews and prompts, review routes, and the filed records of each work round
v2/docs/records/w3b/evidence/gates-box/base/intent_other.verdict.json	6e2572f0cedb53c3fe45cc437bab317e89c580e9	83c30137bdee9a9300ffad74d285c0a075544c70e11435711757ce6a9c9c1180	1668	EV verification results, reviews and records, with the pages that classify them	execution plan, the owner's reviews and prompts, review routes, and the filed records of each work round
v2/docs/records/w3b/evidence/gates-box/base/intent_rails.verdict.json	e48fcc8a7e6ab6bdfae9202ec889f922c53f97b5	55065cf73cd5f8c3b805b96e5f0a123f0646605e6e706c154efd4a9310417f6d	14434	EV verification results, reviews and records, with the pages that classify them	execution plan, the owner's reviews and prompts, review routes, and the filed records of each work round
v2/docs/records/w3b/evidence/gates-box/base/intent_return_path.verdict.json	52243de6907110821a5baad75efdbd8ba64f825c	0bb420a3c6916e7098e64feab270d2d51c0224322786d48491b7c7d727c4f439	2000	EV verification results, reviews and records, with the pages that classify them	execution plan, the owner's reviews and prompts, review routes, and the filed records of each work round
v2/docs/records/w3b/evidence/gates-box/base/intent_return_via.verdict.json	1c5a0a82e92f74e93c6f97c11023d3b0a8e56f80	d2066e5ff27794a4b2c850ba84414c06168cf4e3d23e349c80ed7ef4bc2f699d	2160	EV verification results, reviews and records, with the pages that classify them	execution plan, the owner's reviews and prompts, review routes, and the filed records of each work round
v2/docs/records/w3b/evidence/gates-box/cand/erc_gate.log	db1f9613d09385704a8acef9871e2215f249430f	77a8841ce7b38f3d1ecb5b8da45bbd9b288f13a66136d6a51f961820f30ffb5a	729	EV verification results, reviews and records, with the pages that classify them	execution plan, the owner's reviews and prompts, review routes, and the filed records of each work round
v2/docs/records/w3b/evidence/gates-box/cand/intent_board.log	c3633c6fb3ab430c67ce7c86f8955deee7e50dde	f27d5075fa5b534929a8cf15949e16e1cc451dab8d7f6583f9152e9e2d53df1f	190686	EV verification results, reviews and records, with the pages that classify them	execution plan, the owner's reviews and prompts, review routes, and the filed records of each work round
v2/docs/records/w3b/evidence/gates-box/cand/intent_checks.verdict.json	e8be12e747f5dd091b8fd74fac6610d6e9589d0a	8bd6395a2cd7f7e1ce42a45c14f4141d962c194f6f2c8f5d096535a1796de6ed	5138	EV verification results, reviews and records, with the pages that classify them	execution plan, the owner's reviews and prompts, review routes, and the filed records of each work round
v2/docs/records/w3b/evidence/gates-box/cand/intent_decoupling.verdict.json	d7adb29fde6f727593c77dbed8961e963cd6a11c	09d2cf0e239bacd16458927620f87a64fd28b86e12e4ec76482d108f87427b8c	2675	EV verification results, reviews and records, with the pages that classify them	execution plan, the owner's reviews and prompts, review routes, and the filed records of each work round
v2/docs/records/w3b/evidence/gates-box/cand/intent_other.verdict.json	c7fd6776fa37df7b8272e2a17aad833b9bc9187e	29a1f90f9806cf1a86c7f753c39ec4905bafb226278f1183a997343c902023a0	1765	EV verification results, reviews and records, with the pages that classify them	execution plan, the owner's reviews and prompts, review routes, and the filed records of each work round
v2/docs/records/w3b/evidence/gates-box/cand/intent_rails.verdict.json	df740154d147b08babeed6448e170119c5841db5	8c78808ddee1c69989990d03d81df90628ee361228bbabc45cc649223f89c2ef	11451	EV verification results, reviews and records, with the pages that classify them	execution plan, the owner's reviews and prompts, review routes, and the filed records of each work round
v2/docs/records/w3b/evidence/gates-box/cand/intent_return_path.verdict.json	17726e770f374b1299cf245184ba372ca4a2b01e	223ff58b9cbc3bdb28858bbbed12e06e6751971e526586daab5e353da311fbb1	2000	EV verification results, reviews and records, with the pages that classify them	execution plan, the owner's reviews and prompts, review routes, and the filed records of each work round
v2/docs/records/w3b/evidence/gates-box/cand/intent_return_via.verdict.json	08edc61e5397c7e5622108fa2521a1455e9f97d1	f8219f01a9e807567f5f612fe24ecc10becbe670a48bb3c2b0b6af8eaa749d48	2160	EV verification results, reviews and records, with the pages that classify them	execution plan, the owner's reviews and prompts, review routes, and the filed records of each work round
v2/docs/records/w3b/evidence/jlc-certify-w3b.txt	57d7f45b31a362c40281931cf809c65171d0f26d	75db55ee972ec8e69656689093607ca0d450d089c988b92d6805d96076092b3c	1017	EV verification results, reviews and records, with the pages that classify them	execution plan, the owner's reviews and prompts, review routes, and the filed records of each work round
v2/docs/records/w3b/evidence/pwr001-after.txt	4c0949f52dbc1d40b06cb74b0b8384ae41fe8b23	0e95f98d978b40574e0e89f9f92b9465fa1fea4124ca2fa7a7175043343ef4ac	16693	EV verification results, reviews and records, with the pages that classify them	execution plan, the owner's reviews and prompts, review routes, and the filed records of each work round
v2/docs/records/w3b/evidence/pwr001-before.txt	d95fb11c15a51b61497f5cc2f4ba7c9f383b8e72	62f59401245d22517c6b04e09a81f4f80d1bbef65a86f285fcd986971676433f	21052	EV verification results, reviews and records, with the pages that classify them	execution plan, the owner's reviews and prompts, review routes, and the filed records of each work round
v2/docs/records/w3b/evidence/registry-patch-preview.diff	f0123c59513052dea430628ac941e50044083ddf	b55ac6aab7d0d0612f66464e83dac1f49d05ba9edd868b84f49389d2dac25add	30840	EV verification results, reviews and records, with the pages that classify them	execution plan, the owner's reviews and prompts, review routes, and the filed records of each work round
v2/docs/records/w3b/evidence/requirements-check-after-patch.txt	2d0c02d834c9e6904ba20910df2a1900cb9eacd9	acbfd2c0c3c85674290707b6ccbf8c87415c6ec6e6bf6a79b439966e31877196	1355	EV verification results, reviews and records, with the pages that classify them	execution plan, the owner's reviews and prompts, review routes, and the filed records of each work round
v2/docs/records/w3b/evidence/requirements-check-before-patch.txt	58bf15b2fc8c0cb20e8a01b9e1eb34f95496056b	c7664709ab685b4a83c3ff9167bc81a8320de82a3763ccdf9833301385472c11	4343	EV verification results, reviews and records, with the pages that classify them	execution plan, the owner's reviews and prompts, review routes, and the filed records of each work round
v2/docs/records/w3b/evidence/stray-safe-lines/safe_lines.verdict.json	1d1154d66c1b104e6f65ef95101a141a45e7b224	336625732b828d13147603b3ae4caeee3a0f229e266cab6c5275735af452eb69	2468	EV verification results, reviews and records, with the pages that classify them	execution plan, the owner's reviews and prompts, review routes, and the filed records of each work round
v2/docs/records/w3b/evidence/stray-safe-lines/safe_lines_b.verdict.json	7810f787b9d60c6e384fefa0aca9acf94bed1586	156529a807b3d1b9ed2726a8ad32ae6368a5fb93abf1946123bae8b3b0c1d7db	2470	EV verification results, reviews and records, with the pages that classify them	execution plan, the owner's reviews and prompts, review routes, and the filed records of each work round
v2/docs/records/w3b/expected_w3b.json	5fd8aa8481586bdc9365277eeb6e7d06431a3f14	1b2c50bbfad8ea5e994b0138edf97af6c69ccd37a486664f81b04c452e9f8a82	1826	EV verification results, reviews and records, with the pages that classify them	execution plan, the owner's reviews and prompts, review routes, and the filed records of each work round
v2/docs/records/w3b/page-drafts.md	5e28f68c3109fb6c23601b49188e0d19a8ad74d5	f322b3f3e5140b201521f9fd7120a23de8bf9a73c657d6c721f37b2d84606aca	4831	EV verification results, reviews and records, with the pages that classify them	execution plan, the owner's reviews and prompts, review routes, and the filed records of each work round
v2/docs/records/w3b/page_drafts_r8int5.py	d8d990ef92f1b4f063f96dcdfdb539e06da9acd9	6c9eb5d9af5007c21b1641b30ae0b6c868f392477139ba0f3f4c5d80f1639e9e	6278	EV verification results, reviews and records, with the pages that classify them	execution plan, the owner's reviews and prompts, review routes, and the filed records of each work round
v2/docs/records/w3b/rebind_w3b.py	34329218e85e0536abcf14fc6c325390468e71d6	df8178c64fffcce5715dac85f63464eddb62fbad3a501328d357465a6906c41a	1242	EV verification results, reviews and records, with the pages that classify them	execution plan, the owner's reviews and prompts, review routes, and the filed records of each work round
v2/docs/records/w3b/sources-entries.yaml	f7971a826ec970c2a7861cca79fa87323202e420	4cced32f87af88ac62c1d7b2eda063207cd825af38caa30adaa7d9510c6e79dd	1640	EV verification results, reviews and records, with the pages that classify them	execution plan, the owner's reviews and prompts, review routes, and the filed records of each work round
v2/docs/records/w3b/tools/cmp_classes.py	6e8c6f6e654d52192769e1d34dc188e874cda1ae	04ee546425b8baa4c14d1c251fc9697daa44b5ff8c3d5524abec6244b245628b	3052	EV verification results, reviews and records, with the pages that classify them	execution plan, the owner's reviews and prompts, review routes, and the filed records of each work round
v2/docs/records/w3b/tools/findq.py	54afebfa087d41997a7bd37b150f94f9eb056b74	1fbcf9f26923915a41f0d74983c18477934cd02a3e4f970611983fa6d3f69e32	596	EV verification results, reviews and records, with the pages that classify them	execution plan, the owner's reviews and prompts, review routes, and the filed records of each work round
v2/docs/records/w3b/tools/gates.sh	461bb393fcbf90272d574a19cc06050c4447db0e	f0efabc43b8c0c27d302c2aeab094cd0905fc2c20bba0082d1a3fa5068e809ef	1792	EV verification results, reviews and records, with the pages that classify them	execution plan, the owner's reviews and prompts, review routes, and the filed records of each work round
v2/docs/records/w3b/tools/rename_check.py	17dd9e4b4e7f537c384c9c1bd2c6d40f810da03f	fb9734d98c9fc7c24d28fdce5ebad3b4bfd10d80dad8fc960b1c2a6f95fdb7df	1570	EV verification results, reviews and records, with the pages that classify them	execution plan, the owner's reviews and prompts, review routes, and the filed records of each work round
v2/docs/records/w3b/tools/w3b_box.sh	4e253a3b370a9c54010fc24232cc5e549efc3acf	a306d22531be0d03f664059f3142ab63ddf032d3bbe5408a359975f6966283f0	10155	EV verification results, reviews and records, with the pages that classify them	execution plan, the owner's reviews and prompts, review routes, and the filed records of each work round
v2/docs/records/w3b/w3b-decisions.md	07db30996561ca47ee888cca5c00283d5e53925b	ae15bca76d04120c703a176b9e509c712c7a29c49113e048f2c4947c7ac9d620	12552	EV verification results, reviews and records, with the pages that classify them	execution plan, the owner's reviews and prompts, review routes, and the filed records of each work round
v2/docs/records/w3de/EQ16-dock-vin-raw.md	370075c56edca82149cd597b2488ce906deb69de	00805acbb8f97d733c8638cb8ba75dd852c062618e7caec38cf260065983c364	10605	EV verification results, reviews and records, with the pages that classify them	execution plan, the owner's reviews and prompts, review routes, and the filed records of each work round
v2/docs/records/w3de/README.md	3f4cedb7c5c4343b277a8efd6f34b270b95d715f	7eebcc9f0414f0aba4bdca60606899827a2758f53af9d46873f716823fffe06b	8647	EV verification results, reviews and records, with the pages that classify them	execution plan, the owner's reviews and prompts, review routes, and the filed records of each work round
v2/docs/records/w3de/apply_registry.py	af8f14d34418899b24388e27bac9b2a0a117502e	0f11c72ad4f4811e16e026668719069a6b2446659f212f57d252c10a29e32c3b	25091	EV verification results, reviews and records, with the pages that classify them	execution plan, the owner's reviews and prompts, review routes, and the filed records of each work round
v2/docs/records/w3de/apply_registry_r8int5.py	febc88e7e582460072b6b67940580bd06dfad46a	421389cadba95f450ccf991204e487d67184e1c9cf9b6ebe7f4128e3c7dbdd0f	10362	EV verification results, reviews and records, with the pages that classify them	execution plan, the owner's reviews and prompts, review routes, and the filed records of each work round
v2/docs/records/w3de/architecture_r8int5.py	0f20346193243fc11c72b27e5b6d53f0fd60df8b	15a8403499f33f8e902261e3d63bdcdb7e9d4d6d333809336f21304bbc4a7dd4	3923	EV verification results, reviews and records, with the pages that classify them	execution plan, the owner's reviews and prompts, review routes, and the filed records of each work round
v2/docs/records/w3de/coverage_r8int5.py	817829932c576ffb2887ab735f799d047a667bc8	4fb1965a21459018e414be75b8d2b13eb9adcaaf54041ffcffc5f773f90aea9e	1359	EV verification results, reviews and records, with the pages that classify them	execution plan, the owner's reviews and prompts, review routes, and the filed records of each work round
v2/docs/records/w3de/dock_contacts.py	255adebc1342c47b37b5d07bf17981396a8da728	acd932cbb9e31f8f0fd4563fc97d7ece21e0ce531e133040afb911da3c513b41	6851	EV verification results, reviews and records, with the pages that classify them	execution plan, the owner's reviews and prompts, review routes, and the filed records of each work round
v2/docs/records/w3de/ecss-6.11-transcription.md	73a61cc54d6eb5639ff3fbfcfac8ccf944e9ba98	a910e757d77bea6ca3646493035160e759a4c0b25b29a9c0d42dc551552b3143	2032	EV verification results, reviews and records, with the pages that classify them	execution plan, the owner's reviews and prompts, review routes, and the filed records of each work round
v2/docs/records/w3de/ecss_append_r8int5.py	1fb2d5accb16a610078efce2b9df1ed5ec139ce4	56f711f3069d1f4a2423e84a3ad1b4d5531c12456f2a0b3eed1eac89ab2af77e	1018	EV verification results, reviews and records, with the pages that classify them	execution plan, the owner's reviews and prompts, review routes, and the filed records of each work round
v2/docs/records/w3de/eq_r8int5.py	342992afb1cb4d77cf3a84174b6593282c3fca22	b1171f773fadb7d20ee022ea28e416018246073ce403acb8cd5207e7fb3126cd	2803	EV verification results, reviews and records, with the pages that classify them	execution plan, the owner's reviews and prompts, review routes, and the filed records of each work round
v2/docs/records/w3de/fix_bringup_kind_r8int5.py	81b74d01d7a9b33b2f5511910d6edc85b12321a4	701753ee8334975235b16cb45d8de0afceb17c719fb74f95c64b825066b6443a	7511	EV verification results, reviews and records, with the pages that classify them	execution plan, the owner's reviews and prompts, review routes, and the filed records of each work round
v2/docs/records/w3de/intent_compare.py	7b5b02f091d0866ee810e9ad4a276e4e7229898c	e8d3ec656dab92a051b2a75b9ab366441fb5079c59e149a1822dfd418a0ad42e	1685	EV verification results, reviews and records, with the pages that classify them	execution plan, the owner's reviews and prompts, review routes, and the filed records of each work round
v2/docs/records/w3de/net_compare.py	c499fd188b494f837baae13dbfbe50018ea124a8	99b78011e0ac94d6c6a740f1b189b93dbe6b58fa231f2cdba5cc1ddb45f24a7a	6429	EV verification results, reviews and records, with the pages that classify them	execution plan, the owner's reviews and prompts, review routes, and the filed records of each work round
v2/docs/records/w3de/parity-r8int5/a-intent_compare-vs-w3a.txt	ba6cbc40fb5730177b8fd89471fb422393480e3f	8ebcfa026c95d54be6b55840ec95f646505257557c2929de0506c466981d380c	76	EV verification results, reviews and records, with the pages that classify them	execution plan, the owner's reviews and prompts, review routes, and the filed records of each work round
v2/docs/records/w3de/parity-r8int5/a-net_compare-vs-w3a.txt	291afac3de89d14c6a2d0b5f3af2cbaf76166899	88119c1608a8d9575a63a1de71c88f56b2adcd2f43aaf33cef98d8ba8f17250b	1062	EV verification results, reviews and records, with the pages that classify them	execution plan, the owner's reviews and prompts, review routes, and the filed records of each work round
v2/docs/records/w3de/parity-r8int5/a-netcmp-w3a-reader.txt	785bcdee223cbc33fdb06c2f3a11ca9428eda86a	37f0fb8977d25b6bfdcbf9d5902ea9644a51f5d02ca98a98e99ec0657bc29dd3	2331	EV verification results, reviews and records, with the pages that classify them	execution plan, the owner's reviews and prompts, review routes, and the filed records of each work round
v2/docs/records/w3de/parity-r8int5/regen-a.log	bd41f5adcd7cbbab20774bccba56ccf0a9cf2f8e	54261b664f9adf8570bdc2095f44cd09f8f29bf5d2e3d97286ed3817311ea001	227	EV verification results, reviews and records, with the pages that classify them	execution plan, the owner's reviews and prompts, review routes, and the filed records of each work round
v2/docs/records/w3de/parity-r8int5/regen-out-a/a/committed/pcb-a-power-bom.csv	c68ec2cbece5587d99922054f469751d5fc9201f	9b4f486ea0bdc4059f02d49f91fe06a61ce08f9d3a46207711e35cda6639af2b	19800	EV verification results, reviews and records, with the pages that classify them	execution plan, the owner's reviews and prompts, review routes, and the filed records of each work round
v2/docs/records/w3de/parity-r8int5/regen-out-a/a/parity_bom.json	88f228b1351c947caf919977aebe02d122311994	b397f81b0e1c2266097e97f90c628224294a06243d3fd41bfd6dcaf86e085f13	964	EV verification results, reviews and records, with the pages that classify them	execution plan, the owner's reviews and prompts, review routes, and the filed records of each work round
v2/docs/records/w3de/parity-r8int5/regen-out-a/a/parity_erc.json	d437b106397bde616d2918dfd9a9db0ff5d210fb	f99d994ce7d068d5e091c9c8d39eaf9b86a34a40e70c1c559d6bacf461d21057	5896	EV verification results, reviews and records, with the pages that classify them	execution plan, the owner's reviews and prompts, review routes, and the filed records of each work round
v2/docs/records/w3de/parity-r8int5/regen-out-a/a/parity_intent.json	4d34ab9ee28dfd24de96e0c620b19433ceaaa9be	214d3adea5e691ba210564b1565bec561a862212c564d7b33a26efadde7d4b2c	79	EV verification results, reviews and records, with the pages that classify them	execution plan, the owner's reviews and prompts, review routes, and the filed records of each work round
v2/docs/records/w3de/parity-r8int5/regen-out-a/a/parity_netlist.json	1b7cf6f3ecd2f49f7b40518d0df752b74a70c0af	6db82494cf4df17757a04130d1d5c2e96f1878667f06c51b20ffe0ac90449a7f	6545	EV verification results, reviews and records, with the pages that classify them	execution plan, the owner's reviews and prompts, review routes, and the filed records of each work round
v2/docs/records/w3de/parity-r8int5/regen-out-a/a/parity_schematic.json	04971043ff7339de98584736eb022841519fd7f1	7c3974e57d117b568d54ff9bf25b77f4a40c97453747122d9a6efeb9618b5ae4	9122	EV verification results, reviews and records, with the pages that classify them	execution plan, the owner's reviews and prompts, review routes, and the filed records of each work round
v2/docs/records/w3de/parity-r8int5/regen-out-a/a/regen-pcb-a-power-bom.csv	467e37b7bf527e1cbfa81ad0ada9be336e84ea8c	f0eec9a40c1fb30f5fb7567cf4c848e85ec8c71aa8653785f9f05470694eb35d	20059	EV verification results, reviews and records, with the pages that classify them	execution plan, the owner's reviews and prompts, review routes, and the filed records of each work round
v2/docs/records/w3de/parity-r8int5/regen-out-a/a/regen.json	ae7ce6a29fb325d49caf7514ecda44646ceca00d	2236dca176cf7ba71b42fa64322d83c61cffae7c3c974f45e7f9ecaa1b4a35e3	4555	EV verification results, reviews and records, with the pages that classify them	execution plan, the owner's reviews and prompts, review routes, and the filed records of each work round
v2/docs/records/w3de/parity/a-draft/candidate/intent_compare.txt	ba6cbc40fb5730177b8fd89471fb422393480e3f	8ebcfa026c95d54be6b55840ec95f646505257557c2929de0506c466981d380c	76	EV verification results, reviews and records, with the pages that classify them	execution plan, the owner's reviews and prompts, review routes, and the filed records of each work round
v2/docs/records/w3de/parity/a-draft/candidate/net_compare.json	0d81c16222d287476a1f22c1a4f10f7330a3174b	f68d220fb731a4d69f17f9fa66ec0cb0fe670de0ffe5dbf14179700a2d6bf2c0	1222	EV verification results, reviews and records, with the pages that classify them	execution plan, the owner's reviews and prompts, review routes, and the filed records of each work round
v2/docs/records/w3de/parity/a-draft/candidate/parity_bom.json	75527ae239f0515e19ff3f4f99255baf9b90bf92	715b0fd47d781aabc19d515fb7f95d5e111acc1cb365677aa2ab5b4a6658cc65	964	EV verification results, reviews and records, with the pages that classify them	execution plan, the owner's reviews and prompts, review routes, and the filed records of each work round
v2/docs/records/w3de/parity/a-draft/candidate/parity_erc.json	46dcea110b7aab04a398534b3a2cdc965a03bd5b	128382836df9fb038a69c153ef2a20140af9af934523cf7c69d8da08462e59d2	5108	EV verification results, reviews and records, with the pages that classify them	execution plan, the owner's reviews and prompts, review routes, and the filed records of each work round
v2/docs/records/w3de/parity/a-draft/candidate/parity_intent.json	4d34ab9ee28dfd24de96e0c620b19433ceaaa9be	214d3adea5e691ba210564b1565bec561a862212c564d7b33a26efadde7d4b2c	79	EV verification results, reviews and records, with the pages that classify them	execution plan, the owner's reviews and prompts, review routes, and the filed records of each work round
v2/docs/records/w3de/parity/a-draft/candidate/parity_netlist.json	43900d66ba5e760d2ed4e7ca23f093c355bb9f73	9ffed1141cde450ee8c0676332333e9882adead56e849bdd74d83e389e020ea2	6546	EV verification results, reviews and records, with the pages that classify them	execution plan, the owner's reviews and prompts, review routes, and the filed records of each work round
v2/docs/records/w3de/parity/a-draft/candidate/parity_schematic.json	06ad4775fb9924bec062e9aeb16aad517b9c5e6c	9b8dbc03adae858f245a4b441131a09cd571481ab3cf5199af5995ad921ae630	9122	EV verification results, reviews and records, with the pages that classify them	execution plan, the owner's reviews and prompts, review routes, and the filed records of each work round
v2/docs/records/w3de/parity/a-draft/candidate/regen.json	b50d71262af24b4d5b0eb22f286dfa7f5e766759	e2fd8aea4a10ebb63a76f633afc4daceafb0e216e024d9634713c5d3ce0360b3	4558	EV verification results, reviews and records, with the pages that classify them	execution plan, the owner's reviews and prompts, review routes, and the filed records of each work round
v2/docs/records/w3de/parity/a-draft/main-reproduces-main/net_compare.json	7b3a8ebaf7cb542ad18de4be72cc0a0184eaf117	44f67af551fd1d05081875ec1eff462bda136b292fcb481d05fabc664de333b0	301	EV verification results, reviews and records, with the pages that classify them	execution plan, the owner's reviews and prompts, review routes, and the filed records of each work round
v2/docs/records/w3de/parity/a-draft/main-reproduces-main/parity_bom.json	636405017e55312a04f45244c79aee1a9b01d59a	47038bc09db73608a1a20575b23176fe777a1cf834b978d7571638a461d44571	68	EV verification results, reviews and records, with the pages that classify them	execution plan, the owner's reviews and prompts, review routes, and the filed records of each work round
v2/docs/records/w3de/parity/a-draft/main-reproduces-main/parity_erc.json	dee75e4865a0f44657d25d09be16700b3d426b4a	efa4817108c05bf0d5d23482cd8a9adb2cd1b44255f0d09520303a3bf033c05e	359	EV verification results, reviews and records, with the pages that classify them	execution plan, the owner's reviews and prompts, review routes, and the filed records of each work round
v2/docs/records/w3de/parity/a-draft/main-reproduces-main/parity_intent.json	7ceec776d6602ec3f596fcc9e01b86fc0fc4922d	607f2e1b7adb75dc66267217a7334114126f37ea6ca8cab0548736b90c1ba3d4	76	EV verification results, reviews and records, with the pages that classify them	execution plan, the owner's reviews and prompts, review routes, and the filed records of each work round
v2/docs/records/w3de/parity/a-draft/main-reproduces-main/parity_netlist.json	1391489dc1168b496bb6a505783ddb62c7717f81	9a451d517a35e0f395ad1e438ffdd7cac84eb7df495ec688ab45af3b92aea335	710	EV verification results, reviews and records, with the pages that classify them	execution plan, the owner's reviews and prompts, review routes, and the filed records of each work round
v2/docs/records/w3de/parity/a-draft/main-reproduces-main/parity_schematic.json	af52153e3bc6b1c93141d753646af27db04b8137	d5c715fceec6ddfd4b50b878ace4766442198032c47c78d4f170a18ebcb7822c	363	EV verification results, reviews and records, with the pages that classify them	execution plan, the owner's reviews and prompts, review routes, and the filed records of each work round
v2/docs/records/w3de/parity/a-draft/main-reproduces-main/regen.json	d811e0c1437e632dd059ba1ccd40f39b711cffb0	64f3238cca32799e6d0f926fefb8bc8811f2837dcd3c9c7d68d44b6a73504dea	4574	EV verification results, reviews and records, with the pages that classify them	execution plan, the owner's reviews and prompts, review routes, and the filed records of each work round
v2/docs/records/w3de/parity/base-main/d/parity_bom.json	7cf09cd9640ea31621ad89ff638d1297a6a81b17	38a45a536d61f86d91b1ac10e9c8e865434582cdf930f8240588b3f8457a9509	66	EV verification results, reviews and records, with the pages that classify them	execution plan, the owner's reviews and prompts, review routes, and the filed records of each work round
v2/docs/records/w3de/parity/base-main/d/parity_erc.json	bdc7d0fac0736a48fed12cecef0010d35f3f52a0	360922074f67148628c93519ed75a6c9f9690e98a268f08800c9511596d34cd6	353	EV verification results, reviews and records, with the pages that classify them	execution plan, the owner's reviews and prompts, review routes, and the filed records of each work round
v2/docs/records/w3de/parity/base-main/d/parity_intent.json	7ceec776d6602ec3f596fcc9e01b86fc0fc4922d	607f2e1b7adb75dc66267217a7334114126f37ea6ca8cab0548736b90c1ba3d4	76	EV verification results, reviews and records, with the pages that classify them	execution plan, the owner's reviews and prompts, review routes, and the filed records of each work round
v2/docs/records/w3de/parity/base-main/d/parity_netlist.json	8d2c4a6a1a437a364a25e1a51cbe1e457574a6ae	697c6ec2bdbe686abce62aca968dbdc7e219d5008f0cb4e16b5813b5c75defb8	706	EV verification results, reviews and records, with the pages that classify them	execution plan, the owner's reviews and prompts, review routes, and the filed records of each work round
v2/docs/records/w3de/parity/base-main/d/parity_schematic.json	3da242bd3a5cf7b04db674cc2fb69c1c758adb66	ace3816aae80497a8ae3464a1d9c22abfcc7bda149b6ad4942a848be40fad09d	361	EV verification results, reviews and records, with the pages that classify them	execution plan, the owner's reviews and prompts, review routes, and the filed records of each work round
v2/docs/records/w3de/parity/base-main/d/regen.json	24f0c61aada4aa7b4c7ef58ec5a8beb3893b7935	1406894e5e2b4d3a9917048db5650743ad171ae3f100c1c0fe373a0b1e23a30f	5122	EV verification results, reviews and records, with the pages that classify them	execution plan, the owner's reviews and prompts, review routes, and the filed records of each work round
v2/docs/records/w3de/parity/base-main/e/parity_bom.json	fc7abb552f910503bd8f551c78a7a1155f1cbee4	b602b44d01c5343cb8d638927d41d50d4e1b3c801d8581142047089081324d15	68	EV verification results, reviews and records, with the pages that classify them	execution plan, the owner's reviews and prompts, review routes, and the filed records of each work round
v2/docs/records/w3de/parity/base-main/e/parity_erc.json	4497f04164289778fdccd43465e498d3ca0cd2fc	258d1ce1835cf51e7fd9f06e28d0c7c1b3d2c0abebf0ea22770a5ac001ca6056	353	EV verification results, reviews and records, with the pages that classify them	execution plan, the owner's reviews and prompts, review routes, and the filed records of each work round
v2/docs/records/w3de/parity/base-main/e/parity_intent.json	7ceec776d6602ec3f596fcc9e01b86fc0fc4922d	607f2e1b7adb75dc66267217a7334114126f37ea6ca8cab0548736b90c1ba3d4	76	EV verification results, reviews and records, with the pages that classify them	execution plan, the owner's reviews and prompts, review routes, and the filed records of each work round
v2/docs/records/w3de/parity/base-main/e/parity_netlist.json	46d97d8d6424a43921f51d329f7ecdad2edd9ef4	d435c5468f492ba064376bf9d0465556aa53f6fa18a0c58fa2bc6deaae478bd5	708	EV verification results, reviews and records, with the pages that classify them	execution plan, the owner's reviews and prompts, review routes, and the filed records of each work round
v2/docs/records/w3de/parity/base-main/e/parity_schematic.json	0cfa234e8bedc5fd2fec0834aa9692786618f3e6	a5fcef76453d04e2f4b45b5d531e5756297f640a8b69ea8b2ccd7dba85bc175f	361	EV verification results, reviews and records, with the pages that classify them	execution plan, the owner's reviews and prompts, review routes, and the filed records of each work round
v2/docs/records/w3de/parity/base-main/e/regen.json	ff2626bfe243e2345ab64826c4d326fe8fd1eb94	79c315c5185a7d96d4700062fba8fe400a77b2fc514ac6804370c22c98fe6da3	4799	EV verification results, reviews and records, with the pages that classify them	execution plan, the owner's reviews and prompts, review routes, and the filed records of each work round
v2/docs/records/w3de/parity/candidate-reproduces/d/parity_bom.json	7cf09cd9640ea31621ad89ff638d1297a6a81b17	38a45a536d61f86d91b1ac10e9c8e865434582cdf930f8240588b3f8457a9509	66	EV verification results, reviews and records, with the pages that classify them	execution plan, the owner's reviews and prompts, review routes, and the filed records of each work round
v2/docs/records/w3de/parity/candidate-reproduces/d/parity_erc.json	bdc7d0fac0736a48fed12cecef0010d35f3f52a0	360922074f67148628c93519ed75a6c9f9690e98a268f08800c9511596d34cd6	353	EV verification results, reviews and records, with the pages that classify them	execution plan, the owner's reviews and prompts, review routes, and the filed records of each work round
v2/docs/records/w3de/parity/candidate-reproduces/d/parity_intent.json	7ceec776d6602ec3f596fcc9e01b86fc0fc4922d	607f2e1b7adb75dc66267217a7334114126f37ea6ca8cab0548736b90c1ba3d4	76	EV verification results, reviews and records, with the pages that classify them	execution plan, the owner's reviews and prompts, review routes, and the filed records of each work round
v2/docs/records/w3de/parity/candidate-reproduces/d/parity_netlist.json	e7d1badbf0e40371470fe6dd84b53f4f8ef84cd3	9b894ba277bb16110ad8544f410181de440774fe3c21685ebab2d08d544c98d9	708	EV verification results, reviews and records, with the pages that classify them	execution plan, the owner's reviews and prompts, review routes, and the filed records of each work round
v2/docs/records/w3de/parity/candidate-reproduces/d/parity_schematic.json	6350c24ee6b4fe90ca8c25af3af5231d2fa2d991	af98d012beb62c3341802f374720616c5c84b954b3ae08ed8dfdd133fac5dc32	349	EV verification results, reviews and records, with the pages that classify them	execution plan, the owner's reviews and prompts, review routes, and the filed records of each work round
v2/docs/records/w3de/parity/candidate-reproduces/d/regen.json	7f9207277f86070e61ea839d1d1ec19d0d13139d	b3d2f9d0d22ac79d97fd5f01bf0de94c1566bf0b91e0c472a4ed42efc6086fb9	5120	EV verification results, reviews and records, with the pages that classify them	execution plan, the owner's reviews and prompts, review routes, and the filed records of each work round
v2/docs/records/w3de/parity/candidate-reproduces/e/parity_bom.json	38703d0ad543949bad51a6d0a15a4d9e397d8c35	09a7a85364829556cbc457c9d2050d8ae254742b3826ae1f6cd0e5f6843d8e9d	68	EV verification results, reviews and records, with the pages that classify them	execution plan, the owner's reviews and prompts, review routes, and the filed records of each work round
v2/docs/records/w3de/parity/candidate-reproduces/e/parity_erc.json	5b93654cf7e74e646832280cbf14d2436f81efe1	14039c7eaa246a5d372faaa999955a9803064d52dda9825485f196cb129abaa2	353	EV verification results, reviews and records, with the pages that classify them	execution plan, the owner's reviews and prompts, review routes, and the filed records of each work round
v2/docs/records/w3de/parity/candidate-reproduces/e/parity_intent.json	7ceec776d6602ec3f596fcc9e01b86fc0fc4922d	607f2e1b7adb75dc66267217a7334114126f37ea6ca8cab0548736b90c1ba3d4	76	EV verification results, reviews and records, with the pages that classify them	execution plan, the owner's reviews and prompts, review routes, and the filed records of each work round
v2/docs/records/w3de/parity/candidate-reproduces/e/parity_netlist.json	999e1c1e70794e49f1a292c7f4f62ab9d4147245	09a7f6744b06d73ee3a3236b147c8f4225730ace889e2df10aa52be6f21a2b55	712	EV verification results, reviews and records, with the pages that classify them	execution plan, the owner's reviews and prompts, review routes, and the filed records of each work round
v2/docs/records/w3de/parity/candidate-reproduces/e/parity_schematic.json	86093cb5cd6d1c9de55b07f5cee6987f8b3d2f9a	ace929ea68219b80b5988bb0d9b42f9a99b6fdda1b7305c112faa594f6a07d7d	349	EV verification results, reviews and records, with the pages that classify them	execution plan, the owner's reviews and prompts, review routes, and the filed records of each work round
v2/docs/records/w3de/parity/candidate-reproduces/e/regen.json	d5a0d849c4a59d8d654101b9f00f19546246da06	a1bbd855db342fc6a89369ec2276f2df0e2e42ad5cdd2da0a0df92633e17660f	4795	EV verification results, reviews and records, with the pages that classify them	execution plan, the owner's reviews and prompts, review routes, and the filed records of each work round
v2/docs/records/w3de/parity/candidate/d/parity_bom.json	7cf09cd9640ea31621ad89ff638d1297a6a81b17	38a45a536d61f86d91b1ac10e9c8e865434582cdf930f8240588b3f8457a9509	66	EV verification results, reviews and records, with the pages that classify them	execution plan, the owner's reviews and prompts, review routes, and the filed records of each work round
v2/docs/records/w3de/parity/candidate/d/parity_erc.json	bdc7d0fac0736a48fed12cecef0010d35f3f52a0	360922074f67148628c93519ed75a6c9f9690e98a268f08800c9511596d34cd6	353	EV verification results, reviews and records, with the pages that classify them	execution plan, the owner's reviews and prompts, review routes, and the filed records of each work round
v2/docs/records/w3de/parity/candidate/d/parity_intent.json	f18db7fddd70d0b6c893d91a5c8e7e07a892a66d	0ab2ee8a0ee82520c1aba8c09466bea8528f114015ec151d6b2dcaf83ad476cb	79	EV verification results, reviews and records, with the pages that classify them	execution plan, the owner's reviews and prompts, review routes, and the filed records of each work round
v2/docs/records/w3de/parity/candidate/d/parity_netlist.json	7f3526804ed0e10a8c27726015623601078fb404	a5fd689532976ca043c18da28b9767b0627d17831eb2b175710387524abb0064	707	EV verification results, reviews and records, with the pages that classify them	execution plan, the owner's reviews and prompts, review routes, and the filed records of each work round
v2/docs/records/w3de/parity/candidate/d/parity_schematic.json	3da242bd3a5cf7b04db674cc2fb69c1c758adb66	ace3816aae80497a8ae3464a1d9c22abfcc7bda149b6ad4942a848be40fad09d	361	EV verification results, reviews and records, with the pages that classify them	execution plan, the owner's reviews and prompts, review routes, and the filed records of each work round
v2/docs/records/w3de/parity/candidate/d/regen.json	f3bab9b36b98a06933a2b52f509e9b4d27e1ef25	a89b27872e0e2abe9683927d9caf981ba171c74bbc785d799a06b83fcaa49dfa	5136	EV verification results, reviews and records, with the pages that classify them	execution plan, the owner's reviews and prompts, review routes, and the filed records of each work round
v2/docs/records/w3de/parity/candidate/e/parity_bom.json	134aa5a31166216a3d6cd647b9a5079974f60555	ace0a54913238aff4d05e23a0d1283cb7708a19f9f2428e3af3255598bc5a740	1415	EV verification results, reviews and records, with the pages that classify them	execution plan, the owner's reviews and prompts, review routes, and the filed records of each work round
v2/docs/records/w3de/parity/candidate/e/parity_erc.json	b4defae1857e4772a8b9f5c0990940fadfcbb981	68635e38ea32c1fddce23d9c8724ecd6f359c75524571eed8c63783a4ba363ea	1362	EV verification results, reviews and records, with the pages that classify them	execution plan, the owner's reviews and prompts, review routes, and the filed records of each work round
v2/docs/records/w3de/parity/candidate/e/parity_intent.json	5c731557601a331533a2ca59aee3afe7aeaddde7	3831d89bf7be4ac251a41557a004af5fc975d91961875df923bfaa1d41b2ab12	102	EV verification results, reviews and records, with the pages that classify them	execution plan, the owner's reviews and prompts, review routes, and the filed records of each work round
v2/docs/records/w3de/parity/candidate/e/parity_netlist.json	978c3f0d659cf653101617d2e3da56ce2556d4b0	53f3c0040b317dc3a43f13672dd189fbd197773b496362db8fc02025fbfbc58d	7265	EV verification results, reviews and records, with the pages that classify them	execution plan, the owner's reviews and prompts, review routes, and the filed records of each work round
v2/docs/records/w3de/parity/candidate/e/parity_schematic.json	fe3654e563255ad9a3f019d0ea4b71d699168f78	9db67adf5a56a01c1b7cae13b879b6eb0be216a6bc3bf7381d0b460dbea21fac	10420	EV verification results, reviews and records, with the pages that classify them	execution plan, the owner's reviews and prompts, review routes, and the filed records of each work round
v2/docs/records/w3de/parity/candidate/e/regen.json	c56ac6fdcda8cb512f18d98e2227b2c59ba34036	f59d4441b28f4a0710d8c5fcf57416fe076817f4087a8c680fb2952bba79d404	4787	EV verification results, reviews and records, with the pages that classify them	execution plan, the owner's reviews and prompts, review routes, and the filed records of each work round
v2/docs/records/w3de/parity/expected-a-netlist.json	b5043c13d941c50bb98d6173b66cb6ee93c6cb0b	69826c246fafacc5b5fe0b619f8a0dfabed3de01ce254e97ba19ac8cd52103a9	567	EV verification results, reviews and records, with the pages that classify them	execution plan, the owner's reviews and prompts, review routes, and the filed records of each work round
v2/docs/records/w3de/parity/expected-d-netlist.json	38e8a5a4fd9aeed58f87b653257699f15367347e	922903ce2253dc6c53ad9d4a415c93a98b3cc37077a48a565546e6ad78dfae83	171	EV verification results, reviews and records, with the pages that classify them	execution plan, the owner's reviews and prompts, review routes, and the filed records of each work round
v2/docs/records/w3de/parity/expected-e-netlist.json	c8e75420de9dd58e1287849f57d56367436b892f	ec74290e6576ec6f12c39bd8a552f58128c51e3248a808bce934efc8e3dc3c35	922	EV verification results, reviews and records, with the pages that classify them	execution plan, the owner's reviews and prompts, review routes, and the filed records of each work round
v2/docs/records/w3de/patch_assembly_dock.py	8f7505d98cb3822093f2203dddf10d4032476e75	ea6aea2424b559b0434deedc45f98a7abfd29b9a49e9840bff69a550ca0fda61	2736	EV verification results, reviews and records, with the pages that classify them	execution plan, the owner's reviews and prompts, review routes, and the filed records of each work round
v2/docs/records/w3de/patch_check_contracts_dock.py	ec6f47adf6b4de58fbc4e509eed0cd0a81829d6d	2002fbe809d771e1f545795064ac571eb8eb6dbd442f027f8e961e8664b575e1	2987	EV verification results, reviews and records, with the pages that classify them	execution plan, the owner's reviews and prompts, review routes, and the filed records of each work round
v2/docs/records/w3de/patch_energy_chain.py	c4ec81f4870a03b32c3539e99cf2b011d8e65451	9d84b62047d7af72bae4d2745b433765178985c17929271df5f94abd2cdf0f22	10398	EV verification results, reviews and records, with the pages that classify them	execution plan, the owner's reviews and prompts, review routes, and the filed records of each work round
v2/docs/records/w3de/patch_gen_pcb_e3.py	3ab07958f02a7b3a68a81471904c26758c611272	74ba95548e60e39f65ff36f54f64858629d0ed68b1921655932e5181eac0ed84	2747	EV verification results, reviews and records, with the pages that classify them	execution plan, the owner's reviews and prompts, review routes, and the filed records of each work round
v2/docs/records/w3de/patch_gen_sch_a_dock.py	ca81f89bc8890b3cc0e8176461b6f7c5c0b0f4ee	404c5e64ebeab9522930cce78e04f83cbb7d7c7c8b9a62e60d23714801583d44	7091	EV verification results, reviews and records, with the pages that classify them	execution plan, the owner's reviews and prompts, review routes, and the filed records of each work round
v2/docs/records/w3de/patch_gen_sch_a_dock_r8int5.py	2e8bdfdb2f15d5ae994fff098d2c3c09db3f7f85	bee758bcf23ec3b9944d44356a2979270e7ebca4b29a5602a520badc0eb30b1b	3115	EV verification results, reviews and records, with the pages that classify them	execution plan, the owner's reviews and prompts, review routes, and the filed records of each work round
v2/docs/records/w3de/patch_interfaces_if_ae_dock.py	01a5272af3d433d03bde465cc256caee822661b3	9951cdf3efa25e2b3a4dd5c48d0dff4de49000bdfbce295237c12a561286cc3a	8276	EV verification results, reviews and records, with the pages that classify them	execution plan, the owner's reviews and prompts, review routes, and the filed records of each work round
v2/docs/records/w3de/patch_interfaces_r8int5.py	0102ab760206b6c39de2bcbf25efc90e1e2635f1	d3bf07d7059014cccf6dca10e8fa7fa60c432b213eedb80eccda99e52df209de	4631	EV verification results, reviews and records, with the pages that classify them	execution plan, the owner's reviews and prompts, review routes, and the filed records of each work round
v2/docs/records/w3de/patch_pcb_sensitive_e.py	54e2036d710e47a04979faaae49ae95c90c9bfd1	d5e4173ca84eeddd6263cc64285c5d24996a6ce0c24219a5a29ad3f74c092255	5789	EV verification results, reviews and records, with the pages that classify them	execution plan, the owner's reviews and prompts, review routes, and the filed records of each work round
v2/docs/records/w3de/patch_test_rails_census.py	b31d1294e5c8dce669be23b74ae715680b068ca9	de8700edf5132651a597b5c9339809be18bea287c49bae821c2d49e2b07b8aa4	2290	EV verification results, reviews and records, with the pages that classify them	execution plan, the owner's reviews and prompts, review routes, and the filed records of each work round
v2/docs/records/w3de/run_gates.sh	18431e1f8a945756a73adcfcef31e788b2ddcfb7	4300260e3bccb7ecfcd8fb164fc50d1e6e8755c3d3b76e93581a850a47016b1c	2929	EV verification results, reviews and records, with the pages that classify them	execution plan, the owner's reviews and prompts, review routes, and the filed records of each work round
v2/docs/records/w3g/README.md	db5604fe80843a407a71e7f52b5631df905892d8	9a749d5b5bf8aff5bf056a418b72a6b6c61d1e67d890558855530c5fcff2ecf3	1098	EV verification results, reviews and records, with the pages that classify them	execution plan, the owner's reviews and prompts, review routes, and the filed records of each work round
v2/docs/records/w3g/apply_handover_labels.py	7e5135c78f1901f1140d9ba061a540bed9ed3afa	835445bd71b80ae9b77c2eafa26080dfe8be58b00d9f62f08d02ac90a23a7b35	3584	EV verification results, reviews and records, with the pages that classify them	execution plan, the owner's reviews and prompts, review routes, and the filed records of each work round
v2/docs/records/w3g/architecture-w3g.diff	a8a1c01ca724facd6cf3b6dfb4e559e1993568e6	8522d770edc354ad6c9c448614260c920664e30d6e48a1f294a01dd0c9b64079	8746	EV verification results, reviews and records, with the pages that classify them	execution plan, the owner's reviews and prompts, review routes, and the filed records of each work round
v2/docs/records/w3g/architecture_counts_r8int5.py	8aa84400b87faed18ffba2e52fcde7c9f4766227	b328e7b19e5a8f414d99ccf60b1de531fd1710cd96a52827e1840a9512139cd2	2324	EV verification results, reviews and records, with the pages that classify them	execution plan, the owner's reviews and prompts, review routes, and the filed records of each work round
v2/docs/records/w3g/architecture_refs_r8int5.py	ec17e81bc4f4bdc3d951a27dd6b103deb1529365	18a7bf4fb3c18d1107b3f26184812796f6b3d360ba4c0960eb4e826f1b287576	1711	EV verification results, reviews and records, with the pages that classify them	execution plan, the owner's reviews and prompts, review routes, and the filed records of each work round
v2/docs/records/w3g/files.lst	0df4a980254e512b9e0b331b179ef5329a125af3	73eb1b51b01421156a2451ed0ada1b4b9ec4f85ad0a7128665648a702e4ad3bd	1762	EV verification results, reviews and records, with the pages that classify them	execution plan, the owner's reviews and prompts, review routes, and the filed records of each work round
v2/docs/records/w3g/finding-pcb-e-fet-symbol.md	12fbf9400f16bf68c42d7d6f78fe94fbbb0991c3	cf538d95ceb5363113bdb03c22da8f218ef4bdbec6b5aa0861276fda284a00a7	2355	EV verification results, reviews and records, with the pages that classify them	execution plan, the owner's reviews and prompts, review routes, and the filed records of each work round
v2/docs/records/w3g/power_tree_r8int5.py	f15cc825efefd4686fe3c70d0ec167cd8da83212	86dedd4bed6ba04e61424b95cf29b32ea9709534e1f772e86655cfed2d65791e	2480	EV verification results, reviews and records, with the pages that classify them	execution plan, the owner's reviews and prompts, review routes, and the filed records of each work round
v2/docs/records/w3g/readme_r8int5.py	71a27c1f5e1471367b119e059b4b632b7698b383	22c3cced77289393d6c5b8a0d097d29053618fc6c134edd9c95d1c065c419064	6572	EV verification results, reviews and records, with the pages that classify them	execution plan, the owner's reviews and prompts, review routes, and the filed records of each work round
v2/docs/records/w3t/HANDOFF.md	adf715b6924554d5f8fca53488d813a79b4ededc	c5f06cc02981bbcfc40bf0bf8448b3346070485d6ef122bc5269191a090538fa	5878	EV verification results, reviews and records, with the pages that classify them	execution plan, the owner's reviews and prompts, review routes, and the filed records of each work round
v2/docs/records/w3t/apply_registry.py	4963e824b82c148eb80303c575f724be76f4327b	649dfa5f83719566360047592f6957d52aa720b4121a8869e273eaf34c8d7a02	13863	EV verification results, reviews and records, with the pages that classify them	execution plan, the owner's reviews and prompts, review routes, and the filed records of each work round
v2/docs/records/w3t/readings/inhibit-chain-before-after.txt	b38792e15738a08c6980a0145af5a0e381707668	5f9acd1b9d969a3105618f36c58f009aa623e9fe77836327a27b2a429e91ac3b	1113	EV verification results, reviews and records, with the pages that classify them	execution plan, the owner's reviews and prompts, review routes, and the filed records of each work round
v2/docs/records/w3t/readings/walk-after-w3t.json	7983f66ac9802ec4d4a708d331dd5870693f96b5	f3376a666688f87c7ad5dffd656b255d0fd4b49e58475682f01c01ad5f27ce03	20131	EV verification results, reviews and records, with the pages that classify them	execution plan, the owner's reviews and prompts, review routes, and the filed records of each work round
v2/docs/records/w3t/readings/walk-before-main-38dcd764.json	14d25c9682837b7d5e02f28b3bc303c71df1efab	34130f160f66f1b57c7f1c6494ea9aaa6081a7314df81e08a2861af50b2f3a8d	21077	EV verification results, reviews and records, with the pages that classify them	execution plan, the owner's reviews and prompts, review routes, and the filed records of each work round
v2/docs/records/w3t/w3t-decisions.md	6c6cbb4584dad31654313fa04eb4eb90a2a134af	d9d695e4a0f5c19426d7f9625b634fb0ba7dcc5cea5c209e0ce0bbb06e6a907f	12585	EV verification results, reviews and records, with the pages that classify them	execution plan, the owner's reviews and prompts, review routes, and the filed records of each work round
v2/docs/records/w4/w4-mech-thermal-rf.md	6d664602b6841e02249be1a43a8b2c5300cd540b	ba590c405b672995eee2094ec302eb08ddfed9ca49a7411d71041ffd459bd42e	52637	EV verification results, reviews and records, with the pages that classify them	execution plan, the owner's reviews and prompts, review routes, and the filed records of each work round
v2/docs/records/w4/w4-scratch-thermal.py	562822c9a40d8848de4e8fbbea7c39aa1a328d45	6c83da5f7e3e4f0f5393bfe0f609ba02c423adbadfa3661a245d0a9b778e65c3	9871	EV verification results, reviews and records, with the pages that classify them	execution plan, the owner's reviews and prompts, review routes, and the filed records of each work round
v2/docs/records/w5/w5-hw-fw-contract.md	0473b3df64d2269f008048fa2e76d7d7aa52e19c	e122ba9bb27352f3ecaf75f06a4f355ae6e59ab92124c1172393f43eccf9f36b	49362	EV verification results, reviews and records, with the pages that classify them	execution plan, the owner's reviews and prompts, review routes, and the filed records of each work round
v2/docs/records/w6/w6-findings.md	8415a97bbfd38a48ae4e2a56fc20dfe387c9a31a	4cde4801efe8aeb2c0a1942240553d2da8bd623a012486dee0730a41ffb04bf8	40483	EV verification results, reviews and records, with the pages that classify them	execution plan, the owner's reviews and prompts, review routes, and the filed records of each work round
v2/docs/research-io-supervisor-2026-09-09.md	d13e3f7c91fa23281e9dfff64a436e03c54aff97	1da5251ffd47a5b20b73caabce5368b2d44fd425a2171893406e78b11a177d89	7890	HIST history: superseded or process records, kept only to trace a ruling; never an authority	history: the design record (every ruling, every audit round) and superseded research and process records; trace a ruling here, never take it as the current state
v2/docs/research-learned-critic.md	939a8795646c50f001218324a8109ed33102a10a	9c7d38ebe350d0aca66e158122e649c7e0a4ee92f3fa18126e1d0b931d062729	10552	HIST history: superseded or process records, kept only to trace a ruling; never an authority	history: the design record (every ruling, every audit round) and superseded research and process records; trace a ruling here, never take it as the current state
v2/docs/research-parallel-autorouting.md	a757226c25c10b3b8e21a9f822e0bcba70a80395	9d344370b59352858e5e5aa68795ea00d654b82bd008dce93fddeb5c67032dc2	12067	HIST history: superseded or process records, kept only to trace a ruling; never an authority	history: the design record (every ruling, every audit round) and superseded research and process records; trace a ruling here, never take it as the current state
v2/docs/respin-footprints-2026-09-04.md	e8c274423d59694dccea7ae0280172349b5095a0	9b1a295133300fe2d2613ef9cc5e7780dbe78092cfc3c552ab1b570eb52dd371	17150	L6 layer 6, components	part compatibility and wrong-model reconciliation records, and the order-code and footprint research
v2/docs/respin-lcsc-2026-09-04.md	cc3a483d1f32e37febde8870568f429f8a360e44	799be5d0b040c364c7727929975cf58f5c8d93ee6fae444b37bf295dd8ac1bf6	42840	L6 layer 6, components	part compatibility and wrong-model reconciliation records, and the order-code and footprint research
v2/docs/respin-research-cm5-2026-09-04.md	9c6dd1a627f313dd1935f8b04921726b022c75e3	6c87219a209369d5456e71c71d0d4dc70bd7a485ce7019422719c728f283c4a7	17750	HIST history: superseded or process records, kept only to trace a ruling; never an authority	history: the design record (every ruling, every audit round) and superseded research and process records; trace a ruling here, never take it as the current state
v2/docs/respin-research-heater-2026-09-04.md	899153f1060bfe8b962e08d9d20ca615f10f12a6	9b4aed99190ec2e4756d8b51ef38955ab8eb848a701fa556c925c9adbd86aed6	20550	HIST history: superseded or process records, kept only to trace a ruling; never an authority	history: the design record (every ruling, every audit round) and superseded research and process records; trace a ruling here, never take it as the current state
v2/docs/respin-research-mech-2026-09-04.md	6a8c237262c79ba1bf66dbba99d3ee2ff863a63e	6b615175119a74004b066c3f54d1f6e4533a786fc712d26f22147331e07c1d4b	35843	HIST history: superseded or process records, kept only to trace a ruling; never an authority	history: the design record (every ruling, every audit round) and superseded research and process records; trace a ruling here, never take it as the current state
v2/docs/respin-research-module-2026-09-04.md	d0f7b96fec223f69ff632dba91b2ef3139407c3f	62341b84f3451ea3f24a43fe9ee8e77f9ff9a8482c76a56f5be5ac6dc79512ac	37263	HIST history: superseded or process records, kept only to trace a ruling; never an authority	history: the design record (every ruling, every audit round) and superseded research and process records; trace a ruling here, never take it as the current state
v2/docs/respin-research-plugs-2026-09-04.md	18548c057ffde4373174f20adc76f7bd2aa3957b	1dabf5275e4b5cfffa5b7b14808dfd4278f8faad1d7e78e204872de6c737a6a7	27607	HIST history: superseded or process records, kept only to trace a ruling; never an authority	history: the design record (every ruling, every audit round) and superseded research and process records; trace a ruling here, never take it as the current state
v2/docs/respin-research-power-2026-09-04.md	d123be9db3b4e61c6ab270340ea38f27072f4d4f	d945d6e39706d45147f6a0faa0ade3c5d82ae6de97afd2221c91b033b5b41031	37367	HIST history: superseded or process records, kept only to trace a ruling; never an authority	history: the design record (every ruling, every audit round) and superseded research and process records; trace a ruling here, never take it as the current state
v2/docs/respin-research-seal-2026-09-04.md	391ff516c957f18570149ee234ba7ab2d9fe1593	d3e61983c78bfec79052ec19741c2cae9b84c5ddc79e23314bb6a29937209180	52538	HIST history: superseded or process records, kept only to trace a ruling; never an authority	history: the design record (every ruling, every audit round) and superseded research and process records; trace a ruling here, never take it as the current state
v2/docs/review-packets/battery/CHARGER-STATE-SEQUENCE.md	6a8276c717c1f141b3fc1747bb55b89a62df178d	44fdf9a022c49337d60eeefd15b7e7267fb5a4659449f7dc5c38153a9786548f	24220	EV verification results, reviews and records, with the pages that classify them	review packet for a qualified reviewer (the battery packet is board P's current review input, per v2/release/review-packets/README.md)
v2/docs/review-packets/battery/FUSE-INTERPRETATION.md	e81f8bd6eaebd4fce9b2dd1a41952cb7ea61fbe7	cc340aa73b5d03218e4a064e820df8cdf0d7b880d8b72e432da321aef936077e	23303	EV verification results, reviews and records, with the pages that classify them	review packet for a qualified reviewer (the battery packet is board P's current review input, per v2/release/review-packets/README.md)
v2/docs/review-packets/battery/MANIFEST.md	57d11ad6e1f5380fd68cc11e3c9e9f218c852590	ecc251f110b71b98e7da579cb918721fac6788e7295e85329e6057b265538942	25995	EV verification results, reviews and records, with the pages that classify them	review packet for a qualified reviewer (the battery packet is board P's current review input, per v2/release/review-packets/README.md)
v2/docs/review-packets/battery/PRIMARY-CONFIGURATION.md	7b3bce4e0d8cd3a077c1a0140e86c64b7b545efa	6726f23778f48e1017d29fffe923c4b07b9e196d4636e3e90432774d9f922aac	31022	EV verification results, reviews and records, with the pages that classify them	review packet for a qualified reviewer (the battery packet is board P's current review input, per v2/release/review-packets/README.md)
v2/docs/review-packets/battery/PROTECTION-ARCHITECTURE.md	b8a3a68f2071fa3862c96bd8e9fdc4845dca9b96	c1fa24d2ee645a1db07b6023d38dd68179b9b99158a71b3940fb0cd52584bac7	27849	EV verification results, reviews and records, with the pages that classify them	review packet for a qualified reviewer (the battery packet is board P's current review input, per v2/release/review-packets/README.md)
v2/docs/review-packets/battery/README.md	c041592966abf60b15fd226d3b7d0045ad71fd14	c2bf5a9c05788f6ecba871568395aeff27b475514ba2f73f942f05e326bf4746	1147	EV verification results, reviews and records, with the pages that classify them	review packet for a qualified reviewer (the battery packet is board P's current review input, per v2/release/review-packets/README.md)
v2/docs/review-packets/battery/REVIEW-REQUEST.md	c672bce7a8f1058339e9159ccf3d67afcdc05afa	91a257430cbeb53a672ca57592bb75092a98a761d1c8ee7bbaefa95e339b102e	45055	EV verification results, reviews and records, with the pages that classify them	review packet for a qualified reviewer (the battery packet is board P's current review input, per v2/release/review-packets/README.md)
v2/docs/review-packets/battery/SECONDARY-OT-DECISION.md	4a1d0b9b4a63f32e13e1a5d9c4268b10716f7e04	8b3ce887c4e1594ab417f0dc66cc3da9f8599a75ea64dc753d6ce8f7c217844a	34357	EV verification results, reviews and records, with the pages that classify them	review packet for a qualified reviewer (the battery packet is board P's current review input, per v2/release/review-packets/README.md)
v2/docs/review-packets/battery/THERMAL-COORDINATION.md	f822ccaee8fe889681a38b4d4f34daeb19c456ae	0d4d60f03260f004cd7af9d738e41bbdb5f5a1d4818fa33775328d0d264d41ec	62904	EV verification results, reviews and records, with the pages that classify them	review packet for a qualified reviewer (the battery packet is board P's current review input, per v2/release/review-packets/README.md)
v2/docs/review-packets/battery/candidate/netlist-diff-vs-d90f30e4.txt	993d8692563522c75b1b8db6bc007733ca10fa51	3d1a13c571d28776cf88eef5dfab11dc7a6726e515ffd0ff84786ec325ed51f1	315	EV verification results, reviews and records, with the pages that classify them	review packet for a qualified reviewer (the battery packet is board P's current review input, per v2/release/review-packets/README.md)
v2/docs/review-packets/battery/candidate/netlist-diff-vs-first-cycle.txt	a286c5161d3761f0aa14cfff3a7b4d1db89944fd	09bcb21d687c3e4f9b3ae968205f68b8c37521b6fc46ca75bbffc09745ee4fef	384	EV verification results, reviews and records, with the pages that classify them	review packet for a qualified reviewer (the battery packet is board P's current review input, per v2/release/review-packets/README.md)
v2/docs/review-packets/battery/candidate/netlist-diff-vs-main.txt	7899c23ec78926ae7401a56172ecb46b2fe7960a	79c8e0ece3bb125ccf0ba52ae9d4d5429980e51dd4ff4f9d88ebaac1b5c03465	1004	EV verification results, reviews and records, with the pages that classify them	review packet for a qualified reviewer (the battery packet is board P's current review input, per v2/release/review-packets/README.md)
v2/docs/review-packets/battery/candidate/pcb-p-pack-bom.csv	dd159e1d08efc406e85e90b31fe71255a22f6e16	38f209c9d7ec4d44f991189614f724d521512ac4e438e05418e444ae215b14f4	3791	EV verification results, reviews and records, with the pages that classify them	review packet for a qualified reviewer (the battery packet is board P's current review input, per v2/release/review-packets/README.md)
v2/docs/review-packets/battery/candidate/pcb-p-pack-erc.rpt	824c32e10de5ba3b2ee7cebc5a73c8fc3c0e21fe	a9c900f6d11bd80e979d18da75b29bfb063ea686aa1f607edf023233bcaf0843	18778	EV verification results, reviews and records, with the pages that classify them	review packet for a qualified reviewer (the battery packet is board P's current review input, per v2/release/review-packets/README.md)
v2/docs/review-packets/battery/candidate/pcb-p-pack-intent.json	3db2b867980b5fc361fb62f4f6986095e4086ff5	6ff1b8129a5c5affdb4dcb1532b8bc9e6b68ebdcc9a62e3029ba66f3dde73414	7622	EV verification results, reviews and records, with the pages that classify them	review packet for a qualified reviewer (the battery packet is board P's current review input, per v2/release/review-packets/README.md)
v2/docs/review-packets/battery/candidate/pcb-p-pack-jlc-bom.filled.csv	274072a4eaaf87c661ff6a1e71ce0e36c1ca8646	cdda617b88d54ad892fa279a8732678928d83dcf4541f12fcd12fcc6ee5de036	3057	EV verification results, reviews and records, with the pages that classify them	review packet for a qualified reviewer (the battery packet is board P's current review input, per v2/release/review-packets/README.md)
v2/docs/review-packets/battery/candidate/pcb-p-pack-schematic.pdf	b58cf73a7cf8e1363db0cacc5b19c7f15cc2d462	0e4e637011d1711ce13993a9acc16b214e912a2efef8ba47d47b618e3404c204	240695	EV verification results, reviews and records, with the pages that classify them	review packet for a qualified reviewer (the battery packet is board P's current review input, per v2/release/review-packets/README.md)
v2/docs/review-packets/battery/candidate/pcb-p-pack.kicad_sch	08b9173ea1115dee8203741207e7a83ceef76a4c	47e0bc19e8e18cf02a09223e7a1e7159262b2f2eb5ba92e270ba7a774ab5e4d5	274549	EV verification results, reviews and records, with the pages that classify them	review packet for a qualified reviewer (the battery packet is board P's current review input, per v2/release/review-packets/README.md)
v2/docs/review-packets/battery/candidate/pcb-p-pack.net	914d2612a7437f095a51473dcd1939118270f123	085f833362fbbda8b2f84b350771338d49db7f5cdb9cd823b9ff84eef47bcf43	92140	EV verification results, reviews and records, with the pages that classify them	review packet for a qualified reviewer (the battery packet is board P's current review input, per v2/release/review-packets/README.md)
v2/docs/review-packets/battery/candidate/pcb-p-pack.net.prov.json	c00b9686f20aaba4c14363d041f70f4db30ceb54	9c500addc6bf71ca64894c09b07fef9023ba69733bf041338d7d54e1c60def9a	8498	EV verification results, reviews and records, with the pages that classify them	review packet for a qualified reviewer (the battery packet is board P's current review input, per v2/release/review-packets/README.md)
v2/docs/review-packets/battery/candidate/ts_network.out	8e7202cde8f17f7647835b709b7ddad2fe5faafb	4d986756daf09ab854417d1d6b87acd4f25ac3a3e2e2d447fd490605d67ecde0	3438	EV verification results, reviews and records, with the pages that classify them	review packet for a qualified reviewer (the battery packet is board P's current review input, per v2/release/review-packets/README.md)
v2/docs/review-packets/battery/candidate/ts_network.py	21f7b98aa806f1d2c496cde36ffd53dc95d5c6d2	2a6925c4c62c030efb3c128a9ab563fdb41bc49bcd36745072abfea13adc6bbd	10374	EV verification results, reviews and records, with the pages that classify them	review packet for a qualified reviewer (the battery packet is board P's current review input, per v2/release/review-packets/README.md)
v2/docs/review-packets/battery/evidence/check_manifest.py	34094955cb2b9a5a2519cfb8c8cdc87000c4146a	7f501f8a2de4cf42fb53add0dab4e77a28cb0c7507e59bb758de8eb0ac8e06c7	2419	EV verification results, reviews and records, with the pages that classify them	review packet for a qualified reviewer (the battery packet is board P's current review input, per v2/release/review-packets/README.md)
v2/docs/review-packets/battery/evidence/jlc-queries-bat.json	6a7ae58eeeb8027a4ed5c5aeafba45478ec26cc1	69ba9104f80d94b2ed8e79ba26c40f1fe9760d42d4f0442eb94606d46f4d52aa	8925	EV verification results, reviews and records, with the pages that classify them	review packet for a qualified reviewer (the battery packet is board P's current review input, per v2/release/review-packets/README.md)
v2/docs/review-packets/battery/evidence/jlc-r8p-C131337.json	2b6d5d456bba76886eaf9ff67de2ab268e1950e0	2ee4d08175b47aa352577a4c716170e0e98be56c4ca775dbb1e6cb6e8af80c49	5275	EV verification results, reviews and records, with the pages that classify them	review packet for a qualified reviewer (the battery packet is board P's current review input, per v2/release/review-packets/README.md)
v2/docs/review-packets/battery/evidence/jlc-r8p-C144395.json	c5d8ee58411b6b62998e216cd1a86981a5cd499f	ba023e4cf92f1e33e02ee8bfa6a8fe36c6d5d8e577511b6dd9f3601850f0481d	6218	EV verification results, reviews and records, with the pages that classify them	review packet for a qualified reviewer (the battery packet is board P's current review input, per v2/release/review-packets/README.md)
v2/docs/review-packets/battery/evidence/regeneration/bat_box.sh	bcb85b89d23c1ac9920299a6d92e2eec61a47482	ebfbb319abc08d530b05e8b047d29e36f392645abf123db50fbf7a0d2c0b2b10	8197	EV verification results, reviews and records, with the pages that classify them	review packet for a qualified reviewer (the battery packet is board P's current review input, per v2/release/review-packets/README.md)
v2/docs/review-packets/battery/evidence/regeneration/bom_diff.txt	2345ae174a58d18998a95b49ee4ee4a0abe8f43d	517b96a2453b23f73e0951fd030a0b12fe4d8b1645889b0650fcbc904886474c	876	EV verification results, reviews and records, with the pages that classify them	review packet for a qualified reviewer (the battery packet is board P's current review input, per v2/release/review-packets/README.md)
v2/docs/review-packets/battery/evidence/regeneration/change_bom.json	0eb79d353b194052e993098ee0471cad27db0786	3fb0d3832c2cbb5585bdbe8328cff419a6c72f89af17838db4b6cd0b68c21734	1104	EV verification results, reviews and records, with the pages that classify them	review packet for a qualified reviewer (the battery packet is board P's current review input, per v2/release/review-packets/README.md)
v2/docs/review-packets/battery/evidence/regeneration/change_erc.json	bccdd62a3519252152414bfb2d34b93aaaf56fc9	a4164c9d445358715777d5502f3c10f5622f809ebdf7a9cff057116b66b26312	814	EV verification results, reviews and records, with the pages that classify them	review packet for a qualified reviewer (the battery packet is board P's current review input, per v2/release/review-packets/README.md)
v2/docs/review-packets/battery/evidence/regeneration/change_net.json	31ee75f90580822a3c7a66304468468bdd4c7b9e	755f4f54b62a30526bb354862029994b3a041b042247439daeefe833c08c8955	5818	EV verification results, reviews and records, with the pages that classify them	review packet for a qualified reviewer (the battery packet is board P's current review input, per v2/release/review-packets/README.md)
v2/docs/review-packets/battery/evidence/regeneration/env.txt	576c7373e736fdcf3b6b400fe1d396d148db0338	8b1712b908411a51ebb9679887b1f2bb09139cb86a1f0ca0f5831ec66439c1b5	192	EV verification results, reviews and records, with the pages that classify them	review packet for a qualified reviewer (the battery packet is board P's current review input, per v2/release/review-packets/README.md)
v2/docs/review-packets/battery/evidence/regeneration/gates-base/check_contracts.log	62b8d7166fbe75aa75f2bbc30116c27c1cffb7d9	23dff7ee905e6949e27b538d3998e737e1d498b9fd1415b2057f96cb154c44da	6358	EV verification results, reviews and records, with the pages that classify them	review packet for a qualified reviewer (the battery packet is board P's current review input, per v2/release/review-packets/README.md)
v2/docs/review-packets/battery/evidence/regeneration/gates-base/check_contracts.verdict.json	8cff475f5afa7a7d48d0c375f18783c447b2c9c2	c02269c6430fc22a97e50c7c9913854eac5eb6c82fe4085f30914220aec27ed0	1613	EV verification results, reviews and records, with the pages that classify them	review packet for a qualified reviewer (the battery packet is board P's current review input, per v2/release/review-packets/README.md)
v2/docs/review-packets/battery/evidence/regeneration/gates-base/check_contracts_a.verdict.json	297c2e0a58370ae7c9ccc63d83665e92a7264f21	a87aff3bfd65c3fd14b66904a59edc8ee51a6a0a4923fc441942cc136a4b4c59	2609	EV verification results, reviews and records, with the pages that classify them	review packet for a qualified reviewer (the battery packet is board P's current review input, per v2/release/review-packets/README.md)
v2/docs/review-packets/battery/evidence/regeneration/gates-base/check_contracts_b.verdict.json	002e06695126308dd43a872aba344f2623e9a436	fecf21ab7071a329612f97eaf4f508fecd59a6a00110d0af58b7f92f06653e71	2690	EV verification results, reviews and records, with the pages that classify them	review packet for a qualified reviewer (the battery packet is board P's current review input, per v2/release/review-packets/README.md)
v2/docs/review-packets/battery/evidence/regeneration/gates-base/check_contracts_c.verdict.json	7987d996e9e0039d539b3797cc26746b4247bd3f	c2524a50536f738c8b4ad7edc7ddbc771a35a2a381066b09f7737d793b77c382	1188	EV verification results, reviews and records, with the pages that classify them	review packet for a qualified reviewer (the battery packet is board P's current review input, per v2/release/review-packets/README.md)
v2/docs/review-packets/battery/evidence/regeneration/gates-base/check_contracts_d.verdict.json	d2a7eb9906d0393e08f602de8a5afefa137aeb3f	db47db021c1caaf6b33d4bc437f25265e6f3220edacee3b040feeaad1214c8ae	1328	EV verification results, reviews and records, with the pages that classify them	review packet for a qualified reviewer (the battery packet is board P's current review input, per v2/release/review-packets/README.md)
v2/docs/review-packets/battery/evidence/regeneration/gates-base/check_contracts_e.verdict.json	bd544fcc4e529cc4044e2bfcbef093484ab1a5ba	0c1676539349c4cd215583754c4ab478265097def4b67cfa9c86e23257bf53ae	1123	EV verification results, reviews and records, with the pages that classify them	review packet for a qualified reviewer (the battery packet is board P's current review input, per v2/release/review-packets/README.md)
v2/docs/review-packets/battery/evidence/regeneration/gates-base/check_contracts_p.verdict.json	ad6d10c8fbf0d77d851695053b60dc2e63593438	054d9116e8a941519178e5ed7b063459a9a2d304533273638a0f0a0489f35918	723	EV verification results, reviews and records, with the pages that classify them	review packet for a qualified reviewer (the battery packet is board P's current review input, per v2/release/review-packets/README.md)
v2/docs/review-packets/battery/evidence/regeneration/gates-base/derate.log	f97d5f52480275580394336aadfa208206b053d8	4ffcc40839e4f894ea14b01794650fa63c46f655487e68ce8a97ffdaef20e423	599	EV verification results, reviews and records, with the pages that classify them	review packet for a qualified reviewer (the battery packet is board P's current review input, per v2/release/review-packets/README.md)
v2/docs/review-packets/battery/evidence/regeneration/gates-base/derate.verdict.json	f5f84bafa2d7d64b79661fa176c87159bad958c4	d352c611ff034fcbb19d2da659e5ea9ddb88898e369cf18621fe1ebc88c28e4c	975	EV verification results, reviews and records, with the pages that classify them	review packet for a qualified reviewer (the battery packet is board P's current review input, per v2/release/review-packets/README.md)
v2/docs/review-packets/battery/evidence/regeneration/gates-base/energy_chain.log	23de9e403098dbabeef2ca3e77d81e6126c092b6	400f7c926a45882ef89dddf5aa5d0157dac2d2c97302485a5035dd5d9d1595b7	3460	EV verification results, reviews and records, with the pages that classify them	review packet for a qualified reviewer (the battery packet is board P's current review input, per v2/release/review-packets/README.md)
v2/docs/review-packets/battery/evidence/regeneration/gates-base/energy_chain.verdict.json	6bfef88b9defda4c5d768f3ced41c2a3eab82a8f	61f7c5facc2de48c5e3797ffb2e891a33550c341391e5ca17d3cd4f077b57138	1945	EV verification results, reviews and records, with the pages that classify them	review packet for a qualified reviewer (the battery packet is board P's current review input, per v2/release/review-packets/README.md)
v2/docs/review-packets/battery/evidence/regeneration/gates-base/energy_chain_a.verdict.json	79da876fa0268266b16f042e06372a939fd68ed6	0c1eabca0d74eb4a0c0acda25786c0d9ab484a1e56d0dc1a4334fe390ba9cef0	1012	EV verification results, reviews and records, with the pages that classify them	review packet for a qualified reviewer (the battery packet is board P's current review input, per v2/release/review-packets/README.md)
v2/docs/review-packets/battery/evidence/regeneration/gates-base/energy_chain_b.verdict.json	910a5b069d26e60d17600f51233895659fa32d70	2a4f7fff07f4b782a37336eff56b6d73000068c8714ec7196714a60283c6589d	1636	EV verification results, reviews and records, with the pages that classify them	review packet for a qualified reviewer (the battery packet is board P's current review input, per v2/release/review-packets/README.md)
v2/docs/review-packets/battery/evidence/regeneration/gates-base/energy_chain_e.verdict.json	5c790a84ece929bf5606aa925a8f05b438fc90a8	15da9acdf5e7ce5afac83c7740f4359177c25af339bc2b9b9e8debb788b1fa88	899	EV verification results, reviews and records, with the pages that classify them	review packet for a qualified reviewer (the battery packet is board P's current review input, per v2/release/review-packets/README.md)
v2/docs/review-packets/battery/evidence/regeneration/gates-base/energy_chain_e5.verdict.json	1e1ce60a66430e4845b5391bead63d9d241de36d	aff2185c374ea56bb54395d6ecdb3ed7f93dd337b76188da203a170a8087701d	963	EV verification results, reviews and records, with the pages that classify them	review packet for a qualified reviewer (the battery packet is board P's current review input, per v2/release/review-packets/README.md)
v2/docs/review-packets/battery/evidence/regeneration/gates-base/energy_chain_p.verdict.json	9e1109f8771cda8c50c4cd96b7a5f55038679fce	27fd30401bc8ea10684ccf958a9ba155d2f890b532bb7ca7e759401f8663d48c	897	EV verification results, reviews and records, with the pages that classify them	review packet for a qualified reviewer (the battery packet is board P's current review input, per v2/release/review-packets/README.md)
v2/docs/review-packets/battery/evidence/regeneration/gates-base/erc_gate.log	96e8e38a4d5490b7387b03a3887691c8e23dc10b	3ff8d86ec8da8b492a774a4ba76ea994b836852a1d3bf224c6871414e7123153	342	EV verification results, reviews and records, with the pages that classify them	review packet for a qualified reviewer (the battery packet is board P's current review input, per v2/release/review-packets/README.md)
v2/docs/review-packets/battery/evidence/regeneration/gates-base/inhibit_chain_a.verdict.json	ee4209523c9f442e458a27db1f6ed3832592cf1b	2c929d72f7e0820ce3ba175315bf6335eccfb075c3d7e45dcc2c42b69074ce3e	1212	EV verification results, reviews and records, with the pages that classify them	review packet for a qualified reviewer (the battery packet is board P's current review input, per v2/release/review-packets/README.md)
v2/docs/review-packets/battery/evidence/regeneration/gates-base/inhibit_chain_b.verdict.json	bca3213e645dc6679afaf6e509369d2a45b5adee	038784edf25a5db94deb6d0ee0a3006d927d12f9f68b7c5d8a31b5880ea2265d	1096	EV verification results, reviews and records, with the pages that classify them	review packet for a qualified reviewer (the battery packet is board P's current review input, per v2/release/review-packets/README.md)
v2/docs/review-packets/battery/evidence/regeneration/gates-base/inhibit_chain_c.verdict.json	7463ae30fce7d265a8b80a03c3a1e8cd3f8f9c36	f271ddd5ef0dfeca74354a893ee3e9fae3b495ab944bd3db9e9d9901101ea45a	837	EV verification results, reviews and records, with the pages that classify them	review packet for a qualified reviewer (the battery packet is board P's current review input, per v2/release/review-packets/README.md)
v2/docs/review-packets/battery/evidence/regeneration/gates-base/inhibit_chain_d.verdict.json	a9eaad988e1c5a14cc8cf9bba5320b1e68c63e63	62c86e32c0e289f55324844d2db5cd09a483e931b10c1e6d3879264d851aae17	837	EV verification results, reviews and records, with the pages that classify them	review packet for a qualified reviewer (the battery packet is board P's current review input, per v2/release/review-packets/README.md)
v2/docs/review-packets/battery/evidence/regeneration/gates-base/lcsc_fill.log	88af8e3b8e716a59397d31722bd134ec7bebf47e	2c1c4447073cfe1ffd020aaf87ff52e7f5f030a5a7bf60b226c2c28124095242	288	EV verification results, reviews and records, with the pages that classify them	review packet for a qualified reviewer (the battery packet is board P's current review input, per v2/release/review-packets/README.md)
v2/docs/review-packets/battery/evidence/regeneration/gates-base/lcsc_fill.verdict.json	7acf8d80064cc1c8d8c24cd4aba3f64ffa6b3b38	e56921a8b75590c889c9adf84a479b098c8689c24a81b672ef096968527be696	1287	EV verification results, reviews and records, with the pages that classify them	review packet for a qualified reviewer (the battery packet is board P's current review input, per v2/release/review-packets/README.md)
v2/docs/review-packets/battery/evidence/regeneration/gates-base/pack_protection.log	ad5c1cc4bb0ba2835239f237db51cb5daef5f2cb	de1aa29fbfacb46e90bb2340e7c1e33175747b84e71ae60fc0fab174a76c9d70	832	EV verification results, reviews and records, with the pages that classify them	review packet for a qualified reviewer (the battery packet is board P's current review input, per v2/release/review-packets/README.md)
v2/docs/review-packets/battery/evidence/regeneration/gates-base/pin_map_lands.log	68678cee22fa3f8b6bb6f9acc3147a105f4f15bf	d0e607262cffa2f38809a00d3ee10b2101db935c4d196caf64b866b4710fb153	319	EV verification results, reviews and records, with the pages that classify them	review packet for a qualified reviewer (the battery packet is board P's current review input, per v2/release/review-packets/README.md)
v2/docs/review-packets/battery/evidence/regeneration/gates-base/pin_map_lands_p.verdict.json	67536faee0ba3e62337d600dbcc8139b12705ad3	fa501bb824fd7cf6353e2a9a0c16ef80e72d453530f14ff63baa2458cb8de13b	842	EV verification results, reviews and records, with the pages that classify them	review packet for a qualified reviewer (the battery packet is board P's current review input, per v2/release/review-packets/README.md)
v2/docs/review-packets/battery/evidence/regeneration/gates-base/port_protect.log	aa4054c9cdfa1932d61b8ed9a6e19ab78068a4a6	af43a31121fa1a64117a5c8f4da49d4d67bee97020174b94ab458e97913c0864	487	EV verification results, reviews and records, with the pages that classify them	review packet for a qualified reviewer (the battery packet is board P's current review input, per v2/release/review-packets/README.md)
v2/docs/review-packets/battery/evidence/regeneration/gates-base/port_protect.verdict.json	421c06ab85ee426f72d44a5a582b5b0ad8bd64e7	4945b7a2c9782a1668640f1dc8c29ab92fff80d72b16a8c718128bfee7dc5509	974	EV verification results, reviews and records, with the pages that classify them	review packet for a qualified reviewer (the battery packet is board P's current review input, per v2/release/review-packets/README.md)
v2/docs/review-packets/battery/evidence/regeneration/gates-base/port_protect_p.verdict.json	e2dd159aaf823e093ca2a4b474ad18e30f2ec141	166ccf5b81d15d61333d094b6d36a3b0627f8cf3f78e7f26d72e5c392816108d	1053	EV verification results, reviews and records, with the pages that classify them	review packet for a qualified reviewer (the battery packet is board P's current review input, per v2/release/review-packets/README.md)
v2/docs/review-packets/battery/evidence/regeneration/gates-base/power_path.log	abb6bc7a3f4a9528d66c2149873ced616e90c459	905c6f0c122f7bf2b76b625196ae4f9ac7f06846434871851bbe7d5626f92267	1048	EV verification results, reviews and records, with the pages that classify them	review packet for a qualified reviewer (the battery packet is board P's current review input, per v2/release/review-packets/README.md)
v2/docs/review-packets/battery/evidence/regeneration/gates-base/power_path.verdict.json	189219fabc21bb438100b09506ff3bb488e9c314	bd78fb54c9277257f8f0a79b4909b0d92b9d60c41dbfa816b6f77237f62b7aac	890	EV verification results, reviews and records, with the pages that classify them	review packet for a qualified reviewer (the battery packet is board P's current review input, per v2/release/review-packets/README.md)
v2/docs/review-packets/battery/evidence/regeneration/gates-base/review_nets.log	7afa7fc6951c460a825dc1f389dc3bc5cbcde412	f373dceaf6003c0d38568cadcb941485e8e2cc8047c2e89f1efb8530cdf79d02	124	EV verification results, reviews and records, with the pages that classify them	review packet for a qualified reviewer (the battery packet is board P's current review input, per v2/release/review-packets/README.md)
v2/docs/review-packets/battery/evidence/regeneration/gates-new/check_contracts.log	eff8466b7bda65d13ff2bdc0936a1dcc10784db4	95a4315b25f123f1ce84a4b995f00effdedb1cb158fad328d69689e71ead852f	6358	EV verification results, reviews and records, with the pages that classify them	review packet for a qualified reviewer (the battery packet is board P's current review input, per v2/release/review-packets/README.md)
v2/docs/review-packets/battery/evidence/regeneration/gates-new/check_contracts.verdict.json	57ed065d291e52bfd2cfe87113883dc992396839	0b25995885378d727788d5b6b949914354aaa258b7cc7100b4fa69cdd4416f6d	1613	EV verification results, reviews and records, with the pages that classify them	review packet for a qualified reviewer (the battery packet is board P's current review input, per v2/release/review-packets/README.md)
v2/docs/review-packets/battery/evidence/regeneration/gates-new/check_contracts_a.verdict.json	2e42aa53f4d962ea90872565ae78a7a45c3ec645	a01afdb7f958f97fd62f6a9d27202b251d44edd267de24ea99f3c92017ae31a2	2609	EV verification results, reviews and records, with the pages that classify them	review packet for a qualified reviewer (the battery packet is board P's current review input, per v2/release/review-packets/README.md)
v2/docs/review-packets/battery/evidence/regeneration/gates-new/check_contracts_b.verdict.json	ab1d593909e6770c9b993a32ef6954af2310c2bc	141786b486cde4b9cf413aae1ef53b67f34dc4928ae5f7c4ce782dc5a2cf5de5	2690	EV verification results, reviews and records, with the pages that classify them	review packet for a qualified reviewer (the battery packet is board P's current review input, per v2/release/review-packets/README.md)
v2/docs/review-packets/battery/evidence/regeneration/gates-new/check_contracts_c.verdict.json	68cf9efa24901d9dee3459f66f0542884a215552	11f78aea3e2f54aef1cbea2a8b905e0eb456174b18d2252bc84e0c544a5d5270	1188	EV verification results, reviews and records, with the pages that classify them	review packet for a qualified reviewer (the battery packet is board P's current review input, per v2/release/review-packets/README.md)
v2/docs/review-packets/battery/evidence/regeneration/gates-new/check_contracts_d.verdict.json	811fc5cf6cccd230b48896ba523f099619dd3534	df6449c9910ff0be854d1b4b97a0cb33d1e7e7f82bcf826980b9c333d160cc85	1328	EV verification results, reviews and records, with the pages that classify them	review packet for a qualified reviewer (the battery packet is board P's current review input, per v2/release/review-packets/README.md)
v2/docs/review-packets/battery/evidence/regeneration/gates-new/check_contracts_e.verdict.json	745775bfd2210a9219a416b9e4ee056598f3a057	2c77ef378d5922abcaf2172192c9b1532f8e127326eb56f92b56bce17aa82c0f	1123	EV verification results, reviews and records, with the pages that classify them	review packet for a qualified reviewer (the battery packet is board P's current review input, per v2/release/review-packets/README.md)
v2/docs/review-packets/battery/evidence/regeneration/gates-new/check_contracts_p.verdict.json	1e50d1d1c39c6e8140e0725d1621f473e3fbb1dd	012699cc991d5d985489438df9bf955dd8d75a35019f293274fe14d6d285926d	723	EV verification results, reviews and records, with the pages that classify them	review packet for a qualified reviewer (the battery packet is board P's current review input, per v2/release/review-packets/README.md)
v2/docs/review-packets/battery/evidence/regeneration/gates-new/derate.log	f97d5f52480275580394336aadfa208206b053d8	4ffcc40839e4f894ea14b01794650fa63c46f655487e68ce8a97ffdaef20e423	599	EV verification results, reviews and records, with the pages that classify them	review packet for a qualified reviewer (the battery packet is board P's current review input, per v2/release/review-packets/README.md)
v2/docs/review-packets/battery/evidence/regeneration/gates-new/derate.verdict.json	a31ecaf0a9b6c4fe9062a9461a97f5a04c2b8476	92b02edd7c462406dc5e694fa0f41211bb4fc67e600f63f37c0c999fc547d9f0	974	EV verification results, reviews and records, with the pages that classify them	review packet for a qualified reviewer (the battery packet is board P's current review input, per v2/release/review-packets/README.md)
v2/docs/review-packets/battery/evidence/regeneration/gates-new/energy_chain.log	23de9e403098dbabeef2ca3e77d81e6126c092b6	400f7c926a45882ef89dddf5aa5d0157dac2d2c97302485a5035dd5d9d1595b7	3460	EV verification results, reviews and records, with the pages that classify them	review packet for a qualified reviewer (the battery packet is board P's current review input, per v2/release/review-packets/README.md)
v2/docs/review-packets/battery/evidence/regeneration/gates-new/energy_chain.verdict.json	41cb1bba1c5794d0331cc4e0a9cc71cbfb4c829d	7ab450e7f0f78f336f6faf00a0b2550c1ec68aaa03baa796f58727c4f1569026	1945	EV verification results, reviews and records, with the pages that classify them	review packet for a qualified reviewer (the battery packet is board P's current review input, per v2/release/review-packets/README.md)
v2/docs/review-packets/battery/evidence/regeneration/gates-new/energy_chain_a.verdict.json	3cf32a16dca895610737121a3682cf4131bd73b4	d1b00ece220c01d970952b8ce09f695bd8dc851c37fe4cec5dea5512884b26d4	1012	EV verification results, reviews and records, with the pages that classify them	review packet for a qualified reviewer (the battery packet is board P's current review input, per v2/release/review-packets/README.md)
v2/docs/review-packets/battery/evidence/regeneration/gates-new/energy_chain_b.verdict.json	9352935c7b5435d2c066bf1df69bd0a4f2d36f10	8645b84d3035eb4c02b189968bd33136644be79290277d0bc0dbc83013f3b74f	1636	EV verification results, reviews and records, with the pages that classify them	review packet for a qualified reviewer (the battery packet is board P's current review input, per v2/release/review-packets/README.md)
v2/docs/review-packets/battery/evidence/regeneration/gates-new/energy_chain_e.verdict.json	bb824273f8af48a14a3836e3fc9d0f87021d1ea0	d636934c489cc77b0a0059cc18c32d288817a902da3aaa98051526769e8d3174	899	EV verification results, reviews and records, with the pages that classify them	review packet for a qualified reviewer (the battery packet is board P's current review input, per v2/release/review-packets/README.md)
v2/docs/review-packets/battery/evidence/regeneration/gates-new/energy_chain_e5.verdict.json	9b90ee515fc9a902dc2f10e73374d121cce574fa	9126a9834b2208ecbd2f971674d9cbcd00100b7d69fd021495ee14fd34fd3feb	963	EV verification results, reviews and records, with the pages that classify them	review packet for a qualified reviewer (the battery packet is board P's current review input, per v2/release/review-packets/README.md)
v2/docs/review-packets/battery/evidence/regeneration/gates-new/energy_chain_p.verdict.json	b4e570f8620ceac5f127fde22a3fd055f00dce99	af441ae272a3ef53324f1cbc4cb644f45ff0a8191bea49c7baefe83bfead9e2f	897	EV verification results, reviews and records, with the pages that classify them	review packet for a qualified reviewer (the battery packet is board P's current review input, per v2/release/review-packets/README.md)
v2/docs/review-packets/battery/evidence/regeneration/gates-new/erc_gate.log	19c25cd61cae5fdda1324ce08b3529e90d00af8f	e2cd0a9beceac3bf73cb67d46bf62ddac68df74cbeebf77ccbad49f0b53c2c76	342	EV verification results, reviews and records, with the pages that classify them	review packet for a qualified reviewer (the battery packet is board P's current review input, per v2/release/review-packets/README.md)
v2/docs/review-packets/battery/evidence/regeneration/gates-new/inhibit_chain_a.verdict.json	004ade4b1bbd3b92f39293e9fe0e34ee5874fcb1	0c4ef631f559859022923ff49552e6afb1e7a5f22194a225c6f3ff558b7abbb3	1212	EV verification results, reviews and records, with the pages that classify them	review packet for a qualified reviewer (the battery packet is board P's current review input, per v2/release/review-packets/README.md)
v2/docs/review-packets/battery/evidence/regeneration/gates-new/inhibit_chain_b.verdict.json	ca5fc55f57b96c2b3f0f4f169a913b3b32cc8086	a04b0bf060fa3d2fc1f9488b7f7acb57e2a5e5ed50bba37f1b84d7f05fbc0fcb	1096	EV verification results, reviews and records, with the pages that classify them	review packet for a qualified reviewer (the battery packet is board P's current review input, per v2/release/review-packets/README.md)
v2/docs/review-packets/battery/evidence/regeneration/gates-new/inhibit_chain_c.verdict.json	e1d83c3f521469e1669c0911fced947daf6a63bd	14463dd387e262f3a809807da71cf9d2e51e20da33cd14fa2205ede95eef94b7	837	EV verification results, reviews and records, with the pages that classify them	review packet for a qualified reviewer (the battery packet is board P's current review input, per v2/release/review-packets/README.md)
v2/docs/review-packets/battery/evidence/regeneration/gates-new/inhibit_chain_d.verdict.json	603b716d5d469588b7246fea1336104a72da06c2	3adb5c157a2343ad6221b5bdeb2e8e21692d5f66ca16f75b0f9032e5a7dff306	837	EV verification results, reviews and records, with the pages that classify them	review packet for a qualified reviewer (the battery packet is board P's current review input, per v2/release/review-packets/README.md)
v2/docs/review-packets/battery/evidence/regeneration/gates-new/lcsc_fill.log	5ce4513f8bc0c3a28cf3d2c654db3b3168a37e27	762c54dbde241ddcfa786aae17e28bab09f08f5346d29e9acf7763aaf11002da	288	EV verification results, reviews and records, with the pages that classify them	review packet for a qualified reviewer (the battery packet is board P's current review input, per v2/release/review-packets/README.md)
v2/docs/review-packets/battery/evidence/regeneration/gates-new/lcsc_fill.verdict.json	666dc1d267ce2f3ae3ad8042cb94045ff21856e8	df0c7edd4ab4efe0a7f5cc22493c48a5ffed28debf9d33ec1592f71470bf3cad	1287	EV verification results, reviews and records, with the pages that classify them	review packet for a qualified reviewer (the battery packet is board P's current review input, per v2/release/review-packets/README.md)
v2/docs/review-packets/battery/evidence/regeneration/gates-new/pack_protection.log	ad5c1cc4bb0ba2835239f237db51cb5daef5f2cb	de1aa29fbfacb46e90bb2340e7c1e33175747b84e71ae60fc0fab174a76c9d70	832	EV verification results, reviews and records, with the pages that classify them	review packet for a qualified reviewer (the battery packet is board P's current review input, per v2/release/review-packets/README.md)
v2/docs/review-packets/battery/evidence/regeneration/gates-new/pin_map_lands.log	b1be2e4bade0634cb44d2db59120ee3b983a0a38	94eaf3b3d4246f71e29ec3677db6c69be7168a56b96866af883fee592451a8e7	319	EV verification results, reviews and records, with the pages that classify them	review packet for a qualified reviewer (the battery packet is board P's current review input, per v2/release/review-packets/README.md)
v2/docs/review-packets/battery/evidence/regeneration/gates-new/pin_map_lands_p.verdict.json	0df7ea495392a716d6d470ec316077a410c4f196	72031a379cdb7368ca0393be38efd4b86e2d203f6b9fb9db7c6d5eaaa987dd65	841	EV verification results, reviews and records, with the pages that classify them	review packet for a qualified reviewer (the battery packet is board P's current review input, per v2/release/review-packets/README.md)
v2/docs/review-packets/battery/evidence/regeneration/gates-new/port_protect.log	aa4054c9cdfa1932d61b8ed9a6e19ab78068a4a6	af43a31121fa1a64117a5c8f4da49d4d67bee97020174b94ab458e97913c0864	487	EV verification results, reviews and records, with the pages that classify them	review packet for a qualified reviewer (the battery packet is board P's current review input, per v2/release/review-packets/README.md)
v2/docs/review-packets/battery/evidence/regeneration/gates-new/port_protect.verdict.json	299eb243d90d4cb838047e0d691263d3cf432588	899de5d1e685d0cf92f627950e9ff6e38ac7bbe19de81302423145a00d8c73a4	973	EV verification results, reviews and records, with the pages that classify them	review packet for a qualified reviewer (the battery packet is board P's current review input, per v2/release/review-packets/README.md)
v2/docs/review-packets/battery/evidence/regeneration/gates-new/port_protect_p.verdict.json	6b3189e0e88c7b80f4817e698724b2514e7ee480	b3604f1f796588bfe5d93c2259fdad7817a6f50186e40fcb83e3e2a133120fb7	1052	EV verification results, reviews and records, with the pages that classify them	review packet for a qualified reviewer (the battery packet is board P's current review input, per v2/release/review-packets/README.md)
v2/docs/review-packets/battery/evidence/regeneration/gates-new/power_path.log	831e403aea480a26e62d22820734debb6c033162	310bf2e7305e1df3b77a1b8a5da11319a7adfe763ce5a6ec847c18718e6bfe6e	1047	EV verification results, reviews and records, with the pages that classify them	review packet for a qualified reviewer (the battery packet is board P's current review input, per v2/release/review-packets/README.md)
v2/docs/review-packets/battery/evidence/regeneration/gates-new/power_path.verdict.json	be5c56515d6c7004c8b6bf8fbd294d22dd4f80e4	6b03b699bc8c60a59a8a002d42d80006db26a3add415651899f10572e1a7a4f6	890	EV verification results, reviews and records, with the pages that classify them	review packet for a qualified reviewer (the battery packet is board P's current review input, per v2/release/review-packets/README.md)
v2/docs/review-packets/battery/evidence/regeneration/gates-new/review_nets.log	762a3f0d021002f590ab5cc3f60fe8d6015ebc91	f05a4c14dcadb948f1732e8043e741898346242808802c3df97a6d79e782195f	123	EV verification results, reviews and records, with the pages that classify them	review packet for a qualified reviewer (the battery packet is board P's current review input, per v2/release/review-packets/README.md)
v2/docs/review-packets/battery/evidence/regeneration/generator-sha256.txt	64849546f68264e3bbd2ec82d40f0e1ab03b9cdb	e2fb67eed59d1ec85065a399e0d4e4a657fdd8e19512983adf93c516c2ef8893	229	EV verification results, reviews and records, with the pages that classify them	review packet for a qualified reviewer (the battery packet is board P's current review input, per v2/release/review-packets/README.md)
v2/docs/review-packets/battery/evidence/regeneration/lcsc_fill-runner/base-lcsc_fill.log	e13c0af5a3af117bebb171b9ce7348a598709ce9	928006e11b8ec35a03cc0ed42b406ed574f7ba4624e5252ba0dedcc290c3df69	248	EV verification results, reviews and records, with the pages that classify them	review packet for a qualified reviewer (the battery packet is board P's current review input, per v2/release/review-packets/README.md)
v2/docs/review-packets/battery/evidence/regeneration/lcsc_fill-runner/base-lcsc_fill.verdict.json	b67a2069b93ea01bde0a06684facf8860780f728	96a14f7e018aa272b2a98797351d19f0dd257ebe92b2b980832aa14a627e352e	894	EV verification results, reviews and records, with the pages that classify them	review packet for a qualified reviewer (the battery packet is board P's current review input, per v2/release/review-packets/README.md)
v2/docs/review-packets/battery/evidence/regeneration/lcsc_fill-runner/new-lcsc_fill.log	5dd1bcde25e88691e0bdcf0d93e80f8c615afabc	85492144ce0cfbce7d6f3ac99351b79a02cab17904052d6ff94dcd3e6cc84cae	248	EV verification results, reviews and records, with the pages that classify them	review packet for a qualified reviewer (the battery packet is board P's current review input, per v2/release/review-packets/README.md)
v2/docs/review-packets/battery/evidence/regeneration/lcsc_fill-runner/new-lcsc_fill.verdict.json	c3e402e9636c97fb1ba9052fa9bab535e07ef78f	7e7585fa4916de91fb07e6cac83a679f504fa5a779880c7af42c3523f71d9164	894	EV verification results, reviews and records, with the pages that classify them	review packet for a qualified reviewer (the battery packet is board P's current review input, per v2/release/review-packets/README.md)
v2/docs/review-packets/battery/evidence/regeneration/netdiff.py	4233faa04e2453de32db0108ead730c621217885	233d391292bd69c27d227c0c99d59c38ae95cd9d52cf5cf26a432287befd3515	3612	EV verification results, reviews and records, with the pages that classify them	review packet for a qualified reviewer (the battery packet is board P's current review input, per v2/release/review-packets/README.md)
v2/docs/review-packets/battery/evidence/regeneration/overlay-files.txt	7b96932aeff2126edbfa64e28f0e6c4635d84f2c	cb8fdd018ce1631e0433a650329c6d3de768a9865fbbb7675a9db9d4e1e69d0d	27	EV verification results, reviews and records, with the pages that classify them	review packet for a qualified reviewer (the battery packet is board P's current review input, per v2/release/review-packets/README.md)
v2/docs/review-packets/battery/evidence/regeneration/parity_bom.json	42ab04a5fdd08883066eef87de63d5c1cbb1c6e4	cb06effee90d3015e2072f4e4501d9955cae6b42b056aec707a75d573202706d	66	EV verification results, reviews and records, with the pages that classify them	review packet for a qualified reviewer (the battery packet is board P's current review input, per v2/release/review-packets/README.md)
v2/docs/review-packets/battery/evidence/regeneration/parity_erc.json	07cf56477cb30ff02a8eb1e168fef11d822275c0	1c991cfae6347800c939a6e90fe17fe11e826d9024e42cefc83de7a0884ba420	281	EV verification results, reviews and records, with the pages that classify them	review packet for a qualified reviewer (the battery packet is board P's current review input, per v2/release/review-packets/README.md)
v2/docs/review-packets/battery/evidence/regeneration/parity_intent.json	7ceec776d6602ec3f596fcc9e01b86fc0fc4922d	607f2e1b7adb75dc66267217a7334114126f37ea6ca8cab0548736b90c1ba3d4	76	EV verification results, reviews and records, with the pages that classify them	review packet for a qualified reviewer (the battery packet is board P's current review input, per v2/release/review-packets/README.md)
v2/docs/review-packets/battery/evidence/regeneration/parity_net.json	f04875ff4d781979903c90df50bc48d6fcd6e97c	38232469c3f70134cacf5560ede7728daf73a4226cea020143cfac35454f8900	710	EV verification results, reviews and records, with the pages that classify them	review packet for a qualified reviewer (the battery packet is board P's current review input, per v2/release/review-packets/README.md)
v2/docs/review-packets/battery/evidence/regeneration/parity_sch.json	04f1be75a9bb528e7a3aca07e48748094d4944cf	f466f68f3e846502aa2ed1a2474c0294577ce676326e266ae941e3725e161453	345	EV verification results, reviews and records, with the pages that classify them	review packet for a qualified reviewer (the battery packet is board P's current review input, per v2/release/review-packets/README.md)
v2/docs/review-packets/battery/evidence/regeneration/run.log	bfa8ca6df7ccacc68692599b126559f8bed72c02	6178dc6af090f9cb3c3ecd085cba18427d293c8bb1c86e9c8e76f10c9c165ca9	3594	EV verification results, reviews and records, with the pages that classify them	review packet for a qualified reviewer (the battery packet is board P's current review input, per v2/release/review-packets/README.md)
v2/docs/review-packets/battery/evidence/regeneration/sha256.txt	c0baef8a0adf708ac22499383a9e0276a241353a	b19fc501b6011523fcf7d61b09719f781c33bb19f1b1fb23731973474d6b22b2	3376	EV verification results, reviews and records, with the pages that classify them	review packet for a qualified reviewer (the battery packet is board P's current review input, per v2/release/review-packets/README.md)
v2/docs/review-packets/battery/evidence/regeneration/test-pack-secondary-ts-runs.txt	bc6e4036d852c4188fd2e21ef89d8a4393d76e02	e30f054450f2198571691dcdd6e31d7a62f0b678bcf1b19dda46753eb14ba722	4894	EV verification results, reviews and records, with the pages that classify them	review packet for a qualified reviewer (the battery packet is board P's current review input, per v2/release/review-packets/README.md)
v2/docs/review-packets/battery/evidence/thermal_budget.out	93b7fdb3b76a9f7c13eee71ef8769571d286e839	7de91fcecd3d109280c6beefdb817efb8455d472dba8cd024da7385289bfa15b	3609	EV verification results, reviews and records, with the pages that classify them	review packet for a qualified reviewer (the battery packet is board P's current review input, per v2/release/review-packets/README.md)
v2/docs/review-packets/battery/evidence/thermal_budget.py	33858e3bd8fb09c2d1a08602a7f701529351eae5	b78aeed52a24063d6b35b599755b8219595f92610736cddd9000f5a4396c8775	9024	EV verification results, reviews and records, with the pages that classify them	review packet for a qualified reviewer (the battery packet is board P's current review input, per v2/release/review-packets/README.md)
v2/docs/review-packets/battery/evidence/trm_defaults_check.out	2518ffa6a35ae5f73a38392a7dd51b85340210c4	b04e2438d09cbf4a514c854dc215e8252cf0b1290839095af11709bb3ed6b0c4	8517	EV verification results, reviews and records, with the pages that classify them	review packet for a qualified reviewer (the battery packet is board P's current review input, per v2/release/review-packets/README.md)
v2/docs/review-packets/battery/evidence/trm_defaults_check.py	96bc69300de094b1336e048f3528b147316e5718	870eecc2f324fcd38268afcde63a012ebf9f36931bd0970eafb0d15980f99500	12770	EV verification results, reviews and records, with the pages that classify them	review packet for a qualified reviewer (the battery packet is board P's current review input, per v2/release/review-packets/README.md)
v2/docs/reviews/2026-09-26-foundation-progress-review.md	73c1e323db1f58937e23ee7afe59d9c37f6bfb3f	5a6a5b60efddce21d0b9ee1b99aaa7113ef03733bf39a3c2b950a9c28efa2a08	16188	EV verification results, reviews and records, with the pages that classify them	execution plan, the owner's reviews and prompts, review routes, and the filed records of each work round
v2/docs/reviews/2026-09-26-second-checkpoint-review.md	a28859b78bdd123bf5f7c0b7746c66ec83db0fc0	a1050d5b8fc2807f1060ca2d47d2778db5a9d0b0ecd8e57c02cf22f90a733516	20021	EV verification results, reviews and records, with the pages that classify them	execution plan, the owner's reviews and prompts, review routes, and the filed records of each work round
v2/docs/reviews/2026-09-27-handover-execution-prompt.md	761b6fc90c9fdafc68adee4e13a1b30455e52daa	f815c5715f3adba729868a3aa76bbd74bc0c232d3cc696599e2fa1dd9219215c	13735	EV verification results, reviews and records, with the pages that classify them	execution plan, the owner's reviews and prompts, review routes, and the filed records of each work round
v2/docs/reviews/2026-09-27-review-A-layer2-brief.md	4b63ef8a41d38032763e9c534d1ea8426d505744	fe6ca95b6c6356a886ebfd3835aa76f83607c427c3c057b3583d98438715d7a6	8071	EV verification results, reviews and records, with the pages that classify them	execution plan, the owner's reviews and prompts, review routes, and the filed records of each work round
v2/docs/reviews/INT-002-PRE-LAYOUT-ASSESSMENT.md	d2ec8f5e98da14123f498e1d6eff7f12e5df03a6	cad907b73c7ed8ea3c3f7b3dfb05ddcffd68fa4dedeb7333ebf70be502372ed4	11853	EV verification results, reviews and records, with the pages that classify them	execution plan, the owner's reviews and prompts, review routes, and the filed records of each work round
v2/docs/reviews/READY-TO-ACT.md	871ce60cbec4bd3e8dbe01f88196df6410a7a39f	d6bb0f450e92d92cef2a9db660abf68f1d44de2b99d2e0ff48b744ecb5aee3f8	73380	EV verification results, reviews and records, with the pages that classify them	execution plan, the owner's reviews and prompts, review routes, and the filed records of each work round
v2/docs/reviews/REVIEW-A-LAYER-1-2026-09-27.md	7a6482c10f44b4869e7285f1f7150113c3727ed4	d469a268fe0b8768a12c1f407ddb40e6dbfdab2d7b51e4da357253d88015865c	40410	EV verification results, reviews and records, with the pages that classify them	execution plan, the owner's reviews and prompts, review routes, and the filed records of each work round
v2/docs/reviews/REVIEW-A-LAYER-2-2026-09-27-pass1.md	ef2776dd1ab94769c9b4abaab8aa2306f4dbdec6	e854c2a46ea3d54225e01b346490b6a751bc0365369c60a7c0ed5e2108a0cec9	20460	EV verification results, reviews and records, with the pages that classify them	execution plan, the owner's reviews and prompts, review routes, and the filed records of each work round
v2/docs/reviews/REVIEW-A-LAYER-2-2026-09-27.md	c7408fc92b711746291b7cce823c489f6269f2e7	77b20ca4042f0855d9da1b9ede91028c28c66b9ebeedff3b79caf6b22801f5dd	24722	EV verification results, reviews and records, with the pages that classify them	execution plan, the owner's reviews and prompts, review routes, and the filed records of each work round
v2/docs/reviews/REVIEW-B-LAYER-3-2026-09-27.md	89a05fc19effa88c60271556fb8a833c2ea6ffc2	7a6c679f446b1baad520cf8b26bad7e2d75f39eece148fffbec5df512ba4c72d	32137	EV verification results, reviews and records, with the pages that classify them	execution plan, the owner's reviews and prompts, review routes, and the filed records of each work round
v2/docs/reviews/REVIEW-LAYER-1-RELEASE-2-2026-09-27.md	843f67ad8b4552324518891fc2a7cbdf08da09f8	a0d8e6be2dcebcf68e800d666f85afe3c35f5395cd1ad20d2080297b0830f908	29546	EV verification results, reviews and records, with the pages that classify them	execution plan, the owner's reviews and prompts, review routes, and the filed records of each work round
v2/docs/reviews/REVIEW-LAYER-1-RELEASE-2026-09-27.md	47a75e8af1889d09960f2d4c0679a230910ae7c2	2bd065d12f50298d8a89f12bc05adc270b31e248cc7b3e82b43f223ae0fea9f6	29631	EV verification results, reviews and records, with the pages that classify them	execution plan, the owner's reviews and prompts, review routes, and the filed records of each work round
v2/docs/reviews/REVIEW-LAYER-2-RELEASE-2-2026-09-27.md	f35a495e09cd7499bed9277f5679b76c360835f4	a4f0e88e48c304ee7e82b84fdbd23de7d12733872f98138669be3cec53081c67	31586	EV verification results, reviews and records, with the pages that classify them	execution plan, the owner's reviews and prompts, review routes, and the filed records of each work round
v2/docs/reviews/REVIEW-LAYER-2-RELEASE-2026-09-27.md	0c6e55b467b9527a75ebd64c913a9809cfd1a84c	cb7c773b9b193e1ff5a1f1038d18293631d6b151d7363854b7fb5152de4bf12b	34875	EV verification results, reviews and records, with the pages that classify them	execution plan, the owner's reviews and prompts, review routes, and the filed records of each work round
v2/docs/reviews/REVIEW-LAYER-3-RELEASE-2-2026-09-27.md	e3fbfa10c7e0f7d95261ce81ec92ecfa757a7d8b	cf8c73fb288be2fbee4fc0c52558d24fac78426a3b680cbcd2589479401761b9	27528	EV verification results, reviews and records, with the pages that classify them	execution plan, the owner's reviews and prompts, review routes, and the filed records of each work round
v2/docs/reviews/REVIEW-LAYER-3-RELEASE-2026-09-27.md	fc60eb72229c1d50fdd879eeb8b4ea97cfb878e9	1c3bc2d99f9efb5123178a6f565a1a955391a66facfc975ed4d1cf198f18bf58	31739	EV verification results, reviews and records, with the pages that classify them	execution plan, the owner's reviews and prompts, review routes, and the filed records of each work round
v2/docs/reviews/REVIEW-ROUTES.md	439ea4e720ffb6c0e354e1232c8db9fccfec0d62	b0f8f30234126da0ac42a037ab90fdaed991974b1c0909fdeb3f7b442757d95d	25538	EV verification results, reviews and records, with the pages that classify them	execution plan, the owner's reviews and prompts, review routes, and the filed records of each work round
v2/docs/reviews/TARGETED-CHECK-LAYERS-1-3-2026-09-27.md	8e078991b1d410701bc8291af7adf9a99c61e185	ae70b1a7811ecea172029b55c070dfd86f7f668640109635362e785bf230b8aa	15086	EV verification results, reviews and records, with the pages that classify them	execution plan, the owner's reviews and prompts, review routes, and the filed records of each work round
v2/docs/routeflow-methodology.md	66e436952f3c98340ab943cca0b6c835bb60f056	8c136fb0cec3052abb0bdb3da32a409a7c7039c0a78aa28292b1d78174d2c6de	18621	HIST history: superseded or process records, kept only to trace a ruling; never an authority	history: the design record (every ruling, every audit round) and superseded research and process records; trace a ruling here, never take it as the current state
v2/ecad/meshsat.pretty/BackerScrew_M3_GND.kicad_mod	969a703459dcadfb90c646c9890937a8efd6d8a9	e0b8f321b6539d37d1bc69ac67ca74bf983e27235b7e9583d45897fb0e33041d	704	L6 layer 6, components	the project's own land patterns (a generator input: their content is in the netlist provenance)
v2/ecad/meshsat.pretty/CM5_Amphenol_10164227.kicad_mod	420dacd5e3ec1a0c66b430fb525dba18d1dc2917	e5ad42053038d917fe4f90475be22db2039859d24fee432cbee9614acbb05696	37300	L6 layer 6, components	the project's own land patterns (a generator input: their content is in the netlist provenance)
v2/ecad/meshsat.pretty/CM5_Conn_A_10164227.kicad_mod	babefb7b93929185782ea645a07b0835ca738c07	3a9dd27aa4e835718d3ce7717a14077d3c7be05921c372ff88de84067fe1c93f	17831	L6 layer 6, components	the project's own land patterns (a generator input: their content is in the netlist provenance)
v2/ecad/meshsat.pretty/CM5_Conn_B_10164227.kicad_mod	f1a863ce6743c7cd63a13036d2b0bb8aa4dd23d1	70d693d26d5da48744f6380901cb9651b1f919fea24a2bd6b092a22537935111	18639	L6 layer 6, components	the project's own land patterns (a generator input: their content is in the netlist provenance)
v2/ecad/meshsat.pretty/DMR858M.kicad_mod	b7eeb551102aaf3cf232a0c6261b57dd1babab12	248d6d69dbfb3920e4f4ec629f6d83b9a03daf6d82a1c9ef84293328cd757886	5075	L6 layer 6, components	the project's own land patterns (a generator input: their content is in the netlist provenance)
v2/ecad/meshsat.pretty/Eaton_SCF9550_9.5x5.0mm.kicad_mod	4f84adb6101844e04ee3f091a125c57f5b44112c	9ae65da606637469cad4c3cdcb1b8e2d3f0a22a69e542f5d85b60c4e9796b0e9	3478	L6 layer 6, components	the project's own land patterns (a generator input: their content is in the netlist provenance)
v2/ecad/meshsat.pretty/Ebyte_E22-900M30S.kicad_mod	69cdb329999d405eeb085a9587da267e9c7b5b29	320fcd4eb92c9a3d8c4881655730dabf55a3a8e03e5e4e804f0faed561fc3dbb	3574	L6 layer 6, components	the project's own land patterns (a generator input: their content is in the netlist provenance)
v2/ecad/meshsat.pretty/Ebyte_E72-2G4M20S1E.kicad_mod	d254ca6c23c8c475e80b8bed202fda372dc8ad00	e23886e119231fae408563063e17ee4c89c1b359fcb0087696c0563304b3bccf	7098	L6 layer 6, components	the project's own land patterns (a generator input: their content is in the netlist provenance)
v2/ecad/meshsat.pretty/FrameScrew_M3_GND.kicad_mod	f92a3c2825954d6206a4affe969198fccf3a1255	953fbf7b8d2775c61575ff1f57a63ab7d3caecb364502377ac05263855244c47	950	L6 layer 6, components	the project's own land patterns (a generator input: their content is in the netlist provenance)
v2/ecad/meshsat.pretty/GuardedToggle_SPDT.kicad_mod	0b93bdcd4fb501a1824a9de49059c8cc4f6af8cf	3ba23e9472430bfbb2d73b55cb9a034d23ed2d07189b50300e78d29883bf970a	2463	L6 layer 6, components	the project's own land patterns (a generator input: their content is in the netlist provenance)
v2/ecad/meshsat.pretty/GuidePin_Dock.kicad_mod	b7ea90d1631656f172b7e0570dc68d5f06551e6d	127868c515b1fdba86eb0b3443edf22613e04cacc1c22af15dba4bde07da0292	757	L6 layer 6, components	the project's own land patterns (a generator input: their content is in the netlist provenance)
v2/ecad/meshsat.pretty/GuidePin_Stack.kicad_mod	6bad73715f57372d8d64c8ced5d0701583eb296a	96e57f5f09143c02a0910fff6d3c317bcbb03c23d2593388c8a509683d688407	758	L6 layer 6, components	the project's own land patterns (a generator input: their content is in the netlist provenance)
v2/ecad/meshsat.pretty/Hirose_FH12-22S-0.5SH_1x22-1MP_P0.50mm_Horizontal.kicad_mod	0b67a52f9e86c229f5e76d05d0bad6fa27c9a8cd	0b61f235fdd3fedc511011e354bf45ce98f8f2576f30c44adc3b61e0dff1436a	8478	L6 layer 6, components	the project's own land patterns (a generator input: their content is in the netlist provenance)
v2/ecad/meshsat.pretty/Hirose_FH34SRJ-24S.kicad_mod	fffcc0e8964fe160de31b0bb3ac0af3bef66a2a0	088c3893a6e7cd07787ce3103ff2998affaba8a68ec18755bc88cb53be922f18	4027	L6 layer 6, components	the project's own land patterns (a generator input: their content is in the netlist provenance)
v2/ecad/meshsat.pretty/IDC-Header_2x05_P2.54mm_Vertical_NarrowPad.kicad_mod	39ee3bb4388fbbb47907842c3da6848c2150b820	55d3be9b5c62f4e3288bc14babc5f28d2d39b0699a2ac5910273c0723234db40	5619	L6 layer 6, components	the project's own land patterns (a generator input: their content is in the netlist provenance)
v2/ecad/meshsat.pretty/IDC-Header_2x07_P2.54mm_Vertical_NarrowPad.kicad_mod	1c620b9b894ed0a9961bd0299515292c345786d8	8c552c0508d353dddce0c261b809388a3e50d2a6261fca38ce4080a8577a13f1	6151	L6 layer 6, components	the project's own land patterns (a generator input: their content is in the netlist provenance)
v2/ecad/meshsat.pretty/IDC-Header_2x08_P2.54mm_Vertical_NarrowPad.kicad_mod	61bab0e2646b1b9fb02fc128aa4b1ecf43ddd54f	a01394897fbff0502fd3316e286001a0b789412163ae7cf2cc1227f89acc9d17	6424	L6 layer 6, components	the project's own land patterns (a generator input: their content is in the netlist provenance)
v2/ecad/meshsat.pretty/IDC-Header_2x09_P2.54mm_Vertical_NarrowPad.kicad_mod	bdbae7c0254c8a2ff7ea12b60b4ffa282bf76e39	6c1abe3206771c72b6e8a4ce944c7d6e45b9b2fc47e1a566e2504857771a49c2	6692	L6 layer 6, components	the project's own land patterns (a generator input: their content is in the netlist provenance)
v2/ecad/meshsat.pretty/IDC-Header_2x10_P2.54mm_Vertical_NarrowPad.kicad_mod	a1a17da82ee2da5512b81af1d9b4f58dec981264	6db93a5cf77db321d58e9437e2c127e60dfbebba4b6621a6532ba6caecb841c8	6959	L6 layer 6, components	the project's own land patterns (a generator input: their content is in the netlist provenance)
v2/ecad/meshsat.pretty/IDC-Header_2x13_P2.54mm_Vertical_NarrowPad.kicad_mod	3ccffea6baf6f3fa38adb29dfd75f88d01e864c4	49a8f7be064e043a60d1caad6fdebc7f12eed3c7b6558cadc3d863e71ceb6cc3	7764	L6 layer 6, components	the project's own land patterns (a generator input: their content is in the netlist provenance)
v2/ecad/meshsat.pretty/IDC-Header_2x20_P2.54mm_Vertical_NarrowPad.kicad_mod	07f5ef3e28017ec0aa2e3b2865440f9020fbcd35	c872ca1c0b64fbf1990ae04c3858df528df90f1adcfea07d67ef9ee1006d248b	9631	L6 layer 6, components	the project's own land patterns (a generator input: their content is in the netlist provenance)
v2/ecad/meshsat.pretty/LQFP-128_14x14mm_P0.4mm_EP6.0.kicad_mod	b4f32ac72c359ff96f9104f1d228d62c0340d47e	6a8b77e14185381b095d07845479a085cb1fb28ef580cd57378a55f3243166fe	21781	L6 layer 6, components	the project's own land patterns (a generator input: their content is in the netlist provenance)
v2/ecad/meshsat.pretty/LeadLands_1x02.kicad_mod	684dba90f12f0d7c586f63996de6a859f5e9104c	1e3fa195a8f63a9c521ca608e1f0696b9005e308f0fa44552587c1e0e9c3a1f2	940	L6 layer 6, components	the project's own land patterns (a generator input: their content is in the netlist provenance)
v2/ecad/meshsat.pretty/M2_B-Key_Socket_3052.kicad_mod	9d36c9d4e54be4570f4d73543a68bf7254c79832	4982b4c8fa21070bfb57de1c17ebb16b3f497be3e4f5ee6f6f1a9b7216014a7a	8356	L6 layer 6, components	the project's own land patterns (a generator input: their content is in the netlist provenance)
v2/ecad/meshsat.pretty/M2_B-Key_Socket_3052_TE2199119.kicad_mod	577f07ad2c5b0254c6e79985449257ad1c4e23a6	caba4f04104cd06dbf92d26107c12b2a89b71f2848998af1a7df3cdb04b54e55	8752	L6 layer 6, components	the project's own land patterns (a generator input: their content is in the netlist provenance)
v2/ecad/meshsat.pretty/M2_E-Key_Socket_2230.kicad_mod	f535d6ccbcb8827a1ba076c8ff4d473446042c3a	c8bc157e47cbdc73d8bc129a07f710082a45fd58464e03ed67b0cd517601128d	11906	L6 layer 6, components	the project's own land patterns (a generator input: their content is in the netlist provenance)
v2/ecad/meshsat.pretty/M2_M-Key_Socket_2242.kicad_mod	1cb336bc94bf0788b57ac315995cf9d0a460fa1b	7a780b96b8af6b69d6af81a12d83203ee98843a94c8ec4e4f1f0f795961feb53	8364	L6 layer 6, components	the project's own land patterns (a generator input: their content is in the netlist provenance)
v2/ecad/meshsat.pretty/Mill-Max_0858_power_pin.kicad_mod	e7ae0538e73ccd2f68dc34445c4e96d31aaad04a	aca8f7f50b3510b79e95317050e56e0aa15e3778ccc4a48b3ddfe4bd9c5ceb37	2238	L6 layer 6, components	the project's own land patterns (a generator input: their content is in the netlist provenance)
v2/ecad/meshsat.pretty/Mill-Max_0858_target.kicad_mod	847341092da38e4370746c238f1ec88a109ce3a1	ac3acfd980ac8f008ee300bcbfa87f5b4c9e82fb3027a6a894df99150eace459	3349	L6 layer 6, components	the project's own land patterns (a generator input: their content is in the netlist provenance)
v2/ecad/meshsat.pretty/MiniPCIe_Socket_52P_H4.0_Standoff.kicad_mod	22dfefd604c75cbf02106436d5a51850762dcefa	9b4b5f9b12b7ffdd87a73df37fabd4907bcfd7cb06b20111140965440a89dd34	9992	L6 layer 6, components	the project's own land patterns (a generator input: their content is in the netlist provenance)
v2/ecad/meshsat.pretty/NiceRF_SA868.kicad_mod	6d18850bc11de25f1365987feabbbe144f7b6d34	e7a55e1a606daff47424d8946cb12a2af1c1d7e547261ab812d243032865d074	3060	L6 layer 6, components	the project's own land patterns (a generator input: their content is in the netlist provenance)
v2/ecad/meshsat.pretty/PanelJack_17mm.kicad_mod	24252c51561ce62337d26bc48e3f95c2d1617b09	57e493be8fb2bbe238d55d83b2f1b5391c53b9d944a2e3cbf41dbe6db3871fa6	1860	L6 layer 6, components	the project's own land patterns (a generator input: their content is in the netlist provenance)
v2/ecad/meshsat.pretty/PanelSounder.kicad_mod	1f6272b2dd125e4fb079ad7ce69c35993aa54546	b0cefe91582284d94f1616e24fae0365a4a792d35224ecf613b5bee33151f3c3	1333	L6 layer 6, components	the project's own land patterns (a generator input: their content is in the netlist provenance)
v2/ecad/meshsat.pretty/PanelSwitch_16mm.kicad_mod	0a623a3e226ad6174334b806b85cc4e02f26f014	d96bed5c02a782005e6cbdff35c36e8ad0bf72735480dc3e07ae14bef685b802	1514	L6 layer 6, components	the project's own land patterns (a generator input: their content is in the netlist provenance)
v2/ecad/meshsat.pretty/PanelSwitch_19mm.kicad_mod	2544a22529720cbfd41819913bfe8a522d217b31	9f90b2fa4904b3f3cf83bbc3a7d768e73d1db5b6696c3650dd5fe6ac6a024304	1514	L6 layer 6, components	the project's own land patterns (a generator input: their content is in the netlist provenance)
v2/ecad/meshsat.pretty/PanelToggle_DPDT.kicad_mod	f8796fa733bc66f5e2cd65cf3bfe743dc8259bbd	6ce26720f476c6aa9ced7e2c6c19823414a6e04cc3b538dd5e0344c8df42d677	3533	L6 layer 6, components	the project's own land patterns (a generator input: their content is in the netlist provenance)
v2/ecad/meshsat.pretty/PogoPins_2x4.kicad_mod	cb9ae20ccdc1803b624a44ff6be0787babb50f04	cf5389ccc07994615ed0ef36d834e25dc92980ae35cf438f9ddf2acab446623a	1514	L6 layer 6, components	the project's own land patterns (a generator input: their content is in the netlist provenance)
v2/ecad/meshsat.pretty/PogoPins_2x6.kicad_mod	8705c1dca881bb048e98192cb9205567b3858eec	171fa629c58b8f1e91006da4d3fb87c933abc33c59d528d087a9bc5d060d2a68	1921	L6 layer 6, components	the project's own land patterns (a generator input: their content is in the netlist provenance)
v2/ecad/meshsat.pretty/PogoTargets_2x4.kicad_mod	f12181613f62896296bc45af4e7ac3834083dda6	d6f6471174dfb9d70416cefbd620c0389591b11003eae1bc083f99442c0f05d9	1340	L6 layer 6, components	the project's own land patterns (a generator input: their content is in the netlist provenance)
v2/ecad/meshsat.pretty/PogoTargets_2x6.kicad_mod	0b5028a70be47bd7156e7cd419f0b644f5aeea8d	94b2f0134ac6ee1180e7b7a4847f9beaccb036add245bdda387cc593bf3e4ec1	1663	L6 layer 6, components	the project's own land patterns (a generator input: their content is in the netlist provenance)
v2/ecad/meshsat.pretty/Pulse_H5007NL.kicad_mod	0365d0017c5fdefcf0c59e2f745747dd0cd2694c	128dfe0f1d65c364aaec2e47560fad7166c07e9164087011a81a7f2f7d4a8128	3574	L6 layer 6, components	the project's own land patterns (a generator input: their content is in the netlist provenance)
v2/ecad/meshsat.pretty/Quectel_LG290P.kicad_mod	ab90aab3dc4e8587536055e9f55ba474764d6e8f	d76eeb96b23d70956474e74eb9725cd55d9a8b0c20a4529794cb14780a47b27b	8796	L6 layer 6, components	the project's own land patterns (a generator input: their content is in the netlist provenance)
v2/ecad/meshsat.pretty/Radiall_SMPMAX_R222M00720.kicad_mod	8b85546846fa3c00ab365f63af42027532b2ec52	71510bda3748db671ffac79071100471b4bae8d5290080a74f28e623be0bb6cc	4584	L6 layer 6, components	the project's own land patterns (a generator input: their content is in the netlist provenance)
v2/ecad/meshsat.pretty/Seeed_Wio-SX1262.kicad_mod	13f3ad42fc07c6d98e2b3a1ef174374bfb80672a	7d63f492567e7fce7ed47bf8856c4a978d3c42986a41646f6a3d147a545dfc51	4015	L6 layer 6, components	the project's own land patterns (a generator input: their content is in the netlist provenance)
v2/ecad/meshsat.pretty/Sensirion_DFN-6-1EP_2.44x2.44mm_P0.8mm_EP1.25x1.7mm.kicad_mod	a48d0518b854182258cc9ee8eac65b0f4be82697	4fd7bf77769ab06d2f95995f94e2e8d267808b395f0790b5f0a256f14aab5beb	2413	L6 layer 6, components	the project's own land patterns (a generator input: their content is in the netlist provenance)
v2/ecad/meshsat.pretty/Skyworks_SKY13351_MLPD-6_1x1mm.kicad_mod	9d715f84372f857d74f88d2b1d431771594dd4cb	e64cd3a24b3b0c99dfb6f8eec7bc77b4c436b2b09c287b12d889894b8d89e5f9	1840	L6 layer 6, components	the project's own land patterns (a generator input: their content is in the netlist provenance)
v2/ecad/meshsat.pretty/Slot_5x1.8_NPTH.kicad_mod	aa14174da5d277214ebb334ecbb5f0cede22eb27	9e499bdd0b654dc6e071272dc7f483dbe24524a128c39322c6de035d37ae88a0	428	L6 layer 6, components	the project's own land patterns (a generator input: their content is in the netlist provenance)
v2/ecad/meshsat.pretty/SolderPad_8x6.kicad_mod	e54e951880f1177e8d14d774300fc58679397740	c9da5808d2ef317e5f36b0eccaaef0d49549764e7a3a31ab619931597989aec4	644	L6 layer 6, components	the project's own land patterns (a generator input: their content is in the netlist provenance)
v2/ecad/meshsat.pretty/TQFP-128_14x14mm_P0.4mm_EP10.0.kicad_mod	cef192ea8c5b0b2a18e075ab4600c4ae5b4b2228	f46f11fe8fb1790cf1297c9fd6c574d9a0b844227264fd4a2871c5544db0889f	21663	L6 layer 6, components	the project's own land patterns (a generator input: their content is in the netlist provenance)
v2/ecad/meshsat.pretty/Texas_RKS0020A_VQFN-20_2.5x4.5mm.kicad_mod	9300f208435ad56c03bddd6ce95651e0a73731c1	7d7b6fd5a01e1ddfc88a39cbd02955bb5a8801921fa3fb2be58499d883ad5e04	3541	L6 layer 6, components	the project's own land patterns (a generator input: their content is in the netlist provenance)
v2/ecad/meshsat.pretty/Texas_RQM0029A_QFN-29_4x4mm.kicad_mod	e834904a82b1f8acae5a591ee5c58a2222a76b23	ee1f25f041a0fecc99f707f75f2a700652ba21fa29797031e493c43961274b65	8906	L6 layer 6, components	the project's own land patterns (a generator input: their content is in the netlist provenance)
v2/ecad/meshsat.pretty/Texas_RQQ0011A_VQFN-HR-11_2.5x3mm.kicad_mod	413b76a1947732671281ae679d70cf692791c652	d52318714fba429baeb83a97a8767ef2db7bba0ca3ec843732b06f0e7870615c	6467	L6 layer 6, components	the project's own land patterns (a generator input: their content is in the netlist provenance)
v2/ecad/meshsat.pretty/Texas_RSE0010A_UQFN-10_1.5x2mm.kicad_mod	d91e3d1cdf26eec817fadd3d83f7a8473cfa62c9	8234d844f4e7f6a5ff3fe86a56e03a370c6ca00b9fdc6d8199818b8168a4894b	2333	L6 layer 6, components	the project's own land patterns (a generator input: their content is in the netlist provenance)
v2/ecad/meshsat.pretty/Texas_RSM0032A_VQFN-32-1EP_4x4mm_P0.4mm_EP1.4x1.4mm.kicad_mod	6a7df33f9688c18e02d304cf443cd5ce283333b8	fd01a6538a5316026812d573b3a9889bcc127a84d501fa40c57d7a59f0446982	9646	L6 layer 6, components	the project's own land patterns (a generator input: their content is in the netlist provenance)
v2/ecad/meshsat.pretty/ToggleBody_DPDT.kicad_mod	abe2f1d39c47b7b1fc6a0d89317a83fe18d4327b	1bc556b1632dc3caad4c4f8091b4eaf6ca117ba2a61e40cf393626d16eb5ceb6	1560	L6 layer 6, components	the project's own land patterns (a generator input: their content is in the netlist provenance)
v2/ecad/meshsat.pretty/ToggleBody_SPDT.kicad_mod	da327469e4115214a336e2c8cda9324d1b6c816e	a8576aab37c32b12710fc3320ad9923b2af117426b517752f5487b4364bc1dee	1308	L6 layer 6, components	the project's own land patterns (a generator input: their content is in the netlist provenance)
v2/ecad/meshsat.pretty/Vishay_VEML7700.kicad_mod	5eb1038164776db9994d9cf039ba2630c767cb30	fb8764f71ec401dc98091e2c711a1df644a5bc30f0cf3e9646f636be937996d3	1186	L6 layer 6, components	the project's own land patterns (a generator input: their content is in the netlist provenance)
v2/ecad/meshsat.pretty/WeAct_EPD_3p7.kicad_mod	4d3218b9fb116948e290dd5085abc24818cb8251	8c495ece41cc80b4c8a0a999330e9cacc93d8b4805b09cd1daf870c8d70cf7b8	2202	L6 layer 6, components	the project's own land patterns (a generator input: their content is in the netlist provenance)
v2/ecad/meshsat.pretty/WireHole_2mm.kicad_mod	4035c0334674f2bdca516ca60f29ce0361b81d7b	dba7cab10484e9aadcee0c61750236b33478cd5c4937aad654fd9ca075cde443	689	L6 layer 6, components	the project's own land patterns (a generator input: their content is in the netlist provenance)
v2/ecad/meshsat.pretty/WireLands_2x6.kicad_mod	88fb8fac6ee7b88238030791e7ca12927d4625a9	83be0b1d2c58cd4e2ba86c8568c2036bcd55a9d8c51ddbc886e3f1e86e834390	1935	L6 layer 6, components	the project's own land patterns (a generator input: their content is in the netlist provenance)
v2/ecad/pcb-a-power-a23/bypass-allow.txt	200b04051d6a1155ab759eabbbc6a4b6f7cccbbf	788989723a33c7b6b1e7c91b0a36f4518d6f1ea1fd0caddff51dab922769196c	618	L8 layer 8, schematics	allow-list with a reason per line, read by a check of this board (ERC, LCSC, bypass)
v2/ecad/pcb-a-power-a23/fp-lib-table	fd7c68e15545a10459df09195a3bfa1e9283c3f5	9c2d14bd7a666d8449ea4e59410076e5167000b98681b2ea302ae00e93d46c32	162	L8 layer 8, schematics	footprint library table (points at ../meshsat.pretty)
v2/ecad/pcb-a-power-a23/lcsc-allow.txt	8dead444d5dc42c2549437ad459b3713b593662e	78ccf60cfc38b2c3bb6462218193248f057ea7e124e9a4d0974ee6eb179697de	1804	L8 layer 8, schematics	allow-list with a reason per line, read by a check of this board (ERC, LCSC, bypass)
v2/ecad/pcb-a-power-a23/out/pcb-a-power-intent.json	3e79f71d1a26d7ba0399af6787ed03fcf4f1fad8	92dd3b1cda9046b870f07a4b0709bd0494bb679daeca9fa53902778f7f4fb3db	60987	L8 layer 8, schematics	electrical intent written by the generator (rails, nodes, classes) beside the netlist
v2/ecad/pcb-a-power-a23/out/pcb-a-power.net	b58f2c3708994843a8e9526c5be2466df78d95e9	da05dc02bc1e612fccadd62fb0f2aab74337bbb651048f44e1257bdd9de32e01	652101	L8 layer 8, schematics	netlist exported from the committed schematic (the design every schematic-phase rule judges)
v2/ecad/pcb-a-power-a23/out/pcb-a-power.net.prov.json	8d559a35cf045e61858569817934bded4a986fd8	d8d7731057a92b79284606f040ebf7787c3cefb9cdfb2b20c58166ba570136ad	8641	L8 layer 8, schematics	provenance sidecar: the generator files that wrote the netlist, by content (sch_prov.py)
v2/ecad/pcb-a-power-a23/pcb-a-power.kicad_pro	089cfe071cb3e45c4608c75ba6058bc39885f4cf	a5f669ecb899545fb6a39f75f14133b813f5151b95ba692da7479a4a5768e20d	17895	L8 layer 8, schematics	KiCad project file of the declared phase (net classes, ERC settings)
v2/ecad/pcb-a-power-a23/pcb-a-power.kicad_sch	60acca43561b9aa46de029d20ee406c04d3f44a9	54b24eb100332ed55699f829f2d5f6ee354e65ae2dbe6c826f9ecc562b0f9db8	2183778	L8 layer 8, schematics	native KiCad 9 schematic of the declared phase (written by the board's generator)
v2/ecad/pcb-a-power/bypass-allow.txt	200b04051d6a1155ab759eabbbc6a4b6f7cccbbf	788989723a33c7b6b1e7c91b0a36f4518d6f1ea1fd0caddff51dab922769196c	618	L8 layer 8, schematics	the stem directory readiness_manifest.json names (an earlier phase): only its footprint table and allow-lists, so the directory the tools fall back to exists
v2/ecad/pcb-a-power/fp-lib-table	fd7c68e15545a10459df09195a3bfa1e9283c3f5	9c2d14bd7a666d8449ea4e59410076e5167000b98681b2ea302ae00e93d46c32	162	L8 layer 8, schematics	the stem directory readiness_manifest.json names (an earlier phase): only its footprint table and allow-lists, so the directory the tools fall back to exists
v2/ecad/pcb-a-power/lcsc-allow.txt	8dead444d5dc42c2549437ad459b3713b593662e	78ccf60cfc38b2c3bb6462218193248f057ea7e124e9a4d0974ee6eb179697de	1804	L8 layer 8, schematics	the stem directory readiness_manifest.json names (an earlier phase): only its footprint table and allow-lists, so the directory the tools fall back to exists
v2/ecad/pcb-b-compute-b19/bypass-allow.txt	200b04051d6a1155ab759eabbbc6a4b6f7cccbbf	788989723a33c7b6b1e7c91b0a36f4518d6f1ea1fd0caddff51dab922769196c	618	L8 layer 8, schematics	allow-list with a reason per line, read by a check of this board (ERC, LCSC, bypass)
v2/ecad/pcb-b-compute-b19/erc-allow.txt	9f641b21969c3f1f49854d1aefe6c0e2e7fbec51	99c78bb72fa358b5d2768705fffbc99a3094cdf73647fd48d9c663526a626d11	904	L8 layer 8, schematics	allow-list with a reason per line, read by a check of this board (ERC, LCSC, bypass)
v2/ecad/pcb-b-compute-b19/fp-lib-table	fd7c68e15545a10459df09195a3bfa1e9283c3f5	9c2d14bd7a666d8449ea4e59410076e5167000b98681b2ea302ae00e93d46c32	162	L8 layer 8, schematics	footprint library table (points at ../meshsat.pretty)
v2/ecad/pcb-b-compute-b19/lcsc-allow.txt	5bc513b3caebbcae3cd5336407a15f9168a31b38	0853945a870351eb75501b79a20ab9cea6ecc9484cc58a511c3a224972ba3f40	1791	L8 layer 8, schematics	allow-list with a reason per line, read by a check of this board (ERC, LCSC, bypass)
v2/ecad/pcb-b-compute-b19/out/pcb-b-compute-intent.json	eb51bee4717bdece3b1858d52c7119d544988d28	162fcb9b95f680a7d53e410c56db6045e2db279828bf2b9a2fa2f0e02df53675	174751	L8 layer 8, schematics	electrical intent written by the generator (rails, nodes, classes) beside the netlist
v2/ecad/pcb-b-compute-b19/out/pcb-b-compute.net	6b8fdcc7d3096fabf344bb17c7de998fcbbd7ec3	8b78c59754a6a0c7f8157faa971b994cc4c818256f63650a19d6ec3cf06fc7b0	1628876	L8 layer 8, schematics	netlist exported from the committed schematic (the design every schematic-phase rule judges)
v2/ecad/pcb-b-compute-b19/out/pcb-b-compute.net.prov.json	c0b5f0a3aa49122b00e957e4836b196854066f3b	dd9ea6514913d703df9b0509f095af44c86db9a967c7ad6e590d5858e94e065b	8643	L8 layer 8, schematics	provenance sidecar: the generator files that wrote the netlist, by content (sch_prov.py)
v2/ecad/pcb-b-compute-b19/pcb-b-compute.kicad_pro	49bd8ab9241209dbcac68731eab795acb25c11cd	c2c6e771722d9f53d7468170eb61478b52582f9791c747c579f394711cac1eb4	34849	L8 layer 8, schematics	KiCad project file of the declared phase (net classes, ERC settings)
v2/ecad/pcb-b-compute-b19/pcb-b-compute.kicad_sch	a3e8fe4e5462b17130361c2d071d256c716a351a	76c29fa7f88a39e07fd7a19adec687c4fb6c9813f3495df0fc990f3d607ae556	4997433	L8 layer 8, schematics	native KiCad 9 schematic of the declared phase (written by the board's generator)
v2/ecad/pcb-b-compute/bypass-allow.txt	200b04051d6a1155ab759eabbbc6a4b6f7cccbbf	788989723a33c7b6b1e7c91b0a36f4518d6f1ea1fd0caddff51dab922769196c	618	L8 layer 8, schematics	the stem directory readiness_manifest.json names (an earlier phase): only its footprint table and allow-lists, so the directory the tools fall back to exists
v2/ecad/pcb-b-compute/erc-allow.txt	9f641b21969c3f1f49854d1aefe6c0e2e7fbec51	99c78bb72fa358b5d2768705fffbc99a3094cdf73647fd48d9c663526a626d11	904	L8 layer 8, schematics	the stem directory readiness_manifest.json names (an earlier phase): only its footprint table and allow-lists, so the directory the tools fall back to exists
v2/ecad/pcb-b-compute/fp-lib-table	fd7c68e15545a10459df09195a3bfa1e9283c3f5	9c2d14bd7a666d8449ea4e59410076e5167000b98681b2ea302ae00e93d46c32	162	L8 layer 8, schematics	the stem directory readiness_manifest.json names (an earlier phase): only its footprint table and allow-lists, so the directory the tools fall back to exists
v2/ecad/pcb-b-compute/lcsc-allow.txt	5bc513b3caebbcae3cd5336407a15f9168a31b38	0853945a870351eb75501b79a20ab9cea6ecc9484cc58a511c3a224972ba3f40	1791	L8 layer 8, schematics	the stem directory readiness_manifest.json names (an earlier phase): only its footprint table and allow-lists, so the directory the tools fall back to exists
v2/ecad/pcb-c-display-c8/bypass-allow.txt	200b04051d6a1155ab759eabbbc6a4b6f7cccbbf	788989723a33c7b6b1e7c91b0a36f4518d6f1ea1fd0caddff51dab922769196c	618	L8 layer 8, schematics	allow-list with a reason per line, read by a check of this board (ERC, LCSC, bypass)
v2/ecad/pcb-c-display-c8/fp-lib-table	fd7c68e15545a10459df09195a3bfa1e9283c3f5	9c2d14bd7a666d8449ea4e59410076e5167000b98681b2ea302ae00e93d46c32	162	L8 layer 8, schematics	footprint library table (points at ../meshsat.pretty)
v2/ecad/pcb-c-display-c8/lcsc-allow.txt	e8e205e8343c442f27721919498e44ca315b3d34	9b5bbc3df7a065c19799b7f73839369f3389c17f0c0352e944a69783eb09c293	1884	L8 layer 8, schematics	allow-list with a reason per line, read by a check of this board (ERC, LCSC, bypass)
v2/ecad/pcb-c-display-c8/out/pcb-c-display-intent.json	eab731fa2853800b5e6ae0f9e3feec0b8ed4d3c5	854436c729322993dd05c7bb94fd5dd9be7833c89a28c1eec7766e778b2cee3a	18744	L8 layer 8, schematics	electrical intent written by the generator (rails, nodes, classes) beside the netlist
v2/ecad/pcb-c-display-c8/out/pcb-c-display.net	eb66ee4ccd78bd2c4dafa929db3d0d53bd532710	11eabc2dddca516198ee2af7474ba5608c6538d961bea93e72e2629d244dd26f	236792	L8 layer 8, schematics	netlist exported from the committed schematic (the design every schematic-phase rule judges)
v2/ecad/pcb-c-display-c8/out/pcb-c-display.net.prov.json	9e9a9f2de28a7d65f9ae029a390d020cd987bfee	a4ded7d5fd4779e652b0688f22f2bbb7363d4db1ed0cb0c3f8e6338282e2266d	8589	L8 layer 8, schematics	provenance sidecar: the generator files that wrote the netlist, by content (sch_prov.py)
v2/ecad/pcb-c-display-c8/pcb-c-display.kicad_pro	54a2d30e9d5ec59c6f7f021acace092c8d3a4050	36ff707561384db010796ee6aedf8eca1c3e1cbb9d13a9c258c8d96f270d1437	11191	L8 layer 8, schematics	KiCad project file of the declared phase (net classes, ERC settings)
v2/ecad/pcb-c-display-c8/pcb-c-display.kicad_sch	d6c7c821f129018e3efd356875384a97f92a1ddc	f566ea89fb3e3af478e73f1541a136df8f2a8235458e786c4fc2cc6254a0d6f8	692574	L8 layer 8, schematics	native KiCad 9 schematic of the declared phase (written by the board's generator)
v2/ecad/pcb-c-display/bypass-allow.txt	200b04051d6a1155ab759eabbbc6a4b6f7cccbbf	788989723a33c7b6b1e7c91b0a36f4518d6f1ea1fd0caddff51dab922769196c	618	L8 layer 8, schematics	the stem directory readiness_manifest.json names (an earlier phase): only its footprint table and allow-lists, so the directory the tools fall back to exists
v2/ecad/pcb-c-display/fp-lib-table	fd7c68e15545a10459df09195a3bfa1e9283c3f5	9c2d14bd7a666d8449ea4e59410076e5167000b98681b2ea302ae00e93d46c32	162	L8 layer 8, schematics	the stem directory readiness_manifest.json names (an earlier phase): only its footprint table and allow-lists, so the directory the tools fall back to exists
v2/ecad/pcb-c-display/lcsc-allow.txt	e8e205e8343c442f27721919498e44ca315b3d34	9b5bbc3df7a065c19799b7f73839369f3389c17f0c0352e944a69783eb09c293	1884	L8 layer 8, schematics	the stem directory readiness_manifest.json names (an earlier phase): only its footprint table and allow-lists, so the directory the tools fall back to exists
v2/ecad/pcb-d-aprs-d9/bypass-allow.txt	200b04051d6a1155ab759eabbbc6a4b6f7cccbbf	788989723a33c7b6b1e7c91b0a36f4518d6f1ea1fd0caddff51dab922769196c	618	L8 layer 8, schematics	allow-list with a reason per line, read by a check of this board (ERC, LCSC, bypass)
v2/ecad/pcb-d-aprs-d9/fp-lib-table	fd7c68e15545a10459df09195a3bfa1e9283c3f5	9c2d14bd7a666d8449ea4e59410076e5167000b98681b2ea302ae00e93d46c32	162	L8 layer 8, schematics	footprint library table (points at ../meshsat.pretty)
v2/ecad/pcb-d-aprs-d9/lcsc-allow.txt	d1b973283a6153306d22069767f6d60814d5cc9b	8ac51147b6222768abd5fbf6b45bfab13fd8d8a2532ea18e1754ee1ac61c0590	1205	L8 layer 8, schematics	allow-list with a reason per line, read by a check of this board (ERC, LCSC, bypass)
v2/ecad/pcb-d-aprs-d9/out/pcb-d-aprs-intent.json	6d3da939d2b556e26c7e9b46a96478cefa9fdfd6	443fd745879d3022008e7c4042192ad8c57dd0ff4f9e5aa79b6860db4cf7778d	22858	L8 layer 8, schematics	electrical intent written by the generator (rails, nodes, classes) beside the netlist
v2/ecad/pcb-d-aprs-d9/out/pcb-d-aprs.net	c237988de1c66d513a4ca39031682d4a4c1c44c4	76700a687eb6187f6894ff973deb6ad1efa48716ae45f179a73bb3c6066a4139	266970	L8 layer 8, schematics	netlist exported from the committed schematic (the design every schematic-phase rule judges)
v2/ecad/pcb-d-aprs-d9/out/pcb-d-aprs.net.prov.json	744c7e8e396d23f97de6b9cec1d91d8b6d510772	cd0cf2ede81db3d172a345262476ad55337bd38bb5bf8133d273374df1b56f77	8640	L8 layer 8, schematics	provenance sidecar: the generator files that wrote the netlist, by content (sch_prov.py)
v2/ecad/pcb-d-aprs-d9/pcb-d-aprs.kicad_pro	0c4bac082ed9497fdddcea2d6949e894f67e821f	a820c200f1b4a5426b095a49537ab3e5dc5e751206d3f469c226ef9980db0685	12369	L8 layer 8, schematics	KiCad project file of the declared phase (net classes, ERC settings)
v2/ecad/pcb-d-aprs-d9/pcb-d-aprs.kicad_sch	236242773ef7df99f78ae3fbc4331a6692600e45	7fde601712562b2480e7467cd4da61eb93e207f0aa39241a446febae4e2c7f52	819779	L8 layer 8, schematics	native KiCad 9 schematic of the declared phase (written by the board's generator)
v2/ecad/pcb-d-aprs/bypass-allow.txt	200b04051d6a1155ab759eabbbc6a4b6f7cccbbf	788989723a33c7b6b1e7c91b0a36f4518d6f1ea1fd0caddff51dab922769196c	618	L8 layer 8, schematics	the stem directory readiness_manifest.json names (an earlier phase): only its footprint table and allow-lists, so the directory the tools fall back to exists
v2/ecad/pcb-d-aprs/fp-lib-table	fd7c68e15545a10459df09195a3bfa1e9283c3f5	9c2d14bd7a666d8449ea4e59410076e5167000b98681b2ea302ae00e93d46c32	162	L8 layer 8, schematics	the stem directory readiness_manifest.json names (an earlier phase): only its footprint table and allow-lists, so the directory the tools fall back to exists
v2/ecad/pcb-d-aprs/lcsc-allow.txt	d1b973283a6153306d22069767f6d60814d5cc9b	8ac51147b6222768abd5fbf6b45bfab13fd8d8a2532ea18e1754ee1ac61c0590	1205	L8 layer 8, schematics	the stem directory readiness_manifest.json names (an earlier phase): only its footprint table and allow-lists, so the directory the tools fall back to exists
v2/ecad/pcb-e1-dock-e7/bypass-allow.txt	1baea57840ff133e872c3bdf2c9f537acab929e8	caa26a17f01f91a5ed4725b8732b4eb0e68117e641b3f54c0404746c010a01a9	595	L8 layer 8, schematics	allow-list with a reason per line, read by a check of this board (ERC, LCSC, bypass)
v2/ecad/pcb-e1-dock-e7/fp-lib-table	fd7c68e15545a10459df09195a3bfa1e9283c3f5	9c2d14bd7a666d8449ea4e59410076e5167000b98681b2ea302ae00e93d46c32	162	L8 layer 8, schematics	footprint library table (points at ../meshsat.pretty)
v2/ecad/pcb-e1-dock-e7/lcsc-allow.txt	0ccf8fa13fbd0633a40d5b38194b23ef247ba7d6	8eeb0d6cde89d2c7043fe2fac174bb95160c0c2072d8c9966303f8fb1bd2f819	3111	L8 layer 8, schematics	allow-list with a reason per line, read by a check of this board (ERC, LCSC, bypass)
v2/ecad/pcb-e1-dock-e7/out/pcb-e1-dock-intent.json	390a3ffe330098f87972b89c10ab02e896f3ace3	5913e38b20333d3571ca490e652e1278e47e0586e64db0f254f18f9d283564a4	24275	L8 layer 8, schematics	electrical intent written by the generator (rails, nodes, classes) beside the netlist
v2/ecad/pcb-e1-dock-e7/out/pcb-e1-dock.net	8da769f98740cef40da3d3f2f0f24c988009943a	d6137f50059e5cbc35cd420967aa1bf5bbf3760fd255f9384bc86a5546fc4fb0	213960	L8 layer 8, schematics	netlist exported from the committed schematic (the design every schematic-phase rule judges)
v2/ecad/pcb-e1-dock-e7/out/pcb-e1-dock.net.prov.json	27a95ba95cc861fc97ecbc300a752f9ac9af7b8a	57004aaf9b3c5fa3f7d4e052b5f336ab07c8b02cdf9a6cfa82a6363e2d858de8	8587	L8 layer 8, schematics	provenance sidecar: the generator files that wrote the netlist, by content (sch_prov.py)
v2/ecad/pcb-e1-dock-e7/pcb-e1-dock.kicad_pro	f8887c9ad091f291835895da6a5f3d94ef100563	9f3d11f497873838de55dd1a675b28bc2f9ab918b246130e4d8de39ade141ca9	14131	L8 layer 8, schematics	KiCad project file of the declared phase (net classes, ERC settings)
v2/ecad/pcb-e1-dock-e7/pcb-e1-dock.kicad_sch	49b429865eedad9a285456618c4cabfe2f4d402e	bd50de114865448bac269565d6deebc997aa1c27207a5fb43468baa3b38ac997	726902	L8 layer 8, schematics	native KiCad 9 schematic of the declared phase (written by the board's generator)
v2/ecad/pcb-e1-dock/bypass-allow.txt	1baea57840ff133e872c3bdf2c9f537acab929e8	caa26a17f01f91a5ed4725b8732b4eb0e68117e641b3f54c0404746c010a01a9	595	L8 layer 8, schematics	the stem directory readiness_manifest.json names (an earlier phase): only its footprint table and allow-lists, so the directory the tools fall back to exists
v2/ecad/pcb-e1-dock/fp-lib-table	fd7c68e15545a10459df09195a3bfa1e9283c3f5	9c2d14bd7a666d8449ea4e59410076e5167000b98681b2ea302ae00e93d46c32	162	L8 layer 8, schematics	the stem directory readiness_manifest.json names (an earlier phase): only its footprint table and allow-lists, so the directory the tools fall back to exists
v2/ecad/pcb-e1-dock/lcsc-allow.txt	0ccf8fa13fbd0633a40d5b38194b23ef247ba7d6	8eeb0d6cde89d2c7043fe2fac174bb95160c0c2072d8c9966303f8fb1bd2f819	3111	L8 layer 8, schematics	the stem directory readiness_manifest.json names (an earlier phase): only its footprint table and allow-lists, so the directory the tools fall back to exists
v2/ecad/pcb-e5-block/fp-lib-table	fd7c68e15545a10459df09195a3bfa1e9283c3f5	9c2d14bd7a666d8449ea4e59410076e5167000b98681b2ea302ae00e93d46c32	162	L8 layer 8, schematics	board E5 (dock block): a bare contact board with no schematic chain, so its board file is its design (readiness_manifest.json no_chain)
v2/ecad/pcb-e5-block/pcb-e5-block.kicad_pcb	9173a2b8619b59f4b943ecae0b85f14db95a5286	686b29a734c55b9a676c3f08d3dc561cbeda4c17568655e44cff04fa2d9020c6	66078	L8 layer 8, schematics	board E5 (dock block): a bare contact board with no schematic chain, so its board file is its design (readiness_manifest.json no_chain)
v2/ecad/pcb-e5-block/pcb-e5-block.kicad_pro	aab3604576fbe2795d13382ab227a0c2f1d02c24	4022241628945956fdbb69dfacd1ef6a3f229696a83ce540021ff917b44e0ddd	8364	L8 layer 8, schematics	board E5 (dock block): a bare contact board with no schematic chain, so its board file is its design (readiness_manifest.json no_chain)
v2/ecad/pcb-e5-block/routed/assembly_set.verdict.json	a8b1c3a18c1b15300556d7070f8a5552776e18d4	83810a52182d63d74d614cc3c3df4ade6b5103480b7a89cc15be70f6db40feca	1113	EV verification results, reviews and records, with the pages that classify them	board E5's gate verdicts on its board file (AWAITING_REVALIDATION per v2/docs/CURRENT-EVIDENCE.md)
v2/ecad/pcb-e5-block/routed/check_contracts.verdict.json	a2464db5580e5ca0a61cc5e22a9d2cc8e5940d0f	9b3f55a5096dd29fa5133ab5950b4db41374c1231ac88ff84de15c3cf905fc3b	2941	EV verification results, reviews and records, with the pages that classify them	board E5's gate verdicts on its board file (AWAITING_REVALIDATION per v2/docs/CURRENT-EVIDENCE.md)
v2/ecad/pcb-e5-block/routed/check_contracts_a.verdict.json	b05d36e0a12fc17053fde93d4bcd196559f69214	92018483883315a7a87670544b8fc2e80410fa346d3bd5d92ad7a7ab93541665	725	EV verification results, reviews and records, with the pages that classify them	board E5's gate verdicts on its board file (AWAITING_REVALIDATION per v2/docs/CURRENT-EVIDENCE.md)
v2/ecad/pcb-e5-block/routed/check_contracts_b.verdict.json	b214efc230d247b7ecb2b2c060faf32d6026c5fc	80602f080b23aa88e292e4f60daabc2b0cecd51cd32f2e8b176dba2c3a1dbd5a	725	EV verification results, reviews and records, with the pages that classify them	board E5's gate verdicts on its board file (AWAITING_REVALIDATION per v2/docs/CURRENT-EVIDENCE.md)
v2/ecad/pcb-e5-block/routed/check_contracts_c.verdict.json	db71156331749bf181c1a49f4643935c3e3a3048	49408dd74c0ebc6cb206f87f69109d3be42d8fb78962965114fae39773e31657	723	EV verification results, reviews and records, with the pages that classify them	board E5's gate verdicts on its board file (AWAITING_REVALIDATION per v2/docs/CURRENT-EVIDENCE.md)
v2/ecad/pcb-e5-block/routed/check_contracts_d.verdict.json	66744e20d7563e16bba1baca16cca9983c419ab9	13193e2fb277652dee578fa95a27fc05b0d45faaf37a3e10958d1e1565eeca2b	725	EV verification results, reviews and records, with the pages that classify them	board E5's gate verdicts on its board file (AWAITING_REVALIDATION per v2/docs/CURRENT-EVIDENCE.md)
v2/ecad/pcb-e5-block/routed/check_contracts_e.verdict.json	98cffd7af20d7541c406b5ea498bd9a6be06f976	d4817794ff0e0cd70f413b2c73488ce486e62267e19dc7225690678cc6edc0f3	723	EV verification results, reviews and records, with the pages that classify them	board E5's gate verdicts on its board file (AWAITING_REVALIDATION per v2/docs/CURRENT-EVIDENCE.md)
v2/ecad/pcb-e5-block/routed/check_contracts_e5.verdict.json	05ff4f942eaa19bf89181bf906dbeaff7746a536	75a6aab12d89972db15921c2a667d26706f2ac76f333095b9900eb99e2a560e0	1080	EV verification results, reviews and records, with the pages that classify them	board E5's gate verdicts on its board file (AWAITING_REVALIDATION per v2/docs/CURRENT-EVIDENCE.md)
v2/ecad/pcb-e5-block/routed/check_contracts_p.verdict.json	d189c75fece1e464044176717a1611a47e375ca5	1d32c089db53d79c3e7125bd1cacb7fd6cf5f6a2a5175c1a73dd9a9ac76da0c3	723	EV verification results, reviews and records, with the pages that classify them	board E5's gate verdicts on its board file (AWAITING_REVALIDATION per v2/docs/CURRENT-EVIDENCE.md)
v2/ecad/pcb-e5-block/routed/check_pcb_e5.verdict.json	768ee7f3361924c73ad9629c9f1149052656b382	4883de1514b72ed667e96258cb19aabbeaede30ed2a5e10b2b89f98a9ade147f	707	EV verification results, reviews and records, with the pages that classify them	board E5's gate verdicts on its board file (AWAITING_REVALIDATION per v2/docs/CURRENT-EVIDENCE.md)
v2/ecad/pcb-e5-block/routed/check_zone_nets.verdict.json	274332a5407cc77687d8ebb44425ed27fc37b75d	ef448e4cf3849abd0855026f11949d59dc98481cf09cf5d762ea013cab4029e6	692	EV verification results, reviews and records, with the pages that classify them	board E5's gate verdicts on its board file (AWAITING_REVALIDATION per v2/docs/CURRENT-EVIDENCE.md)
v2/ecad/pcb-e5-block/routed/class_floor.verdict.json	0b274d1b6c67c132646c3851cd9c3f3fe9304e97	121dc32945abf008c86b8c5230c817f1b4eeb911d928547117cdea87a09e34e8	829	EV verification results, reviews and records, with the pages that classify them	board E5's gate verdicts on its board file (AWAITING_REVALIDATION per v2/docs/CURRENT-EVIDENCE.md)
v2/ecad/pcb-e5-block/routed/closer_audit.verdict.json	f1d21c2d16bacb854aa6dd4a7bab22d3d0401253	0380585b0bc1b9f30154022004948496e2dcc8905d53dfafc24639cf444ad264	1015	EV verification results, reviews and records, with the pages that classify them	board E5's gate verdicts on its board file (AWAITING_REVALIDATION per v2/docs/CURRENT-EVIDENCE.md)
v2/ecad/pcb-e5-block/routed/dc_drop.verdict.json	371fac5fa14f218a04d0e54798727b1b88487428	4c0d95af38fa8d6e710fd28d1fac5c7dde646bc847cd273c6a234b9ee060bc0b	712	EV verification results, reviews and records, with the pages that classify them	board E5's gate verdicts on its board file (AWAITING_REVALIDATION per v2/docs/CURRENT-EVIDENCE.md)
v2/ecad/pcb-e5-block/routed/derate.verdict.json	1bf55b5289fa670c522d68c5af5b48aa3cc6e429	f090428715db97ab639ae2db6e646ecc25d5a8b9a826607f6453d46ba1930439	1174	EV verification results, reviews and records, with the pages that classify them	board E5's gate verdicts on its board file (AWAITING_REVALIDATION per v2/docs/CURRENT-EVIDENCE.md)
v2/ecad/pcb-e5-block/routed/doc_provenance.verdict.json	c293c8a27969121dac40ee20833df4d0883922dc	19982497a516a2a32b6033e9ebd26830d5801e8d12f3ea8ea0383c563ebc516b	1698	EV verification results, reviews and records, with the pages that classify them	board E5's gate verdicts on its board file (AWAITING_REVALIDATION per v2/docs/CURRENT-EVIDENCE.md)
v2/ecad/pcb-e5-block/routed/doc_provenance_a.verdict.json	f82a56274d7df41075a3c8dabec55289eda4340e	bd526cf0b3c2358c40eb5358828b935e7919879b4d403a54586d24d834d52b4d	933	EV verification results, reviews and records, with the pages that classify them	board E5's gate verdicts on its board file (AWAITING_REVALIDATION per v2/docs/CURRENT-EVIDENCE.md)
v2/ecad/pcb-e5-block/routed/doc_provenance_b.verdict.json	8719263b40d599bd0156de2dd042048b971d3032	3068f658a635823fd42dc5922feb8d7c46660054e2082637239ac2b341dda6b0	935	EV verification results, reviews and records, with the pages that classify them	board E5's gate verdicts on its board file (AWAITING_REVALIDATION per v2/docs/CURRENT-EVIDENCE.md)
v2/ecad/pcb-e5-block/routed/doc_provenance_c.verdict.json	23be1b82f3cc66105b465f1e58c184540f918c82	408a56776c1e1e93b0d6b0fe7fb9ccf074fcfda0d4b51335094b255f2804509d	933	EV verification results, reviews and records, with the pages that classify them	board E5's gate verdicts on its board file (AWAITING_REVALIDATION per v2/docs/CURRENT-EVIDENCE.md)
v2/ecad/pcb-e5-block/routed/doc_provenance_d.verdict.json	4db10a96b01b63b54951cff47e6ffb5ea8f8e94f	1a1e78b7ba7e3126ef6aeda29dbe20152192d5bad9b7d049d6e124a0f3bc22f8	930	EV verification results, reviews and records, with the pages that classify them	board E5's gate verdicts on its board file (AWAITING_REVALIDATION per v2/docs/CURRENT-EVIDENCE.md)
v2/ecad/pcb-e5-block/routed/doc_provenance_e.verdict.json	68c2a34d6d862a9648452dc152d47377d1caadfd	46eaeece2d9d965ed8abaa8a97cc7a0db73c738a5ed644e4b5f7593158e99c43	931	EV verification results, reviews and records, with the pages that classify them	board E5's gate verdicts on its board file (AWAITING_REVALIDATION per v2/docs/CURRENT-EVIDENCE.md)
v2/ecad/pcb-e5-block/routed/doc_provenance_e5.verdict.json	68ee38e8104f525c44a965c5460c2cc9a43c10f0	9787f6767d5428d7891692cfe8d5a63b49de7c6043dfcc545fa1616cc6cbf9f1	857	EV verification results, reviews and records, with the pages that classify them	board E5's gate verdicts on its board file (AWAITING_REVALIDATION per v2/docs/CURRENT-EVIDENCE.md)
v2/ecad/pcb-e5-block/routed/doc_provenance_p.verdict.json	5d0a16f068453d718a4ff790c338e65665786216	42ceafb86f5ae8f2d6de57045bbfabd7928f0d93f1f3d3b621b834fea4a17bbc	928	EV verification results, reviews and records, with the pages that classify them	board E5's gate verdicts on its board file (AWAITING_REVALIDATION per v2/docs/CURRENT-EVIDENCE.md)
v2/ecad/pcb-e5-block/routed/edge_length.verdict.json	6b7dfa0a1293537605661202e9b7ac72dc94ca39	e94142cb231f65517b46b1e36f4a801c03a02f127a76788c38d4e4889e5a528e	780	EV verification results, reviews and records, with the pages that classify them	board E5's gate verdicts on its board file (AWAITING_REVALIDATION per v2/docs/CURRENT-EVIDENCE.md)
v2/ecad/pcb-e5-block/routed/emc_sheet.verdict.json	966a5a4c93c9c12369e3f6f7f388dd79fcd49dc0	50ba3777de6c33334c6fce2c30dfb77452502ac96e624e1a3f7b64420e3005ff	1044	EV verification results, reviews and records, with the pages that classify them	board E5's gate verdicts on its board file (AWAITING_REVALIDATION per v2/docs/CURRENT-EVIDENCE.md)
v2/ecad/pcb-e5-block/routed/energy_chain.verdict.json	e0652c73672192b85866889a71294ca1638254e0	6d9de105c42a2e94629c1610400172e057ebfdcad507cebeab186226cec3f217	2479	EV verification results, reviews and records, with the pages that classify them	board E5's gate verdicts on its board file (AWAITING_REVALIDATION per v2/docs/CURRENT-EVIDENCE.md)
v2/ecad/pcb-e5-block/routed/energy_chain_a.verdict.json	17dc5f8cfe8f71b4b39bb3430a5f888c684ea361	7803ca1a6e2ba461565089974ba749c4958a91d476042f54a679aeb70ce93105	874	EV verification results, reviews and records, with the pages that classify them	board E5's gate verdicts on its board file (AWAITING_REVALIDATION per v2/docs/CURRENT-EVIDENCE.md)
v2/ecad/pcb-e5-block/routed/energy_chain_b.verdict.json	917d74b16a666f15af7dafda20bc93add16b8d92	b5f82cb4c6058555f171b04fe45eb8ec396f219f460b74e25b08dece496d1957	950	EV verification results, reviews and records, with the pages that classify them	board E5's gate verdicts on its board file (AWAITING_REVALIDATION per v2/docs/CURRENT-EVIDENCE.md)
v2/ecad/pcb-e5-block/routed/energy_chain_e.verdict.json	53a0626f55d0a4aac798e3c8e0a89d8891d56ea6	918511649e97d10b0ccab6c7d6ac99e175a16faadb1f6a5895451b95ba4b3c4b	846	EV verification results, reviews and records, with the pages that classify them	board E5's gate verdicts on its board file (AWAITING_REVALIDATION per v2/docs/CURRENT-EVIDENCE.md)
v2/ecad/pcb-e5-block/routed/energy_chain_e5.verdict.json	150210666c3f5c872495f7b9af3269368a80d5d2	f9839017c30564461cab1da727738cb8001cafbc634754021899917d459ba616	1558	EV verification results, reviews and records, with the pages that classify them	board E5's gate verdicts on its board file (AWAITING_REVALIDATION per v2/docs/CURRENT-EVIDENCE.md)
v2/ecad/pcb-e5-block/routed/energy_chain_p.verdict.json	fcfca8fc959ce5fd7cf2c318cce79a7c8ed86cc5	4cd62e007afa7fffecf748c482a3c7e06499038b32a56c023a96017d0219c72f	844	EV verification results, reviews and records, with the pages that classify them	board E5's gate verdicts on its board file (AWAITING_REVALIDATION per v2/docs/CURRENT-EVIDENCE.md)
v2/ecad/pcb-e5-block/routed/fab_limits.verdict.json	f2d4bc71bcf038ad237ea397495c6a9409b84108	a604c75e4c3d4db066ee348b38c6e36f07a9ec97101425b07647f0e8fb4d3d35	914	EV verification results, reviews and records, with the pages that classify them	board E5's gate verdicts on its board file (AWAITING_REVALIDATION per v2/docs/CURRENT-EVIDENCE.md)
v2/ecad/pcb-e5-block/routed/final_gate_e5.verdict.json	29c7802a40a3dc2f9cd5929ceee4134695117a71	26e8771dc894ea00c5c3ac6c3fb88e050a2cc2090b5a7caa4242b0874b2f9b89	666	EV verification results, reviews and records, with the pages that classify them	board E5's gate verdicts on its board file (AWAITING_REVALIDATION per v2/docs/CURRENT-EVIDENCE.md)
v2/ecad/pcb-e5-block/routed/hardset-routed-board-gate.verdict.json	565fb53e657c67d1b6b85c541d352b80e92742ce	ab38b36fd59b643fdabd5827cae768b36f8f0b221301b92019df1cd834593fe5	1051	EV verification results, reviews and records, with the pages that classify them	board E5's gate verdicts on its board file (AWAITING_REVALIDATION per v2/docs/CURRENT-EVIDENCE.md)
v2/ecad/pcb-e5-block/routed/impedance_check.verdict.json	3db8f7321c834c5534e3eb1d252c9e43021a8901	a0f5bcd4a7fc4ec2512bc803435e66199b9bb81015abe42e871cc368ca6a18d7	941	EV verification results, reviews and records, with the pages that classify them	board E5's gate verdicts on its board file (AWAITING_REVALIDATION per v2/docs/CURRENT-EVIDENCE.md)
v2/ecad/pcb-e5-block/routed/inhibit_chain_a.verdict.json	6bf2365342567a884bcc16d52ec7c65c22110f0e	088a30c18b8e798a97fbaae4763300e2e259ad15faa42460385b5bb71a5cdbc8	837	EV verification results, reviews and records, with the pages that classify them	board E5's gate verdicts on its board file (AWAITING_REVALIDATION per v2/docs/CURRENT-EVIDENCE.md)
v2/ecad/pcb-e5-block/routed/inhibit_chain_b.verdict.json	8a913898dcb1ee8bb2a20364d0b4e7d6b4a33eb5	dda881802e9ce309c13aacdbe49ce9b2c23edb197596c1fe008e5843134a5cf0	837	EV verification results, reviews and records, with the pages that classify them	board E5's gate verdicts on its board file (AWAITING_REVALIDATION per v2/docs/CURRENT-EVIDENCE.md)
v2/ecad/pcb-e5-block/routed/inhibit_chain_c.verdict.json	e6a379bb9717033b830075e5b1a874b1a16885a3	b11cc89626429e98127dd4ea218051c5db143a9f6bbae05d690ec62814b699f3	837	EV verification results, reviews and records, with the pages that classify them	board E5's gate verdicts on its board file (AWAITING_REVALIDATION per v2/docs/CURRENT-EVIDENCE.md)
v2/ecad/pcb-e5-block/routed/inhibit_chain_d.verdict.json	aaf7a1aca7dbb3af7f7df2cdfc3de581720f84ff	84b52d1e4850b1a6a42a00661d5e16ad677834ecb1f6234e345f7b202fc9398a	837	EV verification results, reviews and records, with the pages that classify them	board E5's gate verdicts on its board file (AWAITING_REVALIDATION per v2/docs/CURRENT-EVIDENCE.md)
v2/ecad/pcb-e5-block/routed/intent_checks.verdict.json	72784f7febb0ead0887c18b97c752d20858cae28	25f01dff27c32f6351b3d185fa8771d0bcbfb17a3f851f93832f9290e1558214	831	EV verification results, reviews and records, with the pages that classify them	board E5's gate verdicts on its board file (AWAITING_REVALIDATION per v2/docs/CURRENT-EVIDENCE.md)
v2/ecad/pcb-e5-block/routed/intent_decoupling.verdict.json	c65d8e4e5e7cf20c847ce6d027ee63057e596af4	4d927e7b449e3f29461bafcce2fea07f05e814056efafd39b7996aa965d73cb3	745	EV verification results, reviews and records, with the pages that classify them	board E5's gate verdicts on its board file (AWAITING_REVALIDATION per v2/docs/CURRENT-EVIDENCE.md)
v2/ecad/pcb-e5-block/routed/intent_other.verdict.json	64dd2bdcad0636b8f151678c12ef190627e98bed	67df5c5fa40a7b1ccb07cf532378d1d3add9f6ec84f847ea09efdeb2b7edf378	742	EV verification results, reviews and records, with the pages that classify them	board E5's gate verdicts on its board file (AWAITING_REVALIDATION per v2/docs/CURRENT-EVIDENCE.md)
v2/ecad/pcb-e5-block/routed/intent_rails.verdict.json	f1520b9ed6557b9dc0a790f7d47fb85c777aff39	48cd3d5f4c76afd68d4b2c28715826d93372abafff1b1b6d7b12f7a1f75355af	740	EV verification results, reviews and records, with the pages that classify them	board E5's gate verdicts on its board file (AWAITING_REVALIDATION per v2/docs/CURRENT-EVIDENCE.md)
v2/ecad/pcb-e5-block/routed/intent_return_path.verdict.json	0b918df39b881af603f64dcc4e8efe1fc4dda763	00ebca6eb339b2b70a200a3a3fee6c17ebe69696a6a8bce795734caeffacb286	793	EV verification results, reviews and records, with the pages that classify them	board E5's gate verdicts on its board file (AWAITING_REVALIDATION per v2/docs/CURRENT-EVIDENCE.md)
v2/ecad/pcb-e5-block/routed/intent_return_via.verdict.json	29256f8ea3f4181870c244e171f509da66cc41e5	bf2a4a2d77ef2bbc11013b46f52f7e62d9ef824ef4460004800bbe4ddd24fc39	668	EV verification results, reviews and records, with the pages that classify them	board E5's gate verdicts on its board file (AWAITING_REVALIDATION per v2/docs/CURRENT-EVIDENCE.md)
v2/ecad/pcb-e5-block/routed/interfaces.verdict.json	b7f77775bb674c5c0f0d1060e08d37695d61820c	1e75fc0f46a286f6491a3ab09245ee15d3edc500286bfcd93ad4210736de6c68	962	EV verification results, reviews and records, with the pages that classify them	board E5's gate verdicts on its board file (AWAITING_REVALIDATION per v2/docs/CURRENT-EVIDENCE.md)
v2/ecad/pcb-e5-block/routed/interfaces_a.verdict.json	ecfd09a641d659377c9699bd4c05a2b7e4d35419	64801b7119bae173052c6d9f578b8cf56bb1cb8160794fcc7267623802fec764	878	EV verification results, reviews and records, with the pages that classify them	board E5's gate verdicts on its board file (AWAITING_REVALIDATION per v2/docs/CURRENT-EVIDENCE.md)
v2/ecad/pcb-e5-block/routed/interfaces_b.verdict.json	d62940d67e3f9662bd6cefe42724736ded0e5db8	5f4f1efbf73f099162b1e4e70fbb754536aabb98ec6d22afd12873908f7d7339	878	EV verification results, reviews and records, with the pages that classify them	board E5's gate verdicts on its board file (AWAITING_REVALIDATION per v2/docs/CURRENT-EVIDENCE.md)
v2/ecad/pcb-e5-block/routed/interfaces_c.verdict.json	10e2de2c860a42cdf8b16c6872ab47bff3d2e507	f0f463178081d3954f15eddd8e1f54b141b7238266602ebb0667d2c8ec7a7a48	878	EV verification results, reviews and records, with the pages that classify them	board E5's gate verdicts on its board file (AWAITING_REVALIDATION per v2/docs/CURRENT-EVIDENCE.md)
v2/ecad/pcb-e5-block/routed/interfaces_d.verdict.json	7ef64931f8e37a1b24fe51b5d975eb8657456309	9216d8f949f8cecc23997d995e90e47aaef6a676c04c09a34abd46a83c246f8b	878	EV verification results, reviews and records, with the pages that classify them	board E5's gate verdicts on its board file (AWAITING_REVALIDATION per v2/docs/CURRENT-EVIDENCE.md)
v2/ecad/pcb-e5-block/routed/interfaces_e.verdict.json	2cfd4c26490625be5572cd60cd709f4f03e1d864	5b742ceca5da79ae377a2b2b05cfad42aa2c400f5098ce9b108223ee09e218fe	878	EV verification results, reviews and records, with the pages that classify them	board E5's gate verdicts on its board file (AWAITING_REVALIDATION per v2/docs/CURRENT-EVIDENCE.md)
v2/ecad/pcb-e5-block/routed/interfaces_e5.verdict.json	eee89d8bdb3aeb0ebadcca90135b96cbe81245e2	e1b5917e3bc2cfc500caa3cdbe3512b2d09e556d507465a05771889ef77a2659	1802	EV verification results, reviews and records, with the pages that classify them	board E5's gate verdicts on its board file (AWAITING_REVALIDATION per v2/docs/CURRENT-EVIDENCE.md)
v2/ecad/pcb-e5-block/routed/interfaces_p.verdict.json	caef5abaa3b3dff9b151ea4a3a4fa972744c17da	c79431eb3a5c8f1a6110f7fee9f2ce0eef5e86d219519bc92213366a6de3eb24	878	EV verification results, reviews and records, with the pages that classify them	board E5's gate verdicts on its board file (AWAITING_REVALIDATION per v2/docs/CURRENT-EVIDENCE.md)
v2/ecad/pcb-e5-block/routed/jlc_certify_e5.verdict.json	d58001d518da0feadd2f605f5cf8b4d4e5c33ddf	3f05cd9da93a719bec8ec81c4df0b43a2bc6156d923578f5295b889473a8e067	773	EV verification results, reviews and records, with the pages that classify them	board E5's gate verdicts on its board file (AWAITING_REVALIDATION per v2/docs/CURRENT-EVIDENCE.md)
v2/ecad/pcb-e5-block/routed/lcsc_fill.verdict.json	8fd7b8f904ce6cec1e986650ebc4ed7e4a4ab5d6	a4cce8f6ede4f43789b62ba6be38b4b3d46b7e48edbdf6ea5a6aa522f35abe14	961	EV verification results, reviews and records, with the pages that classify them	board E5's gate verdicts on its board file (AWAITING_REVALIDATION per v2/docs/CURRENT-EVIDENCE.md)
v2/ecad/pcb-e5-block/routed/ledger_verify.verdict.json	1f74e9b77144cf3be4306c8eff5b7d6da860f1e6	8ef5495682e031a885755b710671736185ae88e088fc591c3023ade2f3c71183	805	EV verification results, reviews and records, with the pages that classify them	board E5's gate verdicts on its board file (AWAITING_REVALIDATION per v2/docs/CURRENT-EVIDENCE.md)
v2/ecad/pcb-e5-block/routed/netlist_board.verdict.json	5723558341019abe4acb2c5a1abc03965c851acb	1ee4197d8cc613926f9281ed50525cb833e13cb499a4f2f10cd55274f5ce60bd	702	EV verification results, reviews and records, with the pages that classify them	board E5's gate verdicts on its board file (AWAITING_REVALIDATION per v2/docs/CURRENT-EVIDENCE.md)
v2/ecad/pcb-e5-block/routed/pcb-e5-block-drc.json	47a6107997b03dc335292d5a16f1d64e22fa5240	39067008b4c3677f2559003766edbbec18b51e8a53c9b65ab06c4ff1aa030bb3	2344	EV verification results, reviews and records, with the pages that classify them	board E5's gate verdicts on its board file (AWAITING_REVALIDATION per v2/docs/CURRENT-EVIDENCE.md)
v2/ecad/pcb-e5-block/routed/place_audit.verdict.json	6397689c4b5006f0230a629e5588fd0688d99c6c	b789c81f040213a54260dbd5401e1b4ab0af46ef5e655b9bd375e465747944b6	798	EV verification results, reviews and records, with the pages that classify them	board E5's gate verdicts on its board file (AWAITING_REVALIDATION per v2/docs/CURRENT-EVIDENCE.md)
v2/ecad/pcb-e5-block/routed/port_protect.verdict.json	b136b713108a4271b8567e2247471b13548e9750	f983310ba822e8eecc16a62a193125625f5ff2772c93ded30c8992f049db00f2	1055	EV verification results, reviews and records, with the pages that classify them	board E5's gate verdicts on its board file (AWAITING_REVALIDATION per v2/docs/CURRENT-EVIDENCE.md)
v2/ecad/pcb-e5-block/routed/port_protect_e5.verdict.json	45e52609c16a06a7b60e9fc12cdeb8e1668f22a5	d57ee89e99001644b3f06815ed7e68009a39beb7a7c05a37bc5936b5207261ab	1741	EV verification results, reviews and records, with the pages that classify them	board E5's gate verdicts on its board file (AWAITING_REVALIDATION per v2/docs/CURRENT-EVIDENCE.md)
v2/ecad/pcb-e5-block/routed/pruned_gate.verdict.json	2dad2e0ff378573b1e07e0a262a5e52d7cc70889	9628bc443cebd95270d4b1b2a942eebecfe1824741eb05ec74457441b23bad08	1088	EV verification results, reviews and records, with the pages that classify them	board E5's gate verdicts on its board file (AWAITING_REVALIDATION per v2/docs/CURRENT-EVIDENCE.md)
v2/ecad/pcb-e5-block/routed/reliability.verdict.json	7c245d4daa5fcda90480a3e9ead100baf4818bb6	cbddd0efabb46b3c1227886ad5fb83daff1234a2040ebf75ed254ccd5240475d	912	EV verification results, reviews and records, with the pages that classify them	board E5's gate verdicts on its board file (AWAITING_REVALIDATION per v2/docs/CURRENT-EVIDENCE.md)
v2/ecad/pcb-e5-block/routed/return_stitch.verdict.json	689f588b31b8b34e0d6ac7d9e6717994d9ce9ba5	ca4df523d329841585e834f376c55b1ec7f9d9b06ab97bc9c9d37802dac7f933	813	EV verification results, reviews and records, with the pages that classify them	board E5's gate verdicts on its board file (AWAITING_REVALIDATION per v2/docs/CURRENT-EVIDENCE.md)
v2/ecad/pcb-e5-block/routed/return_via.verdict.json	6ac7331cf4331c1fcf4a4593efc64a8c5be4fdf9	62de21baf1ffe371204d5206222ae3014370955d37f4dff0ce38d5cc02e4279c	1437	EV verification results, reviews and records, with the pages that classify them	board E5's gate verdicts on its board file (AWAITING_REVALIDATION per v2/docs/CURRENT-EVIDENCE.md)
v2/ecad/pcb-e5-block/routed/rf_line.verdict.json	fb95e41bfa0faa03d403d902d95e3ac512cfa244	88924fffac4dc02309fe555939178bacd3d1d2ac270be9d5500a7fdbf0369ee0	810	EV verification results, reviews and records, with the pages that classify them	board E5's gate verdicts on its board file (AWAITING_REVALIDATION per v2/docs/CURRENT-EVIDENCE.md)
v2/ecad/pcb-e5-block/routed/safe_lines.verdict.json	1af5027b0c45d95b706443bc2734bb18136e658d	764b0d9a257f9fc62b50d8621f9314c57d6370ac43a6dbcc1da6063bfc8b86ab	978	EV verification results, reviews and records, with the pages that classify them	board E5's gate verdicts on its board file (AWAITING_REVALIDATION per v2/docs/CURRENT-EVIDENCE.md)
v2/ecad/pcb-e5-block/routed/safe_lines_e5.verdict.json	89c680b61bb86bbc96b9d8ff11147e68d4caef1d	7909fa3bdbd56b679d66d82af1ef70f4b093f7a9ac2ef39a0ab109818674b651	1702	EV verification results, reviews and records, with the pages that classify them	board E5's gate verdicts on its board file (AWAITING_REVALIDATION per v2/docs/CURRENT-EVIDENCE.md)
v2/ecad/pcb-e5-block/routed/sensitive_nodes.verdict.json	78ecbab36ca15dab16f9434b36e30dbc97faa465	c9fc227f82afba383d7704eb3731b6b96a7c933924c184751b7e9612e5273ac5	993	EV verification results, reviews and records, with the pages that classify them	board E5's gate verdicts on its board file (AWAITING_REVALIDATION per v2/docs/CURRENT-EVIDENCE.md)
v2/ecad/pcb-e5-block/routed/spacing.verdict.json	c55ec5f57bf12405319524dba34a2c0223b0fa05	fec4c4f8867c20d8ee8d73e7d535394c6dc9aeaac9a6d3c7b5b86a92cf259aff	691	EV verification results, reviews and records, with the pages that classify them	board E5's gate verdicts on its board file (AWAITING_REVALIDATION per v2/docs/CURRENT-EVIDENCE.md)
v2/ecad/pcb-e5-block/routed/stackup_gate.verdict.json	49b1e1cb7fab125a39aa2fc7153a2e9e0575505f	0f97d14abf92a844868d1bf24987cbfeaaa9aabf02826f606b54bab53c89af57	974	EV verification results, reviews and records, with the pages that classify them	board E5's gate verdicts on its board file (AWAITING_REVALIDATION per v2/docs/CURRENT-EVIDENCE.md)
v2/ecad/pcb-e5-block/routed/sweep.json	5fe04097e4f1753dbc6f95c73b8eaf9ea4c2cd88	39dbe94991ad84d0ab604d5226e13113215c7f8c0937e9f22c5eb2d4bcc74211	387	EV verification results, reviews and records, with the pages that classify them	board E5's gate verdicts on its board file (AWAITING_REVALIDATION per v2/docs/CURRENT-EVIDENCE.md)
v2/ecad/pcb-e5-block/routed/thermal.verdict.json	7210028fc95549619b9d6294bc2a3ff69f7ec9bb	06985ef33ce1267c4d1d9119162ac969b7369cdaa826f6bbc1bbff4847588b6c	711	EV verification results, reviews and records, with the pages that classify them	board E5's gate verdicts on its board file (AWAITING_REVALIDATION per v2/docs/CURRENT-EVIDENCE.md)
v2/ecad/pcb-e5-block/routed/verify_deliverable_e5.verdict.json	ba06fa4468c8fdf982b5c596fb71fca7a5635fd1	6abbf51f9c27359006f87bafc7d0c5dfb0764e5f9977898fd927f6f7131d25c2	635	EV verification results, reviews and records, with the pages that classify them	board E5's gate verdicts on its board file (AWAITING_REVALIDATION per v2/docs/CURRENT-EVIDENCE.md)
v2/ecad/pcb-e5-block/routed/via_annular.verdict.json	f41239cc70ecac0aec221cb5e2bfa1dec91141b3	dce414ddde212a8aa7ef1c4514f0f5156df4c1ef2379348bd2fc893f8f275c4e	999	EV verification results, reviews and records, with the pages that classify them	board E5's gate verdicts on its board file (AWAITING_REVALIDATION per v2/docs/CURRENT-EVIDENCE.md)
v2/ecad/pcb-e5-block/routed/via_audit.verdict.json	d8e5b1ef49734af04ee0f93ed139604a42bdcfb9	8156c073781b93351446ca56c70c8392dca3885fc50227bf6030bcddbabc524f	912	EV verification results, reviews and records, with the pages that classify them	board E5's gate verdicts on its board file (AWAITING_REVALIDATION per v2/docs/CURRENT-EVIDENCE.md)
v2/ecad/pcb-e5-block/routed/via_current.verdict.json	27d10412e112426e294f9ffb6c7bce521f9efd17	e5289a86bc98abf77b066692f4f0c881558624a2dee6f05127983c7c705cc0e5	732	EV verification results, reviews and records, with the pages that classify them	board E5's gate verdicts on its board file (AWAITING_REVALIDATION per v2/docs/CURRENT-EVIDENCE.md)
v2/ecad/pcb-p-pack-p2/bypass-allow.txt	200b04051d6a1155ab759eabbbc6a4b6f7cccbbf	788989723a33c7b6b1e7c91b0a36f4518d6f1ea1fd0caddff51dab922769196c	618	L8 layer 8, schematics	allow-list with a reason per line, read by a check of this board (ERC, LCSC, bypass)
v2/ecad/pcb-p-pack-p2/fp-lib-table	fd7c68e15545a10459df09195a3bfa1e9283c3f5	9c2d14bd7a666d8449ea4e59410076e5167000b98681b2ea302ae00e93d46c32	162	L8 layer 8, schematics	footprint library table (points at ../meshsat.pretty)
v2/ecad/pcb-p-pack-p2/lcsc-allow.txt	e18a1424fda1045f63ef2b741c407a072293e94a	c0964703b8bac90e6a0f70a7ff4419d5cf9703c481d7dbc74aee743754bf41ec	1176	L8 layer 8, schematics	allow-list with a reason per line, read by a check of this board (ERC, LCSC, bypass)
v2/ecad/pcb-p-pack-p2/out/pcb-p-pack-intent.json	3db2b867980b5fc361fb62f4f6986095e4086ff5	6ff1b8129a5c5affdb4dcb1532b8bc9e6b68ebdcc9a62e3029ba66f3dde73414	7622	L8 layer 8, schematics	electrical intent written by the generator (rails, nodes, classes) beside the netlist
v2/ecad/pcb-p-pack-p2/out/pcb-p-pack.net	914d2612a7437f095a51473dcd1939118270f123	085f833362fbbda8b2f84b350771338d49db7f5cdb9cd823b9ff84eef47bcf43	92140	L8 layer 8, schematics	netlist exported from the committed schematic (the design every schematic-phase rule judges)
v2/ecad/pcb-p-pack-p2/out/pcb-p-pack.net.prov.json	5393b9a47a9e20740b751cb4cbe88cc8c8026552	4ff2bb8530cff8137e8c99ee3af1d95a923c4453835aa1228f7e87babe0beee9	8640	L8 layer 8, schematics	provenance sidecar: the generator files that wrote the netlist, by content (sch_prov.py)
v2/ecad/pcb-p-pack-p2/pcb-p-pack.kicad_pro	dae02f3d5e7aecd648bc05622ade27bdaca6600a	9c9da1f900f7ef59ced5ac3a4cb761eb291b212c138993ccb7253034d842953d	11563	L8 layer 8, schematics	KiCad project file of the declared phase (net classes, ERC settings)
v2/ecad/pcb-p-pack-p2/pcb-p-pack.kicad_sch	08b9173ea1115dee8203741207e7a83ceef76a4c	47e0bc19e8e18cf02a09223e7a1e7159262b2f2eb5ba92e270ba7a774ab5e4d5	274549	L8 layer 8, schematics	native KiCad 9 schematic of the declared phase (written by the board's generator)
v2/ecad/pcb-p-pack/bypass-allow.txt	200b04051d6a1155ab759eabbbc6a4b6f7cccbbf	788989723a33c7b6b1e7c91b0a36f4518d6f1ea1fd0caddff51dab922769196c	618	L8 layer 8, schematics	the stem directory readiness_manifest.json names (an earlier phase): only its footprint table and allow-lists, so the directory the tools fall back to exists
v2/ecad/pcb-p-pack/fp-lib-table	fd7c68e15545a10459df09195a3bfa1e9283c3f5	9c2d14bd7a666d8449ea4e59410076e5167000b98681b2ea302ae00e93d46c32	162	L8 layer 8, schematics	the stem directory readiness_manifest.json names (an earlier phase): only its footprint table and allow-lists, so the directory the tools fall back to exists
v2/ecad/pcb-p-pack/lcsc-allow.txt	e18a1424fda1045f63ef2b741c407a072293e94a	c0964703b8bac90e6a0f70a7ff4419d5cf9703c481d7dbc74aee743754bf41ec	1176	L8 layer 8, schematics	the stem directory readiness_manifest.json names (an earlier phase): only its footprint table and allow-lists, so the directory the tools fall back to exists
v2/ecad/tools/agent/client.py	b57a4381e73fb926cf2991486037e91459bc2024	c7f2df11ce0869c8279e9df75426ce51503709066d85f02d20a62edf8248bd92	8831	T tools: generators, checks and their tests	tools: schematic and placement generators, their inputs (board tables, profiles), the checks and their fixtures
v2/ecad/tools/agent/evidence.py	4b0c132c14b4f116a825baeb0d5a407cf7b53a9c	806a7054103dd52581305f4885ad542ff4e1478f1c5cf248806a502ac299ac87	12150	T tools: generators, checks and their tests	tools: schematic and placement generators, their inputs (board tables, profiles), the checks and their fixtures
v2/ecad/tools/agent/knobs.json	eefab477c4e2e0779ace17450e2fd86a87cc2046	c77d8120b1918f6ac1d18de8946e3b9614192db70e864e3a6cefbace681fb2fb	14880	T tools: generators, checks and their tests	tools: schematic and placement generators, their inputs (board tables, profiles), the checks and their fixtures
v2/ecad/tools/agent/loop.py	6169c6f3ddb7c6b5185ad572e8b5dd70b1f0e426	da2d7ded0e1dd0650b3a0048e67435571122406816dbcd6dbb0dfabbc37955b4	28273	T tools: generators, checks and their tests	tools: schematic and placement generators, their inputs (board tables, profiles), the checks and their fixtures
v2/ecad/tools/agent/patch.py	4d4b68bcebdae4c5d72b34c3851a0861b0053405	317f014af9c7bcc68014f08036ca8aa5b72d8e6ed8308f5f6fa3b48e87c33dc1	16106	T tools: generators, checks and their tests	tools: schematic and placement generators, their inputs (board tables, profiles), the checks and their fixtures
v2/ecad/tools/agent/propose.py	5572d322ec8135068087cac1d8d015d63145b3a6	35768889c23ea2043f730fc9ec649a849f57bd6e4e91ff0879428732d940feb1	9081	T tools: generators, checks and their tests	tools: schematic and placement generators, their inputs (board tables, profiles), the checks and their fixtures
v2/ecad/tools/agent/review.py	abc90256c36699e8f0cf064a3dd8b3cc95273add	f0ce1b4a50470adc68641d84337ba906eb227ad36d7fba2e6bc658612523baac	10676	T tools: generators, checks and their tests	tools: schematic and placement generators, their inputs (board tables, profiles), the checks and their fixtures
v2/ecad/tools/agent/schema.py	7823be788a6d7022faeba7171bc6afb12c34d758	d24e3b4d50227545d342cc5c27a94a558e08ee615fc24baa35f67a7b37c55171	14071	T tools: generators, checks and their tests	tools: schematic and placement generators, their inputs (board tables, profiles), the checks and their fixtures
v2/ecad/tools/agent/selftest.py	8571240efec24490fb27155000a5b4a5a8f0f338	e14291fece397b355ced5b669c6b22458d6e28b7d07a91a49c1a601bf51b5b4d	12363	T tools: generators, checks and their tests	tools: schematic and placement generators, their inputs (board tables, profiles), the checks and their fixtures
v2/ecad/tools/agent/templates/b-place.json	91ed109014fbbd38621d76117223c91a9ee96a1d	a8d135946b4909af6e6e246251b3a2d2f6a1dc1195dd1077511a811e6651edbf	1959	T tools: generators, checks and their tests	tools: schematic and placement generators, their inputs (board tables, profiles), the checks and their fixtures
v2/ecad/tools/agent/templates/b.json	b5c53c028c686f9a7ccd3933e65c9d2ea80cb561	5a70de9320896c982dec29754a3d3d22720a38566ad33a6c76afabad1931c91b	2231	T tools: generators, checks and their tests	tools: schematic and placement generators, their inputs (board tables, profiles), the checks and their fixtures
v2/ecad/tools/agent/templates/d.json	042761829b1ffc7524b2d13c05db8021f56734d0	da3b55b8eae0f46826532b3f9dbbc91f5f91b397e93e3524adcc783535e02d33	1186	T tools: generators, checks and their tests	tools: schematic and placement generators, their inputs (board tables, profiles), the checks and their fixtures
v2/ecad/tools/apply_netlist_values.py	12c7d3b6dca1a6b8ac4943d951011539f850cc57	794b39b9d2ef9f55aa73e5b97888f40d6379191c751dd6b47970e031f62b8743	5446	T tools: generators, checks and their tests	tools: schematic and placement generators, their inputs (board tables, profiles), the checks and their fixtures
v2/ecad/tools/arms.py	298f17be677f565227690fa35a1c86d118e9039c	c6c592d43b6349c74c4a49691df8ab00e7d9e14f9ef874e46c04761a1f45ff04	27233	T tools: generators, checks and their tests	tools: schematic and placement generators, their inputs (board tables, profiles), the checks and their fixtures
v2/ecad/tools/arms/b-place-pilot.json	f7be28dfd5fd43a6f99915596c067696584eef67	be584b8fbb1e61262418143447fee8a55f90cbe0d9108314859d45e6c58ebe60	4123	T tools: generators, checks and their tests	tools: schematic and placement generators, their inputs (board tables, profiles), the checks and their fixtures
v2/ecad/tools/arms/b19-slack.json	37df6375d038338c9b5a01e0c803c94ac689a31a	9c837e24a8875230e3587c8271a468b4429a1d9d93250d270d07166b87029d75	6495	T tools: generators, checks and their tests	tools: schematic and placement generators, their inputs (board tables, profiles), the checks and their fixtures
v2/ecad/tools/arms/b19-stubvia.json	33b80119ffffa2e1f0d90847b5631f25b8fe8d90	ab07f68e0e06d9fef05e0c3b43cfb9bfcd49c97f1695b7fc7764cbf1d6d46def	5099	T tools: generators, checks and their tests	tools: schematic and placement generators, their inputs (board tables, profiles), the checks and their fixtures
v2/ecad/tools/assembly_set.py	3bb29d064d270a1b595754aedb4ada18d1f517a6	721d3b56702b85735b49c79dbc3db9d9ca826a97a963ee61b19ad39dfde7104f	19360	T tools: generators, checks and their tests	tools: schematic and placement generators, their inputs (board tables, profiles), the checks and their fixtures
v2/ecad/tools/barrel_sites.py	87fedd1e742d1892e5166fefb3091126a2c8aa60	1c411293981ec7319276c9ef7cfb9f869b98b3cc19e4236c8a4dffcc1699b42e	19003	T tools: generators, checks and their tests	tools: schematic and placement generators, their inputs (board tables, profiles), the checks and their fixtures
v2/ecad/tools/bench_baseline.sh	0e6321cb4cbc5b4be0fb020f2375f6c699345a7c	1e388505330fb867d05760d63bd15e4795670a6000ab35426abb0b0cad1cc200	2663	T tools: generators, checks and their tests	tools: schematic and placement generators, their inputs (board tables, profiles), the checks and their fixtures
v2/ecad/tools/bench_compare.py	16009f83b03912b0b3caac7cd42a7fdc5cd50ebb	34fbede4c9e34716e9550bdccb5cccac8dacddae07eef062a1cfa15e3fe8d1ba	4720	T tools: generators, checks and their tests	tools: schematic and placement generators, their inputs (board tables, profiles), the checks and their fixtures
v2/ecad/tools/bench_report.py	412767581a38dbe954be07a92c901ba764194e76	d927b10db2ad7ec138ccbce9dd2721bfa9370c93d7b89a97cee13fc25eb45c5e	9864	T tools: generators, checks and their tests	tools: schematic and placement generators, their inputs (board tables, profiles), the checks and their fixtures
v2/ecad/tools/block_contract.py	da383ad84b13371ef629137ae034fb3e09a37bf8	b8533c8fde76ee32b53550916b1a49aa4a286aa7b0ae36795638e5a9ea3a88bf	7469	T tools: generators, checks and their tests	tools: schematic and placement generators, their inputs (board tables, profiles), the checks and their fixtures
v2/ecad/tools/board_diff.py	cf6a7e1b7d6707e5f09a8033380efe17624036bf	d13af5494246de1c8bfff28f1d2de21cdcc31e16b470c67c335ae45c4e78d365	7008	T tools: generators, checks and their tests	tools: schematic and placement generators, their inputs (board tables, profiles), the checks and their fixtures
v2/ecad/tools/boardorder.py	50cc84c16c969eacc8927733f7d02f59d27aae1d	298e46edcc028954464069c55739cf673e190ca886080c394d83227ec0c35ef6	2794	T tools: generators, checks and their tests	tools: schematic and placement generators, their inputs (board tables, profiles), the checks and their fixtures
v2/ecad/tools/boards/a.json	19911836d2dd936e179a58770d9e7f254dacaa2e	b9411f2403e03da7792ba1bd2dd7f1bc271f54f710a208239dc6eccd0c5d785d	337294	T tools: generators, checks and their tests	tools: schematic and placement generators, their inputs (board tables, profiles), the checks and their fixtures
v2/ecad/tools/boards/b.json	0b976b161165b28cafbd6d52c1d9613fa986e332	0c62cc5c65324e23a1f8fa728e3ed0ca597bcb59d29a57e3f89ebf48109b5c27	109857	T tools: generators, checks and their tests	tools: schematic and placement generators, their inputs (board tables, profiles), the checks and their fixtures
v2/ecad/tools/boards/c.json	087bd1f63b3bce9975d56b17f17aa7b8bf22a070	11801af8a4c11b42f986134b07312389a6bf471bb5622d7100f039dac2ebc468	31186	T tools: generators, checks and their tests	tools: schematic and placement generators, their inputs (board tables, profiles), the checks and their fixtures
v2/ecad/tools/boards/d.json	0e9dadf7e2b57a251cef66fa8e62a826e8ccab27	e0f787a8bfe117a196376ab3a9d685190eaf8aa1229ed700c1a5e1e26da29656	86337	T tools: generators, checks and their tests	tools: schematic and placement generators, their inputs (board tables, profiles), the checks and their fixtures
v2/ecad/tools/boards/e.json	3ce27d0022d37759df962d4d807d5d7a9d3f25d5	b83f77baaec0908033999685945b43351abfe2d73298bcacc8b763c4b4d2f95f	211978	T tools: generators, checks and their tests	tools: schematic and placement generators, their inputs (board tables, profiles), the checks and their fixtures
v2/ecad/tools/boards/e5.json	a2f5b8fb1623788c76fd79b9bdaffc530709e894	6bc23f492d8bc88da6e95e1339a37c149e8fd5e8751d391edaa99f9b0f493bef	8294	T tools: generators, checks and their tests	tools: schematic and placement generators, their inputs (board tables, profiles), the checks and their fixtures
v2/ecad/tools/boards/p.json	9c44d8f8ae7f38d465f7c0cc6978d81e2d72c4a4	fb26e422307afb21b40d9cf950a13f1aa3fb21398731afe85a3c278c525806b6	52148	T tools: generators, checks and their tests	tools: schematic and placement generators, their inputs (board tables, profiles), the checks and their fixtures
v2/ecad/tools/boardtable.py	3325a2ac9737c435a866823511e1f5854f27af6e	41bd92e61f12c374a1e3d206cbab48ed9d555c92bc383db52e364f1c4ebf6c84	2146	T tools: generators, checks and their tests	tools: schematic and placement generators, their inputs (board tables, profiles), the checks and their fixtures
v2/ecad/tools/build_e2.sh	43be18f34f2ae15a1453cc24598f18b9beb53455	5de3ff74f84442180119e4b17df759b3c939d9bd03f33b148b505e3744b45fb6	1009	T tools: generators, checks and their tests	tools: schematic and placement generators, their inputs (board tables, profiles), the checks and their fixtures
v2/ecad/tools/build_e5.sh	a343808c4d701db39fd2051948cfe000748e6e8c	46e8c2c69333f4643257b7079be824588c7fbacf2b79ae953b5cf881e8c8e1cd	1359	T tools: generators, checks and their tests	tools: schematic and placement generators, their inputs (board tables, profiles), the checks and their fixtures
v2/ecad/tools/build_pcb.sh	40ad8c66daafdc8d4fea41338bb6e1efa2215c41	f50f6980d16445ee884824a91d784382d1565af7a48bbe279f868b4b6538e013	2472	T tools: generators, checks and their tests	tools: schematic and placement generators, their inputs (board tables, profiles), the checks and their fixtures
v2/ecad/tools/build_sch.sh	033985fee241e01b9171d47c126b63f66c2ec22b	93362c20c54e9edc727b4b369d6f9a9817547a9ba55a609506ba98fb90db65a3	3544	T tools: generators, checks and their tests	tools: schematic and placement generators, their inputs (board tables, profiles), the checks and their fixtures
v2/ecad/tools/bump_a18.py	eb0f4bc2ade5fee8b6f490b24e5f996f0dc41dd4	da29573878ca160952e60dc6bbecd4f132cb4468c291fa04f76f8e48c75eefd2	864	T tools: generators, checks and their tests	tools: schematic and placement generators, their inputs (board tables, profiles), the checks and their fixtures
v2/ecad/tools/bus_a21.py	b8201f45896459c23403f952d029a1b6e03647cd	f082ed811013d7cc67d0756580e451fe14b77076ec9d04d3e75f977b256f107f	2672	T tools: generators, checks and their tests	tools: schematic and placement generators, their inputs (board tables, profiles), the checks and their fixtures
v2/ecad/tools/bypass_place.py	a11ecb8097a0294e4cb7ff917da5f42d3aa0386d	23aaed5cf0261bf65236a74738d301b778fa60d51a117a4b68a568d99219f5e7	8045	T tools: generators, checks and their tests	tools: schematic and placement generators, their inputs (board tables, profiles), the checks and their fixtures
v2/ecad/tools/bypass_seats.py	b2963abdf39f1618d8ea1915bf8ce8bac713ffc8	ae11418125e6567f1337430590c94f8d296c1250948cbb230a23a4875a41f5db	15330	T tools: generators, checks and their tests	tools: schematic and placement generators, their inputs (board tables, profiles), the checks and their fixtures
v2/ecad/tools/bypass_slots.py	2c84f0e8fa828a780ad191bb969e64cac78c5d56	475ef8f8755dad2228bc2425cadee69482d3e79c7594fe50c2de9e873eec5af3	9415	T tools: generators, checks and their tests	tools: schematic and placement generators, their inputs (board tables, profiles), the checks and their fixtures
v2/ecad/tools/carry_placed.py	30a9ba036c5580b0f64038843e94dca2cb4bc4b1	61f790e12a1ef9d3ed379f21cb7c026c37420a358848ba8265cf535697cc1e51	15089	T tools: generators, checks and their tests	tools: schematic and placement generators, their inputs (board tables, profiles), the checks and their fixtures
v2/ecad/tools/case_wall_cutouts.py	1bc5ddc4f2180fd4aa3203dbeba076f95937a64a	65ccf4bdfe5e567b046583011d6a82c33224fff93f0332daca69883e1608bbed	15649	T tools: generators, checks and their tests	tools: schematic and placement generators, their inputs (board tables, profiles), the checks and their fixtures
v2/ecad/tools/check_contracts.py	76f37d833d563877bf680bf0219d843080878386	5e14f456a0791c354109ad8d586e45f809f4fe86858e965bae0181debc445e40	68461	T tools: generators, checks and their tests	tools: schematic and placement generators, their inputs (board tables, profiles), the checks and their fixtures
v2/ecad/tools/check_pcb_a.py	441c3666c481119d9d8ba145c3243fe582551795	ed09e95458341aa087452b123724e927a4bd60f8b0db0c03a40c3e529a23fc5f	15814	T tools: generators, checks and their tests	tools: schematic and placement generators, their inputs (board tables, profiles), the checks and their fixtures
v2/ecad/tools/check_pcb_b.py	0916a91cd4a4b4f9aff02534a5429433d515301a	1a8d898d66e1244753804eabcd73fb1ae638b4d12abee9a8117a8f7da25329be	55793	T tools: generators, checks and their tests	tools: schematic and placement generators, their inputs (board tables, profiles), the checks and their fixtures
v2/ecad/tools/check_pcb_c.py	74a8fc2d03131d43bdefbbc68a74401b48320dfd	d200b99c384fb763aa1289d697bbcfd0298fe0f5c8cc77a47f72f2691d76211b	18400	T tools: generators, checks and their tests	tools: schematic and placement generators, their inputs (board tables, profiles), the checks and their fixtures
v2/ecad/tools/check_pcb_d.py	1c704d86a27bed71b0e249f6d7ef1dbeef1791c5	19bae03d0e2f4be29abab47eb1af52638e2832a1f85119d56a7f553ae300e122	7233	T tools: generators, checks and their tests	tools: schematic and placement generators, their inputs (board tables, profiles), the checks and their fixtures
v2/ecad/tools/check_pcb_e.py	6f0538e8327ca4a45b9627606ba0e5ec16f89e4b	a43d6c7b86ec73619ce9716c8ad7413bdb6f257daee7893f71401a698a88995f	12590	T tools: generators, checks and their tests	tools: schematic and placement generators, their inputs (board tables, profiles), the checks and their fixtures
v2/ecad/tools/check_pcb_e5.py	3c480cf24662ff75622c1a34b6ebc4978c8fd0c5	b6a78f8871e67d665156b97901385a9f2bf3900fe1ac7e67ed6a377d21e581bc	5435	T tools: generators, checks and their tests	tools: schematic and placement generators, their inputs (board tables, profiles), the checks and their fixtures
v2/ecad/tools/check_pcb_p.py	50705c642509f3ab9d6920fea8750d129c7c2ef6	9a58f0e7f1fc9ab93381ffc7093cdf036824631dabc87226a02a63aaf2cac6f4	6509	T tools: generators, checks and their tests	tools: schematic and placement generators, their inputs (board tables, profiles), the checks and their fixtures
v2/ecad/tools/check_zone_nets.py	13c1ed36f597b351381d7cbf577abde59fb29326	6168cdfbf6ef54468cb3fd9e57eb2f6efc455873a230ab3984c6b8f26f3f7943	2724	T tools: generators, checks and their tests	tools: schematic and placement generators, their inputs (board tables, profiles), the checks and their fixtures
v2/ecad/tools/claims-allow.txt	76d989079bc47eb93228c6eec1cd22a29600971a	74eedab5ac0711beada112a3f054494768b9c6d4ac151ffd06e886e8bf3d194a	1616	T tools: generators, checks and their tests	tools: schematic and placement generators, their inputs (board tables, profiles), the checks and their fixtures
v2/ecad/tools/claims_check.py	545b342dcbb880fef4e417feed563421b1f0a579	85adfbf9db1120796a49ab4c127fe327d1a3e355867e48f4a1af71cffaac0e55	5817	T tools: generators, checks and their tests	tools: schematic and placement generators, their inputs (board tables, profiles), the checks and their fixtures
v2/ecad/tools/class_floor.py	f600da2c3eae94a778c46657026c3f60d0a59827	c803025504a041b9cc2f97adf63d4169e218a37f5a10abefe261afe928f20ecc	3729	T tools: generators, checks and their tests	tools: schematic and placement generators, their inputs (board tables, profiles), the checks and their fixtures
v2/ecad/tools/class_table_age.py	30ff3013cdd6c1eaa04230e6d4658395f3a605bc	a882f003fd5c81cb267517daedaa2144f2bb01a07315ea8729bdbf3df7b1ea86	4590	T tools: generators, checks and their tests	tools: schematic and placement generators, their inputs (board tables, profiles), the checks and their fixtures
v2/ecad/tools/cleanup_dangling.py	469fa3fabccc96d8d5f7ca2c5bd1efa108abc60e	3a8c61863ab7a3781f668870fa49e250236447226e39c1fe1d7ae9bcb8e2f05a	3964	T tools: generators, checks and their tests	tools: schematic and placement generators, their inputs (board tables, profiles), the checks and their fixtures
v2/ecad/tools/clock_check.py	e6455bc55afa084d9393928ee8eb86e885e4a11f	8da2b82cac511dd0a60dfb3fcb8e47abdfd740e5ab52b883d67400d451ad286e	12904	T tools: generators, checks and their tests	tools: schematic and placement generators, their inputs (board tables, profiles), the checks and their fixtures
v2/ecad/tools/closer_audit.py	3decd07de5c0b920c9ddda38b3b4749f1ad21588	fd296cc7fbcca99c4fa4070bb07595e553a50b5eb6936ff14bcfd178346ee7dc	15626	T tools: generators, checks and their tests	tools: schematic and placement generators, their inputs (board tables, profiles), the checks and their fixtures
v2/ecad/tools/cont21.sh	41457d57f289449fdad879f4692231046a2acb78	568d0bdc6274fd2e7a3a5f450007fe42a692ddf18f2803b5ecae399aa39723ce	1703	T tools: generators, checks and their tests	tools: schematic and placement generators, their inputs (board tables, profiles), the checks and their fixtures
v2/ecad/tools/cont_route.sh	856a14831ad8915c2ed1fc598751e424f5bfcdd5	5836ecd2ec95d0d5574143c5d505b3dfefca34305ca9ceb4fc0675706f62b5a9	8206	T tools: generators, checks and their tests	tools: schematic and placement generators, their inputs (board tables, profiles), the checks and their fixtures
v2/ecad/tools/copper_checks.py	177cc8d3ef03f0d64a66024507f986bf907512b3	590a0b7904c3ea4897895512639199f99c529cac5c56bc55f18684ba06826f37	15893	T tools: generators, checks and their tests	tools: schematic and placement generators, their inputs (board tables, profiles), the checks and their fixtures
v2/ecad/tools/couple_gap.py	62482049bdb2d88a102f840f769166a51371aaa2	35274a8072e977e5c9a5a786bab3ed296e96a4a249f3342bdacc8381f22aed6e	3083	T tools: generators, checks and their tests	tools: schematic and placement generators, their inputs (board tables, profiles), the checks and their fixtures
v2/ecad/tools/critic_e2.py	5f8360798fc412df29c8e8399166b23f9f6cf342	7f2a27f8f4a418a3017e5a45868b19dabcf49ca13f8e88982b39cb4719fd9faa	2174	T tools: generators, checks and their tests	tools: schematic and placement generators, their inputs (board tables, profiles), the checks and their fixtures
v2/ecad/tools/dc_drop.py	2b0bdccb4bf69219d28e21a39ab386bbf90202dc	0b28f57e0a09a385f943b71f617562d52c393b1e11a3ce4b323af0ac20b91daf	59097	T tools: generators, checks and their tests	tools: schematic and placement generators, their inputs (board tables, profiles), the checks and their fixtures
v2/ecad/tools/decisions_render.py	8fcc534ef0fb456bf75bbd0d9c64fdcf34334383	dba00562a170d32ff5390eac81131dcb556b82eddcf17922b7de2b1f288ddaab	6969	T tools: generators, checks and their tests	tools: schematic and placement generators, their inputs (board tables, profiles), the checks and their fixtures
v2/ecad/tools/density_probe.py	d1393dfc95ecdcf468cd716e23e621721a198509	df4a212afb174f62a8b36e3ecb0a194ad1dcb9fee711f2bf45baef4bedf0adfb	5336	T tools: generators, checks and their tests	tools: schematic and placement generators, their inputs (board tables, profiles), the checks and their fixtures
v2/ecad/tools/derate.py	90d7cae66d0e1255193faada1e0df45c9ed408c0	6c29d1b9a523d38524bef8cdb73185a74f9c319455a9c71deedf64b7e3095d52	21186	T tools: generators, checks and their tests	tools: schematic and placement generators, their inputs (board tables, profiles), the checks and their fixtures
v2/ecad/tools/direct_close.py	5d3a7b6e32d8ff0137f9a807b5b11981f2820b3f	0f3bbd08fc6c80e747ba9833d00015b92b8222d20b05abfabd5762904c8e2917	29280	T tools: generators, checks and their tests	tools: schematic and placement generators, their inputs (board tables, profiles), the checks and their fixtures
v2/ecad/tools/doc_provenance.py	1237269e827e817f78ca5231a24f10236ef8da71	f2e2ea02b803956233f93a29c48b3b4cd3cdc05b0e082bb3d30052bb1794cde2	11445	T tools: generators, checks and their tests	tools: schematic and placement generators, their inputs (board tables, profiles), the checks and their fixtures
v2/ecad/tools/dot_prune.py	f57f8053a7b5f9628aa33d3602f91d2d348be03e	eb4026e3fc30d9ea7671d9bc497d39fc62e0ffc95bee84bdc16b028b358c3f97	7898	T tools: generators, checks and their tests	tools: schematic and placement generators, their inputs (board tables, profiles), the checks and their fixtures
v2/ecad/tools/drc.sh	b60c1fc586af5ae99d3a480b387cbf42da63832a	06df9e15425a3b1173cccd8a2cd591a350cfcfefd41c11b419d002966ab00dcd	4242	T tools: generators, checks and their tests	tools: schematic and placement generators, their inputs (board tables, profiles), the checks and their fixtures
v2/ecad/tools/dsn_confine.py	dfd55b6ed26f546dd6cb3c588efc4dbebe015bbe	be186c319e436ee48a0b1c3055e2a2178d8727df444d5f36f4dd02651a9daf76	1940	T tools: generators, checks and their tests	tools: schematic and placement generators, their inputs (board tables, profiles), the checks and their fixtures
v2/ecad/tools/dsn_export.sh	c83dcbaec92d7b17117ad3e1b6a6088aed134941	6691022c07095cdd2a28ab2e422c69a19af504e6e26f7461cdb22161423c4f83	1913	T tools: generators, checks and their tests	tools: schematic and placement generators, their inputs (board tables, profiles), the checks and their fixtures
v2/ecad/tools/dsn_partition.py	fdf761e2d107f89314c2ed761766d97efea8f814	cac0cc9a1ac7f4382f3d17a2d9b4cf85e9243ff2fef9769a76af14712daed95c	4736	T tools: generators, checks and their tests	tools: schematic and placement generators, their inputs (board tables, profiles), the checks and their fixtures
v2/ecad/tools/dsn_power_layers.py	7fcba3c36cd613d81a7dd2a15207a568729c2acb	4e8fdf6f15a8dad4cfd95b6743f7b3ba434ffd67e9bd2c899f25481e07855435	5619	T tools: generators, checks and their tests	tools: schematic and placement generators, their inputs (board tables, profiles), the checks and their fixtures
v2/ecad/tools/easyeda_import_set.py	df1a8a9825d23ed3f348b91faf1990f08a9abf3b	3b898dc1669779479e8257decae7c6080cad1f525dac1de2331254ec5f357679	8480	T tools: generators, checks and their tests	tools: schematic and placement generators, their inputs (board tables, profiles), the checks and their fixtures
v2/ecad/tools/edge_length.py	c4fc456c3d16375adf88034056d94a604a68c9b3	fd66cbd9bce2fa7be76734d573a69f3855f7864b1fbacc45770272ce7533af61	43777	T tools: generators, checks and their tests	tools: schematic and placement generators, their inputs (board tables, profiles), the checks and their fixtures
v2/ecad/tools/emc_sheet.py	b9d4348dd1055c8329f6c473e2ec5725c5b82144	fa3789c3a634513f5aea44406c1b7f0b8ea9b8bf917c8c63c2b3dbb019f061cc	8644	T tools: generators, checks and their tests	tools: schematic and placement generators, their inputs (board tables, profiles), the checks and their fixtures
v2/ecad/tools/energy_chain.py	33a7cb8c175938284a43cff609cc6b0bcb047afd	2eb665d0e50ee7816cf3e4df98f15c15ada51f4318bb5d3048fd96ffb4863ccf	27360	T tools: generators, checks and their tests	tools: schematic and placement generators, their inputs (board tables, profiles), the checks and their fixtures
v2/ecad/tools/erc_gate.py	afde6ef999b81283a8961de070310210ac753f00	bb4bf868c515f37a3fbbc0b9cd5f3ffbdea38ee5497da85a17ae3b1f07ee4f5f	12168	T tools: generators, checks and their tests	tools: schematic and placement generators, their inputs (board tables, profiles), the checks and their fixtures
v2/ecad/tools/escape.py	21784cea4786e23d1bdaea5facb6f9b6d50a1a67	c2b7f734b575095cf9a5a382f2e1d5416f7125374bae3d74777cd7d2061a47f4	28585	T tools: generators, checks and their tests	tools: schematic and placement generators, their inputs (board tables, profiles), the checks and their fixtures
v2/ecad/tools/escape_prune.py	95ef7d6f466782607aa5bd5ae499e4633d07620b	9fe547566b376dd9214348c84c01b435f9728ef193c1b5b2be40e946b16d84a6	6347	T tools: generators, checks and their tests	tools: schematic and placement generators, their inputs (board tables, profiles), the checks and their fixtures
v2/ecad/tools/execution_paths.py	b70c78f0d25b95443094ca1c5dd7c5abeaa02f7d	30d7e09c551f5e626659f5fac49ffb7e08b58f032c81d3608fa18c2f9202b62a	9054	T tools: generators, checks and their tests	tools: schematic and placement generators, their inputs (board tables, profiles), the checks and their fixtures
v2/ecad/tools/export_jlc.sh	04d9993b71040732805b18ef8d427bd23001638b	bd0e3e49853fd84dd45b3b80bd85583c21207bb3ccf784affadf35359cad00a0	7971	T tools: generators, checks and their tests	tools: schematic and placement generators, their inputs (board tables, profiles), the checks and their fixtures
v2/ecad/tools/expstore.py	1a6438969b2e7c4e436ae65f522c3b1a8c84c662	9272978446b1709915dd3ac40e80154af517ac59d0c1ee6e4d86ef9306631f31	9713	T tools: generators, checks and their tests	tools: schematic and placement generators, their inputs (board tables, profiles), the checks and their fixtures
v2/ecad/tools/fab_limits.py	3c7704d9faf81d54eac183308852e2bc6c20ad1d	04d184797dc0a246f58eb683d65c4e2e654dc856a4f9ff2cdf33dfbc58adb4fd	7375	T tools: generators, checks and their tests	tools: schematic and placement generators, their inputs (board tables, profiles), the checks and their fixtures
v2/ecad/tools/face_section.py	b671b1e58ced962fdf388528c52a45b4a9ee99bc	52674678f019f5c0fc755b6b315f00e7ad79433b5fb730d2820505048ff351d5	4729	T tools: generators, checks and their tests	tools: schematic and placement generators, their inputs (board tables, profiles), the checks and their fixtures
v2/ecad/tools/final_gate.py	3bc3d5ba3a35a8598dda7bd2105da74726d7789e	a4698b6e0662166b2990c052c2c300f545bf7891d66d7b65f785b5bb160c96fb	19424	T tools: generators, checks and their tests	tools: schematic and placement generators, their inputs (board tables, profiles), the checks and their fixtures
v2/ecad/tools/finish.sh	89e52f144ffba033d817b398de50c4d5a9464fe7	80975f1b552eeca5c493659605948d88b5d66a9c765636dbbc29203583ec28e2	32998	T tools: generators, checks and their tests	tools: schematic and placement generators, their inputs (board tables, profiles), the checks and their fixtures
v2/ecad/tools/finish_a18.sh	10f5b8ab7f86ee3b6f85848a452223a869ed68f1	40809c593b5d4dbc6fc0c0e9c65b2302afe79eb162e22cebfbedb8b75e68d433	633	T tools: generators, checks and their tests	tools: schematic and placement generators, their inputs (board tables, profiles), the checks and their fixtures
v2/ecad/tools/finish_b_after.sh	bcf1ce7d52b4badd1f001aa4134f33afdf2e65dc	66dc24a7c8e01e5b006a2f60f4a37ae4151ee440aeb222cb3fc9e124cca4109d	540	T tools: generators, checks and their tests	tools: schematic and placement generators, their inputs (board tables, profiles), the checks and their fixtures
v2/ecad/tools/finish_board.sh	33400c999ca5f13732c91049a37c4bb2fec9499c	1e7af8c6b846d18fa7a673dc9577876283b5567e7f77bfab3bf23d68e03b4ad4	8273	T tools: generators, checks and their tests	tools: schematic and placement generators, their inputs (board tables, profiles), the checks and their fixtures
v2/ecad/tools/finish_stubs.py	2bf36b4d918e82665c46eff0fa9d78ac842f95c9	015848a432791ac9955d557f4de971c6c10beb17d8db4dd542c0936b0791fee7	3394	T tools: generators, checks and their tests	tools: schematic and placement generators, their inputs (board tables, profiles), the checks and their fixtures
v2/ecad/tools/fix_a15_node.py	6c3dae0b98c3f7c63546cc5cefb7973d2f96a4b6	730a795f4b127fdcd82fa16d334075bc9f0ffafd95a94ddbebd07a6e58c22974	4374	T tools: generators, checks and their tests	tools: schematic and placement generators, their inputs (board tables, profiles), the checks and their fixtures
v2/ecad/tools/fix_a17_node.py	b0ffe80e28a8ef3ee1581b082c733df8e2def735	c3abc84363ecf23f86b3e07c3627750c1f6813c5406d57b9bdcf26364049e14f	5367	T tools: generators, checks and their tests	tools: schematic and placement generators, their inputs (board tables, profiles), the checks and their fixtures
v2/ecad/tools/fix_a19_node.py	ee6b4df31402d603143d59178f53a76a48476517	23a0169226a15601995a6fb76521de282b8203bc017674c2fe3fe40b018c8034	4027	T tools: generators, checks and their tests	tools: schematic and placement generators, their inputs (board tables, profiles), the checks and their fixtures
v2/ecad/tools/fix_c7_u3.py	c2de984c045525b6801952c20594c211512b5516	39ec4abab543d1e64261ea9af63015a4fe2ba795b3aaf5fbaa36942e57c545b5	1806	T tools: generators, checks and their tests	tools: schematic and placement generators, their inputs (board tables, profiles), the checks and their fixtures
v2/ecad/tools/fix_d10_hubdm1.py	11440cc4f00e6aa82dfd4158985d3f8965d440f8	eb1cacfa27ee6abf78a34927366b08388aeabffde6926787cdc4c193b962feed	4018	T tools: generators, checks and their tests	tools: schematic and placement generators, their inputs (board tables, profiles), the checks and their fixtures
v2/ecad/tools/fix_pad_escapes.py	9c97b4a693e2cbac1e31397cfae0021f3921d991	3d1f785de90aa9bd3e3fe482e61009ffafd61b1e4c5991e26d8ea5fa70242c41	4021	T tools: generators, checks and their tests	tools: schematic and placement generators, their inputs (board tables, profiles), the checks and their fixtures
v2/ecad/tools/fr_dialog_watch.sh	c2b88964ad09429e50055e75d130d499ff36c6e0	c0133b9337e5eee7ff142362b4846a20825fd8b2cb8104f592a781054d61e7a4	22735	T tools: generators, checks and their tests	tools: schematic and placement generators, their inputs (board tables, profiles), the checks and their fixtures
v2/ecad/tools/fr_import_check.py	0a4b08e00b236563399f48383e35c9ff118c625a	60382c247ac573ef9dad50bbe4ae1a3fea4eac4616617f795262e1a89700f77d	58769	T tools: generators, checks and their tests	tools: schematic and placement generators, their inputs (board tables, profiles), the checks and their fixtures
v2/ecad/tools/fr_jar.sh	e18c5bc94f8b76c53d88971ae163f0bc1b820496	6e8829f8a7d86958d41674f202aadf31aa20a117e0a207060674f0721a3c50a6	2601	T tools: generators, checks and their tests	tools: schematic and placement generators, their inputs (board tables, profiles), the checks and their fixtures
v2/ecad/tools/fr_probe.sh	2ec77656dcd7e9031fed1a2eb331b4afdb46cbac	9cd169c861cb456a82311cca47e9b07c13377a2bc9f02f50d6aa929d5972934b	7927	T tools: generators, checks and their tests	tools: schematic and placement generators, their inputs (board tables, profiles), the checks and their fixtures
v2/ecad/tools/fr_rules.py	e14c833ba8a35a6f21297fb9287257512517ea12	a23c299a33783d732bf532e758809fdb4e3e0a74e65a177991da1d5291065508	4336	T tools: generators, checks and their tests	tools: schematic and placement generators, their inputs (board tables, profiles), the checks and their fixtures
v2/ecad/tools/freerouting/README.md	76512d082a3e2c346acdbfc2c54515ef23020ac9	9c5528749698d519c2029c78858d82c7f5fe047f3a3c205134b7bdc8b72d6c03	2949	T tools: generators, checks and their tests	tools: schematic and placement generators, their inputs (board tables, profiles), the checks and their fixtures
v2/ecad/tools/freerouting/ses_per_pass.py	1a501123ce602948da21db33f3a5e697df6fa9e4	dc218aca10c6c3c1c42d9867bab0b482ee81ae94519384ac2fffcb86867e021b	2851	T tools: generators, checks and their tests	tools: schematic and placement generators, their inputs (board tables, profiles), the checks and their fixtures
v2/ecad/tools/full.sh	ea14dd90c5f82cde414bf9f9aaf15facf69b87be	55018f7bb60a060e758a4c5aca26cb0dda0c7ab9bc79733b42d138d0321b2035	43413	T tools: generators, checks and their tests	tools: schematic and placement generators, their inputs (board tables, profiles), the checks and their fixtures
v2/ecad/tools/full_a22.sh	8b30576713e90b794b7b7e55f178e30fce355ed5	dd49fc3059ef852605e7a7c577281eb784b2686cd1207e4af9646e986cadd26a	320	T tools: generators, checks and their tests	tools: schematic and placement generators, their inputs (board tables, profiles), the checks and their fixtures
v2/ecad/tools/full_b16.sh	11c29b98473e0ae9e026e0d81ad55683c94f9f9d	b8ceae0346e1a7a56019ed786f7e7b4f794cc67e4738f065b3004e14d09b3c1e	356	T tools: generators, checks and their tests	tools: schematic and placement generators, their inputs (board tables, profiles), the checks and their fixtures
v2/ecad/tools/full_b19.sh	141b18f7bb0b9cc447542dfb8ddb58f8ce4287fe	2fa355320f75a021e6e75f13c6dd2b35b4f3f97c6f10f60b4d9e2212669612eb	911	T tools: generators, checks and their tests	tools: schematic and placement generators, their inputs (board tables, profiles), the checks and their fixtures
v2/ecad/tools/full_c7.sh	4cf10e6648d6415e1f92bde9637848efdb96aabc	5e65f4dc0f3d4fd35d0c3a049ce0e862e1107975402e080e496e2e5280bd84e9	329	T tools: generators, checks and their tests	tools: schematic and placement generators, their inputs (board tables, profiles), the checks and their fixtures
v2/ecad/tools/full_d8.sh	f81fa75daaf46debd12984edce98dbce88f16a8b	27e092de6500309c9cb4efb58a5d36ca55c048feb0ba6a0eb940fe56e637df28	329	T tools: generators, checks and their tests	tools: schematic and placement generators, their inputs (board tables, profiles), the checks and their fixtures
v2/ecad/tools/full_e6.sh	724ef828e1dd67c6eef8d59d76011dd820956a8f	66e3168e7ea82a3f6b86ad33b433a7edf4632a577708fb66b89c618700cace9e	320	T tools: generators, checks and their tests	tools: schematic and placement generators, their inputs (board tables, profiles), the checks and their fixtures
v2/ecad/tools/full_p1.sh	909a97464f6fee08877d051ce855aef15af16333	d4f61bddde2eccfec4ee79a692d1000f084c5fa3ebc5707ca799771b8ff9ae9f	329	T tools: generators, checks and their tests	tools: schematic and placement generators, their inputs (board tables, profiles), the checks and their fixtures
v2/ecad/tools/gap_closer_checked.py	c794244abe2502db3af377e772b926e6fc9cdc06	f701746b2b8c7fac5d975e1749b8615ddcdaf38ef88d6d26b35f37a7dc80afc9	4661	T tools: generators, checks and their tests	tools: schematic and placement generators, their inputs (board tables, profiles), the checks and their fixtures
v2/ecad/tools/gate_sweep.sh	9f9f8ad70619536fff519340e28aaddec4e3b8cf	9debe0f574fdd967ee54bab390bac95ed6ffb53606c85ca745ac3380c8a50017	27567	T tools: generators, checks and their tests	tools: schematic and placement generators, their inputs (board tables, profiles), the checks and their fixtures
v2/ecad/tools/gen_footprints_b16.py	da38de8eea6e2e789c6d91abc49e87e5e313fde2	e0ad5ba833f1d16968cd82d05b407ab062292c6b2d935b42406d7c9d4261b363	21430	T tools: generators, checks and their tests	tools: schematic and placement generators, their inputs (board tables, profiles), the checks and their fixtures
v2/ecad/tools/gen_footprints_e.py	c8c5f853775ee387dda1041b0537e1a7d3a67904	1c1fab411acfa1d5afbad4c604c85ad910e1f113e666a991750f1d3290d89e6e	5442	T tools: generators, checks and their tests	tools: schematic and placement generators, their inputs (board tables, profiles), the checks and their fixtures
v2/ecad/tools/gen_footprints_idc.py	75613477f598858563fc4d3e1f734cb60c7c2999	17716f42fc0824a523eeafed40d635a27b093f6ad331e4e45e7b2a03d7db038d	3262	T tools: generators, checks and their tests	tools: schematic and placement generators, their inputs (board tables, profiles), the checks and their fixtures
v2/ecad/tools/gen_footprints_panel.py	ae70dd810eab706faa02ad26002a717e4a7f49fb	8291174d7f0a2993fbdf9fcdc611bac94c242a8689d342827fc8c0b47cbc7ee6	17443	T tools: generators, checks and their tests	tools: schematic and placement generators, their inputs (board tables, profiles), the checks and their fixtures
v2/ecad/tools/gen_pcb_a.py	d96072be5bf216b09aa6529f6c06bd99e8dc4cde	2101683401aa426d8e66d1675c50e9224ddf2e30c410a5366402d74f7a81c6b8	16564	T tools: generators, checks and their tests	tools: schematic and placement generators, their inputs (board tables, profiles), the checks and their fixtures
v2/ecad/tools/gen_pcb_a3.py	d908f55735cbf4e4edae43d8e7b4f270afe5dca6	70068b0ab12bdfc9faa966a0546e2a011d1d571f85287b5ff7608e2aa610621b	98793	T tools: generators, checks and their tests	tools: schematic and placement generators, their inputs (board tables, profiles), the checks and their fixtures
v2/ecad/tools/gen_pcb_b.py	52ca95a92c96344e0355309a8779cec2c7128444	62149b7680d6270836fbb77f3b9e2def887b135e91648f8bee809b2645e51c97	16895	T tools: generators, checks and their tests	tools: schematic and placement generators, their inputs (board tables, profiles), the checks and their fixtures
v2/ecad/tools/gen_pcb_b3.py	8af424c42f9f6fd1f29e2c04c09854cfcdf0b6c0	4eab2ebd84877034513f41550d28effb196b180578310954c32ebbf179f45605	50993	T tools: generators, checks and their tests	tools: schematic and placement generators, their inputs (board tables, profiles), the checks and their fixtures
v2/ecad/tools/gen_pcb_c.py	41ed0657eb240394ff85ef29f39180f5137d2034	320860dd22128923f1e8aa54bfabad2eb3d137eaeb2986bd014f067fd88f63bd	14779	T tools: generators, checks and their tests	tools: schematic and placement generators, their inputs (board tables, profiles), the checks and their fixtures
v2/ecad/tools/gen_pcb_c3.py	8f29c281595dc6b08ef6f2e65a4434e110087c3c	da72ab3f986e1355dfc6029954b56b5695eb90e507a8d4336caedac51eb1244b	21279	T tools: generators, checks and their tests	tools: schematic and placement generators, their inputs (board tables, profiles), the checks and their fixtures
v2/ecad/tools/gen_pcb_cring.py	2d1b93883f42d4e6d40c71308371af99c9d230ba	6e40fc67398d1ba328480b2fb6ac2e372bb6ec9970fb8e77282097469bd0445c	3378	T tools: generators, checks and their tests	tools: schematic and placement generators, their inputs (board tables, profiles), the checks and their fixtures
v2/ecad/tools/gen_pcb_d.py	74b3a8917e301420794177d7d00a66e8f90b1b5a	2061c907762c1eba075013d9698b5329ebf756df4a1235d1684429ae1fc604e8	10892	T tools: generators, checks and their tests	tools: schematic and placement generators, their inputs (board tables, profiles), the checks and their fixtures
v2/ecad/tools/gen_pcb_d3.py	4740d89311949890a934a3b963f5a07fc73f6108	85ee3a3677222429e99f613bb809b67c5fa76677ad3eab5bbe66605e47203453	42501	T tools: generators, checks and their tests	tools: schematic and placement generators, their inputs (board tables, profiles), the checks and their fixtures
v2/ecad/tools/gen_pcb_e.py	9db78f9afd38533f6209ef212dd69565ea541d87	46f16a8c3924d25f80340e31cc65a58fb829fd60d4086a33696f715ef85b5b52	15089	T tools: generators, checks and their tests	tools: schematic and placement generators, their inputs (board tables, profiles), the checks and their fixtures
v2/ecad/tools/gen_pcb_e2.py	633ea81793307565224144a840425c90e61f8563	5fd30718502924fe7833ae2ecfc149a86b988b1db79fd41ae9d58697d955c731	5145	T tools: generators, checks and their tests	tools: schematic and placement generators, their inputs (board tables, profiles), the checks and their fixtures
v2/ecad/tools/gen_pcb_e3.py	1d76f0dde929b35eca2402578fd537f58f0e6fd9	3a8eb81d3f58e0a5650d76595559670077a4aac7248ac937a5ff4a61aec9854d	48750	T tools: generators, checks and their tests	tools: schematic and placement generators, their inputs (board tables, profiles), the checks and their fixtures
v2/ecad/tools/gen_pcb_e5.py	0a3232644a64e1533504652513a3bc67e0ff9885	3ecfcb5ad2d57f6500d424242f82123bc700e5b334d181aaf62cebd80a47967e	11856	T tools: generators, checks and their tests	tools: schematic and placement generators, their inputs (board tables, profiles), the checks and their fixtures
v2/ecad/tools/gen_pcb_p.py	3ac2a11b3c40dd1fc1bce1540c33e935e807f8cd	091919dfe5c7da2e27c394c45fe9ff9750d07b34ce5af5570255464c31f8ac74	10611	T tools: generators, checks and their tests	tools: schematic and placement generators, their inputs (board tables, profiles), the checks and their fixtures
v2/ecad/tools/gen_pcb_p3.py	c2001a40f3b5d8c704ce3cc8112138be499b0208	97c9f2e522e41e07efac1270d97000374549059005e87ebae5368372d5b2c2e5	38438	T tools: generators, checks and their tests	tools: schematic and placement generators, their inputs (board tables, profiles), the checks and their fixtures
v2/ecad/tools/gen_sch_a.py	c38568f0cdaff494ed7de2cd110d356a5ed7ff01	5af29bbcf27bb91a01d1cd9df2e89ab7f1aa36b0631597965849f21231390d2f	196532	T tools: generators, checks and their tests	tools: schematic and placement generators, their inputs (board tables, profiles), the checks and their fixtures
v2/ecad/tools/gen_sch_b.py	4121c659039eccf7ea7ce4224749637e9aa04542	6957adda1bb5f23a03b1dcd85959b741f189fa6b20db7e24af2b67defcedc5fe	236425	T tools: generators, checks and their tests	tools: schematic and placement generators, their inputs (board tables, profiles), the checks and their fixtures
v2/ecad/tools/gen_sch_c.py	8d3e7a63aaa0e2d9dedb913b6ee9b00d0c6ee9cf	7c555c07abc97500751fb15876b38532cccbc3f6bc9feb0a5f6d64aa329b2a79	63045	T tools: generators, checks and their tests	tools: schematic and placement generators, their inputs (board tables, profiles), the checks and their fixtures
v2/ecad/tools/gen_sch_d.py	62004373f59b720434cdf2dec5ed05b00329f7c2	3fe8e91a43a04713e1e314d89dcdc83b47ce7bfc9f849d83441a0d60ba3e7490	129942	T tools: generators, checks and their tests	tools: schematic and placement generators, their inputs (board tables, profiles), the checks and their fixtures
v2/ecad/tools/gen_sch_e.py	d23e40d19aed684e58228096513e965a1ca10282	59abd6365b94c2d696cf1eda3644b8de9ed70f913bfeab475e2029a9feec83b7	117886	T tools: generators, checks and their tests	tools: schematic and placement generators, their inputs (board tables, profiles), the checks and their fixtures
v2/ecad/tools/gen_sch_p.py	702f312441b232768cb75ede86c00e29cac90bc0	91ccbb922c427d43072160db9b44b720b55c2bf2644f66043ed26fbd07096366	75242	T tools: generators, checks and their tests	tools: schematic and placement generators, their inputs (board tables, profiles), the checks and their fixtures
v2/ecad/tools/gnd_grid.py	3207c2cca489ff3aa0af9d799f4fa25121fdcac7	3e2fd3b9b0ca56d41cf438c21f22d11b574afbc8ea2315146b320b3b2ecb7f95	7049	T tools: generators, checks and their tests	tools: schematic and placement generators, their inputs (board tables, profiles), the checks and their fixtures
v2/ecad/tools/ground_system.py	455d16483c7db568aeb7fbc185d3a3c808d83601	228e0a905a75b254a42d4bf6b93264e5f9cd9a3ac8d943122766dda879c4ff56	8642	T tools: generators, checks and their tests	tools: schematic and placement generators, their inputs (board tables, profiles), the checks and their fixtures
v2/ecad/tools/guarded.sh	b158a874115c504cfe909d54b99a33fa3d2ece7d	9c8734c979b122dadb6d1c160a08a0b38596807abcbac65e82427400eac4e843	4637	T tools: generators, checks and their tests	tools: schematic and placement generators, their inputs (board tables, profiles), the checks and their fixtures
v2/ecad/tools/hand_route.py	44006f179105935b0532d01d5a00c43e76b7b065	d3f7fc3ae425479ecd4889610515c164cb916938cfb0f67b09b55973b32ea793	3877	T tools: generators, checks and their tests	tools: schematic and placement generators, their inputs (board tables, profiles), the checks and their fixtures
v2/ecad/tools/handover_exports.py	5dc0825c8cc50535f5c742b9bad1e639e8d77c58	dc212f1b06ae34149b643425819dea6d4d85bbb078545b16e4f7c0534f98d69b	17873	T tools: generators, checks and their tests	tools: schematic and placement generators, their inputs (board tables, profiles), the checks and their fixtures
v2/ecad/tools/handover_pack.py	c05f9ddf8f2f12e7e80fd2ae33dd7550bc487fa9	3d3eef49324e5e8ca8e6bfe129aae5a97468176f26615073815474802bb10f6f	39201	T tools: generators, checks and their tests	tools: schematic and placement generators, their inputs (board tables, profiles), the checks and their fixtures
v2/ecad/tools/hardset.py	13278c9bf3d94f5a5d5e16a30b1468d6fb166e7b	be29a44c4a59287688687c1875bcce0cf39922771e2ab8a549917ffdb1b951c1	15123	T tools: generators, checks and their tests	tools: schematic and placement generators, their inputs (board tables, profiles), the checks and their fixtures
v2/ecad/tools/idc_pads.py	9e3a82c70b38a5285c9d1de870970068e12155a4	359895768625712d2a350eb782f9faaf8980b73ad09bfb2968bf951c470469bf	1810	T tools: generators, checks and their tests	tools: schematic and placement generators, their inputs (board tables, profiles), the checks and their fixtures
v2/ecad/tools/impedance_2d.py	49a4b6475419e92afa4d3dad3364b0d72df32096	91142adb857630946872bde3c0e638011ccf337fda50736f504a67d087bc6b9b	9318	T tools: generators, checks and their tests	tools: schematic and placement generators, their inputs (board tables, profiles), the checks and their fixtures
v2/ecad/tools/impedance_check.py	8f0283de49f8afb02266082113f3fda888ef2937	e2495a04e16fc600c8366084953e02a7b15786f0ec8a9ab9de6badb249eb825a	29559	T tools: generators, checks and their tests	tools: schematic and placement generators, their inputs (board tables, profiles), the checks and their fixtures
v2/ecad/tools/intent.py	2e6767d86198c85402b20e8830a6c8cf18725a4e	f1ac033e0f3c10f1d33b4a1f8f19653d1ba8dd47e089fcce53a29c16fe5d2b2c	27733	T tools: generators, checks and their tests	tools: schematic and placement generators, their inputs (board tables, profiles), the checks and their fixtures
v2/ecad/tools/intent_checks.py	5685c677b36c49cd0825a8347ed1ef214d29b9ac	1ad7af0c718ba940329196aa5f02364400763f187a37e0c8dfebb6eb606e44f8	115996	T tools: generators, checks and their tests	tools: schematic and placement generators, their inputs (board tables, profiles), the checks and their fixtures
v2/ecad/tools/interfaces.py	534cb7750fb6dece8ae494d0ad86039988d3006a	7b7e4f3a0241cf355092bfa5c66108beb8866feb211452a6b7a5380d20c2af81	18566	T tools: generators, checks and their tests	tools: schematic and placement generators, their inputs (board tables, profiles), the checks and their fixtures
v2/ecad/tools/jitter_campaign.sh	f9d900928bc3a79270a10a8d75468c11259cba8b	722ff51a22e78178c09ef4d51aa9c33637f69fc2a0b997f73dfb642652bb73cc	3665	T tools: generators, checks and their tests	tools: schematic and placement generators, their inputs (board tables, profiles), the checks and their fixtures
v2/ecad/tools/jlc-handfit.txt	28eb2dd8f03041572b93b29c364ba15df26bc5da	af72c7e248a949d022b2c9353666fbb5df394b9c1faaad0a03a62094dec43b49	10486	L6 layer 6, components	part data: fuse derating tables, part temperature grades, blocked and hand-fit order codes, package and pad aliases
v2/ecad/tools/jlc-mismatch.yaml	ca567c1c7dd881e327c753998fc3c684d818d05a	31b82bacb31ca7efaac19627ebc97e1e7c2649c3cf1fa68e8fa513b7b61bca8c	9712	T tools: generators, checks and their tests	tools: schematic and placement generators, their inputs (board tables, profiles), the checks and their fixtures
v2/ecad/tools/jlc_certify.py	168d517396c0a8df0ac822ee44ee3d03fb812bb0	912efeb07aeb7781d634d97526b7b3ff3330405981a720ce32983e0c1cdeca50	98273	T tools: generators, checks and their tests	tools: schematic and placement generators, their inputs (board tables, profiles), the checks and their fixtures
v2/ecad/tools/join_adjacent_pins.py	75c0da2efa9b5a01144b3118c0023163087cc24c	28795ceaad93e319dc8060db02e5337ccec6b8d85d1610142ebb704201db8994	6994	T tools: generators, checks and their tests	tools: schematic and placement generators, their inputs (board tables, profiles), the checks and their fixtures
v2/ecad/tools/jumper_clearance.py	e2390fc753d5f91acd7aede0a56a574cfff9fbaf	301cee4a2c8db0d70badf987daad94718d0b03fda657cc1cb6fc6d6d1c9ca1b3	1457	T tools: generators, checks and their tests	tools: schematic and placement generators, their inputs (board tables, profiles), the checks and their fixtures
v2/ecad/tools/kb/README.md	a25ce652ed18186742e53ecbfe1ff1bdb1090854	38e9d63b4252dd9c23db2c12bd14f076818e756f87fbe645ff2207fedd835f9f	11412	T tools: generators, checks and their tests	tools: schematic and placement generators, their inputs (board tables, profiles), the checks and their fixtures
v2/ecad/tools/kb/geom_probe.py	3fb2b571cf253d98160ccbdb294a4b70730ac914	3eebc4d99f7cf8655d3f6b4f15e049e2b361ac2e95b1f8fbd83d7608cbfeaba9	15302	T tools: generators, checks and their tests	tools: schematic and placement generators, their inputs (board tables, profiles), the checks and their fixtures
v2/ecad/tools/kb/gold.json	ae9dd588f9ecbaf1611e322ede3795c078875ebe	c18efac4bca6a6216ec6a4dd1a0bda02baac497ce3b07150fa523dd4ac91245c	4133	T tools: generators, checks and their tests	tools: schematic and placement generators, their inputs (board tables, profiles), the checks and their fixtures
v2/ecad/tools/kb/kb_confidence.py	6ee32cbe4e4f5a85dbff50620f1bbee9a524d249	8fc38041295994418905b32fa9600ee28f4d97f6bdfc1af7080fdf2ea737f58b	3605	T tools: generators, checks and their tests	tools: schematic and placement generators, their inputs (board tables, profiles), the checks and their fixtures
v2/ecad/tools/kb/kb_ingest.py	7cda7e209f908e47aaddf71e9c1d6e548ca0c3f9	3b83de6ba7ffd800dc4d4b477ffa4d20392e6f842b5752ea5a5b57f570f76308	16735	T tools: generators, checks and their tests	tools: schematic and placement generators, their inputs (board tables, profiles), the checks and their fixtures
v2/ecad/tools/kb/kb_inventory.py	6bc992803701b214dd7c13b9dfb824682f035834	f6c93b35caea63f753f9e553d622f13a184fdd803e76c1f6de92234dfcc1547c	20695	T tools: generators, checks and their tests	tools: schematic and placement generators, their inputs (board tables, profiles), the checks and their fixtures
v2/ecad/tools/kb/kb_ocr.py	9cda0de056ef24bc869806fd26f2f7c6b009b1cc	810b3fa01d0510643c217ab94a62b56115cc763ed3bc259a602ae1425a40ece0	5545	T tools: generators, checks and their tests	tools: schematic and placement generators, their inputs (board tables, profiles), the checks and their fixtures
v2/ecad/tools/kb/kb_parts.py	c37ab770b4f095e8ea31cae0a48b5a7128755729	5d9aa856c680b50c2b06396b9dd8ba9ca973a8c8e45914a3c43d98ec1815b33c	12802	T tools: generators, checks and their tests	tools: schematic and placement generators, their inputs (board tables, profiles), the checks and their fixtures
v2/ecad/tools/kb/kb_recall.py	ca01d627d723d3b9a9ec67f2684e59e5164919bf	8ea42d7111992e63272d507fea475fef98857e252887a99a654012cfc7936072	7460	T tools: generators, checks and their tests	tools: schematic and placement generators, their inputs (board tables, profiles), the checks and their fixtures
v2/ecad/tools/kb/kb_recheck.py	e050f981dc865a92adab6635d285194956d00e30	dd0d639f7eb317fc70b2bebf31b7ef48fe02cb30dfd90feb80581223f0662b9e	5368	T tools: generators, checks and their tests	tools: schematic and placement generators, their inputs (board tables, profiles), the checks and their fixtures
v2/ecad/tools/kb/kb_search.py	dd58952f6656b9fae871fe437cd2f4eb3e624868	84e53d8c6a010b026a1d131fe6ef24e94605fe82d1efc2d3208dcc3740d0bd93	16130	T tools: generators, checks and their tests	tools: schematic and placement generators, their inputs (board tables, profiles), the checks and their fixtures
v2/ecad/tools/kb/kb_verify.py	ce3d7ab523a71438d68e5df7c3b9e2dad1dfffaa	40b19eaf8607802006a79afa00720dc0a5a27b6c5a86240a19a95c24d37d91fd	16438	T tools: generators, checks and their tests	tools: schematic and placement generators, their inputs (board tables, profiles), the checks and their fixtures
v2/ecad/tools/kb/kbdb.py	b8abfac5a4109d7bff6ee6599f5f635f1b0d400d	f91d609aa978501a1f448c90047c299fec232d5e2dd4a2fad330ef109f724889	967	T tools: generators, checks and their tests	tools: schematic and placement generators, their inputs (board tables, profiles), the checks and their fixtures
v2/ecad/tools/kb/kbembed.py	00cfdaa52ea64b0509bd6c3bf114c08491d0e9c9	a06d8507ff2d2475089f88dac0ff263514ae6251b201a6bf3905a1928e523106	2385	T tools: generators, checks and their tests	tools: schematic and placement generators, their inputs (board tables, profiles), the checks and their fixtures
v2/ecad/tools/kb/kbenv.py	9204c9123b58faa1f31bc43a3d1b78cd2d3ca51b	01b67af139ee23aaf2e7f52f65522a1c9d159b1d95a0bcb631e6e8f82eef3a7c	2028	T tools: generators, checks and their tests	tools: schematic and placement generators, their inputs (board tables, profiles), the checks and their fixtures
v2/ecad/tools/kb/schema.sql	9b8b2a23faa74e8f89ecc7592427275b54ec76a4	d6689fb8345601087771e574779902e67f7950fb4c9c59309066a3f7884b9b78	6451	T tools: generators, checks and their tests	tools: schematic and placement generators, their inputs (board tables, profiles), the checks and their fixtures
v2/ecad/tools/kelvin_check.py	8da117ed1de31178b486b8e2942ff6184d766e39	d35bb8029dc17a47e1357035dde95d03703e2b74483a567ee4d401f423377741	12370	T tools: generators, checks and their tests	tools: schematic and placement generators, their inputs (board tables, profiles), the checks and their fixtures
v2/ecad/tools/kicad_compat.py	9ddbab859863769885aafce6030520014f500ea2	6b8f77490466e9390ba07f52bafcd23d413b2eda40aa1839f0592c0c67ef3854	1326	T tools: generators, checks and their tests	tools: schematic and placement generators, their inputs (board tables, profiles), the checks and their fixtures
v2/ecad/tools/kisch.py	ba52c7b14e811769794aaed1efa09611b1dd3a04	3e28374d15be25e07334f06af3188320cb88dacfa4ae98b2928f97598db6a661	38764	T tools: generators, checks and their tests	tools: schematic and placement generators, their inputs (board tables, profiles), the checks and their fixtures
v2/ecad/tools/layer_audit.py	dfb71f57a4284f9b22e227535ecddd6cb494d0bc	9917f74775d32ca8c91750d28925d16ac691795200bbb8e2427d76386f942c34	8217	T tools: generators, checks and their tests	tools: schematic and placement generators, their inputs (board tables, profiles), the checks and their fixtures
v2/ecad/tools/layer_judge.py	adaa2711a073f74cfa501e36424374ecd15beb8f	e16df978b7598499992dc7ed1269e3adb13bc6e07b90ef68ef101af7d4639540	14102	T tools: generators, checks and their tests	tools: schematic and placement generators, their inputs (board tables, profiles), the checks and their fixtures
v2/ecad/tools/lcsc-blocked.txt	9971b79c0d7fef12f0ae905d84dee8d97c2964c7	b0139eaffacb68018d125aab72bc401042e99dc1e9735f41b89a9cde59c398b2	5894	L6 layer 6, components	part data: fuse derating tables, part temperature grades, blocked and hand-fit order codes, package and pad aliases
v2/ecad/tools/lcsc_fill.py	c50c100183f9e3d1b88dbb6225e70fd47d2ace72	b209f9d6d241e7bab447656254f9a8308f61822d4aa0c223753ab711e1b45841	32872	T tools: generators, checks and their tests	tools: schematic and placement generators, their inputs (board tables, profiles), the checks and their fixtures
v2/ecad/tools/ledger.py	c3e41dfc6a83ee1471d04cde2cee441e14659c2d	eb9889804ee12f9a28b2909dad883796d6b37c4906865779f41e42f6cbb9c247	6365	T tools: generators, checks and their tests	tools: schematic and placement generators, their inputs (board tables, profiles), the checks and their fixtures
v2/ecad/tools/ledger_verify.py	4d5d1845de09fccc35ce4e5b5c117d8723798da5	8a1fec2b2b28703eeb9c99ac84ff1935a602d889a5000c5de1531ea58b832615	5815	T tools: generators, checks and their tests	tools: schematic and placement generators, their inputs (board tables, profiles), the checks and their fixtures
v2/ecad/tools/logo_meshsat.json	fc3c3a291b164d63a8a01e9e90631b11b38019fd	b89b8253ec9daa4d97b0f913e7675596ca2e7a437da574080212aad9601bdb12	36231	T tools: generators, checks and their tests	tools: schematic and placement generators, their inputs (board tables, profiles), the checks and their fixtures
v2/ecad/tools/logo_silk.py	cd3f1fd9ad84fbd77a7e79178559dcfed7a01be7	95d828892ce04a69b04a08da3cc7879ccef967accc9976e03bcc1105462e5825	2301	T tools: generators, checks and their tests	tools: schematic and placement generators, their inputs (board tables, profiles), the checks and their fixtures
v2/ecad/tools/logo_stage.py	477725242c27ec80ecee3c59b04df84a3893b0a1	8b760463ab39ee7187119caa590e5a50d193a70ea548f53fd6056d7b3df24c76	2992	T tools: generators, checks and their tests	tools: schematic and placement generators, their inputs (board tables, profiles), the checks and their fixtures
v2/ecad/tools/long_route.sh	159b6e7051522d83c676c554a2f11c417afb9e2f	4dc13b55905070f32d5089e0ae72a16afe2307a90eccfc4cea99bf6ba577bbd1	1651	T tools: generators, checks and their tests	tools: schematic and placement generators, their inputs (board tables, profiles), the checks and their fixtures
v2/ecad/tools/make_handoff.py	ab00c92347c9f1caf31148392216f0fd4b25c4b4	2ce921c595ff5a8fddf8bc71cf0050003bbfe6f40a62b744b151d086f7dfdb01	51916	T tools: generators, checks and their tests	tools: schematic and placement generators, their inputs (board tables, profiles), the checks and their fixtures
v2/ecad/tools/meander.py	eb698b33ae3ec6a50c1d0685a55fc9170820c525	e92f64ee5288d9a5fbd6ed1fc57c53499d33424f9022531b84143a4f2e551f64	9383	T tools: generators, checks and their tests	tools: schematic and placement generators, their inputs (board tables, profiles), the checks and their fixtures
v2/ecad/tools/net_tie.py	a5b6f9b2766f06b20a6773f50b4129bef051468e	4dfadb886b5eed72f6142c25f64fff62d53ce5c8bf16390099750d725629eec7	834	T tools: generators, checks and their tests	tools: schematic and placement generators, their inputs (board tables, profiles), the checks and their fixtures
v2/ecad/tools/netclass.py	efd39be545e3e84c76704868de504f1e7978456c	4cc1adf0ddae03908f37d06abf5e93363623015cf602c67114ddb4fbc57068b0	2288	T tools: generators, checks and their tests	tools: schematic and placement generators, their inputs (board tables, profiles), the checks and their fixtures
v2/ecad/tools/netlist_board.py	da080e375d06e61d0d15c04dec01e66177646047	655bc402d36b0fa571a08552791ef9c136641c11897b940bbc4dd8410d78efa2	11507	T tools: generators, checks and their tests	tools: schematic and placement generators, their inputs (board tables, profiles), the checks and their fixtures
v2/ecad/tools/netlist_parts.py	68e08515584ec0129aaebfb4c9dcfb48c57b36a6	41cf192223d822c203c5f2544418169b91478febb3ef494dddf8717a75559141	9683	T tools: generators, checks and their tests	tools: schematic and placement generators, their inputs (board tables, profiles), the checks and their fixtures
v2/ecad/tools/open_pairs.py	41236d4887db781c8e8ed7b6efb91a66ef47eb19	bf578f7e52ffc073fb739c17d96543933f6279ba329f5a42dfdae74ed8cfab97	11284	T tools: generators, checks and their tests	tools: schematic and placement generators, their inputs (board tables, profiles), the checks and their fixtures
v2/ecad/tools/order_readiness.py	b18a357ea468a25842189e94b8f5411ad5d82106	1db6ff95f09997267afe458562e6e65e95ada3194bf624bdc78f43f15fc31911	17636	T tools: generators, checks and their tests	tools: schematic and placement generators, their inputs (board tables, profiles), the checks and their fixtures
v2/ecad/tools/pack_protection.py	3a33aa81ba71f8e6c6c333e34f753981cc848cda	bcd644b9822c724dc2689a4b99940a53443a5abf048f33c7fe8e7509c261a218	12296	T tools: generators, checks and their tests	tools: schematic and placement generators, their inputs (board tables, profiles), the checks and their fixtures
v2/ecad/tools/package-aliases.txt	ca69e5cc4ac7defb3d85e9292194f741369f399e	b5a8c03737f0db2a57bdd84bbf4b22d171c3633ea2d82c12d72c1accea60eddd	2507	L6 layer 6, components	part data: fuse derating tables, part temperature grades, blocked and hand-fit order codes, package and pad aliases
v2/ecad/tools/pad-aliases.txt	bcab6a6bff7eed34f993370a98c9a441ab7b7b98	f22f7316fcb3c526100ef93cbb479e433cfff956a3d87f9898c32a30734e6856	1169	L6 layer 6, components	part data: fuse derating tables, part temperature grades, blocked and hand-fit order codes, package and pad aliases
v2/ecad/tools/pair-header-allow.txt	96c7c651a6cbec3aa0c365143b25dcfa45fb99ad	84703ea60fede2f59f718aeaa5df3559dffe5f708aff9ebcbbebb8c97ffd15c2	882	T tools: generators, checks and their tests	tools: schematic and placement generators, their inputs (board tables, profiles), the checks and their fixtures
v2/ecad/tools/pair_audit.py	48983f7edaade540a0bf59dda008aa1a07a6cfc2	f16d3048347a0b92a7af6ce104208a8fb33fd3f79faf54e605b3af42f2dc35dc	4099	T tools: generators, checks and their tests	tools: schematic and placement generators, their inputs (board tables, profiles), the checks and their fixtures
v2/ecad/tools/pair_gate.py	c3df9bd70b52a4034bd459838092a80b089ea444	9317252be1a179b7ea33f0330df4fa40edb228363bb25770b366c83725f1dfa8	4343	T tools: generators, checks and their tests	tools: schematic and placement generators, their inputs (board tables, profiles), the checks and their fixtures
v2/ecad/tools/pair_match.sh	18dd39b86c7711fac55e0b99d2b0ef3e308e7e83	d7859d10a3558e79c6745794069725d60d5cbe21a190797282d940ccee272d3c	4868	T tools: generators, checks and their tests	tools: schematic and placement generators, their inputs (board tables, profiles), the checks and their fixtures
v2/ecad/tools/pair_negotiate.py	32a002c29493d8c8d8162a76a5aab4c9ecdb3164	efe69899dbc098cd0720fa27eaf33cead6c045b351696cdb3d4bd5cb11caa93d	5534	T tools: generators, checks and their tests	tools: schematic and placement generators, their inputs (board tables, profiles), the checks and their fixtures
v2/ecad/tools/pair_order_from_plan.py	fc91196c4397ef1b651c42f602000fdf1fdee9db	c513ff778268ae0a6383a59809ba315f5980496493c525cbf5cb3f3572eedab7	2257	T tools: generators, checks and their tests	tools: schematic and placement generators, their inputs (board tables, profiles), the checks and their fixtures
v2/ecad/tools/pair_passes.py	06a0844599b7e3bc633e9fb9ba8933b9b1990430	0a4bc9fd88af00372fb67ad17668effe0c584ff5c2b041275228d11ec840e210	3065	T tools: generators, checks and their tests	tools: schematic and placement generators, their inputs (board tables, profiles), the checks and their fixtures
v2/ecad/tools/pair_preroute.py	9a78793c37925c2973cfd11b05f6a4103c0309d2	2d8cee839a0a85a7c9d8a00127c25bad6981c9b80839565e7b300787572e3ac1	171824	T tools: generators, checks and their tests	tools: schematic and placement generators, their inputs (board tables, profiles), the checks and their fixtures
v2/ecad/tools/pair_prune.py	d20cc3f3a6ae3ae5e5cc861fa3074b53214f289b	b2df4543fe2cd240e00a823fb4f4094aa382b68f1a0a3bc992cea93e6fb5a545	5131	T tools: generators, checks and their tests	tools: schematic and placement generators, their inputs (board tables, profiles), the checks and their fixtures
v2/ecad/tools/pair_report.py	f2a9ae03de75f7cbfe027a32445d965be3769f5d	a183099e9cf4015d9095739bb0f49800a7c55145bbfe7d8d9f22f0f7dc9bccf6	5119	T tools: generators, checks and their tests	tools: schematic and placement generators, their inputs (board tables, profiles), the checks and their fixtures
v2/ecad/tools/pair_router/__init__.py	8a6f6b270d6286454ba89f9b1c55281cbdda8840	984b9e9afdd5352e2ff2ab5ae687fcfd31b784f3cf5a630eef31744ee21c01a4	918	T tools: generators, checks and their tests	tools: schematic and placement generators, their inputs (board tables, profiles), the checks and their fixtures
v2/ecad/tools/pair_router/config.py	f13d6241dc21bf95c24db3d86d59c56e17f100ef	0d5c091b066032f0c53a920a43a4fd7383100b249d5a06c0d4af13ab30d3a936	9579	T tools: generators, checks and their tests	tools: schematic and placement generators, their inputs (board tables, profiles), the checks and their fixtures
v2/ecad/tools/pair_router/geometry.py	55ad93ce554e42616dfae22da836ec22b9c1c61d	8434b1222f69aacfc9c32328bfbbe3f22d4bffe3f75e6e5f6053b6b7789f5d7f	8226	T tools: generators, checks and their tests	tools: schematic and placement generators, their inputs (board tables, profiles), the checks and their fixtures
v2/ecad/tools/pair_router/occupancy.py	351d138c348edea2959a28963ec7b50194fedf1c	08be03bd8fc9dc30030174d4160828bb0e0673cb129826a13b39af3d50bda03f	26483	T tools: generators, checks and their tests	tools: schematic and placement generators, their inputs (board tables, profiles), the checks and their fixtures
v2/ecad/tools/pair_router/search.py	006354f73a9ed9da13a674546e150b5f0712b379	163ab69ee6f4221b3aac9c6559520efd5349ff12395ecfa2917ebf516e6c7476	14060	T tools: generators, checks and their tests	tools: schematic and placement generators, their inputs (board tables, profiles), the checks and their fixtures
v2/ecad/tools/pair_shadow.py	246cdca447895676a8f499b2a20834d0e2b33f36	b840363ca613988b640ca068448a89053e39c4cc016b3da2f48c8c9c1d7ae5d9	7843	T tools: generators, checks and their tests	tools: schematic and placement generators, their inputs (board tables, profiles), the checks and their fixtures
v2/ecad/tools/pairsearch.py	9e805ff2f49dcbad2f49e699915124d118a860e0	8fb4d320e19a011d24ddd41c96f04a609cb5b95f63ab97dee26a92b74a55a9d5	16070	T tools: generators, checks and their tests	tools: schematic and placement generators, their inputs (board tables, profiles), the checks and their fixtures
v2/ecad/tools/panel1450.py	cb5a200703cd4e86144659adb18e972c6048f608	3bdb88df9826024484326e8e7d67c74789ae20f610ce3e4ed69988bfc9f0340f	38937	T tools: generators, checks and their tests	tools: schematic and placement generators, their inputs (board tables, profiles), the checks and their fixtures
v2/ecad/tools/part_reconcile.sh	d0c2204bc1dfe74154368017aa94ca1948a86216	79d30e781c5b6a6348d3e961eff39d255b6d672379e1948b42a59b45a1697339	2455	T tools: generators, checks and their tests	tools: schematic and placement generators, their inputs (board tables, profiles), the checks and their fixtures
v2/ecad/tools/part_room.py	4f796093ab53e0fb6ff257b3491d740662412d6b	188abd3fa801a6369e4a5826decb58dba6dea4659b433485f52b09d4b8816fdb	5154	T tools: generators, checks and their tests	tools: schematic and placement generators, their inputs (board tables, profiles), the checks and their fixtures
v2/ecad/tools/part_stage2.sh	7b708cf86229eab02481097f49985b4378192cdd	647d3355e924e1a986eeac3effac572e32c824d171f742bfaac1ead82df08a05	6013	T tools: generators, checks and their tests	tools: schematic and placement generators, their inputs (board tables, profiles), the checks and their fixtures
v2/ecad/tools/part_temps.py	136e184e8d6020323034af60452840ac215d161a	866356e85704b7b6937c195f94b1998a137c6e2c0af1017764ac233209d6c1be	10386	T tools: generators, checks and their tests	tools: schematic and placement generators, their inputs (board tables, profiles), the checks and their fixtures
v2/ecad/tools/pcb_board_facts.yaml	9ac30a61271aeb96984c3c29cd6b3a000dcde46d	07af4d0f2b16669488fde00758ce7ff5b70c75cfdf7c68019cf4ad1f98431c78	11636	L5 layer 5, partitioning and interfaces	board-to-board interfaces, per-board facts, the panel software contract and the hardware and firmware contract (HW-FW-CONTRACT, layer 5)
v2/ecad/tools/pcb_board_holds.yaml	09709fdb8557a5c880e448a0ec09302dcd45d978	cdeac27ab5f7802d334b4cad681ffda085ab590913a2f5abaa763c2e3c7da7dc	11666	L4 layer 4, system architecture (with the feasibility studies)	architecture data: the stored-energy chain, pack protection, board holds and the EMC sheet
v2/ecad/tools/pcb_closers.yaml	b470f556daae99d2eb81a090fa06022df253b5ba	f2aeeaae4ffd551a6affb19b2b9504675b6242d7c30acd0ad21ec086fe7d347b	17498	T tools: generators, checks and their tests	tools: schematic and placement generators, their inputs (board tables, profiles), the checks and their fixtures
v2/ecad/tools/pcb_decisions.yaml	2129bd85aacaf7ef94cdd1574721c40e55c1acbf	b5f7162443d5ad91026803a61eda47e3814060d8b2ac5d7b753a2f7126d859d8	132982	L3 layer 3, requirements (with the rule and decision registries)	requirement, rule, decision and stage registries (the one authority for each; the pages under v2/docs are rendered from them)
v2/ecad/tools/pcb_emc.yaml	70597460c6643cae2194e57c7a3160911ac63284	46282bc0c1ae331f958d5feaa4183f9a98a4da8be374325423013a4149bbb847	18457	L4 layer 4, system architecture (with the feasibility studies)	architecture data: the stored-energy chain, pack protection, board holds and the EMC sheet
v2/ecad/tools/pcb_energy_chain.yaml	591bf4c7c7e62de11280cd998ff28d70204ad333	a09ca0293afd1f7c553cbffb5b95bc33ae58688a4c20b8de65ec47c15d45996c	19978	L4 layer 4, system architecture (with the feasibility studies)	architecture data: the stored-energy chain, pack protection, board holds and the EMC sheet
v2/ecad/tools/pcb_envelope.yaml	ec274860d8a5c769b3e5f4d99371c89856c7c251	bbcc2b5cbb72137299f15c20218116b211b7aa524552483c997e181be3bc8f6d	16332	L2 layer 2, concept of operations	the operating envelope as data (read by part_temps.py and the envelope rules)
v2/ecad/tools/pcb_fuse_derating.yaml	9f5978d71adc9d57f918446b4894ad7c09947bc8	5d1f81e183dcad4933e07d1ded910146ee91f2868dcffa0498b87d479c1b4e54	3094	L6 layer 6, components	part data: fuse derating tables, part temperature grades, blocked and hand-fit order codes, package and pad aliases
v2/ecad/tools/pcb_interfaces.yaml	1aece562629fa2ac3ba69247f4528690aa91b312	a30b5d408a3dab93aea1d1c7d0228c41cb99e956597922f54ebdf5185a330ee3	97038	L5 layer 5, partitioning and interfaces	board-to-board interfaces, per-board facts, the panel software contract and the hardware and firmware contract (HW-FW-CONTRACT, layer 5)
v2/ecad/tools/pcb_pack_protection.yaml	7fdbb9d885b101e2ba9d5da979720f65c76c7cb7	1cd670d6c76856457441a73878c739a3578565769dbf0a6addc9d3c805e6a44c	11965	L4 layer 4, system architecture (with the feasibility studies)	architecture data: the stored-energy chain, pack protection, board holds and the EMC sheet
v2/ecad/tools/pcb_part_temps.yaml	7996e882ea6543ee9ba79a34a4b6edb52182bf3c	f1cefc3a48504a01acbc0a27bb6415db292e0c7fa365ddfb63e16de9429004af	6351	L6 layer 6, components	part data: fuse derating tables, part temperature grades, blocked and hand-fit order codes, package and pad aliases
v2/ecad/tools/pcb_programme_stages.yaml	0cdfd8de0866c7273ceb0b22d65db78939137544	c8ae5dc5f1f78990b75ef1fd23b89d9b8c41dd7d5874fd1e575ca6d8e393fc25	4537	L3 layer 3, requirements (with the rule and decision registries)	requirement, rule, decision and stage registries (the one authority for each; the pages under v2/docs are rendered from them)
v2/ecad/tools/pcb_reliability.yaml	9703cba4340beab838ae96b240e23dc70f570a86	fbf56eb06df1d007cb64650cfea708176f74f6d1687aa4350b5e63f87328a372	12016	T tools: generators, checks and their tests	tools: schematic and placement generators, their inputs (board tables, profiles), the checks and their fixtures
v2/ecad/tools/pcb_requirements.yaml	e215f819c47ee337366e26c839a422955262db69	9a3aed63341c8eaa6c975535b5e489e14cb1e4d762d978afaa3b0137814bd020	838998	L3 layer 3, requirements (with the rule and decision registries)	requirement, rule, decision and stage registries (the one authority for each; the pages under v2/docs are rendered from them)
v2/ecad/tools/pcb_rules.yaml	c5ab990b479c2e4445a6a66ddcc189eb8f55c162	30bfbbcd4cb418c5352b9883443853f558a51892d78515317ce51c445ce229ea	166119	L3 layer 3, requirements (with the rule and decision registries)	requirement, rule, decision and stage registries (the one authority for each; the pages under v2/docs are rendered from them)
v2/ecad/tools/pcb_rules_coverage.yaml	c751852384f28aab9a731f3396c998cd3b33caac	156445328ead4e5324945224167f23fdb917173d4f219091b2238ecd86b7edc2	196380	L3 layer 3, requirements (with the rule and decision registries)	requirement, rule, decision and stage registries (the one authority for each; the pages under v2/docs are rendered from them)
v2/ecad/tools/pcb_sensitive.yaml	e703e20027656598272eeef64db666a22ee8b0ed	a678892053cdd72bdd9095499c7cebef06e02f40c7ddf69ebf2e739cfbc0aabd	33172	T tools: generators, checks and their tests	tools: schematic and placement generators, their inputs (board tables, profiles), the checks and their fixtures
v2/ecad/tools/peli_probe.py	e2ebbb282b2471b9d09f5b3acb13cc01876ee40d	a5b6e40cad1e26ea631300ae575822093ac9d4bc819d1375cc498e2c680a1682	4628	T tools: generators, checks and their tests	tools: schematic and placement generators, their inputs (board tables, profiles), the checks and their fixtures
v2/ecad/tools/phase_artefacts.py	c12207972d9c6eb640f6673e937461e717cb68e2	96642ce767188c73afad2c5c0da93756b137ad9123c046c47d7d2cc15d1286b6	8920	T tools: generators, checks and their tests	tools: schematic and placement generators, their inputs (board tables, profiles), the checks and their fixtures
v2/ecad/tools/pin_map_lands.py	687cc66e5707070a83422d20406e87bf5c2f460f	89d2ad7c2bab8ba0f4c38741e64e4af3862decd158b66e98c891d906502ab060	7207	T tools: generators, checks and their tests	tools: schematic and placement generators, their inputs (board tables, profiles), the checks and their fixtures
v2/ecad/tools/place_audit.py	cca940ebfc827f01ad7fcb1b19746d721006d0d1	6e2f9bf7fe10fb159752c6f979104103025c55a690f6c9f946d599b4072c76b1	32870	T tools: generators, checks and their tests	tools: schematic and placement generators, their inputs (board tables, profiles), the checks and their fixtures
v2/ecad/tools/place_jitter.py	3c7760e218276f26d701acb295c3eadf67727716	0deff640d996e518cc094099caea9504a430b23bc19ad8f8c8aba86f28a5410d	2706	T tools: generators, checks and their tests	tools: schematic and placement generators, their inputs (board tables, profiles), the checks and their fixtures
v2/ecad/tools/port_protect.py	a9c6132bb5a5d38152c9566880d83d92a1b23979	2d69facd3c25c8a46f3ee8457b511b840edca13d50b19f18d88f5817c424e9d4	42347	T tools: generators, checks and their tests	tools: schematic and placement generators, their inputs (board tables, profiles), the checks and their fixtures
v2/ecad/tools/post_fix.py	597c59c1009fcb93c57fccd4fcfbd3700e1eeafb	fdf8acceead5f099029b126233ffc5c3d625e05fb2afc0db1a65bea74568b610	616	T tools: generators, checks and their tests	tools: schematic and placement generators, their inputs (board tables, profiles), the checks and their fixtures
v2/ecad/tools/post_fix_a.py	5b887b91a2f84147cf5a59526ea6bbf3fb4d85b6	6156074bc028487c0b2053cda3340c2a3e9617a57dd53ff199f1799145ca9303	3590	T tools: generators, checks and their tests	tools: schematic and placement generators, their inputs (board tables, profiles), the checks and their fixtures
v2/ecad/tools/post_fix_b13.py	3a0a8c91828cb4f09b8a0bcb535716251ecd7c21	ef37b6e34709d72b4667f8d74884e3edf5e7a53b9c18ca7024e0c5023a89660c	4334	T tools: generators, checks and their tests	tools: schematic and placement generators, their inputs (board tables, profiles), the checks and their fixtures
v2/ecad/tools/post_fix_b4.py	0b053f2a4f91ba9c19cce31795d0a3d2ae15d8b1	177f0efd67ec351f473300f9dc27fc06fc1cdb8ef8afefffc26915f3174757e2	2558	T tools: generators, checks and their tests	tools: schematic and placement generators, their inputs (board tables, profiles), the checks and their fixtures
v2/ecad/tools/post_fix_d.py	f94207b18fef284a6b52be445de87b6101b897a9	ff462b788e1dbc68250cc0986235b716ee295674619679643fdb59ff68305a29	2095	T tools: generators, checks and their tests	tools: schematic and placement generators, their inputs (board tables, profiles), the checks and their fixtures
v2/ecad/tools/pour_stitch.py	1d807fb4bf997c2905cb4019021bfc2cb4b421bf	d7b0e2fc5b4370438a7ec2044fc68f593b6fbe4f928531200ce186607450af3d	9007	T tools: generators, checks and their tests	tools: schematic and placement generators, their inputs (board tables, profiles), the checks and their fixtures
v2/ecad/tools/power_copper.py	ca57f59ee60ca60f855dae097cfd2d80bd55a9cc	6e52394286797577072b1120fe65f3dc0c319f0518a1a7fe2dd1e77880a9fbd9	21332	T tools: generators, checks and their tests	tools: schematic and placement generators, their inputs (board tables, profiles), the checks and their fixtures
v2/ecad/tools/power_path.py	e62bab946897296a36ee4619023524bdd8b25c26	d587cd5843213f62fed2651bdf9e36ae6ec02a7fc5d4371199ec4f1fcfee81de	18560	T tools: generators, checks and their tests	tools: schematic and placement generators, their inputs (board tables, profiles), the checks and their fixtures
v2/ecad/tools/power_sequence.py	cc408a596c61cf5e639ba116e2319a3bf39537b5	2ba1e2e1a719c9d15ff13234865d54bb185a1e3a164d1bf55d41a8acdb639ac6	17200	T tools: generators, checks and their tests	tools: schematic and placement generators, their inputs (board tables, profiles), the checks and their fixtures
v2/ecad/tools/prefanout.py	9ff0851e1258128dbe5df5c23b48cfd3d1bc2e91	0fb5f8cbc57d30b145dfd943483fe9288b46660214f69595d2ddbe6311795ec4	19271	T tools: generators, checks and their tests	tools: schematic and placement generators, their inputs (board tables, profiles), the checks and their fixtures
v2/ecad/tools/prelay_pairs.py	ac3465e360bf81e2533519772681e2845da15376	546b3a27b3efb58f81968eec40d010656d5feda9878562a116d39671917a4ae9	5408	T tools: generators, checks and their tests	tools: schematic and placement generators, their inputs (board tables, profiles), the checks and their fixtures
v2/ecad/tools/prune_stale_evidence.py	8037ba26b5aa1ef4419c8894639297c8082c55b8	ecf8294f78cd9703c501cd05368b006f3077e761ea86e3ec3de9de25c4c0cd99	7796	T tools: generators, checks and their tests	tools: schematic and placement generators, their inputs (board tables, profiles), the checks and their fixtures
v2/ecad/tools/pruned_gate.py	8ce5b771c39042a871c3c3097e54013f33c7adf9	47f4454389a41a2c5576715cd415bc08fe0e1bbe79e616ab1e78c5b83a13df27	6919	T tools: generators, checks and their tests	tools: schematic and placement generators, their inputs (board tables, profiles), the checks and their fixtures
v2/ecad/tools/quality_pass.sh	18a3bac90d5340695d8038b5746381629c503f8a	cbe3b37c5d79b38f6237f269eba3961ddf2c6b9aa675c4a71446440b818c23d8	3937	T tools: generators, checks and their tests	tools: schematic and placement generators, their inputs (board tables, profiles), the checks and their fixtures
v2/ecad/tools/rail_barrels.py	9130447e3267b2d687cc5004a15889d9475b5354	0eb9e458763154d39b922e2a02755fe6ceaa459e9c3bb92ae9a3e9c58152741e	28101	T tools: generators, checks and their tests	tools: schematic and placement generators, their inputs (board tables, profiles), the checks and their fixtures
v2/ecad/tools/rail_crossings.py	35a5d223a767e7986577a1bf381b7698c06067c1	5621297450543ce6f34fba017a4038527e00e6982e34c91b7d16e84af4f6061b	22187	T tools: generators, checks and their tests	tools: schematic and placement generators, their inputs (board tables, profiles), the checks and their fixtures
v2/ecad/tools/rail_prune.py	9b4723decd699379df9670c012ee0c58c75c68cd	e204db9f7e4f7941e5d4f5fb312e1b586cf22059cf5fca87d5760981cf4350b8	4297	T tools: generators, checks and their tests	tools: schematic and placement generators, their inputs (board tables, profiles), the checks and their fixtures
v2/ecad/tools/readiness_manifest.json	875e3fe6d5746af3914ec322b09cae79fd88f73c	e9e13edc3317ae71656bacdd419eee54f0d321664cbfa74a93012823eda0ce49	3198	L3 layer 3, requirements (with the rule and decision registries)	requirement, rule, decision and stage registries (the one authority for each; the pages under v2/docs are rendered from them)
v2/ecad/tools/ref_change.py	632e8a344e118a4c674ceac334a96a60a242accd	09262699e6f3c692ded3234027eb54b6da1bc19621eb62ba65b0da90b32e0321	14074	T tools: generators, checks and their tests	tools: schematic and placement generators, their inputs (board tables, profiles), the checks and their fixtures
v2/ecad/tools/regen_compare.py	47d24e775636242227153b53110e599c68761d83	341d7f129a1e6f24453e3fd579b99a9648efc7e253b0f514f5c182a4691d6b22	24603	T tools: generators, checks and their tests	tools: schematic and placement generators, their inputs (board tables, profiles), the checks and their fixtures
v2/ecad/tools/region_room.py	dd2c6bb290f2cd6ab67bb49cff935143a0c80a67	e979c99ef8007ce3c384bfb549ba1b7bce34a14d29c74a84a64396a144fd34be	13711	T tools: generators, checks and their tests	tools: schematic and placement generators, their inputs (board tables, profiles), the checks and their fixtures
v2/ecad/tools/regionfit.py	9f7f3c97f8ebb7c0d11713d2f993f0e71bedf4e8	613079f358dfcd58bcd09e951087d55ecc060338575817b64ad5051f70cbd1ca	4837	T tools: generators, checks and their tests	tools: schematic and placement generators, their inputs (board tables, profiles), the checks and their fixtures
v2/ecad/tools/reliability.py	7478312f6fcc9f2fafbeb2cb74fe1d63fbdfdab6	149a48e5f241995512cff4cc0e35fc0eb8542df09d2a16881c2fab3ef9d69189	9028	T tools: generators, checks and their tests	tools: schematic and placement generators, their inputs (board tables, profiles), the checks and their fixtures
v2/ecad/tools/reserved.json	4e4dc4abf2a67c26b4dfbc2cdbc73d2de9066604	d5e623cd333aa3950899626ad01f48600c8115a6174c849d221f15f0a520dc9b	6163	L3 layer 3, requirements (with the rule and decision registries)	requirement, rule, decision and stage registries (the one authority for each; the pages under v2/docs are rendered from them)
v2/ecad/tools/reserved.py	58e106937618605bfdf5295908c2f13507cc03c4	bdd62399c884300757764d9c0f180c465c1379c162066e07748a5c9d69525e1b	7213	T tools: generators, checks and their tests	tools: schematic and placement generators, their inputs (board tables, profiles), the checks and their fixtures
v2/ecad/tools/retake_schematic_phase.py	06b6e9a69bcf38650daee0e8bcb1b40cd2a0e8a4	af1f1dcbe14a0bbeca34c493f479da71048947a8e6ed60d4aba18277d3228fb4	29017	T tools: generators, checks and their tests	tools: schematic and placement generators, their inputs (board tables, profiles), the checks and their fixtures
v2/ecad/tools/retitle.py	d46473f6d230470e9a4719bc77a92522f84d6b1e	cd3fe1e386f249ff70727a3d8fd0738ca011755849dac67b844a5c2f2c41c973	1188	T tools: generators, checks and their tests	tools: schematic and placement generators, their inputs (board tables, profiles), the checks and their fixtures
v2/ecad/tools/return_gaps.py	ad5a72654fc93333c6ccfe00695ca0fc61f1e809	2e21353c4359bfc7c86c3e12b79a93b7e58807cbd35dca3239de2b2baa79dc91	6541	T tools: generators, checks and their tests	tools: schematic and placement generators, their inputs (board tables, profiles), the checks and their fixtures
v2/ecad/tools/return_report.py	6237f27bfc755144faeabdc16bcb08b2d1f92da6	079726d93fb79c0f22b4f875c55564888481d055455b96e3322ffe7faf81a53d	4094	T tools: generators, checks and their tests	tools: schematic and placement generators, their inputs (board tables, profiles), the checks and their fixtures
v2/ecad/tools/return_via.py	15126753921a6a55acf5afd2d6ae31931388f26a	b61d138e54955dd41e40a3a59526439a70c43fe079fc3e2de01222af3f08e6f6	29952	T tools: generators, checks and their tests	tools: schematic and placement generators, their inputs (board tables, profiles), the checks and their fixtures
v2/ecad/tools/review_nets.py	02f1a34d84b31e78b104322eb6825570c96c0288	b0e8c4a85edd8341ad6715ccd90347fef83dcc89ab59a93aa366a6bae9adfc6c	5462	T tools: generators, checks and their tests	tools: schematic and placement generators, their inputs (board tables, profiles), the checks and their fixtures
v2/ecad/tools/review_packet.py	82b5e0ecce0e3f3d8b7e58be3d95b470cbdb2b5b	7913d0a57567d8961e413098d486c2ad12d0a21790462fbc5d6251e1812fe79c	108020	T tools: generators, checks and their tests	tools: schematic and placement generators, their inputs (board tables, profiles), the checks and their fixtures
v2/ecad/tools/rf_line.py	77e6aa509587aeb8474aa9356e66cfcf68f6d58a	31c2940b4455c9da413a43609a6ea20dc1c2041924c98b1f33ec7ee477d45ca5	11279	T tools: generators, checks and their tests	tools: schematic and placement generators, their inputs (board tables, profiles), the checks and their fixtures
v2/ecad/tools/ripup_viol.py	2440adbd5d4205ee4dba0309d81cf06cb589a65e	47264bda8ff71ba2acb9e4d4324986c328a194b7d385617dd452c1d180b893b8	2435	T tools: generators, checks and their tests	tools: schematic and placement generators, their inputs (board tables, profiles), the checks and their fixtures
v2/ecad/tools/route_audit.py	3a4b81aa5adf0a3e46aa404117d23b9b04b2e959	95879c540f2564f49b6d7dd95ea654f0bf3a9dbc05b093e2aca588e56dd1e73f	4398	T tools: generators, checks and their tests	tools: schematic and placement generators, their inputs (board tables, profiles), the checks and their fixtures
v2/ecad/tools/route_metrics.py	49ffe39cfa8e5d03c6e07c6b3e8b3a05176b3b1d	81994889ad47301b4d7f5e88173deef94e8740cd5e3af30dc7b34727f0b46385	7965	T tools: generators, checks and their tests	tools: schematic and placement generators, their inputs (board tables, profiles), the checks and their fixtures
v2/ecad/tools/route_one.sh	21fdc2c346f970bdd2f19fdd8ccf29344fcc06e4	a2e677bb0c09499f6f14aa0c630eb66f837608184577c97ef873c87fb3d0088c	21775	T tools: generators, checks and their tests	tools: schematic and placement generators, their inputs (board tables, profiles), the checks and their fixtures
v2/ecad/tools/route_parallel.sh	137131bfee05cdaffb1ba99497debb3e71b96554	56344c1b6a4959347312519bba046ca427de4f2f1c6ef66be1ba97f6af064723	4259	T tools: generators, checks and their tests	tools: schematic and placement generators, their inputs (board tables, profiles), the checks and their fixtures
v2/ecad/tools/route_part.sh	484157e828d344eb443ef3acbf12c6cb54ce6c73	d7d7bbd086b0025268d7bda6716a45e47d524565541e75298dfca9af049ecb55	4076	T tools: generators, checks and their tests	tools: schematic and placement generators, their inputs (board tables, profiles), the checks and their fixtures
v2/ecad/tools/route_pcb.sh	f8c1a5f3b125b1f8445ba6989fc88145473e0e29	0729e11acdbfa8d2842b6f29c779684cbbd9329f259b5e51b78e7ac16dbfc89b	4182	T tools: generators, checks and their tests	tools: schematic and placement generators, their inputs (board tables, profiles), the checks and their fixtures
v2/ecad/tools/routeflow.py	baa27c24eb6c4b49f9e6ef6fcde4a3f4c519d929	ef4532738b8a35d0be35ce9745cd4a8ed24cc86334a47b8d70ab692a3f4a201e	110416	T tools: generators, checks and their tests	tools: schematic and placement generators, their inputs (board tables, profiles), the checks and their fixtures
v2/ecad/tools/routeflow/a.json	34e5475fa32cce4c78c93dc10a47ddbd13dc081c	c218112e326ccfdf9b8c91050d2627f9c99333c3aef8b0db599708dbab9a1117	3756	T tools: generators, checks and their tests	tools: schematic and placement generators, their inputs (board tables, profiles), the checks and their fixtures
v2/ecad/tools/routeflow/b.json	899019e4cf27dcf05ec82399b859a849870e14f0	a5d77b30488b8f8600cf2ebf246c51fdc99f010fb5d90cdcf3df54178941b237	3808	T tools: generators, checks and their tests	tools: schematic and placement generators, their inputs (board tables, profiles), the checks and their fixtures
v2/ecad/tools/routeflow/bench/baseline.json	ace6a830467d8f7b547ba55dab685a4f14d92957	3d163e783f52e10e8f58dd8c91f19cd44735857d90eecacc2b69675f8fe669df	7988	T tools: generators, checks and their tests	tools: schematic and placement generators, their inputs (board tables, profiles), the checks and their fixtures
v2/ecad/tools/routeflow/bench/capabilities.json	a1d65dda34b6d6661e32dd9eb7171750425eaedd	a1f164f6efe38015e9d69563cfe8c02e9c2a84280bf67792bd90d86187bd1c2f	3402	T tools: generators, checks and their tests	tools: schematic and placement generators, their inputs (board tables, profiles), the checks and their fixtures
v2/ecad/tools/routeflow/bench/jitter/jitter-pcb-d-aprs-smallbox.csv	efb5b9bee0181bc0dbf8904c5b9a2b31f741bb67	80f8e401867e65c271cf75dacb27dad8b62cf80f6d4026b7905a41104d2acca5	51559	T tools: generators, checks and their tests	tools: schematic and placement generators, their inputs (board tables, profiles), the checks and their fixtures
v2/ecad/tools/routeflow/bench/jitter/jitter-pcb-d-aprs.csv	c40994622d01093fd84a5503eb15170ae2e2e7e9	d4abb55287707f294fd34af28e30c555aa0d053d8f09e40f633d3f7b4f16a8e2	199171	T tools: generators, checks and their tests	tools: schematic and placement generators, their inputs (board tables, profiles), the checks and their fixtures
v2/ecad/tools/routeflow/bench/jitter/jitter-pcb-e1-dock.csv	f91b174dabb3f1c37198a39de6c5172f7faed523	75e3ca590b3d902469d4c92c6840b166ca2da98be871bfcd78ba7622504464d6	523245	T tools: generators, checks and their tests	tools: schematic and placement generators, their inputs (board tables, profiles), the checks and their fixtures
v2/ecad/tools/routeflow/bench/jitter/jitter-pcb-p-pack-smallbox.csv	027365700f9042b3a90ec6a4c303cfb97ad6396a	8f65d40b2390db7b540eeea2d409e86a9cc974679832cf04577e15e8662a1e10	21569	T tools: generators, checks and their tests	tools: schematic and placement generators, their inputs (board tables, profiles), the checks and their fixtures
v2/ecad/tools/routeflow/bench/jitter/jitter-pcb-p-pack.csv	8552243568d44453704bd1d5c171b42a5ab902ad	0253d53801bb2f30d2b86f48e1a9fd2ff69e5b559f9166fe5f48329d916cbcd2	49137	T tools: generators, checks and their tests	tools: schematic and placement generators, their inputs (board tables, profiles), the checks and their fixtures
v2/ecad/tools/routeflow/bench/report.md	e2deea0878587d8dec171bf32aea01fb73717b6e	6ebd865f4e5c826614a4c0fbc7f14bd450bfb09131cd237f6737f5c8727f7f29	32890	T tools: generators, checks and their tests	tools: schematic and placement generators, their inputs (board tables, profiles), the checks and their fixtures
v2/ecad/tools/routeflow/bench/results.jsonl	42a388c60afa6c010296f8035479930fd8a28694	2f03054840449cd659c4d619f1d98a4d10c7b6ff4fa0260e9f55c8abf738cc9e	394512	T tools: generators, checks and their tests	tools: schematic and placement generators, their inputs (board tables, profiles), the checks and their fixtures
v2/ecad/tools/routeflow/c.json	e2775e3b5ec1c8fa25cb573e0454204f7ab5c34f	f1ecc69f71ad646bb3a638d5b22782f05527baca457d35ed6c5d9b5fee222f93	4965	T tools: generators, checks and their tests	tools: schematic and placement generators, their inputs (board tables, profiles), the checks and their fixtures
v2/ecad/tools/routeflow/cloud/iso_chain.sh	9e3e9a90f459574d496cc2f167cbb4e3054098e7	d62ed31255bcbc22c424857899054e7df5ddf84265407cbd0c1a3720abbf2981	1866	T tools: generators, checks and their tests	tools: schematic and placement generators, their inputs (board tables, profiles), the checks and their fixtures
v2/ecad/tools/routeflow/cloud/onstart.sh	b50a46f4ca49440435f984dc696f03c7c3f004ec	871eda126041ae1e062731898e578bcf37c72ab832ef50c169b9d121bbf47699	4864	T tools: generators, checks and their tests	tools: schematic and placement generators, their inputs (board tables, profiles), the checks and their fixtures
v2/ecad/tools/routeflow/cloud/onstart_render.sh	ada3b1b8ed68577885cd1320e3c40e28ee4d3424	8f2a8642d0ed76ce10661e1b54aa4e867527fbaaf1cc688e26e76050e7733833	1244	T tools: generators, checks and their tests	tools: schematic and placement generators, their inputs (board tables, profiles), the checks and their fixtures
v2/ecad/tools/routeflow/cloud/run_cloud.sh	7c7c571e0dbb73b9efa6af7859561a93e8e4a47e	5688c563b0f74b7cc4a3d45da9b240cf2e4aafce3844cc60caf6e76690385726	1740	T tools: generators, checks and their tests	tools: schematic and placement generators, their inputs (board tables, profiles), the checks and their fixtures
v2/ecad/tools/routeflow/cloud/run_render_box.sh	736008e4db4362a81b00b699c43f482c6beb21d6	3ece1201bebd19019238502cdce946939d3d82aa126520ea9326d179a1772806	2051	T tools: generators, checks and their tests	tools: schematic and placement generators, their inputs (board tables, profiles), the checks and their fixtures
v2/ecad/tools/routeflow/cloud/stage_chain.sh	80962a7aa92b43ad1d30a2d3df8d4bae6c54b37b	7b292611f383e1c11736ae05a0b8d5b29cc1331e85b1dc6d2087b3b3786e38a1	2475	T tools: generators, checks and their tests	tools: schematic and placement generators, their inputs (board tables, profiles), the checks and their fixtures
v2/ecad/tools/routeflow/d.json	de8f828e355dcc5b0c56e4cf3113494d22d7595f	7cfe5619dc5e5d65c760ad97c66a9383719d3e9055820da26bb7b7db2cc06a36	2860	T tools: generators, checks and their tests	tools: schematic and placement generators, their inputs (board tables, profiles), the checks and their fixtures
v2/ecad/tools/routeflow/e.json	be27a6b9c052a3b72be02b80ed31ce8684af3923	e41cee6c1db254f99e78b0401a9e3f19f9255416aa6cbd8e99c665b42d1d4f1f	3264	T tools: generators, checks and their tests	tools: schematic and placement generators, their inputs (board tables, profiles), the checks and their fixtures
v2/ecad/tools/routeflow/experiments/ab_a21.json	6cb0594d2b0f952c70e617398b7dd536c0339c54	d12d017da74a6467bbf9236e76d04f7c190df16daa1f53d150ca7bd4b1c8d6bd	1191	T tools: generators, checks and their tests	tools: schematic and placement generators, their inputs (board tables, profiles), the checks and their fixtures
v2/ecad/tools/routeflow/experiments/ab_b14.json	645061a514067c1e2d76c0a1984eeccfda2d6466	c6238f4b3b2e08726530d7041f0868f5b99b1b955d3d987d41bd937ef5f81103	1198	T tools: generators, checks and their tests	tools: schematic and placement generators, their inputs (board tables, profiles), the checks and their fixtures
v2/ecad/tools/routeflow/experiments/ab_b15.json	23bbc679876ae0fc201c8885c49f1caab600710b	2d467379c5a4fb9611cb7c02d11f45e097f99a8544bd01dc2212c7cb44bf8f76	1744	T tools: generators, checks and their tests	tools: schematic and placement generators, their inputs (board tables, profiles), the checks and their fixtures
v2/ecad/tools/routeflow/experiments/ab_c5.json	c2e69cd194529c1defced3f259e57b1ba1bff33f	37d0384d5b3c8d11b2da02e319a10b6e1d64dbc662af47fe0c94713200509a6f	1023	T tools: generators, checks and their tests	tools: schematic and placement generators, their inputs (board tables, profiles), the checks and their fixtures
v2/ecad/tools/routeflow/experiments/ab_c6.json	2354ca528774efb5669f39b70648fe8530cccce5	39e0d9db1809e4593aa122bee358190aabcafbedb6b7084098bb3f0e920402de	1028	T tools: generators, checks and their tests	tools: schematic and placement generators, their inputs (board tables, profiles), the checks and their fixtures
v2/ecad/tools/routeflow/experiments/ab_c6_4l.json	1ab307ae40324f85544561681d8445d092adaa72	28691f1ec071dd6e353ba3149fad2a4e85fcbc10e30dacb077c3444e4082799f	2061	T tools: generators, checks and their tests	tools: schematic and placement generators, their inputs (board tables, profiles), the checks and their fixtures
v2/ecad/tools/routeflow/experiments/ab_c6_4lk.json	f8913342434193642dc9d1bcd8316443acf837c2	7779b1c6664da2ace8c3dd06cd0eaaa53f6f6d0f13a98d840199c4886c2b3110	1163	T tools: generators, checks and their tests	tools: schematic and placement generators, their inputs (board tables, profiles), the checks and their fixtures
v2/ecad/tools/routeflow/experiments/ab_d7.json	3f40bf944c8eecfaeefca231d628f9c3e5f9383b	af3e568eb944d3eb4afd7b2f40b0713bca6761ca8510ab77f6694e5a080a4faa	1186	T tools: generators, checks and their tests	tools: schematic and placement generators, their inputs (board tables, profiles), the checks and their fixtures
v2/ecad/tools/routeflow/experiments/ab_e4.json	0350346fb7efad490f2d5df49c6ccc02cd5478fd	2f7a82f6de1f0cfb5e88036f1d0288e31e57b7830b52bdb37b7d725073d2532b	1189	T tools: generators, checks and their tests	tools: schematic and placement generators, their inputs (board tables, profiles), the checks and their fixtures
v2/ecad/tools/routeflow/experiments/b_esc1/count_open.py	99f694e416dfbe73948226e72dba213c9cbccd8e	093839e72286f50c518883c8c09059a75eb3049d427503b83caa3b036bb13d91	8888	T tools: generators, checks and their tests	tools: schematic and placement generators, their inputs (board tables, profiles), the checks and their fixtures
v2/ecad/tools/routeflow/experiments/b_esc1/judge.py	1e82219a269632e15653d58c1d16ab4af7f4168a	0d849b2577171e798b312cd9bc1268448fb4c86aa06128f450af1a21f690ef38	6365	T tools: generators, checks and their tests	tools: schematic and placement generators, their inputs (board tables, profiles), the checks and their fixtures
v2/ecad/tools/routeflow/experiments/b_esc1/make_arm8.py	e3714cc627ae46b77e93bc898b7ae5a97b966d7f	e1482746504485a790262c53e9fd0ccf320b4e623a34a60e06c42e1f96abfb6d	4271	T tools: generators, checks and their tests	tools: schematic and placement generators, their inputs (board tables, profiles), the checks and their fixtures
v2/ecad/tools/routeflow/experiments/b_esc1/plateau_watch.py	b55475a2a9052682cbc752de69e746446178341a	0a7d15af2178078ec34b0b09bce18bbc039d04c8f2aff5ecd9c1b07fc28fbab5	7662	T tools: generators, checks and their tests	tools: schematic and placement generators, their inputs (board tables, profiles), the checks and their fixtures
v2/ecad/tools/routeflow/experiments/b_esc1/results/2026-09-26/JOURNAL.md	7cd51fe4a731b5b5d9866ab3c0e0263035c1af25	3a27bb74c8cb4b0563c60059323ada418328128884473ac82d75ebad9b877c2b	3516	T tools: generators, checks and their tests	tools: schematic and placement generators, their inputs (board tables, profiles), the checks and their fixtures
v2/ecad/tools/routeflow/experiments/b_esc1/results/2026-09-26/README.md	2ed36edfa96566e88a50b68644717ac890ea27f9	fb4d3d4b5056d49d257c66a02e6dab38f6ac537e66c86da68ac9f13723e58bb3	16267	T tools: generators, checks and their tests	tools: schematic and placement generators, their inputs (board tables, profiles), the checks and their fixtures
v2/ecad/tools/routeflow/experiments/b_esc1/results/2026-09-26/a6/base.json	5eb774949d2d0fb9100420905d51f9884f3986eb	7a56020c8d1b00c8c62c97150084e5aaae4c6b2623f0ea4ba46a5793805063d8	10471	T tools: generators, checks and their tests	tools: schematic and placement generators, their inputs (board tables, profiles), the checks and their fixtures
v2/ecad/tools/routeflow/experiments/b_esc1/results/2026-09-26/a6/drc.log	36315a123ed1f50f5e50f6b1356f8dc0f21a96c1	9f1f5169a821815a5af5782c944780629edc8cd547850d37fc5d901be113e0c3	51	T tools: generators, checks and their tests	tools: schematic and placement generators, their inputs (board tables, profiles), the checks and their fixtures
v2/ecad/tools/routeflow/experiments/b_esc1/results/2026-09-26/a6/dsn.log	a6d782035b6cdc19e3e058724951f2c422af2133	73c32b038f7d81254dbc16d8149b56b5b4408f52e3fa0ad7d5146302691422de	1208	T tools: generators, checks and their tests	tools: schematic and placement generators, their inputs (board tables, profiles), the checks and their fixtures
v2/ecad/tools/routeflow/experiments/b_esc1/results/2026-09-26/a6/final.json	8219efe471ed58d6dd022b01e43ba82159589896	19eda8f328ee2f374dfbaa28e66a2bcb0664c7df3858055bd757eb662f28d7aa	2353	T tools: generators, checks and their tests	tools: schematic and placement generators, their inputs (board tables, profiles), the checks and their fixtures
v2/ecad/tools/routeflow/experiments/b_esc1/results/2026-09-26/a6/hardset.log	ae30b5567cc8632c55bf60144537371c9aa18362	e9119e3183dfb54b477bc0e7e625626d2e9422764051107ebd0837a271d15292	738	T tools: generators, checks and their tests	tools: schematic and placement generators, their inputs (board tables, profiles), the checks and their fixtures
v2/ecad/tools/routeflow/experiments/b_esc1/results/2026-09-26/a6/import.log	53526c1d91f86901ee71fa2d3a47954ffff4f8eb	1110be803d57af4a98f5b6aca5352bbd14589f8b6b558ec0182a80cec3ce3796	3110	T tools: generators, checks and their tests	tools: schematic and placement generators, their inputs (board tables, profiles), the checks and their fixtures
v2/ecad/tools/routeflow/experiments/b_esc1/results/2026-09-26/a6/part.json	0d8a813ff8f1ffa2a9ae9fd0f8f6344f2a72e0a9	0d54fe1b87d1496825f867a8375c5ee869551652288f629ce9647d4e7b7e0a92	15557	T tools: generators, checks and their tests	tools: schematic and placement generators, their inputs (board tables, profiles), the checks and their fixtures
v2/ecad/tools/routeflow/experiments/b_esc1/results/2026-09-26/a6/part.log	765510ecb87424f1a8ab83646b8b1a311e09f7bb	5ffcfbf82456d70661bcd4c3be9293995bfa9ba551ca80fa2a7d2f4e0d13f581	747	T tools: generators, checks and their tests	tools: schematic and placement generators, their inputs (board tables, profiles), the checks and their fixtures
v2/ecad/tools/routeflow/experiments/b_esc1/results/2026-09-26/a6/place_audit.txt	a28a1cd27a057272858125a4eaece86ea6fdd862	e63bcb33aff2e90e1ac3e8e35f88e142118b96a71f727964d2c9aae84fc4417d	5827	T tools: generators, checks and their tests	tools: schematic and placement generators, their inputs (board tables, profiles), the checks and their fixtures
v2/ecad/tools/routeflow/experiments/b_esc1/results/2026-09-26/a6/route.log	ebc02cfe32b419346d18f2097e85795afc7dcb08	8ba12a2881933004a5ccc1e73fa331a7595a90feb7bbcf81f960af3ab9109bdf	253	T tools: generators, checks and their tests	tools: schematic and placement generators, their inputs (board tables, profiles), the checks and their fixtures
v2/ecad/tools/routeflow/experiments/b_esc1/results/2026-09-26/a6/run/S3/fr.log	5dbb30e3c287aebfe31972b2ba915350b0ce04ac	325042eb8e7a0fff6a6ee68ddf11db9cd9e0bfd48f3207d8d86c5e4169b31a04	16560	T tools: generators, checks and their tests	tools: schematic and placement generators, their inputs (board tables, profiles), the checks and their fixtures
v2/ecad/tools/routeflow/experiments/b_esc1/results/2026-09-26/a6/s3-counts.txt	a986293918cd1aec3bec990774f402ff480c0f56	bc6db581da7ab69ce7af72b6053f3ab66ca991910c42e3ff359d19575e22a963	6	T tools: generators, checks and their tests	tools: schematic and placement generators, their inputs (board tables, profiles), the checks and their fixtures
v2/ecad/tools/routeflow/experiments/b_esc1/results/2026-09-26/a6/watch.log	67dee52c15a93587cf92d8cb26774e861bf8e73e	0a0288365d7c2130136b3de42227568e3103261a1bb1ed3bcbeb793923f71a61	109	T tools: generators, checks and their tests	tools: schematic and placement generators, their inputs (board tables, profiles), the checks and their fixtures
v2/ecad/tools/routeflow/experiments/b_esc1/results/2026-09-26/a6/watch/pass-001.log	e76af91a0790e65c9500123fa2d028256ec1f108	152f25ce03b7f8da9c0025b9c82f2edb64a5487b50ff65fc966b33b2dbb4966e	261	T tools: generators, checks and their tests	tools: schematic and placement generators, their inputs (board tables, profiles), the checks and their fixtures
v2/ecad/tools/routeflow/experiments/b_esc1/results/2026-09-26/a6/watch/pass-002.log	9f069a56a1d17fa3a07767b0f9900632c34122d4	79e04e7b6412c63c9ba6a280d4ea1352139dd3d8fc860ed7df113b6e2b355b16	264	T tools: generators, checks and their tests	tools: schematic and placement generators, their inputs (board tables, profiles), the checks and their fixtures
v2/ecad/tools/routeflow/experiments/b_esc1/results/2026-09-26/a6/watch/pass-003.log	8c7861eb7df704041b26b95fa4caeb994c3f4494	ed9eb1c35bd6bc30e395edda07f99ef15105e6f68c79639a82170a4865f58618	262	T tools: generators, checks and their tests	tools: schematic and placement generators, their inputs (board tables, profiles), the checks and their fixtures
v2/ecad/tools/routeflow/experiments/b_esc1/results/2026-09-26/a6/watch/pass-004.log	3ec1fe5c903cf812c020c7442e4651415676191e	892f5f7073a72d916a648b8f09e9c9dd51ed7dd1ad76595663942c3f74faa9b2	261	T tools: generators, checks and their tests	tools: schematic and placement generators, their inputs (board tables, profiles), the checks and their fixtures
v2/ecad/tools/routeflow/experiments/b_esc1/results/2026-09-26/a6/watch/pass-005.log	b44a6b16196091779023fa6a7e3b4df59ddf3a7f	4233283bfb65c49882aadf62f247d4ba73cf5d9851065dfb2e0c6e6541a31e35	260	T tools: generators, checks and their tests	tools: schematic and placement generators, their inputs (board tables, profiles), the checks and their fixtures
v2/ecad/tools/routeflow/experiments/b_esc1/results/2026-09-26/a6/watch/pass-006.log	648098181f5bb286ea5c1a0bbd542ff9f8208d72	f18124bd16514ee3ba13d2b8ef4e4c196d95249b746cca0db2920b01ca0fdfa7	260	T tools: generators, checks and their tests	tools: schematic and placement generators, their inputs (board tables, profiles), the checks and their fixtures
v2/ecad/tools/routeflow/experiments/b_esc1/results/2026-09-26/a6/watch/pass-007.log	0f2fd69e8c56991700c0b9901cceb987f7e242bf	69d1903ed9b650473f5878bb4b6836c43e953bc160573a53bca94728aab3957f	261	T tools: generators, checks and their tests	tools: schematic and placement generators, their inputs (board tables, profiles), the checks and their fixtures
v2/ecad/tools/routeflow/experiments/b_esc1/results/2026-09-26/a6/watch/pass-008.log	e8c2c0e10336605c9c2d5fdd86188b5f6943f1c5	276162a02e4ae30a9b8fd32aa5ef211850baab91fc72ca8f80489ca2b3ae4eac	260	T tools: generators, checks and their tests	tools: schematic and placement generators, their inputs (board tables, profiles), the checks and their fixtures
v2/ecad/tools/routeflow/experiments/b_esc1/results/2026-09-26/a6/watch/pass-009.log	b2b4558ae5736e6801e73fb29dd2006f930e10b6	1171c724395c9491b5cc7600c03369edfcc1ec7bf09ae10224b2f5340beff0b0	260	T tools: generators, checks and their tests	tools: schematic and placement generators, their inputs (board tables, profiles), the checks and their fixtures
v2/ecad/tools/routeflow/experiments/b_esc1/results/2026-09-26/a6/watch/pass-010.log	89ff3f466e5c37b95fae55fef3e04273d6181d2f	e0b617d7f13783df784b4dba0abfba5a8230af980c0406cf14c9f391ce43ca55	260	T tools: generators, checks and their tests	tools: schematic and placement generators, their inputs (board tables, profiles), the checks and their fixtures
v2/ecad/tools/routeflow/experiments/b_esc1/results/2026-09-26/a6/watch/pass-011.log	df1c375fc89160070bde484325cf21d121fcc60b	abf92b2fdb4548216cb56672ee46ad5c5e981daaf9024d272445a7236fdc022a	249	T tools: generators, checks and their tests	tools: schematic and placement generators, their inputs (board tables, profiles), the checks and their fixtures
v2/ecad/tools/routeflow/experiments/b_esc1/results/2026-09-26/a6/watch/pass-012.log	af04e8d67fe97fa0c8cf6dfa4e6b31900fbfe301	15bb4c15ce60ef780813eccddc6c84f4601c16e4a2267b0eb712c3ada747da7e	260	T tools: generators, checks and their tests	tools: schematic and placement generators, their inputs (board tables, profiles), the checks and their fixtures
v2/ecad/tools/routeflow/experiments/b_esc1/results/2026-09-26/a6/watch/passes.csv	37e725ac492bfe78f5ad74c60ed871fde784402c	c2bedf0114d40c2898b0a588d412e533828d7e8d3a2e32971b0c7fff60050339	297	T tools: generators, checks and their tests	tools: schematic and placement generators, their inputs (board tables, profiles), the checks and their fixtures
v2/ecad/tools/routeflow/experiments/b_esc1/results/2026-09-26/a6/watch/watch.json	8623fee5b54654efc0192c72f9a8a75492668a59	2fdb4be3ee258e3454f4af04b87395630676148fe5c9cd58a97cd53826373539	1609	T tools: generators, checks and their tests	tools: schematic and placement generators, their inputs (board tables, profiles), the checks and their fixtures
v2/ecad/tools/routeflow/experiments/b_esc1/results/2026-09-26/a8/base.json	c9972c4f5d4002dae10f230dea3a6ed8ecbe13a4	44546f3c53a9a1f94ba41d7c130317988d70c097c0500e51fe4baa01ef436103	10471	T tools: generators, checks and their tests	tools: schematic and placement generators, their inputs (board tables, profiles), the checks and their fixtures
v2/ecad/tools/routeflow/experiments/b_esc1/results/2026-09-26/a8/drc.log	3af900ee1328699b04857806d5f70f33acd2e2ba	d8c27fd317bebc6231d53b11f5ec2c001fc1fc73ba9ece9f28fcc5f42e199773	52	T tools: generators, checks and their tests	tools: schematic and placement generators, their inputs (board tables, profiles), the checks and their fixtures
v2/ecad/tools/routeflow/experiments/b_esc1/results/2026-09-26/a8/dsn.log	54254d20479ebc7d24b8792d0a1339060e137f9b	a11fe863dd462cee199a1b70febb68b7597de5f7f53f159c39c9070352cbcf10	1208	T tools: generators, checks and their tests	tools: schematic and placement generators, their inputs (board tables, profiles), the checks and their fixtures
v2/ecad/tools/routeflow/experiments/b_esc1/results/2026-09-26/a8/final.json	345c74927d5b948ed1be13bf7f320b72d62b4193	58f9dd938d7e86e172a16aa6deb853cfcf4d2f5e12b660585af9c05aa6c0e5eb	2025	T tools: generators, checks and their tests	tools: schematic and placement generators, their inputs (board tables, profiles), the checks and their fixtures
v2/ecad/tools/routeflow/experiments/b_esc1/results/2026-09-26/a8/hardset.log	44eeddd377bf8f4dfdb3d0d1a447accd735817a6	2a177dfd8ca80908d4c3806ef30dcffbc6f9041c2bcb79ce1d556959dad81432	738	T tools: generators, checks and their tests	tools: schematic and placement generators, their inputs (board tables, profiles), the checks and their fixtures
v2/ecad/tools/routeflow/experiments/b_esc1/results/2026-09-26/a8/import.log	0e1faddbf5e7ea8a352b6bb3e39119292b92d79a	139381f214d9128ebec592fe7c8b70191fabfb6a20c29874e0bb4fc506848a34	3110	T tools: generators, checks and their tests	tools: schematic and placement generators, their inputs (board tables, profiles), the checks and their fixtures
v2/ecad/tools/routeflow/experiments/b_esc1/results/2026-09-26/a8/part.json	0d8a813ff8f1ffa2a9ae9fd0f8f6344f2a72e0a9	0d54fe1b87d1496825f867a8375c5ee869551652288f629ce9647d4e7b7e0a92	15557	T tools: generators, checks and their tests	tools: schematic and placement generators, their inputs (board tables, profiles), the checks and their fixtures
v2/ecad/tools/routeflow/experiments/b_esc1/results/2026-09-26/a8/part.log	0161af1a351678f606e107fb65192c43b5bc555e	117b891f02b193e5c10e7c07b38c3a1505e15026978166d12164eb52f7239e72	747	T tools: generators, checks and their tests	tools: schematic and placement generators, their inputs (board tables, profiles), the checks and their fixtures
v2/ecad/tools/routeflow/experiments/b_esc1/results/2026-09-26/a8/place_audit.txt	a28a1cd27a057272858125a4eaece86ea6fdd862	e63bcb33aff2e90e1ac3e8e35f88e142118b96a71f727964d2c9aae84fc4417d	5827	T tools: generators, checks and their tests	tools: schematic and placement generators, their inputs (board tables, profiles), the checks and their fixtures
v2/ecad/tools/routeflow/experiments/b_esc1/results/2026-09-26/a8/route.log	95053aa1c672892463a6707a044d443b1956a243	6a77c7425011504c2b22dc239b8551880eeac23c54e7e22ba79562f185325344	211	T tools: generators, checks and their tests	tools: schematic and placement generators, their inputs (board tables, profiles), the checks and their fixtures
v2/ecad/tools/routeflow/experiments/b_esc1/results/2026-09-26/a8/run/S3/fr.log	cb11b92935eec34902022c957fc2369e59666fbe	3973c0cd89f8e4bd587982bbb9a8d82e15532750e5f37c7eeeff0edd23e327b0	16686	T tools: generators, checks and their tests	tools: schematic and placement generators, their inputs (board tables, profiles), the checks and their fixtures
v2/ecad/tools/routeflow/experiments/b_esc1/results/2026-09-26/a8/s3-counts.txt	a986293918cd1aec3bec990774f402ff480c0f56	bc6db581da7ab69ce7af72b6053f3ab66ca991910c42e3ff359d19575e22a963	6	T tools: generators, checks and their tests	tools: schematic and placement generators, their inputs (board tables, profiles), the checks and their fixtures
v2/ecad/tools/routeflow/experiments/b_esc1/results/2026-09-26/a8/watch.log	2044325ba3da8a9d93bd7a3a35ab94b79eba2fea	65e8fa3416222f383ec87e03b604dfb98993d00a8267b38211ebed4994d51478	114	T tools: generators, checks and their tests	tools: schematic and placement generators, their inputs (board tables, profiles), the checks and their fixtures
v2/ecad/tools/routeflow/experiments/b_esc1/results/2026-09-26/a8/watch/pass-001.log	0159977e77f24591da0c140a3194bbe4174bc8a2	ea33e1097bf8fc4dda899548cef3a87a0d6ce18903533fcc79ae0e14eeed194d	261	T tools: generators, checks and their tests	tools: schematic and placement generators, their inputs (board tables, profiles), the checks and their fixtures
v2/ecad/tools/routeflow/experiments/b_esc1/results/2026-09-26/a8/watch/pass-002.log	08575cfce7de1b94d81492a1edaf8143d64b0af1	38ccd4a24fee13defa1d2acecac8d8596d95ab6a59618d2b78e089fdb2e8b4ac	260	T tools: generators, checks and their tests	tools: schematic and placement generators, their inputs (board tables, profiles), the checks and their fixtures
v2/ecad/tools/routeflow/experiments/b_esc1/results/2026-09-26/a8/watch/pass-003.log	d361a62fcad788fea9485d0a643cb9ab03756922	37abcee739b45b109b76d3a4f93611631af4963602464b67bc3bc72fb8368035	249	T tools: generators, checks and their tests	tools: schematic and placement generators, their inputs (board tables, profiles), the checks and their fixtures
v2/ecad/tools/routeflow/experiments/b_esc1/results/2026-09-26/a8/watch/pass-004.log	ec22157f8da06f383df55bfbaee270e625803e3e	ab1a6abf09cf1cd5626af2e50260146093a245ecbc63d209d5d25f586ad68a2a	249	T tools: generators, checks and their tests	tools: schematic and placement generators, their inputs (board tables, profiles), the checks and their fixtures
v2/ecad/tools/routeflow/experiments/b_esc1/results/2026-09-26/a8/watch/pass-005.log	4f2443ff6ee45c5d7322dd89c178595442f5c799	464625231e389f78deaf604c6462ae5cb90d507c478f426dd8c7bf5ffbea8b66	249	T tools: generators, checks and their tests	tools: schematic and placement generators, their inputs (board tables, profiles), the checks and their fixtures
v2/ecad/tools/routeflow/experiments/b_esc1/results/2026-09-26/a8/watch/pass-006.log	2eafefce3c555d12f154e143c72282d026c96715	210cacc55f3e9235e21b8c42d50a29dad58785605e38c6bc906afa7dea6efe40	249	T tools: generators, checks and their tests	tools: schematic and placement generators, their inputs (board tables, profiles), the checks and their fixtures
v2/ecad/tools/routeflow/experiments/b_esc1/results/2026-09-26/a8/watch/pass-007.log	de0fc5ba187d59a02c1850e4d6d2fad0f3bc194a	f6d7a074770e7fa6c8608e19ac38a3d3f3a4a1de3f1e7f0303bcd46db14f5ce6	238	T tools: generators, checks and their tests	tools: schematic and placement generators, their inputs (board tables, profiles), the checks and their fixtures
v2/ecad/tools/routeflow/experiments/b_esc1/results/2026-09-26/a8/watch/pass-008.log	de16138c8bc44f098abfdb795f6b8da6f7df796b	e5c96539daff22370f019bdd346fb3069214144d63158d958ae9289730025ae2	249	T tools: generators, checks and their tests	tools: schematic and placement generators, their inputs (board tables, profiles), the checks and their fixtures
v2/ecad/tools/routeflow/experiments/b_esc1/results/2026-09-26/a8/watch/pass-009.log	d0bc2f8250580835839daf801142ea2ee6ac72c1	96ac4c8ac97b07662a1cc75b1c0de18b59bccdec17bd01cb84ed4258cb7398aa	249	T tools: generators, checks and their tests	tools: schematic and placement generators, their inputs (board tables, profiles), the checks and their fixtures
v2/ecad/tools/routeflow/experiments/b_esc1/results/2026-09-26/a8/watch/pass-010.log	c2c78a62066e093f08839129456c7eca75bb2463	ee5d4be41dd51c8f265c425733cb1955f9ca30c1e02c98bc7f4f9e358de165e1	238	T tools: generators, checks and their tests	tools: schematic and placement generators, their inputs (board tables, profiles), the checks and their fixtures
v2/ecad/tools/routeflow/experiments/b_esc1/results/2026-09-26/a8/watch/pass-011.log	3c474b26f5ca46cbf6472be7e1e788f4699b529b	7b2b6405e40d67aee6e617e428c405fca1b72668819b7e5acc7d65929ab07c73	238	T tools: generators, checks and their tests	tools: schematic and placement generators, their inputs (board tables, profiles), the checks and their fixtures
v2/ecad/tools/routeflow/experiments/b_esc1/results/2026-09-26/a8/watch/pass-012.log	0d555ad3c49d767fef6473a37d33b7d2aca1a820	54e0bcb83058eae4dd6b8f3b5f664d0ff24a635cd9a40bd69b18af36334e959e	260	T tools: generators, checks and their tests	tools: schematic and placement generators, their inputs (board tables, profiles), the checks and their fixtures
v2/ecad/tools/routeflow/experiments/b_esc1/results/2026-09-26/a8/watch/pass-013.log	d53a7abbd7f522be6c9da0c52e297540090c34bf	b7d5f956cf908503c7380749bf2472f91708c83101a423ce3746e5879dac9fca	238	T tools: generators, checks and their tests	tools: schematic and placement generators, their inputs (board tables, profiles), the checks and their fixtures
v2/ecad/tools/routeflow/experiments/b_esc1/results/2026-09-26/a8/watch/pass-014.log	09c6055246f8e370d8adcea8952af65f3324e40c	9f29e284d84821331e13e27ec024d5c4d0eec829017777330efa0943cd7309e4	238	T tools: generators, checks and their tests	tools: schematic and placement generators, their inputs (board tables, profiles), the checks and their fixtures
v2/ecad/tools/routeflow/experiments/b_esc1/results/2026-09-26/a8/watch/passes.csv	b5f0f14a5289f8283728da9baed2aeb29912e241	0c6fec1302c3d7d02a6b081dcaf1dc55435d023577de88f7856b3655954bfb4c	340	T tools: generators, checks and their tests	tools: schematic and placement generators, their inputs (board tables, profiles), the checks and their fixtures
v2/ecad/tools/routeflow/experiments/b_esc1/results/2026-09-26/a8/watch/watch.json	2488aed7fe8ac7ec847aac3a821229254ce9f0fb	a79531d4714414f41fae7d1b481dfe6ed2b96572da5e979d82ad1f8e06445de2	1888	T tools: generators, checks and their tests	tools: schematic and placement generators, their inputs (board tables, profiles), the checks and their fixtures
v2/ecad/tools/routeflow/experiments/b_esc1/results/2026-09-26/analysis/besc1_causes.py	8bdbe6862b3fb5a607f18b9411cac7ec7c0a2083	bcf520d6ca8554f80f0006c2ff6736bd9f9eb387f736ff97d4fc553e68d1ffc5	10371	T tools: generators, checks and their tests	tools: schematic and placement generators, their inputs (board tables, profiles), the checks and their fixtures
v2/ecad/tools/routeflow/experiments/b_esc1/results/2026-09-26/analysis/besc1_copper.py	4b4dcae5841295c77c1a4e45bf97837007e4cffe	e86d70e8fab65850abc7acc0e024b9788b4f37a3e83edc2fc73585b6d9888344	2913	T tools: generators, checks and their tests	tools: schematic and placement generators, their inputs (board tables, profiles), the checks and their fixtures
v2/ecad/tools/routeflow/experiments/b_esc1/results/2026-09-26/analysis/besc1_passes.py	5ac961b0bb5cafab092eec998162ba4c4fb2c0b4	8860b233470f142703266d49677db1003de0fbf17de732330ab857ac80311bc1	7877	T tools: generators, checks and their tests	tools: schematic and placement generators, their inputs (board tables, profiles), the checks and their fixtures
v2/ecad/tools/routeflow/experiments/b_esc1/results/2026-09-26/analysis/besc1_residue.py	b16ee6f8e577debe65daab679d68497eba60948f	4b87b546309e7a5117e18b7dae92f88bb3bf95db5d330be98891ee3f68e0658c	9794	T tools: generators, checks and their tests	tools: schematic and placement generators, their inputs (board tables, profiles), the checks and their fixtures
v2/ecad/tools/routeflow/experiments/b_esc1/results/2026-09-26/analysis/besc1_rows.py	d9e4442057ac57f5be9271825b9ae8422213c2c8	096e5ee165e53126fcda5cb23413ffe827ad782014b64688e801ea5f6112f4f4	3668	T tools: generators, checks and their tests	tools: schematic and placement generators, their inputs (board tables, profiles), the checks and their fixtures
v2/ecad/tools/routeflow/experiments/b_esc1/results/2026-09-26/analysis/besc1_timesplit.py	98930f6584f7ef65b6297f97620b02411acc459a	a52f77ec562918f72bb2a8cb9315de98e8acccd32a7393a0c0bcce3a4e96701c	3592	T tools: generators, checks and their tests	tools: schematic and placement generators, their inputs (board tables, profiles), the checks and their fixtures
v2/ecad/tools/routeflow/experiments/b_esc1/results/2026-09-26/analysis/besc1_viasite.py	9dce5dbe73cbb7347cd7ca5b9ca945c9d9d1aec8	cffdde24a552398f637e4d287c81b47732634358032c370cc27b88f0bc8c7be6	9285	T tools: generators, checks and their tests	tools: schematic and placement generators, their inputs (board tables, profiles), the checks and their fixtures
v2/ecad/tools/routeflow/experiments/b_esc1/results/2026-09-26/analysis/box-files.sha256	692be6fe4faa2491e6416cbd05f9c9a92a2206cc	114656d0fc9b2712b786f9c78ab01b6ac1adf11240e7f4ec7bf71033875065da	3574	T tools: generators, checks and their tests	tools: schematic and placement generators, their inputs (board tables, profiles), the checks and their fixtures
v2/ecad/tools/routeflow/experiments/b_esc1/results/2026-09-26/analysis/copper.json	784ec02af769b08ec6e867bcc22e57bbc8f0c14f	096cf7bc325e8d6dcc6c6b6d31047874654db74f94e478d299d363ba9cdcdbdb	8406	T tools: generators, checks and their tests	tools: schematic and placement generators, their inputs (board tables, profiles), the checks and their fixtures
v2/ecad/tools/routeflow/experiments/b_esc1/results/2026-09-26/analysis/pass-times.csv	d005b35f37445f4aaf78be0969f3cd5fbbec6790	d4f3521d6f5b26ea1ecb582cf324866acbd4af194d245aa82b93bca4a1d6ac4c	535	T tools: generators, checks and their tests	tools: schematic and placement generators, their inputs (board tables, profiles), the checks and their fixtures
v2/ecad/tools/routeflow/experiments/b_esc1/results/2026-09-26/analysis/passes-a6.json	fcaf74386b12232dd7e4381973544ab23d937541	c5c367b9a6281edf1203517d2f6c1eaab0a3f14415ac7a9638a8a5871e5d5975	106611	T tools: generators, checks and their tests	tools: schematic and placement generators, their inputs (board tables, profiles), the checks and their fixtures
v2/ecad/tools/routeflow/experiments/b_esc1/results/2026-09-26/analysis/passes-a8.json	f27daf7ff1fd47622e993c922a9af98177b1ba3e	12a4f8cd9f08fc4e43caaa1861e6069451f030ea9978564d9adbdf06c157e66c	85753	T tools: generators, checks and their tests	tools: schematic and placement generators, their inputs (board tables, profiles), the checks and their fixtures
v2/ecad/tools/routeflow/experiments/b_esc1/results/2026-09-26/analysis/residue-a6.csv	a8092aee651234dd9f7cb8e4e945089903d88ebc	9ab43adb713c94424b7477f5f63f4f2eb2fea741cddc79658d37018bdbbc5147	9166	T tools: generators, checks and their tests	tools: schematic and placement generators, their inputs (board tables, profiles), the checks and their fixtures
v2/ecad/tools/routeflow/experiments/b_esc1/results/2026-09-26/analysis/residue-a6.json	ba05fe640adbcc46655108bdcd87df5639ebadf3	d5ce5cef2e5a4cab5d4e74d6134edd906600f3785d9775a2c3264e6212a2fe58	113058	T tools: generators, checks and their tests	tools: schematic and placement generators, their inputs (board tables, profiles), the checks and their fixtures
v2/ecad/tools/routeflow/experiments/b_esc1/results/2026-09-26/analysis/residue-a8.csv	f5b5ebeb52b882e283e1f8995c12a1177d785d5b	310a5cba8ee1785336bd4c9a6fccd3a67a3385f93b222b8dac59714909a438ed	4935	T tools: generators, checks and their tests	tools: schematic and placement generators, their inputs (board tables, profiles), the checks and their fixtures
v2/ecad/tools/routeflow/experiments/b_esc1/results/2026-09-26/analysis/residue-a8.json	31634a837dcb1650672f97734b2e5537a3459cde	d85b25ab440f97093e2d75b8f7c2c5005d3db72514d74ca6689d6c00b71ebee5	71798	T tools: generators, checks and their tests	tools: schematic and placement generators, their inputs (board tables, profiles), the checks and their fixtures
v2/ecad/tools/routeflow/experiments/b_esc1/results/2026-09-26/analysis/rows.json	c93e3729391ced7749fdfd12761ea52e74efb7f0	8a9742e9991d269f45c7a4c765d7fb8bbbf1b2ebef781bd02d0a334084a31794	51920	T tools: generators, checks and their tests	tools: schematic and placement generators, their inputs (board tables, profiles), the checks and their fixtures
v2/ecad/tools/routeflow/experiments/b_esc1/results/2026-09-26/analysis/time-split.csv	9c4bdabb9d8c3eb622b2f3fe271b40365a2c5df1	1ffd6db6b41596a93d229dfb6761a09e11df0de15a1af496e8ad4d703d023b7c	404	T tools: generators, checks and their tests	tools: schematic and placement generators, their inputs (board tables, profiles), the checks and their fixtures
v2/ecad/tools/routeflow/experiments/b_esc1/results/2026-09-26/analysis/viasite-a6.json	c3ac9bedb196142baa656626144e3e9044dbf70c	78b3d744dc454476a0b9c74e2c1ceff2092739eeca957e78f474440fcbccc46c	72834	T tools: generators, checks and their tests	tools: schematic and placement generators, their inputs (board tables, profiles), the checks and their fixtures
v2/ecad/tools/routeflow/experiments/b_esc1/results/2026-09-26/analysis/viasite-a8.json	2f9413fd5a765b838e0e15f496e4fd154b8bf0a3	e2eba9b65154eab252ba0df9e1e76ee7d791eabf540f6d656aed8e2434afbd58	38142	T tools: generators, checks and their tests	tools: schematic and placement generators, their inputs (board tables, profiles), the checks and their fixtures
v2/ecad/tools/routeflow/experiments/b_esc1/results/2026-09-26/arm8.json	71b700589b1852708f6addd379b8ab554abd01e1	03fd353ea652aee53fcbc49c337d7a8772286195a5123b0afac3bf68010d2225	2928	T tools: generators, checks and their tests	tools: schematic and placement generators, their inputs (board tables, profiles), the checks and their fixtures
v2/ecad/tools/routeflow/experiments/b_esc1/results/2026-09-26/besc1-run.log	67714413889135beeaa2458d0eaed048e9a75774	af3b5ddca5a6edf4d076a8002dd582ddec9ae27ccb723aa40665b2dbd15048fd	2313	T tools: generators, checks and their tests	tools: schematic and placement generators, their inputs (board tables, profiles), the checks and their fixtures
v2/ecad/tools/routeflow/experiments/b_esc1/results/2026-09-26/integrity.json	72f2a30aefe3fcc81fd679352be8472d6f76915c	3a0a2a39896b64f4ca1eed24fde10ee099a1a8cfcaebd45b10663108ab52f32e	301	T tools: generators, checks and their tests	tools: schematic and placement generators, their inputs (board tables, profiles), the checks and their fixtures
v2/ecad/tools/routeflow/experiments/b_esc1/results/2026-09-26/outcome.json	8a336a54a4b610a7439b547e9719a0c9d404cfe3	9f07a20512320a57523193975457966bd6944948b2b3b933d2187fe2c66ed2e7	1301	T tools: generators, checks and their tests	tools: schematic and placement generators, their inputs (board tables, profiles), the checks and their fixtures
v2/ecad/tools/routeflow/experiments/b_esc1/run.sh	22dfd8d8416b27ad06835b5c7cdc905aa4c51723	a7e32b812e5b559a7beac09e0f4f527e835d99e96affdad449673fb2e6b3871c	11138	T tools: generators, checks and their tests	tools: schematic and placement generators, their inputs (board tables, profiles), the checks and their fixtures
v2/ecad/tools/routeflow/experiments/s1_a21.json	fa510d9de4fed7693255c4541f6603abe52cbf20	48204092c9548a581afa9267c224f274291b692e09eb9b2eb609b5e55a45bc0e	1332	T tools: generators, checks and their tests	tools: schematic and placement generators, their inputs (board tables, profiles), the checks and their fixtures
v2/ecad/tools/routeflow/experiments/s1_b14.json	d3eeefad89726c30b090be3c19f840c5617c7774	77b40c5311a38175d5ff5f53a175c47b2f39d92a0565f2c37b0c414c3c7dcf34	1783	T tools: generators, checks and their tests	tools: schematic and placement generators, their inputs (board tables, profiles), the checks and their fixtures
v2/ecad/tools/routeflow/experiments/s1_b15.json	c56de11949acc964ac715132cda429a7daf649e0	7eb961a76448e8a5701e427c2c09ce2fb9ec9c15f618be18585fdc6b91d4742c	2289	T tools: generators, checks and their tests	tools: schematic and placement generators, their inputs (board tables, profiles), the checks and their fixtures
v2/ecad/tools/routeflow/experiments/s1_c6.json	506d7b1496ce4d58976ad0e386fb52963e221514	00fcbf48082e42df6b525e6fce93e9c5da5cbdc7e96f1ad0be9df4264179271f	1325	T tools: generators, checks and their tests	tools: schematic and placement generators, their inputs (board tables, profiles), the checks and their fixtures
v2/ecad/tools/routeflow/experiments/s1_d7.json	5b378c196ad38ab425fe059746076ad263546350	3a0e48f3ba820672f76d006e3615b35278f15524d0c1a980e55fe66746e7f69f	1329	T tools: generators, checks and their tests	tools: schematic and placement generators, their inputs (board tables, profiles), the checks and their fixtures
v2/ecad/tools/routeflow/experiments/s1_e4.json	7332452fdb0a057db897262e6c6217ed84927063	3bd00ec17ab159c1c934e55bb558f3ac1200e407971cae888848df38e605d63e	1252	T tools: generators, checks and their tests	tools: schematic and placement generators, their inputs (board tables, profiles), the checks and their fixtures
v2/ecad/tools/routeflow/experiments/s2_b15.json	0b081d5b8b6d66cf0e68c87bef412b7f0edc1725	35b49798aa75196736635d5d91e0934b7d5dc09501a52e5a5219e84c8677d896	1312	T tools: generators, checks and their tests	tools: schematic and placement generators, their inputs (board tables, profiles), the checks and their fixtures
v2/ecad/tools/routeflow/experiments/s3_b15.json	2b5d21815565be491b5a3d65f8067ca027dd9128	17bc5611ad88866c34376ae43978d2e58e762a527f2928bbecd19e3ec2afa179	1336	T tools: generators, checks and their tests	tools: schematic and placement generators, their inputs (board tables, profiles), the checks and their fixtures
v2/ecad/tools/routeflow/experiments/s4_b15.json	14305f745b0f60e7edcda5b2d1183260f7b83558	168efbc5f8618a1bf8c10f5c85bf7f451acc32d23bb0d26028ea0054d3684ff2	1913	T tools: generators, checks and their tests	tools: schematic and placement generators, their inputs (board tables, profiles), the checks and their fixtures
v2/ecad/tools/routeflow/p.json	a57d3c654281bd5556f60721e273a8a201828d1f	0994822df8911bb337be94a0856a183452eb7a8e3ae6a204e9bf349203f4fa5f	2260	T tools: generators, checks and their tests	tools: schematic and placement generators, their inputs (board tables, profiles), the checks and their fixtures
v2/ecad/tools/rules_eta.py	19b535f7430d2e5bf10a0cf1331623541dbdd1ed	4272ddadea5f54537341cb2b12949cac41e7363036dfdd8271dccdb3fb251959	20455	T tools: generators, checks and their tests	tools: schematic and placement generators, their inputs (board tables, profiles), the checks and their fixtures
v2/ecad/tools/rules_lib.py	ad006f87d8a0e04c954e6052db1304ff920bea56	6154bd6c15bdfa6b855375e0d7b6f3c4e3221b03e27fbdc1af1cdff4699d9a8c	80462	T tools: generators, checks and their tests	tools: schematic and placement generators, their inputs (board tables, profiles), the checks and their fixtures
v2/ecad/tools/rules_render.py	3ca8b1e6eb60beaba15a90c99a9a2373468dd50f	ff72f0e22208fb4b82eae2485e45a08279467f4b44ccaf008176402eac80bd73	122717	T tools: generators, checks and their tests	tools: schematic and placement generators, their inputs (board tables, profiles), the checks and their fixtures
v2/ecad/tools/rules_status.py	ab64caa00263b3e2a00a8ca896cd8d225bfdea94	dc1feab8ca1e87cbcda0131aef93644ca5feba9542cd3af20e899befa9946402	142019	T tools: generators, checks and their tests	tools: schematic and placement generators, their inputs (board tables, profiles), the checks and their fixtures
v2/ecad/tools/safe_lines.py	3228a6880f4af274fe261f44abc76299281e44b3	8529487f405ec55da403e9d5c9cc2992ccb9f8966ae05f0b90819366ff21abe6	13740	T tools: generators, checks and their tests	tools: schematic and placement generators, their inputs (board tables, profiles), the checks and their fixtures
v2/ecad/tools/sch_pages.py	05583d12b735eded07e09936e5f4bf10b1ac219b	f4fe37141904cb617341e7a72de4078107149b9b6a2351a0af096fe07e060f74	2692	T tools: generators, checks and their tests	tools: schematic and placement generators, their inputs (board tables, profiles), the checks and their fixtures
v2/ecad/tools/sch_prov.py	576d0cc44d4b7c05dafc080dedfb798ac1b06a1e	a98e5a71ac74ccee41d1f4bc6202d9e91e5576fe8f582495744db7fdfea430af	14232	T tools: generators, checks and their tests	tools: schematic and placement generators, their inputs (board tables, profiles), the checks and their fixtures
v2/ecad/tools/schlayout.py	721f7a9f55a598ec75c8873e42b0c280efe4916f	a9eee3d6b0b38baed883701e05fa4bb0d6f7490f099d659ff661a573eb11991c	64888	T tools: generators, checks and their tests	tools: schematic and placement generators, their inputs (board tables, profiles), the checks and their fixtures
v2/ecad/tools/sense_fence.py	d312482c6203c67948064359e1aa307595a6d8ec	926bed4208d767db156bb3a39608cef97ec78987e727b6e7caa5c7f14703a3d4	8882	T tools: generators, checks and their tests	tools: schematic and placement generators, their inputs (board tables, profiles), the checks and their fixtures
v2/ecad/tools/sense_reach.py	f31ffaf7c6f7cc204d6c26356535f8f229bbabb5	dd2291cf725cf5d26fc8456c688a5dd689e9e73307cf73021098a185bd9c716a	14030	T tools: generators, checks and their tests	tools: schematic and placement generators, their inputs (board tables, profiles), the checks and their fixtures
v2/ecad/tools/sensitive_guard.py	b85dac2e4a4f60a47872707f31c1d1ba9b64b07d	073d5a7100a4bcb311e8dbe93e10a2709ce7e4087d758b64bd6b91097a4b2b5a	7128	T tools: generators, checks and their tests	tools: schematic and placement generators, their inputs (board tables, profiles), the checks and their fixtures
v2/ecad/tools/sensitive_nodes.py	4efc15b1f3dd951afed183bcc29fcbfbc166b6f2	f52a2a103672601a0b3f5d9df9b7f9dd14ee91b8116693ca69ab2069cb449be6	23182	T tools: generators, checks and their tests	tools: schematic and placement generators, their inputs (board tables, profiles), the checks and their fixtures
v2/ecad/tools/ses_apply.py	cbff4621320dd73d037849f89f3c7f17fa0e7c96	b85beffadfa0d1d41fa91748ef087bd29c9fa56ead1890f7c687831f93a70133	1246	T tools: generators, checks and their tests	tools: schematic and placement generators, their inputs (board tables, profiles), the checks and their fixtures
v2/ecad/tools/ses_import_lock.py	4187b97a1a7ca8c3d2769cc262cd0b3a3c191304	bc316885edd326ad89f72f668d598020a105239ce6ee068b80af6d0f92b5256a	2412	T tools: generators, checks and their tests	tools: schematic and placement generators, their inputs (board tables, profiles), the checks and their fixtures
v2/ecad/tools/ses_merge.py	c50bd0f26659a77d29717d1bfa12afbb7d4a4939	f915c43f7febd252700d88983549b872b75750e7d1f5b66095478b4fa2d7295f	1417	T tools: generators, checks and their tests	tools: schematic and placement generators, their inputs (board tables, profiles), the checks and their fixtures
v2/ecad/tools/ses_via_drill.py	8dd1c058e70399ed0fb663ac36ea1afb9e909fd4	9043d1a7e6a430e8e8383b2d4765997968eb3db2124e5f2469a0a061c2cfbfa6	3265	T tools: generators, checks and their tests	tools: schematic and placement generators, their inputs (board tables, profiles), the checks and their fixtures
v2/ecad/tools/signal_class.py	4b6f0efc82b9ab1d3fde330ec0f3f85a572909eb	60b8647301428da4752ee3314137daff8a99ac2a0200ae7a540f8f28218cae13	9143	T tools: generators, checks and their tests	tools: schematic and placement generators, their inputs (board tables, profiles), the checks and their fixtures
v2/ecad/tools/signalnets.py	9da8bf1eed90f5e0048590f56b0a84ea5be58272	688be12d8e42e7a4652f7f0ae2cb2463ff3f0b5d817d8ef5cbc79f41443f756d	2907	T tools: generators, checks and their tests	tools: schematic and placement generators, their inputs (board tables, profiles), the checks and their fixtures
v2/ecad/tools/silk_fix_all.py	1f40a0e2392d672a8cbd1c0703670d432d1b4214	5386ecd5ab9c51ff94904b0f738c5763eaeabd580237cdd5fcdbba93f23703de	3680	T tools: generators, checks and their tests	tools: schematic and placement generators, their inputs (board tables, profiles), the checks and their fixtures
v2/ecad/tools/silk_space.py	70f384402fa14c43a67f58a9ebad3578be98ca86	dd758151ff22c25e7eb1c4bd32f272a24d60d2b0c931cb6fc9c43c21b8ea443f	3764	T tools: generators, checks and their tests	tools: schematic and placement generators, their inputs (board tables, profiles), the checks and their fixtures
v2/ecad/tools/spacing.py	7aa62fec781580cb44da99fe1de75d5e92760e63	ea3c7630a0e22740ebc31b12a427ae9747fb926dfe331af88ac1742e55b1db4a	13455	T tools: generators, checks and their tests	tools: schematic and placement generators, their inputs (board tables, profiles), the checks and their fixtures
v2/ecad/tools/stack_heightmap.py	f11cb9ffdce3a98e78ec33c3c159999027fbfc33	df7f24b40a8e7abce98a1bf91417ee3933638beb26c67aaf8ed5e89e42bcf980	2175	T tools: generators, checks and their tests	tools: schematic and placement generators, their inputs (board tables, profiles), the checks and their fixtures
v2/ecad/tools/stackup_gate.py	24042ed8ad1e31c7fea95e11b31a64711c515a4d	b1b00043dbffcd6bd63477707edeb3fcb7783745cdf391d4c0c08e90278f3aa2	10859	T tools: generators, checks and their tests	tools: schematic and placement generators, their inputs (board tables, profiles), the checks and their fixtures
v2/ecad/tools/stackup_read.py	ffa14bf3172d6e4a0dc1807e3058915376b6ec2a	65184b960e6f0c6e8d4b9168f569b2e8c4358d5f6b6dcc7688da439f0b0bc248	4905	T tools: generators, checks and their tests	tools: schematic and placement generators, their inputs (board tables, profiles), the checks and their fixtures
v2/ecad/tools/stackup_write.py	395c332b1e74d5221ad6ff9674ea4c94e69f4597	b55a3c0f58c805c2cfac828fd243db74c1ef7967e48405c90a4de11e71b0b5ae	10126	T tools: generators, checks and their tests	tools: schematic and placement generators, their inputs (board tables, profiles), the checks and their fixtures
v2/ecad/tools/stale_readings.py	54248940ef4c40eaf3695755a133f386edfa0ad1	bbe4f1d27b48400a34ac9ee78ef08ab931f4aab446056a7300b848878b1dc630	18418	T tools: generators, checks and their tests	tools: schematic and placement generators, their inputs (board tables, profiles), the checks and their fixtures
v2/ecad/tools/stitch_prune.py	569785f1e31b52a0641b21a8e46deb520b0abfdb	ddf73b6fbda16ec7ab3545d79bbefcb7bd6bd79f8c09603b57537a6f8bfb3713	9259	T tools: generators, checks and their tests	tools: schematic and placement generators, their inputs (board tables, profiles), the checks and their fixtures
v2/ecad/tools/straighten.py	58718b050441fa207144be73f87287f808f02bde	a8c4396a4aa610c098f283327ee0cdf5c1b257dd266ed6690dc269eb4bb2baca	11821	T tools: generators, checks and their tests	tools: schematic and placement generators, their inputs (board tables, profiles), the checks and their fixtures
v2/ecad/tools/strip_route.py	8d7c4d98b4f8067eed3e59d619e6507f4fe9ed6b	a459df6f9f6c046125c4b089e4920b83f28eb8d881c337a0ca92d06d81340b59	1442	T tools: generators, checks and their tests	tools: schematic and placement generators, their inputs (board tables, profiles), the checks and their fixtures
v2/ecad/tools/stub_accept.py	2f1d95382ea19319357a31449455afe78bd6459b	a9ca25496228ec022979c12f35da13f10a072a0e2286fbf67a4fd7cd081c7675	3598	T tools: generators, checks and their tests	tools: schematic and placement generators, their inputs (board tables, profiles), the checks and their fixtures
v2/ecad/tools/stub_and_finish.sh	ee439d6fdd6e086df77d5349e936d9533800378e	66926131239a4f7d2aaf821eccfa23a53cb96adc3354064ed0b463040b557aa8	429	T tools: generators, checks and their tests	tools: schematic and placement generators, their inputs (board tables, profiles), the checks and their fixtures
v2/ecad/tools/stub_router.py	b5f94ad2326938f2fd71dd4636624487fc48091e	ae4eae1270ef060f71c65823c723df645f6d9e8995b8f3070e8350919ef2b63c	83474	T tools: generators, checks and their tests	tools: schematic and placement generators, their inputs (board tables, profiles), the checks and their fixtures
v2/ecad/tools/switch_list.py	6c1935eb591ddb97bd1c82ff34d06d008181953a	35a209116b20db9759a099ade39f78d9a61ce750c04e10ea176b552036ea3973	9926	T tools: generators, checks and their tests	tools: schematic and placement generators, their inputs (board tables, profiles), the checks and their fixtures
v2/ecad/tools/tests/determinism.sh	95543721b5c80c71a7cfc7c325ac6e8a16c399b9	2e2236c0c34e15ff8a71977e3dd66f2ed64c46bb137f4eeecd45fb42ce9fb073	2687	T tools: generators, checks and their tests	tools: schematic and placement generators, their inputs (board tables, profiles), the checks and their fixtures
v2/ecad/tools/tests/golden_sch.sh	0fb8434d6e111cb991c6f7a130c686a0a3ba58eb	f86d9d92e9165c638d71eacf0f8e280fdf39d1a69415bf066f851e9d49e3183d	2015	T tools: generators, checks and their tests	tools: schematic and placement generators, their inputs (board tables, profiles), the checks and their fixtures
v2/ecad/tools/tests/harness.py	e6bf8f875395a151a508f3c9f757477f93c93cd1	9aa2dfac24236630da5f6fdc37e5828b39522fa7685988cbcd660188cbc67cb5	2495	T tools: generators, checks and their tests	tools: schematic and placement generators, their inputs (board tables, profiles), the checks and their fixtures
v2/ecad/tools/tests/mutate_agent.sh	8226a6ebec03415c40649e465f955dc9436c3509	b310e40ff9638d50ef1b645b0ce1f8159b19b9a9ab8b1c0f466ec24d2b161f0f	11080	T tools: generators, checks and their tests	tools: schematic and placement generators, their inputs (board tables, profiles), the checks and their fixtures
v2/ecad/tools/tests/run.py	6959ef08a47062f71ba7f9af07b60ea9dd6d32d5	99d747e552af6e37a633ba10eafcaf934d51895ffc488e3597e919bec7ec0f02	4719	T tools: generators, checks and their tests	tools: schematic and placement generators, their inputs (board tables, profiles), the checks and their fixtures
v2/ecad/tools/tests/run_code_only.sh	033c967166e4ede902274aa7acceb5ea7069cbe4	a3c6a6f7e24b3c5f1608e3be371ef3d9aa2ecede18b7433b13df03c2a100602b	975	T tools: generators, checks and their tests	tools: schematic and placement generators, their inputs (board tables, profiles), the checks and their fixtures
v2/ecad/tools/tests/run_tests.sh	417b9edf0f7a90835a92e5543ac12f127ae447da	ad2949157ebfa18f14e513a0bb7aab8495ef10e55a0bae4954e5bb9324b5e2c4	362	T tools: generators, checks and their tests	tools: schematic and placement generators, their inputs (board tables, profiles), the checks and their fixtures
v2/ecad/tools/tests/test_agent_contract.py	a92921f75fcf54d3a0d68924644327d5ca0ad23e	4c171f8f0c7534a2b7df9180c1a57a6d01cdb8bbf47515e893cbeb910ceb38b9	40415	T tools: generators, checks and their tests	tools: schematic and placement generators, their inputs (board tables, profiles), the checks and their fixtures
v2/ecad/tools/tests/test_agent_loop_decision.py	0356069abc22f16135f48c945c47bdc6c012320b	3adcc605321e3a21e56827ee694a62fee45eda559155168f580d1899f8e9ccad	3569	T tools: generators, checks and their tests	tools: schematic and placement generators, their inputs (board tables, profiles), the checks and their fixtures
v2/ecad/tools/tests/test_arms.py	bbb03abddd62dd104d9c190de219b16324c599a1	a762f21c63ab10fc1182d5a6e1beec4ae4c6d87a63c8893440d4d6f4dbbf1e24	5883	T tools: generators, checks and their tests	tools: schematic and placement generators, their inputs (board tables, profiles), the checks and their fixtures
v2/ecad/tools/tests/test_artefact_recording.py	ca7d0f6e940e11c1cb01f4099318a78658d659fa	78b6983d69409041793adc8828016a48a34c6a92dcc65cf727b30672e78bc553	24743	T tools: generators, checks and their tests	tools: schematic and placement generators, their inputs (board tables, profiles), the checks and their fixtures
v2/ecad/tools/tests/test_assembly_set.py	7d2da15b21ecc74d0acc8a2e809a632668e60bbd	5d01e9b5d22bdca052cc0a44dd2c432413ef6e0838bff3fdccea6a4628fbb039	12368	T tools: generators, checks and their tests	tools: schematic and placement generators, their inputs (board tables, profiles), the checks and their fixtures
v2/ecad/tools/tests/test_barrel_sites.py	ed81be37978baf54cbcac43f2d79c7ed3bd1ff3a	a2cded52748f58ee3cfa9a7a87a75bddae8afb32d47326bc9a780fbdbe24eaae	9319	T tools: generators, checks and their tests	tools: schematic and placement generators, their inputs (board tables, profiles), the checks and their fixtures
v2/ecad/tools/tests/test_block_contract.py	f5d03cd35fec6af45403e97bae9a79f4ce70700b	3e112bbd4ad869b3fb446b6b81cd216ef00b1cb7047e204a2cafb37ee4be2856	4052	T tools: generators, checks and their tests	tools: schematic and placement generators, their inputs (board tables, profiles), the checks and their fixtures
v2/ecad/tools/tests/test_board_file_format.py	ea14eb13c95f5cfbceb82f12bc55ef4b5d184c7b	9bb5e0c167b29ac8d1ff16b85c352a9eb05f1959d4f8f46a48bc89d95c7f263f	2741	T tools: generators, checks and their tests	tools: schematic and placement generators, their inputs (board tables, profiles), the checks and their fixtures
v2/ecad/tools/tests/test_board_gates.py	f25764fd54410f691afc59c5799564f0e084bfc9	5a3decc12546502c563e80a9cdbcba718932df803efa2324a2e57aa9bf73b526	87181	T tools: generators, checks and their tests	tools: schematic and placement generators, their inputs (board tables, profiles), the checks and their fixtures
v2/ecad/tools/tests/test_board_hold.py	6c9ab5dcac4c8c0608a2103fe77e0dde2b89f9a8	811b60bb6b6c7c29679427a2cb4abebea4a21b62532c272bf9ee54cfdc56d6fd	7609	T tools: generators, checks and their tests	tools: schematic and placement generators, their inputs (board tables, profiles), the checks and their fixtures
v2/ecad/tools/tests/test_box_packages.py	7f0c308bb005cf31bdce5c750732c62ed8262fd3	50314623d0c14573efc4aa4fa6827717204a37fab017e3a5b03eb07d87675412	7842	T tools: generators, checks and their tests	tools: schematic and placement generators, their inputs (board tables, profiles), the checks and their fixtures
v2/ecad/tools/tests/test_bringup_kind.py	a750e0feea7a3f14d6479dcaaa4af98ac6559f40	4042cd882a21bd360eab6d208c8e05463259e0028789a9c64c65804e3c6e4543	2278	T tools: generators, checks and their tests	tools: schematic and placement generators, their inputs (board tables, profiles), the checks and their fixtures
v2/ecad/tools/tests/test_bypass_place.py	68d43ab0d0e0350890f83adcc79010f4e72b2fd2	76a04a4bec7ef2c880a62a1f57e3400302e8db744af91a7b24a622dea0770f58	5205	T tools: generators, checks and their tests	tools: schematic and placement generators, their inputs (board tables, profiles), the checks and their fixtures
v2/ecad/tools/tests/test_bypass_seats.py	35b7d60bcc3d44a75ac5b7f1873c66bdeb4f8227	55d0ec84382c18d811183b66163fae537307c328636af11cc881099f91b56a93	6729	T tools: generators, checks and their tests	tools: schematic and placement generators, their inputs (board tables, profiles), the checks and their fixtures
v2/ecad/tools/tests/test_bypass_slots_duplicate.py	1cbed1d0284c58f5f173893edb23c78deab3f2c1	429b787bebaa73869934eb3a40fb9f539d0db315addfa3359990b3857cbecb0d	4137	T tools: generators, checks and their tests	tools: schematic and placement generators, their inputs (board tables, profiles), the checks and their fixtures
v2/ecad/tools/tests/test_carry_placed.py	966119a4fde389d9f30210bf1af388027206c691	43f2bd55cee29bd28f282141686a9a7ddc7fce1cf6f9f46268b3337bb9e96805	10888	T tools: generators, checks and their tests	tools: schematic and placement generators, their inputs (board tables, profiles), the checks and their fixtures
v2/ecad/tools/tests/test_case_geometry.py	258c1e4299b2634ba3c88671cf3c8f0a99ee7629	6ac4552533122085e768b63ddf1fc47b248f7bd3c6fadbdbde770bc2aae7a349	12291	T tools: generators, checks and their tests	tools: schematic and placement generators, their inputs (board tables, profiles), the checks and their fixtures
v2/ecad/tools/tests/test_certify_allow_list.py	74e2bc88b3521f37cbf28ab1ac2322a98f243e79	ca3f1a2ec3d9f629ab38c1715b1ab8cf4d775f610e3c7c0b5c043cc406c572ad	1989	T tools: generators, checks and their tests	tools: schematic and placement generators, their inputs (board tables, profiles), the checks and their fixtures
v2/ecad/tools/tests/test_certify_identity.py	de6596e81f19f385213e35cab24e58c08480e878	76916d0350c106fbee0486a4672bc6f5f4cc3c1b5075c3ab941eb61c6f48cc4c	24165	T tools: generators, checks and their tests	tools: schematic and placement generators, their inputs (board tables, profiles), the checks and their fixtures
v2/ecad/tools/tests/test_certify_mismatch.py	78b9a7bffae2b35f1ae765572461bad121aa3cb1	1a6036d101b492506978a2cdb69106e23656b4b14259912ed83f75e3adc9c054	42642	T tools: generators, checks and their tests	tools: schematic and placement generators, their inputs (board tables, profiles), the checks and their fixtures
v2/ecad/tools/tests/test_class_pair_clearance.py	e01e3ba9162568ad83a079fb0d287fbd04617533	d70ff4acc9b71203309db610fc0c933930bc56f02f3df510a5935a89e63b5204	5670	T tools: generators, checks and their tests	tools: schematic and placement generators, their inputs (board tables, profiles), the checks and their fixtures
v2/ecad/tools/tests/test_class_table_age.py	28494a1224933955fa5dce56c7cba94744f2a731	b74e9a1ed10317fb66794174ec7d4c183478a7bd9e1d8300c9d240a9f7613f68	2878	T tools: generators, checks and their tests	tools: schematic and placement generators, their inputs (board tables, profiles), the checks and their fixtures
v2/ecad/tools/tests/test_clock_check.py	8463d81197bfa796b4d1e517880d7d61ad6134d0	8b1b8674a86f30e86748825be2384cde3d5717018fcf5b5f751b21c5d4b47b15	9666	T tools: generators, checks and their tests	tools: schematic and placement generators, their inputs (board tables, profiles), the checks and their fixtures
v2/ecad/tools/tests/test_closer_audit.py	62c5d807bec023c564a9cc3d58603af83b0464ed	c0df3ae4edb2b0c99a61750d4d19c16efb85dc71ae10a09503dbaedbe80e56d6	10621	T tools: generators, checks and their tests	tools: schematic and placement generators, their inputs (board tables, profiles), the checks and their fixtures
v2/ecad/tools/tests/test_cluster_skew_basis.py	e0a962d32910cb104391a7501b81b5cc165a4bda	a96de99371f47e3d949a1fce46cd6ac12c2e3ae762cb0de88656d616ba164459	4400	T tools: generators, checks and their tests	tools: schematic and placement generators, their inputs (board tables, profiles), the checks and their fixtures
v2/ecad/tools/tests/test_conductor_current.py	ed68c4d242f488a427d77884ce13498164fd7449	d46252bf73340444856d10b2ed3da84a726e9a7d91131b74590e2830731ddf1a	11936	T tools: generators, checks and their tests	tools: schematic and placement generators, their inputs (board tables, profiles), the checks and their fixtures
v2/ecad/tools/tests/test_contract_attribution.py	a72e6aadfe744466084bd4af1630ce15c9ec1918	9bba8bb923d69146379718441658c911d420344ce65c858199fb590f6496f98f	11104	T tools: generators, checks and their tests	tools: schematic and placement generators, their inputs (board tables, profiles), the checks and their fixtures
v2/ecad/tools/tests/test_current_model.py	7f934279a6943ffb9c9a747a628d9bff20dba8a7	73a162e9278d31caa1ef1cea8d00923ddd3997dd5885bdf42c1febabf5c1f955	4029	T tools: generators, checks and their tests	tools: schematic and placement generators, their inputs (board tables, profiles), the checks and their fixtures
v2/ecad/tools/tests/test_dc_drop.py	7324fdd5fcb73bc4b4a3b4ee6cd9015e30412e4d	b6f2eb0bcbb11737d9996cb0f6e7a7e31e387025aa82110dd901cfbdde2fc2a4	3447	T tools: generators, checks and their tests	tools: schematic and placement generators, their inputs (board tables, profiles), the checks and their fixtures
v2/ecad/tools/tests/test_dead_pour_islands.py	c67b13a02ca12c5b2bb5026c24b6d6bdb67cfe16	e16ab1630d36201af9f2e568d094d68f5eee711e6a953f45da0528e234daab1d	6301	T tools: generators, checks and their tests	tools: schematic and placement generators, their inputs (board tables, profiles), the checks and their fixtures
v2/ecad/tools/tests/test_decision_register.py	49c49477a9c290e3e0b800a5f32d11f38eef5b13	03a51f14c41c22c757a61449b7e76459728be6401290a3b5186cc4879debdd5a	6475	T tools: generators, checks and their tests	tools: schematic and placement generators, their inputs (board tables, profiles), the checks and their fixtures
v2/ecad/tools/tests/test_derate_prefix.py	12b44270a38657af7def2192eae43e73dec27035	05f8a9a8cc7b1ad9aad077fded6c5c0d4bbdecbb64c546772829e9ce8e6cc26d	17251	T tools: generators, checks and their tests	tools: schematic and placement generators, their inputs (board tables, profiles), the checks and their fixtures
v2/ecad/tools/tests/test_derived_barrel_sites.py	f6d207434622306203e963e3f8887e87937a65fb	673808ef3a47bd83e338550d3da22e3b1ce398f977974c2c8d06516979e2dc0b	5314	T tools: generators, checks and their tests	tools: schematic and placement generators, their inputs (board tables, profiles), the checks and their fixtures
v2/ecad/tools/tests/test_doc_provenance.py	e530b3b486326b7c0763712eeb192c0ffd414d85	e83daf158bf50916ff65fa04da65329d29b6012d69a58e0c6adb045c01ac0360	8386	T tools: generators, checks and their tests	tools: schematic and placement generators, their inputs (board tables, profiles), the checks and their fixtures
v2/ecad/tools/tests/test_documented_options.py	a071325814387ca33587a4dae7482c94ce94409d	e38bfc24ea51fce3706f7e954f52286bdf75cbbebf2a1c6bc8fb79744758a08b	5577	T tools: generators, checks and their tests	tools: schematic and placement generators, their inputs (board tables, profiles), the checks and their fixtures
v2/ecad/tools/tests/test_dot_prune.py	c7af2c050d88bdf4bb424193e7bba86b8b808854	b366221b1f75d82590e0c83f29a12773a46ccd1a1748bcd6d7148b3455ce64f3	5838	T tools: generators, checks and their tests	tools: schematic and placement generators, their inputs (board tables, profiles), the checks and their fixtures
v2/ecad/tools/tests/test_driver_hygiene.py	918c53d48a4c097a37900298b55b0891e5a354e8	641d318fd11e11508c808aeec45ba52ceefc27062f15ba1ec48db9c27d7700fd	111180	T tools: generators, checks and their tests	tools: schematic and placement generators, their inputs (board tables, profiles), the checks and their fixtures
v2/ecad/tools/tests/test_dsn_power_layers.py	9a124ce6631ccb9c854939ca6a7d404851ea1297	b987620a8f7279b8eb47dc2a8b2b7daf1567837fec5770152d57e328e3c6b7ce	6919	T tools: generators, checks and their tests	tools: schematic and placement generators, their inputs (board tables, profiles), the checks and their fixtures
v2/ecad/tools/tests/test_edge_length.py	066d4c7b4387ab256eb51d253852260465360438	82acc54ee791c8c9f39796b5cf50d8626a42c73b368f9ebaea326c5c85d47df8	18884	T tools: generators, checks and their tests	tools: schematic and placement generators, their inputs (board tables, profiles), the checks and their fixtures
v2/ecad/tools/tests/test_emc_sheet.py	292ca7be58857bf56ea170cd6080d7827a65ce2b	46995dec794565a81baa958e8394982df41527b42c63344d428dbaf2191661cf	4388	T tools: generators, checks and their tests	tools: schematic and placement generators, their inputs (board tables, profiles), the checks and their fixtures
v2/ecad/tools/tests/test_energy_chain.py	02ed2683ca1e045327f6a5b11fe334427da59642	686029ef3284449bb81299063c58283e5848fe6db0e3933d73d8f66bef149262	23581	T tools: generators, checks and their tests	tools: schematic and placement generators, their inputs (board tables, profiles), the checks and their fixtures
v2/ecad/tools/tests/test_envelope_data.py	fe17e3d73ce7483f3c0ca78c4f8b3817af433909	e0b79f4f6a5992810204c9d2f1a0a2209599a2d6a13ccfbcdf60a5b328fb13b6	10544	T tools: generators, checks and their tests	tools: schematic and placement generators, their inputs (board tables, profiles), the checks and their fixtures
v2/ecad/tools/tests/test_erc_gate.py	24d714d51772ef406613208cddf4636671aded41	0d6b3dae5c43e1ac5b8e64d943631086174da74787050422d72080f26a159923	4280	T tools: generators, checks and their tests	tools: schematic and placement generators, their inputs (board tables, profiles), the checks and their fixtures
v2/ecad/tools/tests/test_eta_execution.py	e37cd0adcf527d6631e94e724b6b6d33829a1356	8620a48ede6cf56a98f66cd47d9de4ecf304ff41d4c135d30415b264344ee816	6955	T tools: generators, checks and their tests	tools: schematic and placement generators, their inputs (board tables, profiles), the checks and their fixtures
v2/ecad/tools/tests/test_evidence_class.py	2c5fd6849864ab9a8c91dc463f9be8f005c0d663	915ae2b5c3f0015abdd95f6afe3e7fa9653fd39c87e3f3851e8baa573430f532	39253	T tools: generators, checks and their tests	tools: schematic and placement generators, their inputs (board tables, profiles), the checks and their fixtures
v2/ecad/tools/tests/test_execution_paths.py	64380af956157553e04a0e92abf9721da429a97c	671dadc3d1a7294fe72e93e192a83e9cbe08f5217df4ae4136f127ddf0927afa	3170	T tools: generators, checks and their tests	tools: schematic and placement generators, their inputs (board tables, profiles), the checks and their fixtures
v2/ecad/tools/tests/test_exposed_pad_vias.py	9e61452c5414f9d63bf6c314a63e526452a46448	748d9edc373fc5e6458aec2fcc87d1f6811c636f30ce6badf0ee0a0594b434b4	9122	T tools: generators, checks and their tests	tools: schematic and placement generators, their inputs (board tables, profiles), the checks and their fixtures
v2/ecad/tools/tests/test_expstore.py	1ea2375c30f7bbe00e990b7e4a6a6b1ef8aaab3e	fa2c8a9e8a93324dcb1c12f9b6edebdd1ba499e2e1800d8c732b79368890230f	3098	T tools: generators, checks and their tests	tools: schematic and placement generators, their inputs (board tables, profiles), the checks and their fixtures
v2/ecad/tools/tests/test_fab_limits.py	d9914740c0ee3b7ffa9a5e971df148e5b477c0cd	b75e63d69233d7981779c1388269b4567f0cdd71891891c1840d0ee0be1f8484	7332	T tools: generators, checks and their tests	tools: schematic and placement generators, their inputs (board tables, profiles), the checks and their fixtures
v2/ecad/tools/tests/test_fanout_in_pad.py	a99f96b3770914bbbb9b8aeef313a0ee61422d08	9d32937c1e84b9b3d2d0e9e22e13794092b54669a185abb7bbb199f36da1a49d	10727	T tools: generators, checks and their tests	tools: schematic and placement generators, their inputs (board tables, profiles), the checks and their fixtures
v2/ecad/tools/tests/test_fill_before_judgement.py	a166135e4a7c8847662bbd7b6004e05eed5ed79c	f03d724800e88fd7a75f55c2f7969db9b0c6609d747b91609bed7f7919d7a4df	2150	T tools: generators, checks and their tests	tools: schematic and placement generators, their inputs (board tables, profiles), the checks and their fixtures
v2/ecad/tools/tests/test_final_gate.py	c85c230eb4aad628f20474bf7bd71d4840d3c040	f3a74e40a21eb02fb2285555848c70f0f67ed3c3a20c00466b576328b81adebc	13258	T tools: generators, checks and their tests	tools: schematic and placement generators, their inputs (board tables, profiles), the checks and their fixtures
v2/ecad/tools/tests/test_finish_order.py	b33f5c68ce7d9410fd833484b4cadae4810f3adc	f1d5914f487ac3adb989806798c32e0cbf3f626a3f1f6b4cdd861ec59d0be74f	31331	T tools: generators, checks and their tests	tools: schematic and placement generators, their inputs (board tables, profiles), the checks and their fixtures
v2/ecad/tools/tests/test_footprint_library.py	4a36ea3926b44ba6a79728d1011ed9e79a6a0712	9cc987dadd4a4f2f2f7e5b3efa31002e4020489b9810c9ee5f1e9e8d6fec00f8	4952	T tools: generators, checks and their tests	tools: schematic and placement generators, their inputs (board tables, profiles), the checks and their fixtures
v2/ecad/tools/tests/test_footprint_pads.py	258450509295bd6f04696af761f8565e4ebdfec3	b96e82c5d1b1d6d3967b12773e3313bcadcd8070a3161ea220d05ff49113c5d9	3800	T tools: generators, checks and their tests	tools: schematic and placement generators, their inputs (board tables, profiles), the checks and their fixtures
v2/ecad/tools/tests/test_fr_import_check.py	5a4c0a11862bd796b044801cff9f51f45ea6ff23	aa2332b0c37b7e2d17036d2fb87885ba0dd344a2e3050bf0cc3c5542ad7a49bb	20814	T tools: generators, checks and their tests	tools: schematic and placement generators, their inputs (board tables, profiles), the checks and their fixtures
v2/ecad/tools/tests/test_frame_seat_inputs.py	6f3d329a21b9d71998cbd4a36acd0633fd45f35f	07056724b9a9911dc435e2e7e3b77250abc75e829542d3be7c14927661e438c2	4348	T tools: generators, checks and their tests	tools: schematic and placement generators, their inputs (board tables, profiles), the checks and their fixtures
v2/ecad/tools/tests/test_gate_crash_guard.py	eb69f71453348b7fc49c55a7d0a924a0a34c756a	49049931bfcef8236382be1580d7ed35e2a4050bfb999d072ce39ad2a0a3d391	7994	T tools: generators, checks and their tests	tools: schematic and placement generators, their inputs (board tables, profiles), the checks and their fixtures
v2/ecad/tools/tests/test_gate_fixtures.py	3ef31f8d2cad3c09492cc031110c112bfb247d6e	677c0a4c03be85ff420abb864bd5c8ba029ba5c67ae382f6a12ff618b35db4f1	48171	T tools: generators, checks and their tests	tools: schematic and placement generators, their inputs (board tables, profiles), the checks and their fixtures
v2/ecad/tools/tests/test_ground_system.py	83733839f5f3295878d0ef0791c1420a4923a901	ac78b5a97b065958c84a0e74c56b90ad6b1f3268f52facb49776727c0606728b	4807	T tools: generators, checks and their tests	tools: schematic and placement generators, their inputs (board tables, profiles), the checks and their fixtures
v2/ecad/tools/tests/test_handoff_phase.py	9d4a55e4ca43a9423210432de9f92512a6c0ef31	5d14371fbd8b85eed7b71c8356d971d2bced1ee7fdc73ba9b9d39d604b3a7d6b	8259	T tools: generators, checks and their tests	tools: schematic and placement generators, their inputs (board tables, profiles), the checks and their fixtures
v2/ecad/tools/tests/test_handover_pack.py	ebfb792e941a863e5ae7af724f71f0af5d56c163	72096f800088d1f8582d788c11bae408dedc6a537a694dddcb46ecce97bc2c0a	17281	T tools: generators, checks and their tests	tools: schematic and placement generators, their inputs (board tables, profiles), the checks and their fixtures
v2/ecad/tools/tests/test_hardset.py	bbcc903c37e2177fc19087102233a7632188db3a	7be5fa0fb5e5975302d0e64182732e35c767e77cbe314dd5eab569f5a52eca62	15107	T tools: generators, checks and their tests	tools: schematic and placement generators, their inputs (board tables, profiles), the checks and their fixtures
v2/ecad/tools/tests/test_impedance.py	e07c563179a992a23cadff1b8cabf6fcdbab088e	e3b2ddbd3d406fd8fdce24897d21e0f28618ea5c6b64998ab8c2197d0f2ea56e	2735	T tools: generators, checks and their tests	tools: schematic and placement generators, their inputs (board tables, profiles), the checks and their fixtures
v2/ecad/tools/tests/test_import_before_use.py	d7d84175f9bdb2cb247822d4336923ba93d03c55	5e6a1ed387a9ef118d07fc56c989c97846c49a1d3ddfbc5f447e02d955d7e3d3	3943	T tools: generators, checks and their tests	tools: schematic and placement generators, their inputs (board tables, profiles), the checks and their fixtures
v2/ecad/tools/tests/test_interfaces.py	fb474561dd28db2f6e7f5d70158f3f5ba8385567	e8301d2addaf724d1dc3a1a4ea00e75c1890c7879b6e1903e482bc13e8700378	15260	T tools: generators, checks and their tests	tools: schematic and placement generators, their inputs (board tables, profiles), the checks and their fixtures
v2/ecad/tools/tests/test_island_pairs.py	c7c6f8c3d06e4116bf3259853f41c4e6cc0ceed5	7a4777ac7017915517834efbb3f25096bce0fa87aa129a434d3cdff73e9210a8	6444	T tools: generators, checks and their tests	tools: schematic and placement generators, their inputs (board tables, profiles), the checks and their fixtures
v2/ecad/tools/tests/test_kb_isolation.py	a70d72379ec372683c8d235d9079ac9c3caef777	dd7c7b4c4955074cd4f925215e1a10d4121574a0d69dcbc0abce41e5be85b6fe	3710	T tools: generators, checks and their tests	tools: schematic and placement generators, their inputs (board tables, profiles), the checks and their fixtures
v2/ecad/tools/tests/test_kelvin_check.py	53d9659fb827fbf9972819b06edb108be000683a	ce3b22f977bc789a7a867d352d7d058a35651db728e2fc47c0c9d60279a56248	11357	T tools: generators, checks and their tests	tools: schematic and placement generators, their inputs (board tables, profiles), the checks and their fixtures
v2/ecad/tools/tests/test_kisch_tvs.py	efd3cd8badd2e74b62315cf1a089745600c1763c	fd47bffb5fbf68535ae635d1af3c6ef8765c4f04d6b5415764514408e3947639	10100	T tools: generators, checks and their tests	tools: schematic and placement generators, their inputs (board tables, profiles), the checks and their fixtures
v2/ecad/tools/tests/test_last_net.py	4eedab8a4fabe5c2109e5d3d4caf7c9d938ad50e	1cdaf5547ccff5a6757145506f7b9435109bcb5beecf113ad2ed688b6c17f366	4222	T tools: generators, checks and their tests	tools: schematic and placement generators, their inputs (board tables, profiles), the checks and their fixtures
v2/ecad/tools/tests/test_layer_change_clear.py	9df412c0e2294e60cfc79cd5eb79ce266c2e91ab	e059b23cdc0d930820dce206730b14620aeac611fd9abc8f24e851fa6660f3aa	1392	T tools: generators, checks and their tests	tools: schematic and placement generators, their inputs (board tables, profiles), the checks and their fixtures
v2/ecad/tools/tests/test_layer_declaration.py	04c416441bc36441c5a6cb8b5f579aef0402fc11	c515b89be6c472c0ce8fa71a35a10a5a3100f001b22c9b7454ebc68c4993f969	2335	T tools: generators, checks and their tests	tools: schematic and placement generators, their inputs (board tables, profiles), the checks and their fixtures
v2/ecad/tools/tests/test_layer_judge.py	2d7d01b4fa1747a0411143d24ee4f0ba852ad26d	beb5f00cecffb7dca35f635461b9bb4380931301e2ccecfddb671619c0e8590c	8050	T tools: generators, checks and their tests	tools: schematic and placement generators, their inputs (board tables, profiles), the checks and their fixtures
v2/ecad/tools/tests/test_layout_entry_stages.py	3b3324224e7d87234b843734c55c8282f2007d03	c099c1c5446b9f860ccffa67deae8f95ebc26b240cd0cc3ad168ce7db49b064d	16563	T tools: generators, checks and their tests	tools: schematic and placement generators, their inputs (board tables, profiles), the checks and their fixtures
v2/ecad/tools/tests/test_ledger.py	2cc4a9b414a95cf6989146bb5e165c215c3b9409	aed7e6d3e3e1198666bd3bd2dda63673c0e5f69314f82318dc6dfc71942da5c2	4277	T tools: generators, checks and their tests	tools: schematic and placement generators, their inputs (board tables, profiles), the checks and their fixtures
v2/ecad/tools/tests/test_ledger_verify.py	90f215248e4f1951ee3a59ab72997f0822dc5e1e	9f98d378f3f367acfc6b3dc0e760f91e42c7d13b9b4ede5bb64f493af4b43f12	3855	T tools: generators, checks and their tests	tools: schematic and placement generators, their inputs (board tables, profiles), the checks and their fixtures
v2/ecad/tools/tests/test_meander_locked.py	ac971d8cb84240533dbb85ed35d1b8ff4e5b8378	c9e7b81ed67562602ec2687999e4d11c7afb5f310d2fd9186c6a1aaed7d4ff60	3606	T tools: generators, checks and their tests	tools: schematic and placement generators, their inputs (board tables, profiles), the checks and their fixtures
v2/ecad/tools/tests/test_netclass.py	5c13d97968b04eeda6dd118771eaf2ee934b806b	620936b789d561d423516ba600d92dd8cec682dc66e46f719c3f7100565ad350	8224	T tools: generators, checks and their tests	tools: schematic and placement generators, their inputs (board tables, profiles), the checks and their fixtures
v2/ecad/tools/tests/test_netclass_one_source.py	2d321a85122a14b147625dc632de6dec42b54910	27412e7f38376b791e21daa158b2bbd9296fa2db8bd2bbe420d77e19943eabb7	3917	T tools: generators, checks and their tests	tools: schematic and placement generators, their inputs (board tables, profiles), the checks and their fixtures
v2/ecad/tools/tests/test_netlist_board.py	28408d2264d527423078a57303c714b491931eeb	21d3be3a4e36a8cbbc764babf3613367c344e89b2897013eebf78d20d3032efc	9124	T tools: generators, checks and their tests	tools: schematic and placement generators, their inputs (board tables, profiles), the checks and their fixtures
v2/ecad/tools/tests/test_netlist_classes.py	0d838ec39719188d90d959dc89748c21fc098fcf	83db8a18389f40ce5fb922a9e8c1878d0331ace24ebd38a7e31c69c696b28524	4231	T tools: generators, checks and their tests	tools: schematic and placement generators, their inputs (board tables, profiles), the checks and their fixtures
v2/ecad/tools/tests/test_netlist_parts.py	fe6c27f643616816f485312d07cb0937d5898564	4680ec4b1b689ce221ce637dacf414b377b92e839203b844ddd961a2e924b8f4	14973	T tools: generators, checks and their tests	tools: schematic and placement generators, their inputs (board tables, profiles), the checks and their fixtures
v2/ecad/tools/tests/test_netlist_provenance.py	90f984d2039229b2fb46d15deb8564348a247edc	f1bfeb908ab5cd9dc48f43263a8aec8ea9669247a843ee323800c158bc622dcd	3507	T tools: generators, checks and their tests	tools: schematic and placement generators, their inputs (board tables, profiles), the checks and their fixtures
v2/ecad/tools/tests/test_open_pairs.py	6495446dd63bd49a9a84db9c28d4372c2229d59f	c430fb48723cdf86d77b017a802e736575fa10726f2eae85932e71f478dc6d5a	9773	T tools: generators, checks and their tests	tools: schematic and placement generators, their inputs (board tables, profiles), the checks and their fixtures
v2/ecad/tools/tests/test_order_codes.py	5cc17b21dc1d24ec7ce446b2f7e29550507af09f	91c009a47fbf49b03e57d809e7f9dbc39723b435f464461bb4c9c96add5dc14e	43986	T tools: generators, checks and their tests	tools: schematic and placement generators, their inputs (board tables, profiles), the checks and their fixtures
v2/ecad/tools/tests/test_order_readiness.py	b5780a4b793c297f0520550947f3206793b21254	857c485ae5ce9a191b5ca0adb841ffe2a36d6fbcdf4d84a8264acd17f68a5074	11648	T tools: generators, checks and their tests	tools: schematic and placement generators, their inputs (board tables, profiles), the checks and their fixtures
v2/ecad/tools/tests/test_owner_decisions.py	64d4895d4769114e0ecaae3159e91e5f8bc2c7c5	386ddaf93a360436824161ef6ae248524243bb5bcd890bb49960086e8ab1680d	2822	T tools: generators, checks and their tests	tools: schematic and placement generators, their inputs (board tables, profiles), the checks and their fixtures
v2/ecad/tools/tests/test_pack_protection.py	805d9a9723fe8967f2d864c651bb5a569d887dff	deab22cd2d1c5cfe6da53556a2ec708275f565576bdea46c3be00556f29a4f54	6126	T tools: generators, checks and their tests	tools: schematic and placement generators, their inputs (board tables, profiles), the checks and their fixtures
v2/ecad/tools/tests/test_pack_secondary_ts.py	fee1b2215bbbaabc2a444948bdab1cafa86fb463	26316ddfe7fc1e1bb6ef2605aa57cba3fde1f213739a07503baf604a4f24222f	16269	T tools: generators, checks and their tests	tools: schematic and placement generators, their inputs (board tables, profiles), the checks and their fixtures
v2/ecad/tools/tests/test_pair_class_clear.py	7e23000248d149f24def34ffe8650295be53cfde	732f819d4f084be4a84c46b61c08d356a8ed933a43332027bfb520a05d0a5fc9	4183	T tools: generators, checks and their tests	tools: schematic and placement generators, their inputs (board tables, profiles), the checks and their fixtures
v2/ecad/tools/tests/test_pair_gate.py	b81ef0e013f014867b2331f3d40cafc824841cf8	3ec2bbd324673d79836e0a8fb8e27929c18933fab6f38dd7b0352201bc74d27a	4509	T tools: generators, checks and their tests	tools: schematic and placement generators, their inputs (board tables, profiles), the checks and their fixtures
v2/ecad/tools/tests/test_pair_headers.py	10d29c4a1e37b3ebda21d96f3d06efacf3b8c8b0	fc82734e7fa758770cbf93d96afacb6220b2bcf727a5097739ae3b076b6144a5	9699	T tools: generators, checks and their tests	tools: schematic and placement generators, their inputs (board tables, profiles), the checks and their fixtures
v2/ecad/tools/tests/test_pair_leg_match.py	432d00fb25e0308eb006232ed368c18ec34f6229	92e79da5512ab79f1015dfd5781038e3cce5e97365f0025d471d9bea7bc4b9bd	2887	T tools: generators, checks and their tests	tools: schematic and placement generators, their inputs (board tables, profiles), the checks and their fixtures
v2/ecad/tools/tests/test_pair_legality.py	a52a218939de1f11eea74f02054a0c23b74df73a	8c45f65f7028f398c479565f864cc5887bf311d69ac290ddec32ef8b3a1161cb	6823	T tools: generators, checks and their tests	tools: schematic and placement generators, their inputs (board tables, profiles), the checks and their fixtures
v2/ecad/tools/tests/test_pair_maps.py	2cd21d4f72a355a92442bf114ec3104bfbfe598e	4cf7715f8ca36eebb06d326f514f016c284effb7d52e51171306c6d1151d2df2	7625	T tools: generators, checks and their tests	tools: schematic and placement generators, their inputs (board tables, profiles), the checks and their fixtures
v2/ecad/tools/tests/test_pair_own_legs.py	5a5a083d2d8dc13e22f1a34414c61eb1c3ab585f	ea2e3b29e93c410763b3557f641cb69573bb192a7e235bc4a1a3170f264d2fbf	11127	T tools: generators, checks and their tests	tools: schematic and placement generators, their inputs (board tables, profiles), the checks and their fixtures
v2/ecad/tools/tests/test_pair_report.py	2c5e35097bfed71a431eccdef4124556e6960c9a	a739ba34d2289d3de0fbb8eccfbf183d9e88946dcf5b02d16bad032cdd443f06	5021	T tools: generators, checks and their tests	tools: schematic and placement generators, their inputs (board tables, profiles), the checks and their fixtures
v2/ecad/tools/tests/test_pair_router_imports.py	2ae4860c08739ad3f15ccd2e070fd7275be7ebc0	ff6c58f1685096c4e53ae7c214ed2601ebd465b23e538ff1672ab7f714dea9b0	2776	T tools: generators, checks and their tests	tools: schematic and placement generators, their inputs (board tables, profiles), the checks and their fixtures
v2/ecad/tools/tests/test_pair_station_side.py	3277c2d95ee99ea6b60c1f31e961ebb5b2b2df58	4cbd45e718736cfeea77d08f5f3d032567ad058e15469be5cd3ad3b7f07e2a9f	2524	T tools: generators, checks and their tests	tools: schematic and placement generators, their inputs (board tables, profiles), the checks and their fixtures
v2/ecad/tools/tests/test_pairsearch.py	382e02dd9b24b0a97bac029137a123eb3bc7a25e	ec0f766002d4e769bd1fe3ba808a3de08883071b9b185c59b0e5ea16d7125840	3332	T tools: generators, checks and their tests	tools: schematic and placement generators, their inputs (board tables, profiles), the checks and their fixtures
v2/ecad/tools/tests/test_part_room.py	4444d090ec688ecddfefe0d46e0d252620654dd8	ca0189f880d34e0eed1f0ad62136a9292b9b3afdcf871f7ee6e20183b8996092	3123	T tools: generators, checks and their tests	tools: schematic and placement generators, their inputs (board tables, profiles), the checks and their fixtures
v2/ecad/tools/tests/test_part_temps.py	613657b2d1ebfefd82c05deb17219c670caf0e67	81a82d219707c64c3d91a8b526f82c8aee0a251019cc041f2bd280f05c2ee318	5389	T tools: generators, checks and their tests	tools: schematic and placement generators, their inputs (board tables, profiles), the checks and their fixtures
v2/ecad/tools/tests/test_pcb_rules.py	5979fb1927917fa442815fba9400e9fb651f8f23	4b1fc8af800414a155203a2b2f391bf63de14e75d42412642c3b277ddb88e034	11557	T tools: generators, checks and their tests	tools: schematic and placement generators, their inputs (board tables, profiles), the checks and their fixtures
v2/ecad/tools/tests/test_phase_directory.py	d361194d4c9736954b546ce1dadcaa615af886a1	7710a2c2d4e07a3dd7235e16e0d2c0f31aa687fb4814bc5051b973e9d038ff71	4645	T tools: generators, checks and their tests	tools: schematic and placement generators, their inputs (board tables, profiles), the checks and their fixtures
v2/ecad/tools/tests/test_pin_map_lands.py	2b201b6eb472c16e0a129d823215abcf025e7e93	ea10c48bac1e786cadd4b5289b03074377ff2b7310ec6b20ed0d4bddb0ab9b98	5131	T tools: generators, checks and their tests	tools: schematic and placement generators, their inputs (board tables, profiles), the checks and their fixtures
v2/ecad/tools/tests/test_plane_nets_guard.py	8e190bf697f7510357b925ab406890349b951b61	89d1d9b6da047ca0aefdd67e53267bb0546d07f5696ad6735911462599cca65b	3472	T tools: generators, checks and their tests	tools: schematic and placement generators, their inputs (board tables, profiles), the checks and their fixtures
v2/ecad/tools/tests/test_port_protect.py	15bcce3cfa92bc0e9e361c94a254920042bfd715	f06d08c9c22cb7ce730dc92b5ea2e17963f2ae72f111f7a6c6bd8b89758cd172	45820	T tools: generators, checks and their tests	tools: schematic and placement generators, their inputs (board tables, profiles), the checks and their fixtures
v2/ecad/tools/tests/test_pour_coverage_exemption.py	36fd3a21efeb83cd4013b58b3d75da99c772926e	a434874c3cdb376f15486b5566f18be6447b448a789e1ab02c048706b1076aaf	3575	T tools: generators, checks and their tests	tools: schematic and placement generators, their inputs (board tables, profiles), the checks and their fixtures
v2/ecad/tools/tests/test_pour_stitch_spots.py	6279f029c3c92b17619470897fdf955325fe4321	f72c84c5eb2965ce80ae35346ce5e856ec7fa9c2bfc2d65c2f6d0450b02f9133	2145	T tools: generators, checks and their tests	tools: schematic and placement generators, their inputs (board tables, profiles), the checks and their fixtures
v2/ecad/tools/tests/test_power_path.py	0533230807435cea46d925fedcd09af7df3ef13c	c779cdd5a0a2a4c2e5c8b1486fc594df3b36bd1f3624d2083098e038d4ea7772	12417	T tools: generators, checks and their tests	tools: schematic and placement generators, their inputs (board tables, profiles), the checks and their fixtures
v2/ecad/tools/tests/test_power_sequence.py	3a5d76a0f18b9895e1bb5fda9f6180fcd1eb2d23	ca37fa7f7b94602e79176e98502070cf6ff4bee9ffcd211d41f54c6d0912ca0d	9969	T tools: generators, checks and their tests	tools: schematic and placement generators, their inputs (board tables, profiles), the checks and their fixtures
v2/ecad/tools/tests/test_prelay.py	6f87fcdf207dfbb90e007335011674609c1fc4a9	eabda2a41675a5f316960071879023d40e9712d6c4f6fc43712d55c946663862	16488	T tools: generators, checks and their tests	tools: schematic and placement generators, their inputs (board tables, profiles), the checks and their fixtures
v2/ecad/tools/tests/test_prelay_pairs.py	595318905bda239c1dccecca0b9d42597427c275	b5106dc5f4546468e8beb80bd08cc54de98bf877825e3350c3aec370de6aaca2	6540	T tools: generators, checks and their tests	tools: schematic and placement generators, their inputs (board tables, profiles), the checks and their fixtures
v2/ecad/tools/tests/test_project_minimums.py	fec63ca08b6f45bf3083a98143ec948d60df3c21	fdd6ae92c47f45f6a1218634e87d27e56e4655830ddfcda91651ac6ba3da222d	3323	T tools: generators, checks and their tests	tools: schematic and placement generators, their inputs (board tables, profiles), the checks and their fixtures
v2/ecad/tools/tests/test_provenance_bundle.py	8c485e09fe7fc93f7e49f6592fc21b04a6fe47ea	d0caa9ff3fdcff08098343583631e6f14dfe1585826159a6ff67b9379e22eb50	12075	T tools: generators, checks and their tests	tools: schematic and placement generators, their inputs (board tables, profiles), the checks and their fixtures
v2/ecad/tools/tests/test_public_tables.py	0ace9ded52945d66a211f8916e5152d0c3c85ed5	e163b1a5130772bf3d5722d7987864099b24d84e6fb598f56de9b13cdffcea01	3256	T tools: generators, checks and their tests	tools: schematic and placement generators, their inputs (board tables, profiles), the checks and their fixtures
v2/ecad/tools/tests/test_rail_barrels.py	da75aacc4a96d234d251b08eb1dd8ad915b5885f	c12d5175bc7db88f7f4d845e37568a83c1c09299a8ef6d26391ddd46e5b8995b	29182	T tools: generators, checks and their tests	tools: schematic and placement generators, their inputs (board tables, profiles), the checks and their fixtures
v2/ecad/tools/tests/test_rail_crossings.py	34f9b61ca822c448ffbee66029c86a58f3efe2fd	ea4a1f1efc29ff12b18dfaf503b2090538abf20b35c8998e9091560143c94049	23840	T tools: generators, checks and their tests	tools: schematic and placement generators, their inputs (board tables, profiles), the checks and their fixtures
v2/ecad/tools/tests/test_rail_loads.py	b5dba6cb620fdfcff2fd8ee38f8ab210b347b2b4	c514d229c088ecb66d2148066bcd0cd81c2a3a584cdbdc92680135e77bc606a6	11582	T tools: generators, checks and their tests	tools: schematic and placement generators, their inputs (board tables, profiles), the checks and their fixtures
v2/ecad/tools/tests/test_rails_census.py	afceaf342d6a758b93c80b94fef30c40f18374cb	05729c4342d02d60a9b30ab6e660660fa62d7a23fc602cde2c88c8332d04c6cc	32945	T tools: generators, checks and their tests	tools: schematic and placement generators, their inputs (board tables, profiles), the checks and their fixtures
v2/ecad/tools/tests/test_rails_netlist.py	b448747317250756a7e1980d788a93abc12791b7	f6171c138eea398d1807c8a916ed762c3c3f4a0b2c0d8d7995c1b62a2a1ece0a	53316	T tools: generators, checks and their tests	tools: schematic and placement generators, their inputs (board tables, profiles), the checks and their fixtures
v2/ecad/tools/tests/test_ref_change.py	2a2b5e23603358203e7b0a1941c35eff6ad56d5f	fbbe4d9378ed4ae56fd62ae59ec9e23b4a3dc9b23c0fa2ac1d486b1f25174821	3958	T tools: generators, checks and their tests	tools: schematic and placement generators, their inputs (board tables, profiles), the checks and their fixtures
v2/ecad/tools/tests/test_regen_compare.py	e6e53d947754c411ab828535ca5dbe59994350f8	e3fa380e2b5fb71ae9904f892e6b9da29d1301d769590516dfe2c3fb8d832743	16173	T tools: generators, checks and their tests	tools: schematic and placement generators, their inputs (board tables, profiles), the checks and their fixtures
v2/ecad/tools/tests/test_region_fit.py	9043143c0ef85d68a68fbac36750d00acb5506e4	9476cb156bf80124d50db037ae8cf9877d05a5e55f6c7ab713e534d1d0955b52	5547	T tools: generators, checks and their tests	tools: schematic and placement generators, their inputs (board tables, profiles), the checks and their fixtures
v2/ecad/tools/tests/test_region_overlap.py	82ec75fe45d3864d9fc3d3ce7612eed9f98cb587	59c1f8fb158dfaa77f92f6a0acc3690356e0c8121963539f08e64f3e4487c41c	8292	T tools: generators, checks and their tests	tools: schematic and placement generators, their inputs (board tables, profiles), the checks and their fixtures
v2/ecad/tools/tests/test_reliability.py	9d19932b52d27b587303488c23a7e36fecc4089e	cc55ccb7d623c17355b3da41614a339248ee296056595b636449f18fd93e0723	3783	T tools: generators, checks and their tests	tools: schematic and placement generators, their inputs (board tables, profiles), the checks and their fixtures
v2/ecad/tools/tests/test_requirements.py	c544d60af0871efc89a14896f9cbae3696c43c45	12e0dc352c7a44c50b2e63cf51c38ef99412d3b8a25c53b7da74a25ac0e71377	51558	T tools: generators, checks and their tests	tools: schematic and placement generators, their inputs (board tables, profiles), the checks and their fixtures
v2/ecad/tools/tests/test_reserved.py	82803e80747a7140966b4b7c72a2c08956d26022	f97b551c31c7deefc674fc1d353bf5984715c56b97f2b2158d6bbf42fb952768	9639	T tools: generators, checks and their tests	tools: schematic and placement generators, their inputs (board tables, profiles), the checks and their fixtures
v2/ecad/tools/tests/test_retake_schematic_phase.py	de2dde6da27d09fbfe1d6109568cfbb8062a95ee	528f88b971945fc5b6d50939cc3affbafe03938652fd3ad9662582a2427339b7	12584	T tools: generators, checks and their tests	tools: schematic and placement generators, their inputs (board tables, profiles), the checks and their fixtures
v2/ecad/tools/tests/test_retired_boards.py	41560248ec1f79b703f087732967d7fc5cb79e8b	ad219625ab07e3d78cd25fc702be3dc0d7968f5ca48e648d00af37eddab81152	4912	T tools: generators, checks and their tests	tools: schematic and placement generators, their inputs (board tables, profiles), the checks and their fixtures
v2/ecad/tools/tests/test_retired_parts.py	041241224723dde6165e75922883a50d44b4f645	ca45bf4aa50ec4223349ec3b82d38e13dc7ecd7f574b387db8fd997b7cd2a77b	3446	T tools: generators, checks and their tests	tools: schematic and placement generators, their inputs (board tables, profiles), the checks and their fixtures
v2/ecad/tools/tests/test_return_rules.py	249e920b21265e16df6ed31dd307aefa302051cf	3ed10d12c27ba46eae04036aea8c5cfd241b97ca47dd0e33685d5ee59e0c680d	29006	T tools: generators, checks and their tests	tools: schematic and placement generators, their inputs (board tables, profiles), the checks and their fixtures
v2/ecad/tools/tests/test_review_packet.py	6fe83a2bb4dde797e86ca5c84f6c0c5df908a8e1	db4b3f8eeb951e7816811582d29c51bcb97e7e71f59f56610ea8b5809f0a6ea5	32841	T tools: generators, checks and their tests	tools: schematic and placement generators, their inputs (board tables, profiles), the checks and their fixtures
v2/ecad/tools/tests/test_rf_line.py	77a3620b5d9c942fa334b9002d5e3b1e064ba4bb	4979ffd7747c04c39f73e53908e367f38f5a01e3860fddcc51b44d14bae2d670	6296	T tools: generators, checks and their tests	tools: schematic and placement generators, their inputs (board tables, profiles), the checks and their fixtures
v2/ecad/tools/tests/test_rule_gate_mapping.py	a003bf3bb61c4d9cd6a13eed894b0dddd882e37e	957e1350735f15cb3844408a47eadaaac3dbda387e80c497b9007ecffe4b61d8	22377	T tools: generators, checks and their tests	tools: schematic and placement generators, their inputs (board tables, profiles), the checks and their fixtures
v2/ecad/tools/tests/test_rule_windows.py	6963f8a9ba8bc0761de15225ddc7a5dfff004d3b	d4578c8fc4b67c505d65fbd79ae0af33c8a5dc046c1db2a097f37aeff5c73ee9	7372	T tools: generators, checks and their tests	tools: schematic and placement generators, their inputs (board tables, profiles), the checks and their fixtures
v2/ecad/tools/tests/test_rules_registry.py	cd5ff288d84862d07b4fbad0a1f2dde968124d39	22fb5564b362f1a98374338aea8393944b1a50a5882104d6a581ba94c9e515c1	9344	T tools: generators, checks and their tests	tools: schematic and placement generators, their inputs (board tables, profiles), the checks and their fixtures
v2/ecad/tools/tests/test_rules_status.py	6e68227738836e367c8205afd7587dabf5d07756	06bb950955ff35ce25ea01b2952294cb1e2a41c1ad5db5696cb805431ab11456	38285	T tools: generators, checks and their tests	tools: schematic and placement generators, their inputs (board tables, profiles), the checks and their fixtures
v2/ecad/tools/tests/test_safe_lines.py	229f4efa3bf964b15b03b06d43870831ff81008b	56fda6852072954cb886c02dc9a382f7b9aac7935a187fdce7b9a0fc5e816e34	7853	T tools: generators, checks and their tests	tools: schematic and placement generators, their inputs (board tables, profiles), the checks and their fixtures
v2/ecad/tools/tests/test_sch_prov.py	06c4331189fe4d835e35fc979a42d2791884f85d	f1feef2777bf1078fd8f8414697c4a816107bd4995a5b4f2a7a9a79624a27e4d	15313	T tools: generators, checks and their tests	tools: schematic and placement generators, their inputs (board tables, profiles), the checks and their fixtures
v2/ecad/tools/tests/test_schematic_pages.py	7d8a5136d4695d523abb000261e7fa76766857f3	568bcf115c0edd8e79111c1981266d31a9bb3e0a16e00579b02d569241ab97a4	5042	T tools: generators, checks and their tests	tools: schematic and placement generators, their inputs (board tables, profiles), the checks and their fixtures
v2/ecad/tools/tests/test_schematic_paging.py	032933b43286ff4dd10b92951fa6ec7d03563f26	8ace76cd8f16dab0667227b432ba45f930a7440f9fc3e225c72dc3218a09a02e	3033	T tools: generators, checks and their tests	tools: schematic and placement generators, their inputs (board tables, profiles), the checks and their fixtures
v2/ecad/tools/tests/test_sense_fence.py	4d9b07fb374d442dccb8772cfd9a8fc6eb3d0b75	95de0452a63b88450509a948474e14233b1adf9597829f1262da53cda80a407f	5790	T tools: generators, checks and their tests	tools: schematic and placement generators, their inputs (board tables, profiles), the checks and their fixtures
v2/ecad/tools/tests/test_sense_reach.py	5371f30ece5c749eb4d4d1df31839e474d55cb47	16a5e6dcbba566f6a74d1f5aa8f78aa8c68bec8424f4d2dca71e95da90da8e96	10252	T tools: generators, checks and their tests	tools: schematic and placement generators, their inputs (board tables, profiles), the checks and their fixtures
v2/ecad/tools/tests/test_sensitive_guard.py	c800daa1f62b3b5471f01e7d7d0876dbb818977e	cafa3cd9990d8918616f6ce8b2389a82f056cf97ff9c15f8f19bff25a7f7ad20	3065	T tools: generators, checks and their tests	tools: schematic and placement generators, their inputs (board tables, profiles), the checks and their fixtures
v2/ecad/tools/tests/test_sensitive_nodes.py	0e32b4e0c445e61deb3fead97f851638c2dd397c	86aeac1210edd01d79c61a68400aceb012d467af9dc7da17ae9df307328d60ab	11880	T tools: generators, checks and their tests	tools: schematic and placement generators, their inputs (board tables, profiles), the checks and their fixtures
v2/ecad/tools/tests/test_series_segment.py	19bbb49e38c1579d4cc8ef743618511c0976862a	294a0b44cce6b1cfd2812a88bfb09cbaf9fc85ae0adc6cea2bec71dc14637412	9472	T tools: generators, checks and their tests	tools: schematic and placement generators, their inputs (board tables, profiles), the checks and their fixtures
v2/ecad/tools/tests/test_ses_via_drill.py	8e8f1778711d6fc04b9ee716fcb77e178d141ad9	f94d182d9da063277cb93fee5398cbe20f17a3da44d2456d087a73c1b9a50d74	2360	T tools: generators, checks and their tests	tools: schematic and placement generators, their inputs (board tables, profiles), the checks and their fixtures
v2/ecad/tools/tests/test_shell_parses.py	551016a6b1c1f4e181808bdbb8b9f94fe6dfd2c5	f6c576bbbd8d082055147dcd2ccff8c6db73d4f25603f3a12045cd3f7a198acd	710	T tools: generators, checks and their tests	tools: schematic and placement generators, their inputs (board tables, profiles), the checks and their fixtures
v2/ecad/tools/tests/test_shipped_strings.py	d1aea9b4278dcd970109183c2377f75423f29e3e	03d3554584077698537b3e7bc78d5a3cc3c271db10affe7b2cc0860949f7b294	3409	T tools: generators, checks and their tests	tools: schematic and placement generators, their inputs (board tables, profiles), the checks and their fixtures
v2/ecad/tools/tests/test_signal_class.py	01ee38cee27271aa11902013f155a1ff3a07fc20	8d4f9486d840188b756a2eb7c8117944d8912b8f56b54cc69486ca6d6a4b142d	11390	T tools: generators, checks and their tests	tools: schematic and placement generators, their inputs (board tables, profiles), the checks and their fixtures
v2/ecad/tools/tests/test_silk_sibling_phase.py	aa99957d75f479d1b66459d20d52217fddc6f957	b178700c24d7c60a8b05a86959ded51953041986e50b8aeee4d65d673644003a	5160	T tools: generators, checks and their tests	tools: schematic and placement generators, their inputs (board tables, profiles), the checks and their fixtures
v2/ecad/tools/tests/test_smbus_lead_contract.py	c5b809a6b6194ad85966972deaeaa13d5120cb47	437816796daaf9515dda026dc225c2d20520f40224634d1e3e47e72c720c3b65	7579	T tools: generators, checks and their tests	tools: schematic and placement generators, their inputs (board tables, profiles), the checks and their fixtures
v2/ecad/tools/tests/test_spacing.py	845d5dbe744143c539509268ce5e729e1bf2b3d6	4cfe72999126a112c25f7656006506c67a9aecdf88510204a9d1e764afad249f	8919	T tools: generators, checks and their tests	tools: schematic and placement generators, their inputs (board tables, profiles), the checks and their fixtures
v2/ecad/tools/tests/test_stackup_gate.py	19b8d4022a89ce6752480fc65d9c78cad041a33b	f3860eba691d44b735455d002acc7e55ad9d3f22662e26a72b4de64f4f099b3d	5069	T tools: generators, checks and their tests	tools: schematic and placement generators, their inputs (board tables, profiles), the checks and their fixtures
v2/ecad/tools/tests/test_stackup_reader.py	b090ff4818f2f95ab4b82835c320cf41f3b16943	a512595f25e7cca09e3039705f248f4b34b6ffdbb1fa7bba7bcd0e914e960e4e	8202	T tools: generators, checks and their tests	tools: schematic and placement generators, their inputs (board tables, profiles), the checks and their fixtures
v2/ecad/tools/tests/test_stackup_write.py	5a3938ff0ad8669fc9075ff8e91b5f1495746223	7a67b6235ab2d8feb559690179f129afb1b4c8cb1a7e35cc638464ad97e1e771	9513	T tools: generators, checks and their tests	tools: schematic and placement generators, their inputs (board tables, profiles), the checks and their fixtures
v2/ecad/tools/tests/test_stale_evidence.py	8153a17d84b2ae3018d610a3c7a3217833ef2661	c1373be2033b0cb2dde960b4c2b297dcd22489e1be27f92a147ef191f97e09d2	5606	T tools: generators, checks and their tests	tools: schematic and placement generators, their inputs (board tables, profiles), the checks and their fixtures
v2/ecad/tools/tests/test_stale_netlist.py	ef086957fa9cc5623cc2a5eba4a04f6dd1906366	9a90a3703b99ecdc88fc51b1ec006e1e42fbd48b5ae8be35e6697e04ad9deee4	2551	T tools: generators, checks and their tests	tools: schematic and placement generators, their inputs (board tables, profiles), the checks and their fixtures
v2/ecad/tools/tests/test_stale_readings.py	7332afe1ac8599ec98e3deabfa5762e39890a41f	9ad656b121f4bece59e83408bf84a8d025e510b0ab81440560e20ef5e23bbd0f	7328	T tools: generators, checks and their tests	tools: schematic and placement generators, their inputs (board tables, profiles), the checks and their fixtures
v2/ecad/tools/tests/test_stub_clearance.py	e87a11fc177d22c6cba9b0a634cb41eba5dc1e9e	318bc075d15e1b3257b569fc6d1694a81a2d17aad742553974d6e0a1819cd71a	5606	T tools: generators, checks and their tests	tools: schematic and placement generators, their inputs (board tables, profiles), the checks and their fixtures
v2/ecad/tools/tests/test_stub_emit.py	62f4c7c70dda8ecdc64070413c49b352afccfa4b	1c616837f606882aa6ea6f1514383e0c7aedb79ae5eeb7cb0a84139e7677718b	3634	T tools: generators, checks and their tests	tools: schematic and placement generators, their inputs (board tables, profiles), the checks and their fixtures
v2/ecad/tools/tests/test_stub_landing.py	2d58689483d2ac947441bcd772d07b776e3272e5	f5feca365044a27b97a3168f1590cc317e94247b8925440367fe527e3c7ae9b6	5486	T tools: generators, checks and their tests	tools: schematic and placement generators, their inputs (board tables, profiles), the checks and their fixtures
v2/ecad/tools/tests/test_stub_not_worse.py	07455305c0c1e9c004bcd1a1f60d8dae707d9289	a8aa3e4210edbc3512e9e3b7a3212be7468ac5f512fe02c6f5e802360df1f219	3201	T tools: generators, checks and their tests	tools: schematic and placement generators, their inputs (board tables, profiles), the checks and their fixtures
v2/ecad/tools/tests/test_stub_router.py	abf3cd68843a2654555a4cd587e769cbac33f575	1014065c03890e174e04444362686708f33e7054ffc19f244f6e9ff5f19f0b55	3612	T tools: generators, checks and their tests	tools: schematic and placement generators, their inputs (board tables, profiles), the checks and their fixtures
v2/ecad/tools/tests/test_stub_router_accept.py	1d53c518bc0ba8d43955b4b708ad7426abe194bf	9017415faef927e798a6d12ea7823a4c78983d97ae35a7c82a1c939a17c9bd35	36312	T tools: generators, checks and their tests	tools: schematic and placement generators, their inputs (board tables, profiles), the checks and their fixtures
v2/ecad/tools/tests/test_stub_zone_obstacle.py	a90438c8184c037201290df95ca4aa0f842b8eca	cbc9537f49125c482f57b3c686165a931976e3c26a57d09cb9f26bf07d9a8449	4258	T tools: generators, checks and their tests	tools: schematic and placement generators, their inputs (board tables, profiles), the checks and their fixtures
v2/ecad/tools/tests/test_swallowed_calls.py	cd7b2541607eaa997cefa42f77647782b024e894	b60862b6127f764adbc00ab27f5565755b095013c707030d239bfd079f8d67c3	3604	T tools: generators, checks and their tests	tools: schematic and placement generators, their inputs (board tables, profiles), the checks and their fixtures
v2/ecad/tools/tests/test_swallowed_code.py	8e7173808cdb06a7e8e7b6a633821843b13ee773	5f2ee7411f4a1def648955617c4e87c9bfe83d72195b320328664cd8c83834e8	4369	T tools: generators, checks and their tests	tools: schematic and placement generators, their inputs (board tables, profiles), the checks and their fixtures
v2/ecad/tools/tests/test_sweep_placement.py	998329c01207dcd1fe47828c78ab4eccf0e90673	e51cc635ae6c8862daccd028967afd20f47305d37381fb77f31d09be4d1baefa	2581	T tools: generators, checks and their tests	tools: schematic and placement generators, their inputs (board tables, profiles), the checks and their fixtures
v2/ecad/tools/tests/test_switch_list.py	eff4d42f0bf3f59c46eb96f2e488be0a4cc56d5e	ef7fa105535991283a41d4affcbc99506327c6d10d9b8d5f91b3621e5f367fd1	5350	T tools: generators, checks and their tests	tools: schematic and placement generators, their inputs (board tables, profiles), the checks and their fixtures
v2/ecad/tools/tests/test_thermal.py	1d0e22dd4c00ed0ca2bf056190e5c4402fed9225	c485d6968ca0c1d60ee30a34cedceea13aea6a643dd2686196bc2c10398b7f92	3121	T tools: generators, checks and their tests	tools: schematic and placement generators, their inputs (board tables, profiles), the checks and their fixtures
v2/ecad/tools/tests/test_track_current.py	980e5ccab8f0c9ec3c462e3dcb641c9497fbdaae	6741c3ffe94009346aae2e39fd32b0a6950529e0f23b47e4c4c5af1b06dabf32	8954	T tools: generators, checks and their tests	tools: schematic and placement generators, their inputs (board tables, profiles), the checks and their fixtures
v2/ecad/tools/tests/test_trial_board_measure.py	84423eb46bb5f8a095b8d5e95fa4d6276d1ab78f	8d4e1410f4e09d4a58b17f7dbbef0e5a17ff38b8b309bb8d861c4c513afa661b	2419	T tools: generators, checks and their tests	tools: schematic and placement generators, their inputs (board tables, profiles), the checks and their fixtures
v2/ecad/tools/tests/test_tx_inhibit.py	e4a5f40b4d5522e444b8cb21dd7d52ce0d8a5284	b504443b30c8052cd656c4d0945cc43031b1bf869591acb92cfeb2c80f446514	273206	T tools: generators, checks and their tests	tools: schematic and placement generators, their inputs (board tables, profiles), the checks and their fixtures
v2/ecad/tools/tests/test_tx_inhibit_split_guard.py	2443d4875d1fd355d609f327393e5de5835e15c4	3fd028e87359d1876b3a3aa7b622289f3045635fb46df624e4bce48769cd56c2	6024	T tools: generators, checks and their tests	tools: schematic and placement generators, their inputs (board tables, profiles), the checks and their fixtures
v2/ecad/tools/tests/test_unfilled_board.py	1190aff42e580c51ae97e3862feb5b36c0967fb3	94a316c71ebdecbded1bf671ee5056b01aed9c1536401a026e8960d0cba8caf5	1805	T tools: generators, checks and their tests	tools: schematic and placement generators, their inputs (board tables, profiles), the checks and their fixtures
v2/ecad/tools/tests/test_verdict_channel.py	4da79d0f5b37e59d488507c0e15b62060f875740	c05022fe149c2dbcd1f656737f64ad0aa07ea376ad9dde79c54848ad4066d36c	49889	T tools: generators, checks and their tests	tools: schematic and placement generators, their inputs (board tables, profiles), the checks and their fixtures
v2/ecad/tools/tests/test_via_current.py	269444087a33fd18f559cd1a1c33a049f3d8de50	afcf80143010dc8b0165b58d53a09114c04f93c207372c8cc17920c0ee7b775e	25847	T tools: generators, checks and their tests	tools: schematic and placement generators, their inputs (board tables, profiles), the checks and their fixtures
v2/ecad/tools/tests/test_via_in_its_nets_fill.py	1f18f118731a2acaaa02ad5524ed9f186b31e326	f41ed55f85d96971620a13f1ba9fbf4e079fd8c25267f6e9590838480ac447ba	3614	T tools: generators, checks and their tests	tools: schematic and placement generators, their inputs (board tables, profiles), the checks and their fixtures
v2/ecad/tools/tests/test_via_parallel.py	047c3597cf95d0a52b6326ee84b9b0c7b093a7f8	1d870d80831d87e03c3a2cc067e25ef5fe3fdc45148aa307989d2aa652fc03dd	5319	T tools: generators, checks and their tests	tools: schematic and placement generators, their inputs (board tables, profiles), the checks and their fixtures
v2/ecad/tools/tests/test_widen_net.py	71bfb6ab5adad62edb0e9b6db8d682b1c102f78b	4f8511c2115715871e4464b1f9fbda049a217d49f09f2b97d51ba4d92e735c18	2561	T tools: generators, checks and their tests	tools: schematic and placement generators, their inputs (board tables, profiles), the checks and their fixtures
v2/ecad/tools/thermal.py	8019cad3fc18939578177378fdda1467fbb481f9	5b8aade8ce28be00e29837cdd055cdba7290338ce9b106bdd4cbe3d26edb3bf7	13169	T tools: generators, checks and their tests	tools: schematic and placement generators, their inputs (board tables, profiles), the checks and their fixtures
v2/ecad/tools/thermal_pads.py	4a22a08e3f56df403e35aafa0e065ee8c67f9769	7d8c09271d4a384a5a5b44e895f8a28a93a73b104a1876f491d2214bc336a9fe	2061	T tools: generators, checks and their tests	tools: schematic and placement generators, their inputs (board tables, profiles), the checks and their fixtures
v2/ecad/tools/tile_labels.py	05385bdab8b410dd54d7be3604d45edf2fe66711	6ad6f19fcf2cac9589633e0f8f8fe19f2aef00e9ffe91a83f51163556ecd4321	5799	T tools: generators, checks and their tests	tools: schematic and placement generators, their inputs (board tables, profiles), the checks and their fixtures
v2/ecad/tools/track_current.py	71f26d3b45a6d8d762986b729838d8916c46af6b	fd750e4dc429a7907364346d6de4087f4ca1aeed1a073976eef9f15a62b059a0	12262	T tools: generators, checks and their tests	tools: schematic and placement generators, their inputs (board tables, profiles), the checks and their fixtures
v2/ecad/tools/tx_inhibit.py	3222a68ae9d60453e432d980060943898acac3c5	67cba7a55beebc1dc5ea4b563c90ee22ecc0503d7f52f45a5b19343910009f6f	333102	T tools: generators, checks and their tests	tools: schematic and placement generators, their inputs (board tables, profiles), the checks and their fixtures
v2/ecad/tools/unknot.py	de2d0fdc32426d887c7a13475ba5aa7974479baa	140a2371e2dd1059317773fff0b4161b9aa9a1e7dfd02562a0be63c69dcb737a	2157	T tools: generators, checks and their tests	tools: schematic and placement generators, their inputs (board tables, profiles), the checks and their fixtures
v2/ecad/tools/verdict.py	92876a045ab71765f2e928bae5f82b80d204451c	e7d66c930b2c43570c2b2e324d430e294603c20af6e95be99af3ca08119734fe	42697	T tools: generators, checks and their tests	tools: schematic and placement generators, their inputs (board tables, profiles), the checks and their fixtures
v2/ecad/tools/verify_deliverable.py	19dbc9e1fe1662506608bfcefa131a7e752e70b9	a9b9fa6db4f35c7f1f39e72aedb313aa06802f4d4cce33ebe90e8c6191a72189	14004	T tools: generators, checks and their tests	tools: schematic and placement generators, their inputs (board tables, profiles), the checks and their fixtures
v2/ecad/tools/via_audit.py	43694963837e4073f3367e31987a226fb00e56e3	07e650e0efda1dd100db08806bb17b6c8246e52d88ee35d65d7f9d66a34beddb	10022	T tools: generators, checks and their tests	tools: schematic and placement generators, their inputs (board tables, profiles), the checks and their fixtures
v2/ecad/tools/via_current.py	f6a1ba7e014e262cbadbb0ed7614cf2c65784918	92ed84ac1612fd549fa440fb6a62737306e3af9569084e784f62fe9c5597dd3a	22383	T tools: generators, checks and their tests	tools: schematic and placement generators, their inputs (board tables, profiles), the checks and their fixtures
v2/ecad/tools/via_merge.py	a12a70e31fe8723e8df72a748a70dc41e2845dc0	96c6d5ad9077a375fbad2883836ae9f8d34db26bdb16b183f6c2311255441356	9749	T tools: generators, checks and their tests	tools: schematic and placement generators, their inputs (board tables, profiles), the checks and their fixtures
v2/ecad/tools/via_parallel.py	3d9db0c3eaaeced83d0240c91725582db20f09df	759943ee53438796c8c33a7d4886443e8d2105cfa301a04bc63910c01f86d685	25804	T tools: generators, checks and their tests	tools: schematic and placement generators, their inputs (board tables, profiles), the checks and their fixtures
v2/ecad/tools/widen_net.py	bf6c60f9766c92d435da25297b55f3de5ee23c37	3fdb7c460093df7384e95db24a994514492ca7e5fd4ec7f3e22a2b7a16de95ad	10526	T tools: generators, checks and their tests	tools: schematic and placement generators, their inputs (board tables, profiles), the checks and their fixtures
v2/ecad/tools/z_budget.py	0ef00e27c49feadce33b1aaaf4fc56d3ea59da5a	57e7a19f8770e719260d7bc34a0042e3925fc1211e2ae2dc22e2e588c0b0e22a	8130	T tools: generators, checks and their tests	tools: schematic and placement generators, their inputs (board tables, profiles), the checks and their fixtures
v2/ecad/tools/zone_pad_via.py	3796ee55f26a11681ae7aefd3f6e1ec1cfd5a2f7	f3958442744426e345572d05f5b114d1efb3450a89c1b61515f76d8bb4e5d85b	6152	T tools: generators, checks and their tests	tools: schematic and placement generators, their inputs (board tables, profiles), the checks and their fixtures
v2/release/case-2026-09-27/MANIFEST.sha256	e2911c8c2e783f25dc6e448a880cc1df4152f035	cfd1078ef84929369f328b73a63e65a3de83f718854b173bc9662ccb98347cec	5027	L7 layer 7, mechanical and enclosure	the case release of 27 September 2026 for the chosen arrangement C1 to C6 (the layer 7 closer): the made parts' STEP and DXF, the dimensioned drawings (sheets 1 to 14, the QMX lid tray on sheet 14), templates, the stack report and the margins record, built by v2/cad/build_case_release.sh, with MANIFEST.sha256
v2/release/case-2026-09-27/README.md	1155ccfb2f9c031dffd3652ec3b92f771e88f4af	531af606ced9885969fd8194d50611f3654349e327d2eba959e4ac966066e168	13601	L7 layer 7, mechanical and enclosure	the case release of 27 September 2026 for the chosen arrangement C1 to C6 (the layer 7 closer): the made parts' STEP and DXF, the dimensioned drawings (sheets 1 to 14, the QMX lid tray on sheet 14), templates, the stack report and the margins record, built by v2/cad/build_case_release.sh, with MANIFEST.sha256
v2/release/case-2026-09-27/connector-plate/connector-plate-gasket.dxf	4f7b06b3267ec2913a6f7cb2099eea6c747a85e6	e316017eba5b6b29ab1fb0f7a0c171e77805456fa4742e6fa15fd3f71982ee99	18907	L7 layer 7, mechanical and enclosure	the case release of 27 September 2026 for the chosen arrangement C1 to C6 (the layer 7 closer): the made parts' STEP and DXF, the dimensioned drawings (sheets 1 to 14, the QMX lid tray on sheet 14), templates, the stack report and the margins record, built by v2/cad/build_case_release.sh, with MANIFEST.sha256
v2/release/case-2026-09-27/connector-plate/connector-plate.dxf	126fe07a51da262261f5517d1d737a37497559d3	4b838b95ceb7dadbce590953223d0174280a947ca7070a06422765c393d5853f	23103	L7 layer 7, mechanical and enclosure	the case release of 27 September 2026 for the chosen arrangement C1 to C6 (the layer 7 closer): the made parts' STEP and DXF, the dimensioned drawings (sheets 1 to 14, the QMX lid tray on sheet 14), templates, the stack report and the margins record, built by v2/cad/build_case_release.sh, with MANIFEST.sha256
v2/release/case-2026-09-27/connector-plate/connector-plate.step	a5f9c322d36440810ba51a1a43ed8678c54df63b	fe4af0f61d5446ad8dd495dd5e1fdef73af9cd7904db39852a0c5280fc079717	125567	L7 layer 7, mechanical and enclosure	the case release of 27 September 2026 for the chosen arrangement C1 to C6 (the layer 7 closer): the made parts' STEP and DXF, the dimensioned drawings (sheets 1 to 14, the QMX lid tray on sheet 14), templates, the stack report and the margins record, built by v2/cad/build_case_release.sh, with MANIFEST.sha256
v2/release/case-2026-09-27/drawings/board-envelope-a.pdf	f3d2e26168e7016da85b896c87cdbddff1dc0b82	2f6da4b1e22ecee3600cbe8bb244ddfcd393ba0732399f29387eb52ddf122b35	83087	L7 layer 7, mechanical and enclosure	the case release of 27 September 2026 for the chosen arrangement C1 to C6 (the layer 7 closer): the made parts' STEP and DXF, the dimensioned drawings (sheets 1 to 14, the QMX lid tray on sheet 14), templates, the stack report and the margins record, built by v2/cad/build_case_release.sh, with MANIFEST.sha256
v2/release/case-2026-09-27/drawings/board-envelope-b.pdf	336810b6c68e531b81f76ed139b0de8ee6ca7f0f	d14bffcb85ac5d8c68fa6e707c366150787bc9c74831383994eda49d82d6f87f	111899	L7 layer 7, mechanical and enclosure	the case release of 27 September 2026 for the chosen arrangement C1 to C6 (the layer 7 closer): the made parts' STEP and DXF, the dimensioned drawings (sheets 1 to 14, the QMX lid tray on sheet 14), templates, the stack report and the margins record, built by v2/cad/build_case_release.sh, with MANIFEST.sha256
v2/release/case-2026-09-27/drawings/board-envelope-c.pdf	f9c2a095c7df5be5de84e7c62c3caceedf0b1b95	8173e4626d8a7cc1992d2a3fb563a258983279d1f366421bb55cfb0a08cc0af8	81640	L7 layer 7, mechanical and enclosure	the case release of 27 September 2026 for the chosen arrangement C1 to C6 (the layer 7 closer): the made parts' STEP and DXF, the dimensioned drawings (sheets 1 to 14, the QMX lid tray on sheet 14), templates, the stack report and the margins record, built by v2/cad/build_case_release.sh, with MANIFEST.sha256
v2/release/case-2026-09-27/drawings/board-envelope-d.pdf	1e0259e1ca104c85c5aaf19100dcdbc146100d55	f1bf063abf48dd4cfb0e531d57bbb2b4e8cd865351936f91a4b89c4e3e566200	74774	L7 layer 7, mechanical and enclosure	the case release of 27 September 2026 for the chosen arrangement C1 to C6 (the layer 7 closer): the made parts' STEP and DXF, the dimensioned drawings (sheets 1 to 14, the QMX lid tray on sheet 14), templates, the stack report and the margins record, built by v2/cad/build_case_release.sh, with MANIFEST.sha256
v2/release/case-2026-09-27/drawings/board-envelope-e.pdf	a0cb3c9c39b0b5fd9137f4a5afae971dd5c1ea99	62883526a721bf7009b254094b3661a62c4b3bb4971f0a3769fa5148d7562f68	81718	L7 layer 7, mechanical and enclosure	the case release of 27 September 2026 for the chosen arrangement C1 to C6 (the layer 7 closer): the made parts' STEP and DXF, the dimensioned drawings (sheets 1 to 14, the QMX lid tray on sheet 14), templates, the stack report and the margins record, built by v2/cad/build_case_release.sh, with MANIFEST.sha256
v2/release/case-2026-09-27/drawings/board-envelope-e5.pdf	188192b8cb3e8b6cd58917bf547f240e006a84c3	71ea9962aef0171b1072329fbc00fd00f312664b81902326181724e9eca665ca	66255	L7 layer 7, mechanical and enclosure	the case release of 27 September 2026 for the chosen arrangement C1 to C6 (the layer 7 closer): the made parts' STEP and DXF, the dimensioned drawings (sheets 1 to 14, the QMX lid tray on sheet 14), templates, the stack report and the margins record, built by v2/cad/build_case_release.sh, with MANIFEST.sha256
v2/release/case-2026-09-27/drawings/board-envelope-p.pdf	0bee13ea4628e882486527947b88c7c41c1ce7a1	53700b999678d1089a08b23b11ed2ff20a486ae99a77e59932b3f3171077f6ce	69335	L7 layer 7, mechanical and enclosure	the case release of 27 September 2026 for the chosen arrangement C1 to C6 (the layer 7 closer): the made parts' STEP and DXF, the dimensioned drawings (sheets 1 to 14, the QMX lid tray on sheet 14), templates, the stack report and the margins record, built by v2/cad/build_case_release.sh, with MANIFEST.sha256
v2/release/case-2026-09-27/drawings/case-drawings-2-to-14.pdf	1e6bcee1187d5a31a9ccdd0e7303f36a3bd5efbc	fc8d2ae9c721e7b0eb802a15f8415a8bb26490fa092582bf16322d157142f263	381729	L7 layer 7, mechanical and enclosure	the case release of 27 September 2026 for the chosen arrangement C1 to C6 (the layer 7 closer): the made parts' STEP and DXF, the dimensioned drawings (sheets 1 to 14, the QMX lid tray on sheet 14), templates, the stack report and the margins record, built by v2/cad/build_case_release.sh, with MANIFEST.sha256
v2/release/case-2026-09-27/drawings/case-plan-drawing.pdf	0abd47fe17a6d9fd9540a776f05ed7dfff0910be	c67fab11475e5e8417416211f5b3b4edb9bcc389a830d774ca1a434bbdbda210	85659	L7 layer 7, mechanical and enclosure	the case release of 27 September 2026 for the chosen arrangement C1 to C6 (the layer 7 closer): the made parts' STEP and DXF, the dimensioned drawings (sheets 1 to 14, the QMX lid tray on sheet 14), templates, the stack report and the margins record, built by v2/cad/build_case_release.sh, with MANIFEST.sha256
v2/release/case-2026-09-27/drawings/connector-plate-drawing.pdf	6ef3d24a08b04d0ab9fe712d24f98c5045785d30	94d6561a437a6412ee8958073cabf27adaa51b1183b1b022d3695e20eadec7d2	82484	L7 layer 7, mechanical and enclosure	the case release of 27 September 2026 for the chosen arrangement C1 to C6 (the layer 7 closer): the made parts' STEP and DXF, the dimensioned drawings (sheets 1 to 14, the QMX lid tray on sheet 14), templates, the stack report and the margins record, built by v2/cad/build_case_release.sh, with MANIFEST.sha256
v2/release/case-2026-09-27/drawings/face-plate-drawing.pdf	1f8967682b020f9a06910736c37f338b24b20326	ef9a2fb1df36deef74b5959633dd15583ea7388d8e48bd0f087f9f086fa4d061	80622	L7 layer 7, mechanical and enclosure	the case release of 27 September 2026 for the chosen arrangement C1 to C6 (the layer 7 closer): the made parts' STEP and DXF, the dimensioned drawings (sheets 1 to 14, the QMX lid tray on sheet 14), templates, the stack report and the margins record, built by v2/cad/build_case_release.sh, with MANIFEST.sha256
v2/release/case-2026-09-27/drawings/frame-and-legs-drawing.pdf	d3a35a725c0a2ce249e5d6de7fa775789e86fe20	792143ed01c0be6b29c4627fc2470014844fb22fe473e41182ad27239c45dd46	79476	L7 layer 7, mechanical and enclosure	the case release of 27 September 2026 for the chosen arrangement C1 to C6 (the layer 7 closer): the made parts' STEP and DXF, the dimensioned drawings (sheets 1 to 14, the QMX lid tray on sheet 14), templates, the stack report and the margins record, built by v2/cad/build_case_release.sh, with MANIFEST.sha256
v2/release/case-2026-09-27/drawings/lid-tray-qmx-drawing.pdf	5cee04ebee8b90824b037f54f33a62793959999a	d85eb72a4b236cb550223d890dda4bc054129193e5609f7f8fe88494de0f6caf	82813	L7 layer 7, mechanical and enclosure	the case release of 27 September 2026 for the chosen arrangement C1 to C6 (the layer 7 closer): the made parts' STEP and DXF, the dimensioned drawings (sheets 1 to 14, the QMX lid tray on sheet 14), templates, the stack report and the margins record, built by v2/cad/build_case_release.sh, with MANIFEST.sha256
v2/release/case-2026-09-27/drawings/rf-entry-plates-drawing.pdf	f389fe005926162c6847e39ca2a5965a874cb85e	81379c5092c1646d99b91b919b7eb94fb4da88fa3faf17c06f997e634ec0110c	89052	L7 layer 7, mechanical and enclosure	the case release of 27 September 2026 for the chosen arrangement C1 to C6 (the layer 7 closer): the made parts' STEP and DXF, the dimensioned drawings (sheets 1 to 14, the QMX lid tray on sheet 14), templates, the stack report and the margins record, built by v2/cad/build_case_release.sh, with MANIFEST.sha256
v2/release/case-2026-09-27/drawings/z-stack-drawing.pdf	302ba5225e12d3e8df0df5494853d7838166b417	31ab135d4190cf83b5f1a3033d0e97e393e5d03a9366ef0db19191120d1c6da9	76271	L7 layer 7, mechanical and enclosure	the case release of 27 September 2026 for the chosen arrangement C1 to C6 (the layer 7 closer): the made parts' STEP and DXF, the dimensioned drawings (sheets 1 to 14, the QMX lid tray on sheet 14), templates, the stack report and the margins record, built by v2/cad/build_case_release.sh, with MANIFEST.sha256
v2/release/case-2026-09-27/face-plate/face-plate-marking.svg	0655b64795ba57139eeaac1c14032fbd638def2b	6a728dc0a1741e425db93bf67ea93bfc8b19e690c58436097f4f43b5691f9b89	4074	L7 layer 7, mechanical and enclosure	the case release of 27 September 2026 for the chosen arrangement C1 to C6 (the layer 7 closer): the made parts' STEP and DXF, the dimensioned drawings (sheets 1 to 14, the QMX lid tray on sheet 14), templates, the stack report and the margins record, built by v2/cad/build_case_release.sh, with MANIFEST.sha256
v2/release/case-2026-09-27/face-plate/face-plate.dxf	5f953ae40172c38c421ff49c74967b3f3df87e5e	19703fa5838f9e4acbe0dc4021a77ca34b38e8b3c2fbe840678c53dfc6e3c551	30671	L7 layer 7, mechanical and enclosure	the case release of 27 September 2026 for the chosen arrangement C1 to C6 (the layer 7 closer): the made parts' STEP and DXF, the dimensioned drawings (sheets 1 to 14, the QMX lid tray on sheet 14), templates, the stack report and the margins record, built by v2/cad/build_case_release.sh, with MANIFEST.sha256
v2/release/case-2026-09-27/face-plate/face-plate.step	63d51fc8366f655483572d05c6d141020895625d	48343402a8370f36eb8a0474de6eb3cdee50e1df127c515781736e2ada8ca696	426383	L7 layer 7, mechanical and enclosure	the case release of 27 September 2026 for the chosen arrangement C1 to C6 (the layer 7 closer): the made parts' STEP and DXF, the dimensioned drawings (sheets 1 to 14, the QMX lid tray on sheet 14), templates, the stack report and the margins record, built by v2/cad/build_case_release.sh, with MANIFEST.sha256
v2/release/case-2026-09-27/frame-legs/frame-leg.dxf	07a149c04c3d740f1f24dcb79e8df1d64bd43d25	68a33b0a6a46d51cff61db70436aa908f943296f5cc78982bf9a13d2e516dc04	18083	L7 layer 7, mechanical and enclosure	the case release of 27 September 2026 for the chosen arrangement C1 to C6 (the layer 7 closer): the made parts' STEP and DXF, the dimensioned drawings (sheets 1 to 14, the QMX lid tray on sheet 14), templates, the stack report and the margins record, built by v2/cad/build_case_release.sh, with MANIFEST.sha256
v2/release/case-2026-09-27/frame-legs/frame-leg.step	72352345d259a983fc9b7d2565e9277db30bd541	2c23e390147fe8e56f6d03852b4c329be9edd9181577431d37227ccc314e3711	47922	L7 layer 7, mechanical and enclosure	the case release of 27 September 2026 for the chosen arrangement C1 to C6 (the layer 7 closer): the made parts' STEP and DXF, the dimensioned drawings (sheets 1 to 14, the QMX lid tray on sheet 14), templates, the stack report and the margins record, built by v2/cad/build_case_release.sh, with MANIFEST.sha256
v2/release/case-2026-09-27/frame-legs/frame-legs-4.step	31904922924b51a8d86e4711f8a88576a9ececd5	c0079f4253d7b41bb953a664778f9cc24cabef08f275a36d3b69431476b77c3e	201602	L7 layer 7, mechanical and enclosure	the case release of 27 September 2026 for the chosen arrangement C1 to C6 (the layer 7 closer): the made parts' STEP and DXF, the dimensioned drawings (sheets 1 to 14, the QMX lid tray on sheet 14), templates, the stack report and the margins record, built by v2/cad/build_case_release.sh, with MANIFEST.sha256
v2/release/case-2026-09-27/frame-legs/leg-locator.step	68c8ba613afc3ee14990b4df26db410a4da1fccc	df528b37b0127ad03de1598ec3e049537a844b8470fbc64616e9a6ce5248e572	69264	L7 layer 7, mechanical and enclosure	the case release of 27 September 2026 for the chosen arrangement C1 to C6 (the layer 7 closer): the made parts' STEP and DXF, the dimensioned drawings (sheets 1 to 14, the QMX lid tray on sheet 14), templates, the stack report and the margins record, built by v2/cad/build_case_release.sh, with MANIFEST.sha256
v2/release/case-2026-09-27/frame-legs/wedge.step	cc74b7e54dd7280fdf76757a0802687f18c8ecaf	95192d22411ec0624f7e7812c9d6a00acbbe0b490f3023a27bf091c5467ca935	73453	L7 layer 7, mechanical and enclosure	the case release of 27 September 2026 for the chosen arrangement C1 to C6 (the layer 7 closer): the made parts' STEP and DXF, the dimensioned drawings (sheets 1 to 14, the QMX lid tray on sheet 14), templates, the stack report and the margins record, built by v2/cad/build_case_release.sh, with MANIFEST.sha256
v2/release/case-2026-09-27/lid-tray-qmx/lid-bracket-qmx.step	7bfe477362dee4072018fe7b7986043fbf5800a3	1eb481adc6dca86a19b73030a6a2ef696e19074d7e222d9a90fd0125a0a5e566	244406	L7 layer 7, mechanical and enclosure	the case release of 27 September 2026 for the chosen arrangement C1 to C6 (the layer 7 closer): the made parts' STEP and DXF, the dimensioned drawings (sheets 1 to 14, the QMX lid tray on sheet 14), templates, the stack report and the margins record, built by v2/cad/build_case_release.sh, with MANIFEST.sha256
v2/release/case-2026-09-27/margins/CASE-FIT-UNCERTAINTIES.md	658e9bc5c603df5424ecbb0822eac820b32ae8ee	efc66afe9140e0228a76f8c685c87087724c186a7ff75f59ace499e4fe953d89	34839	L7 layer 7, mechanical and enclosure	the case release of 27 September 2026 for the chosen arrangement C1 to C6 (the layer 7 closer): the made parts' STEP and DXF, the dimensioned drawings (sheets 1 to 14, the QMX lid tray on sheet 14), templates, the stack report and the margins record, built by v2/cad/build_case_release.sh, with MANIFEST.sha256
v2/release/case-2026-09-27/margins/frame_seat.out	bbf47c0a72a3f44646bd23d44bb5302a78f94560	214e915b985518cbfe246d3e1e04a933034600825481d078a58a48cd890e449a	29921	L7 layer 7, mechanical and enclosure	the case release of 27 September 2026 for the chosen arrangement C1 to C6 (the layer 7 closer): the made parts' STEP and DXF, the dimensioned drawings (sheets 1 to 14, the QMX lid tray on sheet 14), templates, the stack report and the margins record, built by v2/cad/build_case_release.sh, with MANIFEST.sha256
v2/release/case-2026-09-27/rf-entry-plates/rf-entry-gasket-east.dxf	bfd6d5c13728973c6a3a95ea95b82040861dec11	b5b1532e0c8f324775b5a8730dff2f76f5f1925acba086c22b9fd270975d0158	19196	L7 layer 7, mechanical and enclosure	the case release of 27 September 2026 for the chosen arrangement C1 to C6 (the layer 7 closer): the made parts' STEP and DXF, the dimensioned drawings (sheets 1 to 14, the QMX lid tray on sheet 14), templates, the stack report and the margins record, built by v2/cad/build_case_release.sh, with MANIFEST.sha256
v2/release/case-2026-09-27/rf-entry-plates/rf-entry-gasket-west.dxf	14d44c99a3615a824b28cb83b02cd22478e46a86	8a92c75721efd029a9147595866f79dba6b23b569af5e8d1d8a5a56c3a4db4d0	19402	L7 layer 7, mechanical and enclosure	the case release of 27 September 2026 for the chosen arrangement C1 to C6 (the layer 7 closer): the made parts' STEP and DXF, the dimensioned drawings (sheets 1 to 14, the QMX lid tray on sheet 14), templates, the stack report and the margins record, built by v2/cad/build_case_release.sh, with MANIFEST.sha256
v2/release/case-2026-09-27/rf-entry-plates/rf-entry-plate-east.dxf	0b213e2e69b54b9b7fc81e6bdeb7f94bcbd4d764	97cb168a79c6b37feee6fab2d6865913f48d45250eeadeb75c393b42d2466307	20634	L7 layer 7, mechanical and enclosure	the case release of 27 September 2026 for the chosen arrangement C1 to C6 (the layer 7 closer): the made parts' STEP and DXF, the dimensioned drawings (sheets 1 to 14, the QMX lid tray on sheet 14), templates, the stack report and the margins record, built by v2/cad/build_case_release.sh, with MANIFEST.sha256
v2/release/case-2026-09-27/rf-entry-plates/rf-entry-plate-east.step	d9bcd0a1d436a67f5c35992cc2fed997faa8318f	0d2652add80c7f206240f74e9fcddd040b11ed29bd7e41b6271c1a43b1f801aa	103556	L7 layer 7, mechanical and enclosure	the case release of 27 September 2026 for the chosen arrangement C1 to C6 (the layer 7 closer): the made parts' STEP and DXF, the dimensioned drawings (sheets 1 to 14, the QMX lid tray on sheet 14), templates, the stack report and the margins record, built by v2/cad/build_case_release.sh, with MANIFEST.sha256
v2/release/case-2026-09-27/rf-entry-plates/rf-entry-plate-west.dxf	427c97cb29916ff92f41de11c1f180956e9aa9b8	088b58c8347e2839599f1db0c1942511dbe7d1c92718927fd2aecc25c9170a56	21374	L7 layer 7, mechanical and enclosure	the case release of 27 September 2026 for the chosen arrangement C1 to C6 (the layer 7 closer): the made parts' STEP and DXF, the dimensioned drawings (sheets 1 to 14, the QMX lid tray on sheet 14), templates, the stack report and the margins record, built by v2/cad/build_case_release.sh, with MANIFEST.sha256
v2/release/case-2026-09-27/rf-entry-plates/rf-entry-plate-west.step	5a5e261ba955456c1c58cc9e6b18345cafaa4c69	bfb47212c0606870166168806fac40f9d7619ada3b7205acdaaf7b828697ae10	119237	L7 layer 7, mechanical and enclosure	the case release of 27 September 2026 for the chosen arrangement C1 to C6 (the layer 7 closer): the made parts' STEP and DXF, the dimensioned drawings (sheets 1 to 14, the QMX lid tray on sheet 14), templates, the stack report and the margins record, built by v2/cad/build_case_release.sh, with MANIFEST.sha256
v2/release/case-2026-09-27/templates/case-templates-1to1.pdf	de9b7b8b5eb7efdfff3e3cf6e4bbe6b57365266f	0f28f0ed21f2c1172e7c205d150a818a079f54ea2cc60fd3ad5c0bcd99f69cc3	23984	L7 layer 7, mechanical and enclosure	the case release of 27 September 2026 for the chosen arrangement C1 to C6 (the layer 7 closer): the made parts' STEP and DXF, the dimensioned drawings (sheets 1 to 14, the QMX lid tray on sheet 14), templates, the stack report and the margins record, built by v2/cad/build_case_release.sh, with MANIFEST.sha256
v2/release/case-2026-09-27/templates/face-plate-1to1-A3.pdf	af116e453479cf864a27a0c97f4227c8dfabeeec	4cf3f68b88d8af9ea47b3c25473e72c52ad62484c7b5aa1e3ddf12a5253f7ee1	8089	L7 layer 7, mechanical and enclosure	the case release of 27 September 2026 for the chosen arrangement C1 to C6 (the layer 7 closer): the made parts' STEP and DXF, the dimensioned drawings (sheets 1 to 14, the QMX lid tray on sheet 14), templates, the stack report and the margins record, built by v2/cad/build_case_release.sh, with MANIFEST.sha256
v2/release/case-2026-09-27/zstack/z-budget.txt	360a1439d7d51bceb3be71cf37395b0c1fc85d4f	8adb3d27059bfca3bca06e3bf4679baea76d496a686bdfd4559d366902de8878	6062	L7 layer 7, mechanical and enclosure	the case release of 27 September 2026 for the chosen arrangement C1 to C6 (the layer 7 closer): the made parts' STEP and DXF, the dimensioned drawings (sheets 1 to 14, the QMX lid tray on sheet 14), templates, the stack report and the margins record, built by v2/cad/build_case_release.sh, with MANIFEST.sha256
v2/release/case-2026-09-27/zstack/zstack-models.json	a7d29b60a3e6272b66b81a6a644d9c5612db03fe	3fad2fb95f584782e8b1dd51cdea754c12d0d8a1b59780a593c15b1d641f2018	25700	L7 layer 7, mechanical and enclosure	the case release of 27 September 2026 for the chosen arrangement C1 to C6 (the layer 7 closer): the made parts' STEP and DXF, the dimensioned drawings (sheets 1 to 14, the QMX lid tray on sheet 14), templates, the stack report and the margins record, built by v2/cad/build_case_release.sh, with MANIFEST.sha256
v2/release/case-2026-09-27/zstack/zstack-report.txt	470ac305fae316875d44b0f0589e419929285ca5	922c426e14709f48b0069b8599d9a4b63400d688e7d4fd152ec3e6353ace8150	8108	L7 layer 7, mechanical and enclosure	the case release of 27 September 2026 for the chosen arrangement C1 to C6 (the layer 7 closer): the made parts' STEP and DXF, the dimensioned drawings (sheets 1 to 14, the QMX lid tray on sheet 14), templates, the stack report and the margins record, built by v2/cad/build_case_release.sh, with MANIFEST.sha256
v2/release/case-2026-09-27/zstack/zstack.json	f9b9e372788ad5459fcf28a5f7e235735c3b3217	b4fb79d90d2f3ee1d8e1782419ea11437f573411f5292a5c2e46da47b42230d6	841987	L7 layer 7, mechanical and enclosure	the case release of 27 September 2026 for the chosen arrangement C1 to C6 (the layer 7 closer): the made parts' STEP and DXF, the dimensioned drawings (sheets 1 to 14, the QMX lid tray on sheet 14), templates, the stack report and the margins record, built by v2/cad/build_case_release.sh, with MANIFEST.sha256
v2/release/handover/_generated/pcb-a-power-a23/NOT_FOR_FAB-pcb-a-power-bom-per-reference.csv	527d32864f691411ea34afece220730b0bbf5ea4	17b2739dae37f9739b6d92afeac5d763ee9543a7b6daef53a1f5da0feab1101e	49234	L8 layer 8, schematics	exports of the committed schematic of the declared phase (paged PDF, sheet PDF, BOMs, ERC, netlist parity) with provenance.json naming the schematic sha256 and the kicad-cli that made them
v2/release/handover/_generated/pcb-a-power-a23/NOT_FOR_FAB-pcb-a-power-bom.csv	467e37b7bf527e1cbfa81ad0ada9be336e84ea8c	f0eec9a40c1fb30f5fb7567cf4c848e85ec8c71aa8653785f9f05470694eb35d	20059	L8 layer 8, schematics	exports of the committed schematic of the declared phase (paged PDF, sheet PDF, BOMs, ERC, netlist parity) with provenance.json naming the schematic sha256 and the kicad-cli that made them
v2/release/handover/_generated/pcb-a-power-a23/pcb-a-power-erc.json	eab02bb30ea8cc5c5040ae5d964d0628fc8486d6	fb3f38c5783848b8482be03d0e46c8cf7a233d54bac632a98f8d34381831172f	966658	L8 layer 8, schematics	exports of the committed schematic of the declared phase (paged PDF, sheet PDF, BOMs, ERC, netlist parity) with provenance.json naming the schematic sha256 and the kicad-cli that made them
v2/release/handover/_generated/pcb-a-power-a23/pcb-a-power-erc.rpt	b3544e927a71c5d2bbda42a1648cbe27ce702b53	2941a7538f41a8e1f2a16b53c3b1ad2fdfdb2e1aec03ed3220da049e6eb65802	225889	L8 layer 8, schematics	exports of the committed schematic of the declared phase (paged PDF, sheet PDF, BOMs, ERC, netlist parity) with provenance.json naming the schematic sha256 and the kicad-cli that made them
v2/release/handover/_generated/pcb-a-power-a23/pcb-a-power-net-parity.json	8f89f3189cee16d5cbf1bf109a559594122c74cf	673a69739e8b67d278933f9e30810aca834cefa1d6f45ba5991c1975dc075b6a	707	L8 layer 8, schematics	exports of the committed schematic of the declared phase (paged PDF, sheet PDF, BOMs, ERC, netlist parity) with provenance.json naming the schematic sha256 and the kicad-cli that made them
v2/release/handover/_generated/pcb-a-power-a23/pcb-a-power-schematic.pdf	5db4f64fa48297484d3fdd450e0b2a0b8fdc6c29	11df771054bee038aaf5cea0b9c316f95cedcda5c30fe2e5c4d9dea81ba0b20a	2404062	L8 layer 8, schematics	exports of the committed schematic of the declared phase (paged PDF, sheet PDF, BOMs, ERC, netlist parity) with provenance.json naming the schematic sha256 and the kicad-cli that made them
v2/release/handover/_generated/pcb-a-power-a23/provenance.json	4e931df646893d6c2ff21eb219c9509a7f9662d1	e5d1664a68118bbb87b0916921f7bf4978cb3fdaf8bd2f69665c523a60fc42d5	6242	L8 layer 8, schematics	exports of the committed schematic of the declared phase (paged PDF, sheet PDF, BOMs, ERC, netlist parity) with provenance.json naming the schematic sha256 and the kicad-cli that made them
v2/release/handover/_generated/pcb-b-compute-b19/NOT_FOR_FAB-pcb-b-compute-bom-per-reference.csv	cd3b9fba8935820a7d99e8a27212165ab742e32c	ea32db6672cfa8787b3c73576de926d0150f0b171fdf5a8ff1a076e09ae9e42c	95624	L8 layer 8, schematics	exports of the committed schematic of the declared phase (paged PDF, sheet PDF, BOMs, ERC, netlist parity) with provenance.json naming the schematic sha256 and the kicad-cli that made them
v2/release/handover/_generated/pcb-b-compute-b19/NOT_FOR_FAB-pcb-b-compute-bom.csv	06e24b54156c9cba6ea6642ad876869592289c8d	92e601a8908e1b12e1621761bf11a3f40a3c38a8eeaa5dc87247eb445525dc2f	38718	L8 layer 8, schematics	exports of the committed schematic of the declared phase (paged PDF, sheet PDF, BOMs, ERC, netlist parity) with provenance.json naming the schematic sha256 and the kicad-cli that made them
v2/release/handover/_generated/pcb-b-compute-b19/pcb-b-compute-erc.json	55e3bfea645222103112ea268c541d63b26fd3ac	b83b5af459fb32a55814f5a80a794060404342ab94626229bdaba2befea1b7c0	1834807	L8 layer 8, schematics	exports of the committed schematic of the declared phase (paged PDF, sheet PDF, BOMs, ERC, netlist parity) with provenance.json naming the schematic sha256 and the kicad-cli that made them
v2/release/handover/_generated/pcb-b-compute-b19/pcb-b-compute-erc.rpt	2718031d7ff7ebaeadf65feb8ee7222c7f9f9db3	1d969b92f0d2484b8914e9c0a1a4a02716b4674978601971a2ec73f72ae715a5	432855	L8 layer 8, schematics	exports of the committed schematic of the declared phase (paged PDF, sheet PDF, BOMs, ERC, netlist parity) with provenance.json naming the schematic sha256 and the kicad-cli that made them
v2/release/handover/_generated/pcb-b-compute-b19/pcb-b-compute-net-parity.json	ab68dec634cf0013d992faceb4fe7bd01f8bc182	2d072973dda7586d13782cfb78a643d999ec65bc585337a1d00b90e3d09df2ee	714	L8 layer 8, schematics	exports of the committed schematic of the declared phase (paged PDF, sheet PDF, BOMs, ERC, netlist parity) with provenance.json naming the schematic sha256 and the kicad-cli that made them
v2/release/handover/_generated/pcb-b-compute-b19/pcb-b-compute-schematic.pdf	1b402b2fb4d71e7deb1d6c53757f55d93cc6bd7a	69251c68a0a9f23de60066e4fe257c44ddcec1bf0b32a320638b8a69fc43f5f9	7109424	L8 layer 8, schematics	exports of the committed schematic of the declared phase (paged PDF, sheet PDF, BOMs, ERC, netlist parity) with provenance.json naming the schematic sha256 and the kicad-cli that made them
v2/release/handover/_generated/pcb-b-compute-b19/provenance.json	30b7f000ae34d30834f25dbf60b970f62a4b2c9c	c46ae0017b5746cec65a7e0e37c57d9fac9b363d8750b96c4a6c251419e24bf6	6353	L8 layer 8, schematics	exports of the committed schematic of the declared phase (paged PDF, sheet PDF, BOMs, ERC, netlist parity) with provenance.json naming the schematic sha256 and the kicad-cli that made them
v2/release/handover/_generated/pcb-c-display-c8/NOT_FOR_FAB-pcb-c-display-bom-per-reference.csv	8c4820855786ea16cdbb9207fa94fce94c260a1b	e9e7e0a8585341d869d53232faeba7f96cadcad10dd099b65fc51fb514ed12df	15129	L8 layer 8, schematics	exports of the committed schematic of the declared phase (paged PDF, sheet PDF, BOMs, ERC, netlist parity) with provenance.json naming the schematic sha256 and the kicad-cli that made them
v2/release/handover/_generated/pcb-c-display-c8/NOT_FOR_FAB-pcb-c-display-bom.csv	3b33c4ee5ee85e213187811a781235c58c0fbc00	279189c1d34e6bf6be451f774c335f771b51911e683cc5a451758bd33914526b	8913	L8 layer 8, schematics	exports of the committed schematic of the declared phase (paged PDF, sheet PDF, BOMs, ERC, netlist parity) with provenance.json naming the schematic sha256 and the kicad-cli that made them
v2/release/handover/_generated/pcb-c-display-c8/pcb-c-display-erc.json	d8e642a695445308b9bba34bea8d172e40d09369	498b88313140d77875f23fb8c24240ea7fe63aa9aa4f547bed59ecfbda276822	210198	L8 layer 8, schematics	exports of the committed schematic of the declared phase (paged PDF, sheet PDF, BOMs, ERC, netlist parity) with provenance.json naming the schematic sha256 and the kicad-cli that made them
v2/release/handover/_generated/pcb-c-display-c8/pcb-c-display-erc.rpt	0d852ba31ff641af42ba5c4723182ad58ce458e3	34ea285c64451d7aee3c059805d2be7dd900991a8f74d838a72e0c940dbf591d	50411	L8 layer 8, schematics	exports of the committed schematic of the declared phase (paged PDF, sheet PDF, BOMs, ERC, netlist parity) with provenance.json naming the schematic sha256 and the kicad-cli that made them
v2/release/handover/_generated/pcb-c-display-c8/pcb-c-display-net-parity.json	33efe073d0c58e448e1a918d00b5ee615b7f039f	5d57ad78574c022a8b5eb25b11d54fd0e0dab6b16e931e8017ca4393b1fa56ca	715	L8 layer 8, schematics	exports of the committed schematic of the declared phase (paged PDF, sheet PDF, BOMs, ERC, netlist parity) with provenance.json naming the schematic sha256 and the kicad-cli that made them
v2/release/handover/_generated/pcb-c-display-c8/pcb-c-display-schematic.pdf	605331c65c0bbfba7b2ec421a272ed19aab828d1	5cb87050fbe1da2967a4ab5adfbe51a67621322fa423504b75e9d456de7b2a07	782795	L8 layer 8, schematics	exports of the committed schematic of the declared phase (paged PDF, sheet PDF, BOMs, ERC, netlist parity) with provenance.json naming the schematic sha256 and the kicad-cli that made them
v2/release/handover/_generated/pcb-c-display-c8/provenance.json	d546a25362def92fc80f637044c1620b34f053f3	2b91b26ae0c90383162c11d358e0bccfa4a36adc940526856c60c988a4bffc6c	6312	L8 layer 8, schematics	exports of the committed schematic of the declared phase (paged PDF, sheet PDF, BOMs, ERC, netlist parity) with provenance.json naming the schematic sha256 and the kicad-cli that made them
v2/release/handover/_generated/pcb-d-aprs-d9/NOT_FOR_FAB-pcb-d-aprs-bom-per-reference.csv	9164d1521b1985e808e51a293993d5bbea4f3e8c	ade9e0150751f7cae6f5e22c57c4a985d804ff438abc9b79022d76fa201cb4eb	17218	L8 layer 8, schematics	exports of the committed schematic of the declared phase (paged PDF, sheet PDF, BOMs, ERC, netlist parity) with provenance.json naming the schematic sha256 and the kicad-cli that made them
v2/release/handover/_generated/pcb-d-aprs-d9/NOT_FOR_FAB-pcb-d-aprs-bom.csv	fc63c1b7775d0cb3a7639435044c8eaf416dbaa7	688d3ee0c1ca55a0e940ccaff1fc438744a1d16e46b5911396ac2c41fc84e192	9857	L8 layer 8, schematics	exports of the committed schematic of the declared phase (paged PDF, sheet PDF, BOMs, ERC, netlist parity) with provenance.json naming the schematic sha256 and the kicad-cli that made them
v2/release/handover/_generated/pcb-d-aprs-d9/pcb-d-aprs-erc.json	b743897673553f32437eb20e98e1da31ac3ca005	138c77303e4aeb520ed9c000e31a38abecb81565f987f9f4f73fe9549131f293	283668	L8 layer 8, schematics	exports of the committed schematic of the declared phase (paged PDF, sheet PDF, BOMs, ERC, netlist parity) with provenance.json naming the schematic sha256 and the kicad-cli that made them
v2/release/handover/_generated/pcb-d-aprs-d9/pcb-d-aprs-erc.rpt	386af446f0790b1bfa792802cb473cc9bcbb31e1	e7a83fca40abd0cdacfad31b0013ceb96596db6c00d10c6e6f3626c0ede6d647	66898	L8 layer 8, schematics	exports of the committed schematic of the declared phase (paged PDF, sheet PDF, BOMs, ERC, netlist parity) with provenance.json naming the schematic sha256 and the kicad-cli that made them
v2/release/handover/_generated/pcb-d-aprs-d9/pcb-d-aprs-net-parity.json	8a7ce9554b5c285cf41711b43452b815ba938b92	6b8df1784bc0ac5371e46c3faccd9708144d4ef4c8dfcd6ea7202858957d92d0	704	L8 layer 8, schematics	exports of the committed schematic of the declared phase (paged PDF, sheet PDF, BOMs, ERC, netlist parity) with provenance.json naming the schematic sha256 and the kicad-cli that made them
v2/release/handover/_generated/pcb-d-aprs-d9/pcb-d-aprs-schematic.pdf	da8e6e28f778d422430896aeacc6fab8b2f9188d	c2639c60b5067f617e725fa84ecf3b82e657382465eb267d0fd02a70e2f66b14	874136	L8 layer 8, schematics	exports of the committed schematic of the declared phase (paged PDF, sheet PDF, BOMs, ERC, netlist parity) with provenance.json naming the schematic sha256 and the kicad-cli that made them
v2/release/handover/_generated/pcb-d-aprs-d9/provenance.json	389f8850720bff5263da493e3319248ea65e0a27	ba0987ea161bb66e1054fddb30f3606c0d78b5b522b11d42f14ca7c77072b153	6169	L8 layer 8, schematics	exports of the committed schematic of the declared phase (paged PDF, sheet PDF, BOMs, ERC, netlist parity) with provenance.json naming the schematic sha256 and the kicad-cli that made them
v2/release/handover/_generated/pcb-e1-dock-e7/NOT_FOR_FAB-pcb-e1-dock-bom-per-reference.csv	af6b6c4cc0f203a3cfc473abeec5136c6dd17f38	c2d9bac38c92fa173335579f00c4f212741969c4946bc8f01488aa6f4aeab597	16043	L8 layer 8, schematics	exports of the committed schematic of the declared phase (paged PDF, sheet PDF, BOMs, ERC, netlist parity) with provenance.json naming the schematic sha256 and the kicad-cli that made them
v2/release/handover/_generated/pcb-e1-dock-e7/NOT_FOR_FAB-pcb-e1-dock-bom.csv	9a79905a51c6a6a3d8aa8b0076479c88e6bd96a1	001f6aa2d9a8f56f2ca4c3883fce4386bb616c6f6c57b1a1441c372a26f2442a	11389	L8 layer 8, schematics	exports of the committed schematic of the declared phase (paged PDF, sheet PDF, BOMs, ERC, netlist parity) with provenance.json naming the schematic sha256 and the kicad-cli that made them
v2/release/handover/_generated/pcb-e1-dock-e7/pcb-e1-dock-erc.json	0acced30ac3df2da4d1a7e1145d2db4ed035f55d	7eda8a2717709811716168c8446aebea84c317e2f1cd9d7642a7d594ead351cc	233952	L8 layer 8, schematics	exports of the committed schematic of the declared phase (paged PDF, sheet PDF, BOMs, ERC, netlist parity) with provenance.json naming the schematic sha256 and the kicad-cli that made them
v2/release/handover/_generated/pcb-e1-dock-e7/pcb-e1-dock-erc.rpt	13f96fadee16f1c2d761369a0923ee60e83b72a1	96de248df3a7e040d95ad6c66be7c2b6c8e5a295d5b2efab65385e945c24ae35	55048	L8 layer 8, schematics	exports of the committed schematic of the declared phase (paged PDF, sheet PDF, BOMs, ERC, netlist parity) with provenance.json naming the schematic sha256 and the kicad-cli that made them
v2/release/handover/_generated/pcb-e1-dock-e7/pcb-e1-dock-net-parity.json	c490cefcc8b9bfa11cadb8ad915538a6bbfd948e	7b1e615e3dd7779a5adcc859fe03fc2b9c005fc67873b367a45e8daac3397497	708	L8 layer 8, schematics	exports of the committed schematic of the declared phase (paged PDF, sheet PDF, BOMs, ERC, netlist parity) with provenance.json naming the schematic sha256 and the kicad-cli that made them
v2/release/handover/_generated/pcb-e1-dock-e7/pcb-e1-dock-schematic.pdf	4ab4c4af1ea7f7ef31b4c2e4d24d81947795af50	08fd4999af7f610d8f0284c68530cf449c12e75dad5ac3e6bc6c06dcb9d483ab	648278	L8 layer 8, schematics	exports of the committed schematic of the declared phase (paged PDF, sheet PDF, BOMs, ERC, netlist parity) with provenance.json naming the schematic sha256 and the kicad-cli that made them
v2/release/handover/_generated/pcb-e1-dock-e7/provenance.json	9ce411fab89c16aa3a0c6ed2443c76a12096bd1a	33dbee16b134cd14e12fb37f85a6559e184125557df08143daa3658eccd505b0	6217	L8 layer 8, schematics	exports of the committed schematic of the declared phase (paged PDF, sheet PDF, BOMs, ERC, netlist parity) with provenance.json naming the schematic sha256 and the kicad-cli that made them
v2/release/handover/_generated/pcb-p-pack-p2/NOT_FOR_FAB-pcb-p-pack-bom-per-reference.csv	bb48f214165837e1b2a1bfd771bd52c78344a738	c7aedbb93aaa42de1b5cd3c8eb8e6d592a2077a56b01fe479cda76951478d97c	5779	L8 layer 8, schematics	exports of the committed schematic of the declared phase (paged PDF, sheet PDF, BOMs, ERC, netlist parity) with provenance.json naming the schematic sha256 and the kicad-cli that made them
v2/release/handover/_generated/pcb-p-pack-p2/NOT_FOR_FAB-pcb-p-pack-bom.csv	dd159e1d08efc406e85e90b31fe71255a22f6e16	38f209c9d7ec4d44f991189614f724d521512ac4e438e05418e444ae215b14f4	3791	L8 layer 8, schematics	exports of the committed schematic of the declared phase (paged PDF, sheet PDF, BOMs, ERC, netlist parity) with provenance.json naming the schematic sha256 and the kicad-cli that made them
v2/release/handover/_generated/pcb-p-pack-p2/pcb-p-pack-erc.json	56bb99097682cf2ce7b0076cc56c91d0a50f91f8	b486bf7e29f7dccc111113c262cde8ead23a5e70b708515ad4cc93622dca0434	78929	L8 layer 8, schematics	exports of the committed schematic of the declared phase (paged PDF, sheet PDF, BOMs, ERC, netlist parity) with provenance.json naming the schematic sha256 and the kicad-cli that made them
v2/release/handover/_generated/pcb-p-pack-p2/pcb-p-pack-erc.rpt	6a87ee311898bfe5ec5dc1e44ab661142b8a5107	b4feda806b75c0c5b8171028b1d762aefc7222b093e49f5915c9dcf4f0568213	18778	L8 layer 8, schematics	exports of the committed schematic of the declared phase (paged PDF, sheet PDF, BOMs, ERC, netlist parity) with provenance.json naming the schematic sha256 and the kicad-cli that made them
v2/release/handover/_generated/pcb-p-pack-p2/pcb-p-pack-net-parity.json	b9e8da56422a37e3ac81d1087343108d6e85bae7	d840660cb58d1ec09d108b648ec4297ad400432c3028a7763cf78b28694ae57b	702	L8 layer 8, schematics	exports of the committed schematic of the declared phase (paged PDF, sheet PDF, BOMs, ERC, netlist parity) with provenance.json naming the schematic sha256 and the kicad-cli that made them
v2/release/handover/_generated/pcb-p-pack-p2/pcb-p-pack-schematic.pdf	b58cf73a7cf8e1363db0cacc5b19c7f15cc2d462	0e4e637011d1711ce13993a9acc16b214e912a2efef8ba47d47b618e3404c204	240695	L8 layer 8, schematics	exports of the committed schematic of the declared phase (paged PDF, sheet PDF, BOMs, ERC, netlist parity) with provenance.json naming the schematic sha256 and the kicad-cli that made them
v2/release/handover/_generated/pcb-p-pack-p2/provenance.json	f7cfb3cf3b7511c0427c7b36ef34769385649f45	36ff0f6ab25779039ec53cbd9dceda3c554b1fd813b7434b94396322e2c1f53c	6165	L8 layer 8, schematics	exports of the committed schematic of the declared phase (paged PDF, sheet PDF, BOMs, ERC, netlist parity) with provenance.json naming the schematic sha256 and the kicad-cli that made them
v2/release/revA/case/README.md	08f2f217ebd67a6950c5f529de6891232bc38d7d	c0852c949f9c361527ca4900519fa970fd85d1b5cd095569a129fa57ae4cd892	6564	L7 layer 7, mechanical and enclosure	case and module CAD as released for Rev A (STEP, DXF, dimensioned PDF, marking SVG); generated by the v2/cad scripts
v2/release/revA/case/face-plate/face-plate-drawing.pdf	77b00c3b8354023f4d00becc66d1521502c3f165	44206af0982195c6a6a33d7af9daa2c007ca4ce6bbf3547249ba363409641ef1	49270	L7 layer 7, mechanical and enclosure	case and module CAD as released for Rev A (STEP, DXF, dimensioned PDF, marking SVG); generated by the v2/cad scripts
v2/release/revA/case/face-plate/face-plate-marking.svg	0dd3a3729fc864a6e239fb70a206fc4134ac4b39	2797a7162681d634f7bf79ec2f4a6d999c6db89cf998341f3a6f0e39d226439a	4072	L7 layer 7, mechanical and enclosure	case and module CAD as released for Rev A (STEP, DXF, dimensioned PDF, marking SVG); generated by the v2/cad scripts
v2/release/revA/case/face-plate/face-plate.dxf	9d0998e138d7a1af443a8a62c5033057be6ba42a	df4ded5194cfc9f640479b627acea0d5eae3690ad2fe476b8171101ed8733aef	28552	L7 layer 7, mechanical and enclosure	case and module CAD as released for Rev A (STEP, DXF, dimensioned PDF, marking SVG); generated by the v2/cad scripts
v2/release/revA/case/face-plate/face-plate.step	096cdb36566e788f224d313e3b127e2f310d0513	87dca83f2b0ffc59feb4a613346f3261b554c6faf2c7cb7babeb424b235d1d86	379042	L7 layer 7, mechanical and enclosure	case and module CAD as released for Rev A (STEP, DXF, dimensioned PDF, marking SVG); generated by the v2/cad scripts
v2/release/revA/case/lid-bracket-qmx/lid-bracket-qmx.step	b78dcbc400c2ad653b63bfed485f93f86d39c4f1	12171585f14821776953f410ed2058f8928b12ebddacc916badfae5010810833	248403	L7 layer 7, mechanical and enclosure	case and module CAD as released for Rev A (STEP, DXF, dimensioned PDF, marking SVG); generated by the v2/cad scripts
v2/release/revA/case/pack-4s/pack-4s-box.step	0bce7df774dd740caad2f995299deac1c6c85de0	045fa2df68511abf6e28d2e0cea87dc241d7252020a2ed8ceec8a2e3c7cdcb21	197937	L7 layer 7, mechanical and enclosure	case and module CAD as released for Rev A (STEP, DXF, dimensioned PDF, marking SVG); generated by the v2/cad scripts
v2/release/revA/case/pack-4s/pack-4s-lid.step	f5ab17d63d843a854057968ec25318ae201ab046	f7adcddc5c5d1726c9c5acc697c276f8cabba1ab28631087728862544e51bcb1	105819	L7 layer 7, mechanical and enclosure	case and module CAD as released for Rev A (STEP, DXF, dimensioned PDF, marking SVG); generated by the v2/cad scripts
v2/release/revA/case/wall-receptacles-1to1.pdf	be926a8289ee12ca56e2a571be9a3e67693e5c15	4b27b80f470a762edb6f235c41c4abfbb9cd72f9037da47d2d2f9faefd7a8d8a	14325	L7 layer 7, mechanical and enclosure	case and module CAD as released for Rev A (STEP, DXF, dimensioned PDF, marking SVG); generated by the v2/cad scripts
v2/release/revA/module/battery-module-base.step	32f8dc031b00ae2ce60e28a7a9418ebf7c570efc	d925ab629695df5770bd68e10e47198cdc5f1d18dc37d817e6586d9428accbfd	600366	L7 layer 7, mechanical and enclosure	case and module CAD as released for Rev A (STEP, DXF, dimensioned PDF, marking SVG); generated by the v2/cad scripts
v2/release/revA/module/battery-module-cradle.step	8a905080039aac667b1ae40ef1d76dce3273b233	569c4b6eb9540a3ae2af8776f83cbcba99fbcf3e98951ee4b5216bd054bd0dae	100987	L7 layer 7, mechanical and enclosure	case and module CAD as released for Rev A (STEP, DXF, dimensioned PDF, marking SVG); generated by the v2/cad scripts
v2/release/revA/module/battery-module-lid.step	33cc8ca9f20a7047a95611654488774edc2e7e41	2df71d04b1f147d4712aeb9e08bb2755359359e8f87699a980604be18e888d22	145808	L7 layer 7, mechanical and enclosure	case and module CAD as released for Rev A (STEP, DXF, dimensioned PDF, marking SVG); generated by the v2/cad scripts
v2/release/revA/module/float-nest-smp-max.step	7ac4924433dbf3be9501597db1ffd1d550c43463	21a847c592bc0a23482e072988769d8ba8177310556e6bba3c985163312c9abe	138699	L7 layer 7, mechanical and enclosure	case and module CAD as released for Rev A (STEP, DXF, dimensioned PDF, marking SVG); generated by the v2/cad scripts
v2/release/revA/order/JLC-CERTIFIED.tsv	725dda29438932d08a91c34a43ccae0c78c2c485	8200c1c6e7c2131ab213dcc8f871b8cb3f9977e9d35bcd0541da1b6617393fbf	186654	L6 layer 6, components	dated JLCPCB catalogue readings per order code (jlc_certify.py); a catalogue reading, not evidence of grade or land (SOURCES.yaml header)
v2/release/revA/order/jlc-rotations.csv	6b3755c1273b2b3ac63014599226cee08bd7bea8	cfa3b889641e4066273df8afb7150527bfb5404a680ac4a420bedae8fde8b701	1039	L6 layer 6, components	JLCPCB placement rotation offsets per land (assembly data read by make_handoff.py; a fabrication-stage input)
v2/release/review-packets/README.md	9936f2b8300b2fe5611d0be556d4c20c076a5ca1	d32071ceac4be3e787248ccec9491a8b2509e35e063bc34f8947a697df46547a	16719	EV verification results, reviews and records, with the pages that classify them	which review packet is current for which board, and the hand-read change attribution of each
v2/release/review-packets/attribution/c-1f614233.yaml	319064c31f8dbdce824500d693474fc3e0ce32f8	52570da3a6d22defb72a5f0494877adf847b46777242c7630654ab8696043d2c	5534	EV verification results, reviews and records, with the pages that classify them	which review packet is current for which board, and the hand-read change attribution of each
v2/release/review-packets/attribution/d-1f614233.yaml	34ea168f83f3b9d4750413c4ea3ae8da0c1b22ff	2a85b4fe4c1614b1e920c9568652fa313adef312295b2b4b171f55eff8392533	4942	EV verification results, reviews and records, with the pages that classify them	which review packet is current for which board, and the hand-read change attribution of each
v2/release/review-packets/attribution/e-1f614233.yaml	603db4e16fda38c88cd3588c5784f5c93d94083e	3198b8024b4ab84fd1059ed6632e9c4965c3d961007e058baaf859607a2f5bc7	4912	EV verification results, reviews and records, with the pages that classify them	which review packet is current for which board, and the hand-read change attribution of each
v2/release/review-packets/attribution/p-1f614233.yaml	37ed82c55267412b0a6f7660092797c46cbaa894	91e14f52288281a29ccf0c2eb0ae8d99a5b3f769672c9ff5009974757ae37c44	7544	EV verification results, reviews and records, with the pages that classify them	which review packet is current for which board, and the hand-read change attribution of each
v2/vendor/DOWNLOADS-2026-09-10.md	2b65203ea1db167d71488d0b74458c133f42e946	b77173f7ea31917da9d6449d996ceb5ec81037917f65075724aa13e2e028ef26	8722	L6 layer 6, components	vendor index (SOURCES.yaml, PARTS.md, sources.txt), per-folder notes and text extractions of maker documents
v2/vendor/PARTS.md	db57b8a9b6efd180762ff9e2fe04894426abc73a	f0b36d00a90dcd21bfa95faa152bc4981c2c2b537f46e103412ffd649703c7f7	33362	L6 layer 6, components	vendor index (SOURCES.yaml, PARTS.md, sources.txt), per-folder notes and text extractions of maker documents
v2/vendor/README.md	3dd4ab506df6229575f2185fd8abddd76bda005b	4dcfb632bf90b352bda0c4b3139a2a3c83562394496bcefd1c1064fa7f3267e1	22784	L6 layer 6, components	vendor index (SOURCES.yaml, PARTS.md, sources.txt), per-folder notes and text extractions of maker documents
v2/vendor/SOURCES.yaml	8faadaad226c156e809132a1c5cbe699cea2eacf	14307dfecb76724024dcd7ea51cfb400493c84fa4a0d199568cd1773428df2de	327497	L6 layer 6, components	vendor index (SOURCES.yaml, PARTS.md, sources.txt), per-folder notes and text extractions of maker documents
v2/vendor/aioc/LICENSE.md	af77e2e55feeb27c5c86cf97cb8a86771f402b6c	7cd70121c8ae1066e4b900477634d7bfea74eca255f82651a7e7564f56397bb9	1071	L6 layer 6, components	vendor index (SOURCES.yaml, PARTS.md, sources.txt), per-folder notes and text extractions of maker documents
v2/vendor/audio/README.md	9e905aa6f2cda01c0cb73d6cb313aee46346eab0	0295110fc368971b44306f0ab75ba90cffc0f002f0b796e3c03e815c8aecb55a	2136	L6 layer 6, components	vendor index (SOURCES.yaml, PARTS.md, sources.txt), per-folder notes and text extractions of maker documents
v2/vendor/audio/waveshare-wm8960-audio-hat-wiki.md	5e2bfcd5e0a36e566669eb838cfae7b510c27bd1	2b5d79bcc14ccf2256d9272af6d769a226974d2f56b5e5a923061c01cbbab885	27187	L6 layer 6, components	vendor index (SOURCES.yaml, PARTS.md, sources.txt), per-folder notes and text extractions of maker documents
v2/vendor/battery/amass-xt60-spec-tme.pdf	15f6d541ac9b792fc9eaba024e663c66589c6fee	c2cbb5962c1f37da89e76e505c75184dd07e84eec3a6fe5f24569dafc6f6b9e9	373677	L9 layer 9, pre-layout design analysis	a maker document pcb_energy_chain.yaml cites as the basis of a rating; bundled so energy_chain.py can check its citations from the snapshot
v2/vendor/battery/littelfuse-287-atof.pdf	e36a2540df71902f45c858e2815e5404d91cd8ff	c02ee0e20cdd5fb0f213cee2bad742b7c6a6f63fb50eb70e89574b48c467015e	417577	L9 layer 9, pre-layout design analysis	a maker document pcb_energy_chain.yaml cites as the basis of a rating; bundled so energy_chain.py can check its citations from the snapshot
v2/vendor/battery/samsung-35e-orbtronic.pdf	20235507b1e402b4af2d062f8e30472ff22bdaa7	5ec577b952b9dc5106593a4e4c3a6e8cea64f6f72b8faaf1bb512155c29dc516	334031	L9 layer 9, pre-layout design analysis	a maker document pcb_energy_chain.yaml cites as the basis of a rating; bundled so energy_chain.py can check its citations from the snapshot
v2/vendor/battery/ti-bq4050.pdf	ef912e2d60b40ba965f9445da1dde11a62a529b3	2664e33fe6d6ebed3a0f58153d8ba8ce66cb84f07741f6708ae11a224f443f5e	2083705	L9 layer 9, pre-layout design analysis	a maker document pcb_energy_chain.yaml cites as the basis of a rating; bundled so energy_chain.py can check its citations from the snapshot
v2/vendor/battery/ti-csd17570q5b.pdf	77fb2a363f665e8970b541f208b127e29b6eed53	596555c33dce1fcac6de3b6ecc3eeb443f202382b3e2091fd6e1c27d129f2436	762119	L9 layer 9, pre-layout design analysis	a maker document pcb_energy_chain.yaml cites as the basis of a rating; bundled so energy_chain.py can check its citations from the snapshot
v2/vendor/cluster/README.md	8602610094bc528b0aef33a856af2cb7fae11cd2	00aeeb729d76f970055e5d8d1d64c69a98a8715ccf1d842e0bd131805bd4db1a	2171	L6 layer 6, components	vendor index (SOURCES.yaml, PARTS.md, sources.txt), per-folder notes and text extractions of maker documents
v2/vendor/cluster/k3s-requirements.md	45e3cbcd4f78191499990e7e188691e3b554a8f2	2aa2cf6ce0e7d93f6e3ce02e32e18c72860b13c758ed7d7dc8f96d4952c054bd	12418	L6 layer 6, components	vendor index (SOURCES.yaml, PARTS.md, sources.txt), per-folder notes and text extractions of maker documents
v2/vendor/cluster/super4c.md	040fe17c9fe8927206192df9693eda7f98fc0dea	fa9f89872a1096f795f41ed96ad75144471f1a7b2c03bbe6a40d7245efd7822d	38183	L6 layer 6, components	vendor index (SOURCES.yaml, PARTS.md, sources.txt), per-folder notes and text extractions of maker documents
v2/vendor/cm5/README.md	971d6f3dfd762d3f7863a89429c06fc0d2a1413c	02ac9cb5f6325506b7f6d05cc1bb740e8fc89f8d06a2420a5e81c3f05c67a8ca	3579	L6 layer 6, components	vendor index (SOURCES.yaml, PARTS.md, sources.txt), per-folder notes and text extractions of maker documents
v2/vendor/cm5/cm5-datasheet.pdf	f4dc739d59493a61d7988a1baf5447af424f6e24	80070fefd8db6e8abc6e146c8b7b5fb318ba129cc1e28826936d547fde79c863	7705648	L3 layer 3, requirements (with the rule and decision registries)	a maker document pcb_requirements.yaml cites as a requirement's source; bundled so rules_lib.py requirements validates from the snapshot
v2/vendor/cm5/doc-cm-bootloader.adoc	7f502d626fbfe6d81e1a4b130b778dc790fb253a	9c0c41fd057db41a61ab4ed297de4e0bb207b7ab44b269355cbc7e6340da400a	3482	L6 layer 6, components	vendor index (SOURCES.yaml, PARTS.md, sources.txt), per-folder notes and text extractions of maker documents
v2/vendor/cm5/doc-cm-emmc-flashing.adoc	2ba941b3026cdce746e1e7a47b551cd2afedcddb	f89a23d0ebc530bfa14dda233c496f4e7feadfe3cf31d699ecd37ae6e7f3ca2a	7254	L6 layer 6, components	vendor index (SOURCES.yaml, PARTS.md, sources.txt), per-folder notes and text extractions of maker documents
v2/vendor/cm5/doc-cm-peri-sw-guide.adoc	80651814ab7a592e33f8d23f1cd510457d7a1727	5fd9174672a798bdfee45a85dcf7337ddddadb3324e523270ea22362617655fa	13906	L6 layer 6, components	vendor index (SOURCES.yaml, PARTS.md, sources.txt), per-folder notes and text extractions of maker documents
v2/vendor/cm5/doc-cmio-camera.adoc	f65fb187f425e43a6750241998fd640cb4ec9380	0ce8113012bfffbc7afe888007d58a0f4dab7a5ff2011acfc7d17100e239a385	8355	L6 layer 6, components	vendor index (SOURCES.yaml, PARTS.md, sources.txt), per-folder notes and text extractions of maker documents
v2/vendor/cm5/doc-cmio-display.adoc	afd5474a6658d1b0d1ae6a53cc80792f1e23eebb	36cb95715d66cf2bed2aafa1fc2b88cb4dfc392ea90ac4d486f7d4fac57b19e0	270	L6 layer 6, components	vendor index (SOURCES.yaml, PARTS.md, sources.txt), per-folder notes and text extractions of maker documents
v2/vendor/cm5/doc-datasheet.adoc	fc800f81c036756f30fe995c681570445266a507	fd487995fa8f5bcd28758ee61809211ab949f2ba666fbe53e5d620624416c211	4116	L6 layer 6, components	vendor index (SOURCES.yaml, PARTS.md, sources.txt), per-folder notes and text extractions of maker documents
v2/vendor/cm5/doc-introduction.adoc	8fa9a0c5f8d716fbb2ac42be25d1b9dd83994624	4bc971f5cb90d34ee7620d96e2071c428f16ec21cfe8d4dfa44f1bf787bb3f39	24804	L6 layer 6, components	vendor index (SOURCES.yaml, PARTS.md, sources.txt), per-folder notes and text extractions of maker documents
v2/vendor/cm5/doc-rtc.adoc	de7b9f056bf2df582f5ba9268ae9774fc852978f	821fcbf7551eb9a78b86d2312bccc5cbbf56e5cc1b555130be6a9b128b651b2b	3170	L6 layer 6, components	vendor index (SOURCES.yaml, PARTS.md, sources.txt), per-folder notes and text extractions of maker documents
v2/vendor/cm5/doc-td2-about.adoc	16108ab9de76343a1a454e8ca40ca2de4d1be419	a8cd631cea63b8ee63df13fbcef38870f2dd64e341f8b026e09c6adee9eb3d6c	27450	L6 layer 6, components	vendor index (SOURCES.yaml, PARTS.md, sources.txt), per-folder notes and text extractions of maker documents
v2/vendor/cm5/doc-touch-display-2.adoc	982c35d56a8a5a09216abb9426420d13bf0c66f1	202a7eb7520e098ee879bac11cc02264bc1444c7f1e6928105b4be4f7113e8b4	38	L6 layer 6, components	vendor index (SOURCES.yaml, PARTS.md, sources.txt), per-folder notes and text extractions of maker documents
v2/vendor/cm5/rpi-firmware-overlays-README.txt	64aab639e4984749bdba8809966aa7d63b7132b3	48a13f1f5fa1de9f60d81447ca9166e1b355fd7449ccb6bb5d5e3bb94794f595	304661	L6 layer 6, components	vendor index (SOURCES.yaml, PARTS.md, sources.txt), per-folder notes and text extractions of maker documents
v2/vendor/diodes/diodes-ap64500.pdf	839cbbd88fdef7216d3420a36bcf5b41b2cdd3b5	d3bcdc7dd4ca44cb36ef893d3dbfabbd1742dfc736557777868f6ead5d0a98e8	1278269	L9 layer 9, pre-layout design analysis	a maker document pcb_energy_chain.yaml cites as the basis of a rating; bundled so energy_chain.py can check its citations from the snapshot
v2/vendor/duplicates-allowed.txt	1cf71313a4502dd486f6cd83edaef646f2efa9be	df9ccd4175a2974023fe4907c0ec352c26361ecec75e4764caee13adce5c3cf8	590	L6 layer 6, components	vendor index (SOURCES.yaml, PARTS.md, sources.txt), per-folder notes and text extractions of maker documents
v2/vendor/fabricator/jlcpcb-impedance-stackups-2026-09-16.md	bb8f931e790af4d221413e122e3e6f5c5cec70ff	8183aed38e1873034011a6b1ec50985608edcf37d6466c3b996961fe2f85d8cf	2475	L6 layer 6, components	vendor index (SOURCES.yaml, PARTS.md, sources.txt), per-folder notes and text extractions of maker documents
v2/vendor/fabricator/jlcpcb-pcb-capabilities-2026-09-16.md	9ac0afb80353dadf8cc54595bae4f994f95054a6	123b9bf63df2c8030ca17060793f353e5c6345e9da67016815e2fb7c4e0c2bdd	5807	L6 layer 6, components	vendor index (SOURCES.yaml, PARTS.md, sources.txt), per-folder notes and text extractions of maker documents
v2/vendor/fabricator/jlcpcb-stackups-2026-09-25.md	895f4a977d8dae67328cde2b7c13c4b70c3d62bd	5fa7c9abfcc519da58d9450b246871199fd1960dad76efb6a89bf7c39f03ded3	8253	L6 layer 6, components	vendor index (SOURCES.yaml, PARTS.md, sources.txt), per-folder notes and text extractions of maker documents
v2/vendor/family-matches.txt	27511c7cd9dc823d20b127fa6c76438063227b10	982dd2d5f3244d22da426a0e2a29aeaeda9cc1bbe5c4d7bade18e6ec2d48be33	2835	L6 layer 6, components	vendor index (SOURCES.yaml, PARTS.md, sources.txt), per-folder notes and text extractions of maker documents
v2/vendor/gnss/README.md	ec4b4072fc9b036f7ecd43a7585b46a6f2b6ae7c	7aa9666ff122558b3c3632c079897c2b37115fe0c642a7ea7b57d836f711373e	1827	L6 layer 6, components	vendor index (SOURCES.yaml, PARTS.md, sources.txt), per-folder notes and text extractions of maker documents
v2/vendor/limesdr/limesdr-mini-2v4.geom.txt	9436d76a3137047d3547caf269aabdfd8e257178	ec025ba8d8d6ed060d54c244ff79a5590128f41e52f2723f78d069b7fdf051dd	11175	L6 layer 6, components	vendor index (SOURCES.yaml, PARTS.md, sources.txt), per-folder notes and text extractions of maker documents
v2/vendor/lora/README.md	59dddb1c3056493299953259f0d9439a78c5e186	8a5e10ad1a10faf75c192411aacfdb61673ca3fed407933f4a3ba4ae103857d5	2764	L6 layer 6, components	vendor index (SOURCES.yaml, PARTS.md, sources.txt), per-folder notes and text extractions of maker documents
v2/vendor/lora/lora-MeshAdv-900M30S.yaml	c90391cb05e0cc89a0dfb45463e149971f6f7668	9e77846cde332365773d86cd743817457d64ac3b336ffcbff62156236fcf804f	367	L6 layer 6, components	vendor index (SOURCES.yaml, PARTS.md, sources.txt), per-folder notes and text extractions of maker documents
v2/vendor/lora/lora-MeshAdv-Mini-900M22S.yaml	d878bce1b3b2d01f90d4ce904c706b1d8a805e3a	e1440db7391d7ae45b5558eb63fb9085982e5f723751f5e865d3e698c81358e7	319	L6 layer 6, components	vendor index (SOURCES.yaml, PARTS.md, sources.txt), per-folder notes and text extractions of maker documents
v2/vendor/lora/meshtastic-linux-hardware.md	2ab992627034a7c7a92f4beea0cfdc021fcea7a5	b909fa70d75e6fb28a067ed7d9b750fddb4ffa1e8f173729cc7f7eb0eef768d2	2011	L6 layer 6, components	vendor index (SOURCES.yaml, PARTS.md, sources.txt), per-folder notes and text extractions of maker documents
v2/vendor/lora/meshtastic-linux-native-devices-wayback-2024-09-06.md	9f5d2123019a68a775fe76bda5808fdb8dc921c6	ba479d0755c80df3c0afe1ae53adfbf6272469077c1279364725842ad98d7b43	8647	L6 layer 6, components	vendor index (SOURCES.yaml, PARTS.md, sources.txt), per-folder notes and text extractions of maker documents
v2/vendor/lora/meshtastic-raspberry-pi-linux.md	6fc56e995dd25126506e97a0c8584650d6b9b166	cd49b4b0d56cfea23e90a42e11a8a51794d3fa260e410f33d6875de631d35ec9	2656	L6 layer 6, components	vendor index (SOURCES.yaml, PARTS.md, sources.txt), per-folder notes and text extractions of maker documents
v2/vendor/lte/README.md	6272a703c1658c31b5c3a93f88b30e090f5bc090	e307761220c919f9b6fbfc66fd4c9ef9b27ff2b88e004739dd59c2369484fcd9	3206	L6 layer 6, components	vendor index (SOURCES.yaml, PARTS.md, sources.txt), per-folder notes and text extractions of maker documents
v2/vendor/m2/amphenol-mdt420m02001-m2-m-key.ocr.txt	262dda64992f025c6a695ff284e16443cdaf54d9	8f3d6bbdfe8c4dd6521b40be11557c8fa0c1e6944fef2b77e1b61ec2a6383bdf	3760	L6 layer 6, components	vendor index (SOURCES.yaml, PARTS.md, sources.txt), per-folder notes and text extractions of maker documents
v2/vendor/m2/te-2199230-m2-e-key.ocr.txt	73b53454ef37622de5b5fd23734398aa4d778b8d	5e16edae211b6c7271dec5947fa08e84ec606980a773c0fb0978a9585c8f06e8	8379	L6 layer 6, components	vendor index (SOURCES.yaml, PARTS.md, sources.txt), per-folder notes and text extractions of maker documents
v2/vendor/microchip/microchip-atecc608b-datasheet.pdf	de2ca4e2683d447fe9181cc22e39fcbdf77b8814	519e2edac0deefe1755a98e30b8ce2a5a2ff9b9c39acda333bb625b87bdac3ff	927627	L3 layer 3, requirements (with the rule and decision registries)	a maker document pcb_requirements.yaml cites as a requirement's source; bundled so rules_lib.py requirements validates from the snapshot
v2/vendor/nicerf/nicerf-sa868-datasheet-v1.3.pdf	2932d6f40b9db08bab6e59f4e1f311dc24d9a3e4	938ef5ef5007df6bb8a3f2d2eb6878e3eac269e1f327c9a9164406b0f5152be1	898340	L3 layer 3, requirements (with the rule and decision registries)	a maker document pcb_requirements.yaml cites as a requirement's source; bundled so rules_lib.py requirements validates from the snapshot
v2/vendor/not-used.txt	7aed9edd4f178dd86f3d4c931c6845c6c354276f	343d6cecf9a98c6f549ced402329b5063729b94f3d0498b6159dde44c51c9bf6	536	L6 layer 6, components	vendor index (SOURCES.yaml, PARTS.md, sources.txt), per-folder notes and text extractions of maker documents
v2/vendor/open-picks.txt	216ce81649a63aed497ce4bca49dda6631e8f5f8	50fc4045f66137fcf4de58afef0d8297d126e4ea09cecc41c1e17b86fb89a27e	4514	L6 layer 6, components	vendor index (SOURCES.yaml, PARTS.md, sources.txt), per-folder notes and text extractions of maker documents
v2/vendor/openthread/ot-cc13x2-cc26x2-README.md	44cb7184b445a797f4fdf07bb6ec23cc8fcc5cae	9fb33fee45215ec8b537e1ebe8b9e0ed90c8a9f4ca1983e09334ff77ada3ae97	2924	L6 layer 6, components	vendor index (SOURCES.yaml, PARTS.md, sources.txt), per-folder notes and text extractions of maker documents
v2/vendor/peli/1400/1400-PF.geom.txt	81e04087e23bde0dd630c5bf9a99da5379c44c82	669e1e0ed1216f51bd390827a9304d4cba2f6e61e0bd25362275c2ff50506e9c	1866	L7 layer 7, mechanical and enclosure	case geometry read from Peli's CAD (text extractions and the scripts that read them)
v2/vendor/peli/1400/1400-panel-frame.geom.txt	0e9718b381b328fb588d0989403b329445752e84	a9420954cf4df9b95e2913c7266286c7c9f9980c7b76a6886a14960a9c0c74f6	1938	L7 layer 7, mechanical and enclosure	case geometry read from Peli's CAD (text extractions and the scripts that read them)
v2/vendor/peli/1400/1402-931 Bottom PID 7-24-2025.geom.txt	e5760b763b17b4d24d6304eb1378c5d5f0d55fc8	1a6c2b5c62fbf1e9ac504d8a1a6234307a53f0230a795a7e5dd25b24a5bfcf8d	1656	L7 layer 7, mechanical and enclosure	case geometry read from Peli's CAD (text extractions and the scripts that read them)
v2/vendor/peli/1400/1402-931 PID 7-24-2025.geom.txt	1bf4bb755b909ed9fa101d015aad3d29616ae893	bda8dc1fc9edf9fdbd5897cda434f9c66729fecb34eeb9ae9ea39742faf93a3d	2354	L7 layer 7, mechanical and enclosure	case geometry read from Peli's CAD (text extractions and the scripts that read them)
v2/vendor/peli/1400/1402-931 Top PID 7-24-2025.geom.txt	3e85683f9a8a050c496c741e73c30310aec7a59c	01b67efeee3e103c890f9123705eef11de5b8fe78d9d293c8d4ac9ff95ddae83	1624	L7 layer 7, mechanical and enclosure	case geometry read from Peli's CAD (text extractions and the scripts that read them)
v2/vendor/peli/1400/1403-314-000.geom.txt	841985f952389db390032064cea5a75d7a07fda7	32a25bfe4d9ec1bf9b25f8d2d139433ba32944fdcd0adf8cbe975e1918283744	1644	L7 layer 7, mechanical and enclosure	case geometry read from Peli's CAD (text extractions and the scripts that read them)
v2/vendor/peli/1430/1431-932-bottom.geom.txt	aa34c4403f6c3fb18f5bec7682231fc113c63c46	bff6b8b8cb3a97c0775db31b546d2ce81b6af4e084764047ccd0cd20e33769b8	1571	L7 layer 7, mechanical and enclosure	case geometry read from Peli's CAD (text extractions and the scripts that read them)
v2/vendor/peli/1430/1431-932-top.geom.txt	4fb14e522e2376622b666e5564fac013f8d38eec	569b9c60e995ed14438a8648de9c2aa540f8b88fbe0a409de9b037da2a66d10c	2163	L7 layer 7, mechanical and enclosure	case geometry read from Peli's CAD (text extractions and the scripts that read them)
v2/vendor/peli/1450/1450-panel-frame.faces.txt	83a0eed533a2996a7b850d5d609644378f836263	1cc7bf5d6218aa4ab7c3bb21c26f3b276c9ee513de3d654476ff8e6924332b92	28820	L7 layer 7, mechanical and enclosure	case geometry read from Peli's CAD (text extractions and the scripts that read them)
v2/vendor/peli/1450/1450-panel-frame.geom.txt	6e4fe3fd8ee0a43ed44d12f60efd607ffa023244	6156666c70a4b018d3b47a3af55888420964b519995e2170be9ce27cb5986176	1987	L7 layer 7, mechanical and enclosure	case geometry read from Peli's CAD (text extractions and the scripts that read them)
v2/vendor/peli/1450/1451-931-bottom.faces.txt	94a5d1590f3a482188d3ed56abe4c20fef7c4bc0	0ef2cc7890984dd31c37ea5fd6553d9ee893c5ee5f0e40fd46fc3ce8b7d1d1a6	12498	L7 layer 7, mechanical and enclosure	case geometry read from Peli's CAD (text extractions and the scripts that read them)
v2/vendor/peli/1450/1451-931-bottom.geom.txt	83403fda40509cf98918a6f5a9e832ed0bee00f1	c25c37d0bff2252643f13d0427078018089207d50d64e071ee1e0bd93781a300	1571	L7 layer 7, mechanical and enclosure	case geometry read from Peli's CAD (text extractions and the scripts that read them)
v2/vendor/peli/1450/1451-931-customer-drawing.geom.txt	a9bbdbf5666ab7be94fb64944a96c2d7cdeb773c	33ccb90a9ccaf7b4245da8ea3c76525b2dc9a6ef50e4a6880db17fd61a593498	2586	L7 layer 7, mechanical and enclosure	case geometry read from Peli's CAD (text extractions and the scripts that read them)
v2/vendor/peli/1450/1451-931-top.faces.txt	c1db11d154d98fb08b9e7c711982d43f82544a66	35ccf482a757a72d091efda6dc6be1a2c247ac9dd2fd2753d3cd862d53c4e973	5489	L7 layer 7, mechanical and enclosure	case geometry read from Peli's CAD (text extractions and the scripts that read them)
v2/vendor/peli/1450/1451-931-top.geom.txt	089ac704d32f3107a67af030b1484ce56a449982	7a0e622e01d7b025042dc4b5ab9922bc17fca08cac775f79af1cd7b38c361f92	1554	L7 layer 7, mechanical and enclosure	case geometry read from Peli's CAD (text extractions and the scripts that read them)
v2/vendor/peli/1450/case_margins.out	b975414aef3590e101839ab6fd350158d4d5d399	1609b6e5f65f3c295493e1bda5b305f539d49a96519caa6c3b77e96fd556b001	6901	L7 layer 7, mechanical and enclosure	reference output of a case script (case_margins.py, frame_seat.py, the back-wall DXF reader): the text a re-run is compared with byte for byte; a script output, not a maker document (H1.1, checker finding M3)
v2/vendor/peli/1450/dxf_backwall.out	12af07f09e5057c0ebed18958b5169d91f062dc4	b586e209aac838f585793a69fe52e3704fc6ea8f48921158b931dea69799831b	3705	L7 layer 7, mechanical and enclosure	reference output of a case script (case_margins.py, frame_seat.py, the back-wall DXF reader): the text a re-run is compared with byte for byte; a script output, not a maker document (H1.1, checker finding M3)
v2/vendor/peli/1450/frame_seat.out	85bd38239519610207c6585830e426370ef926be	a65c0792a7a08c08772769e6fbfc64d31f085c10598f7b512e2c03930390c586	31265	L7 layer 7, mechanical and enclosure	reference output of a case script (case_margins.py, frame_seat.py, the back-wall DXF reader): the text a re-run is compared with byte for byte; a script output, not a maker document (H1.1, checker finding M3)
v2/vendor/peli/1500/1500-panel-frame.geom.txt	fe68fd865c6ab96128803f62d05d27f96a290910	6af7d1efdb71a479b72518df0a5e7f51d117acb7d091ec7d44534c2f4e22689e	1631	L7 layer 7, mechanical and enclosure	case geometry read from Peli's CAD (text extractions and the scripts that read them)
v2/vendor/peli/1500/1501-931-bottom.geom.txt	896ce5368c50b3077000303836009501ed9b0480	9dcdb406a2206ca7b9b6bd57f6df6cf6f499b0fc579aa1a87b9061ce268b6f70	1848	L7 layer 7, mechanical and enclosure	case geometry read from Peli's CAD (text extractions and the scripts that read them)
v2/vendor/peli/1500/1501-931-top.geom.txt	60111cc3aac28017a1edae4b758b0bea3bfc6061	b94dbb3c61bd4ae66069260095ba35c2f3efdae98819d7aa6741031b9b1d7920	2399	L7 layer 7, mechanical and enclosure	case geometry read from Peli's CAD (text extractions and the scripts that read them)
v2/vendor/peli/1520/1521-931 Bottom PID 7-24-2025.geom.txt	5d194037bfa8b03c1f3e0020ea03c80ec6176abf	1ee802bbc433f1ba22eed88dae2da30a6eae2a88ac46975e70282ea84947d145	2137	L7 layer 7, mechanical and enclosure	case geometry read from Peli's CAD (text extractions and the scripts that read them)
v2/vendor/peli/1520/1521-931 PID 7-24-2025.geom.txt	d84b0271bd0cc114772bcf0bfd91354b91b50b79	76513a0aa1f5f9bdb1e1e1491f69283e848346e0855f4586eadba0e74ac48df1	2585	L7 layer 7, mechanical and enclosure	case geometry read from Peli's CAD (text extractions and the scripts that read them)
v2/vendor/peli/1520/1521-931 Top PID 7-24-2025.geom.txt	31112aeb59895cfb8ab4a64e4d65939587741e18	272738f2f8c8727b0c73704adec13ded5a87b2c9b5dba397542f61eb9fd371bc	1783	L7 layer 7, mechanical and enclosure	case geometry read from Peli's CAD (text extractions and the scripts that read them)
v2/vendor/peli/1520/1523-PF-panel-frame.geom.txt	924fb97c9bc136b475dd59e19f2aa443d80a3028	d3d523008484aefe0ce509dae9f7453bcb4045889fe0a6ffbe6ed9aa7505dd2c	1650	L7 layer 7, mechanical and enclosure	case geometry read from Peli's CAD (text extractions and the scripts that read them)
v2/vendor/peli/1520/1523-PF.geom.txt	8feaee384c130944cc810e222a9d4b270eef8b9d	586f6736afffbccfa46dba0d1eec7e4e69eb36d7ef77fe7d077fd2d7b25971ce	1578	L7 layer 7, mechanical and enclosure	case geometry read from Peli's CAD (text extractions and the scripts that read them)
v2/vendor/peli/1520/probe-1520.txt	2505069f8eccb2d210a22b668cfa73c4f0448537	8fbd6850ca5ea49b5864047ac634b93b5ba27e105b889729f4e337daf600cc9c	3506	L7 layer 7, mechanical and enclosure	case geometry read from Peli's CAD (text extractions and the scripts that read them)
v2/vendor/peli/1550/1550-panel-frame.geom.txt	b9b45fe1176d7bf9eb56374cfdcb83949fae7ad3	7c37d31bab07e50919e27f1ef60df502409f40e283bcb1b89e1364cd6826a48b	1632	L7 layer 7, mechanical and enclosure	case geometry read from Peli's CAD (text extractions and the scripts that read them)
v2/vendor/peli/case_margins.py	43e4da83ec3293fdcc224d1f424fc75872444bb9	3391fe828e17870c028bfa06ea34295563f5c4cd336d5b9473a5a88150a60e5f	19656	L7 layer 7, mechanical and enclosure	case geometry read from Peli's CAD (text extractions and the scripts that read them)
v2/vendor/peli/dxf_read.py	7996245486d9e7fd75b54d4631a2404a37fa4f19	4c05bf71f57bb95bfece6db3eb77071120ab365c7f8e308bfb4a3dfeb69e1a4c	7410	L7 layer 7, mechanical and enclosure	case geometry read from Peli's CAD (text extractions and the scripts that read them)
v2/vendor/peli/frame_seat.py	a1229d528fd0c644feb825ebe43ba6fe4fa98e82	959b9326f614f72a52b3e0beb425c25476def3cf37a31bb9e0ba3da96aa3e5a9	85147	L7 layer 7, mechanical and enclosure	case geometry read from Peli's CAD (text extractions and the scripts that read them)
v2/vendor/peli/proj.py	d830f79722cd8db580968ad89e92950f171ef15f	f4f42b5ddcabebf989faede108d2e31f77ac9a8f9ce6b52836b29fa68b1e395c	818	L7 layer 7, mechanical and enclosure	case geometry read from Peli's CAD (text extractions and the scripts that read them)
v2/vendor/peli/sect.py	f825ab6b4ccd63c02a67df1ecfaccdd4048067a5	552f6792cd0be6ae23fa677f720189304fc0d5ad2629172c99447de80e0b5266	1330	L7 layer 7, mechanical and enclosure	case geometry read from Peli's CAD (text extractions and the scripts that read them)
v2/vendor/peli/step_faces.py	557b4511b8be6eb89076c067b932cd444db6b46f	9779a237c067c24224919274179f92182acb55db3b2ed0e5486758f988a4e33d	2927	L7 layer 7, mechanical and enclosure	case geometry read from Peli's CAD (text extractions and the scripts that read them)
v2/vendor/peli/wall.py	97ec8db646fc57435f11cb8b017d191a01bac322	dd40ffa291bea4faf0ff05ec0c3caf4a30f49601d6fc6260757b06034fd8ef91	1603	L7 layer 7, mechanical and enclosure	case geometry read from Peli's CAD (text extractions and the scripts that read them)
v2/vendor/peli/wall2.py	b369f9992fbdc6021eb827fd64ce43d40201c9b7	a2dc8b938ccfacf9e52d50a3b66aa40f78f77e85d0cc1cda98e67d128db0687e	1323	L7 layer 7, mechanical and enclosure	case geometry read from Peli's CAD (text extractions and the scripts that read them)
v2/vendor/power/bourns-mf-msmf-pptc.pdf	fa14758f25b804280eadbc25877a8bfc2f00d244	a84b990157dd1d755b5c7a413156ddf8792a3a95cff56f09a95d10754e9e49ed	1309025	L9 layer 9, pre-layout design analysis	a maker document pcb_energy_chain.yaml cites as the basis of a rating; bundled so energy_chain.py can check its citations from the snapshot
v2/vendor/precidip/precidip-813-spring-loaded-connector-pages-31-34.pdf	1cf37664b5bf79a642e6c0ca7eff62eee367737c	d630c8a92e7f65fc63a51fed5bebfe974ecacfc81b64265c4c262d0d01b3d194	158643	L9 layer 9, pre-layout design analysis	a maker document pcb_energy_chain.yaml cites as the basis of a rating; bundled so energy_chain.py can check its citations from the snapshot
v2/vendor/probes/probe_holes.py	450c7963a7d000f66fde1b2b467c73af553284bb	765bd306a541dec301bac1fec027c654fb265e29e1cce6e9540609d675bf663b	2394	L7 layer 7, mechanical and enclosure	case geometry read from Peli's CAD (text extractions and the scripts that read them)
v2/vendor/probes/probe_holes2.py	cdf1770a31822657cdc582bfcca96351086d33eb	48ccb9cb4c70a0f7a5a69f607eee759915602815c198850f7b1e5b21dfb13948	1823	L7 layer 7, mechanical and enclosure	case geometry read from Peli's CAD (text extractions and the scripts that read them)
v2/vendor/probes/rb9704_probe.py	18a769e82daf66086febf30cdfe5e17482664d8e	fe6c907a19649685525e702cc0c1b741e426a2d7160ba9a16b75a4a5ef70eaf4	1358	L7 layer 7, mechanical and enclosure	case geometry read from Peli's CAD (text extractions and the scripts that read them)
v2/vendor/probes/rb9704_probe2.py	5036b3777be30711ed8fffc38a448f82ee7cbd73	952f738ba965939f595f48a705f98e91741f675d3cbdc658463256b393d89c59	2096	L7 layer 7, mechanical and enclosure	case geometry read from Peli's CAD (text extractions and the scripts that read them)
v2/vendor/probes/step_probe.py	40b153ffc48d4fcf004e6a366e1fdf4ee3ac8c82	953af88395d4c2652fee94a37b3cca93e5504bab94cbfc3427e9e6b9f20b4705	1738	L7 layer 7, mechanical and enclosure	case geometry read from Peli's CAD (text extractions and the scripts that read them)
v2/vendor/probes/td2_step_probe.py	0e745136c300c8d3cecfa973d026e4799e31735f	041cacd14199199b67ad72975c9e0b4600d35ecdfe752239436f975eb6b1e99b	1210	L7 layer 7, mechanical and enclosure	case geometry read from Peli's CAD (text extractions and the scripts that read them)
v2/vendor/probes/td2_step_probe2.py	fdfc2b5aec4ea87e2f010698223c3a4e321fb2d7	478910c47861c4726e8bbf093690104305c632d334dfb4ddbc740dcda04110c1	1526	L7 layer 7, mechanical and enclosure	case geometry read from Peli's CAD (text extractions and the scripts that read them)
v2/vendor/probes/td2_step_probe3.py	3fc42f10766344480ebf876d9683e653423b6864	431c07db0db038a5f79343f2515bf30ffb5dbf0b20b73039c90a60e65be5e86f	1208	L7 layer 7, mechanical and enclosure	case geometry read from Peli's CAD (text extractions and the scripts that read them)
v2/vendor/probes/td2_step_probe4.py	e2389b8e1e34f11a90b8150d5c18ea8d44c730bc	36dc5d70d113409bc0354452af4f87449c90d3d9059c6f04f99184cd8bef3dc8	1800	L7 layer 7, mechanical and enclosure	case geometry read from Peli's CAD (text extractions and the scripts that read them)
v2/vendor/probes/td2_step_probe5.py	59c026403d4cfd6f40aec52c6819b5274033b56e	6e2a64634c812c8ac0b97c171afb28e7d80d13fcdfe0be3fdd5acfca1fcba387	2131	L7 layer 7, mechanical and enclosure	case geometry read from Peli's CAD (text extractions and the scripts that read them)
v2/vendor/quectel/quectel-rm520n-series-hardware-design-v1.1.pdf	412a8ccc7792c2354af869953254882d439ab706	2bae882148b45172e009f88cbea08878f80e284dc6d44e93af5d67f6b9ed030a	2336341	L3 layer 3, requirements (with the rule and decision registries)	a maker document pcb_requirements.yaml cites as a requirement's source; bundled so rules_lib.py requirements validates from the snapshot
v2/vendor/quectel/sparkfun-lg290p-breakout-schematic.ocr.txt	571591bb21a528ceaa21904edb1e2e2f13f110a8	95bddb273b894344573b30451d6c72fad11e1141eea2fd7a85261258a583cdf1	3070	L6 layer 6, components	vendor index (SOURCES.yaml, PARTS.md, sources.txt), per-folder notes and text extractions of maker documents
v2/vendor/rf/amphenol-connex-132170-sma-bulkhead-ff-drawing.ocr.txt	30036844f7dd146c1986e33ec9e8b9ec7ed0c1ce	0c95f7ee560f8f6c72b0577457e41608ba2a5c648b7ed8297ccff181323b2a1f	1318	L6 layer 6, components	vendor index (SOURCES.yaml, PARTS.md, sources.txt), per-folder notes and text extractions of maker documents
v2/vendor/rockblock/RockBLOCK 9704-SMA-2A.geom.txt	af4a8afd613bcd95928e175e24abe57be8408a67	6232d8bb3cfefb938f6c5ea5b21eaccf66a1c8e6e4d4f82f9defcc7e6545660e	36529	L6 layer 6, components	vendor index (SOURCES.yaml, PARTS.md, sources.txt), per-folder notes and text extractions of maker documents
v2/vendor/rockblock/rb9603.geom.txt	d0de9d159ef298ababb297968807aa1fbfe03669	edfb06fd761dddc647826e96aa836e04d5021baa52a1b3d7bf8590ef28727efa	3344	L6 layer 6, components	vendor index (SOURCES.yaml, PARTS.md, sources.txt), per-folder notes and text extractions of maker documents
v2/vendor/rockblock/rb9704-sch-2B1.pdf	1de1cf2797118e9debe4a9d141a4391381438df4	8151ea31acd1556855a3886c57fae759d34b5dd83b254b80dc1b03cf49b6f7c3	2339416	L3 layer 3, requirements (with the rule and decision registries)	a maker document pcb_requirements.yaml cites as a requirement's source; bundled so rules_lib.py requirements validates from the snapshot
v2/vendor/seals/README.md	fa29d3632767512c26c002eb6d3a4df659230452	b609606bc2d8ccea230a790f11253792f8a0bb7e2a71820aaf75b49accc0f68f	10101	L6 layer 6, components	vendor index (SOURCES.yaml, PARTS.md, sources.txt), per-folder notes and text extractions of maker documents
v2/vendor/seals/jlcpcb-parts-search-2026-09-05.txt	234c9be4f010c16658bfec25e9436fe3ab648a40	fa05fc5105e23e8ce2611fcf3d0b1e578e3b8dcee88cd5569df717c2ea56ca5e	9156	L6 layer 6, components	vendor index (SOURCES.yaml, PARTS.md, sources.txt), per-folder notes and text extractions of maker documents
v2/vendor/seals/jlcpcb-pcb-capabilities-page.txt	f841de75637b1a9f767b4b15ad7c9c14ac0c7f55	af573c467e5dcb25a673570da37edc9aa78887c05ec249286cc3f98c15b0b5ea	17207	L6 layer 6, components	vendor index (SOURCES.yaml, PARTS.md, sources.txt), per-folder notes and text extractions of maker documents
v2/vendor/seals/jlcpcb-via-covering-help-page.txt	0f03563c04881c8697facfb7d5f7b290082094ef	d9906c7d9dda9feeb753cdfef6805f3fe4fe14722b67728497ea744f24cd9e7c	10522	L6 layer 6, components	vendor index (SOURCES.yaml, PARTS.md, sources.txt), per-folder notes and text extractions of maker documents
v2/vendor/seals/polyvantis-lexan-mr10-thickness-list-wahlee.txt	066735f728ad6a0d8335ee149f30862602d830ac	88fad6e3a9b24f21fb00239e605826068863b6ef253acd2bec6c11bf3d5b8e26	461	L6 layer 6, components	vendor index (SOURCES.yaml, PARTS.md, sources.txt), per-folder notes and text extractions of maker documents
v2/vendor/solar/pvgis-leiden-monthly-2015-2020.json	55c4837edbcbab90a078209dab3726b88deb5958	bb2f165c642a36f0f48a9a628b259baf3108b26fb54e138070a1a24a694cd035	5965	L6 layer 6, components	vendor index (SOURCES.yaml, PARTS.md, sources.txt), per-folder notes and text extractions of maker documents
v2/vendor/sources.txt	1fd0921865af90c3c34c49fed6a2c97644551939	084627db4bf5f273b568bae5145f4e0c9407983a2e6f4977a1e5d4a8fb1d9ac9	51924	L6 layer 6, components	vendor index (SOURCES.yaml, PARTS.md, sources.txt), per-folder notes and text extractions of maker documents
v2/vendor/standards/ecss-e-hb-20-07a-2012-09-05.md	76f0449481790a17270c423a53ac5a1a435f67ca	2983321f9a765a2fb1402ef40efaa1aec01c6f614c455a018bc658a0cbc052c2	8975	L6 layer 6, components	vendor index (SOURCES.yaml, PARTS.md, sources.txt), per-folder notes and text extractions of maker documents
v2/vendor/standards/ecss-q-st-30-11c-rev2-2021-06-23.md	d11adff332439733d42e079dab2a3bf3f3f91322	576256819950c4432b48769e5f642ee5bfb0eed4f025c03fb9727de7dbeabeea	5480	L6 layer 6, components	vendor index (SOURCES.yaml, PARTS.md, sources.txt), per-folder notes and text extractions of maker documents
v2/vendor/standards/ecss-q-st-70-12c-2014-07-14.md	28c76d8566819694a760bd3482afd967b304e3fd	6a8ae167b317221c660c3ef9947038959e5e2f310a19efded25bc6b5c4dd11ae	11721	L6 layer 6, components	vendor index (SOURCES.yaml, PARTS.md, sources.txt), per-folder notes and text extractions of maker documents
v2/vendor/standards/erc-rec-74-01-2022-05.md	d06ee8539f352d1770f5b23f0c26ad15a879828f	8d4d5d554bcc8ac8bf071cccb8f3cfeb0d4559e0f1de5695c65f34bca7a9c1c9	5761	L6 layer 6, components	vendor index (SOURCES.yaml, PARTS.md, sources.txt), per-folder notes and text extractions of maker documents
v2/vendor/standards/mil-std-3009-nvis-2001-02-02.md	5f9ed4faddfaf2ec80f623ee91f8f85a159474f6	e74d552faac46a8eef6df0160ae82368b21472ed067d2b990f7f32d07bca8802	11798	L6 layer 6, components	vendor index (SOURCES.yaml, PARTS.md, sources.txt), per-folder notes and text extractions of maker documents
v2/vendor/standards/mil-std-461g-requirement-matrix.md	39096779751f2a38ba98c4f9fc24badfeb64a8f1	0f95e97083d7f16c5beb9c48e3ea4ce08112fe2f92aab10f395d477d3fcde310	3149	L6 layer 6, components	vendor index (SOURCES.yaml, PARTS.md, sources.txt), per-folder notes and text extractions of maker documents
v2/vendor/standards/mil-std-810h-method-516-8.md	a11337c996fe1d3bb1a056201f7d5e706c6dbbd4	f6e0c9e663ae1e3d0e16c57b87232a19803208e7cdfca81c140789d7567c64ce	4086	L6 layer 6, components	vendor index (SOURCES.yaml, PARTS.md, sources.txt), per-folder notes and text extractions of maker documents
v2/vendor/standards/tcg-tpm2-library-r1p59-2019-11-08.md	3a0bec18efb7a27a668160bdcd112ae8a444ad5c	7d262b06e75125e79f990a8f52ec5ee3d9dbf4b122b78fbc87ea90286a425d54	6220	L6 layer 6, components	vendor index (SOURCES.yaml, PARTS.md, sources.txt), per-folder notes and text extractions of maker documents
v2/vendor/standards/usb-2-0-specification-2024-09-27.md	89304e9944e2526035bc09f45ee2d7e39a8f92d9	2ecb40606d4b84feae3f6c34216e9840fba9de2deb7ae1e76c546b453e35a36b	6016	L6 layer 6, components	vendor index (SOURCES.yaml, PARTS.md, sources.txt), per-folder notes and text extractions of maker documents
v2/vendor/switches/apem-switch-guards-series.ocr.txt	22bccaacb5c987a81aa7a770bcd608d258093f52	92e781e5ba1e71ab735b727b2103baa8ff311b2538aaf9d1f015b6b67f7a8dae	6450	L6 layer 6, components	vendor index (SOURCES.yaml, PARTS.md, sources.txt), per-folder notes and text extractions of maker documents
v2/vendor/tbeam/H768-01-DISPLAY-BAT-SHELL.geom.txt	22bb2b1652035b80042dd567d81215f301f4ac54	9fe0736c26fc0fdf04daabe6b58dae693f33459ba4cf480b7684fdc91705e86b	4058	L6 layer 6, components	vendor index (SOURCES.yaml, PARTS.md, sources.txt), per-folder notes and text extractions of maker documents
v2/vendor/tbeam/H768-01-PCB-FAN.geom.txt	efad350b235a37be0b0c654dea120d8a99adf18c	cc75a02f1549f8773d96171e9453dcf7eb62a5693999fd4c3c3e2a581313dc17	12230	L6 layer 6, components	vendor index (SOURCES.yaml, PARTS.md, sources.txt), per-folder notes and text extractions of maker documents
v2/vendor/tcall/T-A7670X-Board-3D.geom.txt	a919b892de73cf85280c0428f6fb613dfcd08f38	39bc4a2fe619ca2cb0ede5342fae5a56aa7c607d32298fe3174241c29948a47a	6458	L6 layer 6, components	vendor index (SOURCES.yaml, PARTS.md, sources.txt), per-folder notes and text extractions of maker documents
v2/vendor/tcall/T-Call-A7670-ESP32.geom.txt	47ba4d030f2960523517bd0234161592c288598e	bce7c9cf35c3c0b7137325f64139abd4c1d90e8e411b85ba445005e6023ab437	1353	L6 layer 6, components	vendor index (SOURCES.yaml, PARTS.md, sources.txt), per-folder notes and text extractions of maker documents
v2/vendor/td2/raspberry-pi-touch-display-2-7inch-RP-009154-DD-1.geom.txt	8b1f3c378c72c3d3f2890377bcd27b427d25bc73	2e34222ca4102b5e5a5ba6a8fb58001b11c3e7a446fb769572ddfe974d6ee7fa	2478	L6 layer 6, components	vendor index (SOURCES.yaml, PARTS.md, sources.txt), per-folder notes and text extractions of maker documents
v2/vendor/td2/td2-7inch.geom.txt	91f77638454e92a3eba642247f0a1b0f83564568	d78574ec89d909a03b84aa377af81ca02aa3cf6805b34d3ececbbb9be4aeeed8	2198	L6 layer 6, components	vendor index (SOURCES.yaml, PARTS.md, sources.txt), per-folder notes and text extractions of maker documents
v2/vendor/ti/bq25731-datasheet.pdf	15e81b442be6ea514151abe75c6272549e7e2357	3e5e927fdf63cf6a2397630987c58e947ebc80d5a1cfc93fb1fb58d98bb58973	3689450	L3 layer 3, requirements (with the rule and decision registries)	a maker document pcb_requirements.yaml cites as a requirement's source; bundled so rules_lib.py requirements validates from the snapshot
v2/vendor/ti/ti-pca9555.pdf	efd930c670eca40c3c364bd6e01f8c0e395fcd6e	9b5cc24c3c9e286a7132e27267f98e8b8b36f02ead2157d66df2676de3a474cb	2803580	L3 layer 3, requirements (with the rule and decision registries)	a maker document pcb_requirements.yaml cites as a requirement's source; bundled so rules_lib.py requirements validates from the snapshot
v2/vendor/vendor-noindex.txt	42a4ff17a377fd2d07500301659deca65fb9d0ba	b36f3665035c3b2274d33f5beb4a11f8f1589c3ac47f5dd47d02afefadccf6e1	5343	L6 layer 6, components	vendor index (SOURCES.yaml, PARTS.md, sources.txt), per-folder notes and text extractions of maker documents
v2/vendor/vendor-status.txt	a33957253dba474ada38659d5544e96590bf06c3	8c89e7def5edf927186de746e245994fad78bb976eed26acc00e69c47088c6a1	30501	L6 layer 6, components	vendor index (SOURCES.yaml, PARTS.md, sources.txt), per-folder notes and text extractions of maker documents
v2/vendor/weact/Doc/3.7 Inch Black&Write/3D7_BW_240X416_8253-DU - ok(1).c	8a336c66574a7dad02184e623930aec0dd23361d	9806828e072cb5c28d5d0c7caa7e418132db6bb0391337ae5e6989e265d7456e	10718	L6 layer 6, components	vendor index (SOURCES.yaml, PARTS.md, sources.txt), per-folder notes and text extractions of maker documents
v2/vendor/weact/Hardware/WeAct-EpaperModule-3.7 Board 3D.geom.txt	3d973140cc47f7add4583a9ffe02f49c5a0c8cd9	5e59b6b3aca38341f8d46b9f1a9a18f5e9d64b421876e3eebadfe65f83f674cb	2940	L6 layer 6, components	vendor index (SOURCES.yaml, PARTS.md, sources.txt), per-folder notes and text extractions of maker documents
v2/vendor/weact/README.md	9f30c57e323479983424ece0ad4c854a593b1e31	527f71b773086378b59ef69d0e36dcb1ae58e92627c07d704266cfa155a58211	1001	L6 layer 6, components	vendor index (SOURCES.yaml, PARTS.md, sources.txt), per-folder notes and text extractions of maker documents
v2/vendor/weact/readme.md	00cd280e09990736f5a019a97236a12021a772e9	c7af130ac5fbfb4b8760f27a1eb0a1bab7dbe5265bd7546c6e400e659a79c549	273	L6 layer 6, components	vendor index (SOURCES.yaml, PARTS.md, sources.txt), per-folder notes and text extractions of maker documents
v2/vendor/wifi/README.md	bc43adb47e5b1beae24a06d9c3543b49482e898a	04a8377d118cc3cc5fe0e01ab21742239c9f25744a4c57ef215575f994497d0c	4099	L6 layer 6, components	vendor index (SOURCES.yaml, PARTS.md, sources.txt), per-folder notes and text extractions of maker documents
v2/vendor/wifi/linux-mt76x2-usb-device-table.c	ade15bddefc59a927ddc9b47087d3f599f83160c	6e6292552a4b3a8f9a9e773d226c0255042d84203ff19e8621fb7650e60c02fd	4150	L6 layer 6, components	vendor index (SOURCES.yaml, PARTS.md, sources.txt), per-folder notes and text extractions of maker documents
v2/vendor/wifi/linux-mt7915-f14572c2/head.json	afd16c495705953f85e7a1eaf0703ac58d294e3a	17a1bb915f136f4ed0dcf41aceb6aa7f31ed2813f0b42b6095337e5207322c2b	33560	L6 layer 6, components	vendor index (SOURCES.yaml, PARTS.md, sources.txt), per-folder notes and text extractions of maker documents
v2/vendor/wifi/linux-mt7915-f14572c2/mcu.c	5bfe0366562f92b6dbdb85a6aa45d96358c630a9	e3cc6c75c355e7e2ede45f946113dc1371b7652f3fb3a740581503b434ebeb2d	108231	L6 layer 6, components	vendor index (SOURCES.yaml, PARTS.md, sources.txt), per-folder notes and text extractions of maker documents
v2/vendor/wifi/linux-mt7915-f14572c2/mt7915.h	30fb119ce87285f9a318193705ebaed11423d70d	b11e1fc5910e4a7035fa180cd996d4bf10d751481aa0a197b64188e7901700a5	19134	L6 layer 6, components	vendor index (SOURCES.yaml, PARTS.md, sources.txt), per-folder notes and text extractions of maker documents
v2/vendor/wio/wio-sx1262.geom.txt	fb945ff69e8c95dd36dbbe6ac7b6866b8ffffd13	bed5fba580eae07e2758c185fc75b6e513b5c91e379dfb95c5b2b24aefa85630	3319	L6 layer 6, components	vendor index (SOURCES.yaml, PARTS.md, sources.txt), per-folder notes and text extractions of maker documents
v2/vendor/x1202/X1202-pcb-V1.1.geom.txt	6773b3d7290dfd02596690a58ba0acebae3c6017	dec43090de33c2992e1afdcb716b54fdee337c1c5243bb9134e7f87eca02f52f	1332	L6 layer 6, components	vendor index (SOURCES.yaml, PARTS.md, sources.txt), per-folder notes and text extractions of maker documents
v2/vendor/xenarc/xenarc-709gnk-dimensional-drawing-v3.ocr.txt	bf07e54febcb6f2138c833767ef180f40910b478	35490cbdfc657a2dd5d0d2a486fb8a2da06e6e4ff2c234770ea8c043818f9bc7	1525	L6 layer 6, components	vendor index (SOURCES.yaml, PARTS.md, sources.txt), per-folder notes and text extractions of maker documents
v2/vendor/zigbee/README.md	fe7bf2c70d3635d6733eab217249d31ea27795c1	357d65ce4e79bff8f3e55001587ec3d51df996804b2655c719fa4fbe6fe2d039	2540	L6 layer 6, components	vendor index (SOURCES.yaml, PARTS.md, sources.txt), per-folder notes and text extractions of maker documents
v2/vendor/zigbee/sonoff-dongle-e-ncp-readme.md	c0535dd4de7da6d16c07ca0059ff8485a9c2a049	83eff7a19da1df39b1db671fc22be27d8373e45c96a879b45655fca3034890b9	4987	L6 layer 6, components	vendor index (SOURCES.yaml, PARTS.md, sources.txt), per-folder notes and text extractions of maker documents
v2/vendor/zigbee/zigbee2mqtt-adapter-settings.md	b629421d38c213456fe324ab6cdaf290e89040e7	365a5d20bad100f9acbf6cbb78f503e106d2c2d2b824e6d56533e8dbce988f7c	4719	L6 layer 6, components	vendor index (SOURCES.yaml, PARTS.md, sources.txt), per-folder notes and text extractions of maker documents
