L6R2: THE GENERIC PARTS OF THE SIX BOARDS, LAYER 6 CRITERION 6.1 (l6r2_passives.py, MESHSAT-1357, 3 October 2026).
PROTOTYPE DESIGN: nothing bought, built, powered or measured. Rows: the committed netlists' fitted parts without an LCSC field.
Selections: part_identities' keys and requirements (rules V-1, C-D1 to C-D3, C-T, R-T1, R-S1, R-P, I-1). Parts: JLCPCB's public
parts library, read 2026-10-03T13:41:23Z (inputs/). A stock figure or a price is true at its time only. Nothing reselected: specials are findings.

0. THE PINS (sha256 of every input)
   35cf43a2b7098a76abb4919685ece4d6e352331628f5f242c1492d9fcbbf2864 v2/ecad/tools/pcb_envelope.yaml
   eb1f5e9f5e1ca9ae1c3caafc954633b9aec3f86f39b252d2302558f816150216 v2/ecad/tools/lcsc_fill.py
   8200c1c6e7c2131ab213dcc8f871b8cb3f9977e9d35bcd0541da1b6617393fbf v2/release/revA/order/JLC-CERTIFIED.tsv
   288c7eaa44d93e29768fcb0b2ca55e636398a0d3d4136e6378f509d815bb8459 v2/ecad/tools/pcb_part_identities.yaml
   b0139eaffacb68018d125aab72bc401042e99dc1e9735f41b89a9cde59c398b2 v2/ecad/tools/lcsc-blocked.txt
   31b82bacb31ca7efaac19627ebc97e1e7c2649c3cf1fa68e8fa513b7b61bca8c v2/ecad/tools/jlc-mismatch.yaml
   cab57e0ed5be2f638e83a2fef8e99193ef20cddd32ac0d26a0c5503db679c2ff v2/docs/records/l6r2/inputs/jlc-parts-2026-10-03.json
   687c4acafacd96d22fa89dd6cd4786280f7aeb3548c3537ece3d5389ab906cc1 v2/docs/records/l6r2/inputs/bom_from_netlist.py
   9bb9851433421739b2f1b92e6f413133f1ad8ee27b3d3e1e11245b64be98bff1 v2/docs/records/l4e9/l4e9_power_path.py
   24418b62e0062d8c1ab1a83f1513d8bc48782da9934732bcc752567a9df04403 v2/docs/records/l4e9/DOWNSTREAM-REGISTER.md
   61a606825ab314ea318cfb5362848a62fdffb851efa9818d642e9a541c56a648 v2/vendor/passives/yageo-cc-series.pdf
   f8cd1e49d3ae1d2b573eed34fd8d4f6a156d0d919cd0b2c1e576f8996f2b408a v2/docs/records/l6r2/inputs/kicad-xal-footprints-9.0.9.json
   b26cf975bd56a807173b05665bddd49ed49323400330eb8f6fa63e24ff6d7d15 v2/vendor/coilcraft/coilcraft-xal40xx-series.pdf
   236888dabe560055e7eb40e24b8bf938db132b66a0e9f1a3c512fb3b04361681 v2/vendor/coilcraft/coilcraft-xal60xx-series.pdf
   6a136feec6c9cf4e2011ed8c45a1f2e0adc3e263718c355b4b909872ee5d3c4b v2/ecad/tools/gen_sch_a.py
   f846e138cb53a8c63247efb3ad7b5cc44a68cb73e71699c65fd53b63c01af186 v2/ecad/tools/gen_sch_e.py
   740817ada5c8e14af8c8e001b775e09cbae94d6a03ad462ee2e1c1755bc935a3 v2/ecad/tools/gen_sch_p.py
   54f17c8187d3bd195b2df6447a46c6bcaeb09209fe69bb3f61a7670a47585bbd v2/ecad/tools/gen_sch_d.py
   55ff8ede8851304963f571874c1f0554e05bcacc8c7f977c98f259e96d5a3f40 v2/ecad/tools/gen_sch_c.py
   3698cc04d8eaf75ba2104e6a246352ec12a092e107eee8ee554321fa95040cb8 v2/ecad/tools/gen_sch_b.py
   6c40250c47195ebb7b2ae1388e284dc7f2fba9f2e683f654a47c98444290e8c5 v2/ecad/pcb-a-power-a23/out/pcb-a-power.net
   2ed95a0e8069ebf8ad31f4567a14015e863182a83b6de7b3b13218488d8316d4 v2/ecad/pcb-e1-dock-e7/out/pcb-e1-dock.net
   20c7b0795593d761f138e69ded1a92a5832e31cf89a1fec34008d1fda87c66b5 v2/ecad/pcb-p-pack-p2/out/pcb-p-pack.net
   a2d48972d171aad19e943c6e77ae31c45d0d33ff3ac94100f02c6c8777bca001 v2/ecad/pcb-d-aprs-d9/out/pcb-d-aprs.net
   c9f7394594201045be328a07284328a7eef2c2f451e35e0828a98ac3e5510609 v2/ecad/pcb-c-display-c8/out/pcb-c-display.net
   3ef9b8c49a01b72834dece18a69e8637305d97bbf7342d765d28be596f0464d6 v2/ecad/pcb-b-compute-b19/out/pcb-b-compute.net
   b75d0e156142af59ed19784eda4d1544804480eec95799baf9000bbd52419f8c v2/ecad/pcb-a-power-a23/out/pcb-a-power-intent.json
   4b328380172ff2c75d7e921376735b14d4db86dc31528ad5f7ff06b181fe2d56 v2/ecad/pcb-e1-dock-e7/out/pcb-e1-dock-intent.json
   657f4c42db51e4dac9d8f8f0643231e9ba3fdcff7852d11fcb7a34f74dd55b10 v2/ecad/pcb-p-pack-p2/out/pcb-p-pack-intent.json
   19fa94a2bce5dd523389e5e183a0d1d288b2ffe78e1d5fde48f32eec60dc5fa6 v2/ecad/pcb-d-aprs-d9/out/pcb-d-aprs-intent.json
   6db304b8ce504a09672b59ed79554945b8c2b0f255a04b9c0b3f2515dfe27529 v2/ecad/pcb-c-display-c8/out/pcb-c-display-intent.json
   6e46bc5651e17d8d65b4e65b1ac2dcc6c5c55fa1bb84a59ac23b2228047cbf4c v2/ecad/pcb-b-compute-b19/out/pcb-b-compute-intent.json
   11cd644d5d8a34a6d12775afb80bf58d8fc11f0c3b700dbd0f7a59942ceaa5ef v2/vendor/passives/held/uniroyal-series-11cd644d.pdf (held back; w5identc's fetch_held_back.py; fetched and matching here)
   inputs/bom_from_netlist.py is a copy of v2/docs/handover/supplier/bom_from_netlist.py at e2a8df59 (fnd/int27), the supplier package's reader

1. THE ROWS: the supplier BOM reader (every (comp) block, exclude_from_bom included) against the identity tool's fitted rows
   board A: bom_from_netlist.py  627 references in 241 lines,  407 without an LCSC field; fitted (BOM) rows  602,  382 of them without
   board E: bom_from_netlist.py  189 references in 128 lines,  124 without an LCSC field; fitted (BOM) rows  176,  111 of them without
   board P: bom_from_netlist.py   85 references in  53 lines,   66 without an LCSC field; fitted (BOM) rows   69,   50 of them without
   board D: bom_from_netlist.py  245 references in 126 lines,  164 without an LCSC field; fitted (BOM) rows  218,  137 of them without
   board C: bom_from_netlist.py  225 references in 135 lines,  133 without an LCSC field; fitted (BOM) rows  175,   83 of them without
   board B: bom_from_netlist.py 1336 references in 409 lines,  985 without an LCSC field; fitted (BOM) rows 1245,  894 of them without
   all six: 2707 references, 1879 without an LCSC field (the reader); 2485 fitted rows, 1657 without (this record's denominator)

2. PER BOARD, THE SELECTIONS OF THE UNCODED FITTED ROWS (order A, E, P, D, C, B)
   BOARD A: 105 selections over 382 rows; SELECTED 71 (318 rows); SPECIAL 34 (64 rows)
     S-4ffaac15d2 CAP        C1,C2 rows 2 [47u 25V]: C_1206_3216Metric
        requirement: value 47uF; package 1206; dielectric X7R; v_rating_min 25.0; tolerance_max_pct 20.0
        basis: dielectric: rule C-D3: class 2 (above 1 nF, or a 1206 or larger land), unstated; X7R, X8R or C0G accepted; X5R only where stated or by rule C-D3b; v_rating_min: stated; tolerance_max_pct: rule C-T2: class 2 at 10 uF and above, unstated
        the design's code: C403725 from lcsc_fill.py MAP (^47u 25V$ on C_1206)
        SELECTED: C403725 Murata Electronics GRM31CR61E476ME44L 1206 (expand), stock 109699 against a need of 10; USD 0.608 at 1, 0.5056 at 10; grade INSIDE (the dielectric class code X5R (its range is the code) -55 to 85 C)
        checks: package MEETS (1206); capacitance MEETS (47uF); rated voltage MEETS (25V); dielectric MEETS (X5R); tolerance MEETS (+-20%); construction MEETS (multilayer ceramic)
        rule C-D3b: no X7R line read meets the value, land and rating with stock; an X5R part is taken and the hot-spot question is OPEN
        identity: DOCUMENT_OWED: no maker's ordering table in the tree decodes GRM31CR61E476ME44L (Murata Electronics)
        alternative: C76659 TDK C3216X5R1E476MTJ00E, stock 79705, expand
     S-b103da8cf9 CAP        C4 rows 1 [1u]: C_0603_1608Metric
        requirement: value 1uF; package 0603; dielectric X7R; v_rating_min 25.0; tolerance_max_pct 10.0
        basis: dielectric: rule C-D3: class 2 (above 1 nF, or a 1206 or larger land), unstated; X7R, X8R or C0G accepted; X5R only where stated or by rule C-D3b; v_rating_min: derived: 16.80 V across it (DECLARED) at the 20 percent margin; tolerance_max_pct: rule C-T2: class 2 below 10 uF, unstated
        the design's code: C559769 from lcsc_fill.py MAP (^1u$ on C_0603)
        SELECTED: C559769 YAGEO CC0603KRX7R9BB105 0603 (expand), stock 826024 against a need of 5; USD 0.0595 at 1, 0.0595 at 5; grade INSIDE (the dielectric class code X7R (its range is the code) -55 to 125 C)
        checks: package MEETS (0603); capacitance MEETS (1uF); rated voltage MEETS (50V); dielectric MEETS (X7R); tolerance MEETS (+-10%); construction MEETS (multilayer ceramic)
        identity: DECODED on v2/vendor/passives/yageo-cc-series.pdf p.2 (page 2 decodes it: value, package, tolerance, voltage, dielectric, construction)
        alternative: C76708 TDK CGA3E1X7R1E105KT0Y0E, stock 61865, expand
     S-4a4af5601b CAP        C10,C101,C137,C144,C16,C160+20 rows 26 [100n]: C_0603_1608Metric
        requirement: value 100nF; package 0603; dielectric X7R; v_rating_min 25.0; tolerance_max_pct 10.0
        basis: dielectric: rule C-D3: class 2 (above 1 nF, or a 1206 or larger land), unstated; X7R, X8R or C0G accepted; X5R only where stated or by rule C-D3b; v_rating_min: derived: 13.80 V across it (DECLARED) at the 20 percent margin | derived: 16.80 V across it (DECLARED) at the 20 percent margin | derived: 20.00 V across it (DECLARED) at the 20 percent margin | stated; tolerance_max_pct: rule C-T2: class 
        the design's code: C113803 from lcsc_fill.py MAP (^100n on C_0603)
        SELECTED: C113803 YAGEO CC0603KRX7R0BB104 0603 (expand), stock 1777253 against a need of 130; USD 0.0114 at 1, 0.0114 at 130; grade INSIDE (the dielectric class code X7R (its range is the code) -55 to 125 C)
        checks: package MEETS (0603); capacitance MEETS (100nF); rated voltage MEETS (100V); dielectric MEETS (X7R); tolerance MEETS (+-10%); construction MEETS (multilayer ceramic)
        identity: DECODED on v2/vendor/passives/yageo-cc-series.pdf p.2 (page 2 decodes it: value, package, tolerance, voltage, dielectric, construction)
        alternative: C76711 TDK CGA3E2X7R1H104KT0Y0N, stock 515455, expand
     S-1b1b5c12e8 CAP        C11,C12,C176,C177,C83,C84+1 rows 7 [10u 100V X7R 1210]: C_1210_3225Metric
        requirement: value 10uF; package 1210; dielectric X7R; v_rating_min 100.0; tolerance_max_pct 20.0
        basis: dielectric: stated; v_rating_min: stated; tolerance_max_pct: rule C-T2: class 2 at 10 uF and above, unstated
        the design's code: C5156756 from lcsc_fill.py MAP (^10u 100V X7R 1210$ on C_1210)
        SELECTED: C5156756 PSA(Prosperity Dielectrics) FS32X106K101EGG 1210 (expand), stock 251090 against a need of 35; USD 0.4762 at 1, 0.4762 at 35; grade INSIDE (the dielectric class code X7R (its range is the code) -55 to 125 C)
        checks: package MEETS (1210); capacitance MEETS (10uF); rated voltage MEETS (100V); dielectric MEETS (X7R); tolerance MEETS (+-10%); construction MEETS (multilayer ceramic)
        identity: DOCUMENT_OWED: no maker's ordering table in the tree decodes FS32X106K101EGG (PSA(Prosperity Dielectrics))
        alternative: C49296968 TDK C3225X7R2A106KT000E, stock 1793, expand
     S-5eb889794a CAP        C18 rows 1 [3.3u]: C_0805_2012Metric
        requirement: value 3.3uF; package 0805; dielectric X7R; v_rating_min 10.0; tolerance_max_pct 10.0
        basis: dielectric: rule C-D3: class 2 (above 1 nF, or a 1206 or larger land), unstated; X7R, X8R or C0G accepted; X5R only where stated or by rule C-D3b; v_rating_min: derived: 6.00 V across it (DECLARED) at the 20 percent margin; tolerance_max_pct: rule C-T2: class 2 below 10 uF, unstated
        the design's code: C7393948 from lcsc_fill.py MAP (^3\.3u$ on C_0805)
        SELECTED: C7393948 CCTC TCC0805X7R335K250FT 0805 (expand), stock 135905 against a need of 5; USD 0.0301 at 1, 0.0301 at 5; grade INSIDE (the dielectric class code X7R (its range is the code) -55 to 125 C)
        checks: package MEETS (0805); capacitance MEETS (3.3uF); rated voltage MEETS (25V); dielectric MEETS (X7R); tolerance MEETS (+-10%); construction MEETS (multilayer ceramic)
        identity: DOCUMENT_OWED: no maker's ordering table in the tree decodes TCC0805X7R335K250FT (CCTC)
        alternative: C342789 TDK C2012X7R1E335KT000N, stock 11522, expand
     S-9ad32441cf CAP        C19 rows 1 [1u]: C_0603_1608Metric
        requirement: value 1uF; package 0603; dielectric X7R; v_rating_min 10.0; tolerance_max_pct 10.0
        basis: dielectric: rule C-D3: class 2 (above 1 nF, or a 1206 or larger land), unstated; X7R, X8R or C0G accepted; X5R only where stated or by rule C-D3b; v_rating_min: derived: 6.00 V across it (DECLARED) at the 20 percent margin; tolerance_max_pct: rule C-T2: class 2 below 10 uF, unstated
        the design's code: C559769 from lcsc_fill.py MAP (^1u$ on C_0603)
        SELECTED: C559769 YAGEO CC0603KRX7R9BB105 0603 (expand), stock 826024 against a need of 5; USD 0.0595 at 1, 0.0595 at 5; grade INSIDE (the dielectric class code X7R (its range is the code) -55 to 125 C)
        checks: package MEETS (0603); capacitance MEETS (1uF); rated voltage MEETS (50V); dielectric MEETS (X7R); tolerance MEETS (+-10%); construction MEETS (multilayer ceramic)
        identity: DECODED on v2/vendor/passives/yageo-cc-series.pdf p.2 (page 2 decodes it: value, package, tolerance, voltage, dielectric, construction)
        alternative: C76708 TDK CGA3E1X7R1E105KT0Y0E, stock 61865, expand
     S-74654618a2 CAP        C26 rows 1 [4.7n]: C_0603_1608Metric
        requirement: value 4.7nF; package 0603; dielectric X7R; v_rating_min 6.3; tolerance_max_pct 10.0
        basis: dielectric: rule C-D3: class 2 (above 1 nF, or a 1206 or larger land), unstated; X7R, X8R or C0G accepted; X5R only where stated or by rule C-D3b; v_rating_min: derived: 3.30 V across it (BOUND) at the 20 percent margin; tolerance_max_pct: rule C-T2: class 2 below 10 uF, unstated
        the design's code: C53987 from lcsc_fill.py MAP (^4\.7n on C_0603)
        SELECTED: C53987 FH (Guangdong Fenghua Advanced Tech) 0603B472K500NT 0603 (base), stock 885925 against a need of 5; USD 0.0092 at 1, 0.0092 at 5; grade INSIDE (the dielectric class code X7R (its range is the code) -55 to 125 C)
        checks: package MEETS (0603); capacitance MEETS (4.7nF); rated voltage MEETS (50V); dielectric MEETS (X7R); tolerance MEETS (+-10%); construction MEETS (multilayer ceramic)
        identity: DOCUMENT_OWED: no maker's ordering table in the tree decodes 0603B472K500NT (FH (Guangdong Fenghua Advanced Tech))
        alternative: C106218 YAGEO CC0603KRX7R9BB472, stock 2508248, expand
     S-88334c937c CAP        C27 rows 1 [15p NP0]: C_0603_1608Metric
        requirement: value 15pF; package 0603; dielectric C0G; v_rating_min 35.0; tolerance_max_pct 5.0
        basis: dielectric: stated; v_rating_min: derived: 26.00 V across it (BOUND) at the 20 percent margin; tolerance_max_pct: rule C-T1: class 1, unstated
        the design's code: C107037 from lcsc_fill.py MAP (^15p NP0 on C_0603)
        SELECTED: C107037 YAGEO CC0603JRNPO9BN150 0603 (expand), stock 5757645 against a need of 5; USD 0.0032 at 1, 0.0032 at 5; grade INSIDE (the dielectric class code C0G (its range is the code) -55 to 125 C)
        checks: package MEETS (0603); capacitance MEETS (15pF); rated voltage MEETS (50V); dielectric MEETS (NP0); tolerance MEETS (+-5%); construction MEETS (multilayer ceramic)
        identity: DOCUMENT_OWED: no maker's ordering table in the tree decodes CC0603JRNPO9BN150 (YAGEO)
        alternative: C302056 Walsin Tech Corp 0603N150J500CT, stock 110067, expand
     S-6eea0a8102 CAP        C77 rows 1 [47n]: C_0603_1608Metric
        requirement: value 47nF; package 0603; dielectric X7R; v_rating_min 100.0; tolerance_max_pct 10.0
        basis: dielectric: rule C-D3: class 2 (above 1 nF, or a 1206 or larger land), unstated; X7R, X8R or C0G accepted; X5R only where stated or by rule C-D3b; v_rating_min: derived: 61.60 V across it (BOUND) at the 20 percent margin; tolerance_max_pct: rule C-T2: class 2 below 10 uF, unstated
        the design's code: C576852 from lcsc_fill.py MAP (^47n$ on C_0603)
        SELECTED: C576852 YAGEO CC0603KRX7R0BB473 0603 (expand), stock 233125 against a need of 5; USD 0.01 at 1, 0.01 at 5; grade INSIDE (the dielectric class code X7R (its range is the code) -55 to 125 C)
        checks: package MEETS (0603); capacitance MEETS (47nF); rated voltage MEETS (100V); dielectric MEETS (X7R); tolerance MEETS (+-10%); construction MEETS (multilayer ceramic)
        identity: DECODED on v2/vendor/passives/yageo-cc-series.pdf p.2 (page 2 decodes it: value, package, tolerance, voltage, dielectric, construction)
        alternative: C22374872 HRE CGA0603X7R473K101JT, stock 23728, expand
     S-c684353dde CAP        C94 rows 1 [220n]: C_0603_1608Metric
        requirement: value 220nF; package 0603; dielectric X7R; v_rating_min 6.3; tolerance_max_pct 10.0
        basis: dielectric: rule C-D3: class 2 (above 1 nF, or a 1206 or larger land), unstated; X7R, X8R or C0G accepted; X5R only where stated or by rule C-D3b; v_rating_min: derived: 2.00 V across it (DECLARED) at the 20 percent margin; tolerance_max_pct: rule C-T2: class 2 below 10 uF, unstated
        the design's code: C344195 from lcsc_fill.py MAP (^220n$ on C_0603)
        SELECTED: C344195 CCTC TCC0603X7R224K500CT 0603 (expand), stock 1292142 against a need of 5; USD 0.0128 at 1, 0.0128 at 5; grade INSIDE (the dielectric class code X7R (its range is the code) -55 to 125 C)
        checks: package MEETS (0603); capacitance MEETS (220nF); rated voltage MEETS (50V); dielectric MEETS (X7R); tolerance MEETS (+-10%); construction MEETS (multilayer ceramic)
        identity: DOCUMENT_OWED: no maker's ordering table in the tree decodes TCC0603X7R224K500CT (CCTC)
        alternative: C106857 YAGEO CC0603KRX7R8BB224, stock 64992, expand
     S-c54613e807 CAP        C96,C97 rows 2 [330p]: C_0603_1608Metric
        requirement: value 330pF; package 0603; dielectric C0G; v_rating_min 10.0; tolerance_max_pct 5.0
        basis: dielectric: rule C-D2: 1 nF and below on a signal-size land (0805 and smaller), unstated; v_rating_min: derived: 5.50 V across it (DECLARED) at the 20 percent margin; tolerance_max_pct: rule C-T1: class 1, unstated
        the design's code: C1664 from lcsc_fill.py MAP (^330p$ on C_0603)
        SELECTED: C1664 Samsung Electro-Mechanics CL10C331JB8NNNC 0603 (base), stock 912080 against a need of 10; USD 0.0179 at 1, 0.0179 at 10; grade INSIDE (the dielectric class code C0G (its range is the code) -55 to 125 C)
        checks: package MEETS (0603); capacitance MEETS (330pF); rated voltage MEETS (50V); dielectric MEETS (C0G); tolerance MEETS (+-5%); construction MEETS (multilayer ceramic)
        identity: DOCUMENT_OWED: no maker's ordering table in the tree decodes CL10C331JB8NNNC (Samsung Electro-Mechanics)
        alternative: C62784 YAGEO CC0603JRNPO9BN331, stock 425948, expand
     S-4f744681c7 CAP        C100,C53,C98 rows 3 [10n]: C_0603_1608Metric
        requirement: value 10nF; package 0603; dielectric X7R; v_rating_min 25.0; tolerance_max_pct 10.0
        basis: dielectric: rule C-D3: class 2 (above 1 nF, or a 1206 or larger land), unstated; X7R, X8R or C0G accepted; X5R only where stated or by rule C-D3b; v_rating_min: derived: 16.80 V across it (BOUND) at the 20 percent margin | derived: 19.90 V across it (BOUND) at the 20 percent margin; tolerance_max_pct: rule C-T2: class 2 below 10 uF, unstated
        the design's code: C57112 from lcsc_fill.py MAP (^10n$ on C_0603)
        SELECTED: C57112 FH (Guangdong Fenghua Advanced Tech) 0603B103K500NT 0603 (base), stock 6792714 against a need of 15; USD 0.0108 at 1, 0.0108 at 15; grade INSIDE (the dielectric class code X7R (its range is the code) -55 to 125 C)
        checks: package MEETS (0603); capacitance MEETS (10nF); rated voltage MEETS (50V); dielectric MEETS (X7R); tolerance MEETS (+-10%); construction MEETS (multilayer ceramic)
        identity: DOCUMENT_OWED: no maker's ordering table in the tree decodes 0603B103K500NT (FH (Guangdong Fenghua Advanced Tech))
        alternative: C100042 YAGEO CC0603KRX7R9BB103, stock 2132476, expand
     S-8b55c1443b CAP        C102,C154,C224 rows 3 [10n]: C_0603_1608Metric
        requirement: value 10nF; package 0603; dielectric X7R; v_rating_min 6.3; tolerance_max_pct 10.0
        basis: dielectric: rule C-D3: class 2 (above 1 nF, or a 1206 or larger land), unstated; X7R, X8R or C0G accepted; X5R only where stated or by rule C-D3b; v_rating_min: derived: 3.30 V across it (BOUND) at the 20 percent margin | derived: 5.00 V across it (BOUND) at the 20 percent margin | derived: 5.14 V across it (BOUND) at the 20 percent margin; tolerance_max_pct: rule C-T2: class 2 below 10 uF, unstat
        the design's code: C57112 from lcsc_fill.py MAP (^10n$ on C_0603)
        SELECTED: C57112 FH (Guangdong Fenghua Advanced Tech) 0603B103K500NT 0603 (base), stock 6792714 against a need of 15; USD 0.0108 at 1, 0.0108 at 15; grade INSIDE (the dielectric class code X7R (its range is the code) -55 to 125 C)
        checks: package MEETS (0603); capacitance MEETS (10nF); rated voltage MEETS (50V); dielectric MEETS (X7R); tolerance MEETS (+-10%); construction MEETS (multilayer ceramic)
        identity: DOCUMENT_OWED: no maker's ordering table in the tree decodes 0603B103K500NT (FH (Guangdong Fenghua Advanced Tech))
        alternative: C100042 YAGEO CC0603KRX7R9BB103, stock 2132476, expand
     S-45ad5deffe CAP        C103,C104,C106,C107,C153,C155+3 rows 9 [100n]: C_0603_1608Metric
        requirement: value 100nF; package 0603; dielectric X7R; v_rating_min 6.3; tolerance_max_pct 10.0
        basis: dielectric: rule C-D3: class 2 (above 1 nF, or a 1206 or larger land), unstated; X7R, X8R or C0G accepted; X5R only where stated or by rule C-D3b; v_rating_min: derived: 1.20 V across it (DECLARED) at the 20 percent margin | derived: 3.30 V across it (DECLARED) at the 20 percent margin | derived: 4.10 V across it (DECLARED) at the 20 percent margin | derived: 5.00 V across it (DECLARED) at the 20 
        the design's code: C113803 from lcsc_fill.py MAP (^100n on C_0603)
        SELECTED: C113803 YAGEO CC0603KRX7R0BB104 0603 (expand), stock 1777253 against a need of 45; USD 0.0114 at 1, 0.0114 at 45; grade INSIDE (the dielectric class code X7R (its range is the code) -55 to 125 C)
        checks: package MEETS (0603); capacitance MEETS (100nF); rated voltage MEETS (100V); dielectric MEETS (X7R); tolerance MEETS (+-10%); construction MEETS (multilayer ceramic)
        identity: DECODED on v2/vendor/passives/yageo-cc-series.pdf p.2 (page 2 decodes it: value, package, tolerance, voltage, dielectric, construction)
        alternative: C76711 TDK CGA3E2X7R1H104KT0Y0N, stock 515455, expand
     S-793a0403d3 CAP        C108,C109,C110,C111,C116,C117+36 rows 42 [10u 50V X7R 1210]: C_1210_3225Metric
        requirement: value 10uF; package 1210; dielectric X7R; v_rating_min 50.0; tolerance_max_pct 20.0
        basis: dielectric: stated; v_rating_min: stated; tolerance_max_pct: rule C-T2: class 2 at 10 uF and above, unstated
        the design's code: C596319 from lcsc_fill.py MAP (^10u 50V X7R 1210$ on C_1210)
        SELECTED: C596319 YAGEO CC1210KKX7R9BB106 1210 (expand), stock 84190 against a need of 210; USD 0.6292 at 1, 0.3837 at 210; grade INSIDE (the dielectric class code X7R (its range is the code) -55 to 125 C)
        checks: package MEETS (1210); capacitance MEETS (10uF); rated voltage MEETS (50V); dielectric MEETS (X7R); tolerance MEETS (+-10%); construction MEETS (multilayer ceramic)
        identity: DECODED on v2/vendor/passives/yageo-cc-series.pdf p.2 (page 2 decodes it: value, package, tolerance, voltage, dielectric, construction)
        alternative: C432929 TDK C3225X7R1H106KT000E, stock 28121, expand
     S-70e940f7b1 CAP        C112,C114 rows 2 [3.3n]: C_0603_1608Metric
        requirement: value 3.3nF; package 0603; dielectric X7R; v_rating_min 25.0; tolerance_max_pct 10.0
        basis: dielectric: rule C-D3: class 2 (above 1 nF, or a 1206 or larger land), unstated; X7R, X8R or C0G accepted; X5R only where stated or by rule C-D3b; v_rating_min: derived: 20.40 V across it (BOUND) at the 20 percent margin; tolerance_max_pct: rule C-T2: class 2 below 10 uF, unstated
        the design's code: C1613 from lcsc_fill.py MAP (^3\.3n$ on C_0603)
        SELECTED: C1613 Samsung Electro-Mechanics CL10B332KB8NNNC 0603 (base), stock 220975 against a need of 10; USD 0.0083 at 1, 0.0083 at 10; grade INSIDE (the dielectric class code X7R (its range is the code) -55 to 125 C)
        checks: package MEETS (0603); capacitance MEETS (3.3nF); rated voltage MEETS (50V); dielectric MEETS (X7R); tolerance MEETS (+-10%); construction MEETS (multilayer ceramic)
        identity: DOCUMENT_OWED: no maker's ordering table in the tree decodes CL10B332KB8NNNC (Samsung Electro-Mechanics)
        alternative: C107088 YAGEO CC0603KRX7R9BB332, stock 583211, expand
     S-982a6141e5 CAP        C120,C159,C229,C29,C3,C30+3 rows 9 [10u 25V 1210]: C_1210_3225Metric
        requirement: value 10uF; package 1210; dielectric X7R; v_rating_min 25.0; tolerance_max_pct 20.0
        basis: dielectric: rule C-D3: class 2 (above 1 nF, or a 1206 or larger land), unstated; X7R, X8R or C0G accepted; X5R only where stated or by rule C-D3b; v_rating_min: stated; tolerance_max_pct: rule C-T2: class 2 at 10 uF and above, unstated
        the design's code: C2918497 from lcsc_fill.py MAP (^10u 25V 1210$ on C_1210)
        SELECTED: C2918497 Samwha Capacitor CS3225X7R106K250NRK 1210 (expand), stock 48812 against a need of 45; USD 0.2081 at 1, 0.2081 at 45; grade INSIDE (the dielectric class code X7R (its range is the code) -55 to 125 C)
        checks: package MEETS (1210); capacitance MEETS (10uF); rated voltage MEETS (25V); dielectric MEETS (X7R); tolerance MEETS (+-10%); construction MEETS (multilayer ceramic)
        identity: DOCUMENT_OWED: no maker's ordering table in the tree decodes CS3225X7R106K250NRK (Samwha Capacitor)
        alternative: C596319 YAGEO CC1210KKX7R9BB106, stock 84190, expand
     S-46c615b0e1 CAP        C121,C158,C228 rows 3 [10n]: C_0603_1608Metric
        requirement: value 10nF; package 0603; dielectric X7R; v_rating_min 35.0; tolerance_max_pct 10.0
        basis: dielectric: rule C-D3: class 2 (above 1 nF, or a 1206 or larger land), unstated; X7R, X8R or C0G accepted; X5R only where stated or by rule C-D3b; v_rating_min: derived: 22.30 V across it (BOUND) at the 20 percent margin | derived: 27.00 V across it (BOUND) at the 20 percent margin; tolerance_max_pct: rule C-T2: class 2 below 10 uF, unstated
        the design's code: C57112 from lcsc_fill.py MAP (^10n$ on C_0603)
        SELECTED: C57112 FH (Guangdong Fenghua Advanced Tech) 0603B103K500NT 0603 (base), stock 6792714 against a need of 15; USD 0.0108 at 1, 0.0108 at 15; grade INSIDE (the dielectric class code X7R (its range is the code) -55 to 125 C)
        checks: package MEETS (0603); capacitance MEETS (10nF); rated voltage MEETS (50V); dielectric MEETS (X7R); tolerance MEETS (+-10%); construction MEETS (multilayer ceramic)
        identity: DOCUMENT_OWED: no maker's ordering table in the tree decodes 0603B103K500NT (FH (Guangdong Fenghua Advanced Tech))
        alternative: C100042 YAGEO CC0603KRX7R9BB103, stock 2132476, expand
     S-074f76d88e CAP        C122 rows 1 [100n]: C_0603_1608Metric
        requirement: value 100nF; package 0603; dielectric X7R; v_rating_min 35.0; tolerance_max_pct 10.0
        basis: dielectric: rule C-D3: class 2 (above 1 nF, or a 1206 or larger land), unstated; X7R, X8R or C0G accepted; X5R only where stated or by rule C-D3b; v_rating_min: derived: 27.00 V across it (BOUND) at the 20 percent margin; tolerance_max_pct: rule C-T2: class 2 below 10 uF, unstated
        the design's code: C113803 from lcsc_fill.py MAP (^100n on C_0603)
        SELECTED: C113803 YAGEO CC0603KRX7R0BB104 0603 (expand), stock 1777253 against a need of 5; USD 0.0114 at 1, 0.0114 at 5; grade INSIDE (the dielectric class code X7R (its range is the code) -55 to 125 C)
        checks: package MEETS (0603); capacitance MEETS (100nF); rated voltage MEETS (100V); dielectric MEETS (X7R); tolerance MEETS (+-10%); construction MEETS (multilayer ceramic)
        identity: DECODED on v2/vendor/passives/yageo-cc-series.pdf p.2 (page 2 decodes it: value, package, tolerance, voltage, dielectric, construction)
        alternative: C76711 TDK CGA3E2X7R1H104KT0Y0N, stock 515455, expand
     S-748febfdb7 CAP        C123,C124,C125,C126,C127,C138+1 rows 7 [1n]: C_0603_1608Metric
        requirement: value 1nF; package 0603; dielectric C0G; v_rating_min 6.3; tolerance_max_pct 5.0
        basis: dielectric: rule C-D2: 1 nF and below on a signal-size land (0805 and smaller), unstated; v_rating_min: derived: 1.00 V across it (DECLARED) at the 20 percent margin; tolerance_max_pct: rule C-T1: class 1, unstated
        the design's code: C113793 from lcsc_fill.py MAP (^1n$ on C_0603)
        SELECTED: C113793 YAGEO CC0603JRNPO0BN102 0603 (expand), stock 100133 against a need of 35; USD 0.02 at 1, 0.02 at 35; grade INSIDE (the dielectric class code C0G (its range is the code) -55 to 125 C)
        checks: package MEETS (0603); capacitance MEETS (1nF); rated voltage MEETS (100V); dielectric MEETS (NP0); tolerance MEETS (+-5%); construction MEETS (multilayer ceramic)
        identity: DOCUMENT_OWED: no maker's ordering table in the tree decodes CC0603JRNPO0BN102 (YAGEO)
        alternative: C384777 Walsin Tech Corp 0603N102F500CT, stock 40643, expand
     S-8e9688dfbb CAP        C128 rows 1 [1n]: C_0603_1608Metric
        requirement: value 1nF; package 0603; dielectric C0G; v_rating_min 50.0; tolerance_max_pct 5.0
        basis: dielectric: rule C-D2: 1 nF and below on a signal-size land (0805 and smaller), unstated; v_rating_min: derived: 37.00 V across it (BOUND) at the 20 percent margin; tolerance_max_pct: rule C-T1: class 1, unstated
        the design's code: C113793 from lcsc_fill.py MAP (^1n$ on C_0603)
        SELECTED: C113793 YAGEO CC0603JRNPO0BN102 0603 (expand), stock 100133 against a need of 5; USD 0.02 at 1, 0.02 at 5; grade INSIDE (the dielectric class code C0G (its range is the code) -55 to 125 C)
        checks: package MEETS (0603); capacitance MEETS (1nF); rated voltage MEETS (100V); dielectric MEETS (NP0); tolerance MEETS (+-5%); construction MEETS (multilayer ceramic)
        identity: DOCUMENT_OWED: no maker's ordering table in the tree decodes CC0603JRNPO0BN102 (YAGEO)
        alternative: C384777 Walsin Tech Corp 0603N102F500CT, stock 40643, expand
     S-db42f4ad37 CAP        C129,C130,C132,C139,C146 rows 5 [1n]: C_0603_1608Metric
        requirement: value 1nF; package 0603; dielectric C0G; v_rating_min 35.0; tolerance_max_pct 5.0
        basis: dielectric: rule C-D2: 1 nF and below on a signal-size land (0805 and smaller), unstated; v_rating_min: derived: 23.00 V across it (BOUND) at the 20 percent margin | derived: 23.60 V across it (BOUND) at the 20 percent margin; tolerance_max_pct: rule C-T1: class 1, unstated
        the design's code: C113793 from lcsc_fill.py MAP (^1n$ on C_0603)
        SELECTED: C113793 YAGEO CC0603JRNPO0BN102 0603 (expand), stock 100133 against a need of 25; USD 0.02 at 1, 0.02 at 25; grade INSIDE (the dielectric class code C0G (its range is the code) -55 to 125 C)
        checks: package MEETS (0603); capacitance MEETS (1nF); rated voltage MEETS (100V); dielectric MEETS (NP0); tolerance MEETS (+-5%); construction MEETS (multilayer ceramic)
        identity: DOCUMENT_OWED: no maker's ordering table in the tree decodes CC0603JRNPO0BN102 (YAGEO)
        alternative: C384777 Walsin Tech Corp 0603N102F500CT, stock 40643, expand
     S-b6c212b374 CAP        C131 rows 1 [1n]: C_0603_1608Metric
        requirement: value 1nF; package 0603; dielectric C0G; v_rating_min 100.0; tolerance_max_pct 5.0
        basis: dielectric: rule C-D2: 1 nF and below on a signal-size land (0805 and smaller), unstated; v_rating_min: derived: 62.60 V across it (BOUND) at the 20 percent margin; tolerance_max_pct: rule C-T1: class 1, unstated
        the design's code: C113793 from lcsc_fill.py MAP (^1n$ on C_0603)
        SELECTED: C113793 YAGEO CC0603JRNPO0BN102 0603 (expand), stock 100133 against a need of 5; USD 0.02 at 1, 0.02 at 5; grade INSIDE (the dielectric class code C0G (its range is the code) -55 to 125 C)
        checks: package MEETS (0603); capacitance MEETS (1nF); rated voltage MEETS (100V); dielectric MEETS (NP0); tolerance MEETS (+-5%); construction MEETS (multilayer ceramic)
        identity: DOCUMENT_OWED: no maker's ordering table in the tree decodes CC0603JRNPO0BN102 (YAGEO)
        alternative: C388030 Walsin Tech Corp 0603N102J101CT, stock 11028, expand
     S-591082ff32 CAP        C135,C142,C59,C70,C88 rows 5 [47n]: C_0603_1608Metric
        requirement: value 47nF; package 0603; dielectric X7R; v_rating_min 35.0; tolerance_max_pct 10.0
        basis: dielectric: rule C-D3: class 2 (above 1 nF, or a 1206 or larger land), unstated; X7R, X8R or C0G accepted; X5R only where stated or by rule C-D3b; v_rating_min: derived: 22.00 V across it (BOUND) at the 20 percent margin | derived: 22.60 V across it (BOUND) at the 20 percent margin; tolerance_max_pct: rule C-T2: class 2 below 10 uF, unstated
        the design's code: C576852 from lcsc_fill.py MAP (^47n$ on C_0603)
        SELECTED: C576852 YAGEO CC0603KRX7R0BB473 0603 (expand), stock 233125 against a need of 25; USD 0.01 at 1, 0.01 at 25; grade INSIDE (the dielectric class code X7R (its range is the code) -55 to 125 C)
        checks: package MEETS (0603); capacitance MEETS (47nF); rated voltage MEETS (100V); dielectric MEETS (X7R); tolerance MEETS (+-10%); construction MEETS (multilayer ceramic)
        identity: DECODED on v2/vendor/passives/yageo-cc-series.pdf p.2 (page 2 decodes it: value, package, tolerance, voltage, dielectric, construction)
        alternative: C76712 TDK CGA3E2X7R1H473KT0Y0N, stock 59372, expand
     S-8c7fc15e64 CAP        C136,C143,C60,C71,C78,C8+1 rows 7 [4.7u]: C_0805_2012Metric
        requirement: value 4.7uF; package 0805; dielectric X7R; v_rating_min 10.0; tolerance_max_pct 10.0
        basis: dielectric: rule C-D3: class 2 (above 1 nF, or a 1206 or larger land), unstated; X7R, X8R or C0G accepted; X5R only where stated or by rule C-D3b; v_rating_min: derived: 7.60 V across it (DECLARED) at the 20 percent margin; tolerance_max_pct: rule C-T2: class 2 below 10 uF, unstated
        the design's code: C354262 from lcsc_fill.py MAP (^4\.7u$ on C_0805)
        SELECTED: C354262 YAGEO CC0805KKX7R8BB475 0805 (expand), stock 580282 against a need of 35; USD 0.0721 at 1, 0.0721 at 35; grade INSIDE (the dielectric class code X7R (its range is the code) -55 to 125 C)
        checks: package MEETS (0805); capacitance MEETS (4.7uF); rated voltage MEETS (25V); dielectric MEETS (X7R); tolerance MEETS (+-10%); construction MEETS (multilayer ceramic)
        identity: DECODED on v2/vendor/passives/yageo-cc-series.pdf p.2 (page 2 decodes it: value, package, tolerance, voltage, dielectric, construction)
        alternative: C76642 TDK C2012X7R1E475KT000N, stock 23914, expand
     S-2af4a1f231 CAP        C156,C161,C162,C23,C24,C25 rows 6 [22u 25V 1210]: C_1210_3225Metric
        requirement: value 22uF; package 1210; dielectric X7R; v_rating_min 25.0; tolerance_max_pct 20.0
        basis: dielectric: rule C-D3: class 2 (above 1 nF, or a 1206 or larger land), unstated; X7R, X8R or C0G accepted; X5R only where stated or by rule C-D3b; v_rating_min: stated; tolerance_max_pct: rule C-T2: class 2 at 10 uF and above, unstated
        the design's code: C2918511 from lcsc_fill.py MAP (^22u (10|25)V( X7R)? 1210 on C_1210)
        SELECTED: C2918511 Samwha Capacitor CS3225X7R226K250NRL 1210 (expand), stock 86658 against a need of 30; USD 0.1626 at 1, 0.1626 at 30; grade INSIDE (the dielectric class code X7R (its range is the code) -55 to 125 C)
        checks: package MEETS (1210); capacitance MEETS (22uF); rated voltage MEETS (25V); dielectric MEETS (X7R); tolerance MEETS (+-10%); construction MEETS (multilayer ceramic)
        identity: DOCUMENT_OWED: no maker's ordering table in the tree decodes CS3225X7R226K250NRL (Samwha Capacitor)
        alternative: C5341638 YAGEO CC1210KKX7R8BB226, stock 75097, expand
     S-66af112614 CAP        C157,C227,C28,C40,C52 rows 5 [100n]: C_0603_1608Metric
        requirement: value 100nF; package 0603; dielectric X7R; v_rating_min 10.0; tolerance_max_pct 10.0
        basis: dielectric: rule C-D3: class 2 (above 1 nF, or a 1206 or larger land), unstated; X7R, X8R or C0G accepted; X5R only where stated or by rule C-D3b; v_rating_min: derived: 5.50 V across it (DECLARED) at the 20 percent margin | derived: 6.00 V across it (DECLARED) at the 20 percent margin; tolerance_max_pct: rule C-T2: class 2 below 10 uF, unstated
        the design's code: C113803 from lcsc_fill.py MAP (^100n on C_0603)
        SELECTED: C113803 YAGEO CC0603KRX7R0BB104 0603 (expand), stock 1777253 against a need of 25; USD 0.0114 at 1, 0.0114 at 25; grade INSIDE (the dielectric class code X7R (its range is the code) -55 to 125 C)
        checks: package MEETS (0603); capacitance MEETS (100nF); rated voltage MEETS (100V); dielectric MEETS (X7R); tolerance MEETS (+-10%); construction MEETS (multilayer ceramic)
        identity: DECODED on v2/vendor/passives/yageo-cc-series.pdf p.2 (page 2 decodes it: value, package, tolerance, voltage, dielectric, construction)
        alternative: C76711 TDK CGA3E2X7R1H104KT0Y0N, stock 515455, expand
     S-96c375be5f CAP        C196 rows 1 [100n]: C_0603_1608Metric
        requirement: value 100nF; package 0603; dielectric X7R; v_rating_min 16.0; tolerance_max_pct 10.0
        basis: dielectric: rule C-D3: class 2 (above 1 nF, or a 1206 or larger land), unstated; X7R, X8R or C0G accepted; X5R only where stated or by rule C-D3b; v_rating_min: derived: 12.00 V across it (DECLARED) at the 20 percent margin; tolerance_max_pct: rule C-T2: class 2 below 10 uF, unstated
        the design's code: C113803 from lcsc_fill.py MAP (^100n on C_0603)
        SELECTED: C113803 YAGEO CC0603KRX7R0BB104 0603 (expand), stock 1777253 against a need of 5; USD 0.0114 at 1, 0.0114 at 5; grade INSIDE (the dielectric class code X7R (its range is the code) -55 to 125 C)
        checks: package MEETS (0603); capacitance MEETS (100nF); rated voltage MEETS (100V); dielectric MEETS (X7R); tolerance MEETS (+-10%); construction MEETS (multilayer ceramic)
        identity: DECODED on v2/vendor/passives/yageo-cc-series.pdf p.2 (page 2 decodes it: value, package, tolerance, voltage, dielectric, construction)
        alternative: C76711 TDK CGA3E2X7R1H104KT0Y0N, stock 515455, expand
     S-e3ac376f3f CAP        C231,C232,C31,C32,C33,C43+4 rows 10 [22u 10V X7R 1210]: C_1210_3225Metric
        requirement: value 22uF; package 1210; dielectric X7R; v_rating_min 10.0; tolerance_max_pct 20.0
        basis: dielectric: stated; v_rating_min: stated; tolerance_max_pct: rule C-T2: class 2 at 10 uF and above, unstated
        the design's code: C2918511 from lcsc_fill.py MAP (^22u (10|25)V( X7R)? 1210 on C_1210)
        SELECTED: C2918511 Samwha Capacitor CS3225X7R226K250NRL 1210 (expand), stock 86658 against a need of 50; USD 0.1626 at 1, 0.1316 at 50; grade INSIDE (the dielectric class code X7R (its range is the code) -55 to 125 C)
        checks: package MEETS (1210); capacitance MEETS (22uF); rated voltage MEETS (25V); dielectric MEETS (X7R); tolerance MEETS (+-10%); construction MEETS (multilayer ceramic)
        identity: DOCUMENT_OWED: no maker's ordering table in the tree decodes CS3225X7R226K250NRL (Samwha Capacitor)
        alternative: C5341638 YAGEO CC1210KKX7R8BB226, stock 75097, expand
     S-91ea981d9e CAP        C233,C234 rows 2 [33p]: C_0603_1608Metric
        requirement: value 33pF; package 0603; dielectric C0G; v_rating_min 6.3; tolerance_max_pct 5.0
        basis: dielectric: rule C-D2: 1 nF and below on a signal-size land (0805 and smaller), unstated; v_rating_min: derived: 3.30 V across it (DECLARED) at the 20 percent margin; tolerance_max_pct: rule C-T1: class 1, unstated
        the design's code: C1663 from lcsc_fill.py MAP (^33p$ on C_0603)
        SELECTED: C1663 Samsung Electro-Mechanics CL10C330JB8NNNC 0603 (base), stock 1028701 against a need of 10; USD 0.0061 at 1, 0.0061 at 10; grade INSIDE (the dielectric class code C0G (its range is the code) -55 to 125 C)
        checks: package MEETS (0603); capacitance MEETS (33pF); rated voltage MEETS (50V); dielectric MEETS (C0G); tolerance MEETS (+-5%); construction MEETS (multilayer ceramic)
        identity: DOCUMENT_OWED: no maker's ordering table in the tree decodes CL10C330JB8NNNC (Samsung Electro-Mechanics)
        alternative: C107047 YAGEO CC0603JRNPO9BN330, stock 3149741, expand
     S-ed7ea56dc6 RES        R1 rows 1 [10R 2W 2512]: R_2512_6332Metric
        requirement: value 10Ohm; package 2512; tolerance_max_pct 5.0; power_min_w 2.0; resistor_kind general
        basis: tolerance_max_pct: rule R-T1: unstated, 5 percent (the widest standard thick-film grade); power_min_w: stated; not checked (no exact voltage across it)
        the design's code: C414890 from lcsc_fill.py MAP (^10R 2W 2512$ on R_2512)
        SELECTED: C414890 UNI-ROYAL(Uniroyal Elec) HP122WF100JT4E 2512 (expand), stock 12039 against a need of 5; USD 0.0669 at 1, 0.0669 at 5; grade INSIDE (the catalogue line's operating temperature -55.0 to 155.0 C)
        checks: package MEETS (2512); resistance MEETS (10Ohm); tolerance MEETS (+-1%); power MEETS (2W); working voltage MEETS (300V)
        identity: DOCUMENT_OWED: no maker's ordering table in the tree decodes HP122WF100JT4E (UNI-ROYAL(Uniroyal Elec))
        alternative: C876258 YAGEO RC2512FK-7W10RL, stock 22429, expand
     S-0baee211d0 RES        R5 rows 1 [1k]: R_0603_1608Metric
        requirement: value 1kOhm; package 0603; tolerance_max_pct 5.0; power_min_w 0.1; resistor_kind general
        basis: tolerance_max_pct: rule R-T1: unstated, 5 percent (the widest standard thick-film grade); power_min_w: rule R-P0: the package's standard rating; not checked (no exact voltage across it)
        the design's code: C21190 from lcsc_fill.py MAP (^1k$ on R_0603)
        SELECTED: C21190 UNI-ROYAL(Uniroyal Elec) 0603WAF1001T5E 0603 (base), stock 21617244 against a need of 5; USD 0.0026 at 1, 0.0026 at 5; grade INSIDE (the catalogue line's operating temperature -55.0 to 155.0 C)
        checks: package MEETS (0603); resistance MEETS (1kOhm); tolerance MEETS (+-1%); power MEETS (100mW)
        identity: DECODED on v2/vendor/passives/held/uniroyal-series-11cd644d.pdf p.2 (page 2 decodes it: value, package, tolerance, power)
        alternative: C22548 YAGEO RC0603FR-071KL, stock 11394899, expand
     S-6c870290bd RES        R6 rows 1 [240k 1%]: R_0603_1608Metric
        requirement: value 240kOhm; package 0603; tolerance_max_pct 1.0; power_min_w 0.1; resistor_kind general
        basis: tolerance_max_pct: stated; power_min_w: rule R-P0: the package's standard rating; not checked (no exact voltage across it)
        the design's code: C137765 from lcsc_fill.py MAP (^240k 1% on R_0603)
        SELECTED: C137765 YAGEO RC0603FR-07240KL 0603 (expand), stock 463631 against a need of 5; USD 0.0052 at 1, 0.0052 at 5; grade INSIDE (the catalogue line's operating temperature -55.0 to 155.0 C)
        checks: package MEETS (0603); resistance MEETS (240kOhm); tolerance MEETS (+-1%); power MEETS (100mW); working voltage MEETS (75V)
        identity: DOCUMENT_OWED: no maker's ordering table in the tree decodes RC0603FR-07240KL (YAGEO)
        alternative: C4197 UNI-ROYAL(Uniroyal Elec) 0603WAF2403T5E, stock 213698, expand
     S-23b0417e32 RES        R11,R16 rows 2 [10mOhm 1% 2512 (ISNS)]: R_2512_6332Metric
        requirement: value 10mOhm; package 2512; tolerance_max_pct 1.0; power_min_w 1.5; tcr_max_ppm 200; resistor_kind current sense
        basis: tolerance_max_pct: stated; power_min_w: derived: 0.64 W (I^2 R at the declared 8.00 A), rule R-P twice
        the design's code: C2903468 from lcsc_fill.py MAP (^10mOhm 1% 2512 on R_2512)
        SELECTED: C2903468 Milliohm HoJLR2512-3W-10mR-1% 2512 (expand), stock 135958 against a need of 10; USD 0.0883 at 1, 0.0883 at 10; grade INSIDE (the catalogue line's operating temperature -50.0 to 170.0 C)
        checks: package MEETS (2512); resistance MEETS (10mOhm); tolerance MEETS (+-1%); power MEETS (3W); temperature coefficient MEETS (+-50ppm/C)
        from the maker's series sheet (the catalogue line prints none): Temperature Coefficient from v2/vendor/passives/milliohm-hojlr2512-series.pdf p.2; Operating Temperature from v2/vendor/passives/milliohm-hojlr2512-series.pdf p.2
        identity: DOCUMENT_OWED: no maker's ordering table in the tree decodes HoJLR2512-3W-10mR-1% (Milliohm)
        alternative: C375691 YAGEO PA2512FKE7T0R01E, stock 24315, expand
        a pending draft names R16: the draft's value key decides at the regeneration
     S-8b9f42fce2 RES        R12,R122,R127,R170,R177,R56 rows 6 [5mOhm 1% 2512 (CS)]: R_2512_6332Metric
        requirement: value 5mOhm; package 2512; tolerance_max_pct 1.0; power_min_w 1.0; tcr_max_ppm 200; resistor_kind current sense
        basis: tolerance_max_pct: stated; power_min_w: the package's standard rating; UNDERIVED: no current declared on its nets
        the design's code: C500739 from lcsc_fill.py MAP (^5mOhm 1% 2512 on R_2512)
        SELECTED: C500739 Milliohm LR2512D-3W-5mR-1% 2512 (expand), stock 14734 against a need of 30; USD 0.1199 at 1, 0.1199 at 30; grade NOT READ (no range read  to  C)
        checks: package MEETS (2512); resistance MEETS (5mOhm); tolerance MEETS (+-1%); power MEETS (3W); temperature coefficient MEETS (25ppm/C~+50ppm/C)
        identity: DOCUMENT_OWED: no maker's ordering table in the tree decodes LR2512D-3W-5mR-1% (Milliohm)
        alternative: C2089602 BOURNS CRF2512-FZ-R005ELF, stock 5426, expand
     S-7f22238c20 RES        R17 rows 1 [5mOhm 1% 2512 (RSR, charge current sense)]: R_2512_6332Metric
        requirement: value 5mOhm; package 2512; tolerance_max_pct 1.0; power_min_w 5.0; tcr_max_ppm 200; resistor_kind current sense
        basis: tolerance_max_pct: stated; power_min_w: derived: 1.62 W (I^2 R at the declared 18.00 A), rule R-P twice
        the design's code: C20108830 from lcsc_fill.py MAP (^5mOhm 1% 2512 \(RSR on R_2512)
        SELECTED: C20108830 ROHM Semicon GMR100HJAAFD5L00 2512 (expand), stock 412 against a need of 5; USD 1.8793 at 1, 1.8793 at 5; grade NOT READ (no range read  to  C)
        checks: package MEETS (2512); resistance MEETS (5mOhm); tolerance MEETS (+-1%); power MEETS (7W); temperature coefficient MEETS (0ppm/C~+50ppm/C)
        identity: DOCUMENT_OWED: no maker's ordering table in the tree decodes GMR100HJAAFD5L00 (ROHM Semicon)
        a pending draft names R17: the draft's value key decides at the regeneration
     S-6982df0636 RES        R19 rows 1 [16.5k 1%]: R_0603_1608Metric
        requirement: value 16.5kOhm; package 0603; tolerance_max_pct 1.0; power_min_w 0.1; resistor_kind general
        basis: tolerance_max_pct: stated; power_min_w: rule R-P0: the package's standard rating; not checked (no exact voltage across it)
        the design's code: C22812 from lcsc_fill.py MAP (^16\.5k 1% on R_0603)
        SELECTED: C22812 UNI-ROYAL(Uniroyal Elec) 0603WAF1652T5E 0603 (expand), stock 87116 against a need of 5; USD 0.0016 at 1, 0.0016 at 5; grade INSIDE (the catalogue line's operating temperature -55.0 to 155.0 C)
        checks: package MEETS (0603); resistance MEETS (16.5kOhm); tolerance MEETS (+-1%); power MEETS (100mW); working voltage MEETS (75V)
        identity: DECODED on v2/vendor/passives/held/uniroyal-series-11cd644d.pdf p.2 (page 2 decodes it: value, package, tolerance, power)
        alternative: C844128 Vishay Intertech CRCW060316K5FKEA, stock 43733, expand
     S-8be4113e80 RES        R20 rows 1 [34.8k 1%]: R_0603_1608Metric
        requirement: value 34.8kOhm; package 0603; tolerance_max_pct 1.0; power_min_w 0.1; resistor_kind general
        basis: tolerance_max_pct: stated; power_min_w: rule R-P0: the package's standard rating; not checked (no exact voltage across it)
        the design's code: C2933204 from lcsc_fill.py MAP (^34\.8k 1% on R_0603)
        SELECTED: C2933204 FOJAN FRC0603F3482TS 0603 (expand), stock 235523 against a need of 5; USD 0.0028 at 1, 0.0028 at 5; grade INSIDE (the catalogue line's operating temperature -55.0 to 155.0 C)
        checks: package MEETS (0603); resistance MEETS (34.8kOhm); tolerance MEETS (+-1%); power MEETS (100mW); working voltage MEETS (75V)
        identity: DOCUMENT_OWED: no maker's ordering table in the tree decodes FRC0603F3482TS (FOJAN)
        alternative: C2098331 YAGEO AF0603FR-0734K8L, stock 34701, expand
     S-f2237297b2 RES        R25,R27 rows 2 [40.2k 1%]: R_0603_1608Metric
        requirement: value 40.2kOhm; package 0603; tolerance_max_pct 1.0; power_min_w 0.1; resistor_kind general
        basis: tolerance_max_pct: stated; power_min_w: rule R-P0: the package's standard rating; not checked (no exact voltage across it)
        the design's code: C12447 from lcsc_fill.py MAP (^40\.2k on R_0603)
        SELECTED: C12447 UNI-ROYAL(Uniroyal Elec) 0603WAF4022T5E 0603 (expand, preferred), stock 197095 against a need of 10; USD 0.0023 at 1, 0.0023 at 10; grade INSIDE (the catalogue line's operating temperature -55.0 to 155.0 C)
        checks: package MEETS (0603); resistance MEETS (40.2kOhm); tolerance MEETS (+-1%); power MEETS (100mW); working voltage MEETS (75V)
        identity: DECODED on v2/vendor/passives/held/uniroyal-series-11cd644d.pdf p.2 (page 2 decodes it: value, package, tolerance, power)
        alternative: C2076537 BOURNS CR0603-FX-4022ELF, stock 11358, expand
     S-98a241307a RES        R28,R32,R36,R40 rows 4 [53.6k 1%]: R_0603_1608Metric
        requirement: value 53.6kOhm; package 0603; tolerance_max_pct 1.0; power_min_w 0.1; resistor_kind general
        basis: tolerance_max_pct: stated; power_min_w: rule R-P0: the package's standard rating; not checked (no exact voltage across it)
        the design's code: C23074 from lcsc_fill.py MAP (^53\.6k 1% on R_0603)
        SELECTED: C23074 UNI-ROYAL(Uniroyal Elec) 0603WAF5362T5E 0603 (expand), stock 89238 against a need of 20; USD 0.0023 at 1, 0.0023 at 20; grade INSIDE (the catalogue line's operating temperature -55.0 to 155.0 C)
        checks: package MEETS (0603); resistance MEETS (53.6kOhm); tolerance MEETS (+-1%); power MEETS (100mW); working voltage MEETS (75V)
        identity: DECODED on v2/vendor/passives/held/uniroyal-series-11cd644d.pdf p.2 (page 2 decodes it: value, package, tolerance, power)
        alternative: C137700 YAGEO RC0603FR-0753K6L, stock 34046, expand
     S-e35f53a898 RES        R31,R39 rows 2 [5mOhm 1% 2512 (shunt)]: R_2512_6332Metric
        requirement: value 5mOhm; package 2512; tolerance_max_pct 1.0; power_min_w 0.25; tcr_max_ppm 200; resistor_kind current sense
        basis: tolerance_max_pct: stated; power_min_w: derived: 0.125 W (I^2 R at the declared 5.00 A), rule R-P twice
        the design's code: C500739 from lcsc_fill.py MAP (^5mOhm 1% 2512 on R_2512)
        SELECTED: C500739 Milliohm LR2512D-3W-5mR-1% 2512 (expand), stock 14734 against a need of 10; USD 0.1199 at 1, 0.1199 at 10; grade NOT READ (no range read  to  C)
        checks: package MEETS (2512); resistance MEETS (5mOhm); tolerance MEETS (+-1%); power MEETS (3W); temperature coefficient MEETS (25ppm/C~+50ppm/C)
        identity: DOCUMENT_OWED: no maker's ordering table in the tree decodes LR2512D-3W-5mR-1% (Milliohm)
        alternative: C2089602 BOURNS CRF2512-FZ-R005ELF, stock 5426, expand
     S-eecd47eb73 RES        R45,R47 rows 2 [68k (RT: 500 kHz)]: R_0603_1608Metric
        requirement: value 68kOhm; package 0603; tolerance_max_pct 5.0; power_min_w 0.1; resistor_kind general
        basis: tolerance_max_pct: rule R-T1: unstated, 5 percent (the widest standard thick-film grade); power_min_w: rule R-P0: the package's standard rating; not checked (no exact voltage across it)
        the design's code: C23231 from lcsc_fill.py MAP (^68k on R_0603)
        SELECTED: C23231 UNI-ROYAL(Uniroyal Elec) 0603WAF6802T5E 0603 (base), stock 1008560 against a need of 10; USD 0.0016 at 1, 0.0016 at 10; grade INSIDE (the catalogue line's operating temperature -55.0 to 155.0 C)
        checks: package MEETS (0603); resistance MEETS (68kOhm); tolerance MEETS (+-1%); power MEETS (100mW); working voltage MEETS (75V)
        identity: DECODED on v2/vendor/passives/held/uniroyal-series-11cd644d.pdf p.2 (page 2 decodes it: value, package, tolerance, power)
        alternative: C114633 YAGEO RC0603FR-0768KL, stock 393756, expand
     S-d80feb38d2 RES        R48 rows 1 [31.6k 1%]: R_0603_1608Metric
        requirement: value 31.6kOhm; package 0603; tolerance_max_pct 1.0; power_min_w 0.1; resistor_kind general
        basis: tolerance_max_pct: stated; power_min_w: rule R-P0: the package's standard rating; not checked (no exact voltage across it)
        the design's code: C25967 from lcsc_fill.py MAP (^31\.6k 1% on R_0603)
        SELECTED: C25967 UNI-ROYAL(Uniroyal Elec) 0603WAF3162T5E 0603 (expand), stock 116347 against a need of 5; USD 0.0022 at 1, 0.0022 at 5; grade INSIDE (the catalogue line's operating temperature -55.0 to 155.0 C)
        checks: package MEETS (0603); resistance MEETS (31.6kOhm); tolerance MEETS (+-1%); power MEETS (100mW); working voltage MEETS (75V)
        identity: DECODED on v2/vendor/passives/held/uniroyal-series-11cd644d.pdf p.2 (page 2 decodes it: value, package, tolerance, power)
        alternative: C403154 PANASONIC ERJ3EKF3162V, stock 6589, expand
     S-38f244813a RES        R50 rows 1 [162k 1%]: R_0603_1608Metric
        requirement: value 162kOhm; package 0603; tolerance_max_pct 1.0; power_min_w 0.1; resistor_kind general
        basis: tolerance_max_pct: stated; power_min_w: rule R-P0: the package's standard rating; not checked (no exact voltage across it)
        the design's code: C22815 from lcsc_fill.py MAP (^162k 1% on R_0603)
        SELECTED: C22815 UNI-ROYAL(Uniroyal Elec) 0603WAF1623T5E 0603 (expand), stock 42351 against a need of 5; USD 0.0017 at 1, 0.0017 at 5; grade INSIDE (the catalogue line's operating temperature -55.0 to 155.0 C)
        checks: package MEETS (0603); resistance MEETS (162kOhm); tolerance MEETS (+-1%); power MEETS (100mW); working voltage MEETS (75V)
        identity: DECODED on v2/vendor/passives/held/uniroyal-series-11cd644d.pdf p.2 (page 2 decodes it: value, package, tolerance, power)
        alternative: C165760 YAGEO RC0603FR-07162KL, stock 28355, expand
     S-3154d1cebf RES        R65 rows 1 [10mOhm 1% 2512 (ISNS)]: R_2512_6332Metric
        requirement: value 10mOhm; package 2512; tolerance_max_pct 1.0; power_min_w 0.1; tcr_max_ppm 200; resistor_kind current sense
        basis: tolerance_max_pct: stated; power_min_w: derived: 0.04 W (I^2 R at the declared 2.00 A), rule R-P twice
        the design's code: C2903468 from lcsc_fill.py MAP (^10mOhm 1% 2512 on R_2512)
        SELECTED: C2903468 Milliohm HoJLR2512-3W-10mR-1% 2512 (expand), stock 135958 against a need of 5; USD 0.0883 at 1, 0.0883 at 5; grade INSIDE (the catalogue line's operating temperature -50.0 to 170.0 C)
        checks: package MEETS (2512); resistance MEETS (10mOhm); tolerance MEETS (+-1%); power MEETS (3W); temperature coefficient MEETS (+-50ppm/C)
        from the maker's series sheet (the catalogue line prints none): Temperature Coefficient from v2/vendor/passives/milliohm-hojlr2512-series.pdf p.2; Operating Temperature from v2/vendor/passives/milliohm-hojlr2512-series.pdf p.2
        identity: DOCUMENT_OWED: no maker's ordering table in the tree decodes HoJLR2512-3W-10mR-1% (Milliohm)
        alternative: C375691 YAGEO PA2512FKE7T0R01E, stock 24315, expand
     S-7fa4db3c4e RES        R66 rows 1 [665k 1%]: R_0603_1608Metric
        requirement: value 665kOhm; package 0603; tolerance_max_pct 1.0; power_min_w 0.1; resistor_kind general
        basis: tolerance_max_pct: stated; power_min_w: rule R-P0: the package's standard rating; not checked (no exact voltage across it)
        the design's code: C2930125 from lcsc_fill.py MAP (^665k 1% on R_0603)
        SELECTED: C2930125 FOJAN FRC0603F6653TS 0603 (expand), stock 23306 against a need of 5; USD 0.0026 at 1, 0.0026 at 5; grade INSIDE (the catalogue line's operating temperature -55.0 to 155.0 C)
        checks: package MEETS (0603); resistance MEETS (665kOhm); tolerance MEETS (+-1%); power MEETS (100mW); working voltage MEETS (75V)
        identity: DOCUMENT_OWED: no maker's ordering table in the tree decodes FRC0603F6653TS (FOJAN)
        alternative: C23227 UNI-ROYAL(Uniroyal Elec) 0603WAF6653T5E, stock 11060, expand
     S-b5d9aa5572 RES        R71 rows 1 [20mOhm 1% 2512 (ISNS)]: R_2512_6332Metric
        requirement: value 20mOhm; package 2512; tolerance_max_pct 1.0; power_min_w 0.0625; tcr_max_ppm 200; resistor_kind current sense
        basis: tolerance_max_pct: stated; power_min_w: derived: 0.0072 W (I^2 R at the declared 0.60 A), rule R-P twice
        the design's code: C500741 from lcsc_fill.py MAP (^20mOhm 1% 2512 on R_2512)
        SELECTED: C500741 Milliohm LR2512D-3W-20mR-1% 2512 (expand), stock 8335 against a need of 5; USD 0.1062 at 1, 0.1062 at 5; grade NOT READ (no range read  to  C)
        checks: package MEETS (2512); resistance MEETS (20mOhm); tolerance MEETS (+-1%); power MEETS (3W); temperature coefficient MEETS (25ppm/C~+50ppm/C)
        identity: DOCUMENT_OWED: no maker's ordering table in the tree decodes LR2512D-3W-20mR-1% (Milliohm)
        alternative: C728331 YAGEO PA2512FKF7T0R02E, stock 8484, expand
     S-cca5523bf8 RES        R72 rows 1 [10mOhm 1% 2512 (CS)]: R_2512_6332Metric
        requirement: value 10mOhm; package 2512; tolerance_max_pct 1.0; power_min_w 1.0; tcr_max_ppm 200; resistor_kind current sense
        basis: tolerance_max_pct: stated; power_min_w: the package's standard rating; UNDERIVED: no current declared on its nets
        the design's code: C2903468 from lcsc_fill.py MAP (^10mOhm 1% 2512 on R_2512)
        SELECTED: C2903468 Milliohm HoJLR2512-3W-10mR-1% 2512 (expand), stock 135958 against a need of 5; USD 0.0883 at 1, 0.0883 at 5; grade INSIDE (the catalogue line's operating temperature -50.0 to 170.0 C)
        checks: package MEETS (2512); resistance MEETS (10mOhm); tolerance MEETS (+-1%); power MEETS (3W); temperature coefficient MEETS (+-50ppm/C)
        from the maker's series sheet (the catalogue line prints none): Temperature Coefficient from v2/vendor/passives/milliohm-hojlr2512-series.pdf p.2; Operating Temperature from v2/vendor/passives/milliohm-hojlr2512-series.pdf p.2
        identity: DOCUMENT_OWED: no maker's ordering table in the tree decodes HoJLR2512-3W-10mR-1% (Milliohm)
        alternative: C375691 YAGEO PA2512FKE7T0R01E, stock 24315, expand
     S-699d6d7e8d RES        R76 rows 1 [105k 1%]: R_0603_1608Metric
        requirement: value 105kOhm; package 0603; tolerance_max_pct 1.0; power_min_w 0.1; resistor_kind general
        basis: tolerance_max_pct: stated; power_min_w: rule R-P0: the package's standard rating; not checked (no exact voltage across it)
        the design's code: C2933128 from lcsc_fill.py MAP (^105k on R_0603)
        SELECTED: C2933128 FOJAN FRC0603F1053TS 0603 (expand), stock 331702 against a need of 5; USD 0.0029 at 1, 0.0029 at 5; grade INSIDE (the catalogue line's operating temperature -55.0 to 155.0 C)
        checks: package MEETS (0603); resistance MEETS (105kOhm); tolerance MEETS (+-1%); power MEETS (100mW); working voltage MEETS (75V)
        identity: DOCUMENT_OWED: no maker's ordering table in the tree decodes FRC0603F1053TS (FOJAN)
        alternative: C141685 YAGEO RC0603FR-07105KL, stock 37369, expand
     S-6aa3c39d58 RES        R90 rows 1 [750R 1% (ILM: 1.2 A)]: R_0603_1608Metric
        requirement: value 750Ohm; package 0603; tolerance_max_pct 1.0; power_min_w 0.1; resistor_kind general
        basis: tolerance_max_pct: stated; power_min_w: rule R-P0: the package's standard rating; not checked (no exact voltage across it)
        the design's code: C23241 from lcsc_fill.py MAP (^750R 1% on R_0603)
        SELECTED: C23241 UNI-ROYAL(Uniroyal Elec) 0603WAF7500T5E 0603 (expand, preferred), stock 545971 against a need of 5; USD 0.0035 at 1, 0.0035 at 5; grade INSIDE (the catalogue line's operating temperature -55.0 to 155.0 C)
        checks: package MEETS (0603); resistance MEETS (750Ohm); tolerance MEETS (+-1%); power MEETS (100mW); working voltage MEETS (75V)
        identity: DECODED on v2/vendor/passives/held/uniroyal-series-11cd644d.pdf p.2 (page 2 decodes it: value, package, tolerance, power)
        alternative: C114635 YAGEO RC0603FR-07750RL, stock 262490, expand
     S-8f923588d1 RES        R94 rows 1 [909R 1% (ILM: 1.0 A)]: R_0603_1608Metric
        requirement: value 909Ohm; package 0603; tolerance_max_pct 1.0; power_min_w 0.1; resistor_kind general
        basis: tolerance_max_pct: stated; power_min_w: rule R-P0: the package's standard rating; not checked (no exact voltage across it)
        the design's code: C203878 from lcsc_fill.py MAP (^909R 1% on R_0603)
        SELECTED: C203878 BOURNS CR0603-FX-9090ELF 0603 (expand), stock 24070 against a need of 5; USD 0.0067 at 1, 0.0067 at 5; grade INSIDE (the catalogue line's operating temperature -55.0 to 155.0 C)
        checks: package MEETS (0603); resistance MEETS (909Ohm); tolerance MEETS (+-1%); power MEETS (100mW); working voltage MEETS (50V)
        identity: DOCUMENT_OWED: no maker's ordering table in the tree decodes CR0603-FX-9090ELF (BOURNS)
        alternative: C861596 YAGEO RT0603BRD07909RL, stock 9442, expand
     S-8d602e7906 RES        R98 rows 1 [453R 1% (ILM: 2.0 A)]: R_0603_1608Metric
        requirement: value 453Ohm; package 0603; tolerance_max_pct 1.0; power_min_w 0.1; resistor_kind general
        basis: tolerance_max_pct: stated; power_min_w: rule R-P0: the package's standard rating; not checked (no exact voltage across it)
        the design's code: C48136 from lcsc_fill.py MAP (^453R 1% on R_0603)
        SELECTED: C48136 UNI-ROYAL(Uniroyal Elec) 0603WAF4530T5E 0603 (expand), stock 2364 against a need of 5; USD 0.0025 at 1, 0.0025 at 5; grade INSIDE (the catalogue line's operating temperature -55.0 to 155.0 C)
        checks: package MEETS (0603); resistance MEETS (453Ohm); tolerance MEETS (+-1%); power MEETS (100mW); working voltage MEETS (75V)
        identity: DECODED on v2/vendor/passives/held/uniroyal-series-11cd644d.pdf p.2 (page 2 decodes it: value, package, tolerance, power)
        alternative: C227909 YAGEO AC0603FR-07453RL, stock 4989, expand
     S-d499541fe0 RES        R101,R189,R192,R212,R29,R33+9 rows 15 [10k 1%]: R_0603_1608Metric
        requirement: value 10kOhm; package 0603; tolerance_max_pct 1.0; power_min_w 0.1; resistor_kind general
        basis: tolerance_max_pct: stated; power_min_w: rule R-P0: the package's standard rating; not checked (no exact voltage across it)
        the design's code: C25804 from lcsc_fill.py MAP (^10k 1% on R_0603)
        SELECTED: C25804 UNI-ROYAL(Uniroyal Elec) 0603WAF1002T5E 0603 (base), stock 23012552 against a need of 75; USD 0.0018 at 1, 0.0018 at 75; grade INSIDE (the catalogue line's operating temperature -55.0 to 155.0 C)
        checks: package MEETS (0603); resistance MEETS (10kOhm); tolerance MEETS (+-1%); power MEETS (100mW); working voltage MEETS (75V)
        identity: DECODED on v2/vendor/passives/held/uniroyal-series-11cd644d.pdf p.2 (page 2 decodes it: value, package, tolerance, power)
        alternative: C98220 YAGEO RC0603FR-0710KL, stock 12103100, expand
     S-668d252f79 RES        R103,R104,R111,R112,R113,R114+3 rows 9 [4.7k]: R_0603_1608Metric
        requirement: value 4.7kOhm; package 0603; tolerance_max_pct 5.0; power_min_w 0.1; resistor_kind general
        basis: tolerance_max_pct: rule R-T1: unstated, 5 percent (the widest standard thick-film grade); power_min_w: rule R-P0: the package's standard rating; not checked (no exact voltage across it)
        the design's code: C23162 from lcsc_fill.py MAP (^4\.7k$ on R_0603)
        SELECTED: C23162 UNI-ROYAL(Uniroyal Elec) 0603WAF4701T5E 0603 (base), stock 22433052 against a need of 45; USD 0.0028 at 1, 0.0028 at 45; grade INSIDE (the catalogue line's operating temperature -55.0 to 155.0 C)
        checks: package MEETS (0603); resistance MEETS (4.7kOhm); tolerance MEETS (+-1%); power MEETS (100mW); working voltage MEETS (75V)
        identity: DECODED on v2/vendor/passives/held/uniroyal-series-11cd644d.pdf p.2 (page 2 decodes it: value, package, tolerance, power)
        alternative: C99782 YAGEO RC0603FR-074K7L, stock 9470900, expand
     S-50018f6fcc RES        R110,R117,R142,R187,R210,R216+8 rows 14 [10k]: R_0603_1608Metric
        requirement: value 10kOhm; package 0603; tolerance_max_pct 5.0; power_min_w 0.1; resistor_kind general
        basis: tolerance_max_pct: rule R-T1: unstated, 5 percent (the widest standard thick-film grade); power_min_w: rule R-P0: the package's standard rating; not checked (no exact voltage across it)
        the design's code: C25804 from lcsc_fill.py MAP (^10k \( on R_0603)
        SELECTED: C25804 UNI-ROYAL(Uniroyal Elec) 0603WAF1002T5E 0603 (base), stock 23012552 against a need of 70; USD 0.0018 at 1, 0.0018 at 70; grade INSIDE (the catalogue line's operating temperature -55.0 to 155.0 C)
        checks: package MEETS (0603); resistance MEETS (10kOhm); tolerance MEETS (+-1%); power MEETS (100mW)
        identity: DECODED on v2/vendor/passives/held/uniroyal-series-11cd644d.pdf p.2 (page 2 decodes it: value, package, tolerance, power)
        alternative: C98220 YAGEO RC0603FR-0710KL, stock 12103100, expand
     S-a6b3121bb8 RES        R115,R46,R52,R62,R68,R78+1 rows 7 [40.2k (206 kHz)]: R_0603_1608Metric
        requirement: value 40.2kOhm; package 0603; tolerance_max_pct 5.0; power_min_w 0.1; resistor_kind general
        basis: tolerance_max_pct: rule R-T1: unstated, 5 percent (the widest standard thick-film grade); power_min_w: rule R-P0: the package's standard rating; not checked (no exact voltage across it)
        the design's code: C12447 from lcsc_fill.py MAP (^40\.2k on R_0603)
        SELECTED: C12447 UNI-ROYAL(Uniroyal Elec) 0603WAF4022T5E 0603 (expand, preferred), stock 197095 against a need of 35; USD 0.0023 at 1, 0.0023 at 35; grade INSIDE (the catalogue line's operating temperature -55.0 to 155.0 C)
        checks: package MEETS (0603); resistance MEETS (40.2kOhm); tolerance MEETS (+-1%); power MEETS (100mW); working voltage MEETS (75V)
        identity: DECODED on v2/vendor/passives/held/uniroyal-series-11cd644d.pdf p.2 (page 2 decodes it: value, package, tolerance, power)
        alternative: C2076537 BOURNS CR0603-FX-4022ELF, stock 11358, expand
     S-a44109c662 RES        R116,R118,R119,R120,R121,R123+18 rows 24 [100k]: R_0603_1608Metric
        requirement: value 100kOhm; package 0603; tolerance_max_pct 5.0; power_min_w 0.1; resistor_kind general
        basis: tolerance_max_pct: rule R-T1: unstated, 5 percent (the widest standard thick-film grade); power_min_w: rule R-P0: the package's standard rating; not checked (no exact voltage across it)
        the design's code: C25803 from lcsc_fill.py MAP (^100k \( on R_0603)
        SELECTED: C25803 UNI-ROYAL(Uniroyal Elec) 0603WAF1003T5E 0603 (base), stock 22116659 against a need of 120; USD 0.0031 at 1, 0.0031 at 120; grade INSIDE (the catalogue line's operating temperature -55.0 to 155.0 C)
        checks: package MEETS (0603); resistance MEETS (100kOhm); tolerance MEETS (+-1%); power MEETS (100mW)
        identity: DECODED on v2/vendor/passives/held/uniroyal-series-11cd644d.pdf p.2 (page 2 decodes it: value, package, tolerance, power)
        alternative: C14675 YAGEO RC0603FR-07100KL, stock 8718571, expand
     S-05a6306966 RES        R129,R131 rows 2 [22k]: R_0603_1608Metric
        requirement: value 22kOhm; package 0603; tolerance_max_pct 5.0; power_min_w 0.1; resistor_kind general
        basis: tolerance_max_pct: rule R-T1: unstated, 5 percent (the widest standard thick-film grade); power_min_w: rule R-P0: the package's standard rating; not checked (no exact voltage across it)
        the design's code: C31850 from lcsc_fill.py MAP (^22k$ on R_0603)
        SELECTED: C31850 UNI-ROYAL(Uniroyal Elec) 0603WAF2202T5E 0603 (base), stock 3701252 against a need of 10; USD 0.0041 at 1, 0.0041 at 10; grade INSIDE (the catalogue line's operating temperature -55.0 to 155.0 C)
        checks: package MEETS (0603); resistance MEETS (22kOhm); tolerance MEETS (+-1%); power MEETS (100mW); working voltage MEETS (75V)
        identity: DECODED on v2/vendor/passives/held/uniroyal-series-11cd644d.pdf p.2 (page 2 decodes it: value, package, tolerance, power)
        alternative: C114065 YAGEO RC0603FR-0722KL, stock 1242916, expand
     S-848c909473 RES        R136 rows 1 [21.0k 1% (R_FBL2: 9 V when CTL2 is low)]: R_0603_1608Metric
        requirement: value 21kOhm; package 0603; tolerance_max_pct 1.0; power_min_w 0.1; resistor_kind general
        basis: tolerance_max_pct: stated; power_min_w: rule R-P0: the package's standard rating; not checked (no exact voltage across it)
        the design's code: C22956 from lcsc_fill.py MAP (^21\.0k 1% on R_0603)
        SELECTED: C22956 UNI-ROYAL(Uniroyal Elec) 0603WAF2102T5E 0603 (expand), stock 43014 against a need of 5; USD 0.0016 at 1, 0.0016 at 5; grade INSIDE (the catalogue line's operating temperature -55.0 to 155.0 C)
        checks: package MEETS (0603); resistance MEETS (21kOhm); tolerance MEETS (+-1%); power MEETS (100mW); working voltage MEETS (75V)
        identity: DECODED on v2/vendor/passives/held/uniroyal-series-11cd644d.pdf p.2 (page 2 decodes it: value, package, tolerance, power)
        alternative: C137769 YAGEO RC0603FR-0721KL, stock 78503, expand
     S-10839454b4 RES        R137 rows 1 [14.0k 1% (R_FBL1: 15 V when CTL1 is low too)]: R_0603_1608Metric
        requirement: value 14kOhm; package 0603; tolerance_max_pct 1.0; power_min_w 0.1; resistor_kind general
        basis: tolerance_max_pct: stated; power_min_w: rule R-P0: the package's standard rating; not checked (no exact voltage across it)
        the design's code: C22803 from lcsc_fill.py MAP (^14\.0k 1% on R_0603)
        SELECTED: C22803 UNI-ROYAL(Uniroyal Elec) 0603WAF1402T5E 0603 (expand), stock 14589 against a need of 5; USD 0.0037 at 1, 0.0037 at 5; grade INSIDE (the catalogue line's operating temperature -55.0 to 155.0 C)
        checks: package MEETS (0603); resistance MEETS (14kOhm); tolerance MEETS (+-1%); power MEETS (100mW); working voltage MEETS (75V)
        identity: DECODED on v2/vendor/passives/held/uniroyal-series-11cd644d.pdf p.2 (page 2 decodes it: value, package, tolerance, power)
        alternative: C4120521 KOA Speer Elec RS73F1JTTD1402B, stock 4940, expand
     S-0f86ef5118 RES        R138,R81 rows 2 [10mOhm 1% 2512 (ISNS)]: R_2512_6332Metric
        requirement: value 10mOhm; package 2512; tolerance_max_pct 1.0; power_min_w 0.25; tcr_max_ppm 200; resistor_kind current sense
        basis: tolerance_max_pct: stated; power_min_w: derived: 0.09 W (I^2 R at the declared 3.00 A), rule R-P twice
        the design's code: C2903468 from lcsc_fill.py MAP (^10mOhm 1% 2512 on R_2512)
        SELECTED: C2903468 Milliohm HoJLR2512-3W-10mR-1% 2512 (expand), stock 135958 against a need of 10; USD 0.0883 at 1, 0.0883 at 10; grade INSIDE (the catalogue line's operating temperature -50.0 to 170.0 C)
        checks: package MEETS (2512); resistance MEETS (10mOhm); tolerance MEETS (+-1%); power MEETS (3W); temperature coefficient MEETS (+-50ppm/C)
        from the maker's series sheet (the catalogue line prints none): Temperature Coefficient from v2/vendor/passives/milliohm-hojlr2512-series.pdf p.2; Operating Temperature from v2/vendor/passives/milliohm-hojlr2512-series.pdf p.2
        identity: DOCUMENT_OWED: no maker's ordering table in the tree decodes HoJLR2512-3W-10mR-1% (Milliohm)
        alternative: C375691 YAGEO PA2512FKE7T0R01E, stock 24315, expand
        a pending draft names R138: the draft's value key decides at the regeneration
     S-477807fcf6 RES        R139 rows 1 [43R 1W 2512 (DSCG)]: R_2512_6332Metric
        requirement: value 43Ohm; package 2512; tolerance_max_pct 5.0; power_min_w 1.0; resistor_kind general
        basis: tolerance_max_pct: rule R-T1: unstated, 5 percent (the widest standard thick-film grade); power_min_w: stated; not checked (no exact voltage across it)
        the design's code: C38957 from lcsc_fill.py MAP (^43R 1W 2512 on R_2512)
        SELECTED: C38957 UNI-ROYAL(Uniroyal Elec) 25121WJ0430T4E 2512 (expand), stock 19557 against a need of 5; USD 0.0322 at 1, 0.0322 at 5; grade INSIDE (the catalogue line's operating temperature -55.0 to 155.0 C)
        checks: package MEETS (2512); resistance MEETS (43Ohm); tolerance MEETS (+-5%); power MEETS (1W); working voltage MEETS (200V)
        identity: DOCUMENT_OWED: no maker's ordering table in the tree decodes 25121WJ0430T4E (UNI-ROYAL(Uniroyal Elec))
        alternative: C728200 YAGEO AC2512FK-0743RL, stock 4371, expand
        a pending draft names R139: the draft's value key decides at the regeneration
     S-33cc84bc82 RES        R140 rows 1 [1M (GD to VPWR, 9.1.3)]: R_0603_1608Metric
        requirement: value 1MOhm; package 0603; tolerance_max_pct 5.0; power_min_w 0.1; resistor_kind general
        basis: tolerance_max_pct: rule R-T1: unstated, 5 percent (the widest standard thick-film grade); power_min_w: rule R-P0: the package's standard rating; not checked (no exact voltage across it)
        the design's code: C22935 from lcsc_fill.py MAP (^1M \( on R_0603)
        SELECTED: C22935 UNI-ROYAL(Uniroyal Elec) 0603WAF1004T5E 0603 (base), stock 6601585 against a need of 5; USD 0.0019 at 1, 0.0019 at 5; grade INSIDE (the catalogue line's operating temperature -55.0 to 155.0 C)
        checks: package MEETS (0603); resistance MEETS (1MOhm); tolerance MEETS (+-1%); power MEETS (100mW); working voltage MEETS (75V)
        identity: DECODED on v2/vendor/passives/held/uniroyal-series-11cd644d.pdf p.2 (page 2 decodes it: value, package, tolerance, power)
        alternative: C107698 YAGEO RC0603JR-071ML, stock 1084150, expand
     S-f9685d1305 RES        R141 rows 1 [698k]: R_0603_1608Metric
        requirement: value 698kOhm; package 0603; tolerance_max_pct 5.0; power_min_w 0.1; resistor_kind general
        basis: tolerance_max_pct: rule R-T1: unstated, 5 percent (the widest standard thick-film grade); power_min_w: rule R-P0: the package's standard rating; not checked (no exact voltage across it)
        the design's code: C5126055 from lcsc_fill.py MAP (^698k on R_0603)
        SELECTED: C5126055 FOJAN FRC0603F6983TS 0603 (expand), stock 89905 against a need of 5; USD 0.0025 at 1, 0.0025 at 5; grade INSIDE (the catalogue line's operating temperature -55.0 to 155.0 C)
        checks: package MEETS (0603); resistance MEETS (698kOhm); tolerance MEETS (+-1%); power MEETS (100mW); working voltage MEETS (75V)
        identity: DOCUMENT_OWED: no maker's ordering table in the tree decodes FRC0603F6983TS (FOJAN)
        alternative: C23233 UNI-ROYAL(Uniroyal Elec) 0603WAF6983T5E, stock 1827, expand
     S-5763db5a29 RES        R146,R147,R148,R149,R18 rows 5 [10R]: R_0603_1608Metric
        requirement: value 10Ohm; package 0603; tolerance_max_pct 5.0; power_min_w 0.1; resistor_kind general
        basis: tolerance_max_pct: rule R-T1: unstated, 5 percent (the widest standard thick-film grade); power_min_w: rule R-P0: the package's standard rating; not checked (no exact voltage across it)
        the design's code: C22859 from lcsc_fill.py MAP (^10R$ on R_0603)
        SELECTED: C22859 UNI-ROYAL(Uniroyal Elec) 0603WAF100JT5E 0603 (base), stock 8034696 against a need of 25; USD 0.0032 at 1, 0.0032 at 25; grade INSIDE (the catalogue line's operating temperature -55.0 to 155.0 C)
        checks: package MEETS (0603); resistance MEETS (10Ohm); tolerance MEETS (+-1%); power MEETS (100mW); working voltage MEETS (75V)
        identity: DECODED on v2/vendor/passives/held/uniroyal-series-11cd644d.pdf p.2 (page 2 decodes it: value, package, tolerance, power)
        alternative: C109318 YAGEO RC0603FR-0710RL, stock 6047711, expand
        a pending draft names R149: the draft's value key decides at the regeneration
     S-f0f5f7a0d2 RES        R150,R151,R152,R153,R154,R155+22 rows 28 [100R 1% (CS filter, Kelvin from the shunt's top)]: R_0603_1608Metric
        requirement: value 100Ohm; package 0603; tolerance_max_pct 1.0; power_min_w 0.1; resistor_kind general
        basis: tolerance_max_pct: stated; power_min_w: rule R-P0: the package's standard rating; checked: 0.01 W (V^2/R at 1.00 V, a DECLARED net to ground) at twice is inside it | rule R-P0: the package's standard rating; not checked (no exact voltage across it)
        the design's code: C22775 from lcsc_fill.py MAP (^100R 1% on R_0603)
        SELECTED: C22775 UNI-ROYAL(Uniroyal Elec) 0603WAF1000T5E 0603 (base), stock 11546520 against a need of 140; USD 0.0031 at 1, 0.0031 at 140; grade INSIDE (the catalogue line's operating temperature -55.0 to 155.0 C)
        checks: package MEETS (0603); resistance MEETS (100Ohm); tolerance MEETS (+-1%); power MEETS (100mW); working voltage MEETS (75V)
        identity: DECODED on v2/vendor/passives/held/uniroyal-series-11cd644d.pdf p.2 (page 2 decodes it: value, package, tolerance, power)
        alternative: C105588 YAGEO RC0603FR-07100RL, stock 3435420, expand
     S-1f369a294b RES        R191,R60 rows 2 [140k 1%]: R_0603_1608Metric
        requirement: value 140kOhm; package 0603; tolerance_max_pct 1.0; power_min_w 0.1; resistor_kind general
        basis: tolerance_max_pct: stated; power_min_w: rule R-P0: the package's standard rating; not checked (no exact voltage across it)
        the design's code: C185372 from lcsc_fill.py MAP (^140k 1% on R_0603)
        SELECTED: C185372 YAGEO RC0603FR-07140KL 0603 (expand), stock 352274 against a need of 10; USD 0.0061 at 1, 0.0061 at 10; grade INSIDE (the catalogue line's operating temperature -55.0 to 155.0 C)
        checks: package MEETS (0603); resistance MEETS (140kOhm); tolerance MEETS (+-1%); power MEETS (100mW); working voltage MEETS (75V)
        identity: DOCUMENT_OWED: no maker's ordering table in the tree decodes RC0603FR-07140KL (YAGEO)
        alternative: C22875 UNI-ROYAL(Uniroyal Elec) 0603WAF1403T5E, stock 110042, expand
     S-07308bb177 RES        R194,R77 rows 2 [20k 1%]: R_0603_1608Metric
        requirement: value 20kOhm; package 0603; tolerance_max_pct 1.0; power_min_w 0.1; resistor_kind general
        basis: tolerance_max_pct: stated; power_min_w: rule R-P0: the package's standard rating; not checked (no exact voltage across it)
        the design's code: C4184 from lcsc_fill.py MAP (^20k 1% on R_0603)
        SELECTED: C4184 UNI-ROYAL(Uniroyal Elec) 0603WAF2002T5E 0603 (base), stock 8033437 against a need of 10; USD 0.0023 at 1, 0.0023 at 10; grade INSIDE (the catalogue line's operating temperature -55.0 to 155.0 C)
        checks: package MEETS (0603); resistance MEETS (20kOhm); tolerance MEETS (+-1%); power MEETS (100mW); working voltage MEETS (75V)
        identity: DECODED on v2/vendor/passives/held/uniroyal-series-11cd644d.pdf p.2 (page 2 decodes it: value, package, tolerance, power)
        alternative: C105575 YAGEO RC0603FR-0720KL, stock 3558197, expand
     S-a70591fde8 RES        R219 rows 1 [191k 1%]: R_0603_1608Metric
        requirement: value 191kOhm; package 0603; tolerance_max_pct 1.0; power_min_w 0.1; resistor_kind general
        basis: tolerance_max_pct: stated; power_min_w: rule R-P0: the package's standard rating; checked: 5.7e-05 W (V^2/R at 3.30 V, a DECLARED net to ground) at twice is inside it
        the design's code: C22932 from lcsc_fill.py MAP (^191k 1% on R_0603)
        SELECTED: C22932 UNI-ROYAL(Uniroyal Elec) 0603WAF1913T5E 0603 (expand), stock 68630 against a need of 5; USD 0.0014 at 1, 0.0014 at 5; grade INSIDE (the catalogue line's operating temperature -55.0 to 155.0 C)
        checks: package MEETS (0603); resistance MEETS (191kOhm); tolerance MEETS (+-1%); power MEETS (100mW); working voltage MEETS (75V)
        identity: DECODED on v2/vendor/passives/held/uniroyal-series-11cd644d.pdf p.2 (page 2 decodes it: value, package, tolerance, power)
        alternative: C273767 YAGEO RC0603FR-07191KL, stock 29276, expand
     S-c132a37843 SEMI       D3 rows 1 [SMBJ5.0A]: D_SMB
        requirement: value SMBJ5.0A
        the design's code: C113974 from lcsc_fill.py MAP (^SMBJ5\.0A$ on D_SMB)
        SELECTED: C113974 MDD(Microdiode Semiconductor) SMBJ5.0A DO-214AA(SMB) (expand), stock 185580 against a need of 5; USD 0.0586 at 1, 0.0586 at 5; grade INSIDE (the catalogue line's operating temperature -65.0 to 150.0 C)
        checks: type MEETS (SMBJ5.0A); package (the land D_SMB) MEETS (DO-214AA(SMB))
        identity: DOCUMENT_OWED: not a capacitor or resistor family
        alternative: C19077558 hongjiacheng SMBJ5.0A, stock 99762, expand
     S-281cf857c2 SEMI       D4 rows 1 [SMBJ18A (VBUS clamp at the outlet)]: D_SMB
        requirement: value SMBJ18A (VBUS clamp at the outlet)
        the design's code: C151256 from lcsc_fill.py MAP (^SMBJ18A on D_SMB)
        SELECTED: C151256 Littelfuse SMBJ18A DO-214AA (expand), stock 6292 against a need of 5; USD 0.1478 at 1, 0.1478 at 5; grade INSIDE (the catalogue line's operating temperature -65.0 to 150.0 C)
        checks: type MEETS (SMBJ18A); package (the land D_SMB) MEETS (DO-214AA)
        identity: DOCUMENT_OWED: not a capacitor or resistor family
        alternative: C19077573 hongjiacheng SMBJ18A, stock 30007, expand
     S-f5dce8e470 SPECIAL    F1 rows 1 [25 A mini blade (Keystone 3568 holder): pack node to the RSR]: Fuseholder_Blade_Mini_Keystone_356
        names Keystone 3568; no LCSC code in the netlist
     S-3d786e1226 SPECIAL    J_AB1 rows 1 [A-B interconnect (IDC 2x13, top side) to B16's underside hea]: IDC-Header_2x13_P2.54mm_Vertical_N
        an identity chosen on a page of record: PROCUREMENT.md HC6-SC-7: Wurth WR-BHD 61202621621 (C17586777), rule I-3; the netlist carries no code (the generator owner writes it)
     S-59efc4cfde SPECIAL    J_AB2 rows 1 [A-B wall-port ribbon (IDC 2x5): the wall USB pair on the END]: IDC-Header_2x05_P2.54mm_Vertical_N
        an identity chosen on a page of record: PROCUREMENT.md HC6-SC-7: Wurth WR-BHD 61201021621 (C4355000), rule I-3; the netlist carries no code (the generator owner writes it)
     S-4398cdfce9 SPECIAL    J_BM1 rows 1 [SMP-MAX slide-on receptacle R222M00720 (underside), VHF to t]: Radiall_SMPMAX_R222M00720
        names the part number R222M00720; no LCSC code in the netlist
     S-3ecc3b8f6d SPECIAL    J_BM2 rows 1 [SMP-MAX slide-on receptacle R222M00720 (underside), HF to th]: Radiall_SMPMAX_R222M00720
        names the part number R222M00720; no LCSC code in the netlist
     S-4475b7d2f2 SPECIAL    J_BM3 rows 1 [SMP-MAX slide-on receptacle R222M00720 (underside), WIFI24 t]: Radiall_SMPMAX_R222M00720
        names the part number R222M00720; no LCSC code in the netlist
     S-5d864879b8 SPECIAL    J_BM4 rows 1 [SMP-MAX slide-on receptacle R222M00720 (underside), GNSS to ]: Radiall_SMPMAX_R222M00720
        names the part number R222M00720; no LCSC code in the netlist
     S-9674a70bd1 SPECIAL    J_BM5 rows 1 [SMP-MAX slide-on receptacle R222M00720 (underside), SDR to t]: Radiall_SMPMAX_R222M00720
        names the part number R222M00720; no LCSC code in the netlist
     S-cc6f495589 SPECIAL    J_BM6 rows 1 [SMP-MAX slide-on receptacle R222M00720 (underside), P2P-A to]: Radiall_SMPMAX_R222M00720
        names the part number R222M00720; no LCSC code in the netlist
     S-7ec3b9402b SPECIAL    J_BM7 rows 1 [SMP-MAX slide-on receptacle R222M00720 (underside), P2P-B to]: Radiall_SMPMAX_R222M00720
        names the part number R222M00720; no LCSC code in the netlist
     S-3d974fcecc SPECIAL    J_BM8 rows 1 [SMP-MAX slide-on receptacle R222M00720 (underside), 5G-MAIN ]: Radiall_SMPMAX_R222M00720
        names the part number R222M00720; no LCSC code in the netlist
     S-9596b18f1c SPECIAL    J_BM9 rows 1 [SMP-MAX slide-on receptacle R222M00720 (underside), 5G-DIV t]: Radiall_SMPMAX_R222M00720
        names the part number R222M00720; no LCSC code in the netlist
     S-cbd1512c15 SPECIAL    J_BM10 rows 1 [SMP-MAX slide-on receptacle R222M00720 (underside), IRID to ]: Radiall_SMPMAX_R222M00720
        names the part number R222M00720; no LCSC code in the netlist
     S-803b753aac SPECIAL    J_BM11 rows 1 [SMP-MAX slide-on receptacle R222M00720 (underside), LORA to ]: Radiall_SMPMAX_R222M00720
        names the part number R222M00720; no LCSC code in the netlist
     S-7ba446d3d8 SPECIAL    J_CN1,J_CN2,J_CN3,J_CN4 rows 4 [9 A spring pin, pack return (Mill-Max 0858 class, dock block]: Mill-Max_0858_power_pin
        an identity chosen on a page of record: PROCUREMENT.md HC6-SC-8: Mill-Max 0858-0-15-20-82-14-11-0 (hand-fit, no LCSC code; J_PRE1's longer pin NOT_PINNED), rule I-3; the netlist carries no code (the generator owner writes it)
     S-d033d14584 SPECIAL    J_CP1,J_CP2,J_CP3,J_CP4 rows 4 [9 A spring pin, CELL+ (Mill-Max 0858 class, dock block)]: Mill-Max_0858_power_pin
        an identity chosen on a page of record: PROCUREMENT.md HC6-SC-8: Mill-Max 0858-0-15-20-82-14-11-0 (hand-fit, no LCSC code; J_PRE1's longer pin NOT_PINNED), rule I-3; the netlist carries no code (the generator owner writes it)
     S-976b33601d SPECIAL    J_DOCK rows 1 [spring pins to the dock block (2x6, Preci-Dip 813-S1-012-10-]: PogoPins_2x6
        names Preci-Dip 813-S1-012-10-016101; no LCSC code in the netlist
     S-8e0a71a3e3 SPECIAL    J_MEZZ1 rows 1 [D8 mezzanine harness (IDC 2x8): its USB pair, the PTT mirror]: IDC-Header_2x08_P2.54mm_Vertical_N
        an identity chosen on a page of record: PROCUREMENT.md HC6-SC-7: Wurth WR-BHD 61201621621 (C5364137), rule I-3; the netlist carries no code (the generator owner writes it)
     S-77d4ee2b0e SPECIAL    J_PRE1 rows 1 [pre-charge pin, longer, mates first (32.24 AX)]: Mill-Max_0858_power_pin
        an identity chosen on a page of record: PROCUREMENT.md HC6-SC-8: Mill-Max 0858-0-15-20-82-14-11-0 (hand-fit, no LCSC code; J_PRE1's longer pin NOT_PINNED), rule I-3; the netlist carries no code (the generator owner writes it)
     S-5a86efdb9b SPECIAL    J_USBC_OUT rows 1 [wall USB-C outlet, power only (pigtail header): VBUS CC1 CC2]: PinHeader_1x05_P2.54mm_Vertical
        names no part by number (what it connects to, a class or a function); no identity
     S-7a3379aaff SPECIAL    J_VN1,J_VN2,J_VN3,J_VN4 rows 4 [9 A spring pin, VIN_RAW return (Mill-Max 0858 class, dock bl]: Mill-Max_0858_power_pin
        an identity chosen on a page of record: PROCUREMENT.md HC6-SC-8: Mill-Max 0858-0-15-20-82-14-11-0 (hand-fit, no LCSC code; J_PRE1's longer pin NOT_PINNED), rule I-3; the netlist carries no code (the generator owner writes it)
     S-1492321c29 SPECIAL    J_VR1,J_VR2,J_VR3,J_VR4 rows 4 [9 A spring pin, VIN_RAW (Mill-Max 0858 class, dock block; EQ]: Mill-Max_0858_power_pin
        an identity chosen on a page of record: PROCUREMENT.md HC6-SC-8: Mill-Max 0858-0-15-20-82-14-11-0 (hand-fit, no LCSC code; J_PRE1's longer pin NOT_PINNED), rule I-3; the netlist carries no code (the generator owner writes it)
     S-907267eb13 SPECIAL    L2 rows 1 [4.7uH XAL1010-472ME (Isat 25.4 A)]: L_Coilcraft_XAL1010-XXX
        names Coilcraft XAL1010-472ME (a Layer 4 or earlier selection; Coilcraft parts are hand-fit, not in JLCPCB's catalogue)
     S-d11db9b700 SPECIAL    L3,L5 rows 2 [4.7uH XAL6060-472ME (Isat 11 A)]: L_Coilcraft_XAL6060-XXX
        names Coilcraft XAL6060-472ME (a Layer 4 or earlier selection; Coilcraft parts are hand-fit, not in JLCPCB's catalogue)
     S-4be727cf45 SPECIAL    L7 rows 1 [4.7uH XAL4030-472ME]: L_Coilcraft_XAL4030-XXX
        names Coilcraft XAL4030-472ME (a Layer 4 or earlier selection; Coilcraft parts are hand-fit, not in JLCPCB's catalogue)
     S-ad0629b827 SPECIAL    L11,L4,L6,L8,L9 rows 5 [6.8uH XAL1010-682ME]: L_Coilcraft_XAL1010-XXX
        names Coilcraft XAL1010-682ME (a Layer 4 or earlier selection; Coilcraft parts are hand-fit, not in JLCPCB's catalogue)
     S-3d03b103a4 SPECIAL    L12 rows 1 [15uH XAL4040-153ME (Isat 2.9 A)]: L_Coilcraft_XAL4040-XXX
        names Coilcraft XAL4040-153ME (a Layer 4 or earlier selection; Coilcraft parts are hand-fit, not in JLCPCB's catalogue)
     S-fe625e2ccf SPECIAL    L13 rows 1 [6.8uH XAL6060-682ME (Isat 9.2 A)]: L_Coilcraft_XAL6060-XXX
        names Coilcraft XAL6060-682ME (a Layer 4 or earlier selection; Coilcraft parts are hand-fit, not in JLCPCB's catalogue)
     S-b05b290a7b SPECIAL    Q1 rows 1 [2N7002: panel controller high = pull KILL low = power off (1]: SOT-23
        names the part number 2N7002; no LCSC code in the netlist
     S-a1c8635d38 SPECIAL    Q6 rows 1 [2N7002: CHG_INHIBIT high = ILIM_HIZ low = charger in HiZ]: SOT-23
        names the part number 2N7002; no LCSC code in the netlist
     S-dd1cbaaaf8 SPECIAL    Q7 rows 1 [CSD17578Q5A 30 V N-FET]: PowerPAK_SO-8_Single
        names the part number CSD17578Q5A; no LCSC code in the netlist
     S-9ca594d6e2 SPECIAL    Q10,Q8,Q9 rows 3 [CSD17577Q5A 30 V N-FET]: PowerPAK_SO-8_Single
        names the part number CSD17577Q5A; no LCSC code in the netlist
     S-72384dbc17 SPECIAL    Q11,Q12,Q13,Q14,Q15,Q16+6 rows 12 [CSD18510Q5B 40 V N-FET]: PowerPAK_SO-8_Single
        names the part number CSD18510Q5B; no LCSC code in the netlist
     S-291529b5b1 SPECIAL    Q27 rows 1 [CSD18510Q5B 40 V N-FET (VBUS switch)]: PowerPAK_SO-8_Single
        names the part number CSD18510Q5B; no LCSC code in the netlist

   BOARD E: 68 selections over 111 rows; NOT_A_PART 8 (8 rows); SELECTED 44 (87 rows); SPECIAL 16 (16 rows)
     S-982a6141e5 CAP        C1,C31 rows 2 [10u 25V 1210]: C_1210_3225Metric
        requirement: value 10uF; package 1210; dielectric X7R; v_rating_min 25.0; tolerance_max_pct 20.0
        basis: dielectric: rule C-D3: class 2 (above 1 nF, or a 1206 or larger land), unstated; X7R, X8R or C0G accepted; X5R only where stated or by rule C-D3b; v_rating_min: stated; tolerance_max_pct: rule C-T2: class 2 at 10 uF and above, unstated
        the design's code: C2918497 from lcsc_fill.py MAP (^10u 25V 1210$ on C_1210)
        SELECTED: C2918497 Samwha Capacitor CS3225X7R106K250NRK 1210 (expand), stock 48812 against a need of 10; USD 0.2081 at 1, 0.2081 at 10; grade INSIDE (the dielectric class code X7R (its range is the code) -55 to 125 C)
        checks: package MEETS (1210); capacitance MEETS (10uF); rated voltage MEETS (25V); dielectric MEETS (X7R); tolerance MEETS (+-10%); construction MEETS (multilayer ceramic)
        identity: DOCUMENT_OWED: no maker's ordering table in the tree decodes CS3225X7R106K250NRK (Samwha Capacitor)
        alternative: C596319 YAGEO CC1210KKX7R9BB106, stock 84190, expand
        a pending draft names C31: the draft's value key decides at the regeneration
     S-c30db93ff4 CAP        C2 rows 1 [100n 100V]: C_0805_2012Metric
        requirement: value 100nF; package 0805; dielectric X7R; v_rating_min 100.0; tolerance_max_pct 10.0
        basis: dielectric: rule C-D3: class 2 (above 1 nF, or a 1206 or larger land), unstated; X7R, X8R or C0G accepted; X5R only where stated or by rule C-D3b; v_rating_min: stated; tolerance_max_pct: rule C-T2: class 2 below 10 uF, unstated
        the design's code: C106243 from lcsc_fill.py MAP (^100n 100V on C_0805)
        SELECTED: C106243 YAGEO CC0805KKX7R0BB104 0805 (expand), stock 584230 against a need of 5; USD 0.0246 at 1, 0.0246 at 5; grade INSIDE (the dielectric class code X7R (its range is the code) -55 to 125 C)
        checks: package MEETS (0805); capacitance MEETS (100nF); rated voltage MEETS (100V); dielectric MEETS (X7R); tolerance MEETS (+-10%); construction MEETS (multilayer ceramic)
        identity: DECODED on v2/vendor/passives/yageo-cc-series.pdf p.2 (page 2 decodes it: value, package, tolerance, voltage, dielectric, construction)
        alternative: C76652 TDK C2012X7R2A104KT0L0U, stock 8085, expand
     S-5cf18f994d CAP        C5 rows 1 [100n (TIMER)]: C_0603_1608Metric
        requirement: value 100nF; package 0603; dielectric X7R; v_rating_min 100.0; tolerance_max_pct 10.0
        basis: dielectric: rule C-D3: class 2 (above 1 nF, or a 1206 or larger land), unstated; X7R, X8R or C0G accepted; X5R only where stated or by rule C-D3b; v_rating_min: derived: 53.30 V across it (BOUND) at the 20 percent margin; tolerance_max_pct: rule C-T2: class 2 below 10 uF, unstated
        the design's code: C113803 from lcsc_fill.py MAP (^100n on C_0603)
        SELECTED: C113803 YAGEO CC0603KRX7R0BB104 0603 (expand), stock 1777253 against a need of 5; USD 0.0114 at 1, 0.0114 at 5; grade INSIDE (the dielectric class code X7R (its range is the code) -55 to 125 C)
        checks: package MEETS (0603); capacitance MEETS (100nF); rated voltage MEETS (100V); dielectric MEETS (X7R); tolerance MEETS (+-10%); construction MEETS (multilayer ceramic)
        identity: DECODED on v2/vendor/passives/yageo-cc-series.pdf p.2 (page 2 decodes it: value, package, tolerance, voltage, dielectric, construction)
        alternative: C696916 CCTC TCC0603X7R104K101CT, stock 441349, expand
        a pending draft names C5: the draft's value key decides at the regeneration
     S-eec55ecc0c CAP        C6,C7 rows 2 [1u 100V 1210 (X, bus side)]: C_1210_3225Metric
        requirement: value 1uF; package 1210; dielectric X7R; v_rating_min 100.0; tolerance_max_pct 10.0
        basis: dielectric: rule C-D3: class 2 (above 1 nF, or a 1206 or larger land), unstated; X7R, X8R or C0G accepted; X5R only where stated or by rule C-D3b; v_rating_min: stated; tolerance_max_pct: rule C-T2: class 2 below 10 uF, unstated
        the design's code: C382212 from the certified table JLC-CERTIFIED.tsv
        SELECTED: C382212 PSA(Prosperity Dielectrics) FS32X105K101EFG 1210 (expand), stock 243751 against a need of 10; USD 0.0776 at 1, 0.0776 at 10; grade INSIDE (the dielectric class code X7R (its range is the code) -55 to 125 C)
        checks: package MEETS (1210); capacitance MEETS (1uF); rated voltage MEETS (100V); dielectric MEETS (X7R); tolerance MEETS (+-10%); construction MEETS (multilayer ceramic)
        identity: DOCUMENT_OWED: no maker's ordering table in the tree decodes FS32X105K101EFG (PSA(Prosperity Dielectrics))
        alternative: C7209274 YAGEO AC1210KKX7R0BB105, stock 713, expand
     S-1b1b5c12e8 CAP        C8 rows 1 [10u 100V X7R 1210]: C_1210_3225Metric
        requirement: value 10uF; package 1210; dielectric X7R; v_rating_min 100.0; tolerance_max_pct 20.0
        basis: dielectric: stated; v_rating_min: stated; tolerance_max_pct: rule C-T2: class 2 at 10 uF and above, unstated
        the design's code: C5156756 from lcsc_fill.py MAP (^10u 100V X7R 1210$ on C_1210)
        SELECTED: C5156756 PSA(Prosperity Dielectrics) FS32X106K101EGG 1210 (expand), stock 251090 against a need of 5; USD 0.4762 at 1, 0.4762 at 5; grade INSIDE (the dielectric class code X7R (its range is the code) -55 to 125 C)
        checks: package MEETS (1210); capacitance MEETS (10uF); rated voltage MEETS (100V); dielectric MEETS (X7R); tolerance MEETS (+-10%); construction MEETS (multilayer ceramic)
        identity: DOCUMENT_OWED: no maker's ordering table in the tree decodes FS32X106K101EGG (PSA(Prosperity Dielectrics))
        alternative: C49296968 TDK C3225X7R2A106KT000E, stock 1793, expand
     S-b4945cfbcd CAP        C13,C14 rows 2 [10u 50V]: C_1206_3216Metric
        requirement: value 10uF; package 1206; dielectric X7R; v_rating_min 50.0; tolerance_max_pct 20.0
        basis: dielectric: rule C-D3: class 2 (above 1 nF, or a 1206 or larger land), unstated; X7R, X8R or C0G accepted; X5R only where stated or by rule C-D3b; v_rating_min: stated; tolerance_max_pct: rule C-T2: class 2 at 10 uF and above, unstated
        the design's code: C89632 from lcsc_fill.py MAP (^10u 50V$ on C_1206)
        SELECTED: C89632 Samsung Electro-Mechanics CL31B106KBHNNNE 1206 (expand), stock 129180 against a need of 10; USD 0.28 at 1, 0.28 at 10; grade INSIDE (the dielectric class code X7R (its range is the code) -55 to 125 C)
        checks: package MEETS (1206); capacitance MEETS (10uF); rated voltage MEETS (50V); dielectric MEETS (X7R); tolerance MEETS (+-10%); construction MEETS (multilayer ceramic)
        identity: DOCUMENT_OWED: no maker's ordering table in the tree decodes CL31B106KBHNNNE (Samsung Electro-Mechanics)
        alternative: C531431 TDK CGA5L1X7R1H106KT0Y0N, stock 15807, expand
        a pending draft names C13, C14: the draft's value key decides at the regeneration
     S-50d914faf6 CAP        C15 rows 1 [4.7u 50V]: C_1206_3216Metric
        requirement: value 4.7uF; package 1206; dielectric X7R; v_rating_min 50.0; tolerance_max_pct 10.0
        basis: dielectric: rule C-D3: class 2 (above 1 nF, or a 1206 or larger land), unstated; X7R, X8R or C0G accepted; X5R only where stated or by rule C-D3b; v_rating_min: stated; tolerance_max_pct: rule C-T2: class 2 below 10 uF, unstated
        the design's code: C132170 from lcsc_fill.py MAP (^4\.7u 50V$ on C_1206)
        SELECTED: C132170 YAGEO CC1206KKX7R9BB475 1206 (expand), stock 147708 against a need of 5; USD 0.1129 at 1, 0.1129 at 5; grade INSIDE (the dielectric class code X7R (its range is the code) -55 to 125 C)
        checks: package MEETS (1206); capacitance MEETS (4.7uF); rated voltage MEETS (50V); dielectric MEETS (X7R); tolerance MEETS (+-10%); construction MEETS (multilayer ceramic)
        identity: DECODED on v2/vendor/passives/yageo-cc-series.pdf p.2 (page 2 decodes it: value, package, tolerance, voltage, dielectric, construction)
        alternative: C412300 TDK CGA5L1X7R1H475KT0Y0S, stock 17195, expand
        a pending draft names C15: the draft's value key decides at the regeneration
     S-8e9688dfbb CAP        C16 rows 1 [1n]: C_0603_1608Metric
        requirement: value 1nF; package 0603; dielectric C0G; v_rating_min 50.0; tolerance_max_pct 5.0
        basis: dielectric: rule C-D2: 1 nF and below on a signal-size land (0805 and smaller), unstated; v_rating_min: derived: 32.35 V across it (BOUND) at the 20 percent margin; tolerance_max_pct: rule C-T1: class 1, unstated
        the design's code: C113793 from lcsc_fill.py MAP (^1n$ on C_0603)
        SELECTED: C113793 YAGEO CC0603JRNPO0BN102 0603 (expand), stock 100133 against a need of 5; USD 0.02 at 1, 0.02 at 5; grade INSIDE (the dielectric class code C0G (its range is the code) -55 to 125 C)
        checks: package MEETS (0603); capacitance MEETS (1nF); rated voltage MEETS (100V); dielectric MEETS (NP0); tolerance MEETS (+-5%); construction MEETS (multilayer ceramic)
        identity: DOCUMENT_OWED: no maker's ordering table in the tree decodes CC0603JRNPO0BN102 (YAGEO)
        alternative: C384777 Walsin Tech Corp 0603N102F500CT, stock 40643, expand
     S-fe35982ca0 CAP        C17,C18 rows 2 [470n 25V]: C_0603_1608Metric
        requirement: value 470nF; package 0603; dielectric X7R; v_rating_min 25.0; tolerance_max_pct 10.0
        basis: dielectric: rule C-D3: class 2 (above 1 nF, or a 1206 or larger land), unstated; X7R, X8R or C0G accepted; X5R only where stated or by rule C-D3b; v_rating_min: stated; tolerance_max_pct: rule C-T2: class 2 below 10 uF, unstated
        the design's code: C1623 from lcsc_fill.py MAP (^470n 25V$ on C_0603)
        SELECTED: C1623 Samsung Electro-Mechanics CL10B474KA8NNNC 0603 (base), stock 926008 against a need of 10; USD 0.0296 at 1, 0.0296 at 10; grade INSIDE (the dielectric class code X7R (its range is the code) -55 to 125 C)
        checks: package MEETS (0603); capacitance MEETS (470nF); rated voltage MEETS (25V); dielectric MEETS (X7R); tolerance MEETS (+-10%); construction MEETS (multilayer ceramic)
        identity: DOCUMENT_OWED: no maker's ordering table in the tree decodes CL10B474KA8NNNC (Samsung Electro-Mechanics)
        alternative: C513577 YAGEO CC0603KRX7R9BB474, stock 1394184, expand
     S-d106be30a0 CAP        C19,C63 rows 2 [4.7u 25V]: C_1206_3216Metric
        requirement: value 4.7uF; package 1206; dielectric X7R; v_rating_min 25.0; tolerance_max_pct 10.0
        basis: dielectric: rule C-D3: class 2 (above 1 nF, or a 1206 or larger land), unstated; X7R, X8R or C0G accepted; X5R only where stated or by rule C-D3b; v_rating_min: stated; tolerance_max_pct: rule C-T2: class 2 below 10 uF, unstated
        the design's code: C132170 from lcsc_fill.py MAP (^4\.7u 25V$ on C_1206)
        SELECTED: C132170 YAGEO CC1206KKX7R9BB475 1206 (expand), stock 147708 against a need of 10; USD 0.1129 at 1, 0.1129 at 10; grade INSIDE (the dielectric class code X7R (its range is the code) -55 to 125 C)
        checks: package MEETS (1206); capacitance MEETS (4.7uF); rated voltage MEETS (50V); dielectric MEETS (X7R); tolerance MEETS (+-10%); construction MEETS (multilayer ceramic)
        identity: DECODED on v2/vendor/passives/yageo-cc-series.pdf p.2 (page 2 decodes it: value, package, tolerance, voltage, dielectric, construction)
        alternative: C412300 TDK CGA5L1X7R1H475KT0Y0S, stock 17195, expand
        a pending draft names C63: the draft's value key decides at the regeneration
     S-5eeee312c8 CAP        C20,C34,C35,C45,C47 rows 5 [1u]: C_0603_1608Metric
        requirement: value 1uF; package 0603; dielectric X7R; v_rating_min 6.3; tolerance_max_pct 10.0
        basis: dielectric: rule C-D3: class 2 (above 1 nF, or a 1206 or larger land), unstated; X7R, X8R or C0G accepted; X5R only where stated or by rule C-D3b; v_rating_min: derived: 1.34 V across it (DECLARED) at the 20 percent margin | derived: 3.30 V across it (DECLARED) at the 20 percent margin | derived: 3.35 V across it (DECLARED) at the 20 percent margin | derived: 5.00 V across it (DECLARED) at the 20 
        the design's code: C559769 from lcsc_fill.py MAP (^1u$ on C_0603)
        SELECTED: C559769 YAGEO CC0603KRX7R9BB105 0603 (expand), stock 826024 against a need of 25; USD 0.0595 at 1, 0.0595 at 25; grade INSIDE (the dielectric class code X7R (its range is the code) -55 to 125 C)
        checks: package MEETS (0603); capacitance MEETS (1uF); rated voltage MEETS (50V); dielectric MEETS (X7R); tolerance MEETS (+-10%); construction MEETS (multilayer ceramic)
        identity: DECODED on v2/vendor/passives/yageo-cc-series.pdf p.2 (page 2 decodes it: value, package, tolerance, voltage, dielectric, construction)
        alternative: C76708 TDK CGA3E1X7R1E105KT0Y0E, stock 61865, expand
     S-c737d3112b CAP        C21 rows 1 [4.7n]: C_0603_1608Metric
        requirement: value 4.7nF; package 0603; dielectric X7R; v_rating_min 50.0; tolerance_max_pct 10.0
        basis: dielectric: rule C-D3: class 2 (above 1 nF, or a 1206 or larger land), unstated; X7R, X8R or C0G accepted; X5R only where stated or by rule C-D3b; v_rating_min: derived: 31.35 V across it (BOUND) at the 20 percent margin; tolerance_max_pct: rule C-T2: class 2 below 10 uF, unstated
        the design's code: C53987 from lcsc_fill.py MAP (^4\.7n on C_0603)
        SELECTED: C53987 FH (Guangdong Fenghua Advanced Tech) 0603B472K500NT 0603 (base), stock 885925 against a need of 5; USD 0.0092 at 1, 0.0092 at 5; grade INSIDE (the dielectric class code X7R (its range is the code) -55 to 125 C)
        checks: package MEETS (0603); capacitance MEETS (4.7nF); rated voltage MEETS (50V); dielectric MEETS (X7R); tolerance MEETS (+-10%); construction MEETS (multilayer ceramic)
        identity: DOCUMENT_OWED: no maker's ordering table in the tree decodes 0603B472K500NT (FH (Guangdong Fenghua Advanced Tech))
        alternative: C106218 YAGEO CC0603KRX7R9BB472, stock 2508248, expand
     S-709cc2bf31 CAP        C22 rows 1 [100p]: C_0603_1608Metric
        requirement: value 100pF; package 0603; dielectric C0G; v_rating_min 50.0; tolerance_max_pct 5.0
        basis: dielectric: rule C-D2: 1 nF and below on a signal-size land (0805 and smaller), unstated; v_rating_min: derived: 31.35 V across it (BOUND) at the 20 percent margin; tolerance_max_pct: rule C-T1: class 1, unstated
        the design's code: C14858 from lcsc_fill.py MAP (^100p$ on C_0603)
        SELECTED: C14858 Samsung Electro-Mechanics CL10C101JB8NNNC 0603 (base), stock 3899812 against a need of 5; USD 0.0086 at 1, 0.0086 at 5; grade INSIDE (the dielectric class code C0G (its range is the code) -55 to 125 C)
        checks: package MEETS (0603); capacitance MEETS (100pF); rated voltage MEETS (50V); dielectric MEETS (C0G); tolerance MEETS (+-5%); construction MEETS (multilayer ceramic)
        identity: DOCUMENT_OWED: no maker's ordering table in the tree decodes CL10C101JB8NNNC (Samsung Electro-Mechanics)
        alternative: C14665 YAGEO CC0603JRNPO9BN101, stock 2323563, expand
     S-fcd6c2d411 CAP        C23 rows 1 [100n]: C_0603_1608Metric
        requirement: value 100nF; package 0603; dielectric X7R; v_rating_min 50.0; tolerance_max_pct 10.0
        basis: dielectric: rule C-D3: class 2 (above 1 nF, or a 1206 or larger land), unstated; X7R, X8R or C0G accepted; X5R only where stated or by rule C-D3b; v_rating_min: derived: 31.35 V across it (BOUND) at the 20 percent margin; tolerance_max_pct: rule C-T2: class 2 below 10 uF, unstated
        the design's code: C113803 from lcsc_fill.py MAP (^100n on C_0603)
        SELECTED: C113803 YAGEO CC0603KRX7R0BB104 0603 (expand), stock 1777253 against a need of 5; USD 0.0114 at 1, 0.0114 at 5; grade INSIDE (the dielectric class code X7R (its range is the code) -55 to 125 C)
        checks: package MEETS (0603); capacitance MEETS (100nF); rated voltage MEETS (100V); dielectric MEETS (X7R); tolerance MEETS (+-10%); construction MEETS (multilayer ceramic)
        identity: DECODED on v2/vendor/passives/yageo-cc-series.pdf p.2 (page 2 decodes it: value, package, tolerance, voltage, dielectric, construction)
        alternative: C76711 TDK CGA3E2X7R1H104KT0Y0N, stock 515455, expand
     S-1013a89988 CAP        C26,C27 rows 2 [10u 25V]: C_1206_3216Metric
        requirement: value 10uF; package 1206; dielectric X7R; v_rating_min 25.0; tolerance_max_pct 20.0
        basis: dielectric: rule C-D3: class 2 (above 1 nF, or a 1206 or larger land), unstated; X7R, X8R or C0G accepted; X5R only where stated or by rule C-D3b; v_rating_min: stated; tolerance_max_pct: rule C-T2: class 2 at 10 uF and above, unstated
        the design's code: C89632 from lcsc_fill.py MAP (^10u 25V$ on C_1206)
        SELECTED: C89632 Samsung Electro-Mechanics CL31B106KBHNNNE 1206 (expand), stock 129180 against a need of 10; USD 0.28 at 1, 0.28 at 10; grade INSIDE (the dielectric class code X7R (its range is the code) -55 to 125 C)
        checks: package MEETS (1206); capacitance MEETS (10uF); rated voltage MEETS (50V); dielectric MEETS (X7R); tolerance MEETS (+-10%); construction MEETS (multilayer ceramic)
        identity: DOCUMENT_OWED: no maker's ordering table in the tree decodes CL31B106KBHNNNE (Samsung Electro-Mechanics)
        alternative: C70462 YAGEO CC1206KKX7R8BB106, stock 265553, expand
     S-66af112614 CAP        C30 rows 1 [100n]: C_0603_1608Metric
        requirement: value 100nF; package 0603; dielectric X7R; v_rating_min 10.0; tolerance_max_pct 10.0
        basis: dielectric: rule C-D3: class 2 (above 1 nF, or a 1206 or larger land), unstated; X7R, X8R or C0G accepted; X5R only where stated or by rule C-D3b; v_rating_min: derived: 6.00 V across it (DECLARED) at the 20 percent margin; tolerance_max_pct: rule C-T2: class 2 below 10 uF, unstated
        the design's code: C113803 from lcsc_fill.py MAP (^100n on C_0603)
        SELECTED: C113803 YAGEO CC0603KRX7R0BB104 0603 (expand), stock 1777253 against a need of 5; USD 0.0114 at 1, 0.0114 at 5; grade INSIDE (the dielectric class code X7R (its range is the code) -55 to 125 C)
        checks: package MEETS (0603); capacitance MEETS (100nF); rated voltage MEETS (100V); dielectric MEETS (X7R); tolerance MEETS (+-10%); construction MEETS (multilayer ceramic)
        identity: DECODED on v2/vendor/passives/yageo-cc-series.pdf p.2 (page 2 decodes it: value, package, tolerance, voltage, dielectric, construction)
        alternative: C76711 TDK CGA3E2X7R1H104KT0Y0N, stock 515455, expand
        a pending draft names C30: the draft's value key decides at the regeneration
     S-e3ac376f3f CAP        C32,C33 rows 2 [22u 10V X7R 1210]: C_1210_3225Metric
        requirement: value 22uF; package 1210; dielectric X7R; v_rating_min 10.0; tolerance_max_pct 20.0
        basis: dielectric: stated; v_rating_min: stated; tolerance_max_pct: rule C-T2: class 2 at 10 uF and above, unstated
        the design's code: C2918511 from lcsc_fill.py MAP (^22u (10|25)V( X7R)? 1210 on C_1210)
        SELECTED: C2918511 Samwha Capacitor CS3225X7R226K250NRL 1210 (expand), stock 86658 against a need of 10; USD 0.1626 at 1, 0.1626 at 10; grade INSIDE (the dielectric class code X7R (its range is the code) -55 to 125 C)
        checks: package MEETS (1210); capacitance MEETS (22uF); rated voltage MEETS (25V); dielectric MEETS (X7R); tolerance MEETS (+-10%); construction MEETS (multilayer ceramic)
        identity: DOCUMENT_OWED: no maker's ordering table in the tree decodes CS3225X7R226K250NRL (Samwha Capacitor)
        alternative: C5341638 YAGEO CC1210KKX7R8BB226, stock 75097, expand
        a pending draft names C32, C33: the draft's value key decides at the regeneration
     S-382e142692 CAP        C36,C37 rows 2 [15p]: C_0603_1608Metric
        requirement: value 15pF; package 0603; dielectric C0G; v_rating_min 6.3; tolerance_max_pct 5.0
        basis: dielectric: rule C-D1: a crystal's load capacitor (a crystal shares its net); v_rating_min: derived: 3.30 V across it (BOUND) at the 20 percent margin; tolerance_max_pct: rule C-T1: class 1, unstated
        the design's code: C1644 from the certified table JLC-CERTIFIED.tsv
        SELECTED: C1644 Samsung Electro-Mechanics CL10C150JB8NNNC 0603 (base), stock 1045582 against a need of 10; USD 0.0113 at 1, 0.0113 at 10; grade INSIDE (the dielectric class code C0G (its range is the code) -55 to 125 C)
        checks: package MEETS (0603); capacitance MEETS (15pF); rated voltage MEETS (50V); dielectric MEETS (C0G); tolerance MEETS (+-5%); construction MEETS (multilayer ceramic)
        identity: DOCUMENT_OWED: no maker's ordering table in the tree decodes CL10C150JB8NNNC (Samsung Electro-Mechanics)
        alternative: C107037 YAGEO CC0603JRNPO9BN150, stock 5757665, expand
     S-45ad5deffe CAP        C38,C39,C40,C41,C42,C43+5 rows 11 [100n]: C_0603_1608Metric
        requirement: value 100nF; package 0603; dielectric X7R; v_rating_min 6.3; tolerance_max_pct 10.0
        basis: dielectric: rule C-D3: class 2 (above 1 nF, or a 1206 or larger land), unstated; X7R, X8R or C0G accepted; X5R only where stated or by rule C-D3b; v_rating_min: derived: 3.30 V across it (DECLARED) at the 20 percent margin; tolerance_max_pct: rule C-T2: class 2 below 10 uF, unstated
        the design's code: C113803 from lcsc_fill.py MAP (^100n on C_0603)
        SELECTED: C113803 YAGEO CC0603KRX7R0BB104 0603 (expand), stock 1777253 against a need of 55; USD 0.0114 at 1, 0.0114 at 55; grade INSIDE (the dielectric class code X7R (its range is the code) -55 to 125 C)
        checks: package MEETS (0603); capacitance MEETS (100nF); rated voltage MEETS (100V); dielectric MEETS (X7R); tolerance MEETS (+-10%); construction MEETS (multilayer ceramic)
        identity: DECODED on v2/vendor/passives/yageo-cc-series.pdf p.2 (page 2 decodes it: value, package, tolerance, voltage, dielectric, construction)
        alternative: C76711 TDK CGA3E2X7R1H104KT0Y0N, stock 515455, expand
     S-28767274a3 RES        R8 rows 1 [102k 1% (RFBIN1: panel point 17.6 V)]: R_0603_1608Metric
        requirement: value 102kOhm; package 0603; tolerance_max_pct 1.0; power_min_w 0.1; resistor_kind general
        basis: tolerance_max_pct: stated; power_min_w: rule R-P0: the package's standard rating; not checked (no exact voltage across it)
        the design's code: C2933126 from lcsc_fill.py MAP (^102k 1% on R_0603)
        SELECTED: C2933126 FOJAN FRC0603F1023TS 0603 (expand), stock 304644 against a need of 5; USD 0.0024 at 1, 0.0024 at 5; grade INSIDE (the catalogue line's operating temperature -55.0 to 155.0 C)
        checks: package MEETS (0603); resistance MEETS (102kOhm); tolerance MEETS (+-1%); power MEETS (100mW); working voltage MEETS (75V)
        identity: DOCUMENT_OWED: no maker's ordering table in the tree decodes FRC0603F1023TS (FOJAN)
        alternative: C861068 YAGEO RT0603BRD07102KL, stock 9902, expand
        a pending draft names R8: the draft's value key decides at the regeneration
     S-2f50959aaf RES        R9 rows 1 [7.50k 1% (RFBIN2)]: R_0603_1608Metric
        requirement: value 7.5kOhm; package 0603; tolerance_max_pct 1.0; power_min_w 0.1; resistor_kind general
        basis: tolerance_max_pct: stated; power_min_w: rule R-P0: the package's standard rating; not checked (no exact voltage across it)
        the design's code: C23234 from lcsc_fill.py MAP (^7\.50k 1% on R_0603)
        SELECTED: C23234 UNI-ROYAL(Uniroyal Elec) 0603WAF7501T5E 0603 (base), stock 1317336 against a need of 5; USD 0.0018 at 1, 0.0018 at 5; grade INSIDE (the catalogue line's operating temperature -55.0 to 155.0 C)
        checks: package MEETS (0603); resistance MEETS (7.5kOhm); tolerance MEETS (+-1%); power MEETS (100mW); working voltage MEETS (75V)
        identity: DECODED on v2/vendor/passives/held/uniroyal-series-11cd644d.pdf p.2 (page 2 decodes it: value, package, tolerance, power)
        alternative: C114634 YAGEO RC0603FR-077K5L, stock 168306, expand
        a pending draft names R9: the draft's value key decides at the regeneration
     S-6b0174a835 RES        R10 rows 1 [115k 1% (RFBOUT1: 15.1 V)]: R_0603_1608Metric
        requirement: value 115kOhm; package 0603; tolerance_max_pct 1.0; power_min_w 0.1; resistor_kind general
        basis: tolerance_max_pct: stated; power_min_w: rule R-P0: the package's standard rating; not checked (no exact voltage across it)
        the design's code: C22783 from lcsc_fill.py MAP (^115k 1% on R_0603)
        SELECTED: C22783 UNI-ROYAL(Uniroyal Elec) 0603WAF1153T5E 0603 (expand), stock 92658 against a need of 5; USD 0.0022 at 1, 0.0022 at 5; grade INSIDE (the catalogue line's operating temperature -55.0 to 155.0 C)
        checks: package MEETS (0603); resistance MEETS (115kOhm); tolerance MEETS (+-1%); power MEETS (100mW); working voltage MEETS (75V)
        identity: DECODED on v2/vendor/passives/held/uniroyal-series-11cd644d.pdf p.2 (page 2 decodes it: value, package, tolerance, power)
        alternative: C844319 Vishay Intertech CRCW0603115KFKEA, stock 8307, expand
     S-d499541fe0 RES        R11,R41 rows 2 [10.0k 1% (RFBOUT2)]: R_0603_1608Metric
        requirement: value 10kOhm; package 0603; tolerance_max_pct 1.0; power_min_w 0.1; resistor_kind general
        basis: tolerance_max_pct: stated; power_min_w: rule R-P0: the package's standard rating; not checked (no exact voltage across it)
        the design's code: C25804 from lcsc_fill.py MAP (^10\.0k 1% on R_0603)
        SELECTED: C25804 UNI-ROYAL(Uniroyal Elec) 0603WAF1002T5E 0603 (base), stock 23012552 against a need of 10; USD 0.0018 at 1, 0.0018 at 10; grade INSIDE (the catalogue line's operating temperature -55.0 to 155.0 C)
        checks: package MEETS (0603); resistance MEETS (10kOhm); tolerance MEETS (+-1%); power MEETS (100mW); working voltage MEETS (75V)
        identity: DECODED on v2/vendor/passives/held/uniroyal-series-11cd644d.pdf p.2 (page 2 decodes it: value, package, tolerance, power)
        alternative: C98220 YAGEO RC0603FR-0710KL, stock 12103100, expand
     S-3c19dd71f7 RES        R12 rows 1 [215k 1% (RT: 202 kHz)]: R_0603_1608Metric
        requirement: value 215kOhm; package 0603; tolerance_max_pct 1.0; power_min_w 0.1; resistor_kind general
        basis: tolerance_max_pct: stated; power_min_w: rule R-P0: the package's standard rating; not checked (no exact voltage across it)
        the design's code: C5713280 from lcsc_fill.py MAP (^215k 1% on R_0603)
        SELECTED: C5713280 FOJAN FRC0603F2153TS 0603 (expand), stock 54516 against a need of 5; USD 0.0022 at 1, 0.0022 at 5; grade INSIDE (the catalogue line's operating temperature -55.0 to 155.0 C)
        checks: package MEETS (0603); resistance MEETS (215kOhm); tolerance MEETS (+-1%); power MEETS (100mW); working voltage MEETS (75V)
        identity: DOCUMENT_OWED: no maker's ordering table in the tree decodes FRC0603F2153TS (FOJAN)
        alternative: C22954 UNI-ROYAL(Uniroyal Elec) 0603WAF2153T5E, stock 14452, expand
     S-50018f6fcc RES        R13,R16,R17,R25,R31,R46+3 rows 9 [10k]: R_0603_1608Metric
        requirement: value 10kOhm; package 0603; tolerance_max_pct 5.0; power_min_w 0.1; resistor_kind general
        basis: tolerance_max_pct: rule R-T1: unstated, 5 percent (the widest standard thick-film grade); power_min_w: rule R-P0: the package's standard rating; not checked (no exact voltage across it)
        the design's code: C25804 from lcsc_fill.py MAP (^10k$ on R_0603)
        SELECTED: C25804 UNI-ROYAL(Uniroyal Elec) 0603WAF1002T5E 0603 (base), stock 23012552 against a need of 45; USD 0.0018 at 1, 0.0018 at 45; grade INSIDE (the catalogue line's operating temperature -55.0 to 155.0 C)
        checks: package MEETS (0603); resistance MEETS (10kOhm); tolerance MEETS (+-1%); power MEETS (100mW); working voltage MEETS (75V)
        identity: DECODED on v2/vendor/passives/held/uniroyal-series-11cd644d.pdf p.2 (page 2 decodes it: value, package, tolerance, power)
        alternative: C98220 YAGEO RC0603FR-0710KL, stock 12103100, expand
        a pending draft names R16, R17, R25: the draft's value key decides at the regeneration
     S-9cc4aeacc8 RES        R14,R20,R22,R40,R42 rows 5 [100k 1%]: R_0603_1608Metric
        requirement: value 100kOhm; package 0603; tolerance_max_pct 1.0; power_min_w 0.1; resistor_kind general
        basis: tolerance_max_pct: stated; power_min_w: rule R-P0: the package's standard rating; not checked (no exact voltage across it)
        the design's code: C25803 from lcsc_fill.py MAP (^100k 1% on R_0603)
        SELECTED: C25803 UNI-ROYAL(Uniroyal Elec) 0603WAF1003T5E 0603 (base), stock 22116659 against a need of 25; USD 0.0031 at 1, 0.0031 at 25; grade INSIDE (the catalogue line's operating temperature -55.0 to 155.0 C)
        checks: package MEETS (0603); resistance MEETS (100kOhm); tolerance MEETS (+-1%); power MEETS (100mW); working voltage MEETS (75V)
        identity: DECODED on v2/vendor/passives/held/uniroyal-series-11cd644d.pdf p.2 (page 2 decodes it: value, package, tolerance, power)
        alternative: C14675 YAGEO RC0603FR-07100KL, stock 8718571, expand
        a pending draft names R14, R20, R22: the draft's value key decides at the regeneration
     S-5cb2b63f60 RES        R15 rows 1 [15.0k 1% (SHDN: enable above about 9.5 V)]: R_0603_1608Metric
        requirement: value 15kOhm; package 0603; tolerance_max_pct 1.0; power_min_w 0.1; resistor_kind general
        basis: tolerance_max_pct: stated; power_min_w: rule R-P0: the package's standard rating; not checked (no exact voltage across it)
        the design's code: C22809 from lcsc_fill.py MAP (^15\.0k 1% on R_0603)
        SELECTED: C22809 UNI-ROYAL(Uniroyal Elec) 0603WAF1502T5E 0603 (base), stock 4588986 against a need of 5; USD 0.0029 at 1, 0.0029 at 5; grade INSIDE (the catalogue line's operating temperature -55.0 to 155.0 C)
        checks: package MEETS (0603); resistance MEETS (15kOhm); tolerance MEETS (+-1%); power MEETS (100mW); working voltage MEETS (75V)
        identity: DECODED on v2/vendor/passives/held/uniroyal-series-11cd644d.pdf p.2 (page 2 decodes it: value, package, tolerance, power)
        alternative: C125928 YAGEO AC0603FR-0715KL, stock 578628, expand
        a pending draft names R15: the draft's value key decides at the regeneration
     S-cca5523bf8 RES        R19 rows 1 [10mOhm 1% 2512 (hot-swap sense)]: R_2512_6332Metric
        requirement: value 10mOhm; package 2512; tolerance_max_pct 1.0; power_min_w 1.0; tcr_max_ppm 200; resistor_kind current sense
        basis: tolerance_max_pct: stated; power_min_w: derived: 0.378 W (I^2 R at the declared 6.15 A), rule R-P twice
        the design's code: C2903468 from lcsc_fill.py MAP (^10mOhm 1% 2512 on R_2512)
        SELECTED: C2903468 Milliohm HoJLR2512-3W-10mR-1% 2512 (expand), stock 135958 against a need of 5; USD 0.0883 at 1, 0.0883 at 5; grade INSIDE (the catalogue line's operating temperature -50.0 to 170.0 C)
        checks: package MEETS (2512); resistance MEETS (10mOhm); tolerance MEETS (+-1%); power MEETS (3W); temperature coefficient MEETS (+-50ppm/C)
        from the maker's series sheet (the catalogue line prints none): Temperature Coefficient from v2/vendor/passives/milliohm-hojlr2512-series.pdf p.2; Operating Temperature from v2/vendor/passives/milliohm-hojlr2512-series.pdf p.2
        identity: DOCUMENT_OWED: no maker's ordering table in the tree decodes HoJLR2512-3W-10mR-1% (Milliohm)
        alternative: C375691 YAGEO PA2512FKE7T0R01E, stock 24315, expand
        a pending draft names R19: the draft's value key decides at the regeneration
     S-c7d8c77031 RES        R21 rows 1 [38.3k 1% (UVLO: 9 V)]: R_0603_1608Metric
        requirement: value 38.3kOhm; package 0603; tolerance_max_pct 1.0; power_min_w 0.1; resistor_kind general
        basis: tolerance_max_pct: stated; power_min_w: rule R-P0: the package's standard rating; not checked (no exact voltage across it)
        the design's code: C23034 from the certified table JLC-CERTIFIED.tsv
        SELECTED: C23034 UNI-ROYAL(Uniroyal Elec) 0603WAF3832T5E 0603 (expand), stock 34692 against a need of 5; USD 0.0021 at 1, 0.0021 at 5; grade INSIDE (the catalogue line's operating temperature -55.0 to 155.0 C)
        checks: package MEETS (0603); resistance MEETS (38.3kOhm); tolerance MEETS (+-1%); power MEETS (100mW); working voltage MEETS (75V)
        identity: DECODED on v2/vendor/passives/held/uniroyal-series-11cd644d.pdf p.2 (page 2 decodes it: value, package, tolerance, power)
        alternative: C137736 YAGEO RC0603FR-0738K3L, stock 4938, expand
        a pending draft names R21: the draft's value key decides at the regeneration
     S-ea1d772025 RES        R23 rows 1 [6.65k 1% (OVLO: 40 V)]: R_0603_1608Metric
        requirement: value 6.65kOhm; package 0603; tolerance_max_pct 1.0; power_min_w 0.1; resistor_kind general
        basis: tolerance_max_pct: stated; power_min_w: rule R-P0: the package's standard rating; not checked (no exact voltage across it)
        the design's code: C60344 from the certified table JLC-CERTIFIED.tsv
        SELECTED: C60344 UNI-ROYAL(Uniroyal Elec) 0603WAF6651T5E 0603 (expand), stock 1255 against a need of 5; USD 0.0022 at 1, 0.0022 at 5; grade INSIDE (the catalogue line's operating temperature -55.0 to 155.0 C)
        checks: package MEETS (0603); resistance MEETS (6.65kOhm); tolerance MEETS (+-1%); power MEETS (100mW); working voltage MEETS (75V)
        identity: DECODED on v2/vendor/passives/held/uniroyal-series-11cd644d.pdf p.2 (page 2 decodes it: value, package, tolerance, power)
        alternative: C863216 YAGEO RT0603DRE076K65L, stock 4399, expand
        a pending draft names R23: the draft's value key decides at the regeneration
     S-cfc86cd784 RES        R24 rows 1 [20k (PWR: power limit)]: R_0603_1608Metric
        requirement: value 20kOhm; package 0603; tolerance_max_pct 5.0; power_min_w 0.1; resistor_kind general
        basis: tolerance_max_pct: rule R-T1: unstated, 5 percent (the widest standard thick-film grade); power_min_w: rule R-P0: the package's standard rating; not checked (no exact voltage across it)
        the design's code: C4184 from the certified table JLC-CERTIFIED.tsv
        SELECTED: C4184 UNI-ROYAL(Uniroyal Elec) 0603WAF2002T5E 0603 (base), stock 8033437 against a need of 5; USD 0.0023 at 1, 0.0023 at 5; grade INSIDE (the catalogue line's operating temperature -55.0 to 155.0 C)
        checks: package MEETS (0603); resistance MEETS (20kOhm); tolerance MEETS (+-1%); power MEETS (100mW); working voltage MEETS (75V)
        identity: DECODED on v2/vendor/passives/held/uniroyal-series-11cd644d.pdf p.2 (page 2 decodes it: value, package, tolerance, power)
        alternative: C105575 YAGEO RC0603FR-0720KL, stock 3558197, expand
        a pending draft names R24: the draft's value key decides at the regeneration
     S-a44109c662 RES        R26 rows 1 [100k]: R_0603_1608Metric
        requirement: value 100kOhm; package 0603; tolerance_max_pct 5.0; power_min_w 0.1; resistor_kind general
        basis: tolerance_max_pct: rule R-T1: unstated, 5 percent (the widest standard thick-film grade); power_min_w: rule R-P0: the package's standard rating; not checked (no exact voltage across it)
        the design's code: C25803 from lcsc_fill.py MAP (^100k$ on R_0603)
        SELECTED: C25803 UNI-ROYAL(Uniroyal Elec) 0603WAF1003T5E 0603 (base), stock 22116659 against a need of 5; USD 0.0031 at 1, 0.0031 at 5; grade INSIDE (the catalogue line's operating temperature -55.0 to 155.0 C)
        checks: package MEETS (0603); resistance MEETS (100kOhm); tolerance MEETS (+-1%); power MEETS (100mW)
        identity: DECODED on v2/vendor/passives/held/uniroyal-series-11cd644d.pdf p.2 (page 2 decodes it: value, package, tolerance, power)
        alternative: C14675 YAGEO RC0603FR-07100KL, stock 8718571, expand
     S-0baee211d0 RES        R28,R32,R33 rows 3 [1k]: R_0603_1608Metric
        requirement: value 1kOhm; package 0603; tolerance_max_pct 5.0; power_min_w 0.1; resistor_kind general
        basis: tolerance_max_pct: rule R-T1: unstated, 5 percent (the widest standard thick-film grade); power_min_w: rule R-P0: the package's standard rating; not checked (no exact voltage across it)
        the design's code: C21190 from lcsc_fill.py MAP (^1k$ on R_0603)
        SELECTED: C21190 UNI-ROYAL(Uniroyal Elec) 0603WAF1001T5E 0603 (base), stock 21617244 against a need of 15; USD 0.0026 at 1, 0.0026 at 15; grade INSIDE (the catalogue line's operating temperature -55.0 to 155.0 C)
        checks: package MEETS (0603); resistance MEETS (1kOhm); tolerance MEETS (+-1%); power MEETS (100mW); working voltage MEETS (75V)
        identity: DECODED on v2/vendor/passives/held/uniroyal-series-11cd644d.pdf p.2 (page 2 decodes it: value, package, tolerance, power)
        alternative: C22548 YAGEO RC0603FR-071KL, stock 11394899, expand
     S-b3916fa625 RES        R29,R30 rows 2 [27R]: R_0603_1608Metric
        requirement: value 27Ohm; package 0603; tolerance_max_pct 5.0; power_min_w 0.1; resistor_kind general
        basis: tolerance_max_pct: rule R-T1: unstated, 5 percent (the widest standard thick-film grade); power_min_w: rule R-P0: the package's standard rating; not checked (no exact voltage across it)
        the design's code: C25190 from lcsc_fill.py MAP (^27R$ on R_0603)
        SELECTED: C25190 UNI-ROYAL(Uniroyal Elec) 0603WAF270JT5E 0603 (expand, preferred), stock 97831 against a need of 10; USD 0.0021 at 1, 0.0021 at 10; grade INSIDE (the catalogue line's operating temperature -55.0 to 155.0 C)
        checks: package MEETS (0603); resistance MEETS (27Ohm); tolerance MEETS (+-1%); power MEETS (100mW)
        identity: DECODED on v2/vendor/passives/held/uniroyal-series-11cd644d.pdf p.2 (page 2 decodes it: value, package, tolerance, power)
        alternative: C844545 Vishay Intertech CRCW060327R0FKEA, stock 29638, expand
     S-668d252f79 RES        R34,R35,R36,R37 rows 4 [4.7k]: R_0603_1608Metric
        requirement: value 4.7kOhm; package 0603; tolerance_max_pct 5.0; power_min_w 0.1; resistor_kind general
        basis: tolerance_max_pct: rule R-T1: unstated, 5 percent (the widest standard thick-film grade); power_min_w: rule R-P0: the package's standard rating; not checked (no exact voltage across it)
        the design's code: C23162 from lcsc_fill.py MAP (^4\.7k$ on R_0603)
        SELECTED: C23162 UNI-ROYAL(Uniroyal Elec) 0603WAF4701T5E 0603 (base), stock 22433052 against a need of 20; USD 0.0028 at 1, 0.0028 at 20; grade INSIDE (the catalogue line's operating temperature -55.0 to 155.0 C)
        checks: package MEETS (0603); resistance MEETS (4.7kOhm); tolerance MEETS (+-1%); power MEETS (100mW)
        identity: DECODED on v2/vendor/passives/held/uniroyal-series-11cd644d.pdf p.2 (page 2 decodes it: value, package, tolerance, power)
        alternative: C99782 YAGEO RC0603FR-074K7L, stock 9470900, expand
     S-33cc84bc82 RES        R38,R39 rows 2 [1M]: R_0603_1608Metric
        requirement: value 1MOhm; package 0603; tolerance_max_pct 5.0; power_min_w 0.1; resistor_kind general
        basis: tolerance_max_pct: rule R-T1: unstated, 5 percent (the widest standard thick-film grade); power_min_w: rule R-P0: the package's standard rating; checked: 1.09e-05 W (V^2/R at 3.30 V, a DECLARED net to ground) at twice is inside it | rule R-P0: the package's standard rating; not checked (no exact voltage across it)
        the design's code: C22935 from lcsc_fill.py MAP (^1M$ on R_0603)
        SELECTED: C22935 UNI-ROYAL(Uniroyal Elec) 0603WAF1004T5E 0603 (base), stock 6601585 against a need of 10; USD 0.0019 at 1, 0.0019 at 10; grade INSIDE (the catalogue line's operating temperature -55.0 to 155.0 C)
        checks: package MEETS (0603); resistance MEETS (1MOhm); tolerance MEETS (+-1%); power MEETS (100mW); working voltage MEETS (75V)
        identity: DECODED on v2/vendor/passives/held/uniroyal-series-11cd644d.pdf p.2 (page 2 decodes it: value, package, tolerance, power)
        alternative: C107698 YAGEO RC0603JR-071ML, stock 1084150, expand
     S-5d1945d084 RES        R43 rows 1 [22k 1% (ADC2: 0.18 x pack)]: R_0603_1608Metric
        requirement: value 22kOhm; package 0603; tolerance_max_pct 1.0; power_min_w 0.1; resistor_kind general
        basis: tolerance_max_pct: stated; power_min_w: rule R-P0: the package's standard rating; not checked (no exact voltage across it)
        the design's code: C31850 from the certified table JLC-CERTIFIED.tsv
        SELECTED: C31850 UNI-ROYAL(Uniroyal Elec) 0603WAF2202T5E 0603 (base), stock 3701252 against a need of 5; USD 0.0041 at 1, 0.0041 at 5; grade INSIDE (the catalogue line's operating temperature -55.0 to 155.0 C)
        checks: package MEETS (0603); resistance MEETS (22kOhm); tolerance MEETS (+-1%); power MEETS (100mW); working voltage MEETS (75V)
        identity: DECODED on v2/vendor/passives/held/uniroyal-series-11cd644d.pdf p.2 (page 2 decodes it: value, package, tolerance, power)
        alternative: C114065 YAGEO RC0603FR-0722KL, stock 1242916, expand
     S-d7aa8a0726 RES        R44,R45 rows 2 [100R]: R_0603_1608Metric
        requirement: value 100Ohm; package 0603; tolerance_max_pct 5.0; power_min_w 0.1; resistor_kind general
        basis: tolerance_max_pct: rule R-T1: unstated, 5 percent (the widest standard thick-film grade); power_min_w: rule R-P0: the package's standard rating; not checked (no exact voltage across it)
        the design's code: C22775 from lcsc_fill.py MAP (^100R$ on R_0603)
        SELECTED: C22775 UNI-ROYAL(Uniroyal Elec) 0603WAF1000T5E 0603 (base), stock 11546520 against a need of 10; USD 0.0031 at 1, 0.0031 at 10; grade INSIDE (the catalogue line's operating temperature -55.0 to 155.0 C)
        checks: package MEETS (0603); resistance MEETS (100Ohm); tolerance MEETS (+-1%); power MEETS (100mW); working voltage MEETS (75V)
        identity: DECODED on v2/vendor/passives/held/uniroyal-series-11cd644d.pdf p.2 (page 2 decodes it: value, package, tolerance, power)
        alternative: C105588 YAGEO RC0603FR-07100RL, stock 3435420, expand
     S-94b1cac23f RES        R48 rows 1 [22R (pulse input series)]: R_0603_1608Metric
        requirement: value 22Ohm; package 0603; tolerance_max_pct 5.0; power_min_w 0.1; resistor_kind general
        basis: tolerance_max_pct: rule R-T1: unstated, 5 percent (the widest standard thick-film grade); power_min_w: rule R-P0: the package's standard rating; not checked (no exact voltage across it)
        the design's code: C23345 from the certified table JLC-CERTIFIED.tsv
        SELECTED: C23345 UNI-ROYAL(Uniroyal Elec) 0603WAF220JT5E 0603 (base), stock 9021121 against a need of 5; USD 0.0017 at 1, 0.0017 at 5; grade INSIDE (the catalogue line's operating temperature -55.0 to 155.0 C)
        checks: package MEETS (0603); resistance MEETS (22Ohm); tolerance MEETS (+-1%); power MEETS (100mW)
        identity: DECODED on v2/vendor/passives/held/uniroyal-series-11cd644d.pdf p.2 (page 2 decodes it: value, package, tolerance, power)
        alternative: C107701 YAGEO RC0603FR-0722RL, stock 366457, expand
     S-95a70c3449 RES        R51 rows 1 [0R (CSB high: I2C mode; its own net keeps the pin joiner off]: R_0603_1608Metric
        requirement: value 0Ohm; package 0603; resistor_kind zero-ohm link
        basis: tolerance_max_pct: a link has none
        the design's code: C21189 from the certified table JLC-CERTIFIED.tsv
        SELECTED: C21189 UNI-ROYAL(Uniroyal Elec) 0603WAF0000T5E 0603 (base), stock 23712603 against a need of 5; USD 0.0023 at 1, 0.0023 at 5; grade INSIDE (the catalogue line's operating temperature -55.0 to 155.0 C)
        checks: package MEETS (0603); resistance MEETS (0Ohm); jumper rated current MEETS (1 A (UNI-ROYAL thick-film sheet p.5, section 7: a 0603 jumper's rated current, below 50 mOhm)); working voltage MEETS (75V)
        identity: DOCUMENT_OWED: rule D-2 refuses the decode: the selection has deciding properties the scheme cannot decode: link_current_min_a
        alternative: C15402 UNI-ROYAL(Uniroyal Elec) 0603WAJ0000T5E, stock 2058346, expand
     S-94254a6c8f LED        LED1 rows 1 [green: vehicle input present]: LED_0603_1608Metric
        requirement: value green: vehicle input present
        the design's code: C2986059 from lcsc_fill.py MAP (^green on LED_0603)
        SELECTED: C2986059 Everlight Elec 19-217/GHC-YR1S2/6T 0603 (expand), stock 309329 against a need of 5; USD 0.0178 at 1, 0.0178 at 5; grade INSIDE (the catalogue line's operating temperature -40.0 to 85.0 C)
        checks: package MEETS (0603); kind MEETS (-40C~+85C 120  25mA 3.3V 518nm 520nm~535nm 95mW Discrete Dio); colour MEETS (- Emerald Green Water Clear)
        identity: DOCUMENT_OWED: not a capacitor or resistor family
     S-032de81cdf LED        LED2 rows 1 [status (GPIO25)]: LED_0603_1608Metric
        requirement: value status (GPIO25)
        the design's code: C2986059 from lcsc_fill.py MAP (^status\b on LED_0603)
        SELECTED: C2986059 Everlight Elec 19-217/GHC-YR1S2/6T 0603 (expand), stock 309329 against a need of 5; USD 0.0178 at 1, 0.0178 at 5; grade INSIDE (the catalogue line's operating temperature -40.0 to 85.0 C)
        checks: package MEETS (0603); kind MEETS (-40C~+85C 120  25mA 3.3V 518nm 520nm~535nm 95mW Discrete Dio); colour MEETS (- Emerald Green Water Clear)
        identity: DOCUMENT_OWED: not a capacitor or resistor family
     S-002906978d SEMI       D5 rows 1 [BAT54 boost diode INTVCC -> BOOST1]: D_SOD-123
        requirement: value BAT54 boost diode INTVCC -> BOOST1
        the design's code: C7502705 from lcsc_fill.py MAP (^BAT54\b on D_SOD-123)
        SELECTED: C7502705 hongjiacheng BAT54W SOD-123 (expand, preferred), stock 151641 against a need of 5; USD 0.0109 at 1, 0.0109 at 5; grade INSIDE (the catalogue line's operating temperature -55.0 to 150.0 C)
        checks: type MEETS (BAT54W); package (the land D_SOD-123) MEETS (SOD-123)
        identity: DOCUMENT_OWED: not a capacitor or resistor family
        alternative: C152458 onsemi BAT54T1G, stock 65289, expand
     S-71025bed7d SEMI       D6 rows 1 [BAT54 boost diode INTVCC -> BOOST2]: D_SOD-123
        requirement: value BAT54 boost diode INTVCC -> BOOST2
        the design's code: C7502705 from lcsc_fill.py MAP (^BAT54\b on D_SOD-123)
        SELECTED: C7502705 hongjiacheng BAT54W SOD-123 (expand, preferred), stock 151641 against a need of 5; USD 0.0109 at 1, 0.0109 at 5; grade INSIDE (the catalogue line's operating temperature -55.0 to 150.0 C)
        checks: type MEETS (BAT54W); package (the land D_SOD-123) MEETS (SOD-123)
        identity: DOCUMENT_OWED: not a capacitor or resistor family
        alternative: C152458 onsemi BAT54T1G, stock 65289, expand
     S-cc6e5af73a SPECIAL    F1 rows 1 [10 A mini blade (Keystone 3568 holder): vehicle input]: Fuseholder_Blade_Mini_Keystone_356
        names Keystone 3568; no LCSC code in the netlist
     S-00e7e85f09 SPECIAL    F2 rows 1 [10 A mini blade (Keystone 3568 holder): panel input]: Fuseholder_Blade_Mini_Keystone_356
        names Keystone 3568; no LCSC code in the netlist
     S-95ecd68093 SPECIAL    F3 rows 1 [25 A mini blade (Keystone 3568 holder): pack to the block]: Fuseholder_Blade_Mini_Keystone_356
        names Keystone 3568; no LCSC code in the netlist
     S-8c58e1449e SPECIAL    J_DCF rows 1 [DCF77 receiver module: 3.3 V, GND, pulse]: PinHeader_1x03_P2.54mm_Vertical
        names the part number DCF77; no LCSC code in the netlist
     S-3db5b7bfe4 SPECIAL    J_FAN1 rows 1 [mixer fan 1 under the plate (12 V class fan on the pack node]: PinHeader_1x03_P2.54mm_Vertical
        names no part by number (what it connects to, a class or a function); no identity
     S-352e2905f4 SPECIAL    J_FAN2 rows 1 [mixer fan 2 under the plate (12 V class fan on the pack node]: PinHeader_1x03_P2.54mm_Vertical
        names no part by number (what it connects to, a class or a function); no identity
     S-96a8b91543 SPECIAL    J_GEIGER rows 1 [Geiger counter module (RadiationD-v1.1 class): 5 V switched ]: PinHeader_1x03_P2.54mm_Vertical
        names the part number RadiationD-v1.1 (a CLASS: the value says so); no LCSC code in the netlist
     S-5783ea9c87 SPECIAL    J_LTG rows 1 [AS3935 lightning sensor module (CJMCU-3935 class): 3.3 V, GN]: PinHeader_1x05_P2.54mm_Vertical
        names the part number AS3935 (a CLASS: the value says so); no LCSC code in the netlist
     S-7771c981d8 SPECIAL    J_POD rows 1 [outside sensor pod on the connector plate (M8 sealed lead): ]: PinHeader_1x04_P2.54mm_Vertical
        names no part by number (what it connects to, a class or a function); no identity
     S-1eeab1750b SPECIAL    L2 rows 1 [Bourns SRF1260-1R5Y dual-winding choke, common-mode connecti]: L_CommonModeChoke_Bourns_SRF1260
        names Bourns SRF1260-1R5Y (a Layer 4 or earlier selection; Coilcraft parts are hand-fit, not in JLCPCB's catalogue)
     S-592fe7158c SPECIAL    L3 rows 1 [4.7uH XAL4030-472ME]: L_Coilcraft_XAL4020-XXX
        names Coilcraft XAL4030-472ME (a Layer 4 or earlier selection; Coilcraft parts are hand-fit, not in JLCPCB's catalogue); LAND: the part is an XAL4030 and its footprint is drawn for the XAL4020; Coilcraft draws one land for the series and the two KiCad footprints' copper is identical, the body height differs: this record's round 3 land draft moves the row to the XAL4030 footprint (section 6)
     S-042a9cafd7 SPECIAL    Q8 rows 1 [2N7002: SHORE_INHIBIT high pulls UVLO low = input off (1 G, ]: SOT-23
        names the part number 2N7002; no LCSC code in the netlist
     S-14ca1f1480 SPECIAL    Q9 rows 1 [2N7002 fan 1 low-side switch (1 G, 2 S, 3 D)]: SOT-23
        names the part number 2N7002; no LCSC code in the netlist
     S-37bb2de37b SPECIAL    Q10 rows 1 [2N7002 fan 2 low-side switch (1 G, 2 S, 3 D)]: SOT-23
        names the part number 2N7002; no LCSC code in the netlist
     S-b868710393 SPECIAL    Q11 rows 1 [2N7002 HOT-R1 open drain: GPIO19 high pulls the dock line BL]: SOT-23
        names the part number 2N7002; no LCSC code in the netlist
     S-594555773d SPECIAL    U16 rows 1 [TPS22810DRV]: WSON-6-1EP_2x2mm_P0.65mm_EP1x1.6mm
        names the part number TPS22810DRV; no LCSC code in the netlist
     S-772e38ca2c NOT_A_PART JP1 rows 1 [BOOTSEL: short while powering to enter the USB bootloader]: SolderJumper-2_P1.3mm_Open_Rounded
        a land on the board itself (rule N-1): SolderJumper-2_P1.3mm_Open_RoundedPad1.0x1.5mm
     S-85dccaf478 NOT_A_PART J_BLK rows 1 [solder lands for the 12 signal wires to the block board unde]: PogoTargets_2x6
        a land on the board itself (rule N-1): PogoTargets_2x6
     S-bd64cb48f6 NOT_A_PART PAD_W1 rows 1 [water electrode A (bare copper, +3.3 V through 1 M)]: SolderPad_8x6
        a land on the board itself (rule N-1): SolderPad_8x6
     S-7f40cdb1e1 NOT_A_PART PAD_W2 rows 1 [water electrode B (bare copper, to ADC0)]: SolderPad_8x6
        a land on the board itself (rule N-1): SolderPad_8x6
     S-9e63b6a0da NOT_A_PART P_CN rows 1 [solder pad, 12 AWG wire to the block board return targets]: SolderPad_8x6
        a land on the board itself (rule N-1): SolderPad_8x6
     S-a7d1edea30 NOT_A_PART P_CP rows 1 [solder pad, 12 AWG wire to the block board CELL+ targets]: SolderPad_8x6
        a land on the board itself (rule N-1): SolderPad_8x6
     S-29b22b9206 NOT_A_PART P_VN rows 1 [solder pad, 12 AWG wire to the block board VIN_RAW return ta]: SolderPad_8x6
        a land on the board itself (rule N-1): SolderPad_8x6
     S-de303c996e NOT_A_PART P_VR rows 1 [solder pad, 12 AWG wire to the block board VIN_RAW targets (]: SolderPad_8x6
        a land on the board itself (rule N-1): SolderPad_8x6

   BOARD P: 21 selections over 50 rows; SELECTED 15 (44 rows); SPECIAL 6 (6 rows)
     S-71959ade26 CAP        C1 rows 1 [2.2u]: C_0805_2012Metric
        requirement: value 2.2uF; package 0805; dielectric X7R; v_rating_min 25.0; tolerance_max_pct 10.0
        basis: dielectric: rule C-D3: class 2 (above 1 nF, or a 1206 or larger land), unstated; X7R, X8R or C0G accepted; X5R only where stated or by rule C-D3b; v_rating_min: derived: 16.80 V across it (DECLARED) at the 20 percent margin; tolerance_max_pct: rule C-T2: class 2 below 10 uF, unstated
        the design's code: C19110 from the certified table JLC-CERTIFIED.tsv
        SELECTED: C19110 Samsung Electro-Mechanics CL21B225KAFNNNE 0805 (expand), stock 54771 against a need of 5; USD 0.0335 at 1, 0.0335 at 5; grade INSIDE (the dielectric class code X7R (its range is the code) -55 to 125 C)
        checks: package MEETS (0805); capacitance MEETS (2.2uF); rated voltage MEETS (25V); dielectric MEETS (X7R); tolerance MEETS (+-10%); construction MEETS (multilayer ceramic)
        identity: DOCUMENT_OWED: no maker's ordering table in the tree decodes CL21B225KAFNNNE (Samsung Electro-Mechanics)
        alternative: C277470 YAGEO CC0805KKX7R8BB225, stock 556306, expand
     S-fcd6c2d411 CAP        C11 rows 1 [100n 50V]: C_0603_1608Metric
        requirement: value 100nF; package 0603; dielectric X7R; v_rating_min 50.0; tolerance_max_pct 10.0
        basis: dielectric: rule C-D3: class 2 (above 1 nF, or a 1206 or larger land), unstated; X7R, X8R or C0G accepted; X5R only where stated or by rule C-D3b; v_rating_min: stated; tolerance_max_pct: rule C-T2: class 2 below 10 uF, unstated
        the design's code: C113803 from lcsc_fill.py MAP (^100n on C_0603)
        SELECTED: C113803 YAGEO CC0603KRX7R0BB104 0603 (expand), stock 1777253 against a need of 5; USD 0.0114 at 1, 0.0114 at 5; grade INSIDE (the dielectric class code X7R (its range is the code) -55 to 125 C)
        checks: package MEETS (0603); capacitance MEETS (100nF); rated voltage MEETS (100V); dielectric MEETS (X7R); tolerance MEETS (+-10%); construction MEETS (multilayer ceramic)
        identity: DECODED on v2/vendor/passives/yageo-cc-series.pdf p.2 (page 2 decodes it: value, package, tolerance, voltage, dielectric, construction)
        alternative: C76711 TDK CGA3E2X7R1H104KT0Y0N, stock 515455, expand
     S-863d2fac9b CAP        C12 rows 1 [100n 50V]: C_1206_3216Metric
        requirement: value 100nF; package 1206; dielectric X7R; v_rating_min 50.0; tolerance_max_pct 10.0
        basis: dielectric: rule C-D3: class 2 (above 1 nF, or a 1206 or larger land), unstated; X7R, X8R or C0G accepted; X5R only where stated or by rule C-D3b; v_rating_min: stated; tolerance_max_pct: rule C-T2: class 2 below 10 uF, unstated
        the design's code: C24497 from the certified table JLC-CERTIFIED.tsv
        SELECTED: C24497 Samsung Electro-Mechanics CL31B104KBCNNNC 1206 (base), stock 970853 against a need of 5; USD 0.0202 at 1, 0.0202 at 5; grade INSIDE (the dielectric class code X7R (its range is the code) -55 to 125 C)
        checks: package MEETS (1206); capacitance MEETS (100nF); rated voltage MEETS (50V); dielectric MEETS (X7R); tolerance MEETS (+-10%); construction MEETS (multilayer ceramic)
        identity: DOCUMENT_OWED: no maker's ordering table in the tree decodes CL31B104KBCNNNC (Samsung Electro-Mechanics)
        alternative: C82601 YAGEO CC1206KRX7R9BB104, stock 1705987, expand
     S-4a4af5601b CAP        C13,C14,C18,C5,C6,C7+1 rows 7 [100n]: C_0603_1608Metric
        requirement: value 100nF; package 0603; dielectric X7R; v_rating_min 25.0; tolerance_max_pct 10.0
        basis: dielectric: rule C-D3: class 2 (above 1 nF, or a 1206 or larger land), unstated; X7R, X8R or C0G accepted; X5R only where stated or by rule C-D3b; v_rating_min: derived: 14.40 V across it (BOUND) at the 20 percent margin | derived: 16.80 V across it (BOUND) at the 20 percent margin | derived: 16.80 V across it (DECLARED) at the 20 percent margin; tolerance_max_pct: rule C-T2: class 2 below 10 uF, 
        the design's code: C113803 from lcsc_fill.py MAP (^100n on C_0603)
        SELECTED: C113803 YAGEO CC0603KRX7R0BB104 0603 (expand), stock 1777253 against a need of 35; USD 0.0114 at 1, 0.0114 at 35; grade INSIDE (the dielectric class code X7R (its range is the code) -55 to 125 C)
        checks: package MEETS (0603); capacitance MEETS (100nF); rated voltage MEETS (100V); dielectric MEETS (X7R); tolerance MEETS (+-10%); construction MEETS (multilayer ceramic)
        identity: DECODED on v2/vendor/passives/yageo-cc-series.pdf p.2 (page 2 decodes it: value, package, tolerance, voltage, dielectric, construction)
        alternative: C76711 TDK CGA3E2X7R1H104KT0Y0N, stock 515455, expand
     S-45ad5deffe CAP        C15,C2,C9 rows 3 [100n]: C_0603_1608Metric
        requirement: value 100nF; package 0603; dielectric X7R; v_rating_min 6.3; tolerance_max_pct 10.0
        basis: dielectric: rule C-D3: class 2 (above 1 nF, or a 1206 or larger land), unstated; X7R, X8R or C0G accepted; X5R only where stated or by rule C-D3b; v_rating_min: derived: 0.40 V across it (DECLARED) at the 20 percent margin | derived: 4.38 V across it (BOUND) at the 20 percent margin; tolerance_max_pct: rule C-T2: class 2 below 10 uF, unstated
        the design's code: C113803 from lcsc_fill.py MAP (^100n on C_0603)
        SELECTED: C113803 YAGEO CC0603KRX7R0BB104 0603 (expand), stock 1777253 against a need of 15; USD 0.0114 at 1, 0.0114 at 15; grade INSIDE (the dielectric class code X7R (its range is the code) -55 to 125 C)
        checks: package MEETS (0603); capacitance MEETS (100nF); rated voltage MEETS (100V); dielectric MEETS (X7R); tolerance MEETS (+-10%); construction MEETS (multilayer ceramic)
        identity: DECODED on v2/vendor/passives/yageo-cc-series.pdf p.2 (page 2 decodes it: value, package, tolerance, voltage, dielectric, construction)
        alternative: C76711 TDK CGA3E2X7R1H104KT0Y0N, stock 515455, expand
     S-96c375be5f CAP        C16,C17,C3,C4 rows 4 [100n]: C_0603_1608Metric
        requirement: value 100nF; package 0603; dielectric X7R; v_rating_min 16.0; tolerance_max_pct 10.0
        basis: dielectric: rule C-D3: class 2 (above 1 nF, or a 1206 or larger land), unstated; X7R, X8R or C0G accepted; X5R only where stated or by rule C-D3b; v_rating_min: derived: 13.12 V across it (BOUND) at the 20 percent margin | derived: 8.75 V across it (BOUND) at the 20 percent margin; tolerance_max_pct: rule C-T2: class 2 below 10 uF, unstated
        the design's code: C113803 from lcsc_fill.py MAP (^100n on C_0603)
        SELECTED: C113803 YAGEO CC0603KRX7R0BB104 0603 (expand), stock 1777253 against a need of 20; USD 0.0114 at 1, 0.0114 at 20; grade INSIDE (the dielectric class code X7R (its range is the code) -55 to 125 C)
        checks: package MEETS (0603); capacitance MEETS (100nF); rated voltage MEETS (100V); dielectric MEETS (X7R); tolerance MEETS (+-10%); construction MEETS (multilayer ceramic)
        identity: DECODED on v2/vendor/passives/yageo-cc-series.pdf p.2 (page 2 decodes it: value, package, tolerance, voltage, dielectric, construction)
        alternative: C76711 TDK CGA3E2X7R1H104KT0Y0N, stock 515455, expand
     S-66af112614 CAP        C19 rows 1 [100n]: C_0603_1608Metric
        requirement: value 100nF; package 0603; dielectric X7R; v_rating_min 10.0; tolerance_max_pct 10.0
        basis: dielectric: rule C-D3: class 2 (above 1 nF, or a 1206 or larger land), unstated; X7R, X8R or C0G accepted; X5R only where stated or by rule C-D3b; v_rating_min: derived: 7.70 V across it (DECLARED) at the 20 percent margin; tolerance_max_pct: rule C-T2: class 2 below 10 uF, unstated
        the design's code: C113803 from lcsc_fill.py MAP (^100n on C_0603)
        SELECTED: C113803 YAGEO CC0603KRX7R0BB104 0603 (expand), stock 1777253 against a need of 5; USD 0.0114 at 1, 0.0114 at 5; grade INSIDE (the dielectric class code X7R (its range is the code) -55 to 125 C)
        checks: package MEETS (0603); capacitance MEETS (100nF); rated voltage MEETS (100V); dielectric MEETS (X7R); tolerance MEETS (+-10%); construction MEETS (multilayer ceramic)
        identity: DECODED on v2/vendor/passives/yageo-cc-series.pdf p.2 (page 2 decodes it: value, package, tolerance, voltage, dielectric, construction)
        alternative: C76711 TDK CGA3E2X7R1H104KT0Y0N, stock 515455, expand
     S-d7aa8a0726 RES        R1,R2,R20,R21,R3,R4+3 rows 9 [100R]: R_0603_1608Metric
        requirement: value 100Ohm; package 0603; tolerance_max_pct 5.0; power_min_w 0.1; resistor_kind general
        basis: tolerance_max_pct: rule R-T1: unstated, 5 percent (the widest standard thick-film grade); power_min_w: rule R-P0: the package's standard rating; checked: 0.0004 W (V^2/R at 0.20 V, a DECLARED net to ground) at twice is inside it | rule R-P0: the package's standard rating; not checked (no exact voltage across it)
        the design's code: C22775 from lcsc_fill.py MAP (^100R$ on R_0603)
        SELECTED: C22775 UNI-ROYAL(Uniroyal Elec) 0603WAF1000T5E 0603 (base), stock 11546520 against a need of 45; USD 0.0031 at 1, 0.0031 at 45; grade INSIDE (the catalogue line's operating temperature -55.0 to 155.0 C)
        checks: package MEETS (0603); resistance MEETS (100Ohm); tolerance MEETS (+-1%); power MEETS (100mW); working voltage MEETS (75V)
        identity: DECODED on v2/vendor/passives/held/uniroyal-series-11cd644d.pdf p.2 (page 2 decodes it: value, package, tolerance, power)
        alternative: C105588 YAGEO RC0603FR-07100RL, stock 3435420, expand
     S-e6b3bd533e RES        R10 rows 1 [2m 2512 2W (sense)]: R_2512_6332Metric
        requirement: value 2mOhm; package 2512; tolerance_max_pct 5.0; power_min_w 2.0; tcr_max_ppm 200; resistor_kind current sense
        basis: tolerance_max_pct: rule R-T1: unstated, 5 percent (the widest standard thick-film grade); power_min_w: derived: 0.648 W (I^2 R at the declared 18.00 A), rule R-P twice; stated 2 W
        the design's code: C154685 from the certified table JLC-CERTIFIED.tsv
        SELECTED: C154685 RALEC LR2512-23R002F4 2512 (expand), stock 28301 against a need of 5; USD 0.1883 at 1, 0.1883 at 5; grade NOT READ (no range read  to  C)
        checks: package MEETS (2512); resistance MEETS (2mOhm); tolerance MEETS (+-1%); power MEETS (3W); temperature coefficient MEETS (+-50ppm/C)
        identity: DOCUMENT_OWED: no maker's ordering table in the tree decodes LR2512-23R002F4 (RALEC)
        alternative: C728306 YAGEO PA2512FKE7W0R002E, stock 20406, expand
     S-50018f6fcc RES        R14,R15 rows 2 [10k]: R_0603_1608Metric
        requirement: value 10kOhm; package 0603; tolerance_max_pct 5.0; power_min_w 0.1; resistor_kind general
        basis: tolerance_max_pct: rule R-T1: unstated, 5 percent (the widest standard thick-film grade); power_min_w: rule R-P0: the package's standard rating; not checked (no exact voltage across it)
        the design's code: C25804 from lcsc_fill.py MAP (^10k$ on R_0603)
        SELECTED: C25804 UNI-ROYAL(Uniroyal Elec) 0603WAF1002T5E 0603 (base), stock 23012552 against a need of 10; USD 0.0018 at 1, 0.0018 at 10; grade INSIDE (the catalogue line's operating temperature -55.0 to 155.0 C)
        checks: package MEETS (0603); resistance MEETS (10kOhm); tolerance MEETS (+-1%); power MEETS (100mW)
        identity: DECODED on v2/vendor/passives/held/uniroyal-series-11cd644d.pdf p.2 (page 2 decodes it: value, package, tolerance, power)
        alternative: C98220 YAGEO RC0603FR-0710KL, stock 12103100, expand
     S-9f4d337c01 RES        R16,R18,R30 rows 3 [5.1k]: R_0603_1608Metric
        requirement: value 5.1kOhm; package 0603; tolerance_max_pct 5.0; power_min_w 0.1; resistor_kind general
        basis: tolerance_max_pct: rule R-T1: unstated, 5 percent (the widest standard thick-film grade); power_min_w: rule R-P0: the package's standard rating; not checked (no exact voltage across it)
        the design's code: C23186 from lcsc_fill.py MAP (^5\.1k$ on R_0603)
        SELECTED: C23186 UNI-ROYAL(Uniroyal Elec) 0603WAF5101T5E 0603 (base), stock 25263445 against a need of 15; USD 0.0015 at 1, 0.0015 at 15; grade INSIDE (the catalogue line's operating temperature -55.0 to 155.0 C)
        checks: package MEETS (0603); resistance MEETS (5.1kOhm); tolerance MEETS (+-1%); power MEETS (100mW); working voltage MEETS (75V)
        identity: DECODED on v2/vendor/passives/held/uniroyal-series-11cd644d.pdf p.2 (page 2 decodes it: value, package, tolerance, power)
        alternative: C105580 YAGEO RC0603FR-075K1L, stock 6292703, expand
     S-12ede1356a RES        R17,R19 rows 2 [10M]: R_0603_1608Metric
        requirement: value 10MOhm; package 0603; tolerance_max_pct 5.0; power_min_w 0.1; resistor_kind general
        basis: tolerance_max_pct: rule R-T1: unstated, 5 percent (the widest standard thick-film grade); power_min_w: rule R-P0: the package's standard rating; not checked (no exact voltage across it)
        the design's code: C7250 from the certified table JLC-CERTIFIED.tsv
        SELECTED: C7250 UNI-ROYAL(Uniroyal Elec) 0603WAF1005T5E 0603 (base), stock 295520 against a need of 10; USD 0.0037 at 1, 0.0037 at 10; grade INSIDE (the catalogue line's operating temperature -55.0 to 155.0 C)
        checks: package MEETS (0603); resistance MEETS (10MOhm); tolerance MEETS (+-1%); power MEETS (100mW); working voltage MEETS (75V)
        identity: DECODED on v2/vendor/passives/held/uniroyal-series-11cd644d.pdf p.2 (page 2 decodes it: value, package, tolerance, power)
        alternative: C114606 YAGEO RC0603FR-0710ML, stock 878219, expand
     S-0baee211d0 RES        R22,R24,R25,R26,R27,R6+1 rows 7 [1k]: R_0603_1608Metric
        requirement: value 1kOhm; package 0603; tolerance_max_pct 5.0; power_min_w 0.1; resistor_kind general
        basis: tolerance_max_pct: rule R-T1: unstated, 5 percent (the widest standard thick-film grade); power_min_w: rule R-P0: the package's standard rating; not checked (no exact voltage across it)
        the design's code: C21190 from lcsc_fill.py MAP (^1k$ on R_0603)
        SELECTED: C21190 UNI-ROYAL(Uniroyal Elec) 0603WAF1001T5E 0603 (base), stock 21617244 against a need of 35; USD 0.0026 at 1, 0.0026 at 35; grade INSIDE (the catalogue line's operating temperature -55.0 to 155.0 C)
        checks: package MEETS (0603); resistance MEETS (1kOhm); tolerance MEETS (+-1%); power MEETS (100mW)
        identity: DECODED on v2/vendor/passives/held/uniroyal-series-11cd644d.pdf p.2 (page 2 decodes it: value, package, tolerance, power)
        alternative: C22548 YAGEO RC0603FR-071KL, stock 11394899, expand
     S-a44109c662 RES        R28 rows 1 [100k]: R_0603_1608Metric
        requirement: value 100kOhm; package 0603; tolerance_max_pct 5.0; power_min_w 0.1; resistor_kind general
        basis: tolerance_max_pct: rule R-T1: unstated, 5 percent (the widest standard thick-film grade); power_min_w: rule R-P0: the package's standard rating; not checked (no exact voltage across it)
        the design's code: C25803 from lcsc_fill.py MAP (^100k$ on R_0603)
        SELECTED: C25803 UNI-ROYAL(Uniroyal Elec) 0603WAF1003T5E 0603 (base), stock 22116659 against a need of 5; USD 0.0031 at 1, 0.0031 at 5; grade INSIDE (the catalogue line's operating temperature -55.0 to 155.0 C)
        checks: package MEETS (0603); resistance MEETS (100kOhm); tolerance MEETS (+-1%); power MEETS (100mW); working voltage MEETS (75V)
        identity: DECODED on v2/vendor/passives/held/uniroyal-series-11cd644d.pdf p.2 (page 2 decodes it: value, package, tolerance, power)
        alternative: C14675 YAGEO RC0603FR-07100KL, stock 8718571, expand
     S-33cc84bc82 RES        R32 rows 1 [1M]: R_0603_1608Metric
        requirement: value 1MOhm; package 0603; tolerance_max_pct 5.0; power_min_w 0.1; resistor_kind general
        basis: tolerance_max_pct: rule R-T1: unstated, 5 percent (the widest standard thick-film grade); power_min_w: rule R-P0: the package's standard rating; checked: 5.78e-05 W (V^2/R at 7.60 V, a DECLARED net to ground) at twice is inside it
        the design's code: C22935 from lcsc_fill.py MAP (^1M$ on R_0603)
        SELECTED: C22935 UNI-ROYAL(Uniroyal Elec) 0603WAF1004T5E 0603 (base), stock 6601585 against a need of 5; USD 0.0019 at 1, 0.0019 at 5; grade INSIDE (the catalogue line's operating temperature -55.0 to 155.0 C)
        checks: package MEETS (0603); resistance MEETS (1MOhm); tolerance MEETS (+-1%); power MEETS (100mW); working voltage MEETS (75V)
        identity: DECODED on v2/vendor/passives/held/uniroyal-series-11cd644d.pdf p.2 (page 2 decodes it: value, package, tolerance, power)
        alternative: C107698 YAGEO RC0603JR-071ML, stock 1084150, expand
     S-78ba09aaf5 SPECIAL    F1 rows 1 [25 A mini blade (Keystone 3568 holder): the pack's fuse]: Fuseholder_Blade_Mini_Keystone_356
        names Keystone 3568; no LCSC code in the netlist
     S-097e3e4683 SPECIAL    J_CELL rows 1 [cell tap sense wires from the 4S block (JST-XH 1x5): B- C1 C]: JST_XH_B5B-XH-A_1x05_P2.50mm_Verti
        its land names JST B5B-XH-A; no LCSC code in the netlist
     S-6775a13c8a SPECIAL    W_BN rows 1 [cell block B- (12 AWG from the block's negative strip)]: SolderWire-2.5sqmm_1x01_D2.4mm_OD3
        names no part by number (what it connects to, a class or a function); no identity
     S-5f2175b1c4 SPECIAL    W_BP rows 1 [cell block B+ (12 AWG from the block's positive strip)]: SolderWire-2.5sqmm_1x01_D2.4mm_OD3
        names no part by number (what it connects to, a class or a function); no identity
     S-f8b4a85eff SPECIAL    W_N rows 1 [pack lead - (12 AWG to the XT60 on E6 J_BATT pin 1)]: SolderWire-2.5sqmm_1x01_D2.4mm_OD3
        names no part by number (what it connects to, a class or a function); no identity
     S-1ca1b2625b SPECIAL    W_P rows 1 [pack lead + (12 AWG to the XT60 on E6 J_BATT pin 2)]: SolderWire-2.5sqmm_1x01_D2.4mm_OD3
        names no part by number (what it connects to, a class or a function); no identity

   BOARD D: 36 selections over 137 rows; NOT_A_PART 2 (2 rows); OPEN 2 (2 rows); SELECTED 24 (125 rows); SPECIAL 8 (8 rows)
     S-da052ec13f CAP        C1,C2,C5 rows 3 [47u 6.3V X5R 1210]: C_1210_3225Metric
        requirement: value 47uF; package 1210; dielectric X5R; v_rating_min 6.3; tolerance_max_pct 20.0
        basis: dielectric: stated; v_rating_min: stated; tolerance_max_pct: rule C-T2: class 2 at 10 uF and above, unstated
        the design's code: C440151 from the certified table JLC-CERTIFIED.tsv
        SELECTED: C440151 Murata Electronics GCM32ER70J476KE19L 1210 (expand), stock 4972 against a need of 15; USD 0.6471 at 1, 0.5316 at 15; grade INSIDE (the dielectric class code X7R (its range is the code) -55 to 125 C)
        checks: package MEETS (1210); capacitance MEETS (47uF); rated voltage MEETS (6.3V); dielectric MEETS (X7R); tolerance MEETS (+-10%); construction MEETS (multilayer ceramic)
        identity: DOCUMENT_OWED: no maker's ordering table in the tree decodes GCM32ER70J476KE19L (Murata Electronics)
        alternative: C76680 TDK C3225X5R1A476MT000E, stock 11376, expand
     S-5ae2e5c268 CAP        C10 rows 1 [4.7u]: C_0805_2012Metric
        requirement: value 4.7uF; package 0805; dielectric X7R; v_rating_min 6.3; tolerance_max_pct 10.0
        basis: dielectric: rule C-D3: class 2 (above 1 nF, or a 1206 or larger land), unstated; X7R, X8R or C0G accepted; X5R only where stated or by rule C-D3b; v_rating_min: derived: 3.60 V across it (DECLARED) at the 20 percent margin; tolerance_max_pct: rule C-T2: class 2 below 10 uF, unstated
        the design's code: C354262 from lcsc_fill.py MAP (^4\.7u$ on C_0805)
        SELECTED: C354262 YAGEO CC0805KKX7R8BB475 0805 (expand), stock 580282 against a need of 5; USD 0.0721 at 1, 0.0721 at 5; grade INSIDE (the dielectric class code X7R (its range is the code) -55 to 125 C)
        checks: package MEETS (0805); capacitance MEETS (4.7uF); rated voltage MEETS (25V); dielectric MEETS (X7R); tolerance MEETS (+-10%); construction MEETS (multilayer ceramic)
        identity: DECODED on v2/vendor/passives/yageo-cc-series.pdf p.2 (page 2 decodes it: value, package, tolerance, voltage, dielectric, construction)
        alternative: C76642 TDK C2012X7R1E475KT000N, stock 23914, expand
     S-45ad5deffe CAP        C11,C15,C16,C39,C4,C49+13 rows 19 [100n]: C_0603_1608Metric
        requirement: value 100nF; package 0603; dielectric X7R; v_rating_min 6.3; tolerance_max_pct 10.0
        basis: dielectric: rule C-D3: class 2 (above 1 nF, or a 1206 or larger land), unstated; X7R, X8R or C0G accepted; X5R only where stated or by rule C-D3b; v_rating_min: derived: 3.30 V across it (DECLARED) at the 20 percent margin | derived: 3.33 V across it (DECLARED) at the 20 percent margin | derived: 3.54 V across it (DECLARED) at the 20 percent margin | derived: 3.60 V across it (DECLARED) at the 20 
        the design's code: C113803 from lcsc_fill.py MAP (^100n on C_0603)
        SELECTED: C113803 YAGEO CC0603KRX7R0BB104 0603 (expand), stock 1777253 against a need of 95; USD 0.0114 at 1, 0.0114 at 95; grade INSIDE (the dielectric class code X7R (its range is the code) -55 to 125 C)
        checks: package MEETS (0603); capacitance MEETS (100nF); rated voltage MEETS (100V); dielectric MEETS (X7R); tolerance MEETS (+-10%); construction MEETS (multilayer ceramic)
        identity: DECODED on v2/vendor/passives/yageo-cc-series.pdf p.2 (page 2 decodes it: value, package, tolerance, voltage, dielectric, construction)
        alternative: C76711 TDK CGA3E2X7R1H104KT0Y0N, stock 515455, expand
     S-5eeee312c8 CAP        C12,C18,C19,C20,C21,C22+13 rows 19 [1u]: C_0603_1608Metric
        requirement: value 1uF; package 0603; dielectric X7R; v_rating_min 6.3; tolerance_max_pct 10.0
        basis: dielectric: rule C-D3: class 2 (above 1 nF, or a 1206 or larger land), unstated; X7R, X8R or C0G accepted; X5R only where stated or by rule C-D3b; v_rating_min: derived: 1.90 V across it (DECLARED) at the 20 percent margin | derived: 3.30 V across it (DECLARED) at the 20 percent margin | derived: 3.54 V across it (BOUND) at the 20 percent margin | derived: 3.60 V across it (DECLARED) at the 20 per
        the design's code: C559769 from lcsc_fill.py MAP (^1u$ on C_0603)
        SELECTED: C559769 YAGEO CC0603KRX7R9BB105 0603 (expand), stock 826024 against a need of 95; USD 0.0595 at 1, 0.0595 at 95; grade INSIDE (the dielectric class code X7R (its range is the code) -55 to 125 C)
        checks: package MEETS (0603); capacitance MEETS (1uF); rated voltage MEETS (50V); dielectric MEETS (X7R); tolerance MEETS (+-10%); construction MEETS (multilayer ceramic)
        identity: DECODED on v2/vendor/passives/yageo-cc-series.pdf p.2 (page 2 decodes it: value, package, tolerance, voltage, dielectric, construction)
        alternative: C76708 TDK CGA3E1X7R1E105KT0Y0E, stock 61865, expand
     S-0da867e4c4 CAP        C13,C14,C26,C27 rows 4 [27p NP0]: C_0402_1005Metric
        requirement: value 27pF; package 0402; dielectric C0G; v_rating_min 6.3; tolerance_max_pct 5.0
        basis: dielectric: stated; v_rating_min: derived: 3.54 V across it (BOUND) at the 20 percent margin | derived: 5.23 V across it (BOUND) at the 20 percent margin; tolerance_max_pct: rule C-T1: class 1, unstated
        the design's code: C107002 from the certified table JLC-CERTIFIED.tsv
        SELECTED: C107002 YAGEO CC0402JRNPO9BN270 0402 (expand), stock 1663132 against a need of 20; USD 0.0021 at 1, 0.0021 at 20; grade INSIDE (the dielectric class code C0G (its range is the code) -55 to 125 C)
        checks: package MEETS (0402); capacitance MEETS (27pF); rated voltage MEETS (50V); dielectric MEETS (NP0); tolerance MEETS (+-5%); construction MEETS (multilayer ceramic)
        identity: DOCUMENT_OWED: no maker's ordering table in the tree decodes CC0402JRNPO9BN270 (YAGEO)
        alternative: C295973 Walsin Tech Corp 0402N270J500CT, stock 89825, expand
     S-6d1de2f8e8 CAP        C17,C24,C25,C3,C33,C40+1 rows 7 [10u]: C_0805_2012Metric
        requirement: value 10uF; package 0805; dielectric X7R; v_rating_min 6.3; tolerance_max_pct 20.0
        basis: dielectric: rule C-D3: class 2 (above 1 nF, or a 1206 or larger land), unstated; X7R, X8R or C0G accepted; X5R only where stated or by rule C-D3b; v_rating_min: derived: 3.30 V across it (DECLARED) at the 20 percent margin | derived: 3.54 V across it (DECLARED) at the 20 percent margin | derived: 5.23 V across it (BOUND) at the 20 percent margin | derived: 5.23 V across it (DECLARED) at the 20 per
        the design's code: C326595 from lcsc_fill.py MAP (^10u$ on C_0805)
        SELECTED: C326595 YAGEO CC0805KKX7R7BB106 0805 (expand), stock 265735 against a need of 35; USD 0.1295 at 1, 0.1295 at 35; grade INSIDE (the dielectric class code X7R (its range is the code) -55 to 125 C)
        checks: package MEETS (0805); capacitance MEETS (10uF); rated voltage MEETS (16V); dielectric MEETS (X7R); tolerance MEETS (+-10%); construction MEETS (multilayer ceramic)
        identity: DECODED on v2/vendor/passives/yageo-cc-series.pdf p.2 (page 2 decodes it: value, package, tolerance, voltage, dielectric, construction)
        alternative: C342745 TDK C2012X7R1A106KT0A0E, stock 2214, expand
     S-54224e96e5 CAP        C43 rows 1 [100p NP0]: C_0402_1005Metric
        requirement: value 100pF; package 0402; dielectric C0G; v_rating_min 6.3; tolerance_max_pct 5.0
        basis: dielectric: stated; v_rating_min: derived: 5.23 V across it (BOUND) at the 20 percent margin; tolerance_max_pct: rule C-T1: class 1, unstated
        the design's code: C1546 from the certified table JLC-CERTIFIED.tsv
        SELECTED: C1546 FH (Guangdong Fenghua Advanced Tech) 0402CG101J500NT 0402 (base), stock 3209681 against a need of 5; USD 0.0042 at 1, 0.0042 at 5; grade INSIDE (the dielectric class code C0G (its range is the code) -55 to 125 C)
        checks: package MEETS (0402); capacitance MEETS (100pF); rated voltage MEETS (50V); dielectric MEETS (C0G); tolerance MEETS (+-5%); construction MEETS (multilayer ceramic)
        identity: DOCUMENT_OWED: no maker's ordering table in the tree decodes 0402CG101J500NT (FH (Guangdong Fenghua Advanced Tech))
        alternative: C106200 YAGEO CC0402JRNPO9BN101, stock 656663, expand
     S-9ad32441cf CAP        C46 rows 1 [1u]: C_0603_1608Metric
        requirement: value 1uF; package 0603; dielectric X7R; v_rating_min 10.0; tolerance_max_pct 10.0
        basis: dielectric: rule C-D3: class 2 (above 1 nF, or a 1206 or larger land), unstated; X7R, X8R or C0G accepted; X5R only where stated or by rule C-D3b; v_rating_min: derived: 7.85 V across it (BOUND) at the 20 percent margin; tolerance_max_pct: rule C-T2: class 2 below 10 uF, unstated
        the design's code: C559769 from lcsc_fill.py MAP (^1u$ on C_0603)
        SELECTED: C559769 YAGEO CC0603KRX7R9BB105 0603 (expand), stock 826024 against a need of 5; USD 0.0595 at 1, 0.0595 at 5; grade INSIDE (the dielectric class code X7R (its range is the code) -55 to 125 C)
        checks: package MEETS (0603); capacitance MEETS (1uF); rated voltage MEETS (50V); dielectric MEETS (X7R); tolerance MEETS (+-10%); construction MEETS (multilayer ceramic)
        identity: DECODED on v2/vendor/passives/yageo-cc-series.pdf p.2 (page 2 decodes it: value, package, tolerance, voltage, dielectric, construction)
        alternative: C76708 TDK CGA3E1X7R1E105KT0Y0E, stock 61865, expand
     S-8aa61b634b CAP        C47,C48 rows 2 [1u]: C_0603_1608Metric
        requirement: value 1uF; package 0603; dielectric X7R; v_rating_min 16.0; tolerance_max_pct 10.0
        basis: dielectric: rule C-D3: class 2 (above 1 nF, or a 1206 or larger land), unstated; X7R, X8R or C0G accepted; X5R only where stated or by rule C-D3b; v_rating_min: derived: 8.60 V across it (BOUND) at the 20 percent margin | derived: 8.83 V across it (BOUND) at the 20 percent margin; tolerance_max_pct: rule C-T2: class 2 below 10 uF, unstated
        the design's code: C559769 from lcsc_fill.py MAP (^1u$ on C_0603)
        SELECTED: C559769 YAGEO CC0603KRX7R9BB105 0603 (expand), stock 826024 against a need of 10; USD 0.0595 at 1, 0.0595 at 10; grade INSIDE (the dielectric class code X7R (its range is the code) -55 to 125 C)
        checks: package MEETS (0603); capacitance MEETS (1uF); rated voltage MEETS (50V); dielectric MEETS (X7R); tolerance MEETS (+-10%); construction MEETS (multilayer ceramic)
        identity: DECODED on v2/vendor/passives/yageo-cc-series.pdf p.2 (page 2 decodes it: value, package, tolerance, voltage, dielectric, construction)
        alternative: C76708 TDK CGA3E1X7R1E105KT0Y0E, stock 61865, expand
     S-753ae929e3 CAP        C58,C60 rows 2 [22p 500V NP0 1206]: C_1206_3216Metric
        requirement: value 22pF; package 1206; dielectric C0G; v_rating_min 500.0; tolerance_max_pct 5.0
        basis: dielectric: stated; v_rating_min: stated; tolerance_max_pct: rule C-T1: class 1, unstated
        the design's code: C527306 from the certified table JLC-CERTIFIED.tsv
        SELECTED: C527306 YAGEO CC1206JRNPOBBN220 1206 (expand), stock 7948 against a need of 10; USD 0.0823 at 1, 0.0823 at 10; grade INSIDE (the dielectric class code C0G (its range is the code) -55 to 125 C)
        checks: package MEETS (1206); capacitance MEETS (22pF); rated voltage MEETS (500V); dielectric MEETS (NP0); tolerance MEETS (+-5%); construction MEETS (multilayer ceramic)
        identity: DOCUMENT_OWED: no maker's ordering table in the tree decodes CC1206JRNPOBBN220 (YAGEO)
        alternative: C77527 Walsin Tech Corp 1206N220J102CT, stock 7441, expand
     S-a77efb52ad CAP        C59 rows 1 [39p 500V NP0 1206]: C_1206_3216Metric
        requirement: value 39pF; package 1206; dielectric C0G; v_rating_min 500.0; tolerance_max_pct 5.0
        basis: dielectric: stated; v_rating_min: stated; tolerance_max_pct: rule C-T1: class 1, unstated
        the design's code: C326958 from the certified table JLC-CERTIFIED.tsv
        SELECTED: C326958 YAGEO CC1206JRNPOBBN390 1206 (expand), stock 1280 against a need of 5; USD 0.0563 at 1, 0.0563 at 5; grade INSIDE (the dielectric class code C0G (its range is the code) -55 to 125 C)
        checks: package MEETS (1206); capacitance MEETS (39pF); rated voltage MEETS (500V); dielectric MEETS (NP0); tolerance MEETS (+-5%); construction MEETS (multilayer ceramic)
        identity: DOCUMENT_OWED: no maker's ordering table in the tree decodes CC1206JRNPOBBN390 (YAGEO)
        alternative: C541493 YAGEO CC1206JKNPOCBN390, stock 7100, expand
     S-099e530a08 RES        R1,R43,R44,R51 rows 4 [2.2k]: R_0603_1608Metric
        requirement: value 2.2kOhm; package 0603; tolerance_max_pct 5.0; power_min_w 0.1; resistor_kind general
        basis: tolerance_max_pct: rule R-T1: unstated, 5 percent (the widest standard thick-film grade); power_min_w: rule R-P0: the package's standard rating; not checked (no exact voltage across it)
        the design's code: C4190 from lcsc_fill.py MAP (^2\.2k$ on R_0603)
        SELECTED: C4190 UNI-ROYAL(Uniroyal Elec) 0603WAF2201T5E 0603 (base), stock 7589335 against a need of 20; USD 0.0018 at 1, 0.0018 at 20; grade INSIDE (the catalogue line's operating temperature -55.0 to 155.0 C)
        checks: package MEETS (0603); resistance MEETS (2.2kOhm); tolerance MEETS (+-1%); power MEETS (100mW); working voltage MEETS (75V)
        identity: DECODED on v2/vendor/passives/held/uniroyal-series-11cd644d.pdf p.2 (page 2 decodes it: value, package, tolerance, power)
        alternative: C114662 YAGEO RC0603FR-072K2L, stock 3034655, expand
     S-a44109c662 RES        R2,R3,R53 rows 3 [100k]: R_0603_1608Metric
        requirement: value 100kOhm; package 0603; tolerance_max_pct 5.0; power_min_w 0.1; resistor_kind general
        basis: tolerance_max_pct: rule R-T1: unstated, 5 percent (the widest standard thick-film grade); power_min_w: rule R-P0: the package's standard rating; not checked (no exact voltage across it)
        the design's code: C25803 from lcsc_fill.py MAP (^100k$ on R_0603)
        SELECTED: C25803 UNI-ROYAL(Uniroyal Elec) 0603WAF1003T5E 0603 (base), stock 22116659 against a need of 15; USD 0.0031 at 1, 0.0031 at 15; grade INSIDE (the catalogue line's operating temperature -55.0 to 155.0 C)
        checks: package MEETS (0603); resistance MEETS (100kOhm); tolerance MEETS (+-1%); power MEETS (100mW)
        identity: DECODED on v2/vendor/passives/held/uniroyal-series-11cd644d.pdf p.2 (page 2 decodes it: value, package, tolerance, power)
        alternative: C14675 YAGEO RC0603FR-07100KL, stock 8718571, expand
     S-50018f6fcc RES        R10,R31,R32,R35,R36,R37+17 rows 23 [10k]: R_0603_1608Metric
        requirement: value 10kOhm; package 0603; tolerance_max_pct 5.0; power_min_w 0.1; resistor_kind general
        basis: tolerance_max_pct: rule R-T1: unstated, 5 percent (the widest standard thick-film grade); power_min_w: rule R-P0: the package's standard rating; checked: 0.0013 W (V^2/R at 3.60 V, a DECLARED net to ground) at twice is inside it | rule R-P0: the package's standard rating; not checked (no exact voltage across it)
        the design's code: C25804 from lcsc_fill.py MAP (^10k$ on R_0603)
        SELECTED: C25804 UNI-ROYAL(Uniroyal Elec) 0603WAF1002T5E 0603 (base), stock 23012552 against a need of 115; USD 0.0018 at 1, 0.0018 at 115; grade INSIDE (the catalogue line's operating temperature -55.0 to 155.0 C)
        checks: package MEETS (0603); resistance MEETS (10kOhm); tolerance MEETS (+-1%); power MEETS (100mW); working voltage MEETS (75V)
        identity: DECODED on v2/vendor/passives/held/uniroyal-series-11cd644d.pdf p.2 (page 2 decodes it: value, package, tolerance, power)
        alternative: C98220 YAGEO RC0603FR-0710KL, stock 12103100, expand
     S-0baee211d0 RES        R11,R29,R30,R4,R49,R50+1 rows 7 [1.0k]: R_0603_1608Metric
        requirement: value 1kOhm; package 0603; tolerance_max_pct 5.0; power_min_w 0.1; resistor_kind general
        basis: tolerance_max_pct: rule R-T1: unstated, 5 percent (the widest standard thick-film grade); power_min_w: rule R-P0: the package's standard rating; not checked (no exact voltage across it)
        the design's code: C21190 from lcsc_fill.py MAP (^1k$ on R_0603)
        SELECTED: C21190 UNI-ROYAL(Uniroyal Elec) 0603WAF1001T5E 0603 (base), stock 21617244 against a need of 35; USD 0.0026 at 1, 0.0026 at 35; grade INSIDE (the catalogue line's operating temperature -55.0 to 155.0 C)
        checks: package MEETS (0603); resistance MEETS (1kOhm); tolerance MEETS (+-1%); power MEETS (100mW); working voltage MEETS (75V)
        identity: DECODED on v2/vendor/passives/held/uniroyal-series-11cd644d.pdf p.2 (page 2 decodes it: value, package, tolerance, power)
        alternative: C22548 YAGEO RC0603FR-071KL, stock 11394899, expand
     S-94b1cac23f RES        R12,R13,R16,R17,R20,R21+2 rows 8 [22]: R_0603_1608Metric
        requirement: value 22Ohm; package 0603; tolerance_max_pct 5.0; power_min_w 0.1; resistor_kind general
        basis: tolerance_max_pct: rule R-T1: unstated, 5 percent (the widest standard thick-film grade); power_min_w: rule R-P0: the package's standard rating; not checked (no exact voltage across it)
        the design's code: C23345 from the certified table JLC-CERTIFIED.tsv
        SELECTED: C23345 UNI-ROYAL(Uniroyal Elec) 0603WAF220JT5E 0603 (base), stock 9021121 against a need of 40; USD 0.0017 at 1, 0.0017 at 40; grade INSIDE (the catalogue line's operating temperature -55.0 to 155.0 C)
        checks: package MEETS (0603); resistance MEETS (22Ohm); tolerance MEETS (+-1%); power MEETS (100mW); working voltage MEETS (75V)
        identity: DECODED on v2/vendor/passives/held/uniroyal-series-11cd644d.pdf p.2 (page 2 decodes it: value, package, tolerance, power)
        alternative: C107701 YAGEO RC0603FR-0722RL, stock 366457, expand
     S-2c22a7de64 RES        R14,R15,R18,R19,R22,R23+2 rows 8 [15k]: R_0603_1608Metric
        requirement: value 15kOhm; package 0603; tolerance_max_pct 5.0; power_min_w 0.1; resistor_kind general
        basis: tolerance_max_pct: rule R-T1: unstated, 5 percent (the widest standard thick-film grade); power_min_w: rule R-P0: the package's standard rating; not checked (no exact voltage across it)
        the design's code: C22809 from lcsc_fill.py MAP (^15k$ on R_0603)
        SELECTED: C22809 UNI-ROYAL(Uniroyal Elec) 0603WAF1502T5E 0603 (base), stock 4588986 against a need of 40; USD 0.0029 at 1, 0.0029 at 40; grade INSIDE (the catalogue line's operating temperature -55.0 to 155.0 C)
        checks: package MEETS (0603); resistance MEETS (15kOhm); tolerance MEETS (+-1%); power MEETS (100mW); working voltage MEETS (75V)
        identity: DECODED on v2/vendor/passives/held/uniroyal-series-11cd644d.pdf p.2 (page 2 decodes it: value, package, tolerance, power)
        alternative: C125928 YAGEO AC0603FR-0715KL, stock 578628, expand
     S-4217d7e5e6 RES        R26,R27 rows 2 [33]: R_0603_1608Metric
        requirement: value 33Ohm; package 0603; tolerance_max_pct 5.0; power_min_w 0.1; resistor_kind general
        basis: tolerance_max_pct: rule R-T1: unstated, 5 percent (the widest standard thick-film grade); power_min_w: rule R-P0: the package's standard rating; not checked (no exact voltage across it)
        the design's code: C23140 from the certified table JLC-CERTIFIED.tsv
        SELECTED: C23140 UNI-ROYAL(Uniroyal Elec) 0603WAF330JT5E 0603 (base), stock 5625943 against a need of 10; USD 0.0025 at 1, 0.0025 at 10; grade INSIDE (the catalogue line's operating temperature -55.0 to 155.0 C)
        checks: package MEETS (0603); resistance MEETS (33Ohm); tolerance MEETS (+-1%); power MEETS (100mW); working voltage MEETS (75V)
        identity: DECODED on v2/vendor/passives/held/uniroyal-series-11cd644d.pdf p.2 (page 2 decodes it: value, package, tolerance, power)
        alternative: C108661 YAGEO RC0603FR-0733RL, stock 821153, expand
     S-eaaed6ecb3 RES        R28,R8 rows 2 [1.5k]: R_0603_1608Metric
        requirement: value 1.5kOhm; package 0603; tolerance_max_pct 5.0; power_min_w 0.1; resistor_kind general
        basis: tolerance_max_pct: rule R-T1: unstated, 5 percent (the widest standard thick-film grade); power_min_w: rule R-P0: the package's standard rating; not checked (no exact voltage across it)
        the design's code: C22843 from lcsc_fill.py MAP (^1\.5k$ on R_0603)
        SELECTED: C22843 UNI-ROYAL(Uniroyal Elec) 0603WAF1501T5E 0603 (base), stock 4814410 against a need of 10; USD 0.002 at 1, 0.002 at 10; grade INSIDE (the catalogue line's operating temperature -55.0 to 155.0 C)
        checks: package MEETS (0603); resistance MEETS (1.5kOhm); tolerance MEETS (+-1%); power MEETS (100mW); working voltage MEETS (75V)
        identity: DECODED on v2/vendor/passives/held/uniroyal-series-11cd644d.pdf p.2 (page 2 decodes it: value, package, tolerance, power)
        alternative: C114668 YAGEO RC0603FR-071K5L, stock 920862, expand
     S-668d252f79 RES        R34,R40,R41 rows 3 [4.7k]: R_0603_1608Metric
        requirement: value 4.7kOhm; package 0603; tolerance_max_pct 5.0; power_min_w 0.1; resistor_kind general
        basis: tolerance_max_pct: rule R-T1: unstated, 5 percent (the widest standard thick-film grade); power_min_w: rule R-P0: the package's standard rating; not checked (no exact voltage across it)
        the design's code: C23162 from lcsc_fill.py MAP (^4\.7k$ on R_0603)
        SELECTED: C23162 UNI-ROYAL(Uniroyal Elec) 0603WAF4701T5E 0603 (base), stock 22433052 against a need of 15; USD 0.0028 at 1, 0.0028 at 15; grade INSIDE (the catalogue line's operating temperature -55.0 to 155.0 C)
        checks: package MEETS (0603); resistance MEETS (4.7kOhm); tolerance MEETS (+-1%); power MEETS (100mW); working voltage MEETS (75V)
        identity: DECODED on v2/vendor/passives/held/uniroyal-series-11cd644d.pdf p.2 (page 2 decodes it: value, package, tolerance, power)
        alternative: C99782 YAGEO RC0603FR-074K7L, stock 9470900, expand
     S-f7ecdc459a RES        R42 rows 1 [220k]: R_0603_1608Metric
        requirement: value 220kOhm; package 0603; tolerance_max_pct 5.0; power_min_w 0.1; resistor_kind general
        basis: tolerance_max_pct: rule R-T1: unstated, 5 percent (the widest standard thick-film grade); power_min_w: rule R-P0: the package's standard rating; not checked (no exact voltage across it)
        the design's code: C22961 from the certified table JLC-CERTIFIED.tsv
        SELECTED: C22961 UNI-ROYAL(Uniroyal Elec) 0603WAF2203T5E 0603 (base), stock 1441020 against a need of 5; USD 0.0015 at 1, 0.0015 at 5; grade INSIDE (the catalogue line's operating temperature -55.0 to 155.0 C)
        checks: package MEETS (0603); resistance MEETS (220kOhm); tolerance MEETS (+-1%); power MEETS (100mW); working voltage MEETS (75V)
        identity: DECODED on v2/vendor/passives/held/uniroyal-series-11cd644d.pdf p.2 (page 2 decodes it: value, package, tolerance, power)
        alternative: C123420 YAGEO RC0603FR-07220KL, stock 650523, expand
     S-7d7bcd4c98 RES        R54,R56 rows 2 [27 1% 2010]: R_2010_5025Metric
        requirement: value 27Ohm; package 2010; tolerance_max_pct 1.0; power_min_w 0.5; resistor_kind general
        basis: tolerance_max_pct: stated; power_min_w: rule R-P0: the package's standard rating; not checked (no exact voltage across it)
        the design's code: C421874 from lcsc_fill.py MAP (^27 1% 2010$ on R_2010)
        SELECTED: C421874 UNI-ROYAL(Uniroyal Elec) 201007F270JT4E 2010 (expand), stock 1915 against a need of 10; USD 0.0204 at 1, 0.0204 at 10; grade INSIDE (the catalogue line's operating temperature -55.0 to 155.0 C)
        checks: package MEETS (2010); resistance MEETS (27Ohm); tolerance MEETS (+-1%); power MEETS (750mW)
        identity: DOCUMENT_OWED: no maker's ordering table in the tree decodes 201007F270JT4E (UNI-ROYAL(Uniroyal Elec))
        alternative: C53159451 CHANGLONG CL2010FN27RB, stock 1900, expand
     S-7ab2bd4935 RES        R55 rows 1 [36 1% 2010]: R_2010_5025Metric
        requirement: value 36Ohm; package 2010; tolerance_max_pct 1.0; power_min_w 0.5; resistor_kind general
        basis: tolerance_max_pct: stated; power_min_w: rule R-P0: the package's standard rating; not checked (no exact voltage across it)
        the design's code: C3037266 from the certified table JLC-CERTIFIED.tsv
        SELECTED: C3037266 LIZ Elec CR2010F236R0G 2010 (expand), stock 3620 against a need of 5; USD 0.0225 at 1, 0.0225 at 5; grade INSIDE (the catalogue line's operating temperature -55.0 to 125.0 C)
        checks: package MEETS (2010); resistance MEETS (36Ohm); tolerance MEETS (+-1%); power MEETS (750mW)
        identity: DOCUMENT_OWED: no maker's ordering table in the tree decodes CR2010F236R0G (LIZ Elec)
        alternative: C407043 UNI-ROYAL(Uniroyal Elec) 201007F360JT4E, stock 11, expand
     S-48a9a0877e FERRITE    FB1 rows 1 [600R 2A ferrite (the exciter's 1 A transmit pulses)]: L_0805_2012Metric
        requirement: value 600R 2A ferrite; current_min_a 2.0
        the design's code: C21519 from lcsc_fill.py MAP (^600R 2A ferrite on L_0805)
        SELECTED: C21519 TDK MPZ2012S601AT000 0805 (expand), stock 154640 against a need of 5; USD 0.0274 at 1, 0.0274 at 5; grade INSIDE (the catalogue line's operating temperature -55.0 to 125.0 C)
        checks: package MEETS (0805); impedance at 100 MHz MEETS (600Ohm@100MHz); current rating MEETS (2A)
        identity: DOCUMENT_OWED: not a capacitor or resistor family
        alternative: C845118 Vishay Intertech ILHB0805ER601V, stock 41837, expand
     S-faca1c1792 OPEN       L1 rows 1 [68nH 0805 (LPF, 145 MHz 5th order; values to be verified in ]: L_0805_2012Metric
        a RF inductor whose deciding properties beyond the inductance (tolerance, Q, self-resonance, current) the value does not state: '68nH 0805 (LPF, 145 MHz 5th order; values to be verified in MESHSAT-818)'
     S-99dc447723 OPEN       L2 rows 1 [68nH 0805 (LPF)]: L_0805_2012Metric
        a RF inductor whose deciding properties beyond the inductance (tolerance, Q, self-resonance, current) the value does not state: '68nH 0805 (LPF)'
     S-960f0243ff SPECIAL    J_HARN1 rows 1 [A22 mezzanine harness J_MEZZ1 (IDC 2x8): USB pair, PTT mirro]: IDC-Header_2x08_P2.54mm_Vertical_N
        an identity chosen on a page of record: PROCUREMENT.md HC6-SC-7: Wurth WR-BHD 61201621621 (C5364137), rule I-3; the netlist carries no code (the generator owner writes it)
     S-25fb25d292 SPECIAL    K1 rows 1 [Omron G6K-2F-Y 5 VDC DPDT signal relay, T/R]: Relay_DPDT_Omron_G6K-2F-Y
        names Omron G6K-2F-Y; no LCSC code in the netlist
     S-bd3d333f05 SPECIAL    U1 rows 1 [TLV75533PDBV 3.3 V 500 mA LDO (1 IN 2 GND 3 EN 4 NC 5 OUT)]: SOT-23-5
        names the part number TLV75533PDBV; no LCSC code in the netlist
     S-2a57ab0346 SPECIAL    U2 rows 1 [NiceRF SA868 VHF 2 W exciter, bench-fitted (castellated; VBA]: NiceRF_SA868
        names NiceRF SA868; no LCSC code in the netlist
     S-a3d7614b12 SPECIAL    U6 rows 1 [TI PCM2912A USB audio codec (TQFP-32): mono input from the e]: TQFP-32_7x7mm_P0.8mm
        names TI PCM2912A; no LCSC code in the netlist
     S-e060b65e50 SPECIAL    U7 rows 1 [TI TPA6132A2 headphone amplifier (QFN-16), receive audio to ]: QFN-16-1EP_3x3mm_P0.5mm_EP1.75x1.7
        names TI TPA6132A2; no LCSC code in the netlist
     S-280318ef04 SPECIAL    U8 rows 1 [TLV9062IDGK dual op amp (1 OUT1 2 IN1- 3 IN1+ 4 V- 5 IN2+ 6 ]: VSSOP-8_3x3mm_P0.65mm
        names the part number TLV9062IDGK; no LCSC code in the netlist
     S-4f0ac0e622 SPECIAL    U16 rows 1 [PCA9555PW 0x26: COS, PTT states, KEY, PA_KEY in; exciter PD,]: TSSOP-24_4.4x7.8mm_P0.65mm
        names the part number PCA9555PW; no LCSC code in the netlist
     S-a488f8c61f NOT_A_PART JP1 rows 1 [electret bias headset 1 (close for an electret microphone)]: SolderJumper-2_P1.3mm_Open_Rounded
        a land on the board itself (rule N-1): SolderJumper-2_P1.3mm_Open_RoundedPad1.0x1.5mm
     S-04716dd27a NOT_A_PART JP2 rows 1 [electret bias headset 2]: SolderJumper-2_P1.3mm_Open_Rounded
        a land on the board itself (rule N-1): SolderJumper-2_P1.3mm_Open_RoundedPad1.0x1.5mm

   BOARD C: 53 selections over 83 rows; NOT_A_PART 4 (4 rows); OPEN 17 (17 rows); SELECTED 17 (40 rows); SPECIAL 15 (22 rows)
     S-8b1dfb7d63 CAP        C5,C6 rows 2 [15p NP0]: C_0402_1005Metric
        requirement: value 15pF; package 0402; dielectric C0G; v_rating_min 6.3; tolerance_max_pct 5.0
        basis: dielectric: stated; v_rating_min: derived: 3.33 V across it (BOUND) at the 20 percent margin; tolerance_max_pct: rule C-T1: class 1, unstated
        the design's code: C1548 from lcsc_fill.py MAP (^15p NP0$ on C_0402)
        SELECTED: C1548 FH (Guangdong Fenghua Advanced Tech) 0402CG150J500NT 0402 (base), stock 1431582 against a need of 10; USD 0.0038 at 1, 0.0038 at 10; grade INSIDE (the dielectric class code C0G (its range is the code) -55 to 125 C)
        checks: package MEETS (0402); capacitance MEETS (15pF); rated voltage MEETS (50V); dielectric MEETS (C0G); tolerance MEETS (+-5%); construction MEETS (multilayer ceramic)
        identity: DOCUMENT_OWED: no maker's ordering table in the tree decodes 0402CG150J500NT (FH (Guangdong Fenghua Advanced Tech))
        alternative: C106997 YAGEO CC0402JRNPO9BN150, stock 2279672, expand
     S-45ad5deffe CAP        C10,C11,C12,C13,C15,C25+5 rows 11 [100n]: C_0603_1608Metric
        requirement: value 100nF; package 0603; dielectric X7R; v_rating_min 6.3; tolerance_max_pct 10.0
        basis: dielectric: rule C-D3: class 2 (above 1 nF, or a 1206 or larger land), unstated; X7R, X8R or C0G accepted; X5R only where stated or by rule C-D3b; v_rating_min: derived: 1.30 V across it (DECLARED) at the 20 percent margin | derived: 3.30 V across it (DECLARED) at the 20 percent margin; tolerance_max_pct: rule C-T2: class 2 below 10 uF, unstated
        the design's code: C113803 from lcsc_fill.py MAP (^100n on C_0603)
        SELECTED: C113803 YAGEO CC0603KRX7R0BB104 0603 (expand), stock 1777253 against a need of 55; USD 0.0114 at 1, 0.0114 at 55; grade INSIDE (the dielectric class code X7R (its range is the code) -55 to 125 C)
        checks: package MEETS (0603); capacitance MEETS (100nF); rated voltage MEETS (100V); dielectric MEETS (X7R); tolerance MEETS (+-10%); construction MEETS (multilayer ceramic)
        identity: DECODED on v2/vendor/passives/yageo-cc-series.pdf p.2 (page 2 decodes it: value, package, tolerance, voltage, dielectric, construction)
        alternative: C76711 TDK CGA3E2X7R1H104KT0Y0N, stock 515455, expand
     S-5eeee312c8 CAP        C14,C16,C3,C4 rows 4 [1u]: C_0603_1608Metric
        requirement: value 1uF; package 0603; dielectric X7R; v_rating_min 6.3; tolerance_max_pct 10.0
        basis: dielectric: rule C-D3: class 2 (above 1 nF, or a 1206 or larger land), unstated; X7R, X8R or C0G accepted; X5R only where stated or by rule C-D3b; v_rating_min: derived: 1.30 V across it (DECLARED) at the 20 percent margin | derived: 3.30 V across it (DECLARED) at the 20 percent margin | derived: 5.00 V across it (DECLARED) at the 20 percent margin; tolerance_max_pct: rule C-T2: class 2 below 10 u
        the design's code: C559769 from lcsc_fill.py MAP (^1u$ on C_0603)
        SELECTED: C559769 YAGEO CC0603KRX7R9BB105 0603 (expand), stock 826024 against a need of 20; USD 0.0595 at 1, 0.0595 at 20; grade INSIDE (the dielectric class code X7R (its range is the code) -55 to 125 C)
        checks: package MEETS (0603); capacitance MEETS (1uF); rated voltage MEETS (50V); dielectric MEETS (X7R); tolerance MEETS (+-10%); construction MEETS (multilayer ceramic)
        identity: DECODED on v2/vendor/passives/yageo-cc-series.pdf p.2 (page 2 decodes it: value, package, tolerance, voltage, dielectric, construction)
        alternative: C76708 TDK CGA3E1X7R1E105KT0Y0E, stock 61865, expand
     S-5ae2e5c268 CAP        C28 rows 1 [4.7u]: C_0805_2012Metric
        requirement: value 4.7uF; package 0805; dielectric X7R; v_rating_min 6.3; tolerance_max_pct 10.0
        basis: dielectric: rule C-D3: class 2 (above 1 nF, or a 1206 or larger land), unstated; X7R, X8R or C0G accepted; X5R only where stated or by rule C-D3b; v_rating_min: derived: 3.30 V across it (DECLARED) at the 20 percent margin; tolerance_max_pct: rule C-T2: class 2 below 10 uF, unstated
        the design's code: C354262 from lcsc_fill.py MAP (^4\.7u$ on C_0805)
        SELECTED: C354262 YAGEO CC0805KKX7R8BB475 0805 (expand), stock 580282 against a need of 5; USD 0.0721 at 1, 0.0721 at 5; grade INSIDE (the dielectric class code X7R (its range is the code) -55 to 125 C)
        checks: package MEETS (0805); capacitance MEETS (4.7uF); rated voltage MEETS (25V); dielectric MEETS (X7R); tolerance MEETS (+-10%); construction MEETS (multilayer ceramic)
        identity: DECODED on v2/vendor/passives/yageo-cc-series.pdf p.2 (page 2 decodes it: value, package, tolerance, voltage, dielectric, construction)
        alternative: C76642 TDK C2012X7R1E475KT000N, stock 23914, expand
     S-9121e77997 CAP        C30 rows 1 [1u 25V]: C_0603_1608Metric
        requirement: value 1uF; package 0603; dielectric X7R; v_rating_min 25.0; tolerance_max_pct 10.0
        basis: dielectric: rule C-D3: class 2 (above 1 nF, or a 1206 or larger land), unstated; X7R, X8R or C0G accepted; X5R only where stated or by rule C-D3b; v_rating_min: stated; NOT CHECKED: a side is UNBOUNDED (EPD_VGH UNBOUNDED (a source of unknown level: J_EPD pin 21 (PDi EPD Driving Circuit Rev. 02 (Oct 2025)): section 3: VGH, the positive gate driving voltage on a capacitor pin; no level stated; secti
        the design's code: C106858 from lcsc_fill.py MAP (^1u 25V$ on C_0603)
        SELECTED: C106858 YAGEO CC0603KRX7R8BB105 0603 (expand), stock 293580 against a need of 5; USD 0.0251 at 1, 0.0251 at 5; grade INSIDE (the dielectric class code X7R (its range is the code) -55 to 125 C)
        checks: package MEETS (0603); capacitance MEETS (1uF); rated voltage MEETS (25V); dielectric MEETS (X7R); tolerance MEETS (+-10%); construction MEETS (multilayer ceramic)
        identity: DECODED on v2/vendor/passives/yageo-cc-series.pdf p.2 (page 2 decodes it: value, package, tolerance, voltage, dielectric, construction)
        alternative: C76708 TDK CGA3E1X7R1E105KT0Y0E, stock 61865, expand
     S-a9d5694441 CAP        C32 rows 1 [1u 25V]: C_0603_1608Metric
        requirement: value 1uF; package 0603; dielectric X7R; v_rating_min 25.0; tolerance_max_pct 10.0
        basis: dielectric: rule C-D3: class 2 (above 1 nF, or a 1206 or larger land), unstated; X7R, X8R or C0G accepted; X5R only where stated or by rule C-D3b; v_rating_min: stated; NOT CHECKED: a side is UNBOUNDED (EPD_VGL UNBOUNDED (a source of unknown level: J_EPD pin 23 (PDi EPD Driving Circuit Rev. 02 (Oct 2025)): section 3: VGL, the negative gate driving voltage on a capacitor pin; no level stated; secti
        the design's code: C106858 from lcsc_fill.py MAP (^1u 25V$ on C_0603)
        SELECTED: C106858 YAGEO CC0603KRX7R8BB105 0603 (expand), stock 293580 against a need of 5; USD 0.0251 at 1, 0.0251 at 5; grade INSIDE (the dielectric class code X7R (its range is the code) -55 to 125 C)
        checks: package MEETS (0603); capacitance MEETS (1uF); rated voltage MEETS (25V); dielectric MEETS (X7R); tolerance MEETS (+-10%); construction MEETS (multilayer ceramic)
        identity: DECODED on v2/vendor/passives/yageo-cc-series.pdf p.2 (page 2 decodes it: value, package, tolerance, voltage, dielectric, construction)
        alternative: C76708 TDK CGA3E1X7R1E105KT0Y0E, stock 61865, expand
     S-69d0f41966 CAP        C33 rows 1 [1u 25V]: C_0603_1608Metric
        requirement: value 1uF; package 0603; dielectric X7R; v_rating_min 25.0; tolerance_max_pct 10.0
        basis: dielectric: rule C-D3: class 2 (above 1 nF, or a 1206 or larger land), unstated; X7R, X8R or C0G accepted; X5R only where stated or by rule C-D3b; v_rating_min: stated; NOT CHECKED: a side is UNBOUNDED (EPD_VDHR UNBOUNDED (a source of unknown level: J_EPD pin 5 (PDi EPD Driving Circuit Rev. 02 (Oct 2025)): section 3: VDHR, a capacitor pin the COG drives (the positive gate voltage's regulator); no 
        the design's code: C106858 from lcsc_fill.py MAP (^1u 25V$ on C_0603)
        SELECTED: C106858 YAGEO CC0603KRX7R8BB105 0603 (expand), stock 293580 against a need of 5; USD 0.0251 at 1, 0.0251 at 5; grade INSIDE (the dielectric class code X7R (its range is the code) -55 to 125 C)
        checks: package MEETS (0603); capacitance MEETS (1uF); rated voltage MEETS (25V); dielectric MEETS (X7R); tolerance MEETS (+-10%); construction MEETS (multilayer ceramic)
        identity: DECODED on v2/vendor/passives/yageo-cc-series.pdf p.2 (page 2 decodes it: value, package, tolerance, voltage, dielectric, construction)
        alternative: C76708 TDK CGA3E1X7R1E105KT0Y0E, stock 61865, expand
     S-12603c7856 CAP        C34 rows 1 [1u 25V]: C_0603_1608Metric
        requirement: value 1uF; package 0603; dielectric X7R; v_rating_min 25.0; tolerance_max_pct 10.0
        basis: dielectric: rule C-D3: class 2 (above 1 nF, or a 1206 or larger land), unstated; X7R, X8R or C0G accepted; X5R only where stated or by rule C-D3b; v_rating_min: stated; NOT CHECKED: a side is UNBOUNDED (EPD_VDDD UNBOUNDED (a source of unknown level: J_EPD pin 18 (PDi EPD Driving Circuit Rev. 02 (Oct 2025)): section 3: VDDD, the COG's internal regulator output on a capacitor pin; no level stated; s
        the design's code: C106858 from lcsc_fill.py MAP (^1u 25V$ on C_0603)
        SELECTED: C106858 YAGEO CC0603KRX7R8BB105 0603 (expand), stock 293580 against a need of 5; USD 0.0251 at 1, 0.0251 at 5; grade INSIDE (the dielectric class code X7R (its range is the code) -55 to 125 C)
        checks: package MEETS (0603); capacitance MEETS (1uF); rated voltage MEETS (25V); dielectric MEETS (X7R); tolerance MEETS (+-10%); construction MEETS (multilayer ceramic)
        identity: DECODED on v2/vendor/passives/yageo-cc-series.pdf p.2 (page 2 decodes it: value, package, tolerance, voltage, dielectric, construction)
        alternative: C76708 TDK CGA3E1X7R1E105KT0Y0E, stock 61865, expand
     S-c3afdba8a6 CAP        C35 rows 1 [1u 25V]: C_0603_1608Metric
        requirement: value 1uF; package 0603; dielectric X7R; v_rating_min 25.0; tolerance_max_pct 10.0
        basis: dielectric: rule C-D3: class 2 (above 1 nF, or a 1206 or larger land), unstated; X7R, X8R or C0G accepted; X5R only where stated or by rule C-D3b; v_rating_min: stated; NOT CHECKED: a side is UNBOUNDED (EPD_VDH UNBOUNDED (a source of unknown level: J_EPD pin 20 (PDi EPD Driving Circuit Rev. 02 (Oct 2025)): section 3: VDH, the positive source driving voltage on a capacitor pin the COG drives; no le
        the design's code: C106858 from lcsc_fill.py MAP (^1u 25V$ on C_0603)
        SELECTED: C106858 YAGEO CC0603KRX7R8BB105 0603 (expand), stock 293580 against a need of 5; USD 0.0251 at 1, 0.0251 at 5; grade INSIDE (the dielectric class code X7R (its range is the code) -55 to 125 C)
        checks: package MEETS (0603); capacitance MEETS (1uF); rated voltage MEETS (25V); dielectric MEETS (X7R); tolerance MEETS (+-10%); construction MEETS (multilayer ceramic)
        identity: DECODED on v2/vendor/passives/yageo-cc-series.pdf p.2 (page 2 decodes it: value, package, tolerance, voltage, dielectric, construction)
        alternative: C76708 TDK CGA3E1X7R1E105KT0Y0E, stock 61865, expand
     S-bd25452813 CAP        C36 rows 1 [1u 25V]: C_0603_1608Metric
        requirement: value 1uF; package 0603; dielectric X7R; v_rating_min 25.0; tolerance_max_pct 10.0
        basis: dielectric: rule C-D3: class 2 (above 1 nF, or a 1206 or larger land), unstated; X7R, X8R or C0G accepted; X5R only where stated or by rule C-D3b; v_rating_min: stated; NOT CHECKED: a side is UNBOUNDED (EPD_VDL UNBOUNDED (a source of unknown level: J_EPD pin 22 (PDi EPD Driving Circuit Rev. 02 (Oct 2025)): section 3: VDL, the negative source driving voltage on a capacitor pin the COG drives; no le
        the design's code: C106858 from lcsc_fill.py MAP (^1u 25V$ on C_0603)
        SELECTED: C106858 YAGEO CC0603KRX7R8BB105 0603 (expand), stock 293580 against a need of 5; USD 0.0251 at 1, 0.0251 at 5; grade INSIDE (the dielectric class code X7R (its range is the code) -55 to 125 C)
        checks: package MEETS (0603); capacitance MEETS (1uF); rated voltage MEETS (25V); dielectric MEETS (X7R); tolerance MEETS (+-10%); construction MEETS (multilayer ceramic)
        identity: DECODED on v2/vendor/passives/yageo-cc-series.pdf p.2 (page 2 decodes it: value, package, tolerance, voltage, dielectric, construction)
        alternative: C76708 TDK CGA3E1X7R1E105KT0Y0E, stock 61865, expand
     S-9ae5738976 CAP        C37 rows 1 [1u 25V]: C_0603_1608Metric
        requirement: value 1uF; package 0603; dielectric X7R; v_rating_min 25.0; tolerance_max_pct 10.0
        basis: dielectric: rule C-D3: class 2 (above 1 nF, or a 1206 or larger land), unstated; X7R, X8R or C0G accepted; X5R only where stated or by rule C-D3b; v_rating_min: stated; NOT CHECKED: a side is UNBOUNDED (EPD_VCOM UNBOUNDED (a source of unknown level: J_EPD pin 24 (PDi EPD Driving Circuit Rev. 02 (Oct 2025)): section 3: VCOM on a capacitor pin the COG drives; no level stated; section 2 specifies the
        the design's code: C106858 from lcsc_fill.py MAP (^1u 25V$ on C_0603)
        SELECTED: C106858 YAGEO CC0603KRX7R8BB105 0603 (expand), stock 293580 against a need of 5; USD 0.0251 at 1, 0.0251 at 5; grade INSIDE (the dielectric class code X7R (its range is the code) -55 to 125 C)
        checks: package MEETS (0603); capacitance MEETS (1uF); rated voltage MEETS (25V); dielectric MEETS (X7R); tolerance MEETS (+-10%); construction MEETS (multilayer ceramic)
        identity: DECODED on v2/vendor/passives/yageo-cc-series.pdf p.2 (page 2 decodes it: value, package, tolerance, voltage, dielectric, construction)
        alternative: C76708 TDK CGA3E1X7R1E105KT0Y0E, stock 61865, expand
     S-0baee211d0 RES        R1,R5,R6 rows 3 [1k]: R_0603_1608Metric
        requirement: value 1kOhm; package 0603; tolerance_max_pct 5.0; power_min_w 0.1; resistor_kind general
        basis: tolerance_max_pct: rule R-T1: unstated, 5 percent (the widest standard thick-film grade); power_min_w: rule R-P0: the package's standard rating; not checked (no exact voltage across it)
        the design's code: C21190 from lcsc_fill.py MAP (^1k$ on R_0603)
        SELECTED: C21190 UNI-ROYAL(Uniroyal Elec) 0603WAF1001T5E 0603 (base), stock 21617244 against a need of 15; USD 0.0026 at 1, 0.0026 at 15; grade INSIDE (the catalogue line's operating temperature -55.0 to 155.0 C)
        checks: package MEETS (0603); resistance MEETS (1kOhm); tolerance MEETS (+-1%); power MEETS (100mW); working voltage MEETS (75V)
        identity: DECODED on v2/vendor/passives/held/uniroyal-series-11cd644d.pdf p.2 (page 2 decodes it: value, package, tolerance, power)
        alternative: C22548 YAGEO RC0603FR-071KL, stock 11394899, expand
     S-b3916fa625 RES        R2,R3,R53,R54,R55,R56 rows 6 [27R]: R_0603_1608Metric
        requirement: value 27Ohm; package 0603; tolerance_max_pct 5.0; power_min_w 0.1; resistor_kind general
        basis: tolerance_max_pct: rule R-T1: unstated, 5 percent (the widest standard thick-film grade); power_min_w: rule R-P0: the package's standard rating; not checked (no exact voltage across it)
        the design's code: C25190 from lcsc_fill.py MAP (^27R$ on R_0603)
        SELECTED: C25190 UNI-ROYAL(Uniroyal Elec) 0603WAF270JT5E 0603 (expand, preferred), stock 97831 against a need of 30; USD 0.0021 at 1, 0.0021 at 30; grade INSIDE (the catalogue line's operating temperature -55.0 to 155.0 C)
        checks: package MEETS (0603); resistance MEETS (27Ohm); tolerance MEETS (+-1%); power MEETS (100mW)
        identity: DECODED on v2/vendor/passives/held/uniroyal-series-11cd644d.pdf p.2 (page 2 decodes it: value, package, tolerance, power)
        alternative: C844545 Vishay Intertech CRCW060327R0FKEA, stock 29638, expand
     S-50018f6fcc RES        R4,R42 rows 2 [10k]: R_0603_1608Metric
        requirement: value 10kOhm; package 0603; tolerance_max_pct 5.0; power_min_w 0.1; resistor_kind general
        basis: tolerance_max_pct: rule R-T1: unstated, 5 percent (the widest standard thick-film grade); power_min_w: rule R-P0: the package's standard rating; not checked (no exact voltage across it)
        the design's code: C25804 from lcsc_fill.py MAP (^10k$ on R_0603)
        SELECTED: C25804 UNI-ROYAL(Uniroyal Elec) 0603WAF1002T5E 0603 (base), stock 23012552 against a need of 10; USD 0.0018 at 1, 0.0018 at 10; grade INSIDE (the catalogue line's operating temperature -55.0 to 155.0 C)
        checks: package MEETS (0603); resistance MEETS (10kOhm); tolerance MEETS (+-1%); power MEETS (100mW); working voltage MEETS (75V)
        identity: DECODED on v2/vendor/passives/held/uniroyal-series-11cd644d.pdf p.2 (page 2 decodes it: value, package, tolerance, power)
        alternative: C98220 YAGEO RC0603FR-0710KL, stock 12103100, expand
     S-099e530a08 RES        R7,R8 rows 2 [2.2k]: R_0603_1608Metric
        requirement: value 2.2kOhm; package 0603; tolerance_max_pct 5.0; power_min_w 0.1; resistor_kind general
        basis: tolerance_max_pct: rule R-T1: unstated, 5 percent (the widest standard thick-film grade); power_min_w: rule R-P0: the package's standard rating; not checked (no exact voltage across it)
        the design's code: C4190 from lcsc_fill.py MAP (^2\.2k$ on R_0603)
        SELECTED: C4190 UNI-ROYAL(Uniroyal Elec) 0603WAF2201T5E 0603 (base), stock 7589335 against a need of 10; USD 0.0018 at 1, 0.0018 at 10; grade INSIDE (the catalogue line's operating temperature -55.0 to 155.0 C)
        checks: package MEETS (0603); resistance MEETS (2.2kOhm); tolerance MEETS (+-1%); power MEETS (100mW)
        identity: DECODED on v2/vendor/passives/held/uniroyal-series-11cd644d.pdf p.2 (page 2 decodes it: value, package, tolerance, power)
        alternative: C114662 YAGEO RC0603FR-072K2L, stock 3034655, expand
     S-8fcb029420 RES        R43 rows 1 [0.47R 1%]: R_0603_1608Metric
        requirement: value 470mOhm; package 0603; tolerance_max_pct 1.0; power_min_w 0.1; tcr_max_ppm 200; resistor_kind current sense
        basis: tolerance_max_pct: stated; power_min_w: the package's standard rating; UNDERIVED: no current declared on its nets
        the design's code: C414503 from lcsc_fill.py MAP (^0\.47R 1%$ on R_0603)
        SELECTED: C414503 UNI-ROYAL(Uniroyal Elec) CS03W5F470LT5E 0603 (expand), stock 5024 against a need of 5; USD 0.0264 at 1, 0.0264 at 5; grade INSIDE (the catalogue line's operating temperature -55.0 to 155.0 C)
        checks: package MEETS (0603); resistance MEETS (470mOhm); tolerance MEETS (+-1%); power MEETS (200mW); temperature coefficient MEETS (+-200ppm/C)
        identity: DOCUMENT_OWED: no maker's ordering table in the tree decodes CS03W5F470LT5E (UNI-ROYAL(Uniroyal Elec))
        alternative: C186564 KOA Speer Elec SR731JTTDR470F, stock 709, expand
     S-d58aa066ad LED        D18 rows 1 [status (GPIO25)]: LED_0603_1608Metric
        requirement: value status (GPIO25)
        the design's code: C2986059 from lcsc_fill.py MAP (^status\b on LED_0603)
        SELECTED: C2986059 Everlight Elec 19-217/GHC-YR1S2/6T 0603 (expand), stock 309329 against a need of 5; USD 0.0178 at 1, 0.0178 at 5; grade INSIDE (the catalogue line's operating temperature -40.0 to 85.0 C)
        checks: package MEETS (0603); kind MEETS (-40C~+85C 120  25mA 3.3V 518nm 520nm~535nm 95mW Discrete Dio); colour MEETS (- Emerald Green Water Clear)
        identity: DOCUMENT_OWED: not a capacitor or resistor family
     S-fc60c3e172 OPEN       D1 rows 1 [3 mm MWARN red, sunlight viewable]: LED_D3.0mm
        a panel lamp whose intensity and viewing angle through its light guide are not stated (w5identc: CHOICE_OWED)
     S-d037f2cede OPEN       D2 rows 1 [3 mm MCAUT amber, sunlight viewable]: LED_D3.0mm
        a panel lamp whose intensity and viewing angle through its light guide are not stated (w5identc: CHOICE_OWED)
     S-7bf4b2ac53 OPEN       D3 rows 1 [3 mm TX red (RF hazard), sunlight viewable]: LED_D3.0mm
        a panel lamp whose intensity and viewing angle through its light guide are not stated (w5identc: CHOICE_OWED)
     S-d5859f628c OPEN       D4 rows 1 [3 mm SOSACT red, sunlight viewable]: LED_D3.0mm
        a panel lamp whose intensity and viewing angle through its light guide are not stated (w5identc: CHOICE_OWED)
     S-5129549cc5 OPEN       D5 rows 1 [3 mm SAT green, sunlight viewable]: LED_D3.0mm
        a panel lamp whose intensity and viewing angle through its light guide are not stated (w5identc: CHOICE_OWED)
     S-977c26bef7 OPEN       D6 rows 1 [3 mm MESH green, sunlight viewable]: LED_D3.0mm
        a panel lamp whose intensity and viewing angle through its light guide are not stated (w5identc: CHOICE_OWED)
     S-2ebc928830 OPEN       D7 rows 1 [3 mm LTE green, sunlight viewable]: LED_D3.0mm
        a panel lamp whose intensity and viewing angle through its light guide are not stated (w5identc: CHOICE_OWED)
     S-eabd0ebd9e OPEN       D8 rows 1 [3 mm GPS green, sunlight viewable]: LED_D3.0mm
        a panel lamp whose intensity and viewing angle through its light guide are not stated (w5identc: CHOICE_OWED)
     S-ff56863745 OPEN       D9 rows 1 [3 mm SHORE green, sunlight viewable]: LED_D3.0mm
        a panel lamp whose intensity and viewing angle through its light guide are not stated (w5identc: CHOICE_OWED)
     S-0f5317816f OPEN       D10 rows 1 [3 mm CHG white, sunlight viewable]: LED_D3.0mm
        a panel lamp whose intensity and viewing angle through its light guide are not stated (w5identc: CHOICE_OWED)
     S-8980a4551b OPEN       D11 rows 1 [3 mm MSG white, sunlight viewable]: LED_D3.0mm
        a panel lamp whose intensity and viewing angle through its light guide are not stated (w5identc: CHOICE_OWED)
     S-dd4f412083 OPEN       D12 rows 1 [3 mm BAT1 amber, sunlight viewable]: LED_D3.0mm
        a panel lamp whose intensity and viewing angle through its light guide are not stated (w5identc: CHOICE_OWED)
     S-6bb4ef8de2 OPEN       D13 rows 1 [3 mm BAT2 green, sunlight viewable]: LED_D3.0mm
        a panel lamp whose intensity and viewing angle through its light guide are not stated (w5identc: CHOICE_OWED)
     S-e780581586 OPEN       D14 rows 1 [3 mm BAT3 green, sunlight viewable]: LED_D3.0mm
        a panel lamp whose intensity and viewing angle through its light guide are not stated (w5identc: CHOICE_OWED)
     S-b37e94be3b OPEN       D15 rows 1 [3 mm BAT4 green, sunlight viewable]: LED_D3.0mm
        a panel lamp whose intensity and viewing angle through its light guide are not stated (w5identc: CHOICE_OWED)
     S-42e9b825ad OPEN       D16 rows 1 [3 mm BAT5 green, sunlight viewable]: LED_D3.0mm
        a panel lamp whose intensity and viewing angle through its light guide are not stated (w5identc: CHOICE_OWED)
     S-1972f6ded9 OPEN       D22 rows 1 [3 mm EMCON amber (hardware, no processor), sunlight viewable]: LED_D3.0mm
        a panel lamp whose intensity and viewing angle through its light guide are not stated (w5identc: CHOICE_OWED)
     S-a5c3762a4c SPECIAL    BZ1 rows 1 [IP67 panel-mount sounder, 5 V DC continuous, bezel gasket on]: PanelSounder
        names Floyd MC-09-530-Q (a CLASS: the value says so); no LCSC code in the netlist
     S-fdd8168950 SPECIAL    H1,H2,H3,H4,H5,H6+2 rows 8 [M3 x 6 into the face plate's self-clinching standoff: GND bo]: BackerScrew_M3_GND
        names no part by number (what it connects to, a class or a function); no identity
     S-13d7058c0e SPECIAL    J_EPD rows 1 [Hirose FH34SRJ-24S-0.5SH ZIF for the E2370KS0C1 flex (0.5 mm]: Hirose_FH34SRJ-24S
        names Hirose FH34SRJ-24S-0.5SH; no LCSC code in the netlist
     S-ce3bc3dcc6 SPECIAL    J_HSJ1 rows 1 [U-174/U headset jack 1 (Amphenol Nexus class, drawing owed):]: PanelJack_17mm
        names the part number U-174/U (a CLASS: the value says so); no LCSC code in the netlist
     S-d7fbcd75a0 SPECIAL    J_HSJ2 rows 1 [U-174/U headset jack 2 (Amphenol Nexus class, drawing owed):]: PanelJack_17mm
        names the part number U-174/U (a CLASS: the value says so); no LCSC code in the netlist
     S-30334f702e SPECIAL    J_PANEL rows 1 [panel ribbon from B16 J_PANEL (IDC 2x13 SMD, underside): 5 V]: IDC-Header_2x13_P2.54mm_Vertical_S
        an identity chosen on a page of record: PROCUREMENT.md HC6-SC-7: XFCN BH254VS-26P (C48687640), rule I-3; the netlist carries no code (the generator owner writes it)
     S-23fe50c33a SPECIAL    L1 rows 1 [10uH ATNR4010100MT 0.8 A (the boost inductor)]: L_APV_ANR4020
        names Arlitech Electronic Corp. ATNR4010100MT (a Layer 4 or earlier selection; Coilcraft parts are hand-fit, not in JLCPCB's catalogue)
     S-3a7e735184 SPECIAL    SW_EMCON rows 1 [EMCON locking toggle (closed = TX inhibit, a hardware line: ]: ToggleBody_SPDT
        names APEM 5636ADKB-2V; no LCSC code in the netlist
     S-722b702520 SPECIAL    SW_LIGHT rows 1 [LIGHTING DAY/NIGHT/BLACKOUT toggle DPDT ON-ON-ON (pole 1: ra]: ToggleBody_DPDT
        names NKK M2044SD3A01; no LCSC code in the netlist
     S-0a37bce91a SPECIAL    SW_MAIN rows 1 [MAIN PWR 19 mm momentary, green ring (to A22 J_MAINSW); C&K ]: PanelSwitch_19mm
        names C&K ATP19-SL1-603-B0SA-03G; no LCSC code in the netlist
     S-ff16699f19 SPECIAL    SW_PI rows 1 [PI 16 mm recessed momentary, amber ring (PI_SHDN_REQ to the ]: PanelSwitch_16mm
        names C&K ATP16-SL1-403-M0SA-04G; no LCSC code in the netlist
     S-6c7337d7a2 SPECIAL    SW_SOS rows 1 [SOS locking toggle, maintained (APEM 5636ADKB-2V, both posit]: ToggleBody_SPDT
        names APEM 5636ADKB-2V; no LCSC code in the netlist
     S-b2e775c075 SPECIAL    SW_TEST rows 1 [TEST/ACK 16 mm momentary, white ring; C&K ATP16-SL1-203-M0SA]: PanelSwitch_16mm
        names C&K ATP16-SL1-203-M0SA-04G; no LCSC code in the netlist
     S-617c909b60 SPECIAL    SW_ZERO rows 1 [ZEROIZE locking toggle, maintained (APEM 5636ADKB-2V, single]: ToggleBody_SPDT
        names APEM 5636ADKB-2V; no LCSC code in the netlist
     S-3da103208a SPECIAL    U5 rows 1 [TLV75533PDBV 3.3 V 500 mA LDO for the controller, expanders,]: SOT-23-5
        names the part number TLV75533PDBV; no LCSC code in the netlist
     S-772e38ca2c NOT_A_PART JP1 rows 1 [BOOTSEL: short while powering to enter the USB bootloader]: SolderJumper-2_P1.3mm_Open_Rounded
        a land on the board itself (rule N-1): SolderJumper-2_P1.3mm_Open_RoundedPad1.0x1.5mm
     S-fac864ded0 NOT_A_PART JP2 rows 1 [PANEL_ID strap (closed = variant B)]: SolderJumper-2_P1.3mm_Open_Rounded
        a land on the board itself (rule N-1): SolderJumper-2_P1.3mm_Open_RoundedPad1.0x1.5mm
     S-ccd83888e1 NOT_A_PART J_MAINSW rows 1 [MAIN button lead to A22 J_MAINSW (XH2.5 at the A22 end): two]: LeadLands_1x02
        a land on the board itself (rule N-1): LeadLands_1x02
     S-f85fe2a707 NOT_A_PART J_PIJ2 rows 1 [PI button lead: two solder lands on the underside (the contr]: LeadLands_1x02
        a land on the board itself (rule N-1): LeadLands_1x02

   BOARD B: 93 selections over 894 rows; SELECTED 56 (840 rows); SPECIAL 37 (54 rows)
     S-bb20d24f98 CAP        C1,C101,C102,C103,C104,C2+8 rows 14 [100u 10V]: C_1206_3216Metric
        requirement: value 100uF; package 1206; dielectric X7R; v_rating_min 10.0; tolerance_max_pct 20.0
        basis: dielectric: rule C-D3: class 2 (above 1 nF, or a 1206 or larger land), unstated; X7R, X8R or C0G accepted; X5R only where stated or by rule C-D3b; v_rating_min: stated; tolerance_max_pct: rule C-T2: class 2 at 10 uF and above, unstated
        the design's code: C6119961 from lcsc_fill.py MAP (^100u 10V$ on C_1206)
        SELECTED: C6119961 HRE CGA1206X5R107M100NT 1206 (expand), stock 23194 against a need of 70; USD 0.2416 at 1, 0.1896 at 70; grade INSIDE (the dielectric class code X5R (its range is the code) -55 to 85 C)
        checks: package MEETS (1206); capacitance MEETS (100uF); rated voltage MEETS (10V); dielectric MEETS (X5R); tolerance MEETS (+-20%); construction MEETS (multilayer ceramic)
        rule C-D3b: no X7R line read meets the value, land and rating with stock; an X5R part is taken and the hot-spot question is OPEN
        identity: DOCUMENT_OWED: no maker's ordering table in the tree decodes CGA1206X5R107M100NT (HRE)
        alternative: C76656 TDK C3216X5R1A107MT0A0E, stock 585, expand
     S-66af112614 CAP        C10,C111,C118,C128,C133,C211+8 rows 14 [100n]: C_0603_1608Metric
        requirement: value 100nF; package 0603; dielectric X7R; v_rating_min 10.0; tolerance_max_pct 10.0
        basis: dielectric: rule C-D3: class 2 (above 1 nF, or a 1206 or larger land), unstated; X7R, X8R or C0G accepted; X5R only where stated or by rule C-D3b; v_rating_min: derived: 5.50 V across it (DECLARED) at the 20 percent margin | derived: 6.00 V across it (DECLARED) at the 20 percent margin; tolerance_max_pct: rule C-T2: class 2 below 10 uF, unstated
        the design's code: C113803 from lcsc_fill.py MAP (^100n on C_0603)
        SELECTED: C113803 YAGEO CC0603KRX7R0BB104 0603 (expand), stock 1777253 against a need of 70; USD 0.0114 at 1, 0.0114 at 70; grade INSIDE (the dielectric class code X7R (its range is the code) -55 to 125 C)
        checks: package MEETS (0603); capacitance MEETS (100nF); rated voltage MEETS (100V); dielectric MEETS (X7R); tolerance MEETS (+-10%); construction MEETS (multilayer ceramic)
        identity: DECODED on v2/vendor/passives/yageo-cc-series.pdf p.2 (page 2 decodes it: value, package, tolerance, voltage, dielectric, construction)
        alternative: C76711 TDK CGA3E2X7R1H104KT0Y0N, stock 515455, expand
     S-46730e2d9f CAP        C11,C129,C134,C229,C234,C329+1 rows 7 [10n]: C_0603_1608Metric
        requirement: value 10nF; package 0603; dielectric X7R; v_rating_min 16.0; tolerance_max_pct 10.0
        basis: dielectric: rule C-D3: class 2 (above 1 nF, or a 1206 or larger land), unstated; X7R, X8R or C0G accepted; X5R only where stated or by rule C-D3b; v_rating_min: derived: 10.50 V across it (BOUND) at the 20 percent margin | derived: 10.60 V across it (BOUND) at the 20 percent margin; tolerance_max_pct: rule C-T2: class 2 below 10 uF, unstated
        the design's code: C57112 from lcsc_fill.py MAP (^10n$ on C_0603)
        SELECTED: C57112 FH (Guangdong Fenghua Advanced Tech) 0603B103K500NT 0603 (base), stock 6792714 against a need of 35; USD 0.0108 at 1, 0.0108 at 35; grade INSIDE (the dielectric class code X7R (its range is the code) -55 to 125 C)
        checks: package MEETS (0603); capacitance MEETS (10nF); rated voltage MEETS (50V); dielectric MEETS (X7R); tolerance MEETS (+-10%); construction MEETS (multilayer ceramic)
        identity: DOCUMENT_OWED: no maker's ordering table in the tree decodes 0603B103K500NT (FH (Guangdong Fenghua Advanced Tech))
        alternative: C100042 YAGEO CC0603KRX7R9BB103, stock 2132476, expand
     S-5eeee312c8 CAP        C12,C13,C163,C193,C263,C293+8 rows 14 [1u]: C_0603_1608Metric
        requirement: value 1uF; package 0603; dielectric X7R; v_rating_min 6.3; tolerance_max_pct 10.0
        basis: dielectric: rule C-D3: class 2 (above 1 nF, or a 1206 or larger land), unstated; X7R, X8R or C0G accepted; X5R only where stated or by rule C-D3b; v_rating_min: derived: 2.50 V across it (DECLARED) at the 20 percent margin | derived: 3.30 V across it (BOUND) at the 20 percent margin | derived: 3.30 V across it (DECLARED) at the 20 percent margin | derived: 5.00 V across it (DECLARED) at the 20 per
        the design's code: C559769 from lcsc_fill.py MAP (^1u$ on C_0603)
        SELECTED: C559769 YAGEO CC0603KRX7R9BB105 0603 (expand), stock 826024 against a need of 70; USD 0.0595 at 1, 0.0595 at 70; grade INSIDE (the dielectric class code X7R (its range is the code) -55 to 125 C)
        checks: package MEETS (0603); capacitance MEETS (1uF); rated voltage MEETS (50V); dielectric MEETS (X7R); tolerance MEETS (+-10%); construction MEETS (multilayer ceramic)
        identity: DECODED on v2/vendor/passives/yageo-cc-series.pdf p.2 (page 2 decodes it: value, package, tolerance, voltage, dielectric, construction)
        alternative: C76708 TDK CGA3E1X7R1E105KT0Y0E, stock 61865, expand
     S-7b20ca2de1 CAP        C14,C15,C164,C165,C264,C265+8 rows 14 [18p]: C_0402_1005Metric
        requirement: value 18pF; package 0402; dielectric C0G; v_rating_min 6.3; tolerance_max_pct 5.0
        basis: dielectric: rule C-D1: a crystal's load capacitor (a crystal shares its net); v_rating_min: derived: 3.30 V across it (BOUND) at the 20 percent margin; tolerance_max_pct: rule C-T1: class 1, unstated
        the design's code: C106202 from lcsc_fill.py MAP (^18p on C_0402)
        SELECTED: C106202 YAGEO CC0402JRNPO9BN180 0402 (expand), stock 1997102 against a need of 70; USD 0.0046 at 1, 0.0046 at 70; grade INSIDE (the dielectric class code C0G (its range is the code) -55 to 125 C)
        checks: package MEETS (0402); capacitance MEETS (18pF); rated voltage MEETS (50V); dielectric MEETS (NP0); tolerance MEETS (+-5%); construction MEETS (multilayer ceramic)
        identity: DOCUMENT_OWED: no maker's ordering table in the tree decodes CC0402JRNPO9BN180 (YAGEO)
        alternative: C338135 Walsin Tech Corp 0402N180J500CT, stock 16405, expand
     S-5cf18f994d CAP        C29,C30,C31,C32 rows 4 [100n]: C_0603_1608Metric
        requirement: value 100nF; package 0603; dielectric X7R; v_rating_min 100.0; tolerance_max_pct 10.0
        basis: dielectric: rule C-D3: class 2 (above 1 nF, or a 1206 or larger land), unstated; X7R, X8R or C0G accepted; X5R only where stated or by rule C-D3b; v_rating_min: derived: 57.00 V across it (BOUND) at the 20 percent margin; tolerance_max_pct: rule C-T2: class 2 below 10 uF, unstated
        the design's code: C113803 from lcsc_fill.py MAP (^100n on C_0603)
        SELECTED: C113803 YAGEO CC0603KRX7R0BB104 0603 (expand), stock 1777253 against a need of 20; USD 0.0114 at 1, 0.0114 at 20; grade INSIDE (the dielectric class code X7R (its range is the code) -55 to 125 C)
        checks: package MEETS (0603); capacitance MEETS (100nF); rated voltage MEETS (100V); dielectric MEETS (X7R); tolerance MEETS (+-10%); construction MEETS (multilayer ceramic)
        identity: DECODED on v2/vendor/passives/yageo-cc-series.pdf p.2 (page 2 decodes it: value, package, tolerance, voltage, dielectric, construction)
        alternative: C696916 CCTC TCC0603X7R104K101CT, stock 441349, expand
     S-6de32ddb37 CAP        C33 rows 1 [1n 2kV]: C_1812_4532Metric
        requirement: value 1nF; package 1812; dielectric X7R; v_rating_min 2000.0; tolerance_max_pct 10.0
        basis: dielectric: rule C-D3: class 2 (above 1 nF, or a 1206 or larger land), unstated; X7R, X8R or C0G accepted; X5R only where stated or by rule C-D3b; v_rating_min: stated; tolerance_max_pct: rule C-T2: class 2 below 10 uF, unstated
        the design's code: C36077 from lcsc_fill.py MAP (^1n 2kV on C_1812)
        SELECTED: C36077 FH (Guangdong Fenghua Advanced Tech) 1812B102K202NT 1812 (expand), stock 1390 against a need of 5; USD 0.134 at 1, 0.134 at 5; grade INSIDE (the dielectric class code X7R (its range is the code) -55 to 125 C)
        checks: package MEETS (1812); capacitance MEETS (1nF); rated voltage MEETS (2kV); dielectric MEETS (X7R); tolerance MEETS (+-10%); construction MEETS (multilayer ceramic)
        identity: DOCUMENT_OWED: no maker's ordering table in the tree decodes 1812B102K202NT (FH (Guangdong Fenghua Advanced Tech))
        alternative: C118019 YAGEO CC1812KKX7RDBB102, stock 11544, expand
     S-d461db023a CAP        C42 rows 1 [47p]: C_0402_1005Metric
        requirement: value 47pF; package 0402; dielectric C0G; v_rating_min 6.3; tolerance_max_pct 5.0
        basis: dielectric: rule C-D2: 1 nF and below on a signal-size land (0805 and smaller), unstated; v_rating_min: derived: 3.30 V across it (DECLARED) at the 20 percent margin; tolerance_max_pct: rule C-T1: class 1, unstated
        the design's code: C60137 from lcsc_fill.py MAP (^47p on C_0402)
        SELECTED: C60137 YAGEO CC0402JRNPO9BN470 0402 (expand), stock 4055025 against a need of 5; USD 0.0016 at 1, 0.0016 at 5; grade INSIDE (the dielectric class code C0G (its range is the code) -55 to 125 C)
        checks: package MEETS (0402); capacitance MEETS (47pF); rated voltage MEETS (50V); dielectric MEETS (NP0); tolerance MEETS (+-5%); construction MEETS (multilayer ceramic)
        identity: DOCUMENT_OWED: no maker's ordering table in the tree decodes CC0402JRNPO9BN470 (YAGEO)
        alternative: C338134 Walsin Tech Corp 0402N470J500CT, stock 44174, expand
     S-5ae2e5c268 CAP        C43,C48,C50,C551,C553,C555+3 rows 9 [4.7u]: C_0805_2012Metric
        requirement: value 4.7uF; package 0805; dielectric X7R; v_rating_min 6.3; tolerance_max_pct 10.0
        basis: dielectric: rule C-D3: class 2 (above 1 nF, or a 1206 or larger land), unstated; X7R, X8R or C0G accepted; X5R only where stated or by rule C-D3b; v_rating_min: derived: 3.00 V across it (DECLARED) at the 20 percent margin | derived: 3.60 V across it (DECLARED) at the 20 percent margin | derived: 5.00 V across it (DECLARED) at the 20 percent margin; tolerance_max_pct: rule C-T2: class 2 below 10 u
        the design's code: C354262 from lcsc_fill.py MAP (^4\.7u$ on C_0805)
        SELECTED: C354262 YAGEO CC0805KKX7R8BB475 0805 (expand), stock 580282 against a need of 45; USD 0.0721 at 1, 0.0721 at 45; grade INSIDE (the dielectric class code X7R (its range is the code) -55 to 125 C)
        checks: package MEETS (0805); capacitance MEETS (4.7uF); rated voltage MEETS (25V); dielectric MEETS (X7R); tolerance MEETS (+-10%); construction MEETS (multilayer ceramic)
        identity: DECODED on v2/vendor/passives/yageo-cc-series.pdf p.2 (page 2 decodes it: value, package, tolerance, voltage, dielectric, construction)
        alternative: C76642 TDK C2012X7R1E475KT000N, stock 23914, expand
     S-748febfdb7 CAP        C45,C52 rows 2 [1n]: C_0603_1608Metric
        requirement: value 1nF; package 0603; dielectric C0G; v_rating_min 6.3; tolerance_max_pct 5.0
        basis: dielectric: rule C-D2: 1 nF and below on a signal-size land (0805 and smaller), unstated; v_rating_min: derived: 3.30 V across it (BOUND) at the 20 percent margin | derived: 5.00 V across it (BOUND) at the 20 percent margin; tolerance_max_pct: rule C-T1: class 1, unstated
        the design's code: C113793 from lcsc_fill.py MAP (^1n$ on C_0603)
        SELECTED: C113793 YAGEO CC0603JRNPO0BN102 0603 (expand), stock 100133 against a need of 10; USD 0.02 at 1, 0.02 at 10; grade INSIDE (the dielectric class code C0G (its range is the code) -55 to 125 C)
        checks: package MEETS (0603); capacitance MEETS (1nF); rated voltage MEETS (100V); dielectric MEETS (NP0); tolerance MEETS (+-5%); construction MEETS (multilayer ceramic)
        identity: DOCUMENT_OWED: no maker's ordering table in the tree decodes CC0603JRNPO0BN102 (YAGEO)
        alternative: C384777 Walsin Tech Corp 0603N102F500CT, stock 40643, expand
     S-0a358a2812 CAP        C74 rows 1 [33p]: C_0402_1005Metric
        requirement: value 33pF; package 0402; dielectric C0G; v_rating_min 6.3; tolerance_max_pct 5.0
        basis: dielectric: rule C-D2: 1 nF and below on a signal-size land (0805 and smaller), unstated; v_rating_min: derived: 3.00 V across it (DECLARED) at the 20 percent margin; tolerance_max_pct: rule C-T1: class 1, unstated
        the design's code: C107005 from lcsc_fill.py MAP (^33p on C_0402)
        SELECTED: C107005 YAGEO CC0402JRNPO9BN330 0402 (expand), stock 435202 against a need of 5; USD 0.0036 at 1, 0.0036 at 5; grade INSIDE (the dielectric class code C0G (its range is the code) -55 to 125 C)
        checks: package MEETS (0402); capacitance MEETS (33pF); rated voltage MEETS (50V); dielectric MEETS (NP0); tolerance MEETS (+-5%); construction MEETS (multilayer ceramic)
        identity: DOCUMENT_OWED: no maker's ordering table in the tree decodes CC0402JRNPO9BN330 (YAGEO)
        alternative: C338125 Walsin Tech Corp 0402N330J500CT, stock 30006, expand
     S-6d1de2f8e8 CAP        C105,C106,C107,C108,C109,C125+36 rows 42 [10u]: C_0805_2012Metric
        requirement: value 10uF; package 0805; dielectric X7R; v_rating_min 6.3; tolerance_max_pct 20.0
        basis: dielectric: rule C-D3: class 2 (above 1 nF, or a 1206 or larger land), unstated; X7R, X8R or C0G accepted; X5R only where stated or by rule C-D3b; v_rating_min: derived: 1.00 V across it (DECLARED) at the 20 percent margin | derived: 1.10 V across it (DECLARED) at the 20 percent margin | derived: 3.30 V across it (BOUND) at the 20 percent margin | derived: 3.30 V across it (DECLARED) at the 20 per
        the design's code: C326595 from lcsc_fill.py MAP (^10u$ on C_0805)
        SELECTED: C326595 YAGEO CC0805KKX7R7BB106 0805 (expand), stock 265735 against a need of 210; USD 0.1295 at 1, 0.1007 at 210; grade INSIDE (the dielectric class code X7R (its range is the code) -55 to 125 C)
        checks: package MEETS (0805); capacitance MEETS (10uF); rated voltage MEETS (16V); dielectric MEETS (X7R); tolerance MEETS (+-10%); construction MEETS (multilayer ceramic)
        identity: DECODED on v2/vendor/passives/yageo-cc-series.pdf p.2 (page 2 decodes it: value, package, tolerance, voltage, dielectric, construction)
        alternative: C342745 TDK C2012X7R1A106KT0A0E, stock 2214, expand
     S-45ad5deffe CAP        C110,C135,C136,C137,C138,C139+253 rows 259 [100n]: C_0603_1608Metric
        requirement: value 100nF; package 0603; dielectric X7R; v_rating_min 6.3; tolerance_max_pct 10.0
        basis: dielectric: rule C-D3: class 2 (above 1 nF, or a 1206 or larger land), unstated; X7R, X8R or C0G accepted; X5R only where stated or by rule C-D3b; v_rating_min: derived: 1.00 V across it (DECLARED) at the 20 percent margin | derived: 1.10 V across it (DECLARED) at the 20 percent margin | derived: 1.20 V across it (DECLARED) at the 20 percent margin | derived: 2.50 V across it (DECLARED) at the 20 
        the design's code: C113803 from lcsc_fill.py MAP (^100n on C_0603)
        SELECTED: C113803 YAGEO CC0603KRX7R0BB104 0603 (expand), stock 1777253 against a need of 1295; USD 0.0114 at 1, 0.0087 at 1295; grade INSIDE (the dielectric class code X7R (its range is the code) -55 to 125 C)
        checks: package MEETS (0603); capacitance MEETS (100nF); rated voltage MEETS (100V); dielectric MEETS (X7R); tolerance MEETS (+-10%); construction MEETS (multilayer ceramic)
        identity: DECODED on v2/vendor/passives/yageo-cc-series.pdf p.2 (page 2 decodes it: value, package, tolerance, voltage, dielectric, construction)
        alternative: C76711 TDK CGA3E2X7R1H104KT0Y0N, stock 515455, expand
     S-e3ac376f3f CAP        C112,C113,C114,C115,C116,C119+24 rows 30 [22u 10V X7R 1210]: C_1210_3225Metric
        requirement: value 22uF; package 1210; dielectric X7R; v_rating_min 10.0; tolerance_max_pct 20.0
        basis: dielectric: stated; v_rating_min: stated; tolerance_max_pct: rule C-T2: class 2 at 10 uF and above, unstated
        the design's code: C2918511 from lcsc_fill.py MAP (^22u (10|25)V( X7R)? 1210 on C_1210)
        SELECTED: C2918511 Samwha Capacitor CS3225X7R226K250NRL 1210 (expand), stock 86658 against a need of 150; USD 0.1626 at 1, 0.1155 at 150; grade INSIDE (the dielectric class code X7R (its range is the code) -55 to 125 C)
        checks: package MEETS (1210); capacitance MEETS (22uF); rated voltage MEETS (25V); dielectric MEETS (X7R); tolerance MEETS (+-10%); construction MEETS (multilayer ceramic)
        identity: DOCUMENT_OWED: no maker's ordering table in the tree decodes CS3225X7R226K250NRL (Samwha Capacitor)
        alternative: C5341638 YAGEO CC1210KKX7R8BB226, stock 75097, expand
     S-23fb1499ea CAP        C117,C124,C224,C317,C324 rows 5 [3.3n]: C_0603_1608Metric
        requirement: value 3.3nF; package 0603; dielectric X7R; v_rating_min 16.0; tolerance_max_pct 10.0
        basis: dielectric: rule C-D3: class 2 (above 1 nF, or a 1206 or larger land), unstated; X7R, X8R or C0G accepted; X5R only where stated or by rule C-D3b; v_rating_min: derived: 11.10 V across it (BOUND) at the 20 percent margin; tolerance_max_pct: rule C-T2: class 2 below 10 uF, unstated
        the design's code: C1613 from lcsc_fill.py MAP (^3\.3n$ on C_0603)
        SELECTED: C1613 Samsung Electro-Mechanics CL10B332KB8NNNC 0603 (base), stock 220975 against a need of 25; USD 0.0083 at 1, 0.0083 at 25; grade INSIDE (the dielectric class code X7R (its range is the code) -55 to 125 C)
        checks: package MEETS (0603); capacitance MEETS (3.3nF); rated voltage MEETS (50V); dielectric MEETS (X7R); tolerance MEETS (+-10%); construction MEETS (multilayer ceramic)
        identity: DOCUMENT_OWED: no maker's ordering table in the tree decodes CL10B332KB8NNNC (Samsung Electro-Mechanics)
        alternative: C107088 YAGEO CC0603KRX7R9BB332, stock 583211, expand
     S-fe4e511d9c CAP        C126,C127,C131,C132,C149,C157+21 rows 27 [22u 6.3V]: C_0805_2012Metric
        requirement: value 22uF; package 0805; dielectric X7R; v_rating_min 6.3; tolerance_max_pct 20.0
        basis: dielectric: rule C-D3: class 2 (above 1 nF, or a 1206 or larger land), unstated; X7R, X8R or C0G accepted; X5R only where stated or by rule C-D3b; v_rating_min: stated; tolerance_max_pct: rule C-T2: class 2 at 10 uF and above, unstated
        the design's code: C53133025 from lcsc_fill.py MAP (^22u 6\.3V on C_0805)
        SELECTED: C53133025 CCTC TCC0805X7R226M100FT 0805 (expand), stock 11781 against a need of 135; USD 0.1104 at 1, 0.087 at 135; grade INSIDE (the dielectric class code X7R (its range is the code) -55 to 125 C)
        checks: package MEETS (0805); capacitance MEETS (22uF); rated voltage MEETS (10V); dielectric MEETS (X7R); tolerance MEETS (+-20%); construction MEETS (multilayer ceramic)
        identity: DOCUMENT_OWED: no maker's ordering table in the tree decodes TCC0805X7R226M100FT (CCTC)
        alternative: C23692981 HRE CGA0805X7R226M100MT, stock 8675, expand
     S-e5f04ad3cd CAP        C151,C152,C153,C154,C155,C156+12 rows 18 [220n 16V (PCIe AC coupling at the switch transmitter, W3-F01]: C_0402_1005Metric
        requirement: value 220nF; package 0402; dielectric X7R; v_rating_min 16.0; tolerance_max_pct 10.0
        basis: dielectric: rule C-D3: class 2 (above 1 nF, or a 1206 or larger land), unstated; X7R, X8R or C0G accepted; X5R only where stated or by rule C-D3b; v_rating_min: stated; tolerance_max_pct: rule C-T2: class 2 below 10 uF, unstated
        the design's code: C696846 from lcsc_fill.py MAP (^220n on C_0402)
        SELECTED: C696846 CCTC TCC0402X7R224K160AT 0402 (expand), stock 192168 against a need of 90; USD 0.0047 at 1, 0.0047 at 90; grade INSIDE (the dielectric class code X7R (its range is the code) -55 to 125 C)
        checks: package MEETS (0402); capacitance MEETS (220nF); rated voltage MEETS (16V); dielectric MEETS (X7R); tolerance MEETS (+-10%); construction MEETS (multilayer ceramic)
        identity: DOCUMENT_OWED: no maker's ordering table in the tree decodes TCC0402X7R224K160AT (CCTC)
        alternative: C326590 YAGEO CC0402KRX7R7BB224, stock 55381, expand
     S-4f20f56619 CAP        C159,C160,C161,C162,C175,C176+27 rows 33 [100n]: C_0402_1005Metric
        requirement: value 100nF; package 0402; dielectric X7R; v_rating_min 6.3; tolerance_max_pct 10.0
        basis: dielectric: rule C-D3: class 2 (above 1 nF, or a 1206 or larger land), unstated; X7R, X8R or C0G accepted; X5R only where stated or by rule C-D3b; v_rating_min: derived: 3.30 V across it (BOUND) at the 20 percent margin | derived: 3.46 V across it (DECLARED) at the 20 percent margin | derived: 5.00 V across it (BOUND) at the 20 percent margin | derived: 5.10 V across it (BOUND) at the 20 percent m
        the design's code: C60474 from lcsc_fill.py MAP (^100n on C_0402)
        SELECTED: C60474 YAGEO CC0402KRX7R7BB104 0402 (expand), stock 16055555 against a need of 165; USD 0.0048 at 1, 0.0048 at 165; grade INSIDE (the dielectric class code X7R (its range is the code) -55 to 125 C)
        checks: package MEETS (0402); capacitance MEETS (100nF); rated voltage MEETS (16V); dielectric MEETS (X7R); tolerance MEETS (+-10%); construction MEETS (multilayer ceramic)
        identity: DECODED on v2/vendor/passives/yageo-cc-series.pdf p.2 (page 2 decodes it: value, package, tolerance, voltage, dielectric, construction)
        alternative: C343042 TDK CGA2B3X7R1H104KT0Y0F, stock 178713, expand
     S-c3b1fd3d50 CAP        C195,C196,C295,C296,C395,C396 rows 6 [100n 16V (REFCLK AC coupling, DS40068 3.1, W3-F03)]: C_0402_1005Metric
        requirement: value 100nF; package 0402; dielectric X7R; v_rating_min 16.0; tolerance_max_pct 10.0
        basis: dielectric: rule C-D3: class 2 (above 1 nF, or a 1206 or larger land), unstated; X7R, X8R or C0G accepted; X5R only where stated or by rule C-D3b; v_rating_min: stated; tolerance_max_pct: rule C-T2: class 2 below 10 uF, unstated
        the design's code: C60474 from lcsc_fill.py MAP (^100n on C_0402)
        SELECTED: C60474 YAGEO CC0402KRX7R7BB104 0402 (expand), stock 16055555 against a need of 30; USD 0.0048 at 1, 0.0048 at 30; grade INSIDE (the dielectric class code X7R (its range is the code) -55 to 125 C)
        checks: package MEETS (0402); capacitance MEETS (100nF); rated voltage MEETS (16V); dielectric MEETS (X7R); tolerance MEETS (+-10%); construction MEETS (multilayer ceramic)
        identity: DECODED on v2/vendor/passives/yageo-cc-series.pdf p.2 (page 2 decodes it: value, package, tolerance, voltage, dielectric, construction)
        alternative: C343042 TDK CGA2B3X7R1H104KT0Y0F, stock 178713, expand
     S-53f742e1fe CAP        C217 rows 1 [3.3n]: C_0603_1608Metric
        requirement: value 3.3nF; package 0603; dielectric X7R; v_rating_min 6.3; tolerance_max_pct 10.0
        basis: dielectric: rule C-D3: class 2 (above 1 nF, or a 1206 or larger land), unstated; X7R, X8R or C0G accepted; X5R only where stated or by rule C-D3b; v_rating_min: derived: 5.10 V across it (BOUND) at the 20 percent margin; tolerance_max_pct: rule C-T2: class 2 below 10 uF, unstated
        the design's code: C1613 from lcsc_fill.py MAP (^3\.3n$ on C_0603)
        SELECTED: C1613 Samsung Electro-Mechanics CL10B332KB8NNNC 0603 (base), stock 220975 against a need of 5; USD 0.0083 at 1, 0.0083 at 5; grade INSIDE (the dielectric class code X7R (its range is the code) -55 to 125 C)
        checks: package MEETS (0603); capacitance MEETS (3.3nF); rated voltage MEETS (50V); dielectric MEETS (X7R); tolerance MEETS (+-10%); construction MEETS (multilayer ceramic)
        identity: DOCUMENT_OWED: no maker's ordering table in the tree decodes CL10B332KB8NNNC (Samsung Electro-Mechanics)
        alternative: C107088 YAGEO CC0603KRX7R9BB332, stock 583211, expand
     S-59e91f17ac CAP        C407,C408,C427,C428,C447,C448 rows 6 [2.2u]: C_0603_1608Metric
        requirement: value 2.2uF; package 0603; dielectric X7R; v_rating_min 6.3; tolerance_max_pct 10.0
        basis: dielectric: rule C-D3: class 2 (above 1 nF, or a 1206 or larger land), unstated; X7R, X8R or C0G accepted; X5R only where stated or by rule C-D3b; v_rating_min: derived: 1.40 V across it (DECLARED) at the 20 percent margin; tolerance_max_pct: rule C-T2: class 2 below 10 uF, unstated
        the design's code: C513691 from lcsc_fill.py MAP (^2\.2u$ on C_0603)
        SELECTED: C513691 YAGEO CC0603KRX7R6BB225 0603 (expand), stock 390279 against a need of 30; USD 0.0441 at 1, 0.0441 at 30; grade INSIDE (the dielectric class code X7R (its range is the code) -55 to 125 C)
        checks: package MEETS (0603); capacitance MEETS (2.2uF); rated voltage MEETS (10V); dielectric MEETS (X7R); tolerance MEETS (+-10%); construction MEETS (multilayer ceramic)
        identity: DECODED on v2/vendor/passives/yageo-cc-series.pdf p.2 (page 2 decodes it: value, package, tolerance, voltage, dielectric, construction)
        alternative: C342879 TDK CGA3E1X7R0J225KT0Y0E, stock 1218, expand
     S-74654618a2 CAP        C460,C461,C506,C507 rows 4 [4.7n]: C_0603_1608Metric
        requirement: value 4.7nF; package 0603; dielectric X7R; v_rating_min 6.3; tolerance_max_pct 10.0
        basis: dielectric: rule C-D3: class 2 (above 1 nF, or a 1206 or larger land), unstated; X7R, X8R or C0G accepted; X5R only where stated or by rule C-D3b; v_rating_min: derived: 3.30 V across it (BOUND) at the 20 percent margin; tolerance_max_pct: rule C-T2: class 2 below 10 uF, unstated
        the design's code: C53987 from lcsc_fill.py MAP (^4\.7n on C_0603)
        SELECTED: C53987 FH (Guangdong Fenghua Advanced Tech) 0603B472K500NT 0603 (base), stock 885925 against a need of 20; USD 0.0092 at 1, 0.0092 at 20; grade INSIDE (the dielectric class code X7R (its range is the code) -55 to 125 C)
        checks: package MEETS (0603); capacitance MEETS (4.7nF); rated voltage MEETS (50V); dielectric MEETS (X7R); tolerance MEETS (+-10%); construction MEETS (multilayer ceramic)
        identity: DOCUMENT_OWED: no maker's ordering table in the tree decodes 0603B472K500NT (FH (Guangdong Fenghua Advanced Tech))
        alternative: C106218 YAGEO CC0603KRX7R9BB472, stock 2508248, expand
     S-8b55c1443b CAP        C481,C482,C483,C56,C61 rows 5 [10n]: C_0603_1608Metric
        requirement: value 10nF; package 0603; dielectric X7R; v_rating_min 6.3; tolerance_max_pct 10.0
        basis: dielectric: rule C-D3: class 2 (above 1 nF, or a 1206 or larger land), unstated; X7R, X8R or C0G accepted; X5R only where stated or by rule C-D3b; v_rating_min: derived: 3.30 V across it (DECLARED) at the 20 percent margin | derived: 5.00 V across it (BOUND) at the 20 percent margin; tolerance_max_pct: rule C-T2: class 2 below 10 uF, unstated
        the design's code: C57112 from lcsc_fill.py MAP (^10n$ on C_0603)
        SELECTED: C57112 FH (Guangdong Fenghua Advanced Tech) 0603B103K500NT 0603 (base), stock 6792714 against a need of 25; USD 0.0108 at 1, 0.0108 at 25; grade INSIDE (the dielectric class code X7R (its range is the code) -55 to 125 C)
        checks: package MEETS (0603); capacitance MEETS (10nF); rated voltage MEETS (50V); dielectric MEETS (X7R); tolerance MEETS (+-10%); construction MEETS (multilayer ceramic)
        identity: DOCUMENT_OWED: no maker's ordering table in the tree decodes 0603B103K500NT (FH (Guangdong Fenghua Advanced Tech))
        alternative: C100042 YAGEO CC0603KRX7R9BB103, stock 2132476, expand
     S-d67c10e55e CAP        C500,C501,C502,C503,C504,C505 rows 6 [22p]: C_0402_1005Metric
        requirement: value 22pF; package 0402; dielectric C0G; v_rating_min 35.0; tolerance_max_pct 5.0
        basis: dielectric: rule C-D2: 1 nF and below on a signal-size land (0805 and smaller), unstated; v_rating_min: derived: 24.54 V across it (DECLARED) at the 20 percent margin; tolerance_max_pct: rule C-T1: class 1, unstated
        the design's code: C106203 from lcsc_fill.py MAP (^22p on C_0402)
        SELECTED: C106203 YAGEO CC0402JRNPO9BN220 0402 (expand), stock 3044125 against a need of 30; USD 0.0044 at 1, 0.0044 at 30; grade INSIDE (the dielectric class code C0G (its range is the code) -55 to 125 C)
        checks: package MEETS (0402); capacitance MEETS (22pF); rated voltage MEETS (50V); dielectric MEETS (NP0); tolerance MEETS (+-5%); construction MEETS (multilayer ceramic)
        identity: DOCUMENT_OWED: no maker's ordering table in the tree decodes CC0402JRNPO9BN220 (YAGEO)
        alternative: C338129 Walsin Tech Corp 0402N220J500CT, stock 137125, expand
     S-d499541fe0 RES        R1,R103,R108,R113,R115,R144+12 rows 18 [10k 1%]: R_0603_1608Metric
        requirement: value 10kOhm; package 0603; tolerance_max_pct 1.0; power_min_w 0.1; resistor_kind general
        basis: tolerance_max_pct: stated; power_min_w: rule R-P0: the package's standard rating; not checked (no exact voltage across it)
        the design's code: C25804 from lcsc_fill.py MAP (^10k 1% on R_0603)
        SELECTED: C25804 UNI-ROYAL(Uniroyal Elec) 0603WAF1002T5E 0603 (base), stock 23012552 against a need of 90; USD 0.0018 at 1, 0.0018 at 90; grade INSIDE (the catalogue line's operating temperature -55.0 to 155.0 C)
        checks: package MEETS (0603); resistance MEETS (10kOhm); tolerance MEETS (+-1%); power MEETS (100mW); working voltage MEETS (75V)
        identity: DECODED on v2/vendor/passives/held/uniroyal-series-11cd644d.pdf p.2 (page 2 decodes it: value, package, tolerance, power)
        alternative: C98220 YAGEO RC0603FR-0710KL, stock 12103100, expand
     S-07308bb177 RES        R2 rows 1 [20.0k 1%]: R_0603_1608Metric
        requirement: value 20kOhm; package 0603; tolerance_max_pct 1.0; power_min_w 0.1; resistor_kind general
        basis: tolerance_max_pct: stated; power_min_w: rule R-P0: the package's standard rating; not checked (no exact voltage across it)
        the design's code: C4184 from lcsc_fill.py MAP (^20\.0k 1% on R_0603)
        SELECTED: C4184 UNI-ROYAL(Uniroyal Elec) 0603WAF2002T5E 0603 (base), stock 8033437 against a need of 5; USD 0.0023 at 1, 0.0023 at 5; grade INSIDE (the catalogue line's operating temperature -55.0 to 155.0 C)
        checks: package MEETS (0603); resistance MEETS (20kOhm); tolerance MEETS (+-1%); power MEETS (100mW); working voltage MEETS (75V)
        identity: DECODED on v2/vendor/passives/held/uniroyal-series-11cd644d.pdf p.2 (page 2 decodes it: value, package, tolerance, power)
        alternative: C105575 YAGEO RC0603FR-0720KL, stock 3558197, expand
     S-1d958fa619 RES        R3 rows 1 [6.04k 1% (ISET)]: R_0603_1608Metric
        requirement: value 6.04kOhm; package 0603; tolerance_max_pct 1.0; power_min_w 0.1; resistor_kind general
        basis: tolerance_max_pct: stated; power_min_w: rule R-P0: the package's standard rating; not checked (no exact voltage across it)
        the design's code: C25977 from lcsc_fill.py MAP (^6\.04k 1% on R_0603)
        SELECTED: C25977 UNI-ROYAL(Uniroyal Elec) 0603WAF6041T5E 0603 (expand), stock 49951 against a need of 5; USD 0.0012 at 1, 0.0012 at 5; grade INSIDE (the catalogue line's operating temperature -55.0 to 155.0 C)
        checks: package MEETS (0603); resistance MEETS (6.04kOhm); tolerance MEETS (+-1%); power MEETS (100mW); working voltage MEETS (75V)
        identity: DECODED on v2/vendor/passives/held/uniroyal-series-11cd644d.pdf p.2 (page 2 decodes it: value, package, tolerance, power)
        alternative: C141680 YAGEO RC0603FR-076K04L, stock 29220, expand
     S-b35e1ff382 RES        R10,R9 rows 2 [75]: R_0603_1608Metric
        requirement: value 75Ohm; package 0603; tolerance_max_pct 5.0; power_min_w 0.1; resistor_kind general
        basis: tolerance_max_pct: rule R-T1: unstated, 5 percent (the widest standard thick-film grade); power_min_w: rule R-P0: the package's standard rating; not checked (no exact voltage across it)
        the design's code: C4275 from lcsc_fill.py MAP (^75$ on R_0603)
        SELECTED: C4275 UNI-ROYAL(Uniroyal Elec) 0603WAF750JT5E 0603 (base), stock 1755640 against a need of 10; USD 0.0033 at 1, 0.0033 at 10; grade INSIDE (the catalogue line's operating temperature -55.0 to 155.0 C)
        checks: package MEETS (0603); resistance MEETS (75Ohm); tolerance MEETS (+-1%); power MEETS (100mW); working voltage MEETS (75V)
        identity: DECODED on v2/vendor/passives/held/uniroyal-series-11cd644d.pdf p.2 (page 2 decodes it: value, package, tolerance, power)
        alternative: C112309 YAGEO RC0603FR-0775RL, stock 842191, expand
     S-50018f6fcc RES        R11,R132,R133,R134,R135,R137+102 rows 108 [10k]: R_0603_1608Metric
        requirement: value 10kOhm; package 0603; tolerance_max_pct 5.0; power_min_w 0.1; resistor_kind general
        basis: tolerance_max_pct: rule R-T1: unstated, 5 percent (the widest standard thick-film grade); power_min_w: rule R-P0: the package's standard rating; not checked (no exact voltage across it)
        the design's code: C25804 from lcsc_fill.py MAP (^10k$ on R_0603)
        SELECTED: C25804 UNI-ROYAL(Uniroyal Elec) 0603WAF1002T5E 0603 (base), stock 23012552 against a need of 540; USD 0.0018 at 1, 0.0018 at 540; grade INSIDE (the catalogue line's operating temperature -55.0 to 155.0 C)
        checks: package MEETS (0603); resistance MEETS (10kOhm); tolerance MEETS (+-1%); power MEETS (100mW); working voltage MEETS (75V)
        identity: DECODED on v2/vendor/passives/held/uniroyal-series-11cd644d.pdf p.2 (page 2 decodes it: value, package, tolerance, power)
        alternative: C98220 YAGEO RC0603FR-0710KL, stock 12103100, expand
     S-408fdf491c RES        R12 rows 1 [0.25R 1% 2512]: R_2512_6332Metric
        requirement: value 250mOhm; package 2512; tolerance_max_pct 1.0; power_min_w 0.25; tcr_max_ppm 200; resistor_kind current sense
        basis: tolerance_max_pct: stated; power_min_w: derived: 0.09 W (I^2 R at the declared 0.60 A), rule R-P twice
        the design's code: C459675 from lcsc_fill.py MAP (^0\.25R 1% 2512$ on R_2512)
        SELECTED: C459675 TA-I Tech RLP25FEER250 2512 (expand), stock 8162 against a need of 5; USD 0.0643 at 1, 0.0643 at 5; grade NOT READ (no range read  to  C)
        checks: package MEETS (2512); resistance MEETS (250mOhm); tolerance MEETS (+-1%); power MEETS (2W); temperature coefficient MEETS (+-50ppm/C)
        identity: DOCUMENT_OWED: no maker's ordering table in the tree decodes RLP25FEER250 (TA-I Tech)
        alternative: C2941080 UNI-ROYAL(Uniroyal Elec) LR122WF250LT4E, stock 8319, expand
     S-abe89272fa RES        R13 rows 1 [0R 2512 (POE_P link)]: R_2512_6332Metric
        requirement: value 0Ohm; package 2512; resistor_kind zero-ohm link
        basis: tolerance_max_pct: a link has none
        the design's code: C25469 from lcsc_fill.py MAP (^0R 2512 on R_2512)
        SELECTED: C25469 UNI-ROYAL(Uniroyal Elec) 25121WJ0000T4E 2512 (expand), stock 256909 against a need of 5; USD 0.0272 at 1, 0.0272 at 5; grade INSIDE (the catalogue line's operating temperature -55.0 to 155.0 C)
        checks: package MEETS (2512); resistance MEETS (0Ohm); jumper rated current MEETS (2 A (UNI-ROYAL thick-film sheet p.5, section 7: a 2512 jumper's rated current, below 50 mOhm)); working voltage MEETS (200V)
        identity: DOCUMENT_OWED: no maker's ordering table in the tree decodes 25121WJ0000T4E (UNI-ROYAL(Uniroyal Elec))
        alternative: C270957 UNI-ROYAL(Uniroyal Elec) 25121WF0000T4E, stock 59960, expand
     S-099e530a08 RES        R17,R18,R54,R55 rows 4 [2.2k]: R_0603_1608Metric
        requirement: value 2.2kOhm; package 0603; tolerance_max_pct 5.0; power_min_w 0.1; resistor_kind general
        basis: tolerance_max_pct: rule R-T1: unstated, 5 percent (the widest standard thick-film grade); power_min_w: rule R-P0: the package's standard rating; not checked (no exact voltage across it)
        the design's code: C4190 from lcsc_fill.py MAP (^2\.2k$ on R_0603)
        SELECTED: C4190 UNI-ROYAL(Uniroyal Elec) 0603WAF2201T5E 0603 (base), stock 7589335 against a need of 20; USD 0.0018 at 1, 0.0018 at 20; grade INSIDE (the catalogue line's operating temperature -55.0 to 155.0 C)
        checks: package MEETS (0603); resistance MEETS (2.2kOhm); tolerance MEETS (+-1%); power MEETS (100mW)
        identity: DECODED on v2/vendor/passives/held/uniroyal-series-11cd644d.pdf p.2 (page 2 decodes it: value, package, tolerance, power)
        alternative: C114662 YAGEO RC0603FR-072K2L, stock 3034655, expand
     S-2c22a7de64 RES        R19 rows 1 [15k]: R_0603_1608Metric
        requirement: value 15kOhm; package 0603; tolerance_max_pct 5.0; power_min_w 0.1; resistor_kind general
        basis: tolerance_max_pct: rule R-T1: unstated, 5 percent (the widest standard thick-film grade); power_min_w: rule R-P0: the package's standard rating; not checked (no exact voltage across it)
        the design's code: C22809 from lcsc_fill.py MAP (^15k$ on R_0603)
        SELECTED: C22809 UNI-ROYAL(Uniroyal Elec) 0603WAF1502T5E 0603 (base), stock 4588986 against a need of 5; USD 0.0029 at 1, 0.0029 at 5; grade INSIDE (the catalogue line's operating temperature -55.0 to 155.0 C)
        checks: package MEETS (0603); resistance MEETS (15kOhm); tolerance MEETS (+-1%); power MEETS (100mW)
        identity: DECODED on v2/vendor/passives/held/uniroyal-series-11cd644d.pdf p.2 (page 2 decodes it: value, package, tolerance, power)
        alternative: C125928 YAGEO AC0603FR-0715KL, stock 578628, expand
     S-5763db5a29 RES        R23 rows 1 [10R]: R_0603_1608Metric
        requirement: value 10Ohm; package 0603; tolerance_max_pct 5.0; power_min_w 0.1; resistor_kind general
        basis: tolerance_max_pct: rule R-T1: unstated, 5 percent (the widest standard thick-film grade); power_min_w: rule R-P0: the package's standard rating; not checked (no exact voltage across it)
        the design's code: C22859 from lcsc_fill.py MAP (^10R$ on R_0603)
        SELECTED: C22859 UNI-ROYAL(Uniroyal Elec) 0603WAF100JT5E 0603 (base), stock 8034696 against a need of 5; USD 0.0032 at 1, 0.0032 at 5; grade INSIDE (the catalogue line's operating temperature -55.0 to 155.0 C)
        checks: package MEETS (0603); resistance MEETS (10Ohm); tolerance MEETS (+-1%); power MEETS (100mW); working voltage MEETS (75V)
        identity: DECODED on v2/vendor/passives/held/uniroyal-series-11cd644d.pdf p.2 (page 2 decodes it: value, package, tolerance, power)
        alternative: C109318 YAGEO RC0603FR-0710RL, stock 6047711, expand
     S-214fcd1cff RES        R36,R43 rows 2 [301R 1% (ILM: 3.0 A)]: R_0603_1608Metric
        requirement: value 301Ohm; package 0603; tolerance_max_pct 1.0; power_min_w 0.1; resistor_kind general
        basis: tolerance_max_pct: stated; power_min_w: rule R-P0: the package's standard rating; not checked (no exact voltage across it)
        the design's code: C25192 from lcsc_fill.py MAP (^301R 1% on R_0603)
        SELECTED: C25192 UNI-ROYAL(Uniroyal Elec) 0603WAF3010T5E 0603 (expand), stock 10086 against a need of 10; USD 0.0022 at 1, 0.0022 at 10; grade INSIDE (the catalogue line's operating temperature -55.0 to 155.0 C)
        checks: package MEETS (0603); resistance MEETS (301Ohm); tolerance MEETS (+-1%); power MEETS (100mW); working voltage MEETS (75V)
        identity: DECODED on v2/vendor/passives/held/uniroyal-series-11cd644d.pdf p.2 (page 2 decodes it: value, package, tolerance, power)
        alternative: C482847 YAGEO RC0603FR-07301RL, stock 6302, expand
     S-9cc4aeacc8 RES        R38,R45 rows 2 [100k 1%]: R_0603_1608Metric
        requirement: value 100kOhm; package 0603; tolerance_max_pct 1.0; power_min_w 0.1; resistor_kind general
        basis: tolerance_max_pct: stated; power_min_w: rule R-P0: the package's standard rating; not checked (no exact voltage across it)
        the design's code: C25803 from lcsc_fill.py MAP (^100k 1% on R_0603)
        SELECTED: C25803 UNI-ROYAL(Uniroyal Elec) 0603WAF1003T5E 0603 (base), stock 22116659 against a need of 10; USD 0.0031 at 1, 0.0031 at 10; grade INSIDE (the catalogue line's operating temperature -55.0 to 155.0 C)
        checks: package MEETS (0603); resistance MEETS (100kOhm); tolerance MEETS (+-1%); power MEETS (100mW); working voltage MEETS (75V)
        identity: DECODED on v2/vendor/passives/held/uniroyal-series-11cd644d.pdf p.2 (page 2 decodes it: value, package, tolerance, power)
        alternative: C14675 YAGEO RC0603FR-07100KL, stock 8718571, expand
     S-e0138c1cf9 RES        R58 rows 1 [4.7k 1%]: R_0603_1608Metric
        requirement: value 4.7kOhm; package 0603; tolerance_max_pct 1.0; power_min_w 0.1; resistor_kind general
        basis: tolerance_max_pct: stated; power_min_w: rule R-P0: the package's standard rating; not checked (no exact voltage across it)
        the design's code: C23162 from lcsc_fill.py MAP (^4\.7k 1% on R_0603)
        SELECTED: C23162 UNI-ROYAL(Uniroyal Elec) 0603WAF4701T5E 0603 (base), stock 22433052 against a need of 5; USD 0.0028 at 1, 0.0028 at 5; grade INSIDE (the catalogue line's operating temperature -55.0 to 155.0 C)
        checks: package MEETS (0603); resistance MEETS (4.7kOhm); tolerance MEETS (+-1%); power MEETS (100mW)
        identity: DECODED on v2/vendor/passives/held/uniroyal-series-11cd644d.pdf p.2 (page 2 decodes it: value, package, tolerance, power)
        alternative: C99782 YAGEO RC0603FR-074K7L, stock 9470900, expand
     S-0baee211d0 RES        R101,R129,R130,R131,R136,R139+37 rows 43 [1k]: R_0603_1608Metric
        requirement: value 1kOhm; package 0603; tolerance_max_pct 5.0; power_min_w 0.1; resistor_kind general
        basis: tolerance_max_pct: rule R-T1: unstated, 5 percent (the widest standard thick-film grade); power_min_w: rule R-P0: the package's standard rating; not checked (no exact voltage across it)
        the design's code: C21190 from lcsc_fill.py MAP (^1k \(strap on R_0603)
        SELECTED: C21190 UNI-ROYAL(Uniroyal Elec) 0603WAF1001T5E 0603 (base), stock 21617244 against a need of 215; USD 0.0026 at 1, 0.0026 at 215; grade INSIDE (the catalogue line's operating temperature -55.0 to 155.0 C)
        checks: package MEETS (0603); resistance MEETS (1kOhm); tolerance MEETS (+-1%); power MEETS (100mW); working voltage MEETS (75V)
        identity: DECODED on v2/vendor/passives/held/uniroyal-series-11cd644d.pdf p.2 (page 2 decodes it: value, package, tolerance, power)
        alternative: C22548 YAGEO RC0603FR-071KL, stock 11394899, expand
     S-d80feb38d2 RES        R102,R107,R207,R302,R307 rows 5 [31.6k 1%]: R_0603_1608Metric
        requirement: value 31.6kOhm; package 0603; tolerance_max_pct 1.0; power_min_w 0.1; resistor_kind general
        basis: tolerance_max_pct: stated; power_min_w: rule R-P0: the package's standard rating; not checked (no exact voltage across it)
        the design's code: C25967 from lcsc_fill.py MAP (^31\.6k 1% on R_0603)
        SELECTED: C25967 UNI-ROYAL(Uniroyal Elec) 0603WAF3162T5E 0603 (expand), stock 116347 against a need of 25; USD 0.0022 at 1, 0.0022 at 25; grade INSIDE (the catalogue line's operating temperature -55.0 to 155.0 C)
        checks: package MEETS (0603); resistance MEETS (31.6kOhm); tolerance MEETS (+-1%); power MEETS (100mW); working voltage MEETS (75V)
        identity: DECODED on v2/vendor/passives/held/uniroyal-series-11cd644d.pdf p.2 (page 2 decodes it: value, package, tolerance, power)
        alternative: C403154 PANASONIC ERJ3EKF3162V, stock 6589, expand
     S-eecd47eb73 RES        R104,R109,R204,R209,R304,R309 rows 6 [68k (RT: 500 kHz)]: R_0603_1608Metric
        requirement: value 68kOhm; package 0603; tolerance_max_pct 5.0; power_min_w 0.1; resistor_kind general
        basis: tolerance_max_pct: rule R-T1: unstated, 5 percent (the widest standard thick-film grade); power_min_w: rule R-P0: the package's standard rating; not checked (no exact voltage across it)
        the design's code: C23231 from lcsc_fill.py MAP (^68k on R_0603)
        SELECTED: C23231 UNI-ROYAL(Uniroyal Elec) 0603WAF6802T5E 0603 (base), stock 1008560 against a need of 30; USD 0.0016 at 1, 0.0016 at 30; grade INSIDE (the catalogue line's operating temperature -55.0 to 155.0 C)
        checks: package MEETS (0603); resistance MEETS (68kOhm); tolerance MEETS (+-1%); power MEETS (100mW); working voltage MEETS (75V)
        identity: DECODED on v2/vendor/passives/held/uniroyal-series-11cd644d.pdf p.2 (page 2 decodes it: value, package, tolerance, power)
        alternative: C114633 YAGEO RC0603FR-0768KL, stock 393756, expand
     S-05a6306966 RES        R105,R110,R20,R210,R305,R310 rows 6 [22k]: R_0603_1608Metric
        requirement: value 22kOhm; package 0603; tolerance_max_pct 5.0; power_min_w 0.1; resistor_kind general
        basis: tolerance_max_pct: rule R-T1: unstated, 5 percent (the widest standard thick-film grade); power_min_w: rule R-P0: the package's standard rating; not checked (no exact voltage across it)
        the design's code: C31850 from lcsc_fill.py MAP (^22k$ on R_0603)
        SELECTED: C31850 UNI-ROYAL(Uniroyal Elec) 0603WAF2202T5E 0603 (base), stock 3701252 against a need of 30; USD 0.0041 at 1, 0.0041 at 30; grade INSIDE (the catalogue line's operating temperature -55.0 to 155.0 C)
        checks: package MEETS (0603); resistance MEETS (22kOhm); tolerance MEETS (+-1%); power MEETS (100mW); working voltage MEETS (75V)
        identity: DECODED on v2/vendor/passives/held/uniroyal-series-11cd644d.pdf p.2 (page 2 decodes it: value, package, tolerance, power)
        alternative: C114065 YAGEO RC0603FR-0722KL, stock 1242916, expand
     S-a44109c662 RES        R106,R111,R112,R160,R161,R192+20 rows 26 [100k]: R_0603_1608Metric
        requirement: value 100kOhm; package 0603; tolerance_max_pct 5.0; power_min_w 0.1; resistor_kind general
        basis: tolerance_max_pct: rule R-T1: unstated, 5 percent (the widest standard thick-film grade); power_min_w: rule R-P0: the package's standard rating; not checked (no exact voltage across it)
        the design's code: C25803 from lcsc_fill.py MAP (^100k$ on R_0603)
        SELECTED: C25803 UNI-ROYAL(Uniroyal Elec) 0603WAF1003T5E 0603 (base), stock 22116659 against a need of 130; USD 0.0031 at 1, 0.0031 at 130; grade INSIDE (the catalogue line's operating temperature -55.0 to 155.0 C)
        checks: package MEETS (0603); resistance MEETS (100kOhm); tolerance MEETS (+-1%); power MEETS (100mW); working voltage MEETS (75V)
        identity: DECODED on v2/vendor/passives/held/uniroyal-series-11cd644d.pdf p.2 (page 2 decodes it: value, package, tolerance, power)
        alternative: C14675 YAGEO RC0603FR-07100KL, stock 8718571, expand
     S-f2237297b2 RES        R114,R214,R314 rows 3 [40.2k 1%]: R_0603_1608Metric
        requirement: value 40.2kOhm; package 0603; tolerance_max_pct 1.0; power_min_w 0.1; resistor_kind general
        basis: tolerance_max_pct: stated; power_min_w: rule R-P0: the package's standard rating; not checked (no exact voltage across it)
        the design's code: C12447 from lcsc_fill.py MAP (^40\.2k on R_0603)
        SELECTED: C12447 UNI-ROYAL(Uniroyal Elec) 0603WAF4022T5E 0603 (expand, preferred), stock 197095 against a need of 15; USD 0.0023 at 1, 0.0023 at 15; grade INSIDE (the catalogue line's operating temperature -55.0 to 155.0 C)
        checks: package MEETS (0603); resistance MEETS (40.2kOhm); tolerance MEETS (+-1%); power MEETS (100mW); working voltage MEETS (75V)
        identity: DECODED on v2/vendor/passives/held/uniroyal-series-11cd644d.pdf p.2 (page 2 decodes it: value, package, tolerance, power)
        alternative: C2076537 BOURNS CR0603-FX-4022ELF, stock 11358, expand
     S-3d366ab141 RES        R116,R216,R316 rows 3 [26.7k 1%]: R_0603_1608Metric
        requirement: value 26.7kOhm; package 0603; tolerance_max_pct 1.0; power_min_w 0.1; resistor_kind general
        basis: tolerance_max_pct: stated; power_min_w: rule R-P0: the package's standard rating; not checked (no exact voltage across it)
        the design's code: C22923 from lcsc_fill.py MAP (^26\.7k 1% on R_0603)
        SELECTED: C22923 UNI-ROYAL(Uniroyal Elec) 0603WAF2672T5E 0603 (expand), stock 18910 against a need of 15; USD 0.0024 at 1, 0.0024 at 15; grade INSIDE (the catalogue line's operating temperature -55.0 to 155.0 C)
        checks: package MEETS (0603); resistance MEETS (26.7kOhm); tolerance MEETS (+-1%); power MEETS (100mW); working voltage MEETS (75V)
        identity: DECODED on v2/vendor/passives/held/uniroyal-series-11cd644d.pdf p.2 (page 2 decodes it: value, package, tolerance, power)
        alternative: C728587 YAGEO RT0603BRD0726K7L, stock 13079, expand
     S-1fac31715f RES        R117,R217,R317 rows 3 [475 1% (IREF)]: R_0603_1608Metric
        requirement: value 475Ohm; package 0603; tolerance_max_pct 1.0; power_min_w 0.1; resistor_kind general
        basis: tolerance_max_pct: stated; power_min_w: rule R-P0: the package's standard rating; not checked (no exact voltage across it)
        the design's code: C137716 from lcsc_fill.py MAP (^475 1% on R_0603)
        SELECTED: C137716 YAGEO RC0603FR-07475RL 0603 (expand), stock 157566 against a need of 15; USD 0.0046 at 1, 0.0046 at 15; grade INSIDE (the catalogue line's operating temperature -55.0 to 155.0 C)
        checks: package MEETS (0603); resistance MEETS (475Ohm); tolerance MEETS (+-1%); power MEETS (100mW); working voltage MEETS (75V)
        identity: DOCUMENT_OWED: no maker's ordering table in the tree decodes RC0603FR-07475RL (YAGEO)
        alternative: C23181 UNI-ROYAL(Uniroyal Elec) 0603WAF4750T5E, stock 20265, expand
     S-33275a3c79 RES        R118,R218,R318 rows 3 [1.43k 1% (REXT)]: R_0603_1608Metric
        requirement: value 1.43kOhm; package 0603; tolerance_max_pct 1.0; power_min_w 0.1; resistor_kind general
        basis: tolerance_max_pct: stated; power_min_w: rule R-P0: the package's standard rating; not checked (no exact voltage across it)
        the design's code: C217848 from lcsc_fill.py MAP (^1\.43k 1% on R_0603)
        SELECTED: C217848 Viking Tech ARG03FTC1431 0603 (expand), stock 19855 against a need of 15; USD 0.008 at 1, 0.008 at 15; grade INSIDE (the catalogue line's operating temperature -55.0 to 155.0 C)
        checks: package MEETS (0603); resistance MEETS (1.43kOhm); tolerance MEETS (+-1%); power MEETS (100mW); working voltage MEETS (75V)
        identity: DOCUMENT_OWED: no maker's ordering table in the tree decodes ARG03FTC1431 (Viking Tech)
        alternative: C402985 PANASONIC ERJ3EKF1431V, stock 14119, expand
     S-9f4d337c01 RES        R119,R120,R121,R123,R125,R126+21 rows 27 [5.1k]: R_0603_1608Metric
        requirement: value 5.1kOhm; package 0603; tolerance_max_pct 5.0; power_min_w 0.1; resistor_kind general
        basis: tolerance_max_pct: rule R-T1: unstated, 5 percent (the widest standard thick-film grade); power_min_w: rule R-P0: the package's standard rating; not checked (no exact voltage across it)
        the design's code: C23186 from lcsc_fill.py MAP (^5\.1k$ on R_0603)
        SELECTED: C23186 UNI-ROYAL(Uniroyal Elec) 0603WAF5101T5E 0603 (base), stock 25263445 against a need of 135; USD 0.0015 at 1, 0.0015 at 135; grade INSIDE (the catalogue line's operating temperature -55.0 to 155.0 C)
        checks: package MEETS (0603); resistance MEETS (5.1kOhm); tolerance MEETS (+-1%); power MEETS (100mW); working voltage MEETS (75V)
        identity: DECODED on v2/vendor/passives/held/uniroyal-series-11cd644d.pdf p.2 (page 2 decodes it: value, package, tolerance, power)
        alternative: C105580 YAGEO RC0603FR-075K1L, stock 6292703, expand
     S-c62c375c58 RES        R122,R124,R128,R222,R224,R228+3 rows 9 [330]: R_0603_1608Metric
        requirement: value 330Ohm; package 0603; tolerance_max_pct 5.0; power_min_w 0.1; resistor_kind general
        basis: tolerance_max_pct: rule R-T1: unstated, 5 percent (the widest standard thick-film grade); power_min_w: rule R-P0: the package's standard rating; not checked (no exact voltage across it)
        the design's code: C23138 from lcsc_fill.py MAP (^330$ on R_0603)
        SELECTED: C23138 UNI-ROYAL(Uniroyal Elec) 0603WAF3300T5E 0603 (base), stock 3271167 against a need of 45; USD 0.0026 at 1, 0.0026 at 45; grade INSIDE (the catalogue line's operating temperature -55.0 to 155.0 C)
        checks: package MEETS (0603); resistance MEETS (330Ohm); tolerance MEETS (+-1%); power MEETS (100mW); working voltage MEETS (75V)
        identity: DECODED on v2/vendor/passives/held/uniroyal-series-11cd644d.pdf p.2 (page 2 decodes it: value, package, tolerance, power)
        alternative: C105881 YAGEO RC0603FR-07330RL, stock 719295, expand
     S-668d252f79 RES        R127,R227,R327,R48,R50,R51+6 rows 12 [4.7k]: R_0603_1608Metric
        requirement: value 4.7kOhm; package 0603; tolerance_max_pct 5.0; power_min_w 0.1; resistor_kind general
        basis: tolerance_max_pct: rule R-T1: unstated, 5 percent (the widest standard thick-film grade); power_min_w: rule R-P0: the package's standard rating; not checked (no exact voltage across it)
        the design's code: C23162 from lcsc_fill.py MAP (^4\.7k$ on R_0603)
        SELECTED: C23162 UNI-ROYAL(Uniroyal Elec) 0603WAF4701T5E 0603 (base), stock 22433052 against a need of 60; USD 0.0028 at 1, 0.0028 at 60; grade INSIDE (the catalogue line's operating temperature -55.0 to 155.0 C)
        checks: package MEETS (0603); resistance MEETS (4.7kOhm); tolerance MEETS (+-1%); power MEETS (100mW); working voltage MEETS (75V)
        identity: DECODED on v2/vendor/passives/held/uniroyal-series-11cd644d.pdf p.2 (page 2 decodes it: value, package, tolerance, power)
        alternative: C99782 YAGEO RC0603FR-074K7L, stock 9470900, expand
     S-a9b2692ac3 RES        R142,R242,R342 rows 3 [9.53k 1%]: R_0603_1608Metric
        requirement: value 9.53kOhm; package 0603; tolerance_max_pct 1.0; power_min_w 0.1; resistor_kind general
        basis: tolerance_max_pct: stated; power_min_w: rule R-P0: the package's standard rating; not checked (no exact voltage across it)
        the design's code: C23127 from lcsc_fill.py MAP (^9\.53k 1% on R_0603)
        SELECTED: C23127 UNI-ROYAL(Uniroyal Elec) 0603WAF9531T5E 0603 (expand), stock 136071 against a need of 15; USD 0.0017 at 1, 0.0017 at 15; grade INSIDE (the catalogue line's operating temperature -55.0 to 155.0 C)
        checks: package MEETS (0603); resistance MEETS (9.53kOhm); tolerance MEETS (+-1%); power MEETS (100mW); working voltage MEETS (75V)
        identity: DECODED on v2/vendor/passives/held/uniroyal-series-11cd644d.pdf p.2 (page 2 decodes it: value, package, tolerance, power)
        alternative: C705800 YAGEO RT0603BRD079K53L, stock 14742, expand
     S-b4c70ca2aa RES        R143,R243,R343 rows 3 [90.9k 1%]: R_0603_1608Metric
        requirement: value 90.9kOhm; package 0603; tolerance_max_pct 1.0; power_min_w 0.1; resistor_kind general
        basis: tolerance_max_pct: stated; power_min_w: rule R-P0: the package's standard rating; not checked (no exact voltage across it)
        the design's code: C2930136 from lcsc_fill.py MAP (^90\.9k 1% on R_0603)
        SELECTED: C2930136 FOJAN FRC0603F9092TS 0603 (expand), stock 436999 against a need of 15; USD 0.0028 at 1, 0.0028 at 15; grade INSIDE (the catalogue line's operating temperature -55.0 to 155.0 C)
        checks: package MEETS (0603); resistance MEETS (90.9kOhm); tolerance MEETS (+-1%); power MEETS (100mW); working voltage MEETS (75V)
        identity: DOCUMENT_OWED: no maker's ordering table in the tree decodes FRC0603F9092TS (FOJAN)
        alternative: C23129 UNI-ROYAL(Uniroyal Elec) 0603WAF9092T5E, stock 64436, expand
     S-33cc84bc82 RES        R147,R247,R347 rows 3 [1M]: R_0603_1608Metric
        requirement: value 1MOhm; package 0603; tolerance_max_pct 5.0; power_min_w 0.1; resistor_kind general
        basis: tolerance_max_pct: rule R-T1: unstated, 5 percent (the widest standard thick-film grade); power_min_w: rule R-P0: the package's standard rating; not checked (no exact voltage across it)
        the design's code: C22935 from lcsc_fill.py MAP (^1M$ on R_0603)
        SELECTED: C22935 UNI-ROYAL(Uniroyal Elec) 0603WAF1004T5E 0603 (base), stock 6601585 against a need of 15; USD 0.0019 at 1, 0.0019 at 15; grade INSIDE (the catalogue line's operating temperature -55.0 to 155.0 C)
        checks: package MEETS (0603); resistance MEETS (1MOhm); tolerance MEETS (+-1%); power MEETS (100mW); working voltage MEETS (75V)
        identity: DECODED on v2/vendor/passives/held/uniroyal-series-11cd644d.pdf p.2 (page 2 decodes it: value, package, tolerance, power)
        alternative: C107698 YAGEO RC0603JR-071ML, stock 1084150, expand
     S-d7aa8a0726 RES        R194,R294,R394 rows 3 [100R]: R_0603_1608Metric
        requirement: value 100Ohm; package 0603; tolerance_max_pct 5.0; power_min_w 0.1; resistor_kind general
        basis: tolerance_max_pct: rule R-T1: unstated, 5 percent (the widest standard thick-film grade); power_min_w: rule R-P0: the package's standard rating; not checked (no exact voltage across it)
        the design's code: C22775 from lcsc_fill.py MAP (^100R$ on R_0603)
        SELECTED: C22775 UNI-ROYAL(Uniroyal Elec) 0603WAF1000T5E 0603 (base), stock 11546520 against a need of 15; USD 0.0031 at 1, 0.0031 at 15; grade INSIDE (the catalogue line's operating temperature -55.0 to 155.0 C)
        checks: package MEETS (0603); resistance MEETS (100Ohm); tolerance MEETS (+-1%); power MEETS (100mW)
        identity: DECODED on v2/vendor/passives/held/uniroyal-series-11cd644d.pdf p.2 (page 2 decodes it: value, package, tolerance, power)
        alternative: C105588 YAGEO RC0603FR-07100RL, stock 3435420, expand
     S-94b1cac23f RES        R266,R267,R268,R269,R270,R271+1 rows 7 [22R]: R_0603_1608Metric
        requirement: value 22Ohm; package 0603; tolerance_max_pct 5.0; power_min_w 0.1; resistor_kind general
        basis: tolerance_max_pct: rule R-T1: unstated, 5 percent (the widest standard thick-film grade); power_min_w: rule R-P0: the package's standard rating; not checked (no exact voltage across it)
        the design's code: C23345 from lcsc_fill.py MAP (^22R$ on R_0603)
        SELECTED: C23345 UNI-ROYAL(Uniroyal Elec) 0603WAF220JT5E 0603 (base), stock 9021121 against a need of 35; USD 0.0017 at 1, 0.0017 at 35; grade INSIDE (the catalogue line's operating temperature -55.0 to 155.0 C)
        checks: package MEETS (0603); resistance MEETS (22Ohm); tolerance MEETS (+-1%); power MEETS (100mW)
        identity: DECODED on v2/vendor/passives/held/uniroyal-series-11cd644d.pdf p.2 (page 2 decodes it: value, package, tolerance, power)
        alternative: C107701 YAGEO RC0603FR-0722RL, stock 366457, expand
     S-703f67d2bc RES        R470,R471,R472,R473,R504,R505+2 rows 8 [60R4 1%]: R_0603_1608Metric
        requirement: value 60.4Ohm; package 0603; tolerance_max_pct 1.0; power_min_w 0.1; resistor_kind general
        basis: tolerance_max_pct: stated; power_min_w: rule R-P0: the package's standard rating; not checked (no exact voltage across it)
        the design's code: C2933247 from lcsc_fill.py MAP (^60R4 1% on R_0603)
        SELECTED: C2933247 FOJAN FRC0603F60R4TS 0603 (expand), stock 84428 against a need of 40; USD 0.0023 at 1, 0.0023 at 40; grade INSIDE (the catalogue line's operating temperature -55.0 to 155.0 C)
        checks: package MEETS (0603); resistance MEETS (60.4Ohm); tolerance MEETS (+-1%); power MEETS (100mW); working voltage MEETS (75V)
        identity: DOCUMENT_OWED: no maker's ordering table in the tree decodes FRC0603F60R4TS (FOJAN)
        alternative: C245987 YAGEO RC0603FR-0760R4L, stock 243057, expand
     S-c132a37843 SEMI       D1 rows 1 [SMBJ5.0A]: D_SMB
        requirement: value SMBJ5.0A
        the design's code: C113974 from lcsc_fill.py MAP (^SMBJ5\.0A$ on D_SMB)
        SELECTED: C113974 MDD(Microdiode Semiconductor) SMBJ5.0A DO-214AA(SMB) (expand), stock 185580 against a need of 5; USD 0.0586 at 1, 0.0586 at 5; grade INSIDE (the catalogue line's operating temperature -65.0 to 150.0 C)
        checks: type MEETS (SMBJ5.0A); package (the land D_SMB) MEETS (DO-214AA(SMB))
        identity: DOCUMENT_OWED: not a capacitor or resistor family
        alternative: C19077558 hongjiacheng SMBJ5.0A, stock 99762, expand
     S-20bd089b36 SPECIAL    BT1 rows 1 [CR2032 holder Keystone 3034: VBAT for the three modules' RTC]: BatteryHolder_Keystone_3034_1x20mm
        names Keystone 3034; no LCSC code in the netlist
     S-4597e19bc0 SPECIAL    F2,F3 rows 2 [0.5A hold 1812]: Fuse_1812_4532Metric
        names no part by number (what it connects to, a class or a function); no identity
     S-1b246c6cf8 SPECIAL    J_AB1 rows 1 [A-B interconnect (IDC 2x13, underside, mates A22's J_AB1 at ]: IDC-Header_2x13_P2.54mm_Vertical_N
        an identity chosen on a page of record: PROCUREMENT.md HC6-SC-7: Wurth WR-BHD 61202621621 (C17586777), rule I-3; the netlist carries no code (the generator owner writes it)
     S-a4967660c6 SPECIAL    J_AB2 rows 1 [A-B wall-port ribbon (IDC 2x5): the wall USB pair (bank 3 hu]: IDC-Header_2x05_P2.54mm_Vertical_N
        an identity chosen on a page of record: PROCUREMENT.md HC6-SC-7: Wurth WR-BHD 61201021621 (C4355000), rule I-3; the netlist carries no code (the generator owner writes it)
     S-47566bbbbc SPECIAL    J_CAM rows 1 [camera lead (USB 2.0, bank 1 hub, port 3): 5V D- D+ GND]: PinHeader_1x04_P2.54mm_Vertical
        names no part by number (what it connects to, a class or a function); no identity
     S-a95ee3d2ff SPECIAL    J_DBG1 rows 1 [console UART0 and the module I2C of S1 (3.3 V, bench): GND T]: PinHeader_1x05_P2.54mm_Vertical
        names no part by number (what it connects to, a class or a function); no identity
     S-94c0c95ad5 SPECIAL    J_DBG2 rows 1 [console UART0 and the module I2C of S2 (3.3 V, bench): GND T]: PinHeader_1x05_P2.54mm_Vertical
        names no part by number (what it connects to, a class or a function); no identity
     S-39f76b9e5a SPECIAL    J_DBG3 rows 1 [console UART0 and the module I2C of S3 (3.3 V, bench): GND T]: PinHeader_1x05_P2.54mm_Vertical
        names no part by number (what it connects to, a class or a function); no identity
     S-8037c174dc SPECIAL    J_ETH rows 1 [RJ45 jack (Amphenol RJHSE5380): patch lead to the sealed wal]: RJ45_Amphenol_RJHSE5380
        names Amphenol RJHSE5380; no LCSC code in the netlist
     S-d16b55766c SPECIAL    J_GNSS2 rows 1 [LG290P UART2 (bench): GND TX RX]: PinHeader_1x03_P2.54mm_Vertical
        names the part number LG290P; no LCSC code in the netlist
     S-0c08fe84b2 SPECIAL    J_IOCOFF_A rows 1 [bench jumper, controller A: fit to hold its LDO off (IOHA A4]: PinHeader_1x02_P2.54mm_Vertical_SM
        names no part by number (what it connects to, a class or a function); no identity
     S-7e95bc9bba SPECIAL    J_IOCOFF_B rows 1 [bench jumper, controller B: fit to hold its LDO off (IOHA A4]: PinHeader_1x02_P2.54mm_Vertical_SM
        names no part by number (what it connects to, a class or a function); no identity
     S-f0f9e3f0c8 SPECIAL    J_IOCOFF_C rows 1 [bench jumper, controller C: fit to hold its LDO off (IOHA A4]: PinHeader_1x02_P2.54mm_Vertical_SM
        names no part by number (what it connects to, a class or a function); no identity
     S-e11b6348b0 SPECIAL    J_PANEL rows 1 [panel ribbon to PCB-C C7 (IDC 2x13): the RP2040 panel contro]: IDC-Header_2x13_P2.54mm_Vertical_N
        an identity chosen on a page of record: PROCUREMENT.md HC6-SC-7: Wurth WR-BHD 61202621621 (C17586777), rule I-3; the netlist carries no code (the generator owner writes it)
     S-a8d0f43900 SPECIAL    J_QMX rows 1 [QMX USB lead (bank 2 hub, port 4): VBUS D- D+ GND; pigtail t]: PinHeader_1x04_P2.54mm_Vertical
        names no part by number (what it connects to, a class or a function); no identity
     S-841825bd43 SPECIAL    J_RB9704 rows 1 [RockBLOCK 9704 16-pin (IDC 2x8) on the Ground Control bracke]: IDC-Header_2x08_P2.54mm_Vertical_N
        an identity chosen on a page of record: PROCUREMENT.md HC6-SC-7: Wurth WR-BHD 61201621621 (C5364137), rule I-3; the netlist carries no code (the generator owner writes it)
     S-773549e526 SPECIAL    J_RPIBOOT1 rows 1 [nRPIBOOT jumper S1: fit to flash the eMMC over J_FLASH1]: PinHeader_1x02_P2.54mm_Vertical
        names no part by number (what it connects to, a class or a function); no identity
     S-70ba4c945d SPECIAL    J_RPIBOOT2 rows 1 [nRPIBOOT jumper S2: fit to flash the eMMC over J_FLASH2]: PinHeader_1x02_P2.54mm_Vertical
        names no part by number (what it connects to, a class or a function); no identity
     S-bc539039f7 SPECIAL    J_RPIBOOT3 rows 1 [nRPIBOOT jumper S3: fit to flash the eMMC over J_FLASH3]: PinHeader_1x02_P2.54mm_Vertical
        names no part by number (what it connects to, a class or a function); no identity
     S-1e7b7729b1 SPECIAL    J_SPI3 rows 1 [SPI0 breakout of S3 (2x5): 3V3 GND MISO MOSI SCLK CE0 CE1 IO]: PinHeader_2x05_P2.54mm_Vertical
        names no part by number (what it connects to, a class or a function); no identity
     S-30fc979c43 SPECIAL    J_ZBDBG1 rows 1 [CC2652P cJTAG ZBA (bench): 3V3 GND TMSC TCKC RESET]: PinHeader_1x05_P2.54mm_Vertical
        names the part number CC2652P; no LCSC code in the netlist
     S-da2bea45e6 SPECIAL    J_ZBDBG2 rows 1 [CC2652P cJTAG ZBB (bench): 3V3 GND TMSC TCKC RESET]: PinHeader_1x05_P2.54mm_Vertical
        names the part number CC2652P; no LCSC code in the netlist
     S-592fe7158c SPECIAL    L1 rows 1 [4.7uH XAL4030-472ME]: L_Coilcraft_XAL4020-XXX
        names Coilcraft XAL4030-472ME (a Layer 4 or earlier selection; Coilcraft parts are hand-fit, not in JLCPCB's catalogue); LAND: the part is an XAL4030 and its footprint is drawn for the XAL4020; Coilcraft draws one land for the series and the two KiCad footprints' copper is identical, the body height differs: this record's round 3 land draft moves the row to the XAL4030 footprint (section 6)
     S-1ec3b6882c SPECIAL    L101,L102,L201,L202,L301,L302 rows 6 [3.3uH XAL6030-332ME]: L_Coilcraft_XAL6060-XXX
        names Coilcraft XAL6030-332ME (a Layer 4 or earlier selection; Coilcraft parts are hand-fit, not in JLCPCB's catalogue); LAND: the part is an XAL6030 and its footprint is drawn for the XAL6060; Coilcraft draws one land for the series and the two KiCad footprints' copper is identical, the body height differs: this record's round 3 land draft moves the row to the XAL6030 footprint (section 6)
     S-e7f17179d5 SPECIAL    L103,L104,L2,L203,L204,L303+1 rows 7 [2.2uH XAL4020-222ME]: L_Coilcraft_XAL4020-XXX
        names Coilcraft XAL4020-222ME (a Layer 4 or earlier selection; Coilcraft parts are hand-fit, not in JLCPCB's catalogue)
     S-3100f99459 SPECIAL    Q101,Q201,Q301 rows 3 [BC857: LED_nPWR must be buffered (datasheet Table 4)]: SOT-23
        names the part number BC857; no LCSC code in the netlist
     S-96802ff493 SPECIAL    U13 rows 1 [Ebyte E72-2G4M20S1E CC2652P (Zigbee coordinator): 7 DIO_12 R]: Ebyte_E72-2G4M20S1E
        names Ebyte E72-2G4M20S1E; no LCSC code in the netlist
     S-3d42bab8a5 SPECIAL    U14 rows 1 [Ebyte E72-2G4M20S1E CC2652P (OpenThread RCP for Matter): 7 D]: Ebyte_E72-2G4M20S1E
        names Ebyte E72-2G4M20S1E; no LCSC code in the netlist
     S-594555773d SPECIAL    U21,U22 rows 2 [TPS22810DRV]: WSON-6-1EP_2x2mm_P0.65mm_EP1x1.6mm
        names the part number TPS22810DRV; no LCSC code in the netlist
     S-c50a1a0fb8 SPECIAL    U28 rows 1 [TPS2065CDBV]: SOT-23-5
        names the part number TPS2065CDBV; no LCSC code in the netlist
     S-decffaea93 SPECIAL    U40 rows 1 [AP2112K-3.3 LDO: the private 3.3 V of controller A, its own ]: SOT-23-5
        names the part number AP2112K-3.3; no LCSC code in the netlist
     S-3e58f059a8 SPECIAL    U42 rows 1 [SWD pads, controller A: 3V3 SWDIO SWCLK NRST GND]: PinHeader_1x05_P2.54mm_Vertical_SM
        names no part by number (what it connects to, a class or a function); no identity
     S-163a475c34 SPECIAL    U50 rows 1 [AP2112K-3.3 LDO: the private 3.3 V of controller B, its own ]: SOT-23-5
        names the part number AP2112K-3.3; no LCSC code in the netlist
     S-553d473f68 SPECIAL    U52 rows 1 [SWD pads, controller B: 3V3 SWDIO SWCLK NRST GND]: PinHeader_1x05_P2.54mm_Vertical_SM
        names no part by number (what it connects to, a class or a function); no identity
     S-df65f3b3b3 SPECIAL    U60 rows 1 [AP2112K-3.3 LDO: the private 3.3 V of controller C, its own ]: SOT-23-5
        names the part number AP2112K-3.3; no LCSC code in the netlist
     S-30f86980a4 SPECIAL    U62 rows 1 [SWD pads, controller C: 3V3 SWDIO SWCLK NRST GND]: PinHeader_1x05_P2.54mm_Vertical_SM
        names no part by number (what it connects to, a class or a function); no identity
     S-4c80e3dc5b SPECIAL    Y101,Y201,Y301 rows 3 [24 MHz 3225]: Crystal_SMD_3225-4Pin_3.2x2.5mm
        names no part by number (what it connects to, a class or a function); no identity

3. FINDINGS (per board; each with its line). First, the set: 115 codes selected; the five-kit need of every board that takes a code,
   summed, against its stock; the ten narrowest margins (a code short of the set's need is a finding under board A's heading):
     C20108830   GMR100HJAAFD5L00           need     5, stock       412, margin       407
     C60344      0603WAF6651T5E             need     5, stock      1255, margin      1250
     C326958     CC1206JRNPOBBN390          need     5, stock      1280, margin      1275
     C36077      1812B102K202NT             need     5, stock      1390, margin      1385
     C421874     201007F270JT4E             need    10, stock      1915, margin      1905
     C48136      0603WAF4530T5E             need     5, stock      2364, margin      2359
     C3037266    CR2010F236R0G              need     5, stock      3620, margin      3615
     C440151     GCM32ER70J476KE19L         need    15, stock      4972, margin      4957
     C414503     CS03W5F470LT5E             need     5, stock      5024, margin      5019
     C151256     SMBJ18A                    need     5, stock      6292, margin      6287
   BOARD A: 41 findings (GRADE NOT READ 4; RULE C-D3b: X5R TAKEN, THE HOT-SPOT QUESTION OPEN 1; SPECIAL PART WITHOUT A CODE 34; TOLERANCE NOT STATED BY THE GENERATOR 1; VOLTAGE NOT STATED BY THE GENERATOR, DERIVED FROM THE INTENT 1)
     RULE C-D3b: X5R TAKEN, THE HOT-SPOT QUESTION OPEN: C1, C2 [47u 25V]: C403725 GRM31CR61E476ME44L; rule C-D3b: no X7R line read meets the value, land and rating with stock; an X5R part is taken and the hot-spot question is OPEN
     GRADE NOT READ: R12, R122, R127, R170, R177, R56 [5mOhm 1% 2512 (CS)]: C500739 LR2512D-3W-5mR-1%: None
     GRADE NOT READ: R17 [5mOhm 1% 2512 (RSR, charge current sense)]: C20108830 GMR100HJAAFD5L00: None
     GRADE NOT READ: R31, R39 [5mOhm 1% 2512 (shunt)]: C500739 LR2512D-3W-5mR-1%: None
     GRADE NOT READ: R71 [20mOhm 1% 2512 (ISNS)]: C500741 LR2512D-3W-20mR-1%: None
     SPECIAL PART WITHOUT A CODE: F1 [25 A mini blade (Keystone 3568 holder): pack node to the RSR shunt]: names Keystone 3568; no LCSC code in the netlist
     SPECIAL PART WITHOUT A CODE: J_AB1 [A-B interconnect (IDC 2x13, top side) to B16's underside header]: an identity chosen on a page of record: PROCUREMENT.md HC6-SC-7: Wurth WR-BHD 61202621621 (C17586777), rule I-3; the netlist carries no code (the generator owner writes it)
     SPECIAL PART WITHOUT A CODE: J_AB2 [A-B wall-port ribbon (IDC 2x5): the wall USB pair on the END row with ]: an identity chosen on a page of record: PROCUREMENT.md HC6-SC-7: Wurth WR-BHD 61201021621 (C4355000), rule I-3; the netlist carries no code (the generator owner writes it)
     SPECIAL PART WITHOUT A CODE: J_BM1 [SMP-MAX slide-on receptacle R222M00720 (underside), VHF to the dock pl]: names the part number R222M00720; no LCSC code in the netlist
     SPECIAL PART WITHOUT A CODE: J_BM2 [SMP-MAX slide-on receptacle R222M00720 (underside), HF to the dock plu]: names the part number R222M00720; no LCSC code in the netlist
     SPECIAL PART WITHOUT A CODE: J_BM3 [SMP-MAX slide-on receptacle R222M00720 (underside), WIFI24 to the dock]: names the part number R222M00720; no LCSC code in the netlist
     SPECIAL PART WITHOUT A CODE: J_BM4 [SMP-MAX slide-on receptacle R222M00720 (underside), GNSS to the dock p]: names the part number R222M00720; no LCSC code in the netlist
     SPECIAL PART WITHOUT A CODE: J_BM5 [SMP-MAX slide-on receptacle R222M00720 (underside), SDR to the dock pl]: names the part number R222M00720; no LCSC code in the netlist
     SPECIAL PART WITHOUT A CODE: J_BM6 [SMP-MAX slide-on receptacle R222M00720 (underside), P2P-A to the dock ]: names the part number R222M00720; no LCSC code in the netlist
     SPECIAL PART WITHOUT A CODE: J_BM7 [SMP-MAX slide-on receptacle R222M00720 (underside), P2P-B to the dock ]: names the part number R222M00720; no LCSC code in the netlist
     SPECIAL PART WITHOUT A CODE: J_BM8 [SMP-MAX slide-on receptacle R222M00720 (underside), 5G-MAIN to the doc]: names the part number R222M00720; no LCSC code in the netlist
     SPECIAL PART WITHOUT A CODE: J_BM9 [SMP-MAX slide-on receptacle R222M00720 (underside), 5G-DIV to the dock]: names the part number R222M00720; no LCSC code in the netlist
     SPECIAL PART WITHOUT A CODE: J_BM10 [SMP-MAX slide-on receptacle R222M00720 (underside), IRID to the dock p]: names the part number R222M00720; no LCSC code in the netlist
     SPECIAL PART WITHOUT A CODE: J_BM11 [SMP-MAX slide-on receptacle R222M00720 (underside), LORA to the dock p]: names the part number R222M00720; no LCSC code in the netlist
     SPECIAL PART WITHOUT A CODE: J_CN1, J_CN2, J_CN3, J_CN4 [9 A spring pin, pack return (Mill-Max 0858 class, dock block)]: an identity chosen on a page of record: PROCUREMENT.md HC6-SC-8: Mill-Max 0858-0-15-20-82-14-11-0 (hand-fit, no LCSC code; J_PRE1's longer pin NOT_PINNED), rule I-3; the netlist carries no code (the generator owner writes it)
     SPECIAL PART WITHOUT A CODE: J_CP1, J_CP2, J_CP3, J_CP4 [9 A spring pin, CELL+ (Mill-Max 0858 class, dock block)]: an identity chosen on a page of record: PROCUREMENT.md HC6-SC-8: Mill-Max 0858-0-15-20-82-14-11-0 (hand-fit, no LCSC code; J_PRE1's longer pin NOT_PINNED), rule I-3; the netlist carries no code (the generator owner writes it)
     SPECIAL PART WITHOUT A CODE: J_DOCK [spring pins to the dock block (2x6, Preci-Dip 813-S1-012-10-016101, un]: names Preci-Dip 813-S1-012-10-016101; no LCSC code in the netlist
     SPECIAL PART WITHOUT A CODE: J_MEZZ1 [D8 mezzanine harness (IDC 2x8): its USB pair, the PTT mirror, the inhi]: an identity chosen on a page of record: PROCUREMENT.md HC6-SC-7: Wurth WR-BHD 61201621621 (C5364137), rule I-3; the netlist carries no code (the generator owner writes it)
     SPECIAL PART WITHOUT A CODE: J_PRE1 [pre-charge pin, longer, mates first (32.24 AX)]: an identity chosen on a page of record: PROCUREMENT.md HC6-SC-8: Mill-Max 0858-0-15-20-82-14-11-0 (hand-fit, no LCSC code; J_PRE1's longer pin NOT_PINNED), rule I-3; the netlist carries no code (the generator owner writes it)
     SPECIAL PART WITHOUT A CODE: J_USBC_OUT [wall USB-C outlet, power only (pigtail header): VBUS CC1 CC2 GND GND]: names no part by number (what it connects to, a class or a function); no identity
     SPECIAL PART WITHOUT A CODE: J_VN1, J_VN2, J_VN3, J_VN4 [9 A spring pin, VIN_RAW return (Mill-Max 0858 class, dock block; EQ-16]: an identity chosen on a page of record: PROCUREMENT.md HC6-SC-8: Mill-Max 0858-0-15-20-82-14-11-0 (hand-fit, no LCSC code; J_PRE1's longer pin NOT_PINNED), rule I-3; the netlist carries no code (the generator owner writes it)
     SPECIAL PART WITHOUT A CODE: J_VR1, J_VR2, J_VR3, J_VR4 [9 A spring pin, VIN_RAW (Mill-Max 0858 class, dock block; EQ-16)]: an identity chosen on a page of record: PROCUREMENT.md HC6-SC-8: Mill-Max 0858-0-15-20-82-14-11-0 (hand-fit, no LCSC code; J_PRE1's longer pin NOT_PINNED), rule I-3; the netlist carries no code (the generator owner writes it)
     SPECIAL PART WITHOUT A CODE: L2 [4.7uH XAL1010-472ME (Isat 25.4 A)]: names Coilcraft XAL1010-472ME (a Layer 4 or earlier selection; Coilcraft parts are hand-fit, not in JLCPCB's catalogue)
     SPECIAL PART WITHOUT A CODE: L3, L5 [4.7uH XAL6060-472ME (Isat 11 A)]: names Coilcraft XAL6060-472ME (a Layer 4 or earlier selection; Coilcraft parts are hand-fit, not in JLCPCB's catalogue)
     SPECIAL PART WITHOUT A CODE: L7 [4.7uH XAL4030-472ME]: names Coilcraft XAL4030-472ME (a Layer 4 or earlier selection; Coilcraft parts are hand-fit, not in JLCPCB's catalogue)
     SPECIAL PART WITHOUT A CODE: L11, L4, L6, L8, L9 [6.8uH XAL1010-682ME]: names Coilcraft XAL1010-682ME (a Layer 4 or earlier selection; Coilcraft parts are hand-fit, not in JLCPCB's catalogue)
     SPECIAL PART WITHOUT A CODE: L12 [15uH XAL4040-153ME (Isat 2.9 A)]: names Coilcraft XAL4040-153ME (a Layer 4 or earlier selection; Coilcraft parts are hand-fit, not in JLCPCB's catalogue)
     SPECIAL PART WITHOUT A CODE: L13 [6.8uH XAL6060-682ME (Isat 9.2 A)]: names Coilcraft XAL6060-682ME (a Layer 4 or earlier selection; Coilcraft parts are hand-fit, not in JLCPCB's catalogue)
     SPECIAL PART WITHOUT A CODE: Q1 [2N7002: panel controller high = pull KILL low = power off (1 G, 2 S, 3]: names the part number 2N7002; no LCSC code in the netlist
     SPECIAL PART WITHOUT A CODE: Q6 [2N7002: CHG_INHIBIT high = ILIM_HIZ low = charger in HiZ]: names the part number 2N7002; no LCSC code in the netlist
     SPECIAL PART WITHOUT A CODE: Q7 [CSD17578Q5A 30 V N-FET]: names the part number CSD17578Q5A; no LCSC code in the netlist
     SPECIAL PART WITHOUT A CODE: Q10, Q8, Q9 [CSD17577Q5A 30 V N-FET]: names the part number CSD17577Q5A; no LCSC code in the netlist
     SPECIAL PART WITHOUT A CODE: Q11, Q12, Q13, Q14, Q15, Q16, Q21, Q22 (+4) [CSD18510Q5B 40 V N-FET]: names the part number CSD18510Q5B; no LCSC code in the netlist
     SPECIAL PART WITHOUT A CODE: Q27 [CSD18510Q5B 40 V N-FET (VBUS switch)]: names the part number CSD18510Q5B; no LCSC code in the netlist
     TOLERANCE NOT STATED BY THE GENERATOR: 42 selections, 234 rows:
       each takes rule C-T's or R-T1's default (C0G 5 %, class 2 10 % or 20 %, a resistor 5 %), which the selected part meets; the generator owner states the tolerance where the circuit
       needs another: S-4ffaac15d2 (C1,C2), S-b103da8cf9 (C4), S-4a4af5601b (C10,C101,C137+), S-1b1b5c12e8 (C11,C12,C176+), S-5eb889794a (C18), S-9ad32441cf (C19), S-74654618a2 (C26),
       S-88334c937c (C27), S-6eea0a8102 (C77), S-c684353dde (C94), S-c54613e807 (C96,C97), S-4f744681c7 (C100,C53,C98), S-8b55c1443b (C102,C154,C224), S-45ad5deffe (C103,C104,C106+),
       S-793a0403d3 (C108,C109,C110+), S-70e940f7b1 (C112,C114), S-982a6141e5 (C120,C159,C229+), S-46c615b0e1 (C121,C158,C228), S-074f76d88e (C122), S-748febfdb7 (C123,C124,C125+),
       S-8e9688dfbb (C128), S-db42f4ad37 (C129,C130,C132+), S-b6c212b374 (C131), S-591082ff32 (C135,C142,C59+), S-8c7fc15e64 (C136,C143,C60+), S-2af4a1f231 (C156,C161,C162+), S-66af112614
       (C157,C227,C28+), S-96c375be5f (C196), S-e3ac376f3f (C231,C232,C31+), S-91ea981d9e (C233,C234), S-ed7ea56dc6 (R1), S-0baee211d0 (R5), S-eecd47eb73 (R45,R47), S-668d252f79
       (R103,R104,R111+), S-50018f6fcc (R110,R117,R142+), S-a6b3121bb8 (R115,R46,R52+), S-a44109c662 (R116,R118,R119+), S-05a6306966 (R129,R131), S-477807fcf6 (R139), S-33cc84bc82 (R140),
       S-f9685d1305 (R141), S-5763db5a29 (R146,R147,R148+)
     VOLTAGE NOT STATED BY THE GENERATOR, DERIVED FROM THE INTENT: 24 selections, 90 rows []: rule V-1: the voltage across each from the board's intent (DECLARED) or its nets' bound (BOUND) at the 20 percent margin; the derivation is the requirement, not a guess (each selection's basis line in section 2)
   BOARD E: 18 findings (SPECIAL PART WITHOUT A CODE 16; TOLERANCE NOT STATED BY THE GENERATOR 1; VOLTAGE NOT STATED BY THE GENERATOR, DERIVED FROM THE INTENT 1)
     SPECIAL PART WITHOUT A CODE: F1 [10 A mini blade (Keystone 3568 holder): vehicle input]: names Keystone 3568; no LCSC code in the netlist
     SPECIAL PART WITHOUT A CODE: F2 [10 A mini blade (Keystone 3568 holder): panel input]: names Keystone 3568; no LCSC code in the netlist
     SPECIAL PART WITHOUT A CODE: F3 [25 A mini blade (Keystone 3568 holder): pack to the block]: names Keystone 3568; no LCSC code in the netlist
     SPECIAL PART WITHOUT A CODE: J_DCF [DCF77 receiver module: 3.3 V, GND, pulse]: names the part number DCF77; no LCSC code in the netlist
     SPECIAL PART WITHOUT A CODE: J_FAN1 [mixer fan 1 under the plate (12 V class fan on the pack node, low-side]: names no part by number (what it connects to, a class or a function); no identity
     SPECIAL PART WITHOUT A CODE: J_FAN2 [mixer fan 2 under the plate (12 V class fan on the pack node, low-side]: names no part by number (what it connects to, a class or a function); no identity
     SPECIAL PART WITHOUT A CODE: J_GEIGER [Geiger counter module (RadiationD-v1.1 class): 5 V switched by U16, GN]: names the part number RadiationD-v1.1 (a CLASS: the value says so); no LCSC code in the netlist
     SPECIAL PART WITHOUT A CODE: J_LTG [AS3935 lightning sensor module (CJMCU-3935 class): 3.3 V, GND, SDA, SC]: names the part number AS3935 (a CLASS: the value says so); no LCSC code in the netlist
     SPECIAL PART WITHOUT A CODE: J_POD [outside sensor pod on the connector plate (M8 sealed lead): 3.3 V, GND]: names no part by number (what it connects to, a class or a function); no identity
     SPECIAL PART WITHOUT A CODE: L2 [Bourns SRF1260-1R5Y dual-winding choke, common-mode connection (each w]: names Bourns SRF1260-1R5Y (a Layer 4 or earlier selection; Coilcraft parts are hand-fit, not in JLCPCB's catalogue)
     SPECIAL PART WITHOUT A CODE: L3 [4.7uH XAL4030-472ME]: names Coilcraft XAL4030-472ME (a Layer 4 or earlier selection; Coilcraft parts are hand-fit, not in JLCPCB's catalogue); LAND: the part is an XAL4030 and its footprint is drawn for the XAL4020; Coilcraft draws one land for the series and the two KiCad footprints' copper is identical, the body height
     SPECIAL PART WITHOUT A CODE: Q8 [2N7002: SHORE_INHIBIT high pulls UVLO low = input off (1 G, 2 S, 3 D)]: names the part number 2N7002; no LCSC code in the netlist
     SPECIAL PART WITHOUT A CODE: Q9 [2N7002 fan 1 low-side switch (1 G, 2 S, 3 D)]: names the part number 2N7002; no LCSC code in the netlist
     SPECIAL PART WITHOUT A CODE: Q10 [2N7002 fan 2 low-side switch (1 G, 2 S, 3 D)]: names the part number 2N7002; no LCSC code in the netlist
     SPECIAL PART WITHOUT A CODE: Q11 [2N7002 HOT-R1 open drain: GPIO19 high pulls the dock line BLK_SPARE lo]: names the part number 2N7002; no LCSC code in the netlist
     SPECIAL PART WITHOUT A CODE: U16 [TPS22810DRV]: names the part number TPS22810DRV; no LCSC code in the netlist
     TOLERANCE NOT STATED BY THE GENERATOR: 28 selections, 66 rows:
       each takes rule C-T's or R-T1's default (C0G 5 %, class 2 10 % or 20 %, a resistor 5 %), which the selected part meets; the generator owner states the tolerance where the circuit
       needs another: S-982a6141e5 (C1,C31), S-c30db93ff4 (C2), S-5cf18f994d (C5), S-eec55ecc0c (C6,C7), S-1b1b5c12e8 (C8), S-b4945cfbcd (C13,C14), S-50d914faf6 (C15), S-8e9688dfbb (C16),
       S-fe35982ca0 (C17,C18), S-d106be30a0 (C19,C63), S-5eeee312c8 (C20,C34,C35+), S-c737d3112b (C21), S-709cc2bf31 (C22), S-fcd6c2d411 (C23), S-1013a89988 (C26,C27), S-66af112614 (C30),
       S-e3ac376f3f (C32,C33), S-382e142692 (C36,C37), S-45ad5deffe (C38,C39,C40+), S-50018f6fcc (R13,R16,R17+), S-cfc86cd784 (R24), S-a44109c662 (R26), S-0baee211d0 (R28,R32,R33),
       S-b3916fa625 (R29,R30), S-668d252f79 (R34,R35,R36+), S-33cc84bc82 (R38,R39), S-d7aa8a0726 (R44,R45), S-94b1cac23f (R48)
     VOLTAGE NOT STATED BY THE GENERATOR, DERIVED FROM THE INTENT: 9 selections, 24 rows []: rule V-1: the voltage across each from the board's intent (DECLARED) or its nets' bound (BOUND) at the 20 percent margin; the derivation is the requirement, not a guess (each selection's basis line in section 2)
   BOARD P: 9 findings (GRADE NOT READ 1; SPECIAL PART WITHOUT A CODE 6; TOLERANCE NOT STATED BY THE GENERATOR 1; VOLTAGE NOT STATED BY THE GENERATOR, DERIVED FROM THE INTENT 1)
     GRADE NOT READ: R10 [2m 2512 2W (sense)]: C154685 LR2512-23R002F4: None
     SPECIAL PART WITHOUT A CODE: F1 [25 A mini blade (Keystone 3568 holder): the pack's fuse]: names Keystone 3568; no LCSC code in the netlist
     SPECIAL PART WITHOUT A CODE: J_CELL [cell tap sense wires from the 4S block (JST-XH 1x5): B- C1 C2 C3 B+; t]: its land names JST B5B-XH-A; no LCSC code in the netlist
     SPECIAL PART WITHOUT A CODE: W_BN [cell block B- (12 AWG from the block's negative strip)]: names no part by number (what it connects to, a class or a function); no identity
     SPECIAL PART WITHOUT A CODE: W_BP [cell block B+ (12 AWG from the block's positive strip)]: names no part by number (what it connects to, a class or a function); no identity
     SPECIAL PART WITHOUT A CODE: W_N [pack lead - (12 AWG to the XT60 on E6 J_BATT pin 1)]: names no part by number (what it connects to, a class or a function); no identity
     SPECIAL PART WITHOUT A CODE: W_P [pack lead + (12 AWG to the XT60 on E6 J_BATT pin 2)]: names no part by number (what it connects to, a class or a function); no identity
     TOLERANCE NOT STATED BY THE GENERATOR: 15 selections, 44 rows:
       each takes rule C-T's or R-T1's default (C0G 5 %, class 2 10 % or 20 %, a resistor 5 %), which the selected part meets; the generator owner states the tolerance where the circuit
       needs another: S-71959ade26 (C1), S-fcd6c2d411 (C11), S-863d2fac9b (C12), S-4a4af5601b (C13,C14,C18+), S-45ad5deffe (C15,C2,C9), S-96c375be5f (C16,C17,C3+), S-66af112614 (C19),
       S-d7aa8a0726 (R1,R2,R20+), S-e6b3bd533e (R10), S-50018f6fcc (R14,R15), S-9f4d337c01 (R16,R18,R30), S-12ede1356a (R17,R19), S-0baee211d0 (R22,R24,R25+), S-a44109c662 (R28),
       S-33cc84bc82 (R32)
     VOLTAGE NOT STATED BY THE GENERATOR, DERIVED FROM THE INTENT: 5 selections, 16 rows []: rule V-1: the voltage across each from the board's intent (DECLARED) or its nets' bound (BOUND) at the 20 percent margin; the derivation is the requirement, not a guess (each selection's basis line in section 2)
   BOARD D: 12 findings (OPEN REQUIREMENT 2; SPECIAL PART WITHOUT A CODE 8; TOLERANCE NOT STATED BY THE GENERATOR 1; VOLTAGE NOT STATED BY THE GENERATOR, DERIVED FROM THE INTENT 1)
     OPEN REQUIREMENT: L1 [68nH 0805 (LPF, 145 MHz 5th order; values to be verified in MESHSAT-81]: a RF inductor whose deciding properties beyond the inductance (tolerance, Q, self-resonance, current) the value does not state: '68nH 0805 (LPF, 145 MHz 5th order; values to be verified in MESHSAT-818)'
     OPEN REQUIREMENT: L2 [68nH 0805 (LPF)]: a RF inductor whose deciding properties beyond the inductance (tolerance, Q, self-resonance, current) the value does not state: '68nH 0805 (LPF)'
     SPECIAL PART WITHOUT A CODE: J_HARN1 [A22 mezzanine harness J_MEZZ1 (IDC 2x8): USB pair, PTT mirror, inhibit]: an identity chosen on a page of record: PROCUREMENT.md HC6-SC-7: Wurth WR-BHD 61201621621 (C5364137), rule I-3; the netlist carries no code (the generator owner writes it)
     SPECIAL PART WITHOUT A CODE: K1 [Omron G6K-2F-Y 5 VDC DPDT signal relay, T/R]: names Omron G6K-2F-Y; no LCSC code in the netlist
     SPECIAL PART WITHOUT A CODE: U1 [TLV75533PDBV 3.3 V 500 mA LDO (1 IN 2 GND 3 EN 4 NC 5 OUT)]: names the part number TLV75533PDBV; no LCSC code in the netlist
     SPECIAL PART WITHOUT A CODE: U2 [NiceRF SA868 VHF 2 W exciter, bench-fitted (castellated; VBAT 3.3 to 5]: names NiceRF SA868; no LCSC code in the netlist
     SPECIAL PART WITHOUT A CODE: U6 [TI PCM2912A USB audio codec (TQFP-32): mono input from the exciter, st]: names TI PCM2912A; no LCSC code in the netlist
     SPECIAL PART WITHOUT A CODE: U7 [TI TPA6132A2 headphone amplifier (QFN-16), receive audio to the two he]: names TI TPA6132A2; no LCSC code in the netlist
     SPECIAL PART WITHOUT A CODE: U8 [TLV9062IDGK dual op amp (1 OUT1 2 IN1- 3 IN1+ 4 V- 5 IN2+ 6 IN2- 7 OUT]: names the part number TLV9062IDGK; no LCSC code in the netlist
     SPECIAL PART WITHOUT A CODE: U16 [PCA9555PW 0x26: COS, PTT states, KEY, PA_KEY in; exciter PD, amplifier]: names the part number PCA9555PW; no LCSC code in the netlist
     TOLERANCE NOT STATED BY THE GENERATOR: 21 selections, 121 rows:
       each takes rule C-T's or R-T1's default (C0G 5 %, class 2 10 % or 20 %, a resistor 5 %), which the selected part meets; the generator owner states the tolerance where the circuit
       needs another: S-da052ec13f (C1,C2,C5), S-5ae2e5c268 (C10), S-45ad5deffe (C11,C15,C16+), S-5eeee312c8 (C12,C18,C19+), S-0da867e4c4 (C13,C14,C26+), S-6d1de2f8e8 (C17,C24,C25+),
       S-54224e96e5 (C43), S-9ad32441cf (C46), S-8aa61b634b (C47,C48), S-753ae929e3 (C58,C60), S-a77efb52ad (C59), S-099e530a08 (R1,R43,R44+), S-a44109c662 (R2,R3,R53), S-50018f6fcc
       (R10,R31,R32+), S-0baee211d0 (R11,R29,R30+), S-94b1cac23f (R12,R13,R16+), S-2c22a7de64 (R14,R15,R18+), S-4217d7e5e6 (R26,R27), S-eaaed6ecb3 (R28,R8), S-668d252f79 (R34,R40,R41),
       S-f7ecdc459a (R42)
     VOLTAGE NOT STATED BY THE GENERATOR, DERIVED FROM THE INTENT: 8 selections, 54 rows []: rule V-1: the voltage across each from the board's intent (DECLARED) or its nets' bound (BOUND) at the 20 percent margin; the derivation is the requirement, not a guess (each selection's basis line in section 2)
   BOARD C: 34 findings (OPEN REQUIREMENT 17; SPECIAL PART WITHOUT A CODE 15; TOLERANCE NOT STATED BY THE GENERATOR 1; VOLTAGE NOT STATED BY THE GENERATOR, DERIVED FROM THE INTENT 1)
     OPEN REQUIREMENT: D1 [3 mm MWARN red, sunlight viewable]: a panel lamp whose intensity and viewing angle through its light guide are not stated (w5identc: CHOICE_OWED)
     OPEN REQUIREMENT: D2 [3 mm MCAUT amber, sunlight viewable]: a panel lamp whose intensity and viewing angle through its light guide are not stated (w5identc: CHOICE_OWED)
     OPEN REQUIREMENT: D3 [3 mm TX red (RF hazard), sunlight viewable]: a panel lamp whose intensity and viewing angle through its light guide are not stated (w5identc: CHOICE_OWED)
     OPEN REQUIREMENT: D4 [3 mm SOSACT red, sunlight viewable]: a panel lamp whose intensity and viewing angle through its light guide are not stated (w5identc: CHOICE_OWED)
     OPEN REQUIREMENT: D5 [3 mm SAT green, sunlight viewable]: a panel lamp whose intensity and viewing angle through its light guide are not stated (w5identc: CHOICE_OWED)
     OPEN REQUIREMENT: D6 [3 mm MESH green, sunlight viewable]: a panel lamp whose intensity and viewing angle through its light guide are not stated (w5identc: CHOICE_OWED)
     OPEN REQUIREMENT: D7 [3 mm LTE green, sunlight viewable]: a panel lamp whose intensity and viewing angle through its light guide are not stated (w5identc: CHOICE_OWED)
     OPEN REQUIREMENT: D8 [3 mm GPS green, sunlight viewable]: a panel lamp whose intensity and viewing angle through its light guide are not stated (w5identc: CHOICE_OWED)
     OPEN REQUIREMENT: D9 [3 mm SHORE green, sunlight viewable]: a panel lamp whose intensity and viewing angle through its light guide are not stated (w5identc: CHOICE_OWED)
     OPEN REQUIREMENT: D10 [3 mm CHG white, sunlight viewable]: a panel lamp whose intensity and viewing angle through its light guide are not stated (w5identc: CHOICE_OWED)
     OPEN REQUIREMENT: D11 [3 mm MSG white, sunlight viewable]: a panel lamp whose intensity and viewing angle through its light guide are not stated (w5identc: CHOICE_OWED)
     OPEN REQUIREMENT: D12 [3 mm BAT1 amber, sunlight viewable]: a panel lamp whose intensity and viewing angle through its light guide are not stated (w5identc: CHOICE_OWED)
     OPEN REQUIREMENT: D13 [3 mm BAT2 green, sunlight viewable]: a panel lamp whose intensity and viewing angle through its light guide are not stated (w5identc: CHOICE_OWED)
     OPEN REQUIREMENT: D14 [3 mm BAT3 green, sunlight viewable]: a panel lamp whose intensity and viewing angle through its light guide are not stated (w5identc: CHOICE_OWED)
     OPEN REQUIREMENT: D15 [3 mm BAT4 green, sunlight viewable]: a panel lamp whose intensity and viewing angle through its light guide are not stated (w5identc: CHOICE_OWED)
     OPEN REQUIREMENT: D16 [3 mm BAT5 green, sunlight viewable]: a panel lamp whose intensity and viewing angle through its light guide are not stated (w5identc: CHOICE_OWED)
     OPEN REQUIREMENT: D22 [3 mm EMCON amber (hardware, no processor), sunlight viewable]: a panel lamp whose intensity and viewing angle through its light guide are not stated (w5identc: CHOICE_OWED)
     SPECIAL PART WITHOUT A CODE: BZ1 [IP67 panel-mount sounder, 5 V DC continuous, bezel gasket on the face,]: names Floyd MC-09-530-Q (a CLASS: the value says so); no LCSC code in the netlist
     SPECIAL PART WITHOUT A CODE: H1, H2, H3, H4, H5, H6, H7, H8 [M3 x 6 into the face plate's self-clinching standoff: GND bond to the ]: names no part by number (what it connects to, a class or a function); no identity
     SPECIAL PART WITHOUT A CODE: J_EPD [Hirose FH34SRJ-24S-0.5SH ZIF for the E2370KS0C1 flex (0.5 mm, 24 way; ]: names Hirose FH34SRJ-24S-0.5SH; no LCSC code in the netlist
     SPECIAL PART WITHOUT A CODE: J_HSJ1 [U-174/U headset jack 1 (Amphenol Nexus class, drawing owed): 17 mm hol]: names the part number U-174/U (a CLASS: the value says so); no LCSC code in the netlist
     SPECIAL PART WITHOUT A CODE: J_HSJ2 [U-174/U headset jack 2 (Amphenol Nexus class, drawing owed): 17 mm hol]: names the part number U-174/U (a CLASS: the value says so); no LCSC code in the netlist
     SPECIAL PART WITHOUT A CODE: J_PANEL [panel ribbon from B16 J_PANEL (IDC 2x13 SMD, underside): 5 V, kit I2C,]: an identity chosen on a page of record: PROCUREMENT.md HC6-SC-7: XFCN BH254VS-26P (C48687640), rule I-3; the netlist carries no code (the generator owner writes it)
     SPECIAL PART WITHOUT A CODE: L1 [10uH ATNR4010100MT 0.8 A (the boost inductor)]: names Arlitech Electronic Corp. ATNR4010100MT (a Layer 4 or earlier selection; Coilcraft parts are hand-fit, not in JLCPCB's catalogue)
     SPECIAL PART WITHOUT A CODE: SW_EMCON [EMCON locking toggle (closed = TX inhibit, a hardware line: TX_INHIBIT]: names APEM 5636ADKB-2V; no LCSC code in the netlist
     SPECIAL PART WITHOUT A CODE: SW_LIGHT [LIGHTING DAY/NIGHT/BLACKOUT toggle DPDT ON-ON-ON (pole 1: rail, pole 2]: names NKK M2044SD3A01; no LCSC code in the netlist
     SPECIAL PART WITHOUT A CODE: SW_MAIN [MAIN PWR 19 mm momentary, green ring (to A22 J_MAINSW); C&K ATP19-SL1-]: names C&K ATP19-SL1-603-B0SA-03G; no LCSC code in the netlist
     SPECIAL PART WITHOUT A CODE: SW_PI [PI 16 mm recessed momentary, amber ring (PI_SHDN_REQ to the modules th]: names C&K ATP16-SL1-403-M0SA-04G; no LCSC code in the netlist
     SPECIAL PART WITHOUT A CODE: SW_SOS [SOS locking toggle, maintained (APEM 5636ADKB-2V, both positions locke]: names APEM 5636ADKB-2V; no LCSC code in the netlist
     SPECIAL PART WITHOUT A CODE: SW_TEST [TEST/ACK 16 mm momentary, white ring; C&K ATP16-SL1-203-M0SA-04G; sili]: names C&K ATP16-SL1-203-M0SA-04G; no LCSC code in the netlist
     SPECIAL PART WITHOUT A CODE: SW_ZERO [ZEROIZE locking toggle, maintained (APEM 5636ADKB-2V, single pole ON-N]: names APEM 5636ADKB-2V; no LCSC code in the netlist
     SPECIAL PART WITHOUT A CODE: U5 [TLV75533PDBV 3.3 V 500 mA LDO for the controller, expanders, e-paper a]: names the part number TLV75533PDBV; no LCSC code in the netlist
     TOLERANCE NOT STATED BY THE GENERATOR: 15 selections, 38 rows:
       each takes rule C-T's or R-T1's default (C0G 5 %, class 2 10 % or 20 %, a resistor 5 %), which the selected part meets; the generator owner states the tolerance where the circuit
       needs another: S-8b1dfb7d63 (C5,C6), S-45ad5deffe (C10,C11,C12+), S-5eeee312c8 (C14,C16,C3+), S-5ae2e5c268 (C28), S-9121e77997 (C30), S-a9d5694441 (C32), S-69d0f41966 (C33),
       S-12603c7856 (C34), S-c3afdba8a6 (C35), S-bd25452813 (C36), S-9ae5738976 (C37), S-0baee211d0 (R1,R5,R6), S-b3916fa625 (R2,R3,R53+), S-50018f6fcc (R4,R42), S-099e530a08 (R7,R8)
     VOLTAGE NOT STATED BY THE GENERATOR, DERIVED FROM THE INTENT: 4 selections, 18 rows []: rule V-1: the voltage across each from the board's intent (DECLARED) or its nets' bound (BOUND) at the 20 percent margin; the derivation is the requirement, not a guess (each selection's basis line in section 2)
   BOARD B: 41 findings (GRADE NOT READ 1; RULE C-D3b: X5R TAKEN, THE HOT-SPOT QUESTION OPEN 1; SPECIAL PART WITHOUT A CODE 37; TOLERANCE NOT STATED BY THE GENERATOR 1; VOLTAGE NOT STATED BY THE GENERATOR, DERIVED FROM THE INTENT 1)
     RULE C-D3b: X5R TAKEN, THE HOT-SPOT QUESTION OPEN: C1, C101, C102, C103, C104, C2, C201, C202 (+6) [100u 10V]: C6119961 CGA1206X5R107M100NT; rule C-D3b: no X7R line read meets the value, land and rating with stock; an X5R part is taken and the hot-spot question is OPEN
     GRADE NOT READ: R12 [0.25R 1% 2512]: C459675 RLP25FEER250: None
     SPECIAL PART WITHOUT A CODE: BT1 [CR2032 holder Keystone 3034: VBAT for the three modules' RTCs, the LG2]: names Keystone 3034; no LCSC code in the netlist
     SPECIAL PART WITHOUT A CODE: F2, F3 [0.5A hold 1812]: names no part by number (what it connects to, a class or a function); no identity
     SPECIAL PART WITHOUT A CODE: J_AB1 [A-B interconnect (IDC 2x13, underside, mates A22's J_AB1 at the same c]: an identity chosen on a page of record: PROCUREMENT.md HC6-SC-7: Wurth WR-BHD 61202621621 (C17586777), rule I-3; the netlist carries no code (the generator owner writes it)
     SPECIAL PART WITHOUT A CODE: J_AB2 [A-B wall-port ribbon (IDC 2x5): the wall USB pair (bank 3 hub port 3) ]: an identity chosen on a page of record: PROCUREMENT.md HC6-SC-7: Wurth WR-BHD 61201021621 (C4355000), rule I-3; the netlist carries no code (the generator owner writes it)
     SPECIAL PART WITHOUT A CODE: J_CAM [camera lead (USB 2.0, bank 1 hub, port 3): 5V D- D+ GND]: names no part by number (what it connects to, a class or a function); no identity
     SPECIAL PART WITHOUT A CODE: J_DBG1 [console UART0 and the module I2C of S1 (3.3 V, bench): GND TX RX SDA S]: names no part by number (what it connects to, a class or a function); no identity
     SPECIAL PART WITHOUT A CODE: J_DBG2 [console UART0 and the module I2C of S2 (3.3 V, bench): GND TX RX SDA S]: names no part by number (what it connects to, a class or a function); no identity
     SPECIAL PART WITHOUT A CODE: J_DBG3 [console UART0 and the module I2C of S3 (3.3 V, bench): GND TX RX SDA S]: names no part by number (what it connects to, a class or a function); no identity
     SPECIAL PART WITHOUT A CODE: J_ETH [RJ45 jack (Amphenol RJHSE5380): patch lead to the sealed wall RJ45; Po]: names Amphenol RJHSE5380; no LCSC code in the netlist
     SPECIAL PART WITHOUT A CODE: J_GNSS2 [LG290P UART2 (bench): GND TX RX]: names the part number LG290P; no LCSC code in the netlist
     SPECIAL PART WITHOUT A CODE: J_IOCOFF_A [bench jumper, controller A: fit to hold its LDO off (IOHA A4, A6); not]: names no part by number (what it connects to, a class or a function); no identity
     SPECIAL PART WITHOUT A CODE: J_IOCOFF_B [bench jumper, controller B: fit to hold its LDO off (IOHA A4, A6); not]: names no part by number (what it connects to, a class or a function); no identity
     SPECIAL PART WITHOUT A CODE: J_IOCOFF_C [bench jumper, controller C: fit to hold its LDO off (IOHA A4, A6); not]: names no part by number (what it connects to, a class or a function); no identity
     SPECIAL PART WITHOUT A CODE: J_PANEL [panel ribbon to PCB-C C7 (IDC 2x13): the RP2040 panel controller's USB]: an identity chosen on a page of record: PROCUREMENT.md HC6-SC-7: Wurth WR-BHD 61202621621 (C17586777), rule I-3; the netlist carries no code (the generator owner writes it)
     SPECIAL PART WITHOUT A CODE: J_QMX [QMX USB lead (bank 2 hub, port 4): VBUS D- D+ GND; pigtail to the unit]: names no part by number (what it connects to, a class or a function); no identity
     SPECIAL PART WITHOUT A CODE: J_RB9704 [RockBLOCK 9704 16-pin (IDC 2x8) on the Ground Control bracket]: an identity chosen on a page of record: PROCUREMENT.md HC6-SC-7: Wurth WR-BHD 61201621621 (C5364137), rule I-3; the netlist carries no code (the generator owner writes it)
     SPECIAL PART WITHOUT A CODE: J_RPIBOOT1 [nRPIBOOT jumper S1: fit to flash the eMMC over J_FLASH1]: names no part by number (what it connects to, a class or a function); no identity
     SPECIAL PART WITHOUT A CODE: J_RPIBOOT2 [nRPIBOOT jumper S2: fit to flash the eMMC over J_FLASH2]: names no part by number (what it connects to, a class or a function); no identity
     SPECIAL PART WITHOUT A CODE: J_RPIBOOT3 [nRPIBOOT jumper S3: fit to flash the eMMC over J_FLASH3]: names no part by number (what it connects to, a class or a function); no identity
     SPECIAL PART WITHOUT A CODE: J_SPI3 [SPI0 breakout of S3 (2x5): 3V3 GND MISO MOSI SCLK CE0 CE1 IO23 IO24 IO]: names no part by number (what it connects to, a class or a function); no identity
     SPECIAL PART WITHOUT A CODE: J_ZBDBG1 [CC2652P cJTAG ZBA (bench): 3V3 GND TMSC TCKC RESET]: names the part number CC2652P; no LCSC code in the netlist
     SPECIAL PART WITHOUT A CODE: J_ZBDBG2 [CC2652P cJTAG ZBB (bench): 3V3 GND TMSC TCKC RESET]: names the part number CC2652P; no LCSC code in the netlist
     SPECIAL PART WITHOUT A CODE: L1 [4.7uH XAL4030-472ME]: names Coilcraft XAL4030-472ME (a Layer 4 or earlier selection; Coilcraft parts are hand-fit, not in JLCPCB's catalogue); LAND: the part is an XAL4030 and its footprint is drawn for the XAL4020; Coilcraft draws one land for the series and the two KiCad footprints' copper is identical, the body height
     SPECIAL PART WITHOUT A CODE: L101, L102, L201, L202, L301, L302 [3.3uH XAL6030-332ME]: names Coilcraft XAL6030-332ME (a Layer 4 or earlier selection; Coilcraft parts are hand-fit, not in JLCPCB's catalogue); LAND: the part is an XAL6030 and its footprint is drawn for the XAL6060; Coilcraft draws one land for the series and the two KiCad footprints' copper is identical, the body height
     SPECIAL PART WITHOUT A CODE: L103, L104, L2, L203, L204, L303, L304 [2.2uH XAL4020-222ME]: names Coilcraft XAL4020-222ME (a Layer 4 or earlier selection; Coilcraft parts are hand-fit, not in JLCPCB's catalogue)
     SPECIAL PART WITHOUT A CODE: Q101, Q201, Q301 [BC857: LED_nPWR must be buffered (datasheet Table 4)]: names the part number BC857; no LCSC code in the netlist
     SPECIAL PART WITHOUT A CODE: U13 [Ebyte E72-2G4M20S1E CC2652P (Zigbee coordinator): 7 DIO_12 RX, 8 DIO_1]: names Ebyte E72-2G4M20S1E; no LCSC code in the netlist
     SPECIAL PART WITHOUT A CODE: U14 [Ebyte E72-2G4M20S1E CC2652P (OpenThread RCP for Matter): 7 DIO_12 RX, ]: names Ebyte E72-2G4M20S1E; no LCSC code in the netlist
     SPECIAL PART WITHOUT A CODE: U21, U22 [TPS22810DRV]: names the part number TPS22810DRV; no LCSC code in the netlist
     SPECIAL PART WITHOUT A CODE: U28 [TPS2065CDBV]: names the part number TPS2065CDBV; no LCSC code in the netlist
     SPECIAL PART WITHOUT A CODE: U40 [AP2112K-3.3 LDO: the private 3.3 V of controller A, its own branch off]: names the part number AP2112K-3.3; no LCSC code in the netlist
     SPECIAL PART WITHOUT A CODE: U42 [SWD pads, controller A: 3V3 SWDIO SWCLK NRST GND]: names no part by number (what it connects to, a class or a function); no identity
     SPECIAL PART WITHOUT A CODE: U50 [AP2112K-3.3 LDO: the private 3.3 V of controller B, its own branch off]: names the part number AP2112K-3.3; no LCSC code in the netlist
     SPECIAL PART WITHOUT A CODE: U52 [SWD pads, controller B: 3V3 SWDIO SWCLK NRST GND]: names no part by number (what it connects to, a class or a function); no identity
     SPECIAL PART WITHOUT A CODE: U60 [AP2112K-3.3 LDO: the private 3.3 V of controller C, its own branch off]: names the part number AP2112K-3.3; no LCSC code in the netlist
     SPECIAL PART WITHOUT A CODE: U62 [SWD pads, controller C: 3V3 SWDIO SWCLK NRST GND]: names no part by number (what it connects to, a class or a function); no identity
     SPECIAL PART WITHOUT A CODE: Y101, Y201, Y301 [24 MHz 3225]: names no part by number (what it connects to, a class or a function); no identity
     TOLERANCE NOT STATED BY THE GENERATOR: 39 selections, 781 rows:
       each takes rule C-T's or R-T1's default (C0G 5 %, class 2 10 % or 20 %, a resistor 5 %), which the selected part meets; the generator owner states the tolerance where the circuit
       needs another: S-bb20d24f98 (C1,C101,C102+), S-66af112614 (C10,C111,C118+), S-46730e2d9f (C11,C129,C134+), S-5eeee312c8 (C12,C13,C163+), S-7b20ca2de1 (C14,C15,C164+), S-5cf18f994d
       (C29,C30,C31+), S-6de32ddb37 (C33), S-d461db023a (C42), S-5ae2e5c268 (C43,C48,C50+), S-748febfdb7 (C45,C52), S-0a358a2812 (C74), S-6d1de2f8e8 (C105,C106,C107+), S-45ad5deffe
       (C110,C135,C136+), S-e3ac376f3f (C112,C113,C114+), S-23fb1499ea (C117,C124,C224+), S-fe4e511d9c (C126,C127,C131+), S-e5f04ad3cd (C151,C152,C153+), S-4f20f56619 (C159,C160,C161+),
       S-c3b1fd3d50 (C195,C196,C295+), S-53f742e1fe (C217), S-59e91f17ac (C407,C408,C427+), S-74654618a2 (C460,C461,C506+), S-8b55c1443b (C481,C482,C483+), S-d67c10e55e (C500,C501,C502+),
       S-b35e1ff382 (R10,R9), S-50018f6fcc (R11,R132,R133+), S-099e530a08 (R17,R18,R54+), S-2c22a7de64 (R19), S-5763db5a29 (R23), S-0baee211d0 (R101,R129,R130+), S-eecd47eb73
       (R104,R109,R204+), S-05a6306966 (R105,R110,R20+), S-a44109c662 (R106,R111,R112+), S-9f4d337c01 (R119,R120,R121+), S-c62c375c58 (R122,R124,R128+), S-668d252f79 (R127,R227,R327+),
       S-33cc84bc82 (R147,R247,R347), S-d7aa8a0726 (R194,R294,R394), S-94b1cac23f (R266,R267,R268+)
     VOLTAGE NOT STATED BY THE GENERATOR, DERIVED FROM THE INTENT: 18 selections, 427 rows []: rule V-1: the voltage across each from the board's intent (DECLARED) or its nets' bound (BOUND) at the 20 percent margin; the derivation is the requirement, not a guess (each selection's basis line in section 2)

4. THE DRAFTS: apply_gen_sch_X_lcsc.py per board, composition against every other pending draft of that generator
   board A: 331 designators keyed by (designator, committed value); chain apply_gen_sch_a_r12.py, apply_gen_sch_a_guard.py, apply_gen_sch_a_charger.py, apply_gen_sch_a_r11.py, apply_gen_sch_a_bank.py, apply_gen_sch_a_r138.py, apply_gen_sch_a_u17.py, apply_gen_sch_a_mainpb.py; standalone apply_gen_sch_a_mainpb.py
     apply_gen_sch_a_r12.py then apply_gen_sch_a_guard.py then apply_gen_sch_a_charger.py then apply_gen_sch_a_r11.py then apply_gen_sch_a_bank.py then apply_gen_sch_a_r138.py then apply_gen_sch_a_u17.py then apply_gen_sch_a_mainpb.py: commutes with this draft (identical text either order, sha256 c9d1bb3be09d5c62)
     apply_gen_sch_a_mainpb.py: commutes with this draft (identical text either order, sha256 655c3a5dc309420f)
     designators the pending drafts' changed lines name (their value key decides at the regeneration): R138, R139, R149, R16, R17
   board E: 91 designators keyed by (designator, committed value); chain apply_gen_sch_e_q1.py, apply_gen_sch_e_u5_grade.py, apply_gen_sch_e_hold.py, apply_gen_sch_e_input_limit.py, apply_gen_sch_e_backstop.py, apply_gen_sch_e_f1.py, apply_gen_sch_e_hotswap.py, apply_gen_sch_e_entry.py, apply_gen_sch_e_solar_guard.py, apply_gen_sch_e_aux.py, apply_gen_sch_e_cin.py; standalone apply_gen_sch_e_pod.py
     apply_gen_sch_e_q1.py then apply_gen_sch_e_u5_grade.py then apply_gen_sch_e_hold.py then apply_gen_sch_e_input_limit.py then apply_gen_sch_e_backstop.py then apply_gen_sch_e_f1.py then apply_gen_sch_e_hotswap.py then apply_gen_sch_e_entry.py then apply_gen_sch_e_solar_guard.py then apply_gen_sch_e_aux.py then apply_gen_sch_e_cin.py: commutes with this draft (identical text either order, sha256 6b7838a2ea1c1205)
     apply_gen_sch_e_pod.py: commutes with this draft (identical text either order, sha256 561167d0b3075558)
     designators the pending drafts' changed lines name (their value key decides at the regeneration): C13, C14, C15, C30, C31, C32, C33, C5, C63, R14, R15, R16, R17, R19, R20, R21, R22, R23, R24, R25, R8, R9
   board P: 44 designators keyed by (designator, committed value); chain none; standalone none
     no other pending draft names this generator: this draft applies to the bare generator (ast parses)
   board D: 129 designators keyed by (designator, committed value); chain none; standalone apply_gen_sch_d_ptt.py
     apply_gen_sch_d_ptt.py: commutes with this draft (identical text either order, sha256 2ffcfaa813c6c5ce)
   board C: 42 designators keyed by (designator, committed value); chain none; standalone none
     no other pending draft names this generator: this draft applies to the bare generator (ast parses)
   board B: 841 designators keyed by (designator, committed value); chain none; standalone none
     no other pending draft names this generator: this draft applies to the bare generator (ast parses)

5. COVERAGE AND THE LAYER 6 CRITERION 6.1 FOR THESE ROWS
   board A: 318 of 382 uncoded fitted rows SELECTED (every requirement met, stock for five kits), 0 LOW_STOCK (selected, the stock a finding), 64 still open (SPECIAL 64)
   board E: 87 of 111 uncoded fitted rows SELECTED (every requirement met, stock for five kits), 0 LOW_STOCK (selected, the stock a finding), 24 still open (NOT_A_PART 8; SPECIAL 16)
   board P: 44 of 50 uncoded fitted rows SELECTED (every requirement met, stock for five kits), 0 LOW_STOCK (selected, the stock a finding), 6 still open (SPECIAL 6)
   board D: 125 of 137 uncoded fitted rows SELECTED (every requirement met, stock for five kits), 0 LOW_STOCK (selected, the stock a finding), 12 still open (NOT_A_PART 2; OPEN 2; SPECIAL 8)
   board C: 40 of 83 uncoded fitted rows SELECTED (every requirement met, stock for five kits), 0 LOW_STOCK (selected, the stock a finding), 43 still open (NOT_A_PART 4; OPEN 17; SPECIAL 22)
   board B: 840 of 894 uncoded fitted rows SELECTED (every requirement met, stock for five kits), 0 LOW_STOCK (selected, the stock a finding), 54 still open (SPECIAL 54)
   identity block drafted_identities_l6r2_passives: 227 rows; RESOLVED/DECODED 134; UNRESOLVED/DOCUMENT_OWED 93
   6.1 moves for the generic rows of the six boards from OPEN to PARTLY: each selected row carries a maker, an MPN, a package, a code and a
   grade; the identity is DECODED on the maker's own ordering table where it is a YAGEO CC X7R or UNI-ROYAL part, else the catalogue's
   line (DOCUMENT_OWED). The specials and the open requirements stay findings. Nothing is applied: the drafts are release-guarded.

6. ROUND 3: THE COILCRAFT LANDS (criterion 6.4; a part drawn on the footprint of another body)
   KiCad's footprints: v2/docs/records/l6r2/inputs/kicad-xal-footprints-9.0.9.json (library 9.0.9, read 2026-10-03T14:23:42Z; pads, courtyard, fab and silk extents and the model path per file)
   Coilcraft XAL40xx (v2/vendor/coilcraft/coilcraft-xal40xx-series.pdf): one recommended land for the series, page 4 prints 0,98 / 3,4 / 2,37 mm (pad width, length, centres): printed
   Coilcraft XAL60xx (v2/vendor/coilcraft/coilcraft-xal60xx-series.pdf): one recommended land for the series, page 4 prints 1,43 / 5,50 / 4,04 mm (pad width, length, centres): printed
   board E L3 [4.7uH XAL4030-472ME] on L_Coilcraft_XAL4020-XXX:
     the value names XAL4030-472ME, 4.7 uH, 3.1 mm high at most (the sheet's dash table); the footprint's series XAL4020 has no part at 4.7 uH
     KiCad: the two footprints' pads identical, outlines identical; the pads 0.98 x 3.40 mm at 2.37 mm equal the sheet's land; the model heights 2.1 (drawn) and 3.1 mm (named)
     the copper is right and the drawn body is 1.0 mm lower than the part; the footprint's series makes no 4.7 uH part, so the value names the part and the FOOTPRINT KEY is the defect; drafted: apply_gen_sch_e_xal_land.py moves it to L_Coilcraft_XAL4030-XXX
   board B L1 [4.7uH XAL4030-472ME] on L_Coilcraft_XAL4020-XXX:
     the value names XAL4030-472ME, 4.7 uH, 3.1 mm high at most (the sheet's dash table); the footprint's series XAL4020 has no part at 4.7 uH
     KiCad: the two footprints' pads identical, outlines identical; the pads 0.98 x 3.40 mm at 2.37 mm equal the sheet's land; the model heights 2.1 (drawn) and 3.1 mm (named)
     the copper is right and the drawn body is 1.0 mm lower than the part; the footprint's series makes no 4.7 uH part, so the value names the part and the FOOTPRINT KEY is the defect; drafted: apply_gen_sch_b_xal_land.py moves it to L_Coilcraft_XAL4030-XXX
   board B L101 [3.3uH XAL6030-332ME] on L_Coilcraft_XAL6060-XXX:
     the value names XAL6030-332ME, 3.3 uH, 3.1 mm high at most (the sheet's dash table); the footprint's series XAL6060 has no part at 3.3 uH
     KiCad: the two footprints' pads identical, outlines identical; the pads 1.43 x 5.50 mm at 4.04 mm equal the sheet's land; the model heights 6.1 (drawn) and 3.1 mm (named)
     the copper is right and the drawn body is 3.0 mm higher than the part; the footprint's series makes no 3.3 uH part, so the value names the part and the FOOTPRINT KEY is the defect; drafted: apply_gen_sch_b_xal_land.py moves it to L_Coilcraft_XAL6030-XXX
   board B L102 [3.3uH XAL6030-332ME] on L_Coilcraft_XAL6060-XXX:
     the value names XAL6030-332ME, 3.3 uH, 3.1 mm high at most (the sheet's dash table); the footprint's series XAL6060 has no part at 3.3 uH
     KiCad: the two footprints' pads identical, outlines identical; the pads 1.43 x 5.50 mm at 4.04 mm equal the sheet's land; the model heights 6.1 (drawn) and 3.1 mm (named)
     the copper is right and the drawn body is 3.0 mm higher than the part; the footprint's series makes no 3.3 uH part, so the value names the part and the FOOTPRINT KEY is the defect; drafted: apply_gen_sch_b_xal_land.py moves it to L_Coilcraft_XAL6030-XXX
   board B L201 [3.3uH XAL6030-332ME] on L_Coilcraft_XAL6060-XXX:
     the value names XAL6030-332ME, 3.3 uH, 3.1 mm high at most (the sheet's dash table); the footprint's series XAL6060 has no part at 3.3 uH
     KiCad: the two footprints' pads identical, outlines identical; the pads 1.43 x 5.50 mm at 4.04 mm equal the sheet's land; the model heights 6.1 (drawn) and 3.1 mm (named)
     the copper is right and the drawn body is 3.0 mm higher than the part; the footprint's series makes no 3.3 uH part, so the value names the part and the FOOTPRINT KEY is the defect; drafted: apply_gen_sch_b_xal_land.py moves it to L_Coilcraft_XAL6030-XXX
   board B L202 [3.3uH XAL6030-332ME] on L_Coilcraft_XAL6060-XXX:
     the value names XAL6030-332ME, 3.3 uH, 3.1 mm high at most (the sheet's dash table); the footprint's series XAL6060 has no part at 3.3 uH
     KiCad: the two footprints' pads identical, outlines identical; the pads 1.43 x 5.50 mm at 4.04 mm equal the sheet's land; the model heights 6.1 (drawn) and 3.1 mm (named)
     the copper is right and the drawn body is 3.0 mm higher than the part; the footprint's series makes no 3.3 uH part, so the value names the part and the FOOTPRINT KEY is the defect; drafted: apply_gen_sch_b_xal_land.py moves it to L_Coilcraft_XAL6030-XXX
   board B L301 [3.3uH XAL6030-332ME] on L_Coilcraft_XAL6060-XXX:
     the value names XAL6030-332ME, 3.3 uH, 3.1 mm high at most (the sheet's dash table); the footprint's series XAL6060 has no part at 3.3 uH
     KiCad: the two footprints' pads identical, outlines identical; the pads 1.43 x 5.50 mm at 4.04 mm equal the sheet's land; the model heights 6.1 (drawn) and 3.1 mm (named)
     the copper is right and the drawn body is 3.0 mm higher than the part; the footprint's series makes no 3.3 uH part, so the value names the part and the FOOTPRINT KEY is the defect; drafted: apply_gen_sch_b_xal_land.py moves it to L_Coilcraft_XAL6030-XXX
   board B L302 [3.3uH XAL6030-332ME] on L_Coilcraft_XAL6060-XXX:
     the value names XAL6030-332ME, 3.3 uH, 3.1 mm high at most (the sheet's dash table); the footprint's series XAL6060 has no part at 3.3 uH
     KiCad: the two footprints' pads identical, outlines identical; the pads 1.43 x 5.50 mm at 4.04 mm equal the sheet's land; the model heights 6.1 (drawn) and 3.1 mm (named)
     the copper is right and the drawn body is 3.0 mm higher than the part; the footprint's series makes no 3.3 uH part, so the value names the part and the FOOTPRINT KEY is the defect; drafted: apply_gen_sch_b_xal_land.py moves it to L_Coilcraft_XAL6030-XXX
   apply_gen_sch_b_xal_land.py on the committed generator: OK, 4 edit(s): the FP map gains the XAL4030 and XAL6030 footprints; buck33's docstring names the part its inductor is; buck33's inductor (L101, L102, L201, L202, L301, L302) on the XAL6030 footprint; L1 on the XAL4030 footprint; keys added L4030, L6030 (L4030 -> Inductor_SMD:L_Coilcraft_XAL4030-XXX; L6030 -> Inductor_SMD:L_Coilcraft_XAL6030-XXX)
     keys whose footprint changed: none; the drafted generator's sha256 09f4397f6881610c
     apply_gen_sch_b_lcsc.py: commutes with this draft (identical text either order, sha256 d680d4878c3f2156)
   apply_gen_sch_e_xal_land.py on the committed generator: OK, 2 edit(s): the FP map gains the XAL4030 footprint; L3 on the XAL4030 footprint; keys added L4030 (L4030 -> Inductor_SMD:L_Coilcraft_XAL4030-XXX)
     keys whose footprint changed: none; the drafted generator's sha256 ee6b0b9a6f1cf7d9
     apply_gen_sch_e_q1.py then apply_gen_sch_e_u5_grade.py then apply_gen_sch_e_hold.py then apply_gen_sch_e_input_limit.py then apply_gen_sch_e_backstop.py then apply_gen_sch_e_f1.py then apply_gen_sch_e_hotswap.py then apply_gen_sch_e_entry.py then apply_gen_sch_e_solar_guard.py then apply_gen_sch_e_aux.py then apply_gen_sch_e_cin.py: commutes with this draft (identical text either order, sha256 d0963ebe96567b47)
     apply_gen_sch_e_pod.py: commutes with this draft (identical text either order, sha256 b8ce68eedc01b746)
     apply_gen_sch_e_lcsc.py: commutes with this draft (identical text either order, sha256 0d9af5be4b250664)
     apply_gen_sch_e_q1.py then apply_gen_sch_e_u5_grade.py then apply_gen_sch_e_hold.py then apply_gen_sch_e_input_limit.py then apply_gen_sch_e_backstop.py then apply_gen_sch_e_f1.py then apply_gen_sch_e_hotswap.py then apply_gen_sch_e_entry.py then apply_gen_sch_e_solar_guard.py then apply_gen_sch_e_aux.py then apply_gen_sch_e_cin.py then apply_gen_sch_e_pod.py then apply_gen_sch_e_lcsc.py: commutes with this draft (identical text either order, sha256 6e9be044505db526)
   8 rows on the six boards draw an XAL part on another series' footprint; 8 are moved by the two drafts; the rest: none
   Downstream (not done here): the regenerated boards B and E carry the new footprint names; v2/cad/zstack.py's reading takes the 3D
   model's height at the next z-stack run (zstack-models.json holds no XAL6030 model yet: the box reads it), which lowers board B's six
   buck33 inductors from 6.1 to 3.1 mm (CASE-FIT-UNCERTAINTIES.md section 4 item 1 counted them at 6.10 under 6.0 envelopes) and
   raises B L1 and E L3 from 2.1 to 3.1 mm.

7. ROUND 4: THE CODES THE GENERATORS' CALLS WRITE (finding F7; the same checks, the same dated reading with its supplements)
   board A: 101 generic rows carry a code in their generator call; FAILS 13; MEETS 88
     C152 [680n] C107067 YAGEO CC0603KRX7R7BB684: rated voltage FAILS, read 16V -> C2838708 YAGEO CC0603KRX7R8BB684 expand, stock 40718 (the keyword search '0603 680nF X7R'; every requirement met: package 0603; capacitance 680nF; rated voltage 25V; dielectric X7R; tolerance +-10%; construction multilayer ceramic)
     C75 [100n] C14663 YAGEO CC0603KRX7R9BB104: rated voltage FAILS, read 50V -> C113803 YAGEO CC0603KRX7R0BB104 expand, stock 1777253 (this record's selection for the same line on board A; every requirement met: package 0603; capacitance 100nF; rated voltage 100V; dielectric X7R; tolerance +-10%; construction multilayer ceramic)
     C208, C209 [1u] C15849 Samsung Electro-Mechanics CL10A105KB8NNNC: dielectric FAILS, read X5R -> C559769 YAGEO CC0603KRX7R9BB105 expand, stock 826024 (this record's selection for the same line on board A; every requirement met: package 0603; capacitance 1uF; rated voltage 50V; dielectric X7R; tolerance +-10%; construction multilayer ceramic)
     C191 [1n] C1588 Samsung Electro-Mechanics CL10B102KB8NNNC: dielectric FAILS, read X7R; tolerance FAILS, read ±10% -> C113793 YAGEO CC0603JRNPO0BN102 expand, stock 100133 (this record's selection for the same line on board A; every requirement met: package 0603; capacitance 1nF; rated voltage 100V; dielectric NP0; tolerance +-5%; construction multilayer ceramic)
     C69, C134, C141 [1n] C1588 Samsung Electro-Mechanics CL10B102KB8NNNC: dielectric FAILS, read X7R; tolerance FAILS, read ±10% -> C113793 YAGEO CC0603JRNPO0BN102 expand, stock 100133 (this record's selection for the same line on board A; every requirement met: package 0603; capacitance 1nF; rated voltage 100V; dielectric NP0; tolerance +-5%; construction multilayer ceramic)
     C86 [220n] C160828 Samsung Electro-Mechanics CL10B224KO8NNNC: rated voltage FAILS, read 16V -> C344195 CCTC TCC0603X7R224K500CT expand, stock 1292142 (this record's selection for the same line on board A; every requirement met: package 0603; capacitance 220nF; rated voltage 50V; dielectric X7R; tolerance +-10%; construction multilayer ceramic)
     C5 [220n] C160828 Samsung Electro-Mechanics CL10B224KO8NNNC: rated voltage FAILS, read 16V -> C344195 CCTC TCC0603X7R224K500CT expand, stock 1292142 (this record's selection for the same line on board A; every requirement met: package 0603; capacitance 220nF; rated voltage 50V; dielectric X7R; tolerance +-10%; construction multilayer ceramic)
     C76 [470p] C27694 Samsung Electro-Mechanics CL10C471JB8NNNC: rated voltage FAILS, read 50V -> C326973 YAGEO CC0603JRNPO0BN471 expand, stock 187725 (the keyword search '0603 470pF C0G'; every requirement met: package 0603; capacitance 470pF; rated voltage 100V; dielectric NP0; tolerance +-5%; construction multilayer ceramic)
     C7 [4.7u] C354262 YAGEO CC0805KKX7R8BB475: rated voltage FAILS, read 25V -> C694229 TDK CGA4J1X7R1H475KT0Y0N expand, stock 10736 (the keyword search '0805 4.7uF X7R'; every requirement met: package 0805; capacitance 4.7uF; rated voltage 50V; dielectric X7R; tolerance +-10%; construction multilayer ceramic)
     C150 [560p] C43962 FH (Guangdong Fenghua Advanced Tech) 0603CG561J500NT: rated voltage FAILS, read 50V -> C513644 YAGEO CC0603JRNPO0BN561 expand, stock 19589 (the keyword search '0603 560pF C0G'; every requirement met: package 0603; capacitance 560pF; rated voltage 100V; dielectric NP0; tolerance +-5%; construction multilayer ceramic)
   board E: 28 generic rows carry a code in their generator call; FAILS 4; MEETS 24
     C56, C57, C58 [1u] C15849 Samsung Electro-Mechanics CL10A105KB8NNNC: dielectric FAILS, read X5R -> C559769 YAGEO CC0603KRX7R9BB105 expand, stock 826024 (this record's selection for the same line on board E; every requirement met: package 0603; capacitance 1uF; rated voltage 50V; dielectric X7R; tolerance +-10%; construction multilayer ceramic)
     C53 [1n] C1588 Samsung Electro-Mechanics CL10B102KB8NNNC: dielectric FAILS, read X7R; tolerance FAILS, read ±10% -> C113793 YAGEO CC0603JRNPO0BN102 expand, stock 100133 (this record's selection for the same line on board E; every requirement met: package 0603; capacitance 1nF; rated voltage 100V; dielectric NP0; tolerance +-5%; construction multilayer ceramic)
   board P: 6 generic rows carry a code in their generator call; MEETS 6
   board D: 41 generic rows carry a code in their generator call; FAILS 4; MEETS 37
     C61, C64, C65, C71 [1u] C15849 Samsung Electro-Mechanics CL10A105KB8NNNC: dielectric FAILS, read X5R -> C559769 YAGEO CC0603KRX7R9BB105 expand, stock 826024 (this record's selection for the same line on board D; every requirement met: package 0603; capacitance 1uF; rated voltage 50V; dielectric X7R; tolerance +-10%; construction multilayer ceramic)
   board C: 66 generic rows carry a code in their generator call; FAILS 2; MEETS 63; MEETS_C_D3B 1
     C1, C2 [10u] C15850 Samsung Electro-Mechanics CL21A106KAYNNNE: dielectric FAILS, read X5R -> C326595 YAGEO CC0805KKX7R7BB106 expand, stock 265735 (this record's selection for the same line on board D; every requirement met: package 0805; capacitance 10uF; rated voltage 16V; dielectric X7R; tolerance +-10%; construction multilayer ceramic)
     C31 [4.7u 25V] C90057 Murata Electronics GRM188R61E475KE11D: X5R; no X7R line read meets the value, land and rating with stock: rule C-D3b keeps it, the hot-spot question OPEN
   board B: 137 generic rows carry a code in their generator call; FAILS 3; MEETS 125; OPEN 9
     C530 [4.7p 50V C0G] C325453 YAGEO CC0402BRNPO9BN4R7: tolerance NOT READ, read None; NO line read meets the requirement: a FINDING, the generator's code stands
     C529 [9.1p 50V C0G] C526972 YAGEO CC0402BRNPO9BN9R1: tolerance NOT READ, read None; NO line read meets the requirement: a FINDING, the generator's code stands
     C35 [10u 100V] C576517 Murata Electronics GRM32EC72A106KE05L: dielectric FAILS, read X7S -> C49296968 TDK C3225X7R2A106KT000E expand, stock 1793 (the keyword search '1210 10uF X7R'; every requirement met: package 1210; capacitance 10uF; rated voltage 100V; dielectric X7R; tolerance +-10%; construction multilayer ceramic)
   all six: FAILS 26 rows; MEETS 343 rows; MEETS_C_D3B 1 rows; OPEN 9 rows; the corrections are entries with a third field (the code they replace) in the boards' LCSC drafts

8. ROUND 5: THE OPEN REQUIREMENTS OF FINDING F3 (declarations derived at the desk, drafted for the intents; the rows judged as if applied)
   board P: 2 declarations (apply_gen_sch_p_intent.py, inserted before the intent is written)
     SRP_F: -0.200 to +0.200 V. SRP_F: the BQ4050's SRP input (pin 8) reached through R8 100R from GND, the coulomb counter's filtered side of the 2 mOhm shunt R10 between GND and PACK_N. TI SLUSC67B 6.3 (p.8) recommends SRP and SRN within -0.2 to +0.2 V (6.1, absolute maximum -0.3 to +0.3 V); the shunt drops 36 mV at the pack's declared 18 A peak (PACK_N's rail), and the AFE's short-circuit trips SCD1 and SCC are at most 200 mV across it (6.31, p.16, CONTROL[RSNS] = 0). Operating case: discharge or charge up to the short-circuit trip; round 5 of record l6r2
     SRN_F: -0.200 to +0.200 V. SRN_F: the BQ4050's SRN input (pin 6) reached through R9 100R from PACK_N, the coulomb counter's filtered side of the 2 mOhm shunt R10 between GND and PACK_N. TI SLUSC67B 6.3 (p.8) recommends SRP and SRN within -0.2 to +0.2 V (6.1, absolute maximum -0.3 to +0.3 V); the shunt drops 36 mV at the pack's declared 18 A peak (PACK_N's rail), and the AFE's short-circuit trips SCD1 and SCC are at most 200 mV across it (6.31, p.16, CONTROL[RSNS] = 0). Operating case: discharge or charge up to the short-circuit trip; round 5 of record l6r2
     apply_gen_sch_p_lcsc.py: commutes with this draft (identical text either order, sha256 9ec896eeaddcf49a)
   board D: 3 declarations (apply_gen_sch_d_intent.py, inserted before the intent is written)
     MICAMP_AC: -2.615 to +2.615 V. the coupled side of C46: the TLV9062 (U8) output sits at VREF (R38/R39, half of +5V_D8's declared 5.23 V) and swings within its supply, so the side of C46 whose DC is ground through R45 and R47 moves at most 2.615 V either way. Operating case: full-scale transmit audio; round 5 of record l6r2
     PCM_R_AC: -3.600 to +3.600 V. the coupled side of C47: the PCM2912A's VOUTR (pin 22) swings within its R-channel supply PCM_VCCR (declared 3.6 V, TI SLES230A note 10), so the side of C47 whose DC is ground through R46 and R47 moves at most 3.6 V either way (the full regulator output, not half of it: the output's centre is not taken from the sheet). Operating case: full-scale codec playback; round 5 of record l6r2
     MIC_SUM: -3.600 to +3.600 V. the summing node of R45, R46 and R47 (10k each, R47 to ground): a resistive combination of MICAMP_AC, PCM_R_AC and ground cannot exceed the larger of the two (2.615 and 3.6 V). Operating case: both sources at full scale; round 5 of record l6r2
     apply_gen_sch_d_ptt.py: commutes with this draft (identical text either order, sha256 f539c9c99d277ad6)
     apply_gen_sch_d_lcsc.py: commutes with this draft (identical text either order, sha256 b0d8e8b9e68608b2)
     apply_gen_sch_d_ptt.py then apply_gen_sch_d_lcsc.py: commutes with this draft (identical text either order, sha256 dbe5371aa1fe53ac)
   board B: 14 declarations (apply_gen_sch_b_intent.py, inserted before the intent is written)
     LIME_SSTX_P: +0.000 to +5.000 V. LIME_SSTX_P: J_LIME pin 9, the LimeSDR Mini 2.4's USB 3 receive pair through the receptacle. The LimeSDR in its bay has no supply but this receptacle's VBUS, +5V_LIME (declared 5.0 V), so its pins stay within 0 V and that supply (the premise rule V-1 applies to every active part, here to the module behind the connector; its USB 3.0 controller is an FTDI FT601, whose own sheet is not held). Operating case: the LimeSDR enumerated at USB 3 speed; round 5 of record l6r2
     LIME_SSTX_N: +0.000 to +5.000 V. LIME_SSTX_N: J_LIME pin 8, the LimeSDR Mini 2.4's USB 3 receive pair through the receptacle. The LimeSDR in its bay has no supply but this receptacle's VBUS, +5V_LIME (declared 5.0 V), so its pins stay within 0 V and that supply (the premise rule V-1 applies to every active part, here to the module behind the connector; its USB 3.0 controller is an FTDI FT601, whose own sheet is not held). Operating case: the LimeSDR enumerated at USB 3 speed; round 5 of record l6r2
     W1A_CARD: -10.620 to +10.620 V. the slot 1 card's antenna lead (J_W1A), chain A: the AsiaRF AW7915-AED's highest conducted output is 23 dBm +/- 1.5 dB (11b, datasheet V1.0 p.3), 24.5 dBm, which is 5.31 V peak into 50 Ohm and 10.62 V with the lead fully reflecting (an open or shorted antenna, the case board B's LORA_ANT declares). DC: none (an antenna lead, DC blocked on the switch side). Operating case: transmit at full power into any load; round 5 of record l6r2
     W3A_CARD: -10.620 to +10.620 V. the slot 3 card's antenna lead (J_W3A), chain A: the AsiaRF AW7915-AED's highest conducted output is 23 dBm +/- 1.5 dB (11b, datasheet V1.0 p.3), 24.5 dBm, which is 5.31 V peak into 50 Ohm and 10.62 V with the lead fully reflecting (an open or shorted antenna, the case board B's LORA_ANT declares). DC: none (an antenna lead, DC blocked on the switch side). Operating case: transmit at full power into any load; round 5 of record l6r2
     WA_ANT: -10.620 to +10.620 V. the lead to A22's P2P jack (J_WOA), chain A: the AsiaRF AW7915-AED's highest conducted output is 23 dBm +/- 1.5 dB (11b, datasheet V1.0 p.3), 24.5 dBm, which is 5.31 V peak into 50 Ohm and 10.62 V with the lead fully reflecting (an open or shorted antenna, the case board B's LORA_ANT declares). DC: none (an antenna lead, DC blocked on the switch side). Operating case: transmit at full power into any load; round 5 of record l6r2
     SWA_O1: -10.620 to +13.920 V. the SKY13351-378LF's OUTPUT1 port, chain A: the sheet requires every RF port DC blocked, so the port's own DC is taken at most its control voltage (VCTL from +3V3_DEV, declared 3.3 V), plus the card's RF peak with the lead fully reflecting, 10.62 V. Operating case: transmit at full power into any load; round 5 of record l6r2
     SWA_O2: -10.620 to +13.920 V. the SKY13351-378LF's OUTPUT2 port, chain A: the sheet requires every RF port DC blocked, so the port's own DC is taken at most its control voltage (VCTL from +3V3_DEV, declared 3.3 V), plus the card's RF peak with the lead fully reflecting, 10.62 V. Operating case: transmit at full power into any load; round 5 of record l6r2
     SWA_IN: -10.620 to +13.920 V. the SKY13351-378LF's INPUT port, chain A: the sheet requires every RF port DC blocked, so the port's own DC is taken at most its control voltage (VCTL from +3V3_DEV, declared 3.3 V), plus the card's RF peak with the lead fully reflecting, 10.62 V. Operating case: transmit at full power into any load; round 5 of record l6r2
     W1B_CARD: -10.620 to +10.620 V. the slot 1 card's antenna lead (J_W1B), chain B: the AsiaRF AW7915-AED's highest conducted output is 23 dBm +/- 1.5 dB (11b, datasheet V1.0 p.3), 24.5 dBm, which is 5.31 V peak into 50 Ohm and 10.62 V with the lead fully reflecting (an open or shorted antenna, the case board B's LORA_ANT declares). DC: none (an antenna lead, DC blocked on the switch side). Operating case: transmit at full power into any load; round 5 of record l6r2
     W3B_CARD: -10.620 to +10.620 V. the slot 3 card's antenna lead (J_W3B), chain B: the AsiaRF AW7915-AED's highest conducted output is 23 dBm +/- 1.5 dB (11b, datasheet V1.0 p.3), 24.5 dBm, which is 5.31 V peak into 50 Ohm and 10.62 V with the lead fully reflecting (an open or shorted antenna, the case board B's LORA_ANT declares). DC: none (an antenna lead, DC blocked on the switch side). Operating case: transmit at full power into any load; round 5 of record l6r2
     WB_ANT: -10.620 to +10.620 V. the lead to A22's P2P jack (J_WOB), chain B: the AsiaRF AW7915-AED's highest conducted output is 23 dBm +/- 1.5 dB (11b, datasheet V1.0 p.3), 24.5 dBm, which is 5.31 V peak into 50 Ohm and 10.62 V with the lead fully reflecting (an open or shorted antenna, the case board B's LORA_ANT declares). DC: none (an antenna lead, DC blocked on the switch side). Operating case: transmit at full power into any load; round 5 of record l6r2
     SWB_O1: -10.620 to +13.920 V. the SKY13351-378LF's OUTPUT1 port, chain B: the sheet requires every RF port DC blocked, so the port's own DC is taken at most its control voltage (VCTL from +3V3_DEV, declared 3.3 V), plus the card's RF peak with the lead fully reflecting, 10.62 V. Operating case: transmit at full power into any load; round 5 of record l6r2
     SWB_O2: -10.620 to +13.920 V. the SKY13351-378LF's OUTPUT2 port, chain B: the sheet requires every RF port DC blocked, so the port's own DC is taken at most its control voltage (VCTL from +3V3_DEV, declared 3.3 V), plus the card's RF peak with the lead fully reflecting, 10.62 V. Operating case: transmit at full power into any load; round 5 of record l6r2
     SWB_IN: -10.620 to +13.920 V. the SKY13351-378LF's INPUT port, chain B: the sheet requires every RF port DC blocked, so the port's own DC is taken at most its control voltage (VCTL from +3V3_DEV, declared 3.3 V), plus the card's RF peak with the lead fully reflecting, 10.62 V. Operating case: transmit at full power into any load; round 5 of record l6r2
     apply_gen_sch_b_lcsc.py: commutes with this draft (identical text either order, sha256 70da7c5c6b6db22a)
     apply_gen_sch_b_xal_land.py: commutes with this draft (identical text either order, sha256 6dcbee8222473dbb)
     apply_gen_sch_b_lcsc.py then apply_gen_sch_b_xal_land.py: commutes with this draft (identical text either order, sha256 e30a4983ade41227)
   the rows these declarations and the held Uniroyal jumper table close, as the record now selects them:
     board E R51 [0R (CSB high: I2C mode; its own net keep]: link_current_min_a 0.6; basis link_current_min_a: the declared rail peak 0.60 A; SELECTED C21189 UNI-ROYAL(Uniroyal Elec) 0603WAF0000T5E, stock 23712603 (package 0603; resistance 0Ohm; jumper rated current 1 A (UNI-ROYAL thick-film sheet p.5, section 7: a 0603 jumper's rated current, below 50 mOhm); working voltage 75V)
     board P C9 [100n]: v_rating_min 6.3; dielectric X7R; tolerance_max_pct 10.0; basis v_rating_min: derived: 0.40 V across it (DECLARED) at the 20 percent margin | derived: 4.38 V across it (BOUND) at the 20 percent margin; SELECTED C113803 YAGEO CC0603KRX7R0BB104, stock 1777253 (package 0603; capacitance 100nF; rated voltage 100V; dielectric X7R; tolerance +-10%; construction multilayer ceramic)
     board D C46 [1u]: v_rating_min 10.0; dielectric X7R; tolerance_max_pct 10.0; basis v_rating_min: derived: 7.85 V across it (BOUND) at the 20 percent margin; SELECTED C559769 YAGEO CC0603KRX7R9BB105, stock 826024 (package 0603; capacitance 1uF; rated voltage 50V; dielectric X7R; tolerance +-10%; construction multilayer ceramic)
     board D C47, C48 [1u]: v_rating_min 16.0; dielectric X7R; tolerance_max_pct 10.0; basis v_rating_min: derived: 8.60 V across it (BOUND) at the 20 percent margin | derived: 8.83 V across it (BOUND) at the 20 percent margin; SELECTED C559769 YAGEO CC0603KRX7R9BB105, stock 826024 (package 0603; capacitance 1uF; rated voltage 50V; dielectric X7R; tolerance +-10%; construction multilayer ceramic)
     board B C161, C162 [100n]: v_rating_min 6.3; dielectric X7R; tolerance_max_pct 10.0; basis v_rating_min: derived: 3.30 V across it (BOUND) at the 20 percent margin | derived: 3.46 V across it (DECLARED) at the 20 percent margin | derived: 5.00 V across it (BOUND) at the 20 percent margin | derived: 5.10 V across it (BOUND) at the 20 percent margin; SELECTED C60474 YAGEO CC0402KRX7R7BB104, stock 16055555 (package 0402; capacitance 100nF; rated voltage 16V; dielectric X7R; tolerance +-10%; construction multilayer ceramic)
     board B C500, C501, C502, C503, C504, C505 [22p]: v_rating_min 35.0; dielectric C0G; tolerance_max_pct 5.0; basis v_rating_min: derived: 24.54 V across it (DECLARED) at the 20 percent margin; SELECTED C106203 YAGEO CC0402JRNPO9BN220, stock 3044125 (package 0402; capacitance 22pF; rated voltage 50V; dielectric NP0; tolerance +-5%; construction multilayer ceramic)
     board B R13 [0R 2512 (POE_P link)]: link_current_min_a 0.6; basis link_current_min_a: the declared rail peak 0.60 A; SELECTED C25469 UNI-ROYAL(Uniroyal Elec) 25121WJ0000T4E, stock 256909 (package 2512; resistance 0Ohm; jumper rated current 2 A (UNI-ROYAL thick-film sheet p.5, section 7: a 2512 jumper's rated current, below 50 mOhm); working voltage 200V)
   board D L1, L2 (68 nH 0805, the 145 MHz harmonic filter after the 30 W PA): the ladder C58 22 pF, L1 68 nH, C59 39 pF, L2 68 nH, C60 22 pF
     is a fifth-order 0.1 dB Chebyshev low-pass of about 166 MHz corner (g = 1.1468, 1.3712, 1.9750: C1 = g1 / (2 pi fc R) = 22 pF, L = g2 R / (2 pi fc) = 66 nH,
     C3 = 38 pF at fc = 166 MHz, R = 50 Ohm). Into 50 Ohm, ideal parts (S21 nominal / worst at L +-2 %, C +-5 %; S11 worst):
         144 MHz: S21   -0.02 dB /   -0.05 dB, S11  -19.8 dB
         145 MHz: S21   -0.02 dB /   -0.04 dB, S11  -20.2 dB
         146 MHz: S21   -0.01 dB /   -0.04 dB, S11  -20.7 dB
         290 MHz: S21  -29.08 dB /  -30.91 dB, S11   -0.0 dB
         435 MHz: S21  -48.89 dB /  -50.59 dB, S11   -0.0 dB
         580 MHz: S21  -62.09 dB /  -63.75 dB, S11   -0.0 dB
     VERIFIED against its stated purpose (a 145 MHz fifth-order low-pass): in band at most 0.05 dB lost and the return loss at least
     19.8 dB over the tolerance corners; the second harmonic down at least 27.2 dB, the third 47.1 dB (ideal parts).
     The current the parts carry is NOT the generator's 'about 775 mA' (the load current, sqrt(30/50) = 0.775 A): with 30 W in a matched
     load the ladder's shunt capacitors draw their reactive current through the inductors, 1.03 A RMS in L1 and 1.10 A RMS in L2 at
     145 MHz (C59's node at 48.9 V RMS). The rows stay OPEN with two exact questions: (1) the current rating: is the PA's operation into
     a fully reflecting antenna (the case the 110 V declarations of RF_PAOUT, RF_LPF_M and RF_LPF_OUT take) a sustained case, and at
     what forward power does the PA's own protection hold it (MESHSAT-818)? Matched, L2 needs at least 1.10 A RMS before any derating,
     against the 1.2 A of the Murata LQW2BAN68NG00L the generator's comment names; (2) the part's self-resonance above 435 MHz (the
     third harmonic, where an inductor past its SRF turns capacitive and the stop band collapses) and its Q at 145 MHz, from the
     maker's sheet, which is not held in the tree.
   board C D1 to D16 and D22 (the panel lamps): stay OPEN. The missing facts: the luminance (or intensity) each lamp must give at the
   face plate in DAY (sunlight viewable) and the most it may give in NVG (v2/docs/PANEL.md section 8 states the dimming duties, 100,
   15 and 2 percent, and no luminance), and the transmission of the Mentor LL14 light guide in the plate (its held sheet prints the
   guide's geometry and a table of LEDs, no transmission); the viewing angle through the guide follows from the same sheet set. A
   Layer 7 (panel) matter: the lamp's intensity is the required luminance over the guide's transmission.

