verdict	comment	fp	boards	qty	need	bom_code	code	model	brand	pkg	lib	stock	price	asked	note
BENCH_FITTED	1.5uH XAL6030-152MEB (Isat 12 A, 5.6 mOhm)	L_Coilcraft_XAL6030-XXX	D	3	15										declared in pcb-a-power-a23/lcsc-allow.txt: Coilcraft: not in JLCPCB's catalogue in any value or series, route in tools/jlc-handfit.txt
BENCH_FITTED	15uH XAL4040-153ME (Isat 2.9 A)	L_Coilcraft_XAL4040-XXX	A	1	5										declared in pcb-a-power-a23/lcsc-allow.txt: Coilcraft: not in JLCPCB's catalogue in any value or series, route in tools/jlc-handfit.txt
BENCH_FITTED	2.2uH XAL1010-222MED (Isat 34 A, 10 mm)	L_Coilcraft_XAL1010-XXX	A	3	15										declared in pcb-a-power-a23/lcsc-allow.txt: Coilcraft: not in JLCPCB's catalogue in any value or series, route in tools/jlc-handfit.txt
BENCH_FITTED	2.2uH XAL4030-222MEB (Isat 7.4 A) between SW1 and SW2 (750 kHz, PROG 4.7k)	L_Coilcraft_XAL4030-XXX	A	3	15										declared in pcb-a-power-a23/lcsc-allow.txt: Coilcraft: not in JLCPCB's catalogue in any value or series, route in tools/jlc-handfit.txt
BENCH_FITTED	25 A mini blade (Keystone 3568 holder): pack node to the RSR shunt	Fuseholder_Blade_Mini_Keystone_3568	A	1	5										declared in pcb-a-power-a23/lcsc-allow.txt: the holder is a through-hole blade clip JLC does not place and the fuse is fitted at build; route in tools/jlc-handfit.txt
BENCH_FITTED	25 A mini blade (Keystone 3568 holder): pack to the block	Fuseholder_Blade_Mini_Keystone_3568	E	4	20										declared in pcb-a-power-a23/lcsc-allow.txt: the holder is a through-hole blade clip JLC does not place and the fuse is fitted at build; route in tools/jlc-handfit.txt
BENCH_FITTED	25 A mini blade (Keystone 3568 holder): the pack's fuse	Fuseholder_Blade_Mini_Keystone_3568	P	4	20										declared in pcb-a-power-a23/lcsc-allow.txt: the holder is a through-hole blade clip JLC does not place and the fuse is fitted at build; route in tools/jlc-handfit.txt
BENCH_FITTED	3 mm BAT1 amber, sunlight viewable	LED_D3.0mm	C	5	25										declared in pcb-c-display-c8/lcsc-allow.txt: the sixteen panel indicator lamps: 3 mm through-hole LEDs seated in the plate's light guides and beaded at build, never placed by JLCPCB (the lamp ruling of 5 September, route in tools/jlc-handfit.txt)
BENCH_FITTED	3 mm BAT2 green, sunlight viewable	LED_D3.0mm	C	5	25										declared in pcb-c-display-c8/lcsc-allow.txt: the sixteen panel indicator lamps: 3 mm through-hole LEDs seated in the plate's light guides and beaded at build, never placed by JLCPCB (the lamp ruling of 5 September, route in tools/jlc-handfit.txt)
BENCH_FITTED	3 mm BAT3 green, sunlight viewable	LED_D3.0mm	C	5	25										declared in pcb-c-display-c8/lcsc-allow.txt: the sixteen panel indicator lamps: 3 mm through-hole LEDs seated in the plate's light guides and beaded at build, never placed by JLCPCB (the lamp ruling of 5 September, route in tools/jlc-handfit.txt)
BENCH_FITTED	3 mm BAT4 green, sunlight viewable	LED_D3.0mm	C	5	25										declared in pcb-c-display-c8/lcsc-allow.txt: the sixteen panel indicator lamps: 3 mm through-hole LEDs seated in the plate's light guides and beaded at build, never placed by JLCPCB (the lamp ruling of 5 September, route in tools/jlc-handfit.txt)
BENCH_FITTED	3 mm BAT5 green, sunlight viewable	LED_D3.0mm	C	5	25										declared in pcb-c-display-c8/lcsc-allow.txt: the sixteen panel indicator lamps: 3 mm through-hole LEDs seated in the plate's light guides and beaded at build, never placed by JLCPCB (the lamp ruling of 5 September, route in tools/jlc-handfit.txt)
BENCH_FITTED	3 mm CHG white, sunlight viewable	LED_D3.0mm	C	5	25										declared in pcb-c-display-c8/lcsc-allow.txt: the sixteen panel indicator lamps: 3 mm through-hole LEDs seated in the plate's light guides and beaded at build, never placed by JLCPCB (the lamp ruling of 5 September, route in tools/jlc-handfit.txt)
BENCH_FITTED	3 mm GPS green, sunlight viewable	LED_D3.0mm	C	5	25										declared in pcb-c-display-c8/lcsc-allow.txt: the sixteen panel indicator lamps: 3 mm through-hole LEDs seated in the plate's light guides and beaded at build, never placed by JLCPCB (the lamp ruling of 5 September, route in tools/jlc-handfit.txt)
BENCH_FITTED	3 mm LTE green, sunlight viewable	LED_D3.0mm	C	5	25										declared in pcb-c-display-c8/lcsc-allow.txt: the sixteen panel indicator lamps: 3 mm through-hole LEDs seated in the plate's light guides and beaded at build, never placed by JLCPCB (the lamp ruling of 5 September, route in tools/jlc-handfit.txt)
BENCH_FITTED	3 mm MCAUT amber, sunlight viewable	LED_D3.0mm	C	5	25										declared in pcb-c-display-c8/lcsc-allow.txt: the sixteen panel indicator lamps: 3 mm through-hole LEDs seated in the plate's light guides and beaded at build, never placed by JLCPCB (the lamp ruling of 5 September, route in tools/jlc-handfit.txt)
BENCH_FITTED	3 mm MESH green, sunlight viewable	LED_D3.0mm	C	5	25										declared in pcb-c-display-c8/lcsc-allow.txt: the sixteen panel indicator lamps: 3 mm through-hole LEDs seated in the plate's light guides and beaded at build, never placed by JLCPCB (the lamp ruling of 5 September, route in tools/jlc-handfit.txt)
BENCH_FITTED	3 mm MSG white, sunlight viewable	LED_D3.0mm	C	5	25										declared in pcb-c-display-c8/lcsc-allow.txt: the sixteen panel indicator lamps: 3 mm through-hole LEDs seated in the plate's light guides and beaded at build, never placed by JLCPCB (the lamp ruling of 5 September, route in tools/jlc-handfit.txt)
BENCH_FITTED	3 mm MWARN red, sunlight viewable	LED_D3.0mm	C	5	25										declared in pcb-c-display-c8/lcsc-allow.txt: the sixteen panel indicator lamps: 3 mm through-hole LEDs seated in the plate's light guides and beaded at build, never placed by JLCPCB (the lamp ruling of 5 September, route in tools/jlc-handfit.txt)
BENCH_FITTED	3 mm SAT green, sunlight viewable	LED_D3.0mm	C	5	25										declared in pcb-c-display-c8/lcsc-allow.txt: the sixteen panel indicator lamps: 3 mm through-hole LEDs seated in the plate's light guides and beaded at build, never placed by JLCPCB (the lamp ruling of 5 September, route in tools/jlc-handfit.txt)
BENCH_FITTED	3 mm SHORE green, sunlight viewable	LED_D3.0mm	C	5	25										declared in pcb-c-display-c8/lcsc-allow.txt: the sixteen panel indicator lamps: 3 mm through-hole LEDs seated in the plate's light guides and beaded at build, never placed by JLCPCB (the lamp ruling of 5 September, route in tools/jlc-handfit.txt)
BENCH_FITTED	3 mm SOSACT red, sunlight viewable	LED_D3.0mm	C	5	25										declared in pcb-c-display-c8/lcsc-allow.txt: the sixteen panel indicator lamps: 3 mm through-hole LEDs seated in the plate's light guides and beaded at build, never placed by JLCPCB (the lamp ruling of 5 September, route in tools/jlc-handfit.txt)
BENCH_FITTED	3 mm TX red (RF hazard), sunlight viewable	LED_D3.0mm	C	5	25										declared in pcb-c-display-c8/lcsc-allow.txt: the sixteen panel indicator lamps: 3 mm through-hole LEDs seated in the plate's light guides and beaded at build, never placed by JLCPCB (the lamp ruling of 5 September, route in tools/jlc-handfit.txt)
BENCH_FITTED	3.3uH XAL4020-332MEB	L_Coilcraft_XAL4020-XXX	A,B	11	55										declared in pcb-a-power-a23/lcsc-allow.txt: Coilcraft: not in JLCPCB's catalogue in any value or series, route in tools/jlc-handfit.txt
BENCH_FITTED	3.3uH XAL6060-332ME (Isat 15 A)	L_Coilcraft_XAL6060-XXX	A	1	5										declared in pcb-a-power-a23/lcsc-allow.txt: Coilcraft: not in JLCPCB's catalogue in any value or series, route in tools/jlc-handfit.txt
BENCH_FITTED	4.7uH XAL4020-472ME	L_Coilcraft_XAL4020-XXX	E	1	5										declared in pcb-a-power-a23/lcsc-allow.txt: Coilcraft: not in JLCPCB's catalogue in any value or series, route in tools/jlc-handfit.txt
BENCH_FITTED	5 V from A22 J_MEZZ_PWR1 (JST-VH, 2 A eFuse on A22): + -	JST_VH_B2P-VH_1x02_P3.96mm_Vertical	D	3	15										declared in pcb-a-power-a23/lcsc-allow.txt: rail and supply leads: wire assemblies made at build, not placed parts
BENCH_FITTED	5 V rail M1 from PCB-A J_5V_M1 (JST-VH, 18 AWG): + - ; hub, display, panel, LTE channel	JST_VH_B2P-VH_1x02_P3.96mm_Vertical	B	1	5										declared in pcb-a-power-a23/lcsc-allow.txt: rail and supply leads: wire assemblies made at build, not placed parts
BENCH_FITTED	5 V rail M1 from PCB-A J_5V_M1 (JST-VH, 18 AWG): + - ; hub, display, panel, LTE socket, 3.3 V buck	JST_VH_B2P-VH_1x02_P3.96mm_Vertical	B	3	15										declared in pcb-a-power-a23/lcsc-allow.txt: rail and supply leads: wire assemblies made at build, not placed parts
BENCH_FITTED	5 V rail M2 from PCB-A J_5V_M2 (JST-VH, 18 AWG): + - ; SDR channel, RockBLOCK channel	JST_VH_B2P-VH_1x02_P3.96mm_Vertical	B	3	15										declared in pcb-a-power-a23/lcsc-allow.txt: rail and supply leads: wire assemblies made at build, not placed parts
BENCH_FITTED	5 V rail M2 from PCB-A J_5V_M2 (JST-VH, 18 AWG): + - ; SDR, ZigBee, LoRa, RockBLOCK channels	JST_VH_B2P-VH_1x02_P3.96mm_Vertical	B	1	5										declared in pcb-a-power-a23/lcsc-allow.txt: rail and supply leads: wire assemblies made at build, not placed parts
BENCH_FITTED	6.8uH XAL1010-682ME (Isat 21.8 A)	L_Coilcraft_XAL1010-XXX	A	3	15										declared in pcb-a-power-a23/lcsc-allow.txt: Coilcraft: not in JLCPCB's catalogue in any value or series, route in tools/jlc-handfit.txt
BENCH_FITTED	AS3935 lightning sensor module (CJMCU-3935 class): 3.3 V, GND, SDA, SCL, IRQ	PinHeader_1x05_P2.54mm_Vertical	E	3	15										a header, test point or solder jumper: fitted by hand, not placed by JLC; the module its comment names as a class is an owner-side purchase, not a JLC line
BENCH_FITTED	BOOTSEL: short while powering to enter the USB bootloader	SolderJumper-2_P1.3mm_Open_RoundedPad1.0x1.5mm	C,E	6	30										a header, test point or solder jumper: fitted by hand, not placed by JLC
BENCH_FITTED	BUSJ to GND = bus-powered	SolderJumper-2_P1.3mm_Open_RoundedPad1.0x1.5mm	B	1	5										a header, test point or solder jumper: fitted by hand, not placed by JLC
BENCH_FITTED	CC2652P cJTAG (bench): 3V3 GND TMSC TCKC RESET	PinHeader_1x05_P2.54mm_Vertical	B	3	15										a header, test point or solder jumper: fitted by hand, not placed by JLC
BENCH_FITTED	CC2652P cJTAG ZBA (bench): 3V3 GND TMSC TCKC RESET	PinHeader_1x05_P2.54mm_Vertical	B	1	5										a header, test point or solder jumper: fitted by hand, not placed by JLC
BENCH_FITTED	CC2652P cJTAG ZBB (bench): 3V3 GND TMSC TCKC RESET	PinHeader_1x05_P2.54mm_Vertical	B	1	5										a header, test point or solder jumper: fitted by hand, not placed by JLC
BENCH_FITTED	CR2032 holder Keystone 3034 (VBAT, also the NEO-M9N V_BCKP)	BatteryHolder_Keystone_3034_1x20mm	B	3	15										declared in pcb-b-compute-b19/lcsc-allow.txt: hand-fit, route in tools/jlc-handfit.txt: JLCPCB stocks no CR2032 holder at all
BENCH_FITTED	CR2032 holder Keystone 3034: VBAT for the three modules' RTCs, the LG290P backup and the DS3231	BatteryHolder_Keystone_3034_1x20mm	B	2	10										declared in pcb-b-compute-b19/lcsc-allow.txt: hand-fit, route in tools/jlc-handfit.txt: JLCPCB stocks no CR2032 holder at all
BENCH_FITTED	CS to GND = module sleep	SolderJumper-2_P1.3mm_Open_RoundedPad1.0x1.5mm	D	2	10										a header, test point or solder jumper: fitted by hand, not placed by JLC
BENCH_FITTED	DCF77 receiver module: 3.3 V, GND, pulse	PinHeader_1x03_P2.54mm_Vertical	E	3	15										a header, test point or solder jumper: fitted by hand, not placed by JLC
BENCH_FITTED	DMR858M host-upgrade UART (bench, 3.3 V, 100R in series): GND TX RX	PinHeader_1x03_P2.54mm_Vertical	D	1	5										a header, test point or solder jumper: fitted by hand, not placed by JLC
BENCH_FITTED	EG25-G main UART (3.3 V, bench): GND TX RX	PinHeader_1x03_P2.54mm_Vertical	B	3	15										a header, test point or solder jumper: fitted by hand, not placed by JLC
BENCH_FITTED	EPD RES from BCM7 instead of U2 (close to use)	SolderJumper-2_P1.3mm_Open_RoundedPad1.0x1.5mm	C	2	10										a header, test point or solder jumper: fitted by hand, not placed by JLC
BENCH_FITTED	Geiger counter module (RadiationD-v1.1 class): 5 V switched by U16, GND, pulse	PinHeader_1x03_P2.54mm_Vertical	E	1	5										a header, test point or solder jumper: fitted by hand, not placed by JLC; the module its comment names as a class is an owner-side purchase, not a JLC line
BENCH_FITTED	Geiger counter module (RadiationD-v1.1 class): 5 V, GND, pulse	PinHeader_1x03_P2.54mm_Vertical	E	3	15										a header, test point or solder jumper: fitted by hand, not placed by JLC; the module its comment names as a class is an owner-side purchase, not a JLC line
BENCH_FITTED	LG290P UART2 (bench): GND TX RX	PinHeader_1x03_P2.54mm_Vertical	B	1	5										a header, test point or solder jumper: fitted by hand, not placed by JLC
BENCH_FITTED	M2 screw of the USB camera module (25 x 25 board, sheet owed) behind the plate's sealed window	MountingHole_2.2mm_M2	C	2	10										a header, test point or solder jumper: fitted by hand, not placed by JLC; the module its comment names as a class is an owner-side purchase, not a JLC line
BENCH_FITTED	PA drive (U.FL, coax to the RA30H1317M1 input on the plate)	U.FL_Hirose_U.FL-R-SMT-1_Vertical	D	3	15										declared in pcb-d-aprs-d9/lcsc-allow.txt: PA drive coax, made up at build
BENCH_FITTED	PA output (SMA, coax from the RA30H1317M1 output on the plate)	SMA_Amphenol_132134_Vertical	D	3	15										declared in pcb-d-aprs-d9/lcsc-allow.txt: PA output coax, made up at build
BENCH_FITTED	PMIC_Enable: short to force the module off (bench)	PinHeader_1x02_P2.54mm_Vertical	B	3	15										a header, test point or solder jumper: fitted by hand, not placed by JLC
BENCH_FITTED	PWR_Button: momentary to GND wakes the module from soft-off (bench)	PinHeader_1x02_P2.54mm_Vertical	B	3	15										a header, test point or solder jumper: fitted by hand, not placed by JLC
BENCH_FITTED	RJ45 jack (Amphenol RJHSE5380): patch lead to the sealed wall RJ45; PoE out on 1-2 (+) and 3-6	RJ45_Amphenol_RJHSE5380	B	1	5										declared in pcb-b-compute-b19/lcsc-allow.txt: hand-fit, sheet is Mouser's mirror of Amphenol's
BENCH_FITTED	RockBLOCK 9704 16-pin (IDC 2x8)	IDC-Header_2x08_P2.54mm_Vertical	B	4	20										declared in pcb-a-power-a23/lcsc-allow.txt: board-to-board ribbons, made up from cable and IDC shells at build
BENCH_FITTED	RockBLOCK 9704 16-pin (IDC 2x8) on the Ground Control bracket	IDC-Header_2x08_P2.54mm_Vertical_NarrowPad	B	1	5										declared in pcb-a-power-a23/lcsc-allow.txt: board-to-board ribbons, made up from cable and IDC shells at build
BENCH_FITTED	SMA jack (Amphenol 132134, vertical), pigtail from the 5G-DIV device	SMA_Amphenol_132134-11_Vertical	A	1	5										declared in pcb-a-power-a23/lcsc-allow.txt: hand-fit bulkhead jack, route in tools/jlc-handfit.txt
BENCH_FITTED	SMA jack (Amphenol 132134, vertical), pigtail from the 5G-MAIN device	SMA_Amphenol_132134-11_Vertical	A	1	5										declared in pcb-a-power-a23/lcsc-allow.txt: hand-fit bulkhead jack, route in tools/jlc-handfit.txt
BENCH_FITTED	SMA jack (Amphenol 132134, vertical), pigtail from the P2P-A device	SMA_Amphenol_132134-11_Vertical	A	1	5										declared in pcb-a-power-a23/lcsc-allow.txt: hand-fit bulkhead jack, route in tools/jlc-handfit.txt
BENCH_FITTED	SMA jack (Amphenol 132134, vertical), pigtail from the P2P-B device	SMA_Amphenol_132134-11_Vertical	A	1	5										declared in pcb-a-power-a23/lcsc-allow.txt: hand-fit bulkhead jack, route in tools/jlc-handfit.txt
BENCH_FITTED	SMA jack (Amphenol 132134, vertical), pigtail from the WIFI24 device	SMA_Amphenol_132134-11_Vertical	A	1	5										declared in pcb-a-power-a23/lcsc-allow.txt: hand-fit bulkhead jack, route in tools/jlc-handfit.txt
BENCH_FITTED	SMA jack (Amphenol 132134, vertical), pigtail from the WIFI24 module	SMA_Amphenol_132134-11_Vertical	A	3	15										declared in pcb-a-power-a23/lcsc-allow.txt: hand-fit bulkhead jack, route in tools/jlc-handfit.txt
BENCH_FITTED	SMA jack (Amphenol 132134, vertical), pigtail from the WIFI58 module	SMA_Amphenol_132134-11_Vertical	A	3	15										declared in pcb-a-power-a23/lcsc-allow.txt: hand-fit bulkhead jack, route in tools/jlc-handfit.txt
BENCH_FITTED	SWD pads, controller A: 3V3 SWDIO SWCLK NRST GND	PinHeader_1x05_P2.54mm_Vertical	B	1	5										a header, test point or solder jumper: fitted by hand, not placed by JLC
BENCH_FITTED	SWD pads, controller A: 3V3 SWDIO SWCLK NRST GND	PinHeader_1x05_P2.54mm_Vertical_SMD_Pin1Left	B	1	5										a header, test point or solder jumper: fitted by hand, not placed by JLC
BENCH_FITTED	SWD pads, controller B: 3V3 SWDIO SWCLK NRST GND	PinHeader_1x05_P2.54mm_Vertical	B	1	5										a header, test point or solder jumper: fitted by hand, not placed by JLC
BENCH_FITTED	SWD pads, controller B: 3V3 SWDIO SWCLK NRST GND	PinHeader_1x05_P2.54mm_Vertical_SMD_Pin1Left	B	1	5										a header, test point or solder jumper: fitted by hand, not placed by JLC
BENCH_FITTED	SWD pads, controller C: 3V3 SWDIO SWCLK NRST GND	PinHeader_1x05_P2.54mm_Vertical	B	1	5										a header, test point or solder jumper: fitted by hand, not placed by JLC
BENCH_FITTED	SWD pads, controller C: 3V3 SWDIO SWCLK NRST GND	PinHeader_1x05_P2.54mm_Vertical_SMD_Pin1Left	B	1	5										a header, test point or solder jumper: fitted by hand, not placed by JLC
BENCH_FITTED	SWD/DFU 1.27 mm: BOOT0 SWO NRST SWDIO GND SWCLK 3V3 (short 1-7 = DFU)	PinHeader_1x07_P1.27mm_Vertical	D	1	5										a header, test point or solder jumper: fitted by hand, not placed by JLC
BENCH_FITTED	UART RX select: A=UART2 (BCM5) B=UART0 (BCM15)	SolderJumper-3_P1.3mm_Open_RoundedPad1.0x1.5mm	B	1	5										a header, test point or solder jumper: fitted by hand, not placed by JLC
BENCH_FITTED	UART TX select: A=UART2 (BCM4) B=UART0 (BCM14)	SolderJumper-3_P1.3mm_Open_RoundedPad1.0x1.5mm	B	1	5										a header, test point or solder jumper: fitted by hand, not placed by JLC
BENCH_FITTED	channel bit CH1 to GND (open = default)	SolderJumper-2_P1.3mm_Open_RoundedPad1.0x1.5mm	D	2	10										a header, test point or solder jumper: fitted by hand, not placed by JLC
BENCH_FITTED	channel bit CH2 to GND (open = default)	SolderJumper-2_P1.3mm_Open_RoundedPad1.0x1.5mm	D	2	10										a header, test point or solder jumper: fitted by hand, not placed by JLC
BENCH_FITTED	channel bit CH4 to GND (open = default)	SolderJumper-2_P1.3mm_Open_RoundedPad1.0x1.5mm	D	2	10										a header, test point or solder jumper: fitted by hand, not placed by JLC
BENCH_FITTED	channel bit CH8 to GND (open = default)	SolderJumper-2_P1.3mm_Open_RoundedPad1.0x1.5mm	D	2	10										a header, test point or solder jumper: fitted by hand, not placed by JLC
BENCH_FITTED	console UART0 (GPIO14/15, 3.3 V): GND TX RX	PinHeader_1x03_P2.54mm_Vertical	B	3	15										a header, test point or solder jumper: fitted by hand, not placed by JLC
BENCH_FITTED	console UART0 and the module I2C of S1 (3.3 V, bench): GND TX RX SDA SCL	PinHeader_1x05_P2.54mm_Vertical	B	1	5										a header, test point or solder jumper: fitted by hand, not placed by JLC
BENCH_FITTED	console UART0 and the module I2C of S2 (3.3 V, bench): GND TX RX SDA SCL	PinHeader_1x05_P2.54mm_Vertical	B	1	5										a header, test point or solder jumper: fitted by hand, not placed by JLC
BENCH_FITTED	console UART0 and the module I2C of S3 (3.3 V, bench): GND TX RX SDA SCL	PinHeader_1x05_P2.54mm_Vertical	B	1	5										a header, test point or solder jumper: fitted by hand, not placed by JLC
BENCH_FITTED	e-paper module lead: BUSY RES D/C CS SCL SDA GND VCC (SMD header on the underside)	PinHeader_1x08_P2.54mm_Vertical_SMD_Pin1Left	C	2	10	C41417365									a header, test point or solder jumper: fitted by hand, not placed by JLC
BENCH_FITTED	electret bias headset 1 (close for an electret microphone)	SolderJumper-2_P1.3mm_Open_RoundedPad1.0x1.5mm	D	4	20										a header, test point or solder jumper: fitted by hand, not placed by JLC
BENCH_FITTED	electret bias headset 2	SolderJumper-2_P1.3mm_Open_RoundedPad1.0x1.5mm	D	4	20										a header, test point or solder jumper: fitted by hand, not placed by JLC
BENCH_FITTED	mixer fan 1 under the plate (12 V class fan on the pack node, low-side PWM, tachometer)	PinHeader_1x03_P2.54mm_Vertical	E	3	15										a header, test point or solder jumper: fitted by hand, not placed by JLC; the module its comment names as a class is an owner-side purchase, not a JLC line
BENCH_FITTED	mixer fan 2 under the plate (12 V class fan on the pack node, low-side PWM, tachometer)	PinHeader_1x03_P2.54mm_Vertical	E	3	15										a header, test point or solder jumper: fitted by hand, not placed by JLC; the module its comment names as a class is an owner-side purchase, not a JLC line
BENCH_FITTED	panel ribbon to PCB-C C7 (IDC 2x13): the RP2040 panel controller's USB, the kit I2C, EMCON/ZEROIZE/TX_INHIBIT, HDMI selects, heartbeats, slot enables, power control lines	IDC-Header_2x13_P2.54mm_Vertical_NarrowPad	B	1	5										declared in pcb-a-power-a23/lcsc-allow.txt: board-to-board ribbons, made up from cable and IDC shells at build
BENCH_FITTED	shore DC in 9-36 V, lead from the D38999/20FC4PN wall receptacle DC pair (JST-VH, 10 A): + -	JST_VH_B2P-VH_1x02_P3.96mm_Vertical	E	1	5										declared in pcb-a-power-a23/lcsc-allow.txt: rail and supply leads: wire assemblies made at build, not placed parts
BENCH_FITTED	vehicle and shore DC in 9-36 V, lead from the D38999 wall receptacle DC pair (JST-VH, 10 A): + -	JST_VH_B2P-VH_1x02_P3.96mm_Vertical	E	1	5										declared in pcb-a-power-a23/lcsc-allow.txt: rail and supply leads: wire assemblies made at build, not placed parts
CERTIFIED	0.05R 1% 1206	R_1206_3216Metric	B	11	55	C601088	C601088	HoYH1206-1W-50mR-1%	Milliohm	1206	expand	19329	0.0978	2026-09-26	
CERTIFIED	0.1R 1% 1206	R_1206_3216Metric	A,B	12	60	C2903496	C2903496	HoJLR1206-1W-100mR-1%	Milliohm	1206	expand	67782	0.0756	2026-09-26	
CERTIFIED	0.25R 1% 2512	R_2512_6332Metric	B	1	5	C459675	C459675	RLP25FEER250	TA-I Tech	2512	expand	8409	0.0642	2026-09-26	
CERTIFIED	0.47R 1%	R_0603_1608Metric	C	3	15	C23411	C23411	0603WAF470LT5E	UNI-ROYAL(Uniroyal Elec)	0603	expand	123372	0.005	2026-09-26	
CERTIFIED	0.5A hold 1812	Fuse_1812_4532Metric	B	9	45	C17313	C17313	MF-MSMF050-2	BOURNS	1812	expand	137392	0.0674	2026-09-26	
CERTIFIED	0R (CSB high: I2C mode; its own net keeps the pin joiner off the diagonal)	R_0603_1608Metric	E	3	15	C21189	C21189	0603WAF0000T5E	UNI-ROYAL(Uniroyal Elec)	0603	base	22638114	0.0022	2026-09-26	
CERTIFIED	0R (break link: remove to cut fabric A between controller A and B/C, IOHA A7)	R_0603_1608Metric	B	2	10	C21189	C21189	0603WAF0000T5E	UNI-ROYAL(Uniroyal Elec)	0603	base	24113167	0.0023	2026-09-26	
CERTIFIED	0R (break link: remove to cut fabric B between controller A and B/C, IOHA A7)	R_0603_1608Metric	B	2	10	C21189	C21189	0603WAF0000T5E	UNI-ROYAL(Uniroyal Elec)	0603	base	24113167	0.0023	2026-09-26	
CERTIFIED	0R (eSIM option link at the module, HD 4.1.6 Figure 19)	R_0603_1608Metric	B	4	20	C21189	C21189	0603WAF0000T5E	UNI-ROYAL(Uniroyal Elec)	0603	base	24113167	0.0023	2026-09-26	
CERTIFIED	0R 2512 (POE_P link)	R_2512_6332Metric	B	1	5	C25469	C25469	25121WJ0000T4E	UNI-ROYAL(Uniroyal Elec)	2512	expand	260382	0.0272	2026-09-26	
CERTIFIED	1.0 A (ILM)	R_0603_1608Metric	A	1	5		C22936	0603WAF100KT5E	UNI-ROYAL(Uniroyal Elec)	0603	base	505309	0.0026	2026-09-26	
CERTIFIED	1.02k 1% (2.0 A)	R_0603_1608Metric	A	3	15	C2998111	C2998111	FRC0603F1021TS	FOJAN	0603	expand	46958	0.0025	2026-09-26	
CERTIFIED	1.0k	R_0603_1608Metric	D	1	5		C21190	0603WAF1001T5E	UNI-ROYAL(Uniroyal Elec)	0603	base	23746518	0.0026	2026-09-26	
CERTIFIED	1.2 A (ILM)	R_0603_1608Metric	A	1	5		C137771	RC0603FR-071R2L	YAGEO	0603	expand	10025	0.0106	2026-09-26	
CERTIFIED	1.2k	R_0603_1608Metric	D	1	5	C22765	C22765	0603WAF1201T5E	UNI-ROYAL(Uniroyal Elec)	0603	base	2782769	0.0034	2026-09-26	
CERTIFIED	1.43k 1% (REXT)	R_0603_1608Metric	B	3	15	C217848	C217848	ARG03FTC1431	Viking Tech	0603	expand	19835	0.008	2026-09-26	
CERTIFIED	1.5k	R_0603_1608Metric	D	23	115	C22843	C22843	0603WAF1501T5E	UNI-ROYAL(Uniroyal Elec)	0603	base	5095249	0.0019	2026-09-26	
CERTIFIED	1.5n	C_0603_1608Metric	A	2	10	C37788	C37788	CL10B152KB8NNNC	Samsung Electro-Mechanics	0603	expand	4769	0.0107	2026-09-26	
CERTIFIED	10.0k 1%	R_0603_1608Metric	D	1	5	C25804	C25804	0603WAF1002T5E	UNI-ROYAL(Uniroyal Elec)	0603	base	22941321	0.0018	2026-09-26	
CERTIFIED	10.0k 1% (RFBOUT2)	R_0603_1608Metric	E	4	20	C25804	C25804	0603WAF1002T5E	UNI-ROYAL(Uniroyal Elec)	0603	base	23006731	0.0018	2026-09-26	
CERTIFIED	100	R_0603_1608Metric	D	4	20	C22775	C22775	0603WAF1000T5E	UNI-ROYAL(Uniroyal Elec)	0603	base	12421989	0.0031	2026-09-26	
CERTIFIED	100R	R_0603_1608Metric	B,C,D,E,P	72	360	C22775	C22775	0603WAF1000T5E	UNI-ROYAL(Uniroyal Elec)	0603	base	12421989	0.0031	2026-09-26	
CERTIFIED	100R 1% (CS filter, Kelvin from the shunt's top)	R_0603_1608Metric	A	7	35	C22775	C22775	0603WAF1000T5E	UNI-ROYAL(Uniroyal Elec)	0603	base	12404972	0.0031	2026-09-26	
CERTIFIED	100R 1% (CSG filter, Kelvin from the shunt's ground pad)	R_0603_1608Metric	A	7	35	C22775	C22775	0603WAF1000T5E	UNI-ROYAL(Uniroyal Elec)	0603	base	12404972	0.0031	2026-09-26	
CERTIFIED	100R 1% (ISNS+ filter, Kelvin from the shunt's output pad)	R_0603_1608Metric	A	7	35	C22775	C22775	0603WAF1000T5E	UNI-ROYAL(Uniroyal Elec)	0603	base	12404972	0.0031	2026-09-26	
CERTIFIED	100R 1% (ISNS- filter, Kelvin from the shunt's rail pad)	R_0603_1608Metric	A	7	35	C22775	C22775	0603WAF1000T5E	UNI-ROYAL(Uniroyal Elec)	0603	base	12404972	0.0031	2026-09-26	
CERTIFIED	100k	R_0603_1608Metric	A,B,C,D,E,P	272	1360	C25803	C25803	0603WAF1003T5E	UNI-ROYAL(Uniroyal Elec)	0603	base	22821194	0.0031	2026-09-26	
CERTIFIED	100k (MODE: CCM)	R_0603_1608Metric	A	15	75	C25803	C25803	0603WAF1003T5E	UNI-ROYAL(Uniroyal Elec)	0603	base	22821194	0.0031	2026-09-26	
CERTIFIED	100k 1%	R_0603_1608Metric	A,B,E	24	120	C25803	C25803	0603WAF1003T5E	UNI-ROYAL(Uniroyal Elec)	0603	base	22848848	0.0031	2026-09-26	
CERTIFIED	100k 1% (ILIM 10 A peak, 9 A min)	R_0603_1608Metric	D	3	15	C25803	C25803	0603WAF1003T5E	UNI-ROYAL(Uniroyal Elec)	0603	base	22848848	0.0031	2026-09-26	
CERTIFIED	100n	C_0402_1005Metric	B	65	325	C60474	C60474	CC0402KRX7R7BB104	YAGEO	0402	expand	15519580	0.0048	2026-09-26	
CERTIFIED	100n	C_0603_1608Metric	A,B,C,D,E,P	697	3485	C14663	C14663	CC0603KRX7R9BB104	YAGEO	0603	base	51431949	0.0122	2026-09-26	
CERTIFIED	100n (TIMER)	C_0603_1608Metric	E	3	15	C14663	C14663	CC0603KRX7R9BB104	YAGEO	0603	base	51195994	0.0122	2026-09-26	
CERTIFIED	100n 100V	C_0805_2012Metric	B,E	4	20	C106243	C106243	CC0805KKX7R0BB104	YAGEO	0805	expand	605971	0.0286	2026-09-26	
CERTIFIED	100n 25V	C_0603_1608Metric	A,D	55	275	C14663	C14663	CC0603KRX7R9BB104	YAGEO	0603	base	51431949	0.0122	2026-09-26	
CERTIFIED	100n 50V	C_0603_1608Metric	E,P	12	60	C14663	C14663	CC0603KRX7R9BB104	YAGEO	0603	base	51195994	0.0122	2026-09-26	
CERTIFIED	100n 50V	C_1206_3216Metric	P	4	20	C24497	C24497	CL31B104KBCNNNC	Samsung Electro-Mechanics	1206	base	1894547	0.0231	2026-09-26	
CERTIFIED	100p	C_0603_1608Metric	A,E	14	70	C14858	C14858	CL10C101JB8NNNC	Samsung Electro-Mechanics	0603	base	4184081	0.0086	2026-09-26	
CERTIFIED	100p NP0	C_0402_1005Metric	D	4	20	C1546	C1546	0402CG101J500NT	FH (Guangdong Fenghua Advanced Tech)	0402	base	3479115	0.0042	2026-09-26	
CERTIFIED	100u 10V	C_1206_3216Metric	A,B	32	160	C6119961	C6119961	CGA1206X5R107M100NT	HRE	1206	expand	39854	0.2755	2026-09-26	
CERTIFIED	100u 35V Panasonic EEHZK1V101XP hybrid polymer (7.7 mm)	CP_Elec_6.3x7.7	E	8	40	C454360	C454360	EEHZK1V101XP	PANASONIC	SMD,D6.3xL7.7mm	expand	4101	0.8364	2026-09-26	
CERTIFIED	100u 6.3V	C_1206_3216Metric	B	5	25		C15008	CL31A107MQHNNNE	Samsung Electro-Mechanics	1206	base	2061457	0.1253	2026-09-26	
CERTIFIED	102k 1%	R_0603_1608Metric	A	6	30	C2933126	C2933126	FRC0603F1023TS	FOJAN	0603	expand	306127	0.0024	2026-09-26	
CERTIFIED	102k 1% (RFBIN1: panel point 17.6 V)	R_0603_1608Metric	E	4	20	C2933126	C2933126	FRC0603F1023TS	FOJAN	0603	expand	306127	0.0024	2026-09-26	
CERTIFIED	105k 1%	R_0603_1608Metric	A,D	5	25	C2933128	C2933128	FRC0603F1053TS	FOJAN	0603	expand	341202	0.0029	2026-09-26	
CERTIFIED	10M	R_0603_1608Metric	P	8	40	C7250	C7250	0603WAF1005T5E	UNI-ROYAL(Uniroyal Elec)	0603	base	331193	0.0037	2026-09-26	
CERTIFIED	10R	R_0603_1608Metric	A,B	6	30	C22859	C22859	0603WAF100JT5E	UNI-ROYAL(Uniroyal Elec)	0603	base	8518626	0.0032	2026-09-26	
CERTIFIED	10R 2W 2512	R_2512_6332Metric	A	5	25	C414890	C414890	HP122WF100JT4E	UNI-ROYAL(Uniroyal Elec)	2512	expand	12652	0.0668	2026-09-26	
CERTIFIED	10k	R_0603_1608Metric	A,B,C,D,E,P	481	2405	C25804	C25804	0603WAF1002T5E	UNI-ROYAL(Uniroyal Elec)	0603	base	22941321	0.0018	2026-09-26	
CERTIFIED	10k (PSYS load)	R_0603_1608Metric	A	2	10	C25804	C25804	0603WAF1002T5E	UNI-ROYAL(Uniroyal Elec)	0603	base	23006731	0.0018	2026-09-26	
CERTIFIED	10k 1%	R_0603_1608Metric	A,B	89	445	C25804	C25804	0603WAF1002T5E	UNI-ROYAL(Uniroyal Elec)	0603	base	22941321	0.0018	2026-09-26	
CERTIFIED	10k 1% (ADC1: 0.091 x bus)	R_0603_1608Metric	E	3	15	C25804	C25804	0603WAF1002T5E	UNI-ROYAL(Uniroyal Elec)	0603	base	23006731	0.0018	2026-09-26	
CERTIFIED	10k 1% (OVLO)	R_0603_1608Metric	A,B	14	70	C25804	C25804	0603WAF1002T5E	UNI-ROYAL(Uniroyal Elec)	0603	base	22941321	0.0018	2026-09-26	
CERTIFIED	10k NTC 0603 1% (gauge temperature, beside the dock pins; the JEITA sensor is the module's own 103AT-2)	R_0603_1608Metric	A	3	15	C13564	C13564	NCP18XH103F03RB	Murata Electronics	0603	expand	206870	0.0463	2026-09-26	
CERTIFIED	10mOhm 1% 2512 (CS)	R_2512_6332Metric	A	2	10	C2903468	C2903468	HoJLR2512-3W-10mR-1%	Milliohm	2512	expand	138554	0.0882	2026-09-26	
CERTIFIED	10mOhm 1% 2512 (ISNS)	R_2512_6332Metric	A	8	40	C2903468	C2903468	HoJLR2512-3W-10mR-1%	Milliohm	2512	expand	138554	0.0882	2026-09-26	
CERTIFIED	10mOhm 1% 2512 (RAC, input current sense)	R_2512_6332Metric	A	2	10	C2903468	C2903468	HoJLR2512-3W-10mR-1%	Milliohm	2512	expand	138554	0.0882	2026-09-26	
CERTIFIED	10mOhm 1% 2512 (hot-swap sense)	R_2512_6332Metric	E	3	15	C2903468	C2903468	HoJLR2512-3W-10mR-1%	Milliohm	2512	expand	138554	0.0882	2026-09-26	
CERTIFIED	10n	C_0603_1608Metric	A,B,C	72	360	C57112	C57112	0603B103K500NT	FH (Guangdong Fenghua Advanced Tech)	0603	base	7108272	0.0108	2026-09-26	
CERTIFIED	10p	C_0402_1005Metric	B	3	15		C32949	CL05C100JB5NNNC	Samsung Electro-Mechanics	0402	base	1301888	0.0057	2026-09-26	
CERTIFIED	10p 50V C0G	C_0402_1005Metric	B	6	30	C106199	C106199	CC0402JRNPO9BN100	YAGEO	0402	expand	2932156	0.0044	2026-09-26	
CERTIFIED	10u	C_0805_2012Metric	A,B,C,D	132	660	C15850	C15850	CL21A106KAYNNNE	Samsung Electro-Mechanics	0805	base	5558024	0.0788	2026-09-26	
CERTIFIED	10u	C_1210_3225Metric	D	2	10		C77100	GRM32DR71E106KA12L	Murata Electronics	1210	expand	384966	0.2279	2026-09-26	
CERTIFIED	10u 100V	C_1210_3225Metric	B	1	5	C576517	C576517	GRM32EC72A106KE05L	Murata Electronics	1210	expand	120262	0.5506	2026-09-26	
CERTIFIED	10u 100V X7R 1210	C_1210_3225Metric	A,E	11	55	C5156756	C5156756	FS32X106K101EGG	PSA(Prosperity Dielectrics)	1210	expand	339108	0.4564	2026-09-26	
CERTIFIED	10u 25V	C_1206_3216Metric	E	11	55	C89632	C89632	CL31B106KBHNNNE	Samsung Electro-Mechanics	1206	expand	68293	0.35	2026-09-26	
CERTIFIED	10u 25V 1210	C_1210_3225Metric	A,E	41	205	C2918497	C2918497	CS3225X7R106K250NRK	Samwha Capacitor	1210	expand	48865	0.2079	2026-09-26	
CERTIFIED	10u 35V 1210	C_1210_3225Metric	A	4	20	C596319	C596319	CC1210KKX7R9BB106	YAGEO	1210	expand	82885	0.6285	2026-09-26	
CERTIFIED	10u 50V	C_1206_3216Metric	E	9	45	C89632	C89632	CL31B106KBHNNNE	Samsung Electro-Mechanics	1206	expand	79715	0.35	2026-09-26	
CERTIFIED	10u 50V 1210	C_1210_3225Metric	E	3	15	C138687	C138687	CL32B106KBJNNNE	Samsung Electro-Mechanics	1210	expand	37623	0.3249	2026-09-26	
CERTIFIED	10u 50V X7R 1210	C_1210_3225Metric	A	64	320	C596319	C596319	CC1210KKX7R9BB106	YAGEO	1210	expand	82985	0.6285	2026-09-26	
CERTIFIED	10uH Coilcraft XAL1510-103MED (Isat 26 A, 10.0 mm tall)	L_Coilcraft_XAL1510-103	E	4	20	C3911782	C3911782	XAL1510-103MED	Coilcraft	SMD,15.2x16.2mm	expand	140	12.0334	2026-09-26	
CERTIFIED	10uH XAL1010-103ME (Isat 17.5 A)	L_Coilcraft_XAL1010-XXX	A	1	5	C6358489	C6358489	XAL1010-103MED	Coilcraft	SMD,10x11.3mm	expand	1051	8.7823	2026-09-26	
CERTIFIED	115k 1% (RFBOUT1: 15.1 V)	R_0603_1608Metric	E	4	20	C22783	C22783	0603WAF1153T5E	UNI-ROYAL(Uniroyal Elec)	0603	expand	97468	0.0022	2026-09-26	
CERTIFIED	12 MHz 3225	Crystal_SMD_3225-4Pin_3.2x2.5mm	B	1	5	C9002	C9002	X322512MSB4SI	YXC Crystal Oscillators	SMD3225-4P	base	67304	0.0947	2026-09-26	
CERTIFIED	12 MHz ABM8-272-T3 (3225): 1 XIN, 3 XOUT, 2 and 4 GND	Crystal_SMD_3225-4Pin_3.2x2.5mm	C,E	6	30	C20625731	C20625731	ABM8-272-T3	Abracon LLC	SMD3225-4P	expand	16615	0.6188	2026-09-26	
CERTIFIED	12.0 V to the QMX HF unit in its lid tray (JST-VH, in the lid harness): + -	JST_VH_B2P-VH_1x02_P3.96mm_Vertical	A	2	10	C274411	C274411	B2P-VH-BL(LF)(SN)	JST	Plugin,P=3.96mm	expand	45436	0.0886	2026-09-26	
CERTIFIED	12.0k 1% (RBIAS)	R_0603_1608Metric	A,B	4	20	C22790	C22790	0603WAF1202T5E	UNI-ROYAL(Uniroyal Elec)	0603	base	1298693	0.0031	2026-09-26	
CERTIFIED	120k 1%	R_0603_1608Metric	B	1	5	C25808	C25808	0603WAF1203T5E	UNI-ROYAL(Uniroyal Elec)	0603	base	1043796	0.0015	2026-09-26	
CERTIFIED	13.3k 1% (CELL_BATPRESZ: 4S, 75 percent of VDDA)	R_0603_1608Metric	A	1	5	C25952	C25952	0603WAF1332T5E	UNI-ROYAL(Uniroyal Elec)	0603	expand	379534	0.0018	2026-09-26	
CERTIFIED	13.7k 1%	R_0603_1608Metric	A	6	30	C22793	C22793	0603WAF1372T5E	UNI-ROYAL(Uniroyal Elec)	0603	expand	33739	0.0016	2026-09-26	
CERTIFIED	13.8 V to the PA module on the face plate (JST-VH, 16 AWG): + -	JST_VH_B2P-VH_1x02_P3.96mm_Vertical	A	2	10	C274411	C274411	B2P-VH-BL(LF)(SN)	JST	Plugin,P=3.96mm	expand	45436	0.0886	2026-09-26	
CERTIFIED	14.0k 1% (R_FBL1: 15 V when CTL1 is low too)	R_0603_1608Metric	A	2	10	C22803	C22803	0603WAF1402T5E	UNI-ROYAL(Uniroyal Elec)	0603	expand	28299	0.0037	2026-09-26	
CERTIFIED	140k 1%	R_0603_1608Metric	A	4	20	C185372	C185372	RC0603FR-07140KL	YAGEO	0603	expand	374689	0.0061	2026-09-26	
CERTIFIED	143k 1%	R_0603_1608Metric	A	2	10	C22877	C22877	0603WAF1433T5E	UNI-ROYAL(Uniroyal Elec)	0603	expand	24457	0.002	2026-09-26	
CERTIFIED	15.0k 1% (SHDN: enable above about 9.5 V)	R_0603_1608Metric	E	4	20	C22809	C22809	0603WAF1502T5E	UNI-ROYAL(Uniroyal Elec)	0603	base	4698838	0.0029	2026-09-26	
CERTIFIED	150u 25V Panasonic EEHZK1E151XP hybrid polymer (7.7 mm)	CP_Elec_6.3x7.7	A	8	40	C542453	C542453	EEHZK1E151XP	PANASONIC	SMD,D6.3xL8mm	expand	478	0.5944	2026-09-26	
CERTIFIED	15k	R_0603_1608Metric	A,B,D	40	200	C22809	C22809	0603WAF1502T5E	UNI-ROYAL(Uniroyal Elec)	0603	base	4697081	0.0029	2026-09-26	
CERTIFIED	15p	C_0603_1608Metric	E	6	30	C1644	C1644	CL10C150JB8NNNC	Samsung Electro-Mechanics	0603	base	1103841	0.0113	2026-09-26	
CERTIFIED	15p 50V C0G	C_0402_1005Metric	B	1	5	C106997	C106997	CC0402JRNPO9BN150	YAGEO	0402	expand	2341340	0.0023	2026-09-26	
CERTIFIED	15p NP0	C_0402_1005Metric	C	6	30	C1548	C1548	0402CG150J500NT	FH (Guangdong Fenghua Advanced Tech)	0402	base	1482359	0.0038	2026-09-26	
CERTIFIED	15uH XAL1010-153ME (Isat 15.5 A)	L_Coilcraft_XAL1010-XXX	A	1	5	C2802562	C2802562	XAL1010-153MED	Coilcraft	SMD,10x11.3mm	expand	1362	7.0317	2026-09-26	
CERTIFIED	16.5k 1%	R_0603_1608Metric	A	5	25	C22812	C22812	0603WAF1652T5E	UNI-ROYAL(Uniroyal Elec)	0603	expand	100600	0.0016	2026-09-26	
CERTIFIED	162k 1%	R_0603_1608Metric	A	2	10	C22815	C22815	0603WAF1623T5E	UNI-ROYAL(Uniroyal Elec)	0603	expand	44900	0.0017	2026-09-26	
CERTIFIED	17.4k	R_0603_1608Metric	D	3	15	C304711	C304711	RS-03K1742FT	FH (Guangdong Fenghua Advanced Tech)	0603	expand	10050	0.0029	2026-09-26	
CERTIFIED	180R	R_0603_1608Metric	C	28	140	C22828	C22828	0603WAF1800T5E	UNI-ROYAL(Uniroyal Elec)	0603	expand	2453308	0.0018	2026-09-26	
CERTIFIED	18k	R_0603_1608Metric	P	1	5	C25810	C25810	0603WAF1802T5E	UNI-ROYAL(Uniroyal Elec)	0603	base	869516	0.004	2026-09-26	
CERTIFIED	18p	C_0402_1005Metric	B	14	70	C106202	C106202	CC0402JRNPO9BN180	YAGEO	0402	expand	2017064	0.0054	2026-09-26	
CERTIFIED	18p NP0	C_0402_1005Metric	D	8	40	C1549	C1549	0402CG180J500NT	FH (Guangdong Fenghua Advanced Tech)	0402	base	724781	0.0034	2026-09-26	
CERTIFIED	1M	R_0603_1608Metric	B,E,P	16	80	C22935	C22935	0603WAF1004T5E	UNI-ROYAL(Uniroyal Elec)	0603	base	6848686	0.0019	2026-09-26	
CERTIFIED	1M (GD to VPWR, 9.1.3)	R_0603_1608Metric	A	2	10	C22935	C22935	0603WAF1004T5E	UNI-ROYAL(Uniroyal Elec)	0603	base	6854409	0.0019	2026-09-26	
CERTIFIED	1N4148W coil flyback	D_SOD-123	D	4	20	C81598	C81598	1N4148W	ST(Semtech)	SOD-123	base	5250762	0.0123	2026-09-26	
CERTIFIED	1k	R_0603_1608Metric	A,B,C,D,E,P	178	890	C21190	C21190	0603WAF1001T5E	UNI-ROYAL(Uniroyal Elec)	0603	base	23746518	0.0026	2026-09-26	
CERTIFIED	1k (BOOTSEL)	R_0603_1608Metric	C,E	7	35	C21190	C21190	0603WAF1001T5E	UNI-ROYAL(Uniroyal Elec)	0603	base	23746518	0.0026	2026-09-26	
CERTIFIED	1k (strap [LED4_1, LED3_1] = 01: I2C management, Table 3-3)	R_0603_1608Metric	B	1	5	C21190	C21190	0603WAF1001T5E	UNI-ROYAL(Uniroyal Elec)	0603	base	23809268	0.0026	2026-09-26	
CERTIFIED	1k 1% (ILM: 0.89 A)	R_0603_1608Metric	A	1	5	C21190	C21190	0603WAF1001T5E	UNI-ROYAL(Uniroyal Elec)	0603	base	23746518	0.0026	2026-09-26	
CERTIFIED	1n	C_0603_1608Metric	A,B,E	40	200	C1588	C1588	CL10B102KB8NNNC	Samsung Electro-Mechanics	0603	base	8233080	0.0089	2026-09-26	
CERTIFIED	1n 2kV	C_1812_4532Metric	B	1	5	C36077	C36077	1812B102K202NT	FH (Guangdong Fenghua Advanced Tech)	1812	expand	1821	0.1084	2026-09-26	
CERTIFIED	1n NP0	C_0402_1005Metric	D	8	40	C1523	C1523	0402B102K500NT	FH (Guangdong Fenghua Advanced Tech)	0402	base	3832890	0.0042	2026-09-26	
CERTIFIED	1u	C_0603_1608Metric	A,B,C,D,E	197	985	C15849	C15849	CL10A105KB8NNNC	Samsung Electro-Mechanics	0603	base	6754545	0.0752	2026-09-26	
CERTIFIED	1u 100V 1210	C_1210_3225Metric	A	2	10	C382212	C382212	FS32X105K101EFG	PSA(Prosperity Dielectrics)	1210	expand	289937	0.0808	2026-09-26	
CERTIFIED	1u 100V 1210 (X, bus side)	C_1210_3225Metric	E	3	15	C382212	C382212	FS32X105K101EFG	PSA(Prosperity Dielectrics)	1210	expand	289985	0.0808	2026-09-26	
CERTIFIED	1u 100V 1210 (X, input side)	C_1210_3225Metric	E	3	15	C382212	C382212	FS32X105K101EFG	PSA(Prosperity Dielectrics)	1210	expand	289985	0.0808	2026-09-26	
CERTIFIED	1u 25V	C_0603_1608Metric	C	16	80	C106858	C106858	CC0603KRX7R8BB105	YAGEO	0603	expand	321858	0.0294	2026-09-26	
CERTIFIED	2.0 A (ILM)	R_0603_1608Metric	A	1	5		C22977	0603WAF200KT5E	UNI-ROYAL(Uniroyal Elec)	0603	base	1139801	0.0022	2026-09-26	
CERTIFIED	2.2k	R_0603_1608Metric	A,B,C,D,E	52	260	C4190	C4190	0603WAF2201T5E	UNI-ROYAL(Uniroyal Elec)	0603	base	7869458	0.0018	2026-09-26	
CERTIFIED	2.2n	C_0603_1608Metric	A	1	5	C16033	C16033	CL10B222KB8NNNC	Samsung Electro-Mechanics	0603	expand	253461	0.0099	2026-09-26	
CERTIFIED	2.2u	C_0603_1608Metric	A,B	15	75	C57895	C57895	CL10A225KA8NNNC	Samsung Electro-Mechanics	0603	expand	1478536	0.0146	2026-09-26	
CERTIFIED	2.2u	C_0805_2012Metric	P	4	20	C19110	C19110	CL21B225KAFNNNE	Samsung Electro-Mechanics	0805	expand	158034	0.0335	2026-09-26	
CERTIFIED	2.2u 16V X5R	C_0603_1608Metric	D	1	5	C23630	C23630	CL10A225KO8NNNC	Samsung Electro-Mechanics	0603	base	2756497	0.0181	2026-09-26	
CERTIFIED	2.5A hold 30V 1812	Fuse_1812_4532Metric	A	3	15	C52748011	C52748011	1812L250/30GR	LUTE	1812	expand	17916	0.1503	2026-09-26	
CERTIFIED	2.7k 1% (REXT, verify datasheet)	R_0603_1608Metric	B	1	5	C13167	C13167	0603WAF2701T5E	UNI-ROYAL(Uniroyal Elec)	0603	base	1294725	0.0032	2026-09-26	
CERTIFIED	20.0k 1%	R_0603_1608Metric	B	1	5	C4184	C4184	0603WAF2002T5E	UNI-ROYAL(Uniroyal Elec)	0603	base	8350077	0.0023	2026-09-26	
CERTIFIED	20k	R_0603_1608Metric	P	1	5	C4184	C4184	0603WAF2002T5E	UNI-ROYAL(Uniroyal Elec)	0603	base	8342838	0.0023	2026-09-26	
CERTIFIED	20k (PWR: power limit)	R_0603_1608Metric	E	3	15	C4184	C4184	0603WAF2002T5E	UNI-ROYAL(Uniroyal Elec)	0603	base	8350077	0.0023	2026-09-26	
CERTIFIED	20k 1%	R_0603_1608Metric	A,D	4	20	C4184	C4184	0603WAF2002T5E	UNI-ROYAL(Uniroyal Elec)	0603	base	8342838	0.0023	2026-09-26	
CERTIFIED	20k 1% (R_FBL)	R_0603_1608Metric	A	2	10	C4184	C4184	0603WAF2002T5E	UNI-ROYAL(Uniroyal Elec)	0603	base	8350077	0.0023	2026-09-26	
CERTIFIED	20mOhm 1% 2512 (ISNS)	R_2512_6332Metric	A	2	10	C500741	C500741	LR2512D-3W-20mR-1%	Milliohm	2512	expand	8370	0.1061	2026-09-26	
CERTIFIED	21.0k 1% (R_FBL2: 9 V when CTL2 is low)	R_0603_1608Metric	A	2	10	C22956	C22956	0603WAF2102T5E	UNI-ROYAL(Uniroyal Elec)	0603	expand	43629	0.0016	2026-09-26	
CERTIFIED	215k 1% (RT: 202 kHz)	R_0603_1608Metric	E	4	20	C5713280	C5713280	FRC0603F2153TS	FOJAN	0603	expand	55462	0.0022	2026-09-26	
CERTIFIED	22	R_0603_1608Metric	D	32	160	C23345	C23345	0603WAF220JT5E	UNI-ROYAL(Uniroyal Elec)	0603	base	9560392	0.0017	2026-09-26	
CERTIFIED	220	R_0603_1608Metric	D	1	5	C22962	C22962	0603WAF2200T5E	UNI-ROYAL(Uniroyal Elec)	0603	base	2015617	0.0034	2026-09-26	
CERTIFIED	220k	R_0603_1608Metric	D	4	20	C22961	C22961	0603WAF2203T5E	UNI-ROYAL(Uniroyal Elec)	0603	base	1494358	0.0015	2026-09-26	
CERTIFIED	220n	C_0603_1608Metric	A	5	25	C160828	C160828	CL10B224KO8NNNC	Samsung Electro-Mechanics	0603	expand	31432	0.0153	2026-09-26	
CERTIFIED	220n 16V (PCIe AC coupling, CM5 datasheet 2.3.1)	C_0402_1005Metric	B	6	30	C696846	C696846	TCC0402X7R224K160AT	CCTC	0402	expand	192168	0.0051	2026-09-26	
CERTIFIED	220p 50V C0G	C_0402_1005Metric	B	2	10	C107001	C107001	CC0402JRNPO9BN221	YAGEO	0402	expand	325741	0.0041	2026-09-26	
CERTIFIED	220u 6.3V KEMET T520B227M006ATE025 polymer tantalum 25 mOhm (RM520N HD 3.3.1 bulk)	CP_EIA-3528-21_Kemet-B	B	2	10	C212684	C212684	T520B227M006ATE025	KEMET	CASE-B-3528-21(mm)	expand	6571	0.7552	2026-09-26	
CERTIFIED	22R	R_0603_1608Metric	B,D	12	60	C23345	C23345	0603WAF220JT5E	UNI-ROYAL(Uniroyal Elec)	0603	base	9547486	0.0017	2026-09-26	
CERTIFIED	22R (pulse input series)	R_0603_1608Metric	E	3	15	C23345	C23345	0603WAF220JT5E	UNI-ROYAL(Uniroyal Elec)	0603	base	9560392	0.0017	2026-09-26	
CERTIFIED	22k	R_0603_1608Metric	A,B	20	100	C31850	C31850	0603WAF2202T5E	UNI-ROYAL(Uniroyal Elec)	0603	base	3778680	0.0041	2026-09-26	
CERTIFIED	22k 1% (ADC2: 0.18 x pack)	R_0603_1608Metric	E	3	15	C31850	C31850	0603WAF2202T5E	UNI-ROYAL(Uniroyal Elec)	0603	base	3780337	0.0041	2026-09-26	
CERTIFIED	22p	C_0402_1005Metric	B	6	30	C106203	C106203	CC0402JRNPO9BN220	YAGEO	0402	expand	3043989	0.0044	2026-09-26	
CERTIFIED	22p 500V NP0 1206	C_1206_3216Metric	D	8	40	C527306	C527306	CC1206JRNPOBBN220	YAGEO	1206	expand	7988	0.0822	2026-09-26	
CERTIFIED	22p NP0	C_0603_1608Metric	D	2	10	C1653	C1653	CL10C220JB8NNNC	Samsung Electro-Mechanics	0603	base	3095652	0.0058	2026-09-26	
CERTIFIED	22u 10V X7R 1210	C_1210_3225Metric	A,B,D,E	154	770	C2918511	C2918511	CS3225X7R226K250NRL	Samwha Capacitor	1210	expand	53705	0.1797	2026-09-26	
CERTIFIED	22u 25V	C_1206_3216Metric	E	1	5	C12891	C12891	CL31A226KAHNNNE	Samsung Electro-Mechanics	1206	base	776905	0.1755	2026-09-26	
CERTIFIED	22u 25V 1210	C_1210_3225Metric	A	16	80	C2918511	C2918511	CS3225X7R226K250NRL	Samwha Capacitor	1210	expand	53705	0.1797	2026-09-26	
CERTIFIED	22u 25V X7R 1210	C_1210_3225Metric	D	3	15	C2918511	C2918511	CS3225X7R226K250NRL	Samwha Capacitor	1210	expand	53909	0.1797	2026-09-26	
CERTIFIED	22u 6.3V	C_0805_2012Metric	B	24	120	C6119902	C6119902	CGA0805X5R226M6R3MT	HRE	0805	expand	86727	0.0595	2026-09-26	
CERTIFIED	24 MHz 3225	Crystal_SMD_3225-4Pin_3.2x2.5mm	A,B	10	50	C164058	C164058	TAXM24M4RFBCCT2T	Yajingxin	SMD3225-4P	expand	71966	0.0726	2026-09-26	
CERTIFIED	240k 1%	R_0603_1608Metric	A	2	10	C137765	C137765	RC0603FR-07240KL	YAGEO	0603	expand	364983	0.0058	2026-09-26	
CERTIFIED	26.7k 1%	R_0603_1608Metric	B	3	15	C22923	C22923	0603WAF2672T5E	UNI-ROYAL(Uniroyal Elec)	0603	expand	20155	0.0024	2026-09-26	
CERTIFIED	27 1% 2010	R_2010_5025Metric	D	8	40	C2960829	C2960829	FRC2010J270 TS	FOJAN	2010	expand	2611	0.0205	2026-09-26	
CERTIFIED	270R	R_0603_1608Metric	P	1	5	C22966	C22966	0603WAF2700T5E	UNI-ROYAL(Uniroyal Elec)	0603	base	801081	0.0024	2026-09-26	
CERTIFIED	27R	R_0603_1608Metric	C,E	12	60	C25190	C25190	0603WAF270JT5E	UNI-ROYAL(Uniroyal Elec)	0603	expand	116630	0.0021	2026-09-26	
CERTIFIED	27nH 0402 (antenna bias tee)	L_0402_1005Metric	B	4	20	C12669	C12669	LQG15HS27NJ02D	Murata Electronics	0402	expand	145524	0.0189	2026-09-26	
CERTIFIED	27p	C_0603_1608Metric	A,B	17	85	C107045	C107045	CC0603JRNPO9BN270	YAGEO	0603	expand	930797	0.0054	2026-09-26	
CERTIFIED	27p NP0	C_0402_1005Metric	D	8	40	C107002	C107002	CC0402JRNPO9BN270	YAGEO	0402	expand	1690281	0.0021	2026-09-26	
CERTIFIED	2A hold 1812	Fuse_1812_4532Metric	B	7	35	C210837	C210837	MF-MSMF200-2	BOURNS	1812	expand	16614	0.0645	2026-09-26	
CERTIFIED	2N7002	SOT-23	B,C,D	63	315	C8545	C8545	2N7002	Jiangsu Changjing Electronics Technology Co., Ltd.	SOT-23	base	1763226	0.0178	2026-09-26	
CERTIFIED	2N7002 (EMCON inhibit in Q2 emitter)	SOT-23	D	3	15	C8545	C8545	2N7002	Jiangsu Changjing Electronics Technology Co., Ltd.	SOT-23	base	1693209	0.0178	2026-09-26	
CERTIFIED	2N7002 (SOT-23) OnOff open-drain buffer	SOT-23	B	1	5	C8545	C8545	2N7002	Jiangsu Changjing Electronics Technology Co., Ltd.	SOT-23	base	1693209	0.0178	2026-09-26	
CERTIFIED	2N7002 60 V N-FET: the second level's under-voltage holds the discharge FET off	SOT-23	P	1	5	C8545	C8545	2N7002	Jiangsu Changjing Electronics Technology Co., Ltd.	SOT-23	base	1763226	0.0178	2026-09-26	
CERTIFIED	2N7002 EMCON -> W_DISABLE1#	SOT-23	B	3	15	C8545	C8545	2N7002	Jiangsu Changjing Electronics Technology Co., Ltd.	SOT-23	base	1693209	0.0178	2026-09-26	
CERTIFIED	2N7002 OnOff open-drain buffer	SOT-23	B	3	15	C8545	C8545	2N7002	Jiangsu Changjing Electronics Technology Co., Ltd.	SOT-23	base	1693209	0.0178	2026-09-26	
CERTIFIED	2N7002 PA_EN -> H/L low (never tie H/L high)	SOT-23	D	4	20	C8545	C8545	2N7002	Jiangsu Changjing Electronics Technology Co., Ltd.	SOT-23	base	1693209	0.0178	2026-09-26	
CERTIFIED	2N7002 expander -> FULL_CARD_POWER_OFF#	SOT-23	B	1	5	C8545	C8545	2N7002	Jiangsu Changjing Electronics Technology Co., Ltd.	SOT-23	base	1693209	0.0178	2026-09-26	
CERTIFIED	2N7002 expander -> RESET#	SOT-23	B	1	5	C8545	C8545	2N7002	Jiangsu Changjing Electronics Technology Co., Ltd.	SOT-23	base	1693209	0.0178	2026-09-26	
CERTIFIED	2N7002 expander -> RESET# (open drain, no pull-up: HD Figure 12)	SOT-23	B	1	5	C8545	C8545	2N7002	Jiangsu Changjing Electronics Technology Co., Ltd.	SOT-23	base	1763226	0.0178	2026-09-26	
CERTIFIED	2N7002 expander -> switch reset	SOT-23	B	1	5	C8545	C8545	2N7002	Jiangsu Changjing Electronics Technology Co., Ltd.	SOT-23	base	1693209	0.0178	2026-09-26	
CERTIFIED	2N7002 fan 1 low-side switch (1 G, 2 S, 3 D)	SOT-23	E	3	15	C8545	C8545	2N7002	Jiangsu Changjing Electronics Technology Co., Ltd.	SOT-23	base	1693209	0.0178	2026-09-26	
CERTIFIED	2N7002 fan 2 low-side switch (1 G, 2 S, 3 D)	SOT-23	E	3	15	C8545	C8545	2N7002	Jiangsu Changjing Electronics Technology Co., Ltd.	SOT-23	base	1693209	0.0178	2026-09-26	
CERTIFIED	2N7002 relay coil	SOT-23	D	4	20	C8545	C8545	2N7002	Jiangsu Changjing Electronics Technology Co., Ltd.	SOT-23	base	1693209	0.0178	2026-09-26	
CERTIFIED	2N7002: CHG_INHIBIT high = ILIM_HIZ low = charger in HiZ	SOT-23	A	2	10	C8545	C8545	2N7002	Jiangsu Changjing Electronics Technology Co., Ltd.	SOT-23	base	1693209	0.0178	2026-09-26	
CERTIFIED	2N7002: EMCON removes the WiFi card's supply (S-01)	SOT-23	B	2	10	C8545	C8545	2N7002	Jiangsu Changjing Electronics Technology Co., Ltd.	SOT-23	base	1763226	0.0178	2026-09-26	
CERTIFIED	2N7002: EMCON_ON = NOT EMCON_HW (S-01)	SOT-23	B	1	5	C8545	C8545	2N7002	Jiangsu Changjing Electronics Technology Co., Ltd.	SOT-23	base	1763226	0.0178	2026-09-26	
CERTIFIED	2N7002: EMCON_ON pulls W_DISABLE1# low (open drain)	SOT-23	B	3	15	C8545	C8545	2N7002	Jiangsu Changjing Electronics Technology Co., Ltd.	SOT-23	base	1763226	0.0178	2026-09-26	
CERTIFIED	2N7002: FE_RUN high = bleed off (1 G, 2 S, 3 D)	SOT-23	A	1	5	C8545	C8545	2N7002	Jiangsu Changjing Electronics Technology Co., Ltd.	SOT-23	base	1763226	0.0178	2026-09-26	
CERTIFIED	2N7002: FE_RUN high = latch sense held at 0 V (1 G, 2 S, 3 D)	SOT-23	A	1	5	C8545	C8545	2N7002	Jiangsu Changjing Electronics Technology Co., Ltd.	SOT-23	base	1763226	0.0178	2026-09-26	
CERTIFIED	2N7002: Pi GPIO high = pull KILL low = power off	SOT-23	A	1	5	C8545	C8545	2N7002	Jiangsu Changjing Electronics Technology Co., Ltd.	SOT-23	base	1693209	0.0178	2026-09-26	
CERTIFIED	2N7002: Pi GPIO high = pull KILL low = power off (1 G, 2 S, 3 D; source and drain were swapped on A19, appendix 32.36)	SOT-23	A	2	10	C8545	C8545	2N7002	Jiangsu Changjing Electronics Technology Co., Ltd.	SOT-23	base	1693209	0.0178	2026-09-26	
CERTIFIED	2N7002: SHORE_INHIBIT high pulls UVLO low = input off (1 G, 2 S, 3 D)	SOT-23	E	3	15	C8545	C8545	2N7002	Jiangsu Changjing Electronics Technology Co., Ltd.	SOT-23	base	1693209	0.0178	2026-09-26	
CERTIFIED	2N7002: a voted majority pulls the bank's hub into reset	SOT-23	B	3	15	C8545	C8545	2N7002	Jiangsu Changjing Electronics Technology Co., Ltd.	SOT-23	base	1693209	0.0178	2026-09-26	
CERTIFIED	2N7002: panel controller high = pull KILL low = power off (1 G, 2 S, 3 D)	SOT-23	A	2	10	C8545	C8545	2N7002	Jiangsu Changjing Electronics Technology Co., Ltd.	SOT-23	base	1693209	0.0178	2026-09-26	
CERTIFIED	2N7002: pulls BT_nDisable low only (S-01)	SOT-23	B	3	15	C8545	C8545	2N7002	Jiangsu Changjing Electronics Technology Co., Ltd.	SOT-23	base	1763226	0.0178	2026-09-26	
CERTIFIED	2N7002: pulls WL_nDisable low only (S-01)	SOT-23	B	3	15	C8545	C8545	2N7002	Jiangsu Changjing Electronics Technology Co., Ltd.	SOT-23	base	1763226	0.0178	2026-09-26	
CERTIFIED	2N7002: the changeover's complement, so a voted WIFI_SEC moves both chains at once	SOT-23	B	1	5	C8545	C8545	2N7002	Jiangsu Changjing Electronics Technology Co., Ltd.	SOT-23	base	1693209	0.0178	2026-09-26	
CERTIFIED	2k	R_0603_1608Metric	A,D	2	10	C22975	C22975	0603WAF2001T5E	UNI-ROYAL(Uniroyal Elec)	0603	base	14084164	0.0024	2026-09-26	
CERTIFIED	2m 2512 2W (sense)	R_2512_6332Metric	P	4	20	C154685	C154685	LR2512-23R002F4	RALEC	2512	expand	28410	0.1881	2026-09-26	
CERTIFIED	2mOhm 1% 2512 (ISNS)	R_2512_6332Metric	A	2	10	C2903471	C2903471	HoJLR2512-3W-2mR-1%	Milliohm	2512	expand	11992	0.1037	2026-09-26	
CERTIFIED	3.3k	R_0603_1608Metric	A	2	10	C22978	C22978	0603WAF3301T5E	UNI-ROYAL(Uniroyal Elec)	0603	base	5354046	0.0026	2026-09-26	
CERTIFIED	3.3n	C_0603_1608Metric	A,B	28	140	C1613	C1613	CL10B332KB8NNNC	Samsung Electro-Mechanics	0603	base	255513	0.0083	2026-09-26	
CERTIFIED	3.3u	C_0805_2012Metric	A	2	10	C7393948	C7393948	TCC0805X7R335K250FT	CCTC	0805	expand	169678	0.0312	2026-09-26	
CERTIFIED	30.1k 1% (RT2 JEITA)	R_0603_1608Metric	A	3	15	C23000	C23000	0603WAF3012T5E	UNI-ROYAL(Uniroyal Elec)	0603	expand	62569	0.0016	2026-09-26	
CERTIFIED	300R	R_0603_1608Metric	C,P	25	125	C23025	C23025	0603WAF3000T5E	UNI-ROYAL(Uniroyal Elec)	0603	base	1624110	0.0032	2026-09-26	
CERTIFIED	301R 1% (ILM: 3.0 A)	R_0603_1608Metric	B	2	10	C25192	C25192	0603WAF3010T5E	UNI-ROYAL(Uniroyal Elec)	0603	expand	15716	0.0022	2026-09-26	
CERTIFIED	301k 1% (500 kHz)	R_0603_1608Metric	D	3	15	C2933194	C2933194	FRC0603F3013TS	FOJAN	0603	expand	87658	0.0016	2026-09-26	
CERTIFIED	30k (slope)	R_0603_1608Metric	A	10	50	C22984	C22984	0603WAF3002T5E	UNI-ROYAL(Uniroyal Elec)	0603	base	2047376	0.005	2026-09-26	
CERTIFIED	31.6k 1%	R_0603_1608Metric	A,B	14	70	C25967	C25967	0603WAF3162T5E	UNI-ROYAL(Uniroyal Elec)	0603	expand	143102	0.0022	2026-09-26	
CERTIFIED	33	R_0603_1608Metric	D	8	40	C23140	C23140	0603WAF330JT5E	UNI-ROYAL(Uniroyal Elec)	0603	base	5836054	0.0025	2026-09-26	
CERTIFIED	33.2k 1%	R_0603_1608Metric	A,B	12	60	C23003	C23003	0603WAF3322T5E	UNI-ROYAL(Uniroyal Elec)	0603	expand	19249	0.0015	2026-09-26	
CERTIFIED	330	R_0603_1608Metric	B	9	45	C23138	C23138	0603WAF3300T5E	UNI-ROYAL(Uniroyal Elec)	0603	base	3488022	0.0026	2026-09-26	
CERTIFIED	330R	R_0603_1608Metric	A,E	4	20	C23138	C23138	0603WAF3300T5E	UNI-ROYAL(Uniroyal Elec)	0603	base	3488022	0.0026	2026-09-26	
CERTIFIED	330p	C_0603_1608Metric	A	4	20	C1664	C1664	CL10C331JB8NNNC	Samsung Electro-Mechanics	0603	base	915383	0.0179	2026-09-26	
CERTIFIED	330u 35V Panasonic EEHZK1V331P hybrid polymer (10.2 mm)	CP_Elec_10x10	A	6	30	C278516	C278516	EEHZK1V331P	PANASONIC	SMD,D10xL10.2mm	expand	6551	0.8396	2026-09-26	
CERTIFIED	33k	R_0603_1608Metric	A	1	5	C4216	C4216	0603WAF3302T5E	UNI-ROYAL(Uniroyal Elec)	0603	base	3313160	0.0022	2026-09-26	
CERTIFIED	33p	C_0402_1005Metric	B	10	50	C107005	C107005	CC0402JRNPO9BN330	YAGEO	0402	expand	507618	0.0036	2026-09-26	
CERTIFIED	33p	C_0603_1608Metric	B	2	10	C1663	C1663	CL10C330JB8NNNC	Samsung Electro-Mechanics	0603	base	1035817	0.0061	2026-09-26	
CERTIFIED	34.8k 1%	R_0603_1608Metric	A	5	25	C2933204	C2933204	FRC0603F3482TS	FOJAN	0603	expand	238708	0.0028	2026-09-26	
CERTIFIED	36 1% 2010	R_2010_5025Metric	D	4	20	C3037266	C3037266	CR2010F236R0G	LIZ Elec	2010	expand	3620	0.0225	2026-09-26	
CERTIFIED	38.3k 1% (UVLO: 9 V)	R_0603_1608Metric	E	3	15	C23034	C23034	0603WAF3832T5E	UNI-ROYAL(Uniroyal Elec)	0603	expand	40381	0.0021	2026-09-26	
CERTIFIED	39k 1%	R_0603_1608Metric	A	1	5	C23153	C23153	0603WAF3902T5E	UNI-ROYAL(Uniroyal Elec)	0603	base	483014	0.0016	2026-09-26	
CERTIFIED	39p 500V NP0 1206	C_1206_3216Metric	D	4	20	C326958	C326958	CC1206JRNPOBBN390	YAGEO	1206	expand	1280	0.0562	2026-09-26	
CERTIFIED	39u 35V Panasonic 35SVPF39M polymer (6.9 mm)	CP_Elec_8x6.7	E	8	40	C189474	C189474	35SVPF39M	PANASONIC	SMD,D8xL6.9mm	expand	341	1.1725	2026-09-26	
CERTIFIED	4.7R	R_0603_1608Metric	E	1	5	C23164	C23164	0603WAF470KT5E	UNI-ROYAL(Uniroyal Elec)	0603	base	678042	0.0026	2026-09-26	
CERTIFIED	4.7k	R_0603_1608Metric	A,B,D,E	65	325	C23162	C23162	0603WAF4701T5E	UNI-ROYAL(Uniroyal Elec)	0603	base	23325340	0.0028	2026-09-26	
CERTIFIED	4.7k 1% (PROG: 1S, 750 kHz)	R_0603_1608Metric	A	3	15	C23162	C23162	0603WAF4701T5E	UNI-ROYAL(Uniroyal Elec)	0603	base	23361662	0.0028	2026-09-26	
CERTIFIED	4.7n	C_0402_1005Metric	D	4	20	C1538	C1538	0402B472K500NT	FH (Guangdong Fenghua Advanced Tech)	0402	base	1434483	0.0038	2026-09-26	
CERTIFIED	4.7n	C_0603_1608Metric	B,D,E	11	55	C53987	C53987	0603B472K500NT	FH (Guangdong Fenghua Advanced Tech)	0603	base	950017	0.0092	2026-09-26	
CERTIFIED	4.7n NP0	C_0603_1608Metric	D	1	5	C53987	C53987	0603B472K500NT	FH (Guangdong Fenghua Advanced Tech)	0603	base	950017	0.0092	2026-09-26	
CERTIFIED	4.7p 50V C0G	C_0402_1005Metric	B	1	5	C325453	C325453	CC0402BRNPO9BN4R7	YAGEO	0402	expand	462693	0.0043	2026-09-26	
CERTIFIED	4.7u	C_0603_1608Metric	D	15	75	C19666	C19666	CL10A475KO8NNNC	Samsung Electro-Mechanics	0603	base	2725894	0.0294	2026-09-26	
CERTIFIED	4.7u	C_0805_2012Metric	A,B,C,D	37	185	C354262	C354262	CC0805KKX7R8BB475	YAGEO	0805	expand	570537	0.072	2026-09-26	
CERTIFIED	4.7u 25V	C_0603_1608Metric	C	1	5	C90057	C90057	GRM188R61E475KE11D	Murata Electronics	0603	expand	113402	0.0606	2026-09-26	
CERTIFIED	4.7u 25V	C_1206_3216Metric	E	4	20	C132170	C132170	CC1206KKX7R9BB475	YAGEO	1206	expand	158503	0.1381	2026-09-26	
CERTIFIED	4.7u 50V	C_1206_3216Metric	E	4	20	C132170	C132170	CC1206KKX7R9BB475	YAGEO	1206	expand	158503	0.1381	2026-09-26	
CERTIFIED	40.2k (206 kHz)	R_0603_1608Metric	A	7	35	C12447	C12447	0603WAF4022T5E	UNI-ROYAL(Uniroyal Elec)	0603	expand	208433	0.0023	2026-09-26	
CERTIFIED	40.2k (300 kHz)	R_0603_1608Metric	A	10	50	C12447	C12447	0603WAF4022T5E	UNI-ROYAL(Uniroyal Elec)	0603	expand	208661	0.0023	2026-09-26	
CERTIFIED	40.2k 1%	R_0603_1608Metric	A,B	11	55	C12447	C12447	0603WAF4022T5E	UNI-ROYAL(Uniroyal Elec)	0603	expand	208433	0.0023	2026-09-26	
CERTIFIED	43R 1W 2512 (DSCG)	R_2512_6332Metric	A	2	10	C38957	C38957	25121WJ0430T4E	UNI-ROYAL(Uniroyal Elec)	2512	expand	20818	0.0322	2026-09-26	
CERTIFIED	453R 1% (ILM: 2.0 A)	R_0603_1608Metric	A	1	5	C48136	C48136	0603WAF4530T5E	UNI-ROYAL(Uniroyal Elec)	0603	expand	2204	0.0025	2026-09-26	
CERTIFIED	470R	R_0603_1608Metric	C,D	11	55	C23179	C23179	0603WAF4700T5E	UNI-ROYAL(Uniroyal Elec)	0603	base	6653092	0.0023	2026-09-26	
CERTIFIED	470n 25V	C_0603_1608Metric	E	8	40	C1623	C1623	CL10B474KA8NNNC	Samsung Electro-Mechanics	0603	base	995153	0.0296	2026-09-26	
CERTIFIED	470p	C_0603_1608Metric	A	6	30	C27694	C27694	CL10C471JB8NNNC	Samsung Electro-Mechanics	0603	expand	84507	0.0089	2026-09-26	
CERTIFIED	470u 25V Panasonic EEHZK1E471P hybrid polymer (10.2 mm)	CP_Elec_10x10	A	4	20	C242138	C242138	EEHZK1E471P	PANASONIC	SMD,D10xL10.2mm	expand	914	0.7341	2026-09-26	
CERTIFIED	475 1% (IREF)	R_0603_1608Metric	B	3	15	C137716	C137716	RC0603FR-07475RL	YAGEO	0603	expand	157726	0.0046	2026-09-26	
CERTIFIED	47R	R_0603_1608Metric	C	5	25	C23182	C23182	0603WAF470JT5E	UNI-ROYAL(Uniroyal Elec)	0603	base	1284037	0.004	2026-09-26	
CERTIFIED	47k	R_0603_1608Metric	A,D	2	10	C25819	C25819	0603WAF4702T5E	UNI-ROYAL(Uniroyal Elec)	0603	base	1846877	0.0037	2026-09-26	
CERTIFIED	47n	C_0603_1608Metric	A	22	110	C1622	C1622	CL10B473KB8NNNC	Samsung Electro-Mechanics	0603	base	860500	0.0073	2026-09-26	
CERTIFIED	47p	C_0402_1005Metric	B	4	20	C60137	C60137	CC0402JRNPO9BN470	YAGEO	0402	expand	4083014	0.0021	2026-09-26	
CERTIFIED	47u 25V	C_1206_3216Metric	A	2	10	C403725	C403725	GRM31CR61E476ME44L	Murata Electronics	1206	expand	113710	0.6074	2026-09-26	
CERTIFIED	47u 6.3V X5R 1210	C_1210_3225Metric	D	12	60	C440151	C440151	GCM32ER70J476KE19L	Murata Electronics	1210	expand	4970	0.6464	2026-09-26	
CERTIFIED	5 mOhm 1% 3 W 2512 RSENSE (RALEC LR2512-23R005F4)	R_2512_6332Metric	E	4	20	C154688	C154688	LR2512-23R005F4	RALEC	2512	expand	11999	0.1597	2026-09-26	
CERTIFIED	5.1k	R_0603_1608Metric	B,D,P	67	335	C23186	C23186	0603WAF5101T5E	UNI-ROYAL(Uniroyal Elec)	0603	base	26162161	0.0015	2026-09-26	
CERTIFIED	5.23k 1% (RT1 JEITA)	R_0603_1608Metric	A	3	15	C23068	C23068	0603WAF5231T5E	UNI-ROYAL(Uniroyal Elec)	0603	expand	35266	0.0015	2026-09-26	
CERTIFIED	510R 1W 2512 (VBUS20 bleed)	R_2512_6332Metric	A	4	20	C36171	C36171	25121WJ0511T4E	UNI-ROYAL(Uniroyal Elec)	2512	expand	3827	0.0372	2026-09-26	
CERTIFIED	51k	R_0603_1608Metric	P	1	5	C23196	C23196	0603WAF5102T5E	UNI-ROYAL(Uniroyal Elec)	0603	base	3072868	0.0017	2026-09-26	
CERTIFIED	53.6k 1%	R_0603_1608Metric	A	8	40	C23074	C23074	0603WAF5362T5E	UNI-ROYAL(Uniroyal Elec)	0603	expand	92119	0.0023	2026-09-26	
CERTIFIED	54 V to the PoE injector on B16 (JST-VH): + -	JST_VH_B2P-VH_1x02_P3.96mm_Vertical	A	2	10	C274411	C274411	B2P-VH-BL(LF)(SN)	JST	Plugin,P=3.96mm	expand	45436	0.0886	2026-09-26	
CERTIFIED	560p	C_0603_1608Metric	A	1	5	C43962	C43962	0603CG561J500NT	FH (Guangdong Fenghua Advanced Tech)	0603	expand	2936	0.0109	2026-09-26	
CERTIFIED	5mOhm 1% 2512 (CS)	R_2512_6332Metric	A	14	70	C500739	C500739	LR2512D-3W-5mR-1%	Milliohm	2512	expand	14941	0.1197	2026-09-26	
CERTIFIED	5mOhm 1% 2512 (Kelvin shunt: card socket current, W5 TESTACCESS-B)	R_2512_6332Metric	B	3	15	C500739	C500739	LR2512D-3W-5mR-1%	Milliohm	2512	expand	14941	0.1197	2026-09-26	
CERTIFIED	5mOhm 1% 2512 (RSR, charge current sense)	R_2512_6332Metric	A	2	10	C500739	C500739	LR2512D-3W-5mR-1%	Milliohm	2512	expand	14941	0.1197	2026-09-26	
CERTIFIED	5mOhm 1% 2512 (shunt)	R_2512_6332Metric	A	10	50	C500739	C500739	LR2512D-3W-5mR-1%	Milliohm	2512	expand	14941	0.1197	2026-09-26	
CERTIFIED	6.04k 1% (ISET)	R_0603_1608Metric	B	1	5	C25977	C25977	0603WAF6041T5E	UNI-ROYAL(Uniroyal Elec)	0603	expand	56263	0.0012	2026-09-26	
CERTIFIED	6.65k 1% (OVLO: 40 V)	R_0603_1608Metric	E	3	15	C60344	C60344	0603WAF6651T5E	UNI-ROYAL(Uniroyal Elec)	0603	expand	4305	0.0022	2026-09-26	
CERTIFIED	6.8k	R_0603_1608Metric	A	1	5	C23212	C23212	0603WAF6801T5E	UNI-ROYAL(Uniroyal Elec)	0603	base	1867034	0.0023	2026-09-26	
CERTIFIED	6.8n 50V X7R	C_0402_1005Metric	B	1	5	C93654	C93654	CC0402KRX7R9BB682	YAGEO	0402	expand	397915	0.0021	2026-09-26	
CERTIFIED	6.8uH XAL1010-682ME	L_Coilcraft_XAL1010-XXX	A	4	20	C3911637	C3911637	XAL1010-682MED	Coilcraft	SMD,11.3x10mm	expand	30	19.9095	2026-09-26	
CERTIFIED	6.8uH XAL1010-682ME (Isat 17 A)	L_Coilcraft_XAL1010-XXX	A	2	10	C3911637	C3911637	XAL1010-682MED	Coilcraft	SMD,11.3x10mm	expand	30	19.9095	2026-09-26	
CERTIFIED	60.4k 1% (CELL_BATPRESZ: 4S per Table, from VDDA)	R_0603_1608Metric	A	2	10	C23089	C23089	0603WAF6042T5E	UNI-ROYAL(Uniroyal Elec)	0603	expand	133287	0.0015	2026-09-26	
CERTIFIED	600R 2A ferrite (the exciter's 1 A transmit pulses)	L_0805_2012Metric	D	4	20	C1017	C1017	GZ2012D601TF	Sunlord	0805	base	393229	0.02	2026-09-26	
CERTIFIED	600R@100MHz	L_0603_1608Metric	D	4	20	C1002	C1002	GZ1608D601TF	Sunlord	0603	base	775062	0.0127	2026-09-26	
CERTIFIED	60R4 1%	R_0603_1608Metric	B	8	40	C2933247	C2933247	FRC0603F60R4TS	FOJAN	0603	expand	210298	0.0023	2026-09-26	
CERTIFIED	62k 1%	R_0603_1608Metric	A	14	70	C23221	C23221	0603WAF6202T5E	UNI-ROYAL(Uniroyal Elec)	0603	expand	436208	0.0028	2026-09-26	
CERTIFIED	665k 1%	R_0603_1608Metric	A	2	10	C2930125	C2930125	FRC0603F6653TS	FOJAN	0603	expand	23433	0.0026	2026-09-26	
CERTIFIED	680n	C_0603_1608Metric	A	1	5	C107067	C107067	CC0603KRX7R7BB684	YAGEO	0603	expand	57133	0.0189	2026-09-26	
CERTIFIED	680p	C_0603_1608Metric	A	2	10	C30816	C30816	CL10C681JB8NNNC	Samsung Electro-Mechanics	0603	expand	60752	0.0117	2026-09-26	
CERTIFIED	68k (RT: 500 kHz)	R_0603_1608Metric	A,B	20	100	C23231	C23231	0603WAF6802T5E	UNI-ROYAL(Uniroyal Elec)	0603	base	1071772	0.0016	2026-09-26	
CERTIFIED	68nH 0805 (LPF)	L_0805_2012Metric	D	2	10	C2044803	C2044803	LQW2BAN68NG00L	Murata Electronics	0805	expand	1294	0.1584	2026-09-26	
CERTIFIED	68nH 0805 (LPF, 145 MHz 5th order; values to be verified in MESHSAT-818)	L_0805_2012Metric	D	2	10	C2044803	C2044803	LQW2BAN68NG00L	Murata Electronics	0805	expand	1294	0.1584	2026-09-26	
CERTIFIED	68p 50V C0G	C_0402_1005Metric	B	3	15	C107009	C107009	CC0402JRNPO9BN680	YAGEO	0402	expand	469628	0.0021	2026-09-26	
CERTIFIED	698k	R_0603_1608Metric	A	1	5	C5126055	C5126055	FRC0603F6983TS	FOJAN	0603	expand	90215	0.0025	2026-09-26	
CERTIFIED	6mOhm 1% 2512 (ISNS)	R_2512_6332Metric	A	3	15	C843882	C843882	WSL25126L000FEA	Vishay Intertech	2512	expand	8246	0.4612	2026-09-26	
CERTIFIED	7.50k 1% (RFBIN2)	R_0603_1608Metric	E	4	20	C23234	C23234	0603WAF7501T5E	UNI-ROYAL(Uniroyal Elec)	0603	base	1482200	0.0018	2026-09-26	
CERTIFIED	71.5k 1%	R_0603_1608Metric	D	1	5	C23103	C23103	0603WAF7152T5E	UNI-ROYAL(Uniroyal Elec)	0603	expand	37452	0.0016	2026-09-26	
CERTIFIED	74LVC08APW quad AND: EMCON gates for the PA rail, the HF rail and the D8 inhibit	TSSOP-14_4.4x5mm_P0.65mm	A	1	5	C465737	C465737	SN74LVC08APWR	Texas Instruments	TSSOP-14	expand	34914	0.3737	2026-09-26	
CERTIFIED	74LVC1G04 inverter (2 A 4 Y): EMCON_HW = NOT TX_INHIBIT_n, the hardware emission-control line to every transmitter rail (32.50 item 3)	SOT-23-5	C	1	5		C53185133	74LVC1G04GV	MDD(Microdiode Semiconductor)	SOT-23-5	expand	5082	0.0718	2026-09-26	
CERTIFIED	74LVC1G04 inverter (2 A 4 Y): PTT_ANY	SOT-23-5	D	5	25	C7827	C7827	SN74LVC1G04DBVR	Texas Instruments	SOT-23-5	expand	55838	0.0811	2026-09-26	
CERTIFIED	74LVC1G04 inverter: KEY -> SA868 PTT (low = transmit)	SOT-23-5	D	4	20	C53185133	C53185133	74LVC1G04GV	MDD(Microdiode Semiconductor)	SOT-23-5	expand	5082	0.0718	2026-09-26	
CERTIFIED	74LVC1G06 open-drain inverter (2 A 4 Y): KEY -> SA868 PTT (low = transmit; released = receive, held by R88 and R89)	SOT-23-5	D	1	5	C840103	C840103	SN74LVC1G06DBVR	Texas Instruments	SOT-23-5	expand	8537	0.1387	2026-09-26	
CERTIFIED	74LVC1G08 AND (1 A 2 B 3 GND 4 Y 5 VCC): both headset PTT lines idle high	SOT-23-5	D	5	25	C19829591	C19829591	74LVC1G08GV	TECH PUBLIC	SOT-23-5	expand	12608	0.0566	2026-09-26	
CERTIFIED	74LVC1G08 AND: KEY = PTT_ANY AND TX_INHIBIT_n (the panel's hardware EMCON)	SOT-23-5	D	5	25	C19829591	C19829591	74LVC1G08GV	TECH PUBLIC	SOT-23-5	expand	12608	0.0566	2026-09-26	
CERTIFIED	74LVC1G08 AND: PA_KEY = KEY AND PA_EN (A22's PA rail state)	SOT-23-5	D	5	25	C19829591	C19829591	74LVC1G08GV	TECH PUBLIC	SOT-23-5	expand	12608	0.0566	2026-09-26	
CERTIFIED	74LVC1G08 AND: headsets AND software PTT (RTS)	SOT-23-5	D	5	25	C19829591	C19829591	74LVC1G08GV	TECH PUBLIC	SOT-23-5	expand	12608	0.0566	2026-09-26	
CERTIFIED	74LVC1G17 Schmitt-trigger non-inverting buffer (Diodes 74LVC1G17W5-7, SOT-25: 2 A 4 Y): EMCON_HW follows TX_INHIBIT_n; low = every transmitter inhibited (32.50 item 3)	SOT-23-5	C	1	5	C151394	C151394	74LVC1G17W5-7	Diodes Incorporated	SOT-25-5	expand	11986	0.0972	2026-09-26	
CERTIFIED	74LVC1G17 Schmitt-trigger non-inverting buffer (Diodes 74LVC1G17W5-7, SOT-25: 2 A 4 Y): ZEROIZE_HW follows the local ZEROIZE_SW (owner D-03)	SOT-23-5	C	1	5	C151394	C151394	74LVC1G17W5-7	Diodes Incorporated	SOT-25-5	expand	11986	0.0972	2026-09-26	
CERTIFIED	74LVC1G34 buffer (1 NC 2 A 3 GND 4 Y 5 VCC): KEY -> PTT_MIR, the one-way driver of the PTT mirror TR_APRS	SOT-23-5	D	1	5	C526347	C526347	74LVC1G34W5-7	Diodes Incorporated	SOT-25	expand	1932	0.0527	2026-09-26	
CERTIFIED	74LVC1G34 buffer (1 NC 2 A 3 GND 4 Y 5 VCC): KEY read back into U16 IO0_3, one way (VCC the harness +3V3)	SOT-23-5	D	1	5	C526347	C526347	74LVC1G34W5-7	Diodes Incorporated	SOT-25	expand	1932	0.0527	2026-09-26	
CERTIFIED	74LVC1G34 buffer (1 NC 2 A 3 GND 4 Y 5 VCC): PA_KEY read back into U16 IO0_4, one way (VCC the harness +3V3)	SOT-23-5	D	1	5	C526347	C526347	74LVC1G34W5-7	Diodes Incorporated	SOT-25	expand	1932	0.0527	2026-09-26	
CERTIFIED	74LVC1G34 non-inverting buffer (2 A 4 Y): EMCON_HW follows TX_INHIBIT_n; low = every transmitter inhibited (32.50 item 3)	SOT-23-5	C	2	10	C526347	C526347	74LVC1G34W5-7	Diodes Incorporated	SOT-25	expand	1944	0.0527	2026-09-26	
CERTIFIED	75	R_0603_1608Metric	B	2	10	C4275	C4275	0603WAF750JT5E	UNI-ROYAL(Uniroyal Elec)	0603	base	1937704	0.0033	2026-09-26	
CERTIFIED	750R 1% (ILM: 1.2 A)	R_0603_1608Metric	A	1	5	C23241	C23241	0603WAF7500T5E	UNI-ROYAL(Uniroyal Elec)	0603	expand	553289	0.0035	2026-09-26	
CERTIFIED	75k 1%	R_0603_1608Metric	A	3	15	C23242	C23242	0603WAF7502T5E	UNI-ROYAL(Uniroyal Elec)	0603	base	796545	0.0027	2026-09-26	
CERTIFIED	8.87k	R_0603_1608Metric	A	9	45	C2998144	C2998144	FRC0603F8871TS	FOJAN	0603	expand	481895	0.0023	2026-09-26	
CERTIFIED	9.1p 50V C0G	C_0402_1005Metric	B	1	5	C526972	C526972	CC0402BRNPO9BN9R1	YAGEO	0402	expand	39432	0.0048	2026-09-26	
CERTIFIED	9.53k 1%	R_0603_1608Metric	B	3	15	C23127	C23127	0603WAF9531T5E	UNI-ROYAL(Uniroyal Elec)	0603	expand	142815	0.0017	2026-09-26	
CERTIFIED	90.9k 1%	R_0603_1608Metric	B	3	15	C2930136	C2930136	FRC0603F9092TS	FOJAN	0603	expand	439799	0.0029	2026-09-26	
CERTIFIED	909R 1% (ILM: 1.0 A)	R_0603_1608Metric	A	1	5	C203878	C203878	CR0603-FX-9090ELF	BOURNS	0603	expand	24070	0.0067	2026-09-26	
CERTIFIED	91k 1%	R_0603_1608Metric	A	1	5	C23265	C23265	0603WAF9102T5E	UNI-ROYAL(Uniroyal Elec)	0603	expand	203083	0.0021	2026-09-26	
CERTIFIED	AO3400A 30 V N-FET, chemical fuse heater switch	SOT-23	P	1	5	C20917	C20917	AO3400A	Alpha & Omega Semicon	SOT-23	base	1069737	0.0845	2026-09-26	
CERTIFIED	AO3401A P-FET high side	SOT-23	C	5	25	C15127	C15127	AO3401A	Alpha & Omega Semicon	SOT-23	base	780554	0.0941	2026-09-26	
CERTIFIED	AO3401A P-FET: the e-paper's supply switch (EPD_PWR_n low = on)	SOT-23	C	3	15	C15127	C15127	AO3401A	Alpha & Omega Semicon	SOT-23	base	780554	0.0941	2026-09-26	
CERTIFIED	AP2112K-2.5 LDO: the switch's 2.5 V analog rail	SOT-23-5	B	1	5	C176945	C176945	AP2112K-2.5TRG1	Diodes Incorporated	SOT-25	expand	2950	0.1821	2026-09-26	
CERTIFIED	AP2112K-3.3 LDO: the private 3.3 V of controller A, its own branch off the device rail	SOT-23-5	B	1	5	C51118	C51118	AP2112K-3.3TRG1	Diodes Incorporated	SOT-25-5	expand	42752	0.1708	2026-09-26	
CERTIFIED	AP2112K-3.3 LDO: the private 3.3 V of controller B, its own branch off the device rail	SOT-23-5	B	1	5	C51118	C51118	AP2112K-3.3TRG1	Diodes Incorporated	SOT-25-5	expand	42752	0.1708	2026-09-26	
CERTIFIED	AP2112K-3.3 LDO: the private 3.3 V of controller C, its own branch off the device rail	SOT-23-5	B	1	5	C51118	C51118	AP2112K-3.3TRG1	Diodes Incorporated	SOT-25-5	expand	42752	0.1708	2026-09-26	
CERTIFIED	AP2112K-3.3 analog	SOT-23-5	D	1	5		C51118	AP2112K-3.3TRG1	Diodes Incorporated	SOT-25-5	expand	42752	0.1708	2026-09-26	
CERTIFIED	AP2112K-3.3 digital	SOT-23-5	D	1	5		C51118	AP2112K-3.3TRG1	Diodes Incorporated	SOT-25-5	expand	42752	0.1708	2026-09-26	
CERTIFIED	AP63203WU-7 3.3 V 2 A buck: the shared logic (+3V3_DEV)	TSOT-23-6	B	1	5	C780769	C780769	AP63203WU-7	Diodes Incorporated	TSOT-23-6	expand	21227	1.1774	2026-09-26	
CERTIFIED	AP63205WU-7 5 V 2 A buck for the controller, the Geiger module and the fans' logic	TSOT-23-6	E	3	15	C2071056	C2071056	AP63205WU-7	Diodes Incorporated	TSOT-23-6	expand	39753	0.4142	2026-09-26	
CERTIFIED	AP64500SP-13 5 A buck, 3.3 V rail +3V3_S1A	SOIC-8-1EP_3.9x4.9mm_P1.27mm_EP2.29x3mm	B	1	5	C2070920	C2070920	AP64500SP-13	Diodes Incorporated	SO-8-EP	expand	3354	1.7409	2026-09-26	
CERTIFIED	AP64500SP-13 5 A buck, 3.3 V rail +3V3_S1B	SOIC-8-1EP_3.9x4.9mm_P1.27mm_EP2.29x3mm	B	1	5	C2070920	C2070920	AP64500SP-13	Diodes Incorporated	SO-8-EP	expand	3354	1.7409	2026-09-26	
CERTIFIED	AP64500SP-13 5 A buck, 3.3 V rail +3V3_S2A	SOIC-8-1EP_3.9x4.9mm_P1.27mm_EP2.29x3mm	B	1	5	C2070920	C2070920	AP64500SP-13	Diodes Incorporated	SO-8-EP	expand	3354	1.7409	2026-09-26	
CERTIFIED	AP64500SP-13 5 A buck, 3.3 V rail +3V3_S2B	SOIC-8-1EP_3.9x4.9mm_P1.27mm_EP2.29x3mm	B	1	5	C2070920	C2070920	AP64500SP-13	Diodes Incorporated	SO-8-EP	expand	3354	1.7409	2026-09-26	
CERTIFIED	AP64500SP-13 5 A buck, 3.3 V rail +3V3_S3A	SOIC-8-1EP_3.9x4.9mm_P1.27mm_EP2.29x3mm	B	1	5	C2070920	C2070920	AP64500SP-13	Diodes Incorporated	SO-8-EP	expand	3354	1.7409	2026-09-26	
CERTIFIED	AP64500SP-13 5 A buck, 3.3 V rail +3V3_S3B	SOIC-8-1EP_3.9x4.9mm_P1.27mm_EP2.29x3mm	B	1	5	C2070920	C2070920	AP64500SP-13	Diodes Incorporated	SO-8-EP	expand	3354	1.7409	2026-09-26	
CERTIFIED	AP64500SP-13 5 A buck, 5.1 V rail +5V_DEV	SOIC-8-1EP_3.9x4.9mm_P1.27mm_EP2.29x3mm	A	2	10	C2070920	C2070920	AP64500SP-13	Diodes Incorporated	SO-8-EP	expand	3354	1.7409	2026-09-26	
CERTIFIED	AP64500SP-13 5 A buck, 5.1 V rail +5V_S1	SOIC-8-1EP_3.9x4.9mm_P1.27mm_EP2.29x3mm	A	2	10	C2070920	C2070920	AP64500SP-13	Diodes Incorporated	SO-8-EP	expand	3354	1.7409	2026-09-26	
CERTIFIED	AP64500SP-13 5 A buck, 5.1 V rail +5V_S2	SOIC-8-1EP_3.9x4.9mm_P1.27mm_EP2.29x3mm	A	2	10	C2070920	C2070920	AP64500SP-13	Diodes Incorporated	SO-8-EP	expand	3354	1.7409	2026-09-26	
CERTIFIED	AP64500SP-13 5 A buck, 5.1 V rail +5V_S3	SOIC-8-1EP_3.9x4.9mm_P1.27mm_EP2.29x3mm	A	2	10	C2070920	C2070920	AP64500SP-13	Diodes Incorporated	SO-8-EP	expand	3354	1.7409	2026-09-26	
CERTIFIED	ATECC608B-SSHDA-T secure element (I2C 0x60): keys behind ZEROIZE	SOIC-8_3.9x4.9mm_P1.27mm	B	1	5	C1518769	C1518769	ATECC608B-SSHDA-T	Microchip Tech	SOIC-8	expand	2346	0.9955	2026-09-26	
CERTIFIED	Amass XT60-M: the BB-2590/U pack cable BTA-70762-2 (pin 2, the pad nearer the fuse F3, is +; pin 1 is the return; the pack's own protection is inside it. E6 run 11: a 3 mm CELL+ track could not pass the return pad to reach pin 1)	AMASS_XT60-M_1x02_P7.20mm_Vertical	E	2	10	C98733	C98733	XT60-M.	Changzhou Amass Elec	-	expand	23821	0.3768	2026-09-26	
CERTIFIED	Amphenol 10164227-1004A1RLF receptacle A (CM5 pins 1-100, GPIO side); module CM5108064 8 GB 64 GB eMMC wireless, bench-fitted	CM5_Conn_A_10164227	B	3	15	C7435219	C7435219	10164227-1004A1RLF	Amphenol ICC	SMD,P=0.4mm	expand	1288	3.4607	2026-09-26	
CERTIFIED	Amphenol 10164227-1004A1RLF receptacle A, slot S1 (CM5 pins 1-100, GPIO side); module CM5108064 bench-fitted	CM5_Conn_A_10164227	B	1	5	C7435219	C7435219	10164227-1004A1RLF	Amphenol ICC	SMD,P=0.4mm	expand	1288	3.4607	2026-09-26	
CERTIFIED	Amphenol 10164227-1004A1RLF receptacle A, slot S2 (CM5 pins 1-100, GPIO side); module CM5108064 bench-fitted	CM5_Conn_A_10164227	B	1	5	C7435219	C7435219	10164227-1004A1RLF	Amphenol ICC	SMD,P=0.4mm	expand	1288	3.4607	2026-09-26	
CERTIFIED	Amphenol 10164227-1004A1RLF receptacle A, slot S3 (CM5 pins 1-100, GPIO side); module CM5108064 bench-fitted	CM5_Conn_A_10164227	B	1	5	C7435219	C7435219	10164227-1004A1RLF	Amphenol ICC	SMD,P=0.4mm	expand	1288	3.4607	2026-09-26	
CERTIFIED	Amphenol 10164227-1004A1RLF receptacle B (CM5 pins 101-200, high-speed side)	CM5_Conn_B_10164227	B	3	15	C7435219	C7435219	10164227-1004A1RLF	Amphenol ICC	SMD,P=0.4mm	expand	1288	3.4607	2026-09-26	
CERTIFIED	Amphenol 10164227-1004A1RLF receptacle B, slot S1 (CM5 pins 101-200, high-speed side)	CM5_Conn_B_10164227	B	1	5	C7435219	C7435219	10164227-1004A1RLF	Amphenol ICC	SMD,P=0.4mm	expand	1288	3.4607	2026-09-26	
CERTIFIED	Amphenol 10164227-1004A1RLF receptacle B, slot S2 (CM5 pins 101-200, high-speed side)	CM5_Conn_B_10164227	B	1	5	C7435219	C7435219	10164227-1004A1RLF	Amphenol ICC	SMD,P=0.4mm	expand	1288	3.4607	2026-09-26	
CERTIFIED	Amphenol 10164227-1004A1RLF receptacle B, slot S3 (CM5 pins 101-200, high-speed side)	CM5_Conn_B_10164227	B	1	5	C7435219	C7435219	10164227-1004A1RLF	Amphenol ICC	SMD,P=0.4mm	expand	1288	3.4607	2026-09-26	
CERTIFIED	BAT46W-7-F Schottky 100V (VIN blocking)	D_SOD-123	A	3	15	C83152	C83152	BAT46W-7-F	Diodes Incorporated	SOD-123	expand	110397	0.1279	2026-09-26	
CERTIFIED	BAT46W-7-F Schottky 100V (bootstrap)	D_SOD-123	A	14	70	C83152	C83152	BAT46W-7-F	Diodes Incorporated	SOD-123	expand	110397	0.1279	2026-09-26	
CERTIFIED	BAT54 boost diode INTVCC -> BOOST1	D_SOD-123	E	4	20	C7502705	C7502705	BAT54W	hongjiacheng	SOD-123	expand	154663	0.0109	2026-09-26	
CERTIFIED	BAT54 boost diode INTVCC -> BOOST2	D_SOD-123	E	4	20	C7502705	C7502705	BAT54W	hongjiacheng	SOD-123	expand	154663	0.0109	2026-09-26	
CERTIFIED	BAT54 lamp-test tie	D_SOD-123	C	5	25	C7502705	C7502705	BAT54W	hongjiacheng	SOD-123	expand	154663	0.0109	2026-09-26	
CERTIFIED	BC847 (PTT to the module)	SOT-23	D	3	15	C20069135	C20069135	BC847B	hongjiacheng	SOT-23	expand	128151	0.0132	2026-09-26	
CERTIFIED	BC847 (PTT2, spare)	SOT-23	D	3	15	C20069135	C20069135	BC847B	hongjiacheng	SOT-23	expand	128151	0.0132	2026-09-26	
CERTIFIED	BC857 (TR mirror from RADIO_PTT)	SOT-23	D	3	15	C556165	C556165	BC857B	Slkor(SLKORMICRO Elec.)	SOT-23	expand	74324	0.0087	2026-09-26	
CERTIFIED	BC857: LED_nPWR must be buffered (datasheet Table 4)	SOT-23	B	6	30	C556165	C556165	BC857B	Slkor(SLKORMICRO Elec.)	SOT-23	expand	74324	0.0087	2026-09-26	
CERTIFIED	BME688 inside climate: temperature, humidity, pressure, gas index (I2C 0x76)	Bosch_LGA-8_3x3mm_P0.8mm_ClockwisePinNumbering	E	3	15	C3664478	C3664478	BME688	Bosch Sensortec	SMD-8P	expand	705	11.7119	2026-09-26	
CERTIFIED	BMI270 six-axis IMU (I2C 0x68): shock and tilt log, motion wake	Bosch_LGA-14_3x2.5mm_P0.5mm	E	3	15	C2836813	C2836813	BMI270	Bosch Sensortec	LGA-14(2.5x3)	expand	3265	2.8419	2026-09-26	
CERTIFIED	BQ25731RSNR 1 to 5 cell buck-boost charger, 4S from the 20 V bus, I2C 0x6B	QFN-32-1EP_4x4mm_P0.4mm_EP2.65x2.65mm	A	2	10	C2871872	C2871872	BQ25731RSNR	Texas Instruments	QFN-32(4x4)	expand	1137	3.0222	2026-09-26	
CERTIFIED	BQ25792 1S charger from SHORE_12V (3 A set over ILIM_HIZ, 750 kHz, I2C 0x6B)	Texas_RQM0029A_QFN-29_4x4mm	A	3	15	C2862876	C2862876	BQ25792RQMR	Texas Instruments	QFN-29(4x4)	expand	3671	2.0283	2026-09-26	
CERTIFIED	BQ34Z100-G1 gauge (I2C 0x55, SCALED for 42 Ah, 3 mOhm shunt)	TSSOP-14_4.4x5mm_P0.65mm	A	3	15	C91302	C91302	BQ34Z100PWR-G1	Texas Instruments	TSSOP-14	expand	7226	2.6097	2026-09-26	
CERTIFIED	BQ4050RSMR: SMBus 1.1 gas gauge, primary protection, 4S balancing (SLUSC67B), RSM0032A VQFN 4x4 0.4 mm	Texas_RSM0032A_VQFN-32-1EP_4x4mm_P0.4mm_EP1.4x1.4mm	P	1	5	C157570	C157570	BQ4050RSMR	Texas Instruments	VQFN-32-EP(4x4)	expand	15945	1.2391	2026-09-26	
CERTIFIED	BSC028N06NS 60 V 2.8 mOhm N-FET, M1 buck top (TDSON-8: 1-3 S, 4 G, 5-8 D)	TDSON-8-1	E	4	20	C148250	C148250	BSC028N06NS	Infineon Technologies	TDSON-8(5x6)	expand	19852	1.218	2026-09-26	
CERTIFIED	BSC028N06NS 60 V N-FET, M3 boost bottom	TDSON-8-1	E	4	20	C148250	C148250	BSC028N06NS	Infineon Technologies	TDSON-8(5x6)	expand	19852	1.218	2026-09-26	
CERTIFIED	BSC039N06NS 60 V 3.9 mOhm N-FET (PG-TDSON-8: 1-3 S, 4 G, 5-8 D)	TDSON-8-1	E	8	40	C534330	C534330	BSC039N06NS	Infineon Technologies	TDSON-8(5x6)	expand	1157	1.2164	2026-09-26	
CERTIFIED	BSC039N06NS 60 V N-FET, M2 buck bottom	TDSON-8-1	E	4	20	C534330	C534330	BSC039N06NS	Infineon Technologies	TDSON-8(5x6)	expand	1157	1.2164	2026-09-26	
CERTIFIED	BSC039N06NS 60 V N-FET, M4 boost top	TDSON-8-1	E	4	20	C534330	C534330	BSC039N06NS	Infineon Technologies	TDSON-8(5x6)	expand	1157	1.2164	2026-09-26	
CERTIFIED	BZT52C12-7-F zener, the restart guard's pull-up clamp	D_SOD-123	A	1	5	C124196	C124196	BZT52C12-7-F	Diodes Incorporated	SOD-123	expand	9076	0.0645	2026-09-26	
CERTIFIED	CP2102N-A02-GQFN28 USB-UART bridge (GNSS)	QFN-28-1EP_5x5mm_P0.5mm_EP3.35x3.35mm	B	1	5	C964632	C964632	CP2102N-A02-GQFN28R	SKYWORKS/SILICON LABS	QFN-28-EP(5x5)	expand	42888	1.827	2026-09-26	
CERTIFIED	CP2102N-A02-GQFN28 USB-UART bridge (RB)	QFN-28-1EP_5x5mm_P0.5mm_EP3.35x3.35mm	B	1	5	C964632	C964632	CP2102N-A02-GQFN28R	SKYWORKS/SILICON LABS	QFN-28-EP(5x5)	expand	42888	1.827	2026-09-26	
CERTIFIED	CP2102N-A02-GQFN28 USB-UART bridge (SAU)	QFN-28-1EP_5x5mm_P0.5mm_EP3.35x3.35mm	D	4	20	C964632	C964632	CP2102N-A02-GQFN28R	SKYWORKS/SILICON LABS	QFN-28-EP(5x5)	expand	42888	1.827	2026-09-26	
CERTIFIED	CP2102N-A02-GQFN28 USB-UART bridge (ZBA)	QFN-28-1EP_5x5mm_P0.5mm_EP3.35x3.35mm	B	1	5	C964632	C964632	CP2102N-A02-GQFN28R	SKYWORKS/SILICON LABS	QFN-28-EP(5x5)	expand	42888	1.827	2026-09-26	
CERTIFIED	CP2102N-A02-GQFN28 USB-UART bridge (ZBB)	QFN-28-1EP_5x5mm_P0.5mm_EP3.35x3.35mm	B	1	5	C964632	C964632	CP2102N-A02-GQFN28R	SKYWORKS/SILICON LABS	QFN-28-EP(5x5)	expand	42888	1.827	2026-09-26	
CERTIFIED	CSD17570Q5B 30 V N-FET, charge switch	PowerPAK_SO-8_Single	P	4	20	C529279	C529279	CSD17570Q5B	Texas Instruments	SON-8(5x6)	expand	111	1.8383	2026-09-26	
CERTIFIED	CSD17570Q5B 30 V N-FET, discharge switch	PowerPAK_SO-8_Single	P	4	20	C529279	C529279	CSD17570Q5B	Texas Instruments	SON-8(5x6)	expand	111	1.8383	2026-09-26	
CERTIFIED	CSD18510Q5B 40 V N-FET	PowerPAK_SO-8_Single	A	18	90	C2876544	C2876544	CSD18510Q5B	Texas Instruments	VSON-8(5x6)	expand	838	1.3966	2026-09-26	
CERTIFIED	CSD18510Q5B 40 V N-FET (VBUS switch)	PowerPAK_SO-8_Single	A	2	10	C2876544	C2876544	CSD18510Q5B	Texas Instruments	VSON-8(5x6)	expand	838	1.3966	2026-09-26	
CERTIFIED	CSD19532Q5B 100 V N-FET (4.6 mOhm at VGS 6 V, PowerPAK SO-8 / SON-8 5x6)	PowerPAK_SO-8_Single	A	24	120	C473333	C473333	CSD19532Q5B	Texas Instruments	SON-8(5x6)	expand	2745	2.1339	2026-09-26	
CERTIFIED	CSD19532Q5B 100 V N-FET (4.6 mOhm at VGS 6 V, PowerPAK SO-8 / SON-8 5x6), PoE port switch (1-3 source, 4 gate, 5 drain tab)	PowerPAK_SO-8_Single	B	1	5	C473333	C473333	CSD19532Q5B	Texas Instruments	SON-8(5x6)	expand	2745	2.1339	2026-09-26	
CERTIFIED	CSD19532Q5B 100 V N-FET (4.6 mOhm at VGS 6 V, PowerPAK SO-8 / SON-8 5x6), hot-swap pass	PowerPAK_SO-8_Single	E	2	10	C473333	C473333	CSD19532Q5B	Texas Instruments	SON-8(5x6)	expand	2745	2.1339	2026-09-26	
CERTIFIED	CSD19532Q5B 100 V N-FET (the VBUS20 bleed switch)	PowerPAK_SO-8_Single	A	1	5	C473333	C473333	CSD19532Q5B	Texas Instruments	SON-8(5x6)	expand	2745	2.1339	2026-09-26	
CERTIFIED	D8 mezzanine 5 V (JST-VH): + -	JST_VH_B2P-VH_1x02_P3.96mm_Vertical	A	1	5	C274411	C274411	B2P-VH-BL(LF)(SN)	JST	Plugin,P=3.96mm	expand	45436	0.0886	2026-09-26	
CERTIFIED	Diodes PI7C9X2G404SL PCIe 2.0 switch, slot S1: up = CM5 lane, port 1 NVMe, port 2 card socket	LQFP-128_14x14mm_P0.4mm_EP6.0	B	1	5	C500767	C500767	PI7C9X2G404SLBFDEX	Diodes Incorporated	LQFP-128-EP(14x14)	expand	2770	7.8047	2026-09-26	
CERTIFIED	Diodes PI7C9X2G404SL PCIe 2.0 switch, slot S2: up = CM5 lane, port 1 NVMe, port 2 card socket	LQFP-128_14x14mm_P0.4mm_EP6.0	B	1	5	C500767	C500767	PI7C9X2G404SLBFDEX	Diodes Incorporated	LQFP-128-EP(14x14)	expand	2770	7.8047	2026-09-26	
CERTIFIED	Diodes PI7C9X2G404SL PCIe 2.0 switch, slot S3: up = CM5 lane, port 1 NVMe, port 2 card socket	LQFP-128_14x14mm_P0.4mm_EP6.0	B	1	5	C500767	C500767	PI7C9X2G404SLBFDEX	Diodes Incorporated	LQFP-128-EP(14x14)	expand	2770	7.8047	2026-09-26	
CERTIFIED	Ebyte E22-900M30S 1 W LoRa (SX1262) on S3 SPI0 CE1: TXEN GPIO4, RXEN GPIO5, DIO1 GPIO24, BUSY GPIO23, NRST GPIO26; EU power cap in meshtasticd	Ebyte_E22-900M30S	B	1	5	C411294	C411294	E22-900M30S	Chengdu Ebyte Elec Tech	SMD,38.5x24mm	expand	551	7.1811	2026-09-26	
CERTIFIED	HDMI type A receptacle (Molex 208658-1001): cable to the Xenarc 709GNK pass-through on the face plate	HDMI_A_Molex_208658-1001_Horizontal	B	1	5	C916313	C916313	2086581001	MOLEX	SMD	expand	4823	1.5184	2026-09-26	
CERTIFIED	HDMI type A receptacle (Molex 208658-1001): cable to the monitor pass-through on the face plate	HDMI_A_Molex_208658-1001_Horizontal	B	1	5	C916313	C916313	2086581001	MOLEX	SMD	expand	4823	1.5184	2026-09-26	
CERTIFIED	INA226 PA rail monitor (0x46)	VSSOP-10_3x3mm_P0.5mm	A	2	10	C49851	C49851	INA226AIDGSR	Texas Instruments	VSSOP-10	expand	51080	0.7536	2026-09-26	
CERTIFIED	INA226 PoE rail monitor (0x47)	VSSOP-10_3x3mm_P0.5mm	A	2	10	C49851	C49851	INA226AIDGSR	Texas Instruments	VSSOP-10	expand	51080	0.7536	2026-09-26	
CERTIFIED	INA226 rail monitor +5V_DEV	VSSOP-10_3x3mm_P0.5mm	A	2	10	C49851	C49851	INA226AIDGSR	Texas Instruments	VSSOP-10	expand	51080	0.7536	2026-09-26	
CERTIFIED	INA226 rail monitor +5V_S1	VSSOP-10_3x3mm_P0.5mm	A	2	10	C49851	C49851	INA226AIDGSR	Texas Instruments	VSSOP-10	expand	51080	0.7536	2026-09-26	
CERTIFIED	INA226 rail monitor +5V_S2	VSSOP-10_3x3mm_P0.5mm	A	2	10	C49851	C49851	INA226AIDGSR	Texas Instruments	VSSOP-10	expand	51080	0.7536	2026-09-26	
CERTIFIED	INA226 rail monitor +5V_S3	VSSOP-10_3x3mm_P0.5mm	A	2	10	C49851	C49851	INA226AIDGSR	Texas Instruments	VSSOP-10	expand	51080	0.7536	2026-09-26	
CERTIFIED	IP68 cooler fan of S1 (JST-SH 1.0): 5V GND TACHO PWM	JST_SH_BM04B-SRSS-TB_1x04-1MP_P1.00mm_Vertical	B	1	5	C160390	C160390	BM04B-SRSS-TB(LF)(SN)	JST	SMD,P=1mm	expand	56536	0.2527	2026-09-26	
CERTIFIED	IP68 cooler fan of S2 (JST-SH 1.0): 5V GND TACHO PWM	JST_SH_BM04B-SRSS-TB_1x04-1MP_P1.00mm_Vertical	B	1	5	C160390	C160390	BM04B-SRSS-TB(LF)(SN)	JST	SMD,P=1mm	expand	56536	0.2527	2026-09-26	
CERTIFIED	IP68 cooler fan of S3 (JST-SH 1.0): 5V GND TACHO PWM	JST_SH_BM04B-SRSS-TB_1x04-1MP_P1.00mm_Vertical	B	1	5	C160390	C160390	BM04B-SRSS-TB(LF)(SN)	JST	SMD,P=1mm	expand	56536	0.2527	2026-09-26	
CERTIFIED	JST-PH 1x4 socket: spare hub port 3, 5V D- D+ GND (the lead is made up at build)	JST_PH_B4B-PH-K_1x04_P2.00mm_Vertical	D	1	5	C131334	C131334	B4B-PH-K-S(LF)(SN)	JST	Plugin,P=2mm	expand	124080	0.0454	2026-09-26	
CERTIFIED	JST-PH 1x4 socket: the Glenair 233-370 USB host feed-through lead (VBUS D- D+ GND), B16 bank 3 hub port 3	JST_PH_B4B-PH-K_1x04_P2.00mm_Vertical	A	1	5	C131334	C131334	B4B-PH-K-S(LF)(SN)	JST	Plugin,P=2mm	expand	123849	0.0454	2026-09-26	
CERTIFIED	JST-PH 1x4 socket: the wall USB-C data pair to B16 passes here on the ribbon, this is the pigtail's data side (D+ D- GND GND)	JST_PH_B4B-PH-K_1x04_P2.00mm_Vertical	A	1	5	C131334	C131334	B4B-PH-K-S(LF)(SN)	JST	Plugin,P=2mm	expand	124080	0.0454	2026-09-26	
CERTIFIED	JST-PH 1x5 socket: headset 1, SPK GND MIC GND PTT (the lead runs to the face plate U-174/U jack)	JST_PH_B5B-PH-K_1x05_P2.00mm_Vertical	D	1	5	C157993	C157993	B5B-PH-K-S(LF)(SN)	JST	Plugin,P=2mm	expand	161963	0.0541	2026-09-26	
CERTIFIED	JST-PH 1x5 socket: headset 2, SPK GND MIC GND PTT (the lead runs to the face plate U-174/U jack)	JST_PH_B5B-PH-K_1x05_P2.00mm_Vertical	D	1	5	C157993	C157993	B5B-PH-K-S(LF)(SN)	JST	Plugin,P=2mm	expand	161963	0.0541	2026-09-26	
CERTIFIED	JST-VH socket, 10 A: 5 V from A22 J_MEZZ_PWR1 (behind A22's 2 A eFuse U23): + -	JST_VH_B2P-VH_1x02_P3.96mm_Vertical	D	1	5	C274411	C274411	B2P-VH-BL(LF)(SN)	JST	Plugin,P=3.96mm	expand	45436	0.0886	2026-09-26	
CERTIFIED	JST-VH socket, 10 A: 5 V slot rail S1 from A22 J_5V_S1, 16 AWG lead: + -	JST_VH_B2P-VH_1x02_P3.96mm_Vertical	B	1	5	C274411	C274411	B2P-VH-BL(LF)(SN)	JST	Plugin,P=3.96mm	expand	45436	0.0886	2026-09-26	
CERTIFIED	JST-VH socket, 10 A: 5 V slot rail S2 from A22 J_5V_S2, 16 AWG lead: + -	JST_VH_B2P-VH_1x02_P3.96mm_Vertical	B	1	5	C274411	C274411	B2P-VH-BL(LF)(SN)	JST	Plugin,P=3.96mm	expand	45436	0.0886	2026-09-26	
CERTIFIED	JST-VH socket, 10 A: 5 V slot rail S3 from A22 J_5V_S3, 16 AWG lead: + -	JST_VH_B2P-VH_1x02_P3.96mm_Vertical	B	1	5	C274411	C274411	B2P-VH-BL(LF)(SN)	JST	Plugin,P=3.96mm	expand	45436	0.0886	2026-09-26	
CERTIFIED	JST-VH socket, 10 A: 54 V PoE feed from A22 J_54V: + -	JST_VH_B2P-VH_1x02_P3.96mm_Vertical	B	1	5	C274411	C274411	B2P-VH-BL(LF)(SN)	JST	Plugin,P=3.96mm	expand	45436	0.0886	2026-09-26	
CERTIFIED	JST-VH socket, 10 A: USB device rail from A22 J_5V_DEV: + -	JST_VH_B2P-VH_1x02_P3.96mm_Vertical	B	1	5	C274411	C274411	B2P-VH-BL(LF)(SN)	JST	Plugin,P=3.96mm	expand	45436	0.0886	2026-09-26	
CERTIFIED	JST-VH socket, 10 A: bare panel in (lead from the D38999 spare pair; a 36-cell 12 V class panel, up to about 22 V open circuit, 100 W): + -	JST_VH_B2P-VH_1x02_P3.96mm_Vertical	E	2	10	C274411	C274411	B2P-VH-BL(LF)(SN)	JST	Plugin,P=3.96mm	expand	45436	0.0886	2026-09-26	
CERTIFIED	JST-VH socket, 10 A: vehicle and shore DC in 9 to 36 V (lead from the D38999 wall receptacle DC pair): + -	JST_VH_B2P-VH_1x02_P3.96mm_Vertical	E	2	10	C274411	C274411	B2P-VH-BL(LF)(SN)	JST	Plugin,P=3.96mm	expand	45436	0.0886	2026-09-26	
CERTIFIED	LM5069MM-2 hot-swap controller: 9 V on, 40 V off, current and power limit	VSSOP-10_3x3mm_P0.5mm	E	3	15	C111822	C111822	LM5069MM-2/NOPB	Texas Instruments	VSSOP-10-0.5mm	expand	6684	5.1447	2026-09-26	
CERTIFIED	LM5176PWPR buck-boost controller, +12V_HF from VBAT	HTSSOP-28-1EP_4.4x9.7mm_P0.65mm_EP2.85x5.4mm	A	2	10	C442493	C442493	LM5176PWPR	Texas Instruments	HTSSOP-28-EP	expand	12309	3.8504	2026-09-26	
CERTIFIED	LM5176PWPR buck-boost controller, +13V8_PA from VBAT	HTSSOP-28-1EP_4.4x9.7mm_P0.65mm_EP2.85x5.4mm	A	2	10	C442493	C442493	LM5176PWPR	Texas Instruments	HTSSOP-28-EP	expand	12309	3.8504	2026-09-26	
CERTIFIED	LM5176PWPR buck-boost controller, +54V_POE from VBAT	HTSSOP-28-1EP_4.4x9.7mm_P0.65mm_EP2.85x5.4mm	A	2	10	C442493	C442493	LM5176PWPR	Texas Instruments	HTSSOP-28-EP	expand	12309	3.8504	2026-09-26	
CERTIFIED	LM5176PWPR buck-boost controller, +5V_DEV from VBAT	HTSSOP-28-1EP_4.4x9.7mm_P0.65mm_EP2.85x5.4mm	A	1	5	C442493	C442493	LM5176PWPR	Texas Instruments	HTSSOP-28-EP	expand	12309	3.8504	2026-09-26	
CERTIFIED	LM5176PWPR buck-boost controller, +5V_S2 from VBAT	HTSSOP-28-1EP_4.4x9.7mm_P0.65mm_EP2.85x5.4mm	A	1	5	C442493	C442493	LM5176PWPR	Texas Instruments	HTSSOP-28-EP	expand	12309	3.8504	2026-09-26	
CERTIFIED	LM5176PWPR buck-boost controller, PD_VPWR from VBAT	HTSSOP-28-1EP_4.4x9.7mm_P0.65mm_EP2.85x5.4mm	A	2	10	C442493	C442493	LM5176PWPR	Texas Instruments	HTSSOP-28-EP	expand	12309	3.8504	2026-09-26	
CERTIFIED	LM5176PWPR buck-boost controller, VBUS20 from VIN_RAW	HTSSOP-28-1EP_4.4x9.7mm_P0.65mm_EP2.85x5.4mm	A	2	10	C442493	C442493	LM5176PWPR	Texas Instruments	HTSSOP-28-EP	expand	12309	3.8504	2026-09-26	
CERTIFIED	LM74700-Q1 ideal-diode controller: 1 VCAP 2 GND 3 EN 4 CATHODE 5 GATE 6 ANODE	SOT-23-6	E	10	50	C2941042	C2941042	LM74700QDBVRQ1	Texas Instruments	SOT-23-6	expand	2312	1.7182	2026-09-26	
CERTIFIED	LTC2954CTS8-1 push-button on/off controller	TSOT-23-8	A	5	25	C683782	C683782	LTC2954CTS8-1#TRPBF	Analog Devices	TSOT-23-8	expand	2330	6.6289	2026-09-26	
CERTIFIED	M.2 B-key 3052 socket, TE 2199119-3, M2.5 standoff: Quectel RM520N-GL 5G module (PCIe or USB 2.0; pigtails from the module's ANT0, ANT2 and, subject to D-08, ANT3 to board A's 5G jacks)	M2_B-Key_Socket_3052	B	1	5	C590866	C590866	2199119-3	TE Connectivity	SMD,P=0.5mm	expand	1427	1.8221	2026-09-26	
CERTIFIED	M.2 E-key 2230 socket, TE 2199230-4, M2.5 standoff: AsiaRF AW7915-AED WiFi 6 link card (two MHF4 leads to A22's P2P jacks)	M2_E-Key_Socket_2230	B	1	5	C2977809	C2977809	2199230-4	TE Connectivity	SMD,P=0.5mm,Surface Mount，Right Angle	expand	6491	1.7117	2026-09-26	
CERTIFIED	M.2 E-key 2230 socket, TE 2199230-4, M2.5 standoff: the second AsiaRF AW7915-AED (two MHF4 leads to the antenna changeover U82 and U83)	M2_E-Key_Socket_2230	B	1	5	C2977809	C2977809	2199230-4	TE Connectivity	SMD,P=0.5mm,Surface Mount，Right Angle	expand	6491	1.7117	2026-09-26	
CERTIFIED	M.2 M-key 2242 socket, Amphenol MDT420M02001, M2.5 standoff: NVMe drive of slot S1 (k3s replicated storage)	M2_M-Key_Socket_2242	B	1	5	C2927698	C2927698	MDT420M02001	Amphenol ICC	SMD,P=0.5mm	expand	7153	1.5753	2026-09-26	
CERTIFIED	M.2 M-key 2242 socket, Amphenol MDT420M02001, M2.5 standoff: NVMe drive of slot S2 (k3s replicated storage)	M2_M-Key_Socket_2242	B	1	5	C2927698	C2927698	MDT420M02001	Amphenol ICC	SMD,P=0.5mm	expand	7153	1.5753	2026-09-26	
CERTIFIED	M.2 M-key 2242 socket, Amphenol MDT420M02001, M2.5 standoff: NVMe drive of slot S3 (k3s replicated storage)	M2_M-Key_Socket_2242	B	1	5	C2927698	C2927698	MDT420M02001	Amphenol ICC	SMD,P=0.5mm	expand	7153	1.5753	2026-09-26	
CERTIFIED	Microchip KSZ9897RTXI seven-port Gigabit switch: ports 1-3 the CM5 slots (PHY to PHY), port 4 the wall RJ45; I2C management on the kit bus	TQFP-128_14x14mm_P0.4mm_EP10.0	B	1	5	C638299	C638299	KSZ9897RTXI	Microchip Tech	TQFP-128(14x14)	expand	200	18.3115	2026-09-26	
CERTIFIED	PCA9536 4-bit I2C expander 0x41: 0 PTT, 1 PTT2 (spare), 2 SPKEN, 3 status LED; a gpiochip for Direwolf's PTT	SOIC-8_3.9x4.9mm_P1.27mm	D	1	5		C2688883	PCA9536D,118	NXP Semicon	SO-8	expand	2813	1.0637	2026-09-26	
CERTIFIED	PCA9555PW (0x21): enables and status	TSSOP-24_4.4x7.8mm_P0.65mm	A	2	10	C2864778	C2864778	PCA9555PWR	Texas Instruments	TSSOP-24	expand	12871	1.2375	2026-09-26	
CERTIFIED	PCA9555PW (0x24): power-good lines, spares	TSSOP-24_4.4x7.8mm_P0.65mm	A	2	10	C2864778	C2864778	PCA9555PWR	Texas Instruments	TSSOP-24	expand	12871	1.2375	2026-09-26	
CERTIFIED	PCA9555PW 0x20: outputs (switch reset, rail enables, module radio disables, 5G control)	TSSOP-24_4.4x7.8mm_P0.65mm	B	1	5	C2864778	C2864778	PCA9555PWR	Texas Instruments	TSSOP-24	expand	12871	1.2375	2026-09-26	
CERTIFIED	PCA9555PW 0x20: outputs (switch reset, rail enables, module radio off requests into the EMCON gates, 5G control)	TSSOP-24_4.4x7.8mm_P0.65mm	B	1	5	C2864778	C2864778	PCA9555PWR	Texas Instruments	TSSOP-24	expand	12871	1.2375	2026-09-26	
CERTIFIED	PCA9555PW 0x22: LED sinks, light mode inputs	TSSOP-24_4.4x7.8mm_P0.65mm	C	3	15	C2864778	C2864778	PCA9555PWR	Texas Instruments	TSSOP-24	expand	12871	1.2375	2026-09-26	
CERTIFIED	PCA9555PW 0x23: LED sinks, the battery bar, lamp test	TSSOP-24_4.4x7.8mm_P0.65mm	C	3	15	C2864778	C2864778	PCA9555PWR	Texas Instruments	TSSOP-24	expand	12871	1.2375	2026-09-26	
CERTIFIED	PCA9555PW 0x25: inputs (faults, RockBLOCK status) and spares	TSSOP-24_4.4x7.8mm_P0.65mm	B	1	5	C2864778	C2864778	PCA9555PWR	Texas Instruments	TSSOP-24	expand	12871	1.2375	2026-09-26	
CERTIFIED	PCA9555PW 0x26: COS, PTT states, KEY, PA_KEY in; exciter PD, amplifier EN, codec mute out; eight spares	TSSOP-24_4.4x7.8mm_P0.65mm	D	4	20	C2864778	C2864778	PCA9555PWR	Texas Instruments	TSSOP-24	expand	12871	1.2375	2026-09-26	
CERTIFIED	PESD12VL1BA bidirectional ESD clamp at the jack: headset 1 microphone, above the electret bias	D_SOD-323	D	1	5	C38558	C38558	PESD12VL1BA,115	Nexperia	SOD-323	expand	18920	0.3013	2026-09-26	
CERTIFIED	PESD12VL1BA bidirectional ESD clamp at the jack: headset 2 microphone, above the electret bias	D_SOD-323	D	1	5	C38558	C38558	PESD12VL1BA,115	Nexperia	SOD-323	expand	18920	0.3013	2026-09-26	
CERTIFIED	PESD5V0S1BA (SMBC ESD clamp to the pack side of the shunt)	D_SOD-323	P	1	5	C19224	C19224	PESD5V0S1BA,115	Nexperia	SOD-323	expand	38407	0.0856	2026-09-26	
CERTIFIED	PESD5V0S1BA (SMBD ESD clamp to the pack side of the shunt)	D_SOD-323	P	1	5	C19224	C19224	PESD5V0S1BA,115	Nexperia	SOD-323	expand	38407	0.0856	2026-09-26	
CERTIFIED	PESD5V0S1BA bidirectional ESD clamp at the jack: headset 1 push to talk	D_SOD-323	D	1	5	C19224	C19224	PESD5V0S1BA,115	Nexperia	SOD-323	expand	38407	0.0856	2026-09-26	
CERTIFIED	PESD5V0S1BA bidirectional ESD clamp at the jack: headset 1 speaker	D_SOD-323	D	1	5	C19224	C19224	PESD5V0S1BA,115	Nexperia	SOD-323	expand	38407	0.0856	2026-09-26	
CERTIFIED	PESD5V0S1BA bidirectional ESD clamp at the jack: headset 2 push to talk	D_SOD-323	D	1	5	C19224	C19224	PESD5V0S1BA,115	Nexperia	SOD-323	expand	38407	0.0856	2026-09-26	
CERTIFIED	PESD5V0S1BA bidirectional ESD clamp at the jack: headset 2 speaker	D_SOD-323	D	1	5	C19224	C19224	PESD5V0S1BA,115	Nexperia	SOD-323	expand	38407	0.0856	2026-09-26	
CERTIFIED	PRF15BB103RB6RC chip PTC 10k, 4.7M at 130 C (Murata): the BQ4050 PTC element beside Q1 and Q2	R_0402_1005Metric	P	1	5	C443668	C443668	PRF15BB103RB6RC	Murata Electronics	0402	expand	5388	0.1262	2026-09-26	
CERTIFIED	Pulse H5007NL 1000BASE-T magnetics (switch port 4 to the wall RJ45)	Pulse_H5007NL	B	1	5	C6384935	C6384935	H5007NL	Pulse Elec	SMD-24P,17.5x12.2mm	expand	306	1.749	2026-09-26	
CERTIFIED	Quectel LG290P03AAMD GNSS RTK module: UART1 to the bridge, 1PPS to every slot, active antenna on the west-wall GNSS jack	Quectel_LG290P	B	1	5	C29781241	C29781241	LG290P03AAMD	Quectel	SMD	expand	73	86.0652	2026-09-26	
CERTIFIED	RP2040 panel controller (USB device on B16's slot-1 hub, the kit I2C master)	QFN-56-1EP_7x7mm_P0.4mm_EP3.2x3.2mm	C	2	10	C2040	C2040	RP2040	Raspberry Pi	LQFN-56(7x7)	expand	72890	0.9874	2026-09-26	
CERTIFIED	RP2040 panel controller (USB device on B16's slot-2 hub, the kit I2C master)	QFN-56-1EP_7x7mm_P0.4mm_EP3.2x3.2mm	C	1	5	C2040	C2040	RP2040	Raspberry Pi	LQFN-56(7x7)	expand	72890	0.9874	2026-09-26	
CERTIFIED	RP2040 sensor controller (USB to B16 through the dock)	QFN-56-1EP_7x7mm_P0.4mm_EP3.2x3.2mm	E	3	15	C2040	C2040	RP2040	Raspberry Pi	LQFN-56(7x7)	expand	72890	0.9874	2026-09-26	
CERTIFIED	SC16IS740IPW I2C-to-UART bridge 0x48, 24 MHz external clock on XTAL1	TSSOP-16_4.4x5mm_P0.65mm	D	1	5		C407851	SC16IS740IPW,128	NXP Semicon	TSSOP-16	expand	546	4.7777	2026-09-26	
CERTIFIED	SGP41-D-R4 VOC and NOx gas sensor, battery-bay air (I2C 0x59; DFN-6: 1 VDD 2 VSS 3 SDA 4 n/a to GND 5 VDDH 6 SCL, 7 die pad GND)	Sensirion_DFN-6-1EP_2.44x2.44mm_P0.8mm_EP1.25x1.7mm	E	1	5	C3659325	C3659325	SGP41-D-R4	Sensirion	DFN-6(2.4x2.4)	expand	2567	8.9495	2026-09-26	
CERTIFIED	SKY13351-378LF SPDT antenna changeover, chain A: OUTPUT1 the slot 1 card, OUTPUT2 the slot 3 card	Skyworks_SKY13351_MLPD-6_1x1mm	B	1	5	C129189	C129189	SKY13351-378LF	Skyworks Solutions	DFN-6-EP(1x1)	expand	16960	0.7211	2026-09-26	
CERTIFIED	SKY13351-378LF SPDT antenna changeover, chain B: OUTPUT1 the slot 1 card, OUTPUT2 the slot 3 card	Skyworks_SKY13351_MLPD-6_1x1mm	B	1	5	C129189	C129189	SKY13351-378LF	Skyworks Solutions	DFN-6-EP(1x1)	expand	16960	0.7211	2026-09-26	
CERTIFIED	SMA jack: PA output (coax from the RA30H1317M1 output on the plate)	SMA_Amphenol_132134_Vertical	D	1	5	C3174425	C3174425	132134	Amphenol ICC	Plugin	expand	1654	4.4935	2026-09-26	
CERTIFIED	SMA jack: antenna pigtail to A22's VHF jack J_RF1	SMA_Amphenol_132134_Vertical	D	1	5	C3174425	C3174425	132134	Amphenol ICC	Plugin	expand	1654	4.4935	2026-09-26	
CERTIFIED	SMBJ18A (VBUS clamp at the outlet)	D_SMB	A	2	10	C151256	C151256	SMBJ18A	Littelfuse	DO-214AA	expand	6486	0.1477	2026-09-26	
CERTIFIED	SMBJ20A	D_SMB	P	4	20	C364296	C364296	SMBJ20A	MDD(Microdiode Semiconductor)	DO-214AA(SMB)	expand	165282	0.0571	2026-09-26	
CERTIFIED	SMBJ20A (pack terminal clamp, unidirectional: cathode on PACK_P)	D_SMB	P	1	5	C364296	C364296	SMBJ20A	MDD(Microdiode Semiconductor)	DO-214AA(SMB)	expand	165282	0.0571	2026-09-26	
CERTIFIED	SMBJ5.0A	D_SMB	A,B,D	28	140	C113974	C113974	SMBJ5.0A	MDD(Microdiode Semiconductor)	DO-214AA(SMB)	expand	187816	0.0585	2026-09-26	
CERTIFIED	SMBJ58A	D_SMB	B	1	5	C135085	C135085	SMBJ58A-13-F	Diodes Incorporated	SMB	expand	33649	0.2761	2026-09-26	
CERTIFIED	SMBJ6.0A (6.0 V standoff on the 5.09 V mezzanine rail)	D_SMB	D	1	5	C83270	C83270	SMBJ6.0A	Littelfuse	DO-214AA	expand	5470	0.1688	2026-09-26	
CERTIFIED	SMBJ6.0A (6.0 V standoff on the 5.1 V slot rail)	D_SMB	B	3	15	C83270	C83270	SMBJ6.0A	Littelfuse	DO-214AA	expand	5470	0.1688	2026-09-26	
CERTIFIED	SMCJ15A	D_SMC	E	1	5	C42371550	C42371550	SMCJ15A	hongjiacheng	SMC(DO-214AB)	expand	5664	0.1269	2026-09-26	
CERTIFIED	SMCJ18A (VBAT clamp)	D_SMC	A	1	5	C374030	C374030	SMCJ18A	Littelfuse	DO-214AB	expand	860	0.3518	2026-09-26	
CERTIFIED	SMCJ18A (pack node clamp)	D_SMC	E	3	15	C151906	C151906	SMCJ18A	BORN	SMC(DO-214AB)	expand	6990	0.192	2026-09-26	
CERTIFIED	SMCJ18A (pack node clamp, unidirectional: cathode on CELL_F)	D_SMC	E	1	5	C374030	C374030	SMCJ18A	Littelfuse	DO-214AB	expand	855	0.3518	2026-09-26	
CERTIFIED	SMCJ28A (panel surge: 28 V standoff, conducting from 31.1 V, below the 35 V bulk capacitors; unidirectional, cathode on PV_P)	D_SMC	E	1	5	C224047	C224047	SMCJ28A	Littelfuse	DO-214AB	expand	5900	0.2985	2026-09-26	
CERTIFIED	SMCJ33A (VIN_RAW clamp behind E6's filter)	D_SMC	A	1	5	C42371548	C42371548	SMCJ33A	hongjiacheng	SMC(DO-214AB)	expand	50942	0.1386	2026-09-26	
CERTIFIED	SMCJ33A (bus clamp)	D_SMC	E	3	15	C42371548	C42371548	SMCJ33A	hongjiacheng	SMC(DO-214AB)	expand	50942	0.1386	2026-09-26	
CERTIFIED	SMCJ33A (input surge, datasheet 50 V 100 ms)	D_SMC	E	4	20	C42371548	C42371548	SMCJ33A	hongjiacheng	SMC(DO-214AB)	expand	50942	0.1386	2026-09-26	
CERTIFIED	SMCJ33A (panel surge)	D_SMC	E	4	20	C42371548	C42371548	SMCJ33A	hongjiacheng	SMC(DO-214AB)	expand	50942	0.1386	2026-09-26	
CERTIFIED	SMCJ40A (VIN_RAW clamp behind E6's filter: 40 V standoff on a line specified to 36)	D_SMC	A	1	5	C224052	C224052	SMCJ40A	Littelfuse	DO-214AB	expand	3941	0.2651	2026-09-26	
CERTIFIED	SMCJ40A (bus clamp: 40 V standoff on the 9 to 36 V bus; unidirectional, cathode on VIN_RAW)	D_SMC	E	1	5	C224052	C224052	SMCJ40A	Littelfuse	DO-214AB	expand	3941	0.2651	2026-09-26	
CERTIFIED	SMCJ40A (input surge: 40 V standoff on a line specified to 36 V, clamping 64.5 V; unidirectional, cathode on DC_P)	D_SMC	E	1	5	C224052	C224052	SMCJ40A	Littelfuse	DO-214AB	expand	3941	0.2651	2026-09-26	
CERTIFIED	SMCJ40CA (bidirectional, Littelfuse SMCJ40 row: 40 V standoff and 44.4 V minimum breakdown each way, clamping 64.5 V at 23.3 A; shore inlet clamp at the entry, in front of the ideal-diode FET, so a reversed input stays blocked)	D_SMC	E	1	5	C80273	C80273	SMCJ40CA	Littelfuse	DO-214AB	expand	4960	0.3511	2026-09-26	
CERTIFIED	SN74LVC08APWR quad 2-input AND: the 2-of-3 majority voters of the I/O control plane	TSSOP-14_4.4x5mm_P0.65mm	B	6	30	C465737	C465737	SN74LVC08APWR	Texas Instruments	TSSOP-14	expand	34914	0.3737	2026-09-26	
CERTIFIED	SN74LVC08APWR quad AND: E72 radios (EMCON AND software); spare gates grounded	TSSOP-14_4.4x5mm_P0.65mm	B	1	5	C465737	C465737	SN74LVC08APWR	Texas Instruments	TSSOP-14	expand	34914	0.3737	2026-09-26	
CERTIFIED	SN74LVC08APWR quad AND: EMCON gates for the PA and HF rails, the outlet interlock for PoE and USB-C	TSSOP-14_4.4x5mm_P0.65mm	A	1	5	C465737	C465737	SN74LVC08APWR	Texas Instruments	TSSOP-14	expand	34914	0.3737	2026-09-26	
CERTIFIED	SN74LVC08APWR quad AND: EMCON gates for the PA rail, the HF rail and the D8 inhibit	TSSOP-14_4.4x5mm_P0.65mm	A	1	5	C465737	C465737	SN74LVC08APWR	Texas Instruments	TSSOP-14	expand	34914	0.3737	2026-09-26	
CERTIFIED	SN74LVC08APWR quad AND: LimeSDR (hub port power AND EMCON AND software), RockBLOCK (EMCON AND software), LoRa (EMCON AND software)	TSSOP-14_4.4x5mm_P0.65mm	B	1	5	C465737	C465737	SN74LVC08APWR	Texas Instruments	TSSOP-14	expand	34914	0.3737	2026-09-26	
CERTIFIED	SN74LVC1G00DBVR NAND: OUTLET_OK = NOT (TR_APRS AND PA_EN), the outlet interlock	SOT-23-5	A	1	5	C7826	C7826	SN74LVC1G00DBVR	Texas Instruments	SOT-23-5	expand	6565	0.1399	2026-09-26	
CERTIFIED	SN74LVC32APWR quad 2-input OR: the 2-of-3 majority voters of the I/O control plane	TSSOP-14_4.4x5mm_P0.65mm	B	4	20	C352974	C352974	SN74LVC32APWR	Texas Instruments	TSSOP-14	expand	33816	0.2399	2026-09-26	
CERTIFIED	SN74LVC32APWR quad OR, slot S1: module WiFi and BT kill (request OR EMCON); gates 3 and 4 spare	TSSOP-14_4.4x5mm_P0.65mm	B	1	5	C352974	C352974	SN74LVC32APWR	Texas Instruments	TSSOP-14	expand	33816	0.2399	2026-09-26	
CERTIFIED	SN74LVC32APWR quad OR, slot S2: module WiFi and BT kill (request OR EMCON); gates 3 and 4 spare	TSSOP-14_4.4x5mm_P0.65mm	B	1	5	C352974	C352974	SN74LVC32APWR	Texas Instruments	TSSOP-14	expand	33816	0.2399	2026-09-26	
CERTIFIED	SN74LVC32APWR quad OR, slot S3: module WiFi and BT kill (request OR EMCON); gates 3 and 4 spare	TSSOP-14_4.4x5mm_P0.65mm	B	1	5	C352974	C352974	SN74LVC32APWR	Texas Instruments	TSSOP-14	expand	33816	0.2399	2026-09-26	
CERTIFIED	SS14 flyback across fan 1	D_SMB	E	3	15	C51897884	C51897884	SS14	Zhengxin	SMB(DO-214AA)	expand	4083	0.0236	2026-09-26	
CERTIFIED	SS14 flyback across fan 2	D_SMB	E	3	15	C51897884	C51897884	SS14	Zhengxin	SMB(DO-214AA)	expand	4083	0.0236	2026-09-26	
CERTIFIED	SS2040FL: EPD_SW -> VGH	D_SOD-123F	C	3	15	C268712	C268712	SS2040FL	PANJIT International	SOD-123FL	expand	9693	0.0793	2026-09-26	
CERTIFIED	SS2040FL: pump -> VGL	D_SOD-123F	C	3	15	C268712	C268712	SS2040FL	PANJIT International	SOD-123FL	expand	9693	0.0793	2026-09-26	
CERTIFIED	SS2040FL: pump clamp	D_SOD-123F	C	3	15	C268712	C268712	SS2040FL	PANJIT International	SOD-123FL	expand	9693	0.0793	2026-09-26	
CERTIFIED	STM32F302CBT6 128 KB (AIOC firmware 1.4.1 is 128,016 bytes; DFU)	LQFP-48_7x7mm_P0.5mm	D	1	5	C94046	C94046	STM32F302CBT6	STMicroelectronics	LQFP-48(7x7)	expand	485	6.8433	2026-09-26	
CERTIFIED	STM32H743VIT6 I/O supervisor A: 2-of-3 quorum on two CAN-FD fabrics, bank ownership and hub reset	LQFP-100_14x14mm_P0.5mm	B	1	5	C114409	C114409	STM32H743VIT6	STMicroelectronics	LQFP-100(14x14)	expand	4270	12.1325	2026-09-26	
CERTIFIED	STM32H743VIT6 I/O supervisor B: 2-of-3 quorum on two CAN-FD fabrics, bank ownership and hub reset	LQFP-100_14x14mm_P0.5mm	B	1	5	C114409	C114409	STM32H743VIT6	STMicroelectronics	LQFP-100(14x14)	expand	4270	12.1325	2026-09-26	
CERTIFIED	STM32H743VIT6 I/O supervisor C: 2-of-3 quorum on two CAN-FD fabrics, bank ownership and hub reset	LQFP-100_14x14mm_P0.5mm	B	1	5	C114409	C114409	STM32H743VIT6	STMicroelectronics	LQFP-100(14x14)	expand	4270	12.1325	2026-09-26	
CERTIFIED	Si2300DS-T1-GE3 N-FET (Vishay, SOT-23, G S D like the 2N7002 symbol; VDS 30 V, RDS 85 mOhm max at VGS 2.5 V, VGS(th) 0.6 to 1.5 V; named by PDi Rev.02): the boost switch on GDR	SOT-23	C	1	5	C72271	C72271	SI2300DS-T1-GE3	Vishay Intertech	SOT-23	expand	30000	0.3026	2026-09-26	
CERTIFIED	Si2302CDS-T1-GE3 logic-level N-FET (Vishay, SOT-23, G S D like the 2N7002 symbol; VGS(th) 0.45 to 1.0 V, RDS 85 mOhm at VGS 2.5 V): the boost switch on GDR	SOT-23	C	2	10	C10488	C10488	Si2302CDS-T1-GE3	Vishay Intertech	SOT-23	expand	89990	0.1028	2026-09-26	
CERTIFIED	TCAN334D CAN-FD transceiver, controller A on heartbeat fabric A	SOIC-8_3.9x4.9mm_P1.27mm	B	1	5	C2871143	C2871143	TCAN334DR	Texas Instruments	SOIC-8	expand	479	3.0871	2026-09-26	
CERTIFIED	TCAN334D CAN-FD transceiver, controller A on heartbeat fabric B	SOIC-8_3.9x4.9mm_P1.27mm	B	1	5	C2871143	C2871143	TCAN334DR	Texas Instruments	SOIC-8	expand	479	3.0871	2026-09-26	
CERTIFIED	TCAN334D CAN-FD transceiver, controller B on heartbeat fabric A	SOIC-8_3.9x4.9mm_P1.27mm	B	1	5	C2871143	C2871143	TCAN334DR	Texas Instruments	SOIC-8	expand	479	3.0871	2026-09-26	
CERTIFIED	TCAN334D CAN-FD transceiver, controller B on heartbeat fabric B	SOIC-8_3.9x4.9mm_P1.27mm	B	1	5	C2871143	C2871143	TCAN334DR	Texas Instruments	SOIC-8	expand	479	3.0871	2026-09-26	
CERTIFIED	TCAN334D CAN-FD transceiver, controller C on heartbeat fabric A	SOIC-8_3.9x4.9mm_P1.27mm	B	1	5	C2871143	C2871143	TCAN334DR	Texas Instruments	SOIC-8	expand	479	3.0871	2026-09-26	
CERTIFIED	TCAN334D CAN-FD transceiver, controller C on heartbeat fabric B	SOIC-8_3.9x4.9mm_P1.27mm	B	1	5	C2871143	C2871143	TCAN334DR	Texas Instruments	SOIC-8	expand	479	3.0871	2026-09-26	
CERTIFIED	TI PCM2912A USB audio codec (TQFP-32): mono input from the exciter, stereo output to the headphone amplifier and the transmit sum	TQFP-32_7x7mm_P0.8mm	D	4	20	C475497	C475497	PCM2912APJTR	Texas Instruments	TQFP-32(7x7)	expand	282	6.5802	2026-09-26	
CERTIFIED	TI TMUXHS4212 SuperSpeed 2:1 host select, bank 1: B = slot 1 USB3-0 (home), C = slot 2 USB3-1 (failover)	Texas_RKS0020A_VQFN-20_2.5x4.5mm	B	1	5	C3656912	C3656912	TMUXHS4212IRKSR	Texas Instruments	VQFN-20(4.5x2.5)	expand	3914	1.2359	2026-09-26	
CERTIFIED	TI TMUXHS4212 SuperSpeed 2:1 host select, bank 2: B = slot 2 USB3-0 (home), C = slot 3 USB3-1 (failover)	Texas_RKS0020A_VQFN-20_2.5x4.5mm	B	1	5	C3656912	C3656912	TMUXHS4212IRKSR	Texas Instruments	VQFN-20(4.5x2.5)	expand	3914	1.2359	2026-09-26	
CERTIFIED	TI TMUXHS4212 SuperSpeed 2:1 host select, bank 3: B = slot 3 USB3-0 (home), C = slot 1 USB3-1 (failover)	Texas_RKS0020A_VQFN-20_2.5x4.5mm	B	1	5	C3656912	C3656912	TMUXHS4212IRKSR	Texas Instruments	VQFN-20(4.5x2.5)	expand	3914	1.2359	2026-09-26	
CERTIFIED	TI TPA6132A2 headphone amplifier (QFN-16), receive audio to the two headset leads	QFN-16-1EP_3x3mm_P0.5mm_EP1.75x1.75mm	D	4	20	C69901	C69901	TPA6132A2RTER	Texas Instruments	WQFN-16-EP(3x3)	expand	32	1.4096	2026-09-26	
CERTIFIED	TI TPS23861PWR PoE PSE controller, port 1 to the wall RJ45 (802.3at), I2C on the kit bus	TSSOP-28_4.4x9.7mm_P0.65mm	B	1	5	C93245	C93245	TPS23861PWR	Texas Instruments	TSSOP-28	expand	26	2.5301	2026-09-26	
CERTIFIED	TI TS3DV642A0RUAR HDMI 2:1 switch (HDMI1 / HDMI2 -> HDMIM)	WQFN-42-1EP_3.5x9mm_P0.5mm_EP2.05x7.55mm	B	1	5	C157482	C157482	TS3DV642A0RUAR	Texas Instruments	WFQFN-42-EP(3.5x9)	expand	913	1.3382	2026-09-26	
CERTIFIED	TI TS3DV642A0RUAR HDMI 2:1 switch (HDMIM / HDMI3 -> HDMIO)	WQFN-42-1EP_3.5x9mm_P0.5mm_EP2.05x7.55mm	B	1	5	C157482	C157482	TS3DV642A0RUAR	Texas Instruments	WFQFN-42-EP(3.5x9)	expand	913	1.3382	2026-09-26	
CERTIFIED	TI TS3USB221A USB2 2:1 host select, bank 1: port 1 = slot 1 (home), port 2 = slot 2 (failover)	Texas_RSE0010A_UQFN-10_1.5x2mm	B	1	5	C128396	C128396	TS3USB221ARSER	Texas Instruments	UQFN-10(1.5x2)	expand	92250	0.2612	2026-09-26	
CERTIFIED	TI TS3USB221A USB2 2:1 host select, bank 2: port 1 = slot 2 (home), port 2 = slot 3 (failover)	Texas_RSE0010A_UQFN-10_1.5x2mm	B	1	5	C128396	C128396	TS3USB221ARSER	Texas Instruments	UQFN-10(1.5x2)	expand	92250	0.2612	2026-09-26	
CERTIFIED	TI TS3USB221A USB2 2:1 host select, bank 3: port 1 = slot 3 (home), port 2 = slot 1 (failover)	Texas_RSE0010A_UQFN-10_1.5x2mm	B	1	5	C128396	C128396	TS3USB221ARSER	Texas Instruments	UQFN-10(1.5x2)	expand	92250	0.2612	2026-09-26	
CERTIFIED	TI TUSB8041IRGCR four-port USB 3.0 hub, slot S1 (upstream the CM5 USB3-0 port)	QFN-64-1EP_9x9mm_P0.5mm_EP4.7x4.7mm	B	1	5	C544686	C544686	TUSB8041IRGCR	Texas Instruments	QFN-64-EP(9x9)	expand	3182	4.055	2026-09-26	
CERTIFIED	TI TUSB8041IRGCR four-port USB 3.0 hub, slot S2 (upstream the CM5 USB3-0 port)	QFN-64-1EP_9x9mm_P0.5mm_EP4.7x4.7mm	B	1	5	C544686	C544686	TUSB8041IRGCR	Texas Instruments	QFN-64-EP(9x9)	expand	3182	4.055	2026-09-26	
CERTIFIED	TI TUSB8041IRGCR four-port USB 3.0 hub, slot S3 (upstream the CM5 USB3-0 port)	QFN-64-1EP_9x9mm_P0.5mm_EP4.7x4.7mm	B	1	5	C544686	C544686	TUSB8041IRGCR	Texas Instruments	QFN-64-EP(9x9)	expand	3182	4.055	2026-09-26	
CERTIFIED	TLV75533PDBV 3.3 V 500 mA LDO (1 IN 2 GND 3 EN 4 NC 5 OUT)	SOT-23-5	D	4	20	C404027	C404027	TLV75533PDBVR	Texas Instruments	SOT-23-5	expand	138951	0.143	2026-09-26	
CERTIFIED	TLV75533PDBV 3.3 V 500 mA LDO for the controller, expanders, e-paper and sensor (1 IN 2 GND 3 EN 4 NC 5 OUT)	SOT-23-5	C	3	15	C404027	C404027	TLV75533PDBVR	Texas Instruments	SOT-23-5	expand	138951	0.143	2026-09-26	
CERTIFIED	TLV75533PDBVR 3.3 V LDO	SOT-23-5	E	3	15	C404027	C404027	TLV75533PDBVR	Texas Instruments	SOT-23-5	expand	138951	0.143	2026-09-26	
CERTIFIED	TLV75801PDBVR adjustable LDO, +3V4_HUB 3.44 V for the hub (1 IN 2 GND 3 EN 4 FB 5 OUT)	SOT-23-5	D	1	5	C2877852	C2877852	TLV75801PDBVR	Texas Instruments	SOT-23-5	expand	165280	0.0897	2026-09-26	
CERTIFIED	TLV75801PDRVR adjustable LDO, PA gate bias VGG 4.48 V while PA_KEY is high (1 OUT 2 FB 3 GND 4 EN 5 DNC 6 IN 7 pad)	WSON-6-1EP_2x2mm_P0.65mm_EP1x1.6mm	D	1	5	C2876308	C2876308	TLV75801PDRVR	Texas Instruments	WSON-6-EP(2x2)	expand	10498	0.3412	2026-09-26	
CERTIFIED	TLV9062IDGK dual op amp (1 OUT1 2 IN1- 3 IN1+ 4 V- 5 IN2+ 6 IN2- 7 OUT2 8 V+): A the mic sum, B unused as a follower	VSSOP-8_3x3mm_P0.65mm	D	4	20	C398356	C398356	TLV9062IDGKR	Texas Instruments	VSSOP-8	expand	32640	0.1913	2026-09-26	
CERTIFIED	TMP117AIDRVR board temperature under the coolers (I2C 0x49)	WSON-6-1EP_2x2mm_P0.65mm_EP1x1.6mm	B	1	5	C699536	C699536	TMP117AIDRVR	Texas Instruments	WDFN-6-EP(2x2)	expand	42710	1.0166	2026-09-26	
CERTIFIED	TMP117AIDRVR board temperature under the coolers (I2C 0x49; WSON-6: 1 SCL 2 GND 3 ALERT 4 V+ 5 ADD0 6 SDA 7 thermal pad)	WSON-6-1EP_2x2mm_P0.65mm_EP1x1.6mm	B	1	5	C699536	C699536	TMP117AIDRVR	Texas Instruments	WDFN-6-EP(2x2)	expand	42712	1.0166	2026-09-26	
CERTIFIED	TPD2E2U06QDBZRQ1 low-capacitance ESD array, USB-C CC1 and CC2 at the connector	SOT-23	A	1	5	C488151	C488151	TPD2E2U06QDBZRQ1	Texas Instruments	SOT-23	expand	2446	0.3427	2026-09-26	
CERTIFIED	TPS2065CDBV	SOT-23-5	A,B	13	65	C353882	C353882	TPS2065CDBVR	Texas Instruments	SOT-23-5	expand	6814	0.2907	2026-09-26	
CERTIFIED	TPS22810DRV	WSON-6-1EP_2x2mm_P0.65mm_EP1x1.6mm	B,D,E	15	75	C527679	C527679	TPS22810DRVR	Texas Instruments	WSON-6-EP(2x2)	expand	29287	0.5668	2026-09-26	
CERTIFIED	TPS25740ARGER USB-C PD source controller, 45 W outlet (5, 9, 15 V at 3 A)	QFN-24-1EP_4x4mm_P0.5mm_EP2.5x2.5mm	A	2	10	C544309	C544309	TPS25740ARGER	Texas Instruments	VQFN-24-EP(4x4)	expand	2949	1.5314	2026-09-26	
CERTIFIED	TPS259571DSGR eFuse 12 V 2.0 A for the heating pad	Texas_DSG0008A_WSON-8-1EP_2x2mm_P0.5mm_EP0.9x1.6mm	A	3	15	C471038	C471038	TPS259571DSGR	Texas Instruments	WSON-8-EP(2x2)	expand	13440	0.6626	2026-09-26	
CERTIFIED	TPS259631DDAR eFuse +5V_DEV -> +5V_D8 (2.0 A (ILM))	SOIC-8-1EP_3.9x4.9mm_P1.27mm_EP2.29x3mm	A	1	5	C2155778	C2155778	TPS259631DDAR	Texas Instruments	SOPowerPAD-8	expand	4423	0.7324	2026-09-26	
CERTIFIED	TPS259631DDAR eFuse +5V_DEV -> +5V_D8 (453R 1% (ILM: 2.0 A))	SOIC-8-1EP_3.9x4.9mm_P1.27mm_EP2.29x3mm	A	1	5	C2155778	C2155778	TPS259631DDAR	Texas Instruments	SOPowerPAD-8	expand	4423	0.7324	2026-09-26	
CERTIFIED	TPS259631DDAR eFuse +5V_DEV -> +5V_LIME (301R 1% (ILM: 3.0 A))	SOIC-8-1EP_3.9x4.9mm_P1.27mm_EP2.29x3mm	B	1	5	C2155778	C2155778	TPS259631DDAR	Texas Instruments	SOPowerPAD-8	expand	4423	0.7324	2026-09-26	
CERTIFIED	TPS259631DDAR eFuse +5V_DEV -> +5V_RB (301R 1% (ILM: 3.0 A))	SOIC-8-1EP_3.9x4.9mm_P1.27mm_EP2.29x3mm	B	1	5	C2155778	C2155778	TPS259631DDAR	Texas Instruments	SOPowerPAD-8	expand	4423	0.7324	2026-09-26	
CERTIFIED	TPS259631DDAR eFuse +5V_DEV -> VBUS_WALL (1k 1% (ILM: 0.89 A))	SOIC-8-1EP_3.9x4.9mm_P1.27mm_EP2.29x3mm	A	1	5	C2155778	C2155778	TPS259631DDAR	Texas Instruments	SOPowerPAD-8	expand	4423	0.7324	2026-09-26	
CERTIFIED	TPS259631DDAR eFuse VBAT -> VHEAT (1.0 A (ILM))	SOIC-8-1EP_3.9x4.9mm_P1.27mm_EP2.29x3mm	A	1	5	C2155778	C2155778	TPS259631DDAR	Texas Instruments	SOPowerPAD-8	expand	4423	0.7324	2026-09-26	
CERTIFIED	TPS259631DDAR eFuse VBAT -> VHEAT (909R 1% (ILM: 1.0 A))	SOIC-8-1EP_3.9x4.9mm_P1.27mm_EP2.29x3mm	A	1	5	C2155778	C2155778	TPS259631DDAR	Texas Instruments	SOPowerPAD-8	expand	4423	0.7324	2026-09-26	
CERTIFIED	TPS259631DDAR eFuse VBAT -> VHEAT_IN (909R 1% (ILM: 1.0 A))	SOIC-8-1EP_3.9x4.9mm_P1.27mm_EP2.29x3mm	A	1	5	C2155778	C2155778	TPS259631DDAR	Texas Instruments	SOPowerPAD-8	expand	4423	0.7324	2026-09-26	
CERTIFIED	TPS259631DDAR eFuse VBAT -> VMON (1.2 A (ILM))	SOIC-8-1EP_3.9x4.9mm_P1.27mm_EP2.29x3mm	A	1	5	C2155778	C2155778	TPS259631DDAR	Texas Instruments	SOPowerPAD-8	expand	4423	0.7324	2026-09-26	
CERTIFIED	TPS259631DDAR eFuse VBAT -> VMON (750R 1% (ILM: 1.2 A))	SOIC-8-1EP_3.9x4.9mm_P1.27mm_EP2.29x3mm	A	1	5	C2155778	C2155778	TPS259631DDAR	Texas Instruments	SOPowerPAD-8	expand	4423	0.7324	2026-09-26	
CERTIFIED	TPS37A010122DSKR 65 V OV/UV supervisor: the FE's enable and its restart latch	WSON-10-1EP_2.5x2.5mm_P0.5mm_EP1.2x2mm	A	1	5	C3685740	C3685740	TPS37A010122DSKR	Texas Instruments	WSON-10(2.5x2.5)	expand	738	1.9877	2026-09-26	
CERTIFIED	TPS563201 3.3 V buck for the LTE socket (EN_LTE)	SOT-23-6	B	3	15	C116592	C116592	TPS563201DDCR	Texas Instruments	SOT-23-THIN-6	expand	161906	0.0679	2026-09-26	
CERTIFIED	TPS563201 3.3 V buck for the M.2 WiFi socket (PCIE_PWR_EN)	SOT-23-6	B	2	10	C116592	C116592	TPS563201DDCR	Texas Instruments	SOT-23-THIN-6	expand	161906	0.0679	2026-09-26	
CERTIFIED	TPS563201 3.3 V buck from M1	SOT-23-6	A	3	15	C116592	C116592	TPS563201DDCR	Texas Instruments	SOT-23-THIN-6	expand	161906	0.0679	2026-09-26	
CERTIFIED	TPS563201 3.3 V buck from M1 for the board (follows the CM5 3.3 V)	SOT-23-6	B	3	15	C116592	C116592	TPS563201DDCR	Texas Instruments	SOT-23-THIN-6	expand	161906	0.0679	2026-09-26	
CERTIFIED	TPS61089 boost 7.6 V / 2 A	Texas_VQFN-RNR0011A-11	D	3	15	C165129	C165129	TPS61089RNRR	Texas Instruments	VQFN-11-HR-EP(2x2.5)	expand	13822	0.7097	2026-09-26	
CERTIFIED	TPS61288L boost +5V_M1 (15 A switch, 500 kHz, no MODE pin)	Texas_RQQ0011A_VQFN-HR-11_2.5x3mm	A	3	15	C7498841	C7498841	TPS61288LRQQR	Texas Instruments	VQFN-HR-11	expand	6113	1.8221	2026-09-26	
CERTIFIED	TPS61288L boost +5V_M2 (15 A switch, 500 kHz, no MODE pin)	Texas_RQQ0011A_VQFN-HR-11_2.5x3mm	A	3	15	C7498841	C7498841	TPS61288LRQQR	Texas Instruments	VQFN-HR-11	expand	6113	1.8221	2026-09-26	
CERTIFIED	TPS61288L boost +5V_PI (15 A switch, 500 kHz, no MODE pin)	Texas_RQQ0011A_VQFN-HR-11_2.5x3mm	A	3	15	C7498841	C7498841	TPS61288LRQQR	Texas Instruments	VQFN-HR-11	expand	6113	1.8221	2026-09-26	
CERTIFIED	TPS62933DRLR 3 A buck, 12.0 V heater rail	SOT-583-8	A	1	5	C3200405	C3200405	TPS62933DRLR	Texas Instruments	SOT-583	expand	39294	0.5879	2026-09-26	
CERTIFIED	TPS62933DRLR 3 A buck, 3.3 V logic	SOT-583-8	A	2	10	C3200405	C3200405	TPS62933DRLR	Texas Instruments	SOT-583	expand	39310	0.5879	2026-09-26	
CERTIFIED	TPS62933DRLR buck 1.0 V PCIe switch core S1	SOT-583-8	B	1	5	C3200405	C3200405	TPS62933DRLR	Texas Instruments	SOT-583	expand	39310	0.5879	2026-09-26	
CERTIFIED	TPS62933DRLR buck 1.0 V PCIe switch core S2	SOT-583-8	B	1	5	C3200405	C3200405	TPS62933DRLR	Texas Instruments	SOT-583	expand	39310	0.5879	2026-09-26	
CERTIFIED	TPS62933DRLR buck 1.0 V PCIe switch core S3	SOT-583-8	B	1	5	C3200405	C3200405	TPS62933DRLR	Texas Instruments	SOT-583	expand	39310	0.5879	2026-09-26	
CERTIFIED	TPS62933DRLR buck 1.1 V hub core S1 (on the device rail and always on: the bank outlives its module)	SOT-583-8	B	1	5	C3200405	C3200405	TPS62933DRLR	Texas Instruments	SOT-583	expand	39310	0.5879	2026-09-26	
CERTIFIED	TPS62933DRLR buck 1.1 V hub core S2 (on the device rail and always on: the bank outlives its module)	SOT-583-8	B	1	5	C3200405	C3200405	TPS62933DRLR	Texas Instruments	SOT-583	expand	39310	0.5879	2026-09-26	
CERTIFIED	TPS62933DRLR buck 1.1 V hub core S3 (on the device rail and always on: the bank outlives its module)	SOT-583-8	B	1	5	C3200405	C3200405	TPS62933DRLR	Texas Instruments	SOT-583	expand	39310	0.5879	2026-09-26	
CERTIFIED	TPS62933DRLR buck 1.2 V Ethernet switch core	SOT-583-8	B	1	5	C3200405	C3200405	TPS62933DRLR	Texas Instruments	SOT-583	expand	39310	0.5879	2026-09-26	
CERTIFIED	TUSB2046IBVFR four-port USB 2.0 full-speed hub (TI, LQFP-32 VF, -40 to 85 C, VCC 3.3 to 3.6 from +3V4_HUB; BUSPWR low = self-powered, EXTMEM high, GANGED high, TSTMODE low)	LQFP-32_7x7mm_P0.8mm	D	1	5	C702369	C702369	TUSB2046IBVFR	Texas Instruments	LQFP-32(7x7)	expand	16	4.6656	2026-09-26	
CERTIFIED	U.FL socket: PA drive (coax to the RA30H1317M1 input on the plate)	U.FL_Hirose_U.FL-R-SMT-1_Vertical	D	1	5	C88373	C88373	U.FL-R-SMT-1(10)	HRS(Hirose)	SMD	expand	40989	0.2217	2026-09-26	
CERTIFIED	U.FL socket: pigtail to A22's GNSS jack J_RF4	U.FL_Hirose_U.FL-R-SMT-1_Vertical	B	1	5	C88373	C88373	U.FL-R-SMT-1(10)	HRS(Hirose)	SMD	expand	40989	0.2217	2026-09-26	
CERTIFIED	U.FL socket: pigtail to A22's LoRa jack J_RF11	U.FL_Hirose_U.FL-R-SMT-1_Vertical	B	1	5	C88373	C88373	U.FL-R-SMT-1(10)	HRS(Hirose)	SMD	expand	40989	0.2217	2026-09-26	
CERTIFIED	USB 3.0 type A receptacle (Wuerth 692122030100 land): the LimeSDR Mini 2.4 in its bay	USB3_A_Receptacle_Wuerth_692122030100	B	1	5	C5355286	C5355286	692122030100	Wurth Elektronik	SMD	expand	100	3.2122	2026-09-26	
CERTIFIED	USB device rail to B16 (JST-VH): + -	JST_VH_B2P-VH_1x02_P3.96mm_Vertical	A	1	5	C274411	C274411	B2P-VH-BL(LF)(SN)	JST	Plugin,P=3.96mm	expand	45436	0.0886	2026-09-26	
CERTIFIED	USB-C 2.0 receptacle	USB_C_Receptacle_HRO_TYPE-C-31-M-12	B	8	40	C165948	C165948	TYPE-C-31-M-12	Korean Hroparts Elec	SMD	expand	88557	0.1855	2026-09-26	
CERTIFIED	USBLC6-2SC6	SOT-23-6	A,B,C,D	44	220	C7519	C7519	USBLC6-2SC6	STMicroelectronics	SOT-23-6L	expand	45148	0.1759	2026-09-26	
CERTIFIED	USBLC6-2SC6 (2-line TVS)	SOT-23-6	C	2	10	C7519	C7519	USBLC6-2SC6	STMicroelectronics	SOT-23-6L	expand	45148	0.1759	2026-09-26	
CERTIFIED	USBLC6-2SC6 ESD clamp on the SMBus pair	SOT-23-6	P	4	20	C7519	C7519	USBLC6-2SC6	STMicroelectronics	SOT-23-6L	expand	45148	0.1759	2026-09-26	
CERTIFIED	Vishay VEML7700 ambient light sensor (1 SCL 2 VDD 3 GND 4 SDA), I2C 0x10	Vishay_VEML7700	C	3	15	C504893	C504893	VEML7700-TR	Vishay Intertech	SMD-4P	expand	3436	1.1319	2026-09-26	
CERTIFIED	W25Q16JVUXIQ 16 Mbit QSPI flash (USON-8: 1 CS 2 DO/IO1 3 WP/IO2 4 GND 5 DI/IO0 6 CLK 7 HOLD/IO3 8 VCC, pad)	Winbond_USON-8-1EP_3x2mm_P0.5mm_EP0.2x1.6mm	C,E	6	30	C2843335	C2843335	W25Q16JVUXIQ	Winbond Elec	USON-8-EP(2x3)	expand	6363	1.5736	2026-09-26	
CERTIFIED	amber hub	LED_0603_1608Metric	B	1	5	C965802	C965802	XL-1608UYC-06	XINGLIGHT	0603	expand	1416916	0.0074	2026-09-26	
CERTIFIED	blue WiFi link	LED_0603_1608Metric	B	3	15	C2288	C2288	KT-0603B	Hubei KENTO Elec	0603	expand	54026	0.0103	2026-09-26	
CERTIFIED	blue WiFi link, card 2	LED_0603_1608Metric	B	1	5	C2288	C2288	KT-0603B	Hubei KENTO Elec	0603	expand	54026	0.0103	2026-09-26	
CERTIFIED	cell tap sense wires from the 4S block (JST-XH 1x5): B- C1 C2 C3 B+; the current leaves through W_BP and W_BN	JST_XH_B5B-XH-A_1x05_P2.50mm_Vertical	P	2	10	C157991	C157991	B5B-XH-A(LF)(SN)	JST	Plugin,P=2.5mm	expand	72167	0.0851	2026-09-26	
CERTIFIED	ferrite 600R	L_0603_1608Metric	C	11	55	C1002	C1002	GZ1608D601TF	Sunlord	0603	base	775062	0.0127	2026-09-26	
CERTIFIED	green 5 V S1	LED_0603_1608Metric	B	1	5	C12624	C12624	KT-0603G	Hubei KENTO Elec	0603	expand	354275	0.0122	2026-09-26	
CERTIFIED	green 5 V S2	LED_0603_1608Metric	B	1	5	C12624	C12624	KT-0603G	Hubei KENTO Elec	0603	expand	354275	0.0122	2026-09-26	
CERTIFIED	green 5 V S3	LED_0603_1608Metric	B	1	5	C12624	C12624	KT-0603G	Hubei KENTO Elec	0603	expand	354275	0.0122	2026-09-26	
CERTIFIED	green ACT (LED_nACT sinks)	LED_0603_1608Metric	B	9	45	C12624	C12624	KT-0603G	Hubei KENTO Elec	0603	expand	354422	0.0122	2026-09-26	
CERTIFIED	green Ethernet port 1 link	LED_0603_1608Metric	B	1	5	C12624	C12624	KT-0603G	Hubei KENTO Elec	0603	expand	354275	0.0122	2026-09-26	
CERTIFIED	green Ethernet port 2 link	LED_0603_1608Metric	B	1	5	C12624	C12624	KT-0603G	Hubei KENTO Elec	0603	expand	354275	0.0122	2026-09-26	
CERTIFIED	green Ethernet port 3 link	LED_0603_1608Metric	B	1	5	C12624	C12624	KT-0603G	Hubei KENTO Elec	0603	expand	354275	0.0122	2026-09-26	
CERTIFIED	green Ethernet port 4 link	LED_0603_1608Metric	B	1	5	C12624	C12624	KT-0603G	Hubei KENTO Elec	0603	expand	354275	0.0122	2026-09-26	
CERTIFIED	green IOCTRL A alive	LED_0603_1608Metric	B	1	5	C12624	C12624	KT-0603G	Hubei KENTO Elec	0603	expand	354275	0.0122	2026-09-26	
CERTIFIED	green IOCTRL B alive	LED_0603_1608Metric	B	1	5	C12624	C12624	KT-0603G	Hubei KENTO Elec	0603	expand	354275	0.0122	2026-09-26	
CERTIFIED	green IOCTRL C alive	LED_0603_1608Metric	B	1	5	C12624	C12624	KT-0603G	Hubei KENTO Elec	0603	expand	354275	0.0122	2026-09-26	
CERTIFIED	green NVMe link (PORTSTATUS0)	LED_0603_1608Metric	B	3	15	C12624	C12624	KT-0603G	Hubei KENTO Elec	0603	expand	354275	0.0122	2026-09-26	
CERTIFIED	green ZBA (DIO_8)	LED_0603_1608Metric	B	1	5	C12624	C12624	KT-0603G	Hubei KENTO Elec	0603	expand	354275	0.0122	2026-09-26	
CERTIFIED	green ZBB (DIO_8)	LED_0603_1608Metric	B	1	5	C12624	C12624	KT-0603G	Hubei KENTO Elec	0603	expand	354275	0.0122	2026-09-26	
CERTIFIED	green card link (PORTSTATUS1)	LED_0603_1608Metric	B	3	15	C12624	C12624	KT-0603G	Hubei KENTO Elec	0603	expand	354275	0.0122	2026-09-26	
CERTIFIED	green playback	LED_0603_1608Metric	D	5	25	C12624	C12624	KT-0603G	Hubei KENTO Elec	0603	expand	354422	0.0122	2026-09-26	
CERTIFIED	green power	LED_0603_1608Metric	D	5	25	C12624	C12624	KT-0603G	Hubei KENTO Elec	0603	expand	354422	0.0122	2026-09-26	
CERTIFIED	green receive (AUDIO_ON low)	LED_0603_1608Metric	D	5	25	C12624	C12624	KT-0603G	Hubei KENTO Elec	0603	expand	354422	0.0122	2026-09-26	
CERTIFIED	green: vehicle input present	LED_0603_1608Metric	E	3	15	C2986059	C2986059	19-217/GHC-YR1S2/6T	Everlight Elec	0603	expand	285093	0.0178	2026-09-26	
CERTIFIED	mini PCIe socket 52P H4.0 + 2x M2.5 standoffs: Quectel EG25-G (Cat 4, QMI, GNSS inside)	MiniPCIe_Socket_52P_H4.0_Standoff	B	3	15		C8750274	EG25GGB-256-SGNS	Quectel	SMD,32x29mm	expand	32	63.3448	2026-09-26	
CERTIFIED	monitor supply lead to the Xenarc (JST-VH): + -	JST_VH_B2P-VH_1x02_P3.96mm_Vertical	A	1	5	C274411	C274411	B2P-VH-BL(LF)(SN)	JST	Plugin,P=3.96mm	expand	45436	0.0886	2026-09-26	
CERTIFIED	nano-SIM push-push GCT SIM8060	nanoSIM_GCT_SIM8060-6-0-14-00	B	3	15		C6296715	SIM8060-6-0-14-00-A	Global Connector Technology	SMD	expand	3853	1.6402	2026-09-26	
CERTIFIED	nano-SIM push-push GCT SIM8060 (SIM 1)	nanoSIM_GCT_SIM8060-6-0-14-00	B	1	5	C6296715	C6296715	SIM8060-6-0-14-00-A	Global Connector Technology	SMD	expand	3853	1.6402	2026-09-26	
CERTIFIED	nano-SIM push-push GCT SIM8060 (SIM 2)	nanoSIM_GCT_SIM8060-6-0-14-00	B	1	5	C6296715	C6296715	SIM8060-6-0-14-00-A	Global Connector Technology	SMD	expand	3853	1.6402	2026-09-26	
CERTIFIED	red	LED_0603_1608Metric	D	1	5	C2286	C2286	KT-0603R	Hubei KENTO Elec	0603	base	3948811	0.0075	2026-09-26	
CERTIFIED	red PWR	LED_0603_1608Metric	B	6	30	C2286	C2286	KT-0603R	Hubei KENTO Elec	0603	base	3948811	0.0075	2026-09-26	
CERTIFIED	red ZBA (DIO_7)	LED_0603_1608Metric	B	1	5	C2286	C2286	KT-0603R	Hubei KENTO Elec	0603	base	3948811	0.0075	2026-09-26	
CERTIFIED	red ZBB (DIO_7)	LED_0603_1608Metric	B	1	5	C2286	C2286	KT-0603R	Hubei KENTO Elec	0603	base	3948811	0.0075	2026-09-26	
CERTIFIED	red ZigBee (DIO_7)	LED_0603_1608Metric	B	3	15	C2286	C2286	KT-0603R	Hubei KENTO Elec	0603	base	3948811	0.0075	2026-09-26	
CERTIFIED	red transmit	LED_0603_1608Metric	D	4	20	C2286	C2286	KT-0603R	Hubei KENTO Elec	0603	base	3948811	0.0075	2026-09-26	
CERTIFIED	slot 1 5.1 V rail to B16 (JST-VH, 16 AWG): + -	JST_VH_B2P-VH_1x02_P3.96mm_Vertical	A	1	5	C274411	C274411	B2P-VH-BL(LF)(SN)	JST	Plugin,P=3.96mm	expand	45436	0.0886	2026-09-26	
CERTIFIED	slot 2 5.1 V rail to B16 (JST-VH, 16 AWG): + -	JST_VH_B2P-VH_1x02_P3.96mm_Vertical	A	1	5	C274411	C274411	B2P-VH-BL(LF)(SN)	JST	Plugin,P=3.96mm	expand	45436	0.0886	2026-09-26	
CERTIFIED	slot 3 5.1 V rail to B16 (JST-VH, 16 AWG): + -	JST_VH_B2P-VH_1x02_P3.96mm_Vertical	A	1	5	C274411	C274411	B2P-VH-BL(LF)(SN)	JST	Plugin,P=3.96mm	expand	45436	0.0886	2026-09-26	
CERTIFIED	status (GPIO25)	LED_0603_1608Metric	C,E	6	30	C2986059	C2986059	19-217/GHC-YR1S2/6T	Everlight Elec	0603	expand	285093	0.0178	2026-09-26	
CERTIFIED	u-blox NEO-M9N-00B: I2C + PPS, external active antenna	ublox_NEO	B	3	15		C5119087	NEO-M9N-00B	U-BLOX	SMD-24P	expand	561	16.3027	2026-09-26	
HAND_FIT	10uH ATNR4010100MT 0.8 A (the boost inductor)	L_APV_ANR4020	C	3	15										Abracon, Digi-Key https://www.digikey.com/en/products?keywords=ATNR4010100MT ; 10 uH 0.8 A boost inductor. NO DATASHEET IN THIS TREE
HAND_FIT	10uH XAL1010-103ME (Isat 14 A)	L_Coilcraft_XAL1010-XXX	A	2	10										Coilcraft direct or Digi-Key, https://www.digikey.com/en/products?keywords=XAL1010-103ME ; 10 uH. NO DATASHEET IN THIS TREE: the XAL1010 series sheet is owed, so its Isat 14 A claim is unverified
HAND_FIT	2.2uH XAL4020-222ME	L_Coilcraft_XAL4020-XXX	B	7	35										Coilcraft direct or Digi-Key, https://www.digikey.com/en/products?keywords=XAL4020-222MEC ; 2.2 uH, Isat 5.6 A, same datasheet
HAND_FIT	22uH XAL1010-223ME (Isat 9 A)	L_Coilcraft_XAL1010-XXX	A	2	10										Coilcraft direct or Digi-Key, https://www.digikey.com/en/products?keywords=XAL1010-223ME ; 22 uH. NO DATASHEET IN THIS TREE, Isat 9 A claim unverified
HAND_FIT	3.3uH XAL6030-332ME	L_Coilcraft_XAL6060-XXX	B	6	30										Coilcraft direct or Digi-Key, https://www.digikey.com/en/products?keywords=XAL6030-332MEC ; 3.3 uH, Isat 12.2 A, datasheet in v2/vendor/coilcraft/coilcraft-xal60xx-series.pdf
HAND_FIT	3.3uH XAL6030-332ME (Isat 12.2 A)	L_Coilcraft_XAL6060-XXX	A	1	5										Coilcraft direct or Digi-Key, https://www.digikey.com/en/products?keywords=XAL6030-332MEC ; 3.3 uH, Isat 12.2 A, datasheet in v2/vendor/coilcraft/coilcraft-xal60xx-series.pdf
HAND_FIT	4.7uH XAL4030-472ME	L_Coilcraft_XAL4020-XXX	B,E	3	15										Coilcraft direct or Digi-Key, https://www.digikey.com/en/products?keywords=XAL4030-472MEC ; 4.7 uH, Isat 4.6 A, v2/vendor/coilcraft/coilcraft-xal40xx-series.pdf
HAND_FIT	4.7uH XAL4030-472ME	L_Coilcraft_XAL4030-XXX	A	2	10										Coilcraft direct or Digi-Key, https://www.digikey.com/en/products?keywords=XAL4030-472MEC ; 4.7 uH, Isat 4.6 A, v2/vendor/coilcraft/coilcraft-xal40xx-series.pdf
HAND_FIT	4.7uH XAL6060-472ME (Isat 11 A)	L_Coilcraft_XAL6060-XXX	A	7	35										Coilcraft direct or Digi-Key, https://www.digikey.com/en/products?keywords=XAL6060-472MEC ; 4.7 uH, Isat 10.5 A, same datasheet
HAND_FIT	9 A spring pin, CELL+ (Mill-Max 0858 class, dock block)	Mill-Max_0858_power_pin	A	8	40										Mill-Max through Digi-Key, https://www.digikey.com/en/products?keywords=Mill-Max%200858 ; the 9 A spring pins of A's dock block, four CELL+ and four return. In A's CPL exclusion list already; the exact 0858 dash number is chosen against the block's 7.4 mm face height at build
HAND_FIT	9 A spring pin, pack return (Mill-Max 0858 class, dock block)	Mill-Max_0858_power_pin	A	5	25										the same part on the return side, same route
HAND_FIT	BB-2590/U cable (BTA-70762-2) on XT60-M: pin 2 (the pad nearer the fuse F3) is +, pin 1 is the return; the pack's own protection is inside it (E6 run 11: a 3 mm CELL+ track could not pass the return pad to reach pin 1)	AMASS_XT60-M_1x02_P7.20mm_Vertical	E	1	5										Bren-Tronics, https://www.bren-tronics.com ; BB-2590/U cable assembly, bought with the pack, terminated on an XT60
HAND_FIT	Bourns SRF1260-1R5Y dual-winding choke, common-mode connection (each winding carries the line current: 6.89 A Irms and 9.15 A Isat in the series column, 1.5 uH per winding): winding pins 1-3 on the positive line, winding pins 2-4 on the return (Bourns electrical schematic, N1 1-3 and N2 2-4)	L_CommonModeChoke_Bourns_SRF1260	E	1	5										Bourns through Mouser, https://www.mouser.com/c/?q=SRF1260-1R5Y ; dual-winding choke, board E's L2 since MESHSAT-1357 round 4 (F-IN-02: in its common-mode connection each winding carries the line current, so the series column rates it, 6.89 A against the 4R7Y's 3.59 A), JLCPCB stock 0 (C7320434, 26 Sep 2026)
HAND_FIT	Bourns SRF1260-4R7Y dual-winding choke (7.2 A per winding at 4.7 uH): winding 1 pins 1-2 on the positive line, winding 2 pins 3-4 on the return (pin map per the Bourns drawing, verified 7 Sep 2026)	L_CommonModeChoke_Bourns_SRF1260	E	3	15										Bourns through Mouser, https://www.mouser.com/c/?q=SRF1260-4R7Y ; dual-winding choke, JLCPCB stock 0
HAND_FIT	EMCON locking toggle (closed = TX inhibit, a hardware line: TX_INHIBIT_n low and EMCON_HW high; APEM 5636ADKB-2V, hinged safety cover); K front seal in the keyed 6.5 hole	ToggleBody_SPDT	C	1	5										APEM through Mouser, https://www.mouser.com/c/?q=5636ADKB-2V ; the SOS, EMCON and ZEROIZE locking toggles
HAND_FIT	EMCON locking toggle (closed = TX inhibit, a hardware line: TX_INHIBIT_n low and EMCON_HW low, the same sense; APEM 5636ADKB-2V, hinged safety cover); K front seal in the keyed 6.5 hole	ToggleBody_SPDT	C	2	10										APEM through Mouser, https://www.mouser.com/c/?q=5636ADKB-2V ; the SOS, EMCON and ZEROIZE locking toggles
HAND_FIT	EMCON locking toggle (closed = TX inhibit; APEM 5636ADKB-2V, both positions locked; ruling 32.13); K front seal in the keyed 6.5 hole	GuardedToggle_SPDT	C	1	5										APEM through Mouser, https://www.mouser.com/c/?q=5636ADKB-2V ; the SOS, EMCON and ZEROIZE locking toggles
HAND_FIT	EMCON locking toggle (closed = TX inhibit; APEM 5636ADKB-2V, both positions locked; ruling 32.13); K front seal in the keyed 6.5 hole	ToggleBody_SPDT	C	1	5										APEM through Mouser, https://www.mouser.com/c/?q=5636ADKB-2V ; the SOS, EMCON and ZEROIZE locking toggles
HAND_FIT	Ebyte E72-2G4M20S1E CC2652P (OpenThread RCP for Matter): 7 DIO_12 RX, 8 DIO_13 TX, 10 DIO_15 BSL, 24 RESET_N; PCB antenna to the north edge	Ebyte_E72-2G4M20S1E	B	1	5	C5352930	C5352930	E72-2G4M20S1E	Chengdu Ebyte Elec Tech	-	expand	0	16.7915	2026-09-26	Ebyte direct, https://www.cdebyte.com/products/E72-2G4M20S1E ; CC2652P module. JLCPCB lists it at stock 0 (JLCPCB stock 0 against a need of 5)
HAND_FIT	Ebyte E72-2G4M20S1E CC2652P (Zigbee coordinator): 7 DIO_12 RX, 8 DIO_13 TX, 10 DIO_15 BSL, 24 RESET_N; PCB antenna to the north edge	Ebyte_E72-2G4M20S1E	B	1	5	C5352930	C5352930	E72-2G4M20S1E	Chengdu Ebyte Elec Tech	-	expand	0	16.7915	2026-09-26	Ebyte direct, https://www.cdebyte.com/products/E72-2G4M20S1E ; CC2652P module. JLCPCB lists it at stock 0 (JLCPCB stock 0 against a need of 5)
HAND_FIT	Ebyte E72-2G4M20S1E CC2652P ZigBee coordinator (ZNP over UART1): 7 DIO_12 RX, 8 DIO_13 TX, 10 DIO_15 BSL, 24 RESET_N	Ebyte_E72-2G4M20S1E	B	3	15	C5352930	C5352930	E72-2G4M20S1E	Chengdu Ebyte Elec Tech	-	expand	0	16.7915	2026-09-26	Ebyte direct, https://www.cdebyte.com/products/E72-2G4M20S1E ; CC2652P module. JLCPCB lists it at stock 0 (JLCPCB stock 0 against a need of 15)
HAND_FIT	Hirose FH34SRJ-24S-0.5SH ZIF for the E2370KS0C1 flex (0.5 mm, 24 way; pin names per the PDi driving circuit note rev 02)	Hirose_FH34SRJ-24S	C	3	15										Hirose through Digi-Key, https://www.digikey.com/en/products?keywords=FH34SRJ-24S-0.5SH ; 0.5 mm ZIF for the PDi e-paper. JLCPCB stock 0
HAND_FIT	IP67 panel-mount sounder, 5 V DC continuous, bezel gasket on the face, two flying leads (Floyd Bell MC-09-530-Q class)	PanelSounder	C	3	15										Floyd Bell through Mouser, https://www.mouser.com/c/?q=Floyd%20Bell%20MC-09 ; C's IP67 panel-mount sounder, two flying leads, a plate part in C's CPL exclusion list. A CLASS row: the dash number is picked from Floyd Bell's IP67 range against 5 V DC continuous before anything is ordered
HAND_FIT	LIGHTING DAY/NIGHT/BLACKOUT toggle DPDT ON-ON-ON (pole 1: rail, pole 2: sense); NKK M2044SD3A01 on the D3 splashproof bushing, its O-ring (spare AT516) under the nut on the face, AT428H boot; D hole, flat toward +X	PanelToggle_DPDT	C	1	5										NKK through Mouser, https://www.mouser.com/c/?q=M2044SD3A01 ; the DPDT ON-ON-ON lighting toggle
HAND_FIT	LIGHTING DAY/NIGHT/BLACKOUT toggle DPDT ON-ON-ON (pole 1: rail, pole 2: sense); NKK M2044SD3A01 on the D3 splashproof bushing, its O-ring (spare AT516) under the nut on the face, AT428H boot; D hole, flat toward +X	ToggleBody_DPDT	C	4	20										NKK through Mouser, https://www.mouser.com/c/?q=M2044SD3A01 ; the DPDT ON-ON-ON lighting toggle
HAND_FIT	LT8705A buck-boost controller, 38-lead QFN 5x7 (pin 39 = exposed pad GND, pin 40 unused); bench-fitted	WQFN-38-1EP_5x7mm_P0.5mm_EP3.15x5.15mm	E	4	20	C674164	C674164	LT8705AEUHF#TRPBF	Analog Devices	QFN-38-EP(5x7)	expand	3	24.4971	2026-09-26	Analog Devices through Mouser, https://www.mouser.com/c/?q=LT8705AEUHF ; E's U5 buck-boost controller. JLCPCB carries the QFN-38-EP(5x7) the land was drawn for as C674164 (LT8705AEUHF#TRPBF) and C580337 (#PBF), both at stock 3 against a need of 5, so JLC cannot place it on five boards whatever else is decided. C674167, which the row carried until 12 September 2026, is the TSSOP-38 variant on a QFN land and is blocked in lcsc-blocked.txt. The tracker stage is described as bench-fitted in the schematic and in appendix 32.54. OWNER RULING 12, 13 September 2026: U5 LEAVES THE CPL and is hand-fitted on all five boards. make_handoff.py's pcb-e1-dock exclusion list carries it (JLCPCB stock 3 against a need of 20)
HAND_FIT	M.2 E-key socket 2230, M2.5 standoff: AsiaRF AW7915-AED (MT7915, WiFi 6 2x2 DBDC) on the CM5 PCIe lane, kit-to-kit link	M2_E-Key_Socket_2230	B	2	10										AsiaRF direct, https://www.asiarf.com ; M.2 A/E-key WiFi 6 card, bought as a card
HAND_FIT	MAIN PWR 19 mm momentary, green ring (to A22 J_MAINSW); C&K ATP19-SL1-603-B0SA-03G; silicone gasket washer under the bezel	PanelSwitch_19mm	C	3	15										C&K through Mouser, https://www.mouser.com/c/?q=ATP19-SL1-603-B0SA-03G ; MAIN PWR 19 mm, green ring
HAND_FIT	MAIN PWR 19 mm momentary, green ring (to PCB-A J_MAINSW); C&K ATP19-SL1-603-B0SA-03G; silicone gasket washer under the bezel	PanelSwitch_19mm	C	2	10										C&K through Mouser, https://www.mouser.com/c/?q=ATP19-SL1-603-B0SA-03G ; MAIN PWR 19 mm, green ring
HAND_FIT	NiceRF SA868 VHF 2 W exciter, bench-fitted (castellated; VBAT 3.3 to 5.5 V, TX 1 A)	NiceRF_SA868	D	4	20										NiceRF direct, https://www.nicerf.com/products/detail/sa868-vhf-walkie-talkie-module.html ; VHF 2 W exciter. JLCPCB has the UHF variant at stock 1 and the S variant at 0
HAND_FIT	Omron G6K-2F-Y 5 VDC DPDT signal relay, T/R	Relay_DPDT_Omron_G6K-2F-Y	D	4	20										Omron through Mouser, https://www.mouser.com/c/?q=G6K-2F-Y ; 5 V DPDT signal relay, JLCPCB stock 0
HAND_FIT	PI 16 mm recessed momentary, amber ring (PI_SHDN_REQ to the modules through the controller); C&K ATP16-SL1-403-M0SA-04G; silicone gasket washer under the bezel	PanelSwitch_16mm	C	3	15										C&K through Mouser, https://www.mouser.com/c/?q=ATP16-SL1-403-M0SA-04G ; PI 16 mm recessed, amber ring
HAND_FIT	PI 16 mm recessed momentary, amber ring (to Pi 5 J2); C&K ATP16-SL1-403-M0SA-04G (orange ring); silicone gasket washer under the bezel	PanelSwitch_16mm	C	2	10										C&K through Mouser, https://www.mouser.com/c/?q=ATP16-SL1-403-M0SA-04G ; PI 16 mm recessed, amber ring
HAND_FIT	SMP-MAX slide-on receptacle R222M00720 (underside), 5G-DIV to the dock plug	Radiall_SMPMAX_R222M00720	A	2	10										Radiall, https://www.radiall.com ; SMP-MAX slide-on receptacle, ten per kit. Datasheet v2/vendor/rf/radiall-R222M00720-tds.pdf. JLCPCB stock 0
HAND_FIT	SMP-MAX slide-on receptacle R222M00720 (underside), 5G-MAIN to the dock plug	Radiall_SMPMAX_R222M00720	A	2	10										Radiall, https://www.radiall.com ; SMP-MAX slide-on receptacle, ten per kit. Datasheet v2/vendor/rf/radiall-R222M00720-tds.pdf. JLCPCB stock 0
HAND_FIT	SMP-MAX slide-on receptacle R222M00720 (underside), GNSS to the dock plug	Radiall_SMPMAX_R222M00720	A	2	10										Radiall, https://www.radiall.com ; SMP-MAX slide-on receptacle, ten per kit. Datasheet v2/vendor/rf/radiall-R222M00720-tds.pdf. JLCPCB stock 0
HAND_FIT	SMP-MAX slide-on receptacle R222M00720 (underside), HF to the dock plug	Radiall_SMPMAX_R222M00720	A	2	10										Radiall, https://www.radiall.com ; SMP-MAX slide-on receptacle, ten per kit. Datasheet v2/vendor/rf/radiall-R222M00720-tds.pdf. JLCPCB stock 0
HAND_FIT	SMP-MAX slide-on receptacle R222M00720 (underside), IRID to the dock plug	Radiall_SMPMAX_R222M00720	A	5	25										Radiall, https://www.radiall.com ; SMP-MAX slide-on receptacle, ten per kit. Datasheet v2/vendor/rf/radiall-R222M00720-tds.pdf. JLCPCB stock 0
HAND_FIT	SMP-MAX slide-on receptacle R222M00720 (underside), LORA to the dock plug	Radiall_SMPMAX_R222M00720	A	5	25										Radiall, https://www.radiall.com ; SMP-MAX slide-on receptacle, ten per kit. Datasheet v2/vendor/rf/radiall-R222M00720-tds.pdf. JLCPCB stock 0
HAND_FIT	SMP-MAX slide-on receptacle R222M00720 (underside), LTE to the dock plug	Radiall_SMPMAX_R222M00720	A	3	15										Radiall, https://www.radiall.com ; SMP-MAX slide-on receptacle, ten per kit. Datasheet v2/vendor/rf/radiall-R222M00720-tds.pdf. JLCPCB stock 0
HAND_FIT	SMP-MAX slide-on receptacle R222M00720 (underside), P2P-A to the dock plug	Radiall_SMPMAX_R222M00720	A	2	10										Radiall, https://www.radiall.com ; SMP-MAX slide-on receptacle, ten per kit. Datasheet v2/vendor/rf/radiall-R222M00720-tds.pdf. JLCPCB stock 0
HAND_FIT	SMP-MAX slide-on receptacle R222M00720 (underside), P2P-B to the dock plug	Radiall_SMPMAX_R222M00720	A	2	10										Radiall, https://www.radiall.com ; SMP-MAX slide-on receptacle, ten per kit. Datasheet v2/vendor/rf/radiall-R222M00720-tds.pdf. JLCPCB stock 0
HAND_FIT	SMP-MAX slide-on receptacle R222M00720 (underside), SDR to the dock plug	Radiall_SMPMAX_R222M00720	A	5	25										Radiall, https://www.radiall.com ; SMP-MAX slide-on receptacle, ten per kit. Datasheet v2/vendor/rf/radiall-R222M00720-tds.pdf. JLCPCB stock 0
HAND_FIT	SMP-MAX slide-on receptacle R222M00720 (underside), UHF to the dock plug	Radiall_SMPMAX_R222M00720	A	3	15										Radiall, https://www.radiall.com ; SMP-MAX slide-on receptacle, ten per kit. Datasheet v2/vendor/rf/radiall-R222M00720-tds.pdf. JLCPCB stock 0
HAND_FIT	SMP-MAX slide-on receptacle R222M00720 (underside), VHF to the dock plug	Radiall_SMPMAX_R222M00720	A	2	10										Radiall, https://www.radiall.com ; SMP-MAX slide-on receptacle, ten per kit. Datasheet v2/vendor/rf/radiall-R222M00720-tds.pdf. JLCPCB stock 0
HAND_FIT	SMP-MAX slide-on receptacle R222M00720 (underside), WIFI24 to the dock plug	Radiall_SMPMAX_R222M00720	A	5	25										Radiall, https://www.radiall.com ; SMP-MAX slide-on receptacle, ten per kit. Datasheet v2/vendor/rf/radiall-R222M00720-tds.pdf. JLCPCB stock 0
HAND_FIT	SMP-MAX slide-on receptacle R222M00720 (underside), WIFI58 to the dock plug	Radiall_SMPMAX_R222M00720	A	3	15										Radiall, https://www.radiall.com ; SMP-MAX slide-on receptacle, ten per kit. Datasheet v2/vendor/rf/radiall-R222M00720-tds.pdf. JLCPCB stock 0
HAND_FIT	SOS locking toggle, maintained (APEM 5636ADKB-2V, both positions locked, red boot, hinged safety cover per 32.50; ruling 32.13); K front seal in the keyed 6.5 hole; the controller acts after 2 s closed	ToggleBody_SPDT	C	3	15										APEM through Mouser, https://www.mouser.com/c/?q=5636ADKB-2V ; the SOS, EMCON and ZEROIZE locking toggles
HAND_FIT	SOS locking toggle, maintained (APEM 5636ADKB-2V, both positions locked, red boot; ruling 32.13); K front seal in the keyed 6.5 hole; the bridge acts after 2 s closed	GuardedToggle_SPDT	C	1	5										APEM through Mouser, https://www.mouser.com/c/?q=5636ADKB-2V ; the SOS, EMCON and ZEROIZE locking toggles
HAND_FIT	SOS locking toggle, maintained (APEM 5636ADKB-2V, both positions locked, red boot; ruling 32.13); K front seal in the keyed 6.5 hole; the bridge acts after 2 s closed	ToggleBody_SPDT	C	1	5										APEM through Mouser, https://www.mouser.com/c/?q=5636ADKB-2V ; the SOS, EMCON and ZEROIZE locking toggles
HAND_FIT	TEST/ACK 16 mm momentary, white ring; C&K ATP16-SL1-203-M0SA-04G; silicone gasket washer under the bezel	PanelSwitch_16mm	C	5	25										C&K through Mouser, https://www.mouser.com/c/?q=ATP16-SL1-203-M0SA-04G ; TEST/ACK 16 mm, white ring
HAND_FIT	U-174/U headset jack 1 (Amphenol Nexus class, drawing owed): 17 mm hole through the backer, bushing nut below; its five leads run to D8 J_HS1	PanelJack_17mm	C	3	15										Amphenol Nexus through Mouser, https://www.mouser.com/c/?q=U-174%2FU ; a 17 mm panel hole through C's backer with a bushing nut below, five flying leads to D. Its footprint is a MountingHole: there is no BOM line for JLC to place. THE DRAWING IS STILL OWED and the hole diameter rests on it
HAND_FIT	U-174/U headset jack 2 (Amphenol Nexus class, drawing owed): 17 mm hole through the backer, bushing nut below; its five leads run to D8 J_HS2	PanelJack_17mm	C	3	15										the same jack, same route, same owed drawing
HAND_FIT	ZEROIZE locking toggle, maintained (APEM 5636ADKB-2V, both positions locked; ruling 32.13); K front seal in the keyed 6.5 hole; the bridge acts after 5 s closed	GuardedToggle_SPDT	C	1	5										APEM through Mouser, https://www.mouser.com/c/?q=5636ADKB-2V ; the SOS, EMCON and ZEROIZE locking toggles
HAND_FIT	ZEROIZE locking toggle, maintained (APEM 5636ADKB-2V, both positions locked; ruling 32.13); K front seal in the keyed 6.5 hole; the bridge acts after 5 s closed	ToggleBody_SPDT	C	1	5										APEM through Mouser, https://www.mouser.com/c/?q=5636ADKB-2V ; the SOS, EMCON and ZEROIZE locking toggles
HAND_FIT	ZEROIZE locking toggle, maintained (APEM 5636ADKB-2V, hinged safety cover; ruling 32.13); K front seal in the keyed 6.5 hole; ZEROIZE_HW low = wipe the secure element and assert the disk-key wipe (32.52)	ToggleBody_SPDT	C	3	15										APEM through Mouser, https://www.mouser.com/c/?q=5636ADKB-2V ; the SOS, EMCON and ZEROIZE locking toggles
HAND_FIT	ZEROIZE locking toggle, maintained (APEM 5636ADKB-2V, single pole ON-NONE-ON, lug 2 common, hinged safety cover; ruling 32.13); K front seal in the keyed 6.5 hole; closed = ZEROIZE_SW low, read by the panel controller alone (GPIO22); ruled firmware behaviour (owner D-03): read at boot before any slot powers, crypto-erase after 5 s closed	ToggleBody_SPDT	C	1	5										APEM through Mouser, https://www.mouser.com/c/?q=5636ADKB-2V ; the SOS, EMCON and ZEROIZE locking toggles
HAND_FIT	pre-charge pin, longer, mates first (32.24 AX)	Mill-Max_0858_power_pin	A	5	25										Mill-Max through Digi-Key, https://www.digikey.com/en/products?keywords=Mill-Max%200858 ; A's dock block pre-charge pin, the one that mates before the power pins. Same family as the 9 A pins above and in A's CPL exclusion list with them
HAND_FIT	spring pins to the dock block (2x6, Preci-Dip 813-S1-012-10-016101, underside): 1-4 SHORE_12V, 5-7 GND, 8 SHORE_INHIBIT, 9 module thermistor (103AT to GND), 10 GND, 11 Kelvin cell sense +, 12 spare	PogoPins_2x6	A	3	15										Preci-Dip, https://www.preci-dip.com ; 2x6 signal spring pins, sheet in v2/vendor/precidip/
HAND_FIT	spring pins to the dock block (2x6, Preci-Dip 813-S1-012-10-016101, underside): 1-4 VIN_RAW (9 to 36 V from E6), 5-7 GND, 8 SHORE_INHIBIT, 9-10 USB of E6's sensor controller, 11 GND, 12 spare	PogoPins_2x6	A	2	10										Preci-Dip, https://www.preci-dip.com ; 2x6 signal spring pins, sheet in v2/vendor/precidip/
NOT_AT_JLC	12 V heating pad on the battery module (XH2.5): + -	JST_XH_B2B-XH-A_1x02_P2.50mm_Vertical	A	3	15									2026-09-26	no component for '12 12V'
NOT_AT_JLC	DCF77 remote (XH2.5): 3V3 GND T P1	JST_XH_B4B-XH-A_1x04_P2.50mm_Vertical	B	4	20									2026-09-26	no component for 'DCF77'
NOT_AT_JLC	DNP bench: DMR858M 5 W UHF module on 2 x 1x12 2.54 mm female headers 8.5 mm + M2.5 x 11 mm standoffs	DMR858M	D	3	15									2026-09-26	no component for 'DMR858M'
NOT_AT_JLC	PA gate bias lead (JST-PH 1x2 to the RA30H1317M1 VGG): VGG GND	JST_PH_B2B-PH-K_1x02_P2.00mm_Vertical	D	3	15									2026-09-26	no component for 'RA30H1317M1'
NOT_AT_JLC	PCA9555PW 0x22: LEDs + switches	TSSOP-24_4.4x7.8mm_P0.65mm	C	2	10	C50993								2026-09-26	no component for 'C50993'
NOT_AT_JLC	PCA9555PW 0x23: LEDs, bar, e-paper control	TSSOP-24_4.4x7.8mm_P0.65mm	C	2	10	C50993								2026-09-26	no component for 'C50993'
NOT_AT_JLC	TRACO TEN 40-2412WIN: isolated 9-36 V in, 12 V 3.33 A out, -40..+75 C, 10.2 mm tall under the 13.4 mm gap. Pins 1 +Vin, 2 -Vin, 3 remote (open = on), 4 +Vout, 5 -Vout, 6 trim	Converter_DCDC_TRACO_TEN40-110xxWIRH_THT	E	1	5									2026-09-26	no component for '40-2412WIN'
NOT_AT_JLC	headset 1 lead (JST-PH 1x5 to the face plate U-174/U jack): SPK GND MIC GND PTT	JST_PH_B5B-PH-K_1x05_P2.00mm_Vertical	D	3	15									2026-09-26	no component for 'U-174/U'
NOT_AT_JLC	headset 2 lead (JST-PH 1x5 to the face plate U-174/U jack): SPK GND MIC GND PTT	JST_PH_B5B-PH-K_1x05_P2.00mm_Vertical	D	3	15									2026-09-26	no component for 'U-174/U'
NOT_CHECKED	DNP 100R (mirror now via Q4)	R_0603_1608Metric	D	1	5										no part number and no value this search understands: 'DNP 100R (mirror now via Q4)'
NOT_CHECKED	IP67 panel-mount sounder, 5 V DC continuous, bezel gasket on the face, two flying leads (part per docs/respin-research-seal-2026-09-04.md)	PanelSounder	C	2	10										no part number and no value this search understands: 'IP67 panel-mount sounder, 5 V DC continuous, bezel'
NOT_CHECKED	RockBLOCK 9603 PicoBlade 10	Molex_PicoBlade_53047-1010_1x10_P1.25mm_Vertical	B	4	20										no part number and no value this search understands: 'RockBLOCK 9603 PicoBlade 10'
NOT_CHECKED	Touch Display 2 5V (XH2.54)	JST_XH_B2B-XH-A_1x02_P2.50mm_Vertical	B	4	20										no part number and no value this search understands: 'Touch Display 2 5V (XH2.54)'
NOT_CHECKED	USB-A receptacle RTL-SDR	USB_A_Stewart_SS-52100-001_Horizontal	B	4	20										no part number and no value this search understands: 'USB-A receptacle RTL-SDR'
NOT_CHECKED	USB-A receptacle ZigBee	USB_A_Stewart_SS-52100-001_Horizontal	B	1	5										no part number and no value this search understands: 'USB-A receptacle ZigBee'
NOT_CHECKED	USB-A receptacle, GPS	USB_A_Stewart_SS-52100-001_Horizontal	A	1	5										no part number and no value this search understands: 'USB-A receptacle, GPS'
NOT_CHECKED	USB-A receptacle, WiFi	USB_A_Stewart_SS-52100-001_Horizontal	A	1	5										no part number and no value this search understands: 'USB-A receptacle, WiFi'
NOT_CHECKED	USB-A receptacle, internal cable to the Glenair 233-370 wall host port	USB_A_Stewart_SS-52100-001_Horizontal	A	3	15										no part number and no value this search understands: 'USB-A receptacle, internal cable to the Glenair 23'
NOT_CHECKED	amber LTE network (LED_WWAN# sinks)	LED_0603_1608Metric	B	3	15										no part number and no value this search understands: 'amber LTE network (LED_WWAN# sinks)'
NOT_CHECKED	front-wall LED row (XH2.5): PWR MESH SAT LTE SYS	JST_XH_B10B-XH-A_1x10_P2.50mm_Vertical	A	3	15										no part number and no value this search understands: 'front-wall LED row (XH2.5): PWR MESH SAT LTE SYS'
NOT_CHECKED	heater mat under the 2590 cradle (XH2.5): + -	JST_XH_B2B-XH-A_1x02_P2.50mm_Vertical	A	1	5										no part number and no value this search understands: 'heater mat under the 2590 cradle (XH2.5): + -'
NOT_IDENTIFIED	22u 50V X7R 1210	C_1210_3225Metric	A	7	35		C165546	NXA50V22M5*11 LO	SamYoung Electronics	Plugin,D5xL11mm	expand	1508	0.0884	2026-09-26	the row names no part number, its land names none, and the catalogue line names no package this comparison reads, so the search's answer (NXA50V22M5*11 LO, Plugin,D5xL11mm) is identified by nothing: name the part in the generator's row or declare it hand-fit
NOT_IDENTIFIED	700k	R_0603_1608Metric	A	1	5		C1858453	P2TC1206D7003LNTA	Vishay Intertech	1206	expand	10	29.5361	2026-09-26	the row names no part number, so nothing can be certified: give it one in the generator or declare it hand-fit (search answered P2TC1206D7003LNTA, 1206)
NOT_IDENTIFIED	panel ribbon from PCB-B (IDC 2x10, underside)	IDC-Header_2x10_P2.54mm_Vertical_SMD	C	2	10	C54803514	C54803514	JXT-IDC2.54-2X10P-A2	JXTCONN	SMD,P=2.54mm	expand	212	0.2657	2026-09-26	the row names no part number, its land names none, and the land names no package, so the code's answer (JXT-IDC2.54-2X10P-A2, SMD,P=2.54mm) is identified by nothing: name the part in the generator's row
NO_PART_CHOSEN	100 V N-FET PowerPAK SO-8 (CSD19536KTT class)	PowerPAK_SO-8_Single	A	1	5										the row names a class, not a part
NO_PART_CHOSEN	24 MHz 3.3 V oscillator 3225 (ASE-24.000MHZ-LC-T class)	Oscillator_SMD_Abracon_ASE-4Pin_3.2x2.5mm	D	2	10										the row names a class, not a part
NO_PART_CHOSEN	60 V N-FET PowerPAK SO-8 (CSD19532Q5B class)	PowerPAK_SO-8_Single	A	1	5										the row names a class, not a part
NO_PART_CHOSEN	60 V N-FET PowerPAK SO-8 (CSD19532Q5B class), hot-swap pass	PowerPAK_SO-8_Single	E	1	5										the row names a class, not a part
NO_PART_CHOSEN	9 A spring pin, module return CELL_N (Mill-Max 0858 class, dock block)	Mill-Max_0858_power_pin	A	3	15										the row names a class, not a part
NO_PART_CHOSEN	bare 12 V class panel in, lead from the D38999 spare pair (JST-VH, 10 A): + - (36-cell panel, up to about 22 V open circuit, 100 W)	JST_VH_B2P-VH_1x02_P3.96mm_Vertical	E	2	10										the row names a class, not a part
NO_STOCK	100u 25V	C_1206_3216Metric	A	2	10		C2911627	GRM31CR61E107ME19L	Murata Electronics	1206	expand	0	0.0002	2026-09-26	stock 0 against a need of 10 for 5 boards
NO_STOCK	25 MHz 3225	Crystal_SMD_3225-4Pin_3.2x2.5mm	B	1	5	C164047	C164047	TAXM25M4RFBCCT2T	Yajingxin	SMD3225-4P	expand	3	0.0592	2026-09-26	stock 3 against a need of 5 for 5 boards
NO_STOCK	25 MHz 3225 (CAN-FD bit timing needs a crystal, not the HSI)	Crystal_SMD_3225-4Pin_3.2x2.5mm	B	3	15	C164047	C164047	TAXM25M4RFBCCT2T	Yajingxin	SMD3225-4P	expand	3	0.0592	2026-09-26	stock 3 against a need of 15 for 5 boards
NO_STOCK	68nH 1812 (LPF)	L_1812_4532Metric	D	2	10		C1334442	IMC1812EB68NK	Vishay Intertech	1812	expand	0	0.6561	2026-09-26	stock 0 against a need of 10 for 5 boards
NO_STOCK	68nH 1812 (LPF, 145 MHz 5th order; values to be verified in MESHSAT-818)	L_1812_4532Metric	D	2	10		C1334442	IMC1812EB68NK	Vishay Intertech	1812	expand	0	0.6561	2026-09-26	stock 0 against a need of 10 for 5 boards
NO_STOCK	BQ7720700DSSR: second-level cell OV 4.325 V / UV 2.25 V / open wire / OT 70 C on its own 103AT-2 (J_TS2), 3S-7S (SLUSEG7D)	WSON-12-1EP_3x2mm_P0.5mm_EP1x2.65	P	1	5	C3681715	C3681715	BQ7720700DSSR	Texas Instruments	WSON-12(2x3)	expand	3	2.1193	2026-09-26	stock 3 against a need of 5 for 5 boards
NO_STOCK	LT8705A buck-boost controller, 38-lead QFN 5x7 (pin 39 = exposed pad GND, pin 40 unused)	WQFN-38-1EP_5x7mm_P0.5mm_EP3.15x5.15mm	E	1	5	C674167	C580337	LT8705AEUHF#PBF	Analog Devices	QFN-38-EP(5x7)	expand	3	31.4394	2026-09-26	stock 3 against a need of 5 for 5 boards
NO_STOCK	SCF9550-30-05 self-control fuse (Eaton, 30 A, 4-5 cells): 1 and 2 the fuse, 3 the heater	Eaton_SCF9550_9.5x5.0mm	P	1	5	C3670061	C3670061	SCF9550-30-05	EATON	-	expand	0	1.093	2026-09-26	stock 0 against a need of 5 for 5 boards
NO_STOCK	Seeed Wio-SX1262: 1 RF_SW 2 MISO 3 MOSI 4 SCK 5 NRST 6 NSS 7 GND 8 VCC 9 ANT 10 GND 11 BUSY 12 DIO1	Seeed_Wio-SX1262	B	3	15		C9900174795	Wio-SX1262	JLCPCB Assembly	SMD	expand	0	0.0203	2026-09-26	stock 0 against a need of 15 for 5 boards
NO_STOCK	WM8960 audio codec QFN-32 (pins per datasheet table: 4 LINPUT1, 11 MCLK, 12 BCLK, 13 DACLRC, 14 DACDAT, 15 ADCLRC, 16 ADCDAT, 17 SCLK, 18 SDIN, 27 VMID, 31 HP_L, 32 AVDD, 33 paddle)	QFN-32-1EP_5x5mm_P0.5mm_EP3.1x3.1mm	D	2	10		C3025583	WM8960CGEFL/V	Cirrus Logic	QFN-32-EP(5x5)	expand	0	12.5449	2026-09-26	stock 0 against a need of 10 for 5 boards
NO_STOCK	green	LED_0603_1608Metric	D	1	5	C72043	C72043	19-217/GHC-YR1S2/3T	Everlight Elec	0603	expand	1	0.0238	2026-09-26	stock 1 against a need of 5 for 5 boards
NO_STOCK	green 5V	LED_0603_1608Metric	B	4	20	C72043	C72043	19-217/GHC-YR1S2/3T	Everlight Elec	0603	expand	1	0.0238	2026-09-26	stock 1 against a need of 20 for 5 boards
NO_STOCK	green ZigBee (DIO_8)	LED_0603_1608Metric	B	3	15	C72043	C72043	19-217/GHC-YR1S2/3T	Everlight Elec	0603	expand	1	0.0238	2026-09-26	stock 1 against a need of 15 for 5 boards
NO_STOCK	green status (U7 bit 3 sinks)	LED_0603_1608Metric	D	2	10	C72043	C72043	19-217/GHC-YR1S2/3T	Everlight Elec	0603	expand	1	0.0238	2026-09-26	stock 1 against a need of 10 for 5 boards
NO_STOCK	green: shore 12 V present	LED_0603_1608Metric	E	1	5	C72043	C72043	19-217/GHC-YR1S2/3T	Everlight Elec	0603	expand	1	0.0238	2026-09-26	stock 1 against a need of 5 for 5 boards
PACKAGE_MISMATCH	8MHz 20pF 5032	Crystal_SMD_5032-2Pin_5.0x3.2mm	D	1	5	C115962	C115962	X50328MSB2GI	YXC Crystal Oscillators	SMD5032-2P	base	183982	0.2446	2026-09-26	our land is 5032, the part is SMD5032
PACKAGE_MISMATCH	BQ4050RSMR: SMBus 1.1 gas gauge, primary protection, 4S balancing (SLUSC67B)	QFN-32-1EP_5x5mm_P0.5mm_EP3.1x3.1mm	P	4	20	C157570	C157570	BQ4050RSMR	Texas Instruments	VQFN-32-EP(4x4)	expand	15945	1.2391	2026-09-26	our land's body is 5 x 5 mm and the part's is 4 x 4 mm
PACKAGE_MISMATCH	M.2 B-key 3052 socket, TE 1-2199119-5, M2.5 standoff: Quectel RM520N-GL 5G module (PCIe or USB 2.0; two antenna leads to A22's 5G jacks)	M2_B-Key_Socket_3052	B	1	5	C574849	C574849	1-2199119-5	TE Connectivity	SMD,P=0.5mm	expand	8143	1.205	2026-09-26	our land is M.2 key B and 1-2199119-5 is key M (TE's drawing for 2199119)
PACKAGE_MISMATCH	SMCJ33A (VIN_RAW clamp behind E6's filter)	D_SMB	A	1	5		C438109	SMCJ33A	Shandong Jingdao Microelectronics	SMC	expand	27331	0.1054	2026-09-26	our land is SMB, the part is SMC
PACKAGE_MISMATCH	TCA9517A I2C buffer: A = module (GPIO2/3, +3V3_CM), B = kit bus to PCB-A and PCB-C, EN from the module rail	MSOP-8_3x3mm_P0.65mm	B	3	15		C201698	TCA9517ADGKR	Texas Instruments	VSSOP-8-0.65mm	expand	19620	0.484	2026-09-26	our land is MSOP-8, the part is VSSOP-8
WRONG_MODEL	10 A mini blade (Keystone 3568 holder): pack node to the 8 V boost feed	Fuseholder_Blade_Mini_Keystone_3568	A	3	15		C4650	15*10*20 UType heat sink White	XSD	-	expand	2798	0.0926	2026-09-26	the row names no part number and its land is drawn for 3568; the search's answer is 15*10*20 UType heat sink White (-)
WRONG_MODEL	10 A mini blade (Keystone 3568 holder): pack node to the M1 converter	Fuseholder_Blade_Mini_Keystone_3568	A	3	15		C4650	15*10*20 UType heat sink White	XSD	-	expand	2798	0.0926	2026-09-26	the row names no part number and its land is drawn for 3568; the search's answer is 15*10*20 UType heat sink White (-)
WRONG_MODEL	10 A mini blade (Keystone 3568 holder): pack node to the M2 converter	Fuseholder_Blade_Mini_Keystone_3568	A	3	15		C4650	15*10*20 UType heat sink White	XSD	-	expand	2798	0.0926	2026-09-26	the row names no part number and its land is drawn for 3568; the search's answer is 15*10*20 UType heat sink White (-)
WRONG_MODEL	10 A mini blade (Keystone 3568 holder): panel input	Fuseholder_Blade_Mini_Keystone_3568	E	4	20		C4650	15*10*20 UType heat sink White	XSD	-	expand	2798	0.0926	2026-09-26	the row names no part number and its land is drawn for 3568; the search's answer is 15*10*20 UType heat sink White (-)
WRONG_MODEL	10 A mini blade (Keystone 3568 holder): vehicle input	Fuseholder_Blade_Mini_Keystone_3568	E	4	20		C4650	15*10*20 UType heat sink White	XSD	-	expand	2798	0.0926	2026-09-26	the row names no part number and its land is drawn for 3568; the search's answer is 15*10*20 UType heat sink White (-)
WRONG_MODEL	10 A mini blade (Keystone 3568 holder, in the clear band): panel input	Fuseholder_Blade_Mini_Keystone_3568	E	1	5		C4650	15*10*20 UType heat sink White	XSD	-	expand	2798	0.0926	2026-09-26	the row names no part number and its land is drawn for 3568; the search's answer is 15*10*20 UType heat sink White (-)
WRONG_MODEL	10.7k 0.1% 25ppm	R_0603_1608Metric	D	1	5	C861078	C861078	RT0603BRD0710K7L	YAGEO	0603	expand	1011	0.0351	2026-09-26	asked for 25ppm, JLCPCB's best answer is RT0603BRD0710K7L
WRONG_MODEL	100n 16V (REFCLK AC coupling, DS40068 3.1, W3-F03)	C_0402_1005Metric	B	6	30	C60474	C60474	CC0402KRX7R7BB104	YAGEO	0402	expand	15519580	0.0048	2026-09-26	asked for DS40068, JLCPCB's best answer is CC0402KRX7R7BB104
WRONG_MODEL	15 A mini blade (Keystone 3568 holder): pack node to the Pi converter	Fuseholder_Blade_Mini_Keystone_3568	A	3	15		C2467	FR157	MDD(Microdiode Semiconductor)	DO-15	expand	10888	0.0325	2026-09-26	the row names no part number and its land is drawn for 3568; the search's answer is FR157 (DO-15)
WRONG_MODEL	220n 16V (PCIe AC coupling at the switch transmitter, W3-F01)	C_0402_1005Metric	B	12	60	C696846	C696846	TCC0402X7R224K160AT	CCTC	0402	expand	192168	0.0051	2026-09-26	asked for W3-F01, JLCPCB's best answer is TCC0402X7R224K160AT
WRONG_MODEL	25 A mini blade (Keystone 3568 holder): pack node to VBAT	Fuseholder_Blade_Mini_Keystone_3568	A	2	10	C4661	C4661	23.5*16*25	XSD	-	expand	12048	0.193	2026-09-26	the row names no part number and its land is drawn for 3568; the code's answer is 23.5*16*25 (-)
WRONG_MODEL	3 mOhm 1% 3 W 2512 shunt (RALEC LR2512-23R003F4): gauge SRP/SRN Kelvin (32.24 AV)	R_2512_6332Metric	A	3	15	C154688	C154688	LR2512-23R005F4	RALEC	2512	expand	11999	0.1597	2026-09-26	asked for LR2512-23R003F4, JLCPCB's best answer is LR2512-23R005F4
WRONG_MODEL	33.2R 1% (HCSL series Rs, DS40068 Table 8-1, W3-F03)	R_0603_1608Metric	B	18	90	C23004	C23004	0603WAF332JT5E	UNI-ROYAL(Uniroyal Elec)	0603	expand	49957	0.0032	2026-09-26	asked for DS40068, JLCPCB's best answer is 0603WAF332JT5E
WRONG_MODEL	49.9R 1% (HCSL shunt Rp, DS40068 Table 8-1, W3-F03)	R_0603_1608Metric	B	18	90	C23185	C23185	0603WAF499JT5E	UNI-ROYAL(Uniroyal Elec)	0603	base	2362519	0.0021	2026-09-26	asked for DS40068, JLCPCB's best answer is 0603WAF499JT5E
WRONG_MODEL	56.2k 0.1% 25ppm	R_0603_1608Metric	D	1	5	C705784	C705784	RT0603BRD0756K2L	YAGEO	0603	expand	10885	0.0351	2026-09-26	asked for 25ppm, JLCPCB's best answer is RT0603BRD0756K2L
WRONG_MODEL	6 MHz 3225 (CL 20 pF; C1 = C2 = 27 pF and Rd 1.5k per SLLS413 figure 6)	Crystal_SMD_3225-4Pin_3.2x2.5mm	D	4	20	C448646	C448646	NX3225SA-25MHz-STD-CSR-6	NDK	SMD3225-4P	expand	972	0.458	2026-09-26	the row asks for 6 MHz and the catalogue part is 25 MHz (C448646 NX3225SA-25MHz-STD-CSR-6)
WRONG_MODEL	6 MHz 3225 (codec clock; 18 pF loads, to confirm on the EVM sheet)	Crystal_SMD_3225-4Pin_3.2x2.5mm	D	4	20	C448646	C448646	NX3225SA-25MHz-STD-CSR-6	NDK	SMD3225-4P	expand	972	0.458	2026-09-26	the row asks for 6 MHz and the catalogue part is 25 MHz (C448646 NX3225SA-25MHz-STD-CSR-6)
WRONG_MODEL	6 MHz HC-49S-SMD passive (CL 20 pF, 80 Ohm; C1 = C2 = 27 pF and Rd 1.0k, SLLS413 figure 6 re-chosen for this part's ESR)	Crystal_SMD_HC49-SD	D	1	5	C252308	C252308	6CS06000F20UCG	SJK(SHENZHEN CRYSTAL TECH)	HC-49S-SMD	expand	325	0.1331	2026-09-26	asked for HC-49S-SMD, JLCPCB's best answer is 6CS06000F20UCG
WRONG_MODEL	6 MHz HC-49S-SMD passive (codec clock, CL 20 pF; C1 = C2 = 27 pF)	Crystal_SMD_HC49-SD	D	1	5	C252308	C252308	6CS06000F20UCG	SJK(SHENZHEN CRYSTAL TECH)	HC-49S-SMD	expand	325	0.1331	2026-09-26	asked for HC-49S-SMD, JLCPCB's best answer is 6CS06000F20UCG
WRONG_MODEL	7.5 A mini blade (Keystone 3568 holder, in the clear band): 3.7 A at 12 V full load, 5 A at 9 V	Fuseholder_Blade_Mini_Keystone_3568	E	1	5		C9900125840	7.5u	JLCPCB Assembly	0603	expand	0	0.0395	2026-09-26	the row names no part number and its land is drawn for 3568; the search's answer is 7.5u (0603)
WRONG_MODEL	74LVC86APW quad exclusive-or: break-before-make on each bank's select	TSSOP-14_4.4x5mm_P0.65mm	B	1	5	C350562	C350562	SN74LVC86APWR	Texas Instruments	TSSOP-14	expand	4080	0.6058	2026-09-26	MISMATCH under owner condition 1, not a pass: ordered SN74LVC86APWR (Texas Instruments), schematic names 74LVC86APW, Nexperia's type number; the two sheets give the same function and pins but different input transition limits (TI 9 ns/V, Nexperia 10 ns/V at 2.7 to 3.6 V); the tool read CERTIFIED; marked by the integrator on 2026-09-26 (SOURCES.yaml bbm-xor)
WRONG_MODEL	CM5 cooler fan (JST-SH 1.0): 5V GND TACHO PWM; 5 V from the Pi rail so the fan stops with the module	JST_SH_BM04B-SRSS-TB_1x04-1MP_P1.00mm_Vertical	B	3	15	C160404	C160404	SM04B-SRSS-TB(LF)(SN)	JST	SMD,P=1mm,Surface Mount，Right Angle	expand	30786	0.2131	2026-09-26	the row names no part number and its land is drawn for BM04B-SRSS-TB; the code's answer is SM04B-SRSS-TB(LF)(SN) (SMD,P=1mm,Surface Mount，Right Angle)
WRONG_MODEL	DS3231MZ+ holdover clock (I2C 0x68), CR2032 backed	SOIC-8_3.9x4.9mm_P1.27mm	B	1	5	C9866	C9866	DS3231SN#T&R	Analog Devices Inc./Maxim Integrated	SOIC-16-300mil	expand	4590	9.2013	2026-09-26	asked for DS3231MZ, JLCPCB's best answer is DS3231SN#T&R
WRONG_MODEL	EL817S / PC817 optocoupler: LED from PCB-A SHORE_INHIBIT (kit side), transistor shorts the converter remote pin to -Vin (isolated side); LED on = converter OFF, LED off or Pi dead = ON	SOP-4_3.8x4.1mm_P2.54mm	E	1	5	C109227	C109227	LTV-817S-TA1-C	Lite-On	SMD-4P	base	182411	0.0762	2026-09-26	asked for EL817S, JLCPCB's best answer is LTV-817S-TA1-C
WRONG_MODEL	FE1.1s	SSOP-28_5.3x10.2mm_P0.65mm	B	1	5	C2848	C3608268	D82C284-8	Rochester Electronics, LLC	DIP-18	expand	0	41.8277	2026-09-26	asked for FE1.1s, JLCPCB's best answer is D82C284-8
WRONG_MODEL	INA219AIDCN	SOT-23-8	A,B	23	115	C138024	C138024	RC0402FR-0725R5L	YAGEO	0402	expand	124	0.0013	2026-09-26	asked for INA219AIDCN, JLCPCB's best answer is RC0402FR-0725R5L
WRONG_MODEL	JST-PH 1x2 socket for the cell thermistor lead (the 10k NTC, a 103AT, sits in the cell block)	JST_PH_B2B-PH-K_1x02_P2.00mm_Vertical	P	2	10	C5251182	C5251182	B2B-PH-K-S-GW	JST	Plugin,P=2mm	expand	37049	0.1418	2026-09-26	MISMATCH under owner condition 1, not a pass: ordered B2B-PH-K-S-GW, schematic names JST-PH 1x2 on the B2B-PH-K land, and the held JST PH catalogue lists B2B-PH-K-S with no -GW; recommended C131337, B2B-PH-K-S(LF)(SN); the tool read CERTIFIED; marked by the parts stream on 2026-09-26 (SOURCES.yaml jlc_retake_45bde541.condition_1_mismatches)
WRONG_MODEL	JST-PH 1x2 socket: PA gate bias, VGG GND (the lead runs to the RA30H1317M1 VGG pin)	JST_PH_B2B-PH-K_1x02_P2.00mm_Vertical	D	1	5	C5251182	C5251182	B2B-PH-K-S-GW	JST	Plugin,P=2mm	expand	37049	0.1418	2026-09-26	MISMATCH under owner condition 1, not a pass: ordered B2B-PH-K-S-GW, schematic names JST-PH 1x2 on the B2B-PH-K land, and the held JST PH catalogue lists B2B-PH-K-S with no -GW; recommended C131337, B2B-PH-K-S(LF)(SN); the tool read CERTIFIED; marked by the parts stream on 2026-09-26 (SOURCES.yaml jlc_retake_45bde541.condition_1_mismatches)
WRONG_MODEL	JST-PH 1x5 socket for the four cell thermistors (Semitec 103AT-2, one per series group of the 4S3P block): TS1 TS2 TS3 TS4 VSS	JST_PH_B5B-PH-K_1x05_P2.00mm_Vertical	P	1	5	C157993	C157993	B5B-PH-K-S(LF)(SN)	JST	Plugin,P=2mm	expand	161943	0.0541	2026-09-26	asked for 103AT-2, JLCPCB's best answer is B5B-PH-K-S(LF)(SN)
WRONG_MODEL	JST-XH 1x2 (B2B-XH-A): lid and tamper reed sensor lead, Littelfuse 59140-1-S-05-A normally open under the frame, 57140-000 magnet in the lid: 1 lead, 2 GND	JST_XH_B2B-XH-A_1x02_P2.50mm_Vertical	E	1	5	C158012	C158012	B2B-XH-A(LF)(SN)	JST	Plugin,P=2.5mm	expand	363735	0.0405	2026-09-26	asked for 59140-1-S-05-A, JLCPCB's best answer is B2B-XH-A(LF)(SN)
WRONG_MODEL	JST-XH 1x2 socket: the MAIN button lead from the panel, PB and GND	JST_XH_B2B-XH-A_1x02_P2.50mm_Vertical	A	1	5	C265283	C265283	B2B-XH-A-GU	JST	Plugin,P=2.5mm	expand	5984	0.2818	2026-09-26	MISMATCH under owner condition 1, not a pass: ordered B2B-XH-A-GU (gold contacts per LCSC), schematic names JST-XH 1x2 on the B2B-XH-A land, and the held JST XH catalogue lists no -GU; recommended C158012, B2B-XH-A(LF)(SN); the tool read CERTIFIED; marked by the parts stream on 2026-09-26 (SOURCES.yaml jlc_retake_45bde541.condition_1_mismatches)
WRONG_MODEL	JST-XH 1x2 socket: the heater mat under the 2590 cradle, + and -	JST_XH_B2B-XH-A_1x02_P2.50mm_Vertical	A	1	5	C265283	C265283	B2B-XH-A-GU	JST	Plugin,P=2.5mm	expand	5984	0.2818	2026-09-26	MISMATCH under owner condition 1, not a pass: ordered B2B-XH-A-GU (gold contacts per LCSC), schematic names JST-XH 1x2 on the B2B-XH-A land, and the held JST XH catalogue lists no -GU; recommended C158012, B2B-XH-A(LF)(SN); the tool read CERTIFIED; marked by the parts stream on 2026-09-26 (SOURCES.yaml jlc_retake_45bde541.condition_1_mismatches)
WRONG_MODEL	JST-XH 1x2 socket: the pack heater mat (12 V, 7.5 W), fed a regulated 12.0 V: + and -	JST_XH_B2B-XH-A_1x02_P2.50mm_Vertical	A	1	5	C265283	C265283	B2B-XH-A-GU	JST	Plugin,P=2.5mm	expand	5984	0.2818	2026-09-26	MISMATCH under owner condition 1, not a pass: ordered B2B-XH-A-GU (gold contacts per LCSC), schematic names JST-XH 1x2 on the B2B-XH-A land, and the held JST XH catalogue lists no -GU; recommended C158012, B2B-XH-A(LF)(SN); the tool read CERTIFIED; marked by the parts stream on 2026-09-26 (SOURCES.yaml jlc_retake_45bde541.condition_1_mismatches)
WRONG_MODEL	LTC2954ITS8-1 push-button on/off controller, -40 to 85 C	TSOT-23-8	A	1	5	C580654	C580654	LTC2954ITS8-1#TRMPBF	Analog Devices	TSOT-23-8	expand	197	6.957	2026-09-26	MISMATCH under owner condition 1, not a pass: ordered LTC2954ITS8-1#TRMPBF, schematic names LTC2954ITS8-1, and the held 2954fb lists #PBF and #TRPBF only (#TRM as a 500-piece reel is INFERRED); the maker's current order guide decides; the tool read CERTIFIED; marked by the parts stream on 2026-09-26 (SOURCES.yaml jlc_retake_45bde541.condition_1_mismatches)
WRONG_MODEL	PCA9555PW	TSSOP-24_4.4x7.8mm_P0.65mm	B	1	5	C5626	C5626	74HC245PW,118	Nexperia	TSSOP-20	expand	75729	0.1724	2026-09-26	asked for PCA9555PW, JLCPCB's best answer is 74HC245PW,118
WRONG_MODEL	PCA9555PW (0x21)	TSSOP-24_4.4x7.8mm_P0.65mm	A	3	15	C5626	C5626	74HC245PW,118	Nexperia	TSSOP-20	expand	75729	0.1724	2026-09-26	asked for PCA9555PW, JLCPCB's best answer is 74HC245PW,118
WRONG_MODEL	PCA9555PW (0x24): wall port, heating pad, charger, gauge	TSSOP-24_4.4x7.8mm_P0.65mm	A	3	15	C5626	C5626	74HC245PW,118	Nexperia	TSSOP-20	expand	75729	0.1724	2026-09-26	asked for PCA9555PW, JLCPCB's best answer is 74HC245PW,118
WRONG_MODEL	PCA9555PW 0x20	TSSOP-24_4.4x7.8mm_P0.65mm	B	3	15	C5626	C5626	74HC245PW,118	Nexperia	TSSOP-20	expand	75729	0.1724	2026-09-26	asked for PCA9555PW, JLCPCB's best answer is 74HC245PW,118
WRONG_MODEL	PCA9555PW 0x25	TSSOP-24_4.4x7.8mm_P0.65mm	B	3	15	C5626	C5626	74HC245PW,118	Nexperia	TSSOP-20	expand	75729	0.1724	2026-09-26	asked for PCA9555PW, JLCPCB's best answer is 74HC245PW,118
WRONG_MODEL	PCA9555PW 0x26: PTT, PTT2, LED, CS, COS in, channel code in	TSSOP-24_4.4x7.8mm_P0.65mm	D	1	5	C5626	C5626	74HC245PW,118	Nexperia	TSSOP-20	expand	75729	0.1724	2026-09-26	asked for PCA9555PW, JLCPCB's best answer is 74HC245PW,118
WRONG_MODEL	SMA jack, Amphenol 132134-11 vertical (pigtail to the 5G-DIV device)	SMA_Amphenol_132134-11_Vertical	A	1	5	C3174425	C3174425	132134	Amphenol ICC	Plugin	expand	1654	4.4935	2026-09-26	asked for 132134-11, JLCPCB's best answer is 132134
WRONG_MODEL	SMA jack, Amphenol 132134-11 vertical (pigtail to the 5G-MAIN device)	SMA_Amphenol_132134-11_Vertical	A	1	5	C3174425	C3174425	132134	Amphenol ICC	Plugin	expand	1654	4.4935	2026-09-26	asked for 132134-11, JLCPCB's best answer is 132134
WRONG_MODEL	SMA jack, Amphenol 132134-11 vertical (pigtail to the GNSS device)	SMA_Amphenol_132134-11_Vertical	A	1	5	C3174425	C3174425	132134	Amphenol ICC	Plugin	expand	1654	4.4935	2026-09-26	asked for 132134-11, JLCPCB's best answer is 132134
WRONG_MODEL	SMA jack, Amphenol 132134-11 vertical (pigtail to the HF device)	SMA_Amphenol_132134-11_Vertical	A	1	5	C3174425	C3174425	132134	Amphenol ICC	Plugin	expand	1654	4.4935	2026-09-26	asked for 132134-11, JLCPCB's best answer is 132134
WRONG_MODEL	SMA jack, Amphenol 132134-11 vertical (pigtail to the IRID device)	SMA_Amphenol_132134-11_Vertical	A	1	5	C3174425	C3174425	132134	Amphenol ICC	Plugin	expand	1654	4.4935	2026-09-26	asked for 132134-11, JLCPCB's best answer is 132134
WRONG_MODEL	SMA jack, Amphenol 132134-11 vertical (pigtail to the LORA device)	SMA_Amphenol_132134-11_Vertical	A	1	5	C3174425	C3174425	132134	Amphenol ICC	Plugin	expand	1654	4.4935	2026-09-26	asked for 132134-11, JLCPCB's best answer is 132134
WRONG_MODEL	SMA jack, Amphenol 132134-11 vertical (pigtail to the P2P-A device)	SMA_Amphenol_132134-11_Vertical	A	1	5	C3174425	C3174425	132134	Amphenol ICC	Plugin	expand	1654	4.4935	2026-09-26	asked for 132134-11, JLCPCB's best answer is 132134
WRONG_MODEL	SMA jack, Amphenol 132134-11 vertical (pigtail to the P2P-B device)	SMA_Amphenol_132134-11_Vertical	A	1	5	C3174425	C3174425	132134	Amphenol ICC	Plugin	expand	1654	4.4935	2026-09-26	asked for 132134-11, JLCPCB's best answer is 132134
WRONG_MODEL	SMA jack, Amphenol 132134-11 vertical (pigtail to the SDR device)	SMA_Amphenol_132134-11_Vertical	A	1	5	C3174425	C3174425	132134	Amphenol ICC	Plugin	expand	1654	4.4935	2026-09-26	asked for 132134-11, JLCPCB's best answer is 132134
WRONG_MODEL	SMA jack, Amphenol 132134-11 vertical (pigtail to the VHF device)	SMA_Amphenol_132134-11_Vertical	A	1	5	C3174425	C3174425	132134	Amphenol ICC	Plugin	expand	1654	4.4935	2026-09-26	asked for 132134-11, JLCPCB's best answer is 132134
WRONG_MODEL	SMA jack, Amphenol 132134-11 vertical (pigtail to the WIFI24 device)	SMA_Amphenol_132134-11_Vertical	A	1	5	C3174425	C3174425	132134	Amphenol ICC	Plugin	expand	1654	4.4935	2026-09-26	asked for 132134-11, JLCPCB's best answer is 132134
WRONG_MODEL	SMBus lead to E6 J_SMB (JST-XH 1x4): SMBC SMBD GND PRES	JST_XH_B4B-XH-A_1x04_P2.50mm_Vertical	P	2	10	C594232	C594232	B4B-XH-A-G	JST	Plugin,P=2.5mm	expand	17517	0.249	2026-09-26	MISMATCH under owner condition 1, not a pass: ordered B4B-XH-A-G (gold contacts per LCSC), schematic names B4B-XH-A (JST-XH 1x4 on the B4B-XH-A land), and the held JST XH catalogue lists no -G; recommended C144395, B4B-XH-A(LF)(SN); the tool read CERTIFIED; marked by the parts stream on 2026-09-26 (SOURCES.yaml jlc_retake_45bde541.condition_1_mismatches)
WRONG_MODEL	SMBus lead to E6 J_SMB (JST-XH 1x4): SMBC SMBD GND(pack side of the shunt) PRES	JST_XH_B4B-XH-A_1x04_P2.50mm_Vertical	P	1	5	C594232	C594232	B4B-XH-A-G	JST	Plugin,P=2.5mm	expand	17517	0.249	2026-09-26	MISMATCH under owner condition 1, not a pass: ordered B4B-XH-A-G (gold contacts per LCSC), schematic names B4B-XH-A (JST-XH 1x4 on the B4B-XH-A land), and the held JST XH catalogue lists no -G; recommended C144395, B4B-XH-A(LF)(SN); the tool read CERTIFIED; marked by the parts stream on 2026-09-26 (SOURCES.yaml jlc_retake_45bde541.condition_1_mismatches)
WRONG_MODEL	SMBus lead to board P, JST-XH 1x4 (B4B-XH-A), P's pin order: 1 SMBC, 2 SMBD, 3 GND, 4 PRES	JST_XH_B4B-XH-A_1x04_P2.50mm_Vertical	E	1	5	C594232	C594232	B4B-XH-A-G	JST	Plugin,P=2.5mm	expand	17517	0.249	2026-09-26	MISMATCH under owner condition 1, not a pass: ordered B4B-XH-A-G (gold contacts per LCSC), schematic names B4B-XH-A (JST-XH 1x4 on the B4B-XH-A land), and the held JST XH catalogue lists no -G; recommended C144395, B4B-XH-A(LF)(SN); the tool read CERTIFIED; marked by the parts stream on 2026-09-26 (SOURCES.yaml jlc_retake_45bde541.condition_1_mismatches)
WRONG_MODEL	SMCJ18A (VBAT clamp)	D_SMB	A	1	5	C1973072	C1973072	SMCJ15A	Littelfuse	DO-214AB	expand	2520	0.2604	2026-09-26	asked for SMCJ18A, JLCPCB's best answer is SMCJ15A
WRONG_MODEL	STM32H753VITx I/O supervisor A: 2-of-3 quorum on two CAN-FD fabrics, bank ownership and hub reset	LQFP-100_14x14mm_P0.5mm	B	1	5	C114409	C114409	STM32H743VIT6	STMicroelectronics	LQFP-100(14x14)	expand	4335	12.1325	2026-09-26	asked for STM32H753VITx, JLCPCB's best answer is STM32H743VIT6
WRONG_MODEL	STM32H753VITx I/O supervisor B: 2-of-3 quorum on two CAN-FD fabrics, bank ownership and hub reset	LQFP-100_14x14mm_P0.5mm	B	1	5	C114409	C114409	STM32H743VIT6	STMicroelectronics	LQFP-100(14x14)	expand	4335	12.1325	2026-09-26	asked for STM32H753VITx, JLCPCB's best answer is STM32H743VIT6
WRONG_MODEL	STM32H753VITx I/O supervisor C: 2-of-3 quorum on two CAN-FD fabrics, bank ownership and hub reset	LQFP-100_14x14mm_P0.5mm	B	1	5	C114409	C114409	STM32H743VIT6	STMicroelectronics	LQFP-100(14x14)	expand	4335	12.1325	2026-09-26	asked for STM32H753VITx, JLCPCB's best answer is STM32H743VIT6
WRONG_MODEL	Si1308EDL class N-FET (RDS under 200 mOhm, VGS 2.5 V): the boost switch on GDR	SOT-23	C	1	5	C8545	C8545	2N7002	Jiangsu Changjing Electronics Technology Co., Ltd.	SOT-23	base	1693209	0.0178	2026-09-26	asked for Si1308EDL, JLCPCB's best answer is 2N7002
WRONG_MODEL	TUSB2046BI four-port USB 2.0 full-speed hub (LQFP-32; BUSPWR low = self-powered, EXTMEM high, GANGED high, TSTMODE low)	LQFP-32_7x7mm_P0.8mm	D	4	20	C167642	C167642	TUSB2046BVFR	Texas Instruments	LQFP-32(7x7)	expand	370	2.7656	2026-09-26	asked for TUSB2046BI, JLCPCB's best answer is TUSB2046BVFR
WRONG_MODEL	Touch Display 2 FPC 22-pin 0.5 mm (Hirose FH12-22S-0.5SH), Standard-Mini 22-to-15 cable	Hirose_FH12-22S-0.5SH_1x22-1MP_P0.50mm_Horizontal	B	3	15		C9900246727	F_22PIN	JLCPCB Assembly	SMD,P=0.5mm	expand	0	0.0203	2026-09-26	the row names 22-pin, but its land is drawn for FH12-22S-0.5SH; the search's answer is F_22PIN (SMD,P=0.5mm)
WRONG_MODEL	U.FL: MHF4 pigtail from the slot 1 WiFi card, chain A	U.FL_Hirose_U.FL-R-SMT-1_Vertical	B	1	5	C434808	C434808	U.FL-R-SMT(10)	HRS(Hirose)	SMD	expand	21886	0.3589	2026-09-26	the row names no part number and its land is drawn for U.FL-R-SMT-1; the code's answer is U.FL-R-SMT(10) (SMD)
WRONG_MODEL	U.FL: MHF4 pigtail from the slot 1 WiFi card, chain B	U.FL_Hirose_U.FL-R-SMT-1_Vertical	B	1	5	C434808	C434808	U.FL-R-SMT(10)	HRS(Hirose)	SMD	expand	21886	0.3589	2026-09-26	the row names no part number and its land is drawn for U.FL-R-SMT-1; the code's answer is U.FL-R-SMT(10) (SMD)
WRONG_MODEL	U.FL: MHF4 pigtail from the slot 3 WiFi card, chain A	U.FL_Hirose_U.FL-R-SMT-1_Vertical	B	1	5	C434808	C434808	U.FL-R-SMT(10)	HRS(Hirose)	SMD	expand	21886	0.3589	2026-09-26	the row names no part number and its land is drawn for U.FL-R-SMT-1; the code's answer is U.FL-R-SMT(10) (SMD)
WRONG_MODEL	U.FL: MHF4 pigtail from the slot 3 WiFi card, chain B	U.FL_Hirose_U.FL-R-SMT-1_Vertical	B	1	5	C434808	C434808	U.FL-R-SMT(10)	HRS(Hirose)	SMD	expand	21886	0.3589	2026-09-26	the row names no part number and its land is drawn for U.FL-R-SMT-1; the code's answer is U.FL-R-SMT(10) (SMD)
WRONG_MODEL	U.FL: pigtail to A22's P2P jack, chain A	U.FL_Hirose_U.FL-R-SMT-1_Vertical	B	1	5	C434808	C434808	U.FL-R-SMT(10)	HRS(Hirose)	SMD	expand	21886	0.3589	2026-09-26	the row names no part number and its land is drawn for U.FL-R-SMT-1; the code's answer is U.FL-R-SMT(10) (SMD)
WRONG_MODEL	U.FL: pigtail to A22's P2P jack, chain B	U.FL_Hirose_U.FL-R-SMT-1_Vertical	B	1	5	C434808	C434808	U.FL-R-SMT(10)	HRS(Hirose)	SMD	expand	21886	0.3589	2026-09-26	the row names no part number and its land is drawn for U.FL-R-SMT-1; the code's answer is U.FL-R-SMT(10) (SMD)
WRONG_MODEL	USB2517I-JZX seven-port USB 2.0 hub (strap defaults, ports 6-7 disabled)	QFN-64-1EP_9x9mm_P0.5mm_EP4.7x4.7mm	A,B	4	20	C1521556	C1521556	USB2517-JZX	Microchip Tech	QFN-64-EP(9x9)	expand	874	4.3213	2026-09-26	asked for USB2517I-JZX, JLCPCB's best answer is USB2517-JZX
WRONG_MODEL	amber 5G network	LED_0603_1608Metric	B	1	5	C2287	C2287	KT-0603Y	Hubei KENTO Elec	0603	expand	83745	0.0107	2026-09-26	MISMATCH under owner condition 1, not a pass: ordered KT-0603Y (KENTO, yellow, 596 nm peak per LCSC), schematic names amber; recommended: the value text names yellow and the code stays; the tool read CERTIFIED; marked by the parts stream on 2026-09-26 (SOURCES.yaml jlc_retake_45bde541.condition_1_mismatches)
WRONG_MODEL	amber NVMe activity	LED_0603_1608Metric	B	3	15	C2287	C2287	KT-0603Y	Hubei KENTO Elec	0603	expand	83745	0.0107	2026-09-26	MISMATCH under owner condition 1, not a pass: ordered KT-0603Y (KENTO, yellow, 596 nm peak per LCSC), schematic names amber; recommended: the value text names yellow and the code stays; the tool read CERTIFIED; marked by the parts stream on 2026-09-26 (SOURCES.yaml jlc_retake_45bde541.condition_1_mismatches)
WRONG_MODEL	amber PA keyed	LED_0603_1608Metric	D	5	25	C2287	C2287	KT-0603Y	Hubei KENTO Elec	0603	expand	83461	0.0107	2026-09-26	MISMATCH under owner condition 1, not a pass: ordered KT-0603Y (KENTO, yellow, 596 nm peak per LCSC), schematic names amber; recommended: the value text names yellow and the code stays; the tool read CERTIFIED; marked by the parts stream on 2026-09-26 (SOURCES.yaml jlc_retake_45bde541.condition_1_mismatches)
WRONG_MODEL	amber record	LED_0603_1608Metric	D	5	25	C2287	C2287	KT-0603Y	Hubei KENTO Elec	0603	expand	83461	0.0107	2026-09-26	MISMATCH under owner condition 1, not a pass: ordered KT-0603Y (KENTO, yellow, 596 nm peak per LCSC), schematic names amber; recommended: the value text names yellow and the code stays; the tool read CERTIFIED; marked by the parts stream on 2026-09-26 (SOURCES.yaml jlc_retake_45bde541.condition_1_mismatches)
WRONG_MODEL	cell thermistor (JST-PH 1x2): the 103AT in the block	JST_PH_B2B-PH-K_1x02_P2.00mm_Vertical	P	2	10		C2975490	SD103ATW-TP	MCC(Micro Commercial Components)	SOT-363	expand	2361	0.1035	2026-09-26	the row names 103AT, but its land is drawn for B2B-PH-K; the search's answer is SD103ATW-TP (SOT-363)
WRONG_MODEL	module thermistor lead (XH2.5): 103AT to the charger TS pin over the block	JST_XH_B2B-XH-A_1x02_P2.50mm_Vertical	E	1	5		C2975490	SD103ATW-TP	MCC(Micro Commercial Components)	SOT-363	expand	2361	0.1035	2026-09-26	the row names 103AT, but its land is drawn for B2B-XH-A; the search's answer is SD103ATW-TP (SOT-363)
WRONG_MODEL	second-level cell thermistor socket, JST-PH 1x2 (Semitec 103AT-2 on the hottest cell): 1 TS_SEC_J, 2 VSS	JST_PH_B2B-PH-K_1x02_P2.00mm_Vertical	P	1	5	C5251182	C5251182	B2B-PH-K-S-GW	JST	Plugin,P=2mm	expand	37049	0.1418	2026-09-26	asked for 103AT-2, JLCPCB's best answer is B2B-PH-K-S-GW; also a MISMATCH under owner condition 1, not a pass: ordered B2B-PH-K-S-GW, schematic names JST-PH 1x2 on the B2B-PH-K land, and the held JST PH catalogue lists B2B-PH-K-S with no -GW; recommended C131337, B2B-PH-K-S(LF)(SN); marked by the parts stream on 2026-09-26 (SOURCES.yaml jlc_retake_45bde541.condition_1_mismatches)
