ERC report (2026-09-27T15:16:54+0000, Encoding UTF8)
Report includes: Errors, Warnings, Exclusions

***** Sheet /
[lib_symbol_issues]: The current configuration does not include the symbol library 'Connector_Generic'
    ; warning
    @(38.10 mm, 43.18 mm): Symbol J_DOCK [Conn_01x12]
[lib_symbol_issues]: The current configuration does not include the symbol library 'Connector'
    ; warning
    @(10.16 mm, 68.58 mm): Symbol J_CP1 [Conn_01x01_Pin]
[lib_symbol_issues]: The current configuration does not include the symbol library 'Connector'
    ; warning
    @(10.16 mm, 81.28 mm): Symbol J_VR3 [Conn_01x01_Pin]
[lib_symbol_issues]: The current configuration does not include the symbol library 'Connector'
    ; warning
    @(45.72 mm, 68.58 mm): Symbol J_CP2 [Conn_01x01_Pin]
[lib_symbol_issues]: The current configuration does not include the symbol library 'Connector'
    ; warning
    @(45.72 mm, 81.28 mm): Symbol J_VR4 [Conn_01x01_Pin]
[lib_symbol_issues]: The current configuration does not include the symbol library 'Connector'
    ; warning
    @(80.01 mm, 68.58 mm): Symbol J_CP3 [Conn_01x01_Pin]
[lib_symbol_issues]: The current configuration does not include the symbol library 'Device'
    ; warning
    @(110.49 mm, 27.94 mm): Symbol F1 [Fuse]
[lib_symbol_issues]: The current configuration does not include the symbol library 'Connector'
    ; warning
    @(80.01 mm, 81.28 mm): Symbol J_VN1 [Conn_01x01_Pin]
[lib_symbol_issues]: The current configuration does not include the symbol library 'power'
    ; warning
    @(19.05 mm, 114.30 mm): Symbol #PWR000 [+3V3]
[lib_symbol_issues]: The current configuration does not include the symbol library 'Device'
    ; warning
    @(15.24 mm, 115.57 mm): Symbol R2 [R]
[lib_symbol_issues]: The current configuration does not include the symbol library 'Device'
    ; warning
    @(19.05 mm, 120.65 mm): Symbol R3 [R]
[endpoint_off_grid]: Symbol pin or wire end off connection grid
    ; warning
    @(20.96 mm, 127.00 mm): Horizontal Wire, length 1.91 mm
[endpoint_off_grid]: Symbol pin or wire end off connection grid
    ; warning
    @(38.74 mm, 124.46 mm): Horizontal Wire, length 2.54 mm
[endpoint_off_grid]: Symbol pin or wire end off connection grid
    ; warning
    @(38.74 mm, 124.46 mm): Symbol U1 Pin 2 [MAIN_PB, Passive, Line]
[endpoint_off_grid]: Symbol pin or wire end off connection grid
    ; warning
    @(27.31 mm, 129.54 mm): Horizontal Wire, length 12.07 mm
[endpoint_off_grid]: Symbol pin or wire end off connection grid
    ; warning
    @(37.47 mm, 127.00 mm): Horizontal Wire, length 16.51 mm
[endpoint_off_grid]: Symbol pin or wire end off connection grid
    ; warning
    @(38.74 mm, 127.00 mm): Horizontal Wire, length 1.27 mm
[lib_symbol_issues]: The current configuration does not include the symbol library 'Connector'
    ; warning
    @(115.57 mm, 68.58 mm): Symbol J_CP4 [Conn_01x01_Pin]
[endpoint_off_grid]: Symbol pin or wire end off connection grid
    ; warning
    @(37.47 mm, 129.54 mm): Horizontal Wire, length 10.16 mm
[endpoint_off_grid]: Symbol pin or wire end off connection grid
    ; warning
    @(38.74 mm, 129.54 mm): Horizontal Wire, length 1.27 mm
[lib_symbol_issues]: The current configuration does not include the symbol library 'Device'
    ; warning
    @(12.70 mm, 135.89 mm): Symbol R184 [R]
[lib_symbol_issues]: The current configuration does not include the symbol library 'Connector'
    ; warning
    @(115.57 mm, 81.28 mm): Symbol J_VN2 [Conn_01x01_Pin]
[lib_symbol_issues]: The current configuration does not include the symbol library 'meshsat_ic'
    ; warning
    @(60.96 mm, 128.27 mm): Symbol U1 [U1]
[lib_symbol_issues]: The current configuration does not include the symbol library 'power'
    ; warning
    @(12.70 mm, 142.24 mm): Symbol #PWR001 [GND]
[endpoint_off_grid]: Symbol pin or wire end off connection grid
    ; warning
    @(83.18 mm, 124.46 mm): Horizontal Wire, length 1.27 mm
[endpoint_off_grid]: Symbol pin or wire end off connection grid
    ; warning
    @(84.45 mm, 124.46 mm): Horizontal Wire, length 11.43 mm
[endpoint_off_grid]: Symbol pin or wire end off connection grid
    ; warning
    @(83.18 mm, 127.00 mm): Horizontal Wire, length 1.27 mm
[lib_symbol_issues]: The current configuration does not include the symbol library 'power'
    ; warning
    @(60.96 mm, 139.70 mm): Symbol #PWR003 [GND]
[endpoint_off_grid]: Symbol pin or wire end off connection grid
    ; warning
    @(84.45 mm, 127.00 mm): Horizontal Wire, length 6.35 mm
[unconnected_wire_endpoint]: Unconnected wire endpoint
    ; warning
    @(84.45 mm, 127.00 mm): Horizontal Wire, length 6.35 mm
[endpoint_off_grid]: Symbol pin or wire end off connection grid
    ; warning
    @(95.88 mm, 124.46 mm): Horizontal Wire, length 1.91 mm
[lib_symbol_issues]: The current configuration does not include the symbol library 'Device'
    ; warning
    @(26.67 mm, 157.48 mm): Symbol R4 [R]
[lib_symbol_issues]: The current configuration does not include the symbol library 'Device'
    ; warning
    @(97.79 mm, 130.81 mm): Symbol C152 [C]
[lib_symbol_issues]: The current configuration does not include the symbol library 'Connector'
    ; warning
    @(149.86 mm, 68.58 mm): Symbol J_CN1 [Conn_01x01_Pin]
[lib_symbol_issues]: The current configuration does not include the symbol library 'power'
    ; warning
    @(97.79 mm, 137.16 mm): Symbol #PWR002 [GND]
[lib_symbol_issues]: The current configuration does not include the symbol library 'Device'
    ; warning
    @(167.64 mm, 29.21 mm): Symbol C1 [C]
[lib_symbol_issues]: The current configuration does not include the symbol library 'Connector'
    ; warning
    @(149.86 mm, 81.28 mm): Symbol J_VN3 [Conn_01x01_Pin]
[unconnected_wire_endpoint]: Unconnected wire endpoint
    ; warning
    @(146.05 mm, 124.46 mm): Horizontal Wire, length 2.54 mm
[lib_symbol_issues]: The current configuration does not include the symbol library 'Device'
    ; warning
    @(146.05 mm, 130.81 mm): Symbol C4 [C]
[lib_symbol_issues]: The current configuration does not include the symbol library 'Connector'
    ; warning
    @(185.42 mm, 68.58 mm): Symbol J_CN2 [Conn_01x01_Pin]
[lib_symbol_issues]: The current configuration does not include the symbol library 'power'
    ; warning
    @(146.05 mm, 137.16 mm): Symbol #PWR004 [GND]
[lib_symbol_issues]: The current configuration does not include the symbol library 'Connector'
    ; warning
    @(185.42 mm, 81.28 mm): Symbol J_VN4 [Conn_01x01_Pin]
[lib_symbol_issues]: The current configuration does not include the symbol library 'Device'
    ; warning
    @(161.29 mm, 123.19 mm): Symbol R5 [R]
[lib_symbol_issues]: The current configuration does not include the symbol library 'power'
    ; warning
    @(161.29 mm, 129.54 mm): Symbol #PWR005 [GND]
[lib_symbol_issues]: The current configuration does not include the symbol library 'Transistor_FET'
    ; warning
    @(180.34 mm, 116.84 mm): Symbol Q1 [2N7002]
[lib_symbol_issues]: The current configuration does not include the symbol library 'Device'
    ; warning
    @(218.44 mm, 29.21 mm): Symbol C2 [C]
[lib_symbol_issues]: The current configuration does not include the symbol library 'power'
    ; warning
    @(182.88 mm, 124.46 mm): Symbol #PWR006 [GND]
[lib_symbol_issues]: The current configuration does not include the symbol library 'Connector'
    ; warning
    @(220.98 mm, 68.58 mm): Symbol J_CN3 [Conn_01x01_Pin]
[lib_symbol_issues]: The current configuration does not include the symbol library 'Connector_Generic'
    ; warning
    @(222.25 mm, 107.95 mm): Symbol J_MAINSW [Conn_01x02]
[lib_symbol_issues]: The current configuration does not include the symbol library 'Connector'
    ; warning
    @(255.27 mm, 68.58 mm): Symbol J_CN4 [Conn_01x01_Pin]
[lib_symbol_issues]: The current configuration does not include the symbol library 'Device'
    ; warning
    @(269.24 mm, 29.21 mm): Symbol C3 [C]
[lib_symbol_issues]: The current configuration does not include the symbol library 'Connector'
    ; warning
    @(290.83 mm, 68.58 mm): Symbol J_PRE1 [Conn_01x01_Pin]
[lib_symbol_issues]: The current configuration does not include the symbol library 'Device'
    ; warning
    @(311.15 mm, 27.94 mm): Symbol D1 [D_Zener]
[lib_symbol_issues]: The current configuration does not include the symbol library 'Connector'
    ; warning
    @(325.12 mm, 68.58 mm): Symbol J_VR1 [Conn_01x01_Pin]
[lib_symbol_issues]: The current configuration does not include the symbol library 'Device'
    ; warning
    @(13.97 mm, 337.82 mm): Symbol R172 [R]
[unconnected_wire_endpoint]: Unconnected wire endpoint
    ; warning
    @(36.83 mm, 349.25 mm): Horizontal Wire, length 7.62 mm
[unconnected_wire_endpoint]: Unconnected wire endpoint
    ; warning
    @(36.83 mm, 351.79 mm): Horizontal Wire, length 11.43 mm
[lib_symbol_issues]: The current configuration does not include the symbol library 'Device'
    ; warning
    @(12.70 mm, 353.06 mm): Symbol R34 [R]
[unconnected_wire_endpoint]: Unconnected wire endpoint
    ; warning
    @(80.01 mm, 344.17 mm): Horizontal Wire, length 8.89 mm
[lib_symbol_issues]: The current configuration does not include the symbol library 'Device'
    ; warning
    @(355.60 mm, 27.94 mm): Symbol R1 [R]
[unconnected_wire_endpoint]: Unconnected wire endpoint
    ; warning
    @(36.83 mm, 356.87 mm): Horizontal Wire, length 10.16 mm
[lib_symbol_issues]: The current configuration does not include the symbol library 'power'
    ; warning
    @(12.70 mm, 359.41 mm): Symbol #PWR078 [GND]
[lib_symbol_issues]: The current configuration does not include the symbol library 'power'
    ; warning
    @(134.62 mm, 334.01 mm): Symbol #PWR080 [+3V3]
[unconnected_wire_endpoint]: Unconnected wire endpoint
    ; warning
    @(36.83 mm, 359.41 mm): Horizontal Wire, length 7.62 mm
[lib_symbol_issues]: The current configuration does not include the symbol library 'meshsat_ic'
    ; warning
    @(58.42 mm, 356.87 mm): Symbol U5 [U5]
[unconnected_wire_endpoint]: Unconnected wire endpoint
    ; warning
    @(36.83 mm, 361.95 mm): Horizontal Wire, length 13.97 mm
[unconnected_wire_endpoint]: Unconnected wire endpoint
    ; warning
    @(36.83 mm, 364.49 mm): Horizontal Wire, length 13.97 mm
[unconnected_wire_endpoint]: Unconnected wire endpoint
    ; warning
    @(80.01 mm, 354.33 mm): Horizontal Wire, length 11.43 mm
[lib_symbol_issues]: The current configuration does not include the symbol library 'Device'
    ; warning
    @(134.62 mm, 340.36 mm): Symbol R171 [R]
[lib_symbol_issues]: The current configuration does not include the symbol library 'Connector'
    ; warning
    @(360.68 mm, 68.58 mm): Symbol J_VR2 [Conn_01x01_Pin]
[unconnected_wire_endpoint]: Unconnected wire endpoint
    ; warning
    @(36.83 mm, 367.03 mm): Horizontal Wire, length 10.16 mm
[lib_symbol_issues]: The current configuration does not include the symbol library 'Device'
    ; warning
    @(16.51 mm, 370.84 mm): Symbol C135 [C]
[unconnected_wire_endpoint]: Unconnected wire endpoint
    ; warning
    @(80.01 mm, 361.95 mm): Horizontal Wire, length 11.43 mm
[lib_symbol_issues]: The current configuration does not include the symbol library 'power'
    ; warning
    @(16.51 mm, 377.19 mm): Symbol #PWR079 [GND]
[unconnected_wire_endpoint]: Unconnected wire endpoint
    ; warning
    @(80.01 mm, 367.03 mm): Horizontal Wire, length 8.89 mm
[lib_symbol_issues]: The current configuration does not include the symbol library 'power'
    ; warning
    @(58.42 mm, 379.73 mm): Symbol #PWR081 [GND]
[lib_symbol_issues]: The current configuration does not include the symbol library 'Device'
    ; warning
    @(27.94 mm, 384.81 mm): Symbol R46 [R]
[lib_symbol_issues]: The current configuration does not include the symbol library 'Device'
    ; warning
    @(68.58 mm, 384.81 mm): Symbol C133 [C]
[lib_symbol_issues]: The current configuration does not include the symbol library 'Device'
    ; warning
    @(109.22 mm, 384.81 mm): Symbol R130 [R]
[lib_symbol_issues]: The current configuration does not include the symbol library 'Device'
    ; warning
    @(29.21 mm, 400.05 mm): Symbol R32 [R]
[lib_symbol_issues]: The current configuration does not include the symbol library 'Device'
    ; warning
    @(69.85 mm, 400.05 mm): Symbol R33 [R]
[lib_symbol_issues]: The current configuration does not include the symbol library 'Device'
    ; warning
    @(107.95 mm, 400.05 mm): Symbol R176 [R]
[unconnected_wire_endpoint]: Unconnected wire endpoint
    ; warning
    @(231.14 mm, 344.17 mm): Horizontal Wire, length 2.54 mm
[lib_symbol_issues]: The current configuration does not include the symbol library 'Device'
    ; warning
    @(25.40 mm, 415.29 mm): Symbol R174 [R]
[lib_symbol_issues]: The current configuration does not include the symbol library 'Device'
    ; warning
    @(158.75 mm, 384.81 mm): Symbol C113 [C]
[lib_symbol_issues]: The current configuration does not include the symbol library 'Device'
    ; warning
    @(231.14 mm, 350.52 mm): Symbol C136 [C]
[lib_symbol_issues]: The current configuration does not include the symbol library 'Device'
    ; warning
    @(68.58 mm, 415.29 mm): Symbol R173 [R]
[lib_symbol_issues]: The current configuration does not include the symbol library 'power'
    ; warning
    @(231.14 mm, 356.87 mm): Symbol #PWR082 [GND]
[lib_symbol_issues]: The current configuration does not include the symbol library 'Device'
    ; warning
    @(156.21 mm, 400.05 mm): Symbol R175 [R]
[lib_symbol_issues]: The current configuration does not include the symbol library 'Device'
    ; warning
    @(111.76 mm, 415.29 mm): Symbol C138 [C]
[lib_symbol_issues]: The current configuration does not include the symbol library 'Device'
    ; warning
    @(251.46 mm, 350.52 mm): Symbol C35 [C]
[lib_symbol_issues]: The current configuration does not include the symbol library 'Device'
    ; warning
    @(31.75 mm, 430.53 mm): Symbol C34 [C]
[lib_symbol_issues]: The current configuration does not include the symbol library 'Device'
    ; warning
    @(199.39 mm, 384.81 mm): Symbol C134 [C]
[lib_symbol_issues]: The current configuration does not include the symbol library 'Device'
    ; warning
    @(431.80 mm, 40.64 mm): Symbol R119 [R]
[lib_symbol_issues]: The current configuration does not include the symbol library 'Device'
    ; warning
    @(430.53 mm, 53.34 mm): Symbol R195 [R]
[lib_symbol_issues]: The current configuration does not include the symbol library 'power'
    ; warning
    @(251.46 mm, 356.87 mm): Symbol #PWR083 [GND]
[lib_symbol_issues]: The current configuration does not include the symbol library 'Device'
    ; warning
    @(78.74 mm, 430.53 mm): Symbol D5 [D_Schottky]
[lib_symbol_issues]: The current configuration does not include the symbol library 'Device'
    ; warning
    @(266.70 mm, 350.52 mm): Symbol C36 [C]
[lib_symbol_issues]: The current configuration does not include the symbol library 'Device'
    ; warning
    @(231.14 mm, 378.46 mm): Symbol C37 [C]
[lib_symbol_issues]: The current configuration does not include the symbol library 'Device'
    ; warning
    @(158.75 mm, 415.29 mm): Symbol C137 [C]
[lib_symbol_issues]: The current configuration does not include the symbol library 'power'
    ; warning
    @(266.70 mm, 356.87 mm): Symbol #PWR084 [GND]
[lib_symbol_issues]: The current configuration does not include the symbol library 'power'
    ; warning
    @(231.14 mm, 384.81 mm): Symbol #PWR087 [GND]
[lib_symbol_issues]: The current configuration does not include the symbol library 'Device'
    ; warning
    @(281.94 mm, 350.52 mm): Symbol C193 [C]
[lib_symbol_issues]: The current configuration does not include the symbol library 'Device'
    ; warning
    @(132.08 mm, 430.53 mm): Symbol L4 [L]
[lib_symbol_issues]: The current configuration does not include the symbol library 'Device'
    ; warning
    @(444.50 mm, 73.66 mm): Symbol R8 [R]
[lib_symbol_issues]: The current configuration does not include the symbol library 'Device'
    ; warning
    @(246.38 mm, 378.46 mm): Symbol C38 [C]
[lib_symbol_issues]: The current configuration does not include the symbol library 'Device'
    ; warning
    @(209.55 mm, 400.05 mm): Symbol C139 [C]
[lib_symbol_issues]: The current configuration does not include the symbol library 'power'
    ; warning
    @(444.50 mm, 80.01 mm): Symbol #PWR008 [GND]
[lib_symbol_issues]: The current configuration does not include the symbol library 'power'
    ; warning
    @(281.94 mm, 356.87 mm): Symbol #PWR085 [GND]
[lib_symbol_issues]: The current configuration does not include the symbol library 'Device'
    ; warning
    @(452.12 mm, 50.80 mm): Symbol D19 [D_Schottky]
[unconnected_wire_endpoint]: Unconnected wire endpoint
    ; warning
    @(297.18 mm, 344.17 mm): Horizontal Wire, length 2.54 mm
[lib_symbol_issues]: The current configuration does not include the symbol library 'power'
    ; warning
    @(246.38 mm, 384.81 mm): Symbol #PWR088 [GND]
[lib_symbol_issues]: The current configuration does not include the symbol library 'Device'
    ; warning
    @(449.58 mm, 83.82 mm): Symbol C207 [C]
[lib_symbol_issues]: The current configuration does not include the symbol library 'power'
    ; warning
    @(449.58 mm, 90.17 mm): Symbol #PWR007 [GND]
[endpoint_off_grid]: Symbol pin or wire end off connection grid
    ; warning
    @(20.96 mm, 458.47 mm): Vertical Wire, length 2.54 mm
[endpoint_off_grid]: Symbol pin or wire end off connection grid
    ; warning
    @(23.50 mm, 458.47 mm): Symbol Q28 Pin 1 [S2_SW1, Passive, Line]
[endpoint_off_grid]: Symbol pin or wire end off connection grid
    ; warning
    @(23.50 mm, 458.47 mm): Horizontal Wire, length 2.54 mm
[lib_symbol_issues]: The current configuration does not include the symbol library 'Device'
    ; warning
    @(297.18 mm, 350.52 mm): Symbol C219 [C]
[lib_symbol_issues]: The current configuration does not include the symbol library 'Device'
    ; warning
    @(261.62 mm, 378.46 mm): Symbol C39 [C]
[lib_symbol_issues]: The current configuration does not include the symbol library 'Device'
    ; warning
    @(431.80 mm, 162.56 mm): Symbol C8 [C]
[unconnected_wire_endpoint]: Unconnected wire endpoint
    ; warning
    @(431.80 mm, 156.21 mm): Horizontal Wire, length 2.54 mm
[endpoint_off_grid]: Symbol pin or wire end off connection grid
    ; warning
    @(23.50 mm, 461.01 mm): Horizontal Wire, length 2.54 mm
[endpoint_off_grid]: Symbol pin or wire end off connection grid
    ; warning
    @(60.32 mm, 458.47 mm): Horizontal Wire, length 2.54 mm
[lib_symbol_issues]: The current configuration does not include the symbol library 'meshsat_ic'
    ; warning
    @(41.91 mm, 461.01 mm): Symbol Q28 [Q28]
[endpoint_off_grid]: Symbol pin or wire end off connection grid
    ; warning
    @(107.32 mm, 450.85 mm): Horizontal Wire, length 1.91 mm
[lib_symbol_issues]: The current configuration does not include the symbol library 'Device'
    ; warning
    @(205.74 mm, 415.29 mm): Symbol D6 [D_Schottky]
[lib_symbol_issues]: The current configuration does not include the symbol library 'power'
    ; warning
    @(431.80 mm, 168.91 mm): Symbol #PWR011 [GND]
[lib_symbol_issues]: The current configuration does not include the symbol library 'power'
    ; warning
    @(297.18 mm, 356.87 mm): Symbol #PWR086 [GND]
[lib_symbol_issues]: The current configuration does not include the symbol library 'Device'
    ; warning
    @(461.01 mm, 57.15 mm): Symbol R199 [R]
[endpoint_off_grid]: Symbol pin or wire end off connection grid
    ; warning
    @(60.32 mm, 461.01 mm): Horizontal Wire, length 2.54 mm
[endpoint_off_grid]: Symbol pin or wire end off connection grid
    ; warning
    @(114.94 mm, 450.85 mm): Horizontal Wire, length 7.62 mm
[lib_symbol_issues]: The current configuration does not include the symbol library 'power'
    ; warning
    @(261.62 mm, 384.81 mm): Symbol #PWR089 [GND]
[lib_symbol_issues]: The current configuration does not include the symbol library 'Device'
    ; warning
    @(450.85 mm, 115.57 mm): Symbol C5 [C]
[endpoint_off_grid]: Symbol pin or wire end off connection grid
    ; warning
    @(116.21 mm, 450.85 mm): Symbol Q29 Pin 1 [S2_CS, Passive, Line]
[endpoint_off_grid]: Symbol pin or wire end off connection grid
    ; warning
    @(116.21 mm, 450.85 mm): Horizontal Wire, length 1.27 mm
[endpoint_off_grid]: Symbol pin or wire end off connection grid
    ; warning
    @(113.67 mm, 453.39 mm): Vertical Wire, length 2.54 mm
[endpoint_off_grid]: Symbol pin or wire end off connection grid
    ; warning
    @(116.21 mm, 453.39 mm): Horizontal Wire, length 2.54 mm
[unconnected_wire_endpoint]: Unconnected wire endpoint
    ; warning
    @(474.98 mm, 69.85 mm): Horizontal Wire, length 11.43 mm
[lib_symbol_issues]: The current configuration does not include the symbol library 'Device'
    ; warning
    @(276.86 mm, 378.46 mm): Symbol C164 [C_Polarized]
[lib_symbol_issues]: The current configuration does not include the symbol library 'Device'
    ; warning
    @(450.85 mm, 130.81 mm): Symbol C9 [C]
[endpoint_off_grid]: Symbol pin or wire end off connection grid
    ; warning
    @(116.21 mm, 455.93 mm): Horizontal Wire, length 2.54 mm
[unconnected_wire_endpoint]: Unconnected wire endpoint
    ; warning
    @(474.98 mm, 74.93 mm): Horizontal Wire, length 10.16 mm
[lib_symbol_issues]: The current configuration does not include the symbol library 'Device'
    ; warning
    @(431.80 mm, 190.50 mm): Symbol C163 [C_Polarized]
[unconnected_wire_endpoint]: Unconnected wire endpoint
    ; warning
    @(474.98 mm, 72.39 mm): Horizontal Wire, length 7.62 mm
[unconnected_wire_endpoint]: Unconnected wire endpoint
    ; warning
    @(474.98 mm, 77.47 mm): Horizontal Wire, length 7.62 mm
[lib_symbol_issues]: The current configuration does not include the symbol library 'meshsat_ic'
    ; warning
    @(133.35 mm, 454.66 mm): Symbol Q29 [Q29]
[lib_symbol_issues]: The current configuration does not include the symbol library 'power'
    ; warning
    @(276.86 mm, 384.81 mm): Symbol #PWR090 [GND]
[lib_symbol_issues]: The current configuration does not include the symbol library 'Device'
    ; warning
    @(105.41 mm, 462.28 mm): Symbol R170 [R]
[lib_symbol_issues]: The current configuration does not include the symbol library 'power'
    ; warning
    @(431.80 mm, 196.85 mm): Symbol #PWR012 [GND]
[endpoint_off_grid]: Symbol pin or wire end off connection grid
    ; warning
    @(150.49 mm, 450.85 mm): Horizontal Wire, length 2.54 mm
[endpoint_off_grid]: Symbol pin or wire end off connection grid
    ; warning
    @(150.49 mm, 453.39 mm): Horizontal Wire, length 2.54 mm
[lib_symbol_issues]: The current configuration does not include the symbol library 'Device'
    ; warning
    @(292.10 mm, 378.46 mm): Symbol C165 [C_Polarized]
[lib_symbol_issues]: The current configuration does not include the symbol library 'power'
    ; warning
    @(105.41 mm, 468.63 mm): Symbol #PWR093 [GND]
[lib_symbol_issues]: The current configuration does not include the symbol library 'power'
    ; warning
    @(292.10 mm, 384.81 mm): Symbol #PWR091 [GND]
[lib_symbol_issues]: The current configuration does not include the symbol library 'Device'
    ; warning
    @(431.80 mm, 218.44 mm): Symbol C189 [C]
[lib_symbol_issues]: The current configuration does not include the symbol library 'Device'
    ; warning
    @(473.71 mm, 100.33 mm): Symbol R206 [R]
[unconnected_wire_endpoint]: Unconnected wire endpoint
    ; warning
    @(307.34 mm, 372.11 mm): Horizontal Wire, length 2.54 mm
[lib_symbol_issues]: The current configuration does not include the symbol library 'Device'
    ; warning
    @(447.04 mm, 190.50 mm): Symbol C178 [C_Polarized]
[lib_symbol_issues]: The current configuration does not include the symbol library 'power'
    ; warning
    @(431.80 mm, 224.79 mm): Symbol #PWR024 [GND]
[lib_symbol_issues]: The current configuration does not include the symbol library 'Device'
    ; warning
    @(307.34 mm, 378.46 mm): Symbol C166 [C_Polarized]
[lib_symbol_issues]: The current configuration does not include the symbol library 'power'
    ; warning
    @(447.04 mm, 196.85 mm): Symbol #PWR013 [GND]
[lib_symbol_issues]: The current configuration does not include the symbol library 'power'
    ; warning
    @(307.34 mm, 384.81 mm): Symbol #PWR092 [GND]
[lib_symbol_issues]: The current configuration does not include the symbol library 'power'
    ; warning
    @(39.37 mm, 491.49 mm): Symbol #PWR094 [+3V3]
[endpoint_off_grid]: Symbol pin or wire end off connection grid
    ; warning
    @(203.84 mm, 450.85 mm): Vertical Wire, length 2.54 mm
[endpoint_off_grid]: Symbol pin or wire end off connection grid
    ; warning
    @(206.38 mm, 450.85 mm): Symbol Q30 Pin 1 [S2_CS, Passive, Line]
[endpoint_off_grid]: Symbol pin or wire end off connection grid
    ; warning
    @(206.38 mm, 450.85 mm): Horizontal Wire, length 2.54 mm
[endpoint_off_grid]: Symbol pin or wire end off connection grid
    ; warning
    @(203.84 mm, 453.39 mm): Vertical Wire, length 2.54 mm
[lib_symbol_issues]: The current configuration does not include the symbol library 'Device'
    ; warning
    @(447.04 mm, 218.44 mm): Symbol C192 [C]
[endpoint_off_grid]: Symbol pin or wire end off connection grid
    ; warning
    @(206.38 mm, 453.39 mm): Horizontal Wire, length 2.54 mm
[endpoint_off_grid]: Symbol pin or wire end off connection grid
    ; warning
    @(433.71 mm, 245.11 mm): Horizontal Wire, length 1.91 mm
[lib_symbol_issues]: The current configuration does not include the symbol library 'Device'
    ; warning
    @(462.28 mm, 190.50 mm): Symbol C179 [C_Polarized]
[lib_symbol_issues]: The current configuration does not include the symbol library 'power'
    ; warning
    @(447.04 mm, 224.79 mm): Symbol #PWR025 [GND]
[endpoint_off_grid]: Symbol pin or wire end off connection grid
    ; warning
    @(206.38 mm, 455.93 mm): Horizontal Wire, length 2.54 mm
[lib_symbol_issues]: The current configuration does not include the symbol library 'meshsat_ic'
    ; warning
    @(496.57 mm, 71.12 mm): Symbol U2 [U2]
[lib_symbol_issues]: The current configuration does not include the symbol library 'Device'
    ; warning
    @(431.80 mm, 256.54 mm): Symbol R12 [R]
[lib_symbol_issues]: The current configuration does not include the symbol library 'power'
    ; warning
    @(462.28 mm, 196.85 mm): Symbol #PWR014 [GND]
[endpoint_off_grid]: Symbol pin or wire end off connection grid
    ; warning
    @(441.33 mm, 245.11 mm): Horizontal Wire, length 7.62 mm
[lib_symbol_issues]: The current configuration does not include the symbol library 'Device'
    ; warning
    @(491.49 mm, 115.57 mm): Symbol C6 [C]
[lib_symbol_issues]: The current configuration does not include the symbol library 'Connector_Generic'
    ; warning
    @(132.08 mm, 487.68 mm): Symbol J_5V_S2 [Conn_01x02]
[lib_symbol_issues]: The current configuration does not include the symbol library 'power'
    ; warning
    @(431.80 mm, 262.89 mm): Symbol #PWR037 [GND]
[lib_symbol_issues]: The current configuration does not include the symbol library 'power'
    ; warning
    @(496.57 mm, 95.25 mm): Symbol #PWR010 [GND]
[endpoint_off_grid]: Symbol pin or wire end off connection grid
    ; warning
    @(442.60 mm, 245.11 mm): Symbol Q3 Pin 1 [FE_CS, Passive, Line]
[endpoint_off_grid]: Symbol pin or wire end off connection grid
    ; warning
    @(442.60 mm, 245.11 mm): Horizontal Wire, length 1.27 mm
[lib_symbol_issues]: The current configuration does not include the symbol library 'meshsat_ic'
    ; warning
    @(46.99 mm, 504.19 mm): Symbol U9 [U9]
[lib_symbol_issues]: The current configuration does not include the symbol library 'meshsat_ic'
    ; warning
    @(223.52 mm, 454.66 mm): Symbol Q30 [Q30]
[endpoint_off_grid]: Symbol pin or wire end off connection grid
    ; warning
    @(442.60 mm, 247.65 mm): Horizontal Wire, length 2.54 mm
[endpoint_off_grid]: Symbol pin or wire end off connection grid
    ; warning
    @(442.60 mm, 250.19 mm): Horizontal Wire, length 2.54 mm
[endpoint_off_grid]: Symbol pin or wire end off connection grid
    ; warning
    @(240.66 mm, 450.85 mm): Horizontal Wire, length 2.54 mm
[lib_symbol_issues]: The current configuration does not include the symbol library 'Device'
    ; warning
    @(462.28 mm, 218.44 mm): Symbol C199 [C_Polarized]
[endpoint_off_grid]: Symbol pin or wire end off connection grid
    ; warning
    @(240.66 mm, 453.39 mm): Horizontal Wire, length 2.54 mm
[lib_symbol_issues]: The current configuration does not include the symbol library 'power'
    ; warning
    @(462.28 mm, 224.79 mm): Symbol #PWR026 [GND]
[lib_symbol_issues]: The current configuration does not include the symbol library 'Device'
    ; warning
    @(477.52 mm, 190.50 mm): Symbol C180 [C_Polarized]
[endpoint_off_grid]: Symbol pin or wire end off connection grid
    ; warning
    @(243.20 mm, 453.39 mm): Horizontal Wire, length 12.70 mm
[lib_symbol_issues]: The current configuration does not include the symbol library 'Device'
    ; warning
    @(497.84 mm, 130.81 mm): Symbol D9 [D_Schottky]
[lib_symbol_issues]: The current configuration does not include the symbol library 'power'
    ; warning
    @(477.52 mm, 196.85 mm): Symbol #PWR015 [GND]
[lib_symbol_issues]: The current configuration does not include the symbol library 'power'
    ; warning
    @(46.99 mm, 516.89 mm): Symbol #PWR095 [GND]
[lib_symbol_issues]: The current configuration does not include the symbol library 'Device'
    ; warning
    @(510.54 mm, 100.33 mm): Symbol C213 [C]
[endpoint_off_grid]: Symbol pin or wire end off connection grid
    ; warning
    @(255.90 mm, 453.39 mm): Vertical Wire, length 10.16 mm
[lib_symbol_issues]: The current configuration does not include the symbol library 'meshsat_ic'
    ; warning
    @(459.74 mm, 248.92 mm): Symbol Q3 [Q3]
[lib_symbol_issues]: The current configuration does not include the symbol library 'Device'
    ; warning
    @(477.52 mm, 218.44 mm): Symbol C200 [C_Polarized]
[lib_symbol_issues]: The current configuration does not include the symbol library 'power'
    ; warning
    @(477.52 mm, 224.79 mm): Symbol #PWR027 [GND]
[lib_symbol_issues]: The current configuration does not include the symbol library 'Device'
    ; warning
    @(492.76 mm, 190.50 mm): Symbol C181 [C]
[endpoint_off_grid]: Symbol pin or wire end off connection grid
    ; warning
    @(255.90 mm, 463.55 mm): Horizontal Wire, length 25.41 mm
[lib_symbol_issues]: The current configuration does not include the symbol library 'power'
    ; warning
    @(492.76 mm, 196.85 mm): Symbol #PWR016 [GND]
[unconnected_wire_endpoint]: Unconnected wire endpoint
    ; warning
    @(518.16 mm, 82.55 mm): Horizontal Wire, length 8.89 mm
[unconnected_wire_endpoint]: Unconnected wire endpoint
    ; warning
    @(518.16 mm, 69.85 mm): Horizontal Wire, length 11.43 mm
[unconnected_wire_endpoint]: Unconnected wire endpoint
    ; warning
    @(518.16 mm, 77.47 mm): Horizontal Wire, length 11.43 mm
[endpoint_off_grid]: Symbol pin or wire end off connection grid
    ; warning
    @(476.88 mm, 245.11 mm): Horizontal Wire, length 2.54 mm
[endpoint_off_grid]: Symbol pin or wire end off connection grid
    ; warning
    @(476.88 mm, 247.65 mm): Horizontal Wire, length 2.54 mm
[lib_symbol_issues]: The current configuration does not include the symbol library 'Device'
    ; warning
    @(492.76 mm, 218.44 mm): Symbol C201 [C]
[lib_symbol_issues]: The current configuration does not include the symbol library 'power'
    ; warning
    @(492.76 mm, 224.79 mm): Symbol #PWR028 [GND]
[endpoint_off_grid]: Symbol pin or wire end off connection grid
    ; warning
    @(281.31 mm, 463.55 mm): Horizontal Wire, length 12.70 mm
[lib_symbol_issues]: The current configuration does not include the symbol library 'Device'
    ; warning
    @(508.00 mm, 190.50 mm): Symbol C182 [C]
[lib_symbol_issues]: The current configuration does not include the symbol library 'Device'
    ; warning
    @(530.86 mm, 115.57 mm): Symbol R6 [R]
[lib_symbol_issues]: The current configuration does not include the symbol library 'power'
    ; warning
    @(508.00 mm, 196.85 mm): Symbol #PWR017 [GND]
[endpoint_off_grid]: Symbol pin or wire end off connection grid
    ; warning
    @(294.01 mm, 463.55 mm): Vertical Wire, length 2.54 mm
[endpoint_off_grid]: Symbol pin or wire end off connection grid
    ; warning
    @(296.55 mm, 463.55 mm): Horizontal Wire, length 2.54 mm
[endpoint_off_grid]: Symbol pin or wire end off connection grid
    ; warning
    @(296.55 mm, 463.55 mm): Symbol Q31 Pin 1 [S2_SW2, Passive, Line]
[endpoint_off_grid]: Symbol pin or wire end off connection grid
    ; warning
    @(294.01 mm, 466.09 mm): Vertical Wire, length 2.54 mm
[endpoint_off_grid]: Symbol pin or wire end off connection grid
    ; warning
    @(296.55 mm, 466.09 mm): Horizontal Wire, length 2.54 mm
[lib_symbol_issues]: The current configuration does not include the symbol library 'Device'
    ; warning
    @(508.00 mm, 218.44 mm): Symbol C202 [C]
[endpoint_off_grid]: Symbol pin or wire end off connection grid
    ; warning
    @(296.55 mm, 468.63 mm): Horizontal Wire, length 2.54 mm
[unconnected_wire_endpoint]: Unconnected wire endpoint
    ; warning
    @(445.77 mm, 344.17 mm): Horizontal Wire, length 10.16 mm
[lib_symbol_issues]: The current configuration does not include the symbol library 'power'
    ; warning
    @(508.00 mm, 224.79 mm): Symbol #PWR029 [GND]
[lib_symbol_issues]: The current configuration does not include the symbol library 'Device'
    ; warning
    @(523.24 mm, 190.50 mm): Symbol C183 [C]
[lib_symbol_issues]: The current configuration does not include the symbol library 'Device'
    ; warning
    @(431.80 mm, 353.06 mm): Symbol R38 [R]
[lib_symbol_issues]: The current configuration does not include the symbol library 'power'
    ; warning
    @(523.24 mm, 196.85 mm): Symbol #PWR018 [GND]
[lib_symbol_issues]: The current configuration does not include the symbol library 'Device'
    ; warning
    @(551.18 mm, 100.33 mm): Symbol C147 [C]
[unconnected_wire_endpoint]: Unconnected wire endpoint
    ; warning
    @(445.77 mm, 349.25 mm): Horizontal Wire, length 7.62 mm
[lib_symbol_issues]: The current configuration does not include the symbol library 'power'
    ; warning
    @(431.80 mm, 359.41 mm): Symbol #PWR096 [GND]
[lib_symbol_issues]: The current configuration does not include the symbol library 'meshsat_ic'
    ; warning
    @(314.96 mm, 467.36 mm): Symbol Q31 [Q31]
[lib_symbol_issues]: The current configuration does not include the symbol library 'Device'
    ; warning
    @(551.18 mm, 130.81 mm): Symbol L1 [L]
[lib_symbol_issues]: The current configuration does not include the symbol library 'Device'
    ; warning
    @(523.24 mm, 218.44 mm): Symbol C203 [C]
[lib_symbol_issues]: The current configuration does not include the symbol library 'power'
    ; warning
    @(523.24 mm, 224.79 mm): Symbol #PWR030 [GND]
[endpoint_off_grid]: Symbol pin or wire end off connection grid
    ; warning
    @(333.37 mm, 463.55 mm): Horizontal Wire, length 2.54 mm
[lib_symbol_issues]: The current configuration does not include the symbol library 'Device'
    ; warning
    @(538.48 mm, 190.50 mm): Symbol C184 [C]
[endpoint_off_grid]: Symbol pin or wire end off connection grid
    ; warning
    @(333.37 mm, 466.09 mm): Horizontal Wire, length 1.27 mm
[lib_symbol_issues]: The current configuration does not include the symbol library 'power'
    ; warning
    @(538.48 mm, 196.85 mm): Symbol #PWR019 [GND]
[endpoint_off_grid]: Symbol pin or wire end off connection grid
    ; warning
    @(334.64 mm, 466.09 mm): Horizontal Wire, length 8.89 mm
[lib_symbol_issues]: The current configuration does not include the symbol library 'power'
    ; warning
    @(572.77 mm, 49.53 mm): Symbol #PWR009 [+3V3]
[lib_symbol_issues]: The current configuration does not include the symbol library 'Device'
    ; warning
    @(572.77 mm, 55.88 mm): Symbol R13 [R]
[endpoint_off_grid]: Symbol pin or wire end off connection grid
    ; warning
    @(343.53 mm, 466.09 mm): Horizontal Wire, length 32.39 mm
[lib_symbol_issues]: The current configuration does not include the symbol library 'Device'
    ; warning
    @(538.48 mm, 218.44 mm): Symbol C204 [C]
[lib_symbol_issues]: The current configuration does not include the symbol library 'meshsat_ic'
    ; warning
    @(466.09 mm, 347.98 mm): Symbol U6 [U6]
[lib_symbol_issues]: The current configuration does not include the symbol library 'Device'
    ; warning
    @(571.50 mm, 115.57 mm): Symbol R7 [R]
[lib_symbol_issues]: The current configuration does not include the symbol library 'power'
    ; warning
    @(538.48 mm, 224.79 mm): Symbol #PWR031 [GND]
[endpoint_off_grid]: Symbol pin or wire end off connection grid
    ; warning
    @(531.50 mm, 245.11 mm): Horizontal Wire, length 2.54 mm
[endpoint_off_grid]: Symbol pin or wire end off connection grid
    ; warning
    @(531.50 mm, 245.11 mm): Symbol Q4 Pin 1 [FE_CS, Passive, Line]
[lib_symbol_issues]: The current configuration does not include the symbol library 'Device'
    ; warning
    @(553.72 mm, 190.50 mm): Symbol C185 [C]
[endpoint_off_grid]: Symbol pin or wire end off connection grid
    ; warning
    @(531.50 mm, 247.65 mm): Horizontal Wire, length 2.54 mm
[endpoint_off_grid]: Symbol pin or wire end off connection grid
    ; warning
    @(531.50 mm, 250.19 mm): Horizontal Wire, length 2.54 mm
[lib_symbol_issues]: The current configuration does not include the symbol library 'power'
    ; warning
    @(553.72 mm, 196.85 mm): Symbol #PWR020 [GND]
[lib_symbol_issues]: The current configuration does not include the symbol library 'power'
    ; warning
    @(466.09 mm, 361.95 mm): Symbol #PWR098 [GND]
[lib_symbol_issues]: The current configuration does not include the symbol library 'Device'
    ; warning
    @(375.92 mm, 459.74 mm): Symbol R35 [R]
[lib_symbol_issues]: The current configuration does not include the symbol library 'Device'
    ; warning
    @(467.36 mm, 367.03 mm): Symbol C40 [C]
[lib_symbol_issues]: The current configuration does not include the symbol library 'Device'
    ; warning
    @(553.72 mm, 218.44 mm): Symbol C205 [C]
[lib_symbol_issues]: The current configuration does not include the symbol library 'power'
    ; warning
    @(553.72 mm, 224.79 mm): Symbol #PWR032 [GND]
[lib_symbol_issues]: The current configuration does not include the symbol library 'Device'
    ; warning
    @(589.28 mm, 100.33 mm): Symbol C7 [C]
[lib_symbol_issues]: The current configuration does not include the symbol library 'Connector_Generic'
    ; warning
    @(447.04 mm, 398.78 mm): Symbol J_5V_S3 [Conn_01x02]
[lib_symbol_issues]: The current configuration does not include the symbol library 'Device'
    ; warning
    @(568.96 mm, 190.50 mm): Symbol C186 [C]
[lib_symbol_issues]: The current configuration does not include the symbol library 'power'
    ; warning
    @(568.96 mm, 196.85 mm): Symbol #PWR021 [GND]
[lib_symbol_issues]: The current configuration does not include the symbol library 'meshsat_ic'
    ; warning
    @(548.64 mm, 248.92 mm): Symbol Q4 [Q4]
[unconnected_wire_endpoint]: Unconnected wire endpoint
    ; warning
    @(486.41 mm, 349.25 mm): Horizontal Wire, length 7.62 mm
[lib_symbol_issues]: The current configuration does not include the symbol library 'Device'
    ; warning
    @(568.96 mm, 218.44 mm): Symbol C206 [C]
[unconnected_wire_endpoint]: Unconnected wire endpoint
    ; warning
    @(568.96 mm, 212.09 mm): Horizontal Wire, length 2.54 mm
[lib_symbol_issues]: The current configuration does not include the symbol library 'Device'
    ; warning
    @(502.92 mm, 346.71 mm): Symbol R131 [R]
[lib_symbol_issues]: The current configuration does not include the symbol library 'power'
    ; warning
    @(568.96 mm, 224.79 mm): Symbol #PWR033 [GND]
[lib_symbol_issues]: The current configuration does not include the symbol library 'Device'
    ; warning
    @(584.20 mm, 190.50 mm): Symbol C187 [C]
[lib_symbol_issues]: The current configuration does not include the symbol library 'power'
    ; warning
    @(584.20 mm, 196.85 mm): Symbol #PWR022 [GND]
[endpoint_off_grid]: Symbol pin or wire end off connection grid
    ; warning
    @(565.78 mm, 245.11 mm): Horizontal Wire, length 2.54 mm
[endpoint_off_grid]: Symbol pin or wire end off connection grid
    ; warning
    @(565.78 mm, 247.65 mm): Horizontal Wire, length 2.54 mm
[lib_symbol_issues]: The current configuration does not include the symbol library 'Device'
    ; warning
    @(439.42 mm, 435.61 mm): Symbol R179 [R]
[endpoint_off_grid]: Symbol pin or wire end off connection grid
    ; warning
    @(568.32 mm, 247.65 mm): Horizontal Wire, length 12.70 mm
[lib_symbol_issues]: The current configuration does not include the symbol library 'Device'
    ; warning
    @(612.14 mm, 115.57 mm): Symbol C10 [C]
[lib_symbol_issues]: The current configuration does not include the symbol library 'Device'
    ; warning
    @(527.05 mm, 337.82 mm): Symbol R36 [R]
[lib_symbol_issues]: The current configuration does not include the symbol library 'power'
    ; warning
    @(450.85 mm, 434.34 mm): Symbol #PWR106 [+3V3]
[lib_symbol_issues]: The current configuration does not include the symbol library 'Device'
    ; warning
    @(508.00 mm, 367.03 mm): Symbol R47 [R]
[lib_symbol_issues]: The current configuration does not include the symbol library 'Device'
    ; warning
    @(599.44 mm, 190.50 mm): Symbol C188 [C]
[unconnected_wire_endpoint]: Unconnected wire endpoint
    ; warning
    @(599.44 mm, 184.15 mm): Horizontal Wire, length 2.54 mm
[lib_symbol_issues]: The current configuration does not include the symbol library 'Device'
    ; warning
    @(450.85 mm, 440.69 mm): Symbol R42 [R]
[lib_symbol_issues]: The current configuration does not include the symbol library 'power'
    ; warning
    @(599.44 mm, 196.85 mm): Symbol #PWR023 [GND]
[endpoint_off_grid]: Symbol pin or wire end off connection grid
    ; warning
    @(581.02 mm, 247.65 mm): Vertical Wire, length 10.16 mm
[lib_symbol_issues]: The current configuration does not include the symbol library 'Device'
    ; warning
    @(431.80 mm, 463.55 mm): Symbol C142 [C]
[lib_symbol_issues]: The current configuration does not include the symbol library 'Device'
    ; warning
    @(529.59 mm, 350.52 mm): Symbol R37 [R]
[lib_symbol_issues]: The current configuration does not include the symbol library 'Device'
    ; warning
    @(15.24 mm, 635.00 mm): Symbol R126 [R]
[endpoint_off_grid]: Symbol pin or wire end off connection grid
    ; warning
    @(581.02 mm, 257.81 mm): Horizontal Wire, length 26.68 mm
[lib_symbol_issues]: The current configuration does not include the symbol library 'Device'
    ; warning
    @(628.65 mm, 100.33 mm): Symbol R10 [R]
[lib_symbol_issues]: The current configuration does not include the symbol library 'power'
    ; warning
    @(431.80 mm, 469.90 mm): Symbol #PWR109 [GND]
[lib_symbol_issues]: The current configuration does not include the symbol library 'power'
    ; warning
    @(529.59 mm, 356.87 mm): Symbol #PWR097 [GND]
[endpoint_off_grid]: Symbol pin or wire end off connection grid
    ; warning
    @(617.86 mm, 162.56 mm): Vertical Wire, length 10.16 mm
[lib_symbol_issues]: The current configuration does not include the symbol library 'Device'
    ; warning
    @(25.40 mm, 640.08 mm): Symbol D21 [D_Schottky]
[endpoint_off_grid]: Symbol pin or wire end off connection grid
    ; warning
    @(617.86 mm, 172.72 mm): Horizontal Wire, length 72.38 mm
[unconnected_wire_endpoint]: Unconnected wire endpoint
    ; warning
    @(462.28 mm, 459.74 mm): Horizontal Wire, length 10.16 mm
[unconnected_wire_endpoint]: Unconnected wire endpoint
    ; warning
    @(462.28 mm, 464.82 mm): Horizontal Wire, length 13.97 mm
[lib_symbol_issues]: The current configuration does not include the symbol library 'Device'
    ; warning
    @(441.96 mm, 471.17 mm): Symbol R115 [R]
[unconnected_wire_endpoint]: Unconnected wire endpoint
    ; warning
    @(38.10 mm, 646.43 mm): Horizontal Wire, length 10.16 mm
[unconnected_wire_endpoint]: Unconnected wire endpoint
    ; warning
    @(462.28 mm, 467.36 mm): Horizontal Wire, length 13.97 mm
[unconnected_wire_endpoint]: Unconnected wire endpoint
    ; warning
    @(462.28 mm, 462.28 mm): Horizontal Wire, length 7.62 mm
[lib_symbol_issues]: The current configuration does not include the symbol library 'power'
    ; warning
    @(135.89 mm, 636.27 mm): Symbol #PWR150 [+3V3]
[lib_symbol_issues]: The current configuration does not include the symbol library 'power'
    ; warning
    @(441.96 mm, 477.52 mm): Symbol #PWR107 [GND]
[endpoint_off_grid]: Symbol pin or wire end off connection grid
    ; warning
    @(630.56 mm, 162.56 mm): Vertical Wire, length 2.54 mm
[endpoint_off_grid]: Symbol pin or wire end off connection grid
    ; warning
    @(630.56 mm, 162.56 mm): Horizontal Wire, length 12.70 mm
[unconnected_wire_endpoint]: Unconnected wire endpoint
    ; warning
    @(462.28 mm, 469.90 mm): Horizontal Wire, length 10.16 mm
[endpoint_off_grid]: Symbol pin or wire end off connection grid
    ; warning
    @(633.10 mm, 162.56 mm): Horizontal Wire, length 2.54 mm
[endpoint_off_grid]: Symbol pin or wire end off connection grid
    ; warning
    @(633.10 mm, 162.56 mm): Symbol Q2 Pin 1 [FE_SW1, Passive, Line]
[endpoint_off_grid]: Symbol pin or wire end off connection grid
    ; warning
    @(633.10 mm, 165.10 mm): Horizontal Wire, length 2.54 mm
[lib_symbol_issues]: The current configuration does not include the symbol library 'Device'
    ; warning
    @(438.15 mm, 486.41 mm): Symbol C140 [C]
[unconnected_wire_endpoint]: Unconnected wire endpoint
    ; warning
    @(38.10 mm, 654.05 mm): Horizontal Wire, length 7.62 mm
[lib_symbol_issues]: The current configuration does not include the symbol library 'Device'
    ; warning
    @(135.89 mm, 642.62 mm): Symbol R123 [R]
[unconnected_wire_endpoint]: Unconnected wire endpoint
    ; warning
    @(38.10 mm, 656.59 mm): Horizontal Wire, length 11.43 mm
[lib_symbol_issues]: The current configuration does not include the symbol library 'Device'
    ; warning
    @(12.70 mm, 657.86 mm): Symbol C209 [C]
[lib_symbol_issues]: The current configuration does not include the symbol library 'power'
    ; warning
    @(438.15 mm, 492.76 mm): Symbol #PWR108 [GND]
[endpoint_off_grid]: Symbol pin or wire end off connection grid
    ; warning
    @(607.70 mm, 257.81 mm): Horizontal Wire, length 12.70 mm
[unconnected_wire_endpoint]: Unconnected wire endpoint
    ; warning
    @(38.10 mm, 661.67 mm): Horizontal Wire, length 10.16 mm
[lib_symbol_issues]: The current configuration does not include the symbol library 'meshsat_ic'
    ; warning
    @(59.69 mm, 660.40 mm): Symbol U15 [U15]
[unconnected_wire_endpoint]: Unconnected wire endpoint
    ; warning
    @(81.28 mm, 656.59 mm): Horizontal Wire, length 11.43 mm
[lib_symbol_issues]: The current configuration does not include the symbol library 'power'
    ; warning
    @(12.70 mm, 664.21 mm): Symbol #PWR148 [GND]
[unconnected_wire_endpoint]: Unconnected wire endpoint
    ; warning
    @(38.10 mm, 664.21 mm): Horizontal Wire, length 7.62 mm
[lib_symbol_issues]: The current configuration does not include the symbol library 'Device'
    ; warning
    @(548.64 mm, 379.73 mm): Symbol C114 [C]
[lib_symbol_issues]: The current configuration does not include the symbol library 'meshsat_ic'
    ; warning
    @(483.87 mm, 459.74 mm): Symbol U7 [U7]
[lib_symbol_issues]: The current configuration does not include the symbol library 'Device'
    ; warning
    @(659.13 mm, 115.57 mm): Symbol D10 [D_Schottky]
[unconnected_wire_endpoint]: Unconnected wire endpoint
    ; warning
    @(81.28 mm, 664.21 mm): Horizontal Wire, length 11.43 mm
[endpoint_off_grid]: Symbol pin or wire end off connection grid
    ; warning
    @(620.40 mm, 257.81 mm): Vertical Wire, length 2.54 mm
[lib_symbol_issues]: The current configuration does not include the symbol library 'meshsat_ic'
    ; warning
    @(651.51 mm, 165.10 mm): Symbol Q2 [Q2]
[endpoint_off_grid]: Symbol pin or wire end off connection grid
    ; warning
    @(620.40 mm, 260.35 mm): Vertical Wire, length 2.54 mm
[lib_symbol_issues]: The current configuration does not include the symbol library 'Device'
    ; warning
    @(17.78 mm, 673.10 mm): Symbol C70 [C]
[endpoint_off_grid]: Symbol pin or wire end off connection grid
    ; warning
    @(622.94 mm, 257.81 mm): Symbol Q5 Pin 1 [FE_SW2, Passive, Line]
[endpoint_off_grid]: Symbol pin or wire end off connection grid
    ; warning
    @(622.94 mm, 257.81 mm): Horizontal Wire, length 2.54 mm
[endpoint_off_grid]: Symbol pin or wire end off connection grid
    ; warning
    @(622.94 mm, 260.35 mm): Horizontal Wire, length 2.54 mm
[unconnected_wire_endpoint]: Unconnected wire endpoint
    ; warning
    @(81.28 mm, 669.29 mm): Horizontal Wire, length 8.89 mm
[endpoint_off_grid]: Symbol pin or wire end off connection grid
    ; warning
    @(622.94 mm, 262.89 mm): Horizontal Wire, length 2.54 mm
[lib_symbol_issues]: The current configuration does not include the symbol library 'Device'
    ; warning
    @(449.58 mm, 508.00 mm): Symbol R132 [R]
[lib_symbol_issues]: The current configuration does not include the symbol library 'power'
    ; warning
    @(17.78 mm, 679.45 mm): Symbol #PWR149 [GND]
[unconnected_wire_endpoint]: Unconnected wire endpoint
    ; warning
    @(505.46 mm, 447.04 mm): Horizontal Wire, length 8.89 mm
[lib_symbol_issues]: The current configuration does not include the symbol library 'power'
    ; warning
    @(483.87 mm, 482.60 mm): Symbol #PWR111 [GND]
[lib_symbol_issues]: The current configuration does not include the symbol library 'power'
    ; warning
    @(59.69 mm, 684.53 mm): Symbol #PWR151 [GND]
[unconnected_wire_endpoint]: Unconnected wire endpoint
    ; warning
    @(233.68 mm, 646.43 mm): Horizontal Wire, length 2.54 mm
[endpoint_off_grid]: Symbol pin or wire end off connection grid
    ; warning
    @(669.92 mm, 162.56 mm): Horizontal Wire, length 2.54 mm
[lib_symbol_issues]: The current configuration does not include the symbol library 'Device'
    ; warning
    @(449.58 mm, 523.24 mm): Symbol R183 [R]
[endpoint_off_grid]: Symbol pin or wire end off connection grid
    ; warning
    @(669.92 mm, 165.10 mm): Horizontal Wire, length 2.54 mm
[unconnected_wire_endpoint]: Unconnected wire endpoint
    ; warning
    @(505.46 mm, 457.20 mm): Horizontal Wire, length 11.43 mm
[lib_symbol_issues]: The current configuration does not include the symbol library 'Device'
    ; warning
    @(57.15 mm, 689.61 mm): Symbol R124 [R]
[lib_symbol_issues]: The current configuration does not include the symbol library 'meshsat_ic'
    ; warning
    @(641.35 mm, 261.62 mm): Symbol Q5 [Q5]
[lib_symbol_issues]: The current configuration does not include the symbol library 'Device'
    ; warning
    @(233.68 mm, 652.78 mm): Symbol C71 [C]
[unconnected_wire_endpoint]: Unconnected wire endpoint
    ; warning
    @(505.46 mm, 464.82 mm): Horizontal Wire, length 11.43 mm
[unconnected_wire_endpoint]: Unconnected wire endpoint
    ; warning
    @(505.46 mm, 469.90 mm): Horizontal Wire, length 8.89 mm
[lib_symbol_issues]: The current configuration does not include the symbol library 'Device'
    ; warning
    @(102.87 mm, 689.61 mm): Symbol R125 [R]
[lib_symbol_issues]: The current configuration does not include the symbol library 'Device'
    ; warning
    @(586.74 mm, 379.73 mm): Symbol L5 [L]
[lib_symbol_issues]: The current configuration does not include the symbol library 'power'
    ; warning
    @(233.68 mm, 659.13 mm): Symbol #PWR152 [GND]
[lib_symbol_issues]: The current configuration does not include the symbol library 'Device'
    ; warning
    @(254.00 mm, 652.78 mm): Symbol C74 [C]
[lib_symbol_issues]: The current configuration does not include the symbol library 'Device'
    ; warning
    @(448.31 mm, 538.48 mm): Symbol C145 [C]
[unconnected_wire_endpoint]: Unconnected wire endpoint
    ; warning
    @(269.24 mm, 646.43 mm): Horizontal Wire, length 2.54 mm
[lib_symbol_issues]: The current configuration does not include the symbol library 'Device'
    ; warning
    @(608.33 mm, 350.52 mm): Symbol C41 [C]
[lib_symbol_issues]: The current configuration does not include the symbol library 'Device'
    ; warning
    @(140.97 mm, 689.61 mm): Symbol R62 [R]
[lib_symbol_issues]: The current configuration does not include the symbol library 'power'
    ; warning
    @(608.33 mm, 356.87 mm): Symbol #PWR099 [GND]
[lib_symbol_issues]: The current configuration does not include the symbol library 'Device'
    ; warning
    @(31.75 mm, 704.85 mm): Symbol C68 [C]
[lib_symbol_issues]: The current configuration does not include the symbol library 'Device'
    ; warning
    @(269.24 mm, 652.78 mm): Symbol C108 [C]
[lib_symbol_issues]: The current configuration does not include the symbol library 'power'
    ; warning
    @(254.00 mm, 659.13 mm): Symbol #PWR153 [GND]
[endpoint_off_grid]: Symbol pin or wire end off connection grid
    ; warning
    @(687.70 mm, 165.10 mm): Horizontal Wire, length 15.24 mm
[endpoint_off_grid]: Symbol pin or wire end off connection grid
    ; warning
    @(659.76 mm, 257.81 mm): Horizontal Wire, length 2.54 mm
[lib_symbol_issues]: The current configuration does not include the symbol library 'Device'
    ; warning
    @(72.39 mm, 704.85 mm): Symbol C69 [C]
[endpoint_off_grid]: Symbol pin or wire end off connection grid
    ; warning
    @(690.24 mm, 162.56 mm): Horizontal Wire, length 17.78 mm
[endpoint_off_grid]: Symbol pin or wire end off connection grid
    ; warning
    @(659.76 mm, 260.35 mm): Horizontal Wire, length 1.27 mm
[lib_symbol_issues]: The current configuration does not include the symbol library 'power'
    ; warning
    @(560.07 mm, 436.88 mm): Symbol #PWR110 [+3V3]
[endpoint_off_grid]: Symbol pin or wire end off connection grid
    ; warning
    @(661.03 mm, 260.35 mm): Horizontal Wire, length 8.89 mm
[endpoint_off_grid]: Symbol pin or wire end off connection grid
    ; warning
    @(690.24 mm, 172.72 mm): Vertical Wire, length 10.16 mm
[lib_symbol_issues]: The current configuration does not include the symbol library 'power'
    ; warning
    @(269.24 mm, 659.13 mm): Symbol #PWR154 [GND]
[lib_symbol_issues]: The current configuration does not include the symbol library 'Device'
    ; warning
    @(499.11 mm, 508.00 mm): Symbol C115 [C]
[lib_symbol_issues]: The current configuration does not include the symbol library 'Device'
    ; warning
    @(448.31 mm, 553.72 mm): Symbol L6 [L]
[endpoint_off_grid]: Symbol pin or wire end off connection grid
    ; warning
    @(534.67 mm, 80.01 mm): Horizontal Wire, length 173.35 mm
[endpoint_off_grid]: Symbol pin or wire end off connection grid
    ; warning
    @(708.02 mm, 80.01 mm): Vertical Wire, length 85.09 mm
[lib_symbol_issues]: The current configuration does not include the symbol library 'Device'
    ; warning
    @(181.61 mm, 689.61 mm): Symbol C149 [C]
[lib_symbol_issues]: The current configuration does not include the symbol library 'Device'
    ; warning
    @(113.03 mm, 704.85 mm): Symbol R60 [R]
[lib_symbol_issues]: The current configuration does not include the symbol library 'Device'
    ; warning
    @(289.56 mm, 652.78 mm): Symbol C109 [C]
[lib_symbol_issues]: The current configuration does not include the symbol library 'Device'
    ; warning
    @(560.07 mm, 443.23 mm): Symbol R178 [R]
[unconnected_wire_endpoint]: Unconnected wire endpoint
    ; warning
    @(623.57 mm, 344.17 mm): Horizontal Wire, length 2.54 mm
[lib_symbol_issues]: The current configuration does not include the symbol library 'Device'
    ; warning
    @(623.57 mm, 350.52 mm): Symbol C42 [C]
[lib_symbol_issues]: The current configuration does not include the symbol library 'power'
    ; warning
    @(623.57 mm, 356.87 mm): Symbol #PWR100 [GND]
[endpoint_off_grid]: Symbol pin or wire end off connection grid
    ; warning
    @(669.92 mm, 260.35 mm): Horizontal Wire, length 32.39 mm
[lib_symbol_issues]: The current configuration does not include the symbol library 'power'
    ; warning
    @(289.56 mm, 659.13 mm): Symbol #PWR155 [GND]
[lib_symbol_issues]: The current configuration does not include the symbol library 'Device'
    ; warning
    @(304.80 mm, 652.78 mm): Symbol C110 [C]
[lib_symbol_issues]: The current configuration does not include the symbol library 'Device'
    ; warning
    @(31.75 mm, 720.09 mm): Symbol D14 [D_Schottky]
[lib_symbol_issues]: The current configuration does not include the symbol library 'Device'
    ; warning
    @(153.67 mm, 704.85 mm): Symbol R61 [R]
[lib_symbol_issues]: The current configuration does not include the symbol library 'Device'
    ; warning
    @(497.84 mm, 523.24 mm): Symbol R182 [R]
[lib_symbol_issues]: The current configuration does not include the symbol library 'Device'
    ; warning
    @(222.25 mm, 689.61 mm): Symbol R64 [R]
[lib_symbol_issues]: The current configuration does not include the symbol library 'Device'
    ; warning
    @(87.63 mm, 720.09 mm): Symbol C72 [C]
[lib_symbol_issues]: The current configuration does not include the symbol library 'power'
    ; warning
    @(304.80 mm, 659.13 mm): Symbol #PWR156 [GND]
[endpoint_off_grid]: Symbol pin or wire end off connection grid
    ; warning
    @(106.68 mm, 720.09 mm): Horizontal Wire, length 10.80 mm
[endpoint_off_grid]: Symbol pin or wire end off connection grid
    ; warning
    @(95.88 mm, 720.09 mm): Vertical Wire, length 27.94 mm
[lib_symbol_issues]: The current configuration does not include the symbol library 'Device'
    ; warning
    @(320.04 mm, 652.78 mm): Symbol C111 [C]
[endpoint_off_grid]: Symbol pin or wire end off connection grid
    ; warning
    @(708.02 mm, 165.10 mm): Horizontal Wire, length 20.32 mm
[lib_symbol_issues]: The current configuration does not include the symbol library 'Device'
    ; warning
    @(194.31 mm, 704.85 mm): Symbol C73 [C]
[lib_symbol_issues]: The current configuration does not include the symbol library 'Device'
    ; warning
    @(495.30 mm, 538.48 mm): Symbol C144 [C]
[lib_symbol_issues]: The current configuration does not include the symbol library 'Device'
    ; warning
    @(134.62 mm, 720.09 mm): Symbol D13 [D_Schottky]
[lib_symbol_issues]: The current configuration does not include the symbol library 'power'
    ; warning
    @(320.04 mm, 659.13 mm): Symbol #PWR157 [GND]
[lib_symbol_issues]: The current configuration does not include the symbol library 'Device'
    ; warning
    @(713.74 mm, 168.91 mm): Symbol C11 [C]
[lib_symbol_issues]: The current configuration does not include the symbol library 'Device'
    ; warning
    @(335.28 mm, 652.78 mm): Symbol C172 [C_Polarized]
[lib_symbol_issues]: The current configuration does not include the symbol library 'power'
    ; warning
    @(713.74 mm, 175.26 mm): Symbol #PWR034 [GND]
[lib_symbol_issues]: The current configuration does not include the symbol library 'power'
    ; warning
    @(335.28 mm, 659.13 mm): Symbol #PWR158 [GND]
[lib_symbol_issues]: The current configuration does not include the symbol library 'Device'
    ; warning
    @(350.52 mm, 652.78 mm): Symbol C173 [C_Polarized]
[lib_symbol_issues]: The current configuration does not include the symbol library 'Device'
    ; warning
    @(539.75 mm, 508.00 mm): Symbol C141 [C]
[unconnected_wire_endpoint]: Unconnected wire endpoint
    ; warning
    @(365.76 mm, 646.43 mm): Horizontal Wire, length 2.54 mm
[lib_symbol_issues]: The current configuration does not include the symbol library 'Device'
    ; warning
    @(187.96 mm, 720.09 mm): Symbol L9 [L]
[lib_symbol_issues]: The current configuration does not include the symbol library 'power'
    ; warning
    @(350.52 mm, 659.13 mm): Symbol #PWR159 [GND]
[lib_symbol_issues]: The current configuration does not include the symbol library 'Device'
    ; warning
    @(702.31 mm, 254.00 mm): Symbol R11 [R]
[endpoint_off_grid]: Symbol pin or wire end off connection grid
    ; warning
    @(106.05 mm, 740.41 mm): Horizontal Wire, length 1.91 mm
[lib_symbol_issues]: The current configuration does not include the symbol library 'Device'
    ; warning
    @(365.76 mm, 652.78 mm): Symbol C196 [C]
[lib_symbol_issues]: The current configuration does not include the symbol library 'Device'
    ; warning
    @(728.98 mm, 168.91 mm): Symbol C12 [C]
[endpoint_off_grid]: Symbol pin or wire end off connection grid
    ; warning
    @(20.96 mm, 748.03 mm): Vertical Wire, length 2.54 mm
[endpoint_off_grid]: Symbol pin or wire end off connection grid
    ; warning
    @(23.50 mm, 748.03 mm): Symbol Q15 Pin 1 [HF_SW1, Passive, Line]
[endpoint_off_grid]: Symbol pin or wire end off connection grid
    ; warning
    @(23.50 mm, 748.03 mm): Horizontal Wire, length 2.54 mm
[endpoint_off_grid]: Symbol pin or wire end off connection grid
    ; warning
    @(113.67 mm, 740.41 mm): Horizontal Wire, length 7.62 mm
[endpoint_off_grid]: Symbol pin or wire end off connection grid
    ; warning
    @(114.94 mm, 740.41 mm): Horizontal Wire, length 1.27 mm
[endpoint_off_grid]: Symbol pin or wire end off connection grid
    ; warning
    @(114.94 mm, 740.41 mm): Symbol Q16 Pin 1 [HF_CS, Passive, Line]
[lib_symbol_issues]: The current configuration does not include the symbol library 'power'
    ; warning
    @(728.98 mm, 175.26 mm): Symbol #PWR035 [GND]
[lib_symbol_issues]: The current configuration does not include the symbol library 'power'
    ; warning
    @(673.10 mm, 331.47 mm): Symbol #PWR101 [+3V3]
[endpoint_off_grid]: Symbol pin or wire end off connection grid
    ; warning
    @(60.32 mm, 748.03 mm): Horizontal Wire, length 2.54 mm
[endpoint_off_grid]: Symbol pin or wire end off connection grid
    ; warning
    @(23.50 mm, 750.57 mm): Horizontal Wire, length 2.54 mm
[lib_symbol_issues]: The current configuration does not include the symbol library 'meshsat_ic'
    ; warning
    @(41.91 mm, 750.57 mm): Symbol Q15 [Q15]
[endpoint_off_grid]: Symbol pin or wire end off connection grid
    ; warning
    @(114.94 mm, 742.95 mm): Horizontal Wire, length 2.54 mm
[endpoint_off_grid]: Symbol pin or wire end off connection grid
    ; warning
    @(75.56 mm, 748.03 mm): Horizontal Wire, length 12.70 mm
[endpoint_off_grid]: Symbol pin or wire end off connection grid
    ; warning
    @(60.32 mm, 750.57 mm): Horizontal Wire, length 2.54 mm
[lib_symbol_issues]: The current configuration does not include the symbol library 'Device'
    ; warning
    @(704.85 mm, 266.70 mm): Symbol C13 [C]
[lib_symbol_issues]: The current configuration does not include the symbol library 'power'
    ; warning
    @(365.76 mm, 659.13 mm): Symbol #PWR160 [GND]
[endpoint_off_grid]: Symbol pin or wire end off connection grid
    ; warning
    @(95.88 mm, 748.03 mm): Horizontal Wire, length 20.32 mm
[endpoint_off_grid]: Symbol pin or wire end off connection grid
    ; warning
    @(114.94 mm, 745.49 mm): Horizontal Wire, length 2.54 mm
[endpoint_off_grid]: Symbol pin or wire end off connection grid
    ; warning
    @(149.22 mm, 740.41 mm): Horizontal Wire, length 2.54 mm
[lib_symbol_issues]: The current configuration does not include the symbol library 'meshsat_ic'
    ; warning
    @(132.08 mm, 744.22 mm): Symbol Q16 [Q16]
[lib_symbol_issues]: The current configuration does not include the symbol library 'power'
    ; warning
    @(704.85 mm, 273.05 mm): Symbol #PWR038 [GND]
[endpoint_off_grid]: Symbol pin or wire end off connection grid
    ; warning
    @(149.22 mm, 742.95 mm): Horizontal Wire, length 2.54 mm
[lib_symbol_issues]: The current configuration does not include the symbol library 'Device'
    ; warning
    @(104.14 mm, 751.84 mm): Symbol R122 [R]
[lib_symbol_issues]: The current configuration does not include the symbol library 'Device'
    ; warning
    @(551.18 mm, 523.24 mm): Symbol C146 [C]
[lib_symbol_issues]: The current configuration does not include the symbol library 'meshsat_ic'
    ; warning
    @(680.72 mm, 344.17 mm): Symbol U10 [U10]
[lib_symbol_issues]: The current configuration does not include the symbol library 'Device'
    ; warning
    @(744.22 mm, 168.91 mm): Symbol D2 [D_Zener]
[lib_symbol_issues]: The current configuration does not include the symbol library 'Device'
    ; warning
    @(542.29 mm, 538.48 mm): Symbol D8 [D_Schottky]
[unconnected_wire_endpoint]: Unconnected wire endpoint
    ; warning
    @(744.22 mm, 162.56 mm): Horizontal Wire, length 2.54 mm
[lib_symbol_issues]: The current configuration does not include the symbol library 'power'
    ; warning
    @(744.22 mm, 175.26 mm): Symbol #PWR036 [GND]
[lib_symbol_issues]: The current configuration does not include the symbol library 'power'
    ; warning
    @(104.14 mm, 758.19 mm): Symbol #PWR161 [GND]
[endpoint_off_grid]: Symbol pin or wire end off connection grid
    ; warning
    @(202.57 mm, 740.41 mm): Horizontal Wire, length 2.54 mm
[endpoint_off_grid]: Symbol pin or wire end off connection grid
    ; warning
    @(202.57 mm, 740.41 mm): Symbol Q23 Pin 1 [HF_CS, Passive, Line]
[lib_symbol_issues]: The current configuration does not include the symbol library 'power'
    ; warning
    @(680.72 mm, 356.87 mm): Symbol #PWR102 [GND]
[endpoint_off_grid]: Symbol pin or wire end off connection grid
    ; warning
    @(272.41 mm, 720.09 mm): Vertical Wire, length 22.86 mm
[endpoint_off_grid]: Symbol pin or wire end off connection grid
    ; warning
    @(207.01 mm, 720.09 mm): Horizontal Wire, length 65.40 mm
[endpoint_off_grid]: Symbol pin or wire end off connection grid
    ; warning
    @(202.57 mm, 742.95 mm): Horizontal Wire, length 2.54 mm
[lib_symbol_issues]: The current configuration does not include the symbol library 'Device'
    ; warning
    @(580.39 mm, 508.00 mm): Symbol R40 [R]
[endpoint_off_grid]: Symbol pin or wire end off connection grid
    ; warning
    @(202.57 mm, 745.49 mm): Horizontal Wire, length 2.54 mm
[lib_symbol_issues]: The current configuration does not include the symbol library 'Device'
    ; warning
    @(727.71 mm, 266.70 mm): Symbol C14 [C]
[lib_symbol_issues]: The current configuration does not include the symbol library 'meshsat_ic'
    ; warning
    @(219.71 mm, 744.22 mm): Symbol Q23 [Q23]
[lib_symbol_issues]: The current configuration does not include the symbol library 'Device'
    ; warning
    @(444.50 mm, 636.27 mm): Symbol R121 [R]
[lib_symbol_issues]: The current configuration does not include the symbol library 'power'
    ; warning
    @(727.71 mm, 273.05 mm): Symbol #PWR039 [GND]
[endpoint_off_grid]: Symbol pin or wire end off connection grid
    ; warning
    @(236.85 mm, 740.41 mm): Horizontal Wire, length 2.54 mm
[lib_symbol_issues]: The current configuration does not include the symbol library 'Connector_Generic'
    ; warning
    @(29.21 mm, 778.51 mm): Symbol J_HF [Conn_01x02]
[endpoint_off_grid]: Symbol pin or wire end off connection grid
    ; warning
    @(236.85 mm, 742.95 mm): Horizontal Wire, length 2.54 mm
[unconnected_wire_endpoint]: Unconnected wire endpoint
    ; warning
    @(457.84 mm, 642.62 mm): Horizontal Wire, length 11.43 mm
[endpoint_off_grid]: Symbol pin or wire end off connection grid
    ; warning
    @(446.41 mm, 645.16 mm): Horizontal Wire, length 1.91 mm
[endpoint_off_grid]: Symbol pin or wire end off connection grid
    ; warning
    @(252.09 mm, 742.95 mm): Horizontal Wire, length 12.70 mm
[lib_symbol_issues]: The current configuration does not include the symbol library 'Device'
    ; warning
    @(431.80 mm, 656.59 mm): Symbol C150 [C]
[endpoint_off_grid]: Symbol pin or wire end off connection grid
    ; warning
    @(443.87 mm, 650.24 mm): Horizontal Wire, length 12.07 mm
[endpoint_off_grid]: Symbol pin or wire end off connection grid
    ; warning
    @(448.95 mm, 647.70 mm): Horizontal Wire, length 12.07 mm
[endpoint_off_grid]: Symbol pin or wire end off connection grid
    ; warning
    @(457.84 mm, 642.62 mm): Horizontal Wire, length 11.43 mm
[endpoint_off_grid]: Symbol pin or wire end off connection grid
    ; warning
    @(459.11 mm, 642.62 mm): Symbol U16 Pin 1 [POE_UVLO, Passive, Line]
[endpoint_off_grid]: Symbol pin or wire end off connection grid
    ; warning
    @(459.11 mm, 642.62 mm): Horizontal Wire, length 1.27 mm
[endpoint_off_grid]: Symbol pin or wire end off connection grid
    ; warning
    @(457.84 mm, 645.16 mm): Horizontal Wire, length 11.43 mm
[lib_symbol_issues]: The current configuration does not include the symbol library 'power'
    ; warning
    @(431.80 mm, 662.94 mm): Symbol #PWR163 [GND]
[endpoint_off_grid]: Symbol pin or wire end off connection grid
    ; warning
    @(272.41 mm, 742.95 mm): Horizontal Wire, length 20.32 mm
[endpoint_off_grid]: Symbol pin or wire end off connection grid
    ; warning
    @(459.11 mm, 645.16 mm): Horizontal Wire, length 1.27 mm
[lib_symbol_issues]: The current configuration does not include the symbol library 'Device'
    ; warning
    @(594.36 mm, 523.24 mm): Symbol R181 [R]
[unconnected_wire_endpoint]: Unconnected wire endpoint
    ; warning
    @(457.84 mm, 652.78 mm): Horizontal Wire, length 8.89 mm
[unconnected_wire_endpoint]: Unconnected wire endpoint
    ; warning
    @(457.84 mm, 655.32 mm): Horizontal Wire, length 11.43 mm
[endpoint_off_grid]: Symbol pin or wire end off connection grid
    ; warning
    @(457.84 mm, 647.70 mm): Horizontal Wire, length 8.89 mm
[endpoint_off_grid]: Symbol pin or wire end off connection grid
    ; warning
    @(459.11 mm, 647.70 mm): Horizontal Wire, length 1.27 mm
[endpoint_off_grid]: Symbol pin or wire end off connection grid
    ; warning
    @(457.84 mm, 650.24 mm): Horizontal Wire, length 13.97 mm
[endpoint_off_grid]: Symbol pin or wire end off connection grid
    ; warning
    @(459.11 mm, 650.24 mm): Horizontal Wire, length 1.27 mm
[unconnected_wire_endpoint]: Unconnected wire endpoint
    ; warning
    @(457.84 mm, 657.86 mm): Horizontal Wire, length 8.89 mm
[lib_symbol_issues]: The current configuration does not include the symbol library 'Device'
    ; warning
    @(750.57 mm, 266.70 mm): Symbol C15 [C]
[lib_symbol_issues]: The current configuration does not include the symbol library 'Device'
    ; warning
    @(436.88 mm, 666.75 mm): Symbol R68 [R]
[endpoint_off_grid]: Symbol pin or wire end off connection grid
    ; warning
    @(457.84 mm, 652.78 mm): Horizontal Wire, length 8.89 mm
[endpoint_off_grid]: Symbol pin or wire end off connection grid
    ; warning
    @(459.11 mm, 652.78 mm): Horizontal Wire, length 1.27 mm
[lib_symbol_issues]: The current configuration does not include the symbol library 'power'
    ; warning
    @(750.57 mm, 273.05 mm): Symbol #PWR040 [GND]
[endpoint_off_grid]: Symbol pin or wire end off connection grid
    ; warning
    @(457.84 mm, 655.32 mm): Horizontal Wire, length 11.43 mm
[endpoint_off_grid]: Symbol pin or wire end off connection grid
    ; warning
    @(459.11 mm, 655.32 mm): Horizontal Wire, length 1.27 mm
[endpoint_off_grid]: Symbol pin or wire end off connection grid
    ; warning
    @(457.84 mm, 657.86 mm): Horizontal Wire, length 8.89 mm
[unconnected_wire_endpoint]: Unconnected wire endpoint
    ; warning
    @(673.10 mm, 431.80 mm): Horizontal Wire, length 2.54 mm
[endpoint_off_grid]: Symbol pin or wire end off connection grid
    ; warning
    @(459.11 mm, 657.86 mm): Horizontal Wire, length 1.27 mm
[lib_symbol_issues]: The current configuration does not include the symbol library 'Device'
    ; warning
    @(621.03 mm, 508.00 mm): Symbol R41 [R]
[lib_symbol_issues]: The current configuration does not include the symbol library 'power'
    ; warning
    @(436.88 mm, 673.10 mm): Symbol #PWR162 [GND]
[lib_symbol_issues]: The current configuration does not include the symbol library 'Device'
    ; warning
    @(673.10 mm, 438.15 mm): Symbol C143 [C]
[endpoint_off_grid]: Symbol pin or wire end off connection grid
    ; warning
    @(459.11 mm, 660.40 mm): Horizontal Wire, length 2.54 mm
[lib_symbol_issues]: The current configuration does not include the symbol library 'Device'
    ; warning
    @(598.17 mm, 538.48 mm): Symbol C46 [C]
[endpoint_off_grid]: Symbol pin or wire end off connection grid
    ; warning
    @(459.11 mm, 662.94 mm): Horizontal Wire, length 2.54 mm
[lib_symbol_issues]: The current configuration does not include the symbol library 'power'
    ; warning
    @(673.10 mm, 444.50 mm): Symbol #PWR112 [GND]
[endpoint_off_grid]: Symbol pin or wire end off connection grid
    ; warning
    @(288.93 mm, 754.38 mm): Vertical Wire, length 2.54 mm
[endpoint_off_grid]: Symbol pin or wire end off connection grid
    ; warning
    @(459.11 mm, 665.48 mm): Horizontal Wire, length 2.54 mm
[endpoint_off_grid]: Symbol pin or wire end off connection grid
    ; warning
    @(291.47 mm, 754.38 mm): Symbol Q24 Pin 1 [HF_SW2, Passive, Line]
[endpoint_off_grid]: Symbol pin or wire end off connection grid
    ; warning
    @(291.47 mm, 754.38 mm): Horizontal Wire, length 2.54 mm
[endpoint_off_grid]: Symbol pin or wire end off connection grid
    ; warning
    @(288.93 mm, 756.92 mm): Vertical Wire, length 2.54 mm
[endpoint_off_grid]: Symbol pin or wire end off connection grid
    ; warning
    @(291.47 mm, 756.92 mm): Horizontal Wire, length 2.54 mm
[lib_symbol_issues]: The current configuration does not include the symbol library 'meshsat_ic'
    ; warning
    @(481.33 mm, 655.32 mm): Symbol U16 [U16]
[endpoint_off_grid]: Symbol pin or wire end off connection grid
    ; warning
    @(291.47 mm, 759.46 mm): Horizontal Wire, length 2.54 mm
[lib_symbol_issues]: The current configuration does not include the symbol library 'Device'
    ; warning
    @(742.95 mm, 337.82 mm): Symbol R39 [R]
[endpoint_off_grid]: Symbol pin or wire end off connection grid
    ; warning
    @(503.55 mm, 642.62 mm): Horizontal Wire, length 2.54 mm
[endpoint_off_grid]: Symbol pin or wire end off connection grid
    ; warning
    @(503.55 mm, 645.16 mm): Horizontal Wire, length 1.27 mm
[lib_symbol_issues]: The current configuration does not include the symbol library 'Device'
    ; warning
    @(673.10 mm, 466.09 mm): Symbol C49 [C]
[lib_symbol_issues]: The current configuration does not include the symbol library 'meshsat_ic'
    ; warning
    @(309.88 mm, 758.19 mm): Symbol Q24 [Q24]
[endpoint_off_grid]: Symbol pin or wire end off connection grid
    ; warning
    @(504.82 mm, 645.16 mm): Horizontal Wire, length 13.97 mm
[lib_symbol_issues]: The current configuration does not include the symbol library 'Device'
    ; warning
    @(693.42 mm, 438.15 mm): Symbol C47 [C]
[endpoint_off_grid]: Symbol pin or wire end off connection grid
    ; warning
    @(503.55 mm, 647.70 mm): Horizontal Wire, length 2.54 mm
[endpoint_off_grid]: Symbol pin or wire end off connection grid
    ; warning
    @(506.09 mm, 647.70 mm): Horizontal Wire, length 15.24 mm
[lib_symbol_issues]: The current configuration does not include the symbol library 'power'
    ; warning
    @(673.10 mm, 472.44 mm): Symbol #PWR117 [GND]
[endpoint_off_grid]: Symbol pin or wire end off connection grid
    ; warning
    @(503.55 mm, 650.24 mm): Horizontal Wire, length 2.54 mm
[endpoint_off_grid]: Symbol pin or wire end off connection grid
    ; warning
    @(328.29 mm, 754.38 mm): Horizontal Wire, length 2.54 mm
[lib_symbol_issues]: The current configuration does not include the symbol library 'power'
    ; warning
    @(693.42 mm, 444.50 mm): Symbol #PWR113 [GND]
[endpoint_off_grid]: Symbol pin or wire end off connection grid
    ; warning
    @(503.55 mm, 652.78 mm): Horizontal Wire, length 1.27 mm
[lib_symbol_issues]: The current configuration does not include the symbol library 'Device'
    ; warning
    @(637.54 mm, 523.24 mm): Symbol R180 [R]
[endpoint_off_grid]: Symbol pin or wire end off connection grid
    ; warning
    @(328.29 mm, 756.92 mm): Horizontal Wire, length 1.27 mm
[endpoint_off_grid]: Symbol pin or wire end off connection grid
    ; warning
    @(504.82 mm, 652.78 mm): Horizontal Wire, length 13.97 mm
[endpoint_off_grid]: Symbol pin or wire end off connection grid
    ; warning
    @(329.56 mm, 756.92 mm): Horizontal Wire, length 8.89 mm
[endpoint_off_grid]: Symbol pin or wire end off connection grid
    ; warning
    @(503.55 mm, 655.32 mm): Horizontal Wire, length 2.54 mm
[endpoint_off_grid]: Symbol pin or wire end off connection grid
    ; warning
    @(518.79 mm, 645.16 mm): Horizontal Wire, length 42.55 mm
[endpoint_off_grid]: Symbol pin or wire end off connection grid
    ; warning
    @(503.55 mm, 657.86 mm): Horizontal Wire, length 2.54 mm
[endpoint_off_grid]: Symbol pin or wire end off connection grid
    ; warning
    @(338.45 mm, 756.92 mm): Horizontal Wire, length 32.39 mm
[endpoint_off_grid]: Symbol pin or wire end off connection grid
    ; warning
    @(503.55 mm, 660.40 mm): Horizontal Wire, length 1.27 mm
[endpoint_off_grid]: Symbol pin or wire end off connection grid
    ; warning
    @(504.82 mm, 660.40 mm): Horizontal Wire, length 13.97 mm
[lib_symbol_issues]: The current configuration does not include the symbol library 'Device'
    ; warning
    @(688.34 mm, 466.09 mm): Symbol C50 [C]
[endpoint_off_grid]: Symbol pin or wire end off connection grid
    ; warning
    @(521.33 mm, 647.70 mm): Horizontal Wire, length 111.76 mm
[lib_symbol_issues]: The current configuration does not include the symbol library 'power'
    ; warning
    @(481.33 mm, 678.18 mm): Symbol #PWR165 [GND]
[endpoint_off_grid]: Symbol pin or wire end off connection grid
    ; warning
    @(503.55 mm, 662.94 mm): Horizontal Wire, length 2.54 mm
[lib_symbol_issues]: The current configuration does not include the symbol library 'Device'
    ; warning
    @(453.39 mm, 698.50 mm): Symbol C75 [C]
[lib_symbol_issues]: The current configuration does not include the symbol library 'Device'
    ; warning
    @(708.66 mm, 438.15 mm): Symbol C48 [C]
[unconnected_wire_endpoint]: Unconnected wire endpoint
    ; warning
    @(504.82 mm, 652.78 mm): Horizontal Wire, length 13.97 mm
[lib_symbol_issues]: The current configuration does not include the symbol library 'Device'
    ; warning
    @(478.79 mm, 683.26 mm): Symbol R74 [R]
[endpoint_off_grid]: Symbol pin or wire end off connection grid
    ; warning
    @(503.55 mm, 665.48 mm): Horizontal Wire, length 1.27 mm
[lib_symbol_issues]: The current configuration does not include the symbol library 'power'
    ; warning
    @(688.34 mm, 472.44 mm): Symbol #PWR118 [GND]
[endpoint_off_grid]: Symbol pin or wire end off connection grid
    ; warning
    @(504.82 mm, 665.48 mm): Horizontal Wire, length 10.16 mm
[lib_symbol_issues]: The current configuration does not include the symbol library 'power'
    ; warning
    @(708.66 mm, 444.50 mm): Symbol #PWR114 [GND]
[lib_symbol_issues]: The current configuration does not include the symbol library 'Device'
    ; warning
    @(370.84 mm, 750.57 mm): Symbol R65 [R]
[unconnected_wire_endpoint]: Unconnected wire endpoint
    ; warning
    @(504.82 mm, 660.40 mm): Horizontal Wire, length 13.97 mm
[lib_symbol_issues]: The current configuration does not include the symbol library 'Device'
    ; warning
    @(645.16 mm, 538.48 mm): Symbol D7 [D_Schottky]
[unconnected_wire_endpoint]: Unconnected wire endpoint
    ; warning
    @(504.82 mm, 665.48 mm): Horizontal Wire, length 10.16 mm
[lib_symbol_issues]: The current configuration does not include the symbol library 'Device'
    ; warning
    @(703.58 mm, 466.09 mm): Symbol C51 [C]
[lib_symbol_issues]: The current configuration does not include the symbol library 'Device'
    ; warning
    @(769.62 mm, 347.98 mm): Symbol C43 [C]
[lib_symbol_issues]: The current configuration does not include the symbol library 'Device'
    ; warning
    @(453.39 mm, 713.74 mm): Symbol D16 [D_Schottky]
[lib_symbol_issues]: The current configuration does not include the symbol library 'power'
    ; warning
    @(561.34 mm, 632.46 mm): Symbol #PWR164 [+3V3]
[lib_symbol_issues]: The current configuration does not include the symbol library 'Device'
    ; warning
    @(723.90 mm, 438.15 mm): Symbol C194 [C]
[lib_symbol_issues]: The current configuration does not include the symbol library 'power'
    ; warning
    @(769.62 mm, 354.33 mm): Symbol #PWR103 [GND]
[lib_symbol_issues]: The current configuration does not include the symbol library 'power'
    ; warning
    @(703.58 mm, 472.44 mm): Symbol #PWR119 [GND]
[lib_symbol_issues]: The current configuration does not include the symbol library 'power'
    ; warning
    @(723.90 mm, 444.50 mm): Symbol #PWR115 [GND]
[lib_symbol_issues]: The current configuration does not include the symbol library 'Device'
    ; warning
    @(561.34 mm, 638.81 mm): Symbol R73 [R]
[lib_symbol_issues]: The current configuration does not include the symbol library 'Device'
    ; warning
    @(850.90 mm, 78.74 mm): Symbol C211 [C]
[lib_symbol_issues]: The current configuration does not include the symbol library 'power'
    ; warning
    @(850.90 mm, 85.09 mm): Symbol #PWR043 [GND]
[lib_symbol_issues]: The current configuration does not include the symbol library 'Device'
    ; warning
    @(494.03 mm, 698.50 mm): Symbol C76 [C]
[lib_symbol_issues]: The current configuration does not include the symbol library 'Device'
    ; warning
    @(853.44 mm, 63.50 mm): Symbol R15 [R]
[lib_symbol_issues]: The current configuration does not include the symbol library 'power'
    ; warning
    @(853.44 mm, 69.85 mm): Symbol #PWR042 [GND]
[lib_symbol_issues]: The current configuration does not include the symbol library 'Device'
    ; warning
    @(718.82 mm, 466.09 mm): Symbol C167 [C_Polarized]
[lib_symbol_issues]: The current configuration does not include the symbol library 'Device'
    ; warning
    @(855.98 mm, 50.80 mm): Symbol R14 [R]
[unconnected_wire_endpoint]: Unconnected wire endpoint
    ; warning
    @(739.14 mm, 431.80 mm): Horizontal Wire, length 2.54 mm
[lib_symbol_issues]: The current configuration does not include the symbol library 'Device'
    ; warning
    @(784.86 mm, 347.98 mm): Symbol C44 [C]
[lib_symbol_issues]: The current configuration does not include the symbol library 'Device'
    ; warning
    @(739.14 mm, 438.15 mm): Symbol C220 [C]
[lib_symbol_issues]: The current configuration does not include the symbol library 'power'
    ; warning
    @(718.82 mm, 472.44 mm): Symbol #PWR120 [GND]
[lib_symbol_issues]: The current configuration does not include the symbol library 'power'
    ; warning
    @(784.86 mm, 354.33 mm): Symbol #PWR104 [GND]
[lib_symbol_issues]: The current configuration does not include the symbol library 'power'
    ; warning
    @(739.14 mm, 444.50 mm): Symbol #PWR116 [GND]
[endpoint_off_grid]: Symbol pin or wire end off connection grid
    ; warning
    @(441.33 mm, 741.68 mm): Vertical Wire, length 2.54 mm
[lib_symbol_issues]: The current configuration does not include the symbol library 'Device'
    ; warning
    @(528.32 mm, 683.26 mm): Symbol R75 [R]
[endpoint_off_grid]: Symbol pin or wire end off connection grid
    ; warning
    @(443.87 mm, 741.68 mm): Symbol Q17 Pin 1 [POE_SW1, Passive, Line]
[endpoint_off_grid]: Symbol pin or wire end off connection grid
    ; warning
    @(443.87 mm, 741.68 mm): Horizontal Wire, length 2.54 mm
[lib_symbol_issues]: The current configuration does not include the symbol library 'Device'
    ; warning
    @(863.60 mm, 40.64 mm): Symbol R197 [R]
[endpoint_off_grid]: Symbol pin or wire end off connection grid
    ; warning
    @(443.87 mm, 744.22 mm): Horizontal Wire, length 2.54 mm
[lib_symbol_issues]: The current configuration does not include the symbol library 'Device'
    ; warning
    @(734.06 mm, 466.09 mm): Symbol C168 [C_Polarized]
[lib_symbol_issues]: The current configuration does not include the symbol library 'Device'
    ; warning
    @(866.14 mm, 100.33 mm): Symbol R198 [R]
[unconnected_wire_endpoint]: Unconnected wire endpoint
    ; warning
    @(800.10 mm, 341.63 mm): Horizontal Wire, length 2.54 mm
[lib_symbol_issues]: The current configuration does not include the symbol library 'Device'
    ; warning
    @(800.10 mm, 347.98 mm): Symbol C45 [C]
[lib_symbol_issues]: The current configuration does not include the symbol library 'power'
    ; warning
    @(734.06 mm, 472.44 mm): Symbol #PWR121 [GND]
[lib_symbol_issues]: The current configuration does not include the symbol library 'power'
    ; warning
    @(800.10 mm, 354.33 mm): Symbol #PWR105 [GND]
[lib_symbol_issues]: The current configuration does not include the symbol library 'Device'
    ; warning
    @(872.49 mm, 73.66 mm): Symbol C210 [C]
[lib_symbol_issues]: The current configuration does not include the symbol library 'power'
    ; warning
    @(872.49 mm, 80.01 mm): Symbol #PWR041 [GND]
[lib_symbol_issues]: The current configuration does not include the symbol library 'Device'
    ; warning
    @(875.03 mm, 45.72 mm): Symbol R196 [R]
[lib_symbol_issues]: The current configuration does not include the symbol library 'meshsat_ic'
    ; warning
    @(463.55 mm, 744.22 mm): Symbol Q17 [Q17]
[lib_symbol_issues]: The current configuration does not include the symbol library 'Device'
    ; warning
    @(509.27 mm, 713.74 mm): Symbol C79 [C]
[endpoint_off_grid]: Symbol pin or wire end off connection grid
    ; warning
    @(866.78 mm, 134.62 mm): Horizontal Wire, length 2.54 mm
[endpoint_off_grid]: Symbol pin or wire end off connection grid
    ; warning
    @(866.78 mm, 134.62 mm): Symbol Q38 Pin 4 [FE_BLEED_G, Passive, Line]
[lib_symbol_issues]: The current configuration does not include the symbol library 'Device'
    ; warning
    @(535.94 mm, 698.50 mm): Symbol R66 [R]
[unconnected_wire_endpoint]: Unconnected wire endpoint
    ; warning
    @(749.30 mm, 459.74 mm): Horizontal Wire, length 2.54 mm
[lib_symbol_issues]: The current configuration does not include the symbol library 'Device'
    ; warning
    @(749.30 mm, 466.09 mm): Symbol C169 [C_Polarized]
[endpoint_off_grid]: Symbol pin or wire end off connection grid
    ; warning
    @(530.86 mm, 713.74 mm): Horizontal Wire, length 9.53 mm
[endpoint_off_grid]: Symbol pin or wire end off connection grid
    ; warning
    @(521.33 mm, 713.74 mm): Vertical Wire, length 27.94 mm
[endpoint_off_grid]: Symbol pin or wire end off connection grid
    ; warning
    @(483.23 mm, 741.68 mm): Horizontal Wire, length 2.54 mm
[lib_symbol_issues]: The current configuration does not include the symbol library 'power'
    ; warning
    @(749.30 mm, 472.44 mm): Symbol #PWR122 [GND]
[endpoint_off_grid]: Symbol pin or wire end off connection grid
    ; warning
    @(483.23 mm, 744.22 mm): Horizontal Wire, length 2.54 mm
[lib_symbol_issues]: The current configuration does not include the symbol library 'Device'
    ; warning
    @(567.69 mm, 683.26 mm): Symbol C77 [C]
[endpoint_off_grid]: Symbol pin or wire end off connection grid
    ; warning
    @(501.01 mm, 741.68 mm): Horizontal Wire, length 15.24 mm
[lib_symbol_issues]: The current configuration does not include the symbol library 'Device'
    ; warning
    @(875.03 mm, 198.12 mm): Symbol R26 [R]
[lib_symbol_issues]: The current configuration does not include the symbol library 'meshsat_ic'
    ; warning
    @(887.73 mm, 135.89 mm): Symbol Q38 [Q38]
[lib_symbol_issues]: The current configuration does not include the symbol library 'power'
    ; warning
    @(881.38 mm, 177.80 mm): Symbol #PWR049 [+3V3]
[lib_symbol_issues]: The current configuration does not include the symbol library 'power'
    ; warning
    @(887.73 mm, 147.32 mm): Symbol #PWR048 [GND]
[lib_symbol_issues]: The current configuration does not include the symbol library 'Device'
    ; warning
    @(881.38 mm, 184.15 mm): Symbol R22 [R]
[endpoint_off_grid]: Symbol pin or wire end off connection grid
    ; warning
    @(441.33 mm, 788.67 mm): Vertical Wire, length 2.54 mm
[lib_symbol_issues]: The current configuration does not include the symbol library 'Device'
    ; warning
    @(881.38 mm, 204.47 mm): Symbol C19 [C]
[endpoint_off_grid]: Symbol pin or wire end off connection grid
    ; warning
    @(443.87 mm, 788.67 mm): Horizontal Wire, length 2.54 mm
[endpoint_off_grid]: Symbol pin or wire end off connection grid
    ; warning
    @(443.87 mm, 788.67 mm): Symbol Q20 Pin 1 [POE_SW2, Passive, Line]
[endpoint_off_grid]: Symbol pin or wire end off connection grid
    ; warning
    @(633.09 mm, 647.70 mm): Vertical Wire, length 50.80 mm
[endpoint_off_grid]: Symbol pin or wire end off connection grid
    ; warning
    @(441.33 mm, 791.21 mm): Vertical Wire, length 2.54 mm
[lib_symbol_issues]: The current configuration does not include the symbol library 'power'
    ; warning
    @(881.38 mm, 210.82 mm): Symbol #PWR051 [GND]
[lib_symbol_issues]: The current configuration does not include the symbol library 'Device'
    ; warning
    @(558.80 mm, 713.74 mm): Symbol D15 [D_Schottky]
[endpoint_off_grid]: Symbol pin or wire end off connection grid
    ; warning
    @(521.33 mm, 741.68 mm): Horizontal Wire, length 20.32 mm
[endpoint_off_grid]: Symbol pin or wire end off connection grid
    ; warning
    @(443.87 mm, 791.21 mm): Horizontal Wire, length 2.54 mm
[unconnected_wire_endpoint]: Unconnected wire endpoint
    ; warning
    @(638.81 mm, 642.62 mm): Horizontal Wire, length 2.54 mm
[lib_symbol_issues]: The current configuration does not include the symbol library 'Device'
    ; warning
    @(580.39 mm, 698.50 mm): Symbol R67 [R]
[endpoint_off_grid]: Symbol pin or wire end off connection grid
    ; warning
    @(443.87 mm, 793.75 mm): Horizontal Wire, length 2.54 mm
[lib_symbol_issues]: The current configuration does not include the symbol library 'meshsat_ic'
    ; warning
    @(908.05 mm, 59.69 mm): Symbol U34 [U34]
[lib_symbol_issues]: The current configuration does not include the symbol library 'Device'
    ; warning
    @(885.19 mm, 212.09 mm): Symbol R24 [R]
[lib_symbol_issues]: The current configuration does not include the symbol library 'Device'
    ; warning
    @(638.81 mm, 648.97 mm): Symbol C78 [C]
[lib_symbol_issues]: The current configuration does not include the symbol library 'power'
    ; warning
    @(908.05 mm, 77.47 mm): Symbol #PWR045 [GND]
[lib_symbol_issues]: The current configuration does not include the symbol library 'power'
    ; warning
    @(885.19 mm, 218.44 mm): Symbol #PWR052 [GND]
[lib_symbol_issues]: The current configuration does not include the symbol library 'Device'
    ; warning
    @(529.59 mm, 745.49 mm): Symbol R72 [R]
[lib_symbol_issues]: The current configuration does not include the symbol library 'power'
    ; warning
    @(638.81 mm, 655.32 mm): Symbol #PWR166 [GND]
[lib_symbol_issues]: The current configuration does not include the symbol library 'Device'
    ; warning
    @(609.60 mm, 683.26 mm): Symbol R70 [R]
[unconnected_wire_endpoint]: Unconnected wire endpoint
    ; warning
    @(904.24 mm, 208.28 mm): Horizontal Wire, length 10.16 mm
[lib_symbol_issues]: The current configuration does not include the symbol library 'meshsat_ic'
    ; warning
    @(463.55 mm, 792.48 mm): Symbol Q20 [Q20]
[unconnected_wire_endpoint]: Unconnected wire endpoint
    ; warning
    @(904.24 mm, 215.90 mm): Horizontal Wire, length 11.43 mm
[endpoint_off_grid]: Symbol pin or wire end off connection grid
    ; warning
    @(908.68 mm, 134.62 mm): Horizontal Wire, length 1.27 mm
[unconnected_wire_endpoint]: Unconnected wire endpoint
    ; warning
    @(904.24 mm, 218.44 mm): Horizontal Wire, length 11.43 mm
[lib_symbol_issues]: The current configuration does not include the symbol library 'Device'
    ; warning
    @(890.27 mm, 229.87 mm): Symbol R20 [R]
[lib_symbol_issues]: The current configuration does not include the symbol library 'power'
    ; warning
    @(529.59 mm, 751.84 mm): Symbol #PWR176 [GND]
[endpoint_off_grid]: Symbol pin or wire end off connection grid
    ; warning
    @(909.95 mm, 134.62 mm): Horizontal Wire, length 11.43 mm
[lib_symbol_issues]: The current configuration does not include the symbol library 'power'
    ; warning
    @(890.27 mm, 236.22 mm): Symbol #PWR050 [GND]
[lib_symbol_issues]: The current configuration does not include the symbol library 'Device'
    ; warning
    @(889.00 mm, 251.46 mm): Symbol R23 [R]
[lib_symbol_issues]: The current configuration does not include the symbol library 'Device'
    ; warning
    @(885.19 mm, 266.70 mm): Symbol R18 [R]
[endpoint_off_grid]: Symbol pin or wire end off connection grid
    ; warning
    @(483.23 mm, 788.67 mm): Horizontal Wire, length 2.54 mm
[lib_symbol_issues]: The current configuration does not include the symbol library 'Device'
    ; warning
    @(659.13 mm, 648.97 mm): Symbol C81 [C]
[endpoint_off_grid]: Symbol pin or wire end off connection grid
    ; warning
    @(861.70 mm, 336.55 mm): Symbol Q32 Pin 1 [SD_SW1, Passive, Line]
[endpoint_off_grid]: Symbol pin or wire end off connection grid
    ; warning
    @(861.70 mm, 336.55 mm): Horizontal Wire, length 2.54 mm
[endpoint_off_grid]: Symbol pin or wire end off connection grid
    ; warning
    @(861.70 mm, 339.09 mm): Horizontal Wire, length 2.54 mm
[endpoint_off_grid]: Symbol pin or wire end off connection grid
    ; warning
    @(483.23 mm, 791.21 mm): Horizontal Wire, length 1.27 mm
[lib_symbol_issues]: The current configuration does not include the symbol library 'meshsat_ic'
    ; warning
    @(561.34 mm, 737.87 mm): Symbol Q18 [Q18]
[endpoint_off_grid]: Symbol pin or wire end off connection grid
    ; warning
    @(484.50 mm, 791.21 mm): Horizontal Wire, length 10.16 mm
[lib_symbol_issues]: The current configuration does not include the symbol library 'power'
    ; warning
    @(850.90 mm, 370.84 mm): Symbol #PWR124 [+3V3]
[lib_symbol_issues]: The current configuration does not include the symbol library 'power'
    ; warning
    @(659.13 mm, 655.32 mm): Symbol #PWR167 [GND]
[lib_symbol_issues]: The current configuration does not include the symbol library 'Device'
    ; warning
    @(850.90 mm, 377.19 mm): Symbol R44 [R]
[endpoint_off_grid]: Symbol pin or wire end off connection grid
    ; warning
    @(921.38 mm, 134.62 mm): Horizontal Wire, length 32.39 mm
[endpoint_off_grid]: Symbol pin or wire end off connection grid
    ; warning
    @(494.66 mm, 791.21 mm): Horizontal Wire, length 32.39 mm
[endpoint_off_grid]: Symbol pin or wire end off connection grid
    ; warning
    @(14.61 mm, 934.72 mm): Horizontal Wire, length 1.91 mm
[endpoint_off_grid]: Symbol pin or wire end off connection grid
    ; warning
    @(26.04 mm, 934.72 mm): Horizontal Wire, length 11.43 mm
[endpoint_off_grid]: Symbol pin or wire end off connection grid
    ; warning
    @(27.31 mm, 934.72 mm): Horizontal Wire, length 1.27 mm
[endpoint_off_grid]: Symbol pin or wire end off connection grid
    ; warning
    @(27.31 mm, 934.72 mm): Symbol U23 Pin 2 [U23_DVDT, Passive, Line]
[lib_symbol_issues]: The current configuration does not include the symbol library 'Device'
    ; warning
    @(674.37 mm, 648.97 mm): Symbol C82 [C]
[lib_symbol_issues]: The current configuration does not include the symbol library 'Connector_Generic'
    ; warning
    @(163.83 mm, 922.02 mm): Symbol J_MEZZ_PWR1 [Conn_01x02]
[endpoint_off_grid]: Symbol pin or wire end off connection grid
    ; warning
    @(66.67 mm, 934.72 mm): Horizontal Wire, length 1.27 mm
[endpoint_off_grid]: Symbol pin or wire end off connection grid
    ; warning
    @(67.94 mm, 934.72 mm): Horizontal Wire, length 10.16 mm
[lib_symbol_issues]: The current configuration does not include the symbol library 'Device'
    ; warning
    @(624.84 mm, 698.50 mm): Symbol C80 [C]
[endpoint_off_grid]: Symbol pin or wire end off connection grid
    ; warning
    @(27.31 mm, 937.26 mm): Horizontal Wire, length 2.54 mm
[endpoint_off_grid]: Symbol pin or wire end off connection grid
    ; warning
    @(78.10 mm, 934.72 mm): Horizontal Wire, length 12.07 mm
[unconnected_wire_endpoint]: Unconnected wire endpoint
    ; warning
    @(928.37 mm, 52.07 mm): Horizontal Wire, length 8.89 mm
[lib_symbol_issues]: The current configuration does not include the symbol library 'Device'
    ; warning
    @(610.87 mm, 713.74 mm): Symbol L10 [L]
[endpoint_off_grid]: Symbol pin or wire end off connection grid
    ; warning
    @(66.67 mm, 937.26 mm): Horizontal Wire, length 1.27 mm
[lib_symbol_issues]: The current configuration does not include the symbol library 'meshsat_ic'
    ; warning
    @(46.99 mm, 938.53 mm): Symbol U23 [U23]
[endpoint_off_grid]: Symbol pin or wire end off connection grid
    ; warning
    @(67.94 mm, 937.26 mm): Horizontal Wire, length 11.43 mm
[unconnected_wire_endpoint]: Unconnected wire endpoint
    ; warning
    @(26.04 mm, 939.80 mm): Horizontal Wire, length 8.89 mm
[endpoint_off_grid]: Symbol pin or wire end off connection grid
    ; warning
    @(26.04 mm, 939.80 mm): Horizontal Wire, length 8.89 mm
[endpoint_off_grid]: Symbol pin or wire end off connection grid
    ; warning
    @(27.31 mm, 939.80 mm): Horizontal Wire, length 1.27 mm
[lib_symbol_issues]: The current configuration does not include the symbol library 'power'
    ; warning
    @(674.37 mm, 655.32 mm): Symbol #PWR168 [GND]
[endpoint_off_grid]: Symbol pin or wire end off connection grid
    ; warning
    @(79.37 mm, 937.26 mm): Horizontal Wire, length 1.91 mm
[lib_symbol_issues]: The current configuration does not include the symbol library 'Device'
    ; warning
    @(12.70 mm, 941.07 mm): Symbol C102 [C]
[endpoint_off_grid]: Symbol pin or wire end off connection grid
    ; warning
    @(633.09 mm, 698.50 mm): Horizontal Wire, length 13.34 mm
[lib_symbol_issues]: The current configuration does not include the symbol library 'meshsat_ic'
    ; warning
    @(880.11 mm, 339.09 mm): Symbol Q32 [Q32]
[lib_symbol_issues]: The current configuration does not include the symbol library 'Device'
    ; warning
    @(941.07 mm, 63.50 mm): Symbol C212 [C]
[lib_symbol_issues]: The current configuration does not include the symbol library 'power'
    ; warning
    @(941.07 mm, 69.85 mm): Symbol #PWR044 [GND]
[unconnected_wire_endpoint]: Unconnected wire endpoint
    ; warning
    @(129.54 mm, 934.72 mm): Horizontal Wire, length 2.54 mm
[lib_symbol_issues]: The current configuration does not include the symbol library 'Device'
    ; warning
    @(90.17 mm, 941.07 mm): Symbol R98 [R]
[lib_symbol_issues]: The current configuration does not include the symbol library 'Device'
    ; warning
    @(527.05 mm, 784.86 mm): Symbol R71 [R]
[lib_symbol_issues]: The current configuration does not include the symbol library 'Device'
    ; warning
    @(689.61 mm, 648.97 mm): Symbol C197 [C]
[lib_symbol_issues]: The current configuration does not include the symbol library 'power'
    ; warning
    @(12.70 mm, 947.42 mm): Symbol #PWR211 [GND]
[lib_symbol_issues]: The current configuration does not include the symbol library 'meshsat_ic'
    ; warning
    @(925.83 mm, 205.74 mm): Symbol U3 [U3]
[lib_symbol_issues]: The current configuration does not include the symbol library 'Device'
    ; warning
    @(81.28 mm, 946.15 mm): Symbol R101 [R]
[lib_symbol_issues]: The current configuration does not include the symbol library 'Device'
    ; warning
    @(129.54 mm, 941.07 mm): Symbol C103 [C]
[lib_symbol_issues]: The current configuration does not include the symbol library 'power'
    ; warning
    @(689.61 mm, 655.32 mm): Symbol #PWR169 [GND]
[lib_symbol_issues]: The current configuration does not include the symbol library 'power'
    ; warning
    @(90.17 mm, 947.42 mm): Symbol #PWR212 [GND]
[lib_symbol_issues]: The current configuration does not include the symbol library 'power'
    ; warning
    @(46.99 mm, 952.50 mm): Symbol #PWR214 [GND]
[lib_symbol_issues]: The current configuration does not include the symbol library 'power'
    ; warning
    @(925.83 mm, 233.68 mm): Symbol #PWR055 [GND]
[unconnected_wire_endpoint]: Unconnected wire endpoint
    ; warning
    @(704.85 mm, 642.62 mm): Horizontal Wire, length 2.54 mm
[lib_symbol_issues]: The current configuration does not include the symbol library 'power'
    ; warning
    @(81.28 mm, 952.50 mm): Symbol #PWR213 [GND]
[lib_symbol_issues]: The current configuration does not include the symbol library 'power'
    ; warning
    @(129.54 mm, 947.42 mm): Symbol #PWR215 [GND]
[lib_symbol_issues]: The current configuration does not include the symbol library 'Device'
    ; warning
    @(704.85 mm, 648.97 mm): Symbol C221 [C]
[lib_symbol_issues]: The current configuration does not include the symbol library 'power'
    ; warning
    @(882.65 mm, 373.38 mm): Symbol #PWR125 [+3V3]
[endpoint_off_grid]: Symbol pin or wire end off connection grid
    ; warning
    @(898.52 mm, 336.55 mm): Horizontal Wire, length 2.54 mm
[endpoint_off_grid]: Symbol pin or wire end off connection grid
    ; warning
    @(898.52 mm, 339.09 mm): Horizontal Wire, length 2.54 mm
[lib_symbol_issues]: The current configuration does not include the symbol library 'Device'
    ; warning
    @(953.77 mm, 128.27 mm): Symbol R202 [R]
[lib_symbol_issues]: The current configuration does not include the symbol library 'power'
    ; warning
    @(704.85 mm, 655.32 mm): Symbol #PWR170 [GND]
[lib_symbol_issues]: The current configuration does not include the symbol library 'Device'
    ; warning
    @(29.21 mm, 962.66 mm): Symbol R99 [R]
[lib_symbol_issues]: The current configuration does not include the symbol library 'Device'
    ; warning
    @(927.10 mm, 266.70 mm): Symbol R19 [R]
[lib_symbol_issues]: The current configuration does not include the symbol library 'power'
    ; warning
    @(867.41 mm, 422.91 mm): Symbol #PWR127 [+3V3]
[lib_symbol_issues]: The current configuration does not include the symbol library 'Device'
    ; warning
    @(71.12 mm, 962.66 mm): Symbol R100 [R]
[lib_symbol_issues]: The current configuration does not include the symbol library 'Device'
    ; warning
    @(932.18 mm, 251.46 mm): Symbol R25 [R]
[lib_symbol_issues]: The current configuration does not include the symbol library 'Device'
    ; warning
    @(867.41 mm, 429.26 mm): Symbol L7 [L]
[lib_symbol_issues]: The current configuration does not include the symbol library 'meshsat_ic'
    ; warning
    @(887.73 mm, 386.08 mm): Symbol U11 [U11]
[lib_symbol_issues]: The current configuration does not include the symbol library 'power'
    ; warning
    @(887.73 mm, 396.24 mm): Symbol #PWR126 [GND]
[endpoint_off_grid]: Symbol pin or wire end off connection grid
    ; warning
    @(572.14 mm, 786.13 mm): Horizontal Wire, length 2.54 mm
[endpoint_off_grid]: Symbol pin or wire end off connection grid
    ; warning
    @(572.14 mm, 786.13 mm): Symbol U17 Pin 2 [SCL, Passive, Line]
[lib_symbol_issues]: The current configuration does not include the symbol library 'power'
    ; warning
    @(586.74 mm, 775.97 mm): Symbol #PWR177 [+3V3]
[lib_symbol_issues]: The current configuration does not include the symbol library 'Device'
    ; warning
    @(725.17 mm, 648.97 mm): Symbol C83 [C]
[endpoint_off_grid]: Symbol pin or wire end off connection grid
    ; warning
    @(572.14 mm, 788.67 mm): Horizontal Wire, length 2.54 mm
[lib_symbol_issues]: The current configuration does not include the symbol library 'Device'
    ; warning
    @(872.49 mm, 438.15 mm): Symbol C52 [C]
[endpoint_off_grid]: Symbol pin or wire end off connection grid
    ; warning
    @(572.14 mm, 791.21 mm): Horizontal Wire, length 2.54 mm
[lib_symbol_issues]: The current configuration does not include the symbol library 'power'
    ; warning
    @(725.17 mm, 655.32 mm): Symbol #PWR171 [GND]
[unconnected_wire_endpoint]: Unconnected wire endpoint
    ; warning
    @(947.42 mm, 200.66 mm): Horizontal Wire, length 11.43 mm
[unconnected_wire_endpoint]: Unconnected wire endpoint
    ; warning
    @(947.42 mm, 215.90 mm): Horizontal Wire, length 8.89 mm
[endpoint_off_grid]: Symbol pin or wire end off connection grid
    ; warning
    @(878.21 mm, 438.15 mm): Horizontal Wire, length 1.91 mm
[endpoint_off_grid]: Symbol pin or wire end off connection grid
    ; warning
    @(879.48 mm, 435.61 mm): Horizontal Wire, length 12.07 mm
[unconnected_wire_endpoint]: Unconnected wire endpoint
    ; warning
    @(947.42 mm, 210.82 mm): Horizontal Wire, length 11.43 mm
[lib_symbol_issues]: The current configuration does not include the symbol library 'Device'
    ; warning
    @(740.41 mm, 648.97 mm): Symbol C84 [C]
[lib_symbol_issues]: The current configuration does not include the symbol library 'Device'
    ; warning
    @(976.63 mm, 128.27 mm): Symbol R203 [R]
[lib_symbol_issues]: The current configuration does not include the symbol library 'meshsat_ic'
    ; warning
    @(655.32 mm, 737.87 mm): Symbol Q19 [Q19]
[lib_symbol_issues]: The current configuration does not include the symbol library 'meshsat_ic'
    ; warning
    @(591.82 mm, 789.94 mm): Symbol U17 [U17]
[lib_symbol_issues]: The current configuration does not include the symbol library 'power'
    ; warning
    @(740.41 mm, 655.32 mm): Symbol #PWR172 [GND]
[endpoint_off_grid]: Symbol pin or wire end off connection grid
    ; warning
    @(888.37 mm, 435.61 mm): Horizontal Wire, length 8.89 mm
[endpoint_off_grid]: Symbol pin or wire end off connection grid
    ; warning
    @(889.64 mm, 433.07 mm): Symbol U12 Pin 2 [RAIL_EN, Passive, Line]
[endpoint_off_grid]: Symbol pin or wire end off connection grid
    ; warning
    @(889.64 mm, 433.07 mm): Horizontal Wire, length 2.54 mm
[lib_symbol_issues]: The current configuration does not include the symbol library 'Device'
    ; warning
    @(966.47 mm, 212.09 mm): Symbol C18 [C]
[lib_symbol_issues]: The current configuration does not include the symbol library 'Device'
    ; warning
    @(970.28 mm, 194.31 mm): Symbol R27 [R]
[endpoint_off_grid]: Symbol pin or wire end off connection grid
    ; warning
    @(888.37 mm, 438.15 mm): Horizontal Wire, length 10.16 mm
[endpoint_off_grid]: Symbol pin or wire end off connection grid
    ; warning
    @(889.64 mm, 435.61 mm): Horizontal Wire, length 1.27 mm
[lib_symbol_issues]: The current configuration does not include the symbol library 'power'
    ; warning
    @(970.28 mm, 200.66 mm): Symbol #PWR053 [GND]
[lib_symbol_issues]: The current configuration does not include the symbol library 'power'
    ; warning
    @(966.47 mm, 218.44 mm): Symbol #PWR054 [GND]
[endpoint_off_grid]: Symbol pin or wire end off connection grid
    ; warning
    @(889.64 mm, 438.15 mm): Horizontal Wire, length 1.27 mm
[lib_symbol_issues]: The current configuration does not include the symbol library 'Device'
    ; warning
    @(881.38 mm, 461.01 mm): Symbol R48 [R]
[endpoint_off_grid]: Symbol pin or wire end off connection grid
    ; warning
    @(611.50 mm, 786.13 mm): Horizontal Wire, length 2.54 mm
[lib_symbol_issues]: The current configuration does not include the symbol library 'Device'
    ; warning
    @(755.65 mm, 648.97 mm): Symbol C85 [C]
[lib_symbol_issues]: The current configuration does not include the symbol library 'power'
    ; warning
    @(591.82 mm, 801.37 mm): Symbol #PWR178 [GND]
[endpoint_off_grid]: Symbol pin or wire end off connection grid
    ; warning
    @(611.50 mm, 788.67 mm): Horizontal Wire, length 2.54 mm
[lib_symbol_issues]: The current configuration does not include the symbol library 'power'
    ; warning
    @(16.51 mm, 999.49 mm): Symbol #PWR217 [+3V3]
[lib_symbol_issues]: The current configuration does not include the symbol library 'power'
    ; warning
    @(755.65 mm, 655.32 mm): Symbol #PWR173 [GND]
[endpoint_off_grid]: Symbol pin or wire end off connection grid
    ; warning
    @(945.52 mm, 328.93 mm): Horizontal Wire, length 1.91 mm
[lib_symbol_issues]: The current configuration does not include the symbol library 'Device'
    ; warning
    @(943.61 mm, 340.36 mm): Symbol R177 [R]
[lib_symbol_issues]: The current configuration does not include the symbol library 'power'
    ; warning
    @(943.61 mm, 346.71 mm): Symbol #PWR123 [GND]
[lib_symbol_issues]: The current configuration does not include the symbol library 'Device'
    ; warning
    @(16.51 mm, 1005.84 mm): Symbol R210 [R]
[lib_symbol_issues]: The current configuration does not include the symbol library 'power'
    ; warning
    @(54.61 mm, 1004.57 mm): Symbol #PWR220 [+3V3]
[lib_symbol_issues]: The current configuration does not include the symbol library 'meshsat_ic'
    ; warning
    @(906.78 mm, 436.88 mm): Symbol U12 [U12]
[lib_symbol_issues]: The current configuration does not include the symbol library 'Device'
    ; warning
    @(770.89 mm, 648.97 mm): Symbol C176 [C]
[endpoint_off_grid]: Symbol pin or wire end off connection grid
    ; warning
    @(953.14 mm, 328.93 mm): Horizontal Wire, length 7.62 mm
[lib_symbol_issues]: The current configuration does not include the symbol library 'Transistor_FET'
    ; warning
    @(1008.38 mm, 44.45 mm): Symbol Q36 [2N7002]
[endpoint_off_grid]: Symbol pin or wire end off connection grid
    ; warning
    @(954.41 mm, 328.93 mm): Symbol Q33 Pin 1 [SD_CS, Passive, Line]
[endpoint_off_grid]: Symbol pin or wire end off connection grid
    ; warning
    @(954.41 mm, 328.93 mm): Horizontal Wire, length 1.27 mm
[endpoint_off_grid]: Symbol pin or wire end off connection grid
    ; warning
    @(954.41 mm, 331.47 mm): Horizontal Wire, length 2.54 mm
[lib_symbol_issues]: The current configuration does not include the symbol library 'Device'
    ; warning
    @(975.36 mm, 266.70 mm): Symbol C16 [C]
[endpoint_off_grid]: Symbol pin or wire end off connection grid
    ; warning
    @(954.41 mm, 334.01 mm): Horizontal Wire, length 2.54 mm
[lib_symbol_issues]: The current configuration does not include the symbol library 'power'
    ; warning
    @(906.78 mm, 448.31 mm): Symbol #PWR129 [GND]
[lib_symbol_issues]: The current configuration does not include the symbol library 'power'
    ; warning
    @(770.89 mm, 655.32 mm): Symbol #PWR174 [GND]
[lib_symbol_issues]: The current configuration does not include the symbol library 'power'
    ; warning
    @(1010.92 mm, 52.07 mm): Symbol #PWR046 [GND]
[lib_symbol_issues]: The current configuration does not include the symbol library 'power'
    ; warning
    @(431.80 mm, 920.75 mm): Symbol #PWR249 [+3V3]
[lib_symbol_issues]: The current configuration does not include the symbol library 'Device'
    ; warning
    @(985.52 mm, 251.46 mm): Symbol C26 [C]
[unconnected_wire_endpoint]: Unconnected wire endpoint
    ; warning
    @(786.13 mm, 642.62 mm): Horizontal Wire, length 2.54 mm
[lib_symbol_issues]: The current configuration does not include the symbol library 'meshsat_ic'
    ; warning
    @(60.96 mm, 1016.00 mm): Symbol U39 [U39]
[lib_symbol_issues]: The current configuration does not include the symbol library 'Device'
    ; warning
    @(12.70 mm, 1018.54 mm): Symbol C224 [C]
[lib_symbol_issues]: The current configuration does not include the symbol library 'Device'
    ; warning
    @(786.13 mm, 648.97 mm): Symbol C177 [C]
[lib_symbol_issues]: The current configuration does not include the symbol library 'power'
    ; warning
    @(147.32 mm, 1009.65 mm): Symbol #PWR222 [+3V3]
[endpoint_off_grid]: Symbol pin or wire end off connection grid
    ; warning
    @(923.92 mm, 433.07 mm): Horizontal Wire, length 1.27 mm
[endpoint_off_grid]: Symbol pin or wire end off connection grid
    ; warning
    @(923.92 mm, 435.61 mm): Horizontal Wire, length 1.27 mm
[endpoint_off_grid]: Symbol pin or wire end off connection grid
    ; warning
    @(925.19 mm, 433.07 mm): Horizontal Wire, length 8.89 mm
[endpoint_off_grid]: Symbol pin or wire end off connection grid
    ; warning
    @(925.19 mm, 435.61 mm): Horizontal Wire, length 8.89 mm
[lib_symbol_issues]: The current configuration does not include the symbol library 'Device'
    ; warning
    @(431.80 mm, 927.10 mm): Symbol R110 [R]
[unconnected_wire_endpoint]: Unconnected wire endpoint
    ; warning
    @(147.32 mm, 1012.19 mm): Horizontal Wire, length 2.54 mm
[lib_symbol_issues]: The current configuration does not include the symbol library 'power'
    ; warning
    @(786.13 mm, 655.32 mm): Symbol #PWR175 [GND]
[lib_symbol_issues]: The current configuration does not include the symbol library 'Device'
    ; warning
    @(107.95 mm, 1018.54 mm): Symbol R209 [R]
[lib_symbol_issues]: The current configuration does not include the symbol library 'power'
    ; warning
    @(12.70 mm, 1024.89 mm): Symbol #PWR216 [GND]
[lib_symbol_issues]: The current configuration does not include the symbol library 'Connector_Generic'
    ; warning
    @(675.64 mm, 770.89 mm): Symbol J_54V [Conn_01x02]
[unconnected_wire_endpoint]: Unconnected wire endpoint
    ; warning
    @(167.64 mm, 1012.19 mm): Horizontal Wire, length 2.54 mm
[lib_symbol_issues]: The current configuration does not include the symbol library 'meshsat_ic'
    ; warning
    @(971.55 mm, 332.74 mm): Symbol Q33 [Q33]
[lib_symbol_issues]: The current configuration does not include the symbol library 'Device'
    ; warning
    @(99.06 mm, 1023.62 mm): Symbol R212 [R]
[lib_symbol_issues]: The current configuration does not include the symbol library 'Device'
    ; warning
    @(147.32 mm, 1018.54 mm): Symbol C225 [C]
[lib_symbol_issues]: The current configuration does not include the symbol library 'power'
    ; warning
    @(224.79 mm, 1004.57 mm): Symbol #PWR225 [+3V3]
[endpoint_off_grid]: Symbol pin or wire end off connection grid
    ; warning
    @(934.08 mm, 433.07 mm): Horizontal Wire, length 1.91 mm
[lib_symbol_issues]: The current configuration does not include the symbol library 'Device'
    ; warning
    @(1022.35 mm, 128.27 mm): Symbol R205 [R]
[lib_symbol_issues]: The current configuration does not include the symbol library 'power'
    ; warning
    @(107.95 mm, 1024.89 mm): Symbol #PWR218 [GND]
[unconnected_wire_endpoint]: Unconnected wire endpoint
    ; warning
    @(925.19 mm, 435.61 mm): Horizontal Wire, length 8.89 mm
[lib_symbol_issues]: The current configuration does not include the symbol library 'power'
    ; warning
    @(458.47 mm, 923.29 mm): Symbol #PWR251 [+3V3]
[lib_symbol_issues]: The current configuration does not include the symbol library 'power'
    ; warning
    @(60.96 mm, 1029.97 mm): Symbol #PWR221 [GND]
[lib_symbol_issues]: The current configuration does not include the symbol library 'Device'
    ; warning
    @(167.64 mm, 1018.54 mm): Symbol R213 [R]
[unconnected_wire_endpoint]: Unconnected wire endpoint
    ; warning
    @(204.47 mm, 1014.73 mm): Horizontal Wire, length 11.43 mm
[lib_symbol_issues]: The current configuration does not include the symbol library 'Device'
    ; warning
    @(924.56 mm, 461.01 mm): Symbol R49 [R]
[lib_symbol_issues]: The current configuration does not include the symbol library 'Device'
    ; warning
    @(935.99 mm, 439.42 mm): Symbol C53 [C]
[lib_symbol_issues]: The current configuration does not include the symbol library 'power'
    ; warning
    @(99.06 mm, 1029.97 mm): Symbol #PWR219 [GND]
[lib_symbol_issues]: The current configuration does not include the symbol library 'power'
    ; warning
    @(147.32 mm, 1024.89 mm): Symbol #PWR223 [GND]
[lib_symbol_issues]: The current configuration does not include the symbol library 'Device'
    ; warning
    @(190.50 mm, 1018.54 mm): Symbol R103 [R]
[lib_symbol_issues]: The current configuration does not include the symbol library 'power'
    ; warning
    @(935.99 mm, 445.77 mm): Symbol #PWR128 [GND]
[lib_symbol_issues]: The current configuration does not include the symbol library 'meshsat_ic'
    ; warning
    @(224.79 mm, 1014.73 mm): Symbol U40 [U40]
[lib_symbol_issues]: The current configuration does not include the symbol library 'Device'
    ; warning
    @(26.67 mm, 1040.13 mm): Symbol R211 [R]
[endpoint_off_grid]: Symbol pin or wire end off connection grid
    ; warning
    @(988.69 mm, 328.93 mm): Horizontal Wire, length 2.54 mm
[lib_symbol_issues]: The current configuration does not include the symbol library 'Connector_Generic'
    ; warning
    @(975.36 mm, 367.03 mm): Symbol J_5V_DEV [Conn_01x02]
[lib_symbol_issues]: The current configuration does not include the symbol library 'power'
    ; warning
    @(190.50 mm, 1024.89 mm): Symbol #PWR224 [GND]
[endpoint_off_grid]: Symbol pin or wire end off connection grid
    ; warning
    @(988.69 mm, 331.47 mm): Horizontal Wire, length 2.54 mm
[lib_symbol_issues]: The current configuration does not include the symbol library 'power'
    ; warning
    @(224.79 mm, 1024.89 mm): Symbol #PWR226 [GND]
[lib_symbol_issues]: The current configuration does not include the symbol library 'Transistor_FET'
    ; warning
    @(1049.02 mm, 67.31 mm): Symbol Q37 [2N7002]
[lib_symbol_issues]: The current configuration does not include the symbol library 'Device'
    ; warning
    @(308.61 mm, 1005.84 mm): Symbol R215 [R]
[lib_symbol_issues]: The current configuration does not include the symbol library 'Device'
    ; warning
    @(1051.56 mm, 39.37 mm): Symbol R201 [R]
[unconnected_wire_endpoint]: Unconnected wire endpoint
    ; warning
    @(472.44 mm, 935.99 mm): Horizontal Wire, length 10.16 mm
[lib_symbol_issues]: The current configuration does not include the symbol library 'Device'
    ; warning
    @(1019.81 mm, 266.70 mm): Symbol L2 [L]
[unconnected_wire_endpoint]: Unconnected wire endpoint
    ; warning
    @(472.44 mm, 938.53 mm): Horizontal Wire, length 7.62 mm
[lib_symbol_issues]: The current configuration does not include the symbol library 'power'
    ; warning
    @(1051.56 mm, 74.93 mm): Symbol #PWR047 [GND]
[lib_symbol_issues]: The current configuration does not include the symbol library 'Interface_Expansion'
    ; warning
    @(458.47 mm, 951.23 mm): Symbol U27 [PCA9555PW]
[lib_symbol_issues]: The current configuration does not include the symbol library 'Device'
    ; warning
    @(1026.16 mm, 251.46 mm): Symbol C27 [C]
[lib_symbol_issues]: The current configuration does not include the symbol library 'Device'
    ; warning
    @(963.93 mm, 439.42 mm): Symbol C54 [C]
[lib_symbol_issues]: The current configuration does not include the symbol library 'Device'
    ; warning
    @(328.93 mm, 1008.38 mm): Symbol R214 [R]
[lib_symbol_issues]: The current configuration does not include the symbol library 'Device'
    ; warning
    @(209.55 mm, 1040.13 mm): Symbol R104 [R]
[lib_symbol_issues]: The current configuration does not include the symbol library 'Device'
    ; warning
    @(494.03 mm, 939.80 mm): Symbol R111 [R]
[lib_symbol_issues]: The current configuration does not include the symbol library 'power'
    ; warning
    @(515.62 mm, 928.37 mm): Symbol #PWR253 [+3V3]
[lib_symbol_issues]: The current configuration does not include the symbol library 'power'
    ; warning
    @(963.93 mm, 445.77 mm): Symbol #PWR130 [GND]
[unconnected_wire_endpoint]: Unconnected wire endpoint
    ; warning
    @(515.62 mm, 930.91 mm): Horizontal Wire, length 2.54 mm
[lib_symbol_issues]: The current configuration does not include the symbol library 'power'
    ; warning
    @(494.03 mm, 946.15 mm): Symbol #PWR250 [GND]
[lib_symbol_issues]: The current configuration does not include the symbol library 'Device'
    ; warning
    @(1064.26 mm, 82.55 mm): Symbol R200 [R]
[lib_symbol_issues]: The current configuration does not include the symbol library 'Device'
    ; warning
    @(515.62 mm, 937.26 mm): Symbol C106 [C]
[lib_symbol_issues]: The current configuration does not include the symbol library 'power'
    ; warning
    @(354.33 mm, 1009.65 mm): Symbol #PWR227 [+3V3]
[unconnected_wire_endpoint]: Unconnected wire endpoint
    ; warning
    @(979.17 mm, 433.07 mm): Horizontal Wire, length 2.54 mm
[lib_symbol_issues]: The current configuration does not include the symbol library 'Device'
    ; warning
    @(979.17 mm, 439.42 mm): Symbol C223 [C]
[unconnected_wire_endpoint]: Unconnected wire endpoint
    ; warning
    @(354.33 mm, 1012.19 mm): Horizontal Wire, length 2.54 mm
[lib_symbol_issues]: The current configuration does not include the symbol library 'power'
    ; warning
    @(515.62 mm, 943.61 mm): Symbol #PWR254 [GND]
[lib_symbol_issues]: The current configuration does not include the symbol library 'Device'
    ; warning
    @(850.90 mm, 657.86 mm): Symbol C88 [C]
[lib_symbol_issues]: The current configuration does not include the symbol library 'power'
    ; warning
    @(979.17 mm, 445.77 mm): Symbol #PWR131 [GND]
[lib_symbol_issues]: The current configuration does not include the symbol library 'Device'
    ; warning
    @(868.68 mm, 635.00 mm): Symbol R135 [R]
[endpoint_off_grid]: Symbol pin or wire end off connection grid
    ; warning
    @(32.39 mm, 1075.69 mm): Horizontal Wire, length 2.54 mm
[endpoint_off_grid]: Symbol pin or wire end off connection grid
    ; warning
    @(32.39 mm, 1075.69 mm): Symbol U35 Pin 1 [TX_INHIBIT_n, Passive, Line]
[lib_symbol_issues]: The current configuration does not include the symbol library 'power'
    ; warning
    @(558.80 mm, 920.75 mm): Symbol #PWR255 [+3V3]
[endpoint_off_grid]: Symbol pin or wire end off connection grid
    ; warning
    @(19.69 mm, 1078.23 mm): Horizontal Wire, length 1.91 mm
[lib_symbol_issues]: The current configuration does not include the symbol library 'Device'
    ; warning
    @(354.33 mm, 1018.54 mm): Symbol C226 [C]
[endpoint_off_grid]: Symbol pin or wire end off connection grid
    ; warning
    @(76.83 mm, 1075.69 mm): Horizontal Wire, length 1.27 mm
[endpoint_off_grid]: Symbol pin or wire end off connection grid
    ; warning
    @(78.10 mm, 1075.69 mm): Horizontal Wire, length 10.16 mm
[endpoint_off_grid]: Symbol pin or wire end off connection grid
    ; warning
    @(31.12 mm, 1078.23 mm): Horizontal Wire, length 11.43 mm
[endpoint_off_grid]: Symbol pin or wire end off connection grid
    ; warning
    @(32.39 mm, 1078.23 mm): Horizontal Wire, length 1.27 mm
[endpoint_off_grid]: Symbol pin or wire end off connection grid
    ; warning
    @(88.26 mm, 1075.69 mm): Horizontal Wire, length 1.91 mm
[lib_symbol_issues]: The current configuration does not include the symbol library 'power'
    ; warning
    @(850.90 mm, 664.21 mm): Symbol #PWR181 [GND]
[lib_symbol_issues]: The current configuration does not include the symbol library 'meshsat_ic'
    ; warning
    @(54.61 mm, 1078.23 mm): Symbol U35 [U35]
[lib_symbol_issues]: The current configuration does not include the symbol library 'power'
    ; warning
    @(458.47 mm, 979.17 mm): Symbol #PWR252 [GND]
[unconnected_wire_endpoint]: Unconnected wire endpoint
    ; warning
    @(881.38 mm, 641.35 mm): Horizontal Wire, length 10.16 mm
[unconnected_wire_endpoint]: Unconnected wire endpoint
    ; warning
    @(114.30 mm, 1075.69 mm): Horizontal Wire, length 2.54 mm
[lib_symbol_issues]: The current configuration does not include the symbol library 'Device'
    ; warning
    @(449.58 mm, 986.79 mm): Symbol R112 [R]
[lib_symbol_issues]: The current configuration does not include the symbol library 'power'
    ; warning
    @(354.33 mm, 1024.89 mm): Symbol #PWR228 [GND]
[lib_symbol_issues]: The current configuration does not include the symbol library 'Device'
    ; warning
    @(90.17 mm, 1082.04 mm): Symbol R207 [R]
[lib_symbol_issues]: The current configuration does not include the symbol library 'Device'
    ; warning
    @(17.78 mm, 1087.12 mm): Symbol R102 [R]
[lib_symbol_issues]: The current configuration does not include the symbol library 'Device'
    ; warning
    @(114.30 mm, 1082.04 mm): Symbol C215 [C]
[unconnected_wire_endpoint]: Unconnected wire endpoint
    ; warning
    @(881.38 mm, 654.05 mm): Horizontal Wire, length 10.16 mm
[lib_symbol_issues]: The current configuration does not include the symbol library 'power'
    ; warning
    @(54.61 mm, 1088.39 mm): Symbol #PWR231 [GND]
[lib_symbol_issues]: The current configuration does not include the symbol library 'Device'
    ; warning
    @(861.06 mm, 668.02 mm): Symbol R78 [R]
[lib_symbol_issues]: The current configuration does not include the symbol library 'meshsat_ic'
    ; warning
    @(161.29 mm, 1078.23 mm): Symbol U36 [U36]
[lib_symbol_issues]: The current configuration does not include the symbol library 'Connector'
    ; warning
    @(430.53 mm, 1002.03 mm): Symbol TP26 [TestPoint]
[lib_symbol_issues]: The current configuration does not include the symbol library 'power'
    ; warning
    @(90.17 mm, 1088.39 mm): Symbol #PWR230 [GND]
[unconnected_wire_endpoint]: Unconnected wire endpoint
    ; warning
    @(881.38 mm, 659.13 mm): Horizontal Wire, length 10.16 mm
[unconnected_wire_endpoint]: Unconnected wire endpoint
    ; warning
    @(881.38 mm, 656.59 mm): Horizontal Wire, length 7.62 mm
[lib_symbol_issues]: The current configuration does not include the symbol library 'power'
    ; warning
    @(17.78 mm, 1093.47 mm): Symbol #PWR229 [GND]
[lib_symbol_issues]: The current configuration does not include the symbol library 'power'
    ; warning
    @(861.06 mm, 674.37 mm): Symbol #PWR179 [GND]
[lib_symbol_issues]: The current configuration does not include the symbol library 'power'
    ; warning
    @(114.30 mm, 1088.39 mm): Symbol #PWR232 [GND]
[endpoint_off_grid]: Symbol pin or wire end off connection grid
    ; warning
    @(1044.58 mm, 328.93 mm): Symbol Q34 Pin 1 [SD_CS, Passive, Line]
[endpoint_off_grid]: Symbol pin or wire end off connection grid
    ; warning
    @(1044.58 mm, 328.93 mm): Horizontal Wire, length 2.54 mm
[endpoint_off_grid]: Symbol pin or wire end off connection grid
    ; warning
    @(1044.58 mm, 331.47 mm): Horizontal Wire, length 2.54 mm
[lib_symbol_issues]: The current configuration does not include the symbol library 'Device'
    ; warning
    @(857.25 mm, 683.26 mm): Symbol C151 [C]
[endpoint_off_grid]: Symbol pin or wire end off connection grid
    ; warning
    @(1044.58 mm, 334.01 mm): Horizontal Wire, length 2.54 mm
[lib_symbol_issues]: The current configuration does not include the symbol library 'Device'
    ; warning
    @(1068.07 mm, 251.46 mm): Symbol C17 [C]
[unconnected_wire_endpoint]: Unconnected wire endpoint
    ; warning
    @(215.90 mm, 1075.69 mm): Horizontal Wire, length 2.54 mm
[lib_symbol_issues]: The current configuration does not include the symbol library 'Device'
    ; warning
    @(1014.73 mm, 422.91 mm): Symbol C55 [C]
[lib_symbol_issues]: The current configuration does not include the symbol library 'Device'
    ; warning
    @(1082.04 mm, 194.31 mm): Symbol R17 [R]
[lib_symbol_issues]: The current configuration does not include the symbol library 'power'
    ; warning
    @(594.36 mm, 925.83 mm): Symbol #PWR257 [+3V3]
[lib_symbol_issues]: The current configuration does not include the symbol library 'power'
    ; warning
    @(857.25 mm, 689.61 mm): Symbol #PWR180 [GND]
[lib_symbol_issues]: The current configuration does not include the symbol library 'power'
    ; warning
    @(161.29 mm, 1088.39 mm): Symbol #PWR233 [GND]
[lib_symbol_issues]: The current configuration does not include the symbol library 'Device'
    ; warning
    @(487.68 mm, 986.79 mm): Symbol R113 [R]
[lib_symbol_issues]: The current configuration does not include the symbol library 'Interface_Expansion'
    ; warning
    @(558.80 mm, 948.69 mm): Symbol U28 [PCA9555PW]
[lib_symbol_issues]: The current configuration does not include the symbol library 'Device'
    ; warning
    @(215.90 mm, 1082.04 mm): Symbol C216 [C]
[unconnected_wire_endpoint]: Unconnected wire endpoint
    ; warning
    @(594.36 mm, 928.37 mm): Horizontal Wire, length 2.54 mm
[lib_symbol_issues]: The current configuration does not include the symbol library 'Connector'
    ; warning
    @(610.87 mm, 919.48 mm): Symbol TP3 [TestPoint]
[endpoint_off_grid]: Symbol pin or wire end off connection grid
    ; warning
    @(253.37 mm, 1075.69 mm): Symbol U37 Pin 1 [TX_INHIBIT_n, Passive, Line]
[endpoint_off_grid]: Symbol pin or wire end off connection grid
    ; warning
    @(253.37 mm, 1075.69 mm): Horizontal Wire, length 2.54 mm
[endpoint_off_grid]: Symbol pin or wire end off connection grid
    ; warning
    @(253.37 mm, 1078.23 mm): Horizontal Wire, length 2.54 mm
[lib_symbol_issues]: The current configuration does not include the symbol library 'Device'
    ; warning
    @(594.36 mm, 934.72 mm): Symbol C107 [C]
[lib_symbol_issues]: The current configuration does not include the symbol library 'Device'
    ; warning
    @(1104.90 mm, 82.55 mm): Symbol D22 [D_Zener]
[lib_symbol_issues]: The current configuration does not include the symbol library 'power'
    ; warning
    @(215.90 mm, 1088.39 mm): Symbol #PWR234 [GND]
[lib_symbol_issues]: The current configuration does not include the symbol library 'meshsat_ic'
    ; warning
    @(1061.72 mm, 332.74 mm): Symbol Q34 [Q34]
[lib_symbol_issues]: The current configuration does not include the symbol library 'meshsat_ic'
    ; warning
    @(275.59 mm, 1078.23 mm): Symbol U37 [U37]
[lib_symbol_issues]: The current configuration does not include the symbol library 'power'
    ; warning
    @(594.36 mm, 941.07 mm): Symbol #PWR258 [GND]
[lib_symbol_issues]: The current configuration does not include the symbol library 'Device'
    ; warning
    @(1097.28 mm, 194.31 mm): Symbol C23 [C]
[lib_symbol_issues]: The current configuration does not include the symbol library 'power'
    ; warning
    @(1097.28 mm, 200.66 mm): Symbol #PWR056 [GND]
[lib_symbol_issues]: The current configuration does not include the symbol library 'meshsat_ic'
    ; warning
    @(902.97 mm, 655.32 mm): Symbol U19 [U19]
[endpoint_off_grid]: Symbol pin or wire end off connection grid
    ; warning
    @(297.81 mm, 1075.69 mm): Horizontal Wire, length 1.27 mm
[endpoint_off_grid]: Symbol pin or wire end off connection grid
    ; warning
    @(299.08 mm, 1075.69 mm): Horizontal Wire, length 10.16 mm
[lib_symbol_issues]: The current configuration does not include the symbol library 'Device'
    ; warning
    @(868.68 mm, 704.85 mm): Symbol R76 [R]
[endpoint_off_grid]: Symbol pin or wire end off connection grid
    ; warning
    @(309.24 mm, 1075.69 mm): Horizontal Wire, length 1.91 mm
[lib_symbol_issues]: The current configuration does not include the symbol library 'Connector'
    ; warning
    @(640.08 mm, 919.48 mm): Symbol TP4 [TestPoint]
[lib_symbol_issues]: The current configuration does not include the symbol library 'power'
    ; warning
    @(275.59 mm, 1088.39 mm): Symbol #PWR236 [GND]
[lib_symbol_issues]: The current configuration does not include the symbol library 'power'
    ; warning
    @(162.56 mm, 1111.25 mm): Symbol #PWR241 [+3V3]
[lib_symbol_issues]: The current configuration does not include the symbol library 'power'
    ; warning
    @(558.80 mm, 976.63 mm): Symbol #PWR256 [GND]
[lib_symbol_issues]: The current configuration does not include the symbol library 'Device'
    ; warning
    @(311.15 mm, 1082.04 mm): Symbol R208 [R]
[unconnected_wire_endpoint]: Unconnected wire endpoint
    ; warning
    @(335.28 mm, 1075.69 mm): Horizontal Wire, length 2.54 mm
[endpoint_off_grid]: Symbol pin or wire end off connection grid
    ; warning
    @(141.61 mm, 1118.87 mm): Symbol U26 Pin 8 [POE_EN, Passive, Line]
[endpoint_off_grid]: Symbol pin or wire end off connection grid
    ; warning
    @(141.61 mm, 1118.87 mm): Horizontal Wire, length 2.54 mm
[endpoint_off_grid]: Symbol pin or wire end off connection grid
    ; warning
    @(1078.86 mm, 328.93 mm): Horizontal Wire, length 2.54 mm
[lib_symbol_issues]: The current configuration does not include the symbol library 'Device'
    ; warning
    @(868.68 mm, 720.09 mm): Symbol C118 [C]
[endpoint_off_grid]: Symbol pin or wire end off connection grid
    ; warning
    @(126.37 mm, 1121.41 mm): Horizontal Wire, length 12.07 mm
[endpoint_off_grid]: Symbol pin or wire end off connection grid
    ; warning
    @(1078.86 mm, 331.47 mm): Horizontal Wire, length 2.54 mm
[lib_symbol_issues]: The current configuration does not include the symbol library 'Device'
    ; warning
    @(1112.52 mm, 194.31 mm): Symbol C24 [C]
[lib_symbol_issues]: The current configuration does not include the symbol library 'power'
    ; warning
    @(902.97 mm, 679.45 mm): Symbol #PWR183 [GND]
[endpoint_off_grid]: Symbol pin or wire end off connection grid
    ; warning
    @(140.34 mm, 1121.41 mm): Horizontal Wire, length 13.97 mm
[endpoint_off_grid]: Symbol pin or wire end off connection grid
    ; warning
    @(141.61 mm, 1121.41 mm): Horizontal Wire, length 1.27 mm
[lib_symbol_issues]: The current configuration does not include the symbol library 'power'
    ; warning
    @(1112.52 mm, 200.66 mm): Symbol #PWR057 [GND]
[lib_symbol_issues]: The current configuration does not include the symbol library 'Device'
    ; warning
    @(900.43 mm, 684.53 mm): Symbol R133 [R]
[lib_symbol_issues]: The current configuration does not include the symbol library 'power'
    ; warning
    @(311.15 mm, 1088.39 mm): Symbol #PWR235 [GND]
[lib_symbol_issues]: The current configuration does not include the symbol library 'Device'
    ; warning
    @(335.28 mm, 1082.04 mm): Symbol C217 [C]
[lib_symbol_issues]: The current configuration does not include the symbol library 'Connector'
    ; warning
    @(661.67 mm, 919.48 mm): Symbol TP5 [TestPoint]
[endpoint_off_grid]: Symbol pin or wire end off connection grid
    ; warning
    @(141.61 mm, 1123.95 mm): Horizontal Wire, length 2.54 mm
[lib_symbol_issues]: The current configuration does not include the symbol library 'Device'
    ; warning
    @(114.30 mm, 1127.76 mm): Symbol R114 [R]
[lib_symbol_issues]: The current configuration does not include the symbol library 'meshsat_ic'
    ; warning
    @(40.64 mm, 1132.84 mm): Symbol U38 [U38]
[endpoint_off_grid]: Symbol pin or wire end off connection grid
    ; warning
    @(183.51 mm, 1118.87 mm): Horizontal Wire, length 2.54 mm
[unconnected_wire_endpoint]: Unconnected wire endpoint
    ; warning
    @(95.25 mm, 1130.30 mm): Horizontal Wire, length 2.54 mm
[endpoint_off_grid]: Symbol pin or wire end off connection grid
    ; warning
    @(183.51 mm, 1121.41 mm): Horizontal Wire, length 2.54 mm
[lib_symbol_issues]: The current configuration does not include the symbol library 'meshsat_ic'
    ; warning
    @(162.56 mm, 1125.22 mm): Symbol U26 [U26]
[endpoint_off_grid]: Symbol pin or wire end off connection grid
    ; warning
    @(183.51 mm, 1123.95 mm): Horizontal Wire, length 2.54 mm
[lib_symbol_issues]: The current configuration does not include the symbol library 'power'
    ; warning
    @(335.28 mm, 1088.39 mm): Symbol #PWR237 [GND]
[lib_symbol_issues]: The current configuration does not include the symbol library 'power'
    ; warning
    @(226.06 mm, 1116.33 mm): Symbol #PWR243 [+3V3]
[lib_symbol_issues]: The current configuration does not include the symbol library 'Device'
    ; warning
    @(869.95 mm, 735.33 mm): Symbol C91 [C]
[endpoint_off_grid]: Symbol pin or wire end off connection grid
    ; warning
    @(186.05 mm, 1123.95 mm): Horizontal Wire, length 17.78 mm
[lib_symbol_issues]: The current configuration does not include the symbol library 'power'
    ; warning
    @(114.30 mm, 1134.11 mm): Symbol #PWR240 [GND]
[unconnected_wire_endpoint]: Unconnected wire endpoint
    ; warning
    @(924.56 mm, 651.51 mm): Horizontal Wire, length 11.43 mm
[lib_symbol_issues]: The current configuration does not include the symbol library 'Device'
    ; warning
    @(1059.18 mm, 422.91 mm): Symbol C56 [C]
[lib_symbol_issues]: The current configuration does not include the symbol library 'Device'
    ; warning
    @(95.25 mm, 1136.65 mm): Symbol C218 [C]
[unconnected_wire_endpoint]: Unconnected wire endpoint
    ; warning
    @(226.06 mm, 1118.87 mm): Horizontal Wire, length 2.54 mm
[endpoint_off_grid]: Symbol pin or wire end off connection grid
    ; warning
    @(203.83 mm, 1123.95 mm): Vertical Wire, length 15.24 mm
[lib_symbol_issues]: The current configuration does not include the symbol library 'power'
    ; warning
    @(40.64 mm, 1143.00 mm): Symbol #PWR238 [GND]
[lib_symbol_issues]: The current configuration does not include the symbol library 'Device'
    ; warning
    @(1127.76 mm, 194.31 mm): Symbol C25 [C]
[unconnected_wire_endpoint]: Unconnected wire endpoint
    ; warning
    @(924.56 mm, 659.13 mm): Horizontal Wire, length 11.43 mm
[lib_symbol_issues]: The current configuration does not include the symbol library 'power'
    ; warning
    @(275.59 mm, 1111.25 mm): Symbol #PWR245 [+3V3]
[lib_symbol_issues]: The current configuration does not include the symbol library 'power'
    ; warning
    @(1127.76 mm, 200.66 mm): Symbol #PWR058 [GND]
[unconnected_wire_endpoint]: Unconnected wire endpoint
    ; warning
    @(924.56 mm, 664.21 mm): Horizontal Wire, length 8.89 mm
[unconnected_wire_endpoint]: Unconnected wire endpoint
    ; warning
    @(1127.76 mm, 187.96 mm): Horizontal Wire, length 2.54 mm
[lib_symbol_issues]: The current configuration does not include the symbol library 'Connector'
    ; warning
    @(684.53 mm, 919.48 mm): Symbol TP6 [TestPoint]
[lib_symbol_issues]: The current configuration does not include the symbol library 'power'
    ; warning
    @(95.25 mm, 1143.00 mm): Symbol #PWR239 [GND]
[lib_symbol_issues]: The current configuration does not include the symbol library 'Device'
    ; warning
    @(867.41 mm, 750.57 mm): Symbol L11 [L]
[lib_symbol_issues]: The current configuration does not include the symbol library 'Device'
    ; warning
    @(226.06 mm, 1125.22 mm): Symbol C104 [C]
[endpoint_off_grid]: Symbol pin or wire end off connection grid
    ; warning
    @(255.91 mm, 1118.87 mm): Symbol U30 Pin 1 [TR_APRS, Passive, Line]
[endpoint_off_grid]: Symbol pin or wire end off connection grid
    ; warning
    @(255.91 mm, 1118.87 mm): Horizontal Wire, length 2.54 mm
[endpoint_off_grid]: Symbol pin or wire end off connection grid
    ; warning
    @(255.91 mm, 1121.41 mm): Horizontal Wire, length 2.54 mm
[lib_symbol_issues]: The current configuration does not include the symbol library 'Device'
    ; warning
    @(909.32 mm, 704.85 mm): Symbol R77 [R]
[lib_symbol_issues]: The current configuration does not include the symbol library 'Connector_Generic'
    ; warning
    @(459.74 mm, 1056.64 mm): Symbol J_AB1 [Conn_02x13_Odd_Even]
[lib_symbol_issues]: The current configuration does not include the symbol library 'power'
    ; warning
    @(162.56 mm, 1141.73 mm): Symbol #PWR242 [GND]
[lib_symbol_issues]: The current configuration does not include the symbol library 'power'
    ; warning
    @(226.06 mm, 1131.57 mm): Symbol #PWR244 [GND]
[lib_symbol_issues]: The current configuration does not include the symbol library 'meshsat_ic'
    ; warning
    @(275.59 mm, 1121.41 mm): Symbol U30 [U30]
[lib_symbol_issues]: The current configuration does not include the symbol library 'Device'
    ; warning
    @(1151.89 mm, 82.55 mm): Symbol C214 [C]
[lib_symbol_issues]: The current configuration does not include the symbol library 'Device'
    ; warning
    @(431.80 mm, 1073.15 mm): Symbol R118 [R]
[endpoint_off_grid]: Symbol pin or wire end off connection grid
    ; warning
    @(295.27 mm, 1118.87 mm): Horizontal Wire, length 2.54 mm
[endpoint_off_grid]: Symbol pin or wire end off connection grid
    ; warning
    @(203.83 mm, 1139.19 mm): Horizontal Wire, length 111.76 mm
[endpoint_off_grid]: Symbol pin or wire end off connection grid
    ; warning
    @(859.16 mm, 775.97 mm): Vertical Wire, length 2.54 mm
[endpoint_off_grid]: Symbol pin or wire end off connection grid
    ; warning
    @(861.70 mm, 775.97 mm): Horizontal Wire, length 2.54 mm
[endpoint_off_grid]: Symbol pin or wire end off connection grid
    ; warning
    @(861.70 mm, 775.97 mm): Symbol Q21 Pin 1 [PD_SW1, Passive, Line]
[lib_symbol_issues]: The current configuration does not include the symbol library 'Connector'
    ; warning
    @(707.39 mm, 919.48 mm): Symbol TP7 [TestPoint]
[endpoint_off_grid]: Symbol pin or wire end off connection grid
    ; warning
    @(861.70 mm, 778.51 mm): Horizontal Wire, length 2.54 mm
[endpoint_off_grid]: Symbol pin or wire end off connection grid
    ; warning
    @(315.59 mm, 1118.87 mm): Horizontal Wire, length 17.78 mm
[lib_symbol_issues]: The current configuration does not include the symbol library 'power'
    ; warning
    @(431.80 mm, 1079.50 mm): Symbol #PWR259 [GND]
[lib_symbol_issues]: The current configuration does not include the symbol library 'Device'
    ; warning
    @(913.13 mm, 720.09 mm): Symbol C119 [C]
[lib_symbol_issues]: The current configuration does not include the symbol library 'Device'
    ; warning
    @(1148.08 mm, 194.31 mm): Symbol C20 [C]
[lib_symbol_issues]: The current configuration does not include the symbol library 'power'
    ; warning
    @(275.59 mm, 1131.57 mm): Symbol #PWR246 [GND]
[lib_symbol_issues]: The current configuration does not include the symbol library 'power'
    ; warning
    @(979.17 mm, 631.19 mm): Symbol #PWR182 [+3V3]
[lib_symbol_issues]: The current configuration does not include the symbol library 'power'
    ; warning
    @(334.01 mm, 1116.33 mm): Symbol #PWR247 [+3V3]
[lib_symbol_issues]: The current configuration does not include the symbol library 'power'
    ; warning
    @(1148.08 mm, 200.66 mm): Symbol #PWR059 [GND]
[lib_symbol_issues]: The current configuration does not include the symbol library 'Device'
    ; warning
    @(946.15 mm, 684.53 mm): Symbol R134 [R]
[unconnected_wire_endpoint]: Unconnected wire endpoint
    ; warning
    @(334.01 mm, 1118.87 mm): Horizontal Wire, length 2.54 mm
[lib_symbol_issues]: The current configuration does not include the symbol library 'Device'
    ; warning
    @(979.17 mm, 637.54 mm): Symbol R128 [R]
[unconnected_wire_endpoint]: Unconnected wire endpoint
    ; warning
    @(468.63 mm, 1064.26 mm): Horizontal Wire, length 15.24 mm
[lib_symbol_issues]: The current configuration does not include the symbol library 'Device'
    ; warning
    @(491.49 mm, 1062.99 mm): Symbol R116 [R]
[lib_symbol_issues]: The current configuration does not include the symbol library 'Connector'
    ; warning
    @(728.98 mm, 919.48 mm): Symbol TP8 [TestPoint]
[lib_symbol_issues]: The current configuration does not include the symbol library 'Device'
    ; warning
    @(334.01 mm, 1125.22 mm): Symbol C153 [C]
[lib_symbol_issues]: The current configuration does not include the symbol library 'meshsat_ic'
    ; warning
    @(880.11 mm, 778.51 mm): Symbol Q21 [Q21]
[lib_symbol_issues]: The current configuration does not include the symbol library 'Device'
    ; warning
    @(916.94 mm, 735.33 mm): Symbol D18 [D_Schottky]
[lib_symbol_issues]: The current configuration does not include the symbol library 'Connector_Generic'
    ; warning
    @(537.21 mm, 1046.48 mm): Symbol J_AB2 [Conn_02x05_Odd_Even]
[lib_symbol_issues]: The current configuration does not include the symbol library 'power'
    ; warning
    @(491.49 mm, 1069.34 mm): Symbol #PWR260 [GND]
[lib_symbol_issues]: The current configuration does not include the symbol library 'Device'
    ; warning
    @(1163.32 mm, 194.31 mm): Symbol C21 [C]
[lib_symbol_issues]: The current configuration does not include the symbol library 'Device'
    ; warning
    @(946.15 mm, 704.85 mm): Symbol R136 [R]
[lib_symbol_issues]: The current configuration does not include the symbol library 'power'
    ; warning
    @(1163.32 mm, 200.66 mm): Symbol #PWR060 [GND]
[lib_symbol_issues]: The current configuration does not include the symbol library 'Device'
    ; warning
    @(1103.63 mm, 421.64 mm): Symbol D3 [D_Zener]
[endpoint_off_grid]: Symbol pin or wire end off connection grid
    ; warning
    @(315.59 mm, 1139.19 mm): Vertical Wire, length 20.32 mm
[lib_symbol_issues]: The current configuration does not include the symbol library 'Device'
    ; warning
    @(488.95 mm, 1078.23 mm): Symbol R145 [R]
[endpoint_off_grid]: Symbol pin or wire end off connection grid
    ; warning
    @(1134.75 mm, 342.90 mm): Horizontal Wire, length 2.54 mm
[endpoint_off_grid]: Symbol pin or wire end off connection grid
    ; warning
    @(1134.75 mm, 342.90 mm): Symbol Q35 Pin 1 [SD_SW2, Passive, Line]
[endpoint_off_grid]: Symbol pin or wire end off connection grid
    ; warning
    @(1134.75 mm, 345.44 mm): Horizontal Wire, length 2.54 mm
[endpoint_off_grid]: Symbol pin or wire end off connection grid
    ; warning
    @(1134.75 mm, 347.98 mm): Horizontal Wire, length 2.54 mm
[endpoint_off_grid]: Symbol pin or wire end off connection grid
    ; warning
    @(898.52 mm, 775.97 mm): Horizontal Wire, length 2.54 mm
[lib_symbol_issues]: The current configuration does not include the symbol library 'Connector'
    ; warning
    @(751.84 mm, 919.48 mm): Symbol TP23 [TestPoint]
[endpoint_off_grid]: Symbol pin or wire end off connection grid
    ; warning
    @(898.52 mm, 778.51 mm): Horizontal Wire, length 2.54 mm
[lib_symbol_issues]: The current configuration does not include the symbol library 'power'
    ; warning
    @(488.95 mm, 1084.58 mm): Symbol #PWR261 [GND]
[lib_symbol_issues]: The current configuration does not include the symbol library 'Device'
    ; warning
    @(454.66 mm, 1099.82 mm): Symbol R117 [R]
[lib_symbol_issues]: The current configuration does not include the symbol library 'Device'
    ; warning
    @(1178.56 mm, 194.31 mm): Symbol C22 [C]
[lib_symbol_issues]: The current configuration does not include the symbol library 'power'
    ; warning
    @(1178.56 mm, 200.66 mm): Symbol #PWR061 [GND]
[unconnected_wire_endpoint]: Unconnected wire endpoint
    ; warning
    @(1178.56 mm, 187.96 mm): Horizontal Wire, length 2.54 mm
[lib_symbol_issues]: The current configuration does not include the symbol library 'Device'
    ; warning
    @(957.58 mm, 720.09 mm): Symbol C174 [C_Polarized]
[endpoint_off_grid]: Symbol pin or wire end off connection grid
    ; warning
    @(916.30 mm, 775.97 mm): Horizontal Wire, length 15.24 mm
[lib_symbol_issues]: The current configuration does not include the symbol library 'Device'
    ; warning
    @(986.79 mm, 684.53 mm): Symbol R80 [R]
[lib_symbol_issues]: The current configuration does not include the symbol library 'Connector'
    ; warning
    @(773.43 mm, 919.48 mm): Symbol TP24 [TestPoint]
[lib_symbol_issues]: The current configuration does not include the symbol library 'meshsat_ic'
    ; warning
    @(1153.16 mm, 346.71 mm): Symbol Q35 [Q35]
[endpoint_off_grid]: Symbol pin or wire end off connection grid
    ; warning
    @(916.30 mm, 791.21 mm): Vertical Wire, length 15.24 mm
[lib_symbol_issues]: The current configuration does not include the symbol library 'Connector_Generic'
    ; warning
    @(608.33 mm, 1049.02 mm): Symbol J_MEZZ1 [Conn_02x08_Odd_Even]
[lib_symbol_issues]: The current configuration does not include the symbol library 'Device'
    ; warning
    @(989.33 mm, 704.85 mm): Symbol R137 [R]
[lib_symbol_issues]: The current configuration does not include the symbol library 'Connector'
    ; warning
    @(795.02 mm, 919.48 mm): Symbol TP25 [TestPoint]
[endpoint_off_grid]: Symbol pin or wire end off connection grid
    ; warning
    @(944.25 mm, 768.35 mm): Horizontal Wire, length 1.91 mm
[lib_symbol_issues]: The current configuration does not include the symbol library 'Device'
    ; warning
    @(972.82 mm, 735.33 mm): Symbol C90 [C]
[endpoint_off_grid]: Symbol pin or wire end off connection grid
    ; warning
    @(1171.57 mm, 342.90 mm): Horizontal Wire, length 2.54 mm
[endpoint_off_grid]: Symbol pin or wire end off connection grid
    ; warning
    @(1171.57 mm, 345.44 mm): Horizontal Wire, length 1.27 mm
[endpoint_off_grid]: Symbol pin or wire end off connection grid
    ; warning
    @(1172.84 mm, 345.44 mm): Horizontal Wire, length 8.89 mm
[lib_symbol_issues]: The current configuration does not include the symbol library 'Device'
    ; warning
    @(942.34 mm, 779.78 mm): Symbol R127 [R]
[endpoint_off_grid]: Symbol pin or wire end off connection grid
    ; warning
    @(951.87 mm, 768.35 mm): Horizontal Wire, length 7.62 mm
[endpoint_off_grid]: Symbol pin or wire end off connection grid
    ; warning
    @(953.14 mm, 768.35 mm): Horizontal Wire, length 1.27 mm
[endpoint_off_grid]: Symbol pin or wire end off connection grid
    ; warning
    @(953.14 mm, 768.35 mm): Symbol Q22 Pin 1 [PD_CS, Passive, Line]
[endpoint_off_grid]: Symbol pin or wire end off connection grid
    ; warning
    @(953.14 mm, 770.89 mm): Horizontal Wire, length 2.54 mm
[lib_symbol_issues]: The current configuration does not include the symbol library 'power'
    ; warning
    @(942.34 mm, 786.13 mm): Symbol #PWR189 [GND]
[endpoint_off_grid]: Symbol pin or wire end off connection grid
    ; warning
    @(953.14 mm, 773.43 mm): Horizontal Wire, length 2.54 mm
[endpoint_off_grid]: Symbol pin or wire end off connection grid
    ; warning
    @(1181.73 mm, 345.44 mm): Horizontal Wire, length 32.39 mm
[lib_symbol_issues]: The current configuration does not include the symbol library 'meshsat_ic'
    ; warning
    @(970.28 mm, 772.16 mm): Symbol Q22 [Q22]
[lib_symbol_issues]: The current configuration does not include the symbol library 'Device'
    ; warning
    @(1036.32 mm, 684.53 mm): Symbol C86 [C]
[endpoint_off_grid]: Symbol pin or wire end off connection grid
    ; warning
    @(987.42 mm, 768.35 mm): Horizontal Wire, length 2.54 mm
[lib_symbol_issues]: The current configuration does not include the symbol library 'Connector_Generic'
    ; warning
    @(678.18 mm, 1051.56 mm): Symbol J_USBW [Conn_01x04]
[lib_symbol_issues]: The current configuration does not include the symbol library 'Device'
    ; warning
    @(1035.05 mm, 704.85 mm): Symbol C117 [C]
[endpoint_off_grid]: Symbol pin or wire end off connection grid
    ; warning
    @(987.42 mm, 770.89 mm): Horizontal Wire, length 2.54 mm
[endpoint_off_grid]: Symbol pin or wire end off connection grid
    ; warning
    @(989.96 mm, 770.89 mm): Horizontal Wire, length 12.70 mm
[lib_symbol_issues]: The current configuration does not include the symbol library 'Device'
    ; warning
    @(1019.81 mm, 735.33 mm): Symbol D17 [D_Schottky]
[lib_symbol_issues]: The current configuration does not include the symbol library 'Device'
    ; warning
    @(1032.51 mm, 720.09 mm): Symbol C175 [C_Polarized]
[lib_symbol_issues]: The current configuration does not include the symbol library 'Device'
    ; warning
    @(1214.12 mm, 339.09 mm): Symbol R43 [R]
[endpoint_off_grid]: Symbol pin or wire end off connection grid
    ; warning
    @(1002.66 mm, 770.89 mm): Vertical Wire, length 20.32 mm
[unconnected_wire_endpoint]: Unconnected wire endpoint
    ; warning
    @(1102.36 mm, 631.19 mm): Horizontal Wire, length 2.54 mm
[unconnected_wire_endpoint]: Unconnected wire endpoint
    ; warning
    @(713.74 mm, 1052.83 mm): Horizontal Wire, length 2.54 mm
[lib_symbol_issues]: The current configuration does not include the symbol library 'Device'
    ; warning
    @(1102.36 mm, 637.54 mm): Symbol C89 [C]
[endpoint_off_grid]: Symbol pin or wire end off connection grid
    ; warning
    @(861.70 mm, 938.53 mm): Horizontal Wire, length 1.91 mm
[lib_symbol_issues]: The current configuration does not include the symbol library 'Device'
    ; warning
    @(1076.96 mm, 684.53 mm): Symbol C87 [C]
[lib_symbol_issues]: The current configuration does not include the symbol library 'power'
    ; warning
    @(1102.36 mm, 643.89 mm): Symbol #PWR184 [GND]
[endpoint_off_grid]: Symbol pin or wire end off connection grid
    ; warning
    @(862.97 mm, 941.07 mm): Horizontal Wire, length 12.07 mm
[lib_symbol_issues]: The current configuration does not include the symbol library 'Device'
    ; warning
    @(850.90 mm, 952.50 mm): Symbol R190 [R]
[endpoint_off_grid]: Symbol pin or wire end off connection grid
    ; warning
    @(1002.66 mm, 791.21 mm): Horizontal Wire, length 86.36 mm
[unconnected_wire_endpoint]: Unconnected wire endpoint
    ; warning
    @(873.13 mm, 943.61 mm): Horizontal Wire, length 11.43 mm
[lib_symbol_issues]: The current configuration does not include the symbol library 'Device'
    ; warning
    @(859.79 mm, 947.42 mm): Symbol C154 [C]
[lib_symbol_issues]: The current configuration does not include the symbol library 'Device'
    ; warning
    @(1270.00 mm, 160.02 mm): Symbol R30 [R]
[lib_symbol_issues]: The current configuration does not include the symbol library 'power'
    ; warning
    @(1270.00 mm, 166.37 mm): Symbol #PWR068 [GND]
[endpoint_off_grid]: Symbol pin or wire end off connection grid
    ; warning
    @(873.13 mm, 938.53 mm): Horizontal Wire, length 11.43 mm
[lib_symbol_issues]: The current configuration does not include the symbol library 'power'
    ; warning
    @(850.90 mm, 958.85 mm): Symbol #PWR265 [GND]
[lib_symbol_issues]: The current configuration does not include the symbol library 'power'
    ; warning
    @(713.74 mm, 1065.53 mm): Symbol #PWR262 [GND]
[endpoint_off_grid]: Symbol pin or wire end off connection grid
    ; warning
    @(874.40 mm, 938.53 mm): Horizontal Wire, length 1.27 mm
[endpoint_off_grid]: Symbol pin or wire end off connection grid
    ; warning
    @(874.40 mm, 938.53 mm): Symbol U32 Pin 2 [U32_DVDT, Passive, Line]
[unconnected_wire_endpoint]: Unconnected wire endpoint
    ; warning
    @(1283.97 mm, 151.13 mm): Horizontal Wire, length 10.16 mm
[endpoint_off_grid]: Symbol pin or wire end off connection grid
    ; warning
    @(873.13 mm, 941.07 mm): Horizontal Wire, length 10.16 mm
[lib_symbol_issues]: The current configuration does not include the symbol library 'power'
    ; warning
    @(859.79 mm, 953.77 mm): Symbol #PWR264 [GND]
[endpoint_off_grid]: Symbol pin or wire end off connection grid
    ; warning
    @(874.40 mm, 941.07 mm): Horizontal Wire, length 1.27 mm
[endpoint_off_grid]: Symbol pin or wire end off connection grid
    ; warning
    @(873.13 mm, 943.61 mm): Horizontal Wire, length 11.43 mm
[unconnected_wire_endpoint]: Unconnected wire endpoint
    ; warning
    @(1283.97 mm, 156.21 mm): Horizontal Wire, length 7.62 mm
[endpoint_off_grid]: Symbol pin or wire end off connection grid
    ; warning
    @(874.40 mm, 943.61 mm): Horizontal Wire, length 1.27 mm
[lib_symbol_issues]: The current configuration does not include the symbol library 'Device'
    ; warning
    @(1122.68 mm, 637.54 mm): Symbol C92 [C]
[endpoint_off_grid]: Symbol pin or wire end off connection grid
    ; warning
    @(1040.77 mm, 768.35 mm): Horizontal Wire, length 2.54 mm
[endpoint_off_grid]: Symbol pin or wire end off connection grid
    ; warning
    @(1040.77 mm, 768.35 mm): Symbol Q25 Pin 1 [PD_CS, Passive, Line]
[lib_symbol_issues]: The current configuration does not include the symbol library 'power'
    ; warning
    @(1122.68 mm, 643.89 mm): Symbol #PWR185 [GND]
[endpoint_off_grid]: Symbol pin or wire end off connection grid
    ; warning
    @(1040.77 mm, 770.89 mm): Horizontal Wire, length 2.54 mm
[endpoint_off_grid]: Symbol pin or wire end off connection grid
    ; warning
    @(1040.77 mm, 773.43 mm): Horizontal Wire, length 2.54 mm
[lib_symbol_issues]: The current configuration does not include the symbol library 'meshsat_ic'
    ; warning
    @(894.08 mm, 942.34 mm): Symbol U32 [U32]
[lib_symbol_issues]: The current configuration does not include the symbol library 'meshsat_ic'
    ; warning
    @(1299.21 mm, 48.26 mm): Symbol Q7 [Q7]
[lib_symbol_issues]: The current configuration does not include the symbol library 'Connector_Generic'
    ; warning
    @(1285.24 mm, 205.74 mm): Symbol J_5V_S1 [Conn_01x02]
[lib_symbol_issues]: The current configuration does not include the symbol library 'Power_Protection'
    ; warning
    @(759.46 mm, 1057.91 mm): Symbol U29 [USBLC6-2SC6]
[lib_symbol_issues]: The current configuration does not include the symbol library 'meshsat_ic'
    ; warning
    @(1299.21 mm, 90.17 mm): Symbol Q10 [Q10]
[lib_symbol_issues]: The current configuration does not include the symbol library 'Device'
    ; warning
    @(1137.92 mm, 637.54 mm): Symbol C116 [C]
[lib_symbol_issues]: The current configuration does not include the symbol library 'Device'
    ; warning
    @(869.95 mm, 974.09 mm): Symbol R187 [R]
[lib_symbol_issues]: The current configuration does not include the symbol library 'power'
    ; warning
    @(1137.92 mm, 643.89 mm): Symbol #PWR186 [GND]
[lib_symbol_issues]: The current configuration does not include the symbol library 'power'
    ; warning
    @(894.08 mm, 956.31 mm): Symbol #PWR268 [GND]
[lib_symbol_issues]: The current configuration does not include the symbol library 'meshsat_ic'
    ; warning
    @(1057.91 mm, 772.16 mm): Symbol Q25 [Q25]
[endpoint_off_grid]: Symbol pin or wire end off connection grid
    ; warning
    @(913.76 mm, 938.53 mm): Horizontal Wire, length 1.27 mm
[lib_symbol_issues]: The current configuration does not include the symbol library 'power'
    ; warning
    @(759.46 mm, 1068.07 mm): Symbol #PWR263 [GND]
[endpoint_off_grid]: Symbol pin or wire end off connection grid
    ; warning
    @(915.03 mm, 938.53 mm): Horizontal Wire, length 10.16 mm
[endpoint_off_grid]: Symbol pin or wire end off connection grid
    ; warning
    @(913.76 mm, 941.07 mm): Horizontal Wire, length 1.27 mm
[endpoint_off_grid]: Symbol pin or wire end off connection grid
    ; warning
    @(915.03 mm, 941.07 mm): Horizontal Wire, length 11.43 mm
[lib_symbol_issues]: The current configuration does not include the symbol library 'meshsat_ic'
    ; warning
    @(1304.29 mm, 154.94 mm): Symbol U4 [U4]
[lib_symbol_issues]: The current configuration does not include the symbol library 'power'
    ; warning
    @(1304.29 mm, 168.91 mm): Symbol #PWR070 [GND]
[lib_symbol_issues]: The current configuration does not include the symbol library 'Device'
    ; warning
    @(1272.54 mm, 337.82 mm): Symbol R120 [R]
[lib_symbol_issues]: The current configuration does not include the symbol library 'Device'
    ; warning
    @(1305.56 mm, 173.99 mm): Symbol C28 [C]
[lib_symbol_issues]: The current configuration does not include the symbol library 'Device'
    ; warning
    @(1153.16 mm, 637.54 mm): Symbol C198 [C]
[endpoint_off_grid]: Symbol pin or wire end off connection grid
    ; warning
    @(925.19 mm, 938.53 mm): Horizontal Wire, length 12.07 mm
[lib_symbol_issues]: The current configuration does not include the symbol library 'Device'
    ; warning
    @(1270.00 mm, 360.68 mm): Symbol C208 [C]
[endpoint_off_grid]: Symbol pin or wire end off connection grid
    ; warning
    @(926.46 mm, 941.07 mm): Horizontal Wire, length 1.91 mm
[lib_symbol_issues]: The current configuration does not include the symbol library 'power'
    ; warning
    @(1153.16 mm, 643.89 mm): Symbol #PWR187 [GND]
[endpoint_off_grid]: Symbol pin or wire end off connection grid
    ; warning
    @(1075.05 mm, 768.35 mm): Horizontal Wire, length 2.54 mm
[lib_symbol_issues]: The current configuration does not include the symbol library 'power'
    ; warning
    @(1270.00 mm, 367.03 mm): Symbol #PWR132 [GND]
[endpoint_off_grid]: Symbol pin or wire end off connection grid
    ; warning
    @(1075.05 mm, 770.89 mm): Horizontal Wire, length 2.54 mm
[lib_symbol_issues]: The current configuration does not include the symbol library 'Connector'
    ; warning
    @(866.14 mm, 1000.76 mm): Symbol J_RF1 [Conn_Coaxial]
[lib_symbol_issues]: The current configuration does not include the symbol library 'Device'
    ; warning
    @(1282.70 mm, 342.90 mm): Symbol D20 [D_Schottky]
[lib_symbol_issues]: The current configuration does not include the symbol library 'Device'
    ; warning
    @(928.37 mm, 949.96 mm): Symbol R189 [R]
[lib_symbol_issues]: The current configuration does not include the symbol library 'power'
    ; warning
    @(866.14 mm, 1008.38 mm): Symbol #PWR270 [GND]
[lib_symbol_issues]: The current configuration does not include the symbol library 'Device'
    ; warning
    @(1275.08 mm, 375.92 mm): Symbol C59 [C]
[unconnected_wire_endpoint]: Unconnected wire endpoint
    ; warning
    @(1168.40 mm, 631.19 mm): Horizontal Wire, length 2.54 mm
[lib_symbol_issues]: The current configuration does not include the symbol library 'Device'
    ; warning
    @(937.26 mm, 944.88 mm): Symbol R186 [R]
[lib_symbol_issues]: The current configuration does not include the symbol library 'Device'
    ; warning
    @(1168.40 mm, 637.54 mm): Symbol C222 [C]
[lib_symbol_issues]: The current configuration does not include the symbol library 'power'
    ; warning
    @(1275.08 mm, 382.27 mm): Symbol #PWR133 [GND]
[unconnected_wire_endpoint]: Unconnected wire endpoint
    ; warning
    @(1295.40 mm, 349.25 mm): Horizontal Wire, length 10.16 mm
[lib_symbol_issues]: The current configuration does not include the symbol library 'power'
    ; warning
    @(928.37 mm, 956.31 mm): Symbol #PWR267 [GND]
[unconnected_wire_endpoint]: Unconnected wire endpoint
    ; warning
    @(1295.40 mm, 359.41 mm): Horizontal Wire, length 11.43 mm
[lib_symbol_issues]: The current configuration does not include the symbol library 'power'
    ; warning
    @(1168.40 mm, 643.89 mm): Symbol #PWR188 [GND]
[lib_symbol_issues]: The current configuration does not include the symbol library 'Device'
    ; warning
    @(911.86 mm, 974.09 mm): Symbol R188 [R]
[endpoint_off_grid]: Symbol pin or wire end off connection grid
    ; warning
    @(1090.29 mm, 770.89 mm): Horizontal Wire, length 12.70 mm
[lib_symbol_issues]: The current configuration does not include the symbol library 'power'
    ; warning
    @(937.26 mm, 951.23 mm): Symbol #PWR266 [GND]
[unconnected_wire_endpoint]: Unconnected wire endpoint
    ; warning
    @(1295.40 mm, 364.49 mm): Horizontal Wire, length 10.16 mm
[unconnected_wire_endpoint]: Unconnected wire endpoint
    ; warning
    @(1295.40 mm, 356.87 mm): Horizontal Wire, length 7.62 mm
[unconnected_wire_endpoint]: Unconnected wire endpoint
    ; warning
    @(1295.40 mm, 367.03 mm): Horizontal Wire, length 7.62 mm
[endpoint_off_grid]: Symbol pin or wire end off connection grid
    ; warning
    @(1110.61 mm, 750.57 mm): Vertical Wire, length 20.32 mm
[endpoint_off_grid]: Symbol pin or wire end off connection grid
    ; warning
    @(886.46 mm, 750.57 mm): Horizontal Wire, length 224.15 mm
[unconnected_wire_endpoint]: Unconnected wire endpoint
    ; warning
    @(1324.61 mm, 156.21 mm): Horizontal Wire, length 7.62 mm
[lib_symbol_issues]: The current configuration does not include the symbol library 'Connector'
    ; warning
    @(872.49 mm, 1028.70 mm): Symbol J_RF10 [Conn_Coaxial]
[lib_symbol_issues]: The current configuration does not include the symbol library 'Connector'
    ; warning
    @(905.51 mm, 1000.76 mm): Symbol J_RF2 [Conn_Coaxial]
[lib_symbol_issues]: The current configuration does not include the symbol library 'Device'
    ; warning
    @(1341.12 mm, 153.67 mm): Symbol R129 [R]
[endpoint_off_grid]: Symbol pin or wire end off connection grid
    ; warning
    @(1110.61 mm, 770.89 mm): Horizontal Wire, length 20.32 mm
[lib_symbol_issues]: The current configuration does not include the symbol library 'Device'
    ; warning
    @(1289.05 mm, 407.67 mm): Symbol C57 [C]
[lib_symbol_issues]: The current configuration does not include the symbol library 'power'
    ; warning
    @(872.49 mm, 1036.32 mm): Symbol #PWR279 [GND]
[lib_symbol_issues]: The current configuration does not include the symbol library 'power'
    ; warning
    @(905.51 mm, 1008.38 mm): Symbol #PWR271 [GND]
[endpoint_off_grid]: Symbol pin or wire end off connection grid
    ; warning
    @(1278.26 mm, 450.85 mm): Vertical Wire, length 2.54 mm
[unconnected_wire_endpoint]: Unconnected wire endpoint
    ; warning
    @(976.63 mm, 938.53 mm): Horizontal Wire, length 2.54 mm
[lib_symbol_issues]: The current configuration does not include the symbol library 'Device'
    ; warning
    @(1289.05 mm, 422.91 mm): Symbol D12 [D_Schottky]
[lib_symbol_issues]: The current configuration does not include the symbol library 'Device'
    ; warning
    @(1346.20 mm, 173.99 mm): Symbol R45 [R]
[endpoint_off_grid]: Symbol pin or wire end off connection grid
    ; warning
    @(1280.80 mm, 450.85 mm): Horizontal Wire, length 2.54 mm
[endpoint_off_grid]: Symbol pin or wire end off connection grid
    ; warning
    @(1280.80 mm, 450.85 mm): Symbol Q11 Pin 1 [PA_SW1, Passive, Line]
[endpoint_off_grid]: Symbol pin or wire end off connection grid
    ; warning
    @(1280.80 mm, 453.39 mm): Horizontal Wire, length 2.54 mm
[lib_symbol_issues]: The current configuration does not include the symbol library 'Device'
    ; warning
    @(976.63 mm, 944.88 mm): Symbol C155 [C]
[lib_symbol_issues]: The current configuration does not include the symbol library 'Device'
    ; warning
    @(1361.44 mm, 40.64 mm): Symbol R16 [R]
[lib_symbol_issues]: The current configuration does not include the symbol library 'power'
    ; warning
    @(976.63 mm, 951.23 mm): Symbol #PWR269 [GND]
[lib_symbol_issues]: The current configuration does not include the symbol library 'Device'
    ; warning
    @(1363.98 mm, 53.34 mm): Symbol C190 [C]
[lib_symbol_issues]: The current configuration does not include the symbol library 'power'
    ; warning
    @(1363.98 mm, 59.69 mm): Symbol #PWR062 [GND]
[endpoint_off_grid]: Symbol pin or wire end off connection grid
    ; warning
    @(1127.13 mm, 770.89 mm): Vertical Wire, length 2.54 mm
[endpoint_off_grid]: Symbol pin or wire end off connection grid
    ; warning
    @(1127.13 mm, 770.89 mm): Vertical Wire, length 2.54 mm
[lib_symbol_issues]: The current configuration does not include the symbol library 'Connector'
    ; warning
    @(867.41 mm, 1055.37 mm): Symbol J_BM4 [Conn_Coaxial]
[lib_symbol_issues]: The current configuration does not include the symbol library 'meshsat_ic'
    ; warning
    @(1316.99 mm, 363.22 mm): Symbol U13 [U13]
[endpoint_off_grid]: Symbol pin or wire end off connection grid
    ; warning
    @(1129.67 mm, 768.35 mm): Symbol Q26 Pin 1 [PD_SW2, Passive, Line]
[endpoint_off_grid]: Symbol pin or wire end off connection grid
    ; warning
    @(1129.67 mm, 768.35 mm): Horizontal Wire, length 2.54 mm
[lib_symbol_issues]: The current configuration does not include the symbol library 'Device'
    ; warning
    @(1362.71 mm, 100.33 mm): Symbol R21 [R]
[lib_symbol_issues]: The current configuration does not include the symbol library 'power'
    ; warning
    @(1362.71 mm, 106.68 mm): Symbol #PWR066 [GND]
[endpoint_off_grid]: Symbol pin or wire end off connection grid
    ; warning
    @(1129.67 mm, 770.89 mm): Horizontal Wire, length 2.54 mm
[endpoint_off_grid]: Symbol pin or wire end off connection grid
    ; warning
    @(1129.67 mm, 773.43 mm): Horizontal Wire, length 2.54 mm
[lib_symbol_issues]: The current configuration does not include the symbol library 'Device'
    ; warning
    @(1314.45 mm, 392.43 mm): Symbol R58 [R]
[lib_symbol_issues]: The current configuration does not include the symbol library 'power'
    ; warning
    @(867.41 mm, 1062.99 mm): Symbol #PWR284 [GND]
[lib_symbol_issues]: The current configuration does not include the symbol library 'power'
    ; warning
    @(1316.99 mm, 387.35 mm): Symbol #PWR135 [GND]
[lib_symbol_issues]: The current configuration does not include the symbol library 'Device'
    ; warning
    @(1365.25 mm, 144.78 mm): Symbol R28 [R]
[lib_symbol_issues]: The current configuration does not include the symbol library 'meshsat_ic'
    ; warning
    @(1299.21 mm, 453.39 mm): Symbol Q11 [Q11]
[lib_symbol_issues]: The current configuration does not include the symbol library 'Connector'
    ; warning
    @(914.40 mm, 1028.70 mm): Symbol J_RF11 [Conn_Coaxial]
[lib_symbol_issues]: The current configuration does not include the symbol library 'Device'
    ; warning
    @(1367.79 mm, 157.48 mm): Symbol R29 [R]
[lib_symbol_issues]: The current configuration does not include the symbol library 'power'
    ; warning
    @(1367.79 mm, 163.83 mm): Symbol #PWR069 [GND]
[lib_symbol_issues]: The current configuration does not include the symbol library 'Connector'
    ; warning
    @(951.23 mm, 1000.76 mm): Symbol J_RF3 [Conn_Coaxial]
[lib_symbol_issues]: The current configuration does not include the symbol library 'power'
    ; warning
    @(914.40 mm, 1036.32 mm): Symbol #PWR280 [GND]
[lib_symbol_issues]: The current configuration does not include the symbol library 'meshsat_ic'
    ; warning
    @(1148.08 mm, 772.16 mm): Symbol Q26 [Q26]
[lib_symbol_issues]: The current configuration does not include the symbol library 'Connector'
    ; warning
    @(866.14 mm, 1082.04 mm): Symbol J_BM8 [Conn_Coaxial]
[lib_symbol_issues]: The current configuration does not include the symbol library 'power'
    ; warning
    @(1296.67 mm, 490.22 mm): Symbol #PWR146 [+3V3]
[lib_symbol_issues]: The current configuration does not include the symbol library 'Device'
    ; warning
    @(1386.84 mm, 53.34 mm): Symbol C191 [C]
[lib_symbol_issues]: The current configuration does not include the symbol library 'power'
    ; warning
    @(1386.84 mm, 59.69 mm): Symbol #PWR063 [GND]
[lib_symbol_issues]: The current configuration does not include the symbol library 'Device'
    ; warning
    @(1329.69 mm, 407.67 mm): Symbol C58 [C]
[lib_symbol_issues]: The current configuration does not include the symbol library 'Transistor_FET'
    ; warning
    @(1388.11 mm, 93.98 mm): Symbol Q6 [2N7002]
[lib_symbol_issues]: The current configuration does not include the symbol library 'power'
    ; warning
    @(866.14 mm, 1089.66 mm): Symbol #PWR288 [GND]
[endpoint_off_grid]: Symbol pin or wire end off connection grid
    ; warning
    @(1317.62 mm, 450.85 mm): Horizontal Wire, length 2.54 mm
[endpoint_off_grid]: Symbol pin or wire end off connection grid
    ; warning
    @(1317.62 mm, 453.39 mm): Horizontal Wire, length 2.54 mm
[lib_symbol_issues]: The current configuration does not include the symbol library 'Device'
    ; warning
    @(1149.35 mm, 788.67 mm): Symbol R81 [R]
[lib_symbol_issues]: The current configuration does not include the symbol library 'power'
    ; warning
    @(1390.65 mm, 101.60 mm): Symbol #PWR067 [GND]
[endpoint_off_grid]: Symbol pin or wire end off connection grid
    ; warning
    @(1166.49 mm, 768.35 mm): Horizontal Wire, length 2.54 mm
[unconnected_wire_endpoint]: Unconnected wire endpoint
    ; warning
    @(1338.58 mm, 359.41 mm): Horizontal Wire, length 11.43 mm
[unconnected_wire_endpoint]: Unconnected wire endpoint
    ; warning
    @(1338.58 mm, 372.11 mm): Horizontal Wire, length 8.89 mm
[endpoint_off_grid]: Symbol pin or wire end off connection grid
    ; warning
    @(1166.49 mm, 770.89 mm): Horizontal Wire, length 1.27 mm
[lib_symbol_issues]: The current configuration does not include the symbol library 'meshsat_ic'
    ; warning
    @(1304.29 mm, 504.19 mm): Symbol U14 [U14]
[unconnected_wire_endpoint]: Unconnected wire endpoint
    ; warning
    @(1338.58 mm, 367.03 mm): Horizontal Wire, length 11.43 mm
[endpoint_off_grid]: Symbol pin or wire end off connection grid
    ; warning
    @(1167.76 mm, 770.89 mm): Horizontal Wire, length 8.89 mm
[lib_symbol_issues]: The current configuration does not include the symbol library 'Device'
    ; warning
    @(1386.84 mm, 186.69 mm): Symbol C112 [C]
[lib_symbol_issues]: The current configuration does not include the symbol library 'Connector'
    ; warning
    @(849.63 mm, 1115.06 mm): Symbol TP9 [TestPoint]
[lib_symbol_issues]: The current configuration does not include the symbol library 'power'
    ; warning
    @(1304.29 mm, 515.62 mm): Symbol #PWR147 [GND]
[lib_symbol_issues]: The current configuration does not include the symbol library 'Connector'
    ; warning
    @(955.04 mm, 1028.70 mm): Symbol J_BM1 [Conn_Coaxial]
[unconnected_wire_endpoint]: Unconnected wire endpoint
    ; warning
    @(1167.76 mm, 770.89 mm): Horizontal Wire, length 8.89 mm
[endpoint_off_grid]: Symbol pin or wire end off connection grid
    ; warning
    @(1332.86 mm, 450.85 mm): Horizontal Wire, length 12.70 mm
[lib_symbol_issues]: The current configuration does not include the symbol library 'power'
    ; warning
    @(955.04 mm, 1036.32 mm): Symbol #PWR281 [GND]
[lib_symbol_issues]: The current configuration does not include the symbol library 'Device'
    ; warning
    @(1344.93 mm, 422.91 mm): Symbol C61 [C]
[lib_symbol_issues]: The current configuration does not include the symbol library 'Connector'
    ; warning
    @(993.14 mm, 1000.76 mm): Symbol J_RF4 [Conn_Coaxial]
[lib_symbol_issues]: The current configuration does not include the symbol library 'Connector'
    ; warning
    @(867.41 mm, 1115.06 mm): Symbol TP10 [TestPoint]
[lib_symbol_issues]: The current configuration does not include the symbol library 'power'
    ; warning
    @(867.41 mm, 1117.60 mm): Symbol #PWR292 [GND]
[lib_symbol_issues]: The current configuration does not include the symbol library 'power'
    ; warning
    @(993.14 mm, 1008.38 mm): Symbol #PWR273 [GND]
[lib_symbol_issues]: The current configuration does not include the symbol library 'Device'
    ; warning
    @(1360.17 mm, 392.43 mm): Symbol R59 [R]
[endpoint_off_grid]: Symbol pin or wire end off connection grid
    ; warning
    @(1353.18 mm, 422.91 mm): Vertical Wire, length 27.94 mm
[endpoint_off_grid]: Symbol pin or wire end off connection grid
    ; warning
    @(1363.98 mm, 422.91 mm): Horizontal Wire, length 10.80 mm
[lib_symbol_issues]: The current configuration does not include the symbol library 'Connector'
    ; warning
    @(951.23 mm, 1055.37 mm): Symbol J_BM5 [Conn_Coaxial]
[lib_symbol_issues]: The current configuration does not include the symbol library 'Connector'
    ; warning
    @(885.19 mm, 1115.06 mm): Symbol TP11 [TestPoint]
[lib_symbol_issues]: The current configuration does not include the symbol library 'Device'
    ; warning
    @(1270.00 mm, 646.43 mm): Symbol C96 [C]
[lib_symbol_issues]: The current configuration does not include the symbol library 'power'
    ; warning
    @(885.19 mm, 1117.60 mm): Symbol #PWR293 [+3V3]
[endpoint_off_grid]: Symbol pin or wire end off connection grid
    ; warning
    @(1353.18 mm, 450.85 mm): Horizontal Wire, length 20.32 mm
[lib_symbol_issues]: The current configuration does not include the symbol library 'power'
    ; warning
    @(951.23 mm, 1062.99 mm): Symbol #PWR285 [GND]
[lib_symbol_issues]: The current configuration does not include the symbol library 'power'
    ; warning
    @(1270.00 mm, 652.78 mm): Symbol #PWR191 [GND]
[lib_symbol_issues]: The current configuration does not include the symbol library 'power'
    ; warning
    @(850.90 mm, 1149.35 mm): Symbol #FLG09 [PWR_FLAG]
[lib_symbol_issues]: The current configuration does not include the symbol library 'Device'
    ; warning
    @(1371.60 mm, 407.67 mm): Symbol R50 [R]
[endpoint_off_grid]: Symbol pin or wire end off connection grid
    ; warning
    @(1363.35 mm, 443.23 mm): Horizontal Wire, length 1.91 mm
[lib_symbol_issues]: The current configuration does not include the symbol library 'power'
    ; warning
    @(1393.19 mm, 339.09 mm): Symbol #PWR134 [+3V3]
[lib_symbol_issues]: The current configuration does not include the symbol library 'Connector'
    ; warning
    @(901.70 mm, 1115.06 mm): Symbol TP12 [TestPoint]
[lib_symbol_issues]: The current configuration does not include the symbol library 'Device'
    ; warning
    @(1361.44 mm, 454.66 mm): Symbol R56 [R]
[lib_symbol_issues]: The current configuration does not include the symbol library 'Device'
    ; warning
    @(1393.19 mm, 345.44 mm): Symbol R57 [R]
[lib_symbol_issues]: The current configuration does not include the symbol library 'Device'
    ; warning
    @(1424.94 mm, 186.69 mm): Symbol L3 [L]
[lib_symbol_issues]: The current configuration does not include the symbol library 'power'
    ; warning
    @(1361.44 mm, 461.01 mm): Symbol #PWR145 [GND]
[lib_symbol_issues]: The current configuration does not include the symbol library 'power'
    ; warning
    @(863.60 mm, 1149.35 mm): Symbol #FLG10 [PWR_FLAG]
[lib_symbol_issues]: The current configuration does not include the symbol library 'Connector'
    ; warning
    @(1033.78 mm, 1000.76 mm): Symbol J_RF5 [Conn_Coaxial]
[lib_symbol_issues]: The current configuration does not include the symbol library 'Connector'
    ; warning
    @(948.69 mm, 1082.04 mm): Symbol J_BM9 [Conn_Coaxial]
[lib_symbol_issues]: The current configuration does not include the symbol library 'Device'
    ; warning
    @(1280.16 mm, 659.13 mm): Symbol C93 [C]
[endpoint_off_grid]: Symbol pin or wire end off connection grid
    ; warning
    @(1370.97 mm, 443.23 mm): Horizontal Wire, length 7.62 mm
[endpoint_off_grid]: Symbol pin or wire end off connection grid
    ; warning
    @(1292.23 mm, 637.54 mm): Horizontal Wire, length 12.07 mm
[endpoint_off_grid]: Symbol pin or wire end off connection grid
    ; warning
    @(1372.24 mm, 443.23 mm): Horizontal Wire, length 1.27 mm
[endpoint_off_grid]: Symbol pin or wire end off connection grid
    ; warning
    @(1372.24 mm, 443.23 mm): Symbol Q12 Pin 1 [PA_CS, Passive, Line]
[endpoint_off_grid]: Symbol pin or wire end off connection grid
    ; warning
    @(1292.23 mm, 640.08 mm): Horizontal Wire, length 22.23 mm
[lib_symbol_issues]: The current configuration does not include the symbol library 'power'
    ; warning
    @(1280.16 mm, 665.48 mm): Symbol #PWR190 [GND]
[endpoint_off_grid]: Symbol pin or wire end off connection grid
    ; warning
    @(1372.24 mm, 445.77 mm): Horizontal Wire, length 2.54 mm
[unconnected_wire_endpoint]: Unconnected wire endpoint
    ; warning
    @(1301.12 mm, 645.16 mm): Horizontal Wire, length 10.16 mm
[unconnected_wire_endpoint]: Unconnected wire endpoint
    ; warning
    @(1301.12 mm, 642.62 mm): Horizontal Wire, length 8.89 mm
[endpoint_off_grid]: Symbol pin or wire end off connection grid
    ; warning
    @(1372.24 mm, 448.31 mm): Horizontal Wire, length 2.54 mm
[lib_symbol_issues]: The current configuration does not include the symbol library 'power'
    ; warning
    @(1033.78 mm, 1008.38 mm): Symbol #PWR274 [GND]
[lib_symbol_issues]: The current configuration does not include the symbol library 'meshsat_ic'
    ; warning
    @(1443.99 mm, 33.02 mm): Symbol Q8 [Q8]
[lib_symbol_issues]: The current configuration does not include the symbol library 'power'
    ; warning
    @(1443.99 mm, 44.45 mm): Symbol #PWR064 [GND]
[lib_symbol_issues]: The current configuration does not include the symbol library 'power'
    ; warning
    @(948.69 mm, 1089.66 mm): Symbol #PWR289 [GND]
[lib_symbol_issues]: The current configuration does not include the symbol library 'power'
    ; warning
    @(876.30 mm, 1149.35 mm): Symbol #FLG11 [PWR_FLAG]
[lib_symbol_issues]: The current configuration does not include the symbol library 'Connector'
    ; warning
    @(922.02 mm, 1115.06 mm): Symbol TP13 [TestPoint]
[unconnected_wire_endpoint]: Unconnected wire endpoint
    ; warning
    @(1301.12 mm, 652.78 mm): Horizontal Wire, length 8.89 mm
[endpoint_off_grid]: Symbol pin or wire end off connection grid
    ; warning
    @(1301.12 mm, 637.54 mm): Horizontal Wire, length 8.89 mm
[endpoint_off_grid]: Symbol pin or wire end off connection grid
    ; warning
    @(1301.12 mm, 640.08 mm): Horizontal Wire, length 8.89 mm
[endpoint_off_grid]: Symbol pin or wire end off connection grid
    ; warning
    @(1302.39 mm, 637.54 mm): Symbol U18 Pin 1 [PD_VTX, Passive, Line]
[endpoint_off_grid]: Symbol pin or wire end off connection grid
    ; warning
    @(1302.39 mm, 637.54 mm): Horizontal Wire, length 1.27 mm
[endpoint_off_grid]: Symbol pin or wire end off connection grid
    ; warning
    @(1301.12 mm, 642.62 mm): Horizontal Wire, length 8.89 mm
[endpoint_off_grid]: Symbol pin or wire end off connection grid
    ; warning
    @(1302.39 mm, 640.08 mm): Horizontal Wire, length 1.27 mm
[endpoint_off_grid]: Symbol pin or wire end off connection grid
    ; warning
    @(1301.12 mm, 645.16 mm): Horizontal Wire, length 10.16 mm
[lib_symbol_issues]: The current configuration does not include the symbol library 'Device'
    ; warning
    @(1398.27 mm, 392.43 mm): Symbol R52 [R]
[endpoint_off_grid]: Symbol pin or wire end off connection grid
    ; warning
    @(1302.39 mm, 642.62 mm): Horizontal Wire, length 1.27 mm
[lib_symbol_issues]: The current configuration does not include the symbol library 'power'
    ; warning
    @(889.00 mm, 1149.35 mm): Symbol #FLG12 [PWR_FLAG]
[endpoint_off_grid]: Symbol pin or wire end off connection grid
    ; warning
    @(1302.39 mm, 645.16 mm): Horizontal Wire, length 1.27 mm
[endpoint_off_grid]: Symbol pin or wire end off connection grid
    ; warning
    @(1302.39 mm, 647.70 mm): Horizontal Wire, length 2.54 mm
[lib_symbol_issues]: The current configuration does not include the symbol library 'Device'
    ; warning
    @(1391.92 mm, 422.91 mm): Symbol D11 [D_Schottky]
[lib_symbol_issues]: The current configuration does not include the symbol library 'Device'
    ; warning
    @(1446.53 mm, 157.48 mm): Symbol C29 [C]
[lib_symbol_issues]: The current configuration does not include the symbol library 'Device'
    ; warning
    @(1286.51 mm, 680.72 mm): Symbol C97 [C]
[endpoint_off_grid]: Symbol pin or wire end off connection grid
    ; warning
    @(1302.39 mm, 650.24 mm): Horizontal Wire, length 2.54 mm
[endpoint_off_grid]: Symbol pin or wire end off connection grid
    ; warning
    @(1301.12 mm, 652.78 mm): Horizontal Wire, length 8.89 mm
[endpoint_off_grid]: Symbol pin or wire end off connection grid
    ; warning
    @(1299.85 mm, 655.32 mm): Vertical Wire, length 2.54 mm
[lib_symbol_issues]: The current configuration does not include the symbol library 'power'
    ; warning
    @(1446.53 mm, 163.83 mm): Symbol #PWR071 [GND]
[endpoint_off_grid]: Symbol pin or wire end off connection grid
    ; warning
    @(1302.39 mm, 652.78 mm): Horizontal Wire, length 1.27 mm
[endpoint_off_grid]: Symbol pin or wire end off connection grid
    ; warning
    @(1302.39 mm, 655.32 mm): Horizontal Wire, length 2.54 mm
[endpoint_off_grid]: Symbol pin or wire end off connection grid
    ; warning
    @(1302.39 mm, 657.86 mm): Horizontal Wire, length 2.54 mm
[lib_symbol_issues]: The current configuration does not include the symbol library 'meshsat_ic'
    ; warning
    @(1389.38 mm, 447.04 mm): Symbol Q12 [Q12]
[lib_symbol_issues]: The current configuration does not include the symbol library 'Connector'
    ; warning
    @(942.34 mm, 1115.06 mm): Symbol TP14 [TestPoint]
[lib_symbol_issues]: The current configuration does not include the symbol library 'Connector'
    ; warning
    @(1036.32 mm, 1028.70 mm): Symbol J_BM2 [Conn_Coaxial]
[lib_symbol_issues]: The current configuration does not include the symbol library 'power'
    ; warning
    @(901.70 mm, 1149.35 mm): Symbol #FLG13 [PWR_FLAG]
[lib_symbol_issues]: The current configuration does not include the symbol library 'Device'
    ; warning
    @(1287.78 mm, 695.96 mm): Symbol C120 [C]
[lib_symbol_issues]: The current configuration does not include the symbol library 'power'
    ; warning
    @(1036.32 mm, 1036.32 mm): Symbol #PWR282 [GND]
[lib_symbol_issues]: The current configuration does not include the symbol library 'Connector_Generic'
    ; warning
    @(1385.57 mm, 482.60 mm): Symbol J_PA [Conn_01x02]
[lib_symbol_issues]: The current configuration does not include the symbol library 'power'
    ; warning
    @(914.40 mm, 1149.35 mm): Symbol #FLG14 [PWR_FLAG]
[lib_symbol_issues]: The current configuration does not include the symbol library 'Connector'
    ; warning
    @(1075.69 mm, 1000.76 mm): Symbol J_RF6 [Conn_Coaxial]
[lib_symbol_issues]: The current configuration does not include the symbol library 'Device'
    ; warning
    @(1412.24 mm, 407.67 mm): Symbol R51 [R]
[lib_symbol_issues]: The current configuration does not include the symbol library 'Device'
    ; warning
    @(1461.77 mm, 157.48 mm): Symbol C30 [C]
[lib_symbol_issues]: The current configuration does not include the symbol library 'power'
    ; warning
    @(1461.77 mm, 163.83 mm): Symbol #PWR072 [GND]
[lib_symbol_issues]: The current configuration does not include the symbol library 'Connector'
    ; warning
    @(960.12 mm, 1115.06 mm): Symbol TP15 [TestPoint]
[lib_symbol_issues]: The current configuration does not include the symbol library 'meshsat_ic'
    ; warning
    @(1320.80 mm, 648.97 mm): Symbol U18 [U18]
[unconnected_wire_endpoint]: Unconnected wire endpoint
    ; warning
    @(1461.77 mm, 151.13 mm): Horizontal Wire, length 2.54 mm
[lib_symbol_issues]: The current configuration does not include the symbol library 'power'
    ; warning
    @(1075.69 mm, 1008.38 mm): Symbol #PWR275 [GND]
[endpoint_off_grid]: Symbol pin or wire end off connection grid
    ; warning
    @(1406.52 mm, 443.23 mm): Horizontal Wire, length 2.54 mm
[endpoint_off_grid]: Symbol pin or wire end off connection grid
    ; warning
    @(1406.52 mm, 445.77 mm): Horizontal Wire, length 2.54 mm
[lib_symbol_issues]: The current configuration does not include the symbol library 'power'
    ; warning
    @(927.10 mm, 1149.35 mm): Symbol #FLG15 [PWR_FLAG]
[lib_symbol_issues]: The current configuration does not include the symbol library 'Connector'
    ; warning
    @(1035.05 mm, 1055.37 mm): Symbol J_BM6 [Conn_Coaxial]
[lib_symbol_issues]: The current configuration does not include the symbol library 'power'
    ; warning
    @(1320.80 mm, 670.56 mm): Symbol #PWR193 [GND]
[lib_symbol_issues]: The current configuration does not include the symbol library 'meshsat_ic'
    ; warning
    @(1296.67 mm, 717.55 mm): Symbol U31 [U31]
[endpoint_off_grid]: Symbol pin or wire end off connection grid
    ; warning
    @(1339.21 mm, 637.54 mm): Horizontal Wire, length 1.27 mm
[lib_symbol_issues]: The current configuration does not include the symbol library 'power'
    ; warning
    @(1035.05 mm, 1062.99 mm): Symbol #PWR286 [GND]
[endpoint_off_grid]: Symbol pin or wire end off connection grid
    ; warning
    @(1339.21 mm, 640.08 mm): Horizontal Wire, length 1.27 mm
[endpoint_off_grid]: Symbol pin or wire end off connection grid
    ; warning
    @(1340.48 mm, 637.54 mm): Horizontal Wire, length 10.16 mm
[endpoint_off_grid]: Symbol pin or wire end off connection grid
    ; warning
    @(1271.91 mm, 765.81 mm): Horizontal Wire, length 1.91 mm
[lib_symbol_issues]: The current configuration does not include the symbol library 'power'
    ; warning
    @(939.80 mm, 1149.35 mm): Symbol #FLG16 [PWR_FLAG]
[endpoint_off_grid]: Symbol pin or wire end off connection grid
    ; warning
    @(1339.21 mm, 642.62 mm): Horizontal Wire, length 2.54 mm
[endpoint_off_grid]: Symbol pin or wire end off connection grid
    ; warning
    @(1340.48 mm, 640.08 mm): Horizontal Wire, length 7.62 mm
[lib_symbol_issues]: The current configuration does not include the symbol library 'power'
    ; warning
    @(1296.67 mm, 726.44 mm): Symbol #PWR194 [GND]
[lib_symbol_issues]: The current configuration does not include the symbol library 'Device'
    ; warning
    @(1270.00 mm, 772.16 mm): Symbol C98 [C]
[lib_symbol_issues]: The current configuration does not include the symbol library 'Connector'
    ; warning
    @(982.98 mm, 1115.06 mm): Symbol TP16 [TestPoint]
[endpoint_off_grid]: Symbol pin or wire end off connection grid
    ; warning
    @(1339.21 mm, 645.16 mm): Horizontal Wire, length 2.54 mm
[endpoint_off_grid]: Symbol pin or wire end off connection grid
    ; warning
    @(1339.21 mm, 647.70 mm): Horizontal Wire, length 2.54 mm
[endpoint_off_grid]: Symbol pin or wire end off connection grid
    ; warning
    @(1339.21 mm, 650.24 mm): Horizontal Wire, length 1.27 mm
[lib_symbol_issues]: The current configuration does not include the symbol library 'power'
    ; warning
    @(1270.00 mm, 778.51 mm): Symbol #PWR195 [GND]
[endpoint_off_grid]: Symbol pin or wire end off connection grid
    ; warning
    @(1339.21 mm, 652.78 mm): Horizontal Wire, length 2.54 mm
[endpoint_off_grid]: Symbol pin or wire end off connection grid
    ; warning
    @(1340.48 mm, 650.24 mm): Horizontal Wire, length 10.16 mm
[endpoint_off_grid]: Symbol pin or wire end off connection grid
    ; warning
    @(1339.21 mm, 655.32 mm): Horizontal Wire, length 2.54 mm
[lib_symbol_issues]: The current configuration does not include the symbol library 'Device'
    ; warning
    @(1438.91 mm, 392.43 mm): Symbol C148 [C]
[lib_symbol_issues]: The current configuration does not include the symbol library 'Device'
    ; warning
    @(1327.15 mm, 680.72 mm): Symbol C94 [C]
[endpoint_off_grid]: Symbol pin or wire end off connection grid
    ; warning
    @(1339.21 mm, 657.86 mm): Horizontal Wire, length 1.27 mm
[endpoint_off_grid]: Symbol pin or wire end off connection grid
    ; warning
    @(1341.75 mm, 652.78 mm): Horizontal Wire, length 15.24 mm
[unconnected_wire_endpoint]: Unconnected wire endpoint
    ; warning
    @(1340.48 mm, 640.08 mm): Horizontal Wire, length 7.62 mm
[lib_symbol_issues]: The current configuration does not include the symbol library 'power'
    ; warning
    @(952.50 mm, 1149.35 mm): Symbol #FLG17 [PWR_FLAG]
[endpoint_off_grid]: Symbol pin or wire end off connection grid
    ; warning
    @(1340.48 mm, 657.86 mm): Horizontal Wire, length 10.16 mm
[endpoint_off_grid]: Symbol pin or wire end off connection grid
    ; warning
    @(1350.64 mm, 637.54 mm): Horizontal Wire, length 12.07 mm
[endpoint_off_grid]: Symbol pin or wire end off connection grid
    ; warning
    @(1283.34 mm, 765.81 mm): Horizontal Wire, length 11.43 mm
[endpoint_off_grid]: Symbol pin or wire end off connection grid
    ; warning
    @(1284.61 mm, 765.81 mm): Symbol U21 Pin 2 [U21_DVDT, Passive, Line]
[endpoint_off_grid]: Symbol pin or wire end off connection grid
    ; warning
    @(1284.61 mm, 765.81 mm): Horizontal Wire, length 1.27 mm
[endpoint_off_grid]: Symbol pin or wire end off connection grid
    ; warning
    @(1284.61 mm, 768.35 mm): Horizontal Wire, length 2.54 mm
[endpoint_off_grid]: Symbol pin or wire end off connection grid
    ; warning
    @(1284.61 mm, 770.89 mm): Horizontal Wire, length 2.54 mm
[unconnected_wire_endpoint]: Unconnected wire endpoint
    ; warning
    @(1340.48 mm, 650.24 mm): Horizontal Wire, length 10.16 mm
[lib_symbol_issues]: The current configuration does not include the symbol library 'Connector'
    ; warning
    @(1037.59 mm, 1082.04 mm): Symbol J_BM10 [Conn_Coaxial]
[lib_symbol_issues]: The current configuration does not include the symbol library 'Device'
    ; warning
    @(1328.42 mm, 695.96 mm): Symbol D4 [D_Zener]
[lib_symbol_issues]: The current configuration does not include the symbol library 'Connector'
    ; warning
    @(1003.30 mm, 1115.06 mm): Symbol TP17 [TestPoint]
[lib_symbol_issues]: The current configuration does not include the symbol library 'Connector'
    ; warning
    @(1117.60 mm, 1000.76 mm): Symbol J_RF7 [Conn_Coaxial]
[lib_symbol_issues]: The current configuration does not include the symbol library 'power'
    ; warning
    @(965.20 mm, 1149.35 mm): Symbol #FLG18 [PWR_FLAG]
[unconnected_wire_endpoint]: Unconnected wire endpoint
    ; warning
    @(1340.48 mm, 657.86 mm): Horizontal Wire, length 10.16 mm
[lib_symbol_issues]: The current configuration does not include the symbol library 'power'
    ; warning
    @(1037.59 mm, 1089.66 mm): Symbol #PWR290 [GND]
[lib_symbol_issues]: The current configuration does not include the symbol library 'power'
    ; warning
    @(1117.60 mm, 1008.38 mm): Symbol #PWR276 [GND]
[endpoint_off_grid]: Symbol pin or wire end off connection grid
    ; warning
    @(1356.99 mm, 652.78 mm): Vertical Wire, length 5.08 mm
[lib_symbol_issues]: The current configuration does not include the symbol library 'Device'
    ; warning
    @(1445.26 mm, 422.91 mm): Symbol L8 [L]
[lib_symbol_issues]: The current configuration does not include the symbol library 'Device'
    ; warning
    @(1362.71 mm, 643.89 mm): Symbol C95 [C]
[endpoint_off_grid]: Symbol pin or wire end off connection grid
    ; warning
    @(1356.99 mm, 657.86 mm): Horizontal Wire, length 216.54 mm
[lib_symbol_issues]: The current configuration does not include the symbol library 'Device'
    ; warning
    @(1452.88 mm, 407.67 mm): Symbol C62 [C]
[lib_symbol_issues]: The current configuration does not include the symbol library 'power'
    ; warning
    @(977.90 mm, 1149.35 mm): Symbol #FLG19 [PWR_FLAG]
[lib_symbol_issues]: The current configuration does not include the symbol library 'power'
    ; warning
    @(1362.71 mm, 650.24 mm): Symbol #PWR192 [GND]
[lib_symbol_issues]: The current configuration does not include the symbol library 'Device'
    ; warning
    @(1283.97 mm, 796.29 mm): Symbol R92 [R]
[lib_symbol_issues]: The current configuration does not include the symbol library 'Connector'
    ; warning
    @(1019.81 mm, 1115.06 mm): Symbol TP18 [TestPoint]
[unconnected_wire_endpoint]: Unconnected wire endpoint
    ; warning
    @(1282.07 mm, 816.61 mm): Horizontal Wire, length 7.62 mm
[lib_symbol_issues]: The current configuration does not include the symbol library 'meshsat_ic'
    ; warning
    @(1304.29 mm, 769.62 mm): Symbol U21 [U21]
[unconnected_wire_endpoint]: Unconnected wire endpoint
    ; warning
    @(1282.07 mm, 821.69 mm): Horizontal Wire, length 7.62 mm
[lib_symbol_issues]: The current configuration does not include the symbol library 'power'
    ; warning
    @(1510.03 mm, 140.97 mm): Symbol #PWR073 [+3V3]
[lib_symbol_issues]: The current configuration does not include the symbol library 'power'
    ; warning
    @(990.60 mm, 1149.35 mm): Symbol #FLG20 [PWR_FLAG]
[endpoint_off_grid]: Symbol pin or wire end off connection grid
    ; warning
    @(1282.07 mm, 816.61 mm): Horizontal Wire, length 7.62 mm
[endpoint_off_grid]: Symbol pin or wire end off connection grid
    ; warning
    @(1283.34 mm, 816.61 mm): Horizontal Wire, length 1.27 mm
[endpoint_off_grid]: Symbol pin or wire end off connection grid
    ; warning
    @(1283.34 mm, 816.61 mm): Symbol U33 Pin 2 [HT_EN, Passive, Line]
[lib_symbol_issues]: The current configuration does not include the symbol library 'power'
    ; warning
    @(1304.29 mm, 783.59 mm): Symbol #PWR199 [GND]
[lib_symbol_issues]: The current configuration does not include the symbol library 'Connector'
    ; warning
    @(1036.32 mm, 1115.06 mm): Symbol TP19 [TestPoint]
[endpoint_off_grid]: Symbol pin or wire end off connection grid
    ; warning
    @(1283.34 mm, 819.15 mm): Horizontal Wire, length 2.54 mm
[endpoint_off_grid]: Symbol pin or wire end off connection grid
    ; warning
    @(1282.07 mm, 821.69 mm): Horizontal Wire, length 7.62 mm
[lib_symbol_issues]: The current configuration does not include the symbol library 'Connector'
    ; warning
    @(1123.95 mm, 1028.70 mm): Symbol J_BM3 [Conn_Coaxial]
[endpoint_off_grid]: Symbol pin or wire end off connection grid
    ; warning
    @(1283.34 mm, 821.69 mm): Horizontal Wire, length 1.27 mm
[lib_symbol_issues]: The current configuration does not include the symbol library 'power'
    ; warning
    @(1003.30 mm, 1149.35 mm): Symbol #FLG21 [PWR_FLAG]
[endpoint_off_grid]: Symbol pin or wire end off connection grid
    ; warning
    @(1459.87 mm, 443.23 mm): Symbol Q13 Pin 1 [PA_CS, Passive, Line]
[endpoint_off_grid]: Symbol pin or wire end off connection grid
    ; warning
    @(1459.87 mm, 443.23 mm): Horizontal Wire, length 2.54 mm
[endpoint_off_grid]: Symbol pin or wire end off connection grid
    ; warning
    @(1459.87 mm, 445.77 mm): Horizontal Wire, length 2.54 mm
[lib_symbol_issues]: The current configuration does not include the symbol library 'meshsat_ic'
    ; warning
    @(1518.92 mm, 151.13 mm): Symbol U8 [U8]
[lib_symbol_issues]: The current configuration does not include the symbol library 'Device'
    ; warning
    @(1366.52 mm, 680.72 mm): Symbol R142 [R]
[endpoint_off_grid]: Symbol pin or wire end off connection grid
    ; warning
    @(1459.87 mm, 448.31 mm): Horizontal Wire, length 2.54 mm
[lib_symbol_issues]: The current configuration does not include the symbol library 'power'
    ; warning
    @(1518.92 mm, 163.83 mm): Symbol #PWR074 [GND]
[lib_symbol_issues]: The current configuration does not include the symbol library 'power'
    ; warning
    @(1123.95 mm, 1036.32 mm): Symbol #PWR283 [GND]
[endpoint_off_grid]: Symbol pin or wire end off connection grid
    ; warning
    @(1323.97 mm, 765.81 mm): Horizontal Wire, length 1.27 mm
[endpoint_off_grid]: Symbol pin or wire end off connection grid
    ; warning
    @(1325.24 mm, 765.81 mm): Horizontal Wire, length 10.16 mm
[lib_symbol_issues]: The current configuration does not include the symbol library 'Connector'
    ; warning
    @(1158.24 mm, 1000.76 mm): Symbol J_RF8 [Conn_Coaxial]
[lib_symbol_issues]: The current configuration does not include the symbol library 'Device'
    ; warning
    @(1479.55 mm, 392.43 mm): Symbol R54 [R]
[endpoint_off_grid]: Symbol pin or wire end off connection grid
    ; warning
    @(1323.97 mm, 768.35 mm): Horizontal Wire, length 1.27 mm
[endpoint_off_grid]: Symbol pin or wire end off connection grid
    ; warning
    @(1325.24 mm, 768.35 mm): Horizontal Wire, length 10.16 mm
[endpoint_off_grid]: Symbol pin or wire end off connection grid
    ; warning
    @(1323.97 mm, 770.89 mm): Horizontal Wire, length 1.27 mm
[lib_symbol_issues]: The current configuration does not include the symbol library 'Device'
    ; warning
    @(1490.98 mm, 355.60 mm): Symbol C60 [C]
[endpoint_off_grid]: Symbol pin or wire end off connection grid
    ; warning
    @(1325.24 mm, 770.89 mm): Horizontal Wire, length 11.43 mm
[unconnected_wire_endpoint]: Unconnected wire endpoint
    ; warning
    @(1490.98 mm, 349.25 mm): Horizontal Wire, length 2.54 mm
[lib_symbol_issues]: The current configuration does not include the symbol library 'power'
    ; warning
    @(1016.00 mm, 1149.35 mm): Symbol #FLG22 [PWR_FLAG]
[lib_symbol_issues]: The current configuration does not include the symbol library 'power'
    ; warning
    @(1490.98 mm, 361.95 mm): Symbol #PWR136 [GND]
[lib_symbol_issues]: The current configuration does not include the symbol library 'Connector'
    ; warning
    @(1054.10 mm, 1115.06 mm): Symbol TP20 [TestPoint]
[lib_symbol_issues]: The current configuration does not include the symbol library 'power'
    ; warning
    @(1158.24 mm, 1008.38 mm): Symbol #PWR277 [GND]
[lib_symbol_issues]: The current configuration does not include the symbol library 'Device'
    ; warning
    @(1369.06 mm, 695.96 mm): Symbol R139 [R]
[lib_symbol_issues]: The current configuration does not include the symbol library 'Connector'
    ; warning
    @(1118.87 mm, 1055.37 mm): Symbol J_BM7 [Conn_Coaxial]
[lib_symbol_issues]: The current configuration does not include the symbol library 'meshsat_ic'
    ; warning
    @(1301.75 mm, 821.69 mm): Symbol U33 [U33]
[endpoint_off_grid]: Symbol pin or wire end off connection grid
    ; warning
    @(1335.40 mm, 765.81 mm): Horizontal Wire, length 42.55 mm
[endpoint_off_grid]: Symbol pin or wire end off connection grid
    ; warning
    @(1335.40 mm, 768.35 mm): Horizontal Wire, length 12.07 mm
[lib_symbol_issues]: The current configuration does not include the symbol library 'meshsat_ic'
    ; warning
    @(1540.51 mm, 33.02 mm): Symbol Q9 [Q9]
[lib_symbol_issues]: The current configuration does not include the symbol library 'power'
    ; warning
    @(1540.51 mm, 44.45 mm): Symbol #PWR065 [GND]
[lib_symbol_issues]: The current configuration does not include the symbol library 'power'
    ; warning
    @(1028.70 mm, 1149.35 mm): Symbol #FLG23 [PWR_FLAG]
[endpoint_off_grid]: Symbol pin or wire end off connection grid
    ; warning
    @(1336.67 mm, 770.89 mm): Horizontal Wire, length 1.91 mm
[lib_symbol_issues]: The current configuration does not include the symbol library 'meshsat_ic'
    ; warning
    @(1477.01 mm, 447.04 mm): Symbol Q13 [Q13]
[lib_symbol_issues]: The current configuration does not include the symbol library 'power'
    ; warning
    @(1118.87 mm, 1062.99 mm): Symbol #PWR287 [GND]
[lib_symbol_issues]: The current configuration does not include the symbol library 'Connector'
    ; warning
    @(1070.61 mm, 1115.06 mm): Symbol TP21 [TestPoint]
[lib_symbol_issues]: The current configuration does not include the symbol library 'power'
    ; warning
    @(1301.75 mm, 834.39 mm): Symbol #PWR208 [GND]
[lib_symbol_issues]: The current configuration does not include the symbol library 'Device'
    ; warning
    @(1338.58 mm, 779.78 mm): Symbol R93 [R]
[lib_symbol_issues]: The current configuration does not include the symbol library 'power'
    ; warning
    @(1041.40 mm, 1149.35 mm): Symbol #FLG24 [PWR_FLAG]
[endpoint_off_grid]: Symbol pin or wire end off connection grid
    ; warning
    @(1320.16 mm, 816.61 mm): Horizontal Wire, length 1.27 mm
[lib_symbol_issues]: The current configuration does not include the symbol library 'power'
    ; warning
    @(1338.58 mm, 786.13 mm): Symbol #PWR198 [GND]
[lib_symbol_issues]: The current configuration does not include the symbol library 'Device'
    ; warning
    @(1511.30 mm, 355.60 mm): Symbol C63 [C]
[endpoint_off_grid]: Symbol pin or wire end off connection grid
    ; warning
    @(1321.43 mm, 816.61 mm): Horizontal Wire, length 8.89 mm
[lib_symbol_issues]: The current configuration does not include the symbol library 'Device'
    ; warning
    @(1305.56 mm, 842.01 mm): Symbol R193 [R]
[endpoint_off_grid]: Symbol pin or wire end off connection grid
    ; warning
    @(1320.16 mm, 819.15 mm): Horizontal Wire, length 1.27 mm
[lib_symbol_issues]: The current configuration does not include the symbol library 'power'
    ; warning
    @(1511.30 mm, 361.95 mm): Symbol #PWR137 [GND]
[lib_symbol_issues]: The current configuration does not include the symbol library 'Device'
    ; warning
    @(1347.47 mm, 774.70 mm): Symbol R90 [R]
[endpoint_off_grid]: Symbol pin or wire end off connection grid
    ; warning
    @(1321.43 mm, 819.15 mm): Horizontal Wire, length 7.62 mm
[endpoint_off_grid]: Symbol pin or wire end off connection grid
    ; warning
    @(1320.16 mm, 821.69 mm): Horizontal Wire, length 1.27 mm
[endpoint_off_grid]: Symbol pin or wire end off connection grid
    ; warning
    @(1321.43 mm, 821.69 mm): Horizontal Wire, length 7.62 mm
[lib_symbol_issues]: The current configuration does not include the symbol library 'power'
    ; warning
    @(1347.47 mm, 781.05 mm): Symbol #PWR197 [GND]
[endpoint_off_grid]: Symbol pin or wire end off connection grid
    ; warning
    @(1494.15 mm, 443.23 mm): Horizontal Wire, length 2.54 mm
[endpoint_off_grid]: Symbol pin or wire end off connection grid
    ; warning
    @(1494.15 mm, 445.77 mm): Horizontal Wire, length 2.54 mm
[lib_symbol_issues]: The current configuration does not include the symbol library 'Connector'
    ; warning
    @(1122.68 mm, 1082.04 mm): Symbol J_BM11 [Conn_Coaxial]
[lib_symbol_issues]: The current configuration does not include the symbol library 'power'
    ; warning
    @(1054.10 mm, 1149.35 mm): Symbol #FLG25 [PWR_FLAG]
[endpoint_off_grid]: Symbol pin or wire end off connection grid
    ; warning
    @(1330.32 mm, 816.61 mm): Horizontal Wire, length 1.91 mm
[endpoint_off_grid]: Symbol pin or wire end off connection grid
    ; warning
    @(1329.05 mm, 819.15 mm): Horizontal Wire, length 1.91 mm
[lib_symbol_issues]: The current configuration does not include the symbol library 'Connector'
    ; warning
    @(1198.88 mm, 1000.76 mm): Symbol J_RF9 [Conn_Coaxial]
[unconnected_wire_endpoint]: Unconnected wire endpoint
    ; warning
    @(1321.43 mm, 821.69 mm): Horizontal Wire, length 7.62 mm
[lib_symbol_issues]: The current configuration does not include the symbol library 'Connector'
    ; warning
    @(1096.01 mm, 1115.06 mm): Symbol TP22 [TestPoint]
[lib_symbol_issues]: The current configuration does not include the symbol library 'Device'
    ; warning
    @(1408.43 mm, 680.72 mm): Symbol R140 [R]
[lib_symbol_issues]: The current configuration does not include the symbol library 'power'
    ; warning
    @(1122.68 mm, 1089.66 mm): Symbol #PWR291 [GND]
[lib_symbol_issues]: The current configuration does not include the symbol library 'Device'
    ; warning
    @(1336.04 mm, 816.61 mm): Symbol C157 [C]
[lib_symbol_issues]: The current configuration does not include the symbol library 'Device'
    ; warning
    @(1330.96 mm, 825.50 mm): Symbol C158 [C]
[lib_symbol_issues]: The current configuration does not include the symbol library 'power'
    ; warning
    @(1198.88 mm, 1008.38 mm): Symbol #PWR278 [GND]
[lib_symbol_issues]: The current configuration does not include the symbol library 'Device'
    ; warning
    @(1526.54 mm, 355.60 mm): Symbol C64 [C]
[lib_symbol_issues]: The current configuration does not include the symbol library 'power'
    ; warning
    @(1066.80 mm, 1149.35 mm): Symbol #FLG26 [PWR_FLAG]
[unconnected_wire_endpoint]: Unconnected wire endpoint
    ; warning
    @(1526.54 mm, 349.25 mm): Horizontal Wire, length 2.54 mm
[lib_symbol_issues]: The current configuration does not include the symbol library 'power'
    ; warning
    @(1526.54 mm, 361.95 mm): Symbol #PWR138 [GND]
[lib_symbol_issues]: The current configuration does not include the symbol library 'Device'
    ; warning
    @(1398.27 mm, 712.47 mm): Symbol R143 [R]
[lib_symbol_issues]: The current configuration does not include the symbol library 'power'
    ; warning
    @(1330.96 mm, 831.85 mm): Symbol #PWR207 [GND]
[lib_symbol_issues]: The current configuration does not include the symbol library 'power'
    ; warning
    @(1377.95 mm, 753.11 mm): Symbol #PWR196 [+3V3]
[lib_symbol_issues]: The current configuration does not include the symbol library 'Device'
    ; warning
    @(1377.95 mm, 759.46 mm): Symbol R91 [R]
[endpoint_off_grid]: Symbol pin or wire end off connection grid
    ; warning
    @(1509.39 mm, 445.77 mm): Horizontal Wire, length 12.70 mm
[lib_symbol_issues]: The current configuration does not include the symbol library 'Connector'
    ; warning
    @(1112.52 mm, 1115.06 mm): Symbol TP27 [TestPoint]
[lib_symbol_issues]: The current configuration does not include the symbol library 'power'
    ; warning
    @(1079.50 mm, 1149.35 mm): Symbol #FLG27 [PWR_FLAG]
[lib_symbol_issues]: The current configuration does not include the symbol library 'Device'
    ; warning
    @(1285.24 mm, 919.48 mm): Symbol R150 [R]
[lib_symbol_issues]: The current configuration does not include the symbol library 'power'
    ; warning
    @(1092.20 mm, 1149.35 mm): Symbol #FLG28 [PWR_FLAG]
[endpoint_off_grid]: Symbol pin or wire end off connection grid
    ; warning
    @(1464.31 mm, 422.91 mm): Horizontal Wire, length 65.40 mm
[endpoint_off_grid]: Symbol pin or wire end off connection grid
    ; warning
    @(1529.71 mm, 422.91 mm): Vertical Wire, length 22.86 mm
[lib_symbol_issues]: The current configuration does not include the symbol library 'Device'
    ; warning
    @(1546.86 mm, 355.60 mm): Symbol C65 [C]
[lib_symbol_issues]: The current configuration does not include the symbol library 'Device'
    ; warning
    @(1581.15 mm, 144.78 mm): Symbol R31 [R]
[lib_symbol_issues]: The current configuration does not include the symbol library 'Device'
    ; warning
    @(1346.20 mm, 842.01 mm): Symbol R194 [R]
[lib_symbol_issues]: The current configuration does not include the symbol library 'power'
    ; warning
    @(1546.86 mm, 361.95 mm): Symbol #PWR139 [GND]
[endpoint_off_grid]: Symbol pin or wire end off connection grid
    ; warning
    @(1529.71 mm, 445.77 mm): Horizontal Wire, length 20.32 mm
[lib_symbol_issues]: The current configuration does not include the symbol library 'Device'
    ; warning
    @(1289.05 mm, 938.53 mm): Symbol C121 [C]
[lib_symbol_issues]: The current configuration does not include the symbol library 'power'
    ; warning
    @(1136.65 mm, 1118.87 mm): Symbol #FLG01 [PWR_FLAG]
[lib_symbol_issues]: The current configuration does not include the symbol library 'Device'
    ; warning
    @(1397.00 mm, 772.16 mm): Symbol C99 [C]
[lib_symbol_issues]: The current configuration does not include the symbol library 'power'
    ; warning
    @(1397.00 mm, 778.51 mm): Symbol #PWR200 [GND]
[lib_symbol_issues]: The current configuration does not include the symbol library 'Device'
    ; warning
    @(1449.07 mm, 680.72 mm): Symbol R141 [R]
[lib_symbol_issues]: The current configuration does not include the symbol library 'Device'
    ; warning
    @(1562.10 mm, 355.60 mm): Symbol C66 [C]
[lib_symbol_issues]: The current configuration does not include the symbol library 'power'
    ; warning
    @(1562.10 mm, 361.95 mm): Symbol #PWR140 [GND]
[lib_symbol_issues]: The current configuration does not include the symbol library 'power'
    ; warning
    @(1149.35 mm, 1118.87 mm): Symbol #FLG02 [PWR_FLAG]
[lib_symbol_issues]: The current configuration does not include the symbol library 'Device'
    ; warning
    @(1289.05 mm, 955.04 mm): Symbol R163 [R]
[unconnected_wire_endpoint]: Unconnected wire endpoint
    ; warning
    @(1412.24 mm, 765.81 mm): Horizontal Wire, length 2.54 mm
[lib_symbol_issues]: The current configuration does not include the symbol library 'Device'
    ; warning
    @(1412.24 mm, 772.16 mm): Symbol C101 [C]
[lib_symbol_issues]: The current configuration does not include the symbol library 'power'
    ; warning
    @(1412.24 mm, 778.51 mm): Symbol #PWR201 [GND]
[endpoint_off_grid]: Symbol pin or wire end off connection grid
    ; warning
    @(1546.23 mm, 459.74 mm): Vertical Wire, length 2.54 mm
[lib_symbol_issues]: The current configuration does not include the symbol library 'power'
    ; warning
    @(1162.05 mm, 1118.87 mm): Symbol #FLG03 [PWR_FLAG]
[endpoint_off_grid]: Symbol pin or wire end off connection grid
    ; warning
    @(1546.23 mm, 462.28 mm): Vertical Wire, length 2.54 mm
[lib_symbol_issues]: The current configuration does not include the symbol library 'power'
    ; warning
    @(1162.05 mm, 1121.41 mm): Symbol #PWR294 [GND]
[lib_symbol_issues]: The current configuration does not include the symbol library 'Device'
    ; warning
    @(1607.82 mm, 154.94 mm): Symbol C31 [C]
[endpoint_off_grid]: Symbol pin or wire end off connection grid
    ; warning
    @(1548.77 mm, 459.74 mm): Symbol Q14 Pin 1 [PA_SW2, Passive, Line]
[endpoint_off_grid]: Symbol pin or wire end off connection grid
    ; warning
    @(1548.77 mm, 459.74 mm): Horizontal Wire, length 2.54 mm
[lib_symbol_issues]: The current configuration does not include the symbol library 'power'
    ; warning
    @(1607.82 mm, 161.29 mm): Symbol #PWR075 [GND]
[endpoint_off_grid]: Symbol pin or wire end off connection grid
    ; warning
    @(1548.77 mm, 462.28 mm): Horizontal Wire, length 2.54 mm
[lib_symbol_issues]: The current configuration does not include the symbol library 'Device'
    ; warning
    @(1329.69 mm, 919.48 mm): Symbol R151 [R]
[lib_symbol_issues]: The current configuration does not include the symbol library 'Device'
    ; warning
    @(1577.34 mm, 355.60 mm): Symbol C67 [C]
[endpoint_off_grid]: Symbol pin or wire end off connection grid
    ; warning
    @(1548.77 mm, 464.82 mm): Horizontal Wire, length 2.54 mm
[lib_symbol_issues]: The current configuration does not include the symbol library 'Device'
    ; warning
    @(1291.59 mm, 974.09 mm): Symbol C130 [C]
[lib_symbol_issues]: The current configuration does not include the symbol library 'power'
    ; warning
    @(1577.34 mm, 361.95 mm): Symbol #PWR141 [GND]
[lib_symbol_issues]: The current configuration does not include the symbol library 'Device'
    ; warning
    @(1383.03 mm, 842.01 mm): Symbol L12 [L]
[lib_symbol_issues]: The current configuration does not include the symbol library 'power'
    ; warning
    @(1174.75 mm, 1118.87 mm): Symbol #FLG04 [PWR_FLAG]
[lib_symbol_issues]: The current configuration does not include the symbol library 'Device'
    ; warning
    @(1285.24 mm, 990.60 mm): Symbol R158 [R]
[lib_symbol_issues]: The current configuration does not include the symbol library 'power'
    ; warning
    @(1174.75 mm, 1121.41 mm): Symbol #PWR295 [+3V3]
[lib_symbol_issues]: The current configuration does not include the symbol library 'Connector_Generic'
    ; warning
    @(1445.26 mm, 754.38 mm): Symbol J_MON [Conn_01x02]
[lib_symbol_issues]: The current configuration does not include the symbol library 'Device'
    ; warning
    @(1623.06 mm, 154.94 mm): Symbol C32 [C]
[lib_symbol_issues]: The current configuration does not include the symbol library 'power'
    ; warning
    @(1623.06 mm, 161.29 mm): Symbol #PWR076 [GND]
[lib_symbol_issues]: The current configuration does not include the symbol library 'power'
    ; warning
    @(1187.45 mm, 1118.87 mm): Symbol #FLG05 [PWR_FLAG]
[lib_symbol_issues]: The current configuration does not include the symbol library 'Device'
    ; warning
    @(1592.58 mm, 355.60 mm): Symbol C170 [C_Polarized]
[lib_symbol_issues]: The current configuration does not include the symbol library 'power'
    ; warning
    @(1592.58 mm, 361.95 mm): Symbol #PWR142 [GND]
[lib_symbol_issues]: The current configuration does not include the symbol library 'meshsat_ic'
    ; warning
    @(1567.18 mm, 463.55 mm): Symbol Q14 [Q14]
[lib_symbol_issues]: The current configuration does not include the symbol library 'Device'
    ; warning
    @(1485.90 mm, 680.72 mm): Symbol R138 [R]
[lib_symbol_issues]: The current configuration does not include the symbol library 'Device'
    ; warning
    @(1344.93 mm, 937.26 mm): Symbol R148 [R]
[lib_symbol_issues]: The current configuration does not include the symbol library 'power'
    ; warning
    @(1200.15 mm, 1118.87 mm): Symbol #FLG06 [PWR_FLAG]
[lib_symbol_issues]: The current configuration does not include the symbol library 'Device'
    ; warning
    @(1638.30 mm, 154.94 mm): Symbol C33 [C]
[lib_symbol_issues]: The current configuration does not include the symbol library 'power'
    ; warning
    @(1638.30 mm, 161.29 mm): Symbol #PWR077 [GND]
[lib_symbol_issues]: The current configuration does not include the symbol library 'Device'
    ; warning
    @(1607.82 mm, 355.60 mm): Symbol C171 [C_Polarized]
[unconnected_wire_endpoint]: Unconnected wire endpoint
    ; warning
    @(1638.30 mm, 148.59 mm): Horizontal Wire, length 2.54 mm
[lib_symbol_issues]: The current configuration does not include the symbol library 'power'
    ; warning
    @(1607.82 mm, 361.95 mm): Symbol #PWR143 [GND]
[lib_symbol_issues]: The current configuration does not include the symbol library 'power'
    ; warning
    @(1212.85 mm, 1118.87 mm): Symbol #FLG07 [PWR_FLAG]
[lib_symbol_issues]: The current configuration does not include the symbol library 'Device'
    ; warning
    @(1344.93 mm, 956.31 mm): Symbol C129 [C]
[endpoint_off_grid]: Symbol pin or wire end off connection grid
    ; warning
    @(1585.59 mm, 459.74 mm): Horizontal Wire, length 2.54 mm
[endpoint_off_grid]: Symbol pin or wire end off connection grid
    ; warning
    @(1585.59 mm, 462.28 mm): Horizontal Wire, length 1.27 mm
[endpoint_off_grid]: Symbol pin or wire end off connection grid
    ; warning
    @(1586.86 mm, 462.28 mm): Horizontal Wire, length 8.89 mm
[lib_symbol_issues]: The current configuration does not include the symbol library 'Device'
    ; warning
    @(1376.68 mm, 920.75 mm): Symbol C123 [C]
[lib_symbol_issues]: The current configuration does not include the symbol library 'Device'
    ; warning
    @(1341.12 mm, 972.82 mm): Symbol R156 [R]
[lib_symbol_issues]: The current configuration does not include the symbol library 'Device'
    ; warning
    @(1329.69 mm, 990.60 mm): Symbol R159 [R]
[lib_symbol_issues]: The current configuration does not include the symbol library 'power'
    ; warning
    @(1225.55 mm, 1118.87 mm): Symbol #FLG08 [PWR_FLAG]
[lib_symbol_issues]: The current configuration does not include the symbol library 'Device'
    ; warning
    @(1430.02 mm, 842.01 mm): Symbol R192 [R]
[endpoint_off_grid]: Symbol pin or wire end off connection grid
    ; warning
    @(1595.75 mm, 462.28 mm): Horizontal Wire, length 32.39 mm
[lib_symbol_issues]: The current configuration does not include the symbol library 'Device'
    ; warning
    @(1623.06 mm, 355.60 mm): Symbol C195 [C]
[unconnected_wire_endpoint]: Unconnected wire endpoint
    ; warning
    @(1623.06 mm, 349.25 mm): Horizontal Wire, length 2.54 mm
[lib_symbol_issues]: The current configuration does not include the symbol library 'power'
    ; warning
    @(1623.06 mm, 361.95 mm): Symbol #PWR144 [GND]
[lib_symbol_issues]: The current configuration does not include the symbol library 'meshsat_ic'
    ; warning
    @(1539.24 mm, 629.92 mm): Symbol Q27 [Q27]
[lib_symbol_issues]: The current configuration does not include the symbol library 'Device'
    ; warning
    @(1390.65 mm, 937.26 mm): Symbol R149 [R]
[lib_symbol_issues]: The current configuration does not include the symbol library 'Device'
    ; warning
    @(1474.47 mm, 815.34 mm): Symbol R191 [R]
[lib_symbol_issues]: The current configuration does not include the symbol library 'Device'
    ; warning
    @(1393.19 mm, 955.04 mm): Symbol R154 [R]
[lib_symbol_issues]: The current configuration does not include the symbol library 'Device'
    ; warning
    @(1628.14 mm, 455.93 mm): Symbol R55 [R]
[endpoint_off_grid]: Symbol pin or wire end off connection grid
    ; warning
    @(1509.40 mm, 765.81 mm): Horizontal Wire, length 1.91 mm
[unconnected_wire_endpoint]: Unconnected wire endpoint
    ; warning
    @(1520.83 mm, 770.89 mm): Horizontal Wire, length 11.43 mm
[lib_symbol_issues]: The current configuration does not include the symbol library 'Device'
    ; warning
    @(1507.49 mm, 774.70 mm): Symbol C100 [C]
[lib_symbol_issues]: The current configuration does not include the symbol library 'Device'
    ; warning
    @(1388.11 mm, 972.82 mm): Symbol R157 [R]
[lib_symbol_issues]: The current configuration does not include the symbol library 'Device'
    ; warning
    @(1424.94 mm, 919.48 mm): Symbol R160 [R]
[lib_symbol_issues]: The current configuration does not include the symbol library 'Device'
    ; warning
    @(1376.68 mm, 991.87 mm): Symbol C127 [C]
[lib_symbol_issues]: The current configuration does not include the symbol library 'Device'
    ; warning
    @(1483.36 mm, 824.23 mm): Symbol C161 [C]
[lib_symbol_issues]: The current configuration does not include the symbol library 'power'
    ; warning
    @(1507.49 mm, 781.05 mm): Symbol #PWR202 [GND]
[lib_symbol_issues]: The current configuration does not include the symbol library 'power'
    ; warning
    @(1483.36 mm, 830.58 mm): Symbol #PWR209 [GND]
[lib_symbol_issues]: The current configuration does not include the symbol library 'Device'
    ; warning
    @(1480.82 mm, 839.47 mm): Symbol C162 [C]
[endpoint_off_grid]: Symbol pin or wire end off connection grid
    ; warning
    @(1520.83 mm, 765.81 mm): Horizontal Wire, length 11.43 mm
[endpoint_off_grid]: Symbol pin or wire end off connection grid
    ; warning
    @(1522.10 mm, 765.81 mm): Symbol U22 Pin 2 [U22_DVDT, Passive, Line]
[endpoint_off_grid]: Symbol pin or wire end off connection grid
    ; warning
    @(1522.10 mm, 765.81 mm): Horizontal Wire, length 1.27 mm
[endpoint_off_grid]: Symbol pin or wire end off connection grid
    ; warning
    @(1522.10 mm, 768.35 mm): Horizontal Wire, length 2.54 mm
[endpoint_off_grid]: Symbol pin or wire end off connection grid
    ; warning
    @(1520.83 mm, 770.89 mm): Horizontal Wire, length 11.43 mm
[lib_symbol_issues]: The current configuration does not include the symbol library 'power'
    ; warning
    @(1480.82 mm, 845.82 mm): Symbol #PWR210 [GND]
[endpoint_off_grid]: Symbol pin or wire end off connection grid
    ; warning
    @(1522.10 mm, 770.89 mm): Horizontal Wire, length 1.27 mm
[lib_symbol_issues]: The current configuration does not include the symbol library 'Connector_Generic'
    ; warning
    @(1499.87 mm, 815.34 mm): Symbol J_HEAT [Conn_01x02]
[lib_symbol_issues]: The current configuration does not include the symbol library 'Device'
    ; warning
    @(1442.72 mm, 938.53 mm): Symbol C122 [C]
[lib_symbol_issues]: The current configuration does not include the symbol library 'Device'
    ; warning
    @(1526.54 mm, 796.29 mm): Symbol C159 [C]
[lib_symbol_issues]: The current configuration does not include the symbol library 'meshsat_ic'
    ; warning
    @(1541.78 mm, 769.62 mm): Symbol U22 [U22]
[lib_symbol_issues]: The current configuration does not include the symbol library 'Device'
    ; warning
    @(1437.64 mm, 955.04 mm): Symbol R155 [R]
[lib_symbol_issues]: The current configuration does not include the symbol library 'power'
    ; warning
    @(1541.78 mm, 783.59 mm): Symbol #PWR206 [GND]
[lib_symbol_issues]: The current configuration does not include the symbol library 'Device'
    ; warning
    @(1424.94 mm, 990.60 mm): Symbol R168 [R]
[lib_symbol_issues]: The current configuration does not include the symbol library 'Connector_Generic'
    ; warning
    @(1617.98 mm, 629.92 mm): Symbol J_USBC_OUT [Conn_01x05]
[lib_symbol_issues]: The current configuration does not include the symbol library 'Device'
    ; warning
    @(1437.64 mm, 974.09 mm): Symbol C126 [C]
[lib_symbol_issues]: The current configuration does not include the symbol library 'Device'
    ; warning
    @(1475.74 mm, 919.48 mm): Symbol R161 [R]
[endpoint_off_grid]: Symbol pin or wire end off connection grid
    ; warning
    @(1561.46 mm, 765.81 mm): Horizontal Wire, length 1.27 mm
[endpoint_off_grid]: Symbol pin or wire end off connection grid
    ; warning
    @(1561.46 mm, 768.35 mm): Horizontal Wire, length 1.27 mm
[endpoint_off_grid]: Symbol pin or wire end off connection grid
    ; warning
    @(1562.73 mm, 765.81 mm): Horizontal Wire, length 11.43 mm
[endpoint_off_grid]: Symbol pin or wire end off connection grid
    ; warning
    @(1561.46 mm, 770.89 mm): Horizontal Wire, length 1.27 mm
[endpoint_off_grid]: Symbol pin or wire end off connection grid
    ; warning
    @(1562.73 mm, 768.35 mm): Horizontal Wire, length 10.16 mm
[endpoint_off_grid]: Symbol pin or wire end off connection grid
    ; warning
    @(1562.73 mm, 770.89 mm): Horizontal Wire, length 11.43 mm
[endpoint_off_grid]: Symbol pin or wire end off connection grid
    ; warning
    @(1572.89 mm, 768.35 mm): Horizontal Wire, length 12.07 mm
[endpoint_off_grid]: Symbol pin or wire end off connection grid
    ; warning
    @(1574.16 mm, 765.81 mm): Horizontal Wire, length 52.71 mm
[endpoint_off_grid]: Symbol pin or wire end off connection grid
    ; warning
    @(1574.16 mm, 770.89 mm): Horizontal Wire, length 1.91 mm
[lib_symbol_issues]: The current configuration does not include the symbol library 'Device'
    ; warning
    @(1576.07 mm, 779.78 mm): Symbol R97 [R]
[lib_symbol_issues]: The current configuration does not include the symbol library 'Device'
    ; warning
    @(1568.45 mm, 796.29 mm): Symbol C160 [C]
[lib_symbol_issues]: The current configuration does not include the symbol library 'Device'
    ; warning
    @(1489.71 mm, 937.26 mm): Symbol R152 [R]
[lib_symbol_issues]: The current configuration does not include the symbol library 'power'
    ; warning
    @(1576.07 mm, 786.13 mm): Symbol #PWR205 [GND]
[lib_symbol_issues]: The current configuration does not include the symbol library 'Device'
    ; warning
    @(1584.96 mm, 774.70 mm): Symbol R94 [R]
[lib_symbol_issues]: The current configuration does not include the symbol library 'power'
    ; warning
    @(1584.96 mm, 781.05 mm): Symbol #PWR204 [GND]
[lib_symbol_issues]: The current configuration does not include the symbol library 'Device'
    ; warning
    @(1485.90 mm, 956.31 mm): Symbol C125 [C]
[lib_symbol_issues]: The current configuration does not include the symbol library 'Device'
    ; warning
    @(1488.44 mm, 972.82 mm): Symbol R166 [R]
[lib_symbol_issues]: The current configuration does not include the symbol library 'Device'
    ; warning
    @(1477.01 mm, 990.60 mm): Symbol R169 [R]
[lib_symbol_issues]: The current configuration does not include the symbol library 'Device'
    ; warning
    @(1530.35 mm, 920.75 mm): Symbol C128 [C]
[lib_symbol_issues]: The current configuration does not include the symbol library 'Device'
    ; warning
    @(1605.28 mm, 796.29 mm): Symbol R96 [R]
[lib_symbol_issues]: The current configuration does not include the symbol library 'power'
    ; warning
    @(1626.87 mm, 753.11 mm): Symbol #PWR203 [+3V3]
[lib_symbol_issues]: The current configuration does not include the symbol library 'Device'
    ; warning
    @(1626.87 mm, 759.46 mm): Symbol R95 [R]
[lib_symbol_issues]: The current configuration does not include the symbol library 'Device'
    ; warning
    @(1535.43 mm, 937.26 mm): Symbol R153 [R]
[lib_symbol_issues]: The current configuration does not include the symbol library 'Device'
    ; warning
    @(1532.89 mm, 955.04 mm): Symbol R164 [R]
[lib_symbol_issues]: The current configuration does not include the symbol library 'Device'
    ; warning
    @(1531.62 mm, 991.87 mm): Symbol C132 [C]
[lib_symbol_issues]: The current configuration does not include the symbol library 'Device'
    ; warning
    @(1544.32 mm, 972.82 mm): Symbol R167 [R]
[lib_symbol_issues]: The current configuration does not include the symbol library 'Device'
    ; warning
    @(1581.15 mm, 919.48 mm): Symbol R146 [R]
[lib_symbol_issues]: The current configuration does not include the symbol library 'Device'
    ; warning
    @(1582.42 mm, 938.53 mm): Symbol C124 [C]
[lib_symbol_issues]: The current configuration does not include the symbol library 'Device'
    ; warning
    @(1584.96 mm, 955.04 mm): Symbol R165 [R]
[lib_symbol_issues]: The current configuration does not include the symbol library 'Device'
    ; warning
    @(1629.41 mm, 919.48 mm): Symbol R147 [R]
[lib_symbol_issues]: The current configuration does not include the symbol library 'Device'
    ; warning
    @(1601.47 mm, 974.09 mm): Symbol C131 [C]
[lib_symbol_issues]: The current configuration does not include the symbol library 'Device'
    ; warning
    @(1629.41 mm, 937.26 mm): Symbol R162 [R]

 ** ERC messages: 1522  Errors 0  Warnings 1522
