# Stream s122 inventory: every in-scope sentence of the documents CFL-016 names that names a part, net, board,
# rail, gate function or generator line. Written by v2/docs/records/s122/inventory.py at the commit it ran in.
# Netlists parsed (tx_inhibit.parse_netlist): A v2/ecad/pcb-a-power-a23/out/pcb-a-power.net@6c40250c47195ebb, B v2/ecad/pcb-b-compute-b19/out/pcb-b-compute.net@3ef9b8c49a01b728, C v2/ecad/pcb-c-display-c8/out/pcb-c-display.net@87b69472ac83ca5a, D v2/ecad/pcb-d-aprs-d9/out/pcb-d-aprs.net@a2d48972d171aad1, E v2/ecad/pcb-e1-dock-e7/out/pcb-e1-dock.net@2ed95a0e8069ebf8, P v2/ecad/pcb-p-pack-p2/out/pcb-p-pack.net@20c7b0795593d761
# Documents: v2/docs/PANEL.md@4647782f5aca7c13, v2/docs/CONOPS.md@3c5d49078ba6dbfd, v2/docs/V2-SPEC.md@e1fdcebe8638e471, v2/docs/OPERATING-ENVELOPE.md@43361b02743cf3af, v2/docs/TEST-PLAN.md@ae57da0b57e214f7, v2/docs/ASSEMBLY.md@ee4eff52fc5df307, v2/ecad/tools/pcb_decisions.yaml@44107103b49d036c
# Scope: PANEL.md 1, 2, 3, 5, 6, 7, 9, 10; CONOPS.md 2a, M2, M4, 4 (Startup, Charging, EMCON, ZEROIZE, Service), 4a (PS-EMCON), 4b, 4b.1, 4e, 4f, 5; V2-SPEC.md whole; OPERATING-ENVELOPE.md 2, 3, 4; TEST-PLAN.md whole; ASSEMBLY.md 2 (1, 6), 4, 8, 9; pcb_decisions.yaml 28, 40

PANEL.md#1:L55:cell:1:s1 [d2e1df041f]
    `U3` RP2040, `U4` W25Q16 QSPI flash, `Y1` 12 MHz, `R5`/`JP1` BOOTSEL strap, `TP1`..`TP3` SWD
    names: refs=JP1,R5,TP1,TP3,U3,U4,Y1
PANEL.md#1:L56:cell:1:s1 [dc87e613e5]
    16 THT LEDs `D1`..`D16` through Mentor light guides in the plate, sinks on two PCA9555 (`U1` 0x22, `U2` 0x23), the TX lamp `D3` on `Q3`; since round 8 of MESHSAT-1357 (26 September 2026) a seventeenth LED on the face, the hardware EMCON lamp `D22` (amber) on `Q7`, which no expander and no firmware drives (sections 4 and 6; its light guide in the plate is owed, S-44; section 9's seventeen controller-lit indicators are a different count, which leaves `D22` out)
    names: refs=D1,D16,D22,D3,Q3,Q7,U1,U2
PANEL.md#1:L56:cell:2:s1 [c27be131c3]
    controller; `D22` hardware
    names: refs=D22
PANEL.md#1:L57:cell:1:s1 [598cdf8892]
    `+5V` through the LIGHTING toggle `SW_LIGHT` (pole 1) to `LED_RAIL_SW`, `Q1` P-FET high side switched by `Q2` from `PANEL_PWM`, `RAIL_SENSE` divider
    names: refs=Q1,Q2,SW_LIGHT; nets=+5V,LED_RAIL_SW,PANEL_PWM,RAIL_SENSE; rails=+5V
PANEL.md#1:L58:cell:1:s1 [2add8acf41]
    `SW_MAIN` (19 mm, hardware lead to A22 `J_MAINSW`), `SW_PI` (16 mm, lead pads `PIJ2_A/B`), `SW_TEST` (16 mm, `TEST_SW`), `SW_SOS`, `SW_EMCON`, `SW_ZERO` (APEM locking toggles with hinged covers), `SW_LIGHT` (NKK DPDT ON-ON-ON)
    names: refs=J_MAINSW,PIJ2_A,SW_EMCON,SW_LIGHT,SW_MAIN,SW_PI,SW_SOS,SW_TEST,SW_ZERO; nets=PIJ2_A,TEST_SW; boards=A22
PANEL.md#1:L59:cell:1:s1 [fa055147a4]
    Pervasive Displays E2370KS0C1 on the 24-way ZIF `J_EPD`, supply switch `Q5`, the boost stage `L1`/`Q6`/`D19`..`D21` per PDi's driving note rev 02
    names: refs=D19,D21,J_EPD,L1,Q5,Q6
PANEL.md#1:L60:cell:1:s1 [132968094a]
    `BZ1` IP67 panel sounder on `+5V` through `Q4` from `PWM1`
    names: refs=BZ1,Q4; nets=+5V,PWM1; rails=+5V
PANEL.md#1:L61:cell:1:s1 [d18a3bbf42]
    `U_LIGHT` VEML7700 (I2C 0x10) under its own light guide
    names: refs=U_LIGHT
PANEL.md#1:L62:cell:1:s1 [514b8face2]
    `SW_ZERO` pulls the local net `ZEROIZE_SW` low (10k pull-up `R10`, 10 nF `C20`), which the controller reads on GPIO 22; `U12`, a 74LVC1G17 buffer, copies it onto `ZEROIZE_HW` for the ribbons, where the line reaches a test point on B16, a 10k pull-up (`R117`) on A22 and a test point on D8, and no other part listens (decision 30; `gen_sch_c.py:168-178` and `:217` at `45bde541`, corrected 26 September 2026: until `faf8c981` the toggle sat on `ZEROIZE_HW` itself)
    names: refs=C20,D8,R10,R117,SW_ZERO,U12; nets=ZEROIZE_HW,ZEROIZE_SW; boards=A22,B16,D8; gates=buffer,pull-up; gens=gen_sch_c.py:168-178
PANEL.md#1:L63:cell:1:s1 [da6c6735f0]
    `U9` 74LVC1G17 Schmitt-trigger buffer: `EMCON_HW` follows `TX_INHIBIT_n`, both LOW = inhibited (corrected 9 September 2026, red team C1: the part was an inverter and both consumer boards were built on low = silence, so asserting EMCON enabled the PA and released both M.2 radios; a Schmitt input since `faf8c981`, because the toggle's node rises with a 77 us time constant, far outside the 74LVC1G34's input slew limit, `gen_sch_c.py:157-166`).
    names: refs=C1,U9; nets=EMCON_HW,TX_INHIBIT_n; gates=buffer,enabled,inverter,schmitt; gens=gen_sch_c.py:157-166
PANEL.md#1:L63:cell:1:s2 [f4587ac12e]
    Since EQ-25 (stream w4c, 27 September 2026, SC-67) `R14` is 2.2 k 1 % and `R50` (10 k 1 %) holds `TX_INHIBIT_n` down on this board too: with the panel unpowered the line reads 0.24 V under the RF-002 walk's worst-case Ioff sums (1.09 V before), released it rests at 2.57 V (2.37 V at the adverse ends), and it rises with a 17 us time constant.
    names: refs=R14,R50; nets=TX_INHIBIT_n
PANEL.md#1:L63:cell:1:s3 [79b33e8889]
    Since round 8 of MESHSAT-1357 (26 September 2026): the controller reads `EMCON_HW` only through `U13`, a second 74LVC1G17, and `R46` (1k) on GPIO 21, so no firmware pin sits on the line (`feasibility/EMCON.md` item L1); and the hardware EMCON lamp of SD-EMC-6 is drawn: `U14`, a TI SN74LVC1G57 wired as a NOR with Schmitt inputs, reads `TX_INHIBIT_n` and `EMCON_HW` and turns on `Q7` (Si2300DS), which sinks `D22` from `LED_RAIL_SW` through `R47` (470R), so the lamp is lit only while both lines read LOW, with no processor in its path.
    names: refs=D22,L1,Q7,R46,R47,U13,U14; nets=EMCON_HW,LED_RAIL_SW,TX_INHIBIT_n; gates=nor,schmitt
PANEL.md#1:L63:cell:1:s4 [f52539503d]
    Its light-guide hole in the plate beside `SW_EMCON` is owed (S-44)
    names: refs=SW_EMCON
PANEL.md#1:L64:cell:1:s1 [d757d209e1]
    the Xenarc 709GNK monitor's connector block (its HDMI and 12 V leads go below the plate to B16 `J_HDMI` and A22 `J_MON`, its USB touch lead to D8 `J_USB3` through the adapter of `ASSEMBLY.md` section 4: the session's choice SC-HF-06 of 27 September 2026, `HW-FW-CONTRACT.md` section 8), two U-174/U headset jacks `J_HSJ1`/`J_HSJ2` (leads to D8 `J_HS1`/`J_HS2`), the USB camera module behind the sealed window (lead to B16 `J_CAM`)
    names: refs=D8,J_CAM,J_HDMI,J_HS1,J_HS2,J_HSJ1,J_HSJ2,J_MON,J_USB3; boards=A22,B16,D8
PANEL.md#2:L70:cell:1:s1 [436512e5ba]
    +5V
    names: nets=+5V; rails=+5V
PANEL.md#2:L71:cell:1:s1 [436512e5ba]
    +5V
    names: nets=+5V; rails=+5V
PANEL.md#2:L71:cell:4:s1 [33fdd84538]
    USB_PNL_P
    names: nets=USB_PNL_P
PANEL.md#2:L71:cell:5:s1 [63fa735c4c]
    USB 2.0 device pair to B16's bank 1 hub (home host slot 1, failover slot 2)
    names: boards=B16
PANEL.md#2:L72:cell:3:s1 [e97419f3e8]
    USB_PNL_N
    names: nets=USB_PNL_N
PANEL.md#2:L75:cell:1:s1 [010ebd6b6d]
    EXP_INT
    names: nets=EXP_INT
PANEL.md#2:L76:cell:1:s1 [e2d29b9e99]
    TR_APRS
    names: nets=TR_APRS
PANEL.md#2:L76:cell:2:s1 [dbd1b086a5]
    in: D8's real KEY line (lights the TX lamp)
    names: refs=D8; boards=D8
PANEL.md#2:L77:cell:1:s1 [428ab166dc]
    EMCON_HW
    names: nets=EMCON_HW
PANEL.md#2:L77:cell:4:s1 [0a41efb05f]
    SLOT_EN1
    names: nets=SLOT_EN1
PANEL.md#2:L77:cell:5:s1 [3d8f3fd4e8]
    out: slot 1 rail enable
    names: gates=enable
PANEL.md#2:L78:cell:3:s1 [a064a6324b]
    SLOT_EN2
    names: nets=SLOT_EN2
PANEL.md#2:L79:cell:1:s1 [737d427bad]
    ZEROIZE_HW
    names: nets=ZEROIZE_HW
PANEL.md#2:L79:cell:2:s1 [8838b5cf13]
    out, hardware: `U12`'s copy of the ZEROIZE toggle, low = closed; no part on another board acts on it (section 6)
    names: refs=U12
PANEL.md#2:L79:cell:4:s1 [21e4b70343]
    SLOT_EN3
    names: nets=SLOT_EN3
PANEL.md#2:L80:cell:1:s1 [5e249213b4]
    TX_INHIBIT_n
    names: nets=TX_INHIBIT_n
PANEL.md#2:L80:cell:2:s1 [467131a8bf]
    out, hardware: low = inhibit (to D8's KEY gate)
    names: refs=D8; boards=D8; gates=gate
PANEL.md#2:L80:cell:4:s1 [8ecdb03238]
    PI_SHDN_REQ
    names: nets=PI_SHDN_REQ
PANEL.md#2:L81:cell:1:s1 [9db27ad4ae]
    HDMI_SEL1
    names: nets=HDMI_SEL1
PANEL.md#2:L81:cell:4:s1 [5cc9357372]
    PI_KILL
    names: nets=PI_KILL
PANEL.md#2:L81:cell:5:s1 [3b18fafd51]
    out: hard power off request to A22
    names: boards=A22
PANEL.md#2:L82:cell:1:s1 [e3b1395bb7]
    HDMI_SEL2
    names: nets=HDMI_SEL2
PANEL.md#2:L82:cell:4:s1 [d0d1c3324c]
    SHORE_INHIBIT
    names: nets=SHORE_INHIBIT
PANEL.md#2:L82:cell:5:s1 [80bc7b54a1]
    out: to A22 and the dock (charge inhibit)
    names: boards=A22
PANEL.md#3:L89:cell:1:s1 [0436f89596]
    EPD_SCL, EPD_SDA
    names: nets=EPD_SCL,EPD_SDA
PANEL.md#3:L90:cell:1:s1 [bc46d4958b]
    EPD_DC, EPD_CS, EPD_RST, EPD_BUSY
    names: nets=EPD_BUSY,EPD_CS,EPD_DC,EPD_RST
PANEL.md#3:L91:cell:1:s1 [024798389d]
    PANEL_PWM
    names: nets=PANEL_PWM
PANEL.md#3:L91:cell:2:s1 [0474d6812f]
    LED rail dimmer through `Q2`/`Q1`, 2 kHz, 10 bit; boots low (rail dark until the firmware is up)
    names: refs=Q1,Q2
PANEL.md#3:L92:cell:2:s1 [eb71f5bfaa]
    sounder through `Q4`; high = sound, PWM for patterns
    names: refs=Q4
PANEL.md#3:L93:cell:2:s1 [60bc5be090]
    heartbeat inputs, one per compute slot: the slot's compute module toggles its line at 1 Hz from its GPIO16, through the level stage Q{s}05, while its bridge software runs; the three I/O supervisors listen on the same lines and drive none; a dark module leaves the line held high by B16's pull-up, so liveness is the toggle (`HW-FW-CONTRACT.md` section 2; corrected 27 September 2026 from "while its supervisor runs")
    names: refs=Q105,Q205,Q305; boards=B16; gates=pull-up,supervisor
PANEL.md#3:L94:cell:1:s1 [dac738f926]
    SLOT_EN1..3
    names: nets=SLOT_EN1
PANEL.md#3:L94:cell:2:s1 [7d19d484c9]
    slot rail enables (high = on), section 5
    names: gates=enables
PANEL.md#3:L95:cell:1:s1 [9366a20224]
    HDMI_SEL1, HDMI_SEL2
    names: nets=HDMI_SEL1,HDMI_SEL2
PANEL.md#3:L95:cell:2:s1 [a7d756a9fb]
    the three-input display switch on B16: which slot drives the Xenarc
    names: boards=B16
PANEL.md#3:L96:cell:1:s1 [8ecdb03238]
    PI_SHDN_REQ
    names: nets=PI_SHDN_REQ
PANEL.md#3:L96:cell:2:s1 [4ac518fd0e]
    shutdown request to every module, ACTIVE LOW: the net is shared with A22's LTC2954 open-drain INT (pulled up by `R3`), so the controller pulls it low for at least 200 ms and otherwise leaves it released; it never drives it high, and it reads the pin as an input to see MAIN taps
    names: refs=R3; boards=A22; gates=open-drain,pulled up
PANEL.md#3:L97:cell:1:s1 [5cc9357372]
    PI_KILL
    names: nets=PI_KILL
PANEL.md#3:L97:cell:2:s1 [fc3f2c0cca]
    hard kill to A22's power controller (held high 3 s)
    names: boards=A22
PANEL.md#3:L98:cell:1:s1 [d0d1c3324c]
    SHORE_INHIBIT
    names: nets=SHORE_INHIBIT
PANEL.md#3:L98:cell:2:s1 [ab34be3814]
    charge inhibit to A22 and the dock, section 9
    names: boards=A22
PANEL.md#3:L99:cell:1:s1 [fa9eb52c64]
    EMCON_RD_R
    names: nets=EMCON_RD_R
PANEL.md#3:L99:cell:2:s1 [3215151074]
    read back of the hardware EMCON line, one way: `U13` buffers `EMCON_HW` and `R46` (1k) joins its output to the pin, so setting the pin as an output cannot reach the line (since round 8 of MESHSAT-1357)
    names: refs=R46,U13; nets=EMCON_HW
PANEL.md#3:L100:cell:1:s1 [28808e31a6]
    ZEROIZE_SW
    names: nets=ZEROIZE_SW
PANEL.md#3:L100:cell:2:s1 [460909429a]
    the ZEROIZE toggle, local to this board (10k pull-up, 10 nF); `U12` copies it onto `ZEROIZE_HW` for the other boards (since `faf8c981`)
    names: refs=U12; nets=ZEROIZE_HW; gates=pull-up
PANEL.md#3:L101:cell:1:s1 [e2d29b9e99]
    TR_APRS
    names: nets=TR_APRS
PANEL.md#3:L101:cell:2:s1 [f8a73e0916]
    read back of D8's KEY line (the TX lamp state)
    names: refs=D8; boards=D8
PANEL.md#3:L102:cell:1:s1 [010ebd6b6d]
    EXP_INT
    names: nets=EXP_INT
PANEL.md#3:L102:cell:2:s1 [2adc9f4a07]
    the expanders' interrupt, active low; it also carries the edges of the hot stop line HOT-R1, which A22's `U27` reads on P1.5 (`HW-FW-CONTRACT.md` FW-C14; SC-70, stream w4ae)
    names: refs=U27; boards=A22
PANEL.md#3:L103:cell:1:s1 [81d5174605]
    LED_STAT
    names: nets=LED_STAT
PANEL.md#3:L103:cell:2:s1 [7f23d7ce92]
    the controller's own status LED `D18` (on the board, not on the face)
    names: refs=D18
PANEL.md#3:L104:cell:1:s1 [704baed09c]
    RAIL_SENSE
    names: nets=RAIL_SENSE
PANEL.md#3:L104:cell:2:s1 [6eccc5366d]
    `LED_RAIL_SW` through the `R15`/`R51` 10k/10k divider (W4C-F1, 27 September 2026: through `R15` alone the pin sat above IOVDD, RP2040 datasheet 2.9.5): about 2.5 V (2.65 V at most) while the LED rail is present, 0 V at BLACKOUT; the pin is an ADC input (IE low, OD high); the rail is present above 1.25 V
    names: refs=R15,R51; nets=LED_RAIL_SW
PANEL.md#3:L105:cell:1:s1 [ab5c153f31]
    TEST_SW
    names: nets=TEST_SW
PANEL.md#3:L105:cell:2:s1 [1f29be2cf8]
    TEST / ACK button, pressed = low (10k pull-up, 10 nF)
    names: gates=pull-up
PANEL.md#3:L106:cell:1:s1 [8c72785398]
    SOS_SW
    names: nets=SOS_SW
PANEL.md#3:L106:cell:2:s1 [4982c3d26f]
    SOS locking toggle, closed = low (10k pull-up, 10 nF)
    names: gates=pull-up
PANEL.md#3:L107:cell:1:s1 [138c6b6bc3]
    EPD_PWR_n
    names: nets=EPD_PWR_n
PANEL.md#3:L107:cell:2:s1 [0608cdb612]
    the e-paper's 3.3 V switch `Q5`, low = on
    names: refs=Q5
PANEL.md#5:L147:item:s1 [27d3074deb]
    Boot, in this order: `PI_KILL` driven low (push-pull, and never released while any slot is powered: on the netlist a powered slot's level stage can lift it and switch the kit off, a mechanism not yet measured); `PI_SHDN_REQ` released; the ZEROIZE toggle read (`ZEROIZE_SW`, GPIO 22), and if it is closed, or the flash holds a wipe-pending record, the erase of section 6 is completed before any slot powers; every expander's output register written before its configuration register (the default output register is all ones, so configuration first would switch on the PoE and USB-C stages), keeping `DEV_EN` at 1, which is written 0 only as the last act of a shutdown; the charger's registers written; then the three `SLOT_EN` high, one at a time.
    names: nets=DEV_EN,PI_KILL,PI_SHDN_REQ,ZEROIZE_SW
PANEL.md#5:L148:item:s1 [55d8f49ec8]
    Since board B's round 8 the display switches pass a slot only while that module's own 3.3 V is up (`U519`, `U520` qualify each switch's enable with the slot's power-good, FAB-02), so selecting a dark slot shows no picture rather than feeding the dark module's HDMI pins; with the panel absent B's `R15`/`R16` (10 k) hold both selects low, slot 1.
    names: refs=R15,R16,U519,U520; boards=B's,board B; gates=enable
PANEL.md#5:L149:item:s1 [8d9e44bc9c]
    The PI button: short press = `PI_SHDN_REQ` (clean shutdown of every module), hold 8 s = `PI_KILL`.
    names: nets=PI_KILL,PI_SHDN_REQ
PANEL.md#5:L149:item:s2 [133cca552b]
    The MAIN PWR button is hardware to A22's power controller and the controller only sees its effect.
    names: boards=A22
PANEL.md#6:L155:cell:0:s1 [5e249213b4]
    TX_INHIBIT_n
    names: nets=TX_INHIBIT_n
PANEL.md#6:L155:cell:1:s1 [d306ab46ea]
    `SW_EMCON` closed = low (pull-up `R14` on C7, 2.2k 1 % since EQ-25 and 10k before, 10 nF `C24`, and `R50` (10k 1 %, since EQ-25) down on C7, so the line reads inhibited with the panel unpowered, 0.24 V under the RF-002 walk's worst-case Ioff sums (section 1); A22, B16 and D8 each hold it down with 100k so a cut ribbon inhibits)
    names: refs=C24,C7,D8,R14,R50,SW_EMCON; boards=A22,B16,C7,D8; gates=pull-up
PANEL.md#6:L155:cell:2:s1 [a7e84f7a68]
    D8's KEY gate cannot key the SA868 and the PA (`KEY = PTT_ANY AND TX_INHIBIT_n`); since board A's round 8 candidate (26 September 2026) A22 also reads it, ANDed with `EMCON_HW` into the enables of the PA and HF converters (`U35`, `U37`, SN74AUP1G08, `gen_sch_a.py:1240-1243`), so those two rails do not depend on the firmware pins that reach `EMCON_HW` (`feasibility/EMCON.md` section 4a); the bridge additionally holds every bearer; on C7, with `EMCON_HW`, it lights the EMCON lamp `D22` through `U14` (since round 8)
    names: refs=C7,D22,D8,U14,U35,U37; nets=EMCON_HW,KEY,PTT_ANY,TX_INHIBIT_n; boards=A22,C7,D8,board A; gates=and,enables,gate; gens=gen_sch_a.py:1240-1243
PANEL.md#6:L156:cell:0:s1 [428ab166dc]
    EMCON_HW
    names: nets=EMCON_HW
PANEL.md#6:L156:cell:1:s1 [a3ff8a619c]
    `U9` buffer, low while TX_INHIBIT_n is low; with the ribbon out B16's `R58` (4.7 k 1 percent since board B's round 8; 10k before) and A22's `R102` (10k 1% since board A's round 8 candidate; 100k before) hold it low
    names: refs=R102,R58,U9; nets=TX_INHIBIT_n; boards=A22,B16,board A,board B; gates=buffer
PANEL.md#6:L156:cell:2:s1 [faa935d288]
    as generated at `45bde541` on A22 it is ANDed into the enables of the PA and HF converters (`U26`, `gen_sch_a.py:1102`), and in board A's round 8 candidate it is the second input of `U35` and `U37`, beside `TX_INHIBIT_n` (`gen_sch_a.py:1240-1243`); as generated in board B's round 8 (27 September 2026, MESHSAT-1357), on B16 each single gate `U501` to `U505` (SN74LVC1G08, which state Ioff) ANDs it into the supply enables of the LimeSDR, the RockBLOCK, the LoRa module and both E72, the first three reaching their switches at 0.6 of the gate's output so a gate in its unspecified supply band cannot turn one on (stream w4b), and `U536` ANDs it into the RockBLOCK's own ENABLE (`RB_IEN`, its J3 pin 3), so no firmware holds the module enabled on its capacitors (stream w4b); each slot inverts it into its own `EMCON_ON1..3` in `U112`, `U212`, `U312`, run from that module's own 3.3 V, so a lost `+3V3_DEV` no longer releases a module radio; from there SN74LVC2G06 open-drain outputs pull the module's `WL_nDisable` and `BT_nDisable` low (`U113`, `U213`, `U313`, with the panel's off requests on `U114`, `U214`, `U314`), and `U115`, `U215`, `U315` pull each card's `W_DISABLE1#` low, while each card's supply enable is driven by `U116`, `U216`, `U316` (SN74LV1T08, `EMCON_HW` AND the module's `PCIE_PWR_EN`) from that slot's own 5 V, so all three card supplies go, the 5G module's included, whether or not the module's own 3.3 V is up (stream w4b); the 5G module's `FULL_CARD_POWER_OFF#` falls at once (`U220`) and its socket rail is discharged through 15 Ohm (`Q212`, an AO3400A whose sheet states its threshold and channel resistance at 25 C only, and `R295`), a bound of about 1.2 ms from EMCON to the module's 3.135 V power-off floor plus 1.8 ms per mF of the module's own input capacitance, which no held document states (`feasibility/EMCON.md` section 4b, SD-EMC-1 as re-decided in round 8); the three supervisors read it through the buffer `U506` (`EMCON_SUP`), so no firmware pin sits on the line (`U506` drives `EMCON_SUP` push-pull, so a supervisor its bench jumper leaves unpowered is fed through its PC5 pin, as board C's `U9` fed it before the round); D8's KEY gate makes VHF/APRS the one transmit-only case.
    names: refs=D8,J3,Q212,R295,U112,U113,U114,U115,U116,U212,U213,U214,U215,U216,U220,U26,U312,U313,U314,U315,U316,U35,U37,U501,U505,U506,U536,U9; nets=+3V3_DEV,EMCON_HW,EMCON_ON1,EMCON_ON2,EMCON_ON3,EMCON_SUP,RB_IEN,TX_INHIBIT_n; boards=A22,B16,D8,board A,board B,board C; rails=+3V3_DEV; gates=and,buffer,enable,enabled,enables,gate,inverts,open-drain,supervisor; gens=gen_sch_a.py:1102,gen_sch_a.py:1240-1243
PANEL.md#6:L156:cell:2:s2 [f46acf5130]
    Ruled 32.50 item 3 ("every transmitter") and, on 26 September 2026, by the owner's D-05: **under EMCON the radios go DARK.** Every radio with an emission path is powered off or RF-disabled in hardware; the VHF path keeps listening (D8's gate is on transmit only, as ruled); GNSS, DCF77 and the lightning detector continue.
    names: refs=D8; boards=D8; gates=gate
PANEL.md#6:L156:cell:2:s3 [3f55eed50c]
    **Corrected 27 September 2026 (round 8):** it described `EMCON_ON` from `Q11` and `R513` on `+3V3_DEV`, 2N7002 open drains, `U19`/`U20` and the supervisors' PC5 on the line, and the 5G module's disable pin as its only path
    names: refs=Q11,R513,U19,U20; nets=+3V3_DEV; rails=+3V3_DEV; gates=open drains
PANEL.md#6:L157:cell:0:s1 [737d427bad]
    ZEROIZE_HW
    names: nets=ZEROIZE_HW
PANEL.md#6:L157:cell:1:s1 [e5d33f7dc2]
    `SW_ZERO` closed = `ZEROIZE_SW` low, and `U12` drives `ZEROIZE_HW` low with it
    names: refs=SW_ZERO,U12; nets=ZEROIZE_HW,ZEROIZE_SW
PANEL.md#6:L157:cell:2:s1 [b0be55ba0f]
    the toggle is read by the controller's GPIO 22 on `ZEROIZE_SW`, the only listener: `ZEROIZE_HW` reaches test points on B16 and D8 and A22's pull-up `R117`, and no hardware line reaches the slots, the supervisors or the drives.
    names: refs=D8,R117; nets=ZEROIZE_HW,ZEROIZE_SW; boards=A22,B16,D8; gates=pull-up
PANEL.md#6:L157:cell:2:s2 [d3bb02455a]
    Every drive and eMMC key is wrapped by key-encryption keys only B16's ATECC608B holds (two of them, both needed to unlock a drive, `feasibility/ZEROIZE.md` section 3); held closed 5 s, the controller destroys both first over the kit bus by regenerating them in place (the GenKey command), then tells the running modules to drop the keys they hold in RAM, then drops `SLOT_EN1..3`.
    names: nets=SLOT_EN1,SLOT_EN2,SLOT_EN3; boards=B16
PANEL.md#6:L157:cell:2:s3 [336485f33d]
    `feasibility/ZEROIZE.md` closes that from Microchip's public documents (a desk result; the full ATECC608B datasheet stays under NDA) and leaves the physical demonstration on the fitted part to bench experiments Z-EXP-A and Z-EXP-B (S-35), with the SLB 9673 TPM 2.0 on B16's `U8` site as the fallback.
    names: refs=U8; boards=B16
PANEL.md#6:L158:cell:0:s1 [e2d29b9e99]
    TR_APRS
    names: nets=TR_APRS
PANEL.md#6:L158:cell:1:s1 [4d225c0c87]
    D8's real KEY line
    names: refs=D8; boards=D8
PANEL.md#6:L159:cell:1:s1 [50a302f450]
    `SW_MAIN` to A22 `J_MAINSW`
    names: refs=J_MAINSW,SW_MAIN; boards=A22
PANEL.md#7:L165:cell:2:s1 [f167717fb2]
    C7
    names: refs=C7; boards=C7
PANEL.md#7:L166:cell:1:s1 [90da98adce]
    PCA9555 `U6` (outputs: switch reset, rail enables, the module radio off requests into the open drains `U{s}14`, 5G control) and `U7` (inputs: faults, RockBLOCK status)
    names: refs=U114,U214,U314,U6,U7; gates=enables,open drains
PANEL.md#7:L166:cell:2:s1 [bc215963d1]
    B16
    names: boards=B16
PANEL.md#7:L167:cell:1:s1 [0348bf9879]
    PCA9555 `U27` (outputs: the charge inhibit, the monitor, heater, D8 and device-rail enables, the PoE, PA and HF software enables; inputs: faults and status, and on P1.5 the hot stop line HOT-R1 from board E, pulled up by `R216`) and `U28` (power-good lines, the USB-C outlet's software enable, the Glenair host port's VBUS switch and its fault, the EMCON gates' supply fault `EMCON_EF_FLT` on P1.2, low when U39 has cut it on a +3V3 overvoltage, spares)
    names: refs=D8,R216,U27,U28,U39; nets=+3V3,EMCON_EF_FLT; boards=D8,board E; rails=+3V3,VBUS; gates=enable,enables,gates,pulled up
PANEL.md#7:L167:cell:2:s1 [0536e7eccf]
    A22
    names: boards=A22
PANEL.md#7:L168:cell:2:s1 [f167717fb2]
    C7
    names: refs=C7; boards=C7
PANEL.md#7:L169:cell:2:s1 [e32ddc3033]
    D8
    names: refs=D8; boards=D8
PANEL.md#7:L170:cell:1:s1 [12ab5b6b01]
    TPS23861 PoE PSE controller `U5`, at its factory address with its A3 pin open (pulled up inside the part); every TPS23861 also answers the broadcast address 0x30 (TI SLUSBX9I, sections 7.3.13 and 8.3.3.1)
    names: refs=U5; gates=pulled up
PANEL.md#7:L170:cell:2:s1 [bc215963d1]
    B16
    names: boards=B16
PANEL.md#7:L171:cell:1:s1 [406b1d5e9e]
    the three STM32H743 I/O supervisors `U41`, `U51`, `U61`, I2C1 targets on PB6 and PB7 for status only (`ARCH-PCB-B-IOHA.md` section 6; the addresses are the supervisors' firmware contract, I3-F01: never 0x30 to 0x32, never a master, never 0x60)
    names: refs=U41,U51,U61; boards=PCB-B
PANEL.md#7:L171:cell:2:s1 [bc215963d1]
    B16
    names: boards=B16
PANEL.md#7:L172:cell:2:s1 [0536e7eccf]
    A22
    names: boards=A22
PANEL.md#7:L173:cell:1:s1 [5f2cf03744]
    ADS1115 `U22`, the power amplifier's flange temperature: a Semitec 103AT-2 NTC on the lead `J_FLANGE`, read ratiometric against the harness +3V3 (ADDR to GND, TI SBAS444E Table 7-2); the key-down rules K2 (+75 C) and C4 (+85 C) of `feasibility/POWER-THERMAL.md` read it, in firmware (PWR-F15, round 8 of MESHSAT-1357)
    names: refs=C4,J_FLANGE,K2,U22; nets=+3V3; rails=+3V3
PANEL.md#7:L173:cell:2:s1 [e32ddc3033]
    D8
    names: refs=D8; boards=D8
PANEL.md#7:L174:cell:2:s1 [bc215963d1]
    B16
    names: boards=B16
PANEL.md#7:L175:cell:1:s1 [31ce2cbb07]
    KSZ9897R Ethernet switch, I2C management (a fixed address: "The 7-bit device address is fixed as 1011_111", Microchip's datasheet in `v2/vendor/microchip/`; I2C management selected by the strap `R57`)
    names: refs=R57
PANEL.md#7:L175:cell:2:s1 [bc215963d1]
    B16
    names: boards=B16
PANEL.md#7:L176:cell:1:s1 [7bc4869e25]
    ATECC608B secure element (keys behind ZEROIZE); 0x60 is the family's default, and the fitted SSHDA part's factory address is item U4 of `feasibility/ZEROIZE.md`, TBD until the bench
    names: refs=U4
PANEL.md#7:L176:cell:2:s1 [bc215963d1]
    B16
    names: boards=B16
PANEL.md#7:L177:cell:1:s1 [e405a3ce91]
    DS3231SN holdover clock U9 (CR2032 backed; the part code C9866 has always bought, drawn on its own 16 SO land since board B's round 8)
    names: refs=U9; boards=board B
PANEL.md#7:L177:cell:2:s1 [bc215963d1]
    B16
    names: boards=B16
PANEL.md#7:L178:cell:2:s1 [0536e7eccf]
    A22
    names: boards=A22
PANEL.md#7:L180:para:s1 [6caaca3cd6]
    Read from the SDA and SCL nets of the committed netlists of boards A, B, C and D at `45bde541`; the 0x48 row from board D's netlist of round 8 (MESHSAT-1357, stream d), whose SDA and SCL gain U22 and nothing else.
    names: refs=U22; boards=board D
PANEL.md#7:L180:para:s2 [94bef6640e]
    **Corrected 26 September 2026 (S-07):** the table listed neither board A's two expanders nor the three supervisors, the Ethernet switch and the PoE controller.
    names: boards=board A
PANEL.md#7:L180:para:s3 [0c8cf23652]
    **An open finding of that correction:** 0x30 is both supervisor 1's status address and the TPS23861's broadcast address, which every TPS23861 answers whatever its A3 pin says, so a transaction the controller means for the supervisor reaches the PoE controller too.
    names: gates=supervisor
PANEL.md#7:L180:para:s4 [108d13c557]
    The broadcast address is fixed in the TPS23861, so it is supervisor 1's address that has to move, in the supervisors' firmware.
    names: gates=supervisor
PANEL.md#7:L180:para:s5 [5b976a9345]
    **Closed 27 September 2026 as a firmware contract (I3-F01, board B round 8, the block `ARCHITECTURE.md` section 5.5 records):** the supervisors answer at 0x34, 0x35 and 0x36; the bus is unchanged, and the panel firmware never writes 0x30 except to address every TPS23861 at once.
    names: boards=board B
PANEL.md#7:L180:para:s6 [ccaf6c5062]
    Three firmware-bearing supervisors share this bus with the secure element; only the panel controller is to command it (firmware rule Z-C3 of `feasibility/ZEROIZE.md`, residual R7).
    names: refs=R7
PANEL.md#7:L182:para:s1 [aedcd950db]
    **Speed, pull-ups and capacitance (27 September 2026, `HW-FW-CONTRACT.md` section 6).** The controller runs the bus in Standard-mode, 100 kHz programmed and at least 90 kHz achieved, the clock `feasibility/ZEROIZE.md`'s time budget holds at (FW-K01).
    names: gates=pull-ups
PANEL.md#7:L182:para:s2 [4ff7998807]
    The pull-ups are 2.2 k on B16 (`R54`, `R55`) and 2.2 k here (`R7`, `R8`), with the KSZ9897R's internal 58 k: 2.94 mA at 0.4 V from the top of the 3.3 V tolerance, against the 3 mA the weakest targets are rated to sink at 0.4 V (the minimum their datasheets state), so they cannot be made stronger, and no participant enables an internal pull-up (FW-K02).
    names: refs=R54,R55,R7,R8; boards=B16; gates=enables,pull-up,pull-ups
PANEL.md#7:L182:para:s3 [385ae55b43]
    Four targets state a 300 ns rise at any clock (the BQ25731, the TPS23861, the ATECC608B and board D's round 8 ADS1115), and as one segment the bus cannot meet it: its pins and ribbons alone exceed the limit at their published maxima (finding HF-F01).
    names: boards=board D
PANEL.md#7:L182:para:s4 [919c0ea875]
    The session took three segments behind two TCA9517A (SC-HF-02): A22's targets and D8's behind one on A22, the three supervisors, the PoE controller and the Ethernet switch behind one on B16 that this controller opens only for its own transactions to them and closes before every secure-element transaction (FW-K05).
    names: refs=D8; boards=A22,B16,D8
PANEL.md#7:L182:para:s5 [b368b57fd0]
    Owed on A22 and B16; until drawn, HF-F01 stands.
    names: boards=A22,B16
PANEL.md#7:L184:para:s1 [0129fb0216]
    The sensor board inside E6 (BME688 at 0x76 and the IMU at 0x68 on its own bus) belongs to the sensor controller, a second RP2040 that is another USB device; its addresses never appear on the kit bus.
    names: boards=E6
PANEL.md#7:L184:para:s2 [c2b91e4453]
    With the ribbon unplugged the kit fails safe on transmit: A22 pulls `EMCON_HW` low (`R102`, as B16 does with `R58`) and A22, B16 and D8 pull `TX_INHIBIT_n` low (`R145`, `R59`, `R2`), so every EMCON gate closes and the PA cannot key; A22 pulls `ZEROIZE_HW` high (`R117`, no wipe) and `SHORE_INHIBIT` low (`R118`, the inputs run).
    names: refs=D8,R102,R117,R118,R145,R2,R58,R59; nets=EMCON_HW,SHORE_INHIBIT,TX_INHIBIT_n,ZEROIZE_HW; boards=A22,B16,D8; gates=gate
PANEL.md#7:L184:para:s3 [1d4232681d]
    The slot enables are pulled low on A22, so no compute module runs.
    names: boards=A22; gates=enables,pulled low
PANEL.md#7:L184:para:s4 [73da5fc77a]
    A kit without its panel neither computes nor transmits, and its charger has no host: at best the pack gains the host-free 256 mA less board E's always-on draw (section 10).
    names: boards=board E
PANEL.md#9:L201:para:s1 [ba3a95b6c7]
    Controls: TEST / ACK short press = acknowledge (flashers to steady, sounder muted, MSG cleared, battery bar 5 s); hold 2 s = lamp test (all seventeen controller-lit indicators for 3 s, a chirp, the battery bar after: the sixteen panel LEDs `D1` to `D16`, the TX lamp `D3` among them through its tie `D17`, and the PI button's ring; the MAIN and TEST rings are lit whenever the LED rail is present and are not the controller's to test, and the controller's status LED `D18` sits on the board, not in the face; reconciled 27 September 2026, S-39: the "17" was right; section 1 counts the face's LEDs, `D1` to `D16` and, since round 8, the hardware EMCON lamp `D22`, which is not among these seventeen: as drawn no expander and no test tie reaches it, so the lamp test cannot light it and setting EMCON is its test, section 4); hold 5 s within 60 s of a "show QR" request from the touch UI = the e-paper shows the enrolment QR while held.
    names: refs=D1,D16,D17,D18,D22,D3
PANEL.md#9:L203:para:s1 [b7ee9bd83e]
    E-paper (PDi E2370KS0C1, 416 x 240, iTC controller, PDi's driving note rev 02): idle page with callsign, battery and shore state, GPS fix, UTC time, last inbound message, bearer chips and the slot health; refresh at most once a minute, full refresh once an hour and after ZEROIZE; the QR carries an enrolment URL plus a one-time code, never key material; the controller powers the display down through `EPD_PWR_n` between refreshes (the boost stage runs only while `BUSY` is high) and polls `BUSY` before every command.
    names: nets=EPD_PWR_n
PANEL.md#9:L205:para:s1 [f6d813396d]
    **SOS indications (S-32's operator half; taken by the session on 27 September 2026 under the owner's standing rule of 26 September 2026, `CONOPS.md` section 7a).** Armed (the toggle closed 2 s): SOS ACTIVE (`D4`) flashes at 1 Hz, MASTER WARN flashes, the sounder runs its SOS pattern, and the e-paper shows "SOS ARMED" with the UTC time.
    names: refs=D4
PANEL.md#9:L205:para:s2 [3e9e9f47d5]
    Sent: `D4` goes steady once the message has been handed to a bearer, the sounder pattern ends, and the e-paper lists each bearer and recipient as the message goes, with the position sent (the LG290P's fix, or the last fix with its age when none is current); MASTER WARN stays until acknowledged.
    names: refs=D4
PANEL.md#9:L205:para:s3 [6e81e4a9e9]
    Queued under EMCON: `D4` keeps flashing, nothing transmits (D-10), and the e-paper shows "SOS QUEUED: EMCON ON, OPEN EMCON TO SEND".
    names: refs=D4
PANEL.md#9:L205:para:s4 [b84bc1b43e]
    No host for the panel (the panel controller's bank without a module, which is bank 1 as board B is generated and bank 3 once board B carries BANK-R1, `CONOPS.md` section 4c; or no module running): the controller shows it by itself, with no bridge: `D4` flashes at 4 Hz, MASTER WARN flashes, and it writes "SOS NOT SENT: NO HOST" on the e-paper.
    names: refs=D4; boards=board B
PANEL.md#9:L205:para:s5 [4f2665c0ff]
    Cancelled (the toggle returned): `D4` goes dark and the e-paper shows "SOS CANCELLED" with the time; a message already sent is followed by a cancellation notice to the same recipients over the same bearers, under the same EMCON rule.
    names: refs=D4
PANEL.md#9:L207:para:s1 [1bc7026f6e]
    Complete (both key-encryption keys destroyed and verified, the journal's DONE record): the sounder sounds continuously for 3 s, MASTER WARN goes steady, and the e-paper is fully refreshed to "ZEROIZED" with the UTC time and "KEYS DESTROYED AND VERIFIED", a page it keeps with the power off; the slots stay off while the toggle stays closed.
    names: gates=and
PANEL.md#10:L213:para:s1 [9e86900b5a]
    `SHORE_INHIBIT` (controller GPIO 20, ribbon pin 26) reaches A22 through B16 and the dock strip E6 through A22's block: high = the shore and vehicle inputs are held off at the front end, so nothing charges.
    names: nets=SHORE_INHIBIT; boards=A22,B16,E6,the dock strip
PANEL.md#10:L213:para:s2 [eb466c8d5a]
    As generated since `458b2873` the charger's cell-count strap is `R26` 13.3k over `R27` 40.2k, 75.1 % of VDDA, inside the BQ25731's 4S window of 68.4 to 81.5 % (ChargeVoltage 16.8 V, SYSOVP and VSYS_MIN at their 4S defaults; TI SLUSE66A 8.5 and Table 9-2; `gen_sch_a.py:764-771` at `45bde541`), and the kit's loads sit on the charger's system node VSYS (the net `VBAT`), with the pack beyond the charge shunt `R17` and the 25 A blade `F1`, TI's own topology (SLUSE66A Figure 10-1; `gen_sch_a.py:18-48`).
    names: refs=F1,R17,R26,R27; nets=VBAT; rails=VBAT,VSYS; gens=gen_sch_a.py:764-771,gen_sch_a.py:18-48
PANEL.md#10:L213:para:s3 [b91071c95b]
    That trickle goes to the pack alone, less board E's always-on draw, which sits on the pack side: a kit with a crashed panel is carried by shore at idle and its pack is held rather than charged (`review-packets/battery/CHARGER-STATE-SEQUENCE.md` sections 2 and 4 to 6).
    names: boards=board E
PANEL.md#10:L213:para:s4 [cba542e37a]
    **Corrected 26 September 2026 (S-07):** this paragraph said the strap selected 2S (`R26` 60.4k) and that the 256 mA fed the loads and the pack together, which was the circuit before `458b2873`.
    names: refs=R26
PANEL.md#10:L213:para:s5 [a9c858ec0a]
    The bridge asks the controller to assert it when the pack temperature (the pack gauge's own thermistor, read by the sensor controller on E6 and reported over USB) is below 0 C, when the operator sets "no charge", and clears it with hysteresis (charge again above 3 C).
    names: boards=E6
PANEL.md#10:L213:para:s6 [bc41670bc5]
    SHORE shows the charger's input-present bit, CHARGING its charge-in-progress bit; the pack is a built 4S smart pack with its own SMBus gauge, read by the sensor controller on E6 (not by the charger), so the battery bar comes from the pack's state of charge as the sensor controller reports it.
    names: boards=E6
PANEL.md#10:L213:para:s7 [f1f111b885]
    As generated since `faf8c981` that path exists: both ends of the pack's SMBus lead are the same JST-XH 1x4 in the pack board's order (1 SMBC, 2 SMBD, 3 the pack's own negative lead, 4 PRES), so a straight four-way lead mates them, and `check_contracts.py` checks the lead as a cross-board contract (ASSEMBLY.md section 4).
    names: boards=the pack board
PANEL.md#10:L213:para:s8 [d1a6b91d38]
    **Corrected 26 September 2026:** this paragraph said E6's end was a 2.54 mm 1x6 header that no lead mated, which was true before `faf8c981`.
    names: boards=E6
CONOPS.md#2a:L107:para:s1 [ad42c9eb94]
    The second pack has no location found yet: no pack is expected to fit the 160 mm west pocket as the board set stands (INFERRED from the committed board B underside, `v2/ecad/tools/panel1450.py` line 23, against the pocket of appendix 32.62; no case measurement is owed since the owner reversed D-08 on 26 September 2026), and the pack ruling D-06 of 26 September 2026 sets one pack in the east pocket, with missions longer than it relying on vehicle or solar input.
    names: boards=board B; gens=panel1450.py
CONOPS.md#2a:L116:cell:2:s1 [82d7099fad]
    `ARCH-PCB-B-IOHA.md` acceptance tests A1 to A14
    names: boards=PCB-B
CONOPS.md#2a:L135:para:s1 [534549e3cc]
    **Which peripherals NEED-03 protects.** Every USB peripheral that `ARCH-PCB-B-IOHA.md` section 15 traces, each designed to move with its bank, and the kit-to-kit WiFi link, whose antennas move to the standby card (IOHA A11).
    names: boards=PCB-B
CONOPS.md#2a:L135:para:s2 [8b09cd80ae]
    The LoRa module (slot 3's SPI) and cellular data (slot 2's PCIe lane), which have no second path and go down with their module, are **NAMED EXCEPTIONS to NEED-03 for prototype 1**, as `ARCH-PCB-B-IOHA.md` sections 15 and 15a and appendix 32.366 record.
    names: boards=PCB-B
CONOPS.md#2a:L135:para:s3 [3118c4d8b8]
    **Settled by the session under the owner's standing rule of 26 September 2026 (SC-02, about 11:35 CEST):** making either bearer critical needs a second LoRa site or the 5G module moved to USB 3, and both change the floor plan of board B, the board that is not routed; the exceptions need no board B change, and without them the kit is designed to keep at least three of D-01's four messaging bearers through the loss of any one module (`ARCH-PCB-B-IOHA.md` section 15a).
    names: boards=PCB-B,board B
CONOPS.md#2a:L135:para:s4 [a3a4d07e30]
    Reverse by naming either bearer critical, which reopens board B's floor plan.
    names: boards=board B
CONOPS.md#M2:L220:para:s1 [782f2efe06]
    **Defined 27 September 2026 (section 4c):** the reduced mode runs two modules, slots 2 and 3, because no single slot can host the owner's example set with the SOS path as board B is generated (Iridium and the panel controller hang on bank 1, whose hosts are slots 1 and 2; the LoRa module is on slot 3's SPI; `ARCH-PCB-B-IOHA.md` sections 4 and 15); it carries GNSS, the LoRa mesh, Iridium, APRS beacons, the SOS path and 5G, with the monitor off.
    names: boards=PCB-B,board B
CONOPS.md#M4:L250:para:s1 [378a24dccc]
    **Must hold:** once EMCON is closed, every transmitter's output falls below the pass line within its row's maximum latency L_max and stays there while EMCON stays closed, by a path that needs no software (NEED-08): 1 s for every radio but the 5G module; for a 5G module that has been turned on, 20 s (REQ-071), where since board B's round 8 the design removes its supply by hardware at once, RF off within about 1.2 ms plus 1.8 ms per mF of the module's input capacitance (TBD, bench E-12), a local reading and not an end-to-end one; 0 at power-up under EMCON (section 4b.1, `feasibility/EMCON.md` section 5a).
    names: boards=board B
CONOPS.md#M4:L250:para:s2 [1922b27e39]
    **Ruled (D-05, 26 September 2026): radios dark.** Every radio with an emission path is powered off or RF-disabled in hardware; the VHF path keeps listening because its gate is on the transmit side only; GNSS, DCF77 and the lightning sensor continue.
    names: gates=gate
CONOPS.md#4:L308:cell:1:s1 [66dbfeded9]
    MAIN PWR held (hardware lead to board A's power controller)
    names: boards=board A
CONOPS.md#4:L308:cell:3:s1 [42a39f0c30]
    board A's 3.3 V and the shared device rail come up; the panel controller boots, reads the ZEROIZE toggle (`ZEROIZE_SW`) and completes any pending wipe (D-03), then raises `SLOT_EN1..3`; LED rail dark until firmware is up; `SHORE_INHIBIT` low
    names: nets=SHORE_INHIBIT,SLOT_EN1,SLOT_EN2,SLOT_EN3,ZEROIZE_SW; boards=board A
CONOPS.md#4:L308:cell:4:s1 [1a6b46e4c8]
    every slot stays off until the panel controller raises its enable (pull-downs on board A); a slot with a flat heartbeat after 60 s is marked faulty, cycled once, then left off
    names: boards=board A; gates=enable,pull-downs
CONOPS.md#4:L308:cell:5:s1 [fe0dc4bdbe]
    HW power path, FW slot enable and supervision
    names: gates=enable
CONOPS.md#4:L308:cell:8:s1 [078d294b3f]
    cold start from a pack below about -10 C at the cells is out of scope (D-02d); the fixes this cell used to name are in board A's schematic since `458b2873`: the device rail's enable is pulled up to board A's 3.3 V (`R42`, `gen_sch_a.py` line 887), the power controller's KILL input is pulled to 3.3 V (`R4`) and the 3.3 V buck's EN sits on a divider from the pack that reaches at most 4.7 V at 16.8 V (`R2` over `R184`, lines 260 and 261), the software enables are held off, and the charge inhibit released, by 4.7 k pull-downs until the firmware writes the expanders (lines 763, 1009, 1112 and 1125), and the monitor and heater eFuses trip at about 17.6 to 19.0 V (143 k over 10 k, lines 1041 to 1064); the power-up calculation of every enable at requirement level is owed (CON-014 of the registry); rail sequencing, inrush and hot-plug bounds (rule PWR-002): **TBD**; a kit whose pack is in the gauge's shutdown starts only once an input has woken the gauge (Transport and Storage rows); the panel controller cannot know the lid's state at start-up (the reed lands on the sensor controller alone, `gen_sch_e.py` lines 524 to 542, and the sensor controller reaches a module only as a USB device on bank 3), so it raises all three slots at every start-up, and a kit started with its lid closed enters the reduced mode by the normal route once the bridge has read the lid (section 4c).
    names: refs=R184,R2,R4,R42; boards=board A; gates=enable,enables,pull-downs,pulled up; gens=gen_sch_a.py,gen_sch_e.py
CONOPS.md#4:L313:cell:3:s1 [98554054a3]
    the BQ25731 (its cell-count strap at 4S since `458b2873`, `gen_sch_a.py` lines 764 to 771) regulates the charge into the 4S pack beyond its sense resistor `R17`, and the kit's loads sit on the charger's system node (VSYS, the net `VBAT`, lines 18 to 48), so shore carries the loads up to the charger's input limit and the pack supplies above it; board E's always-on domain (the sensor controller and the fans) sits on the pack side and shares the charge current
    names: refs=R17; nets=VBAT; boards=board E; rails=VBAT,VSYS; gens=gen_sch_a.py
CONOPS.md#4:L313:cell:4:s1 [401c2f5c6f]
    charge held off by the pack gauge outside 0 to +45 C at the cells (the over-temperature half acts on the charge FET only with the golden image's OTFET bit set, `review-packets/battery/CHARGER-STATE-SEQUENCE.md` section 3; the bridge clears its own hold above +3 C); once armed, board P's second level opens the chemical fuse at its fixed 70 C over-temperature, a backstop; the front end held off by `SHORE_INHIBIT`; the charger held off by `CHG_INHIBIT`; the heater mat warms the pack in the cold
    names: nets=CHG_INHIBIT,SHORE_INHIBIT; boards=board P
CONOPS.md#4:L313:cell:8:s1 [f17b893792]
    without its host the charger's input limit is about 31 W at the 20 V bus, near the kit's idle load, and its charge current is 256 mA (SLUSE66A section 9.3.21.1: on a watchdog timeout "ChargeCurrent() resets to 256 mA"; TI's answer on its start-up value, E2E thread 1316778 of 23 January 2024, https://e2e.ti.com/support/power-management-group/power-management/f/power-management-forum/1316778/bq25731-bq25731-chargecurrent-start-up-behavior; whether it charges before any host write, bench confirmation owed), of which board E's always-on draw takes about half, so a hostless kit's pack is held rather than charged (`CHARGER-STATE-SEQUENCE.md` section 6); the 4 A charge setting is to be lowered for cell life on the ruled 4S3P pack (a session item under D-06); charge current and time: **TBD**.
    names: boards=board E
CONOPS.md#4:L315:cell:1:s1 [835e712c2f]
    `SW_EMCON` closed (locking toggle)
    names: refs=SW_EMCON
CONOPS.md#4:L315:cell:4:s1 [7f1fe39d10]
    radios dark (owner ruling D-05), as section 4b: power removed from the SDR, the RockBLOCK (its ENABLE forced low as well), the LoRa module, both E72, the HF unit and the two WiFi link cards; the compute modules' own WiFi and Bluetooth disabled through open drains; the 5G module's supply removed by hardware with its disable pins pulled low at the same moment (since board B's round 8, section 4b); the PA rail and keying off; software holds every send, an SOS included
    names: boards=board B; gates=open drains,pulled low
CONOPS.md#4:L315:cell:5:s1 [da066b5a32]
    HW for the gated rails, the module radio disables, the RockBLOCK's ENABLE and the VHF keying; the RockBLOCK stays powered on its own stored energy after its supply gate opens, and what it does when its ENABLE falls is in no held document (`feasibility/EMCON.md` sections 4.4 and 4c); SW hold on top
    names: gates=gate,gated
CONOPS.md#4:L315:cell:8:s1 [7778cb996e]
    session work owed under D-05 (S-01), each with its dependency in `feasibility/EMCON.md` section 4d.5: the Iridium 9704's response to its ENABLE (a maker's document, or bench E-04); `U536`'s residual race and the band of `U{s}12` to `U{s}15` (E-11); the SA868's PTT threshold (bench E-01, S-92); row 3's ground on board A in the LM5176's shutdown (S-93); RF-002's walk classes for set 12's new parts (a tools item); the hardware EMCON lamp's plate light guide (S-44; the lamp is drawn on board C since its round 8); every row's radio-side latency (E-01 to E-10, E-12); twelve bench tests, none of them with the kit's own SDR (EMCON.md section 6).
    names: refs=U112,U115,U212,U215,U312,U315,U536; boards=board A,board C
CONOPS.md#4:L315:cell:8:s2 [1902260ba4]
    Drawn and closed at desk: the 5G module's staged supply removal since board B's round 8 (SD-EMC-1r8), the RockBLOCK's ENABLE in hardware and the enable dividers of `U501` to `U504` since stream w4b, and the back-feed paths into the RockBLOCK, the E22 and the E72 since set 12 (EMCON.md sections 4c and 4d).
    names: refs=U501,U504; boards=board B; gates=enable
CONOPS.md#4:L319:cell:1:s1 [cdb29268ee]
    `SW_ZERO` held closed 5 s (covered locking toggle), the only trigger (owner ruling D-03: the case-open or lid switch logs only; a remote wipe is deferred)
    names: refs=SW_ZERO
CONOPS.md#4:L319:cell:5:s1 [8f0b7a3857]
    FW and provisioning: the covered toggle pulls a net local to board C that only the panel controller reads (`ZEROIZE_SW`, GPIO22), and the buffer `U12` copies it onto `ZEROIZE_HW`, which runs over the ribbons to a 10 k pull-up on board A (`R117`) and to test pads on boards B and D where no part listens (`gen_sch_c.py` lines 168 to 178 and 217, `gen_sch_a.py` line 1150, at `45bde541`; the buffer is the one board change, `faf8c981`), and the panel controller is also the kit I2C master that reaches the secure element; level-sensitive after a power loss: the toggle is read at boot before any slot powers and a wipe-pending record resumes the wipe
    names: refs=R117,U12; nets=ZEROIZE_HW,ZEROIZE_SW; boards=board A,board C,boards B and D; gates=buffer,pull-up; gens=gen_sch_c.py,gen_sch_a.py
CONOPS.md#4:L319:cell:8:s1 [20e78504cb]
    precondition: the fitted ATECC608B must let the wrapping keys be destroyed after its zones are locked; `feasibility/ZEROIZE.md` closes that at desk from Microchip's public documents (the full datasheet stays under NDA) and leaves the physical demonstration to bench experiments Z-EXP-A and Z-EXP-B (S-35), with the SLB 9673 TPM 2.0 on board B's `U8` site the fallback (a TPM 2.0 is what 32.50 item 5 already names): **TBD** until the bench; accepted residual risk (D-03): a drive unlocks at boot only through the secure element, the panel controller and the kit I2C bus
    names: refs=U8; boards=board B
CONOPS.md#4:L322:cell:1:s1 [2b8cdd90ff]
    face plate off (ten 6-32 screws, case choice C1 of `CASE-MARGINS.md` section 4), rod stack lifted off the blind-mate joint, pack out of its cradle
    names: refs=C1
CONOPS.md#4:L322:cell:5:s1 [2f097181b1]
    procedure (owner ruling D-14): before the lift the kit is off, the pack's XT60 unplugged and shore removed, and an insulating cap covers the dock block E5 while the stack is out
    names: boards=E5
CONOPS.md#4:L322:cell:7:s1 [9a868f70ce]
    `V2-SPEC.md` line 13; 32.50 items 2 and 16f; `ARCH-PCB-B-IOHA.md` section 2; `ASSEMBLY.md` sections 4 and 7
    names: boards=PCB-B
CONOPS.md#4:L322:cell:8:s1 [6b2997fde7]
    since `458b2873` the wall data path (bank 3's hub, port 3) leaves board A at `J_USBW` for the 233-370 with its own VBUS eFuse, and the USB-C outlet carries VBUS, CC1 and CC2 only (`gen_sch_a.py` lines 1012 to 1015 and 1151 to 1167); lifting the stack live is an accepted, recorded residual risk (D-14), and a hardware stack-present interlock is studied at Review D; test access list per board: **TBD** (foundation baseline, before placement); the first power-up of a built or rebuilt kit is the Commissioning row and section 4d
    names: refs=J_USBW; boards=board A; rails=VBUS; gates=efuse,interlock; gens=gen_sch_a.py
CONOPS.md#4a:L359:cell:1:s1 [5e56d89e4a]
    EMCON as generated since `458b2873` (section 4b): PS-TYP with the gated radios dark and both WiFi link cards unpowered (all three runtimes printed by `records/hc2/pwr_red2.py`, the 60 % one since pass 2)
    names: gates=gated
CONOPS.md#4b:L399:para:s1 [262d501aa1]
    Read from the committed netlists of integration set 12 (29 September 2026, MESHSAT-1357): board A `6c40250c47195ebb`, board B `3ef9b8c49a01b728`, board C `87b69472ac83ca5a`, board D `a2d48972d171aad1`.
    names: boards=board A,board B,board C,board D
CONOPS.md#4b:L399:para:s2 [10805ed533]
    Every gate, supply and net the rows below name was asserted on those netlists by `v2/docs/records/int13/apply_conops_4b_set12.py` before this text was written.
    names: gates=gate
CONOPS.md#4b:L399:para:s3 [b73681b892]
    The transmitter-by-transmitter record, with each state, fault and proof owed, is `feasibility/EMCON.md` section 4 (board B's round 8 in its section 4b, stream w4b in 4c, stream d4emcon's remedies of set 12 in 4d).
    names: boards=board B
CONOPS.md#4b:L399:para:s4 [726eb1c25e]
    "Asserted" means `SW_EMCON` closed: `TX_INHIBIT_n` goes low; on board C `U9` buffers it onto `EMCON_HW` through `R52` (330 Ohm) and `D23` clamps `EMCON_HW` to `TX_INHIBIT_n` (finding D4E-F1); board B inverts `EMCON_HW` once per slot into `EMCON_ON1..3` (high = asserted), each from that module's own 3.3 V (`U112`, `U212`, `U312`); board A gates its PA and HF rails on both lines.
    names: refs=D23,R52,SW_EMCON,U112,U212,U312,U9; nets=EMCON_HW,EMCON_ON1,EMCON_ON2,EMCON_ON3,TX_INHIBIT_n; boards=board A,board B,board C; gates=gates,inverts
CONOPS.md#4b:L410:cell:1:s1 [3abf66595f]
    the enable of the eFuse that feeds its USB VBUS, its only supply: `EMCON_HW` AND the hub's port power AND the software enable (`U501`, `U502`)
    names: refs=U501,U502; nets=EMCON_HW; rails=VBUS; gates=and,efuse,enable
CONOPS.md#4b:L411:cell:1:s1 [fca7d9ce89]
    the enable of the eFuse that feeds its external supply pin, the only supply wired (`RB_EN` = `EMCON_HW` AND `RB_SW_EN`, `U503`); its ENABLE, forced low in hardware since stream w4b: `U536` drives it as `EMCON_HW` AND the firmware's request `RB_SW_IEN`, through `R532` since set 12, and `U543`, a TPS3808G30 supervisor powered from `+5V_DEV` that watches `+3V3_DEV`, holds it low below 2.79 V; since set 12 the module's RXD and P_EN inputs pass only while `RB_GO` = `RB_IEN` AND its `I_BTD` status (`U537`, `U538`, `U539`; `feasibility/EMCON.md` sections 4c and 4d)
    names: refs=R532,U503,U536,U537,U538,U539,U543; nets=+3V3_DEV,+5V_DEV,EMCON_HW,RB_EN,RB_GO,RB_IEN,RB_SW_EN,RB_SW_IEN; rails=+3V3_DEV,+5V_DEV; gates=and,efuse,enable,supervisor
CONOPS.md#4b:L411:cell:2:s1 [718784cd36]
    power at that pin, and the ENABLE; the module's own two 10 F supercapacitors (about 16 J) keep it powered after the supply gate opens, and what it does when ENABLE falls is in no held document, so its local chain stays OPEN (`feasibility/EMCON.md` sections 4.4 and 4c)
    names: gates=gate
CONOPS.md#4b:L412:cell:1:s1 [30107ef297]
    the enable of the load switch that feeds its VCC pins (`E22_EN` = `EMCON_HW` AND `LORA_ON`, `U504`); since set 12 its TXEN, RXEN, NRST and SPI inputs pass slot 3's lines only while that enable is high: `LORA_GO`, a copy of `E22_EN` on slot 3's own 3.3 V (`U544`), gates `LORA_TXEN` into TXEN (`U546`), `LORA_RXEN` into RXEN (`U545`) and NRST, MOSI, SCK and NSS (`U547` to `U550`), TXEN and RXEN held low by 100 k (`R542`, `R543`; `feasibility/EMCON.md` section 4d)
    names: refs=R542,R543,U504,U544,U545,U546,U547,U550; nets=E22_EN,EMCON_HW,LORA_GO,LORA_ON,LORA_RXEN,LORA_TXEN; gates=and,enable,gates,load switch
CONOPS.md#4b:L413:cell:1:s1 [690c3d3e10]
    the enable of the load switch that feeds both (`E72_EN` = `EMCON_HW` AND `ZB_ON`, `U505`, into `U22`); since set 12 the host's receive, reset and boot-select lines reach them only through open-drain buffers (`U540` to `U542`), the receive lines pulled up to the modules' own switched rail `+3V3_ZB` (`R536`, `R537`; `feasibility/EMCON.md` section 4d)
    names: refs=R536,R537,U22,U505,U540,U542; nets=+3V3_ZB,E72_EN,EMCON_HW,ZB_ON; rails=+3V3_ZB; gates=and,enable,load switch,open-drain,pulled up
CONOPS.md#4b:L414:cell:1:s1 [0cad4d90e9]
    the enable of its 3.3 V buck (`U203`): `S2A_EN` = `EMCON_HW` AND `PCIE_PWR_EN2`, driven by `U216` from slot 2's own 5 V since stream w4b; its FULL_CARD_POWER_OFF# pulled low by `U220` from `EMCON_ON2`, and held low by `U221`, a TPS3808G30 on the buck's output, through `U554` while that rail comes up (finding D4E-F2, set 12); its W_DISABLE1# pulled low by `U215` from `EMCON_ON2`; its socket rail discharged through 15 Ohm (`Q212`, `R295`)
    names: refs=Q212,R295,U203,U215,U216,U220,U221,U554; nets=EMCON_HW,EMCON_ON2,PCIE_PWR_EN2,S2A_EN; gates=and,enable,pulled low
CONOPS.md#4b:L415:cell:1:s1 [4f988b639f]
    the enable of each card's 3.3 V buck: `S1A_EN` and `S3A_EN` = `EMCON_HW` AND the slot's `PCIE_PWR_EN`, driven by `U116` and `U316` from the slot's own 5 V since stream w4b; each card's W_DISABLE1#, pulled low by `U115` and `U315` from `EMCON_ON1` and `EMCON_ON3`
    names: refs=U115,U116,U315,U316; nets=EMCON_HW,EMCON_ON1,EMCON_ON3,S1A_EN,S3A_EN; gates=and,enable,pulled low
CONOPS.md#4b:L416:cell:1:s1 [0a33265e16]
    the KEY gate on board D (`KEY` = `PTT_ANY` AND `TX_INHIBIT_n`, `U12`) and, through it, the PA's keying (`PA_KEY` = `KEY` AND `PA_EN`, `U14`); the PA rail on board A (`PA_EN` = `TX_INHIBIT_n` AND `EMCON_HW` AND the software hold `PA_HOLD`, `U35` and `U36` on their own supply `+3V3_EMCON`; `feasibility/EMCON.md` section 4a); the exciter's supply is not gated and the resting relay joins antenna to exciter
    names: refs=U12,U14,U35,U36; nets=+3V3_EMCON,EMCON_HW,KEY,PA_EN,PA_HOLD,PA_KEY,PTT_ANY,TX_INHIBIT_n; boards=board A,board D; rails=+3V3_EMCON; gates=and,gate,gated
CONOPS.md#4b:L417:cell:1:s1 [58a2b95587]
    the enable of the converter that feeds its DC input (`HF_EN` = `TX_INHIBIT_n` AND `EMCON_HW` AND the software hold `HF_HOLD`, `U37` and `U38` on `+3V3_EMCON`); its USB supply is not gated
    names: refs=U37,U38; nets=+3V3_EMCON,EMCON_HW,HF_EN,HF_HOLD,TX_INHIBIT_n; rails=+3V3_EMCON; gates=and,enable,gated
CONOPS.md#4b:L418:cell:1:s1 [674fed0ea8]
    each module's WL_nDisable and BT_nDisable, only ever pulled low, by open-drain outputs run from the module's own 3.3 V: `U{s}13` from `EMCON_ON{s}` and `U{s}14` from the software request
    names: refs=U113,U114,U213,U214,U313,U314; gates=open-drain,pulled low
CONOPS.md#4b:L421:para:s1 [6688b32a1a]
    **Owner ruling D-05 (26 September 2026): EMCON means radios dark, as generated and completed.** Every radio with an emission path is powered off or RF-disabled in hardware; the VHF path keeps listening because its gate is on the transmit side only; GNSS, DCF77 and the lightning sensor continue.
    names: gates=gate
CONOPS.md#4b:L421:para:s2 [98a110f4dd]
    The 5G module's own GNSS receiver is not counted in the last row: the kit's position source is the LG290P, the module's GNSS ports (L5 on ANT1, L1 on ANT3, Quectel hardware design v1.1 Table 32) are fitted only in part under D-07, and whether W_DISABLE1# stops it is not established.
    names: refs=L1,L5
CONOPS.md#4b:L427:para:s1 [e85bb31663]
    The design record listed both switches under EMCON (appendix 32.55, line 2930: a supply switch for the 5G module and a converter enable for the WiFi card).
    names: gates=enable
CONOPS.md#4b.1:L432:para:s1 [d174af17a0]
    The table above says what each gate removes; `feasibility/EMCON.md` section 5a (SD-EMC-7, the session's, under the owner's standing rule) sets how fast and in which faults.
    names: gates=gate
CONOPS.md#4b.1:L432:para:s2 [26b3f934c1]
    From the instant the EMCON toggle's contact closes (`TX_INHIBIT_n` below 0.8 V at board C's TP10) to the instant a transmitter's conducted output at its antenna port falls below the pass line of `feasibility/EMCON.md` section 6, the time is at most that row's **L_max**, and the output stays below the line for as long as EMCON is asserted, by a path in which every element that bounds the time is hardware:
    names: refs=TP10; nets=TX_INHIBIT_n; boards=board C
CONOPS.md#4b.1:L442:cell:1:s1 [4f38a2cd34]
    Since board B's round 8 the design removes its supply by hardware at once, RF off within about 1.2 ms plus 1.8 ms per mF of the module's own input capacitance, which no held document states (bench E-12), the maker's flash warning accepted (SD-EMC-1r8, `feasibility/EMCON.md` section 4b); its W_DISABLE1# is pulled low at the same moment by `U215`, an airplane mode the module's firmware carries out, not counted
    names: refs=U215; boards=board B; gates=pulled low
CONOPS.md#4b.1:L444:para:s1 [f5b087cd8e]
    **The fault conditions it must hold in** (EMCON.md section 5a, F1 to F9): every processor that can reach the row held in reset; each of them unpowered; each running a wrong image; the radio's own firmware booting, hung or configured otherwise; the panel ribbon, `J_AB1` or `J_MEZZ1` unplugged; a logic rail lost or in its unspecified band; back-feed from every live signal; every store of energy on the radio's side of its gate full; and EMCON asserted at power-up, during a transmission, during a boot or restart, and through the contact's bounce.
    names: refs=F1,F9,J_AB1,J_MEZZ1; gates=gate
CONOPS.md#4b.1:L444:para:s2 [07ffe0084f]
    **Excluded:** a fault of the one element every row shares (the toggle's contact, the `TX_INHIBIT_n` conductor), which the hardware EMCON lamp `D22` shows without firmware; the lamp is drawn on board C since its round 8, and its light guide in the face plate is owed (CON-021, S-44).
    names: refs=D22; nets=TX_INHIBIT_n; boards=board C
CONOPS.md#4e:L872:para:s1 [05689078be]
    The four whole-kit common modes (ASM-002: the device rails, the `J_PANEL` ribbon, the Ethernet switch, the kit I2C bus) are here with their behaviour; whether each is mitigated or kept as a named exception is decided at Review C (S-36), not here.
    names: refs=J_PANEL
CONOPS.md#4e:L879:cell:1:s1 [c20f2e4cda]
    one bank has no host (`ARCH-PCB-B-IOHA.md` section 4); as generated, with slots 1 and 2 both lost, bank 1 and with it Iridium, the panel's USB link and so SOS have no host, and slot 3 cannot unlock a drive at its next boot (`feasibility/ZEROIZE.md` section 3.3); after BANK-R1 (section 4c) the pair that leaves SOS without a host is slots 3 and 1, and Iridium then stays on slot 2
    names: boards=PCB-B
CONOPS.md#4e:L880:cell:0:s1 [48f03d5cb4]
    a supervisor lost
    names: gates=supervisor
CONOPS.md#4e:L881:cell:1:s1 [7d60fee70d]
    as generated, `SLOT_EN1..3` fall to their pull-downs and every module stops (`ARCH-PCB-B-IOHA.md` section 10); EMCON, MAIN PWR and the TX lamp act without it; the charger loses its host and falls to 256 mA after its watchdog (`PANEL.md` section 10); no SOS, no ZEROIZE until it runs again
    names: nets=SLOT_EN1,SLOT_EN2,SLOT_EN3; boards=PCB-B; gates=pull-downs
CONOPS.md#4e:L881:cell:3:s1 [0f2685fa36]
    its watchdog restarts it, and it runs the boot order again and powers the slots (every module cold-boots); the hold of `SLOT_EN` across a controller restart is a layer-5 design item still owed (board C or A)
    names: boards=board C
CONOPS.md#4e:L882:cell:1:s1 [2872504a3c]
    every EMCON gate closes, the PA cannot key, no module runs, the charger has no host (`PANEL.md` section 7)
    names: gates=gate
CONOPS.md#4e:L883:cell:0:s1 [b9f6eebae8]
    a device rail lost (`+5V_DEV` or `+3V3_DEV`, one converter each on board A)
    names: nets=+3V3_DEV,+5V_DEV; boards=board A; rails=+3V3_DEV,+5V_DEV
CONOPS.md#4e:L883:cell:1:s1 [a8a12c6168]
    every bank's hub and peripheral is lost; a loss of `+3V3_DEV` releases every EMCON gate hung on `EMCON_ON` or on a slot's `U{s}11` (EMCON.md L3, open under S-01)
    names: refs=L3,U111,U211,U311; nets=+3V3_DEV; rails=+3V3_DEV; gates=gate
CONOPS.md#4e:L884:cell:1:s1 [6c5f98fafe]
    the modules lose each other and the wall port; a module that does not host bank 1 cannot unlock its drives at boot (`feasibility/ZEROIZE.md` R4)
    names: refs=R4
CONOPS.md#4e:L885:cell:1:s1 [e1dfc415de]
    the secure element, the charger, the supervisors' status and board A's expanders are unreachable; drives do not unlock at boot; a wipe that is due cannot be proven, so the slots stay off (fail secure, `feasibility/ZEROIZE.md` section 3.5)
    names: boards=board A
CONOPS.md#4e:L886:cell:1:s1 [e58fe90ad4]
    the mixer fans' tachometers are read by the sensor controller (`gen_sch_e.py` line 503); the cooler fans' are **TBD**; the inside air rises and C1 sheds; on 32.53's still-air figure PS-TYP at +20 C brings the air to about +50 C, where C1 acts (`feasibility/POWER-THERMAL.md` section 9.2)
    names: refs=C1; gens=gen_sch_e.py
CONOPS.md#4e:L886:cell:2:s1 [2cdcdadf40]
    MASTER CAUT "FAN n" for a mixer fan; the C1 indications
    names: refs=C1
CONOPS.md#4e:L887:cell:1:s1 [48a9631e39]
    designed: the bridge shuts every module down, the panel asserts `SHORE_INHIBIT`, and the sensor controller puts the pack in the gauge's shutdown, so the kit is dark and isolated; the threshold is **TBD**, and the path from the sensor to the pack is REQ-042's (the gauge's SMBus shutdown the sensor controller already sends is the one the design has); in the heat stage as board B is generated bank 3 has no host, so the bridge does not learn of it, and what the sensor controller does on its own then is a firmware contract item (**TBD**)
    names: nets=SHORE_INHIBIT; boards=board B
CONOPS.md#4e:L890:cell:1:s1 [cee55e9271]
    the hot stop (section 4c): at +56.5 C, the hottest cell as the gauge reads it, every module shut down cleanly and the switched loads and the charge held off (H1); at +57.0 C the kit shut down by `PI_KILL` (H2); behind it the gauge's OTD and the destructive backstops
    names: nets=PI_KILL
CONOPS.md#4e:L891:cell:1:s1 [b0cc968749]
    the panel controller applies the hot stop's two steps to board B's `TMP117` (+55.0 and +56.0 C) and falls back to the reduced mode with the outlets off; a line shorted to ground reads as H2 and stops the kit
    names: boards=board B
CONOPS.md#4e:L893:cell:0:s1 [67da32c859]
    a permanent pack protection (the second level or the gauge blows F2; the PTC trips)
    names: refs=F2
CONOPS.md#4e:L895:cell:0:s1 [0d119cbc54]
    a push to talk held, or board D's CP2102N RTS line stuck, while the panel controller and the bridge are hung (`feasibility/POWER-THERMAL.md` PWR-F16, round 8, on main since `53a98a71`)
    names: boards=board D
CONOPS.md#4e:L895:cell:1:s1 [a519c88ba6]
    board D's KEY follows the held line in hardware, so the PA stays keyed: K1's 60 s, K2 and C4 are firmware, and nothing in hardware ends the key-down or bounds the flange (PWR-F15)
    names: refs=C4,K1,K2; boards=board D
CONOPS.md#4f:L901:para:s1 [66725c9ccc]
    The heat stage has two columns: its required set, which board B carries once BANK-R1 is in its generator (slot 3), and what board B as generated gives (slot 2), with its shortfall marked (section 4c).
    names: boards=board B
CONOPS.md#4f:L907:cell:5:s1 [af87eaaf24]
    held (dark: its supply removed by hardware at once since board B's round 8, section 4b)
    names: boards=board B
CONOPS.md#4f:L914:cell:1:s1 [4fcc861597]
    the gauge and board P's second level in every mode, PS-SHUT included (the second level destructively, above the cells' limit); past the heat stage, the hot stop on the cells' measured temperature in every mode and on every input state (firmware; HOT-R1 owed on boards A and E, section 4c)
    names: boards=board P,boards A and E
CONOPS.md#5:L920:para:s1 [6fb0e1ba5d]
    **The rule the hardware is designed to:** no transmit serialisation is required; every transmitter may key at once (owner ruling of 4 September 2026, appendix line 2337, restated at line 2465), **bounded since 26 September 2026 by owner ruling D-11**: all at once for a declared key-down time above a declared state of charge, with the outlets at their minimum contract, which is **0 W, the outlets off** (the session's reading of D-11, section 7a; it is what the hardware interlock below does and what `feasibility/POWER-THERMAL.md` assumes).
    names: gates=interlock
CONOPS.md#5:L920:para:s2 [b0cda524e0]
    The session set the thresholds (session choice SC-10 of the requirements registry and the key-down rules K1 to K5 with the in-key guard C4 of `feasibility/POWER-THERMAL.md` sections 7.2 and 9.3), and since 27 September 2026 they are requirement REQ-018's pass lines (the layer-3 closer's session choice on D-11's declared values): every transmitter at once only above a pack rest voltage of 15.5 V, the PA keyed alone only above 12.4 V and never below it (the operator is told); every PA key-down, all-transmit or alone, **at most 60 s** with at least 2 s between key-downs (K1), started only with every cell at most +55 C, the inside air at most +50 C and the PA's flange at most +75 C (K2) and the pack current at most 9.0 A (K3), with the outlets, the pack heater and the standby WiFi card off (K4), and ended early above 18 A, below 2.70 V on any cell or at +85 C on the flange (C4).
    names: refs=C4,K1,K2,K3,K4,K5
CONOPS.md#5:L920:para:s3 [403303aa15]
    Whether the design meets them is feasibility blocker FEA-004's, not an open requirement: the pack chain has to carry its short-time rating at 18 A for 60 s (PWR-F12) and the flange reading has to hold (PWR-F15; the sensor drawn on board D in round 8, on main since `53a98a71`, and read by firmware), and if FEA-004 closes in failure these values reopen; until then one key-down from a +50 C plate is bounded at about 30 s on the record's own figure, and repeated key-downs are OPEN (`feasibility/POWER-THERMAL.md` PWR-F15).
    names: boards=board D
CONOPS.md#5:L920:para:s4 [360270daa1]
    The hardware interlock that drops the outlets while the PA keys, which the design record asks for (32.55 line 2932), is on board A since `458b2873`: `U30` forms OUTLET_OK = NOT (TR_APRS AND PA_EN), low while the PA keys, and two gates of `U26` give POE_EN = POE_SW_EN AND OUTLET_OK and PD_EN = PD_SW_EN AND OUTLET_OK (`gen_sch_a.py` lines 1088 to 1104 at `45bde541`).
    names: refs=U26,U30; nets=OUTLET_OK,PA_EN,PD_EN,PD_SW_EN,POE_EN,POE_SW_EN,TR_APRS; boards=board A; gates=and,gates,interlock; gens=gen_sch_a.py
CONOPS.md#5:L954:cell:4:s1 [79efee6cea]
    **at most 60 s per key-down** (K1), started only inside K2 to K5 and cut by C4 (`feasibility/POWER-THERMAL.md` sections 7.2 and 9.3, PWR-F14); the design record's two figures bracket it: 32.53's "the 200 W peak (PA key-down) lasts minutes" (line 2860) and 32.56's "a 20 s key-down at 45 W" on the plate's local patch (line 2940).
    names: refs=C4,K1,K2,K5
CONOPS.md#5:L955:cell:2:s1 [1007cd40f1]
    plus about 0.9 W for the I/O supervisors (`ARCH-PCB-B-IOHA.md` section 14)
    names: boards=PCB-B
CONOPS.md#5:L973:cell:1:s1 [85c9b8a37f]
    a position beacon every 10 minutes at a fixed site; on the move at most one a minute; each about 1 s, never over K1's 60 s
    names: refs=K1
CONOPS.md#5:L977:cell:1:s1 [73a88e2ff9]
    receive; a transfer transmits in bursts, never with the PA keyed on the pack alone (K4)
    names: refs=K4
CONOPS.md#5:L978:cell:1:s1 [934ca33971]
    a bounded mode: it runs until C1 or C3 ends it
    names: refs=C1,C3
CONOPS.md#5:L979:cell:1:s1 [56a99bef2a]
    off unless the operator enables one; on the pack only inside C2's budget (PWR-F13)
    names: refs=C2; gates=enables
CONOPS.md#5:L986:cell:2:s1 [f5af2c97e9]
    PS-TYP 63.0 W, sustained on the pack while C1 allows it: at +20 C the cells sit at 43.8 to 45.7 C on 32.53's conductance and 45.4 to 81.3 C on the independent bound, so C1 sheds it at +20 C over part of that bound (section 4c)
    names: refs=C1
CONOPS.md#5:L987:cell:2:s1 [51400cfd73]
    PS-TYP plus PoE 100.4 W, plus USB-C 112.3 W, plus both 150.2 W: **bounded, not sustained** on the pack; C2 sheds USB-C then PoE on 9.0 A or a +50 C cell
    names: refs=C2
CONOPS.md#5:L988:cell:2:s1 [526de24db6]
    PS-BUSY, a **bounded mode**: its sustained bound 92.0 W reaches C1's +55 C cell trigger at +20 C on every conductance in the record, so C1 ends it (how long it runs first is **TBD** until the heat capacities are measured)
    names: refs=C1
V2-SPEC.md#MeshSat field kit V2, approved specification (state of 7 Sep 2026, design record sections 32.40 to 32.61):L3:para:s1 [8ca89fa881]
    The 7 September text records the owner's rulings in `MESHSAT-709-geometry-appendix.md` together with proposals the session made under them (the 200 Wh pack of 32.62 was one), and the board generation that implements it is MESHSAT-830 (A22, B16, C7, D8, E6, face plate and case template).
    names: refs=C7,D8; boards=A22,B16,C7,D8,E6
V2-SPEC.md#Case and construction:L9:cell:1:s1 [d2673a4edc]
    3 mm black anodised aluminium plate on the frame's inserts, laser-marked legends and the MeshSat mark; the backer board C7 hangs under it.
    names: refs=C7; boards=C7,the backer
V2-SPEC.md#Case and construction:L9:cell:1:s2 [d45adb955f]
    The plate lies on top of the 1450PF frame over Peli's o-ring, screwed from above into Peli's 6-32 inserts, and the frame stands on four setting legs that give it its height (the session's case choices C1 and C6, `CASE-MARGINS.md` section 4; correction 20)
    names: refs=C1,C6; boards=C6
V2-SPEC.md#Case and construction:L10:cell:1:s1 [e231767e5f]
    twelve gas-discharge arrestors (PolyPhaser GTH-SFF-AL) are the antenna bulkheads, at Z 59 on one 6 mm aluminium RF entry plate per end wall that is also their common ground: east, south to north, 5G MAIN, 5G DIV, the third 5G jack of D-07, IRIDIUM, LORA; west VHF, HF, WIFI 2.4, GNSS, SDR, WIFI P2P A, WIFI P2P B, at a 31 mm pitch (the session's case choices C2 and C4, `CASE-MARGINS.md` section 4; correction 20).
    names: refs=C2,C4
V2-SPEC.md#Case and construction:L10:cell:1:s2 [facb104de6]
    The case generators `panel1450.py` and `case_wall_cutouts.py` carry them since `c351115d`, and the current case set is `release/case-2026-09-27/` (correction 30); the committed boards and the templates of `release/revA/case/` still show the eleven Amphenol 132170 SMA couplers at Z 88 of 32.56 (west VHF, HF, WIFI 2.4, GNSS, SDR; east 5G MAIN, 5G DIV, IRIDIUM, LORA, WIFI P2P A, WIFI P2P B), which is history; every cable ends at the dock strip's float clamp under the stack's blind-mate receptacle (`ecad/tools/panel1450.py` is the single source of the positions and the legends).
    names: boards=the dock strip; gens=panel1450.py,panel1450.py
V2-SPEC.md#Case and construction:L10:cell:1:s3 [5151a2ab87]
    The 5G module's ports are ANT0 to ANT3, not MAIN and DIV: the owner ruled three 5G jacks on ANT0, ANT2 and ANT3, at the board A site found free (X +46), if the case measurement confirms that site and the board E clamp fit, and otherwise two on ANT0 and ANT2 (D-07, 26 Sep 2026; correction 12); the case half is laid out as the east wall's middle arrestor, and the board E clamp fit remains
    names: boards=board A,board E
V2-SPEC.md#Case and construction:L11:cell:1:s1 [e6fa17db79]
    one 114 x 68.3 x 5 mm aluminium connector plate between the hinge fairings, outside the back wall on a closed-cell gasket (the session's case choice C3, `CASE-MARGINS.md` section 4, in place of the 54 x 82 plate between the ribs at X -95 and -18; correction 20): MIL-DTL-38999 shore and USB receptacles (the USB one the Glenair 233-370), sealed Gigabit Ethernet with PoE out, sealed USB-C 45 W outlet (32.57), the M8 receptacle of the outside sensor pod and a ground stud, the stud also taking the two RF entry plates' ground leads.
    names: refs=C3
V2-SPEC.md#Case and construction:L12:cell:1:s1 [c73b56fb81]
    the A22 + D8 + B16 rod stack over the dock strip E6 and block; the 4S pack, built for the kit rather than bought, in the east pocket beside A22 (32.62; one 4S3P block of about 145 Wh by owner ruling D-06, correction 1; the BB-2590/U did not fit and the case stays the 1450); on the lid's inner face the printed tray of the QMX HF unit over the right strip (32.60 item 5) and, over the left strip, a bracket for an 8 to 10 inch rugged tablet (not drawn)
    names: refs=D8; boards=A22,B16,D8,E6,the dock strip
V2-SPEC.md#Case and construction:L13:cell:1:s1 [38a91feb23]
    face plate off (ten 6-32 screws, case choice C1; correction 20), the rod stack lifted straight up off the blind-mate joint without unscrewing a cable, the pack out of its cradle; before the lift the kit is off, the pack's XT60 unplugged and shore removed, and an insulating cap covers the dock block E5 while the stack is out (owner ruling D-14, 26 Sep 2026: lifting live is an accepted, recorded residual risk, and a stack-present interlock is studied at Review D; correction 15)
    names: refs=C1; boards=E5; gates=interlock
V2-SPEC.md#Power:L17:para:s1 [f6633e61d3]
    The node, the inputs, every rail with its part and its EMCON gate: appendix 32.55 (7 Sep 2026).
    names: gates=gate
V2-SPEC.md#Power:L20:cell:1:s1 [306d6f0471]
    one 4S3P block of Samsung INR18650-35E cells, 14.4 V, about 145 Wh (144.7 Wh at the cell's 3,350 mAh minimum), shrink-wrapped in the east pocket under board B with no rigid enclosure, its fit designed against Peli's own figures (owner ruling D-06, 26 Sep 2026, with the D-08 reversal of the same day; `CASE-MARGINS.md`; correction 1).
    names: boards=board B
V2-SPEC.md#Power:L22:cell:1:s1 [cea8161b55]
    14.4 V node; SMBus charger; bucks for 5 V and 3.3 V; 13.8 V rail for the PA stage; the monitor on its own eFuse from the 14.4 V node, the pack heater on its own eFuse and a regulated 12 V buck (corrections 2 and 19); PoE out; USB-C PD out
    names: gates=efuse
V2-SPEC.md#Power:L24:cell:1:s1 [5d18d3f4e9]
    a hardware line from the panel toggle plus a software hold, meant to silence every transmitter (32.50 item 3); on 26 September 2026 the owner ruled that EMCON means radios dark, with the VHF receiver listening behind its transmit-only gate and GNSS, DCF77 and the lightning sensor continuing (D-05).
    names: gates=gate
V2-SPEC.md#Power:L24:cell:1:s2 [c3dc5405b5]
    As generated since `458b2873` the line removes the supply of the SDR, the RockBLOCK, the LoRa module, both E72, the HF unit and the two WiFi link cards, turns off the PA rail, bias and keying while the VHF exciter keeps receiving, pulls the compute modules' own WiFi and Bluetooth disables low through open drains, and puts the 5G module in airplane mode through its disable pin, a mode the module's firmware carries out; since board B's round 8 (27 September 2026) it also removes the 5G module's supply by hardware at once (SD-EMC-1r8, `feasibility/EMCON.md` section 4b; correction 28); read transmitter by transmitter (`feasibility/EMCON.md` section 0a), the radio's own chain closes at desk for 15 of the kit's 17 transmitters and is open for two, the SA868 (its maker publishes no receive threshold for the PTT pin the design holds at 2.677 V or more; bench E-01) and the RockBLOCK 9704 (with its supply cut it runs on its own supercapacitors, about 16 J; its ENABLE is held low by the EMCON hardware since board B's stream w4b, and what the Iridium module does when ENABLE falls is stated in no held document, sections 4.4 and 4c; correction 31), the 5G module's chain closing at desk since board B's round 8; end to end, from the toggle to silence at each antenna port within the latency the session set (1 s, and 20 s for a running 5G module; SD-EMC-7, requirement REQ-071), 0 of 17 rows is closed, every row also waiting on the items the rows share (the toggle and its conductor, accepted by SD-EMC-6 only with a hardware EMCON lamp on board C, drawn since board C's round 8 (`D22`, no processor in its path) with its light guide in the face plate owed (open item S-44), and the line's open items, `feasibility/EMCON.md` sections 3 and 7), and no row has been shown on a bench: feasibility blocker FEA-002 (`CONOPS.md` section 4b; corrections 4, 19, 26, 28 and 30); blackout and NVG panel modes beside it
    names: refs=D22; boards=board B,board C; gates=open drains
V2-SPEC.md#Compute, storage, expansion (B16, about 330 x 200 mm; the distributed fabric of 32.52):L32:cell:1:s1 [bd895a6727]
    **The physical owner is a hardware fabric choice, not a cabling one:** each of the three hub banks is switched between a home module and one neighbour by a 2-of-3 voted selection driven by three I/O supervisors (`ARCH-PCB-B-IOHA.md`), so the loss of one module is meant to move its bank rather than remove it.
    names: boards=PCB-B
V2-SPEC.md#Compute, storage, expansion (B16, about 330 x 200 mm; the distributed fabric of 32.52):L32:cell:1:s2 [13651ca141]
    The LoRa module and the 5G data path have no second path and go with their module (`ARCH-PCB-B-IOHA.md` section 15), the named exceptions to line 29's requirement for prototype 1 (`ARCH-PCB-B-IOHA.md` section 15a; correction 6).
    names: boards=PCB-B
V2-SPEC.md#Compute, storage, expansion (B16, about 330 x 200 mm; the distributed fabric of 32.52):L34:cell:1:s1 [63d017d3ba]
    Firmware and provisioning, no board change (the toggle is sensed on C7 alone since `faf8c981`, with a buffer onto the ribbon line; correction 19); precondition: an erasable slot map on the fitted ATECC608B, closed at desk from Microchip's public documents by `feasibility/ZEROIZE.md` (two key-encryption keys, both destroyed) and owed on the bench (the full datasheet stays under NDA), the SLB 9673 TPM 2.0 the fallback.
    names: refs=C7; boards=C7; gates=buffer
V2-SPEC.md#Bearers and radios:L40:cell:2:s1 [269eb6eecd]
    B16 UART, east jack
    names: boards=B16
V2-SPEC.md#Bearers and radios:L41:cell:1:s1 [6ea98bdfa1]
    5G module on M.2 B-key (the Quectel RM520N-GL, the working assumption of 32.49 that the generator carries, a key-B module, on a key-B socket since `458b2873` whose land carries the maker's two locating holes since board B's round 8 (correction 28); SIM 2 on the module's own USIM2 pins since `458b2873`; corrections 9 and 19), three antenna jacks on ANT0, ANT2 and ANT3 if the case measurement confirms the extra site, otherwise two on ANT0 and ANT2 (owner ruling D-07, 26 Sep 2026; correction 12), dual SIM as two nano-SIM holders, SIM 1 on the module's (U)SIM1 pins and SIM 2 on its USIM2 pins behind four 0 ohm links at the module, so that the same board also builds the eSIM-plus-nano-SIM configuration of appendix 32.50 item 12 with an eSIM-fitted module variant and the four links left off (Quectel RM520N series hardware design v1.1 section 4.1.6, Figure 19); prototype 1 is built with two nano-SIMs (the session's choice SC-13 under the owner's standing rule of 26 September 2026; correction 22); the SIM TVS array the maker asks for (at most 10 pF) is fitted since board B's round 8, a TI TPD4E001 on each holder (correction 28), and the eSIM variant's order code is owed (open item S-13; conflict CFL-010 is resolved on this description, correction 22)
    names: boards=board B
V2-SPEC.md#Bearers and radios:L41:cell:2:s1 [5197d59831]
    B16 PCIe, east jacks
    names: boards=B16
V2-SPEC.md#Bearers and radios:L42:cell:2:s1 [93fc305d0b]
    B16 PCIe, two jacks, on the west wall by case choice C2 (on the east wall as generated; correction 20)
    names: refs=C2; boards=B16
V2-SPEC.md#Bearers and radios:L43:cell:1:s1 [ef6e21d8f1]
    the CM5's own radio with Raspberry Pi's certified antenna kit; on the EMCON line since `458b2873` through open drains that only pull its disable pins low (corrections 4 and 19)
    names: gates=open drains
V2-SPEC.md#Bearers and radios:L44:cell:2:s1 [fab095e0a3]
    B16 SPI, east jack
    names: boards=B16
V2-SPEC.md#Bearers and radios:L45:cell:2:s1 [bd1020ac37]
    B16 UART
    names: boards=B16
V2-SPEC.md#Bearers and radios:L46:cell:2:s1 [bd1020ac37]
    B16 UART
    names: boards=B16
V2-SPEC.md#Bearers and radios:L47:cell:2:s1 [00075b673b]
    D8, west jack
    names: refs=D8; boards=D8
V2-SPEC.md#Bearers and radios:L48:cell:2:s1 [0163325df3]
    B16 USB (`J_QMX`), A22's 12 V HF rail, the HF jack
    names: refs=J_QMX; boards=A22,B16
V2-SPEC.md#Bearers and radios:L49:cell:2:s1 [7047eb808a]
    B16 USB 3, west jack
    names: boards=B16
V2-SPEC.md#Bearers and radios:L50:cell:1:s1 [26424f2f31]
    Quectel LG290P (all six constellations, L1/L2/L5/E6, RTK capable) with the Quectel YEGD006U1A puck or the u-blox ANN-MB2
    names: refs=L1; boards=E6
V2-SPEC.md#Bearers and radios:L50:cell:2:s1 [ccb40f1128]
    B16 UART, west jack
    names: boards=B16
V2-SPEC.md#Bearers and radios:L51:cell:1:s1 [3a7ee237a0]
    gas-discharge arrestors as the bulkheads, the twelve PolyPhaser GTH-SFF-AL of line 10 on the RF entry plates, grounded through the plates to the ground stud (case choices C2 and C4, correction 20; their ground lead is owed to `GROUNDING-AND-SHIELDS.md`); a receive limiter or relay on the SDR path during key-down (line 49); a shielded compartment for the PA
    names: refs=C2,C4; gates=and
V2-SPEC.md#Panel and human interface (face plate, C7):L59:cell:1:s1 [884cd4a8b5]
    sixteen LEDs through IP68 light guides and, since board C's round 8, a seventeenth, the amber hardware EMCON lamp lit from the EMCON lines with no processor in its path, whose light guide in the plate is owed (open item S-44; correction 30); the Floyd Bell sounder; blackout and NVG modes
    names: boards=board C
V2-SPEC.md#Qualification:L69:para:s1 [7ef3fa7ff9]
    **Owner rulings on this plan (`CONOPS.md` sections 2a and 7; correction 10).** On 25 September 2026 (D-02a) the owner ruled that the +55 C operation, +71 C storage (E3) and -33 C storage (E4) of `TEST-PLAN.md` are qualification margins over the envelope's -20 to +40 C in use and -20 to +45 C in storage, with two pass lines: operate to specification inside the envelope, survive and recover at the margin.
    names: boards=E4
V2-SPEC.md#Thermal and environment:L73:para:s1 [b89f99d383]
    no vent opening anywhere in the case skin or the plate (owner ruling 7 Sep 2026, 32.53): the heat leaves through the aluminium face plate and the case walls; five IP68-rated internal fans (one per CM5 cooler, two mixer fans under the plate) driven by the sensor controller couple the inside air to the skin; the 30 W PA module bolts flat to the plate's underside on two PEM nuts with a thermal pad (32.56); estimated inside-air rise about 10 K with one module and 16 K with three loaded modules with the lid open (32.53), to be measured by `TEST-PLAN.md` E3; the kit is to be operated shaded, a stated operating condition, with a shade accessory (a lid sun shield or a tarp) and full-sun design a later qualification item (owner ruling D-02e, 26 Sep 2026); with the lid closed the kit runs the reduced mode (owner ruling D-02b of 25 Sep 2026: closed-lid operation in a defined reduced mode, for example GNSS, LoRa mesh, Iridium and APRS beacons, monitor off and one module, with a closed-lid state and thermal test to join `TEST-PLAN.md` and a lid sensor, drawn on board E since `faf8c981` (correction 19); accepted consequences: above +35 C ambient the kit runs one module, and with three loaded modules charging holds off above about +25 C ambient); both restrictions are proposed controls, not established limits: with the current heat budget the design record's own conductance puts the charge hold-off for three typical modules at +19.5 to +21.6 C, the independent bound anywhere from -18 to +19 C, and the hot end is undecided until the enclosure conductance is measured; the design implements the restrictions as controls on the measured pack current and temperatures (the thermal controls C1 to C4 of `feasibility/POWER-THERMAL.md` section 9.3, not the case choices of line 9; the session's choice), and an early heat-balance test is proposed there (finding PWR-F08, feasibility blocker FEA-004; correction 23); the pack's heater mat and the inside climate sensor set the cold-weather behaviour, and a start from a pack cold-soaked below about -10 C at the cells is out of scope for the prototype: it needs shore or vehicle power, or warming, first (owner ruling D-02d, 26 Sep 2026); the case keeps Peli's own pressure equalisation valve (correction 10).
    names: refs=C1,C4; boards=board E
V2-SPEC.md#Open items (the generators have run; these remain owed):L76:para:s1 [d9ae91817c]
    the third 5G jack of the key-B socket (TE 2199119-3 since `458b2873`, whose land carries the maker's two locating holes and whose SIM holders carry the TVS arrays since board B's round 8; corrections 9, 22 and 28), which waits on the board E clamp fit (D-07; its case half is laid out, `CASE-MARGINS.md` section 3.4; correction 12); the KSZ9897, ATECC608B (its full datasheet is under NDA), DS3231, LIS3MDL, TE and Amphenol M.2 drawings (laptop list, 32.54); the sealed USB-C and RJ45 wall parts; the U-174/U headset jacks; the SOS and ZEROIZE cover part; the 2 m antenna; the tablet; the IP68 fans (owner question D-18, open and conditional: it arises only if no 40 mm IP68 fan fits the coolers, and the session then settles it under the owner's standing rule); and, of the design changes the owner's rulings of 26 September 2026 leave to the session, the ones still owed: the RockBLOCK 9704's ENABLE forced low by the EMCON hardware with its stored energy bounded, the SA868's PTT threshold (bench E-01), the hardware EMCON lamp's light guide in the face plate (SD-EMC-6; the lamp is drawn on board C since its round 8, correction 30) and the items every row of the EMCON line shares (D-05, `feasibility/EMCON.md` sections 0a and 7; correction 26; the 5G module's supply removal is drawn since board B's round 8, correction 28), the key-down time and state-of-charge floor as pass lines, PROVISIONAL today (D-11), and the VHF band lock (D-04); in the schematics since `faf8c981`, `458b2873` and `d90f30e4`, and neither laid out nor built: the compute modules' radios and the WiFi link cards' supplies on the EMCON line (D-05), the outlet interlock (D-11), the wall USB data path to the Glenair 233-370 (D-12; correction 13), the pack's secondary protection floor on board P (D-15) and the external ESD array at board A's USB-C CC pins (D-17) (correction 19).
    names: boards=board A,board B,board C,board E,board P; gates=interlock
V2-SPEC.md#Boards of this generation (as generated on 7 September 2026; the owner's layer rulings of 25 September 2026 are noted in the rows, correction 11):L81:cell:0:s1 [0536e7eccf]
    A22
    names: boards=A22
V2-SPEC.md#Boards of this generation (as generated on 7 September 2026; the owner's layer rulings of 25 September 2026 are noted in the rows, correction 11):L81:cell:1:s1 [e85072845e]
    power and I/O, 240 x 160 mm, six layers (In1 and In4 solid ground): 14.4 V node, BQ25731 SMBus charger, the 9 to 36 V input passed up from E6, three 5.1 V slot rails and a device rail (AP64500, INA226 monitored), the 13.8 V PA and 12 V HF rails (LM5176, EMCON gated), the 54 V PoE rail, the 45 W USB-C outlet (TPS25740 and TPS55288), 3.3 V logic, eleven SMP-MAX blind-mate sites, the D8 mezzanine site, the 2x13 ribbon to B16
    names: refs=D8; boards=B16,D8,E6; gates=gated
V2-SPEC.md#Boards of this generation (as generated on 7 September 2026; the owner's layer rulings of 25 September 2026 are noted in the rows, correction 11):L82:cell:0:s1 [bc215963d1]
    B16
    names: boards=B16
V2-SPEC.md#Boards of this generation (as generated on 7 September 2026; the owner's layer rulings of 25 September 2026 are noted in the rows, correction 11):L82:cell:1:s1 [8b6267524a]
    compute and radios, 330 x 200 mm, six layers (In1 solid ground, In4 the 5 V planes; decision 43 of 25 Sep 2026: measured on eight layers first, its whole-board run EXPERIMENTAL): three CM5 slots, per slot a PI7C9X2G404 PCIe switch, an NVMe 2242 socket, a card socket, a TUSB8041 USB 3 hub and a cooler fan header; the I/O high-availability layer of `ARCH-PCB-B-IOHA.md` (per bank a TMUXHS4212 and a TS3USB221A selecting between the home module and a neighbour, three STM32H753 supervisors (the part bought is the STM32H743, which the owner accepted under D-13; the mismatch closes only when the schematic text and the BOM say H743 and regeneration parity has been shown again, correction 14) on two CAN-FD fabrics, seven 2-of-3 voters and the antenna changeover); the KSZ9897 Ethernet switch, the TMDS341A display switch, the LimeSDR bay, the RockBLOCK site, the LG290P, the E22 LoRa module, two E72, the DS3231M clock, the ATECC608B, the TMP117, the panel and A22 ribbons
    names: boards=A22,PCB-B
V2-SPEC.md#Boards of this generation (as generated on 7 September 2026; the owner's layer rulings of 25 September 2026 are noted in the rows, correction 11):L83:cell:0:s1 [f167717fb2]
    C7
    names: refs=C7; boards=C7
V2-SPEC.md#Boards of this generation (as generated on 7 September 2026; the owner's layer rulings of 25 September 2026 are noted in the rows, correction 11):L84:cell:0:s1 [e32ddc3033]
    D8
    names: refs=D8; boards=D8
V2-SPEC.md#Boards of this generation (as generated on 7 September 2026; the owner's layer rulings of 25 September 2026 are noted in the rows, correction 11):L84:cell:1:s1 [40489568ae]
    VHF APRS mezzanine on A22, 100 x 80 mm, four layers: the SA868 exciter, the G6K T/R relay, the low-pass filter and the leads to the RA30H1317M1 on the plate, the PCM2912A USB codec and TPA6132A2 amplifier for the two headset jacks, the TUSB2046B hub and CP2102N bridge, the PTT and EMCON gate logic, the TPS22810 gate-bias switch, a PCA9555
    names: boards=A22; gates=gate
V2-SPEC.md#Boards of this generation (as generated on 7 September 2026; the owner's layer rulings of 25 September 2026 are noted in the rows, correction 11):L86:cell:0:s1 [b073b98568]
    E6
    names: boards=E6
V2-SPEC.md#Boards of this generation (as generated on 7 September 2026; the owner's layer rulings of 25 September 2026 are noted in the rows, correction 11):L86:cell:1:s1 [0a2d2b6e41]
    dock strip, 267 x 68 mm, four layers, and the block E5: the LM5176 9 to 36 V front end, the LT8705A solar tracker, the pack entry (XT60, 25 A fuse, SMBus), eleven float clamps, the sensor controller with the BME688, BMI270 and magnetometer, the water electrodes, the gas sensor, the DCF77, Geiger, lightning and outside-pod headers, two mixer fan headers
    names: boards=E5
V2-SPEC.md#Corrections, 26 September 2026:L122:item:s1 [13c8378a0c]
    MIL-STD if possible", and the research gate the session set under that ruling asked for about 100 to 150 Wh (line 3056).
    names: gates=gate
V2-SPEC.md#Corrections, 26 September 2026:L122:item:s2 [32e463a311]
    Session reading behind the ruling: computed from the committed board B (B21, underside at Z 47.9 from `v2/ecad/tools/panel1450.py` line 23 less its 1.6 mm), the east pocket holds at most about 145 Wh (4S3P 18650 at the cell's 3,350 mAh minimum, or 4S2P 21700) as a shrink-wrapped block with the P board at its end, and no 4S4P fits with the P board in the pocket; the 4S3P block's 1.35 mm across the pocket was taken against the X 178 of appendix 32.62, which is not a Peli surface; at the worst of Peli's figures the block keeps 1.85 mm to the floor fillet and 7.38 mm to the east wall (`CASE-MARGINS.md` M4a, M4b, on the design basis only).
    names: boards=board B; gens=panel1450.py
V2-SPEC.md#Corrections, 26 September 2026:L123:item:s1 [bfceed26aa]
    The monitor is not on the 13.8 V rail: appendix 32.55 (line 2926) and `gen_sch_a.py` feed it and the pack heater through TPS259631 eFuses from the node.
    names: gens=gen_sch_a.py
V2-SPEC.md#Corrections, 26 September 2026:L123:item:s2 [79125fde3c]
    Since then 143 k over 10 k trips at about 17.6 to 19.0 V, above the 16.8 V 4S termination, and the heater mat, a 12 V and 7.5 W part, is fed a regulated 12.0 V by a TPS62933 buck behind its eFuse (`gen_sch_a.py` lines 1041 to 1076 at `45bde541`; correction 19).
    names: gates=efuse; gens=gen_sch_a.py
V2-SPEC.md#Corrections, 26 September 2026:L125:item:s1 [69f00e42b6]
    Session reading of what is generated at `45bde541` (`gen_sch_b.py` lines 478, 716 to 741, 974 to 977 and 1029, `gen_sch_a.py` line 1102, `gen_sch_d.py` lines 532 to 534, and the committed netlists of A, B and D): radios whose supply is cut stop receiving too (for the HF unit INFERRED from its manual, which names the DC input as its supply); the WiFi link cards' supplies are removed, because their maker does not describe W_DISABLE1#; the compute modules' own radios are pulled off through open drains that only ever pull their disable pins low; the 5G module's airplane mode also stops receive (Quectel RM520N series hardware design v1.1, section 4.4.1), and it is a mode the module's firmware carries out, so the session's staged removal of its supply (SD-EMC-1) is owed, with the items every row of the line shares (`feasibility/EMCON.md` sections 5 and 7).
    names: gates=open drains; gens=gen_sch_b.py,gen_sch_a.py,gen_sch_d.py
V2-SPEC.md#Corrections, 26 September 2026:L125:item:s2 [98d61fdac2]
    Appendix 32.55 (line 2930) lists a 5G supply switch and a WiFi buck enable under EMCON: the WiFi buck enables are drawn since `458b2873` and the 5G supply switch is owed.
    names: gates=enable,enables
V2-SPEC.md#Corrections, 26 September 2026:L126:item:s1 [f24449212b]
    Slot 3 holds the second AW7915-AED on an M.2 E-key socket (`gen_sch_b.py` line 497; line 42 above), not a spare M-key 2242 slot.
    names: gens=gen_sch_b.py
V2-SPEC.md#Corrections, 26 September 2026:L127:item:s1 [09b0290f45]
    From `ARCH-PCB-B-IOHA.md` section 15 and the generator: the LoRa module is on slot 3's SPI and the 5G data path on slot 2's PCIe lane, and neither moves; the two WiFi link cards sit on the PCIe switches of slots 1 and 3 (`gen_sch_b.py` lines 466 to 471 and 494 to 497), and the antennas, not the cards, move to the surviving card; the compute modules' own radios are on the modules; the secure element, the holdover clock and the TMP117 (`gen_sch_b.py` line 754) are on the kit I2C bus that the panel controller masters.
    names: boards=PCB-B; gens=gen_sch_b.py,gen_sch_b.py
V2-SPEC.md#Corrections, 26 September 2026:L127:item:s2 [a50c9558a0]
    `CONOPS.md` section 2a records those two as the named exceptions to line 29's requirement for prototype 1, as `ARCH-PCB-B-IOHA.md` section 15a and appendix 32.366 record, settled by the session under the owner's standing rule of 26 September 2026 (SC-02, see correction 18).
    names: boards=PCB-B
V2-SPEC.md#Corrections, 26 September 2026:L128:item:s1 [a2dd3da4b9]
    Session reading at `45bde541`: no disk-key wipe line exists in any generator, and no part but the panel controller reads the ZEROIZE toggle, which pulls a net local to board C (`ZEROIZE_SW`, GPIO22, `gen_sch_c.py` lines 168 to 178 and 217); the buffer `U12` copies it onto `ZEROIZE_HW`, which runs over the ribbons to a 10 k pull-up on board A (R117, `gen_sch_a.py` line 1150) and to test pads on boards B and D, where no part listens.
    names: refs=R117,U12; nets=ZEROIZE_HW,ZEROIZE_SW; boards=board A,board C,boards B and D; gates=buffer,pull-up; gens=gen_sch_c.py,gen_sch_a.py
V2-SPEC.md#Corrections, 26 September 2026:L128:item:s2 [caf66e9a0b]
    The panel controller masters the kit I2C bus that carries the secure element (`gen_sch_b.py` line 1046).
    names: gens=gen_sch_b.py
V2-SPEC.md#Corrections, 26 September 2026:L128:item:s3 [6bd06a12f8]
    Until `faf8c981` the toggle sat on `ZEROIZE_HW` itself, read by GPIO22 (correction 19).
    names: nets=ZEROIZE_HW
V2-SPEC.md#Corrections, 26 September 2026:L129:item:s1 [3dce1898a0]
    The LG290P's time pulse reaches every slot (`gen_sch_b.py` lines 576 and 669); the DCF77 pulse runs from `J_DCF` pin 3 only to the sensor controller's GPIO6 on board E, with a 10 k pull-up (`gen_sch_e.py` lines 353, 381 and 395).
    names: refs=J_DCF; boards=board E; gates=pull-up; gens=gen_sch_b.py,gen_sch_e.py
V2-SPEC.md#Corrections, 26 September 2026:L130:item:s1 [7aba6fc4cb]
    Since `458b2873` it is TE 2199119-3, key B (`gen_sch_b.py` lines 635 to 643 at `45bde541`), whose land matches the pad field of TE's drawing C-2199119 rev F but not yet its two locating holes, so it stays a mismatch until the land carries them (open item S-12 of the requirements registry).
    names: gens=gen_sch_b.py
V2-SPEC.md#Corrections, 26 September 2026:L130:item:s2 [3d282911cb]
    Until `458b2873` SIM 2 sat on pins 40, 42, 44 and 46 as CLK, IO, RST and VCC where the module has USIM2_DET, DATA, CLK and RST, and USIM2_VDD on pin 48 was unconnected (hardware design v1.1, Table 6); since then it is on the module's own pins, DATA on 42, CLK on 44, RST on 46 and VDD on 48, with DET on 40 left open (`gen_sch_b.py` lines 628 to 634).
    names: gens=gen_sch_b.py
V2-SPEC.md#Corrections, 26 September 2026:L130:item:s3 [a4bc9c4c53]
    The module's own GNSS (L5 on ANT1, L1 on ANT3) is not a kit function; the LG290P is the kit's receiver.
    names: refs=L1,L5
V2-SPEC.md#Corrections, 26 September 2026:L132:item:s1 [159493d2c6]
    **Boards (lines 78, 82, 83 and 85).** Owner rulings of 25 September 2026 (appendix 32.365): board C to six layers (decision 27); board P to four layers at 2 oz (decision 28); board B measured on eight layers first, with its whole-board run EXPERIMENTAL (decision 43); and the order set rebuilt from the existing deliverable folders and quarantined, with nothing ordered (decision 41).
    names: boards=board B,board C,board P
V2-SPEC.md#Corrections, 26 September 2026:L133:item:s1 [fb3f468c2a]
    **End walls and the 5G jacks (lines 10, 41 and 76).** Owner ruling D-07 (26 September 2026): three 5G jacks, ANT0, ANT2 and ANT3, making twelve bulkheads, at the board A site found free (X +46), if the case measurement confirms that site and the board E clamp fit; otherwise two on ANT0 and ANT2.
    names: boards=board A,board E
V2-SPEC.md#Corrections, 26 September 2026:L133:item:s2 [eb7d3a156d]
    The case half is laid out from Peli's figures after the D-08 reversal (`CASE-MARGINS.md` section 3.4, the jumpers' layering under the east plugs OPEN until the plug is picked); the board E clamp fit remains.
    names: boards=board E
V2-SPEC.md#Corrections, 26 September 2026:L133:item:s3 [a94b86ce23]
    The legends 5G MAIN and 5G DIV come from `panel1450.py` and are to follow the module's port names.
    names: gens=panel1450.py
V2-SPEC.md#Corrections, 26 September 2026:L134:item:s1 [4e77de78ad]
    Session reading at `45bde541`: the wall data pair runs from bank 3's hub, port 3, over the J_AB2 ribbon to board A's `J_USBW`, which since `458b2873` is the lead to the 233-370, with the port's own VBUS behind the eFuse `U32` that board A's expander switches, and the USB-C outlet's header carries VBUS, CC1 and CC2 only (`gen_sch_a.py` lines 1012 to 1015 and 1151 to 1167).
    names: refs=J_AB2,J_USBW,U32; boards=board A; rails=VBUS; gates=efuse; gens=gen_sch_a.py
V2-SPEC.md#Corrections, 26 September 2026:L134:item:s2 [61f1da29b2]
    Until `458b2873` `J_USBW` was the data side of the USB-C pigtail and no generator had a data path to the 233-370 (correction 19).
    names: refs=J_USBW
V2-SPEC.md#Corrections, 26 September 2026:L135:item:s1 [c8178dd548]
    The STM32H753 in the schematic against the STM32H743 bought (`gen_sch_b.py` line 829, part C114409) stays a component mismatch until the schematic text and the BOM are aligned to the H743 and regeneration parity has been shown again; changing this document's text does not close it.
    names: gens=gen_sch_b.py
V2-SPEC.md#Corrections, 26 September 2026:L136:item:s1 [66790359c6]
    **Disassembly (line 13).** Owner ruling D-14 (26 September 2026): the procedure (kit off, pack XT60 unplugged, shore removed) plus an insulating cap over the dock block E5 while the stack is out; lifting live is an accepted, recorded residual risk; a hardware stack-present interlock is studied at Review D.
    names: boards=E5; gates=interlock
V2-SPEC.md#Corrections, 26 September 2026:L139:item:s1 [f211cada9a]
    The same day the session settled SC-02 under the owner's standing rule (about 11:35 CEST): the LoRa module and cellular data are the named exceptions to line 29's requirement for prototype 1, as `ARCH-PCB-B-IOHA.md` section 15a records; correction 6 and line 32 had first called them open gaps.
    names: boards=PCB-B
V2-SPEC.md#Corrections, 26 September 2026:L140:item:s1 [4bae2bcb5a]
    **Re-read against the generators at `45bde541` (open item S-07 of the requirements registry, later on 26 September 2026; lines 11, 22, 24, 34, 41, 43, 73 and 76; corrections 2, 4, 7, 9, 12 and 13).** Session reading of the circuit corrections of `faf8c981`, `458b2873` and `d90f30e4`, which the lines above had described as owed: the EMCON line removes the WiFi link cards' supplies and pulls the compute modules' own radio disables low through open drains (D-05; the 5G module's supply removal is still owed); keying the PA drops the PoE and USB-C outlets in hardware (D-11; the key-down and state-of-charge thresholds are PROVISIONAL, session choice SC-10 of the registry); the wall data path leaves board A for the Glenair 233-370 and the USB-C outlet is power only (D-12); board P's schematic carries the floor of D-15, a BQ7720700 second level that also covers cell under-voltage, the SCF9550 chemical fuse and the gauge's PTC input; an external ESD array sits at board A's USB-C CC pins (D-17); the monitor and heater eFuses no longer lock out on the pack and the heater mat gets a regulated 12 V; the 5G socket is key B and SIM 2 is on the module's own pins; the ZEROIZE toggle is sensed on board C alone; a lid and tamper reed switch is drawn on board E.
    names: boards=board A,board C,board E,board P; gates=open drains
V2-SPEC.md#Corrections, 27 September 2026:L150:para:s1 [c8af65ddfb]
    of 26 September 2026, after the owner reversed D-08 (`CASE-MARGINS.md` section 4, recorded as SC-07 of the requirements registry and in `CONOPS.md` section 7a): C1, the face plate on top of the 1450PF frame over Peli's o-ring, screwed from above into Peli's 6-32 inserts, as Peli documents; C6, four setting legs under the frame's ring give the frame its height; C2, the ruled gas-discharge arrestors are the twelve antenna bulkheads at Z 59, five on the east wall and seven on the west, the two WIFI P2P jacks moving west; C3, one connector plate between the hinge fairings carrying all six ruled wall items; C4, one aluminium RF entry plate per end wall carrying the arrestors and their common ground, which retires the Amphenol 132170 couplers; C5, the QMX tray 1.5 mm west.
    names: refs=C1,C2,C3,C4,C5,C6; boards=C5,C6
V2-SPEC.md#Corrections, 27 September 2026:L150:para:s2 [88040ba1cc]
    Line 13's screws follow C1: ten 6-32, not the ten M3 it read.
    names: refs=C1
V2-SPEC.md#Corrections, 27 September 2026:L150:para:s3 [164b0034a6]
    The generators (`panel1450.py`, `case_wall_cutouts.py`) and the templates of `release/revA/case/` still carried the eleven couplers at Z 88 and the plate between the ribs until `c351115d` (correction 30).
    names: gens=panel1450.py
V2-SPEC.md#Corrections, 27 September 2026:L172:para:s1 [30bcc6427f]
    Still owed, and carried outside conflict CFL-010, which the requirements registry resolves on this description (its writer's second pass, after Review B of layer 3, finding B6): the SIM TVS array of at most 10 pF that section 4.1.7 of the same document asks for, on board B's schematic (board B's SIM TVS constraint in the registry, drawn since board B's round 8, correction 28), and the eSIM variant's order code before an eSIM build is bought (open item S-13).
    names: boards=board B
V2-SPEC.md#Corrections, 27 September 2026:L189:para:s1 [83b0b3fdc8]
    The restrictions stay as proposed controls and the design implements them on measured pack current and temperatures (C1 module shedding, C2 the outlet budget, C3 a current trigger, C4 the in-key guard), a PROVISIONAL choice the session took under the owner's standing rule; the hot end is decided by the proposed heat-balance test or `TEST-PLAN.md` E3 (feasibility blocker FEA-004).
    names: refs=C1,C2,C3,C4
V2-SPEC.md#Corrections, 27 September 2026:L213:para:s1 [32e44f2efa]
    The sixth revision reports local and end-to-end conclusions apart: the radio's own chain closes at desk for 14 of the 17 transmitters and is open for three, the SA868 (its PTT pin's receive threshold is unpublished, bench E-01), the RockBLOCK 9704 (read on Ground Control's schematic rev 2B: after `+5V_RB` is cut the module runs from two 10 F supercapacitors of its own, about 16 J, with its ENABLE driven only by the firmware expander U6, so ENABLE forced low by the EMCON hardware is owed, and what the Iridium module does when ENABLE falls is in no held document) and the 5G module (SD-EMC-1 not drawn); end to end 0 of 17 rows is closed, because every row also waits on the shared items and on the latency of section 5a (REQ-071), which no row is shown to meet.
    names: refs=U6; nets=+5V_RB; rails=+5V_RB
V2-SPEC.md#Corrections, 27 September 2026:L213:para:s2 [7e2122c8fa]
    As drawn, no panel indication of EMCON is independent of firmware: the TX lamp's supply exists only while the panel controller drives `PANEL_PWM` (`feasibility/EMCON.md` section 0, `PANEL.md` section 3).
    names: nets=PANEL_PWM
V2-SPEC.md#Corrections, 27 September 2026:L226:para:s1 [1a8e99596c]
    Nothing else on the line changed: the trigger, the order of the wipe, the boot-time read, the circuit (the toggle sensed on C7 alone since `faf8c981`) and the owed items are as they were.
    names: refs=C7; boards=C7
V2-SPEC.md#Corrections, 27 September 2026:L231:item:s1 [ba724f447c]
    **Board B's round 8 (lines 24, 41 and 76).** Session reading of board B's round 8 generator and netlist (27 September
    names: boards=B's,board B
V2-SPEC.md#Corrections, 27 September 2026:L232:para:s1 [f76be55b28]
    Board B's EMCON stages are single gates and open-drain logic outputs run per slot from each module's own 3.3 V (Q212, the 5G socket rail's discharge FET, aside).
    names: refs=Q212; boards=B's; gates=gates,open-drain
V2-SPEC.md#Corrections, 27 September 2026:L232:para:s2 [c3cfb2621c]
    The key-B socket's land carries the two locating holes of TE drawing C-2199119 rev F sheet 3 (S-12), and each SIM holder carries a TI TPD4E001 (1.5 pF, board B's SIM TVS constraint of correction 22).
    names: boards=board B
V2-SPEC.md#Corrections, 27 September 2026:L241:para:s1 [045032dec5]
    rule of 26 September 2026 (requirements registry, the session choice on NEED-03's failure set; record ASM-002): the requirement covers the loss of one compute module or one I/O supervisor in every way it can fail (dead, unpowered while its neighbours run, held in reset, wedged, or shorted on its own rails), and a failed module or supervisor must not take a shared element down with it (REQ-073).
    names: gates=supervisor
V2-SPEC.md#Corrections, 27 September 2026:L241:para:s2 [8a7c2cc868]
    Four shared elements are outside that set and are single points of failure of the kit as generated: the `+5V_DEV` and `+3V3_DEV` converters on board A (one each), the `J_PANEL` ribbon, the KSZ9897R Ethernet switch, and the kit I2C bus with the panel controller as its one master.
    names: refs=J_PANEL; nets=+3V3_DEV,+5V_DEV; boards=board A; rails=+3V3_DEV,+5V_DEV
V2-SPEC.md#Corrections, 27 September 2026:L250:para:s1 [6b5ffb2144]
    Since `c351115d` the case generators carry the case choices C1 to C6: `panel1450.py` (the plate 377.2 x 263.0 x 3.0 on ten 6-32 UNC; the twelve PolyPhaser GTH-SFF-AL at Z 59), `case_wall_cutouts.py` and `v2/cad/face_plate.py`, and the current case set (CAD, dimensioned drawings, 1:1 templates and the QMX lid tray) is `release/case-2026-09-27/`; `release/revA/case/` is marked historical and is not to be made from.
    names: refs=C1,C6; boards=C6; gens=panel1450.py
V2-SPEC.md#Corrections, 27 September 2026:L250:para:s2 [ce048350b0]
    The committed board files and the deliverable folders of `release/revA/boards/` predate C1 to C6.
    names: refs=C1,C6; boards=C6
V2-SPEC.md#Corrections, 27 September 2026:L250:para:s3 [8186d44a9b]
    Board C's round 8 draws the hardware EMCON lamp of SD-EMC-6 (`D22` through `U14` and `Q7`, lit while both EMCON lines read low, with no processor in its path); its light-guide hole in the face plate is owed (open item S-44), and until it is cut the lamp cannot be seen.
    names: refs=D22,Q7,U14; boards=C's
V2-SPEC.md#Corrections, 27 September 2026:L261:item:s1 [adef5b5d31]
    **Set 6 (line 24).** Session reading of board B's stream w4b as integrated at r8int6 (27 September 2026,
    names: boards=board B
V2-SPEC.md#Corrections, 27 September 2026:L262:para:s1 [48691b711e]
    The RockBLOCK 9704's ENABLE is `EMCON_HW` AND the panel's request in `U536`, held low by `R527` with the gate unpowered, so the ENABLE forced low by the EMCON hardware is drawn; the row stays open locally, because what the Iridium module does when ENABLE falls, and how long it runs on its own capacitors, is stated in no held document (`feasibility/EMCON.md` sections 4.4 and 4c).
    names: refs=R527,U536; nets=EMCON_HW; gates=and,gate
V2-SPEC.md#Corrections, 27 September 2026:L262:para:s2 [f64abb1173]
    Each card buck's enable is driven from its slot's own 5 V (`U116`, `U216`, `U316`).
    names: refs=U116,U216,U316; gates=enable
OPERATING-ENVELOPE.md#2:L85:cell:0:s1 [6eb6546bb8]
    board P, the pack's protection board (generated by `gen_sch_p.py`)
    names: boards=board P; gens=gen_sch_p.py
OPERATING-ENVELOPE.md#2:L85:cell:2:s1 [916256cba8]
    **-20 to +60 C**, set by its chemical fuse F2 (Eaton SCF9550-30-05); the gauge BQ4050 and the second level BQ7720700 are -40 to +85 C
    names: refs=F2
OPERATING-ENVELOPE.md#2:L104:para:s1 [8f59ec89ff]
    The pack's protection is board P; its narrowest part is the chemical fuse F2 at -20 to +60 C, whose top is the cells' own +60 C discharge limit and whose bottom is the envelope's -20 C, so no bound moves.
    names: refs=F2; boards=board P
OPERATING-ENVELOPE.md#3:L158:para:s1 [fc58cb90ed]
    **The worst inside air in use**, at the envelope's +40 C with the kit shed to its heat stage (the last stage that keeps a module running; past it the hot stop of section 4 removes every module): in the required stage after BANK-R1, +59.2 C lid open and +62.1 C lid closed on the independent bound's lowest conductance, and +47.8 C and +55.6 C on 32.53's; in the stage board B gives as generated, +57.9 C and +60.6 C, and +47.3 C and +54.6 C (INFERRED: 40 C plus the stage's rise above, rounded down to one decimal).
    names: boards=board B
OPERATING-ENVELOPE.md#3:L186:para:s1 [e20bc8f1b4]
    The hold-off is the pack gauge's own: the BQ4050 on board P opens its charge FET outside 0 to 45 C read at the cell surface (`pcb_pack_protection.yaml`, CHARGE_TEMPERATURE_WINDOW), a threshold held in the gauge's data flash rather than fixed in hardware, with the panel's cold-charge inhibit below 0 C on top (`PANEL.md` section 10).
    names: boards=board P
OPERATING-ENVELOPE.md#3:L186:para:s2 [31985580ef]
    Decision 40, ruled by the owner on 26 September 2026, adds hardware beside the gauge, and board P's schematic carries it since `faf8c981`: a BQ7720700 second level (cell over-voltage 4.325 V, under-voltage 2.25 V, open wire, and a fixed 70 C over-temperature on its own thermistor since `d90f30e4`) that blows the Eaton SCF9550 chemical fuse F2 once the arming jumper is closed at commissioning, and the gauge's PTC input enabled (`gen_sch_p.py` lines 243, 288 and 414 to 502 at `45bde541`).
    names: refs=F2; boards=board P; gates=enabled; gens=gen_sch_p.py
OPERATING-ENVELOPE.md#4:L215:para:s1 [78311d8113]
    2 and 3, monitor off) when its inside air reaches +50 C or any cell +55 C, and, if those are reached again, to one module (the heat stage: slot 3 once board B carries BANK-R1, slot 2 as generated, `CONOPS.md` section 4c); it restores 5 K below (control C1, `feasibility/POWER-THERMAL.md` section 9.3, `CONOPS.md` section 4c).
    names: refs=C1; boards=board B
OPERATING-ENVELOPE.md#4:L215:para:s2 [69c53126c9]
    Until 27 September 2026 this line read "above +35 C: the kit runs the reduced mode (one module) so the inside air stays under the +55 C that the battery-bay sensor and the pack need", the figure the owner's D-02b consequence was argued at (section 8), which is not where the current analysis puts it: on 32.53's conductance three typical modules reach C1 at +28.6 to +30.5 C.
    names: refs=C1
OPERATING-ENVELOPE.md#4:L215:para:s3 [0a6d39484c]
    What it is for: REQ-077 requires the kit to act before any cell passes +60 C, idle cells on an input included, where the enclosure alone cannot keep them under it, and the design intends the stop to do that once HOT-R1 is in the generators of boards A and E (the requirement reads FAIL on the generated boards until then) and on the provisional error budget (`TEST-PLAN.md` P14); the kit runs no module while it acts.
    names: boards=boards A and E
OPERATING-ENVELOPE.md#4:L237:para:s1 [c836951a27]
    At the envelope's -20 C the warm-up holds only while the conductance, lid open with the fans, is at most about 3.6 W/K, which no measurement has shown (T-H1): above it the link cards stay off, the kit-to-kit link is lost at the cold end and `TEST-PLAN.md` E4-O fails on it.
    names: boards=E4
OPERATING-ENVELOPE.md#4:L237:para:s2 [84c26222a6]
    That bound stays open, with an extended-grade card and SDR (layer 6, decided before board B's layout entry if a socket or supply changes) as the route that removes it.
    names: boards=board B
OPERATING-ENVELOPE.md#4:L280:cell:2:s1 [ffc36a06e2]
    the tracker's own window, board E
    names: boards=board E
OPERATING-ENVELOPE.md#4:L281:cell:2:s1 [9bab90eb18]
    Corrected 26 September 2026: the 4S4P 18650 and 4S3P 21700 packs this row named are not expected to fit beside board P under board B, and the 4S3P 18650 fits only without a rigid enclosure (adjudication A06 of 25 September 2026, whose working files are filed at `v2/docs/records/adj/A06-pack-geometry/`; the same finding is carried by `ASSEMBLY.md` section 3; INFERRED from the committed board heights; the case side at the worst of Peli's figures, `CASE-MARGINS.md`)
    names: boards=board B,board P
OPERATING-ENVELOPE.md#4:L283:cell:2:s1 [532e78f2df]
    TPS25740A with an LM5176 stage, 5, 9 and 15 V at 3 A (`gen_sch_a.py` line 1003); corrected 26 September 2026: the TPS55288 this row named left the design on 7 September
    names: gens=gen_sch_a.py
OPERATING-ENVELOPE.md#4:L285:para:s1 [28447175d0]
    **Operating modes**, each already in the design: full (three modules, lid open), reduced (slots 2 and 3; lid closed, or the measured-temperature and current triggers of `CONOPS.md` section 4c) with its heat stage (one module) and, past it, the hot stop (no module), blackout (LEDs and sounder muted), NVG (panel lighting), EMCON (a hardware line gates every transmitter rail and the PA bias), and charge (mains, vehicle or solar, gated by the pack thermistor and by the cold-charge inhibit).
    names: gates=gated,gates
OPERATING-ENVELOPE.md#4:L285:para:s2 [b719e651bd]
    **Corrected 26 September 2026, as generated at `45bde541`:** EMCON removes the supply of the SDR, the Iridium modem, the LoRa, Zigbee and Thread radios, the HF unit, the two WiFi link cards and the PA rail, so those stop receiving too; it pulls the compute modules' own WiFi and Bluetooth disables low in hardware; and it puts the 5G module in airplane mode through its disable pin, a mode the module's firmware carries out; since board B's round 8 (27 September 2026) it also removes the 5G module's supply by hardware at once (SD-EMC-1r8, `feasibility/EMCON.md` section 4b) (`PANEL.md` section 6, `CONOPS.md` section 4b).
    names: boards=board B
OPERATING-ENVELOPE.md#4:L285:para:s3 [d23664c78f]
    **D-05, owner ruling of 26 September 2026: under EMCON the radios go DARK.** Every radio with an emission path is powered off or RF-disabled in hardware; the VHF path keeps listening, because its gate is on transmit only; GNSS, DCF77 and the lightning detector continue.
    names: gates=gate
OPERATING-ENVELOPE.md#4:L285:para:s4 [e4ba0483d0]
    What is left under that ruling is session engineering: the items every row of the line shares, the SA868's PTT threshold and the RockBLOCK 9704's ENABLE, the 5G module's supply removal being drawn since board B's round 8 (`feasibility/EMCON.md` sections 0a, 5 and 7).
    names: boards=board B
OPERATING-ENVELOPE.md#4:L285:para:s5 [c98651fe06]
    The charge gate is the pack gauge's thermistor window (section 3).
    names: gates=gate
OPERATING-ENVELOPE.md#4:L302:para:s1 [8f3480949a]
    **Single-fault conditions the design is expected to survive**, written as the design's own protections so that PWR-003 and BAT-002 have something to be judged against: a short on any downstream rail (eFuses), a reversed or over-voltage input (the ideal diode and the 9 to 36 V front end), a shorted pack lead (the 25 A blade and the pack's own protector), a failed module (the voted I/O fabric and the per-bank USB ring), a cell driven past its limits with the gauge's firmware wrong or dead (board P's second level and chemical fuse, decision 40), loss of the panel controller (the hardware EMCON line is independent of any module), and water on the floor of the case (the floor water sensor with pack shutdown).
    names: boards=board P
OPERATING-ENVELOPE.md#4:L302:para:s2 [4acb82ab42]
    **Corrected 26 September 2026:** the loss of the panel controller leaves the transmitters safe but, as generated, no compute module powers without it (`ARCH-PCB-B-IOHA.md` section 10), so it is survived for EMCON and not for compute.
    names: boards=PCB-B
TEST-PLAN.md#MeshSat field kit V2, qualification test plan (MIL-STD-810 and MIL-STD-461 methods; approved 6 Sep 2026, appendix 32.50 item 16e):L3:para:s1 [f1c2c8d45e]
    **Revised 27 September 2026 (MESHSAT-1357, the layer-2 and layer-3 closing actions of the handover audit):** every row now states its **purpose** and the **requirement records it verifies** (identifiers of `v2/ecad/tools/pcb_requirements.yaml`); the stored state keeps the pack fitted (section 1); E5 is written for the sealed case and E8 names Peli's pressure valve; the closed-lid state and its test are defined against the ConOps's reduced mode; D-02a's two pass lines are on every margin; the MIL-STD-461 rows are characterisation (D-04); M7 is at decision 34's ruled level; the thermal characterisation tests the hot end depends on are section 8 and the mechanical fit checks section 9.
    names: boards=E5
TEST-PLAN.md#MeshSat field kit V2, qualification test plan (MIL-STD-810 and MIL-STD-461 methods; approved 6 Sep 2026, appendix 32.50 item 16e):L3:para:s2 [5f30437813]
    **Pass 2, later on 27 September 2026, answering the first pass of Review A (`reviews/REVIEW-A-LAYER-2-2026-09-27-pass1.md`):** E3-L carries E3-A's whole pass line with the lid closed, requires the owner's D-02b example set with the SOS path at every level (the generated board's shortfall is not waived), and fails on an SGP41 above +55 C (findings B4 and B5); E4-O restores round 8's +1.0 C charge floor and -9.0 C discharge stop and requires the kit-to-kit link after the cold warm-up (B7, m10); T-H3 replaces `ASSEMBLY.md`'s ten-minute key-down (B6); the transport and stored states have every input unplugged (m5).
    names: boards=A's,E4
TEST-PLAN.md#MeshSat field kit V2, qualification test plan (MIL-STD-810 and MIL-STD-461 methods; approved 6 Sep 2026, appendix 32.50 item 16e):L3:para:s3 [b9f3eb411b]
    **The second release attempt of layers 1 to 3, later on 27 September 2026 (the release checks' layer 2 B2 and layer 3 R4):** P15 (section 7) forces the hot stop at room temperature on the pack and on shore, so REQ-077 is verifiable whatever a chamber reaches; E3-H gains a stepped run beyond the envelope and the rule that a step that acted in no run reads NOT_VERIFIED; E3-L's pass line is unchanged.
    names: refs=R4
TEST-PLAN.md#1:L15:item:s1 [93f1cf837d]
    **Article:** one complete kit as specified in `V2-SPEC.md`: Peli 1450 of the current moulding (D-08a) with the 1450PF frame and the face plate, the board set A, B, C, D, E1, E5 and P as generated at the commit the build is ordered from (each board's phase is on `v2/docs/CURRENT-EVIDENCE.md`; corrected 27 September 2026: this line named the A22 to E6 set of 7 September), the built 4S3P pack (fitted or out as each test's state says), the Xenarc monitor, all radios and antennas fitted as for deployment, the lid tablet bracket loaded with a dummy mass.
    names: boards=A22,E5,E6
TEST-PLAN.md#1:L16:item:s1 [18891567a1]
    Each test runs the kit in the state its row names, and a row that cannot says so as a **deviation**: E3-S, E3-O, E4-S and E5 keep the cells out of the exposure, because the cell maker rates them to +60 C at most in storage and in discharge and to -20 C at the lowest in storage (Samsung INR18650-35E Ver. 1.1 3.12 and 3.13), and the product-level result they cannot give is finding BAT-F19 (section 6).
    names: boards=E4,E5
TEST-PLAN.md#2:L27:cell:0:s1 [de793ba193]
    E4
    names: boards=E4
TEST-PLAN.md#2:L27:cell:1:s1 [ac686a5720]
    502, low temperature: **E4-S** storage 24 hours at -33 C in the stored configuration **less its pack**, as a deviation (the cells' storage floor is -20 C in Ver. 1.1 and 0 C in Version 1.0, BAT-F09; the pack's own cold exposures are E4-T and E4-P), a qualification margin (D-02a); then **E4-O** operation 4 hours at -20 C with the pack fitted and its heater active, started warm or from shore or vehicle input (D-02d: a cold start from the pack below about -10 C cell temperature is out of scope; inside the envelope, so an acceptance test).
    names: boards=E4
TEST-PLAN.md#2:L27:cell:1:s2 [b7a59d5af7]
    The transport and storage soak with the pack fitted (E4-T) and the pack's own cold storage (E4-P) are section 6
    names: boards=E4
TEST-PLAN.md#2:L27:cell:3:s1 [076433a5d2]
    E4-S: survive and recover.
    names: boards=E4
TEST-PLAN.md#2:L27:cell:3:s2 [44b650e543]
    E4-O: operate to specification: the pack heats to its charge window before charging is allowed (the gauge's charge floor, UTC at +1.0 C, and the panel's hold, which clears above +3 C), discharge stops at the gauge's UTD of -9.0 C (both restored on 27 September 2026 from round 8's text, Review A, m10), the monitor and e-paper operate at -20 C (the e-paper degraded below -15 C, its carve-out), the cold warm-up brings the inside air to 0 C and the WiFi link cards and the SDR come up then (their carve-out, `CONOPS.md` section 4c), with the time it takes and the inside air recorded, and the functional check passes, the kit-to-kit link included.
    names: boards=E4
TEST-PLAN.md#2:L27:cell:3:s3 [a53a23c6b1]
    If the inside air does not reach 0 C in the run, E4-O fails on the link: the carve-out does not waive it (the failure bound of `CONOPS.md` section 4c, above about 3.6 W/K)
    names: boards=E4
TEST-PLAN.md#2:L27:cell:4:s1 [569c2bd4c8]
    E4-S margin, run as a deviation; E4-O acceptance
    names: boards=E4
TEST-PLAN.md#2:L28:cell:0:s1 [ef099fcece]
    E5
    names: boards=E5
TEST-PLAN.md#2:L28:cell:1:s1 [a584c80595]
    The same cycle with the pack fitted, its upper level at the use envelope's +40 C, is the acceptance E5-A in section 6
    names: boards=E5
TEST-PLAN.md#2:L29:cell:0:s1 [b073b98568]
    E6
    names: boards=E6
TEST-PLAN.md#2:L30:cell:0:s1 [a29d84f018]
    E7
    names: boards=E7
TEST-PLAN.md#4:L56:para:s1 [2800341bc8]
    It verifies: the core bearers passing traffic, REQ-001; the other bearers, REQ-002; a message each way over each long-range bearer in turn, with the kit's own hand-off within 10 s and the end-to-end time recorded as characterisation, REQ-003 (`CONOPS.md` section 4c); with one long-range bearer disabled, its queue delivered over the next bearer within 10 s of the bearer being declared down (NEED-02, REQ-076); the face, the e-paper and the indicators, REQ-007, REQ-008, REQ-013; the TX lamp and its lamp-test tie, REQ-012; the headsets, REQ-009; the camera, REQ-010; the sensors, REQ-041; the seal check, REQ-021 and CON-008; EMCON with its latency per row and the hardware EMCON lamp `D22`, REQ-030, REQ-031, REQ-032, REQ-071 (the bench tests E-01 to E-12 of `feasibility/EMCON.md` section 6 carry the fault conditions); blackout, REQ-033; ZEROIZE and its indications, REQ-035 and REQ-038 (the drives re-enrolled afterwards); the tamper switch and the lid-driven reduced mode, entered also after a start with the lid closed once the lid is read, REQ-036 and REQ-052; SOS, its queue under EMCON and its indications, REQ-060; the slot supervision, REQ-062; charging from each input, REQ-015, REQ-016, REQ-046; the outlets and their interlock, REQ-017 and CON-019.
    names: refs=D22; gates=interlock
TEST-PLAN.md#4:L56:para:s2 [06b410e9d3]
    The failover fabric is accepted by `ARCH-PCB-B-IOHA.md` section 13's tests A1 to A14, each device of a moved bank back in service (`ARCH-PCB-B-IOHA.md` section 7 step 12, application access resumed) within 30 s plus its maker's start-up, and the bridge's own service back on a surviving module within 60 s of the loss (REQ-004, `CONOPS.md` section 4c).
    names: boards=PCB-B
TEST-PLAN.md#5:L67:para:s1 [3511240a06]
    Record every trip level AND its delay: a threshold that trips at the right level and the wrong time is not the protection this rule asks for.
    names: gates=and
TEST-PLAN.md#5:L71:cell:2:s1 [368d0ce813]
    threshold (device U1 unless stated)
    names: refs=U1
TEST-PLAN.md#5:L73:cell:4:s1 [4b487b6217]
    charge one cell block from a bench supply through the pack's own charge path with the gauge live, raise the supply until the gauge opens Q1, and read the cell voltage at the trip on the tap it measures: 4.25 V +- 0.05 V, and the FET must open within 2 s of the threshold being crossed
    names: refs=Q1
TEST-PLAN.md#5:L74:cell:4:s1 [7e55555dd4]
    discharge the block at 1 A until the gauge opens Q2; read the lowest cell tap at the trip (2.50 V +0.05/-0.00) and confirm the pack terminal falls to zero and the gauge stays awake
    names: refs=Q2
TEST-PLAN.md#5:L75:cell:4:s1 [673141c79e]
    an electronic load stepped to 20 A on the pack terminal with the gauge live: Q2 opens within 2 s, and the same load at the declared 10 A continuous runs for an hour without tripping
    names: refs=Q2
TEST-PLAN.md#5:L76:cell:4:s1 [b2e71f3fc0]
    a 30 A pulse of 100 ms into the load: Q2 opens within 20 ms, and an 18 A pulse of the same length (the chain's declared peak) does not open it
    names: refs=Q2
TEST-PLAN.md#5:L77:cell:4:s1 [d2a8855204]
    a bolted short through a 1 mOhm shunt with a scope on the gate of Q2: the gate collapses within 200 us and F1 does not blow, which is what tells the gauge protected the pack rather than the fuse
    names: refs=F1,Q2; gates=gate
TEST-PLAN.md#5:L78:cell:4:s1 [7c2fccc23f]
    the charger set to 5 A into a half-charged block: Q1 opens within 2 s; at the design's 4 A it does not
    names: refs=Q1
TEST-PLAN.md#5:L79:cell:4:s1 [fe768b753d]
    the block in a chamber at -5 C and at +48 C with the charger live and a reference thermocouple on every cell: Q1 stays open at both and closes between 5 C and 39 C, and it is open before any cell surface reads above 45.0 C or below 0.0 C on the references; then the block held until the gauge reads between 42.5 and 43.0 C with the charger disconnected: when it is connected, no charge starts (the charge inhibit at T3); cooled with the charger connected, a charge starts only once the gauge reads below 41 C; the thermistors read the CELL SURFACE, so the sensor's own position is part of the test
    names: refs=Q1
TEST-PLAN.md#5:L80:cell:4:s1 [7c4049d276]
    the block in a chamber at -15 C, then at +59 C raised in 0.5 K steps to +60 C at most, under a 2 A load with a reference thermocouple on every cell: Q2 opens at both before any cell surface passes -10.0 C or +60.0 C on the references, and closes inside the window.
    names: refs=Q2
TEST-PLAN.md#5:L82:cell:2:s1 [3a01437772]
    device U2 (BQ7720700): 4.325 V, 1 s (+-20 mV from 0 to 60 C, +-50 mV from -40 to 110 C; 1 s +-150 ms); COUT fires F2 once JP1 is closed
    names: refs=F2,JP1,U2
TEST-PLAN.md#5:L82:cell:4:s1 [8bb25c639e]
    JP1 open and the gauge on TI's shipped image (FETs held off, so it cannot latch 2LVL): a 4S string simulator on J_CELL at 3.70 V per cell, one cell raised in 5 mV steps: TP11 (FUSE_G, COUT through R29) goes high, to between about 4.3 and 5.46 V (TP11 = COUT x 51/71 with JP1 open, so COUT reads between 6 and 7.6 V, the basis of FUSE_G's and FUSE_GQ's declared bounds; a higher reading reopens them), with that cell between 4.305 and 4.345 V at room temperature, 0.85 to 1.15 s after the step that crosses it, and falls again once the cell is back 100 mV lower; F2 untouched because JP1 is open
    names: refs=F2,JP1,J_CELL,R29,TP11; nets=FUSE_G,FUSE_GQ
TEST-PLAN.md#5:L83:cell:2:s1 [05a162614f]
    device U2: 2.25 V, 1 s (+-50 mV); DOUT holds the discharge FET off through Q5, the fuse is not fired
    names: refs=Q5,U2
TEST-PLAN.md#5:L83:cell:4:s1 [edc54cfeab]
    JP1 open, the gauge on TI's shipped image: the string simulator at 3.70 V per cell, one cell lowered in 5 mV steps: Q5's gate (DOUT) goes high with that cell between 2.20 and 2.30 V, 0.85 to 1.15 s after the step that crosses it, Q2's gate (DSG_G, read on R18's FET-side pad) is held at VSS, and DOUT falls again once the cell is back above about 2.35 V
    names: refs=JP1,Q2,Q5,R18; nets=DSG_G; gates=gate
TEST-PLAN.md#5:L84:cell:2:s1 [3aa1dc5432]
    device U2: 70 C, 4 s on its own 103AT-2 (J_TS2), 62.7 to 77.5 C at its network; no cold trip
    names: refs=J_TS2,U2
TEST-PLAN.md#5:L85:cell:2:s1 [2c8801548e]
    F1, the 25 A MINI blade: holds 27.5 A (110 %) for 360,000 s at least, opens 33.75 A (135 %) in 0.75 to 600 s (Littelfuse 297); F2 is 30 A
    names: refs=F1,F2
TEST-PLAN.md#5:L85:cell:4:s1 [2db0cac4fc]
    on a spare holder, F1 samples of the fitted lot on a current source with a thermocouple on the blade: at 24 A for one hour none opens; at 33.75 A each opens within 600 s and at 50 A within 5 s
    names: refs=F1
TEST-PLAN.md#5:L86:cell:2:s1 [59be764e53]
    F1: 150 A (600 %) opens in 0.030 to 0.100 s; about 10.9 ms at the lowest prospective fault, 240 A (625 A2s typical); 1000 A interrupting at 32 VDC
    names: refs=F1
TEST-PLAN.md#5:L86:cell:4:s1 [8d60af7ae3]
    on a sacrificial board P with Q2 bypassed by a link (a welded discharge FET), a bolted short through a 1 mOhm shunt on a charged block behind a fire blanket: F1 opens and clears within 100 ms, F2's element is intact afterwards (its resistance logged before and after), and no cell vents
    names: refs=F1,F2,Q2; boards=board P
TEST-PLAN.md#5:L88:para:s1 [77b42b7b13]
    Rows 1 to 9 are the gauge's, whose thresholds live in data flash; rows 10 to 14 are the parts that act with no firmware (U2, and F2 through JP1 and Q3; Q5; F1), judged by `pack_protection.py` against the same cell limits.
    names: refs=F1,F2,JP1,Q3,Q5,U2
TEST-PLAN.md#5:L88:para:s2 [ed742e38eb]
    Three of them do not meet the requirement's words (rows 11, 12 and 13: W4DP-F1, BAT-F16, W4DP-F2), which is a design finding and not a bench result, and the gate reads FAIL on them until the circuit or an owner's acceptance answers each.
    names: gates=gate
TEST-PLAN.md#5:L88:para:s3 [ae832a28a0]
    **Corrected 26 September 2026 (S-07), as generated at `45bde541`:** owner decision 40 (D-15) is ruled and board P's schematic carries its floor since `faf8c981`: a BQ7720700 second level on its own tap filters (cell over-voltage 4.325 V and under-voltage 2.25 V, open wire, and a fixed 70 C over-temperature on its own thermistor since `d90f30e4`), whose fault output and the gauge's FUSE output both blow the Eaton SCF9550-30-05 chemical fuse F2 once the arming jumper JP1 is closed, whose under-voltage output holds the discharge FET off, and the gauge's PTC input enabled with its own PTC element (`gen_sch_p.py` lines 243, 288 and 414 to 502).
    names: refs=F2,JP1; boards=board P; gates=enabled; gens=gen_sch_p.py
TEST-PLAN.md#5:L88:para:s4 [09181bc249]
    Until `faf8c981` this paragraph said board P carried no second protector, no chemical fuse and a PTC input tied off, which was then true.
    names: boards=board P
TEST-PLAN.md#6:L108:para:s1 [fd11388bc4]
    Corrected on 27 September 2026 (the same round's independent check): E3-O and E5 are written as the test deviations they are, E5-A is added, the charge-start threshold T3 is in E3-A's pass line, and the states are marked as session text (section 1).
    names: boards=A's,E5
TEST-PLAN.md#6:L108:para:s2 [6f3c17593a]
    **Changed on 27 September 2026 by the ConOps's storage decision (`CONOPS.md` section 7a):** the stored state keeps the pack fitted, so E3-S and E4-S are deviations as well, their product-level result joins BAT-F19, and E3-T and E4-T soak the stored as well as the transport configuration; E3-L is written against the reduced mode the ConOps defines; every row carries its purpose and the records it verifies.
    names: boards=E4
TEST-PLAN.md#6:L108:para:s3 [6d64bb1f6f]
    **Added later on 27 September 2026 (Review A's second pass, P2-B2, and Review B of layer 3, B1):** E3-H, the hot stop past the heat stage (`CONOPS.md` section 4c), read during E3-A's and E3-L's runs, with the abort at a cell surface of +59 C that every E3-A, E3-L and E3-H run keeps; the pass lines of E3-A and E3-L are unchanged.
    names: boards=A's,P2
TEST-PLAN.md#6:L123:para:s1 [4c093fe530]
    **The finding the deviations do not close (BAT-F19, `review-packets/battery/THERMAL-COORDINATION.md` section 9a).** With its own pack fitted, the kit cannot meet D-02a's +55 C operating margin nor E5's +60 C dwell: the cells are rated to +60 C at most, and at those levels the inside air is past it before any test is run.
    names: boards=E5
TEST-PLAN.md#6:L123:para:s2 [8e6c168e29]
    E3-O and E5 measure the rest of the kit there; a pass of either is reported as that and never as the kit's margin with its pack.
    names: boards=E5
TEST-PLAN.md#6:L123:para:s3 [22eef71b46]
    **Since 27 September 2026 the same holds for the storage margins:** the stored product has its pack fitted (section 1), and its cells take neither +71 C nor -33 C, so E3-S and E4-S measure the kit without its cells and the stored product's margins join this finding.
    names: boards=E4
TEST-PLAN.md#6:L128:para:s1 [a78c5399d6]
    **The deviation's arrangement (E3-O and E5).** The kit deployed, on shore or vehicle input; the pack outside the chamber at room temperature, joined to board E by an extension of its XT60 lead (`J_BATT`) and its four-wire SMBus lead (`J_SMB`, with PRES); a thermal dummy of the pack in its pocket (the pack's outline with the cells' heat capacity, about 480 to 660 J/K).
    names: refs=J_BATT,J_SMB; boards=E5,board E
TEST-PLAN.md#6:L128:para:s2 [4fdfa062e2]
    Recorded with each run: the kit's controls read room-temperature cells, so of their temperature triggers only C1's inside-air trigger sheds modules.
    names: refs=C1
TEST-PLAN.md#6:L128:para:s3 [1b8dccfacb]
    Running the kit with no pack at all is not the arrangement, because it is not shown to work (board E's always-on domain sits on the pack side of the charge shunt, and the W5 fallback would hold the kit in its reduced mode; TBD in the same section 9a).
    names: boards=board E
TEST-PLAN.md#6:L137:para:s1 [e17ab78c0d]
    Every exposure with the pack fitted logs a thermocouple on every cell (the hottest cell surface is what the cells' limits are judged at), one on the body of the chemical fuse F2, and the gauge's four cell thermistors and pack current.
    names: refs=F2
TEST-PLAN.md#6:L144:cell:1:s1 [fad4b56351]
    deployed, pack fitted, lid open, shaded; the kit in the mode its controls select (C1: the reduced mode and then the heat stage on measured inside-air and cell temperatures, `CONOPS.md` section 4c)
    names: refs=C1
TEST-PLAN.md#6:L144:cell:4:s1 [5f82acaf26]
    operate to specification (functional check); every cell surface at most +60 C throughout; no charge current while any cell surface is above 45 C; **no charge starts while the gauge reads above 42 C (T3) and a running charge stops once it reads above 43 C (T4)**, with the charge held off by OTC whenever it reads 44.0 C or more; while the charge is held off the kit's loads are carried by shore; whether a charge starts at all at D-02b's +25 C point with three loaded modules is recorded with the cell temperatures (the charge-start ceiling in ambient is T3 less the cells' rise over the air, `feasibility/POWER-THERMAL.md` section 9.3); F2's body at most +60 C; the controls C1, C2 and K2 act at their triggers and are logged; no permanent protection action; the four cell thermistors against the twelve thermocouples recorded for the gradient term (section 7, P14)
    names: refs=C1,C2,F2,K2
TEST-PLAN.md#6:L145:cell:3:s1 [fdcf52f2e9]
    acceptance inside the envelope (D-02b's closed-lid test); the ambients at which C1 moves the kit to the heat stage and back are characterisation, the measured bounds that replace `CONOPS.md` section 4c's
    names: refs=C1
TEST-PLAN.md#6:L145:cell:4:s1 [418798e583]
    **E3-A's pass line, with the lid closed:** every cell surface at most +60 C throughout; no charge current while any cell surface is above 45 C; no charge starts while the gauge reads above 42 C (T3) and a running charge stops once it reads above 43 C (T4), with the charge held off by OTC whenever it reads 44.0 C or more; while the charge is held off the kit's loads are carried by shore; F2's body at most +60 C; the controls C1, C2, C3 and K2 act at their triggers and are logged; no permanent protection action; the four cell thermistors against the twelve thermocouples recorded for the gradient term (section 7, P14).
    names: refs=C1,C2,C3,F2,K2; boards=A's
TEST-PLAN.md#6:L145:cell:4:s2 [77b3aec47b]
    **Plus the stage criteria:** at every level the kit is in the stage its controls select and that stage's bearers pass traffic: the reduced mode's set (GNSS, the LoRa mesh, Iridium, APRS beacons, the SOS path, 5G) up to the ambient at which C1 acts, and at every level, +40 C included, at least the owner's D-02b example (GNSS, the LoRa mesh, Iridium and APRS beacons) with the SOS path and a live position, the heat stage's required set (REQ-052); the start with the lid closed enters the reduced mode once the lid is read, and the lid switch enters and leaves it.
    names: refs=C1
TEST-PLAN.md#6:L145:cell:4:s3 [23e452be7d]
    On board B as generated the stage criteria fail at any level where the heat stage is entered, because its one-module stage lacks the LoRa mesh and APRS (`CONOPS.md` section 4c): that failure is expected until BANK-R1 is in board B's generator, and it is not waived
    names: boards=board B
TEST-PLAN.md#6:L146:cell:1:s1 [8e69253a79]
    the hot stop (`CONOPS.md` section 4c), read during E3-A's and E3-L's runs and, beyond the envelope, in a stepped run of its own: pack fitted, the heat stage running, first on the pack and then on shore; with HOT-R1 on boards A and E (without it the run records the generated path, and the requirement reads FAIL at desk)
    names: boards=A's,boards A and E
TEST-PLAN.md#6:L146:cell:4:s1 [9886698b39]
    where the hottest cell as the gauge reads it reaches +56.5 C the kit sheds to its minimum load (every running module shut down cleanly and every slot enable dropped within 60 s, the switched loads off, the charge held while the charger keeps carrying the kit on shore), and where it reaches +57.0 C the kit shuts itself down (`PI_KILL`); both before any cell surface reaches +59 C on the reference thermocouples, on the pack and on shore alike, with no permanent protection action (the second level, the gauge's SOT, F2) and the e-paper naming the step and the reading; after the first step the heat stage's module comes back only once the hottest cell reads +46.5 C or less and 30 minutes have passed; with the sensor controller held in reset the line reads high and the same steps act on board B's TMP117 at +55.0 C and +56.0 C; the four cell thermistors, the TMP117 and the twelve thermocouples are logged through every step (section 7, P14, and the stand-in's thresholds re-derived from them).
    names: refs=F2; nets=PI_KILL; boards=board B; gates=enable
TEST-PLAN.md#6:L146:cell:4:s2 [ad3439526c]
    **Abort, for every E3-A, E3-L and E3-H run:** the run is ended at once, and recorded as a FAIL of the hot stop, if any cell surface reaches +59 C on the reference thermocouples, so that no test drives the pack into its permanent trips (the second level's lowest trip is 62.7 C, section 7 P10; the gauge's SOT can act from 64.2 C, `review-packets/battery/THERMAL-COORDINATION.md` section 4, row L10).
    names: refs=L10
TEST-PLAN.md#6:L147:cell:0:s1 [090f45e889]
    E5-A
    names: boards=E5
TEST-PLAN.md#6:L147:cell:2:s1 [8c3c7d6e37]
    10 cycles of 24 hours at 95 percent relative humidity, the cycle of E5 with its upper level at the use envelope's +40 C
    names: boards=E5
TEST-PLAN.md#6:L147:cell:4:s1 [e439618286]
    no condensation inside (the inside humidity log, and inspection of the pack's wrap, board P and its connectors), no corrosion, every cell surface at most +60 C, the functional check passes
    names: boards=board P
TEST-PLAN.md#6:L148:cell:4:s1 [5ea11dc0bc]
    survive and recover: every cell surface at most +60 C; F2 intact and its body at most +60 C; no permanent fail logged and the second level not fired (its lowest trip is 62.7 C); the functional check passes after return; the pack's capacity afterwards at least 95 % of its capacity before, measured the maker's way (0.2 C to 2.65 V at 23 C, Ver. 1.1 7.10)
    names: refs=F2
TEST-PLAN.md#6:L149:cell:1:s1 [6c69f837bb]
    the pack alone, armed (JP1 closed), at full charge (the maker's own storage-test condition)
    names: refs=JP1
TEST-PLAN.md#6:L149:cell:4:s1 [2456359430]
    F2 intact and its body at most +60 C; the gauge's OTD opens Q2 before any cell surface passes +60 C and recovers at or below +52.5 C; the second level does not fire; capacity recovery at least 95 % as E3-T
    names: refs=F2,Q2
TEST-PLAN.md#6:L150:cell:0:s1 [337dffb651]
    E4-S
    names: boards=E4
TEST-PLAN.md#6:L150:cell:1:s1 [dcf98de21b]
    **deviation**: the stored configuration less its pack; the pack's own cold storage is E4-T and E4-P
    names: boards=E4
TEST-PLAN.md#6:L151:cell:0:s1 [f6077e2114]
    E4-O
    names: boards=E4
TEST-PLAN.md#6:L151:cell:2:s1 [27ff8b75f0]
    -20 C, 4 h, after E4-S
    names: boards=E4
TEST-PLAN.md#6:L151:cell:4:s1 [e843a980ba]
    as E4 in section 2
    names: boards=E4
TEST-PLAN.md#6:L152:cell:0:s1 [2ee930af13]
    E4-T
    names: boards=E4
TEST-PLAN.md#6:L152:cell:4:s1 [c822477434]
    survive and recover: no permanent fail, F2 intact, full function after return to 25 C, capacity within 5 % of its value before (PROVISIONAL: the maker publishes no cold-storage recovery figure)
    names: refs=F2
TEST-PLAN.md#6:L153:cell:0:s1 [6da4e9ef2b]
    E4-P
    names: boards=E4
TEST-PLAN.md#6:L153:cell:2:s1 [fa51d4da27]
    as E4-T
    names: boards=E4
TEST-PLAN.md#6:L153:cell:4:s1 [fa51d4da27]
    as E4-T
    names: boards=E4
TEST-PLAN.md#6:L155:para:s1 [6e6288eba3]
    If the governing revision is Version 1.0 (storage floor 0 C), the pack may not be stored or carried below 0 C at all, and the envelope's -20 C storage figure applies to the kit without its pack: E4-T and E4-P then run at 0 C, and the ConOps restriction above gains its cold half.
    names: boards=E4
TEST-PLAN.md#7:L168:cell:2:s1 [d266582a0f]
    before the golden image is written (TI's image: FETs held off, permanent fails not armed, so the gauge cannot latch 2LVL) and with JP1 open: a decade resistance in place of J_TS2's thermistor, stepped down from 3.0 kohm; read TP11 (FUSE_G, COUT) and Q5's gate (DOUT)
    names: refs=JP1,J_TS2,Q5,TP11; nets=FUSE_G; gates=gate
TEST-PLAN.md#7:L168:cell:3:s1 [361295de25]
    COUT and DOUT go active 3.6 to 4.4 s after the resistance falls below the value that maps to 62.7 to 77.5 C through R34 and R33 (`review-packets/battery/candidate/ts_network.py`), and return about 10 K cooler (TOT_HYS); F2 untouched because JP1 is open
    names: refs=F2,JP1,R33,R34
TEST-PLAN.md#7:L169:cell:2:s1 [38065665bd]
    on a spare board P with RT1 not fitted and the image written: a resistance across PTC and PTCEN stepped from 1.0 to 4.0 Mohm with the FETs on; separately, RT1 samples in an oven
    names: boards=board P
TEST-PLAN.md#7:L169:cell:3:s1 [cdc578a336]
    the FETs open within 145 ms of the resistance passing a value between 1.2 and 3.95 Mohm and PTC is logged as a permanent fail; the samples cross 1.2 Mohm between 110 and 133 C; whether F2 is driven follows TI's answer to Q-TI-8
    names: refs=F2
TEST-PLAN.md#7:L170:cell:3:s1 [af5ac32c91]
    in order, on the reference thermocouples: no charge starts above 42 C in the gauge's reading (T3) and a running charge stops at or below 45 C at the cells (T4, OTC), discharge stops at or below 60 C (OTD), and only above 60 C does SOT or the second level retire the block (F2 opens); no venting; the block and its F2 are retired afterwards
    names: refs=F2
TEST-PLAN.md#7:L171:cell:1:s1 [de504006ee]
    the chemical fuse F2 at temperature (`feasibility/POWER-THERMAL.md` PWR-F12)
    names: refs=F2
TEST-PLAN.md#7:L171:cell:2:s1 [1acaffc839]
    the block at +55 C: 18 A for 60 s; the block at the pack's hot limit: 10 A for 1 h; a thermocouple on F2's body
    names: refs=F2
TEST-PLAN.md#7:L171:cell:3:s1 [24ff834f81]
    F2 does not open; its body never above +60 C; its element resistance before and after logged.
    names: refs=F2
TEST-PLAN.md#7:L171:cell:3:s2 [279158d372]
    A body reading above +60 C is a finding for `review-packets/battery/FUSE-INTERPRETATION.md` section 1.1 and for the key-down gate
    names: gates=gate
TEST-PLAN.md#7:L172:cell:2:s1 [f90b0c5113]
    a slow chamber ramp from +20 to +58 C, and E3-A's log: the four cell thermistors, the second level's thermistor and the twelve thermocouples
    names: boards=A's
TEST-PLAN.md#7:L173:cell:2:s1 [5285a45c82]
    the assembled kit with its pack, HOT-R1 drawn on boards A and E (without it the run records the generated path and REQ-077 reads FAIL at desk), at room temperature, first on the pack and then on shore.
    names: boards=boards A and E
TEST-PLAN.md#7:L173:cell:2:s2 [58ad230920]
    The gauge's hottest cell reading is driven by substituting one cell thermistor input: a make-before-break decade resistance in place of one 103AT-2 at board P's `J_TS` (TS1 to TS4 and VSS), through an adapter lead that passes the other three thermistors, so that no TS input is ever open (an open thermistor is a permanent failure of the gauge once its permanent fails are armed, TI SLUUAQ3A section 3.20); each setting is the one at which the gauge's `DAStatus2()` (`ManufacturerAccess()` 0x0072, SLUUAQ3A section 13.1.48) reads the target on that input, about 3.49, 3.33, 3.27 and 4.61 kohm for +55.0, +56.5, +57.0 and +46.5 C on the 103AT-2's B25/85 of 3435 K (Semitec, `v2/vendor/battery/semitec-103at-2-kempston.pdf`; INFERRED), because the gauge's own External 1 to 4 Temp Offset (SLUUAQ3A section 11.2.1.4, at most 12.7 K) cannot reach the thresholds from room temperature.
    names: refs=J_TS; boards=board P
TEST-PLAN.md#7:L173:cell:2:s3 [cd00088a9e]
    Steps: +55.0 C (C1's cell trigger), +56.5 C (H1), +57.0 C (H2), never at or above the gauge's OTD of +57.5 C; after H1 the reading set to +50.0 C and then to +46.0 C; after H2 MAIN pressed with the reading at +50.0 C and again at +46.0 C.
    names: refs=C1
TEST-PLAN.md#7:L173:cell:2:s4 [3862859d08]
    Then, with the sensor controller held in reset, board B's TMP117 driven past +55.0 C and +56.0 C by local heating of its package alone (a reference thermocouple beside it) and back below +45.0 C; and HOT-R1 held low, and left open, at the dock contact
    names: boards=board B
TEST-PLAN.md#7:L173:cell:3:s1 [00410dee37]
    on the pack and on shore alike: at +55.0 C C1 sheds to the reduced mode and then the heat stage; H1 acts on the second reading a second apart at or above +56.5 C: every running module shut down on `PI_SHDN_REQ` and `SLOT_EN1` to `SLOT_EN3` dropped within 60 s, the switched loads off, the charge held by the charger's `CHRG_INHIBIT` bit with the charger still carrying the kit on shore, the mixer fans at full speed, MASTER WARN flashing and the e-paper "HOT STOP: COOLING" with the reading, HOT-R1 at 5 Hz (1 Hz before); no module returns at +50.0 C, nor at +46.0 C before 30 minutes have passed since the stop, and the heat stage's module returns once both hold; H2 acts on the second reading at or above +57.0 C with H1 acting: the e-paper "HOT SHUTDOWN: RESTART WITH MAIN WHEN COOL" written, then `PI_KILL`, every converter on board A stopped, HOT-R1 held low, and the kit staying off on shore; MAIN at +50.0 C raises no slot, and at +46.0 C the kit starts; with the sensor controller in reset HOT-R1 reads high and the same two steps act on the TMP117 at +55.0 and +56.0 C, released at +45.0 C; HOT-R1 held low stops the kit (H2), and left open it reads as the sensor controller lost; after every run the gauge's `SafetyStatus()` and `PFStatus()` show no OTD and no permanent failure, and the second level (on `J_TS2`, untouched) and F2 have not acted.
    names: refs=C1,F2,J_TS2; nets=PI_KILL,PI_SHDN_REQ,SLOT_EN1,SLOT_EN3; boards=board A
TEST-PLAN.md#8:L187:cell:3:s1 [da5e30e7d5]
    the enclosure conductance for each lid and fan state, which replaces both bounds and re-derives `CONOPS.md` section 4c's stage ambients, C1 to C4 and D-02b's consequence figures; the plate patch's rise and cooling, which re-derive K1, K2 and C4's flange limits (PWR-F15)
    names: refs=C1,C4,K1,K2
TEST-PLAN.md#8:L189:cell:2:s1 [075998911f]
    the flange sensor and a thermocouple beside it, 60 s key-downs at 13.8 V into a dummy load from a +50 C plate, and the patch's cooling after one (`feasibility/POWER-THERMAL.md` section 10, bench readings); every key-down at most 60 s, at least 2 s apart, started inside K2 and ended by C4.
    names: refs=C4,K2
TEST-PLAN.md#8:L189:cell:2:s2 [65befdb0cf]
    At commissioning it replaces `ASSEMBLY.md` section 8 step 10's ten minutes of key-down at 30 W, which K1 forbids (`CONOPS.md` section 4d; Review A, B6)
    names: refs=K1
TEST-PLAN.md#8:L189:cell:3:s1 [9dba163201]
    the flange limits of K2 (+75 C) and C4 (+85 C) re-derived, and the key-down repeat rate
    names: refs=C4,K2
TEST-PLAN.md#9:L193:para:s1 [9e5d633260]
    They run at the build, before E1; T7 is E6 and E7 of section 2, and T8 is judged through E1 and E2.
    names: boards=E6,E7
ASSEMBLY.md#2:L84:item:s1 [6374505c78]
    Dock strip E6: solder the entry leads (vehicle and shore pair to `J_DCIN`, solar pair to `J_SOLAR`, VH crimps), the pack cable's XT60 counterpart at `J_BATT` and the SMBus socket `J_SMB` (JST-XH 1x4), the lid and tamper reed's lead into `J_TAMP`, the sensor headers (`J_DCF`, `J_GEIGER`, `J_LTG`, `J_POD`), the two mixer fans (`J_FAN1`, `J_FAN2`), the water electrode leads; fit the three fuse holders with their blades, and check the 20 V bus at the block lands with 9 V and 36 V in.
    names: refs=J_BATT,J_DCF,J_DCIN,J_FAN1,J_FAN2,J_GEIGER,J_LTG,J_POD,J_SMB,J_SOLAR,J_TAMP; boards=E6
ASSEMBLY.md#2:L89:item:s1 [00e44f7f0e]
    The bay spacers (about 31.3 mm, section 1; corrected 26 September 2026 from 38 mm), B16: the three Compute Modules pressed onto their receptacle pairs and screwed to the standoffs, the coolers clipped on with their fan leads in `J_FAN1..3`, the NVMe drives in `J_M2N1..3`, the two WiFi link cards in `J_M2C1` (slot 1) and `J_M2C3` (slot 3), each with its two MHF4 pigtails to B16's antenna changeover (`J_W1A`, `J_W1B` and `J_W3A`, `J_W3B`), the changeover's two outputs (`J_WOA`, `J_WOB`) by pigtail to A22's P2P A and P2P B jacks, the 5G module in `J_M2C2` (slot 2) with its SIMs in `J_SIM1`/`J_SIM2` and its pigtails from its ANT0 and ANT2 receptacles to the 5G MAIN and 5G DIV jacks (ANT3, the third jack of D-07, waits on A22's site; corrected 26 September 2026, S-07: this step named one card and pigtails straight to the wall), the LimeSDR into `J_LIME` with its pigtail to SDR, the RockBLOCK on its bracket into `J_RB9704` with its pigtail to IRIDIUM, the GNSS pigtail from `J_GNSS1` to A22 `J_RF4`, the LoRa pigtail from `J_LORA1` to `J_RF11`, one module's antenna-kit lead to `J_RF3`, the CR2032, the four rail leads from A22 into `J_5V_S1..3` and `J_5V_DEV`, the PoE lead into `J_54V`, the 26-way ribbon between A22's and B16's `J_AB1` (the two headers sit at the same case XY, one on A22's top and one on B16's underside), the HDMI cable in `J_HDMI` and the camera and QMX leads in `J_CAM` and `J_QMX` left for the face and the lid, the panel ribbon in `J_PANEL`.
    names: refs=J_54V,J_5V_DEV,J_5V_S1,J_AB1,J_CAM,J_FAN1,J_GNSS1,J_HDMI,J_LIME,J_LORA1,J_M2C1,J_M2C2,J_M2C3,J_M2N1,J_PANEL,J_QMX,J_RB9704,J_RF11,J_RF3,J_RF4,J_SIM1,J_SIM2,J_W1A,J_W1B,J_W3A,J_W3B,J_WOA,J_WOB; boards=A22,B16
ASSEMBLY.md#4:L120:cell:0:s1 [88e82bc9f0]
    Pack power (fused at the pack: the 25 A blade `F1` and, behind it, the chemical fuse `F2` of D-15)
    names: refs=F1,F2
ASSEMBLY.md#4:L120:cell:1:s1 [f2abb6956f]
    board P's two 12 AWG leads (`W_P`, `W_N`, `gen_sch_p.py:347-348`), along the front wall
    names: boards=board P; gens=gen_sch_p.py:347-348
ASSEMBLY.md#4:L120:cell:2:s1 [b04a6b1603]
    E6 `J_BATT` (XT60)
    names: refs=J_BATT; boards=E6
ASSEMBLY.md#4:L121:cell:1:s1 [a60b800d87]
    P1 `J_SMB`: JST-XH B4B-XH-A, 1x4, 2.50 mm (1 SMBC, 2 SMBD, 3 PACK_N, 4 PRES; `gen_sch_p.py:514`, LCSC C144395, B4B-XH-A(LF)(SN), carried by the generator since round 8, R8P-02; C594232 from `lcsc_fill.py:158` was the gold -G variant JST's catalogue does not list)
    names: refs=J_SMB; nets=PACK_N; gens=gen_sch_p.py:514
ASSEMBLY.md#4:L121:cell:2:s1 [415b8a301b]
    E6 `J_SMB`: the same JST-XH B4B-XH-A, 1x4, 2.50 mm, in P1's pin order (1 SMBC, 2 SMBD, 3 GND, 4 PRES to the sensor controller's GPIO17; `gen_sch_e.py:218`)
    names: refs=J_SMB; boards=E6; gens=gen_sch_e.py:218
ASSEMBLY.md#4:L121:cell:4:s1 [20f3ba1ddd]
    **Corrected 26 September 2026 (twice).** This row first said "XH2.5 x 6", then recorded that no lead mated both ends: E6 carried a 2.54 mm 1x6 pin header left from the withdrawn BB-2590/U, and a straight lead would have crossed clock and data.
    names: boards=E6
ASSEMBLY.md#4:L121:cell:4:s2 [4a38904e7a]
    As generated since `faf8c981` both ends are the same JST-XH 1x4 in P1's order; P1's pin 3 is `PACK_N`, the pack's own negative lead, so the lead's return does not bypass the shunt; E6's sensor controller is the gauge's only SMBus host (the charger on A22 has no conductor to P1).
    names: nets=PACK_N; boards=A22,E6
ASSEMBLY.md#4:L122:cell:2:s1 [e87677183b]
    E6 `J_DCIN` (JST-VH), the lead tied along the back wall, the west end wall and the front wall
    names: refs=J_DCIN; boards=E6
ASSEMBLY.md#4:L123:cell:2:s1 [07376ca281]
    E6 `J_SOLAR` (JST-VH), with the DC lead
    names: refs=J_SOLAR; boards=E6
ASSEMBLY.md#4:L124:cell:1:s1 [3fbdea5ae9]
    E6 `J_BLK` (twelve lands)
    names: refs=J_BLK; boards=E6
ASSEMBLY.md#4:L125:cell:1:s1 [7bb8442324]
    E6 `P_CP` and `P_CN`
    names: boards=E6
ASSEMBLY.md#4:L126:cell:1:s1 [a1079ff03a]
    C7 `J_MAINSW` (two solder lands on the underside, beaded)
    names: refs=C7,J_MAINSW; boards=C7
ASSEMBLY.md#4:L126:cell:2:s1 [f235317b9f]
    A22 `J_MAINSW` (XH2.5)
    names: refs=J_MAINSW; boards=A22
ASSEMBLY.md#4:L126:cell:4:s1 [8cc644c978]
    XH2.5 at the A22 end; unplugs there
    names: boards=A22
ASSEMBLY.md#4:L127:cell:1:s1 [fb41d688ef]
    SW_PI's contacts
    names: refs=SW_PI
ASSEMBLY.md#4:L127:cell:2:s1 [b6a3d866f0]
    C7 `J_PIJ2` lands (the panel controller reads it; nothing leaves the backer)
    names: refs=C7,J_PIJ2; boards=C7,the backer
ASSEMBLY.md#4:L128:cell:1:s1 [c2655f2943]
    B16 `J_PANEL`
    names: refs=J_PANEL; boards=B16
ASSEMBLY.md#4:L128:cell:2:s1 [0969582f24]
    C7 `J_PANEL` (SMD box header on the underside)
    names: refs=C7,J_PANEL; boards=C7
ASSEMBLY.md#4:L129:cell:1:s1 [1df73a9266]
    A22 `J_AB1` (top)
    names: refs=J_AB1; boards=A22
ASSEMBLY.md#4:L129:cell:2:s1 [b01b1874b5]
    B16 `J_AB1` (underside, the same case XY)
    names: refs=J_AB1; boards=B16
ASSEMBLY.md#4:L130:cell:1:s1 [7e0af4aa94]
    A22 `J_MEZZ1`
    names: refs=J_MEZZ1; boards=A22
ASSEMBLY.md#4:L130:cell:2:s1 [a3226d0e1b]
    D8 `J_HARN1`
    names: refs=D8,J_HARN1; boards=D8
ASSEMBLY.md#4:L131:cell:0:s1 [a382a1aaea]
    Mezzanine 5 V (2 A eFuse on A22)
    names: boards=A22; gates=efuse
ASSEMBLY.md#4:L131:cell:1:s1 [f1752455cd]
    A22 `J_MEZZ_PWR1` (VH)
    names: refs=J_MEZZ_PWR1; boards=A22
ASSEMBLY.md#4:L131:cell:2:s1 [ceb537b912]
    D8 `J_PWR1` (VH)
    names: refs=D8,J_PWR1; boards=D8
ASSEMBLY.md#4:L132:cell:0:s1 [db20368ea7]
    Slot rails, 3 x (5.1 V: AP64500 5 A bucks on slots 1 and 3, an LM5176 stage on slot 2, each INA226 monitored; `gen_sch_a.py:840-841` and `:873` at `45bde541`, corrected 26 September 2026 from "6 A converters")
    names: gens=gen_sch_a.py:840-841
ASSEMBLY.md#4:L132:cell:1:s1 [0b99dbc698]
    A22 `J_5V_S1..3` (VH)
    names: refs=J_5V_S1; boards=A22
ASSEMBLY.md#4:L132:cell:2:s1 [a07ddb5431]
    B16 `J_5V_S1..3` (VH)
    names: refs=J_5V_S1; boards=B16
ASSEMBLY.md#4:L133:cell:0:s1 [d93d8c24ef]
    Device rail (5.1 V, an LM5176 stage with a 7.2 A minimum limit, `gen_sch_a.py:881`)
    names: gens=gen_sch_a.py:881
ASSEMBLY.md#4:L133:cell:1:s1 [c2347385d2]
    A22 `J_5V_DEV` (VH)
    names: refs=J_5V_DEV; boards=A22
ASSEMBLY.md#4:L133:cell:2:s1 [6b6ef36a29]
    B16 `J_5V_DEV` (VH)
    names: refs=J_5V_DEV; boards=B16
ASSEMBLY.md#4:L134:cell:1:s1 [b42c3197e5]
    A22 `J_54V` (VH)
    names: refs=J_54V; boards=A22
ASSEMBLY.md#4:L134:cell:2:s1 [edfc9fd60e]
    B16 `J_54V` (VH)
    names: refs=J_54V; boards=B16
ASSEMBLY.md#4:L135:cell:0:s1 [6a24287f90]
    PA rail (13.8 V, EMCON gated)
    names: gates=gated
ASSEMBLY.md#4:L135:cell:1:s1 [454842f9d8]
    A22 `J_PA` (VH)
    names: refs=J_PA; boards=A22
ASSEMBLY.md#4:L135:cell:4:s1 [93fbb849cb]
    VH at A22, soldered at the module
    names: boards=A22
ASSEMBLY.md#4:L136:cell:0:s1 [e5381bc58f]
    PA gate bias
    names: gates=gate
ASSEMBLY.md#4:L136:cell:1:s1 [8055befc30]
    D8 `J_VGG` (PH 1x2)
    names: refs=D8,J_VGG; boards=D8
ASSEMBLY.md#4:L136:cell:4:s1 [732459982a]
    PH at D8, soldered at the module
    names: refs=D8; boards=D8
ASSEMBLY.md#4:L137:cell:1:s1 [4ed7debafa]
    D8 `J_PAIN` (U.FL)
    names: refs=D8,J_PAIN; boards=D8
ASSEMBLY.md#4:L137:cell:4:s1 [15ed1aa70d]
    U.FL at D8, soldered at the module
    names: refs=D8; boards=D8
ASSEMBLY.md#4:L138:cell:2:s1 [6c2b997985]
    D8 `J_PAOUT` (SMA)
    names: refs=D8,J_PAOUT; boards=D8
ASSEMBLY.md#4:L138:cell:4:s1 [928f453201]
    soldered at the module, SMA at D8
    names: refs=D8; boards=D8
ASSEMBLY.md#4:L139:cell:1:s1 [32be340345]
    D8 `J_ANT` (SMA)
    names: refs=D8,J_ANT; boards=D8
ASSEMBLY.md#4:L139:cell:2:s1 [db2c455e92]
    A22 `J_RF1` (VHF jack)
    names: refs=J_RF1; boards=A22
ASSEMBLY.md#4:L140:cell:1:s1 [89e7df7f4a]
    D8 `J_HS1`/`J_HS2` (PH 1x5: SPK GND MIC GND PTT)
    names: refs=D8,J_HS1,J_HS2; boards=D8
ASSEMBLY.md#4:L140:cell:4:s1 [f6703b4b72]
    PH at D8, soldered at the jack
    names: refs=D8; boards=D8
ASSEMBLY.md#4:L141:cell:0:s1 [cded810b26]
    HF rail (12.0 V, EMCON gated)
    names: gates=gated
ASSEMBLY.md#4:L141:cell:1:s1 [51a31a4272]
    A22 `J_HF` (VH)
    names: refs=J_HF; boards=A22
ASSEMBLY.md#4:L141:cell:4:s1 [b65833d9c5]
    VH at A22; at the unit a straight 2.1 x 5.5 plug within d 18.8 and 55.4 long (r2 record)
    names: boards=A22
ASSEMBLY.md#4:L142:cell:1:s1 [06ac025b6c]
    B16 `J_QMX` (PH 1x4)
    names: refs=J_QMX; boards=B16
ASSEMBLY.md#4:L142:cell:4:s1 [ecea5966ca]
    PH at B16, USB-C at the unit, its overmold within 8.6 high, 12.35 wide and 35.4 long (r2 record)
    names: boards=B16
ASSEMBLY.md#4:L143:cell:2:s1 [52ce1f8c71]
    A22 `J_RF2` (HF jack)
    names: refs=J_RF2; boards=A22
ASSEMBLY.md#4:L143:cell:4:s1 [3864c187ad]
    BNC male at the unit within d 20.0 and 42.9 long (r2 record), SMA male at A22
    names: boards=A22
ASSEMBLY.md#4:L144:cell:0:s1 [8b920ffb63]
    Monitor supply (the pack node, 14.4 V nominal, behind a 1.2 A eFuse that trips above about 17.6 to 19.0 V; corrected 26 September 2026 from "12 V")
    names: gates=efuse
ASSEMBLY.md#4:L144:cell:1:s1 [daad402b1d]
    A22 `J_MON` (VH)
    names: refs=J_MON; boards=A22
ASSEMBLY.md#4:L144:cell:4:s1 [b213108c54]
    VH at A22
    names: boards=A22
ASSEMBLY.md#4:L145:cell:1:s1 [847a1d81ca]
    B16 `J_HDMI`
    names: refs=J_HDMI; boards=B16
ASSEMBLY.md#4:L145:cell:4:s1 [c82c937aba]
    HDMI A at B16
    names: boards=B16
ASSEMBLY.md#4:L146:cell:0:s1 [29ab7f6956]
    Monitor touch USB (full speed, on board D's spare hub port: the session's choice SC-HF-06 of 27 September 2026, `HW-FW-CONTRACT.md` section 8, `pcb_interfaces.yaml` IF-MON; corrected from "a B16 slot hub header", which named no designator)
    names: boards=B16,board D
ASSEMBLY.md#4:L146:cell:1:s1 [82a018a5c9]
    D8 `J_USB3` (PH 1x4: 5 V, D-, D+, GND)
    names: refs=D8,J_USB3; boards=D8
ASSEMBLY.md#4:L146:cell:4:s1 [842ee60d42]
    PH at D8
    names: refs=D8; boards=D8
ASSEMBLY.md#4:L147:cell:1:s1 [69aac94488]
    B16 `J_CAM` (PH 1x4)
    names: refs=J_CAM; boards=B16
ASSEMBLY.md#4:L148:cell:1:s1 [999fee59d1]
    B16 `J_ETH` (RJ45)
    names: refs=J_ETH; boards=B16
ASSEMBLY.md#4:L149:cell:1:s1 [86c164b77a]
    A22 `J_USBC_OUT` (5-pin: VBUS CC1 CC2 GND GND; the ESD array `U31` on CC1 and CC2, D-17, `gen_sch_a.py:1015-1026`, to be placed at the header in board A's next phase)
    names: refs=J_USBC_OUT,U31; boards=A22,board A; rails=VBUS; gens=gen_sch_a.py:1015-1026
ASSEMBLY.md#4:L149:cell:3:s1 [2eaf29fb64]
    18 AWG VBUS and GND, 26 AWG CC
    names: rails=VBUS
ASSEMBLY.md#4:L150:cell:3:s1 [1edbe04f58]
    **Corrected 26 September 2026 (S-07):** this row was the pigtail's data side on A22's `J_USBW`, which is now the Glenair's lead (the row below)
    names: refs=J_USBW; boards=A22
ASSEMBLY.md#4:L151:cell:1:s1 [d89e35b088]
    A22 `J_USBW` (PH 1x4: VBUS D- D+ GND; the pair `USB_WALL` from B16's bank 3 hub, port 3, over the A-B wall-port ribbon `J_AB2`; VBUS from the eFuse `U32`, 0.9142 A nominal limit (TPS2596 equation 7, SLVSET8A p.28), switched by A22's expander; `gen_sch_a.py:1613-1618`)
    names: refs=J_AB2,J_USBW,U32; boards=A22,B16; rails=VBUS; gates=efuse; gens=gen_sch_a.py:1613-1618
ASSEMBLY.md#4:L151:cell:4:s1 [e73bf0c766]
    PH at A22, USB-A at the feed-through.
    names: boards=A22
ASSEMBLY.md#4:L151:cell:4:s2 [07c344a956]
    **Corrected 26 September 2026 (S-07):** this row named a B16 `J_USBX` that no generator defines, and the D-12 move it called owed is generated since `458b2873`
    names: refs=J_USBX; boards=B16
ASSEMBLY.md#4:L152:cell:2:s1 [1db85b209f]
    B16 `J_FAN1..3` (SH 1.0)
    names: refs=J_FAN1; boards=B16
ASSEMBLY.md#4:L153:cell:2:s1 [45aad0383c]
    E6 `J_FAN1`/`J_FAN2`
    names: refs=J_FAN1,J_FAN2; boards=E6
ASSEMBLY.md#4:L154:cell:0:s1 [3b263770ff]
    Heater mat (a regulated 12.0 V from the buck `U33` behind the eFuse `U22`, the mat's own 12 V and 7.5 W rating, `gen_sch_a.py:1047-1076`)
    names: refs=U22,U33; gates=efuse; gens=gen_sch_a.py:1047-1076
ASSEMBLY.md#4:L154:cell:1:s1 [9c5b940fec]
    A22 `J_HEAT` (XH2.5)
    names: refs=J_HEAT; boards=A22
ASSEMBLY.md#4:L154:cell:4:s1 [4f23d4bc1d]
    XH2.5 at A22
    names: boards=A22
ASSEMBLY.md#4:L155:cell:2:s1 [6d34ea0175]
    E6 `J_POD` (PH 1x4: 3.3 V GND SDA SCL)
    names: refs=J_POD; boards=E6
ASSEMBLY.md#4:L155:cell:4:s1 [9b023f257a]
    PH at E6
    names: boards=E6
ASSEMBLY.md#4:L156:cell:1:s1 [6a22616079]
    the DCF77, Geiger and lightning boards on their standoffs beside E6
    names: boards=E6
ASSEMBLY.md#4:L156:cell:2:s1 [4209111b84]
    E6 `J_DCF`, `J_GEIGER`, `J_LTG`
    names: refs=J_DCF,J_GEIGER,J_LTG; boards=E6
ASSEMBLY.md#4:L157:cell:2:s1 [34e8b7c150]
    E6 `J_TAMP` (JST-XH 1x2, `gen_sch_e.py:524-542`)
    names: refs=J_TAMP; boards=E6; gens=gen_sch_e.py:524-542
ASSEMBLY.md#4:L157:cell:4:s1 [24c6181ac7]
    XH at E6; added 26 September 2026 (S-07)
    names: boards=E6
ASSEMBLY.md#4:L158:cell:1:s1 [9c94802702]
    E6 `PAD_W1`/`PAD_W2`
    names: boards=E6
ASSEMBLY.md#4:L159:cell:1:s1 [eaad6c91e6]
    B16 `J_GNSS1`, `J_LORA1` (U.FL)
    names: refs=J_GNSS1,J_LORA1; boards=B16
ASSEMBLY.md#4:L159:cell:2:s1 [aca374cf5e]
    A22 `J_RF4`, `J_RF11`
    names: refs=J_RF11,J_RF4; boards=A22
ASSEMBLY.md#4:L159:cell:4:s1 [c95f2202d2]
    U.FL at B16, SMA at A22
    names: boards=A22,B16
ASSEMBLY.md#4:L160:cell:2:s1 [b949f05d20]
    B16's changeover inputs `J_W1A`, `J_W1B` (slot 1 card) and `J_W3A`, `J_W3B` (slot 3 card)
    names: refs=J_W1A,J_W1B,J_W3A,J_W3B; boards=B16
ASSEMBLY.md#4:L161:cell:1:s1 [f4408c9dd4]
    B16's changeover outputs `J_WOA`, `J_WOB` (U.FL; two SKY13351 switches move both antennas to the slot 3 card under the voted changeover, `gen_sch_b.py:1253-1272`)
    names: refs=J_WOA,J_WOB; boards=B16; gens=gen_sch_b.py:1253-1272
ASSEMBLY.md#4:L161:cell:2:s1 [5258fad5f4]
    A22 `J_RF6`, `J_RF7` (P2P A, P2P B)
    names: refs=J_RF6,J_RF7; boards=A22
ASSEMBLY.md#4:L161:cell:4:s1 [b5e536304e]
    U.FL at B16, SMA at A22; corrected 26 September 2026 (S-07) from one card wired straight to A22
    names: boards=A22,B16
ASSEMBLY.md#4:L162:cell:0:s1 [c534a1735f]
    5G pigtails, 2 x (a third, ANT3, when D-07's third jack reaches A22)
    names: boards=A22
ASSEMBLY.md#4:L162:cell:2:s1 [3ad2e4231b]
    A22 `J_RF8`, `J_RF9` (legends 5G MAIN and 5G DIV)
    names: refs=J_RF8,J_RF9; boards=A22
ASSEMBLY.md#4:L162:cell:4:s1 [97e934a201]
    MHF4 at the module, SMA at A22
    names: boards=A22
ASSEMBLY.md#4:L163:cell:2:s1 [9052faed29]
    A22 `J_RF10`
    names: refs=J_RF10; boards=A22
ASSEMBLY.md#4:L164:cell:2:s1 [751ba352d8]
    A22 `J_RF5`
    names: refs=J_RF5; boards=A22
ASSEMBLY.md#4:L165:cell:2:s1 [16e24b8857]
    A22 `J_RF3`
    names: refs=J_RF3; boards=A22
ASSEMBLY.md#4:L165:cell:4:s1 [6055ac6d9f]
    SMA at A22
    names: boards=A22
ASSEMBLY.md#4:L166:cell:1:s1 [27280d94b4]
    the float clamps on E6 (Radiall R222M80500 right-angle plugs, crimped, tied into the clamp)
    names: boards=E6
ASSEMBLY.md#4:L166:cell:2:s1 [53e544156a]
    **Corrected 27 September 2026 (MESHSAT-1357, the case set C1 to C6):** the inner jacks of the PolyPhaser GTH-SFF-AL arrestors on the RF entry plates (C2, C4): west VHF, HF, WIFI 2.4, GNSS, SDR, WIFI P2P A, WIFI P2P B at Y -93, -62, -31, 0, +31, +62, +93; east 5G MAIN, 5G DIV, 5G ANT3, IRIDIUM, LORA at Y -62, -31, 0, +31, +62; all at Z 59.
    names: refs=C1,C2,C4,C6; boards=C6
ASSEMBLY.md#4:L167:cell:1:s1 [22fe281a54]
    **Corrected 27 September 2026 (MESHSAT-1357, the case set C1 to C6):** 114.0 x 68.3 x 5.0 aluminium (C3, `v2/release/case-2026-09-27/connector-plate/`); until 27 September 2026 54 x 82 x 3 between ribs
    names: refs=C1,C3,C6; boards=C6
ASSEMBLY.md#4:L180:para:s1 [ea68c64a4d]
    Twelve Preci-Dip 813 contacts in `J_DOCK` on A22's underside land on the raised block's targets: pins 1 to 4 carry `VIN_RAW` (the 9 to 36 V input and the solar tracker's output, passed up to A22's front end), 5 to 7 ground, 8 `SHORE_INHIBIT`, 9 and 10 the USB pair of E6's sensor controller, 11 ground and 12 a spare (`gen_sch_a.py:225`, `gen_sch_e.py:488`; corrected 26 September 2026, S-07: this sentence put the wall outlet's console pair on 9 and 10).
    names: refs=J_DOCK; nets=SHORE_INHIBIT,VIN_RAW; boards=A22,E6; rails=VIN_RAW; gens=gen_sch_a.py:225,gen_sch_e.py:488
ASSEMBLY.md#8:L204:item:s1 [f2fbb5a56a]
    A22 alone, pack not connected: a bench supply at 14.4 V on the node contacts through a 5 A limit.
    names: boards=A22
ASSEMBLY.md#8:L204:item:s2 [ebf7b76ff6]
    With `EMCON_HW` low the PA and HF rails stay off (corrected 26 September 2026: this read "high"; the line is active low, `PA_EN = EMCON_HW AND PA_SW_EN` in `gen_sch_a.py:535-536`, and `R102` pulls it low (`:537`) with the ribbon out, so on a bare A22 the two rails stay off until the line is driven high).
    names: refs=R102; nets=EMCON_HW,PA_EN,PA_SW_EN; boards=A22; gates=and; gens=gen_sch_a.py:535-536
ASSEMBLY.md#8:L206:item:s1 [dc6e921095]
    The stack with B16: each module boots from its rail with the other two slots disabled, then all three together; every USB device enumerates on its hub; the Ethernet switch links all three and the wall port.
    names: boards=B16
ASSEMBLY.md#8:L208:item:s1 [b023a2e379]
    Panel: the panel controller enumerates; lamp test lights all seventeen controller-lit indicators (the sixteen panel LEDs `D1` to `D16`, the TX lamp `D3` among them through its tie `D17`, and the PI button's ring; `PANEL.md` section 9); BLACKOUT kills the rail; the EMCON toggle locked closed keeps the SA868 and the PA in receive while the bridge asserts PTT and opens every transmitter rail gate, and every other radio goes dark (D-05, `PANEL.md` section 6), measured with an external receiver; ZEROIZE armed shows on the e-paper and, held 5 s, performs the erase of `PANEL.md` section 6 (decision 30: the secure element's wrapping key destroyed, the running modules' RAM keys dropped, the slots cut), after which no drive unlocks; SOS closed 2 s under EMCON queues its message and tells the operator (D-10, `PANEL.md` section 9).
    names: refs=D1,D16,D17,D3; gates=gate
ASSEMBLY.md#8:L210:item:s1 [7857aaa69d]
    Shore inhibit: `SHORE_INHIBIT` high holds the front end off within a second, low restores it.
    names: nets=SHORE_INHIBIT
ASSEMBLY.md#8:L211:item:s1 [0a98178adb]
    PA: key-downs of at most 60 s each at 30 W into a load, at least 2 s apart, each started only inside K2 and ended by C4 (`feasibility/POWER-THERMAL.md` sections 7.2 and 9.3), as `TEST-PLAN.md` T-H3 runs them; the flange sensor and a thermocouple beside it logged, and the case skin temperature recorded, the fans running.
    names: refs=C4,K2
ASSEMBLY.md#8:L211:item:s2 [c3f8dd9765]
    **Corrected 27 September 2026 (Review A of layer 2, finding B6; `CONOPS.md` section 4d):** this step was ten minutes of key-down at 30 W, which K1 forbids: one 60 s key-down at 45 W of heat from a +50 C plate already puts the flange at about 95 C on the record's own figure, against the RA30H1317M1's +100 C case maximum and its 90 C advice (PWR-F15).
    names: refs=K1
ASSEMBLY.md#8:L212:item:s1 [1b157a50d3]
    Blind-mate: lift the stack and set it back three times, each time by the procedure of section 7 (kit off, outside leads and pack unplugged, the cap on E5 while it is out).
    names: boards=E5
ASSEMBLY.md#8:L213:item:s1 [857ee4d62b]
    Pack gauge data flash (decision 40, owner ruling of 26 September 2026), before the pack is first charged or discharged: read the BQ4050's protection thresholds and enabled protections back and compare them with `pcb_pack_protection.yaml`.
    names: gates=enabled
ASSEMBLY.md#8:L213:item:s2 [42ab04ebc5]
    Board P's second level covers cell under-voltage in hardware since `faf8c981` (D-15's first branch), so the read-back is the check D-15 keeps; only after it passes is the chemical fuse armed by closing `JP1` (`gen_sch_p.py` docstring and `:476`; corrected 26 September 2026, S-07).
    names: refs=JP1; boards=P's; gens=gen_sch_p.py
ASSEMBLY.md#9:L217:item:s1 [c54e91925e]
    A22: the Preci-Dip 813-S1-012-10-016101 spring connector and the nine Mill-Max 0858 class power pins on the underside (tails soldered on the top face), the eleven Radiall R222M00720 blind-mate receptacles, the Keystone 3568 holder with its 25 A mini blade, the inductors that have no assembler equivalent (read the ORDER-NOTES), the rail leads, the PA, HF, monitor and heater leads, the MAIN button lead, the wall USB-C leads.
    names: boards=A22
ASSEMBLY.md#9:L218:item:s1 [3fa744781d]
    B16: the three Compute Modules (CM5108064) on their receptacles and standoffs, the three coolers with their fan leads, the WiFi link card, the 5G module with its two SIMs, the three NVMe drives, the LimeSDR, the RockBLOCK on its bracket, the CR2032, the rail and PoE leads from A22, the antenna pigtails, the HDMI cable, the camera and QMX leads, the panel and A-B ribbons; the LG290P, the E22 and the two E72 are assembled where JLCPCB stocks them, else hand-soldered.
    names: boards=A22,B16
ASSEMBLY.md#9:L219:item:s1 [dcfe5ddc9a]
    C7 (the backer under the plate; the switches, the jacks, the camera and the sounder mount in the plate and only their leads reach the board): the sixteen 3 mm LEDs standing on the top face under the light guides (beaded to 5.3 mm), the Floyd Bell sounder with its gasket, the three C&K switches, the NKK toggle, the three APEM toggles with their covers, the two U-174/U jacks, the camera module, the PDi e-paper on its ZIF, the RP2040 and its flash if JLCPCB has no stock, the two XH leads.
    names: refs=C7; boards=C7,the backer
ASSEMBLY.md#9:L220:item:s1 [18bf292849]
    D8: the SA868 module where JLCPCB has no stock, the G6K relay if short, the U.FL and SMA leads to the PA and the antenna, the two headset pigtails, the VGG lead; the PA module itself is a plate part.
    names: refs=D8; boards=D8
ASSEMBLY.md#9:L221:item:s1 [7211912728]
    E6: the three Keystone holders with their blades, the JST-VH DC and solar leads, the XT60 counterpart and the SMBus socket (JST-XH 1x4), the lid and tamper reed on `J_TAMP`, the twelve signal wires and the 12 AWG pair up to the block, the printed float clamp bar (`v2/cad/float_clamp.py`: one part, twelve 8.5 mm cavities, 22 M3 x 8 into the strip's clamp holes at the mid-pitch points between cavities, each plug's cable laid in its own slot to the south or north and tied through the bar's two tie slots beside it) with their Radiall R222M80500 plugs, the DCF77, Geiger and lightning modules on standoffs beside the strip, the two mixer fans, the water strips, four VHB pads.
    names: refs=J_TAMP; boards=E6
ASSEMBLY.md#9:L222:item:s1 [c648bf2ea2]
    P1 (inside the pack): the 25 A blade in F1, the four 2.5 mm2 solder lands (the block's B+ and B- straps, the pack's two 12 AWG leads), the five tap wires into J_CELL, the four cell thermistors into J_TS and the second level's own thermistor into J_TS2 (on the hottest cell), the SMBus lead into J_SMB; the gauge's golden image from bqStudio over the SMBus before the lid goes on, and the arming jumper JP1 left open until section 8 step 12 (corrected 26 September 2026, S-07).
    names: refs=F1,JP1,J_CELL,J_SMB,J_TS,J_TS2
ASSEMBLY.md#9:L223:item:s1 [3d63f552f7]
    E5: nothing is placed on it by the assembler.
    names: boards=E5
ASSEMBLY.md#9:L224:item:s1 [cd9739a701]
    Case and face (**Corrected 27 September 2026 (MESHSAT-1357, the case set C1 to C6):** C1 to C6): the four setting legs with their VHB 5952 pads, the printed locator and the two pairs of printed wedges; the connector plate (114.0 x 68.3 x 5.0) and its gasket with its receptacles on the back wall, each on a Glenair 930-001 silicone flange gasket, the six M4 x 25 plate screws with bonded sealing washers; the twelve PolyPhaser GTH-SFF-AL arrestors on the two 6.0 mm RF entry plates with their two gaskets and sixteen M4 x 12 ISO 7380 screws on rubber-faced sealing washers (in place of the eleven Amphenol 132170 couplers at Z 88); the sensor pod on its M8; ten 6-32 UNC x 1/2 in A2 pan heads for the plate (in place of the M3 x 10 with star washers); the face seals and hardware of `vendor/seals/` and `vendor/mentor/`: the e-paper tape frames from `face-plate.dxf` (the PORON ring is dropped, C1), the 2.0 mm UV polycarbonate lens with 3M Primer 94, three Silex GP60 silicone washers, the NKK AT516 spare O-ring and AT428H boot, the APEM K seals, the Floyd Bell 61663 gasket, sixteen Mentor 1282.5004 light guides, eight PEM SO-M3-10 standoffs and two S-M3 nuts, the Xenarc window gasket, DOWSIL 3145 clear for the beads, MG Chemicals 422B for the backer's underside, the 3M 7871EC serial label; the QMX tray r2 (the printed tray and retaining frame, the 5052 lid plate, ten M3 x 5 countersunk A2, six M3 x 10 button head A2 with six M3 square nuts, two PORON 4701-30 pads, DP8005 for the plate, bonded tie mounts for the lid harness).
    names: refs=C1,C6; boards=C6,the backer
pcb_decisions.yaml#28:L52:field:outcome:s1 [27a657c309]
    owner ruling 25 September 2026, asked one decision at a time with the options and the recommendation: four layers at 2 oz outer copper for board P, the arm P8 measured at 0 hard and 0 unrouted at the fabricator's 0.16 mm floor.
    names: boards=P8,board P
pcb_decisions.yaml#28:L52:field:outcome:s2 [60324e1220]
    The fabricator's four-layer 2 oz stackup record, the one question owed when the owner ruled, is recorded since d468613e: JLC04162H-7628 in stackup_write.STACKS (stackup_write.py:46 at 45bde541), transcribed from JLCPCB's captured response of 25 September 2026 (v2/vendor/fabricator/jlcpcb-stackups-2026-09-25.md).
    names: gens=stackup_write.py:46
pcb_decisions.yaml#28:L52:field:outcome:s3 [a4f3639760]
    The committed board P layout is still the two-layer P4, so board P is judged on the four-layer stackup only once its next phase is placed and routed on it.
    names: boards=P4,board P
pcb_decisions.yaml#28:L52:field:reversed_by:s1 [b690b6e0c5]
    reopen this decision and route board P on two layers again; nothing has been laid for this ruling yet
    names: boards=board P
pcb_decisions.yaml#40:L896:field:outcome:s1 [4698174d5f]
    THE FLOOR, which is the session's engineering and stands under either branch: a 4S secondary over-voltage protector across the four taps, a chemical fuse in the pack path that the secondary protector AND the BQ4050's own FUSE output (its pin 25) can both blow, and the BQ4050's PTC input turned on instead of tied off.
    names: gates=and
pcb_decisions.yaml#40:L896:field:outcome:s2 [a89adf0d12]
    If a 4S secondary protector that also covers under-voltage can be sourced near the cost of the over-voltage-only part, it is used; otherwise the under-voltage protection stays in the BQ4050's firmware and the residual is accepted, with a verification of the gauge's data flash (the thresholds and the enabled protections read back against `pcb_pack_protection.yaml`) as a commissioning step.
    names: gates=enabled
pcb_decisions.yaml#40:L896:field:outcome:s3 [4f6b62b753]
    IN BOARD P'S SCHEMATIC SINCE faf8c981 (round 4 of MESHSAT-1357), with the second level's over-temperature network of d90f30e4: a TI BQ7720700 second level (3S to 7S; cell over-voltage 4.325 V, cell under-voltage 2.25 V, open wire, and a fixed 70 C over-temperature on its own 103AT-2 thermistor; SLUSEG7D, v2/vendor/battery/ti-bq77207.pdf) whose COUT and the BQ4050's FUSE output both drive the heater switch of an Eaton SCF9550-30-05 chemical fuse F2 through the arming jumper JP1, which is closed at commissioning after the gauge's image is written and read back; its DOUT holds the discharge FET off below 2.25 V; and the BQ4050's PTC input is enabled with a Murata PRF15BB103RB6RC chip PTC element (gen_sch_p.py:243, :288 and :414-502 at 45bde541).
    names: refs=F2,JP1; gates=enabled; gens=gen_sch_p.py:243, :288 and :414-502
pcb_decisions.yaml#40:L896:field:outcome:s4 [c1269c680b]
    It is not laid out: the committed board P layout (P4) predates the schematic and is re-placed and re-routed at board P's next phase, and BAT-001 on board P stays open until that copper exists and pack_protection judges board P as generated (S-45).
    names: boards=P4,board P
pcb_decisions.yaml#40:L896:field:reversed_by:s1 [b7bc3415b2]
    reopen this decision and take the second level, the chemical fuse and the PTC element out of board P's schematic (gen_sch_p.py), which carries them since faf8c981; no board P layout carries them yet
    names: boards=board P; gens=gen_sch_p.py

# counts per document
v2/docs/PANEL.md: 145 sentences
v2/docs/CONOPS.md: 86 sentences
v2/docs/V2-SPEC.md: 89 sentences
v2/docs/OPERATING-ENVELOPE.md: 21 sentences
v2/docs/TEST-PLAN.md: 97 sentences
v2/docs/ASSEMBLY.md: 120 sentences
v2/ecad/tools/pcb_decisions.yaml: 9 sentences
total: 567 sentences
