# Stream s122 verdicts: every inventoried sentence judged against the committed netlists and the generators.
# Written by v2/docs/records/s122/verdicts.py (checks: names, citations, assertions; see its docstring).
# Netlists: A v2/ecad/pcb-a-power-a23/out/pcb-a-power.net@6c40250c47195ebb, B v2/ecad/pcb-b-compute-b19/out/pcb-b-compute.net@3ef9b8c49a01b728, C v2/ecad/pcb-c-display-c8/out/pcb-c-display.net@c9f7394594201045, D v2/ecad/pcb-d-aprs-d9/out/pcb-d-aprs.net@a2d48972d171aad1, E v2/ecad/pcb-e1-dock-e7/out/pcb-e1-dock.net@2ed95a0e8069ebf8, P v2/ecad/pcb-p-pack-p2/out/pcb-p-pack.net@20c7b0795593d761
# Documents: v2/docs/PANEL.md@b396d028b41e880d, v2/docs/CONOPS.md@6cb7b241cb84d729, v2/docs/V2-SPEC.md@1e1547e1462904f7, v2/docs/OPERATING-ENVELOPE.md@a8e65995c594546b, v2/docs/TEST-PLAN.md@42a3dff33442c860, v2/docs/ASSEMBLY.md@942d562edd128759, v2/ecad/tools/pcb_decisions.yaml@a41df5d12ff95995, v2/docs/feasibility/EMCON.md@c8eb306265110076, v2/docs/handover/DEFINITION-STATUS.md@2db0ad36da754fa4

PANEL.md#1:L55:cell:1:s1 [d2e1df041f] TRUE
    `U3` RP2040, `U4` W25Q16 QSPI flash, `Y1` 12 MHz, `R5`/`JP1` BOOTSEL strap, `TP1`..`TP3` SWD
    judgement: the controller's parts; TP3 is the RUN line of the SWD set
    names looked up: 7 parts, 0 nets
    part numbers (1): RP2040 on B (J_PANEL), C (U3), E (U10)
    asserted (7): C U3 value has 'RP2040' (netlist: "RP2040 panel controller (USB device on B16's slot-1 hub, the"); C U4 value has 'W25Q16' (netlist: 'W25Q16JVUXIQ 16 Mbit QSPI flash (USON-8: 1 CS 2 DO/IO1 3 WP/'); C Y1 value has '12 MHz' (netlist: '12 MHz ABM8-272-T3 (3225): 1 XIN, 3 XOUT, 2 and 4 GND'); C R5.2 on BOOT_J (netlist: BOOT_J); C JP1.1 on BOOT_J (netlist: BOOT_J); C TP1.1 on SWCLK (netlist: SWCLK); C TP2.1 on SWDIO (netlist: SWDIO)
PANEL.md#1:L56:cell:1:s1 [dc87e613e5] TRUE
    16 THT LEDs `D1`..`D16` through Mentor light guides in the plate, sinks on two PCA9555 (`U1` 0x22, `U2` 0x23), the TX lamp `D3` on `Q3`; since round 8 of MESHSAT-1357 (26 September 2026) a seventeenth LED on the face, the hardware EMCON lamp `D22` (amber) on `Q7`, which no expander and no firmware drives (sections 4 and 6; its light guide in the plate is owed, S-44; section 9's seventeen controller-lit indicators are a different count, which leaves `D22` out)
    judgement: the LEDs, their sinks and the two lamps' switches; the light guide is a plate item
    names looked up: 8 parts, 0 nets
    part numbers (1): PCA9555 on A (U27,U28), B (U6,U7), C (U1,U2), D (U16)
    asserted (9): C U1 value has '0x22' (netlist: 'PCA9555PW 0x22: LED sinks, light mode inputs'); C U2 value has '0x23' (netlist: 'PCA9555PW 0x23: LED sinks, the battery bar, lamp test'); C D3.1 on TX_K (netlist: TX_K); C Q3.3 on TX_K (netlist: TX_K); C D22 value has 'amber' (netlist: '3 mm EMCON amber (hardware, no processor), sunlight viewable'); C D22.1 on EMCLAMP_K (netlist: EMCLAMP_K); C Q7.3 on EMCLAMP_K (netlist: EMCLAMP_K); C D1.1 on MWARN_K (netlist: MWARN_K); C U1.5 on MWARN_K (netlist: MWARN_K)
PANEL.md#1:L56:cell:2:s1 [c27be131c3] TRUE
    controller; `D22` hardware
    judgement: D22 is driven by U14 and Q7 from the two EMCON lines, no processor
    names looked up: 1 parts, 0 nets
    asserted (6): C U14.3 on TX_INHIBIT_n (netlist: TX_INHIBIT_n); C U14.6 on EMCON_HW (netlist: EMCON_HW); C U14.4 on EMCLAMP_Y (netlist: EMCLAMP_Y); C R48.1 on EMCLAMP_Y (netlist: EMCLAMP_Y); C R48.2 on EMCLAMP_G (netlist: EMCLAMP_G); C Q7.1 on EMCLAMP_G (netlist: EMCLAMP_G)
PANEL.md#1:L57:cell:0:s1 [713ef78200] TRUE
    LED rail
    judgement: a row label: the LED rail is Q1's output
    names looked up: 0 parts, 0 nets
    asserted (1): C Q1.3 on LED_RAIL (netlist: LED_RAIL)
PANEL.md#1:L57:cell:1:s1 [598cdf8892] TRUE
    `+5V` through the LIGHTING toggle `SW_LIGHT` (pole 1) to `LED_RAIL_SW`, `Q1` P-FET high side switched by `Q2` from `PANEL_PWM`, `RAIL_SENSE` divider
    judgement: the LED rail
    names looked up: 3 parts, 4 nets
    asserted (10): C SW_LIGHT.2 on +5V (netlist: +5V); C SW_LIGHT.1 on LED_RAIL_SW (netlist: LED_RAIL_SW); C Q1 value has 'P-FET' (netlist: 'AO3401A P-FET high side'); C Q1.2 on LED_RAIL_SW (netlist: LED_RAIL_SW); C Q1.3 on LED_RAIL (netlist: LED_RAIL); C R19.1 on PANEL_PWM (netlist: PANEL_PWM); C R19.2 on Q2_G (netlist: Q2_G); C Q2.1 on Q2_G (netlist: Q2_G); C R15.1 on LED_RAIL_SW (netlist: LED_RAIL_SW); C R15.2 on RAIL_SENSE (netlist: RAIL_SENSE)
PANEL.md#1:L58:cell:1:s1 [2add8acf41] TRUE
    `SW_MAIN` (19 mm, hardware lead to A22 `J_MAINSW`), `SW_PI` (16 mm, lead pads `PIJ2_A/B`), `SW_TEST` (16 mm, `TEST_SW`), `SW_SOS`, `SW_EMCON`, `SW_ZERO` (APEM locking toggles with hinged covers), `SW_LIGHT` (NKK DPDT ON-ON-ON)
    judgement: the switches; sizes and covers are the parts' value texts, the covers a plate item
    names looked up: 9 parts, 2 nets; SW_EMCON on C (sentence names A); SW_LIGHT on C (sentence names A); SW_MAIN on C (sentence names A); SW_PI on C (sentence names A); SW_SOS on C (sentence names A); SW_TEST on C (sentence names A); SW_ZERO on C (sentence names A)
    asserted (10): C SW_MAIN value has '19 mm' (netlist: 'MAIN PWR 19 mm momentary, green ring (to A22 J_MAINSW); C&K '); C SW_PI value has '16 mm' (netlist: 'PI 16 mm recessed momentary, amber ring (PI_SHDN_REQ to the '); C SW_PI.1 on PIJ2_A (netlist: PIJ2_A); C SW_PI.2 on PIJ2_B (netlist: PIJ2_B); C SW_TEST value has '16 mm' (netlist: 'TEST/ACK 16 mm momentary, white ring; C&K ATP16-SL1-203-M0SA'); C SW_TEST.1 on TEST_SW (netlist: TEST_SW); C SW_SOS value has 'APEM' (netlist: 'SOS locking toggle, maintained (APEM 5636ADKB-2V, both posit'); C SW_ZERO value has 'APEM' (netlist: 'ZEROIZE locking toggle, maintained (APEM 5636ADKB-2V, single'); C SW_LIGHT value has 'DPDT ON-ON-ON' (netlist: 'LIGHTING DAY/NIGHT/BLACKOUT toggle DPDT ON-ON-ON (pole 1: ra'); A J_MAINSW present
PANEL.md#1:L59:cell:1:s1 [fa055147a4] TRUE
    Pervasive Displays E2370KS0C1 on the 24-way ZIF `J_EPD`, supply switch `Q5`, the boost stage `L1`/`Q6`/`D19`..`D21` per PDi's driving note rev 02
    judgement: the e-paper's parts
    names looked up: 6 parts, 0 nets
    part numbers (1): E2370KS0C1 on C (J_EPD)
    asserted (6): C J_EPD value has '24' (netlist: 'Hirose FH34SRJ-24S-0.5SH ZIF for the E2370KS0C1 flex (0.5 mm'); C J_EPD.15 on EPD_VCC (netlist: EPD_VCC); C Q5.3 on EPD_VCC (netlist: EPD_VCC); C L1.1 on EPD_VCC (netlist: EPD_VCC); C Q6.3 on EPD_SW (netlist: EPD_SW); C D19.2 on EPD_SW (netlist: EPD_SW)
PANEL.md#1:L60:cell:1:s1 [132968094a] TRUE
    `BZ1` IP67 panel sounder on `+5V` through `Q4` from `PWM1`
    judgement: the sounder
    names looked up: 2 parts, 2 nets
    asserted (5): C BZ1.2 on +5V (netlist: +5V); C BZ1.1 on BZ_K (netlist: BZ_K); C Q4.3 on BZ_K (netlist: BZ_K); C R44.1 on PWM1 (netlist: PWM1); C R44.2 on Q4_G (netlist: Q4_G)
PANEL.md#1:L61:cell:1:s1 [d18a3bbf42] TRUE
    `U_LIGHT` VEML7700 (I2C 0x10) under its own light guide
    judgement: the light sensor; its 0x10 is the maker's fixed address
    names looked up: 1 parts, 0 nets
    part numbers (1): VEML7700 on C (U_LIGHT)
    asserted (3): C U_LIGHT value has 'VEML7700' (netlist: 'Vishay VEML7700 ambient light sensor (1 SCL 2 VDD 3 GND 4 SD'); C U_LIGHT.4 on SDA (netlist: SDA); C U_LIGHT.1 on SCL (netlist: SCL)
PANEL.md#1:L62:cell:1:s1 [514b8face2] TRUE
    `SW_ZERO` pulls the local net `ZEROIZE_SW` low (10k pull-up `R10`, 10 nF `C20`), which the controller reads on GPIO 22; `U12`, a 74LVC1G17 buffer, copies it onto `ZEROIZE_HW` for the ribbons, where the line reaches a test point on B16, a 10k pull-up (`R117`) on A22 and a test point on D8, and no other part listens (decision 30; `gen_sch_c.py:168-178` and `:217` at `45bde541`, corrected 26 September 2026: until `faf8c981` the toggle sat on `ZEROIZE_HW` itself)
    judgement: the ZEROIZE line; the citation is dated
    names looked up: 6 parts, 2 nets; SW_ZERO on C (sentence names ABD)
    citations: gen_sch_c.py:168-178 at 45bde541 holds C20,R10,R117,U12,ZEROIZE_HW,ZEROIZE_SW
    part numbers (1): 74LVC1G17 on B (U507,U508,U509,U510), C (U12,U13,U9)
    asserted (15): C SW_ZERO.1 on ZEROIZE_SW (netlist: ZEROIZE_SW); C SW_ZERO.2 on GND (netlist: GND); C R10 value has '10k' (netlist: '10k'); C R10.1 on ZEROIZE_SW (netlist: ZEROIZE_SW); C R10.2 on +3V3 (netlist: +3V3); C C20 value has '10n' (netlist: '10n'); C C20.1 on ZEROIZE_SW (netlist: ZEROIZE_SW); C U3 GPIO22 on ZEROIZE_SW (netlist: ZEROIZE_SW); C U12 value has '74LVC1G17' (netlist: '74LVC1G17 Schmitt-trigger non-inverting buffer (Diodes 74LVC'); C U12.2 on ZEROIZE_SW (netlist: ZEROIZE_SW); C U12.4 on ZEROIZE_HW (netlist: ZEROIZE_HW); B net ZEROIZE_HW holds J_AB1,J_PANEL,TP8 (missing: none); D net ZEROIZE_HW holds J_HARN1,TP9 (missing: none); A net ZEROIZE_HW holds J_AB1,J_MEZZ1,R117 (missing: none); A R117 value has '10k' (netlist: '10k')
PANEL.md#1:L63:cell:0:s1 [0d1bf77d7e] NOT DERIVABLE
    EMCON logic
    judgement: HELD DOCUMENT: a maker's figure, an analysis, a ruling or a record, not a netlist claim (a row label)
    names looked up: 0 parts, 0 nets
PANEL.md#1:L63:cell:1:s1 [b205d79502] TRUE
    `U9` 74LVC1G17 Schmitt-trigger buffer: `EMCON_HW` follows `TX_INHIBIT_n`, both LOW = inhibited (corrected 9 September 2026, red team C1: the part was an inverter and both consumer boards were built on low = silence, so asserting EMCON enabled the PA and released both M.2 radios; a Schmitt input since `faf8c981`, because the toggle's node rises with a 77 us time constant, far outside the 74LVC1G34's input slew limit, `gen_sch_c.py:157-166` at `45bde541`).
    judgement: U9 as drawn; the citation is dated at 45bde541, where lines 157 to 166 hold U9
    names looked up: 2 parts, 2 nets
    citations: gen_sch_c.py:157-166 at 45bde541 holds EMCON_HW,TX_INHIBIT_n,U9
    part numbers (2): 74LVC1G17 on B (U507,U508,U509,U510), C (U12,U13,U9); 74LVC1G34 on B (U506,U544,U551,U552), D (U18,U19,U20)
    asserted (11): C U9 value has '74LVC1G17' (netlist: '74LVC1G17 Schmitt-trigger non-inverting buffer (Diodes 74LVC'); C U9.2 on TX_INHIBIT_n (netlist: TX_INHIBIT_n); C U9.4 on EMCON_HW_DRV (netlist: EMCON_HW_DRV); C U9.5 on +3V3 (netlist: +3V3); C R52 value has '330R' (netlist: '330R 1%'); C R52.1 on EMCON_HW_DRV (netlist: EMCON_HW_DRV); C R52.2 on EMCON_HW (netlist: EMCON_HW); C D23 value has 'BAT46W' (netlist: 'BAT46W-7-F Schottky 100V (EMCON_HW clamp to TX_INHIBIT_n, D4'); C D23.1 on TX_INHIBIT_n (netlist: TX_INHIBIT_n); C D23.2 on EMCON_HW (netlist: EMCON_HW); gen_sch_c.py lines 157 to 166 at 45bde541 hold U9
PANEL.md#1:L63:cell:1:s2 [59d336fd94] TRUE
    Since set 12 (stream d4emcon, finding D4E-F1) `U9` drives the line through `R52` (330 Ohm) and `D23` (BAT46W) clamps `EMCON_HW` to `TX_INHIBIT_n`, so `EMCON_HW` still follows `TX_INHIBIT_n`.
    judgement: set 12's R52 and D23 on board C
    names looked up: 3 parts, 2 nets
    asserted (10): C U9 value has '74LVC1G17' (netlist: '74LVC1G17 Schmitt-trigger non-inverting buffer (Diodes 74LVC'); C U9.2 on TX_INHIBIT_n (netlist: TX_INHIBIT_n); C U9.4 on EMCON_HW_DRV (netlist: EMCON_HW_DRV); C U9.5 on +3V3 (netlist: +3V3); C R52 value has '330R' (netlist: '330R 1%'); C R52.1 on EMCON_HW_DRV (netlist: EMCON_HW_DRV); C R52.2 on EMCON_HW (netlist: EMCON_HW); C D23 value has 'BAT46W' (netlist: 'BAT46W-7-F Schottky 100V (EMCON_HW clamp to TX_INHIBIT_n, D4'); C D23.1 on TX_INHIBIT_n (netlist: TX_INHIBIT_n); C D23.2 on EMCON_HW (netlist: EMCON_HW)
PANEL.md#1:L63:cell:1:s3 [f4587ac12e] TRUE
    Since EQ-25 (stream w4c, 27 September 2026, SC-67) `R14` is 2.2 k 1 % and `R50` (10 k 1 %) holds `TX_INHIBIT_n` down on this board too: with the panel unpowered the line reads 0.24 V under the RF-002 walk's worst-case Ioff sums (1.09 V before), released it rests at 2.57 V (2.37 V at the adverse ends), and it rises with a 17 us time constant.
    judgement: R14 and R50 as drawn; the levels and the time constant are the RF-002 walk's figures, not re-derived here
    names looked up: 2 parts, 1 nets
    asserted (6): C R14 value has '2.2k 1%' (netlist: '2.2k 1%'); C R14.1 on TX_INHIBIT_n (netlist: TX_INHIBIT_n); C R14.2 on +3V3 (netlist: +3V3); C R50 value has '10k 1%' (netlist: '10k 1%'); C R50.1 on TX_INHIBIT_n (netlist: TX_INHIBIT_n); C R50.2 on GND (netlist: GND)
PANEL.md#1:L63:cell:1:s4 [79b33e8889] TRUE
    Since round 8 of MESHSAT-1357 (26 September 2026): the controller reads `EMCON_HW` only through `U13`, a second 74LVC1G17, and `R46` (1k) on GPIO 21, so no firmware pin sits on the line (`feasibility/EMCON.md` item L1); and the hardware EMCON lamp of SD-EMC-6 is drawn: `U14`, a TI SN74LVC1G57 wired as a NOR with Schmitt inputs, reads `TX_INHIBIT_n` and `EMCON_HW` and turns on `Q7` (Si2300DS), which sinks `D22` from `LED_RAIL_SW` through `R47` (470R), so the lamp is lit only while both lines read LOW, with no processor in its path.
    judgement: the read-back and the lamp
    names looked up: 7 parts, 3 nets
    part numbers (1): 74LVC1G17 on B (U507,U508,U509,U510), C (U12,U13,U9)
    asserted (15): C U13 value has '74LVC1G17' (netlist: '74LVC1G17 Schmitt-trigger non-inverting buffer (Diodes 74LVC'); C U13.2 on EMCON_HW (netlist: EMCON_HW); C U13.4 on EMCON_RD (netlist: EMCON_RD); C R46 value has '1k' (netlist: '1k'); C R46.1 on EMCON_RD (netlist: EMCON_RD); C R46.2 on EMCON_RD_R (netlist: EMCON_RD_R); C U3 GPIO21 on EMCON_RD_R (netlist: EMCON_RD_R); C U14 value has 'SN74LVC1G57' (netlist: 'SN74LVC1G57DBVR configurable gate wired as a 2-input NOR, Sc'); C U14.3 on TX_INHIBIT_n (netlist: TX_INHIBIT_n); C U14.6 on EMCON_HW (netlist: EMCON_HW); C Q7 value has 'Si2300DS' (netlist: 'Si2300DS-T1-GE3 N-FET (Vishay, SOT-23, G S D like the 2N7002'); C R47 value has '470R' (netlist: '470R'); C R47.1 on LED_RAIL_SW (netlist: LED_RAIL_SW); C R47.2 on EMCLAMP_A (netlist: EMCLAMP_A); C D22.2 on EMCLAMP_A (netlist: EMCLAMP_A)
PANEL.md#1:L63:cell:1:s5 [f52539503d] NOT DERIVABLE
    Its light-guide hole in the plate beside `SW_EMCON` is owed (S-44)
    judgement: CASE: a mechanical or case item, not a netlist claim (the light-guide hole in the plate, S-44)
    names looked up: 1 parts, 0 nets
    asserted (1): C SW_EMCON present
PANEL.md#1:L64:cell:1:s1 [d757d209e1] TRUE
    the Xenarc 709GNK monitor's connector block (its HDMI and 12 V leads go below the plate to B16 `J_HDMI` and A22 `J_MON`, its USB touch lead to D8 `J_USB3` through the adapter of `ASSEMBLY.md` section 4: the session's choice SC-HF-06 of 27 September 2026, `HW-FW-CONTRACT.md` section 8), two U-174/U headset jacks `J_HSJ1`/`J_HSJ2` (leads to D8 `J_HS1`/`J_HS2`), the USB camera module behind the sealed window (lead to B16 `J_CAM`)
    judgement: the leads' ends as drawn; the adapter and SC-HF-06 are a lead item
    names looked up: 9 parts, 0 nets; J_HSJ1 on C (sentence names ABD); J_HSJ2 on C (sentence names ABD)
    part numbers (1): U-174/U on C (J_HSJ1,J_HSJ2), D (J_HS1,J_HS2)
    asserted (9): B J_HDMI present; A J_MON present; D J_USB3 present; C J_HSJ1 present; C J_HSJ2 present; D J_HS1 present; D J_HS2 present; B J_CAM present; board C: 2 parts whose designator holds 'J_HSJ' (read: 2, J_HSJ1,J_HSJ2)
PANEL.md#2:L70:cell:1:s1 [436512e5ba] TRUE
    +5V
    judgement: J_PANEL pins 1 and 2 on board C
    names looked up: 0 parts, 1 nets
    asserted (2): C J_PANEL.1 on +5V (netlist: +5V); C J_PANEL.2 on +5V (netlist: +5V)
PANEL.md#2:L70:cell:2:s1 [827a5f9bfe] TRUE
    in (rail)
    judgement: pins 1 and 2 are the +5V rail
    names looked up: 0 parts, 0 nets
    asserted (1): C J_PANEL.1 on +5V (netlist: +5V)
PANEL.md#2:L71:cell:1:s1 [436512e5ba] TRUE
    +5V
    judgement: J_PANEL pins 1 and 2 on board C
    names looked up: 0 parts, 1 nets
    asserted (2): C J_PANEL.1 on +5V (netlist: +5V); C J_PANEL.2 on +5V (netlist: +5V)
PANEL.md#2:L71:cell:4:s1 [33fdd84538] TRUE
    USB_PNL_P
    judgement: pin 15
    names looked up: 0 parts, 1 nets
    asserted (2): C J_PANEL.15 on USB_PNL_P (netlist: USB_PNL_P); B J_PANEL.15 on USB_PNL_P (netlist: USB_PNL_P)
PANEL.md#2:L71:cell:5:s1 [63fa735c4c] TRUE
    USB 2.0 device pair to B16's bank 1 hub (home host slot 1, failover slot 2)
    judgement: the pair reaches the slot 1 bank's hub U102; the failover host is the IOHA fabric's
    names looked up: 0 parts, 0 nets
    asserted (1): B net USB_PNL_P holds J_PANEL,U102 (missing: none)
PANEL.md#2:L72:cell:3:s1 [e97419f3e8] TRUE
    USB_PNL_N
    judgement: pin 16
    names looked up: 0 parts, 1 nets
    asserted (1): C J_PANEL.16 on USB_PNL_N (netlist: USB_PNL_N)
PANEL.md#2:L75:cell:1:s1 [010ebd6b6d] TRUE
    EXP_INT
    judgement: pin 6 and GPIO 24
    names looked up: 0 parts, 1 nets
    asserted (2): C J_PANEL.6 on EXP_INT (netlist: EXP_INT); C U3 GPIO24 on EXP_INT (netlist: EXP_INT)
PANEL.md#2:L76:cell:1:s1 [e2d29b9e99] TRUE
    TR_APRS
    judgement: pin 7 and GPIO 23
    names looked up: 0 parts, 1 nets
    asserted (2): C J_PANEL.7 on TR_APRS (netlist: TR_APRS); C U3 GPIO23 on TR_APRS (netlist: TR_APRS)
PANEL.md#2:L76:cell:2:s1 [dbd1b086a5] TRUE
    in: D8's real KEY line (lights the TX lamp)
    judgement: TR_APRS is D8's KEY through U18 and R48, and it drives the TX lamp's Q3
    names looked up: 1 parts, 0 nets; D8 on ACE (sentence names D)
    asserted (7): D U18.2 on KEY (netlist: KEY); D U18.4 on PTT_MIR (netlist: PTT_MIR); D R48.1 on PTT_MIR (netlist: PTT_MIR); D R48.2 on TR_APRS (netlist: TR_APRS); D J_HARN1.7 on TR_APRS (netlist: TR_APRS); C R37.1 on TR_APRS (netlist: TR_APRS); C R37.2 on Q3_G (netlist: Q3_G)
PANEL.md#2:L77:cell:1:s1 [428ab166dc] TRUE
    EMCON_HW
    judgement: pin 8
    names looked up: 0 parts, 1 nets
    asserted (2): C J_PANEL.8 on EMCON_HW (netlist: EMCON_HW); B J_PANEL.8 on EMCON_HW (netlist: EMCON_HW)
PANEL.md#2:L77:cell:4:s1 [0a41efb05f] TRUE
    SLOT_EN1
    judgement: pin 21 and GPIO 13
    names looked up: 0 parts, 1 nets
    asserted (2): C J_PANEL.21 on SLOT_EN1 (netlist: SLOT_EN1); C U3 GPIO13 on SLOT_EN1 (netlist: SLOT_EN1)
PANEL.md#2:L77:cell:5:s1 [3d8f3fd4e8] TRUE
    out: slot 1 rail enable
    judgement: SLOT_EN1 enables slot 1's buck U4 on board A
    names looked up: 0 parts, 0 nets
    asserted (1): A U4.3 on SLOT_EN1 (netlist: SLOT_EN1)
PANEL.md#2:L78:cell:3:s1 [a064a6324b] TRUE
    SLOT_EN2
    judgement: pin 22
    names looked up: 0 parts, 1 nets
    asserted (1): C J_PANEL.22 on SLOT_EN2 (netlist: SLOT_EN2)
PANEL.md#2:L79:cell:1:s1 [737d427bad] TRUE
    ZEROIZE_HW
    judgement: pin 10
    names looked up: 0 parts, 1 nets
    asserted (1): C J_PANEL.10 on ZEROIZE_HW (netlist: ZEROIZE_HW)
PANEL.md#2:L79:cell:2:s1 [8838b5cf13] TRUE
    out, hardware: `U12`'s copy of the ZEROIZE toggle, low = closed; no part on another board acts on it (section 6)
    judgement: U12 drives ZEROIZE_HW; on A, B and D only a pull-up, the ribbons and test points
    names looked up: 1 parts, 0 nets
    asserted (15): C SW_ZERO.1 on ZEROIZE_SW (netlist: ZEROIZE_SW); C SW_ZERO.2 on GND (netlist: GND); C R10 value has '10k' (netlist: '10k'); C R10.1 on ZEROIZE_SW (netlist: ZEROIZE_SW); C R10.2 on +3V3 (netlist: +3V3); C C20 value has '10n' (netlist: '10n'); C C20.1 on ZEROIZE_SW (netlist: ZEROIZE_SW); C U3 GPIO22 on ZEROIZE_SW (netlist: ZEROIZE_SW); C U12 value has '74LVC1G17' (netlist: '74LVC1G17 Schmitt-trigger non-inverting buffer (Diodes 74LVC'); C U12.2 on ZEROIZE_SW (netlist: ZEROIZE_SW); C U12.4 on ZEROIZE_HW (netlist: ZEROIZE_HW); B net ZEROIZE_HW holds J_AB1,J_PANEL,TP8 (missing: none); D net ZEROIZE_HW holds J_HARN1,TP9 (missing: none); A net ZEROIZE_HW holds J_AB1,J_MEZZ1,R117 (missing: none); A R117 value has '10k' (netlist: '10k')
PANEL.md#2:L79:cell:4:s1 [21e4b70343] TRUE
    SLOT_EN3
    judgement: pin 23
    names looked up: 0 parts, 1 nets
    asserted (1): C J_PANEL.23 on SLOT_EN3 (netlist: SLOT_EN3)
PANEL.md#2:L80:cell:1:s1 [5e249213b4] TRUE
    TX_INHIBIT_n
    judgement: pin 11
    names looked up: 0 parts, 1 nets
    asserted (2): C J_PANEL.11 on TX_INHIBIT_n (netlist: TX_INHIBIT_n); C SW_EMCON.1 on TX_INHIBIT_n (netlist: TX_INHIBIT_n)
PANEL.md#2:L80:cell:2:s1 [467131a8bf] TRUE
    out, hardware: low = inhibit (to D8's KEY gate)
    judgement: D8's KEY gate reads it
    names looked up: 1 parts, 0 nets; D8 on ACE (sentence names D)
    asserted (7): D U12 value has '74LVC1G08' (netlist: "74LVC1G08 AND: KEY = PTT_ANY AND TX_INHIBIT_n (the panel's h"); D U12.1 on PTT_ANY (netlist: PTT_ANY); D U12.2 on TX_INHIBIT_n (netlist: TX_INHIBIT_n); D U12.4 on KEY (netlist: KEY); D U14.1 on KEY (netlist: KEY); D U14.2 on PA_EN (netlist: PA_EN); D U14.4 on PA_KEY (netlist: PA_KEY)
PANEL.md#2:L80:cell:4:s1 [8ecdb03238] TRUE
    PI_SHDN_REQ
    judgement: pin 24 and GPIO 18
    names looked up: 0 parts, 1 nets
    asserted (2): C J_PANEL.24 on PI_SHDN_REQ (netlist: PI_SHDN_REQ); C U3 GPIO18 on PI_SHDN_REQ (netlist: PI_SHDN_REQ)
PANEL.md#2:L81:cell:1:s1 [9db27ad4ae] TRUE
    HDMI_SEL1
    judgement: pin 12
    names looked up: 0 parts, 1 nets
    asserted (1): C J_PANEL.12 on HDMI_SEL1 (netlist: HDMI_SEL1)
PANEL.md#2:L81:cell:4:s1 [5cc9357372] TRUE
    PI_KILL
    judgement: pin 25 and GPIO 19
    names looked up: 0 parts, 1 nets
    asserted (2): C J_PANEL.25 on PI_KILL (netlist: PI_KILL); C U3 GPIO19 on PI_KILL (netlist: PI_KILL)
PANEL.md#2:L81:cell:5:s1 [3b18fafd51] TRUE
    out: hard power off request to A22
    judgement: PI_KILL drives Q1 onto the LTC2954's KILL on board A
    names looked up: 0 parts, 0 nets
    asserted (3): A Q1.1 on PI_KILL (netlist: PI_KILL); A Q1.3 on KILL (netlist: KILL); A U1.8 on KILL (netlist: KILL)
PANEL.md#2:L82:cell:1:s1 [e3b1395bb7] TRUE
    HDMI_SEL2
    judgement: pin 13
    names looked up: 0 parts, 1 nets
    asserted (1): C J_PANEL.13 on HDMI_SEL2 (netlist: HDMI_SEL2)
PANEL.md#2:L82:cell:4:s1 [d0d1c3324c] TRUE
    SHORE_INHIBIT
    judgement: pin 26 and GPIO 20
    names looked up: 0 parts, 1 nets
    asserted (2): C J_PANEL.26 on SHORE_INHIBIT (netlist: SHORE_INHIBIT); C U3 GPIO20 on SHORE_INHIBIT (netlist: SHORE_INHIBIT)
PANEL.md#2:L82:cell:5:s1 [80bc7b54a1] TRUE
    out: to A22 and the dock (charge inhibit)
    judgement: SHORE_INHIBIT reaches board A's dock contact 8 and board E's front end
    names looked up: 0 parts, 0 nets
    asserted (2): A J_DOCK.8 on SHORE_INHIBIT (netlist: SHORE_INHIBIT); E net SHORE_INHIBIT holds J_BLK,Q8 (missing: none)
PANEL.md#3:L89:cell:1:s1 [be4c0e788e] TRUE
    EPD_SCL_R, EPD_SDA_R
    judgement: GPIO 2 and 3 since set 13
    names looked up: 0 parts, 2 nets
    asserted (2): C U3 GPIO2 on EPD_SCL_R (netlist: EPD_SCL_R); C U3 GPIO3 on EPD_SDA_R (netlist: EPD_SDA_R)
PANEL.md#3:L89:cell:2:s1 [c0d0d401ee] TRUE
    e-paper SPI (the iTC's 4-wire mode; MOSI only, the display's read path is unused), each through its 27 Ohm series resistor (`R53`, `R54`, since set 13) to `EPD_SCL` and `EPD_SDA` at `J_EPD`
    judgement: R53 and R54 to J_EPD; the iTC mode is PDi's
    names looked up: 3 parts, 2 nets
    asserted (8): C R53 value has '27R' (netlist: '27R'); C R53.1 on EPD_SCL_R (netlist: EPD_SCL_R); C R53.2 on EPD_SCL (netlist: EPD_SCL); C R54 value has '27R' (netlist: '27R'); C R54.1 on EPD_SDA_R (netlist: EPD_SDA_R); C R54.2 on EPD_SDA (netlist: EPD_SDA); C J_EPD.13 on EPD_SCL (netlist: EPD_SCL); C J_EPD.14 on EPD_SDA (netlist: EPD_SDA)
PANEL.md#3:L90:cell:1:s1 [e0190a4f4c] TRUE
    EPD_DC_R, EPD_CS_R, EPD_RST, EPD_BUSY
    judgement: GPIO 4 to 7 since set 13
    names looked up: 0 parts, 4 nets
    asserted (4): C U3 GPIO4 on EPD_DC_R (netlist: EPD_DC_R); C U3 GPIO5 on EPD_CS_R (netlist: EPD_CS_R); C U3 GPIO6 on EPD_RST (netlist: EPD_RST); C U3 GPIO7 on EPD_BUSY (netlist: EPD_BUSY)
PANEL.md#3:L90:cell:2:s1 [e67f4c1e6c] TRUE
    e-paper control, DC and CS each through its 27 Ohm series resistor (`R55`, `R56`, since set 13) to `EPD_DC` and `EPD_CS` at `J_EPD`; BUSY is high while the display refreshes
    judgement: R55 and R56 to J_EPD
    names looked up: 3 parts, 2 nets
    asserted (7): C R55.1 on EPD_DC_R (netlist: EPD_DC_R); C R55.2 on EPD_DC (netlist: EPD_DC); C R56.1 on EPD_CS_R (netlist: EPD_CS_R); C R56.2 on EPD_CS (netlist: EPD_CS); C J_EPD.11 on EPD_DC (netlist: EPD_DC); C J_EPD.12 on EPD_CS (netlist: EPD_CS); C J_EPD.9 on EPD_BUSY (netlist: EPD_BUSY)
PANEL.md#3:L91:cell:1:s1 [024798389d] TRUE
    PANEL_PWM
    judgement: GPIO 8
    names looked up: 0 parts, 1 nets
    asserted (1): C U3 GPIO8 on PANEL_PWM (netlist: PANEL_PWM)
PANEL.md#3:L91:cell:2:s1 [0474d6812f] TRUE
    LED rail dimmer through `Q2`/`Q1`, 2 kHz, 10 bit; boots low (rail dark until the firmware is up)
    judgement: through Q2 and Q1; the frequency, resolution and boot level are firmware
    names looked up: 2 parts, 0 nets
    asserted (2): C R19.1 on PANEL_PWM (netlist: PANEL_PWM); C Q2.1 on Q2_G (netlist: Q2_G)
PANEL.md#3:L92:cell:2:s1 [eb71f5bfaa] TRUE
    sounder through `Q4`; high = sound, PWM for patterns
    judgement: GPIO 9 through Q4; the pattern is firmware
    names looked up: 1 parts, 0 nets
    asserted (3): C U3 GPIO9 on PWM1 (netlist: PWM1); C R44.1 on PWM1 (netlist: PWM1); C Q4.1 on Q4_G (netlist: Q4_G)
PANEL.md#3:L93:cell:2:s1 [60bc5be090] TRUE
    heartbeat inputs, one per compute slot: the slot's compute module toggles its line at 1 Hz from its GPIO16, through the level stage Q{s}05, while its bridge software runs; the three I/O supervisors listen on the same lines and drive none; a dark module leaves the line held high by B16's pull-up, so liveness is the toggle (`HW-FW-CONTRACT.md` section 2; corrected 27 September 2026 from "while its supervisor runs")
    judgement: HB1 to HB3: GPIO 10 to 12, the level stage Q105, the three supervisors' inputs and B16's pull-up; the 1 Hz toggle is firmware
    names looked up: 3 parts, 0 nets
    asserted (7): C U3 GPIO10 on HB1 (netlist: HB1); C U3 GPIO11 on HB2 (netlist: HB2); C U3 GPIO12 on HB3 (netlist: HB3); B net HB1 holds J_PANEL,Q105,R158,U41,U51,U61 (missing: none); B R158.2 on +3V3_DEV (netlist: +3V3_DEV); B U41 PA6 on HB1 (netlist: HB1); board B: 3 parts whose value holds 'STM32H743' (read: 3, U41,U51,U61)
PANEL.md#3:L94:cell:1:s1 [dac738f926] TRUE
    SLOT_EN1..3
    judgement: GPIO 13 to 15
    names looked up: 0 parts, 1 nets
    asserted (3): C U3 GPIO13 on SLOT_EN1 (netlist: SLOT_EN1); C U3 GPIO14 on SLOT_EN2 (netlist: SLOT_EN2); C U3 GPIO15 on SLOT_EN3 (netlist: SLOT_EN3)
PANEL.md#3:L94:cell:2:s1 [7d19d484c9] TRUE
    slot rail enables (high = on), section 5
    judgement: each enables its slot's converter on board A
    names looked up: 0 parts, 0 nets
    asserted (2): A U4.3 on SLOT_EN1 (netlist: SLOT_EN1); A U5.1 on SLOT_EN2 (netlist: SLOT_EN2)
PANEL.md#3:L95:cell:1:s1 [9366a20224] TRUE
    HDMI_SEL1, HDMI_SEL2
    judgement: GPIO 16 and 17
    names looked up: 0 parts, 2 nets
    asserted (2): C U3 GPIO16 on HDMI_SEL1 (netlist: HDMI_SEL1); C U3 GPIO17 on HDMI_SEL2 (netlist: HDMI_SEL2)
PANEL.md#3:L95:cell:2:s1 [a7d756a9fb] TRUE
    the three-input display switch on B16: which slot drives the Xenarc
    judgement: the selects reach B16's display switch and its enable muxes
    names looked up: 0 parts, 0 nets
    asserted (2): B net HDMI_SEL1 holds J_PANEL,U3,U519 (missing: none); B net HDMI_SEL2 holds U520 (missing: none)
PANEL.md#3:L96:cell:1:s1 [8ecdb03238] TRUE
    PI_SHDN_REQ
    judgement: pin 24 and GPIO 18
    names looked up: 0 parts, 1 nets
    asserted (2): C J_PANEL.24 on PI_SHDN_REQ (netlist: PI_SHDN_REQ); C U3 GPIO18 on PI_SHDN_REQ (netlist: PI_SHDN_REQ)
PANEL.md#3:L96:cell:2:s1 [4ac518fd0e] TRUE
    shutdown request to every module, ACTIVE LOW: the net is shared with A22's LTC2954 open-drain INT (pulled up by `R3`), so the controller pulls it low for at least 200 ms and otherwise leaves it released; it never drives it high, and it reads the pin as an input to see MAIN taps
    judgement: shared with the LTC2954's INT, R3 the pull-up; the timing is firmware
    names looked up: 1 parts, 0 nets
    part numbers (1): LTC2954 on A (U1)
    asserted (4): A U1 value has 'LTC2954' (netlist: 'LTC2954ITS8-1 push-button on/off controller, -40 to 85 C'); A U1.5 on PI_SHDN_REQ (netlist: PI_SHDN_REQ); A R3.1 on PI_SHDN_REQ (netlist: PI_SHDN_REQ); A R3.2 on +3V3 (netlist: +3V3)
PANEL.md#3:L97:cell:1:s1 [5cc9357372] TRUE
    PI_KILL
    judgement: pin 25 and GPIO 19
    names looked up: 0 parts, 1 nets
    asserted (2): C J_PANEL.25 on PI_KILL (netlist: PI_KILL); C U3 GPIO19 on PI_KILL (netlist: PI_KILL)
PANEL.md#3:L97:cell:2:s1 [fc3f2c0cca] TRUE
    hard kill to A22's power controller (held high 3 s)
    judgement: to the LTC2954's KILL through Q1; the 3 s is firmware
    names looked up: 0 parts, 0 nets
    asserted (2): A Q1.1 on PI_KILL (netlist: PI_KILL); A U1.8 on KILL (netlist: KILL)
PANEL.md#3:L98:cell:1:s1 [d0d1c3324c] TRUE
    SHORE_INHIBIT
    judgement: pin 26 and GPIO 20
    names looked up: 0 parts, 1 nets
    asserted (2): C J_PANEL.26 on SHORE_INHIBIT (netlist: SHORE_INHIBIT); C U3 GPIO20 on SHORE_INHIBIT (netlist: SHORE_INHIBIT)
PANEL.md#3:L98:cell:2:s1 [21cc359d9f] TRUE
    charge inhibit to A22 and the dock, section 10
    judgement: SHORE_INHIBIT on GPIO 20 and board A's dock contact; section 10 is the charge inhibit's
    names looked up: 0 parts, 0 nets
    asserted (3): C U3 GPIO20 on SHORE_INHIBIT (netlist: SHORE_INHIBIT); A J_DOCK.8 on SHORE_INHIBIT (netlist: SHORE_INHIBIT); v2/docs/PANEL.md says '## 10. Shore charge inhibit and the pack'
PANEL.md#3:L99:cell:1:s1 [fa9eb52c64] TRUE
    EMCON_RD_R
    judgement: GPIO 21
    names looked up: 0 parts, 1 nets
    asserted (1): C U3 GPIO21 on EMCON_RD_R (netlist: EMCON_RD_R)
PANEL.md#3:L99:cell:2:s1 [3215151074] TRUE
    read back of the hardware EMCON line, one way: `U13` buffers `EMCON_HW` and `R46` (1k) joins its output to the pin, so setting the pin as an output cannot reach the line (since round 8 of MESHSAT-1357)
    judgement: U13 and R46
    names looked up: 2 parts, 1 nets
    asserted (4): C U13.2 on EMCON_HW (netlist: EMCON_HW); C U13.4 on EMCON_RD (netlist: EMCON_RD); C R46.1 on EMCON_RD (netlist: EMCON_RD); C R46.2 on EMCON_RD_R (netlist: EMCON_RD_R)
PANEL.md#3:L100:cell:1:s1 [28808e31a6] TRUE
    ZEROIZE_SW
    judgement: GPIO 22
    names looked up: 0 parts, 1 nets
    asserted (1): C U3 GPIO22 on ZEROIZE_SW (netlist: ZEROIZE_SW)
PANEL.md#3:L100:cell:2:s1 [460909429a] TRUE
    the ZEROIZE toggle, local to this board (10k pull-up, 10 nF); `U12` copies it onto `ZEROIZE_HW` for the other boards (since `faf8c981`)
    judgement: R10, C20 and U12
    names looked up: 1 parts, 1 nets
    asserted (15): C SW_ZERO.1 on ZEROIZE_SW (netlist: ZEROIZE_SW); C SW_ZERO.2 on GND (netlist: GND); C R10 value has '10k' (netlist: '10k'); C R10.1 on ZEROIZE_SW (netlist: ZEROIZE_SW); C R10.2 on +3V3 (netlist: +3V3); C C20 value has '10n' (netlist: '10n'); C C20.1 on ZEROIZE_SW (netlist: ZEROIZE_SW); C U3 GPIO22 on ZEROIZE_SW (netlist: ZEROIZE_SW); C U12 value has '74LVC1G17' (netlist: '74LVC1G17 Schmitt-trigger non-inverting buffer (Diodes 74LVC'); C U12.2 on ZEROIZE_SW (netlist: ZEROIZE_SW); C U12.4 on ZEROIZE_HW (netlist: ZEROIZE_HW); B net ZEROIZE_HW holds J_AB1,J_PANEL,TP8 (missing: none); D net ZEROIZE_HW holds J_HARN1,TP9 (missing: none); A net ZEROIZE_HW holds J_AB1,J_MEZZ1,R117 (missing: none); A R117 value has '10k' (netlist: '10k')
PANEL.md#3:L101:cell:1:s1 [e2d29b9e99] TRUE
    TR_APRS
    judgement: pin 7 and GPIO 23
    names looked up: 0 parts, 1 nets
    asserted (2): C J_PANEL.7 on TR_APRS (netlist: TR_APRS); C U3 GPIO23 on TR_APRS (netlist: TR_APRS)
PANEL.md#3:L101:cell:2:s1 [f8a73e0916] TRUE
    read back of D8's KEY line (the TX lamp state)
    judgement: GPIO 23 reads TR_APRS, D8's KEY through U18
    names looked up: 1 parts, 0 nets; D8 on ACE (sentence names D)
    asserted (2): C U3 GPIO23 on TR_APRS (netlist: TR_APRS); D U18.2 on KEY (netlist: KEY)
PANEL.md#3:L102:cell:1:s1 [010ebd6b6d] TRUE
    EXP_INT
    judgement: pin 6 and GPIO 24
    names looked up: 0 parts, 1 nets
    asserted (2): C J_PANEL.6 on EXP_INT (netlist: EXP_INT); C U3 GPIO24 on EXP_INT (netlist: EXP_INT)
PANEL.md#3:L102:cell:2:s1 [2adc9f4a07] TRUE
    the expanders' interrupt, active low; it also carries the edges of the hot stop line HOT-R1, which A22's `U27` reads on P1.5 (`HW-FW-CONTRACT.md` FW-C14; SC-70, stream w4ae)
    judgement: EXP_INT on GPIO 24; U27's P1.5 is DOCK_SPARE, the HOT-R1 line from board E; the edge behaviour is firmware
    names looked up: 1 parts, 0 nets
    asserted (9): C U3 GPIO24 on EXP_INT (netlist: EXP_INT); A U27 ~{INT} on EXP_INT (netlist: EXP_INT); E Q11.1 on HOT_R1_G (netlist: HOT_R1_G); E Q11.3 on BLK_SPARE (netlist: BLK_SPARE); E J_BLK.12 on BLK_SPARE (netlist: BLK_SPARE); A J_DOCK.12 on DOCK_SPARE (netlist: DOCK_SPARE); A U27 IO1_5 on DOCK_SPARE (netlist: DOCK_SPARE); A R216.1 on DOCK_SPARE (netlist: DOCK_SPARE); A R216.2 on +3V3 (netlist: +3V3)
PANEL.md#3:L103:cell:1:s1 [81d5174605] TRUE
    LED_STAT
    judgement: GPIO 25
    names looked up: 0 parts, 1 nets
    asserted (1): C U3 GPIO25 on LED_STAT (netlist: LED_STAT)
PANEL.md#3:L103:cell:2:s1 [7f23d7ce92] TRUE
    the controller's own status LED `D18` (on the board, not on the face)
    judgement: D18 through R6
    names looked up: 1 parts, 0 nets
    asserted (2): C R6.1 on LED_STAT (netlist: LED_STAT); C D18.2 on LED_STAT_A (netlist: LED_STAT_A)
PANEL.md#3:L104:cell:1:s1 [704baed09c] TRUE
    RAIL_SENSE
    judgement: GPIO 26
    names looked up: 0 parts, 1 nets
    asserted (1): C U3 GPIO26_A0 on RAIL_SENSE (netlist: RAIL_SENSE)
PANEL.md#3:L104:cell:2:s1 [6eccc5366d] TRUE
    `LED_RAIL_SW` through the `R15`/`R51` 10k/10k divider (W4C-F1, 27 September 2026: through `R15` alone the pin sat above IOVDD, RP2040 datasheet 2.9.5): about 2.5 V (2.65 V at most) while the LED rail is present, 0 V at BLACKOUT; the pin is an ADC input (IE low, OD high); the rail is present above 1.25 V
    judgement: the R15 and R51 divider; the voltages are computed, not netlist
    names looked up: 2 parts, 1 nets
    part numbers (1): RP2040 on B (J_PANEL), C (U3), E (U10)
    asserted (6): C R15 value has '10k' (netlist: '10k'); C R15.1 on LED_RAIL_SW (netlist: LED_RAIL_SW); C R15.2 on RAIL_SENSE (netlist: RAIL_SENSE); C R51 value has '10k' (netlist: '10k'); C R51.1 on RAIL_SENSE (netlist: RAIL_SENSE); C R51.2 on GND (netlist: GND)
PANEL.md#3:L105:cell:1:s1 [ab5c153f31] TRUE
    TEST_SW
    judgement: GPIO 27
    names looked up: 0 parts, 1 nets
    asserted (1): C U3 GPIO27_A1 on TEST_SW (netlist: TEST_SW)
PANEL.md#3:L105:cell:2:s1 [1f29be2cf8] TRUE
    TEST / ACK button, pressed = low (10k pull-up, 10 nF)
    judgement: R11 and C21
    names looked up: 0 parts, 0 nets
    asserted (5): C SW_TEST.1 on TEST_SW (netlist: TEST_SW); C R11 value has '10k' (netlist: '10k'); C R11.1 on TEST_SW (netlist: TEST_SW); C C21 value has '10n' (netlist: '10n'); C C21.1 on TEST_SW (netlist: TEST_SW)
PANEL.md#3:L106:cell:1:s1 [8c72785398] TRUE
    SOS_SW
    judgement: GPIO 28
    names looked up: 0 parts, 1 nets
    asserted (1): C U3 GPIO28_A2 on SOS_SW (netlist: SOS_SW)
PANEL.md#3:L106:cell:2:s1 [4982c3d26f] TRUE
    SOS locking toggle, closed = low (10k pull-up, 10 nF)
    judgement: R9 and C19
    names looked up: 0 parts, 0 nets
    asserted (5): C SW_SOS.1 on SOS_SW (netlist: SOS_SW); C R9 value has '10k' (netlist: '10k'); C R9.1 on SOS_SW (netlist: SOS_SW); C C19 value has '10n' (netlist: '10n'); C C19.1 on SOS_SW (netlist: SOS_SW)
PANEL.md#3:L107:cell:1:s1 [138c6b6bc3] TRUE
    EPD_PWR_n
    judgement: GPIO 29
    names looked up: 0 parts, 1 nets
    asserted (1): C U3 GPIO29_A3 on EPD_PWR_n (netlist: EPD_PWR_n)
PANEL.md#3:L107:cell:2:s1 [0608cdb612] TRUE
    the e-paper's 3.3 V switch `Q5`, low = on
    judgement: Q5, a P-FET on +3V3
    names looked up: 1 parts, 0 nets
    asserted (3): C Q5.1 on EPD_PWR_n (netlist: EPD_PWR_n); C Q5.2 on +3V3 (netlist: +3V3); C Q5.3 on EPD_VCC (netlist: EPD_VCC)
PANEL.md#3:L109:para:s1 [0dec673185] NOT DERIVABLE
    Debounce 30 ms on every switch input; the two toggles are maintained switches (pull, flip, leave).
    judgement: FIRMWARE: the firmware contract or an operating procedure, not a netlist claim (debounce); the two maintained toggles are SOS and ZEROIZE
    names looked up: 0 parts, 0 nets
    asserted (1): board C: 2 parts whose value holds 'maintained' (read: 2, SW_SOS,SW_ZERO)
PANEL.md#5:L145:para:s1 [fc8851e8bd] TRUE
    The controller owns three lines per slot: `HBn` in, `SLOT_ENn` out, and the display switch selects.
    judgement: per slot HBn in, SLOT_ENn out, the selects
    names looked up: 0 parts, 0 nets
    asserted (3): C U3 GPIO10 on HB1 (netlist: HB1); C U3 GPIO13 on SLOT_EN1 (netlist: SLOT_EN1); C U3 GPIO16 on HDMI_SEL1 (netlist: HDMI_SEL1)
PANEL.md#5:L147:item:s1 [27d3074deb] NOT DERIVABLE
    Boot, in this order: `PI_KILL` driven low (push-pull, and never released while any slot is powered: on the netlist a powered slot's level stage can lift it and switch the kit off, a mechanism not yet measured); `PI_SHDN_REQ` released; the ZEROIZE toggle read (`ZEROIZE_SW`, GPIO 22), and if it is closed, or the flash holds a wipe-pending record, the erase of section 6 is completed before any slot powers; every expander's output register written before its configuration register (the default output register is all ones, so configuration first would switch on the PoE and USB-C stages), keeping `DEV_EN` at 1, which is written 0 only as the last act of a shutdown; the charger's registers written; then the three `SLOT_EN` high, one at a time.
    judgement: FIRMWARE: the firmware contract or an operating procedure, not a netlist claim (the boot order); PI_KILL and the level stage are the netlist's, the order is firmware
    names looked up: 0 parts, 4 nets
    asserted (1): C U3 GPIO19 on PI_KILL (netlist: PI_KILL)
PANEL.md#5:L147:item:s2 [dff88584fc] NOT DERIVABLE
    A slot whose heartbeat stays flat for 60 s after its rail came up is shown as a slot fault (MASTER CAUT, the e-paper names the slot); the controller power-cycles it once (rail off 5 s) and then leaves it off until the operator acts.
    judgement: FIRMWARE: the firmware contract or an operating procedure, not a netlist claim (slot fault supervision)
    names looked up: 0 parts, 0 nets
PANEL.md#5:L148:item:s1 [55d8f49ec8] TRUE
    Since board B's round 8 the display switches pass a slot only while that module's own 3.3 V is up (`U519`, `U520` qualify each switch's enable with the slot's power-good, FAB-02), so selecting a dark slot shows no picture rather than feeding the dark module's HDMI pins; with the panel absent B's `R15`/`R16` (10 k) hold both selects low, slot 1.
    judgement: U519 and U520 take the slots' power-good on their data inputs; R15 and R16 hold the selects low
    names looked up: 4 parts, 0 nets
    asserted (9): B U519.6 on HDMI_SEL1 (netlist: HDMI_SEL1); B U519.4 on HDMI_EN1 (netlist: HDMI_EN1); B U519.3 on PG1_S (netlist: PG1_S); B U520.6 on HDMI_SEL2 (netlist: HDMI_SEL2); B U520.4 on HDMI_EN2 (netlist: HDMI_EN2); B R15.1 on HDMI_SEL1 (netlist: HDMI_SEL1); B R15.2 on GND (netlist: GND); B R16.1 on HDMI_SEL2 (netlist: HDMI_SEL2); B R16.2 on GND (netlist: GND)
PANEL.md#5:L149:item:s1 [8d9e44bc9c] NOT DERIVABLE
    The PI button: short press = `PI_SHDN_REQ` (clean shutdown of every module), hold 8 s = `PI_KILL`.
    judgement: FIRMWARE: the firmware contract or an operating procedure, not a netlist claim (the PI button's press lengths)
    names looked up: 0 parts, 2 nets
    asserted (1): C SW_PI.1 on PIJ2_A (netlist: PIJ2_A)
PANEL.md#5:L149:item:s2 [133cca552b] TRUE
    The MAIN PWR button is hardware to A22's power controller and the controller only sees its effect.
    judgement: SW_MAIN's lead lands on board A's J_MAINSW, the LTC2954's PB input
    names looked up: 0 parts, 0 nets
    asserted (2): A J_MAINSW.1 on MAIN_PB (netlist: MAIN_PB); A U1.2 on MAIN_PB (netlist: MAIN_PB)
PANEL.md#6:L155:cell:0:s1 [5e249213b4] TRUE
    TX_INHIBIT_n
    judgement: pin 11
    names looked up: 0 parts, 1 nets
    asserted (2): C J_PANEL.11 on TX_INHIBIT_n (netlist: TX_INHIBIT_n); C SW_EMCON.1 on TX_INHIBIT_n (netlist: TX_INHIBIT_n)
PANEL.md#6:L155:cell:1:s1 [d306ab46ea] TRUE
    `SW_EMCON` closed = low (pull-up `R14` on C7, 2.2k 1 % since EQ-25 and 10k before, 10 nF `C24`, and `R50` (10k 1 %, since EQ-25) down on C7, so the line reads inhibited with the panel unpowered, 0.24 V under the RF-002 walk's worst-case Ioff sums (section 1); A22, B16 and D8 each hold it down with 100k so a cut ribbon inhibits)
    judgement: R14, C24 and R50 on C; the 100k pull-downs on A, B and D; the level is the walk's figure
    names looked up: 6 parts, 0 nets
    asserted (11): C SW_EMCON.1 on TX_INHIBIT_n (netlist: TX_INHIBIT_n); C R14.1 on TX_INHIBIT_n (netlist: TX_INHIBIT_n); C C24 value has '10n' (netlist: '10n'); C C24.1 on TX_INHIBIT_n (netlist: TX_INHIBIT_n); C R50.1 on TX_INHIBIT_n (netlist: TX_INHIBIT_n); A R145 value has '100k' (netlist: '100k'); A R145.1 on TX_INHIBIT_n (netlist: TX_INHIBIT_n); B R59 value has '100k' (netlist: '100k'); B R59.1 on TX_INHIBIT_n (netlist: TX_INHIBIT_n); D R2 value has '100k' (netlist: '100k'); D R2.1 on TX_INHIBIT_n (netlist: TX_INHIBIT_n)
PANEL.md#6:L155:cell:2:s1 [cdbf8e9747] TRUE
    D8's KEY gate cannot key the SA868 and the PA (`KEY = PTT_ANY AND TX_INHIBIT_n`); since board A's round 8 (26 September 2026) A22 also reads it, ANDed with `EMCON_HW` in `U35` and `U37` (SN74AUP1G08, on their own supply `+3V3_EMCON`) and then with the software holds `PA_HOLD` and `HF_HOLD` in `U36` and `U38` into the enables of the PA and HF converters (`gen_sch_a.py:1572-1575` at `e57a7365`), so those two rails do not depend on the firmware pins that reach `EMCON_HW` (`feasibility/EMCON.md` section 4a); the bridge additionally holds every bearer; on C7, with `EMCON_HW`, it lights the EMCON lamp `D22` through `U14` (since round 8)
    judgement: D8's KEY gate and board A's four gates; the citation is dated at the base; D22 through U14
    names looked up: 8 parts, 7 nets
    citations: citations judged: gen_sch_a.py:1572-1575 at e57a7365 asserted below
    part numbers (1): SA868 on D (U13,U2)
    asserted (31): D U12 value has '74LVC1G08' (netlist: "74LVC1G08 AND: KEY = PTT_ANY AND TX_INHIBIT_n (the panel's h"); D U12.1 on PTT_ANY (netlist: PTT_ANY); D U12.2 on TX_INHIBIT_n (netlist: TX_INHIBIT_n); D U12.4 on KEY (netlist: KEY); D U14.1 on KEY (netlist: KEY); D U14.2 on PA_EN (netlist: PA_EN); D U14.4 on PA_KEY (netlist: PA_KEY); A U35 value has 'SN74AUP1G08' (netlist: 'SN74AUP1G08DBVR AND: PA_TXOK = TX_INHIBIT_n AND EMCON_HW (th'); A U35.1 on TX_INHIBIT_n (netlist: TX_INHIBIT_n); A U35.2 on EMCON_HW (netlist: EMCON_HW); A U35.4 on PA_TXOK (netlist: PA_TXOK); A U35.5 on +3V3_EMCON (netlist: +3V3_EMCON); A U36.1 on PA_TXOK (netlist: PA_TXOK); A U36.2 on PA_HOLD (netlist: PA_HOLD); A U36.4 on PA_EN (netlist: PA_EN); A U36.5 on +3V3_EMCON (netlist: +3V3_EMCON); A U37.1 on TX_INHIBIT_n (netlist: TX_INHIBIT_n); A U37.2 on EMCON_HW (netlist: EMCON_HW); A U37.4 on HF_TXOK (netlist: HF_TXOK); A U37.5 on +3V3_EMCON (netlist: +3V3_EMCON); A U38.1 on HF_TXOK (netlist: HF_TXOK); A U38.2 on HF_HOLD (netlist: HF_HOLD); A U38.4 on HF_EN (netlist: HF_EN); A U38.5 on +3V3_EMCON (netlist: +3V3_EMCON); A U40.6 on PA_HOLD (netlist: PA_HOLD); A U40.1 on PA_SW_EN (netlist: PA_SW_EN); A U40.4 on HF_HOLD (netlist: HF_HOLD); A U40.3 on HF_SW_EN (netlist: HF_SW_EN); gen_sch_a.py lines 1572 to 1575 at e57a7365 hold U35, U36, U37, U38; C U14.3 on TX_INHIBIT_n (netlist: TX_INHIBIT_n); C U14.6 on EMCON_HW (netlist: EMCON_HW)
PANEL.md#6:L156:cell:0:s1 [428ab166dc] TRUE
    EMCON_HW
    judgement: pin 8
    names looked up: 0 parts, 1 nets
    asserted (2): C J_PANEL.8 on EMCON_HW (netlist: EMCON_HW); B J_PANEL.8 on EMCON_HW (netlist: EMCON_HW)
PANEL.md#6:L156:cell:1:s1 [180ab5dbff] TRUE
    `U9` buffer, through `R52` with `D23` clamping it to `TX_INHIBIT_n` since set 12, low while TX_INHIBIT_n is low; with the ribbon out B16's `R58` (4.7 k 1 percent since board B's round 8; 10k before) and A22's `R102` (10k 1% since board A's round 8; 100k before) hold it low
    judgement: U9 through R52 with D23; B's R58 and A's R102
    names looked up: 5 parts, 1 nets; D23 on C (sentence names AB)
    asserted (16): C U9 value has '74LVC1G17' (netlist: '74LVC1G17 Schmitt-trigger non-inverting buffer (Diodes 74LVC'); C U9.2 on TX_INHIBIT_n (netlist: TX_INHIBIT_n); C U9.4 on EMCON_HW_DRV (netlist: EMCON_HW_DRV); C U9.5 on +3V3 (netlist: +3V3); C R52 value has '330R' (netlist: '330R 1%'); C R52.1 on EMCON_HW_DRV (netlist: EMCON_HW_DRV); C R52.2 on EMCON_HW (netlist: EMCON_HW); C D23 value has 'BAT46W' (netlist: 'BAT46W-7-F Schottky 100V (EMCON_HW clamp to TX_INHIBIT_n, D4'); C D23.1 on TX_INHIBIT_n (netlist: TX_INHIBIT_n); C D23.2 on EMCON_HW (netlist: EMCON_HW); B R58 value has '4.7k 1%' (netlist: '4.7k 1%'); B R58.1 on EMCON_HW (netlist: EMCON_HW); B R58.2 on GND (netlist: GND); A R102 value has '10k 1%' (netlist: '10k 1%'); A R102.1 on EMCON_HW (netlist: EMCON_HW); A R102.2 on GND (netlist: GND)
PANEL.md#6:L156:cell:2:s1 [05ad0e2bee] TRUE
    on A22 it is the second input of `U35` and `U37`, beside `TX_INHIBIT_n`, whose outputs `U36` and `U38` AND with the software holds into the enables of the PA and HF converters (since board A's round 8, `gen_sch_a.py:1572-1575` at `e57a7365`; at `45bde541` it was ANDed in `U26`, `gen_sch_a.py:1102`, which is now the outlet interlock alone); as generated in board B's round 8 (27 September 2026, MESHSAT-1357), on B16 each single gate `U501` to `U505` (SN74LVC1G08, which state Ioff) ANDs it into the supply enables of the LimeSDR, the RockBLOCK, the LoRa module and both E72, the first three reaching their switches at 0.6 of the gate's output so a gate in its unspecified supply band cannot turn one on (stream w4b), and `U536` ANDs it into the RockBLOCK's own ENABLE (`RB_IEN`, its J3 pin 3), so no firmware holds the module enabled on its capacitors (stream w4b; since set 12 through `R532`, with `U543` holding `RB_IEN` low while `+3V3_DEV` is below 2.79 V, and the module's logic inputs passed only while `RB_GO`, `U537` to `U539`); each slot inverts it into its own `EMCON_ON1..3` in `U112`, `U212`, `U312`, run from that module's own 3.3 V, so a lost `+3V3_DEV` no longer releases a module radio; from there SN74LVC2G06 open-drain outputs pull the module's `WL_nDisable` and `BT_nDisable` low (`U113`, `U213`, `U313`, with the panel's off requests on `U114`, `U214`, `U314`), and `U115`, `U215`, `U315` pull each card's `W_DISABLE1#` low, while each card's supply enable is driven by `U116`, `U216`, `U316` (SN74LV1T08, `EMCON_HW` AND the module's `PCIE_PWR_EN`) from that slot's own 5 V, so all three card supplies go, the 5G module's included, whether or not the module's own 3.3 V is up (stream w4b); the 5G module's `FULL_CARD_POWER_OFF#` falls at once (`U220`) and its socket rail is discharged through 15 Ohm (`Q212`, an AO3400A whose sheet states its threshold and channel resistance at 25 C only, and `R295`), a bound of about 1.2 ms from EMCON to the module's 3.135 V power-off floor plus 1.8 ms per mF of the module's own input capacitance, which no held document states (`feasibility/EMCON.md` section 4b, SD-EMC-1 as re-decided in round 8); the three supervisors read it through the buffer `U506` (`EMCON_SUP`), so no firmware pin sits on the line (`U506` drives `EMCON_SUP` push-pull, so a supervisor its bench jumper leaves unpowered is fed through its PC5 pin, as board C's `U9` fed it before the round); D8's KEY gate makes VHF/APRS the one transmit-only case.
    judgement: board A's gates (U26 dated at 45bde541) and board B's EMCON stages, the RockBLOCK clause with set 12's R532, U543 and RB_GO gates; the 5G timing bound is EMCON.md's
    names looked up: 34 parts, 9 nets
    citations: citations judged: the two citations asserted below
    part numbers (1): AO3400A on B (Q212), P (Q3)
    asserted (162): A U35 value has 'SN74AUP1G08' (netlist: 'SN74AUP1G08DBVR AND: PA_TXOK = TX_INHIBIT_n AND EMCON_HW (th'); A U35.1 on TX_INHIBIT_n (netlist: TX_INHIBIT_n); A U35.2 on EMCON_HW (netlist: EMCON_HW); A U35.4 on PA_TXOK (netlist: PA_TXOK); A U35.5 on +3V3_EMCON (netlist: +3V3_EMCON); A U36.1 on PA_TXOK (netlist: PA_TXOK); A U36.2 on PA_HOLD (netlist: PA_HOLD); A U36.4 on PA_EN (netlist: PA_EN); A U36.5 on +3V3_EMCON (netlist: +3V3_EMCON); A U37.1 on TX_INHIBIT_n (netlist: TX_INHIBIT_n); A U37.2 on EMCON_HW (netlist: EMCON_HW); A U37.4 on HF_TXOK (netlist: HF_TXOK); A U37.5 on +3V3_EMCON (netlist: +3V3_EMCON); A U38.1 on HF_TXOK (netlist: HF_TXOK); A U38.2 on HF_HOLD (netlist: HF_HOLD); A U38.4 on HF_EN (netlist: HF_EN); A U38.5 on +3V3_EMCON (netlist: +3V3_EMCON); A U40.6 on PA_HOLD (netlist: PA_HOLD); A U40.1 on PA_SW_EN (netlist: PA_SW_EN); A U40.4 on HF_HOLD (netlist: HF_HOLD); A U40.3 on HF_SW_EN (netlist: HF_SW_EN); A U26 value has 'outlet interlock' (netlist: 'SN74LVC08APWR quad AND: the outlet interlock for PoE and USB'); gen_sch_a.py lines 1572 to 1575 at e57a7365 hold U35, U36, U37, U38; gen_sch_a.py lines 1102 to 1102 at 45bde541 hold U26, EMCON gates; B U501 value has 'SN74LVC1G08' (netlist: 'SN74LVC1G08DBVR AND (1 A 2 B 3 GND 4 Y 5 VCC): LimeSDR stage'); B U501.1 on EMCON_HW (netlist: EMCON_HW); B U501.2 on LIME_HW_EN (netlist: LIME_HW_EN); B U501.4 on LIME_EN_A (netlist: LIME_EN_A); B U501.5 on +3V3_DEV (netlist: +3V3_DEV); B U502.1 on LIME_EN_A (netlist: LIME_EN_A); B U502.2 on LIME_SW_EN (netlist: LIME_SW_EN); B U502.4 on LIME_EN (netlist: LIME_EN); B U102 PWRCTL1 on LIME_HW_EN (netlist: LIME_HW_EN); B U503.1 on EMCON_HW (netlist: EMCON_HW); B U503.2 on RB_SW_EN (netlist: RB_SW_EN); B U503.4 on RB_EN (netlist: RB_EN); B U503.5 on +3V3_DEV (netlist: +3V3_DEV); B R530.1 on RB_EN (netlist: RB_EN); B R530.2 on RB_UVLO (netlist: RB_UVLO); B U24 value has 'TPS259631' (netlist: 'TPS259631DDAR eFuse +5V_DEV -> +5V_RB (301R 1% (ILM: 3.0 A))'); B U24.3 on RB_UVLO (netlist: RB_UVLO); B U24.4 on +5V_DEV (netlist: +5V_DEV); B U24.5 on +5V_RB (netlist: +5V_RB); B J_RB9704.15 on +5V_RB (netlist: +5V_RB); B U6 IO0_2 on RB_SW_EN (netlist: RB_SW_EN); B U536 value has 'SN74LVC1G08' (netlist: 'SN74LVC1G08DBVR AND (1 A 2 B 3 GND 4 Y 5 VCC): RockBLOCK ENA'); B U536.1 on EMCON_HW (netlist: EMCON_HW); B U536.2 on RB_SW_IEN (netlist: RB_SW_IEN); B U536.4 on RB_IEN_DRV (netlist: RB_IEN_DRV); B U536.5 on +3V3_DEV (netlist: +3V3_DEV); B U6 IO1_6 on RB_SW_IEN (netlist: RB_SW_IEN); B R532 value has '2.7k' (netlist: '2.7k 1%'); B R532.1 on RB_IEN_DRV (netlist: RB_IEN_DRV); B R532.2 on RB_IEN (netlist: RB_IEN); B R527.1 on RB_IEN (netlist: RB_IEN); B R527.2 on GND (netlist: GND); B J_RB9704.3 on RB_IEN (netlist: RB_IEN); B U543 value has 'TPS3808G30' (netlist: 'TPS3808G30DBVR supervisor on +5V_DEV watching +3V3_DEV: hold'); B U543.1 on RB_IEN (netlist: RB_IEN); B U543.5 on +3V3_DEV (netlist: +3V3_DEV); B U543.6 on +5V_DEV (netlist: +5V_DEV); B U537.1 on RB_IEN (netlist: RB_IEN); B U537.2 on RB_STATUS (netlist: RB_STATUS); B U537.4 on RB_GO (netlist: RB_GO); B J_RB9704.7 on RB_STATUS (netlist: RB_STATUS); B U538.1 on RB_RXD_H (netlist: RB_RXD_H); B U538.2 on RB_GO (netlist: RB_GO); B U538.4 on RB_RXD (netlist: RB_RXD); B J_RB9704.14 on RB_RXD (netlist: RB_RXD); B U539.1 on RB_CTRL_H (netlist: RB_CTRL_H); B U539.2 on RB_GO (netlist: RB_GO); B U539.4 on RB_CTRL (netlist: RB_CTRL); B J_RB9704.6 on RB_CTRL (netlist: RB_CTRL); B U504 value has 'SN74LVC1G08' (netlist: 'SN74LVC1G08DBVR AND (1 A 2 B 3 GND 4 Y 5 VCC): LoRa, EMCON A'); B U504.1 on EMCON_HW (netlist: EMCON_HW); B U504.2 on LORA_ON (netlist: LORA_ON); B U504.4 on E22_EN (netlist: E22_EN); B U505 value has 'SN74LVC1G08' (netlist: 'SN74LVC1G08DBVR AND (1 A 2 B 3 GND 4 Y 5 VCC): E72 radios, E'); B U505.1 on EMCON_HW (netlist: EMCON_HW); B U505.2 on ZB_ON (netlist: ZB_ON); B U505.4 on E72_EN (netlist: E72_EN); B U112 value has 'SN74LVC1G04' (netlist: 'SN74LVC1G04DBVR inverter (2 A 4 Y): EMCON_ON1 = NOT EMCON_HW'); B U112.2 on EMCON_HW (netlist: EMCON_HW); B U112.4 on EMCON_ON1 (netlist: EMCON_ON1); B U112.5 on +3V3_CM1 (netlist: +3V3_CM1); B U212.2 on EMCON_HW (netlist: EMCON_HW); B U212.4 on EMCON_ON2 (netlist: EMCON_ON2); B U212.5 on +3V3_CM2 (netlist: +3V3_CM2); B U312.2 on EMCON_HW (netlist: EMCON_HW); B U312.4 on EMCON_ON3 (netlist: EMCON_ON3); B U312.5 on +3V3_CM3 (netlist: +3V3_CM3); B U113.1 on EMCON_ON1 (netlist: EMCON_ON1); B U113.3 on EMCON_ON1 (netlist: EMCON_ON1); B U113.6 on WL_nDIS1 (netlist: WL_nDIS1); B U113.4 on BT_nDIS1 (netlist: BT_nDIS1); B U113.5 on +3V3_CM1 (netlist: +3V3_CM1); B U213.1 on EMCON_ON2 (netlist: EMCON_ON2); B U213.6 on WL_nDIS2 (netlist: WL_nDIS2); B U213.5 on +3V3_CM2 (netlist: +3V3_CM2); B U313.1 on EMCON_ON3 (netlist: EMCON_ON3); B U313.6 on WL_nDIS3 (netlist: WL_nDIS3); B U313.5 on +3V3_CM3 (netlist: +3V3_CM3); B U114.1 on WL_nDIS1_OFF (netlist: WL_nDIS1_OFF); B U114.6 on WL_nDIS1 (netlist: WL_nDIS1); B U114.4 on BT_nDIS1 (netlist: BT_nDIS1); B U214.6 on WL_nDIS2 (netlist: WL_nDIS2); B U214.4 on BT_nDIS2 (netlist: BT_nDIS2); B U314.6 on WL_nDIS3 (netlist: WL_nDIS3); B U314.4 on BT_nDIS3 (netlist: BT_nDIS3); B U6 IO1_0 on WL_nDIS1_OFF (netlist: WL_nDIS1_OFF); B U6 IO1_3 on BT_nDIS1_OFF (netlist: BT_nDIS1_OFF); B U116 value has 'SN74LV1T08' (netlist: 'SN74LV1T08DBVR AND, 5 V supply, TTL-level inputs (1 A 2 B 3 '); B U116.1 on EMCON_HW (netlist: EMCON_HW); B U116.2 on PCIE_PWR_EN1 (netlist: PCIE_PWR_EN1); B U116.4 on S1A_EN (netlist: S1A_EN); B U116.5 on +5V_S1 (netlist: +5V_S1); B U316.1 on EMCON_HW (netlist: EMCON_HW); B U316.2 on PCIE_PWR_EN3 (netlist: PCIE_PWR_EN3); B U316.4 on S3A_EN (netlist: S3A_EN); B U316.5 on +5V_S3 (netlist: +5V_S3); B U103.3 on S1A_EN (netlist: S1A_EN); B U303.3 on S3A_EN (netlist: S3A_EN); B U115.1 on EMCON_ON1 (netlist: EMCON_ON1); B U115.6 on WIFI_W_DIS_n (netlist: WIFI_W_DIS_n); B U115.3 on GND (netlist: GND); B U315.1 on EMCON_ON3 (netlist: EMCON_ON3); B U315.6 on WIFI2_W_DIS_n (netlist: WIFI2_W_DIS_n); B U315.3 on GND (netlist: GND); B U203 value has 'AP64500' (netlist: 'AP64500SP-13 5 A buck, 3.3 V rail +3V3_S2A'); B U203.3 on S2A_EN (netlist: S2A_EN); B U216 value has 'SN74LV1T08' (netlist: 'SN74LV1T08DBVR AND, 5 V supply, TTL-level inputs (1 A 2 B 3 '); B U216.1 on EMCON_HW (netlist: EMCON_HW); B U216.2 on PCIE_PWR_EN2 (netlist: PCIE_PWR_EN2); B U216.4 on S2A_EN (netlist: S2A_EN); B U216.5 on +5V_S2 (netlist: +5V_S2); B U220 value has 'SN74LVC2G06' (netlist: 'SN74LVC2G06DBVR dual open-drain inverter (1 1A 6 1Y, 3 2A 4 '); B U220.1 on EMCON_ON2 (netlist: EMCON_ON2); B U220.6 on 5G_PWROFF_n (netlist: 5G_PWROFF_n); B U221 value has 'TPS3808G30' (netlist: 'TPS3808G30DBVR supervisor on +3V3_S2A: holds FULL_CARD_POWER'); B U221.1 on 5G_TPR_n (netlist: 5G_TPR_n); B U221.5 on +3V3_S2A (netlist: +3V3_S2A); B U554.1 on 5G_TPR_n (netlist: 5G_TPR_n); B U554.6 on 5G_PWROFF_n (netlist: 5G_PWROFF_n); B U215 value has 'SN74LVC2G06' (netlist: 'SN74LVC2G06DBVR dual open-drain inverter (1 1A 6 1Y, 3 2A 4 '); B U215.1 on EMCON_ON2 (netlist: EMCON_ON2); B U215.6 on 5G_W_DIS_n (netlist: 5G_W_DIS_n); B U215.3 on GND (netlist: GND); B Q212.1 on EMCON_ON2 (netlist: EMCON_ON2); B Q212.3 on 5G_DCHG (netlist: 5G_DCHG); B R295 value has '15R' (netlist: '15R 1% 2512 1W (EMCON discharge of +3V3_M2C2, SD-EMC-1)'); B R295.1 on +3V3_M2C2 (netlist: +3V3_M2C2); B R295.2 on 5G_DCHG (netlist: 5G_DCHG); B U506.2 on EMCON_HW (netlist: EMCON_HW); B U506.4 on EMCON_SUP (netlist: EMCON_SUP); B U506.5 on +3V3_DEV (netlist: +3V3_DEV); B U41 PC5 on EMCON_SUP (netlist: EMCON_SUP); B Q212 value has 'AO3400A' (netlist: "AO3400A: EMCON discharges the 5G module's rail through R295 "); board B: 3 parts whose value holds 'STM32H743' (read: 3, U41,U51,U61); board B: 3 parts whose value holds 'SN74LV1T08' (read: 3, U116,U216,U316); B R529.2 on LIME_UVLO (netlist: LIME_UVLO); B R530.2 on RB_UVLO (netlist: RB_UVLO); B R531.2 on E22_UVLO (netlist: E22_UVLO)
PANEL.md#6:L156:cell:2:s2 [f46acf5130] NOT DERIVABLE
    Ruled 32.50 item 3 ("every transmitter") and, on 26 September 2026, by the owner's D-05: **under EMCON the radios go DARK.** Every radio with an emission path is powered off or RF-disabled in hardware; the VHF path keeps listening (D8's gate is on transmit only, as ruled); GNSS, DCF77 and the lightning detector continue.
    judgement: HELD DOCUMENT: a maker's figure, an analysis, a ruling or a record, not a netlist claim (the rulings 32.50 item 3 and D-05)
    names looked up: 1 parts, 0 nets; D8 on ACE (sentence names D)
PANEL.md#6:L156:cell:2:s3 [7aab87b020] NOT DERIVABLE
    The cost of the 5G supply removal is Quectel's flash warning, accepted as a residual; the bridge's AT+CFUN=0 on EMCON remains care of the module's flash, not the inhibit.
    judgement: HELD DOCUMENT: a maker's figure, an analysis, a ruling or a record, not a netlist claim
    names looked up: 0 parts, 0 nets
PANEL.md#6:L156:cell:2:s4 [5bfe6a8bde] TRUE
    The back-feed of SD-EMC-2 into the RockBLOCK, the E22 and the E72 is drawn since set 12 (stream d4emcon): the RockBLOCK's RXD and P_EN pass only while `RB_GO` (`U537` to `U539`), the E22's TXEN, RXEN, NRST, MOSI, SCK and NSS only while `LORA_GO` (`U544` to `U550`), its MISO reaching the host through the buffer `U553`, and the E72s' receive, reset and boot-select lines only through open drains, the receive lines pulled up to the modules' own switched rail `+3V3_ZB` (`U540` to `U542`, `R536`, `R537`; `feasibility/EMCON.md` section 0a.1).
    judgement: set 12's back-feed gates; MISO through U553; the citation is EMCON.md section 0a.1 since round 3 (check-s122-2 m1), which names the E72 gates and pull-ups
    names looked up: 9 parts, 3 nets
    asserted (14): B U537.4 on RB_GO (netlist: RB_GO); B U538.2 on RB_GO (netlist: RB_GO); B U539.2 on RB_GO (netlist: RB_GO); B U544.4 on LORA_GO (netlist: LORA_GO); B U546.2 on LORA_GO (netlist: LORA_GO); B U548.2 on LORA_GO (netlist: LORA_GO); B U550.2 on LORA_GO (netlist: LORA_GO); B U553.2 on LORA_MISO (netlist: LORA_MISO); B U553.4 on SPI3_MISO (netlist: SPI3_MISO); B U540.6 on ZBA_RXD (netlist: ZBA_RXD); B U541 value has 'SN74LVC2G07' (netlist: 'SN74LVC2G07DBVR dual open-drain buffer (1 1A 6 1Y, 3 2A 4 2Y'); B U542.6 on ZBB_RXD (netlist: ZBB_RXD); B net +3V3_ZB holds R536,R537,U22 (missing: none); v2/docs/feasibility/EMCON.md says '### 0a.1|`U540`|`R536`|`R537`|`U536`|`RB_IEN`|`U543`'
PANEL.md#6:L156:cell:2:s5 [d53cc00f10] NOT DERIVABLE
    No row has been shown on a bench (`feasibility/EMCON.md` section 6).
    judgement: HELD DOCUMENT: a maker's figure, an analysis, a ruling or a record, not a netlist claim
    names looked up: 0 parts, 0 nets
PANEL.md#6:L156:cell:2:s6 [780f73dd5e] NOT DERIVABLE
    **Corrected 26 September 2026 (S-07):** this row said the compute modules' own radios had no hardware path from EMCON and the WiFi cards only a disable pin of unproven effect, which was the circuit before `458b2873`.
    judgement: HISTORY: a dated record of an earlier reading or wording, true as history, not re-derived against set 12
    names looked up: 0 parts, 0 nets
PANEL.md#6:L156:cell:2:s7 [3f55eed50c] NOT DERIVABLE
    **Corrected 27 September 2026 (round 8):** it described `EMCON_ON` from `Q11` and `R513` on `+3V3_DEV`, 2N7002 open drains, `U19`/`U20` and the supervisors' PC5 on the line, and the 5G module's disable pin as its only path
    judgement: HISTORY: a dated record of an earlier reading or wording, true as history, not re-derived against set 12 (the round 8 correction naming the parts round 8 removed)
    names looked up: 4 parts, 1 nets
    part numbers (1): 2N7002 on A (Q1,Q36,Q37,Q6), B (Q10,Q102,Q103,Q104), C (Q2,Q3,Q4,Q6), D (Q1,Q2,Q3,Q4), E (Q10,Q11,Q8,Q9), P (Q5)
PANEL.md#6:L157:cell:0:s1 [737d427bad] TRUE
    ZEROIZE_HW
    judgement: pin 10
    names looked up: 0 parts, 1 nets
    asserted (1): C J_PANEL.10 on ZEROIZE_HW (netlist: ZEROIZE_HW)
PANEL.md#6:L157:cell:1:s1 [e5d33f7dc2] TRUE
    `SW_ZERO` closed = `ZEROIZE_SW` low, and `U12` drives `ZEROIZE_HW` low with it
    judgement: SW_ZERO and U12
    names looked up: 2 parts, 2 nets
    asserted (15): C SW_ZERO.1 on ZEROIZE_SW (netlist: ZEROIZE_SW); C SW_ZERO.2 on GND (netlist: GND); C R10 value has '10k' (netlist: '10k'); C R10.1 on ZEROIZE_SW (netlist: ZEROIZE_SW); C R10.2 on +3V3 (netlist: +3V3); C C20 value has '10n' (netlist: '10n'); C C20.1 on ZEROIZE_SW (netlist: ZEROIZE_SW); C U3 GPIO22 on ZEROIZE_SW (netlist: ZEROIZE_SW); C U12 value has '74LVC1G17' (netlist: '74LVC1G17 Schmitt-trigger non-inverting buffer (Diodes 74LVC'); C U12.2 on ZEROIZE_SW (netlist: ZEROIZE_SW); C U12.4 on ZEROIZE_HW (netlist: ZEROIZE_HW); B net ZEROIZE_HW holds J_AB1,J_PANEL,TP8 (missing: none); D net ZEROIZE_HW holds J_HARN1,TP9 (missing: none); A net ZEROIZE_HW holds J_AB1,J_MEZZ1,R117 (missing: none); A R117 value has '10k' (netlist: '10k')
PANEL.md#6:L157:cell:2:s1 [b0be55ba0f] TRUE
    the toggle is read by the controller's GPIO 22 on `ZEROIZE_SW`, the only listener: `ZEROIZE_HW` reaches test points on B16 and D8 and A22's pull-up `R117`, and no hardware line reaches the slots, the supervisors or the drives.
    judgement: ZEROIZE_SW's only reader is GPIO 22; ZEROIZE_HW reaches test points on B and D and R117 on A
    names looked up: 2 parts, 2 nets
    asserted (15): C SW_ZERO.1 on ZEROIZE_SW (netlist: ZEROIZE_SW); C SW_ZERO.2 on GND (netlist: GND); C R10 value has '10k' (netlist: '10k'); C R10.1 on ZEROIZE_SW (netlist: ZEROIZE_SW); C R10.2 on +3V3 (netlist: +3V3); C C20 value has '10n' (netlist: '10n'); C C20.1 on ZEROIZE_SW (netlist: ZEROIZE_SW); C U3 GPIO22 on ZEROIZE_SW (netlist: ZEROIZE_SW); C U12 value has '74LVC1G17' (netlist: '74LVC1G17 Schmitt-trigger non-inverting buffer (Diodes 74LVC'); C U12.2 on ZEROIZE_SW (netlist: ZEROIZE_SW); C U12.4 on ZEROIZE_HW (netlist: ZEROIZE_HW); B net ZEROIZE_HW holds J_AB1,J_PANEL,TP8 (missing: none); D net ZEROIZE_HW holds J_HARN1,TP9 (missing: none); A net ZEROIZE_HW holds J_AB1,J_MEZZ1,R117 (missing: none); A R117 value has '10k' (netlist: '10k')
PANEL.md#6:L157:cell:2:s2 [d3bb02455a] NOT DERIVABLE
    Every drive and eMMC key is wrapped by key-encryption keys only B16's ATECC608B holds (two of them, both needed to unlock a drive, `feasibility/ZEROIZE.md` section 3); held closed 5 s, the controller destroys both first over the kit bus by regenerating them in place (the GenKey command), then tells the running modules to drop the keys they hold in RAM, then drops `SLOT_EN1..3`.
    judgement: HELD DOCUMENT: a maker's figure, an analysis, a ruling or a record, not a netlist claim (the key wrapping, feasibility/ZEROIZE.md)
    names looked up: 0 parts, 3 nets
    part numbers (1): ATECC608B on B (U8)
    asserted (1): B U8 value has 'ATECC608B' (netlist: 'ATECC608B-SSHDA-T secure element (I2C 0x60): keys behind ZER')
PANEL.md#6:L157:cell:2:s3 [336485f33d] NOT DERIVABLE
    `feasibility/ZEROIZE.md` closes that from Microchip's public documents (a desk result; the full ATECC608B datasheet stays under NDA) and leaves the physical demonstration on the fitted part to bench experiments Z-EXP-A and Z-EXP-B (S-35), with the SLB 9673 TPM 2.0 on B16's `U8` site as the fallback.
    judgement: HELD DOCUMENT: a maker's figure, an analysis, a ruling or a record, not a netlist claim (ZEROIZE.md and the bench experiments); B16's U8 is the ATECC608B site
    names looked up: 1 parts, 0 nets
    part numbers (1): ATECC608B on B (U8)
    asserted (1): B U8 value has 'ATECC608B' (netlist: 'ATECC608B-SSHDA-T secure element (I2C 0x60): keys behind ZER')
PANEL.md#6:L158:cell:0:s1 [e2d29b9e99] TRUE
    TR_APRS
    judgement: pin 7 and GPIO 23
    names looked up: 0 parts, 1 nets
    asserted (2): C J_PANEL.7 on TR_APRS (netlist: TR_APRS); C U3 GPIO23 on TR_APRS (netlist: TR_APRS)
PANEL.md#6:L158:cell:1:s1 [4d225c0c87] TRUE
    D8's real KEY line
    judgement: TR_APRS from KEY through U18
    names looked up: 1 parts, 0 nets; D8 on ACE (sentence names D)
    asserted (2): D U18.2 on KEY (netlist: KEY); D R48.2 on TR_APRS (netlist: TR_APRS)
PANEL.md#6:L159:cell:1:s1 [50a302f450] TRUE
    `SW_MAIN` to A22 `J_MAINSW`
    judgement: the MAIN switch lead
    names looked up: 2 parts, 0 nets; SW_MAIN on C (sentence names A)
    asserted (2): C SW_MAIN value has 'J_MAINSW' (netlist: 'MAIN PWR 19 mm momentary, green ring (to A22 J_MAINSW); C&K '); A J_MAINSW.1 on MAIN_PB (netlist: MAIN_PB)
PANEL.md#7:L165:cell:1:s1 [cbb687f780] TRUE
    VEML7700 ambient light
    judgement: C7's VEML7700
    names looked up: 0 parts, 0 nets
    part numbers (1): VEML7700 on C (U_LIGHT)
    asserted (1): C U_LIGHT value has 'VEML7700' (netlist: 'Vishay VEML7700 ambient light sensor (1 SCL 2 VDD 3 GND 4 SD')
PANEL.md#7:L165:cell:2:s1 [f167717fb2] TRUE
    C7
    judgement: a board name as a row label
    names looked up: 1 parts, 0 nets
PANEL.md#7:L166:cell:1:s1 [907a184c68] TRUE
    PCA9555 `U6` (outputs: switch reset, rail enables, the module radio off requests into the open drains `U{s}14`, 5G control, and the RockBLOCK's ENABLE request `RB_SW_IEN` and P_EN request `RB_CTRL_H`) and `U7` (inputs: faults, RockBLOCK status)
    judgement: U6's outputs and U7's inputs
    names looked up: 5 parts, 2 nets
    part numbers (1): PCA9555 on A (U27,U28), B (U6,U7), C (U1,U2), D (U16)
    asserted (12): B U6 value has '0x20' (netlist: 'PCA9555PW 0x20: outputs (switch reset, rail enables, module '); B U7 value has '0x25' (netlist: 'PCA9555PW 0x25: inputs (faults, RockBLOCK status) and spares'); B U6 IO0_0 on KSZ_RST (netlist: KSZ_RST); B U6 IO0_1 on LIME_SW_EN (netlist: LIME_SW_EN); B U6 IO0_6 on 5G_OFF (netlist: 5G_OFF); B U6 IO1_0 on WL_nDIS1_OFF (netlist: WL_nDIS1_OFF); B U6 IO1_6 on RB_SW_IEN (netlist: RB_SW_IEN); B U6 IO1_7 on RB_CTRL_H (netlist: RB_CTRL_H); B U539.1 on RB_CTRL_H (netlist: RB_CTRL_H); B U7 IO0_3 on RB_STATUS (netlist: RB_STATUS); B U7 IO0_1 on RB_FLT (netlist: RB_FLT); B net SDA holds U6,U7 (missing: none)
PANEL.md#7:L166:cell:2:s1 [bc215963d1] TRUE
    B16
    judgement: a board name as a row label
    names looked up: 0 parts, 0 nets
PANEL.md#7:L167:cell:1:s1 [0348bf9879] TRUE
    PCA9555 `U27` (outputs: the charge inhibit, the monitor, heater, D8 and device-rail enables, the PoE, PA and HF software enables; inputs: faults and status, and on P1.5 the hot stop line HOT-R1 from board E, pulled up by `R216`) and `U28` (power-good lines, the USB-C outlet's software enable, the Glenair host port's VBUS switch and its fault, the EMCON gates' supply fault `EMCON_EF_FLT` on P1.2, low when U39 has cut it on a +3V3 overvoltage, spares)
    judgement: U27 and U28 as drawn; P1.5 is DOCK_SPARE with R216, P1.2 EMCON_EF_FLT from U39
    names looked up: 5 parts, 2 nets; R216 on AB (sentence names DE); U27 on AB (sentence names DE); U28 on AB (sentence names DE); U39 on A (sentence names DE)
    part numbers (1): PCA9555 on A (U27,U28), B (U6,U7), C (U1,U2), D (U16)
    asserted (18): A U27 value has '0x21' (netlist: 'PCA9555PW (0x21): enables and status'); A U28 value has '0x24' (netlist: 'PCA9555PW (0x24): power-good lines, spares'); A U27 IO0_0 on CHG_INHIBIT (netlist: CHG_INHIBIT); A U27 IO0_1 on MON_EN (netlist: MON_EN); A U27 IO0_2 on HEAT_EN (netlist: HEAT_EN); A U27 IO0_3 on D8_EN (netlist: D8_EN); A U27 IO0_4 on POE_SW_EN (netlist: POE_SW_EN); A U27 IO0_5 on PA_SW_EN (netlist: PA_SW_EN); A U27 IO0_6 on HF_SW_EN (netlist: HF_SW_EN); A U27 IO0_7 on DEV_EN (netlist: DEV_EN); A U27 IO1_5 on DOCK_SPARE (netlist: DOCK_SPARE); A R216.1 on DOCK_SPARE (netlist: DOCK_SPARE); A U28 IO1_0 on PD_SW_EN (netlist: PD_SW_EN); A U28 IO0_0 on USBX_EN (netlist: USBX_EN); A U28 IO0_1 on USBX_FLT (netlist: USBX_FLT); A U28 IO1_2 on EMCON_EF_FLT (netlist: EMCON_EF_FLT); A U39.6 on EMCON_EF_FLT (netlist: EMCON_EF_FLT); A net SDA holds U27,U28 (missing: none)
PANEL.md#7:L167:cell:2:s1 [0536e7eccf] TRUE
    A22
    judgement: a board name as a row label
    names looked up: 0 parts, 0 nets
PANEL.md#7:L168:cell:1:s1 [3d47dcd92b] TRUE
    PCA9555 panel expanders (section 4)
    judgement: C7's two PCA9555
    names looked up: 0 parts, 0 nets
    part numbers (1): PCA9555 on A (U27,U28), B (U6,U7), C (U1,U2), D (U16)
    asserted (2): C U1 value has 'PCA9555' (netlist: 'PCA9555PW 0x22: LED sinks, light mode inputs'); C U2 value has 'PCA9555' (netlist: 'PCA9555PW 0x23: LED sinks, the battery bar, lamp test')
PANEL.md#7:L168:cell:2:s1 [f167717fb2] TRUE
    C7
    judgement: a board name as a row label
    names looked up: 1 parts, 0 nets
PANEL.md#7:L169:cell:1:s1 [8a07cc5c6c] TRUE
    PCA9555 (relay, PA and PTT status, mode inputs)
    judgement: D8's PCA9555
    names looked up: 0 parts, 0 nets
    part numbers (1): PCA9555 on A (U27,U28), B (U6,U7), C (U1,U2), D (U16)
    asserted (1): D U16 value has 'PCA9555' (netlist: 'PCA9555PW 0x26: COS, PTT states, KEY, PA_KEY in; exciter PD,')
PANEL.md#7:L169:cell:2:s1 [e32ddc3033] TRUE
    D8
    judgement: a board name as a row label
    names looked up: 1 parts, 0 nets; D8 on ACE (sentence names D)
PANEL.md#7:L170:cell:1:s1 [12ab5b6b01] TRUE
    TPS23861 PoE PSE controller `U5`, at its factory address with its A3 pin open (pulled up inside the part); every TPS23861 also answers the broadcast address 0x30 (TI SLUSBX9I, sections 7.3.13 and 8.3.3.1)
    judgement: U5 on the bus with its A3 pin open; the broadcast address is the maker's
    names looked up: 1 parts, 0 nets
    part numbers (1): TPS23861 on B (U5)
    asserted (3): B U5 value has 'TPS23861' (netlist: 'TI TPS23861PWR PoE PSE controller, port 1 to the wall RJ45 ('); B U5.23 on unconnected-(U5-A3-Pad23) (netlist: unconnected-(U5-A3-Pad23)); B net SDA holds U5 (missing: none)
PANEL.md#7:L170:cell:2:s1 [bc215963d1] TRUE
    B16
    judgement: a board name as a row label
    names looked up: 0 parts, 0 nets
PANEL.md#7:L171:cell:1:s1 [406b1d5e9e] TRUE
    the three STM32H743 I/O supervisors `U41`, `U51`, `U61`, I2C1 targets on PB6 and PB7 for status only (`ARCH-PCB-B-IOHA.md` section 6; the addresses are the supervisors' firmware contract, I3-F01: never 0x30 to 0x32, never a master, never 0x60)
    judgement: U41, U51 and U61 on PB6 and PB7; the addresses are the firmware contract
    names looked up: 3 parts, 0 nets
    part numbers (1): STM32H743 on B (U41,U51,U61)
    asserted (6): B U41 value has 'STM32H743' (netlist: 'STM32H743VIT6 I/O supervisor A: 2-of-3 quorum on two CAN-FD '); B U41 PB6 on SCL (netlist: SCL); B U41 PB7 on SDA (netlist: SDA); B U51 PB7 on SDA (netlist: SDA); B U61 PB7 on SDA (netlist: SDA); board B: 3 parts whose value holds 'STM32H743' (read: 3, U41,U51,U61)
PANEL.md#7:L171:cell:2:s1 [bc215963d1] TRUE
    B16
    judgement: a board name as a row label
    names looked up: 0 parts, 0 nets
PANEL.md#7:L172:cell:1:s1 [977cb01ecc] TRUE
    INA226 rail monitors: the three slot rails (5.1 V), the device rail, the PA rail (13.8 V), the PoE rail (54 V)
    judgement: the six INA226 on board A's bus, their straps giving 0x40, 0x41, 0x44, 0x45, 0x46 and 0x47 by TI's table
    names looked up: 0 parts, 0 nets
    part numbers (1): INA226 on A (U10,U11,U14,U17)
    asserted (20): A U8 value has '+5V_S1' (netlist: 'INA226 rail monitor +5V_S1'); A U8.1 on GND (netlist: GND); A U8.2 on GND (netlist: GND); A U9 value has '+5V_S2' (netlist: 'INA226 rail monitor +5V_S2'); A U9.1 on GND (netlist: GND); A U9.2 on +3V3 (netlist: +3V3); A U10 value has '+5V_S3' (netlist: 'INA226 rail monitor +5V_S3'); A U10.1 on +3V3 (netlist: +3V3); A U10.2 on GND (netlist: GND); A U11 value has '+5V_DEV' (netlist: 'INA226 rail monitor +5V_DEV'); A U11.1 on +3V3 (netlist: +3V3); A U11.2 on +3V3 (netlist: +3V3); A U14 value has 'PA rail' (netlist: 'INA226 PA rail monitor (0x46)'); A U14.1 on +3V3 (netlist: +3V3); A U14.2 on SDA (netlist: SDA); A U17 value has 'PoE rail' (netlist: 'INA226 PoE rail monitor (0x47)'); A U17.1 on +3V3 (netlist: +3V3); A U17.2 on SCL (netlist: SCL); A net SDA holds U10,U11,U14,U17,U8,U9 (missing: none); board A: 3 parts whose value holds 'rail monitor +5V_S' (read: 3, U10,U8,U9)
PANEL.md#7:L172:cell:2:s1 [0536e7eccf] TRUE
    A22
    judgement: a board name as a row label
    names looked up: 0 parts, 0 nets
PANEL.md#7:L173:cell:1:s1 [5f2cf03744] TRUE
    ADS1115 `U22`, the power amplifier's flange temperature: a Semitec 103AT-2 NTC on the lead `J_FLANGE`, read ratiometric against the harness +3V3 (ADDR to GND, TI SBAS444E Table 7-2); the key-down rules K2 (+75 C) and C4 (+85 C) of `feasibility/POWER-THERMAL.md` read it, in firmware (PWR-F15, round 8 of MESHSAT-1357)
    judgement: U22 with ADDR to GND on the flange lead; the key-down rules are firmware
    names looked up: 4 parts, 1 nets
    part numbers (3): 103AT-2 on D (J_FLANGE), P (J_TS,J_TS2,U2); ADS1115 on D (U22); SBAS444E document: TI's ADS1115 data sheet number
    asserted (5): D U22 value has 'ADS1115' (netlist: 'ADS1115IDGSR 16-bit ADC at 0x48 (1 ADDR 2 ALERT/RDY 3 GND 4 '); D U22.1 on GND (netlist: GND); D U22.9 on SDA (netlist: SDA); D U22.4 on FLANGE_AIN0 (netlist: FLANGE_AIN0); D J_FLANGE present
PANEL.md#7:L173:cell:2:s1 [e32ddc3033] TRUE
    D8
    judgement: a board name as a row label
    names looked up: 1 parts, 0 nets; D8 on ACE (sentence names D)
PANEL.md#7:L174:cell:1:s1 [de5bf6a8af] TRUE
    TMP117 board temperature under the coolers
    judgement: B16's TMP117 under the coolers
    names looked up: 0 parts, 0 nets
    part numbers (1): TMP117 on B (U10)
    asserted (2): B U10 value has 'TMP117' (netlist: 'TMP117AIDRVR board temperature under the coolers (I2C 0x49; '); B U10 value has 'under the coolers' (netlist: 'TMP117AIDRVR board temperature under the coolers (I2C 0x49; ')
PANEL.md#7:L174:cell:2:s1 [bc215963d1] TRUE
    B16
    judgement: a board name as a row label
    names looked up: 0 parts, 0 nets
PANEL.md#7:L175:cell:1:s1 [31ce2cbb07] TRUE
    KSZ9897R Ethernet switch, I2C management (a fixed address: "The 7-bit device address is fixed as 1011_111", Microchip's datasheet in `v2/vendor/microchip/`; I2C management selected by the strap `R57`)
    judgement: the KSZ9897R on the bus with the strap R57; the fixed address is the maker's
    names looked up: 1 parts, 0 nets
    part numbers (1): KSZ9897R on B (U1)
    asserted (3): B U1 value has 'KSZ9897' (netlist: 'Microchip KSZ9897RTXI seven-port Gigabit switch: ports 1-3 t'); B R57 value has 'I2C management' (netlist: '1k (strap [LED4_1, LED3_1] = 01: I2C management, Table 3-3)'); B net SDA holds U1 (missing: none)
PANEL.md#7:L175:cell:2:s1 [bc215963d1] TRUE
    B16
    judgement: a board name as a row label
    names looked up: 0 parts, 0 nets
PANEL.md#7:L176:cell:1:s1 [7bc4869e25] NOT DERIVABLE
    ATECC608B secure element (keys behind ZEROIZE); 0x60 is the family's default, and the fitted SSHDA part's factory address is item U4 of `feasibility/ZEROIZE.md`, TBD until the bench
    judgement: HELD DOCUMENT: a maker's figure, an analysis, a ruling or a record, not a netlist claim (the fitted part's address, ZEROIZE.md item U4, TBD)
    names looked up: 1 parts, 0 nets
    part numbers (1): ATECC608B on B (U8)
    asserted (1): B U8 value has 'ATECC608B' (netlist: 'ATECC608B-SSHDA-T secure element (I2C 0x60): keys behind ZER')
PANEL.md#7:L176:cell:2:s1 [bc215963d1] TRUE
    B16
    judgement: a board name as a row label
    names looked up: 0 parts, 0 nets
PANEL.md#7:L177:cell:1:s1 [e405a3ce91] TRUE
    DS3231SN holdover clock U9 (CR2032 backed; the part code C9866 has always bought, drawn on its own 16 SO land since board B's round 8)
    judgement: U9 on B16, CR2032-backed on VBAT_RTC; the order code history is a record
    names looked up: 1 parts, 0 nets
    part numbers (3): C9866 stock: the LCSC code the DS3231SN is bought under; CR2032 on B (BT1,U9); DS3231SN on B (U9)
    asserted (3): B U9 value has 'DS3231SN' (netlist: 'DS3231SN# holdover clock (I2C 0x68, TCXO and crystal), CR203'); B U9.15 on SDA (netlist: SDA); B U9.14 on VBAT_RTC (netlist: VBAT_RTC)
PANEL.md#7:L177:cell:2:s1 [bc215963d1] TRUE
    B16
    judgement: a board name as a row label
    names looked up: 0 parts, 0 nets
PANEL.md#7:L178:cell:1:s1 [2773e818ae] TRUE
    BQ25731 charger (an I2C target on the kit bus; it has no conductor to the pack's gauge and no thermistor input)
    judgement: A22's BQ25731 U3 on the kit bus (pins 12 and 13); no pin of it is on a thermistor or gauge net; the pin table is TI's (SLUSE66A)
    names looked up: 0 parts, 0 nets
    part numbers (1): BQ25731 on A (U3)
    asserted (3): A U3 value has 'BQ25731' (netlist: 'BQ25731RSNR 1 to 5 cell buck-boost charger, 4S from the 20 V'); A U3.12 on SDA (netlist: SDA); A U3.13 on SCL (netlist: SCL)
PANEL.md#7:L178:cell:2:s1 [0536e7eccf] TRUE
    A22
    judgement: a board name as a row label
    names looked up: 0 parts, 0 nets
PANEL.md#7:L180:para:s1 [541ce3dddd] TRUE
    Read from the SDA and SCL nets of the committed netlists of boards A, B, C and D at `45bde541`; the 0x48 row from board D's netlist of round 8 (MESHSAT-1357, stream d), whose SDA and SCL gain U22 and nothing else; re-read on 29 September 2026 against the netlists of integration set 13 (A `6c40250c47195ebb`, B `3ef9b8c49a01b728`, C `c9f7394594201045`, D `a2d48972d171aad1`) by `v2/docs/records/s122/verdicts.py`, which asserts that every device the table names is on its board's SDA net (the supervisors' and the secure element's addresses are firmware or TBD, as their rows say).
    judgement: re-read at set 13: every device of the table on its board's SDA net
    names looked up: 1 parts, 0 nets
    asserted (27): board A netlist sha256/16 6c40250c47195ebb (read: 6c40250c47195ebb); board B netlist sha256/16 3ef9b8c49a01b728 (read: 3ef9b8c49a01b728); board C netlist sha256/16 c9f7394594201045 (read: c9f7394594201045); board D netlist sha256/16 a2d48972d171aad1 (read: a2d48972d171aad1); C net SDA holds U1,U2,U3,U_LIGHT (missing: none); B net SDA holds U1,U10,U41,U5,U51,U6,U61,U7,U8,U9 (missing: none); A net SDA holds U27,U28,U3 (missing: none); A U8 value has '+5V_S1' (netlist: 'INA226 rail monitor +5V_S1'); A U8.1 on GND (netlist: GND); A U8.2 on GND (netlist: GND); A U9 value has '+5V_S2' (netlist: 'INA226 rail monitor +5V_S2'); A U9.1 on GND (netlist: GND); A U9.2 on +3V3 (netlist: +3V3); A U10 value has '+5V_S3' (netlist: 'INA226 rail monitor +5V_S3'); A U10.1 on +3V3 (netlist: +3V3); A U10.2 on GND (netlist: GND); A U11 value has '+5V_DEV' (netlist: 'INA226 rail monitor +5V_DEV'); A U11.1 on +3V3 (netlist: +3V3); A U11.2 on +3V3 (netlist: +3V3); A U14 value has 'PA rail' (netlist: 'INA226 PA rail monitor (0x46)'); A U14.1 on +3V3 (netlist: +3V3); A U14.2 on SDA (netlist: SDA); A U17 value has 'PoE rail' (netlist: 'INA226 PoE rail monitor (0x47)'); A U17.1 on +3V3 (netlist: +3V3); A U17.2 on SCL (netlist: SCL); A net SDA holds U10,U11,U14,U17,U8,U9 (missing: none); D net SDA holds U16,U22 (missing: none)
PANEL.md#7:L180:para:s2 [94bef6640e] NOT DERIVABLE
    **Corrected 26 September 2026 (S-07):** the table listed neither board A's two expanders nor the three supervisors, the Ethernet switch and the PoE controller.
    judgement: HISTORY: a dated record of an earlier reading or wording, true as history, not re-derived against set 12
    names looked up: 0 parts, 0 nets
    asserted (2): board B: 3 parts whose value holds 'STM32H743' (read: 3, U41,U51,U61); board A: 2 parts whose value holds 'PCA9555' (read: 2, U27,U28)
PANEL.md#7:L180:para:s3 [0c8cf23652] NOT DERIVABLE
    **An open finding of that correction:** 0x30 is both supervisor 1's status address and the TPS23861's broadcast address, which every TPS23861 answers whatever its A3 pin says, so a transaction the controller means for the supervisor reaches the PoE controller too.
    judgement: HISTORY: a dated record of an earlier reading or wording, true as history, not re-derived against set 12; the broadcast address is the maker's
    names looked up: 0 parts, 0 nets
    part numbers (1): TPS23861 on B (U5)
PANEL.md#7:L180:para:s4 [108d13c557] NOT DERIVABLE
    The broadcast address is fixed in the TPS23861, so it is supervisor 1's address that has to move, in the supervisors' firmware.
    judgement: HELD DOCUMENT: a maker's figure, an analysis, a ruling or a record, not a netlist claim
    names looked up: 0 parts, 0 nets
    part numbers (1): TPS23861 on B (U5)
PANEL.md#7:L180:para:s5 [5b976a9345] NOT DERIVABLE
    **Closed 27 September 2026 as a firmware contract (I3-F01, board B round 8, the block `ARCHITECTURE.md` section 5.5 records):** the supervisors answer at 0x34, 0x35 and 0x36; the bus is unchanged, and the panel firmware never writes 0x30 except to address every TPS23861 at once.
    judgement: FIRMWARE: the firmware contract or an operating procedure, not a netlist claim (the supervisors' addresses, I3-F01)
    names looked up: 0 parts, 0 nets
    part numbers (1): TPS23861 on B (U5)
PANEL.md#7:L180:para:s6 [ccaf6c5062] TRUE
    Three firmware-bearing supervisors share this bus with the secure element; only the panel controller is to command it (firmware rule Z-C3 of `feasibility/ZEROIZE.md`, residual R7).
    judgement: the supervisors and the secure element share the kit bus; the command rule is firmware (Z-C3)
    names looked up: 1 parts, 0 nets
    asserted (2): B net SDA holds U41,U51,U61,U8 (missing: none); board B: 3 parts whose value holds 'STM32H743' (read: 3, U41,U51,U61)
PANEL.md#7:L182:para:s1 [aedcd950db] NOT DERIVABLE
    **Speed, pull-ups and capacitance (27 September 2026, `HW-FW-CONTRACT.md` section 6).** The controller runs the bus in Standard-mode, 100 kHz programmed and at least 90 kHz achieved, the clock `feasibility/ZEROIZE.md`'s time budget holds at (FW-K01).
    judgement: FIRMWARE: the firmware contract or an operating procedure, not a netlist claim (the bus speed)
    names looked up: 0 parts, 0 nets
PANEL.md#7:L182:para:s2 [4ff7998807] TRUE
    The pull-ups are 2.2 k on B16 (`R54`, `R55`) and 2.2 k here (`R7`, `R8`), with the KSZ9897R's internal 58 k: 2.94 mA at 0.4 V from the top of the 3.3 V tolerance, against the 3 mA the weakest targets are rated to sink at 0.4 V (the minimum their datasheets state), so they cannot be made stronger, and no participant enables an internal pull-up (FW-K02).
    judgement: R54 and R55 on B16, R7 and R8 on C7; the currents are computed
    names looked up: 4 parts, 0 nets
    part numbers (1): KSZ9897R on B (U1)
    asserted (8): B R54 value has '2.2k' (netlist: '2.2k'); B R54.1 on SDA (netlist: SDA); B R55 value has '2.2k' (netlist: '2.2k'); B R55.1 on SCL (netlist: SCL); C R7 value has '2.2k' (netlist: '2.2k'); C R7.1 on SDA (netlist: SDA); C R8 value has '2.2k' (netlist: '2.2k'); C R8.1 on SCL (netlist: SCL)
PANEL.md#7:L182:para:s3 [385ae55b43] NOT DERIVABLE
    Four targets state a 300 ns rise at any clock (the BQ25731, the TPS23861, the ATECC608B and board D's round 8 ADS1115), and as one segment the bus cannot meet it: its pins and ribbons alone exceed the limit at their published maxima (finding HF-F01).
    judgement: HELD DOCUMENT: a maker's figure, an analysis, a ruling or a record, not a netlist claim (the targets' rise-time limits and HF-F01)
    names looked up: 0 parts, 0 nets
    part numbers (4): ADS1115 on D (U22); ATECC608B elsewhere: board B's U8; board D is named for the ADS1115; BQ25731 elsewhere: board A's U3; TPS23861 elsewhere: board B's U5
PANEL.md#7:L182:para:s4 [919c0ea875] TRUE
    The session took three segments behind two TCA9517A (SC-HF-02): A22's targets and D8's behind one on A22, the three supervisors, the PoE controller and the Ethernet switch behind one on B16 that this controller opens only for its own transactions to them and closes before every secure-element transaction (FW-K05).
    judgement: no TCA9517A is drawn on A or B, so the segments are owed, as the paragraph says
    names looked up: 1 parts, 0 nets
    part numbers (1): TCA9517A asserted
    asserted (6): board A has no part whose value holds 'TCA9517' (found: none); board B has no part whose value holds 'TCA9517' (found: none); A net SDA holds J_AB1,U27,U28 (missing: none); board B: 3 parts whose value holds 'STM32H743' (read: 3, U41,U51,U61); board A has no part whose value holds 'TCA9517A' (found: none); board B has no part whose value holds 'TCA9517A' (found: none)
PANEL.md#7:L182:para:s5 [b368b57fd0] TRUE
    Owed on A22 and B16; until drawn, HF-F01 stands.
    judgement: no TCA9517A on A or B
    names looked up: 0 parts, 0 nets
    asserted (2): board A has no part whose value holds 'TCA9517' (found: none); board B has no part whose value holds 'TCA9517' (found: none)
PANEL.md#7:L184:para:s1 [0129fb0216] NOT DERIVABLE
    The sensor board inside E6 (BME688 at 0x76 and the IMU at 0x68 on its own bus) belongs to the sensor controller, a second RP2040 that is another USB device; its addresses never appear on the kit bus.
    judgement: HELD DOCUMENT: a maker's figure, an analysis, a ruling or a record, not a netlist claim (the sensor board inside E6 is not a netlisted board); the sensor controller is E's RP2040
    names looked up: 0 parts, 0 nets
    part numbers (2): BME688 on E (U14); RP2040 on B (J_PANEL), C (U3), E (U10)
    asserted (1): E U10 value has 'RP2040' (netlist: 'RP2040 sensor controller (USB to B16 through the dock)')
PANEL.md#7:L184:para:s2 [4b0726e6eb] NOT DERIVABLE
    Rules: the panel's 3.3 V is never switched while the ribbon is attached (an unpowered PCA9555 clamps the bus).
    judgement: FIRMWARE: the firmware contract or an operating procedure, not a netlist claim (a rule of operation; the clamp is the PCA9555's own behaviour)
    names looked up: 0 parts, 0 nets
    part numbers (1): PCA9555 on A (U27,U28), B (U6,U7), C (U1,U2), D (U16)
PANEL.md#7:L184:para:s3 [c2b91e4453] TRUE
    With the ribbon unplugged the kit fails safe on transmit: A22 pulls `EMCON_HW` low (`R102`, as B16 does with `R58`) and A22, B16 and D8 pull `TX_INHIBIT_n` low (`R145`, `R59`, `R2`), so every EMCON gate closes and the PA cannot key; A22 pulls `ZEROIZE_HW` high (`R117`, no wipe) and `SHORE_INHIBIT` low (`R118`, the inputs run).
    judgement: the fail-safe pulls on A, B and D
    names looked up: 8 parts, 4 nets
    asserted (14): A R102.1 on EMCON_HW (netlist: EMCON_HW); A R102.2 on GND (netlist: GND); B R58.1 on EMCON_HW (netlist: EMCON_HW); B R58.2 on GND (netlist: GND); A R145.1 on TX_INHIBIT_n (netlist: TX_INHIBIT_n); A R145.2 on GND (netlist: GND); B R59.1 on TX_INHIBIT_n (netlist: TX_INHIBIT_n); B R59.2 on GND (netlist: GND); D R2.1 on TX_INHIBIT_n (netlist: TX_INHIBIT_n); D R2.2 on GND (netlist: GND); A R117.1 on ZEROIZE_HW (netlist: ZEROIZE_HW); A R117.2 on +3V3 (netlist: +3V3); A R118.1 on SHORE_INHIBIT (netlist: SHORE_INHIBIT); A R118.2 on GND (netlist: GND)
PANEL.md#7:L184:para:s4 [1d4232681d] TRUE
    The slot enables are pulled low on A22, so no compute module runs.
    judgement: R30 and R34 hold the slot enables low
    names looked up: 0 parts, 0 nets
    asserted (4): A R30.1 on SLOT_EN1 (netlist: SLOT_EN1); A R30.2 on GND (netlist: GND); A net SLOT_EN2 holds R34,U5 (missing: none); A net SLOT_EN1 holds R30,U4 (missing: none)
PANEL.md#7:L184:para:s5 [73da5fc77a] NOT DERIVABLE
    A kit without its panel neither computes nor transmits, and its charger has no host: at best the pack gains the host-free 256 mA less board E's always-on draw (section 10).
    judgement: HELD DOCUMENT: a maker's figure, an analysis, a ruling or a record, not a netlist claim (the charger's host-free behaviour, TI's answer)
    names looked up: 0 parts, 0 nets
PANEL.md#9:L201:para:s1 [ba3a95b6c7] TRUE
    Controls: TEST / ACK short press = acknowledge (flashers to steady, sounder muted, MSG cleared, battery bar 5 s); hold 2 s = lamp test (all seventeen controller-lit indicators for 3 s, a chirp, the battery bar after: the sixteen panel LEDs `D1` to `D16`, the TX lamp `D3` among them through its tie `D17`, and the PI button's ring; the MAIN and TEST rings are lit whenever the LED rail is present and are not the controller's to test, and the controller's status LED `D18` sits on the board, not in the face; reconciled 27 September 2026, S-39: the "17" was right; section 1 counts the face's LEDs, `D1` to `D16` and, since round 8, the hardware EMCON lamp `D22`, which is not among these seventeen: as drawn no expander and no test tie reaches it, so the lamp test cannot light it and setting EMCON is its test, section 4); hold 5 s within 60 s of a "show QR" request from the touch UI = the e-paper shows the enrolment QR while held.
    judgement: the lamp test's circuit: D17 ties TX_K to U2's TX_LAMPTEST, the PI ring on U2 IO0_2; D22 on no expander
    names looked up: 6 parts, 0 nets
    asserted (10): C D17.2 on TX_K (netlist: TX_K); C D17.1 on TX_LAMPTEST (netlist: TX_LAMPTEST); C U2 IO1_0 on TX_LAMPTEST (netlist: TX_LAMPTEST); C U2 IO0_2 on PIRING_K (netlist: PIRING_K); C SW_MAIN.3 on MAINRING_A (netlist: MAINRING_A); C D22.1 on EMCLAMP_K (netlist: EMCLAMP_K); board C: 17 parts whose footprint holds 'LED_D3.0mm' (read: 17, D1,D10,D11,D12,D13,D14,D15,D16,D2,D22,D3,D4,D5,D6,D7,D8,D9); C D1 present; C D16 present; C D22 present
PANEL.md#9:L201:para:s2 [e6caa6c8fa] NOT DERIVABLE
    It never transmits through EMCON: with EMCON asserted the message is queued until EMCON is released and the operator is told on the panel, as the SOS indications below set out.
    judgement: FIRMWARE: the firmware contract or an operating procedure, not a netlist claim
    names looked up: 0 parts, 0 nets
PANEL.md#9:L201:para:s3 [1303e44db8] NOT DERIVABLE
    EMCON = section 6 plus the software hold (queue every send, show EMCON on the e-paper, MASTER CAUT steady).
    judgement: FIRMWARE: the firmware contract or an operating procedure, not a netlist claim
    names looked up: 0 parts, 0 nets
PANEL.md#9:L203:para:s1 [b7ee9bd83e] NOT DERIVABLE
    E-paper (PDi E2370KS0C1, 416 x 240, iTC controller, PDi's driving note rev 02): idle page with callsign, battery and shore state, GPS fix, UTC time, last inbound message, bearer chips and the slot health; refresh at most once a minute, full refresh once an hour and after ZEROIZE; the QR carries an enrolment URL plus a one-time code, never key material; the controller powers the display down through `EPD_PWR_n` between refreshes (the boost stage runs only while `BUSY` is high) and polls `BUSY` before every command.
    judgement: FIRMWARE: the firmware contract or an operating procedure, not a netlist claim (the e-paper's use); EPD_PWR_n drives Q5
    names looked up: 0 parts, 1 nets
    part numbers (1): E2370KS0C1 on C (J_EPD)
    asserted (1): C Q5.1 on EPD_PWR_n (netlist: EPD_PWR_n)
PANEL.md#9:L205:para:s1 [f6d813396d] NOT DERIVABLE
    **SOS indications (S-32's operator half; taken by the session on 27 September 2026 under the owner's standing rule of 26 September 2026, `CONOPS.md` section 7a).** Armed (the toggle closed 2 s): SOS ACTIVE (`D4`) flashes at 1 Hz, MASTER WARN flashes, the sounder runs its SOS pattern, and the e-paper shows "SOS ARMED" with the UTC time.
    judgement: FIRMWARE: the firmware contract or an operating procedure, not a netlist claim (the SOS indications)
    names looked up: 1 parts, 0 nets
PANEL.md#9:L205:para:s2 [3e9e9f47d5] NOT DERIVABLE
    Sent: `D4` goes steady once the message has been handed to a bearer, the sounder pattern ends, and the e-paper lists each bearer and recipient as the message goes, with the position sent (the LG290P's fix, or the last fix with its age when none is current); MASTER WARN stays until acknowledged.
    judgement: FIRMWARE: the firmware contract or an operating procedure, not a netlist claim
    names looked up: 1 parts, 0 nets
    part numbers (1): LG290P on B (BT1,J_GNSS2,U11)
PANEL.md#9:L205:para:s3 [6e81e4a9e9] NOT DERIVABLE
    Queued under EMCON: `D4` keeps flashing, nothing transmits (D-10), and the e-paper shows "SOS QUEUED: EMCON ON, OPEN EMCON TO SEND".
    judgement: FIRMWARE: the firmware contract or an operating procedure, not a netlist claim
    names looked up: 1 parts, 0 nets
PANEL.md#9:L205:para:s4 [b84bc1b43e] NOT DERIVABLE
    No host for the panel (the panel controller's bank without a module, which is bank 1 as board B is generated and bank 3 once board B carries BANK-R1, `CONOPS.md` section 4c; or no module running): the controller shows it by itself, with no bridge: `D4` flashes at 4 Hz, MASTER WARN flashes, and it writes "SOS NOT SENT: NO HOST" on the e-paper.
    judgement: FIRMWARE: the firmware contract or an operating procedure, not a netlist claim (the no-host indication); the bank assignment is the IOHA fabric's
    names looked up: 1 parts, 0 nets; D4 on ACE (sentence names B)
PANEL.md#9:L205:para:s5 [4f2665c0ff] NOT DERIVABLE
    Cancelled (the toggle returned): `D4` goes dark and the e-paper shows "SOS CANCELLED" with the time; a message already sent is followed by a cancellation notice to the same recipients over the same bearers, under the same EMCON rule.
    judgement: FIRMWARE: the firmware contract or an operating procedure, not a netlist claim
    names looked up: 1 parts, 0 nets
PANEL.md#9:L207:para:s1 [1bc7026f6e] NOT DERIVABLE
    Complete (both key-encryption keys destroyed and verified, the journal's DONE record): the sounder sounds continuously for 3 s, MASTER WARN goes steady, and the e-paper is fully refreshed to "ZEROIZED" with the UTC time and "KEYS DESTROYED AND VERIFIED", a page it keeps with the power off; the slots stay off while the toggle stays closed.
    judgement: FIRMWARE: the firmware contract or an operating procedure, not a netlist claim (the ZEROIZE indications)
    names looked up: 0 parts, 0 nets
PANEL.md#10:L213:para:s1 [9e86900b5a] TRUE
    `SHORE_INHIBIT` (controller GPIO 20, ribbon pin 26) reaches A22 through B16 and the dock strip E6 through A22's block: high = the shore and vehicle inputs are held off at the front end, so nothing charges.
    judgement: SHORE_INHIBIT from GPIO 20 and ribbon pin 26 to A's dock contact 8 and E's Q8
    names looked up: 0 parts, 1 nets
    asserted (4): C U3 GPIO20 on SHORE_INHIBIT (netlist: SHORE_INHIBIT); C J_PANEL.26 on SHORE_INHIBIT (netlist: SHORE_INHIBIT); A J_DOCK.8 on SHORE_INHIBIT (netlist: SHORE_INHIBIT); E Q8.1 on SHORE_INHIBIT (netlist: SHORE_INHIBIT)
PANEL.md#10:L213:para:s2 [eb466c8d5a] TRUE
    As generated since `458b2873` the charger's cell-count strap is `R26` 13.3k over `R27` 40.2k, 75.1 % of VDDA, inside the BQ25731's 4S window of 68.4 to 81.5 % (ChargeVoltage 16.8 V, SYSOVP and VSYS_MIN at their 4S defaults; TI SLUSE66A 8.5 and Table 9-2; `gen_sch_a.py:764-771` at `45bde541`), and the kit's loads sit on the charger's system node VSYS (the net `VBAT`), with the pack beyond the charge shunt `R17` and the 25 A blade `F1`, TI's own topology (SLUSE66A Figure 10-1; `gen_sch_a.py:18-48`).
    judgement: the strap and the power path; the citations are dated; the percentages are computed
    names looked up: 4 parts, 1 nets
    citations: gen_sch_a.py:764-771 at 45bde541 holds R26,R27; gen_sch_a.py:18-48 at 45bde541 holds F1,R17,VBAT
    part numbers (1): BQ25731 on A (U3)
    asserted (10): A R26 value has '13.3k 1%' (netlist: '13.3k 1% (CELL_BATPRESZ: 4S, 75 percent of VDDA)'); A R26.1 on CH_VDDA (netlist: CH_VDDA); A R26.2 on CH_CELL (netlist: CH_CELL); A R27 value has '40.2k 1%' (netlist: '40.2k 1%'); A R27.1 on CH_CELL (netlist: CH_CELL); A R17.1 on VBAT (netlist: VBAT); A R17.2 on CELL_FUSED (netlist: CELL_FUSED); A F1.1 on CELL+ (netlist: CELL+); A F1.2 on CELL_FUSED (netlist: CELL_FUSED); A U3 value has 'BQ25731' (netlist: 'BQ25731RSNR 1 to 5 cell buck-boost charger, 4S from the 20 V')
PANEL.md#10:L213:para:s3 [b91071c95b] NOT DERIVABLE
    That trickle goes to the pack alone, less board E's always-on draw, which sits on the pack side: a kit with a crashed panel is carried by shore at idle and its pack is held rather than charged (`review-packets/battery/CHARGER-STATE-SEQUENCE.md` sections 2 and 4 to 6).
    judgement: HELD DOCUMENT: a maker's figure, an analysis, a ruling or a record, not a netlist claim (the charger's behaviour, the charger-state record)
    names looked up: 0 parts, 0 nets
PANEL.md#10:L213:para:s4 [cba542e37a] NOT DERIVABLE
    **Corrected 26 September 2026 (S-07):** this paragraph said the strap selected 2S (`R26` 60.4k) and that the 256 mA fed the loads and the pack together, which was the circuit before `458b2873`.
    judgement: HISTORY: a dated record of an earlier reading or wording, true as history, not re-derived against set 12
    names looked up: 1 parts, 0 nets
PANEL.md#10:L213:para:s5 [a9c858ec0a] NOT DERIVABLE
    The bridge asks the controller to assert it when the pack temperature (the pack gauge's own thermistor, read by the sensor controller on E6 and reported over USB) is below 0 C, when the operator sets "no charge", and clears it with hysteresis (charge again above 3 C).
    judgement: FIRMWARE: the firmware contract or an operating procedure, not a netlist claim
    names looked up: 0 parts, 0 nets
PANEL.md#10:L213:para:s6 [bc41670bc5] TRUE
    SHORE shows the charger's input-present bit, CHARGING its charge-in-progress bit; the pack is a built 4S smart pack with its own SMBus gauge, read by the sensor controller on E6 (not by the charger), so the battery bar comes from the pack's state of charge as the sensor controller reports it.
    judgement: the gauge's SMBus reaches E's J_SMB, not the charger on A
    names looked up: 0 parts, 0 nets
    asserted (4): E J_SMB.1 on SMBC (netlist: SMBC); E J_SMB.2 on SMBD (netlist: SMBD); P J_SMB.1 on SMBC (netlist: SMBC); J_SMB absent on A
PANEL.md#10:L213:para:s7 [f1f111b885] TRUE
    As generated since `faf8c981` that path exists: both ends of the pack's SMBus lead are the same JST-XH 1x4 in the pack board's order (1 SMBC, 2 SMBD, 3 the pack's own negative lead, 4 PRES), so a straight four-way lead mates them, and `check_contracts.py` checks the lead as a cross-board contract (ASSEMBLY.md section 4).
    judgement: both ends' pin orders
    names looked up: 0 parts, 0 nets
    asserted (8): P J_SMB.1 on SMBC (netlist: SMBC); P J_SMB.2 on SMBD (netlist: SMBD); P J_SMB.3 on PACK_N (netlist: PACK_N); P J_SMB.4 on PRES_J (netlist: PRES_J); E J_SMB.1 on SMBC (netlist: SMBC); E J_SMB.2 on SMBD (netlist: SMBD); E J_SMB.3 on GND (netlist: GND); E J_SMB.4 on PRES_LEAD (netlist: PRES_LEAD)
PANEL.md#10:L213:para:s8 [d1a6b91d38] NOT DERIVABLE
    **Corrected 26 September 2026:** this paragraph said E6's end was a 2.54 mm 1x6 header that no lead mated, which was true before `faf8c981`.
    judgement: HISTORY: a dated record of an earlier reading or wording, true as history, not re-derived against set 12
    names looked up: 0 parts, 0 nets
CONOPS.md#2:L79:cell:1:s1 [c530f82b50] NOT DERIVABLE
    Relay messages between local off-grid networks and remote correspondents when internet and cellular infrastructure are absent or down.
    judgement: HELD DOCUMENT: a maker's figure, an analysis, a ruling or a record, not a netlist claim (a need of section 2)
    names looked up: 0 parts, 0 nets
CONOPS.md#2a:L107:para:s1 [ad42c9eb94] NOT DERIVABLE
    The second pack has no location found yet: no pack is expected to fit the 160 mm west pocket as the board set stands (INFERRED from the committed board B underside, `v2/ecad/tools/panel1450.py` line 23, against the pocket of appendix 32.62; no case measurement is owed since the owner reversed D-08 on 26 September 2026), and the pack ruling D-06 of 26 September 2026 sets one pack in the east pocket, with missions longer than it relying on vehicle or solar input.
    judgement: HELD DOCUMENT: a maker's figure, an analysis, a ruling or a record, not a netlist claim (the second pack's location, INFERRED from the board B underside against appendix 32.62)
    names looked up: 0 parts, 0 nets
CONOPS.md#2a:L116:cell:2:s1 [82d7099fad] NOT DERIVABLE
    `ARCH-PCB-B-IOHA.md` acceptance tests A1 to A14
    judgement: HELD DOCUMENT: a maker's figure, an analysis, a ruling or a record, not a netlist claim (IOHA's acceptance tests)
    names looked up: 0 parts, 0 nets
CONOPS.md#2a:L118:cell:0:s1 [68adf0cbe9] NOT DERIVABLE
    Hardware EMCON
    judgement: HELD DOCUMENT: a maker's figure, an analysis, a ruling or a record, not a netlist claim (a table label)
    names looked up: 0 parts, 0 nets
CONOPS.md#2a:L118:cell:2:s1 [558254e36d] NOT DERIVABLE
    EMCON as D-05 rules it (section 4b)
    judgement: HELD DOCUMENT: a maker's figure, an analysis, a ruling or a record, not a netlist claim
    names looked up: 0 parts, 0 nets
CONOPS.md#2a:L124:para:s1 [86755cb169] NOT DERIVABLE
    A requirement under a named need is deferred when it serves a function the ruling leaves out, such as the accessory outlets under NEED-05 or the HF rail.
    judgement: HELD DOCUMENT: a maker's figure, an analysis, a ruling or a record, not a netlist claim
    names looked up: 0 parts, 0 nets
CONOPS.md#2a:L135:para:s1 [534549e3cc] NOT DERIVABLE
    **Which peripherals NEED-03 protects.** Every USB peripheral that `ARCH-PCB-B-IOHA.md` section 15 traces, each designed to move with its bank, and the kit-to-kit WiFi link, whose antennas move to the standby card (IOHA A11).
    judgement: HELD DOCUMENT: a maker's figure, an analysis, a ruling or a record, not a netlist claim (ARCH-PCB-B-IOHA.md section 15)
    names looked up: 0 parts, 0 nets
CONOPS.md#2a:L135:para:s2 [8b09cd80ae] TRUE
    The LoRa module (slot 3's SPI) and cellular data (slot 2's PCIe lane), which have no second path and go down with their module, are **NAMED EXCEPTIONS to NEED-03 for prototype 1**, as `ARCH-PCB-B-IOHA.md` sections 15 and 15a and appendix 32.366 record.
    judgement: the LoRa module's SPI reaches slot 3's module only (U32A through U548) and the 5G card's PCIe lane is slot 2's card socket; the named exceptions are IOHA's record
    names looked up: 0 parts, 0 nets
    asserted (19): B U109 value has 'bank 1: B = slot 1 USB3-0 (home), C = slot 2' (netlist: 'TI TMUXHS4212 SuperSpeed 2:1 host select, bank 1: B = slot 1'); B U209 value has 'bank 2: B = slot 2 USB3-0 (home), C = slot 3' (netlist: 'TI TMUXHS4212 SuperSpeed 2:1 host select, bank 2: B = slot 2'); B U309 value has 'bank 3: B = slot 3 USB3-0 (home), C = slot 1' (netlist: 'TI TMUXHS4212 SuperSpeed 2:1 host select, bank 3: B = slot 3'); B U110 value has 'bank 1: port 1 = slot 1 (home), port 2 = slot 2' (netlist: 'TI TS3USB221A USB2 2:1 host select, bank 1: port 1 = slot 1 '); B U210 value has 'bank 2: port 1 = slot 2 (home), port 2 = slot 3' (netlist: 'TI TS3USB221A USB2 2:1 host select, bank 2: port 1 = slot 2 '); B U310 value has 'bank 3: port 1 = slot 3 (home), port 2 = slot 1' (netlist: 'TI TS3USB221A USB2 2:1 host select, bank 3: port 1 = slot 3 '); B U102 USB_DP_DN4 on RB_DP (netlist: RB_DP); B U18 value has 'CP2102N' (netlist: 'CP2102N-A02-GQFN28 USB-UART bridge (RB)'); B U102 USB_DP_DN2 on USB_PNL_P (netlist: USB_PNL_P); B U202 USB_DP_DN1 on GNSS_DP (netlist: GNSS_DP); B U302 USB_DP_DN1 on USB_D8_P (netlist: USB_D8_P); B U302 USB_DP_DN2 on USB_E6_P (netlist: USB_E6_P); B U302 USB_DP_DN3 on USB_WALL_P (netlist: USB_WALL_P); B U302 USB_DP_DN4 on USB_5G_P (netlist: USB_5G_P); B net USB_5G_P holds exactly J_M2C2,U302 (read: J_M2C2,U302); B net LORA_MOSI holds exactly U12,U548 (read: U12,U548); B net SPI3_MOSI holds exactly J_SPI3,R549,U32A,U548 (read: J_SPI3,R549,U32A,U548); B net CARD2_TX_P holds J_M2C2 (missing: none); B U12 value has 'E22-900M30S' (netlist: 'Ebyte E22-900M30S 1 W LoRa (SX1262) on S3 SPI0 CE1: TXEN GPI')
CONOPS.md#2a:L135:para:s3 [3118c4d8b8] NOT DERIVABLE
    **Settled by the session under the owner's standing rule of 26 September 2026 (SC-02, about 11:35 CEST):** making either bearer critical needs a second LoRa site or the 5G module moved to USB 3, and both change the floor plan of board B, the board that is not routed; the exceptions need no board B change, and without them the kit is designed to keep at least three of D-01's four messaging bearers through the loss of any one module (`ARCH-PCB-B-IOHA.md` section 15a).
    judgement: HELD DOCUMENT: a maker's figure, an analysis, a ruling or a record, not a netlist claim (SC-02, a session ruling)
    names looked up: 0 parts, 0 nets
CONOPS.md#2a:L135:para:s4 [a3a4d07e30] NOT DERIVABLE
    Reverse by naming either bearer critical, which reopens board B's floor plan.
    judgement: HELD DOCUMENT: a maker's figure, an analysis, a ruling or a record, not a netlist claim
    names looked up: 0 parts, 0 nets
CONOPS.md#M1:L154:para:s1 [cbdee784c7] NOT DERIVABLE
    **The routes that carry the night, none of them taken here:** an overnight input on the 9 to 36 V vehicle and shore entry (a vehicle, a shore supply, or any DC source inside that entry's window, an external battery included, with no board change); the second pack that D-01 defers, which has no location found (section 2a); or a larger pack, which reopens D-06.
    judgement: HELD DOCUMENT: a maker's figure, an analysis, a ruling or a record, not a netlist claim (the night's routes, D-01, D-06)
    names looked up: 0 parts, 0 nets
CONOPS.md#M2:L220:para:s1 [782f2efe06] NOT DERIVABLE
    **Defined 27 September 2026 (section 4c):** the reduced mode runs two modules, slots 2 and 3, because no single slot can host the owner's example set with the SOS path as board B is generated (Iridium and the panel controller hang on bank 1, whose hosts are slots 1 and 2; the LoRa module is on slot 3's SPI; `ARCH-PCB-B-IOHA.md` sections 4 and 15); it carries GNSS, the LoRa mesh, Iridium, APRS beacons, the SOS path and 5G, with the monitor off.
    judgement: HELD DOCUMENT: a maker's figure, an analysis, a ruling or a record, not a netlist claim (the reduced mode's slots, IOHA sections 4 and 15)
    names looked up: 0 parts, 0 nets
CONOPS.md#M4:L250:para:s1 [de5a835322] NOT DERIVABLE
    **Sequence:** EMCON toggle closed: the hardware line puts the radios dark as section 4b sets out, the software holds and queues every send (an SOS included, which is queued and announced to the operator, D-10), the e-paper shows EMCON (`PANEL.md` sections 6 and 9); LIGHTING at BLACKOUT darkens the panel and the monitor and mutes the speaker and the sounder; at the window the operator opens EMCON, the queue drains, EMCON closes again; if the kit is about to be lost, ZEROIZE.
    judgement: FIRMWARE: the firmware contract or an operating procedure, not a netlist claim (M4's sequence)
    names looked up: 0 parts, 0 nets
CONOPS.md#M4:L250:para:s2 [378a24dccc] NOT DERIVABLE
    **Must hold:** once EMCON is closed, every transmitter's output falls below the pass line within its row's maximum latency L_max and stays there while EMCON stays closed, by a path that needs no software (NEED-08): 1 s for every radio but the 5G module; for a 5G module that has been turned on, 20 s (REQ-071), where since board B's round 8 the design removes its supply by hardware at once, RF off within about 1.2 ms plus 1.8 ms per mF of the module's input capacitance (TBD, bench E-12), a local reading and not an end-to-end one; 0 at power-up under EMCON (section 4b.1, `feasibility/EMCON.md` section 5a).
    judgement: HELD DOCUMENT: a maker's figure, an analysis, a ruling or a record, not a netlist claim (M4's must-hold, REQ-071; the 5G bound is EMCON.md's)
    names looked up: 0 parts, 0 nets
CONOPS.md#M4:L250:para:s3 [edb4c3e127] NOT DERIVABLE
    So "no transmitter emits while EMCON is closed" holds from the end of each row's L_max, not from the instant the toggle closes.
    judgement: HELD DOCUMENT: a maker's figure, an analysis, a ruling or a record, not a netlist claim
    names looked up: 0 parts, 0 nets
CONOPS.md#M4:L250:para:s4 [1922b27e39] NOT DERIVABLE
    **Ruled (D-05, 26 September 2026): radios dark.** Every radio with an emission path is powered off or RF-disabled in hardware; the VHF path keeps listening because its gate is on the transmit side only; GNSS, DCF77 and the lightning sensor continue.
    judgement: HELD DOCUMENT: a maker's figure, an analysis, a ruling or a record, not a netlist claim (ruling D-05)
    names looked up: 0 parts, 0 nets
CONOPS.md#M4:L250:para:s5 [1d9b5fd4ae] NOT DERIVABLE
    The kit therefore stops RECEIVING on every other radio while EMCON is closed.
    judgement: HELD DOCUMENT: a maker's figure, an analysis, a ruling or a record, not a netlist claim (the radios' behaviour with their supplies removed)
    names looked up: 0 parts, 0 nets
CONOPS.md#M5:L268:para:s1 [f2b4ff58e0] TRUE
    **In the heat** the kit sheds on measured internal temperatures, not on an ambient reading (it has no ambient sensor in prototype 1's core: the outside pod is deferred by D-01): at +50 C inside air or +55 C on any cell it drops to the reduced mode (slots 2 and 3, monitor off), and if those triggers are reached again there, to the heat stage, one module, which is required to carry the owner's example (GNSS, the LoRa mesh, Iridium and APRS beacons) with the SOS path: slot 3 once board B carries the bank allocation BANK-R1, and until then slot 2, which keeps the SOS path, Iridium, GNSS and 5G and loses the LoRa mesh, APRS and the pack's readings, a shortfall stated as a finding against the generated board (section 4c).
    judgement: the heat stage as generated: slot 2 hosts bank 1 as its failover (the RockBLOCK's bridge U18 and the panel's USB) and bank 2 at home (GNSS), the 5G card is slot 2's; the LoRa module is slot 3's SPI and APRS and the pack's readings are bank 3's (slot 3, failover slot 1); the thresholds and D-01 are the document's
    names looked up: 0 parts, 0 nets
    asserted (19): B U109 value has 'bank 1: B = slot 1 USB3-0 (home), C = slot 2' (netlist: 'TI TMUXHS4212 SuperSpeed 2:1 host select, bank 1: B = slot 1'); B U209 value has 'bank 2: B = slot 2 USB3-0 (home), C = slot 3' (netlist: 'TI TMUXHS4212 SuperSpeed 2:1 host select, bank 2: B = slot 2'); B U309 value has 'bank 3: B = slot 3 USB3-0 (home), C = slot 1' (netlist: 'TI TMUXHS4212 SuperSpeed 2:1 host select, bank 3: B = slot 3'); B U110 value has 'bank 1: port 1 = slot 1 (home), port 2 = slot 2' (netlist: 'TI TS3USB221A USB2 2:1 host select, bank 1: port 1 = slot 1 '); B U210 value has 'bank 2: port 1 = slot 2 (home), port 2 = slot 3' (netlist: 'TI TS3USB221A USB2 2:1 host select, bank 2: port 1 = slot 2 '); B U310 value has 'bank 3: port 1 = slot 3 (home), port 2 = slot 1' (netlist: 'TI TS3USB221A USB2 2:1 host select, bank 3: port 1 = slot 3 '); B U102 USB_DP_DN4 on RB_DP (netlist: RB_DP); B U18 value has 'CP2102N' (netlist: 'CP2102N-A02-GQFN28 USB-UART bridge (RB)'); B U102 USB_DP_DN2 on USB_PNL_P (netlist: USB_PNL_P); B U202 USB_DP_DN1 on GNSS_DP (netlist: GNSS_DP); B U302 USB_DP_DN1 on USB_D8_P (netlist: USB_D8_P); B U302 USB_DP_DN2 on USB_E6_P (netlist: USB_E6_P); B U302 USB_DP_DN3 on USB_WALL_P (netlist: USB_WALL_P); B U302 USB_DP_DN4 on USB_5G_P (netlist: USB_5G_P); B net USB_5G_P holds exactly J_M2C2,U302 (read: J_M2C2,U302); B net LORA_MOSI holds exactly U12,U548 (read: U12,U548); B net SPI3_MOSI holds exactly J_SPI3,R549,U32A,U548 (read: J_SPI3,R549,U32A,U548); B net CARD2_TX_P holds J_M2C2 (missing: none); B U12 value has 'E22-900M30S' (netlist: 'Ebyte E22-900M30S 1 W LoRa (SX1262) on S3 SPI0 CE1: TXEN GPI')
CONOPS.md#M5:L268:para:s2 [96aecf2119] NOT DERIVABLE
    So in the heat the kit has no compute redundancy left, the consequence the owner accepted with D-02b; the ambient at which each stage acts is a bound, not the +35 C of the ruling's argument (section 4c).
    judgement: HELD DOCUMENT: a maker's figure, an analysis, a ruling or a record, not a netlist claim (one module running, the consequence of D-02b)
    names looked up: 0 parts, 0 nets
CONOPS.md#4:L306:cell:1:s1 [7a24129764] BASELINE
    carried as cargo: lid closed and latched, antennas off, cables out, pack fitted, the kit off, and the pack put in the gauge's SHUTDOWN (ManufacturerAccess 0x0010 over the pack's SMBus, sent by the sensor controller: the gauge opens both FETs, TI SLUUAQ3A 5.4.2; `gen_sch_e.py` line 213), which it enters only with no charger present (SLUUAQ3A 5.4.2 and 13.1.8), so every input is unplugged first
    judgement: the undated citation gen_sch_e.py line 213: a baseline value; the SHUTDOWN command is firmware
    baseline value (CONOPS.md's head and handover/DEFINITION-STATUS.md): its current value is kept on the status page, row DC-06, which this script judges directly
    names looked up: 0 parts, 0 nets
CONOPS.md#4:L306:cell:5:s1 [9ef4aaf6d5] TRUE
    the pack's hardware protection, which needs no firmware: its PTC trip ("also works in SHUTDOWN mode", SLUUAQ3A 3.15) and the floor of owner ruling D-15, in board P's schematic since `faf8c981` (a BQ7720700 second level whose over-voltage, open-wire and over-temperature output blows the chemical fuse F2, as the gauge's FUSE output can, once the arming jumper JP1 is closed at commissioning, and whose under-voltage output holds the discharge FET off; `gen_sch_p.py` lines 243, 288 and 414 to 502 at `45bde541`, with the over-temperature network of `d90f30e4`); the 25 A blade
    judgement: board P's floor; the citation is dated at 45bde541; the PTC behaviour is TI's
    names looked up: 2 parts, 0 nets
    part numbers (1): BQ7720700 on P (U2)
    asserted (6): P U2 value has 'BQ7720700' (netlist: 'BQ7720700DSSR: second-level cell OV 4.325 V / UV 2.25 V / op'); P F2 value has 'SCF9550' (netlist: 'SCF9550-30-05 self-control fuse (Eaton, 30 A, 4-5 cells): 1 '); P JP1 present; P RT1 value has 'PRF15BB103RB6RC' (netlist: 'PRF15BB103RB6RC chip PTC 10k, 4.7M at 130 C (Murata): the BQ'); gen_sch_p.py lines 243 to 243 at 45bde541 hold RT1; gen_sch_p.py lines 288 to 288 at 45bde541 hold F2
CONOPS.md#4:L306:cell:8:s1 [4971a13c0c] NOT DERIVABLE
    The cell maker's restriction applies: the kit with its pack fitted is never left "in a car or similar place where inside of temperature may be over 60°C" (Samsung INR18650-35E Ver. 1.1, handling notes).
    judgement: HELD DOCUMENT: a maker's figure, an analysis, a ruling or a record, not a netlist claim (the cell maker's restriction)
    names looked up: 0 parts, 0 nets
    part numbers (1): INR18650-35E bought: Samsung's cell of the built pack, not a board part
CONOPS.md#4:L306:cell:8:s2 [8da8b38408] NOT DERIVABLE
    The pack is built for the kit rather than bought and its UN 38.3 status is unknown, and an unknown status permits no route by itself: road carriage has its own dangerous-goods rules (the ADR, which the Dutch ILT names for road consignments; review of 26 September 2026, `reviews/2026-09-26-foundation-progress-review.md` section 5, reference R5), as air and parcel carriage have theirs.
    judgement: HELD DOCUMENT: a maker's figure, an analysis, a ruling or a record, not a netlist claim
    names looked up: 1 parts, 0 nets
CONOPS.md#4:L306:cell:8:s3 [abfff5e29b] NOT DERIVABLE
    **What this state does not run** (Review A, m5): board E's always-on domain sits on the pack side of the gauge's FETs, so with the pack in shutdown the lid and tamper log (NEED-10's case-open record, REQ-036) does not run while the kit is carried, and the kit cannot start from its own pack until an input has woken the gauge (Deploy row).
    judgement: HELD DOCUMENT: a maker's figure, an analysis, a ruling or a record, not a netlist claim (board E's always-on domain and the lid log)
    names looked up: 0 parts, 0 nets
CONOPS.md#4:L308:cell:1:s1 [66dbfeded9] TRUE
    MAIN PWR held (hardware lead to board A's power controller)
    judgement: the MAIN lead reaches the LTC2954's PB
    names looked up: 0 parts, 0 nets
    asserted (2): A J_MAINSW.1 on MAIN_PB (netlist: MAIN_PB); A U1.2 on MAIN_PB (netlist: MAIN_PB)
CONOPS.md#4:L308:cell:3:s1 [42a39f0c30] TRUE
    board A's 3.3 V and the shared device rail come up; the panel controller boots, reads the ZEROIZE toggle (`ZEROIZE_SW`) and completes any pending wipe (D-03), then raises `SLOT_EN1..3`; LED rail dark until firmware is up; `SHORE_INHIBIT` low
    judgement: ZEROIZE_SW on GPIO 22, the slot enables on GPIO 13 to 15, SHORE_INHIBIT held low by R118; the order is firmware
    names looked up: 0 parts, 5 nets
    asserted (4): C U3 GPIO22 on ZEROIZE_SW (netlist: ZEROIZE_SW); C U3 GPIO13 on SLOT_EN1 (netlist: SLOT_EN1); A R118.1 on SHORE_INHIBIT (netlist: SHORE_INHIBIT); A R118.2 on GND (netlist: GND)
CONOPS.md#4:L308:cell:4:s1 [1a6b46e4c8] TRUE
    every slot stays off until the panel controller raises its enable (pull-downs on board A); a slot with a flat heartbeat after 60 s is marked faulty, cycled once, then left off
    judgement: the slot enables' pull-downs on board A; the 60 s supervision is firmware
    names looked up: 0 parts, 0 nets
    asserted (4): A R30.1 on SLOT_EN1 (netlist: SLOT_EN1); A R30.2 on GND (netlist: GND); A net SLOT_EN2 holds R34,U5 (missing: none); A net SLOT_EN1 holds R30,U4 (missing: none)
CONOPS.md#4:L308:cell:5:s1 [fe0dc4bdbe] NOT DERIVABLE
    HW power path, FW slot enable and supervision
    judgement: FIRMWARE: the firmware contract or an operating procedure, not a netlist claim (a classification of the row)
    names looked up: 0 parts, 0 nets
CONOPS.md#4:L308:cell:8:s1 [078d294b3f] BASELINE
    cold start from a pack below about -10 C at the cells is out of scope (D-02d); the fixes this cell used to name are in board A's schematic since `458b2873`: the device rail's enable is pulled up to board A's 3.3 V (`R42`, `gen_sch_a.py` line 887), the power controller's KILL input is pulled to 3.3 V (`R4`) and the 3.3 V buck's EN sits on a divider from the pack that reaches at most 4.7 V at 16.8 V (`R2` over `R184`, lines 260 and 261), the software enables are held off, and the charge inhibit released, by 4.7 k pull-downs until the firmware writes the expanders (lines 763, 1009, 1112 and 1125), and the monitor and heater eFuses trip at about 17.6 to 19.0 V (143 k over 10 k, lines 1041 to 1064); the power-up calculation of every enable at requirement level is owed (CON-014 of the registry); rail sequencing, inrush and hot-plug bounds (rule PWR-002): **TBD**; a kit whose pack is in the gauge's shutdown starts only once an input has woken the gauge (Transport and Storage rows); the panel controller cannot know the lid's state at start-up (the reed lands on the sensor controller alone, `gen_sch_e.py` lines 524 to 542, and the sensor controller reaches a module only as a USB device on bank 3), so it raises all three slots at every start-up, and a kit started with its lid closed enters the reduced mode by the normal route once the bridge has read the lid (section 4c).
    judgement: undated generator line citations (gen_sch_a.py 887, 260 and 261, 763, 1009, 1112, 1125, 1041 to 1064; gen_sch_e.py 524 to 542): baseline values; the parts they name hold on set 13
    baseline value (CONOPS.md's head and handover/DEFINITION-STATUS.md): its current value is kept on the status page, row DC-06, which this script judges directly
    names looked up: 4 parts, 0 nets
    asserted (2): A R42.1 on DEV_EN (netlist: DEV_EN); A R4.1 on KILL (netlist: KILL)
CONOPS.md#4:L309:cell:1:s1 [9a63ddab19] NOT DERIVABLE
    startup with three modules, lid open, C1's triggers clear (inside air under +50 C and every cell under +55 C, section 4c)
    judgement: HELD DOCUMENT: a maker's figure, an analysis, a ruling or a record, not a netlist claim
    names looked up: 1 parts, 0 nets
CONOPS.md#4:L309:cell:2:s1 [09c32df319] NOT DERIVABLE
    lid closed, C1 or C3 acting (to Reduced), a fault (to Degraded), EMCON, shutdown
    judgement: HELD DOCUMENT: a maker's figure, an analysis, a ruling or a record, not a netlist claim
    names looked up: 2 parts, 0 nets
CONOPS.md#4:L309:cell:6:s1 [a00a32d68e] NOT DERIVABLE
    PS-IDLE 39.7 W to PS-TYP 63.0 W; PS-BUSY a bounded mode (its sustained bound 92.0 W, ended by C1 at every conductance in the record); PS-ALLTX bursts inside the bounds of D-11 (section 5)
    judgement: HELD DOCUMENT: a maker's figure, an analysis, a ruling or a record, not a netlist claim
    names looked up: 1 parts, 0 nets
CONOPS.md#4:L310:cell:1:s1 [16bf264783] BASELINE
    lid closed (the reed under the frame on board E's `J_TAMP`, read by the sensor controller, `gen_sch_e.py` lines 524 to 542), or C1 (inside air +50 C, or any cell +55 C on the gauge's thermistors), or C3 (with the outlets already off, a 10 s average pack current above 9.0 A for 30 s), or the operator; a kit started with its lid closed starts all three modules and enters it once the bridge has read the lid (section 4c)
    judgement: the undated citation gen_sch_e.py lines 524 to 542: a baseline value; J_TAMP holds
    baseline value (CONOPS.md's head and handover/DEFINITION-STATUS.md): its current value is kept on the status page, row DC-06, which this script judges directly
    names looked up: 3 parts, 0 nets; C3 on ABCDP (sentence names E)
    asserted (1): E J_TAMP present
CONOPS.md#4:L310:cell:2:s1 [8a590ed76e] NOT DERIVABLE
    lid open and every trigger clear (C1's 5 K below its trigger; C3's predicted current under 8.0 A for 60 s), or the operator
    judgement: HELD DOCUMENT: a maker's figure, an analysis, a ruling or a record, not a netlist claim
    names looked up: 2 parts, 0 nets
CONOPS.md#4:L310:cell:3:s1 [9f161f4104] NOT DERIVABLE
    **slots 2 and 3** (section 4c): slot 2 hosts bank 2 (GNSS, both E72, the QMX receiving) and, by the fabric's failover, bank 1 (Iridium, the panel controller and with it the SOS path, the kit I2C devices); slot 3 hosts bank 3 (the APRS board D8, the sensor controller, the wall USB port, the 5G management link) and the LoRa module; the 5G module on slot 2's PCIe, registered and idle; APRS position beacons.
    judgement: HELD DOCUMENT: a maker's figure, an analysis, a ruling or a record, not a netlist claim (the banks' hosts, IOHA)
    names looked up: 1 parts, 0 nets; D8 on ACE (sentence names D)
CONOPS.md#4:L310:cell:3:s2 [5feb94af38] NOT DERIVABLE
    That is board B as generated; after BANK-R1 (section 4c) the same two slots carry the same set, with Iridium on bank 2 (slot 2's own) and the panel controller on bank 3 (slot 3's own), and bank 1 (the SDR, the camera, the QMX, the wall port) failed over to slot 2
    judgement: HELD DOCUMENT: a maker's figure, an analysis, a ruling or a record, not a netlist claim (BANK-R1)
    names looked up: 0 parts, 0 nets
CONOPS.md#4:L310:cell:5:s1 [d5d59c71d0] NOT DERIVABLE
    SW decides, FW switches: the bridge asks, the panel controller drops `SLOT_EN1`, and the three supervisors move bank 1 to slot 2 through the voted fabric (their 2-of-3 decision in firmware, the voting in hardware, `ARCH-PCB-B-IOHA.md` sections 4, 5 and 7).
    judgement: FIRMWARE: the firmware contract or an operating procedure, not a netlist claim
    names looked up: 0 parts, 1 nets
    asserted (1): board B: 3 parts whose value holds 'STM32H743' (read: 3, U41,U51,U61)
CONOPS.md#4:L310:cell:5:s2 [8e2b2ea5c9] BASELINE
    **Preconditions owed on board B, because this mode makes dropping `SLOT_EN1` routine** (Review A, m3): the break-before-make order, which the generated circuit does not have (FAB-03, CON-003); a bank detached from a host that has lost its power, which nothing does as generated (FAB-02, CON-022); and the supervisors' I2C status path, absent as generated (`ARCH-PCB-B-IOHA.md` section 6)
    judgement: check-s122-2 B1: all three preconditions are drawn, and were at the text's writing (95e078a1) and at the baseline (c5430071): the supervisors are kit bus targets on PB7 and PB6 since 458b2873 (DC-07; the TCA9517A segment of SC-HF-02 is what is owed), and board B's round 8 drew the break-before-make of FAB-03 and the back-power gating of FAB-02 (b) and (c), the display switches' enables U519 and U520 among it (DC-08); S-42 stays open over them (the gate's assertion and its mutation are its terms)
    baseline value (CONOPS.md's head and handover/DEFINITION-STATUS.md): its current value is kept on the status page, row DC-07, DC-08, which this script judges directly
    names looked up: 0 parts, 1 nets
    asserted (77): B U41 PB7 on SDA (netlist: SDA); B U41 PB6 on SCL (netlist: SCL); B U51 PB7 on SDA (netlist: SDA); B U51 PB6 on SCL (netlist: SCL); B U61 PB7 on SDA (netlist: SDA); B U61 PB6 on SCL (netlist: SCL); B U41.93 on SDA (netlist: SDA); B U41.92 on SCL (netlist: SCL); B net SDA holds J_PANEL,U41,U51,U61 (missing: none); B net SCL holds J_PANEL,U41,U51,U61 (missing: none); B J_PANEL.4 on SDA (netlist: SDA); at 458b2873: B U41 PB7 on SDA (netlist: SDA); at 1f614233: B U41 PB7 on unconnected-(U41-PB7-Pad93) (netlist: unconnected-(U41-PB7-Pad93)); at 95e078a1: B U51 PB6 on SCL (netlist: SCL); at c5430071: B U61 PB7 on SDA (netlist: SDA); at 45bde541: B U41 PB6 on SCL (netlist: SCL); at a9f212c7: B U51 PB7 on SDA (netlist: SDA); board B has no part whose value holds 'TCA9517' (found: none); v2/docs/ARCH-PCB-B-IOHA.md says 'CORRECTED at `458b2873`'; v2/docs/ARCH-PCB-B-IOHA.md says 'move behind a TCA9517A that the panel controller enables from U7 only for its ow'; B R191.1 on +3V3_CM1 (netlist: +3V3_CM1); B R191.2 on PG1 (netlist: PG1); B R191 value has '1k' (netlist: '1k'); B R192.1 on PG1 (netlist: PG1); B R192.2 on GND (netlist: GND); B R192 value has '100k' (netlist: '100k'); B U530 value has '74LVC1G17' (netlist: '74LVC1G17 Schmitt-trigger buffer (Diodes 74LVC1G17W5-7, 2 A '); B U530.2 on PG1 (netlist: PG1); B U530.4 on PG1_S (netlist: PG1_S); B U533 value has 'SN74LVC1G04' (netlist: 'SN74LVC1G04DBVR inverter (2 A 4 Y): slot 1 is dark (FAB-02)'); B U533.2 on PG1_S (netlist: PG1_S); B U533.4 on PG1_n (netlist: PG1_n); B U513 value has '74LVC1G157' (netlist: '74LVC1G157GW 2:1 mux (Nexperia; 6 S, 3 I0, 1 I1, 4 Y; Y = S '); B U513.3 on PG1_n (netlist: PG1_n); B U513.1 on PG2_n (netlist: PG2_n); B U513.6 on BSEL1_D2 (netlist: BSEL1_D2); B U513.4 on PGSEL1_n (netlist: PGSEL1_n); B U516 value has 'BBM ? 1' (netlist: '74LVC1G157GW 2:1 mux (Nexperia; 6 S, 3 I0, 1 I1, 4 Y; Y = S '); B U516.3 on PGSEL1_n (netlist: PGSEL1_n); B U516.6 on BBM1 (netlist: BBM1); B U516.4 on BOE1_n (netlist: BOE1_n); B net BOE1_n holds U109,U110 (missing: none); B U109 value has 'TMUXHS4212' (netlist: 'TI TMUXHS4212 SuperSpeed 2:1 host select, bank 1: B = slot 1'); B U110 value has 'TS3USB221A' (netlist: 'TI TS3USB221A USB2 2:1 host select, bank 1: port 1 = slot 1 '); B net BBM1 holds exactly U516,U85 (read: U516,U85); B net BBM1_MOV holds U527,U80,U85 (missing: none); B net BBM1_ARM holds U521,U524,U84 (missing: none); B U507 value has 'FAB-03' (netlist: '74LVC1G17 Schmitt-trigger buffer (Diodes 74LVC1G17W5-7, 2 A '); B U510 value has 'FAB-03' (netlist: '74LVC1G17 Schmitt-trigger buffer (Diodes 74LVC1G17W5-7, 2 A '); B U521 value has 'FAB-03' (netlist: '74LVC1G17 Schmitt-trigger buffer (Diodes 74LVC1G17W5-7, 2 A '); B net BSEL1_S holds U109,U110,U507 (missing: none); B U519 value has '74LVC1G157' (netlist: '74LVC1G157GW 2:1 mux (Nexperia; 6 S, 3 I0, 1 I1, 4 Y; Y = S '); B U519.3 on PG1_S (netlist: PG1_S); B U519.1 on PG2_S (netlist: PG2_S); B U519.6 on HDMI_SEL1 (netlist: HDMI_SEL1); B U519.4 on HDMI_EN1 (netlist: HDMI_EN1); B U3.2 on HDMI_EN1 (netlist: HDMI_EN1); B U520 value has '74LVC1G157' (netlist: '74LVC1G157GW 2:1 mux (Nexperia; 6 S, 3 I0, 1 I1, 4 Y; Y = S '); B U520.1 on PG3_S (netlist: PG3_S); B U520.6 on HDMI_SEL2 (netlist: HDMI_SEL2); B U520.4 on HDMI_EN2 (netlist: HDMI_EN2); B U4.2 on HDMI_EN2 (netlist: HDMI_EN2); at 95e078a1: B U519 value has '74LVC1G157' (netlist: '74LVC1G157GW 2:1 mux (Nexperia; 6 S, 3 I0, 1 I1, 4 Y; Y = S '); at 95e078a1: B U516 value has 'BBM ? 1' (netlist: '74LVC1G157GW 2:1 mux (Nexperia; 6 S, 3 I0, 1 I1, 4 Y; Y = S '); at c5430071: B U520 value has '74LVC1G157' (netlist: '74LVC1G157GW 2:1 mux (Nexperia; 6 S, 3 I0, 1 I1, 4 Y; Y = S '); at c5430071: B U513 value has '74LVC1G157' (netlist: '74LVC1G157GW 2:1 mux (Nexperia; 6 S, 3 I0, 1 I1, 4 Y; Y = S '); at 45bde541: U519 absent on B; at 45bde541: U516 absent on B; check_pcb_b.py lines 353 to 353 at b874b744 hold U519, U520; check_pcb_b.py lines 412 to 412 at b874b744 hold FAB-02 (b); registry S-42 status = OPEN (read: OPEN); registry S-42 title ~ the back-power gating of FAB-02 (b) and (c) (read: Board B's fabric findings FAB-01 to FAB-04 fixed in the generator, each with check_pcb_b.py's assertion and its mutation: the TEST2 strap, the back-power gating of FAB-02 (b) and (c), a true break-before-make sequence, and 10 kohm on the 23 safe-low lines (FAILOVER-FABRIC.md sections 9 and 10).); registry S-42 title ~ a true break-before-make sequence (read: Board B's fabric findings FAB-01 to FAB-04 fixed in the generator, each with check_pcb_b.py's assertion and its mutation: the TEST2 strap, the back-power gating of FAB-02 (b) and (c), a true break-before-make sequence, and 10 kohm on the 23 safe-low lines (FAILOVER-FABRIC.md sections 9 and 10).); registry CON-022 evidence_result = INCONCLUSIVE (read: INCONCLUSIVE); registry CON-022 waits_on ~ S-42 (read: ['S-42']); registry CON-003 evidence_result = INCONCLUSIVE (read: INCONCLUSIVE); registry CON-003 waits_on ~ S-42 (read: ['S-42'])
CONOPS.md#4:L310:cell:7:s1 [f743367dd5] NOT DERIVABLE
    owner ruling D-02b; section 4c; `ARCH-PCB-B-IOHA.md` section 15; `feasibility/POWER-THERMAL.md` section 9.3, `ARCHITECTURE.md` section 8 and `HW-FW-CONTRACT.md` FW-C09, which follow this row since 27 September 2026 (section 4c)
    judgement: HELD DOCUMENT: a maker's figure, an analysis, a ruling or a record, not a netlist claim
    names looked up: 0 parts, 0 nets
CONOPS.md#4:L310:cell:8:s1 [9b1e20e0de] NOT DERIVABLE
    the definition is the session's (section 7a), a departure from the owner's example in one respect, two modules where the example says one, because no single slot hosts the example's bearers and the SOS path as board B is generated; the owner's example on one module is the heat stage's required set (next row); the thermal proof is FEA-004's (`TEST-PLAN.md` E3-L and T-H1); the ambient at which C1 acts with the lid closed is a bound, +20.1 to +37.3 C on the independent bound and +28.9 to +34.2 C on 32.53's conductance (section 4c); `feasibility/POWER-THERMAL.md` follows this definition since 27 September 2026 (its sections 1 and 9.3: C1 sheds here first, and its PS-RED rows model one module, slot 3, the heat stage's case)
    judgement: HELD DOCUMENT: a maker's figure, an analysis, a ruling or a record, not a netlist claim
    names looked up: 1 parts, 0 nets
CONOPS.md#4:L311:cell:1:s1 [82a761d909] NOT DERIVABLE
    in the reduced mode, C1's triggers reached again
    judgement: HELD DOCUMENT: a maker's figure, an analysis, a ruling or a record, not a netlist claim
    names looked up: 1 parts, 0 nets
CONOPS.md#4:L311:cell:2:s1 [93c44b9635] NOT DERIVABLE
    the inside-air reading this stage keeps (board B's TMP117 under the coolers, on the kit bus through the panel controller) 5 K under its value at entry; the reduced mode is then restored, at most once in any 30 minutes (a planning value), and sheds again at once if C1's triggers still hold.
    judgement: FIRMWARE: the firmware contract or an operating procedure, not a netlist claim
    names looked up: 1 parts, 0 nets
    part numbers (1): TMP117 on B (U10)
    asserted (1): B U10 value has 'TMP117' (netlist: 'TMP117AIDRVR board temperature under the coolers (I2C 0x49; ')
CONOPS.md#4:L311:cell:2:s2 [9574902452] NOT DERIVABLE
    **Past it, the hot stop (next row):** with C1's triggers still set the kit stays here until the pack's measured cell temperature reaches the hot stop's first step (section 4c)
    judgement: HELD DOCUMENT: a maker's figure, an analysis, a ruling or a record, not a netlist claim
    names looked up: 1 parts, 0 nets
CONOPS.md#4:L311:cell:3:s1 [b790d7f1a1] NOT DERIVABLE
    **As board B is generated: slot 2 alone**, with bank 1 by failover (Iridium, the panel controller, SOS), bank 2 (GNSS, both E72) and the 5G module's data and AT control over slot 2's PCIe (Quectel RM520N series hardware design v1.1 section 3.2: in its PCIe modes the module "Supports MBIM/QMI/QRTR/AT over PCIe interface"; `feasibility/EMCON.md` section 4.5; the AT control counted only once the bridge's PCIe AT channel is shown)
    judgement: HELD DOCUMENT: a maker's figure, an analysis, a ruling or a record, not a netlist claim
    names looked up: 0 parts, 0 nets
    part numbers (1): RM520N on B (C520,C521,J_M2C2,U221)
CONOPS.md#4:L311:cell:4:s1 [36447f2d08] TRUE
    As generated: slots 1 and 3; bank 3 has no host (its home slot 3 and its failover slot 1 are both off): APRS, the sensor controller's USB link (the gauge's readings, the lid switch, the water and gas sensors reach no module; the sensor controller itself keeps running on board E's always-on domain), the wall USB port and **the 5G module's USB link** (bank 3, port 4: in the module's USB-AT-based PCIe mode its only firmware-update path, HD v1.1 section 3.2); the LoRa module; the monitor; and the outlets, held off because C2's cell input is lost
    judgement: the heat stage as generated: with slots 1 and 3 off, bank 3 (home slot 3, failover slot 1) has no host, and on it are D8 (APRS), E6's sensor controller, the wall port and the 5G module's USB (port 4); the LoRa module is slot 3's SPI; the module's update path is Quectel's
    names looked up: 1 parts, 0 nets
    asserted (19): B U109 value has 'bank 1: B = slot 1 USB3-0 (home), C = slot 2' (netlist: 'TI TMUXHS4212 SuperSpeed 2:1 host select, bank 1: B = slot 1'); B U209 value has 'bank 2: B = slot 2 USB3-0 (home), C = slot 3' (netlist: 'TI TMUXHS4212 SuperSpeed 2:1 host select, bank 2: B = slot 2'); B U309 value has 'bank 3: B = slot 3 USB3-0 (home), C = slot 1' (netlist: 'TI TMUXHS4212 SuperSpeed 2:1 host select, bank 3: B = slot 3'); B U110 value has 'bank 1: port 1 = slot 1 (home), port 2 = slot 2' (netlist: 'TI TS3USB221A USB2 2:1 host select, bank 1: port 1 = slot 1 '); B U210 value has 'bank 2: port 1 = slot 2 (home), port 2 = slot 3' (netlist: 'TI TS3USB221A USB2 2:1 host select, bank 2: port 1 = slot 2 '); B U310 value has 'bank 3: port 1 = slot 3 (home), port 2 = slot 1' (netlist: 'TI TS3USB221A USB2 2:1 host select, bank 3: port 1 = slot 3 '); B U102 USB_DP_DN4 on RB_DP (netlist: RB_DP); B U18 value has 'CP2102N' (netlist: 'CP2102N-A02-GQFN28 USB-UART bridge (RB)'); B U102 USB_DP_DN2 on USB_PNL_P (netlist: USB_PNL_P); B U202 USB_DP_DN1 on GNSS_DP (netlist: GNSS_DP); B U302 USB_DP_DN1 on USB_D8_P (netlist: USB_D8_P); B U302 USB_DP_DN2 on USB_E6_P (netlist: USB_E6_P); B U302 USB_DP_DN3 on USB_WALL_P (netlist: USB_WALL_P); B U302 USB_DP_DN4 on USB_5G_P (netlist: USB_5G_P); B net USB_5G_P holds exactly J_M2C2,U302 (read: J_M2C2,U302); B net LORA_MOSI holds exactly U12,U548 (read: U12,U548); B net SPI3_MOSI holds exactly J_SPI3,R549,U32A,U548 (read: J_SPI3,R549,U32A,U548); B net CARD2_TX_P holds J_M2C2 (missing: none); B U12 value has 'E22-900M30S' (netlist: 'Ebyte E22-900M30S 1 W LoRa (SX1262) on S3 SPI0 CE1: TXEN GPI')
CONOPS.md#4:L311:cell:5:s1 [6fba985383] NOT DERIVABLE
    SW decides, FW switches; the pack gauge's own windows and board P's second level act whatever the kit can read (the second level destructively, above the cells' limit).
    judgement: HELD DOCUMENT: a maker's figure, an analysis, a ruling or a record, not a netlist claim
    names looked up: 0 parts, 0 nets
CONOPS.md#4:L311:cell:5:s2 [262c688460] BASELINE
    On the cells' measured temperature the gauge's charge window acts first (a charge start refused above 42 C, a running charge ended above 43 C, OTC at 44 C; section 4c), and the hot stop (next row) is designed to act after it and before the gauge's discharge cut (OTD, 57.5 C), board P's second level, the gauge's SOT and the PTC; as generated the hot stop has no path in this stage, whose one module does not host bank 3, until HOT-R1 is in the generators of boards A and E (its requirement reads FAIL until then, next row)
    judgement: 'as generated the hot stop has no path in this stage until HOT-R1 is in the generators of boards A and E': HOT-R1 is drawn since stream w4ae (check-s122-1 B1)
    baseline value (CONOPS.md's head and handover/DEFINITION-STATUS.md): its current value is kept on the status page, row DC-02, which this script judges directly
    names looked up: 0 parts, 0 nets
    asserted (1): E Q11.3 on BLK_SPARE (netlist: BLK_SPARE)
CONOPS.md#4:L311:cell:6:s1 [f6ddbeef1e] NOT DERIVABLE
    after BANK-R1 PS-SURV-R 23.3 W (12.8 to 46.9); as generated PS-SURV 21.7 W (12.4 to 42.0); PROVISIONAL (section 4a)
    judgement: HELD DOCUMENT: a maker's figure, an analysis, a ruling or a record, not a netlist claim
    names looked up: 0 parts, 0 nets
CONOPS.md#4:L311:cell:7:s1 [f44ab6405c] NOT DERIVABLE
    owner ruling D-02b ("above +35 C ambient the kit runs one module"); section 4c; `ARCH-PCB-B-IOHA.md` section 15
    judgement: HELD DOCUMENT: a maker's figure, an analysis, a ruling or a record, not a netlist claim
    names looked up: 0 parts, 0 nets
CONOPS.md#4:L311:cell:8:s1 [074bdf07a1] TRUE
    **As board B is generated the stage does not carry its required set:** slot 2 has neither the LoRa mesh nor APRS, a finding against the generated board, reported to the owner, until BANK-R1 is in board B's generator (section 4c).
    judgement: slot 2 has neither the LoRa mesh (slot 3's SPI) nor APRS (D8 on bank 3, slots 3 and 1); BANK-R1 is not in the generator (the hub ports as at 45bde541) and REQ-052 reads FAIL
    names looked up: 0 parts, 0 nets
    asserted (32): B U109 value has 'bank 1: B = slot 1 USB3-0 (home), C = slot 2' (netlist: 'TI TMUXHS4212 SuperSpeed 2:1 host select, bank 1: B = slot 1'); B U209 value has 'bank 2: B = slot 2 USB3-0 (home), C = slot 3' (netlist: 'TI TMUXHS4212 SuperSpeed 2:1 host select, bank 2: B = slot 2'); B U309 value has 'bank 3: B = slot 3 USB3-0 (home), C = slot 1' (netlist: 'TI TMUXHS4212 SuperSpeed 2:1 host select, bank 3: B = slot 3'); B U110 value has 'bank 1: port 1 = slot 1 (home), port 2 = slot 2' (netlist: 'TI TS3USB221A USB2 2:1 host select, bank 1: port 1 = slot 1 '); B U210 value has 'bank 2: port 1 = slot 2 (home), port 2 = slot 3' (netlist: 'TI TS3USB221A USB2 2:1 host select, bank 2: port 1 = slot 2 '); B U310 value has 'bank 3: port 1 = slot 3 (home), port 2 = slot 1' (netlist: 'TI TS3USB221A USB2 2:1 host select, bank 3: port 1 = slot 3 '); B U102 USB_DP_DN4 on RB_DP (netlist: RB_DP); B U18 value has 'CP2102N' (netlist: 'CP2102N-A02-GQFN28 USB-UART bridge (RB)'); B U102 USB_DP_DN2 on USB_PNL_P (netlist: USB_PNL_P); B U202 USB_DP_DN1 on GNSS_DP (netlist: GNSS_DP); B U302 USB_DP_DN1 on USB_D8_P (netlist: USB_D8_P); B U302 USB_DP_DN2 on USB_E6_P (netlist: USB_E6_P); B U302 USB_DP_DN3 on USB_WALL_P (netlist: USB_WALL_P); B U302 USB_DP_DN4 on USB_5G_P (netlist: USB_5G_P); B net USB_5G_P holds exactly J_M2C2,U302 (read: J_M2C2,U302); B net LORA_MOSI holds exactly U12,U548 (read: U12,U548); B net SPI3_MOSI holds exactly J_SPI3,R549,U32A,U548 (read: J_SPI3,R549,U32A,U548); B net CARD2_TX_P holds J_M2C2 (missing: none); B U12 value has 'E22-900M30S' (netlist: 'Ebyte E22-900M30S 1 W LoRa (SX1262) on S3 SPI0 CE1: TXEN GPI'); B U102 USB_DP_DN4 on RB_DP (netlist: RB_DP); B net RB_DP holds exactly U102,U18 (read: U102,U18); B U18 value has 'CP2102N' (netlist: 'CP2102N-A02-GQFN28 USB-UART bridge (RB)'); B U202 USB_DP_DN4 on QMX_DP (netlist: QMX_DP); B net QMX_DP holds J_QMX,U202 (missing: none); B U102 USB_DP_DN2 on USB_PNL_P (netlist: USB_PNL_P); B net USB_PNL_P holds J_PANEL,U102 (missing: none); B U302 USB_DP_DN3 on USB_WALL_P (netlist: USB_WALL_P); at 45bde541: B U102 USB_DP_DN4 on RB_DP (netlist: RB_DP); at 45bde541: B U202 USB_DP_DN4 on QMX_DP (netlist: QMX_DP); at 45bde541: B U102 USB_DP_DN2 on USB_PNL_P (netlist: USB_PNL_P); at 45bde541: B U302 USB_DP_DN3 on USB_WALL_P (netlist: USB_WALL_P); registry REQ-052 evidence_result = FAIL (read: FAIL)
CONOPS.md#4:L311:cell:8:s2 [c69b286435] NOT DERIVABLE
    **As generated, with the gauge's readings lost:** the bridge reads the pack's voltage and discharge current from the charger over the kit bus instead (the BQ25731's ADC, SLUSE66A 9.6.8 and 9.6.10, with its low power mode off), which gives C3 its input and the graceful shutdown a pack-voltage line (section 4c); C1's cell trigger, the cells' voltages and the state of charge are lost, the battery bar shows the pack voltage, and the e-paper says so; the water and gas responses of section 4e wait for a host of bank 3.
    judgement: HELD DOCUMENT: a maker's figure, an analysis, a ruling or a record, not a netlist claim
    names looked up: 2 parts, 0 nets
    part numbers (1): BQ25731 on A (U3)
CONOPS.md#4:L311:cell:8:s3 [769ef9425a] NOT DERIVABLE
    The ambient at which C1 acts in this stage: after BANK-R1 +27.9 to +40.6 C lid closed and +30.8 to +41.8 C lid open on the independent bound (+34.4 to +38.3 C and +42.2 to +42.9 C on 32.53's conductance); as generated +29.4 to +41.2 C and +32.1 to +42.3 C (+35.4 to +39.1 C and +42.7 to +43.4 C)
    judgement: HELD DOCUMENT: a maker's figure, an analysis, a ruling or a record, not a netlist claim
    names looked up: 1 parts, 0 nets
CONOPS.md#4:L312:cell:1:s1 [2cb143c7d1] TRUE
    on the pack's measured cell temperature, in any mode and on every input state: the hottest of the gauge's four cell thermistors at +56.5 C in two readings a second apart (H1, shed to the minimum load), then at +57.0 C with H1 acting (H2, the kit's controlled shutdown); read by the sensor controller and passed to the panel controller on HOT-R1 (section 4c); with the sensor controller lost, board B's TMP117 at +55.0 and +56.0 C
    judgement: HOT-R1 carries the sensor controller's reading to the panel controller; the thresholds are firmware
    names looked up: 0 parts, 0 nets
    part numbers (1): TMP117 on B (U10)
    asserted (7): E Q11.1 on HOT_R1_G (netlist: HOT_R1_G); E Q11.3 on BLK_SPARE (netlist: BLK_SPARE); E J_BLK.12 on BLK_SPARE (netlist: BLK_SPARE); A J_DOCK.12 on DOCK_SPARE (netlist: DOCK_SPARE); A U27 IO1_5 on DOCK_SPARE (netlist: DOCK_SPARE); A R216.1 on DOCK_SPARE (netlist: DOCK_SPARE); A R216.2 on +3V3 (netlist: +3V3)
CONOPS.md#4:L312:cell:3:s1 [eab5786914] NOT DERIVABLE
    H1: the panel controller, board A's 3.3 V logic and expanders, the shared device rail that feeds the panel, board E's always-on domain with the mixer fans at full speed, the pack gauge, the e-paper page; H2: the pack gauge and board E's always-on domain
    judgement: FIRMWARE: the firmware contract or an operating procedure, not a netlist claim
    names looked up: 0 parts, 0 nets
CONOPS.md#4:L312:cell:4:s1 [1e105a4e11] NOT DERIVABLE
    H1: every compute module (a clean shutdown on `PI_SHDN_REQ`, then `SLOT_EN1..3` dropped within 60 s), the monitor, the heater, board D, PoE, the USB-C outlet, the wall port's VBUS, the PA and HF rails, the charge (the charger's `CHRG_INHIBIT` bit, its converter still carrying the kit on an input), every bearer and SOS; H2: every converter on board A (`PI_KILL`, the LTC2954's `KILL`, `RAIL_EN`)
    judgement: FIRMWARE: the firmware contract or an operating procedure, not a netlist claim (H1 and H2's actions)
    names looked up: 0 parts, 7 nets
    part numbers (1): LTC2954 on A (U1)
CONOPS.md#4:L312:cell:5:s1 [4237a1ce78] NOT DERIVABLE
    FW (the sensor controller detects, the panel controller acts) over one hardware line and hardware that keeps a released load off; behind it the gauge's OTD (firmware in the pack, recoverable) and the destructive backstops (board P's second level from 62.7 C, which blows F2; the gauge's SOT from 64.2 C; the PTC)
    judgement: HELD DOCUMENT: a maker's figure, an analysis, a ruling or a record, not a netlist claim
    names looked up: 1 parts, 0 nets
CONOPS.md#4:L312:cell:8:s1 [9da9566684] BASELINE
    the stop and HOT-R1 are the session's (section 7a); **HOT-R1 is owed on boards A and E before their layout entry, and until it is in both generators the hot stop's requirement reads FAIL on the generated boards** (as generated the cells' temperature reaches the panel controller only through the bridge on a module that hosts bank 3, which the heat stage as generated does not have); the thresholds are PROVISIONAL (`TEST-PLAN.md` P14 and E3-H), and `TEST-PLAN.md` P15 forces both steps at room temperature on the pack and on shore, so the stop is verified whatever a chamber reaches; whether it fires inside the envelope is FEA-004's, OPEN until T-H1 (at the independent bound's worst corner it acts from +33.2 to +38.6 C, section 4c); a non-destructive hardware stage is an open design question (section 4c)
    judgement: 'HOT-R1 is owed on boards A and E ... the hot stop's requirement reads FAIL': drawn since w4ae, and REQ-077 reads INCONCLUSIVE (check-s122-1 B1)
    baseline value (CONOPS.md's head and handover/DEFINITION-STATUS.md): its current value is kept on the status page, row DC-02, which this script judges directly
    names looked up: 0 parts, 0 nets
    asserted (1): registry REQ-077 evidence_result = INCONCLUSIVE (read: INCONCLUSIVE)
CONOPS.md#4:L313:cell:3:s1 [98554054a3] BASELINE
    the BQ25731 (its cell-count strap at 4S since `458b2873`, `gen_sch_a.py` lines 764 to 771) regulates the charge into the 4S pack beyond its sense resistor `R17`, and the kit's loads sit on the charger's system node (VSYS, the net `VBAT`, lines 18 to 48), so shore carries the loads up to the charger's input limit and the pack supplies above it; board E's always-on domain (the sensor controller and the fans) sits on the pack side and shares the charge current
    judgement: undated citations gen_sch_a.py 764 to 771 and 18 to 48: baseline values
    baseline value (CONOPS.md's head and handover/DEFINITION-STATUS.md): its current value is kept on the status page, row DC-06, which this script judges directly
    FAILS: BQ25731 is on A (U3), not on board E, the one board the sentence names
    names looked up: 1 parts, 1 nets
    part numbers (1): none judged
    asserted (1): A R26 value has '13.3k' (netlist: '13.3k 1% (CELL_BATPRESZ: 4S, 75 percent of VDDA)')
CONOPS.md#4:L313:cell:4:s1 [401c2f5c6f] TRUE
    charge held off by the pack gauge outside 0 to +45 C at the cells (the over-temperature half acts on the charge FET only with the golden image's OTFET bit set, `review-packets/battery/CHARGER-STATE-SEQUENCE.md` section 3; the bridge clears its own hold above +3 C); once armed, board P's second level opens the chemical fuse at its fixed 70 C over-temperature, a backstop; the front end held off by `SHORE_INHIBIT`; the charger held off by `CHG_INHIBIT`; the heater mat warms the pack in the cold
    judgement: the hardware holds: Q8 on SHORE_INHIBIT pulls the front end's UVLO, Q6 on CHG_INHIBIT puts the charger in HiZ, board P's second level and F2; the gauge's window is its data flash
    names looked up: 0 parts, 2 nets
    asserted (8): E Q8.1 on SHORE_INHIBIT (netlist: SHORE_INHIBIT); E Q8.3 on HS_UVLO (netlist: HS_UVLO); A Q6.1 on CHG_INHIBIT (netlist: CHG_INHIBIT); A Q6.3 on CHG_ILIM (netlist: CHG_ILIM); P U2 value has 'BQ7720700' (netlist: 'BQ7720700DSSR: second-level cell OV 4.325 V / UV 2.25 V / op'); P F2 value has 'SCF9550' (netlist: 'SCF9550-30-05 self-control fuse (Eaton, 30 A, 4-5 cells): 1 '); P JP1 present; P RT1 value has 'PRF15BB103RB6RC' (netlist: 'PRF15BB103RB6RC chip PTC 10k, 4.7M at 130 C (Murata): the BQ')
CONOPS.md#4:L313:cell:5:s1 [8f75710147] NOT DERIVABLE
    pack gauge firmware (decision 40), with the second level of D-15 in hardware behind it; FW writes the charger (it has no thermistor input, a 175 s watchdog, and it never ends a charge by itself)
    judgement: FIRMWARE: the firmware contract or an operating procedure, not a netlist claim (the gauge's firmware and the charger's writes; the charger's pins are TI's)
    names looked up: 0 parts, 0 nets
CONOPS.md#4:L313:cell:7:s1 [f3cd846998] NOT DERIVABLE
    `PANEL.md` section 10; `review-packets/battery/CHARGER-STATE-SEQUENCE.md`; `pcb_pack_protection.yaml` CHARGE_TEMPERATURE_WINDOW; `OPERATING-ENVELOPE.md` sections 3 and 4; appendix 32.55 line 2915, 32.57 line 2984; BQ25731 datasheet SLUSE66A
    judgement: HELD DOCUMENT: a maker's figure, an analysis, a ruling or a record, not a netlist claim (the row's sources)
    names looked up: 0 parts, 0 nets
    part numbers (1): BQ25731 on A (U3)
CONOPS.md#4:L313:cell:8:s1 [f17b893792] NOT DERIVABLE
    without its host the charger's input limit is about 31 W at the 20 V bus, near the kit's idle load, and its charge current is 256 mA (SLUSE66A section 9.3.21.1: on a watchdog timeout "ChargeCurrent() resets to 256 mA"; TI's answer on its start-up value, E2E thread 1316778 of 23 January 2024, https://e2e.ti.com/support/power-management-group/power-management/f/power-management-forum/1316778/bq25731-bq25731-chargecurrent-start-up-behavior; whether it charges before any host write, bench confirmation owed), of which board E's always-on draw takes about half, so a hostless kit's pack is held rather than charged (`CHARGER-STATE-SEQUENCE.md` section 6); the 4 A charge setting is to be lowered for cell life on the ruled 4S3P pack (a session item under D-06); charge current and time: **TBD**.
    judgement: HELD DOCUMENT: a maker's figure, an analysis, a ruling or a record, not a netlist claim (the charger's host-free behaviour, TI SLUSE66A and E2E)
    names looked up: 0 parts, 0 nets
CONOPS.md#4:L314:cell:1:s1 [5f7482837f] NOT DERIVABLE
    a module, supervisor, bearer or sensor lost, or a carve-out reached
    judgement: HELD DOCUMENT: a maker's figure, an analysis, a ruling or a record, not a netlist claim
    names looked up: 0 parts, 0 nets
CONOPS.md#4:L314:cell:7:s1 [a7ed81b544] NOT DERIVABLE
    `ARCH-PCB-B-IOHA.md` sections 7 and 12; `PANEL.md` section 5; section 4e
    judgement: HELD DOCUMENT: a maker's figure, an analysis, a ruling or a record, not a netlist claim
    names looked up: 0 parts, 0 nets
CONOPS.md#4:L314:cell:8:s1 [3ea9638a6b] NOT DERIVABLE
    per-device recovery: **required** within 30 s of the home module's loss, plus the device's own start-up where its maker states a longer one, "back in service" being `ARCH-PCB-B-IOHA.md` section 7 step 12 (application access resumed) by a bridge instance already running on the adopting module; the bridge's own service **required** back on a surviving module within 60 s of the loss (section 4c, both session choices); the measured time on hardware must be at or under it (`ARCH-PCB-B-IOHA.md` section 7, "measured on hardware, not invented", which is the measurement, not the bound)
    judgement: HELD DOCUMENT: a maker's figure, an analysis, a ruling or a record, not a netlist claim
    names looked up: 0 parts, 0 nets
CONOPS.md#4:L315:cell:0:s1 [ea18504b75] NOT DERIVABLE
    EMCON
    judgement: HELD DOCUMENT: a maker's figure, an analysis, a ruling or a record, not a netlist claim (a table label)
    names looked up: 0 parts, 0 nets
CONOPS.md#4:L315:cell:1:s1 [835e712c2f] TRUE
    `SW_EMCON` closed (locking toggle)
    judgement: the EMCON toggle
    names looked up: 1 parts, 0 nets
    asserted (2): C SW_EMCON value has 'locking toggle' (netlist: 'EMCON locking toggle (closed = TX inhibit, a hardware line: '); C SW_EMCON.1 on TX_INHIBIT_n (netlist: TX_INHIBIT_n)
CONOPS.md#4:L315:cell:4:s1 [5c2c10a0f9] TRUE
    radios dark (owner ruling D-05), as section 4b: power removed from the SDR, the RockBLOCK, the LoRa module, both E72, the HF unit and the two WiFi link cards; the compute modules' own WiFi and Bluetooth disabled through open drains; the 5G module's supply removed by hardware with its disable pins pulled low at the same moment (since board B's round 8, section 4b); the PA rail and keying off; software holds every send, an SOS included
    judgement: the removals the cell names hold on set 13
    names looked up: 0 parts, 0 nets
    asserted (64): B U501 value has 'SN74LVC1G08' (netlist: 'SN74LVC1G08DBVR AND (1 A 2 B 3 GND 4 Y 5 VCC): LimeSDR stage'); B U501.1 on EMCON_HW (netlist: EMCON_HW); B U501.2 on LIME_HW_EN (netlist: LIME_HW_EN); B U501.4 on LIME_EN_A (netlist: LIME_EN_A); B U501.5 on +3V3_DEV (netlist: +3V3_DEV); B U503.1 on EMCON_HW (netlist: EMCON_HW); B U503.2 on RB_SW_EN (netlist: RB_SW_EN); B U503.4 on RB_EN (netlist: RB_EN); B U503.5 on +3V3_DEV (netlist: +3V3_DEV); B R530.1 on RB_EN (netlist: RB_EN); B R530.2 on RB_UVLO (netlist: RB_UVLO); B U24 value has 'TPS259631' (netlist: 'TPS259631DDAR eFuse +5V_DEV -> +5V_RB (301R 1% (ILM: 3.0 A))'); B U24.3 on RB_UVLO (netlist: RB_UVLO); B U24.4 on +5V_DEV (netlist: +5V_DEV); B U24.5 on +5V_RB (netlist: +5V_RB); B U504 value has 'SN74LVC1G08' (netlist: 'SN74LVC1G08DBVR AND (1 A 2 B 3 GND 4 Y 5 VCC): LoRa, EMCON A'); B U504.1 on EMCON_HW (netlist: EMCON_HW); B U504.2 on LORA_ON (netlist: LORA_ON); B U504.4 on E22_EN (netlist: E22_EN); B U6 IO0_3 on LORA_ON (netlist: LORA_ON); B R531.1 on E22_EN (netlist: E22_EN); B U505 value has 'SN74LVC1G08' (netlist: 'SN74LVC1G08DBVR AND (1 A 2 B 3 GND 4 Y 5 VCC): E72 radios, E'); B U505.1 on EMCON_HW (netlist: EMCON_HW); B U505.2 on ZB_ON (netlist: ZB_ON); B U505.4 on E72_EN (netlist: E72_EN); B U6 IO0_4 on ZB_ON (netlist: ZB_ON); B U22 value has 'TPS22810' (netlist: 'TPS22810DRV'); B U116 value has 'SN74LV1T08' (netlist: 'SN74LV1T08DBVR AND, 5 V supply, TTL-level inputs (1 A 2 B 3 '); B U116.1 on EMCON_HW (netlist: EMCON_HW); B U116.2 on PCIE_PWR_EN1 (netlist: PCIE_PWR_EN1); B U116.4 on S1A_EN (netlist: S1A_EN); B U116.5 on +5V_S1 (netlist: +5V_S1); B U316.1 on EMCON_HW (netlist: EMCON_HW); B U113.1 on EMCON_ON1 (netlist: EMCON_ON1); B U113.3 on EMCON_ON1 (netlist: EMCON_ON1); B U113.6 on WL_nDIS1 (netlist: WL_nDIS1); B U113.4 on BT_nDIS1 (netlist: BT_nDIS1); B U113.5 on +3V3_CM1 (netlist: +3V3_CM1); B U203 value has 'AP64500' (netlist: 'AP64500SP-13 5 A buck, 3.3 V rail +3V3_S2A'); B U203.3 on S2A_EN (netlist: S2A_EN); B U216 value has 'SN74LV1T08' (netlist: 'SN74LV1T08DBVR AND, 5 V supply, TTL-level inputs (1 A 2 B 3 '); B U216.1 on EMCON_HW (netlist: EMCON_HW); B U216.2 on PCIE_PWR_EN2 (netlist: PCIE_PWR_EN2); B U216.4 on S2A_EN (netlist: S2A_EN); B U216.5 on +5V_S2 (netlist: +5V_S2); B U220 value has 'SN74LVC2G06' (netlist: 'SN74LVC2G06DBVR dual open-drain inverter (1 1A 6 1Y, 3 2A 4 '); A U35 value has 'SN74AUP1G08' (netlist: 'SN74AUP1G08DBVR AND: PA_TXOK = TX_INHIBIT_n AND EMCON_HW (th'); A U35.1 on TX_INHIBIT_n (netlist: TX_INHIBIT_n); A U35.2 on EMCON_HW (netlist: EMCON_HW); A U35.4 on PA_TXOK (netlist: PA_TXOK); A U35.5 on +3V3_EMCON (netlist: +3V3_EMCON); A U36.1 on PA_TXOK (netlist: PA_TXOK); A U36.2 on PA_HOLD (netlist: PA_HOLD); A U36.4 on PA_EN (netlist: PA_EN); A U36.5 on +3V3_EMCON (netlist: +3V3_EMCON); A U37.1 on TX_INHIBIT_n (netlist: TX_INHIBIT_n); D U12 value has '74LVC1G08' (netlist: "74LVC1G08 AND: KEY = PTT_ANY AND TX_INHIBIT_n (the panel's h"); D U12.1 on PTT_ANY (netlist: PTT_ANY); D U12.2 on TX_INHIBIT_n (netlist: TX_INHIBIT_n); D U12.4 on KEY (netlist: KEY); D U14.1 on KEY (netlist: KEY); D U14.2 on PA_EN (netlist: PA_EN); D U14.4 on PA_KEY (netlist: PA_KEY); board B: 2 parts whose value holds 'M.2 E-key' (read: 2, J_M2C1,J_M2C3)
CONOPS.md#4:L315:cell:5:s1 [47c7434e18] BASELINE
    HW for the gated rails, the module radio disables and the VHF keying, and the RockBLOCK keeps running on its own stored energy with its ENABLE held by firmware until that ENABLE is forced low in hardware (`feasibility/EMCON.md` section 4.4); SW hold on top
    judgement: the RockBLOCK's ENABLE 'held by firmware until forced low in hardware': forced low since w4b
    baseline value (CONOPS.md's head and handover/DEFINITION-STATUS.md): its current value is kept on the status page, row DC-01, which this script judges directly
    names looked up: 0 parts, 0 nets
    asserted (1): B U536.4 on RB_IEN_DRV (netlist: RB_IEN_DRV)
CONOPS.md#4:L315:cell:6:s1 [cd6953b363] NOT DERIVABLE
    PS-EMCON 47.1 W (37.3 to 80.6) as generated since `458b2873`, PROVISIONAL (section 4a)
    judgement: HELD DOCUMENT: a maker's figure, an analysis, a ruling or a record, not a netlist claim (the power state's figure)
    names looked up: 0 parts, 0 nets
CONOPS.md#4:L315:cell:7:s1 [4820fce7d1] NOT DERIVABLE
    `PANEL.md` sections 6 and 9; `feasibility/EMCON.md`; `gen_sch_b.py` lines 478, 716 to 741, 974 to 977 and 1029, `gen_sch_a.py` line 1102, `gen_sch_d.py` lines 532 to 534, at `45bde541`
    judgement: HISTORY: a dated record of an earlier reading or wording, true as history, not re-derived against set 12 (the row's sources, dated at 45bde541)
    names looked up: 0 parts, 0 nets
CONOPS.md#4:L315:cell:8:s1 [b320678434] BASELINE
    session work owed under D-05 (S-01): the RockBLOCK's ENABLE forced low by the EMCON hardware with its stored energy bounded (EMCON.md section 4.4), the SA868's PTT threshold (bench E-01), the line's shared items left open after board B's round 8 (the gate supplies of `U501` to `U505`, `feasibility/EMCON.md` sections 4b and 7) and the back-feed paths into the RockBLOCK, the E22 and the E72 (SD-EMC-2); the hardware EMCON lamp's plate light guide (SD-EMC-6; the lamp is drawn on board C since its round 8); the 5G module's staged supply removal (SD-EMC-1) is drawn since board B's round 8 (SD-EMC-1r8); twelve bench tests, none of them with the kit's own SDR (EMCON.md section 6).
    judgement: the owed list names the RockBLOCK's ENABLE, U501 to U505's supplies and the back-feed paths, which w4b and set 12 draw
    baseline value (CONOPS.md's head and handover/DEFINITION-STATUS.md): its current value is kept on the status page, row DC-01, which this script judges directly
    names looked up: 2 parts, 0 nets
    part numbers (1): SA868 on D (U13,U2) (the sentence names BC)
    asserted (1): B U537.4 on RB_GO (netlist: RB_GO)
CONOPS.md#4:L316:cell:4:s1 [2311d1e5a3] TRUE
    LED rail opened in hardware, monitor backlight and touch UI dark, speaker and sounder muted, TX lamp dark
    judgement: BLACKOUT opens LED_RAIL_SW at SW_LIGHT; the TX lamp is fed from LED_RAIL behind it; the monitor is firmware
    names looked up: 0 parts, 0 nets
    asserted (3): C SW_LIGHT.1 on LED_RAIL_SW (netlist: LED_RAIL_SW); C R36.1 on LED_RAIL (netlist: LED_RAIL); C R17.1 on LED_RAIL_SW (netlist: LED_RAIL_SW)
CONOPS.md#4:L316:cell:5:s1 [56f2d65de4] NOT DERIVABLE
    HW for the LED rail; FW and SW for the monitor and sound
    judgement: FIRMWARE: the firmware contract or an operating procedure, not a netlist claim
    names looked up: 0 parts, 0 nets
CONOPS.md#4:L318:cell:1:s1 [caf0c4a9b6] TRUE
    `SW_SOS` closed 2 s (covered locking toggle)
    judgement: the SOS toggle
    names looked up: 1 parts, 0 nets
    asserted (2): C SW_SOS value has 'APEM' (netlist: 'SOS locking toggle, maintained (APEM 5636ADKB-2V, both posit'); C SW_SOS.1 on SOS_SW (netlist: SOS_SW)
CONOPS.md#4:L318:cell:4:s1 [b2e82136b4] NOT DERIVABLE
    never transmitted through EMCON: while EMCON is closed the message is queued and the operator is told (D-10)
    judgement: FIRMWARE: the firmware contract or an operating procedure, not a netlist claim
    names looked up: 0 parts, 0 nets
CONOPS.md#4:L319:cell:1:s1 [cdb29268ee] TRUE
    `SW_ZERO` held closed 5 s (covered locking toggle), the only trigger (owner ruling D-03: the case-open or lid switch logs only; a remote wipe is deferred)
    judgement: the ZEROIZE toggle; the 5 s and the rulings are firmware
    names looked up: 1 parts, 0 nets
    asserted (2): C SW_ZERO value has 'ZEROIZE' (netlist: 'ZEROIZE locking toggle, maintained (APEM 5636ADKB-2V, single'); C SW_ZERO.1 on ZEROIZE_SW (netlist: ZEROIZE_SW)
CONOPS.md#4:L319:cell:5:s1 [8f0b7a3857] TRUE
    FW and provisioning: the covered toggle pulls a net local to board C that only the panel controller reads (`ZEROIZE_SW`, GPIO22), and the buffer `U12` copies it onto `ZEROIZE_HW`, which runs over the ribbons to a 10 k pull-up on board A (`R117`) and to test pads on boards B and D where no part listens (`gen_sch_c.py` lines 168 to 178 and 217, `gen_sch_a.py` line 1150, at `45bde541`; the buffer is the one board change, `faf8c981`), and the panel controller is also the kit I2C master that reaches the secure element; level-sensitive after a power loss: the toggle is read at boot before any slot powers and a wipe-pending record resumes the wipe
    judgement: the ZEROIZE path; its citations are dated at 45bde541
    names looked up: 2 parts, 2 nets
    asserted (17): C SW_ZERO.1 on ZEROIZE_SW (netlist: ZEROIZE_SW); C SW_ZERO.2 on GND (netlist: GND); C R10 value has '10k' (netlist: '10k'); C R10.1 on ZEROIZE_SW (netlist: ZEROIZE_SW); C R10.2 on +3V3 (netlist: +3V3); C C20 value has '10n' (netlist: '10n'); C C20.1 on ZEROIZE_SW (netlist: ZEROIZE_SW); C U3 GPIO22 on ZEROIZE_SW (netlist: ZEROIZE_SW); C U12 value has '74LVC1G17' (netlist: '74LVC1G17 Schmitt-trigger non-inverting buffer (Diodes 74LVC'); C U12.2 on ZEROIZE_SW (netlist: ZEROIZE_SW); C U12.4 on ZEROIZE_HW (netlist: ZEROIZE_HW); B net ZEROIZE_HW holds J_AB1,J_PANEL,TP8 (missing: none); D net ZEROIZE_HW holds J_HARN1,TP9 (missing: none); A net ZEROIZE_HW holds J_AB1,J_MEZZ1,R117 (missing: none); A R117 value has '10k' (netlist: '10k'); gen_sch_c.py lines 168 to 178 at 45bde541 hold U12; gen_sch_a.py lines 1150 to 1150 at 45bde541 hold R117
CONOPS.md#4:L319:cell:8:s1 [20e78504cb] NOT DERIVABLE
    precondition: the fitted ATECC608B must let the wrapping keys be destroyed after its zones are locked; `feasibility/ZEROIZE.md` closes that at desk from Microchip's public documents (the full datasheet stays under NDA) and leaves the physical demonstration to bench experiments Z-EXP-A and Z-EXP-B (S-35), with the SLB 9673 TPM 2.0 on board B's `U8` site the fallback (a TPM 2.0 is what 32.50 item 5 already names): **TBD** until the bench; accepted residual risk (D-03): a drive unlocks at boot only through the secure element, the panel controller and the kit I2C bus
    judgement: HELD DOCUMENT: a maker's figure, an analysis, a ruling or a record, not a netlist claim (the ATECC608B precondition, ZEROIZE.md)
    names looked up: 1 parts, 0 nets
    part numbers (1): ATECC608B on B (U8)
    asserted (1): B U8 value has 'ATECC608B' (netlist: 'ATECC608B-SSHDA-T secure element (I2C 0x60): keys behind ZER')
CONOPS.md#4:L320:cell:8:s1 [6eb2169c99] NOT DERIVABLE
    **graceful shutdown on the pack** (section 4c, PROVISIONAL, a session choice): the bridge starts a clean shutdown when the gauge's relative state of charge reaches 5 % (the reserve section 6's runtimes keep) or the lowest cell reads 3.00 V or less under load for 10 s, whichever comes first, and writes the e-paper's power-off page; in the heat stage as board B is generated, where the gauge's readings reach no module, it starts it when the pack voltage the charger reads falls to 12.8 V or less under load for 10 s (section 4c); behind it the gauge opens the discharge FET at 2.5 V per cell (`TEST-PLAN.md` section 5, row 2), in its firmware, and since `faf8c981` board P's second level holds the discharge FET off in hardware below 2.25 V per cell (the first branch of owner ruling D-15, `gen_sch_p.py` lines 414 and 502); if the proposed over-current backstop (OCD1 at 11 A for 90 s, `feasibility/POWER-THERMAL.md` section 9.3) trips on the pack, the kit goes dark until an input returns, taken as the safe state (section 4e)
    judgement: FIRMWARE: the firmware contract or an operating procedure, not a netlist claim (the graceful shutdown)
    names looked up: 0 parts, 0 nets
CONOPS.md#4:L321:cell:1:s1 [84d9aff12f] NOT DERIVABLE
    closed and latched, **pack fitted**, brought to the cells' ex-factory state (3.49 to 3.69 V per cell, about 30 % of charge: Samsung INR18650-35E Ver. 1.1 7.11 and 3.13 note 1, the charge its storage ratings are stated at), then, with every input unplugged, the pack put in the gauge's shutdown as in Transport
    judgement: HELD DOCUMENT: a maker's figure, an analysis, a ruling or a record, not a netlist claim (the storage state, the cell maker's figures)
    names looked up: 0 parts, 0 nets
    part numbers (1): INR18650-35E bought: Samsung's cell of the built pack, not a board part
CONOPS.md#4:L321:cell:8:s1 [c2eb51a8b1] NOT DERIVABLE
    Storage humidity has no number in any held source: non-condensing and dry (TBD as a figure).
    judgement: HELD DOCUMENT: a maker's figure, an analysis, a ruling or a record, not a netlist claim
    names looked up: 0 parts, 0 nets
CONOPS.md#4:L322:cell:1:s1 [2b8cdd90ff] NOT DERIVABLE
    face plate off (ten 6-32 screws, case choice C1 of `CASE-MARGINS.md` section 4), rod stack lifted off the blind-mate joint, pack out of its cradle
    judgement: CASE: a mechanical or case item, not a netlist claim
    names looked up: 1 parts, 0 nets
CONOPS.md#4:L322:cell:5:s1 [2f097181b1] NOT DERIVABLE
    procedure (owner ruling D-14): before the lift the kit is off, the pack's XT60 unplugged and shore removed, and an insulating cap covers the dock block E5 while the stack is out
    judgement: FIRMWARE: the firmware contract or an operating procedure, not a netlist claim (the D-14 procedure)
    names looked up: 0 parts, 0 nets
CONOPS.md#4:L322:cell:7:s1 [9a868f70ce] NOT DERIVABLE
    `V2-SPEC.md` line 13; 32.50 items 2 and 16f; `ARCH-PCB-B-IOHA.md` section 2; `ASSEMBLY.md` sections 4 and 7
    judgement: HELD DOCUMENT: a maker's figure, an analysis, a ruling or a record, not a netlist claim (references)
    names looked up: 0 parts, 0 nets
CONOPS.md#4:L322:cell:8:s1 [6b2997fde7] BASELINE
    since `458b2873` the wall data path (bank 3's hub, port 3) leaves board A at `J_USBW` for the 233-370 with its own VBUS eFuse, and the USB-C outlet carries VBUS, CC1 and CC2 only (`gen_sch_a.py` lines 1012 to 1015 and 1151 to 1167); lifting the stack live is an accepted, recorded residual risk (D-14), and a hardware stack-present interlock is studied at Review D; test access list per board: **TBD** (foundation baseline, before placement); the first power-up of a built or rebuilt kit is the Commissioning row and section 4d
    judgement: undated citations gen_sch_a.py 1012 to 1015 and 1151 to 1167: baseline values
    baseline value (CONOPS.md's head and handover/DEFINITION-STATUS.md): its current value is kept on the status page, row DC-06, which this script judges directly
    names looked up: 1 parts, 0 nets
    asserted (1): A U32.5 on VBUS_WALL (netlist: VBUS_WALL)
CONOPS.md#4a:L331:para:s1 [51f062570a] NOT DERIVABLE
    **Since 27 September 2026 they are `feasibility/POWER-THERMAL.md`'s** (sections 4 and 6, finding PWR-F07), computed by `records/rv-pwr/pwr_budget.py`; the reduced mode, the heat stage and EMCON as generated since `458b2873`, which that model does not carry as states, are computed by `records/hc2/pwr_red2.py`, which imports it unchanged.
    judgement: HELD DOCUMENT: a maker's figure, an analysis, a ruling or a record, not a netlist claim
    names looked up: 0 parts, 0 nets
CONOPS.md#4a:L331:para:s2 [9aeddb2745] NOT DERIVABLE
    Battery W is at the pack terminals and includes each converter's loss read off its own datasheet and the distribution loss (22.5 mOhm, the chemical fuse F2 at its maximum included); PLAN is the headline and LOW to HIGH the documented bounds (HIGH puts every load at its maximum at once, an upper bound, not a scenario).
    judgement: HELD DOCUMENT: a maker's figure, an analysis, a ruling or a record, not a netlist claim
    names looked up: 1 parts, 0 nets
CONOPS.md#4a:L331:para:s3 [a4b075a1f3] NOT DERIVABLE
    Runtime is usable energy over battery W, with the Samsung INR18650-35E at its specification minimum of 3.35 Ah, the rate factor of its section 7.8, the voltage sag, and a 5 % reserve for the graceful shutdown (section 4c); +20 C takes no temperature derating (the cell's standard condition is 23 +- 3 C).
    judgement: HELD DOCUMENT: a maker's figure, an analysis, a ruling or a record, not a netlist claim (the runtime method, the cell's specification)
    names looked up: 0 parts, 0 nets
    part numbers (1): INR18650-35E bought: Samsung's cell of the built pack, not a board part
CONOPS.md#4a:L349:cell:1:s1 [5154135d03] NOT DERIVABLE
    pack connected, MAIN off: board E's always-on domain (0.2 to 1.7 W, its firmware's sleep state **TBD**) and the gauge's 336 uA
    judgement: HELD DOCUMENT: a maker's figure, an analysis, a ruling or a record, not a netlist claim
    names looked up: 0 parts, 0 nets
CONOPS.md#4a:L353:cell:1:s1 [880202b398] NOT DERIVABLE
    three modules loaded, 5G and the WiFi link passing traffic, Iridium and LoRa sending, each at full duty: a **sustained bound**, not a duty estimate, and **a bounded mode, not a sustained one**: at +20 C it reaches C1's +55 C cell trigger on every conductance in the record, so C1 ends it (PWR-F13)
    judgement: HELD DOCUMENT: a maker's figure, an analysis, a ruling or a record, not a netlist claim
    names looked up: 1 parts, 0 nets
CONOPS.md#4a:L356:cell:1:s1 [7d0804b534] NOT DERIVABLE
    **the heat stage as board B is generated** (section 4c): slot 2 alone, monitor off
    judgement: HELD DOCUMENT: a maker's figure, an analysis, a ruling or a record, not a netlist claim
    names looked up: 0 parts, 0 nets
CONOPS.md#4a:L357:cell:1:s1 [9ae1bb37fb] TRUE
    slot 3 alone, monitor off: the reduced state `feasibility/POWER-THERMAL.md` computes; as board B is generated it has no host for Iridium or the SOS path, and after BANK-R1 it is the heat stage less the APRS beacons (PS-SURV-R)
    judgement: slot 3 alone hosts no bank 1 (slots 1 and 2), so neither Iridium's bridge nor the panel's USB; BANK-R1 is the record's
    names looked up: 0 parts, 0 nets
    asserted (19): B U109 value has 'bank 1: B = slot 1 USB3-0 (home), C = slot 2' (netlist: 'TI TMUXHS4212 SuperSpeed 2:1 host select, bank 1: B = slot 1'); B U209 value has 'bank 2: B = slot 2 USB3-0 (home), C = slot 3' (netlist: 'TI TMUXHS4212 SuperSpeed 2:1 host select, bank 2: B = slot 2'); B U309 value has 'bank 3: B = slot 3 USB3-0 (home), C = slot 1' (netlist: 'TI TMUXHS4212 SuperSpeed 2:1 host select, bank 3: B = slot 3'); B U110 value has 'bank 1: port 1 = slot 1 (home), port 2 = slot 2' (netlist: 'TI TS3USB221A USB2 2:1 host select, bank 1: port 1 = slot 1 '); B U210 value has 'bank 2: port 1 = slot 2 (home), port 2 = slot 3' (netlist: 'TI TS3USB221A USB2 2:1 host select, bank 2: port 1 = slot 2 '); B U310 value has 'bank 3: port 1 = slot 3 (home), port 2 = slot 1' (netlist: 'TI TS3USB221A USB2 2:1 host select, bank 3: port 1 = slot 3 '); B U102 USB_DP_DN4 on RB_DP (netlist: RB_DP); B U18 value has 'CP2102N' (netlist: 'CP2102N-A02-GQFN28 USB-UART bridge (RB)'); B U102 USB_DP_DN2 on USB_PNL_P (netlist: USB_PNL_P); B U202 USB_DP_DN1 on GNSS_DP (netlist: GNSS_DP); B U302 USB_DP_DN1 on USB_D8_P (netlist: USB_D8_P); B U302 USB_DP_DN2 on USB_E6_P (netlist: USB_E6_P); B U302 USB_DP_DN3 on USB_WALL_P (netlist: USB_WALL_P); B U302 USB_DP_DN4 on USB_5G_P (netlist: USB_5G_P); B net USB_5G_P holds exactly J_M2C2,U302 (read: J_M2C2,U302); B net LORA_MOSI holds exactly U12,U548 (read: U12,U548); B net SPI3_MOSI holds exactly J_SPI3,R549,U32A,U548 (read: J_SPI3,R549,U32A,U548); B net CARD2_TX_P holds J_M2C2 (missing: none); B U12 value has 'E22-900M30S' (netlist: 'Ebyte E22-900M30S 1 W LoRa (SX1262) on S3 SPI0 CE1: TXEN GPI')
CONOPS.md#4a:L359:cell:0:s1 [bdd135f6a0] NOT DERIVABLE
    PS-EMCON
    judgement: HELD DOCUMENT: a maker's figure, an analysis, a ruling or a record, not a netlist claim
    names looked up: 0 parts, 0 nets
CONOPS.md#4a:L359:cell:1:s1 [5e56d89e4a] NOT DERIVABLE
    EMCON as generated since `458b2873` (section 4b): PS-TYP with the gated radios dark and both WiFi link cards unpowered (all three runtimes printed by `records/hc2/pwr_red2.py`, the 60 % one since pass 2)
    judgement: HELD DOCUMENT: a maker's figure, an analysis, a ruling or a record, not a netlist claim (the power state and its runtimes)
    names looked up: 0 parts, 0 nets
CONOPS.md#4a:L361:cell:1:s1 [fff8a9c868] NOT DERIVABLE
    PS-ALLTX with the outlets on: excluded by D-11, whose hardware interlock drops the outlets while the PA keys (section 5); about 316 W on the W2 figures
    judgement: HELD DOCUMENT: a maker's figure, an analysis, a ruling or a record, not a netlist claim
    names looked up: 0 parts, 0 nets
CONOPS.md#4a:L363:para:s1 [3abf30a0b4] NOT DERIVABLE
    **The pack (owner ruling D-06, 26 September 2026).** One 4S3P block of the held cell, the Samsung INR18650-35E, of about 145 Wh (144.7 Wh at the cell's specification minimum), shrink-wrapped in the east pocket under board B, ruled subject to the case measurement, which the owner withdrew on 26 September 2026 (D-08 reversed): the fit is designed against the worst of Peli's own figures instead, and the margins that rest on unstated allowances stay OPEN until the targeted mock-up, which runs before boards A and P enter layout because the pack's rows M4a and M5 can move board A's east edge and board P's place (`CASE-MARGINS.md` section 7, `CASE-FIT-UNCERTAINTIES.md` section 2).
    judgement: HELD DOCUMENT: a maker's figure, an analysis, a ruling or a record, not a netlist claim
    names looked up: 0 parts, 0 nets
    part numbers (1): INR18650-35E bought: Samsung's cell of the built pack, not a board part
CONOPS.md#4a:L363:para:s2 [2ee111473e] NOT DERIVABLE
    The 1.35 mm across the pocket that adjudication A06 of 25 September 2026 reported (its working files are filed at `v2/docs/records/adj/A06-pack-geometry/`, and the finding is carried by `ASSEMBLY.md` section 3 and `CASE-MARGINS.md`) was taken against the X 178 of appendix 32.62, which is not a Peli surface: bounded by board A's edge and Peli's R 15.88 floor fillet, the block keeps 1.85 mm to the fillet and 7.38 mm to the east wall at the worst of Peli's figures, and, centred in Y, 3.65 mm per side to the frame's setting legs, 1.77 at the worst (`CASE-MARGINS.md` M4a, M4b, M5, on the design basis only; M4b MET, M4a and M5 OPEN on the pack's placement by hand); no rigid box fits, so `v2/cad/pack_4s.py` is to be redesigned around the shrink-wrapped block (a session item under D-06).
    judgement: HELD DOCUMENT: a maker's figure, an analysis, a ruling or a record, not a netlist claim
    names looked up: 0 parts, 0 nets
CONOPS.md#4a:L363:para:s3 [b8067f4b16] NOT DERIVABLE
    No 4S4P 18650 block (193 Wh) has been shown to fit either pocket while the pack board stays beside the cells (INFERRED from the committed board B underside and the pocket of appendix 32.62), which is why this table no longer carries 4S4P columns.
    judgement: HELD DOCUMENT: a maker's figure, an analysis, a ruling or a record, not a netlist claim
    names looked up: 0 parts, 0 nets
CONOPS.md#4a:L382:para:s1 [3e5b29424e] NOT DERIVABLE
    **Mapping of the operating modes:** Transport and Storage map to PS-SHUT; Deploy to PS-SHUT or PS-OFF; Normal spans PS-IDLE to PS-TYP, with PS-BUSY as a bounded mode and PS-ALLTX bursts inside the bounds of D-11; Reduced is PS-RED2 and the heat stage PS-SURV-R once board B carries BANK-R1 (PS-SURV as generated); EMCON is PS-EMCON; Charging, Blackout and NVG are overlays; Startup, Shutdown, SOS, ZEROIZE and Commissioning are transients; Degraded is not computed; Service runs from a bench supply.
    judgement: HELD DOCUMENT: a maker's figure, an analysis, a ruling or a record, not a netlist claim
    names looked up: 0 parts, 0 nets
CONOPS.md#4a:L382:para:s2 [88616c53b8] NOT DERIVABLE
    The cold overlay adds the pack heater, regulated to 12 V on board A since `458b2873` (7.5 W plus its buck's loss; the model keeps the unregulated 10.8 W at 14.4 V, which overstates it): PS-TYP plus the heater is 73.9 W and the reduced mode plus the heater about 42 W (INFERRED, PS-RED2 plus the model's 10.8 W).
    judgement: HELD DOCUMENT: a maker's figure, an analysis, a ruling or a record, not a netlist claim
    names looked up: 0 parts, 0 nets
CONOPS.md#4a:L382:para:s3 [d9695f53c9] NOT DERIVABLE
    The cells' own capacity also falls in the cold: the Samsung INR18650-35E specification (section 7.5, `v2/vendor/battery/samsung-35e-akkuzentrum.pdf`) gives 40 % at -10 C against 97 % at 23 C when discharged at 3,400 mA, a factor of about 0.41.
    judgement: HELD DOCUMENT: a maker's figure, an analysis, a ruling or a record, not a netlist claim (the cell's specification)
    names looked up: 0 parts, 0 nets
    part numbers (1): INR18650-35E bought: Samsung's cell of the built pack, not a board part
CONOPS.md#4b:L399:para:s1 [28a652dda6] BASELINE
    Read from the generators and the committed netlists of boards A, B, C and D at `45bde541`, which carry the circuit corrections of `faf8c981` and `458b2873`; the transmitter-by-transmitter record, with each state, fault and proof owed, is `feasibility/EMCON.md` section 4.
    judgement: section 4b read at 45bde541: a baseline value
    baseline value (CONOPS.md's head and handover/DEFINITION-STATUS.md): its current value is kept on the status page, row DC-01, which this script judges directly
    names looked up: 0 parts, 0 nets
CONOPS.md#4b:L399:para:s2 [52a4e778cd] BASELINE
    "Asserted" means `SW_EMCON` closed: `TX_INHIBIT_n` goes low, `EMCON_HW` follows it low through the buffer on board C, and board B inverts it once into `EMCON_ON` (high = asserted).
    judgement: 'board B inverts it once into EMCON_ON': per slot since round 8
    baseline value (CONOPS.md's head and handover/DEFINITION-STATUS.md): its current value is kept on the status page, row DC-01, which this script judges directly
    names looked up: 1 parts, 2 nets
CONOPS.md#4b:L399:para:s3 [8120d05470] BASELINE
    **Board B as generated in its round 8 (27 September 2026, MESHSAT-1357; `feasibility/EMCON.md` section 4b):** each slot inverts `EMCON_HW` into its own `EMCON_ON1..3` from that module's own 3.3 V (`U112`, `U212`, `U312`), every stage on it is an open-drain logic output (SN74LVC2G06) but `Q212`, the 5G socket rail's discharge FET, and the single gates `U501` to `U505` replace `U19` and `U20`; the rows below that name `U19`, `U20`, `Q206`, `Q111`, `Q311`, `Q106`, `Q306` or `U{s}11` read with those parts.
    judgement: the round 8 framing of rows that name parts round 8 removed
    baseline value (CONOPS.md's head and handover/DEFINITION-STATUS.md): its current value is kept on the status page, row DC-01, which this script judges directly
    FAILS: Q106 is on no netlisted board
    FAILS: Q111 is on no netlisted board
    FAILS: Q206 is on no netlisted board
    FAILS: Q306 is on no netlisted board
    FAILS: Q311 is on no netlisted board
    FAILS: U111 is on no netlisted board
    FAILS: U211 is on no netlisted board
    FAILS: U311 is on no netlisted board
    names looked up: 16 parts, 4 nets
    asserted (10): B U112 value has 'SN74LVC1G04' (netlist: 'SN74LVC1G04DBVR inverter (2 A 4 Y): EMCON_ON1 = NOT EMCON_HW'); B U112.2 on EMCON_HW (netlist: EMCON_HW); B U112.4 on EMCON_ON1 (netlist: EMCON_ON1); B U112.5 on +3V3_CM1 (netlist: +3V3_CM1); B U212.2 on EMCON_HW (netlist: EMCON_HW); B U212.4 on EMCON_ON2 (netlist: EMCON_ON2); B U212.5 on +3V3_CM2 (netlist: +3V3_CM2); B U312.2 on EMCON_HW (netlist: EMCON_HW); B U312.4 on EMCON_ON3 (netlist: EMCON_ON3); B U312.5 on +3V3_CM3 (netlist: +3V3_CM3)
CONOPS.md#4b:L408:cell:2:s1 [e7f1fe94db] NOT DERIVABLE
    What EMCON removes
    judgement: HELD DOCUMENT: a maker's figure, an analysis, a ruling or a record, not a netlist claim (a table header)
    names looked up: 0 parts, 0 nets
CONOPS.md#4b:L408:cell:3:s1 [24e19375d5] NOT DERIVABLE
    Receive under EMCON
    judgement: HELD DOCUMENT: a maker's figure, an analysis, a ruling or a record, not a netlist claim (a table header)
    names looked up: 0 parts, 0 nets
CONOPS.md#4b:L410:cell:1:s1 [fb572a976c] TRUE
    the enable of the eFuse that feeds its USB VBUS, its only supply: the hub's port power AND `EMCON_HW` AND the software enable (`U501`, `U502`, single gates since round 8)
    judgement: the LimeSDR's gates
    names looked up: 2 parts, 1 nets
    asserted (17): B U501 value has 'SN74LVC1G08' (netlist: 'SN74LVC1G08DBVR AND (1 A 2 B 3 GND 4 Y 5 VCC): LimeSDR stage'); B U501.1 on EMCON_HW (netlist: EMCON_HW); B U501.2 on LIME_HW_EN (netlist: LIME_HW_EN); B U501.4 on LIME_EN_A (netlist: LIME_EN_A); B U501.5 on +3V3_DEV (netlist: +3V3_DEV); B U502.1 on LIME_EN_A (netlist: LIME_EN_A); B U502.2 on LIME_SW_EN (netlist: LIME_SW_EN); B U502.4 on LIME_EN (netlist: LIME_EN); B U102 PWRCTL1 on LIME_HW_EN (netlist: LIME_HW_EN); B U6 IO0_1 on LIME_SW_EN (netlist: LIME_SW_EN); B R529.1 on LIME_EN (netlist: LIME_EN); B R529.2 on LIME_UVLO (netlist: LIME_UVLO); B U23 value has 'TPS259631' (netlist: 'TPS259631DDAR eFuse +5V_DEV -> +5V_LIME (301R 1% (ILM: 3.0 A'); B U23.3 on LIME_UVLO (netlist: LIME_UVLO); B U23.4 on +5V_DEV (netlist: +5V_DEV); B U23.5 on +5V_LIME (netlist: +5V_LIME); B net +5V_LIME holds J_LIME (missing: none)
CONOPS.md#4b:L411:cell:1:s1 [897ad942fd] TRUE
    the enable of the eFuse that feeds its external supply pin, the only supply wired (`U503`)
    judgement: the RockBLOCK's supply gate
    names looked up: 1 parts, 0 nets
    asserted (12): B U503.1 on EMCON_HW (netlist: EMCON_HW); B U503.2 on RB_SW_EN (netlist: RB_SW_EN); B U503.4 on RB_EN (netlist: RB_EN); B U503.5 on +3V3_DEV (netlist: +3V3_DEV); B R530.1 on RB_EN (netlist: RB_EN); B R530.2 on RB_UVLO (netlist: RB_UVLO); B U24 value has 'TPS259631' (netlist: 'TPS259631DDAR eFuse +5V_DEV -> +5V_RB (301R 1% (ILM: 3.0 A))'); B U24.3 on RB_UVLO (netlist: RB_UVLO); B U24.4 on +5V_DEV (netlist: +5V_DEV); B U24.5 on +5V_RB (netlist: +5V_RB); B J_RB9704.15 on +5V_RB (netlist: +5V_RB); B U6 IO0_2 on RB_SW_EN (netlist: RB_SW_EN)
CONOPS.md#4b:L411:cell:2:s1 [e041fe99ae] BASELINE
    power at that pin; the module's own two 10 F supercapacitors (about 16 J) keep it running after the gate opens, with its ENABLE driven only by the firmware expander `U6`, so its local chain is OPEN until ENABLE is forced low in hardware (`feasibility/EMCON.md` section 4.4)
    judgement: 'ENABLE driven only by the firmware expander U6': U536 since w4b
    baseline value (CONOPS.md's head and handover/DEFINITION-STATUS.md): its current value is kept on the status page, row DC-01, which this script judges directly
    names looked up: 1 parts, 0 nets
    asserted (1): B U536.1 on EMCON_HW (netlist: EMCON_HW)
CONOPS.md#4b:L411:cell:3:s1 [6d18087abd] NOT DERIVABLE
    lost once its own stored energy is spent (about 4.5 minutes idle, INFERRED, EMCON.md section 4.4)
    judgement: HELD DOCUMENT: a maker's figure, an analysis, a ruling or a record, not a netlist claim
    names looked up: 0 parts, 0 nets
CONOPS.md#4b:L412:cell:0:s1 [e2d0db85e8] TRUE
    E22-900M30S LoRa
    judgement: B16's E22-900M30S
    names looked up: 0 parts, 0 nets
    part numbers (1): E22-900M30S on B (U12)
    asserted (1): B U12 value has 'E22-900M30S' (netlist: 'Ebyte E22-900M30S 1 W LoRa (SX1262) on S3 SPI0 CE1: TXEN GPI')
CONOPS.md#4b:L412:cell:1:s1 [a7618b1948] BASELINE
    the enable of the load switch that feeds its VCC pins (`U504`); its TXEN pin is driven by slot 3 and is not on the line
    judgement: 'TXEN driven by slot 3 and not on the line': gated by U546 since set 12
    baseline value (CONOPS.md's head and handover/DEFINITION-STATUS.md): its current value is kept on the status page, row DC-01, which this script judges directly
    names looked up: 1 parts, 0 nets
    asserted (1): B U546.4 on LORA_TXEN_G (netlist: LORA_TXEN_G)
CONOPS.md#4b:L413:cell:0:s1 [89644c8c06] TRUE
    Two E72 CC2652P (Zigbee, Thread)
    judgement: B16's two E72 (CC2652P)
    names looked up: 0 parts, 0 nets
    part numbers (1): CC2652P on B (J_ZBDBG1,J_ZBDBG2,U13,U14)
    asserted (2): B U13 value has 'E72-2G4M20S1E CC2652P' (netlist: 'Ebyte E72-2G4M20S1E CC2652P (Zigbee coordinator): 7 DIO_12 R'); B U14 value has 'E72-2G4M20S1E CC2652P' (netlist: 'Ebyte E72-2G4M20S1E CC2652P (OpenThread RCP for Matter): 7 D')
CONOPS.md#4b:L413:cell:1:s1 [9320819e27] TRUE
    the enable of the load switch that feeds both (`U505`)
    judgement: the E72s' switch
    names looked up: 1 parts, 0 nets
    asserted (8): B U505 value has 'SN74LVC1G08' (netlist: 'SN74LVC1G08DBVR AND (1 A 2 B 3 GND 4 Y 5 VCC): E72 radios, E'); B U505.1 on EMCON_HW (netlist: EMCON_HW); B U505.2 on ZB_ON (netlist: ZB_ON); B U505.4 on E72_EN (netlist: E72_EN); B U6 IO0_4 on ZB_ON (netlist: ZB_ON); B U22 value has 'TPS22810' (netlist: 'TPS22810DRV'); B U22.5 on E72_EN (netlist: E72_EN); B U22.1 on +3V3_ZB (netlist: +3V3_ZB)
CONOPS.md#4b:L414:cell:0:s1 [c1b59fa740] TRUE
    RM520N-GL 5G
    judgement: the RM520N-GL on board B's key-B socket
    names looked up: 0 parts, 0 nets
    part numbers (1): RM520N-GL on B (J_M2C2)
    asserted (1): B J_M2C2 value has 'RM520N-GL' (netlist: 'M.2 B-key 3052 socket, TE 2199119-3, M2.5 standoff: Quectel ')
CONOPS.md#4b:L414:cell:1:s1 [ecebddd7eb] BASELINE
    since round 8: the enable of its 3.3 V buck, pulled low by `U215` from `EMCON_ON2`; its FULL_CARD_POWER_OFF# (`U220`) and W_DISABLE1# (`U215`) pulled low at the same moment; its socket rail discharged through 15 Ohm (`Q212`, `R295`)
    judgement: 'the enable of its 3.3 V buck pulled low by U215': U216 drives it since w4b
    baseline value (CONOPS.md's head and handover/DEFINITION-STATUS.md): its current value is kept on the status page, row DC-01, which this script judges directly
    names looked up: 4 parts, 1 nets
    asserted (1): B U216.4 on S2A_EN (netlist: S2A_EN)
CONOPS.md#4b:L414:cell:2:s1 [4457d2e3b3] NOT DERIVABLE
    power, with no firmware in the path: RF off within about 1.2 ms plus 1.8 ms per mF of the module's own input capacitance, which no held document states (`feasibility/EMCON.md` section 4b, SD-EMC-1r8); Quectel warns that cutting the supply of a working module can corrupt its flash, a residual accepted
    judgement: HELD DOCUMENT: a maker's figure, an analysis, a ruling or a record, not a netlist claim (the 5G timing bound and Quectel's warning)
    names looked up: 0 parts, 0 nets
    asserted (4): B U203 value has 'AP64500' (netlist: 'AP64500SP-13 5 A buck, 3.3 V rail +3V3_S2A'); B U203.3 on S2A_EN (netlist: S2A_EN); B U216 value has 'SN74LV1T08' (netlist: 'SN74LV1T08DBVR AND, 5 V supply, TTL-level inputs (1 A 2 B 3 '); B U216.1 on EMCON_HW (netlist: EMCON_HW)
CONOPS.md#4b:L415:cell:0:s1 [0cca8b2ab1] TRUE
    Two AW7915-AED WiFi link cards
    judgement: a row label: the two E-key card sockets
    names looked up: 0 parts, 0 nets
    part numbers (1): AW7915-AED on B (J_M2C1,J_M2C3)
    asserted (1): board B: 2 parts whose value holds 'M.2 E-key' (read: 2, J_M2C1,J_M2C3)
CONOPS.md#4b:L415:cell:1:s1 [7d9a058f84] BASELINE
    the enable of each card's 3.3 V buck, pulled low by `U115` and `U315` from `EMCON_ON1` and `EMCON_ON3`, and each card's W_DISABLE1#, pulled low by the same parts
    judgement: 'buck enables pulled low by U115 and U315': U116 and U316 since w4b
    baseline value (CONOPS.md's head and handover/DEFINITION-STATUS.md): its current value is kept on the status page, row DC-01, which this script judges directly
    names looked up: 2 parts, 2 nets
    asserted (1): B U116.4 on S1A_EN (netlist: S1A_EN)
CONOPS.md#4b:L415:cell:2:s1 [c581f604c7] NOT DERIVABLE
    power (the disable pin is not counted: the maker's datasheet does not mention it and the mainline Linux driver has no code for it)
    judgement: HELD DOCUMENT: a maker's figure, an analysis, a ruling or a record, not a netlist claim (the maker's datasheet and the Linux driver)
    names looked up: 0 parts, 0 nets
CONOPS.md#4b:L416:cell:0:s1 [5990559fb8] TRUE
    SA868 VHF with the 30 W PA
    judgement: D8's SA868 and the PA's leads
    names looked up: 0 parts, 0 nets
    part numbers (1): SA868 on D (U13,U2)
    asserted (2): board D has a part whose value holds 'SA868' (U13,U2); board D has a part whose value holds 'RA30H1317M1' (J_PAIN,J_PAOUT,J_VGG)
CONOPS.md#4b:L416:cell:1:s1 [e4b55bda98] BASELINE
    the KEY gate on board D (`KEY = PTT_ANY AND TX_INHIBIT_n`) and the PA rail and keying on board A (`PA_EN = EMCON_HW AND PA_SW_EN`, `U26`; in board A's round 8 candidate `PA_EN = TX_INHIBIT_n AND EMCON_HW AND PA_SW_EN`, `U35` and `U36`, `feasibility/EMCON.md` section 4a); the exciter's supply is not gated and the resting relay joins antenna to exciter
    judgement: board A 'as U26' and a round 8 candidate: U35 to U38 since round 8
    baseline value (CONOPS.md's head and handover/DEFINITION-STATUS.md): its current value is kept on the status page, row DC-01, which this script judges directly
    names looked up: 3 parts, 6 nets
    asserted (5): A U35 value has 'SN74AUP1G08' (netlist: 'SN74AUP1G08DBVR AND: PA_TXOK = TX_INHIBIT_n AND EMCON_HW (th'); A U35.1 on TX_INHIBIT_n (netlist: TX_INHIBIT_n); A U35.2 on EMCON_HW (netlist: EMCON_HW); A U35.4 on PA_TXOK (netlist: PA_TXOK); A U35.5 on +3V3_EMCON (netlist: +3V3_EMCON)
CONOPS.md#4b:L417:cell:1:s1 [1ab30cc2c3] BASELINE
    the enable of the converter that feeds its DC input (`HF_EN = EMCON_HW AND HF_SW_EN`, `U26`, `gen_sch_a.py` line 1102 at `45bde541`; in board A's round 8 candidate `HF_EN = TX_INHIBIT_n AND EMCON_HW AND HF_SW_EN`, `U37` and `U38`, `gen_sch_a.py` lines 1240 to 1243); its USB supply is not gated
    judgement: board A's HF gate 'as U26' and a candidate at gen_sch_a.py 1240 to 1243
    baseline value (CONOPS.md's head and handover/DEFINITION-STATUS.md): its current value is kept on the status page, row DC-01, which this script judges directly
    names looked up: 3 parts, 4 nets
    asserted (5): A U37.2 on EMCON_HW (netlist: EMCON_HW); A U37.4 on HF_TXOK (netlist: HF_TXOK); A U37.5 on +3V3_EMCON (netlist: +3V3_EMCON); A U38.1 on HF_TXOK (netlist: HF_TXOK); A U38.2 on HF_HOLD (netlist: HF_HOLD)
CONOPS.md#4b:L418:cell:1:s1 [e25495282b] TRUE
    each module's WL_nDisable and BT_nDisable, only ever pulled low, by open-drain outputs run from the module's own 3.3 V: `U{s}13` from `EMCON_ON{s}` and `U{s}14` from the software request (round 8)
    judgement: the module radios' disables
    names looked up: 6 parts, 0 nets
    asserted (20): B U113.1 on EMCON_ON1 (netlist: EMCON_ON1); B U113.3 on EMCON_ON1 (netlist: EMCON_ON1); B U113.6 on WL_nDIS1 (netlist: WL_nDIS1); B U113.4 on BT_nDIS1 (netlist: BT_nDIS1); B U113.5 on +3V3_CM1 (netlist: +3V3_CM1); B U213.1 on EMCON_ON2 (netlist: EMCON_ON2); B U213.6 on WL_nDIS2 (netlist: WL_nDIS2); B U213.5 on +3V3_CM2 (netlist: +3V3_CM2); B U313.1 on EMCON_ON3 (netlist: EMCON_ON3); B U313.6 on WL_nDIS3 (netlist: WL_nDIS3); B U313.5 on +3V3_CM3 (netlist: +3V3_CM3); B U114.1 on WL_nDIS1_OFF (netlist: WL_nDIS1_OFF); B U114.6 on WL_nDIS1 (netlist: WL_nDIS1); B U114.4 on BT_nDIS1 (netlist: BT_nDIS1); B U214.6 on WL_nDIS2 (netlist: WL_nDIS2); B U214.4 on BT_nDIS2 (netlist: BT_nDIS2); B U314.6 on WL_nDIS3 (netlist: WL_nDIS3); B U314.4 on BT_nDIS3 (netlist: BT_nDIS3); B U6 IO1_0 on WL_nDIS1_OFF (netlist: WL_nDIS1_OFF); B U6 IO1_3 on BT_nDIS1_OFF (netlist: BT_nDIS1_OFF)
CONOPS.md#4b:L419:cell:0:s1 [24f6f52515] TRUE
    LG290P GNSS, DCF77, lightning sensor
    judgement: B16's LG290P; the DCF77 and lightning headers on E6
    names looked up: 0 parts, 0 nets
    part numbers (1): LG290P on B (BT1,J_GNSS2,U11)
    asserted (3): B U11 value has 'LG290P' (netlist: 'Quectel LG290P03AAMD GNSS RTK module: UART1 to the bridge, 1'); E J_DCF present; E J_LTG present
CONOPS.md#4b:L421:para:s1 [6688b32a1a] NOT DERIVABLE
    **Owner ruling D-05 (26 September 2026): EMCON means radios dark, as generated and completed.** Every radio with an emission path is powered off or RF-disabled in hardware; the VHF path keeps listening because its gate is on the transmit side only; GNSS, DCF77 and the lightning sensor continue.
    judgement: HELD DOCUMENT: a maker's figure, an analysis, a ruling or a record, not a netlist claim (ruling D-05)
    names looked up: 0 parts, 0 nets
CONOPS.md#4b:L421:para:s2 [98a110f4dd] NOT DERIVABLE
    The 5G module's own GNSS receiver is not counted in the last row: the kit's position source is the LG290P, the module's GNSS ports (L5 on ANT1, L1 on ANT3, Quectel hardware design v1.1 Table 32) are fitted only in part under D-07, and whether W_DISABLE1# stops it is not established.
    judgement: HELD DOCUMENT: a maker's figure, an analysis, a ruling or a record, not a netlist claim (Quectel's GNSS ports)
    names looked up: 2 parts, 0 nets
    part numbers (1): LG290P on B (BT1,J_GNSS2,U11)
CONOPS.md#4b:L427:para:s1 [e85bb31663] NOT DERIVABLE
    The design record listed both switches under EMCON (appendix 32.55, line 2930: a supply switch for the 5G module and a converter enable for the WiFi card).
    judgement: HISTORY: a dated record of an earlier reading or wording, true as history, not re-derived against set 12 (the design record's list)
    names looked up: 0 parts, 0 nets
CONOPS.md#4b.1:L432:para:s1 [d174af17a0] NOT DERIVABLE
    The table above says what each gate removes; `feasibility/EMCON.md` section 5a (SD-EMC-7, the session's, under the owner's standing rule) sets how fast and in which faults.
    judgement: HELD DOCUMENT: a maker's figure, an analysis, a ruling or a record, not a netlist claim
    names looked up: 0 parts, 0 nets
CONOPS.md#4b.1:L432:para:s2 [26b3f934c1] TRUE
    From the instant the EMCON toggle's contact closes (`TX_INHIBIT_n` below 0.8 V at board C's TP10) to the instant a transmitter's conducted output at its antenna port falls below the pass line of `feasibility/EMCON.md` section 6, the time is at most that row's **L_max**, and the output stays below the line for as long as EMCON is asserted, by a path in which every element that bounds the time is hardware:
    judgement: TP10 is on TX_INHIBIT_n; the latency definition is a requirement
    names looked up: 1 parts, 1 nets
    asserted (1): C TP10.1 on TX_INHIBIT_n (netlist: TX_INHIBIT_n)
CONOPS.md#4b.1:L441:cell:0:s1 [c4d07a0485] TRUE
    SA868, the 30 W PA, the QMX, the RockBLOCK 9704, both WiFi link cards, the compute modules' own WiFi and Bluetooth, the E22 LoRa module, both E72, the LimeSDR
    judgement: the transmitters named are on the netlists (D's SA868 and the PA's leads, the RockBLOCK site, the two card sockets, the E22, both E72, the LimeSDR bay, the QMX lead)
    names looked up: 0 parts, 0 nets
    part numbers (1): SA868 on D (U13,U2)
    asserted (9): board D has a part whose value holds 'SA868' (U13,U2); B J_RB9704 present; B J_M2C1 value has 'AW7915' (netlist: 'M.2 E-key 2230 socket, TE 2199230-4, M2.5 standoff: AsiaRF A'); B J_M2C3 present; B U12 value has 'E22-900M30S' (netlist: 'Ebyte E22-900M30S 1 W LoRa (SX1262) on S3 SPI0 CE1: TXEN GPI'); B U13 present; B U14 present; B J_LIME present; B J_QMX present
CONOPS.md#4b.1:L442:cell:0:s1 [c1b59fa740] TRUE
    RM520N-GL 5G
    judgement: the RM520N-GL on board B's key-B socket
    names looked up: 0 parts, 0 nets
    part numbers (1): RM520N-GL on B (J_M2C2)
    asserted (1): B J_M2C2 value has 'RM520N-GL' (netlist: 'M.2 B-key 3052 socket, TE 2199119-3, M2.5 standoff: Quectel ')
CONOPS.md#4b.1:L442:cell:1:s1 [5eb590e0b3] NOT DERIVABLE
    **20 s** for a module that has been turned on (REQ-071); **0** at power-up under EMCON (its rail never rises).
    judgement: HELD DOCUMENT: a maker's figure, an analysis, a ruling or a record, not a netlist claim (REQ-071's latency); the 5G buck's enable is EMCON_HW AND PCIE_PWR_EN2
    names looked up: 0 parts, 0 nets
    asserted (1): B U216.4 on S2A_EN (netlist: S2A_EN)
CONOPS.md#4b.1:L442:cell:1:s2 [4f38a2cd34] TRUE
    Since board B's round 8 the design removes its supply by hardware at once, RF off within about 1.2 ms plus 1.8 ms per mF of the module's own input capacitance, which no held document states (bench E-12), the maker's flash warning accepted (SD-EMC-1r8, `feasibility/EMCON.md` section 4b); its W_DISABLE1# is pulled low at the same moment by `U215`, an airplane mode the module's firmware carries out, not counted
    judgement: the 5G row's parts; the timing bound is EMCON.md's
    names looked up: 1 parts, 0 nets
    asserted (24): B U203 value has 'AP64500' (netlist: 'AP64500SP-13 5 A buck, 3.3 V rail +3V3_S2A'); B U203.3 on S2A_EN (netlist: S2A_EN); B U216 value has 'SN74LV1T08' (netlist: 'SN74LV1T08DBVR AND, 5 V supply, TTL-level inputs (1 A 2 B 3 '); B U216.1 on EMCON_HW (netlist: EMCON_HW); B U216.2 on PCIE_PWR_EN2 (netlist: PCIE_PWR_EN2); B U216.4 on S2A_EN (netlist: S2A_EN); B U216.5 on +5V_S2 (netlist: +5V_S2); B U220 value has 'SN74LVC2G06' (netlist: 'SN74LVC2G06DBVR dual open-drain inverter (1 1A 6 1Y, 3 2A 4 '); B U220.1 on EMCON_ON2 (netlist: EMCON_ON2); B U220.6 on 5G_PWROFF_n (netlist: 5G_PWROFF_n); B U221 value has 'TPS3808G30' (netlist: 'TPS3808G30DBVR supervisor on +3V3_S2A: holds FULL_CARD_POWER'); B U221.1 on 5G_TPR_n (netlist: 5G_TPR_n); B U221.5 on +3V3_S2A (netlist: +3V3_S2A); B U554.1 on 5G_TPR_n (netlist: 5G_TPR_n); B U554.6 on 5G_PWROFF_n (netlist: 5G_PWROFF_n); B U215 value has 'SN74LVC2G06' (netlist: 'SN74LVC2G06DBVR dual open-drain inverter (1 1A 6 1Y, 3 2A 4 '); B U215.1 on EMCON_ON2 (netlist: EMCON_ON2); B U215.6 on 5G_W_DIS_n (netlist: 5G_W_DIS_n); B U215.3 on GND (netlist: GND); B Q212.1 on EMCON_ON2 (netlist: EMCON_ON2); B Q212.3 on 5G_DCHG (netlist: 5G_DCHG); B R295 value has '15R' (netlist: '15R 1% 2512 1W (EMCON discharge of +3V3_M2C2, SD-EMC-1)'); B R295.1 on +3V3_M2C2 (netlist: +3V3_M2C2); B R295.2 on 5G_DCHG (netlist: 5G_DCHG)
CONOPS.md#4b.1:L444:para:s1 [f5b087cd8e] NOT DERIVABLE
    **The fault conditions it must hold in** (EMCON.md section 5a, F1 to F9): every processor that can reach the row held in reset; each of them unpowered; each running a wrong image; the radio's own firmware booting, hung or configured otherwise; the panel ribbon, `J_AB1` or `J_MEZZ1` unplugged; a logic rail lost or in its unspecified band; back-feed from every live signal; every store of energy on the radio's side of its gate full; and EMCON asserted at power-up, during a transmission, during a boot or restart, and through the contact's bounce.
    judgement: HELD DOCUMENT: a maker's figure, an analysis, a ruling or a record, not a netlist claim (the fault set, EMCON.md section 5a)
    names looked up: 4 parts, 0 nets
    asserted (2): A J_AB1 present; A J_MEZZ1 present
CONOPS.md#4b.1:L444:para:s2 [07ffe0084f] TRUE
    **Excluded:** a fault of the one element every row shares (the toggle's contact, the `TX_INHIBIT_n` conductor), which the hardware EMCON lamp `D22` shows without firmware; the lamp is drawn on board C since its round 8, and its light guide in the face plate is owed (CON-021, S-44).
    judgement: D22 through U14 and Q7 needs no firmware; its light guide is a plate item
    names looked up: 1 parts, 1 nets
    asserted (4): C U14.3 on TX_INHIBIT_n (netlist: TX_INHIBIT_n); C U14.6 on EMCON_HW (netlist: EMCON_HW); C Q7.3 on EMCLAMP_K (netlist: EMCLAMP_K); C D22.1 on EMCLAMP_K (netlist: EMCLAMP_K)
CONOPS.md#4b.1:L452:para:s1 [884b121988] NOT DERIVABLE
    **What the operator does with it.** A posture that needs every radio silent within 1 s closes EMCON at least 20 s before silence is needed while the 5G module is running, or has the 5G module turned off first: 20 s is REQ-071's bound for the 5G row, kept as the operator's lead until bench E-12 measures the drawn circuit's time to RF off.
    judgement: FIRMWARE: the firmware contract or an operating procedure, not a netlist claim
    names looked up: 0 parts, 0 nets
CONOPS.md#4b.1:L452:para:s2 [50bd10e730] NOT DERIVABLE
    After setting EMCON the operator confirms the EMCON lamp before relying on it, and sets EMCON and confirms the lamp before selecting BLACKOUT, in which the lamp is dark by choice (`feasibility/EMCON.md` section 5, SD-EMC-6, the procedure lines it owes); until its light guide is in the plate the lamp cannot be seen, and no indicator the operator can see shows the line's state without the panel controller.
    judgement: CASE: a mechanical or case item, not a netlist claim and procedure (the lamp's light guide, S-44)
    names looked up: 0 parts, 0 nets
CONOPS.md#4b.1:L452:para:s3 [95a2617bb5] NOT DERIVABLE
    NEED-08 is not met until the design closes it and the bench tests of `feasibility/EMCON.md` section 6 pass.
    judgement: HELD DOCUMENT: a maker's figure, an analysis, a ruling or a record, not a netlist claim
    names looked up: 0 parts, 0 nets
CONOPS.md#4c:L465:para:s1 [9016ffee8d] BASELINE
    **Which modules can host what, as board B is generated** (`ARCH-PCB-B-IOHA.md` sections 4 and 15, `gen_sch_b.py` line 543).
    judgement: the undated citation gen_sch_b.py line 543: a baseline value
    baseline value (CONOPS.md's head and handover/DEFINITION-STATUS.md): its current value is kept on the status page, row DC-06, which this script judges directly
    names looked up: 0 parts, 0 nets
CONOPS.md#4c:L465:para:s2 [595a8adabd] NOT DERIVABLE
    Bank 3 (the APRS board D8, the sensor controller and with it the pack gauge's readings, the lid switch and the water and gas sensors, the sealed wall USB port, the 5G management link) by slot 3 or slot 1.
    judgement: HELD DOCUMENT: a maker's figure, an analysis, a ruling or a record, not a netlist claim
    names looked up: 1 parts, 0 nets; D8 on ACE (sentence names D)
CONOPS.md#4c:L465:para:s3 [1eb6e6d5f1] NOT DERIVABLE
    `feasibility/POWER-THERMAL.md` (sections 1 and 9.3), `ARCHITECTURE.md` (its PS-RED row) and `HW-FW-CONTRACT.md` (FW-C09, C1 as a shed to one module) first took the reduced mode as one module (slot 3 alone in the first two), which leaves Iridium and SOS, a core function (section 2a), with no host as board B is generated.
    judgement: HELD DOCUMENT: a maker's figure, an analysis, a ruling or a record, not a netlist claim
    names looked up: 1 parts, 0 nets
CONOPS.md#4c:L478:para:s1 [f6adfad9fd] TRUE
    **Entered** by the lid closing (the reed on board E's `J_TAMP`, read by the sensor controller), by C1 or C3 below, or by the operator; a kit started with its lid closed enters it once the bridge has read the lid (the start-up paragraph below).
    judgement: the reed on board E's J_TAMP reaches the sensor controller
    names looked up: 3 parts, 0 nets; C3 on ABCDP (sentence names E)
    asserted (3): E J_TAMP present; E R53.2 on TAMPER_IO (netlist: TAMPER_IO); E U10 value has 'RP2040' (netlist: 'RP2040 sensor controller (USB to B16 through the dock)')
CONOPS.md#4c:L478:para:s2 [6f0927f98d] NOT DERIVABLE
    **How:** the bridge asks the panel controller to drop `SLOT_EN1`; the supervisors see slot 1's heartbeat stop and move bank 1 to slot 2 through the voted fabric, the sequence of `ARCH-PCB-B-IOHA.md` section 7 that its acceptance test A1 exercises ("drop `SLOT_EN` for one slot"); k3s moves slot 1's workload.
    judgement: FIRMWARE: the firmware contract or an operating procedure, not a netlist claim
    names looked up: 0 parts, 1 nets
CONOPS.md#4c:L478:para:s3 [186a997856] BASELINE
    Dropping `SLOT_EN1` as a routine act rests on three board B items owed as generated (Review A, m3): the break-before-make order (FAB-03, CON-003), a bank detached from a host that has lost its power (FAB-02, CON-022), and the supervisors' I2C status path (`ARCH-PCB-B-IOHA.md` section 6); they are preconditions of this mode on the hardware, not of its definition.
    judgement: check-s122-2 B1: the three items it calls owed as generated are drawn (DC-07, DC-08)
    baseline value (CONOPS.md's head and handover/DEFINITION-STATUS.md): its current value is kept on the status page, row DC-07, DC-08, which this script judges directly
    names looked up: 0 parts, 1 nets
    asserted (77): B U41 PB7 on SDA (netlist: SDA); B U41 PB6 on SCL (netlist: SCL); B U51 PB7 on SDA (netlist: SDA); B U51 PB6 on SCL (netlist: SCL); B U61 PB7 on SDA (netlist: SDA); B U61 PB6 on SCL (netlist: SCL); B U41.93 on SDA (netlist: SDA); B U41.92 on SCL (netlist: SCL); B net SDA holds J_PANEL,U41,U51,U61 (missing: none); B net SCL holds J_PANEL,U41,U51,U61 (missing: none); B J_PANEL.4 on SDA (netlist: SDA); at 458b2873: B U41 PB7 on SDA (netlist: SDA); at 1f614233: B U41 PB7 on unconnected-(U41-PB7-Pad93) (netlist: unconnected-(U41-PB7-Pad93)); at 95e078a1: B U51 PB6 on SCL (netlist: SCL); at c5430071: B U61 PB7 on SDA (netlist: SDA); at 45bde541: B U41 PB6 on SCL (netlist: SCL); at a9f212c7: B U51 PB7 on SDA (netlist: SDA); board B has no part whose value holds 'TCA9517' (found: none); v2/docs/ARCH-PCB-B-IOHA.md says 'CORRECTED at `458b2873`'; v2/docs/ARCH-PCB-B-IOHA.md says 'move behind a TCA9517A that the panel controller enables from U7 only for its ow'; B R191.1 on +3V3_CM1 (netlist: +3V3_CM1); B R191.2 on PG1 (netlist: PG1); B R191 value has '1k' (netlist: '1k'); B R192.1 on PG1 (netlist: PG1); B R192.2 on GND (netlist: GND); B R192 value has '100k' (netlist: '100k'); B U530 value has '74LVC1G17' (netlist: '74LVC1G17 Schmitt-trigger buffer (Diodes 74LVC1G17W5-7, 2 A '); B U530.2 on PG1 (netlist: PG1); B U530.4 on PG1_S (netlist: PG1_S); B U533 value has 'SN74LVC1G04' (netlist: 'SN74LVC1G04DBVR inverter (2 A 4 Y): slot 1 is dark (FAB-02)'); B U533.2 on PG1_S (netlist: PG1_S); B U533.4 on PG1_n (netlist: PG1_n); B U513 value has '74LVC1G157' (netlist: '74LVC1G157GW 2:1 mux (Nexperia; 6 S, 3 I0, 1 I1, 4 Y; Y = S '); B U513.3 on PG1_n (netlist: PG1_n); B U513.1 on PG2_n (netlist: PG2_n); B U513.6 on BSEL1_D2 (netlist: BSEL1_D2); B U513.4 on PGSEL1_n (netlist: PGSEL1_n); B U516 value has 'BBM ? 1' (netlist: '74LVC1G157GW 2:1 mux (Nexperia; 6 S, 3 I0, 1 I1, 4 Y; Y = S '); B U516.3 on PGSEL1_n (netlist: PGSEL1_n); B U516.6 on BBM1 (netlist: BBM1); B U516.4 on BOE1_n (netlist: BOE1_n); B net BOE1_n holds U109,U110 (missing: none); B U109 value has 'TMUXHS4212' (netlist: 'TI TMUXHS4212 SuperSpeed 2:1 host select, bank 1: B = slot 1'); B U110 value has 'TS3USB221A' (netlist: 'TI TS3USB221A USB2 2:1 host select, bank 1: port 1 = slot 1 '); B net BBM1 holds exactly U516,U85 (read: U516,U85); B net BBM1_MOV holds U527,U80,U85 (missing: none); B net BBM1_ARM holds U521,U524,U84 (missing: none); B U507 value has 'FAB-03' (netlist: '74LVC1G17 Schmitt-trigger buffer (Diodes 74LVC1G17W5-7, 2 A '); B U510 value has 'FAB-03' (netlist: '74LVC1G17 Schmitt-trigger buffer (Diodes 74LVC1G17W5-7, 2 A '); B U521 value has 'FAB-03' (netlist: '74LVC1G17 Schmitt-trigger buffer (Diodes 74LVC1G17W5-7, 2 A '); B net BSEL1_S holds U109,U110,U507 (missing: none); B U519 value has '74LVC1G157' (netlist: '74LVC1G157GW 2:1 mux (Nexperia; 6 S, 3 I0, 1 I1, 4 Y; Y = S '); B U519.3 on PG1_S (netlist: PG1_S); B U519.1 on PG2_S (netlist: PG2_S); B U519.6 on HDMI_SEL1 (netlist: HDMI_SEL1); B U519.4 on HDMI_EN1 (netlist: HDMI_EN1); B U3.2 on HDMI_EN1 (netlist: HDMI_EN1); B U520 value has '74LVC1G157' (netlist: '74LVC1G157GW 2:1 mux (Nexperia; 6 S, 3 I0, 1 I1, 4 Y; Y = S '); B U520.1 on PG3_S (netlist: PG3_S); B U520.6 on HDMI_SEL2 (netlist: HDMI_SEL2); B U520.4 on HDMI_EN2 (netlist: HDMI_EN2); B U4.2 on HDMI_EN2 (netlist: HDMI_EN2); at 95e078a1: B U519 value has '74LVC1G157' (netlist: '74LVC1G157GW 2:1 mux (Nexperia; 6 S, 3 I0, 1 I1, 4 Y; Y = S '); at 95e078a1: B U516 value has 'BBM ? 1' (netlist: '74LVC1G157GW 2:1 mux (Nexperia; 6 S, 3 I0, 1 I1, 4 Y; Y = S '); at c5430071: B U520 value has '74LVC1G157' (netlist: '74LVC1G157GW 2:1 mux (Nexperia; 6 S, 3 I0, 1 I1, 4 Y; Y = S '); at c5430071: B U513 value has '74LVC1G157' (netlist: '74LVC1G157GW 2:1 mux (Nexperia; 6 S, 3 I0, 1 I1, 4 Y; Y = S '); at 45bde541: U519 absent on B; at 45bde541: U516 absent on B; check_pcb_b.py lines 353 to 353 at b874b744 hold U519, U520; check_pcb_b.py lines 412 to 412 at b874b744 hold FAB-02 (b); registry S-42 status = OPEN (read: OPEN); registry S-42 title ~ the back-power gating of FAB-02 (b) and (c) (read: Board B's fabric findings FAB-01 to FAB-04 fixed in the generator, each with check_pcb_b.py's assertion and its mutation: the TEST2 strap, the back-power gating of FAB-02 (b) and (c), a true break-before-make sequence, and 10 kohm on the 23 safe-low lines (FAILOVER-FABRIC.md sections 9 and 10).); registry S-42 title ~ a true break-before-make sequence (read: Board B's fabric findings FAB-01 to FAB-04 fixed in the generator, each with check_pcb_b.py's assertion and its mutation: the TEST2 strap, the back-power gating of FAB-02 (b) and (c), a true break-before-make sequence, and 10 kohm on the 23 safe-low lines (FAILOVER-FABRIC.md sections 9 and 10).); registry CON-022 evidence_result = INCONCLUSIVE (read: INCONCLUSIVE); registry CON-022 waits_on ~ S-42 (read: ['S-42']); registry CON-003 evidence_result = INCONCLUSIVE (read: INCONCLUSIVE); registry CON-003 waits_on ~ S-42 (read: ['S-42'])
CONOPS.md#4c:L478:para:s4 [ed9266a99c] NOT DERIVABLE
    The remaining redundancy is the ring's: as generated, a further loss of slot 2 moves bank 2 to slot 3 and leaves bank 1 (Iridium, SOS) with no host; a further loss of slot 3 moves bank 3 nowhere (its failover slot 1 is off) unless the panel powers slot 1 again, which it does on that loss (the panel controller reads every slot's heartbeat itself; the reduced mode gives way to the degraded one; a panel firmware contract item).
    judgement: HELD DOCUMENT: a maker's figure, an analysis, a ruling or a record, not a netlist claim
    names looked up: 0 parts, 0 nets
CONOPS.md#4c:L501:para:s1 [16ec1f5b7e] BASELINE
    **A start-up with the lid closed (answering Review A, B2).** The lid reed lands on the sensor controller alone (`gen_sch_e.py` lines 524 to 542: "it never reaches ZEROIZE, the panel or any supervisor"), and the sensor controller reaches a module only as a USB device on bank 3, so before any module runs the panel controller has no lid state to act on.
    judgement: the undated citation gen_sch_e.py lines 524 to 542: a baseline value
    baseline value (CONOPS.md's head and handover/DEFINITION-STATUS.md): its current value is kept on the status page, row DC-06, which this script judges directly
    names looked up: 0 parts, 0 nets
CONOPS.md#4c:L501:para:s2 [66308c1c0a] NOT DERIVABLE
    **Taken:** the panel controller raises all three slots at every start-up, as with the lid open; once the bridge has read the lid from the sensor controller (on bank 3's host, slot 3, or slot 1 if slot 3 has not come up) and finds it closed, the kit enters the reduced mode by the route above.
    judgement: FIRMWARE: the firmware contract or an operating procedure, not a netlist claim
    names looked up: 0 parts, 0 nets
CONOPS.md#4c:L501:para:s3 [793088207a] NOT DERIVABLE
    The cost is three modules for the start-up's length before the shed (**TBD**, the bridge's boot): under 1 K of inside air for two minutes even at PS-BUSY's 92.0 W over PS-RED2 (7.3 kJ into appendix 32.53's 8 to 10 kJ/K of thermal mass, INFERRED), and C1 acts on it in any case.
    judgement: HELD DOCUMENT: a maker's figure, an analysis, a ruling or a record, not a netlist claim
    names looked up: 1 parts, 0 nets
CONOPS.md#4c:L501:para:s4 [a9e17ab4ef] TRUE
    If bank 3 has no host after start-up the lid is not read, and the kit stays in the normal mode under C1 and C3.
    judgement: bank 3 hosts E6's sensor controller, whose reed is the lid; the mode rule is the firmware's
    names looked up: 2 parts, 0 nets
    asserted (19): B U109 value has 'bank 1: B = slot 1 USB3-0 (home), C = slot 2' (netlist: 'TI TMUXHS4212 SuperSpeed 2:1 host select, bank 1: B = slot 1'); B U209 value has 'bank 2: B = slot 2 USB3-0 (home), C = slot 3' (netlist: 'TI TMUXHS4212 SuperSpeed 2:1 host select, bank 2: B = slot 2'); B U309 value has 'bank 3: B = slot 3 USB3-0 (home), C = slot 1' (netlist: 'TI TMUXHS4212 SuperSpeed 2:1 host select, bank 3: B = slot 3'); B U110 value has 'bank 1: port 1 = slot 1 (home), port 2 = slot 2' (netlist: 'TI TS3USB221A USB2 2:1 host select, bank 1: port 1 = slot 1 '); B U210 value has 'bank 2: port 1 = slot 2 (home), port 2 = slot 3' (netlist: 'TI TS3USB221A USB2 2:1 host select, bank 2: port 1 = slot 2 '); B U310 value has 'bank 3: port 1 = slot 3 (home), port 2 = slot 1' (netlist: 'TI TS3USB221A USB2 2:1 host select, bank 3: port 1 = slot 3 '); B U102 USB_DP_DN4 on RB_DP (netlist: RB_DP); B U18 value has 'CP2102N' (netlist: 'CP2102N-A02-GQFN28 USB-UART bridge (RB)'); B U102 USB_DP_DN2 on USB_PNL_P (netlist: USB_PNL_P); B U202 USB_DP_DN1 on GNSS_DP (netlist: GNSS_DP); B U302 USB_DP_DN1 on USB_D8_P (netlist: USB_D8_P); B U302 USB_DP_DN2 on USB_E6_P (netlist: USB_E6_P); B U302 USB_DP_DN3 on USB_WALL_P (netlist: USB_WALL_P); B U302 USB_DP_DN4 on USB_5G_P (netlist: USB_5G_P); B net USB_5G_P holds exactly J_M2C2,U302 (read: J_M2C2,U302); B net LORA_MOSI holds exactly U12,U548 (read: U12,U548); B net SPI3_MOSI holds exactly J_SPI3,R549,U32A,U548 (read: J_SPI3,R549,U32A,U548); B net CARD2_TX_P holds J_M2C2 (missing: none); B U12 value has 'E22-900M30S' (netlist: 'Ebyte E22-900M30S 1 W LoRa (SX1262) on S3 SPI0 CE1: TXEN GPI')
CONOPS.md#4c:L501:para:s5 [54480cee4b] NOT DERIVABLE
    Reverse by a lid line from the sensor controller to the panel controller (a layer-5 interface item on boards E and C), so that a start with the lid closed never powers slot 1.
    judgement: HELD DOCUMENT: a maker's figure, an analysis, a ruling or a record, not a netlist claim
    names looked up: 0 parts, 0 nets
CONOPS.md#4c:L514:para:s1 [41e7a34032] NOT DERIVABLE
    **The heat stage: one module carrying the owner's example with the SOS path.** Entered when C1's triggers are reached again in the reduced mode.
    judgement: HELD DOCUMENT: a maker's figure, an analysis, a ruling or a record, not a netlist claim
    names looked up: 1 parts, 0 nets
CONOPS.md#4c:L514:para:s2 [890ba02017] NOT DERIVABLE
    It is the owner's accepted consequence of D-02b ("above +35 C ambient the kit runs one module"), reached on measured temperatures instead of an ambient reading, and its one module is required to carry the owner's example (GNSS, the LoRa mesh, Iridium and APRS beacons) with the SOS path: that is REQ-052 at the envelope's hot edge with the lid closed, kept at the owner's set and not restated to what the generated board does (Review A, B5).
    judgement: HELD DOCUMENT: a maker's figure, an analysis, a ruling or a record, not a netlist claim
    names looked up: 0 parts, 0 nets
CONOPS.md#4c:L514:para:s3 [73cfcd90ed] NOT DERIVABLE
    **After BANK-R1 the stage is slot 3 alone:** bank 3 on its home slot (the APRS board D8; the sensor controller with the pack's readings and the lid, water and gas sensors; the panel controller with the SOS path), bank 2 by failover (GNSS, both E72, Iridium) and the LoRa module on slot 3's SPI.
    judgement: HELD DOCUMENT: a maker's figure, an analysis, a ruling or a record, not a netlist claim
    names looked up: 1 parts, 0 nets; D8 on ACE (sentence names D)
CONOPS.md#4c:L524:para:s1 [e2340ccf73] TRUE
    **As board B is generated no module carries that set, and the stage runs slot 2 alone,** the only single slot that keeps the SOS path with a live GNSS position (slot 3 alone has neither Iridium nor the panel; slot 1 alone has no GNSS and would first have to boot a module the reduced mode had off, in the heat).
    judgement: as generated: slot 3 alone hosts neither bank 1 (Iridium's bridge, the panel) nor slot 2's; slot 1 alone hosts bank 1 at home and bank 3 as failover, not bank 2 (GNSS)
    names looked up: 0 parts, 0 nets
    asserted (19): B U109 value has 'bank 1: B = slot 1 USB3-0 (home), C = slot 2' (netlist: 'TI TMUXHS4212 SuperSpeed 2:1 host select, bank 1: B = slot 1'); B U209 value has 'bank 2: B = slot 2 USB3-0 (home), C = slot 3' (netlist: 'TI TMUXHS4212 SuperSpeed 2:1 host select, bank 2: B = slot 2'); B U309 value has 'bank 3: B = slot 3 USB3-0 (home), C = slot 1' (netlist: 'TI TMUXHS4212 SuperSpeed 2:1 host select, bank 3: B = slot 3'); B U110 value has 'bank 1: port 1 = slot 1 (home), port 2 = slot 2' (netlist: 'TI TS3USB221A USB2 2:1 host select, bank 1: port 1 = slot 1 '); B U210 value has 'bank 2: port 1 = slot 2 (home), port 2 = slot 3' (netlist: 'TI TS3USB221A USB2 2:1 host select, bank 2: port 1 = slot 2 '); B U310 value has 'bank 3: port 1 = slot 3 (home), port 2 = slot 1' (netlist: 'TI TS3USB221A USB2 2:1 host select, bank 3: port 1 = slot 3 '); B U102 USB_DP_DN4 on RB_DP (netlist: RB_DP); B U18 value has 'CP2102N' (netlist: 'CP2102N-A02-GQFN28 USB-UART bridge (RB)'); B U102 USB_DP_DN2 on USB_PNL_P (netlist: USB_PNL_P); B U202 USB_DP_DN1 on GNSS_DP (netlist: GNSS_DP); B U302 USB_DP_DN1 on USB_D8_P (netlist: USB_D8_P); B U302 USB_DP_DN2 on USB_E6_P (netlist: USB_E6_P); B U302 USB_DP_DN3 on USB_WALL_P (netlist: USB_WALL_P); B U302 USB_DP_DN4 on USB_5G_P (netlist: USB_5G_P); B net USB_5G_P holds exactly J_M2C2,U302 (read: J_M2C2,U302); B net LORA_MOSI holds exactly U12,U548 (read: U12,U548); B net SPI3_MOSI holds exactly J_SPI3,R549,U32A,U548 (read: J_SPI3,R549,U32A,U548); B net CARD2_TX_P holds J_M2C2 (missing: none); B U12 value has 'E22-900M30S' (netlist: 'Ebyte E22-900M30S 1 W LoRa (SX1262) on S3 SPI0 CE1: TXEN GPI')
CONOPS.md#4c:L524:para:s2 [d51e5a087d] NOT DERIVABLE
    What slot 2 alone loses, stated in full (Review A, B1): **the LoRa mesh and APRS,** two bearers of the owner's example, so on the generated board the stage does not meet its required set (the finding under BANK-R1 below); and **bank 3's whole USB side,** whose two hosts are both off: the sensor controller's link (the gauge's readings, meaning the state of charge, the cells' voltages and their temperatures, and the lid, water and gas sensors), the sealed wall USB port, and **the 5G module's USB link**, which in the module's USB-AT-based PCIe mode is its only firmware-update path (Quectel RM520N series hardware design v1.1, section 3.2).
    judgement: HELD DOCUMENT: a maker's figure, an analysis, a ruling or a record, not a netlist claim
    names looked up: 0 parts, 0 nets
    part numbers (1): RM520N on B (C520,C521,J_M2C2,U221)
CONOPS.md#4c:L524:para:s3 [7120babddf] NOT DERIVABLE
    **What slot 2 alone keeps of 5G:** its data and its AT control, both over slot 2's PCIe lane: in its PCIe modes the module "Supports MBIM/QMI/QRTR/AT over PCIe interface" (the same section, which `feasibility/EMCON.md` section 4.5 reads the same way), so the host sequence SD-EMC-1 relies on (AT+CFUN=0 and its OK over PCIe, then PERST# and the panel controller's `5G_OFF` and `5G_RESET` over the kit bus) stays reachable; that the bridge's driver exposes the AT channel over PCIe is a software item, and until it is shown the stage counts 5G as data only.
    judgement: HELD DOCUMENT: a maker's figure, an analysis, a ruling or a record, not a netlist claim
    names looked up: 0 parts, 2 nets
CONOPS.md#4c:L524:para:s4 [1021385ed3] BASELINE
    **What the kit reads in place of the gauge:** the pack's voltage (the BQ25731's ADCVBAT, 64 mV steps for 1S to 4S) and its discharge current through `R17` (ADCIDCHG, 512 mA steps with the 5 mOhm shunt), read from the charger over the kit bus through the panel controller (TI SLUSE66A 9.6.8 and 9.6.10; the charger is at 0x6B on the kit bus, `gen_sch_a.py` line 708), with the charger's low power mode, on at its reset, turned off on the pack so that its ADC runs (SLUSE66A Table 9-8, ChargeOption0 EN_LWPWR: "ADC is not available in Low Power Mode"; a panel firmware contract item).
    judgement: the undated citation gen_sch_a.py line 708: a baseline value; the charger is U3 at 0x6B
    baseline value (CONOPS.md's head and handover/DEFINITION-STATUS.md): its current value is kept on the status page, row DC-06, which this script judges directly
    names looked up: 1 parts, 0 nets
    part numbers (1): BQ25731 on A (U3)
    asserted (2): A U3 value has 'BQ25731' (netlist: 'BQ25731RSNR 1 to 5 cell buck-boost charger, 4S from the 20 V'); A R17.1 on VBAT (netlist: VBAT)
CONOPS.md#4c:L524:para:s5 [51863c60c0] NOT DERIVABLE
    That gives C3 its current input and the graceful shutdown a pack-voltage line (below).
    judgement: HELD DOCUMENT: a maker's figure, an analysis, a ruling or a record, not a netlist claim
    names looked up: 1 parts, 0 nets
CONOPS.md#4c:L524:para:s6 [fce8982259] NOT DERIVABLE
    C1's cell trigger, the cells' voltages and the state of charge are lost, and C2's cell input with them, so the outlets are held off in this stage; the battery bar shows the pack voltage instead of the charge, and the e-paper says so; the water and gas responses of section 4e wait for a host of bank 3.
    judgement: HELD DOCUMENT: a maker's figure, an analysis, a ruling or a record, not a netlist claim
    names looked up: 2 parts, 0 nets
CONOPS.md#4c:L547:para:s1 [5861d3a6dc] NOT DERIVABLE
    In both configurations the pack's own protection does not depend on what the kit reads: the gauge's charge and discharge windows (0 to 45 C and -10 to 60 C at the cell surface, `v2/ecad/tools/pcb_pack_protection.yaml`; round 8 sets OTC at 44.0 C and OTD at 57.5 C inside them, SC-12, on main since `53a98a71`) and board P's second level act whatever the modules see, and the sensor controller keeps running on board E's always-on domain.
    judgement: HELD DOCUMENT: a maker's figure, an analysis, a ruling or a record, not a netlist claim
    names looked up: 0 parts, 0 nets
CONOPS.md#4c:L553:para:s1 [2cfa3e4456] NOT DERIVABLE
    **The hot stop, past the heat stage (taken by the session on 27 September 2026 under the owner's standing rule of 26 September 2026, section 7a, answering Review A's second pass, P2-B2, and Review B of layer 3, B1; it replaces this section's earlier "there is no stage after this one").** The heat stage's worst inside air in use at +40 C is above C1's +50 C at the independent bound's lowest conductance, +60.6 C lid closed as generated and +62.1 C after BANK-R1 (`OPERATING-ENVELOPE.md` section 3), so C1's triggers can stay set.
    judgement: HELD DOCUMENT: a maker's figure, an analysis, a ruling or a record, not a netlist claim
    names looked up: 1 parts, 0 nets
CONOPS.md#4c:L553:para:s2 [975e9e1f83] NOT DERIVABLE
    On an input (shore, vehicle or solar) the pack carries no current and its cells sit at about the inside air (INFERRED: the model's cell rise over the air is the pack's own I2R, zero at no current), which there is above the cell maker's +60 C ("Don't leave, charge or use the battery in a car or similar place where inside of temperature may be over 60°C", Samsung INR18650-35E Ver. 1.1).
    judgement: HELD DOCUMENT: a maker's figure, an analysis, a ruling or a record, not a netlist claim (INFERRED from the model; the cell maker's words)
    names looked up: 0 parts, 0 nets
    part numbers (1): INR18650-35E bought: Samsung's cell of the built pack, not a board part
CONOPS.md#4c:L553:para:s3 [a9c9263a9c] NOT DERIVABLE
    Nothing earlier removes that heat: the gauge's charge hold and its discharge cut open the pack's FETs, which carry no current on an input, and C1 has nothing left to shed, so without a further step the first actions would be the destructive backstops below.
    judgement: HELD DOCUMENT: a maker's figure, an analysis, a ruling or a record, not a netlist claim
    names looked up: 1 parts, 0 nets
CONOPS.md#4c:L568:cell:2:s1 [ec1bcec9ee] NOT DERIVABLE
    the panel controller asks every running module for a clean shutdown (`PI_SHDN_REQ`) and drops `SLOT_EN1..3` once each has stopped or 60 s have passed; through board A's expanders on the kit bus it turns off the monitor, the pack heater, board D, PoE, the USB-C outlet, the wall port's VBUS and the PA and HF software holds; it holds the charge by the charger's own charge-inhibit bit (below); it keeps the shared device rail, which feeds the panel controller itself; the sensor controller runs the mixer fans at full speed; MASTER WARN and the e-paper "HOT STOP: COOLING" with the hottest cell reading
    judgement: FIRMWARE: the firmware contract or an operating procedure, not a netlist claim (H1's actions)
    names looked up: 0 parts, 4 nets
CONOPS.md#4c:L569:cell:2:s1 [ba478072d4] TRUE
    the panel controller writes the e-paper "HOT SHUTDOWN: RESTART WITH MAIN WHEN COOL", then pulls `PI_KILL`: board A's `Q1` takes the LTC2954's `KILL` low, `RAIL_EN` falls and every converter on board A stops, the panel controller's own supply with them; what stays on is the pack gauge and board E's always-on domain (PS-OFF, 0.2 to 1.7 W)
    judgement: PI_KILL drives Q1 onto the LTC2954's KILL, and RAIL_EN is its enable output
    names looked up: 1 parts, 3 nets
    part numbers (1): LTC2954 on A (U1)
    asserted (4): A Q1.1 on PI_KILL (netlist: PI_KILL); A Q1.3 on KILL (netlist: KILL); A U1.8 on KILL (netlist: KILL); A U1.6 on RAIL_EN (netlist: RAIL_EN)
CONOPS.md#4c:L571:para:s1 [08eb218ebf] NOT DERIVABLE
    **Where the thresholds come from (INFERRED arithmetic, `records/hc2/hotstop_bounds.out`; PROVISIONAL).** The hot stop reads the same four thermistors through the same gauge as the gauge's own discharge cut (OTD, 57.5 C, SC-12), so the battery packet's error budget applies to it unchanged: the published terms of the gauge's reading sum to 2.07 K on the hot side (`review-packets/battery/THERMAL-COORDINATION.md` section 3: thermistor interchangeability 0.71 K, pull-up drift 0.40 K, sensor lag 0.80 K, detection 0.16 K).
    judgement: HELD DOCUMENT: a maker's figure, an analysis, a ruling or a record, not a netlist claim
    names looked up: 0 parts, 0 nets
CONOPS.md#4c:L571:para:s2 [1d62d9281b] NOT DERIVABLE
    In the reading itself the order is fixed whatever the sensor's error: C1's cell trigger at 55.0 C, H1 at 56.5 C, H2 at 57.0 C, OTD at 57.5 C, 1.5, 0.5 and 0.5 K apart, so on the pack the kit sheds and shuts down before the pack drops out.
    judgement: HELD DOCUMENT: a maker's figure, an analysis, a ruling or a record, not a netlist claim
    names looked up: 1 parts, 0 nets
CONOPS.md#4c:L571:para:s3 [59487d3474] NOT DERIVABLE
    When P14 lowers OTD (the packet's rule: by whatever the measured terms need beyond the 0.4 K OTD keeps in hand), H1, H2 and C1's cell trigger come down with it and keep their spacing.
    judgement: HELD DOCUMENT: a maker's figure, an analysis, a ruling or a record, not a netlist claim
    names looked up: 1 parts, 0 nets
CONOPS.md#4c:L571:para:s4 [6c3fe4cb16] BASELINE
    It does not use board A's `CHG_INHIBIT` line: that line puts the charger in HIZ, whose converter shuts off (SLUSE66A 9.3.8), and with no BATFET the kit's load would then move onto the pack (`gen_sch_a.py` line 782).
    judgement: the undated citation gen_sch_a.py line 782: a baseline value; CHG_INHIBIT drives Q6 to CHG_ILIM
    baseline value (CONOPS.md's head and handover/DEFINITION-STATUS.md): its current value is kept on the status page, row DC-06, which this script judges directly
    names looked up: 0 parts, 1 nets
    asserted (2): A Q6.1 on CHG_INHIBIT (netlist: CHG_INHIBIT); A Q6.3 on CHG_ILIM (netlist: CHG_ILIM)
CONOPS.md#4c:L590:para:s1 [a39e29dbec] BASELINE
    **Who does it, and over which path (from the netlists at `a8652172`).** *Detector:* board E's sensor controller `U10`, the pack gauge's only SMBus host (`gen_sch_e.py` line 264, `J_SMB`; line 581, `U10`'s GPIO2 and GPIO3 on `SMBD` and `SMBC`), which runs on board E's always-on domain (the buck `U12`, line 565, its EN tied to the pack node `CELL_F`): on the pack, and on an input, where the charger's system node holds the pack node through the sense resistor (INFERRED from the charger's arrangement without a BATFET, `gen_sch_a.py` line 782). *Actor:* the panel controller `U3` on board C (`gen_sch_c.py` line 127): `SLOT_EN1..3` on its GPIO13 to 15, through `J_PANEL` pins 21 to 23 and `J_AB1` pins 17 to 19, to board A's slot converters `U4`, `U5` and `U6` (`gen_sch_a.py` lines 916, 949 and 917), which their pull-downs hold off once released; `PI_SHDN_REQ` on GPIO18 to every module's GPIO6 (`gen_sch_b.py` line 402); the kit bus on GPIO0 and GPIO1 to board A's expanders `U27` at 0x21 and `U28` at 0x24 (`gen_sch_a.py` lines 1259 to 1266) and to the charger at 0x6B (line 784); `PI_KILL` on GPIO19, through `J_AB1` pin 10, to `Q1` and the LTC2954's `KILL` (lines 269 and 273). *Between them, as generated,* the only path is USB through a running compute module: the sensor controller's USB (`USB_E6`, `gen_sch_e.py` line 590) over the dock (`J_BLK` pins 9 and 10, `J_DOCK` pins 9 and 10, `J_AB1` pins 25 and 26) to board B's bank 3 hub, port 2 (`gen_sch_b.py` line 766), the bridge on the module that hosts bank 3, and on to the panel controller on bank 1, port 2 (line 764; bank 3 after BANK-R1).
    judgement: generator line numbers read at a8652172: baseline values
    baseline value (CONOPS.md's head and handover/DEFINITION-STATUS.md): its current value is kept on the status page, row DC-06, which this script judges directly
    names looked up: 14 parts, 9 nets
    part numbers (1): LTC2954 on A (U1)
    asserted (2): E U10 value has 'RP2040' (netlist: 'RP2040 sensor controller (USB to B16 through the dock)'); E J_SMB.1 on SMBC (netlist: SMBC)
CONOPS.md#4c:L590:para:s2 [1a31a2702b] TRUE
    That path is software on a compute module; it does not exist in the heat stage as board B is generated (bank 3 has no host, above), and it disappears as soon as H1 has stopped the last module, so the panel controller could neither act on the cells' temperature there nor see it fall again.
    judgement: the path through a compute module needs bank 3's host (E6's sensor controller on bank 3), which the heat stage as generated (slot 2 alone) does not have
    names looked up: 0 parts, 0 nets
    asserted (19): B U109 value has 'bank 1: B = slot 1 USB3-0 (home), C = slot 2' (netlist: 'TI TMUXHS4212 SuperSpeed 2:1 host select, bank 1: B = slot 1'); B U209 value has 'bank 2: B = slot 2 USB3-0 (home), C = slot 3' (netlist: 'TI TMUXHS4212 SuperSpeed 2:1 host select, bank 2: B = slot 2'); B U309 value has 'bank 3: B = slot 3 USB3-0 (home), C = slot 1' (netlist: 'TI TMUXHS4212 SuperSpeed 2:1 host select, bank 3: B = slot 3'); B U110 value has 'bank 1: port 1 = slot 1 (home), port 2 = slot 2' (netlist: 'TI TS3USB221A USB2 2:1 host select, bank 1: port 1 = slot 1 '); B U210 value has 'bank 2: port 1 = slot 2 (home), port 2 = slot 3' (netlist: 'TI TS3USB221A USB2 2:1 host select, bank 2: port 1 = slot 2 '); B U310 value has 'bank 3: port 1 = slot 3 (home), port 2 = slot 1' (netlist: 'TI TS3USB221A USB2 2:1 host select, bank 3: port 1 = slot 3 '); B U102 USB_DP_DN4 on RB_DP (netlist: RB_DP); B U18 value has 'CP2102N' (netlist: 'CP2102N-A02-GQFN28 USB-UART bridge (RB)'); B U102 USB_DP_DN2 on USB_PNL_P (netlist: USB_PNL_P); B U202 USB_DP_DN1 on GNSS_DP (netlist: GNSS_DP); B U302 USB_DP_DN1 on USB_D8_P (netlist: USB_D8_P); B U302 USB_DP_DN2 on USB_E6_P (netlist: USB_E6_P); B U302 USB_DP_DN3 on USB_WALL_P (netlist: USB_WALL_P); B U302 USB_DP_DN4 on USB_5G_P (netlist: USB_5G_P); B net USB_5G_P holds exactly J_M2C2,U302 (read: J_M2C2,U302); B net LORA_MOSI holds exactly U12,U548 (read: U12,U548); B net SPI3_MOSI holds exactly J_SPI3,R549,U32A,U548 (read: J_SPI3,R549,U32A,U548); B net CARD2_TX_P holds J_M2C2 (missing: none); B U12 value has 'E22-900M30S' (netlist: 'Ebyte E22-900M30S 1 W LoRa (SX1262) on S3 SPI0 CE1: TXEN GPI')
CONOPS.md#4c:L608:para:s1 [f903e11a1d] BASELINE
    **HOT-R1, the line that makes the path independent of the modules (taken by the session on 27 September 2026 as a board A and board E design item, owed before their layout entry; section 7a).** The dock already carries a spare contact from board E's `J_BLK` pin 12 (`BLK_SPARE`, whose only other node as generated is the test point `TP7`, `gen_sch_e.py` lines 562 and 693) through the dock block to board A's `J_DOCK` pin 12 (`DOCK_SPARE`, `gen_sch_a.py` line 226), which lands on `U27` pin 18, an input of the expander whose change raises `EXP_INT` (`U27` pin 1 with `R110`, line 1267), the panel controller's interrupt (`J_AB1` pin 13, board B, `J_PANEL` pin 6, `U3` GPIO24).
    judgement: HOT-R1 'owed', BLK_SPARE's only other node 'TP7': Q11 is on it since w4ae (check-s122-1 B1)
    baseline value (CONOPS.md's head and handover/DEFINITION-STATUS.md): its current value is kept on the status page, row DC-02, which this script judges directly
    names looked up: 8 parts, 3 nets
    asserted (1): E net BLK_SPARE holds J_BLK,Q11,TP7 (missing: none)
CONOPS.md#4c:L608:para:s2 [c16b6d1eee] BASELINE
    HOT-R1 drives that contact from the sensor controller's free GPIO19 (`U10` pin 30, not connected as generated) through an open-drain 2N7002 with a gate pull-down on board E, and pulls it up to board A's 3.3 V with 10 k beside `U27`; the dock contract `IF-AE-DOCK` (`v2/ecad/tools/pcb_interfaces.yaml`, its pin 12) names it.
    judgement: 'U10 pin 30, not connected as generated': it is HOT_R1_G since w4ae
    baseline value (CONOPS.md's head and handover/DEFINITION-STATUS.md): its current value is kept on the status page, row DC-02, which this script judges directly
    names looked up: 2 parts, 0 nets
    part numbers (1): 2N7002 on A (Q1,Q36,Q37,Q6), B (Q10,Q102,Q103,Q104), C (Q2,Q3,Q4,Q6), D (Q1,Q2,Q3,Q4), E (Q10,Q11,Q8,Q9), P (Q5)
    asserted (1): E U10.30 on HOT_R1_G (netlist: HOT_R1_G)
CONOPS.md#4c:L608:para:s3 [5f4b8157ee] BASELINE
    On the last the panel controller applies the same two steps to board B's `TMP117` under the coolers, which it reads itself on the kit bus (`gen_sch_b.py` line 1050), at +55.0 C and +56.0 C, released at +45.0 C (the `TMP117` reads at or above the inside air and idle cells sit at about it: INFERRED, re-derived from `TEST-PLAN.md` E3-L's log), together with the fallback `THERMAL-COORDINATION.md` section 7 drafts for a lost sensor controller (the reduced mode, the outlets off); with the line, that fallback no longer mistakes the heat stage as generated, where the readings stop reaching a module by design, for a lost sensor controller.
    judgement: the undated citation gen_sch_b.py line 1050: a baseline value
    baseline value (CONOPS.md's head and handover/DEFINITION-STATUS.md): its current value is kept on the status page, row DC-06, which this script judges directly
    names looked up: 0 parts, 0 nets
    part numbers (1): TMP117 on B (U10)
    asserted (1): B U10 value has 'TMP117' (netlist: 'TMP117AIDRVR board temperature under the coolers (I2C 0x49; ')
CONOPS.md#4c:L631:para:s1 [48ece64cc2] NOT DERIVABLE
    **Firmware or hardware, and what stands behind it.** The hot stop is FIRMWARE: the sensor controller decides and the panel controller acts, over one hardware line (HOT-R1) and through hardware that keeps a load off once it is released (the slot converters' and the expanders' pull-downs; a panel controller that dies stops every module, section 4e).
    judgement: HELD DOCUMENT: a maker's figure, an analysis, a ruling or a record, not a netlist claim
    names looked up: 0 parts, 0 nets
CONOPS.md#4c:L631:para:s2 [1d7e94cee4] NOT DERIVABLE
    It is a control, like C1, not a protection.
    judgement: HELD DOCUMENT: a maker's figure, an analysis, a ruling or a record, not a netlist claim
    names looked up: 1 parts, 0 nets
CONOPS.md#4c:L631:para:s3 [99436911e7] NOT DERIVABLE
    Behind it stand the gauge's discharge cut (OTD, 57.5 C: firmware in the pack, recoverable, which on the pack takes the kit's supply away and on an input removes no heat) and the hardware backstops, **every one of them destructive**: board P's second level (the BQ7720700's fixed 70 C over-temperature, which trips from 62.7 C at its own thermistor and, once armed, blows the chemical fuse F2 and so retires the pack), the gauge's permanent over-temperature (SOT, 65.0 C, which a cell can meet from 64.2 C: a permanent failure with F2 blown) and its PTC input at the FETs (about 110 to 133 C: a permanent failure) (`THERMAL-COORDINATION.md` section 4, rows L8 to L12, and section 8).
    judgement: HELD DOCUMENT: a maker's figure, an analysis, a ruling or a record, not a netlist claim
    names looked up: 3 parts, 0 nets; L12 on A (sentence names P); L8 on A (sentence names P)
    part numbers (1): BQ7720700 on P (U2)
CONOPS.md#4c:L642:para:s1 [8d098165cb] NOT DERIVABLE
    A comparator on its own 103AT-2 on the hottest cell, supplied from the cell stack, at most 57.5 C including its own tolerance, with 5 K of hysteresis, whose output takes board A's `KILL` low without any firmware (over a second dock contact, or through a hardware decode of HOT-R1's held-low state on board A), would stop the kit's own heat when both controllers' firmware fails; the packet's version, which pulls the pack's FETs off, removes no heat on an input.
    judgement: HELD DOCUMENT: a maker's figure, an analysis, a ruling or a record, not a netlist claim
    names looked up: 0 parts, 1 nets
    part numbers (1): 103AT-2 owed: a proposed comparator's thermistor; the part is board D's and board P's NTC
CONOPS.md#4c:L642:para:s2 [b9ac9cbf8e] NOT DERIVABLE
    It is a protection-architecture judgement for the battery-and-protection reviewer D-09 provides for, decided before the layout entry of boards A, E and P (board P's four-layer regeneration, O-11), and it is carried as an open item in the requirements registry with its options, recommendation and cost.
    judgement: HELD DOCUMENT: a maker's figure, an analysis, a ruling or a record, not a netlist claim
    names looked up: 0 parts, 0 nets
CONOPS.md#4c:L652:para:s1 [43d35f62a5] NOT DERIVABLE
    **What it costs, and why it stays open (FEA-004).** On the model's figures (`records/hc2/hotstop_bounds.out`, INFERRED), H1 acts, lid closed, at the independent bound's worst corner from +34.8 C ambient on the pack and +35.9 C on an input with the heat stage as generated (+33.2 C and +34.4 C after BANK-R1), and lid open from +37.5 C and +38.6 C (+36.1 C and +37.3 C); on appendix 32.53's own conductance not below +40.3 C lid closed and +48.1 C lid open.
    judgement: HELD DOCUMENT: a maker's figure, an analysis, a ruling or a record, not a netlist claim
    names looked up: 0 parts, 0 nets
CONOPS.md#4c:L665:para:s1 [194799b04d] BASELINE
    **BANK-R1: the bank allocation that lets one module carry the owner's example (taken by the session on 27 September 2026 under the owner's standing rule of 26 September 2026, as a board B design item; section 7a).** Which hub port a USB device hangs on is one table in board B's generator (`gen_sch_b.py` lines 764 to 766, `PORTS`), and the LoRa module ties the example to slot 3, whose banks are 3 (its home) and 2 (its failover).
    judgement: the undated citation gen_sch_b.py lines 764 to 766 (PORTS): a baseline value
    baseline value (CONOPS.md's head and handover/DEFINITION-STATUS.md): its current value is kept on the status page, row DC-06, which this script judges directly
    names looked up: 0 parts, 0 nets
CONOPS.md#4c:L665:para:s2 [1429a7fedf] NOT DERIVABLE
    The banks then hold: bank 1 the SDR, the wall port, the camera and the QMX; bank 2 the GNSS, both E72 and the RockBLOCK; bank 3 the APRS board D8, the sensor controller, the panel controller and the 5G management link.
    judgement: HELD DOCUMENT: a maker's figure, an analysis, a ruling or a record, not a netlist claim (BANK-R1's proposal)
    names looked up: 1 parts, 0 nets; D8 on ACE (sentence names D)
CONOPS.md#4c:L665:para:s3 [7c6db0f4ce] BASELINE
    **It keeps `ARCH-PCB-B-IOHA.md` section 8's rule** that no bank holds two long-range bearers (bank 1 HF, bank 2 Iridium, bank 3 APRS: the invariant `check_pcb_b.py` lines 424 to 431 checks), and the kit still keeps at least three of D-01's four messaging bearers through any one module loss (slot 1 lost: all four; slot 2 lost: the LoRa mesh, Iridium moved with bank 2 to slot 3, and APRS; slot 3 lost: 5G, Iridium on its home slot 2, and APRS moved with bank 3 to slot 1).
    judgement: the undated citation check_pcb_b.py lines 424 to 431: a baseline value
    baseline value (CONOPS.md's head and handover/DEFINITION-STATUS.md): its current value is kept on the status page, row DC-06, which this script judges directly
    names looked up: 0 parts, 0 nets
CONOPS.md#4c:L665:para:s4 [21d357abe6] NOT DERIVABLE
    Iridium then fails over with bank 2 (to slot 3) and SOS with bank 3 (to slot 1), so the pair of modules whose loss leaves SOS without a host becomes slots 3 and 1 (it is slots 1 and 2 as generated), and the modules that can unlock their drives at boot through the panel controller (`feasibility/ZEROIZE.md` section 3.3 and its risk R4) become the hosts of bank 3.
    judgement: HELD DOCUMENT: a maker's figure, an analysis, a ruling or a record, not a netlist claim
    names looked up: 1 parts, 0 nets
CONOPS.md#4c:L665:para:s5 [eb7aaa0ccb] NOT DERIVABLE
    The exchange is a netlist change on board B alone: the hubs' data pairs, with no part added or moved.
    judgement: HELD DOCUMENT: a maker's figure, an analysis, a ruling or a record, not a netlist claim
    names looked up: 0 parts, 0 nets
CONOPS.md#4c:L665:para:s6 [8888bcaa64] NOT DERIVABLE
    Its routing, its checks (the bearer invariant, the contracts on `USB_PNL` and `USB_WALL`, the acceptance tests A1 to A14) and the documents that name bank 1 as the panel controller's (`ARCH-PCB-B-IOHA.md` sections 4, 15 and 15a, `feasibility/ZEROIZE.md`, `feasibility/EMCON.md` section 4.5, `PANEL.md`) are board B's owner's, before board B's layout entry, from a hand-off that carries the proposed generator change.
    judgement: HELD DOCUMENT: a maker's figure, an analysis, a ruling or a record, not a netlist claim
    names looked up: 0 parts, 0 nets
CONOPS.md#4c:L665:para:s7 [016ba4851a] NOT DERIVABLE
    If board B's owner finds a reason the exchange cannot be made, the other one that keeps section 8's rule (the panel controller with the 5G management link, bank 3, port 4) is tried; if neither can, the finding below stands and goes to the owner as a trade between his example and section 8's rule.
    judgement: HELD DOCUMENT: a maker's figure, an analysis, a ruling or a record, not a netlist claim
    names looked up: 0 parts, 0 nets
CONOPS.md#4c:L688:para:s1 [0f4d72d9d5] NOT DERIVABLE
    **The hot end is behaviour on measured internal temperatures; the ambient figures are bounds.** The kit has no ambient sensor in prototype 1's core (the outside pod is deferred by D-01), so no mode can be entered on "ambient above +35 C".
    judgement: HELD DOCUMENT: a maker's figure, an analysis, a ruling or a record, not a netlist claim (the core's scope under D-01)
    names looked up: 0 parts, 0 nets
CONOPS.md#4c:L696:cell:0:s1 [0c553f1199] NOT DERIVABLE
    C1, module shedding
    judgement: HELD DOCUMENT: a maker's figure, an analysis, a ruling or a record, not a netlist claim
    names looked up: 1 parts, 0 nets
CONOPS.md#4c:L697:cell:0:s1 [7c5672ad1c] NOT DERIVABLE
    C2, the outlet budget
    judgement: HELD DOCUMENT: a maker's figure, an analysis, a ruling or a record, not a netlist claim
    names looked up: 1 parts, 0 nets
CONOPS.md#4c:L697:cell:2:s1 [c33e60f0c6] NOT DERIVABLE
    sheds USB-C, then PoE; a temperature shed latches until the operator re-enables
    judgement: FIRMWARE: the firmware contract or an operating procedure, not a netlist claim
    names looked up: 0 parts, 0 nets
CONOPS.md#4c:L698:cell:0:s1 [44977e52c4] NOT DERIVABLE
    C3, current shedding
    judgement: HELD DOCUMENT: a maker's figure, an analysis, a ruling or a record, not a netlist claim
    names looked up: 1 parts, 0 nets
CONOPS.md#4c:L698:cell:1:s1 [ed071e5b5d] NOT DERIVABLE
    with both outlets off, the 10 s average pack current above 9.0 A for 30 s (the gauge's current, or the charger's reading in the heat stage as board B is generated)
    judgement: FIRMWARE: the firmware contract or an operating procedure, not a netlist claim
    names looked up: 0 parts, 0 nets
CONOPS.md#4c:L698:cell:2:s1 [4c32fc5afa] NOT DERIVABLE
    as C1
    judgement: HELD DOCUMENT: a maker's figure, an analysis, a ruling or a record, not a netlist claim
    names looked up: 1 parts, 0 nets
CONOPS.md#4c:L698:cell:3:s1 [04a3a0de64] NOT DERIVABLE
    as C1, "CURRENT"
    judgement: HELD DOCUMENT: a maker's figure, an analysis, a ruling or a record, not a netlist claim
    names looked up: 1 parts, 0 nets
CONOPS.md#4c:L699:cell:0:s1 [961444e55b] NOT DERIVABLE
    K1 to K5 and C4, every PA key-down
    judgement: HELD DOCUMENT: a maker's figure, an analysis, a ruling or a record, not a netlist claim
    FAILS: K5 is on no netlisted board
    names looked up: 3 parts, 0 nets
CONOPS.md#4c:L699:cell:1:s1 [b794f2d604] NOT DERIVABLE
    a key-down (60 s at most, gates at key-on, the in-key guard)
    judgement: FIRMWARE: the firmware contract or an operating procedure, not a netlist claim
    names looked up: 0 parts, 0 nets
CONOPS.md#4c:L701:para:s1 [4acf97c26a] NOT DERIVABLE
    C2 and C3 ignore a PA key-down while it runs and for 10 s after it (`feasibility/POWER-THERMAL.md` section 9.3).
    judgement: FIRMWARE: the firmware contract or an operating procedure, not a netlist claim
    names looked up: 2 parts, 0 nets
CONOPS.md#4c:L705:cell:2:s1 [3b0e9dedbe] NOT DERIVABLE
    C1 acts at an ambient of (C)
    judgement: HELD DOCUMENT: a maker's figure, an analysis, a ruling or a record, not a netlist claim
    names looked up: 1 parts, 0 nets
CONOPS.md#4c:L712:cell:0:s1 [b2619366e1] NOT DERIVABLE
    the heat stage as generated (PS-SURV)
    judgement: HELD DOCUMENT: a maker's figure, an analysis, a ruling or a record, not a netlist claim
    names looked up: 0 parts, 0 nets
CONOPS.md#4c:L713:cell:0:s1 [b2619366e1] NOT DERIVABLE
    the heat stage as generated (PS-SURV)
    judgement: HELD DOCUMENT: a maker's figure, an analysis, a ruling or a record, not a netlist claim
    names looked up: 0 parts, 0 nets
CONOPS.md#4c:L715:para:s1 [d45694c0e4] NOT DERIVABLE
    **Reported with them (Review A, m7):** at the independent bound's worst corner the kit leaves its three-module redundancy from -6.3 C ambient (PS-TYP, lid open) and runs on one module from +20.1 C lid closed or +24.0 C lid open (the reduced mode's C1 rows), well below the +35 C the owner accepted; the one-module stage as board B is generated has neither the LoRa mesh nor APRS (BANK-R1 restores them); and the owner accepted CON-012's residual risk at +35 C, so that acceptance is not carried over to these ambients: the registry restates CON-012 on them without an owner acceptance (a hand-off).
    judgement: HELD DOCUMENT: a maker's figure, an analysis, a ruling or a record, not a netlist claim
    names looked up: 1 parts, 0 nets
CONOPS.md#4c:L715:para:s2 [f2898cc56d] NOT DERIVABLE
    **Whether the in-use hot end holds on the pack is a layer-4 feasibility item, not settled here:** in the heat stage as generated (slot 2), lid open and shaded at the envelope's +40 C, the cells stay inside their 60 C window at every corner of the record (the worst corner has 1.0 K to spare), and round 8's discharge cut at 57.5 C (OTD, SC-12) would act from +38.5 C at that corner (INFERRED, the stage's discharge ceiling less 2.5 K), leaving the kit to an input; lid closed the cells' 60 C is reached from +38.3 C and OTD from +35.8 C at that corner.
    judgement: HELD DOCUMENT: a maker's figure, an analysis, a ruling or a record, not a netlist claim
    names looked up: 0 parts, 0 nets
CONOPS.md#4c:L715:para:s3 [47da113df0] BASELINE
    **Why this layer can close without the number, and what does depend on it:** no mode, trigger, bearer set or product decision of this document changes with the enclosure conductance, because every control acts on a measured internal temperature or current, the hot stop included: REQ-077 requires it to act before any cell passes +60 C in every mode and on every input, and the design intends it to do so at any conductance once HOT-R1 is in the generators of boards A and E (the requirement reads FAIL on the generated boards until then) and on the provisional error budget (H2 leaves 0.93 K for the budget's two TBD terms, `TEST-PLAN.md` P14); whether it acts inside the envelope is FEA-004's, open.
    judgement: 'once HOT-R1 is in the generators of boards A and E (the requirement reads FAIL until then)': drawn since w4ae, REQ-077 INCONCLUSIVE (check-s122-1 B1)
    baseline value (CONOPS.md's head and handover/DEFINITION-STATUS.md): its current value is kept on the status page, row DC-02, which this script judges directly
    names looked up: 0 parts, 0 nets
    asserted (1): registry REQ-077 evidence_result = INCONCLUSIVE (read: INCONCLUSIVE)
CONOPS.md#4c:L715:para:s4 [0ef7a34880] NOT DERIVABLE
    Those are decided by the empty-case heat-balance test (`TEST-PLAN.md` T-H1, FEA-004), which gates the placement freeze of the pack and the PA flange site, before layout of boards A, D and P, and at the cold end by the part search that removes the bound; lowering the envelope is not an option taken or offered.
    judgement: HELD DOCUMENT: a maker's figure, an analysis, a ruling or a record, not a netlist claim
    names looked up: 0 parts, 0 nets
CONOPS.md#4c:L750:para:s1 [10987af00a] NOT DERIVABLE
    Two bought parts are rated only from 0 C (`feasibility/POWER-THERMAL.md` section 9.4, PWR-F09): the AW7915-AED WiFi link cards (0 to +70 C in AsiaRF's 2023 PDF, -10 to +70 C on its 2026 page) and the LimeSDR Mini 2.4 (0 to +70 C operating and storage).
    judgement: HELD DOCUMENT: a maker's figure, an analysis, a ruling or a record, not a netlist claim (the makers' ranges, PWR-F09)
    names looked up: 0 parts, 0 nets
    part numbers (1): AW7915-AED on B (J_M2C1,J_M2C3)
CONOPS.md#4c:L750:para:s2 [043a292a98] NOT DERIVABLE
    The kit-to-kit link the cards carry is a critical peripheral of prototype 1 (SC-02; `ARCH-PCB-B-IOHA.md` section 15a) whose changeover is core test A11, so the cold end has to bring the link up, not only the rest of the kit.
    judgement: HELD DOCUMENT: a maker's figure, an analysis, a ruling or a record, not a netlist claim
    names looked up: 0 parts, 0 nets
CONOPS.md#4c:L770:para:s1 [2c6403daa6] NOT DERIVABLE
    **Taken: the cold warm-up, as the behaviour the carve-out rests on.** While the WiFi link cards or the SDR are wanted and the inside air (the BME688 on board E, the TMP117 on board B) reads under 0 C, the bridge runs the pack heater and loads the three modules; the cards and the SDR are powered once the air reads 0 C or more and stay powered while it does; the modules' load is released once the air holds +5 C with the parts running and taken up again if it falls to +1 C, and the heater runs while the air is under +5 C (PROVISIONAL thresholds, re-derived at bring-up).
    judgement: FIRMWARE: the firmware contract or an operating procedure, not a netlist claim
    names looked up: 0 parts, 0 nets
    part numbers (2): BME688 on E (U14); TMP117 on B (U10)
CONOPS.md#4c:L770:para:s2 [563441d68e] NOT DERIVABLE
    Above it the cards stay off at -20 C and `TEST-PLAN.md` E4-O fails on the link; E4-O's pass line is not relaxed.
    judgement: TEST: a test procedure, a condition or a pass line, not a netlist claim
    names looked up: 0 parts, 0 nets
CONOPS.md#4c:L770:para:s3 [c61eb8f91d] NOT DERIVABLE
    **The route that removes the failure** is a WiFi link card and an SDR of an extended grade (layer 6), and where the part found does not fit the same M.2 socket and 3.3 V supply, or the same USB 3 receptacle, the change is board B's and is decided before board B's layout entry.
    judgement: HELD DOCUMENT: a maker's figure, an analysis, a ruling or a record, not a netlist claim
    names looked up: 0 parts, 0 nets
CONOPS.md#4c:L770:para:s4 [c7a398ef63] NOT DERIVABLE
    **Why this layer can close with it open:** the requirement (use down to -20 C, the link a critical peripheral, E4-O's pass line) and the behaviour are set here; whether the parts and the thermal path meet them is a component and architecture question (layers 6 and 4), with its decision point named, and no mode or product decision of this document changes with its answer.
    judgement: HELD DOCUMENT: a maker's figure, an analysis, a ruling or a record, not a netlist claim
    names looked up: 0 parts, 0 nets
CONOPS.md#4c:L770:para:s5 [7afd6cf8ef] NOT DERIVABLE
    The LimeSDR's storage range (0 to +70 C) is narrower than the kit's storage envelope and the +71 C and -33 C margins: an exception recorded, not a lowered envelope, judged at E3-S and E4-S (`TEST-PLAN.md`).
    judgement: HELD DOCUMENT: a maker's figure, an analysis, a ruling or a record, not a netlist claim
    names looked up: 0 parts, 0 nets
CONOPS.md#4c:L799:para:s1 [58c5dd5d14] NOT DERIVABLE
    "Back in service" is step 12 of `ARCH-PCB-B-IOHA.md` section 7, application access resumed, by a bridge instance already running on the adopting module (Review A, m9).
    judgement: HELD DOCUMENT: a maker's figure, an analysis, a ruling or a record, not a netlist claim
    names looked up: 0 parts, 0 nets
CONOPS.md#4c:L817:para:s1 [d509f0d43d] NOT DERIVABLE
    **Graceful shutdown on the pack.** The bridge starts a clean shutdown of every module when the gauge's relative state of charge reaches 5 % (the reserve the runtimes of section 6 keep) or the lowest cell reads 3.00 V or less under load for 10 s, whichever first (the voltage line stands in for the gauge's state of charge until the pack's learning cycle has run); it writes the e-paper's power-off page with the time and the reason, and the panel controller drops `DEV_EN` last (`PANEL.md` section 5). 3.00 V sits above the cell's rated cut-off (2.65 V, Ver. 1.1 3.9) and the gauge's 2.50 V trip.
    judgement: FIRMWARE: the firmware contract or an operating procedure, not a netlist claim
    names looked up: 0 parts, 1 nets
CONOPS.md#4c:L817:para:s2 [025fe974ad] NOT DERIVABLE
    **In the heat stage as board B is generated**, where the gauge's readings reach no module, the bridge starts the same shutdown when the pack voltage the charger reads (above) is 12.8 V or less under load for 10 s: 3.20 V a cell on average, 0.20 V above the per-cell line, because a sum cannot see one low cell.
    judgement: FIRMWARE: the firmware contract or an operating procedure, not a netlist claim
    names looked up: 0 parts, 0 nets
CONOPS.md#4c:L830:para:s1 [26986a1d9d] NOT DERIVABLE
    In that state board E's always-on domain, on the pack side of the gauge's FETs, is unpowered, so the lid and tamper log does not run, and the kit starts only once an input has woken the gauge (Review A, m5).
    judgement: HELD DOCUMENT: a maker's figure, an analysis, a ruling or a record, not a netlist claim
    names looked up: 0 parts, 0 nets
CONOPS.md#4d:L845:item:s1 [aa962fffd3] NOT DERIVABLE
    **Build checks, current-limited, board by board**, as `ASSEMBLY.md` section 8 orders them (each rail at its converter before its loads), **except its step 10**, ten minutes of key-down of the PA at 30 W into a load: K1 limits every key-down to 60 s (section 5), and one 60 s key-down at 45 W of heat from a +50 C plate already puts the flange at about 95 C on the record's own figure, against the RA30H1317M1's +100 C case maximum and its 90 C advice (`feasibility/POWER-THERMAL.md` PWR-F15).
    judgement: FIRMWARE: the firmware contract or an operating procedure, not a netlist claim (the build checks; the PA's flange figure is POWER-THERMAL.md PWR-F15's)
    names looked up: 1 parts, 0 nets
    part numbers (1): RA30H1317M1 on D (J_PAIN,J_PAOUT,J_VGG)
CONOPS.md#4d:L845:item:s2 [805be5c76e] NOT DERIVABLE
    Step 10 is superseded by T-H3's procedure (`TEST-PLAN.md` section 8): key-downs of at most 60 s into a load, at least 2 s apart, with the flange sensor and a thermocouple beside it logged, each started only inside K2 and ended by C4.
    judgement: TEST: a test procedure, a condition or a pass line, not a netlist claim
    FAILS: K2 is on no netlisted board
    names looked up: 2 parts, 0 nets
CONOPS.md#4d:L854:item:s1 [2ec2a400f8] TRUE
    **The pack, before its first charge or discharge:** the gauge's golden image written and its protection thresholds and enabled protections read back and compared with `v2/ecad/tools/pcb_pack_protection.yaml` (the data-flash verification of D-15; `ASSEMBLY.md` section 8 step 12); the second level's commissioning readings (`review-packets/battery/PROTECTION-ARCHITECTURE.md`, O-9); only when both pass is the arming jumper JP1 closed, which lets the second level and the gauge's FUSE output blow the chemical fuse F2.
    judgement: board P's arming jumper JP1 and chemical fuse F2 with the second level U2; the commissioning is D-15's procedure
    names looked up: 2 parts, 0 nets
    asserted (5): P JP1.1 on FUSE_G (netlist: FUSE_G); P JP1.2 on FUSE_GQ (netlist: FUSE_GQ); P F2 value has 'SCF9550' (netlist: 'SCF9550-30-05 self-control fuse (Eaton, 30 A, 4-5 cells): 1 '); P F2.3 on SCP_HTR (netlist: SCP_HTR); P U2 value has 'BQ7720700' (netlist: 'BQ7720700DSSR: second-level cell OV 4.325 V / UV 2.25 V / op')
CONOPS.md#4d:L865:item:s1 [61013cde57] NOT DERIVABLE
    **Firmware:** the panel controller, the sensor controller and the three supervisors (their software-verified boot is D-13's floor), each image's version logged.
    judgement: FIRMWARE: the firmware contract or an operating procedure, not a netlist claim
    names looked up: 0 parts, 0 nets
    asserted (1): board B: 3 parts whose value holds 'STM32H743' (read: 3, U41,U51,U61)
CONOPS.md#4d:L867:item:s1 [f83ed5d19a] NOT DERIVABLE
    **The functional check of `TEST-PLAN.md` section 4**, including EMCON with the lamp check of section 4b.1 and a ZEROIZE, after which the drives are re-enrolled from the recovery state (`feasibility/ZEROIZE.md` section 3.2).
    judgement: TEST: a test procedure, a condition or a pass line, not a netlist claim
    names looked up: 0 parts, 0 nets
CONOPS.md#4e:L872:para:s1 [02d81ab6f6] NOT DERIVABLE
    As generated at `45bde541` unless a row says a fix is owed.
    judgement: HISTORY: a dated record of an earlier reading or wording, true as history, not re-derived against set 12 (the section's reading date; at the base its rows are 45bde541's, two of them stale)
    names looked up: 0 parts, 0 nets
CONOPS.md#4e:L872:para:s2 [05689078be] NOT DERIVABLE
    The four whole-kit common modes (ASM-002: the device rails, the `J_PANEL` ribbon, the Ethernet switch, the kit I2C bus) are here with their behaviour; whether each is mitigated or kept as a named exception is decided at Review C (S-36), not here.
    judgement: HELD DOCUMENT: a maker's figure, an analysis, a ruling or a record, not a netlist claim (ASM-002 and Review C)
    names looked up: 1 parts, 0 nets
CONOPS.md#4e:L879:cell:1:s1 [c20f2e4cda] TRUE
    one bank has no host (`ARCH-PCB-B-IOHA.md` section 4); as generated, with slots 1 and 2 both lost, bank 1 and with it Iridium, the panel's USB link and so SOS have no host, and slot 3 cannot unlock a drive at its next boot (`feasibility/ZEROIZE.md` section 3.3); after BANK-R1 (section 4c) the pair that leaves SOS without a host is slots 3 and 1, and Iridium then stays on slot 2
    judgement: as generated, with slots 1 and 2 lost, bank 1 (home slot 1, failover slot 2) has no host, and on it are the RockBLOCK's bridge and the panel's USB; the drive unlock and BANK-R1 are the records'
    names looked up: 0 parts, 0 nets
    asserted (19): B U109 value has 'bank 1: B = slot 1 USB3-0 (home), C = slot 2' (netlist: 'TI TMUXHS4212 SuperSpeed 2:1 host select, bank 1: B = slot 1'); B U209 value has 'bank 2: B = slot 2 USB3-0 (home), C = slot 3' (netlist: 'TI TMUXHS4212 SuperSpeed 2:1 host select, bank 2: B = slot 2'); B U309 value has 'bank 3: B = slot 3 USB3-0 (home), C = slot 1' (netlist: 'TI TMUXHS4212 SuperSpeed 2:1 host select, bank 3: B = slot 3'); B U110 value has 'bank 1: port 1 = slot 1 (home), port 2 = slot 2' (netlist: 'TI TS3USB221A USB2 2:1 host select, bank 1: port 1 = slot 1 '); B U210 value has 'bank 2: port 1 = slot 2 (home), port 2 = slot 3' (netlist: 'TI TS3USB221A USB2 2:1 host select, bank 2: port 1 = slot 2 '); B U310 value has 'bank 3: port 1 = slot 3 (home), port 2 = slot 1' (netlist: 'TI TS3USB221A USB2 2:1 host select, bank 3: port 1 = slot 3 '); B U102 USB_DP_DN4 on RB_DP (netlist: RB_DP); B U18 value has 'CP2102N' (netlist: 'CP2102N-A02-GQFN28 USB-UART bridge (RB)'); B U102 USB_DP_DN2 on USB_PNL_P (netlist: USB_PNL_P); B U202 USB_DP_DN1 on GNSS_DP (netlist: GNSS_DP); B U302 USB_DP_DN1 on USB_D8_P (netlist: USB_D8_P); B U302 USB_DP_DN2 on USB_E6_P (netlist: USB_E6_P); B U302 USB_DP_DN3 on USB_WALL_P (netlist: USB_WALL_P); B U302 USB_DP_DN4 on USB_5G_P (netlist: USB_5G_P); B net USB_5G_P holds exactly J_M2C2,U302 (read: J_M2C2,U302); B net LORA_MOSI holds exactly U12,U548 (read: U12,U548); B net SPI3_MOSI holds exactly J_SPI3,R549,U32A,U548 (read: J_SPI3,R549,U32A,U548); B net CARD2_TX_P holds J_M2C2 (missing: none); B U12 value has 'E22-900M30S' (netlist: 'Ebyte E22-900M30S 1 W LoRa (SX1262) on S3 SPI0 CE1: TXEN GPI')
CONOPS.md#4e:L880:cell:0:s1 [48f03d5cb4] NOT DERIVABLE
    a supervisor lost
    judgement: FIRMWARE: the firmware contract or an operating procedure, not a netlist claim (a fault row's label)
    names looked up: 0 parts, 0 nets
CONOPS.md#4e:L881:cell:1:s1 [7d60fee70d] BASELINE
    as generated, `SLOT_EN1..3` fall to their pull-downs and every module stops (`ARCH-PCB-B-IOHA.md` section 10); EMCON, MAIN PWR and the TX lamp act without it; the charger loses its host and falls to 256 mA after its watchdog (`PANEL.md` section 10); no SOS, no ZEROIZE until it runs again
    judgement: check-s122-1 B3: the TX lamp does not act without the panel controller (D3's feed LED_RAIL needs PANEL_PWM); SLOT_EN1 to 3 do fall to their pull-downs
    baseline value (CONOPS.md's head and handover/DEFINITION-STATUS.md): its current value is kept on the status page, row DC-03, which this script judges directly
    names looked up: 0 parts, 3 nets
    asserted (7): C R36.1 on LED_RAIL (netlist: LED_RAIL); C Q1.3 on LED_RAIL (netlist: LED_RAIL); C R20.2 on GND (netlist: GND); A R30.1 on SLOT_EN1 (netlist: SLOT_EN1); A R30.2 on GND (netlist: GND); A net SLOT_EN2 holds R34,U5 (missing: none); A net SLOT_EN1 holds R30,U4 (missing: none)
CONOPS.md#4e:L881:cell:3:s1 [0f2685fa36] TRUE
    its watchdog restarts it, and it runs the boot order again and powers the slots (every module cold-boots); the hold of `SLOT_EN` across a controller restart is a layer-5 design item still owed (board C or A)
    judgement: nothing holds SLOT_EN across a controller restart as generated: each line is the panel controller's GPIO (U3 pins 16 to 18 on board C), the ribbons, a test point, and on board A the slot converter's enable with its 100 k pull-down; the watchdog restart and the boot order are firmware
    names looked up: 0 parts, 0 nets
    asserted (16): A net SLOT_EN1 holds exactly J_AB1,R30,U4 (read: J_AB1,R30,U4); A net SLOT_EN2 holds exactly J_AB1,R34,U5 (read: J_AB1,R34,U5); A net SLOT_EN3 holds exactly J_AB1,R38,U6 (read: J_AB1,R38,U6); A R30 value has '100k' (netlist: '100k'); A R30.2 on GND (netlist: GND); A R34.2 on GND (netlist: GND); A R38.2 on GND (netlist: GND); B net SLOT_EN1 holds exactly J_AB1,J_PANEL (read: J_AB1,J_PANEL); B net SLOT_EN2 holds exactly J_AB1,J_PANEL (read: J_AB1,J_PANEL); B net SLOT_EN3 holds exactly J_AB1,J_PANEL (read: J_AB1,J_PANEL); C net SLOT_EN1 holds exactly J_PANEL,TP31,U3 (read: J_PANEL,TP31,U3); C net SLOT_EN2 holds exactly J_PANEL,TP32,U3 (read: J_PANEL,TP32,U3); C net SLOT_EN3 holds exactly J_PANEL,TP33,U3 (read: J_PANEL,TP33,U3); C U3.16 on SLOT_EN1 (netlist: SLOT_EN1); C U3.17 on SLOT_EN2 (netlist: SLOT_EN2); C U3.18 on SLOT_EN3 (netlist: SLOT_EN3)
CONOPS.md#4e:L882:cell:1:s1 [2872504a3c] TRUE
    every EMCON gate closes, the PA cannot key, no module runs, the charger has no host (`PANEL.md` section 7)
    judgement: the ribbon-out pulls
    names looked up: 0 parts, 0 nets
    asserted (18): A R102.1 on EMCON_HW (netlist: EMCON_HW); A R102.2 on GND (netlist: GND); B R58.1 on EMCON_HW (netlist: EMCON_HW); B R58.2 on GND (netlist: GND); A R145.1 on TX_INHIBIT_n (netlist: TX_INHIBIT_n); A R145.2 on GND (netlist: GND); B R59.1 on TX_INHIBIT_n (netlist: TX_INHIBIT_n); B R59.2 on GND (netlist: GND); D R2.1 on TX_INHIBIT_n (netlist: TX_INHIBIT_n); D R2.2 on GND (netlist: GND); A R117.1 on ZEROIZE_HW (netlist: ZEROIZE_HW); A R117.2 on +3V3 (netlist: +3V3); A R118.1 on SHORE_INHIBIT (netlist: SHORE_INHIBIT); A R118.2 on GND (netlist: GND); A R30.1 on SLOT_EN1 (netlist: SLOT_EN1); A R30.2 on GND (netlist: GND); A net SLOT_EN2 holds R34,U5 (missing: none); A net SLOT_EN1 holds R30,U4 (missing: none)
CONOPS.md#4e:L883:cell:0:s1 [b9f6eebae8] BASELINE
    a device rail lost (`+5V_DEV` or `+3V3_DEV`, one converter each on board A)
    judgement: both device-rail converters put on board A; +3V3_DEV is board B's U25
    baseline value (CONOPS.md's head and handover/DEFINITION-STATUS.md): its current value is kept on the status page, row DC-04, which this script judges directly
    names looked up: 0 parts, 2 nets
    asserted (1): B U25.5 on DEV_SW (netlist: DEV_SW)
CONOPS.md#4e:L883:cell:1:s1 [a8a12c6168] BASELINE
    every bank's hub and peripheral is lost; a loss of `+3V3_DEV` releases every EMCON gate hung on `EMCON_ON` or on a slot's `U{s}11` (EMCON.md L3, open under S-01)
    judgement: U{s}11 and an open L3; each slot makes EMCON_ON from its own 3.3 V since round 8
    baseline value (CONOPS.md's head and handover/DEFINITION-STATUS.md): its current value is kept on the status page, row DC-05, which this script judges directly
    FAILS: U111 is on no netlisted board
    FAILS: U211 is on no netlisted board
    FAILS: U311 is on no netlisted board
    names looked up: 4 parts, 1 nets
    asserted (1): U111 absent on B
CONOPS.md#4e:L884:cell:1:s1 [6c5f98fafe] NOT DERIVABLE
    the modules lose each other and the wall port; a module that does not host bank 1 cannot unlock its drives at boot (`feasibility/ZEROIZE.md` R4)
    judgement: HELD DOCUMENT: a maker's figure, an analysis, a ruling or a record, not a netlist claim (IOHA and ZEROIZE.md R4)
    names looked up: 1 parts, 0 nets
CONOPS.md#4e:L885:cell:1:s1 [e1dfc415de] NOT DERIVABLE
    the secure element, the charger, the supervisors' status and board A's expanders are unreachable; drives do not unlock at boot; a wipe that is due cannot be proven, so the slots stay off (fail secure, `feasibility/ZEROIZE.md` section 3.5)
    judgement: HELD DOCUMENT: a maker's figure, an analysis, a ruling or a record, not a netlist claim (ZEROIZE.md section 3.5)
    names looked up: 0 parts, 0 nets
CONOPS.md#4e:L886:cell:1:s1 [e58fe90ad4] BASELINE
    the mixer fans' tachometers are read by the sensor controller (`gen_sch_e.py` line 503); the cooler fans' are **TBD**; the inside air rises and C1 sheds; on 32.53's still-air figure PS-TYP at +20 C brings the air to about +50 C, where C1 acts (`feasibility/POWER-THERMAL.md` section 9.2)
    judgement: the undated citation gen_sch_e.py line 503: a baseline value
    baseline value (CONOPS.md's head and handover/DEFINITION-STATUS.md): its current value is kept on the status page, row DC-06, which this script judges directly
    names looked up: 1 parts, 0 nets
CONOPS.md#4e:L886:cell:2:s1 [2cdcdadf40] NOT DERIVABLE
    MASTER CAUT "FAN n" for a mixer fan; the C1 indications
    judgement: FIRMWARE: the firmware contract or an operating procedure, not a netlist claim
    names looked up: 1 parts, 0 nets
CONOPS.md#4e:L887:cell:1:s1 [48a9631e39] TRUE
    designed: the bridge shuts every module down, the panel asserts `SHORE_INHIBIT`, and the sensor controller puts the pack in the gauge's shutdown, so the kit is dark and isolated; the threshold is **TBD**, and the path from the sensor to the pack is REQ-042's (the gauge's SMBus shutdown the sensor controller already sends is the one the design has); in the heat stage as board B is generated bank 3 has no host, so the bridge does not learn of it, and what the sensor controller does on its own then is a firmware contract item (**TBD**)
    judgement: in the heat stage as generated (slot 2 alone) bank 3, which carries E6's sensor controller, has no host; the response and its thresholds are firmware (TBD)
    names looked up: 0 parts, 1 nets
    asserted (19): B U109 value has 'bank 1: B = slot 1 USB3-0 (home), C = slot 2' (netlist: 'TI TMUXHS4212 SuperSpeed 2:1 host select, bank 1: B = slot 1'); B U209 value has 'bank 2: B = slot 2 USB3-0 (home), C = slot 3' (netlist: 'TI TMUXHS4212 SuperSpeed 2:1 host select, bank 2: B = slot 2'); B U309 value has 'bank 3: B = slot 3 USB3-0 (home), C = slot 1' (netlist: 'TI TMUXHS4212 SuperSpeed 2:1 host select, bank 3: B = slot 3'); B U110 value has 'bank 1: port 1 = slot 1 (home), port 2 = slot 2' (netlist: 'TI TS3USB221A USB2 2:1 host select, bank 1: port 1 = slot 1 '); B U210 value has 'bank 2: port 1 = slot 2 (home), port 2 = slot 3' (netlist: 'TI TS3USB221A USB2 2:1 host select, bank 2: port 1 = slot 2 '); B U310 value has 'bank 3: port 1 = slot 3 (home), port 2 = slot 1' (netlist: 'TI TS3USB221A USB2 2:1 host select, bank 3: port 1 = slot 3 '); B U102 USB_DP_DN4 on RB_DP (netlist: RB_DP); B U18 value has 'CP2102N' (netlist: 'CP2102N-A02-GQFN28 USB-UART bridge (RB)'); B U102 USB_DP_DN2 on USB_PNL_P (netlist: USB_PNL_P); B U202 USB_DP_DN1 on GNSS_DP (netlist: GNSS_DP); B U302 USB_DP_DN1 on USB_D8_P (netlist: USB_D8_P); B U302 USB_DP_DN2 on USB_E6_P (netlist: USB_E6_P); B U302 USB_DP_DN3 on USB_WALL_P (netlist: USB_WALL_P); B U302 USB_DP_DN4 on USB_5G_P (netlist: USB_5G_P); B net USB_5G_P holds exactly J_M2C2,U302 (read: J_M2C2,U302); B net LORA_MOSI holds exactly U12,U548 (read: U12,U548); B net SPI3_MOSI holds exactly J_SPI3,R549,U32A,U548 (read: J_SPI3,R549,U32A,U548); B net CARD2_TX_P holds J_M2C2 (missing: none); B U12 value has 'E22-900M30S' (netlist: 'Ebyte E22-900M30S 1 W LoRa (SX1262) on S3 SPI0 CE1: TXEN GPI')
CONOPS.md#4e:L890:cell:1:s1 [cee55e9271] NOT DERIVABLE
    the hot stop (section 4c): at +56.5 C, the hottest cell as the gauge reads it, every module shut down cleanly and the switched loads and the charge held off (H1); at +57.0 C the kit shut down by `PI_KILL` (H2); behind it the gauge's OTD and the destructive backstops
    judgement: FIRMWARE: the firmware contract or an operating procedure, not a netlist claim (the hot stop, CONOPS 4c)
    names looked up: 0 parts, 1 nets
    asserted (1): C U3 GPIO19 on PI_KILL (netlist: PI_KILL)
CONOPS.md#4e:L891:cell:1:s1 [b0cc968749] NOT DERIVABLE
    the panel controller applies the hot stop's two steps to board B's `TMP117` (+55.0 and +56.0 C) and falls back to the reduced mode with the outlets off; a line shorted to ground reads as H2 and stops the kit
    judgement: FIRMWARE: the firmware contract or an operating procedure, not a netlist claim
    names looked up: 0 parts, 0 nets
    part numbers (1): TMP117 on B (U10)
    asserted (1): B U10 value has 'TMP117' (netlist: 'TMP117AIDRVR board temperature under the coolers (I2C 0x49; ')
CONOPS.md#4e:L892:cell:0:s1 [66ae2dcfc0] NOT DERIVABLE
    lightning within 10 km (the AS3935's storm-distance estimate; the sensor deferred by D-01)
    judgement: HELD DOCUMENT: a maker's figure, an analysis, a ruling or a record, not a netlist claim (the AS3935's estimate; the sensor deferred by D-01)
    names looked up: 0 parts, 0 nets
    part numbers (1): AS3935 on E (J_LTG)
CONOPS.md#4e:L892:cell:1:s1 [caa82ce9b2] TRUE
    the mast-down alarm (the requirements registry's REQ-041, a session choice, section 7a): the sensor controller detects it and the bridge raises it (in the heat stage as generated, where bank 3 has no host, it waits for one, as the water and gas responses do); it moves no switch and removes no power
    judgement: bank 3, which carries E6's sensor controller, has no host in the heat stage as generated; the alarm is firmware (REQ-041)
    names looked up: 0 parts, 0 nets
    asserted (19): B U109 value has 'bank 1: B = slot 1 USB3-0 (home), C = slot 2' (netlist: 'TI TMUXHS4212 SuperSpeed 2:1 host select, bank 1: B = slot 1'); B U209 value has 'bank 2: B = slot 2 USB3-0 (home), C = slot 3' (netlist: 'TI TMUXHS4212 SuperSpeed 2:1 host select, bank 2: B = slot 2'); B U309 value has 'bank 3: B = slot 3 USB3-0 (home), C = slot 1' (netlist: 'TI TMUXHS4212 SuperSpeed 2:1 host select, bank 3: B = slot 3'); B U110 value has 'bank 1: port 1 = slot 1 (home), port 2 = slot 2' (netlist: 'TI TS3USB221A USB2 2:1 host select, bank 1: port 1 = slot 1 '); B U210 value has 'bank 2: port 1 = slot 2 (home), port 2 = slot 3' (netlist: 'TI TS3USB221A USB2 2:1 host select, bank 2: port 1 = slot 2 '); B U310 value has 'bank 3: port 1 = slot 3 (home), port 2 = slot 1' (netlist: 'TI TS3USB221A USB2 2:1 host select, bank 3: port 1 = slot 3 '); B U102 USB_DP_DN4 on RB_DP (netlist: RB_DP); B U18 value has 'CP2102N' (netlist: 'CP2102N-A02-GQFN28 USB-UART bridge (RB)'); B U102 USB_DP_DN2 on USB_PNL_P (netlist: USB_PNL_P); B U202 USB_DP_DN1 on GNSS_DP (netlist: GNSS_DP); B U302 USB_DP_DN1 on USB_D8_P (netlist: USB_D8_P); B U302 USB_DP_DN2 on USB_E6_P (netlist: USB_E6_P); B U302 USB_DP_DN3 on USB_WALL_P (netlist: USB_WALL_P); B U302 USB_DP_DN4 on USB_5G_P (netlist: USB_5G_P); B net USB_5G_P holds exactly J_M2C2,U302 (read: J_M2C2,U302); B net LORA_MOSI holds exactly U12,U548 (read: U12,U548); B net SPI3_MOSI holds exactly J_SPI3,R549,U32A,U548 (read: J_SPI3,R549,U32A,U548); B net CARD2_TX_P holds J_M2C2 (missing: none); B U12 value has 'E22-900M30S' (netlist: 'Ebyte E22-900M30S 1 W LoRa (SX1262) on S3 SPI0 CE1: TXEN GPI')
CONOPS.md#4e:L893:cell:0:s1 [67da32c859] TRUE
    a permanent pack protection (the second level or the gauge blows F2; the PTC trips)
    judgement: board P's second level, F2 and the PTC element
    names looked up: 1 parts, 0 nets
    asserted (4): P U2 value has 'BQ7720700' (netlist: 'BQ7720700DSSR: second-level cell OV 4.325 V / UV 2.25 V / op'); P F2 value has 'SCF9550' (netlist: 'SCF9550-30-05 self-control fuse (Eaton, 30 A, 4-5 cells): 1 '); P JP1 present; P RT1 value has 'PRF15BB103RB6RC' (netlist: 'PRF15BB103RB6RC chip PTC 10k, 4.7M at 130 C (Murata): the BQ')
CONOPS.md#4e:L895:cell:0:s1 [0d119cbc54] NOT DERIVABLE
    a push to talk held, or board D's CP2102N RTS line stuck, while the panel controller and the bridge are hung (`feasibility/POWER-THERMAL.md` PWR-F16, round 8, on main since `53a98a71`)
    judgement: HELD DOCUMENT: a maker's figure, an analysis, a ruling or a record, not a netlist claim (PWR-F16)
    names looked up: 0 parts, 0 nets
    part numbers (1): CP2102N on B (U15,U16,U17,U18), D (U3)
CONOPS.md#4e:L895:cell:1:s1 [a519c88ba6] TRUE
    board D's KEY follows the held line in hardware, so the PA stays keyed: K1's 60 s, K2 and C4 are firmware, and nothing in hardware ends the key-down or bounds the flange (PWR-F15)
    judgement: KEY's members are U12's output and the inputs of U13, U14, U18 and U19: no hardware timer; the key-down rules are firmware
    names looked up: 3 parts, 0 nets
    asserted (3): D net KEY holds R49,R84,TP3,U12,U13,U14,U18,U19 (missing: none); D U13.2 on KEY (netlist: KEY); D U19.2 on KEY (netlist: KEY)
CONOPS.md#4f:L901:para:s1 [66725c9ccc] NOT DERIVABLE
    The heat stage has two columns: its required set, which board B carries once BANK-R1 is in its generator (slot 3), and what board B as generated gives (slot 2), with its shortfall marked (section 4c).
    judgement: HELD DOCUMENT: a maker's figure, an analysis, a ruling or a record, not a netlist claim (the heat stage, 4c)
    names looked up: 0 parts, 0 nets
CONOPS.md#4f:L904:cell:4:s1 [2468b4e4f8] NOT DERIVABLE
    Heat stage as generated (slot 2)
    judgement: HELD DOCUMENT: a maker's figure, an analysis, a ruling or a record, not a netlist claim (the heat stage, a column label)
    names looked up: 0 parts, 0 nets
CONOPS.md#4f:L904:cell:5:s1 [ea18504b75] NOT DERIVABLE
    EMCON
    judgement: HELD DOCUMENT: a maker's figure, an analysis, a ruling or a record, not a netlist claim (a table label)
    names looked up: 0 parts, 0 nets
CONOPS.md#4f:L906:cell:2:s1 [94a798bc5f] NOT DERIVABLE
    yes (as generated bank 1 on slot 2; after BANK-R1 bank 2 on its own slot 2)
    judgement: HELD DOCUMENT: a maker's figure, an analysis, a ruling or a record, not a netlist claim (the banks' hosts, IOHA)
    names looked up: 0 parts, 0 nets
CONOPS.md#4f:L907:cell:5:s1 [af87eaaf24] TRUE
    held (dark: its supply removed by hardware at once since board B's round 8, section 4b)
    judgement: the 5G supply removal
    names looked up: 0 parts, 0 nets
    asserted (8): B U203 value has 'AP64500' (netlist: 'AP64500SP-13 5 A buck, 3.3 V rail +3V3_S2A'); B U203.3 on S2A_EN (netlist: S2A_EN); B U216 value has 'SN74LV1T08' (netlist: 'SN74LV1T08DBVR AND, 5 V supply, TTL-level inputs (1 A 2 B 3 '); B U216.1 on EMCON_HW (netlist: EMCON_HW); B U216.2 on PCIE_PWR_EN2 (netlist: PCIE_PWR_EN2); B U216.4 on S2A_EN (netlist: S2A_EN); B U216.5 on +5V_S2 (netlist: +5V_S2); B U220 value has 'SN74LVC2G06' (netlist: 'SN74LVC2G06DBVR dual open-drain inverter (1 1A 6 1Y, 3 2A 4 ')
CONOPS.md#4f:L908:cell:4:s1 [32a58b1f55] NOT DERIVABLE
    **no: the finding against the generated board**
    judgement: HELD DOCUMENT: a maker's figure, an analysis, a ruling or a record, not a netlist claim (the heat stage's shortfall)
    names looked up: 0 parts, 0 nets
CONOPS.md#4f:L909:cell:4:s1 [32a58b1f55] NOT DERIVABLE
    **no: the finding against the generated board**
    judgement: HELD DOCUMENT: a maker's figure, an analysis, a ruling or a record, not a netlist claim (the heat stage's shortfall)
    names looked up: 0 parts, 0 nets
CONOPS.md#4f:L912:cell:0:s1 [68adf0cbe9] NOT DERIVABLE
    Hardware EMCON
    judgement: HELD DOCUMENT: a maker's figure, an analysis, a ruling or a record, not a netlist claim (a table label)
    names looked up: 0 parts, 0 nets
CONOPS.md#4f:L914:cell:1:s1 [4fcc861597] BASELINE
    the gauge and board P's second level in every mode, PS-SHUT included (the second level destructively, above the cells' limit); past the heat stage, the hot stop on the cells' measured temperature in every mode and on every input state (firmware; HOT-R1 owed on boards A and E, section 4c)
    judgement: HOT-R1 called owed on boards A and E; drawn since stream w4ae
    baseline value (CONOPS.md's head and handover/DEFINITION-STATUS.md): its current value is kept on the status page, row DC-02, which this script judges directly
    names looked up: 0 parts, 0 nets
    asserted (1): E Q11.3 on BLK_SPARE (netlist: BLK_SPARE)
CONOPS.md#4f:L916:cell:6:s1 [a3abafe64f] NOT DERIVABLE
    yes; a further loss of the other host of the panel's bank removes it (slots 1 and 2 as generated, slots 3 and 1 after BANK-R1)
    judgement: HELD DOCUMENT: a maker's figure, an analysis, a ruling or a record, not a netlist claim (the banks' hosts, IOHA)
    names looked up: 0 parts, 0 nets
CONOPS.md#5:L920:para:s1 [6fb0e1ba5d] NOT DERIVABLE
    **The rule the hardware is designed to:** no transmit serialisation is required; every transmitter may key at once (owner ruling of 4 September 2026, appendix line 2337, restated at line 2465), **bounded since 26 September 2026 by owner ruling D-11**: all at once for a declared key-down time above a declared state of charge, with the outlets at their minimum contract, which is **0 W, the outlets off** (the session's reading of D-11, section 7a; it is what the hardware interlock below does and what `feasibility/POWER-THERMAL.md` assumes).
    judgement: HELD DOCUMENT: a maker's figure, an analysis, a ruling or a record, not a netlist claim (ruling D-11)
    names looked up: 0 parts, 0 nets
CONOPS.md#5:L920:para:s2 [b0cda524e0] NOT DERIVABLE
    The session set the thresholds (session choice SC-10 of the requirements registry and the key-down rules K1 to K5 with the in-key guard C4 of `feasibility/POWER-THERMAL.md` sections 7.2 and 9.3), and since 27 September 2026 they are requirement REQ-018's pass lines (the layer-3 closer's session choice on D-11's declared values): every transmitter at once only above a pack rest voltage of 15.5 V, the PA keyed alone only above 12.4 V and never below it (the operator is told); every PA key-down, all-transmit or alone, **at most 60 s** with at least 2 s between key-downs (K1), started only with every cell at most +55 C, the inside air at most +50 C and the PA's flange at most +75 C (K2) and the pack current at most 9.0 A (K3), with the outlets, the pack heater and the standby WiFi card off (K4), and ended early above 18 A, below 2.70 V on any cell or at +85 C on the flange (C4).
    judgement: HELD DOCUMENT: a maker's figure, an analysis, a ruling or a record, not a netlist claim (SC-10 and the key-down rules)
    names looked up: 6 parts, 0 nets
CONOPS.md#5:L920:para:s3 [403303aa15] NOT DERIVABLE
    Whether the design meets them is feasibility blocker FEA-004's, not an open requirement: the pack chain has to carry its short-time rating at 18 A for 60 s (PWR-F12) and the flange reading has to hold (PWR-F15; the sensor drawn on board D in round 8, on main since `53a98a71`, and read by firmware), and if FEA-004 closes in failure these values reopen; until then one key-down from a +50 C plate is bounded at about 30 s on the record's own figure, and repeated key-downs are OPEN (`feasibility/POWER-THERMAL.md` PWR-F15).
    judgement: HELD DOCUMENT: a maker's figure, an analysis, a ruling or a record, not a netlist claim (FEA-004)
    names looked up: 0 parts, 0 nets
CONOPS.md#5:L920:para:s4 [360270daa1] TRUE
    The hardware interlock that drops the outlets while the PA keys, which the design record asks for (32.55 line 2932), is on board A since `458b2873`: `U30` forms OUTLET_OK = NOT (TR_APRS AND PA_EN), low while the PA keys, and two gates of `U26` give POE_EN = POE_SW_EN AND OUTLET_OK and PD_EN = PD_SW_EN AND OUTLET_OK (`gen_sch_a.py` lines 1088 to 1104 at `45bde541`).
    judgement: U30 and U26 as the interlock; the citation is dated
    names looked up: 2 parts, 7 nets
    asserted (11): A U30 value has 'NAND' (netlist: 'SN74LVC1G00DBVR NAND: OUTLET_OK = NOT (TR_APRS AND PA_EN), t'); A U30.1 on TR_APRS (netlist: TR_APRS); A U30.2 on PA_EN (netlist: PA_EN); A U30.4 on OUTLET_OK (netlist: OUTLET_OK); A U26.9 on POE_SW_EN (netlist: POE_SW_EN); A U26.10 on OUTLET_OK (netlist: OUTLET_OK); A U26.8 on POE_EN (netlist: POE_EN); A U26.12 on PD_SW_EN (netlist: PD_SW_EN); A U26.13 on OUTLET_OK (netlist: OUTLET_OK); A U26.11 on PD_EN (netlist: PD_EN); gen_sch_a.py lines 1088 to 1104 at 45bde541 hold U30
CONOPS.md#5:L949:cell:2:s1 [f61fe4f4f1] NOT DERIVABLE
    idle 60 mA, RF disabled 4.7 mA, LTE carrier aggregation 1,512 mA (RM520N series hardware design v1.1, Table 43)
    judgement: HELD DOCUMENT: a maker's figure, an analysis, a ruling or a record, not a netlist claim (Quectel's hardware design figures)
    names looked up: 0 parts, 0 nets
    part numbers (1): RM520N on B (C520,C521,J_M2C2,U221)
CONOPS.md#5:L951:cell:0:s1 [de89ad0ee9] TRUE
    LoRa E22-900M30S
    judgement: B16's E22-900M30S
    names looked up: 0 parts, 0 nets
    part numbers (1): E22-900M30S on B (U12)
    asserted (1): B U12 value has 'E22-900M30S' (netlist: 'Ebyte E22-900M30S 1 W LoRa (SX1262) on S3 SPI0 CE1: TXEN GPI')
CONOPS.md#5:L952:cell:2:s1 [3acba2f6fc] NOT DERIVABLE
    60 mW idle, 1.4 W max (`rb9704-datasheet-RB9704-001-JUN26.pdf`)
    judgement: HELD DOCUMENT: a maker's figure, an analysis, a ruling or a record, not a netlist claim (the RockBLOCK's datasheet figures)
    names looked up: 0 parts, 0 nets
    part numbers (1): RB9704 document: the RockBLOCK 9704 datasheet's file name
CONOPS.md#5:L954:cell:4:s1 [79efee6cea] NOT DERIVABLE
    **at most 60 s per key-down** (K1), started only inside K2 to K5 and cut by C4 (`feasibility/POWER-THERMAL.md` sections 7.2 and 9.3, PWR-F14); the design record's two figures bracket it: 32.53's "the 200 W peak (PA key-down) lasts minutes" (line 2860) and 32.56's "a 20 s key-down at 45 W" on the plate's local patch (line 2940).
    judgement: HELD DOCUMENT: a maker's figure, an analysis, a ruling or a record, not a netlist claim
    names looked up: 4 parts, 0 nets
CONOPS.md#5:L955:cell:2:s1 [1007cd40f1] NOT DERIVABLE
    plus about 0.9 W for the I/O supervisors (`ARCH-PCB-B-IOHA.md` section 14)
    judgement: HELD DOCUMENT: a maker's figure, an analysis, a ruling or a record, not a netlist claim
    names looked up: 0 parts, 0 nets
CONOPS.md#5:L973:cell:1:s1 [85c9b8a37f] NOT DERIVABLE
    a position beacon every 10 minutes at a fixed site; on the move at most one a minute; each about 1 s, never over K1's 60 s
    judgement: FIRMWARE: the firmware contract or an operating procedure, not a netlist claim
    names looked up: 1 parts, 0 nets
CONOPS.md#5:L973:cell:2:s1 [2db0811bda] NOT DERIVABLE
    PS-IDLE-SPEC's 0.9 W average on the PA rail, about 1.2 % of a 75 W key-down.
    judgement: HELD DOCUMENT: a maker's figure, an analysis, a ruling or a record, not a netlist claim
    names looked up: 0 parts, 0 nets
CONOPS.md#5:L977:cell:1:s1 [73a88e2ff9] NOT DERIVABLE
    receive; a transfer transmits in bursts, never with the PA keyed on the pack alone (K4)
    judgement: FIRMWARE: the firmware contract or an operating procedure, not a netlist claim
    names looked up: 1 parts, 0 nets
CONOPS.md#5:L978:cell:1:s1 [934ca33971] NOT DERIVABLE
    a bounded mode: it runs until C1 or C3 ends it
    judgement: FIRMWARE: the firmware contract or an operating procedure, not a netlist claim
    names looked up: 2 parts, 0 nets
CONOPS.md#5:L979:cell:1:s1 [56a99bef2a] NOT DERIVABLE
    off unless the operator enables one; on the pack only inside C2's budget (PWR-F13)
    judgement: FIRMWARE: the firmware contract or an operating procedure, not a netlist claim
    names looked up: 1 parts, 0 nets
CONOPS.md#5:L986:cell:2:s1 [f5af2c97e9] NOT DERIVABLE
    PS-TYP 63.0 W, sustained on the pack while C1 allows it: at +20 C the cells sit at 43.8 to 45.7 C on 32.53's conductance and 45.4 to 81.3 C on the independent bound, so C1 sheds it at +20 C over part of that bound (section 4c)
    judgement: HELD DOCUMENT: a maker's figure, an analysis, a ruling or a record, not a netlist claim
    names looked up: 1 parts, 0 nets
CONOPS.md#5:L987:cell:2:s1 [51400cfd73] NOT DERIVABLE
    PS-TYP plus PoE 100.4 W, plus USB-C 112.3 W, plus both 150.2 W: **bounded, not sustained** on the pack; C2 sheds USB-C then PoE on 9.0 A or a +50 C cell
    judgement: HELD DOCUMENT: a maker's figure, an analysis, a ruling or a record, not a netlist claim
    names looked up: 1 parts, 0 nets
CONOPS.md#5:L988:cell:2:s1 [526de24db6] NOT DERIVABLE
    PS-BUSY, a **bounded mode**: its sustained bound 92.0 W reaches C1's +55 C cell trigger at +20 C on every conductance in the record, so C1 ends it (how long it runs first is **TBD** until the heat capacities are measured)
    judgement: HELD DOCUMENT: a maker's figure, an analysis, a ruling or a record, not a netlist claim
    names looked up: 1 parts, 0 nets
CONOPS.md#5:L992:cell:2:s1 [ad58e8c6bc] NOT DERIVABLE
    PS-RED2 31.4 W; the heat stage PS-SURV-R 23.3 W after BANK-R1, PS-SURV 21.7 W as generated
    judgement: HELD DOCUMENT: a maker's figure, an analysis, a ruling or a record, not a netlist claim
    names looked up: 0 parts, 0 nets
CONOPS.md#7:L1043:cell:3:s1 [c12b61e3ba] NOT DERIVABLE
    No hardware is added
    judgement: HELD DOCUMENT: a maker's figure, an analysis, a ruling or a record, not a netlist claim (a ruling's words, section 7)
    names looked up: 0 parts, 0 nets
CONOPS.md#7:L1045:cell:3:s1 [658f83be64] NOT DERIVABLE
    a crypto-erase through the secure element, the covered toggle held 5 s the only trigger, level-sensitive after a power loss, and the accepted residual risk that a drive unlocks at boot only through the secure element, the panel controller and the kit I2C bus (section 4, ZEROIZE row).
    judgement: HELD DOCUMENT: a maker's figure, an analysis, a ruling or a record, not a netlist claim (ruling D-03's words)
    names looked up: 0 parts, 0 nets
CONOPS.md#7:L1056:cell:3:s1 [5fda2c0bd4] STALE
    The H743 is accepted; the component mismatch with the STM32H753 in the schematic closes only when the schematic text and the BOM are aligned to the H743 and regeneration parity has been shown again
    judgement: check-s122-3 m1: the D-13 row calls the STM32H753 in the schematic open; U41, U51 and U61 read STM32H743VIT6 since 458b2873 and CON-017 reads PASS
    baseline value (CONOPS.md's head and handover/DEFINITION-STATUS.md): its current value is kept on the status page, row DC-10, which this script judges directly
    FAILS: the status page keeps no row DC-10 for it
    FAILS: STM32H753 is on no netlist's part values
    names looked up: 0 parts, 0 nets
    part numbers (1): none judged
    asserted (4): B U41 value has 'STM32H743VIT6' (netlist: 'STM32H743VIT6 I/O supervisor A: 2-of-3 quorum on two CAN-FD '); B U51 value has 'STM32H743VIT6' (netlist: 'STM32H743VIT6 I/O supervisor B: 2-of-3 quorum on two CAN-FD '); B U61 value has 'STM32H743VIT6' (netlist: 'STM32H743VIT6 I/O supervisor C: 2-of-3 quorum on two CAN-FD '); registry CON-017 evidence_result = PASS (read: PASS)
CONOPS.md#7:L1060:cell:3:s1 [a4c8583ce6] BASELINE
    an external low-capacitance ESD array at the CC pins by the connector, riding on the board A update already owed
    judgement: D-17's CC array is drawn on board A since 458b2873 (U31, TPD2E2U06, on PD_CC1 and PD_CC2 at J_USBC_OUT); the row was written at 68bc9e8f, before 458b2873 drew it
    baseline value (CONOPS.md's head and handover/DEFINITION-STATUS.md): its current value is kept on the status page, row DC-09, which this script judges directly
    names looked up: 0 parts, 0 nets
    asserted (8): A U31 value has 'TPD2E2U06' (netlist: 'TPD2E2U06QDBZRQ1 low-capacitance ESD array, USB-C CC1 and CC'); A U31.1 on PD_CC1 (netlist: PD_CC1); A U31.2 on PD_CC2 (netlist: PD_CC2); A U31.3 on GND (netlist: GND); A J_USBC_OUT.2 on PD_CC1 (netlist: PD_CC1); A J_USBC_OUT.3 on PD_CC2 (netlist: PD_CC2); at 458b2873: A U31 value has 'TPD2E2U06' (netlist: 'TPD2E2U06QDBZRQ1 low-capacitance ESD array, USB-C CC1 and CC'); at c5430071: A U31 value has 'TPD2E2U06' (netlist: 'TPD2E2U06QDBZRQ1 low-capacitance ESD array, USB-C CC1 and CC')
CONOPS.md#7a:L1092:cell:2:s1 [357b03f343] NOT DERIVABLE
    The pack is to be built for the kit, not bought, and has no test summary.
    judgement: HELD DOCUMENT: a maker's figure, an analysis, a ruling or a record, not a netlist claim (the pack, a ruling)
    names looked up: 0 parts, 0 nets
CONOPS.md#7a:L1098:cell:1:s1 [000d312aa9] TRUE
    two exchanges of hub ports on board B, the RockBLOCK with the QMX (port 4 of banks 1 and 2) and the panel controller with the sealed wall USB port (bank 1 port 2, bank 3 port 3), so that slot 3 alone carries the owner's example with the SOS path; owed by board B's owner before its layout entry, from the hand-off's proposed generator change; until it is in the generator, REQ-052 is not met by board B as generated, a finding reported to the owner
    judgement: BANK-R1 is not in the generator: bank 1 carries the RockBLOCK's bridge U18 on port 4 and the panel controller on port 2, bank 2 the QMX on port 4, bank 3 the wall port on port 3, as at 45bde541, and REQ-052 reads FAIL; the owner's example and the hand-off are the record's
    names looked up: 0 parts, 0 nets
    asserted (13): B U102 USB_DP_DN4 on RB_DP (netlist: RB_DP); B net RB_DP holds exactly U102,U18 (read: U102,U18); B U18 value has 'CP2102N' (netlist: 'CP2102N-A02-GQFN28 USB-UART bridge (RB)'); B U202 USB_DP_DN4 on QMX_DP (netlist: QMX_DP); B net QMX_DP holds J_QMX,U202 (missing: none); B U102 USB_DP_DN2 on USB_PNL_P (netlist: USB_PNL_P); B net USB_PNL_P holds J_PANEL,U102 (missing: none); B U302 USB_DP_DN3 on USB_WALL_P (netlist: USB_WALL_P); at 45bde541: B U102 USB_DP_DN4 on RB_DP (netlist: RB_DP); at 45bde541: B U202 USB_DP_DN4 on QMX_DP (netlist: QMX_DP); at 45bde541: B U102 USB_DP_DN2 on USB_PNL_P (netlist: USB_PNL_P); at 45bde541: B U302 USB_DP_DN3 on USB_WALL_P (netlist: USB_WALL_P); registry REQ-052 evidence_result = FAIL (read: FAIL)
CONOPS.md#7a:L1099:cell:2:s1 [680903352b] TRUE
    the panel controller has no lid state before a module runs (the reed is the sensor controller's alone, Review A, B2); this asks nothing new of the supervisors or the panel and costs under 1 K of inside air.
    judgement: the reed is E6's sensor controller's alone (J_TAMP on board E); board C carries no lid input
    names looked up: 0 parts, 0 nets
    asserted (2): E J_TAMP present; J_TAMP absent on C
CONOPS.md#7a:L1109:cell:2:s1 [1e4489cd65] NOT DERIVABLE
    REL-001 needs one; the service life stays TBD for prototype 1 (D-02c), so REL-001 still has no life to judge against
    judgement: HELD DOCUMENT: a maker's figure, an analysis, a ruling or a record, not a netlist claim (REL-001, D-02c)
    names looked up: 0 parts, 0 nets
CONOPS.md#7a:L1113:cell:1:s1 [41d1053ffe] BASELINE
    the sensor controller drives the dock's spare contact (board E's `J_BLK` pin 12 to board A's `J_DOCK` pin 12, which already lands on the expander `U27`'s input and so on `EXP_INT`) through an open-drain 2N7002, and board A pulls it up with 10 k; four states on the line (1 Hz: read and below H1; 5 Hz: H1; low: H2; high: the detector lost); owed before the layout entry of boards A and E, with the dock contract's pin 12 and the two firmware contracts; until then the hot stop's requirement reads FAIL on the generated boards, a finding reported to the owner
    judgement: HOT-R1 called owed before layout entry; drawn since stream w4ae; REQ-077 reads INCONCLUSIVE, not FAIL
    baseline value (CONOPS.md's head and handover/DEFINITION-STATUS.md): its current value is kept on the status page, row DC-02, which this script judges directly
    names looked up: 3 parts, 1 nets
    part numbers (1): 2N7002 on A (Q1,Q36,Q37,Q6), B (Q10,Q102,Q103,Q104), C (Q2,Q3,Q4,Q6), D (Q1,Q2,Q3,Q4), E (Q10,Q11,Q8,Q9), P (Q5)
    asserted (7): E Q11.1 on HOT_R1_G (netlist: HOT_R1_G); E Q11.3 on BLK_SPARE (netlist: BLK_SPARE); E J_BLK.12 on BLK_SPARE (netlist: BLK_SPARE); A J_DOCK.12 on DOCK_SPARE (netlist: DOCK_SPARE); A U27 IO1_5 on DOCK_SPARE (netlist: DOCK_SPARE); A R216.1 on DOCK_SPARE (netlist: DOCK_SPARE); A R216.2 on +3V3 (netlist: +3V3)
CONOPS.md#7a:L1113:cell:2:s1 [bdd11249b1] BASELINE
    as generated the cells' temperature reaches the panel controller only through the bridge on a module that hosts bank 3, which the heat stage as generated does not have and which H1 itself stops; the spare contact and the expander input exist, so the change is one GPIO, one transistor and one resistor, no part number new to either board.
    judgement: section 7a's HOT-R1 row, second cell: 'only through the bridge' as generated; HOT-R1 is drawn since w4ae (DC-02 names the row whole)
    baseline value (CONOPS.md's head and handover/DEFINITION-STATUS.md): its current value is kept on the status page, row DC-02, which this script judges directly
    names looked up: 0 parts, 0 nets
    asserted (7): E Q11.1 on HOT_R1_G (netlist: HOT_R1_G); E Q11.3 on BLK_SPARE (netlist: BLK_SPARE); E J_BLK.12 on BLK_SPARE (netlist: BLK_SPARE); A J_DOCK.12 on DOCK_SPARE (netlist: DOCK_SPARE); A U27 IO1_5 on DOCK_SPARE (netlist: DOCK_SPARE); A R216.1 on DOCK_SPARE (netlist: DOCK_SPARE); A R216.2 on +3V3 (netlist: +3V3)
CONOPS.md#A13:L1255:para:s1 [bd4ddb1b81] NOT DERIVABLE
    **Corrected 26 September 2026 (S-07):** this section described the circuit before `458b2873`, in which the compute modules' radios were driven only by a software I/O expander and the WiFi link cards had only their disable pin.
    judgement: HISTORY: a dated record of an earlier reading or wording, true as history, not re-derived against set 12 (a dated correction of the appendix)
    names looked up: 0 parts, 0 nets
CONOPS.md#A15:L1269:para:s1 [e2d0f2006b] NOT DERIVABLE
    **Corrected 26 September 2026 (S-07):** this paragraph said the PoE and USB-C enables were software expander pins with no hardware tie to the PA keying, the circuit before `458b2873`.
    judgement: HISTORY: a dated record of an earlier reading or wording, true as history, not re-derived against set 12 (a dated correction of the appendix)
    names looked up: 0 parts, 0 nets
V2-SPEC.md#MeshSat field kit V2, approved specification (state of 7 Sep 2026, design record sections 32.40 to 32.61):L3:para:s1 [8ca89fa881] NOT DERIVABLE
    The 7 September text records the owner's rulings in `MESHSAT-709-geometry-appendix.md` together with proposals the session made under them (the 200 Wh pack of 32.62 was one), and the board generation that implements it is MESHSAT-830 (A22, B16, C7, D8, E6, face plate and case template).
    judgement: HELD DOCUMENT: a maker's figure, an analysis, a ruling or a record, not a netlist claim (the document's status note)
    names looked up: 2 parts, 0 nets
V2-SPEC.md#Case and construction:L8:cell:1:s1 [13ce1d1ded] NOT DERIVABLE
    Peli 1450 (used unit bought 6 Sep 2026) with the 1450PF panel frame; IP67 by the case, pressure valve, padlock protectors; the kit is designed to an IP67-class construction and never labelled IP68
    judgement: CASE: a mechanical or case item, not a netlist claim (the case and its frame)
    names looked up: 0 parts, 0 nets
    part numbers (1): 1450PF case: Peli's panel frame
V2-SPEC.md#Case and construction:L9:cell:1:s1 [d2673a4edc] NOT DERIVABLE
    3 mm black anodised aluminium plate on the frame's inserts, laser-marked legends and the MeshSat mark; the backer board C7 hangs under it.
    judgement: CASE: a mechanical or case item, not a netlist claim
    names looked up: 1 parts, 0 nets
V2-SPEC.md#Case and construction:L9:cell:1:s2 [d45adb955f] NOT DERIVABLE
    The plate lies on top of the 1450PF frame over Peli's o-ring, screwed from above into Peli's 6-32 inserts, and the frame stands on four setting legs that give it its height (the session's case choices C1 and C6, `CASE-MARGINS.md` section 4; correction 20)
    judgement: CASE: a mechanical or case item, not a netlist claim
    names looked up: 2 parts, 0 nets
    part numbers (1): 1450PF case: Peli's panel frame
V2-SPEC.md#Case and construction:L10:cell:1:s1 [e231767e5f] NOT DERIVABLE
    twelve gas-discharge arrestors (PolyPhaser GTH-SFF-AL) are the antenna bulkheads, at Z 59 on one 6 mm aluminium RF entry plate per end wall that is also their common ground: east, south to north, 5G MAIN, 5G DIV, the third 5G jack of D-07, IRIDIUM, LORA; west VHF, HF, WIFI 2.4, GNSS, SDR, WIFI P2P A, WIFI P2P B, at a 31 mm pitch (the session's case choices C2 and C4, `CASE-MARGINS.md` section 4; correction 20).
    judgement: CASE: a mechanical or case item, not a netlist claim
    names looked up: 2 parts, 0 nets
V2-SPEC.md#Case and construction:L10:cell:1:s2 [facb104de6] NOT DERIVABLE
    The case generators `panel1450.py` and `case_wall_cutouts.py` carry them since `c351115d`, and the current case set is `release/case-2026-09-27/` (correction 30); the committed boards and the templates of `release/revA/case/` still show the eleven Amphenol 132170 SMA couplers at Z 88 of 32.56 (west VHF, HF, WIFI 2.4, GNSS, SDR; east 5G MAIN, 5G DIV, IRIDIUM, LORA, WIFI P2P A, WIFI P2P B), which is history; every cable ends at the dock strip's float clamp under the stack's blind-mate receptacle (`ecad/tools/panel1450.py` is the single source of the positions and the legends).
    judgement: CASE: a mechanical or case item, not a netlist claim
    names looked up: 0 parts, 0 nets
V2-SPEC.md#Case and construction:L10:cell:1:s3 [5151a2ab87] NOT DERIVABLE
    The 5G module's ports are ANT0 to ANT3, not MAIN and DIV: the owner ruled three 5G jacks on ANT0, ANT2 and ANT3, at the board A site found free (X +46), if the case measurement confirms that site and the board E clamp fit, and otherwise two on ANT0 and ANT2 (D-07, 26 Sep 2026; correction 12); the case half is laid out as the east wall's middle arrestor, and the board E clamp fit remains
    judgement: CASE: a mechanical or case item, not a netlist claim and ruling D-07
    names looked up: 0 parts, 0 nets
V2-SPEC.md#Case and construction:L11:cell:1:s1 [e6fa17db79] NOT DERIVABLE
    one 114 x 68.3 x 5 mm aluminium connector plate between the hinge fairings, outside the back wall on a closed-cell gasket (the session's case choice C3, `CASE-MARGINS.md` section 4, in place of the 54 x 82 plate between the ribs at X -95 and -18; correction 20): MIL-DTL-38999 shore and USB receptacles (the USB one the Glenair 233-370), sealed Gigabit Ethernet with PoE out, sealed USB-C 45 W outlet (32.57), the M8 receptacle of the outside sensor pod and a ground stud, the stud also taking the two RF entry plates' ground leads.
    judgement: CASE: a mechanical or case item, not a netlist claim
    names looked up: 1 parts, 0 nets
V2-SPEC.md#Case and construction:L11:cell:1:s2 [529db80853] TRUE
    The Glenair 233-370 carries the wall USB data path and is the console and key-fill port, and the USB-C outlet carries power only (owner ruling D-12, 26 Sep 2026; as generated since `458b2873`, corrections 13 and 19)
    judgement: J_USBW is the Glenair's lead and J_USBC_OUT carries VBUS, CC1 and CC2 only
    names looked up: 0 parts, 0 nets
    asserted (5): A J_USBW value has '233-370' (netlist: 'JST-PH 1x4 socket: the Glenair 233-370 USB host feed-through'); A J_USBW.2 on USB_WALL_N (netlist: USB_WALL_N); A J_USBC_OUT value has 'power only' (netlist: 'wall USB-C outlet, power only (pigtail header): VBUS CC1 CC2'); A J_USBC_OUT.1 on PD_VBUS (netlist: PD_VBUS); A J_USBC_OUT.2 on PD_CC1 (netlist: PD_CC1)
V2-SPEC.md#Case and construction:L12:cell:1:s1 [c73b56fb81] NOT DERIVABLE
    the A22 + D8 + B16 rod stack over the dock strip E6 and block; the 4S pack, built for the kit rather than bought, in the east pocket beside A22 (32.62; one 4S3P block of about 145 Wh by owner ruling D-06, correction 1; the BB-2590/U did not fit and the case stays the 1450); on the lid's inner face the printed tray of the QMX HF unit over the right strip (32.60 item 5) and, over the left strip, a bracket for an 8 to 10 inch rugged tablet (not drawn)
    judgement: CASE: a mechanical or case item, not a netlist claim
    names looked up: 1 parts, 0 nets
    part numbers (1): BB-2590/U withdrawn: the bought pack that did not fit (32.62)
V2-SPEC.md#Case and construction:L13:cell:1:s1 [38a91feb23] NOT DERIVABLE
    face plate off (ten 6-32 screws, case choice C1; correction 20), the rod stack lifted straight up off the blind-mate joint without unscrewing a cable, the pack out of its cradle; before the lift the kit is off, the pack's XT60 unplugged and shore removed, and an insulating cap covers the dock block E5 while the stack is out (owner ruling D-14, 26 Sep 2026: lifting live is an accepted, recorded residual risk, and a stack-present interlock is studied at Review D; correction 15)
    judgement: FIRMWARE: the firmware contract or an operating procedure, not a netlist claim (the D-14 procedure) and CASE: a mechanical or case item, not a netlist claim
    names looked up: 1 parts, 0 nets
V2-SPEC.md#Power:L17:para:s1 [f6633e61d3] NOT DERIVABLE
    The node, the inputs, every rail with its part and its EMCON gate: appendix 32.55 (7 Sep 2026).
    judgement: HELD DOCUMENT: a maker's figure, an analysis, a ruling or a record, not a netlist claim (appendix 32.55)
    names looked up: 0 parts, 0 nets
V2-SPEC.md#Power:L20:cell:1:s1 [306d6f0471] NOT DERIVABLE
    one 4S3P block of Samsung INR18650-35E cells, 14.4 V, about 145 Wh (144.7 Wh at the cell's 3,350 mAh minimum), shrink-wrapped in the east pocket under board B with no rigid enclosure, its fit designed against Peli's own figures (owner ruling D-06, 26 Sep 2026, with the D-08 reversal of the same day; `CASE-MARGINS.md`; correction 1).
    judgement: HELD DOCUMENT: a maker's figure, an analysis, a ruling or a record, not a netlist claim (the pack, D-06)
    names looked up: 0 parts, 0 nets
    part numbers (1): INR18650-35E bought: Samsung's cell of the built pack, not a board part
V2-SPEC.md#Power:L20:cell:1:s2 [cee0d6d5e5] TRUE
    It is built for the kit rather than bought (appendix 32.62, ruling 7 Sep 2026: the BB-2590/U does not fit beside the board set and the case stays the 1450), with the BQ4050 SMBus gauge with protection and balancing on the P board; missions longer than the pack rely on vehicle or solar input; the second pack that the owner's scope ruling D-01 lists as deferred has no location found (correction 1); to be tested with the kit under `TEST-PLAN.md`
    judgement: board P's BQ4050 gauge; the pack and its ruling are the document's
    names looked up: 0 parts, 0 nets
    part numbers (2): BB-2590/U withdrawn: the bought pack that did not fit (32.62); BQ4050 on P (RT1,U1)
    asserted (1): P U1 value has 'BQ4050' (netlist: 'BQ4050RSMR: SMBus 1.1 gas gauge, primary protection, 4S bala')
V2-SPEC.md#Power:L21:cell:1:s1 [7827ee0779] TRUE
    9 to 36 V filtered vehicle and shore input (MIL-STD-461 class line filter, NATO 2-pin plug cable, the 38999 receptacle) with no vehicle surge claim: the entry is recorded as not qualified and is not for 24 V military vehicle buses (owner ruling D-16, 26 Sep 2026; correction 16); the LT8705A solar tracker
    judgement: E6's LT8705A solar tracker; the input's qualification is D-16's
    names looked up: 0 parts, 0 nets
    part numbers (1): LT8705A on E (U5)
    asserted (1): E U5 value has 'LT8705A' (netlist: 'LT8705A buck-boost controller, 38-lead QFN 5x7 (pin 39 = exp')
V2-SPEC.md#Power:L22:cell:1:s1 [cea8161b55] TRUE
    14.4 V node; SMBus charger; bucks for 5 V and 3.3 V; 13.8 V rail for the PA stage; the monitor on its own eFuse from the 14.4 V node, the pack heater on its own eFuse and a regulated 12 V buck (corrections 2 and 19); PoE out; USB-C PD out
    judgement: the rails as drawn on board A
    names looked up: 0 parts, 0 nets
    asserted (8): A U3 value has 'BQ25731' (netlist: 'BQ25731RSNR 1 to 5 cell buck-boost charger, 4S from the 20 V'); A U13 value has '+13V8_PA' (netlist: 'LM5176PWPR buck-boost controller, +13V8_PA from VBAT'); A U21.4 on VBAT (netlist: VBAT); A U21.5 on VMON (netlist: VMON); A U22.4 on VBAT (netlist: VBAT); A U33 value has '12.0 V' (netlist: 'TPS62933DRLR 3 A buck, 12.0 V heater rail'); A U18 value has 'TPS25740A' (netlist: 'TPS25740ARGER USB-C PD source controller, 45 W outlet (5, 9,'); board A has a part whose value holds 'PoE' (J_54V,U17,U26)
V2-SPEC.md#Power:L23:cell:1:s1 [dd4dba6ddd] NOT DERIVABLE
    **withdrawn on 26 September 2026**: the 8 to 9.5 h typical (29 W), 5 to 6 h cluster busy and 11 to 13.5 h dimmed, and the peak of about 150 W, were computed for the BB-2590/U pack, which does not fit.
    judgement: HISTORY: a dated record of an earlier reading or wording, true as history, not re-derived against set 12 (the withdrawn run time)
    names looked up: 0 parts, 0 nets
    part numbers (1): BB-2590/U withdrawn: the bought pack the figures were for
V2-SPEC.md#Power:L24:cell:0:s1 [ea18504b75] NOT DERIVABLE
    EMCON
    judgement: HELD DOCUMENT: a maker's figure, an analysis, a ruling or a record, not a netlist claim (a table label)
    names looked up: 0 parts, 0 nets
V2-SPEC.md#Power:L24:cell:1:s1 [5d18d3f4e9] NOT DERIVABLE
    a hardware line from the panel toggle plus a software hold, meant to silence every transmitter (32.50 item 3); on 26 September 2026 the owner ruled that EMCON means radios dark, with the VHF receiver listening behind its transmit-only gate and GNSS, DCF77 and the lightning sensor continuing (D-05).
    judgement: HELD DOCUMENT: a maker's figure, an analysis, a ruling or a record, not a netlist claim (ruling D-05)
    names looked up: 0 parts, 0 nets
V2-SPEC.md#Power:L24:cell:1:s2 [90d51e8ca0] TRUE
    As generated since `458b2873` the line removes the supply of the SDR, the RockBLOCK, the LoRa module, both E72, the HF unit and the two WiFi link cards, turns off the PA rail, bias and keying while the VHF exciter keeps receiving, pulls the compute modules' own WiFi and Bluetooth disables low through open drains, and puts the 5G module in airplane mode through its disable pin, a mode the module's firmware carries out; since board B's round 8 (27 September 2026) it also removes the 5G module's supply by hardware at once (SD-EMC-1r8, `feasibility/EMCON.md` section 4b; correction 28); read transmitter by transmitter (`feasibility/EMCON.md` section 0a), the radio's own chain closes at desk for 15 of the kit's 17 transmitters and is open for two, the SA868 (its maker publishes no receive threshold for the PTT pin the design holds at 2.677 V or more; bench E-01) and the RockBLOCK 9704 (with its supply cut it runs on its own supercapacitors, about 16 J; its ENABLE is held low by the EMCON hardware since board B's stream w4b, and what the Iridium module does when ENABLE falls is stated in no held document, sections 4.4 and 4c; correction 31), the 5G module's chain closing at desk since board B's round 8; end to end, from the toggle to silence at each antenna port within the latency the session set (1 s, and 20 s for a running 5G module; SD-EMC-7, requirement REQ-071), 0 of 17 rows is closed, every row also waiting on the items the rows share (the toggle and its conductor, accepted by SD-EMC-6 only with a hardware EMCON lamp on board C, drawn since board C's round 8 (`D22`, no processor in its path) with its light guide in the face plate owed (open item S-44), and the line's open items, `feasibility/EMCON.md` sections 3 and 7), and no row has been shown on a bench: feasibility blocker FEA-002 (`feasibility/EMCON.md` section 0a.1; corrections 4, 19, 26, 28, 30 and 33); blackout and NVG panel modes beside it
    judgement: the line's effects as generated since 458b2873 and board B's round 8; the counts are feasibility/EMCON.md section 0a's, not netlist claims; the per-radio citation is EMCON.md section 0a.1 since round 3 (check-s122-2 m2)
    names looked up: 1 parts, 0 nets
    part numbers (1): SA868 on D (U13,U2) (the sentence names BC)
    asserted (71): B U501 value has 'SN74LVC1G08' (netlist: 'SN74LVC1G08DBVR AND (1 A 2 B 3 GND 4 Y 5 VCC): LimeSDR stage'); B U501.1 on EMCON_HW (netlist: EMCON_HW); B U501.2 on LIME_HW_EN (netlist: LIME_HW_EN); B U501.4 on LIME_EN_A (netlist: LIME_EN_A); B U501.5 on +3V3_DEV (netlist: +3V3_DEV); B U503.1 on EMCON_HW (netlist: EMCON_HW); B U503.2 on RB_SW_EN (netlist: RB_SW_EN); B U503.4 on RB_EN (netlist: RB_EN); B U503.5 on +3V3_DEV (netlist: +3V3_DEV); B R530.1 on RB_EN (netlist: RB_EN); B R530.2 on RB_UVLO (netlist: RB_UVLO); B U24 value has 'TPS259631' (netlist: 'TPS259631DDAR eFuse +5V_DEV -> +5V_RB (301R 1% (ILM: 3.0 A))'); B U24.3 on RB_UVLO (netlist: RB_UVLO); B U24.4 on +5V_DEV (netlist: +5V_DEV); B U24.5 on +5V_RB (netlist: +5V_RB); B U504 value has 'SN74LVC1G08' (netlist: 'SN74LVC1G08DBVR AND (1 A 2 B 3 GND 4 Y 5 VCC): LoRa, EMCON A'); B U504.1 on EMCON_HW (netlist: EMCON_HW); B U504.2 on LORA_ON (netlist: LORA_ON); B U504.4 on E22_EN (netlist: E22_EN); B U6 IO0_3 on LORA_ON (netlist: LORA_ON); B R531.1 on E22_EN (netlist: E22_EN); B U505 value has 'SN74LVC1G08' (netlist: 'SN74LVC1G08DBVR AND (1 A 2 B 3 GND 4 Y 5 VCC): E72 radios, E'); B U505.1 on EMCON_HW (netlist: EMCON_HW); B U505.2 on ZB_ON (netlist: ZB_ON); B U505.4 on E72_EN (netlist: E72_EN); B U6 IO0_4 on ZB_ON (netlist: ZB_ON); B U22 value has 'TPS22810' (netlist: 'TPS22810DRV'); B U116 value has 'SN74LV1T08' (netlist: 'SN74LV1T08DBVR AND, 5 V supply, TTL-level inputs (1 A 2 B 3 '); B U116.1 on EMCON_HW (netlist: EMCON_HW); B U116.2 on PCIE_PWR_EN1 (netlist: PCIE_PWR_EN1); B U116.4 on S1A_EN (netlist: S1A_EN); B U116.5 on +5V_S1 (netlist: +5V_S1); B U316.1 on EMCON_HW (netlist: EMCON_HW); B U113.1 on EMCON_ON1 (netlist: EMCON_ON1); B U113.3 on EMCON_ON1 (netlist: EMCON_ON1); B U113.6 on WL_nDIS1 (netlist: WL_nDIS1); B U113.4 on BT_nDIS1 (netlist: BT_nDIS1); B U113.5 on +3V3_CM1 (netlist: +3V3_CM1); B U203 value has 'AP64500' (netlist: 'AP64500SP-13 5 A buck, 3.3 V rail +3V3_S2A'); B U203.3 on S2A_EN (netlist: S2A_EN); B U216 value has 'SN74LV1T08' (netlist: 'SN74LV1T08DBVR AND, 5 V supply, TTL-level inputs (1 A 2 B 3 '); B U216.1 on EMCON_HW (netlist: EMCON_HW); B U216.2 on PCIE_PWR_EN2 (netlist: PCIE_PWR_EN2); B U216.4 on S2A_EN (netlist: S2A_EN); B U216.5 on +5V_S2 (netlist: +5V_S2); B U220 value has 'SN74LVC2G06' (netlist: 'SN74LVC2G06DBVR dual open-drain inverter (1 1A 6 1Y, 3 2A 4 '); A U35 value has 'SN74AUP1G08' (netlist: 'SN74AUP1G08DBVR AND: PA_TXOK = TX_INHIBIT_n AND EMCON_HW (th'); A U35.1 on TX_INHIBIT_n (netlist: TX_INHIBIT_n); A U35.2 on EMCON_HW (netlist: EMCON_HW); A U35.4 on PA_TXOK (netlist: PA_TXOK); A U35.5 on +3V3_EMCON (netlist: +3V3_EMCON); A U36.1 on PA_TXOK (netlist: PA_TXOK); A U36.2 on PA_HOLD (netlist: PA_HOLD); A U36.4 on PA_EN (netlist: PA_EN); A U36.5 on +3V3_EMCON (netlist: +3V3_EMCON); A U37.1 on TX_INHIBIT_n (netlist: TX_INHIBIT_n); D U12 value has '74LVC1G08' (netlist: "74LVC1G08 AND: KEY = PTT_ANY AND TX_INHIBIT_n (the panel's h"); D U12.1 on PTT_ANY (netlist: PTT_ANY); D U12.2 on TX_INHIBIT_n (netlist: TX_INHIBIT_n); D U12.4 on KEY (netlist: KEY); D U14.1 on KEY (netlist: KEY); D U14.2 on PA_EN (netlist: PA_EN); D U14.4 on PA_KEY (netlist: PA_KEY); C D22 value has 'amber' (netlist: '3 mm EMCON amber (hardware, no processor), sunlight viewable'); C U14.3 on TX_INHIBIT_n (netlist: TX_INHIBIT_n); D U15 value has 'PA gate bias' (netlist: 'TLV75801PDRVR adjustable LDO, PA gate bias VGG 4.48 V while '); D U15.4 on PA_KEY (netlist: PA_KEY); D U15.1 on VGG_SW (netlist: VGG_SW); D J_VGG.1 on VGG_SW (netlist: VGG_SW); board B: 2 parts whose value holds 'M.2 E-key' (read: 2, J_M2C1,J_M2C3); v2/docs/feasibility/EMCON.md says '### 0a.1|`U540`|`R536`|`R537`|`U536`|`RB_IEN`|`U543`'
V2-SPEC.md#Compute, storage, expansion (B16, about 330 x 200 mm; the distributed fabric of 32.52):L29:cell:1:s1 [72057ed854] NOT DERIVABLE
    no single CM5 is a single point of failure: one, two or three modules in any slot, every device visible to all modules, the OS and the HAL adopt devices, k3s on top; four shared elements are outside it (correction 29)
    judgement: HELD DOCUMENT: a maker's figure, an analysis, a ruling or a record, not a netlist claim (the requirement, correction 29)
    names looked up: 0 parts, 0 nets
V2-SPEC.md#Compute, storage, expansion (B16, about 330 x 200 mm; the distributed fabric of 32.52):L30:cell:1:s1 [74b5364ce8] TRUE
    three identical CM5 slots (8 GB, 64 GB eMMC, wireless) joined by a Gigabit switch chip, the seven-port KSZ9897R (`U1` on B16; correction 32), with the sealed wall port and a spare header
    judgement: the seven-port KSZ9897R on B16; the three slots are the receptacle pairs
    names looked up: 1 parts, 0 nets
    part numbers (1): KSZ9897R on B (U1)
    asserted (4): B U1 value has 'seven-port Gigabit' (netlist: 'Microchip KSZ9897RTXI seven-port Gigabit switch: ports 1-3 t'); B U30A present; B U31A present; B U32A present
V2-SPEC.md#Compute, storage, expansion (B16, about 330 x 200 mm; the distributed fabric of 32.52):L31:cell:1:s1 [dcf3b13f2a] TRUE
    a PCIe switch (Diodes PI7C9X2G404SL, one upstream and three downstream lanes; 32.54) feeding one NVMe M.2 M-key 2242 (storage replicated across slots by k3s) and one card slot (slot 1 the WiFi link card, slot 2 the 5G module, slot 3 the second WiFi link card, correction 5); a four-port USB 3 hub with device headers; HDMI into the three-input display switch; time-pulse and heartbeat lines
    judgement: per slot a PI7C9X2G404 feeding an NVMe M-key socket and one card socket; the hubs and the display switches are board B's
    names looked up: 0 parts, 0 nets
    part numbers (1): PI7C9X2G404SL on B (U101,U201,U301)
    asserted (7): B U101 value has 'PI7C9X2G404' (netlist: 'Diodes PI7C9X2G404SL PCIe 2.0 switch, slot S1: up = CM5 lane'); B U201 value has 'PI7C9X2G404' (netlist: 'Diodes PI7C9X2G404SL PCIe 2.0 switch, slot S2: up = CM5 lane'); B U301 value has 'PI7C9X2G404' (netlist: 'Diodes PI7C9X2G404SL PCIe 2.0 switch, slot S3: up = CM5 lane'); B J_M2N1 value has 'M-key 2242' (netlist: 'M.2 M-key 2242 socket, Amphenol MDT420M02001, M2.5 standoff:'); B J_M2C1 value has 'E-key' (netlist: 'M.2 E-key 2230 socket, TE 2199230-4, M2.5 standoff: AsiaRF A'); B J_M2C2 value has 'B-key' (netlist: 'M.2 B-key 3052 socket, TE 2199119-3, M2.5 standoff: Quectel '); B J_M2C3 value has 'E-key' (netlist: 'M.2 E-key 2230 socket, TE 2199230-4, M2.5 standoff: the seco')
V2-SPEC.md#Compute, storage, expansion (B16, about 330 x 200 mm; the distributed fabric of 32.52):L32:cell:1:s1 [90a63397b8] TRUE
    Not everything is on a hub: the LoRa module is on slot 3's SPI, the 5G module's data on slot 2's PCIe lane (its management link is USB), the two WiFi link cards on the PCIe switches of slots 1 and 3, the compute modules' own WiFi and Bluetooth on each module, and the secure element, the holdover clock and the TMP117 on the kit I2C bus (correction 6).
    judgement: the attachments as drawn
    names looked up: 0 parts, 0 nets
    part numbers (1): TMP117 on B (U10)
    asserted (6): B U548.1 on SPI3_MOSI (netlist: SPI3_MOSI); board B: 2 parts whose value holds 'M.2 E-key' (read: 2, J_M2C1,J_M2C3); B net SDA holds U10,U8,U9 (missing: none); B U8 value has 'ATECC608B' (netlist: 'ATECC608B-SSHDA-T secure element (I2C 0x60): keys behind ZER'); B U9 value has 'DS3231SN' (netlist: 'DS3231SN# holdover clock (I2C 0x68, TCXO and crystal), CR203'); B U10 value has 'TMP117' (netlist: 'TMP117AIDRVR board temperature under the coolers (I2C 0x49; ')
V2-SPEC.md#Compute, storage, expansion (B16, about 330 x 200 mm; the distributed fabric of 32.52):L32:cell:1:s2 [bd895a6727] NOT DERIVABLE
    **The physical owner is a hardware fabric choice, not a cabling one:** each of the three hub banks is switched between a home module and one neighbour by a 2-of-3 voted selection driven by three I/O supervisors (`ARCH-PCB-B-IOHA.md`), so the loss of one module is meant to move its bank rather than remove it.
    judgement: HELD DOCUMENT: a maker's figure, an analysis, a ruling or a record, not a netlist claim (the IOHA fabric)
    names looked up: 0 parts, 0 nets
    asserted (1): board B: 3 parts whose value holds 'STM32H743' (read: 3, U41,U51,U61)
V2-SPEC.md#Compute, storage, expansion (B16, about 330 x 200 mm; the distributed fabric of 32.52):L32:cell:1:s3 [13651ca141] NOT DERIVABLE
    The LoRa module and the 5G data path have no second path and go with their module (`ARCH-PCB-B-IOHA.md` section 15), the named exceptions to line 29's requirement for prototype 1 (`ARCH-PCB-B-IOHA.md` section 15a; correction 6).
    judgement: HELD DOCUMENT: a maker's figure, an analysis, a ruling or a record, not a netlist claim (IOHA sections 15 and 15a)
    names looked up: 0 parts, 0 nets
V2-SPEC.md#Compute, storage, expansion (B16, about 330 x 200 mm; the distributed fabric of 32.52):L33:cell:1:s1 [d3e7d3ae2a] NOT DERIVABLE
    LEDs, switches, sounder, e-paper, ambient light, blackout and NVG lighting, HDMI input select, heartbeats, the hardware EMCON line and the ZEROIZE toggle input independent of any module (the wipe itself is firmware and provisioning, D-03; correction 7); the secure element on its bus
    judgement: HELD DOCUMENT: a maker's figure, an analysis, a ruling or a record, not a netlist claim (the panel controller's functions)
    names looked up: 0 parts, 0 nets
V2-SPEC.md#Compute, storage, expansion (B16, about 330 x 200 mm; the distributed fabric of 32.52):L34:cell:1:s1 [63d017d3ba] TRUE
    Firmware and provisioning, no board change (the toggle is sensed on C7 alone since `faf8c981`, with a buffer onto the ribbon line; correction 19); precondition: an erasable slot map on the fitted ATECC608B, closed at desk from Microchip's public documents by `feasibility/ZEROIZE.md` (two key-encryption keys, both destroyed) and owed on the bench (the full datasheet stays under NDA), the SLB 9673 TPM 2.0 the fallback.
    judgement: the toggle sensed on C7 with U12 onto the ribbon line; the precondition is ZEROIZE.md's
    names looked up: 1 parts, 0 nets
    part numbers (1): ATECC608B elsewhere: board B's U8; the toggle is C7's
    asserted (15): C SW_ZERO.1 on ZEROIZE_SW (netlist: ZEROIZE_SW); C SW_ZERO.2 on GND (netlist: GND); C R10 value has '10k' (netlist: '10k'); C R10.1 on ZEROIZE_SW (netlist: ZEROIZE_SW); C R10.2 on +3V3 (netlist: +3V3); C C20 value has '10n' (netlist: '10n'); C C20.1 on ZEROIZE_SW (netlist: ZEROIZE_SW); C U3 GPIO22 on ZEROIZE_SW (netlist: ZEROIZE_SW); C U12 value has '74LVC1G17' (netlist: '74LVC1G17 Schmitt-trigger non-inverting buffer (Diodes 74LVC'); C U12.2 on ZEROIZE_SW (netlist: ZEROIZE_SW); C U12.4 on ZEROIZE_HW (netlist: ZEROIZE_HW); B net ZEROIZE_HW holds J_AB1,J_PANEL,TP8 (missing: none); D net ZEROIZE_HW holds J_HARN1,TP9 (missing: none); A net ZEROIZE_HW holds J_AB1,J_MEZZ1,R117 (missing: none); A R117 value has '10k' (netlist: '10k')
V2-SPEC.md#Compute, storage, expansion (B16, about 330 x 200 mm; the distributed fabric of 32.52):L34:cell:1:s2 [c69433aac0] TRUE
    Firmware integrity: software-verified boot on the STM32H743 I/O supervisors, and on the compute modules if Raspberry Pi documents it, is the prototype's floor, and a hardware root of trust is required at a production trigger (owner ruling D-13, 26 Sep 2026; correction 14).
    judgement: the supervisors are STM32H743 (U41, U51, U61); the boot floor is D-13's
    names looked up: 0 parts, 0 nets
    part numbers (1): STM32H743 on B (U41,U51,U61)
    asserted (3): B U41 value has 'STM32H743' (netlist: 'STM32H743VIT6 I/O supervisor A: 2-of-3 quorum on two CAN-FD '); B U51 value has 'STM32H743' (netlist: 'STM32H743VIT6 I/O supervisor B: 2-of-3 quorum on two CAN-FD '); B U61 value has 'STM32H743' (netlist: 'STM32H743VIT6 I/O supervisor C: 2-of-3 quorum on two CAN-FD ')
V2-SPEC.md#Compute, storage, expansion (B16, about 330 x 200 mm; the distributed fabric of 32.52):L35:cell:1:s1 [6b8e35c93d] TRUE
    the LG290P's time pulse fanned out to every slot; the DCF77 pulse reaches only the sensor controller on E (correction 8); a holdover RTC on the kit I2C bus that the panel controller masters (board B's DS3231SN `U9`; correction 32), chrony on each module
    judgement: the holdover clock is B's DS3231SN on the kit bus that C's RP2040 masters; the time pulses are the correction 8 record's
    names looked up: 1 parts, 0 nets
    part numbers (2): DS3231SN on B (U9); LG290P on B (BT1,J_GNSS2,U11)
    asserted (4): B U9 value has 'DS3231SN' (netlist: 'DS3231SN# holdover clock (I2C 0x68, TCXO and crystal), CR203'); B U9.15 on SDA (netlist: SDA); C U3 GPIO0 on SDA (netlist: SDA); B net SDA holds J_PANEL (missing: none)
V2-SPEC.md#Bearers and radios:L40:cell:1:s1 [b37e8f58fe] TRUE
    RockBLOCK 9704 SMA (Iridium Messaging Transport) with the Maxtena M1621HCT-P-SMA helical
    judgement: the RockBLOCK 9704 site on B16; the helical antenna is a case item
    names looked up: 0 parts, 0 nets
    part numbers (1): M1621HCT-P-SMA case: Maxtena's antenna on the east wall
    asserted (1): B J_RB9704 value has 'RockBLOCK 9704' (netlist: 'RockBLOCK 9704 16-pin (IDC 2x8) on the Ground Control bracke')
V2-SPEC.md#Bearers and radios:L40:cell:2:s1 [269eb6eecd] TRUE
    B16 UART, east jack
    judgement: the RockBLOCK's serial lines on B16
    names looked up: 0 parts, 0 nets
    asserted (2): B J_RB9704.14 on RB_RXD (netlist: RB_RXD); B net RB_TXD holds J_RB9704 (missing: none)
V2-SPEC.md#Bearers and radios:L41:cell:1:s1 [6ea98bdfa1] TRUE
    5G module on M.2 B-key (the Quectel RM520N-GL, the working assumption of 32.49 that the generator carries, a key-B module, on a key-B socket since `458b2873` whose land carries the maker's two locating holes since board B's round 8 (correction 28); SIM 2 on the module's own USIM2 pins since `458b2873`; corrections 9 and 19), three antenna jacks on ANT0, ANT2 and ANT3 if the case measurement confirms the extra site, otherwise two on ANT0 and ANT2 (owner ruling D-07, 26 Sep 2026; correction 12), dual SIM as two nano-SIM holders, SIM 1 on the module's (U)SIM1 pins and SIM 2 on its USIM2 pins behind four 0 ohm links at the module, so that the same board also builds the eSIM-plus-nano-SIM configuration of appendix 32.50 item 12 with an eSIM-fitted module variant and the four links left off (Quectel RM520N series hardware design v1.1 section 4.1.6, Figure 19); prototype 1 is built with two nano-SIMs (the session's choice SC-13 under the owner's standing rule of 26 September 2026; correction 22); the SIM TVS array the maker asks for (at most 10 pF) is fitted since board B's round 8, a TI TPD4E001 on each holder (correction 28), and the eSIM variant's order code is owed (open item S-13; conflict CFL-010 is resolved on this description, correction 22)
    judgement: the key-B socket, the two SIM holders and their TPD4E001 arrays; the SIM pin map is Quectel's
    names looked up: 0 parts, 0 nets
    part numbers (3): RM520N on B (C520,C521,J_M2C2,U221); RM520N-GL on B (J_M2C2); TPD4E001 on B (U222,U223)
    asserted (5): B J_M2C2 value has '2199119' (netlist: 'M.2 B-key 3052 socket, TE 2199119-3, M2.5 standoff: Quectel '); board B has a part whose value holds 'TPD4E001' (U222,U223); B U222 value has 'TPD4E001' (netlist: 'TPD4E001DBVR SIM 1 ESD array (IO1 RST, IO2 CLK, IO3 IO, VCC '); B U223 value has 'TPD4E001' (netlist: 'TPD4E001DBVR SIM 2 ESD array (IO1 RST, IO2 CLK, IO3 IO, VCC '); board B: 2 parts whose designator holds 'J_SIM' (read: 2, J_SIM1,J_SIM2)
V2-SPEC.md#Bearers and radios:L41:cell:2:s1 [5197d59831] NOT DERIVABLE
    B16 PCIe, east jacks
    judgement: CASE: a mechanical or case item, not a netlist claim (the jacks)
    names looked up: 0 parts, 0 nets
    asserted (1): B J_M2C2 present
V2-SPEC.md#Bearers and radios:L42:cell:1:s1 [26edd0867a] TRUE
    **two** AsiaRF AW7915-AED (MT7915, 2.4 and 5 GHz) for mesh or point-to-point links without an access point, one on slot 1 and one on slot 3, sharing the two antennas through a voted RF changeover so the link survives one module loss (only one radio is live at a time)
    judgement: two AW7915-AED on card sockets of slots 1 and 3, through the changeover
    names looked up: 0 parts, 0 nets
    part numbers (2): AW7915-AED on B (J_M2C1,J_M2C3); MT7915 module: MediaTek's chipset inside the bought AW7915-AED card
    asserted (4): B J_M2C1 value has 'AW7915' (netlist: 'M.2 E-key 2230 socket, TE 2199230-4, M2.5 standoff: AsiaRF A'); B J_M2C3 present; B J_WOA present; B J_WOB present
V2-SPEC.md#Bearers and radios:L42:cell:2:s1 [93fc305d0b] NOT DERIVABLE
    B16 PCIe, two jacks, on the west wall by case choice C2 (on the east wall as generated; correction 20)
    judgement: CASE: a mechanical or case item, not a netlist claim (the jacks' wall)
    names looked up: 1 parts, 0 nets
V2-SPEC.md#Bearers and radios:L43:cell:1:s1 [ef6e21d8f1] TRUE
    the CM5's own radio with Raspberry Pi's certified antenna kit; on the EMCON line since `458b2873` through open drains that only pull its disable pins low (corrections 4 and 19)
    judgement: the modules' radio disables through open drains
    names looked up: 0 parts, 0 nets
    asserted (20): B U113.1 on EMCON_ON1 (netlist: EMCON_ON1); B U113.3 on EMCON_ON1 (netlist: EMCON_ON1); B U113.6 on WL_nDIS1 (netlist: WL_nDIS1); B U113.4 on BT_nDIS1 (netlist: BT_nDIS1); B U113.5 on +3V3_CM1 (netlist: +3V3_CM1); B U213.1 on EMCON_ON2 (netlist: EMCON_ON2); B U213.6 on WL_nDIS2 (netlist: WL_nDIS2); B U213.5 on +3V3_CM2 (netlist: +3V3_CM2); B U313.1 on EMCON_ON3 (netlist: EMCON_ON3); B U313.6 on WL_nDIS3 (netlist: WL_nDIS3); B U313.5 on +3V3_CM3 (netlist: +3V3_CM3); B U114.1 on WL_nDIS1_OFF (netlist: WL_nDIS1_OFF); B U114.6 on WL_nDIS1 (netlist: WL_nDIS1); B U114.4 on BT_nDIS1 (netlist: BT_nDIS1); B U214.6 on WL_nDIS2 (netlist: WL_nDIS2); B U214.4 on BT_nDIS2 (netlist: BT_nDIS2); B U314.6 on WL_nDIS3 (netlist: WL_nDIS3); B U314.4 on BT_nDIS3 (netlist: BT_nDIS3); B U6 IO1_0 on WL_nDIS1_OFF (netlist: WL_nDIS1_OFF); B U6 IO1_3 on BT_nDIS1_OFF (netlist: BT_nDIS1_OFF)
V2-SPEC.md#Bearers and radios:L44:cell:1:s1 [a5aa823360] TRUE
    bare 1 W SPI module of the E22-900M30S class (SX1262 + 30 dBm amplifier), meshtasticd on the CM5, EU power capped in software
    judgement: B16's E22-900M30S on SPI; the software cap is the firmware's
    names looked up: 0 parts, 0 nets
    part numbers (2): E22-900M30S on B (U12); SX1262 on B (U12)
    asserted (1): B U12 value has 'E22-900M30S' (netlist: 'Ebyte E22-900M30S 1 W LoRa (SX1262) on S3 SPI0 CE1: TXEN GPI')
V2-SPEC.md#Bearers and radios:L44:cell:2:s1 [fab095e0a3] TRUE
    B16 SPI, east jack
    judgement: the E22 on slot 3's SPI through the LORA_GO gates
    names looked up: 0 parts, 0 nets
    asserted (3): B U12 value has 'E22' (netlist: 'Ebyte E22-900M30S 1 W LoRa (SX1262) on S3 SPI0 CE1: TXEN GPI'); B U548.2 on LORA_GO (netlist: LORA_GO); B J_SPI3 present
V2-SPEC.md#Bearers and radios:L45:cell:1:s1 [d93fb7e9b9] TRUE
    Ebyte E72-2G4M20S1E (CC2652P) as coordinator, on-board antenna
    judgement: B16's E72-2G4M20S1E (CC2652P) coordinator
    names looked up: 0 parts, 0 nets
    part numbers (1): CC2652P on B (J_ZBDBG1,J_ZBDBG2,U13,U14)
    asserted (1): B U13 value has 'E72-2G4M20S1E CC2652P (Zigbee coordinator)' (netlist: 'Ebyte E72-2G4M20S1E CC2652P (Zigbee coordinator): 7 DIO_12 R')
V2-SPEC.md#Bearers and radios:L45:cell:2:s1 [bd1020ac37] TRUE
    B16 UART
    judgement: the two E72 on B16
    names looked up: 0 parts, 0 nets
    asserted (2): B U13 value has 'E72' (netlist: 'Ebyte E72-2G4M20S1E CC2652P (Zigbee coordinator): 7 DIO_12 R'); B U14 value has 'E72' (netlist: 'Ebyte E72-2G4M20S1E CC2652P (OpenThread RCP for Matter): 7 D')
V2-SPEC.md#Bearers and radios:L46:cell:2:s1 [bd1020ac37] TRUE
    B16 UART
    judgement: the two E72 on B16
    names looked up: 0 parts, 0 nets
    asserted (2): B U13 value has 'E72' (netlist: 'Ebyte E72-2G4M20S1E CC2652P (Zigbee coordinator): 7 DIO_12 R'); B U14 value has 'E72' (netlist: 'Ebyte E72-2G4M20S1E CC2652P (OpenThread RCP for Matter): 7 D')
V2-SPEC.md#Bearers and radios:L47:cell:1:s1 [2d94b4029a] STALE
    NiceRF SA868 1 W with a 30 W VHF amplifier stage (RA30H1317M class, T/R relay, low-pass filter; sheet *owed*), Direwolf on the WM8960 codec, hardware PTT inhibit
    judgement: the WM8960 left gen_sch_d.py at bdfc7b3f and D8's codec is the PCM2912A U6; the RA30H1317M1's sheet is held (corrected in round 4, correction 34)
    FAILS: WM8960 is on no netlist's part values
    names looked up: 0 parts, 0 nets
    part numbers (3): RA30H1317M on D (J_PAIN,J_PAOUT,J_VGG); SA868 on D (U13,U2)
    asserted (4): board D has no part whose value holds 'WM8960' (found: none); D U6 value has 'PCM2912A' (netlist: 'TI PCM2912A USB audio codec (TQFP-32): mono input from the e'); v2/ecad/tools/gen_sch_d.py at bdfc7b3f does not say 'WM8960'; v2/vendor/mitsubishi/ra30h1317m1-datasheet.pdf's text holds 'RA30H1317M1'
V2-SPEC.md#Bearers and radios:L47:cell:2:s1 [00075b673b] TRUE
    D8, west jack
    judgement: the SA868 on D8
    names looked up: 1 parts, 0 nets; D8 on ACE (sentence names D)
    asserted (1): D U2 value has 'SA868' (netlist: 'NiceRF SA868 VHF 2 W exciter, bench-fitted (castellated; VBA')
V2-SPEC.md#Bearers and radios:L48:cell:2:s1 [0163325df3] TRUE
    B16 USB (`J_QMX`), A22's 12 V HF rail, the HF jack
    judgement: J_QMX on B16 and the 12 V HF rail on A22
    names looked up: 1 parts, 0 nets
    asserted (3): B J_QMX present; A J_HF.1 on +12V_HF (netlist: +12V_HF); A U15 value has '+12V_HF' (netlist: 'LM5176PWPR buck-boost controller, +12V_HF from VBAT')
V2-SPEC.md#Bearers and radios:L49:cell:2:s1 [7047eb808a] TRUE
    B16 USB 3, west jack
    judgement: the LimeSDR's USB 3 receptacle on B16
    names looked up: 0 parts, 0 nets
    asserted (2): B J_LIME value has 'USB 3.0' (netlist: 'USB 3.0 type A receptacle (Wuerth 692122030100 land): the Li'); B J_LIME.1 on +5V_LIME (netlist: +5V_LIME)
V2-SPEC.md#Bearers and radios:L50:cell:1:s1 [26424f2f31] NOT DERIVABLE
    Quectel LG290P (all six constellations, L1/L2/L5/E6, RTK capable) with the Quectel YEGD006U1A puck or the u-blox ANN-MB2
    judgement: HELD DOCUMENT: a maker's figure, an analysis, a ruling or a record, not a netlist claim (the GNSS receiver's maker data)
    names looked up: 1 parts, 0 nets
    part numbers (2): LG290P elsewhere: board B's U11; E6 here is the Galileo band; YEGD006U1A case: Quectel's antenna puck on the wall
V2-SPEC.md#Bearers and radios:L50:cell:2:s1 [ccb40f1128] TRUE
    B16 UART, west jack
    judgement: the LG290P on B16
    names looked up: 0 parts, 0 nets
    asserted (1): B U11 value has 'LG290P' (netlist: 'Quectel LG290P03AAMD GNSS RTK module: UART1 to the bridge, 1')
V2-SPEC.md#Bearers and radios:L51:cell:1:s1 [3a7ee237a0] NOT DERIVABLE
    gas-discharge arrestors as the bulkheads, the twelve PolyPhaser GTH-SFF-AL of line 10 on the RF entry plates, grounded through the plates to the ground stud (case choices C2 and C4, correction 20; their ground lead is owed to `GROUNDING-AND-SHIELDS.md`); a receive limiter or relay on the SDR path during key-down (line 49); a shielded compartment for the PA
    judgement: CASE: a mechanical or case item, not a netlist claim
    names looked up: 2 parts, 0 nets
V2-SPEC.md#Panel and human interface (face plate, C7):L57:cell:1:s1 [3ca8195c32] TRUE
    Pervasive Displays E2370KS0C1, 3.7 in 416 x 240 wide-temperature panel under the plate lens: identity, status and the QR code with the power off
    judgement: C7's e-paper ZIF for the E2370KS0C1
    names looked up: 0 parts, 0 nets
    part numbers (1): E2370KS0C1 on C (J_EPD)
    asserted (1): C J_EPD value has 'E2370KS0C1' (netlist: 'Hirose FH34SRJ-24S-0.5SH ZIF for the E2370KS0C1 flex (0.5 mm')
V2-SPEC.md#Panel and human interface (face plate, C7):L58:cell:1:s1 [013c77ba2f] TRUE
    APEM 5636ADKB-2V locking toggles for SOS, EMCON and ZEROIZE with hinged safety covers on SOS and ZEROIZE (cover part *owed*), C&K and NKK buttons for MAIN, PI and TEST, the LIGHT toggle.
    judgement: the switches' makers as their value texts; the covers are a plate item
    names looked up: 0 parts, 0 nets
    part numbers (1): APEM 5636ADKB-2V on C (SW_EMCON,SW_SOS,SW_ZERO)
    asserted (3): board C: 3 parts whose value holds 'APEM' (read: 3, SW_EMCON,SW_SOS,SW_ZERO); board C: 3 parts whose value holds 'C&K' (read: 3, SW_MAIN,SW_PI,SW_TEST); C SW_LIGHT value has 'NKK' (netlist: 'LIGHTING DAY/NIGHT/BLACKOUT toggle DPDT ON-ON-ON (pole 1: ra')
V2-SPEC.md#Panel and human interface (face plate, C7):L58:cell:1:s2 [aecdadb86d] NOT DERIVABLE
    SOS sends a distress message with the kit's position over the available bearers, Iridium first when nothing else is up, to a configured recipient list, and never through EMCON: under EMCON the message is queued and the operator told (owner ruling D-10, 26 Sep 2026, firmware only; correction 17)
    judgement: FIRMWARE: the firmware contract or an operating procedure, not a netlist claim
    names looked up: 0 parts, 0 nets
V2-SPEC.md#Panel and human interface (face plate, C7):L59:cell:1:s1 [884cd4a8b5] TRUE
    sixteen LEDs through IP68 light guides and, since board C's round 8, a seventeenth, the amber hardware EMCON lamp lit from the EMCON lines with no processor in its path, whose light guide in the plate is owed (open item S-44; correction 30); the Floyd Bell sounder; blackout and NVG modes
    judgement: sixteen LEDs and the amber D22 lit from the EMCON lines through U14 and Q7; the light guide is a plate item
    names looked up: 0 parts, 0 nets
    asserted (6): C D16 present; C D22 value has 'amber' (netlist: '3 mm EMCON amber (hardware, no processor), sunlight viewable'); C U14.3 on TX_INHIBIT_n (netlist: TX_INHIBIT_n); C U14.6 on EMCON_HW (netlist: EMCON_HW); board C: 17 parts whose footprint holds 'LED_D3.0mm' (read: 17, D1,D10,D11,D12,D13,D14,D15,D16,D2,D22,D3,D4,D5,D6,D7,D8,D9); C D22 value has 'amber' (netlist: '3 mm EMCON amber (hardware, no processor), sunlight viewable')
V2-SPEC.md#Panel and human interface (face plate, C7):L60:cell:1:s1 [1680565a78] NOT DERIVABLE
    the monitor's built-in waterproof speaker over HDMI for the UI, spoken alerts and net monitoring (volume and mute in its menu); two sealed MIL headset jacks with PTT on the codec as the private path; net audio recording to the drives; blackout mutes the speaker and the sounder (32.53)
    judgement: HELD DOCUMENT: a maker's figure, an analysis, a ruling or a record, not a netlist claim (the audio path)
    names looked up: 0 parts, 0 nets
    asserted (2): board C: 2 parts whose designator holds 'J_HSJ' (read: 2, J_HSJ1,J_HSJ2); board D: 2 parts whose designator holds 'J_HS' (read: 2, J_HS1,J_HS2)
V2-SPEC.md#Sensors (the sensor controller on E6: a second RP2040 as a USB device, the sensor board of the plan folded into the dock strip):L65:para:s1 [5290ae6443] NOT DERIVABLE
    inside temperature, humidity and pressure with the outside pressure as a seal check; floor water sensor with alarm and pack shutdown; six-axis IMU with magnetometer (shock and tilt log, heading, motion wake-up); hydrogen and VOC sensing in the battery bay with shutdown; ambient light; AS3935 lightning detector with a mast-down alarm; Geiger-Mueller tube counter inside (dose rate logged and shared over the mesh); outside temperature, humidity, pressure and UV in a sealed pod on the outside of the connector plate over an M8 sealed receptacle, with a UV-transparent window (no vent anywhere, 32.53).
    judgement: HELD DOCUMENT: a maker's figure, an analysis, a ruling or a record, not a netlist claim
    names looked up: 0 parts, 0 nets
    part numbers (1): AS3935 on E (J_LTG)
V2-SPEC.md#Qualification:L69:para:s1 [7ef3fa7ff9] NOT DERIVABLE
    **Owner rulings on this plan (`CONOPS.md` sections 2a and 7; correction 10).** On 25 September 2026 (D-02a) the owner ruled that the +55 C operation, +71 C storage (E3) and -33 C storage (E4) of `TEST-PLAN.md` are qualification margins over the envelope's -20 to +40 C in use and -20 to +45 C in storage, with two pass lines: operate to specification inside the envelope, survive and recover at the margin.
    judgement: HELD DOCUMENT: a maker's figure, an analysis, a ruling or a record, not a netlist claim (ruling D-02a)
    names looked up: 0 parts, 0 nets
V2-SPEC.md#Qualification:L69:para:s2 [2baa3139db] NOT DERIVABLE
    Prototype 1 is accepted on a named core (D-01, 25 September 2026: messaging over Iridium, 5G, LoRa and APRS, the three-slot failover fabric, pack, vehicle and solar charging, hardware EMCON, ZEROIZE of the secure element, pack safety, service and programming access; SOS joins it as the session's choice under the owner's standing rule of 26 September 2026); every other function is built where possible and reported NOT_YET_TESTED, never as a pass.
    judgement: HELD DOCUMENT: a maker's figure, an analysis, a ruling or a record, not a netlist claim
    names looked up: 0 parts, 0 nets
V2-SPEC.md#Thermal and environment:L73:para:s1 [286e14a698] TRUE
    no vent opening anywhere in the case skin or the plate (owner ruling 7 Sep 2026, 32.53): the heat leaves through the aluminium face plate and the case walls; five IP68-rated internal fans (one per CM5 cooler, driven by its module, and two mixer fans under the plate, driven by the sensor controller; correction 32) couple the inside air to the skin; the 30 W PA module bolts flat to the plate's underside on two PEM nuts with a thermal pad (32.56); estimated inside-air rise about 10 K with one module and 16 K with three loaded modules with the lid open (32.53), to be measured by `TEST-PLAN.md` E3; the kit is to be operated shaded, a stated operating condition, with a shade accessory (a lid sun shield or a tarp) and full-sun design a later qualification item (owner ruling D-02e, 26 Sep 2026); with the lid closed the kit runs the reduced mode (owner ruling D-02b of 25 Sep 2026: closed-lid operation in a defined reduced mode, for example GNSS, LoRa mesh, Iridium and APRS beacons, monitor off and one module, with a closed-lid state and thermal test to join `TEST-PLAN.md` and a lid sensor, drawn on board E since `faf8c981` (correction 19); accepted consequences: above +35 C ambient the kit runs one module, and with three loaded modules charging holds off above about +25 C ambient); both restrictions are proposed controls, not established limits: with the current heat budget the design record's own conductance puts the charge hold-off for three typical modules at +19.5 to +21.6 C, the independent bound anywhere from -18 to +19 C, and the hot end is undecided until the enclosure conductance is measured; the design implements the restrictions as controls on the measured pack current and temperatures (the thermal controls C1 to C4 of `feasibility/POWER-THERMAL.md` section 9.3, not the case choices of line 9; the session's choice), and an early heat-balance test is proposed there (finding PWR-F08, feasibility blocker FEA-004; correction 23); the pack's heater mat and the inside climate sensor set the cold-weather behaviour, and a start from a pack cold-soaked below about -10 C at the cells is out of scope for the prototype: it needs shore or vehicle power, or warming, first (owner ruling D-02d, 26 Sep 2026); the case keeps Peli's own pressure equalisation valve (correction 10).
    judgement: the fans: the coolers on their modules, the mixers on E's sensor controller; the thermal text is the record's
    names looked up: 2 parts, 0 nets
    asserted (13): B J_FAN1.4 on FAN_PWM1 (netlist: FAN_PWM1); B U30A Fan_PWM on FAN_PWM1 (netlist: FAN_PWM1); B J_FAN1.3 on FAN_TACHO1 (netlist: FAN_TACHO1); B J_FAN2 present; B J_FAN3 present; E J_FAN1.3 on FAN1_TACH (netlist: FAN1_TACH); E U10.13 on FAN1_TACH (netlist: FAN1_TACH); E U10 value has 'RP2040' (netlist: 'RP2040 sensor controller (USB to B16 through the dock)'); E Q9.3 on FAN1_SW (netlist: FAN1_SW); E J_FAN1.2 on FAN1_SW (netlist: FAN1_SW); E J_FAN2 present; board E: 2 parts whose designator holds 'J_FAN' (read: 2, J_FAN1,J_FAN2); board B: 3 parts whose designator holds 'J_FAN' (read: 3, J_FAN1,J_FAN2,J_FAN3)
V2-SPEC.md#Open items (the generators have run; these remain owed):L76:para:s1 [0aa470c049] TRUE
    the third 5G jack of the key-B socket (TE 2199119-3 since `458b2873`, whose land carries the maker's two locating holes and whose SIM holders carry the TVS arrays since board B's round 8; corrections 9, 22 and 28), which waits on the board E clamp fit (D-07; its case half is laid out, `CASE-MARGINS.md` section 3.4; correction 12); the KSZ9897, ATECC608B (its full datasheet is under NDA), DS3231, LIS3MDL, TE and Amphenol M.2 drawings (laptop list, 32.54); the sealed USB-C and RJ45 wall parts; the U-174/U headset jacks; the SOS and ZEROIZE cover part; the 2 m antenna; the tablet; the IP68 fans (owner question D-18, open and conditional: it arises only if no 40 mm IP68 fan fits the coolers, and the session then settles it under the owner's standing rule); and, of the design changes the owner's rulings of 26 September 2026 leave to the session, the ones still owed: the RockBLOCK 9704's response to its ENABLE, which the EMCON hardware forces low since board B's stream w4b (`U536`; a maker's document or bench E-04; correction 32), the SA868's PTT threshold (bench E-01), the hardware EMCON lamp's light guide in the face plate (SD-EMC-6; the lamp is drawn on board C since its round 8, correction 30) and the items every row of the EMCON line shares (D-05, `feasibility/EMCON.md` sections 0a and 7; correction 26; the 5G module's supply removal is drawn since board B's round 8, correction 28), the key-down time and state-of-charge floor as pass lines, PROVISIONAL today (D-11), and the VHF band lock (D-04); in the schematics since `faf8c981`, `458b2873` and `d90f30e4`, and neither laid out nor built: the compute modules' radios and the WiFi link cards' supplies on the EMCON line (D-05), the outlet interlock (D-11), the wall USB data path to the Glenair 233-370 (D-12; correction 13), the pack's secondary protection floor on board P (D-15) and the external ESD array at board A's USB-C CC pins (D-17) (correction 19).
    judgement: U536 forces the ENABLE low; the rest of the list is owed items and history
    names looked up: 1 parts, 0 nets
    part numbers (6): ATECC608B on B (U8); DS3231 on B (BT1,U9); KSZ9897 on B (U1); SA868 on D (U13,U2) (the sentence names ABCEP); TE 2199119-3 on B (J_M2C2); U-174/U on C (J_HSJ1,J_HSJ2), D (J_HS1,J_HS2)
    asserted (22): B U503.1 on EMCON_HW (netlist: EMCON_HW); B U503.2 on RB_SW_EN (netlist: RB_SW_EN); B U503.4 on RB_EN (netlist: RB_EN); B U503.5 on +3V3_DEV (netlist: +3V3_DEV); B R530.1 on RB_EN (netlist: RB_EN); B R530.2 on RB_UVLO (netlist: RB_UVLO); B U24 value has 'TPS259631' (netlist: 'TPS259631DDAR eFuse +5V_DEV -> +5V_RB (301R 1% (ILM: 3.0 A))'); B U24.3 on RB_UVLO (netlist: RB_UVLO); B U24.4 on +5V_DEV (netlist: +5V_DEV); B U24.5 on +5V_RB (netlist: +5V_RB); B J_RB9704.15 on +5V_RB (netlist: +5V_RB); B U6 IO0_2 on RB_SW_EN (netlist: RB_SW_EN); B U536 value has 'SN74LVC1G08' (netlist: 'SN74LVC1G08DBVR AND (1 A 2 B 3 GND 4 Y 5 VCC): RockBLOCK ENA'); B U536.1 on EMCON_HW (netlist: EMCON_HW); B U536.2 on RB_SW_IEN (netlist: RB_SW_IEN); B U536.4 on RB_IEN_DRV (netlist: RB_IEN_DRV); B U536.5 on +3V3_DEV (netlist: +3V3_DEV); B U6 IO1_6 on RB_SW_IEN (netlist: RB_SW_IEN); B R532 value has '2.7k' (netlist: '2.7k 1%'); B R532.1 on RB_IEN_DRV (netlist: RB_IEN_DRV); B J_M2C2 value has '2199119' (netlist: 'M.2 B-key 3052 socket, TE 2199119-3, M2.5 standoff: Quectel '); B U222 value has 'TPD4E001' (netlist: 'TPD4E001DBVR SIM 1 ESD array (IO1 RST, IO2 CLK, IO3 IO, VCC ')
V2-SPEC.md#Open items (the generators have run; these remain owed):L76:para:s2 [181b0ac69c] NOT DERIVABLE
    Closed on 7 Sep 2026: the PCIe switch (Diodes), the hubs, the display switch, the bridges, the controllers, the sensors' stock, the SA868 sheet, the PA sheet and heat path, Xenarc's drawing, the vent (none), the ASM118x question (0 stock).
    judgement: HISTORY: a dated record of an earlier reading or wording, true as history, not re-derived against set 12 (the open items closed on 7 September)
    names looked up: 0 parts, 0 nets
    part numbers (1): SA868 on D (U13,U2)
V2-SPEC.md#Boards of this generation (as generated on 7 September 2026; the owner's layer rulings of 25 September 2026 are noted in the rows, correction 11):L81:cell:0:s1 [0536e7eccf] TRUE
    A22
    judgement: a board name as a row label
    names looked up: 0 parts, 0 nets
V2-SPEC.md#Boards of this generation (as generated on 7 September 2026; the owner's layer rulings of 25 September 2026 are noted in the rows, correction 11):L81:cell:1:s1 [de16befa62] TRUE
    power and I/O, 240 x 160 mm, six layers (In1 and In4 solid ground): 14.4 V node, BQ25731 SMBus charger, the 9 to 36 V input passed up from E6, three 5.1 V slot rails and a device rail (AP64500, INA226 monitored), the 13.8 V PA and 12 V HF rails (LM5176, EMCON gated), the 54 V PoE rail, the 45 W USB-C outlet (TPS25740A and an LM5176 stage; the TPS55288 had left the design on 7 September, correction 32), 3.3 V logic, eleven SMP-MAX blind-mate sites, the D8 mezzanine site, the 2x13 ribbon to B16
    judgement: the boards table's row read part by part against set 14's netlists (round 4: the heading's date excuses no part; each part the row names is on the netlists, or named with its date and asserted there); the TPS55288 is named as having left the design, at c5de605d
    names looked up: 1 parts, 0 nets
    part numbers (6): AP64500 on A (U4,U6), B (U103,U104,U203,U204); BQ25731 on A (U3); INA226 on A (U10,U11,U14,U17); LM5176 on A (U13,U15,U16,U19); TPS25740A on A (U18); TPS55288 asserted
    asserted (8): A U3 value has 'BQ25731' (netlist: 'BQ25731RSNR 1 to 5 cell buck-boost charger, 4S from the 20 V'); A U4 value has 'AP64500' (netlist: 'AP64500SP-13 5 A buck, 5.1 V rail +5V_S1'); A U18 value has 'TPS25740A' (netlist: 'TPS25740ARGER USB-C PD source controller, 45 W outlet (5, 9,'); A U19 value has 'LM5176' (netlist: 'LM5176PWPR buck-boost controller, PD_VPWR from VBAT'); board A has a part whose value holds 'INA226' (U10,U11,U14,U17,U8,U9); board A has no part whose value holds 'TPS55288' (found: none); gen_sch_a.py lines 267 to 267 at c5de605d hold TPS55288; board A: 3 parts whose value holds 'rail monitor +5V_S' (read: 3, U10,U8,U9)
V2-SPEC.md#Boards of this generation (as generated on 7 September 2026; the owner's layer rulings of 25 September 2026 are noted in the rows, correction 11):L82:cell:0:s1 [bc215963d1] TRUE
    B16
    judgement: a board name as a row label
    names looked up: 0 parts, 0 nets
V2-SPEC.md#Boards of this generation (as generated on 7 September 2026; the owner's layer rulings of 25 September 2026 are noted in the rows, correction 11):L82:cell:1:s1 [b1e7494b6d] STALE
    compute and radios, 330 x 200 mm, six layers (In1 solid ground, In4 the 5 V planes; decision 43 of 25 Sep 2026: measured on eight layers first, its whole-board run EXPERIMENTAL): three CM5 slots, per slot a PI7C9X2G404 PCIe switch, an NVMe 2242 socket, a card socket, a TUSB8041 USB 3 hub and a cooler fan header; the I/O high-availability layer of `ARCH-PCB-B-IOHA.md` (per bank a TMUXHS4212 and a TS3USB221A selecting between the home module and a neighbour, three STM32H743 supervisors (the part bought, which the owner accepted under D-13; the schematic text of `U41`, `U51` and `U61` reads H743 and CON-017 reads PASS in the requirements registry, corrections 14 and 32) on two CAN-FD fabrics, seven 2-of-3 voters and the antenna changeover); the KSZ9897 Ethernet switch, the TMDS341A display switch, the LimeSDR bay, the RockBLOCK site, the LG290P, the E22 LoRa module, two E72, the DS3231M clock, the ATECC608B, the TMP117, the panel and A22 ribbons
    judgement: the TMDS341A no generator has held (board B's display switches are the TS3DV642 U3 and U4, as at b2709118) and the DS3231M (board B's U9 is the DS3231SN) (corrected in round 4, correction 34)
    FAILS: no counts_ok entry for 'three CM5 slots'
    FAILS: no counts_ok entry for 'three STM32H743 supervisors'
    FAILS: DS3231M is on no netlist's part values
    FAILS: TMDS341A is on no netlist's part values
    names looked up: 3 parts, 0 nets; U51 on B (sentence names A); U61 on B (sentence names A)
    part numbers (11): ATECC608B on B (U8); KSZ9897 on B (U1); LG290P on B (BT1,J_GNSS2,U11); PI7C9X2G404 on B (U101,U201,U301); STM32H743 on B (U41,U51,U61); TMP117 on B (U10); TMUXHS4212 on B (U109,U209,U309); TS3USB221A on B (U110,U210,U310); TUSB8041 on B (U102,U202,U302)
    asserted (5): board B has no part whose value holds 'TMDS341' (found: none); B U3 value has 'TS3DV642' (netlist: 'TI TS3DV642A0RUAR HDMI 2:1 switch (HDMI1 / HDMI2 -> HDMIM)'); B U4 value has 'TS3DV642' (netlist: 'TI TS3DV642A0RUAR HDMI 2:1 switch (HDMIM / HDMI3 -> HDMIO)'); B U9 value has 'DS3231SN' (netlist: 'DS3231SN# holdover clock (I2C 0x68, TCXO and crystal), CR203'); v2/ecad/tools/gen_sch_b.py at b2709118 says 'TS3DV642'
V2-SPEC.md#Boards of this generation (as generated on 7 September 2026; the owner's layer rulings of 25 September 2026 are noted in the rows, correction 11):L83:cell:0:s1 [f167717fb2] TRUE
    C7
    judgement: a board name as a row label
    names looked up: 1 parts, 0 nets
V2-SPEC.md#Boards of this generation (as generated on 7 September 2026; the owner's layer rulings of 25 September 2026 are noted in the rows, correction 11):L83:cell:1:s1 [fa00f9ca7e] NOT DERIVABLE
    panel backer under the plate, a 344 x 228 ring with a 240 x 176 void, four layers (six ruled by the owner on 25 Sep 2026, decision 27, not yet regenerated): the RP2040 panel controller (a USB device with the hardware EMCON and ZEROIZE lines), sixteen LEDs under light guides, two PCA9555, the PDi e-paper ZIF and its boost stage, the sounder driver, the VEML7700, the switch lands, the headset jack and camera holes, the notch for the monitor's connector block; the PA flange sits in its void
    judgement: HISTORY: the boards table is headed 'as generated on 7 September 2026', a dated record, not re-derived against set 12
    names looked up: 0 parts, 0 nets
    part numbers (3): PCA9555 on A (U27,U28), B (U6,U7), C (U1,U2), D (U16); RP2040 on B (J_PANEL), C (U3), E (U10); VEML7700 on C (U_LIGHT)
V2-SPEC.md#Boards of this generation (as generated on 7 September 2026; the owner's layer rulings of 25 September 2026 are noted in the rows, correction 11):L84:cell:0:s1 [e32ddc3033] TRUE
    D8
    judgement: a board name as a row label
    names looked up: 1 parts, 0 nets; D8 on ACE (sentence names D)
V2-SPEC.md#Boards of this generation (as generated on 7 September 2026; the owner's layer rulings of 25 September 2026 are noted in the rows, correction 11):L84:cell:1:s1 [40489568ae] STALE
    VHF APRS mezzanine on A22, 100 x 80 mm, four layers: the SA868 exciter, the G6K T/R relay, the low-pass filter and the leads to the RA30H1317M1 on the plate, the PCM2912A USB codec and TPA6132A2 amplifier for the two headset jacks, the TUSB2046B hub and CP2102N bridge, the PTT and EMCON gate logic, the TPS22810 gate-bias switch, a PCA9555
    judgement: the TUSB2046B: board D's U4 is the TUSB2046IBVFR since 26 September 2026 (corrected in round 4, correction 34)
    FAILS: no counts_ok entry for 'two headset jacks'
    FAILS: TUSB2046B is on no netlist's part values
    names looked up: 0 parts, 0 nets
    part numbers (8): CP2102N on B (U15,U16,U17,U18), D (U3); PCA9555 on A (U27,U28), B (U6,U7), C (U1,U2), D (U16); PCM2912A on D (U6); RA30H1317M1 on D (J_PAIN,J_PAOUT,J_VGG); SA868 on D (U13,U2); TPA6132A2 on D (U7); TPS22810 on B (U21,U22), D (U21), E (U16)
    asserted (2): D U4 value has 'TUSB2046IBVFR' (netlist: 'TUSB2046IBVFR four-port USB 2.0 full-speed hub (TI, LQFP-32 '); board D has no part whose value holds 'TUSB2046B' (found: none)
V2-SPEC.md#Boards of this generation (as generated on 7 September 2026; the owner's layer rulings of 25 September 2026 are noted in the rows, correction 11):L85:cell:1:s1 [86f3aabede] TRUE
    the pack BMS board, 70 x 44 mm, two layers, 2 oz (four layers at 2 oz ruled by the owner on 25 Sep 2026, decision 28, not yet regenerated): BQ4050 SMBus gauge with protection and balancing, two CSD17570Q5B high-side FETs, 2 mohm shunt, 25 A blade, tap, thermistor and SMBus headers, lead lands (appendix 32.62)
    judgement: the boards table's row read part by part against set 14's netlists (round 4: the heading's date excuses no part; each part the row names is on the netlists, or named with its date and asserted there) (board P: the BQ4050 and the two CSD17570Q5B)
    names looked up: 0 parts, 0 nets
    part numbers (2): BQ4050 on P (RT1,U1); CSD17570Q5B on P (Q1,Q2)
    asserted (3): P U1 value has 'BQ4050' (netlist: 'BQ4050RSMR: SMBus 1.1 gas gauge, primary protection, 4S bala'); P Q1 value has 'CSD17570Q5B' (netlist: 'CSD17570Q5B 30 V N-FET, charge switch'); P Q2 value has 'CSD17570Q5B' (netlist: 'CSD17570Q5B 30 V N-FET, discharge switch')
V2-SPEC.md#Boards of this generation (as generated on 7 September 2026; the owner's layer rulings of 25 September 2026 are noted in the rows, correction 11):L86:cell:0:s1 [b073b98568] TRUE
    E6
    judgement: a board name as a row label
    names looked up: 0 parts, 0 nets
V2-SPEC.md#Boards of this generation (as generated on 7 September 2026; the owner's layer rulings of 25 September 2026 are noted in the rows, correction 11):L86:cell:1:s1 [0a2d2b6e41] STALE
    dock strip, 267 x 68 mm, four layers, and the block E5: the LM5176 9 to 36 V front end, the LT8705A solar tracker, the pack entry (XT60, 25 A fuse, SMBus), eleven float clamps, the sensor controller with the BME688, BMI270 and magnetometer, the water electrodes, the gas sensor, the DCF77, Geiger, lightning and outside-pod headers, two mixer fan headers
    judgement: the LM5176 front end on E6: board E carries the LM5069 U6, and the LM5176 front end is A22's U2, as at b2709118 (corrected in round 4, correction 34)
    FAILS: no counts_ok entry for 'two mixer fan'
    FAILS: LM5176 is on A (U13,U15,U16,U19), not on board E, the one board the sentence names
    names looked up: 0 parts, 0 nets
    part numbers (4): BME688 on E (U14); BMI270 on E (U15); LT8705A on E (U5)
    asserted (4): E U6 value has 'LM5069' (netlist: 'LM5069MM-2 hot-swap controller: 9 V on, 40 V off, current an'); board E has no part whose value holds 'LM5176' (found: none); A U2 value has 'LM5176' (netlist: 'LM5176PWPR buck-boost controller, VBUS20 from VIN_RAW'); v2/ecad/tools/gen_sch_e.py at b2709118 says "into A22's LM5176 front end"
V2-SPEC.md#Estimated cost per kit (parts only, prototype quantities, 6 Sep 2026):L100:cell:0:s1 [5e3035b8b7] NOT DERIVABLE
    AW7915-AED WiFi card
    judgement: HELD DOCUMENT: a maker's figure, an analysis, a ruling or a record, not a netlist claim (the cost estimate of 6 September 2026)
    names looked up: 0 parts, 0 nets
    part numbers (1): AW7915-AED on B (J_M2C1,J_M2C3)
V2-SPEC.md#Estimated cost per kit (parts only, prototype quantities, 6 Sep 2026):L102:cell:0:s1 [d807665aa1] NOT DERIVABLE
    LG290P module and GNSS puck
    judgement: HELD DOCUMENT: a maker's figure, an analysis, a ruling or a record, not a netlist claim (the cost estimate of 6 September 2026)
    names looked up: 0 parts, 0 nets
    part numbers (1): LG290P on B (BT1,J_GNSS2,U11)
V2-SPEC.md#Estimated cost per kit (parts only, prototype quantities, 6 Sep 2026):L103:cell:0:s1 [898c6bd452] NOT DERIVABLE
    LoRa 1 W module, two E72, SA868, PA module, QMX HF module
    judgement: HELD DOCUMENT: a maker's figure, an analysis, a ruling or a record, not a netlist claim (the cost estimate of 6 September 2026)
    names looked up: 0 parts, 0 nets
    part numbers (1): SA868 on D (U13,U2)
V2-SPEC.md#Estimated cost per kit (parts only, prototype quantities, 6 Sep 2026):L105:cell:0:s1 [ac1bd47d91] NOT DERIVABLE
    Two NVMe drives, two PCIe switches, secure element, RTC, DCF77
    judgement: HELD DOCUMENT: a maker's figure, an analysis, a ruling or a record, not a netlist claim (the cost estimate of 6 September 2026)
    names looked up: 0 parts, 0 nets
    asserted (1): board B: 3 parts whose value holds 'PI7C9X2G404' (read: 3, U101,U201,U301)
V2-SPEC.md#Estimated cost per kit (parts only, prototype quantities, 6 Sep 2026):L108:cell:0:s1 [36abc030f1] NOT DERIVABLE
    Two headset jacks, camera
    judgement: HELD DOCUMENT: a maker's figure, an analysis, a ruling or a record, not a netlist claim (the cost estimate of 6 September 2026)
    names looked up: 0 parts, 0 nets
V2-SPEC.md#Estimated cost per kit (parts only, prototype quantities, 6 Sep 2026):L113:cell:0:s1 [287efa15f6] NOT DERIVABLE
    Rods, standoffs, cradle, cables, heater mat, PA heat column, five IP68 fans
    judgement: HELD DOCUMENT: a maker's figure, an analysis, a ruling or a record, not a netlist claim (the cost estimate of 6 September 2026)
    names looked up: 0 parts, 0 nets
V2-SPEC.md#Corrections, 26 September 2026:L122:item:s1 [01d914fdce] NOT DERIVABLE
    **Battery (lines 12, 20 and 96).** Owner ruling D-06 (26 September 2026): one 4S3P 18650 pack of the Samsung INR18650-35E, about 145 Wh, shrink-wrapped in the east pocket, subject to the case measurement, which the owner withdrew on 26 September 2026 (D-08 reversed; the fit is designed against the worst of Peli's own figures, `CASE-MARGINS.md` M4a to M6, with M4a and M5 OPEN); missions longer than the pack rely on vehicle or solar input.
    judgement: HISTORY: a dated record of an earlier reading or wording, true as history, not re-derived against set 12 (the battery correction, D-06)
    names looked up: 0 parts, 0 nets
    part numbers (1): INR18650-35E bought: Samsung's cell of the built pack, not a board part
V2-SPEC.md#Corrections, 26 September 2026:L122:item:s2 [13c8378a0c] NOT DERIVABLE
    MIL-STD if possible", and the research gate the session set under that ruling asked for about 100 to 150 Wh (line 3056).
    judgement: HISTORY: a dated record of an earlier reading or wording, true as history, not re-derived against set 12
    names looked up: 0 parts, 0 nets
V2-SPEC.md#Corrections, 26 September 2026:L122:item:s3 [32e463a311] NOT DERIVABLE
    Session reading behind the ruling: computed from the committed board B (B21, underside at Z 47.9 from `v2/ecad/tools/panel1450.py` line 23 less its 1.6 mm), the east pocket holds at most about 145 Wh (4S3P 18650 at the cell's 3,350 mAh minimum, or 4S2P 21700) as a shrink-wrapped block with the P board at its end, and no 4S4P fits with the P board in the pocket; the 4S3P block's 1.35 mm across the pocket was taken against the X 178 of appendix 32.62, which is not a Peli surface; at the worst of Peli's figures the block keeps 1.85 mm to the floor fillet and 7.38 mm to the east wall (`CASE-MARGINS.md` M4a, M4b, on the design basis only).
    judgement: HISTORY: a dated record of an earlier reading or wording, true as history, not re-derived against set 12
    names looked up: 0 parts, 0 nets
V2-SPEC.md#Corrections, 26 September 2026:L123:item:s1 [bfceed26aa] NOT DERIVABLE
    The monitor is not on the 13.8 V rail: appendix 32.55 (line 2926) and `gen_sch_a.py` feed it and the pack heater through TPS259631 eFuses from the node.
    judgement: HISTORY: a dated record of an earlier reading or wording, true as history, not re-derived against set 12
    names looked up: 0 parts, 0 nets
    part numbers (1): TPS259631 on A (U21,U22,U23,U32), B (U23,U24)
V2-SPEC.md#Corrections, 26 September 2026:L123:item:s2 [003da078bf] NOT DERIVABLE
    Until `458b2873` their 100 k over 10 k over-voltage dividers against the 1.17 to 1.22 V threshold (TI SLVSET8A, `v2/vendor/power/tps2596.pdf`) locked both out above about 12.9 to 13.4 V, below the pack's 14.4 V nominal.
    judgement: HISTORY: a dated record of an earlier reading or wording, true as history, not re-derived against set 12 (the dividers before 458b2873)
    names looked up: 0 parts, 0 nets
    part numbers (1): TPS2596 on A (U21,U22,U23,U32), B (U23,U24)
V2-SPEC.md#Corrections, 26 September 2026:L123:item:s3 [79125fde3c] NOT DERIVABLE
    Since then 143 k over 10 k trips at about 17.6 to 19.0 V, above the 16.8 V 4S termination, and the heater mat, a 12 V and 7.5 W part, is fed a regulated 12.0 V by a TPS62933 buck behind its eFuse (`gen_sch_a.py` lines 1041 to 1076 at `45bde541`; correction 19).
    judgement: HISTORY: a dated record of an earlier reading or wording, true as history, not re-derived against set 12
    names looked up: 0 parts, 0 nets
    part numbers (1): TPS62933 on A (U12,U33,U41), B (U105,U106,U205,U206)
V2-SPEC.md#Corrections, 26 September 2026:L124:item:s1 [5afecc328b] NOT DERIVABLE
    **Run time (line 23).** Withdrawn (session reading): the figures were computed for the BB-2590/U, which does not fit (32.62), from its energy over a battery-side load with no derating.
    judgement: HISTORY: a dated record of an earlier reading or wording, true as history, not re-derived against set 12 (the run time withdrawn)
    names looked up: 0 parts, 0 nets
    part numbers (1): BB-2590/U withdrawn: the bought pack the figures were for
V2-SPEC.md#Corrections, 26 September 2026:L125:item:s1 [dac478047f] NOT DERIVABLE
    **EMCON (lines 24 and 43).** Owner ruling D-05 (26 September 2026): radios dark, as generated and completed.
    judgement: HISTORY: a dated record of an earlier reading or wording, true as history, not re-derived against set 12
    names looked up: 0 parts, 0 nets
V2-SPEC.md#Corrections, 26 September 2026:L125:item:s2 [69f00e42b6] NOT DERIVABLE
    Session reading of what is generated at `45bde541` (`gen_sch_b.py` lines 478, 716 to 741, 974 to 977 and 1029, `gen_sch_a.py` line 1102, `gen_sch_d.py` lines 532 to 534, and the committed netlists of A, B and D): radios whose supply is cut stop receiving too (for the HF unit INFERRED from its manual, which names the DC input as its supply); the WiFi link cards' supplies are removed, because their maker does not describe W_DISABLE1#; the compute modules' own radios are pulled off through open drains that only ever pull their disable pins low; the 5G module's airplane mode also stops receive (Quectel RM520N series hardware design v1.1, section 4.4.1), and it is a mode the module's firmware carries out, so the session's staged removal of its supply (SD-EMC-1) is owed, with the items every row of the line shares (`feasibility/EMCON.md` sections 5 and 7).
    judgement: HISTORY: a dated record of an earlier reading or wording, true as history, not re-derived against set 12
    names looked up: 0 parts, 0 nets
    part numbers (1): RM520N on B (C520,C521,J_M2C2,U221)
V2-SPEC.md#Corrections, 26 September 2026:L125:item:s3 [98d61fdac2] NOT DERIVABLE
    Appendix 32.55 (line 2930) lists a 5G supply switch and a WiFi buck enable under EMCON: the WiFi buck enables are drawn since `458b2873` and the 5G supply switch is owed.
    judgement: HISTORY: a dated record of an earlier reading or wording, true as history, not re-derived against set 12
    names looked up: 0 parts, 0 nets
V2-SPEC.md#Corrections, 26 September 2026:L126:item:s1 [f24449212b] NOT DERIVABLE
    Slot 3 holds the second AW7915-AED on an M.2 E-key socket (`gen_sch_b.py` line 497; line 42 above), not a spare M-key 2242 slot.
    judgement: HISTORY: a dated record of an earlier reading or wording, true as history, not re-derived against set 12
    names looked up: 0 parts, 0 nets
    part numbers (1): AW7915-AED on B (J_M2C1,J_M2C3)
V2-SPEC.md#Corrections, 26 September 2026:L127:item:s1 [09b0290f45] NOT DERIVABLE
    From `ARCH-PCB-B-IOHA.md` section 15 and the generator: the LoRa module is on slot 3's SPI and the 5G data path on slot 2's PCIe lane, and neither moves; the two WiFi link cards sit on the PCIe switches of slots 1 and 3 (`gen_sch_b.py` lines 466 to 471 and 494 to 497), and the antennas, not the cards, move to the surviving card; the compute modules' own radios are on the modules; the secure element, the holdover clock and the TMP117 (`gen_sch_b.py` line 754) are on the kit I2C bus that the panel controller masters.
    judgement: HISTORY: a dated record of an earlier reading or wording, true as history, not re-derived against set 12
    names looked up: 0 parts, 0 nets
    part numbers (1): TMP117 on B (U10)
    asserted (1): board B: 2 parts whose value holds 'M.2 E-key' (read: 2, J_M2C1,J_M2C3)
V2-SPEC.md#Corrections, 26 September 2026:L127:item:s2 [a50c9558a0] NOT DERIVABLE
    `CONOPS.md` section 2a records those two as the named exceptions to line 29's requirement for prototype 1, as `ARCH-PCB-B-IOHA.md` section 15a and appendix 32.366 record, settled by the session under the owner's standing rule of 26 September 2026 (SC-02, see correction 18).
    judgement: HISTORY: a dated record of an earlier reading or wording, true as history, not re-derived against set 12
    names looked up: 0 parts, 0 nets
V2-SPEC.md#Corrections, 26 September 2026:L128:item:s1 [a2dd3da4b9] NOT DERIVABLE
    Session reading at `45bde541`: no disk-key wipe line exists in any generator, and no part but the panel controller reads the ZEROIZE toggle, which pulls a net local to board C (`ZEROIZE_SW`, GPIO22, `gen_sch_c.py` lines 168 to 178 and 217); the buffer `U12` copies it onto `ZEROIZE_HW`, which runs over the ribbons to a 10 k pull-up on board A (R117, `gen_sch_a.py` line 1150) and to test pads on boards B and D, where no part listens.
    judgement: HISTORY: a dated record of an earlier reading or wording, true as history, not re-derived against set 12
    names looked up: 2 parts, 2 nets
V2-SPEC.md#Corrections, 26 September 2026:L128:item:s2 [caf66e9a0b] NOT DERIVABLE
    The panel controller masters the kit I2C bus that carries the secure element (`gen_sch_b.py` line 1046).
    judgement: HISTORY: a dated record of an earlier reading or wording, true as history, not re-derived against set 12
    names looked up: 0 parts, 0 nets
V2-SPEC.md#Corrections, 26 September 2026:L128:item:s3 [0a081567c0] NOT DERIVABLE
    The full ATECC608B datasheet is under NDA; `feasibility/ZEROIZE.md` closes the erasable slot map at desk from Microchip's public documents, and its demonstration on the fitted part is a bench item (open item S-35 of the requirements registry).
    judgement: HELD DOCUMENT: a maker's figure, an analysis, a ruling or a record, not a netlist claim (the secure element's documents, ZEROIZE.md)
    names looked up: 0 parts, 0 nets
    part numbers (1): ATECC608B on B (U8)
V2-SPEC.md#Corrections, 26 September 2026:L128:item:s4 [6bd06a12f8] NOT DERIVABLE
    Until `faf8c981` the toggle sat on `ZEROIZE_HW` itself, read by GPIO22 (correction 19).
    judgement: HISTORY: a dated record of an earlier reading or wording, true as history, not re-derived against set 12
    names looked up: 0 parts, 1 nets
V2-SPEC.md#Corrections, 26 September 2026:L129:item:s1 [3dce1898a0] TRUE
    The LG290P's time pulse reaches every slot (`gen_sch_b.py` lines 576 and 669); the DCF77 pulse runs from `J_DCF` pin 3 only to the sensor controller's GPIO6 on board E, with a 10 k pull-up (`gen_sch_e.py` lines 353, 381 and 395).
    judgement: the LG290P's time pulse on board B, the DCF77 pulse on E's J_DCF; the lines are dated by the correction
    names looked up: 1 parts, 0 nets
    part numbers (1): LG290P elsewhere: board B's U11; the sentence names board E for the DCF77
    asserted (2): B U11 value has 'LG290P' (netlist: 'Quectel LG290P03AAMD GNSS RTK module: UART1 to the bridge, 1'); E J_DCF present
V2-SPEC.md#Corrections, 26 September 2026:L130:item:s1 [b32df4fdd7] TRUE
    The RM520N-GL, still the working assumption of appendix 32.49 (line 2760), is key B (hardware design v1.1).
    judgement: the RM520N-GL on the key-B socket; its key is Quectel's
    names looked up: 0 parts, 0 nets
    part numbers (1): RM520N-GL on B (J_M2C2)
    asserted (2): B J_M2C2 value has 'RM520N-GL' (netlist: 'M.2 B-key 3052 socket, TE 2199119-3, M2.5 standoff: Quectel '); B J_M2C2 value has 'B-key' (netlist: 'M.2 B-key 3052 socket, TE 2199119-3, M2.5 standoff: Quectel ')
V2-SPEC.md#Corrections, 26 September 2026:L130:item:s2 [fe71bf585a] NOT DERIVABLE
    Until `458b2873` the generator's socket was TE 1-2199119-5, which is key M: TE's table in `v2/vendor/m2/te-2199119-m2-b-key.pdf` (page 5) gives key M as dash 13, 15 and 16 of 2199119, and dash 15 is written 1-2199119-5.
    judgement: HISTORY: a dated record of an earlier reading or wording, true as history, not re-derived against set 12 (the socket until 458b2873, TE's key table)
    names looked up: 0 parts, 0 nets
    part numbers (1): TE 1-2199119-5 asserted
    asserted (1): at 1f614233: B J_M2C2 value has '1-2199119-5' (netlist: 'M.2 B-key 3052 socket, TE 1-2199119-5, M2.5 standoff: Quecte')
V2-SPEC.md#Corrections, 26 September 2026:L130:item:s3 [7aba6fc4cb] NOT DERIVABLE
    Since `458b2873` it is TE 2199119-3, key B (`gen_sch_b.py` lines 635 to 643 at `45bde541`), whose land matches the pad field of TE's drawing C-2199119 rev F but not yet its two locating holes, so it stays a mismatch until the land carries them (open item S-12 of the requirements registry).
    judgement: HISTORY: a dated record of an earlier reading or wording, true as history, not re-derived against set 12
    names looked up: 0 parts, 0 nets
    part numbers (1): TE 2199119-3 on B (J_M2C2)
V2-SPEC.md#Corrections, 26 September 2026:L130:item:s4 [3d282911cb] NOT DERIVABLE
    Until `458b2873` SIM 2 sat on pins 40, 42, 44 and 46 as CLK, IO, RST and VCC where the module has USIM2_DET, DATA, CLK and RST, and USIM2_VDD on pin 48 was unconnected (hardware design v1.1, Table 6); since then it is on the module's own pins, DATA on 42, CLK on 44, RST on 46 and VDD on 48, with DET on 40 left open (`gen_sch_b.py` lines 628 to 634).
    judgement: HISTORY: a dated record of an earlier reading or wording, true as history, not re-derived against set 12
    names looked up: 0 parts, 0 nets
V2-SPEC.md#Corrections, 26 September 2026:L130:item:s5 [4c1d0b24ec] NOT DERIVABLE
    As generated the kit fits two nano-SIM holders with an eSIM build option (four 0 ohm links at the module), where line 41 and appendix 32.50 item 12 say eSIM plus nano-SIM: a description conflict, CFL-010 of the registry, not settled here.
    judgement: HISTORY: a dated record of an earlier reading or wording, true as history, not re-derived against set 12 (correction 9's CFL-010 note)
    names looked up: 0 parts, 0 nets
    asserted (1): board B: 2 parts whose designator holds 'J_SIM' (read: 2, J_SIM1,J_SIM2)
V2-SPEC.md#Corrections, 26 September 2026:L130:item:s6 [a4bc9c4c53] NOT DERIVABLE
    The module's own GNSS (L5 on ANT1, L1 on ANT3) is not a kit function; the LG290P is the kit's receiver.
    judgement: HISTORY: a dated record of an earlier reading or wording, true as history, not re-derived against set 12
    names looked up: 2 parts, 0 nets
    part numbers (1): LG290P on B (BT1,J_GNSS2,U11)
V2-SPEC.md#Corrections, 26 September 2026:L132:item:s1 [159493d2c6] NOT DERIVABLE
    **Boards (lines 78, 82, 83 and 85).** Owner rulings of 25 September 2026 (appendix 32.365): board C to six layers (decision 27); board P to four layers at 2 oz (decision 28); board B measured on eight layers first, with its whole-board run EXPERIMENTAL (decision 43); and the order set rebuilt from the existing deliverable folders and quarantined, with nothing ordered (decision 41).
    judgement: HISTORY: a dated record of an earlier reading or wording, true as history, not re-derived against set 12
    names looked up: 0 parts, 0 nets
V2-SPEC.md#Corrections, 26 September 2026:L133:item:s1 [fb3f468c2a] NOT DERIVABLE
    **End walls and the 5G jacks (lines 10, 41 and 76).** Owner ruling D-07 (26 September 2026): three 5G jacks, ANT0, ANT2 and ANT3, making twelve bulkheads, at the board A site found free (X +46), if the case measurement confirms that site and the board E clamp fit; otherwise two on ANT0 and ANT2.
    judgement: HISTORY: a dated record of an earlier reading or wording, true as history, not re-derived against set 12
    names looked up: 0 parts, 0 nets
V2-SPEC.md#Corrections, 26 September 2026:L133:item:s2 [eb7d3a156d] NOT DERIVABLE
    The case half is laid out from Peli's figures after the D-08 reversal (`CASE-MARGINS.md` section 3.4, the jumpers' layering under the east plugs OPEN until the plug is picked); the board E clamp fit remains.
    judgement: HISTORY: a dated record of an earlier reading or wording, true as history, not re-derived against set 12
    names looked up: 0 parts, 0 nets
V2-SPEC.md#Corrections, 26 September 2026:L133:item:s3 [a94b86ce23] NOT DERIVABLE
    The legends 5G MAIN and 5G DIV come from `panel1450.py` and are to follow the module's port names.
    judgement: HISTORY: a dated record of an earlier reading or wording, true as history, not re-derived against set 12
    names looked up: 0 parts, 0 nets
V2-SPEC.md#Corrections, 26 September 2026:L134:item:s1 [4e77de78ad] NOT DERIVABLE
    Session reading at `45bde541`: the wall data pair runs from bank 3's hub, port 3, over the J_AB2 ribbon to board A's `J_USBW`, which since `458b2873` is the lead to the 233-370, with the port's own VBUS behind the eFuse `U32` that board A's expander switches, and the USB-C outlet's header carries VBUS, CC1 and CC2 only (`gen_sch_a.py` lines 1012 to 1015 and 1151 to 1167).
    judgement: HISTORY: a dated record of an earlier reading or wording, true as history, not re-derived against set 12
    names looked up: 3 parts, 0 nets
V2-SPEC.md#Corrections, 26 September 2026:L134:item:s2 [61f1da29b2] NOT DERIVABLE
    Until `458b2873` `J_USBW` was the data side of the USB-C pigtail and no generator had a data path to the 233-370 (correction 19).
    judgement: HISTORY: a dated record of an earlier reading or wording, true as history, not re-derived against set 12
    names looked up: 1 parts, 0 nets
V2-SPEC.md#Corrections, 26 September 2026:L135:item:s1 [b8d33d5ffb] NOT DERIVABLE
    **Firmware integrity and the supervisors (lines 34 and 82).** Owner ruling D-13 (26 September 2026): software-verified boot on the STM32H743 supervisors, and on the compute modules if Raspberry Pi documents it, is the prototype's floor; a hardware root of trust is required at a production trigger; the H743 is accepted.
    judgement: HISTORY: a dated record of an earlier reading or wording, true as history, not re-derived against set 12 (D-13's words)
    names looked up: 0 parts, 0 nets
    part numbers (1): STM32H743 on B (U41,U51,U61)
V2-SPEC.md#Corrections, 26 September 2026:L135:item:s2 [c8178dd548] NOT DERIVABLE
    The STM32H753 in the schematic against the STM32H743 bought (`gen_sch_b.py` line 829, part C114409) stays a component mismatch until the schematic text and the BOM are aligned to the H743 and regeneration parity has been shown again; changing this document's text does not close it.
    judgement: HISTORY: a dated record of an earlier reading or wording, true as history, not re-derived against set 12 (the H753 and H743 mismatch record; U41's value text now reads STM32H743VIT6)
    names looked up: 0 parts, 0 nets
    part numbers (3): C114409 stock: the LCSC code of the supervisors bought; STM32H743 on B (U41,U51,U61); STM32H753 asserted
    asserted (2): B U41 value has 'STM32H743' (netlist: 'STM32H743VIT6 I/O supervisor A: 2-of-3 quorum on two CAN-FD '); at 68bc9e8f: B U41 value has 'STM32H753VITx' (netlist: 'STM32H753VITx I/O supervisor A: 2-of-3 quorum on two CAN-FD ')
V2-SPEC.md#Corrections, 26 September 2026:L136:item:s1 [66790359c6] NOT DERIVABLE
    **Disassembly (line 13).** Owner ruling D-14 (26 September 2026): the procedure (kit off, pack XT60 unplugged, shore removed) plus an insulating cap over the dock block E5 while the stack is out; lifting live is an accepted, recorded residual risk; a hardware stack-present interlock is studied at Review D.
    judgement: HISTORY: a dated record of an earlier reading or wording, true as history, not re-derived against set 12
    names looked up: 0 parts, 0 nets
V2-SPEC.md#Corrections, 26 September 2026:L138:item:s1 [0c3fab1f42] NOT DERIVABLE
    **Switches (line 58).** Owner ruling D-10 (26 September 2026): what SOS sends, to whom, and how it meets EMCON.
    judgement: HISTORY: a dated record of an earlier reading or wording, true as history, not re-derived against set 12
    names looked up: 0 parts, 0 nets
V2-SPEC.md#Corrections, 26 September 2026:L139:item:s1 [f211cada9a] NOT DERIVABLE
    The same day the session settled SC-02 under the owner's standing rule (about 11:35 CEST): the LoRa module and cellular data are the named exceptions to line 29's requirement for prototype 1, as `ARCH-PCB-B-IOHA.md` section 15a records; correction 6 and line 32 had first called them open gaps.
    judgement: HISTORY: a dated record of an earlier reading or wording, true as history, not re-derived against set 12
    names looked up: 0 parts, 0 nets
V2-SPEC.md#Corrections, 26 September 2026:L140:item:s1 [4bae2bcb5a] NOT DERIVABLE
    **Re-read against the generators at `45bde541` (open item S-07 of the requirements registry, later on 26 September 2026; lines 11, 22, 24, 34, 41, 43, 73 and 76; corrections 2, 4, 7, 9, 12 and 13).** Session reading of the circuit corrections of `faf8c981`, `458b2873` and `d90f30e4`, which the lines above had described as owed: the EMCON line removes the WiFi link cards' supplies and pulls the compute modules' own radio disables low through open drains (D-05; the 5G module's supply removal is still owed); keying the PA drops the PoE and USB-C outlets in hardware (D-11; the key-down and state-of-charge thresholds are PROVISIONAL, session choice SC-10 of the registry); the wall data path leaves board A for the Glenair 233-370 and the USB-C outlet is power only (D-12); board P's schematic carries the floor of D-15, a BQ7720700 second level that also covers cell under-voltage, the SCF9550 chemical fuse and the gauge's PTC input; an external ESD array sits at board A's USB-C CC pins (D-17); the monitor and heater eFuses no longer lock out on the pack and the heater mat gets a regulated 12 V; the 5G socket is key B and SIM 2 is on the module's own pins; the ZEROIZE toggle is sensed on board C alone; a lid and tamper reed switch is drawn on board E.
    judgement: HISTORY: a dated record of an earlier reading or wording, true as history, not re-derived against set 12
    names looked up: 0 parts, 0 nets
    part numbers (2): BQ7720700 on P (U2); SCF9550 on P (F2)
V2-SPEC.md#Corrections, 27 September 2026:L149:item:s1 [488d983a0f] NOT DERIVABLE
    **Case and antenna entries (lines 9, 10, 11, 13, 42 and 51).** Choices the session took under the owner's standing rule of 26 September 2026, after the owner reversed D-08 (`CASE-MARGINS.md` section 4, recorded as SC-07 of the requirements registry and in `CONOPS.md` section 7a): C1, the face plate on top of the 1450PF frame over Peli's o-ring, screwed from above into Peli's 6-32 inserts, as Peli documents; C6, four setting legs under the frame's ring give the frame its height; C2, the ruled gas-discharge arrestors are the twelve antenna bulkheads at Z 59, five on the east wall and seven on the west, the two WIFI P2P jacks moving west; C3, one connector plate between the hinge fairings carrying all six ruled wall items; C4, one aluminium RF entry plate per end wall carrying the arrestors and their common ground, which retires the Amphenol 132170 couplers; C5, the QMX tray 1.5 mm west.
    judgement: HISTORY: a dated record of an earlier reading or wording, true as history, not re-derived against set 12 (the case choices C1 to C6, CASE-MARGINS.md section 4)
    names looked up: 6 parts, 0 nets
    part numbers (1): 1450PF case: Peli's panel frame
V2-SPEC.md#Corrections, 27 September 2026:L149:item:s2 [88040ba1cc] NOT DERIVABLE
    Line 13's screws follow C1: ten 6-32, not the ten M3 it read.
    judgement: HISTORY: a dated record of an earlier reading or wording, true as history, not re-derived against set 12
    names looked up: 1 parts, 0 nets
V2-SPEC.md#Corrections, 27 September 2026:L149:item:s3 [164b0034a6] NOT DERIVABLE
    The generators (`panel1450.py`, `case_wall_cutouts.py`) and the templates of `release/revA/case/` still carried the eleven couplers at Z 88 and the plate between the ribs until `c351115d` (correction 30).
    judgement: HISTORY: a dated record of an earlier reading or wording, true as history, not re-derived against set 12
    names looked up: 0 parts, 0 nets
V2-SPEC.md#Corrections, 27 September 2026:L171:item:s1 [93ed4f24e0] NOT DERIVABLE
    Options: (a) the eSIM plus nano-SIM of appendix 32.50 item 12 as the only configuration, which needs a module variant with the optional internal eSIM whose order code no held document names (`v2/vendor/SOURCES.yaml`, the RM520N-GL entry: no regional or firmware order code is named); (b) two nano-SIM holders only, which would drop the ruled eSIM configuration; (c) Quectel's compatible design for USIM2 (hardware design v1.1 section 4.1.6, Figure 19), which the generator already carries: two nano-SIM holders, with the eSIM configuration built by leaving four 0 ohm links off.
    judgement: HISTORY: a dated record of an earlier reading or wording, true as history, not re-derived against set 12
    names looked up: 0 parts, 0 nets
    part numbers (1): RM520N-GL on B (J_M2C2)
    asserted (1): board B: 2 parts whose designator holds 'J_SIM' (read: 2, J_SIM1,J_SIM2)
V2-SPEC.md#Corrections, 27 September 2026:L171:item:s2 [30bcc6427f] NOT DERIVABLE
    Still owed, and carried outside conflict CFL-010, which the requirements registry resolves on this description (its writer's second pass, after Review B of layer 3, finding B6): the SIM TVS array of at most 10 pF that section 4.1.7 of the same document asks for, on board B's schematic (board B's SIM TVS constraint in the registry, drawn since board B's round 8, correction 28), and the eSIM variant's order code before an eSIM build is bought (open item S-13).
    judgement: HISTORY: a dated record of an earlier reading or wording, true as history, not re-derived against set 12
    names looked up: 0 parts, 0 nets
V2-SPEC.md#Corrections, 27 September 2026:L188:item:s1 [83b0b3fdc8] NOT DERIVABLE
    The restrictions stay as proposed controls and the design implements them on measured pack current and temperatures (C1 module shedding, C2 the outlet budget, C3 a current trigger, C4 the in-key guard), a PROVISIONAL choice the session took under the owner's standing rule; the hot end is decided by the proposed heat-balance test or `TEST-PLAN.md` E3 (feasibility blocker FEA-004).
    judgement: HISTORY: a dated record of an earlier reading or wording, true as history, not re-derived against set 12
    names looked up: 4 parts, 0 nets
V2-SPEC.md#Corrections, 27 September 2026:L212:item:s1 [1e990ac1c7] NOT DERIVABLE
    **EMCON (lines 24 and 76).** Session reading of `feasibility/EMCON.md` at `e3aedb25` (sixth revision, sections 0a, 4.1, 4.4, 5a and 7) and registry FEA-002, after the first pass of Review A, layer 1 (finding B1).
    judgement: HISTORY: a dated record of an earlier reading or wording, true as history, not re-derived against set 12
    names looked up: 0 parts, 0 nets
V2-SPEC.md#Corrections, 27 September 2026:L212:item:s2 [110d02f908] NOT DERIVABLE
    Lines 24 and 76 named the 5G module's supply removal and the shared items as the only EMCON work owed.
    judgement: HISTORY: a dated record of an earlier reading or wording, true as history, not re-derived against set 12
    names looked up: 0 parts, 0 nets
V2-SPEC.md#Corrections, 27 September 2026:L212:item:s3 [32e44f2efa] NOT DERIVABLE
    The sixth revision reports local and end-to-end conclusions apart: the radio's own chain closes at desk for 14 of the 17 transmitters and is open for three, the SA868 (its PTT pin's receive threshold is unpublished, bench E-01), the RockBLOCK 9704 (read on Ground Control's schematic rev 2B: after `+5V_RB` is cut the module runs from two 10 F supercapacitors of its own, about 16 J, with its ENABLE driven only by the firmware expander U6, so ENABLE forced low by the EMCON hardware is owed, and what the Iridium module does when ENABLE falls is in no held document) and the 5G module (SD-EMC-1 not drawn); end to end 0 of 17 rows is closed, because every row also waits on the shared items and on the latency of section 5a (REQ-071), which no row is shown to meet.
    judgement: HISTORY: a dated record of an earlier reading or wording, true as history, not re-derived against set 12
    names looked up: 1 parts, 1 nets
    part numbers (1): SA868 on D (U13,U2)
V2-SPEC.md#Corrections, 27 September 2026:L212:item:s4 [6d8b58cd7d] NOT DERIVABLE
    The circuit line 24 describes as generated is unchanged; what it says is owed now follows section 0a.
    judgement: HISTORY: a dated record of an earlier reading or wording, true as history, not re-derived against set 12
    names looked up: 0 parts, 0 nets
V2-SPEC.md#Corrections, 27 September 2026:L212:item:s5 [7e2122c8fa] NOT DERIVABLE
    As drawn, no panel indication of EMCON is independent of firmware: the TX lamp's supply exists only while the panel controller drives `PANEL_PWM` (`feasibility/EMCON.md` section 0, `PANEL.md` section 3).
    judgement: HISTORY: a dated record of an earlier reading or wording, true as history, not re-derived against set 12
    names looked up: 0 parts, 1 nets
V2-SPEC.md#Corrections, 27 September 2026:L225:item:s1 [1a8e99596c] NOT DERIVABLE
    Nothing else on the line changed: the trigger, the order of the wipe, the boot-time read, the circuit (the toggle sensed on C7 alone since `faf8c981`) and the owed items are as they were.
    judgement: HISTORY: a dated record of an earlier reading or wording, true as history, not re-derived against set 12
    names looked up: 1 parts, 0 nets
V2-SPEC.md#Corrections, 27 September 2026:L231:item:s1 [edd3aa4d2f] NOT DERIVABLE
    **Board B's round 8 (lines 24, 41 and 76).** Session reading of board B's round 8 generator and netlist (27 September 2026, MESHSAT-1357, integrated in round 8 set 3).
    judgement: HISTORY: a dated record of an earlier reading or wording, true as history, not re-derived against set 12
    names looked up: 0 parts, 0 nets
V2-SPEC.md#Corrections, 27 September 2026:L231:item:s2 [a7523e86eb] NOT DERIVABLE
    EMCON removes the 5G module's supply by hardware at once (SD-EMC-1r8, `feasibility/EMCON.md` section 4b), so the 5G module's own chain closes at desk and 15 of the 17 close locally; end to end no row closes.
    judgement: HISTORY: a dated record of an earlier reading or wording, true as history, not re-derived against set 12
    names looked up: 0 parts, 0 nets
V2-SPEC.md#Corrections, 27 September 2026:L231:item:s3 [f76be55b28] NOT DERIVABLE
    Board B's EMCON stages are single gates and open-drain logic outputs run per slot from each module's own 3.3 V (Q212, the 5G socket rail's discharge FET, aside).
    judgement: HISTORY: a dated record of an earlier reading or wording, true as history, not re-derived against set 12
    names looked up: 1 parts, 0 nets
V2-SPEC.md#Corrections, 27 September 2026:L231:item:s4 [c3cfb2621c] NOT DERIVABLE
    The key-B socket's land carries the two locating holes of TE drawing C-2199119 rev F sheet 3 (S-12), and each SIM holder carries a TI TPD4E001 (1.5 pF, board B's SIM TVS constraint of correction 22).
    judgement: HISTORY: a dated record of an earlier reading or wording, true as history, not re-derived against set 12
    names looked up: 0 parts, 0 nets
    part numbers (1): TPD4E001 on B (U222,U223)
V2-SPEC.md#Corrections, 27 September 2026:L240:item:s1 [c12a46ae87] NOT DERIVABLE
    **NEED-03's failure set (line 29).** Choice of the layer 3 closer, taken by the session under the owner's standing rule of 26 September 2026 (requirements registry, the session choice on NEED-03's failure set; record ASM-002): the requirement covers the loss of one compute module or one I/O supervisor in every way it can fail (dead, unpowered while its neighbours run, held in reset, wedged, or shorted on its own rails), and a failed module or supervisor must not take a shared element down with it (REQ-073).
    judgement: HISTORY: a dated record of an earlier reading or wording, true as history, not re-derived against set 12
    names looked up: 0 parts, 0 nets
V2-SPEC.md#Corrections, 27 September 2026:L240:item:s2 [ee30c5f3b0] TRUE
    Four shared elements are outside that set and are single points of failure of the kit as generated: the `+5V_DEV` converter on board A and the `+3V3_DEV` converter on board B (one each; correction 32), the `J_PANEL` ribbon, the KSZ9897R Ethernet switch, and the kit I2C bus with the panel controller as its one master.
    judgement: the device-rail converters on A and B; the ribbon, the Ethernet switch and the bus as drawn
    names looked up: 1 parts, 2 nets
    part numbers (1): KSZ9897R on B (U1)
    asserted (10): A U7 value has 'LM5176' (netlist: 'LM5176PWPR buck-boost controller, +5V_DEV from VBAT'); A U7.12 on +5V_DEV (netlist: +5V_DEV); B U25 value has 'AP63203' (netlist: 'AP63203WU-7 3.3 V 2 A buck: the shared logic (+3V3_DEV)'); B U25.2 on +5V_DEV (netlist: +5V_DEV); B U25.5 on DEV_SW (netlist: DEV_SW); B L1.1 on DEV_SW (netlist: DEV_SW); B L1.2 on +3V3_DEV (netlist: +3V3_DEV); board A has no part whose value holds 'AP63203' (found: none); B J_PANEL present; B U1 value has 'KSZ9897' (netlist: 'Microchip KSZ9897RTXI seven-port Gigabit switch: ports 1-3 t')
V2-SPEC.md#Corrections, 27 September 2026:L249:item:s1 [6b5ffb2144] NOT DERIVABLE
    Since `c351115d` the case generators carry the case choices C1 to C6: `panel1450.py` (the plate 377.2 x 263.0 x 3.0 on ten 6-32 UNC; the twelve PolyPhaser GTH-SFF-AL at Z 59), `case_wall_cutouts.py` and `v2/cad/face_plate.py`, and the current case set (CAD, dimensioned drawings, 1:1 templates and the QMX lid tray) is `release/case-2026-09-27/`; `release/revA/case/` is marked historical and is not to be made from.
    judgement: HISTORY: a dated record of an earlier reading or wording, true as history, not re-derived against set 12
    names looked up: 2 parts, 0 nets
V2-SPEC.md#Corrections, 27 September 2026:L249:item:s2 [ce048350b0] NOT DERIVABLE
    The committed board files and the deliverable folders of `release/revA/boards/` predate C1 to C6.
    judgement: HISTORY: a dated record of an earlier reading or wording, true as history, not re-derived against set 12
    names looked up: 2 parts, 0 nets
V2-SPEC.md#Corrections, 27 September 2026:L249:item:s3 [8186d44a9b] NOT DERIVABLE
    Board C's round 8 draws the hardware EMCON lamp of SD-EMC-6 (`D22` through `U14` and `Q7`, lit while both EMCON lines read low, with no processor in its path); its light-guide hole in the face plate is owed (open item S-44), and until it is cut the lamp cannot be seen.
    judgement: HISTORY: a dated record of an earlier reading or wording, true as history, not re-derived against set 12
    names looked up: 3 parts, 0 nets
V2-SPEC.md#Corrections, 27 September 2026:L261:item:s1 [60fc961b25] NOT DERIVABLE
    **Set 6 (line 24).** Session reading of board B's stream w4b as integrated at r8int6 (27 September 2026, MESHSAT-1357; SC-64 and SC-66).
    judgement: HISTORY: a dated record of an earlier reading or wording, true as history, not re-derived against set 12
    names looked up: 0 parts, 0 nets
V2-SPEC.md#Corrections, 27 September 2026:L261:item:s2 [48691b711e] NOT DERIVABLE
    The RockBLOCK 9704's ENABLE is `EMCON_HW` AND the panel's request in `U536`, held low by `R527` with the gate unpowered, so the ENABLE forced low by the EMCON hardware is drawn; the row stays open locally, because what the Iridium module does when ENABLE falls, and how long it runs on its own capacitors, is stated in no held document (`feasibility/EMCON.md` sections 4.4 and 4c).
    judgement: HISTORY: a dated record of an earlier reading or wording, true as history, not re-derived against set 12; U536 and R527 as it says
    names looked up: 2 parts, 1 nets
    asserted (2): B R527.1 on RB_IEN (netlist: RB_IEN); B U536.4 on RB_IEN_DRV (netlist: RB_IEN_DRV)
V2-SPEC.md#Corrections, 27 September 2026:L261:item:s3 [f64abb1173] NOT DERIVABLE
    Each card buck's enable is driven from its slot's own 5 V (`U116`, `U216`, `U316`).
    judgement: HISTORY: a dated record of an earlier reading or wording, true as history, not re-derived against set 12
    names looked up: 3 parts, 0 nets
    asserted (1): B U116.5 on +5V_S1 (netlist: +5V_S1)
V2-SPEC.md#Corrections, 29 September 2026:L273:item:s1 [49f8f5b4bc] TRUE
    Line 30 named a five-port switch chip; the chip generated is the seven-port KSZ9897R (`U1` on B16).
    judgement: the switch chip
    names looked up: 1 parts, 0 nets
    part numbers (1): KSZ9897R on B (U1)
    asserted (1): B U1 value has 'seven-port Gigabit' (netlist: 'Microchip KSZ9897RTXI seven-port Gigabit switch: ports 1-3 t')
V2-SPEC.md#Corrections, 29 September 2026:L273:item:s2 [269867362d] TRUE
    Line 81 named the TPS55288, which had left the design before the 7 September generation (`gen_sch_a.py` line 267 at `c5de605d`); the USB-C outlet is the TPS25740A with an LM5176 stage.
    judgement: the TPS55288 left before 7 September; the outlet's parts
    names looked up: 0 parts, 0 nets
    part numbers (3): LM5176 on A (U13,U15,U16,U19); TPS25740A on A (U18); TPS55288 asserted
    asserted (4): gen_sch_a.py lines 267 to 267 at c5de605d hold TPS55288; A U18 value has 'TPS25740A' (netlist: 'TPS25740ARGER USB-C PD source controller, 45 W outlet (5, 9,'); A U19 value has 'LM5176' (netlist: 'LM5176PWPR buck-boost controller, PD_VPWR from VBAT'); board A has no part whose value holds 'TPS55288' (found: none)
V2-SPEC.md#Corrections, 29 September 2026:L273:item:s3 [7e0ae0ffa3] TRUE
    Line 82's closing condition for the supervisors is met: the schematic text of `U41`, `U51` and `U61` reads STM32H743 and CON-017 reads PASS.
    judgement: the supervisors' value texts and CON-017
    names looked up: 3 parts, 0 nets
    part numbers (1): STM32H743 on B (U41,U51,U61)
    asserted (2): board B: 3 parts whose value holds 'STM32H743' (read: 3, U41,U51,U61); registry CON-017 evidence_result = PASS (read: PASS)
V2-SPEC.md#Corrections, 29 September 2026:L273:item:s4 [40843cefa1] TRUE
    Line 76 listed the RockBLOCK 9704's ENABLE forced low by the EMCON hardware as owed; it is drawn since board B's stream w4b (`U536`, correction 31), and since set 12 `U543` also holds it low while `+3V3_DEV` is below 2.79 V; what stays owed is the module's response when ENABLE falls (a maker's document or bench E-04).
    judgement: U536 and U543
    names looked up: 2 parts, 1 nets
    asserted (20): B U503.1 on EMCON_HW (netlist: EMCON_HW); B U503.2 on RB_SW_EN (netlist: RB_SW_EN); B U503.4 on RB_EN (netlist: RB_EN); B U503.5 on +3V3_DEV (netlist: +3V3_DEV); B R530.1 on RB_EN (netlist: RB_EN); B R530.2 on RB_UVLO (netlist: RB_UVLO); B U24 value has 'TPS259631' (netlist: 'TPS259631DDAR eFuse +5V_DEV -> +5V_RB (301R 1% (ILM: 3.0 A))'); B U24.3 on RB_UVLO (netlist: RB_UVLO); B U24.4 on +5V_DEV (netlist: +5V_DEV); B U24.5 on +5V_RB (netlist: +5V_RB); B J_RB9704.15 on +5V_RB (netlist: +5V_RB); B U6 IO0_2 on RB_SW_EN (netlist: RB_SW_EN); B U536 value has 'SN74LVC1G08' (netlist: 'SN74LVC1G08DBVR AND (1 A 2 B 3 GND 4 Y 5 VCC): RockBLOCK ENA'); B U536.1 on EMCON_HW (netlist: EMCON_HW); B U536.2 on RB_SW_IEN (netlist: RB_SW_IEN); B U536.4 on RB_IEN_DRV (netlist: RB_IEN_DRV); B U536.5 on +3V3_DEV (netlist: +3V3_DEV); B U6 IO1_6 on RB_SW_IEN (netlist: RB_SW_IEN); B R532 value has '2.7k' (netlist: '2.7k 1%'); B R532.1 on RB_IEN_DRV (netlist: RB_IEN_DRV)
V2-SPEC.md#Corrections, 29 September 2026:L273:item:s5 [812d88d5de] TRUE
    Line 35 put the holdover clock on the panel controller; it is board B's DS3231SN `U9` on the kit I2C bus, which the panel controller masters.
    judgement: B's DS3231SN on the kit bus
    names looked up: 1 parts, 0 nets
    part numbers (1): DS3231SN on B (U9)
    asserted (3): B U9 value has 'DS3231SN' (netlist: 'DS3231SN# holdover clock (I2C 0x68, TCXO and crystal), CR203'); B U9.15 on SDA (netlist: SDA); C U3 GPIO0 on SDA (netlist: SDA)
V2-SPEC.md#Corrections, 29 September 2026:L273:item:s6 [54c522b504] TRUE
    Correction 29 put both device-rail converters on board A; board A's `U7` makes `+5V_DEV` and board B's `U25` makes `+3V3_DEV` from it.
    judgement: the device-rail converters
    names looked up: 2 parts, 2 nets
    asserted (8): A U7 value has 'LM5176' (netlist: 'LM5176PWPR buck-boost controller, +5V_DEV from VBAT'); A U7.12 on +5V_DEV (netlist: +5V_DEV); B U25 value has 'AP63203' (netlist: 'AP63203WU-7 3.3 V 2 A buck: the shared logic (+3V3_DEV)'); B U25.2 on +5V_DEV (netlist: +5V_DEV); B U25.5 on DEV_SW (netlist: DEV_SW); B L1.1 on DEV_SW (netlist: DEV_SW); B L1.2 on +3V3_DEV (netlist: +3V3_DEV); board A has no part whose value holds 'AP63203' (found: none)
V2-SPEC.md#Corrections, 29 September 2026:L273:item:s7 [27245f25a2] TRUE
    Line 73 had all five fans driven by the sensor controller; each cooler fan is driven by its own module (`J_FAN1..3` on board B), and the sensor controller drives the two mixer fans on board E.
    judgement: the fans' drivers
    names looked up: 1 parts, 0 nets
    asserted (13): B J_FAN1.4 on FAN_PWM1 (netlist: FAN_PWM1); B U30A Fan_PWM on FAN_PWM1 (netlist: FAN_PWM1); B J_FAN1.3 on FAN_TACHO1 (netlist: FAN_TACHO1); B J_FAN2 present; B J_FAN3 present; E J_FAN1.3 on FAN1_TACH (netlist: FAN1_TACH); E U10.13 on FAN1_TACH (netlist: FAN1_TACH); E U10 value has 'RP2040' (netlist: 'RP2040 sensor controller (USB to B16 through the dock)'); E Q9.3 on FAN1_SW (netlist: FAN1_SW); E J_FAN1.2 on FAN1_SW (netlist: FAN1_SW); E J_FAN2 present; board E: 2 parts whose designator holds 'J_FAN' (read: 2, J_FAN1,J_FAN2); board B: 3 parts whose designator holds 'J_FAN' (read: 3, J_FAN1,J_FAN2,J_FAN3)
V2-SPEC.md#Corrections, 29 September 2026:L289:item:s1 [479d562a75] NOT DERIVABLE
    **The EMCON row's per-radio reference (line 24).** Session reading of stream s122, round 3 (29 September 2026, MESHSAT-1357, open item S-122; its independent check, `v2/docs/records/s122/checks/check-s122-2.md`, m2).
    judgement: HISTORY: a dated record of an earlier reading or wording, true as history, not re-derived against set 12 (correction 33's heading)
    names looked up: 0 parts, 0 nets
V2-SPEC.md#Corrections, 29 September 2026:L289:item:s2 [8c1edc6932] TRUE
    Stream s122 restored `CONOPS.md` to its baselined text at `c5430071`, where section 4b is a baseline value; the circuit as generated is kept in `feasibility/EMCON.md` section 0a.1 (`handover/DEFINITION-STATUS.md`, row DC-01), which line 24 now cites.
    judgement: CONOPS.md is c5430071's file; EMCON.md 0a.1 carries the circuit; the status page's DC-01 names it
    names looked up: 0 parts, 0 nets
    asserted (3): v2/docs/CONOPS.md sha256/16 6cb7b241cb84d729 (read: 6cb7b241cb84d729); v2/docs/feasibility/EMCON.md says '### 0a.1|`U540`|`R536`|`R537`|`U536`|`RB_IEN`|`U543`'; v2/docs/handover/DEFINITION-STATUS.md says "| DC-01 | section 4's EMCON row; section 4b's preamble and table |"
OPERATING-ENVELOPE.md#2:L72:cell:0:s1 [0fea03e077] TRUE
    Pervasive Displays E2370KS0C1 e-paper
    judgement: C7's e-paper ZIF for the E2370KS0C1
    names looked up: 0 parts, 0 nets
    part numbers (1): E2370KS0C1 on C (J_EPD)
    asserted (1): C J_EPD value has 'E2370KS0C1' (netlist: 'Hirose FH34SRJ-24S-0.5SH ZIF for the E2370KS0C1 flex (0.5 mm')
OPERATING-ENVELOPE.md#2:L72:cell:3:s1 [ee3ef3ae81] NOT DERIVABLE
    `pdi/pdi-e2370ks0c1-flyer.pdf`
    judgement: HELD DOCUMENT: a maker's figure, an analysis, a ruling or a record, not a netlist claim (the row's source, a held maker's sheet)
    names looked up: 0 parts, 0 nets
    part numbers (1): E2370KS0C1 on C (J_EPD)
OPERATING-ENVELOPE.md#2:L74:cell:3:s1 [355e205565] NOT DERIVABLE
    `battery/samsung-35e-orbtronic.pdf`, Samsung INR18650-35E Ver. 1.1, 3.12 (source corrected 26 September 2026)
    judgement: HELD DOCUMENT: a maker's figure, an analysis, a ruling or a record, not a netlist claim (the row's source, a held maker's sheet)
    names looked up: 0 parts, 0 nets
    part numbers (1): INR18650-35E bought: Samsung's cell of the built pack, not a board part
OPERATING-ENVELOPE.md#2:L77:cell:0:s1 [2b5ab8d2af] STALE
    TRACO TEN 40-2412WIN
    judgement: no netlist carries a TRACO part; board E's input part is the LM5069 U6 (replaced in round 4)
    FAILS: TEN 40-2412WIN is on no netlist's part values
    names looked up: 0 parts, 0 nets
    part numbers (1): none judged
    asserted (7): board A has no part whose value holds 'TRACO' (found: none); board B has no part whose value holds 'TRACO' (found: none); board C has no part whose value holds 'TRACO' (found: none); board D has no part whose value holds 'TRACO' (found: none); board E has no part whose value holds 'TRACO' (found: none); board P has no part whose value holds 'TRACO' (found: none); E U6 value has 'LM5069' (netlist: 'LM5069MM-2 hot-swap controller: 9 V on, 40 V off, current an')
OPERATING-ENVELOPE.md#2:L78:cell:0:s1 [ccb27feb51] TRUE
    Quectel RM520N-GL 5G
    judgement: the RM520N-GL on board B's key-B socket
    names looked up: 0 parts, 0 nets
    part numbers (1): RM520N-GL on B (J_M2C2)
    asserted (1): B J_M2C2 value has 'RM520N-GL' (netlist: 'M.2 B-key 3052 socket, TE 2199119-3, M2.5 standoff: Quectel ')
OPERATING-ENVELOPE.md#2:L78:cell:3:s1 [617d80160b] NOT DERIVABLE
    `quectel/quectel-rm520n-gl-5g-specification-brief.pdf`
    judgement: HELD DOCUMENT: a maker's figure, an analysis, a ruling or a record, not a netlist claim (the row's source, a held maker's sheet)
    names looked up: 0 parts, 0 nets
    part numbers (1): RM520N on B (C520,C521,J_M2C2,U221)
OPERATING-ENVELOPE.md#2:L79:cell:1:s1 [5e98fc1920] NOT DERIVABLE
    three slots, inside
    judgement: HELD DOCUMENT: a maker's figure, an analysis, a ruling or a record, not a netlist claim (a table row)
    names looked up: 0 parts, 0 nets
OPERATING-ENVELOPE.md#2:L80:cell:0:s1 [97dbd8caef] TRUE
    Ebyte E22-900M30S LoRa
    judgement: B16's E22-900M30S
    names looked up: 0 parts, 0 nets
    part numbers (1): E22-900M30S on B (U12)
    asserted (1): B U12 value has 'E22-900M30S' (netlist: 'Ebyte E22-900M30S 1 W LoRa (SX1262) on S3 SPI0 CE1: TXEN GPI')
OPERATING-ENVELOPE.md#2:L81:cell:3:s1 [19e176369f] NOT DERIVABLE
    `zigbee/ebyte-e72-2g4m20s1e-user-manual.pdf`
    judgement: HELD DOCUMENT: a maker's figure, an analysis, a ruling or a record, not a netlist claim (the row's source, a held maker's sheet)
    names looked up: 0 parts, 0 nets
    part numbers (1): 2G4M20S1E on B (U13,U14)
OPERATING-ENVELOPE.md#2:L82:cell:0:s1 [2e18543607] TRUE
    Quectel LG290P GNSS
    judgement: B16's LG290P
    names looked up: 0 parts, 0 nets
    part numbers (1): LG290P on B (BT1,J_GNSS2,U11)
    asserted (1): B U11 value has 'LG290P' (netlist: 'Quectel LG290P03AAMD GNSS RTK module: UART1 to the bridge, 1')
OPERATING-ENVELOPE.md#2:L83:cell:3:s1 [40344bc9e0] STALE
    `m2/amphenol-mdt420b01001-m2-b-key.pdf`
    judgement: the row's source is Amphenol's MDT420B01001, on no netlist; board B's B-key socket is TE 2199119-3 J_M2C2 (replaced in round 4)
    FAILS: MDT420B01001 is on no netlist's part values
    names looked up: 0 parts, 0 nets
    part numbers (1): none judged
    asserted (2): board B has no part whose value holds 'MDT420B' (found: none); B J_M2C2 value has 'TE 2199119-3' (netlist: 'M.2 B-key 3052 socket, TE 2199119-3, M2.5 standoff: Quectel ')
OPERATING-ENVELOPE.md#2:L84:cell:0:s1 [fb87fd6753] TRUE
    NiceRF SA868 VHF module
    judgement: D8's SA868
    names looked up: 0 parts, 0 nets
    part numbers (1): SA868 on D (U13,U2)
    asserted (1): board D has a part whose value holds 'SA868' (U13,U2)
OPERATING-ENVELOPE.md#2:L85:cell:0:s1 [6eb6546bb8] TRUE
    board P, the pack's protection board (generated by `gen_sch_p.py`)
    judgement: board P is gen_sch_p.py's
    names looked up: 0 parts, 0 nets
    asserted (1): P U2 value has 'BQ7720700' (netlist: 'BQ7720700DSSR: second-level cell OV 4.325 V / UV 2.25 V / op')
OPERATING-ENVELOPE.md#2:L85:cell:2:s1 [916256cba8] NOT DERIVABLE
    **-20 to +60 C**, set by its chemical fuse F2 (Eaton SCF9550-30-05); the gauge BQ4050 and the second level BQ7720700 are -40 to +85 C
    judgement: HELD DOCUMENT: a maker's figure, an analysis, a ruling or a record, not a netlist claim (the parts' temperature ratings)
    names looked up: 1 parts, 0 nets
    part numbers (3): BQ4050 on P (RT1,U1); BQ7720700 on P (U2); SCF9550-30-05 on P (F2)
    asserted (4): P U2 value has 'BQ7720700' (netlist: 'BQ7720700DSSR: second-level cell OV 4.325 V / UV 2.25 V / op'); P F2 value has 'SCF9550' (netlist: 'SCF9550-30-05 self-control fuse (Eaton, 30 A, 4-5 cells): 1 '); P JP1 present; P RT1 value has 'PRF15BB103RB6RC' (netlist: 'PRF15BB103RB6RC chip PTC 10k, 4.7M at 130 C (Murata): the BQ')
OPERATING-ENVELOPE.md#2:L85:cell:3:s1 [37526b22ec] NOT DERIVABLE
    `battery/eaton-scf9550-elx1135.pdf` (operating temperature); `battery/ti-bq4050.pdf` (SLUSC67B 6.3); `battery/ti-bq77207.pdf` (SLUSEG7D, recommended operating conditions)
    judgement: HELD DOCUMENT: a maker's figure, an analysis, a ruling or a record, not a netlist claim (the row's source, a held maker's sheet)s
    names looked up: 0 parts, 0 nets
    part numbers (4): BQ4050 on P (RT1,U1); BQ77207 on P (U2); ELX1135 document: Eaton's SCF9550 data sheet number; SCF9550 on P (F2)
OPERATING-ENVELOPE.md#2:L86:cell:0:s1 [ab9bf69309] TRUE
    AsiaRF AW7915-AED WiFi link card (two, bought)
    judgement: the two AW7915-AED card sockets of slots 1 and 3
    names looked up: 0 parts, 0 nets
    part numbers (1): AW7915-AED on B (J_M2C1,J_M2C3)
    asserted (2): B J_M2C1 value has 'AW7915' (netlist: 'M.2 E-key 2230 socket, TE 2199230-4, M2.5 standoff: AsiaRF A'); B J_M2C3 present
OPERATING-ENVELOPE.md#2:L86:cell:3:s1 [d61d2ad023] NOT DERIVABLE
    `wifi/asiarf-AW7915-AED_V1.pdf` (Temperature, Operating); `wifi/asiarf-aw7915-aed-product-page-20260926.html` (added 27 September 2026)
    judgement: HELD DOCUMENT: a maker's figure, an analysis, a ruling or a record, not a netlist claim (the row's source, a held maker's sheet)s
    names looked up: 0 parts, 0 nets
    part numbers (1): AW7915 on B (J_M2C1,J_M2C3)
OPERATING-ENVELOPE.md#2:L88:cell:0:s1 [de8421d357] TRUE
    Mitsubishi RA30H1317M1 30 W VHF power amplifier
    judgement: the RA30H1317M1's leads on D8
    names looked up: 0 parts, 0 nets
    part numbers (1): RA30H1317M1 on D (J_PAIN,J_PAOUT,J_VGG)
    asserted (1): board D has a part whose value holds 'RA30H1317M1' (J_PAIN,J_PAOUT,J_VGG)
OPERATING-ENVELOPE.md#2:L88:cell:3:s1 [8470300799] NOT DERIVABLE
    `mitsubishi/ra30h1317m1-datasheet.pdf` (maximum ratings; thermal design of the heat sink) (added 27 September 2026)
    judgement: HELD DOCUMENT: a maker's figure, an analysis, a ruling or a record, not a netlist claim (the row's source, a held maker's sheet)
    names looked up: 0 parts, 0 nets
    part numbers (1): RA30H1317M1 on D (J_PAIN,J_PAOUT,J_VGG)
OPERATING-ENVELOPE.md#2:L89:cell:1:s1 [ae0e5de42a] NOT DERIVABLE
    three M.2 slots, inside
    judgement: HELD DOCUMENT: a maker's figure, an analysis, a ruling or a record, not a netlist claim (a table row)
    names looked up: 0 parts, 0 nets
    asserted (1): board B: 3 parts whose value holds 'M.2 M-key' (read: 3, J_M2N1,J_M2N2,J_M2N3)
OPERATING-ENVELOPE.md#2:L91:para:s1 [f2fe408269] NOT DERIVABLE
    **TWO OF THE SEVEN OWED RANGES WERE IN THE TREE ALL ALONG (20 September 2026).** The SA868's own datasheet states its working range in a table and the pack's protection board states both of its ranges; neither needed a measurement or a letter.
    judgement: HISTORY: a dated record of an earlier reading or wording, true as history, not re-derived against set 12 (20 September 2026)
    names looked up: 0 parts, 0 nets
    part numbers (1): SA868 on D (U13,U2)
OPERATING-ENVELOPE.md#2:L97:para:s1 [b6626c78f7] NOT DERIVABLE
    **Corrected 26 September 2026: the cell sheet was in the tree as well.** Samsung's INR18650-35E specification Ver. 1.1 (`battery/samsung-35e-orbtronic.pdf`, sha256 5ec577b952b9...) states charge 0 to 45 C and discharge -10 to 60 C at the cell surface (its 3.12), and storage of -20 to 45 C for three months and -20 to 25 C for a year at the ex-factory 30 percent charge (its 3.13).
    judgement: HISTORY: a dated record of an earlier reading or wording, true as history, not re-derived against set 12 (the cell sheet, 26 September 2026)
    names looked up: 0 parts, 0 nets
    part numbers (1): INR18650-35E bought: Samsung's cell of the built pack, not a board part
OPERATING-ENVELOPE.md#2:L104:para:s1 [8f59ec89ff] NOT DERIVABLE
    The pack's protection is board P; its narrowest part is the chemical fuse F2 at -20 to +60 C, whose top is the cells' own +60 C discharge limit and whose bottom is the envelope's -20 C, so no bound moves.
    judgement: HELD DOCUMENT: a maker's figure, an analysis, a ruling or a record, not a netlist claim (F2's rating)
    names looked up: 1 parts, 0 nets
    asserted (1): P F2 value has 'SCF9550' (netlist: 'SCF9550-30-05 self-control fuse (Eaton, 30 A, 4-5 cells): 1 ')
OPERATING-ENVELOPE.md#2:L110:para:s1 [ab5d01673b] NOT DERIVABLE
    **Still owed, and now named as documents this tree does NOT hold rather than as open questions:** the RockBLOCK 9704 (its datasheet here is three and a half thousand characters and states no temperature at all), the QMX HF unit (the tree holds its operating and CAT manuals, neither of which states one) and the five fans (their pick waits on D-18).
    judgement: HELD DOCUMENT: a maker's figure, an analysis, a ruling or a record, not a netlist claim
    names looked up: 0 parts, 0 nets
    asserted (2): board E: 2 parts whose designator holds 'J_FAN' (read: 2, J_FAN1,J_FAN2); board B: 3 parts whose designator holds 'J_FAN' (read: 3, J_FAN1,J_FAN2,J_FAN3)
OPERATING-ENVELOPE.md#2:L110:para:s2 [46f0dd0453] NOT DERIVABLE
    The 4S pack's cell sheet was on this list until 26 September 2026; the LimeSDR Mini 2.4 (whose maker's page states its range) and the 30 W PA stage (the RA30H1317M1's sheet) left it on 27 September 2026, and both are rows of the table above.
    judgement: HISTORY: a dated record of an earlier reading or wording, true as history, not re-derived against set 12 (the list's history)
    names looked up: 0 parts, 0 nets
    part numbers (1): RA30H1317M1 on D (J_PAIN,J_PAOUT,J_VGG)
OPERATING-ENVELOPE.md#2:L110:para:s3 [ed340e0341] NOT DERIVABLE
    **Two of the new rows do narrow it at the cold end** (`feasibility/POWER-THERMAL.md` section 9.4, PWR-F09): the AW7915-AED from 0 C (or -10 C) and the LimeSDR from 0 C in use and in storage, and the LimeSDR also below the +71 C storage margin.
    judgement: HELD DOCUMENT: a maker's figure, an analysis, a ruling or a record, not a netlist claim (PWR-F09)
    names looked up: 0 parts, 0 nets
    part numbers (1): AW7915-AED on B (J_M2C1,J_M2C3)
OPERATING-ENVELOPE.md#3:L122:para:s1 [8a93588273] NOT DERIVABLE
    Appendix 32.53, the no-vent ruling: heat leaves through the aluminium face plate and the case walls, five fans couple the inside air to the skin, and with the lid closed the kit runs the reduced mode.
    judgement: HELD DOCUMENT: a maker's figure, an analysis, a ruling or a record, not a netlist claim
    names looked up: 0 parts, 0 nets
    asserted (2): board E: 2 parts whose designator holds 'J_FAN' (read: 2, J_FAN1,J_FAN2); board B: 3 parts whose designator holds 'J_FAN' (read: 3, J_FAN1,J_FAN2,J_FAN3)
OPERATING-ENVELOPE.md#3:L143:cell:0:s1 [3a41b60ff9] NOT DERIVABLE
    the heat stage as generated (PS-SURV, slot 2), lid closed, fans
    judgement: HELD DOCUMENT: a maker's figure, an analysis, a ruling or a record, not a netlist claim (a thermal table's row label)
    names looked up: 0 parts, 0 nets
OPERATING-ENVELOPE.md#3:L144:cell:0:s1 [33087d52ba] NOT DERIVABLE
    the heat stage as generated (PS-SURV, slot 2), lid open, fans
    judgement: HELD DOCUMENT: a maker's figure, an analysis, a ruling or a record, not a netlist claim (a thermal table's row label)
    names looked up: 0 parts, 0 nets
OPERATING-ENVELOPE.md#3:L155:cell:0:s1 [af35e56cae] NOT DERIVABLE
    the heat stage as generated, lid closed
    judgement: HELD DOCUMENT: a maker's figure, an analysis, a ruling or a record, not a netlist claim (a thermal table's row label)
    names looked up: 0 parts, 0 nets
OPERATING-ENVELOPE.md#3:L156:cell:0:s1 [b2237301f8] NOT DERIVABLE
    the heat stage as generated, lid open
    judgement: HELD DOCUMENT: a maker's figure, an analysis, a ruling or a record, not a netlist claim (a thermal table's row label)
    names looked up: 0 parts, 0 nets
OPERATING-ENVELOPE.md#3:L158:para:s1 [fc58cb90ed] NOT DERIVABLE
    **The worst inside air in use**, at the envelope's +40 C with the kit shed to its heat stage (the last stage that keeps a module running; past it the hot stop of section 4 removes every module): in the required stage after BANK-R1, +59.2 C lid open and +62.1 C lid closed on the independent bound's lowest conductance, and +47.8 C and +55.6 C on 32.53's; in the stage board B gives as generated, +57.9 C and +60.6 C, and +47.3 C and +54.6 C (INFERRED: 40 C plus the stage's rise above, rounded down to one decimal).
    judgement: HELD DOCUMENT: a maker's figure, an analysis, a ruling or a record, not a netlist claim (the thermal bounds)
    names looked up: 0 parts, 0 nets
OPERATING-ENVELOPE.md#3:L186:para:s1 [421b320d94] NOT DERIVABLE
    The charger has no such input: TI's BQ25731 datasheet (SLUSE66A, Table 7-1, pin functions, `ti/bq25731-datasheet.pdf`) lists no thermistor, TS or JEITA pin.
    judgement: HELD DOCUMENT: a maker's figure, an analysis, a ruling or a record, not a netlist claim (TI's pin table)
    names looked up: 0 parts, 0 nets
    part numbers (1): BQ25731 on A (U3)
OPERATING-ENVELOPE.md#3:L186:para:s2 [e20bc8f1b4] NOT DERIVABLE
    The hold-off is the pack gauge's own: the BQ4050 on board P opens its charge FET outside 0 to 45 C read at the cell surface (`pcb_pack_protection.yaml`, CHARGE_TEMPERATURE_WINDOW), a threshold held in the gauge's data flash rather than fixed in hardware, with the panel's cold-charge inhibit below 0 C on top (`PANEL.md` section 10).
    judgement: HELD DOCUMENT: a maker's figure, an analysis, a ruling or a record, not a netlist claim (the gauge's data flash window)
    names looked up: 0 parts, 0 nets
    part numbers (1): BQ4050 on P (RT1,U1)
OPERATING-ENVELOPE.md#3:L186:para:s3 [31985580ef] TRUE
    Decision 40, ruled by the owner on 26 September 2026, adds hardware beside the gauge, and board P's schematic carries it since `faf8c981`: a BQ7720700 second level (cell over-voltage 4.325 V, under-voltage 2.25 V, open wire, and a fixed 70 C over-temperature on its own thermistor since `d90f30e4`) that blows the Eaton SCF9550 chemical fuse F2 once the arming jumper is closed at commissioning, and the gauge's PTC input enabled (`gen_sch_p.py` lines 243, 288 and 414 to 502 at `45bde541`).
    judgement: board P's second level, F2, the arming jumper and the PTC element; the citation is dated
    names looked up: 1 parts, 0 nets
    part numbers (2): BQ7720700 on P (U2); SCF9550 on P (F2)
    asserted (7): P U2 value has 'BQ7720700' (netlist: 'BQ7720700DSSR: second-level cell OV 4.325 V / UV 2.25 V / op'); P F2 value has 'SCF9550' (netlist: 'SCF9550-30-05 self-control fuse (Eaton, 30 A, 4-5 cells): 1 '); P JP1 present; P RT1 value has 'PRF15BB103RB6RC' (netlist: 'PRF15BB103RB6RC chip PTC 10k, 4.7M at 130 C (Murata): the BQ'); gen_sch_p.py lines 243 to 243 at 45bde541 hold RT1; gen_sch_p.py lines 288 to 288 at 45bde541 hold F2; gen_sch_p.py lines 414 to 502 at 45bde541 hold JP1
OPERATING-ENVELOPE.md#4:L207:item:s1 [8f9ef47522] NOT DERIVABLE
    **below -10 C:** the pack is warmed by its heater mat before charge (the mat is RS PRO 245-556, ruled 4 September); discharge continues to the cells' own -10 C surface limit.
    judgement: FIRMWARE: the firmware contract or an operating procedure, not a netlist claim (the cold charge rule)
    names looked up: 0 parts, 0 nets
    part numbers (1): PRO 245-556 bought: the RS PRO heater mat, RS stock number 245-556, a case item
OPERATING-ENVELOPE.md#4:L214:item:s1 [d242bb413f] NOT DERIVABLE
    **the hot end, on measured temperatures (restated 27 September 2026):** the kit sheds to the reduced mode (slots 2 and 3, monitor off) when its inside air reaches +50 C or any cell +55 C, and, if those are reached again, to one module (the heat stage: slot 3 once board B carries BANK-R1, slot 2 as generated, `CONOPS.md` section 4c); it restores 5 K below (control C1, `feasibility/POWER-THERMAL.md` section 9.3, `CONOPS.md` section 4c).
    judgement: FIRMWARE: the firmware contract or an operating procedure, not a netlist claim (control C1's thresholds; which module remains is the control's, BANK-R1 not drawn)
    names looked up: 1 parts, 0 nets
    asserted (13): B U102 USB_DP_DN4 on RB_DP (netlist: RB_DP); B net RB_DP holds exactly U102,U18 (read: U102,U18); B U18 value has 'CP2102N' (netlist: 'CP2102N-A02-GQFN28 USB-UART bridge (RB)'); B U202 USB_DP_DN4 on QMX_DP (netlist: QMX_DP); B net QMX_DP holds J_QMX,U202 (missing: none); B U102 USB_DP_DN2 on USB_PNL_P (netlist: USB_PNL_P); B net USB_PNL_P holds J_PANEL,U102 (missing: none); B U302 USB_DP_DN3 on USB_WALL_P (netlist: USB_WALL_P); at 45bde541: B U102 USB_DP_DN4 on RB_DP (netlist: RB_DP); at 45bde541: B U202 USB_DP_DN4 on QMX_DP (netlist: QMX_DP); at 45bde541: B U102 USB_DP_DN2 on USB_PNL_P (netlist: USB_PNL_P); at 45bde541: B U302 USB_DP_DN3 on USB_WALL_P (netlist: USB_WALL_P); registry REQ-052 evidence_result = FAIL (read: FAIL)
OPERATING-ENVELOPE.md#4:L214:item:s2 [69c53126c9] NOT DERIVABLE
    Until 27 September 2026 this line read "above +35 C: the kit runs the reduced mode (one module) so the inside air stays under the +55 C that the battery-bay sensor and the pack need", the figure the owner's D-02b consequence was argued at (section 8), which is not where the current analysis puts it: on 32.53's conductance three typical modules reach C1 at +28.6 to +30.5 C.
    judgement: HISTORY: a dated record of an earlier reading or wording, true as history, not re-derived against set 12
    names looked up: 1 parts, 0 nets
OPERATING-ENVELOPE.md#4:L214:item:s3 [4dc19331ec] TRUE
    What it is for: REQ-077 requires the kit to act before any cell passes +60 C, idle cells on an input included, where the enclosure alone cannot keep them under it, and the design intends the stop to do that with HOT-R1, which the generators of boards A and E carry since stream w4ae (board E's `Q11` on the dock line, read on board A's `U27`), and on the provisional error budget (`TEST-PLAN.md` P14); the kit runs no module while it acts.
    judgement: HOT-R1 on E and A; the requirement and the budget are the registry's and the record's
    names looked up: 2 parts, 0 nets
    asserted (7): E Q11.1 on HOT_R1_G (netlist: HOT_R1_G); E Q11.3 on BLK_SPARE (netlist: BLK_SPARE); E J_BLK.12 on BLK_SPARE (netlist: BLK_SPARE); A J_DOCK.12 on DOCK_SPARE (netlist: DOCK_SPARE); A U27 IO1_5 on DOCK_SPARE (netlist: DOCK_SPARE); A R216.1 on DOCK_SPARE (netlist: DOCK_SPARE); A R216.2 on +3V3 (netlist: +3V3)
OPERATING-ENVELOPE.md#4:L235:item:s1 [9ba46bddfe] NOT DERIVABLE
    **below 0 C inside air:** the two AW7915-AED WiFi link cards and the LimeSDR are powered only once the inside air reads 0 C or more, and the kit's cold warm-up (the pack heater with the three modules loaded) is what brings it there: lid open with the fans, the warm-up reaches 0 C from an ambient of -22.0 to -24.2 C on appendix 32.53's conductance and lower still on the independent bound, while the idle and typical states, with or without the heater, need at least -11.3 to -20.3 C there (`CONOPS.md` section 4c; `records/hc2/pwr_red2.out`).
    judgement: FIRMWARE: the firmware contract or an operating procedure, not a netlist claim (the cold warm-up)
    names looked up: 0 parts, 0 nets
    part numbers (1): AW7915-AED on B (J_M2C1,J_M2C3)
    asserted (1): board B: 2 parts whose value holds 'M.2 E-key' (read: 2, J_M2C1,J_M2C3)
OPERATING-ENVELOPE.md#4:L235:item:s2 [c836951a27] NOT DERIVABLE
    At the envelope's -20 C the warm-up holds only while the conductance, lid open with the fans, is at most about 3.6 W/K, which no measurement has shown (T-H1): above it the link cards stay off, the kit-to-kit link is lost at the cold end and `TEST-PLAN.md` E4-O fails on it.
    judgement: HELD DOCUMENT: a maker's figure, an analysis, a ruling or a record, not a netlist claim (the cold warm-up bound)
    names looked up: 0 parts, 0 nets
OPERATING-ENVELOPE.md#4:L235:item:s3 [84c26222a6] NOT DERIVABLE
    That bound stays open, with an extended-grade card and SDR (layer 6, decided before board B's layout entry if a socket or supply changes) as the route that removes it.
    judgement: HELD DOCUMENT: a maker's figure, an analysis, a ruling or a record, not a netlist claim
    names looked up: 0 parts, 0 nets
OPERATING-ENVELOPE.md#4:L248:para:s1 [ceb6a5b184] NOT DERIVABLE
    **The stored configuration (27 September 2026, `CONOPS.md` section 4, Storage row):** closed and latched, the pack fitted, brought to the cells' ex-factory state (3.49 to 3.69 V per cell, about 30 percent of charge: Samsung INR18650-35E Ver. 1.1 7.11, and 3.13 note 1, the charge its storage ratings are stated at), and put in its gauge's shutdown, so that no load drains it; dry and preferably below +20 C (the maker's handling notes); at most a month up to +60 C (3.13); never where the temperature may exceed +60 C.
    judgement: HELD DOCUMENT: a maker's figure, an analysis, a ruling or a record, not a netlist claim (the stored configuration, the cell maker's figures)
    names looked up: 0 parts, 0 nets
    part numbers (1): INR18650-35E bought: Samsung's cell of the built pack, not a board part
OPERATING-ENVELOPE.md#4:L262:para:s1 [22912384cc] NOT DERIVABLE
    **Altitude: 0 to 3000 m in use, 0 to 4500 m in transport, ruled by the owner on 26 September 2026 (D-02c, section 8).** It was proposed here without a source, and it is not free: IEC 60664-1 derates clearance above 2000 m, so the PoE 54 V rail and the isolated converter's barrier both depend on it, which is why ISO-001 cannot close without it.
    judgement: HELD DOCUMENT: a maker's figure, an analysis, a ruling or a record, not a netlist claim (the altitude ruling and IEC 60664-1)
    names looked up: 0 parts, 0 nets
OPERATING-ENVELOPE.md#4:L279:cell:1:s1 [0f99282a22] TRUE
    tracker input, LT8705A
    judgement: E6's LT8705A
    names looked up: 0 parts, 0 nets
    part numbers (1): LT8705A on E (U5)
    asserted (1): E U5 value has 'LT8705A' (netlist: 'LT8705A buck-boost controller, 38-lead QFN 5x7 (pin 39 = exp')
OPERATING-ENVELOPE.md#4:L279:cell:2:s1 [ffc36a06e2] NOT DERIVABLE
    the tracker's own window, board E
    judgement: HELD DOCUMENT: a maker's figure, an analysis, a ruling or a record, not a netlist claim (the tracker's rating)
    names looked up: 0 parts, 0 nets
OPERATING-ENVELOPE.md#4:L280:cell:2:s1 [9bab90eb18] NOT DERIVABLE
    Corrected 26 September 2026: the 4S4P 18650 and 4S3P 21700 packs this row named are not expected to fit beside board P under board B, and the 4S3P 18650 fits only without a rigid enclosure (adjudication A06 of 25 September 2026, whose working files are filed at `v2/docs/records/adj/A06-pack-geometry/`; the same finding is carried by `ASSEMBLY.md` section 3; INFERRED from the committed board heights; the case side at the worst of Peli's figures, `CASE-MARGINS.md`)
    judgement: HISTORY: a dated record of an earlier reading or wording, true as history, not re-derived against set 12
    names looked up: 0 parts, 0 nets
OPERATING-ENVELOPE.md#4:L281:cell:2:s1 [d84bfb5308] NOT DERIVABLE
    the rail that makes ISO-001 and the altitude question real
    judgement: HELD DOCUMENT: a maker's figure, an analysis, a ruling or a record, not a netlist claim
    names looked up: 0 parts, 0 nets
OPERATING-ENVELOPE.md#4:L282:cell:2:s1 [dfd6170bf6] TRUE
    TPS25740A with an LM5176 stage, 5, 9 and 15 V at 3 A (`gen_sch_a.py` line 1003 at `45bde541`); corrected 26 September 2026: the TPS55288 this row named left the design on 7 September
    judgement: U18 TPS25740A and U19 LM5176; the citation is dated
    names looked up: 0 parts, 0 nets
    part numbers (3): LM5176 on A (U13,U15,U16,U19); TPS25740A on A (U18); TPS55288 asserted
    asserted (4): A U18 value has 'TPS25740A' (netlist: 'TPS25740ARGER USB-C PD source controller, 45 W outlet (5, 9,'); A U19 value has 'LM5176' (netlist: 'LM5176PWPR buck-boost controller, PD_VPWR from VBAT'); gen_sch_a.py lines 1003 to 1003 at 45bde541 hold TPS25740A; gen_sch_a.py lines 267 to 267 at c5de605d hold TPS55288
OPERATING-ENVELOPE.md#4:L284:para:s1 [cbef354fca] TRUE
    **Operating modes**, each already in the design: full (three modules, lid open), reduced (slots 2 and 3; lid closed, or the measured-temperature and current triggers of `CONOPS.md` section 4c) with its heat stage (one module) and, past it, the hot stop (no module), blackout (LEDs and sounder muted), NVG (panel lighting), EMCON (a hardware line on every transmitter and on the PA's rail and bias; what it removes is set out below), and charge (mains, vehicle or solar, gated by the pack thermistor and by the cold-charge inhibit).
    judgement: the EMCON lines reach every transmitter, the PA rail (U35, U36) and its bias (D's U15 on PA_KEY); the modes are the design's
    names looked up: 0 parts, 0 nets
    asserted (5): D U15.4 on PA_KEY (netlist: PA_KEY); D U14.4 on PA_KEY (netlist: PA_KEY); A U36.4 on PA_EN (netlist: PA_EN); D U12.2 on TX_INHIBIT_n (netlist: TX_INHIBIT_n); B U113.1 on EMCON_ON1 (netlist: EMCON_ON1)
OPERATING-ENVELOPE.md#4:L284:para:s2 [b719e651bd] TRUE
    **Corrected 26 September 2026, as generated at `45bde541`:** EMCON removes the supply of the SDR, the Iridium modem, the LoRa, Zigbee and Thread radios, the HF unit, the two WiFi link cards and the PA rail, so those stop receiving too; it pulls the compute modules' own WiFi and Bluetooth disables low in hardware; and it puts the 5G module in airplane mode through its disable pin, a mode the module's firmware carries out; since board B's round 8 (27 September 2026) it also removes the 5G module's supply by hardware at once (SD-EMC-1r8, `feasibility/EMCON.md` section 4b) (`PANEL.md` section 6, `CONOPS.md` section 4b).
    judgement: the dated reading's supply removals hold, and board B's round 8 removes the 5G supply; that the radios stop receiving is the modules' behaviour (the RockBLOCK only once its own stored energy is spent, CONOPS 4b), not a netlist claim
    names looked up: 0 parts, 0 nets
    asserted (57): B U501 value has 'SN74LVC1G08' (netlist: 'SN74LVC1G08DBVR AND (1 A 2 B 3 GND 4 Y 5 VCC): LimeSDR stage'); B U501.1 on EMCON_HW (netlist: EMCON_HW); B U501.2 on LIME_HW_EN (netlist: LIME_HW_EN); B U501.4 on LIME_EN_A (netlist: LIME_EN_A); B U501.5 on +3V3_DEV (netlist: +3V3_DEV); B U503.1 on EMCON_HW (netlist: EMCON_HW); B U503.2 on RB_SW_EN (netlist: RB_SW_EN); B U503.4 on RB_EN (netlist: RB_EN); B U503.5 on +3V3_DEV (netlist: +3V3_DEV); B R530.1 on RB_EN (netlist: RB_EN); B R530.2 on RB_UVLO (netlist: RB_UVLO); B U24 value has 'TPS259631' (netlist: 'TPS259631DDAR eFuse +5V_DEV -> +5V_RB (301R 1% (ILM: 3.0 A))'); B U24.3 on RB_UVLO (netlist: RB_UVLO); B U24.4 on +5V_DEV (netlist: +5V_DEV); B U24.5 on +5V_RB (netlist: +5V_RB); B U504 value has 'SN74LVC1G08' (netlist: 'SN74LVC1G08DBVR AND (1 A 2 B 3 GND 4 Y 5 VCC): LoRa, EMCON A'); B U504.1 on EMCON_HW (netlist: EMCON_HW); B U504.2 on LORA_ON (netlist: LORA_ON); B U504.4 on E22_EN (netlist: E22_EN); B U6 IO0_3 on LORA_ON (netlist: LORA_ON); B R531.1 on E22_EN (netlist: E22_EN); B U505 value has 'SN74LVC1G08' (netlist: 'SN74LVC1G08DBVR AND (1 A 2 B 3 GND 4 Y 5 VCC): E72 radios, E'); B U505.1 on EMCON_HW (netlist: EMCON_HW); B U505.2 on ZB_ON (netlist: ZB_ON); B U505.4 on E72_EN (netlist: E72_EN); B U6 IO0_4 on ZB_ON (netlist: ZB_ON); B U22 value has 'TPS22810' (netlist: 'TPS22810DRV'); B U116 value has 'SN74LV1T08' (netlist: 'SN74LV1T08DBVR AND, 5 V supply, TTL-level inputs (1 A 2 B 3 '); B U116.1 on EMCON_HW (netlist: EMCON_HW); B U116.2 on PCIE_PWR_EN1 (netlist: PCIE_PWR_EN1); B U116.4 on S1A_EN (netlist: S1A_EN); B U116.5 on +5V_S1 (netlist: +5V_S1); B U316.1 on EMCON_HW (netlist: EMCON_HW); B U113.1 on EMCON_ON1 (netlist: EMCON_ON1); B U113.3 on EMCON_ON1 (netlist: EMCON_ON1); B U113.6 on WL_nDIS1 (netlist: WL_nDIS1); B U113.4 on BT_nDIS1 (netlist: BT_nDIS1); B U113.5 on +3V3_CM1 (netlist: +3V3_CM1); B U203 value has 'AP64500' (netlist: 'AP64500SP-13 5 A buck, 3.3 V rail +3V3_S2A'); B U203.3 on S2A_EN (netlist: S2A_EN); B U216 value has 'SN74LV1T08' (netlist: 'SN74LV1T08DBVR AND, 5 V supply, TTL-level inputs (1 A 2 B 3 '); B U216.1 on EMCON_HW (netlist: EMCON_HW); B U216.2 on PCIE_PWR_EN2 (netlist: PCIE_PWR_EN2); B U216.4 on S2A_EN (netlist: S2A_EN); B U216.5 on +5V_S2 (netlist: +5V_S2); B U220 value has 'SN74LVC2G06' (netlist: 'SN74LVC2G06DBVR dual open-drain inverter (1 1A 6 1Y, 3 2A 4 '); A U35 value has 'SN74AUP1G08' (netlist: 'SN74AUP1G08DBVR AND: PA_TXOK = TX_INHIBIT_n AND EMCON_HW (th'); A U35.1 on TX_INHIBIT_n (netlist: TX_INHIBIT_n); A U35.2 on EMCON_HW (netlist: EMCON_HW); A U35.4 on PA_TXOK (netlist: PA_TXOK); A U35.5 on +3V3_EMCON (netlist: +3V3_EMCON); A U36.1 on PA_TXOK (netlist: PA_TXOK); A U36.2 on PA_HOLD (netlist: PA_HOLD); A U36.4 on PA_EN (netlist: PA_EN); A U36.5 on +3V3_EMCON (netlist: +3V3_EMCON); A U37.1 on TX_INHIBIT_n (netlist: TX_INHIBIT_n); board B: 2 parts whose value holds 'M.2 E-key' (read: 2, J_M2C1,J_M2C3)
OPERATING-ENVELOPE.md#4:L284:para:s3 [d23664c78f] NOT DERIVABLE
    **D-05, owner ruling of 26 September 2026: under EMCON the radios go DARK.** Every radio with an emission path is powered off or RF-disabled in hardware; the VHF path keeps listening, because its gate is on transmit only; GNSS, DCF77 and the lightning detector continue.
    judgement: HELD DOCUMENT: a maker's figure, an analysis, a ruling or a record, not a netlist claim (ruling D-05)
    names looked up: 0 parts, 0 nets
OPERATING-ENVELOPE.md#4:L284:para:s4 [f7d96bf556] TRUE
    What is left under that ruling is session engineering: the items every row of the line shares, the SA868's PTT threshold and the RockBLOCK 9704's response to its ENABLE (forced low in hardware since board B's stream w4b), the 5G module's supply removal being drawn since board B's round 8 (`feasibility/EMCON.md` sections 0a, 5 and 7).
    judgement: the RockBLOCK's ENABLE is forced low by U536; the owed items are EMCON.md's
    names looked up: 0 parts, 0 nets
    part numbers (1): SA868 elsewhere: board D's U2 and U13; board B is named for the RockBLOCK
    asserted (20): B U503.1 on EMCON_HW (netlist: EMCON_HW); B U503.2 on RB_SW_EN (netlist: RB_SW_EN); B U503.4 on RB_EN (netlist: RB_EN); B U503.5 on +3V3_DEV (netlist: +3V3_DEV); B R530.1 on RB_EN (netlist: RB_EN); B R530.2 on RB_UVLO (netlist: RB_UVLO); B U24 value has 'TPS259631' (netlist: 'TPS259631DDAR eFuse +5V_DEV -> +5V_RB (301R 1% (ILM: 3.0 A))'); B U24.3 on RB_UVLO (netlist: RB_UVLO); B U24.4 on +5V_DEV (netlist: +5V_DEV); B U24.5 on +5V_RB (netlist: +5V_RB); B J_RB9704.15 on +5V_RB (netlist: +5V_RB); B U6 IO0_2 on RB_SW_EN (netlist: RB_SW_EN); B U536 value has 'SN74LVC1G08' (netlist: 'SN74LVC1G08DBVR AND (1 A 2 B 3 GND 4 Y 5 VCC): RockBLOCK ENA'); B U536.1 on EMCON_HW (netlist: EMCON_HW); B U536.2 on RB_SW_IEN (netlist: RB_SW_IEN); B U536.4 on RB_IEN_DRV (netlist: RB_IEN_DRV); B U536.5 on +3V3_DEV (netlist: +3V3_DEV); B U6 IO1_6 on RB_SW_IEN (netlist: RB_SW_IEN); B R532 value has '2.7k' (netlist: '2.7k 1%'); B R532.1 on RB_IEN_DRV (netlist: RB_IEN_DRV)
OPERATING-ENVELOPE.md#4:L284:para:s5 [c98651fe06] NOT DERIVABLE
    The charge gate is the pack gauge's thermistor window (section 3).
    judgement: HELD DOCUMENT: a maker's figure, an analysis, a ruling or a record, not a netlist claim
    names looked up: 0 parts, 0 nets
OPERATING-ENVELOPE.md#4:L300:para:s1 [8f3480949a] NOT DERIVABLE
    **Single-fault conditions the design is expected to survive**, written as the design's own protections so that PWR-003 and BAT-002 have something to be judged against: a short on any downstream rail (eFuses), a reversed or over-voltage input (the ideal diode and the 9 to 36 V front end), a shorted pack lead (the 25 A blade and the pack's own protector), a failed module (the voted I/O fabric and the per-bank USB ring), a cell driven past its limits with the gauge's firmware wrong or dead (board P's second level and chemical fuse, decision 40), loss of the panel controller (the hardware EMCON line is independent of any module), and water on the floor of the case (the floor water sensor with pack shutdown).
    judgement: HELD DOCUMENT: a maker's figure, an analysis, a ruling or a record, not a netlist claim (the single faults the design is expected to survive)
    names looked up: 0 parts, 0 nets
OPERATING-ENVELOPE.md#4:L300:para:s2 [4acb82ab42] TRUE
    **Corrected 26 September 2026:** the loss of the panel controller leaves the transmitters safe but, as generated, no compute module powers without it (`ARCH-PCB-B-IOHA.md` section 10), so it is survived for EMCON and not for compute.
    judgement: no module powers without the panel controller: the slot enables are pulled low on board A
    names looked up: 0 parts, 0 nets
    asserted (4): A R30.1 on SLOT_EN1 (netlist: SLOT_EN1); A R30.2 on GND (netlist: GND); A net SLOT_EN2 holds R34,U5 (missing: none); A net SLOT_EN1 holds R30,U4 (missing: none)
TEST-PLAN.md#MeshSat field kit V2, qualification test plan (MIL-STD-810 and MIL-STD-461 methods; approved 6 Sep 2026, appendix 32.50 item 16e):L3:para:s1 [f1c2c8d45e] NOT DERIVABLE
    **Revised 27 September 2026 (MESHSAT-1357, the layer-2 and layer-3 closing actions of the handover audit):** every row now states its **purpose** and the **requirement records it verifies** (identifiers of `v2/ecad/tools/pcb_requirements.yaml`); the stored state keeps the pack fitted (section 1); E5 is written for the sealed case and E8 names Peli's pressure valve; the closed-lid state and its test are defined against the ConOps's reduced mode; D-02a's two pass lines are on every margin; the MIL-STD-461 rows are characterisation (D-04); M7 is at decision 34's ruled level; the thermal characterisation tests the hot end depends on are section 8 and the mechanical fit checks section 9.
    judgement: HISTORY: a dated record of an earlier reading or wording, true as history, not re-derived against set 12 (the plan's revision notes)
    names looked up: 0 parts, 0 nets
TEST-PLAN.md#MeshSat field kit V2, qualification test plan (MIL-STD-810 and MIL-STD-461 methods; approved 6 Sep 2026, appendix 32.50 item 16e):L3:para:s2 [5f30437813] NOT DERIVABLE
    **Pass 2, later on 27 September 2026, answering the first pass of Review A (`reviews/REVIEW-A-LAYER-2-2026-09-27-pass1.md`):** E3-L carries E3-A's whole pass line with the lid closed, requires the owner's D-02b example set with the SOS path at every level (the generated board's shortfall is not waived), and fails on an SGP41 above +55 C (findings B4 and B5); E4-O restores round 8's +1.0 C charge floor and -9.0 C discharge stop and requires the kit-to-kit link after the cold warm-up (B7, m10); T-H3 replaces `ASSEMBLY.md`'s ten-minute key-down (B6); the transport and stored states have every input unplugged (m5).
    judgement: HISTORY: a dated record of an earlier reading or wording, true as history, not re-derived against set 12 (the plan's revision notes)
    names looked up: 0 parts, 0 nets
TEST-PLAN.md#MeshSat field kit V2, qualification test plan (MIL-STD-810 and MIL-STD-461 methods; approved 6 Sep 2026, appendix 32.50 item 16e):L3:para:s3 [b9f3eb411b] NOT DERIVABLE
    **The second release attempt of layers 1 to 3, later on 27 September 2026 (the release checks' layer 2 B2 and layer 3 R4):** P15 (section 7) forces the hot stop at room temperature on the pack and on shore, so REQ-077 is verifiable whatever a chamber reaches; E3-H gains a stepped run beyond the envelope and the rule that a step that acted in no run reads NOT_VERIFIED; E3-L's pass line is unchanged.
    judgement: HISTORY: a dated record of an earlier reading or wording, true as history, not re-derived against set 12 (the plan's revision notes)
    names looked up: 1 parts, 0 nets
TEST-PLAN.md#1:L15:item:s1 [93f1cf837d] NOT DERIVABLE
    **Article:** one complete kit as specified in `V2-SPEC.md`: Peli 1450 of the current moulding (D-08a) with the 1450PF frame and the face plate, the board set A, B, C, D, E1, E5 and P as generated at the commit the build is ordered from (each board's phase is on `v2/docs/CURRENT-EVIDENCE.md`; corrected 27 September 2026: this line named the A22 to E6 set of 7 September), the built 4S3P pack (fitted or out as each test's state says), the Xenarc monitor, all radios and antennas fitted as for deployment, the lid tablet bracket loaded with a dummy mass.
    judgement: TEST: a test procedure, a condition or a pass line, not a netlist claim (the test article: the board set as generated at the build's commit)
    names looked up: 0 parts, 0 nets
    part numbers (1): 1450PF case: Peli's panel frame
TEST-PLAN.md#1:L16:item:s1 [5021436cab] NOT DERIVABLE
    **The states are session text, not an owner ruling:** the owner approved item 16e on 6 September 2026 (appendix 32.50: that this plan be written, with pass criteria per test); the session wrote the first three states on 7 September 2026 (`2e33773b`), when the pack was a bought BB-2590/U, and its stored state had the pack out; round 8 added "pack fitted" to the deployed states, the closed-lid state and "the kit off".
    judgement: HISTORY: a dated record of an earlier reading or wording, true as history, not re-derived against set 12 (the states' history)
    names looked up: 0 parts, 0 nets
    part numbers (1): BB-2590/U withdrawn: the bought pack of 7 September
TEST-PLAN.md#1:L16:item:s2 [18891567a1] NOT DERIVABLE
    Each test runs the kit in the state its row names, and a row that cannot says so as a **deviation**: E3-S, E3-O, E4-S and E5 keep the cells out of the exposure, because the cell maker rates them to +60 C at most in storage and in discharge and to -20 C at the lowest in storage (Samsung INR18650-35E Ver. 1.1 3.12 and 3.13), and the product-level result they cannot give is finding BAT-F19 (section 6).
    judgement: TEST: a test procedure, a condition or a pass line, not a netlist claim
    names looked up: 0 parts, 0 nets
    part numbers (1): INR18650-35E bought: Samsung's cell of the built pack, not a board part
TEST-PLAN.md#2:L27:cell:0:s1 [de793ba193] NOT DERIVABLE
    E4
    judgement: TEST: a test procedure, a condition or a pass line, not a netlist claim
    names looked up: 0 parts, 0 nets
TEST-PLAN.md#2:L27:cell:1:s1 [ac686a5720] NOT DERIVABLE
    502, low temperature: **E4-S** storage 24 hours at -33 C in the stored configuration **less its pack**, as a deviation (the cells' storage floor is -20 C in Ver. 1.1 and 0 C in Version 1.0, BAT-F09; the pack's own cold exposures are E4-T and E4-P), a qualification margin (D-02a); then **E4-O** operation 4 hours at -20 C with the pack fitted and its heater active, started warm or from shore or vehicle input (D-02d: a cold start from the pack below about -10 C cell temperature is out of scope; inside the envelope, so an acceptance test).
    judgement: TEST: a test procedure, a condition or a pass line, not a netlist claim
    names looked up: 0 parts, 0 nets
TEST-PLAN.md#2:L27:cell:1:s2 [b7a59d5af7] NOT DERIVABLE
    The transport and storage soak with the pack fitted (E4-T) and the pack's own cold storage (E4-P) are section 6
    judgement: TEST: a test procedure, a condition or a pass line, not a netlist claim
    names looked up: 0 parts, 0 nets
TEST-PLAN.md#2:L27:cell:3:s1 [076433a5d2] NOT DERIVABLE
    E4-S: survive and recover.
    judgement: TEST: a test procedure, a condition or a pass line, not a netlist claim
    names looked up: 0 parts, 0 nets
TEST-PLAN.md#2:L27:cell:3:s2 [44b650e543] NOT DERIVABLE
    E4-O: operate to specification: the pack heats to its charge window before charging is allowed (the gauge's charge floor, UTC at +1.0 C, and the panel's hold, which clears above +3 C), discharge stops at the gauge's UTD of -9.0 C (both restored on 27 September 2026 from round 8's text, Review A, m10), the monitor and e-paper operate at -20 C (the e-paper degraded below -15 C, its carve-out), the cold warm-up brings the inside air to 0 C and the WiFi link cards and the SDR come up then (their carve-out, `CONOPS.md` section 4c), with the time it takes and the inside air recorded, and the functional check passes, the kit-to-kit link included.
    judgement: TEST: a test procedure, a condition or a pass line, not a netlist claim
    names looked up: 0 parts, 0 nets
TEST-PLAN.md#2:L27:cell:3:s3 [a53a23c6b1] NOT DERIVABLE
    If the inside air does not reach 0 C in the run, E4-O fails on the link: the carve-out does not waive it (the failure bound of `CONOPS.md` section 4c, above about 3.6 W/K)
    judgement: TEST: a test procedure, a condition or a pass line, not a netlist claim
    names looked up: 0 parts, 0 nets
TEST-PLAN.md#2:L27:cell:4:s1 [569c2bd4c8] NOT DERIVABLE
    E4-S margin, run as a deviation; E4-O acceptance
    judgement: TEST: a test procedure, a condition or a pass line, not a netlist claim
    names looked up: 0 parts, 0 nets
TEST-PLAN.md#2:L28:cell:0:s1 [ef099fcece] NOT DERIVABLE
    E5
    judgement: TEST: a test procedure, a condition or a pass line, not a netlist claim
    names looked up: 0 parts, 0 nets
TEST-PLAN.md#2:L28:cell:1:s1 [a584c80595] NOT DERIVABLE
    The same cycle with the pack fitted, its upper level at the use envelope's +40 C, is the acceptance E5-A in section 6
    judgement: TEST: a test procedure, a condition or a pass line, not a netlist claim
    names looked up: 0 parts, 0 nets
TEST-PLAN.md#2:L29:cell:0:s1 [b073b98568] TRUE
    E6
    judgement: a board name as a row label
    names looked up: 0 parts, 0 nets
TEST-PLAN.md#2:L30:cell:0:s1 [a29d84f018] NOT DERIVABLE
    E7
    judgement: TEST: a test procedure, a condition or a pass line, not a netlist claim
    names looked up: 0 parts, 0 nets
TEST-PLAN.md#3:L39:cell:1:s1 [a4d044e1b0] NOT DERIVABLE
    CE102, conducted emissions on the power leads, 10 kHz to 10 MHz, on the vehicle input cable
    judgement: TEST: a test procedure, a condition or a pass line, not a netlist claim
    names looked up: 0 parts, 0 nets
    part numbers (1): CE102 document: a MIL-STD-461 test method
TEST-PLAN.md#3:L40:cell:1:s1 [8d0565d141] NOT DERIVABLE
    CS101, conducted susceptibility on the power leads, 30 Hz to 150 kHz
    judgement: TEST: a test procedure, a condition or a pass line, not a netlist claim
    names looked up: 0 parts, 0 nets
    part numbers (1): CS101 document: a MIL-STD-461 test method
TEST-PLAN.md#3:L41:cell:1:s1 [27f1725b81] NOT DERIVABLE
    CS114, bulk cable injection on the antenna and power cables, 10 kHz to 200 MHz
    judgement: TEST: a test procedure, a condition or a pass line, not a netlist claim
    names looked up: 0 parts, 0 nets
    part numbers (1): CS114 document: a MIL-STD-461 test method
TEST-PLAN.md#3:L42:cell:1:s1 [83d8d5a9da] NOT DERIVABLE
    RE102, radiated emissions, 10 kHz to 18 GHz, deployed with the radios receiving and then transmitting on each bearer in turn
    judgement: TEST: a test procedure, a condition or a pass line, not a netlist claim
    names looked up: 0 parts, 0 nets
    part numbers (1): RE102 document: a MIL-STD-461 test method
TEST-PLAN.md#3:L43:cell:1:s1 [f82bf4c812] NOT DERIVABLE
    RS103, radiated susceptibility, 2 MHz to 18 GHz at 50 V/m
    judgement: TEST: a test procedure, a condition or a pass line, not a netlist claim
    names looked up: 0 parts, 0 nets
    part numbers (1): RS103 document: a MIL-STD-461 test method
TEST-PLAN.md#3:L45:cell:3:s1 [0869c14ca5] NOT DERIVABLE
    no receiver damaged, no false trigger of EMCON, ZEROIZE or the sensors, the GNSS keeps its fix or recovers within 10 s
    judgement: TEST: a test procedure, a condition or a pass line, not a netlist claim
    names looked up: 0 parts, 0 nets
TEST-PLAN.md#4:L54:para:s1 [2a664799ad] NOT DERIVABLE
    Power on from the pack; the panel controller reports; every bearer comes up and passes traffic (Iridium message, 5G data, WiFi link to a second kit or a laptop, LoRa mesh packet, Zigbee and Thread join, APRS beacon heard by a receiver, HF CAT and audio, SDR capture, GNSS fix with time pulse); the display, touch, e-paper, LEDs, sounder, headset audio and PTT, camera; the sensors report; the seal check (inside against outside pressure after the valve settles) passes; EMCON silences every transmitter, measured with a receiver or spectrum analyser outside the kit and never with the kit's own SDR, whose supply EMCON removes (the per-transmitter bench tests of `feasibility/EMCON.md` section 6; corrected 26 September 2026, S-07); blackout darkens the kit; ZEROIZE wipes the secure element (verified by a failed key operation afterwards); the tamper switch logs the lid; shore, solar and vehicle inputs charge the pack; the PoE and USB-C outlets deliver; the log holds every step.
    judgement: TEST: a test procedure, a condition or a pass line, not a netlist claim (the functional check CFL-016 names)
    names looked up: 0 parts, 0 nets
TEST-PLAN.md#4:L56:para:s1 [2800341bc8] NOT DERIVABLE
    It verifies: the core bearers passing traffic, REQ-001; the other bearers, REQ-002; a message each way over each long-range bearer in turn, with the kit's own hand-off within 10 s and the end-to-end time recorded as characterisation, REQ-003 (`CONOPS.md` section 4c); with one long-range bearer disabled, its queue delivered over the next bearer within 10 s of the bearer being declared down (NEED-02, REQ-076); the face, the e-paper and the indicators, REQ-007, REQ-008, REQ-013; the TX lamp and its lamp-test tie, REQ-012; the headsets, REQ-009; the camera, REQ-010; the sensors, REQ-041; the seal check, REQ-021 and CON-008; EMCON with its latency per row and the hardware EMCON lamp `D22`, REQ-030, REQ-031, REQ-032, REQ-071 (the bench tests E-01 to E-12 of `feasibility/EMCON.md` section 6 carry the fault conditions); blackout, REQ-033; ZEROIZE and its indications, REQ-035 and REQ-038 (the drives re-enrolled afterwards); the tamper switch and the lid-driven reduced mode, entered also after a start with the lid closed once the lid is read, REQ-036 and REQ-052; SOS, its queue under EMCON and its indications, REQ-060; the slot supervision, REQ-062; charging from each input, REQ-015, REQ-016, REQ-046; the outlets and their interlock, REQ-017 and CON-019.
    judgement: TEST: a test procedure, a condition or a pass line, not a netlist claim
    names looked up: 1 parts, 0 nets
TEST-PLAN.md#4:L56:para:s2 [06b410e9d3] NOT DERIVABLE
    The failover fabric is accepted by `ARCH-PCB-B-IOHA.md` section 13's tests A1 to A14, each device of a moved bank back in service (`ARCH-PCB-B-IOHA.md` section 7 step 12, application access resumed) within 30 s plus its maker's start-up, and the bridge's own service back on a surviving module within 60 s of the loss (REQ-004, `CONOPS.md` section 4c).
    judgement: TEST: a test procedure, a condition or a pass line, not a netlist claim
    names looked up: 0 parts, 0 nets
TEST-PLAN.md#5:L60:para:s1 [9d1fb48fd2] NOT DERIVABLE
    These are the tests the protection thresholds are derived FOR: `v2/ecad/tools/pcb_pack_protection.yaml` carries the intended BQ4050RSMR configuration, every threshold inside the Samsung INR18650-35E's own limit at the pack's worst parallel count (4S3P, the Pack Design Guideline's Portable IT column), and `pack_protection.py` judges that table against the cell maker's own specification on every run.
    judgement: TEST: a test procedure, a condition or a pass line, not a netlist claim (the protection table's derivation); the gauge is board P's BQ4050RSMR
    names looked up: 0 parts, 0 nets
    part numbers (2): BQ4050RSMR on P (U1); INR18650-35E bought: Samsung's cell of the built pack, not a board part
    asserted (1): P U1 value has 'BQ4050RSMR' (netlist: 'BQ4050RSMR: SMBus 1.1 gas gauge, primary protection, 4S bala')
TEST-PLAN.md#5:L67:para:s1 [3511240a06] NOT DERIVABLE
    Record every trip level AND its delay: a threshold that trips at the right level and the wrong time is not the protection this rule asks for.
    judgement: TEST: a test procedure, a condition or a pass line, not a netlist claim
    names looked up: 0 parts, 0 nets
TEST-PLAN.md#5:L71:cell:2:s1 [368d0ce813] TRUE
    threshold (device U1 unless stated)
    judgement: the gauge is board P's U1
    names looked up: 1 parts, 0 nets
    asserted (1): P U1 value has 'BQ4050' (netlist: 'BQ4050RSMR: SMBus 1.1 gas gauge, primary protection, 4S bala')
TEST-PLAN.md#5:L73:cell:4:s1 [4b487b6217] NOT DERIVABLE
    charge one cell block from a bench supply through the pack's own charge path with the gauge live, raise the supply until the gauge opens Q1, and read the cell voltage at the trip on the tap it measures: 4.25 V +- 0.05 V, and the FET must open within 2 s of the threshold being crossed
    judgement: TEST: a test procedure, a condition or a pass line, not a netlist claim
    names looked up: 1 parts, 0 nets
TEST-PLAN.md#5:L74:cell:4:s1 [7e55555dd4] NOT DERIVABLE
    discharge the block at 1 A until the gauge opens Q2; read the lowest cell tap at the trip (2.50 V +0.05/-0.00) and confirm the pack terminal falls to zero and the gauge stays awake
    judgement: TEST: a test procedure, a condition or a pass line, not a netlist claim
    names looked up: 1 parts, 0 nets
TEST-PLAN.md#5:L75:cell:4:s1 [673141c79e] NOT DERIVABLE
    an electronic load stepped to 20 A on the pack terminal with the gauge live: Q2 opens within 2 s, and the same load at the declared 10 A continuous runs for an hour without tripping
    judgement: TEST: a test procedure, a condition or a pass line, not a netlist claim
    names looked up: 1 parts, 0 nets
TEST-PLAN.md#5:L76:cell:4:s1 [b2e71f3fc0] NOT DERIVABLE
    a 30 A pulse of 100 ms into the load: Q2 opens within 20 ms, and an 18 A pulse of the same length (the chain's declared peak) does not open it
    judgement: TEST: a test procedure, a condition or a pass line, not a netlist claim
    names looked up: 1 parts, 0 nets
TEST-PLAN.md#5:L77:cell:4:s1 [d2a8855204] NOT DERIVABLE
    a bolted short through a 1 mOhm shunt with a scope on the gate of Q2: the gate collapses within 200 us and F1 does not blow, which is what tells the gauge protected the pack rather than the fuse
    judgement: TEST: a test procedure, a condition or a pass line, not a netlist claim
    names looked up: 2 parts, 0 nets
TEST-PLAN.md#5:L78:cell:4:s1 [7c2fccc23f] NOT DERIVABLE
    the charger set to 5 A into a half-charged block: Q1 opens within 2 s; at the design's 4 A it does not
    judgement: TEST: a test procedure, a condition or a pass line, not a netlist claim
    names looked up: 1 parts, 0 nets
TEST-PLAN.md#5:L79:cell:4:s1 [fe768b753d] NOT DERIVABLE
    the block in a chamber at -5 C and at +48 C with the charger live and a reference thermocouple on every cell: Q1 stays open at both and closes between 5 C and 39 C, and it is open before any cell surface reads above 45.0 C or below 0.0 C on the references; then the block held until the gauge reads between 42.5 and 43.0 C with the charger disconnected: when it is connected, no charge starts (the charge inhibit at T3); cooled with the charger connected, a charge starts only once the gauge reads below 41 C; the thermistors read the CELL SURFACE, so the sensor's own position is part of the test
    judgement: TEST: a test procedure, a condition or a pass line, not a netlist claim
    names looked up: 1 parts, 0 nets
TEST-PLAN.md#5:L80:cell:4:s1 [7c4049d276] NOT DERIVABLE
    the block in a chamber at -15 C, then at +59 C raised in 0.5 K steps to +60 C at most, under a 2 A load with a reference thermocouple on every cell: Q2 opens at both before any cell surface passes -10.0 C or +60.0 C on the references, and closes inside the window.
    judgement: TEST: a test procedure, a condition or a pass line, not a netlist claim
    names looked up: 1 parts, 0 nets
TEST-PLAN.md#5:L82:cell:2:s1 [3a01437772] TRUE
    device U2 (BQ7720700): 4.325 V, 1 s (+-20 mV from 0 to 60 C, +-50 mV from -40 to 110 C; 1 s +-150 ms); COUT fires F2 once JP1 is closed
    judgement: U2's COUT reaches F2's heater through R29, JP1 and Q3; the thresholds are TI's
    names looked up: 3 parts, 0 nets
    part numbers (1): BQ7720700 on P (U2)
    asserted (16): P U2 value has 'BQ7720700' (netlist: 'BQ7720700DSSR: second-level cell OV 4.325 V / UV 2.25 V / op'); P U2.10 on SEC_COUT (netlist: SEC_COUT); P R29.1 on SEC_COUT (netlist: SEC_COUT); P R29.2 on FUSE_G (netlist: FUSE_G); P TP11.1 on FUSE_G (netlist: FUSE_G); P JP1.1 on FUSE_G (netlist: FUSE_G); P JP1.2 on FUSE_GQ (netlist: FUSE_GQ); P Q3.1 on FUSE_GQ (netlist: FUSE_GQ); P Q3.3 on SCP_HTR (netlist: SCP_HTR); P F2.3 on SCP_HTR (netlist: SCP_HTR); P U2.11 on SEC_DOUT (netlist: SEC_DOUT); P Q5.1 on SEC_DOUT (netlist: SEC_DOUT); P Q5.3 on DSG_G (netlist: DSG_G); P Q2.4 on DSG_G (netlist: DSG_G); P R18.1 on DSG_G (netlist: DSG_G); P F1 value has '25 A' (netlist: "25 A mini blade (Keystone 3568 holder): the pack's fuse")
TEST-PLAN.md#5:L82:cell:4:s1 [8bb25c639e] TRUE
    JP1 open and the gauge on TI's shipped image (FETs held off, so it cannot latch 2LVL): a 4S string simulator on J_CELL at 3.70 V per cell, one cell raised in 5 mV steps: TP11 (FUSE_G, COUT through R29) goes high, to between about 4.3 and 5.46 V (TP11 = COUT x 51/71 with JP1 open, so COUT reads between 6 and 7.6 V, the basis of FUSE_G's and FUSE_GQ's declared bounds; a higher reading reopens them), with that cell between 4.305 and 4.345 V at room temperature, 0.85 to 1.15 s after the step that crosses it, and falls again once the cell is back 100 mV lower; F2 untouched because JP1 is open
    judgement: TP11 is FUSE_G, COUT through R29; the procedure and the bounds are the test's
    names looked up: 5 parts, 2 nets
    asserted (16): P U2 value has 'BQ7720700' (netlist: 'BQ7720700DSSR: second-level cell OV 4.325 V / UV 2.25 V / op'); P U2.10 on SEC_COUT (netlist: SEC_COUT); P R29.1 on SEC_COUT (netlist: SEC_COUT); P R29.2 on FUSE_G (netlist: FUSE_G); P TP11.1 on FUSE_G (netlist: FUSE_G); P JP1.1 on FUSE_G (netlist: FUSE_G); P JP1.2 on FUSE_GQ (netlist: FUSE_GQ); P Q3.1 on FUSE_GQ (netlist: FUSE_GQ); P Q3.3 on SCP_HTR (netlist: SCP_HTR); P F2.3 on SCP_HTR (netlist: SCP_HTR); P U2.11 on SEC_DOUT (netlist: SEC_DOUT); P Q5.1 on SEC_DOUT (netlist: SEC_DOUT); P Q5.3 on DSG_G (netlist: DSG_G); P Q2.4 on DSG_G (netlist: DSG_G); P R18.1 on DSG_G (netlist: DSG_G); P F1 value has '25 A' (netlist: "25 A mini blade (Keystone 3568 holder): the pack's fuse")
TEST-PLAN.md#5:L83:cell:2:s1 [05a162614f] TRUE
    device U2: 2.25 V, 1 s (+-50 mV); DOUT holds the discharge FET off through Q5, the fuse is not fired
    judgement: U2's DOUT holds the discharge FET's gate DSG_G low through Q5
    names looked up: 2 parts, 0 nets
    asserted (16): P U2 value has 'BQ7720700' (netlist: 'BQ7720700DSSR: second-level cell OV 4.325 V / UV 2.25 V / op'); P U2.10 on SEC_COUT (netlist: SEC_COUT); P R29.1 on SEC_COUT (netlist: SEC_COUT); P R29.2 on FUSE_G (netlist: FUSE_G); P TP11.1 on FUSE_G (netlist: FUSE_G); P JP1.1 on FUSE_G (netlist: FUSE_G); P JP1.2 on FUSE_GQ (netlist: FUSE_GQ); P Q3.1 on FUSE_GQ (netlist: FUSE_GQ); P Q3.3 on SCP_HTR (netlist: SCP_HTR); P F2.3 on SCP_HTR (netlist: SCP_HTR); P U2.11 on SEC_DOUT (netlist: SEC_DOUT); P Q5.1 on SEC_DOUT (netlist: SEC_DOUT); P Q5.3 on DSG_G (netlist: DSG_G); P Q2.4 on DSG_G (netlist: DSG_G); P R18.1 on DSG_G (netlist: DSG_G); P F1 value has '25 A' (netlist: "25 A mini blade (Keystone 3568 holder): the pack's fuse")
TEST-PLAN.md#5:L83:cell:4:s1 [edc54cfeab] TRUE
    JP1 open, the gauge on TI's shipped image: the string simulator at 3.70 V per cell, one cell lowered in 5 mV steps: Q5's gate (DOUT) goes high with that cell between 2.20 and 2.30 V, 0.85 to 1.15 s after the step that crosses it, Q2's gate (DSG_G, read on R18's FET-side pad) is held at VSS, and DOUT falls again once the cell is back above about 2.35 V
    judgement: Q5's gate is DOUT; Q2's gate DSG_G on R18's FET-side pad; the procedure is the test's
    names looked up: 4 parts, 1 nets
    asserted (16): P U2 value has 'BQ7720700' (netlist: 'BQ7720700DSSR: second-level cell OV 4.325 V / UV 2.25 V / op'); P U2.10 on SEC_COUT (netlist: SEC_COUT); P R29.1 on SEC_COUT (netlist: SEC_COUT); P R29.2 on FUSE_G (netlist: FUSE_G); P TP11.1 on FUSE_G (netlist: FUSE_G); P JP1.1 on FUSE_G (netlist: FUSE_G); P JP1.2 on FUSE_GQ (netlist: FUSE_GQ); P Q3.1 on FUSE_GQ (netlist: FUSE_GQ); P Q3.3 on SCP_HTR (netlist: SCP_HTR); P F2.3 on SCP_HTR (netlist: SCP_HTR); P U2.11 on SEC_DOUT (netlist: SEC_DOUT); P Q5.1 on SEC_DOUT (netlist: SEC_DOUT); P Q5.3 on DSG_G (netlist: DSG_G); P Q2.4 on DSG_G (netlist: DSG_G); P R18.1 on DSG_G (netlist: DSG_G); P F1 value has '25 A' (netlist: "25 A mini blade (Keystone 3568 holder): the pack's fuse")
TEST-PLAN.md#5:L84:cell:2:s1 [3aa1dc5432] TRUE
    device U2: 70 C, 4 s on its own 103AT-2 (J_TS2), 62.7 to 77.5 C at its network; no cold trip
    judgement: U2's own thermistor on J_TS2 through R34 and R33; the thresholds are TI's
    names looked up: 2 parts, 0 nets
    part numbers (1): 103AT-2 on D (J_FLANGE), P (J_TS,J_TS2,U2)
    asserted (5): P J_TS2.1 on TS_SEC_J (netlist: TS_SEC_J); P R34.2 on TS_SEC_J (netlist: TS_SEC_J); P R34.1 on TS_SEC (netlist: TS_SEC); P R33.1 on TS_SEC (netlist: TS_SEC); P U2 value has 'BQ7720700' (netlist: 'BQ7720700DSSR: second-level cell OV 4.325 V / UV 2.25 V / op')
TEST-PLAN.md#5:L85:cell:2:s1 [2c8801548e] TRUE
    F1, the 25 A MINI blade: holds 27.5 A (110 %) for 360,000 s at least, opens 33.75 A (135 %) in 0.75 to 600 s (Littelfuse 297); F2 is 30 A
    judgement: F1 is the 25 A blade and F2 the 30 A SCF9550; the fuse curves are the makers'
    names looked up: 2 parts, 0 nets
    asserted (2): P F1 value has '25 A' (netlist: "25 A mini blade (Keystone 3568 holder): the pack's fuse"); P F2 value has '30 A' (netlist: 'SCF9550-30-05 self-control fuse (Eaton, 30 A, 4-5 cells): 1 ')
TEST-PLAN.md#5:L85:cell:4:s1 [2db0cac4fc] NOT DERIVABLE
    on a spare holder, F1 samples of the fitted lot on a current source with a thermocouple on the blade: at 24 A for one hour none opens; at 33.75 A each opens within 600 s and at 50 A within 5 s
    judgement: TEST: a test procedure, a condition or a pass line, not a netlist claim
    names looked up: 1 parts, 0 nets
TEST-PLAN.md#5:L86:cell:2:s1 [59be764e53] NOT DERIVABLE
    F1: 150 A (600 %) opens in 0.030 to 0.100 s; about 10.9 ms at the lowest prospective fault, 240 A (625 A2s typical); 1000 A interrupting at 32 VDC
    judgement: TEST: a test procedure, a condition or a pass line, not a netlist claim
    names looked up: 1 parts, 0 nets
TEST-PLAN.md#5:L86:cell:4:s1 [8d60af7ae3] NOT DERIVABLE
    on a sacrificial board P with Q2 bypassed by a link (a welded discharge FET), a bolted short through a 1 mOhm shunt on a charged block behind a fire blanket: F1 opens and clears within 100 ms, F2's element is intact afterwards (its resistance logged before and after), and no cell vents
    judgement: TEST: a test procedure, a condition or a pass line, not a netlist claim
    names looked up: 3 parts, 0 nets
TEST-PLAN.md#5:L88:para:s1 [77b42b7b13] TRUE
    Rows 1 to 9 are the gauge's, whose thresholds live in data flash; rows 10 to 14 are the parts that act with no firmware (U2, and F2 through JP1 and Q3; Q5; F1), judged by `pack_protection.py` against the same cell limits.
    judgement: the parts that act with no firmware: U2, F2 through JP1 and Q3, Q5, F1
    names looked up: 6 parts, 0 nets
    asserted (16): P U2 value has 'BQ7720700' (netlist: 'BQ7720700DSSR: second-level cell OV 4.325 V / UV 2.25 V / op'); P U2.10 on SEC_COUT (netlist: SEC_COUT); P R29.1 on SEC_COUT (netlist: SEC_COUT); P R29.2 on FUSE_G (netlist: FUSE_G); P TP11.1 on FUSE_G (netlist: FUSE_G); P JP1.1 on FUSE_G (netlist: FUSE_G); P JP1.2 on FUSE_GQ (netlist: FUSE_GQ); P Q3.1 on FUSE_GQ (netlist: FUSE_GQ); P Q3.3 on SCP_HTR (netlist: SCP_HTR); P F2.3 on SCP_HTR (netlist: SCP_HTR); P U2.11 on SEC_DOUT (netlist: SEC_DOUT); P Q5.1 on SEC_DOUT (netlist: SEC_DOUT); P Q5.3 on DSG_G (netlist: DSG_G); P Q2.4 on DSG_G (netlist: DSG_G); P R18.1 on DSG_G (netlist: DSG_G); P F1 value has '25 A' (netlist: "25 A mini blade (Keystone 3568 holder): the pack's fuse")
TEST-PLAN.md#5:L88:para:s2 [ed742e38eb] NOT DERIVABLE
    Three of them do not meet the requirement's words (rows 11, 12 and 13: W4DP-F1, BAT-F16, W4DP-F2), which is a design finding and not a bench result, and the gate reads FAIL on them until the circuit or an owner's acceptance answers each.
    judgement: TEST: a test procedure, a condition or a pass line, not a netlist claim
    names looked up: 0 parts, 0 nets
TEST-PLAN.md#5:L88:para:s3 [ae832a28a0] NOT DERIVABLE
    **Corrected 26 September 2026 (S-07), as generated at `45bde541`:** owner decision 40 (D-15) is ruled and board P's schematic carries its floor since `faf8c981`: a BQ7720700 second level on its own tap filters (cell over-voltage 4.325 V and under-voltage 2.25 V, open wire, and a fixed 70 C over-temperature on its own thermistor since `d90f30e4`), whose fault output and the gauge's FUSE output both blow the Eaton SCF9550-30-05 chemical fuse F2 once the arming jumper JP1 is closed, whose under-voltage output holds the discharge FET off, and the gauge's PTC input enabled with its own PTC element (`gen_sch_p.py` lines 243, 288 and 414 to 502).
    judgement: HISTORY: a dated record of an earlier reading or wording, true as history, not re-derived against set 12 (the S-07 correction as generated at 45bde541)
    names looked up: 2 parts, 0 nets
    part numbers (2): BQ7720700 on P (U2); SCF9550-30-05 on P (F2)
    asserted (4): P U2 value has 'BQ7720700' (netlist: 'BQ7720700DSSR: second-level cell OV 4.325 V / UV 2.25 V / op'); P F2 value has 'SCF9550' (netlist: 'SCF9550-30-05 self-control fuse (Eaton, 30 A, 4-5 cells): 1 '); P JP1 present; P RT1 value has 'PRF15BB103RB6RC' (netlist: 'PRF15BB103RB6RC chip PTC 10k, 4.7M at 130 C (Murata): the BQ')
TEST-PLAN.md#5:L88:para:s4 [09181bc249] NOT DERIVABLE
    Until `faf8c981` this paragraph said board P carried no second protector, no chemical fuse and a PTC input tied off, which was then true.
    judgement: HISTORY: a dated record of an earlier reading or wording, true as history, not re-derived against set 12 (the plan's revision notes)
    names looked up: 0 parts, 0 nets
TEST-PLAN.md#6:L108:para:s1 [fd11388bc4] NOT DERIVABLE
    Corrected on 27 September 2026 (the same round's independent check): E3-O and E5 are written as the test deviations they are, E5-A is added, the charge-start threshold T3 is in E3-A's pass line, and the states are marked as session text (section 1).
    judgement: HISTORY: a dated record of an earlier reading or wording, true as history, not re-derived against set 12 (the plan's revision notes)
    names looked up: 0 parts, 0 nets
TEST-PLAN.md#6:L108:para:s2 [6f3c17593a] NOT DERIVABLE
    **Changed on 27 September 2026 by the ConOps's storage decision (`CONOPS.md` section 7a):** the stored state keeps the pack fitted, so E3-S and E4-S are deviations as well, their product-level result joins BAT-F19, and E3-T and E4-T soak the stored as well as the transport configuration; E3-L is written against the reduced mode the ConOps defines; every row carries its purpose and the records it verifies.
    judgement: HISTORY: a dated record of an earlier reading or wording, true as history, not re-derived against set 12 (the plan's revision notes)
    names looked up: 0 parts, 0 nets
TEST-PLAN.md#6:L108:para:s3 [6d64bb1f6f] NOT DERIVABLE
    **Added later on 27 September 2026 (Review A's second pass, P2-B2, and Review B of layer 3, B1):** E3-H, the hot stop past the heat stage (`CONOPS.md` section 4c), read during E3-A's and E3-L's runs, with the abort at a cell surface of +59 C that every E3-A, E3-L and E3-H run keeps; the pass lines of E3-A and E3-L are unchanged.
    judgement: HISTORY: a dated record of an earlier reading or wording, true as history, not re-derived against set 12 (the plan's revision notes)
    names looked up: 0 parts, 0 nets
TEST-PLAN.md#6:L108:para:s4 [e99719b420] NOT DERIVABLE
    The margins of D-02a stay the kit's and are not lowered; the pack is asked for exactly what its cells' maker rates (Samsung INR18650-35E Ver. 1.1: charge 0 to 45 C and discharge -10 to 60 C at the cell surface, storage to +60 C for one month at most, and "Don't leave, charge or use the battery in a car or similar place where inside of temperature may be over 60°C").
    judgement: TEST: a test procedure, a condition or a pass line, not a netlist claim (the cell maker's ratings)
    names looked up: 0 parts, 0 nets
    part numbers (1): INR18650-35E bought: Samsung's cell of the built pack, not a board part
TEST-PLAN.md#6:L123:para:s1 [4c093fe530] NOT DERIVABLE
    **The finding the deviations do not close (BAT-F19, `review-packets/battery/THERMAL-COORDINATION.md` section 9a).** With its own pack fitted, the kit cannot meet D-02a's +55 C operating margin nor E5's +60 C dwell: the cells are rated to +60 C at most, and at those levels the inside air is past it before any test is run.
    judgement: TEST: a test procedure, a condition or a pass line, not a netlist claim
    names looked up: 0 parts, 0 nets
TEST-PLAN.md#6:L123:para:s2 [8e6c168e29] NOT DERIVABLE
    E3-O and E5 measure the rest of the kit there; a pass of either is reported as that and never as the kit's margin with its pack.
    judgement: TEST: a test procedure, a condition or a pass line, not a netlist claim
    names looked up: 0 parts, 0 nets
TEST-PLAN.md#6:L123:para:s3 [22eef71b46] NOT DERIVABLE
    **Since 27 September 2026 the same holds for the storage margins:** the stored product has its pack fitted (section 1), and its cells take neither +71 C nor -33 C, so E3-S and E4-S measure the kit without its cells and the stored product's margins join this finding.
    judgement: TEST: a test procedure, a condition or a pass line, not a netlist claim
    names looked up: 0 parts, 0 nets
TEST-PLAN.md#6:L128:para:s1 [a78c5399d6] TRUE
    **The deviation's arrangement (E3-O and E5).** The kit deployed, on shore or vehicle input; the pack outside the chamber at room temperature, joined to board E by an extension of its XT60 lead (`J_BATT`) and its four-wire SMBus lead (`J_SMB`, with PRES); a thermal dummy of the pack in its pocket (the pack's outline with the cells' heat capacity, about 480 to 660 J/K).
    judgement: the pack's two leads on board E
    names looked up: 2 parts, 0 nets
    asserted (2): E J_BATT value has 'XT60' (netlist: 'Amass XT60-M: the 4S pack power lead from board P, 12 AWG (p'); E J_SMB.4 on PRES_LEAD (netlist: PRES_LEAD)
TEST-PLAN.md#6:L128:para:s2 [4fdfa062e2] NOT DERIVABLE
    Recorded with each run: the kit's controls read room-temperature cells, so of their temperature triggers only C1's inside-air trigger sheds modules.
    judgement: TEST: a test procedure, a condition or a pass line, not a netlist claim
    names looked up: 1 parts, 0 nets
TEST-PLAN.md#6:L128:para:s3 [1b8dccfacb] NOT DERIVABLE
    Running the kit with no pack at all is not the arrangement, because it is not shown to work (board E's always-on domain sits on the pack side of the charge shunt, and the W5 fallback would hold the kit in its reduced mode; TBD in the same section 9a).
    judgement: TEST: a test procedure, a condition or a pass line, not a netlist claim
    names looked up: 0 parts, 0 nets
TEST-PLAN.md#6:L137:para:s1 [e17ab78c0d] NOT DERIVABLE
    Every exposure with the pack fitted logs a thermocouple on every cell (the hottest cell surface is what the cells' limits are judged at), one on the body of the chemical fuse F2, and the gauge's four cell thermistors and pack current.
    judgement: TEST: a test procedure, a condition or a pass line, not a netlist claim
    names looked up: 1 parts, 0 nets
TEST-PLAN.md#6:L144:cell:1:s1 [fad4b56351] NOT DERIVABLE
    deployed, pack fitted, lid open, shaded; the kit in the mode its controls select (C1: the reduced mode and then the heat stage on measured inside-air and cell temperatures, `CONOPS.md` section 4c)
    judgement: TEST: a test procedure, a condition or a pass line, not a netlist claim
    names looked up: 1 parts, 0 nets
TEST-PLAN.md#6:L144:cell:4:s1 [5f82acaf26] NOT DERIVABLE
    operate to specification (functional check); every cell surface at most +60 C throughout; no charge current while any cell surface is above 45 C; **no charge starts while the gauge reads above 42 C (T3) and a running charge stops once it reads above 43 C (T4)**, with the charge held off by OTC whenever it reads 44.0 C or more; while the charge is held off the kit's loads are carried by shore; whether a charge starts at all at D-02b's +25 C point with three loaded modules is recorded with the cell temperatures (the charge-start ceiling in ambient is T3 less the cells' rise over the air, `feasibility/POWER-THERMAL.md` section 9.3); F2's body at most +60 C; the controls C1, C2 and K2 act at their triggers and are logged; no permanent protection action; the four cell thermistors against the twelve thermocouples recorded for the gradient term (section 7, P14)
    judgement: TEST: a test procedure, a condition or a pass line, not a netlist claim
    names looked up: 4 parts, 0 nets
TEST-PLAN.md#6:L145:cell:3:s1 [fdcf52f2e9] NOT DERIVABLE
    acceptance inside the envelope (D-02b's closed-lid test); the ambients at which C1 moves the kit to the heat stage and back are characterisation, the measured bounds that replace `CONOPS.md` section 4c's
    judgement: TEST: a test procedure, a condition or a pass line, not a netlist claim
    names looked up: 1 parts, 0 nets
TEST-PLAN.md#6:L145:cell:4:s1 [418798e583] NOT DERIVABLE
    **E3-A's pass line, with the lid closed:** every cell surface at most +60 C throughout; no charge current while any cell surface is above 45 C; no charge starts while the gauge reads above 42 C (T3) and a running charge stops once it reads above 43 C (T4), with the charge held off by OTC whenever it reads 44.0 C or more; while the charge is held off the kit's loads are carried by shore; F2's body at most +60 C; the controls C1, C2, C3 and K2 act at their triggers and are logged; no permanent protection action; the four cell thermistors against the twelve thermocouples recorded for the gradient term (section 7, P14).
    judgement: TEST: a test procedure, a condition or a pass line, not a netlist claim
    names looked up: 5 parts, 0 nets; F2 on BEP (sentence names A)
TEST-PLAN.md#6:L145:cell:4:s2 [77b3aec47b] NOT DERIVABLE
    **Plus the stage criteria:** at every level the kit is in the stage its controls select and that stage's bearers pass traffic: the reduced mode's set (GNSS, the LoRa mesh, Iridium, APRS beacons, the SOS path, 5G) up to the ambient at which C1 acts, and at every level, +40 C included, at least the owner's D-02b example (GNSS, the LoRa mesh, Iridium and APRS beacons) with the SOS path and a live position, the heat stage's required set (REQ-052); the start with the lid closed enters the reduced mode once the lid is read, and the lid switch enters and leaves it.
    judgement: TEST: a test procedure, a condition or a pass line, not a netlist claim
    names looked up: 1 parts, 0 nets
TEST-PLAN.md#6:L145:cell:4:s3 [23e452be7d] NOT DERIVABLE
    On board B as generated the stage criteria fail at any level where the heat stage is entered, because its one-module stage lacks the LoRa mesh and APRS (`CONOPS.md` section 4c): that failure is expected until BANK-R1 is in board B's generator, and it is not waived
    judgement: TEST: a test procedure, a condition or a pass line, not a netlist claim
    names looked up: 0 parts, 0 nets
TEST-PLAN.md#6:L146:cell:1:s1 [8e9b0a789c] TRUE
    the hot stop (`CONOPS.md` section 4c), read during E3-A's and E3-L's runs and, beyond the envelope, in a stepped run of its own: pack fitted, the heat stage running, first on the pack and then on shore; with HOT-R1 on boards A and E (drawn in their generators since stream w4ae)
    judgement: HOT-R1 in the generators of E and A; the test procedure is the plan's
    names looked up: 0 parts, 0 nets
    asserted (7): E Q11.1 on HOT_R1_G (netlist: HOT_R1_G); E Q11.3 on BLK_SPARE (netlist: BLK_SPARE); E J_BLK.12 on BLK_SPARE (netlist: BLK_SPARE); A J_DOCK.12 on DOCK_SPARE (netlist: DOCK_SPARE); A U27 IO1_5 on DOCK_SPARE (netlist: DOCK_SPARE); A R216.1 on DOCK_SPARE (netlist: DOCK_SPARE); A R216.2 on +3V3 (netlist: +3V3)
TEST-PLAN.md#6:L146:cell:4:s1 [9886698b39] NOT DERIVABLE
    where the hottest cell as the gauge reads it reaches +56.5 C the kit sheds to its minimum load (every running module shut down cleanly and every slot enable dropped within 60 s, the switched loads off, the charge held while the charger keeps carrying the kit on shore), and where it reaches +57.0 C the kit shuts itself down (`PI_KILL`); both before any cell surface reaches +59 C on the reference thermocouples, on the pack and on shore alike, with no permanent protection action (the second level, the gauge's SOT, F2) and the e-paper naming the step and the reading; after the first step the heat stage's module comes back only once the hottest cell reads +46.5 C or less and 30 minutes have passed; with the sensor controller held in reset the line reads high and the same steps act on board B's TMP117 at +55.0 C and +56.0 C; the four cell thermistors, the TMP117 and the twelve thermocouples are logged through every step (section 7, P14, and the stand-in's thresholds re-derived from them).
    judgement: TEST: a test procedure, a condition or a pass line, not a netlist claim
    names looked up: 1 parts, 1 nets
    part numbers (1): TMP117 on B (U10)
TEST-PLAN.md#6:L146:cell:4:s2 [ad3439526c] NOT DERIVABLE
    **Abort, for every E3-A, E3-L and E3-H run:** the run is ended at once, and recorded as a FAIL of the hot stop, if any cell surface reaches +59 C on the reference thermocouples, so that no test drives the pack into its permanent trips (the second level's lowest trip is 62.7 C, section 7 P10; the gauge's SOT can act from 64.2 C, `review-packets/battery/THERMAL-COORDINATION.md` section 4, row L10).
    judgement: TEST: a test procedure, a condition or a pass line, not a netlist claim
    names looked up: 1 parts, 0 nets
TEST-PLAN.md#6:L147:cell:0:s1 [090f45e889] NOT DERIVABLE
    E5-A
    judgement: TEST: a test procedure, a condition or a pass line, not a netlist claim
    names looked up: 0 parts, 0 nets
TEST-PLAN.md#6:L147:cell:2:s1 [8c3c7d6e37] NOT DERIVABLE
    10 cycles of 24 hours at 95 percent relative humidity, the cycle of E5 with its upper level at the use envelope's +40 C
    judgement: TEST: a test procedure, a condition or a pass line, not a netlist claim
    names looked up: 0 parts, 0 nets
TEST-PLAN.md#6:L147:cell:4:s1 [e439618286] NOT DERIVABLE
    no condensation inside (the inside humidity log, and inspection of the pack's wrap, board P and its connectors), no corrosion, every cell surface at most +60 C, the functional check passes
    judgement: TEST: a test procedure, a condition or a pass line, not a netlist claim
    names looked up: 0 parts, 0 nets
TEST-PLAN.md#6:L148:cell:4:s1 [5ea11dc0bc] NOT DERIVABLE
    survive and recover: every cell surface at most +60 C; F2 intact and its body at most +60 C; no permanent fail logged and the second level not fired (its lowest trip is 62.7 C); the functional check passes after return; the pack's capacity afterwards at least 95 % of its capacity before, measured the maker's way (0.2 C to 2.65 V at 23 C, Ver. 1.1 7.10)
    judgement: TEST: a test procedure, a condition or a pass line, not a netlist claim
    names looked up: 1 parts, 0 nets
TEST-PLAN.md#6:L149:cell:1:s1 [6c69f837bb] NOT DERIVABLE
    the pack alone, armed (JP1 closed), at full charge (the maker's own storage-test condition)
    judgement: TEST: a test procedure, a condition or a pass line, not a netlist claim
    names looked up: 1 parts, 0 nets
TEST-PLAN.md#6:L149:cell:4:s1 [2456359430] NOT DERIVABLE
    F2 intact and its body at most +60 C; the gauge's OTD opens Q2 before any cell surface passes +60 C and recovers at or below +52.5 C; the second level does not fire; capacity recovery at least 95 % as E3-T
    judgement: TEST: a test procedure, a condition or a pass line, not a netlist claim
    names looked up: 2 parts, 0 nets
TEST-PLAN.md#6:L150:cell:0:s1 [337dffb651] NOT DERIVABLE
    E4-S
    judgement: TEST: a test procedure, a condition or a pass line, not a netlist claim
    names looked up: 0 parts, 0 nets
TEST-PLAN.md#6:L150:cell:1:s1 [dcf98de21b] NOT DERIVABLE
    **deviation**: the stored configuration less its pack; the pack's own cold storage is E4-T and E4-P
    judgement: TEST: a test procedure, a condition or a pass line, not a netlist claim
    names looked up: 0 parts, 0 nets
TEST-PLAN.md#6:L151:cell:0:s1 [f6077e2114] NOT DERIVABLE
    E4-O
    judgement: TEST: a test procedure, a condition or a pass line, not a netlist claim
    names looked up: 0 parts, 0 nets
TEST-PLAN.md#6:L151:cell:2:s1 [27ff8b75f0] NOT DERIVABLE
    -20 C, 4 h, after E4-S
    judgement: TEST: a test procedure, a condition or a pass line, not a netlist claim
    names looked up: 0 parts, 0 nets
TEST-PLAN.md#6:L151:cell:4:s1 [e843a980ba] NOT DERIVABLE
    as E4 in section 2
    judgement: TEST: a test procedure, a condition or a pass line, not a netlist claim
    names looked up: 0 parts, 0 nets
TEST-PLAN.md#6:L152:cell:0:s1 [2ee930af13] NOT DERIVABLE
    E4-T
    judgement: TEST: a test procedure, a condition or a pass line, not a netlist claim
    names looked up: 0 parts, 0 nets
TEST-PLAN.md#6:L152:cell:4:s1 [c822477434] NOT DERIVABLE
    survive and recover: no permanent fail, F2 intact, full function after return to 25 C, capacity within 5 % of its value before (PROVISIONAL: the maker publishes no cold-storage recovery figure)
    judgement: TEST: a test procedure, a condition or a pass line, not a netlist claim
    names looked up: 1 parts, 0 nets
TEST-PLAN.md#6:L153:cell:0:s1 [6da4e9ef2b] NOT DERIVABLE
    E4-P
    judgement: TEST: a test procedure, a condition or a pass line, not a netlist claim
    names looked up: 0 parts, 0 nets
TEST-PLAN.md#6:L153:cell:2:s1 [fa51d4da27] NOT DERIVABLE
    as E4-T
    judgement: TEST: a test procedure, a condition or a pass line, not a netlist claim
    names looked up: 0 parts, 0 nets
TEST-PLAN.md#6:L153:cell:4:s1 [fa51d4da27] NOT DERIVABLE
    as E4-T
    judgement: TEST: a test procedure, a condition or a pass line, not a netlist claim
    names looked up: 0 parts, 0 nets
TEST-PLAN.md#6:L155:para:s1 [6e6288eba3] NOT DERIVABLE
    If the governing revision is Version 1.0 (storage floor 0 C), the pack may not be stored or carried below 0 C at all, and the envelope's -20 C storage figure applies to the kit without its pack: E4-T and E4-P then run at 0 C, and the ConOps restriction above gains its cold half.
    judgement: TEST: a test procedure, a condition or a pass line, not a netlist claim
    names looked up: 0 parts, 0 nets
TEST-PLAN.md#7:L168:cell:1:s1 [277514ee5e] TRUE
    the second level's over-temperature (BQ7720700, fixed 70 C, window 62.7 to 77.5 C at its network)
    judgement: board P's BQ7720700 U2; its window is TI's and the network's
    names looked up: 0 parts, 0 nets
    part numbers (1): BQ7720700 on P (U2)
    asserted (1): P U2 value has 'BQ7720700' (netlist: 'BQ7720700DSSR: second-level cell OV 4.325 V / UV 2.25 V / op')
TEST-PLAN.md#7:L168:cell:2:s1 [d266582a0f] TRUE
    before the golden image is written (TI's image: FETs held off, permanent fails not armed, so the gauge cannot latch 2LVL) and with JP1 open: a decade resistance in place of J_TS2's thermistor, stepped down from 3.0 kohm; read TP11 (FUSE_G, COUT) and Q5's gate (DOUT)
    judgement: J_TS2, TP11 (FUSE_G, COUT) and Q5's gate (DOUT); the procedure is the test's
    names looked up: 4 parts, 1 nets
    asserted (3): P J_TS2 present; P TP11.1 on FUSE_G (netlist: FUSE_G); P Q5.1 on SEC_DOUT (netlist: SEC_DOUT)
TEST-PLAN.md#7:L168:cell:3:s1 [361295de25] TRUE
    COUT and DOUT go active 3.6 to 4.4 s after the resistance falls below the value that maps to 62.7 to 77.5 C through R34 and R33 (`review-packets/battery/candidate/ts_network.py`), and return about 10 K cooler (TOT_HYS); F2 untouched because JP1 is open
    judgement: the network R34 and R33; the timings are TI's
    names looked up: 4 parts, 0 nets
    asserted (2): P R34.1 on TS_SEC (netlist: TS_SEC); P R33.1 on TS_SEC (netlist: TS_SEC)
TEST-PLAN.md#7:L169:cell:2:s1 [38065665bd] TRUE
    on a spare board P with RT1 not fitted and the image written: a resistance across PTC and PTCEN stepped from 1.0 to 4.0 Mohm with the FETs on; separately, RT1 samples in an oven
    judgement: RT1 on the gauge's PTC input
    names looked up: 0 parts, 0 nets
    asserted (2): P RT1.1 on PTC (netlist: PTC); P U1.23 on PTC (netlist: PTC)
TEST-PLAN.md#7:L169:cell:3:s1 [cdc578a336] NOT DERIVABLE
    the FETs open within 145 ms of the resistance passing a value between 1.2 and 3.95 Mohm and PTC is logged as a permanent fail; the samples cross 1.2 Mohm between 110 and 133 C; whether F2 is driven follows TI's answer to Q-TI-8
    judgement: TEST: a test procedure, a condition or a pass line, not a netlist claim
    names looked up: 1 parts, 0 nets
TEST-PLAN.md#7:L170:cell:3:s1 [af5ac32c91] NOT DERIVABLE
    in order, on the reference thermocouples: no charge starts above 42 C in the gauge's reading (T3) and a running charge stops at or below 45 C at the cells (T4, OTC), discharge stops at or below 60 C (OTD), and only above 60 C does SOT or the second level retire the block (F2 opens); no venting; the block and its F2 are retired afterwards
    judgement: TEST: a test procedure, a condition or a pass line, not a netlist claim
    names looked up: 1 parts, 0 nets
TEST-PLAN.md#7:L171:cell:1:s1 [de504006ee] NOT DERIVABLE
    the chemical fuse F2 at temperature (`feasibility/POWER-THERMAL.md` PWR-F12)
    judgement: TEST: a test procedure, a condition or a pass line, not a netlist claim
    names looked up: 1 parts, 0 nets
TEST-PLAN.md#7:L171:cell:2:s1 [1acaffc839] NOT DERIVABLE
    the block at +55 C: 18 A for 60 s; the block at the pack's hot limit: 10 A for 1 h; a thermocouple on F2's body
    judgement: TEST: a test procedure, a condition or a pass line, not a netlist claim
    names looked up: 1 parts, 0 nets
TEST-PLAN.md#7:L171:cell:3:s1 [24ff834f81] NOT DERIVABLE
    F2 does not open; its body never above +60 C; its element resistance before and after logged.
    judgement: TEST: a test procedure, a condition or a pass line, not a netlist claim
    names looked up: 1 parts, 0 nets
TEST-PLAN.md#7:L171:cell:3:s2 [279158d372] NOT DERIVABLE
    A body reading above +60 C is a finding for `review-packets/battery/FUSE-INTERPRETATION.md` section 1.1 and for the key-down gate
    judgement: TEST: a test procedure, a condition or a pass line, not a netlist claim
    names looked up: 0 parts, 0 nets
TEST-PLAN.md#7:L172:cell:2:s1 [f90b0c5113] NOT DERIVABLE
    a slow chamber ramp from +20 to +58 C, and E3-A's log: the four cell thermistors, the second level's thermistor and the twelve thermocouples
    judgement: TEST: a test procedure, a condition or a pass line, not a netlist claim
    names looked up: 0 parts, 0 nets
TEST-PLAN.md#7:L173:cell:2:s1 [bf19feeb76] TRUE
    the assembled kit with its pack, HOT-R1 drawn on boards A and E (in their generators since stream w4ae), at room temperature, first on the pack and then on shore.
    judgement: HOT-R1 in the generators of E and A; the test article is the plan's
    names looked up: 0 parts, 0 nets
    asserted (7): E Q11.1 on HOT_R1_G (netlist: HOT_R1_G); E Q11.3 on BLK_SPARE (netlist: BLK_SPARE); E J_BLK.12 on BLK_SPARE (netlist: BLK_SPARE); A J_DOCK.12 on DOCK_SPARE (netlist: DOCK_SPARE); A U27 IO1_5 on DOCK_SPARE (netlist: DOCK_SPARE); A R216.1 on DOCK_SPARE (netlist: DOCK_SPARE); A R216.2 on +3V3 (netlist: +3V3)
TEST-PLAN.md#7:L173:cell:2:s2 [58ad230920] TRUE
    The gauge's hottest cell reading is driven by substituting one cell thermistor input: a make-before-break decade resistance in place of one 103AT-2 at board P's `J_TS` (TS1 to TS4 and VSS), through an adapter lead that passes the other three thermistors, so that no TS input is ever open (an open thermistor is a permanent failure of the gauge once its permanent fails are armed, TI SLUUAQ3A section 3.20); each setting is the one at which the gauge's `DAStatus2()` (`ManufacturerAccess()` 0x0072, SLUUAQ3A section 13.1.48) reads the target on that input, about 3.49, 3.33, 3.27 and 4.61 kohm for +55.0, +56.5, +57.0 and +46.5 C on the 103AT-2's B25/85 of 3435 K (Semitec, `v2/vendor/battery/semitec-103at-2-kempston.pdf`; INFERRED), because the gauge's own External 1 to 4 Temp Offset (SLUUAQ3A section 11.2.1.4, at most 12.7 K) cannot reach the thresholds from room temperature.
    judgement: J_TS carries TS1 to TS4 and ground; the procedure is the test's
    names looked up: 1 parts, 0 nets
    part numbers (1): 103AT-2 on D (J_FLANGE), P (J_TS,J_TS2,U2)
    asserted (3): P J_TS.1 on TS1 (netlist: TS1); P J_TS.4 on TS4 (netlist: TS4); P J_TS.5 on GND (netlist: GND)
TEST-PLAN.md#7:L173:cell:2:s3 [cd00088a9e] NOT DERIVABLE
    Steps: +55.0 C (C1's cell trigger), +56.5 C (H1), +57.0 C (H2), never at or above the gauge's OTD of +57.5 C; after H1 the reading set to +50.0 C and then to +46.0 C; after H2 MAIN pressed with the reading at +50.0 C and again at +46.0 C.
    judgement: TEST: a test procedure, a condition or a pass line, not a netlist claim
    names looked up: 1 parts, 0 nets
TEST-PLAN.md#7:L173:cell:2:s4 [3862859d08] TRUE
    Then, with the sensor controller held in reset, board B's TMP117 driven past +55.0 C and +56.0 C by local heating of its package alone (a reference thermocouple beside it) and back below +45.0 C; and HOT-R1 held low, and left open, at the dock contact
    judgement: board B's TMP117 and the HOT-R1 dock contact; the procedure is the test's
    names looked up: 0 parts, 0 nets
    part numbers (1): TMP117 on B (U10)
    asserted (8): B U10 value has 'TMP117' (netlist: 'TMP117AIDRVR board temperature under the coolers (I2C 0x49; '); E Q11.1 on HOT_R1_G (netlist: HOT_R1_G); E Q11.3 on BLK_SPARE (netlist: BLK_SPARE); E J_BLK.12 on BLK_SPARE (netlist: BLK_SPARE); A J_DOCK.12 on DOCK_SPARE (netlist: DOCK_SPARE); A U27 IO1_5 on DOCK_SPARE (netlist: DOCK_SPARE); A R216.1 on DOCK_SPARE (netlist: DOCK_SPARE); A R216.2 on +3V3 (netlist: +3V3)
TEST-PLAN.md#7:L173:cell:3:s1 [00410dee37] NOT DERIVABLE
    on the pack and on shore alike: at +55.0 C C1 sheds to the reduced mode and then the heat stage; H1 acts on the second reading a second apart at or above +56.5 C: every running module shut down on `PI_SHDN_REQ` and `SLOT_EN1` to `SLOT_EN3` dropped within 60 s, the switched loads off, the charge held by the charger's `CHRG_INHIBIT` bit with the charger still carrying the kit on shore, the mixer fans at full speed, MASTER WARN flashing and the e-paper "HOT STOP: COOLING" with the reading, HOT-R1 at 5 Hz (1 Hz before); no module returns at +50.0 C, nor at +46.0 C before 30 minutes have passed since the stop, and the heat stage's module returns once both hold; H2 acts on the second reading at or above +57.0 C with H1 acting: the e-paper "HOT SHUTDOWN: RESTART WITH MAIN WHEN COOL" written, then `PI_KILL`, every converter on board A stopped, HOT-R1 held low, and the kit staying off on shore; MAIN at +50.0 C raises no slot, and at +46.0 C the kit starts; with the sensor controller in reset HOT-R1 reads high and the same two steps act on the TMP117 at +55.0 and +56.0 C, released at +45.0 C; HOT-R1 held low stops the kit (H2), and left open it reads as the sensor controller lost; after every run the gauge's `SafetyStatus()` and `PFStatus()` show no OTD and no permanent failure, and the second level (on `J_TS2`, untouched) and F2 have not acted.
    judgement: TEST: a test procedure, a condition or a pass line, not a netlist claim
    names looked up: 3 parts, 4 nets; F2 on BEP (sentence names A); J_TS2 on P (sentence names A)
    part numbers (1): TMP117 elsewhere: board B's U10; board A is named for its converters
TEST-PLAN.md#8:L187:cell:2:s1 [c55bd6d85e] NOT DERIVABLE
    a current-moulding Peli 1450 with the 1450PF frame and a 3 mm aluminium plate blank; 20, 40 and 60 W of resistive heat on a dummy stack, the fans running and stopped, lid open and closed, thermocouples on the air, the plate, the walls and a dummy pack block; then a 45 to 83 W resistive block with thermal compound at the PA's flange site, run for 20, 30 and 60 s from a warm plate, thermocouples under it and at 50 and 100 mm (`feasibility/POWER-THERMAL.md` section 10; `reviews/READY-TO-ACT.md` section 5)
    judgement: TEST: a test procedure, a condition or a pass line, not a netlist claim
    names looked up: 0 parts, 0 nets
    part numbers (1): 1450PF case: Peli's panel frame
TEST-PLAN.md#8:L187:cell:3:s1 [da5e30e7d5] NOT DERIVABLE
    the enclosure conductance for each lid and fan state, which replaces both bounds and re-derives `CONOPS.md` section 4c's stage ambients, C1 to C4 and D-02b's consequence figures; the plate patch's rise and cooling, which re-derive K1, K2 and C4's flange limits (PWR-F15)
    judgement: TEST: a test procedure, a condition or a pass line, not a netlist claim
    names looked up: 4 parts, 0 nets
TEST-PLAN.md#8:L189:cell:2:s1 [075998911f] NOT DERIVABLE
    the flange sensor and a thermocouple beside it, 60 s key-downs at 13.8 V into a dummy load from a +50 C plate, and the patch's cooling after one (`feasibility/POWER-THERMAL.md` section 10, bench readings); every key-down at most 60 s, at least 2 s apart, started inside K2 and ended by C4.
    judgement: TEST: a test procedure, a condition or a pass line, not a netlist claim
    names looked up: 2 parts, 0 nets
TEST-PLAN.md#8:L189:cell:2:s2 [65befdb0cf] NOT DERIVABLE
    At commissioning it replaces `ASSEMBLY.md` section 8 step 10's ten minutes of key-down at 30 W, which K1 forbids (`CONOPS.md` section 4d; Review A, B6)
    judgement: TEST: a test procedure, a condition or a pass line, not a netlist claim
    names looked up: 1 parts, 0 nets
TEST-PLAN.md#8:L189:cell:3:s1 [9dba163201] NOT DERIVABLE
    the flange limits of K2 (+75 C) and C4 (+85 C) re-derived, and the key-down repeat rate
    judgement: TEST: a test procedure, a condition or a pass line, not a netlist claim
    names looked up: 2 parts, 0 nets
TEST-PLAN.md#9:L193:para:s1 [9e5d633260] NOT DERIVABLE
    They run at the build, before E1; T7 is E6 and E7 of section 2, and T8 is judged through E1 and E2.
    judgement: TEST: a test procedure, a condition or a pass line, not a netlist claim
    names looked up: 0 parts, 0 nets
ASSEMBLY.md#2:L83:item:s1 [31742badcd] NOT DERIVABLE
    **Corrected 27 September 2026 (MESHSAT-1357, the case set C1 to C6):** the case first.
    judgement: HISTORY: a dated record of an earlier reading or wording, true as history, not re-derived against set 12
    names looked up: 2 parts, 0 nets
ASSEMBLY.md#2:L83:item:s2 [b3371cfe6d] NOT DERIVABLE
    The frame and its legs stay in the case from here on; the dock strip, the stack and the pack go in through the frame's window (349.65 x 233.83), and the face plate goes on last (step 9).
    judgement: CASE: a mechanical or case item, not a netlist claim
    names looked up: 0 parts, 0 nets
ASSEMBLY.md#2:L84:item:s1 [6374505c78] TRUE
    Dock strip E6: solder the entry leads (vehicle and shore pair to `J_DCIN`, solar pair to `J_SOLAR`, VH crimps), the pack cable's XT60 counterpart at `J_BATT` and the SMBus socket `J_SMB` (JST-XH 1x4), the lid and tamper reed's lead into `J_TAMP`, the sensor headers (`J_DCF`, `J_GEIGER`, `J_LTG`, `J_POD`), the two mixer fans (`J_FAN1`, `J_FAN2`), the water electrode leads; fit the three fuse holders with their blades, and check the 20 V bus at the block lands with 9 V and 36 V in.
    judgement: build step 1's connectors exist on board E, with its three fuse holders F1 to F3; the order is the procedure's
    names looked up: 11 parts, 0 nets
    asserted (16): E J_DCIN present; E J_SOLAR present; E J_BATT value has 'XT60' (netlist: 'Amass XT60-M: the 4S pack power lead from board P, 12 AWG (p'); E J_SMB present; E J_TAMP present; E J_DCF present; E J_GEIGER present; E J_LTG present; E J_POD present; E J_FAN1 present; E J_FAN2 present; E F1 value has 'Keystone' (netlist: '10 A mini blade (Keystone 3568 holder): vehicle input'); E F2 value has 'Keystone' (netlist: '10 A mini blade (Keystone 3568 holder): panel input'); E F3 value has 'Keystone' (netlist: '25 A mini blade (Keystone 3568 holder): pack to the block'); board E: 3 parts whose value holds 'Keystone' (read: 3, F1,F2,F3); board E: 2 parts whose designator holds 'J_FAN' (read: 2, J_FAN1,J_FAN2)
ASSEMBLY.md#2:L85:item:s1 [5bc0a319b6] NOT DERIVABLE
    Dock block E5 on its four M3 x 6 standoffs above the strip.
    judgement: CASE: a mechanical or case item, not a netlist claim
    names looked up: 0 parts, 0 nets
ASSEMBLY.md#2:L85:item:s2 [0c1bffdaf6] NOT DERIVABLE
    Check each wire end to end before the stack goes on, because the lands are covered once A22 is down.
    judgement: FIRMWARE: the firmware contract or an operating procedure, not a netlist claim
    names looked up: 0 parts, 0 nets
ASSEMBLY.md#2:L86:item:s1 [bd1fd7b207] NOT DERIVABLE
    Rods: four M3 rods through the floor holes of the strip, then the spacers that set the 13.4 mm gap on all four rods, so A22's spring pins land on the block with the pins compressed about 1 mm.
    judgement: CASE: a mechanical or case item, not a netlist claim
    names looked up: 0 parts, 0 nets
ASSEMBLY.md#2:L87:item:s1 [cc0ec17c8e] TRUE
    A22 with the Preci-Dip 813-S1-012-10-016101 connector and the seventeen Mill-Max 0858 class power pins (nine for the pack, `J_CP1` to `J_CP4`, `J_CN1` to `J_CN4` and `J_PRE1`, and since EQ-16 eight for the input, `J_VR1` to `J_VR4` and `J_VN1` to `J_VN4`) soldered in from the underside (tails on the top face), the eleven Radiall receptacles fitted, and the blade fuse in before anything is energised.
    judgement: board A's seventeen 0858 class pins
    names looked up: 9 parts, 0 nets
    part numbers (1): 813-S1-012-10-016101 on A (J_DOCK)
    asserted (8): board A: 17 parts whose footprint holds 'Mill-Max_0858' (read: 17, J_CN1,J_CN2,J_CN3,J_CN4,J_CP1,J_CP2,J_CP3,J_CP4,J_PRE1,J_VN1,J_VN2,J_VN3,J_VN4,J_VR1,J_VR2,J_VR3,J_VR4); board A: 4 parts whose designator holds 'J_CP' (read: 4, J_CP1,J_CP2,J_CP3,J_CP4); board A: 4 parts whose designator holds 'J_CN' (read: 4, J_CN1,J_CN2,J_CN3,J_CN4); A J_PRE1 present; board A: 4 parts whose designator holds 'J_VR' (read: 4, J_VR1,J_VR2,J_VR3,J_VR4); board A: 4 parts whose designator holds 'J_VN' (read: 4, J_VN1,J_VN2,J_VN3,J_VN4); A J_DOCK value has 'Preci-Dip 813-S1-012-10-016101' (netlist: 'spring pins to the dock block (2x6, Preci-Dip 813-S1-012-10-'); board A: 11 parts whose designator holds 'J_BM' (read: 11, J_BM1,J_BM10,J_BM11,J_BM2,J_BM3,J_BM4,J_BM5,J_BM6,J_BM7,J_BM8,J_BM9)
ASSEMBLY.md#2:L88:item:s1 [c35cc9b3e6] TRUE
    D8 onto A22's four 6 mm standoffs (D8's underside at Z 22.6; corrected 26 September 2026, and blocked by the open `J_AB2` finding of section 1): the 2x8 harness ribbon `J_MEZZ1` to `J_HARN1`, the 5 V lead `J_MEZZ_PWR1` to `J_PWR1`, the antenna pigtail from `J_ANT` to A22's VHF jack `J_RF1`; the PA drive coax (`J_PAIN`), the PA output coax (`J_PAOUT`), the gate bias lead (`J_VGG`) and A22's 13.8 V lead (`J_PA`) coiled and tied for the plate.
    judgement: build step 5's leads exist on A and D; the order is the procedure's
    names looked up: 12 parts, 0 nets
    asserted (10): A J_MEZZ1 present; D J_HARN1 present; A J_MEZZ_PWR1 present; D J_PWR1 present; D J_ANT present; A J_RF1 present; D J_PAIN present; D J_PAOUT present; D J_VGG present; A J_PA present
ASSEMBLY.md#2:L89:item:s1 [00e44f7f0e] TRUE
    The bay spacers (about 31.3 mm, section 1; corrected 26 September 2026 from 38 mm), B16: the three Compute Modules pressed onto their receptacle pairs and screwed to the standoffs, the coolers clipped on with their fan leads in `J_FAN1..3`, the NVMe drives in `J_M2N1..3`, the two WiFi link cards in `J_M2C1` (slot 1) and `J_M2C3` (slot 3), each with its two MHF4 pigtails to B16's antenna changeover (`J_W1A`, `J_W1B` and `J_W3A`, `J_W3B`), the changeover's two outputs (`J_WOA`, `J_WOB`) by pigtail to A22's P2P A and P2P B jacks, the 5G module in `J_M2C2` (slot 2) with its SIMs in `J_SIM1`/`J_SIM2` and its pigtails from its ANT0 and ANT2 receptacles to the 5G MAIN and 5G DIV jacks (ANT3, the third jack of D-07, waits on A22's site; corrected 26 September 2026, S-07: this step named one card and pigtails straight to the wall), the LimeSDR into `J_LIME` with its pigtail to SDR, the RockBLOCK on its bracket into `J_RB9704` with its pigtail to IRIDIUM, the GNSS pigtail from `J_GNSS1` to A22 `J_RF4`, the LoRa pigtail from `J_LORA1` to `J_RF11`, one module's antenna-kit lead to `J_RF3`, the CR2032, the four rail leads from A22 into `J_5V_S1..3` and `J_5V_DEV`, the PoE lead into `J_54V`, the 26-way ribbon between A22's and B16's `J_AB1` (the two headers sit at the same case XY, one on A22's top and one on B16's underside), the HDMI cable in `J_HDMI` and the camera and QMX leads in `J_CAM` and `J_QMX` left for the face and the lid, the panel ribbon in `J_PANEL`.
    judgement: build step 6's sockets and pigtails exist on board B, the changeover outputs go to A22's P2P jacks
    names looked up: 28 parts, 0 nets
    part numbers (1): CR2032 on B (BT1,U9)
    asserted (18): B J_FAN1 present; B J_FAN3 present; B J_M2N1 present; B J_M2N3 present; B J_M2C1 present; B J_M2C2 present; B J_M2C3 present; B J_W1A present; B J_W3B present; B J_WOA value has 'P2P' (netlist: "U.FL: pigtail to A22's P2P jack, chain A"); B J_WOB present; A J_RF6 value has 'P2P-A' (netlist: 'SMA jack, Amphenol 132134-11 vertical (pigtail to the P2P-A '); A J_RF7 value has 'P2P-B' (netlist: 'SMA jack, Amphenol 132134-11 vertical (pigtail to the P2P-B '); board B: 2 parts whose value holds 'M.2 E-key' (read: 2, J_M2C1,J_M2C3); B J_W1A present; B J_W3B present; A J_AB1 present; B J_AB1 present
ASSEMBLY.md#2:L90:item:s1 [d392049f19] TRUE
    Pack into the east pocket (its hold-down waits on the redesign of `v2/cad/pack_4s.py`, section 3), the pack lead's XT60 (board P's own two 12 AWG leads from `W_P` and `W_N`, `gen_sch_p.py:347-348`) into E6 `J_BATT`, the SMBus lead's XH housing into `J_SMB` (a straight four-way XH lead, pin n to pin n, section 4).
    judgement: the pack's leads and sockets; the citation holds at the base
    names looked up: 2 parts, 0 nets
    citations: citations judged: gen_sch_p.py:347-348 asserted below
    asserted (3): gen_sch_p.py lines 347 to 348 at HEAD hold W_P, W_N; E J_BATT value has 'XT60' (netlist: 'Amass XT60-M: the 4S pack power lead from board P, 12 AWG (p'); E J_SMB.4 on PRES_LEAD (netlist: PRES_LEAD)
ASSEMBLY.md#2:L90:item:s2 [e458a114de] TRUE
    Board P's chemical fuse stays disarmed (its jumper `JP1` open) until commissioning, section 8 step 12.
    judgement: JP1, the arming jumper, open as built
    names looked up: 1 parts, 0 nets
    asserted (1): P JP1 value has 'arming' (netlist: 'fuse arming jumper: open as built, closed at commissioning')
ASSEMBLY.md#2:L90:item:s3 [ef9f31ab35] NOT DERIVABLE
    **Corrected 26 September 2026 (S-07):** this step named the BTA-70762-2 cable of the withdrawn BB-2590/U, which `J_BATT`'s value text in `gen_sch_e.py:193` still carries at `45bde541` (a stale label for board E's writer).
    judgement: HISTORY: a dated record of an earlier reading or wording, true as history, not re-derived against set 12 (dated at 45bde541)
    names looked up: 1 parts, 0 nets
    citations: citations judged: the citation asserted at 45bde541 below
    part numbers (2): BB-2590/U withdrawn: the bought pack of 7 September; BTA-70762-2 asserted
    asserted (1): gen_sch_e.py lines 193 to 193 at 45bde541 hold J_BATT, BTA-70762-2
ASSEMBLY.md#2:L91:item:s1 [c9b8e32045] NOT DERIVABLE
    RF: the right-angle plugs sit in the cavities of the printed float clamp bar on the strip (one bar for every site since 26 September 2026, A09 and R4E-07; twelve cavities, the twelfth for D-07's third 5G jack at X +46, which takes a plug once board A carries its receptacle) and mate with the receptacles under A22 as the stack comes down.
    judgement: CASE: a mechanical or case item, not a netlist claim
    names looked up: 0 parts, 0 nets
ASSEMBLY.md#2:L91:item:s2 [d31d56293d] NOT DERIVABLE
    **Corrected 27 September 2026 (MESHSAT-1357, the case set C1 to C6):** the jumpers (RG-316, each cut to its route of `CASE-MARGINS.md` section 3.4 plus 20 mm, 252 to 432 mm) run from the clamps to the arrestors' inner jacks on the RF entry plates, a right-angle SMA male crimp plug on each: on the east wall each plug turned 30 degrees below the wall's direction toward its bundle's end (5G MAIN, 5G DIV, 5G ANT3 and IRIDIUM in a front bundle, LORA in a back one, over the pack's outer strip, inboard of the legs' columns and down beyond the legs), on the west wall each cable straight down; every bend at R 12.5 or more.
    judgement: CASE: a mechanical or case item, not a netlist claim
    names looked up: 2 parts, 0 nets
ASSEMBLY.md#2:L91:item:s3 [9c64ead2c3] NOT DERIVABLE
    The plug is not picked, and with the plug as laid out two east rows fail (M17g, M17x): the pick decides board B's east edge (`CASE-FIT-UNCERTAINTIES.md` section 2), and T10 lays the real jumpers.
    judgement: CASE: a mechanical or case item, not a netlist claim
    names looked up: 0 parts, 0 nets
ASSEMBLY.md#2:L91:item:s4 [1356d08c69] NOT DERIVABLE
    The ANT3 path waits on its site on A22 and a clamp at X +46 on E6 (D-07).
    judgement: CASE: a mechanical or case item, not a netlist claim
    names looked up: 0 parts, 0 nets
ASSEMBLY.md#2:L92:item:s1 [8b1e16653a] NOT DERIVABLE
    The face (appendix 32.56, 32.60): press the eight PEM standoffs, the two PA nuts and the sixteen light guides into the plate; the PA module on its thermal pad under the plate with its two coax leads and the bias lead to D8 and the 13.8 V lead to A22; the Xenarc lowered into its window from above onto its gasket, then the rear frame drawn up under the plate until the glass is level with the aluminium; the switches, the sounder and the two headset jacks through the plate with their seals, nuts from below; the camera on its standoffs behind the window; the e-paper taped under its window with its lens on the tape frame in the top pocket; then the backer onto the standoffs (its LEDs under the light guides, 8 x M3 x 6), the e-paper flex into `J_EPD`, the switch and sounder leads soldered to the lands beside each site, a bead of DOWSIL 3145 over the LED joints and every lead land, cured; the backer's underside coated (section 5); the MAIN lead to A22 `J_MAINSW` and the PI button leads to `J_PIJ2`'s lands, beaded; the headset pigtails to D8; the HDMI, USB touch and 12 V leads of the monitor below the plate to B16 `J_HDMI`, D8 `J_USB3` (the touch lead through its USB A to PH 1x4 adapter, section 4; the session's choice SC-HF-06 of 27 September 2026, `HW-FW-CONTRACT.md` section 8) and A22 `J_MON`; the ribbon into `J_PANEL`; **Corrected 27 September 2026 (MESHSAT-1357, the case set C1 to C6):** the plate onto the frame's top face over Peli's o-ring, ten 6-32 UNC x 1/2 in from above into Peli's inserts, by hand (C1); no PORON ring and no screw from below.
    judgement: CASE: a mechanical or case item, not a netlist claim
    names looked up: 10 parts, 0 nets
    asserted (1): board C: 2 parts whose designator holds 'J_HSJ' (read: 2, J_HSJ1,J_HSJ2)
ASSEMBLY.md#2:L92:item:s2 [6a419ebbdc] NOT DERIVABLE
    The face's water tests run on the mock-up case with nothing inside that a leak can harm (T7: `TEST-PLAN.md` E6 and E7), not on a frame out of its case as this step said before C1.
    judgement: TEST: a test procedure, a condition or a pass line, not a netlist claim
    names looked up: 1 parts, 0 nets
ASSEMBLY.md#2:L93:item:s1 [643c162767] TRUE
    Lid (**r2, 27 September 2026**): the lid plate bonded with DP8005 (clamped 2 h), the tray screwed to it, the pads laid in, a square nut in each of the six slots, the unit lowered in from above with the lid held level, and the frame screwed over it (the QMX tray row above; sheet 14r2-3 note 1); its USB-C lead to B16 `J_QMX`, its 12 V lead to A22 `J_HF` and its BNC-to-SMA jumper to A22's HF jack `J_RF2`, each tied within 60 mm of its plug to a tie mount bonded to the lid so that no lead pulls on a jack, the three in one lid harness tied along the hinge side with a service loop (as installed the RG-316 turns at R 12.5 and the DC and USB leads at R 20, so each lead's own least bend radius must be no larger than that; the harness's crossing of the sealed face is not designed yet, S-95, EQ-31).
    judgement: the QMX leads' ends
    names looked up: 3 parts, 0 nets
    part numbers (1): DP8005 bought: 3M's DP8005 adhesive, a case material
    asserted (3): B J_QMX present; A J_HF present; A J_RF2 present
ASSEMBLY.md#2:L94:item:s1 [040a11165b] NOT DERIVABLE
    Nothing on the face stands more than 0.05 mm proud since the monitor was recessed (9 September 2026), so the whole space between the plate and the lid's inner face is free (**Corrected 27 September 2026 (MESHSAT-1357, the case set C1 to C6):** 47.92 mm nominal from the face top at Z 106.52 to the lid's inner ceiling at Z 154.44, 44.39 at the worst; it read 46.5 before C1); the QMX tray hangs 28 mm from that face and its plan window was sized against the old boxed monitor's east edge, which no longer constrains it (appendix 32.60 item 5, 32.85). **r2 (27 September 2026):** with its lid plate the set's frame stands 32.30 below the ceiling, its six screw heads 33.95, the unit's top face 29.30 and its knob tips 40.90 (knob 11.6, INFERRED).
    judgement: CASE: a mechanical or case item, not a netlist claim
    names looked up: 2 parts, 0 nets
ASSEMBLY.md#4:L120:cell:0:s1 [88e82bc9f0] TRUE
    Pack power (fused at the pack: the 25 A blade `F1` and, behind it, the chemical fuse `F2` of D-15)
    judgement: the pack's two fuses on board P
    names looked up: 2 parts, 0 nets
    asserted (2): P F1 value has '25 A' (netlist: "25 A mini blade (Keystone 3568 holder): the pack's fuse"); P F2 value has 'SCF9550' (netlist: 'SCF9550-30-05 self-control fuse (Eaton, 30 A, 4-5 cells): 1 ')
ASSEMBLY.md#4:L120:cell:1:s1 [f2abb6956f] TRUE
    board P's two 12 AWG leads (`W_P`, `W_N`, `gen_sch_p.py:347-348`), along the front wall
    judgement: W_P and W_N at gen_sch_p.py:347-348 at the base
    names looked up: 0 parts, 0 nets
    citations: citations judged: gen_sch_p.py:347-348 asserted below
    asserted (1): gen_sch_p.py lines 347 to 348 at HEAD hold W_P, W_N
ASSEMBLY.md#4:L120:cell:2:s1 [b04a6b1603] TRUE
    E6 `J_BATT` (XT60)
    judgement: the part named exists on the board named (the names check); a connector's type is its footprint, not asserted
    names looked up: 1 parts, 0 nets
ASSEMBLY.md#4:L121:cell:1:s1 [a60b800d87] TRUE
    P1 `J_SMB`: JST-XH B4B-XH-A, 1x4, 2.50 mm (1 SMBC, 2 SMBD, 3 PACK_N, 4 PRES; `gen_sch_p.py:514`, LCSC C144395, B4B-XH-A(LF)(SN), carried by the generator since round 8, R8P-02; C594232 from `lcsc_fill.py:158` was the gold -G variant JST's catalogue does not list)
    judgement: P's J_SMB at gen_sch_p.py:514; its order code is a BOM item
    names looked up: 1 parts, 1 nets
    citations: citations judged: gen_sch_p.py:514 asserted below
    part numbers (2): C144395 stock: the LCSC code of the JST B4B-XH-A; C594232 stock: the LCSC code of the gold variant the row sets aside
    asserted (3): P J_SMB.3 on PACK_N (netlist: PACK_N); P J_SMB.4 on PRES_J (netlist: PRES_J); gen_sch_p.py lines 514 to 514 at HEAD hold J_SMB
ASSEMBLY.md#4:L121:cell:2:s1 [7085887937] TRUE
    E6 `J_SMB`: the same JST-XH B4B-XH-A, 1x4, 2.50 mm, in P1's pin order (1 SMBC, 2 SMBD, 3 GND, 4 PRES to the sensor controller's GPIO17; `gen_sch_e.py:218` at `45bde541`)
    judgement: E's J_SMB pin order; PRES reaches U10 pin 28 (GPIO17 on the RP2040's QFN-56) through R54; the citation is dated
    names looked up: 1 parts, 0 nets
    citations: gen_sch_e.py:218 at 45bde541 holds J_SMB
    asserted (8): E J_SMB.1 on SMBC (netlist: SMBC); E J_SMB.2 on SMBD (netlist: SMBD); E J_SMB.3 on GND (netlist: GND); E J_SMB.4 on PRES_LEAD (netlist: PRES_LEAD); E R54.1 on PRES_LEAD (netlist: PRES_LEAD); E R54.2 on PRES_IO (netlist: PRES_IO); E U10.28 on PRES_IO (netlist: PRES_IO); gen_sch_e.py lines 218 to 218 at 45bde541 hold J_SMB
ASSEMBLY.md#4:L121:cell:4:s1 [20f3ba1ddd] NOT DERIVABLE
    **Corrected 26 September 2026 (twice).** This row first said "XH2.5 x 6", then recorded that no lead mated both ends: E6 carried a 2.54 mm 1x6 pin header left from the withdrawn BB-2590/U, and a straight lead would have crossed clock and data.
    judgement: HISTORY: a dated record of an earlier reading or wording, true as history, not re-derived against set 12
    names looked up: 0 parts, 0 nets
    part numbers (1): BB-2590/U withdrawn: the bought pack of 7 September
ASSEMBLY.md#4:L121:cell:4:s2 [4a38904e7a] TRUE
    As generated since `faf8c981` both ends are the same JST-XH 1x4 in P1's order; P1's pin 3 is `PACK_N`, the pack's own negative lead, so the lead's return does not bypass the shunt; E6's sensor controller is the gauge's only SMBus host (the charger on A22 has no conductor to P1).
    judgement: both ends' pin 3 and the gauge's only host on E
    names looked up: 0 parts, 1 nets
    asserted (3): P J_SMB.3 on PACK_N (netlist: PACK_N); E J_SMB.3 on GND (netlist: GND); J_SMB absent on A
ASSEMBLY.md#4:L122:cell:1:s1 [05c16cdb21] TRUE
    D38999 receptacle on the back-wall plate, DC pair
    judgement: E6's DC entry lead comes from the D38999 receptacle
    names looked up: 0 parts, 0 nets
    part numbers (1): D38999 on E (J_DCIN,J_SOLAR)
    asserted (1): E J_DCIN value has 'D38999' (netlist: 'JST-VH socket, 10 A: vehicle and shore DC in 9 to 36 V (lead')
ASSEMBLY.md#4:L122:cell:2:s1 [e87677183b] TRUE
    E6 `J_DCIN` (JST-VH), the lead tied along the back wall, the west end wall and the front wall
    judgement: the part named exists on the board named (the names check); a connector's type is its footprint, not asserted
    names looked up: 1 parts, 0 nets
ASSEMBLY.md#4:L123:cell:1:s1 [7508456414] TRUE
    D38999 receptacle, spare pair
    judgement: E6's panel lead comes from the D38999 spare pair
    names looked up: 0 parts, 0 nets
    part numbers (1): D38999 on E (J_DCIN,J_SOLAR)
    asserted (1): E J_SOLAR value has 'D38999' (netlist: 'JST-VH socket, 10 A: bare panel in (lead from the D38999 spa')
ASSEMBLY.md#4:L123:cell:2:s1 [07376ca281] TRUE
    E6 `J_SOLAR` (JST-VH), with the DC lead
    judgement: the part named exists on the board named (the names check); a connector's type is its footprint, not asserted
    names looked up: 1 parts, 0 nets
ASSEMBLY.md#4:L124:cell:1:s1 [3fbdea5ae9] TRUE
    E6 `J_BLK` (twelve lands)
    judgement: the part named exists on the board named (the names check); a connector's type is its footprint, not asserted
    names looked up: 1 parts, 0 nets
    asserted (2): E J_BLK.1 on GND (netlist: GND); E J_BLK.12 on BLK_SPARE (netlist: BLK_SPARE)
ASSEMBLY.md#4:L125:cell:1:s1 [7bb8442324] TRUE
    E6 `P_CP` and `P_CN`
    judgement: the part named exists on the board named (the names check); a connector's type is its footprint, not asserted
    names looked up: 0 parts, 0 nets
ASSEMBLY.md#4:L126:cell:1:s1 [a1079ff03a] TRUE
    C7 `J_MAINSW` (two solder lands on the underside, beaded)
    judgement: the part named exists on the board named (the names check); a connector's type is its footprint, not asserted
    names looked up: 2 parts, 0 nets
    asserted (1): C J_MAINSW present
ASSEMBLY.md#4:L126:cell:2:s1 [f235317b9f] TRUE
    A22 `J_MAINSW` (XH2.5)
    judgement: the part named exists on the board named (the names check); a connector's type is its footprint, not asserted
    names looked up: 1 parts, 0 nets
ASSEMBLY.md#4:L126:cell:4:s1 [8cc644c978] TRUE
    XH2.5 at the A22 end; unplugs there
    judgement: the part named exists on the board named (the names check); a connector's type is its footprint, not asserted
    names looked up: 0 parts, 0 nets
ASSEMBLY.md#4:L127:cell:1:s1 [fb41d688ef] NOT DERIVABLE
    SW_PI's contacts
    judgement: LEAD: how a lead ends or is made, not a netlist claim
    names looked up: 1 parts, 0 nets
ASSEMBLY.md#4:L127:cell:2:s1 [b6a3d866f0] TRUE
    C7 `J_PIJ2` lands (the panel controller reads it; nothing leaves the backer)
    judgement: the part named exists on the board named (the names check); a connector's type is its footprint, not asserted
    names looked up: 2 parts, 0 nets
ASSEMBLY.md#4:L128:cell:1:s1 [c2655f2943] TRUE
    B16 `J_PANEL`
    judgement: the part named exists on the board named (the names check); a connector's type is its footprint, not asserted
    names looked up: 1 parts, 0 nets
ASSEMBLY.md#4:L128:cell:2:s1 [0969582f24] TRUE
    C7 `J_PANEL` (SMD box header on the underside)
    judgement: the part named exists on the board named (the names check); a connector's type is its footprint, not asserted
    names looked up: 2 parts, 0 nets
ASSEMBLY.md#4:L129:cell:1:s1 [1df73a9266] TRUE
    A22 `J_AB1` (top)
    judgement: the part named exists on the board named (the names check); a connector's type is its footprint, not asserted
    names looked up: 1 parts, 0 nets
ASSEMBLY.md#4:L129:cell:2:s1 [b01b1874b5] TRUE
    B16 `J_AB1` (underside, the same case XY)
    judgement: the part named exists on the board named (the names check); a connector's type is its footprint, not asserted
    names looked up: 1 parts, 0 nets
ASSEMBLY.md#4:L130:cell:0:s1 [7c692c7420] TRUE
    Mezzanine harness (USB pair, PTT mirror, inhibit, PA rail state, I2C, 3.3 V)
    judgement: a row label; the signals it lists are on J_MEZZ1 (which also carries EXP_INT and ZEROIZE_HW)
    names looked up: 0 parts, 0 nets
    asserted (6): A J_MEZZ1.1 on USB_D8_P (netlist: USB_D8_P); A J_MEZZ1.7 on TR_APRS (netlist: TR_APRS); A J_MEZZ1.8 on TX_INHIBIT_n (netlist: TX_INHIBIT_n); A J_MEZZ1.9 on PA_EN (netlist: PA_EN); A J_MEZZ1.10 on SDA (netlist: SDA); A J_MEZZ1.13 on +3V3 (netlist: +3V3)
ASSEMBLY.md#4:L130:cell:1:s1 [7e0af4aa94] TRUE
    A22 `J_MEZZ1`
    judgement: the part named exists on the board named (the names check); a connector's type is its footprint, not asserted
    names looked up: 1 parts, 0 nets
ASSEMBLY.md#4:L130:cell:2:s1 [a3226d0e1b] TRUE
    D8 `J_HARN1`
    judgement: the part named exists on the board named (the names check); a connector's type is its footprint, not asserted
    names looked up: 2 parts, 0 nets; D8 on ACE (sentence names D)
ASSEMBLY.md#4:L131:cell:0:s1 [a382a1aaea] TRUE
    Mezzanine 5 V (2 A eFuse on A22)
    judgement: the D8 5 V eFuse on A
    names looked up: 0 parts, 0 nets
    asserted (2): A J_MEZZ_PWR1 present; board A has a part whose value holds 'D8' (J_MEZZ1,J_MEZZ_PWR1,U23,U41)
ASSEMBLY.md#4:L131:cell:1:s1 [f1752455cd] TRUE
    A22 `J_MEZZ_PWR1` (VH)
    judgement: the part named exists on the board named (the names check); a connector's type is its footprint, not asserted
    names looked up: 1 parts, 0 nets
ASSEMBLY.md#4:L131:cell:2:s1 [ceb537b912] TRUE
    D8 `J_PWR1` (VH)
    judgement: the part named exists on the board named (the names check); a connector's type is its footprint, not asserted
    names looked up: 2 parts, 0 nets; D8 on ACE (sentence names D)
ASSEMBLY.md#4:L132:cell:0:s1 [db20368ea7] TRUE
    Slot rails, 3 x (5.1 V: AP64500 5 A bucks on slots 1 and 3, an LM5176 stage on slot 2, each INA226 monitored; `gen_sch_a.py:840-841` and `:873` at `45bde541`, corrected 26 September 2026 from "6 A converters")
    judgement: the slot rails: AP64500 bucks on slots 1 and 3, an LM5176 stage on slot 2; the citation is dated
    names looked up: 0 parts, 0 nets
    citations: citations judged: dated lines asserted below
    part numbers (3): AP64500 on A (U4,U6), B (U103,U104,U203,U204); INA226 on A (U10,U11,U14,U17); LM5176 on A (U13,U15,U16,U19)
    asserted (5): A U4 value has 'AP64500' (netlist: 'AP64500SP-13 5 A buck, 5.1 V rail +5V_S1'); A U6 value has 'AP64500' (netlist: 'AP64500SP-13 5 A buck, 5.1 V rail +5V_S3'); A U5 value has 'LM5176' (netlist: 'LM5176PWPR buck-boost controller, +5V_S2 from VBAT'); gen_sch_a.py lines 840 to 841 at 45bde541 hold buck5; gen_sch_a.py lines 873 to 873 at 45bde541 hold lm5176
ASSEMBLY.md#4:L132:cell:1:s1 [0b99dbc698] TRUE
    A22 `J_5V_S1..3` (VH)
    judgement: the part named exists on the board named (the names check); a connector's type is its footprint, not asserted
    names looked up: 1 parts, 0 nets
ASSEMBLY.md#4:L132:cell:2:s1 [a07ddb5431] TRUE
    B16 `J_5V_S1..3` (VH)
    judgement: the part named exists on the board named (the names check); a connector's type is its footprint, not asserted
    names looked up: 1 parts, 0 nets
ASSEMBLY.md#4:L133:cell:0:s1 [b4d813c5fb] TRUE
    Device rail (5.1 V, an LM5176 stage with a 7.2 A minimum limit, `gen_sch_a.py:881` at `45bde541`)
    judgement: the device rail's LM5176; the citation is dated
    names looked up: 0 parts, 0 nets
    citations: citations judged: gen_sch_a.py:881 at 45bde541 asserted below
    part numbers (1): LM5176 on A (U13,U15,U16,U19)
    asserted (3): A U7 value has 'LM5176' (netlist: 'LM5176PWPR buck-boost controller, +5V_DEV from VBAT'); A U7.12 on +5V_DEV (netlist: +5V_DEV); gen_sch_a.py lines 881 to 881 at 45bde541 hold U7, +5V_DEV
ASSEMBLY.md#4:L133:cell:1:s1 [c2347385d2] TRUE
    A22 `J_5V_DEV` (VH)
    judgement: the part named exists on the board named (the names check); a connector's type is its footprint, not asserted
    names looked up: 1 parts, 0 nets
ASSEMBLY.md#4:L133:cell:2:s1 [6b6ef36a29] TRUE
    B16 `J_5V_DEV` (VH)
    judgement: the part named exists on the board named (the names check); a connector's type is its footprint, not asserted
    names looked up: 1 parts, 0 nets
ASSEMBLY.md#4:L134:cell:1:s1 [b42c3197e5] TRUE
    A22 `J_54V` (VH)
    judgement: the part named exists on the board named (the names check); a connector's type is its footprint, not asserted
    names looked up: 1 parts, 0 nets
ASSEMBLY.md#4:L134:cell:2:s1 [edfc9fd60e] TRUE
    B16 `J_54V` (VH)
    judgement: the part named exists on the board named (the names check); a connector's type is its footprint, not asserted
    names looked up: 1 parts, 0 nets
ASSEMBLY.md#4:L135:cell:0:s1 [6a24287f90] TRUE
    PA rail (13.8 V, EMCON gated)
    judgement: the PA rail is gated by the EMCON lines
    names looked up: 0 parts, 0 nets
    asserted (11): A U35 value has 'SN74AUP1G08' (netlist: 'SN74AUP1G08DBVR AND: PA_TXOK = TX_INHIBIT_n AND EMCON_HW (th'); A U35.1 on TX_INHIBIT_n (netlist: TX_INHIBIT_n); A U35.2 on EMCON_HW (netlist: EMCON_HW); A U35.4 on PA_TXOK (netlist: PA_TXOK); A U35.5 on +3V3_EMCON (netlist: +3V3_EMCON); A U36.1 on PA_TXOK (netlist: PA_TXOK); A U36.2 on PA_HOLD (netlist: PA_HOLD); A U36.4 on PA_EN (netlist: PA_EN); A U36.5 on +3V3_EMCON (netlist: +3V3_EMCON); A U37.1 on TX_INHIBIT_n (netlist: TX_INHIBIT_n); A U13 value has '+13V8_PA' (netlist: 'LM5176PWPR buck-boost controller, +13V8_PA from VBAT')
ASSEMBLY.md#4:L135:cell:1:s1 [454842f9d8] TRUE
    A22 `J_PA` (VH)
    judgement: the part named exists on the board named (the names check); a connector's type is its footprint, not asserted
    names looked up: 1 parts, 0 nets
ASSEMBLY.md#4:L135:cell:2:s1 [f15f34a47b] TRUE
    the RA30H1317M1 VCC pins on the plate
    judgement: the RA30H1317M1's leads on D8
    names looked up: 0 parts, 0 nets
    part numbers (1): RA30H1317M1 on D (J_PAIN,J_PAOUT,J_VGG)
    asserted (1): board D has a part whose value holds 'RA30H1317M1' (J_PAIN,J_PAOUT,J_VGG)
ASSEMBLY.md#4:L135:cell:4:s1 [93fbb849cb] NOT DERIVABLE
    VH at A22, soldered at the module
    judgement: LEAD: how a lead ends or is made, not a netlist claim
    names looked up: 0 parts, 0 nets
ASSEMBLY.md#4:L136:cell:0:s1 [e5381bc58f] NOT DERIVABLE
    PA gate bias
    judgement: LEAD: the gate-bias lead
    names looked up: 0 parts, 0 nets
    asserted (1): D J_VGG present
ASSEMBLY.md#4:L136:cell:1:s1 [8055befc30] TRUE
    D8 `J_VGG` (PH 1x2)
    judgement: the part named exists on the board named (the names check); a connector's type is its footprint, not asserted
    names looked up: 2 parts, 0 nets; D8 on ACE (sentence names D)
ASSEMBLY.md#4:L136:cell:4:s1 [732459982a] NOT DERIVABLE
    PH at D8, soldered at the module
    judgement: LEAD: how a lead ends or is made, not a netlist claim
    names looked up: 1 parts, 0 nets; D8 on ACE (sentence names D)
ASSEMBLY.md#4:L137:cell:1:s1 [4ed7debafa] TRUE
    D8 `J_PAIN` (U.FL)
    judgement: the part named exists on the board named (the names check); a connector's type is its footprint, not asserted
    names looked up: 2 parts, 0 nets; D8 on ACE (sentence names D)
ASSEMBLY.md#4:L137:cell:4:s1 [15ed1aa70d] NOT DERIVABLE
    U.FL at D8, soldered at the module
    judgement: LEAD: how a lead ends or is made, not a netlist claim
    names looked up: 1 parts, 0 nets; D8 on ACE (sentence names D)
ASSEMBLY.md#4:L138:cell:2:s1 [6c2b997985] TRUE
    D8 `J_PAOUT` (SMA)
    judgement: the part named exists on the board named (the names check); a connector's type is its footprint, not asserted
    names looked up: 2 parts, 0 nets; D8 on ACE (sentence names D)
ASSEMBLY.md#4:L138:cell:4:s1 [928f453201] NOT DERIVABLE
    soldered at the module, SMA at D8
    judgement: LEAD: how a lead ends or is made, not a netlist claim
    names looked up: 1 parts, 0 nets; D8 on ACE (sentence names D)
ASSEMBLY.md#4:L139:cell:1:s1 [32be340345] TRUE
    D8 `J_ANT` (SMA)
    judgement: the part named exists on the board named (the names check); a connector's type is its footprint, not asserted
    names looked up: 2 parts, 0 nets; D8 on ACE (sentence names D)
ASSEMBLY.md#4:L139:cell:2:s1 [db2c455e92] TRUE
    A22 `J_RF1` (VHF jack)
    judgement: the part named exists on the board named (the names check); a connector's type is its footprint, not asserted
    names looked up: 1 parts, 0 nets
ASSEMBLY.md#4:L140:cell:1:s1 [89e7df7f4a] TRUE
    D8 `J_HS1`/`J_HS2` (PH 1x5: SPK GND MIC GND PTT)
    judgement: the part named exists on the board named (the names check); a connector's type is its footprint, not asserted
    names looked up: 3 parts, 0 nets; D8 on ACE (sentence names D)
ASSEMBLY.md#4:L140:cell:2:s1 [d8da1b19ae] TRUE
    the U-174/U jacks on the plate
    judgement: C7's two U-174/U jack lands
    names looked up: 0 parts, 0 nets
    part numbers (1): U-174/U on C (J_HSJ1,J_HSJ2), D (J_HS1,J_HS2)
    asserted (2): C J_HSJ1 value has 'U-174/U' (netlist: 'U-174/U headset jack 1 (Amphenol Nexus class, drawing owed):'); C J_HSJ2 value has 'U-174/U' (netlist: 'U-174/U headset jack 2 (Amphenol Nexus class, drawing owed):')
ASSEMBLY.md#4:L140:cell:4:s1 [f6703b4b72] NOT DERIVABLE
    PH at D8, soldered at the jack
    judgement: LEAD: how a lead ends or is made, not a netlist claim
    names looked up: 1 parts, 0 nets; D8 on ACE (sentence names D)
ASSEMBLY.md#4:L141:cell:0:s1 [cded810b26] TRUE
    HF rail (12.0 V, EMCON gated)
    judgement: the HF rail is gated by the EMCON lines
    names looked up: 0 parts, 0 nets
    asserted (6): A U37.2 on EMCON_HW (netlist: EMCON_HW); A U37.4 on HF_TXOK (netlist: HF_TXOK); A U37.5 on +3V3_EMCON (netlist: +3V3_EMCON); A U38.1 on HF_TXOK (netlist: HF_TXOK); A U38.2 on HF_HOLD (netlist: HF_HOLD); A U15 value has '+12V_HF' (netlist: 'LM5176PWPR buck-boost controller, +12V_HF from VBAT')
ASSEMBLY.md#4:L141:cell:1:s1 [51a31a4272] TRUE
    A22 `J_HF` (VH)
    judgement: the part named exists on the board named (the names check); a connector's type is its footprint, not asserted
    names looked up: 1 parts, 0 nets
ASSEMBLY.md#4:L141:cell:4:s1 [b65833d9c5] NOT DERIVABLE
    VH at A22; at the unit a straight 2.1 x 5.5 plug within d 18.8 and 55.4 long (r2 record)
    judgement: LEAD: how a lead ends or is made, not a netlist claim
    names looked up: 0 parts, 0 nets
ASSEMBLY.md#4:L142:cell:1:s1 [06ac025b6c] TRUE
    B16 `J_QMX` (PH 1x4)
    judgement: the part named exists on the board named (the names check); a connector's type is its footprint, not asserted
    names looked up: 1 parts, 0 nets
ASSEMBLY.md#4:L142:cell:4:s1 [ecea5966ca] NOT DERIVABLE
    PH at B16, USB-C at the unit, its overmold within 8.6 high, 12.35 wide and 35.4 long (r2 record)
    judgement: LEAD: how a lead ends or is made, not a netlist claim
    names looked up: 0 parts, 0 nets
ASSEMBLY.md#4:L143:cell:2:s1 [52ce1f8c71] TRUE
    A22 `J_RF2` (HF jack)
    judgement: the part named exists on the board named (the names check); a connector's type is its footprint, not asserted
    names looked up: 1 parts, 0 nets
ASSEMBLY.md#4:L143:cell:4:s1 [3864c187ad] NOT DERIVABLE
    BNC male at the unit within d 20.0 and 42.9 long (r2 record), SMA male at A22
    judgement: LEAD: how a lead ends or is made, not a netlist claim
    names looked up: 0 parts, 0 nets
ASSEMBLY.md#4:L144:cell:0:s1 [8b920ffb63] TRUE
    Monitor supply (the pack node, 14.4 V nominal, behind a 1.2 A eFuse that trips above about 17.6 to 19.0 V; corrected 26 September 2026 from "12 V")
    judgement: the monitor's eFuse on the pack node with its OVLO divider; the trip voltages are computed
    names looked up: 0 parts, 0 nets
    asserted (4): A U21.4 on VBAT (netlist: VBAT); A U21.5 on VMON (netlist: VMON); A R92 value has '143k' (netlist: '143k 1%'); A R93 value has '10k' (netlist: '10k 1% (OVLO)')
ASSEMBLY.md#4:L144:cell:1:s1 [daad402b1d] TRUE
    A22 `J_MON` (VH)
    judgement: the part named exists on the board named (the names check); a connector's type is its footprint, not asserted
    names looked up: 1 parts, 0 nets
ASSEMBLY.md#4:L144:cell:4:s1 [b213108c54] NOT DERIVABLE
    VH at A22
    judgement: LEAD: how a lead ends or is made, not a netlist claim
    names looked up: 0 parts, 0 nets
ASSEMBLY.md#4:L145:cell:1:s1 [847a1d81ca] TRUE
    B16 `J_HDMI`
    judgement: the part named exists on the board named (the names check); a connector's type is its footprint, not asserted
    names looked up: 1 parts, 0 nets
ASSEMBLY.md#4:L145:cell:4:s1 [c82c937aba] NOT DERIVABLE
    HDMI A at B16
    judgement: LEAD: how a lead ends or is made, not a netlist claim
    names looked up: 0 parts, 0 nets
ASSEMBLY.md#4:L146:cell:0:s1 [29ab7f6956] NOT DERIVABLE
    Monitor touch USB (full speed, on board D's spare hub port: the session's choice SC-HF-06 of 27 September 2026, `HW-FW-CONTRACT.md` section 8, `pcb_interfaces.yaml` IF-MON; corrected from "a B16 slot hub header", which named no designator)
    judgement: HELD DOCUMENT: a maker's figure, an analysis, a ruling or a record, not a netlist claim (the touch lead's port, SC-HF-06)
    names looked up: 0 parts, 0 nets
ASSEMBLY.md#4:L146:cell:1:s1 [82a018a5c9] TRUE
    D8 `J_USB3` (PH 1x4: 5 V, D-, D+, GND)
    judgement: the part named exists on the board named (the names check); a connector's type is its footprint, not asserted
    names looked up: 2 parts, 0 nets; D8 on ACE (sentence names D)
ASSEMBLY.md#4:L146:cell:4:s1 [842ee60d42] NOT DERIVABLE
    PH at D8
    judgement: LEAD: how a lead ends or is made, not a netlist claim
    names looked up: 1 parts, 0 nets; D8 on ACE (sentence names D)
ASSEMBLY.md#4:L147:cell:1:s1 [69aac94488] TRUE
    B16 `J_CAM` (PH 1x4)
    judgement: the part named exists on the board named (the names check); a connector's type is its footprint, not asserted
    names looked up: 1 parts, 0 nets
ASSEMBLY.md#4:L148:cell:1:s1 [999fee59d1] TRUE
    B16 `J_ETH` (RJ45)
    judgement: the part named exists on the board named (the names check); a connector's type is its footprint, not asserted
    names looked up: 1 parts, 0 nets
ASSEMBLY.md#4:L149:cell:1:s1 [5cfe79e7d4] TRUE
    A22 `J_USBC_OUT` (5-pin: VBUS CC1 CC2 GND GND; the ESD array `U31` on CC1 and CC2, D-17, `gen_sch_a.py:1015-1026` at `45bde541`, to be placed at the header in board A's next phase)
    judgement: J_USBC_OUT's five pins and U31 on CC1 and CC2; the citation is dated
    names looked up: 2 parts, 0 nets
    citations: gen_sch_a.py:1015-1026 at 45bde541 holds J_USBC_OUT,U31
    asserted (6): A J_USBC_OUT.1 on PD_VBUS (netlist: PD_VBUS); A J_USBC_OUT.2 on PD_CC1 (netlist: PD_CC1); A J_USBC_OUT.3 on PD_CC2 (netlist: PD_CC2); A U31.1 on PD_CC1 (netlist: PD_CC1); A U31.2 on PD_CC2 (netlist: PD_CC2); gen_sch_a.py lines 1015 to 1026 at 45bde541 hold J_USBC_OUT, U31
ASSEMBLY.md#4:L149:cell:3:s1 [2eaf29fb64] NOT DERIVABLE
    18 AWG VBUS and GND, 26 AWG CC
    judgement: LEAD: how a lead ends or is made, not a netlist claim
    names looked up: 0 parts, 0 nets
ASSEMBLY.md#4:L150:cell:3:s1 [1edbe04f58] NOT DERIVABLE
    **Corrected 26 September 2026 (S-07):** this row was the pigtail's data side on A22's `J_USBW`, which is now the Glenair's lead (the row below)
    judgement: HISTORY: a dated record of an earlier reading or wording, true as history, not re-derived against set 12
    names looked up: 1 parts, 0 nets
ASSEMBLY.md#4:L151:cell:1:s1 [738f2d1fa0] TRUE
    A22 `J_USBW` (PH 1x4: VBUS D- D+ GND; the pair `USB_WALL` from B16's bank 3 hub, port 3, over the A-B wall-port ribbon `J_AB2`; VBUS from the eFuse `U32`, 0.9142 A nominal limit (TPS2596 equation 7, SLVSET8A p.28), switched by A22's expander; `gen_sch_a.py:1668-1669` at `e57a7365`)
    judgement: J_USBW's pins, U32 and its expander enable; the citation is dated at the base; the limit is TI's equation
    names looked up: 3 parts, 0 nets
    citations: gen_sch_a.py:1668-1669 at e57a7365 holds J_USBW,U32
    part numbers (1): TPS2596 on A (U21,U22,U23,U32), B (U23,U24)
    asserted (8): A J_USBW.1 on VBUS_WALL (netlist: VBUS_WALL); A J_USBW.2 on USB_WALL_N (netlist: USB_WALL_N); A J_USBW.3 on USB_WALL_P (netlist: USB_WALL_P); A U32.5 on VBUS_WALL (netlist: VBUS_WALL); A U32.3 on USBX_EN (netlist: USBX_EN); A U28 IO0_0 on USBX_EN (netlist: USBX_EN); A J_AB2 present; gen_sch_a.py lines 1668 to 1669 at e57a7365 hold J_USBW, U32
ASSEMBLY.md#4:L151:cell:4:s1 [e73bf0c766] NOT DERIVABLE
    PH at A22, USB-A at the feed-through.
    judgement: LEAD: how a lead ends or is made, not a netlist claim
    names looked up: 0 parts, 0 nets
ASSEMBLY.md#4:L151:cell:4:s2 [07c344a956] NOT DERIVABLE
    **Corrected 26 September 2026 (S-07):** this row named a B16 `J_USBX` that no generator defines, and the D-12 move it called owed is generated since `458b2873`
    judgement: HISTORY: a dated record of an earlier reading or wording, true as history, not re-derived against set 12
    names looked up: 1 parts, 0 nets
ASSEMBLY.md#4:L152:cell:2:s1 [1db85b209f] TRUE
    B16 `J_FAN1..3` (SH 1.0)
    judgement: the part named exists on the board named (the names check); a connector's type is its footprint, not asserted
    names looked up: 1 parts, 0 nets
ASSEMBLY.md#4:L153:cell:1:s1 [08579360c0] TRUE
    the two IP68 fans on their brackets at the stack's ends
    judgement: the two mixer fans' headers on E
    names looked up: 0 parts, 0 nets
    asserted (1): board E: 2 parts whose designator holds 'J_FAN' (read: 2, J_FAN1,J_FAN2)
ASSEMBLY.md#4:L153:cell:2:s1 [45aad0383c] TRUE
    E6 `J_FAN1`/`J_FAN2`
    judgement: the part named exists on the board named (the names check); a connector's type is its footprint, not asserted
    names looked up: 2 parts, 0 nets
ASSEMBLY.md#4:L154:cell:0:s1 [43b888438d] TRUE
    Heater mat (a regulated 12.0 V from the buck `U33` behind the eFuse `U22`, the mat's own 12 V and 7.5 W rating, `gen_sch_a.py:1047-1076` at `45bde541`)
    judgement: the heater stage U33 behind U22; the citation is dated
    names looked up: 2 parts, 0 nets
    citations: gen_sch_a.py:1047-1076 at 45bde541 holds U22,U33
    asserted (4): A U33 value has 'TPS62933' (netlist: 'TPS62933DRLR 3 A buck, 12.0 V heater rail'); A U33.3 on VHEAT_IN (netlist: VHEAT_IN); A U22.5 on VHEAT_IN (netlist: VHEAT_IN); gen_sch_a.py lines 1047 to 1076 at 45bde541 hold U33, VHEAT
ASSEMBLY.md#4:L154:cell:1:s1 [9c5b940fec] TRUE
    A22 `J_HEAT` (XH2.5)
    judgement: the part named exists on the board named (the names check); a connector's type is its footprint, not asserted
    names looked up: 1 parts, 0 nets
ASSEMBLY.md#4:L154:cell:2:s1 [71cd0b1fad] NOT DERIVABLE
    the RS PRO 245-556 mat under the pack
    judgement: CASE: a mechanical or case item, not a netlist claim (the heater mat)
    names looked up: 0 parts, 0 nets
    part numbers (1): PRO 245-556 bought: the RS PRO heater mat, RS stock number 245-556, a case item
ASSEMBLY.md#4:L154:cell:4:s1 [4f23d4bc1d] NOT DERIVABLE
    XH2.5 at A22
    judgement: LEAD: how a lead ends or is made, not a netlist claim
    names looked up: 0 parts, 0 nets
ASSEMBLY.md#4:L155:cell:2:s1 [6d34ea0175] TRUE
    E6 `J_POD` (PH 1x4: 3.3 V GND SDA SCL)
    judgement: the part named exists on the board named (the names check); a connector's type is its footprint, not asserted
    names looked up: 1 parts, 0 nets
ASSEMBLY.md#4:L155:cell:4:s1 [9b023f257a] NOT DERIVABLE
    PH at E6
    judgement: LEAD: how a lead ends or is made, not a netlist claim
    names looked up: 0 parts, 0 nets
ASSEMBLY.md#4:L156:cell:1:s1 [6a22616079] NOT DERIVABLE
    the DCF77, Geiger and lightning boards on their standoffs beside E6
    judgement: LEAD: how a lead ends or is made, not a netlist claim
    names looked up: 0 parts, 0 nets
ASSEMBLY.md#4:L156:cell:2:s1 [4209111b84] TRUE
    E6 `J_DCF`, `J_GEIGER`, `J_LTG`
    judgement: the part named exists on the board named (the names check); a connector's type is its footprint, not asserted
    names looked up: 3 parts, 0 nets
ASSEMBLY.md#4:L157:cell:2:s1 [89f370c964] TRUE
    E6 `J_TAMP` (JST-XH 1x2, `gen_sch_e.py:524-542` at `45bde541`)
    judgement: J_TAMP on E; the citation is dated
    names looked up: 1 parts, 0 nets
    citations: gen_sch_e.py:524-542 at 45bde541 holds J_TAMP
    asserted (2): E J_TAMP present; gen_sch_e.py lines 524 to 542 at 45bde541 hold TAMPER
ASSEMBLY.md#4:L157:cell:4:s1 [24c6181ac7] NOT DERIVABLE
    XH at E6; added 26 September 2026 (S-07)
    judgement: LEAD: how a lead ends or is made, not a netlist claim
    names looked up: 0 parts, 0 nets
ASSEMBLY.md#4:L158:cell:1:s1 [9c94802702] TRUE
    E6 `PAD_W1`/`PAD_W2`
    judgement: the part named exists on the board named (the names check); a connector's type is its footprint, not asserted
    names looked up: 0 parts, 0 nets
ASSEMBLY.md#4:L159:cell:1:s1 [eaad6c91e6] TRUE
    B16 `J_GNSS1`, `J_LORA1` (U.FL)
    judgement: the part named exists on the board named (the names check); a connector's type is its footprint, not asserted
    names looked up: 2 parts, 0 nets
ASSEMBLY.md#4:L159:cell:2:s1 [aca374cf5e] TRUE
    A22 `J_RF4`, `J_RF11`
    judgement: the part named exists on the board named (the names check); a connector's type is its footprint, not asserted
    names looked up: 2 parts, 0 nets
ASSEMBLY.md#4:L159:cell:4:s1 [c95f2202d2] NOT DERIVABLE
    U.FL at B16, SMA at A22
    judgement: LEAD: how a lead ends or is made, not a netlist claim
    names looked up: 0 parts, 0 nets
ASSEMBLY.md#4:L160:cell:1:s1 [047622834a] NOT DERIVABLE
    the two AW7915-AED cards' MHF4 connectors
    judgement: LEAD: the cards' connectors
    names looked up: 0 parts, 0 nets
    part numbers (1): AW7915-AED on B (J_M2C1,J_M2C3)
    asserted (1): board B: 2 parts whose value holds 'M.2 E-key' (read: 2, J_M2C1,J_M2C3)
ASSEMBLY.md#4:L160:cell:2:s1 [b949f05d20] TRUE
    B16's changeover inputs `J_W1A`, `J_W1B` (slot 1 card) and `J_W3A`, `J_W3B` (slot 3 card)
    judgement: the part named exists on the board named (the names check); a connector's type is its footprint, not asserted
    names looked up: 4 parts, 0 nets
ASSEMBLY.md#4:L161:cell:1:s1 [ca405f41c2] TRUE
    B16's changeover outputs `J_WOA`, `J_WOB` (U.FL; two SKY13351 switches move both antennas to the slot 3 card under the voted changeover, `gen_sch_b.py:1253-1272` at `45bde541`)
    judgement: J_WOA and J_WOB and the SKY13351 switches; the citation is dated
    names looked up: 2 parts, 0 nets
    citations: citations judged: gen_sch_b.py:1253-1272 at 45bde541 asserted below
    part numbers (1): SKY13351 on B (U82,U83)
    asserted (5): B J_WOA present; B J_WOB present; board B has a part whose value holds 'SKY13351' (U82,U83); gen_sch_b.py lines 1253 to 1272 at 45bde541 hold SKY13351, WIFI_SEC; board B: 2 parts whose value holds 'SKY13351' (read: 2, U82,U83)
ASSEMBLY.md#4:L161:cell:2:s1 [5258fad5f4] TRUE
    A22 `J_RF6`, `J_RF7` (P2P A, P2P B)
    judgement: the part named exists on the board named (the names check); a connector's type is its footprint, not asserted
    names looked up: 2 parts, 0 nets
ASSEMBLY.md#4:L161:cell:4:s1 [b5e536304e] NOT DERIVABLE
    U.FL at B16, SMA at A22; corrected 26 September 2026 (S-07) from one card wired straight to A22
    judgement: LEAD: how a lead ends or is made, not a netlist claim
    names looked up: 0 parts, 0 nets
ASSEMBLY.md#4:L162:cell:0:s1 [c534a1735f] NOT DERIVABLE
    5G pigtails, 2 x (a third, ANT3, when D-07's third jack reaches A22)
    judgement: LEAD: how a lead ends or is made, not a netlist claim
    names looked up: 0 parts, 0 nets
ASSEMBLY.md#4:L162:cell:1:s1 [9b7ccbd8ec] TRUE
    the RM520N-GL's ANT0 and ANT2 receptacles (the module has no MAIN or DIV port)
    judgement: the RM520N-GL on the key-B socket; its ports are Quectel's
    names looked up: 0 parts, 0 nets
    part numbers (1): RM520N-GL on B (J_M2C2)
    asserted (1): B J_M2C2 value has 'RM520N-GL' (netlist: 'M.2 B-key 3052 socket, TE 2199119-3, M2.5 standoff: Quectel ')
ASSEMBLY.md#4:L162:cell:2:s1 [3ad2e4231b] TRUE
    A22 `J_RF8`, `J_RF9` (legends 5G MAIN and 5G DIV)
    judgement: the part named exists on the board named (the names check); a connector's type is its footprint, not asserted
    names looked up: 2 parts, 0 nets
ASSEMBLY.md#4:L162:cell:4:s1 [97e934a201] NOT DERIVABLE
    MHF4 at the module, SMA at A22
    judgement: LEAD: how a lead ends or is made, not a netlist claim
    names looked up: 0 parts, 0 nets
ASSEMBLY.md#4:L163:cell:2:s1 [9052faed29] TRUE
    A22 `J_RF10`
    judgement: the part named exists on the board named (the names check); a connector's type is its footprint, not asserted
    names looked up: 1 parts, 0 nets
ASSEMBLY.md#4:L164:cell:2:s1 [751ba352d8] TRUE
    A22 `J_RF5`
    judgement: the part named exists on the board named (the names check); a connector's type is its footprint, not asserted
    names looked up: 1 parts, 0 nets
ASSEMBLY.md#4:L165:cell:2:s1 [16e24b8857] TRUE
    A22 `J_RF3`
    judgement: the part named exists on the board named (the names check); a connector's type is its footprint, not asserted
    names looked up: 1 parts, 0 nets
ASSEMBLY.md#4:L165:cell:4:s1 [6055ac6d9f] NOT DERIVABLE
    SMA at A22
    judgement: LEAD: how a lead ends or is made, not a netlist claim
    names looked up: 0 parts, 0 nets
ASSEMBLY.md#4:L166:cell:1:s1 [27280d94b4] NOT DERIVABLE
    the float clamps on E6 (Radiall R222M80500 right-angle plugs, crimped, tied into the clamp)
    judgement: LEAD: how a lead ends or is made, not a netlist claim
    names looked up: 0 parts, 0 nets
    part numbers (1): R222M80500 case: Radiall's plug on the float clamp's cable
ASSEMBLY.md#4:L166:cell:2:s1 [53e544156a] NOT DERIVABLE
    **Corrected 27 September 2026 (MESHSAT-1357, the case set C1 to C6):** the inner jacks of the PolyPhaser GTH-SFF-AL arrestors on the RF entry plates (C2, C4): west VHF, HF, WIFI 2.4, GNSS, SDR, WIFI P2P A, WIFI P2P B at Y -93, -62, -31, 0, +31, +62, +93; east 5G MAIN, 5G DIV, 5G ANT3, IRIDIUM, LORA at Y -62, -31, 0, +31, +62; all at Z 59.
    judgement: CASE: a mechanical or case item, not a netlist claim
    names looked up: 4 parts, 0 nets
ASSEMBLY.md#4:L167:cell:1:s1 [22fe281a54] NOT DERIVABLE
    **Corrected 27 September 2026 (MESHSAT-1357, the case set C1 to C6):** 114.0 x 68.3 x 5.0 aluminium (C3, `v2/release/case-2026-09-27/connector-plate/`); until 27 September 2026 54 x 82 x 3 between ribs
    judgement: CASE: a mechanical or case item, not a netlist claim
    names looked up: 3 parts, 0 nets
ASSEMBLY.md#4:L167:cell:4:s1 [cda4473e43] NOT DERIVABLE
    carries all six ruled items at the centres of `CASE-MARGINS.md` 3.3: A the sealed RJ45 (-28.5, 36.6; pick OPEN, the PX0833 fails the shell 15 envelope and 54 V), C the D38999/20 shell 13 DC receptacle (+4.2, 34.0), B the sealed USB-C (+33.7, 36.6; the PXP4043/C panel drawing OPEN), E the pod over its M8 receptacle (-30.0, 70.0; sheet not held), D the 233-370 USB feed-through (+4.6, 67.0), F the M6 ground stud (+34.6, 64.5); A, C and D each on a Glenair 930-001 gasket with M3 into threads tapped in the plate.
    judgement: CASE: a mechanical or case item, not a netlist claim (the connector plate's six items)
    names looked up: 0 parts, 0 nets
    part numbers (3): D38999/20 case: the DC receptacle's shell; PX0833 case: a candidate RJ45 the row rejects; PXP4043/C case: the sealed USB-C's panel part
ASSEMBLY.md#4:L175:cell:1:s1 [3a53e10db7] NOT DERIVABLE
    Glenair D38999/26FC4SN plug (shell 13, insert 13-4, four M39029/56-352 size 16 socket contacts, key N, electroless nickel), crimped with the M22520/1-01 tool and the M22520/1-04 positioner, seated with M81969/14-03; Glenair M85049/38S13N self-locking straight strain relief on the plug's M18 x 1 thread
    judgement: LEAD: the plug
    names looked up: 0 parts, 0 nets
    part numbers (6): D38999/26FC4SN case: Glenair's plug, contacts, tools or strain relief, a cable item; M22520/1-01 case: Glenair's plug, contacts, tools or strain relief, a cable item; M22520/1-04 case: Glenair's plug, contacts, tools or strain relief, a cable item; M39029/56-352 case: Glenair's plug, contacts, tools or strain relief, a cable item; M81969/14-03 case: Glenair's plug, contacts, tools or strain relief, a cable item; M85049/38S13N case: Glenair's plug, contacts, tools or strain relief, a cable item
ASSEMBLY.md#4:L180:para:s1 [c8263105e0] TRUE
    Twelve Preci-Dip 813 contacts in `J_DOCK` on A22's underside land on the raised block's targets: pins 1 to 7 ground, 8 `SHORE_INHIBIT`, 9 and 10 the USB pair of E6's sensor controller, 11 ground and 12 the hot stop line HOT-R1 (`DOCK_SPARE`, since stream w4ae), with `VIN_RAW` (the 9 to 36 V input and the solar tracker's output, passed up to A22's front end) on four 9 A spring pins of its own, `J_VR1` to `J_VR4`, with its return on four more, `J_VN1` to `J_VN4`, since EQ-16 (`gen_sch_a.py:294` and `gen_sch_e.py:660` at `e57a7365`; at `45bde541`, `gen_sch_a.py:225` and `gen_sch_e.py:488`, pins 1 to 4 carried `VIN_RAW`; corrected 26 September 2026, S-07: this sentence put the wall outlet's console pair on 9 and 10).
    judgement: J_DOCK's twelve pins and the VIN_RAW pins; the citations are dated
    names looked up: 5 parts, 3 nets
    citations: citations judged: the four citations asserted below
    asserted (16): A J_DOCK.1 on GND (netlist: GND); A J_DOCK.4 on GND (netlist: GND); A J_DOCK.7 on GND (netlist: GND); A J_DOCK.8 on SHORE_INHIBIT (netlist: SHORE_INHIBIT); A J_DOCK.9 on USB_E6_P (netlist: USB_E6_P); A J_DOCK.10 on USB_E6_N (netlist: USB_E6_N); A J_DOCK.11 on GND (netlist: GND); A J_DOCK.12 on DOCK_SPARE (netlist: DOCK_SPARE); board A: 4 parts whose designator holds 'J_VR' (read: 4, J_VR1,J_VR2,J_VR3,J_VR4); board A: 4 parts whose designator holds 'J_VN' (read: 4, J_VN1,J_VN2,J_VN3,J_VN4); A J_VR1.1 on VIN_RAW (netlist: VIN_RAW); A J_VN1.1 on GND (netlist: GND); gen_sch_a.py lines 294 to 294 at e57a7365 hold J_DOCK; gen_sch_e.py lines 660 to 660 at e57a7365 hold J_BLK; gen_sch_a.py lines 225 to 225 at 45bde541 hold J_DOCK; gen_sch_e.py lines 488 to 488 at 45bde541 hold J_BLK
ASSEMBLY.md#4:L180:para:s2 [e050e55b92] TRUE
    Beside them, nine Mill-Max 0858 class pins carry the pack current: four on the node, four on the return, and one longer pre-charge pin that mates first through a 10 ohm resistor so the converters' input capacitance does not draw an arc across the main pins.
    judgement: the nine pack pins: four on the node, four on the return, one pre-charge
    names looked up: 0 parts, 0 nets
    asserted (3): board A: 4 parts whose designator holds 'J_CP' (read: 4, J_CP1,J_CP2,J_CP3,J_CP4); board A: 4 parts whose designator holds 'J_CN' (read: 4, J_CN1,J_CN2,J_CN3,J_CN4); A J_PRE1 present
ASSEMBLY.md#8:L204:item:s1 [f2fbb5a56a] NOT DERIVABLE
    A22 alone, pack not connected: a bench supply at 14.4 V on the node contacts through a 5 A limit.
    judgement: FIRMWARE: the firmware contract or an operating procedure, not a netlist claim (the commissioning procedure)
    names looked up: 0 parts, 0 nets
ASSEMBLY.md#8:L204:item:s2 [6a693c8a7f] NOT DERIVABLE
    Each rail comes up at its own converter (the three slot rails and the device rail at 5.1 V within 0.1 V, the PA rail at 13.8 V, the HF rail at 12.0 V, the PoE rail at 54 V, the 3.3 V logic); 3 A drawn from a slot rail holds it above 5.0 V.
    judgement: TEST: a test procedure, a condition or a pass line, not a netlist claim (the commissioning measurements)
    names looked up: 0 parts, 0 nets
    asserted (1): board A: 3 parts whose value holds 'rail monitor +5V_S' (read: 3, U10,U8,U9)
ASSEMBLY.md#8:L204:item:s3 [8b28be5c56] NOT DERIVABLE
    The charger enumerates on the bus, the monitors read, and the main power control turns the rails off and on from the MAIN button.
    judgement: TEST: a test procedure, a condition or a pass line, not a netlist claim
    names looked up: 0 parts, 0 nets
ASSEMBLY.md#8:L204:item:s4 [e8eeaca71e] TRUE
    With `EMCON_HW` low the PA and HF rails stay off (corrected 26 September 2026: this read "high"; the line is active low; since board A's round 8 `PA_EN` = `TX_INHIBIT_n` AND `EMCON_HW` AND `PA_HOLD` in `U35` and `U36`, and `HF_EN` likewise in `U37` and `U38` (`gen_sch_a.py:1572-1575` at `e57a7365`), and with the ribbon out `R102` pulls `EMCON_HW` low and `R145` pulls `TX_INHIBIT_n` low (`:1597-1598` at `e57a7365`), so on a bare A22 the two rails stay off until both lines are driven high).
    judgement: board A's gates and pulls; the citations are dated at the base
    names looked up: 6 parts, 5 nets
    citations: citations judged: the citations asserted below
    asserted (25): A U35 value has 'SN74AUP1G08' (netlist: 'SN74AUP1G08DBVR AND: PA_TXOK = TX_INHIBIT_n AND EMCON_HW (th'); A U35.1 on TX_INHIBIT_n (netlist: TX_INHIBIT_n); A U35.2 on EMCON_HW (netlist: EMCON_HW); A U35.4 on PA_TXOK (netlist: PA_TXOK); A U35.5 on +3V3_EMCON (netlist: +3V3_EMCON); A U36.1 on PA_TXOK (netlist: PA_TXOK); A U36.2 on PA_HOLD (netlist: PA_HOLD); A U36.4 on PA_EN (netlist: PA_EN); A U36.5 on +3V3_EMCON (netlist: +3V3_EMCON); A U37.1 on TX_INHIBIT_n (netlist: TX_INHIBIT_n); A U37.2 on EMCON_HW (netlist: EMCON_HW); A U37.4 on HF_TXOK (netlist: HF_TXOK); A U37.5 on +3V3_EMCON (netlist: +3V3_EMCON); A U38.1 on HF_TXOK (netlist: HF_TXOK); A U38.2 on HF_HOLD (netlist: HF_HOLD); A U38.4 on HF_EN (netlist: HF_EN); A U38.5 on +3V3_EMCON (netlist: +3V3_EMCON); A U40.6 on PA_HOLD (netlist: PA_HOLD); A U40.1 on PA_SW_EN (netlist: PA_SW_EN); A U40.4 on HF_HOLD (netlist: HF_HOLD); A U40.3 on HF_SW_EN (netlist: HF_SW_EN); A R102.1 on EMCON_HW (netlist: EMCON_HW); A R145.1 on TX_INHIBIT_n (netlist: TX_INHIBIT_n); gen_sch_a.py lines 1572 to 1575 at e57a7365 hold U35, U36, U37, U38; gen_sch_a.py lines 1597 to 1598 at e57a7365 hold R102, R145
ASSEMBLY.md#8:L205:item:s1 [c5afe71421] NOT DERIVABLE
    The charger delivers into the pack the current the panel controller programmed, and the pack's gauge (BQ4050) opens its own charge FET when its cell-surface thermistor reads outside 0 to 45 C (`pcb_pack_protection.yaml` CHARGE_TEMPERATURE_WINDOW).
    judgement: FIRMWARE: the firmware contract or an operating procedure, not a netlist claim (the gauge's charge window; board P's BQ4050)
    names looked up: 0 parts, 0 nets
    part numbers (1): BQ4050 on P (RT1,U1)
    asserted (1): P U1 value has 'BQ4050' (netlist: 'BQ4050RSMR: SMBus 1.1 gas gauge, primary protection, 4S bala')
ASSEMBLY.md#8:L205:item:s2 [a66de8d3b1] NOT DERIVABLE
    **Corrected 26 September 2026:** the step read as if the charger saw the thermistor, and the BQ25731 has no thermistor input (TI SLUSE66A, Table 7-1).
    judgement: HISTORY: a dated record of an earlier reading or wording, true as history, not re-derived against set 12 (the step's correction; TI's pin table)
    names looked up: 0 parts, 0 nets
    part numbers (1): BQ25731 on A (U3)
ASSEMBLY.md#8:L206:item:s1 [dc6e921095] NOT DERIVABLE
    The stack with B16: each module boots from its rail with the other two slots disabled, then all three together; every USB device enumerates on its hub; the Ethernet switch links all three and the wall port.
    judgement: FIRMWARE: the firmware contract or an operating procedure, not a netlist claim (the commissioning procedure)
    names looked up: 0 parts, 0 nets
ASSEMBLY.md#8:L206:item:s2 [6f2a8e2a80] NOT DERIVABLE
    Record each rail's current at idle and with the display on.
    judgement: TEST: a test procedure, a condition or a pass line, not a netlist claim
    names looked up: 0 parts, 0 nets
ASSEMBLY.md#8:L207:item:s1 [9548d33e50] NOT DERIVABLE
    Bursts: 5G registration, one Iridium session, one LoRa transmission and one VHF key-down in turn, each rail watched at its connector, then all within the same second: what is being recorded is the margin.
    judgement: TEST: a test procedure, a condition or a pass line, not a netlist claim
    names looked up: 0 parts, 0 nets
ASSEMBLY.md#8:L208:item:s1 [b023a2e379] NOT DERIVABLE
    Panel: the panel controller enumerates; lamp test lights all seventeen controller-lit indicators (the sixteen panel LEDs `D1` to `D16`, the TX lamp `D3` among them through its tie `D17`, and the PI button's ring; `PANEL.md` section 9); BLACKOUT kills the rail; the EMCON toggle locked closed keeps the SA868 and the PA in receive while the bridge asserts PTT and opens every transmitter rail gate, and every other radio goes dark (D-05, `PANEL.md` section 6), measured with an external receiver; ZEROIZE armed shows on the e-paper and, held 5 s, performs the erase of `PANEL.md` section 6 (decision 30: the secure element's wrapping key destroyed, the running modules' RAM keys dropped, the slots cut), after which no drive unlocks; SOS closed 2 s under EMCON queues its message and tells the operator (D-10, `PANEL.md` section 9).
    judgement: TEST: a test procedure, a condition or a pass line, not a netlist claim (the commissioning procedure); D1 to D16, D3's tie D17 and the PI ring as PANEL.md section 9
    names looked up: 4 parts, 0 nets
    part numbers (1): SA868 on D (U13,U2)
    asserted (6): C D17.2 on TX_K (netlist: TX_K); C U2 IO0_2 on PIRING_K (netlist: PIRING_K); board C: 17 parts whose footprint holds 'LED_D3.0mm' (read: 17, D1,D10,D11,D12,D13,D14,D15,D16,D2,D22,D3,D4,D5,D6,D7,D8,D9); C D1 present; C D16 present; C D22 present
ASSEMBLY.md#8:L210:item:s1 [7857aaa69d] TRUE
    Shore inhibit: `SHORE_INHIBIT` high holds the front end off within a second, low restores it.
    judgement: SHORE_INHIBIT high pulls the front end's UVLO through Q8 on board E; the second is the test's
    names looked up: 0 parts, 1 nets
    asserted (2): E Q8.1 on SHORE_INHIBIT (netlist: SHORE_INHIBIT); E Q8.3 on HS_UVLO (netlist: HS_UVLO)
ASSEMBLY.md#8:L211:item:s1 [0a98178adb] NOT DERIVABLE
    PA: key-downs of at most 60 s each at 30 W into a load, at least 2 s apart, each started only inside K2 and ended by C4 (`feasibility/POWER-THERMAL.md` sections 7.2 and 9.3), as `TEST-PLAN.md` T-H3 runs them; the flange sensor and a thermocouple beside it logged, and the case skin temperature recorded, the fans running.
    judgement: TEST: a test procedure, a condition or a pass line, not a netlist claim
    names looked up: 2 parts, 0 nets
ASSEMBLY.md#8:L211:item:s2 [c3f8dd9765] NOT DERIVABLE
    **Corrected 27 September 2026 (Review A of layer 2, finding B6; `CONOPS.md` section 4d):** this step was ten minutes of key-down at 30 W, which K1 forbids: one 60 s key-down at 45 W of heat from a +50 C plate already puts the flange at about 95 C on the record's own figure, against the RA30H1317M1's +100 C case maximum and its 90 C advice (PWR-F15).
    judgement: HISTORY: a dated record of an earlier reading or wording, true as history, not re-derived against set 12
    names looked up: 1 parts, 0 nets
    part numbers (1): RA30H1317M1 on D (J_PAIN,J_PAOUT,J_VGG)
ASSEMBLY.md#8:L212:item:s1 [1b157a50d3] NOT DERIVABLE
    Blind-mate: lift the stack and set it back three times, each time by the procedure of section 7 (kit off, outside leads and pack unplugged, the cap on E5 while it is out).
    judgement: FIRMWARE: the firmware contract or an operating procedure, not a netlist claim (the procedure)
    names looked up: 0 parts, 0 nets
ASSEMBLY.md#8:L213:item:s1 [857ee4d62b] NOT DERIVABLE
    Pack gauge data flash (decision 40, owner ruling of 26 September 2026), before the pack is first charged or discharged: read the BQ4050's protection thresholds and enabled protections back and compare them with `pcb_pack_protection.yaml`.
    judgement: FIRMWARE: the firmware contract or an operating procedure, not a netlist claim (the data-flash read-back)
    names looked up: 0 parts, 0 nets
    part numbers (1): BQ4050 on P (RT1,U1)
ASSEMBLY.md#8:L213:item:s2 [42ab04ebc5] TRUE
    Board P's second level covers cell under-voltage in hardware since `faf8c981` (D-15's first branch), so the read-back is the check D-15 keeps; only after it passes is the chemical fuse armed by closing `JP1` (`gen_sch_p.py` docstring and `:476`; corrected 26 September 2026, S-07).
    judgement: board P's second level and JP1 at gen_sch_p.py:476
    names looked up: 1 parts, 0 nets
    asserted (5): P U2 value has 'BQ7720700' (netlist: 'BQ7720700DSSR: second-level cell OV 4.325 V / UV 2.25 V / op'); P F2 value has 'SCF9550' (netlist: 'SCF9550-30-05 self-control fuse (Eaton, 30 A, 4-5 cells): 1 '); P JP1 present; P RT1 value has 'PRF15BB103RB6RC' (netlist: 'PRF15BB103RB6RC chip PTC 10k, 4.7M at 130 C (Murata): the BQ'); gen_sch_p.py lines 476 to 476 at HEAD hold JP1
ASSEMBLY.md#9:L217:item:s1 [f6186bbdf0] TRUE
    A22: the Preci-Dip 813-S1-012-10-016101 spring connector and the seventeen Mill-Max 0858 class power pins on the underside (nine for the pack and, since EQ-16, eight for the input, section 4) (tails soldered on the top face), the eleven Radiall R222M00720 blind-mate receptacles, the Keystone 3568 holder with its 25 A mini blade, the inductors that have no assembler equivalent (read the ORDER-NOTES), the rail leads, the PA, HF, monitor and heater leads, the MAIN button lead, the wall USB-C leads.
    judgement: board A's bench-fit counts
    names looked up: 0 parts, 0 nets
    part numbers (2): 813-S1-012-10-016101 on A (J_DOCK); R222M00720 on A (J_BM1,J_BM10,J_BM11,J_BM2)
    asserted (5): board A: 17 parts whose footprint holds 'Mill-Max_0858' (read: 17, J_CN1,J_CN2,J_CN3,J_CN4,J_CP1,J_CP2,J_CP3,J_CP4,J_PRE1,J_VN1,J_VN2,J_VN3,J_VN4,J_VR1,J_VR2,J_VR3,J_VR4); board A: 11 parts whose designator holds 'J_BM' (read: 11, J_BM1,J_BM10,J_BM11,J_BM2,J_BM3,J_BM4,J_BM5,J_BM6,J_BM7,J_BM8,J_BM9); A J_BM1 value has 'R222M00720' (netlist: 'SMP-MAX slide-on receptacle R222M00720 (underside), VHF to t'); A F1 value has 'Keystone 3568' (netlist: '25 A mini blade (Keystone 3568 holder): pack node to the RSR'); A J_DOCK value has 'Preci-Dip 813-S1-012-10-016101' (netlist: 'spring pins to the dock block (2x6, Preci-Dip 813-S1-012-10-')
ASSEMBLY.md#9:L218:item:s1 [a039b91bf4] TRUE
    B16: the three Compute Modules (CM5108064) on their receptacles and standoffs, the three coolers with their fan leads, the two WiFi link cards (`J_M2C1`, `J_M2C3`), the 5G module with its two SIMs, the three NVMe drives, the LimeSDR, the RockBLOCK on its bracket, the CR2032, the rail and PoE leads from A22, the antenna pigtails, the HDMI cable, the camera and QMX leads, the panel and A-B ribbons; the LG290P, the E22 and the two E72 are assembled where JLCPCB stocks them, else hand-soldered.
    judgement: board B's bench-fit counts
    names looked up: 2 parts, 0 nets
    part numbers (3): CM5108064 on B (U30A,U31A,U32A); CR2032 on B (BT1,U9); LG290P on B (BT1,J_GNSS2,U11)
    asserted (6): board B: 2 parts whose value holds 'M.2 E-key' (read: 2, J_M2C1,J_M2C3); board B: 3 parts whose designator holds 'J_FAN' (read: 3, J_FAN1,J_FAN2,J_FAN3); board B: 3 parts whose value holds 'M.2 M-key' (read: 3, J_M2N1,J_M2N2,J_M2N3); B J_M2C2 value has '2199119' (netlist: 'M.2 B-key 3052 socket, TE 2199119-3, M2.5 standoff: Quectel '); B J_LIME present; B J_RB9704 present
ASSEMBLY.md#9:L219:item:s1 [73ff7b42ab] TRUE
    C7 (the backer under the plate; the switches, the jacks, the camera and the sounder mount in the plate and only their leads reach the board): the seventeen 3 mm LEDs (`D1` to `D16` and, since board C's round 8, the hardware EMCON lamp `D22`) standing on the top face under the light guides (beaded to 5.3 mm), the Floyd Bell sounder with its gasket, the three C&K switches, the NKK toggle, the three APEM toggles with their covers, the two U-174/U jacks, the camera module, the PDi e-paper on its ZIF, the RP2040 and its flash if JLCPCB has no stock, the two XH leads.
    judgement: board C's bench-fit counts
    names looked up: 4 parts, 0 nets
    part numbers (2): RP2040 on B (J_PANEL), C (U3), E (U10); U-174/U on C (J_HSJ1,J_HSJ2), D (J_HS1,J_HS2)
    asserted (7): board C: 17 parts whose footprint holds 'LED_D3.0mm' (read: 17, D1,D10,D11,D12,D13,D14,D15,D16,D2,D22,D3,D4,D5,D6,D7,D8,D9); C D22 value has 'EMCON' (netlist: '3 mm EMCON amber (hardware, no processor), sunlight viewable'); board C: 3 parts whose value holds 'APEM' (read: 3, SW_EMCON,SW_SOS,SW_ZERO); board C: 3 parts whose value holds 'C&K' (read: 3, SW_MAIN,SW_PI,SW_TEST); board C: 2 parts whose designator holds 'J_HSJ' (read: 2, J_HSJ1,J_HSJ2); C SW_LIGHT value has 'NKK' (netlist: 'LIGHTING DAY/NIGHT/BLACKOUT toggle DPDT ON-ON-ON (pole 1: ra'); C J_EPD value has '24' (netlist: 'Hirose FH34SRJ-24S-0.5SH ZIF for the E2370KS0C1 flex (0.5 mm')
ASSEMBLY.md#9:L220:item:s1 [18bf292849] NOT DERIVABLE
    D8: the SA868 module where JLCPCB has no stock, the G6K relay if short, the U.FL and SMA leads to the PA and the antenna, the two headset pigtails, the VGG lead; the PA module itself is a plate part.
    judgement: LEAD: the bench-fit list
    names looked up: 1 parts, 0 nets; D8 on ACE (sentence names D)
    part numbers (1): SA868 on D (U13,U2)
ASSEMBLY.md#9:L221:item:s1 [7211912728] NOT DERIVABLE
    E6: the three Keystone holders with their blades, the JST-VH DC and solar leads, the XT60 counterpart and the SMBus socket (JST-XH 1x4), the lid and tamper reed on `J_TAMP`, the twelve signal wires and the 12 AWG pair up to the block, the printed float clamp bar (`v2/cad/float_clamp.py`: one part, twelve 8.5 mm cavities, 22 M3 x 8 into the strip's clamp holes at the mid-pitch points between cavities, each plug's cable laid in its own slot to the south or north and tied through the bar's two tie slots beside it) with their Radiall R222M80500 plugs, the DCF77, Geiger and lightning modules on standoffs beside the strip, the two mixer fans, the water strips, four VHB pads.
    judgement: LEAD: the bench-fit list
    names looked up: 1 parts, 0 nets
    part numbers (1): R222M80500 case: Radiall's plug on the float clamp's cable
    asserted (2): board E: 3 parts whose value holds 'Keystone' (read: 3, F1,F2,F3); board E: 2 parts whose designator holds 'J_FAN' (read: 2, J_FAN1,J_FAN2)
ASSEMBLY.md#9:L222:item:s1 [c648bf2ea2] NOT DERIVABLE
    P1 (inside the pack): the 25 A blade in F1, the four 2.5 mm2 solder lands (the block's B+ and B- straps, the pack's two 12 AWG leads), the five tap wires into J_CELL, the four cell thermistors into J_TS and the second level's own thermistor into J_TS2 (on the hottest cell), the SMBus lead into J_SMB; the gauge's golden image from bqStudio over the SMBus before the lid goes on, and the arming jumper JP1 left open until section 8 step 12 (corrected 26 September 2026, S-07).
    judgement: LEAD: the bench-fit list; P's F1, J_CELL, J_TS, J_TS2, J_SMB and JP1 exist
    names looked up: 6 parts, 0 nets
    asserted (10): P F1 present; P J_CELL present; P J_TS present; P J_TS2 present; P J_SMB present; P JP1 present; P W_BP present; P W_BN present; P W_P present; P W_N present
ASSEMBLY.md#9:L223:item:s1 [3d63f552f7] NOT DERIVABLE
    E5: nothing is placed on it by the assembler.
    judgement: LEAD: board E5 is not netlisted
    names looked up: 0 parts, 0 nets
ASSEMBLY.md#9:L224:item:s1 [cd9739a701] NOT DERIVABLE
    Case and face (**Corrected 27 September 2026 (MESHSAT-1357, the case set C1 to C6):** C1 to C6): the four setting legs with their VHB 5952 pads, the printed locator and the two pairs of printed wedges; the connector plate (114.0 x 68.3 x 5.0) and its gasket with its receptacles on the back wall, each on a Glenair 930-001 silicone flange gasket, the six M4 x 25 plate screws with bonded sealing washers; the twelve PolyPhaser GTH-SFF-AL arrestors on the two 6.0 mm RF entry plates with their two gaskets and sixteen M4 x 12 ISO 7380 screws on rubber-faced sealing washers (in place of the eleven Amphenol 132170 couplers at Z 88); the sensor pod on its M8; ten 6-32 UNC x 1/2 in A2 pan heads for the plate (in place of the M3 x 10 with star washers); the face seals and hardware of `vendor/seals/` and `vendor/mentor/`: the e-paper tape frames from `face-plate.dxf` (the PORON ring is dropped, C1), the 2.0 mm UV polycarbonate lens with 3M Primer 94, three Silex GP60 silicone washers, the NKK AT516 spare O-ring and AT428H boot, the APEM K seals, the Floyd Bell 61663 gasket, sixteen Mentor 1282.5004 light guides, eight PEM SO-M3-10 standoffs and two S-M3 nuts, the Xenarc window gasket, DOWSIL 3145 clear for the beads, MG Chemicals 422B for the backer's underside, the 3M 7871EC serial label; the QMX tray r2 (the printed tray and retaining frame, the 5052 lid plate, ten M3 x 5 countersunk A2, six M3 x 10 button head A2 with six M3 square nuts, two PORON 4701-30 pads, DP8005 for the plate, bonded tie mounts for the lid harness).
    judgement: CASE: a mechanical or case item, not a netlist claim
    names looked up: 2 parts, 0 nets
    part numbers (4): 7871EC bought: 3M's serial label, a case item; AT428H on C (SW_LIGHT); AT516 on C (SW_LIGHT); DP8005 bought: 3M's DP8005 adhesive, a case material
pcb_decisions.yaml#28:L52:field:outcome:s1 [27a657c309] NOT DERIVABLE
    owner ruling 25 September 2026, asked one decision at a time with the options and the recommendation: four layers at 2 oz outer copper for board P, the arm P8 measured at 0 hard and 0 unrouted at the fabricator's 0.16 mm floor.
    judgement: HELD DOCUMENT: a maker's figure, an analysis, a ruling or a record, not a netlist claim (the ruling and the route arm P8)
    names looked up: 0 parts, 0 nets
pcb_decisions.yaml#28:L52:field:outcome:s2 [60324e1220] TRUE
    The fabricator's four-layer 2 oz stackup record, the one question owed when the owner ruled, is recorded since d468613e: JLC04162H-7628 in stackup_write.STACKS (stackup_write.py:46 at 45bde541), transcribed from JLCPCB's captured response of 25 September 2026 (v2/vendor/fabricator/jlcpcb-stackups-2026-09-25.md).
    judgement: the stackup row is recorded, at 45bde541 and at the base
    names looked up: 0 parts, 0 nets
    citations: citations judged: stackup_write.py:46 at 45bde541 asserted below
    part numbers (1): JLC04162H-7628 stackup: JLCPCB's stackup code
    asserted (2): stackup_write.py lines 46 to 46 at 45bde541 hold JLC04162H-7628; stackup_write.py lines 1 to 400 at HEAD hold JLC04162H-7628
pcb_decisions.yaml#28:L52:field:outcome:s3 [a4f3639760] TRUE
    The committed board P layout is still the two-layer P4, so board P is judged on the four-layer stackup only once its next phase is placed and routed on it.
    judgement: board P's committed layout has no inner copper and none of the round 4 parts
    names looked up: 0 parts, 0 nets
    asserted (2): P U2 value has 'BQ7720700' (netlist: 'BQ7720700DSSR: second-level cell OV 4.325 V / UV 2.25 V / op'); pcb-p-pack.kicad_pcb lines 1 to 400 at HEAD hold F.Cu
pcb_decisions.yaml#28:L52:field:reversed_by:s1 [b690b6e0c5] TRUE
    reopen this decision and route board P on two layers again; nothing has been laid for this ruling yet
    judgement: nothing laid on four layers: the committed board P layout is the two-layer P4
    names looked up: 0 parts, 0 nets
    asserted (1): pcb-p-pack.kicad_pcb lines 1 to 400 at HEAD hold B.Cu
pcb_decisions.yaml#40:L896:field:outcome:s1 [4698174d5f] NOT DERIVABLE
    THE FLOOR, which is the session's engineering and stands under either branch: a 4S secondary over-voltage protector across the four taps, a chemical fuse in the pack path that the secondary protector AND the BQ4050's own FUSE output (its pin 25) can both blow, and the BQ4050's PTC input turned on instead of tied off.
    judgement: HELD DOCUMENT: a maker's figure, an analysis, a ruling or a record, not a netlist claim (the floor as ruled)
    names looked up: 0 parts, 0 nets
    part numbers (1): BQ4050 on P (RT1,U1)
pcb_decisions.yaml#40:L896:field:outcome:s2 [a89adf0d12] NOT DERIVABLE
    If a 4S secondary protector that also covers under-voltage can be sourced near the cost of the over-voltage-only part, it is used; otherwise the under-voltage protection stays in the BQ4050's firmware and the residual is accepted, with a verification of the gauge's data flash (the thresholds and the enabled protections read back against `pcb_pack_protection.yaml`) as a commissioning step.
    judgement: HELD DOCUMENT: a maker's figure, an analysis, a ruling or a record, not a netlist claim (the owner's branch)
    names looked up: 0 parts, 0 nets
    part numbers (1): BQ4050 on P (RT1,U1)
pcb_decisions.yaml#40:L896:field:outcome:s3 [4f6b62b753] TRUE
    IN BOARD P'S SCHEMATIC SINCE faf8c981 (round 4 of MESHSAT-1357), with the second level's over-temperature network of d90f30e4: a TI BQ7720700 second level (3S to 7S; cell over-voltage 4.325 V, cell under-voltage 2.25 V, open wire, and a fixed 70 C over-temperature on its own 103AT-2 thermistor; SLUSEG7D, v2/vendor/battery/ti-bq77207.pdf) whose COUT and the BQ4050's FUSE output both drive the heater switch of an Eaton SCF9550-30-05 chemical fuse F2 through the arming jumper JP1, which is closed at commissioning after the gauge's image is written and read back; its DOUT holds the discharge FET off below 2.25 V; and the BQ4050's PTC input is enabled with a Murata PRF15BB103RB6RC chip PTC element (gen_sch_p.py:243, :288 and :414-502 at 45bde541).
    judgement: board P's schematic carries the second level, F2, JP1 and the PTC element; the citation is dated
    names looked up: 2 parts, 0 nets
    citations: citations judged: gen_sch_p.py lines at 45bde541 asserted below
    part numbers (6): 103AT-2 on D (J_FLANGE), P (J_TS,J_TS2,U2); BQ4050 on P (RT1,U1); BQ77207 on P (U2); BQ7720700 on P (U2); PRF15BB103RB6RC on P (RT1); SCF9550-30-05 on P (F2)
    asserted (7): P U2 value has 'BQ7720700' (netlist: 'BQ7720700DSSR: second-level cell OV 4.325 V / UV 2.25 V / op'); P F2 value has 'SCF9550' (netlist: 'SCF9550-30-05 self-control fuse (Eaton, 30 A, 4-5 cells): 1 '); P JP1 present; P RT1 value has 'PRF15BB103RB6RC' (netlist: 'PRF15BB103RB6RC chip PTC 10k, 4.7M at 130 C (Murata): the BQ'); gen_sch_p.py lines 243 to 243 at 45bde541 hold RT1; gen_sch_p.py lines 288 to 288 at 45bde541 hold F2; gen_sch_p.py lines 414 to 502 at 45bde541 hold JP1
pcb_decisions.yaml#40:L896:field:outcome:s4 [c1269c680b] TRUE
    It is not laid out: the committed board P layout (P4) predates the schematic and is re-placed and re-routed at board P's next phase, and BAT-001 on board P stays open until that copper exists and pack_protection judges board P as generated (S-45).
    judgement: the committed layout predates the schematic
    names looked up: 0 parts, 0 nets
    asserted (1): P U2 value has 'BQ7720700' (netlist: 'BQ7720700DSSR: second-level cell OV 4.325 V / UV 2.25 V / op')
pcb_decisions.yaml#40:L896:field:reversed_by:s1 [b7bc3415b2] TRUE
    reopen this decision and take the second level, the chemical fuse and the PTC element out of board P's schematic (gen_sch_p.py), which carries them since faf8c981; no board P layout carries them yet
    judgement: gen_sch_p.py carries them; no layout does
    names looked up: 0 parts, 0 nets
    asserted (4): P U2 value has 'BQ7720700' (netlist: 'BQ7720700DSSR: second-level cell OV 4.325 V / UV 2.25 V / op'); P F2 value has 'SCF9550' (netlist: 'SCF9550-30-05 self-control fuse (Eaton, 30 A, 4-5 cells): 1 '); P JP1 present; P RT1 value has 'PRF15BB103RB6RC' (netlist: 'PRF15BB103RB6RC chip PTC 10k, 4.7M at 130 C (Murata): the BQ')
EMCON.md#0a.1:L214:para:s1 [4ea2048570] TRUE
    On 29 September 2026 stream s122 restored `CONOPS.md` to its text at `c5430071`, withdrawing the circuit rewrite of its section 4b and of section 4's EMCON row that set 12 had made (`a46db71b`, `7a9f7b5b`).
    judgement: CONOPS.md is c5430071's file
    names looked up: 0 parts, 0 nets
    asserted (1): v2/docs/CONOPS.md sha256/16 6cb7b241cb84d729 (read: 6cb7b241cb84d729)
EMCON.md#0a.1:L214:para:s2 [44fef7001d] TRUE
    That rewrite, as `7a9f7b5b` committed it, is kept below, read on the committed netlists of integration set 13 (board A `6c40250c47195ebb`, board B `3ef9b8c49a01b728`, board C `c9f7394594201045`, board D `a2d48972d171aad1`).
    judgement: the four netlists read
    names looked up: 0 parts, 0 nets
    asserted (4): board A netlist sha256/16 6c40250c47195ebb (read: 6c40250c47195ebb); board B netlist sha256/16 3ef9b8c49a01b728 (read: 3ef9b8c49a01b728); board C netlist sha256/16 c9f7394594201045 (read: c9f7394594201045); board D netlist sha256/16 a2d48972d171aad1 (read: a2d48972d171aad1)
EMCON.md#0a.1:L214:para:s3 [892ede8107] TRUE
    `v2/docs/records/s122/apply_docs_s122_r2.py` asserted, before writing it, every pin, value and net its rows name on those netlists (its list `EMCON_A`: the 146 pin assignments of `v2/docs/records/int13/apply_conops_4b_set12.py` and the parts that script did not assert, among them `U9`, `R52` and `D23`'s pins, `U214` and `U314`, `U22` to `U24`, the source of `LIME_HW_EN`, the inputs of `U540` to `U542` and `U547` to `U550`, and the supplies the rows call not gated), and `v2/docs/records/s122/verdicts.py` judges each sentence again.
    judgement: what the round 2 script asserted before writing (its list EMCON_A, 497 assertions in its run with the edits' own); the parts it names
    names looked up: 11 parts, 1 nets
    asserted (19): C U9 value has '74LVC1G17' (netlist: '74LVC1G17 Schmitt-trigger non-inverting buffer (Diodes 74LVC'); C U9.2 on TX_INHIBIT_n (netlist: TX_INHIBIT_n); C U9.4 on EMCON_HW_DRV (netlist: EMCON_HW_DRV); C U9.5 on +3V3 (netlist: +3V3); C R52 value has '330R' (netlist: '330R 1%'); C R52.1 on EMCON_HW_DRV (netlist: EMCON_HW_DRV); C R52.2 on EMCON_HW (netlist: EMCON_HW); C D23 value has 'BAT46W' (netlist: 'BAT46W-7-F Schottky 100V (EMCON_HW clamp to TX_INHIBIT_n, D4'); C D23.1 on TX_INHIBIT_n (netlist: TX_INHIBIT_n); C D23.2 on EMCON_HW (netlist: EMCON_HW); B U214.6 on WL_nDIS2 (netlist: WL_nDIS2); B U314.6 on WL_nDIS3 (netlist: WL_nDIS3); B U22.5 on E72_EN (netlist: E72_EN); B U23.3 on LIME_UVLO (netlist: LIME_UVLO); B U24.3 on RB_UVLO (netlist: RB_UVLO); B U102 PWRCTL1 on LIME_HW_EN (netlist: LIME_HW_EN); B U540.1 on ZBA_RXD_H (netlist: ZBA_RXD_H); B U547.1 on SPI3_IO26 (netlist: SPI3_IO26); B F3.2 on VBUS_QMX (netlist: VBUS_QMX)
EMCON.md#0a.1:L227:para:s1 [726eb1c25e] TRUE
    "Asserted" means `SW_EMCON` closed: `TX_INHIBIT_n` goes low; on board C `U9` buffers it onto `EMCON_HW` through `R52` (330 Ohm) and `D23` clamps `EMCON_HW` to `TX_INHIBIT_n` (finding D4E-F1); board B inverts `EMCON_HW` once per slot into `EMCON_ON1..3` (high = asserted), each from that module's own 3.3 V (`U112`, `U212`, `U312`); board A gates its PA and HF rails on both lines.
    judgement: the preamble's circuit
    names looked up: 7 parts, 5 nets
    asserted (41): C U9 value has '74LVC1G17' (netlist: '74LVC1G17 Schmitt-trigger non-inverting buffer (Diodes 74LVC'); C U9.2 on TX_INHIBIT_n (netlist: TX_INHIBIT_n); C U9.4 on EMCON_HW_DRV (netlist: EMCON_HW_DRV); C U9.5 on +3V3 (netlist: +3V3); C R52 value has '330R' (netlist: '330R 1%'); C R52.1 on EMCON_HW_DRV (netlist: EMCON_HW_DRV); C R52.2 on EMCON_HW (netlist: EMCON_HW); C D23 value has 'BAT46W' (netlist: 'BAT46W-7-F Schottky 100V (EMCON_HW clamp to TX_INHIBIT_n, D4'); C D23.1 on TX_INHIBIT_n (netlist: TX_INHIBIT_n); C D23.2 on EMCON_HW (netlist: EMCON_HW); B U112 value has 'SN74LVC1G04' (netlist: 'SN74LVC1G04DBVR inverter (2 A 4 Y): EMCON_ON1 = NOT EMCON_HW'); B U112.2 on EMCON_HW (netlist: EMCON_HW); B U112.4 on EMCON_ON1 (netlist: EMCON_ON1); B U112.5 on +3V3_CM1 (netlist: +3V3_CM1); B U212.2 on EMCON_HW (netlist: EMCON_HW); B U212.4 on EMCON_ON2 (netlist: EMCON_ON2); B U212.5 on +3V3_CM2 (netlist: +3V3_CM2); B U312.2 on EMCON_HW (netlist: EMCON_HW); B U312.4 on EMCON_ON3 (netlist: EMCON_ON3); B U312.5 on +3V3_CM3 (netlist: +3V3_CM3); A U35 value has 'SN74AUP1G08' (netlist: 'SN74AUP1G08DBVR AND: PA_TXOK = TX_INHIBIT_n AND EMCON_HW (th'); A U35.1 on TX_INHIBIT_n (netlist: TX_INHIBIT_n); A U35.2 on EMCON_HW (netlist: EMCON_HW); A U35.4 on PA_TXOK (netlist: PA_TXOK); A U35.5 on +3V3_EMCON (netlist: +3V3_EMCON); A U36.1 on PA_TXOK (netlist: PA_TXOK); A U36.2 on PA_HOLD (netlist: PA_HOLD); A U36.4 on PA_EN (netlist: PA_EN); A U36.5 on +3V3_EMCON (netlist: +3V3_EMCON); A U37.1 on TX_INHIBIT_n (netlist: TX_INHIBIT_n); A U37.2 on EMCON_HW (netlist: EMCON_HW); A U37.4 on HF_TXOK (netlist: HF_TXOK); A U37.5 on +3V3_EMCON (netlist: +3V3_EMCON); A U38.1 on HF_TXOK (netlist: HF_TXOK); A U38.2 on HF_HOLD (netlist: HF_HOLD); A U38.4 on HF_EN (netlist: HF_EN); A U38.5 on +3V3_EMCON (netlist: +3V3_EMCON); A U40.6 on PA_HOLD (netlist: PA_HOLD); A U40.1 on PA_SW_EN (netlist: PA_SW_EN); A U40.4 on HF_HOLD (netlist: HF_HOLD); A U40.3 on HF_SW_EN (netlist: HF_SW_EN)
EMCON.md#0a.1:L232:cell:2:s1 [e7f1fe94db] NOT DERIVABLE
    What EMCON removes
    judgement: HELD DOCUMENT: a maker's figure, an analysis, a ruling or a record, not a netlist claim (a table header)
    names looked up: 0 parts, 0 nets
EMCON.md#0a.1:L232:cell:3:s1 [24e19375d5] NOT DERIVABLE
    Receive under EMCON
    judgement: HELD DOCUMENT: a maker's figure, an analysis, a ruling or a record, not a netlist claim (a table header)
    names looked up: 0 parts, 0 nets
EMCON.md#0a.1:L234:cell:1:s1 [3abf66595f] TRUE
    the enable of the eFuse that feeds its USB VBUS, its only supply: `EMCON_HW` AND the hub's port power AND the software enable (`U501`, `U502`)
    judgement: the LimeSDR's gates and eFuse
    names looked up: 2 parts, 1 nets
    asserted (17): B U501 value has 'SN74LVC1G08' (netlist: 'SN74LVC1G08DBVR AND (1 A 2 B 3 GND 4 Y 5 VCC): LimeSDR stage'); B U501.1 on EMCON_HW (netlist: EMCON_HW); B U501.2 on LIME_HW_EN (netlist: LIME_HW_EN); B U501.4 on LIME_EN_A (netlist: LIME_EN_A); B U501.5 on +3V3_DEV (netlist: +3V3_DEV); B U502.1 on LIME_EN_A (netlist: LIME_EN_A); B U502.2 on LIME_SW_EN (netlist: LIME_SW_EN); B U502.4 on LIME_EN (netlist: LIME_EN); B U102 PWRCTL1 on LIME_HW_EN (netlist: LIME_HW_EN); B U6 IO0_1 on LIME_SW_EN (netlist: LIME_SW_EN); B R529.1 on LIME_EN (netlist: LIME_EN); B R529.2 on LIME_UVLO (netlist: LIME_UVLO); B U23 value has 'TPS259631' (netlist: 'TPS259631DDAR eFuse +5V_DEV -> +5V_LIME (301R 1% (ILM: 3.0 A'); B U23.3 on LIME_UVLO (netlist: LIME_UVLO); B U23.4 on +5V_DEV (netlist: +5V_DEV); B U23.5 on +5V_LIME (netlist: +5V_LIME); B net +5V_LIME holds J_LIME (missing: none)
EMCON.md#0a.1:L235:cell:1:s1 [1e5189646e] TRUE
    the enable of the eFuse that feeds its external supply pin, the only supply wired (`RB_EN` = `EMCON_HW` AND `RB_SW_EN`, `U503`); its ENABLE, forced low in hardware since stream w4b: `U536` drives it as `EMCON_HW` AND the firmware's request `RB_SW_IEN`, through `R532` since set 12, and `U543`, a TPS3808G30 supervisor powered from `+5V_DEV` that watches `+3V3_DEV`, holds it low below 2.79 V; since set 12 the module's RXD and P_EN inputs pass only while `RB_GO` = `RB_IEN` AND its `I_BTD` status (`U537`, `U538`, `U539`; sections 4c and 4d)
    judgement: the RockBLOCK's gates
    names looked up: 7 parts, 8 nets
    part numbers (1): TPS3808G30 on B (U221,U543)
    asserted (40): B U503.1 on EMCON_HW (netlist: EMCON_HW); B U503.2 on RB_SW_EN (netlist: RB_SW_EN); B U503.4 on RB_EN (netlist: RB_EN); B U503.5 on +3V3_DEV (netlist: +3V3_DEV); B R530.1 on RB_EN (netlist: RB_EN); B R530.2 on RB_UVLO (netlist: RB_UVLO); B U24 value has 'TPS259631' (netlist: 'TPS259631DDAR eFuse +5V_DEV -> +5V_RB (301R 1% (ILM: 3.0 A))'); B U24.3 on RB_UVLO (netlist: RB_UVLO); B U24.4 on +5V_DEV (netlist: +5V_DEV); B U24.5 on +5V_RB (netlist: +5V_RB); B J_RB9704.15 on +5V_RB (netlist: +5V_RB); B U6 IO0_2 on RB_SW_EN (netlist: RB_SW_EN); B U536 value has 'SN74LVC1G08' (netlist: 'SN74LVC1G08DBVR AND (1 A 2 B 3 GND 4 Y 5 VCC): RockBLOCK ENA'); B U536.1 on EMCON_HW (netlist: EMCON_HW); B U536.2 on RB_SW_IEN (netlist: RB_SW_IEN); B U536.4 on RB_IEN_DRV (netlist: RB_IEN_DRV); B U536.5 on +3V3_DEV (netlist: +3V3_DEV); B U6 IO1_6 on RB_SW_IEN (netlist: RB_SW_IEN); B R532 value has '2.7k' (netlist: '2.7k 1%'); B R532.1 on RB_IEN_DRV (netlist: RB_IEN_DRV); B R532.2 on RB_IEN (netlist: RB_IEN); B R527.1 on RB_IEN (netlist: RB_IEN); B R527.2 on GND (netlist: GND); B J_RB9704.3 on RB_IEN (netlist: RB_IEN); B U543 value has 'TPS3808G30' (netlist: 'TPS3808G30DBVR supervisor on +5V_DEV watching +3V3_DEV: hold'); B U543.1 on RB_IEN (netlist: RB_IEN); B U543.5 on +3V3_DEV (netlist: +3V3_DEV); B U543.6 on +5V_DEV (netlist: +5V_DEV); B U537.1 on RB_IEN (netlist: RB_IEN); B U537.2 on RB_STATUS (netlist: RB_STATUS); B U537.4 on RB_GO (netlist: RB_GO); B J_RB9704.7 on RB_STATUS (netlist: RB_STATUS); B U538.1 on RB_RXD_H (netlist: RB_RXD_H); B U538.2 on RB_GO (netlist: RB_GO); B U538.4 on RB_RXD (netlist: RB_RXD); B J_RB9704.14 on RB_RXD (netlist: RB_RXD); B U539.1 on RB_CTRL_H (netlist: RB_CTRL_H); B U539.2 on RB_GO (netlist: RB_GO); B U539.4 on RB_CTRL (netlist: RB_CTRL); B J_RB9704.6 on RB_CTRL (netlist: RB_CTRL)
EMCON.md#0a.1:L235:cell:2:s1 [9620597168] NOT DERIVABLE
    power at that pin, and the ENABLE; the module's own two 10 F supercapacitors (about 16 J) keep it powered after the supply gate opens, and what it does when ENABLE falls is in no held document, so its local chain stays OPEN (sections 4.4 and 4c)
    judgement: HELD DOCUMENT: a maker's figure, an analysis, a ruling or a record, not a netlist claim (the module's supercapacitors and ENABLE response)
    names looked up: 0 parts, 0 nets
EMCON.md#0a.1:L236:cell:0:s1 [e2d0db85e8] TRUE
    E22-900M30S LoRa
    judgement: B16's E22-900M30S
    names looked up: 0 parts, 0 nets
    part numbers (1): E22-900M30S on B (U12)
    asserted (1): B U12 value has 'E22-900M30S' (netlist: 'Ebyte E22-900M30S 1 W LoRa (SX1262) on S3 SPI0 CE1: TXEN GPI')
EMCON.md#0a.1:L236:cell:1:s1 [3464fb191d] TRUE
    the enable of the load switch that feeds its VCC pins (`E22_EN` = `EMCON_HW` AND `LORA_ON`, `U504`); since set 12 its TXEN, RXEN, NRST and SPI inputs pass slot 3's lines only while that enable is high: `LORA_GO`, a copy of `E22_EN` on slot 3's own 3.3 V (`U544`), gates `LORA_TXEN` into TXEN (`U546`), `LORA_RXEN` into RXEN (`U545`) and NRST, MOSI, SCK and NSS (`U547` to `U550`), TXEN and RXEN held low by 100 k (`R542`, `R543`; section 4d)
    judgement: the E22's gates
    names looked up: 8 parts, 6 nets
    asserted (32): B U504 value has 'SN74LVC1G08' (netlist: 'SN74LVC1G08DBVR AND (1 A 2 B 3 GND 4 Y 5 VCC): LoRa, EMCON A'); B U504.1 on EMCON_HW (netlist: EMCON_HW); B U504.2 on LORA_ON (netlist: LORA_ON); B U504.4 on E22_EN (netlist: E22_EN); B U6 IO0_3 on LORA_ON (netlist: LORA_ON); B R531.1 on E22_EN (netlist: E22_EN); B R531.2 on E22_UVLO (netlist: E22_UVLO); B U21 value has 'TPS22810' (netlist: 'TPS22810DRV'); B U21.5 on E22_UVLO (netlist: E22_UVLO); B U21.1 on +5V_LORA (netlist: +5V_LORA); B U12.9 on +5V_LORA (netlist: +5V_LORA); B U12.10 on +5V_LORA (netlist: +5V_LORA); B U544.2 on E22_EN (netlist: E22_EN); B U544.4 on LORA_GO (netlist: LORA_GO); B U544.5 on +3V3_CM3 (netlist: +3V3_CM3); B U545.1 on LORA_RXEN (netlist: LORA_RXEN); B U545.2 on LORA_GO (netlist: LORA_GO); B U545.4 on LORA_RXEN_G (netlist: LORA_RXEN_G); B U546.1 on LORA_TXEN (netlist: LORA_TXEN); B U546.2 on LORA_GO (netlist: LORA_GO); B U546.4 on LORA_TXEN_G (netlist: LORA_TXEN_G); B U547.2 on LORA_GO (netlist: LORA_GO); B U548.2 on LORA_GO (netlist: LORA_GO); B U549.2 on LORA_GO (netlist: LORA_GO); B U550.2 on LORA_GO (netlist: LORA_GO); B U12.6 on LORA_RXEN_G (netlist: LORA_RXEN_G); B U12.7 on LORA_TXEN_G (netlist: LORA_TXEN_G); B R542 value has '100k' (netlist: '100k 1%'); B R542.1 on LORA_TXEN_G (netlist: LORA_TXEN_G); B R542.2 on GND (netlist: GND); B R543.1 on LORA_RXEN_G (netlist: LORA_RXEN_G); B R543.2 on GND (netlist: GND)
EMCON.md#0a.1:L237:cell:0:s1 [89644c8c06] TRUE
    Two E72 CC2652P (Zigbee, Thread)
    judgement: B16's two E72 (CC2652P)
    names looked up: 0 parts, 0 nets
    part numbers (1): CC2652P on B (J_ZBDBG1,J_ZBDBG2,U13,U14)
    asserted (2): B U13 value has 'E72-2G4M20S1E CC2652P' (netlist: 'Ebyte E72-2G4M20S1E CC2652P (Zigbee coordinator): 7 DIO_12 R'); B U14 value has 'E72-2G4M20S1E CC2652P' (netlist: 'Ebyte E72-2G4M20S1E CC2652P (OpenThread RCP for Matter): 7 D')
EMCON.md#0a.1:L237:cell:1:s1 [ee4a0bea78] TRUE
    the enable of the load switch that feeds both (`E72_EN` = `EMCON_HW` AND `ZB_ON`, `U505`, into `U22`); since set 12 the host's receive, reset and boot-select lines reach them only through open-drain buffers (`U540` to `U542`), the receive lines pulled up to the modules' own switched rail `+3V3_ZB` (`R536`, `R537`; section 4d)
    judgement: the E72s' gates
    names looked up: 6 parts, 4 nets
    asserted (18): B U505 value has 'SN74LVC1G08' (netlist: 'SN74LVC1G08DBVR AND (1 A 2 B 3 GND 4 Y 5 VCC): E72 radios, E'); B U505.1 on EMCON_HW (netlist: EMCON_HW); B U505.2 on ZB_ON (netlist: ZB_ON); B U505.4 on E72_EN (netlist: E72_EN); B U6 IO0_4 on ZB_ON (netlist: ZB_ON); B U22 value has 'TPS22810' (netlist: 'TPS22810DRV'); B U22.5 on E72_EN (netlist: E72_EN); B U22.1 on +3V3_ZB (netlist: +3V3_ZB); B U540 value has 'SN74LVC2G07' (netlist: 'SN74LVC2G07DBVR dual open-drain buffer (1 1A 6 1Y, 3 2A 4 2Y'); B U541 value has 'SN74LVC2G07' (netlist: 'SN74LVC2G07DBVR dual open-drain buffer (1 1A 6 1Y, 3 2A 4 2Y'); B U542 value has 'SN74LVC2G07' (netlist: 'SN74LVC2G07DBVR dual open-drain buffer (1 1A 6 1Y, 3 2A 4 2Y'); B U540.6 on ZBA_RXD (netlist: ZBA_RXD); B U540.4 on ZBA_RST_n (netlist: ZBA_RST_n); B U542.6 on ZBB_RXD (netlist: ZBB_RXD); B U542.4 on ZBB_RST_n (netlist: ZBB_RST_n); B U541.6 on ZBA_BSL (netlist: ZBA_BSL); B U541.4 on ZBB_BSL (netlist: ZBB_BSL); B net +3V3_ZB holds R536,R537,U22 (missing: none)
EMCON.md#0a.1:L238:cell:0:s1 [c1b59fa740] TRUE
    RM520N-GL 5G
    judgement: the RM520N-GL on board B's key-B socket
    names looked up: 0 parts, 0 nets
    part numbers (1): RM520N-GL on B (J_M2C2)
    asserted (1): B J_M2C2 value has 'RM520N-GL' (netlist: 'M.2 B-key 3052 socket, TE 2199119-3, M2.5 standoff: Quectel ')
EMCON.md#0a.1:L238:cell:1:s1 [0cad4d90e9] TRUE
    the enable of its 3.3 V buck (`U203`): `S2A_EN` = `EMCON_HW` AND `PCIE_PWR_EN2`, driven by `U216` from slot 2's own 5 V since stream w4b; its FULL_CARD_POWER_OFF# pulled low by `U220` from `EMCON_ON2`, and held low by `U221`, a TPS3808G30 on the buck's output, through `U554` while that rail comes up (finding D4E-F2, set 12); its W_DISABLE1# pulled low by `U215` from `EMCON_ON2`; its socket rail discharged through 15 Ohm (`Q212`, `R295`)
    judgement: the 5G module's gates
    names looked up: 8 parts, 4 nets
    part numbers (1): TPS3808G30 on B (U221,U543)
    asserted (24): B U203 value has 'AP64500' (netlist: 'AP64500SP-13 5 A buck, 3.3 V rail +3V3_S2A'); B U203.3 on S2A_EN (netlist: S2A_EN); B U216 value has 'SN74LV1T08' (netlist: 'SN74LV1T08DBVR AND, 5 V supply, TTL-level inputs (1 A 2 B 3 '); B U216.1 on EMCON_HW (netlist: EMCON_HW); B U216.2 on PCIE_PWR_EN2 (netlist: PCIE_PWR_EN2); B U216.4 on S2A_EN (netlist: S2A_EN); B U216.5 on +5V_S2 (netlist: +5V_S2); B U220 value has 'SN74LVC2G06' (netlist: 'SN74LVC2G06DBVR dual open-drain inverter (1 1A 6 1Y, 3 2A 4 '); B U220.1 on EMCON_ON2 (netlist: EMCON_ON2); B U220.6 on 5G_PWROFF_n (netlist: 5G_PWROFF_n); B U221 value has 'TPS3808G30' (netlist: 'TPS3808G30DBVR supervisor on +3V3_S2A: holds FULL_CARD_POWER'); B U221.1 on 5G_TPR_n (netlist: 5G_TPR_n); B U221.5 on +3V3_S2A (netlist: +3V3_S2A); B U554.1 on 5G_TPR_n (netlist: 5G_TPR_n); B U554.6 on 5G_PWROFF_n (netlist: 5G_PWROFF_n); B U215 value has 'SN74LVC2G06' (netlist: 'SN74LVC2G06DBVR dual open-drain inverter (1 1A 6 1Y, 3 2A 4 '); B U215.1 on EMCON_ON2 (netlist: EMCON_ON2); B U215.6 on 5G_W_DIS_n (netlist: 5G_W_DIS_n); B U215.3 on GND (netlist: GND); B Q212.1 on EMCON_ON2 (netlist: EMCON_ON2); B Q212.3 on 5G_DCHG (netlist: 5G_DCHG); B R295 value has '15R' (netlist: '15R 1% 2512 1W (EMCON discharge of +3V3_M2C2, SD-EMC-1)'); B R295.1 on +3V3_M2C2 (netlist: +3V3_M2C2); B R295.2 on 5G_DCHG (netlist: 5G_DCHG)
EMCON.md#0a.1:L239:cell:0:s1 [0cca8b2ab1] TRUE
    Two AW7915-AED WiFi link cards
    judgement: a row label: the two E-key card sockets
    names looked up: 0 parts, 0 nets
    part numbers (1): AW7915-AED on B (J_M2C1,J_M2C3)
    asserted (1): board B: 2 parts whose value holds 'M.2 E-key' (read: 2, J_M2C1,J_M2C3)
EMCON.md#0a.1:L239:cell:1:s1 [4f988b639f] TRUE
    the enable of each card's 3.3 V buck: `S1A_EN` and `S3A_EN` = `EMCON_HW` AND the slot's `PCIE_PWR_EN`, driven by `U116` and `U316` from the slot's own 5 V since stream w4b; each card's W_DISABLE1#, pulled low by `U115` and `U315` from `EMCON_ON1` and `EMCON_ON3`
    judgement: the WiFi cards' gates
    names looked up: 4 parts, 5 nets
    asserted (17): B U116 value has 'SN74LV1T08' (netlist: 'SN74LV1T08DBVR AND, 5 V supply, TTL-level inputs (1 A 2 B 3 '); B U116.1 on EMCON_HW (netlist: EMCON_HW); B U116.2 on PCIE_PWR_EN1 (netlist: PCIE_PWR_EN1); B U116.4 on S1A_EN (netlist: S1A_EN); B U116.5 on +5V_S1 (netlist: +5V_S1); B U316.1 on EMCON_HW (netlist: EMCON_HW); B U316.2 on PCIE_PWR_EN3 (netlist: PCIE_PWR_EN3); B U316.4 on S3A_EN (netlist: S3A_EN); B U316.5 on +5V_S3 (netlist: +5V_S3); B U103.3 on S1A_EN (netlist: S1A_EN); B U303.3 on S3A_EN (netlist: S3A_EN); B U115.1 on EMCON_ON1 (netlist: EMCON_ON1); B U115.6 on WIFI_W_DIS_n (netlist: WIFI_W_DIS_n); B U115.3 on GND (netlist: GND); B U315.1 on EMCON_ON3 (netlist: EMCON_ON3); B U315.6 on WIFI2_W_DIS_n (netlist: WIFI2_W_DIS_n); B U315.3 on GND (netlist: GND)
EMCON.md#0a.1:L240:cell:0:s1 [5990559fb8] TRUE
    SA868 VHF with the 30 W PA
    judgement: D8's SA868 and the PA's leads
    names looked up: 0 parts, 0 nets
    part numbers (1): SA868 on D (U13,U2)
    asserted (2): board D has a part whose value holds 'SA868' (U13,U2); board D has a part whose value holds 'RA30H1317M1' (J_PAIN,J_PAOUT,J_VGG)
EMCON.md#0a.1:L240:cell:1:s1 [e0170ac9ad] TRUE
    the KEY gate on board D (`KEY` = `PTT_ANY` AND `TX_INHIBIT_n`, `U12`) and, through it, the PA's keying (`PA_KEY` = `KEY` AND `PA_EN`, `U14`); the PA rail on board A (`PA_EN` = `TX_INHIBIT_n` AND `EMCON_HW` AND the software hold `PA_HOLD`, `U35` and `U36` on their own supply `+3V3_EMCON`; section 4a); the exciter's supply is not gated and the resting relay joins antenna to exciter
    judgement: the SA868 and PA gates and the exciter's ungated supply
    names looked up: 4 parts, 8 nets
    asserted (33): D U12 value has '74LVC1G08' (netlist: "74LVC1G08 AND: KEY = PTT_ANY AND TX_INHIBIT_n (the panel's h"); D U12.1 on PTT_ANY (netlist: PTT_ANY); D U12.2 on TX_INHIBIT_n (netlist: TX_INHIBIT_n); D U12.4 on KEY (netlist: KEY); D U14.1 on KEY (netlist: KEY); D U14.2 on PA_EN (netlist: PA_EN); D U14.4 on PA_KEY (netlist: PA_KEY); A U35 value has 'SN74AUP1G08' (netlist: 'SN74AUP1G08DBVR AND: PA_TXOK = TX_INHIBIT_n AND EMCON_HW (th'); A U35.1 on TX_INHIBIT_n (netlist: TX_INHIBIT_n); A U35.2 on EMCON_HW (netlist: EMCON_HW); A U35.4 on PA_TXOK (netlist: PA_TXOK); A U35.5 on +3V3_EMCON (netlist: +3V3_EMCON); A U36.1 on PA_TXOK (netlist: PA_TXOK); A U36.2 on PA_HOLD (netlist: PA_HOLD); A U36.4 on PA_EN (netlist: PA_EN); A U36.5 on +3V3_EMCON (netlist: +3V3_EMCON); A U37.1 on TX_INHIBIT_n (netlist: TX_INHIBIT_n); A U37.2 on EMCON_HW (netlist: EMCON_HW); A U37.4 on HF_TXOK (netlist: HF_TXOK); A U37.5 on +3V3_EMCON (netlist: +3V3_EMCON); A U38.1 on HF_TXOK (netlist: HF_TXOK); A U38.2 on HF_HOLD (netlist: HF_HOLD); A U38.4 on HF_EN (netlist: HF_EN); A U38.5 on +3V3_EMCON (netlist: +3V3_EMCON); A U40.6 on PA_HOLD (netlist: PA_HOLD); A U40.1 on PA_SW_EN (netlist: PA_SW_EN); A U40.4 on HF_HOLD (netlist: HF_HOLD); A U40.3 on HF_SW_EN (netlist: HF_SW_EN); D U2.8 on +5V_SA (netlist: +5V_SA); D FB1.1 on +5V_TX (netlist: +5V_TX); D U21.1 on +5V_TX (netlist: +5V_TX); D U21.5 on TXSUP_EN (netlist: TXSUP_EN); D U15.4 on PA_KEY (netlist: PA_KEY)
EMCON.md#0a.1:L241:cell:1:s1 [58a2b95587] TRUE
    the enable of the converter that feeds its DC input (`HF_EN` = `TX_INHIBIT_n` AND `EMCON_HW` AND the software hold `HF_HOLD`, `U37` and `U38` on `+3V3_EMCON`); its USB supply is not gated
    judgement: the HF gates; J_QMX's VBUS is the hub port's, ungated
    names looked up: 2 parts, 5 nets
    asserted (17): A U37.1 on TX_INHIBIT_n (netlist: TX_INHIBIT_n); A U37.2 on EMCON_HW (netlist: EMCON_HW); A U37.4 on HF_TXOK (netlist: HF_TXOK); A U37.5 on +3V3_EMCON (netlist: +3V3_EMCON); A U38.1 on HF_TXOK (netlist: HF_TXOK); A U38.2 on HF_HOLD (netlist: HF_HOLD); A U38.4 on HF_EN (netlist: HF_EN); A U38.5 on +3V3_EMCON (netlist: +3V3_EMCON); A U40.6 on PA_HOLD (netlist: PA_HOLD); A U40.1 on PA_SW_EN (netlist: PA_SW_EN); A U40.4 on HF_HOLD (netlist: HF_HOLD); A U40.3 on HF_SW_EN (netlist: HF_SW_EN); A R124.1 on HF_EN (netlist: HF_EN); A R124.2 on HF_UVLO (netlist: HF_UVLO); A U15.1 on HF_UVLO (netlist: HF_UVLO); A U15 value has '+12V_HF' (netlist: 'LM5176PWPR buck-boost controller, +12V_HF from VBAT'); B J_QMX.1 on VBUS_QMX (netlist: VBUS_QMX)
EMCON.md#0a.1:L242:cell:1:s1 [674fed0ea8] TRUE
    each module's WL_nDisable and BT_nDisable, only ever pulled low, by open-drain outputs run from the module's own 3.3 V: `U{s}13` from `EMCON_ON{s}` and `U{s}14` from the software request
    judgement: the module radios' disables
    names looked up: 6 parts, 0 nets
    asserted (20): B U113.1 on EMCON_ON1 (netlist: EMCON_ON1); B U113.3 on EMCON_ON1 (netlist: EMCON_ON1); B U113.6 on WL_nDIS1 (netlist: WL_nDIS1); B U113.4 on BT_nDIS1 (netlist: BT_nDIS1); B U113.5 on +3V3_CM1 (netlist: +3V3_CM1); B U213.1 on EMCON_ON2 (netlist: EMCON_ON2); B U213.6 on WL_nDIS2 (netlist: WL_nDIS2); B U213.5 on +3V3_CM2 (netlist: +3V3_CM2); B U313.1 on EMCON_ON3 (netlist: EMCON_ON3); B U313.6 on WL_nDIS3 (netlist: WL_nDIS3); B U313.5 on +3V3_CM3 (netlist: +3V3_CM3); B U114.1 on WL_nDIS1_OFF (netlist: WL_nDIS1_OFF); B U114.6 on WL_nDIS1 (netlist: WL_nDIS1); B U114.4 on BT_nDIS1 (netlist: BT_nDIS1); B U214.6 on WL_nDIS2 (netlist: WL_nDIS2); B U214.4 on BT_nDIS2 (netlist: BT_nDIS2); B U314.6 on WL_nDIS3 (netlist: WL_nDIS3); B U314.4 on BT_nDIS3 (netlist: BT_nDIS3); B U6 IO1_0 on WL_nDIS1_OFF (netlist: WL_nDIS1_OFF); B U6 IO1_3 on BT_nDIS1_OFF (netlist: BT_nDIS1_OFF)
EMCON.md#0a.1:L243:cell:0:s1 [24f6f52515] TRUE
    LG290P GNSS, DCF77, lightning sensor
    judgement: B16's LG290P; the DCF77 and lightning headers on E6
    names looked up: 0 parts, 0 nets
    part numbers (1): LG290P on B (BT1,J_GNSS2,U11)
    asserted (3): B U11 value has 'LG290P' (netlist: 'Quectel LG290P03AAMD GNSS RTK module: UART1 to the bridge, 1'); E J_DCF present; E J_LTG present
EMCON.md#0a.1:L245:para:s1 [85a57b63a6] TRUE
    **Section 4's EMCON row of `CONOPS.md`, as generated (the cells `7a9f7b5b` wrote).** What is off or held: radios dark (owner ruling D-05), as section 4b: power removed from the SDR, the RockBLOCK (its ENABLE forced low as well), the LoRa module, both E72, the HF unit and the two WiFi link cards; the compute modules' own WiFi and Bluetooth disabled through open drains; the 5G module's supply removed by hardware with its disable pins pulled low at the same moment (since board B's round 8, section 4b); the PA rail and keying off; software holds every send, an SOS included.
    judgement: the EMCON row's removals as generated
    names looked up: 0 parts, 0 nets
    asserted (66): B U501 value has 'SN74LVC1G08' (netlist: 'SN74LVC1G08DBVR AND (1 A 2 B 3 GND 4 Y 5 VCC): LimeSDR stage'); B U501.1 on EMCON_HW (netlist: EMCON_HW); B U501.2 on LIME_HW_EN (netlist: LIME_HW_EN); B U501.4 on LIME_EN_A (netlist: LIME_EN_A); B U501.5 on +3V3_DEV (netlist: +3V3_DEV); B U503.1 on EMCON_HW (netlist: EMCON_HW); B U503.2 on RB_SW_EN (netlist: RB_SW_EN); B U503.4 on RB_EN (netlist: RB_EN); B U503.5 on +3V3_DEV (netlist: +3V3_DEV); B R530.1 on RB_EN (netlist: RB_EN); B R530.2 on RB_UVLO (netlist: RB_UVLO); B U24 value has 'TPS259631' (netlist: 'TPS259631DDAR eFuse +5V_DEV -> +5V_RB (301R 1% (ILM: 3.0 A))'); B U24.3 on RB_UVLO (netlist: RB_UVLO); B U24.4 on +5V_DEV (netlist: +5V_DEV); B U24.5 on +5V_RB (netlist: +5V_RB); B J_RB9704.15 on +5V_RB (netlist: +5V_RB); B U6 IO0_2 on RB_SW_EN (netlist: RB_SW_EN); B U504 value has 'SN74LVC1G08' (netlist: 'SN74LVC1G08DBVR AND (1 A 2 B 3 GND 4 Y 5 VCC): LoRa, EMCON A'); B U504.1 on EMCON_HW (netlist: EMCON_HW); B U504.2 on LORA_ON (netlist: LORA_ON); B U504.4 on E22_EN (netlist: E22_EN); B U6 IO0_3 on LORA_ON (netlist: LORA_ON); B R531.1 on E22_EN (netlist: E22_EN); B U505 value has 'SN74LVC1G08' (netlist: 'SN74LVC1G08DBVR AND (1 A 2 B 3 GND 4 Y 5 VCC): E72 radios, E'); B U505.1 on EMCON_HW (netlist: EMCON_HW); B U505.2 on ZB_ON (netlist: ZB_ON); B U505.4 on E72_EN (netlist: E72_EN); B U6 IO0_4 on ZB_ON (netlist: ZB_ON); B U22 value has 'TPS22810' (netlist: 'TPS22810DRV'); B U116 value has 'SN74LV1T08' (netlist: 'SN74LV1T08DBVR AND, 5 V supply, TTL-level inputs (1 A 2 B 3 '); B U116.1 on EMCON_HW (netlist: EMCON_HW); B U116.2 on PCIE_PWR_EN1 (netlist: PCIE_PWR_EN1); B U116.4 on S1A_EN (netlist: S1A_EN); B U116.5 on +5V_S1 (netlist: +5V_S1); B U316.1 on EMCON_HW (netlist: EMCON_HW); B U113.1 on EMCON_ON1 (netlist: EMCON_ON1); B U113.3 on EMCON_ON1 (netlist: EMCON_ON1); B U113.6 on WL_nDIS1 (netlist: WL_nDIS1); B U113.4 on BT_nDIS1 (netlist: BT_nDIS1); B U113.5 on +3V3_CM1 (netlist: +3V3_CM1); B U203 value has 'AP64500' (netlist: 'AP64500SP-13 5 A buck, 3.3 V rail +3V3_S2A'); B U203.3 on S2A_EN (netlist: S2A_EN); B U216 value has 'SN74LV1T08' (netlist: 'SN74LV1T08DBVR AND, 5 V supply, TTL-level inputs (1 A 2 B 3 '); B U216.1 on EMCON_HW (netlist: EMCON_HW); B U216.2 on PCIE_PWR_EN2 (netlist: PCIE_PWR_EN2); B U216.4 on S2A_EN (netlist: S2A_EN); B U216.5 on +5V_S2 (netlist: +5V_S2); B U220 value has 'SN74LVC2G06' (netlist: 'SN74LVC2G06DBVR dual open-drain inverter (1 1A 6 1Y, 3 2A 4 '); A U35 value has 'SN74AUP1G08' (netlist: 'SN74AUP1G08DBVR AND: PA_TXOK = TX_INHIBIT_n AND EMCON_HW (th'); A U35.1 on TX_INHIBIT_n (netlist: TX_INHIBIT_n); A U35.2 on EMCON_HW (netlist: EMCON_HW); A U35.4 on PA_TXOK (netlist: PA_TXOK); A U35.5 on +3V3_EMCON (netlist: +3V3_EMCON); A U36.1 on PA_TXOK (netlist: PA_TXOK); A U36.2 on PA_HOLD (netlist: PA_HOLD); A U36.4 on PA_EN (netlist: PA_EN); A U36.5 on +3V3_EMCON (netlist: +3V3_EMCON); A U37.1 on TX_INHIBIT_n (netlist: TX_INHIBIT_n); D U12 value has '74LVC1G08' (netlist: "74LVC1G08 AND: KEY = PTT_ANY AND TX_INHIBIT_n (the panel's h"); D U12.1 on PTT_ANY (netlist: PTT_ANY); D U12.2 on TX_INHIBIT_n (netlist: TX_INHIBIT_n); D U12.4 on KEY (netlist: KEY); D U14.1 on KEY (netlist: KEY); D U14.2 on PA_EN (netlist: PA_EN); D U14.4 on PA_KEY (netlist: PA_KEY); board B: 2 parts whose value holds 'M.2 E-key' (read: 2, J_M2C1,J_M2C3)
EMCON.md#0a.1:L245:para:s2 [ee2e5858d0] TRUE
    Hardware or software: HW for the gated rails, the module radio disables, the RockBLOCK's ENABLE and the VHF keying; the RockBLOCK stays powered on its own stored energy after its supply gate opens, and what it does when its ENABLE falls is in no held document (sections 4.4 and 4c); SW hold on top.
    judgement: the hardware paths named; the module's behaviour is a held-document item, said so
    names looked up: 0 parts, 0 nets
    asserted (27): B U503.1 on EMCON_HW (netlist: EMCON_HW); B U503.2 on RB_SW_EN (netlist: RB_SW_EN); B U503.4 on RB_EN (netlist: RB_EN); B U503.5 on +3V3_DEV (netlist: +3V3_DEV); B R530.1 on RB_EN (netlist: RB_EN); B R530.2 on RB_UVLO (netlist: RB_UVLO); B U24 value has 'TPS259631' (netlist: 'TPS259631DDAR eFuse +5V_DEV -> +5V_RB (301R 1% (ILM: 3.0 A))'); B U24.3 on RB_UVLO (netlist: RB_UVLO); B U24.4 on +5V_DEV (netlist: +5V_DEV); B U24.5 on +5V_RB (netlist: +5V_RB); B J_RB9704.15 on +5V_RB (netlist: +5V_RB); B U6 IO0_2 on RB_SW_EN (netlist: RB_SW_EN); B U536 value has 'SN74LVC1G08' (netlist: 'SN74LVC1G08DBVR AND (1 A 2 B 3 GND 4 Y 5 VCC): RockBLOCK ENA'); B U536.1 on EMCON_HW (netlist: EMCON_HW); B U536.2 on RB_SW_IEN (netlist: RB_SW_IEN); B U536.4 on RB_IEN_DRV (netlist: RB_IEN_DRV); B U536.5 on +3V3_DEV (netlist: +3V3_DEV); B U6 IO1_6 on RB_SW_IEN (netlist: RB_SW_IEN); B R532 value has '2.7k' (netlist: '2.7k 1%'); B R532.1 on RB_IEN_DRV (netlist: RB_IEN_DRV); D U12 value has '74LVC1G08' (netlist: "74LVC1G08 AND: KEY = PTT_ANY AND TX_INHIBIT_n (the panel's h"); D U12.1 on PTT_ANY (netlist: PTT_ANY); D U12.2 on TX_INHIBIT_n (netlist: TX_INHIBIT_n); D U12.4 on KEY (netlist: KEY); D U14.1 on KEY (netlist: KEY); D U14.2 on PA_EN (netlist: PA_EN); D U14.4 on PA_KEY (netlist: PA_KEY)
EMCON.md#0a.1:L245:para:s3 [7a52f3cfe3] NOT DERIVABLE
    What is owed: session work owed under D-05 (S-01), each with its dependency in section 4d.5: the Iridium 9704's response to its ENABLE (a maker's document, or bench E-04); `U536`'s residual race and the band of `U{s}12` to `U{s}15` (E-11); the SA868's PTT threshold (bench E-01, S-92); row 3's ground on board A in the LM5176's shutdown (S-93); RF-002's walk classes for set 12's new parts (a tools item); the hardware EMCON lamp's plate light guide (S-44; the lamp is drawn on board C since its round 8); every row's radio-side latency (E-01 to E-10, E-12); twelve bench tests, none of them with the kit's own SDR (section 6).
    judgement: HELD DOCUMENT: a maker's figure, an analysis, a ruling or a record, not a netlist claim (the owed list, section 4d.5)
    names looked up: 7 parts, 0 nets; U112 on B (sentence names AC); U115 on B (sentence names AC); U212 on B (sentence names AC); U215 on B (sentence names AC); U312 on B (sentence names AC); U315 on B (sentence names AC); U536 on B (sentence names AC)
    part numbers (2): LM5176 on A (U13,U15,U16,U19); SA868 on D (U13,U2) (the sentence names AC)
    asserted (3): B U536 present; B U112 present; B U115 present
EMCON.md#0a.1:L245:para:s4 [fb71ee863c] TRUE
    Drawn and closed at desk: the 5G module's staged supply removal since board B's round 8 (SD-EMC-1r8), the RockBLOCK's ENABLE in hardware and the enable dividers of `U501` to `U504` since stream w4b, and the back-feed paths into the RockBLOCK, the E22 and the E72 since set 12 (sections 4c and 4d).
    judgement: drawn: the 5G removal, U536 and the dividers, the back-feed gates
    names looked up: 2 parts, 0 nets
    asserted (66): B U203 value has 'AP64500' (netlist: 'AP64500SP-13 5 A buck, 3.3 V rail +3V3_S2A'); B U203.3 on S2A_EN (netlist: S2A_EN); B U216 value has 'SN74LV1T08' (netlist: 'SN74LV1T08DBVR AND, 5 V supply, TTL-level inputs (1 A 2 B 3 '); B U216.1 on EMCON_HW (netlist: EMCON_HW); B U216.2 on PCIE_PWR_EN2 (netlist: PCIE_PWR_EN2); B U216.4 on S2A_EN (netlist: S2A_EN); B U503.1 on EMCON_HW (netlist: EMCON_HW); B U503.2 on RB_SW_EN (netlist: RB_SW_EN); B U503.4 on RB_EN (netlist: RB_EN); B U503.5 on +3V3_DEV (netlist: +3V3_DEV); B R530.1 on RB_EN (netlist: RB_EN); B R530.2 on RB_UVLO (netlist: RB_UVLO); B U24 value has 'TPS259631' (netlist: 'TPS259631DDAR eFuse +5V_DEV -> +5V_RB (301R 1% (ILM: 3.0 A))'); B U24.3 on RB_UVLO (netlist: RB_UVLO); B U24.4 on +5V_DEV (netlist: +5V_DEV); B U24.5 on +5V_RB (netlist: +5V_RB); B J_RB9704.15 on +5V_RB (netlist: +5V_RB); B U6 IO0_2 on RB_SW_EN (netlist: RB_SW_EN); B U536 value has 'SN74LVC1G08' (netlist: 'SN74LVC1G08DBVR AND (1 A 2 B 3 GND 4 Y 5 VCC): RockBLOCK ENA'); B U536.1 on EMCON_HW (netlist: EMCON_HW); B U536.2 on RB_SW_IEN (netlist: RB_SW_IEN); B U536.4 on RB_IEN_DRV (netlist: RB_IEN_DRV); B U536.5 on +3V3_DEV (netlist: +3V3_DEV); B U6 IO1_6 on RB_SW_IEN (netlist: RB_SW_IEN); B R532 value has '2.7k' (netlist: '2.7k 1%'); B R532.1 on RB_IEN_DRV (netlist: RB_IEN_DRV); B R532.2 on RB_IEN (netlist: RB_IEN); B R527.1 on RB_IEN (netlist: RB_IEN); B R527.2 on GND (netlist: GND); B J_RB9704.3 on RB_IEN (netlist: RB_IEN); B U543 value has 'TPS3808G30' (netlist: 'TPS3808G30DBVR supervisor on +5V_DEV watching +3V3_DEV: hold'); B U543.1 on RB_IEN (netlist: RB_IEN); B U543.5 on +3V3_DEV (netlist: +3V3_DEV); B U543.6 on +5V_DEV (netlist: +5V_DEV); B U537.1 on RB_IEN (netlist: RB_IEN); B U537.2 on RB_STATUS (netlist: RB_STATUS); B U537.4 on RB_GO (netlist: RB_GO); B J_RB9704.7 on RB_STATUS (netlist: RB_STATUS); B U538.1 on RB_RXD_H (netlist: RB_RXD_H); B U538.2 on RB_GO (netlist: RB_GO); B U538.4 on RB_RXD (netlist: RB_RXD); B J_RB9704.14 on RB_RXD (netlist: RB_RXD); B U539.1 on RB_CTRL_H (netlist: RB_CTRL_H); B U539.2 on RB_GO (netlist: RB_GO); B U539.4 on RB_CTRL (netlist: RB_CTRL); B J_RB9704.6 on RB_CTRL (netlist: RB_CTRL); B R529.2 on LIME_UVLO (netlist: LIME_UVLO); B R531.2 on E22_UVLO (netlist: E22_UVLO); B U544.2 on E22_EN (netlist: E22_EN); B U544.4 on LORA_GO (netlist: LORA_GO); B U544.5 on +3V3_CM3 (netlist: +3V3_CM3); B U545.1 on LORA_RXEN (netlist: LORA_RXEN); B U545.2 on LORA_GO (netlist: LORA_GO); B U545.4 on LORA_RXEN_G (netlist: LORA_RXEN_G); B U546.1 on LORA_TXEN (netlist: LORA_TXEN); B U546.2 on LORA_GO (netlist: LORA_GO); B U540 value has 'SN74LVC2G07' (netlist: 'SN74LVC2G07DBVR dual open-drain buffer (1 1A 6 1Y, 3 2A 4 2Y'); B U541 value has 'SN74LVC2G07' (netlist: 'SN74LVC2G07DBVR dual open-drain buffer (1 1A 6 1Y, 3 2A 4 2Y'); B U542 value has 'SN74LVC2G07' (netlist: 'SN74LVC2G07DBVR dual open-drain buffer (1 1A 6 1Y, 3 2A 4 2Y'); B U540.6 on ZBA_RXD (netlist: ZBA_RXD); B U540.4 on ZBA_RST_n (netlist: ZBA_RST_n); B U542.6 on ZBB_RXD (netlist: ZBB_RXD); B U542.4 on ZBB_RST_n (netlist: ZBB_RST_n); B U541.6 on ZBA_BSL (netlist: ZBA_BSL); B U541.4 on ZBB_BSL (netlist: ZBB_BSL); B net +3V3_ZB holds R536,R537,U22 (missing: none)
DEFINITION-STATUS.md#Current values of CONOPS's circuit passages (stream s122, 29 September 2026):L108:para:s1 [87eae15aa7] NOT DERIVABLE
    A statement of `CONOPS.md` about the circuit, and a figure, a commit, a generator line or an "as generated" remark inside it, is its value when the document was baselined or last reopened.
    judgement: HELD DOCUMENT: a maker's figure, an analysis, a ruling or a record, not a netlist claim (the rule as the status page states it)
    names looked up: 0 parts, 0 nets
DEFINITION-STATUS.md#Current values of CONOPS's circuit passages (stream s122, 29 September 2026):L108:para:s2 [62daee5ea9] TRUE
    Read on the committed netlists of integration set 13: board A `6c40250c47195ebb`, B `3ef9b8c49a01b728`, C `c9f7394594201045`, D `a2d48972d171aad1`, E `2ed95a0e8069ebf8`.
    judgement: the five netlists read
    names looked up: 0 parts, 0 nets
    asserted (5): board A netlist sha256/16 6c40250c47195ebb (read: 6c40250c47195ebb); board B netlist sha256/16 3ef9b8c49a01b728 (read: 3ef9b8c49a01b728); board C netlist sha256/16 c9f7394594201045 (read: c9f7394594201045); board D netlist sha256/16 a2d48972d171aad1 (read: a2d48972d171aad1); board E netlist sha256/16 2ed95a0e8069ebf8 (read: 2ed95a0e8069ebf8)
DEFINITION-STATUS.md#Current values of CONOPS's circuit passages (stream s122, 29 September 2026):L123:cell:1:s1 [5d7d836971] NOT DERIVABLE
    section 4's EMCON row; section 4b's preamble and table
    judgement: HELD DOCUMENT: a maker's figure, an analysis, a ruling or a record, not a netlist claim (a pointer to CONOPS passages)
    names looked up: 0 parts, 0 nets
DEFINITION-STATUS.md#Current values of CONOPS's circuit passages (stream s122, 29 September 2026):L123:cell:2:s1 [e26b51344a] TRUE
    what EMCON drives and removes, radio by radio, as set 12 draws it and set 13 keeps it: the RockBLOCK's ENABLE forced low in hardware (`U536`, `U543`), the back-feed gates of the RockBLOCK, the E22 and the E72 (`U537` to `U553`), the card bucks' enables from `U116`, `U216` and `U316`, and board A's PA and HF gates `U35` to `U38`
    judgement: EMCON as set 13 carries it
    names looked up: 9 parts, 0 nets; U116 on B (sentence names A); U216 on B (sentence names A); U316 on B (sentence names A); U536 on B (sentence names A); U537 on B (sentence names A); U543 on B (sentence names A); U553 on B (sentence names A)
    asserted (50): B U503.1 on EMCON_HW (netlist: EMCON_HW); B U503.2 on RB_SW_EN (netlist: RB_SW_EN); B U503.4 on RB_EN (netlist: RB_EN); B U503.5 on +3V3_DEV (netlist: +3V3_DEV); B R530.1 on RB_EN (netlist: RB_EN); B R530.2 on RB_UVLO (netlist: RB_UVLO); B U24 value has 'TPS259631' (netlist: 'TPS259631DDAR eFuse +5V_DEV -> +5V_RB (301R 1% (ILM: 3.0 A))'); B U24.3 on RB_UVLO (netlist: RB_UVLO); B U24.4 on +5V_DEV (netlist: +5V_DEV); B U24.5 on +5V_RB (netlist: +5V_RB); B J_RB9704.15 on +5V_RB (netlist: +5V_RB); B U6 IO0_2 on RB_SW_EN (netlist: RB_SW_EN); B U536 value has 'SN74LVC1G08' (netlist: 'SN74LVC1G08DBVR AND (1 A 2 B 3 GND 4 Y 5 VCC): RockBLOCK ENA'); B U536.1 on EMCON_HW (netlist: EMCON_HW); B U536.2 on RB_SW_IEN (netlist: RB_SW_IEN); B U536.4 on RB_IEN_DRV (netlist: RB_IEN_DRV); B U536.5 on +3V3_DEV (netlist: +3V3_DEV); B U6 IO1_6 on RB_SW_IEN (netlist: RB_SW_IEN); B R532 value has '2.7k' (netlist: '2.7k 1%'); B R532.1 on RB_IEN_DRV (netlist: RB_IEN_DRV); B U537 present; B U553 present; B U116 value has 'SN74LV1T08' (netlist: 'SN74LV1T08DBVR AND, 5 V supply, TTL-level inputs (1 A 2 B 3 '); B U116.1 on EMCON_HW (netlist: EMCON_HW); B U116.2 on PCIE_PWR_EN1 (netlist: PCIE_PWR_EN1); B U116.4 on S1A_EN (netlist: S1A_EN); B U116.5 on +5V_S1 (netlist: +5V_S1); B U316.1 on EMCON_HW (netlist: EMCON_HW); B U216.4 on S2A_EN (netlist: S2A_EN); A U35 value has 'SN74AUP1G08' (netlist: 'SN74AUP1G08DBVR AND: PA_TXOK = TX_INHIBIT_n AND EMCON_HW (th'); A U35.1 on TX_INHIBIT_n (netlist: TX_INHIBIT_n); A U35.2 on EMCON_HW (netlist: EMCON_HW); A U35.4 on PA_TXOK (netlist: PA_TXOK); A U35.5 on +3V3_EMCON (netlist: +3V3_EMCON); A U36.1 on PA_TXOK (netlist: PA_TXOK); A U36.2 on PA_HOLD (netlist: PA_HOLD); A U36.4 on PA_EN (netlist: PA_EN); A U36.5 on +3V3_EMCON (netlist: +3V3_EMCON); A U37.1 on TX_INHIBIT_n (netlist: TX_INHIBIT_n); A U37.2 on EMCON_HW (netlist: EMCON_HW); A U37.4 on HF_TXOK (netlist: HF_TXOK); A U37.5 on +3V3_EMCON (netlist: +3V3_EMCON); A U38.1 on HF_TXOK (netlist: HF_TXOK); A U38.2 on HF_HOLD (netlist: HF_HOLD); A U38.4 on HF_EN (netlist: HF_EN); A U38.5 on +3V3_EMCON (netlist: +3V3_EMCON); A U40.6 on PA_HOLD (netlist: PA_HOLD); A U40.1 on PA_SW_EN (netlist: PA_SW_EN); A U40.4 on HF_HOLD (netlist: HF_HOLD); A U40.3 on HF_SW_EN (netlist: HF_SW_EN)
DEFINITION-STATUS.md#Current values of CONOPS's circuit passages (stream s122, 29 September 2026):L123:cell:3:s1 [8c7aa0e412] NOT DERIVABLE
    `feasibility/EMCON.md` section 0a.1; FEA-002, REQ-030 and REQ-071 in the registry
    judgement: HELD DOCUMENT: a maker's figure, an analysis, a ruling or a record, not a netlist claim (a pointer)
    names looked up: 0 parts, 0 nets
DEFINITION-STATUS.md#Current values of CONOPS's circuit passages (stream s122, 29 September 2026):L124:cell:2:s1 [0a184c8e4a] TRUE
    HOT-R1 is drawn on boards A and E since stream w4ae: board E's `Q11` (2N7002), its gate on `HOT_R1_G` from `U10` pin 30 and held off by `R58`, pulls the dock line `BLK_SPARE` at `J_BLK` pin 12; board A reads it as `DOCK_SPARE` at `J_DOCK` pin 12, pulled up by `R216`, on `U27` pin 18 (IO1_5); REQ-077 reads INCONCLUSIVE and waits on S-58
    judgement: HOT-R1 on E and A, and REQ-077's reading in the registry
    names looked up: 7 parts, 3 nets
    part numbers (1): 2N7002 on A (Q1,Q36,Q37,Q6), B (Q10,Q102,Q103,Q104), C (Q2,Q3,Q4,Q6), D (Q1,Q2,Q3,Q4), E (Q10,Q11,Q8,Q9), P (Q5)
    asserted (9): E Q11.1 on HOT_R1_G (netlist: HOT_R1_G); E Q11.3 on BLK_SPARE (netlist: BLK_SPARE); E J_BLK.12 on BLK_SPARE (netlist: BLK_SPARE); A J_DOCK.12 on DOCK_SPARE (netlist: DOCK_SPARE); A U27 IO1_5 on DOCK_SPARE (netlist: DOCK_SPARE); A R216.1 on DOCK_SPARE (netlist: DOCK_SPARE); A R216.2 on +3V3 (netlist: +3V3); registry REQ-077 evidence_result = INCONCLUSIVE (read: INCONCLUSIVE); registry REQ-077 waits_on ~ S-58 (read: ['S-58'])
DEFINITION-STATUS.md#Current values of CONOPS's circuit passages (stream s122, 29 September 2026):L125:cell:2:s1 [73f2e6ddc9] TRUE
    EMCON and MAIN PWR act without the panel controller, and so does the EMCON lamp `D22`, fed from `LED_RAIL_SW` through `R47`; the TX lamp `D3` does not: its feed `LED_RAIL` is `Q1`'s drain, which only `Q2` turns on, from `PANEL_PWM` (GPIO 8); the baseline's text was already wrong at its reading: at `45bde541` and at `a9f212c7` board C's `R36` fed `D3` from `LED_RAIL`, `Q1`'s drain, as it does now
    judgement: the lamps' feeds; the baseline's value at 45bde541 and a9f212c7 (m3)
    names looked up: 6 parts, 3 nets
    asserted (25): C D3.2 on TX_A (netlist: TX_A); C R36.2 on TX_A (netlist: TX_A); C R36.1 on LED_RAIL (netlist: LED_RAIL); C Q1.3 on LED_RAIL (netlist: LED_RAIL); C Q1.1 on Q1_G (netlist: Q1_G); C R17.2 on Q1_G (netlist: Q1_G); C R17.1 on LED_RAIL_SW (netlist: LED_RAIL_SW); C Q2.1 on Q2_G (netlist: Q2_G); C R19.1 on PANEL_PWM (netlist: PANEL_PWM); C U3 GPIO8 on PANEL_PWM (netlist: PANEL_PWM); C R47.1 on LED_RAIL_SW (netlist: LED_RAIL_SW); C R47.2 on EMCLAMP_A (netlist: EMCLAMP_A); C D22.2 on EMCLAMP_A (netlist: EMCLAMP_A); C SW_EMCON.1 on TX_INHIBIT_n (netlist: TX_INHIBIT_n); C U9.2 on TX_INHIBIT_n (netlist: TX_INHIBIT_n); A J_MAINSW.1 on MAIN_PB (netlist: MAIN_PB); A U1.2 on MAIN_PB (netlist: MAIN_PB); at 45bde541: C R36.1 on LED_RAIL (netlist: LED_RAIL); at 45bde541: C R36.2 on TX_A (netlist: TX_A); at 45bde541: C D3.2 on TX_A (netlist: TX_A); at 45bde541: C Q1.3 on LED_RAIL (netlist: LED_RAIL); at a9f212c7: C R36.1 on LED_RAIL (netlist: LED_RAIL); at a9f212c7: C Q1.3 on LED_RAIL (netlist: LED_RAIL); C R36.1 on LED_RAIL (netlist: LED_RAIL); C D3.2 on TX_A (netlist: TX_A)
DEFINITION-STATUS.md#Current values of CONOPS's circuit passages (stream s122, 29 September 2026):L125:cell:3:s1 [9e537fb0a3] NOT DERIVABLE
    `PANEL.md` sections 1 and 4; `feasibility/EMCON.md` section 8
    judgement: HELD DOCUMENT: a maker's figure, an analysis, a ruling or a record, not a netlist claim (a pointer)
    names looked up: 0 parts, 0 nets
DEFINITION-STATUS.md#Current values of CONOPS's circuit passages (stream s122, 29 September 2026):L126:cell:1:s1 [f2d8c0af6d] NOT DERIVABLE
    section 4e, a device rail lost
    judgement: HELD DOCUMENT: a maker's figure, an analysis, a ruling or a record, not a netlist claim (a pointer)
    names looked up: 0 parts, 0 nets
DEFINITION-STATUS.md#Current values of CONOPS's circuit passages (stream s122, 29 September 2026):L126:cell:2:s1 [f908d15512] TRUE
    `+5V_DEV` is made by board A's `U7` (LM5176) and `+3V3_DEV` by board B's `U25` (AP63203) from `+5V_DEV`; the baseline's text was already wrong at its reading: at `45bde541` and at `a9f212c7` board B's `U25` made `+3V3_DEV` from `+5V_DEV`, as it does now
    judgement: the device-rail converters; the baseline's value at 45bde541 and a9f212c7 (m3)
    names looked up: 2 parts, 2 nets
    part numbers (2): AP63203 on B (U25); LM5176 on A (U13,U15,U16,U19)
    asserted (14): A U7 value has 'LM5176' (netlist: 'LM5176PWPR buck-boost controller, +5V_DEV from VBAT'); A U7.12 on +5V_DEV (netlist: +5V_DEV); B U25 value has 'AP63203' (netlist: 'AP63203WU-7 3.3 V 2 A buck: the shared logic (+3V3_DEV)'); B U25.2 on +5V_DEV (netlist: +5V_DEV); B U25.5 on DEV_SW (netlist: DEV_SW); B L1.2 on +3V3_DEV (netlist: +3V3_DEV); board A has no part whose value holds 'AP63203' (found: none); at 45bde541: B U25 value has 'AP63203' (netlist: 'AP63203WU-7 3.3 V 2 A buck: the shared logic (+3V3_DEV)'); at 45bde541: B U25.1 on +3V3_DEV (netlist: +3V3_DEV); at 45bde541: B U25.2 on +5V_DEV (netlist: +5V_DEV); at a9f212c7: B U25.1 on +3V3_DEV (netlist: +3V3_DEV); at a9f212c7: B U25.2 on +5V_DEV (netlist: +5V_DEV); at 45bde541: A U7 value has 'LM5176' (netlist: 'LM5176PWPR buck-boost controller, +5V_DEV from VBAT'); at a9f212c7: A U7 value has 'LM5176' (netlist: 'LM5176PWPR buck-boost controller, +5V_DEV from VBAT')
DEFINITION-STATUS.md#Current values of CONOPS's circuit passages (stream s122, 29 September 2026):L127:cell:1:s1 [6eda79c80b] NOT DERIVABLE
    section 4e, a device rail lost, what the loss releases
    judgement: HELD DOCUMENT: a maker's figure, an analysis, a ruling or a record, not a netlist claim (a pointer)
    names looked up: 0 parts, 0 nets
DEFINITION-STATUS.md#Current values of CONOPS's circuit passages (stream s122, 29 September 2026):L127:cell:2:s1 [0a02370f58] TRUE
    a loss of `+3V3_DEV` releases no module radio: each slot makes `EMCON_ON1..3` from its own 3.3 V (`U112`, `U212`, `U312`; EMCON.md L3, closed at desk in board B's round 8), and `U543`, run from `+5V_DEV`, holds the RockBLOCK's ENABLE (`RB_IEN`) low while `+3V3_DEV` is below its threshold
    judgement: the +3V3_DEV loss; the threshold is TI's
    names looked up: 5 parts, 6 nets
    asserted (18): B U112 value has 'SN74LVC1G04' (netlist: 'SN74LVC1G04DBVR inverter (2 A 4 Y): EMCON_ON1 = NOT EMCON_HW'); B U112.2 on EMCON_HW (netlist: EMCON_HW); B U112.4 on EMCON_ON1 (netlist: EMCON_ON1); B U112.5 on +3V3_CM1 (netlist: +3V3_CM1); B U212.2 on EMCON_HW (netlist: EMCON_HW); B U212.4 on EMCON_ON2 (netlist: EMCON_ON2); B U212.5 on +3V3_CM2 (netlist: +3V3_CM2); B U312.2 on EMCON_HW (netlist: EMCON_HW); B U312.4 on EMCON_ON3 (netlist: EMCON_ON3); B U312.5 on +3V3_CM3 (netlist: +3V3_CM3); B U113.5 on +3V3_CM1 (netlist: +3V3_CM1); B U213.5 on +3V3_CM2 (netlist: +3V3_CM2); B U313.5 on +3V3_CM3 (netlist: +3V3_CM3); B U543.1 on RB_IEN (netlist: RB_IEN); B U543.5 on +3V3_DEV (netlist: +3V3_DEV); B U543.6 on +5V_DEV (netlist: +5V_DEV); U111 absent on B; v2/docs/feasibility/EMCON.md says "CLOSED at desk on board B's round 8 (section 4b)"
DEFINITION-STATUS.md#Current values of CONOPS's circuit passages (stream s122, 29 September 2026):L127:cell:3:s1 [6a69ca9a17] NOT DERIVABLE
    `feasibility/EMCON.md` sections 0a.1 and 7
    judgement: HELD DOCUMENT: a maker's figure, an analysis, a ruling or a record, not a netlist claim (a pointer)
    names looked up: 0 parts, 0 nets
DEFINITION-STATUS.md#Current values of CONOPS's circuit passages (stream s122, 29 September 2026):L128:cell:2:s1 [388cb94e64] TRUE
    the line of the commit the citation names, or, undated, of the commit its passage was written at; where stream s122 read the parts at `e57a7365`: `R42` at `gen_sch_a.py:1104`, `R2`, `R184` and `R4` at 338 to 339, `R103` and `R104` at 1598, `R111` at 1611, `U21` at 1340, `U22` at 1372, `R26` and `R27` at 972, `J_USBC_OUT` at 1306, `J_USBW` at 1668, and `J_TAMP` at `gen_sch_e.py:796`
    judgement: the lines stream s122 read at e57a7365
    names looked up: 14 parts, 0 nets
    citations: citations judged: each line asserted at e57a7365 below
    asserted (10): gen_sch_a.py lines 1104 to 1104 at e57a7365 hold R42; gen_sch_a.py lines 338 to 339 at e57a7365 hold R2, R184, R4; gen_sch_a.py lines 1598 to 1598 at e57a7365 hold R103, R104; gen_sch_a.py lines 1611 to 1611 at e57a7365 hold R111; gen_sch_a.py lines 1340 to 1340 at e57a7365 hold U21; gen_sch_a.py lines 1372 to 1372 at e57a7365 hold U22; gen_sch_a.py lines 972 to 972 at e57a7365 hold R26, R27; gen_sch_a.py lines 1306 to 1306 at e57a7365 hold J_USBC_OUT; gen_sch_a.py lines 1668 to 1668 at e57a7365 hold J_USBW; gen_sch_e.py lines 796 to 796 at e57a7365 hold J_TAMP
DEFINITION-STATUS.md#Current values of CONOPS's circuit passages (stream s122, 29 September 2026):L129:cell:1:s1 [b69a3a82b2] TRUE
    section 4's Reduced row (its Guarantee cell) and section 4c's `SLOT_EN1` passage: the supervisors' I2C status path, called absent or owed as generated
    judgement: the passages DC-07 keeps: CONOPS section 4's Reduced row and section 4c's SLOT_EN1 passage
    names looked up: 0 parts, 1 nets
    asserted (2): v2/docs/CONOPS.md says "and the supervisors' I2C status path, absent as generated"; v2/docs/CONOPS.md says "and the supervisors' I2C status path (`ARCH-PCB-B-IOHA.md` section 6)"
DEFINITION-STATUS.md#Current values of CONOPS's circuit passages (stream s122, 29 September 2026):L129:cell:2:s1 [ad17cbd96a] TRUE
    the three supervisors are targets on the kit bus the panel controller masters: `U41`, `U51` and `U61` have pin 93 (PB7) on `SDA` and pin 92 (PB6) on `SCL`, which reach `J_PANEL`, since `458b2873` (both pins unconnected at its parent `1f614233`); the baseline's text was already wrong at its reading, at `45bde541`, at `95e078a1` where the passages were written, and at `c5430071`; what is owed is the TCA9517A segment of SC-HF-02, which board B does not carry
    judgement: the status path on set 13, at 458b2873's parent, at the commits named, and where the passages were written
    names looked up: 4 parts, 2 nets
    part numbers (1): TCA9517A asserted
    asserted (33): B U41 PB7 on SDA (netlist: SDA); B U41 PB6 on SCL (netlist: SCL); B U51 PB7 on SDA (netlist: SDA); B U51 PB6 on SCL (netlist: SCL); B U61 PB7 on SDA (netlist: SDA); B U61 PB6 on SCL (netlist: SCL); B U41.93 on SDA (netlist: SDA); B U41.92 on SCL (netlist: SCL); B net SDA holds J_PANEL,U41,U51,U61 (missing: none); B net SCL holds J_PANEL,U41,U51,U61 (missing: none); B J_PANEL.4 on SDA (netlist: SDA); at 458b2873: B U41 PB7 on SDA (netlist: SDA); at 1f614233: B U41 PB7 on unconnected-(U41-PB7-Pad93) (netlist: unconnected-(U41-PB7-Pad93)); at 95e078a1: B U51 PB6 on SCL (netlist: SCL); at c5430071: B U61 PB7 on SDA (netlist: SDA); at 45bde541: B U41 PB6 on SCL (netlist: SCL); at a9f212c7: B U51 PB7 on SDA (netlist: SDA); board B has no part whose value holds 'TCA9517' (found: none); v2/docs/ARCH-PCB-B-IOHA.md says 'CORRECTED at `458b2873`'; v2/docs/ARCH-PCB-B-IOHA.md says 'move behind a TCA9517A that the panel controller enables from U7 only for its ow'; at 1f614233: B U41 PB6 on unconnected-(U41-PB6-Pad92) (netlist: unconnected-(U41-PB6-Pad92)); at 1f614233: B U41 PB7 on unconnected-(U41-PB7-Pad93) (netlist: unconnected-(U41-PB7-Pad93)); at 1f614233: B U51 PB6 on unconnected-(U51-PB6-Pad92) (netlist: unconnected-(U51-PB6-Pad92)); at 1f614233: B U51 PB7 on unconnected-(U51-PB7-Pad93) (netlist: unconnected-(U51-PB7-Pad93)); at 1f614233: B U61 PB6 on unconnected-(U61-PB6-Pad92) (netlist: unconnected-(U61-PB6-Pad92)); at 1f614233: B U61 PB7 on unconnected-(U61-PB7-Pad93) (netlist: unconnected-(U61-PB7-Pad93)); v2/docs/CONOPS.md at 95e078a1 says "the supervisors' I2C status path, absent as generated"; v2/docs/CONOPS.md at 95e078a1^ does not say "the supervisors' I2C status path, absent as generated"; v2/docs/CONOPS.md at 95e078a1 says "and the supervisors' I2C status path (`ARCH-PCB-B-IOHA.md` section 6); they are "; v2/docs/CONOPS.md at 95e078a1^ does not say "and the supervisors' I2C status path (`ARCH-PCB-B-IOHA.md` section 6); they are "; v2/docs/HW-FW-CONTRACT.md says "### 6.5 The session's choice: three segments (SC-HF-02"; board B: 3 parts whose value holds 'STM32H743' (read: 3, U41,U51,U61); board B has no part whose value holds 'TCA9517A' (found: none)
DEFINITION-STATUS.md#Current values of CONOPS's circuit passages (stream s122, 29 September 2026):L129:cell:3:s1 [0c80bfc694] TRUE
    `ARCH-PCB-B-IOHA.md` section 6; `HW-FW-CONTRACT.md` FW-B08 and section 6.5
    judgement: the places named
    names looked up: 0 parts, 0 nets
    asserted (2): v2/docs/ARCH-PCB-B-IOHA.md says '## 6. The control plane'; v2/docs/HW-FW-CONTRACT.md says "| FW-B08 | supervisors' I2C1: SCL PB6 pin 92, SDA PB7 pin 93 on the kit bus"
DEFINITION-STATUS.md#Current values of CONOPS's circuit passages (stream s122, 29 September 2026):L130:cell:1:s1 [3c62f9bf01] TRUE
    the same two passages: the break-before-make order (FAB-03, CON-003) and a bank detached from a host that has lost its power (FAB-02, CON-022), called owed or not done as generated
    judgement: the passages DC-08 keeps
    names looked up: 0 parts, 0 nets
    asserted (2): v2/docs/CONOPS.md says 'the break-before-make order, which the generated circuit does not have (FAB-03, '; v2/docs/CONOPS.md says 'the break-before-make order (FAB-03, CON-003), a bank detached from a host that '
DEFINITION-STATUS.md#Current values of CONOPS's circuit passages (stream s122, 29 September 2026):L130:cell:2:s1 [0a5b716f9c] TRUE
    both drawn in board B's round 8, present at `95e078a1` where the passages were written and at `c5430071`, absent at `45bde541`: each slot's power-good `PG{s}` is its module's own 3.3 V through 1 k with 100 k to ground (`R191` and `R192` for slot 1), buffered by a 74LVC1G17 (`U530` to `U532`) and inverted (`U533` to `U535`); per bank a 74LVC1G157 (`U513` to `U515`) selects the dark flag of the host the delayed select passes, and the bank's enable `BOE{b}_n` (`U516` to `U518`) is forced high while the break-before-make term `BBM{b}` is up and is that flag otherwise; the display switches' enables are the power-good of the slot each passes (`U519` for `U3`, `U520` for `U4`); S-42 stays OPEN, its title listing FAB-02 (b) and (c) and the break-before-make with the gate's assertion and its mutation, and CON-003 and CON-022 read INCONCLUSIVE, waiting on it
    judgement: the fabric on set 13, at 95e078a1 and c5430071, and absent at 45bde541; S-42 and the two records
    names looked up: 14 parts, 0 nets
    part numbers (2): 74LVC1G157 on B (U513,U514,U515,U516); 74LVC1G17 on B (U507,U508,U509,U510), C (U12,U13,U9)
    asserted (78): B R191.1 on +3V3_CM1 (netlist: +3V3_CM1); B R191.2 on PG1 (netlist: PG1); B R191 value has '1k' (netlist: '1k'); B R192.1 on PG1 (netlist: PG1); B R192.2 on GND (netlist: GND); B R192 value has '100k' (netlist: '100k'); B U530 value has '74LVC1G17' (netlist: '74LVC1G17 Schmitt-trigger buffer (Diodes 74LVC1G17W5-7, 2 A '); B U530.2 on PG1 (netlist: PG1); B U530.4 on PG1_S (netlist: PG1_S); B U533 value has 'SN74LVC1G04' (netlist: 'SN74LVC1G04DBVR inverter (2 A 4 Y): slot 1 is dark (FAB-02)'); B U533.2 on PG1_S (netlist: PG1_S); B U533.4 on PG1_n (netlist: PG1_n); B U513 value has '74LVC1G157' (netlist: '74LVC1G157GW 2:1 mux (Nexperia; 6 S, 3 I0, 1 I1, 4 Y; Y = S '); B U513.3 on PG1_n (netlist: PG1_n); B U513.1 on PG2_n (netlist: PG2_n); B U513.6 on BSEL1_D2 (netlist: BSEL1_D2); B U513.4 on PGSEL1_n (netlist: PGSEL1_n); B U516 value has 'BBM ? 1' (netlist: '74LVC1G157GW 2:1 mux (Nexperia; 6 S, 3 I0, 1 I1, 4 Y; Y = S '); B U516.3 on PGSEL1_n (netlist: PGSEL1_n); B U516.6 on BBM1 (netlist: BBM1); B U516.4 on BOE1_n (netlist: BOE1_n); B net BOE1_n holds U109,U110 (missing: none); B U109 value has 'TMUXHS4212' (netlist: 'TI TMUXHS4212 SuperSpeed 2:1 host select, bank 1: B = slot 1'); B U110 value has 'TS3USB221A' (netlist: 'TI TS3USB221A USB2 2:1 host select, bank 1: port 1 = slot 1 '); B net BBM1 holds exactly U516,U85 (read: U516,U85); B net BBM1_MOV holds U527,U80,U85 (missing: none); B net BBM1_ARM holds U521,U524,U84 (missing: none); B U507 value has 'FAB-03' (netlist: '74LVC1G17 Schmitt-trigger buffer (Diodes 74LVC1G17W5-7, 2 A '); B U510 value has 'FAB-03' (netlist: '74LVC1G17 Schmitt-trigger buffer (Diodes 74LVC1G17W5-7, 2 A '); B U521 value has 'FAB-03' (netlist: '74LVC1G17 Schmitt-trigger buffer (Diodes 74LVC1G17W5-7, 2 A '); B net BSEL1_S holds U109,U110,U507 (missing: none); B U519 value has '74LVC1G157' (netlist: '74LVC1G157GW 2:1 mux (Nexperia; 6 S, 3 I0, 1 I1, 4 Y; Y = S '); B U519.3 on PG1_S (netlist: PG1_S); B U519.1 on PG2_S (netlist: PG2_S); B U519.6 on HDMI_SEL1 (netlist: HDMI_SEL1); B U519.4 on HDMI_EN1 (netlist: HDMI_EN1); B U3.2 on HDMI_EN1 (netlist: HDMI_EN1); B U520 value has '74LVC1G157' (netlist: '74LVC1G157GW 2:1 mux (Nexperia; 6 S, 3 I0, 1 I1, 4 Y; Y = S '); B U520.1 on PG3_S (netlist: PG3_S); B U520.6 on HDMI_SEL2 (netlist: HDMI_SEL2); B U520.4 on HDMI_EN2 (netlist: HDMI_EN2); B U4.2 on HDMI_EN2 (netlist: HDMI_EN2); at 95e078a1: B U519 value has '74LVC1G157' (netlist: '74LVC1G157GW 2:1 mux (Nexperia; 6 S, 3 I0, 1 I1, 4 Y; Y = S '); at 95e078a1: B U516 value has 'BBM ? 1' (netlist: '74LVC1G157GW 2:1 mux (Nexperia; 6 S, 3 I0, 1 I1, 4 Y; Y = S '); at c5430071: B U520 value has '74LVC1G157' (netlist: '74LVC1G157GW 2:1 mux (Nexperia; 6 S, 3 I0, 1 I1, 4 Y; Y = S '); at c5430071: B U513 value has '74LVC1G157' (netlist: '74LVC1G157GW 2:1 mux (Nexperia; 6 S, 3 I0, 1 I1, 4 Y; Y = S '); at 45bde541: U519 absent on B; at 45bde541: U516 absent on B; check_pcb_b.py lines 353 to 353 at b874b744 hold U519, U520; check_pcb_b.py lines 412 to 412 at b874b744 hold FAB-02 (b); registry S-42 status = OPEN (read: OPEN); registry S-42 title ~ the back-power gating of FAB-02 (b) and (c) (read: Board B's fabric findings FAB-01 to FAB-04 fixed in the generator, each with check_pcb_b.py's assertion and its mutation: the TEST2 strap, the back-power gating of FAB-02 (b) and (c), a true break-before-make sequence, and 10 kohm on the 23 safe-low lines (FAILOVER-FABRIC.md sections 9 and 10).); registry S-42 title ~ a true break-before-make sequence (read: Board B's fabric findings FAB-01 to FAB-04 fixed in the generator, each with check_pcb_b.py's assertion and its mutation: the TEST2 strap, the back-power gating of FAB-02 (b) and (c), a true break-before-make sequence, and 10 kohm on the 23 safe-low lines (FAILOVER-FABRIC.md sections 9 and 10).); registry CON-022 evidence_result = INCONCLUSIVE (read: INCONCLUSIVE); registry CON-022 waits_on ~ S-42 (read: ['S-42']); registry CON-003 evidence_result = INCONCLUSIVE (read: INCONCLUSIVE); registry CON-003 waits_on ~ S-42 (read: ['S-42']); v2/docs/CONOPS.md at 95e078a1 says "the supervisors' I2C status path, absent as generated"; B U514 value has '74LVC1G157' (netlist: '74LVC1G157GW 2:1 mux (Nexperia; 6 S, 3 I0, 1 I1, 4 Y; Y = S '); B U515 value has '74LVC1G157' (netlist: '74LVC1G157GW 2:1 mux (Nexperia; 6 S, 3 I0, 1 I1, 4 Y; Y = S '); B U517 value has 'BBM ? 1' (netlist: '74LVC1G157GW 2:1 mux (Nexperia; 6 S, 3 I0, 1 I1, 4 Y; Y = S '); B U518 value has 'BBM ? 1' (netlist: '74LVC1G157GW 2:1 mux (Nexperia; 6 S, 3 I0, 1 I1, 4 Y; Y = S '); B U531 value has '74LVC1G17' (netlist: '74LVC1G17 Schmitt-trigger buffer (Diodes 74LVC1G17W5-7, 2 A '); B U532 value has '74LVC1G17' (netlist: '74LVC1G17 Schmitt-trigger buffer (Diodes 74LVC1G17W5-7, 2 A '); B U534 value has 'SN74LVC1G04' (netlist: 'SN74LVC1G04DBVR inverter (2 A 4 Y): slot 2 is dark (FAB-02)'); B U535 value has 'SN74LVC1G04' (netlist: 'SN74LVC1G04DBVR inverter (2 A 4 Y): slot 3 is dark (FAB-02)'); B U531.4 on PG2_S (netlist: PG2_S); B U532.4 on PG3_S (netlist: PG3_S); B U517.4 on BOE2_n (netlist: BOE2_n); B U518.4 on BOE3_n (netlist: BOE3_n); B U517.6 on BBM2 (netlist: BBM2); B U518.6 on BBM3 (netlist: BBM3); B R480 value has '10k' (netlist: '10k'); B R500 value has '10k' (netlist: '10k'); registry CON-003 evidence ~ R480 and R500 still 100k (read: ['v2/docs/feasibility/FAILOVER-FABRIC.md section 9, FAB-03: the voted select drives the muxes directly and the enable follows one XOR delay later, and no maker\'s document bounds the overlap, so A10\'s pass criterion ("the enable is low for the whole select transition") cannot be met as generated; the delayed copy reaches the XOR through a 100 us RC against a 10 ns/V input limit', "v2/docs/feasibility/FAILOVER-FABRIC.md section 9, FAB-04: the 100 kohm pull-downs R480 to R500 (the 21 controller outputs) and R15, R16 (the display selects) do not hold their lines below VIL at the parts' datasheet leakage (2.025 V against 0.8 V), so the dark-plane default of A12 is not assured; read on the committed netlist v2/ecad/pcb-b-compute-b19/out/pcb-b-compute.net at eadbe571, R480 and R500 still 100k", "v2/docs/feasibility/FAILOVER-FABRIC.md re-read at the integration of 26 September 2026: the architecture merge changed only where the page says its scripts and datasheets are filed (section 2 and Appendix A's header, now v2/docs/feasibility/fab/ and v2/vendor/); sections 1, 5.2, 8, 9 and 10 are byte-identical to eadbe571's, so this reading stands on the file at 29100c28d96cda8e", 'v2/docs/feasibility/FAILOVER-FABRIC.md re-read at the records filing of 26 September 2026 (428c697c): only citation text changed, the drafts/ paths now naming the filed copies under v2/docs/records/ and the sentences saying where those files are, with the line count unchanged; no statement this reading rests on changed, so it stands on the file at 4646ad528ec4b3c6', "v2/ecad/pcb-b-compute-b19/out/pcb-b-compute.net regenerated at the clamp-symbol merge of 26 September 2026: compared component by component and net by net (pin, pinfunction, pintype) by the stream and its independent checker, it differs only in D1, D2, D101, D201, D301 and D520's symbol (Device:D_TVS to Device:D_Zener) and pin names (A1/A2 to K/A) on the same nets, so this reading stands on the file at 669d02d07aeaae4b", "v2/docs/feasibility/FAILOVER-FABRIC.md re-read at board B's round 8 integration of 27 September 2026 (round 8 set 3, branch fnd/r8int3): section 9a is new (FAB-01 to FAB-04 as drawn on board B's round 8 netlist, with the break-before-make bounds, the netlist-driven simulation and the residuals: an enable pulse under 13 ns in one asynchronous threshold race, a few ns of the previous host's dark flag at a move's end, the TMUXHS4212's unpublished OEn time, no test pad on BSEL{b}_S) and section 10's FB-FAB-2 to FB-FAB-5 rows read DRAWN at desk, the bench owed; sections 1, 5.2, 8 and 9 and FB-FAB-1, FB-FAB-6 to FB-FAB-8 are byte-identical. The desk FAIL this record carried on FAB-03 (the select moving before the enable drops) and FAB-04 (100 k pull-downs above VIL) is closed at desk: a locked break-before-make holds the enable off at least 29 us before and 105 us after every select move for any vote waveform, and the 23 safe-low lines are 10 k (0.20 V and 0.11 V). A10 and A12 have not run and check_pcb_b.py's new assertions judge the board file, which waits for B's next placement, so the record reads INCONCLUSIVE on the file at a0ad3d7436cd126d (the result moved by the session under the owner's standing rule of 26 September 2026)", "v2/ecad/pcb-b-compute-b19/out/pcb-b-compute.net regenerated at board B's round 8 integration of 27 September 2026 (round 8 set 3, branch fnd/r8int3) on the KiCad box with main's chain from main 84e52461 (main's own generator reproduces main's committed file, PARITY_AFTER_NOISE): the integration's own comparison (v2/docs/records/r8b/integration/indep_cmp.py, not the author's tool) reads it against main's record by record (value, footprint, fields, libsource) and net by net (ref, pin, pinfunction, pintype): 187 parts added, 25 removed, 36 changed, 93 nets added, 20 removed and 85 changed, every one explained by the author's per-finding list (v2/docs/records/r8b/expected_r8b.json; 0 unexplained, 56 with two findings' entries dropped); against the author's own netlist it differs only in U115, U215 and U315's value text; R480 to R500, R15 and R16 are 10 k on it and the lock, arm and motion parts sit where section 9a says, so this reading stands on the file at adcc3c6736c90e9f", "v2/ecad/pcb-b-compute-b19/out/pcb-b-compute.net regenerated at stream w3b's merge of 27 September 2026 (MESHSAT-1357, board B: PWR-001 declarations, decision 42 classes, W3B-F1, W3B-F2) on the KiCad box with main's chain (main's own generator reproduces main's committed schematic, netlist, intent, provenance, BOM and ERC: PARITY or PARITY_AFTER_NOISE) and compared by the integration's own comparator (v2/docs/records/r8b/integration/indep_cmp.py) record by record and net by net: 5 parts added (R525, R526, C72, C73, C74), 1 part changed (TP6's value, the net it names), 3 nets added (POE_SEN_PIN, POE_DRAIN_PIN, VBAT_RTC), 1 removed (VBAT), 3 changed (POE_SEN and POE_DRAIN by U5 leaving and R525 or R526 joining, GND by C72 to C74 joining), 0 unexplained against v2/docs/records/w3b/expected_w3b.json and 2 unexplained when W3B-F1's parts are dropped from it; VBAT_RTC carries every node VBAT carried plus C72 to C74 pin 1 (v2/docs/records/w3b/tools/rename_check.py); R480 to R500, R15 and R16 are still 10 k on it and the lock, arm and motion parts sit where FAILOVER-FABRIC.md section 9a says; the stream touches no part or net of the fabric, so this reading stands on the file at 8b78c59754a6a0c7", "v2/ecad/pcb-b-compute-b19/out/pcb-b-compute.net regenerated at stream w4b's merge of 27 September 2026 (MESHSAT-1357, board B: RF-002, W4B-D1 to W4B-D3) on the KiCad box with main's chain (main's own generator reproduces main's committed schematic PARITY and netlist, intent, provenance and ERC PARITY_AFTER_NOISE, BOM PARITY) and compared by the integration's own comparator (v2/docs/records/r8b/integration/indep_cmp.py) record by record and net by net: 13 parts added (U536, C559, R527 to R531, U116, U216, U316, C607, C637, C667), 3 removed (R164, R264, R364), 6 changed (R514 to R516's value and code, U115, U215 and U315's value text), 7 nets added (RB_SW_IEN, LIME_UVLO, RB_UVLO, E22_UVLO and the three freed U{s}15 pin 4 nets) and 19 changed, 0 unexplained against v2/docs/records/w4b/expected_w4b.json and refused when any decision's entries are dropped; R480 to R500, R15 and R16 are still 10 k and the lock, arm and motion parts sit where FAILOVER-FABRIC.md section 9a says; the stream touches no part or net of the fabric, so this reading stands on the file at 028997a6c5e8810f", "v2/ecad/pcb-b-compute-b19/out/pcb-b-compute.net re-read at integration set 8 (28 September 2026, stream s98, S-98): regenerated on the KiCad box from the committed generator; main's file at 028997a6c5e8810f and the tree's at 21a1f74a3ec1ae28 were compared with only their 4 date and source line(s) dropped and are byte-identical, so every component, value, footprint, pin and net this record's reading rests on is unchanged; rebound (apply_rebind_netlists_s98.py). No result changes.", "v2/ecad/pcb-b-compute-b19/out/pcb-b-compute.net re-read at integration set 10 (29 September 2026): regenerated on the KiCad box after stream d6dec's decoupling tools entered every generator's import closure; main's file at 21a1f74a3ec1ae28 and the tree's at 97823ef1171a61ce were compared with only their 4 date and source line(s) dropped and are byte-identical, so every component, value, footprint, pin and net this record's reading rests on is unchanged; rebound (apply_rebind_netlists_int11.py). No result changes.", "v2/ecad/pcb-b-compute-b19/out/pcb-b-compute.net re-read at integration set 12 (apply_rebind_after_circuit b 5b89d5ef6fe0299a): the circuit change of stream d4emcon's FEA-002 remedies was compared with main's netlist 97823ef1171a61ce by parsed components and net node sets; changed parts C668, C669, C670, C671, C672, C673, C674, C675, C676, C677, C678, C679, C680, C681, C682, C683, C684, C685, R532, R533, R534, R535, R536, R537, R538, R539, R540, R541, R542, R543, R544, R545, R546, R547, R548, R549, R550, U537, U538, U539, U540, U541, U542, U543, U544, U545, U546, U547, U548, U549, U550, U551, U552, U553, U554, R238, R41, R42, R527, U536; changed nets +3V3_CM2, +3V3_CM3, +3V3_DEV, +3V3_S2A, +3V3_ZB, +5V_DEV, 5G_PWROFF_n, 5G_TPR_n, E22_EN, GND, LORA_BUSY, LORA_DIO1, LORA_GO, LORA_MISO, LORA_MOSI, LORA_NRST, LORA_NSS, LORA_RXEN, LORA_RXEN_G, LORA_SCLK, LORA_TXEN, LORA_TXEN_G, RB_CTRL, RB_CTRL_H, RB_GO, RB_IEN, RB_IEN_DRV, RB_RXD, RB_RXD_H, RB_STATUS, RB_TXD, SPI3_CE1, SPI3_IO23, SPI3_IO24, SPI3_IO26, SPI3_MISO, SPI3_MOSI, SPI3_SCLK, ZBA_BSL, ZBA_BSL_H, ZBA_RST_H, ZBA_RST_n, ZBA_RXD, ZBA_RXD_H, ZBB_BSL, ZBB_BSL_H, ZBB_RST_H, ZBB_RST_n, ZBB_RXD, ZBB_RXD_H, unconnected-(U543-NC-Pad3), unconnected-(U543-NC-Pad4), unconnected-(U544-NC-Pad1), unconnected-(U551-NC-Pad1), unconnected-(U552-NC-Pad1), unconnected-(U553-NC-Pad1), unconnected-(U554-NC-Pad4). The changed parts sit on the RockBLOCK, E72, E22 and 5G power-off lines, none on the voted fabric's selects, output enables or hub resets; GND gains only the new parts' returns; rebound to 5b89d5ef6fe0299a. No result changes.", "v2/ecad/pcb-b-compute-b19/out/pcb-b-compute.net re-read at integration set 12 (apply_rebind_after_circuit b 3ef9b8c49a01b728): the circuit change of stream d4emcon's FEA-002 remedies was compared with main's netlist 97823ef1171a61ce by parsed components and net node sets; changed parts C668, C669, C670, C671, C672, C673, C674, C675, C676, C677, C678, C679, C680, C681, C682, C683, C684, C685, R532, R533, R534, R535, R536, R537, R538, R539, R540, R541, R542, R543, R544, R545, R546, R547, R548, R549, R550, R551, U537, U538, U539, U540, U541, U542, U543, U544, U545, U546, U547, U548, U549, U550, U551, U552, U553, U554, R238, R41, R42, R527, U536; changed nets +3V3_CM2, +3V3_CM3, +3V3_DEV, +3V3_S2A, +3V3_ZB, +5V_DEV, 5G_PWROFF_n, 5G_TPR_n, E22_EN, GND, LORA_BUSY, LORA_DIO1, LORA_GO, LORA_MISO, LORA_MOSI, LORA_NRST, LORA_NSS, LORA_RXEN, LORA_RXEN_G, LORA_SCLK, LORA_TXEN, LORA_TXEN_G, RB_CTRL, RB_CTRL_H, RB_GO, RB_IEN, RB_IEN_DRV, RB_RXD, RB_RXD_H, RB_STATUS, RB_TD_CT, RB_TXD, SPI3_CE1, SPI3_IO23, SPI3_IO24, SPI3_IO26, SPI3_MISO, SPI3_MOSI, SPI3_SCLK, ZBA_BSL, ZBA_BSL_H, ZBA_RST_H, ZBA_RST_n, ZBA_RXD, ZBA_RXD_H, ZBB_BSL, ZBB_BSL_H, ZBB_RST_H, ZBB_RST_n, ZBB_RXD, ZBB_RXD_H, unconnected-(U543-NC-Pad3), unconnected-(U544-NC-Pad1), unconnected-(U551-NC-Pad1), unconnected-(U552-NC-Pad1), unconnected-(U553-NC-Pad1), unconnected-(U554-NC-Pad4). The changed parts sit on the RockBLOCK, E72, E22 and 5G power-off lines, none on the voted fabric's selects, output enables or hub resets; GND gains only the new parts' returns; rebound to 3ef9b8c49a01b728. No result changes."]); registry CON-022 evidence ~ its remedy (b) and (c) is not drawn (read: ["v2/docs/feasibility/FAILOVER-FABRIC.md sections 5.2 and 9, FAB-02: at every kit power-up and whenever a slot is off, the always-on fabric applies voltage to the pins of that module (the hubs' USB and SuperSpeed paths, the display switches); the finding stands on main and on the round-6 candidate, and its remedy (b) and (c) is not drawn", "v2/docs/feasibility/FAILOVER-FABRIC.md re-read at the integration of 26 September 2026: the architecture merge changed only where the page says its scripts and datasheets are filed (section 2 and Appendix A's header, now v2/docs/feasibility/fab/ and v2/vendor/); sections 1, 5.2, 8, 9 and 10 are byte-identical to eadbe571's, so this reading stands on the file at 29100c28d96cda8e", 'v2/docs/feasibility/FAILOVER-FABRIC.md re-read at the records filing of 26 September 2026 (428c697c): only citation text changed, the drafts/ paths now naming the filed copies under v2/docs/records/ and the sentences saying where those files are, with the line count unchanged; no statement this reading rests on changed, so it stands on the file at 4646ad528ec4b3c6', "v2/ecad/pcb-b-compute-b19/out/pcb-b-compute.net regenerated at the clamp-symbol merge of 26 September 2026: compared component by component and net by net (pin, pinfunction, pintype) by the stream and its independent checker, it differs only in D1, D2, D101, D201, D301 and D520's symbol (Device:D_TVS to Device:D_Zener) and pin names (A1/A2 to K/A) on the same nets, so this reading stands on the file at 669d02d07aeaae4b", "v2/docs/feasibility/FAILOVER-FABRIC.md re-read at board B's round 8 integration of 27 September 2026 (round 8 set 3, branch fnd/r8int3): section 9a is new (FAB-01 to FAB-04 as drawn on board B's round 8 netlist, with the break-before-make bounds, the netlist-driven simulation and the residuals: an enable pulse under 13 ns in one asynchronous threshold race, a few ns of the previous host's dark flag at a move's end, the TMUXHS4212's unpublished OEn time, no test pad on BSEL{b}_S) and section 10's FB-FAB-2 to FB-FAB-5 rows read DRAWN at desk, the bench owed; sections 1, 5.2, 8 and 9 and FB-FAB-1, FB-FAB-6 to FB-FAB-8 are byte-identical. FAB-02 (b) and (c) are drawn: each bank's enable is forced off while the host the delayed select passes is dark, the display switches pass a slot only while its module's 3.3 V is up, and the power-good reaches logic only through a Schmitt buffer, so the finding this record's FAIL rested on ('its remedy (b) and (c) is not drawn') no longer holds. The acceptance's power-state check over the netlist has not been run as a script, Raspberry Pi has stated nothing, and the bench has not run, so the record reads INCONCLUSIVE on the file at a0ad3d7436cd126d (the result moved by the session under the owner's standing rule of 26 September 2026)", "v2/ecad/pcb-b-compute-b19/out/pcb-b-compute.net regenerated at board B's round 8 integration of 27 September 2026 (round 8 set 3, branch fnd/r8int3) on the KiCad box with main's chain from main 84e52461 (main's own generator reproduces main's committed file, PARITY_AFTER_NOISE): the integration's own comparison (v2/docs/records/r8b/integration/indep_cmp.py, not the author's tool) reads it against main's record by record (value, footprint, fields, libsource) and net by net (ref, pin, pinfunction, pintype): 187 parts added, 25 removed, 36 changed, 93 nets added, 20 removed and 85 changed, every one explained by the author's per-finding list (v2/docs/records/r8b/expected_r8b.json; 0 unexplained, 56 with two findings' entries dropped); against the author's own netlist it differs only in U115, U215 and U315's value text; PG1 to PG3, their buffers and the qualifier muxes are on it, so this reading stands on the file at adcc3c6736c90e9f", "v2/ecad/pcb-b-compute-b19/out/pcb-b-compute.net regenerated at stream w3b's merge of 27 September 2026 (MESHSAT-1357, board B: PWR-001 declarations, decision 42 classes, W3B-F1, W3B-F2) on the KiCad box with main's chain (main's own generator reproduces main's committed schematic, netlist, intent, provenance, BOM and ERC: PARITY or PARITY_AFTER_NOISE) and compared by the integration's own comparator (v2/docs/records/r8b/integration/indep_cmp.py) record by record and net by net: 5 parts added (R525, R526, C72, C73, C74), 1 part changed (TP6's value, the net it names), 3 nets added (POE_SEN_PIN, POE_DRAIN_PIN, VBAT_RTC), 1 removed (VBAT), 3 changed (POE_SEN and POE_DRAIN by U5 leaving and R525 or R526 joining, GND by C72 to C74 joining), 0 unexplained against v2/docs/records/w3b/expected_w3b.json and 2 unexplained when W3B-F1's parts are dropped from it; VBAT_RTC carries every node VBAT carried plus C72 to C74 pin 1 (v2/docs/records/w3b/tools/rename_check.py); PG1 to PG3, their buffers and the qualifier muxes are on it unchanged; the stream touches no part or net of the fabric, so this reading stands on the file at 8b78c59754a6a0c7", "v2/ecad/pcb-b-compute-b19/out/pcb-b-compute.net regenerated at stream w4b's merge of 27 September 2026 (MESHSAT-1357, board B: RF-002, W4B-D1 to W4B-D3) on the KiCad box with main's chain (main's own generator reproduces main's committed schematic PARITY and netlist, intent, provenance and ERC PARITY_AFTER_NOISE, BOM PARITY) and compared by the integration's own comparator (v2/docs/records/r8b/integration/indep_cmp.py) record by record and net by net: 13 parts added (U536, C559, R527 to R531, U116, U216, U316, C607, C637, C667), 3 removed (R164, R264, R364), 6 changed (R514 to R516's value and code, U115, U215 and U315's value text), 7 nets added (RB_SW_IEN, LIME_UVLO, RB_UVLO, E22_UVLO and the three freed U{s}15 pin 4 nets) and 19 changed, 0 unexplained against v2/docs/records/w4b/expected_w4b.json and refused when any decision's entries are dropped; PG1 to PG3, their buffers and the qualifier muxes are on it unchanged, and the one new reader of a module pin, U{s}16 on PCIE_PWR_EN{s} (a module output), is an input (II +-1 uA at VCC 0 to 5.5 V, TI SCLS739F 6.5) that drives nothing into the module, so this reading stands on the file at 028997a6c5e8810f", "v2/ecad/pcb-b-compute-b19/out/pcb-b-compute.net re-read at integration set 8 (28 September 2026, stream s98, S-98): regenerated on the KiCad box from the committed generator; main's file at 028997a6c5e8810f and the tree's at 21a1f74a3ec1ae28 were compared with only their 4 date and source line(s) dropped and are byte-identical, so every component, value, footprint, pin and net this record's reading rests on is unchanged; rebound (apply_rebind_netlists_s98.py). No result changes.", "v2/ecad/pcb-b-compute-b19/out/pcb-b-compute.net re-read at integration set 10 (29 September 2026): regenerated on the KiCad box after stream d6dec's decoupling tools entered every generator's import closure; main's file at 21a1f74a3ec1ae28 and the tree's at 97823ef1171a61ce were compared with only their 4 date and source line(s) dropped and are byte-identical, so every component, value, footprint, pin and net this record's reading rests on is unchanged; rebound (apply_rebind_netlists_int11.py). No result changes.", "v2/ecad/pcb-b-compute-b19/out/pcb-b-compute.net re-read at integration set 12 (apply_rebind_after_circuit b 5b89d5ef6fe0299a): the circuit change of stream d4emcon's FEA-002 remedies was compared with main's netlist 97823ef1171a61ce by parsed components and net node sets; changed parts C668, C669, C670, C671, C672, C673, C674, C675, C676, C677, C678, C679, C680, C681, C682, C683, C684, C685, R532, R533, R534, R535, R536, R537, R538, R539, R540, R541, R542, R543, R544, R545, R546, R547, R548, R549, R550, U537, U538, U539, U540, U541, U542, U543, U544, U545, U546, U547, U548, U549, U550, U551, U552, U553, U554, R238, R41, R42, R527, U536; changed nets +3V3_CM2, +3V3_CM3, +3V3_DEV, +3V3_S2A, +3V3_ZB, +5V_DEV, 5G_PWROFF_n, 5G_TPR_n, E22_EN, GND, LORA_BUSY, LORA_DIO1, LORA_GO, LORA_MISO, LORA_MOSI, LORA_NRST, LORA_NSS, LORA_RXEN, LORA_RXEN_G, LORA_SCLK, LORA_TXEN, LORA_TXEN_G, RB_CTRL, RB_CTRL_H, RB_GO, RB_IEN, RB_IEN_DRV, RB_RXD, RB_RXD_H, RB_STATUS, RB_TXD, SPI3_CE1, SPI3_IO23, SPI3_IO24, SPI3_IO26, SPI3_MISO, SPI3_MOSI, SPI3_SCLK, ZBA_BSL, ZBA_BSL_H, ZBA_RST_H, ZBA_RST_n, ZBA_RXD, ZBA_RXD_H, ZBB_BSL, ZBB_BSL_H, ZBB_RST_H, ZBB_RST_n, ZBB_RXD, ZBB_RXD_H, unconnected-(U543-NC-Pad3), unconnected-(U543-NC-Pad4), unconnected-(U544-NC-Pad1), unconnected-(U551-NC-Pad1), unconnected-(U552-NC-Pad1), unconnected-(U553-NC-Pad1), unconnected-(U554-NC-Pad4). No new part drives a compute module pin from an always-on rail: the E22 gates and buffers that meet slot 3's pins run from slot 3's own 3.3 V (SN74LVC Ioff with the module unpowered), the other new parts drive radio modules, not compute modules; rebound to 5b89d5ef6fe0299a. No result changes.", "v2/ecad/pcb-b-compute-b19/out/pcb-b-compute.net re-read at integration set 12 (apply_rebind_after_circuit b 3ef9b8c49a01b728): the circuit change of stream d4emcon's FEA-002 remedies was compared with main's netlist 97823ef1171a61ce by parsed components and net node sets; changed parts C668, C669, C670, C671, C672, C673, C674, C675, C676, C677, C678, C679, C680, C681, C682, C683, C684, C685, R532, R533, R534, R535, R536, R537, R538, R539, R540, R541, R542, R543, R544, R545, R546, R547, R548, R549, R550, R551, U537, U538, U539, U540, U541, U542, U543, U544, U545, U546, U547, U548, U549, U550, U551, U552, U553, U554, R238, R41, R42, R527, U536; changed nets +3V3_CM2, +3V3_CM3, +3V3_DEV, +3V3_S2A, +3V3_ZB, +5V_DEV, 5G_PWROFF_n, 5G_TPR_n, E22_EN, GND, LORA_BUSY, LORA_DIO1, LORA_GO, LORA_MISO, LORA_MOSI, LORA_NRST, LORA_NSS, LORA_RXEN, LORA_RXEN_G, LORA_SCLK, LORA_TXEN, LORA_TXEN_G, RB_CTRL, RB_CTRL_H, RB_GO, RB_IEN, RB_IEN_DRV, RB_RXD, RB_RXD_H, RB_STATUS, RB_TD_CT, RB_TXD, SPI3_CE1, SPI3_IO23, SPI3_IO24, SPI3_IO26, SPI3_MISO, SPI3_MOSI, SPI3_SCLK, ZBA_BSL, ZBA_BSL_H, ZBA_RST_H, ZBA_RST_n, ZBA_RXD, ZBA_RXD_H, ZBB_BSL, ZBB_BSL_H, ZBB_RST_H, ZBB_RST_n, ZBB_RXD, ZBB_RXD_H, unconnected-(U543-NC-Pad3), unconnected-(U544-NC-Pad1), unconnected-(U551-NC-Pad1), unconnected-(U552-NC-Pad1), unconnected-(U553-NC-Pad1), unconnected-(U554-NC-Pad4). No new part drives a compute module pin from an always-on rail: the E22 gates and buffers that meet slot 3's pins run from slot 3's own 3.3 V (SN74LVC Ioff with the module unpowered), the other new parts drive radio modules, not compute modules; rebound to 3ef9b8c49a01b728. No result changes."]); registry CON-003 evidence_bound_to ~ pcb-b-compute.net@3ef9b8c49a01b728 (read: ['v2/docs/feasibility/FAILOVER-FABRIC.md@a0ad3d7436cd126d', 'v2/ecad/pcb-b-compute-b19/out/pcb-b-compute.net@3ef9b8c49a01b728']); registry CON-022 evidence_bound_to ~ pcb-b-compute.net@3ef9b8c49a01b728 (read: ['v2/docs/feasibility/FAILOVER-FABRIC.md@a0ad3d7436cd126d', 'v2/ecad/pcb-b-compute-b19/out/pcb-b-compute.net@3ef9b8c49a01b728'])
DEFINITION-STATUS.md#Current values of CONOPS's circuit passages (stream s122, 29 September 2026):L130:cell:3:s1 [d23056fff8] TRUE
    `ARCH-PCB-B-IOHA.md` section 5; `feasibility/FAILOVER-FABRIC.md` sections 9 and 9a; S-42, CON-003 and CON-022 in the registry
    judgement: the places named
    names looked up: 0 parts, 0 nets
    asserted (5): v2/docs/ARCH-PCB-B-IOHA.md says "## 5. How the hardware prevents split brain|**Drawn in board B's round 8 (27 Sep"; v2/docs/feasibility/FAILOVER-FABRIC.md says '## 9. Findings of this review|## 9a. Round 8 (27 September 2026'; registry S-42 status = OPEN (read: OPEN); registry CON-003 waits_on ~ S-42 (read: ['S-42']); registry CON-022 waits_on ~ S-42 (read: ['S-42'])
DEFINITION-STATUS.md#Current values of CONOPS's circuit passages (stream s122, 29 September 2026):L131:cell:1:s1 [840195c22c] TRUE
    section 7's D-17 row: board A's USB-C CC pins, the array riding on a board A update called owed
    judgement: the passage DC-09 keeps
    names looked up: 0 parts, 0 nets
    asserted (1): v2/docs/CONOPS.md says "| D-17 | Board A's USB-C CC pins (decision 31) | RULED 26 Sep | an external low-"
DEFINITION-STATUS.md#Current values of CONOPS's circuit passages (stream s122, 29 September 2026):L131:cell:2:s1 [8238c2f0de] TRUE
    the array is drawn: board A's `U31` (TPD2E2U06) on `PD_CC1` and `PD_CC2`, the CC pins of `J_USBC_OUT`, since `458b2873`, and so at `45bde541` and at `c5430071`; the row was written at `68bc9e8f`, before `458b2873` drew it
    judgement: the array on set 13, at 458b2873, 45bde541 and c5430071, and where the row was written (68bc9e8f, the file's first commit, without it)
    names looked up: 2 parts, 2 nets
    asserted (11): A U31 value has 'TPD2E2U06' (netlist: 'TPD2E2U06QDBZRQ1 low-capacitance ESD array, USB-C CC1 and CC'); A U31.1 on PD_CC1 (netlist: PD_CC1); A U31.2 on PD_CC2 (netlist: PD_CC2); A U31.3 on GND (netlist: GND); A J_USBC_OUT.2 on PD_CC1 (netlist: PD_CC1); A J_USBC_OUT.3 on PD_CC2 (netlist: PD_CC2); at 458b2873: A U31 value has 'TPD2E2U06' (netlist: 'TPD2E2U06QDBZRQ1 low-capacitance ESD array, USB-C CC1 and CC'); at c5430071: A U31 value has 'TPD2E2U06' (netlist: 'TPD2E2U06QDBZRQ1 low-capacitance ESD array, USB-C CC1 and CC'); at 45bde541: A U31 value has 'TPD2E2U06' (netlist: 'TPD2E2U06QDBZRQ1 low-capacitance ESD array, USB-C CC1 and CC'); at 68bc9e8f: U31 absent on A; v2/docs/CONOPS.md at 68bc9e8f says 'riding on the board A update already owed'

# counts per document (sentences, TRUE, STALE, BASELINE, NOT DERIVABLE, UNJUDGED, assertions evaluated)
PANEL.md: 167 sentences, 131 TRUE, 0 STALE, 0 BASELINE, 36 NOT DERIVABLE, 0 UNJUDGED, 786 assertions
CONOPS.md: 284 sentences, 50 TRUE, 1 STALE, 39 BASELINE, 194 NOT DERIVABLE, 0 UNJUDGED, 783 assertions
V2-SPEC.md: 146 sentences, 48 TRUE, 4 STALE, 0 BASELINE, 94 NOT DERIVABLE, 0 UNJUDGED, 326 assertions
OPERATING-ENVELOPE.md: 56 sentences, 16 TRUE, 2 STALE, 0 BASELINE, 38 NOT DERIVABLE, 0 UNJUDGED, 147 assertions
TEST-PLAN.md: 109 sentences, 18 TRUE, 0 STALE, 0 BASELINE, 91 NOT DERIVABLE, 0 UNJUDGED, 128 assertions
ASSEMBLY.md: 156 sentences, 90 TRUE, 0 STALE, 0 BASELINE, 66 NOT DERIVABLE, 0 UNJUDGED, 241 assertions
pcb_decisions.yaml: 9 sentences, 6 TRUE, 0 STALE, 0 BASELINE, 3 NOT DERIVABLE, 0 UNJUDGED, 17 assertions
EMCON.md: 26 sentences, 22 TRUE, 0 STALE, 0 BASELINE, 4 NOT DERIVABLE, 0 UNJUDGED, 455 assertions
DEFINITION-STATUS.md: 22 sentences, 15 TRUE, 0 STALE, 0 BASELINE, 7 NOT DERIVABLE, 0 UNJUDGED, 265 assertions
total: 975 sentences, 396 TRUE, 7 STALE, 39 BASELINE, 533 NOT DERIVABLE, 0 UNJUDGED, 3148 assertions
