ERC report (2026-09-27T04:43:10+0000, Encoding UTF8)
Report includes: Errors, Warnings, Exclusions

***** Sheet /
[pin_to_pin]: Pins of type Power output and Power output are connected
    ; error
    @(270.51 mm, 209.55 mm): Symbol #FLG09 Pin 1 [Power output, Line]
    @(1863.09 mm, 1295.40 mm): Symbol U21 Pin 1 [VOUT, Power output, Line]
[pin_to_pin]: Pins of type Power output and Power output are connected
    ; error
    @(283.21 mm, 209.55 mm): Symbol #FLG10 Pin 1 [Power output, Line]
    @(2293.62 mm, 1330.96 mm): Symbol U22 Pin 1 [VOUT, Power output, Line]
[pin_to_pin]: Pins of type Power output and Power output are connected
    ; error
    @(308.61 mm, 209.55 mm): Symbol #FLG12 Pin 1 [Power output, Line]
    @(45.72 mm, 1598.93 mm): Symbol U28 Pin 1 [OUT, Power output, Line]
[power_pin_not_driven]: Input Power pin not driven by any Output Power pins
    ; error
    @(1305.56 mm, 624.84 mm): Symbol J_SIM1 Pin 1 [VCC, Power input, Line]
[power_pin_not_driven]: Input Power pin not driven by any Output Power pins
    ; error
    @(1442.72 mm, 632.46 mm): Symbol J_SIM2 Pin 1 [VCC, Power input, Line]
[lib_symbol_issues]: The current configuration does not include the symbol library 'Connector_Generic'
    ; warning
    @(29.21 mm, 34.29 mm): Symbol J_5V_DEV [Conn_01x02]
[lib_symbol_issues]: The current configuration does not include the symbol library 'Device'
    ; warning
    @(58.42 mm, 44.45 mm): Symbol D1 [D_Zener]
[lib_symbol_issues]: The current configuration does not include the symbol library 'power'
    ; warning
    @(58.42 mm, 50.80 mm): Symbol #PWR000 [GND]
[lib_symbol_issues]: The current configuration does not include the symbol library 'Device'
    ; warning
    @(73.66 mm, 44.45 mm): Symbol C1 [C]
[lib_symbol_issues]: The current configuration does not include the symbol library 'power'
    ; warning
    @(73.66 mm, 50.80 mm): Symbol #PWR001 [GND]
[unconnected_wire_endpoint]: Unconnected wire endpoint
    ; warning
    @(88.90 mm, 38.10 mm): Horizontal Wire, length 2.54 mm
[lib_symbol_issues]: The current configuration does not include the symbol library 'Device'
    ; warning
    @(88.90 mm, 44.45 mm): Symbol C2 [C]
[lib_symbol_issues]: The current configuration does not include the symbol library 'power'
    ; warning
    @(88.90 mm, 50.80 mm): Symbol #PWR002 [GND]
[lib_symbol_issues]: The current configuration does not include the symbol library 'Device'
    ; warning
    @(41.91 mm, 95.25 mm): Symbol L2 [L]
[lib_symbol_issues]: The current configuration does not include the symbol library 'Device'
    ; warning
    @(36.83 mm, 104.14 mm): Symbol C10 [C]
[lib_symbol_issues]: The current configuration does not include the symbol library 'Device'
    ; warning
    @(113.03 mm, 43.18 mm): Symbol L1 [L]
[endpoint_off_grid]: Symbol pin or wire end off connection grid
    ; warning
    @(114.94 mm, 49.53 mm): Horizontal Wire, length 1.91 mm
[lib_symbol_issues]: The current configuration does not include the symbol library 'meshsat_ic'
    ; warning
    @(74.93 mm, 105.41 mm): Symbol U26 [U26]
[endpoint_off_grid]: Symbol pin or wire end off connection grid
    ; warning
    @(123.83 mm, 49.53 mm): Horizontal Wire, length 8.89 mm
[endpoint_off_grid]: Symbol pin or wire end off connection grid
    ; warning
    @(125.10 mm, 49.53 mm): Symbol U25 Pin 5 [DEV_SW, Passive, Line]
[endpoint_off_grid]: Symbol pin or wire end off connection grid
    ; warning
    @(125.10 mm, 49.53 mm): Horizontal Wire, length 1.27 mm
[lib_symbol_issues]: The current configuration does not include the symbol library 'power'
    ; warning
    @(74.93 mm, 116.84 mm): Symbol #PWR008 [GND]
[lib_symbol_issues]: The current configuration does not include the symbol library 'Device'
    ; warning
    @(53.34 mm, 129.54 mm): Symbol R1 [R]
[lib_symbol_issues]: The current configuration does not include the symbol library 'Connector'
    ; warning
    @(11.43 mm, 144.78 mm): Symbol TP2 [TestPoint]
[unconnected_wire_endpoint]: Unconnected wire endpoint
    ; warning
    @(95.25 mm, 104.14 mm): Horizontal Wire, length 10.16 mm
[lib_symbol_issues]: The current configuration does not include the symbol library 'Connector'
    ; warning
    @(31.75 mm, 144.78 mm): Symbol TP3 [TestPoint]
[lib_symbol_issues]: The current configuration does not include the symbol library 'meshsat_ic'
    ; warning
    @(142.24 mm, 50.80 mm): Symbol U25 [U25]
[lib_symbol_issues]: The current configuration does not include the symbol library 'Device'
    ; warning
    @(107.95 mm, 107.95 mm): Symbol C11 [C]
[lib_symbol_issues]: The current configuration does not include the symbol library 'power'
    ; warning
    @(142.24 mm, 59.69 mm): Symbol #PWR003 [GND]
[lib_symbol_issues]: The current configuration does not include the symbol library 'Connector'
    ; warning
    @(54.61 mm, 144.78 mm): Symbol TP4 [TestPoint]
[lib_symbol_issues]: The current configuration does not include the symbol library 'power'
    ; warning
    @(107.95 mm, 114.30 mm): Symbol #PWR007 [GND]
[lib_symbol_issues]: The current configuration does not include the symbol library 'Connector'
    ; warning
    @(76.20 mm, 144.78 mm): Symbol TP5 [TestPoint]
[lib_symbol_issues]: The current configuration does not include the symbol library 'Device'
    ; warning
    @(100.33 mm, 129.54 mm): Symbol R2 [R]
[endpoint_off_grid]: Symbol pin or wire end off connection grid
    ; warning
    @(159.38 mm, 49.53 mm): Horizontal Wire, length 1.27 mm
[endpoint_off_grid]: Symbol pin or wire end off connection grid
    ; warning
    @(160.65 mm, 49.53 mm): Horizontal Wire, length 10.16 mm
[lib_symbol_issues]: The current configuration does not include the symbol library 'Connector'
    ; warning
    @(99.06 mm, 144.78 mm): Symbol TP6 [TestPoint]
[lib_symbol_issues]: The current configuration does not include the symbol library 'Connector'
    ; warning
    @(11.43 mm, 175.26 mm): Symbol TP20 [TestPoint]
[endpoint_off_grid]: Symbol pin or wire end off connection grid
    ; warning
    @(170.81 mm, 49.53 mm): Horizontal Wire, length 1.91 mm
[lib_symbol_issues]: The current configuration does not include the symbol library 'Connector'
    ; warning
    @(33.02 mm, 175.26 mm): Symbol TP21 [TestPoint]
[lib_symbol_issues]: The current configuration does not include the symbol library 'Device'
    ; warning
    @(176.53 mm, 49.53 mm): Symbol C3 [C]
[lib_symbol_issues]: The current configuration does not include the symbol library 'Connector'
    ; warning
    @(55.88 mm, 175.26 mm): Symbol TP22 [TestPoint]
[lib_symbol_issues]: The current configuration does not include the symbol library 'Connector'
    ; warning
    @(115.57 mm, 144.78 mm): Symbol TP7 [TestPoint]
[unconnected_wire_endpoint]: Unconnected wire endpoint
    ; warning
    @(157.48 mm, 101.60 mm): Horizontal Wire, length 2.54 mm
[lib_symbol_issues]: The current configuration does not include the symbol library 'Device'
    ; warning
    @(157.48 mm, 107.95 mm): Symbol C7 [C]
[lib_symbol_issues]: The current configuration does not include the symbol library 'Connector'
    ; warning
    @(76.20 mm, 175.26 mm): Symbol TP23 [TestPoint]
[lib_symbol_issues]: The current configuration does not include the symbol library 'power'
    ; warning
    @(157.48 mm, 114.30 mm): Symbol #PWR009 [GND]
[lib_symbol_issues]: The current configuration does not include the symbol library 'Connector'
    ; warning
    @(138.43 mm, 144.78 mm): Symbol TP8 [TestPoint]
[lib_symbol_issues]: The current configuration does not include the symbol library 'Connector'
    ; warning
    @(97.79 mm, 175.26 mm): Symbol TP24 [TestPoint]
[lib_symbol_issues]: The current configuration does not include the symbol library 'Connector'
    ; warning
    @(11.43 mm, 205.74 mm): Symbol TP46 [TestPoint]
[lib_symbol_issues]: The current configuration does not include the symbol library 'meshsat_ic'
    ; warning
    @(180.34 mm, 100.33 mm): Symbol U27 [U27]
[lib_symbol_issues]: The current configuration does not include the symbol library 'Connector'
    ; warning
    @(36.83 mm, 205.74 mm): Symbol TP47 [TestPoint]
[lib_symbol_issues]: The current configuration does not include the symbol library 'power'
    ; warning
    @(180.34 mm, 109.22 mm): Symbol #PWR010 [GND]
[lib_symbol_issues]: The current configuration does not include the symbol library 'Connector'
    ; warning
    @(120.65 mm, 175.26 mm): Symbol TP25 [TestPoint]
[lib_symbol_issues]: The current configuration does not include the symbol library 'Device'
    ; warning
    @(207.01 mm, 55.88 mm): Symbol C4 [C]
[lib_symbol_issues]: The current configuration does not include the symbol library 'Connector'
    ; warning
    @(62.23 mm, 205.74 mm): Symbol TP48 [TestPoint]
[unconnected_wire_endpoint]: Unconnected wire endpoint
    ; warning
    @(207.01 mm, 49.53 mm): Horizontal Wire, length 2.54 mm
[lib_symbol_issues]: The current configuration does not include the symbol library 'power'
    ; warning
    @(207.01 mm, 62.23 mm): Symbol #PWR004 [GND]
[lib_symbol_issues]: The current configuration does not include the symbol library 'Connector'
    ; warning
    @(163.83 mm, 144.78 mm): Symbol TP9 [TestPoint]
[lib_symbol_issues]: The current configuration does not include the symbol library 'Connector'
    ; warning
    @(87.63 mm, 205.74 mm): Symbol TP49 [TestPoint]
[lib_symbol_issues]: The current configuration does not include the symbol library 'Connector'
    ; warning
    @(142.24 mm, 175.26 mm): Symbol TP26 [TestPoint]
[lib_symbol_issues]: The current configuration does not include the symbol library 'Device'
    ; warning
    @(227.33 mm, 55.88 mm): Symbol C5 [C]
[lib_symbol_issues]: The current configuration does not include the symbol library 'Connector'
    ; warning
    @(113.03 mm, 205.74 mm): Symbol TP50 [TestPoint]
[lib_symbol_issues]: The current configuration does not include the symbol library 'power'
    ; warning
    @(227.33 mm, 62.23 mm): Symbol #PWR005 [GND]
[lib_symbol_issues]: The current configuration does not include the symbol library 'Connector'
    ; warning
    @(186.69 mm, 144.78 mm): Symbol TP10 [TestPoint]
[lib_symbol_issues]: The current configuration does not include the symbol library 'Connector'
    ; warning
    @(163.83 mm, 175.26 mm): Symbol TP27 [TestPoint]
[lib_symbol_issues]: The current configuration does not include the symbol library 'power'
    ; warning
    @(12.70 mm, 242.57 mm): Symbol #FLG20 [PWR_FLAG]
[lib_symbol_issues]: The current configuration does not include the symbol library 'power'
    ; warning
    @(25.40 mm, 242.57 mm): Symbol #FLG21 [PWR_FLAG]
[lib_symbol_issues]: The current configuration does not include the symbol library 'power'
    ; warning
    @(38.10 mm, 242.57 mm): Symbol #FLG22 [PWR_FLAG]
[unconnected_wire_endpoint]: Unconnected wire endpoint
    ; warning
    @(222.25 mm, 99.06 mm): Horizontal Wire, length 2.54 mm
[lib_symbol_issues]: The current configuration does not include the symbol library 'Device'
    ; warning
    @(222.25 mm, 105.41 mm): Symbol C12 [C]
[lib_symbol_issues]: The current configuration does not include the symbol library 'power'
    ; warning
    @(50.80 mm, 242.57 mm): Symbol #FLG23 [PWR_FLAG]
[lib_symbol_issues]: The current configuration does not include the symbol library 'Connector'
    ; warning
    @(139.70 mm, 205.74 mm): Symbol TP51 [TestPoint]
[lib_symbol_issues]: The current configuration does not include the symbol library 'power'
    ; warning
    @(222.25 mm, 111.76 mm): Symbol #PWR011 [GND]
[lib_symbol_issues]: The current configuration does not include the symbol library 'Device'
    ; warning
    @(242.57 mm, 55.88 mm): Symbol C6 [C]
[lib_symbol_issues]: The current configuration does not include the symbol library 'Connector'
    ; warning
    @(203.20 mm, 144.78 mm): Symbol TP11 [TestPoint]
[unconnected_wire_endpoint]: Unconnected wire endpoint
    ; warning
    @(242.57 mm, 49.53 mm): Horizontal Wire, length 2.54 mm
[lib_symbol_issues]: The current configuration does not include the symbol library 'power'
    ; warning
    @(242.57 mm, 62.23 mm): Symbol #PWR006 [GND]
[lib_symbol_issues]: The current configuration does not include the symbol library 'power'
    ; warning
    @(63.50 mm, 242.57 mm): Symbol #FLG24 [PWR_FLAG]
[lib_symbol_issues]: The current configuration does not include the symbol library 'Connector'
    ; warning
    @(184.15 mm, 175.26 mm): Symbol TP28 [TestPoint]
[lib_symbol_issues]: The current configuration does not include the symbol library 'power'
    ; warning
    @(76.20 mm, 242.57 mm): Symbol #FLG25 [PWR_FLAG]
[lib_symbol_issues]: The current configuration does not include the symbol library 'power'
    ; warning
    @(88.90 mm, 242.57 mm): Symbol #FLG26 [PWR_FLAG]
[lib_symbol_issues]: The current configuration does not include the symbol library 'Connector'
    ; warning
    @(218.44 mm, 144.78 mm): Symbol TP12 [TestPoint]
[lib_symbol_issues]: The current configuration does not include the symbol library 'power'
    ; warning
    @(101.60 mm, 242.57 mm): Symbol #FLG27 [PWR_FLAG]
[unconnected_wire_endpoint]: Unconnected wire endpoint
    ; warning
    @(242.57 mm, 99.06 mm): Horizontal Wire, length 2.54 mm
[lib_symbol_issues]: The current configuration does not include the symbol library 'Device'
    ; warning
    @(242.57 mm, 105.41 mm): Symbol C13 [C]
[lib_symbol_issues]: The current configuration does not include the symbol library 'power'
    ; warning
    @(242.57 mm, 111.76 mm): Symbol #PWR012 [GND]
[lib_symbol_issues]: The current configuration does not include the symbol library 'power'
    ; warning
    @(114.30 mm, 242.57 mm): Symbol #FLG28 [PWR_FLAG]
[lib_symbol_issues]: The current configuration does not include the symbol library 'power'
    ; warning
    @(168.91 mm, 209.55 mm): Symbol #FLG01 [PWR_FLAG]
[lib_symbol_issues]: The current configuration does not include the symbol library 'Connector'
    ; warning
    @(207.01 mm, 175.26 mm): Symbol TP29 [TestPoint]
[lib_symbol_issues]: The current configuration does not include the symbol library 'power'
    ; warning
    @(127.00 mm, 242.57 mm): Symbol #FLG29 [PWR_FLAG]
[lib_symbol_issues]: The current configuration does not include the symbol library 'Device'
    ; warning
    @(259.08 mm, 90.17 mm): Symbol BT1 [Battery_Cell]
[lib_symbol_issues]: The current configuration does not include the symbol library 'power'
    ; warning
    @(259.08 mm, 95.25 mm): Symbol #PWR013 [GND]
[lib_symbol_issues]: The current configuration does not include the symbol library 'power'
    ; warning
    @(181.61 mm, 209.55 mm): Symbol #FLG02 [PWR_FLAG]
[lib_symbol_issues]: The current configuration does not include the symbol library 'power'
    ; warning
    @(139.70 mm, 242.57 mm): Symbol #FLG30 [PWR_FLAG]
[lib_symbol_issues]: The current configuration does not include the symbol library 'Connector'
    ; warning
    @(241.30 mm, 144.78 mm): Symbol TP13 [TestPoint]
[lib_symbol_issues]: The current configuration does not include the symbol library 'power'
    ; warning
    @(194.31 mm, 209.55 mm): Symbol #FLG03 [PWR_FLAG]
[lib_symbol_issues]: The current configuration does not include the symbol library 'power'
    ; warning
    @(152.40 mm, 242.57 mm): Symbol #FLG31 [PWR_FLAG]
[lib_symbol_issues]: The current configuration does not include the symbol library 'Connector'
    ; warning
    @(229.87 mm, 175.26 mm): Symbol TP30 [TestPoint]
[lib_symbol_issues]: The current configuration does not include the symbol library 'power'
    ; warning
    @(165.10 mm, 242.57 mm): Symbol #FLG32 [PWR_FLAG]
[lib_symbol_issues]: The current configuration does not include the symbol library 'power'
    ; warning
    @(207.01 mm, 209.55 mm): Symbol #FLG04 [PWR_FLAG]
[lib_symbol_issues]: The current configuration does not include the symbol library 'power'
    ; warning
    @(177.80 mm, 242.57 mm): Symbol #FLG33 [PWR_FLAG]
[lib_symbol_issues]: The current configuration does not include the symbol library 'Connector'
    ; warning
    @(265.43 mm, 144.78 mm): Symbol TP14 [TestPoint]
[lib_symbol_issues]: The current configuration does not include the symbol library 'power'
    ; warning
    @(219.71 mm, 209.55 mm): Symbol #FLG05 [PWR_FLAG]
[lib_symbol_issues]: The current configuration does not include the symbol library 'Connector'
    ; warning
    @(250.19 mm, 175.26 mm): Symbol TP31 [TestPoint]
[lib_symbol_issues]: The current configuration does not include the symbol library 'power'
    ; warning
    @(190.50 mm, 242.57 mm): Symbol #FLG34 [PWR_FLAG]
[lib_symbol_issues]: The current configuration does not include the symbol library 'power'
    ; warning
    @(232.41 mm, 209.55 mm): Symbol #FLG06 [PWR_FLAG]
[lib_symbol_issues]: The current configuration does not include the symbol library 'power'
    ; warning
    @(203.20 mm, 242.57 mm): Symbol #FLG35 [PWR_FLAG]
[lib_symbol_issues]: The current configuration does not include the symbol library 'power'
    ; warning
    @(245.11 mm, 209.55 mm): Symbol #FLG07 [PWR_FLAG]
[lib_symbol_issues]: The current configuration does not include the symbol library 'Connector'
    ; warning
    @(288.29 mm, 144.78 mm): Symbol TP15 [TestPoint]
[lib_symbol_issues]: The current configuration does not include the symbol library 'Connector'
    ; warning
    @(271.78 mm, 175.26 mm): Symbol TP41 [TestPoint]
[lib_symbol_issues]: The current configuration does not include the symbol library 'power'
    ; warning
    @(215.90 mm, 242.57 mm): Symbol #FLG36 [PWR_FLAG]
[lib_symbol_issues]: The current configuration does not include the symbol library 'power'
    ; warning
    @(257.81 mm, 209.55 mm): Symbol #FLG08 [PWR_FLAG]
[lib_symbol_issues]: The current configuration does not include the symbol library 'power'
    ; warning
    @(228.60 mm, 242.57 mm): Symbol #FLG37 [PWR_FLAG]
[lib_symbol_issues]: The current configuration does not include the symbol library 'Connector'
    ; warning
    @(307.34 mm, 144.78 mm): Symbol TP16 [TestPoint]
[lib_symbol_issues]: The current configuration does not include the symbol library 'Device'
    ; warning
    @(17.78 mm, 340.36 mm): Symbol R134 [R]
[lib_symbol_issues]: The current configuration does not include the symbol library 'power'
    ; warning
    @(241.30 mm, 242.57 mm): Symbol #FLG38 [PWR_FLAG]
[lib_symbol_issues]: The current configuration does not include the symbol library 'power'
    ; warning
    @(270.51 mm, 209.55 mm): Symbol #FLG09 [PWR_FLAG]
[lib_symbol_issues]: The current configuration does not include the symbol library 'Device'
    ; warning
    @(334.01 mm, 80.01 mm): Symbol C8 [C]
[lib_symbol_issues]: The current configuration does not include the symbol library 'Connector'
    ; warning
    @(297.18 mm, 175.26 mm): Symbol TP42 [TestPoint]
[lib_symbol_issues]: The current configuration does not include the symbol library 'power'
    ; warning
    @(254.00 mm, 242.57 mm): Symbol #FLG39 [PWR_FLAG]
[lib_symbol_issues]: The current configuration does not include the symbol library 'power'
    ; warning
    @(283.21 mm, 209.55 mm): Symbol #FLG10 [PWR_FLAG]
[lib_symbol_issues]: The current configuration does not include the symbol library 'power'
    ; warning
    @(266.70 mm, 242.57 mm): Symbol #FLG40 [PWR_FLAG]
[lib_symbol_issues]: The current configuration does not include the symbol library 'Connector'
    ; warning
    @(330.20 mm, 144.78 mm): Symbol TP17 [TestPoint]
[lib_symbol_issues]: The current configuration does not include the symbol library 'power'
    ; warning
    @(295.91 mm, 209.55 mm): Symbol #FLG11 [PWR_FLAG]
[lib_symbol_issues]: The current configuration does not include the symbol library 'Connector'
    ; warning
    @(322.58 mm, 175.26 mm): Symbol TP43 [TestPoint]
[lib_symbol_issues]: The current configuration does not include the symbol library 'power'
    ; warning
    @(279.40 mm, 242.57 mm): Symbol #FLG41 [PWR_FLAG]
[lib_symbol_issues]: The current configuration does not include the symbol library 'power'
    ; warning
    @(308.61 mm, 209.55 mm): Symbol #FLG12 [PWR_FLAG]
[lib_symbol_issues]: The current configuration does not include the symbol library 'Connector'
    ; warning
    @(350.52 mm, 144.78 mm): Symbol TP18 [TestPoint]
[lib_symbol_issues]: The current configuration does not include the symbol library 'power'
    ; warning
    @(292.10 mm, 242.57 mm): Symbol #FLG42 [PWR_FLAG]
[lib_symbol_issues]: The current configuration does not include the symbol library 'Device'
    ; warning
    @(115.57 mm, 363.22 mm): Symbol R137 [R]
[lib_symbol_issues]: The current configuration does not include the symbol library 'power'
    ; warning
    @(321.31 mm, 209.55 mm): Symbol #FLG13 [PWR_FLAG]
[lib_symbol_issues]: The current configuration does not include the symbol library 'Device'
    ; warning
    @(157.48 mm, 350.52 mm): Symbol C157 [C]
[unconnected_wire_endpoint]: Unconnected wire endpoint
    ; warning
    @(172.72 mm, 344.17 mm): Horizontal Wire, length 2.54 mm
[lib_symbol_issues]: The current configuration does not include the symbol library 'Device'
    ; warning
    @(381.00 mm, 80.01 mm): Symbol C9 [C]
[lib_symbol_issues]: The current configuration does not include the symbol library 'power'
    ; warning
    @(304.80 mm, 242.57 mm): Symbol #FLG43 [PWR_FLAG]
[lib_symbol_issues]: The current configuration does not include the symbol library 'Connector'
    ; warning
    @(347.98 mm, 175.26 mm): Symbol TP44 [TestPoint]
[lib_symbol_issues]: The current configuration does not include the symbol library 'power'
    ; warning
    @(157.48 mm, 356.87 mm): Symbol #PWR078 [GND]
[lib_symbol_issues]: The current configuration does not include the symbol library 'Device'
    ; warning
    @(137.16 mm, 365.76 mm): Symbol R138 [R]
[lib_symbol_issues]: The current configuration does not include the symbol library 'Device'
    ; warning
    @(172.72 mm, 350.52 mm): Symbol C158 [C]
[lib_symbol_issues]: The current configuration does not include the symbol library 'Connector'
    ; warning
    @(68.58 mm, 387.35 mm): Symbol J_M2C1 [Bus_M.2_Socket_E]
[lib_symbol_issues]: The current configuration does not include the symbol library 'power'
    ; warning
    @(334.01 mm, 209.55 mm): Symbol #FLG14 [PWR_FLAG]
[lib_symbol_issues]: The current configuration does not include the symbol library 'power'
    ; warning
    @(172.72 mm, 356.87 mm): Symbol #PWR079 [GND]
[lib_symbol_issues]: The current configuration does not include the symbol library 'power'
    ; warning
    @(317.50 mm, 242.57 mm): Symbol #FLG44 [PWR_FLAG]
[lib_symbol_issues]: The current configuration does not include the symbol library 'Connector'
    ; warning
    @(374.65 mm, 144.78 mm): Symbol TP19 [TestPoint]
[lib_symbol_issues]: The current configuration does not include the symbol library 'power'
    ; warning
    @(346.71 mm, 209.55 mm): Symbol #FLG15 [PWR_FLAG]
[lib_symbol_issues]: The current configuration does not include the symbol library 'Transistor_FET'
    ; warning
    @(209.55 mm, 347.98 mm): Symbol Q106 [2N7002]
[lib_symbol_issues]: The current configuration does not include the symbol library 'power'
    ; warning
    @(346.71 mm, 212.09 mm): Symbol #PWR014 [GND]
[lib_symbol_issues]: The current configuration does not include the symbol library 'power'
    ; warning
    @(330.20 mm, 242.57 mm): Symbol #FLG45 [PWR_FLAG]
[lib_symbol_issues]: The current configuration does not include the symbol library 'Connector'
    ; warning
    @(373.38 mm, 175.26 mm): Symbol TP45 [TestPoint]
[lib_symbol_issues]: The current configuration does not include the symbol library 'power'
    ; warning
    @(212.09 mm, 355.60 mm): Symbol #PWR080 [GND]
[lib_symbol_issues]: The current configuration does not include the symbol library 'power'
    ; warning
    @(359.41 mm, 209.55 mm): Symbol #FLG16 [PWR_FLAG]
[lib_symbol_issues]: The current configuration does not include the symbol library 'power'
    ; warning
    @(342.90 mm, 242.57 mm): Symbol #FLG46 [PWR_FLAG]
[unconnected_wire_endpoint]: Unconnected wire endpoint
    ; warning
    @(95.25 mm, 407.67 mm): Horizontal Wire, length 13.97 mm
[lib_symbol_issues]: The current configuration does not include the symbol library 'power'
    ; warning
    @(372.11 mm, 209.55 mm): Symbol #FLG17 [PWR_FLAG]
[lib_symbol_issues]: The current configuration does not include the symbol library 'power'
    ; warning
    @(355.60 mm, 242.57 mm): Symbol #FLG47 [PWR_FLAG]
[lib_symbol_issues]: The current configuration does not include the symbol library 'Device'
    ; warning
    @(12.70 mm, 431.80 mm): Symbol R186 [R]
[lib_symbol_issues]: The current configuration does not include the symbol library 'Device'
    ; warning
    @(22.86 mm, 436.88 mm): Symbol R185 [R]
[lib_symbol_issues]: The current configuration does not include the symbol library 'power'
    ; warning
    @(384.81 mm, 209.55 mm): Symbol #FLG18 [PWR_FLAG]
[lib_symbol_issues]: The current configuration does not include the symbol library 'power'
    ; warning
    @(12.70 mm, 438.15 mm): Symbol #PWR076 [GND]
[lib_symbol_issues]: The current configuration does not include the symbol library 'power'
    ; warning
    @(368.30 mm, 242.57 mm): Symbol #FLG48 [PWR_FLAG]
[lib_symbol_issues]: The current configuration does not include the symbol library 'power'
    ; warning
    @(68.58 mm, 438.15 mm): Symbol #PWR077 [GND]
[lib_symbol_issues]: The current configuration does not include the symbol library 'power'
    ; warning
    @(22.86 mm, 443.23 mm): Symbol #PWR075 [GND]
[lib_symbol_issues]: The current configuration does not include the symbol library 'Device'
    ; warning
    @(444.50 mm, 43.18 mm): Symbol R151 [R]
[lib_symbol_issues]: The current configuration does not include the symbol library 'power'
    ; warning
    @(397.51 mm, 209.55 mm): Symbol #FLG19 [PWR_FLAG]
[lib_symbol_issues]: The current configuration does not include the symbol library 'Device'
    ; warning
    @(447.04 mm, 71.12 mm): Symbol R157 [R]
[lib_symbol_issues]: The current configuration does not include the symbol library 'Device'
    ; warning
    @(35.56 mm, 458.47 mm): Symbol LED15 [LED]
[lib_symbol_issues]: The current configuration does not include the symbol library 'Device'
    ; warning
    @(458.47 mm, 49.53 mm): Symbol C181 [C]
[lib_symbol_issues]: The current configuration does not include the symbol library 'Device'
    ; warning
    @(458.47 mm, 57.15 mm): Symbol C180 [C]
[lib_symbol_issues]: The current configuration does not include the symbol library 'Device'
    ; warning
    @(86.36 mm, 458.47 mm): Symbol R139 [R]
[unconnected_wire_endpoint]: Unconnected wire endpoint
    ; warning
    @(478.79 mm, 52.07 mm): Horizontal Wire, length 13.97 mm
[unconnected_wire_endpoint]: Unconnected wire endpoint
    ; warning
    @(478.79 mm, 59.69 mm): Horizontal Wire, length 13.97 mm
[unconnected_wire_endpoint]: Unconnected wire endpoint
    ; warning
    @(478.79 mm, 72.39 mm): Horizontal Wire, length 13.97 mm
[lib_symbol_issues]: The current configuration does not include the symbol library 'Device'
    ; warning
    @(458.47 mm, 166.37 mm): Symbol R149 [R]
[lib_symbol_issues]: The current configuration does not include the symbol library 'Device'
    ; warning
    @(431.80 mm, 234.95 mm): Symbol D101 [D_Zener]
[lib_symbol_issues]: The current configuration does not include the symbol library 'Device'
    ; warning
    @(13.97 mm, 491.49 mm): Symbol R162 [R]
[lib_symbol_issues]: The current configuration does not include the symbol library 'power'
    ; warning
    @(431.80 mm, 241.30 mm): Symbol #PWR015 [GND]
[endpoint_off_grid]: Symbol pin or wire end off connection grid
    ; warning
    @(15.88 mm, 497.84 mm): Horizontal Wire, length 1.91 mm
[endpoint_off_grid]: Symbol pin or wire end off connection grid
    ; warning
    @(33.66 mm, 497.84 mm): Horizontal Wire, length 17.78 mm
[endpoint_off_grid]: Symbol pin or wire end off connection grid
    ; warning
    @(34.93 mm, 497.84 mm): Horizontal Wire, length 1.27 mm
[endpoint_off_grid]: Symbol pin or wire end off connection grid
    ; warning
    @(34.93 mm, 497.84 mm): Symbol U111 Pin 1 [WL_nDIS1_OFF, Passive, Line]
[endpoint_off_grid]: Symbol pin or wire end off connection grid
    ; warning
    @(34.93 mm, 500.38 mm): Horizontal Wire, length 2.54 mm
[endpoint_off_grid]: Symbol pin or wire end off connection grid
    ; warning
    @(14.61 mm, 502.92 mm): Horizontal Wire, length 1.91 mm
[endpoint_off_grid]: Symbol pin or wire end off connection grid
    ; warning
    @(33.66 mm, 502.92 mm): Horizontal Wire, length 19.05 mm
[endpoint_off_grid]: Symbol pin or wire end off connection grid
    ; warning
    @(34.93 mm, 502.92 mm): Horizontal Wire, length 1.27 mm
[lib_symbol_issues]: The current configuration does not include the symbol library 'Device'
    ; warning
    @(447.04 mm, 234.95 mm): Symbol C101 [C]
[endpoint_off_grid]: Symbol pin or wire end off connection grid
    ; warning
    @(89.53 mm, 497.84 mm): Horizontal Wire, length 1.27 mm
[endpoint_off_grid]: Symbol pin or wire end off connection grid
    ; warning
    @(90.80 mm, 497.84 mm): Horizontal Wire, length 17.78 mm
[lib_symbol_issues]: The current configuration does not include the symbol library 'power'
    ; warning
    @(447.04 mm, 241.30 mm): Symbol #PWR016 [GND]
[lib_symbol_issues]: The current configuration does not include the symbol library 'meshsat_ic'
    ; warning
    @(62.23 mm, 504.19 mm): Symbol U111 [U111]
[endpoint_off_grid]: Symbol pin or wire end off connection grid
    ; warning
    @(89.53 mm, 500.38 mm): Horizontal Wire, length 2.54 mm
[lib_symbol_issues]: The current configuration does not include the symbol library 'Device'
    ; warning
    @(130.81 mm, 491.49 mm): Symbol R163 [R]
[lib_symbol_issues]: The current configuration does not include the symbol library 'Device'
    ; warning
    @(468.63 mm, 199.39 mm): Symbol LED16 [LED]
[lib_symbol_issues]: The current configuration does not include the symbol library 'Device'
    ; warning
    @(12.70 mm, 509.27 mm): Symbol R173 [R]
[endpoint_off_grid]: Symbol pin or wire end off connection grid
    ; warning
    @(108.58 mm, 497.84 mm): Horizontal Wire, length 22.23 mm
[lib_symbol_issues]: The current configuration does not include the symbol library 'Connector_Generic'
    ; warning
    @(497.84 mm, 109.22 mm): Symbol U30A [CM5A]
[endpoint_off_grid]: Symbol pin or wire end off connection grid
    ; warning
    @(89.53 mm, 502.92 mm): Horizontal Wire, length 1.27 mm
[endpoint_off_grid]: Symbol pin or wire end off connection grid
    ; warning
    @(90.80 mm, 502.92 mm): Horizontal Wire, length 19.05 mm
[lib_symbol_issues]: The current configuration does not include the symbol library 'Device'
    ; warning
    @(477.52 mm, 184.15 mm): Symbol C182 [C]
[endpoint_off_grid]: Symbol pin or wire end off connection grid
    ; warning
    @(109.85 mm, 502.92 mm): Horizontal Wire, length 1.91 mm
[lib_symbol_issues]: The current configuration does not include the symbol library 'power'
    ; warning
    @(12.70 mm, 515.62 mm): Symbol #PWR081 [GND]
[lib_symbol_issues]: The current configuration does not include the symbol library 'Device'
    ; warning
    @(462.28 mm, 234.95 mm): Symbol C102 [C]
[lib_symbol_issues]: The current configuration does not include the symbol library 'Device'
    ; warning
    @(111.76 mm, 509.27 mm): Symbol R174 [R]
[lib_symbol_issues]: The current configuration does not include the symbol library 'power'
    ; warning
    @(462.28 mm, 241.30 mm): Symbol #PWR017 [GND]
[lib_symbol_issues]: The current configuration does not include the symbol library 'power'
    ; warning
    @(62.23 mm, 520.70 mm): Symbol #PWR083 [GND]
[lib_symbol_issues]: The current configuration does not include the symbol library 'Device'
    ; warning
    @(151.13 mm, 504.19 mm): Symbol C197 [C]
[lib_symbol_issues]: The current configuration does not include the symbol library 'power'
    ; warning
    @(111.76 mm, 515.62 mm): Symbol #PWR082 [GND]
[lib_symbol_issues]: The current configuration does not include the symbol library 'Device'
    ; warning
    @(166.37 mm, 504.19 mm): Symbol C170 [C]
[lib_symbol_issues]: The current configuration does not include the symbol library 'Device'
    ; warning
    @(477.52 mm, 234.95 mm): Symbol C103 [C]
[lib_symbol_issues]: The current configuration does not include the symbol library 'power'
    ; warning
    @(151.13 mm, 510.54 mm): Symbol #PWR084 [GND]
[unconnected_wire_endpoint]: Unconnected wire endpoint
    ; warning
    @(516.89 mm, 52.07 mm): Horizontal Wire, length 13.97 mm
[unconnected_wire_endpoint]: Unconnected wire endpoint
    ; warning
    @(516.89 mm, 59.69 mm): Horizontal Wire, length 13.97 mm
[lib_symbol_issues]: The current configuration does not include the symbol library 'power'
    ; warning
    @(477.52 mm, 241.30 mm): Symbol #PWR018 [GND]
[lib_symbol_issues]: The current configuration does not include the symbol library 'Device'
    ; warning
    @(181.61 mm, 504.19 mm): Symbol C171 [C]
[lib_symbol_issues]: The current configuration does not include the symbol library 'power'
    ; warning
    @(166.37 mm, 510.54 mm): Symbol #PWR085 [GND]
[lib_symbol_issues]: The current configuration does not include the symbol library 'Device'
    ; warning
    @(537.21 mm, 49.53 mm): Symbol C177 [C]
[lib_symbol_issues]: The current configuration does not include the symbol library 'Device'
    ; warning
    @(537.21 mm, 57.15 mm): Symbol C176 [C]
[lib_symbol_issues]: The current configuration does not include the symbol library 'Device'
    ; warning
    @(196.85 mm, 504.19 mm): Symbol C172 [C]
[lib_symbol_issues]: The current configuration does not include the symbol library 'power'
    ; warning
    @(181.61 mm, 510.54 mm): Symbol #PWR086 [GND]
[lib_symbol_issues]: The current configuration does not include the symbol library 'Device'
    ; warning
    @(492.76 mm, 234.95 mm): Symbol C104 [C]
[lib_symbol_issues]: The current configuration does not include the symbol library 'Device'
    ; warning
    @(212.09 mm, 504.19 mm): Symbol C173 [C]
[lib_symbol_issues]: The current configuration does not include the symbol library 'power'
    ; warning
    @(196.85 mm, 510.54 mm): Symbol #PWR087 [GND]
[lib_symbol_issues]: The current configuration does not include the symbol library 'power'
    ; warning
    @(492.76 mm, 241.30 mm): Symbol #PWR019 [GND]
[lib_symbol_issues]: The current configuration does not include the symbol library 'power'
    ; warning
    @(212.09 mm, 510.54 mm): Symbol #PWR088 [GND]
[lib_symbol_issues]: The current configuration does not include the symbol library 'Device'
    ; warning
    @(227.33 mm, 504.19 mm): Symbol C192 [C]
[lib_symbol_issues]: The current configuration does not include the symbol library 'Device'
    ; warning
    @(547.37 mm, 96.52 mm): Symbol R156 [R]
[lib_symbol_issues]: The current configuration does not include the symbol library 'Device'
    ; warning
    @(519.43 mm, 199.39 mm): Symbol R148 [R]
[lib_symbol_issues]: The current configuration does not include the symbol library 'Device'
    ; warning
    @(552.45 mm, 76.20 mm): Symbol R154 [R]
[lib_symbol_issues]: The current configuration does not include the symbol library 'power'
    ; warning
    @(227.33 mm, 510.54 mm): Symbol #PWR089 [GND]
[lib_symbol_issues]: The current configuration does not include the symbol library 'Device'
    ; warning
    @(528.32 mm, 184.15 mm): Symbol C178 [C]
[lib_symbol_issues]: The current configuration does not include the symbol library 'Device'
    ; warning
    @(242.57 mm, 504.19 mm): Symbol C193 [C]
[lib_symbol_issues]: The current configuration does not include the symbol library 'Device'
    ; warning
    @(508.00 mm, 234.95 mm): Symbol C105 [C]
[unconnected_wire_endpoint]: Unconnected wire endpoint
    ; warning
    @(257.81 mm, 497.84 mm): Horizontal Wire, length 2.54 mm
[lib_symbol_issues]: The current configuration does not include the symbol library 'power'
    ; warning
    @(508.00 mm, 241.30 mm): Symbol #PWR020 [GND]
[lib_symbol_issues]: The current configuration does not include the symbol library 'power'
    ; warning
    @(242.57 mm, 510.54 mm): Symbol #PWR090 [GND]
[lib_symbol_issues]: The current configuration does not include the symbol library 'Device'
    ; warning
    @(257.81 mm, 504.19 mm): Symbol C194 [C]
[lib_symbol_issues]: The current configuration does not include the symbol library 'power'
    ; warning
    @(257.81 mm, 510.54 mm): Symbol #PWR091 [GND]
[lib_symbol_issues]: The current configuration does not include the symbol library 'Device'
    ; warning
    @(523.24 mm, 234.95 mm): Symbol C106 [C]
[lib_symbol_issues]: The current configuration does not include the symbol library 'Device'
    ; warning
    @(566.42 mm, 101.60 mm): Symbol R155 [R]
[lib_symbol_issues]: The current configuration does not include the symbol library 'power'
    ; warning
    @(523.24 mm, 241.30 mm): Symbol #PWR021 [GND]
[lib_symbol_issues]: The current configuration does not include the symbol library 'Device'
    ; warning
    @(468.63 mm, 335.28 mm): Symbol C161 [C]
[lib_symbol_issues]: The current configuration does not include the symbol library 'Transistor_FET'
    ; warning
    @(302.26 mm, 492.76 mm): Symbol Q109 [2N7002]
[lib_symbol_issues]: The current configuration does not include the symbol library 'power'
    ; warning
    @(304.80 mm, 500.38 mm): Symbol #PWR092 [GND]
[lib_symbol_issues]: The current configuration does not include the symbol library 'Device'
    ; warning
    @(538.48 mm, 234.95 mm): Symbol C107 [C]
[lib_symbol_issues]: The current configuration does not include the symbol library 'power'
    ; warning
    @(538.48 mm, 241.30 mm): Symbol #PWR022 [GND]
[lib_symbol_issues]: The current configuration does not include the symbol library 'Device'
    ; warning
    @(462.28 mm, 369.57 mm): Symbol R146 [R]
[unconnected_wire_endpoint]: Unconnected wire endpoint
    ; warning
    @(553.72 mm, 228.60 mm): Horizontal Wire, length 2.54 mm
[lib_symbol_issues]: The current configuration does not include the symbol library 'Device'
    ; warning
    @(553.72 mm, 234.95 mm): Symbol C108 [C]
[lib_symbol_issues]: The current configuration does not include the symbol library 'Device'
    ; warning
    @(471.17 mm, 374.65 mm): Symbol R145 [R]
[lib_symbol_issues]: The current configuration does not include the symbol library 'power'
    ; warning
    @(553.72 mm, 241.30 mm): Symbol #PWR023 [GND]
[lib_symbol_issues]: The current configuration does not include the symbol library 'Transistor_FET'
    ; warning
    @(353.06 mm, 492.76 mm): Symbol Q110 [2N7002]
[lib_symbol_issues]: The current configuration does not include the symbol library 'Device'
    ; warning
    @(579.12 mm, 184.15 mm): Symbol C179 [C]
[lib_symbol_issues]: The current configuration does not include the symbol library 'power'
    ; warning
    @(355.60 mm, 500.38 mm): Symbol #PWR093 [GND]
[lib_symbol_issues]: The current configuration does not include the symbol library 'Device'
    ; warning
    @(458.47 mm, 415.29 mm): Symbol C165 [C]
[lib_symbol_issues]: The current configuration does not include the symbol library 'Device'
    ; warning
    @(574.04 mm, 234.95 mm): Symbol C109 [C]
[unconnected_wire_endpoint]: Unconnected wire endpoint
    ; warning
    @(491.49 mm, 401.32 mm): Horizontal Wire, length 17.78 mm
[lib_symbol_issues]: The current configuration does not include the symbol library 'power'
    ; warning
    @(574.04 mm, 241.30 mm): Symbol #PWR024 [GND]
[lib_symbol_issues]: The current configuration does not include the symbol library 'power'
    ; warning
    @(458.47 mm, 421.64 mm): Symbol #PWR095 [GND]
[lib_symbol_issues]: The current configuration does not include the symbol library 'Device'
    ; warning
    @(48.26 mm, 628.65 mm): Symbol R223 [R]
[lib_symbol_issues]: The current configuration does not include the symbol library 'Connector_Generic'
    ; warning
    @(510.54 mm, 373.38 mm): Symbol U102 [TUSB8041]
[lib_symbol_issues]: The current configuration does not include the symbol library 'Device'
    ; warning
    @(589.28 mm, 234.95 mm): Symbol C110 [C]
[unconnected_wire_endpoint]: Unconnected wire endpoint
    ; warning
    @(589.28 mm, 228.60 mm): Horizontal Wire, length 2.54 mm
[lib_symbol_issues]: The current configuration does not include the symbol library 'power'
    ; warning
    @(589.28 mm, 241.30 mm): Symbol #PWR025 [GND]
[unconnected_wire_endpoint]: Unconnected wire endpoint
    ; warning
    @(529.59 mm, 335.28 mm): Horizontal Wire, length 16.51 mm
[lib_symbol_issues]: The current configuration does not include the symbol library 'Device'
    ; warning
    @(45.72 mm, 643.89 mm): Symbol R221 [R]
[lib_symbol_issues]: The current configuration does not include the symbol library 'Device'
    ; warning
    @(490.22 mm, 426.72 mm): Symbol C162 [C]
[lib_symbol_issues]: The current configuration does not include the symbol library 'Device'
    ; warning
    @(431.80 mm, 486.41 mm): Symbol R160 [R]
[lib_symbol_issues]: The current configuration does not include the symbol library 'power'
    ; warning
    @(431.80 mm, 492.76 mm): Symbol #PWR107 [GND]
[lib_symbol_issues]: The current configuration does not include the symbol library 'Device'
    ; warning
    @(629.92 mm, 184.15 mm): Symbol C175 [C]
[lib_symbol_issues]: The current configuration does not include the symbol library 'Device'
    ; warning
    @(547.37 mm, 364.49 mm): Symbol R141 [R]
[lib_symbol_issues]: The current configuration does not include the symbol library 'Device'
    ; warning
    @(35.56 mm, 659.13 mm): Symbol R226 [R]
[lib_symbol_issues]: The current configuration does not include the symbol library 'Device'
    ; warning
    @(24.13 mm, 666.75 mm): Symbol R219 [R]
[lib_symbol_issues]: The current configuration does not include the symbol library 'Connector_Generic'
    ; warning
    @(471.17 mm, 472.44 mm): Symbol U109 [TMUXHS4212]
[lib_symbol_issues]: The current configuration does not include the symbol library 'Device'
    ; warning
    @(134.62 mm, 656.59 mm): Symbol R224 [R]
[unconnected_wire_endpoint]: Unconnected wire endpoint
    ; warning
    @(110.49 mm, 662.94 mm): Horizontal Wire, length 13.97 mm
[lib_symbol_issues]: The current configuration does not include the symbol library 'Device'
    ; warning
    @(556.26 mm, 384.81 mm): Symbol R143 [R]
[lib_symbol_issues]: The current configuration does not include the symbol library 'power'
    ; warning
    @(134.62 mm, 662.94 mm): Symbol #PWR142 [GND]
[lib_symbol_issues]: The current configuration does not include the symbol library 'Device'
    ; warning
    @(54.61 mm, 674.37 mm): Symbol R220 [R]
[unconnected_wire_endpoint]: Unconnected wire endpoint
    ; warning
    @(529.59 mm, 401.32 mm): Horizontal Wire, length 17.78 mm
[lib_symbol_issues]: The current configuration does not include the symbol library 'Device'
    ; warning
    @(127.00 mm, 671.83 mm): Symbol R222 [R]
[lib_symbol_issues]: The current configuration does not include the symbol library 'Device'
    ; warning
    @(548.64 mm, 408.94 mm): Symbol R147 [R]
[lib_symbol_issues]: The current configuration does not include the symbol library 'Device'
    ; warning
    @(558.80 mm, 397.51 mm): Symbol R144 [R]
[lib_symbol_issues]: The current configuration does not include the symbol library 'power'
    ; warning
    @(558.80 mm, 403.86 mm): Symbol #PWR094 [GND]
[lib_symbol_issues]: The current configuration does not include the symbol library 'power'
    ; warning
    @(127.00 mm, 678.18 mm): Symbol #PWR143 [GND]
[lib_symbol_issues]: The current configuration does not include the symbol library 'Device'
    ; warning
    @(542.29 mm, 433.07 mm): Symbol C164 [C]
[lib_symbol_issues]: The current configuration does not include the symbol library 'Device'
    ; warning
    @(547.37 mm, 426.72 mm): Symbol C163 [C]
[lib_symbol_issues]: The current configuration does not include the symbol library 'Device'
    ; warning
    @(511.81 mm, 473.71 mm): Symbol R161 [R]
[lib_symbol_issues]: The current configuration does not include the symbol library 'power'
    ; warning
    @(542.29 mm, 439.42 mm): Symbol #PWR096 [GND]
[lib_symbol_issues]: The current configuration does not include the symbol library 'power'
    ; warning
    @(511.81 mm, 480.06 mm): Symbol #PWR106 [GND]
[lib_symbol_issues]: The current configuration does not include the symbol library 'Device'
    ; warning
    @(562.61 mm, 420.37 mm): Symbol R142 [R]
[lib_symbol_issues]: The current configuration does not include the symbol library 'power'
    ; warning
    @(562.61 mm, 426.72 mm): Symbol #PWR097 [GND]
[unconnected_wire_endpoint]: Unconnected wire endpoint
    ; warning
    @(72.39 mm, 716.28 mm): Horizontal Wire, length 10.16 mm
[lib_symbol_issues]: The current configuration does not include the symbol library 'Connector_Generic'
    ; warning
    @(91.44 mm, 713.74 mm): Symbol U201 [PI7C9X2G404SL]
[unconnected_wire_endpoint]: Unconnected wire endpoint
    ; warning
    @(110.49 mm, 716.28 mm): Horizontal Wire, length 10.16 mm
[unconnected_wire_endpoint]: Unconnected wire endpoint
    ; warning
    @(72.39 mm, 728.98 mm): Horizontal Wire, length 22.86 mm
[lib_symbol_issues]: The current configuration does not include the symbol library 'Device'
    ; warning
    @(39.37 mm, 730.25 mm): Symbol R227 [R]
[lib_symbol_issues]: The current configuration does not include the symbol library 'Device'
    ; warning
    @(594.36 mm, 426.72 mm): Symbol C159 [C]
[unconnected_wire_endpoint]: Unconnected wire endpoint
    ; warning
    @(72.39 mm, 734.06 mm): Horizontal Wire, length 22.86 mm
[lib_symbol_issues]: The current configuration does not include the symbol library 'power'
    ; warning
    @(39.37 mm, 736.60 mm): Symbol #PWR144 [GND]
[unconnected_wire_endpoint]: Unconnected wire endpoint
    ; warning
    @(72.39 mm, 736.60 mm): Horizontal Wire, length 25.40 mm
[unconnected_wire_endpoint]: Unconnected wire endpoint
    ; warning
    @(72.39 mm, 739.14 mm): Horizontal Wire, length 25.40 mm
[unconnected_wire_endpoint]: Unconnected wire endpoint
    ; warning
    @(110.49 mm, 728.98 mm): Horizontal Wire, length 22.86 mm
[unconnected_wire_endpoint]: Unconnected wire endpoint
    ; warning
    @(110.49 mm, 731.52 mm): Horizontal Wire, length 22.86 mm
[lib_symbol_issues]: The current configuration does not include the symbol library 'Device'
    ; warning
    @(661.67 mm, 341.63 mm): Symbol C131 [C]
[lib_symbol_issues]: The current configuration does not include the symbol library 'power'
    ; warning
    @(661.67 mm, 347.98 mm): Symbol #PWR098 [GND]
[lib_symbol_issues]: The current configuration does not include the symbol library 'Connector_Generic'
    ; warning
    @(589.28 mm, 464.82 mm): Symbol U110 [TS3USB221A]
[lib_symbol_issues]: The current configuration does not include the symbol library 'Device'
    ; warning
    @(48.26 mm, 750.57 mm): Symbol R228 [R]
[lib_symbol_issues]: The current configuration does not include the symbol library 'Device'
    ; warning
    @(676.91 mm, 341.63 mm): Symbol C132 [C]
[lib_symbol_issues]: The current configuration does not include the symbol library 'power'
    ; warning
    @(48.26 mm, 756.92 mm): Symbol #PWR146 [GND]
[lib_symbol_issues]: The current configuration does not include the symbol library 'power'
    ; warning
    @(676.91 mm, 347.98 mm): Symbol #PWR099 [GND]
[unconnected_wire_endpoint]: Unconnected wire endpoint
    ; warning
    @(72.39 mm, 759.46 mm): Horizontal Wire, length 19.05 mm
[lib_symbol_issues]: The current configuration does not include the symbol library 'Device'
    ; warning
    @(133.35 mm, 750.57 mm): Symbol R217 [R]
[unconnected_wire_endpoint]: Unconnected wire endpoint
    ; warning
    @(110.49 mm, 756.92 mm): Horizontal Wire, length 19.05 mm
[lib_symbol_issues]: The current configuration does not include the symbol library 'Device'
    ; warning
    @(46.99 mm, 767.08 mm): Symbol C256 [C]
[lib_symbol_issues]: The current configuration does not include the symbol library 'power'
    ; warning
    @(133.35 mm, 756.92 mm): Symbol #PWR145 [GND]
[lib_symbol_issues]: The current configuration does not include the symbol library 'Device'
    ; warning
    @(692.15 mm, 341.63 mm): Symbol C166 [C]
[lib_symbol_issues]: The current configuration does not include the symbol library 'Device'
    ; warning
    @(431.80 mm, 640.08 mm): Symbol C221 [C]
[unconnected_wire_endpoint]: Unconnected wire endpoint
    ; warning
    @(72.39 mm, 772.16 mm): Horizontal Wire, length 21.59 mm
[lib_symbol_issues]: The current configuration does not include the symbol library 'power'
    ; warning
    @(692.15 mm, 347.98 mm): Symbol #PWR100 [GND]
[unconnected_wire_endpoint]: Unconnected wire endpoint
    ; warning
    @(110.49 mm, 764.54 mm): Horizontal Wire, length 19.05 mm
[lib_symbol_issues]: The current configuration does not include the symbol library 'power'
    ; warning
    @(431.80 mm, 646.43 mm): Symbol #PWR148 [GND]
[lib_symbol_issues]: The current configuration does not include the symbol library 'Device'
    ; warning
    @(650.24 mm, 426.72 mm): Symbol C160 [C]
[lib_symbol_issues]: The current configuration does not include the symbol library 'Device'
    ; warning
    @(447.04 mm, 640.08 mm): Symbol C222 [C]
[lib_symbol_issues]: The current configuration does not include the symbol library 'Device'
    ; warning
    @(138.43 mm, 769.62 mm): Symbol C295 [C]
[lib_symbol_issues]: The current configuration does not include the symbol library 'Device'
    ; warning
    @(707.39 mm, 341.63 mm): Symbol C167 [C]
[lib_symbol_issues]: The current configuration does not include the symbol library 'power'
    ; warning
    @(447.04 mm, 646.43 mm): Symbol #PWR149 [GND]
[lib_symbol_issues]: The current configuration does not include the symbol library 'power'
    ; warning
    @(707.39 mm, 347.98 mm): Symbol #PWR101 [GND]
[lib_symbol_issues]: The current configuration does not include the symbol library 'Device'
    ; warning
    @(48.26 mm, 787.40 mm): Symbol C252 [C]
[lib_symbol_issues]: The current configuration does not include the symbol library 'Device'
    ; warning
    @(462.28 mm, 640.08 mm): Symbol C223 [C]
[lib_symbol_issues]: The current configuration does not include the symbol library 'power'
    ; warning
    @(462.28 mm, 646.43 mm): Symbol #PWR150 [GND]
[lib_symbol_issues]: The current configuration does not include the symbol library 'Device'
    ; warning
    @(133.35 mm, 783.59 mm): Symbol R218 [R]
[lib_symbol_issues]: The current configuration does not include the symbol library 'Device'
    ; warning
    @(431.80 mm, 668.02 mm): Symbol C226 [C]
[unconnected_wire_endpoint]: Unconnected wire endpoint
    ; warning
    @(110.49 mm, 787.40 mm): Horizontal Wire, length 17.78 mm
[lib_symbol_issues]: The current configuration does not include the symbol library 'Device'
    ; warning
    @(477.52 mm, 640.08 mm): Symbol C235 [C]
[lib_symbol_issues]: The current configuration does not include the symbol library 'Device'
    ; warning
    @(722.63 mm, 341.63 mm): Symbol C168 [C]
[lib_symbol_issues]: The current configuration does not include the symbol library 'power'
    ; warning
    @(431.80 mm, 674.37 mm): Symbol #PWR160 [GND]
[lib_symbol_issues]: The current configuration does not include the symbol library 'power'
    ; warning
    @(133.35 mm, 789.94 mm): Symbol #PWR147 [GND]
[lib_symbol_issues]: The current configuration does not include the symbol library 'power'
    ; warning
    @(722.63 mm, 347.98 mm): Symbol #PWR102 [GND]
[lib_symbol_issues]: The current configuration does not include the symbol library 'power'
    ; warning
    @(477.52 mm, 646.43 mm): Symbol #PWR151 [GND]
[lib_symbol_issues]: The current configuration does not include the symbol library 'Device'
    ; warning
    @(447.04 mm, 668.02 mm): Symbol C227 [C]
[lib_symbol_issues]: The current configuration does not include the symbol library 'Device'
    ; warning
    @(492.76 mm, 640.08 mm): Symbol C236 [C]
[lib_symbol_issues]: The current configuration does not include the symbol library 'power'
    ; warning
    @(447.04 mm, 674.37 mm): Symbol #PWR161 [GND]
[lib_symbol_issues]: The current configuration does not include the symbol library 'Device'
    ; warning
    @(68.58 mm, 807.72 mm): Symbol R225 [R]
[lib_symbol_issues]: The current configuration does not include the symbol library 'Device'
    ; warning
    @(462.28 mm, 668.02 mm): Symbol C241 [C]
[lib_symbol_issues]: The current configuration does not include the symbol library 'power'
    ; warning
    @(492.76 mm, 646.43 mm): Symbol #PWR152 [GND]
[lib_symbol_issues]: The current configuration does not include the symbol library 'Device'
    ; warning
    @(737.87 mm, 341.63 mm): Symbol C169 [C]
[lib_symbol_issues]: The current configuration does not include the symbol library 'power'
    ; warning
    @(737.87 mm, 347.98 mm): Symbol #PWR103 [GND]
[lib_symbol_issues]: The current configuration does not include the symbol library 'Device'
    ; warning
    @(121.92 mm, 807.72 mm): Symbol LED22 [LED]
[lib_symbol_issues]: The current configuration does not include the symbol library 'Device'
    ; warning
    @(508.00 mm, 640.08 mm): Symbol C237 [C]
[lib_symbol_issues]: The current configuration does not include the symbol library 'power'
    ; warning
    @(462.28 mm, 674.37 mm): Symbol #PWR162 [GND]
[lib_symbol_issues]: The current configuration does not include the symbol library 'Device'
    ; warning
    @(477.52 mm, 668.02 mm): Symbol C242 [C]
[lib_symbol_issues]: The current configuration does not include the symbol library 'power'
    ; warning
    @(508.00 mm, 646.43 mm): Symbol #PWR153 [GND]
[lib_symbol_issues]: The current configuration does not include the symbol library 'power'
    ; warning
    @(477.52 mm, 674.37 mm): Symbol #PWR163 [GND]
[unconnected_wire_endpoint]: Unconnected wire endpoint
    ; warning
    @(753.11 mm, 335.28 mm): Horizontal Wire, length 2.54 mm
[lib_symbol_issues]: The current configuration does not include the symbol library 'Device'
    ; warning
    @(523.24 mm, 640.08 mm): Symbol C238 [C]
[lib_symbol_issues]: The current configuration does not include the symbol library 'Device'
    ; warning
    @(753.11 mm, 341.63 mm): Symbol C174 [C]
[lib_symbol_issues]: The current configuration does not include the symbol library 'power'
    ; warning
    @(753.11 mm, 347.98 mm): Symbol #PWR104 [GND]
[lib_symbol_issues]: The current configuration does not include the symbol library 'Device'
    ; warning
    @(492.76 mm, 668.02 mm): Symbol C243 [C]
[lib_symbol_issues]: The current configuration does not include the symbol library 'Device'
    ; warning
    @(681.99 mm, 474.98 mm): Symbol R150 [R]
[lib_symbol_issues]: The current configuration does not include the symbol library 'power'
    ; warning
    @(523.24 mm, 646.43 mm): Symbol #PWR154 [GND]
[lib_symbol_issues]: The current configuration does not include the symbol library 'power'
    ; warning
    @(492.76 mm, 674.37 mm): Symbol #PWR164 [GND]
[lib_symbol_issues]: The current configuration does not include the symbol library 'Device'
    ; warning
    @(538.48 mm, 640.08 mm): Symbol C239 [C]
[lib_symbol_issues]: The current configuration does not include the symbol library 'Device'
    ; warning
    @(44.45 mm, 835.66 mm): Symbol R231 [R]
[lib_symbol_issues]: The current configuration does not include the symbol library 'Device'
    ; warning
    @(168.91 mm, 820.42 mm): Symbol R230 [R]
[lib_symbol_issues]: The current configuration does not include the symbol library 'Device'
    ; warning
    @(508.00 mm, 668.02 mm): Symbol C244 [C]
[lib_symbol_issues]: The current configuration does not include the symbol library 'Transistor_BJT'
    ; warning
    @(679.45 mm, 492.76 mm): Symbol Q101 [BC857]
[lib_symbol_issues]: The current configuration does not include the symbol library 'power'
    ; warning
    @(538.48 mm, 646.43 mm): Symbol #PWR155 [GND]
[lib_symbol_issues]: The current configuration does not include the symbol library 'Device'
    ; warning
    @(110.49 mm, 835.66 mm): Symbol R284 [R]
[lib_symbol_issues]: The current configuration does not include the symbol library 'power'
    ; warning
    @(508.00 mm, 674.37 mm): Symbol #PWR165 [GND]
[lib_symbol_issues]: The current configuration does not include the symbol library 'Device'
    ; warning
    @(553.72 mm, 640.08 mm): Symbol C240 [C]
[lib_symbol_issues]: The current configuration does not include the symbol library 'Device'
    ; warning
    @(523.24 mm, 668.02 mm): Symbol C245 [C]
[lib_symbol_issues]: The current configuration does not include the symbol library 'power'
    ; warning
    @(553.72 mm, 646.43 mm): Symbol #PWR156 [GND]
[lib_symbol_issues]: The current configuration does not include the symbol library 'Device'
    ; warning
    @(55.88 mm, 849.63 mm): Symbol R279 [R]
[lib_symbol_issues]: The current configuration does not include the symbol library 'Device'
    ; warning
    @(228.60 mm, 820.42 mm): Symbol LED23 [LED]
[lib_symbol_issues]: The current configuration does not include the symbol library 'power'
    ; warning
    @(523.24 mm, 674.37 mm): Symbol #PWR166 [GND]
[lib_symbol_issues]: The current configuration does not include the symbol library 'Device'
    ; warning
    @(787.40 mm, 330.20 mm): Symbol Y101 [Crystal_GND24]
[lib_symbol_issues]: The current configuration does not include the symbol library 'Device'
    ; warning
    @(175.26 mm, 835.66 mm): Symbol R283 [R]
[lib_symbol_issues]: The current configuration does not include the symbol library 'Device'
    ; warning
    @(568.96 mm, 640.08 mm): Symbol C247 [C]
[lib_symbol_issues]: The current configuration does not include the symbol library 'power'
    ; warning
    @(787.40 mm, 337.82 mm): Symbol #PWR105 [GND]
[lib_symbol_issues]: The current configuration does not include the symbol library 'Device'
    ; warning
    @(538.48 mm, 668.02 mm): Symbol C246 [C]
[lib_symbol_issues]: The current configuration does not include the symbol library 'Device'
    ; warning
    @(123.19 mm, 849.63 mm): Symbol R276 [R]
[lib_symbol_issues]: The current configuration does not include the symbol library 'power'
    ; warning
    @(568.96 mm, 646.43 mm): Symbol #PWR157 [GND]
[lib_symbol_issues]: The current configuration does not include the symbol library 'power'
    ; warning
    @(538.48 mm, 674.37 mm): Symbol #PWR167 [GND]
[unconnected_wire_endpoint]: Unconnected wire endpoint
    ; warning
    @(553.72 mm, 661.67 mm): Horizontal Wire, length 2.54 mm
[lib_symbol_issues]: The current configuration does not include the symbol library 'Device'
    ; warning
    @(699.77 mm, 508.00 mm): Symbol LED17 [LED]
[lib_symbol_issues]: The current configuration does not include the symbol library 'Device'
    ; warning
    @(52.07 mm, 863.60 mm): Symbol R277 [R]
[lib_symbol_issues]: The current configuration does not include the symbol library 'Device'
    ; warning
    @(584.20 mm, 640.08 mm): Symbol C249 [C]
[lib_symbol_issues]: The current configuration does not include the symbol library 'Device'
    ; warning
    @(553.72 mm, 668.02 mm): Symbol C248 [C]
[lib_symbol_issues]: The current configuration does not include the symbol library 'Device'
    ; warning
    @(240.03 mm, 835.66 mm): Symbol R280 [R]
[lib_symbol_issues]: The current configuration does not include the symbol library 'Device'
    ; warning
    @(101.60 mm, 863.60 mm): Symbol C253 [C]
[lib_symbol_issues]: The current configuration does not include the symbol library 'Device'
    ; warning
    @(187.96 mm, 849.63 mm): Symbol R278 [R]
[lib_symbol_issues]: The current configuration does not include the symbol library 'power'
    ; warning
    @(584.20 mm, 646.43 mm): Symbol #PWR158 [GND]
[lib_symbol_issues]: The current configuration does not include the symbol library 'power'
    ; warning
    @(553.72 mm, 674.37 mm): Symbol #PWR168 [GND]
[unconnected_wire_endpoint]: Unconnected wire endpoint
    ; warning
    @(599.44 mm, 633.73 mm): Horizontal Wire, length 2.54 mm
[lib_symbol_issues]: The current configuration does not include the symbol library 'Device'
    ; warning
    @(599.44 mm, 640.08 mm): Symbol C250 [C]
[lib_symbol_issues]: The current configuration does not include the symbol library 'Device'
    ; warning
    @(161.29 mm, 863.60 mm): Symbol C254 [C]
[lib_symbol_issues]: The current configuration does not include the symbol library 'Device'
    ; warning
    @(52.07 mm, 878.84 mm): Symbol C296 [C]
[lib_symbol_issues]: The current configuration does not include the symbol library 'power'
    ; warning
    @(599.44 mm, 646.43 mm): Symbol #PWR159 [GND]
[lib_symbol_issues]: The current configuration does not include the symbol library 'Device'
    ; warning
    @(243.84 mm, 849.63 mm): Symbol R275 [R]
[lib_symbol_issues]: The current configuration does not include the symbol library 'Connector_Generic'
    ; warning
    @(754.38 mm, 461.01 mm): Symbol J_FAN1 [Conn_01x04]
[lib_symbol_issues]: The current configuration does not include the symbol library 'Device'
    ; warning
    @(116.84 mm, 878.84 mm): Symbol C251 [C]
[lib_symbol_issues]: The current configuration does not include the symbol library 'Device'
    ; warning
    @(617.22 mm, 637.54 mm): Symbol R233 [R]
[lib_symbol_issues]: The current configuration does not include the symbol library 'Transistor_FET'
    ; warning
    @(868.68 mm, 198.12 mm): Symbol Q111 [2N7002]
[lib_symbol_issues]: The current configuration does not include the symbol library 'Device'
    ; warning
    @(220.98 mm, 863.60 mm): Symbol C255 [C]
[lib_symbol_issues]: The current configuration does not include the symbol library 'Connector_Generic'
    ; warning
    @(886.46 mm, 93.98 mm): Symbol U30B [CM5B]
[lib_symbol_issues]: The current configuration does not include the symbol library 'power'
    ; warning
    @(871.22 mm, 205.74 mm): Symbol #PWR033 [GND]
[lib_symbol_issues]: The current configuration does not include the symbol library 'Device'
    ; warning
    @(895.35 mm, 168.91 mm): Symbol R132 [R]
[lib_symbol_issues]: The current configuration does not include the symbol library 'Device'
    ; warning
    @(896.62 mm, 203.20 mm): Symbol R111 [R]
[lib_symbol_issues]: The current configuration does not include the symbol library 'Device'
    ; warning
    @(894.08 mm, 215.90 mm): Symbol R112 [R]
[lib_symbol_issues]: The current configuration does not include the symbol library 'power'
    ; warning
    @(894.08 mm, 222.25 mm): Symbol #PWR034 [GND]
[unconnected_wire_endpoint]: Unconnected wire endpoint
    ; warning
    @(905.51 mm, 34.29 mm): Horizontal Wire, length 16.51 mm
[lib_symbol_issues]: The current configuration does not include the symbol library 'Connector'
    ; warning
    @(858.52 mm, 344.17 mm): Symbol J_FLASH1 [USB_C_Receptacle_USB2.0_16P]
[lib_symbol_issues]: The current configuration does not include the symbol library 'Device'
    ; warning
    @(925.83 mm, 43.18 mm): Symbol R106 [R]
[lib_symbol_issues]: The current configuration does not include the symbol library 'power'
    ; warning
    @(925.83 mm, 49.53 mm): Symbol #PWR027 [GND]
[unconnected_wire_endpoint]: Unconnected wire endpoint
    ; warning
    @(67.31 mm, 925.83 mm): Horizontal Wire, length 16.51 mm
[lib_symbol_issues]: The current configuration does not include the symbol library 'Device'
    ; warning
    @(929.64 mm, 38.10 mm): Symbol R129 [R]
[lib_symbol_issues]: The current configuration does not include the symbol library 'power'
    ; warning
    @(929.64 mm, 44.45 mm): Symbol #PWR026 [GND]
[lib_symbol_issues]: The current configuration does not include the symbol library 'power'
    ; warning
    @(854.71 mm, 372.11 mm): Symbol #PWR109 [GND]
[lib_symbol_issues]: The current configuration does not include the symbol library 'Device'
    ; warning
    @(91.44 mm, 929.64 mm): Symbol R329 [R]
[lib_symbol_issues]: The current configuration does not include the symbol library 'Connector_Generic'
    ; warning
    @(154.94 mm, 922.02 mm): Symbol J_5V_S3 [Conn_01x02]
[lib_symbol_issues]: The current configuration does not include the symbol library 'Device'
    ; warning
    @(87.63 mm, 934.72 mm): Symbol R306 [R]
[lib_symbol_issues]: The current configuration does not include the symbol library 'power'
    ; warning
    @(91.44 mm, 935.99 mm): Symbol #PWR237 [GND]
[lib_symbol_issues]: The current configuration does not include the symbol library 'Device'
    ; warning
    @(913.13 mm, 242.57 mm): Symbol R110 [R]
[lib_symbol_issues]: The current configuration does not include the symbol library 'Device'
    ; warning
    @(922.02 mm, 207.01 mm): Symbol C118 [C]
[lib_symbol_issues]: The current configuration does not include the symbol library 'power'
    ; warning
    @(87.63 mm, 941.07 mm): Symbol #PWR238 [GND]
[unconnected_wire_endpoint]: Unconnected wire endpoint
    ; warning
    @(875.03 mm, 336.55 mm): Horizontal Wire, length 8.89 mm
[lib_symbol_issues]: The current configuration does not include the symbol library 'Device'
    ; warning
    @(867.41 mm, 377.19 mm): Symbol R153 [R]
[lib_symbol_issues]: The current configuration does not include the symbol library 'Device'
    ; warning
    @(621.03 mm, 716.28 mm): Symbol R235 [R]
[endpoint_off_grid]: Symbol pin or wire end off connection grid
    ; warning
    @(927.74 mm, 207.01 mm): Horizontal Wire, length 1.91 mm
[endpoint_off_grid]: Symbol pin or wire end off connection grid
    ; warning
    @(929.01 mm, 209.55 mm): Horizontal Wire, length 32.39 mm
[lib_symbol_issues]: The current configuration does not include the symbol library 'power'
    ; warning
    @(621.03 mm, 722.63 mm): Symbol #PWR169 [GND]
[unconnected_wire_endpoint]: Unconnected wire endpoint
    ; warning
    @(641.35 mm, 720.09 mm): Horizontal Wire, length 16.51 mm
[endpoint_off_grid]: Symbol pin or wire end off connection grid
    ; warning
    @(930.28 mm, 212.09 mm): Horizontal Wire, length 1.91 mm
[lib_symbol_issues]: The current configuration does not include the symbol library 'Device'
    ; warning
    @(928.37 mm, 220.98 mm): Symbol R109 [R]
[unconnected_wire_endpoint]: Unconnected wire endpoint
    ; warning
    @(641.35 mm, 722.63 mm): Horizontal Wire, length 16.51 mm
[lib_symbol_issues]: The current configuration does not include the symbol library 'power'
    ; warning
    @(928.37 mm, 227.33 mm): Symbol #PWR035 [GND]
[lib_symbol_issues]: The current configuration does not include the symbol library 'Connector'
    ; warning
    @(668.02 mm, 684.53 mm): Symbol J_M2N2 [Bus_M.2_Socket_M]
[lib_symbol_issues]: The current configuration does not include the symbol library 'Device'
    ; warning
    @(896.62 mm, 340.36 mm): Symbol R152 [R]
[lib_symbol_issues]: The current configuration does not include the symbol library 'Transistor_FET'
    ; warning
    @(868.68 mm, 410.21 mm): Symbol Q104 [2N7002]
[lib_symbol_issues]: The current configuration does not include the symbol library 'power'
    ; warning
    @(896.62 mm, 346.71 mm): Symbol #PWR108 [GND]
[endpoint_off_grid]: Symbol pin or wire end off connection grid
    ; warning
    @(939.17 mm, 207.01 mm): Horizontal Wire, length 11.43 mm
[endpoint_off_grid]: Symbol pin or wire end off connection grid
    ; warning
    @(939.17 mm, 209.55 mm): Horizontal Wire, length 10.16 mm
[endpoint_off_grid]: Symbol pin or wire end off connection grid
    ; warning
    @(939.17 mm, 212.09 mm): Horizontal Wire, length 8.89 mm
[endpoint_off_grid]: Symbol pin or wire end off connection grid
    ; warning
    @(940.44 mm, 207.01 mm): Symbol U104 Pin 1 [S1B_BOOT, Passive, Line]
[endpoint_off_grid]: Symbol pin or wire end off connection grid
    ; warning
    @(940.44 mm, 207.01 mm): Horizontal Wire, length 1.27 mm
[endpoint_off_grid]: Symbol pin or wire end off connection grid
    ; warning
    @(940.44 mm, 209.55 mm): Horizontal Wire, length 1.27 mm
[endpoint_off_grid]: Symbol pin or wire end off connection grid
    ; warning
    @(940.44 mm, 212.09 mm): Horizontal Wire, length 1.27 mm
[lib_symbol_issues]: The current configuration does not include the symbol library 'Device'
    ; warning
    @(209.55 mm, 941.07 mm): Symbol C311 [C]
[lib_symbol_issues]: The current configuration does not include the symbol library 'Connector'
    ; warning
    @(850.90 mm, 455.93 mm): Symbol TP101 [TestPoint]
[endpoint_off_grid]: Symbol pin or wire end off connection grid
    ; warning
    @(215.27 mm, 941.07 mm): Horizontal Wire, length 1.91 mm
[lib_symbol_issues]: The current configuration does not include the symbol library 'Device'
    ; warning
    @(951.23 mm, 168.91 mm): Symbol R164 [R]
[lib_symbol_issues]: The current configuration does not include the symbol library 'power'
    ; warning
    @(850.90 mm, 458.47 mm): Symbol #PWR111 [GND]
[endpoint_off_grid]: Symbol pin or wire end off connection grid
    ; warning
    @(226.70 mm, 941.07 mm): Horizontal Wire, length 11.43 mm
[endpoint_off_grid]: Symbol pin or wire end off connection grid
    ; warning
    @(227.97 mm, 941.07 mm): Horizontal Wire, length 1.27 mm
[endpoint_off_grid]: Symbol pin or wire end off connection grid
    ; warning
    @(227.97 mm, 941.07 mm): Symbol U303 Pin 1 [S3A_BOOT, Passive, Line]
[endpoint_off_grid]: Symbol pin or wire end off connection grid
    ; warning
    @(227.97 mm, 943.61 mm): Horizontal Wire, length 2.54 mm
[endpoint_off_grid]: Symbol pin or wire end off connection grid
    ; warning
    @(217.81 mm, 946.15 mm): Horizontal Wire, length 1.91 mm
[endpoint_off_grid]: Symbol pin or wire end off connection grid
    ; warning
    @(226.70 mm, 946.15 mm): Horizontal Wire, length 8.89 mm
[endpoint_off_grid]: Symbol pin or wire end off connection grid
    ; warning
    @(227.97 mm, 946.15 mm): Horizontal Wire, length 1.27 mm
[lib_symbol_issues]: The current configuration does not include the symbol library 'meshsat_ic'
    ; warning
    @(247.65 mm, 944.88 mm): Symbol U303 [U303]
[endpoint_off_grid]: Symbol pin or wire end off connection grid
    ; warning
    @(267.33 mm, 941.07 mm): Horizontal Wire, length 1.27 mm
[endpoint_off_grid]: Symbol pin or wire end off connection grid
    ; warning
    @(268.60 mm, 941.07 mm): Horizontal Wire, length 8.89 mm
[lib_symbol_issues]: The current configuration does not include the symbol library 'Device'
    ; warning
    @(215.90 mm, 955.04 mm): Symbol R304 [R]
[endpoint_off_grid]: Symbol pin or wire end off connection grid
    ; warning
    @(267.33 mm, 943.61 mm): Horizontal Wire, length 1.27 mm
[lib_symbol_issues]: The current configuration does not include the symbol library 'Connector'
    ; warning
    @(868.68 mm, 455.93 mm): Symbol TP102 [TestPoint]
[endpoint_off_grid]: Symbol pin or wire end off connection grid
    ; warning
    @(268.60 mm, 943.61 mm): Horizontal Wire, length 11.43 mm
[endpoint_off_grid]: Symbol pin or wire end off connection grid
    ; warning
    @(277.49 mm, 941.07 mm): Horizontal Wire, length 32.39 mm
[lib_symbol_issues]: The current configuration does not include the symbol library 'Device'
    ; warning
    @(642.62 mm, 742.95 mm): Symbol R281 [R]
[lib_symbol_issues]: The current configuration does not include the symbol library 'meshsat_ic'
    ; warning
    @(960.12 mm, 210.82 mm): Symbol U104 [U104]
[endpoint_off_grid]: Symbol pin or wire end off connection grid
    ; warning
    @(267.33 mm, 946.15 mm): Horizontal Wire, length 1.27 mm
[endpoint_off_grid]: Symbol pin or wire end off connection grid
    ; warning
    @(268.60 mm, 946.15 mm): Horizontal Wire, length 8.89 mm
[unconnected_wire_endpoint]: Unconnected wire endpoint
    ; warning
    @(268.60 mm, 943.61 mm): Horizontal Wire, length 11.43 mm
[lib_symbol_issues]: The current configuration does not include the symbol library 'Device'
    ; warning
    @(309.88 mm, 934.72 mm): Symbol R302 [R]
[lib_symbol_issues]: The current configuration does not include the symbol library 'power'
    ; warning
    @(215.90 mm, 961.39 mm): Symbol #PWR239 [GND]
[unconnected_wire_endpoint]: Unconnected wire endpoint
    ; warning
    @(268.60 mm, 946.15 mm): Horizontal Wire, length 8.89 mm
[lib_symbol_issues]: The current configuration does not include the symbol library 'power'
    ; warning
    @(960.12 mm, 224.79 mm): Symbol #PWR037 [GND]
[lib_symbol_issues]: The current configuration does not include the symbol library 'Connector_Generic'
    ; warning
    @(48.26 mm, 985.52 mm): Symbol U32B [CM5B]
[lib_symbol_issues]: The current configuration does not include the symbol library 'power'
    ; warning
    @(247.65 mm, 958.85 mm): Symbol #PWR241 [GND]
[unconnected_wire_endpoint]: Unconnected wire endpoint
    ; warning
    @(694.69 mm, 694.69 mm): Horizontal Wire, length 15.24 mm
[lib_symbol_issues]: The current configuration does not include the symbol library 'power'
    ; warning
    @(668.02 mm, 735.33 mm): Symbol #PWR170 [GND]
[lib_symbol_issues]: The current configuration does not include the symbol library 'Connector_Generic'
    ; warning
    @(993.14 mm, 30.48 mm): Symbol J_5V_S1 [Conn_01x02]
[lib_symbol_issues]: The current configuration does not include the symbol library 'Device'
    ; warning
    @(966.47 mm, 242.57 mm): Symbol C124 [C]
[lib_symbol_issues]: The current configuration does not include the symbol library 'Device'
    ; warning
    @(312.42 mm, 947.42 mm): Symbol R303 [R]
[lib_symbol_issues]: The current configuration does not include the symbol library 'Connector'
    ; warning
    @(891.54 mm, 455.93 mm): Symbol TP103 [TestPoint]
[endpoint_off_grid]: Symbol pin or wire end off connection grid
    ; warning
    @(979.80 mm, 207.01 mm): Horizontal Wire, length 1.27 mm
[endpoint_off_grid]: Symbol pin or wire end off connection grid
    ; warning
    @(979.80 mm, 209.55 mm): Horizontal Wire, length 1.27 mm
[lib_symbol_issues]: The current configuration does not include the symbol library 'Device'
    ; warning
    @(226.06 mm, 976.63 mm): Symbol R305 [R]
[endpoint_off_grid]: Symbol pin or wire end off connection grid
    ; warning
    @(979.80 mm, 212.09 mm): Horizontal Wire, length 1.27 mm
[endpoint_off_grid]: Symbol pin or wire end off connection grid
    ; warning
    @(981.07 mm, 207.01 mm): Horizontal Wire, length 8.89 mm
[lib_symbol_issues]: The current configuration does not include the symbol library 'Device'
    ; warning
    @(915.67 mm, 408.94 mm): Symbol R158 [R]
[endpoint_off_grid]: Symbol pin or wire end off connection grid
    ; warning
    @(981.07 mm, 209.55 mm): Horizontal Wire, length 11.43 mm
[lib_symbol_issues]: The current configuration does not include the symbol library 'power'
    ; warning
    @(312.42 mm, 953.77 mm): Symbol #PWR240 [GND]
[endpoint_off_grid]: Symbol pin or wire end off connection grid
    ; warning
    @(981.07 mm, 212.09 mm): Horizontal Wire, length 8.89 mm
[lib_symbol_issues]: The current configuration does not include the symbol library 'Power_Protection'
    ; warning
    @(942.34 mm, 346.71 mm): Symbol U107 [USBLC6-2SC6]
[lib_symbol_issues]: The current configuration does not include the symbol library 'Device'
    ; warning
    @(339.09 mm, 947.42 mm): Symbol C312 [C]
[unconnected_wire_endpoint]: Unconnected wire endpoint
    ; warning
    @(354.33 mm, 941.07 mm): Horizontal Wire, length 2.54 mm
[lib_symbol_issues]: The current configuration does not include the symbol library 'power'
    ; warning
    @(942.34 mm, 356.87 mm): Symbol #PWR110 [GND]
[lib_symbol_issues]: The current configuration does not include the symbol library 'Transistor_FET'
    ; warning
    @(913.13 mm, 426.72 mm): Symbol Q105 [2N7002]
[endpoint_off_grid]: Symbol pin or wire end off connection grid
    ; warning
    @(989.96 mm, 207.01 mm): Horizontal Wire, length 32.39 mm
[lib_symbol_issues]: The current configuration does not include the symbol library 'Device'
    ; warning
    @(354.33 mm, 947.42 mm): Symbol C313 [C]
[lib_symbol_issues]: The current configuration does not include the symbol library 'power'
    ; warning
    @(339.09 mm, 953.77 mm): Symbol #PWR242 [GND]
[unconnected_wire_endpoint]: Unconnected wire endpoint
    ; warning
    @(981.07 mm, 212.09 mm): Horizontal Wire, length 8.89 mm
[lib_symbol_issues]: The current configuration does not include the symbol library 'Device'
    ; warning
    @(689.61 mm, 742.95 mm): Symbol R282 [R]
[unconnected_wire_endpoint]: Unconnected wire endpoint
    ; warning
    @(981.07 mm, 209.55 mm): Horizontal Wire, length 11.43 mm
[lib_symbol_issues]: The current configuration does not include the symbol library 'Device'
    ; warning
    @(279.40 mm, 976.63 mm): Symbol C317 [C]
[lib_symbol_issues]: The current configuration does not include the symbol library 'power'
    ; warning
    @(354.33 mm, 953.77 mm): Symbol #PWR243 [GND]
[lib_symbol_issues]: The current configuration does not include the symbol library 'Device'
    ; warning
    @(317.50 mm, 976.63 mm): Symbol L301 [L]
[lib_symbol_issues]: The current configuration does not include the symbol library 'Device'
    ; warning
    @(1004.57 mm, 242.57 mm): Symbol L102 [L]
[lib_symbol_issues]: The current configuration does not include the symbol library 'Device'
    ; warning
    @(957.58 mm, 393.70 mm): Symbol C114 [C]
[lib_symbol_issues]: The current configuration does not include the symbol library 'Device'
    ; warning
    @(458.47 mm, 933.45 mm): Symbol L304 [L]
[lib_symbol_issues]: The current configuration does not include the symbol library 'Device'
    ; warning
    @(1022.35 mm, 200.66 mm): Symbol R107 [R]
[lib_symbol_issues]: The current configuration does not include the symbol library 'Device'
    ; warning
    @(734.06 mm, 742.95 mm): Symbol LED24 [LED]
[lib_symbol_issues]: The current configuration does not include the symbol library 'Device'
    ; warning
    @(453.39 mm, 942.34 mm): Symbol C333 [C]
[endpoint_off_grid]: Symbol pin or wire end off connection grid
    ; warning
    @(460.38 mm, 939.80 mm): Horizontal Wire, length 1.91 mm
[lib_symbol_issues]: The current configuration does not include the symbol library 'Device'
    ; warning
    @(1024.89 mm, 213.36 mm): Symbol R108 [R]
[lib_symbol_issues]: The current configuration does not include the symbol library 'power'
    ; warning
    @(1024.89 mm, 219.71 mm): Symbol #PWR036 [GND]
[endpoint_off_grid]: Symbol pin or wire end off connection grid
    ; warning
    @(459.11 mm, 942.34 mm): Horizontal Wire, length 1.91 mm
[lib_symbol_issues]: The current configuration does not include the symbol library 'Device'
    ; warning
    @(1047.75 mm, 49.53 mm): Symbol C111 [C]
[lib_symbol_issues]: The current configuration does not include the symbol library 'Connector_Generic'
    ; warning
    @(996.95 mm, 327.66 mm): Symbol J_RPIBOOT1 [Conn_01x02]
[endpoint_off_grid]: Symbol pin or wire end off connection grid
    ; warning
    @(469.27 mm, 939.80 mm): Horizontal Wire, length 8.89 mm
[endpoint_off_grid]: Symbol pin or wire end off connection grid
    ; warning
    @(470.54 mm, 939.80 mm): Horizontal Wire, length 1.27 mm
[endpoint_off_grid]: Symbol pin or wire end off connection grid
    ; warning
    @(470.54 mm, 939.80 mm): Symbol U306 Pin 5 [S3D_SW, Passive, Line]
[endpoint_off_grid]: Symbol pin or wire end off connection grid
    ; warning
    @(469.27 mm, 942.34 mm): Horizontal Wire, length 10.16 mm
[endpoint_off_grid]: Symbol pin or wire end off connection grid
    ; warning
    @(470.54 mm, 942.34 mm): Horizontal Wire, length 1.27 mm
[endpoint_off_grid]: Symbol pin or wire end off connection grid
    ; warning
    @(1053.47 mm, 49.53 mm): Horizontal Wire, length 1.91 mm
[lib_symbol_issues]: The current configuration does not include the symbol library 'Device'
    ; warning
    @(1054.10 mm, 63.50 mm): Symbol R104 [R]
[lib_symbol_issues]: The current configuration does not include the symbol library 'power'
    ; warning
    @(1054.10 mm, 69.85 mm): Symbol #PWR028 [GND]
[endpoint_off_grid]: Symbol pin or wire end off connection grid
    ; warning
    @(1056.01 mm, 54.61 mm): Horizontal Wire, length 1.91 mm
[lib_symbol_issues]: The current configuration does not include the symbol library 'Device'
    ; warning
    @(57.15 mm, 1060.45 mm): Symbol R332 [R]
[lib_symbol_issues]: The current configuration does not include the symbol library 'meshsat_ic'
    ; warning
    @(487.68 mm, 943.61 mm): Symbol U306 [U306]
[endpoint_off_grid]: Symbol pin or wire end off connection grid
    ; warning
    @(1064.90 mm, 49.53 mm): Horizontal Wire, length 11.43 mm
[endpoint_off_grid]: Symbol pin or wire end off connection grid
    ; warning
    @(1064.90 mm, 54.61 mm): Horizontal Wire, length 8.89 mm
[lib_symbol_issues]: The current configuration does not include the symbol library 'Device'
    ; warning
    @(113.03 mm, 1060.45 mm): Symbol R364 [R]
[endpoint_off_grid]: Symbol pin or wire end off connection grid
    ; warning
    @(504.82 mm, 939.80 mm): Horizontal Wire, length 1.27 mm
[endpoint_off_grid]: Symbol pin or wire end off connection grid
    ; warning
    @(1066.17 mm, 49.53 mm): Horizontal Wire, length 1.27 mm
[endpoint_off_grid]: Symbol pin or wire end off connection grid
    ; warning
    @(1066.17 mm, 49.53 mm): Symbol U103 Pin 1 [S1A_BOOT, Passive, Line]
[endpoint_off_grid]: Symbol pin or wire end off connection grid
    ; warning
    @(506.09 mm, 939.80 mm): Horizontal Wire, length 8.89 mm
[endpoint_off_grid]: Symbol pin or wire end off connection grid
    ; warning
    @(1066.17 mm, 52.07 mm): Horizontal Wire, length 2.54 mm
[endpoint_off_grid]: Symbol pin or wire end off connection grid
    ; warning
    @(1066.17 mm, 54.61 mm): Horizontal Wire, length 1.27 mm
[lib_symbol_issues]: The current configuration does not include the symbol library 'Device'
    ; warning
    @(1064.26 mm, 85.09 mm): Symbol R105 [R]
[endpoint_off_grid]: Symbol pin or wire end off connection grid
    ; warning
    @(504.82 mm, 942.34 mm): Horizontal Wire, length 1.27 mm
[endpoint_off_grid]: Symbol pin or wire end off connection grid
    ; warning
    @(506.09 mm, 942.34 mm): Horizontal Wire, length 8.89 mm
[endpoint_off_grid]: Symbol pin or wire end off connection grid
    ; warning
    @(514.98 mm, 939.80 mm): Horizontal Wire, length 1.91 mm
[lib_symbol_issues]: The current configuration does not include the symbol library 'Device'
    ; warning
    @(1050.29 mm, 213.36 mm): Symbol C119 [C]
[lib_symbol_issues]: The current configuration does not include the symbol library 'power'
    ; warning
    @(487.68 mm, 955.04 mm): Symbol #PWR255 [GND]
[lib_symbol_issues]: The current configuration does not include the symbol library 'power'
    ; warning
    @(1050.29 mm, 219.71 mm): Symbol #PWR038 [GND]
[unconnected_wire_endpoint]: Unconnected wire endpoint
    ; warning
    @(506.09 mm, 942.34 mm): Horizontal Wire, length 8.89 mm
[lib_symbol_issues]: The current configuration does not include the symbol library 'Device'
    ; warning
    @(468.63 mm, 967.74 mm): Symbol R315 [R]
[lib_symbol_issues]: The current configuration does not include the symbol library 'Device'
    ; warning
    @(516.89 mm, 946.15 mm): Symbol C334 [C]
[lib_symbol_issues]: The current configuration does not include the symbol library 'Device'
    ; warning
    @(869.95 mm, 637.54 mm): Symbol R234 [R]
[lib_symbol_issues]: The current configuration does not include the symbol library 'Device'
    ; warning
    @(1005.84 mm, 393.70 mm): Symbol C115 [C]
[lib_symbol_issues]: The current configuration does not include the symbol library 'Device'
    ; warning
    @(786.13 mm, 742.95 mm): Symbol R236 [R]
[lib_symbol_issues]: The current configuration does not include the symbol library 'power'
    ; warning
    @(516.89 mm, 952.50 mm): Symbol #PWR254 [GND]
[lib_symbol_issues]: The current configuration does not include the symbol library 'Device'
    ; warning
    @(1065.53 mm, 213.36 mm): Symbol C120 [C]
[lib_symbol_issues]: The current configuration does not include the symbol library 'meshsat_ic'
    ; warning
    @(1085.85 mm, 53.34 mm): Symbol U103 [U103]
[lib_symbol_issues]: The current configuration does not include the symbol library 'power'
    ; warning
    @(1085.85 mm, 67.31 mm): Symbol #PWR030 [GND]
[lib_symbol_issues]: The current configuration does not include the symbol library 'power'
    ; warning
    @(1065.53 mm, 219.71 mm): Symbol #PWR039 [GND]
[lib_symbol_issues]: The current configuration does not include the symbol library 'Transistor_FET'
    ; warning
    @(30.48 mm, 1089.66 mm): Symbol Q311 [2N7002]
[lib_symbol_issues]: The current configuration does not include the symbol library 'Device'
    ; warning
    @(511.81 mm, 967.74 mm): Symbol R316 [R]
[lib_symbol_issues]: The current configuration does not include the symbol library 'Device'
    ; warning
    @(58.42 mm, 1094.74 mm): Symbol R311 [R]
[lib_symbol_issues]: The current configuration does not include the symbol library 'power'
    ; warning
    @(33.02 mm, 1097.28 mm): Symbol #PWR244 [GND]
[unconnected_wire_endpoint]: Unconnected wire endpoint
    ; warning
    @(566.42 mm, 939.80 mm): Horizontal Wire, length 2.54 mm
[lib_symbol_issues]: The current configuration does not include the symbol library 'Device'
    ; warning
    @(83.82 mm, 1098.55 mm): Symbol C318 [C]
[endpoint_off_grid]: Symbol pin or wire end off connection grid
    ; warning
    @(89.54 mm, 1098.55 mm): Horizontal Wire, length 1.91 mm
[lib_symbol_issues]: The current configuration does not include the symbol library 'Device'
    ; warning
    @(566.42 mm, 946.15 mm): Symbol C330 [C]
[endpoint_off_grid]: Symbol pin or wire end off connection grid
    ; warning
    @(100.97 mm, 1098.55 mm): Horizontal Wire, length 11.43 mm
[endpoint_off_grid]: Symbol pin or wire end off connection grid
    ; warning
    @(102.24 mm, 1098.55 mm): Symbol U304 Pin 1 [S3B_BOOT, Passive, Line]
[endpoint_off_grid]: Symbol pin or wire end off connection grid
    ; warning
    @(102.24 mm, 1098.55 mm): Horizontal Wire, length 1.27 mm
[endpoint_off_grid]: Symbol pin or wire end off connection grid
    ; warning
    @(90.81 mm, 1101.09 mm): Horizontal Wire, length 32.39 mm
[endpoint_off_grid]: Symbol pin or wire end off connection grid
    ; warning
    @(100.97 mm, 1101.09 mm): Horizontal Wire, length 10.16 mm
[endpoint_off_grid]: Symbol pin or wire end off connection grid
    ; warning
    @(102.24 mm, 1101.09 mm): Horizontal Wire, length 1.27 mm
[endpoint_off_grid]: Symbol pin or wire end off connection grid
    ; warning
    @(1105.53 mm, 49.53 mm): Horizontal Wire, length 1.27 mm
[endpoint_off_grid]: Symbol pin or wire end off connection grid
    ; warning
    @(1105.53 mm, 52.07 mm): Horizontal Wire, length 1.27 mm
[endpoint_off_grid]: Symbol pin or wire end off connection grid
    ; warning
    @(1105.53 mm, 54.61 mm): Horizontal Wire, length 1.27 mm
[endpoint_off_grid]: Symbol pin or wire end off connection grid
    ; warning
    @(92.08 mm, 1103.63 mm): Horizontal Wire, length 1.91 mm
[lib_symbol_issues]: The current configuration does not include the symbol library 'Device'
    ; warning
    @(184.15 mm, 1092.20 mm): Symbol R307 [R]
[endpoint_off_grid]: Symbol pin or wire end off connection grid
    ; warning
    @(141.60 mm, 1098.55 mm): Horizontal Wire, length 1.27 mm
[lib_symbol_issues]: The current configuration does not include the symbol library 'Connector_Generic'
    ; warning
    @(1056.64 mm, 332.74 mm): Symbol J_DBG1 [Conn_01x05]
[endpoint_off_grid]: Symbol pin or wire end off connection grid
    ; warning
    @(142.87 mm, 1098.55 mm): Horizontal Wire, length 8.89 mm
[endpoint_off_grid]: Symbol pin or wire end off connection grid
    ; warning
    @(1106.80 mm, 49.53 mm): Horizontal Wire, length 8.89 mm
[endpoint_off_grid]: Symbol pin or wire end off connection grid
    ; warning
    @(1106.80 mm, 52.07 mm): Horizontal Wire, length 11.43 mm
[endpoint_off_grid]: Symbol pin or wire end off connection grid
    ; warning
    @(1106.80 mm, 54.61 mm): Horizontal Wire, length 8.89 mm
[lib_symbol_issues]: The current configuration does not include the symbol library 'power'
    ; warning
    @(566.42 mm, 952.50 mm): Symbol #PWR256 [GND]
[endpoint_off_grid]: Symbol pin or wire end off connection grid
    ; warning
    @(100.97 mm, 1103.63 mm): Horizontal Wire, length 8.89 mm
[endpoint_off_grid]: Symbol pin or wire end off connection grid
    ; warning
    @(102.24 mm, 1103.63 mm): Horizontal Wire, length 1.27 mm
[lib_symbol_issues]: The current configuration does not include the symbol library 'Device'
    ; warning
    @(55.88 mm, 1107.44 mm): Symbol R312 [R]
[endpoint_off_grid]: Symbol pin or wire end off connection grid
    ; warning
    @(151.76 mm, 1098.55 mm): Horizontal Wire, length 32.39 mm
[lib_symbol_issues]: The current configuration does not include the symbol library 'meshsat_ic'
    ; warning
    @(121.92 mm, 1102.36 mm): Symbol U304 [U304]
[endpoint_off_grid]: Symbol pin or wire end off connection grid
    ; warning
    @(141.60 mm, 1101.09 mm): Horizontal Wire, length 1.27 mm
[endpoint_off_grid]: Symbol pin or wire end off connection grid
    ; warning
    @(142.87 mm, 1101.09 mm): Horizontal Wire, length 11.43 mm
[unconnected_wire_endpoint]: Unconnected wire endpoint
    ; warning
    @(142.87 mm, 1101.09 mm): Horizontal Wire, length 11.43 mm
[endpoint_off_grid]: Symbol pin or wire end off connection grid
    ; warning
    @(141.60 mm, 1103.63 mm): Horizontal Wire, length 1.27 mm
[endpoint_off_grid]: Symbol pin or wire end off connection grid
    ; warning
    @(142.87 mm, 1103.63 mm): Horizontal Wire, length 8.89 mm
[unconnected_wire_endpoint]: Unconnected wire endpoint
    ; warning
    @(142.87 mm, 1103.63 mm): Horizontal Wire, length 8.89 mm
[lib_symbol_issues]: The current configuration does not include the symbol library 'power'
    ; warning
    @(55.88 mm, 1113.79 mm): Symbol #PWR245 [GND]
[lib_symbol_issues]: The current configuration does not include the symbol library 'Device'
    ; warning
    @(90.17 mm, 1112.52 mm): Symbol R309 [R]
[lib_symbol_issues]: The current configuration does not include the symbol library 'Device'
    ; warning
    @(864.87 mm, 706.12 mm): Symbol R238 [R]
[endpoint_off_grid]: Symbol pin or wire end off connection grid
    ; warning
    @(1115.69 mm, 49.53 mm): Horizontal Wire, length 32.39 mm
[unconnected_wire_endpoint]: Unconnected wire endpoint
    ; warning
    @(1106.80 mm, 54.61 mm): Horizontal Wire, length 8.89 mm
[unconnected_wire_endpoint]: Unconnected wire endpoint
    ; warning
    @(1106.80 mm, 52.07 mm): Horizontal Wire, length 11.43 mm
[lib_symbol_issues]: The current configuration does not include the symbol library 'Device'
    ; warning
    @(186.69 mm, 1104.90 mm): Symbol R308 [R]
[lib_symbol_issues]: The current configuration does not include the symbol library 'Device'
    ; warning
    @(877.57 mm, 697.23 mm): Symbol R268 [R]
[lib_symbol_issues]: The current configuration does not include the symbol library 'Device'
    ; warning
    @(1117.60 mm, 85.09 mm): Symbol C117 [C]
[lib_symbol_issues]: The current configuration does not include the symbol library 'Device'
    ; warning
    @(266.70 mm, 1089.66 mm): Symbol L303 [L]
[unconnected_wire_endpoint]: Unconnected wire endpoint
    ; warning
    @(227.33 mm, 1098.55 mm): Horizontal Wire, length 2.54 mm
[lib_symbol_issues]: The current configuration does not include the symbol library 'power'
    ; warning
    @(90.17 mm, 1118.87 mm): Symbol #PWR246 [GND]
[lib_symbol_issues]: The current configuration does not include the symbol library 'Device'
    ; warning
    @(1104.90 mm, 198.12 mm): Symbol L103 [L]
[lib_symbol_issues]: The current configuration does not include the symbol library 'power'
    ; warning
    @(121.92 mm, 1116.33 mm): Symbol #PWR248 [GND]
[lib_symbol_issues]: The current configuration does not include the symbol library 'Device'
    ; warning
    @(1052.83 mm, 393.70 mm): Symbol C116 [C]
[lib_symbol_issues]: The current configuration does not include the symbol library 'Device'
    ; warning
    @(212.09 mm, 1104.90 mm): Symbol C319 [C]
[unconnected_wire_endpoint]: Unconnected wire endpoint
    ; warning
    @(894.08 mm, 699.77 mm): Horizontal Wire, length 11.43 mm
[lib_symbol_issues]: The current configuration does not include the symbol library 'power'
    ; warning
    @(186.69 mm, 1111.25 mm): Symbol #PWR247 [GND]
[unconnected_wire_endpoint]: Unconnected wire endpoint
    ; warning
    @(894.08 mm, 702.31 mm): Horizontal Wire, length 11.43 mm
[lib_symbol_issues]: The current configuration does not include the symbol library 'Device'
    ; warning
    @(227.33 mm, 1104.90 mm): Symbol C320 [C]
[lib_symbol_issues]: The current configuration does not include the symbol library 'Device'
    ; warning
    @(1109.98 mm, 207.01 mm): Symbol C128 [C]
[lib_symbol_issues]: The current configuration does not include the symbol library 'Device'
    ; warning
    @(864.87 mm, 726.44 mm): Symbol R285 [R]
[endpoint_off_grid]: Symbol pin or wire end off connection grid
    ; warning
    @(278.77 mm, 1096.01 mm): Horizontal Wire, length 12.07 mm
[endpoint_off_grid]: Symbol pin or wire end off connection grid
    ; warning
    @(288.93 mm, 1093.47 mm): Horizontal Wire, length 2.54 mm
[endpoint_off_grid]: Symbol pin or wire end off connection grid
    ; warning
    @(288.93 mm, 1093.47 mm): Symbol U305 Pin 2 [EN33_S3, Passive, Line]
[lib_symbol_issues]: The current configuration does not include the symbol library 'power'
    ; warning
    @(212.09 mm, 1111.25 mm): Symbol #PWR249 [GND]
[lib_symbol_issues]: The current configuration does not include the symbol library 'Device'
    ; warning
    @(271.78 mm, 1098.55 mm): Symbol C328 [C]
[endpoint_off_grid]: Symbol pin or wire end off connection grid
    ; warning
    @(277.50 mm, 1098.55 mm): Horizontal Wire, length 1.91 mm
[endpoint_off_grid]: Symbol pin or wire end off connection grid
    ; warning
    @(287.66 mm, 1096.01 mm): Horizontal Wire, length 8.89 mm
[endpoint_off_grid]: Symbol pin or wire end off connection grid
    ; warning
    @(288.93 mm, 1096.01 mm): Horizontal Wire, length 1.27 mm
[lib_symbol_issues]: The current configuration does not include the symbol library 'power'
    ; warning
    @(864.87 mm, 732.79 mm): Symbol #PWR171 [GND]
[lib_symbol_issues]: The current configuration does not include the symbol library 'power'
    ; warning
    @(227.33 mm, 1111.25 mm): Symbol #PWR250 [GND]
[endpoint_off_grid]: Symbol pin or wire end off connection grid
    ; warning
    @(1115.70 mm, 207.01 mm): Horizontal Wire, length 1.91 mm
[endpoint_off_grid]: Symbol pin or wire end off connection grid
    ; warning
    @(1116.97 mm, 204.47 mm): Horizontal Wire, length 12.07 mm
[endpoint_off_grid]: Symbol pin or wire end off connection grid
    ; warning
    @(287.66 mm, 1098.55 mm): Horizontal Wire, length 10.16 mm
[endpoint_off_grid]: Symbol pin or wire end off connection grid
    ; warning
    @(288.93 mm, 1098.55 mm): Horizontal Wire, length 1.27 mm
[lib_symbol_issues]: The current configuration does not include the symbol library 'Device'
    ; warning
    @(74.93 mm, 1134.11 mm): Symbol R310 [R]
[unconnected_wire_endpoint]: Unconnected wire endpoint
    ; warning
    @(894.08 mm, 722.63 mm): Horizontal Wire, length 16.51 mm
[lib_symbol_issues]: The current configuration does not include the symbol library 'meshsat_ic'
    ; warning
    @(306.07 mm, 1097.28 mm): Symbol U305 [U305]
[endpoint_off_grid]: Symbol pin or wire end off connection grid
    ; warning
    @(323.21 mm, 1093.47 mm): Horizontal Wire, length 1.27 mm
[endpoint_off_grid]: Symbol pin or wire end off connection grid
    ; warning
    @(324.48 mm, 1093.47 mm): Horizontal Wire, length 8.89 mm
[lib_symbol_issues]: The current configuration does not include the symbol library 'Device'
    ; warning
    @(128.27 mm, 1134.11 mm): Symbol C324 [C]
[endpoint_off_grid]: Symbol pin or wire end off connection grid
    ; warning
    @(323.21 mm, 1096.01 mm): Horizontal Wire, length 1.27 mm
[endpoint_off_grid]: Symbol pin or wire end off connection grid
    ; warning
    @(324.48 mm, 1096.01 mm): Horizontal Wire, length 8.89 mm
[endpoint_off_grid]: Symbol pin or wire end off connection grid
    ; warning
    @(333.37 mm, 1093.47 mm): Horizontal Wire, length 1.91 mm
[endpoint_off_grid]: Symbol pin or wire end off connection grid
    ; warning
    @(1125.86 mm, 204.47 mm): Horizontal Wire, length 8.89 mm
[endpoint_off_grid]: Symbol pin or wire end off connection grid
    ; warning
    @(1125.86 mm, 207.01 mm): Horizontal Wire, length 10.16 mm
[endpoint_off_grid]: Symbol pin or wire end off connection grid
    ; warning
    @(1127.13 mm, 201.93 mm): Horizontal Wire, length 2.54 mm
[endpoint_off_grid]: Symbol pin or wire end off connection grid
    ; warning
    @(1127.13 mm, 201.93 mm): Symbol U105 Pin 2 [EN33_S1, Passive, Line]
[endpoint_off_grid]: Symbol pin or wire end off connection grid
    ; warning
    @(1127.13 mm, 204.47 mm): Horizontal Wire, length 1.27 mm
[unconnected_wire_endpoint]: Unconnected wire endpoint
    ; warning
    @(324.48 mm, 1096.01 mm): Horizontal Wire, length 8.89 mm
[endpoint_off_grid]: Symbol pin or wire end off connection grid
    ; warning
    @(1127.13 mm, 207.01 mm): Horizontal Wire, length 1.27 mm
[lib_symbol_issues]: The current configuration does not include the symbol library 'Device'
    ; warning
    @(166.37 mm, 1134.11 mm): Symbol L302 [L]
[lib_symbol_issues]: The current configuration does not include the symbol library 'Device'
    ; warning
    @(1123.95 mm, 229.87 mm): Symbol R113 [R]
[lib_symbol_issues]: The current configuration does not include the symbol library 'Connector'
    ; warning
    @(920.75 mm, 684.53 mm): Symbol J_M2C2 [Bus_M.2_Socket_B]
[lib_symbol_issues]: The current configuration does not include the symbol library 'Device'
    ; warning
    @(1148.08 mm, 43.18 mm): Symbol R102 [R]
[lib_symbol_issues]: The current configuration does not include the symbol library 'Device'
    ; warning
    @(335.28 mm, 1099.82 mm): Symbol C329 [C]
[lib_symbol_issues]: The current configuration does not include the symbol library 'power'
    ; warning
    @(306.07 mm, 1108.71 mm): Symbol #PWR252 [GND]
[lib_symbol_issues]: The current configuration does not include the symbol library 'Device'
    ; warning
    @(1150.62 mm, 55.88 mm): Symbol R103 [R]
[lib_symbol_issues]: The current configuration does not include the symbol library 'power'
    ; warning
    @(1150.62 mm, 62.23 mm): Symbol #PWR029 [GND]
[lib_symbol_issues]: The current configuration does not include the symbol library 'power'
    ; warning
    @(335.28 mm, 1106.17 mm): Symbol #PWR251 [GND]
[lib_symbol_issues]: The current configuration does not include the symbol library 'Device'
    ; warning
    @(285.75 mm, 1121.41 mm): Symbol R313 [R]
[lib_symbol_issues]: The current configuration does not include the symbol library 'Device'
    ; warning
    @(1155.70 mm, 85.09 mm): Symbol L101 [L]
[lib_symbol_issues]: The current configuration does not include the symbol library 'Device'
    ; warning
    @(890.27 mm, 742.95 mm): Symbol R267 [R]
[unconnected_wire_endpoint]: Unconnected wire endpoint
    ; warning
    @(386.08 mm, 1093.47 mm): Horizontal Wire, length 2.54 mm
[lib_symbol_issues]: The current configuration does not include the symbol library 'meshsat_ic'
    ; warning
    @(1144.27 mm, 205.74 mm): Symbol U105 [U105]
[lib_symbol_issues]: The current configuration does not include the symbol library 'Device'
    ; warning
    @(850.90 mm, 793.75 mm): Symbol C520 [C_Polarized]
[lib_symbol_issues]: The current configuration does not include the symbol library 'Device'
    ; warning
    @(883.92 mm, 758.19 mm): Symbol R239 [R]
[lib_symbol_issues]: The current configuration does not include the symbol library 'power'
    ; warning
    @(1144.27 mm, 217.17 mm): Symbol #PWR041 [GND]
[lib_symbol_issues]: The current configuration does not include the symbol library 'Device'
    ; warning
    @(386.08 mm, 1099.82 mm): Symbol C325 [C]
[lib_symbol_issues]: The current configuration does not include the symbol library 'power'
    ; warning
    @(850.90 mm, 800.10 mm): Symbol #PWR173 [GND]
[lib_symbol_issues]: The current configuration does not include the symbol library 'Device'
    ; warning
    @(328.93 mm, 1121.41 mm): Symbol R314 [R]
[lib_symbol_issues]: The current configuration does not include the symbol library 'Device'
    ; warning
    @(1101.09 mm, 392.43 mm): Symbol R165 [R]
[lib_symbol_issues]: The current configuration does not include the symbol library 'Device'
    ; warning
    @(965.20 mm, 660.40 mm): Symbol R237 [R]
[lib_symbol_issues]: The current configuration does not include the symbol library 'power'
    ; warning
    @(386.08 mm, 1106.17 mm): Symbol #PWR253 [GND]
[unconnected_wire_endpoint]: Unconnected wire endpoint
    ; warning
    @(947.42 mm, 676.91 mm): Horizontal Wire, length 11.43 mm
[lib_symbol_issues]: The current configuration does not include the symbol library 'Device'
    ; warning
    @(866.14 mm, 793.75 mm): Symbol C521 [C_Polarized]
[lib_symbol_issues]: The current configuration does not include the symbol library 'Device'
    ; warning
    @(963.93 mm, 674.37 mm): Symbol R289 [R]
[lib_symbol_issues]: The current configuration does not include the symbol library 'power'
    ; warning
    @(920.75 mm, 735.33 mm): Symbol #PWR172 [GND]
[lib_symbol_issues]: The current configuration does not include the symbol library 'Device'
    ; warning
    @(1177.29 mm, 55.88 mm): Symbol C112 [C]
[endpoint_off_grid]: Symbol pin or wire end off connection grid
    ; warning
    @(1161.41 mm, 201.93 mm): Horizontal Wire, length 1.27 mm
[lib_symbol_issues]: The current configuration does not include the symbol library 'power'
    ; warning
    @(1177.29 mm, 62.23 mm): Symbol #PWR031 [GND]
[lib_symbol_issues]: The current configuration does not include the symbol library 'power'
    ; warning
    @(866.14 mm, 800.10 mm): Symbol #PWR174 [GND]
[endpoint_off_grid]: Symbol pin or wire end off connection grid
    ; warning
    @(1161.41 mm, 204.47 mm): Horizontal Wire, length 1.27 mm
[endpoint_off_grid]: Symbol pin or wire end off connection grid
    ; warning
    @(1162.68 mm, 201.93 mm): Horizontal Wire, length 8.89 mm
[lib_symbol_issues]: The current configuration does not include the symbol library 'Device'
    ; warning
    @(965.20 mm, 679.45 mm): Symbol R287 [R]
[endpoint_off_grid]: Symbol pin or wire end off connection grid
    ; warning
    @(1162.68 mm, 204.47 mm): Horizontal Wire, length 8.89 mm
[lib_symbol_issues]: The current configuration does not include the symbol library 'Device'
    ; warning
    @(850.90 mm, 821.69 mm): Symbol C257 [C]
[unconnected_wire_endpoint]: Unconnected wire endpoint
    ; warning
    @(947.42 mm, 694.69 mm): Horizontal Wire, length 10.16 mm
[lib_symbol_issues]: The current configuration does not include the symbol library 'Device'
    ; warning
    @(881.38 mm, 793.75 mm): Symbol C522 [C]
[lib_symbol_issues]: The current configuration does not include the symbol library 'power'
    ; warning
    @(850.90 mm, 828.04 mm): Symbol #PWR185 [GND]
[endpoint_off_grid]: Symbol pin or wire end off connection grid
    ; warning
    @(1171.57 mm, 201.93 mm): Horizontal Wire, length 1.91 mm
[unconnected_wire_endpoint]: Unconnected wire endpoint
    ; warning
    @(1162.68 mm, 204.47 mm): Horizontal Wire, length 8.89 mm
[lib_symbol_issues]: The current configuration does not include the symbol library 'Device'
    ; warning
    @(1167.13 mm, 229.87 mm): Symbol R114 [R]
[lib_symbol_issues]: The current configuration does not include the symbol library 'power'
    ; warning
    @(881.38 mm, 800.10 mm): Symbol #PWR175 [GND]
[unconnected_wire_endpoint]: Unconnected wire endpoint
    ; warning
    @(866.14 mm, 815.34 mm): Horizontal Wire, length 2.54 mm
[lib_symbol_issues]: The current configuration does not include the symbol library 'Device'
    ; warning
    @(1173.48 mm, 208.28 mm): Symbol C129 [C]
[lib_symbol_issues]: The current configuration does not include the symbol library 'power'
    ; warning
    @(1173.48 mm, 214.63 mm): Symbol #PWR040 [GND]
[lib_symbol_issues]: The current configuration does not include the symbol library 'Transistor_FET'
    ; warning
    @(1141.73 mm, 346.71 mm): Symbol Q102 [2N7002]
[lib_symbol_issues]: The current configuration does not include the symbol library 'Device'
    ; warning
    @(1192.53 mm, 55.88 mm): Symbol C113 [C]
[lib_symbol_issues]: The current configuration does not include the symbol library 'Device'
    ; warning
    @(866.14 mm, 821.69 mm): Symbol C258 [C]
[lib_symbol_issues]: The current configuration does not include the symbol library 'power'
    ; warning
    @(1192.53 mm, 62.23 mm): Symbol #PWR032 [GND]
[unconnected_wire_endpoint]: Unconnected wire endpoint
    ; warning
    @(1192.53 mm, 49.53 mm): Horizontal Wire, length 2.54 mm
[lib_symbol_issues]: The current configuration does not include the symbol library 'Device'
    ; warning
    @(896.62 mm, 793.75 mm): Symbol C523 [C]
[lib_symbol_issues]: The current configuration does not include the symbol library 'power'
    ; warning
    @(866.14 mm, 828.04 mm): Symbol #PWR186 [GND]
[lib_symbol_issues]: The current configuration does not include the symbol library 'Device'
    ; warning
    @(941.07 mm, 742.95 mm): Symbol R266 [R]
[lib_symbol_issues]: The current configuration does not include the symbol library 'power'
    ; warning
    @(896.62 mm, 800.10 mm): Symbol #PWR176 [GND]
[unconnected_wire_endpoint]: Unconnected wire endpoint
    ; warning
    @(886.46 mm, 815.34 mm): Horizontal Wire, length 2.54 mm
[lib_symbol_issues]: The current configuration does not include the symbol library 'Device'
    ; warning
    @(886.46 mm, 821.69 mm): Symbol C286 [C]
[lib_symbol_issues]: The current configuration does not include the symbol library 'Device'
    ; warning
    @(911.86 mm, 793.75 mm): Symbol C524 [C]
[lib_symbol_issues]: The current configuration does not include the symbol library 'power'
    ; warning
    @(886.46 mm, 828.04 mm): Symbol #PWR187 [GND]
[lib_symbol_issues]: The current configuration does not include the symbol library 'power'
    ; warning
    @(911.86 mm, 800.10 mm): Symbol #PWR177 [GND]
[lib_symbol_issues]: The current configuration does not include the symbol library 'Device'
    ; warning
    @(1150.62 mm, 392.43 mm): Symbol R101 [R]
[lib_symbol_issues]: The current configuration does not include the symbol library 'Device'
    ; warning
    @(927.10 mm, 793.75 mm): Symbol C525 [C]
[unconnected_wire_endpoint]: Unconnected wire endpoint
    ; warning
    @(906.78 mm, 815.34 mm): Horizontal Wire, length 2.54 mm
[lib_symbol_issues]: The current configuration does not include the symbol library 'Device'
    ; warning
    @(906.78 mm, 821.69 mm): Symbol R272 [R]
[lib_symbol_issues]: The current configuration does not include the symbol library 'power'
    ; warning
    @(927.10 mm, 800.10 mm): Symbol #PWR178 [GND]
[unconnected_wire_endpoint]: Unconnected wire endpoint
    ; warning
    @(36.83 mm, 1228.09 mm): Horizontal Wire, length 8.89 mm
[lib_symbol_issues]: The current configuration does not include the symbol library 'Connector_Generic'
    ; warning
    @(158.75 mm, 1219.20 mm): Symbol J_RPIBOOT3 [Conn_01x02]
[lib_symbol_issues]: The current configuration does not include the symbol library 'Device'
    ; warning
    @(942.34 mm, 793.75 mm): Symbol C526 [C]
[lib_symbol_issues]: The current configuration does not include the symbol library 'Transistor_FET'
    ; warning
    @(1184.91 mm, 340.36 mm): Symbol Q103 [2N7002]
[lib_symbol_issues]: The current configuration does not include the symbol library 'Device'
    ; warning
    @(58.42 mm, 1231.90 mm): Symbol R352 [R]
[lib_symbol_issues]: The current configuration does not include the symbol library 'Connector'
    ; warning
    @(20.32 mm, 1235.71 mm): Symbol J_FLASH3 [USB_C_Receptacle_USB2.0_16P]
[lib_symbol_issues]: The current configuration does not include the symbol library 'power'
    ; warning
    @(942.34 mm, 800.10 mm): Symbol #PWR179 [GND]
[lib_symbol_issues]: The current configuration does not include the symbol library 'power'
    ; warning
    @(58.42 mm, 1238.25 mm): Symbol #PWR319 [GND]
[lib_symbol_issues]: The current configuration does not include the symbol library 'Device'
    ; warning
    @(1224.28 mm, 208.28 mm): Symbol C125 [C]
[lib_symbol_issues]: The current configuration does not include the symbol library 'Power_Protection'
    ; warning
    @(104.14 mm, 1238.25 mm): Symbol U307 [USBLC6-2SC6]
[lib_symbol_issues]: The current configuration does not include the symbol library 'power'
    ; warning
    @(1224.28 mm, 214.63 mm): Symbol #PWR042 [GND]
[unconnected_wire_endpoint]: Unconnected wire endpoint
    ; warning
    @(1224.28 mm, 201.93 mm): Horizontal Wire, length 2.54 mm
[lib_symbol_issues]: The current configuration does not include the symbol library 'Device'
    ; warning
    @(996.95 mm, 742.95 mm): Symbol R286 [R]
[lib_symbol_issues]: The current configuration does not include the symbol library 'Connector_Generic'
    ; warning
    @(218.44 mm, 1224.28 mm): Symbol J_DBG3 [Conn_01x05]
[lib_symbol_issues]: The current configuration does not include the symbol library 'Device'
    ; warning
    @(957.58 mm, 793.75 mm): Symbol C527 [C]
[lib_symbol_issues]: The current configuration does not include the symbol library 'power'
    ; warning
    @(957.58 mm, 800.10 mm): Symbol #PWR180 [GND]
[lib_symbol_issues]: The current configuration does not include the symbol library 'power'
    ; warning
    @(104.14 mm, 1248.41 mm): Symbol #PWR321 [GND]
[lib_symbol_issues]: The current configuration does not include the symbol library 'Device'
    ; warning
    @(972.82 mm, 793.75 mm): Symbol C528 [C]
[lib_symbol_issues]: The current configuration does not include the symbol library 'power'
    ; warning
    @(972.82 mm, 800.10 mm): Symbol #PWR181 [GND]
[lib_symbol_issues]: The current configuration does not include the symbol library 'Connector_Generic'
    ; warning
    @(304.80 mm, 1224.28 mm): Symbol J_SPI3 [Conn_02x05_Odd_Even]
[lib_symbol_issues]: The current configuration does not include the symbol library 'Device'
    ; warning
    @(1200.15 mm, 392.43 mm): Symbol LED11 [LED]
[lib_symbol_issues]: The current configuration does not include the symbol library 'power'
    ; warning
    @(16.51 mm, 1263.65 mm): Symbol #PWR320 [GND]
[lib_symbol_issues]: The current configuration does not include the symbol library 'Device'
    ; warning
    @(988.06 mm, 793.75 mm): Symbol C529 [C]
[lib_symbol_issues]: The current configuration does not include the symbol library 'Device'
    ; warning
    @(29.21 mm, 1268.73 mm): Symbol R353 [R]
[lib_symbol_issues]: The current configuration does not include the symbol library 'power'
    ; warning
    @(988.06 mm, 800.10 mm): Symbol #PWR182 [GND]
[lib_symbol_issues]: The current configuration does not include the symbol library 'Device'
    ; warning
    @(1038.86 mm, 742.95 mm): Symbol R288 [R]
[lib_symbol_issues]: The current configuration does not include the symbol library 'Device'
    ; warning
    @(1003.30 mm, 793.75 mm): Symbol C530 [C]
[lib_symbol_issues]: The current configuration does not include the symbol library 'Device'
    ; warning
    @(886.46 mm, 925.83 mm): Symbol R323 [R]
[lib_symbol_issues]: The current configuration does not include the symbol library 'power'
    ; warning
    @(1003.30 mm, 800.10 mm): Symbol #PWR183 [GND]
[unconnected_wire_endpoint]: Unconnected wire endpoint
    ; warning
    @(1018.54 mm, 787.40 mm): Horizontal Wire, length 2.54 mm
[lib_symbol_issues]: The current configuration does not include the symbol library 'Device'
    ; warning
    @(883.92 mm, 941.07 mm): Symbol R321 [R]
[lib_symbol_issues]: The current configuration does not include the symbol library 'Device'
    ; warning
    @(1018.54 mm, 793.75 mm): Symbol D520 [D_Zener]
[lib_symbol_issues]: The current configuration does not include the symbol library 'Device'
    ; warning
    @(1291.59 mm, 50.80 mm): Symbol C133 [C]
[lib_symbol_issues]: The current configuration does not include the symbol library 'Device'
    ; warning
    @(862.33 mm, 963.93 mm): Symbol R319 [R]
[lib_symbol_issues]: The current configuration does not include the symbol library 'power'
    ; warning
    @(1018.54 mm, 800.10 mm): Symbol #PWR184 [GND]
[lib_symbol_issues]: The current configuration does not include the symbol library 'Device'
    ; warning
    @(873.76 mm, 956.31 mm): Symbol R326 [R]
[lib_symbol_issues]: The current configuration does not include the symbol library 'Device'
    ; warning
    @(162.56 mm, 1285.24 mm): Symbol C314 [C]
[lib_symbol_issues]: The current configuration does not include the symbol library 'Device'
    ; warning
    @(1296.67 mm, 41.91 mm): Symbol L104 [L]
[endpoint_off_grid]: Symbol pin or wire end off connection grid
    ; warning
    @(1297.31 mm, 50.80 mm): Horizontal Wire, length 1.91 mm
[endpoint_off_grid]: Symbol pin or wire end off connection grid
    ; warning
    @(1298.58 mm, 48.26 mm): Horizontal Wire, length 1.91 mm
[lib_symbol_issues]: The current configuration does not include the symbol library 'Transistor_FET'
    ; warning
    @(30.48 mm, 1299.21 mm): Symbol Q303 [2N7002]
[lib_symbol_issues]: The current configuration does not include the symbol library 'Device'
    ; warning
    @(210.82 mm, 1285.24 mm): Symbol C315 [C]
[lib_symbol_issues]: The current configuration does not include the symbol library 'Transistor_FET'
    ; warning
    @(74.93 mm, 1301.75 mm): Symbol Q304 [2N7002]
[lib_symbol_issues]: The current configuration does not include the symbol library 'Device'
    ; warning
    @(120.65 mm, 1300.48 mm): Symbol R358 [R]
[endpoint_off_grid]: Symbol pin or wire end off connection grid
    ; warning
    @(1307.47 mm, 48.26 mm): Horizontal Wire, length 8.89 mm
[endpoint_off_grid]: Symbol pin or wire end off connection grid
    ; warning
    @(1307.47 mm, 50.80 mm): Horizontal Wire, length 10.16 mm
[lib_symbol_issues]: The current configuration does not include the symbol library 'Device'
    ; warning
    @(1306.83 mm, 76.20 mm): Symbol R115 [R]
[endpoint_off_grid]: Symbol pin or wire end off connection grid
    ; warning
    @(1308.74 mm, 48.26 mm): Horizontal Wire, length 1.27 mm
[endpoint_off_grid]: Symbol pin or wire end off connection grid
    ; warning
    @(1308.74 mm, 48.26 mm): Symbol U106 Pin 5 [S1D_SW, Passive, Line]
[endpoint_off_grid]: Symbol pin or wire end off connection grid
    ; warning
    @(1308.74 mm, 50.80 mm): Horizontal Wire, length 1.27 mm
[lib_symbol_issues]: The current configuration does not include the symbol library 'Device'
    ; warning
    @(257.81 mm, 1285.24 mm): Symbol C316 [C]
[lib_symbol_issues]: The current configuration does not include the symbol library 'Device'
    ; warning
    @(1089.66 mm, 742.95 mm): Symbol LED25 [LED]
[lib_symbol_issues]: The current configuration does not include the symbol library 'Device'
    ; warning
    @(892.81 mm, 971.55 mm): Symbol R320 [R]
[lib_symbol_issues]: The current configuration does not include the symbol library 'Device'
    ; warning
    @(306.07 mm, 1283.97 mm): Symbol R365 [R]
[lib_symbol_issues]: The current configuration does not include the symbol library 'Transistor_FET'
    ; warning
    @(118.11 mm, 1318.26 mm): Symbol Q305 [2N7002]
[lib_symbol_issues]: The current configuration does not include the symbol library 'Transistor_FET'
    ; warning
    @(1060.45 mm, 795.02 mm): Symbol Q206 [2N7002]
[lib_symbol_issues]: The current configuration does not include the symbol library 'meshsat_ic'
    ; warning
    @(1325.88 mm, 52.07 mm): Symbol U106 [U106]
[lib_symbol_issues]: The current configuration does not include the symbol library 'Device'
    ; warning
    @(1282.70 mm, 340.36 mm): Symbol R251 [R]
[lib_symbol_issues]: The current configuration does not include the symbol library 'power'
    ; warning
    @(1325.88 mm, 63.50 mm): Symbol #PWR044 [GND]
[lib_symbol_issues]: The current configuration does not include the symbol library 'power'
    ; warning
    @(1062.99 mm, 802.64 mm): Symbol #PWR188 [GND]
[lib_symbol_issues]: The current configuration does not include the symbol library 'Device'
    ; warning
    @(355.60 mm, 1283.97 mm): Symbol R301 [R]
[lib_symbol_issues]: The current configuration does not include the symbol library 'Device'
    ; warning
    @(1285.24 mm, 368.30 mm): Symbol R257 [R]
[lib_symbol_issues]: The current configuration does not include the symbol library 'Device'
    ; warning
    @(1296.67 mm, 346.71 mm): Symbol C281 [C]
[endpoint_off_grid]: Symbol pin or wire end off connection grid
    ; warning
    @(1343.02 mm, 48.26 mm): Horizontal Wire, length 1.27 mm
[endpoint_off_grid]: Symbol pin or wire end off connection grid
    ; warning
    @(1343.02 mm, 50.80 mm): Horizontal Wire, length 1.27 mm
[lib_symbol_issues]: The current configuration does not include the symbol library 'Device'
    ; warning
    @(1296.67 mm, 354.33 mm): Symbol C280 [C]
[endpoint_off_grid]: Symbol pin or wire end off connection grid
    ; warning
    @(1344.29 mm, 48.26 mm): Horizontal Wire, length 8.89 mm
[endpoint_off_grid]: Symbol pin or wire end off connection grid
    ; warning
    @(1344.29 mm, 50.80 mm): Horizontal Wire, length 8.89 mm
[lib_symbol_issues]: The current configuration does not include the symbol library 'Device'
    ; warning
    @(27.94 mm, 1347.47 mm): Symbol LED31 [LED]
[lib_symbol_issues]: The current configuration does not include the symbol library 'Connector'
    ; warning
    @(62.23 mm, 1347.47 mm): Symbol TP301 [TestPoint]
[unconnected_wire_endpoint]: Unconnected wire endpoint
    ; warning
    @(1316.99 mm, 349.25 mm): Horizontal Wire, length 13.97 mm
[lib_symbol_issues]: The current configuration does not include the symbol library 'Connector'
    ; warning
    @(80.01 mm, 1347.47 mm): Symbol TP302 [TestPoint]
[unconnected_wire_endpoint]: Unconnected wire endpoint
    ; warning
    @(1316.99 mm, 356.87 mm): Horizontal Wire, length 13.97 mm
[lib_symbol_issues]: The current configuration does not include the symbol library 'Device'
    ; warning
    @(877.57 mm, 1027.43 mm): Symbol R327 [R]
[lib_symbol_issues]: The current configuration does not include the symbol library 'Connector'
    ; warning
    @(101.60 mm, 1347.47 mm): Symbol TP303 [TestPoint]
[lib_symbol_issues]: The current configuration does not include the symbol library 'power'
    ; warning
    @(62.23 mm, 1350.01 mm): Symbol #PWR322 [GND]
[lib_symbol_issues]: The current configuration does not include the symbol library 'Device'
    ; warning
    @(1350.01 mm, 76.20 mm): Symbol R116 [R]
[endpoint_off_grid]: Symbol pin or wire end off connection grid
    ; warning
    @(1353.18 mm, 48.26 mm): Horizontal Wire, length 1.91 mm
[unconnected_wire_endpoint]: Unconnected wire endpoint
    ; warning
    @(1344.29 mm, 50.80 mm): Horizontal Wire, length 8.89 mm
[unconnected_wire_endpoint]: Unconnected wire endpoint
    ; warning
    @(1316.99 mm, 369.57 mm): Horizontal Wire, length 13.97 mm
[unconnected_wire_endpoint]: Unconnected wire endpoint
    ; warning
    @(910.59 mm, 1013.46 mm): Horizontal Wire, length 10.16 mm
[lib_symbol_issues]: The current configuration does not include the symbol library 'power'
    ; warning
    @(877.57 mm, 1033.78 mm): Symbol #PWR259 [GND]
[lib_symbol_issues]: The current configuration does not include the symbol library 'Device'
    ; warning
    @(1355.09 mm, 54.61 mm): Symbol C134 [C]
[lib_symbol_issues]: The current configuration does not include the symbol library 'power'
    ; warning
    @(1355.09 mm, 60.96 mm): Symbol #PWR043 [GND]
[unconnected_wire_endpoint]: Unconnected wire endpoint
    ; warning
    @(910.59 mm, 1026.16 mm): Horizontal Wire, length 22.86 mm
[lib_symbol_issues]: The current configuration does not include the symbol library 'Transistor_FET'
    ; warning
    @(1101.09 mm, 796.29 mm): Symbol Q207 [2N7002]
[unconnected_wire_endpoint]: Unconnected wire endpoint
    ; warning
    @(948.69 mm, 960.12 mm): Horizontal Wire, length 13.97 mm
[unconnected_wire_endpoint]: Unconnected wire endpoint
    ; warning
    @(910.59 mm, 1031.24 mm): Horizontal Wire, length 22.86 mm
[unconnected_wire_endpoint]: Unconnected wire endpoint
    ; warning
    @(910.59 mm, 1033.78 mm): Horizontal Wire, length 25.40 mm
[lib_symbol_issues]: The current configuration does not include the symbol library 'Device'
    ; warning
    @(972.82 mm, 953.77 mm): Symbol R324 [R]
[unconnected_wire_endpoint]: Unconnected wire endpoint
    ; warning
    @(910.59 mm, 1036.32 mm): Horizontal Wire, length 25.40 mm
[lib_symbol_issues]: The current configuration does not include the symbol library 'power'
    ; warning
    @(1103.63 mm, 803.91 mm): Symbol #PWR189 [GND]
[lib_symbol_issues]: The current configuration does not include the symbol library 'power'
    ; warning
    @(972.82 mm, 960.12 mm): Symbol #PWR257 [GND]
[lib_symbol_issues]: The current configuration does not include the symbol library 'Device'
    ; warning
    @(965.20 mm, 969.01 mm): Symbol R322 [R]
[lib_symbol_issues]: The current configuration does not include the symbol library 'power'
    ; warning
    @(965.20 mm, 975.36 mm): Symbol #PWR258 [GND]
[lib_symbol_issues]: The current configuration does not include the symbol library 'Device'
    ; warning
    @(886.46 mm, 1047.75 mm): Symbol R328 [R]
[lib_symbol_issues]: The current configuration does not include the symbol library 'Connector_Generic'
    ; warning
    @(929.64 mm, 1010.92 mm): Symbol U301 [PI7C9X2G404SL]
[lib_symbol_issues]: The current configuration does not include the symbol library 'Device'
    ; warning
    @(1270.00 mm, 532.13 mm): Symbol D201 [D_Zener]
[lib_symbol_issues]: The current configuration does not include the symbol library 'Device'
    ; warning
    @(1296.67 mm, 463.55 mm): Symbol R249 [R]
[lib_symbol_issues]: The current configuration does not include the symbol library 'power'
    ; warning
    @(886.46 mm, 1054.10 mm): Symbol #PWR261 [GND]
[lib_symbol_issues]: The current configuration does not include the symbol library 'power'
    ; warning
    @(1270.00 mm, 538.48 mm): Symbol #PWR112 [GND]
[unconnected_wire_endpoint]: Unconnected wire endpoint
    ; warning
    @(910.59 mm, 1056.64 mm): Horizontal Wire, length 19.05 mm
[lib_symbol_issues]: The current configuration does not include the symbol library 'Device'
    ; warning
    @(885.19 mm, 1064.26 mm): Symbol C356 [C]
[lib_symbol_issues]: The current configuration does not include the symbol library 'Connector_Generic'
    ; warning
    @(472.44 mm, 1301.75 mm): Symbol U1 [KSZ9897R]
[unconnected_wire_endpoint]: Unconnected wire endpoint
    ; warning
    @(910.59 mm, 1069.34 mm): Horizontal Wire, length 21.59 mm
[lib_symbol_issues]: The current configuration does not include the symbol library 'Device'
    ; warning
    @(1285.24 mm, 532.13 mm): Symbol C201 [C]
[lib_symbol_issues]: The current configuration does not include the symbol library 'power'
    ; warning
    @(1285.24 mm, 538.48 mm): Symbol #PWR113 [GND]
[unconnected_wire_endpoint]: Unconnected wire endpoint
    ; warning
    @(948.69 mm, 1013.46 mm): Horizontal Wire, length 10.16 mm
[lib_symbol_issues]: The current configuration does not include the symbol library 'Connector_Generic'
    ; warning
    @(1336.04 mm, 406.40 mm): Symbol U31A [CM5A]
[lib_symbol_issues]: The current configuration does not include the symbol library 'Device'
    ; warning
    @(1306.83 mm, 496.57 mm): Symbol LED26 [LED]
[unconnected_wire_endpoint]: Unconnected wire endpoint
    ; warning
    @(453.39 mm, 1327.15 mm): Horizontal Wire, length 11.43 mm
[lib_symbol_issues]: The current configuration does not include the symbol library 'Device'
    ; warning
    @(886.46 mm, 1084.58 mm): Symbol C352 [C]
[lib_symbol_issues]: The current configuration does not include the symbol library 'Device'
    ; warning
    @(1315.72 mm, 481.33 mm): Symbol C282 [C]
[lib_symbol_issues]: The current configuration does not include the symbol library 'Device'
    ; warning
    @(1300.48 mm, 532.13 mm): Symbol C202 [C]
[lib_symbol_issues]: The current configuration does not include the symbol library 'Device'
    ; warning
    @(671.83 mm, 1234.44 mm): Symbol C17 [C]
[lib_symbol_issues]: The current configuration does not include the symbol library 'Device'
    ; warning
    @(1404.62 mm, 54.61 mm): Symbol C130 [C]
[lib_symbol_issues]: The current configuration does not include the symbol library 'power'
    ; warning
    @(1404.62 mm, 60.96 mm): Symbol #PWR045 [GND]
[unconnected_wire_endpoint]: Unconnected wire endpoint
    ; warning
    @(453.39 mm, 1334.77 mm): Horizontal Wire, length 11.43 mm
[lib_symbol_issues]: The current configuration does not include the symbol library 'power'
    ; warning
    @(1300.48 mm, 538.48 mm): Symbol #PWR114 [GND]
[unconnected_wire_endpoint]: Unconnected wire endpoint
    ; warning
    @(1404.62 mm, 48.26 mm): Horizontal Wire, length 2.54 mm
[lib_symbol_issues]: The current configuration does not include the symbol library 'power'
    ; warning
    @(671.83 mm, 1240.79 mm): Symbol #PWR327 [GND]
[lib_symbol_issues]: The current configuration does not include the symbol library 'Device'
    ; warning
    @(687.07 mm, 1234.44 mm): Symbol C20 [C]
[unconnected_wire_endpoint]: Unconnected wire endpoint
    ; warning
    @(1355.09 mm, 349.25 mm): Horizontal Wire, length 13.97 mm
[unconnected_wire_endpoint]: Unconnected wire endpoint
    ; warning
    @(948.69 mm, 1026.16 mm): Horizontal Wire, length 22.86 mm
[unconnected_wire_endpoint]: Unconnected wire endpoint
    ; warning
    @(1355.09 mm, 356.87 mm): Horizontal Wire, length 13.97 mm
[unconnected_wire_endpoint]: Unconnected wire endpoint
    ; warning
    @(948.69 mm, 1028.70 mm): Horizontal Wire, length 22.86 mm
[lib_symbol_issues]: The current configuration does not include the symbol library 'power'
    ; warning
    @(687.07 mm, 1240.79 mm): Symbol #PWR328 [GND]
[lib_symbol_issues]: The current configuration does not include the symbol library 'Device'
    ; warning
    @(1375.41 mm, 346.71 mm): Symbol C277 [C]
[lib_symbol_issues]: The current configuration does not include the symbol library 'Device'
    ; warning
    @(1315.72 mm, 532.13 mm): Symbol C203 [C]
[lib_symbol_issues]: The current configuration does not include the symbol library 'Device'
    ; warning
    @(702.31 mm, 1234.44 mm): Symbol C23 [C]
[lib_symbol_issues]: The current configuration does not include the symbol library 'Device'
    ; warning
    @(1375.41 mm, 354.33 mm): Symbol C276 [C]
[unconnected_wire_endpoint]: Unconnected wire endpoint
    ; warning
    @(491.49 mm, 1329.69 mm): Horizontal Wire, length 11.43 mm
[lib_symbol_issues]: The current configuration does not include the symbol library 'power'
    ; warning
    @(1315.72 mm, 538.48 mm): Symbol #PWR115 [GND]
[unconnected_wire_endpoint]: Unconnected wire endpoint
    ; warning
    @(453.39 mm, 1352.55 mm): Horizontal Wire, length 11.43 mm
[unconnected_wire_endpoint]: Unconnected wire endpoint
    ; warning
    @(717.55 mm, 1228.09 mm): Horizontal Wire, length 2.54 mm
[lib_symbol_issues]: The current configuration does not include the symbol library 'power'
    ; warning
    @(702.31 mm, 1240.79 mm): Symbol #PWR329 [GND]
[lib_symbol_issues]: The current configuration does not include the symbol library 'Device'
    ; warning
    @(717.55 mm, 1234.44 mm): Symbol C26 [C]
[lib_symbol_issues]: The current configuration does not include the symbol library 'Device'
    ; warning
    @(513.08 mm, 1333.50 mm): Symbol R57 [R]
[lib_symbol_issues]: The current configuration does not include the symbol library 'Device'
    ; warning
    @(971.55 mm, 1047.75 mm): Symbol R317 [R]
[lib_symbol_issues]: The current configuration does not include the symbol library 'Transistor_FET'
    ; warning
    @(1189.99 mm, 791.21 mm): Symbol Q208 [2N7002]
[lib_symbol_issues]: The current configuration does not include the symbol library 'Device'
    ; warning
    @(906.78 mm, 1104.90 mm): Symbol R325 [R]
[lib_symbol_issues]: The current configuration does not include the symbol library 'Device'
    ; warning
    @(671.83 mm, 1262.38 mm): Symbol C19 [C]
[unconnected_wire_endpoint]: Unconnected wire endpoint
    ; warning
    @(948.69 mm, 1054.10 mm): Horizontal Wire, length 19.05 mm
[unconnected_wire_endpoint]: Unconnected wire endpoint
    ; warning
    @(491.49 mm, 1339.85 mm): Horizontal Wire, length 13.97 mm
[lib_symbol_issues]: The current configuration does not include the symbol library 'Device'
    ; warning
    @(1270.00 mm, 661.67 mm): Symbol C287 [C]
[lib_symbol_issues]: The current configuration does not include the symbol library 'Device'
    ; warning
    @(1277.62 mm, 648.97 mm): Symbol C288 [C]
[lib_symbol_issues]: The current configuration does not include the symbol library 'power'
    ; warning
    @(717.55 mm, 1240.79 mm): Symbol #PWR330 [GND]
[lib_symbol_issues]: The current configuration does not include the symbol library 'Device'
    ; warning
    @(1330.96 mm, 532.13 mm): Symbol C204 [C]
[lib_symbol_issues]: The current configuration does not include the symbol library 'power'
    ; warning
    @(971.55 mm, 1054.10 mm): Symbol #PWR260 [GND]
[lib_symbol_issues]: The current configuration does not include the symbol library 'power'
    ; warning
    @(513.08 mm, 1339.85 mm): Symbol #PWR323 [GND]
[lib_symbol_issues]: The current configuration does not include the symbol library 'power'
    ; warning
    @(1270.00 mm, 668.02 mm): Symbol #PWR193 [GND]
[lib_symbol_issues]: The current configuration does not include the symbol library 'power'
    ; warning
    @(1192.53 mm, 798.83 mm): Symbol #PWR190 [GND]
[lib_symbol_issues]: The current configuration does not include the symbol library 'power'
    ; warning
    @(671.83 mm, 1268.73 mm): Symbol #PWR335 [GND]
[lib_symbol_issues]: The current configuration does not include the symbol library 'power'
    ; warning
    @(1330.96 mm, 538.48 mm): Symbol #PWR116 [GND]
[lib_symbol_issues]: The current configuration does not include the symbol library 'power'
    ; warning
    @(1277.62 mm, 655.32 mm): Symbol #PWR192 [GND]
[lib_symbol_issues]: The current configuration does not include the symbol library 'Device'
    ; warning
    @(882.65 mm, 1132.84 mm): Symbol R331 [R]
[unconnected_wire_endpoint]: Unconnected wire endpoint
    ; warning
    @(948.69 mm, 1061.72 mm): Horizontal Wire, length 19.05 mm
[lib_symbol_issues]: The current configuration does not include the symbol library 'Device'
    ; warning
    @(687.07 mm, 1262.38 mm): Symbol C22 [C]
[lib_symbol_issues]: The current configuration does not include the symbol library 'Device'
    ; warning
    @(737.87 mm, 1234.44 mm): Symbol C18 [C]
[lib_symbol_issues]: The current configuration does not include the symbol library 'Device'
    ; warning
    @(1287.78 mm, 643.89 mm): Symbol C283 [C]
[lib_symbol_issues]: The current configuration does not include the symbol library 'Device'
    ; warning
    @(1390.65 mm, 373.38 mm): Symbol R254 [R]
[lib_symbol_issues]: The current configuration does not include the symbol library 'Device'
    ; warning
    @(1385.57 mm, 393.70 mm): Symbol R256 [R]
[lib_symbol_issues]: The current configuration does not include the symbol library 'power'
    ; warning
    @(1287.78 mm, 650.24 mm): Symbol #PWR191 [GND]
[lib_symbol_issues]: The current configuration does not include the symbol library 'power'
    ; warning
    @(687.07 mm, 1268.73 mm): Symbol #PWR336 [GND]
[lib_symbol_issues]: The current configuration does not include the symbol library 'power'
    ; warning
    @(737.87 mm, 1240.79 mm): Symbol #PWR331 [GND]
[lib_symbol_issues]: The current configuration does not include the symbol library 'Device'
    ; warning
    @(702.31 mm, 1262.38 mm): Symbol C25 [C]
[lib_symbol_issues]: The current configuration does not include the symbol library 'Device'
    ; warning
    @(1357.63 mm, 496.57 mm): Symbol R248 [R]
[lib_symbol_issues]: The current configuration does not include the symbol library 'Device'
    ; warning
    @(753.11 mm, 1234.44 mm): Symbol C21 [C]
[lib_symbol_issues]: The current configuration does not include the symbol library 'Device'
    ; warning
    @(976.63 mm, 1066.80 mm): Symbol C395 [C]
[lib_symbol_issues]: The current configuration does not include the symbol library 'Device'
    ; warning
    @(1346.20 mm, 532.13 mm): Symbol C205 [C]
[unconnected_wire_endpoint]: Unconnected wire endpoint
    ; warning
    @(717.55 mm, 1256.03 mm): Horizontal Wire, length 2.54 mm
[lib_symbol_issues]: The current configuration does not include the symbol library 'Device'
    ; warning
    @(1366.52 mm, 481.33 mm): Symbol C278 [C]
[lib_symbol_issues]: The current configuration does not include the symbol library 'power'
    ; warning
    @(1346.20 mm, 538.48 mm): Symbol #PWR117 [GND]
[lib_symbol_issues]: The current configuration does not include the symbol library 'Device'
    ; warning
    @(431.80 mm, 1384.30 mm): Symbol C15 [C]
[lib_symbol_issues]: The current configuration does not include the symbol library 'power'
    ; warning
    @(702.31 mm, 1268.73 mm): Symbol #PWR337 [GND]
[lib_symbol_issues]: The current configuration does not include the symbol library 'Device'
    ; warning
    @(1271.27 mm, 699.77 mm): Symbol R262 [R]
[lib_symbol_issues]: The current configuration does not include the symbol library 'power'
    ; warning
    @(753.11 mm, 1240.79 mm): Symbol #PWR332 [GND]
[lib_symbol_issues]: The current configuration does not include the symbol library 'Device'
    ; warning
    @(717.55 mm, 1262.38 mm): Symbol C28 [C]
[unconnected_wire_endpoint]: Unconnected wire endpoint
    ; warning
    @(948.69 mm, 1084.58 mm): Horizontal Wire, length 17.78 mm
[lib_symbol_issues]: The current configuration does not include the symbol library 'Device'
    ; warning
    @(971.55 mm, 1080.77 mm): Symbol R318 [R]
[lib_symbol_issues]: The current configuration does not include the symbol library 'Device'
    ; warning
    @(768.35 mm, 1234.44 mm): Symbol C24 [C]
[lib_symbol_issues]: The current configuration does not include the symbol library 'Device'
    ; warning
    @(894.08 mm, 1146.81 mm): Symbol R379 [R]
[endpoint_off_grid]: Symbol pin or wire end off connection grid
    ; warning
    @(1273.18 mm, 706.12 mm): Horizontal Wire, length 1.91 mm
[lib_symbol_issues]: The current configuration does not include the symbol library 'power'
    ; warning
    @(431.80 mm, 1390.65 mm): Symbol #PWR324 [GND]
[lib_symbol_issues]: The current configuration does not include the symbol library 'Device'
    ; warning
    @(439.42 mm, 1389.38 mm): Symbol R3 [R]
[endpoint_off_grid]: Symbol pin or wire end off connection grid
    ; warning
    @(1271.91 mm, 711.20 mm): Horizontal Wire, length 1.91 mm
[lib_symbol_issues]: The current configuration does not include the symbol library 'power'
    ; warning
    @(717.55 mm, 1268.73 mm): Symbol #PWR338 [GND]
[lib_symbol_issues]: The current configuration does not include the symbol library 'power'
    ; warning
    @(971.55 mm, 1087.12 mm): Symbol #PWR262 [GND]
[unconnected_wire_endpoint]: Unconnected wire endpoint
    ; warning
    @(783.59 mm, 1228.09 mm): Horizontal Wire, length 2.54 mm
[lib_symbol_issues]: The current configuration does not include the symbol library 'Device'
    ; warning
    @(1270.00 mm, 717.55 mm): Symbol R273 [R]
[lib_symbol_issues]: The current configuration does not include the symbol library 'power'
    ; warning
    @(768.35 mm, 1240.79 mm): Symbol #PWR333 [GND]
[lib_symbol_issues]: The current configuration does not include the symbol library 'Device'
    ; warning
    @(1404.62 mm, 398.78 mm): Symbol R255 [R]
[lib_symbol_issues]: The current configuration does not include the symbol library 'Device'
    ; warning
    @(1361.44 mm, 532.13 mm): Symbol C206 [C]
[lib_symbol_issues]: The current configuration does not include the symbol library 'power'
    ; warning
    @(1270.00 mm, 723.90 mm): Symbol #PWR195 [GND]
[lib_symbol_issues]: The current configuration does not include the symbol library 'Connector'
    ; warning
    @(1318.26 mm, 632.46 mm): Symbol J_SIM1 [SIM_Card_Shielded]
[lib_symbol_issues]: The current configuration does not include the symbol library 'Device'
    ; warning
    @(783.59 mm, 1234.44 mm): Symbol C27 [C]
[lib_symbol_issues]: The current configuration does not include the symbol library 'Device'
    ; warning
    @(890.27 mm, 1160.78 mm): Symbol R377 [R]
[lib_symbol_issues]: The current configuration does not include the symbol library 'power'
    ; warning
    @(439.42 mm, 1395.73 mm): Symbol #PWR326 [GND]
[lib_symbol_issues]: The current configuration does not include the symbol library 'Device'
    ; warning
    @(960.12 mm, 1104.90 mm): Symbol LED32 [LED]
[lib_symbol_issues]: The current configuration does not include the symbol library 'power'
    ; warning
    @(1361.44 mm, 538.48 mm): Symbol #PWR118 [GND]
[lib_symbol_issues]: The current configuration does not include the symbol library 'power'
    ; warning
    @(783.59 mm, 1240.79 mm): Symbol #PWR334 [GND]
[endpoint_off_grid]: Symbol pin or wire end off connection grid
    ; warning
    @(1290.96 mm, 706.12 mm): Horizontal Wire, length 17.78 mm
[endpoint_off_grid]: Symbol pin or wire end off connection grid
    ; warning
    @(1292.23 mm, 706.12 mm): Symbol U211 Pin 1 [WL_nDIS2_OFF, Passive, Line]
[endpoint_off_grid]: Symbol pin or wire end off connection grid
    ; warning
    @(1292.23 mm, 706.12 mm): Horizontal Wire, length 1.27 mm
[endpoint_off_grid]: Symbol pin or wire end off connection grid
    ; warning
    @(1292.23 mm, 708.66 mm): Horizontal Wire, length 2.54 mm
[endpoint_off_grid]: Symbol pin or wire end off connection grid
    ; warning
    @(1290.96 mm, 711.20 mm): Horizontal Wire, length 19.05 mm
[lib_symbol_issues]: The current configuration does not include the symbol library 'Device'
    ; warning
    @(890.27 mm, 1176.02 mm): Symbol C396 [C]
[endpoint_off_grid]: Symbol pin or wire end off connection grid
    ; warning
    @(1292.23 mm, 711.20 mm): Horizontal Wire, length 1.27 mm
[lib_symbol_issues]: The current configuration does not include the symbol library 'Device'
    ; warning
    @(1376.68 mm, 532.13 mm): Symbol C207 [C]
[lib_symbol_issues]: The current configuration does not include the symbol library 'Device'
    ; warning
    @(480.06 mm, 1395.73 mm): Symbol LED4 [LED]
[lib_symbol_issues]: The current configuration does not include the symbol library 'Device'
    ; warning
    @(513.08 mm, 1384.30 mm): Symbol C14 [C]
[lib_symbol_issues]: The current configuration does not include the symbol library 'Device'
    ; warning
    @(948.69 mm, 1132.84 mm): Symbol R384 [R]
[lib_symbol_issues]: The current configuration does not include the symbol library 'power'
    ; warning
    @(1376.68 mm, 538.48 mm): Symbol #PWR119 [GND]
[lib_symbol_issues]: The current configuration does not include the symbol library 'power'
    ; warning
    @(513.08 mm, 1390.65 mm): Symbol #PWR325 [GND]
[lib_symbol_issues]: The current configuration does not include the symbol library 'Device'
    ; warning
    @(476.25 mm, 1410.97 mm): Symbol R7 [R]
[lib_symbol_issues]: The current configuration does not include the symbol library 'Device'
    ; warning
    @(1391.92 mm, 532.13 mm): Symbol C208 [C]
[unconnected_wire_endpoint]: Unconnected wire endpoint
    ; warning
    @(1391.92 mm, 525.78 mm): Horizontal Wire, length 2.54 mm
[lib_symbol_issues]: The current configuration does not include the symbol library 'power'
    ; warning
    @(1391.92 mm, 538.48 mm): Symbol #PWR120 [GND]
[lib_symbol_issues]: The current configuration does not include the symbol library 'Device'
    ; warning
    @(939.80 mm, 1160.78 mm): Symbol C353 [C]
[lib_symbol_issues]: The current configuration does not include the symbol library 'Device'
    ; warning
    @(535.94 mm, 1395.73 mm): Symbol R8 [R]
[lib_symbol_issues]: The current configuration does not include the symbol library 'Device'
    ; warning
    @(961.39 mm, 1146.81 mm): Symbol R376 [R]
[lib_symbol_issues]: The current configuration does not include the symbol library 'Device'
    ; warning
    @(1417.32 mm, 481.33 mm): Symbol C279 [C]
[lib_symbol_issues]: The current configuration does not include the symbol library 'Device'
    ; warning
    @(1273.81 mm, 791.21 mm): Symbol R246 [R]
[lib_symbol_issues]: The current configuration does not include the symbol library 'meshsat_ic'
    ; warning
    @(1319.53 mm, 712.47 mm): Symbol U211 [U211]
[lib_symbol_issues]: The current configuration does not include the symbol library 'Device'
    ; warning
    @(1007.11 mm, 1117.60 mm): Symbol R330 [R]
[lib_symbol_issues]: The current configuration does not include the symbol library 'Device'
    ; warning
    @(478.79 mm, 1426.21 mm): Symbol C16 [C]
[lib_symbol_issues]: The current configuration does not include the symbol library 'power'
    ; warning
    @(1319.53 mm, 728.98 mm): Symbol #PWR197 [GND]
[lib_symbol_issues]: The current configuration does not include the symbol library 'Device'
    ; warning
    @(532.13 mm, 1410.97 mm): Symbol LED2 [LED]
[lib_symbol_issues]: The current configuration does not include the symbol library 'Device'
    ; warning
    @(1412.24 mm, 532.13 mm): Symbol C209 [C]
[lib_symbol_issues]: The current configuration does not include the symbol library 'Transistor_FET'
    ; warning
    @(867.41 mm, 1235.71 mm): Symbol Q2 [2N7002]
[lib_symbol_issues]: The current configuration does not include the symbol library 'Device'
    ; warning
    @(1282.70 mm, 796.29 mm): Symbol R245 [R]
[lib_symbol_issues]: The current configuration does not include the symbol library 'power'
    ; warning
    @(1412.24 mm, 538.48 mm): Symbol #PWR121 [GND]
[lib_symbol_issues]: The current configuration does not include the symbol library 'Device'
    ; warning
    @(445.77 mm, 1447.80 mm): Symbol Y1 [Crystal_GND24]
[lib_symbol_issues]: The current configuration does not include the symbol library 'Device'
    ; warning
    @(955.04 mm, 1176.02 mm): Symbol C351 [C]
[lib_symbol_issues]: The current configuration does not include the symbol library 'Device'
    ; warning
    @(591.82 mm, 1395.73 mm): Symbol LED3 [LED]
[lib_symbol_issues]: The current configuration does not include the symbol library 'power'
    ; warning
    @(869.95 mm, 1243.33 mm): Symbol #PWR340 [GND]
[lib_symbol_issues]: The current configuration does not include the symbol library 'Device'
    ; warning
    @(523.24 mm, 1426.21 mm): Symbol LED1 [LED]
[lib_symbol_issues]: The current configuration does not include the symbol library 'Device'
    ; warning
    @(1013.46 mm, 1132.84 mm): Symbol R383 [R]
[endpoint_off_grid]: Symbol pin or wire end off connection grid
    ; warning
    @(1346.83 mm, 706.12 mm): Horizontal Wire, length 1.27 mm
[lib_symbol_issues]: The current configuration does not include the symbol library 'Device'
    ; warning
    @(1270.00 mm, 836.93 mm): Symbol C265 [C]
[endpoint_off_grid]: Symbol pin or wire end off connection grid
    ; warning
    @(1348.10 mm, 706.12 mm): Horizontal Wire, length 17.78 mm
[endpoint_off_grid]: Symbol pin or wire end off connection grid
    ; warning
    @(1346.83 mm, 708.66 mm): Horizontal Wire, length 2.54 mm
[lib_symbol_issues]: The current configuration does not include the symbol library 'power'
    ; warning
    @(445.77 mm, 1455.42 mm): Symbol #PWR339 [GND]
[endpoint_off_grid]: Symbol pin or wire end off connection grid
    ; warning
    @(1346.83 mm, 711.20 mm): Horizontal Wire, length 1.27 mm
[lib_symbol_issues]: The current configuration does not include the symbol library 'Device'
    ; warning
    @(1427.48 mm, 532.13 mm): Symbol C210 [C]
[unconnected_wire_endpoint]: Unconnected wire endpoint
    ; warning
    @(1427.48 mm, 525.78 mm): Horizontal Wire, length 2.54 mm
[endpoint_off_grid]: Symbol pin or wire end off connection grid
    ; warning
    @(1348.10 mm, 711.20 mm): Horizontal Wire, length 19.05 mm
[lib_symbol_issues]: The current configuration does not include the symbol library 'power'
    ; warning
    @(1270.00 mm, 843.28 mm): Symbol #PWR209 [GND]
[lib_symbol_issues]: The current configuration does not include the symbol library 'power'
    ; warning
    @(1427.48 mm, 538.48 mm): Symbol #PWR122 [GND]
[unconnected_wire_endpoint]: Unconnected wire endpoint
    ; warning
    @(1303.02 mm, 822.96 mm): Horizontal Wire, length 17.78 mm
[lib_symbol_issues]: The current configuration does not include the symbol library 'Device'
    ; warning
    @(588.01 mm, 1410.97 mm): Symbol R6 [R]
[lib_symbol_issues]: The current configuration does not include the symbol library 'Device'
    ; warning
    @(11.43 mm, 1529.08 mm): Symbol R41 [R]
[lib_symbol_issues]: The current configuration does not include the symbol library 'Device'
    ; warning
    @(119.38 mm, 1526.54 mm): Symbol R40 [R]
[lib_symbol_issues]: The current configuration does not include the symbol library 'Device'
    ; warning
    @(999.49 mm, 1160.78 mm): Symbol C354 [C]
[lib_symbol_issues]: The current configuration does not include the symbol library 'Device'
    ; warning
    @(76.20 mm, 1534.16 mm): Symbol R42 [R]
[endpoint_off_grid]: Symbol pin or wire end off connection grid
    ; warning
    @(1365.88 mm, 706.12 mm): Horizontal Wire, length 22.23 mm
[lib_symbol_issues]: The current configuration does not include the symbol library 'Device'
    ; warning
    @(1026.16 mm, 1146.81 mm): Symbol R378 [R]
[lib_symbol_issues]: The current configuration does not include the symbol library 'Device'
    ; warning
    @(579.12 mm, 1426.21 mm): Symbol R5 [R]
[unconnected_wire_endpoint]: Unconnected wire endpoint
    ; warning
    @(95.25 mm, 1536.70 mm): Horizontal Wire, length 2.54 mm
[lib_symbol_issues]: The current configuration does not include the symbol library 'Connector_Generic'
    ; warning
    @(34.29 mm, 1540.51 mm): Symbol J_RB9704 [Conn_02x08_Odd_Even]
[endpoint_off_grid]: Symbol pin or wire end off connection grid
    ; warning
    @(1367.15 mm, 711.20 mm): Horizontal Wire, length 1.91 mm
[lib_symbol_issues]: The current configuration does not include the symbol library 'Connector_Generic'
    ; warning
    @(1322.07 mm, 795.02 mm): Symbol U202 [TUSB8041]
[lib_symbol_issues]: The current configuration does not include the symbol library 'Device'
    ; warning
    @(1468.12 mm, 481.33 mm): Symbol C275 [C]
[lib_symbol_issues]: The current configuration does not include the symbol library 'Device'
    ; warning
    @(1066.80 mm, 1117.60 mm): Symbol LED33 [LED]
[lib_symbol_issues]: The current configuration does not include the symbol library 'Device'
    ; warning
    @(1369.06 mm, 717.55 mm): Symbol R274 [R]
[lib_symbol_issues]: The current configuration does not include the symbol library 'Device'
    ; warning
    @(95.25 mm, 1543.05 mm): Symbol C63 [C]
[lib_symbol_issues]: The current configuration does not include the symbol library 'Device'
    ; warning
    @(930.91 mm, 1234.44 mm): Symbol C31 [C]
[unconnected_wire_endpoint]: Unconnected wire endpoint
    ; warning
    @(252.73 mm, 1525.27 mm): Horizontal Wire, length 2.54 mm
[lib_symbol_issues]: The current configuration does not include the symbol library 'power'
    ; warning
    @(1369.06 mm, 723.90 mm): Symbol #PWR196 [GND]
[lib_symbol_issues]: The current configuration does not include the symbol library 'Connector_Generic'
    ; warning
    @(160.02 mm, 1540.51 mm): Symbol U18 [CP2102N]
[lib_symbol_issues]: The current configuration does not include the symbol library 'Device'
    ; warning
    @(237.49 mm, 1531.62 mm): Symbol C59 [C]
[lib_symbol_issues]: The current configuration does not include the symbol library 'Device'
    ; warning
    @(642.62 mm, 1410.97 mm): Symbol R4 [R]
[lib_symbol_issues]: The current configuration does not include the symbol library 'Device'
    ; warning
    @(1297.94 mm, 848.36 mm): Symbol C263 [C]
[lib_symbol_issues]: The current configuration does not include the symbol library 'power'
    ; warning
    @(930.91 mm, 1240.79 mm): Symbol #PWR343 [GND]
[lib_symbol_issues]: The current configuration does not include the symbol library 'power'
    ; warning
    @(95.25 mm, 1549.40 mm): Symbol #PWR390 [GND]
[lib_symbol_issues]: The current configuration does not include the symbol library 'Device'
    ; warning
    @(252.73 mm, 1531.62 mm): Symbol C60 [C]
[endpoint_off_grid]: Symbol pin or wire end off connection grid
    ; warning
    @(272.42 mm, 1529.08 mm): Horizontal Wire, length 1.91 mm
[lib_symbol_issues]: The current configuration does not include the symbol library 'Device'
    ; warning
    @(1388.11 mm, 699.77 mm): Symbol R263 [R]
[endpoint_off_grid]: Symbol pin or wire end off connection grid
    ; warning
    @(283.85 mm, 1529.08 mm): Horizontal Wire, length 11.43 mm
[endpoint_off_grid]: Symbol pin or wire end off connection grid
    ; warning
    @(285.12 mm, 1529.08 mm): Horizontal Wire, length 1.27 mm
[endpoint_off_grid]: Symbol pin or wire end off connection grid
    ; warning
    @(285.12 mm, 1529.08 mm): Symbol U24 Pin 2 [U24_DVDT, Passive, Line]
[lib_symbol_issues]: The current configuration does not include the symbol library 'power'
    ; warning
    @(237.49 mm, 1537.97 mm): Symbol #PWR391 [GND]
[lib_symbol_issues]: The current configuration does not include the symbol library 'Device'
    ; warning
    @(1421.13 mm, 635.00 mm): Symbol R269 [R]
[endpoint_off_grid]: Symbol pin or wire end off connection grid
    ; warning
    @(285.12 mm, 1531.62 mm): Horizontal Wire, length 2.54 mm
[lib_symbol_issues]: The current configuration does not include the symbol library 'power'
    ; warning
    @(252.73 mm, 1537.97 mm): Symbol #PWR392 [GND]
[unconnected_wire_endpoint]: Unconnected wire endpoint
    ; warning
    @(283.85 mm, 1534.16 mm): Horizontal Wire, length 8.89 mm
[lib_symbol_issues]: The current configuration does not include the symbol library 'Device'
    ; warning
    @(270.51 mm, 1535.43 mm): Symbol C61 [C]
[endpoint_off_grid]: Symbol pin or wire end off connection grid
    ; warning
    @(283.85 mm, 1534.16 mm): Horizontal Wire, length 8.89 mm
[endpoint_off_grid]: Symbol pin or wire end off connection grid
    ; warning
    @(285.12 mm, 1534.16 mm): Horizontal Wire, length 1.27 mm
[lib_symbol_issues]: The current configuration does not include the symbol library 'meshsat_ic'
    ; warning
    @(304.80 mm, 1532.89 mm): Symbol U24 [U24]
[unconnected_wire_endpoint]: Unconnected wire endpoint
    ; warning
    @(960.12 mm, 1238.25 mm): Horizontal Wire, length 6.35 mm
[endpoint_off_grid]: Symbol pin or wire end off connection grid
    ; warning
    @(324.48 mm, 1529.08 mm): Horizontal Wire, length 1.27 mm
[unconnected_wire_endpoint]: Unconnected wire endpoint
    ; warning
    @(1441.45 mm, 637.54 mm): Horizontal Wire, length 13.97 mm
[endpoint_off_grid]: Symbol pin or wire end off connection grid
    ; warning
    @(325.75 mm, 1529.08 mm): Horizontal Wire, length 10.16 mm
[lib_symbol_issues]: The current configuration does not include the symbol library 'Device'
    ; warning
    @(1078.23 mm, 1132.84 mm): Symbol R380 [R]
[lib_symbol_issues]: The current configuration does not include the symbol library 'Device'
    ; warning
    @(941.07 mm, 1249.68 mm): Symbol C29 [C]
[lib_symbol_issues]: The current configuration does not include the symbol library 'power'
    ; warning
    @(270.51 mm, 1541.78 mm): Symbol #PWR393 [GND]
[endpoint_off_grid]: Symbol pin or wire end off connection grid
    ; warning
    @(335.91 mm, 1529.08 mm): Horizontal Wire, length 12.07 mm
[endpoint_off_grid]: Symbol pin or wire end off connection grid
    ; warning
    @(324.48 mm, 1531.62 mm): Horizontal Wire, length 1.27 mm
[endpoint_off_grid]: Symbol pin or wire end off connection grid
    ; warning
    @(325.75 mm, 1531.62 mm): Horizontal Wire, length 11.43 mm
[endpoint_off_grid]: Symbol pin or wire end off connection grid
    ; warning
    @(337.18 mm, 1531.62 mm): Horizontal Wire, length 1.91 mm
[unconnected_wire_endpoint]: Unconnected wire endpoint
    ; warning
    @(1441.45 mm, 645.16 mm): Horizontal Wire, length 11.43 mm
[lib_symbol_issues]: The current configuration does not include the symbol library 'power'
    ; warning
    @(941.07 mm, 1256.03 mm): Symbol #PWR341 [GND]
[lib_symbol_issues]: The current configuration does not include the symbol library 'Device'
    ; warning
    @(1059.18 mm, 1160.78 mm): Symbol C355 [C]
[lib_symbol_issues]: The current configuration does not include the symbol library 'Device'
    ; warning
    @(1358.90 mm, 793.75 mm): Symbol R241 [R]
[lib_symbol_issues]: The current configuration does not include the symbol library 'Device'
    ; warning
    @(347.98 mm, 1535.43 mm): Symbol R43 [R]
[lib_symbol_issues]: The current configuration does not include the symbol library 'Connector_Generic'
    ; warning
    @(979.17 mm, 1234.44 mm): Symbol T1 [H5007NL]
[lib_symbol_issues]: The current configuration does not include the symbol library 'power'
    ; warning
    @(304.80 mm, 1546.86 mm): Symbol #PWR396 [GND]
[lib_symbol_issues]: The current configuration does not include the symbol library 'Device'
    ; warning
    @(1082.04 mm, 1146.81 mm): Symbol R375 [R]
[lib_symbol_issues]: The current configuration does not include the symbol library 'Device'
    ; warning
    @(339.09 mm, 1540.51 mm): Symbol R46 [R]
[lib_symbol_issues]: The current configuration does not include the symbol library 'Device'
    ; warning
    @(1408.43 mm, 712.47 mm): Symbol C297 [C]
[lib_symbol_issues]: The current configuration does not include the symbol library 'Device'
    ; warning
    @(1270.00 mm, 937.26 mm): Symbol C321 [C]
[lib_symbol_issues]: The current configuration does not include the symbol library 'Device'
    ; warning
    @(1357.63 mm, 806.45 mm): Symbol R243 [R]
[lib_symbol_issues]: The current configuration does not include the symbol library 'power'
    ; warning
    @(347.98 mm, 1541.78 mm): Symbol #PWR394 [GND]
[lib_symbol_issues]: The current configuration does not include the symbol library 'power'
    ; warning
    @(1408.43 mm, 718.82 mm): Symbol #PWR198 [GND]
[lib_symbol_issues]: The current configuration does not include the symbol library 'Device'
    ; warning
    @(850.90 mm, 1333.50 mm): Symbol R12 [R]
[lib_symbol_issues]: The current configuration does not include the symbol library 'power'
    ; warning
    @(1270.00 mm, 943.61 mm): Symbol #PWR263 [GND]
[lib_symbol_issues]: The current configuration does not include the symbol library 'Device'
    ; warning
    @(287.02 mm, 1557.02 mm): Symbol R44 [R]
[lib_symbol_issues]: The current configuration does not include the symbol library 'power'
    ; warning
    @(339.09 mm, 1546.86 mm): Symbol #PWR395 [GND]
[lib_symbol_issues]: The current configuration does not include the symbol library 'Device'
    ; warning
    @(1440.18 mm, 659.13 mm): Symbol C284 [C]
[lib_symbol_issues]: The current configuration does not include the symbol library 'Device'
    ; warning
    @(944.88 mm, 1271.27 mm): Symbol C32 [C]
[lib_symbol_issues]: The current configuration does not include the symbol library 'power'
    ; warning
    @(850.90 mm, 1339.85 mm): Symbol #PWR348 [GND]
[unconnected_wire_endpoint]: Unconnected wire endpoint
    ; warning
    @(998.22 mm, 1230.63 mm): Horizontal Wire, length 6.35 mm
[unconnected_wire_endpoint]: Unconnected wire endpoint
    ; warning
    @(1341.12 mm, 822.96 mm): Horizontal Wire, length 17.78 mm
[lib_symbol_issues]: The current configuration does not include the symbol library 'Device'
    ; warning
    @(435.61 mm, 1529.08 mm): Symbol R54 [R]
[lib_symbol_issues]: The current configuration does not include the symbol library 'Connector'
    ; warning
    @(1455.42 mm, 640.08 mm): Symbol J_SIM2 [SIM_Card_Shielded]
[lib_symbol_issues]: The current configuration does not include the symbol library 'Device'
    ; warning
    @(1344.93 mm, 848.36 mm): Symbol C259 [C]
[lib_symbol_issues]: The current configuration does not include the symbol library 'Device'
    ; warning
    @(1285.24 mm, 937.26 mm): Symbol C322 [C]
[lib_symbol_issues]: The current configuration does not include the symbol library 'Device'
    ; warning
    @(1423.67 mm, 712.47 mm): Symbol C270 [C]
[lib_symbol_issues]: The current configuration does not include the symbol library 'Device'
    ; warning
    @(335.28 mm, 1557.02 mm): Symbol R45 [R]
[lib_symbol_issues]: The current configuration does not include the symbol library 'Connector_Generic'
    ; warning
    @(151.13 mm, 1586.23 mm): Symbol J_CAM [Conn_01x04]
[lib_symbol_issues]: The current configuration does not include the symbol library 'power'
    ; warning
    @(1285.24 mm, 943.61 mm): Symbol #PWR264 [GND]
[lib_symbol_issues]: The current configuration does not include the symbol library 'power'
    ; warning
    @(1423.67 mm, 718.82 mm): Symbol #PWR199 [GND]
[lib_symbol_issues]: The current configuration does not include the symbol library 'Device'
    ; warning
    @(1270.00 mm, 965.20 mm): Symbol C326 [C]
[lib_symbol_issues]: The current configuration does not include the symbol library 'Device'
    ; warning
    @(1017.27 mm, 1229.36 mm): Symbol C30 [C]
[lib_symbol_issues]: The current configuration does not include the symbol library 'Device'
    ; warning
    @(1370.33 mm, 819.15 mm): Symbol R244 [R]
[lib_symbol_issues]: The current configuration does not include the symbol library 'Device'
    ; warning
    @(445.77 mm, 1534.16 mm): Symbol R55 [R]
[lib_symbol_issues]: The current configuration does not include the symbol library 'Connector_Generic'
    ; warning
    @(892.81 mm, 1325.88 mm): Symbol U5 [TPS23861]
[lib_symbol_issues]: The current configuration does not include the symbol library 'power'
    ; warning
    @(1270.00 mm, 971.55 mm): Symbol #PWR275 [GND]
[lib_symbol_issues]: The current configuration does not include the symbol library 'Device'
    ; warning
    @(69.85 mm, 1597.66 mm): Symbol R47 [R]
[lib_symbol_issues]: The current configuration does not include the symbol library 'power'
    ; warning
    @(1370.33 mm, 825.50 mm): Symbol #PWR208 [GND]
[lib_symbol_issues]: The current configuration does not include the symbol library 'Device'
    ; warning
    @(1010.92 mm, 1240.79 mm): Symbol R9 [R]
[lib_symbol_issues]: The current configuration does not include the symbol library 'power'
    ; warning
    @(1017.27 mm, 1235.71 mm): Symbol #PWR342 [GND]
[lib_symbol_issues]: The current configuration does not include the symbol library 'Device'
    ; warning
    @(430.53 mm, 1541.78 mm): Symbol R56 [R]
[lib_symbol_issues]: The current configuration does not include the symbol library 'Power_Management'
    ; warning
    @(35.56 mm, 1601.47 mm): Symbol U28 [TPS2065CDBV]
[lib_symbol_issues]: The current configuration does not include the symbol library 'Device'
    ; warning
    @(1300.48 mm, 937.26 mm): Symbol C323 [C]
[unconnected_wire_endpoint]: Unconnected wire endpoint
    ; warning
    @(88.90 mm, 1601.47 mm): Horizontal Wire, length 2.54 mm
[unconnected_wire_endpoint]: Unconnected wire endpoint
    ; warning
    @(109.22 mm, 1601.47 mm): Horizontal Wire, length 2.54 mm
[lib_symbol_issues]: The current configuration does not include the symbol library 'Device'
    ; warning
    @(980.44 mm, 1271.27 mm): Symbol R10 [R]
[lib_symbol_issues]: The current configuration does not include the symbol library 'Connector_Generic'
    ; warning
    @(247.65 mm, 1586.23 mm): Symbol J_QMX [Conn_01x04]
[lib_symbol_issues]: The current configuration does not include the symbol library 'Device'
    ; warning
    @(1438.91 mm, 712.47 mm): Symbol C271 [C]
[lib_symbol_issues]: The current configuration does not include the symbol library 'power'
    ; warning
    @(1300.48 mm, 943.61 mm): Symbol #PWR265 [GND]
[lib_symbol_issues]: The current configuration does not include the symbol library 'Device'
    ; warning
    @(1285.24 mm, 965.20 mm): Symbol C327 [C]
[lib_symbol_issues]: The current configuration does not include the symbol library 'power'
    ; warning
    @(1438.91 mm, 718.82 mm): Symbol #PWR200 [GND]
[lib_symbol_issues]: The current configuration does not include the symbol library 'Power_Protection'
    ; warning
    @(196.85 mm, 1597.66 mm): Symbol U34 [USBLC6-2SC6]
[lib_symbol_issues]: The current configuration does not include the symbol library 'Device'
    ; warning
    @(88.90 mm, 1607.82 mm): Symbol C64 [C]
[lib_symbol_issues]: The current configuration does not include the symbol library 'Device'
    ; warning
    @(12.70 mm, 1610.36 mm): Symbol R48 [R]
[lib_symbol_issues]: The current configuration does not include the symbol library 'Device'
    ; warning
    @(1380.49 mm, 830.58 mm): Symbol R247 [R]
[lib_symbol_issues]: The current configuration does not include the symbol library 'power'
    ; warning
    @(1285.24 mm, 971.55 mm): Symbol #PWR276 [GND]
[lib_symbol_issues]: The current configuration does not include the symbol library 'Device'
    ; warning
    @(109.22 mm, 1607.82 mm): Symbol F3 [Polyfuse]
[lib_symbol_issues]: The current configuration does not include the symbol library 'Device'
    ; warning
    @(1374.14 mm, 842.01 mm): Symbol C264 [C]
[lib_symbol_issues]: The current configuration does not include the symbol library 'power'
    ; warning
    @(35.56 mm, 1611.63 mm): Symbol #PWR398 [GND]
[lib_symbol_issues]: The current configuration does not include the symbol library 'power'
    ; warning
    @(1374.14 mm, 848.36 mm): Symbol #PWR210 [GND]
[lib_symbol_issues]: The current configuration does not include the symbol library 'Device'
    ; warning
    @(1315.72 mm, 937.26 mm): Symbol C335 [C]
[lib_symbol_issues]: The current configuration does not include the symbol library 'power'
    ; warning
    @(88.90 mm, 1614.17 mm): Symbol #PWR399 [GND]
[lib_symbol_issues]: The current configuration does not include the symbol library 'power'
    ; warning
    @(12.70 mm, 1616.71 mm): Symbol #PWR397 [GND]
[lib_symbol_issues]: The current configuration does not include the symbol library 'power'
    ; warning
    @(1315.72 mm, 943.61 mm): Symbol #PWR266 [GND]
[lib_symbol_issues]: The current configuration does not include the symbol library 'Device'
    ; warning
    @(1038.86 mm, 1242.06 mm): Symbol R13 [R]
[lib_symbol_issues]: The current configuration does not include the symbol library 'Device'
    ; warning
    @(1454.15 mm, 712.47 mm): Symbol C272 [C]
[lib_symbol_issues]: The current configuration does not include the symbol library 'Device'
    ; warning
    @(1300.48 mm, 965.20 mm): Symbol C341 [C]
[lib_symbol_issues]: The current configuration does not include the symbol library 'power'
    ; warning
    @(196.85 mm, 1607.82 mm): Symbol #PWR400 [GND]
[lib_symbol_issues]: The current configuration does not include the symbol library 'power'
    ; warning
    @(1454.15 mm, 718.82 mm): Symbol #PWR201 [GND]
[lib_symbol_issues]: The current configuration does not include the symbol library 'Device'
    ; warning
    @(1483.36 mm, 659.13 mm): Symbol R270 [R]
[lib_symbol_issues]: The current configuration does not include the symbol library 'power'
    ; warning
    @(1300.48 mm, 971.55 mm): Symbol #PWR277 [GND]
[lib_symbol_issues]: The current configuration does not include the symbol library 'Device'
    ; warning
    @(969.01 mm, 1303.02 mm): Symbol R11 [R]
[lib_symbol_issues]: The current configuration does not include the symbol library 'Power_Protection'
    ; warning
    @(294.64 mm, 1598.93 mm): Symbol U35 [USBLC6-2SC6]
[lib_symbol_issues]: The current configuration does not include the symbol library 'Device'
    ; warning
    @(1014.73 mm, 1271.27 mm): Symbol C33 [C]
[lib_symbol_issues]: The current configuration does not include the symbol library 'Device'
    ; warning
    @(1330.96 mm, 937.26 mm): Symbol C336 [C]
[unconnected_wire_endpoint]: Unconnected wire endpoint
    ; warning
    @(525.78 mm, 1540.51 mm): Horizontal Wire, length 2.54 mm
[lib_symbol_issues]: The current configuration does not include the symbol library 'Device'
    ; warning
    @(510.54 mm, 1546.86 mm): Symbol C67 [C]
[lib_symbol_issues]: The current configuration does not include the symbol library 'Interface_Expansion'
    ; warning
    @(467.36 mm, 1560.83 mm): Symbol U6 [PCA9555PW]
[lib_symbol_issues]: The current configuration does not include the symbol library 'Connector'
    ; warning
    @(1070.61 mm, 1230.63 mm): Symbol J_ETH [RJ45_Shielded]
[lib_symbol_issues]: The current configuration does not include the symbol library 'power'
    ; warning
    @(1330.96 mm, 943.61 mm): Symbol #PWR267 [GND]
[lib_symbol_issues]: The current configuration does not include the symbol library 'Device'
    ; warning
    @(1315.72 mm, 965.20 mm): Symbol C342 [C]
[lib_symbol_issues]: The current configuration does not include the symbol library 'Device'
    ; warning
    @(1469.39 mm, 712.47 mm): Symbol C273 [C]
[lib_symbol_issues]: The current configuration does not include the symbol library 'Device'
    ; warning
    @(525.78 mm, 1546.86 mm): Symbol C68 [C]
[lib_symbol_issues]: The current configuration does not include the symbol library 'power'
    ; warning
    @(510.54 mm, 1553.21 mm): Symbol #PWR415 [GND]
[lib_symbol_issues]: The current configuration does not include the symbol library 'power'
    ; warning
    @(1315.72 mm, 971.55 mm): Symbol #PWR278 [GND]
[lib_symbol_issues]: The current configuration does not include the symbol library 'power'
    ; warning
    @(1469.39 mm, 718.82 mm): Symbol #PWR202 [GND]
[lib_symbol_issues]: The current configuration does not include the symbol library 'power'
    ; warning
    @(294.64 mm, 1609.09 mm): Symbol #PWR401 [GND]
[lib_symbol_issues]: The current configuration does not include the symbol library 'Power_Protection'
    ; warning
    @(347.98 mm, 1598.93 mm): Symbol U29 [USBLC6-2SC6]
[lib_symbol_issues]: The current configuration does not include the symbol library 'Device'
    ; warning
    @(1400.81 mm, 848.36 mm): Symbol C260 [C]
[lib_symbol_issues]: The current configuration does not include the symbol library 'power'
    ; warning
    @(525.78 mm, 1553.21 mm): Symbol #PWR416 [GND]
[lib_symbol_issues]: The current configuration does not include the symbol library 'Device'
    ; warning
    @(1346.20 mm, 937.26 mm): Symbol C337 [C]
[lib_symbol_issues]: The current configuration does not include the symbol library 'Device'
    ; warning
    @(1452.88 mm, 763.27 mm): Symbol C231 [C]
[lib_symbol_issues]: The current configuration does not include the symbol library 'power'
    ; warning
    @(1070.61 mm, 1245.87 mm): Symbol #PWR344 [GND]
[unconnected_wire_endpoint]: Unconnected wire endpoint
    ; warning
    @(988.06 mm, 1311.91 mm): Horizontal Wire, length 2.54 mm
[lib_symbol_issues]: The current configuration does not include the symbol library 'power'
    ; warning
    @(1346.20 mm, 943.61 mm): Symbol #PWR268 [GND]
[lib_symbol_issues]: The current configuration does not include the symbol library 'Device'
    ; warning
    @(1330.96 mm, 965.20 mm): Symbol C343 [C]
[lib_symbol_issues]: The current configuration does not include the symbol library 'power'
    ; warning
    @(1452.88 mm, 769.62 mm): Symbol #PWR212 [GND]
[endpoint_off_grid]: Symbol pin or wire end off connection grid
    ; warning
    @(1017.91 mm, 1291.59 mm): Horizontal Wire, length 2.54 mm
[endpoint_off_grid]: Symbol pin or wire end off connection grid
    ; warning
    @(1017.91 mm, 1291.59 mm): Symbol Q1 Pin 1 [POE_SEN, Passive, Line]
[endpoint_off_grid]: Symbol pin or wire end off connection grid
    ; warning
    @(1015.37 mm, 1294.13 mm): Vertical Wire, length 2.54 mm
[lib_symbol_issues]: The current configuration does not include the symbol library 'power'
    ; warning
    @(347.98 mm, 1609.09 mm): Symbol #PWR402 [GND]
[endpoint_off_grid]: Symbol pin or wire end off connection grid
    ; warning
    @(1017.91 mm, 1294.13 mm): Horizontal Wire, length 2.54 mm
[lib_symbol_issues]: The current configuration does not include the symbol library 'Device'
    ; warning
    @(1484.63 mm, 712.47 mm): Symbol C292 [C]
[endpoint_off_grid]: Symbol pin or wire end off connection grid
    ; warning
    @(1015.37 mm, 1296.67 mm): Vertical Wire, length 2.54 mm
[lib_symbol_issues]: The current configuration does not include the symbol library 'Device'
    ; warning
    @(988.06 mm, 1318.26 mm): Symbol C36 [C]
[lib_symbol_issues]: The current configuration does not include the symbol library 'power'
    ; warning
    @(1330.96 mm, 971.55 mm): Symbol #PWR279 [GND]
[endpoint_off_grid]: Symbol pin or wire end off connection grid
    ; warning
    @(1017.91 mm, 1296.67 mm): Horizontal Wire, length 2.54 mm
[lib_symbol_issues]: The current configuration does not include the symbol library 'power'
    ; warning
    @(1484.63 mm, 718.82 mm): Symbol #PWR203 [GND]
[endpoint_off_grid]: Symbol pin or wire end off connection grid
    ; warning
    @(621.66 mm, 1530.35 mm): Symbol U8 Pin 5 [SDA, Passive, Line]
[endpoint_off_grid]: Symbol pin or wire end off connection grid
    ; warning
    @(621.66 mm, 1530.35 mm): Horizontal Wire, length 2.54 mm
[lib_symbol_issues]: The current configuration does not include the symbol library 'Interface_Expansion'
    ; warning
    @(570.23 mm, 1550.67 mm): Symbol U7 [PCA9555PW]
[lib_symbol_issues]: The current configuration does not include the symbol library 'power'
    ; warning
    @(988.06 mm, 1324.61 mm): Symbol #PWR349 [GND]
[lib_symbol_issues]: The current configuration does not include the symbol library 'Device'
    ; warning
    @(1361.44 mm, 937.26 mm): Symbol C338 [C]
[lib_symbol_issues]: The current configuration does not include the symbol library 'Device'
    ; warning
    @(1424.94 mm, 839.47 mm): Symbol R242 [R]
[lib_symbol_issues]: The current configuration does not include the symbol library 'Device'
    ; warning
    @(1468.12 mm, 763.27 mm): Symbol C232 [C]
[lib_symbol_issues]: The current configuration does not include the symbol library 'power'
    ; warning
    @(467.36 mm, 1588.77 mm): Symbol #PWR414 [GND]
[lib_symbol_issues]: The current configuration does not include the symbol library 'Device'
    ; warning
    @(1346.20 mm, 965.20 mm): Symbol C344 [C]
[lib_symbol_issues]: The current configuration does not include the symbol library 'power'
    ; warning
    @(1361.44 mm, 943.61 mm): Symbol #PWR269 [GND]
[lib_symbol_issues]: The current configuration does not include the symbol library 'power'
    ; warning
    @(1424.94 mm, 845.82 mm): Symbol #PWR211 [GND]
[lib_symbol_issues]: The current configuration does not include the symbol library 'power'
    ; warning
    @(1468.12 mm, 769.62 mm): Symbol #PWR213 [GND]
[lib_symbol_issues]: The current configuration does not include the symbol library 'meshsat_ic'
    ; warning
    @(1037.59 mm, 1295.40 mm): Symbol Q1 [Q1]
[lib_symbol_issues]: The current configuration does not include the symbol library 'power'
    ; warning
    @(1346.20 mm, 971.55 mm): Symbol #PWR280 [GND]
[lib_symbol_issues]: The current configuration does not include the symbol library 'Device'
    ; warning
    @(1499.87 mm, 712.47 mm): Symbol C293 [C]
[endpoint_off_grid]: Symbol pin or wire end off connection grid
    ; warning
    @(645.80 mm, 1530.35 mm): Horizontal Wire, length 2.54 mm
[lib_symbol_issues]: The current configuration does not include the symbol library 'meshsat_ic'
    ; warning
    @(633.73 mm, 1536.70 mm): Symbol U8 [U8]
[lib_symbol_issues]: The current configuration does not include the symbol library 'Connector_Generic'
    ; warning
    @(1125.22 mm, 1224.28 mm): Symbol J_54V [Conn_01x02]
[lib_symbol_issues]: The current configuration does not include the symbol library 'power'
    ; warning
    @(1499.87 mm, 718.82 mm): Symbol #PWR204 [GND]
[endpoint_off_grid]: Symbol pin or wire end off connection grid
    ; warning
    @(24.77 mm, 1664.97 mm): Horizontal Wire, length 12.07 mm
[endpoint_off_grid]: Symbol pin or wire end off connection grid
    ; warning
    @(36.20 mm, 1664.97 mm): Horizontal Wire, length 11.43 mm
[endpoint_off_grid]: Symbol pin or wire end off connection grid
    ; warning
    @(37.47 mm, 1664.97 mm): Horizontal Wire, length 1.27 mm
[endpoint_off_grid]: Symbol pin or wire end off connection grid
    ; warning
    @(37.47 mm, 1664.97 mm): Symbol U19 Pin 1 [EMCON_HW, Passive, Line]
[lib_symbol_issues]: The current configuration does not include the symbol library 'Device'
    ; warning
    @(1376.68 mm, 937.26 mm): Symbol C339 [C]
[endpoint_off_grid]: Symbol pin or wire end off connection grid
    ; warning
    @(79.37 mm, 1664.97 mm): Horizontal Wire, length 1.27 mm
[endpoint_off_grid]: Symbol pin or wire end off connection grid
    ; warning
    @(80.64 mm, 1664.97 mm): Horizontal Wire, length 7.62 mm
[endpoint_off_grid]: Symbol pin or wire end off connection grid
    ; warning
    @(88.26 mm, 1664.97 mm): Horizontal Wire, length 12.07 mm
[endpoint_off_grid]: Symbol pin or wire end off connection grid
    ; warning
    @(20.96 mm, 1667.51 mm): Horizontal Wire, length 1.91 mm
[endpoint_off_grid]: Symbol pin or wire end off connection grid
    ; warning
    @(36.20 mm, 1667.51 mm): Horizontal Wire, length 15.24 mm
[endpoint_off_grid]: Symbol pin or wire end off connection grid
    ; warning
    @(37.47 mm, 1667.51 mm): Horizontal Wire, length 1.27 mm
[lib_symbol_issues]: The current configuration does not include the symbol library 'Device'
    ; warning
    @(1483.36 mm, 763.27 mm): Symbol C266 [C]
[lib_symbol_issues]: The current configuration does not include the symbol library 'Device'
    ; warning
    @(1361.44 mm, 965.20 mm): Symbol C345 [C]
[lib_symbol_issues]: The current configuration does not include the symbol library 'power'
    ; warning
    @(1376.68 mm, 943.61 mm): Symbol #PWR270 [GND]
[endpoint_off_grid]: Symbol pin or wire end off connection grid
    ; warning
    @(1057.27 mm, 1291.59 mm): Horizontal Wire, length 2.54 mm
[endpoint_off_grid]: Symbol pin or wire end off connection grid
    ; warning
    @(79.37 mm, 1667.51 mm): Horizontal Wire, length 2.54 mm
[endpoint_off_grid]: Symbol pin or wire end off connection grid
    ; warning
    @(34.93 mm, 1670.05 mm): Vertical Wire, length 2.54 mm
[endpoint_off_grid]: Symbol pin or wire end off connection grid
    ; warning
    @(37.47 mm, 1670.05 mm): Horizontal Wire, length 2.54 mm
[lib_symbol_issues]: The current configuration does not include the symbol library 'Device'
    ; warning
    @(1535.43 mm, 659.13 mm): Symbol C291 [C]
[endpoint_off_grid]: Symbol pin or wire end off connection grid
    ; warning
    @(1057.27 mm, 1294.13 mm): Horizontal Wire, length 2.54 mm
[lib_symbol_issues]: The current configuration does not include the symbol library 'power'
    ; warning
    @(1483.36 mm, 769.62 mm): Symbol #PWR214 [GND]
[endpoint_off_grid]: Symbol pin or wire end off connection grid
    ; warning
    @(79.37 mm, 1670.05 mm): Horizontal Wire, length 1.27 mm
[endpoint_off_grid]: Symbol pin or wire end off connection grid
    ; warning
    @(80.64 mm, 1670.05 mm): Horizontal Wire, length 11.43 mm
[lib_symbol_issues]: The current configuration does not include the symbol library 'power'
    ; warning
    @(1361.44 mm, 971.55 mm): Symbol #PWR281 [GND]
[unconnected_wire_endpoint]: Unconnected wire endpoint
    ; warning
    @(80.64 mm, 1670.05 mm): Horizontal Wire, length 11.43 mm
[lib_symbol_issues]: The current configuration does not include the symbol library 'Device'
    ; warning
    @(850.90 mm, 1440.18 mm): Symbol R15 [R]
[endpoint_off_grid]: Symbol pin or wire end off connection grid
    ; warning
    @(37.47 mm, 1672.59 mm): Horizontal Wire, length 2.54 mm
[lib_symbol_issues]: The current configuration does not include the symbol library 'meshsat_ic'
    ; warning
    @(58.42 mm, 1672.59 mm): Symbol U19 [U19]
[unconnected_wire_endpoint]: Unconnected wire endpoint
    ; warning
    @(1515.11 mm, 706.12 mm): Horizontal Wire, length 2.54 mm
[lib_symbol_issues]: The current configuration does not include the symbol library 'Device'
    ; warning
    @(1515.11 mm, 712.47 mm): Symbol C294 [C]
[lib_symbol_issues]: The current configuration does not include the symbol library 'Device'
    ; warning
    @(100.33 mm, 1671.32 mm): Symbol R515 [R]
[endpoint_off_grid]: Symbol pin or wire end off connection grid
    ; warning
    @(79.37 mm, 1672.59 mm): Horizontal Wire, length 1.27 mm
[endpoint_off_grid]: Symbol pin or wire end off connection grid
    ; warning
    @(80.64 mm, 1672.59 mm): Horizontal Wire, length 8.89 mm
[lib_symbol_issues]: The current configuration does not include the symbol library 'Connector_Generic'
    ; warning
    @(896.62 mm, 1414.78 mm): Symbol U3 [TS3DV642]
[unconnected_wire_endpoint]: Unconnected wire endpoint
    ; warning
    @(80.64 mm, 1672.59 mm): Horizontal Wire, length 8.89 mm
[lib_symbol_issues]: The current configuration does not include the symbol library 'power'
    ; warning
    @(633.73 mm, 1550.67 mm): Symbol #PWR418 [GND]
[unconnected_wire_endpoint]: Unconnected wire endpoint
    ; warning
    @(36.20 mm, 1675.13 mm): Horizontal Wire, length 15.24 mm
[unconnected_wire_endpoint]: Unconnected wire endpoint
    ; warning
    @(182.88 mm, 1664.97 mm): Horizontal Wire, length 2.54 mm
[endpoint_off_grid]: Symbol pin or wire end off connection grid
    ; warning
    @(36.20 mm, 1675.13 mm): Horizontal Wire, length 15.24 mm
[endpoint_off_grid]: Symbol pin or wire end off connection grid
    ; warning
    @(37.47 mm, 1675.13 mm): Horizontal Wire, length 1.27 mm
[lib_symbol_issues]: The current configuration does not include the symbol library 'Device'
    ; warning
    @(12.70 mm, 1676.40 mm): Symbol R58 [R]
[lib_symbol_issues]: The current configuration does not include the symbol library 'power'
    ; warning
    @(1515.11 mm, 718.82 mm): Symbol #PWR205 [GND]
[endpoint_off_grid]: Symbol pin or wire end off connection grid
    ; warning
    @(79.37 mm, 1675.13 mm): Horizontal Wire, length 2.54 mm
[unconnected_wire_endpoint]: Unconnected wire endpoint
    ; warning
    @(36.20 mm, 1677.67 mm): Horizontal Wire, length 10.16 mm
[endpoint_off_grid]: Symbol pin or wire end off connection grid
    ; warning
    @(36.20 mm, 1677.67 mm): Horizontal Wire, length 10.16 mm
[lib_symbol_issues]: The current configuration does not include the symbol library 'Device'
    ; warning
    @(1391.92 mm, 937.26 mm): Symbol C340 [C]
[endpoint_off_grid]: Symbol pin or wire end off connection grid
    ; warning
    @(37.47 mm, 1677.67 mm): Horizontal Wire, length 1.27 mm
[lib_symbol_issues]: The current configuration does not include the symbol library 'power'
    ; warning
    @(850.90 mm, 1446.53 mm): Symbol #PWR350 [GND]
[lib_symbol_issues]: The current configuration does not include the symbol library 'power'
    ; warning
    @(570.23 mm, 1578.61 mm): Symbol #PWR417 [GND]
[endpoint_off_grid]: Symbol pin or wire end off connection grid
    ; warning
    @(215.27 mm, 1664.97 mm): Symbol U20 Pin 1 [EMCON_HW, Passive, Line]
[endpoint_off_grid]: Symbol pin or wire end off connection grid
    ; warning
    @(215.27 mm, 1664.97 mm): Horizontal Wire, length 2.54 mm
[endpoint_off_grid]: Symbol pin or wire end off connection grid
    ; warning
    @(79.37 mm, 1677.67 mm): Horizontal Wire, length 1.27 mm
[endpoint_off_grid]: Symbol pin or wire end off connection grid
    ; warning
    @(80.64 mm, 1677.67 mm): Horizontal Wire, length 10.16 mm
[lib_symbol_issues]: The current configuration does not include the symbol library 'Device'
    ; warning
    @(167.64 mm, 1671.32 mm): Symbol C65 [C]
[endpoint_off_grid]: Symbol pin or wire end off connection grid
    ; warning
    @(90.80 mm, 1677.67 mm): Horizontal Wire, length 1.91 mm
[endpoint_off_grid]: Symbol pin or wire end off connection grid
    ; warning
    @(206.38 mm, 1667.51 mm): Horizontal Wire, length 1.91 mm
[endpoint_off_grid]: Symbol pin or wire end off connection grid
    ; warning
    @(1075.05 mm, 1291.59 mm): Horizontal Wire, length 15.24 mm
[lib_symbol_issues]: The current configuration does not include the symbol library 'power'
    ; warning
    @(100.33 mm, 1677.67 mm): Symbol #PWR405 [GND]
[endpoint_off_grid]: Symbol pin or wire end off connection grid
    ; warning
    @(214.00 mm, 1667.51 mm): Horizontal Wire, length 7.62 mm
[lib_symbol_issues]: The current configuration does not include the symbol library 'Device'
    ; warning
    @(182.88 mm, 1671.32 mm): Symbol C66 [C]
[lib_symbol_issues]: The current configuration does not include the symbol library 'Device'
    ; warning
    @(1376.68 mm, 965.20 mm): Symbol C346 [C]
[endpoint_off_grid]: Symbol pin or wire end off connection grid
    ; warning
    @(215.27 mm, 1667.51 mm): Horizontal Wire, length 1.27 mm
[lib_symbol_issues]: The current configuration does not include the symbol library 'Device'
    ; warning
    @(19.05 mm, 1681.48 mm): Symbol R49 [R]
[lib_symbol_issues]: The current configuration does not include the symbol library 'power'
    ; warning
    @(1391.92 mm, 943.61 mm): Symbol #PWR271 [GND]
[lib_symbol_issues]: The current configuration does not include the symbol library 'Device'
    ; warning
    @(1498.60 mm, 763.27 mm): Symbol C267 [C]
[lib_symbol_issues]: The current configuration does not include the symbol library 'power'
    ; warning
    @(12.70 mm, 1682.75 mm): Symbol #PWR403 [GND]
[endpoint_off_grid]: Symbol pin or wire end off connection grid
    ; warning
    @(252.09 mm, 1664.97 mm): Horizontal Wire, length 1.27 mm
[endpoint_off_grid]: Symbol pin or wire end off connection grid
    ; warning
    @(253.36 mm, 1664.97 mm): Horizontal Wire, length 8.89 mm
[lib_symbol_issues]: The current configuration does not include the symbol library 'power'
    ; warning
    @(1498.60 mm, 769.62 mm): Symbol #PWR215 [GND]
[unconnected_wire_endpoint]: Unconnected wire endpoint
    ; warning
    @(702.31 mm, 1530.35 mm): Horizontal Wire, length 2.54 mm
[lib_symbol_issues]: The current configuration does not include the symbol library 'power'
    ; warning
    @(1376.68 mm, 971.55 mm): Symbol #PWR282 [GND]
[endpoint_off_grid]: Symbol pin or wire end off connection grid
    ; warning
    @(262.25 mm, 1664.97 mm): Horizontal Wire, length 1.91 mm
[lib_symbol_issues]: The current configuration does not include the symbol library 'power'
    ; warning
    @(167.64 mm, 1677.67 mm): Symbol #PWR408 [GND]
[lib_symbol_issues]: The current configuration does not include the symbol library 'meshsat_ic'
    ; warning
    @(233.68 mm, 1670.05 mm): Symbol U20 [U20]
[lib_symbol_issues]: The current configuration does not include the symbol library 'Device'
    ; warning
    @(92.71 mm, 1684.02 mm): Symbol R52 [R]
[lib_symbol_issues]: The current configuration does not include the symbol library 'Device'
    ; warning
    @(358.14 mm, 1648.46 mm): Symbol R60 [R]
[lib_symbol_issues]: The current configuration does not include the symbol library 'power'
    ; warning
    @(182.88 mm, 1677.67 mm): Symbol #PWR409 [GND]
[lib_symbol_issues]: The current configuration does not include the symbol library 'power'
    ; warning
    @(19.05 mm, 1687.83 mm): Symbol #PWR404 [GND]
[lib_symbol_issues]: The current configuration does not include the symbol library 'power'
    ; warning
    @(58.42 mm, 1687.83 mm): Symbol #PWR407 [GND]
[lib_symbol_issues]: The current configuration does not include the symbol library 'Device'
    ; warning
    @(702.31 mm, 1536.70 mm): Symbol C69 [C]
[lib_symbol_issues]: The current configuration does not include the symbol library 'Device'
    ; warning
    @(1154.43 mm, 1234.44 mm): Symbol D2 [D_Zener]
[lib_symbol_issues]: The current configuration does not include the symbol library 'meshsat_ic'
    ; warning
    @(458.47 mm, 1626.87 mm): Symbol U9 [U9]
[lib_symbol_issues]: The current configuration does not include the symbol library 'Device'
    ; warning
    @(974.09 mm, 1381.76 mm): Symbol R14 [R]
[lib_symbol_issues]: The current configuration does not include the symbol library 'Device'
    ; warning
    @(1407.16 mm, 937.26 mm): Symbol C347 [C]
[lib_symbol_issues]: The current configuration does not include the symbol library 'Device'
    ; warning
    @(264.16 mm, 1671.32 mm): Symbol R517 [R]
[unconnected_wire_endpoint]: Unconnected wire endpoint
    ; warning
    @(1391.92 mm, 958.85 mm): Horizontal Wire, length 2.54 mm
[lib_symbol_issues]: The current configuration does not include the symbol library 'power'
    ; warning
    @(92.71 mm, 1690.37 mm): Symbol #PWR406 [GND]
[lib_symbol_issues]: The current configuration does not include the symbol library 'Device'
    ; warning
    @(317.50 mm, 1663.70 mm): Symbol R513 [R]
[lib_symbol_issues]: The current configuration does not include the symbol library 'Device'
    ; warning
    @(1391.92 mm, 965.20 mm): Symbol C348 [C]
[lib_symbol_issues]: The current configuration does not include the symbol library 'Device'
    ; warning
    @(204.47 mm, 1681.48 mm): Symbol R53 [R]
[lib_symbol_issues]: The current configuration does not include the symbol library 'power'
    ; warning
    @(1407.16 mm, 943.61 mm): Symbol #PWR272 [GND]
[lib_symbol_issues]: The current configuration does not include the symbol library 'power'
    ; warning
    @(1154.43 mm, 1240.79 mm): Symbol #PWR345 [GND]
[lib_symbol_issues]: The current configuration does not include the symbol library 'power'
    ; warning
    @(702.31 mm, 1543.05 mm): Symbol #PWR419 [GND]
[lib_symbol_issues]: The current configuration does not include the symbol library 'Device'
    ; warning
    @(1513.84 mm, 763.27 mm): Symbol C268 [C]
[lib_symbol_issues]: The current configuration does not include the symbol library 'power'
    ; warning
    @(1391.92 mm, 971.55 mm): Symbol #PWR283 [GND]
[lib_symbol_issues]: The current configuration does not include the symbol library 'power'
    ; warning
    @(1513.84 mm, 769.62 mm): Symbol #PWR216 [GND]
[lib_symbol_issues]: The current configuration does not include the symbol library 'power'
    ; warning
    @(264.16 mm, 1677.67 mm): Symbol #PWR411 [GND]
[lib_symbol_issues]: The current configuration does not include the symbol library 'power'
    ; warning
    @(204.47 mm, 1687.83 mm): Symbol #PWR410 [GND]
[lib_symbol_issues]: The current configuration does not include the symbol library 'Device'
    ; warning
    @(1169.67 mm, 1234.44 mm): Symbol C34 [C]
[lib_symbol_issues]: The current configuration does not include the symbol library 'power'
    ; warning
    @(458.47 mm, 1638.30 mm): Symbol #PWR420 [GND]
[lib_symbol_issues]: The current configuration does not include the symbol library 'power'
    ; warning
    @(233.68 mm, 1685.29 mm): Symbol #PWR412 [GND]
[lib_symbol_issues]: The current configuration does not include the symbol library 'Device'
    ; warning
    @(1700.53 mm, 72.39 mm): Symbol R119 [R]
[lib_symbol_issues]: The current configuration does not include the symbol library 'Device'
    ; warning
    @(1422.40 mm, 937.26 mm): Symbol C349 [C]
[lib_symbol_issues]: The current configuration does not include the symbol library 'Device'
    ; warning
    @(35.56 mm, 1703.07 mm): Symbol R50 [R]
[lib_symbol_issues]: The current configuration does not include the symbol library 'Device'
    ; warning
    @(74.93 mm, 1703.07 mm): Symbol R514 [R]
[lib_symbol_issues]: The current configuration does not include the symbol library 'power'
    ; warning
    @(1169.67 mm, 1240.79 mm): Symbol #PWR346 [GND]
[lib_symbol_issues]: The current configuration does not include the symbol library 'power'
    ; warning
    @(1422.40 mm, 943.61 mm): Symbol #PWR273 [GND]
[lib_symbol_issues]: The current configuration does not include the symbol library 'Device'
    ; warning
    @(116.84 mm, 1703.07 mm): Symbol R51 [R]
[unconnected_wire_endpoint]: Unconnected wire endpoint
    ; warning
    @(1184.91 mm, 1228.09 mm): Horizontal Wire, length 2.54 mm
[lib_symbol_issues]: The current configuration does not include the symbol library 'Device'
    ; warning
    @(1576.07 mm, 659.13 mm): Symbol R271 [R]
[lib_symbol_issues]: The current configuration does not include the symbol library 'Device'
    ; warning
    @(1529.08 mm, 763.27 mm): Symbol C269 [C]
[unconnected_wire_endpoint]: Unconnected wire endpoint
    ; warning
    @(533.40 mm, 1623.06 mm): Horizontal Wire, length 2.54 mm
[lib_symbol_issues]: The current configuration does not include the symbol library 'Device'
    ; warning
    @(518.16 mm, 1629.41 mm): Symbol C70 [C]
[lib_symbol_issues]: The current configuration does not include the symbol library 'Transistor_FET'
    ; warning
    @(1559.56 mm, 701.04 mm): Symbol Q209 [2N7002]
[lib_symbol_issues]: The current configuration does not include the symbol library 'Device'
    ; warning
    @(156.21 mm, 1703.07 mm): Symbol R516 [R]
[lib_symbol_issues]: The current configuration does not include the symbol library 'Device'
    ; warning
    @(1184.91 mm, 1234.44 mm): Symbol C35 [C]
[lib_symbol_issues]: The current configuration does not include the symbol library 'power'
    ; warning
    @(1529.08 mm, 769.62 mm): Symbol #PWR217 [GND]
[lib_symbol_issues]: The current configuration does not include the symbol library 'Device'
    ; warning
    @(1711.96 mm, 64.77 mm): Symbol R126 [R]
[lib_symbol_issues]: The current configuration does not include the symbol library 'Device'
    ; warning
    @(993.14 mm, 1397.00 mm): Symbol C37 [C]
[lib_symbol_issues]: The current configuration does not include the symbol library 'Device'
    ; warning
    @(533.40 mm, 1629.41 mm): Symbol C71 [C]
[unconnected_wire_endpoint]: Unconnected wire endpoint
    ; warning
    @(1437.64 mm, 930.91 mm): Horizontal Wire, length 2.54 mm
[lib_symbol_issues]: The current configuration does not include the symbol library 'power'
    ; warning
    @(1562.10 mm, 708.66 mm): Symbol #PWR206 [GND]
[lib_symbol_issues]: The current configuration does not include the symbol library 'power'
    ; warning
    @(1184.91 mm, 1240.79 mm): Symbol #PWR347 [GND]
[lib_symbol_issues]: The current configuration does not include the symbol library 'power'
    ; warning
    @(518.16 mm, 1635.76 mm): Symbol #PWR421 [GND]
[lib_symbol_issues]: The current configuration does not include the symbol library 'Device'
    ; warning
    @(1437.64 mm, 937.26 mm): Symbol C350 [C]
[lib_symbol_issues]: The current configuration does not include the symbol library 'Transistor_FET'
    ; warning
    @(314.96 mm, 1687.83 mm): Symbol Q11 [2N7002]
[lib_symbol_issues]: The current configuration does not include the symbol library 'Device'
    ; warning
    @(29.21 mm, 1718.31 mm): Symbol R61 [R]
[lib_symbol_issues]: The current configuration does not include the symbol library 'power'
    ; warning
    @(993.14 mm, 1403.35 mm): Symbol #PWR351 [GND]
[unconnected_wire_endpoint]: Unconnected wire endpoint
    ; warning
    @(1008.38 mm, 1390.65 mm): Horizontal Wire, length 2.54 mm
[lib_symbol_issues]: The current configuration does not include the symbol library 'power'
    ; warning
    @(1437.64 mm, 943.61 mm): Symbol #PWR274 [GND]
[lib_symbol_issues]: The current configuration does not include the symbol library 'Device'
    ; warning
    @(77.47 mm, 1718.31 mm): Symbol R62 [R]
[lib_symbol_issues]: The current configuration does not include the symbol library 'power'
    ; warning
    @(533.40 mm, 1635.76 mm): Symbol #PWR422 [GND]
[lib_symbol_issues]: The current configuration does not include the symbol library 'Device'
    ; warning
    @(1715.77 mm, 135.89 mm): Symbol R127 [R]
[lib_symbol_issues]: The current configuration does not include the symbol library 'power'
    ; warning
    @(1715.77 mm, 142.24 mm): Symbol #PWR048 [GND]
[endpoint_off_grid]: Symbol pin or wire end off connection grid
    ; warning
    @(1075.05 mm, 1344.93 mm): Vertical Wire, length 53.34 mm
[endpoint_off_grid]: Symbol pin or wire end off connection grid
    ; warning
    @(857.25 mm, 1344.93 mm): Horizontal Wire, length 217.80 mm
[unconnected_wire_endpoint]: Unconnected wire endpoint
    ; warning
    @(1544.32 mm, 756.92 mm): Horizontal Wire, length 2.54 mm
[lib_symbol_issues]: The current configuration does not include the symbol library 'Device'
    ; warning
    @(1544.32 mm, 763.27 mm): Symbol C274 [C]
[lib_symbol_issues]: The current configuration does not include the symbol library 'Device'
    ; warning
    @(1722.12 mm, 49.53 mm): Symbol R121 [R]
[lib_symbol_issues]: The current configuration does not include the symbol library 'Device'
    ; warning
    @(1008.38 mm, 1397.00 mm): Symbol C38 [C]
[lib_symbol_issues]: The current configuration does not include the symbol library 'Device'
    ; warning
    @(130.81 mm, 1718.31 mm): Symbol R59 [R]
[lib_symbol_issues]: The current configuration does not include the symbol library 'power'
    ; warning
    @(317.50 mm, 1695.45 mm): Symbol #PWR413 [GND]
[lib_symbol_issues]: The current configuration does not include the symbol library 'Device'
    ; warning
    @(1724.66 mm, 34.29 mm): Symbol R123 [R]
[lib_symbol_issues]: The current configuration does not include the symbol library 'power'
    ; warning
    @(1544.32 mm, 769.62 mm): Symbol #PWR218 [GND]
[lib_symbol_issues]: The current configuration does not include the symbol library 'Device'
    ; warning
    @(1037.59 mm, 1381.76 mm): Symbol R17 [R]
[lib_symbol_issues]: The current configuration does not include the symbol library 'meshsat_ic'
    ; warning
    @(579.12 mm, 1628.14 mm): Symbol U10 [U10]
[lib_symbol_issues]: The current configuration does not include the symbol library 'power'
    ; warning
    @(1008.38 mm, 1403.35 mm): Symbol #PWR352 [GND]
[unconnected_wire_endpoint]: Unconnected wire endpoint
    ; warning
    @(1748.79 mm, 142.24 mm): Horizontal Wire, length 25.40 mm
[unconnected_wire_endpoint]: Unconnected wire endpoint
    ; warning
    @(1748.79 mm, 144.78 mm): Horizontal Wire, length 25.40 mm
[lib_symbol_issues]: The current configuration does not include the symbol library 'Device'
    ; warning
    @(1455.42 mm, 934.72 mm): Symbol R333 [R]
[unconnected_wire_endpoint]: Unconnected wire endpoint
    ; warning
    @(1748.79 mm, 134.62 mm): Horizontal Wire, length 22.86 mm
[unconnected_wire_endpoint]: Unconnected wire endpoint
    ; warning
    @(1748.79 mm, 139.70 mm): Horizontal Wire, length 22.86 mm
[lib_symbol_issues]: The current configuration does not include the symbol library 'Device'
    ; warning
    @(1724.66 mm, 156.21 mm): Symbol R128 [R]
[lib_symbol_issues]: The current configuration does not include the symbol library 'Device'
    ; warning
    @(1723.39 mm, 172.72 mm): Symbol C156 [C]
[lib_symbol_issues]: The current configuration does not include the symbol library 'power'
    ; warning
    @(1724.66 mm, 162.56 mm): Symbol #PWR050 [GND]
[lib_symbol_issues]: The current configuration does not include the symbol library 'Device'
    ; warning
    @(1731.01 mm, 80.01 mm): Symbol R120 [R]
[lib_symbol_issues]: The current configuration does not include the symbol library 'Device'
    ; warning
    @(1724.66 mm, 193.04 mm): Symbol C152 [C]
[unconnected_wire_endpoint]: Unconnected wire endpoint
    ; warning
    @(1748.79 mm, 177.80 mm): Horizontal Wire, length 21.59 mm
[unconnected_wire_endpoint]: Unconnected wire endpoint
    ; warning
    @(1748.79 mm, 165.10 mm): Horizontal Wire, length 19.05 mm
[lib_symbol_issues]: The current configuration does not include the symbol library 'Device'
    ; warning
    @(1720.85 mm, 241.30 mm): Symbol R131 [R]
[lib_symbol_issues]: The current configuration does not include the symbol library 'power'
    ; warning
    @(579.12 mm, 1640.84 mm): Symbol #PWR423 [GND]
[unconnected_wire_endpoint]: Unconnected wire endpoint
    ; warning
    @(1748.79 mm, 121.92 mm): Horizontal Wire, length 10.16 mm
[lib_symbol_issues]: The current configuration does not include the symbol library 'Connector_Generic'
    ; warning
    @(455.93 mm, 1684.02 mm): Symbol J_PANEL [Conn_02x13_Odd_Even]
[lib_symbol_issues]: The current configuration does not include the symbol library 'Device'
    ; warning
    @(1578.61 mm, 750.57 mm): Symbol Y201 [Crystal_GND24]
[lib_symbol_issues]: The current configuration does not include the symbol library 'Device'
    ; warning
    @(1728.47 mm, 269.24 mm): Symbol R177 [R]
[lib_symbol_issues]: The current configuration does not include the symbol library 'Device'
    ; warning
    @(1732.28 mm, 255.27 mm): Symbol R179 [R]
[lib_symbol_issues]: The current configuration does not include the symbol library 'power'
    ; warning
    @(1578.61 mm, 758.19 mm): Symbol #PWR219 [GND]
[lib_symbol_issues]: The current configuration does not include the symbol library 'Device'
    ; warning
    @(1728.47 mm, 284.48 mm): Symbol C196 [C]
[lib_symbol_issues]: The current configuration does not include the symbol library 'Device'
    ; warning
    @(1625.60 mm, 659.13 mm): Symbol C290 [C]
[lib_symbol_issues]: The current configuration does not include the symbol library 'Transistor_FET'
    ; warning
    @(1610.36 mm, 701.04 mm): Symbol Q210 [2N7002]
[lib_symbol_issues]: The current configuration does not include the symbol library 'Device'
    ; warning
    @(1744.98 mm, 213.36 mm): Symbol R125 [R]
[lib_symbol_issues]: The current configuration does not include the symbol library 'power'
    ; warning
    @(1612.90 mm, 708.66 mm): Symbol #PWR207 [GND]
[lib_symbol_issues]: The current configuration does not include the symbol library 'Device'
    ; warning
    @(1642.11 mm, 642.62 mm): Symbol C289 [C]
[unconnected_wire_endpoint]: Unconnected wire endpoint
    ; warning
    @(1642.11 mm, 636.27 mm): Horizontal Wire, length 2.54 mm
[lib_symbol_issues]: The current configuration does not include the symbol library 'Power_Protection'
    ; warning
    @(530.86 mm, 1682.75 mm): Symbol U37 [USBLC6-2SC6]
[lib_symbol_issues]: The current configuration does not include the symbol library 'power'
    ; warning
    @(1642.11 mm, 648.97 mm): Symbol #PWR194 [GND]
[lib_symbol_issues]: The current configuration does not include the symbol library 'Device'
    ; warning
    @(1027.43 mm, 1437.64 mm): Symbol R16 [R]
[lib_symbol_issues]: The current configuration does not include the symbol library 'Connector_Generic'
    ; warning
    @(1724.66 mm, 391.16 mm): Symbol U31B [CM5B]
[unconnected_wire_endpoint]: Unconnected wire endpoint
    ; warning
    @(1706.88 mm, 511.81 mm): Horizontal Wire, length 11.43 mm
[lib_symbol_issues]: The current configuration does not include the symbol library 'Connector_Generic'
    ; warning
    @(1767.84 mm, 119.38 mm): Symbol U101 [PI7C9X2G404SL]
[lib_symbol_issues]: The current configuration does not include the symbol library 'Device'
    ; warning
    @(850.90 mm, 1554.48 mm): Symbol C411 [C]
[lib_symbol_issues]: The current configuration does not include the symbol library 'power'
    ; warning
    @(1027.43 mm, 1443.99 mm): Symbol #PWR354 [GND]
[lib_symbol_issues]: The current configuration does not include the symbol library 'Connector_Generic'
    ; warning
    @(1073.15 mm, 1412.24 mm): Symbol U4 [TS3DV642]
[lib_symbol_issues]: The current configuration does not include the symbol library 'power'
    ; warning
    @(530.86 mm, 1692.91 mm): Symbol #PWR424 [GND]
[lib_symbol_issues]: The current configuration does not include the symbol library 'Device'
    ; warning
    @(1695.45 mm, 525.78 mm): Symbol R204 [R]
[lib_symbol_issues]: The current configuration does not include the symbol library 'Device'
    ; warning
    @(1459.23 mm, 1013.46 mm): Symbol R335 [R]
[lib_symbol_issues]: The current configuration does not include the symbol library 'power'
    ; warning
    @(1695.45 mm, 532.13 mm): Symbol #PWR125 [GND]
[lib_symbol_issues]: The current configuration does not include the symbol library 'power'
    ; warning
    @(850.90 mm, 1560.83 mm): Symbol #PWR436 [GND]
[lib_symbol_issues]: The current configuration does not include the symbol library 'power'
    ; warning
    @(1459.23 mm, 1019.81 mm): Symbol #PWR284 [GND]
[unconnected_wire_endpoint]: Unconnected wire endpoint
    ; warning
    @(1479.55 mm, 1017.27 mm): Horizontal Wire, length 16.51 mm
[unconnected_wire_endpoint]: Unconnected wire endpoint
    ; warning
    @(1479.55 mm, 1019.81 mm): Horizontal Wire, length 16.51 mm
[lib_symbol_issues]: The current configuration does not include the symbol library 'Connector_Generic'
    ; warning
    @(590.55 mm, 1684.02 mm): Symbol J_AB1 [Conn_02x13_Odd_Even]
[lib_symbol_issues]: The current configuration does not include the symbol library 'Device'
    ; warning
    @(430.53 mm, 1734.82 mm): Symbol R66 [R]
[unconnected_wire_endpoint]: Unconnected wire endpoint
    ; warning
    @(1743.71 mm, 331.47 mm): Horizontal Wire, length 16.51 mm
[endpoint_off_grid]: Symbol pin or wire end off connection grid
    ; warning
    @(432.44 mm, 1741.17 mm): Horizontal Wire, length 1.91 mm
[lib_symbol_issues]: The current configuration does not include the symbol library 'Device'
    ; warning
    @(1733.55 mm, 466.09 mm): Symbol R232 [R]
[lib_symbol_issues]: The current configuration does not include the symbol library 'Device'
    ; warning
    @(1764.03 mm, 340.36 mm): Symbol R206 [R]
[lib_symbol_issues]: The current configuration does not include the symbol library 'Device'
    ; warning
    @(1149.35 mm, 1381.76 mm): Symbol R18 [R]
[lib_symbol_issues]: The current configuration does not include the symbol library 'Connector_Generic'
    ; warning
    @(655.32 mm, 1673.86 mm): Symbol J_AB2 [Conn_02x05_Odd_Even]
[lib_symbol_issues]: The current configuration does not include the symbol library 'Device'
    ; warning
    @(1118.87 mm, 1407.16 mm): Symbol R20 [R]
[lib_symbol_issues]: The current configuration does not include the symbol library 'power'
    ; warning
    @(1764.03 mm, 346.71 mm): Symbol #PWR124 [GND]
[lib_symbol_issues]: The current configuration does not include the symbol library 'Connector'
    ; warning
    @(1506.22 mm, 981.71 mm): Symbol J_M2N3 [Bus_M.2_Socket_M]
[endpoint_off_grid]: Symbol pin or wire end off connection grid
    ; warning
    @(448.95 mm, 1741.17 mm): Horizontal Wire, length 16.51 mm
[lib_symbol_issues]: The current configuration does not include the symbol library 'Device'
    ; warning
    @(1778.00 mm, 269.24 mm): Symbol C153 [C]
[endpoint_off_grid]: Symbol pin or wire end off connection grid
    ; warning
    @(450.22 mm, 1741.17 mm): Symbol U40 Pin 3 [IOCA_LDO_EN, Passive, Line]
[endpoint_off_grid]: Symbol pin or wire end off connection grid
    ; warning
    @(450.22 mm, 1741.17 mm): Horizontal Wire, length 1.27 mm
[lib_symbol_issues]: The current configuration does not include the symbol library 'Device'
    ; warning
    @(934.72 mm, 1536.70 mm): Symbol C410 [C]
[lib_symbol_issues]: The current configuration does not include the symbol library 'Device'
    ; warning
    @(1767.84 mm, 335.28 mm): Symbol R229 [R]
[lib_symbol_issues]: The current configuration does not include the symbol library 'power'
    ; warning
    @(1767.84 mm, 341.63 mm): Symbol #PWR123 [GND]
[unconnected_wire_endpoint]: Unconnected wire endpoint
    ; warning
    @(1786.89 mm, 121.92 mm): Horizontal Wire, length 10.16 mm
[lib_symbol_issues]: The current configuration does not include the symbol library 'Device'
    ; warning
    @(1711.96 mm, 562.61 mm): Symbol L201 [L]
[unconnected_wire_endpoint]: Unconnected wire endpoint
    ; warning
    @(1786.89 mm, 68.58 mm): Horizontal Wire, length 13.97 mm
[lib_symbol_issues]: The current configuration does not include the symbol library 'power'
    ; warning
    @(1118.87 mm, 1413.51 mm): Symbol #PWR353 [GND]
[lib_symbol_issues]: The current configuration does not include the symbol library 'Device'
    ; warning
    @(1786.89 mm, 241.30 mm): Symbol R184 [R]
[lib_symbol_issues]: The current configuration does not include the symbol library 'meshsat_ic'
    ; warning
    @(467.36 mm, 1742.44 mm): Symbol U40 [U40]
[lib_symbol_issues]: The current configuration does not include the symbol library 'power'
    ; warning
    @(934.72 mm, 1543.05 mm): Symbol #PWR435 [GND]
[lib_symbol_issues]: The current configuration does not include the symbol library 'Device'
    ; warning
    @(1803.40 mm, 77.47 mm): Symbol R122 [R]
[lib_symbol_issues]: The current configuration does not include the symbol library 'power'
    ; warning
    @(1803.40 mm, 83.82 mm): Symbol #PWR047 [GND]
[lib_symbol_issues]: The current configuration does not include the symbol library 'meshsat_ic'
    ; warning
    @(1731.01 mm, 515.62 mm): Symbol U203 [U203]
[lib_symbol_issues]: The current configuration does not include the symbol library 'Device'
    ; warning
    @(1480.82 mm, 1040.13 mm): Symbol R381 [R]
[lib_symbol_issues]: The current configuration does not include the symbol library 'power'
    ; warning
    @(1731.01 mm, 529.59 mm): Symbol #PWR127 [GND]
[lib_symbol_issues]: The current configuration does not include the symbol library 'Device'
    ; warning
    @(1729.74 mm, 534.67 mm): Symbol C211 [C]
[lib_symbol_issues]: The current configuration does not include the symbol library 'Device'
    ; warning
    @(1689.10 mm, 652.78 mm): Symbol R260 [R]
[lib_symbol_issues]: The current configuration does not include the symbol library 'Device'
    ; warning
    @(1798.32 mm, 213.36 mm): Symbol LED12 [LED]
[lib_symbol_issues]: The current configuration does not include the symbol library 'Device'
    ; warning
    @(1811.02 mm, 62.23 mm): Symbol R124 [R]
[lib_symbol_issues]: The current configuration does not include the symbol library 'power'
    ; warning
    @(1811.02 mm, 68.58 mm): Symbol #PWR046 [GND]
[lib_symbol_issues]: The current configuration does not include the symbol library 'power'
    ; warning
    @(467.36 mm, 1751.33 mm): Symbol #PWR425 [GND]
[lib_symbol_issues]: The current configuration does not include the symbol library 'power'
    ; warning
    @(1689.10 mm, 659.13 mm): Symbol #PWR221 [GND]
[unconnected_wire_endpoint]: Unconnected wire endpoint
    ; warning
    @(911.86 mm, 1558.29 mm): Horizontal Wire, length 15.24 mm
[unconnected_wire_endpoint]: Unconnected wire endpoint
    ; warning
    @(1786.89 mm, 162.56 mm): Horizontal Wire, length 19.05 mm
[unconnected_wire_endpoint]: Unconnected wire endpoint
    ; warning
    @(1786.89 mm, 170.18 mm): Horizontal Wire, length 19.05 mm
[lib_symbol_issues]: The current configuration does not include the symbol library 'Connector_Generic'
    ; warning
    @(892.81 mm, 1579.88 mm): Symbol U41 [STM32H743VI]
[unconnected_wire_endpoint]: Unconnected wire endpoint
    ; warning
    @(1786.89 mm, 134.62 mm): Horizontal Wire, length 22.86 mm
[unconnected_wire_endpoint]: Unconnected wire endpoint
    ; warning
    @(1786.89 mm, 137.16 mm): Horizontal Wire, length 22.86 mm
[unconnected_wire_endpoint]: Unconnected wire endpoint
    ; warning
    @(1786.89 mm, 193.04 mm): Horizontal Wire, length 17.78 mm
[lib_symbol_issues]: The current configuration does not include the symbol library 'Device'
    ; warning
    @(1793.24 mm, 284.48 mm): Symbol C151 [C]
[lib_symbol_issues]: The current configuration does not include the symbol library 'Device'
    ; warning
    @(1809.75 mm, 156.21 mm): Symbol R117 [R]
[lib_symbol_issues]: The current configuration does not include the symbol library 'power'
    ; warning
    @(1809.75 mm, 162.56 mm): Symbol #PWR049 [GND]
[lib_symbol_issues]: The current configuration does not include the symbol library 'Device'
    ; warning
    @(722.63 mm, 1667.51 mm): Symbol F1 [Polyfuse]
[lib_symbol_issues]: The current configuration does not include the symbol library 'Device'
    ; warning
    @(1799.59 mm, 255.27 mm): Symbol R176 [R]
[lib_symbol_issues]: The current configuration does not include the symbol library 'Device'
    ; warning
    @(929.64 mm, 1562.10 mm): Symbol C409 [C]
[lib_symbol_issues]: The current configuration does not include the symbol library 'Device'
    ; warning
    @(1809.75 mm, 189.23 mm): Symbol R118 [R]
[lib_symbol_issues]: The current configuration does not include the symbol library 'power'
    ; warning
    @(1809.75 mm, 195.58 mm): Symbol #PWR051 [GND]
[lib_symbol_issues]: The current configuration does not include the symbol library 'Device'
    ; warning
    @(1301.75 mm, 1273.81 mm): Symbol R19 [R]
[lib_symbol_issues]: The current configuration does not include the symbol library 'Device'
    ; warning
    @(515.62 mm, 1747.52 mm): Symbol C400 [C]
[lib_symbol_issues]: The current configuration does not include the symbol library 'power'
    ; warning
    @(929.64 mm, 1568.45 mm): Symbol #PWR437 [GND]
[lib_symbol_issues]: The current configuration does not include the symbol library 'Device'
    ; warning
    @(1814.83 mm, 175.26 mm): Symbol C195 [C]
[unconnected_wire_endpoint]: Unconnected wire endpoint
    ; warning
    @(546.10 mm, 1741.17 mm): Horizontal Wire, length 2.54 mm
[lib_symbol_issues]: The current configuration does not include the symbol library 'power'
    ; warning
    @(1506.22 mm, 1032.51 mm): Symbol #PWR285 [GND]
[lib_symbol_issues]: The current configuration does not include the symbol library 'Device'
    ; warning
    @(530.86 mm, 1747.52 mm): Symbol C420 [C]
[lib_symbol_issues]: The current configuration does not include the symbol library 'power'
    ; warning
    @(515.62 mm, 1753.87 mm): Symbol #PWR426 [GND]
[lib_symbol_issues]: The current configuration does not include the symbol library 'Device'
    ; warning
    @(546.10 mm, 1747.52 mm): Symbol C440 [C]
[lib_symbol_issues]: The current configuration does not include the symbol library 'power'
    ; warning
    @(530.86 mm, 1753.87 mm): Symbol #PWR427 [GND]
[endpoint_off_grid]: Symbol pin or wire end off connection grid
    ; warning
    @(147.96 mm, 1827.53 mm): Symbol U75 Pin 1 [WSEC_C, Passive, Line]
[endpoint_off_grid]: Symbol pin or wire end off connection grid
    ; warning
    @(147.96 mm, 1827.53 mm): Horizontal Wire, length 2.54 mm
[lib_symbol_issues]: The current configuration does not include the symbol library 'Connector'
    ; warning
    @(1337.31 mm, 1256.03 mm): Symbol J_HDMI [HDMI_A]
[unconnected_wire_endpoint]: Unconnected wire endpoint
    ; warning
    @(82.55 mm, 1832.61 mm): Horizontal Wire, length 8.89 mm
[lib_symbol_issues]: The current configuration does not include the symbol library 'Device'
    ; warning
    @(1031.24 mm, 1518.92 mm): Symbol Y2 [Crystal_GND24]
[endpoint_off_grid]: Symbol pin or wire end off connection grid
    ; warning
    @(147.96 mm, 1830.07 mm): Horizontal Wire, length 2.54 mm
[lib_symbol_issues]: The current configuration does not include the symbol library 'meshsat_ic'
    ; warning
    @(60.96 mm, 1835.15 mm): Symbol U74 [U74]
[endpoint_off_grid]: Symbol pin or wire end off connection grid
    ; warning
    @(182.24 mm, 1827.53 mm): Horizontal Wire, length 2.54 mm
[lib_symbol_issues]: The current configuration does not include the symbol library 'power'
    ; warning
    @(546.10 mm, 1753.87 mm): Symbol #PWR428 [GND]
[lib_symbol_issues]: The current configuration does not include the symbol library 'Device'
    ; warning
    @(566.42 mm, 1747.52 mm): Symbol C401 [C]
[unconnected_wire_endpoint]: Unconnected wire endpoint
    ; warning
    @(1755.14 mm, 516.89 mm): Horizontal Wire, length 8.89 mm
[unconnected_wire_endpoint]: Unconnected wire endpoint
    ; warning
    @(1532.89 mm, 991.87 mm): Horizontal Wire, length 15.24 mm
[lib_symbol_issues]: The current configuration does not include the symbol library 'Connector'
    ; warning
    @(1696.72 mm, 709.93 mm): Symbol J_FLASH2 [USB_C_Receptacle_USB2.0_16P]
[lib_symbol_issues]: The current configuration does not include the symbol library 'Device'
    ; warning
    @(104.14 mm, 1836.42 mm): Symbol R499 [R]
[lib_symbol_issues]: The current configuration does not include the symbol library 'Device'
    ; warning
    @(938.53 mm, 1582.42 mm): Symbol C407 [C]
[unconnected_wire_endpoint]: Unconnected wire endpoint
    ; warning
    @(1755.14 mm, 514.35 mm): Horizontal Wire, length 11.43 mm
[unconnected_wire_endpoint]: Unconnected wire endpoint
    ; warning
    @(82.55 mm, 1837.69 mm): Horizontal Wire, length 8.89 mm
[lib_symbol_issues]: The current configuration does not include the symbol library 'meshsat_ic'
    ; warning
    @(165.10 mm, 1832.61 mm): Symbol U75 [U75]
[lib_symbol_issues]: The current configuration does not include the symbol library 'Device'
    ; warning
    @(12.70 mm, 1841.50 mm): Symbol R497 [R]
[lib_symbol_issues]: The current configuration does not include the symbol library 'Device'
    ; warning
    @(581.66 mm, 1747.52 mm): Symbol C402 [C]
[lib_symbol_issues]: The current configuration does not include the symbol library 'power'
    ; warning
    @(1031.24 mm, 1526.54 mm): Symbol #PWR441 [GND]
[lib_symbol_issues]: The current configuration does not include the symbol library 'Connector_Generic'
    ; warning
    @(1728.47 mm, 638.81 mm): Symbol U209 [TMUXHS4212]
[lib_symbol_issues]: The current configuration does not include the symbol library 'power'
    ; warning
    @(566.42 mm, 1753.87 mm): Symbol #PWR429 [GND]
[endpoint_off_grid]: Symbol pin or wire end off connection grid
    ; warning
    @(250.83 mm, 1827.53 mm): Symbol U76 Pin 1 [SEL1_AB, Passive, Line]
[endpoint_off_grid]: Symbol pin or wire end off connection grid
    ; warning
    @(250.83 mm, 1827.53 mm): Horizontal Wire, length 2.54 mm
[lib_symbol_issues]: The current configuration does not include the symbol library 'power'
    ; warning
    @(938.53 mm, 1588.77 mm): Symbol #PWR438 [GND]
[lib_symbol_issues]: The current configuration does not include the symbol library 'power'
    ; warning
    @(104.14 mm, 1842.77 mm): Symbol #PWR505 [GND]
[lib_symbol_issues]: The current configuration does not include the symbol library 'Device'
    ; warning
    @(596.90 mm, 1747.52 mm): Symbol C403 [C]
[lib_symbol_issues]: The current configuration does not include the symbol library 'power'
    ; warning
    @(1692.91 mm, 737.87 mm): Symbol #PWR223 [GND]
[endpoint_off_grid]: Symbol pin or wire end off connection grid
    ; warning
    @(250.83 mm, 1830.07 mm): Horizontal Wire, length 2.54 mm
[lib_symbol_issues]: The current configuration does not include the symbol library 'power'
    ; warning
    @(581.66 mm, 1753.87 mm): Symbol #PWR430 [GND]
[lib_symbol_issues]: The current configuration does not include the symbol library 'power'
    ; warning
    @(12.70 mm, 1847.85 mm): Symbol #PWR504 [GND]
[lib_symbol_issues]: The current configuration does not include the symbol library 'Device'
    ; warning
    @(1527.81 mm, 1040.13 mm): Symbol R382 [R]
[lib_symbol_issues]: The current configuration does not include the symbol library 'Device'
    ; warning
    @(1270.00 mm, 1343.66 mm): Symbol R22 [R]
[endpoint_off_grid]: Symbol pin or wire end off connection grid
    ; warning
    @(248.29 mm, 1832.61 mm): Vertical Wire, length 2.54 mm
[endpoint_off_grid]: Symbol pin or wire end off connection grid
    ; warning
    @(250.83 mm, 1832.61 mm): Horizontal Wire, length 2.54 mm
[endpoint_off_grid]: Symbol pin or wire end off connection grid
    ; warning
    @(287.65 mm, 1827.53 mm): Horizontal Wire, length 2.54 mm
[endpoint_off_grid]: Symbol pin or wire end off connection grid
    ; warning
    @(290.19 mm, 1827.53 mm): Horizontal Wire, length 15.24 mm
[unconnected_wire_endpoint]: Unconnected wire endpoint
    ; warning
    @(1294.13 mm, 1339.85 mm): Horizontal Wire, length 16.51 mm
[lib_symbol_issues]: The current configuration does not include the symbol library 'power'
    ; warning
    @(60.96 mm, 1850.39 mm): Symbol #PWR506 [GND]
[lib_symbol_issues]: The current configuration does not include the symbol library 'Device'
    ; warning
    @(961.39 mm, 1582.42 mm): Symbol C408 [C]
[lib_symbol_issues]: The current configuration does not include the symbol library 'Device'
    ; warning
    @(612.14 mm, 1747.52 mm): Symbol C404 [C]
[endpoint_off_grid]: Symbol pin or wire end off connection grid
    ; warning
    @(250.83 mm, 1835.15 mm): Horizontal Wire, length 2.54 mm
[endpoint_off_grid]: Symbol pin or wire end off connection grid
    ; warning
    @(287.65 mm, 1830.07 mm): Horizontal Wire, length 2.54 mm
[lib_symbol_issues]: The current configuration does not include the symbol library 'power'
    ; warning
    @(596.90 mm, 1753.87 mm): Symbol #PWR431 [GND]
[endpoint_off_grid]: Symbol pin or wire end off connection grid
    ; warning
    @(305.43 mm, 1827.53 mm): Vertical Wire, length 12.70 mm
[lib_symbol_issues]: The current configuration does not include the symbol library 'Connector_Generic'
    ; warning
    @(1823.72 mm, 327.66 mm): Symbol J_5V_S2 [Conn_01x02]
[lib_symbol_issues]: The current configuration does not include the symbol library 'power'
    ; warning
    @(1270.00 mm, 1350.01 mm): Symbol #PWR357 [GND]
[lib_symbol_issues]: The current configuration does not include the symbol library 'Connector_Generic'
    ; warning
    @(684.53 mm, 1723.39 mm): Symbol J_IOCOFF_A [Conn_01x02]
[endpoint_off_grid]: Symbol pin or wire end off connection grid
    ; warning
    @(250.83 mm, 1837.69 mm): Horizontal Wire, length 2.54 mm
[lib_symbol_issues]: The current configuration does not include the symbol library 'meshsat_ic'
    ; warning
    @(269.24 mm, 1835.15 mm): Symbol U76 [U76]
[lib_symbol_issues]: The current configuration does not include the symbol library 'Device'
    ; warning
    @(1786.89 mm, 497.84 mm): Symbol R202 [R]
[endpoint_off_grid]: Symbol pin or wire end off connection grid
    ; warning
    @(287.65 mm, 1832.61 mm): Horizontal Wire, length 2.54 mm
[lib_symbol_issues]: The current configuration does not include the symbol library 'power'
    ; warning
    @(165.10 mm, 1847.85 mm): Symbol #PWR507 [GND]
[lib_symbol_issues]: The current configuration does not include the symbol library 'Device'
    ; warning
    @(627.38 mm, 1747.52 mm): Symbol C405 [C]
[unconnected_wire_endpoint]: Unconnected wire endpoint
    ; warning
    @(642.62 mm, 1741.17 mm): Horizontal Wire, length 2.54 mm
[lib_symbol_issues]: The current configuration does not include the symbol library 'power'
    ; warning
    @(961.39 mm, 1588.77 mm): Symbol #PWR439 [GND]
[endpoint_off_grid]: Symbol pin or wire end off connection grid
    ; warning
    @(250.83 mm, 1840.23 mm): Horizontal Wire, length 2.54 mm
[lib_symbol_issues]: The current configuration does not include the symbol library 'Device'
    ; warning
    @(1837.69 mm, 269.24 mm): Symbol C154 [C]
[endpoint_off_grid]: Symbol pin or wire end off connection grid
    ; warning
    @(287.65 mm, 1835.15 mm): Horizontal Wire, length 2.54 mm
[lib_symbol_issues]: The current configuration does not include the symbol library 'power'
    ; warning
    @(612.14 mm, 1753.87 mm): Symbol #PWR432 [GND]
[lib_symbol_issues]: The current configuration does not include the symbol library 'power'
    ; warning
    @(1338.58 mm, 1289.05 mm): Symbol #PWR355 [GND]
[lib_symbol_issues]: The current configuration does not include the symbol library 'Device'
    ; warning
    @(1845.31 mm, 226.06 mm): Symbol R130 [R]
[lib_symbol_issues]: The current configuration does not include the symbol library 'Device'
    ; warning
    @(1776.73 mm, 547.37 mm): Symbol R205 [R]
[unconnected_wire_endpoint]: Unconnected wire endpoint
    ; warning
    @(1389.38 mm, 1233.17 mm): Horizontal Wire, length 2.54 mm
[unconnected_wire_endpoint]: Unconnected wire endpoint
    ; warning
    @(1713.23 mm, 702.31 mm): Horizontal Wire, length 8.89 mm
[endpoint_off_grid]: Symbol pin or wire end off connection grid
    ; warning
    @(287.65 mm, 1837.69 mm): Horizontal Wire, length 2.54 mm
[lib_symbol_issues]: The current configuration does not include the symbol library 'Device'
    ; warning
    @(1705.61 mm, 742.95 mm): Symbol R253 [R]
[lib_symbol_issues]: The current configuration does not include the symbol library 'Connector'
    ; warning
    @(430.53 mm, 1811.02 mm): Symbol TP523 [TestPoint]
[lib_symbol_issues]: The current configuration does not include the symbol library 'Device'
    ; warning
    @(1389.38 mm, 1239.52 mm): Symbol C39 [C]
[endpoint_off_grid]: Symbol pin or wire end off connection grid
    ; warning
    @(287.65 mm, 1840.23 mm): Horizontal Wire, length 2.54 mm
[lib_symbol_issues]: The current configuration does not include the symbol library 'power'
    ; warning
    @(627.38 mm, 1753.87 mm): Symbol #PWR433 [GND]
[lib_symbol_issues]: The current configuration does not include the symbol library 'Device'
    ; warning
    @(1789.43 mm, 518.16 mm): Symbol R203 [R]
[lib_symbol_issues]: The current configuration does not include the symbol library 'Device'
    ; warning
    @(29.21 mm, 1863.09 mm): Symbol R498 [R]
[lib_symbol_issues]: The current configuration does not include the symbol library 'Device'
    ; warning
    @(68.58 mm, 1863.09 mm): Symbol R500 [R]
[lib_symbol_issues]: The current configuration does not include the symbol library 'power'
    ; warning
    @(1789.43 mm, 524.51 mm): Symbol #PWR126 [GND]
[endpoint_off_grid]: Symbol pin or wire end off connection grid
    ; warning
    @(305.43 mm, 1840.23 mm): Horizontal Wire, length 15.24 mm
[lib_symbol_issues]: The current configuration does not include the symbol library 'power'
    ; warning
    @(1389.38 mm, 1245.87 mm): Symbol #PWR356 [GND]
[lib_symbol_issues]: The current configuration does not include the symbol library 'Connector'
    ; warning
    @(453.39 mm, 1811.02 mm): Symbol TP524 [TestPoint]
[lib_symbol_issues]: The current configuration does not include the symbol library 'Device'
    ; warning
    @(1851.66 mm, 241.30 mm): Symbol R183 [R]
[lib_symbol_issues]: The current configuration does not include the symbol library 'power'
    ; warning
    @(642.62 mm, 1753.87 mm): Symbol #PWR434 [GND]
[lib_symbol_issues]: The current configuration does not include the symbol library 'power'
    ; warning
    @(269.24 mm, 1850.39 mm): Symbol #PWR508 [GND]
[lib_symbol_issues]: The current configuration does not include the symbol library 'Device'
    ; warning
    @(873.76 mm, 1654.81 mm): Symbol R63 [R]
[lib_symbol_issues]: The current configuration does not include the symbol library 'Connector'
    ; warning
    @(477.52 mm, 1811.02 mm): Symbol TP525 [TestPoint]
[lib_symbol_issues]: The current configuration does not include the symbol library 'Device'
    ; warning
    @(1734.82 mm, 706.12 mm): Symbol R252 [R]
[lib_symbol_issues]: The current configuration does not include the symbol library 'Device'
    ; warning
    @(1423.67 mm, 1217.93 mm): Symbol F2 [Polyfuse]
[lib_symbol_issues]: The current configuration does not include the symbol library 'Transistor_FET'
    ; warning
    @(1706.88 mm, 775.97 mm): Symbol Q204 [2N7002]
[lib_symbol_issues]: The current configuration does not include the symbol library 'power'
    ; warning
    @(1734.82 mm, 712.47 mm): Symbol #PWR222 [GND]
[lib_symbol_issues]: The current configuration does not include the symbol library 'Connector'
    ; warning
    @(1689.10 mm, 821.69 mm): Symbol TP201 [TestPoint]
[lib_symbol_issues]: The current configuration does not include the symbol library 'Connector'
    ; warning
    @(501.65 mm, 1811.02 mm): Symbol TP526 [TestPoint]
[lib_symbol_issues]: The current configuration does not include the symbol library 'power'
    ; warning
    @(1689.10 mm, 824.23 mm): Symbol #PWR225 [GND]
[lib_symbol_issues]: The current configuration does not include the symbol library 'Device'
    ; warning
    @(1769.11 mm, 640.08 mm): Symbol R261 [R]
[lib_symbol_issues]: The current configuration does not include the symbol library 'Device'
    ; warning
    @(1864.36 mm, 255.27 mm): Symbol R178 [R]
[lib_symbol_issues]: The current configuration does not include the symbol library 'power'
    ; warning
    @(1769.11 mm, 646.43 mm): Symbol #PWR220 [GND]
[lib_symbol_issues]: The current configuration does not include the symbol library 'Device'
    ; warning
    @(1572.26 mm, 1040.13 mm): Symbol LED34 [LED]
[lib_symbol_issues]: The current configuration does not include the symbol library 'Connector'
    ; warning
    @(525.78 mm, 1811.02 mm): Symbol TP527 [TestPoint]
[lib_symbol_issues]: The current configuration does not include the symbol library 'meshsat_ic'
    ; warning
    @(1102.36 mm, 1535.43 mm): Symbol U42 [U42]
[lib_symbol_issues]: The current configuration does not include the symbol library 'Device'
    ; warning
    @(939.80 mm, 1640.84 mm): Symbol R64 [R]
[lib_symbol_issues]: The current configuration does not include the symbol library 'Connector'
    ; warning
    @(549.91 mm, 1811.02 mm): Symbol TP528 [TestPoint]
[lib_symbol_issues]: The current configuration does not include the symbol library 'Connector'
    ; warning
    @(1706.88 mm, 821.69 mm): Symbol TP202 [TestPoint]
[endpoint_off_grid]: Symbol pin or wire end off connection grid
    ; warning
    @(24.77 mm, 1896.11 mm): Horizontal Wire, length 2.54 mm
[endpoint_off_grid]: Symbol pin or wire end off connection grid
    ; warning
    @(24.77 mm, 1896.11 mm): Symbol U77 Pin 1 [SEL3_AB, Passive, Line]
[lib_symbol_issues]: The current configuration does not include the symbol library 'power'
    ; warning
    @(939.80 mm, 1647.19 mm): Symbol #PWR440 [GND]
[endpoint_off_grid]: Symbol pin or wire end off connection grid
    ; warning
    @(69.21 mm, 1896.11 mm): Horizontal Wire, length 2.54 mm
[lib_symbol_issues]: The current configuration does not include the symbol library 'Device'
    ; warning
    @(928.37 mm, 1654.81 mm): Symbol LED40 [LED]
[lib_symbol_issues]: The current configuration does not include the symbol library 'power'
    ; warning
    @(1102.36 mm, 1545.59 mm): Symbol #PWR442 [GND]
[endpoint_off_grid]: Symbol pin or wire end off connection grid
    ; warning
    @(24.77 mm, 1898.65 mm): Horizontal Wire, length 2.54 mm
[lib_symbol_issues]: The current configuration does not include the symbol library 'Connector'
    ; warning
    @(574.04 mm, 1811.02 mm): Symbol TP529 [TestPoint]
[endpoint_off_grid]: Symbol pin or wire end off connection grid
    ; warning
    @(69.21 mm, 1898.65 mm): Horizontal Wire, length 2.54 mm
[endpoint_off_grid]: Symbol pin or wire end off connection grid
    ; warning
    @(22.23 mm, 1901.19 mm): Vertical Wire, length 2.54 mm
[endpoint_off_grid]: Symbol pin or wire end off connection grid
    ; warning
    @(24.77 mm, 1901.19 mm): Horizontal Wire, length 2.54 mm
[endpoint_off_grid]: Symbol pin or wire end off connection grid
    ; warning
    @(870.59 mm, 1690.37 mm): Symbol U43 Pin 1 [IOCA_CAN1_TX, Passive, Line]
[endpoint_off_grid]: Symbol pin or wire end off connection grid
    ; warning
    @(870.59 mm, 1690.37 mm): Horizontal Wire, length 2.54 mm
[endpoint_off_grid]: Symbol pin or wire end off connection grid
    ; warning
    @(69.21 mm, 1901.19 mm): Horizontal Wire, length 2.54 mm
[endpoint_off_grid]: Symbol pin or wire end off connection grid
    ; warning
    @(870.59 mm, 1692.91 mm): Horizontal Wire, length 2.54 mm
[endpoint_off_grid]: Symbol pin or wire end off connection grid
    ; warning
    @(24.77 mm, 1903.73 mm): Horizontal Wire, length 2.54 mm
[lib_symbol_issues]: The current configuration does not include the symbol library 'meshsat_ic'
    ; warning
    @(46.99 mm, 1903.73 mm): Symbol U77 [U77]
[lib_symbol_issues]: The current configuration does not include the symbol library 'Connector_Generic'
    ; warning
    @(1313.18 mm, 1379.22 mm): Symbol U11 [LG290P]
[endpoint_off_grid]: Symbol pin or wire end off connection grid
    ; warning
    @(69.21 mm, 1903.73 mm): Horizontal Wire, length 1.27 mm
[endpoint_off_grid]: Symbol pin or wire end off connection grid
    ; warning
    @(70.48 mm, 1903.73 mm): Horizontal Wire, length 17.78 mm
[endpoint_off_grid]: Symbol pin or wire end off connection grid
    ; warning
    @(88.26 mm, 1903.73 mm): Horizontal Wire, length 1.91 mm
[endpoint_off_grid]: Symbol pin or wire end off connection grid
    ; warning
    @(24.77 mm, 1906.27 mm): Horizontal Wire, length 2.54 mm
[lib_symbol_issues]: The current configuration does not include the symbol library 'Connector'
    ; warning
    @(598.17 mm, 1811.02 mm): Symbol TP530 [TestPoint]
[endpoint_off_grid]: Symbol pin or wire end off connection grid
    ; warning
    @(69.21 mm, 1906.27 mm): Horizontal Wire, length 2.54 mm
[endpoint_off_grid]: Symbol pin or wire end off connection grid
    ; warning
    @(24.77 mm, 1908.81 mm): Horizontal Wire, length 2.54 mm
[endpoint_off_grid]: Symbol pin or wire end off connection grid
    ; warning
    @(69.21 mm, 1908.81 mm): Horizontal Wire, length 2.54 mm
[lib_symbol_issues]: The current configuration does not include the symbol library 'Device'
    ; warning
    @(1830.07 mm, 547.37 mm): Symbol C217 [C]
[lib_symbol_issues]: The current configuration does not include the symbol library 'meshsat_ic'
    ; warning
    @(171.45 mm, 1903.73 mm): Symbol U78 [U78]
[lib_symbol_issues]: The current configuration does not include the symbol library 'Device'
    ; warning
    @(90.17 mm, 1910.08 mm): Symbol R477 [R]
[lib_symbol_issues]: The current configuration does not include the symbol library 'Connector'
    ; warning
    @(622.30 mm, 1811.02 mm): Symbol TP531 [TestPoint]
[lib_symbol_issues]: The current configuration does not include the symbol library 'Connector'
    ; warning
    @(1729.74 mm, 821.69 mm): Symbol TP203 [TestPoint]
[lib_symbol_issues]: The current configuration does not include the symbol library 'meshsat_ic'
    ; warning
    @(892.81 mm, 1694.18 mm): Symbol U43 [U43]
[lib_symbol_issues]: The current configuration does not include the symbol library 'Device'
    ; warning
    @(1897.38 mm, 269.24 mm): Symbol C155 [C]
[lib_symbol_issues]: The current configuration does not include the symbol library 'Device'
    ; warning
    @(1753.87 mm, 774.70 mm): Symbol R258 [R]
[lib_symbol_issues]: The current configuration does not include the symbol library 'Device'
    ; warning
    @(497.84 mm, 1851.66 mm): Symbol C500 [C]
[lib_symbol_issues]: The current configuration does not include the symbol library 'Power_Protection'
    ; warning
    @(1780.54 mm, 712.47 mm): Symbol U207 [USBLC6-2SC6]
[lib_symbol_issues]: The current configuration does not include the symbol library 'Device'
    ; warning
    @(1905.00 mm, 226.06 mm): Symbol LED13 [LED]
[lib_symbol_issues]: The current configuration does not include the symbol library 'Device'
    ; warning
    @(452.12 mm, 1864.36 mm): Symbol R510 [R]
[lib_symbol_issues]: The current configuration does not include the symbol library 'power'
    ; warning
    @(90.17 mm, 1916.43 mm): Symbol #PWR509 [GND]
[lib_symbol_issues]: The current configuration does not include the symbol library 'Device'
    ; warning
    @(124.46 mm, 1915.16 mm): Symbol R478 [R]
[lib_symbol_issues]: The current configuration does not include the symbol library 'power'
    ; warning
    @(46.99 mm, 1918.97 mm): Symbol #PWR510 [GND]
[lib_symbol_issues]: The current configuration does not include the symbol library 'power'
    ; warning
    @(1780.54 mm, 722.63 mm): Symbol #PWR224 [GND]
[endpoint_off_grid]: Symbol pin or wire end off connection grid
    ; warning
    @(915.03 mm, 1690.37 mm): Horizontal Wire, length 1.27 mm
[lib_symbol_issues]: The current configuration does not include the symbol library 'Transistor_FET'
    ; warning
    @(1751.33 mm, 792.48 mm): Symbol Q205 [2N7002]
[lib_symbol_issues]: The current configuration does not include the symbol library 'Connector'
    ; warning
    @(645.16 mm, 1811.02 mm): Symbol TP532 [TestPoint]
[lib_symbol_issues]: The current configuration does not include the symbol library 'Device'
    ; warning
    @(218.44 mm, 1910.08 mm): Symbol R479 [R]
[endpoint_off_grid]: Symbol pin or wire end off connection grid
    ; warning
    @(916.30 mm, 1690.37 mm): Horizontal Wire, length 10.16 mm
[lib_symbol_issues]: The current configuration does not include the symbol library 'meshsat_ic'
    ; warning
    @(281.94 mm, 1902.46 mm): Symbol U79 [U79]
[lib_symbol_issues]: The current configuration does not include the symbol library 'Connector'
    ; warning
    @(521.97 mm, 1851.66 mm): Symbol J_W1A [Conn_Coaxial]
[endpoint_off_grid]: Symbol pin or wire end off connection grid
    ; warning
    @(915.03 mm, 1692.91 mm): Horizontal Wire, length 1.27 mm
[lib_symbol_issues]: The current configuration does not include the symbol library 'Device'
    ; warning
    @(982.98 mm, 1654.81 mm): Symbol R65 [R]
[lib_symbol_issues]: The current configuration does not include the symbol library 'Device'
    ; warning
    @(1390.65 mm, 1330.96 mm): Symbol R21 [R]
[endpoint_off_grid]: Symbol pin or wire end off connection grid
    ; warning
    @(916.30 mm, 1692.91 mm): Horizontal Wire, length 10.16 mm
[lib_symbol_issues]: The current configuration does not include the symbol library 'power'
    ; warning
    @(124.46 mm, 1921.51 mm): Symbol #PWR511 [GND]
[lib_symbol_issues]: The current configuration does not include the symbol library 'power'
    ; warning
    @(171.45 mm, 1918.97 mm): Symbol #PWR513 [GND]
[lib_symbol_issues]: The current configuration does not include the symbol library 'power'
    ; warning
    @(892.81 mm, 1708.15 mm): Symbol #PWR443 [GND]
[unconnected_wire_endpoint]: Unconnected wire endpoint
    ; warning
    @(916.30 mm, 1690.37 mm): Horizontal Wire, length 10.16 mm
[lib_symbol_issues]: The current configuration does not include the symbol library 'Device'
    ; warning
    @(1624.33 mm, 1040.13 mm): Symbol R336 [R]
[lib_symbol_issues]: The current configuration does not include the symbol library 'power'
    ; warning
    @(218.44 mm, 1916.43 mm): Symbol #PWR512 [GND]
[lib_symbol_issues]: The current configuration does not include the symbol library 'Connector'
    ; warning
    @(665.48 mm, 1811.02 mm): Symbol TP533 [TestPoint]
[unconnected_wire_endpoint]: Unconnected wire endpoint
    ; warning
    @(916.30 mm, 1692.91 mm): Horizontal Wire, length 10.16 mm
[lib_symbol_issues]: The current configuration does not include the symbol library 'Device'
    ; warning
    @(890.27 mm, 1713.23 mm): Symbol R471 [R]
[lib_symbol_issues]: The current configuration does not include the symbol library 'power'
    ; warning
    @(521.97 mm, 1859.28 mm): Symbol #PWR523 [GND]
[lib_symbol_issues]: The current configuration does not include the symbol library 'Device'
    ; warning
    @(1916.43 mm, 241.30 mm): Symbol R180 [R]
[lib_symbol_issues]: The current configuration does not include the symbol library 'Device'
    ; warning
    @(1694.18 mm, 934.72 mm): Symbol R334 [R]
[lib_symbol_issues]: The current configuration does not include the symbol library 'Device'
    ; warning
    @(563.88 mm, 1851.66 mm): Symbol C501 [C]
[lib_symbol_issues]: The current configuration does not include the symbol library 'Connector'
    ; warning
    @(684.53 mm, 1811.02 mm): Symbol TP534 [TestPoint]
[lib_symbol_issues]: The current configuration does not include the symbol library 'Device'
    ; warning
    @(1920.24 mm, 255.27 mm): Symbol R175 [R]
[lib_symbol_issues]: The current configuration does not include the symbol library 'Device'
    ; warning
    @(1294.13 mm, 1441.45 mm): Symbol R23 [R]
[lib_symbol_issues]: The current configuration does not include the symbol library 'Transistor_FET'
    ; warning
    @(381.00 mm, 1899.92 mm): Symbol Q3 [2N7002]
[lib_symbol_issues]: The current configuration does not include the symbol library 'power'
    ; warning
    @(281.94 mm, 1918.97 mm): Symbol #PWR514 [GND]
[lib_symbol_issues]: The current configuration does not include the symbol library 'Transistor_FET'
    ; warning
    @(449.58 mm, 1888.49 mm): Symbol Q10 [2N7002]
[lib_symbol_issues]: The current configuration does not include the symbol library 'Device'
    ; warning
    @(1412.24 mm, 1333.50 mm): Symbol C40 [C]
[lib_symbol_issues]: The current configuration does not include the symbol library 'Connector'
    ; warning
    @(588.01 mm, 1851.66 mm): Symbol J_W3A [Conn_Coaxial]
[lib_symbol_issues]: The current configuration does not include the symbol library 'Connector'
    ; warning
    @(703.58 mm, 1811.02 mm): Symbol TP535 [TestPoint]
[lib_symbol_issues]: The current configuration does not include the symbol library 'power'
    ; warning
    @(383.54 mm, 1907.54 mm): Symbol #PWR515 [GND]
[lib_symbol_issues]: The current configuration does not include the symbol library 'power'
    ; warning
    @(1412.24 mm, 1339.85 mm): Symbol #PWR358 [GND]
[lib_symbol_issues]: The current configuration does not include the symbol library 'Device'
    ; warning
    @(1870.71 mm, 547.37 mm): Symbol C298 [C]
[lib_symbol_issues]: The current configuration does not include the symbol library 'power'
    ; warning
    @(452.12 mm, 1896.11 mm): Symbol #PWR522 [GND]
[lib_symbol_issues]: The current configuration does not include the symbol library 'Device'
    ; warning
    @(1795.78 mm, 759.46 mm): Symbol C214 [C]
[lib_symbol_issues]: The current configuration does not include the symbol library 'power'
    ; warning
    @(588.01 mm, 1859.28 mm): Symbol #PWR524 [GND]
[lib_symbol_issues]: The current configuration does not include the symbol library 'Connector'
    ; warning
    @(723.90 mm, 1811.02 mm): Symbol TP536 [TestPoint]
[unconnected_wire_endpoint]: Unconnected wire endpoint
    ; warning
    @(1427.48 mm, 1327.15 mm): Horizontal Wire, length 2.54 mm
[lib_symbol_issues]: The current configuration does not include the symbol library 'Connector_Generic'
    ; warning
    @(1846.58 mm, 631.19 mm): Symbol U210 [TS3USB221A]
[lib_symbol_issues]: The current configuration does not include the symbol library 'Device'
    ; warning
    @(934.72 mm, 1713.23 mm): Symbol C460 [C]
[lib_symbol_issues]: The current configuration does not include the symbol library 'Device'
    ; warning
    @(1427.48 mm, 1333.50 mm): Symbol C41 [C]
[lib_symbol_issues]: The current configuration does not include the symbol library 'Device'
    ; warning
    @(631.19 mm, 1851.66 mm): Symbol C502 [C]
[lib_symbol_issues]: The current configuration does not include the symbol library 'Device'
    ; warning
    @(1887.22 mm, 518.16 mm): Symbol C212 [C]
[lib_symbol_issues]: The current configuration does not include the symbol library 'Connector'
    ; warning
    @(742.95 mm, 1811.02 mm): Symbol TP537 [TestPoint]
[lib_symbol_issues]: The current configuration does not include the symbol library 'power'
    ; warning
    @(1427.48 mm, 1339.85 mm): Symbol #PWR359 [GND]
[unconnected_wire_endpoint]: Unconnected wire endpoint
    ; warning
    @(1459.23 mm, 1318.26 mm): Horizontal Wire, length 11.43 mm
[lib_symbol_issues]: The current configuration does not include the symbol library 'Transistor_FET'
    ; warning
    @(36.83 mm, 1958.34 mm): Symbol Q4 [2N7002]
[lib_symbol_issues]: The current configuration does not include the symbol library 'power'
    ; warning
    @(1887.22 mm, 524.51 mm): Symbol #PWR128 [GND]
[endpoint_off_grid]: Symbol pin or wire end off connection grid
    ; warning
    @(122.56 mm, 1955.80 mm): Symbol U80 Pin 1 [BSEL1, Passive, Line]
[endpoint_off_grid]: Symbol pin or wire end off connection grid
    ; warning
    @(122.56 mm, 1955.80 mm): Horizontal Wire, length 2.54 mm
[lib_symbol_issues]: The current configuration does not include the symbol library 'Transistor_FET'
    ; warning
    @(86.36 mm, 1958.34 mm): Symbol Q5 [2N7002]
[unconnected_wire_endpoint]: Unconnected wire endpoint
    ; warning
    @(121.29 mm, 1958.34 mm): Horizontal Wire, length 10.16 mm
[lib_symbol_issues]: The current configuration does not include the symbol library 'Connector_Generic'
    ; warning
    @(1835.15 mm, 693.42 mm): Symbol J_RPIBOOT2 [Conn_01x02]
[endpoint_off_grid]: Symbol pin or wire end off connection grid
    ; warning
    @(121.29 mm, 1958.34 mm): Horizontal Wire, length 10.16 mm
[endpoint_off_grid]: Symbol pin or wire end off connection grid
    ; warning
    @(122.56 mm, 1958.34 mm): Horizontal Wire, length 1.27 mm
[endpoint_off_grid]: Symbol pin or wire end off connection grid
    ; warning
    @(159.38 mm, 1955.80 mm): Horizontal Wire, length 2.54 mm
[lib_symbol_issues]: The current configuration does not include the symbol library 'Connector'
    ; warning
    @(652.78 mm, 1851.66 mm): Symbol J_WOA [Conn_Coaxial]
[endpoint_off_grid]: Symbol pin or wire end off connection grid
    ; warning
    @(122.56 mm, 1960.88 mm): Horizontal Wire, length 2.54 mm
[endpoint_off_grid]: Symbol pin or wire end off connection grid
    ; warning
    @(471.17 mm, 1846.58 mm): Horizontal Wire, length 200.03 mm
[endpoint_off_grid]: Symbol pin or wire end off connection grid
    ; warning
    @(671.20 mm, 1846.58 mm): Vertical Wire, length 6.35 mm
[lib_symbol_issues]: The current configuration does not include the symbol library 'Connector'
    ; warning
    @(762.00 mm, 1811.02 mm): Symbol TP538 [TestPoint]
[endpoint_off_grid]: Symbol pin or wire end off connection grid
    ; warning
    @(159.38 mm, 1958.34 mm): Horizontal Wire, length 2.54 mm
[lib_symbol_issues]: The current configuration does not include the symbol library 'power'
    ; warning
    @(39.37 mm, 1965.96 mm): Symbol #PWR516 [GND]
[lib_symbol_issues]: The current configuration does not include the symbol library 'Connector'
    ; warning
    @(336.55 mm, 1938.02 mm): Symbol TP501 [TestPoint]
[lib_symbol_issues]: The current configuration does not include the symbol library 'meshsat_ic'
    ; warning
    @(140.97 mm, 1962.15 mm): Symbol U80 [U80]
[endpoint_off_grid]: Symbol pin or wire end off connection grid
    ; warning
    @(122.56 mm, 1963.42 mm): Horizontal Wire, length 2.54 mm
[endpoint_off_grid]: Symbol pin or wire end off connection grid
    ; warning
    @(159.38 mm, 1960.88 mm): Horizontal Wire, length 1.27 mm
[endpoint_off_grid]: Symbol pin or wire end off connection grid
    ; warning
    @(160.65 mm, 1960.88 mm): Horizontal Wire, length 10.16 mm
[lib_symbol_issues]: The current configuration does not include the symbol library 'power'
    ; warning
    @(88.90 mm, 1965.96 mm): Symbol #PWR517 [GND]
[unconnected_wire_endpoint]: Unconnected wire endpoint
    ; warning
    @(160.65 mm, 1960.88 mm): Horizontal Wire, length 10.16 mm
[unconnected_wire_endpoint]: Unconnected wire endpoint
    ; warning
    @(121.29 mm, 1965.96 mm): Horizontal Wire, length 10.16 mm
[lib_symbol_issues]: The current configuration does not include the symbol library 'Device'
    ; warning
    @(453.39 mm, 1916.43 mm): Symbol C503 [C]
[lib_symbol_issues]: The current configuration does not include the symbol library 'power'
    ; warning
    @(336.55 mm, 1940.56 mm): Symbol #PWR519 [GND]
[endpoint_off_grid]: Symbol pin or wire end off connection grid
    ; warning
    @(121.29 mm, 1965.96 mm): Horizontal Wire, length 10.16 mm
[endpoint_off_grid]: Symbol pin or wire end off connection grid
    ; warning
    @(122.56 mm, 1965.96 mm): Horizontal Wire, length 1.27 mm
[endpoint_off_grid]: Symbol pin or wire end off connection grid
    ; warning
    @(159.38 mm, 1963.42 mm): Horizontal Wire, length 2.54 mm
[lib_symbol_issues]: The current configuration does not include the symbol library 'Connector'
    ; warning
    @(355.60 mm, 1938.02 mm): Symbol TP502 [TestPoint]
[lib_symbol_issues]: The current configuration does not include the symbol library 'power'
    ; warning
    @(652.78 mm, 1859.28 mm): Symbol #PWR525 [GND]
[endpoint_off_grid]: Symbol pin or wire end off connection grid
    ; warning
    @(671.20 mm, 1852.93 mm): Horizontal Wire, length 12.70 mm
[lib_symbol_issues]: The current configuration does not include the symbol library 'Connector'
    ; warning
    @(1465.58 mm, 1318.26 mm): Symbol J_GNSS1 [Conn_Coaxial]
[lib_symbol_issues]: The current configuration does not include the symbol library 'Device'
    ; warning
    @(975.36 mm, 1713.23 mm): Symbol R509 [R]
[lib_symbol_issues]: The current configuration does not include the symbol library 'Device'
    ; warning
    @(1902.46 mm, 518.16 mm): Symbol C213 [C]
[endpoint_off_grid]: Symbol pin or wire end off connection grid
    ; warning
    @(668.66 mm, 1855.47 mm): Horizontal Wire, length 15.24 mm
[unconnected_wire_endpoint]: Unconnected wire endpoint
    ; warning
    @(1902.46 mm, 511.81 mm): Horizontal Wire, length 2.54 mm
[lib_symbol_issues]: The current configuration does not include the symbol library 'power'
    ; warning
    @(355.60 mm, 1940.56 mm): Symbol #PWR520 [GND]
[lib_symbol_issues]: The current configuration does not include the symbol library 'power'
    ; warning
    @(1902.46 mm, 524.51 mm): Symbol #PWR129 [GND]
[lib_symbol_issues]: The current configuration does not include the symbol library 'Connector'
    ; warning
    @(375.92 mm, 1938.02 mm): Symbol TP503 [TestPoint]
[lib_symbol_issues]: The current configuration does not include the symbol library 'Connector'
    ; warning
    @(477.52 mm, 1916.43 mm): Symbol J_W1B [Conn_Coaxial]
[endpoint_off_grid]: Symbol pin or wire end off connection grid
    ; warning
    @(686.44 mm, 1852.93 mm): Symbol U82 Pin 1 [SWA_O1, Passive, Line]
[endpoint_off_grid]: Symbol pin or wire end off connection grid
    ; warning
    @(686.44 mm, 1852.93 mm): Horizontal Wire, length 2.54 mm
[lib_symbol_issues]: The current configuration does not include the symbol library 'power'
    ; warning
    @(1465.58 mm, 1325.88 mm): Symbol #PWR360 [GND]
[lib_symbol_issues]: The current configuration does not include the symbol library 'Device'
    ; warning
    @(1689.10 mm, 1026.16 mm): Symbol R386 [R]
[lib_symbol_issues]: The current configuration does not include the symbol library 'power'
    ; warning
    @(375.92 mm, 1940.56 mm): Symbol #PWR521 [GND]
[endpoint_off_grid]: Symbol pin or wire end off connection grid
    ; warning
    @(686.44 mm, 1855.47 mm): Horizontal Wire, length 2.54 mm
[lib_symbol_issues]: The current configuration does not include the symbol library 'power'
    ; warning
    @(1689.10 mm, 1032.51 mm): Symbol #PWR287 [GND]
[endpoint_off_grid]: Symbol pin or wire end off connection grid
    ; warning
    @(686.44 mm, 1858.01 mm): Horizontal Wire, length 2.54 mm
[endpoint_off_grid]: Symbol pin or wire end off connection grid
    ; warning
    @(537.21 mm, 1865.63 mm): Horizontal Wire, length 131.45 mm
[endpoint_off_grid]: Symbol pin or wire end off connection grid
    ; warning
    @(668.66 mm, 1865.63 mm): Vertical Wire, length 10.16 mm
[lib_symbol_issues]: The current configuration does not include the symbol library 'power'
    ; warning
    @(477.52 mm, 1924.05 mm): Symbol #PWR527 [GND]
[lib_symbol_issues]: The current configuration does not include the symbol library 'power'
    ; warning
    @(140.97 mm, 1978.66 mm): Symbol #PWR518 [GND]
[lib_symbol_issues]: The current configuration does not include the symbol library 'Device'
    ; warning
    @(520.70 mm, 1916.43 mm): Symbol C504 [C]
[lib_symbol_issues]: The current configuration does not include the symbol library 'meshsat_ic'
    ; warning
    @(706.12 mm, 1856.74 mm): Symbol U82 [U82]
[lib_symbol_issues]: The current configuration does not include the symbol library 'Device'
    ; warning
    @(1699.26 mm, 1031.24 mm): Symbol R385 [R]
[lib_symbol_issues]: The current configuration does not include the symbol library 'Device'
    ; warning
    @(140.97 mm, 1983.74 mm): Symbol R474 [R]
[endpoint_off_grid]: Symbol pin or wire end off connection grid
    ; warning
    @(725.80 mm, 1852.93 mm): Horizontal Wire, length 2.54 mm
[lib_symbol_issues]: The current configuration does not include the symbol library 'power'
    ; warning
    @(1699.26 mm, 1037.59 mm): Symbol #PWR286 [GND]
[lib_symbol_issues]: The current configuration does not include the symbol library 'Connector'
    ; warning
    @(544.83 mm, 1916.43 mm): Symbol J_W3B [Conn_Coaxial]
[endpoint_off_grid]: Symbol pin or wire end off connection grid
    ; warning
    @(725.80 mm, 1855.47 mm): Horizontal Wire, length 2.54 mm
[lib_symbol_issues]: The current configuration does not include the symbol library 'Device'
    ; warning
    @(186.69 mm, 1983.74 mm): Symbol C481 [C]
[lib_symbol_issues]: The current configuration does not include the symbol library 'Device'
    ; warning
    @(1019.81 mm, 1713.23 mm): Symbol R470 [R]
[lib_symbol_issues]: The current configuration does not include the symbol library 'Device'
    ; warning
    @(1844.04 mm, 759.46 mm): Symbol C215 [C]
[lib_symbol_issues]: The current configuration does not include the symbol library 'Device'
    ; warning
    @(1484.63 mm, 1333.50 mm): Symbol L3 [L]
[lib_symbol_issues]: The current configuration does not include the symbol library 'Device'
    ; warning
    @(224.79 mm, 1983.74 mm): Symbol R475 [R]
[lib_symbol_issues]: The current configuration does not include the symbol library 'power'
    ; warning
    @(706.12 mm, 1868.17 mm): Symbol #PWR526 [GND]
[endpoint_off_grid]: Symbol pin or wire end off connection grid
    ; warning
    @(746.12 mm, 1852.93 mm): Horizontal Wire, length 17.78 mm
[endpoint_off_grid]: Symbol pin or wire end off connection grid
    ; warning
    @(743.58 mm, 1855.47 mm): Horizontal Wire, length 15.24 mm
[lib_symbol_issues]: The current configuration does not include the symbol library 'power'
    ; warning
    @(544.83 mm, 1924.05 mm): Symbol #PWR528 [GND]
[lib_symbol_issues]: The current configuration does not include the symbol library 'Device'
    ; warning
    @(270.51 mm, 1983.74 mm): Symbol C482 [C]
[lib_symbol_issues]: The current configuration does not include the symbol library 'Connector'
    ; warning
    @(1744.98 mm, 981.71 mm): Symbol J_M2C3 [Bus_M.2_Socket_E]
[endpoint_off_grid]: Symbol pin or wire end off connection grid
    ; warning
    @(1289.69 mm, 1532.89 mm): Horizontal Wire, length 2.54 mm
[endpoint_off_grid]: Symbol pin or wire end off connection grid
    ; warning
    @(1289.69 mm, 1532.89 mm): Symbol U44 Pin 1 [IOCA_CAN2_TX, Passive, Line]
[lib_symbol_issues]: The current configuration does not include the symbol library 'Device'
    ; warning
    @(143.51 mm, 1998.98 mm): Symbol C483 [C]
[lib_symbol_issues]: The current configuration does not include the symbol library 'Device'
    ; warning
    @(586.74 mm, 1916.43 mm): Symbol C505 [C]
[endpoint_off_grid]: Symbol pin or wire end off connection grid
    ; warning
    @(1289.69 mm, 1535.43 mm): Horizontal Wire, length 2.54 mm
[lib_symbol_issues]: The current configuration does not include the symbol library 'Device'
    ; warning
    @(308.61 mm, 1983.74 mm): Symbol R476 [R]
[lib_symbol_issues]: The current configuration does not include the symbol library 'Device'
    ; warning
    @(1690.37 mm, 1085.85 mm): Symbol R362 [R]
[lib_symbol_issues]: The current configuration does not include the symbol library 'Connector'
    ; warning
    @(608.33 mm, 1916.43 mm): Symbol J_WOB [Conn_Coaxial]
[lib_symbol_issues]: The current configuration does not include the symbol library 'Device'
    ; warning
    @(1713.23 mm, 1052.83 mm): Symbol LED35 [LED]
[endpoint_off_grid]: Symbol pin or wire end off connection grid
    ; warning
    @(626.75 mm, 1911.35 mm): Vertical Wire, length 7.62 mm
[endpoint_off_grid]: Symbol pin or wire end off connection grid
    ; warning
    @(494.03 mm, 1911.35 mm): Horizontal Wire, length 132.72 mm
[endpoint_off_grid]: Symbol pin or wire end off connection grid
    ; warning
    @(1692.28 mm, 1092.20 mm): Horizontal Wire, length 1.91 mm
[lib_symbol_issues]: The current configuration does not include the symbol library 'Connector'
    ; warning
    @(11.43 mm, 2015.49 mm): Symbol TP504 [TestPoint]
[lib_symbol_issues]: The current configuration does not include the symbol library 'Connector'
    ; warning
    @(29.21 mm, 2015.49 mm): Symbol TP505 [TestPoint]
[endpoint_off_grid]: Symbol pin or wire end off connection grid
    ; warning
    @(1691.01 mm, 1097.28 mm): Horizontal Wire, length 1.91 mm
[lib_symbol_issues]: The current configuration does not include the symbol library 'Connector'
    ; warning
    @(46.99 mm, 2015.49 mm): Symbol TP506 [TestPoint]
[endpoint_off_grid]: Symbol pin or wire end off connection grid
    ; warning
    @(604.52 mm, 1873.25 mm): Horizontal Wire, length 141.60 mm
[endpoint_off_grid]: Symbol pin or wire end off connection grid
    ; warning
    @(746.12 mm, 1873.25 mm): Vertical Wire, length 20.32 mm
[lib_symbol_issues]: The current configuration does not include the symbol library 'Connector'
    ; warning
    @(64.77 mm, 2015.49 mm): Symbol TP507 [TestPoint]
[lib_symbol_issues]: The current configuration does not include the symbol library 'Device'
    ; warning
    @(1064.26 mm, 1713.23 mm): Symbol R508 [R]
[lib_symbol_issues]: The current configuration does not include the symbol library 'Connector'
    ; warning
    @(83.82 mm, 2015.49 mm): Symbol TP508 [TestPoint]
[lib_symbol_issues]: The current configuration does not include the symbol library 'Device'
    ; warning
    @(1689.10 mm, 1103.63 mm): Symbol R373 [R]
[lib_symbol_issues]: The current configuration does not include the symbol library 'power'
    ; warning
    @(608.33 mm, 1924.05 mm): Symbol #PWR529 [GND]
[lib_symbol_issues]: The current configuration does not include the symbol library 'Connector'
    ; warning
    @(104.14 mm, 2015.49 mm): Symbol TP509 [TestPoint]
[endpoint_off_grid]: Symbol pin or wire end off connection grid
    ; warning
    @(626.75 mm, 1918.97 mm): Horizontal Wire, length 12.70 mm
[lib_symbol_issues]: The current configuration does not include the symbol library 'Connector'
    ; warning
    @(123.19 mm, 2015.49 mm): Symbol TP510 [TestPoint]
[lib_symbol_issues]: The current configuration does not include the symbol library 'Connector_Generic'
    ; warning
    @(1894.84 mm, 698.50 mm): Symbol J_DBG2 [Conn_01x05]
[lib_symbol_issues]: The current configuration does not include the symbol library 'meshsat_ic'
    ; warning
    @(1311.91 mm, 1536.70 mm): Symbol U44 [U44]
[lib_symbol_issues]: The current configuration does not include the symbol library 'Connector'
    ; warning
    @(146.05 mm, 2015.49 mm): Symbol TP511 [TestPoint]
[endpoint_off_grid]: Symbol pin or wire end off connection grid
    ; warning
    @(641.99 mm, 1916.43 mm): Horizontal Wire, length 2.54 mm
[endpoint_off_grid]: Symbol pin or wire end off connection grid
    ; warning
    @(641.99 mm, 1916.43 mm): Symbol U83 Pin 1 [SWB_O1, Passive, Line]
[lib_symbol_issues]: The current configuration does not include the symbol library 'power'
    ; warning
    @(1689.10 mm, 1109.98 mm): Symbol #PWR292 [GND]
[lib_symbol_issues]: The current configuration does not include the symbol library 'Connector'
    ; warning
    @(173.99 mm, 2015.49 mm): Symbol TP512 [TestPoint]
[endpoint_off_grid]: Symbol pin or wire end off connection grid
    ; warning
    @(641.99 mm, 1918.97 mm): Horizontal Wire, length 2.54 mm
[lib_symbol_issues]: The current configuration does not include the symbol library 'Connector'
    ; warning
    @(203.20 mm, 2015.49 mm): Symbol TP513 [TestPoint]
[endpoint_off_grid]: Symbol pin or wire end off connection grid
    ; warning
    @(641.99 mm, 1921.51 mm): Horizontal Wire, length 2.54 mm
[lib_symbol_issues]: The current configuration does not include the symbol library 'power'
    ; warning
    @(1744.98 mm, 1032.51 mm): Symbol #PWR288 [GND]
[lib_symbol_issues]: The current configuration does not include the symbol library 'Connector'
    ; warning
    @(231.14 mm, 2015.49 mm): Symbol TP514 [TestPoint]
[endpoint_off_grid]: Symbol pin or wire end off connection grid
    ; warning
    @(1710.06 mm, 1092.20 mm): Horizontal Wire, length 17.78 mm
[endpoint_off_grid]: Symbol pin or wire end off connection grid
    ; warning
    @(1711.33 mm, 1092.20 mm): Horizontal Wire, length 1.27 mm
[endpoint_off_grid]: Symbol pin or wire end off connection grid
    ; warning
    @(1711.33 mm, 1092.20 mm): Symbol U311 Pin 1 [WL_nDIS3_OFF, Passive, Line]
[lib_symbol_issues]: The current configuration does not include the symbol library 'Connector'
    ; warning
    @(250.19 mm, 2015.49 mm): Symbol TP515 [TestPoint]
[lib_symbol_issues]: The current configuration does not include the symbol library 'meshsat_ic'
    ; warning
    @(661.67 mm, 1920.24 mm): Symbol U83 [U83]
[lib_symbol_issues]: The current configuration does not include the symbol library 'power'
    ; warning
    @(1311.91 mm, 1550.67 mm): Symbol #PWR444 [GND]
[lib_symbol_issues]: The current configuration does not include the symbol library 'Device'
    ; warning
    @(1268.73 mm, 1586.23 mm): Symbol R78 [R]
[endpoint_off_grid]: Symbol pin or wire end off connection grid
    ; warning
    @(1711.33 mm, 1094.74 mm): Horizontal Wire, length 2.54 mm
[lib_symbol_issues]: The current configuration does not include the symbol library 'Device'
    ; warning
    @(1532.89 mm, 1333.50 mm): Symbol C42 [C]
[endpoint_off_grid]: Symbol pin or wire end off connection grid
    ; warning
    @(1710.06 mm, 1097.28 mm): Horizontal Wire, length 19.05 mm
[endpoint_off_grid]: Symbol pin or wire end off connection grid
    ; warning
    @(1334.13 mm, 1532.89 mm): Horizontal Wire, length 1.27 mm
[lib_symbol_issues]: The current configuration does not include the symbol library 'Device'
    ; warning
    @(1793.24 mm, 957.58 mm): Symbol R337 [R]
[endpoint_off_grid]: Symbol pin or wire end off connection grid
    ; warning
    @(1711.33 mm, 1097.28 mm): Horizontal Wire, length 1.27 mm
[endpoint_off_grid]: Symbol pin or wire end off connection grid
    ; warning
    @(1335.40 mm, 1532.89 mm): Horizontal Wire, length 10.16 mm
[lib_symbol_issues]: The current configuration does not include the symbol library 'Device'
    ; warning
    @(1309.37 mm, 1555.75 mm): Symbol R473 [R]
[lib_symbol_issues]: The current configuration does not include the symbol library 'Connector'
    ; warning
    @(270.51 mm, 2015.49 mm): Symbol TP516 [TestPoint]
[endpoint_off_grid]: Symbol pin or wire end off connection grid
    ; warning
    @(681.35 mm, 1916.43 mm): Horizontal Wire, length 2.54 mm
[endpoint_off_grid]: Symbol pin or wire end off connection grid
    ; warning
    @(1334.13 mm, 1535.43 mm): Horizontal Wire, length 1.27 mm
[endpoint_off_grid]: Symbol pin or wire end off connection grid
    ; warning
    @(1335.40 mm, 1535.43 mm): Horizontal Wire, length 10.16 mm
[lib_symbol_issues]: The current configuration does not include the symbol library 'Connector'
    ; warning
    @(289.56 mm, 2015.49 mm): Symbol TP517 [TestPoint]
[endpoint_off_grid]: Symbol pin or wire end off connection grid
    ; warning
    @(681.35 mm, 1918.97 mm): Horizontal Wire, length 2.54 mm
[endpoint_off_grid]: Symbol pin or wire end off connection grid
    ; warning
    @(683.89 mm, 1918.97 mm): Horizontal Wire, length 15.24 mm
[endpoint_off_grid]: Symbol pin or wire end off connection grid
    ; warning
    @(1270.64 mm, 1592.58 mm): Horizontal Wire, length 1.91 mm
[lib_symbol_issues]: The current configuration does not include the symbol library 'Device'
    ; warning
    @(1891.03 mm, 759.46 mm): Symbol C216 [C]
[lib_symbol_issues]: The current configuration does not include the symbol library 'Connector'
    ; warning
    @(308.61 mm, 2015.49 mm): Symbol TP518 [TestPoint]
[unconnected_wire_endpoint]: Unconnected wire endpoint
    ; warning
    @(1335.40 mm, 1532.89 mm): Horizontal Wire, length 10.16 mm
[endpoint_off_grid]: Symbol pin or wire end off connection grid
    ; warning
    @(701.67 mm, 1916.43 mm): Horizontal Wire, length 17.78 mm
[unconnected_wire_endpoint]: Unconnected wire endpoint
    ; warning
    @(1335.40 mm, 1535.43 mm): Horizontal Wire, length 10.16 mm
[lib_symbol_issues]: The current configuration does not include the symbol library 'power'
    ; warning
    @(661.67 mm, 1931.67 mm): Symbol #PWR530 [GND]
[lib_symbol_issues]: The current configuration does not include the symbol library 'Connector'
    ; warning
    @(328.93 mm, 2015.49 mm): Symbol TP519 [TestPoint]
[endpoint_off_grid]: Symbol pin or wire end off connection grid
    ; warning
    @(699.13 mm, 1918.97 mm): Horizontal Wire, length 44.45 mm
[lib_symbol_issues]: The current configuration does not include the symbol library 'Device'
    ; warning
    @(1939.29 mm, 641.35 mm): Symbol R250 [R]
[lib_symbol_issues]: The current configuration does not include the symbol library 'Connector'
    ; warning
    @(347.98 mm, 2015.49 mm): Symbol TP520 [TestPoint]
[lib_symbol_issues]: The current configuration does not include the symbol library 'Transistor_BJT'
    ; warning
    @(1936.75 mm, 659.13 mm): Symbol Q201 [BC857]
[endpoint_off_grid]: Symbol pin or wire end off connection grid
    ; warning
    @(1287.15 mm, 1592.58 mm): Horizontal Wire, length 16.51 mm
[endpoint_off_grid]: Symbol pin or wire end off connection grid
    ; warning
    @(1288.42 mm, 1592.58 mm): Horizontal Wire, length 1.27 mm
[endpoint_off_grid]: Symbol pin or wire end off connection grid
    ; warning
    @(1288.42 mm, 1592.58 mm): Symbol U50 Pin 3 [IOCB_LDO_EN, Passive, Line]
[lib_symbol_issues]: The current configuration does not include the symbol library 'Connector'
    ; warning
    @(367.03 mm, 2015.49 mm): Symbol TP521 [TestPoint]
[unconnected_wire_endpoint]: Unconnected wire endpoint
    ; warning
    @(1771.65 mm, 1002.03 mm): Horizontal Wire, length 15.24 mm
[lib_symbol_issues]: The current configuration does not include the symbol library 'Connector'
    ; warning
    @(386.08 mm, 2015.49 mm): Symbol TP522 [TestPoint]
[lib_symbol_issues]: The current configuration does not include the symbol library 'Device'
    ; warning
    @(1816.10 mm, 960.12 mm): Symbol R338 [R]
[lib_symbol_issues]: The current configuration does not include the symbol library 'Device'
    ; warning
    @(1765.30 mm, 1052.83 mm): Symbol R339 [R]
[lib_symbol_issues]: The current configuration does not include the symbol library 'meshsat_ic'
    ; warning
    @(1738.63 mm, 1098.55 mm): Symbol U311 [U311]
[endpoint_off_grid]: Symbol pin or wire end off connection grid
    ; warning
    @(743.58 mm, 1918.97 mm): Vertical Wire, length 63.50 mm
[endpoint_off_grid]: Symbol pin or wire end off connection grid
    ; warning
    @(560.07 mm, 1936.75 mm): Horizontal Wire, length 141.60 mm
[endpoint_off_grid]: Symbol pin or wire end off connection grid
    ; warning
    @(701.67 mm, 1936.75 mm): Vertical Wire, length 20.32 mm
[lib_symbol_issues]: The current configuration does not include the symbol library 'meshsat_ic'
    ; warning
    @(1305.56 mm, 1593.85 mm): Symbol U50 [U50]
[lib_symbol_issues]: The current configuration does not include the symbol library 'Device'
    ; warning
    @(1353.82 mm, 1555.75 mm): Symbol C461 [C]
[lib_symbol_issues]: The current configuration does not include the symbol library 'Connector_Generic'
    ; warning
    @(1584.96 mm, 1319.53 mm): Symbol J_GNSS2 [Conn_01x03]
[lib_symbol_issues]: The current configuration does not include the symbol library 'Device'
    ; warning
    @(1836.42 mm, 944.88 mm): Symbol C357 [C]
[lib_symbol_issues]: The current configuration does not include the symbol library 'power'
    ; warning
    @(1738.63 mm, 1115.06 mm): Symbol #PWR294 [GND]
[lib_symbol_issues]: The current configuration does not include the symbol library 'power'
    ; warning
    @(1305.56 mm, 1602.74 mm): Symbol #PWR445 [GND]
[lib_symbol_issues]: The current configuration does not include the symbol library 'power'
    ; warning
    @(1836.42 mm, 951.23 mm): Symbol #PWR289 [GND]
[lib_symbol_issues]: The current configuration does not include the symbol library 'Device'
    ; warning
    @(1957.07 mm, 674.37 mm): Symbol LED27 [LED]
[endpoint_off_grid]: Symbol pin or wire end off connection grid
    ; warning
    @(1765.93 mm, 1092.20 mm): Horizontal Wire, length 1.27 mm
[endpoint_off_grid]: Symbol pin or wire end off connection grid
    ; warning
    @(1767.20 mm, 1092.20 mm): Horizontal Wire, length 17.78 mm
[endpoint_off_grid]: Symbol pin or wire end off connection grid
    ; warning
    @(1765.93 mm, 1094.74 mm): Horizontal Wire, length 2.54 mm
[unconnected_wire_endpoint]: Unconnected wire endpoint
    ; warning
    @(1851.66 mm, 938.53 mm): Horizontal Wire, length 2.54 mm
[lib_symbol_issues]: The current configuration does not include the symbol library 'Device'
    ; warning
    @(1851.66 mm, 944.88 mm): Symbol C358 [C]
[endpoint_off_grid]: Symbol pin or wire end off connection grid
    ; warning
    @(1765.93 mm, 1097.28 mm): Horizontal Wire, length 1.27 mm
[endpoint_off_grid]: Symbol pin or wire end off connection grid
    ; warning
    @(1767.20 mm, 1097.28 mm): Horizontal Wire, length 19.05 mm
[lib_symbol_issues]: The current configuration does not include the symbol library 'power'
    ; warning
    @(1851.66 mm, 951.23 mm): Symbol #PWR290 [GND]
[lib_symbol_issues]: The current configuration does not include the symbol library 'Device'
    ; warning
    @(1939.29 mm, 759.46 mm): Symbol R265 [R]
[lib_symbol_issues]: The current configuration does not include the symbol library 'Device'
    ; warning
    @(1394.46 mm, 1555.75 mm): Symbol R512 [R]
[lib_symbol_issues]: The current configuration does not include the symbol library 'Device'
    ; warning
    @(1687.83 mm, 1231.90 mm): Symbol R24 [R]
[endpoint_off_grid]: Symbol pin or wire end off connection grid
    ; warning
    @(1784.98 mm, 1092.20 mm): Horizontal Wire, length 22.23 mm
[lib_symbol_issues]: The current configuration does not include the symbol library 'Device'
    ; warning
    @(1353.82 mm, 1598.93 mm): Symbol C421 [C]
[endpoint_off_grid]: Symbol pin or wire end off connection grid
    ; warning
    @(1786.25 mm, 1097.28 mm): Horizontal Wire, length 1.91 mm
[lib_symbol_issues]: The current configuration does not include the symbol library 'power'
    ; warning
    @(1353.82 mm, 1605.28 mm): Symbol #PWR446 [GND]
[lib_symbol_issues]: The current configuration does not include the symbol library 'Device'
    ; warning
    @(1788.16 mm, 1103.63 mm): Symbol R374 [R]
[lib_symbol_issues]: The current configuration does not include the symbol library 'Transistor_FET'
    ; warning
    @(1979.93 mm, 712.47 mm): Symbol Q202 [2N7002]
[lib_symbol_issues]: The current configuration does not include the symbol library 'power'
    ; warning
    @(1788.16 mm, 1109.98 mm): Symbol #PWR293 [GND]
[lib_symbol_issues]: The current configuration does not include the symbol library 'Device'
    ; warning
    @(1369.06 mm, 1598.93 mm): Symbol C422 [C]
[lib_symbol_issues]: The current configuration does not include the symbol library 'Connector_Generic'
    ; warning
    @(2011.68 mm, 627.38 mm): Symbol J_FAN2 [Conn_01x04]
[lib_symbol_issues]: The current configuration does not include the symbol library 'Device'
    ; warning
    @(1807.21 mm, 1085.85 mm): Symbol R363 [R]
[lib_symbol_issues]: The current configuration does not include the symbol library 'Device'
    ; warning
    @(2108.20 mm, 45.72 mm): Symbol C121 [C]
[lib_symbol_issues]: The current configuration does not include the symbol library 'power'
    ; warning
    @(2108.20 mm, 52.07 mm): Symbol #PWR052 [GND]
[lib_symbol_issues]: The current configuration does not include the symbol library 'Device'
    ; warning
    @(2108.20 mm, 73.66 mm): Symbol C126 [C]
[lib_symbol_issues]: The current configuration does not include the symbol library 'power'
    ; warning
    @(2108.20 mm, 80.01 mm): Symbol #PWR064 [GND]
[lib_symbol_issues]: The current configuration does not include the symbol library 'power'
    ; warning
    @(1369.06 mm, 1605.28 mm): Symbol #PWR447 [GND]
[lib_symbol_issues]: The current configuration does not include the symbol library 'Transistor_FET'
    ; warning
    @(1888.49 mm, 943.61 mm): Symbol Q306 [2N7002]
[lib_symbol_issues]: The current configuration does not include the symbol library 'Device'
    ; warning
    @(1384.30 mm, 1598.93 mm): Symbol C423 [C]
[lib_symbol_issues]: The current configuration does not include the symbol library 'power'
    ; warning
    @(1891.03 mm, 951.23 mm): Symbol #PWR291 [GND]
[lib_symbol_issues]: The current configuration does not include the symbol library 'Device'
    ; warning
    @(1438.91 mm, 1555.75 mm): Symbol R472 [R]
[lib_symbol_issues]: The current configuration does not include the symbol library 'power'
    ; warning
    @(1384.30 mm, 1605.28 mm): Symbol #PWR448 [GND]
[lib_symbol_issues]: The current configuration does not include the symbol library 'Device'
    ; warning
    @(2123.44 mm, 45.72 mm): Symbol C122 [C]
[lib_symbol_issues]: The current configuration does not include the symbol library 'power'
    ; warning
    @(2123.44 mm, 52.07 mm): Symbol #PWR053 [GND]
[lib_symbol_issues]: The current configuration does not include the symbol library 'Device'
    ; warning
    @(2123.44 mm, 73.66 mm): Symbol C127 [C]
[lib_symbol_issues]: The current configuration does not include the symbol library 'Device'
    ; warning
    @(1399.54 mm, 1598.93 mm): Symbol C424 [C]
[lib_symbol_issues]: The current configuration does not include the symbol library 'power'
    ; warning
    @(2123.44 mm, 80.01 mm): Symbol #PWR065 [GND]
[lib_symbol_issues]: The current configuration does not include the symbol library 'Connector_Generic'
    ; warning
    @(1720.85 mm, 1250.95 mm): Symbol U15 [CP2102N]
[lib_symbol_issues]: The current configuration does not include the symbol library 'Device'
    ; warning
    @(1988.82 mm, 759.46 mm): Symbol R201 [R]
[lib_symbol_issues]: The current configuration does not include the symbol library 'power'
    ; warning
    @(1399.54 mm, 1605.28 mm): Symbol #PWR449 [GND]
[lib_symbol_issues]: The current configuration does not include the symbol library 'Device'
    ; warning
    @(1827.53 mm, 1098.55 mm): Symbol C397 [C]
[lib_symbol_issues]: The current configuration does not include the symbol library 'Device'
    ; warning
    @(1414.78 mm, 1598.93 mm): Symbol C425 [C]
[lib_symbol_issues]: The current configuration does not include the symbol library 'power'
    ; warning
    @(1827.53 mm, 1104.90 mm): Symbol #PWR295 [GND]
[lib_symbol_issues]: The current configuration does not include the symbol library 'Device'
    ; warning
    @(2108.20 mm, 355.60 mm): Symbol R212 [R]
[lib_symbol_issues]: The current configuration does not include the symbol library 'Device'
    ; warning
    @(2110.74 mm, 342.90 mm): Symbol R211 [R]
[lib_symbol_issues]: The current configuration does not include the symbol library 'Device'
    ; warning
    @(1687.83 mm, 1313.18 mm): Symbol R25 [R]
[lib_symbol_issues]: The current configuration does not include the symbol library 'power'
    ; warning
    @(2108.20 mm, 361.95 mm): Symbol #PWR130 [GND]
[lib_symbol_issues]: The current configuration does not include the symbol library 'Device'
    ; warning
    @(2138.68 mm, 45.72 mm): Symbol C123 [C]
[lib_symbol_issues]: The current configuration does not include the symbol library 'power'
    ; warning
    @(2138.68 mm, 52.07 mm): Symbol #PWR054 [GND]
[lib_symbol_issues]: The current configuration does not include the symbol library 'power'
    ; warning
    @(1414.78 mm, 1605.28 mm): Symbol #PWR450 [GND]
[lib_symbol_issues]: The current configuration does not include the symbol library 'Device'
    ; warning
    @(2138.68 mm, 73.66 mm): Symbol C141 [C]
[lib_symbol_issues]: The current configuration does not include the symbol library 'power'
    ; warning
    @(2138.68 mm, 80.01 mm): Symbol #PWR066 [GND]
[unconnected_wire_endpoint]: Unconnected wire endpoint
    ; warning
    @(1430.02 mm, 1592.58 mm): Horizontal Wire, length 2.54 mm
[lib_symbol_issues]: The current configuration does not include the symbol library 'Transistor_FET'
    ; warning
    @(2023.11 mm, 707.39 mm): Symbol Q203 [2N7002]
[lib_symbol_issues]: The current configuration does not include the symbol library 'Device'
    ; warning
    @(1430.02 mm, 1598.93 mm): Symbol C426 [C]
[lib_symbol_issues]: The current configuration does not include the symbol library 'Device'
    ; warning
    @(1842.77 mm, 1098.55 mm): Symbol C370 [C]
[lib_symbol_issues]: The current configuration does not include the symbol library 'power'
    ; warning
    @(1842.77 mm, 1104.90 mm): Symbol #PWR296 [GND]
[lib_symbol_issues]: The current configuration does not include the symbol library 'Device'
    ; warning
    @(1483.36 mm, 1555.75 mm): Symbol R511 [R]
[lib_symbol_issues]: The current configuration does not include the symbol library 'power'
    ; warning
    @(1430.02 mm, 1605.28 mm): Symbol #PWR451 [GND]
[lib_symbol_issues]: The current configuration does not include the symbol library 'Device'
    ; warning
    @(2153.92 mm, 45.72 mm): Symbol C135 [C]
[lib_symbol_issues]: The current configuration does not include the symbol library 'power'
    ; warning
    @(2153.92 mm, 52.07 mm): Symbol #PWR055 [GND]
[lib_symbol_issues]: The current configuration does not include the symbol library 'Device'
    ; warning
    @(2153.92 mm, 73.66 mm): Symbol C142 [C]
[lib_symbol_issues]: The current configuration does not include the symbol library 'power'
    ; warning
    @(2153.92 mm, 80.01 mm): Symbol #PWR067 [GND]
[lib_symbol_issues]: The current configuration does not include the symbol library 'Connector_Generic'
    ; warning
    @(1471.93 mm, 1574.80 mm): Symbol J_IOCOFF_B [Conn_01x02]
[lib_symbol_issues]: The current configuration does not include the symbol library 'Device'
    ; warning
    @(1285.24 mm, 1733.55 mm): Symbol Y3 [Crystal_GND24]
[lib_symbol_issues]: The current configuration does not include the symbol library 'Device'
    ; warning
    @(1858.01 mm, 1098.55 mm): Symbol C371 [C]
[lib_symbol_issues]: The current configuration does not include the symbol library 'Device'
    ; warning
    @(2127.25 mm, 382.27 mm): Symbol R210 [R]
[lib_symbol_issues]: The current configuration does not include the symbol library 'power'
    ; warning
    @(1858.01 mm, 1104.90 mm): Symbol #PWR297 [GND]
[lib_symbol_issues]: The current configuration does not include the symbol library 'Device'
    ; warning
    @(2136.14 mm, 346.71 mm): Symbol C218 [C]
[lib_symbol_issues]: The current configuration does not include the symbol library 'power'
    ; warning
    @(1285.24 mm, 1741.17 mm): Symbol #PWR458 [GND]
[lib_symbol_issues]: The current configuration does not include the symbol library 'Device'
    ; warning
    @(2169.16 mm, 45.72 mm): Symbol C136 [C]
[endpoint_off_grid]: Symbol pin or wire end off connection grid
    ; warning
    @(2141.86 mm, 346.71 mm): Horizontal Wire, length 1.91 mm
[lib_symbol_issues]: The current configuration does not include the symbol library 'power'
    ; warning
    @(2169.16 mm, 52.07 mm): Symbol #PWR056 [GND]
[lib_symbol_issues]: The current configuration does not include the symbol library 'Device'
    ; warning
    @(2169.16 mm, 73.66 mm): Symbol C143 [C]
[lib_symbol_issues]: The current configuration does not include the symbol library 'power'
    ; warning
    @(2169.16 mm, 80.01 mm): Symbol #PWR068 [GND]
[lib_symbol_issues]: The current configuration does not include the symbol library 'Device'
    ; warning
    @(2129.79 mm, 422.91 mm): Symbol C233 [C]
[endpoint_off_grid]: Symbol pin or wire end off connection grid
    ; warning
    @(2143.13 mm, 349.25 mm): Horizontal Wire, length 32.39 mm
[lib_symbol_issues]: The current configuration does not include the symbol library 'Device'
    ; warning
    @(1873.25 mm, 1098.55 mm): Symbol C372 [C]
[lib_symbol_issues]: The current configuration does not include the symbol library 'Device'
    ; warning
    @(2142.49 mm, 360.68 mm): Symbol R209 [R]
[endpoint_off_grid]: Symbol pin or wire end off connection grid
    ; warning
    @(2144.40 mm, 351.79 mm): Horizontal Wire, length 1.91 mm
[lib_symbol_issues]: The current configuration does not include the symbol library 'Connector_Generic'
    ; warning
    @(1731.01 mm, 1314.45 mm): Symbol U12 [E22_900M30S]
[lib_symbol_issues]: The current configuration does not include the symbol library 'power'
    ; warning
    @(2142.49 mm, 367.03 mm): Symbol #PWR131 [GND]
[lib_symbol_issues]: The current configuration does not include the symbol library 'Device'
    ; warning
    @(2134.87 mm, 414.02 mm): Symbol L204 [L]
[lib_symbol_issues]: The current configuration does not include the symbol library 'power'
    ; warning
    @(1873.25 mm, 1104.90 mm): Symbol #PWR298 [GND]
[lib_symbol_issues]: The current configuration does not include the symbol library 'Device'
    ; warning
    @(2038.35 mm, 759.46 mm): Symbol LED21 [LED]
[endpoint_off_grid]: Symbol pin or wire end off connection grid
    ; warning
    @(2135.51 mm, 422.91 mm): Horizontal Wire, length 1.91 mm
[endpoint_off_grid]: Symbol pin or wire end off connection grid
    ; warning
    @(2136.78 mm, 420.37 mm): Horizontal Wire, length 1.91 mm
[endpoint_off_grid]: Symbol pin or wire end off connection grid
    ; warning
    @(2153.29 mm, 346.71 mm): Horizontal Wire, length 11.43 mm
[endpoint_off_grid]: Symbol pin or wire end off connection grid
    ; warning
    @(2153.29 mm, 349.25 mm): Horizontal Wire, length 10.16 mm
[endpoint_off_grid]: Symbol pin or wire end off connection grid
    ; warning
    @(2153.29 mm, 351.79 mm): Horizontal Wire, length 8.89 mm
[endpoint_off_grid]: Symbol pin or wire end off connection grid
    ; warning
    @(2154.56 mm, 346.71 mm): Symbol U204 Pin 1 [S2B_BOOT, Passive, Line]
[endpoint_off_grid]: Symbol pin or wire end off connection grid
    ; warning
    @(2154.56 mm, 346.71 mm): Horizontal Wire, length 1.27 mm
[endpoint_off_grid]: Symbol pin or wire end off connection grid
    ; warning
    @(2154.56 mm, 349.25 mm): Horizontal Wire, length 1.27 mm
[endpoint_off_grid]: Symbol pin or wire end off connection grid
    ; warning
    @(2154.56 mm, 351.79 mm): Horizontal Wire, length 1.27 mm
[lib_symbol_issues]: The current configuration does not include the symbol library 'Device'
    ; warning
    @(1888.49 mm, 1098.55 mm): Symbol C373 [C]
[lib_symbol_issues]: The current configuration does not include the symbol library 'Device'
    ; warning
    @(2184.40 mm, 45.72 mm): Symbol C137 [C]
[lib_symbol_issues]: The current configuration does not include the symbol library 'power'
    ; warning
    @(2184.40 mm, 52.07 mm): Symbol #PWR057 [GND]
[lib_symbol_issues]: The current configuration does not include the symbol library 'Device'
    ; warning
    @(1798.32 mm, 1242.06 mm): Symbol C43 [C]
[lib_symbol_issues]: The current configuration does not include the symbol library 'Device'
    ; warning
    @(2184.40 mm, 73.66 mm): Symbol C144 [C]
[lib_symbol_issues]: The current configuration does not include the symbol library 'power'
    ; warning
    @(2184.40 mm, 80.01 mm): Symbol #PWR069 [GND]
[endpoint_off_grid]: Symbol pin or wire end off connection grid
    ; warning
    @(2145.67 mm, 420.37 mm): Horizontal Wire, length 8.89 mm
[endpoint_off_grid]: Symbol pin or wire end off connection grid
    ; warning
    @(2145.67 mm, 422.91 mm): Horizontal Wire, length 10.16 mm
[endpoint_off_grid]: Symbol pin or wire end off connection grid
    ; warning
    @(2146.94 mm, 420.37 mm): Symbol U206 Pin 5 [S2D_SW, Passive, Line]
[endpoint_off_grid]: Symbol pin or wire end off connection grid
    ; warning
    @(2146.94 mm, 420.37 mm): Horizontal Wire, length 1.27 mm
[lib_symbol_issues]: The current configuration does not include the symbol library 'Device'
    ; warning
    @(1700.53 mm, 1376.68 mm): Symbol LED6 [LED]
[lib_symbol_issues]: The current configuration does not include the symbol library 'power'
    ; warning
    @(1888.49 mm, 1104.90 mm): Symbol #PWR299 [GND]
[endpoint_off_grid]: Symbol pin or wire end off connection grid
    ; warning
    @(2146.94 mm, 422.91 mm): Horizontal Wire, length 1.27 mm
[lib_symbol_issues]: The current configuration does not include the symbol library 'power'
    ; warning
    @(1798.32 mm, 1248.41 mm): Symbol #PWR361 [GND]
[lib_symbol_issues]: The current configuration does not include the symbol library 'Device'
    ; warning
    @(2145.03 mm, 448.31 mm): Symbol R215 [R]
[lib_symbol_issues]: The current configuration does not include the symbol library 'power'
    ; warning
    @(1700.53 mm, 1383.03 mm): Symbol #PWR368 [GND]
[unconnected_wire_endpoint]: Unconnected wire endpoint
    ; warning
    @(1813.56 mm, 1235.71 mm): Horizontal Wire, length 2.54 mm
[lib_symbol_issues]: The current configuration does not include the symbol library 'Device'
    ; warning
    @(1903.73 mm, 1098.55 mm): Symbol C392 [C]
[lib_symbol_issues]: The current configuration does not include the symbol library 'Device'
    ; warning
    @(1813.56 mm, 1242.06 mm): Symbol C44 [C]
[lib_symbol_issues]: The current configuration does not include the symbol library 'Device'
    ; warning
    @(2199.64 mm, 45.72 mm): Symbol C138 [C]
[lib_symbol_issues]: The current configuration does not include the symbol library 'power'
    ; warning
    @(2199.64 mm, 52.07 mm): Symbol #PWR058 [GND]
[lib_symbol_issues]: The current configuration does not include the symbol library 'Device'
    ; warning
    @(2199.64 mm, 73.66 mm): Symbol C145 [C]
[lib_symbol_issues]: The current configuration does not include the symbol library 'power'
    ; warning
    @(2199.64 mm, 80.01 mm): Symbol #PWR070 [GND]
[lib_symbol_issues]: The current configuration does not include the symbol library 'power'
    ; warning
    @(1903.73 mm, 1104.90 mm): Symbol #PWR300 [GND]
[lib_symbol_issues]: The current configuration does not include the symbol library 'power'
    ; warning
    @(1813.56 mm, 1248.41 mm): Symbol #PWR362 [GND]
[lib_symbol_issues]: The current configuration does not include the symbol library 'Device'
    ; warning
    @(1723.39 mm, 1370.33 mm): Symbol R32 [R]
[lib_symbol_issues]: The current configuration does not include the symbol library 'meshsat_ic'
    ; warning
    @(2174.24 mm, 350.52 mm): Symbol U204 [U204]
[lib_symbol_issues]: The current configuration does not include the symbol library 'Device'
    ; warning
    @(1502.41 mm, 1612.90 mm): Symbol C431 [C]
[lib_symbol_issues]: The current configuration does not include the symbol library 'power'
    ; warning
    @(2174.24 mm, 364.49 mm): Symbol #PWR133 [GND]
[lib_symbol_issues]: The current configuration does not include the symbol library 'meshsat_ic'
    ; warning
    @(2164.08 mm, 424.18 mm): Symbol U206 [U206]
[endpoint_off_grid]: Symbol pin or wire end off connection grid
    ; warning
    @(1729.11 mm, 1370.33 mm): Horizontal Wire, length 1.91 mm
[lib_symbol_issues]: The current configuration does not include the symbol library 'power'
    ; warning
    @(2164.08 mm, 435.61 mm): Symbol #PWR140 [GND]
[unconnected_wire_endpoint]: Unconnected wire endpoint
    ; warning
    @(1743.08 mm, 1372.87 mm): Horizontal Wire, length 13.97 mm
[lib_symbol_issues]: The current configuration does not include the symbol library 'power'
    ; warning
    @(1502.41 mm, 1619.25 mm): Symbol #PWR453 [GND]
[lib_symbol_issues]: The current configuration does not include the symbol library 'Device'
    ; warning
    @(1918.97 mm, 1098.55 mm): Symbol C393 [C]
[lib_symbol_issues]: The current configuration does not include the symbol library 'Device'
    ; warning
    @(2180.59 mm, 382.27 mm): Symbol C224 [C]
[lib_symbol_issues]: The current configuration does not include the symbol library 'power'
    ; warning
    @(1918.97 mm, 1104.90 mm): Symbol #PWR301 [GND]
[lib_symbol_issues]: The current configuration does not include the symbol library 'Device'
    ; warning
    @(2120.90 mm, 637.54 mm): Symbol R351 [R]
[lib_symbol_issues]: The current configuration does not include the symbol library 'Device'
    ; warning
    @(2214.88 mm, 45.72 mm): Symbol C139 [C]
[lib_symbol_issues]: The current configuration does not include the symbol library 'power'
    ; warning
    @(2214.88 mm, 52.07 mm): Symbol #PWR059 [GND]
[lib_symbol_issues]: The current configuration does not include the symbol library 'Device'
    ; warning
    @(2214.88 mm, 73.66 mm): Symbol C146 [C]
[lib_symbol_issues]: The current configuration does not include the symbol library 'power'
    ; warning
    @(2214.88 mm, 80.01 mm): Symbol #PWR071 [GND]
[endpoint_off_grid]: Symbol pin or wire end off connection grid
    ; warning
    @(1743.08 mm, 1370.33 mm): Horizontal Wire, length 13.97 mm
[endpoint_off_grid]: Symbol pin or wire end off connection grid
    ; warning
    @(1744.35 mm, 1370.33 mm): Horizontal Wire, length 1.27 mm
[endpoint_off_grid]: Symbol pin or wire end off connection grid
    ; warning
    @(1744.35 mm, 1370.33 mm): Symbol U13 Pin 2 [ZBA_LED_R, Passive, Line]
[endpoint_off_grid]: Symbol pin or wire end off connection grid
    ; warning
    @(1743.08 mm, 1372.87 mm): Horizontal Wire, length 13.97 mm
[endpoint_off_grid]: Symbol pin or wire end off connection grid
    ; warning
    @(1744.35 mm, 1372.87 mm): Horizontal Wire, length 1.27 mm
[endpoint_off_grid]: Symbol pin or wire end off connection grid
    ; warning
    @(2193.92 mm, 346.71 mm): Horizontal Wire, length 1.27 mm
[endpoint_off_grid]: Symbol pin or wire end off connection grid
    ; warning
    @(2181.22 mm, 420.37 mm): Horizontal Wire, length 1.27 mm
[endpoint_off_grid]: Symbol pin or wire end off connection grid
    ; warning
    @(1744.35 mm, 1375.41 mm): Horizontal Wire, length 2.54 mm
[endpoint_off_grid]: Symbol pin or wire end off connection grid
    ; warning
    @(2193.92 mm, 349.25 mm): Horizontal Wire, length 1.27 mm
[endpoint_off_grid]: Symbol pin or wire end off connection grid
    ; warning
    @(2181.22 mm, 422.91 mm): Horizontal Wire, length 1.27 mm
[endpoint_off_grid]: Symbol pin or wire end off connection grid
    ; warning
    @(2193.92 mm, 351.79 mm): Horizontal Wire, length 1.27 mm
[endpoint_off_grid]: Symbol pin or wire end off connection grid
    ; warning
    @(2195.19 mm, 346.71 mm): Horizontal Wire, length 8.89 mm
[endpoint_off_grid]: Symbol pin or wire end off connection grid
    ; warning
    @(2182.49 mm, 420.37 mm): Horizontal Wire, length 8.89 mm
[endpoint_off_grid]: Symbol pin or wire end off connection grid
    ; warning
    @(2195.19 mm, 349.25 mm): Horizontal Wire, length 11.43 mm
[endpoint_off_grid]: Symbol pin or wire end off connection grid
    ; warning
    @(1744.35 mm, 1377.95 mm): Horizontal Wire, length 2.54 mm
[endpoint_off_grid]: Symbol pin or wire end off connection grid
    ; warning
    @(2182.49 mm, 422.91 mm): Horizontal Wire, length 8.89 mm
[endpoint_off_grid]: Symbol pin or wire end off connection grid
    ; warning
    @(2195.19 mm, 351.79 mm): Horizontal Wire, length 8.89 mm
[unconnected_wire_endpoint]: Unconnected wire endpoint
    ; warning
    @(1934.21 mm, 1092.20 mm): Horizontal Wire, length 2.54 mm
[lib_symbol_issues]: The current configuration does not include the symbol library 'Device'
    ; warning
    @(1797.05 mm, 1310.64 mm): Symbol C46 [C]
[lib_symbol_issues]: The current configuration does not include the symbol library 'Device'
    ; warning
    @(1934.21 mm, 1098.55 mm): Symbol C394 [C]
[lib_symbol_issues]: The current configuration does not include the symbol library 'Device'
    ; warning
    @(2123.44 mm, 665.48 mm): Symbol R357 [R]
[lib_symbol_issues]: The current configuration does not include the symbol library 'power'
    ; warning
    @(1934.21 mm, 1104.90 mm): Symbol #PWR302 [GND]
[lib_symbol_issues]: The current configuration does not include the symbol library 'power'
    ; warning
    @(1797.05 mm, 1316.99 mm): Symbol #PWR363 [GND]
[lib_symbol_issues]: The current configuration does not include the symbol library 'Device'
    ; warning
    @(2134.87 mm, 643.89 mm): Symbol C381 [C]
[lib_symbol_issues]: The current configuration does not include the symbol library 'Device'
    ; warning
    @(2230.12 mm, 45.72 mm): Symbol C140 [C]
[lib_symbol_issues]: The current configuration does not include the symbol library 'power'
    ; warning
    @(2230.12 mm, 52.07 mm): Symbol #PWR060 [GND]
[endpoint_off_grid]: Symbol pin or wire end off connection grid
    ; warning
    @(2204.08 mm, 346.71 mm): Horizontal Wire, length 32.39 mm
[endpoint_off_grid]: Symbol pin or wire end off connection grid
    ; warning
    @(2191.38 mm, 420.37 mm): Horizontal Wire, length 1.91 mm
[lib_symbol_issues]: The current configuration does not include the symbol library 'Device'
    ; warning
    @(2230.12 mm, 73.66 mm): Symbol C148 [C]
[lib_symbol_issues]: The current configuration does not include the symbol library 'power'
    ; warning
    @(2230.12 mm, 80.01 mm): Symbol #PWR072 [GND]
[unconnected_wire_endpoint]: Unconnected wire endpoint
    ; warning
    @(2182.49 mm, 422.91 mm): Horizontal Wire, length 8.89 mm
[unconnected_wire_endpoint]: Unconnected wire endpoint
    ; warning
    @(2195.19 mm, 351.79 mm): Horizontal Wire, length 8.89 mm
[lib_symbol_issues]: The current configuration does not include the symbol library 'Device'
    ; warning
    @(2134.87 mm, 651.51 mm): Symbol C380 [C]
[lib_symbol_issues]: The current configuration does not include the symbol library 'Device'
    ; warning
    @(2188.21 mm, 448.31 mm): Symbol R216 [R]
[unconnected_wire_endpoint]: Unconnected wire endpoint
    ; warning
    @(2230.12 mm, 67.31 mm): Horizontal Wire, length 2.54 mm
[unconnected_wire_endpoint]: Unconnected wire endpoint
    ; warning
    @(2195.19 mm, 349.25 mm): Horizontal Wire, length 11.43 mm
[lib_symbol_issues]: The current configuration does not include the symbol library 'Device'
    ; warning
    @(2193.29 mm, 426.72 mm): Symbol C234 [C]
[unconnected_wire_endpoint]: Unconnected wire endpoint
    ; warning
    @(1812.29 mm, 1304.29 mm): Horizontal Wire, length 2.54 mm
[lib_symbol_issues]: The current configuration does not include the symbol library 'power'
    ; warning
    @(2193.29 mm, 433.07 mm): Symbol #PWR139 [GND]
[lib_symbol_issues]: The current configuration does not include the symbol library 'Device'
    ; warning
    @(1812.29 mm, 1310.64 mm): Symbol C47 [C]
[unconnected_wire_endpoint]: Unconnected wire endpoint
    ; warning
    @(2155.19 mm, 646.43 mm): Horizontal Wire, length 13.97 mm
[unconnected_wire_endpoint]: Unconnected wire endpoint
    ; warning
    @(2155.19 mm, 654.05 mm): Horizontal Wire, length 13.97 mm
[lib_symbol_issues]: The current configuration does not include the symbol library 'power'
    ; warning
    @(1812.29 mm, 1316.99 mm): Symbol #PWR364 [GND]
[unconnected_wire_endpoint]: Unconnected wire endpoint
    ; warning
    @(2155.19 mm, 666.75 mm): Horizontal Wire, length 13.97 mm
[lib_symbol_issues]: The current configuration does not include the symbol library 'Device'
    ; warning
    @(2245.36 mm, 45.72 mm): Symbol C147 [C]
[lib_symbol_issues]: The current configuration does not include the symbol library 'power'
    ; warning
    @(2245.36 mm, 52.07 mm): Symbol #PWR061 [GND]
[lib_symbol_issues]: The current configuration does not include the symbol library 'Device'
    ; warning
    @(1722.12 mm, 1443.99 mm): Symbol R34 [R]
[lib_symbol_issues]: The current configuration does not include the symbol library 'Device'
    ; warning
    @(1586.23 mm, 1595.12 mm): Symbol C430 [C]
[endpoint_off_grid]: Symbol pin or wire end off connection grid
    ; warning
    @(1786.25 mm, 1370.33 mm): Horizontal Wire, length 1.27 mm
[lib_symbol_issues]: The current configuration does not include the symbol library 'Device'
    ; warning
    @(2218.69 mm, 382.27 mm): Symbol L202 [L]
[lib_symbol_issues]: The current configuration does not include the symbol library 'Connector_Generic'
    ; warning
    @(1544.32 mm, 1638.30 mm): Symbol U51 [STM32H743VI]
[endpoint_off_grid]: Symbol pin or wire end off connection grid
    ; warning
    @(1787.52 mm, 1370.33 mm): Horizontal Wire, length 10.16 mm
[lib_symbol_issues]: The current configuration does not include the symbol library 'meshsat_ic'
    ; warning
    @(1765.30 mm, 1399.54 mm): Symbol U13 [U13]
[endpoint_off_grid]: Symbol pin or wire end off connection grid
    ; warning
    @(1786.25 mm, 1372.87 mm): Horizontal Wire, length 2.54 mm
[lib_symbol_issues]: The current configuration does not include the symbol library 'power'
    ; warning
    @(1586.23 mm, 1601.47 mm): Symbol #PWR452 [GND]
[endpoint_off_grid]: Symbol pin or wire end off connection grid
    ; warning
    @(1786.25 mm, 1375.41 mm): Horizontal Wire, length 2.54 mm
[endpoint_off_grid]: Symbol pin or wire end off connection grid
    ; warning
    @(1788.79 mm, 1372.87 mm): Horizontal Wire, length 15.24 mm
[endpoint_off_grid]: Symbol pin or wire end off connection grid
    ; warning
    @(1786.25 mm, 1377.95 mm): Horizontal Wire, length 1.27 mm
[endpoint_off_grid]: Symbol pin or wire end off connection grid
    ; warning
    @(1787.52 mm, 1377.95 mm): Horizontal Wire, length 13.97 mm
[lib_symbol_issues]: The current configuration does not include the symbol library 'Transistor_FET'
    ; warning
    @(1978.66 mm, 1087.12 mm): Symbol Q309 [2N7002]
[unconnected_wire_endpoint]: Unconnected wire endpoint
    ; warning
    @(1563.37 mm, 1616.71 mm): Horizontal Wire, length 15.24 mm
[endpoint_off_grid]: Symbol pin or wire end off connection grid
    ; warning
    @(1797.68 mm, 1370.33 mm): Horizontal Wire, length 32.39 mm
[lib_symbol_issues]: The current configuration does not include the symbol library 'Device'
    ; warning
    @(2260.60 mm, 45.72 mm): Symbol C149 [C]
[lib_symbol_issues]: The current configuration does not include the symbol library 'power'
    ; warning
    @(2260.60 mm, 52.07 mm): Symbol #PWR062 [GND]
[lib_symbol_issues]: The current configuration does not include the symbol library 'Device'
    ; warning
    @(2236.47 mm, 340.36 mm): Symbol R207 [R]
[lib_symbol_issues]: The current configuration does not include the symbol library 'Power_Management'
    ; warning
    @(1852.93 mm, 1297.94 mm): Symbol U21 [TPS22810DRV]
[lib_symbol_issues]: The current configuration does not include the symbol library 'power'
    ; warning
    @(1981.20 mm, 1094.74 mm): Symbol #PWR303 [GND]
[lib_symbol_issues]: The current configuration does not include the symbol library 'Device'
    ; warning
    @(1581.15 mm, 1620.52 mm): Symbol C429 [C]
[lib_symbol_issues]: The current configuration does not include the symbol library 'Device'
    ; warning
    @(2108.20 mm, 829.31 mm): Symbol D301 [D_Zener]
[lib_symbol_issues]: The current configuration does not include the symbol library 'Device'
    ; warning
    @(2134.87 mm, 760.73 mm): Symbol R349 [R]
[lib_symbol_issues]: The current configuration does not include the symbol library 'Device'
    ; warning
    @(2239.01 mm, 353.06 mm): Symbol R208 [R]
[endpoint_off_grid]: Symbol pin or wire end off connection grid
    ; warning
    @(1804.03 mm, 1372.87 mm): Vertical Wire, length 15.24 mm
[lib_symbol_issues]: The current configuration does not include the symbol library 'power'
    ; warning
    @(2239.01 mm, 359.41 mm): Symbol #PWR132 [GND]
[lib_symbol_issues]: The current configuration does not include the symbol library 'power'
    ; warning
    @(2108.20 mm, 835.66 mm): Symbol #PWR226 [GND]
[endpoint_off_grid]: Symbol pin or wire end off connection grid
    ; warning
    @(1801.49 mm, 1377.95 mm): Horizontal Wire, length 42.55 mm
[lib_symbol_issues]: The current configuration does not include the symbol library 'power'
    ; warning
    @(1852.93 mm, 1308.10 mm): Symbol #PWR366 [GND]
[lib_symbol_issues]: The current configuration does not include the symbol library 'power'
    ; warning
    @(1581.15 mm, 1626.87 mm): Symbol #PWR454 [GND]
[endpoint_off_grid]: Symbol pin or wire end off connection grid
    ; warning
    @(1804.03 mm, 1388.11 mm): Horizontal Wire, length 104.78 mm
[lib_symbol_issues]: The current configuration does not include the symbol library 'Device'
    ; warning
    @(2275.84 mm, 45.72 mm): Symbol C150 [C]
[lib_symbol_issues]: The current configuration does not include the symbol library 'power'
    ; warning
    @(2275.84 mm, 52.07 mm): Symbol #PWR063 [GND]
[lib_symbol_issues]: The current configuration does not include the symbol library 'power'
    ; warning
    @(1765.30 mm, 1438.91 mm): Symbol #PWR369 [GND]
[unconnected_wire_endpoint]: Unconnected wire endpoint
    ; warning
    @(2275.84 mm, 39.37 mm): Horizontal Wire, length 2.54 mm
[lib_symbol_issues]: The current configuration does not include the symbol library 'Device'
    ; warning
    @(2123.44 mm, 829.31 mm): Symbol C301 [C]
[lib_symbol_issues]: The current configuration does not include the symbol library 'power'
    ; warning
    @(2123.44 mm, 835.66 mm): Symbol #PWR227 [GND]
[lib_symbol_issues]: The current configuration does not include the symbol library 'Device'
    ; warning
    @(1830.07 mm, 1363.98 mm): Symbol R30 [R]
[lib_symbol_issues]: The current configuration does not include the symbol library 'Device'
    ; warning
    @(2242.82 mm, 426.72 mm): Symbol C230 [C]
[lib_symbol_issues]: The current configuration does not include the symbol library 'power'
    ; warning
    @(2242.82 mm, 433.07 mm): Symbol #PWR141 [GND]
[unconnected_wire_endpoint]: Unconnected wire endpoint
    ; warning
    @(2242.82 mm, 420.37 mm): Horizontal Wire, length 2.54 mm
[lib_symbol_issues]: The current configuration does not include the symbol library 'Device'
    ; warning
    @(1590.04 mm, 1640.84 mm): Symbol C427 [C]
[lib_symbol_issues]: The current configuration does not include the symbol library 'Connector_Generic'
    ; warning
    @(2174.24 mm, 703.58 mm): Symbol U32A [CM5A]
[lib_symbol_issues]: The current configuration does not include the symbol library 'Device'
    ; warning
    @(1875.79 mm, 1306.83 mm): Symbol C45 [C]
[lib_symbol_issues]: The current configuration does not include the symbol library 'Device'
    ; warning
    @(2145.03 mm, 793.75 mm): Symbol LED36 [LED]
[lib_symbol_issues]: The current configuration does not include the symbol library 'power'
    ; warning
    @(1590.04 mm, 1647.19 mm): Symbol #PWR455 [GND]
[lib_symbol_issues]: The current configuration does not include the symbol library 'power'
    ; warning
    @(1875.79 mm, 1313.18 mm): Symbol #PWR365 [GND]
[lib_symbol_issues]: The current configuration does not include the symbol library 'Device'
    ; warning
    @(2153.92 mm, 778.51 mm): Symbol C382 [C]
[lib_symbol_issues]: The current configuration does not include the symbol library 'Device'
    ; warning
    @(1778.00 mm, 1443.99 mm): Symbol LED7 [LED]
[lib_symbol_issues]: The current configuration does not include the symbol library 'Device'
    ; warning
    @(2264.41 mm, 353.06 mm): Symbol C219 [C]
[lib_symbol_issues]: The current configuration does not include the symbol library 'power'
    ; warning
    @(2264.41 mm, 359.41 mm): Symbol #PWR134 [GND]
[lib_symbol_issues]: The current configuration does not include the symbol library 'Device'
    ; warning
    @(1525.27 mm, 1713.23 mm): Symbol R75 [R]
[lib_symbol_issues]: The current configuration does not include the symbol library 'Device'
    ; warning
    @(2138.68 mm, 829.31 mm): Symbol C302 [C]
[lib_symbol_issues]: The current configuration does not include the symbol library 'Device'
    ; warning
    @(2293.62 mm, 43.18 mm): Symbol R133 [R]
[lib_symbol_issues]: The current configuration does not include the symbol library 'power'
    ; warning
    @(2138.68 mm, 835.66 mm): Symbol #PWR228 [GND]
[lib_symbol_issues]: The current configuration does not include the symbol library 'Device'
    ; warning
    @(1844.04 mm, 1371.60 mm): Symbol R28 [R]
[unconnected_wire_endpoint]: Unconnected wire endpoint
    ; warning
    @(2193.29 mm, 646.43 mm): Horizontal Wire, length 13.97 mm
[lib_symbol_issues]: The current configuration does not include the symbol library 'Device'
    ; warning
    @(2297.43 mm, 121.92 mm): Symbol R135 [R]
[lib_symbol_issues]: The current configuration does not include the symbol library 'Device'
    ; warning
    @(1612.90 mm, 1640.84 mm): Symbol C428 [C]
[lib_symbol_issues]: The current configuration does not include the symbol library 'power'
    ; warning
    @(2297.43 mm, 128.27 mm): Symbol #PWR073 [GND]
[unconnected_wire_endpoint]: Unconnected wire endpoint
    ; warning
    @(2193.29 mm, 654.05 mm): Horizontal Wire, length 13.97 mm
[lib_symbol_issues]: The current configuration does not include the symbol library 'Transistor_FET'
    ; warning
    @(2029.46 mm, 1087.12 mm): Symbol Q310 [2N7002]
[unconnected_wire_endpoint]: Unconnected wire endpoint
    ; warning
    @(2317.75 mm, 125.73 mm): Horizontal Wire, length 16.51 mm
[unconnected_wire_endpoint]: Unconnected wire endpoint
    ; warning
    @(2317.75 mm, 128.27 mm): Horizontal Wire, length 16.51 mm
[lib_symbol_issues]: The current configuration does not include the symbol library 'Device'
    ; warning
    @(2213.61 mm, 643.89 mm): Symbol C377 [C]
[lib_symbol_issues]: The current configuration does not include the symbol library 'power'
    ; warning
    @(1612.90 mm, 1647.19 mm): Symbol #PWR456 [GND]
[lib_symbol_issues]: The current configuration does not include the symbol library 'Device'
    ; warning
    @(2279.65 mm, 353.06 mm): Symbol C220 [C]
[lib_symbol_issues]: The current configuration does not include the symbol library 'Device'
    ; warning
    @(2213.61 mm, 651.51 mm): Symbol C376 [C]
[lib_symbol_issues]: The current configuration does not include the symbol library 'power'
    ; warning
    @(2279.65 mm, 359.41 mm): Symbol #PWR135 [GND]
[lib_symbol_issues]: The current configuration does not include the symbol library 'Device'
    ; warning
    @(2153.92 mm, 829.31 mm): Symbol C303 [C]
[lib_symbol_issues]: The current configuration does not include the symbol library 'power'
    ; warning
    @(2032.00 mm, 1094.74 mm): Symbol #PWR304 [GND]
[unconnected_wire_endpoint]: Unconnected wire endpoint
    ; warning
    @(2279.65 mm, 346.71 mm): Horizontal Wire, length 2.54 mm
[lib_symbol_issues]: The current configuration does not include the symbol library 'power'
    ; warning
    @(2153.92 mm, 835.66 mm): Symbol #PWR229 [GND]
[lib_symbol_issues]: The current configuration does not include the symbol library 'meshsat_ic'
    ; warning
    @(1728.47 mm, 1535.43 mm): Symbol U52 [U52]
[lib_symbol_issues]: The current configuration does not include the symbol library 'Connector'
    ; warning
    @(1915.16 mm, 1295.40 mm): Symbol J_LORA1 [Conn_Coaxial]
[lib_symbol_issues]: The current configuration does not include the symbol library 'Device'
    ; warning
    @(1687.83 mm, 1586.23 mm): Symbol R90 [R]
[lib_symbol_issues]: The current configuration does not include the symbol library 'power'
    ; warning
    @(1915.16 mm, 1303.02 mm): Symbol #PWR367 [GND]
[lib_symbol_issues]: The current configuration does not include the symbol library 'Device'
    ; warning
    @(1863.09 mm, 1376.68 mm): Symbol C53 [C]
[lib_symbol_issues]: The current configuration does not include the symbol library 'power'
    ; warning
    @(1728.47 mm, 1545.59 mm): Symbol #PWR459 [GND]
[lib_symbol_issues]: The current configuration does not include the symbol library 'power'
    ; warning
    @(1863.09 mm, 1383.03 mm): Symbol #PWR370 [GND]
[lib_symbol_issues]: The current configuration does not include the symbol library 'Device'
    ; warning
    @(2112.01 mm, 963.93 mm): Symbol R346 [R]
[endpoint_off_grid]: Symbol pin or wire end off connection grid
    ; warning
    @(1689.74 mm, 1592.58 mm): Horizontal Wire, length 1.91 mm
[lib_symbol_issues]: The current configuration does not include the symbol library 'Device'
    ; warning
    @(2169.16 mm, 829.31 mm): Symbol C304 [C]
[lib_symbol_issues]: The current configuration does not include the symbol library 'Device'
    ; warning
    @(2319.02 mm, 148.59 mm): Symbol R181 [R]
[lib_symbol_issues]: The current configuration does not include the symbol library 'power'
    ; warning
    @(2169.16 mm, 835.66 mm): Symbol #PWR230 [GND]
[lib_symbol_issues]: The current configuration does not include the symbol library 'Device'
    ; warning
    @(2228.85 mm, 670.56 mm): Symbol R354 [R]
[lib_symbol_issues]: The current configuration does not include the symbol library 'Device'
    ; warning
    @(1591.31 mm, 1699.26 mm): Symbol R76 [R]
[lib_symbol_issues]: The current configuration does not include the symbol library 'Device'
    ; warning
    @(2223.77 mm, 690.88 mm): Symbol R356 [R]
[lib_symbol_issues]: The current configuration does not include the symbol library 'Device'
    ; warning
    @(1878.33 mm, 1376.68 mm): Symbol C54 [C]
[lib_symbol_issues]: The current configuration does not include the symbol library 'Device'
    ; warning
    @(1579.88 mm, 1713.23 mm): Symbol LED41 [LED]
[lib_symbol_issues]: The current configuration does not include the symbol library 'Device'
    ; warning
    @(2120.90 mm, 969.01 mm): Symbol R345 [R]
[lib_symbol_issues]: The current configuration does not include the symbol library 'power'
    ; warning
    @(1878.33 mm, 1383.03 mm): Symbol #PWR371 [GND]
[lib_symbol_issues]: The current configuration does not include the symbol library 'power'
    ; warning
    @(1591.31 mm, 1705.61 mm): Symbol #PWR457 [GND]
[endpoint_off_grid]: Symbol pin or wire end off connection grid
    ; warning
    @(1706.25 mm, 1592.58 mm): Horizontal Wire, length 16.51 mm
[lib_symbol_issues]: The current configuration does not include the symbol library 'Device'
    ; warning
    @(2195.83 mm, 793.75 mm): Symbol R348 [R]
[endpoint_off_grid]: Symbol pin or wire end off connection grid
    ; warning
    @(1707.52 mm, 1592.58 mm): Symbol U60 Pin 3 [IOCC_LDO_EN, Passive, Line]
[endpoint_off_grid]: Symbol pin or wire end off connection grid
    ; warning
    @(1707.52 mm, 1592.58 mm): Horizontal Wire, length 1.27 mm
[lib_symbol_issues]: The current configuration does not include the symbol library 'Device'
    ; warning
    @(2184.40 mm, 829.31 mm): Symbol C305 [C]
[lib_symbol_issues]: The current configuration does not include the symbol library 'Device'
    ; warning
    @(2108.20 mm, 1009.65 mm): Symbol C365 [C]
[lib_symbol_issues]: The current configuration does not include the symbol library 'Device'
    ; warning
    @(2204.72 mm, 778.51 mm): Symbol C378 [C]
[lib_symbol_issues]: The current configuration does not include the symbol library 'power'
    ; warning
    @(2184.40 mm, 835.66 mm): Symbol #PWR231 [GND]
[unconnected_wire_endpoint]: Unconnected wire endpoint
    ; warning
    @(1893.57 mm, 1370.33 mm): Horizontal Wire, length 2.54 mm
[lib_symbol_issues]: The current configuration does not include the symbol library 'power'
    ; warning
    @(2108.20 mm, 1016.00 mm): Symbol #PWR306 [GND]
[lib_symbol_issues]: The current configuration does not include the symbol library 'Device'
    ; warning
    @(1893.57 mm, 1376.68 mm): Symbol C55 [C]
[lib_symbol_issues]: The current configuration does not include the symbol library 'Device'
    ; warning
    @(2319.02 mm, 339.09 mm): Symbol L203 [L]
[lib_symbol_issues]: The current configuration does not include the symbol library 'power'
    ; warning
    @(1893.57 mm, 1383.03 mm): Symbol #PWR372 [GND]
[unconnected_wire_endpoint]: Unconnected wire endpoint
    ; warning
    @(2141.22 mm, 995.68 mm): Horizontal Wire, length 17.78 mm
[lib_symbol_issues]: The current configuration does not include the symbol library 'Connector'
    ; warning
    @(2344.42 mm, 90.17 mm): Symbol J_M2N1 [Bus_M.2_Socket_M]
[lib_symbol_issues]: The current configuration does not include the symbol library 'Device'
    ; warning
    @(2242.82 mm, 695.96 mm): Symbol R355 [R]
[lib_symbol_issues]: The current configuration does not include the symbol library 'meshsat_ic'
    ; warning
    @(1724.66 mm, 1593.85 mm): Symbol U60 [U60]
[lib_symbol_issues]: The current configuration does not include the symbol library 'power'
    ; warning
    @(2344.42 mm, 140.97 mm): Symbol #PWR074 [GND]
[lib_symbol_issues]: The current configuration does not include the symbol library 'Device'
    ; warning
    @(2324.10 mm, 347.98 mm): Symbol C228 [C]
[lib_symbol_issues]: The current configuration does not include the symbol library 'Device'
    ; warning
    @(2199.64 mm, 829.31 mm): Symbol C306 [C]
[lib_symbol_issues]: The current configuration does not include the symbol library 'power'
    ; warning
    @(2199.64 mm, 835.66 mm): Symbol #PWR232 [GND]
[lib_symbol_issues]: The current configuration does not include the symbol library 'power'
    ; warning
    @(1724.66 mm, 1602.74 mm): Symbol #PWR462 [GND]
[endpoint_off_grid]: Symbol pin or wire end off connection grid
    ; warning
    @(2329.82 mm, 347.98 mm): Horizontal Wire, length 1.91 mm
[endpoint_off_grid]: Symbol pin or wire end off connection grid
    ; warning
    @(2331.09 mm, 345.44 mm): Horizontal Wire, length 12.07 mm
[lib_symbol_issues]: The current configuration does not include the symbol library 'Connector_Generic'
    ; warning
    @(1931.67 mm, 1357.63 mm): Symbol J_ZBDBG1 [Conn_01x05]
[endpoint_off_grid]: Symbol pin or wire end off connection grid
    ; warning
    @(1798.96 mm, 1532.89 mm): Horizontal Wire, length 2.54 mm
[endpoint_off_grid]: Symbol pin or wire end off connection grid
    ; warning
    @(1798.96 mm, 1532.89 mm): Symbol U53 Pin 1 [IOCB_CAN1_TX, Passive, Line]
[lib_symbol_issues]: The current configuration does not include the symbol library 'Device'
    ; warning
    @(2214.88 mm, 829.31 mm): Symbol C307 [C]
[lib_symbol_issues]: The current configuration does not include the symbol library 'Device'
    ; warning
    @(2125.98 mm, 1036.32 mm): Symbol R347 [R]
[endpoint_off_grid]: Symbol pin or wire end off connection grid
    ; warning
    @(1798.96 mm, 1535.43 mm): Horizontal Wire, length 2.54 mm
[endpoint_off_grid]: Symbol pin or wire end off connection grid
    ; warning
    @(2339.98 mm, 345.44 mm): Horizontal Wire, length 8.89 mm
[endpoint_off_grid]: Symbol pin or wire end off connection grid
    ; warning
    @(2339.98 mm, 347.98 mm): Horizontal Wire, length 10.16 mm
[endpoint_off_grid]: Symbol pin or wire end off connection grid
    ; warning
    @(2341.25 mm, 342.90 mm): Symbol U205 Pin 2 [EN33_S2, Passive, Line]
[endpoint_off_grid]: Symbol pin or wire end off connection grid
    ; warning
    @(2341.25 mm, 342.90 mm): Horizontal Wire, length 2.54 mm
[endpoint_off_grid]: Symbol pin or wire end off connection grid
    ; warning
    @(2341.25 mm, 345.44 mm): Horizontal Wire, length 1.27 mm
[endpoint_off_grid]: Symbol pin or wire end off connection grid
    ; warning
    @(2341.25 mm, 347.98 mm): Horizontal Wire, length 1.27 mm
[lib_symbol_issues]: The current configuration does not include the symbol library 'Connector_Generic'
    ; warning
    @(2160.27 mm, 967.74 mm): Symbol U302 [TUSB8041]
[lib_symbol_issues]: The current configuration does not include the symbol library 'power'
    ; warning
    @(2214.88 mm, 835.66 mm): Symbol #PWR233 [GND]
[lib_symbol_issues]: The current configuration does not include the symbol library 'Device'
    ; warning
    @(2338.07 mm, 370.84 mm): Symbol R213 [R]
[lib_symbol_issues]: The current configuration does not include the symbol library 'Device'
    ; warning
    @(2136.14 mm, 1021.08 mm): Symbol R341 [R]
[lib_symbol_issues]: The current configuration does not include the symbol library 'Device'
    ; warning
    @(1634.49 mm, 1713.23 mm): Symbol R77 [R]
[lib_symbol_issues]: The current configuration does not include the symbol library 'Device'
    ; warning
    @(2108.20 mm, 1082.04 mm): Symbol R360 [R]
[lib_symbol_issues]: The current configuration does not include the symbol library 'Device'
    ; warning
    @(2366.01 mm, 148.59 mm): Symbol R182 [R]
[lib_symbol_issues]: The current configuration does not include the symbol library 'power'
    ; warning
    @(2108.20 mm, 1088.39 mm): Symbol #PWR318 [GND]
[lib_symbol_issues]: The current configuration does not include the symbol library 'Device'
    ; warning
    @(2230.12 mm, 829.31 mm): Symbol C308 [C]
[unconnected_wire_endpoint]: Unconnected wire endpoint
    ; warning
    @(2230.12 mm, 822.96 mm): Horizontal Wire, length 2.54 mm
[lib_symbol_issues]: The current configuration does not include the symbol library 'power'
    ; warning
    @(2230.12 mm, 835.66 mm): Symbol #PWR234 [GND]
[lib_symbol_issues]: The current configuration does not include the symbol library 'meshsat_ic'
    ; warning
    @(1819.91 mm, 1536.70 mm): Symbol U53 [U53]
[lib_symbol_issues]: The current configuration does not include the symbol library 'meshsat_ic'
    ; warning
    @(2358.39 mm, 346.71 mm): Symbol U205 [U205]
[lib_symbol_issues]: The current configuration does not include the symbol library 'power'
    ; warning
    @(2358.39 mm, 358.14 mm): Symbol #PWR137 [GND]
[lib_symbol_issues]: The current configuration does not include the symbol library 'Device'
    ; warning
    @(2255.52 mm, 778.51 mm): Symbol C379 [C]
[lib_symbol_issues]: The current configuration does not include the symbol library 'Device'
    ; warning
    @(1772.92 mm, 1598.93 mm): Symbol C441 [C]
[unconnected_wire_endpoint]: Unconnected wire endpoint
    ; warning
    @(2371.09 mm, 100.33 mm): Horizontal Wire, length 15.24 mm
[lib_symbol_issues]: The current configuration does not include the symbol library 'power'
    ; warning
    @(1819.91 mm, 1550.67 mm): Symbol #PWR460 [GND]
[lib_symbol_issues]: The current configuration does not include the symbol library 'power'
    ; warning
    @(1772.92 mm, 1605.28 mm): Symbol #PWR463 [GND]
[lib_symbol_issues]: The current configuration does not include the symbol library 'Device'
    ; warning
    @(1819.91 mm, 1555.75 mm): Symbol R505 [R]
[endpoint_off_grid]: Symbol pin or wire end off connection grid
    ; warning
    @(1840.86 mm, 1532.89 mm): Horizontal Wire, length 1.27 mm
[endpoint_off_grid]: Symbol pin or wire end off connection grid
    ; warning
    @(1842.13 mm, 1532.89 mm): Horizontal Wire, length 8.89 mm
[endpoint_off_grid]: Symbol pin or wire end off connection grid
    ; warning
    @(1840.86 mm, 1535.43 mm): Horizontal Wire, length 1.27 mm
[endpoint_off_grid]: Symbol pin or wire end off connection grid
    ; warning
    @(1842.13 mm, 1535.43 mm): Horizontal Wire, length 8.89 mm
[lib_symbol_issues]: The current configuration does not include the symbol library 'Device'
    ; warning
    @(2250.44 mm, 829.31 mm): Symbol C309 [C]
[lib_symbol_issues]: The current configuration does not include the symbol library 'Connector_Generic'
    ; warning
    @(2147.57 mm, 1068.07 mm): Symbol U309 [TMUXHS4212]
[lib_symbol_issues]: The current configuration does not include the symbol library 'Device'
    ; warning
    @(1788.16 mm, 1598.93 mm): Symbol C442 [C]
[endpoint_off_grid]: Symbol pin or wire end off connection grid
    ; warning
    @(2375.53 mm, 342.90 mm): Horizontal Wire, length 1.27 mm
[endpoint_off_grid]: Symbol pin or wire end off connection grid
    ; warning
    @(2375.53 mm, 345.44 mm): Horizontal Wire, length 1.27 mm
[lib_symbol_issues]: The current configuration does not include the symbol library 'power'
    ; warning
    @(2250.44 mm, 835.66 mm): Symbol #PWR235 [GND]
[endpoint_off_grid]: Symbol pin or wire end off connection grid
    ; warning
    @(2376.80 mm, 342.90 mm): Horizontal Wire, length 8.89 mm
[endpoint_off_grid]: Symbol pin or wire end off connection grid
    ; warning
    @(2376.80 mm, 345.44 mm): Horizontal Wire, length 8.89 mm
[lib_symbol_issues]: The current configuration does not include the symbol library 'power'
    ; warning
    @(1788.16 mm, 1605.28 mm): Symbol #PWR464 [GND]
[unconnected_wire_endpoint]: Unconnected wire endpoint
    ; warning
    @(1842.13 mm, 1532.89 mm): Horizontal Wire, length 8.89 mm
[lib_symbol_issues]: The current configuration does not include the symbol library 'Device'
    ; warning
    @(2195.83 mm, 979.17 mm): Symbol R343 [R]
[unconnected_wire_endpoint]: Unconnected wire endpoint
    ; warning
    @(1842.13 mm, 1535.43 mm): Horizontal Wire, length 8.89 mm
[unconnected_wire_endpoint]: Unconnected wire endpoint
    ; warning
    @(2179.32 mm, 988.06 mm): Horizontal Wire, length 15.24 mm
[lib_symbol_issues]: The current configuration does not include the symbol library 'Device'
    ; warning
    @(2381.25 mm, 370.84 mm): Symbol R214 [R]
[lib_symbol_issues]: The current configuration does not include the symbol library 'Device'
    ; warning
    @(1803.40 mm, 1598.93 mm): Symbol C443 [C]
[endpoint_off_grid]: Symbol pin or wire end off connection grid
    ; warning
    @(2385.69 mm, 342.90 mm): Horizontal Wire, length 1.91 mm
[unconnected_wire_endpoint]: Unconnected wire endpoint
    ; warning
    @(2376.80 mm, 345.44 mm): Horizontal Wire, length 8.89 mm
[unconnected_wire_endpoint]: Unconnected wire endpoint
    ; warning
    @(2179.32 mm, 995.68 mm): Horizontal Wire, length 17.78 mm
[lib_symbol_issues]: The current configuration does not include the symbol library 'Device'
    ; warning
    @(2265.68 mm, 829.31 mm): Symbol C310 [C]
[unconnected_wire_endpoint]: Unconnected wire endpoint
    ; warning
    @(2265.68 mm, 822.96 mm): Horizontal Wire, length 2.54 mm
[lib_symbol_issues]: The current configuration does not include the symbol library 'Device'
    ; warning
    @(2387.60 mm, 349.25 mm): Symbol C229 [C]
[lib_symbol_issues]: The current configuration does not include the symbol library 'power'
    ; warning
    @(2387.60 mm, 355.60 mm): Symbol #PWR136 [GND]
[lib_symbol_issues]: The current configuration does not include the symbol library 'power'
    ; warning
    @(1803.40 mm, 1605.28 mm): Symbol #PWR465 [GND]
[lib_symbol_issues]: The current configuration does not include the symbol library 'Device'
    ; warning
    @(2188.21 mm, 1021.08 mm): Symbol C363 [C]
[lib_symbol_issues]: The current configuration does not include the symbol library 'power'
    ; warning
    @(2265.68 mm, 835.66 mm): Symbol #PWR236 [GND]
[lib_symbol_issues]: The current configuration does not include the symbol library 'Device'
    ; warning
    @(2410.46 mm, 148.59 mm): Symbol LED14 [LED]
[lib_symbol_issues]: The current configuration does not include the symbol library 'Device'
    ; warning
    @(2208.53 mm, 991.87 mm): Symbol R344 [R]
[lib_symbol_issues]: The current configuration does not include the symbol library 'Device'
    ; warning
    @(1818.64 mm, 1598.93 mm): Symbol C444 [C]
[lib_symbol_issues]: The current configuration does not include the symbol library 'power'
    ; warning
    @(2208.53 mm, 998.22 mm): Symbol #PWR305 [GND]
[lib_symbol_issues]: The current configuration does not include the symbol library 'Device'
    ; warning
    @(2202.18 mm, 1014.73 mm): Symbol C364 [C]
[lib_symbol_issues]: The current configuration does not include the symbol library 'power'
    ; warning
    @(1818.64 mm, 1605.28 mm): Symbol #PWR466 [GND]
[lib_symbol_issues]: The current configuration does not include the symbol library 'power'
    ; warning
    @(2202.18 mm, 1021.08 mm): Symbol #PWR307 [GND]
[lib_symbol_issues]: The current configuration does not include the symbol library 'Device'
    ; warning
    @(1864.36 mm, 1555.75 mm): Symbol C506 [C]
[lib_symbol_issues]: The current configuration does not include the symbol library 'Device'
    ; warning
    @(1704.34 mm, 1733.55 mm): Symbol Y4 [Crystal_GND24]
[lib_symbol_issues]: The current configuration does not include the symbol library 'Device'
    ; warning
    @(1833.88 mm, 1598.93 mm): Symbol C445 [C]
[lib_symbol_issues]: The current configuration does not include the symbol library 'Device'
    ; warning
    @(2306.32 mm, 778.51 mm): Symbol C375 [C]
[lib_symbol_issues]: The current configuration does not include the symbol library 'Device'
    ; warning
    @(2188.21 mm, 1069.34 mm): Symbol R361 [R]
[lib_symbol_issues]: The current configuration does not include the symbol library 'power'
    ; warning
    @(1704.34 mm, 1741.17 mm): Symbol #PWR475 [GND]
[lib_symbol_issues]: The current configuration does not include the symbol library 'power'
    ; warning
    @(1833.88 mm, 1605.28 mm): Symbol #PWR467 [GND]
[lib_symbol_issues]: The current configuration does not include the symbol library 'power'
    ; warning
    @(2188.21 mm, 1075.69 mm): Symbol #PWR317 [GND]
[lib_symbol_issues]: The current configuration does not include the symbol library 'Device'
    ; warning
    @(2106.93 mm, 1230.63 mm): Symbol R26 [R]
[unconnected_wire_endpoint]: Unconnected wire endpoint
    ; warning
    @(1849.12 mm, 1592.58 mm): Horizontal Wire, length 2.54 mm
[lib_symbol_issues]: The current configuration does not include the symbol library 'Device'
    ; warning
    @(1849.12 mm, 1598.93 mm): Symbol C446 [C]
[lib_symbol_issues]: The current configuration does not include the symbol library 'power'
    ; warning
    @(1849.12 mm, 1605.28 mm): Symbol #PWR468 [GND]
[lib_symbol_issues]: The current configuration does not include the symbol library 'Device'
    ; warning
    @(2235.20 mm, 1021.08 mm): Symbol C359 [C]
[lib_symbol_issues]: The current configuration does not include the symbol library 'Device'
    ; warning
    @(1903.73 mm, 1555.75 mm): Symbol R504 [R]
[lib_symbol_issues]: The current configuration does not include the symbol library 'Connector_Generic'
    ; warning
    @(1891.03 mm, 1574.80 mm): Symbol J_IOCOFF_C [Conn_01x02]
[lib_symbol_issues]: The current configuration does not include the symbol library 'Device'
    ; warning
    @(2438.40 mm, 349.25 mm): Symbol C225 [C]
[lib_symbol_issues]: The current configuration does not include the symbol library 'power'
    ; warning
    @(2438.40 mm, 355.60 mm): Symbol #PWR138 [GND]
[unconnected_wire_endpoint]: Unconnected wire endpoint
    ; warning
    @(2438.40 mm, 342.90 mm): Horizontal Wire, length 2.54 mm
[lib_symbol_issues]: The current configuration does not include the symbol library 'Device'
    ; warning
    @(2462.53 mm, 148.59 mm): Symbol R136 [R]
[lib_symbol_issues]: The current configuration does not include the symbol library 'Device'
    ; warning
    @(2263.14 mm, 1014.73 mm): Symbol R342 [R]
[endpoint_off_grid]: Symbol pin or wire end off connection grid
    ; warning
    @(1951.36 mm, 1532.89 mm): Horizontal Wire, length 2.54 mm
[endpoint_off_grid]: Symbol pin or wire end off connection grid
    ; warning
    @(1951.36 mm, 1532.89 mm): Symbol U54 Pin 1 [IOCB_CAN2_TX, Passive, Line]
[lib_symbol_issues]: The current configuration does not include the symbol library 'power'
    ; warning
    @(2263.14 mm, 1021.08 mm): Symbol #PWR308 [GND]
[endpoint_off_grid]: Symbol pin or wire end off connection grid
    ; warning
    @(1951.36 mm, 1535.43 mm): Horizontal Wire, length 2.54 mm
[lib_symbol_issues]: The current configuration does not include the symbol library 'Connector_Generic'
    ; warning
    @(2148.84 mm, 1244.60 mm): Symbol U16 [CP2102N]
[lib_symbol_issues]: The current configuration does not include the symbol library 'Device'
    ; warning
    @(2302.51 mm, 935.99 mm): Symbol C331 [C]
[lib_symbol_issues]: The current configuration does not include the symbol library 'power'
    ; warning
    @(2302.51 mm, 942.34 mm): Symbol #PWR309 [GND]
[lib_symbol_issues]: The current configuration does not include the symbol library 'Device'
    ; warning
    @(2106.93 mm, 1342.39 mm): Symbol R27 [R]
[lib_symbol_issues]: The current configuration does not include the symbol library 'Device'
    ; warning
    @(2317.75 mm, 935.99 mm): Symbol C332 [C]
[lib_symbol_issues]: The current configuration does not include the symbol library 'meshsat_ic'
    ; warning
    @(1972.31 mm, 1536.70 mm): Symbol U54 [U54]
[lib_symbol_issues]: The current configuration does not include the symbol library 'Connector_Generic'
    ; warning
    @(2265.68 mm, 1060.45 mm): Symbol U310 [TS3USB221A]
[lib_symbol_issues]: The current configuration does not include the symbol library 'power'
    ; warning
    @(2317.75 mm, 942.34 mm): Symbol #PWR310 [GND]
[lib_symbol_issues]: The current configuration does not include the symbol library 'Device'
    ; warning
    @(2291.08 mm, 1021.08 mm): Symbol C360 [C]
[lib_symbol_issues]: The current configuration does not include the symbol library 'Device'
    ; warning
    @(1921.51 mm, 1612.90 mm): Symbol C451 [C]
[lib_symbol_issues]: The current configuration does not include the symbol library 'power'
    ; warning
    @(1972.31 mm, 1550.67 mm): Symbol #PWR461 [GND]
[lib_symbol_issues]: The current configuration does not include the symbol library 'Device'
    ; warning
    @(1972.31 mm, 1555.75 mm): Symbol R507 [R]
[lib_symbol_issues]: The current configuration does not include the symbol library 'power'
    ; warning
    @(1921.51 mm, 1619.25 mm): Symbol #PWR470 [GND]
[lib_symbol_issues]: The current configuration does not include the symbol library 'Device'
    ; warning
    @(2332.99 mm, 935.99 mm): Symbol C366 [C]
[endpoint_off_grid]: Symbol pin or wire end off connection grid
    ; warning
    @(1993.26 mm, 1532.89 mm): Horizontal Wire, length 1.27 mm
[endpoint_off_grid]: Symbol pin or wire end off connection grid
    ; warning
    @(1994.53 mm, 1532.89 mm): Horizontal Wire, length 8.89 mm
[endpoint_off_grid]: Symbol pin or wire end off connection grid
    ; warning
    @(1993.26 mm, 1535.43 mm): Horizontal Wire, length 1.27 mm
[lib_symbol_issues]: The current configuration does not include the symbol library 'power'
    ; warning
    @(2332.99 mm, 942.34 mm): Symbol #PWR311 [GND]
[endpoint_off_grid]: Symbol pin or wire end off connection grid
    ; warning
    @(1994.53 mm, 1535.43 mm): Horizontal Wire, length 8.89 mm
[unconnected_wire_endpoint]: Unconnected wire endpoint
    ; warning
    @(1994.53 mm, 1532.89 mm): Horizontal Wire, length 8.89 mm
[unconnected_wire_endpoint]: Unconnected wire endpoint
    ; warning
    @(1994.53 mm, 1535.43 mm): Horizontal Wire, length 8.89 mm
[lib_symbol_issues]: The current configuration does not include the symbol library 'Device'
    ; warning
    @(2348.23 mm, 935.99 mm): Symbol C367 [C]
[lib_symbol_issues]: The current configuration does not include the symbol library 'power'
    ; warning
    @(2348.23 mm, 942.34 mm): Symbol #PWR312 [GND]
[lib_symbol_issues]: The current configuration does not include the symbol library 'Connector_Generic'
    ; warning
    @(2148.84 mm, 1356.36 mm): Symbol U17 [CP2102N]
[lib_symbol_issues]: The current configuration does not include the symbol library 'Device'
    ; warning
    @(2363.47 mm, 935.99 mm): Symbol C368 [C]
[lib_symbol_issues]: The current configuration does not include the symbol library 'power'
    ; warning
    @(2363.47 mm, 942.34 mm): Symbol #PWR313 [GND]
[lib_symbol_issues]: The current configuration does not include the symbol library 'Device'
    ; warning
    @(2226.31 mm, 1235.71 mm): Symbol C48 [C]
[lib_symbol_issues]: The current configuration does not include the symbol library 'Connector'
    ; warning
    @(2115.82 mm, 1417.32 mm): Symbol J_LIME [USB3_A]
[lib_symbol_issues]: The current configuration does not include the symbol library 'Device'
    ; warning
    @(2016.76 mm, 1555.75 mm): Symbol C507 [C]
[lib_symbol_issues]: The current configuration does not include the symbol library 'power'
    ; warning
    @(2226.31 mm, 1242.06 mm): Symbol #PWR373 [GND]
[lib_symbol_issues]: The current configuration does not include the symbol library 'Device'
    ; warning
    @(2378.71 mm, 935.99 mm): Symbol C369 [C]
[lib_symbol_issues]: The current configuration does not include the symbol library 'Connector_Generic'
    ; warning
    @(1963.42 mm, 1638.30 mm): Symbol U61 [STM32H743VI]
[lib_symbol_issues]: The current configuration does not include the symbol library 'power'
    ; warning
    @(2113.28 mm, 1440.18 mm): Symbol #PWR381 [GND]
[lib_symbol_issues]: The current configuration does not include the symbol library 'power'
    ; warning
    @(2378.71 mm, 942.34 mm): Symbol #PWR314 [GND]
[unconnected_wire_endpoint]: Unconnected wire endpoint
    ; warning
    @(2241.55 mm, 1229.36 mm): Horizontal Wire, length 2.54 mm
[lib_symbol_issues]: The current configuration does not include the symbol library 'Device'
    ; warning
    @(2241.55 mm, 1235.71 mm): Symbol C49 [C]
[lib_symbol_issues]: The current configuration does not include the symbol library 'Device'
    ; warning
    @(2005.33 mm, 1595.12 mm): Symbol C450 [C]
[lib_symbol_issues]: The current configuration does not include the symbol library 'power'
    ; warning
    @(2241.55 mm, 1242.06 mm): Symbol #PWR374 [GND]
[lib_symbol_issues]: The current configuration does not include the symbol library 'power'
    ; warning
    @(2005.33 mm, 1601.47 mm): Symbol #PWR469 [GND]
[unconnected_wire_endpoint]: Unconnected wire endpoint
    ; warning
    @(1982.47 mm, 1616.71 mm): Horizontal Wire, length 15.24 mm
[lib_symbol_issues]: The current configuration does not include the symbol library 'Device'
    ; warning
    @(2393.95 mm, 935.99 mm): Symbol C374 [C]
[unconnected_wire_endpoint]: Unconnected wire endpoint
    ; warning
    @(2393.95 mm, 929.64 mm): Horizontal Wire, length 2.54 mm
[lib_symbol_issues]: The current configuration does not include the symbol library 'power'
    ; warning
    @(2393.95 mm, 942.34 mm): Symbol #PWR315 [GND]
[lib_symbol_issues]: The current configuration does not include the symbol library 'Device'
    ; warning
    @(2000.25 mm, 1620.52 mm): Symbol C449 [C]
[lib_symbol_issues]: The current configuration does not include the symbol library 'power'
    ; warning
    @(2000.25 mm, 1626.87 mm): Symbol #PWR471 [GND]
[lib_symbol_issues]: The current configuration does not include the symbol library 'Device'
    ; warning
    @(2056.13 mm, 1555.75 mm): Symbol R506 [R]
[lib_symbol_issues]: The current configuration does not include the symbol library 'Device'
    ; warning
    @(2272.03 mm, 1243.33 mm): Symbol LED8 [LED]
[lib_symbol_issues]: The current configuration does not include the symbol library 'Device'
    ; warning
    @(2358.39 mm, 1070.61 mm): Symbol R350 [R]
[lib_symbol_issues]: The current configuration does not include the symbol library 'Device'
    ; warning
    @(1944.37 mm, 1713.23 mm): Symbol R87 [R]
[lib_symbol_issues]: The current configuration does not include the symbol library 'power'
    ; warning
    @(2272.03 mm, 1249.68 mm): Symbol #PWR375 [GND]
[unconnected_wire_endpoint]: Unconnected wire endpoint
    ; warning
    @(2175.51 mm, 1408.43 mm): Horizontal Wire, length 2.54 mm
[lib_symbol_issues]: The current configuration does not include the symbol library 'Device'
    ; warning
    @(2009.14 mm, 1640.84 mm): Symbol C447 [C]
[lib_symbol_issues]: The current configuration does not include the symbol library 'Device'
    ; warning
    @(2175.51 mm, 1414.78 mm): Symbol C58 [C]
[lib_symbol_issues]: The current configuration does not include the symbol library 'Transistor_BJT'
    ; warning
    @(2355.85 mm, 1088.39 mm): Symbol Q301 [BC857]
[lib_symbol_issues]: The current configuration does not include the symbol library 'power'
    ; warning
    @(2009.14 mm, 1647.19 mm): Symbol #PWR472 [GND]
[lib_symbol_issues]: The current configuration does not include the symbol library 'Device'
    ; warning
    @(2428.24 mm, 924.56 mm): Symbol Y301 [Crystal_GND24]
[lib_symbol_issues]: The current configuration does not include the symbol library 'power'
    ; warning
    @(2175.51 mm, 1421.13 mm): Symbol #PWR382 [GND]
[lib_symbol_issues]: The current configuration does not include the symbol library 'power'
    ; warning
    @(2428.24 mm, 932.18 mm): Symbol #PWR316 [GND]
[lib_symbol_issues]: The current configuration does not include the symbol library 'Device'
    ; warning
    @(2226.31 mm, 1347.47 mm): Symbol C50 [C]
[lib_symbol_issues]: The current configuration does not include the symbol library 'power'
    ; warning
    @(2226.31 mm, 1353.82 mm): Symbol #PWR377 [GND]
[lib_symbol_issues]: The current configuration does not include the symbol library 'Device'
    ; warning
    @(2294.89 mm, 1236.98 mm): Symbol R33 [R]
[lib_symbol_issues]: The current configuration does not include the symbol library 'Device'
    ; warning
    @(2032.00 mm, 1640.84 mm): Symbol C448 [C]
[endpoint_off_grid]: Symbol pin or wire end off connection grid
    ; warning
    @(2300.61 mm, 1236.98 mm): Horizontal Wire, length 1.91 mm
[unconnected_wire_endpoint]: Unconnected wire endpoint
    ; warning
    @(2314.58 mm, 1239.52 mm): Horizontal Wire, length 13.97 mm
[endpoint_off_grid]: Symbol pin or wire end off connection grid
    ; warning
    @(2298.07 mm, 1244.60 mm): Vertical Wire, length 60.96 mm
[unconnected_wire_endpoint]: Unconnected wire endpoint
    ; warning
    @(2241.55 mm, 1341.12 mm): Horizontal Wire, length 2.54 mm
[lib_symbol_issues]: The current configuration does not include the symbol library 'Device'
    ; warning
    @(2241.55 mm, 1347.47 mm): Symbol C51 [C]
[lib_symbol_issues]: The current configuration does not include the symbol library 'power'
    ; warning
    @(2032.00 mm, 1647.19 mm): Symbol #PWR473 [GND]
[lib_symbol_issues]: The current configuration does not include the symbol library 'power'
    ; warning
    @(2241.55 mm, 1353.82 mm): Symbol #PWR378 [GND]
[lib_symbol_issues]: The current configuration does not include the symbol library 'Device'
    ; warning
    @(2376.17 mm, 1103.63 mm): Symbol LED37 [LED]
[endpoint_off_grid]: Symbol pin or wire end off connection grid
    ; warning
    @(2314.58 mm, 1236.98 mm): Horizontal Wire, length 13.97 mm
[endpoint_off_grid]: Symbol pin or wire end off connection grid
    ; warning
    @(2315.85 mm, 1236.98 mm): Horizontal Wire, length 1.27 mm
[endpoint_off_grid]: Symbol pin or wire end off connection grid
    ; warning
    @(2315.85 mm, 1236.98 mm): Symbol U14 Pin 2 [ZBB_LED_R, Passive, Line]
[endpoint_off_grid]: Symbol pin or wire end off connection grid
    ; warning
    @(2314.58 mm, 1239.52 mm): Horizontal Wire, length 13.97 mm
[endpoint_off_grid]: Symbol pin or wire end off connection grid
    ; warning
    @(2315.85 mm, 1239.52 mm): Horizontal Wire, length 1.27 mm
[endpoint_off_grid]: Symbol pin or wire end off connection grid
    ; warning
    @(2313.31 mm, 1244.60 mm): Horizontal Wire, length 15.24 mm
[endpoint_off_grid]: Symbol pin or wire end off connection grid
    ; warning
    @(2315.85 mm, 1242.06 mm): Horizontal Wire, length 2.54 mm
[endpoint_off_grid]: Symbol pin or wire end off connection grid
    ; warning
    @(2315.85 mm, 1244.60 mm): Horizontal Wire, length 2.54 mm
[lib_symbol_issues]: The current configuration does not include the symbol library 'Power_Protection'
    ; warning
    @(2217.42 mm, 1413.51 mm): Symbol U33 [USBLC6-2SC6]
[lib_symbol_issues]: The current configuration does not include the symbol library 'Device'
    ; warning
    @(2010.41 mm, 1699.26 mm): Symbol R88 [R]
[lib_symbol_issues]: The current configuration does not include the symbol library 'Device'
    ; warning
    @(1998.98 mm, 1713.23 mm): Symbol LED42 [LED]
[lib_symbol_issues]: The current configuration does not include the symbol library 'power'
    ; warning
    @(2217.42 mm, 1423.67 mm): Symbol #PWR383 [GND]
[lib_symbol_issues]: The current configuration does not include the symbol library 'power'
    ; warning
    @(2010.41 mm, 1705.61 mm): Symbol #PWR474 [GND]
[lib_symbol_issues]: The current configuration does not include the symbol library 'meshsat_ic'
    ; warning
    @(2147.57 mm, 1535.43 mm): Symbol U62 [U62]
[lib_symbol_issues]: The current configuration does not include the symbol library 'Device'
    ; warning
    @(2293.62 mm, 1310.64 mm): Symbol R35 [R]
[endpoint_off_grid]: Symbol pin or wire end off connection grid
    ; warning
    @(2298.07 mm, 1305.56 mm): Horizontal Wire, length 184.79 mm
[lib_symbol_issues]: The current configuration does not include the symbol library 'Power_Management'
    ; warning
    @(2283.46 mm, 1333.50 mm): Symbol U22 [TPS22810DRV]
[lib_symbol_issues]: The current configuration does not include the symbol library 'power'
    ; warning
    @(2147.57 mm, 1545.59 mm): Symbol #PWR476 [GND]
[lib_symbol_issues]: The current configuration does not include the symbol library 'Device'
    ; warning
    @(2108.20 mm, 1601.47 mm): Symbol R481 [R]
[lib_symbol_issues]: The current configuration does not include the symbol library 'power'
    ; warning
    @(2283.46 mm, 1343.66 mm): Symbol #PWR380 [GND]
[lib_symbol_issues]: The current configuration does not include the symbol library 'Connector_Generic'
    ; warning
    @(2430.78 mm, 1056.64 mm): Symbol J_FAN3 [Conn_01x04]
[lib_symbol_issues]: The current configuration does not include the symbol library 'power'
    ; warning
    @(2108.20 mm, 1607.82 mm): Symbol #PWR480 [GND]
[lib_symbol_issues]: The current configuration does not include the symbol library 'meshsat_ic'
    ; warning
    @(2336.80 mm, 1266.19 mm): Symbol U14 [U14]
[lib_symbol_issues]: The current configuration does not include the symbol library 'Device'
    ; warning
    @(2118.36 mm, 1606.55 mm): Symbol R480 [R]
[endpoint_off_grid]: Symbol pin or wire end off connection grid
    ; warning
    @(2252.35 mm, 1413.51 mm): Horizontal Wire, length 1.91 mm
[endpoint_off_grid]: Symbol pin or wire end off connection grid
    ; warning
    @(2130.43 mm, 1592.58 mm): Horizontal Wire, length 12.07 mm
[endpoint_off_grid]: Symbol pin or wire end off connection grid
    ; warning
    @(2130.43 mm, 1595.12 mm): Horizontal Wire, length 22.23 mm
[unconnected_wire_endpoint]: Unconnected wire endpoint
    ; warning
    @(2263.78 mm, 1418.59 mm): Horizontal Wire, length 11.43 mm
[lib_symbol_issues]: The current configuration does not include the symbol library 'Device'
    ; warning
    @(2250.44 mm, 1422.40 mm): Symbol C56 [C]
[lib_symbol_issues]: The current configuration does not include the symbol library 'power'
    ; warning
    @(2118.36 mm, 1612.90 mm): Symbol #PWR479 [GND]
[endpoint_off_grid]: Symbol pin or wire end off connection grid
    ; warning
    @(2357.75 mm, 1236.98 mm): Horizontal Wire, length 1.27 mm
[endpoint_off_grid]: Symbol pin or wire end off connection grid
    ; warning
    @(2359.02 mm, 1236.98 mm): Horizontal Wire, length 10.16 mm
[endpoint_off_grid]: Symbol pin or wire end off connection grid
    ; warning
    @(2357.75 mm, 1239.52 mm): Horizontal Wire, length 2.54 mm
[endpoint_off_grid]: Symbol pin or wire end off connection grid
    ; warning
    @(2357.75 mm, 1242.06 mm): Horizontal Wire, length 2.54 mm
[lib_symbol_issues]: The current configuration does not include the symbol library 'power'
    ; warning
    @(2250.44 mm, 1428.75 mm): Symbol #PWR384 [GND]
[endpoint_off_grid]: Symbol pin or wire end off connection grid
    ; warning
    @(2360.29 mm, 1239.52 mm): Horizontal Wire, length 15.24 mm
[unconnected_wire_endpoint]: Unconnected wire endpoint
    ; warning
    @(2139.32 mm, 1602.74 mm): Horizontal Wire, length 8.89 mm
[endpoint_off_grid]: Symbol pin or wire end off connection grid
    ; warning
    @(2357.75 mm, 1244.60 mm): Horizontal Wire, length 1.27 mm
[endpoint_off_grid]: Symbol pin or wire end off connection grid
    ; warning
    @(2139.32 mm, 1592.58 mm): Horizontal Wire, length 8.89 mm
[endpoint_off_grid]: Symbol pin or wire end off connection grid
    ; warning
    @(2359.02 mm, 1244.60 mm): Horizontal Wire, length 13.97 mm
[endpoint_off_grid]: Symbol pin or wire end off connection grid
    ; warning
    @(2140.59 mm, 1592.58 mm): Symbol U70 Pin 1 [SEL1_A, Passive, Line]
[endpoint_off_grid]: Symbol pin or wire end off connection grid
    ; warning
    @(2140.59 mm, 1592.58 mm): Horizontal Wire, length 1.27 mm
[endpoint_off_grid]: Symbol pin or wire end off connection grid
    ; warning
    @(2139.32 mm, 1595.12 mm): Horizontal Wire, length 8.89 mm
[lib_symbol_issues]: The current configuration does not include the symbol library 'Device'
    ; warning
    @(2306.32 mm, 1342.39 mm): Symbol C52 [C]
[endpoint_off_grid]: Symbol pin or wire end off connection grid
    ; warning
    @(2263.78 mm, 1413.51 mm): Horizontal Wire, length 11.43 mm
[endpoint_off_grid]: Symbol pin or wire end off connection grid
    ; warning
    @(2140.59 mm, 1595.12 mm): Horizontal Wire, length 1.27 mm
[endpoint_off_grid]: Symbol pin or wire end off connection grid
    ; warning
    @(2265.05 mm, 1413.51 mm): Symbol U23 Pin 2 [U23_DVDT, Passive, Line]
[endpoint_off_grid]: Symbol pin or wire end off connection grid
    ; warning
    @(2265.05 mm, 1413.51 mm): Horizontal Wire, length 1.27 mm
[endpoint_off_grid]: Symbol pin or wire end off connection grid
    ; warning
    @(2140.59 mm, 1597.66 mm): Horizontal Wire, length 2.54 mm
[endpoint_off_grid]: Symbol pin or wire end off connection grid
    ; warning
    @(2265.05 mm, 1416.05 mm): Horizontal Wire, length 2.54 mm
[endpoint_off_grid]: Symbol pin or wire end off connection grid
    ; warning
    @(2263.78 mm, 1418.59 mm): Horizontal Wire, length 11.43 mm
[lib_symbol_issues]: The current configuration does not include the symbol library 'power'
    ; warning
    @(2306.32 mm, 1348.74 mm): Symbol #PWR379 [GND]
[endpoint_off_grid]: Symbol pin or wire end off connection grid
    ; warning
    @(2140.59 mm, 1600.20 mm): Horizontal Wire, length 2.54 mm
[endpoint_off_grid]: Symbol pin or wire end off connection grid
    ; warning
    @(2265.05 mm, 1418.59 mm): Horizontal Wire, length 1.27 mm
[endpoint_off_grid]: Symbol pin or wire end off connection grid
    ; warning
    @(2369.18 mm, 1236.98 mm): Horizontal Wire, length 32.39 mm
[endpoint_off_grid]: Symbol pin or wire end off connection grid
    ; warning
    @(2139.32 mm, 1602.74 mm): Horizontal Wire, length 8.89 mm
[endpoint_off_grid]: Symbol pin or wire end off connection grid
    ; warning
    @(2140.59 mm, 1602.74 mm): Horizontal Wire, length 1.27 mm
[lib_symbol_issues]: The current configuration does not include the symbol library 'Device'
    ; warning
    @(2053.59 mm, 1713.23 mm): Symbol R89 [R]
[endpoint_off_grid]: Symbol pin or wire end off connection grid
    ; warning
    @(2140.59 mm, 1605.28 mm): Horizontal Wire, length 2.54 mm
[lib_symbol_issues]: The current configuration does not include the symbol library 'power'
    ; warning
    @(2336.80 mm, 1305.56 mm): Symbol #PWR376 [GND]
[lib_symbol_issues]: The current configuration does not include the symbol library 'Device'
    ; warning
    @(2124.71 mm, 1628.14 mm): Symbol R482 [R]
[endpoint_off_grid]: Symbol pin or wire end off connection grid
    ; warning
    @(2375.53 mm, 1239.52 mm): Vertical Wire, length 10.16 mm
[endpoint_off_grid]: Symbol pin or wire end off connection grid
    ; warning
    @(2372.99 mm, 1244.60 mm): Horizontal Wire, length 42.55 mm
[endpoint_off_grid]: Symbol pin or wire end off connection grid
    ; warning
    @(2375.53 mm, 1249.68 mm): Horizontal Wire, length 57.79 mm
[lib_symbol_issues]: The current configuration does not include the symbol library 'meshsat_ic'
    ; warning
    @(2159.00 mm, 1600.20 mm): Symbol U70 [U70]
[lib_symbol_issues]: The current configuration does not include the symbol library 'meshsat_ic'
    ; warning
    @(2284.73 mm, 1417.32 mm): Symbol U23 [U23]
[lib_symbol_issues]: The current configuration does not include the symbol library 'Device'
    ; warning
    @(2269.49 mm, 1443.99 mm): Symbol R37 [R]
[lib_symbol_issues]: The current configuration does not include the symbol library 'Device'
    ; warning
    @(2349.50 mm, 1310.64 mm): Symbol LED9 [LED]
[lib_symbol_issues]: The current configuration does not include the symbol library 'Device'
    ; warning
    @(2108.20 mm, 1675.13 mm): Symbol R485 [R]
[endpoint_off_grid]: Symbol pin or wire end off connection grid
    ; warning
    @(2120.27 mm, 1663.70 mm): Horizontal Wire, length 12.07 mm
[lib_symbol_issues]: The current configuration does not include the symbol library 'power'
    ; warning
    @(2284.73 mm, 1431.29 mm): Symbol #PWR387 [GND]
[endpoint_off_grid]: Symbol pin or wire end off connection grid
    ; warning
    @(2218.06 mm, 1532.89 mm): Horizontal Wire, length 2.54 mm
[endpoint_off_grid]: Symbol pin or wire end off connection grid
    ; warning
    @(2218.06 mm, 1532.89 mm): Symbol U63 Pin 1 [IOCC_CAN1_TX, Passive, Line]
[lib_symbol_issues]: The current configuration does not include the symbol library 'power'
    ; warning
    @(2159.00 mm, 1615.44 mm): Symbol #PWR482 [GND]
[lib_symbol_issues]: The current configuration does not include the symbol library 'power'
    ; warning
    @(2108.20 mm, 1681.48 mm): Symbol #PWR494 [GND]
[endpoint_off_grid]: Symbol pin or wire end off connection grid
    ; warning
    @(2218.06 mm, 1535.43 mm): Horizontal Wire, length 2.54 mm
[endpoint_off_grid]: Symbol pin or wire end off connection grid
    ; warning
    @(2177.41 mm, 1592.58 mm): Horizontal Wire, length 2.54 mm
[lib_symbol_issues]: The current configuration does not include the symbol library 'Device'
    ; warning
    @(2401.57 mm, 1230.63 mm): Symbol R31 [R]
[endpoint_off_grid]: Symbol pin or wire end off connection grid
    ; warning
    @(2177.41 mm, 1595.12 mm): Horizontal Wire, length 2.54 mm
[endpoint_off_grid]: Symbol pin or wire end off connection grid
    ; warning
    @(2177.41 mm, 1597.66 mm): Horizontal Wire, length 2.54 mm
[endpoint_off_grid]: Symbol pin or wire end off connection grid
    ; warning
    @(2130.43 mm, 1661.16 mm): Horizontal Wire, length 2.54 mm
[endpoint_off_grid]: Symbol pin or wire end off connection grid
    ; warning
    @(2130.43 mm, 1661.16 mm): Symbol U71 Pin 1 [SEL2_B, Passive, Line]
[endpoint_off_grid]: Symbol pin or wire end off connection grid
    ; warning
    @(2129.16 mm, 1663.70 mm): Horizontal Wire, length 8.89 mm
[endpoint_off_grid]: Symbol pin or wire end off connection grid
    ; warning
    @(2177.41 mm, 1600.20 mm): Horizontal Wire, length 2.54 mm
[endpoint_off_grid]: Symbol pin or wire end off connection grid
    ; warning
    @(2130.43 mm, 1663.70 mm): Horizontal Wire, length 1.27 mm
[endpoint_off_grid]: Symbol pin or wire end off connection grid
    ; warning
    @(2304.41 mm, 1413.51 mm): Horizontal Wire, length 1.27 mm
[endpoint_off_grid]: Symbol pin or wire end off connection grid
    ; warning
    @(2177.41 mm, 1602.74 mm): Horizontal Wire, length 1.27 mm
[endpoint_off_grid]: Symbol pin or wire end off connection grid
    ; warning
    @(2305.68 mm, 1413.51 mm): Horizontal Wire, length 10.16 mm
[endpoint_off_grid]: Symbol pin or wire end off connection grid
    ; warning
    @(2130.43 mm, 1666.24 mm): Horizontal Wire, length 2.54 mm
[endpoint_off_grid]: Symbol pin or wire end off connection grid
    ; warning
    @(2178.68 mm, 1602.74 mm): Horizontal Wire, length 8.89 mm
[endpoint_off_grid]: Symbol pin or wire end off connection grid
    ; warning
    @(2304.41 mm, 1416.05 mm): Horizontal Wire, length 1.27 mm
[endpoint_off_grid]: Symbol pin or wire end off connection grid
    ; warning
    @(2177.41 mm, 1605.28 mm): Horizontal Wire, length 1.27 mm
[endpoint_off_grid]: Symbol pin or wire end off connection grid
    ; warning
    @(2305.68 mm, 1416.05 mm): Horizontal Wire, length 11.43 mm
[endpoint_off_grid]: Symbol pin or wire end off connection grid
    ; warning
    @(2130.43 mm, 1668.78 mm): Horizontal Wire, length 2.54 mm
[endpoint_off_grid]: Symbol pin or wire end off connection grid
    ; warning
    @(2178.68 mm, 1605.28 mm): Horizontal Wire, length 8.89 mm
[endpoint_off_grid]: Symbol pin or wire end off connection grid
    ; warning
    @(2130.43 mm, 1671.32 mm): Horizontal Wire, length 2.54 mm
[lib_symbol_issues]: The current configuration does not include the symbol library 'Device'
    ; warning
    @(2164.08 mm, 1628.14 mm): Symbol R483 [R]
[endpoint_off_grid]: Symbol pin or wire end off connection grid
    ; warning
    @(2130.43 mm, 1673.86 mm): Horizontal Wire, length 2.54 mm
[endpoint_off_grid]: Symbol pin or wire end off connection grid
    ; warning
    @(2187.57 mm, 1602.74 mm): Horizontal Wire, length 1.91 mm
[endpoint_off_grid]: Symbol pin or wire end off connection grid
    ; warning
    @(2315.84 mm, 1413.51 mm): Horizontal Wire, length 12.07 mm
[unconnected_wire_endpoint]: Unconnected wire endpoint
    ; warning
    @(2178.68 mm, 1605.28 mm): Horizontal Wire, length 8.89 mm
[lib_symbol_issues]: The current configuration does not include the symbol library 'Device'
    ; warning
    @(2415.54 mm, 1238.25 mm): Symbol R29 [R]
[endpoint_off_grid]: Symbol pin or wire end off connection grid
    ; warning
    @(2317.11 mm, 1416.05 mm): Horizontal Wire, length 1.91 mm
[lib_symbol_issues]: The current configuration does not include the symbol library 'meshsat_ic'
    ; warning
    @(2239.01 mm, 1536.70 mm): Symbol U63 [U63]
[lib_symbol_issues]: The current configuration does not include the symbol library 'Device'
    ; warning
    @(2189.48 mm, 1609.09 mm): Symbol R484 [R]
[lib_symbol_issues]: The current configuration does not include the symbol library 'Device'
    ; warning
    @(2124.71 mm, 1696.72 mm): Symbol R486 [R]
[lib_symbol_issues]: The current configuration does not include the symbol library 'meshsat_ic'
    ; warning
    @(2148.84 mm, 1668.78 mm): Symbol U71 [U71]
[lib_symbol_issues]: The current configuration does not include the symbol library 'power'
    ; warning
    @(2189.48 mm, 1615.44 mm): Symbol #PWR481 [GND]
[lib_symbol_issues]: The current configuration does not include the symbol library 'Device'
    ; warning
    @(2319.02 mm, 1424.94 mm): Symbol R39 [R]
[lib_symbol_issues]: The current configuration does not include the symbol library 'power'
    ; warning
    @(2239.01 mm, 1550.67 mm): Symbol #PWR477 [GND]
[lib_symbol_issues]: The current configuration does not include the symbol library 'power'
    ; warning
    @(2319.02 mm, 1431.29 mm): Symbol #PWR386 [GND]
[lib_symbol_issues]: The current configuration does not include the symbol library 'Device'
    ; warning
    @(2327.91 mm, 1419.86 mm): Symbol R36 [R]
[lib_symbol_issues]: The current configuration does not include the symbol library 'power'
    ; warning
    @(2327.91 mm, 1426.21 mm): Symbol #PWR385 [GND]
[lib_symbol_issues]: The current configuration does not include the symbol library 'power'
    ; warning
    @(2148.84 mm, 1684.02 mm): Symbol #PWR496 [GND]
[endpoint_off_grid]: Symbol pin or wire end off connection grid
    ; warning
    @(2167.25 mm, 1661.16 mm): Horizontal Wire, length 2.54 mm
[lib_symbol_issues]: The current configuration does not include the symbol library 'Device'
    ; warning
    @(2317.75 mm, 1443.99 mm): Symbol R38 [R]
[endpoint_off_grid]: Symbol pin or wire end off connection grid
    ; warning
    @(2259.96 mm, 1532.89 mm): Horizontal Wire, length 2.54 mm
[endpoint_off_grid]: Symbol pin or wire end off connection grid
    ; warning
    @(2167.25 mm, 1663.70 mm): Horizontal Wire, length 1.27 mm
[endpoint_off_grid]: Symbol pin or wire end off connection grid
    ; warning
    @(2259.96 mm, 1535.43 mm): Horizontal Wire, length 2.54 mm
[endpoint_off_grid]: Symbol pin or wire end off connection grid
    ; warning
    @(2168.52 mm, 1663.70 mm): Horizontal Wire, length 8.89 mm
[endpoint_off_grid]: Symbol pin or wire end off connection grid
    ; warning
    @(2167.25 mm, 1666.24 mm): Horizontal Wire, length 1.27 mm
[endpoint_off_grid]: Symbol pin or wire end off connection grid
    ; warning
    @(2168.52 mm, 1666.24 mm): Horizontal Wire, length 8.89 mm
[endpoint_off_grid]: Symbol pin or wire end off connection grid
    ; warning
    @(2167.25 mm, 1668.78 mm): Horizontal Wire, length 2.54 mm
[endpoint_off_grid]: Symbol pin or wire end off connection grid
    ; warning
    @(2167.25 mm, 1671.32 mm): Horizontal Wire, length 1.27 mm
[endpoint_off_grid]: Symbol pin or wire end off connection grid
    ; warning
    @(2168.52 mm, 1671.32 mm): Horizontal Wire, length 8.89 mm
[endpoint_off_grid]: Symbol pin or wire end off connection grid
    ; warning
    @(2167.25 mm, 1673.86 mm): Horizontal Wire, length 2.54 mm
[endpoint_off_grid]: Symbol pin or wire end off connection grid
    ; warning
    @(2177.41 mm, 1663.70 mm): Horizontal Wire, length 12.07 mm
[unconnected_wire_endpoint]: Unconnected wire endpoint
    ; warning
    @(2168.52 mm, 1666.24 mm): Horizontal Wire, length 8.89 mm
[lib_symbol_issues]: The current configuration does not include the symbol library 'Connector_Generic'
    ; warning
    @(2456.18 mm, 1224.28 mm): Symbol J_ZBDBG2 [Conn_01x05]
[unconnected_wire_endpoint]: Unconnected wire endpoint
    ; warning
    @(2168.52 mm, 1671.32 mm): Horizontal Wire, length 8.89 mm
[lib_symbol_issues]: The current configuration does not include the symbol library 'Device'
    ; warning
    @(2231.39 mm, 1598.93 mm): Symbol C470 [C]
[lib_symbol_issues]: The current configuration does not include the symbol library 'power'
    ; warning
    @(2231.39 mm, 1605.28 mm): Symbol #PWR483 [GND]
[lib_symbol_issues]: The current configuration does not include the symbol library 'Device'
    ; warning
    @(2164.08 mm, 1696.72 mm): Symbol R488 [R]
[lib_symbol_issues]: The current configuration does not include the symbol library 'Device'
    ; warning
    @(2189.48 mm, 1670.05 mm): Symbol R487 [R]
[lib_symbol_issues]: The current configuration does not include the symbol library 'Device'
    ; warning
    @(2246.63 mm, 1598.93 mm): Symbol C471 [C]
[lib_symbol_issues]: The current configuration does not include the symbol library 'power'
    ; warning
    @(2189.48 mm, 1676.40 mm): Symbol #PWR495 [GND]
[lib_symbol_issues]: The current configuration does not include the symbol library 'Device'
    ; warning
    @(2367.28 mm, 1419.86 mm): Symbol C57 [C]
[lib_symbol_issues]: The current configuration does not include the symbol library 'power'
    ; warning
    @(2246.63 mm, 1605.28 mm): Symbol #PWR484 [GND]
[lib_symbol_issues]: The current configuration does not include the symbol library 'power'
    ; warning
    @(2367.28 mm, 1426.21 mm): Symbol #PWR388 [GND]
[lib_symbol_issues]: The current configuration does not include the symbol library 'Device'
    ; warning
    @(2261.87 mm, 1598.93 mm): Symbol C472 [C]
[unconnected_wire_endpoint]: Unconnected wire endpoint
    ; warning
    @(2382.52 mm, 1413.51 mm): Horizontal Wire, length 2.54 mm
[lib_symbol_issues]: The current configuration does not include the symbol library 'Device'
    ; warning
    @(2382.52 mm, 1419.86 mm): Symbol C62 [C]
[lib_symbol_issues]: The current configuration does not include the symbol library 'power'
    ; warning
    @(2261.87 mm, 1605.28 mm): Symbol #PWR485 [GND]
[lib_symbol_issues]: The current configuration does not include the symbol library 'power'
    ; warning
    @(2382.52 mm, 1426.21 mm): Symbol #PWR389 [GND]
[lib_symbol_issues]: The current configuration does not include the symbol library 'Device'
    ; warning
    @(2277.11 mm, 1598.93 mm): Symbol C473 [C]
[lib_symbol_issues]: The current configuration does not include the symbol library 'Device'
    ; warning
    @(2223.77 mm, 1675.13 mm): Symbol R489 [R]
[lib_symbol_issues]: The current configuration does not include the symbol library 'power'
    ; warning
    @(2277.11 mm, 1605.28 mm): Symbol #PWR486 [GND]
[lib_symbol_issues]: The current configuration does not include the symbol library 'power'
    ; warning
    @(2223.77 mm, 1681.48 mm): Symbol #PWR497 [GND]
[endpoint_off_grid]: Symbol pin or wire end off connection grid
    ; warning
    @(2332.36 mm, 1532.89 mm): Symbol U64 Pin 1 [IOCC_CAN2_TX, Passive, Line]
[endpoint_off_grid]: Symbol pin or wire end off connection grid
    ; warning
    @(2332.36 mm, 1532.89 mm): Horizontal Wire, length 2.54 mm
[unconnected_wire_endpoint]: Unconnected wire endpoint
    ; warning
    @(2250.44 mm, 1671.32 mm): Horizontal Wire, length 13.97 mm
[endpoint_off_grid]: Symbol pin or wire end off connection grid
    ; warning
    @(2332.36 mm, 1535.43 mm): Horizontal Wire, length 2.54 mm
[lib_symbol_issues]: The current configuration does not include the symbol library 'Device'
    ; warning
    @(2292.35 mm, 1598.93 mm): Symbol C474 [C]
[lib_symbol_issues]: The current configuration does not include the symbol library 'power'
    ; warning
    @(2292.35 mm, 1605.28 mm): Symbol #PWR487 [GND]
[lib_symbol_issues]: The current configuration does not include the symbol library 'Device'
    ; warning
    @(2307.59 mm, 1598.93 mm): Symbol C475 [C]
[lib_symbol_issues]: The current configuration does not include the symbol library 'meshsat_ic'
    ; warning
    @(2353.31 mm, 1536.70 mm): Symbol U64 [U64]
[lib_symbol_issues]: The current configuration does not include the symbol library 'power'
    ; warning
    @(2307.59 mm, 1605.28 mm): Symbol #PWR488 [GND]
[lib_symbol_issues]: The current configuration does not include the symbol library 'Device'
    ; warning
    @(2245.36 mm, 1696.72 mm): Symbol R490 [R]
[lib_symbol_issues]: The current configuration does not include the symbol library 'power'
    ; warning
    @(2353.31 mm, 1550.67 mm): Symbol #PWR478 [GND]
[lib_symbol_issues]: The current configuration does not include the symbol library 'Device'
    ; warning
    @(2322.83 mm, 1598.93 mm): Symbol C476 [C]
[lib_symbol_issues]: The current configuration does not include the symbol library 'meshsat_ic'
    ; warning
    @(2274.57 mm, 1668.78 mm): Symbol U72 [U72]
[lib_symbol_issues]: The current configuration does not include the symbol library 'power'
    ; warning
    @(2322.83 mm, 1605.28 mm): Symbol #PWR489 [GND]
[endpoint_off_grid]: Symbol pin or wire end off connection grid
    ; warning
    @(2374.26 mm, 1532.89 mm): Horizontal Wire, length 2.54 mm
[endpoint_off_grid]: Symbol pin or wire end off connection grid
    ; warning
    @(2374.26 mm, 1535.43 mm): Horizontal Wire, length 2.54 mm
[lib_symbol_issues]: The current configuration does not include the symbol library 'power'
    ; warning
    @(2274.57 mm, 1684.02 mm): Symbol #PWR499 [GND]
[lib_symbol_issues]: The current configuration does not include the symbol library 'Device'
    ; warning
    @(2338.07 mm, 1598.93 mm): Symbol C477 [C]
[lib_symbol_issues]: The current configuration does not include the symbol library 'power'
    ; warning
    @(2338.07 mm, 1605.28 mm): Symbol #PWR490 [GND]
[lib_symbol_issues]: The current configuration does not include the symbol library 'Device'
    ; warning
    @(2353.31 mm, 1598.93 mm): Symbol C478 [C]
[lib_symbol_issues]: The current configuration does not include the symbol library 'power'
    ; warning
    @(2353.31 mm, 1605.28 mm): Symbol #PWR491 [GND]
[lib_symbol_issues]: The current configuration does not include the symbol library 'Device'
    ; warning
    @(2368.55 mm, 1598.93 mm): Symbol C479 [C]
[lib_symbol_issues]: The current configuration does not include the symbol library 'power'
    ; warning
    @(2368.55 mm, 1605.28 mm): Symbol #PWR492 [GND]
[lib_symbol_issues]: The current configuration does not include the symbol library 'Device'
    ; warning
    @(2325.37 mm, 1670.05 mm): Symbol R491 [R]
[lib_symbol_issues]: The current configuration does not include the symbol library 'power'
    ; warning
    @(2325.37 mm, 1676.40 mm): Symbol #PWR498 [GND]
[unconnected_wire_endpoint]: Unconnected wire endpoint
    ; warning
    @(2383.79 mm, 1592.58 mm): Horizontal Wire, length 2.54 mm
[lib_symbol_issues]: The current configuration does not include the symbol library 'Device'
    ; warning
    @(2383.79 mm, 1598.93 mm): Symbol C480 [C]
[lib_symbol_issues]: The current configuration does not include the symbol library 'power'
    ; warning
    @(2383.79 mm, 1605.28 mm): Symbol #PWR493 [GND]
[lib_symbol_issues]: The current configuration does not include the symbol library 'Device'
    ; warning
    @(2354.58 mm, 1670.05 mm): Symbol R493 [R]
[lib_symbol_issues]: The current configuration does not include the symbol library 'power'
    ; warning
    @(2354.58 mm, 1676.40 mm): Symbol #PWR501 [GND]
[lib_symbol_issues]: The current configuration does not include the symbol library 'Device'
    ; warning
    @(2364.74 mm, 1675.13 mm): Symbol R492 [R]
[lib_symbol_issues]: The current configuration does not include the symbol library 'power'
    ; warning
    @(2364.74 mm, 1681.48 mm): Symbol #PWR500 [GND]
[unconnected_wire_endpoint]: Unconnected wire endpoint
    ; warning
    @(2391.41 mm, 1671.32 mm): Horizontal Wire, length 13.97 mm
[lib_symbol_issues]: The current configuration does not include the symbol library 'Device'
    ; warning
    @(2376.17 mm, 1696.72 mm): Symbol R494 [R]
[lib_symbol_issues]: The current configuration does not include the symbol library 'meshsat_ic'
    ; warning
    @(2415.54 mm, 1668.78 mm): Symbol U73 [U73]
[lib_symbol_issues]: The current configuration does not include the symbol library 'power'
    ; warning
    @(2415.54 mm, 1684.02 mm): Symbol #PWR503 [GND]
[lib_symbol_issues]: The current configuration does not include the symbol library 'Device'
    ; warning
    @(2419.35 mm, 1696.72 mm): Symbol R495 [R]
[unconnected_wire_endpoint]: Unconnected wire endpoint
    ; warning
    @(2439.67 mm, 1673.86 mm): Horizontal Wire, length 13.97 mm
[lib_symbol_issues]: The current configuration does not include the symbol library 'Device'
    ; warning
    @(2456.18 mm, 1677.67 mm): Symbol R496 [R]
[lib_symbol_issues]: The current configuration does not include the symbol library 'power'
    ; warning
    @(2456.18 mm, 1684.02 mm): Symbol #PWR502 [GND]

 ** ERC messages: 2398  Errors 5  Warnings 2393
